building_id,stem,archetype_id,building_type,age_band,geometry_outcome,idf_sha256,weather_sha256,construction_period_provenance,floor_area_m2,gross_footprint_area_m2,conditioned_floor_area_m2,eui_denominator_m2,context_building_count,fallback_reason
27410,02dd9c3e4f745e0b,IT.MidClim.AB.01.Gen.ReEx.001.001,AB,IT.01,FALLBACK_PENDING_LAYOUT_MISSING_DWELLING_COUNT,c929e904a478d92caaf4c942e9634ea60ed174a87a29be2e824498f789980c7b,ab631c6026e3f7cf5cfcff7c6a506eb84b6eeb62f1afa5703fc48ef0897e25fa,IMPUTED_CENSUS_SECTION_CONSTRUCTION_PERIOD,3754.5368,3754.5368,3754.5368,3754.5368,11,near_duplicate_vertex_tolerated_box
27550,cf1704af581bc378,IT.MidClim.AB.01.Gen.ReEx.001.001,AB,IT.01,DWELLING_LAYOUT_EMITTED_INTERZONE_MISMATCH_REROUTED,ee68caf9129aedd5039bc7e5f80c35f5bf06421d6be81d74559e24adf9b96fb2,ab631c6026e3f7cf5cfcff7c6a506eb84b6eeb62f1afa5703fc48ef0897e25fa,IMPUTED_CENSUS_SECTION_CONSTRUCTION_PERIOD,589.2873,589.2873,589.2873,589.2873,7,
27610,9061cd9d580a04e9,IT.MidClim.AB.01.Gen.ReEx.001.001,AB,IT.01,FALLBACK_PENDING_LAYOUT_MISSING_DWELLING_COUNT,c0753deef779d56954b2ce7be78f5124deaf3280bed7d2da0616d0b0754874aa,ab631c6026e3f7cf5cfcff7c6a506eb84b6eeb62f1afa5703fc48ef0897e25fa,IMPUTED_CENSUS_SECTION_CONSTRUCTION_PERIOD,34570.7193,34570.7193,34570.7193,34570.7193,22,near_duplicate_vertex_tolerated_box
27683,265de69480c62b06,IT.MidClim.AB.01.Gen.ReEx.001.001,AB,IT.01,FALLBACK_PENDING_LAYOUT_MISSING_DWELLING_COUNT,9870ce03c3c08fd028f0c2bea86e42ea9707b84ba99b136069eee72501be3e2f,ab631c6026e3f7cf5cfcff7c6a506eb84b6eeb62f1afa5703fc48ef0897e25fa,IMPUTED_CENSUS_SECTION_CONSTRUCTION_PERIOD,7442.7051,7442.7051,7442.7051,7442.7051,13,near_duplicate_vertex_tolerated_box
27746,0ccdeb0a111369d4,IT.MidClim.MFH.01.Gen.ReEx.001.001,MFH,IT.01,DWELLING_LAYOUT_EMITTED_IMPUTED_COUNT,ce879d58f36a030f7b6a921db3b96a05ebad825606f234b311bf348afe11935e,ab631c6026e3f7cf5cfcff7c6a506eb84b6eeb62f1afa5703fc48ef0897e25fa,IMPUTED_CENSUS_SECTION_CONSTRUCTION_PERIOD,136.8679,136.8679,128.6707,128.6707,6,
27816,0ea26e5ccd38c276,IT.MidClim.AB.01.Gen.ReEx.001.001,AB,IT.01,DWELLING_LAYOUT_EMITTED_INTERZONE_MISMATCH_REROUTED,cb59f113e7978469a34c809fe976633a7d38c546964ecb94f8665a5b90a0b630,ab631c6026e3f7cf5cfcff7c6a506eb84b6eeb62f1afa5703fc48ef0897e25fa,IMPUTED_CENSUS_SECTION_CONSTRUCTION_PERIOD,574.5273,574.5273,574.5273,574.5273,5,
27931,366fc6fda9a1a946,IT.MidClim.AB.05.Gen.ReEx.001.001,AB,IT.05,FALLBACK_PENDING_LAYOUT_MISSING_DWELLING_COUNT,e550ddce75265ff4b76dec7593c3c2390835bde1ee37ab3911b4b3b616e604b1,ab631c6026e3f7cf5cfcff7c6a506eb84b6eeb62f1afa5703fc48ef0897e25fa,IMPUTED_CENSUS_SECTION_CONSTRUCTION_PERIOD,30520.057,30520.057,30520.057,30520.057,16,near_duplicate_vertex_tolerated_box
27997,afea7d8c3963b646,IT.MidClim.AB.01.Gen.ReEx.001.001,AB,IT.01,FALLBACK_PENDING_LAYOUT_MISSING_DWELLING_COUNT,d77c9efac56e50a6df7d184f68126a285469cf4c33d5f98e4b2d08841fbd50d2,ab631c6026e3f7cf5cfcff7c6a506eb84b6eeb62f1afa5703fc48ef0897e25fa,IMPUTED_CENSUS_SECTION_CONSTRUCTION_PERIOD,5345.9009,5345.9009,5345.9009,5345.9009,8,
28000,ca8e3bac05e76fe6,IT.MidClim.AB.01.Gen.ReEx.001.001,AB,IT.01,FALLBACK_PENDING_LAYOUT_MISSING_DWELLING_COUNT,356f0068581be3920fd73b3db80a5c01726dd68601ee82d735b58be5a74afa84,ab631c6026e3f7cf5cfcff7c6a506eb84b6eeb62f1afa5703fc48ef0897e25fa,IMPUTED_CENSUS_SECTION_CONSTRUCTION_PERIOD,4458.1636,4458.1636,4458.1636,4458.1636,10,near_duplicate_vertex_tolerated_box
28004,f9ae5162e26a0441,IT.MidClim.AB.01.Gen.ReEx.001.001,AB,IT.01,FALLBACK_PENDING_LAYOUT_MISSING_DWELLING_COUNT,261c23c00c93721d797af3e7fcfd186c3765edda09c1cf3b3cc0070da087c282,ab631c6026e3f7cf5cfcff7c6a506eb84b6eeb62f1afa5703fc48ef0897e25fa,IMPUTED_CENSUS_SECTION_CONSTRUCTION_PERIOD,1144.1828,1144.1828,1144.1828,1144.1828,6,near_duplicate_vertex_tolerated_box
28014,2714865dbce3997d,IT.MidClim.AB.01.Gen.ReEx.001.001,AB,IT.01,FALLBACK_PENDING_LAYOUT_MISSING_DWELLING_COUNT,6a2d3e8239a81ad9672bd0ff0501cb70095dd9aea21b8dd308105e95be78d759,ab631c6026e3f7cf5cfcff7c6a506eb84b6eeb62f1afa5703fc48ef0897e25fa,IMPUTED_CENSUS_SECTION_CONSTRUCTION_PERIOD,2757.3574,2757.3574,2757.3574,2757.3574,10,near_duplicate_vertex_tolerated_box
28020,b826981c8c6c380f,IT.MidClim.MFH.01.Gen.ReEx.001.001,MFH,IT.01,DWELLING_LAYOUT_EMITTED_INTERZONE_MISMATCH_REROUTED,3c05c00b88b78d92f8708e6199384f952b9d6f32577afc7c03b8778c0d3e1b35,ab631c6026e3f7cf5cfcff7c6a506eb84b6eeb62f1afa5703fc48ef0897e25fa,IMPUTED_CENSUS_SECTION_CONSTRUCTION_PERIOD,141.6255,141.6255,141.6255,141.6255,3,
28025,31963baf82aead4a,IT.MidClim.AB.01.Gen.ReEx.001.001,AB,IT.01,FALLBACK_PENDING_LAYOUT_MISSING_DWELLING_COUNT,92758b572a35b37df6ed7539ecfbcfc63e75751654875c45429652ad8e814fc1,ab631c6026e3f7cf5cfcff7c6a506eb84b6eeb62f1afa5703fc48ef0897e25fa,IMPUTED_CENSUS_SECTION_CONSTRUCTION_PERIOD,1266.7512,1266.7512,1266.7512,1266.7512,8,
28026,cd956afaca51c54a,IT.MidClim.AB.01.Gen.ReEx.001.001,AB,IT.01,FALLBACK_PENDING_LAYOUT_MISSING_DWELLING_COUNT,4b06919ced687fbe1b9203751fcd8dd846e7aea563143ca19909aa819cc4f957,ab631c6026e3f7cf5cfcff7c6a506eb84b6eeb62f1afa5703fc48ef0897e25fa,IMPUTED_CENSUS_SECTION_CONSTRUCTION_PERIOD,1852.1513,1852.1513,1852.1513,1852.1513,9,
28033,28794125ea201eae,IT.MidClim.AB.01.Gen.ReEx.001.001,AB,IT.01,FALLBACK_PENDING_LAYOUT_MISSING_DWELLING_COUNT,1eccc715fc79091f7f6f907c315ec751bed98ace777867e1b48d11f0fe7a0b99,ab631c6026e3f7cf5cfcff7c6a506eb84b6eeb62f1afa5703fc48ef0897e25fa,IMPUTED_CENSUS_SECTION_CONSTRUCTION_PERIOD,2619.36,2619.36,2619.36,2619.36,9,
28036,65c34c78cf3ef1fc,IT.MidClim.AB.01.Gen.ReEx.001.001,AB,IT.01,FALLBACK_PENDING_LAYOUT_MISSING_DWELLING_COUNT,e06fcf76851df4809d5f23a2cb7e2589cb0d866663d0d74d6f6b5dec42deaa13,ab631c6026e3f7cf5cfcff7c6a506eb84b6eeb62f1afa5703fc48ef0897e25fa,IMPUTED_CENSUS_SECTION_CONSTRUCTION_PERIOD,1644.5371,1644.5371,1644.5371,1644.5371,7,
28050,dd90a841495a9c96,IT.MidClim.AB.01.Gen.ReEx.001.001,AB,IT.01,DWELLING_LAYOUT_EMITTED_INTERZONE_MISMATCH_REROUTED,22c31ae7f4ff3f8791762bf5a8e59081abf3e69f669c83608d25e28ce596d2a6,ab631c6026e3f7cf5cfcff7c6a506eb84b6eeb62f1afa5703fc48ef0897e25fa,IMPUTED_CENSUS_SECTION_CONSTRUCTION_PERIOD,2619.0192,2619.0192,2619.0192,2619.0192,6,
28061,cd7c6c62e02daa4c,IT.MidClim.AB.01.Gen.ReEx.001.001,AB,IT.01,DWELLING_LAYOUT_EMITTED_IMPUTED_COUNT,7b774863c46060ac73092ab4c2b8935b6f78459acab7c5cf6e03bc917df3e2a2,ab631c6026e3f7cf5cfcff7c6a506eb84b6eeb62f1afa5703fc48ef0897e25fa,IMPUTED_CENSUS_SECTION_CONSTRUCTION_PERIOD,6769.1795,6769.1795,6295.2864,6295.2864,9,
28074,7c374436983b6afe,IT.MidClim.AB.01.Gen.ReEx.001.001,AB,IT.01,FALLBACK_PENDING_LAYOUT_MISSING_DWELLING_COUNT,a04016a63de99199c44d2ac89c00633dfc860f72db0e7c860d2c67303069c461,ab631c6026e3f7cf5cfcff7c6a506eb84b6eeb62f1afa5703fc48ef0897e25fa,IMPUTED_CENSUS_SECTION_CONSTRUCTION_PERIOD,11946.3191,11946.3191,11946.3191,11946.3191,8,near_duplicate_vertex_tolerated_box
28081,7e6d5fbb0473553b,IT.MidClim.AB.01.Gen.ReEx.001.001,AB,IT.01,DWELLING_LAYOUT_EMITTED_IMPUTED_COUNT,c9287ab50f2755598758af1b21b077b448f16a1dee2b5351977e67fa9736ff57,ab631c6026e3f7cf5cfcff7c6a506eb84b6eeb62f1afa5703fc48ef0897e25fa,IMPUTED_CENSUS_SECTION_CONSTRUCTION_PERIOD,5997.7958,5997.7958,5578.0776,5578.0776,6,
28108,056c7ceff4b7571e,IT.MidClim.AB.01.Gen.ReEx.001.001,AB,IT.01,FALLBACK_PENDING_LAYOUT_MISSING_DWELLING_COUNT,d08ffe5c50df46219973fd30205da49cec438ea64f311fdd70b29006bd04dcf4,ab631c6026e3f7cf5cfcff7c6a506eb84b6eeb62f1afa5703fc48ef0897e25fa,IMPUTED_CENSUS_SECTION_CONSTRUCTION_PERIOD,5189.3475,5189.3475,5189.3475,5189.3475,10,near_duplicate_vertex_tolerated_box
28111,82d4d9bc6176163e,IT.MidClim.AB.05.Gen.ReEx.001.001,AB,IT.05,FALLBACK_PENDING_LAYOUT_MISSING_DWELLING_COUNT,b6261f690f715540b91247108f185fb88fe1316654fab7a55cb5cab62dfcead4,ab631c6026e3f7cf5cfcff7c6a506eb84b6eeb62f1afa5703fc48ef0897e25fa,IMPUTED_CENSUS_SECTION_CONSTRUCTION_PERIOD,8967.0201,8967.0201,8967.0201,8967.0201,4,near_duplicate_vertex_tolerated_box
28125,5ac9d008127499e1,IT.MidClim.AB.01.Gen.ReEx.001.001,AB,IT.01,DWELLING_LAYOUT_EMITTED_INTERZONE_MISMATCH_REROUTED,b5a1964d1374daab4d8f8419a50ed7d96fffbd10c75e4f4502a5782089d786a0,ab631c6026e3f7cf5cfcff7c6a506eb84b6eeb62f1afa5703fc48ef0897e25fa,IMPUTED_CENSUS_SECTION_CONSTRUCTION_PERIOD,6524.5554,6524.5554,6524.5554,6524.5554,6,
28134,5b4ec92aa2bab440,IT.MidClim.AB.01.Gen.ReEx.001.001,AB,IT.01,FALLBACK_PENDING_LAYOUT_MISSING_DWELLING_COUNT,2008737fa6da0ceeba1bea9b92cf1cb02a78aa750f7182e27c3f5997bc8748dc,ab631c6026e3f7cf5cfcff7c6a506eb84b6eeb62f1afa5703fc48ef0897e25fa,IMPUTED_CENSUS_SECTION_CONSTRUCTION_PERIOD,3899.3581,3899.3581,3899.3581,3899.3581,11,near_duplicate_vertex_tolerated_box
28153,a4b9fdfa1e235c42,IT.MidClim.AB.01.Gen.ReEx.001.001,AB,IT.01,DWELLING_LAYOUT_EMITTED_INTERZONE_MISMATCH_REROUTED,7801eee74257f2df098a09b74de9db4fd08d5fcfecf7b6a1bd55ba5951d70b3a,ab631c6026e3f7cf5cfcff7c6a506eb84b6eeb62f1afa5703fc48ef0897e25fa,IMPUTED_CENSUS_SECTION_CONSTRUCTION_PERIOD,1010.2387,1010.2387,1010.2387,1010.2387,6,
28175,fdddcc4c218673ee,IT.MidClim.AB.01.Gen.ReEx.001.001,AB,IT.01,FALLBACK_PENDING_LAYOUT_MISSING_DWELLING_COUNT,564444f0e181caef27caa2c58ffac3fb3a790e61daa4d0083596d5a792dd2330,ab631c6026e3f7cf5cfcff7c6a506eb84b6eeb62f1afa5703fc48ef0897e25fa,IMPUTED_CENSUS_SECTION_CONSTRUCTION_PERIOD,6580.925,6580.925,6580.925,6580.925,4,
28192,228ec2e652b0a3f2,IT.MidClim.AB.01.Gen.ReEx.001.001,AB,IT.01,FALLBACK_PENDING_LAYOUT_MISSING_DWELLING_COUNT,970eec7352c796a87be205fc626ecd972f6f4a6372caef12b015ff5102e492f8,ab631c6026e3f7cf5cfcff7c6a506eb84b6eeb62f1afa5703fc48ef0897e25fa,IMPUTED_CENSUS_SECTION_CONSTRUCTION_PERIOD,2638.0437,2638.0437,2638.0437,2638.0437,10,
28205,94bf279b3144874b,IT.MidClim.AB.01.Gen.ReEx.001.001,AB,IT.01,DWELLING_LAYOUT_EMITTED_INTERZONE_MISMATCH_REROUTED,cf659a0eee69c42c81d27135f54c0676959e7c5063319eb3b43d7da34de5b33c,ab631c6026e3f7cf5cfcff7c6a506eb84b6eeb62f1afa5703fc48ef0897e25fa,IMPUTED_CENSUS_SECTION_CONSTRUCTION_PERIOD,6131.3147,6131.3147,6131.3147,6131.3147,3,
28217,57e7693b6a7f4e6e,IT.MidClim.AB.05.Gen.ReEx.001.001,AB,IT.05,FALLBACK_PENDING_LAYOUT_MISSING_DWELLING_COUNT,136a108293058bc3e18b733bdf3608601cc8cc32daf56cf5faf6ee853539b55a,ab631c6026e3f7cf5cfcff7c6a506eb84b6eeb62f1afa5703fc48ef0897e25fa,IMPUTED_CENSUS_SECTION_CONSTRUCTION_PERIOD,9454.4863,9454.4863,9454.4863,9454.4863,7,near_duplicate_vertex_tolerated_box
28237,d9ee186596e63036,IT.MidClim.AB.01.Gen.ReEx.001.001,AB,IT.01,DWELLING_LAYOUT_EMITTED_INTERZONE_MISMATCH_REROUTED,97119225d3ac8e07693be0e0f2731e7eff4620a29209e06a49d4428d90339f14,ab631c6026e3f7cf5cfcff7c6a506eb84b6eeb62f1afa5703fc48ef0897e25fa,IMPUTED_CENSUS_SECTION_CONSTRUCTION_PERIOD,38995.8536,38995.8536,38995.8536,38995.8536,17,
28273,b94c95c5140dbe41,IT.MidClim.AB.01.Gen.ReEx.001.001,AB,IT.01,DWELLING_LAYOUT_EMITTED_INTERZONE_MISMATCH_REROUTED,c0c3c9d859bf897eb3959f408b86317cfe734e677acbcdf26b1dc268a4b526fe,ab631c6026e3f7cf5cfcff7c6a506eb84b6eeb62f1afa5703fc48ef0897e25fa,IMPUTED_CENSUS_SECTION_CONSTRUCTION_PERIOD,652.9443,652.9443,652.9443,652.9443,6,
28287,bf34a2b4cd955ba7,IT.MidClim.AB.01.Gen.ReEx.001.001,AB,IT.01,DWELLING_LAYOUT_EMITTED_INTERZONE_MISMATCH_REROUTED,806fe105911136918c70423df1f9a3190d89ab46cb6dde0901133884c5973af3,ab631c6026e3f7cf5cfcff7c6a506eb84b6eeb62f1afa5703fc48ef0897e25fa,IMPUTED_CENSUS_SECTION_CONSTRUCTION_PERIOD,16917.1015,16917.1015,16917.1015,16917.1015,12,
28304,747c241351fa4a85,IT.MidClim.AB.01.Gen.ReEx.001.001,AB,IT.01,DWELLING_LAYOUT_EMITTED_INTERZONE_MISMATCH_REROUTED,88c34f8825444477f3dd205726d1693fb30fe964e155e334614493d298066412,ab631c6026e3f7cf5cfcff7c6a506eb84b6eeb62f1afa5703fc48ef0897e25fa,IMPUTED_CENSUS_SECTION_CONSTRUCTION_PERIOD,765.1793,765.1793,765.1793,765.1793,3,
28308,51cb47ea67faa410,IT.MidClim.AB.01.Gen.ReEx.001.001,AB,IT.01,FALLBACK_PENDING_LAYOUT_MISSING_DWELLING_COUNT,6303acf4a19dc7307d166dfbb5626af1ea6bdef817f80720a437649a02506b32,ab631c6026e3f7cf5cfcff7c6a506eb84b6eeb62f1afa5703fc48ef0897e25fa,IMPUTED_CENSUS_SECTION_CONSTRUCTION_PERIOD,5304.5899,5304.5899,5304.5899,5304.5899,10,near_duplicate_vertex_tolerated_box
28333,9b3d03a9204583e0,IT.MidClim.AB.01.Gen.ReEx.001.001,AB,IT.01,FALLBACK_PENDING_LAYOUT_MISSING_DWELLING_COUNT,f304229aab75979ef32fa98a351710a25749d9084e6c4ff1e5183374496227af,ab631c6026e3f7cf5cfcff7c6a506eb84b6eeb62f1afa5703fc48ef0897e25fa,IMPUTED_CENSUS_SECTION_CONSTRUCTION_PERIOD,2342.3235,2342.3235,2342.3235,2342.3235,10,
28350,7010c02e9661e126,IT.MidClim.AB.05.Gen.ReEx.001.001,AB,IT.05,FALLBACK_PENDING_LAYOUT_MISSING_DWELLING_COUNT,d3c6703a464698fdf70cd7fc1c1b978b378ccb80c85c1a7d8e961617fe7cd9c9,ab631c6026e3f7cf5cfcff7c6a506eb84b6eeb62f1afa5703fc48ef0897e25fa,IMPUTED_CENSUS_SECTION_CONSTRUCTION_PERIOD,17476.1819,17476.1819,17476.1819,17476.1819,7,near_duplicate_vertex_tolerated_box
28362,1ae3feaee84eada7,IT.MidClim.AB.01.Gen.ReEx.001.001,AB,IT.01,FALLBACK_PENDING_LAYOUT_MISSING_DWELLING_COUNT,9c3829d09894937f8ecfd295a36074950f109105f60e2ddeb11738ba2bc9071d,ab631c6026e3f7cf5cfcff7c6a506eb84b6eeb62f1afa5703fc48ef0897e25fa,IMPUTED_CENSUS_SECTION_CONSTRUCTION_PERIOD,2302.3859,2302.3859,2302.3859,2302.3859,8,
28373,a53d307eac631355,IT.MidClim.AB.01.Gen.ReEx.001.001,AB,IT.01,DWELLING_LAYOUT_EMITTED_INTERZONE_MISMATCH_REROUTED,4f8221cf692a1d82315af8ebb5838be5ab9cc1ad9ef4b4d4d23d90dfdd62ca14,ab631c6026e3f7cf5cfcff7c6a506eb84b6eeb62f1afa5703fc48ef0897e25fa,IMPUTED_CENSUS_SECTION_CONSTRUCTION_PERIOD,15670.7503,15670.7503,15670.7503,15670.7503,12,
28380,13530777b5cc15f2,IT.MidClim.AB.01.Gen.ReEx.001.001,AB,IT.01,DWELLING_LAYOUT_EMITTED_INTERZONE_MISMATCH_REROUTED,86e1efccb3d10ba6d0d9b1b8d9a1650ce2fdf6b4a15b0d69339c3607c3976d92,ab631c6026e3f7cf5cfcff7c6a506eb84b6eeb62f1afa5703fc48ef0897e25fa,IMPUTED_CENSUS_SECTION_CONSTRUCTION_PERIOD,1020.0461,1020.0461,1020.0461,1020.0461,10,
28388,39c82e70ef4806b4,IT.MidClim.AB.01.Gen.ReEx.001.001,AB,IT.01,FALLBACK_PENDING_LAYOUT_MISSING_DWELLING_COUNT,ac422c32188acab601e97e951f961fdb4bd9d261daa74c2ada86ef501fb78838,ab631c6026e3f7cf5cfcff7c6a506eb84b6eeb62f1afa5703fc48ef0897e25fa,IMPUTED_CENSUS_SECTION_CONSTRUCTION_PERIOD,1714.5846,1714.5846,1714.5846,1714.5846,11,near_duplicate_vertex_tolerated_box
28392,d1e6e482543275e3,IT.MidClim.AB.01.Gen.ReEx.001.001,AB,IT.01,FALLBACK_PENDING_LAYOUT_MISSING_DWELLING_COUNT,a38e58cea1694760b992d2f625230aabf8b11e95cca29437e0a3372386c9d650,ab631c6026e3f7cf5cfcff7c6a506eb84b6eeb62f1afa5703fc48ef0897e25fa,IMPUTED_CENSUS_SECTION_CONSTRUCTION_PERIOD,7848.6733,7848.6733,7848.6733,7848.6733,13,near_duplicate_vertex_tolerated_box
28454,239d455de119eea3,IT.MidClim.AB.01.Gen.ReEx.001.001,AB,IT.01,FALLBACK_PENDING_LAYOUT_MISSING_DWELLING_COUNT,8a24e801ea8178f1a061ba0fd55135194c62acc678a0e40ec3d475fe03ed2b08,ab631c6026e3f7cf5cfcff7c6a506eb84b6eeb62f1afa5703fc48ef0897e25fa,IMPUTED_CENSUS_SECTION_CONSTRUCTION_PERIOD,4444.1185,4444.1185,4444.1185,4444.1185,4,near_duplicate_vertex_tolerated_box
28457,cd29212cd483e429,IT.MidClim.AB.05.Gen.ReEx.001.001,AB,IT.05,FALLBACK_PENDING_LAYOUT_MISSING_DWELLING_COUNT,dea78d3354cff35cb0057d2cfc4575d729ef8c372b9374f461d5e30a9a18a716,ab631c6026e3f7cf5cfcff7c6a506eb84b6eeb62f1afa5703fc48ef0897e25fa,IMPUTED_CENSUS_SECTION_CONSTRUCTION_PERIOD,7684.0125,7684.0125,7684.0125,7684.0125,4,near_duplicate_vertex_tolerated_box
28463,98e669698b7a0c31,IT.MidClim.AB.01.Gen.ReEx.001.001,AB,IT.01,FALLBACK_PENDING_LAYOUT_MISSING_DWELLING_COUNT,37ba9231c78bf61bf85094a7cb0ded06bcabbf4f965566d84a744ec214e6812b,ab631c6026e3f7cf5cfcff7c6a506eb84b6eeb62f1afa5703fc48ef0897e25fa,IMPUTED_CENSUS_SECTION_CONSTRUCTION_PERIOD,3965.9711,3965.9711,3965.9711,3965.9711,11,near_duplicate_vertex_tolerated_box
28472,947bef667d48a0f0,IT.MidClim.MFH.01.Gen.ReEx.001.001,MFH,IT.01,DWELLING_LAYOUT_EMITTED_IMPUTED_COUNT,654905314fd25ee9fdc2a8b266b294dd9475d57ddecc666a01d7913ce44abf08,ab631c6026e3f7cf5cfcff7c6a506eb84b6eeb62f1afa5703fc48ef0897e25fa,IMPUTED_CENSUS_SECTION_CONSTRUCTION_PERIOD,313.4482,313.4482,294.6413,294.6413,3,
28473,97d478bc56840531,IT.MidClim.AB.01.Gen.ReEx.001.001,AB,IT.01,DWELLING_LAYOUT_EMITTED_IMPUTED_COUNT,96d06d9311dc55b9fb5a79b7d6012c5542e62b7d8684cf060c4f156d5c668bb7,ab631c6026e3f7cf5cfcff7c6a506eb84b6eeb62f1afa5703fc48ef0897e25fa,IMPUTED_CENSUS_SECTION_CONSTRUCTION_PERIOD,1099.6557,1099.6557,1000.6867,1000.6867,8,
28517,53a878cac1057a1b,IT.MidClim.AB.01.Gen.ReEx.001.001,AB,IT.01,FALLBACK_PENDING_LAYOUT_MISSING_DWELLING_COUNT,9fb3a06e0bf45ca615bd9192a2396606089fc6931070f175e838de23479955be,ab631c6026e3f7cf5cfcff7c6a506eb84b6eeb62f1afa5703fc48ef0897e25fa,IMPUTED_CENSUS_SECTION_CONSTRUCTION_PERIOD,1492.1968,1492.1968,1492.1968,1492.1968,8,
28527,027f230632b64c16,IT.MidClim.AB.01.Gen.ReEx.001.001,AB,IT.01,DWELLING_LAYOUT_EMITTED_INTERZONE_MISMATCH_REROUTED,d3b08c10d4c133c51bb7670f4487d6cbe6276a10ae41719fedd665a0ee605a41,ab631c6026e3f7cf5cfcff7c6a506eb84b6eeb62f1afa5703fc48ef0897e25fa,IMPUTED_CENSUS_SECTION_CONSTRUCTION_PERIOD,5139.9352,5139.9352,5139.9352,5139.9352,5,
28533,bb0f0b3189ad6f8f,IT.MidClim.AB.05.Gen.ReEx.001.001,AB,IT.05,FALLBACK_PENDING_LAYOUT_MISSING_DWELLING_COUNT,7c7680b8343acaf70c49199c24fd15d6cd368ff428c87a437b255c99cf12ae85,ab631c6026e3f7cf5cfcff7c6a506eb84b6eeb62f1afa5703fc48ef0897e25fa,IMPUTED_CENSUS_SECTION_CONSTRUCTION_PERIOD,6808.836,6808.836,6808.836,6808.836,9,near_duplicate_vertex_tolerated_box
28583,29f42de6b7adf4e2,IT.MidClim.AB.01.Gen.ReEx.001.001,AB,IT.01,FALLBACK_PENDING_LAYOUT_MISSING_DWELLING_COUNT,8e1e4a9d6d305e19cc078ab8fa5ea97b677daed7ccdcfb6a185a9d8b52e7755b,ab631c6026e3f7cf5cfcff7c6a506eb84b6eeb62f1afa5703fc48ef0897e25fa,IMPUTED_CENSUS_SECTION_CONSTRUCTION_PERIOD,2491.2017,2491.2017,2491.2017,2491.2017,10,near_duplicate_vertex_tolerated_box
28589,8cd89fe4103b2d10,IT.MidClim.AB.01.Gen.ReEx.001.001,AB,IT.01,FALLBACK_PENDING_LAYOUT_MISSING_DWELLING_COUNT,eaedb9689daad2ebe2eaac552d8163fcf30e9df18f8871d2d04179d71bd97f85,ab631c6026e3f7cf5cfcff7c6a506eb84b6eeb62f1afa5703fc48ef0897e25fa,IMPUTED_CENSUS_SECTION_CONSTRUCTION_PERIOD,14338.9797,14338.9797,14338.9797,14338.9797,14,near_duplicate_vertex_tolerated_box
28590,83cea6d2fb3a7819,IT.MidClim.AB.01.Gen.ReEx.001.001,AB,IT.01,FALLBACK_PENDING_LAYOUT_MISSING_DWELLING_COUNT,dc0b54312f96004d28940cc10b012cc64cb19b1c649742c3af907801a8f9266c,ab631c6026e3f7cf5cfcff7c6a506eb84b6eeb62f1afa5703fc48ef0897e25fa,IMPUTED_CENSUS_SECTION_CONSTRUCTION_PERIOD,6405.887,6405.887,6405.887,6405.887,8,near_duplicate_vertex_tolerated_box
28593,1b9340ff517e0656,IT.MidClim.AB.01.Gen.ReEx.001.001,AB,IT.01,FALLBACK_PENDING_LAYOUT_MISSING_DWELLING_COUNT,00918d645d59aedaf3105bf8d27f7708e018bd451fced4c9cb7f3c397fcbbf14,ab631c6026e3f7cf5cfcff7c6a506eb84b6eeb62f1afa5703fc48ef0897e25fa,IMPUTED_CENSUS_SECTION_CONSTRUCTION_PERIOD,609.3202,609.3202,609.3202,609.3202,9,
28613,8288faf63dd2052a,IT.MidClim.AB.01.Gen.ReEx.001.001,AB,IT.01,DWELLING_LAYOUT_EMITTED_INTERZONE_MISMATCH_REROUTED,902a2ae82526edd0151de8945cb3396fbe31de9602fa230d0ef4a9bf84f01d81,ab631c6026e3f7cf5cfcff7c6a506eb84b6eeb62f1afa5703fc48ef0897e25fa,IMPUTED_CENSUS_SECTION_CONSTRUCTION_PERIOD,2631.6523,2631.6523,2631.6523,2631.6523,9,
28621,fece15355c8f4738,IT.MidClim.AB.01.Gen.ReEx.001.001,AB,IT.01,FALLBACK_PENDING_LAYOUT_MISSING_DWELLING_COUNT,ab56798ab8803af1bc5dd10aa5247aaf198a7f8c0fc8903c0fec3a78f02b3eea,ab631c6026e3f7cf5cfcff7c6a506eb84b6eeb62f1afa5703fc48ef0897e25fa,IMPUTED_CENSUS_SECTION_CONSTRUCTION_PERIOD,2219.2411,2219.2411,2219.2411,2219.2411,11,near_duplicate_vertex_tolerated_box
28629,fe2daa1df7ed4012,IT.MidClim.AB.01.Gen.ReEx.001.001,AB,IT.01,DWELLING_LAYOUT_EMITTED_INTERZONE_MISMATCH_REROUTED,fe7b7469075b66edcbaf58102fc4145159e6678107b08b15bd334d31e1cdf5e0,ab631c6026e3f7cf5cfcff7c6a506eb84b6eeb62f1afa5703fc48ef0897e25fa,IMPUTED_CENSUS_SECTION_CONSTRUCTION_PERIOD,25077.6115,25077.6115,25077.6115,25077.6115,15,
28636,35ece342c4759693,IT.MidClim.AB.01.Gen.ReEx.001.001,AB,IT.01,FALLBACK_PENDING_LAYOUT_MISSING_DWELLING_COUNT,22ad2887b2ea687fecb8820492e5ce9045907c3cd2356c99cf4b995a94a28a08,ab631c6026e3f7cf5cfcff7c6a506eb84b6eeb62f1afa5703fc48ef0897e25fa,IMPUTED_CENSUS_SECTION_CONSTRUCTION_PERIOD,2627.14,2627.14,2627.14,2627.14,10,near_duplicate_vertex_tolerated_box
28651,c8928691948d3c2a,IT.MidClim.AB.01.Gen.ReEx.001.001,AB,IT.01,FALLBACK_PENDING_LAYOUT_MISSING_DWELLING_COUNT,c82122f9b4fb20325bb02f0c1888242739ccb1945ac07852dd4af25ebefcaa58,ab631c6026e3f7cf5cfcff7c6a506eb84b6eeb62f1afa5703fc48ef0897e25fa,IMPUTED_CENSUS_SECTION_CONSTRUCTION_PERIOD,6524.5555,6524.5555,6524.5555,6524.5555,14,
28662,fdce9a2b8014929e,IT.MidClim.AB.01.Gen.ReEx.001.001,AB,IT.01,DWELLING_LAYOUT_EMITTED_INTERZONE_MISMATCH_REROUTED,3bcbe1f7107037dfdcc4fab0112a7c601ffbd78501dfb8a619d3fe35c4a49702,ab631c6026e3f7cf5cfcff7c6a506eb84b6eeb62f1afa5703fc48ef0897e25fa,IMPUTED_CENSUS_SECTION_CONSTRUCTION_PERIOD,1063.5298,1063.5298,1063.5298,1063.5298,11,
28679,2a12a830afa2030e,IT.MidClim.AB.01.Gen.ReEx.001.001,AB,IT.01,DWELLING_LAYOUT_EMITTED_INTERZONE_MISMATCH_REROUTED,9603af38c1d99d1ba3f61823ad2af97cff5825bb10a26b86a1cf34c1c7b0b6f3,ab631c6026e3f7cf5cfcff7c6a506eb84b6eeb62f1afa5703fc48ef0897e25fa,IMPUTED_CENSUS_SECTION_CONSTRUCTION_PERIOD,349.5603,349.5603,349.5603,349.5603,4,
28685,7bebedc7dcaab5b4,IT.MidClim.AB.01.Gen.ReEx.001.001,AB,IT.01,DWELLING_LAYOUT_EMITTED_IMPUTED_COUNT,1da10dfb285600ec844f594149a8f120a8c70daaa3cbcedbbbd00ff26bdb109a,ab631c6026e3f7cf5cfcff7c6a506eb84b6eeb62f1afa5703fc48ef0897e25fa,IMPUTED_CENSUS_SECTION_CONSTRUCTION_PERIOD,2291.7557,2291.7557,2026.8496,2026.8496,8,
28696,859821451b9a1c4c,IT.MidClim.AB.01.Gen.ReEx.001.001,AB,IT.01,FALLBACK_PENDING_LAYOUT_MISSING_DWELLING_COUNT,1e46a84417cf820d5a09cf9980967e23cb1cdf60e92a074d50efe40feaee1c5c,ab631c6026e3f7cf5cfcff7c6a506eb84b6eeb62f1afa5703fc48ef0897e25fa,IMPUTED_CENSUS_SECTION_CONSTRUCTION_PERIOD,5237.1866,5237.1866,5237.1866,5237.1866,10,near_duplicate_vertex_tolerated_box
28700,9f423f3a2ccf9b13,IT.MidClim.AB.01.Gen.ReEx.001.001,AB,IT.01,FALLBACK_PENDING_LAYOUT_MISSING_DWELLING_COUNT,9159edfb961858b790702e1f1b955dc455ef289275c09c40319d30561d899e2f,ab631c6026e3f7cf5cfcff7c6a506eb84b6eeb62f1afa5703fc48ef0897e25fa,IMPUTED_CENSUS_SECTION_CONSTRUCTION_PERIOD,842.3876,842.3876,842.3876,842.3876,8,
28708,e983e1ff7a05428d,IT.MidClim.AB.01.Gen.ReEx.001.001,AB,IT.01,FALLBACK_PENDING_LAYOUT_MISSING_DWELLING_COUNT,d3aafb2dcba2856703ab69f34d65f90951b1180829e3fec0dba47a56c01ae2b0,ab631c6026e3f7cf5cfcff7c6a506eb84b6eeb62f1afa5703fc48ef0897e25fa,IMPUTED_CENSUS_SECTION_CONSTRUCTION_PERIOD,2146.8436,2146.8436,2146.8436,2146.8436,11,near_duplicate_vertex_tolerated_box
28712,f53f3eca93d6346f,IT.MidClim.AB.01.Gen.ReEx.001.001,AB,IT.01,DWELLING_LAYOUT_EMITTED_INTERZONE_MISMATCH_REROUTED,3c5d416a276614650a51762751185c49323874d28b443a9193642d8ffea11922,ab631c6026e3f7cf5cfcff7c6a506eb84b6eeb62f1afa5703fc48ef0897e25fa,IMPUTED_CENSUS_SECTION_CONSTRUCTION_PERIOD,1983.0126,1983.0126,1983.0126,1983.0126,6,
28713,3507bd5b0642ec44,IT.MidClim.AB.01.Gen.ReEx.001.001,AB,IT.01,DWELLING_LAYOUT_EMITTED_INTERZONE_MISMATCH_REROUTED,8461f20fd8543b34b1f60010cf5b4a2ca5ffd9a5adb7c60344218c05cee10c69,ab631c6026e3f7cf5cfcff7c6a506eb84b6eeb62f1afa5703fc48ef0897e25fa,IMPUTED_CENSUS_SECTION_CONSTRUCTION_PERIOD,4482.8668,4482.8668,4482.8668,4482.8668,7,
28719,fc797f0923e36af9,IT.MidClim.MFH.01.Gen.ReEx.001.001,MFH,IT.01,DWELLING_LAYOUT_EMITTED_INTERZONE_MISMATCH_REROUTED,9b7962881827634611034bff68bdfb74ea4c8843b7cb6ab4718551c2d1628e03,ab631c6026e3f7cf5cfcff7c6a506eb84b6eeb62f1afa5703fc48ef0897e25fa,IMPUTED_CENSUS_SECTION_CONSTRUCTION_PERIOD,196.7533,196.7533,196.7533,196.7533,6,
28721,02f186e541967f24,IT.MidClim.AB.05.Gen.ReEx.001.001,AB,IT.05,FALLBACK_PENDING_LAYOUT_MISSING_DWELLING_COUNT,582883e594901de13b48fd0217ea22fb8db09d954e64efb13274a317487f40a6,ab631c6026e3f7cf5cfcff7c6a506eb84b6eeb62f1afa5703fc48ef0897e25fa,IMPUTED_CENSUS_SECTION_CONSTRUCTION_PERIOD,924.9769,924.9769,924.9769,924.9769,2,
28736,60cdfb503459e75a,IT.MidClim.MFH.01.Gen.ReEx.001.001,MFH,IT.01,DWELLING_LAYOUT_EMITTED_IMPUTED_COUNT,e908346d40401e46eb5c74c90184f4e38fdf42f70f50af69813e8abe5eabea04,ab631c6026e3f7cf5cfcff7c6a506eb84b6eeb62f1afa5703fc48ef0897e25fa,IMPUTED_CENSUS_SECTION_CONSTRUCTION_PERIOD,203.3076,203.3076,198.7332,198.7332,4,
28749,862211dd1557cf0e,IT.MidClim.AB.01.Gen.ReEx.001.001,AB,IT.01,FALLBACK_PENDING_LAYOUT_MISSING_DWELLING_COUNT,9388fbb6146c735f0f48350f4ec2109ed8ba6b0ca67a8e3f4d392b5770eadd6d,ab631c6026e3f7cf5cfcff7c6a506eb84b6eeb62f1afa5703fc48ef0897e25fa,IMPUTED_CENSUS_SECTION_CONSTRUCTION_PERIOD,4570.5585,4570.5585,4570.5585,4570.5585,8,
28754,3befdb205d381336,IT.MidClim.AB.01.Gen.ReEx.001.001,AB,IT.01,FALLBACK_PENDING_LAYOUT_MISSING_DWELLING_COUNT,abf34f0c3b80822c09f542faf85daed2548a58480634fb49080d175cf193ef45,ab631c6026e3f7cf5cfcff7c6a506eb84b6eeb62f1afa5703fc48ef0897e25fa,IMPUTED_CENSUS_SECTION_CONSTRUCTION_PERIOD,3566.4528,3566.4528,3566.4528,3566.4528,11,near_duplicate_vertex_tolerated_box
28764,8cdc013c545ab598,IT.MidClim.AB.01.Gen.ReEx.001.001,AB,IT.01,FALLBACK_PENDING_LAYOUT_MISSING_DWELLING_COUNT,a9f646fee85c5995411deacafd00a0e639d5a8a43adda6164ef9d26a06a5015d,ab631c6026e3f7cf5cfcff7c6a506eb84b6eeb62f1afa5703fc48ef0897e25fa,IMPUTED_CENSUS_SECTION_CONSTRUCTION_PERIOD,6748.8242,6748.8242,6748.8242,6748.8242,18,near_duplicate_vertex_tolerated_box
28781,e3674b12e048eeb4,IT.MidClim.AB.01.Gen.ReEx.001.001,AB,IT.01,FALLBACK_PENDING_LAYOUT_MISSING_DWELLING_COUNT,4b5c536eb0af5a8eb139105fff2918399fc13984857ff2e6296a893e0e7b56ba,ab631c6026e3f7cf5cfcff7c6a506eb84b6eeb62f1afa5703fc48ef0897e25fa,IMPUTED_CENSUS_SECTION_CONSTRUCTION_PERIOD,19048.9477,19048.9477,19048.9477,19048.9477,19,near_duplicate_vertex_tolerated_box
28782,c47cadea0882632b,IT.MidClim.AB.01.Gen.ReEx.001.001,AB,IT.01,FALLBACK_PENDING_LAYOUT_MISSING_DWELLING_COUNT,7f81f0eb3ca5ae17e7ce8c6d20f26bf3113338780e9318bc218606c89675ba7d,ab631c6026e3f7cf5cfcff7c6a506eb84b6eeb62f1afa5703fc48ef0897e25fa,IMPUTED_CENSUS_SECTION_CONSTRUCTION_PERIOD,3227.6234,3227.6234,3227.6234,3227.6234,5,
28784,9b18c991daf60479,IT.MidClim.AB.01.Gen.ReEx.001.001,AB,IT.01,DWELLING_LAYOUT_EMITTED_IMPUTED_COUNT,199ed0f8dc20f70513ec3d3968846c751a5c0e713a000be7b26eeb3e42793159,ab631c6026e3f7cf5cfcff7c6a506eb84b6eeb62f1afa5703fc48ef0897e25fa,IMPUTED_CENSUS_SECTION_CONSTRUCTION_PERIOD,9906.0999,9906.0999,9014.5509,9014.5509,7,
28787,86a226713f8264c9,IT.MidClim.AB.01.Gen.ReEx.001.001,AB,IT.01,FALLBACK_PENDING_LAYOUT_MISSING_DWELLING_COUNT,86b0be0e6260e8758c1d697037dcfb031e64c0cc2ff43063dd28d7d1f73317bb,ab631c6026e3f7cf5cfcff7c6a506eb84b6eeb62f1afa5703fc48ef0897e25fa,IMPUTED_CENSUS_SECTION_CONSTRUCTION_PERIOD,1691.2196,1691.2196,1691.2196,1691.2196,7,
28835,db5c66cd9b3d0cf3,IT.MidClim.AB.01.Gen.ReEx.001.001,AB,IT.01,FALLBACK_PENDING_LAYOUT_MISSING_DWELLING_COUNT,d96ac503f0c8f963f34a1613caa005094bd8481bdc31af64b4b72a32409b6c39,ab631c6026e3f7cf5cfcff7c6a506eb84b6eeb62f1afa5703fc48ef0897e25fa,IMPUTED_CENSUS_SECTION_CONSTRUCTION_PERIOD,5412.4695,5412.4695,5412.4695,5412.4695,12,near_duplicate_vertex_tolerated_box
28843,806aa00f9bbae06c,IT.MidClim.AB.01.Gen.ReEx.001.001,AB,IT.01,DWELLING_LAYOUT_EMITTED_IMPUTED_COUNT,fe1f259ebad98f27b6f8ab864d6c92d9b4d7cc38414c6110b4179e04ece51686,ab631c6026e3f7cf5cfcff7c6a506eb84b6eeb62f1afa5703fc48ef0897e25fa,IMPUTED_CENSUS_SECTION_CONSTRUCTION_PERIOD,626.9518,626.9518,570.5261,570.5261,9,
28844,d1f7a5a20a56883e,IT.MidClim.AB.01.Gen.ReEx.001.001,AB,IT.01,DWELLING_LAYOUT_EMITTED_INTERZONE_MISMATCH_REROUTED,b10907fe83a113c00267ad508970827bc3def84c0b44f61872846f2a0c1ac042,ab631c6026e3f7cf5cfcff7c6a506eb84b6eeb62f1afa5703fc48ef0897e25fa,IMPUTED_CENSUS_SECTION_CONSTRUCTION_PERIOD,1867.6868,1867.6868,1867.6868,1867.6868,8,
28857,34f47dfa5f0323b6,IT.MidClim.AB.01.Gen.ReEx.001.001,AB,IT.01,DWELLING_LAYOUT_EMITTED_IMPUTED_COUNT,1f38fa23b7061d8ed2b16a9a896dd0a6a2bfc9499fa14b99e70c74dee2b7cb77,ab631c6026e3f7cf5cfcff7c6a506eb84b6eeb62f1afa5703fc48ef0897e25fa,IMPUTED_CENSUS_SECTION_CONSTRUCTION_PERIOD,4680.2646,4680.2646,4259.0408,4259.0408,14,
28859,1dd017c48425935c,IT.MidClim.AB.01.Gen.ReEx.001.001,AB,IT.01,FALLBACK_PENDING_LAYOUT_MISSING_DWELLING_COUNT,45ae27d0c3bb2171133e066fbf58326a5cb156e1bdc16066711d86843edb199c,ab631c6026e3f7cf5cfcff7c6a506eb84b6eeb62f1afa5703fc48ef0897e25fa,IMPUTED_CENSUS_SECTION_CONSTRUCTION_PERIOD,12155.7292,12155.7292,12155.7292,12155.7292,8,near_duplicate_vertex_tolerated_box
28861,690548917866c5da,IT.MidClim.AB.01.Gen.ReEx.001.001,AB,IT.01,FALLBACK_PENDING_LAYOUT_MISSING_DWELLING_COUNT,581ab95c2ae2d019c9442c934ac18e043766f3468be6947c52f750acad85d9f4,ab631c6026e3f7cf5cfcff7c6a506eb84b6eeb62f1afa5703fc48ef0897e25fa,IMPUTED_CENSUS_SECTION_CONSTRUCTION_PERIOD,886.8608,886.8608,886.8608,886.8608,9,near_duplicate_vertex_tolerated_box
28864,1f7ade4ed2690e6c,IT.MidClim.AB.01.Gen.ReEx.001.001,AB,IT.01,FALLBACK_PENDING_LAYOUT_MISSING_DWELLING_COUNT,31cd4b97afcbe63133b1ad279d6eceeccad9c2267b5b34851bef2f79c975f892,ab631c6026e3f7cf5cfcff7c6a506eb84b6eeb62f1afa5703fc48ef0897e25fa,IMPUTED_CENSUS_SECTION_CONSTRUCTION_PERIOD,3501.3162,3501.3162,3501.3162,3501.3162,14,near_duplicate_vertex_tolerated_box
28873,d0f9b08020bf9117,IT.MidClim.AB.01.Gen.ReEx.001.001,AB,IT.01,FALLBACK_PENDING_LAYOUT_MISSING_DWELLING_COUNT,a84b4224112053d07d8c27ab1c8c41a4afe5474eef0e5ea9bc89d23feac15ffd,ab631c6026e3f7cf5cfcff7c6a506eb84b6eeb62f1afa5703fc48ef0897e25fa,IMPUTED_CENSUS_SECTION_CONSTRUCTION_PERIOD,1767.1606,1767.1606,1767.1606,1767.1606,10,near_duplicate_vertex_tolerated_box
28891,844c63b9bc1643a9,IT.MidClim.AB.01.Gen.ReEx.001.001,AB,IT.01,FALLBACK_PENDING_LAYOUT_MISSING_DWELLING_COUNT,8511bcb38a881a6e66dfaf66aacd262957fcc58b019b7a0e1173a40958802b0c,ab631c6026e3f7cf5cfcff7c6a506eb84b6eeb62f1afa5703fc48ef0897e25fa,IMPUTED_CENSUS_SECTION_CONSTRUCTION_PERIOD,4145.3858,4145.3858,4145.3858,4145.3858,11,near_duplicate_vertex_tolerated_box
28903,3ca514ea8eaff18e,IT.MidClim.AB.01.Gen.ReEx.001.001,AB,IT.01,DWELLING_LAYOUT_EMITTED_IMPUTED_COUNT,79f6659d50accc379166a6d89bf53099b7c4fd792ad4dc5d81130a8c010d9976,ab631c6026e3f7cf5cfcff7c6a506eb84b6eeb62f1afa5703fc48ef0897e25fa,IMPUTED_CENSUS_SECTION_CONSTRUCTION_PERIOD,1231.0598,1231.0598,998.5708,998.5708,9,
28908,aeb80ca8e9013c02,IT.MidClim.AB.01.Gen.ReEx.001.001,AB,IT.01,FALLBACK_PENDING_LAYOUT_MISSING_DWELLING_COUNT,c9bbd1631a395b012f3f309f42688d45e0d7b97daf82202d7fc003b521866487,ab631c6026e3f7cf5cfcff7c6a506eb84b6eeb62f1afa5703fc48ef0897e25fa,IMPUTED_CENSUS_SECTION_CONSTRUCTION_PERIOD,3469.1449,3469.1449,3469.1449,3469.1449,11,near_duplicate_vertex_tolerated_box
28912,d97381b6a267e959,IT.MidClim.AB.01.Gen.ReEx.001.001,AB,IT.01,FALLBACK_PENDING_LAYOUT_MISSING_DWELLING_COUNT,89b9c0c2769ad30118fe4ac0189b1bfadb47b59212bd42ef95c32e8c3e99c6c7,ab631c6026e3f7cf5cfcff7c6a506eb84b6eeb62f1afa5703fc48ef0897e25fa,IMPUTED_CENSUS_SECTION_CONSTRUCTION_PERIOD,2315.4543,2315.4543,2315.4543,2315.4543,10,near_duplicate_vertex_tolerated_box
28917,a1ca1eb2956d126e,IT.MidClim.AB.01.Gen.ReEx.001.001,AB,IT.01,DWELLING_LAYOUT_EMITTED_INTERZONE_MISMATCH_REROUTED,4cb2f1e6b8691bf3a8350235850a2e8f15229b5b679bd35b444e7645b33853da,ab631c6026e3f7cf5cfcff7c6a506eb84b6eeb62f1afa5703fc48ef0897e25fa,IMPUTED_CENSUS_SECTION_CONSTRUCTION_PERIOD,115.9461,115.9461,115.9461,115.9461,4,
28931,e455150d701a9474,IT.MidClim.AB.01.Gen.ReEx.001.001,AB,IT.01,FALLBACK_PENDING_LAYOUT_MISSING_DWELLING_COUNT,21615318a9346e91f1642bc79b8912a79bb42ab8411e04307c0c92769450f621,ab631c6026e3f7cf5cfcff7c6a506eb84b6eeb62f1afa5703fc48ef0897e25fa,IMPUTED_CENSUS_SECTION_CONSTRUCTION_PERIOD,1822.0278,1822.0278,1822.0278,1822.0278,10,near_duplicate_vertex_tolerated_box
28959,9ef2a3f29fcb2dcf,IT.MidClim.AB.01.Gen.ReEx.001.001,AB,IT.01,FALLBACK_PENDING_LAYOUT_MISSING_DWELLING_COUNT,08f1999413cd46aef7cd91e6cedc7f4dee033f30b0794cf3b1a69f15b10e4fcf,ab631c6026e3f7cf5cfcff7c6a506eb84b6eeb62f1afa5703fc48ef0897e25fa,IMPUTED_CENSUS_SECTION_CONSTRUCTION_PERIOD,2508.5348,2508.5348,2508.5348,2508.5348,10,near_duplicate_vertex_tolerated_box
28960,e7abb5d8fc7fa5bf,IT.MidClim.AB.01.Gen.ReEx.001.001,AB,IT.01,FALLBACK_PENDING_LAYOUT_MISSING_DWELLING_COUNT,b3e29053490250936b1bf4c37efe66b8244746b3f5e815e6a7f946ba694046d9,ab631c6026e3f7cf5cfcff7c6a506eb84b6eeb62f1afa5703fc48ef0897e25fa,IMPUTED_CENSUS_SECTION_CONSTRUCTION_PERIOD,2395.4418,2395.4418,2395.4418,2395.4418,12,
28968,ba6960bfea4d1476,IT.MidClim.AB.01.Gen.ReEx.001.001,AB,IT.01,FALLBACK_PENDING_LAYOUT_MISSING_DWELLING_COUNT,b5f90423f0bed5b558b10a78138d0b607ae6671d5c3462168a4d11a64bb3537b,ab631c6026e3f7cf5cfcff7c6a506eb84b6eeb62f1afa5703fc48ef0897e25fa,IMPUTED_CENSUS_SECTION_CONSTRUCTION_PERIOD,2102.7298,2102.7298,2102.7298,2102.7298,12,near_duplicate_vertex_tolerated_box
28969,2b1ea068842e0aba,IT.MidClim.AB.01.Gen.ReEx.001.001,AB,IT.01,FALLBACK_PENDING_LAYOUT_MISSING_DWELLING_COUNT,dd67491a5540aac8bc208ef79bb63be307427294ca7c3365d112b344375f4369,ab631c6026e3f7cf5cfcff7c6a506eb84b6eeb62f1afa5703fc48ef0897e25fa,IMPUTED_CENSUS_SECTION_CONSTRUCTION_PERIOD,5186.4951,5186.4951,5186.4951,5186.4951,12,
28971,028dbfb8919c6f31,IT.MidClim.AB.01.Gen.ReEx.001.001,AB,IT.01,FALLBACK_PENDING_LAYOUT_MISSING_DWELLING_COUNT,798b6598165c43f1761dac801edba8a38551a0ef45ac9d2d9cc4e6643b9b920f,ab631c6026e3f7cf5cfcff7c6a506eb84b6eeb62f1afa5703fc48ef0897e25fa,IMPUTED_CENSUS_SECTION_CONSTRUCTION_PERIOD,8475.0858,8475.0858,8475.0858,8475.0858,11,
28980,0ee15bce2a9a8e90,IT.MidClim.AB.01.Gen.ReEx.001.001,AB,IT.01,DWELLING_LAYOUT_EMITTED_INTERZONE_MISMATCH_REROUTED,f851b5325929f518a35b40596d2fc0d33363a444aa69b8ab8f01a1264eae15d4,ab631c6026e3f7cf5cfcff7c6a506eb84b6eeb62f1afa5703fc48ef0897e25fa,IMPUTED_CENSUS_SECTION_CONSTRUCTION_PERIOD,4462.722,4462.722,4462.722,4462.722,10,
28989,99d00e6383c6405e,IT.MidClim.AB.01.Gen.ReEx.001.001,AB,IT.01,FALLBACK_PENDING_LAYOUT_MISSING_DWELLING_COUNT,2a0bf29811bd0182c2047188923713ca4581481a431437e85f47ca828040c293,ab631c6026e3f7cf5cfcff7c6a506eb84b6eeb62f1afa5703fc48ef0897e25fa,IMPUTED_CENSUS_SECTION_CONSTRUCTION_PERIOD,1776.648,1776.648,1776.648,1776.648,8,
28997,3078da5d455c4d8a,IT.MidClim.AB.01.Gen.ReEx.001.001,AB,IT.01,DWELLING_LAYOUT_EMITTED_IMPUTED_COUNT,7a0b1ced9f2fff428ff262655678091c456e260a3bff9ce6d0de3f261fcf991b,ab631c6026e3f7cf5cfcff7c6a506eb84b6eeb62f1afa5703fc48ef0897e25fa,IMPUTED_CENSUS_SECTION_CONSTRUCTION_PERIOD,19844.2987,19844.2987,18455.1092,18455.1092,14,
29006,698fe26b6be92a95,IT.MidClim.MFH.01.Gen.ReEx.001.001,MFH,IT.01,DWELLING_LAYOUT_EMITTED_INTERZONE_MISMATCH_REROUTED,8932493000018136e0c2b0e1f7fc79869ab5482b6e06dd8aa20955550f469a1c,ab631c6026e3f7cf5cfcff7c6a506eb84b6eeb62f1afa5703fc48ef0897e25fa,IMPUTED_CENSUS_SECTION_CONSTRUCTION_PERIOD,518.5124,518.5124,518.5124,518.5124,11,
29010,bf630dafd3469266,IT.MidClim.AB.01.Gen.ReEx.001.001,AB,IT.01,DWELLING_LAYOUT_EMITTED_IMPUTED_COUNT,64ce9f22071dd0a53b8c99f9e649656e611f6356ef1399357532c185abedda83,ab631c6026e3f7cf5cfcff7c6a506eb84b6eeb62f1afa5703fc48ef0897e25fa,IMPUTED_CENSUS_SECTION_CONSTRUCTION_PERIOD,46840.6202,46840.6202,44312.0196,44312.0196,18,
29012,e7f51df90d0e768d,IT.MidClim.AB.01.Gen.ReEx.001.001,AB,IT.01,FALLBACK_PENDING_LAYOUT_MISSING_DWELLING_COUNT,40d599ae5526c8d7188c4985acf86ea724eed814e680b442df25f73de1662eeb,ab631c6026e3f7cf5cfcff7c6a506eb84b6eeb62f1afa5703fc48ef0897e25fa,IMPUTED_CENSUS_SECTION_CONSTRUCTION_PERIOD,1159.5355,1159.5355,1159.5355,1159.5355,8,
29020,1cf80b25ee6c856a,IT.MidClim.AB.01.Gen.ReEx.001.001,AB,IT.01,DWELLING_LAYOUT_EMITTED_INTERZONE_MISMATCH_REROUTED,ab128783f43d0de0f9652e30027da151f9b052ac402b48ec25efba1a3a50d3ee,ab631c6026e3f7cf5cfcff7c6a506eb84b6eeb62f1afa5703fc48ef0897e25fa,IMPUTED_CENSUS_SECTION_CONSTRUCTION_PERIOD,1201.3577,1201.3577,1201.3577,1201.3577,9,
29028,e3c76c0bf24f60b7,IT.MidClim.AB.01.Gen.ReEx.001.001,AB,IT.01,FALLBACK_PENDING_LAYOUT_MISSING_DWELLING_COUNT,8c7006a05c3f00fef155a4374e9a0e25fedf01af1b771c21cdf5259ae74f90b9,ab631c6026e3f7cf5cfcff7c6a506eb84b6eeb62f1afa5703fc48ef0897e25fa,IMPUTED_CENSUS_SECTION_CONSTRUCTION_PERIOD,2152.2971,2152.2971,2152.2971,2152.2971,12,near_duplicate_vertex_tolerated_box
29059,af3917251b85a42e,IT.MidClim.AB.05.Gen.ReEx.001.001,AB,IT.05,FALLBACK_PENDING_LAYOUT_MISSING_DWELLING_COUNT,25f658e9c7ad94a29641b6142721ab181f3986df774fd39c811be15cc8164583,ab631c6026e3f7cf5cfcff7c6a506eb84b6eeb62f1afa5703fc48ef0897e25fa,IMPUTED_CENSUS_SECTION_CONSTRUCTION_PERIOD,4653.265,4653.265,4653.265,4653.265,16,near_duplicate_vertex_tolerated_box
29079,1a8f8d714fa0a514,IT.MidClim.MFH.01.Gen.ReEx.001.001,MFH,IT.01,DWELLING_LAYOUT_EMITTED_INTERZONE_MISMATCH_REROUTED,ef20a4669ccc793673d267b9751f7cb6c20af89fbdbbd2c4efa615436b93e1d4,ab631c6026e3f7cf5cfcff7c6a506eb84b6eeb62f1afa5703fc48ef0897e25fa,IMPUTED_CENSUS_SECTION_CONSTRUCTION_PERIOD,418.7117,418.7117,418.7117,418.7117,9,
29081,7d5aebf0a1b006bf,IT.MidClim.AB.01.Gen.ReEx.001.001,AB,IT.01,FALLBACK_PENDING_LAYOUT_MISSING_DWELLING_COUNT,811569635982ca064fb42e4a9f8a6320993f5e18a94dfd2965ba469321778df8,ab631c6026e3f7cf5cfcff7c6a506eb84b6eeb62f1afa5703fc48ef0897e25fa,IMPUTED_CENSUS_SECTION_CONSTRUCTION_PERIOD,1743.9061,1743.9061,1743.9061,1743.9061,12,near_duplicate_vertex_tolerated_box
29085,016dae597d69229c,IT.MidClim.MFH.01.Gen.ReEx.001.001,MFH,IT.01,DWELLING_LAYOUT_EMITTED_IMPUTED_COUNT,449d65780fa31723a5fb30f406182e82304a146db91e269c810b60b48265b648,ab631c6026e3f7cf5cfcff7c6a506eb84b6eeb62f1afa5703fc48ef0897e25fa,IMPUTED_CENSUS_SECTION_CONSTRUCTION_PERIOD,1343.9131,1343.9131,1313.7335,1313.7335,13,
29087,e294f65b12420b2a,IT.MidClim.AB.01.Gen.ReEx.001.001,AB,IT.01,FALLBACK_PENDING_LAYOUT_MISSING_DWELLING_COUNT,9d964833b2464b87a93ac9b45304ca4f3fa3c811d8657c8e5e16578e2735946c,ab631c6026e3f7cf5cfcff7c6a506eb84b6eeb62f1afa5703fc48ef0897e25fa,IMPUTED_CENSUS_SECTION_CONSTRUCTION_PERIOD,3557.9193,3557.9193,3557.9193,3557.9193,9,near_duplicate_vertex_tolerated_box
29094,cba1b3d372058eee,IT.MidClim.AB.01.Gen.ReEx.001.001,AB,IT.01,DWELLING_LAYOUT_EMITTED_INTERZONE_MISMATCH_REROUTED,388a2569782fde4059c0863aa5d7ee0519da5295ed254f592dd1d02b0a8ade7f,ab631c6026e3f7cf5cfcff7c6a506eb84b6eeb62f1afa5703fc48ef0897e25fa,IMPUTED_CENSUS_SECTION_CONSTRUCTION_PERIOD,2850.9446,2850.9446,2850.9446,2850.9446,11,
29100,61da181e71a56f5e,IT.MidClim.AB.01.Gen.ReEx.001.001,AB,IT.01,DWELLING_LAYOUT_EMITTED_INTERZONE_MISMATCH_REROUTED,dd2cba5458699fe918b981e3cf318b42a5d9e5d4e33c7b117bf1c784f95f577c,ab631c6026e3f7cf5cfcff7c6a506eb84b6eeb62f1afa5703fc48ef0897e25fa,IMPUTED_CENSUS_SECTION_CONSTRUCTION_PERIOD,329.2206,329.2206,329.2206,329.2206,12,
29106,05b304177d3056da,IT.MidClim.AB.01.Gen.ReEx.001.001,AB,IT.01,FALLBACK_PENDING_LAYOUT_MISSING_DWELLING_COUNT,4d4fe90a0f709272f9aadec047125532b8dd528542cb5c813ae8c60d59c7f9c8,ab631c6026e3f7cf5cfcff7c6a506eb84b6eeb62f1afa5703fc48ef0897e25fa,IMPUTED_CENSUS_SECTION_CONSTRUCTION_PERIOD,1682.2552,1682.2552,1682.2552,1682.2552,12,
29108,1ef46361a8060ff9,IT.MidClim.AB.01.Gen.ReEx.001.001,AB,IT.01,DWELLING_LAYOUT_EMITTED_INTERZONE_MISMATCH_REROUTED,0d03671a84d556e1324eeb8a09150777bd70135f57708e01822fa41f97f01b19,ab631c6026e3f7cf5cfcff7c6a506eb84b6eeb62f1afa5703fc48ef0897e25fa,IMPUTED_CENSUS_SECTION_CONSTRUCTION_PERIOD,1358.8533,1358.8533,1358.8533,1358.8533,9,
29109,4f47a3941f7067c9,IT.MidClim.AB.01.Gen.ReEx.001.001,AB,IT.01,FALLBACK_PENDING_LAYOUT_MISSING_DWELLING_COUNT,c4c544de74ef9939f335e04c32f333224760c6f49086e27a98c23a4af48c1b0c,ab631c6026e3f7cf5cfcff7c6a506eb84b6eeb62f1afa5703fc48ef0897e25fa,IMPUTED_CENSUS_SECTION_CONSTRUCTION_PERIOD,2316.0526,2316.0526,2316.0526,2316.0526,10,
29114,60ad17a032379aa1,IT.MidClim.AB.01.Gen.ReEx.001.001,AB,IT.01,FALLBACK_PENDING_LAYOUT_MISSING_DWELLING_COUNT,ad927face397ba4da81f1cb04e2067f295cb776d009e5b3a29783cf6a9fc6fdb,ab631c6026e3f7cf5cfcff7c6a506eb84b6eeb62f1afa5703fc48ef0897e25fa,IMPUTED_CENSUS_SECTION_CONSTRUCTION_PERIOD,2149.3072,2149.3072,2149.3072,2149.3072,11,
29116,e8193c1232c07e73,IT.MidClim.MFH.01.Gen.ReEx.001.001,MFH,IT.01,DWELLING_LAYOUT_EMITTED_INTERZONE_MISMATCH_REROUTED,d120f7097a4d20eaa7065783c53db4de1070c7847bd541e56c5f31acf8050a7a,ab631c6026e3f7cf5cfcff7c6a506eb84b6eeb62f1afa5703fc48ef0897e25fa,IMPUTED_CENSUS_SECTION_CONSTRUCTION_PERIOD,187.741,187.741,187.741,187.741,6,
29117,a1f5970a067605e0,IT.MidClim.AB.01.Gen.ReEx.001.001,AB,IT.01,FALLBACK_PENDING_LAYOUT_MISSING_DWELLING_COUNT,7325b76692ebb34746a765442b70714898e372526dafce2f6500658c50cc5061,ab631c6026e3f7cf5cfcff7c6a506eb84b6eeb62f1afa5703fc48ef0897e25fa,IMPUTED_CENSUS_SECTION_CONSTRUCTION_PERIOD,2744.8089,2744.8089,2744.8089,2744.8089,11,
29125,19f358695517947d,IT.MidClim.AB.01.Gen.ReEx.001.001,AB,IT.01,DWELLING_LAYOUT_EMITTED_INTERZONE_MISMATCH_REROUTED,00462131429955e87d5cd2e77991d029115ad7ea9600e9af70a3691cf36d07d2,ab631c6026e3f7cf5cfcff7c6a506eb84b6eeb62f1afa5703fc48ef0897e25fa,IMPUTED_CENSUS_SECTION_CONSTRUCTION_PERIOD,1044.1427,1044.1427,1044.1427,1044.1427,11,
29126,b118fea8edc95ee6,IT.MidClim.AB.01.Gen.ReEx.001.001,AB,IT.01,FALLBACK_PENDING_LAYOUT_MISSING_DWELLING_COUNT,46a699b56fb780ee906ca97f828b59f3a659b6af3e75b9629b5c28226e209c1d,ab631c6026e3f7cf5cfcff7c6a506eb84b6eeb62f1afa5703fc48ef0897e25fa,IMPUTED_CENSUS_SECTION_CONSTRUCTION_PERIOD,5286.381,5286.381,5286.381,5286.381,10,near_duplicate_vertex_tolerated_box
29146,c6e9bb4e4b7a277f,IT.MidClim.AB.01.Gen.ReEx.001.001,AB,IT.01,DWELLING_LAYOUT_EMITTED_INTERZONE_MISMATCH_REROUTED,bfd169e9a48352fbb9253636e74bcd83cac7e4e1cb8451a037d1fd9d6b7dd693,ab631c6026e3f7cf5cfcff7c6a506eb84b6eeb62f1afa5703fc48ef0897e25fa,IMPUTED_CENSUS_SECTION_CONSTRUCTION_PERIOD,306.1766,306.1766,306.1766,306.1766,11,
29151,24ba4243914d44f9,IT.MidClim.AB.01.Gen.ReEx.001.001,AB,IT.01,FALLBACK_PENDING_LAYOUT_MISSING_DWELLING_COUNT,5c7e3cc77c0384785cfce7a4b23f2e3c9a84709142aed53d66290fc9b29bb04b,ab631c6026e3f7cf5cfcff7c6a506eb84b6eeb62f1afa5703fc48ef0897e25fa,IMPUTED_CENSUS_SECTION_CONSTRUCTION_PERIOD,2411.4847,2411.4847,2411.4847,2411.4847,11,
29171,c1a0da4dcda7a8e2,IT.MidClim.AB.01.Gen.ReEx.001.001,AB,IT.01,FALLBACK_PENDING_LAYOUT_MISSING_DWELLING_COUNT,c178a67d2cf206d26e4ec2a3ef0066f15787aa79e0e5607e363889f3ffb90cc3,ab631c6026e3f7cf5cfcff7c6a506eb84b6eeb62f1afa5703fc48ef0897e25fa,IMPUTED_CENSUS_SECTION_CONSTRUCTION_PERIOD,1380.6616,1380.6616,1380.6616,1380.6616,8,
29180,718c4df3ae194c98,IT.MidClim.AB.01.Gen.ReEx.001.001,AB,IT.01,FALLBACK_PENDING_LAYOUT_MISSING_DWELLING_COUNT,555d4d45ff5db234e9fc9d07d5ebea2a04fae1ca09f69cd13dd71d3456e92e3b,ab631c6026e3f7cf5cfcff7c6a506eb84b6eeb62f1afa5703fc48ef0897e25fa,IMPUTED_CENSUS_SECTION_CONSTRUCTION_PERIOD,1562.2655,1562.2655,1562.2655,1562.2655,8,near_duplicate_vertex_tolerated_box
29198,d6424bce3e6309a4,IT.MidClim.MFH.01.Gen.ReEx.001.001,MFH,IT.01,DWELLING_LAYOUT_EMITTED_INTERZONE_MISMATCH_REROUTED,b53714abeeb6def0ce9ccb78ca1c04e77a76b0e5b2b57fa371e5ba9e3c0b5f18,ab631c6026e3f7cf5cfcff7c6a506eb84b6eeb62f1afa5703fc48ef0897e25fa,IMPUTED_CENSUS_SECTION_CONSTRUCTION_PERIOD,251.3016,251.3016,251.3016,251.3016,11,
29201,04e5ee49234ffe69,IT.MidClim.AB.01.Gen.ReEx.001.001,AB,IT.01,FALLBACK_PENDING_LAYOUT_MISSING_DWELLING_COUNT,47c20bdac20bf4eab95a586315efac635777730a3f9ec570d5eede029bc0cf2b,ab631c6026e3f7cf5cfcff7c6a506eb84b6eeb62f1afa5703fc48ef0897e25fa,IMPUTED_CENSUS_SECTION_CONSTRUCTION_PERIOD,5503.8526,5503.8526,5503.8526,5503.8526,11,near_duplicate_vertex_tolerated_box
29210,aa2604a6a0f34210,IT.MidClim.AB.01.Gen.ReEx.001.001,AB,IT.01,FALLBACK_PENDING_LAYOUT_MISSING_DWELLING_COUNT,261d4d0e2ce90ca084f438439544c85ec5a5ccdcf120208a195bfb27f3eb2abe,ab631c6026e3f7cf5cfcff7c6a506eb84b6eeb62f1afa5703fc48ef0897e25fa,IMPUTED_CENSUS_SECTION_CONSTRUCTION_PERIOD,3080.0345,3080.0345,3080.0345,3080.0345,10,near_duplicate_vertex_tolerated_box
29211,4611fd1c8f6c49da,IT.MidClim.AB.01.Gen.ReEx.001.001,AB,IT.01,FALLBACK_PENDING_LAYOUT_MISSING_DWELLING_COUNT,425aa22337c060e183bdd4cf22df864a731c3dc94f309a287a2187c754a71db3,ab631c6026e3f7cf5cfcff7c6a506eb84b6eeb62f1afa5703fc48ef0897e25fa,IMPUTED_CENSUS_SECTION_CONSTRUCTION_PERIOD,1279.9823,1279.9823,1279.9823,1279.9823,10,
29213,71ad860aca316061,IT.MidClim.AB.01.Gen.ReEx.001.001,AB,IT.01,DWELLING_LAYOUT_EMITTED_INTERZONE_MISMATCH_REROUTED,deaa80c1169f35457fd71e8f6c9c7f79405cba637a017e20b6587a5b7429fab3,ab631c6026e3f7cf5cfcff7c6a506eb84b6eeb62f1afa5703fc48ef0897e25fa,IMPUTED_CENSUS_SECTION_CONSTRUCTION_PERIOD,310.7274,310.7274,310.7274,310.7274,9,
29219,13c60875a803e164,IT.MidClim.AB.01.Gen.ReEx.001.001,AB,IT.01,FALLBACK_PENDING_LAYOUT_MISSING_DWELLING_COUNT,33f0b389094d54bfbb6834cd7457b772599397b5a428aae423e359ca2a213fe4,ab631c6026e3f7cf5cfcff7c6a506eb84b6eeb62f1afa5703fc48ef0897e25fa,IMPUTED_CENSUS_SECTION_CONSTRUCTION_PERIOD,2305.9392,2305.9392,2305.9392,2305.9392,12,near_duplicate_vertex_tolerated_box
29228,8e3d20ee6eeb2ab8,IT.MidClim.AB.05.Gen.ReEx.001.001,AB,IT.05,FALLBACK_PENDING_LAYOUT_MISSING_DWELLING_COUNT,e4db2e80b206c2a01b4ce6a237d9c936653013e2bbcbfb7d753107de7550903e,ab631c6026e3f7cf5cfcff7c6a506eb84b6eeb62f1afa5703fc48ef0897e25fa,IMPUTED_CENSUS_SECTION_CONSTRUCTION_PERIOD,399.0874,399.0874,399.0874,399.0874,4,
29232,74158ff153b79e71,IT.MidClim.AB.01.Gen.ReEx.001.001,AB,IT.01,FALLBACK_PENDING_LAYOUT_MISSING_DWELLING_COUNT,4054ffaed091646fe04e24a8e10642c524e0a1172d63e0f31a7c9846fa7d1019,ab631c6026e3f7cf5cfcff7c6a506eb84b6eeb62f1afa5703fc48ef0897e25fa,IMPUTED_CENSUS_SECTION_CONSTRUCTION_PERIOD,5144.0248,5144.0248,5144.0248,5144.0248,14,near_duplicate_vertex_tolerated_box
29235,459f6b4cb0e51cd1,IT.MidClim.AB.01.Gen.ReEx.001.001,AB,IT.01,FALLBACK_PENDING_LAYOUT_MISSING_DWELLING_COUNT,ee5955d6e5dbc5d69840f0231e1d14f4dd54ad002c121f4d014c12a6d3caac62,ab631c6026e3f7cf5cfcff7c6a506eb84b6eeb62f1afa5703fc48ef0897e25fa,IMPUTED_CENSUS_SECTION_CONSTRUCTION_PERIOD,1528.7773,1528.7773,1528.7773,1528.7773,8,
29237,c58e81a4a30c29b5,IT.MidClim.MFH.05.Gen.ReEx.001.001,MFH,IT.05,DWELLING_LAYOUT_EMITTED_INTERZONE_MISMATCH_REROUTED,334b991bce60d3a4c77838834d95f4b137dcd2390362ea12eb3ea7144f749452,ab631c6026e3f7cf5cfcff7c6a506eb84b6eeb62f1afa5703fc48ef0897e25fa,IMPUTED_CENSUS_SECTION_CONSTRUCTION_PERIOD,354.7471,354.7471,354.7471,354.7471,6,
29253,4d40e0364b2f0e16,IT.MidClim.AB.01.Gen.ReEx.001.001,AB,IT.01,FALLBACK_PENDING_LAYOUT_MISSING_DWELLING_COUNT,99bcf9ece88ab593ac665f316fc7272176dc74ac799757957670b809491d0bcb,ab631c6026e3f7cf5cfcff7c6a506eb84b6eeb62f1afa5703fc48ef0897e25fa,IMPUTED_CENSUS_SECTION_CONSTRUCTION_PERIOD,823.099,823.099,823.099,823.099,9,
29256,5b971cc739db1d01,IT.MidClim.AB.01.Gen.ReEx.001.001,AB,IT.01,DWELLING_LAYOUT_EMITTED_INTERZONE_MISMATCH_REROUTED,1086549d35ec0672d1d3f716858767a60ec6a12b7ad6fdf9c15c1b2472bd8f38,ab631c6026e3f7cf5cfcff7c6a506eb84b6eeb62f1afa5703fc48ef0897e25fa,IMPUTED_CENSUS_SECTION_CONSTRUCTION_PERIOD,8099.2395,8099.2395,8099.2395,8099.2395,11,
29258,b864ed940eafb5ca,IT.MidClim.AB.01.Gen.ReEx.001.001,AB,IT.01,FALLBACK_PENDING_LAYOUT_MISSING_DWELLING_COUNT,8ae97ab22ecd5c2844e3d44514edfd5153a638b6be57fe5bf39280a404f5a7bd,ab631c6026e3f7cf5cfcff7c6a506eb84b6eeb62f1afa5703fc48ef0897e25fa,IMPUTED_CENSUS_SECTION_CONSTRUCTION_PERIOD,1500.3714,1500.3714,1500.3714,1500.3714,10,near_duplicate_vertex_tolerated_box
29269,10e9a9b55b41b0cb,IT.MidClim.MFH.01.Gen.ReEx.001.001,MFH,IT.01,DWELLING_LAYOUT_EMITTED_INTERZONE_MISMATCH_REROUTED,6b32097d1405f8d20e38bc84db782abb0f4a65f114e32ea86c1fa128c273e5ca,ab631c6026e3f7cf5cfcff7c6a506eb84b6eeb62f1afa5703fc48ef0897e25fa,IMPUTED_CENSUS_SECTION_CONSTRUCTION_PERIOD,279.517,279.517,279.517,279.517,11,
29272,af0f01fce10feb41,IT.MidClim.AB.01.Gen.ReEx.001.001,AB,IT.01,DWELLING_LAYOUT_EMITTED_INTERZONE_MISMATCH_REROUTED,b0f45f87d33390eaf27ba8786c22f247ca1daf99a9437078135019bbe8de73dd,ab631c6026e3f7cf5cfcff7c6a506eb84b6eeb62f1afa5703fc48ef0897e25fa,IMPUTED_CENSUS_SECTION_CONSTRUCTION_PERIOD,1206.3338,1206.3338,1206.3338,1206.3338,13,
29278,1220ad1320cd9933,IT.MidClim.AB.05.Gen.ReEx.001.001,AB,IT.05,FALLBACK_PENDING_LAYOUT_MISSING_DWELLING_COUNT,10ccbc74d331e0b95b9337882adafc18e6dcf093660ec14021bdec8203fadb2f,ab631c6026e3f7cf5cfcff7c6a506eb84b6eeb62f1afa5703fc48ef0897e25fa,IMPUTED_CENSUS_SECTION_CONSTRUCTION_PERIOD,2497.8111,2497.8111,2497.8111,2497.8111,8,near_duplicate_vertex_tolerated_box
29279,abd51eaa731e1830,IT.MidClim.MFH.01.Gen.ReEx.001.001,MFH,IT.01,DWELLING_LAYOUT_EMITTED_IMPUTED_COUNT,a9c19b3b0555541269ed2cdb8f69f2a2383b1623b197bc13ec78264025dfc4f0,ab631c6026e3f7cf5cfcff7c6a506eb84b6eeb62f1afa5703fc48ef0897e25fa,IMPUTED_CENSUS_SECTION_CONSTRUCTION_PERIOD,693.9017,693.9017,678.2889,678.2889,6,
29292,2c130b1bef15fa69,IT.MidClim.MFH.05.Gen.ReEx.001.001,MFH,IT.05,DWELLING_LAYOUT_EMITTED_INTERZONE_MISMATCH_REROUTED,c22fbc5d0275ed9d465587b5a13059ef327cd6684ab8d47c4362c6d7e5eac7ae,ab631c6026e3f7cf5cfcff7c6a506eb84b6eeb62f1afa5703fc48ef0897e25fa,IMPUTED_CENSUS_SECTION_CONSTRUCTION_PERIOD,372.457,372.457,372.457,372.457,9,
29299,4a76beb63a2512ef,IT.MidClim.AB.01.Gen.ReEx.001.001,AB,IT.01,FALLBACK_PENDING_LAYOUT_MISSING_DWELLING_COUNT,2ae31063fd157bb54c7815a81640167474bb9a857562752695a506a751aa07f9,ab631c6026e3f7cf5cfcff7c6a506eb84b6eeb62f1afa5703fc48ef0897e25fa,IMPUTED_CENSUS_SECTION_CONSTRUCTION_PERIOD,1808.7237,1808.7237,1808.7237,1808.7237,8,near_duplicate_vertex_tolerated_box
29320,2e53202648b3ae9e,IT.MidClim.MFH.01.Gen.ReEx.001.001,MFH,IT.01,DWELLING_LAYOUT_EMITTED_IMPUTED_COUNT,c57914e1b7f8509e42974fdd36b91af96d2b0a6ee0142f9a79e409e84487fe74,ab631c6026e3f7cf5cfcff7c6a506eb84b6eeb62f1afa5703fc48ef0897e25fa,IMPUTED_CENSUS_SECTION_CONSTRUCTION_PERIOD,971.7808,971.7808,949.912,949.912,15,
29321,0c4cd0c1770f5fd2,IT.MidClim.MFH.01.Gen.ReEx.001.001,MFH,IT.01,DWELLING_LAYOUT_EMITTED_INTERZONE_MISMATCH_REROUTED,fe9e58717f2e315563779f07ebf795ec001f7b61f7c42b9ba7f9bb415e8f0fee,ab631c6026e3f7cf5cfcff7c6a506eb84b6eeb62f1afa5703fc48ef0897e25fa,IMPUTED_CENSUS_SECTION_CONSTRUCTION_PERIOD,192.4986,192.4986,192.4986,192.4986,9,
29329,8a099b6fab6a701c,IT.MidClim.MFH.01.Gen.ReEx.001.001,MFH,IT.01,DWELLING_LAYOUT_EMITTED_INTERZONE_MISMATCH_REROUTED,da2adb12e9be82fa1a0088d2ebb9a93b7ea15978710eda1f98f3cce253862863,ab631c6026e3f7cf5cfcff7c6a506eb84b6eeb62f1afa5703fc48ef0897e25fa,IMPUTED_CENSUS_SECTION_CONSTRUCTION_PERIOD,388.7159,388.7159,388.7159,388.7159,10,
29340,877c90a306a7abf0,IT.MidClim.AB.01.Gen.ReEx.001.001,AB,IT.01,DWELLING_LAYOUT_EMITTED_INTERZONE_MISMATCH_REROUTED,99e40a6644ada122c2ce5f30b7f7e716055f777ac4260b9de28b0e8cf8eac0fb,ab631c6026e3f7cf5cfcff7c6a506eb84b6eeb62f1afa5703fc48ef0897e25fa,IMPUTED_CENSUS_SECTION_CONSTRUCTION_PERIOD,308.3175,308.3175,308.3175,308.3175,9,
29341,19da1493f901936e,IT.MidClim.AB.01.Gen.ReEx.001.001,AB,IT.01,DWELLING_LAYOUT_EMITTED_INTERZONE_MISMATCH_REROUTED,84c89ffc8a83a4ac16f76daf5f203d6fbdc1ee51b0f8b36e435777db5e9e993b,ab631c6026e3f7cf5cfcff7c6a506eb84b6eeb62f1afa5703fc48ef0897e25fa,IMPUTED_CENSUS_SECTION_CONSTRUCTION_PERIOD,14936.9032,14936.9032,14936.9032,14936.9032,18,
29346,17bc3cd7c0dae335,IT.MidClim.MFH.01.Gen.ReEx.001.001,MFH,IT.01,DWELLING_LAYOUT_EMITTED_INTERZONE_MISMATCH_REROUTED,ff8a89e3c4906a7b652ecff1741610519da73dcd1e1f515d893e35398fe15529,ab631c6026e3f7cf5cfcff7c6a506eb84b6eeb62f1afa5703fc48ef0897e25fa,IMPUTED_CENSUS_SECTION_CONSTRUCTION_PERIOD,389.2928,389.2928,389.2928,389.2928,6,
29349,837a4cdc30a94a43,IT.MidClim.AB.01.Gen.ReEx.001.001,AB,IT.01,DWELLING_LAYOUT_EMITTED_IMPUTED_COUNT,40dbcd14adba45e44feb8077580716879dae122d9563d9851b324c00a98c99e5,ab631c6026e3f7cf5cfcff7c6a506eb84b6eeb62f1afa5703fc48ef0897e25fa,IMPUTED_CENSUS_SECTION_CONSTRUCTION_PERIOD,3939.7933,3939.7933,3585.2119,3585.2119,12,
29360,8474f71f82714a42,IT.MidClim.AB.01.Gen.ReEx.001.001,AB,IT.01,FALLBACK_PENDING_LAYOUT_MISSING_DWELLING_COUNT,7e0e5ee772023a83ce98c390d9aa7332eab2d1e56ea6c6214aea6b5083c7e1d5,ab631c6026e3f7cf5cfcff7c6a506eb84b6eeb62f1afa5703fc48ef0897e25fa,IMPUTED_CENSUS_SECTION_CONSTRUCTION_PERIOD,778.6175,778.6175,778.6175,778.6175,12,
29376,547af8608bbd33c0,IT.MidClim.AB.05.Gen.ReEx.001.001,AB,IT.05,FALLBACK_PENDING_LAYOUT_MISSING_DWELLING_COUNT,3da8dc8ca6ac6f03b879ae1b3f9b4d8a8fc98058f4fe8c4781ab3344179c80f3,ab631c6026e3f7cf5cfcff7c6a506eb84b6eeb62f1afa5703fc48ef0897e25fa,IMPUTED_CENSUS_SECTION_CONSTRUCTION_PERIOD,4292.052,4292.052,4292.052,4292.052,16,near_duplicate_vertex_tolerated_box
29392,6e4084a5240ab610,IT.MidClim.AB.01.Gen.ReEx.001.001,AB,IT.01,FALLBACK_PENDING_LAYOUT_MISSING_DWELLING_COUNT,60759833ea0cb6f3c82f1aa58798fcb164b42105887d36c852bd1ef009dece7d,ab631c6026e3f7cf5cfcff7c6a506eb84b6eeb62f1afa5703fc48ef0897e25fa,IMPUTED_CENSUS_SECTION_CONSTRUCTION_PERIOD,388.0782,388.0782,388.0782,388.0782,9,
29397,e70742e8ad6fa2ac,IT.MidClim.AB.01.Gen.ReEx.001.001,AB,IT.01,FALLBACK_PENDING_LAYOUT_MISSING_DWELLING_COUNT,a47f55358f69a1d9aa34e20a2cedc03d6f9ef1b349190d55361200b5f9d3de5a,ab631c6026e3f7cf5cfcff7c6a506eb84b6eeb62f1afa5703fc48ef0897e25fa,IMPUTED_CENSUS_SECTION_CONSTRUCTION_PERIOD,1783.1604,1783.1604,1783.1604,1783.1604,22,near_duplicate_vertex_tolerated_box
29404,9e92a6082ce41ce5,IT.MidClim.MFH.01.Gen.ReEx.001.001,MFH,IT.01,DWELLING_LAYOUT_EMITTED_IMPUTED_COUNT,005a863d87d5d9822225649b9626595ce2e2ec5af31f4b5a601193d80987d28e,ab631c6026e3f7cf5cfcff7c6a506eb84b6eeb62f1afa5703fc48ef0897e25fa,IMPUTED_CENSUS_SECTION_CONSTRUCTION_PERIOD,283.4249,283.4249,277.0853,277.0853,10,
29405,c4431153a15bd5b6,IT.MidClim.AB.01.Gen.ReEx.001.001,AB,IT.01,DWELLING_LAYOUT_EMITTED_INTERZONE_MISMATCH_REROUTED,2d88d07c3cd54fea3f6e3abd836fcedbdbade20947c6bb2009b9c866388e7b13,ab631c6026e3f7cf5cfcff7c6a506eb84b6eeb62f1afa5703fc48ef0897e25fa,IMPUTED_CENSUS_SECTION_CONSTRUCTION_PERIOD,1620.7076,1620.7076,1620.7076,1620.7076,6,
29410,97498c5cee448ca4,IT.MidClim.AB.01.Gen.ReEx.001.001,AB,IT.01,DWELLING_LAYOUT_EMITTED_INTERZONE_MISMATCH_REROUTED,ca42c0c759ae86d44f236ea404e39c01b0c73c01febe6acdf3f5ffb119f2a80d,ab631c6026e3f7cf5cfcff7c6a506eb84b6eeb62f1afa5703fc48ef0897e25fa,IMPUTED_CENSUS_SECTION_CONSTRUCTION_PERIOD,718.3707,718.3707,718.3707,718.3707,15,
29411,4e94ef170223425e,IT.MidClim.MFH.01.Gen.ReEx.001.001,MFH,IT.01,DWELLING_LAYOUT_EMITTED_IMPUTED_COUNT,df1bcd855bd922bdc53b5d9abf067ebe2021e2fa5e4afcf72424bf136001381f,ab631c6026e3f7cf5cfcff7c6a506eb84b6eeb62f1afa5703fc48ef0897e25fa,IMPUTED_CENSUS_SECTION_CONSTRUCTION_PERIOD,2145.8109,2145.8109,2097.4868,2097.4868,19,
29413,79517d449f70f396,IT.MidClim.AB.01.Gen.ReEx.001.001,AB,IT.01,FALLBACK_PENDING_LAYOUT_MISSING_DWELLING_COUNT,274e1171ea4361340750c9f956365fd8c1a2a24ac4c5ef7633619b4d95b4b80c,ab631c6026e3f7cf5cfcff7c6a506eb84b6eeb62f1afa5703fc48ef0897e25fa,IMPUTED_CENSUS_SECTION_CONSTRUCTION_PERIOD,1207.3235,1207.3235,1207.3235,1207.3235,4,
29417,6aa7cfec945ce6a5,IT.MidClim.AB.01.Gen.ReEx.001.001,AB,IT.01,DWELLING_LAYOUT_EMITTED_INTERZONE_MISMATCH_REROUTED,786f79ac7c63f67f917e22c6ec039eec55f3d21a7ba37f616afc57ea5af116db,ab631c6026e3f7cf5cfcff7c6a506eb84b6eeb62f1afa5703fc48ef0897e25fa,IMPUTED_CENSUS_SECTION_CONSTRUCTION_PERIOD,31746.9509,31746.9509,31746.9509,31746.9509,24,
29425,ab8c42b03a819da0,IT.MidClim.AB.01.Gen.ReEx.001.001,AB,IT.01,FALLBACK_PENDING_LAYOUT_MISSING_DWELLING_COUNT,a011f8d52d67297265ed50cf0dd069111e4c712a2bd6780af96963aed630d528,ab631c6026e3f7cf5cfcff7c6a506eb84b6eeb62f1afa5703fc48ef0897e25fa,IMPUTED_CENSUS_SECTION_CONSTRUCTION_PERIOD,5571.6812,5571.6812,5571.6812,5571.6812,12,near_duplicate_vertex_tolerated_box
29431,779e6d7e44ddc8e4,IT.MidClim.AB.01.Gen.ReEx.001.001,AB,IT.01,DWELLING_LAYOUT_EMITTED_IMPUTED_COUNT,aa1550854dffbbb7b9dd96b1344d7e2e4928b123a8c45aa2cdbcbb6700c35015,ab631c6026e3f7cf5cfcff7c6a506eb84b6eeb62f1afa5703fc48ef0897e25fa,IMPUTED_CENSUS_SECTION_CONSTRUCTION_PERIOD,6684.879,6684.879,6083.2399,6083.2399,10,
29437,eb12587a32c14283,IT.MidClim.AB.01.Gen.ReEx.001.001,AB,IT.01,FALLBACK_PENDING_LAYOUT_MISSING_DWELLING_COUNT,ba02318e36bb944ca3357c46dc2d43eab22889a4e0a5188a17a407c7cf44c8ce,ab631c6026e3f7cf5cfcff7c6a506eb84b6eeb62f1afa5703fc48ef0897e25fa,IMPUTED_CENSUS_SECTION_CONSTRUCTION_PERIOD,771.7655,771.7655,771.7655,771.7655,7,
29439,71858f4073219313,IT.MidClim.MFH.01.Gen.ReEx.001.001,MFH,IT.01,DWELLING_LAYOUT_EMITTED_INTERZONE_MISMATCH_REROUTED,c3ac28b97aff33136331e0a02d721775c0507d0c0b587e81cea4b16320a41990,ab631c6026e3f7cf5cfcff7c6a506eb84b6eeb62f1afa5703fc48ef0897e25fa,IMPUTED_CENSUS_SECTION_CONSTRUCTION_PERIOD,814.4974,814.4974,814.4974,814.4974,11,
29443,9c851445934aca04,IT.MidClim.AB.01.Gen.ReEx.001.001,AB,IT.01,FALLBACK_PENDING_LAYOUT_MISSING_DWELLING_COUNT,0c5d01533c163d0486963dd9f41910923984addf00eaf6477d018bc321660309,ab631c6026e3f7cf5cfcff7c6a506eb84b6eeb62f1afa5703fc48ef0897e25fa,IMPUTED_CENSUS_SECTION_CONSTRUCTION_PERIOD,861.6558,861.6558,861.6558,861.6558,12,
29444,21a78278e9875187,IT.MidClim.AB.01.Gen.ReEx.001.001,AB,IT.01,FALLBACK_PENDING_LAYOUT_MISSING_DWELLING_COUNT,a0708e605d618a2fe916c4ad7d5469f23620ce8fd64a486607142c56411cf5a2,ab631c6026e3f7cf5cfcff7c6a506eb84b6eeb62f1afa5703fc48ef0897e25fa,IMPUTED_CENSUS_SECTION_CONSTRUCTION_PERIOD,620.6614,620.6614,620.6614,620.6614,12,near_duplicate_vertex_tolerated_box
29454,ba3cb9ac6d5810e5,IT.MidClim.AB.01.Gen.ReEx.001.001,AB,IT.01,DWELLING_LAYOUT_EMITTED_INTERZONE_MISMATCH_REROUTED,563600bf4551a7f72c9ed96f6e7b72a98f4bbdeb5f42c7385eea4bc62698bf15,ab631c6026e3f7cf5cfcff7c6a506eb84b6eeb62f1afa5703fc48ef0897e25fa,IMPUTED_CENSUS_SECTION_CONSTRUCTION_PERIOD,21186.5311,21186.5311,21186.5311,21186.5311,18,
29466,d9b0b602eafb8123,IT.MidClim.AB.01.Gen.ReEx.001.001,AB,IT.01,FALLBACK_PENDING_LAYOUT_MISSING_DWELLING_COUNT,ede995949498fa5ff8e8298eecd196b29fb70723373f0e498064be13443e66d0,ab631c6026e3f7cf5cfcff7c6a506eb84b6eeb62f1afa5703fc48ef0897e25fa,IMPUTED_CENSUS_SECTION_CONSTRUCTION_PERIOD,882.523,882.523,882.523,882.523,9,
29484,002fe38ac60e5df4,IT.MidClim.AB.01.Gen.ReEx.001.001,AB,IT.01,FALLBACK_PENDING_LAYOUT_MISSING_DWELLING_COUNT,2f05876b328c7079026f490079700a413fb11176ce5eb5dae6e80568843925d4,ab631c6026e3f7cf5cfcff7c6a506eb84b6eeb62f1afa5703fc48ef0897e25fa,IMPUTED_CENSUS_SECTION_CONSTRUCTION_PERIOD,866.458,866.458,866.458,866.458,13,near_duplicate_vertex_tolerated_box
29485,24e88dca16eb4149,IT.MidClim.AB.01.Gen.ReEx.001.001,AB,IT.01,FALLBACK_PENDING_LAYOUT_MISSING_DWELLING_COUNT,ffc160f4451d60879561cb1e30a58b1f9eeea451f144f72b24b905c7ad2d2884,ab631c6026e3f7cf5cfcff7c6a506eb84b6eeb62f1afa5703fc48ef0897e25fa,IMPUTED_CENSUS_SECTION_CONSTRUCTION_PERIOD,2114.2159,2114.2159,2114.2159,2114.2159,14,near_duplicate_vertex_tolerated_box
29490,72b1bfbfce7f2d96,IT.MidClim.MFH.01.Gen.ReEx.001.001,MFH,IT.01,DWELLING_LAYOUT_EMITTED_INTERZONE_MISMATCH_REROUTED,2c462d65f05bce031f8db9ad7427e34a9ed341f2090d56649fbb90b92c2442b3,ab631c6026e3f7cf5cfcff7c6a506eb84b6eeb62f1afa5703fc48ef0897e25fa,IMPUTED_CENSUS_SECTION_CONSTRUCTION_PERIOD,394.4339,394.4339,394.4339,394.4339,5,
29497,fe0b9e9116d7b3d1,IT.MidClim.MFH.01.Gen.ReEx.001.001,MFH,IT.01,DWELLING_LAYOUT_EMITTED_IMPUTED_COUNT,5fe3ac466b549713569d528b973c2edb8f4a04cd40d114cce4096db11250e488,ab631c6026e3f7cf5cfcff7c6a506eb84b6eeb62f1afa5703fc48ef0897e25fa,IMPUTED_CENSUS_SECTION_CONSTRUCTION_PERIOD,565.9989,565.9989,553.2665,553.2665,15,
29502,1ea5711cbcc1a3a1,IT.MidClim.MFH.01.Gen.ReEx.001.001,MFH,IT.01,DWELLING_LAYOUT_EMITTED_INTERZONE_MISMATCH_REROUTED,1c6e902506a54a00ae476434e946a0e87d177583496dd35324f8f50c8b915620,ab631c6026e3f7cf5cfcff7c6a506eb84b6eeb62f1afa5703fc48ef0897e25fa,IMPUTED_CENSUS_SECTION_CONSTRUCTION_PERIOD,253.3879,253.3879,253.3879,253.3879,7,
29513,9724087e26fd0565,IT.MidClim.MFH.01.Gen.ReEx.001.001,MFH,IT.01,DWELLING_LAYOUT_EMITTED_INTERZONE_MISMATCH_REROUTED,2d9e730ae0dd2efc00d7a61ad98220ccf19d16fb8c2ee9fd5148b082de334e5c,ab631c6026e3f7cf5cfcff7c6a506eb84b6eeb62f1afa5703fc48ef0897e25fa,IMPUTED_CENSUS_SECTION_CONSTRUCTION_PERIOD,155.8436,155.8436,155.8436,155.8436,12,
29523,69d71e75a3a2bcc2,IT.MidClim.AB.01.Gen.ReEx.001.001,AB,IT.01,FALLBACK_PENDING_LAYOUT_MISSING_DWELLING_COUNT,fa1dbf215b29723662ec3c90f99329b574a34f7a8a7106c9b5dbecc4b182ff0b,ab631c6026e3f7cf5cfcff7c6a506eb84b6eeb62f1afa5703fc48ef0897e25fa,IMPUTED_CENSUS_SECTION_CONSTRUCTION_PERIOD,770.65,770.65,770.65,770.65,23,near_duplicate_vertex_tolerated_box
29530,98b850853d87a782,IT.MidClim.AB.01.Gen.ReEx.001.001,AB,IT.01,FALLBACK_PENDING_LAYOUT_MISSING_DWELLING_COUNT,8457336424b19997c842447e13d57fadb5c7eba693d7cf21f7886bd122a7094f,ab631c6026e3f7cf5cfcff7c6a506eb84b6eeb62f1afa5703fc48ef0897e25fa,IMPUTED_CENSUS_SECTION_CONSTRUCTION_PERIOD,2360.2597,2360.2597,2360.2597,2360.2597,17,
29559,b05944e9e93306f2,IT.MidClim.MFH.01.Gen.ReEx.001.001,MFH,IT.01,DWELLING_LAYOUT_EMITTED_INTERZONE_MISMATCH_REROUTED,fdb34132e1f24fe9f1c16124e9f5fd9c72e37b322d23516caaac1cfdd000e376,ab631c6026e3f7cf5cfcff7c6a506eb84b6eeb62f1afa5703fc48ef0897e25fa,IMPUTED_CENSUS_SECTION_CONSTRUCTION_PERIOD,286.4767,286.4767,286.4767,286.4767,14,
29582,de57ccb672965fcb,IT.MidClim.AB.05.Gen.ReEx.001.001,AB,IT.05,FALLBACK_PENDING_LAYOUT_MISSING_DWELLING_COUNT,65d71db12a5acc2293e8e8cc4868f50887b734a597e472dd8d9a70b663e539b2,ab631c6026e3f7cf5cfcff7c6a506eb84b6eeb62f1afa5703fc48ef0897e25fa,IMPUTED_CENSUS_SECTION_CONSTRUCTION_PERIOD,388.9086,388.9086,388.9086,388.9086,7,
29583,f60b0656bc0c416c,IT.MidClim.AB.01.Gen.ReEx.001.001,AB,IT.01,FALLBACK_PENDING_LAYOUT_MISSING_DWELLING_COUNT,af56a825692b7dde30beabfc860d15d7d725f3da7812c4792a126ab20eebb632,ab631c6026e3f7cf5cfcff7c6a506eb84b6eeb62f1afa5703fc48ef0897e25fa,IMPUTED_CENSUS_SECTION_CONSTRUCTION_PERIOD,2287.3122,2287.3122,2287.3122,2287.3122,8,near_duplicate_vertex_tolerated_box
29587,896e00e6277307f8,IT.MidClim.AB.01.Gen.ReEx.001.001,AB,IT.01,FALLBACK_PENDING_LAYOUT_MISSING_DWELLING_COUNT,5e29183ad284718d82c36b2e9a38ed7dd5e458fb4ccbf59d1bac716721139d6a,ab631c6026e3f7cf5cfcff7c6a506eb84b6eeb62f1afa5703fc48ef0897e25fa,IMPUTED_CENSUS_SECTION_CONSTRUCTION_PERIOD,2058.75,2058.75,2058.75,2058.75,7,
29589,1e0122735d885640,IT.MidClim.MFH.01.Gen.ReEx.001.001,MFH,IT.01,DWELLING_LAYOUT_EMITTED_INTERZONE_MISMATCH_REROUTED,ae8ed6fe25b680949c9ab67f563ce6831a48a7cf702ecc63567e2a499de9d1c4,ab631c6026e3f7cf5cfcff7c6a506eb84b6eeb62f1afa5703fc48ef0897e25fa,IMPUTED_CENSUS_SECTION_CONSTRUCTION_PERIOD,320.6888,320.6888,320.6888,320.6888,17,
29600,ccdeeae36aeca6b3,IT.MidClim.AB.05.Gen.ReEx.001.001,AB,IT.05,DWELLING_LAYOUT_EMITTED_INTERZONE_MISMATCH_REROUTED,3e169033545eb7d042bb77a2944dd3acd96ea0a3f1182f503a7123044d5a7eb0,ab631c6026e3f7cf5cfcff7c6a506eb84b6eeb62f1afa5703fc48ef0897e25fa,IMPUTED_CENSUS_SECTION_CONSTRUCTION_PERIOD,4010.0526,4010.0526,4010.0526,4010.0526,15,
29603,6879e670475cbd78,IT.MidClim.MFH.01.Gen.ReEx.001.001,MFH,IT.01,DWELLING_LAYOUT_EMITTED_INTERZONE_MISMATCH_REROUTED,97ee5cdb93468cfeff959cc62230c0eb3f60b8b77f46c7bcc88848051c02dae5,ab631c6026e3f7cf5cfcff7c6a506eb84b6eeb62f1afa5703fc48ef0897e25fa,IMPUTED_CENSUS_SECTION_CONSTRUCTION_PERIOD,112.1694,112.1694,112.1694,112.1694,13,
29605,7d2bcf05a143b6da,IT.MidClim.AB.05.Gen.ReEx.001.001,AB,IT.05,FALLBACK_PENDING_LAYOUT_MISSING_DWELLING_COUNT,842ea5ae64dc55a0621e52fa5547ecf90e5c55bf621cab8d98fa1cda1f4d07ea,ab631c6026e3f7cf5cfcff7c6a506eb84b6eeb62f1afa5703fc48ef0897e25fa,IMPUTED_CENSUS_SECTION_CONSTRUCTION_PERIOD,3226.1335,3226.1335,3226.1335,3226.1335,15,near_duplicate_vertex_tolerated_box
29606,854e17c361427870,IT.MidClim.AB.01.Gen.ReEx.001.001,AB,IT.01,FALLBACK_PENDING_LAYOUT_MISSING_DWELLING_COUNT,6aae5f1fc434deb8737595c45f0d0817ffe782c629b4412785aa4948aee7bf4e,ab631c6026e3f7cf5cfcff7c6a506eb84b6eeb62f1afa5703fc48ef0897e25fa,IMPUTED_CENSUS_SECTION_CONSTRUCTION_PERIOD,921.0309,921.0309,921.0309,921.0309,23,near_duplicate_vertex_tolerated_box
29610,d455a9fd77b1ee2b,IT.MidClim.MFH.01.Gen.ReEx.001.001,MFH,IT.01,DWELLING_LAYOUT_EMITTED_IMPUTED_COUNT,91788ec2f948531c8d91502c1415bd224f1c0fdaedf231758aea46cd03a5be81,ab631c6026e3f7cf5cfcff7c6a506eb84b6eeb62f1afa5703fc48ef0897e25fa,IMPUTED_CENSUS_SECTION_CONSTRUCTION_PERIOD,60.1229,60.1229,56.5155,56.5155,2,
29618,dc5cb4dcddab40d3,IT.MidClim.AB.01.Gen.ReEx.001.001,AB,IT.01,FALLBACK_PENDING_LAYOUT_MISSING_DWELLING_COUNT,7daa7b9e267c268ada3abdf6ec0c30d0f82785352ea340ffe301d045e7f3452e,ab631c6026e3f7cf5cfcff7c6a506eb84b6eeb62f1afa5703fc48ef0897e25fa,IMPUTED_CENSUS_SECTION_CONSTRUCTION_PERIOD,2800.653,2800.653,2800.653,2800.653,7,near_duplicate_vertex_tolerated_box
29620,9716394c2d8c06a5,IT.MidClim.AB.01.Gen.ReEx.001.001,AB,IT.01,FALLBACK_PENDING_LAYOUT_MISSING_DWELLING_COUNT,05a9f4574f9c2f12c57a20a726cb0daed9865398db97f95ffa5658bfb1895614,ab631c6026e3f7cf5cfcff7c6a506eb84b6eeb62f1afa5703fc48ef0897e25fa,IMPUTED_CENSUS_SECTION_CONSTRUCTION_PERIOD,936.8975,936.8975,936.8975,936.8975,6,
29629,19aed30fa5b6afa7,IT.MidClim.AB.01.Gen.ReEx.001.001,AB,IT.01,FALLBACK_PENDING_LAYOUT_MISSING_DWELLING_COUNT,e6e1bec7d4f2ea6bcac12f5ab09243e44008be30a14fce0e1b4a156c679ea142,ab631c6026e3f7cf5cfcff7c6a506eb84b6eeb62f1afa5703fc48ef0897e25fa,IMPUTED_CENSUS_SECTION_CONSTRUCTION_PERIOD,2063.205,2063.205,2063.205,2063.205,9,
29633,45413341c8fc2df4,IT.MidClim.MFH.01.Gen.ReEx.001.001,MFH,IT.01,DWELLING_LAYOUT_EMITTED_INTERZONE_MISMATCH_REROUTED,81631840c0e8853e4171c35f8ad940da53434e16a2d234cd59700564c1c94f6e,ab631c6026e3f7cf5cfcff7c6a506eb84b6eeb62f1afa5703fc48ef0897e25fa,IMPUTED_CENSUS_SECTION_CONSTRUCTION_PERIOD,437.7261,437.7261,437.7261,437.7261,18,
29634,acabfef895a6b922,IT.MidClim.MFH.01.Gen.ReEx.001.001,MFH,IT.01,DWELLING_LAYOUT_EMITTED_IMPUTED_COUNT,b4082e565eb6e696424f5aa0834d39eefc00e51b11d80acc78776397670b8037,ab631c6026e3f7cf5cfcff7c6a506eb84b6eeb62f1afa5703fc48ef0897e25fa,IMPUTED_CENSUS_SECTION_CONSTRUCTION_PERIOD,239.505,239.505,225.1349,225.1349,14,
29638,74b5504497e2cdc1,IT.MidClim.MFH.01.Gen.ReEx.001.001,MFH,IT.01,DWELLING_LAYOUT_EMITTED_IMPUTED_COUNT,bc3aa4f27dded88f8a191f2c283a8b2b58bd5527e8f7a14f601007c459f9d2b9,ab631c6026e3f7cf5cfcff7c6a506eb84b6eeb62f1afa5703fc48ef0897e25fa,IMPUTED_CENSUS_SECTION_CONSTRUCTION_PERIOD,1825.2508,1825.2508,1784.1939,1784.1939,9,
29643,b6d29a0f97543673,IT.MidClim.AB.01.Gen.ReEx.001.001,AB,IT.01,FALLBACK_PENDING_LAYOUT_MISSING_DWELLING_COUNT,46f98fd34693fc0e74236cd2f667bf1d3c26742d26b9f95b28e14d5b1dd5eb56,ab631c6026e3f7cf5cfcff7c6a506eb84b6eeb62f1afa5703fc48ef0897e25fa,IMPUTED_CENSUS_SECTION_CONSTRUCTION_PERIOD,1337.7963,1337.7963,1337.7963,1337.7963,8,near_duplicate_vertex_tolerated_box
29647,55bcd0e5f1995f8d,IT.MidClim.AB.01.Gen.ReEx.001.001,AB,IT.01,FALLBACK_PENDING_LAYOUT_MISSING_DWELLING_COUNT,7c39e5a075d0d374f60e6601a09271f03caab2d8911d3cf58719846edfe476bf,ab631c6026e3f7cf5cfcff7c6a506eb84b6eeb62f1afa5703fc48ef0897e25fa,IMPUTED_CENSUS_SECTION_CONSTRUCTION_PERIOD,6304.1077,6304.1077,6304.1077,6304.1077,8,near_duplicate_vertex_tolerated_box
29659,421b0fb0183975bd,IT.MidClim.AB.01.Gen.ReEx.001.001,AB,IT.01,FALLBACK_PENDING_LAYOUT_MISSING_DWELLING_COUNT,922267cd2d6694a8b20cda0a85a0533c30e9b2fb6d0f29ff00084ddac6ccf952,ab631c6026e3f7cf5cfcff7c6a506eb84b6eeb62f1afa5703fc48ef0897e25fa,IMPUTED_CENSUS_SECTION_CONSTRUCTION_PERIOD,4266.4497,4266.4497,4266.4497,4266.4497,13,near_duplicate_vertex_tolerated_box
29661,cead340bbc3be6c8,IT.MidClim.AB.01.Gen.ReEx.001.001,AB,IT.01,DWELLING_LAYOUT_EMITTED_INTERZONE_MISMATCH_REROUTED,7ed0f21c3a8c802bfa79e717df964caab8c422f1b895ca882bbaf9ee7ba32eb3,ab631c6026e3f7cf5cfcff7c6a506eb84b6eeb62f1afa5703fc48ef0897e25fa,IMPUTED_CENSUS_SECTION_CONSTRUCTION_PERIOD,489.6324,489.6324,489.6324,489.6324,12,
29665,e696878f55372064,IT.MidClim.MFH.01.Gen.ReEx.001.001,MFH,IT.01,DWELLING_LAYOUT_EMITTED_IMPUTED_COUNT,0b9acc520f72b7ca87e9c09ca568d2ff6c7b6d6e600d35e8764d5aa17f220497,ab631c6026e3f7cf5cfcff7c6a506eb84b6eeb62f1afa5703fc48ef0897e25fa,IMPUTED_CENSUS_SECTION_CONSTRUCTION_PERIOD,422.7217,422.7217,397.3584,397.3584,5,
29680,ea51ead6aa974313,IT.MidClim.TH.01.Gen.ReEx.001.001,TH,IT.01,DWELLING_LAYOUT_EMITTED_IMPUTED_COUNT,03831925cc2e8bfeb9079125571e0214557306b0daa6983dba6f5b79a44721ed,ab631c6026e3f7cf5cfcff7c6a506eb84b6eeb62f1afa5703fc48ef0897e25fa,IMPUTED_CENSUS_SECTION_CONSTRUCTION_PERIOD,28.1051,28.1051,28.1051,28.1051,14,
29684,192aa6a3a74999ce,IT.MidClim.MFH.01.Gen.ReEx.001.001,MFH,IT.01,DWELLING_LAYOUT_EMITTED_INTERZONE_MISMATCH_REROUTED,5a0f456070c69619e209faf1e484898e2cd15dcca2ec2b89a0b876e1a1a036e7,ab631c6026e3f7cf5cfcff7c6a506eb84b6eeb62f1afa5703fc48ef0897e25fa,IMPUTED_CENSUS_SECTION_CONSTRUCTION_PERIOD,478.4508,478.4508,478.4508,478.4508,22,
29685,008a85f69528b44f,IT.MidClim.AB.05.Gen.ReEx.001.001,AB,IT.05,FALLBACK_PENDING_LAYOUT_MISSING_DWELLING_COUNT,209de4b9963a76deb1a99f9e428e0137f2fe5de89fab436b6b1205d9342de1ae,ab631c6026e3f7cf5cfcff7c6a506eb84b6eeb62f1afa5703fc48ef0897e25fa,IMPUTED_CENSUS_SECTION_CONSTRUCTION_PERIOD,7160.3474,7160.3474,7160.3474,7160.3474,25,near_duplicate_vertex_tolerated_box
29688,5a4bb52b8b3f1e12,IT.MidClim.AB.01.Gen.ReEx.001.001,AB,IT.01,DWELLING_LAYOUT_EMITTED_IMPUTED_COUNT,6077f7382ab9e53ad06857faa3b9ef5c925c5651197cc7240019a2555a98649c,ab631c6026e3f7cf5cfcff7c6a506eb84b6eeb62f1afa5703fc48ef0897e25fa,IMPUTED_CENSUS_SECTION_CONSTRUCTION_PERIOD,200.899,200.899,182.8181,182.8181,16,
29694,4576e6faf380ce98,IT.MidClim.AB.01.Gen.ReEx.001.001,AB,IT.01,FALLBACK_PENDING_LAYOUT_MISSING_DWELLING_COUNT,763fb5ec31daabecc217dc22a3aced7f18755e2c8040e484396b32fc70a4dc0f,ab631c6026e3f7cf5cfcff7c6a506eb84b6eeb62f1afa5703fc48ef0897e25fa,IMPUTED_CENSUS_SECTION_CONSTRUCTION_PERIOD,3590.2488,3590.2488,3590.2488,3590.2488,11,near_duplicate_vertex_tolerated_box
29695,7b9a06f87851a9a4,IT.MidClim.AB.01.Gen.ReEx.001.001,AB,IT.01,FALLBACK_PENDING_LAYOUT_MISSING_DWELLING_COUNT,64fa4c7d586f1d475786e7ac37e024e5aa7fa88de5330b9303dc8d2742a4e58c,ab631c6026e3f7cf5cfcff7c6a506eb84b6eeb62f1afa5703fc48ef0897e25fa,IMPUTED_CENSUS_SECTION_CONSTRUCTION_PERIOD,1975.3471,1975.3471,1975.3471,1975.3471,7,near_duplicate_vertex_tolerated_box
29701,c5b537ab8f185531,IT.MidClim.AB.01.Gen.ReEx.001.001,AB,IT.01,FALLBACK_PENDING_LAYOUT_MISSING_DWELLING_COUNT,ac63da60a4fa2cf4a92897e3f1467ce9c31bdfa0447f36c9ff2fb4b0db190115,ab631c6026e3f7cf5cfcff7c6a506eb84b6eeb62f1afa5703fc48ef0897e25fa,IMPUTED_CENSUS_SECTION_CONSTRUCTION_PERIOD,2146.6762,2146.6762,2146.6762,2146.6762,12,near_duplicate_vertex_tolerated_box
29702,638333fed90ec213,IT.MidClim.AB.01.Gen.ReEx.001.001,AB,IT.01,FALLBACK_PENDING_LAYOUT_MISSING_DWELLING_COUNT,94ec3d10b0b9b07b699ceae23f920a25c570acb47b94ee547081eaabf9bee001,ab631c6026e3f7cf5cfcff7c6a506eb84b6eeb62f1afa5703fc48ef0897e25fa,IMPUTED_CENSUS_SECTION_CONSTRUCTION_PERIOD,2623.7526,2623.7526,2623.7526,2623.7526,11,near_duplicate_vertex_tolerated_box
29706,cd182eac99849de8,IT.MidClim.AB.01.Gen.ReEx.001.001,AB,IT.01,DWELLING_LAYOUT_EMITTED_IMPUTED_COUNT,3620776be8e932e30f7a31c8be75c28cc2b26c5b85ff7fdfcb94f58cc6ca9932,ab631c6026e3f7cf5cfcff7c6a506eb84b6eeb62f1afa5703fc48ef0897e25fa,IMPUTED_CENSUS_SECTION_CONSTRUCTION_PERIOD,2011.5549,2011.5549,1830.5149,1830.5149,5,
29718,e7d5d606936c3878,IT.MidClim.AB.01.Gen.ReEx.001.001,AB,IT.01,FALLBACK_PENDING_LAYOUT_MISSING_DWELLING_COUNT,f647f222348e9c4344fae520e7705667b99bdc32e9552a7f58e820bf3c1aaf74,ab631c6026e3f7cf5cfcff7c6a506eb84b6eeb62f1afa5703fc48ef0897e25fa,IMPUTED_CENSUS_SECTION_CONSTRUCTION_PERIOD,1419.327,1419.327,1419.327,1419.327,6,
29719,2d494105d3f4c9c8,IT.MidClim.AB.01.Gen.ReEx.001.001,AB,IT.01,FALLBACK_PENDING_LAYOUT_MISSING_DWELLING_COUNT,d8555e139d6327e72437ecd54cf9683bb54568465dc016b7feeb8b76cb935f56,ab631c6026e3f7cf5cfcff7c6a506eb84b6eeb62f1afa5703fc48ef0897e25fa,IMPUTED_CENSUS_SECTION_CONSTRUCTION_PERIOD,1981.6677,1981.6677,1981.6677,1981.6677,14,near_duplicate_vertex_tolerated_box
29726,a0b6398a42159580,IT.MidClim.MFH.01.Gen.ReEx.001.001,MFH,IT.01,DWELLING_LAYOUT_EMITTED_INTERZONE_MISMATCH_REROUTED,c7d29570714af1014b1fdb23120358b98afd6c115868a1cb4c5b199f118804bf,ab631c6026e3f7cf5cfcff7c6a506eb84b6eeb62f1afa5703fc48ef0897e25fa,IMPUTED_CENSUS_SECTION_CONSTRUCTION_PERIOD,276.6502,276.6502,276.6502,276.6502,20,
29727,b4801b543a6fc405,IT.MidClim.MFH.01.Gen.ReEx.001.001,MFH,IT.01,DWELLING_LAYOUT_EMITTED_IMPUTED_COUNT,d7560147f4b186f5a7decf037e272f3cc1ca3bba30f8d26cf709f0be73af88c7,ab631c6026e3f7cf5cfcff7c6a506eb84b6eeb62f1afa5703fc48ef0897e25fa,IMPUTED_CENSUS_SECTION_CONSTRUCTION_PERIOD,112.4236,112.4236,105.6783,105.6783,16,
29735,72b0f5afa7497061,IT.MidClim.AB.01.Gen.ReEx.001.001,AB,IT.01,FALLBACK_PENDING_LAYOUT_MISSING_DWELLING_COUNT,6f5e5b4c52b9a6796d1d874945030a0e0df5b440214d71c491e894d50b48e4ba,ab631c6026e3f7cf5cfcff7c6a506eb84b6eeb62f1afa5703fc48ef0897e25fa,IMPUTED_CENSUS_SECTION_CONSTRUCTION_PERIOD,1765.5431,1765.5431,1765.5431,1765.5431,8,
29737,6e41eb862ee65075,IT.MidClim.AB.01.Gen.ReEx.001.001,AB,IT.01,FALLBACK_PENDING_LAYOUT_MISSING_DWELLING_COUNT,221cec6c7e5d7e527581c537d0e9cebea213fc853c64746243940ad2108b4ae5,ab631c6026e3f7cf5cfcff7c6a506eb84b6eeb62f1afa5703fc48ef0897e25fa,IMPUTED_CENSUS_SECTION_CONSTRUCTION_PERIOD,3108.8447,3108.8447,3108.8447,3108.8447,10,near_duplicate_vertex_tolerated_box
29745,1692a4aa36cf57d2,IT.MidClim.MFH.01.Gen.ReEx.001.001,MFH,IT.01,DWELLING_LAYOUT_EMITTED_IMPUTED_COUNT,61fa94f8b0b2d073db4aae4277b15608f0d44b98bdc36d9e039fcd3231d9e593,ab631c6026e3f7cf5cfcff7c6a506eb84b6eeb62f1afa5703fc48ef0897e25fa,IMPUTED_CENSUS_SECTION_CONSTRUCTION_PERIOD,892.1274,892.1274,872.0545,872.0545,11,
29765,5f832c8205c75205,IT.MidClim.MFH.01.Gen.ReEx.001.001,MFH,IT.01,DWELLING_LAYOUT_EMITTED_INTERZONE_MISMATCH_REROUTED,291af44a7a51f8769ae5795040c316406ddb2c9112a509d60bf37daeda669801,ab631c6026e3f7cf5cfcff7c6a506eb84b6eeb62f1afa5703fc48ef0897e25fa,IMPUTED_CENSUS_SECTION_CONSTRUCTION_PERIOD,354.3531,354.3531,354.3531,354.3531,22,
29770,bf434fe11e492631,IT.MidClim.AB.01.Gen.ReEx.001.001,AB,IT.01,DWELLING_LAYOUT_EMITTED_IMPUTED_COUNT,68a8cbe4762a763658efd48ed5b5daa968e25ad154e8c2b8c150d0429d679079,ab631c6026e3f7cf5cfcff7c6a506eb84b6eeb62f1afa5703fc48ef0897e25fa,IMPUTED_CENSUS_SECTION_CONSTRUCTION_PERIOD,1366.2627,1366.2627,1243.2991,1243.2991,5,
29777,3b51aee0850e08a2,IT.MidClim.AB.01.Gen.ReEx.001.001,AB,IT.01,DWELLING_LAYOUT_EMITTED_INTERZONE_MISMATCH_REROUTED,60972e8baf8aacec76090764901d9029595ffeaa5ad2cb4aed3175da8fa4fa81,ab631c6026e3f7cf5cfcff7c6a506eb84b6eeb62f1afa5703fc48ef0897e25fa,IMPUTED_CENSUS_SECTION_CONSTRUCTION_PERIOD,474.0509,474.0509,474.0509,474.0509,21,
29782,40a6f8c0c4f9d5b1,IT.MidClim.AB.01.Gen.ReEx.001.001,AB,IT.01,FALLBACK_PENDING_LAYOUT_MISSING_DWELLING_COUNT,121ceb7a8e4f70f6fe98573104b0870be7acd64e1bdeb04d56e181859aecc8db,ab631c6026e3f7cf5cfcff7c6a506eb84b6eeb62f1afa5703fc48ef0897e25fa,IMPUTED_CENSUS_SECTION_CONSTRUCTION_PERIOD,1075.7963,1075.7963,1075.7963,1075.7963,11,near_duplicate_vertex_tolerated_box
29788,6354361f54aa3eb0,IT.MidClim.AB.01.Gen.ReEx.001.001,AB,IT.01,FALLBACK_PENDING_LAYOUT_MISSING_DWELLING_COUNT,49a47c8f1321fc53c0e8ce65dd34ca5f69ff7b2e97a1bb15d4a1b429b6507af2,ab631c6026e3f7cf5cfcff7c6a506eb84b6eeb62f1afa5703fc48ef0897e25fa,IMPUTED_CENSUS_SECTION_CONSTRUCTION_PERIOD,1224.9658,1224.9658,1224.9658,1224.9658,4,near_duplicate_vertex_tolerated_box
29793,4ac2c60f1e72094d,IT.MidClim.AB.01.Gen.ReEx.001.001,AB,IT.01,DWELLING_LAYOUT_EMITTED_IMPUTED_COUNT,98338690df7ddc56c8feaf705f2f4c8665076c297cd72a2e208c72229eb8a2d6,ab631c6026e3f7cf5cfcff7c6a506eb84b6eeb62f1afa5703fc48ef0897e25fa,IMPUTED_CENSUS_SECTION_CONSTRUCTION_PERIOD,13020.9633,13020.9633,12488.1803,12488.1803,13,
29801,a266223ec1b2a4c8,IT.MidClim.AB.01.Gen.ReEx.001.001,AB,IT.01,FALLBACK_PENDING_LAYOUT_MISSING_DWELLING_COUNT,19bbc6271d981f2ef89277b78cca60bcff06f4a3efe810a0431bed418a3ec756,ab631c6026e3f7cf5cfcff7c6a506eb84b6eeb62f1afa5703fc48ef0897e25fa,IMPUTED_CENSUS_SECTION_CONSTRUCTION_PERIOD,4492.2584,4492.2584,4492.2584,4492.2584,6,
29803,e1e1d8c336135456,IT.MidClim.SFH.01.Gen.ReEx.001.001,SFH,IT.01,DWELLING_LAYOUT_EMITTED_IMPUTED_COUNT,e5b8a600e5b50c3cb77ba3af40ccdb2e1caa753f16d7214489e9be0618bcfad0,ab631c6026e3f7cf5cfcff7c6a506eb84b6eeb62f1afa5703fc48ef0897e25fa,IMPUTED_CENSUS_SECTION_CONSTRUCTION_PERIOD,26.0805,26.0805,26.0805,26.0805,15,
29807,4c50796f75bd7283,IT.MidClim.AB.01.Gen.ReEx.001.001,AB,IT.01,FALLBACK_PENDING_LAYOUT_MISSING_DWELLING_COUNT,132e95eec0ed3a31cc6285912d56bd4b88b72678fc69176b6edf86a86febb1cc,ab631c6026e3f7cf5cfcff7c6a506eb84b6eeb62f1afa5703fc48ef0897e25fa,IMPUTED_CENSUS_SECTION_CONSTRUCTION_PERIOD,1064.2648,1064.2648,1064.2648,1064.2648,4,near_duplicate_vertex_tolerated_box
29813,935c839fe55ba29a,IT.MidClim.AB.01.Gen.ReEx.001.001,AB,IT.01,FALLBACK_PENDING_LAYOUT_MISSING_DWELLING_COUNT,f825a2c60e086c0e703d5e5c675f40fcb089f7143cdcab19b59d97b0109e14b7,ab631c6026e3f7cf5cfcff7c6a506eb84b6eeb62f1afa5703fc48ef0897e25fa,IMPUTED_CENSUS_SECTION_CONSTRUCTION_PERIOD,1410.3384,1410.3384,1410.3384,1410.3384,14,near_duplicate_vertex_tolerated_box
29816,a101378a9d41ec46,IT.MidClim.AB.01.Gen.ReEx.001.001,AB,IT.01,FALLBACK_PENDING_LAYOUT_MISSING_DWELLING_COUNT,1abf71014a6892f1c19e5f76fd4d42ee53b47911548d25f892b64cf1ebc7c384,ab631c6026e3f7cf5cfcff7c6a506eb84b6eeb62f1afa5703fc48ef0897e25fa,IMPUTED_CENSUS_SECTION_CONSTRUCTION_PERIOD,1304.0429,1304.0429,1304.0429,1304.0429,13,near_duplicate_vertex_tolerated_box
29821,0de8fcf0050466c9,IT.MidClim.AB.01.Gen.ReEx.001.001,AB,IT.01,FALLBACK_PENDING_LAYOUT_MISSING_DWELLING_COUNT,114efa775a08a55c52b1e4435559fbcc10e92e8186f15a9c91d6965a8da7faec,ab631c6026e3f7cf5cfcff7c6a506eb84b6eeb62f1afa5703fc48ef0897e25fa,IMPUTED_CENSUS_SECTION_CONSTRUCTION_PERIOD,1244.1878,1244.1878,1244.1878,1244.1878,21,near_duplicate_vertex_tolerated_box
29822,834e7630d2fafc8b,IT.MidClim.AB.01.Gen.ReEx.001.001,AB,IT.01,FALLBACK_PENDING_LAYOUT_MISSING_DWELLING_COUNT,42569a6083b3d257bf2c4e29d485314d56f6557cc99be5445425305d1deb92bb,ab631c6026e3f7cf5cfcff7c6a506eb84b6eeb62f1afa5703fc48ef0897e25fa,IMPUTED_CENSUS_SECTION_CONSTRUCTION_PERIOD,8190.2276,8190.2276,8190.2276,8190.2276,14,near_duplicate_vertex_tolerated_box
29836,c251c188253270ed,IT.MidClim.AB.01.Gen.ReEx.001.001,AB,IT.01,FALLBACK_PENDING_LAYOUT_MISSING_DWELLING_COUNT,656ddf7b69f842c76afaefbb671da388ccffaeaceccd6e5ee8b4114fa95c81af,ab631c6026e3f7cf5cfcff7c6a506eb84b6eeb62f1afa5703fc48ef0897e25fa,IMPUTED_CENSUS_SECTION_CONSTRUCTION_PERIOD,2342.8493,2342.8493,2342.8493,2342.8493,23,
29855,e78e7ffdd40fe2a4,IT.MidClim.AB.05.Gen.ReEx.001.001,AB,IT.05,FALLBACK_PENDING_LAYOUT_MISSING_DWELLING_COUNT,a24fc8917c66726f2dda3f123e143bc6c8a04b7e0b07200091a32e408f0d2e37,ab631c6026e3f7cf5cfcff7c6a506eb84b6eeb62f1afa5703fc48ef0897e25fa,IMPUTED_CENSUS_SECTION_CONSTRUCTION_PERIOD,1026.0834,1026.0834,1026.0834,1026.0834,18,near_duplicate_vertex_tolerated_box
29858,87f2a0a14be523c5,IT.MidClim.AB.01.Gen.ReEx.001.001,AB,IT.01,FALLBACK_PENDING_LAYOUT_MISSING_DWELLING_COUNT,ec7eac4a2a825da42199366065cdf3c8bd1631d7712c5b8e55a859a7884e7280,ab631c6026e3f7cf5cfcff7c6a506eb84b6eeb62f1afa5703fc48ef0897e25fa,IMPUTED_CENSUS_SECTION_CONSTRUCTION_PERIOD,1075.9454,1075.9454,1075.9454,1075.9454,13,near_duplicate_vertex_tolerated_box
29871,e2f838b0b49be290,IT.MidClim.AB.01.Gen.ReEx.001.001,AB,IT.01,DWELLING_LAYOUT_EMITTED_INTERZONE_MISMATCH_REROUTED,7d1f112f3b7456b421fdeef588ce23a2ed9efcf47e8ec34cf551237cf0a0f0d8,ab631c6026e3f7cf5cfcff7c6a506eb84b6eeb62f1afa5703fc48ef0897e25fa,IMPUTED_CENSUS_SECTION_CONSTRUCTION_PERIOD,16933.8877,16933.8877,16933.8877,16933.8877,11,
29884,9dee8f4b74f0ab73,IT.MidClim.AB.01.Gen.ReEx.001.001,AB,IT.01,DWELLING_LAYOUT_EMITTED_INTERZONE_MISMATCH_REROUTED,c2079b1ceee23c811c6c462ae9fe31892a60f08c3e26d6b1800b9098ea77e457,ab631c6026e3f7cf5cfcff7c6a506eb84b6eeb62f1afa5703fc48ef0897e25fa,IMPUTED_CENSUS_SECTION_CONSTRUCTION_PERIOD,1504.4694,1504.4694,1504.4694,1504.4694,11,
29885,ffd8e829d02742b1,IT.MidClim.AB.01.Gen.ReEx.001.001,AB,IT.01,DWELLING_LAYOUT_EMITTED_IMPUTED_COUNT,3ccec133dd1f227a2dbb1cbdbbe8d0205ff02884112f14501ca6c7f7e9315768,ab631c6026e3f7cf5cfcff7c6a506eb84b6eeb62f1afa5703fc48ef0897e25fa,IMPUTED_CENSUS_SECTION_CONSTRUCTION_PERIOD,4840.8005,4840.8005,4405.1284,4405.1284,16,
29890,02d1671c58e7fbf6,IT.MidClim.MFH.01.Gen.ReEx.001.001,MFH,IT.01,DWELLING_LAYOUT_EMITTED_INTERZONE_MISMATCH_REROUTED,134638621b2a8fd89c13671e2cb108c93c8167d023090009d87d56aca38f6394,ab631c6026e3f7cf5cfcff7c6a506eb84b6eeb62f1afa5703fc48ef0897e25fa,IMPUTED_CENSUS_SECTION_CONSTRUCTION_PERIOD,1486.7769,1486.7769,1486.7769,1486.7769,6,
29891,9c1ef5ae15efe5af,IT.MidClim.AB.01.Gen.ReEx.001.001,AB,IT.01,FALLBACK_PENDING_LAYOUT_MISSING_DWELLING_COUNT,ab98df541012664d3174e4f6809b04995760cd11289c604f155549e800de8760,ab631c6026e3f7cf5cfcff7c6a506eb84b6eeb62f1afa5703fc48ef0897e25fa,IMPUTED_CENSUS_SECTION_CONSTRUCTION_PERIOD,3385.7351,3385.7351,3385.7351,3385.7351,8,
29893,63799d88c89f6f7c,IT.MidClim.AB.01.Gen.ReEx.001.001,AB,IT.01,FALLBACK_PENDING_LAYOUT_MISSING_DWELLING_COUNT,612befbb4a968740f9b394d063a792442bf550a71d65e89a36f3e68900613418,ab631c6026e3f7cf5cfcff7c6a506eb84b6eeb62f1afa5703fc48ef0897e25fa,IMPUTED_CENSUS_SECTION_CONSTRUCTION_PERIOD,4685.5895,4685.5895,4685.5895,4685.5895,9,near_duplicate_vertex_tolerated_box
29896,26c3d14148d8d03c,IT.MidClim.AB.01.Gen.ReEx.001.001,AB,IT.01,FALLBACK_PENDING_LAYOUT_MISSING_DWELLING_COUNT,2a58a18132077a46b3e73afbe6d47e0c749e3b92607b219dc257325a892d48eb,ab631c6026e3f7cf5cfcff7c6a506eb84b6eeb62f1afa5703fc48ef0897e25fa,IMPUTED_CENSUS_SECTION_CONSTRUCTION_PERIOD,932.676,932.676,932.676,932.676,14,near_duplicate_vertex_tolerated_box
29897,72ad7bef1bcda775,IT.MidClim.SFH.01.Gen.ReEx.001.001,SFH,IT.01,DWELLING_LAYOUT_EMITTED_IMPUTED_COUNT,5d649143bbbaea7325650ddf3d3a925144baa0d2c28e055703c62e7c044b82f7,ab631c6026e3f7cf5cfcff7c6a506eb84b6eeb62f1afa5703fc48ef0897e25fa,IMPUTED_CENSUS_SECTION_CONSTRUCTION_PERIOD,70.558,70.558,70.558,70.558,17,
29899,e846cacf96f82687,IT.MidClim.MFH.01.Gen.ReEx.001.001,MFH,IT.01,DWELLING_LAYOUT_EMITTED_IMPUTED_COUNT,688877a4f7034d865873bbdd81476b7185ddd9b8189a707adaf75ba464a26c59,ab631c6026e3f7cf5cfcff7c6a506eb84b6eeb62f1afa5703fc48ef0897e25fa,IMPUTED_CENSUS_SECTION_CONSTRUCTION_PERIOD,518.134,518.134,506.4759,506.4759,4,
29904,4f0cdb4a5c36ccf3,IT.MidClim.AB.01.Gen.ReEx.001.001,AB,IT.01,FALLBACK_PENDING_LAYOUT_MISSING_DWELLING_COUNT,822daa993648dd739e20ca0008463dd7574b20940e669d82cc6590821f25bda1,ab631c6026e3f7cf5cfcff7c6a506eb84b6eeb62f1afa5703fc48ef0897e25fa,IMPUTED_CENSUS_SECTION_CONSTRUCTION_PERIOD,1282.3327,1282.3327,1282.3327,1282.3327,6,
29917,6cf43ee5bd505288,IT.MidClim.AB.01.Gen.ReEx.001.001,AB,IT.01,DWELLING_LAYOUT_EMITTED_INTERZONE_MISMATCH_REROUTED,dc9ac26fb32d73b4562c3bc46c968938ea4b21841e5615e7d8812b2cf0fdf76c,ab631c6026e3f7cf5cfcff7c6a506eb84b6eeb62f1afa5703fc48ef0897e25fa,IMPUTED_CENSUS_SECTION_CONSTRUCTION_PERIOD,1107.6022,1107.6022,1107.6022,1107.6022,9,
29928,fe78d1cd8c44e58d,IT.MidClim.SFH.01.Gen.ReEx.001.001,SFH,IT.01,DWELLING_LAYOUT_EMITTED_IMPUTED_COUNT,5478408046550a855b1854e83502abf15d38ef07418fb1484d8e424733ad7933,ab631c6026e3f7cf5cfcff7c6a506eb84b6eeb62f1afa5703fc48ef0897e25fa,IMPUTED_CENSUS_SECTION_CONSTRUCTION_PERIOD,29.851,29.851,29.851,29.851,14,
29944,e14aa829abd9b3e3,IT.MidClim.AB.01.Gen.ReEx.001.001,AB,IT.01,FALLBACK_PENDING_LAYOUT_MISSING_DWELLING_COUNT,c4e39a80f6011b9d7f720d8d50a95f8226e15cb4837f10b3a3aaaa575bf3b3ba,ab631c6026e3f7cf5cfcff7c6a506eb84b6eeb62f1afa5703fc48ef0897e25fa,IMPUTED_CENSUS_SECTION_CONSTRUCTION_PERIOD,4096.262,4096.262,4096.262,4096.262,19,near_duplicate_vertex_tolerated_box
29963,06f679faf3b2319c,IT.MidClim.MFH.01.Gen.ReEx.001.001,MFH,IT.01,DWELLING_LAYOUT_EMITTED_IMPUTED_COUNT,65a0ef3cbcd54d593bc94f7e928d7a90fba5291973ab0a7f4fbd6498179d65e4,ab631c6026e3f7cf5cfcff7c6a506eb84b6eeb62f1afa5703fc48ef0897e25fa,IMPUTED_CENSUS_SECTION_CONSTRUCTION_PERIOD,166.122,166.122,162.3856,162.3856,13,
29965,dc00315a6e4596cb,IT.MidClim.AB.01.Gen.ReEx.001.001,AB,IT.01,FALLBACK_PENDING_LAYOUT_MISSING_DWELLING_COUNT,7793cb40bad0f7d9c3d8dd0141419cc0228d58e6a947e3963c1c1584bd27d108,ab631c6026e3f7cf5cfcff7c6a506eb84b6eeb62f1afa5703fc48ef0897e25fa,IMPUTED_CENSUS_SECTION_CONSTRUCTION_PERIOD,1878.074,1878.074,1878.074,1878.074,14,near_duplicate_vertex_tolerated_box
29968,033eeff0347fe6cf,IT.MidClim.AB.01.Gen.ReEx.001.001,AB,IT.01,DWELLING_LAYOUT_EMITTED_IMPUTED_COUNT,91eaf04c78f077c5babdf73d267bc2a7e7199205a74d58ab77b564ced3746c2a,ab631c6026e3f7cf5cfcff7c6a506eb84b6eeb62f1afa5703fc48ef0897e25fa,IMPUTED_CENSUS_SECTION_CONSTRUCTION_PERIOD,1241.0102,1241.0102,1129.3192,1129.3192,5,
29969,20a0b846a834bd66,IT.MidClim.AB.01.Gen.ReEx.001.001,AB,IT.01,FALLBACK_PENDING_LAYOUT_MISSING_DWELLING_COUNT,cb01134d97af95a588c42779e746305f7574cda4d5dee3767a671d687c502aa3,ab631c6026e3f7cf5cfcff7c6a506eb84b6eeb62f1afa5703fc48ef0897e25fa,IMPUTED_CENSUS_SECTION_CONSTRUCTION_PERIOD,6466.8231,6466.8231,6466.8231,6466.8231,9,
29997,0e4d9505e16da3fb,IT.MidClim.AB.01.Gen.ReEx.001.001,AB,IT.01,DWELLING_LAYOUT_EMITTED_INTERZONE_MISMATCH_REROUTED,a17efb3656c12315205040c87bdbf437390e0edc619765882eecf4be74f6ec64,ab631c6026e3f7cf5cfcff7c6a506eb84b6eeb62f1afa5703fc48ef0897e25fa,IMPUTED_CENSUS_SECTION_CONSTRUCTION_PERIOD,5012.1617,5012.1617,5012.1617,5012.1617,15,
30000,891937cb335016e9,IT.MidClim.AB.01.Gen.ReEx.001.001,AB,IT.01,FALLBACK_PENDING_LAYOUT_MISSING_DWELLING_COUNT,e50a6d6c59756e04927e47e85c8eee1ef862dea1ff22c51e72a3d8b68513cd6b,ab631c6026e3f7cf5cfcff7c6a506eb84b6eeb62f1afa5703fc48ef0897e25fa,IMPUTED_CENSUS_SECTION_CONSTRUCTION_PERIOD,3787.0537,3787.0537,3787.0537,3787.0537,9,near_duplicate_vertex_tolerated_box
30001,acb6af4c0a661cee,IT.MidClim.AB.01.Gen.ReEx.001.001,AB,IT.01,FALLBACK_PENDING_LAYOUT_MISSING_DWELLING_COUNT,b0f31230462050f94524645410dc2d8278b2eceb9efb23912f23d32c04aee41c,ab631c6026e3f7cf5cfcff7c6a506eb84b6eeb62f1afa5703fc48ef0897e25fa,IMPUTED_CENSUS_SECTION_CONSTRUCTION_PERIOD,1602.9824,1602.9824,1602.9824,1602.9824,17,near_duplicate_vertex_tolerated_box
30004,c7005fcec52bbc12,IT.MidClim.AB.01.Gen.ReEx.001.001,AB,IT.01,FALLBACK_PENDING_LAYOUT_MISSING_DWELLING_COUNT,9cc5987c5a7901f245284c45d952a30e7027624f2ae55685947aa9c54dd7bbb7,ab631c6026e3f7cf5cfcff7c6a506eb84b6eeb62f1afa5703fc48ef0897e25fa,IMPUTED_CENSUS_SECTION_CONSTRUCTION_PERIOD,804.4915,804.4915,804.4915,804.4915,18,near_duplicate_vertex_tolerated_box
30013,58f25d3f0e332be9,IT.MidClim.AB.01.Gen.ReEx.001.001,AB,IT.01,FALLBACK_PENDING_LAYOUT_MISSING_DWELLING_COUNT,247b3c088d1b44e5ae45c9fb50f4ee0c1523ec51f9a34613c487b5fdb2ec4c24,ab631c6026e3f7cf5cfcff7c6a506eb84b6eeb62f1afa5703fc48ef0897e25fa,IMPUTED_CENSUS_SECTION_CONSTRUCTION_PERIOD,5033.5781,5033.5781,5033.5781,5033.5781,21,near_duplicate_vertex_tolerated_box
30016,9477e5e3f8aa6ec8,IT.MidClim.MFH.05.Gen.ReEx.001.001,MFH,IT.05,FALLBACK_PENDING_LAYOUT_MISSING_DWELLING_COUNT,6244cb910218b972c066316aa469d03561d8a8f811d23835d340ae2723e7f5c8,ab631c6026e3f7cf5cfcff7c6a506eb84b6eeb62f1afa5703fc48ef0897e25fa,IMPUTED_CENSUS_SECTION_CONSTRUCTION_PERIOD,542.1709,542.1709,542.1709,542.1709,18,near_duplicate_vertex_tolerated_box
30018,b8d1e3869b04d6ce,IT.MidClim.AB.01.Gen.ReEx.001.001,AB,IT.01,DWELLING_LAYOUT_EMITTED_IMPUTED_COUNT,1bada3653c26305258029864f9a1ad91fb689ec5eef83498d4d2f676defa897a,ab631c6026e3f7cf5cfcff7c6a506eb84b6eeb62f1afa5703fc48ef0897e25fa,IMPUTED_CENSUS_SECTION_CONSTRUCTION_PERIOD,1263.9349,1263.9349,1098.8214,1098.8214,7,
30023,b49d9a7ec64a2f5b,IT.MidClim.AB.01.Gen.ReEx.001.001,AB,IT.01,DWELLING_LAYOUT_EMITTED_INTERZONE_MISMATCH_REROUTED,d9c186621201d26059d5135fc8cfb2f087ee4fbcec6821ecd7714d0e4b42b749,ab631c6026e3f7cf5cfcff7c6a506eb84b6eeb62f1afa5703fc48ef0897e25fa,IMPUTED_CENSUS_SECTION_CONSTRUCTION_PERIOD,2067.0491,2067.0491,2067.0491,2067.0491,7,
30025,89eea66ba6ada782,IT.MidClim.AB.01.Gen.ReEx.001.001,AB,IT.01,FALLBACK_PENDING_LAYOUT_MISSING_DWELLING_COUNT,d1cf1fa776df505a66fd058d61e6dda5f18f05bffc00f9201c8fe9aeb9495709,ab631c6026e3f7cf5cfcff7c6a506eb84b6eeb62f1afa5703fc48ef0897e25fa,IMPUTED_CENSUS_SECTION_CONSTRUCTION_PERIOD,7506.3112,7506.3112,7506.3112,7506.3112,10,
30026,793da1cca60e6348,IT.MidClim.MFH.01.Gen.ReEx.001.001,MFH,IT.01,DWELLING_LAYOUT_EMITTED_INTERZONE_MISMATCH_REROUTED,7df5c159e88c756d1b4407eb243397483d0172f2037f28db2644554730681cfb,ab631c6026e3f7cf5cfcff7c6a506eb84b6eeb62f1afa5703fc48ef0897e25fa,IMPUTED_CENSUS_SECTION_CONSTRUCTION_PERIOD,818.976,818.976,818.976,818.976,7,
30030,94f83a4be13d8f21,IT.MidClim.AB.01.Gen.ReEx.001.001,AB,IT.01,FALLBACK_PENDING_LAYOUT_MISSING_DWELLING_COUNT,b51b85028796fc47c4a94098b6be477fa01fe806370906a080e5b1c09a142f15,ab631c6026e3f7cf5cfcff7c6a506eb84b6eeb62f1afa5703fc48ef0897e25fa,IMPUTED_CENSUS_SECTION_CONSTRUCTION_PERIOD,4951.8909,4951.8909,4951.8909,4951.8909,15,near_duplicate_vertex_tolerated_box
30031,c2b86b37d0a62f31,IT.MidClim.AB.01.Gen.ReEx.001.001,AB,IT.01,DWELLING_LAYOUT_EMITTED_INTERZONE_MISMATCH_REROUTED,09f1410c19e1464d224ae980351dbde192572afe9a2d88c0a1332df1db91e2c9,ab631c6026e3f7cf5cfcff7c6a506eb84b6eeb62f1afa5703fc48ef0897e25fa,IMPUTED_CENSUS_SECTION_CONSTRUCTION_PERIOD,537.6834,537.6834,537.6834,537.6834,16,
30035,a51529969a2c3eeb,IT.MidClim.MFH.01.Gen.ReEx.001.001,MFH,IT.01,DWELLING_LAYOUT_EMITTED_INTERZONE_MISMATCH_REROUTED,be5abd1b1c4bfe12bc995af6592d6ae0ebb14bcbacf9f90b0a09fda5e97e61ae,ab631c6026e3f7cf5cfcff7c6a506eb84b6eeb62f1afa5703fc48ef0897e25fa,IMPUTED_CENSUS_SECTION_CONSTRUCTION_PERIOD,588.1654,588.1654,588.1654,588.1654,8,
30037,2d7af2d491812667,IT.MidClim.AB.01.Gen.ReEx.001.001,AB,IT.01,FALLBACK_PENDING_LAYOUT_MISSING_DWELLING_COUNT,268ad18fb635eac04b8fc80d4daf544f7d9921b3cb5c519406aa0bcc132b8a18,ab631c6026e3f7cf5cfcff7c6a506eb84b6eeb62f1afa5703fc48ef0897e25fa,IMPUTED_CENSUS_SECTION_CONSTRUCTION_PERIOD,501.291,501.291,501.291,501.291,11,
30038,8ffb2e11b301694b,IT.MidClim.AB.01.Gen.ReEx.001.001,AB,IT.01,FALLBACK_PENDING_LAYOUT_MISSING_DWELLING_COUNT,3107c07dc68b3e3014f6dec5c90d7c4fbd4240bd5bf7031aae3aae0278f04429,ab631c6026e3f7cf5cfcff7c6a506eb84b6eeb62f1afa5703fc48ef0897e25fa,IMPUTED_CENSUS_SECTION_CONSTRUCTION_PERIOD,20768.7976,20768.7976,20768.7976,20768.7976,8,near_duplicate_vertex_tolerated_box
30042,93487a3be9cabf93,IT.MidClim.AB.01.Gen.ReEx.001.001,AB,IT.01,FALLBACK_PENDING_LAYOUT_MISSING_DWELLING_COUNT,87b2d5ef4e33263c29442a6b53c016f28facd46be35a9fbc84af1e42e5c3bbbf,ab631c6026e3f7cf5cfcff7c6a506eb84b6eeb62f1afa5703fc48ef0897e25fa,IMPUTED_CENSUS_SECTION_CONSTRUCTION_PERIOD,805.1506,805.1506,805.1506,805.1506,15,near_duplicate_vertex_tolerated_box
30046,8c45604ff77b96a8,IT.MidClim.AB.01.Gen.ReEx.001.001,AB,IT.01,FALLBACK_PENDING_LAYOUT_MISSING_DWELLING_COUNT,b82778a620be5801d4536ea39227fa456687a233a6f181815901d43012a4bf29,ab631c6026e3f7cf5cfcff7c6a506eb84b6eeb62f1afa5703fc48ef0897e25fa,IMPUTED_CENSUS_SECTION_CONSTRUCTION_PERIOD,938.446,938.446,938.446,938.446,12,near_duplicate_vertex_tolerated_box
30051,c20284c1db81daa2,IT.MidClim.MFH.01.Gen.ReEx.001.001,MFH,IT.01,DWELLING_LAYOUT_EMITTED_IMPUTED_COUNT,e9c1b1880496def8fa482d424cad5f540ac6c59d3b42baa91909e91a35edf606,ab631c6026e3f7cf5cfcff7c6a506eb84b6eeb62f1afa5703fc48ef0897e25fa,IMPUTED_CENSUS_SECTION_CONSTRUCTION_PERIOD,924.2787,924.2787,903.4825,903.4825,5,
30056,c2cb8fbcf9566e9f,IT.MidClim.AB.01.Gen.ReEx.001.001,AB,IT.01,DWELLING_LAYOUT_EMITTED_INTERZONE_MISMATCH_REROUTED,10fc5e22b824944f9eef8abe8ae2c68ccecb9fe9e26d49a9057542e5f2271714,ab631c6026e3f7cf5cfcff7c6a506eb84b6eeb62f1afa5703fc48ef0897e25fa,IMPUTED_CENSUS_SECTION_CONSTRUCTION_PERIOD,3053.1877,3053.1877,3053.1877,3053.1877,12,
30070,69848406e052e439,IT.MidClim.AB.01.Gen.ReEx.001.001,AB,IT.01,FALLBACK_PENDING_LAYOUT_MISSING_DWELLING_COUNT,a0a3be37c318f223391ea536d4fef7054e68b6598a44b506571b99b9fa2a8c22,ab631c6026e3f7cf5cfcff7c6a506eb84b6eeb62f1afa5703fc48ef0897e25fa,IMPUTED_CENSUS_SECTION_CONSTRUCTION_PERIOD,1571.4238,1571.4238,1571.4238,1571.4238,17,near_duplicate_vertex_tolerated_box
30072,96ff6611ed5904a4,IT.MidClim.AB.01.Gen.ReEx.001.001,AB,IT.01,FALLBACK_PENDING_LAYOUT_MISSING_DWELLING_COUNT,8923070fde9618264137aa95f8a5b407212b8cfd5af8dd34d91c5619e6b0bee7,ab631c6026e3f7cf5cfcff7c6a506eb84b6eeb62f1afa5703fc48ef0897e25fa,IMPUTED_CENSUS_SECTION_CONSTRUCTION_PERIOD,6214.0152,6214.0152,6214.0152,6214.0152,11,near_duplicate_vertex_tolerated_box
30079,73f057c3628bc370,IT.MidClim.AB.01.Gen.ReEx.001.001,AB,IT.01,FALLBACK_PENDING_LAYOUT_MISSING_DWELLING_COUNT,099272f1b578da0d7904f9198488e1532bde87494caf28db41fc6d369257b7c5,ab631c6026e3f7cf5cfcff7c6a506eb84b6eeb62f1afa5703fc48ef0897e25fa,IMPUTED_CENSUS_SECTION_CONSTRUCTION_PERIOD,953.0133,953.0133,953.0133,953.0133,15,near_duplicate_vertex_tolerated_box
30083,59d23e21ae6fc044,IT.MidClim.AB.01.Gen.ReEx.001.001,AB,IT.01,DWELLING_LAYOUT_EMITTED_INTERZONE_MISMATCH_REROUTED,74c647317d04cd5e73781a74975d7587b8a4e3d04e49426c73f0b4d328953812,ab631c6026e3f7cf5cfcff7c6a506eb84b6eeb62f1afa5703fc48ef0897e25fa,IMPUTED_CENSUS_SECTION_CONSTRUCTION_PERIOD,844.1656,844.1656,844.1656,844.1656,13,
30090,d8a1a0d8ceb5dc73,IT.MidClim.AB.01.Gen.ReEx.001.001,AB,IT.01,DWELLING_LAYOUT_EMITTED_IMPUTED_COUNT,b99b3c09e2c11a340270e55cad53f2fcaed298313a55b2285288280450706a30,ab631c6026e3f7cf5cfcff7c6a506eb84b6eeb62f1afa5703fc48ef0897e25fa,IMPUTED_CENSUS_SECTION_CONSTRUCTION_PERIOD,70106.9798,70106.9798,68651.0606,68651.0606,7,
30103,5864f9ee4661928c,IT.MidClim.AB.01.Gen.ReEx.001.001,AB,IT.01,DWELLING_LAYOUT_EMITTED_INTERZONE_MISMATCH_REROUTED,109993380e5b0887ee599dde64a196c84be47c0c01636966005dc20dc2961459,ab631c6026e3f7cf5cfcff7c6a506eb84b6eeb62f1afa5703fc48ef0897e25fa,IMPUTED_CENSUS_SECTION_CONSTRUCTION_PERIOD,693.337,693.337,693.337,693.337,11,
30116,bd84e98d38ef0087,IT.MidClim.MFH.05.Gen.ReEx.001.001,MFH,IT.05,FALLBACK_PENDING_LAYOUT_MISSING_DWELLING_COUNT,a8b16589ccc3342f260431b95255546132fe4231a65c33e4e9704a7f60943a88,ab631c6026e3f7cf5cfcff7c6a506eb84b6eeb62f1afa5703fc48ef0897e25fa,IMPUTED_CENSUS_SECTION_CONSTRUCTION_PERIOD,475.1079,475.1079,475.1079,475.1079,18,
30127,cdc5de279bbdd2dd,IT.MidClim.AB.01.Gen.ReEx.001.001,AB,IT.01,FALLBACK_PENDING_LAYOUT_MISSING_DWELLING_COUNT,f75ce771c9559c7b3bafcc0fffc2cd1ccc000b72ada9b454ad5fa7341df3dc86,ab631c6026e3f7cf5cfcff7c6a506eb84b6eeb62f1afa5703fc48ef0897e25fa,IMPUTED_CENSUS_SECTION_CONSTRUCTION_PERIOD,3218.3513,3218.3513,3218.3513,3218.3513,8,near_duplicate_vertex_tolerated_box
30130,3be39fae908c08de,IT.MidClim.AB.01.Gen.ReEx.001.001,AB,IT.01,FALLBACK_PENDING_LAYOUT_MISSING_DWELLING_COUNT,44a3da1a7cae17da4595555539b3d91748e0a7027ea4f9cb1dcdd49fe538ee12,ab631c6026e3f7cf5cfcff7c6a506eb84b6eeb62f1afa5703fc48ef0897e25fa,IMPUTED_CENSUS_SECTION_CONSTRUCTION_PERIOD,10605.2637,10605.2637,10605.2637,10605.2637,19,near_duplicate_vertex_tolerated_box
30136,7b2d347a4f666d51,IT.MidClim.AB.01.Gen.ReEx.001.001,AB,IT.01,FALLBACK_PENDING_LAYOUT_MISSING_DWELLING_COUNT,9f0c940ac270f03ecea44006fb8337fbfc21e5682ad0ac1bbc47a7a06d3fdf0b,ab631c6026e3f7cf5cfcff7c6a506eb84b6eeb62f1afa5703fc48ef0897e25fa,IMPUTED_CENSUS_SECTION_CONSTRUCTION_PERIOD,847.0278,847.0278,847.0278,847.0278,13,
30139,9e722a31fb64e445,IT.MidClim.MFH.05.Gen.ReEx.001.001,MFH,IT.05,FALLBACK_PENDING_LAYOUT_MISSING_DWELLING_COUNT,af2c87e43e2d51200072dbae5f8a5dbbb8431ec410753d02d26211e3e16232b2,ab631c6026e3f7cf5cfcff7c6a506eb84b6eeb62f1afa5703fc48ef0897e25fa,IMPUTED_CENSUS_SECTION_CONSTRUCTION_PERIOD,855.4749,855.4749,855.4749,855.4749,17,near_duplicate_vertex_tolerated_box
30140,41ffb8aedf22e338,IT.MidClim.MFH.01.Gen.ReEx.001.001,MFH,IT.01,DWELLING_LAYOUT_EMITTED_IMPUTED_COUNT,c13fb2b93ba19475e2e2d63d469b4c3195a35d2d5ef2e92e923498ff1df74c60,ab631c6026e3f7cf5cfcff7c6a506eb84b6eeb62f1afa5703fc48ef0897e25fa,IMPUTED_CENSUS_SECTION_CONSTRUCTION_PERIOD,185.7727,185.7727,181.5929,181.5929,6,
30141,b504458f039875fd,IT.MidClim.AB.01.Gen.ReEx.001.001,AB,IT.01,FALLBACK_PENDING_LAYOUT_MISSING_DWELLING_COUNT,62f586e8747b9df8a79a5b598b3efe31df4db5978bb22333d3b7183315086c21,ab631c6026e3f7cf5cfcff7c6a506eb84b6eeb62f1afa5703fc48ef0897e25fa,IMPUTED_CENSUS_SECTION_CONSTRUCTION_PERIOD,1599.5666,1599.5666,1599.5666,1599.5666,18,near_duplicate_vertex_tolerated_box
30143,22950d482629b3fb,IT.MidClim.MFH.01.Gen.ReEx.001.001,MFH,IT.01,DWELLING_LAYOUT_EMITTED_INTERZONE_MISMATCH_REROUTED,a56a3d18b487d44a7327b665dc7a031f996c19d3813653b2606657483ea351f5,ab631c6026e3f7cf5cfcff7c6a506eb84b6eeb62f1afa5703fc48ef0897e25fa,IMPUTED_CENSUS_SECTION_CONSTRUCTION_PERIOD,693.0578,693.0578,693.0578,693.0578,6,
30145,0c8b099bf63ed42d,IT.MidClim.AB.01.Gen.ReEx.001.001,AB,IT.01,DWELLING_LAYOUT_EMITTED_INTERZONE_MISMATCH_REROUTED,9e23cb939df7707959cbcf09e563ad13a8e80591a92285785477c9bf4ee69b2e,ab631c6026e3f7cf5cfcff7c6a506eb84b6eeb62f1afa5703fc48ef0897e25fa,IMPUTED_CENSUS_SECTION_CONSTRUCTION_PERIOD,2196.9804,2196.9804,2196.9804,2196.9804,15,
30146,f2cdc186de8d1b48,IT.MidClim.AB.01.Gen.ReEx.001.001,AB,IT.01,DWELLING_LAYOUT_EMITTED_INTERZONE_MISMATCH_REROUTED,6c20ca7c523b77b0066438be391300488f2e0a3a2bffc9719debfd020de34c34,ab631c6026e3f7cf5cfcff7c6a506eb84b6eeb62f1afa5703fc48ef0897e25fa,IMPUTED_CENSUS_SECTION_CONSTRUCTION_PERIOD,640.5664,640.5664,640.5664,640.5664,10,
30152,89755f51bb3abda2,IT.MidClim.AB.01.Gen.ReEx.001.001,AB,IT.01,FALLBACK_PENDING_LAYOUT_MISSING_DWELLING_COUNT,1c36b6828b6420afd2b3727d4adb00bcd3510508adbc7bedef2bb46e422454f8,ab631c6026e3f7cf5cfcff7c6a506eb84b6eeb62f1afa5703fc48ef0897e25fa,IMPUTED_CENSUS_SECTION_CONSTRUCTION_PERIOD,599.3169,599.3169,599.3169,599.3169,4,
30155,4ed8df78a1a32695,IT.MidClim.AB.01.Gen.ReEx.001.001,AB,IT.01,FALLBACK_PENDING_LAYOUT_MISSING_DWELLING_COUNT,ab3e5e7141acbc8d85127e84a37e921d72a4afe8de8af33ac05cc64cbc257d2a,ab631c6026e3f7cf5cfcff7c6a506eb84b6eeb62f1afa5703fc48ef0897e25fa,IMPUTED_CENSUS_SECTION_CONSTRUCTION_PERIOD,5891.1058,5891.1058,5891.1058,5891.1058,6,near_duplicate_vertex_tolerated_box
30163,f7b95c11413652d2,IT.MidClim.MFH.01.Gen.ReEx.001.001,MFH,IT.01,DWELLING_LAYOUT_EMITTED_INTERZONE_MISMATCH_REROUTED,a9109485baf73b84a8a3a4af21f07da187348fc19ec8696df7d93d5e07153985,ab631c6026e3f7cf5cfcff7c6a506eb84b6eeb62f1afa5703fc48ef0897e25fa,IMPUTED_CENSUS_SECTION_CONSTRUCTION_PERIOD,867.4905,867.4905,867.4905,867.4905,11,
30168,ea2d4d88165470eb,IT.MidClim.AB.01.Gen.ReEx.001.001,AB,IT.01,FALLBACK_PENDING_LAYOUT_MISSING_DWELLING_COUNT,62be0f07047b3448a39d3009ca91a491ad6b15b734b33d41b0cc1543ee624098,ab631c6026e3f7cf5cfcff7c6a506eb84b6eeb62f1afa5703fc48ef0897e25fa,IMPUTED_CENSUS_SECTION_CONSTRUCTION_PERIOD,1372.1298,1372.1298,1372.1298,1372.1298,18,near_duplicate_vertex_tolerated_box
30169,e3c0cef915dd220c,IT.MidClim.TH.01.Gen.ReEx.001.001,TH,IT.01,DWELLING_LAYOUT_EMITTED_IMPUTED_COUNT,175a4a03587982b504801a96266ea81da19038d8531755da397852ec19e2583c,ab631c6026e3f7cf5cfcff7c6a506eb84b6eeb62f1afa5703fc48ef0897e25fa,IMPUTED_CENSUS_SECTION_CONSTRUCTION_PERIOD,31.9355,31.9355,31.9355,31.9355,5,
30177,88aa3d6d0f16971d,IT.MidClim.AB.01.Gen.ReEx.001.001,AB,IT.01,DWELLING_LAYOUT_EMITTED_INTERZONE_MISMATCH_REROUTED,6ef605fdc18b0f79aba256f734061dd7bd748b8336b4035a09b3b66d1e6af07d,ab631c6026e3f7cf5cfcff7c6a506eb84b6eeb62f1afa5703fc48ef0897e25fa,IMPUTED_CENSUS_SECTION_CONSTRUCTION_PERIOD,255.5709,255.5709,255.5709,255.5709,11,
30184,966aa43c4623f04e,IT.MidClim.AB.01.Gen.ReEx.001.001,AB,IT.01,DWELLING_LAYOUT_EMITTED_INTERZONE_MISMATCH_REROUTED,438e42733a39396bf1f8386a64409f9475122721b2d456cc29ca67ea6becfa35,ab631c6026e3f7cf5cfcff7c6a506eb84b6eeb62f1afa5703fc48ef0897e25fa,IMPUTED_CENSUS_SECTION_CONSTRUCTION_PERIOD,39769.1375,39769.1375,39769.1375,39769.1375,17,
30186,e263ff00a0544470,IT.MidClim.AB.01.Gen.ReEx.001.001,AB,IT.01,FALLBACK_PENDING_LAYOUT_MISSING_DWELLING_COUNT,6a9b5329cb6f28b593cf1c837ae2556ad27b5bdaf00d187a3b7becbaf576b895,ab631c6026e3f7cf5cfcff7c6a506eb84b6eeb62f1afa5703fc48ef0897e25fa,IMPUTED_CENSUS_SECTION_CONSTRUCTION_PERIOD,8555.7039,8555.7039,8555.7039,8555.7039,12,near_duplicate_vertex_tolerated_box
30189,b15fa9ba90e49247,IT.MidClim.AB.01.Gen.ReEx.001.001,AB,IT.01,FALLBACK_PENDING_LAYOUT_MISSING_DWELLING_COUNT,6ea225574a72dc063b89006aa13f96d7f9bdbb1f040264fd3e1b20b38a9d2f4a,ab631c6026e3f7cf5cfcff7c6a506eb84b6eeb62f1afa5703fc48ef0897e25fa,IMPUTED_CENSUS_SECTION_CONSTRUCTION_PERIOD,1228.3401,1228.3401,1228.3401,1228.3401,17,
30200,a2ecaa202a102252,IT.MidClim.SFH.01.Gen.ReEx.001.001,SFH,IT.01,DWELLING_LAYOUT_EMITTED_IMPUTED_COUNT,d539646ef173ca2262b76f766457fadd36b9706146df2d70d97c81029c84b12f,ab631c6026e3f7cf5cfcff7c6a506eb84b6eeb62f1afa5703fc48ef0897e25fa,IMPUTED_CENSUS_SECTION_CONSTRUCTION_PERIOD,38.6932,38.6932,38.6932,38.6932,4,
30210,89999daa9d362b62,IT.MidClim.MFH.01.Gen.ReEx.001.001,MFH,IT.01,DWELLING_LAYOUT_EMITTED_INTERZONE_MISMATCH_REROUTED,52a118dd7011c1b669332be17272edc122ed90563165dce6420a5f9eaf922e45,ab631c6026e3f7cf5cfcff7c6a506eb84b6eeb62f1afa5703fc48ef0897e25fa,IMPUTED_CENSUS_SECTION_CONSTRUCTION_PERIOD,427.8145,427.8145,427.8145,427.8145,8,
30217,eba485c4b1b0bdbe,IT.MidClim.AB.01.Gen.ReEx.001.001,AB,IT.01,FALLBACK_PENDING_LAYOUT_MISSING_DWELLING_COUNT,7d87474ade5cffa1f288bb3122bb34e000f5aee8e0679c5123ad86e2b4070495,ab631c6026e3f7cf5cfcff7c6a506eb84b6eeb62f1afa5703fc48ef0897e25fa,IMPUTED_CENSUS_SECTION_CONSTRUCTION_PERIOD,615.9787,615.9787,615.9787,615.9787,7,
30221,a66f3228c20b7dcd,IT.MidClim.AB.01.Gen.ReEx.001.001,AB,IT.01,FALLBACK_PENDING_LAYOUT_MISSING_DWELLING_COUNT,8314f9452cd4e94cba03ac7df791bd3eff9dc2444aa8d1da6adc628b760ef143,ab631c6026e3f7cf5cfcff7c6a506eb84b6eeb62f1afa5703fc48ef0897e25fa,IMPUTED_CENSUS_SECTION_CONSTRUCTION_PERIOD,1290.0566,1290.0566,1290.0566,1290.0566,19,near_duplicate_vertex_tolerated_box
30226,7dc575a5ea2f65c8,IT.MidClim.AB.01.Gen.ReEx.001.001,AB,IT.01,FALLBACK_PENDING_LAYOUT_MISSING_DWELLING_COUNT,cd6b46c57d61c8d40f5e1f787ee6051d379f6726432d65cd1245d50fbec03eb6,ab631c6026e3f7cf5cfcff7c6a506eb84b6eeb62f1afa5703fc48ef0897e25fa,IMPUTED_CENSUS_SECTION_CONSTRUCTION_PERIOD,1409.1626,1409.1626,1409.1626,1409.1626,16,
30230,75e7251298f2d624,IT.MidClim.AB.01.Gen.ReEx.001.001,AB,IT.01,FALLBACK_PENDING_LAYOUT_MISSING_DWELLING_COUNT,c95c613075fc3aec81ee80ef4eb481b268d75630564710fcac51aa4b4d93ce9f,ab631c6026e3f7cf5cfcff7c6a506eb84b6eeb62f1afa5703fc48ef0897e25fa,IMPUTED_CENSUS_SECTION_CONSTRUCTION_PERIOD,2376.2291,2376.2291,2376.2291,2376.2291,10,near_duplicate_vertex_tolerated_box
30232,0df578e4d1e3ac4b,IT.MidClim.AB.01.Gen.ReEx.001.001,AB,IT.01,FALLBACK_PENDING_LAYOUT_MISSING_DWELLING_COUNT,1bee4be53279b5995250e4936390f5fb75e7c5f542a020c0205d6b15022f37d9,ab631c6026e3f7cf5cfcff7c6a506eb84b6eeb62f1afa5703fc48ef0897e25fa,IMPUTED_CENSUS_SECTION_CONSTRUCTION_PERIOD,3197.9742,3197.9742,3197.9742,3197.9742,12,near_duplicate_vertex_tolerated_box
30233,ebeee3778fe053f0,IT.MidClim.MFH.01.Gen.ReEx.001.001,MFH,IT.01,DWELLING_LAYOUT_EMITTED_INTERZONE_MISMATCH_REROUTED,3a6b09d23bccfdcef6632a339b8daf27348232f9d646892e269c1b8a846f2e76,ab631c6026e3f7cf5cfcff7c6a506eb84b6eeb62f1afa5703fc48ef0897e25fa,IMPUTED_CENSUS_SECTION_CONSTRUCTION_PERIOD,1069.072,1069.072,1069.072,1069.072,20,
30240,ea133efe99012bb9,IT.MidClim.AB.01.Gen.ReEx.001.001,AB,IT.01,FALLBACK_PENDING_LAYOUT_MISSING_DWELLING_COUNT,8b4dde898d460b6ed93e4f0c182be025e46fcf655e1bf6bc0db81b404ccc6e4b,ab631c6026e3f7cf5cfcff7c6a506eb84b6eeb62f1afa5703fc48ef0897e25fa,IMPUTED_CENSUS_SECTION_CONSTRUCTION_PERIOD,1081.5921,1081.5921,1081.5921,1081.5921,19,near_duplicate_vertex_tolerated_box
30241,c4ddc5edeacb70f1,IT.MidClim.AB.01.Gen.ReEx.001.001,AB,IT.01,FALLBACK_PENDING_LAYOUT_MISSING_DWELLING_COUNT,2abbe9b39a7f34408c011f30b8d0eac9afa77c52c0bec5c4e02c9bfa414b3d67,ab631c6026e3f7cf5cfcff7c6a506eb84b6eeb62f1afa5703fc48ef0897e25fa,IMPUTED_CENSUS_SECTION_CONSTRUCTION_PERIOD,835.8657,835.8657,835.8657,835.8657,11,
30244,ed43a62c4e1080c8,IT.MidClim.AB.01.Gen.ReEx.001.001,AB,IT.01,FALLBACK_PENDING_LAYOUT_MISSING_DWELLING_COUNT,bc9e15428c8107415aa4ebc47208f0eb5437aadb6c1d8731ba9960a034634d9f,ab631c6026e3f7cf5cfcff7c6a506eb84b6eeb62f1afa5703fc48ef0897e25fa,IMPUTED_CENSUS_SECTION_CONSTRUCTION_PERIOD,1248.2175,1248.2175,1248.2175,1248.2175,7,near_duplicate_vertex_tolerated_box
30253,d66518132f752c3d,IT.MidClim.AB.01.Gen.ReEx.001.001,AB,IT.01,FALLBACK_PENDING_LAYOUT_MISSING_DWELLING_COUNT,3bfc6052c2de8180b14ca226a905568e18c9e3afa79783be02fa943133e975c4,ab631c6026e3f7cf5cfcff7c6a506eb84b6eeb62f1afa5703fc48ef0897e25fa,IMPUTED_CENSUS_SECTION_CONSTRUCTION_PERIOD,1171.7902,1171.7902,1171.7902,1171.7902,5,
30259,63fa85c14641e995,IT.MidClim.MFH.01.Gen.ReEx.001.001,MFH,IT.01,DWELLING_LAYOUT_EMITTED_INTERZONE_MISMATCH_REROUTED,42cda1263d0bc024876a7b1fd421e2fa81b8808efef4a6844d237878d85712b6,ab631c6026e3f7cf5cfcff7c6a506eb84b6eeb62f1afa5703fc48ef0897e25fa,IMPUTED_CENSUS_SECTION_CONSTRUCTION_PERIOD,815.5047,815.5047,815.5047,815.5047,16,
30261,d9438a3b3890b8c5,IT.MidClim.MFH.01.Gen.ReEx.001.001,MFH,IT.01,DWELLING_LAYOUT_EMITTED_INTERZONE_MISMATCH_REROUTED,c40893dc6051a241b3035fae34797692f59bf982e3e3cd40061134c75d600eda,ab631c6026e3f7cf5cfcff7c6a506eb84b6eeb62f1afa5703fc48ef0897e25fa,IMPUTED_CENSUS_SECTION_CONSTRUCTION_PERIOD,533.1435,533.1435,533.1435,533.1435,11,
30272,3919ea621056d864,IT.MidClim.MFH.01.Gen.ReEx.001.001,MFH,IT.01,DWELLING_LAYOUT_EMITTED_INTERZONE_MISMATCH_REROUTED,67354ca2723511bbf40fd7b0755e516a417482d3e8413b5ccef914cd44141dca,ab631c6026e3f7cf5cfcff7c6a506eb84b6eeb62f1afa5703fc48ef0897e25fa,IMPUTED_CENSUS_SECTION_CONSTRUCTION_PERIOD,360.3773,360.3773,360.3773,360.3773,16,
30277,e71c0e89e0a9660e,IT.MidClim.MFH.01.Gen.ReEx.001.001,MFH,IT.01,DWELLING_LAYOUT_EMITTED_IMPUTED_COUNT,31af818c9750426e2884c9c44312bced07c9813bdc48b72d01210b0b89f5db39,ab631c6026e3f7cf5cfcff7c6a506eb84b6eeb62f1afa5703fc48ef0897e25fa,IMPUTED_CENSUS_SECTION_CONSTRUCTION_PERIOD,394.1766,394.1766,385.3117,385.3117,5,
30278,baa1d10a4e38a30e,IT.MidClim.MFH.05.Gen.ReEx.001.001,MFH,IT.05,FALLBACK_PENDING_LAYOUT_MISSING_DWELLING_COUNT,bde35267a190f664c0b1839d2f964b59194590ccf6c2361d798fade45e79b24b,ab631c6026e3f7cf5cfcff7c6a506eb84b6eeb62f1afa5703fc48ef0897e25fa,IMPUTED_CENSUS_SECTION_CONSTRUCTION_PERIOD,716.7913,716.7913,716.7913,716.7913,13,
30282,f09f835c9974bee7,IT.MidClim.MFH.01.Gen.ReEx.001.001,MFH,IT.01,DWELLING_LAYOUT_EMITTED_IMPUTED_COUNT,2636fe5f86f21beb865c8e4ff4d587aa48321ba0e1990e7223f82853569406da,ab631c6026e3f7cf5cfcff7c6a506eb84b6eeb62f1afa5703fc48ef0897e25fa,IMPUTED_CENSUS_SECTION_CONSTRUCTION_PERIOD,483.1778,483.1778,472.303,472.303,20,
30294,9f9b273880d4f1dd,IT.MidClim.SFH.01.Gen.ReEx.001.001,SFH,IT.01,DWELLING_LAYOUT_EMITTED_IMPUTED_COUNT,503991adfe2849f005ac2fce5dd865becb31539a8307d4f3ec70371330584e57,ab631c6026e3f7cf5cfcff7c6a506eb84b6eeb62f1afa5703fc48ef0897e25fa,IMPUTED_CENSUS_SECTION_CONSTRUCTION_PERIOD,23.2445,23.2445,23.2445,23.2445,4,
30298,90ed36beacc48734,IT.MidClim.AB.01.Gen.ReEx.001.001,AB,IT.01,FALLBACK_PENDING_LAYOUT_MISSING_DWELLING_COUNT,27769413f1a886afbde156f4a8c33e67d07ce5b1060c956bb747c37d521d46bd,ab631c6026e3f7cf5cfcff7c6a506eb84b6eeb62f1afa5703fc48ef0897e25fa,IMPUTED_CENSUS_SECTION_CONSTRUCTION_PERIOD,1938.6079,1938.6079,1938.6079,1938.6079,9,near_duplicate_vertex_tolerated_box
30304,e8ae29c5ca5ab14e,IT.MidClim.MFH.01.Gen.ReEx.001.001,MFH,IT.01,DWELLING_LAYOUT_EMITTED_INTERZONE_MISMATCH_REROUTED,abc7bbe461796a4949735e754a351d42553e780ca6ffa09434c24118ca40d96f,ab631c6026e3f7cf5cfcff7c6a506eb84b6eeb62f1afa5703fc48ef0897e25fa,IMPUTED_CENSUS_SECTION_CONSTRUCTION_PERIOD,952.0557,952.0557,952.0557,952.0557,8,
30306,fde7774baecce05d,IT.MidClim.AB.01.Gen.ReEx.001.001,AB,IT.01,DWELLING_LAYOUT_EMITTED_INTERZONE_MISMATCH_REROUTED,ce217441e3759cce7f533a6faed747e941c219b8d0bec4e01d6d3a0561206ecb,ab631c6026e3f7cf5cfcff7c6a506eb84b6eeb62f1afa5703fc48ef0897e25fa,IMPUTED_CENSUS_SECTION_CONSTRUCTION_PERIOD,395.507,395.507,395.507,395.507,13,
30308,e1335a8566b0cd95,IT.MidClim.MFH.01.Gen.ReEx.001.001,MFH,IT.01,DWELLING_LAYOUT_EMITTED_INTERZONE_MISMATCH_REROUTED,e5c7444d6f7dbfad6f660f228a83d9258a4aaf02ab7271581ae77a2f16b5a4bf,ab631c6026e3f7cf5cfcff7c6a506eb84b6eeb62f1afa5703fc48ef0897e25fa,IMPUTED_CENSUS_SECTION_CONSTRUCTION_PERIOD,380.6824,380.6824,380.6824,380.6824,20,
30311,ee9767b7e5a3e68a,IT.MidClim.MFH.01.Gen.ReEx.001.001,MFH,IT.01,DWELLING_LAYOUT_EMITTED_IMPUTED_COUNT,5bca55be9c08089bb37e9d29a49ddc947324eaa6e95c3846b7558fccf963ee2b,ab631c6026e3f7cf5cfcff7c6a506eb84b6eeb62f1afa5703fc48ef0897e25fa,IMPUTED_CENSUS_SECTION_CONSTRUCTION_PERIOD,672.5738,672.5738,657.4387,657.4387,17,
30319,71c51cb5e434184b,IT.MidClim.AB.01.Gen.ReEx.001.001,AB,IT.01,FALLBACK_PENDING_LAYOUT_MISSING_DWELLING_COUNT,82a30da341ee16beb8ed424f139579aaff5ce1f3b367df5959d6e5aabaaabacb,ab631c6026e3f7cf5cfcff7c6a506eb84b6eeb62f1afa5703fc48ef0897e25fa,IMPUTED_CENSUS_SECTION_CONSTRUCTION_PERIOD,1545.8763,1545.8763,1545.8763,1545.8763,14,near_duplicate_vertex_tolerated_box
30320,83f1a3b870e03218,IT.MidClim.AB.01.Gen.ReEx.001.001,AB,IT.01,FALLBACK_PENDING_LAYOUT_MISSING_DWELLING_COUNT,e4d353a99a36b5ad890b0136fd07bdb3b37688425f615c020b925c28a8a1f847,ab631c6026e3f7cf5cfcff7c6a506eb84b6eeb62f1afa5703fc48ef0897e25fa,IMPUTED_CENSUS_SECTION_CONSTRUCTION_PERIOD,3709.3805,3709.3805,3709.3805,3709.3805,10,near_duplicate_vertex_tolerated_box
30323,95a9d432d043e3a1,IT.MidClim.AB.01.Gen.ReEx.001.001,AB,IT.01,DWELLING_LAYOUT_EMITTED_INTERZONE_MISMATCH_REROUTED,507049ec809d3ce740cfc3eba18209c8d406c7da3df57f6e4e06eb4ed3a30040,ab631c6026e3f7cf5cfcff7c6a506eb84b6eeb62f1afa5703fc48ef0897e25fa,IMPUTED_CENSUS_SECTION_CONSTRUCTION_PERIOD,575.5165,575.5165,575.5165,575.5165,9,
30330,83a0d0b9908631f2,IT.MidClim.AB.01.Gen.ReEx.001.001,AB,IT.01,FALLBACK_PENDING_LAYOUT_MISSING_DWELLING_COUNT,af3800c0b6ebdcde8dfc6cc95b2a15b446f6ab9962134b43a4662d3304cf82ee,ab631c6026e3f7cf5cfcff7c6a506eb84b6eeb62f1afa5703fc48ef0897e25fa,IMPUTED_CENSUS_SECTION_CONSTRUCTION_PERIOD,3138.7449,3138.7449,3138.7449,3138.7449,16,near_duplicate_vertex_tolerated_box
30340,fd6613051df2962a,IT.MidClim.MFH.01.Gen.ReEx.001.001,MFH,IT.01,DWELLING_LAYOUT_EMITTED_INTERZONE_MISMATCH_REROUTED,c1dc649b865abcc7ed5503f25b7e9cf6186027c4593eb5ddc48d08e577606aa5,ab631c6026e3f7cf5cfcff7c6a506eb84b6eeb62f1afa5703fc48ef0897e25fa,IMPUTED_CENSUS_SECTION_CONSTRUCTION_PERIOD,156.6871,156.6871,156.6871,156.6871,12,
30348,5bbe1402444d8da8,IT.MidClim.AB.01.Gen.ReEx.001.001,AB,IT.01,FALLBACK_PENDING_LAYOUT_MISSING_DWELLING_COUNT,73473e5812ccf24591fce315567f4f733a108192765ce84d0dfcc0b92c5d60f4,ab631c6026e3f7cf5cfcff7c6a506eb84b6eeb62f1afa5703fc48ef0897e25fa,IMPUTED_CENSUS_SECTION_CONSTRUCTION_PERIOD,5026.7195,5026.7195,5026.7195,5026.7195,10,near_duplicate_vertex_tolerated_box
30354,7c6843c372893f96,IT.MidClim.MFH.01.Gen.ReEx.001.001,MFH,IT.01,DWELLING_LAYOUT_EMITTED_INTERZONE_MISMATCH_REROUTED,37c3a20217ee1eb4f531cfcb0ccb23cefbdd6872885671db021ecd9f7ea6b13b,ab631c6026e3f7cf5cfcff7c6a506eb84b6eeb62f1afa5703fc48ef0897e25fa,IMPUTED_CENSUS_SECTION_CONSTRUCTION_PERIOD,921.2172,921.2172,921.2172,921.2172,19,
30356,8762cf8a60b621c9,IT.MidClim.AB.01.Gen.ReEx.001.001,AB,IT.01,FALLBACK_PENDING_LAYOUT_MISSING_DWELLING_COUNT,24442895ad8e63c0e909016f5a6705100585ba0ebe3a6a0ec7077fdb1ea3c984,ab631c6026e3f7cf5cfcff7c6a506eb84b6eeb62f1afa5703fc48ef0897e25fa,IMPUTED_CENSUS_SECTION_CONSTRUCTION_PERIOD,716.9191,716.9191,716.9191,716.9191,9,
30357,ad5adb53fa362543,IT.MidClim.AB.01.Gen.ReEx.001.001,AB,IT.01,DWELLING_LAYOUT_EMITTED_INTERZONE_MISMATCH_REROUTED,db5b44f60ca5803b6d8e094fb0bd55348dca5aad43359ff655d26acddecfc326,ab631c6026e3f7cf5cfcff7c6a506eb84b6eeb62f1afa5703fc48ef0897e25fa,IMPUTED_CENSUS_SECTION_CONSTRUCTION_PERIOD,107.3237,107.3237,107.3237,107.3237,7,
30358,096d5b2faead7ce0,IT.MidClim.AB.01.Gen.ReEx.001.001,AB,IT.01,FALLBACK_PENDING_LAYOUT_MISSING_DWELLING_COUNT,a69f4337a7c60137837bdc908c9f27196385a6db51d336a8764db5c520c418a5,ab631c6026e3f7cf5cfcff7c6a506eb84b6eeb62f1afa5703fc48ef0897e25fa,IMPUTED_CENSUS_SECTION_CONSTRUCTION_PERIOD,1562.3004,1562.3004,1562.3004,1562.3004,19,near_duplicate_vertex_tolerated_box
30362,8d3169e91189753e,IT.MidClim.MFH.01.Gen.ReEx.001.001,MFH,IT.01,DWELLING_LAYOUT_EMITTED_IMPUTED_COUNT,e75f5f1d87be1cbc578a9997445e2193dc8e2fb6b9083838f6c5d827553a73d9,ab631c6026e3f7cf5cfcff7c6a506eb84b6eeb62f1afa5703fc48ef0897e25fa,IMPUTED_CENSUS_SECTION_CONSTRUCTION_PERIOD,496.9356,496.9356,485.7545,485.7545,6,
30368,294e1164f041e396,IT.MidClim.AB.01.Gen.ReEx.001.001,AB,IT.01,DWELLING_LAYOUT_EMITTED_INTERZONE_MISMATCH_REROUTED,78afc52ac6650a08211b515acda441ae4509e8c9f05580f7b60162ab14d71034,ab631c6026e3f7cf5cfcff7c6a506eb84b6eeb62f1afa5703fc48ef0897e25fa,IMPUTED_CENSUS_SECTION_CONSTRUCTION_PERIOD,10772.6003,10772.6003,10772.6003,10772.6003,10,
30374,3e1f99c0273f9184,IT.MidClim.MFH.01.Gen.ReEx.001.001,MFH,IT.01,DWELLING_LAYOUT_EMITTED_INTERZONE_MISMATCH_REROUTED,44503e6faf3e42192302fd247ca8a7b6685fdb46424ab75e77d0f9ba25a83cca,ab631c6026e3f7cf5cfcff7c6a506eb84b6eeb62f1afa5703fc48ef0897e25fa,IMPUTED_CENSUS_SECTION_CONSTRUCTION_PERIOD,498.0792,498.0792,498.0792,498.0792,8,
30376,504fa19567bbc2b7,IT.MidClim.MFH.01.Gen.ReEx.001.001,MFH,IT.01,DWELLING_LAYOUT_EMITTED_IMPUTED_COUNT,cad3e60296382358b730450fbdbda4010965c1957b389dc95f61254bbecfe48c,ab631c6026e3f7cf5cfcff7c6a506eb84b6eeb62f1afa5703fc48ef0897e25fa,IMPUTED_CENSUS_SECTION_CONSTRUCTION_PERIOD,459.5165,459.5165,449.1127,449.1127,16,
30384,c8d4a069a98b14af,IT.MidClim.AB.01.Gen.ReEx.001.001,AB,IT.01,FALLBACK_PENDING_LAYOUT_MISSING_DWELLING_COUNT,8f2b3accd5436a034f524910003cd05e7c073b21a55574e8b184cd5d8c4c5113,ab631c6026e3f7cf5cfcff7c6a506eb84b6eeb62f1afa5703fc48ef0897e25fa,IMPUTED_CENSUS_SECTION_CONSTRUCTION_PERIOD,1022.3163,1022.3163,1022.3163,1022.3163,5,near_duplicate_vertex_tolerated_box
30390,03af159ccad0d470,IT.MidClim.AB.01.Gen.ReEx.001.001,AB,IT.01,FALLBACK_PENDING_LAYOUT_MISSING_DWELLING_COUNT,913680ce9326ca4e1b154ad991d908e13c003b2fdb944848d6a52e2a47a34902,ab631c6026e3f7cf5cfcff7c6a506eb84b6eeb62f1afa5703fc48ef0897e25fa,IMPUTED_CENSUS_SECTION_CONSTRUCTION_PERIOD,3200.0472,3200.0472,3200.0472,3200.0472,15,
30399,9a06407980618f26,IT.MidClim.AB.01.Gen.ReEx.001.001,AB,IT.01,FALLBACK_PENDING_LAYOUT_MISSING_DWELLING_COUNT,6bb7ec4d1f20762a416d814bb6a59e1542ce0bb7acccee0b1522098cb75d6ea3,ab631c6026e3f7cf5cfcff7c6a506eb84b6eeb62f1afa5703fc48ef0897e25fa,IMPUTED_CENSUS_SECTION_CONSTRUCTION_PERIOD,359.3586,359.3586,359.3586,359.3586,14,
30407,301c86ff32a3a67c,IT.MidClim.AB.01.Gen.ReEx.001.001,AB,IT.01,FALLBACK_PENDING_LAYOUT_MISSING_DWELLING_COUNT,851da7c5c9d71ff01962f4ad857537790c8dc85f80d902647cf5fdd74b42d1c0,ab631c6026e3f7cf5cfcff7c6a506eb84b6eeb62f1afa5703fc48ef0897e25fa,IMPUTED_CENSUS_SECTION_CONSTRUCTION_PERIOD,977.6018,977.6018,977.6018,977.6018,7,
30422,6f17e6e83818aaa9,IT.MidClim.MFH.01.Gen.ReEx.001.001,MFH,IT.01,DWELLING_LAYOUT_EMITTED_IMPUTED_COUNT,39c5fa8564202fca321018c0e861134916f76f45593273fb2395c12457dddede,ab631c6026e3f7cf5cfcff7c6a506eb84b6eeb62f1afa5703fc48ef0897e25fa,IMPUTED_CENSUS_SECTION_CONSTRUCTION_PERIOD,183.7882,183.7882,172.761,172.761,9,
30423,42a4cceeb3989882,IT.MidClim.MFH.01.Gen.ReEx.001.001,MFH,IT.01,DWELLING_LAYOUT_EMITTED_INTERZONE_MISMATCH_REROUTED,6874e482a18339a8299c3a581bad29c81a128ec3090a65e3771140a2b794c192,ab631c6026e3f7cf5cfcff7c6a506eb84b6eeb62f1afa5703fc48ef0897e25fa,IMPUTED_CENSUS_SECTION_CONSTRUCTION_PERIOD,666.1555,666.1555,666.1555,666.1555,14,
30425,5d954f8efaea8687,IT.MidClim.SFH.01.Gen.ReEx.001.001,SFH,IT.01,DWELLING_LAYOUT_EMITTED_INTERZONE_MISMATCH_REROUTED,e6b538de73bc585e01e52028d680258b9e87d6ebae202828a39e6dc48ebb45ce,ab631c6026e3f7cf5cfcff7c6a506eb84b6eeb62f1afa5703fc48ef0897e25fa,IMPUTED_CENSUS_SECTION_CONSTRUCTION_PERIOD,187.0761,187.0761,187.0761,187.0761,4,
30427,8b85a16c6fdff473,IT.MidClim.AB.01.Gen.ReEx.001.001,AB,IT.01,FALLBACK_PENDING_LAYOUT_MISSING_DWELLING_COUNT,32defd3f5ce0243affcec868aea306a9bceae3eee314b544845636fb1b139d94,ab631c6026e3f7cf5cfcff7c6a506eb84b6eeb62f1afa5703fc48ef0897e25fa,IMPUTED_CENSUS_SECTION_CONSTRUCTION_PERIOD,2422.4112,2422.4112,2422.4112,2422.4112,8,near_duplicate_vertex_tolerated_box
30429,088382543ab3fc6e,IT.MidClim.AB.01.Gen.ReEx.001.001,AB,IT.01,FALLBACK_PENDING_LAYOUT_MISSING_DWELLING_COUNT,598d02b1dc1d38b2eb466b267fcf922eddf800846ce054c83a4e4012f2b930fe,ab631c6026e3f7cf5cfcff7c6a506eb84b6eeb62f1afa5703fc48ef0897e25fa,IMPUTED_CENSUS_SECTION_CONSTRUCTION_PERIOD,1046.2211,1046.2211,1046.2211,1046.2211,8,near_duplicate_vertex_tolerated_box
30438,2703ac9ef1096553,IT.MidClim.TH.01.Gen.ReEx.001.001,TH,IT.01,DWELLING_LAYOUT_EMITTED_IMPUTED_COUNT,28bd1aa121a07a0911f71fd07507bb274632437083cd84d78b77af54ab1ec376,ab631c6026e3f7cf5cfcff7c6a506eb84b6eeb62f1afa5703fc48ef0897e25fa,IMPUTED_CENSUS_SECTION_CONSTRUCTION_PERIOD,30.8689,30.8689,30.8689,30.8689,15,
30440,3920a339bb9ede60,IT.MidClim.MFH.01.Gen.ReEx.001.001,MFH,IT.01,DWELLING_LAYOUT_EMITTED_INTERZONE_MISMATCH_REROUTED,80c0b2c3b4a3cbecef8fa4036fee1c236b2dad29c9240e9b86a8f3e84091144a,ab631c6026e3f7cf5cfcff7c6a506eb84b6eeb62f1afa5703fc48ef0897e25fa,IMPUTED_CENSUS_SECTION_CONSTRUCTION_PERIOD,738.3176,738.3176,738.3176,738.3176,14,
30442,1978f443b0416149,IT.MidClim.AB.01.Gen.ReEx.001.001,AB,IT.01,FALLBACK_PENDING_LAYOUT_MISSING_DWELLING_COUNT,e9a58134b17d061a5196ebdb4e71894afbf37252f24dc4d8b954141b8e20c8e4,ab631c6026e3f7cf5cfcff7c6a506eb84b6eeb62f1afa5703fc48ef0897e25fa,IMPUTED_CENSUS_SECTION_CONSTRUCTION_PERIOD,4837.2649,4837.2649,4837.2649,4837.2649,22,near_duplicate_vertex_tolerated_box
30445,2c066b58e95b7d02,IT.MidClim.AB.01.Gen.ReEx.001.001,AB,IT.01,DWELLING_LAYOUT_EMITTED_INTERZONE_MISMATCH_REROUTED,bb321012ab5bc65217610d3545e3925aea615c6edce6b769ed6c0f67f92e31a6,ab631c6026e3f7cf5cfcff7c6a506eb84b6eeb62f1afa5703fc48ef0897e25fa,IMPUTED_CENSUS_SECTION_CONSTRUCTION_PERIOD,1776.2274,1776.2274,1776.2274,1776.2274,14,
30452,cccfd212c5759573,IT.MidClim.MFH.01.Gen.ReEx.001.001,MFH,IT.01,DWELLING_LAYOUT_EMITTED_IMPUTED_COUNT,dfb419482f3f5b65f8d223c1ade52a5b00f408d96a19b0432f480c84ab3c797d,ab631c6026e3f7cf5cfcff7c6a506eb84b6eeb62f1afa5703fc48ef0897e25fa,IMPUTED_CENSUS_SECTION_CONSTRUCTION_PERIOD,324.9375,324.9375,317.5706,317.5706,16,
30477,360553e340cb873d,IT.MidClim.MFH.01.Gen.ReEx.001.001,MFH,IT.01,DWELLING_LAYOUT_EMITTED_INTERZONE_MISMATCH_REROUTED,e22a4ff034f3b34956a55dd45a344c85d147ed3e80b39ade8277e21c2be307e0,ab631c6026e3f7cf5cfcff7c6a506eb84b6eeb62f1afa5703fc48ef0897e25fa,IMPUTED_CENSUS_SECTION_CONSTRUCTION_PERIOD,135.397,135.397,135.397,135.397,14,
30478,9f86bc409872706a,IT.MidClim.AB.01.Gen.ReEx.001.001,AB,IT.01,DWELLING_LAYOUT_EMITTED_INTERZONE_MISMATCH_REROUTED,24c784e4180ebb0c3ceb219b1ec8a33ea6595aa4a556a596591aace188764dff,ab631c6026e3f7cf5cfcff7c6a506eb84b6eeb62f1afa5703fc48ef0897e25fa,IMPUTED_CENSUS_SECTION_CONSTRUCTION_PERIOD,517.0009,517.0009,517.0009,517.0009,8,
30485,03578baf2d149387,IT.MidClim.AB.01.Gen.ReEx.001.001,AB,IT.01,FALLBACK_PENDING_LAYOUT_MISSING_DWELLING_COUNT,6d5762a3f4cfb140eba9414019378b53ce69fe5f50cd2f3e0f4a9c505ee8b637,ab631c6026e3f7cf5cfcff7c6a506eb84b6eeb62f1afa5703fc48ef0897e25fa,IMPUTED_CENSUS_SECTION_CONSTRUCTION_PERIOD,1847.3322,1847.3322,1847.3322,1847.3322,21,near_duplicate_vertex_tolerated_box
30487,e3ac12f1fc82bf41,IT.MidClim.MFH.01.Gen.ReEx.001.001,MFH,IT.01,DWELLING_LAYOUT_EMITTED_IMPUTED_COUNT,7e6c112c31b28507373e1265e383940082df467bab430f0dea0b6da287618805,ab631c6026e3f7cf5cfcff7c6a506eb84b6eeb62f1afa5703fc48ef0897e25fa,IMPUTED_CENSUS_SECTION_CONSTRUCTION_PERIOD,778.9962,778.9962,761.4688,761.4688,17,
30488,b2aa9be5a65af2dd,IT.MidClim.MFH.01.Gen.ReEx.001.001,MFH,IT.01,DWELLING_LAYOUT_EMITTED_INTERZONE_MISMATCH_REROUTED,2d14719ff93b38f210f6cc3b224f607928f21672755291450edb6d928c1bf0ba,ab631c6026e3f7cf5cfcff7c6a506eb84b6eeb62f1afa5703fc48ef0897e25fa,IMPUTED_CENSUS_SECTION_CONSTRUCTION_PERIOD,421.512,421.512,421.512,421.512,10,
30489,5acfce6f862b0f2c,IT.MidClim.MFH.01.Gen.ReEx.001.001,MFH,IT.01,DWELLING_LAYOUT_EMITTED_INTERZONE_MISMATCH_REROUTED,fc1b57244c8723b194c588b4962532fd456f384725b4c9d28943bd2c2af1793c,ab631c6026e3f7cf5cfcff7c6a506eb84b6eeb62f1afa5703fc48ef0897e25fa,IMPUTED_CENSUS_SECTION_CONSTRUCTION_PERIOD,138.5336,138.5336,138.5336,138.5336,6,
30496,05b52a0da00a6046,IT.MidClim.AB.01.Gen.ReEx.001.001,AB,IT.01,FALLBACK_PENDING_LAYOUT_MISSING_DWELLING_COUNT,c621926bafd1bc45510846bc43b931a6e38d82d469ac17c0eba171987b521359,ab631c6026e3f7cf5cfcff7c6a506eb84b6eeb62f1afa5703fc48ef0897e25fa,IMPUTED_CENSUS_SECTION_CONSTRUCTION_PERIOD,5731.966,5731.966,5731.966,5731.966,8,near_duplicate_vertex_tolerated_box
30505,6c7a366bb4e9aa3e,IT.MidClim.AB.01.Gen.ReEx.001.001,AB,IT.01,FALLBACK_PENDING_LAYOUT_MISSING_DWELLING_COUNT,61f5bec64dcb8bb73f6f3fb2425c67d03fdad819bd8f062d124073cc97146452,ab631c6026e3f7cf5cfcff7c6a506eb84b6eeb62f1afa5703fc48ef0897e25fa,IMPUTED_CENSUS_SECTION_CONSTRUCTION_PERIOD,2138.9587,2138.9587,2138.9587,2138.9587,5,
30506,fab26b8ce8bc2a5c,IT.MidClim.AB.01.Gen.ReEx.001.001,AB,IT.01,DWELLING_LAYOUT_EMITTED_INTERZONE_MISMATCH_REROUTED,09bddb11ab90fe0d90fe1dac9676430e9a7ccbd73fdd9f2f56d5db0225d36aea,ab631c6026e3f7cf5cfcff7c6a506eb84b6eeb62f1afa5703fc48ef0897e25fa,IMPUTED_CENSUS_SECTION_CONSTRUCTION_PERIOD,778.9733,778.9733,778.9733,778.9733,14,
30508,bbcc90f5d76b0c55,IT.MidClim.AB.01.Gen.ReEx.001.001,AB,IT.01,FALLBACK_PENDING_LAYOUT_MISSING_DWELLING_COUNT,3747759d085eb59adac94c3837ea623f0d43e59f2bb9db1090d378669db72aa9,ab631c6026e3f7cf5cfcff7c6a506eb84b6eeb62f1afa5703fc48ef0897e25fa,IMPUTED_CENSUS_SECTION_CONSTRUCTION_PERIOD,1934.4106,1934.4106,1934.4106,1934.4106,6,
30510,0f6ef22dc2204922,IT.MidClim.AB.01.Gen.ReEx.001.001,AB,IT.01,FALLBACK_PENDING_LAYOUT_MISSING_DWELLING_COUNT,95564f44c06dd9183f13bf940b761e0256f199eb60ab7f129f5037d692e8346a,ab631c6026e3f7cf5cfcff7c6a506eb84b6eeb62f1afa5703fc48ef0897e25fa,IMPUTED_CENSUS_SECTION_CONSTRUCTION_PERIOD,1558.2678,1558.2678,1558.2678,1558.2678,9,
30530,920087bbe1099124,IT.MidClim.MFH.01.Gen.ReEx.001.001,MFH,IT.01,DWELLING_LAYOUT_EMITTED_INTERZONE_MISMATCH_REROUTED,73f33ed4cc55d16f1a4c7a2874dc6c9239b5e8c72116fe11a9c0390e47173833,ab631c6026e3f7cf5cfcff7c6a506eb84b6eeb62f1afa5703fc48ef0897e25fa,IMPUTED_CENSUS_SECTION_CONSTRUCTION_PERIOD,462.7955,462.7955,462.7955,462.7955,13,
30532,a0e24919ff9d7e35,IT.MidClim.AB.01.Gen.ReEx.001.001,AB,IT.01,FALLBACK_PENDING_LAYOUT_MISSING_DWELLING_COUNT,63c32d9e44ad19738bce87f1e94c0f150a8f741d15d5332da386f5c233b36bd5,ab631c6026e3f7cf5cfcff7c6a506eb84b6eeb62f1afa5703fc48ef0897e25fa,IMPUTED_CENSUS_SECTION_CONSTRUCTION_PERIOD,5842.0218,5842.0218,5842.0218,5842.0218,9,
30533,3d56b8c3256cb64a,IT.MidClim.MFH.01.Gen.ReEx.001.001,MFH,IT.01,DWELLING_LAYOUT_EMITTED_IMPUTED_COUNT,13f567d6933ade2c6d7a4c34acde51efc60435923a217dbdf265692447c37094,ab631c6026e3f7cf5cfcff7c6a506eb84b6eeb62f1afa5703fc48ef0897e25fa,IMPUTED_CENSUS_SECTION_CONSTRUCTION_PERIOD,515.4604,515.4604,484.5328,484.5328,7,
30538,462c5c835bfece74,IT.MidClim.AB.01.Gen.ReEx.001.001,AB,IT.01,FALLBACK_PENDING_LAYOUT_MISSING_DWELLING_COUNT,51603f10411eacfde964608c69563d7a41276a6ab134a54f6d952e69c1a1b99e,ab631c6026e3f7cf5cfcff7c6a506eb84b6eeb62f1afa5703fc48ef0897e25fa,IMPUTED_CENSUS_SECTION_CONSTRUCTION_PERIOD,1487.4418,1487.4418,1487.4418,1487.4418,11,
30540,ec6e8aadaa38de45,IT.MidClim.AB.01.Gen.ReEx.001.001,AB,IT.01,FALLBACK_PENDING_LAYOUT_MISSING_DWELLING_COUNT,56f08c4b4edb89c7c88248f104dc07156f88482cca4c9e71c219c269eca00364,ab631c6026e3f7cf5cfcff7c6a506eb84b6eeb62f1afa5703fc48ef0897e25fa,IMPUTED_CENSUS_SECTION_CONSTRUCTION_PERIOD,3338.2215,3338.2215,3338.2215,3338.2215,13,near_duplicate_vertex_tolerated_box
30544,0579a4736f0aea2d,IT.MidClim.AB.01.Gen.ReEx.001.001,AB,IT.01,FALLBACK_PENDING_LAYOUT_MISSING_DWELLING_COUNT,e4b4919e4cbc8005d5587cfebbb362e1b2330eeffd4efa3898adf063ecbef8c8,ab631c6026e3f7cf5cfcff7c6a506eb84b6eeb62f1afa5703fc48ef0897e25fa,IMPUTED_CENSUS_SECTION_CONSTRUCTION_PERIOD,19956.1981,19956.1981,19956.1981,19956.1981,8,near_duplicate_vertex_tolerated_box
30545,8de32d067614119e,IT.MidClim.AB.01.Gen.ReEx.001.001,AB,IT.01,FALLBACK_PENDING_LAYOUT_MISSING_DWELLING_COUNT,16e5d1136f48f346aa9f2ed8f64b84832dacfcc5097dd4972bc813d76e5bf820,ab631c6026e3f7cf5cfcff7c6a506eb84b6eeb62f1afa5703fc48ef0897e25fa,IMPUTED_CENSUS_SECTION_CONSTRUCTION_PERIOD,3883.1527,3883.1527,3883.1527,3883.1527,6,near_duplicate_vertex_tolerated_box
30546,8e3c28ed3d443ca5,IT.MidClim.MFH.01.Gen.ReEx.001.001,MFH,IT.01,DWELLING_LAYOUT_EMITTED_IMPUTED_COUNT,25122dd19b2e6154f7000031dc9df22e78a37a37a8f5ab52b58e2eb3d941823e,ab631c6026e3f7cf5cfcff7c6a506eb84b6eeb62f1afa5703fc48ef0897e25fa,IMPUTED_CENSUS_SECTION_CONSTRUCTION_PERIOD,428.1233,428.1233,418.4906,418.4906,11,
30556,48b149ba67946efc,IT.MidClim.MFH.01.Gen.ReEx.001.001,MFH,IT.01,DWELLING_LAYOUT_EMITTED_INTERZONE_MISMATCH_REROUTED,7b69933d76bc196d1cce0eadbff467c3fcc266df1d40bde93c1f1fa1a77c4ca4,ab631c6026e3f7cf5cfcff7c6a506eb84b6eeb62f1afa5703fc48ef0897e25fa,IMPUTED_CENSUS_SECTION_CONSTRUCTION_PERIOD,236.8035,236.8035,236.8035,236.8035,6,
30564,9fa06660854a3928,IT.MidClim.AB.01.Gen.ReEx.001.001,AB,IT.01,FALLBACK_PENDING_LAYOUT_MISSING_DWELLING_COUNT,76510bf12ee370b50dc13a2981cd60abca405f84f7a72dc429f8a81c73fe6f60,ab631c6026e3f7cf5cfcff7c6a506eb84b6eeb62f1afa5703fc48ef0897e25fa,IMPUTED_CENSUS_SECTION_CONSTRUCTION_PERIOD,1486.64,1486.64,1486.64,1486.64,17,near_duplicate_vertex_tolerated_box
30568,205a0cffc731cccf,IT.MidClim.MFH.01.Gen.ReEx.001.001,MFH,IT.01,DWELLING_LAYOUT_EMITTED_IMPUTED_COUNT,fecbc2565693fc5833dbc66d4628790b73a7ce1ff3c00243e35b425d439ff03d,ab631c6026e3f7cf5cfcff7c6a506eb84b6eeb62f1afa5703fc48ef0897e25fa,IMPUTED_CENSUS_SECTION_CONSTRUCTION_PERIOD,1080.5498,1080.5498,1056.3721,1056.3721,12,
30570,51933420a1297554,IT.MidClim.AB.01.Gen.ReEx.001.001,AB,IT.01,FALLBACK_PENDING_LAYOUT_MISSING_DWELLING_COUNT,223ad528e7d76a4b89b54f4a7b35541a1a8908cc4701b1911bfecf3d29c77ff9,ab631c6026e3f7cf5cfcff7c6a506eb84b6eeb62f1afa5703fc48ef0897e25fa,IMPUTED_CENSUS_SECTION_CONSTRUCTION_PERIOD,1494.0844,1494.0844,1494.0844,1494.0844,12,
30573,418d98073e0fe5b7,IT.MidClim.AB.01.Gen.ReEx.001.001,AB,IT.01,FALLBACK_PENDING_LAYOUT_MISSING_DWELLING_COUNT,e875a8d0c7ca3a45bccfac680fcc927dec31d51600fffe948ffc8022a44e68af,ab631c6026e3f7cf5cfcff7c6a506eb84b6eeb62f1afa5703fc48ef0897e25fa,IMPUTED_CENSUS_SECTION_CONSTRUCTION_PERIOD,1275.972,1275.972,1275.972,1275.972,9,near_duplicate_vertex_tolerated_box
30574,bdd8e145594d410b,IT.MidClim.AB.01.Gen.ReEx.001.001,AB,IT.01,DWELLING_LAYOUT_EMITTED_IMPUTED_COUNT,a075d5664261e8efb7e30537be0372e4ef50947c379443f6a45b298fbef934cb,ab631c6026e3f7cf5cfcff7c6a506eb84b6eeb62f1afa5703fc48ef0897e25fa,IMPUTED_CENSUS_SECTION_CONSTRUCTION_PERIOD,427.6677,427.6677,389.1776,389.1776,10,
30575,c6327dd0d32c4700,IT.MidClim.AB.01.Gen.ReEx.001.001,AB,IT.01,DWELLING_LAYOUT_EMITTED_INTERZONE_MISMATCH_REROUTED,9000cbb5613544c1c2f00dc1b3713a5767cf9cb4ed7dd1ad6b0f630a6b6b8836,ab631c6026e3f7cf5cfcff7c6a506eb84b6eeb62f1afa5703fc48ef0897e25fa,IMPUTED_CENSUS_SECTION_CONSTRUCTION_PERIOD,1484.5941,1484.5941,1484.5941,1484.5941,6,
30586,cac76d73ffc5d258,IT.MidClim.AB.01.Gen.ReEx.001.001,AB,IT.01,FALLBACK_PENDING_LAYOUT_MISSING_DWELLING_COUNT,569ad8bf4b5ef8588b4d45e487f60666d451d9da0ec071bb77bac777f9308184,ab631c6026e3f7cf5cfcff7c6a506eb84b6eeb62f1afa5703fc48ef0897e25fa,IMPUTED_CENSUS_SECTION_CONSTRUCTION_PERIOD,4822.4551,4822.4551,4822.4551,4822.4551,8,
30593,4bb7f5d4ead59663,IT.MidClim.AB.01.Gen.ReEx.001.001,AB,IT.01,FALLBACK_PENDING_LAYOUT_MISSING_DWELLING_COUNT,e1381aa2620fa9f7ae0f08ef0b338bce1b11e2a3162f5d1bb47459c33645673d,ab631c6026e3f7cf5cfcff7c6a506eb84b6eeb62f1afa5703fc48ef0897e25fa,IMPUTED_CENSUS_SECTION_CONSTRUCTION_PERIOD,953.6292,953.6292,953.6292,953.6292,11,near_duplicate_vertex_tolerated_box
30594,eeb47d107718eaca,IT.MidClim.AB.01.Gen.ReEx.001.001,AB,IT.01,FALLBACK_PENDING_LAYOUT_MISSING_DWELLING_COUNT,ab673c93269a2ad526c5d15f0e5e3fb8871a51aab789ed9645d25d9fb88a0df3,ab631c6026e3f7cf5cfcff7c6a506eb84b6eeb62f1afa5703fc48ef0897e25fa,IMPUTED_CENSUS_SECTION_CONSTRUCTION_PERIOD,7618.5348,7618.5348,7618.5348,7618.5348,9,near_duplicate_vertex_tolerated_box
30596,fab113ff4eda4e94,IT.MidClim.MFH.01.Gen.ReEx.001.001,MFH,IT.01,DWELLING_LAYOUT_EMITTED_INTERZONE_MISMATCH_REROUTED,2a2cd1ea2d7828cd42e75afba0eda291dfd3ba20911d41f6a11e2cefcb85c780,ab631c6026e3f7cf5cfcff7c6a506eb84b6eeb62f1afa5703fc48ef0897e25fa,IMPUTED_CENSUS_SECTION_CONSTRUCTION_PERIOD,268.9622,268.9622,268.9622,268.9622,10,
30597,e7e9427339eb9c6a,IT.MidClim.MFH.01.Gen.ReEx.001.001,MFH,IT.01,DWELLING_LAYOUT_EMITTED_IMPUTED_COUNT,7c028dcbbd26f3f9e37f36b3fff55526beaf49df731ba8524ca270bf974608f8,ab631c6026e3f7cf5cfcff7c6a506eb84b6eeb62f1afa5703fc48ef0897e25fa,IMPUTED_CENSUS_SECTION_CONSTRUCTION_PERIOD,550.4557,550.4557,538.0704,538.0704,10,
30611,876c7a0e72c51967,IT.MidClim.AB.01.Gen.ReEx.001.001,AB,IT.01,FALLBACK_PENDING_LAYOUT_MISSING_DWELLING_COUNT,bbe16f3d0856599592555ef0ec5a766c989228134cbea6adcc7c686b3336fb1a,ab631c6026e3f7cf5cfcff7c6a506eb84b6eeb62f1afa5703fc48ef0897e25fa,IMPUTED_CENSUS_SECTION_CONSTRUCTION_PERIOD,762.9379,762.9379,762.9379,762.9379,11,
30620,31c247eea081eb83,IT.MidClim.AB.01.Gen.ReEx.001.001,AB,IT.01,FALLBACK_PENDING_LAYOUT_MISSING_DWELLING_COUNT,72251eaa55e3e4eb0a7dd72b6f4f8e7eb9ead60d3010fddd5e9e0bd5d4c40df7,ab631c6026e3f7cf5cfcff7c6a506eb84b6eeb62f1afa5703fc48ef0897e25fa,IMPUTED_CENSUS_SECTION_CONSTRUCTION_PERIOD,1542.5409,1542.5409,1542.5409,1542.5409,7,near_duplicate_vertex_tolerated_box
30622,cc55f139215783a3,IT.MidClim.MFH.01.Gen.ReEx.001.001,MFH,IT.01,DWELLING_LAYOUT_EMITTED_INTERZONE_MISMATCH_REROUTED,2447024f0f7fc8082e0f2c006954b2335cf2d2c3c0b22f91f013589a19e40905,ab631c6026e3f7cf5cfcff7c6a506eb84b6eeb62f1afa5703fc48ef0897e25fa,IMPUTED_CENSUS_SECTION_CONSTRUCTION_PERIOD,1248.9481,1248.9481,1248.9481,1248.9481,11,
30623,f6d379d6a27a9cdf,IT.MidClim.AB.01.Gen.ReEx.001.001,AB,IT.01,FALLBACK_PENDING_LAYOUT_MISSING_DWELLING_COUNT,689b68cca896697cf9bed599c9fc5ca7cf885df9da27223e14684666f7fd5e65,ab631c6026e3f7cf5cfcff7c6a506eb84b6eeb62f1afa5703fc48ef0897e25fa,IMPUTED_CENSUS_SECTION_CONSTRUCTION_PERIOD,5026.9805,5026.9805,5026.9805,5026.9805,18,near_duplicate_vertex_tolerated_box
30631,ceb92c0137865720,IT.MidClim.MFH.01.Gen.ReEx.001.001,MFH,IT.01,DWELLING_LAYOUT_EMITTED_IMPUTED_COUNT,8257334bca58a0a77c224e6a76f7e44ba8b8791ae62e00b7e19d61f4a475fbf8,ab631c6026e3f7cf5cfcff7c6a506eb84b6eeb62f1afa5703fc48ef0897e25fa,IMPUTED_CENSUS_SECTION_CONSTRUCTION_PERIOD,256.9467,256.9467,241.4484,241.4484,6,
30632,13b969a482661a5c,IT.MidClim.AB.01.Gen.ReEx.001.001,AB,IT.01,FALLBACK_PENDING_LAYOUT_MISSING_DWELLING_COUNT,7797a5a2e916891ef798071dc779a4330e4010f822e260386f4c922d1139bc81,ab631c6026e3f7cf5cfcff7c6a506eb84b6eeb62f1afa5703fc48ef0897e25fa,IMPUTED_CENSUS_SECTION_CONSTRUCTION_PERIOD,2719.8864,2719.8864,2719.8864,2719.8864,7,near_duplicate_vertex_tolerated_box
30646,591b63cd43f1ef67,IT.MidClim.AB.01.Gen.ReEx.001.001,AB,IT.01,FALLBACK_PENDING_LAYOUT_MISSING_DWELLING_COUNT,f22ea8949e2b12a2d8287e2b95d5a391e497bba43dc77c33400aa361b7e35474,ab631c6026e3f7cf5cfcff7c6a506eb84b6eeb62f1afa5703fc48ef0897e25fa,IMPUTED_CENSUS_SECTION_CONSTRUCTION_PERIOD,3777.867,3777.867,3777.867,3777.867,16,near_duplicate_vertex_tolerated_box
30649,37a212b1ba9f6320,IT.MidClim.AB.01.Gen.ReEx.001.001,AB,IT.01,FALLBACK_PENDING_LAYOUT_MISSING_DWELLING_COUNT,bfbebef9aa5c28c2ce1f071d6a17b84e1984f64630fbf1c14a2b1265a46306ed,ab631c6026e3f7cf5cfcff7c6a506eb84b6eeb62f1afa5703fc48ef0897e25fa,IMPUTED_CENSUS_SECTION_CONSTRUCTION_PERIOD,5507.9963,5507.9963,5507.9963,5507.9963,13,near_duplicate_vertex_tolerated_box
30651,2b2ff06f3e7f31dc,IT.MidClim.AB.01.Gen.ReEx.001.001,AB,IT.01,DWELLING_LAYOUT_EMITTED_IMPUTED_COUNT,67089d4081aa13ed470d2a90ab6c1391e6c7fe4e371a05f32d5cf91c8cf5b4d9,ab631c6026e3f7cf5cfcff7c6a506eb84b6eeb62f1afa5703fc48ef0897e25fa,IMPUTED_CENSUS_SECTION_CONSTRUCTION_PERIOD,1009.2255,1009.2255,806.574,806.574,10,
30660,5f96238548088e9c,IT.MidClim.AB.01.Gen.ReEx.001.001,AB,IT.01,FALLBACK_PENDING_LAYOUT_MISSING_DWELLING_COUNT,d3986fe354d5a1964cbc246789fa372207e601b788b6890f2ab81033fdb4bffc,ab631c6026e3f7cf5cfcff7c6a506eb84b6eeb62f1afa5703fc48ef0897e25fa,IMPUTED_CENSUS_SECTION_CONSTRUCTION_PERIOD,2154.7153,2154.7153,2154.7153,2154.7153,20,near_duplicate_vertex_tolerated_box
30661,af9715bd8141ae69,IT.MidClim.MFH.01.Gen.ReEx.001.001,MFH,IT.01,DWELLING_LAYOUT_EMITTED_IMPUTED_COUNT,eabc3ef6c4acf2e133a6ea6eb7116f77c4372538dbc0c4cc68a6e38f776213f2,ab631c6026e3f7cf5cfcff7c6a506eb84b6eeb62f1afa5703fc48ef0897e25fa,IMPUTED_CENSUS_SECTION_CONSTRUCTION_PERIOD,547.3705,547.3705,535.0608,535.0608,13,
30665,bac183a4f233b8c4,IT.MidClim.MFH.01.Gen.ReEx.001.001,MFH,IT.01,DWELLING_LAYOUT_EMITTED_INTERZONE_MISMATCH_REROUTED,867a5efc96983f13e3fa348de59dec81a76b7009b0d68608c8005784eb88b597,ab631c6026e3f7cf5cfcff7c6a506eb84b6eeb62f1afa5703fc48ef0897e25fa,IMPUTED_CENSUS_SECTION_CONSTRUCTION_PERIOD,1223.7337,1223.7337,1223.7337,1223.7337,7,
30686,ef4e2b065d8db07b,IT.MidClim.AB.01.Gen.ReEx.001.001,AB,IT.01,FALLBACK_PENDING_LAYOUT_MISSING_DWELLING_COUNT,053a8ea3991ee7b30e303441e6999b86ebb27e0c084b7009cde27267eb7aa3a1,ab631c6026e3f7cf5cfcff7c6a506eb84b6eeb62f1afa5703fc48ef0897e25fa,IMPUTED_CENSUS_SECTION_CONSTRUCTION_PERIOD,22990.3696,22990.3696,22990.3696,22990.3696,6,near_duplicate_vertex_tolerated_box
30688,75c96affe8b3ee07,IT.MidClim.MFH.01.Gen.ReEx.001.001,MFH,IT.01,DWELLING_LAYOUT_EMITTED_INTERZONE_MISMATCH_REROUTED,f96e5d9c72ac2c3c56786851b418dd720ef0874ebcee8eeb078fdec4ead0c47d,ab631c6026e3f7cf5cfcff7c6a506eb84b6eeb62f1afa5703fc48ef0897e25fa,IMPUTED_CENSUS_SECTION_CONSTRUCTION_PERIOD,166.1198,166.1198,166.1198,166.1198,10,
30691,d084245b433425ba,IT.MidClim.MFH.01.Gen.ReEx.001.001,MFH,IT.01,DWELLING_LAYOUT_EMITTED_INTERZONE_MISMATCH_REROUTED,b695465ed419b6f4e906d59ff50a4675c051febe9bf02cbac2976be913f7edef,ab631c6026e3f7cf5cfcff7c6a506eb84b6eeb62f1afa5703fc48ef0897e25fa,IMPUTED_CENSUS_SECTION_CONSTRUCTION_PERIOD,715.2332,715.2332,715.2332,715.2332,13,
30697,cebb6885c88c7184,IT.MidClim.MFH.01.Gen.ReEx.001.001,MFH,IT.01,DWELLING_LAYOUT_EMITTED_INTERZONE_MISMATCH_REROUTED,8f65145938f8bcb45a4395d20546b22266ae3cdcafabacb375c665d4f8e45460,ab631c6026e3f7cf5cfcff7c6a506eb84b6eeb62f1afa5703fc48ef0897e25fa,IMPUTED_CENSUS_SECTION_CONSTRUCTION_PERIOD,3220.0817,3220.0817,3220.0817,3220.0817,7,
30702,f60ca3814059a20b,IT.MidClim.MFH.01.Gen.ReEx.001.001,MFH,IT.01,DWELLING_LAYOUT_EMITTED_INTERZONE_MISMATCH_REROUTED,11c48ccc708723cfa7ca6c327f6d7d7b303fc511c1d4475c2068b4ac441c5a2c,ab631c6026e3f7cf5cfcff7c6a506eb84b6eeb62f1afa5703fc48ef0897e25fa,IMPUTED_CENSUS_SECTION_CONSTRUCTION_PERIOD,382.1923,382.1923,382.1923,382.1923,7,
30704,6e6f0cb7711f4023,IT.MidClim.MFH.01.Gen.ReEx.001.001,MFH,IT.01,DWELLING_LAYOUT_EMITTED_INTERZONE_MISMATCH_REROUTED,b2a42f248e25a5ea62f12a75e5f1c6701db7fbe346a35526afd05449ea2ae016,ab631c6026e3f7cf5cfcff7c6a506eb84b6eeb62f1afa5703fc48ef0897e25fa,IMPUTED_CENSUS_SECTION_CONSTRUCTION_PERIOD,689.0219,689.0219,689.0219,689.0219,14,
30715,f13ab6aedb429f59,IT.MidClim.AB.01.Gen.ReEx.001.001,AB,IT.01,FALLBACK_PENDING_LAYOUT_MISSING_DWELLING_COUNT,f42cda43593afd14bebe46e410015a0ad021159cb4cd0680d4f40e05a2917899,ab631c6026e3f7cf5cfcff7c6a506eb84b6eeb62f1afa5703fc48ef0897e25fa,IMPUTED_CENSUS_SECTION_CONSTRUCTION_PERIOD,842.3509,842.3509,842.3509,842.3509,15,near_duplicate_vertex_tolerated_box
30718,5b33b441324dc65d,IT.MidClim.SFH.01.Gen.ReEx.001.001,SFH,IT.01,DWELLING_LAYOUT_EMITTED_IMPUTED_COUNT,4fdac6f4ca8fe32a0878e68486411560644959773d00b11adc544abc74d20d6d,ab631c6026e3f7cf5cfcff7c6a506eb84b6eeb62f1afa5703fc48ef0897e25fa,IMPUTED_CENSUS_SECTION_CONSTRUCTION_PERIOD,254.0373,254.0373,254.0373,254.0373,8,
30719,fe984dea73e6dec3,IT.MidClim.MFH.01.Gen.ReEx.001.001,MFH,IT.01,DWELLING_LAYOUT_EMITTED_IMPUTED_COUNT,b0f14417830465d8cf7360b005a62877766113304ea810bcf583c82eebc7fa02,ab631c6026e3f7cf5cfcff7c6a506eb84b6eeb62f1afa5703fc48ef0897e25fa,IMPUTED_CENSUS_SECTION_CONSTRUCTION_PERIOD,2286.8733,2286.8733,2235.4522,2235.4522,4,
30722,625f69203dc87f82,IT.MidClim.MFH.01.Gen.ReEx.001.001,MFH,IT.01,DWELLING_LAYOUT_EMITTED_INTERZONE_MISMATCH_REROUTED,c758f8e793821aca7d765621b72b910fdd8936b6967014f67228a66bed476519,ab631c6026e3f7cf5cfcff7c6a506eb84b6eeb62f1afa5703fc48ef0897e25fa,IMPUTED_CENSUS_SECTION_CONSTRUCTION_PERIOD,640.8742,640.8742,640.8742,640.8742,15,
30741,cb1bf32e6fbc4b4f,IT.MidClim.AB.01.Gen.ReEx.001.001,AB,IT.01,DWELLING_LAYOUT_EMITTED_INTERZONE_MISMATCH_REROUTED,501b20d7e0839b39b69c8eab9e30e2aaa9f5ad8a138168193dd2b23f8ce41222,ab631c6026e3f7cf5cfcff7c6a506eb84b6eeb62f1afa5703fc48ef0897e25fa,IMPUTED_CENSUS_SECTION_CONSTRUCTION_PERIOD,1644.1617,1644.1617,1644.1617,1644.1617,11,
30742,f82b919a98d3192e,IT.MidClim.AB.01.Gen.ReEx.001.001,AB,IT.01,FALLBACK_PENDING_LAYOUT_MISSING_DWELLING_COUNT,b762398a937248cf61d6c99e2b22e94ed371ba3fecf6b1895645d4d3ccdb502d,ab631c6026e3f7cf5cfcff7c6a506eb84b6eeb62f1afa5703fc48ef0897e25fa,IMPUTED_CENSUS_SECTION_CONSTRUCTION_PERIOD,3706.9931,3706.9931,3706.9931,3706.9931,10,
30743,e65acb6a0d20706f,IT.MidClim.MFH.01.Gen.ReEx.001.001,MFH,IT.01,DWELLING_LAYOUT_EMITTED_IMPUTED_COUNT,06c063b624cc3dd0b416366f179686b4e79456db00bd0b784898ea10027d2ccf,ab631c6026e3f7cf5cfcff7c6a506eb84b6eeb62f1afa5703fc48ef0897e25fa,IMPUTED_CENSUS_SECTION_CONSTRUCTION_PERIOD,1772.0942,1772.0942,1732.2154,1732.2154,9,
30747,02a05dba53caae65,IT.MidClim.AB.01.Gen.ReEx.001.001,AB,IT.01,DWELLING_LAYOUT_EMITTED_INTERZONE_MISMATCH_REROUTED,826dd17b275dfab672ba85dfba5c529c975605a4f8ca5755889c954471a1b4f8,ab631c6026e3f7cf5cfcff7c6a506eb84b6eeb62f1afa5703fc48ef0897e25fa,IMPUTED_CENSUS_SECTION_CONSTRUCTION_PERIOD,7409.6624,7409.6624,7409.6624,7409.6624,10,
30752,d20763515d99d4e8,IT.MidClim.AB.01.Gen.ReEx.001.001,AB,IT.01,DWELLING_LAYOUT_EMITTED_IMPUTED_COUNT,8e429d2749b11264d01fbba94ab17458dd9c2b4d65988ed0c78430bb9f1ada3a,ab631c6026e3f7cf5cfcff7c6a506eb84b6eeb62f1afa5703fc48ef0897e25fa,IMPUTED_CENSUS_SECTION_CONSTRUCTION_PERIOD,7167.465,7167.465,6522.3931,6522.3931,11,
30766,9d49be45ad5b2dfe,IT.MidClim.AB.01.Gen.ReEx.001.001,AB,IT.01,DWELLING_LAYOUT_EMITTED_INTERZONE_MISMATCH_REROUTED,4c922815e3cae41ebf11c5f3ae17a4f9f1ca4128263cb6ec8855cc6e89052189,ab631c6026e3f7cf5cfcff7c6a506eb84b6eeb62f1afa5703fc48ef0897e25fa,IMPUTED_CENSUS_SECTION_CONSTRUCTION_PERIOD,7979.503,7979.503,7979.503,7979.503,12,
30771,dd0738101e984d47,IT.MidClim.AB.01.Gen.ReEx.001.001,AB,IT.01,DWELLING_LAYOUT_EMITTED_INTERZONE_MISMATCH_REROUTED,ca7b19d1f9679e5f1b89612657c56d059871e7bbe37f1db9babed4cfe642d352,ab631c6026e3f7cf5cfcff7c6a506eb84b6eeb62f1afa5703fc48ef0897e25fa,IMPUTED_CENSUS_SECTION_CONSTRUCTION_PERIOD,1079.2314,1079.2314,1079.2314,1079.2314,15,
30775,369a17dbed390893,IT.MidClim.AB.01.Gen.ReEx.001.001,AB,IT.01,FALLBACK_PENDING_LAYOUT_MISSING_DWELLING_COUNT,004688cf03018065240e51c17c79fa158077e4a43381b738a8899a217bfdd762,ab631c6026e3f7cf5cfcff7c6a506eb84b6eeb62f1afa5703fc48ef0897e25fa,IMPUTED_CENSUS_SECTION_CONSTRUCTION_PERIOD,2798.822,2798.822,2798.822,2798.822,11,
30781,a7397a330350341b,IT.MidClim.AB.01.Gen.ReEx.001.001,AB,IT.01,FALLBACK_PENDING_LAYOUT_MISSING_DWELLING_COUNT,edf525ec2a38bf6e0a5495a005173d135beeb5960306dfe421dc2bb8ffb0d021,ab631c6026e3f7cf5cfcff7c6a506eb84b6eeb62f1afa5703fc48ef0897e25fa,IMPUTED_CENSUS_SECTION_CONSTRUCTION_PERIOD,1170.429,1170.429,1170.429,1170.429,10,
30789,6272ec7e4793cc9e,IT.MidClim.AB.01.Gen.ReEx.001.001,AB,IT.01,FALLBACK_PENDING_LAYOUT_MISSING_DWELLING_COUNT,1d65039d0f9c18c9ef1a3463dbb6f586e304c0c53155b2f69d83ee95169af920,ab631c6026e3f7cf5cfcff7c6a506eb84b6eeb62f1afa5703fc48ef0897e25fa,IMPUTED_CENSUS_SECTION_CONSTRUCTION_PERIOD,3534.718,3534.718,3534.718,3534.718,7,
30798,411645a7aa3a5779,IT.MidClim.AB.01.Gen.ReEx.001.001,AB,IT.01,DWELLING_LAYOUT_EMITTED_INTERZONE_MISMATCH_REROUTED,3439a4966ea98f9d12518cd58eb9b78c72c4a9c9f590da151450956b7472ada0,ab631c6026e3f7cf5cfcff7c6a506eb84b6eeb62f1afa5703fc48ef0897e25fa,IMPUTED_CENSUS_SECTION_CONSTRUCTION_PERIOD,828.3444,828.3444,828.3444,828.3444,12,
30800,e0569f298c830085,IT.MidClim.AB.01.Gen.ReEx.001.001,AB,IT.01,FALLBACK_PENDING_LAYOUT_MISSING_DWELLING_COUNT,4359c7dfac10a564ad6c932a3d831e18a104ce7d4e6486694e6a79a1bb6b6b36,ab631c6026e3f7cf5cfcff7c6a506eb84b6eeb62f1afa5703fc48ef0897e25fa,IMPUTED_CENSUS_SECTION_CONSTRUCTION_PERIOD,1465.9689,1465.9689,1465.9689,1465.9689,11,near_duplicate_vertex_tolerated_box
30809,14e42434549b3129,IT.MidClim.AB.01.Gen.ReEx.001.001,AB,IT.01,FALLBACK_PENDING_LAYOUT_MISSING_DWELLING_COUNT,3f6fef2a53dc9820251bff356d258747d8c70d2e5eead537843cb7846deb812b,ab631c6026e3f7cf5cfcff7c6a506eb84b6eeb62f1afa5703fc48ef0897e25fa,IMPUTED_CENSUS_SECTION_CONSTRUCTION_PERIOD,1612.3905,1612.3905,1612.3905,1612.3905,14,near_duplicate_vertex_tolerated_box
30810,55ce871a32325790,IT.MidClim.AB.01.Gen.ReEx.001.001,AB,IT.01,FALLBACK_PENDING_LAYOUT_MISSING_DWELLING_COUNT,2893b00861afef4399350874a2cd6e8826781139e5a700b0c1ad6784d978658f,ab631c6026e3f7cf5cfcff7c6a506eb84b6eeb62f1afa5703fc48ef0897e25fa,IMPUTED_CENSUS_SECTION_CONSTRUCTION_PERIOD,1770.9799,1770.9799,1770.9799,1770.9799,9,
30817,9cee1873f9b5679a,IT.MidClim.AB.01.Gen.ReEx.001.001,AB,IT.01,FALLBACK_PENDING_LAYOUT_MISSING_DWELLING_COUNT,182a5d44112562fb6a13c66bbced347105b710d4daf12f46a24e68c6506122aa,ab631c6026e3f7cf5cfcff7c6a506eb84b6eeb62f1afa5703fc48ef0897e25fa,IMPUTED_CENSUS_SECTION_CONSTRUCTION_PERIOD,866.141,866.141,866.141,866.141,12,near_duplicate_vertex_tolerated_box
30821,d3ee9f61a2f204b9,IT.MidClim.AB.01.Gen.ReEx.001.001,AB,IT.01,FALLBACK_PENDING_LAYOUT_MISSING_DWELLING_COUNT,6071ce985741a467ddb70561a76fa0800903799bcf7117f5df0e2b7d50b6c3f2,ab631c6026e3f7cf5cfcff7c6a506eb84b6eeb62f1afa5703fc48ef0897e25fa,IMPUTED_CENSUS_SECTION_CONSTRUCTION_PERIOD,2141.7776,2141.7776,2141.7776,2141.7776,13,near_duplicate_vertex_tolerated_box
30832,fad76df8a8b9054d,IT.MidClim.AB.01.Gen.ReEx.001.001,AB,IT.01,DWELLING_LAYOUT_EMITTED_IMPUTED_COUNT,11a4f2ead3a08cc1eac18126f83eff1ab96f0cf2e1b21074214356c82b200ac6,ab631c6026e3f7cf5cfcff7c6a506eb84b6eeb62f1afa5703fc48ef0897e25fa,IMPUTED_CENSUS_SECTION_CONSTRUCTION_PERIOD,1000.1063,1000.1063,910.0967,910.0967,11,
30833,7b6afe7d69518d0b,IT.MidClim.AB.01.Gen.ReEx.001.001,AB,IT.01,FALLBACK_PENDING_LAYOUT_MISSING_DWELLING_COUNT,2e14b455ccbb2935e83304dfe54dbb1285ba8c6f222eb62075a93c6a984f33be,ab631c6026e3f7cf5cfcff7c6a506eb84b6eeb62f1afa5703fc48ef0897e25fa,IMPUTED_CENSUS_SECTION_CONSTRUCTION_PERIOD,1623.9265,1623.9265,1623.9265,1623.9265,7,
30836,8d19dc01f100449c,IT.MidClim.AB.01.Gen.ReEx.001.001,AB,IT.01,FALLBACK_PENDING_LAYOUT_MISSING_DWELLING_COUNT,15d2dcfdf4982dabfe32c13eea017527de504f25f5d40796dcb116b4fcd42c4c,ab631c6026e3f7cf5cfcff7c6a506eb84b6eeb62f1afa5703fc48ef0897e25fa,IMPUTED_CENSUS_SECTION_CONSTRUCTION_PERIOD,3278.4351,3278.4351,3278.4351,3278.4351,19,near_duplicate_vertex_tolerated_box
30847,953556e101cfda17,IT.MidClim.AB.01.Gen.ReEx.001.001,AB,IT.01,FALLBACK_PENDING_LAYOUT_MISSING_DWELLING_COUNT,0610e776693bcac5a3a484f86006123c35e9ebfe35bc1dba978012accd0af53a,ab631c6026e3f7cf5cfcff7c6a506eb84b6eeb62f1afa5703fc48ef0897e25fa,IMPUTED_CENSUS_SECTION_CONSTRUCTION_PERIOD,4116.7212,4116.7212,4116.7212,4116.7212,11,
30850,318b4b7811b2e97b,IT.MidClim.AB.01.Gen.ReEx.001.001,AB,IT.01,DWELLING_LAYOUT_EMITTED_INTERZONE_MISMATCH_REROUTED,3bf6bcbd1948f3bcd3891fba501f0cb660087e967849e1cdd5e70b5dcc776f31,ab631c6026e3f7cf5cfcff7c6a506eb84b6eeb62f1afa5703fc48ef0897e25fa,IMPUTED_CENSUS_SECTION_CONSTRUCTION_PERIOD,288.4587,288.4587,288.4587,288.4587,11,
30854,b68156934c2ade8e,IT.MidClim.AB.01.Gen.ReEx.001.001,AB,IT.01,FALLBACK_PENDING_LAYOUT_MISSING_DWELLING_COUNT,382b626e44d940452fd945e9a6104af6d8c23c1e5679db5b86bb1a0f4d9530c7,ab631c6026e3f7cf5cfcff7c6a506eb84b6eeb62f1afa5703fc48ef0897e25fa,IMPUTED_CENSUS_SECTION_CONSTRUCTION_PERIOD,1447.115,1447.115,1447.115,1447.115,11,
30856,8199afb70ed38307,IT.MidClim.AB.01.Gen.ReEx.001.001,AB,IT.01,FALLBACK_PENDING_LAYOUT_MISSING_DWELLING_COUNT,85a1a063d82a38397b0ecc7dbed53aabbe12a15989d52ea4202e47188fbaf1b4,ab631c6026e3f7cf5cfcff7c6a506eb84b6eeb62f1afa5703fc48ef0897e25fa,IMPUTED_CENSUS_SECTION_CONSTRUCTION_PERIOD,729.6629,729.6629,729.6629,729.6629,11,
30868,835e1e754d428425,IT.MidClim.AB.01.Gen.ReEx.001.001,AB,IT.01,FALLBACK_PENDING_LAYOUT_MISSING_DWELLING_COUNT,ca449d775beda3cedf19813acd10adc833cc39870a52ab1055dddbfa8fbbffab,ab631c6026e3f7cf5cfcff7c6a506eb84b6eeb62f1afa5703fc48ef0897e25fa,IMPUTED_CENSUS_SECTION_CONSTRUCTION_PERIOD,858.8495,858.8495,858.8495,858.8495,13,
30869,02d302da58989caf,IT.MidClim.AB.01.Gen.ReEx.001.001,AB,IT.01,FALLBACK_PENDING_LAYOUT_MISSING_DWELLING_COUNT,9ad6e1b57812150028dc104ff833ca3dada8b07fd0d0b2e0f09deaf99025a88f,ab631c6026e3f7cf5cfcff7c6a506eb84b6eeb62f1afa5703fc48ef0897e25fa,IMPUTED_CENSUS_SECTION_CONSTRUCTION_PERIOD,1768.0213,1768.0213,1768.0213,1768.0213,7,near_duplicate_vertex_tolerated_box
30872,a469aef70bac8835,IT.MidClim.MFH.01.Gen.ReEx.001.001,MFH,IT.01,DWELLING_LAYOUT_EMITTED_INTERZONE_MISMATCH_REROUTED,f0ed6ee73f9cc5163139b2ba98bf4596c109916d17120b376a3e200b59b577f1,ab631c6026e3f7cf5cfcff7c6a506eb84b6eeb62f1afa5703fc48ef0897e25fa,IMPUTED_CENSUS_SECTION_CONSTRUCTION_PERIOD,1536.1124,1536.1124,1536.1124,1536.1124,15,
30885,ca4aad4ab1e814f3,IT.MidClim.AB.01.Gen.ReEx.001.001,AB,IT.01,FALLBACK_PENDING_LAYOUT_MISSING_DWELLING_COUNT,0fe7c3725f9157f60e630efa1f66de14d34c89425e0c1df88c4dbb6461e841c5,ab631c6026e3f7cf5cfcff7c6a506eb84b6eeb62f1afa5703fc48ef0897e25fa,IMPUTED_CENSUS_SECTION_CONSTRUCTION_PERIOD,8157.7316,8157.7316,8157.7316,8157.7316,10,near_duplicate_vertex_tolerated_box
30886,c53f68e48e878b57,IT.MidClim.AB.01.Gen.ReEx.001.001,AB,IT.01,FALLBACK_PENDING_LAYOUT_MISSING_DWELLING_COUNT,d87cd917dfe5cb7a79bb2746069df63feb8ce6bd917087e70a940352c0f6033e,ab631c6026e3f7cf5cfcff7c6a506eb84b6eeb62f1afa5703fc48ef0897e25fa,IMPUTED_CENSUS_SECTION_CONSTRUCTION_PERIOD,3144.5694,3144.5694,3144.5694,3144.5694,12,
30893,8e68b83c92eaa5bf,IT.MidClim.MFH.01.Gen.ReEx.001.001,MFH,IT.01,DWELLING_LAYOUT_EMITTED_INTERZONE_MISMATCH_REROUTED,3ef70ef66df916501593a3aef67056631f1365092c777a84eca8e653c3ef37e9,ab631c6026e3f7cf5cfcff7c6a506eb84b6eeb62f1afa5703fc48ef0897e25fa,IMPUTED_CENSUS_SECTION_CONSTRUCTION_PERIOD,435.3031,435.3031,435.3031,435.3031,13,
30899,80f8adfe5d962ce7,IT.MidClim.MFH.01.Gen.ReEx.001.001,MFH,IT.01,DWELLING_LAYOUT_EMITTED_INTERZONE_MISMATCH_REROUTED,dd352f22fc8f27ba10c4c77a6fa0d3c17baf385a1b0b053053e65fad37445d46,ab631c6026e3f7cf5cfcff7c6a506eb84b6eeb62f1afa5703fc48ef0897e25fa,IMPUTED_CENSUS_SECTION_CONSTRUCTION_PERIOD,860.9031,860.9031,860.9031,860.9031,14,
30902,bbcb07756bb35a71,IT.MidClim.AB.01.Gen.ReEx.001.001,AB,IT.01,FALLBACK_PENDING_LAYOUT_MISSING_DWELLING_COUNT,093f17ba2977af40af97f3a1bdb61d351e35f42e40030f5518c34cca273edd6e,ab631c6026e3f7cf5cfcff7c6a506eb84b6eeb62f1afa5703fc48ef0897e25fa,IMPUTED_CENSUS_SECTION_CONSTRUCTION_PERIOD,569.3635,569.3635,569.3635,569.3635,13,
30905,188c7861ae294048,IT.MidClim.AB.01.Gen.ReEx.001.001,AB,IT.01,FALLBACK_PENDING_LAYOUT_MISSING_DWELLING_COUNT,f165e4dab8857b420cade0ad2cd8f6e5a65199e74651b21a3fb032f8b8586ce7,ab631c6026e3f7cf5cfcff7c6a506eb84b6eeb62f1afa5703fc48ef0897e25fa,IMPUTED_CENSUS_SECTION_CONSTRUCTION_PERIOD,1195.4365,1195.4365,1195.4365,1195.4365,10,near_duplicate_vertex_tolerated_box
30906,57fe59894c61fbcd,IT.MidClim.AB.01.Gen.ReEx.001.001,AB,IT.01,DWELLING_LAYOUT_EMITTED_INTERZONE_MISMATCH_REROUTED,0335103345e6e6836c43e6170739c5bae23d757318d033f7f221e5824dc8a02f,ab631c6026e3f7cf5cfcff7c6a506eb84b6eeb62f1afa5703fc48ef0897e25fa,IMPUTED_CENSUS_SECTION_CONSTRUCTION_PERIOD,682.4567,682.4567,682.4567,682.4567,14,
30912,aa59861d3a4c6a89,IT.MidClim.AB.01.Gen.ReEx.001.001,AB,IT.01,FALLBACK_PENDING_LAYOUT_MISSING_DWELLING_COUNT,55458a9651c81adf065b2aaa0ff416fd271e6be45de413db8c37c5d26fa949d5,ab631c6026e3f7cf5cfcff7c6a506eb84b6eeb62f1afa5703fc48ef0897e25fa,IMPUTED_CENSUS_SECTION_CONSTRUCTION_PERIOD,332.0774,332.0774,332.0774,332.0774,8,
30913,11bd0a0259075843,IT.MidClim.AB.01.Gen.ReEx.001.001,AB,IT.01,FALLBACK_PENDING_LAYOUT_MISSING_DWELLING_COUNT,2dc1ebd1155896878c7d344f278e7ea3cd8c96aa38287c1778019d27dc6a6d5b,ab631c6026e3f7cf5cfcff7c6a506eb84b6eeb62f1afa5703fc48ef0897e25fa,IMPUTED_CENSUS_SECTION_CONSTRUCTION_PERIOD,4081.3287,4081.3287,4081.3287,4081.3287,6,near_duplicate_vertex_tolerated_box
30915,a66b630c4e8549bb,IT.MidClim.AB.01.Gen.ReEx.001.001,AB,IT.01,FALLBACK_PENDING_LAYOUT_MISSING_DWELLING_COUNT,d0c6c4efcc0daaf1d6567a459f906a138f26b251786d7308d86099db775109b5,ab631c6026e3f7cf5cfcff7c6a506eb84b6eeb62f1afa5703fc48ef0897e25fa,IMPUTED_CENSUS_SECTION_CONSTRUCTION_PERIOD,1695.1897,1695.1897,1695.1897,1695.1897,18,near_duplicate_vertex_tolerated_box
30923,4ad4a5575a4532a5,IT.MidClim.AB.01.Gen.ReEx.001.001,AB,IT.01,FALLBACK_PENDING_LAYOUT_MISSING_DWELLING_COUNT,de53832b6fd2fc8e302d9fde33889a4429c59b7a99246e803cdd428a2d1c397f,ab631c6026e3f7cf5cfcff7c6a506eb84b6eeb62f1afa5703fc48ef0897e25fa,IMPUTED_CENSUS_SECTION_CONSTRUCTION_PERIOD,589.7252,589.7252,589.7252,589.7252,17,
30925,025b715449fed6d7,IT.MidClim.AB.01.Gen.ReEx.001.001,AB,IT.01,FALLBACK_PENDING_LAYOUT_MISSING_DWELLING_COUNT,e5bde5e5d6db03059a843e91aea8592209bd479445b68007137e22a007649fa9,ab631c6026e3f7cf5cfcff7c6a506eb84b6eeb62f1afa5703fc48ef0897e25fa,IMPUTED_CENSUS_SECTION_CONSTRUCTION_PERIOD,973.8904,973.8904,973.8904,973.8904,16,near_duplicate_vertex_tolerated_box
30930,9d78c1a0b4d3ac54,IT.MidClim.AB.01.Gen.ReEx.001.001,AB,IT.01,FALLBACK_PENDING_LAYOUT_MISSING_DWELLING_COUNT,0dd89b11bda63b2bb9065f9ec2152fc356d97cc7b8cc79095c34bc205004c87a,ab631c6026e3f7cf5cfcff7c6a506eb84b6eeb62f1afa5703fc48ef0897e25fa,IMPUTED_CENSUS_SECTION_CONSTRUCTION_PERIOD,713.601,713.601,713.601,713.601,11,
30931,1299981a055daac1,IT.MidClim.AB.01.Gen.ReEx.001.001,AB,IT.01,FALLBACK_PENDING_LAYOUT_MISSING_DWELLING_COUNT,4d50346ef81ee05ff6cf6f70ee14099f216964d3c692e4dafa82781908162cb0,ab631c6026e3f7cf5cfcff7c6a506eb84b6eeb62f1afa5703fc48ef0897e25fa,IMPUTED_CENSUS_SECTION_CONSTRUCTION_PERIOD,475.3142,475.3142,475.3142,475.3142,14,
30932,b542239b93089ef6,IT.MidClim.AB.01.Gen.ReEx.001.001,AB,IT.01,FALLBACK_PENDING_LAYOUT_MISSING_DWELLING_COUNT,3418fd4a84d9ba9e4edd5bb4aa7cc1a7c9bb2961ddd627c82dabbef9ed6f06ef,ab631c6026e3f7cf5cfcff7c6a506eb84b6eeb62f1afa5703fc48ef0897e25fa,IMPUTED_CENSUS_SECTION_CONSTRUCTION_PERIOD,4499.7489,4499.7489,4499.7489,4499.7489,10,near_duplicate_vertex_tolerated_box
30935,3117bb9373386282,IT.MidClim.MFH.01.Gen.ReEx.001.001,MFH,IT.01,DWELLING_LAYOUT_EMITTED_INTERZONE_MISMATCH_REROUTED,d72c577398edef2631871b3327aab04ad7b674f4948706ab057ca509fe2a9d1f,ab631c6026e3f7cf5cfcff7c6a506eb84b6eeb62f1afa5703fc48ef0897e25fa,IMPUTED_CENSUS_SECTION_CONSTRUCTION_PERIOD,654.3465,654.3465,654.3465,654.3465,14,
30936,a4b6a6e952dec92b,IT.MidClim.AB.01.Gen.ReEx.001.001,AB,IT.01,FALLBACK_PENDING_LAYOUT_MISSING_DWELLING_COUNT,9680bb4e062b4c7b57e78fa3918b2f7c9896d698992cbf4a4e7160b1ec1b8ea4,ab631c6026e3f7cf5cfcff7c6a506eb84b6eeb62f1afa5703fc48ef0897e25fa,IMPUTED_CENSUS_SECTION_CONSTRUCTION_PERIOD,576.1084,576.1084,576.1084,576.1084,15,
30939,91636ae3e21e2e3b,IT.MidClim.AB.01.Gen.ReEx.001.001,AB,IT.01,FALLBACK_PENDING_LAYOUT_MISSING_DWELLING_COUNT,56f43480510c897e7ad80de74cfcb0df94049cafdd6ba3abec6787e87e186031,ab631c6026e3f7cf5cfcff7c6a506eb84b6eeb62f1afa5703fc48ef0897e25fa,IMPUTED_CENSUS_SECTION_CONSTRUCTION_PERIOD,1061.7008,1061.7008,1061.7008,1061.7008,18,near_duplicate_vertex_tolerated_box
30944,8d55c7de21f7dc17,IT.MidClim.AB.01.Gen.ReEx.001.001,AB,IT.01,FALLBACK_PENDING_LAYOUT_MISSING_DWELLING_COUNT,b77622ac4e33eb4712a50c398543abdcb405ada53b829d3d71b45ae0ccfe758a,ab631c6026e3f7cf5cfcff7c6a506eb84b6eeb62f1afa5703fc48ef0897e25fa,IMPUTED_CENSUS_SECTION_CONSTRUCTION_PERIOD,883.117,883.117,883.117,883.117,16,
30945,45a8f1404ce50b31,IT.MidClim.AB.01.Gen.ReEx.001.001,AB,IT.01,FALLBACK_PENDING_LAYOUT_MISSING_DWELLING_COUNT,53497f9e273a45ca85f3758b7cecb14fb93e7a02bf046ce23f7b9bbd2cdd45c8,ab631c6026e3f7cf5cfcff7c6a506eb84b6eeb62f1afa5703fc48ef0897e25fa,IMPUTED_CENSUS_SECTION_CONSTRUCTION_PERIOD,2011.1026,2011.1026,2011.1026,2011.1026,14,
30946,7e4f0c98576b5d81,IT.MidClim.AB.01.Gen.ReEx.001.001,AB,IT.01,FALLBACK_PENDING_LAYOUT_MISSING_DWELLING_COUNT,63fa1b3c30ee7fb40ad8fd559997071dec7ccbe0126935c686edbd1689ee3614,ab631c6026e3f7cf5cfcff7c6a506eb84b6eeb62f1afa5703fc48ef0897e25fa,IMPUTED_CENSUS_SECTION_CONSTRUCTION_PERIOD,1675.9026,1675.9026,1675.9026,1675.9026,3,near_duplicate_vertex_tolerated_box
30948,017c68d867259721,IT.MidClim.AB.01.Gen.ReEx.001.001,AB,IT.01,FALLBACK_PENDING_LAYOUT_MISSING_DWELLING_COUNT,cc7b752a430b28b9be998dc5cdae1720de59f856bfbd35b97bfa4338a1cea4d6,ab631c6026e3f7cf5cfcff7c6a506eb84b6eeb62f1afa5703fc48ef0897e25fa,IMPUTED_CENSUS_SECTION_CONSTRUCTION_PERIOD,1415.1875,1415.1875,1415.1875,1415.1875,16,
30954,25934f300ee89d88,IT.MidClim.AB.01.Gen.ReEx.001.001,AB,IT.01,DWELLING_LAYOUT_EMITTED_INTERZONE_MISMATCH_REROUTED,7fc91e1e98caef50ea7e24689fcdb5e61cceb5df70108a13f1c989871cb4c45a,ab631c6026e3f7cf5cfcff7c6a506eb84b6eeb62f1afa5703fc48ef0897e25fa,IMPUTED_CENSUS_SECTION_CONSTRUCTION_PERIOD,2513.4396,2513.4396,2513.4396,2513.4396,20,
30960,6aa51b60ef37b5bc,IT.MidClim.MFH.01.Gen.ReEx.001.001,MFH,IT.01,DWELLING_LAYOUT_EMITTED_INTERZONE_MISMATCH_REROUTED,9897464beac1824a4818e2e66e5861df5a43bb71b065f00ac6afdb968ce3ba2e,ab631c6026e3f7cf5cfcff7c6a506eb84b6eeb62f1afa5703fc48ef0897e25fa,IMPUTED_CENSUS_SECTION_CONSTRUCTION_PERIOD,633.6094,633.6094,633.6094,633.6094,14,
30963,11d4ea560ba8d2cd,IT.MidClim.AB.01.Gen.ReEx.001.001,AB,IT.01,FALLBACK_PENDING_LAYOUT_MISSING_DWELLING_COUNT,a24f67868d76b79b2de47ddee97cca5c7d80b1fe08d5c0450defebb77475f426,ab631c6026e3f7cf5cfcff7c6a506eb84b6eeb62f1afa5703fc48ef0897e25fa,IMPUTED_CENSUS_SECTION_CONSTRUCTION_PERIOD,2474.1182,2474.1182,2474.1182,2474.1182,14,near_duplicate_vertex_tolerated_box
30968,63a639b56ba8b014,IT.MidClim.AB.01.Gen.ReEx.001.001,AB,IT.01,FALLBACK_PENDING_LAYOUT_MISSING_DWELLING_COUNT,39c1062b95da05df1b100e4770c6aa6142211b4b5d3cf6b41b8cb0a475b1a03b,ab631c6026e3f7cf5cfcff7c6a506eb84b6eeb62f1afa5703fc48ef0897e25fa,IMPUTED_CENSUS_SECTION_CONSTRUCTION_PERIOD,1698.6301,1698.6301,1698.6301,1698.6301,6,
30969,673a13dde8c1b7b3,IT.MidClim.AB.01.Gen.ReEx.001.001,AB,IT.01,FALLBACK_PENDING_LAYOUT_MISSING_DWELLING_COUNT,434374ebb36a9799881689742530e721ec2ed5d3fa08a66c345f1f51337d1a97,ab631c6026e3f7cf5cfcff7c6a506eb84b6eeb62f1afa5703fc48ef0897e25fa,IMPUTED_CENSUS_SECTION_CONSTRUCTION_PERIOD,4295.7707,4295.7707,4295.7707,4295.7707,13,near_duplicate_vertex_tolerated_box
30970,1f1487863f6a068c,IT.MidClim.AB.01.Gen.ReEx.001.001,AB,IT.01,FALLBACK_PENDING_LAYOUT_MISSING_DWELLING_COUNT,b1ace0ddff54f62b3f7044882d8588ec819e5eef66b160ba31221ebc6a5634bd,ab631c6026e3f7cf5cfcff7c6a506eb84b6eeb62f1afa5703fc48ef0897e25fa,IMPUTED_CENSUS_SECTION_CONSTRUCTION_PERIOD,2022.6321,2022.6321,2022.6321,2022.6321,14,near_duplicate_vertex_tolerated_box
30971,d8345ec5f819cb23,IT.MidClim.AB.01.Gen.ReEx.001.001,AB,IT.01,DWELLING_LAYOUT_EMITTED_INTERZONE_MISMATCH_REROUTED,4068687aec27071299ca779c64077989449bbe4d8f1c3299c0884f2b60450ed8,ab631c6026e3f7cf5cfcff7c6a506eb84b6eeb62f1afa5703fc48ef0897e25fa,IMPUTED_CENSUS_SECTION_CONSTRUCTION_PERIOD,2199.4469,2199.4469,2199.4469,2199.4469,17,
30980,381e3b7597f6f35b,IT.MidClim.AB.01.Gen.ReEx.001.001,AB,IT.01,FALLBACK_PENDING_LAYOUT_MISSING_DWELLING_COUNT,1796e16e7b25cd91b6ccac4e8d4035a1e97d4f7debdbc80f0fa5b31726bff7d6,ab631c6026e3f7cf5cfcff7c6a506eb84b6eeb62f1afa5703fc48ef0897e25fa,IMPUTED_CENSUS_SECTION_CONSTRUCTION_PERIOD,1092.4308,1092.4308,1092.4308,1092.4308,18,near_duplicate_vertex_tolerated_box
30984,ee66035353246f7c,IT.MidClim.AB.01.Gen.ReEx.001.001,AB,IT.01,FALLBACK_PENDING_LAYOUT_MISSING_DWELLING_COUNT,d7144063de740b9be72ef13d2a15031be9709ba13962f3ffedbd4483989dff97,ab631c6026e3f7cf5cfcff7c6a506eb84b6eeb62f1afa5703fc48ef0897e25fa,IMPUTED_CENSUS_SECTION_CONSTRUCTION_PERIOD,620.1204,620.1204,620.1204,620.1204,15,near_duplicate_vertex_tolerated_box
30988,1703fdf86d89e802,IT.MidClim.AB.01.Gen.ReEx.001.001,AB,IT.01,DWELLING_LAYOUT_EMITTED_INTERZONE_MISMATCH_REROUTED,e79a4f1b917f442ba6b30cfe754e3adaf6ba48e97fa3288a4f8e5dbf86d52ffb,ab631c6026e3f7cf5cfcff7c6a506eb84b6eeb62f1afa5703fc48ef0897e25fa,IMPUTED_CENSUS_SECTION_CONSTRUCTION_PERIOD,217.84,217.84,217.84,217.84,8,
30992,1f38da162e55a853,IT.MidClim.AB.01.Gen.ReEx.001.001,AB,IT.01,FALLBACK_PENDING_LAYOUT_MISSING_DWELLING_COUNT,1d6b3be4877494909fcb6da84e427677d61d1dd462056fb2b610f2ea378ee8ec,ab631c6026e3f7cf5cfcff7c6a506eb84b6eeb62f1afa5703fc48ef0897e25fa,IMPUTED_CENSUS_SECTION_CONSTRUCTION_PERIOD,518.8266,518.8266,518.8266,518.8266,11,near_duplicate_vertex_tolerated_box
31001,cbe2fbb2b72c0ee9,IT.MidClim.MFH.01.Gen.ReEx.001.001,MFH,IT.01,DWELLING_LAYOUT_EMITTED_INTERZONE_MISMATCH_REROUTED,7c54755fdf94fca03323ba482512138cad2d69e0796822af9e09dd4a7549b106,ab631c6026e3f7cf5cfcff7c6a506eb84b6eeb62f1afa5703fc48ef0897e25fa,IMPUTED_CENSUS_SECTION_CONSTRUCTION_PERIOD,880.0875,880.0875,880.0875,880.0875,15,
31003,7f3e1d60f4c8b5bf,IT.MidClim.AB.01.Gen.ReEx.001.001,AB,IT.01,DWELLING_LAYOUT_EMITTED_INTERZONE_MISMATCH_REROUTED,e29acbb442da31e3afa62f3244e562ae9eed23d372910099b2483db37e1142f3,ab631c6026e3f7cf5cfcff7c6a506eb84b6eeb62f1afa5703fc48ef0897e25fa,IMPUTED_CENSUS_SECTION_CONSTRUCTION_PERIOD,357.2817,357.2817,357.2817,357.2817,11,
31004,e12cc288edff314d,IT.MidClim.AB.01.Gen.ReEx.001.001,AB,IT.01,FALLBACK_PENDING_LAYOUT_MISSING_DWELLING_COUNT,457532acc0cb8dd9763ed70e5f3fc8fd8cafda543290b1f068e98bfb2227b96b,ab631c6026e3f7cf5cfcff7c6a506eb84b6eeb62f1afa5703fc48ef0897e25fa,IMPUTED_CENSUS_SECTION_CONSTRUCTION_PERIOD,1142.6224,1142.6224,1142.6224,1142.6224,9,
31005,6b98312202116781,IT.MidClim.AB.01.Gen.ReEx.001.001,AB,IT.01,FALLBACK_PENDING_LAYOUT_MISSING_DWELLING_COUNT,19ea29d9e43a002c58d156baee7f42d944e0e6bb2dff76dd4a89827063d35953,ab631c6026e3f7cf5cfcff7c6a506eb84b6eeb62f1afa5703fc48ef0897e25fa,IMPUTED_CENSUS_SECTION_CONSTRUCTION_PERIOD,609.317,609.317,609.317,609.317,15,
31015,816bc02fbbf88f8d,IT.MidClim.AB.01.Gen.ReEx.001.001,AB,IT.01,FALLBACK_PENDING_LAYOUT_MISSING_DWELLING_COUNT,8d730327e9ca3ababd53af0d2ca75dd6fead69c4a212c5bc9cf316abb6c329c7,ab631c6026e3f7cf5cfcff7c6a506eb84b6eeb62f1afa5703fc48ef0897e25fa,IMPUTED_CENSUS_SECTION_CONSTRUCTION_PERIOD,1791.0723,1791.0723,1791.0723,1791.0723,13,
31016,47e5fcc0e0fc75ab,IT.MidClim.AB.01.Gen.ReEx.001.001,AB,IT.01,DWELLING_LAYOUT_EMITTED_INTERZONE_MISMATCH_REROUTED,38bd1d46d782f1d19f08923e0e892e89384008d1ea5840a406a794c984e1f876,ab631c6026e3f7cf5cfcff7c6a506eb84b6eeb62f1afa5703fc48ef0897e25fa,IMPUTED_CENSUS_SECTION_CONSTRUCTION_PERIOD,150.0174,150.0174,150.0174,150.0174,6,
31018,5bf4b632b003dafb,IT.MidClim.AB.01.Gen.ReEx.001.001,AB,IT.01,DWELLING_LAYOUT_EMITTED_INTERZONE_MISMATCH_REROUTED,cd6df9a5febfb68aa7a9a36439a5b03d96b915a92ec30fc1e2e3f6a2195bb854,ab631c6026e3f7cf5cfcff7c6a506eb84b6eeb62f1afa5703fc48ef0897e25fa,IMPUTED_CENSUS_SECTION_CONSTRUCTION_PERIOD,700.294,700.294,700.294,700.294,13,
31019,ffb836450682589c,IT.MidClim.AB.01.Gen.ReEx.001.001,AB,IT.01,FALLBACK_PENDING_LAYOUT_MISSING_DWELLING_COUNT,01d915bdbac081930698dce1e38c7ec42f4519d1ccfd2d32012209193a1528bf,ab631c6026e3f7cf5cfcff7c6a506eb84b6eeb62f1afa5703fc48ef0897e25fa,IMPUTED_CENSUS_SECTION_CONSTRUCTION_PERIOD,8081.7022,8081.7022,8081.7022,8081.7022,19,near_duplicate_vertex_tolerated_box
31022,adda486de382eccd,IT.MidClim.AB.01.Gen.ReEx.001.001,AB,IT.01,FALLBACK_PENDING_LAYOUT_MISSING_DWELLING_COUNT,f50808060a18fc45f8605b0c3d267390c8bcb4593d159f2869413a90d0b99e18,ab631c6026e3f7cf5cfcff7c6a506eb84b6eeb62f1afa5703fc48ef0897e25fa,IMPUTED_CENSUS_SECTION_CONSTRUCTION_PERIOD,1425.1528,1425.1528,1425.1528,1425.1528,20,
31029,b01ad0e16a64d27d,IT.MidClim.AB.01.Gen.ReEx.001.001,AB,IT.01,FALLBACK_PENDING_LAYOUT_MISSING_DWELLING_COUNT,52238f12a77a4c2c176343e2b4a969b4fbe294764241f19120f95a3b621aefe8,ab631c6026e3f7cf5cfcff7c6a506eb84b6eeb62f1afa5703fc48ef0897e25fa,IMPUTED_CENSUS_SECTION_CONSTRUCTION_PERIOD,595.2749,595.2749,595.2749,595.2749,11,
31035,d1fd4e1a34f0d97e,IT.MidClim.AB.01.Gen.ReEx.001.001,AB,IT.01,DWELLING_LAYOUT_EMITTED_INTERZONE_MISMATCH_REROUTED,6aecab6e210d6855b61fda4ee13f27c984c3a5e9f4be3a560fdaa4743d083228,ab631c6026e3f7cf5cfcff7c6a506eb84b6eeb62f1afa5703fc48ef0897e25fa,IMPUTED_CENSUS_SECTION_CONSTRUCTION_PERIOD,2188.5328,2188.5328,2188.5328,2188.5328,6,
31041,a8e98878fcfcb339,IT.MidClim.MFH.01.Gen.ReEx.001.001,MFH,IT.01,DWELLING_LAYOUT_EMITTED_INTERZONE_MISMATCH_REROUTED,39caae2ed9db174d0983eff3e3430284a6af2bfc50de3d8406b1d643060b9ee0,ab631c6026e3f7cf5cfcff7c6a506eb84b6eeb62f1afa5703fc48ef0897e25fa,IMPUTED_CENSUS_SECTION_CONSTRUCTION_PERIOD,440.8239,440.8239,440.8239,440.8239,7,
31050,51bbedb83f41dd5c,IT.MidClim.AB.01.Gen.ReEx.001.001,AB,IT.01,DWELLING_LAYOUT_EMITTED_IMPUTED_COUNT,3c6814d00fb8e3abb96ba33ce26c957ff0b6e2383378b51a26deb1c6013a796e,ab631c6026e3f7cf5cfcff7c6a506eb84b6eeb62f1afa5703fc48ef0897e25fa,IMPUTED_CENSUS_SECTION_CONSTRUCTION_PERIOD,706.6325,706.6325,643.0356,643.0356,12,
31054,15d381ade5516b80,IT.MidClim.MFH.01.Gen.ReEx.001.001,MFH,IT.01,DWELLING_LAYOUT_EMITTED_IMPUTED_COUNT,2998d91681e7df0a0bd9a46bac7bf49412cd5b7c8dc4b6a796779c8aab2ab8f3,ab631c6026e3f7cf5cfcff7c6a506eb84b6eeb62f1afa5703fc48ef0897e25fa,IMPUTED_CENSUS_SECTION_CONSTRUCTION_PERIOD,1563.0675,1563.0675,1527.8853,1527.8853,16,
31058,10d99d8f57ef8300,IT.MidClim.AB.01.Gen.ReEx.001.001,AB,IT.01,FALLBACK_PENDING_LAYOUT_MISSING_DWELLING_COUNT,e9d6ec1369302c285e015ef78876b9ee8b5229fae04c7793cd0a474c3046252e,ab631c6026e3f7cf5cfcff7c6a506eb84b6eeb62f1afa5703fc48ef0897e25fa,IMPUTED_CENSUS_SECTION_CONSTRUCTION_PERIOD,1080.7999,1080.7999,1080.7999,1080.7999,14,near_duplicate_vertex_tolerated_box
31060,536ad0fe2c3a10bb,IT.MidClim.MFH.01.Gen.ReEx.001.001,MFH,IT.01,DWELLING_LAYOUT_EMITTED_INTERZONE_MISMATCH_REROUTED,5b58e4a8ca329ce115d27ddb12b38f4a25b8875732a1607cb9b8aeda0531586f,ab631c6026e3f7cf5cfcff7c6a506eb84b6eeb62f1afa5703fc48ef0897e25fa,IMPUTED_CENSUS_SECTION_CONSTRUCTION_PERIOD,890.6864,890.6864,890.6864,890.6864,15,
31067,1587a463ee5e41bb,IT.MidClim.AB.01.Gen.ReEx.001.001,AB,IT.01,DWELLING_LAYOUT_EMITTED_INTERZONE_MISMATCH_REROUTED,dd8846e70ad68bbf29aef4ca0f342722b4081387a76cd746617e43e1bca4586c,ab631c6026e3f7cf5cfcff7c6a506eb84b6eeb62f1afa5703fc48ef0897e25fa,IMPUTED_CENSUS_SECTION_CONSTRUCTION_PERIOD,12812.837,12812.837,12812.837,12812.837,11,
31069,9a428fd0e28ead02,IT.MidClim.AB.01.Gen.ReEx.001.001,AB,IT.01,FALLBACK_PENDING_LAYOUT_MISSING_DWELLING_COUNT,1f56856d5840e1d3fed54d1242e2589a90bcfcc76b84326669f3871a8faf55f5,ab631c6026e3f7cf5cfcff7c6a506eb84b6eeb62f1afa5703fc48ef0897e25fa,IMPUTED_CENSUS_SECTION_CONSTRUCTION_PERIOD,5642.0396,5642.0396,5642.0396,5642.0396,15,near_duplicate_vertex_tolerated_box
31070,479184ba020423a6,IT.MidClim.TH.01.Gen.ReEx.001.001,TH,IT.01,DWELLING_LAYOUT_EMITTED_INTERZONE_MISMATCH_REROUTED,c21bd227c5bf2bb5af11a1a8ec112ed61e056d7cd50ac8e16c1243b604d00228,ab631c6026e3f7cf5cfcff7c6a506eb84b6eeb62f1afa5703fc48ef0897e25fa,IMPUTED_CENSUS_SECTION_CONSTRUCTION_PERIOD,490.3002,490.3002,490.3002,490.3002,14,
31074,1062f807e7116e14,IT.MidClim.AB.01.Gen.ReEx.001.001,AB,IT.01,FALLBACK_PENDING_LAYOUT_MISSING_DWELLING_COUNT,4dc6b4099775d4f8de4528cec4306922c4be45be44262f22a1cf4fe7967c122f,ab631c6026e3f7cf5cfcff7c6a506eb84b6eeb62f1afa5703fc48ef0897e25fa,IMPUTED_CENSUS_SECTION_CONSTRUCTION_PERIOD,2103.9666,2103.9666,2103.9666,2103.9666,13,
31075,a9a6952cac90d135,IT.MidClim.AB.01.Gen.ReEx.001.001,AB,IT.01,FALLBACK_PENDING_LAYOUT_MISSING_DWELLING_COUNT,12a1bca2158e6f19f00528bf14aeeb8c4eca2dfe62ba2fb5cae776596527d737,ab631c6026e3f7cf5cfcff7c6a506eb84b6eeb62f1afa5703fc48ef0897e25fa,IMPUTED_CENSUS_SECTION_CONSTRUCTION_PERIOD,938.0012,938.0012,938.0012,938.0012,14,
31077,8cccfd6feb340e4c,IT.MidClim.AB.01.Gen.ReEx.001.001,AB,IT.01,DWELLING_LAYOUT_EMITTED_INTERZONE_MISMATCH_REROUTED,db112d27949a9c3b6842dfb3718389fe7e84b72e123e044090a627781a94a530,ab631c6026e3f7cf5cfcff7c6a506eb84b6eeb62f1afa5703fc48ef0897e25fa,IMPUTED_CENSUS_SECTION_CONSTRUCTION_PERIOD,2197.3852,2197.3852,2197.3852,2197.3852,11,
31078,f2edc681bdebaf23,IT.MidClim.MFH.01.Gen.ReEx.001.001,MFH,IT.01,DWELLING_LAYOUT_EMITTED_INTERZONE_MISMATCH_REROUTED,3a360176291e1746adc678d33e4e1920aed2738d459019a8499f349df359d920,ab631c6026e3f7cf5cfcff7c6a506eb84b6eeb62f1afa5703fc48ef0897e25fa,IMPUTED_CENSUS_SECTION_CONSTRUCTION_PERIOD,439.529,439.529,439.529,439.529,16,
31083,0f1f13ef2ed5183e,IT.MidClim.AB.01.Gen.ReEx.001.001,AB,IT.01,FALLBACK_PENDING_LAYOUT_MISSING_DWELLING_COUNT,41e3ca100dba17f3826b060782a650aeee75048ef5247387e90d25ba880f7b3e,ab631c6026e3f7cf5cfcff7c6a506eb84b6eeb62f1afa5703fc48ef0897e25fa,IMPUTED_CENSUS_SECTION_CONSTRUCTION_PERIOD,1760.6441,1760.6441,1760.6441,1760.6441,19,near_duplicate_vertex_tolerated_box
31092,2cadb59a464a81b7,IT.MidClim.MFH.01.Gen.ReEx.001.001,MFH,IT.01,DWELLING_LAYOUT_EMITTED_INTERZONE_MISMATCH_REROUTED,07bfc555453f60fb0016b8398625fef2d86013961833b9f4085dd201a54e28b5,ab631c6026e3f7cf5cfcff7c6a506eb84b6eeb62f1afa5703fc48ef0897e25fa,IMPUTED_CENSUS_SECTION_CONSTRUCTION_PERIOD,251.0873,251.0873,251.0873,251.0873,8,
31094,d890e9a90c111707,IT.MidClim.AB.01.Gen.ReEx.001.001,AB,IT.01,DWELLING_LAYOUT_EMITTED_INTERZONE_MISMATCH_REROUTED,70904140736d8dab2850af4d1aeceea925717fc35ddef7ba4a0d2ab08942584f,ab631c6026e3f7cf5cfcff7c6a506eb84b6eeb62f1afa5703fc48ef0897e25fa,IMPUTED_CENSUS_SECTION_CONSTRUCTION_PERIOD,621.8196,621.8196,621.8196,621.8196,8,
31100,dc922c11000b0bc3,IT.MidClim.AB.01.Gen.ReEx.001.001,AB,IT.01,FALLBACK_PENDING_LAYOUT_MISSING_DWELLING_COUNT,8ff775b085dc281f06720f4884ab2aacc542473338ef5770e33ca858b2450000,ab631c6026e3f7cf5cfcff7c6a506eb84b6eeb62f1afa5703fc48ef0897e25fa,IMPUTED_CENSUS_SECTION_CONSTRUCTION_PERIOD,712.9382,712.9382,712.9382,712.9382,18,near_duplicate_vertex_tolerated_box
31103,0c280ba953d56887,IT.MidClim.MFH.01.Gen.ReEx.001.001,MFH,IT.01,DWELLING_LAYOUT_EMITTED_IMPUTED_COUNT,803e4c420d5665e1b2bcd00fc4a1372c3f972940f45510eeec4398dee4a4bce7,ab631c6026e3f7cf5cfcff7c6a506eb84b6eeb62f1afa5703fc48ef0897e25fa,IMPUTED_CENSUS_SECTION_CONSTRUCTION_PERIOD,952.9015,952.9015,931.521,931.521,14,
31105,ef0822cef52783a9,IT.MidClim.AB.01.Gen.ReEx.001.001,AB,IT.01,FALLBACK_PENDING_LAYOUT_MISSING_DWELLING_COUNT,5b89514d5195a097cb73e1c0f662d9f59dfc1051bf60e407ba3336480fb0eeb3,ab631c6026e3f7cf5cfcff7c6a506eb84b6eeb62f1afa5703fc48ef0897e25fa,IMPUTED_CENSUS_SECTION_CONSTRUCTION_PERIOD,5776.2259,5776.2259,5776.2259,5776.2259,13,
31109,f93b5907cda1046b,IT.MidClim.MFH.01.Gen.ReEx.001.001,MFH,IT.01,DWELLING_LAYOUT_EMITTED_IMPUTED_COUNT,87caa0c3b49a92eb1a59d19923e5bcab9013cf47dbbac6d2818d9bf740a2bb56,ab631c6026e3f7cf5cfcff7c6a506eb84b6eeb62f1afa5703fc48ef0897e25fa,IMPUTED_CENSUS_SECTION_CONSTRUCTION_PERIOD,508.9692,508.9692,497.5174,497.5174,10,
31114,2be8ef0e6d06b373,IT.MidClim.AB.01.Gen.ReEx.001.001,AB,IT.01,FALLBACK_PENDING_LAYOUT_MISSING_DWELLING_COUNT,cb8474a6724b3f9c3dbdfee9c79f830df7dc0b95efe54fa79f3067f408a3b061,ab631c6026e3f7cf5cfcff7c6a506eb84b6eeb62f1afa5703fc48ef0897e25fa,IMPUTED_CENSUS_SECTION_CONSTRUCTION_PERIOD,959.1729,959.1729,959.1729,959.1729,17,near_duplicate_vertex_tolerated_box
31115,d59dbe05fc01fcf2,IT.MidClim.AB.01.Gen.ReEx.001.001,AB,IT.01,FALLBACK_PENDING_LAYOUT_MISSING_DWELLING_COUNT,fa7449eb4e329542ca21d61a32c2ec4f25778164c11890571c54c20d678cdcaa,ab631c6026e3f7cf5cfcff7c6a506eb84b6eeb62f1afa5703fc48ef0897e25fa,IMPUTED_CENSUS_SECTION_CONSTRUCTION_PERIOD,801.3047,801.3047,801.3047,801.3047,20,
31118,f6fb5309a1e357ce,IT.MidClim.AB.01.Gen.ReEx.001.001,AB,IT.01,DWELLING_LAYOUT_EMITTED_IMPUTED_COUNT,66238f926a5308bff3cd24685318f9c3b938956a976d8244d7e6b222e3430f74,ab631c6026e3f7cf5cfcff7c6a506eb84b6eeb62f1afa5703fc48ef0897e25fa,IMPUTED_CENSUS_SECTION_CONSTRUCTION_PERIOD,681.5214,681.5214,528.0317,528.0317,7,
31123,8fab52d895b01975,IT.MidClim.AB.01.Gen.ReEx.001.001,AB,IT.01,FALLBACK_PENDING_LAYOUT_MISSING_DWELLING_COUNT,c0daa1971aacca2ce41243d2c766a55aa3354fad764160273ceeb90819e20e61,ab631c6026e3f7cf5cfcff7c6a506eb84b6eeb62f1afa5703fc48ef0897e25fa,IMPUTED_CENSUS_SECTION_CONSTRUCTION_PERIOD,711.999,711.999,711.999,711.999,17,
31124,86be1e022f34aae2,IT.MidClim.AB.01.Gen.ReEx.001.001,AB,IT.01,FALLBACK_PENDING_LAYOUT_MISSING_DWELLING_COUNT,a9d841dfa270912b4e427d782f4c324a731666845a58f51f74619b9e72cbfb5f,ab631c6026e3f7cf5cfcff7c6a506eb84b6eeb62f1afa5703fc48ef0897e25fa,IMPUTED_CENSUS_SECTION_CONSTRUCTION_PERIOD,2012.1868,2012.1868,2012.1868,2012.1868,21,near_duplicate_vertex_tolerated_box
31126,f128b92e59604af6,IT.MidClim.AB.01.Gen.ReEx.001.001,AB,IT.01,FALLBACK_PENDING_LAYOUT_MISSING_DWELLING_COUNT,6eaeeeadd68b54fa19bfc5e5ed2ec14192f07588af4eecc0bc826b3aa9c0b88e,ab631c6026e3f7cf5cfcff7c6a506eb84b6eeb62f1afa5703fc48ef0897e25fa,IMPUTED_CENSUS_SECTION_CONSTRUCTION_PERIOD,663.39,663.39,663.39,663.39,18,
31136,d8865bf77a4fa1af,IT.MidClim.AB.01.Gen.ReEx.001.001,AB,IT.01,FALLBACK_PENDING_LAYOUT_MISSING_DWELLING_COUNT,ba8198a33bd49dec8234d6aa04db90caab10228ae0aa91606061a12e3dea4900,ab631c6026e3f7cf5cfcff7c6a506eb84b6eeb62f1afa5703fc48ef0897e25fa,IMPUTED_CENSUS_SECTION_CONSTRUCTION_PERIOD,4851.9888,4851.9888,4851.9888,4851.9888,11,
31137,c623bec98cfb4d55,IT.MidClim.AB.01.Gen.ReEx.001.001,AB,IT.01,FALLBACK_PENDING_LAYOUT_MISSING_DWELLING_COUNT,d5cf05a21e0e8f2a36bcffff0b7c4b473283290df19c3d4bf042fd6fa5d2d485,ab631c6026e3f7cf5cfcff7c6a506eb84b6eeb62f1afa5703fc48ef0897e25fa,IMPUTED_CENSUS_SECTION_CONSTRUCTION_PERIOD,1698.9522,1698.9522,1698.9522,1698.9522,3,
31141,c3111bc677b90c56,IT.MidClim.AB.01.Gen.ReEx.001.001,AB,IT.01,FALLBACK_PENDING_LAYOUT_MISSING_DWELLING_COUNT,ac4b9c95bc1fa2e3febdc17162af380b9e2a6df32a077327c31769a32c2083d2,ab631c6026e3f7cf5cfcff7c6a506eb84b6eeb62f1afa5703fc48ef0897e25fa,IMPUTED_CENSUS_SECTION_CONSTRUCTION_PERIOD,1540.4266,1540.4266,1540.4266,1540.4266,11,near_duplicate_vertex_tolerated_box
31142,dcc8832485e4c19b,IT.MidClim.AB.01.Gen.ReEx.001.001,AB,IT.01,FALLBACK_PENDING_LAYOUT_MISSING_DWELLING_COUNT,8a7ac128bd99f0d4a3923432259d52641eb84a8fd7d10f5e9cfed60dacb68a9c,ab631c6026e3f7cf5cfcff7c6a506eb84b6eeb62f1afa5703fc48ef0897e25fa,IMPUTED_CENSUS_SECTION_CONSTRUCTION_PERIOD,670.3921,670.3921,670.3921,670.3921,14,
31146,a7233acf9f73483c,IT.MidClim.AB.01.Gen.ReEx.001.001,AB,IT.01,FALLBACK_PENDING_LAYOUT_MISSING_DWELLING_COUNT,c69368a6f72b72b429d8426192403bf21d9a450339a4a6711286532e0d2b48cc,ab631c6026e3f7cf5cfcff7c6a506eb84b6eeb62f1afa5703fc48ef0897e25fa,IMPUTED_CENSUS_SECTION_CONSTRUCTION_PERIOD,825.8389,825.8389,825.8389,825.8389,13,near_duplicate_vertex_tolerated_box
31147,a7a10aa77202fc10,IT.MidClim.MFH.01.Gen.ReEx.001.001,MFH,IT.01,DWELLING_LAYOUT_EMITTED_INTERZONE_MISMATCH_REROUTED,c7cef1437116aae4286aab597b5331838cadf97ff8e317490455cc76dd423f15,ab631c6026e3f7cf5cfcff7c6a506eb84b6eeb62f1afa5703fc48ef0897e25fa,IMPUTED_CENSUS_SECTION_CONSTRUCTION_PERIOD,164.2093,164.2093,164.2093,164.2093,9,
31148,72ba6754e6fc6503,IT.MidClim.MFH.01.Gen.ReEx.001.001,MFH,IT.01,DWELLING_LAYOUT_EMITTED_INTERZONE_MISMATCH_REROUTED,eb6db9e7020d11348d3738224e1ce42f1ce5215e144da4540b74067fff475d81,ab631c6026e3f7cf5cfcff7c6a506eb84b6eeb62f1afa5703fc48ef0897e25fa,IMPUTED_CENSUS_SECTION_CONSTRUCTION_PERIOD,502.1085,502.1085,502.1085,502.1085,2,
31153,91cd3fddeed40a10,IT.MidClim.MFH.01.Gen.ReEx.001.001,MFH,IT.01,DWELLING_LAYOUT_EMITTED_INTERZONE_MISMATCH_REROUTED,656d95b00c0720cb33ea6321b82f23ab86aa0a93f675d9dccbdb806e7bd24b56,ab631c6026e3f7cf5cfcff7c6a506eb84b6eeb62f1afa5703fc48ef0897e25fa,IMPUTED_CENSUS_SECTION_CONSTRUCTION_PERIOD,72.021,72.021,72.021,72.021,3,
31158,0a62d15875e7aa31,IT.MidClim.MFH.01.Gen.ReEx.001.001,MFH,IT.01,DWELLING_LAYOUT_EMITTED_INTERZONE_MISMATCH_REROUTED,30b7163842edc951dc5de6f9bb09967d2cc6387a4f5f54dd9f2b810a2e92395e,ab631c6026e3f7cf5cfcff7c6a506eb84b6eeb62f1afa5703fc48ef0897e25fa,IMPUTED_CENSUS_SECTION_CONSTRUCTION_PERIOD,1392.2994,1392.2994,1392.2994,1392.2994,23,
31169,56360df35f445afa,IT.MidClim.AB.01.Gen.ReEx.001.001,AB,IT.01,FALLBACK_PENDING_LAYOUT_MISSING_DWELLING_COUNT,454081fbf9a4e0f1aa61303a048225c149c13d6bb152fdc327949d07de336cd8,ab631c6026e3f7cf5cfcff7c6a506eb84b6eeb62f1afa5703fc48ef0897e25fa,IMPUTED_CENSUS_SECTION_CONSTRUCTION_PERIOD,3662.1807,3662.1807,3662.1807,3662.1807,10,
31182,b22af94137495db5,IT.MidClim.AB.01.Gen.ReEx.001.001,AB,IT.01,FALLBACK_PENDING_LAYOUT_MISSING_DWELLING_COUNT,35e2f03cf03e8bdf079b6cd3a5502493d7c1c87ad668449d43d5a69db70ccc5b,ab631c6026e3f7cf5cfcff7c6a506eb84b6eeb62f1afa5703fc48ef0897e25fa,IMPUTED_CENSUS_SECTION_CONSTRUCTION_PERIOD,1391.4138,1391.4138,1391.4138,1391.4138,17,
31184,83bc2f7dae3d8742,IT.MidClim.AB.01.Gen.ReEx.001.001,AB,IT.01,FALLBACK_PENDING_LAYOUT_MISSING_DWELLING_COUNT,801df4f364d8a5ae14b4d12427f77cc03bb9fd736fc0a8d826ae8495d5b025bd,ab631c6026e3f7cf5cfcff7c6a506eb84b6eeb62f1afa5703fc48ef0897e25fa,IMPUTED_CENSUS_SECTION_CONSTRUCTION_PERIOD,6023.9947,6023.9947,6023.9947,6023.9947,16,near_duplicate_vertex_tolerated_box
31187,db181c5dbbac5432,IT.MidClim.MFH.01.Gen.ReEx.001.001,MFH,IT.01,DWELLING_LAYOUT_EMITTED_INTERZONE_MISMATCH_REROUTED,38746b41a3163931c10b7c5a83432f343003a094743bf0e6396ec75d9ca318af,ab631c6026e3f7cf5cfcff7c6a506eb84b6eeb62f1afa5703fc48ef0897e25fa,IMPUTED_CENSUS_SECTION_CONSTRUCTION_PERIOD,332.6045,332.6045,332.6045,332.6045,3,
31188,f48c5d7f279ad285,IT.MidClim.MFH.01.Gen.ReEx.001.001,MFH,IT.01,DWELLING_LAYOUT_EMITTED_IMPUTED_COUNT,489e65468005f13e7ffcaeeaf5b680a36e790a0c8294c262d455f189e27c25d0,ab631c6026e3f7cf5cfcff7c6a506eb84b6eeb62f1afa5703fc48ef0897e25fa,IMPUTED_CENSUS_SECTION_CONSTRUCTION_PERIOD,960.5794,960.5794,938.9678,938.9678,12,
31192,750bae2bf57091f7,IT.MidClim.MFH.01.Gen.ReEx.001.001,MFH,IT.01,DWELLING_LAYOUT_EMITTED_INTERZONE_MISMATCH_REROUTED,2edccb98d591df9b27b7784e8a5df82bd08d49b9419c6da06545f04bd89756e5,ab631c6026e3f7cf5cfcff7c6a506eb84b6eeb62f1afa5703fc48ef0897e25fa,IMPUTED_CENSUS_SECTION_CONSTRUCTION_PERIOD,1313.5786,1313.5786,1313.5786,1313.5786,10,
31193,18fcf8cf588cf50e,IT.MidClim.AB.01.Gen.ReEx.001.001,AB,IT.01,FALLBACK_PENDING_LAYOUT_MISSING_DWELLING_COUNT,7db3d5f388e0a2790fe4f96140a8cf05c48190f5368271c973099fdcf2057f22,ab631c6026e3f7cf5cfcff7c6a506eb84b6eeb62f1afa5703fc48ef0897e25fa,IMPUTED_CENSUS_SECTION_CONSTRUCTION_PERIOD,376.3302,376.3302,376.3302,376.3302,15,
31195,e50e2df3c5246253,IT.MidClim.AB.01.Gen.ReEx.001.001,AB,IT.01,DWELLING_LAYOUT_EMITTED_INTERZONE_MISMATCH_REROUTED,15545d5fe15b170a0a7464166252655857d704086bb8230bb4baa6ca3e27ff99,ab631c6026e3f7cf5cfcff7c6a506eb84b6eeb62f1afa5703fc48ef0897e25fa,IMPUTED_CENSUS_SECTION_CONSTRUCTION_PERIOD,118.6124,118.6124,118.6124,118.6124,4,
31200,639a90a7b765be3c,IT.MidClim.AB.01.Gen.ReEx.001.001,AB,IT.01,FALLBACK_PENDING_LAYOUT_MISSING_DWELLING_COUNT,38450226a35acb2894a212f7ee5a0212be146224312ed8fee793b0208e6df125,ab631c6026e3f7cf5cfcff7c6a506eb84b6eeb62f1afa5703fc48ef0897e25fa,IMPUTED_CENSUS_SECTION_CONSTRUCTION_PERIOD,1688.6173,1688.6173,1688.6173,1688.6173,20,near_duplicate_vertex_tolerated_box
31209,1a3ae5f4bf308618,IT.MidClim.AB.01.Gen.ReEx.001.001,AB,IT.01,FALLBACK_PENDING_LAYOUT_MISSING_DWELLING_COUNT,b53dd828b85974a5bd3cd7d3e0d7fdb2fa43956547be828ac99ddddf0021e32b,ab631c6026e3f7cf5cfcff7c6a506eb84b6eeb62f1afa5703fc48ef0897e25fa,IMPUTED_CENSUS_SECTION_CONSTRUCTION_PERIOD,963.6154,963.6154,963.6154,963.6154,21,near_duplicate_vertex_tolerated_box
31213,20260e459de6f152,IT.MidClim.AB.01.Gen.ReEx.001.001,AB,IT.01,DWELLING_LAYOUT_EMITTED_INTERZONE_MISMATCH_REROUTED,5dd75c27afc1594f1c6803cabdc4116e3fd7a1fa612700335dd2690462a20e51,ab631c6026e3f7cf5cfcff7c6a506eb84b6eeb62f1afa5703fc48ef0897e25fa,IMPUTED_CENSUS_SECTION_CONSTRUCTION_PERIOD,588.4263,588.4263,588.4263,588.4263,8,
31215,17446c08e0d86472,IT.MidClim.AB.01.Gen.ReEx.001.001,AB,IT.01,FALLBACK_PENDING_LAYOUT_MISSING_DWELLING_COUNT,21bda7d3828741b54dbf592f772877eadde216f3c8bed3b2fe415f4abe6a1d94,ab631c6026e3f7cf5cfcff7c6a506eb84b6eeb62f1afa5703fc48ef0897e25fa,IMPUTED_CENSUS_SECTION_CONSTRUCTION_PERIOD,1165.7763,1165.7763,1165.7763,1165.7763,8,near_duplicate_vertex_tolerated_box
31218,9abddc3ac015cffa,IT.MidClim.MFH.01.Gen.ReEx.001.001,MFH,IT.01,DWELLING_LAYOUT_EMITTED_INTERZONE_MISMATCH_REROUTED,c9abc32ec0a7cf2c747a23caa62f33ba51be9c440f5cc7a0f69c482e368f217e,ab631c6026e3f7cf5cfcff7c6a506eb84b6eeb62f1afa5703fc48ef0897e25fa,IMPUTED_CENSUS_SECTION_CONSTRUCTION_PERIOD,248.4256,248.4256,248.4256,248.4256,5,
31222,954cc2733619975b,IT.MidClim.AB.01.Gen.ReEx.001.001,AB,IT.01,DWELLING_LAYOUT_EMITTED_INTERZONE_MISMATCH_REROUTED,7f175adb6930538e71c1cf8d9c019defcb8112d42ea5c92c2476039a93f7f483,ab631c6026e3f7cf5cfcff7c6a506eb84b6eeb62f1afa5703fc48ef0897e25fa,IMPUTED_CENSUS_SECTION_CONSTRUCTION_PERIOD,3719.2194,3719.2194,3719.2194,3719.2194,5,
31223,af50e2f0e0a2e571,IT.MidClim.MFH.01.Gen.ReEx.001.001,MFH,IT.01,DWELLING_LAYOUT_EMITTED_INTERZONE_MISMATCH_REROUTED,8b04a0043d65a4cd7ef8690e898562f585f70123eeba16dc269d802fd80f00f9,ab631c6026e3f7cf5cfcff7c6a506eb84b6eeb62f1afa5703fc48ef0897e25fa,IMPUTED_CENSUS_SECTION_CONSTRUCTION_PERIOD,320.2456,320.2456,320.2456,320.2456,17,
31225,beb6bd0b01e81bb2,IT.MidClim.AB.01.Gen.ReEx.001.001,AB,IT.01,FALLBACK_PENDING_LAYOUT_MISSING_DWELLING_COUNT,192fb28e2fc0022df2489117366f19f347402b8693ad1253cbc84d2bab79a520,ab631c6026e3f7cf5cfcff7c6a506eb84b6eeb62f1afa5703fc48ef0897e25fa,IMPUTED_CENSUS_SECTION_CONSTRUCTION_PERIOD,3688.6225,3688.6225,3688.6225,3688.6225,9,
31229,88cc35cc394bf475,IT.MidClim.AB.01.Gen.ReEx.001.001,AB,IT.01,DWELLING_LAYOUT_EMITTED_INTERZONE_MISMATCH_REROUTED,bd893b20a7ab13edb863a837b6d35440cbb70812b4a80e8d4ee0b6a523c54abd,ab631c6026e3f7cf5cfcff7c6a506eb84b6eeb62f1afa5703fc48ef0897e25fa,IMPUTED_CENSUS_SECTION_CONSTRUCTION_PERIOD,2016.2898,2016.2898,2016.2898,2016.2898,19,
31234,9845d84fa4365361,IT.MidClim.AB.01.Gen.ReEx.001.001,AB,IT.01,FALLBACK_PENDING_LAYOUT_MISSING_DWELLING_COUNT,b927c93d24e33d8d468de29abf5e9a3adb3d6e9eff7224d9bf88945585de4c2a,ab631c6026e3f7cf5cfcff7c6a506eb84b6eeb62f1afa5703fc48ef0897e25fa,IMPUTED_CENSUS_SECTION_CONSTRUCTION_PERIOD,1150.0738,1150.0738,1150.0738,1150.0738,6,near_duplicate_vertex_tolerated_box
31237,d6b5711a2020ab11,IT.MidClim.AB.01.Gen.ReEx.001.001,AB,IT.01,FALLBACK_PENDING_LAYOUT_MISSING_DWELLING_COUNT,f5a5832c9afbbf0eee62f9bf8661de7aa6340e7eb6dcca4f97581fde0299d71e,ab631c6026e3f7cf5cfcff7c6a506eb84b6eeb62f1afa5703fc48ef0897e25fa,IMPUTED_CENSUS_SECTION_CONSTRUCTION_PERIOD,1371.9848,1371.9848,1371.9848,1371.9848,13,near_duplicate_vertex_tolerated_box
31240,79f785da0b1593cc,IT.MidClim.AB.01.Gen.ReEx.001.001,AB,IT.01,FALLBACK_PENDING_LAYOUT_MISSING_DWELLING_COUNT,515ac77c58b7059c18e90f8d6ee79ea65e817baf0bacdfb7ce9f7ff54aeb7d3c,ab631c6026e3f7cf5cfcff7c6a506eb84b6eeb62f1afa5703fc48ef0897e25fa,IMPUTED_CENSUS_SECTION_CONSTRUCTION_PERIOD,3831.7529,3831.7529,3831.7529,3831.7529,12,
31246,03d61b2a17293215,IT.MidClim.AB.01.Gen.ReEx.001.001,AB,IT.01,FALLBACK_PENDING_LAYOUT_MISSING_DWELLING_COUNT,951fc484eea820b867fd3592184430c94ee041d11c4d9f5d23e8bf4b1d2076ee,ab631c6026e3f7cf5cfcff7c6a506eb84b6eeb62f1afa5703fc48ef0897e25fa,IMPUTED_CENSUS_SECTION_CONSTRUCTION_PERIOD,415.812,415.812,415.812,415.812,14,
31247,1773a1e9f64767b1,IT.MidClim.AB.01.Gen.ReEx.001.001,AB,IT.01,FALLBACK_PENDING_LAYOUT_MISSING_DWELLING_COUNT,c38f7cb491e9564657998bd86c0e801fbf229b1efae3759e96d58c733b32b857,ab631c6026e3f7cf5cfcff7c6a506eb84b6eeb62f1afa5703fc48ef0897e25fa,IMPUTED_CENSUS_SECTION_CONSTRUCTION_PERIOD,4003.1977,4003.1977,4003.1977,4003.1977,13,
31250,f5f33e9d6dc417f8,IT.MidClim.AB.01.Gen.ReEx.001.001,AB,IT.01,FALLBACK_PENDING_LAYOUT_MISSING_DWELLING_COUNT,43738867e5477d88f99f533aec793a4c054f3c318bf20d5c6c138d4d54c5f95e,ab631c6026e3f7cf5cfcff7c6a506eb84b6eeb62f1afa5703fc48ef0897e25fa,IMPUTED_CENSUS_SECTION_CONSTRUCTION_PERIOD,1030.8093,1030.8093,1030.8093,1030.8093,12,near_duplicate_vertex_tolerated_box
31254,48478573da81f263,IT.MidClim.MFH.01.Gen.ReEx.001.001,MFH,IT.01,DWELLING_LAYOUT_EMITTED_INTERZONE_MISMATCH_REROUTED,b37d2c2f3dc9689c7b5f5e82753504eb94fafdfb118f125dff02e85909857d29,ab631c6026e3f7cf5cfcff7c6a506eb84b6eeb62f1afa5703fc48ef0897e25fa,IMPUTED_CENSUS_SECTION_CONSTRUCTION_PERIOD,483.13,483.13,483.13,483.13,13,
31264,5f1aaf76c1ab72b1,IT.MidClim.AB.01.Gen.ReEx.001.001,AB,IT.01,FALLBACK_PENDING_LAYOUT_MISSING_DWELLING_COUNT,dbaeb53200ff733d4b64b9293b176fe6714d6c88fad67e9ac8a5eedb6357a1da,ab631c6026e3f7cf5cfcff7c6a506eb84b6eeb62f1afa5703fc48ef0897e25fa,IMPUTED_CENSUS_SECTION_CONSTRUCTION_PERIOD,2594.2609,2594.2609,2594.2609,2594.2609,14,near_duplicate_vertex_tolerated_box
31269,082f83a7e6a08543,IT.MidClim.AB.01.Gen.ReEx.001.001,AB,IT.01,FALLBACK_PENDING_LAYOUT_MISSING_DWELLING_COUNT,e540f910616d87b4ce7108c48ab785d67c92da8ccf002265b1c5ce941e774772,ab631c6026e3f7cf5cfcff7c6a506eb84b6eeb62f1afa5703fc48ef0897e25fa,IMPUTED_CENSUS_SECTION_CONSTRUCTION_PERIOD,524.6157,524.6157,524.6157,524.6157,11,near_duplicate_vertex_tolerated_box
31272,2429a0818f75039e,IT.MidClim.SFH.01.Gen.ReEx.001.001,SFH,IT.01,DWELLING_LAYOUT_EMITTED_IMPUTED_COUNT,6f48b939000e3586c8b3b64c14824b60358b8d353f47ff52e8523ad75cb4f66e,ab631c6026e3f7cf5cfcff7c6a506eb84b6eeb62f1afa5703fc48ef0897e25fa,IMPUTED_CENSUS_SECTION_CONSTRUCTION_PERIOD,58.5684,58.5684,58.5684,58.5684,3,
31276,f80684d9f2b1d8a1,IT.MidClim.MFH.01.Gen.ReEx.001.001,MFH,IT.01,DWELLING_LAYOUT_EMITTED_IMPUTED_COUNT,42918b1ef6ea76de80e4cf64cbe8fdc82d7e7869ffae250f65f581d72525c527,ab631c6026e3f7cf5cfcff7c6a506eb84b6eeb62f1afa5703fc48ef0897e25fa,IMPUTED_CENSUS_SECTION_CONSTRUCTION_PERIOD,395.4567,395.4567,386.5635,386.5635,10,
31277,635e498716218cea,IT.MidClim.AB.01.Gen.ReEx.001.001,AB,IT.01,FALLBACK_PENDING_LAYOUT_MISSING_DWELLING_COUNT,901c5b024eccd32965e0c1b4c9d578ccbfe880c02569d1358019fbed48cc735e,ab631c6026e3f7cf5cfcff7c6a506eb84b6eeb62f1afa5703fc48ef0897e25fa,IMPUTED_CENSUS_SECTION_CONSTRUCTION_PERIOD,3009.5063,3009.5063,3009.5063,3009.5063,20,near_duplicate_vertex_tolerated_box
31278,2e7975331004fa6c,IT.MidClim.MFH.01.Gen.ReEx.001.001,MFH,IT.01,DWELLING_LAYOUT_EMITTED_INTERZONE_MISMATCH_REROUTED,3e238caa1a247b8ad7fb8edf6a0ec33c3ba9a9767ad92c382d044dcf971415da,ab631c6026e3f7cf5cfcff7c6a506eb84b6eeb62f1afa5703fc48ef0897e25fa,IMPUTED_CENSUS_SECTION_CONSTRUCTION_PERIOD,1083.4614,1083.4614,1083.4614,1083.4614,3,
31281,d1a9087437c27794,IT.MidClim.AB.01.Gen.ReEx.001.001,AB,IT.01,FALLBACK_PENDING_LAYOUT_MISSING_DWELLING_COUNT,ab9d59ee568a581a80c8225b94b69952734689a5bcb74d9855c690eae74efad7,ab631c6026e3f7cf5cfcff7c6a506eb84b6eeb62f1afa5703fc48ef0897e25fa,IMPUTED_CENSUS_SECTION_CONSTRUCTION_PERIOD,339.5228,339.5228,339.5228,339.5228,14,
31287,a59ca468382bb8e0,IT.MidClim.AB.01.Gen.ReEx.001.001,AB,IT.01,FALLBACK_PENDING_LAYOUT_MISSING_DWELLING_COUNT,d8d283d78abc3f36481b3b5adada4ca92975bd446e99626c26a81efe1f8f586b,ab631c6026e3f7cf5cfcff7c6a506eb84b6eeb62f1afa5703fc48ef0897e25fa,IMPUTED_CENSUS_SECTION_CONSTRUCTION_PERIOD,389.3693,389.3693,389.3693,389.3693,14,near_duplicate_vertex_tolerated_box
31289,cc7188fda56e6408,IT.MidClim.AB.01.Gen.ReEx.001.001,AB,IT.01,FALLBACK_PENDING_LAYOUT_MISSING_DWELLING_COUNT,579a114e2c2385bf7b0370f1062810be2f7b84e3bac596d6485787e60b0bc263,ab631c6026e3f7cf5cfcff7c6a506eb84b6eeb62f1afa5703fc48ef0897e25fa,IMPUTED_CENSUS_SECTION_CONSTRUCTION_PERIOD,641.7707,641.7707,641.7707,641.7707,17,
31292,fe9081daaba2f26e,IT.MidClim.AB.01.Gen.ReEx.001.001,AB,IT.01,FALLBACK_PENDING_LAYOUT_MISSING_DWELLING_COUNT,0d9da9ea69b03990ae24101fa7d1506dfb6782a5f7e3bbc7db5ac0fe72869bf5,ab631c6026e3f7cf5cfcff7c6a506eb84b6eeb62f1afa5703fc48ef0897e25fa,IMPUTED_CENSUS_SECTION_CONSTRUCTION_PERIOD,2485.4809,2485.4809,2485.4809,2485.4809,14,near_duplicate_vertex_tolerated_box
31293,6ef27aae95bccd90,IT.MidClim.AB.01.Gen.ReEx.001.001,AB,IT.01,FALLBACK_PENDING_LAYOUT_MISSING_DWELLING_COUNT,efd9e7df2ab5c1925f11e5b4c94e38c88e68755745f18a35198274e90f4d9bf2,ab631c6026e3f7cf5cfcff7c6a506eb84b6eeb62f1afa5703fc48ef0897e25fa,IMPUTED_CENSUS_SECTION_CONSTRUCTION_PERIOD,1597.0135,1597.0135,1597.0135,1597.0135,10,
31294,0cfd1a0cc6447d86,IT.MidClim.MFH.01.Gen.ReEx.001.001,MFH,IT.01,DWELLING_LAYOUT_EMITTED_INTERZONE_MISMATCH_REROUTED,ddc0b8579d038b2e1b05e2e12e2131b2a9fa204272774a896180228d552a97ed,ab631c6026e3f7cf5cfcff7c6a506eb84b6eeb62f1afa5703fc48ef0897e25fa,IMPUTED_CENSUS_SECTION_CONSTRUCTION_PERIOD,942.4368,942.4368,942.4368,942.4368,13,
31297,d7427807d8897a2e,IT.MidClim.AB.01.Gen.ReEx.001.001,AB,IT.01,FALLBACK_PENDING_LAYOUT_MISSING_DWELLING_COUNT,a1ad2c864ab8ddcfe7049707eac198fd65e6f0a9271ac629eb08dae5252509d7,ab631c6026e3f7cf5cfcff7c6a506eb84b6eeb62f1afa5703fc48ef0897e25fa,IMPUTED_CENSUS_SECTION_CONSTRUCTION_PERIOD,3425.2558,3425.2558,3425.2558,3425.2558,16,
31299,87fb4c2b4a8db29c,IT.MidClim.AB.01.Gen.ReEx.001.001,AB,IT.01,FALLBACK_PENDING_LAYOUT_MISSING_DWELLING_COUNT,b31bbb4da0e45076912a2d2fc8d31a909fc9912a953391e24c976af650e61169,ab631c6026e3f7cf5cfcff7c6a506eb84b6eeb62f1afa5703fc48ef0897e25fa,IMPUTED_CENSUS_SECTION_CONSTRUCTION_PERIOD,1801.0984,1801.0984,1801.0984,1801.0984,10,near_duplicate_vertex_tolerated_box
31301,4906fa764340f4bd,IT.MidClim.AB.01.Gen.ReEx.001.001,AB,IT.01,DWELLING_LAYOUT_EMITTED_INTERZONE_MISMATCH_REROUTED,0137ee405e353b3a940ff285712573b61f7bc0cfbc2060228c32278c214f171f,ab631c6026e3f7cf5cfcff7c6a506eb84b6eeb62f1afa5703fc48ef0897e25fa,IMPUTED_CENSUS_SECTION_CONSTRUCTION_PERIOD,890.2411,890.2411,890.2411,890.2411,5,
31302,39fdb404635e8a57,IT.MidClim.AB.01.Gen.ReEx.001.001,AB,IT.01,FALLBACK_PENDING_LAYOUT_MISSING_DWELLING_COUNT,ca6f8e60cbf01562d4b6ce9bbf4d47ffb97b289a0731b0ca0e5db05205800ee3,ab631c6026e3f7cf5cfcff7c6a506eb84b6eeb62f1afa5703fc48ef0897e25fa,IMPUTED_CENSUS_SECTION_CONSTRUCTION_PERIOD,916.0315,916.0315,916.0315,916.0315,21,
31304,99b8a24ff27e0983,IT.MidClim.AB.01.Gen.ReEx.001.001,AB,IT.01,FALLBACK_PENDING_LAYOUT_MISSING_DWELLING_COUNT,41b8161d17e669f5c88e6160cba9db0e0709f47e5eab3beba6a2110ffba5f849,ab631c6026e3f7cf5cfcff7c6a506eb84b6eeb62f1afa5703fc48ef0897e25fa,IMPUTED_CENSUS_SECTION_CONSTRUCTION_PERIOD,4510.3772,4510.3772,4510.3772,4510.3772,23,near_duplicate_vertex_tolerated_box
31306,3d9cd6bb36043334,IT.MidClim.SFH.01.Gen.ReEx.001.001,SFH,IT.01,DWELLING_LAYOUT_EMITTED_IMPUTED_COUNT,5825ce830214df5c915f3bf9045704adb58e6b21d6f75cf1748f979af945d5a1,ab631c6026e3f7cf5cfcff7c6a506eb84b6eeb62f1afa5703fc48ef0897e25fa,IMPUTED_CENSUS_SECTION_CONSTRUCTION_PERIOD,28.6013,28.6013,28.6013,28.6013,5,
31311,fe40eae668e25b23,IT.MidClim.MFH.01.Gen.ReEx.001.001,MFH,IT.01,DWELLING_LAYOUT_EMITTED_IMPUTED_COUNT,a23dcddaef11ed3f5bfa6a942a763928f3f7e2f4f9d78cc340a333c93de0dfbe,ab631c6026e3f7cf5cfcff7c6a506eb84b6eeb62f1afa5703fc48ef0897e25fa,IMPUTED_CENSUS_SECTION_CONSTRUCTION_PERIOD,1592.4517,1592.4517,1556.5927,1556.5927,11,
31312,90ca063007003b6b,IT.MidClim.AB.01.Gen.ReEx.001.001,AB,IT.01,FALLBACK_PENDING_LAYOUT_MISSING_DWELLING_COUNT,68dec62a47b7c88cbef604cf252b91c201dbf2bde6f528a70ff0c6dd7d727551,ab631c6026e3f7cf5cfcff7c6a506eb84b6eeb62f1afa5703fc48ef0897e25fa,IMPUTED_CENSUS_SECTION_CONSTRUCTION_PERIOD,3644.2345,3644.2345,3644.2345,3644.2345,22,near_duplicate_vertex_tolerated_box
31319,958aba7fc97de416,IT.MidClim.AB.01.Gen.ReEx.001.001,AB,IT.01,FALLBACK_PENDING_LAYOUT_MISSING_DWELLING_COUNT,e44f095ced9011580a8ce0a7b32493939c53dc568938aaea917366f0bbdf37cf,ab631c6026e3f7cf5cfcff7c6a506eb84b6eeb62f1afa5703fc48ef0897e25fa,IMPUTED_CENSUS_SECTION_CONSTRUCTION_PERIOD,1080.6028,1080.6028,1080.6028,1080.6028,16,near_duplicate_vertex_tolerated_box
31320,4901f3d1f8bb6b20,IT.MidClim.AB.01.Gen.ReEx.001.001,AB,IT.01,FALLBACK_PENDING_LAYOUT_MISSING_DWELLING_COUNT,99845bf792ce2143b2cb48c373ca4f47c33a21f764da432c82d3b50bb1e5b70e,ab631c6026e3f7cf5cfcff7c6a506eb84b6eeb62f1afa5703fc48ef0897e25fa,IMPUTED_CENSUS_SECTION_CONSTRUCTION_PERIOD,585.9891,585.9891,585.9891,585.9891,14,near_duplicate_vertex_tolerated_box
31323,4b1933c5283228a9,IT.MidClim.MFH.01.Gen.ReEx.001.001,MFH,IT.01,DWELLING_LAYOUT_EMITTED_INTERZONE_MISMATCH_REROUTED,822b82c2b48493910161d326da5cca9a8e8d75136410e97d057ad610b4e798f5,ab631c6026e3f7cf5cfcff7c6a506eb84b6eeb62f1afa5703fc48ef0897e25fa,IMPUTED_CENSUS_SECTION_CONSTRUCTION_PERIOD,369.6249,369.6249,369.6249,369.6249,17,
31326,695cfa1648300df5,IT.MidClim.MFH.01.Gen.ReEx.001.001,MFH,IT.01,DWELLING_LAYOUT_EMITTED_IMPUTED_COUNT,f8da0601ca731ae031deb2775c914c816fb7e22eb69a468a114c55d9d0e014ac,ab631c6026e3f7cf5cfcff7c6a506eb84b6eeb62f1afa5703fc48ef0897e25fa,IMPUTED_CENSUS_SECTION_CONSTRUCTION_PERIOD,1205.1655,1205.1655,1177.9586,1177.9586,10,
31331,97979e884214d319,IT.MidClim.MFH.01.Gen.ReEx.001.001,MFH,IT.01,DWELLING_LAYOUT_EMITTED_INTERZONE_MISMATCH_REROUTED,80344e9186bdd6009c8e749aadd89b07f70209b5cb15db16383dffd9209158ad,ab631c6026e3f7cf5cfcff7c6a506eb84b6eeb62f1afa5703fc48ef0897e25fa,IMPUTED_CENSUS_SECTION_CONSTRUCTION_PERIOD,1439.227,1439.227,1439.227,1439.227,11,
31334,8b852b0b30d46a75,IT.MidClim.AB.01.Gen.ReEx.001.001,AB,IT.01,DWELLING_LAYOUT_EMITTED_IMPUTED_COUNT,aa330313e28ffdba71da982ef936ba67b6a398558aa33d72ff59d2ca39f941fd,ab631c6026e3f7cf5cfcff7c6a506eb84b6eeb62f1afa5703fc48ef0897e25fa,IMPUTED_CENSUS_SECTION_CONSTRUCTION_PERIOD,8173.6766,8173.6766,7601.5666,7601.5666,18,
31336,89df422130246f42,IT.MidClim.MFH.01.Gen.ReEx.001.001,MFH,IT.01,DWELLING_LAYOUT_EMITTED_INTERZONE_MISMATCH_REROUTED,ae472e07dbf0ca341fa8075a0b7e51112b43b302271b77d27b907246c7d179e6,ab631c6026e3f7cf5cfcff7c6a506eb84b6eeb62f1afa5703fc48ef0897e25fa,IMPUTED_CENSUS_SECTION_CONSTRUCTION_PERIOD,1233.1266,1233.1266,1233.1266,1233.1266,12,
31340,b448a663632994ad,IT.MidClim.AB.01.Gen.ReEx.001.001,AB,IT.01,FALLBACK_PENDING_LAYOUT_MISSING_DWELLING_COUNT,a438202e2e16b39a829e5dfe7ef821334a23f2b5b62a2b939aab67fbc748699e,ab631c6026e3f7cf5cfcff7c6a506eb84b6eeb62f1afa5703fc48ef0897e25fa,IMPUTED_CENSUS_SECTION_CONSTRUCTION_PERIOD,691.8159,691.8159,691.8159,691.8159,18,near_duplicate_vertex_tolerated_box
31346,c42b889c9b09651c,IT.MidClim.AB.01.Gen.ReEx.001.001,AB,IT.01,FALLBACK_PENDING_LAYOUT_MISSING_DWELLING_COUNT,727eee451d3aa8ac15cb6b70d76e5dcf01f031c138c23151c6a93f112c0bff0a,ab631c6026e3f7cf5cfcff7c6a506eb84b6eeb62f1afa5703fc48ef0897e25fa,IMPUTED_CENSUS_SECTION_CONSTRUCTION_PERIOD,2098.017,2098.017,2098.017,2098.017,11,
31347,e62117f7b8d2cbdb,IT.MidClim.MFH.01.Gen.ReEx.001.001,MFH,IT.01,DWELLING_LAYOUT_EMITTED_IMPUTED_COUNT,1099bc1b1bb9e665acfdf5a820d9268be475275334d02dd4d185017ea16e83c9,ab631c6026e3f7cf5cfcff7c6a506eb84b6eeb62f1afa5703fc48ef0897e25fa,IMPUTED_CENSUS_SECTION_CONSTRUCTION_PERIOD,1102.2865,1102.2865,1077.4148,1077.4148,12,
31348,1db1a3ffaef8507c,IT.MidClim.MFH.01.Gen.ReEx.001.001,MFH,IT.01,DWELLING_LAYOUT_EMITTED_INTERZONE_MISMATCH_REROUTED,165b514ce18546ef84b3b0ec1fdde60a581f7f509d567ef76898d9d90b091b45,ab631c6026e3f7cf5cfcff7c6a506eb84b6eeb62f1afa5703fc48ef0897e25fa,IMPUTED_CENSUS_SECTION_CONSTRUCTION_PERIOD,364.0152,364.0152,364.0152,364.0152,16,
31351,57f964dd22f39a17,IT.MidClim.AB.01.Gen.ReEx.001.001,AB,IT.01,DWELLING_LAYOUT_EMITTED_INTERZONE_MISMATCH_REROUTED,c3e0acdcb25e3735c81ca304ea98e5796ae73ed02fb3f39cb79494696f750ecb,ab631c6026e3f7cf5cfcff7c6a506eb84b6eeb62f1afa5703fc48ef0897e25fa,IMPUTED_CENSUS_SECTION_CONSTRUCTION_PERIOD,1200.9811,1200.9811,1200.9811,1200.9811,13,
31352,936bef1fb49df3ad,IT.MidClim.TH.01.Gen.ReEx.001.001,TH,IT.01,DWELLING_LAYOUT_EMITTED_INTERZONE_MISMATCH_REROUTED,c30a7fd77db9933920f9fa94fc6e505f3455470e0a69c0a4cd7b6fbba66b6519,ab631c6026e3f7cf5cfcff7c6a506eb84b6eeb62f1afa5703fc48ef0897e25fa,IMPUTED_CENSUS_SECTION_CONSTRUCTION_PERIOD,203.3515,203.3515,203.3515,203.3515,8,
31361,f54ff4900bfc30d7,IT.MidClim.MFH.01.Gen.ReEx.001.001,MFH,IT.01,DWELLING_LAYOUT_EMITTED_IMPUTED_COUNT,8e2ff6c8190bad5f87f08c11882b583f46da5266f999a56223455a7402e1f69f,ab631c6026e3f7cf5cfcff7c6a506eb84b6eeb62f1afa5703fc48ef0897e25fa,IMPUTED_CENSUS_SECTION_CONSTRUCTION_PERIOD,557.9042,557.9042,545.3018,545.3018,8,
31363,93cf6d4096e67228,IT.MidClim.MFH.01.Gen.ReEx.001.001,MFH,IT.01,DWELLING_LAYOUT_EMITTED_INTERZONE_MISMATCH_REROUTED,cc0fda95d2cd821a08989061af312f3fa35244ee844720da4bd6301fc3b13ff0,ab631c6026e3f7cf5cfcff7c6a506eb84b6eeb62f1afa5703fc48ef0897e25fa,IMPUTED_CENSUS_SECTION_CONSTRUCTION_PERIOD,1480.3652,1480.3652,1480.3652,1480.3652,12,
31376,908ebf96c2b75929,IT.MidClim.MFH.01.Gen.ReEx.001.001,MFH,IT.01,DWELLING_LAYOUT_EMITTED_INTERZONE_MISMATCH_REROUTED,078c85fcf75f35504f5e78c028a949637d75b24a7bc0bf2fec8aa67859281ccc,ab631c6026e3f7cf5cfcff7c6a506eb84b6eeb62f1afa5703fc48ef0897e25fa,IMPUTED_CENSUS_SECTION_CONSTRUCTION_PERIOD,3102.7335,3102.7335,3102.7335,3102.7335,13,
31377,42659137b0266ae3,IT.MidClim.MFH.01.Gen.ReEx.001.001,MFH,IT.01,DWELLING_LAYOUT_EMITTED_IMPUTED_COUNT,7426bcde2d799f76f8dc07a64fa7572f833347b2ba8aeaa87fac8d8bfcfd1067,ab631c6026e3f7cf5cfcff7c6a506eb84b6eeb62f1afa5703fc48ef0897e25fa,IMPUTED_CENSUS_SECTION_CONSTRUCTION_PERIOD,867.17,867.17,847.6365,847.6365,17,
31378,6f351bbf526aa8cd,IT.MidClim.MFH.01.Gen.ReEx.001.001,MFH,IT.01,DWELLING_LAYOUT_EMITTED_INTERZONE_MISMATCH_REROUTED,67d792a3e41c61797f018cc141647a3252de1f3f84e4b23eecdabff3750fd651,ab631c6026e3f7cf5cfcff7c6a506eb84b6eeb62f1afa5703fc48ef0897e25fa,IMPUTED_CENSUS_SECTION_CONSTRUCTION_PERIOD,117.3954,117.3954,117.3954,117.3954,9,
31384,6dea88fcc59f9b40,IT.MidClim.AB.01.Gen.ReEx.001.001,AB,IT.01,FALLBACK_PENDING_LAYOUT_MISSING_DWELLING_COUNT,68e6fb1e0c4e397ee289aabdaa11bdab2fbb0d46f1bd4b352cbdc86eeed81788,ab631c6026e3f7cf5cfcff7c6a506eb84b6eeb62f1afa5703fc48ef0897e25fa,IMPUTED_CENSUS_SECTION_CONSTRUCTION_PERIOD,1687.6364,1687.6364,1687.6364,1687.6364,4,
31386,5609cb5bad1efc6d,IT.MidClim.AB.01.Gen.ReEx.001.001,AB,IT.01,DWELLING_LAYOUT_EMITTED_INTERZONE_MISMATCH_REROUTED,4c348cc61ad62aed701657f85c9e4ff4fab647f4c60739c423efb5e61b09e780,ab631c6026e3f7cf5cfcff7c6a506eb84b6eeb62f1afa5703fc48ef0897e25fa,IMPUTED_CENSUS_SECTION_CONSTRUCTION_PERIOD,122.6325,122.6325,122.6325,122.6325,11,
31393,912b3eee79cdfcba,IT.MidClim.AB.01.Gen.ReEx.001.001,AB,IT.01,DWELLING_LAYOUT_EMITTED_INTERZONE_MISMATCH_REROUTED,2e508c6b490902df728960f7e9de363fd4ff06b5035c12f466e6d345901ae56e,ab631c6026e3f7cf5cfcff7c6a506eb84b6eeb62f1afa5703fc48ef0897e25fa,IMPUTED_CENSUS_SECTION_CONSTRUCTION_PERIOD,1292.3582,1292.3582,1292.3582,1292.3582,6,
31401,c4e4777e547ae5b0,IT.MidClim.AB.01.Gen.ReEx.001.001,AB,IT.01,FALLBACK_PENDING_LAYOUT_MISSING_DWELLING_COUNT,5ee2ce1e583ed47330770b755578a320e3284b7e87dab8c60a00e84c0b73ec9b,ab631c6026e3f7cf5cfcff7c6a506eb84b6eeb62f1afa5703fc48ef0897e25fa,IMPUTED_CENSUS_SECTION_CONSTRUCTION_PERIOD,543.8249,543.8249,543.8249,543.8249,11,near_duplicate_vertex_tolerated_box
31404,fe4b0dc8890f1749,IT.MidClim.AB.01.Gen.ReEx.001.001,AB,IT.01,DWELLING_LAYOUT_EMITTED_IMPUTED_COUNT,0f9952b04bcedf0c58a025f60e5935e914eda448014301c7ee8b2a2d763325d9,ab631c6026e3f7cf5cfcff7c6a506eb84b6eeb62f1afa5703fc48ef0897e25fa,IMPUTED_CENSUS_SECTION_CONSTRUCTION_PERIOD,3115.6136,3115.6136,2747.3285,2747.3285,13,
31408,30d6b705c07d4db0,IT.MidClim.MFH.01.Gen.ReEx.001.001,MFH,IT.01,DWELLING_LAYOUT_EMITTED_IMPUTED_COUNT,69a72a4f4ed8197c40e1e7b696883181813a1e5dc73ab347ce9a1fc5ff5a41c8,ab631c6026e3f7cf5cfcff7c6a506eb84b6eeb62f1afa5703fc48ef0897e25fa,IMPUTED_CENSUS_SECTION_CONSTRUCTION_PERIOD,414.5772,414.5772,389.7304,389.7304,7,
31410,0e73da5263d4f938,IT.MidClim.AB.01.Gen.ReEx.001.001,AB,IT.01,FALLBACK_PENDING_LAYOUT_MISSING_DWELLING_COUNT,a03288b83a53bbe455935eaf6afdaa6df1d2f51252de4703b83d1afc2ab08785,ab631c6026e3f7cf5cfcff7c6a506eb84b6eeb62f1afa5703fc48ef0897e25fa,IMPUTED_CENSUS_SECTION_CONSTRUCTION_PERIOD,2663.0693,2663.0693,2663.0693,2663.0693,15,
31414,4c1d44ae71deb3d3,IT.MidClim.MFH.01.Gen.ReEx.001.001,MFH,IT.01,DWELLING_LAYOUT_EMITTED_IMPUTED_COUNT,fad94ff66829789caba8d297dc37b4202b56a0bb1ac2b5ba8bfe27589b4ec2f0,ab631c6026e3f7cf5cfcff7c6a506eb84b6eeb62f1afa5703fc48ef0897e25fa,IMPUTED_CENSUS_SECTION_CONSTRUCTION_PERIOD,612.4304,612.4304,598.7909,598.7909,8,
31415,9183c29ea013b982,IT.MidClim.AB.01.Gen.ReEx.001.001,AB,IT.01,DWELLING_LAYOUT_EMITTED_INTERZONE_MISMATCH_REROUTED,aa317b677ab5c24e8ecd34158bfb07053f95c14a7da31c395d577b49f1283b0d,ab631c6026e3f7cf5cfcff7c6a506eb84b6eeb62f1afa5703fc48ef0897e25fa,IMPUTED_CENSUS_SECTION_CONSTRUCTION_PERIOD,1577.8968,1577.8968,1577.8968,1577.8968,11,
31418,c1968a2a5359bd4a,IT.MidClim.AB.01.Gen.ReEx.001.001,AB,IT.01,FALLBACK_PENDING_LAYOUT_MISSING_DWELLING_COUNT,31452da087a1bce2ad52ef09c6cc7fa3c24fb8c14dbbae7bb8856ff46e3beadc,ab631c6026e3f7cf5cfcff7c6a506eb84b6eeb62f1afa5703fc48ef0897e25fa,IMPUTED_CENSUS_SECTION_CONSTRUCTION_PERIOD,973.3565,973.3565,973.3565,973.3565,17,near_duplicate_vertex_tolerated_box
31421,e066ecc2de42566a,IT.MidClim.MFH.01.Gen.ReEx.001.001,MFH,IT.01,DWELLING_LAYOUT_EMITTED_INTERZONE_MISMATCH_REROUTED,196996eb0c72ca85521a84f5ddf6a1070b8ab558f89995f3cc8c7cfe6ec2ea97,ab631c6026e3f7cf5cfcff7c6a506eb84b6eeb62f1afa5703fc48ef0897e25fa,IMPUTED_CENSUS_SECTION_CONSTRUCTION_PERIOD,1287.7992,1287.7992,1287.7992,1287.7992,13,
31428,b936c02bd8d0e71b,IT.MidClim.AB.01.Gen.ReEx.001.001,AB,IT.01,DWELLING_LAYOUT_EMITTED_INTERZONE_MISMATCH_REROUTED,330c24c821af64cb37468a4aeefdc5805d315415a3419ff618b3e70f4e2492a2,ab631c6026e3f7cf5cfcff7c6a506eb84b6eeb62f1afa5703fc48ef0897e25fa,IMPUTED_CENSUS_SECTION_CONSTRUCTION_PERIOD,2744.1761,2744.1761,2744.1761,2744.1761,13,
31429,660f2d8b76c8ac9e,IT.MidClim.AB.01.Gen.ReEx.001.001,AB,IT.01,FALLBACK_PENDING_LAYOUT_MISSING_DWELLING_COUNT,7c7b165fa8f3aea2bd0eadf86d8a83dc271fae8cd7023fccca51851ded59bd22,ab631c6026e3f7cf5cfcff7c6a506eb84b6eeb62f1afa5703fc48ef0897e25fa,IMPUTED_CENSUS_SECTION_CONSTRUCTION_PERIOD,2334.247,2334.247,2334.247,2334.247,12,
31430,2809dac9ae84c1c0,IT.MidClim.TH.01.Gen.ReEx.001.001,TH,IT.01,DWELLING_LAYOUT_EMITTED_IMPUTED_COUNT,f0ad8d56bcd82fb59301cba8a7efd4f94802940ad1559a09b4761882ca4369e4,ab631c6026e3f7cf5cfcff7c6a506eb84b6eeb62f1afa5703fc48ef0897e25fa,IMPUTED_CENSUS_SECTION_CONSTRUCTION_PERIOD,34.6614,34.6614,34.6614,34.6614,5,
31431,b9f617d776677e2b,IT.MidClim.AB.01.Gen.ReEx.001.001,AB,IT.01,FALLBACK_PENDING_LAYOUT_MISSING_DWELLING_COUNT,e6ea3f71d471f18ce8a36406e557eb5a4a1a9e903bbab376384ba1d81ca1f80c,ab631c6026e3f7cf5cfcff7c6a506eb84b6eeb62f1afa5703fc48ef0897e25fa,IMPUTED_CENSUS_SECTION_CONSTRUCTION_PERIOD,3029.0976,3029.0976,3029.0976,3029.0976,20,
31432,354b9cf7ef02a409,IT.MidClim.MFH.01.Gen.ReEx.001.001,MFH,IT.01,DWELLING_LAYOUT_EMITTED_INTERZONE_MISMATCH_REROUTED,77e1036fa3a467e0b7b548e51e6d6dc7eddee20d3e924a69ba0c90772d4a9685,ab631c6026e3f7cf5cfcff7c6a506eb84b6eeb62f1afa5703fc48ef0897e25fa,IMPUTED_CENSUS_SECTION_CONSTRUCTION_PERIOD,544.8692,544.8692,544.8692,544.8692,9,
31435,5c64dc7d47050a46,IT.MidClim.AB.01.Gen.ReEx.001.001,AB,IT.01,FALLBACK_PENDING_LAYOUT_MISSING_DWELLING_COUNT,e1126e74dbd1eca7130339dcb9c1b45c846d6db44abf56c0d0bb0ab8ce89a20e,ab631c6026e3f7cf5cfcff7c6a506eb84b6eeb62f1afa5703fc48ef0897e25fa,IMPUTED_CENSUS_SECTION_CONSTRUCTION_PERIOD,1350.7199,1350.7199,1350.7199,1350.7199,12,near_duplicate_vertex_tolerated_box
31440,f04a1a2ece7f9ca6,IT.MidClim.AB.01.Gen.ReEx.001.001,AB,IT.01,FALLBACK_PENDING_LAYOUT_MISSING_DWELLING_COUNT,bb03474bd495b3a22bb5f046756c1eb1954d5e45d7a866a2014805ee0dccc4f3,ab631c6026e3f7cf5cfcff7c6a506eb84b6eeb62f1afa5703fc48ef0897e25fa,IMPUTED_CENSUS_SECTION_CONSTRUCTION_PERIOD,1314.5985,1314.5985,1314.5985,1314.5985,15,near_duplicate_vertex_tolerated_box
31443,33feca6359a32f11,IT.MidClim.AB.01.Gen.ReEx.001.001,AB,IT.01,FALLBACK_PENDING_LAYOUT_MISSING_DWELLING_COUNT,d128245dd6b0160ac948e822d6f489c529a9281ed7061d832dd26455204c3b57,ab631c6026e3f7cf5cfcff7c6a506eb84b6eeb62f1afa5703fc48ef0897e25fa,IMPUTED_CENSUS_SECTION_CONSTRUCTION_PERIOD,696.0105,696.0105,696.0105,696.0105,10,
31444,0ffcb91f624be76e,IT.MidClim.MFH.01.Gen.ReEx.001.001,MFH,IT.01,DWELLING_LAYOUT_EMITTED_IMPUTED_COUNT,0a3da8d8918628f0db52b73b1f297dd5473a419037dde3591d1613eaf73b0501,ab631c6026e3f7cf5cfcff7c6a506eb84b6eeb62f1afa5703fc48ef0897e25fa,IMPUTED_CENSUS_SECTION_CONSTRUCTION_PERIOD,378.6152,378.6152,355.8983,355.8983,10,
31445,915746cbc4b53eb4,IT.MidClim.AB.01.Gen.ReEx.001.001,AB,IT.01,FALLBACK_PENDING_LAYOUT_MISSING_DWELLING_COUNT,370b0a845b2b6d296c7fa0630ac5ca05f8c576b80905dd061524d6f3103f4c86,ab631c6026e3f7cf5cfcff7c6a506eb84b6eeb62f1afa5703fc48ef0897e25fa,IMPUTED_CENSUS_SECTION_CONSTRUCTION_PERIOD,425.5508,425.5508,425.5508,425.5508,9,near_duplicate_vertex_tolerated_box
31447,78835b5920e30daa,IT.MidClim.AB.01.Gen.ReEx.001.001,AB,IT.01,FALLBACK_PENDING_LAYOUT_MISSING_DWELLING_COUNT,9a195553f597fc998c9879e56f4f2a30eca0d10e4466ca583cff8a425da857a7,ab631c6026e3f7cf5cfcff7c6a506eb84b6eeb62f1afa5703fc48ef0897e25fa,IMPUTED_CENSUS_SECTION_CONSTRUCTION_PERIOD,1718.7583,1718.7583,1718.7583,1718.7583,13,near_duplicate_vertex_tolerated_box
31461,e1a9cd6a8698561e,IT.MidClim.AB.01.Gen.ReEx.001.001,AB,IT.01,FALLBACK_PENDING_LAYOUT_MISSING_DWELLING_COUNT,0c6e456bd7979c41140468878494ea5cc273f434a9d128c037b003ceaac61fe5,ab631c6026e3f7cf5cfcff7c6a506eb84b6eeb62f1afa5703fc48ef0897e25fa,IMPUTED_CENSUS_SECTION_CONSTRUCTION_PERIOD,1019.8878,1019.8878,1019.8878,1019.8878,10,
31462,9195d13852e18576,IT.MidClim.MFH.01.Gen.ReEx.001.001,MFH,IT.01,DWELLING_LAYOUT_EMITTED_IMPUTED_COUNT,cb8fc655bdb547dbf97a01f5ad34bb5f0eead141964a0a0a20ff8db005764471,ab631c6026e3f7cf5cfcff7c6a506eb84b6eeb62f1afa5703fc48ef0897e25fa,IMPUTED_CENSUS_SECTION_CONSTRUCTION_PERIOD,492.9731,492.9731,481.8668,481.8668,4,
31463,aad6a76ebb88cc6d,IT.MidClim.AB.01.Gen.ReEx.001.001,AB,IT.01,FALLBACK_PENDING_LAYOUT_MISSING_DWELLING_COUNT,d97cd1aa8a9ad441aeef7a0b3a19f7bad71591c8d3fa26cf45f005afffa9f243,ab631c6026e3f7cf5cfcff7c6a506eb84b6eeb62f1afa5703fc48ef0897e25fa,IMPUTED_CENSUS_SECTION_CONSTRUCTION_PERIOD,1821.5195,1821.5195,1821.5195,1821.5195,10,near_duplicate_vertex_tolerated_box
31466,1f158e10d33ae49c,IT.MidClim.AB.01.Gen.ReEx.001.001,AB,IT.01,DWELLING_LAYOUT_EMITTED_INTERZONE_MISMATCH_REROUTED,e5652f187700a75381a1fd08961182606863671c84d8fe45686e76d73fdbfcec,ab631c6026e3f7cf5cfcff7c6a506eb84b6eeb62f1afa5703fc48ef0897e25fa,IMPUTED_CENSUS_SECTION_CONSTRUCTION_PERIOD,954.4301,954.4301,954.4301,954.4301,10,
31468,eb130151879505b0,IT.MidClim.AB.03.Gen.ReEx.001.001,AB,IT.03,FALLBACK_PENDING_LAYOUT_MISSING_DWELLING_COUNT,effb5d9850fb5c39001e928939a329e8ae556419fa4fe4b5e96f63cc2a776a31,ab631c6026e3f7cf5cfcff7c6a506eb84b6eeb62f1afa5703fc48ef0897e25fa,IMPUTED_CENSUS_SECTION_CONSTRUCTION_PERIOD,5026.7844,5026.7844,5026.7844,5026.7844,5,
31470,74bec9c17544836a,IT.MidClim.AB.01.Gen.ReEx.001.001,AB,IT.01,DWELLING_LAYOUT_EMITTED_INTERZONE_MISMATCH_REROUTED,ac41e067558314d9bc627015d937b588a7a61feeda9af7fb8bb84ff7002b3d06,ab631c6026e3f7cf5cfcff7c6a506eb84b6eeb62f1afa5703fc48ef0897e25fa,IMPUTED_CENSUS_SECTION_CONSTRUCTION_PERIOD,1703.5114,1703.5114,1703.5114,1703.5114,6,
31471,82e56cd5497074ee,IT.MidClim.MFH.01.Gen.ReEx.001.001,MFH,IT.01,DWELLING_LAYOUT_EMITTED_IMPUTED_COUNT,ffde487f3b07bc45d67dac504be6bbe96dc201d98b55388e058554f12a9a2866,ab631c6026e3f7cf5cfcff7c6a506eb84b6eeb62f1afa5703fc48ef0897e25fa,IMPUTED_CENSUS_SECTION_CONSTRUCTION_PERIOD,541.0045,541.0045,508.6237,508.6237,12,
31475,e865c27b8f36f2a1,IT.MidClim.MFH.01.Gen.ReEx.001.001,MFH,IT.01,DWELLING_LAYOUT_EMITTED_INTERZONE_MISMATCH_REROUTED,2c5fd6d07fdd8883e4b47d4b2cfa15ea00c335eff00d23f4185dec7f3de07ca7,ab631c6026e3f7cf5cfcff7c6a506eb84b6eeb62f1afa5703fc48ef0897e25fa,IMPUTED_CENSUS_SECTION_CONSTRUCTION_PERIOD,355.7931,355.7931,355.7931,355.7931,9,
31478,6b2a9a43c3c4b272,IT.MidClim.MFH.01.Gen.ReEx.001.001,MFH,IT.01,DWELLING_LAYOUT_EMITTED_INTERZONE_MISMATCH_REROUTED,a5f61937a64e45794ca1b602c5e67a3b8754ff67a05743d1f216b297039d4b4c,ab631c6026e3f7cf5cfcff7c6a506eb84b6eeb62f1afa5703fc48ef0897e25fa,IMPUTED_CENSUS_SECTION_CONSTRUCTION_PERIOD,474.2432,474.2432,474.2432,474.2432,16,
31479,d1d1e5d9f42c8885,IT.MidClim.AB.01.Gen.ReEx.001.001,AB,IT.01,DWELLING_LAYOUT_EMITTED_INTERZONE_MISMATCH_REROUTED,b43efe8d05333aed31df99ba860f4c9760cc78c6799a49fac44da63ec61be876,ab631c6026e3f7cf5cfcff7c6a506eb84b6eeb62f1afa5703fc48ef0897e25fa,IMPUTED_CENSUS_SECTION_CONSTRUCTION_PERIOD,3539.0497,3539.0497,3539.0497,3539.0497,9,
31481,fdf281e54f0050d3,IT.MidClim.AB.01.Gen.ReEx.001.001,AB,IT.01,FALLBACK_PENDING_LAYOUT_MISSING_DWELLING_COUNT,f470d43cf1d3633afa5e37f9dd001b03bcfae37b221438f4d5993bbd8760b996,ab631c6026e3f7cf5cfcff7c6a506eb84b6eeb62f1afa5703fc48ef0897e25fa,IMPUTED_CENSUS_SECTION_CONSTRUCTION_PERIOD,1042.7301,1042.7301,1042.7301,1042.7301,12,near_duplicate_vertex_tolerated_box
31482,377dce655c6c7aa8,IT.MidClim.AB.01.Gen.ReEx.001.001,AB,IT.01,FALLBACK_PENDING_LAYOUT_MISSING_DWELLING_COUNT,544b351d97effddbcdfbe2c5b81bc85aec36a2f193e4979036b895f3942986ca,ab631c6026e3f7cf5cfcff7c6a506eb84b6eeb62f1afa5703fc48ef0897e25fa,IMPUTED_CENSUS_SECTION_CONSTRUCTION_PERIOD,1083.4544,1083.4544,1083.4544,1083.4544,13,
31483,36cf3dcb59706b2c,IT.MidClim.AB.01.Gen.ReEx.001.001,AB,IT.01,FALLBACK_PENDING_LAYOUT_MISSING_DWELLING_COUNT,7030b0f11a195ff2e2b8c92414ccb48895851431955e1f32de0a7dc152ba48af,ab631c6026e3f7cf5cfcff7c6a506eb84b6eeb62f1afa5703fc48ef0897e25fa,IMPUTED_CENSUS_SECTION_CONSTRUCTION_PERIOD,444.3086,444.3086,444.3086,444.3086,10,
31487,061d0b16f7e13360,IT.MidClim.TH.01.Gen.ReEx.001.001,TH,IT.01,DWELLING_LAYOUT_EMITTED_IMPUTED_COUNT,62a813199e43ed480f6d92e7b76905df0c0f154afd19421c7e22c7806cf93083,ab631c6026e3f7cf5cfcff7c6a506eb84b6eeb62f1afa5703fc48ef0897e25fa,IMPUTED_CENSUS_SECTION_CONSTRUCTION_PERIOD,85.9599,85.9599,85.9599,85.9599,10,
31493,e9d09d26ed26c6dd,IT.MidClim.MFH.01.Gen.ReEx.001.001,MFH,IT.01,DWELLING_LAYOUT_EMITTED_INTERZONE_MISMATCH_REROUTED,6507af46c92fee6e48200e1fcf523b79968760c84e08a3afdc34f941d5cc17fe,ab631c6026e3f7cf5cfcff7c6a506eb84b6eeb62f1afa5703fc48ef0897e25fa,IMPUTED_CENSUS_SECTION_CONSTRUCTION_PERIOD,787.9913,787.9913,787.9913,787.9913,15,
31499,5f3ae795c13de1d6,IT.MidClim.AB.01.Gen.ReEx.001.001,AB,IT.01,DWELLING_LAYOUT_EMITTED_IMPUTED_COUNT,4b68e85c998db2b76eb088eec84a93b53a14eaacc2593b17d778c4342ca88855,ab631c6026e3f7cf5cfcff7c6a506eb84b6eeb62f1afa5703fc48ef0897e25fa,IMPUTED_CENSUS_SECTION_CONSTRUCTION_PERIOD,1621.3848,1621.3848,1475.4602,1475.4602,10,
31502,686cff947928e6ac,IT.MidClim.AB.01.Gen.ReEx.001.001,AB,IT.01,DWELLING_LAYOUT_EMITTED_INTERZONE_MISMATCH_REROUTED,5c8a5cae2d51b3a8844db7af3201f2980a3791340310146a0bd72a277934b350,ab631c6026e3f7cf5cfcff7c6a506eb84b6eeb62f1afa5703fc48ef0897e25fa,IMPUTED_CENSUS_SECTION_CONSTRUCTION_PERIOD,18482.87,18482.87,18482.87,18482.87,19,
31506,e4cc37d288d97114,IT.MidClim.MFH.01.Gen.ReEx.001.001,MFH,IT.01,DWELLING_LAYOUT_EMITTED_INTERZONE_MISMATCH_REROUTED,5fbc7ead4c2618800f800ab8b42934131f1e2163a8d952bd625fc78a74c27511,ab631c6026e3f7cf5cfcff7c6a506eb84b6eeb62f1afa5703fc48ef0897e25fa,IMPUTED_CENSUS_SECTION_CONSTRUCTION_PERIOD,85.6622,85.6622,85.6622,85.6622,7,
31507,b104c0239b6099bf,IT.MidClim.MFH.01.Gen.ReEx.001.001,MFH,IT.01,DWELLING_LAYOUT_EMITTED_INTERZONE_MISMATCH_REROUTED,afcd2fb54a378fdbc471b528d0fe0eccfaee1dee05492b268f87b5ab46d9ebb6,ab631c6026e3f7cf5cfcff7c6a506eb84b6eeb62f1afa5703fc48ef0897e25fa,IMPUTED_CENSUS_SECTION_CONSTRUCTION_PERIOD,567.4617,567.4617,567.4617,567.4617,15,
31512,21221d887658d617,IT.MidClim.AB.01.Gen.ReEx.001.001,AB,IT.01,DWELLING_LAYOUT_EMITTED_IMPUTED_COUNT,b55531b12bab1482e917c38c3c0d8888f9e7cf6d523514dc3acf296eda5fcacd,ab631c6026e3f7cf5cfcff7c6a506eb84b6eeb62f1afa5703fc48ef0897e25fa,IMPUTED_CENSUS_SECTION_CONSTRUCTION_PERIOD,1936.9031,1936.9031,1716.9458,1716.9458,13,
31518,f1e1d691628f64ab,IT.MidClim.AB.01.Gen.ReEx.001.001,AB,IT.01,DWELLING_LAYOUT_EMITTED_INTERZONE_MISMATCH_REROUTED,898325b67d9b154a0cb785e76347d8e7b670bce3db7ec64bfaa85b7f44c2e883,ab631c6026e3f7cf5cfcff7c6a506eb84b6eeb62f1afa5703fc48ef0897e25fa,IMPUTED_CENSUS_SECTION_CONSTRUCTION_PERIOD,1109.2549,1109.2549,1109.2549,1109.2549,8,
31519,67bbde499ea8c99b,IT.MidClim.MFH.01.Gen.ReEx.001.001,MFH,IT.01,DWELLING_LAYOUT_EMITTED_INTERZONE_MISMATCH_REROUTED,e20d52f96f85db4e62f5e40a13ad5c75ecf6360c699d0c9d65487727719a9a61,ab631c6026e3f7cf5cfcff7c6a506eb84b6eeb62f1afa5703fc48ef0897e25fa,IMPUTED_CENSUS_SECTION_CONSTRUCTION_PERIOD,836.1368,836.1368,836.1368,836.1368,16,
31525,7d76a60074fdbc32,IT.MidClim.AB.03.Gen.ReEx.001.001,AB,IT.03,FALLBACK_PENDING_LAYOUT_MISSING_DWELLING_COUNT,3bde49f532af578cb7577bd6cf3f5d21ae19ed2819bb98db2bf11a4fbf7eac2a,ab631c6026e3f7cf5cfcff7c6a506eb84b6eeb62f1afa5703fc48ef0897e25fa,IMPUTED_CENSUS_SECTION_CONSTRUCTION_PERIOD,3064.5186,3064.5186,3064.5186,3064.5186,5,
31528,143b90419b4e0911,IT.MidClim.AB.01.Gen.ReEx.001.001,AB,IT.01,FALLBACK_PENDING_LAYOUT_MISSING_DWELLING_COUNT,a453d1f3dba478d315892d7a24b16030c031bc983eee12855b346a5053c529dd,ab631c6026e3f7cf5cfcff7c6a506eb84b6eeb62f1afa5703fc48ef0897e25fa,IMPUTED_CENSUS_SECTION_CONSTRUCTION_PERIOD,3807.0236,3807.0236,3807.0236,3807.0236,14,
31529,6867ee973ca31203,IT.MidClim.MFH.01.Gen.ReEx.001.001,MFH,IT.01,DWELLING_LAYOUT_EMITTED_INTERZONE_MISMATCH_REROUTED,a1ce05f0b0944438b8dbe8810db85b5a1f67252b310efa903adf9dd50913a363,ab631c6026e3f7cf5cfcff7c6a506eb84b6eeb62f1afa5703fc48ef0897e25fa,IMPUTED_CENSUS_SECTION_CONSTRUCTION_PERIOD,709.4183,709.4183,709.4183,709.4183,17,
31534,04c0932aaa6cb4ff,IT.MidClim.MFH.01.Gen.ReEx.001.001,MFH,IT.01,DWELLING_LAYOUT_EMITTED_INTERZONE_MISMATCH_REROUTED,f3364578a0384db1be07cf627bd57858a932028e6c911804181c11d09d970eae,ab631c6026e3f7cf5cfcff7c6a506eb84b6eeb62f1afa5703fc48ef0897e25fa,IMPUTED_CENSUS_SECTION_CONSTRUCTION_PERIOD,91.7831,91.7831,91.7831,91.7831,2,
31535,eae0a051b72b468f,IT.MidClim.MFH.01.Gen.ReEx.001.001,MFH,IT.01,DWELLING_LAYOUT_EMITTED_INTERZONE_MISMATCH_REROUTED,1c0e793790244c7156c8d656a496a6ee71a66cfd2e9d32b24dfdef362cba62fb,ab631c6026e3f7cf5cfcff7c6a506eb84b6eeb62f1afa5703fc48ef0897e25fa,IMPUTED_CENSUS_SECTION_CONSTRUCTION_PERIOD,93.1614,93.1614,93.1614,93.1614,10,
31536,ae66a8192777c016,IT.MidClim.MFH.01.Gen.ReEx.001.001,MFH,IT.01,DWELLING_LAYOUT_EMITTED_IMPUTED_COUNT,0d9e40e91541a7c8acfa369b3b08c8adab25e661b696628fb95f49fd70938644,ab631c6026e3f7cf5cfcff7c6a506eb84b6eeb62f1afa5703fc48ef0897e25fa,IMPUTED_CENSUS_SECTION_CONSTRUCTION_PERIOD,1113.7729,1113.7729,1088.7131,1088.7131,2,
31538,05b28b2af55aa3f7,IT.MidClim.MFH.01.Gen.ReEx.001.001,MFH,IT.01,DWELLING_LAYOUT_EMITTED_INTERZONE_MISMATCH_REROUTED,de6e560edbcaba692f9cf26439113e546b3cec09c8c1880e6cf5514302f2889f,ab631c6026e3f7cf5cfcff7c6a506eb84b6eeb62f1afa5703fc48ef0897e25fa,IMPUTED_CENSUS_SECTION_CONSTRUCTION_PERIOD,672.9198,672.9198,672.9198,672.9198,15,
31539,a90437a2268286b5,IT.MidClim.AB.01.Gen.ReEx.001.001,AB,IT.01,DWELLING_LAYOUT_EMITTED_IMPUTED_COUNT,97a629d2ad3d6847c88f152069807074daf1c16a303bfd8f4cc47125a21dc994,ab631c6026e3f7cf5cfcff7c6a506eb84b6eeb62f1afa5703fc48ef0897e25fa,IMPUTED_CENSUS_SECTION_CONSTRUCTION_PERIOD,3553.9264,3553.9264,3234.073,3234.073,14,
31540,0ccfb7ee4188a27f,IT.MidClim.MFH.01.Gen.ReEx.001.001,MFH,IT.01,DWELLING_LAYOUT_EMITTED_IMPUTED_COUNT,23fc01bb06203a5b7acb8c4304ec605315f72632f1bc04101ba4b4d1f5a1be83,ab631c6026e3f7cf5cfcff7c6a506eb84b6eeb62f1afa5703fc48ef0897e25fa,IMPUTED_CENSUS_SECTION_CONSTRUCTION_PERIOD,337.9848,337.9848,330.3801,330.3801,9,
31547,0fa2729fa497be59,IT.MidClim.MFH.01.Gen.ReEx.001.001,MFH,IT.01,DWELLING_LAYOUT_EMITTED_INTERZONE_MISMATCH_REROUTED,9f9cbfa0a419f879f247e8dfa353217b59ccb7e5ba9588f4e76cdf3a1422c889,ab631c6026e3f7cf5cfcff7c6a506eb84b6eeb62f1afa5703fc48ef0897e25fa,IMPUTED_CENSUS_SECTION_CONSTRUCTION_PERIOD,1735.0985,1735.0985,1735.0985,1735.0985,20,
31550,09bbcf787e692503,IT.MidClim.AB.01.Gen.ReEx.001.001,AB,IT.01,FALLBACK_PENDING_LAYOUT_MISSING_DWELLING_COUNT,847881f91e85fa229bf48b805d2d5a706dbbb509721db504a4fb686ea8d35826,ab631c6026e3f7cf5cfcff7c6a506eb84b6eeb62f1afa5703fc48ef0897e25fa,IMPUTED_CENSUS_SECTION_CONSTRUCTION_PERIOD,1478.4177,1478.4177,1478.4177,1478.4177,14,near_duplicate_vertex_tolerated_box
31552,f86a15b4add28cec,IT.MidClim.MFH.01.Gen.ReEx.001.001,MFH,IT.01,DWELLING_LAYOUT_EMITTED_INTERZONE_MISMATCH_REROUTED,3a5001163df9f8440a2aae2860952dcdc62616e71ba42d9a6476c32771ef3d3a,ab631c6026e3f7cf5cfcff7c6a506eb84b6eeb62f1afa5703fc48ef0897e25fa,IMPUTED_CENSUS_SECTION_CONSTRUCTION_PERIOD,375.2229,375.2229,375.2229,375.2229,11,
31561,a2525927e89abdcc,IT.MidClim.AB.01.Gen.ReEx.001.001,AB,IT.01,FALLBACK_PENDING_LAYOUT_MISSING_DWELLING_COUNT,ab41038189c9c99722d9627af58695144838fef6aeb41673b2e53c8f636b72b6,ab631c6026e3f7cf5cfcff7c6a506eb84b6eeb62f1afa5703fc48ef0897e25fa,IMPUTED_CENSUS_SECTION_CONSTRUCTION_PERIOD,843.7151,843.7151,843.7151,843.7151,9,
31562,8541c0bc9b38c323,IT.MidClim.MFH.01.Gen.ReEx.001.001,MFH,IT.01,DWELLING_LAYOUT_EMITTED_INTERZONE_MISMATCH_REROUTED,cd921abc8ca37eb316d591948aefc4279bc64d95b370d007d2c56af2c3e5878c,ab631c6026e3f7cf5cfcff7c6a506eb84b6eeb62f1afa5703fc48ef0897e25fa,IMPUTED_CENSUS_SECTION_CONSTRUCTION_PERIOD,485.76,485.76,485.76,485.76,11,
31563,76eeb107292a93d2,IT.MidClim.AB.01.Gen.ReEx.001.001,AB,IT.01,DWELLING_LAYOUT_EMITTED_IMPUTED_COUNT,89d026cb76f8e5d729dacaacc277e393592b18da29e50d9dfc855e4132a9171f,ab631c6026e3f7cf5cfcff7c6a506eb84b6eeb62f1afa5703fc48ef0897e25fa,IMPUTED_CENSUS_SECTION_CONSTRUCTION_PERIOD,4693.9409,4693.9409,4365.3819,4365.3819,11,
31572,5d7776ea7fc4de1b,IT.MidClim.AB.01.Gen.ReEx.001.001,AB,IT.01,FALLBACK_PENDING_LAYOUT_MISSING_DWELLING_COUNT,dd0252757bbcb2df766857fd8a82d73f8d6ee16dd3633730b5359b61ac0fde16,ab631c6026e3f7cf5cfcff7c6a506eb84b6eeb62f1afa5703fc48ef0897e25fa,IMPUTED_CENSUS_SECTION_CONSTRUCTION_PERIOD,1578.3725,1578.3725,1578.3725,1578.3725,9,near_duplicate_vertex_tolerated_box
31578,94b41fa13e35bc79,IT.MidClim.AB.01.Gen.ReEx.001.001,AB,IT.01,FALLBACK_PENDING_LAYOUT_MISSING_DWELLING_COUNT,77a8fed843ff918b26f6823a63d7519252f9e5684f03cc87d58d27b83be9305f,ab631c6026e3f7cf5cfcff7c6a506eb84b6eeb62f1afa5703fc48ef0897e25fa,IMPUTED_CENSUS_SECTION_CONSTRUCTION_PERIOD,872.9062,872.9062,872.9062,872.9062,12,
31579,d3377ab985fd9727,IT.MidClim.AB.01.Gen.ReEx.001.001,AB,IT.01,DWELLING_LAYOUT_EMITTED_INTERZONE_MISMATCH_REROUTED,2355cf887f9adf52da73158333e8f3ac1537e25e6a32335d43c784f2591cee0c,ab631c6026e3f7cf5cfcff7c6a506eb84b6eeb62f1afa5703fc48ef0897e25fa,IMPUTED_CENSUS_SECTION_CONSTRUCTION_PERIOD,1162.8671,1162.8671,1162.8671,1162.8671,11,
31585,62a953e8127e8754,IT.MidClim.MFH.01.Gen.ReEx.001.001,MFH,IT.01,DWELLING_LAYOUT_EMITTED_INTERZONE_MISMATCH_REROUTED,aa1237497b74cb87535e81f26da42794fe632d3d96f7d77b1759f1bcb08bdd73,ab631c6026e3f7cf5cfcff7c6a506eb84b6eeb62f1afa5703fc48ef0897e25fa,IMPUTED_CENSUS_SECTION_CONSTRUCTION_PERIOD,1972.5217,1972.5217,1972.5217,1972.5217,19,
31588,40341bd95b0afbaf,IT.MidClim.MFH.01.Gen.ReEx.001.001,MFH,IT.01,DWELLING_LAYOUT_EMITTED_INTERZONE_MISMATCH_REROUTED,28ed1765a3b58980ab2343bf79935e56e4423ba558496b706fa61806e1a0bdda,ab631c6026e3f7cf5cfcff7c6a506eb84b6eeb62f1afa5703fc48ef0897e25fa,IMPUTED_CENSUS_SECTION_CONSTRUCTION_PERIOD,672.187,672.187,672.187,672.187,12,
31592,400558671ba61d8b,IT.MidClim.MFH.01.Gen.ReEx.001.001,MFH,IT.01,DWELLING_LAYOUT_EMITTED_INTERZONE_MISMATCH_REROUTED,095245fb3f4b8c84bdb8b16c5551726edf0820132afd51d9a558fc72bcff1a35,ab631c6026e3f7cf5cfcff7c6a506eb84b6eeb62f1afa5703fc48ef0897e25fa,IMPUTED_CENSUS_SECTION_CONSTRUCTION_PERIOD,684.6992,684.6992,684.6992,684.6992,13,
31596,16dc759eac08e8fa,IT.MidClim.AB.01.Gen.ReEx.001.001,AB,IT.01,FALLBACK_PENDING_LAYOUT_MISSING_DWELLING_COUNT,b45b6e1f4fca1549b3d01c99c50efebc8e6b0dc402c07dda8a8b7f170f1f574d,ab631c6026e3f7cf5cfcff7c6a506eb84b6eeb62f1afa5703fc48ef0897e25fa,IMPUTED_CENSUS_SECTION_CONSTRUCTION_PERIOD,2131.1975,2131.1975,2131.1975,2131.1975,17,
31597,caafa73f3d9151fb,IT.MidClim.AB.01.Gen.ReEx.001.001,AB,IT.01,DWELLING_LAYOUT_EMITTED_INTERZONE_MISMATCH_REROUTED,2804b150566cbc586cc8d3c910f9167522ab61007e48643e0433c66a79038e60,ab631c6026e3f7cf5cfcff7c6a506eb84b6eeb62f1afa5703fc48ef0897e25fa,IMPUTED_CENSUS_SECTION_CONSTRUCTION_PERIOD,125.8262,125.8262,125.8262,125.8262,6,
31598,0177dae25178d27e,IT.MidClim.MFH.01.Gen.ReEx.001.001,MFH,IT.01,DWELLING_LAYOUT_EMITTED_IMPUTED_COUNT,5b1a9fbda123a123a5595470cb83a22b8ec95f07d2e6446ff39b8e171a5df1a7,ab631c6026e3f7cf5cfcff7c6a506eb84b6eeb62f1afa5703fc48ef0897e25fa,IMPUTED_CENSUS_SECTION_CONSTRUCTION_PERIOD,111.3115,111.3115,108.7951,108.7951,7,
31600,98e8a09b4e1ec4fd,IT.MidClim.TH.01.Gen.ReEx.001.001,TH,IT.01,DWELLING_LAYOUT_EMITTED_IMPUTED_COUNT,7b5e119d5332b00ed6a842465a67495da4fd2b3d647db856b3f2148b7f131ecb,ab631c6026e3f7cf5cfcff7c6a506eb84b6eeb62f1afa5703fc48ef0897e25fa,IMPUTED_CENSUS_SECTION_CONSTRUCTION_PERIOD,37.3886,37.3886,37.3886,37.3886,5,
31605,7b1c9f095a771b75,IT.MidClim.MFH.01.Gen.ReEx.001.001,MFH,IT.01,DWELLING_LAYOUT_EMITTED_INTERZONE_MISMATCH_REROUTED,bfca806d4d58ccc49b4de7d996f600507b30290d0a150e6d64e18c7f1605a3f5,ab631c6026e3f7cf5cfcff7c6a506eb84b6eeb62f1afa5703fc48ef0897e25fa,IMPUTED_CENSUS_SECTION_CONSTRUCTION_PERIOD,182.9622,182.9622,182.9622,182.9622,7,
31607,e528e0b4741ae8fa,IT.MidClim.MFH.01.Gen.ReEx.001.001,MFH,IT.01,DWELLING_LAYOUT_EMITTED_IMPUTED_COUNT,20ceee91dad29c4e74e271d9e8260426823f6e91dc9ba7a0898e9578598b5684,ab631c6026e3f7cf5cfcff7c6a506eb84b6eeb62f1afa5703fc48ef0897e25fa,IMPUTED_CENSUS_SECTION_CONSTRUCTION_PERIOD,1826.1551,1826.1551,1785.1562,1785.1562,13,
31608,40a0e949ba96954d,IT.MidClim.MFH.01.Gen.ReEx.001.001,MFH,IT.01,DWELLING_LAYOUT_EMITTED_INTERZONE_MISMATCH_REROUTED,f3785e60fe684f1066a239c724f624e36f1a1846851d35fabaa857ccca5ff8ef,ab631c6026e3f7cf5cfcff7c6a506eb84b6eeb62f1afa5703fc48ef0897e25fa,IMPUTED_CENSUS_SECTION_CONSTRUCTION_PERIOD,844.5777,844.5777,844.5777,844.5777,13,
31610,7798e297a7adb2db,IT.MidClim.AB.01.Gen.ReEx.001.001,AB,IT.01,DWELLING_LAYOUT_EMITTED_INTERZONE_MISMATCH_REROUTED,790e3bea22f83e80658f4f94c13d0e548f0e7dfaa86493a40755ff73e31e7cdb,ab631c6026e3f7cf5cfcff7c6a506eb84b6eeb62f1afa5703fc48ef0897e25fa,IMPUTED_CENSUS_SECTION_CONSTRUCTION_PERIOD,11910.6499,11910.6499,11910.6499,11910.6499,16,
31611,1822a6f5f3b46f42,IT.MidClim.MFH.01.Gen.ReEx.001.001,MFH,IT.01,DWELLING_LAYOUT_EMITTED_IMPUTED_COUNT,79d7164399914798b9e3e255a5d2f73ebe3cecefe485496609f94e1c5a7921c7,ab631c6026e3f7cf5cfcff7c6a506eb84b6eeb62f1afa5703fc48ef0897e25fa,IMPUTED_CENSUS_SECTION_CONSTRUCTION_PERIOD,765.7031,765.7031,748.4748,748.4748,3,
31615,d32f27af52ecab2c,IT.MidClim.AB.01.Gen.ReEx.001.001,AB,IT.01,FALLBACK_PENDING_LAYOUT_MISSING_DWELLING_COUNT,03bc2cefa0fb3444caa5e41e36956078a066eccbe36375a5fce29a4f71f52ec3,ab631c6026e3f7cf5cfcff7c6a506eb84b6eeb62f1afa5703fc48ef0897e25fa,IMPUTED_CENSUS_SECTION_CONSTRUCTION_PERIOD,1753.7063,1753.7063,1753.7063,1753.7063,3,
31620,defea5cebe1a8054,IT.MidClim.MFH.01.Gen.ReEx.001.001,MFH,IT.01,DWELLING_LAYOUT_EMITTED_INTERZONE_MISMATCH_REROUTED,8f747b879d3492f363fc247009351fd23932a65f634467314a0e06f8f10c5389,ab631c6026e3f7cf5cfcff7c6a506eb84b6eeb62f1afa5703fc48ef0897e25fa,IMPUTED_CENSUS_SECTION_CONSTRUCTION_PERIOD,907.8934,907.8934,907.8934,907.8934,7,
31628,625f922f58201f61,IT.MidClim.AB.01.Gen.ReEx.001.001,AB,IT.01,FALLBACK_PENDING_LAYOUT_MISSING_DWELLING_COUNT,4dc862eed5549441e213de373652feca06cfb052a82849a46eccc9f61767de50,ab631c6026e3f7cf5cfcff7c6a506eb84b6eeb62f1afa5703fc48ef0897e25fa,IMPUTED_CENSUS_SECTION_CONSTRUCTION_PERIOD,1353.6959,1353.6959,1353.6959,1353.6959,19,near_duplicate_vertex_tolerated_box
31636,5e2ff94d260931bb,IT.MidClim.AB.01.Gen.ReEx.001.001,AB,IT.01,FALLBACK_PENDING_LAYOUT_MISSING_DWELLING_COUNT,6ed9a112752a0dfe4645bd5a677110fd675d4ec5fa51ed1cb22c2ef100cae7f9,ab631c6026e3f7cf5cfcff7c6a506eb84b6eeb62f1afa5703fc48ef0897e25fa,IMPUTED_CENSUS_SECTION_CONSTRUCTION_PERIOD,1421.3955,1421.3955,1421.3955,1421.3955,16,near_duplicate_vertex_tolerated_box
31637,8effbbe6aa35f542,IT.MidClim.MFH.01.Gen.ReEx.001.001,MFH,IT.01,DWELLING_LAYOUT_EMITTED_IMPUTED_COUNT,68bec950d6d84280646d03b69f10693284c0628f1472618575d4580ea81bd97b,ab631c6026e3f7cf5cfcff7c6a506eb84b6eeb62f1afa5703fc48ef0897e25fa,IMPUTED_CENSUS_SECTION_CONSTRUCTION_PERIOD,434.229,434.229,424.4084,424.4084,10,
31640,c96c0ec80d735e64,IT.MidClim.TH.01.Gen.ReEx.001.001,TH,IT.01,DWELLING_LAYOUT_EMITTED_IMPUTED_COUNT,bedcefafdc7382966273118654ba860eaa6bb64c287f65e2b5167ea77b3d562e,ab631c6026e3f7cf5cfcff7c6a506eb84b6eeb62f1afa5703fc48ef0897e25fa,IMPUTED_CENSUS_SECTION_CONSTRUCTION_PERIOD,33.2015,33.2015,33.2015,33.2015,5,
31644,026c2fba33abb91c,IT.MidClim.AB.01.Gen.ReEx.001.001,AB,IT.01,FALLBACK_PENDING_LAYOUT_MISSING_DWELLING_COUNT,00189469bb25223ab9977f55b7be749c4d5f1a1e102ac90e0c33fe86c9aed977,ab631c6026e3f7cf5cfcff7c6a506eb84b6eeb62f1afa5703fc48ef0897e25fa,IMPUTED_CENSUS_SECTION_CONSTRUCTION_PERIOD,697.9394,697.9394,697.9394,697.9394,10,near_duplicate_vertex_tolerated_box
31646,0bea9725724d56d0,IT.MidClim.AB.03.Gen.ReEx.001.001,AB,IT.03,FALLBACK_PENDING_LAYOUT_MISSING_DWELLING_COUNT,9814c183d1bf654bb025be84c3de088a99249a39a2f574e6b82cfa15e95219bc,ab631c6026e3f7cf5cfcff7c6a506eb84b6eeb62f1afa5703fc48ef0897e25fa,IMPUTED_CENSUS_SECTION_CONSTRUCTION_PERIOD,4661.6697,4661.6697,4661.6697,4661.6697,4,
31653,676853c04a630d12,IT.MidClim.AB.01.Gen.ReEx.001.001,AB,IT.01,FALLBACK_PENDING_LAYOUT_MISSING_DWELLING_COUNT,5960d06e3bd65889796c975768908896b5d1cea7ec60f882e6d79d2ae7dfc300,ab631c6026e3f7cf5cfcff7c6a506eb84b6eeb62f1afa5703fc48ef0897e25fa,IMPUTED_CENSUS_SECTION_CONSTRUCTION_PERIOD,1311.3994,1311.3994,1311.3994,1311.3994,16,
31655,44583bb2c4dce29a,IT.MidClim.MFH.01.Gen.ReEx.001.001,MFH,IT.01,DWELLING_LAYOUT_EMITTED_IMPUTED_COUNT,58f015ce62345171f3d287f0e6dcbf97d4fa98ad6db3dfa42258ee5b5fd0d982,ab631c6026e3f7cf5cfcff7c6a506eb84b6eeb62f1afa5703fc48ef0897e25fa,IMPUTED_CENSUS_SECTION_CONSTRUCTION_PERIOD,1861.5678,1861.5678,1819.681,1819.681,18,
31658,056bd8c15ff2fa34,IT.MidClim.AB.01.Gen.ReEx.001.001,AB,IT.01,DWELLING_LAYOUT_EMITTED_INTERZONE_MISMATCH_REROUTED,6b7ea4e2e812cb86f948c53ea4e930429d6a16e7157fe0690b60bd670063936e,ab631c6026e3f7cf5cfcff7c6a506eb84b6eeb62f1afa5703fc48ef0897e25fa,IMPUTED_CENSUS_SECTION_CONSTRUCTION_PERIOD,222.2949,222.2949,222.2949,222.2949,8,
31659,daf653420e33c836,IT.MidClim.AB.01.Gen.ReEx.001.001,AB,IT.01,FALLBACK_PENDING_LAYOUT_MISSING_DWELLING_COUNT,2870c23219fe95f2c781e093fd81088951f2035b2c06af91816ffc0747a23336,ab631c6026e3f7cf5cfcff7c6a506eb84b6eeb62f1afa5703fc48ef0897e25fa,IMPUTED_CENSUS_SECTION_CONSTRUCTION_PERIOD,2808.2761,2808.2761,2808.2761,2808.2761,22,near_duplicate_vertex_tolerated_box
31661,ac268d22602359db,IT.MidClim.AB.01.Gen.ReEx.001.001,AB,IT.01,FALLBACK_PENDING_LAYOUT_MISSING_DWELLING_COUNT,1d6b61ad9739a55f08e9473ada9b683c7dffb76941385a7417e598f15968a0d2,ab631c6026e3f7cf5cfcff7c6a506eb84b6eeb62f1afa5703fc48ef0897e25fa,IMPUTED_CENSUS_SECTION_CONSTRUCTION_PERIOD,1052.6512,1052.6512,1052.6512,1052.6512,15,
31663,efd2f8591516de34,IT.MidClim.AB.01.Gen.ReEx.001.001,AB,IT.01,FALLBACK_PENDING_LAYOUT_MISSING_DWELLING_COUNT,4c12959c6cd041ea8d04fef9b5597f7350be3b64cf19de202d4a7f99f35c95de,ab631c6026e3f7cf5cfcff7c6a506eb84b6eeb62f1afa5703fc48ef0897e25fa,IMPUTED_CENSUS_SECTION_CONSTRUCTION_PERIOD,883.5321,883.5321,883.5321,883.5321,9,near_duplicate_vertex_tolerated_box
31666,55d469fd00927576,IT.MidClim.MFH.01.Gen.ReEx.001.001,MFH,IT.01,DWELLING_LAYOUT_EMITTED_INTERZONE_MISMATCH_REROUTED,c1fec94aa8338054d55ef8aed765322202ad9592b1cb577a30190b410def4a51,ab631c6026e3f7cf5cfcff7c6a506eb84b6eeb62f1afa5703fc48ef0897e25fa,IMPUTED_CENSUS_SECTION_CONSTRUCTION_PERIOD,796.73,796.73,796.73,796.73,7,
31667,3cb6c8d6aafb20ac,IT.MidClim.AB.01.Gen.ReEx.001.001,AB,IT.01,FALLBACK_PENDING_LAYOUT_MISSING_DWELLING_COUNT,f8e5f3d4825172d7b3c801d22959279a25d6abc7f79de47003eebd44ff0dad54,ab631c6026e3f7cf5cfcff7c6a506eb84b6eeb62f1afa5703fc48ef0897e25fa,IMPUTED_CENSUS_SECTION_CONSTRUCTION_PERIOD,1584.1103,1584.1103,1584.1103,1584.1103,10,near_duplicate_vertex_tolerated_box
31669,3477779135b4175f,IT.MidClim.AB.01.Gen.ReEx.001.001,AB,IT.01,FALLBACK_PENDING_LAYOUT_MISSING_DWELLING_COUNT,a8ef6c228deee746e8d8d883e3c75451a0849ad017716a3fee8cf51b5f108517,ab631c6026e3f7cf5cfcff7c6a506eb84b6eeb62f1afa5703fc48ef0897e25fa,IMPUTED_CENSUS_SECTION_CONSTRUCTION_PERIOD,1206.4196,1206.4196,1206.4196,1206.4196,10,
31681,3e6bc70de01469b6,IT.MidClim.TH.01.Gen.ReEx.001.001,TH,IT.01,DWELLING_LAYOUT_EMITTED_IMPUTED_COUNT,e5e28fa1c6b99d5d502b75dae4567331f8cf902663529287eea8997d86fa4369,ab631c6026e3f7cf5cfcff7c6a506eb84b6eeb62f1afa5703fc48ef0897e25fa,IMPUTED_CENSUS_SECTION_CONSTRUCTION_PERIOD,30.4093,30.4093,30.4093,30.4093,7,
31682,949ea0d842561e53,IT.MidClim.AB.01.Gen.ReEx.001.001,AB,IT.01,DWELLING_LAYOUT_EMITTED_INTERZONE_MISMATCH_REROUTED,e6d4ef878b4e43ea23dac9e594fdadaa71ae21d08cc072c9039eb5563298b9a0,ab631c6026e3f7cf5cfcff7c6a506eb84b6eeb62f1afa5703fc48ef0897e25fa,IMPUTED_CENSUS_SECTION_CONSTRUCTION_PERIOD,1095.4667,1095.4667,1095.4667,1095.4667,9,
31686,5b71694fb55ad06d,IT.MidClim.AB.01.Gen.ReEx.001.001,AB,IT.01,FALLBACK_PENDING_LAYOUT_MISSING_DWELLING_COUNT,f738d6925dbdafbdfe72d0db9e7dfbcf8dc0b470fc04591eb77ddbc7addb663c,ab631c6026e3f7cf5cfcff7c6a506eb84b6eeb62f1afa5703fc48ef0897e25fa,IMPUTED_CENSUS_SECTION_CONSTRUCTION_PERIOD,2066.7651,2066.7651,2066.7651,2066.7651,8,
31701,191a10b63e659f72,IT.MidClim.AB.01.Gen.ReEx.001.001,AB,IT.01,FALLBACK_PENDING_LAYOUT_MISSING_DWELLING_COUNT,a9ee94f75520a484d83a220993a5e5bd0b69b92dd3b9fa4b9d75ca103239c9b0,ab631c6026e3f7cf5cfcff7c6a506eb84b6eeb62f1afa5703fc48ef0897e25fa,IMPUTED_CENSUS_SECTION_CONSTRUCTION_PERIOD,1255.7554,1255.7554,1255.7554,1255.7554,13,near_duplicate_vertex_tolerated_box
31706,071ef88962e08e9d,IT.MidClim.MFH.01.Gen.ReEx.001.001,MFH,IT.01,DWELLING_LAYOUT_EMITTED_IMPUTED_COUNT,4f13cb4b25cf39b67f72de686cd4bd2c06121863dce1356b1d982a7d2c322294,ab631c6026e3f7cf5cfcff7c6a506eb84b6eeb62f1afa5703fc48ef0897e25fa,IMPUTED_CENSUS_SECTION_CONSTRUCTION_PERIOD,837.4803,837.4803,818.6121,818.6121,15,
31710,aae0452ccc41ed5a,IT.MidClim.AB.01.Gen.ReEx.001.001,AB,IT.01,FALLBACK_PENDING_LAYOUT_MISSING_DWELLING_COUNT,26b5bcf9314fced115631645a68dac1a46933f884b3a3f85fdb1e25e38300d3d,ab631c6026e3f7cf5cfcff7c6a506eb84b6eeb62f1afa5703fc48ef0897e25fa,IMPUTED_CENSUS_SECTION_CONSTRUCTION_PERIOD,410.3381,410.3381,410.3381,410.3381,8,near_duplicate_vertex_tolerated_box
31712,c23364b4aa98599e,IT.MidClim.MFH.01.Gen.ReEx.001.001,MFH,IT.01,DWELLING_LAYOUT_EMITTED_INTERZONE_MISMATCH_REROUTED,7cb9df2bf174f9eef30ebc6437a06ebd028b3288608be8b5b7732dd7062c7407,ab631c6026e3f7cf5cfcff7c6a506eb84b6eeb62f1afa5703fc48ef0897e25fa,IMPUTED_CENSUS_SECTION_CONSTRUCTION_PERIOD,498.7701,498.7701,498.7701,498.7701,12,
31715,96898ed410005ff7,IT.MidClim.MFH.01.Gen.ReEx.001.001,MFH,IT.01,DWELLING_LAYOUT_EMITTED_INTERZONE_MISMATCH_REROUTED,5512794b7acc0f560a6fdfcd015fc98815dacf2529f0f7edbd77e582bf523f78,ab631c6026e3f7cf5cfcff7c6a506eb84b6eeb62f1afa5703fc48ef0897e25fa,IMPUTED_CENSUS_SECTION_CONSTRUCTION_PERIOD,433.0517,433.0517,433.0517,433.0517,15,
31716,7e86148dc9a0d758,IT.MidClim.AB.01.Gen.ReEx.001.001,AB,IT.01,FALLBACK_PENDING_LAYOUT_MISSING_DWELLING_COUNT,bf75c2f4d19bb06da9166eb72913e0ebd764e51d69aff16e29f806fec94114a2,ab631c6026e3f7cf5cfcff7c6a506eb84b6eeb62f1afa5703fc48ef0897e25fa,IMPUTED_CENSUS_SECTION_CONSTRUCTION_PERIOD,2391.2149,2391.2149,2391.2149,2391.2149,7,
31731,93b1f321f31e53c5,IT.MidClim.AB.01.Gen.ReEx.001.001,AB,IT.01,FALLBACK_PENDING_LAYOUT_MISSING_DWELLING_COUNT,9b39167c4fdcc2497440d9500bf2e6f1c6c3c2a8b424889589b7f5053315d52a,ab631c6026e3f7cf5cfcff7c6a506eb84b6eeb62f1afa5703fc48ef0897e25fa,IMPUTED_CENSUS_SECTION_CONSTRUCTION_PERIOD,1384.9373,1384.9373,1384.9373,1384.9373,12,
31734,4c7a4f2040a2f432,IT.MidClim.AB.01.Gen.ReEx.001.001,AB,IT.01,FALLBACK_PENDING_LAYOUT_MISSING_DWELLING_COUNT,ccbcde3835e9910642f4691f5aab120fe3b1880167916314937b23b04193af36,ab631c6026e3f7cf5cfcff7c6a506eb84b6eeb62f1afa5703fc48ef0897e25fa,IMPUTED_CENSUS_SECTION_CONSTRUCTION_PERIOD,1748.1742,1748.1742,1748.1742,1748.1742,11,near_duplicate_vertex_tolerated_box
31739,0a18a9a824fe72f3,IT.MidClim.MFH.01.Gen.ReEx.001.001,MFH,IT.01,DWELLING_LAYOUT_EMITTED_INTERZONE_MISMATCH_REROUTED,5ead8fd25535f1795e4f86b4d5e19bf68ca8a152e8b2f391f50b52ee7a3be25c,ab631c6026e3f7cf5cfcff7c6a506eb84b6eeb62f1afa5703fc48ef0897e25fa,IMPUTED_CENSUS_SECTION_CONSTRUCTION_PERIOD,415.6704,415.6704,415.6704,415.6704,15,
31741,635c1d7d41a92830,IT.MidClim.AB.01.Gen.ReEx.001.001,AB,IT.01,FALLBACK_PENDING_LAYOUT_MISSING_DWELLING_COUNT,63947fb70225dfcc0a8788655f668faf04be63aead21ef0380026143ffbc522f,ab631c6026e3f7cf5cfcff7c6a506eb84b6eeb62f1afa5703fc48ef0897e25fa,IMPUTED_CENSUS_SECTION_CONSTRUCTION_PERIOD,1996.3715,1996.3715,1996.3715,1996.3715,20,near_duplicate_vertex_tolerated_box
31744,ca4303ab757dbf7f,IT.MidClim.MFH.01.Gen.ReEx.001.001,MFH,IT.01,DWELLING_LAYOUT_EMITTED_INTERZONE_MISMATCH_REROUTED,e39c0cef1198812d09b506d3086d4ac2d70d10094be9fd335e68f95a7d2c7b25,ab631c6026e3f7cf5cfcff7c6a506eb84b6eeb62f1afa5703fc48ef0897e25fa,IMPUTED_CENSUS_SECTION_CONSTRUCTION_PERIOD,737.6026,737.6026,737.6026,737.6026,17,
31749,275c47eb0c009157,IT.MidClim.MFH.01.Gen.ReEx.001.001,MFH,IT.01,DWELLING_LAYOUT_EMITTED_IMPUTED_COUNT,8d40b3092c67307e93547de70bce886257a7561499aba8c9d97d6ca63f42c85f,ab631c6026e3f7cf5cfcff7c6a506eb84b6eeb62f1afa5703fc48ef0897e25fa,IMPUTED_CENSUS_SECTION_CONSTRUCTION_PERIOD,606.0649,606.0649,592.616,592.616,18,
31751,dd8faa546b202a96,IT.MidClim.MFH.01.Gen.ReEx.001.001,MFH,IT.01,DWELLING_LAYOUT_EMITTED_IMPUTED_COUNT,6520a0e77dd0200e54adccfa59b69631d964ea87ce319b7c3c8ddc1b8b7e66dd,ab631c6026e3f7cf5cfcff7c6a506eb84b6eeb62f1afa5703fc48ef0897e25fa,IMPUTED_CENSUS_SECTION_CONSTRUCTION_PERIOD,664.6241,664.6241,649.6701,649.6701,18,
31753,5ad308b85759b998,IT.MidClim.AB.01.Gen.ReEx.001.001,AB,IT.01,FALLBACK_PENDING_LAYOUT_MISSING_DWELLING_COUNT,9eb67446bb4af263cb5ed8e9123e5183a0f98d0d195b87dfed6be38b6730c9f2,ab631c6026e3f7cf5cfcff7c6a506eb84b6eeb62f1afa5703fc48ef0897e25fa,IMPUTED_CENSUS_SECTION_CONSTRUCTION_PERIOD,550.6844,550.6844,550.6844,550.6844,11,
31755,761bb56b738e1ebb,IT.MidClim.MFH.01.Gen.ReEx.001.001,MFH,IT.01,DWELLING_LAYOUT_EMITTED_IMPUTED_COUNT,8d1f4f474f04ae13bdc90a8479e9e2146238dbfad3f102bf7638d52b86228c53,ab631c6026e3f7cf5cfcff7c6a506eb84b6eeb62f1afa5703fc48ef0897e25fa,IMPUTED_CENSUS_SECTION_CONSTRUCTION_PERIOD,522.3519,522.3519,510.5825,510.5825,16,
31761,7a170e2dfe9b6d36,IT.MidClim.AB.01.Gen.ReEx.001.001,AB,IT.01,DWELLING_LAYOUT_EMITTED_INTERZONE_MISMATCH_REROUTED,257353b75c46433d5f83d86178a81e9f7f4cb4195400317bf31e7c07c6e87792,ab631c6026e3f7cf5cfcff7c6a506eb84b6eeb62f1afa5703fc48ef0897e25fa,IMPUTED_CENSUS_SECTION_CONSTRUCTION_PERIOD,1001.7688,1001.7688,1001.7688,1001.7688,12,
31762,038df0eafbbe3d8c,IT.MidClim.MFH.01.Gen.ReEx.001.001,MFH,IT.01,DWELLING_LAYOUT_EMITTED_INTERZONE_MISMATCH_REROUTED,12eb39f48cccfded2af34e9b4834c36f1be62f33ba30b5f170fa9e442f3f3e75,ab631c6026e3f7cf5cfcff7c6a506eb84b6eeb62f1afa5703fc48ef0897e25fa,IMPUTED_CENSUS_SECTION_CONSTRUCTION_PERIOD,343.904,343.904,343.904,343.904,12,
31765,9a881702c6b018e0,IT.MidClim.MFH.01.Gen.ReEx.001.001,MFH,IT.01,DWELLING_LAYOUT_EMITTED_INTERZONE_MISMATCH_REROUTED,3ea0f5d5208e02dfc6f07974a1fdf9050aa80fd40b2dd7819498a1af7f341356,ab631c6026e3f7cf5cfcff7c6a506eb84b6eeb62f1afa5703fc48ef0897e25fa,IMPUTED_CENSUS_SECTION_CONSTRUCTION_PERIOD,413.0847,413.0847,413.0847,413.0847,16,
31767,226c6aa89c4ed47a,IT.MidClim.AB.01.Gen.ReEx.001.001,AB,IT.01,FALLBACK_PENDING_LAYOUT_MISSING_DWELLING_COUNT,0963e9b0a65868f66df414bdba0bd29bc1879b6122812d6fcece669ad5564f85,ab631c6026e3f7cf5cfcff7c6a506eb84b6eeb62f1afa5703fc48ef0897e25fa,IMPUTED_CENSUS_SECTION_CONSTRUCTION_PERIOD,662.4867,662.4867,662.4867,662.4867,19,
31768,a73b854a913bd93e,IT.MidClim.MFH.01.Gen.ReEx.001.001,MFH,IT.01,DWELLING_LAYOUT_EMITTED_IMPUTED_COUNT,d42ed00fdcd90f5e16860546ff5fab037424575d80be2fcede642411a5ba88be,ab631c6026e3f7cf5cfcff7c6a506eb84b6eeb62f1afa5703fc48ef0897e25fa,IMPUTED_CENSUS_SECTION_CONSTRUCTION_PERIOD,677.3748,677.3748,662.1339,662.1339,14,
31771,1c826b79c512149a,IT.MidClim.MFH.01.Gen.ReEx.001.001,MFH,IT.01,DWELLING_LAYOUT_EMITTED_INTERZONE_MISMATCH_REROUTED,61aeffb2077abfd094402b0564025f99e93075b2a72f187bdd3325f331818d98,ab631c6026e3f7cf5cfcff7c6a506eb84b6eeb62f1afa5703fc48ef0897e25fa,IMPUTED_CENSUS_SECTION_CONSTRUCTION_PERIOD,474.1759,474.1759,474.1759,474.1759,19,
31773,6cb9199127e3e12f,IT.MidClim.AB.01.Gen.ReEx.001.001,AB,IT.01,FALLBACK_PENDING_LAYOUT_MISSING_DWELLING_COUNT,f4a96f763ef59dda3e42566e7e22ad687f5018b58e8f40216cee28e82d35c98b,ab631c6026e3f7cf5cfcff7c6a506eb84b6eeb62f1afa5703fc48ef0897e25fa,IMPUTED_CENSUS_SECTION_CONSTRUCTION_PERIOD,1253.2959,1253.2959,1253.2959,1253.2959,18,near_duplicate_vertex_tolerated_box
31774,9fcdbb49f7a6551f,IT.MidClim.AB.01.Gen.ReEx.001.001,AB,IT.01,DWELLING_LAYOUT_EMITTED_IMPUTED_COUNT,786c354ee36244e9414c2e99697bfa875047f35231e578a34fa8d85d6a124caf,ab631c6026e3f7cf5cfcff7c6a506eb84b6eeb62f1afa5703fc48ef0897e25fa,IMPUTED_CENSUS_SECTION_CONSTRUCTION_PERIOD,2449.7635,2449.7635,2449.7635,2449.7635,12,
31778,dd2a1b361fd1fa71,IT.MidClim.AB.01.Gen.ReEx.001.001,AB,IT.01,DWELLING_LAYOUT_EMITTED_INTERZONE_MISMATCH_REROUTED,a496081d6bd485bc61c9457e591411ba5fa0612b8417e98ddf5b66f6ace59f4c,ab631c6026e3f7cf5cfcff7c6a506eb84b6eeb62f1afa5703fc48ef0897e25fa,IMPUTED_CENSUS_SECTION_CONSTRUCTION_PERIOD,2822.8988,2822.8988,2822.8988,2822.8988,10,
31780,8433baa19483e7d7,IT.MidClim.AB.01.Gen.ReEx.001.001,AB,IT.01,FALLBACK_PENDING_LAYOUT_MISSING_DWELLING_COUNT,140880268d8e579dfd5b13e38410f4ce748cc23f4cd52c227610a03db2ef565a,ab631c6026e3f7cf5cfcff7c6a506eb84b6eeb62f1afa5703fc48ef0897e25fa,IMPUTED_CENSUS_SECTION_CONSTRUCTION_PERIOD,3298.8186,3298.8186,3298.8186,3298.8186,22,near_duplicate_vertex_tolerated_box
31783,37add4db97d1f115,IT.MidClim.AB.01.Gen.ReEx.001.001,AB,IT.01,FALLBACK_PENDING_LAYOUT_MISSING_DWELLING_COUNT,1d6a20c9c845600e991b23f51f809f383ac3d1c182f3075759e58400e645386f,ab631c6026e3f7cf5cfcff7c6a506eb84b6eeb62f1afa5703fc48ef0897e25fa,IMPUTED_CENSUS_SECTION_CONSTRUCTION_PERIOD,2049.0309,2049.0309,2049.0309,2049.0309,9,near_duplicate_vertex_tolerated_box
31785,7a2cdc40856d485b,IT.MidClim.TH.01.Gen.ReEx.001.001,TH,IT.01,DWELLING_LAYOUT_EMITTED_INTERZONE_MISMATCH_REROUTED,d482dab76f37f1055069afacb88117e1b119640889aba8d929dad33b0e286490,ab631c6026e3f7cf5cfcff7c6a506eb84b6eeb62f1afa5703fc48ef0897e25fa,IMPUTED_CENSUS_SECTION_CONSTRUCTION_PERIOD,153.5639,153.5639,153.5639,153.5639,5,
31792,fe73186120f0f1ef,IT.MidClim.AB.01.Gen.ReEx.001.001,AB,IT.01,FALLBACK_PENDING_LAYOUT_MISSING_DWELLING_COUNT,450ec77ad7fdb52fc4fa6e80161cf3456be09617585d73bb74252b66ceaf3c7c,ab631c6026e3f7cf5cfcff7c6a506eb84b6eeb62f1afa5703fc48ef0897e25fa,IMPUTED_CENSUS_SECTION_CONSTRUCTION_PERIOD,479.4968,479.4968,479.4968,479.4968,12,near_duplicate_vertex_tolerated_box
31793,4b7f07f8cb40bf33,IT.MidClim.MFH.01.Gen.ReEx.001.001,MFH,IT.01,DWELLING_LAYOUT_EMITTED_IMPUTED_COUNT,768e9cce73718a0680d3d7e22253ca3165f393f44fba50208b69fffe6cf569ad,ab631c6026e3f7cf5cfcff7c6a506eb84b6eeb62f1afa5703fc48ef0897e25fa,IMPUTED_CENSUS_SECTION_CONSTRUCTION_PERIOD,366.5667,366.5667,358.3189,358.3189,18,
31801,bcbc4d19102fbae3,IT.MidClim.AB.01.Gen.ReEx.001.001,AB,IT.01,DWELLING_LAYOUT_EMITTED_INTERZONE_MISMATCH_REROUTED,1a38ff2ec3c32611d59a7db52a8e893fa678056134498d6c129333f4644b63df,ab631c6026e3f7cf5cfcff7c6a506eb84b6eeb62f1afa5703fc48ef0897e25fa,IMPUTED_CENSUS_SECTION_CONSTRUCTION_PERIOD,6554.6911,6554.6911,6554.6911,6554.6911,6,
31802,cf4cf05908880fc8,IT.MidClim.AB.01.Gen.ReEx.001.001,AB,IT.01,FALLBACK_PENDING_LAYOUT_MISSING_DWELLING_COUNT,f72eceae93dbea1104bf0abf17b66ece84426b6302d9d1c9d08cce0379ca9685,ab631c6026e3f7cf5cfcff7c6a506eb84b6eeb62f1afa5703fc48ef0897e25fa,IMPUTED_CENSUS_SECTION_CONSTRUCTION_PERIOD,1126.6161,1126.6161,1126.6161,1126.6161,11,
31811,c52d559cc3d74cc3,IT.MidClim.AB.01.Gen.ReEx.001.001,AB,IT.01,FALLBACK_PENDING_LAYOUT_MISSING_DWELLING_COUNT,aa87be9bbf4c41c6bdd3b162e6faf1da73c44bb0b5413ec5e4f8a00c42d24803,ab631c6026e3f7cf5cfcff7c6a506eb84b6eeb62f1afa5703fc48ef0897e25fa,IMPUTED_CENSUS_SECTION_CONSTRUCTION_PERIOD,798.391,798.391,798.391,798.391,14,
31812,7cd1f9e1f78ffc0f,IT.MidClim.AB.01.Gen.ReEx.001.001,AB,IT.01,DWELLING_LAYOUT_EMITTED_INTERZONE_MISMATCH_REROUTED,180a3accd3b1d9d23b5aa6aaf9fdb5ad8cba9a00e1b33c65b78ace226c9a8b9e,ab631c6026e3f7cf5cfcff7c6a506eb84b6eeb62f1afa5703fc48ef0897e25fa,IMPUTED_CENSUS_SECTION_CONSTRUCTION_PERIOD,2771.2718,2771.2718,2771.2718,2771.2718,8,
31813,e1ae28b8cb5cbb08,IT.MidClim.AB.01.Gen.ReEx.001.001,AB,IT.01,FALLBACK_PENDING_LAYOUT_MISSING_DWELLING_COUNT,036bc0d685ad9ba322eeea0fac7a1b2811b8970913f5643e1eaaa550382bc9de,ab631c6026e3f7cf5cfcff7c6a506eb84b6eeb62f1afa5703fc48ef0897e25fa,IMPUTED_CENSUS_SECTION_CONSTRUCTION_PERIOD,2167.6903,2167.6903,2167.6903,2167.6903,12,near_duplicate_vertex_tolerated_box
31817,14cbbac7c945a0af,IT.MidClim.AB.01.Gen.ReEx.001.001,AB,IT.01,FALLBACK_PENDING_LAYOUT_MISSING_DWELLING_COUNT,31e2aaef1a41335ef37b843d003dfebda9b24c5d32fcc655c2611f5deb49fa1a,ab631c6026e3f7cf5cfcff7c6a506eb84b6eeb62f1afa5703fc48ef0897e25fa,IMPUTED_CENSUS_SECTION_CONSTRUCTION_PERIOD,6070.5417,6070.5417,6070.5417,6070.5417,12,near_duplicate_vertex_tolerated_box
31818,3d549a4b4b69ab5f,IT.MidClim.MFH.01.Gen.ReEx.001.001,MFH,IT.01,DWELLING_LAYOUT_EMITTED_INTERZONE_MISMATCH_REROUTED,0626133ba0714af85ef4386d520bc9cd21bd075c602d1ac0516d9f3facc9d40e,ab631c6026e3f7cf5cfcff7c6a506eb84b6eeb62f1afa5703fc48ef0897e25fa,IMPUTED_CENSUS_SECTION_CONSTRUCTION_PERIOD,547.5584,547.5584,547.5584,547.5584,15,
31821,858364fda98b190f,IT.MidClim.AB.01.Gen.ReEx.001.001,AB,IT.01,FALLBACK_PENDING_LAYOUT_MISSING_DWELLING_COUNT,5266e7ef94dd4bea77d45952f0dc988bc5b25918df28d33e71679bcf72dfd32c,ab631c6026e3f7cf5cfcff7c6a506eb84b6eeb62f1afa5703fc48ef0897e25fa,IMPUTED_CENSUS_SECTION_CONSTRUCTION_PERIOD,1513.1717,1513.1717,1513.1717,1513.1717,11,near_duplicate_vertex_tolerated_box
31829,658f473f2903de54,IT.MidClim.MFH.01.Gen.ReEx.001.001,MFH,IT.01,DWELLING_LAYOUT_EMITTED_IMPUTED_COUNT,a29c4f38b807a79e06c0f61c17a2bb2d2e672ac1af6b4ccbb47136e5c2acefa9,ab631c6026e3f7cf5cfcff7c6a506eb84b6eeb62f1afa5703fc48ef0897e25fa,IMPUTED_CENSUS_SECTION_CONSTRUCTION_PERIOD,572.3999,572.3999,559.5666,559.5666,14,
31831,6471750be59a7a03,IT.MidClim.TH.01.Gen.ReEx.001.001,TH,IT.01,DWELLING_LAYOUT_EMITTED_IMPUTED_COUNT,9e5d643567cfdff92ce2b64de994bb92715a263d7173c1a1b958759e03c829ed,ab631c6026e3f7cf5cfcff7c6a506eb84b6eeb62f1afa5703fc48ef0897e25fa,IMPUTED_CENSUS_SECTION_CONSTRUCTION_PERIOD,27.8789,27.8789,27.8789,27.8789,4,
31832,9ca43832b2f83b64,IT.MidClim.AB.01.Gen.ReEx.001.001,AB,IT.01,FALLBACK_PENDING_LAYOUT_MISSING_DWELLING_COUNT,c8c20b5d90601a5f17cc53ef9db9ba1d23abb6601256427c23b538fff1c55686,ab631c6026e3f7cf5cfcff7c6a506eb84b6eeb62f1afa5703fc48ef0897e25fa,IMPUTED_CENSUS_SECTION_CONSTRUCTION_PERIOD,2402.0679,2402.0679,2402.0679,2402.0679,9,
31843,16810eca4cf74d40,IT.MidClim.MFH.01.Gen.ReEx.001.001,MFH,IT.01,DWELLING_LAYOUT_EMITTED_INTERZONE_MISMATCH_REROUTED,c62335b6fa6271522a74541fdd5292355f8aa9d8d538f1c5766cde658660c988,ab631c6026e3f7cf5cfcff7c6a506eb84b6eeb62f1afa5703fc48ef0897e25fa,IMPUTED_CENSUS_SECTION_CONSTRUCTION_PERIOD,513.7518,513.7518,513.7518,513.7518,5,
31844,7a3ad54872d92ca9,IT.MidClim.MFH.01.Gen.ReEx.001.001,MFH,IT.01,DWELLING_LAYOUT_EMITTED_INTERZONE_MISMATCH_REROUTED,823f5f318c6b7fc2a1a5514fe18950a1dbfb5d691261d029cedc62be27169b5d,ab631c6026e3f7cf5cfcff7c6a506eb84b6eeb62f1afa5703fc48ef0897e25fa,IMPUTED_CENSUS_SECTION_CONSTRUCTION_PERIOD,852.4505,852.4505,852.4505,852.4505,20,
31845,679551c92dbc924b,IT.MidClim.AB.01.Gen.ReEx.001.001,AB,IT.01,DWELLING_LAYOUT_EMITTED_IMPUTED_COUNT,90ed4aee3becff562b615e5014a6a9a798a8a58436ebe10940581527ab814109,ab631c6026e3f7cf5cfcff7c6a506eb84b6eeb62f1afa5703fc48ef0897e25fa,IMPUTED_CENSUS_SECTION_CONSTRUCTION_PERIOD,1446.4763,1446.4763,1273.8101,1273.8101,7,
31853,90dcb905e13140ff,IT.MidClim.SFH.01.Gen.ReEx.001.001,SFH,IT.01,DWELLING_LAYOUT_EMITTED_IMPUTED_COUNT,f012168aaf013f9bf7d6ebe0934273d4dc0af9ac19eab2b8e55b4be2c6ea26b4,ab631c6026e3f7cf5cfcff7c6a506eb84b6eeb62f1afa5703fc48ef0897e25fa,IMPUTED_CENSUS_SECTION_CONSTRUCTION_PERIOD,197.3642,197.3642,197.3642,197.3642,13,
31854,3dc480d61f69118b,IT.MidClim.AB.01.Gen.ReEx.001.001,AB,IT.01,FALLBACK_PENDING_LAYOUT_MISSING_DWELLING_COUNT,d01a5c57a764084b5854e48392b6a983fdd56a307a99b6c3fbd25bbad65b7cca,ab631c6026e3f7cf5cfcff7c6a506eb84b6eeb62f1afa5703fc48ef0897e25fa,IMPUTED_CENSUS_SECTION_CONSTRUCTION_PERIOD,691.8847,691.8847,691.8847,691.8847,13,
31856,8be184f932dfe69e,IT.MidClim.AB.03.Gen.ReEx.001.001,AB,IT.03,FALLBACK_PENDING_LAYOUT_MISSING_DWELLING_COUNT,ce07bf17cf789948d102c9173f30dd360d828688f2245ae888ac0723473ba419,ab631c6026e3f7cf5cfcff7c6a506eb84b6eeb62f1afa5703fc48ef0897e25fa,IMPUTED_CENSUS_SECTION_CONSTRUCTION_PERIOD,2113.7522,2113.7522,2113.7522,2113.7522,12,
31870,3061dba0ae7e23d0,IT.MidClim.MFH.01.Gen.ReEx.001.001,MFH,IT.01,DWELLING_LAYOUT_EMITTED_IMPUTED_COUNT,e04ba8b468fbb0a59aee683068b25485c3eacaab81d8e514b355dabf39c63fe1,ab631c6026e3f7cf5cfcff7c6a506eb84b6eeb62f1afa5703fc48ef0897e25fa,IMPUTED_CENSUS_SECTION_CONSTRUCTION_PERIOD,301.6192,301.6192,294.8328,294.8328,13,
31871,a30f555f46ae3109,IT.MidClim.AB.01.Gen.ReEx.001.001,AB,IT.01,FALLBACK_PENDING_LAYOUT_MISSING_DWELLING_COUNT,7c5cd9b3ee2bd9f7aa70ff2ac587bc8616f0168b0ac414c9a0fa919c4f7e8784,ab631c6026e3f7cf5cfcff7c6a506eb84b6eeb62f1afa5703fc48ef0897e25fa,IMPUTED_CENSUS_SECTION_CONSTRUCTION_PERIOD,658.1978,658.1978,658.1978,658.1978,10,
31873,11ac916015b30b5b,IT.MidClim.MFH.01.Gen.ReEx.001.001,MFH,IT.01,DWELLING_LAYOUT_EMITTED_INTERZONE_MISMATCH_REROUTED,3510296ca5a2b2b700b09946a56f1dcda3fd5ebd503f024d5846a00f9da7a91e,ab631c6026e3f7cf5cfcff7c6a506eb84b6eeb62f1afa5703fc48ef0897e25fa,IMPUTED_CENSUS_SECTION_CONSTRUCTION_PERIOD,474.3915,474.3915,474.3915,474.3915,13,
31879,da0608721c4a4426,IT.MidClim.MFH.01.Gen.ReEx.001.001,MFH,IT.01,DWELLING_LAYOUT_EMITTED_INTERZONE_MISMATCH_REROUTED,1c79d04752fac7c89a5b6168185cff734572106220cbd6740fd33950c68159f4,ab631c6026e3f7cf5cfcff7c6a506eb84b6eeb62f1afa5703fc48ef0897e25fa,IMPUTED_CENSUS_SECTION_CONSTRUCTION_PERIOD,1174.8149,1174.8149,1174.8149,1174.8149,11,
31881,b0336585810d3620,IT.MidClim.AB.01.Gen.ReEx.001.001,AB,IT.01,FALLBACK_PENDING_LAYOUT_MISSING_DWELLING_COUNT,431b2ff0d2bf73c506a406b880b10e2c4af15cf3ef54490ded8c9d51a121696e,ab631c6026e3f7cf5cfcff7c6a506eb84b6eeb62f1afa5703fc48ef0897e25fa,IMPUTED_CENSUS_SECTION_CONSTRUCTION_PERIOD,3069.6771,3069.6771,3069.6771,3069.6771,17,near_duplicate_vertex_tolerated_box
31887,0773e03086000e7b,IT.MidClim.AB.01.Gen.ReEx.001.001,AB,IT.01,FALLBACK_PENDING_LAYOUT_MISSING_DWELLING_COUNT,8b9253b6a9a75719261fa1e8ecba6529da64d109aa5415f0fa7fc13415d9ed49,ab631c6026e3f7cf5cfcff7c6a506eb84b6eeb62f1afa5703fc48ef0897e25fa,IMPUTED_CENSUS_SECTION_CONSTRUCTION_PERIOD,512.0225,512.0225,512.0225,512.0225,12,
31888,f506be2b61634101,IT.MidClim.AB.01.Gen.ReEx.001.001,AB,IT.01,DWELLING_LAYOUT_EMITTED_INTERZONE_MISMATCH_REROUTED,cd61f032bd90b5f11a317e3425474f93c860ee97a9ef494d3343f3cbca3f3438,ab631c6026e3f7cf5cfcff7c6a506eb84b6eeb62f1afa5703fc48ef0897e25fa,IMPUTED_CENSUS_SECTION_CONSTRUCTION_PERIOD,105.9464,105.9464,105.9464,105.9464,8,
31892,6c5c4a7f558c79fb,IT.MidClim.MFH.01.Gen.ReEx.001.001,MFH,IT.01,DWELLING_LAYOUT_EMITTED_INTERZONE_MISMATCH_REROUTED,2e9bef0555082c2b04cd6a4e43070fddcc968850e00ad8e8b8404def77be5a1d,ab631c6026e3f7cf5cfcff7c6a506eb84b6eeb62f1afa5703fc48ef0897e25fa,IMPUTED_CENSUS_SECTION_CONSTRUCTION_PERIOD,630.8715,630.8715,630.8715,630.8715,20,
31899,45a9993d609fa403,IT.MidClim.SFH.01.Gen.ReEx.001.001,SFH,IT.01,DWELLING_LAYOUT_EMITTED_IMPUTED_COUNT,c1f6ab2686616f10c07266c59f863cd6df78d3224157690940266ded4afae7cb,ab631c6026e3f7cf5cfcff7c6a506eb84b6eeb62f1afa5703fc48ef0897e25fa,IMPUTED_CENSUS_SECTION_CONSTRUCTION_PERIOD,20.5451,20.5451,20.5451,20.5451,1,
31900,9820b65666122169,IT.MidClim.AB.01.Gen.ReEx.001.001,AB,IT.01,FALLBACK_PENDING_LAYOUT_MISSING_DWELLING_COUNT,8d58ab28ea8cf8b8b51859ba973d5938e87f95b0df4bbce4ab8934d93822cb44,ab631c6026e3f7cf5cfcff7c6a506eb84b6eeb62f1afa5703fc48ef0897e25fa,IMPUTED_CENSUS_SECTION_CONSTRUCTION_PERIOD,2574.0283,2574.0283,2574.0283,2574.0283,11,near_duplicate_vertex_tolerated_box
31903,b2fa9a38453a129f,IT.MidClim.MFH.01.Gen.ReEx.001.001,MFH,IT.01,DWELLING_LAYOUT_EMITTED_INTERZONE_MISMATCH_REROUTED,70a413d527b19294b04f5d4779b14918e0915af54aa66e7c4a0df7d5de7e1300,ab631c6026e3f7cf5cfcff7c6a506eb84b6eeb62f1afa5703fc48ef0897e25fa,IMPUTED_CENSUS_SECTION_CONSTRUCTION_PERIOD,447.4398,447.4398,447.4398,447.4398,19,
31911,7a334d74f9c03bbf,IT.MidClim.AB.01.Gen.ReEx.001.001,AB,IT.01,FALLBACK_PENDING_LAYOUT_MISSING_DWELLING_COUNT,4d52a35125eb7f867473eca19edc8386b688bf280d4e1936c992b002262789e5,ab631c6026e3f7cf5cfcff7c6a506eb84b6eeb62f1afa5703fc48ef0897e25fa,IMPUTED_CENSUS_SECTION_CONSTRUCTION_PERIOD,1194.3708,1194.3708,1194.3708,1194.3708,14,
31915,07d4096955ee3caa,IT.MidClim.AB.01.Gen.ReEx.001.001,AB,IT.01,FALLBACK_PENDING_LAYOUT_MISSING_DWELLING_COUNT,11639b7f3161ae1f444e28ed8c04f7b3422fe60597602cf72e94a307b669301e,ab631c6026e3f7cf5cfcff7c6a506eb84b6eeb62f1afa5703fc48ef0897e25fa,IMPUTED_CENSUS_SECTION_CONSTRUCTION_PERIOD,1671.7766,1671.7766,1671.7766,1671.7766,21,near_duplicate_vertex_tolerated_box
31916,af6aa0f1d2d9fa87,IT.MidClim.AB.01.Gen.ReEx.001.001,AB,IT.01,DWELLING_LAYOUT_EMITTED_INTERZONE_MISMATCH_REROUTED,6a922ddd929b1190088153fed49467c51aec2f85e62762d761676019255b0b0f,ab631c6026e3f7cf5cfcff7c6a506eb84b6eeb62f1afa5703fc48ef0897e25fa,IMPUTED_CENSUS_SECTION_CONSTRUCTION_PERIOD,1932.5807,1932.5807,1932.5807,1932.5807,6,
31921,9bcdf671117fe879,IT.MidClim.TH.01.Gen.ReEx.001.001,TH,IT.01,DWELLING_LAYOUT_EMITTED_INTERZONE_MISMATCH_REROUTED,9929c5f3abbd98488aadf10f1202a25e9356c62e012e9c7938d18a339ce23c9e,ab631c6026e3f7cf5cfcff7c6a506eb84b6eeb62f1afa5703fc48ef0897e25fa,IMPUTED_CENSUS_SECTION_CONSTRUCTION_PERIOD,58.5027,58.5027,58.5027,58.5027,7,
31923,c7842ecc8a4711f0,IT.MidClim.TH.01.Gen.ReEx.001.001,TH,IT.01,DWELLING_LAYOUT_EMITTED_IMPUTED_COUNT,3eca878560cef247da5d2593ef661d58760037a9e66362c01727224c2987356b,ab631c6026e3f7cf5cfcff7c6a506eb84b6eeb62f1afa5703fc48ef0897e25fa,IMPUTED_CENSUS_SECTION_CONSTRUCTION_PERIOD,68.6789,68.6789,68.6789,68.6789,17,
31926,d1200d9508b30261,IT.MidClim.AB.03.Gen.ReEx.001.001,AB,IT.03,FALLBACK_PENDING_LAYOUT_MISSING_DWELLING_COUNT,a2c92de794abb90fd17d9363dfcd3bc67099e572fe000a1738bc980adf79c86d,ab631c6026e3f7cf5cfcff7c6a506eb84b6eeb62f1afa5703fc48ef0897e25fa,IMPUTED_CENSUS_SECTION_CONSTRUCTION_PERIOD,2367.262,2367.262,2367.262,2367.262,4,
31929,524073ad3c85f685,IT.MidClim.MFH.01.Gen.ReEx.001.001,MFH,IT.01,DWELLING_LAYOUT_EMITTED_INTERZONE_MISMATCH_REROUTED,f51e8a51f77993fe2c33449938d2b8988067913c87d98fbdd6558770f6c31c0a,ab631c6026e3f7cf5cfcff7c6a506eb84b6eeb62f1afa5703fc48ef0897e25fa,IMPUTED_CENSUS_SECTION_CONSTRUCTION_PERIOD,655.7248,655.7248,655.7248,655.7248,23,
31932,7374ee69dd4545c8,IT.MidClim.AB.01.Gen.ReEx.001.001,AB,IT.01,FALLBACK_PENDING_LAYOUT_MISSING_DWELLING_COUNT,554a88d4490a38080eeb8dc153bd4bda3929dcfde4208fba3f53d3f19a0cfa28,ab631c6026e3f7cf5cfcff7c6a506eb84b6eeb62f1afa5703fc48ef0897e25fa,IMPUTED_CENSUS_SECTION_CONSTRUCTION_PERIOD,611.4421,611.4421,611.4421,611.4421,10,near_duplicate_vertex_tolerated_box
31934,53200659cfd70006,IT.MidClim.AB.01.Gen.ReEx.001.001,AB,IT.01,FALLBACK_PENDING_LAYOUT_MISSING_DWELLING_COUNT,82eba42e900634ffe9a22cc5c372fed299de8d8f481ca899b68020b33ff54fb6,ab631c6026e3f7cf5cfcff7c6a506eb84b6eeb62f1afa5703fc48ef0897e25fa,IMPUTED_CENSUS_SECTION_CONSTRUCTION_PERIOD,824.4459,824.4459,824.4459,824.4459,9,near_duplicate_vertex_tolerated_box
31939,05aaa2cea687692d,IT.MidClim.MFH.01.Gen.ReEx.001.001,MFH,IT.01,DWELLING_LAYOUT_EMITTED_INTERZONE_MISMATCH_REROUTED,ad51869b18a790bce30f130fbc2c72d8b001dee1266ada2c95fc756f2bbe07b7,ab631c6026e3f7cf5cfcff7c6a506eb84b6eeb62f1afa5703fc48ef0897e25fa,IMPUTED_CENSUS_SECTION_CONSTRUCTION_PERIOD,592.5367,592.5367,592.5367,592.5367,11,
31943,4f1f0128a7a2c76d,IT.MidClim.AB.01.Gen.ReEx.001.001,AB,IT.01,FALLBACK_PENDING_LAYOUT_MISSING_DWELLING_COUNT,016e834133ad3f4921690e415d9a230d18f37e22443a744893ecebffae46736f,ab631c6026e3f7cf5cfcff7c6a506eb84b6eeb62f1afa5703fc48ef0897e25fa,IMPUTED_CENSUS_SECTION_CONSTRUCTION_PERIOD,1090.2407,1090.2407,1090.2407,1090.2407,5,
31948,f598711dfe8a529e,IT.MidClim.MFH.01.Gen.ReEx.001.001,MFH,IT.01,DWELLING_LAYOUT_EMITTED_IMPUTED_COUNT,303bc2e19a9e4c90cb468f5e363516a6c3d25a01d07db7489e92fb8965cbf44b,ab631c6026e3f7cf5cfcff7c6a506eb84b6eeb62f1afa5703fc48ef0897e25fa,IMPUTED_CENSUS_SECTION_CONSTRUCTION_PERIOD,1424.2376,1424.2376,1392.1834,1392.1834,13,
31951,87226cf745b6d1fa,IT.MidClim.MFH.01.Gen.ReEx.001.001,MFH,IT.01,DWELLING_LAYOUT_EMITTED_INTERZONE_MISMATCH_REROUTED,deb547a4c2b5c0c4b8dcb3759dd882f463e5504727b638691747041bfe91c254,ab631c6026e3f7cf5cfcff7c6a506eb84b6eeb62f1afa5703fc48ef0897e25fa,IMPUTED_CENSUS_SECTION_CONSTRUCTION_PERIOD,1080.9841,1080.9841,1080.9841,1080.9841,16,
31952,aec2da9d3d9bdfc1,IT.MidClim.AB.03.Gen.ReEx.001.001,AB,IT.03,FALLBACK_PENDING_LAYOUT_MISSING_DWELLING_COUNT,a479427893b64e72319060dfd061d2faefff468e1124c4eefac8eb81eb07510a,ab631c6026e3f7cf5cfcff7c6a506eb84b6eeb62f1afa5703fc48ef0897e25fa,IMPUTED_CENSUS_SECTION_CONSTRUCTION_PERIOD,1625.4809,1625.4809,1625.4809,1625.4809,15,
31957,78196e68182b96ad,IT.MidClim.AB.01.Gen.ReEx.001.001,AB,IT.01,FALLBACK_PENDING_LAYOUT_MISSING_DWELLING_COUNT,4b87c142beb7c2c9af6bed857fa2757181cf4992c27577b75724f1f4740524aa,ab631c6026e3f7cf5cfcff7c6a506eb84b6eeb62f1afa5703fc48ef0897e25fa,IMPUTED_CENSUS_SECTION_CONSTRUCTION_PERIOD,664.2838,664.2838,664.2838,664.2838,13,near_duplicate_vertex_tolerated_box
31962,d72d7fe56a7e8ca2,IT.MidClim.AB.01.Gen.ReEx.001.001,AB,IT.01,FALLBACK_PENDING_LAYOUT_MISSING_DWELLING_COUNT,53e99d9c3f0b4499f7ecaee0165cae5ed993f3bf2b1d3ce775e21d67575ea54c,ab631c6026e3f7cf5cfcff7c6a506eb84b6eeb62f1afa5703fc48ef0897e25fa,IMPUTED_CENSUS_SECTION_CONSTRUCTION_PERIOD,1835.6047,1835.6047,1835.6047,1835.6047,13,
31965,0c69092d16c56b71,IT.MidClim.AB.01.Gen.ReEx.001.001,AB,IT.01,FALLBACK_PENDING_LAYOUT_MISSING_DWELLING_COUNT,982b18d51de79c3fe8b2a99f5f078c126df1bf2b66499d5c5d30fc3e630b4718,ab631c6026e3f7cf5cfcff7c6a506eb84b6eeb62f1afa5703fc48ef0897e25fa,IMPUTED_CENSUS_SECTION_CONSTRUCTION_PERIOD,680.6422,680.6422,680.6422,680.6422,13,near_duplicate_vertex_tolerated_box
31966,3474d88f8281cee8,IT.MidClim.AB.01.Gen.ReEx.001.001,AB,IT.01,DWELLING_LAYOUT_EMITTED_INTERZONE_MISMATCH_REROUTED,34dea53b655e26ddc8c66eb8da76c0538049904aade73c866584732d4f201c26,ab631c6026e3f7cf5cfcff7c6a506eb84b6eeb62f1afa5703fc48ef0897e25fa,IMPUTED_CENSUS_SECTION_CONSTRUCTION_PERIOD,749.6646,749.6646,749.6646,749.6646,7,
31967,f1f65daea3fd178d,IT.MidClim.SFH.01.Gen.ReEx.001.001,SFH,IT.01,DWELLING_LAYOUT_EMITTED_INTERZONE_MISMATCH_REROUTED,2d725d3f0d20c6e2c6568956f7004b5556d0daf62ea61e64418e764d664d82e0,ab631c6026e3f7cf5cfcff7c6a506eb84b6eeb62f1afa5703fc48ef0897e25fa,IMPUTED_CENSUS_SECTION_CONSTRUCTION_PERIOD,24.3225,24.3225,24.3225,24.3225,10,
31968,d52e11e7a7aea76a,IT.MidClim.AB.01.Gen.ReEx.001.001,AB,IT.01,FALLBACK_PENDING_LAYOUT_MISSING_DWELLING_COUNT,c40d224ea86e0bc21a6bf854fef4be1d5ac1ad2290e775adca858e6e0ab12e2f,ab631c6026e3f7cf5cfcff7c6a506eb84b6eeb62f1afa5703fc48ef0897e25fa,IMPUTED_CENSUS_SECTION_CONSTRUCTION_PERIOD,1693.809,1693.809,1693.809,1693.809,15,
31971,ea40290f720c9cb4,IT.MidClim.AB.01.Gen.ReEx.001.001,AB,IT.01,FALLBACK_PENDING_LAYOUT_MISSING_DWELLING_COUNT,d2f024093583b74e540da5ac93ee007d13b138fd2fd9c1ae7928c6e3e15348af,ab631c6026e3f7cf5cfcff7c6a506eb84b6eeb62f1afa5703fc48ef0897e25fa,IMPUTED_CENSUS_SECTION_CONSTRUCTION_PERIOD,1518.1713,1518.1713,1518.1713,1518.1713,12,near_duplicate_vertex_tolerated_box
31975,7fe5ed48d84df225,IT.MidClim.MFH.01.Gen.ReEx.001.001,MFH,IT.01,DWELLING_LAYOUT_EMITTED_IMPUTED_COUNT,f2521f1fd902ffa4dad1bbf88c83eb02c9e6732393b693b4e3e6d9d59959aaf5,ab631c6026e3f7cf5cfcff7c6a506eb84b6eeb62f1afa5703fc48ef0897e25fa,IMPUTED_CENSUS_SECTION_CONSTRUCTION_PERIOD,1492.9954,1492.9954,1459.3988,1459.3988,13,
31977,77c2655993e8fa5e,IT.MidClim.AB.01.Gen.ReEx.001.001,AB,IT.01,FALLBACK_PENDING_LAYOUT_MISSING_DWELLING_COUNT,008df05c9f498fbf33f39eeccd156d7ab0d418008413ec4f9f7c0a70bc3aa821,ab631c6026e3f7cf5cfcff7c6a506eb84b6eeb62f1afa5703fc48ef0897e25fa,IMPUTED_CENSUS_SECTION_CONSTRUCTION_PERIOD,731.2296,731.2296,731.2296,731.2296,14,near_duplicate_vertex_tolerated_box
31984,de33bf47c57176a6,IT.MidClim.MFH.01.Gen.ReEx.001.001,MFH,IT.01,DWELLING_LAYOUT_EMITTED_INTERZONE_MISMATCH_REROUTED,7426fc2126ffc462048c3ef1d667d0b2256a97c058337d2204aa74254448140c,ab631c6026e3f7cf5cfcff7c6a506eb84b6eeb62f1afa5703fc48ef0897e25fa,IMPUTED_CENSUS_SECTION_CONSTRUCTION_PERIOD,912.0036,912.0036,912.0036,912.0036,16,
31989,9347e63dcf14bd2f,IT.MidClim.MFH.01.Gen.ReEx.001.001,MFH,IT.01,DWELLING_LAYOUT_EMITTED_INTERZONE_MISMATCH_REROUTED,0ca60138276464c208665a3235482dd9e1585d98d66f196846461e2068e71dd8,ab631c6026e3f7cf5cfcff7c6a506eb84b6eeb62f1afa5703fc48ef0897e25fa,IMPUTED_CENSUS_SECTION_CONSTRUCTION_PERIOD,1493.9473,1493.9473,1493.9473,1493.9473,21,
31996,dee7aa162cf82140,IT.MidClim.AB.01.Gen.ReEx.001.001,AB,IT.01,FALLBACK_PENDING_LAYOUT_MISSING_DWELLING_COUNT,0e6a98c1d063ace658496e66bb8b14133661cc7d89786c089720413e78f4c0c8,ab631c6026e3f7cf5cfcff7c6a506eb84b6eeb62f1afa5703fc48ef0897e25fa,IMPUTED_CENSUS_SECTION_CONSTRUCTION_PERIOD,710.1678,710.1678,710.1678,710.1678,14,
31997,9b4f422142a7e805,IT.MidClim.AB.01.Gen.ReEx.001.001,AB,IT.01,FALLBACK_PENDING_LAYOUT_MISSING_DWELLING_COUNT,8b63c8ee0376bb220733470f64e0fa448a949b111006741a86bbe6627b2f85a8,ab631c6026e3f7cf5cfcff7c6a506eb84b6eeb62f1afa5703fc48ef0897e25fa,IMPUTED_CENSUS_SECTION_CONSTRUCTION_PERIOD,479.0698,479.0698,479.0698,479.0698,12,near_duplicate_vertex_tolerated_box
31999,1ca23ff0dc07517a,IT.MidClim.AB.01.Gen.ReEx.001.001,AB,IT.01,DWELLING_LAYOUT_EMITTED_IMPUTED_COUNT,1b38e617e243308eece312a9719b0de044a4ecb9a4505331ef5cd2410a973dfc,ab631c6026e3f7cf5cfcff7c6a506eb84b6eeb62f1afa5703fc48ef0897e25fa,IMPUTED_CENSUS_SECTION_CONSTRUCTION_PERIOD,10468.5804,10468.5804,9526.4082,9526.4082,14,
32000,492f431bae35265f,IT.MidClim.AB.03.Gen.ReEx.001.001,AB,IT.03,DWELLING_LAYOUT_EMITTED_INTERZONE_MISMATCH_REROUTED,d0ed1d51cf59c90f1b97d6db70696a0048da798549cb8508a79d7b9a8aa65469,ab631c6026e3f7cf5cfcff7c6a506eb84b6eeb62f1afa5703fc48ef0897e25fa,IMPUTED_CENSUS_SECTION_CONSTRUCTION_PERIOD,1830.8319,1830.8319,1830.8319,1830.8319,14,
32002,55d127211393271c,IT.MidClim.AB.01.Gen.ReEx.001.001,AB,IT.01,DWELLING_LAYOUT_EMITTED_IMPUTED_COUNT,2d342a9a502d2c3cb235367347b8f56ccd4109ba72ae0319d184608ccbddee5d,ab631c6026e3f7cf5cfcff7c6a506eb84b6eeb62f1afa5703fc48ef0897e25fa,IMPUTED_CENSUS_SECTION_CONSTRUCTION_PERIOD,1766.1105,1766.1105,1766.1105,1766.1105,4,
32004,2a6cefbcd0d863ba,IT.MidClim.MFH.01.Gen.ReEx.001.001,MFH,IT.01,DWELLING_LAYOUT_EMITTED_INTERZONE_MISMATCH_REROUTED,5ab273659a8c345e8c3f6faaf64f19410915e4fb9a49efa4521b18c2c44f74c5,ab631c6026e3f7cf5cfcff7c6a506eb84b6eeb62f1afa5703fc48ef0897e25fa,IMPUTED_CENSUS_SECTION_CONSTRUCTION_PERIOD,283.6298,283.6298,283.6298,283.6298,13,
32006,21fcd1dd6a906fec,IT.MidClim.MFH.01.Gen.ReEx.001.001,MFH,IT.01,DWELLING_LAYOUT_EMITTED_INTERZONE_MISMATCH_REROUTED,039a6684d2cfb855fa19a3fdf89972ef6feec88e67064c1b381a30c8d54be28f,ab631c6026e3f7cf5cfcff7c6a506eb84b6eeb62f1afa5703fc48ef0897e25fa,IMPUTED_CENSUS_SECTION_CONSTRUCTION_PERIOD,1108.8817,1108.8817,1108.8817,1108.8817,14,
32008,27884762737fbbd4,IT.MidClim.AB.01.Gen.ReEx.001.001,AB,IT.01,FALLBACK_PENDING_LAYOUT_MISSING_DWELLING_COUNT,eb29300b643c5fa605d98d6b1e536818159dd5f4d564766c2af4e268e89e4630,ab631c6026e3f7cf5cfcff7c6a506eb84b6eeb62f1afa5703fc48ef0897e25fa,IMPUTED_CENSUS_SECTION_CONSTRUCTION_PERIOD,439.9496,439.9496,439.9496,439.9496,13,
32010,fa5fd5abbdb38900,IT.MidClim.MFH.01.Gen.ReEx.001.001,MFH,IT.01,DWELLING_LAYOUT_EMITTED_IMPUTED_COUNT,886ed64986bbeeb129126e3f9ba4eaf38f292bb12d5f68942c8f518ca7c618c1,ab631c6026e3f7cf5cfcff7c6a506eb84b6eeb62f1afa5703fc48ef0897e25fa,IMPUTED_CENSUS_SECTION_CONSTRUCTION_PERIOD,603.8394,603.8394,590.253,590.253,15,
32013,71629cb6be18a3ca,IT.MidClim.MFH.01.Gen.ReEx.001.001,MFH,IT.01,DWELLING_LAYOUT_EMITTED_INTERZONE_MISMATCH_REROUTED,f51aa146e0eaa2107bd21773164571367846a4578c6583253f9167e07ab17d5b,ab631c6026e3f7cf5cfcff7c6a506eb84b6eeb62f1afa5703fc48ef0897e25fa,IMPUTED_CENSUS_SECTION_CONSTRUCTION_PERIOD,989.7417,989.7417,989.7417,989.7417,14,
32015,85508df4632bb8a4,IT.MidClim.MFH.01.Gen.ReEx.001.001,MFH,IT.01,DWELLING_LAYOUT_EMITTED_IMPUTED_COUNT,45a06f4b28e82d915dc5072befd3bb8ff4fc70a6a6f9009f2219508cfb30ef7e,ab631c6026e3f7cf5cfcff7c6a506eb84b6eeb62f1afa5703fc48ef0897e25fa,IMPUTED_CENSUS_SECTION_CONSTRUCTION_PERIOD,596.7534,596.7534,583.4299,583.4299,16,
32017,482ce77bc3d8b240,IT.MidClim.AB.01.Gen.ReEx.001.001,AB,IT.01,FALLBACK_PENDING_LAYOUT_MISSING_DWELLING_COUNT,0fc8d56cb73729930108296e8693188757c758caa6d0c256c0e57ddcdf437dcd,ab631c6026e3f7cf5cfcff7c6a506eb84b6eeb62f1afa5703fc48ef0897e25fa,IMPUTED_CENSUS_SECTION_CONSTRUCTION_PERIOD,327.048,327.048,327.048,327.048,15,
32020,47756445ae6881a4,IT.MidClim.AB.01.Gen.ReEx.001.001,AB,IT.01,DWELLING_LAYOUT_EMITTED_INTERZONE_MISMATCH_REROUTED,ed61eef0eee17b5173747990fa3486d0bd9d8ec563a9f80578de8cc383ac1e31,ab631c6026e3f7cf5cfcff7c6a506eb84b6eeb62f1afa5703fc48ef0897e25fa,IMPUTED_CENSUS_SECTION_CONSTRUCTION_PERIOD,1794.9883,1794.9883,1794.9883,1794.9883,7,
32022,3258ffa3c86b0677,IT.MidClim.MFH.01.Gen.ReEx.001.001,MFH,IT.01,DWELLING_LAYOUT_EMITTED_INTERZONE_MISMATCH_REROUTED,9325cebd931ddb1b7855d11000e95fcc3f4f28b5cae59913865f2f7a1ab7e2ca,ab631c6026e3f7cf5cfcff7c6a506eb84b6eeb62f1afa5703fc48ef0897e25fa,IMPUTED_CENSUS_SECTION_CONSTRUCTION_PERIOD,514.6732,514.6732,514.6732,514.6732,20,
32024,1879b34d87383490,IT.MidClim.AB.01.Gen.ReEx.001.001,AB,IT.01,FALLBACK_PENDING_LAYOUT_MISSING_DWELLING_COUNT,85600760a1b2e1f7d468b18d7253ab9281e15cad8efe831b4f78a7d4ea62215b,ab631c6026e3f7cf5cfcff7c6a506eb84b6eeb62f1afa5703fc48ef0897e25fa,IMPUTED_CENSUS_SECTION_CONSTRUCTION_PERIOD,1358.3824,1358.3824,1358.3824,1358.3824,17,
32030,71edb71d34a3f900,IT.MidClim.MFH.01.Gen.ReEx.001.001,MFH,IT.01,DWELLING_LAYOUT_EMITTED_INTERZONE_MISMATCH_REROUTED,3d811058a270fa4fc7c4e4cba556a4fd892d975532c2c125631f3eca658bf761,ab631c6026e3f7cf5cfcff7c6a506eb84b6eeb62f1afa5703fc48ef0897e25fa,IMPUTED_CENSUS_SECTION_CONSTRUCTION_PERIOD,582.2146,582.2146,582.2146,582.2146,15,
32031,9330334b108f1202,IT.MidClim.MFH.01.Gen.ReEx.001.001,MFH,IT.01,DWELLING_LAYOUT_EMITTED_IMPUTED_COUNT,ac90d6d790915c4e81d9a8a17892d4babae4a48893408c4ee97050a9c56b754f,ab631c6026e3f7cf5cfcff7c6a506eb84b6eeb62f1afa5703fc48ef0897e25fa,IMPUTED_CENSUS_SECTION_CONSTRUCTION_PERIOD,768.8793,768.8793,751.5556,751.5556,14,
32035,3e4b866b55d5dac5,IT.MidClim.AB.01.Gen.ReEx.001.001,AB,IT.01,FALLBACK_PENDING_LAYOUT_MISSING_DWELLING_COUNT,2afa6eda168e4caba7d4d31a6d121532c6929b4497e9583e44df8689b3d619fa,ab631c6026e3f7cf5cfcff7c6a506eb84b6eeb62f1afa5703fc48ef0897e25fa,IMPUTED_CENSUS_SECTION_CONSTRUCTION_PERIOD,2535.049,2535.049,2535.049,2535.049,17,near_duplicate_vertex_tolerated_box
32038,768256276ce2e488,IT.MidClim.AB.01.Gen.ReEx.001.001,AB,IT.01,FALLBACK_PENDING_LAYOUT_MISSING_DWELLING_COUNT,3c8749682ed7a067b9f4d6e285d97d13253600a640eaa32b942fd7660f58a2a2,ab631c6026e3f7cf5cfcff7c6a506eb84b6eeb62f1afa5703fc48ef0897e25fa,IMPUTED_CENSUS_SECTION_CONSTRUCTION_PERIOD,1500.2392,1500.2392,1500.2392,1500.2392,15,near_duplicate_vertex_tolerated_box
32041,e697b5554e6d1722,IT.MidClim.AB.01.Gen.ReEx.001.001,AB,IT.01,DWELLING_LAYOUT_EMITTED_INTERZONE_MISMATCH_REROUTED,6dfd9f66b3d683a10078a5fca98fde3834ccce78ddd19975578352638d7f5e52,ab631c6026e3f7cf5cfcff7c6a506eb84b6eeb62f1afa5703fc48ef0897e25fa,IMPUTED_CENSUS_SECTION_CONSTRUCTION_PERIOD,7692.9174,7692.9174,7692.9174,7692.9174,23,
32043,90efd85326319ef6,IT.MidClim.AB.03.Gen.ReEx.001.001,AB,IT.03,FALLBACK_PENDING_LAYOUT_MISSING_DWELLING_COUNT,6431b848b596ce22559fef1726987548aef2d01fd3f9a6ca94704a0b153f0920,ab631c6026e3f7cf5cfcff7c6a506eb84b6eeb62f1afa5703fc48ef0897e25fa,IMPUTED_CENSUS_SECTION_CONSTRUCTION_PERIOD,1335.6498,1335.6498,1335.6498,1335.6498,17,near_duplicate_vertex_tolerated_box
32045,aeabf0366072cb3e,IT.MidClim.AB.01.Gen.ReEx.001.001,AB,IT.01,DWELLING_LAYOUT_EMITTED_INTERZONE_MISMATCH_REROUTED,7a4feb4af844bd84c01c030e313b0a8f46ca8f5bc0091bb3689c6a5e659e225e,ab631c6026e3f7cf5cfcff7c6a506eb84b6eeb62f1afa5703fc48ef0897e25fa,IMPUTED_CENSUS_SECTION_CONSTRUCTION_PERIOD,558.7899,558.7899,558.7899,558.7899,9,
32046,7b443a61aeb97f12,IT.MidClim.MFH.01.Gen.ReEx.001.001,MFH,IT.01,DWELLING_LAYOUT_EMITTED_IMPUTED_COUNT,9321574d5ee5b7c86770d5d3d44bd95fb6933b22dc805c5a96fcee0047b0d13e,ab631c6026e3f7cf5cfcff7c6a506eb84b6eeb62f1afa5703fc48ef0897e25fa,IMPUTED_CENSUS_SECTION_CONSTRUCTION_PERIOD,401.1158,401.1158,392.0907,392.0907,15,
32050,4fd117421a607947,IT.MidClim.MFH.01.Gen.ReEx.001.001,MFH,IT.01,DWELLING_LAYOUT_EMITTED_INTERZONE_MISMATCH_REROUTED,2996015b65295a70b11393787aff22906472ed4a342a7b0841008d904e898c59,ab631c6026e3f7cf5cfcff7c6a506eb84b6eeb62f1afa5703fc48ef0897e25fa,IMPUTED_CENSUS_SECTION_CONSTRUCTION_PERIOD,1049.9712,1049.9712,1049.9712,1049.9712,3,
32052,ba1cdf4266a89b27,IT.MidClim.AB.01.Gen.ReEx.001.001,AB,IT.01,FALLBACK_PENDING_LAYOUT_MISSING_DWELLING_COUNT,81e78935c081072e9af7b0ae66603e999e4f4408c798b7c0a1c7ea13a77f7194,ab631c6026e3f7cf5cfcff7c6a506eb84b6eeb62f1afa5703fc48ef0897e25fa,IMPUTED_CENSUS_SECTION_CONSTRUCTION_PERIOD,900.7998,900.7998,900.7998,900.7998,14,near_duplicate_vertex_tolerated_box
32054,ee4e8e1f30ddac9a,IT.MidClim.AB.01.Gen.ReEx.001.001,AB,IT.01,FALLBACK_PENDING_LAYOUT_MISSING_DWELLING_COUNT,ba56842870bfa17d7701169f717a69e106b6504fe40a350fa2dc86d11e0b92c3,ab631c6026e3f7cf5cfcff7c6a506eb84b6eeb62f1afa5703fc48ef0897e25fa,IMPUTED_CENSUS_SECTION_CONSTRUCTION_PERIOD,1971.0429,1971.0429,1971.0429,1971.0429,10,
32055,33698bb4fb4e1381,IT.MidClim.AB.01.Gen.ReEx.001.001,AB,IT.01,DWELLING_LAYOUT_EMITTED_INTERZONE_MISMATCH_REROUTED,6c04fbc78315d856006eab82bd894ac7e9a1341c2960f2b3c74128db72a8b3bb,ab631c6026e3f7cf5cfcff7c6a506eb84b6eeb62f1afa5703fc48ef0897e25fa,IMPUTED_CENSUS_SECTION_CONSTRUCTION_PERIOD,389.1681,389.1681,389.1681,389.1681,12,
32056,02aa0c5d4000f961,IT.MidClim.AB.01.Gen.ReEx.001.001,AB,IT.01,FALLBACK_PENDING_LAYOUT_MISSING_DWELLING_COUNT,a4eb5f0a3979005ddf4ea72a942d0ad8b5e8a8480bcb69948a22ec17b32adb80,ab631c6026e3f7cf5cfcff7c6a506eb84b6eeb62f1afa5703fc48ef0897e25fa,IMPUTED_CENSUS_SECTION_CONSTRUCTION_PERIOD,1447.2168,1447.2168,1447.2168,1447.2168,11,near_duplicate_vertex_tolerated_box
32062,80d00aa9027c340a,IT.MidClim.AB.01.Gen.ReEx.001.001,AB,IT.01,FALLBACK_PENDING_LAYOUT_MISSING_DWELLING_COUNT,bbe5eb5eabf38b31fa2d79dac5f48686bdd7995c743776918a05053e49fa318b,ab631c6026e3f7cf5cfcff7c6a506eb84b6eeb62f1afa5703fc48ef0897e25fa,IMPUTED_CENSUS_SECTION_CONSTRUCTION_PERIOD,1942.755,1942.755,1942.755,1942.755,16,
32065,177f10cb7494a277,IT.MidClim.MFH.01.Gen.ReEx.001.001,MFH,IT.01,DWELLING_LAYOUT_EMITTED_IMPUTED_COUNT,33c11ddfc28a455dd4770afecc1a00b51f83020682d7d2f9a843d939ac6b7d1e,ab631c6026e3f7cf5cfcff7c6a506eb84b6eeb62f1afa5703fc48ef0897e25fa,IMPUTED_CENSUS_SECTION_CONSTRUCTION_PERIOD,485.9655,485.9655,475.1268,475.1268,11,
32073,a70381a72b047cad,IT.MidClim.AB.01.Gen.ReEx.001.001,AB,IT.01,FALLBACK_PENDING_LAYOUT_MISSING_DWELLING_COUNT,99ab820e72d848f602870cecfef2d1d5f61514b13d11e701fde3faa15fa4341a,ab631c6026e3f7cf5cfcff7c6a506eb84b6eeb62f1afa5703fc48ef0897e25fa,IMPUTED_CENSUS_SECTION_CONSTRUCTION_PERIOD,6794.8063,6794.8063,6794.8063,6794.8063,2,near_duplicate_vertex_tolerated_box
32078,2c1b4054bc87b316,IT.MidClim.MFH.01.Gen.ReEx.001.001,MFH,IT.01,DWELLING_LAYOUT_EMITTED_INTERZONE_MISMATCH_REROUTED,1786d3a6539847f5989df09506178364059b01f9492450744d698db3910d17db,ab631c6026e3f7cf5cfcff7c6a506eb84b6eeb62f1afa5703fc48ef0897e25fa,IMPUTED_CENSUS_SECTION_CONSTRUCTION_PERIOD,1215.9086,1215.9086,1215.9086,1215.9086,19,
32080,f66dc3f0cb045351,IT.MidClim.MFH.01.Gen.ReEx.001.001,MFH,IT.01,DWELLING_LAYOUT_EMITTED_INTERZONE_MISMATCH_REROUTED,7d6fe79bf35e921639b99bf18ff63d87efe27aa9b0333efc4b54c4f88cac86ab,ab631c6026e3f7cf5cfcff7c6a506eb84b6eeb62f1afa5703fc48ef0897e25fa,IMPUTED_CENSUS_SECTION_CONSTRUCTION_PERIOD,584.3007,584.3007,584.3007,584.3007,14,
32084,482b64df96d8e523,IT.MidClim.MFH.01.Gen.ReEx.001.001,MFH,IT.01,DWELLING_LAYOUT_EMITTED_IMPUTED_COUNT,0d08ddf4d354650243661f64c8b5ea977ef578b5ed3a16b8327765bcdff33de1,ab631c6026e3f7cf5cfcff7c6a506eb84b6eeb62f1afa5703fc48ef0897e25fa,IMPUTED_CENSUS_SECTION_CONSTRUCTION_PERIOD,1667.8635,1667.8635,1630.3677,1630.3677,19,
32091,42abb3d7eeff44dd,IT.MidClim.AB.01.Gen.ReEx.001.001,AB,IT.01,DWELLING_LAYOUT_EMITTED_IMPUTED_COUNT,437b3adc68694f4c49be475617509083184728a17a56e764383db63d004ad63a,ab631c6026e3f7cf5cfcff7c6a506eb84b6eeb62f1afa5703fc48ef0897e25fa,IMPUTED_CENSUS_SECTION_CONSTRUCTION_PERIOD,926.3319,926.3319,752.1279,752.1279,12,
32092,68dd8c5eb80c9e19,IT.MidClim.MFH.01.Gen.ReEx.001.001,MFH,IT.01,DWELLING_LAYOUT_EMITTED_IMPUTED_COUNT,210649ee83f442bb72ee02bf2d6694a85c54872a38d51ffd32555701665f0f37,ab631c6026e3f7cf5cfcff7c6a506eb84b6eeb62f1afa5703fc48ef0897e25fa,IMPUTED_CENSUS_SECTION_CONSTRUCTION_PERIOD,307.2108,307.2108,300.2985,300.2985,13,
32095,9e8f501dada8b6c6,IT.MidClim.AB.01.Gen.ReEx.001.001,AB,IT.01,FALLBACK_PENDING_LAYOUT_MISSING_DWELLING_COUNT,89c9fcf786d454269c2f2b3671032048c65fc24cc091c20f7ef0efbfc203d4eb,ab631c6026e3f7cf5cfcff7c6a506eb84b6eeb62f1afa5703fc48ef0897e25fa,IMPUTED_CENSUS_SECTION_CONSTRUCTION_PERIOD,650.0085,650.0085,650.0085,650.0085,16,near_duplicate_vertex_tolerated_box
32106,50108f886f1f5bfc,IT.MidClim.MFH.01.Gen.ReEx.001.001,MFH,IT.01,DWELLING_LAYOUT_EMITTED_INTERZONE_MISMATCH_REROUTED,bba5953541e6cd9867c81c5dc1cc1a70cc7a8da2b41ec424d1ea93fb78cff92e,ab631c6026e3f7cf5cfcff7c6a506eb84b6eeb62f1afa5703fc48ef0897e25fa,IMPUTED_CENSUS_SECTION_CONSTRUCTION_PERIOD,1026.4585,1026.4585,1026.4585,1026.4585,22,
32109,0cb6785d7c8a94f4,IT.MidClim.AB.01.Gen.ReEx.001.001,AB,IT.01,FALLBACK_PENDING_LAYOUT_MISSING_DWELLING_COUNT,530a3cf32d3f2a14f6340369fa7541b712c1f8f8340d9eac44b5e9a10d8eb374,ab631c6026e3f7cf5cfcff7c6a506eb84b6eeb62f1afa5703fc48ef0897e25fa,IMPUTED_CENSUS_SECTION_CONSTRUCTION_PERIOD,6750.0681,6750.0681,6750.0681,6750.0681,4,
32119,2d45d3d4206b78c2,IT.MidClim.MFH.01.Gen.ReEx.001.001,MFH,IT.01,DWELLING_LAYOUT_EMITTED_INTERZONE_MISMATCH_REROUTED,9e8f1781188517223031beaf56c267f0a34e360227d2c17644d8911ed066ca3a,ab631c6026e3f7cf5cfcff7c6a506eb84b6eeb62f1afa5703fc48ef0897e25fa,IMPUTED_CENSUS_SECTION_CONSTRUCTION_PERIOD,792.5298,792.5298,792.5298,792.5298,9,
32121,c093954aaeb85281,IT.MidClim.AB.01.Gen.ReEx.001.001,AB,IT.01,FALLBACK_PENDING_LAYOUT_MISSING_DWELLING_COUNT,d242b3e8d3a1157215109f978879d90cf03c7a5e72d705605d3ef7858a4dce1b,ab631c6026e3f7cf5cfcff7c6a506eb84b6eeb62f1afa5703fc48ef0897e25fa,IMPUTED_CENSUS_SECTION_CONSTRUCTION_PERIOD,1588.9155,1588.9155,1588.9155,1588.9155,10,
32123,4f2d1ef6213a727d,IT.MidClim.MFH.01.Gen.ReEx.001.001,MFH,IT.01,DWELLING_LAYOUT_EMITTED_IMPUTED_COUNT,ed1aec9ae4a30fabd83530a98dcbb8efc3fe5e20468991d440c2337dd4205b5d,ab631c6026e3f7cf5cfcff7c6a506eb84b6eeb62f1afa5703fc48ef0897e25fa,IMPUTED_CENSUS_SECTION_CONSTRUCTION_PERIOD,322.0977,322.0977,314.8505,314.8505,11,
32125,db7e542d80d62d2b,IT.MidClim.MFH.01.Gen.ReEx.001.001,MFH,IT.01,DWELLING_LAYOUT_EMITTED_INTERZONE_MISMATCH_REROUTED,80ee5b5e3cb7ac5f5e36754806a58a4fd362f9c4f1a55c30b99dc1ab1bdfc039,ab631c6026e3f7cf5cfcff7c6a506eb84b6eeb62f1afa5703fc48ef0897e25fa,IMPUTED_CENSUS_SECTION_CONSTRUCTION_PERIOD,457.8865,457.8865,457.8865,457.8865,15,
32130,697de9e1cbd8fe40,IT.MidClim.MFH.01.Gen.ReEx.001.001,MFH,IT.01,DWELLING_LAYOUT_EMITTED_IMPUTED_COUNT,9bba62bbc8a3457980dbdc491f8f608168fc8e2bee0f8d5e438207928ff4ef79,ab631c6026e3f7cf5cfcff7c6a506eb84b6eeb62f1afa5703fc48ef0897e25fa,IMPUTED_CENSUS_SECTION_CONSTRUCTION_PERIOD,664.074,664.074,649.1322,649.1322,15,
32131,8b2dc50b9e36de32,IT.MidClim.AB.01.Gen.ReEx.001.001,AB,IT.01,DWELLING_LAYOUT_EMITTED_INTERZONE_MISMATCH_REROUTED,37ff7489209929cac39aa76aca5218716595a85cd57a25387dca7af4fae305e7,ab631c6026e3f7cf5cfcff7c6a506eb84b6eeb62f1afa5703fc48ef0897e25fa,IMPUTED_CENSUS_SECTION_CONSTRUCTION_PERIOD,4158.0312,4158.0312,4158.0312,4158.0312,5,
32135,046c4d74f14f47c6,IT.MidClim.AB.01.Gen.ReEx.001.001,AB,IT.01,FALLBACK_PENDING_LAYOUT_MISSING_DWELLING_COUNT,a12346a0b03f9ed3a44392ab8532a4760ef4556927efe4388a30f2900958d425,ab631c6026e3f7cf5cfcff7c6a506eb84b6eeb62f1afa5703fc48ef0897e25fa,IMPUTED_CENSUS_SECTION_CONSTRUCTION_PERIOD,449.3047,449.3047,449.3047,449.3047,13,near_duplicate_vertex_tolerated_box
32138,cc1fb947314b465a,IT.MidClim.AB.01.Gen.ReEx.001.001,AB,IT.01,FALLBACK_PENDING_LAYOUT_MISSING_DWELLING_COUNT,72f2f53f819dfd672efdb1223a07614d7b4b1400d8866f4e7cf6a4e01c7a310b,ab631c6026e3f7cf5cfcff7c6a506eb84b6eeb62f1afa5703fc48ef0897e25fa,IMPUTED_CENSUS_SECTION_CONSTRUCTION_PERIOD,652.6358,652.6358,652.6358,652.6358,21,near_duplicate_vertex_tolerated_box
32142,6082d25fbaf0c106,IT.MidClim.AB.01.Gen.ReEx.001.001,AB,IT.01,FALLBACK_PENDING_LAYOUT_MISSING_DWELLING_COUNT,300a1ec9da3e5d79d8c90add31b4fe18ecb3e5d7635887cf1f3325a94fce2d69,ab631c6026e3f7cf5cfcff7c6a506eb84b6eeb62f1afa5703fc48ef0897e25fa,IMPUTED_CENSUS_SECTION_CONSTRUCTION_PERIOD,414.9026,414.9026,414.9026,414.9026,16,
32144,d677685a47d4e230,IT.MidClim.AB.01.Gen.ReEx.001.001,AB,IT.01,DWELLING_LAYOUT_EMITTED_INTERZONE_MISMATCH_REROUTED,45c783b4ece6fddcff1377bf1e721085e3dbf45973859ca9a32f0a4b12d06014,ab631c6026e3f7cf5cfcff7c6a506eb84b6eeb62f1afa5703fc48ef0897e25fa,IMPUTED_CENSUS_SECTION_CONSTRUCTION_PERIOD,1099.5129,1099.5129,1099.5129,1099.5129,11,
32146,2aaa5b3a07975abf,IT.MidClim.AB.03.Gen.ReEx.001.001,AB,IT.03,FALLBACK_PENDING_LAYOUT_MISSING_DWELLING_COUNT,c88c98754328953af7a8d8feb3bc5a4fbe870a48fa8c960fd0dc4353e923ec7f,ab631c6026e3f7cf5cfcff7c6a506eb84b6eeb62f1afa5703fc48ef0897e25fa,IMPUTED_CENSUS_SECTION_CONSTRUCTION_PERIOD,754.7723,754.7723,754.7723,754.7723,9,near_duplicate_vertex_tolerated_box
32149,07f8f32f6d2c6f4a,IT.MidClim.AB.01.Gen.ReEx.001.001,AB,IT.01,FALLBACK_PENDING_LAYOUT_MISSING_DWELLING_COUNT,c997e8b7a04b24600af4b25edd3a21b545dafc18cad82d48815ab0c9434e39b4,ab631c6026e3f7cf5cfcff7c6a506eb84b6eeb62f1afa5703fc48ef0897e25fa,IMPUTED_CENSUS_SECTION_CONSTRUCTION_PERIOD,625.4431,625.4431,625.4431,625.4431,14,near_duplicate_vertex_tolerated_box
32151,52d1d1be72b9869b,IT.MidClim.AB.01.Gen.ReEx.001.001,AB,IT.01,DWELLING_LAYOUT_EMITTED_INTERZONE_MISMATCH_REROUTED,51fcd00917aae8c6aed2ee8325b49b113c76897415b1e02407e32040520cc825,ab631c6026e3f7cf5cfcff7c6a506eb84b6eeb62f1afa5703fc48ef0897e25fa,IMPUTED_CENSUS_SECTION_CONSTRUCTION_PERIOD,865.5303,865.5303,865.5303,865.5303,24,
32156,5d346a06d292bbd8,IT.MidClim.TH.01.Gen.ReEx.001.001,TH,IT.01,DWELLING_LAYOUT_EMITTED_IMPUTED_COUNT,5f447a8995b34d356dad093a6ea82dcce2d22bc94cff159b0a3c2ae193aae90c,ab631c6026e3f7cf5cfcff7c6a506eb84b6eeb62f1afa5703fc48ef0897e25fa,IMPUTED_CENSUS_SECTION_CONSTRUCTION_PERIOD,20.5941,20.5941,20.5941,20.5941,4,
32160,0e925234556f76f0,IT.MidClim.AB.01.Gen.ReEx.001.001,AB,IT.01,DWELLING_LAYOUT_EMITTED_INTERZONE_MISMATCH_REROUTED,5e87a930e24202cd3fcfc197b4f8f43aa732acdf773d5ae184ea628ff0bd1cd7,ab631c6026e3f7cf5cfcff7c6a506eb84b6eeb62f1afa5703fc48ef0897e25fa,IMPUTED_CENSUS_SECTION_CONSTRUCTION_PERIOD,742.2464,742.2464,742.2464,742.2464,16,
32163,8ee8de43f018af5c,IT.MidClim.MFH.01.Gen.ReEx.001.001,MFH,IT.01,DWELLING_LAYOUT_EMITTED_INTERZONE_MISMATCH_REROUTED,547ed837d7e1036007ca606b2c170f78ed9761b82b129d8b86d5528e7e59d62f,ab631c6026e3f7cf5cfcff7c6a506eb84b6eeb62f1afa5703fc48ef0897e25fa,IMPUTED_CENSUS_SECTION_CONSTRUCTION_PERIOD,462.9395,462.9395,462.9395,462.9395,13,
32165,bd1debbff90063bd,IT.MidClim.AB.03.Gen.ReEx.001.001,AB,IT.03,DWELLING_LAYOUT_EMITTED_IMPUTED_COUNT,fe5e611367477f80a569127d49260dd3303433ab5e79f92646e44bafb593ba61,ab631c6026e3f7cf5cfcff7c6a506eb84b6eeb62f1afa5703fc48ef0897e25fa,IMPUTED_CENSUS_SECTION_CONSTRUCTION_PERIOD,3811.2771,3811.2771,3468.2622,3468.2622,17,
32166,6ad5a97e43bb944c,IT.MidClim.MFH.01.Gen.ReEx.001.001,MFH,IT.01,DWELLING_LAYOUT_EMITTED_INTERZONE_MISMATCH_REROUTED,58f66aa41ac46306a640f67d173cbabfad82f75944b62de29fa3ac9415645b03,ab631c6026e3f7cf5cfcff7c6a506eb84b6eeb62f1afa5703fc48ef0897e25fa,IMPUTED_CENSUS_SECTION_CONSTRUCTION_PERIOD,478.8374,478.8374,478.8374,478.8374,21,
32167,976fb69fe7a5173a,IT.MidClim.MFH.01.Gen.ReEx.001.001,MFH,IT.01,DWELLING_LAYOUT_EMITTED_INTERZONE_MISMATCH_REROUTED,b8606b7446f56af5fad52a1dc5c69ece1e3388f253dec54c0539c299f8593e48,ab631c6026e3f7cf5cfcff7c6a506eb84b6eeb62f1afa5703fc48ef0897e25fa,IMPUTED_CENSUS_SECTION_CONSTRUCTION_PERIOD,1267.02,1267.02,1267.02,1267.02,12,
32171,68d21603c32a2e2d,IT.MidClim.AB.01.Gen.ReEx.001.001,AB,IT.01,DWELLING_LAYOUT_EMITTED_INTERZONE_MISMATCH_REROUTED,b6a9cc2455db21506f32c0f7f1353e6ddacbf22d131bf60e704d04dfe6150583,ab631c6026e3f7cf5cfcff7c6a506eb84b6eeb62f1afa5703fc48ef0897e25fa,IMPUTED_CENSUS_SECTION_CONSTRUCTION_PERIOD,7776.54,7776.54,7776.54,7776.54,11,
32173,2cb5c1421f62490c,IT.MidClim.AB.01.Gen.ReEx.001.001,AB,IT.01,FALLBACK_PENDING_LAYOUT_MISSING_DWELLING_COUNT,11a5cadc234e8641c35aafa66aad53c7d328ce26c4c4d818a16c68d721fad11c,ab631c6026e3f7cf5cfcff7c6a506eb84b6eeb62f1afa5703fc48ef0897e25fa,IMPUTED_CENSUS_SECTION_CONSTRUCTION_PERIOD,875.9778,875.9778,875.9778,875.9778,11,near_duplicate_vertex_tolerated_box
32175,881d46ef5283fafc,IT.MidClim.AB.01.Gen.ReEx.001.001,AB,IT.01,FALLBACK_PENDING_LAYOUT_MISSING_DWELLING_COUNT,2bb12e3a378d829bbf85e907faca39fc77e1321e12ed5085981a74de831016fa,ab631c6026e3f7cf5cfcff7c6a506eb84b6eeb62f1afa5703fc48ef0897e25fa,IMPUTED_CENSUS_SECTION_CONSTRUCTION_PERIOD,1655.0411,1655.0411,1655.0411,1655.0411,15,near_duplicate_vertex_tolerated_box
32176,74bf56656bf461c0,IT.MidClim.AB.01.Gen.ReEx.001.001,AB,IT.01,FALLBACK_PENDING_LAYOUT_MISSING_DWELLING_COUNT,15aee5d782b8ebb8489c2d33b90541d8ef665945354ba3d499aeed45c0774c6d,ab631c6026e3f7cf5cfcff7c6a506eb84b6eeb62f1afa5703fc48ef0897e25fa,IMPUTED_CENSUS_SECTION_CONSTRUCTION_PERIOD,499.0315,499.0315,499.0315,499.0315,7,
32177,e3964a993bea1602,IT.MidClim.MFH.01.Gen.ReEx.001.001,MFH,IT.01,DWELLING_LAYOUT_EMITTED_INTERZONE_MISMATCH_REROUTED,4507e1f2a9c756a029f485462e3f2fc915f19fa32ede19cc7300f9406347abca,ab631c6026e3f7cf5cfcff7c6a506eb84b6eeb62f1afa5703fc48ef0897e25fa,IMPUTED_CENSUS_SECTION_CONSTRUCTION_PERIOD,793.9408,793.9408,793.9408,793.9408,25,
32183,c458c4d0a4b697ba,IT.MidClim.AB.01.Gen.ReEx.001.001,AB,IT.01,FALLBACK_PENDING_LAYOUT_MISSING_DWELLING_COUNT,8003e3d06722a4146ec42cb89573870807a592a004e0b35efc91c91c19e1a2ef,ab631c6026e3f7cf5cfcff7c6a506eb84b6eeb62f1afa5703fc48ef0897e25fa,IMPUTED_CENSUS_SECTION_CONSTRUCTION_PERIOD,2116.5444,2116.5444,2116.5444,2116.5444,19,near_duplicate_vertex_tolerated_box
32184,7d85db539764b2e5,IT.MidClim.MFH.01.Gen.ReEx.001.001,MFH,IT.01,DWELLING_LAYOUT_EMITTED_IMPUTED_COUNT,3c2f34321025f7bdf977833067625aadeb73063a30e4d97cbee7d90aac34fd81,ab631c6026e3f7cf5cfcff7c6a506eb84b6eeb62f1afa5703fc48ef0897e25fa,IMPUTED_CENSUS_SECTION_CONSTRUCTION_PERIOD,448.7276,448.7276,421.7799,421.7799,24,
32185,387f4fea4fc918d9,IT.MidClim.AB.03.Gen.ReEx.001.001,AB,IT.03,FALLBACK_PENDING_LAYOUT_MISSING_DWELLING_COUNT,82b0db696f3a829bbb1007153e364add2fd3e908ced8d3cd2692dc98a24146c0,ab631c6026e3f7cf5cfcff7c6a506eb84b6eeb62f1afa5703fc48ef0897e25fa,IMPUTED_CENSUS_SECTION_CONSTRUCTION_PERIOD,1881.0358,1881.0358,1881.0358,1881.0358,2,
32188,072e71e0fb0805d2,IT.MidClim.AB.01.Gen.ReEx.001.001,AB,IT.01,DWELLING_LAYOUT_EMITTED_INTERZONE_MISMATCH_REROUTED,0ba891d6f5bca6bb6c962fbbdcaf6f8268709ed896022451692af7b6156242aa,ab631c6026e3f7cf5cfcff7c6a506eb84b6eeb62f1afa5703fc48ef0897e25fa,IMPUTED_CENSUS_SECTION_CONSTRUCTION_PERIOD,1125.306,1125.306,1125.306,1125.306,17,
32191,c5085ebb1addfe6b,IT.MidClim.AB.01.Gen.ReEx.001.001,AB,IT.01,FALLBACK_PENDING_LAYOUT_MISSING_DWELLING_COUNT,8bde145f03aa938156c6be3ba9e078ab54c80a38505b4fa0833fdcc029fd9db0,ab631c6026e3f7cf5cfcff7c6a506eb84b6eeb62f1afa5703fc48ef0897e25fa,IMPUTED_CENSUS_SECTION_CONSTRUCTION_PERIOD,324.5084,324.5084,324.5084,324.5084,16,
32192,c803d3dda736d11f,IT.MidClim.MFH.01.Gen.ReEx.001.001,MFH,IT.01,DWELLING_LAYOUT_EMITTED_INTERZONE_MISMATCH_REROUTED,8814d1806e202f45de0ab1c0e34acdecab70e0c1ff35df9c0db6a8cf57971b89,ab631c6026e3f7cf5cfcff7c6a506eb84b6eeb62f1afa5703fc48ef0897e25fa,IMPUTED_CENSUS_SECTION_CONSTRUCTION_PERIOD,336.7674,336.7674,336.7674,336.7674,12,
32194,6f6e41bbea5345c7,IT.MidClim.AB.01.Gen.ReEx.001.001,AB,IT.01,DWELLING_LAYOUT_EMITTED_INTERZONE_MISMATCH_REROUTED,2ef0ca4de36781827f61ffe98a35c3386643bde1062886da5546b5c2f5a7c049,ab631c6026e3f7cf5cfcff7c6a506eb84b6eeb62f1afa5703fc48ef0897e25fa,IMPUTED_CENSUS_SECTION_CONSTRUCTION_PERIOD,3956.7002,3956.7002,3956.7002,3956.7002,16,
32197,a1f92ca090c262a9,IT.MidClim.MFH.01.Gen.ReEx.001.001,MFH,IT.01,DWELLING_LAYOUT_EMITTED_IMPUTED_COUNT,748804d8d3de054fedd36f1687565f41665bff3f8662060a39d84ef7bf14e0f2,ab631c6026e3f7cf5cfcff7c6a506eb84b6eeb62f1afa5703fc48ef0897e25fa,IMPUTED_CENSUS_SECTION_CONSTRUCTION_PERIOD,801.192,801.192,783.1641,783.1641,12,
32202,6c18b4f530956ba2,IT.MidClim.AB.01.Gen.ReEx.001.001,AB,IT.01,FALLBACK_PENDING_LAYOUT_MISSING_DWELLING_COUNT,2851315b36b20d4bd47abdf39f7728b4a4d0361c164fb93bc4d59a9c5c874f6a,ab631c6026e3f7cf5cfcff7c6a506eb84b6eeb62f1afa5703fc48ef0897e25fa,IMPUTED_CENSUS_SECTION_CONSTRUCTION_PERIOD,1810.4443,1810.4443,1810.4443,1810.4443,17,near_duplicate_vertex_tolerated_box
32207,26859de72f0de020,IT.MidClim.MFH.01.Gen.ReEx.001.001,MFH,IT.01,DWELLING_LAYOUT_EMITTED_INTERZONE_MISMATCH_REROUTED,24beccb7bc9f2f48ace9561405ac0c8f0df04d7d88699dce59a1e870a8b703fe,ab631c6026e3f7cf5cfcff7c6a506eb84b6eeb62f1afa5703fc48ef0897e25fa,IMPUTED_CENSUS_SECTION_CONSTRUCTION_PERIOD,261.53,261.53,261.53,261.53,13,
32208,f95d425659263b2d,IT.MidClim.AB.03.Gen.ReEx.001.001,AB,IT.03,FALLBACK_PENDING_LAYOUT_MISSING_DWELLING_COUNT,c258a0e7737ffcb8f590d90fdeea3817d30942f6955678576b8f29c0f98d9e53,ab631c6026e3f7cf5cfcff7c6a506eb84b6eeb62f1afa5703fc48ef0897e25fa,IMPUTED_CENSUS_SECTION_CONSTRUCTION_PERIOD,1926.5664,1926.5664,1926.5664,1926.5664,13,near_duplicate_vertex_tolerated_box
32209,a177e69612753bec,IT.MidClim.AB.03.Gen.ReEx.001.001,AB,IT.03,FALLBACK_PENDING_LAYOUT_MISSING_DWELLING_COUNT,237f5d79072de8d72a70c5ef74d7e9e3280d02cdccaf12ed9c52f5aa8cbe39af,ab631c6026e3f7cf5cfcff7c6a506eb84b6eeb62f1afa5703fc48ef0897e25fa,IMPUTED_CENSUS_SECTION_CONSTRUCTION_PERIOD,1891.5332,1891.5332,1891.5332,1891.5332,17,near_duplicate_vertex_tolerated_box
32210,c0e3d34f79620a48,IT.MidClim.AB.01.Gen.ReEx.001.001,AB,IT.01,FALLBACK_PENDING_LAYOUT_MISSING_DWELLING_COUNT,83780667eb2aa46837412507387c737131f90533f67de29ecf86c5733fc0e048,ab631c6026e3f7cf5cfcff7c6a506eb84b6eeb62f1afa5703fc48ef0897e25fa,IMPUTED_CENSUS_SECTION_CONSTRUCTION_PERIOD,2003.1495,2003.1495,2003.1495,2003.1495,9,
32211,34b7b354541d259f,IT.MidClim.AB.01.Gen.ReEx.001.001,AB,IT.01,FALLBACK_PENDING_LAYOUT_MISSING_DWELLING_COUNT,038b6cbff88eade74c052dbb7ad60c85d2cb30cecdd19705410a88a416aa8507,ab631c6026e3f7cf5cfcff7c6a506eb84b6eeb62f1afa5703fc48ef0897e25fa,IMPUTED_CENSUS_SECTION_CONSTRUCTION_PERIOD,4142.33,4142.33,4142.33,4142.33,7,
32218,d9e5a4da07d2b3f8,IT.MidClim.AB.01.Gen.ReEx.001.001,AB,IT.01,DWELLING_LAYOUT_EMITTED_INTERZONE_MISMATCH_REROUTED,24509881c02d690bc6fb35d2d2bb9fad369aa8b4a03abd6e986f907f018840e1,ab631c6026e3f7cf5cfcff7c6a506eb84b6eeb62f1afa5703fc48ef0897e25fa,IMPUTED_CENSUS_SECTION_CONSTRUCTION_PERIOD,2291.0977,2291.0977,2291.0977,2291.0977,13,
32220,373811cc11181648,IT.MidClim.MFH.01.Gen.ReEx.001.001,MFH,IT.01,DWELLING_LAYOUT_EMITTED_INTERZONE_MISMATCH_REROUTED,b0d413718a7b05ef5d008b416d5d8335b83627899f8c1795a424091c2d527978,ab631c6026e3f7cf5cfcff7c6a506eb84b6eeb62f1afa5703fc48ef0897e25fa,IMPUTED_CENSUS_SECTION_CONSTRUCTION_PERIOD,241.6232,241.6232,241.6232,241.6232,15,
32227,b6fd6bf1469509a3,IT.MidClim.TH.01.Gen.ReEx.001.001,TH,IT.01,DWELLING_LAYOUT_EMITTED_IMPUTED_COUNT,4e3a43f83ae8e039be9cba1433112c6639750e5a7002541b93f3a263197895e5,ab631c6026e3f7cf5cfcff7c6a506eb84b6eeb62f1afa5703fc48ef0897e25fa,IMPUTED_CENSUS_SECTION_CONSTRUCTION_PERIOD,31.3942,31.3942,31.3942,31.3942,8,
32230,a88d4870d1e04368,IT.MidClim.MFH.03.Gen.ReEx.001.001,MFH,IT.03,FALLBACK_PENDING_LAYOUT_MISSING_DWELLING_COUNT,35c9b6d392ef97b4b6b065507140e6f9684fe75a75b68787272538abe97de8f6,ab631c6026e3f7cf5cfcff7c6a506eb84b6eeb62f1afa5703fc48ef0897e25fa,IMPUTED_CENSUS_SECTION_CONSTRUCTION_PERIOD,154.687,154.687,154.687,154.687,9,
32233,535b941794585399,IT.MidClim.MFH.01.Gen.ReEx.001.001,MFH,IT.01,DWELLING_LAYOUT_EMITTED_INTERZONE_MISMATCH_REROUTED,87201f80a9fbddfd375e3b54f15c0c58d001a4ff559f5dbb4afed8de1dd37558,ab631c6026e3f7cf5cfcff7c6a506eb84b6eeb62f1afa5703fc48ef0897e25fa,IMPUTED_CENSUS_SECTION_CONSTRUCTION_PERIOD,1270.6791,1270.6791,1270.6791,1270.6791,10,
32243,2fd6330de2c082b8,IT.MidClim.MFH.01.Gen.ReEx.001.001,MFH,IT.01,DWELLING_LAYOUT_EMITTED_INTERZONE_MISMATCH_REROUTED,e01d1f285f4143a4744b9f4de0d5c0b901f4340d511bbe1b32d1c25ba076c2ad,ab631c6026e3f7cf5cfcff7c6a506eb84b6eeb62f1afa5703fc48ef0897e25fa,IMPUTED_CENSUS_SECTION_CONSTRUCTION_PERIOD,364.9587,364.9587,364.9587,364.9587,13,
32244,75cba517c71c46ba,IT.MidClim.AB.03.Gen.ReEx.001.001,AB,IT.03,FALLBACK_PENDING_LAYOUT_MISSING_DWELLING_COUNT,543232a19d413d747aac60a104ab40d6e07fd45c8009d0cd4e630aa6f9f97d53,ab631c6026e3f7cf5cfcff7c6a506eb84b6eeb62f1afa5703fc48ef0897e25fa,IMPUTED_CENSUS_SECTION_CONSTRUCTION_PERIOD,448.3488,448.3488,448.3488,448.3488,12,near_duplicate_vertex_tolerated_box
32245,4b99b33eab932ad0,IT.MidClim.AB.03.Gen.ReEx.001.001,AB,IT.03,DWELLING_LAYOUT_EMITTED_IMPUTED_COUNT,24321fb9e0d7c0542ae21c217d6fe4a16de37d658e4c72e24e02df59ca63603d,ab631c6026e3f7cf5cfcff7c6a506eb84b6eeb62f1afa5703fc48ef0897e25fa,IMPUTED_CENSUS_SECTION_CONSTRUCTION_PERIOD,1213.8844,1213.8844,1213.8844,1213.8844,16,
32247,a0b548a69133c048,IT.MidClim.AB.01.Gen.ReEx.001.001,AB,IT.01,FALLBACK_PENDING_LAYOUT_MISSING_DWELLING_COUNT,d3a08e0c371bd9bfac42482c9d97d1e560144f1aab838753e14674122bd3a3f4,ab631c6026e3f7cf5cfcff7c6a506eb84b6eeb62f1afa5703fc48ef0897e25fa,IMPUTED_CENSUS_SECTION_CONSTRUCTION_PERIOD,839.5544,839.5544,839.5544,839.5544,15,near_duplicate_vertex_tolerated_box
32248,de74439c978c76cc,IT.MidClim.MFH.01.Gen.ReEx.001.001,MFH,IT.01,DWELLING_LAYOUT_EMITTED_INTERZONE_MISMATCH_REROUTED,6726fc771fd9b759a343aae3a6a75a3189f8ea3b0b6548e70a805a5a34effa2a,ab631c6026e3f7cf5cfcff7c6a506eb84b6eeb62f1afa5703fc48ef0897e25fa,IMPUTED_CENSUS_SECTION_CONSTRUCTION_PERIOD,107.5024,107.5024,107.5024,107.5024,9,
32251,a710bf2254470971,IT.MidClim.AB.03.Gen.ReEx.001.001,AB,IT.03,FALLBACK_PENDING_LAYOUT_MISSING_DWELLING_COUNT,bbb2ab77451b30fe3537be799d2616fc38b1bc3322eac3b2e26c70ebd9ddd14d,ab631c6026e3f7cf5cfcff7c6a506eb84b6eeb62f1afa5703fc48ef0897e25fa,IMPUTED_CENSUS_SECTION_CONSTRUCTION_PERIOD,782.3827,782.3827,782.3827,782.3827,14,
32257,a564aef308ca796c,IT.MidClim.AB.01.Gen.ReEx.001.001,AB,IT.01,DWELLING_LAYOUT_EMITTED_INTERZONE_MISMATCH_REROUTED,4abfda4c4f37d8c438c857cf0585a5cbfa37cbd2a7de762096f7661c71314dcf,ab631c6026e3f7cf5cfcff7c6a506eb84b6eeb62f1afa5703fc48ef0897e25fa,IMPUTED_CENSUS_SECTION_CONSTRUCTION_PERIOD,1216.9885,1216.9885,1216.9885,1216.9885,11,
32258,4ed10485649256c0,IT.MidClim.TH.01.Gen.ReEx.001.001,TH,IT.01,DWELLING_LAYOUT_EMITTED_IMPUTED_COUNT,2413820b934fb1e04e3690a6a78f7dddc9ba752efb1b773c7b237d9c9fd3fae0,ab631c6026e3f7cf5cfcff7c6a506eb84b6eeb62f1afa5703fc48ef0897e25fa,IMPUTED_CENSUS_SECTION_CONSTRUCTION_PERIOD,49.676,49.676,49.676,49.676,10,
32259,21c0508cf0bec276,IT.MidClim.AB.03.Gen.ReEx.001.001,AB,IT.03,FALLBACK_PENDING_LAYOUT_MISSING_DWELLING_COUNT,42ce7fae27ad47e58ca1b069c02a6de610fd74dd0b604f4ed8a1a7c731676471,ab631c6026e3f7cf5cfcff7c6a506eb84b6eeb62f1afa5703fc48ef0897e25fa,IMPUTED_CENSUS_SECTION_CONSTRUCTION_PERIOD,1431.8007,1431.8007,1431.8007,1431.8007,13,near_duplicate_vertex_tolerated_box
32261,23f0c6a221e6c7b4,IT.MidClim.AB.01.Gen.ReEx.001.001,AB,IT.01,FALLBACK_PENDING_LAYOUT_MISSING_DWELLING_COUNT,e58591f3632f9afe26e36c91a552be80fbf01a3a50d4e4c5011253463ec8f2a5,ab631c6026e3f7cf5cfcff7c6a506eb84b6eeb62f1afa5703fc48ef0897e25fa,IMPUTED_CENSUS_SECTION_CONSTRUCTION_PERIOD,1358.7641,1358.7641,1358.7641,1358.7641,11,near_duplicate_vertex_tolerated_box
32263,c42ce0bff819a983,IT.MidClim.MFH.01.Gen.ReEx.001.001,MFH,IT.01,DWELLING_LAYOUT_EMITTED_INTERZONE_MISMATCH_REROUTED,fa6f7bd388380d6a9b956cd03070f26f7b94aa5ca1828a4ee416938eb3b171fc,ab631c6026e3f7cf5cfcff7c6a506eb84b6eeb62f1afa5703fc48ef0897e25fa,IMPUTED_CENSUS_SECTION_CONSTRUCTION_PERIOD,352.0468,352.0468,352.0468,352.0468,15,
32266,eb4d52960630f06b,IT.MidClim.AB.01.Gen.ReEx.001.001,AB,IT.01,FALLBACK_PENDING_LAYOUT_MISSING_DWELLING_COUNT,32706e3ce8d104e1cf886a08b85a56e9612caaf521e28d62af69d9a1dc16e767,ab631c6026e3f7cf5cfcff7c6a506eb84b6eeb62f1afa5703fc48ef0897e25fa,IMPUTED_CENSUS_SECTION_CONSTRUCTION_PERIOD,4769.6121,4769.6121,4769.6121,4769.6121,12,near_duplicate_vertex_tolerated_box
32272,06e92a9cc35d0484,IT.MidClim.MFH.01.Gen.ReEx.001.001,MFH,IT.01,DWELLING_LAYOUT_EMITTED_INTERZONE_MISMATCH_REROUTED,006829c41ca25c2f3d9b26ba5f82311516992575aef219e827bf7e023c86fc92,ab631c6026e3f7cf5cfcff7c6a506eb84b6eeb62f1afa5703fc48ef0897e25fa,IMPUTED_CENSUS_SECTION_CONSTRUCTION_PERIOD,219.9326,219.9326,219.9326,219.9326,3,
32277,d8efcd0f09d2d0e8,IT.MidClim.AB.01.Gen.ReEx.001.001,AB,IT.01,DWELLING_LAYOUT_EMITTED_INTERZONE_MISMATCH_REROUTED,fdc972ebc3be8c7d83f1739545ca1592a3515a344a0a7265f0eb6d3ae107ee95,ab631c6026e3f7cf5cfcff7c6a506eb84b6eeb62f1afa5703fc48ef0897e25fa,IMPUTED_CENSUS_SECTION_CONSTRUCTION_PERIOD,1391.8781,1391.8781,1391.8781,1391.8781,8,
32278,dc64cf82bf8c69cb,IT.MidClim.AB.01.Gen.ReEx.001.001,AB,IT.01,FALLBACK_PENDING_LAYOUT_MISSING_DWELLING_COUNT,4601a51b63c5f00f08e66b1540f0bdba798201471492a101c7a2d80002771078,ab631c6026e3f7cf5cfcff7c6a506eb84b6eeb62f1afa5703fc48ef0897e25fa,IMPUTED_CENSUS_SECTION_CONSTRUCTION_PERIOD,1087.5075,1087.5075,1087.5075,1087.5075,13,
32279,2b6d5f380e781f0e,IT.MidClim.MFH.03.Gen.ReEx.001.001,MFH,IT.03,FALLBACK_PENDING_LAYOUT_MISSING_DWELLING_COUNT,3b3ef8ea506e3f0c98d5a585dac8d8a0aa999d1c4d7ade092459f33d34e40763,ab631c6026e3f7cf5cfcff7c6a506eb84b6eeb62f1afa5703fc48ef0897e25fa,IMPUTED_CENSUS_SECTION_CONSTRUCTION_PERIOD,595.3972,595.3972,595.3972,595.3972,18,
32280,b5250af6e9e63c08,IT.MidClim.AB.01.Gen.ReEx.001.001,AB,IT.01,FALLBACK_PENDING_LAYOUT_MISSING_DWELLING_COUNT,80ae9cac7149eb77ae490c51dad983f2b19dfa5e03900cfd33ea49b9e3866e78,ab631c6026e3f7cf5cfcff7c6a506eb84b6eeb62f1afa5703fc48ef0897e25fa,IMPUTED_CENSUS_SECTION_CONSTRUCTION_PERIOD,958.425,958.425,958.425,958.425,3,
32282,70b0c33f03ca12b0,IT.MidClim.MFH.01.Gen.ReEx.001.001,MFH,IT.01,DWELLING_LAYOUT_EMITTED_INTERZONE_MISMATCH_REROUTED,c59cf300d219aa2201568017930565b399ca2477f45257bc001cb95ff68b3ac6,ab631c6026e3f7cf5cfcff7c6a506eb84b6eeb62f1afa5703fc48ef0897e25fa,IMPUTED_CENSUS_SECTION_CONSTRUCTION_PERIOD,169.0185,169.0185,169.0185,169.0185,17,
32283,35828b0d7b496f46,IT.MidClim.MFH.01.Gen.ReEx.001.001,MFH,IT.01,DWELLING_LAYOUT_EMITTED_INTERZONE_MISMATCH_REROUTED,90d405ade913125f75408cbf94e431605ee9d511bb20123600f53a4c15651aca,ab631c6026e3f7cf5cfcff7c6a506eb84b6eeb62f1afa5703fc48ef0897e25fa,IMPUTED_CENSUS_SECTION_CONSTRUCTION_PERIOD,126.312,126.312,126.312,126.312,11,
32284,7a6100d681a24a17,IT.MidClim.MFH.01.Gen.ReEx.001.001,MFH,IT.01,DWELLING_LAYOUT_EMITTED_INTERZONE_MISMATCH_REROUTED,64a78d6076f1c8487e9e698f1df3e895809c329536a2000e6594f629dd62d94e,ab631c6026e3f7cf5cfcff7c6a506eb84b6eeb62f1afa5703fc48ef0897e25fa,IMPUTED_CENSUS_SECTION_CONSTRUCTION_PERIOD,361.5654,361.5654,361.5654,361.5654,13,
32289,740d404b269d67ab,IT.MidClim.AB.03.Gen.ReEx.001.001,AB,IT.03,FALLBACK_PENDING_LAYOUT_MISSING_DWELLING_COUNT,4bcc8ac7aa7cea6879bc80e3c54eb7923d7e9b4d9332e1ffabaf9637a50ce127,ab631c6026e3f7cf5cfcff7c6a506eb84b6eeb62f1afa5703fc48ef0897e25fa,IMPUTED_CENSUS_SECTION_CONSTRUCTION_PERIOD,685.5226,685.5226,685.5226,685.5226,11,
32293,ce2b839dda02b4ca,IT.MidClim.MFH.03.Gen.ReEx.001.001,MFH,IT.03,FALLBACK_PENDING_LAYOUT_MISSING_DWELLING_COUNT,ea2b6f2311f447a0ce9133d304d0a600d5feb09bb58d7f94b68fb0bb1ad63275,ab631c6026e3f7cf5cfcff7c6a506eb84b6eeb62f1afa5703fc48ef0897e25fa,IMPUTED_CENSUS_SECTION_CONSTRUCTION_PERIOD,824.6896,824.6896,824.6896,824.6896,17,near_duplicate_vertex_tolerated_box
32300,5ed371d1a8739cec,IT.MidClim.MFH.01.Gen.ReEx.001.001,MFH,IT.01,DWELLING_LAYOUT_EMITTED_IMPUTED_COUNT,8c1d63f852976276d63d26bf5c2fa60b69b98495232d5d1570f7e7fba124f7c4,ab631c6026e3f7cf5cfcff7c6a506eb84b6eeb62f1afa5703fc48ef0897e25fa,IMPUTED_CENSUS_SECTION_CONSTRUCTION_PERIOD,262.9668,262.9668,257.0531,257.0531,15,
32305,95ffcdd86cfefa7c,IT.MidClim.AB.01.Gen.ReEx.001.001,AB,IT.01,DWELLING_LAYOUT_EMITTED_INTERZONE_MISMATCH_REROUTED,2f9ae67be2fa42ec4e5f20475a31324ecf27df3aa4ade82f56ecef506934eb87,ab631c6026e3f7cf5cfcff7c6a506eb84b6eeb62f1afa5703fc48ef0897e25fa,IMPUTED_CENSUS_SECTION_CONSTRUCTION_PERIOD,481.6185,481.6185,481.6185,481.6185,13,
32306,8dc38a0cca9518cd,IT.MidClim.MFH.03.Gen.ReEx.001.001,MFH,IT.03,DWELLING_LAYOUT_EMITTED_INTERZONE_MISMATCH_REROUTED,4d4eabc886b9926448c0fbe9ca303f4b3b793e8bdae53fcaf70a35b821994541,ab631c6026e3f7cf5cfcff7c6a506eb84b6eeb62f1afa5703fc48ef0897e25fa,IMPUTED_CENSUS_SECTION_CONSTRUCTION_PERIOD,88.0018,88.0018,88.0018,88.0018,9,
32309,5b61776cc16aa04b,IT.MidClim.MFH.01.Gen.ReEx.001.001,MFH,IT.01,DWELLING_LAYOUT_EMITTED_IMPUTED_COUNT,b3f79f742e6d96c604d16aa7d75747b91ccff20d8c32757ccf71691c2cddd6ca,ab631c6026e3f7cf5cfcff7c6a506eb84b6eeb62f1afa5703fc48ef0897e25fa,IMPUTED_CENSUS_SECTION_CONSTRUCTION_PERIOD,187.5908,187.5908,183.3705,183.3705,12,
32316,19142e40e1270686,IT.MidClim.AB.03.Gen.ReEx.001.001,AB,IT.03,FALLBACK_PENDING_LAYOUT_MISSING_DWELLING_COUNT,26e48d95e57d1ac3f67dab88e2e4a6d9addad493246a4f7783d3c0fdaea252d6,ab631c6026e3f7cf5cfcff7c6a506eb84b6eeb62f1afa5703fc48ef0897e25fa,IMPUTED_CENSUS_SECTION_CONSTRUCTION_PERIOD,967.0343,967.0343,967.0343,967.0343,14,near_duplicate_vertex_tolerated_box
32326,b21b275c3af7ac63,IT.MidClim.AB.03.Gen.ReEx.001.001,AB,IT.03,FALLBACK_PENDING_LAYOUT_MISSING_DWELLING_COUNT,f25345e9c18613576a43fbeadc0c1ab28179f3e1bd6e96a4a2bff261aa09f8bb,ab631c6026e3f7cf5cfcff7c6a506eb84b6eeb62f1afa5703fc48ef0897e25fa,IMPUTED_CENSUS_SECTION_CONSTRUCTION_PERIOD,2196.1523,2196.1523,2196.1523,2196.1523,3,
32328,8c48ab8bc169ab9a,IT.MidClim.MFH.03.Gen.ReEx.001.001,MFH,IT.03,FALLBACK_PENDING_LAYOUT_MISSING_DWELLING_COUNT,14242d2954329c7d785fdb3215e4ce120926be760fbe3b74f189a503d5070b4e,ab631c6026e3f7cf5cfcff7c6a506eb84b6eeb62f1afa5703fc48ef0897e25fa,IMPUTED_CENSUS_SECTION_CONSTRUCTION_PERIOD,810.3512,810.3512,810.3512,810.3512,20,near_duplicate_vertex_tolerated_box
32334,ceedfbc20a31c038,IT.MidClim.MFH.01.Gen.ReEx.001.001,MFH,IT.01,DWELLING_LAYOUT_EMITTED_IMPUTED_COUNT,ccf48b022d1f02046babb482d4b4a8f5dc203d47306279d084eb7269ef61c7d7,ab631c6026e3f7cf5cfcff7c6a506eb84b6eeb62f1afa5703fc48ef0897e25fa,IMPUTED_CENSUS_SECTION_CONSTRUCTION_PERIOD,354.1795,354.1795,346.2784,346.2784,13,
32336,22727e41215d2153,IT.MidClim.MFH.01.Gen.ReEx.001.001,MFH,IT.01,DWELLING_LAYOUT_EMITTED_INTERZONE_MISMATCH_REROUTED,54f0c97c8b6638c7ab78e0b9450101190df0ec03f886c7a9946bb7e7169ae6d6,ab631c6026e3f7cf5cfcff7c6a506eb84b6eeb62f1afa5703fc48ef0897e25fa,IMPUTED_CENSUS_SECTION_CONSTRUCTION_PERIOD,962.6258,962.6258,962.6258,962.6258,12,
32339,a0fd6b293d1039d8,IT.MidClim.AB.01.Gen.ReEx.001.001,AB,IT.01,FALLBACK_PENDING_LAYOUT_MISSING_DWELLING_COUNT,830a8e2aa89992985abfc7bf2c373f8937f80b50a68f06f449a23258291689fb,ab631c6026e3f7cf5cfcff7c6a506eb84b6eeb62f1afa5703fc48ef0897e25fa,IMPUTED_CENSUS_SECTION_CONSTRUCTION_PERIOD,7925.071,7925.071,7925.071,7925.071,13,
32341,1897ccddda13e71f,IT.MidClim.MFH.01.Gen.ReEx.001.001,MFH,IT.01,DWELLING_LAYOUT_EMITTED_INTERZONE_MISMATCH_REROUTED,d7e9153ca7c4cbecd73922dee9e02098f7bf0554d3a1095fdf874c037b3e31ab,ab631c6026e3f7cf5cfcff7c6a506eb84b6eeb62f1afa5703fc48ef0897e25fa,IMPUTED_CENSUS_SECTION_CONSTRUCTION_PERIOD,246.8456,246.8456,246.8456,246.8456,17,
32343,105523cecd2b4dc0,IT.MidClim.AB.03.Gen.ReEx.001.001,AB,IT.03,DWELLING_LAYOUT_EMITTED_INTERZONE_MISMATCH_REROUTED,2501c0f9a974f367144102444a6a38bf7206af1d33b51a150ffe7f5bdca0db76,ab631c6026e3f7cf5cfcff7c6a506eb84b6eeb62f1afa5703fc48ef0897e25fa,IMPUTED_CENSUS_SECTION_CONSTRUCTION_PERIOD,318.1743,318.1743,318.1743,318.1743,7,
32345,0d87fa0eba459246,IT.MidClim.AB.01.Gen.ReEx.001.001,AB,IT.01,DWELLING_LAYOUT_EMITTED_INTERZONE_MISMATCH_REROUTED,265cb247c0b578caa84ab4aa28a016c5fd597b0bc865a05f4cd885bcb8272a60,ab631c6026e3f7cf5cfcff7c6a506eb84b6eeb62f1afa5703fc48ef0897e25fa,IMPUTED_CENSUS_SECTION_CONSTRUCTION_PERIOD,325.1925,325.1925,325.1925,325.1925,16,
32347,b407436011d6e568,IT.MidClim.AB.01.Gen.ReEx.001.001,AB,IT.01,DWELLING_LAYOUT_EMITTED_INTERZONE_MISMATCH_REROUTED,34951981d0fefdf9d48f3ca8534617c7b119c2199764be2f232f118706972b25,ab631c6026e3f7cf5cfcff7c6a506eb84b6eeb62f1afa5703fc48ef0897e25fa,IMPUTED_CENSUS_SECTION_CONSTRUCTION_PERIOD,546.3073,546.3073,546.3073,546.3073,9,
32350,635fde298a3d1cde,IT.MidClim.MFH.01.Gen.ReEx.001.001,MFH,IT.01,DWELLING_LAYOUT_EMITTED_INTERZONE_MISMATCH_REROUTED,d32d5182dcbdd4c5039ac0d1616dc6d3a83b08fc7fad4453f7460168f0987203,ab631c6026e3f7cf5cfcff7c6a506eb84b6eeb62f1afa5703fc48ef0897e25fa,IMPUTED_CENSUS_SECTION_CONSTRUCTION_PERIOD,539.983,539.983,539.983,539.983,21,
32355,d953188b1fd1ef6f,IT.MidClim.AB.03.Gen.ReEx.001.001,AB,IT.03,FALLBACK_PENDING_LAYOUT_MISSING_DWELLING_COUNT,d4279d89f3f87b1563796f2f6508bf0c590caa850a5d673ce7ab8d875356dec1,ab631c6026e3f7cf5cfcff7c6a506eb84b6eeb62f1afa5703fc48ef0897e25fa,IMPUTED_CENSUS_SECTION_CONSTRUCTION_PERIOD,21788.3026,21788.3026,21788.3026,21788.3026,16,near_duplicate_vertex_tolerated_box
32356,0702560a0fb2fdab,IT.MidClim.AB.01.Gen.ReEx.001.001,AB,IT.01,DWELLING_LAYOUT_EMITTED_INTERZONE_MISMATCH_REROUTED,bbb9a98bf9ec49a00580d34c6055da82b03425db84f7a359845370c3ecbadc68,ab631c6026e3f7cf5cfcff7c6a506eb84b6eeb62f1afa5703fc48ef0897e25fa,IMPUTED_CENSUS_SECTION_CONSTRUCTION_PERIOD,1866.3378,1866.3378,1866.3378,1866.3378,6,
32360,d420b4c8b46475c4,IT.MidClim.MFH.01.Gen.ReEx.001.001,MFH,IT.01,DWELLING_LAYOUT_EMITTED_IMPUTED_COUNT,54ae787bb2005b7bd8d120fbb9785f9a6eba59b6828ac3005da295f4d13c643e,ab631c6026e3f7cf5cfcff7c6a506eb84b6eeb62f1afa5703fc48ef0897e25fa,IMPUTED_CENSUS_SECTION_CONSTRUCTION_PERIOD,1670.332,1670.332,1632.7538,1632.7538,19,
32362,aca8be01e8da999b,IT.MidClim.AB.03.Gen.ReEx.001.001,AB,IT.03,FALLBACK_PENDING_LAYOUT_MISSING_DWELLING_COUNT,431759a261d5749ecc913a3e44cb8f1a2de648a34083002a53a89e4596a968c4,ab631c6026e3f7cf5cfcff7c6a506eb84b6eeb62f1afa5703fc48ef0897e25fa,IMPUTED_CENSUS_SECTION_CONSTRUCTION_PERIOD,494.7895,494.7895,494.7895,494.7895,13,
32363,7a67c10b44a9729b,IT.MidClim.MFH.01.Gen.ReEx.001.001,MFH,IT.01,DWELLING_LAYOUT_EMITTED_IMPUTED_COUNT,fa1292317031612e90d5f76f8a7951342d3d32838426f3c9b97e68bf630bb8e2,ab631c6026e3f7cf5cfcff7c6a506eb84b6eeb62f1afa5703fc48ef0897e25fa,IMPUTED_CENSUS_SECTION_CONSTRUCTION_PERIOD,229.0906,229.0906,215.3473,215.3473,9,
32368,d046a1a36341bfc8,IT.MidClim.AB.03.Gen.ReEx.001.001,AB,IT.03,FALLBACK_PENDING_LAYOUT_MISSING_DWELLING_COUNT,bdc83404db523a740545956643290f76bed175d63cea23f0e8789ebdac485183,ab631c6026e3f7cf5cfcff7c6a506eb84b6eeb62f1afa5703fc48ef0897e25fa,IMPUTED_CENSUS_SECTION_CONSTRUCTION_PERIOD,1402.9048,1402.9048,1402.9048,1402.9048,14,
32372,33a0e8f379a38580,IT.MidClim.AB.03.Gen.ReEx.001.001,AB,IT.03,DWELLING_LAYOUT_EMITTED_IMPUTED_COUNT,d3199dd3efe37f9df3165c272ff3207ff22be3424d68ca0a8cdbe5369cf47e17,ab631c6026e3f7cf5cfcff7c6a506eb84b6eeb62f1afa5703fc48ef0897e25fa,IMPUTED_CENSUS_SECTION_CONSTRUCTION_PERIOD,1134.0511,1134.0511,1134.0511,1134.0511,22,
32374,88a1b0a61a5ade99,IT.MidClim.MFH.01.Gen.ReEx.001.001,MFH,IT.01,DWELLING_LAYOUT_EMITTED_INTERZONE_MISMATCH_REROUTED,d4063db8623add94827a9fca3c70eb45a3569b2a53d526f7294089608aba6d9c,ab631c6026e3f7cf5cfcff7c6a506eb84b6eeb62f1afa5703fc48ef0897e25fa,IMPUTED_CENSUS_SECTION_CONSTRUCTION_PERIOD,692.976,692.976,692.976,692.976,12,
32376,673d2067ffa72fbb,IT.MidClim.MFH.01.Gen.ReEx.001.001,MFH,IT.01,DWELLING_LAYOUT_EMITTED_INTERZONE_MISMATCH_REROUTED,703c32aa04d46b59460c8007b42a7f17b67bc6e93d7f4b97ca0f7963f0b4c58b,ab631c6026e3f7cf5cfcff7c6a506eb84b6eeb62f1afa5703fc48ef0897e25fa,IMPUTED_CENSUS_SECTION_CONSTRUCTION_PERIOD,141.2669,141.2669,141.2669,141.2669,17,
32377,d1eb95231e2b2d49,IT.MidClim.MFH.01.Gen.ReEx.001.001,MFH,IT.01,DWELLING_LAYOUT_EMITTED_INTERZONE_MISMATCH_REROUTED,10fa882888c3ba9bdaacfb6f7dd0c4de570982a36425f3d4a132854c8eeeedf3,ab631c6026e3f7cf5cfcff7c6a506eb84b6eeb62f1afa5703fc48ef0897e25fa,IMPUTED_CENSUS_SECTION_CONSTRUCTION_PERIOD,84.1699,84.1699,84.1699,84.1699,16,
32380,d1f65f57d6b29c6a,IT.MidClim.AB.01.Gen.ReEx.001.001,AB,IT.01,FALLBACK_PENDING_LAYOUT_MISSING_DWELLING_COUNT,a1bee9651efcb9c5d1654af60375ba77d8af2ce00a18af55ecfbb6c23cfaff9a,ab631c6026e3f7cf5cfcff7c6a506eb84b6eeb62f1afa5703fc48ef0897e25fa,IMPUTED_CENSUS_SECTION_CONSTRUCTION_PERIOD,419.5165,419.5165,419.5165,419.5165,13,near_duplicate_vertex_tolerated_box
32385,83e524cd0cf2550e,IT.MidClim.MFH.01.Gen.ReEx.001.001,MFH,IT.01,DWELLING_LAYOUT_EMITTED_IMPUTED_COUNT,2628161c6699a259cf3c4923118eaf1af265a27e5183f601bd7698671dc4438e,ab631c6026e3f7cf5cfcff7c6a506eb84b6eeb62f1afa5703fc48ef0897e25fa,IMPUTED_CENSUS_SECTION_CONSTRUCTION_PERIOD,401.6044,401.6044,392.5774,392.5774,5,
32387,05f51290f7dc071f,IT.MidClim.MFH.01.Gen.ReEx.001.001,MFH,IT.01,DWELLING_LAYOUT_EMITTED_IMPUTED_COUNT,86f76feec83dff4e784b98e42d3555c5c2340692e687a7ef04db1547c04fb9b7,ab631c6026e3f7cf5cfcff7c6a506eb84b6eeb62f1afa5703fc48ef0897e25fa,IMPUTED_CENSUS_SECTION_CONSTRUCTION_PERIOD,1356.2578,1356.2578,1325.7743,1325.7743,25,
32388,c077f24e0c8fd9b1,IT.MidClim.AB.01.Gen.ReEx.001.001,AB,IT.01,FALLBACK_PENDING_LAYOUT_MISSING_DWELLING_COUNT,a82f1b8c95b9bbf1ac43740788eedf146083d87b362d6574091181541326e878,ab631c6026e3f7cf5cfcff7c6a506eb84b6eeb62f1afa5703fc48ef0897e25fa,IMPUTED_CENSUS_SECTION_CONSTRUCTION_PERIOD,5876.346,5876.346,5876.346,5876.346,16,near_duplicate_vertex_tolerated_box
32390,7b21bf446a0ca575,IT.MidClim.AB.03.Gen.ReEx.001.001,AB,IT.03,FALLBACK_PENDING_LAYOUT_MISSING_DWELLING_COUNT,f8cd4bdf43a87f236e8c5f13369e4d7774fa830c1f1892ae9a66b01501ba0257,ab631c6026e3f7cf5cfcff7c6a506eb84b6eeb62f1afa5703fc48ef0897e25fa,IMPUTED_CENSUS_SECTION_CONSTRUCTION_PERIOD,347.396,347.396,347.396,347.396,17,near_duplicate_vertex_tolerated_box
32391,309b4109864aecfd,IT.MidClim.AB.01.Gen.ReEx.001.001,AB,IT.01,DWELLING_LAYOUT_EMITTED_INTERZONE_MISMATCH_REROUTED,0220844dad7f522fd8b14a98e035597c1772bce2962fd2a75a3529d7cd7a13f7,ab631c6026e3f7cf5cfcff7c6a506eb84b6eeb62f1afa5703fc48ef0897e25fa,IMPUTED_CENSUS_SECTION_CONSTRUCTION_PERIOD,657.7924,657.7924,657.7924,657.7924,13,
32392,a35d7e271c538129,IT.MidClim.AB.01.Gen.ReEx.001.001,AB,IT.01,DWELLING_LAYOUT_EMITTED_INTERZONE_MISMATCH_REROUTED,4f0904e80a1e034b7ec62f50e4f92b1d6225192dc01118a9cf4ef93b8aeebe0c,ab631c6026e3f7cf5cfcff7c6a506eb84b6eeb62f1afa5703fc48ef0897e25fa,IMPUTED_CENSUS_SECTION_CONSTRUCTION_PERIOD,1209.9699,1209.9699,1209.9699,1209.9699,11,
32399,638babb768502680,IT.MidClim.AB.01.Gen.ReEx.001.001,AB,IT.01,FALLBACK_PENDING_LAYOUT_MISSING_DWELLING_COUNT,2cb3e8a38277b6457ceaaa94a774622816a044a164af06ed8aa85700ccc8cc5f,ab631c6026e3f7cf5cfcff7c6a506eb84b6eeb62f1afa5703fc48ef0897e25fa,IMPUTED_CENSUS_SECTION_CONSTRUCTION_PERIOD,1033.3714,1033.3714,1033.3714,1033.3714,9,near_duplicate_vertex_tolerated_box
32400,0da09ba6267fb690,IT.MidClim.AB.03.Gen.ReEx.001.001,AB,IT.03,FALLBACK_PENDING_LAYOUT_MISSING_DWELLING_COUNT,d35752f4a12f728b539ca51202570dd2e93406d1ca5c87075792b7a90faed811,ab631c6026e3f7cf5cfcff7c6a506eb84b6eeb62f1afa5703fc48ef0897e25fa,IMPUTED_CENSUS_SECTION_CONSTRUCTION_PERIOD,1414.2657,1414.2657,1414.2657,1414.2657,18,
32401,27e65e86214762a6,IT.MidClim.TH.01.Gen.ReEx.001.001,TH,IT.01,DWELLING_LAYOUT_EMITTED_IMPUTED_COUNT,1d688297f35a0b3b94c110898d9d2412ef3e77eee405113232ef81d1bf61c080,ab631c6026e3f7cf5cfcff7c6a506eb84b6eeb62f1afa5703fc48ef0897e25fa,IMPUTED_CENSUS_SECTION_CONSTRUCTION_PERIOD,40.2749,40.2749,40.2749,40.2749,6,
32408,51293f83474435b1,IT.MidClim.AB.03.Gen.ReEx.001.001,AB,IT.03,FALLBACK_PENDING_LAYOUT_MISSING_DWELLING_COUNT,363819969bde924b4119e347b8513c02b8e55f783d2b93ed18b06b915f79baf4,ab631c6026e3f7cf5cfcff7c6a506eb84b6eeb62f1afa5703fc48ef0897e25fa,IMPUTED_CENSUS_SECTION_CONSTRUCTION_PERIOD,1304.7425,1304.7425,1304.7425,1304.7425,19,near_duplicate_vertex_tolerated_box
32409,2e40a064fddd0bf0,IT.MidClim.MFH.01.Gen.ReEx.001.001,MFH,IT.01,DWELLING_LAYOUT_EMITTED_IMPUTED_COUNT,34b0a7cb6d0f56ec490773673784571eb0cdf9cea9693d8186d25c29eedce607,ab631c6026e3f7cf5cfcff7c6a506eb84b6eeb62f1afa5703fc48ef0897e25fa,IMPUTED_CENSUS_SECTION_CONSTRUCTION_PERIOD,208.423,208.423,195.9176,195.9176,15,
32411,e9a1151f50f028a0,IT.MidClim.AB.03.Gen.ReEx.001.001,AB,IT.03,FALLBACK_PENDING_LAYOUT_MISSING_DWELLING_COUNT,40ca6b973b8a2bfdf55179c7c35470889d5d273e25b9242191ba89633af7b9b6,ab631c6026e3f7cf5cfcff7c6a506eb84b6eeb62f1afa5703fc48ef0897e25fa,IMPUTED_CENSUS_SECTION_CONSTRUCTION_PERIOD,293.9762,293.9762,293.9762,293.9762,11,near_duplicate_vertex_tolerated_box
32415,49f7fa27dff3cc6d,IT.MidClim.AB.01.Gen.ReEx.001.001,AB,IT.01,DWELLING_LAYOUT_EMITTED_INTERZONE_MISMATCH_REROUTED,695f9614196205950d208dbdbee71042e827985417cf58c6c5e85c9c174ec9fd,ab631c6026e3f7cf5cfcff7c6a506eb84b6eeb62f1afa5703fc48ef0897e25fa,IMPUTED_CENSUS_SECTION_CONSTRUCTION_PERIOD,1285.9506,1285.9506,1285.9506,1285.9506,12,
32416,fc7701652215a4a2,IT.MidClim.AB.01.Gen.ReEx.001.001,AB,IT.01,DWELLING_LAYOUT_EMITTED_INTERZONE_MISMATCH_REROUTED,619940658fd77540ba072b2fc5fd25dada613c8cc6f54fa3764cd90e4d05165c,ab631c6026e3f7cf5cfcff7c6a506eb84b6eeb62f1afa5703fc48ef0897e25fa,IMPUTED_CENSUS_SECTION_CONSTRUCTION_PERIOD,1147.4517,1147.4517,1147.4517,1147.4517,7,
32422,731dccf8c2d02b03,IT.MidClim.TH.03.Gen.ReEx.001.001,TH,IT.03,DWELLING_LAYOUT_EMITTED_IMPUTED_COUNT,185a21fdf8ab9927bf79d0727bd66068077338b214f0de23c959c97e99cd2d5b,ab631c6026e3f7cf5cfcff7c6a506eb84b6eeb62f1afa5703fc48ef0897e25fa,IMPUTED_CENSUS_SECTION_CONSTRUCTION_PERIOD,39.8744,39.8744,39.8744,39.8744,6,
32423,47ec0c4bbeda6108,IT.MidClim.MFH.01.Gen.ReEx.001.001,MFH,IT.01,DWELLING_LAYOUT_EMITTED_INTERZONE_MISMATCH_REROUTED,997231ce6aa97218831033ce447dfbfdc76502c5b51c2e0ab14ed6015798bf61,ab631c6026e3f7cf5cfcff7c6a506eb84b6eeb62f1afa5703fc48ef0897e25fa,IMPUTED_CENSUS_SECTION_CONSTRUCTION_PERIOD,359.315,359.315,359.315,359.315,20,
32424,aeea51342c418751,IT.MidClim.AB.01.Gen.ReEx.001.001,AB,IT.01,DWELLING_LAYOUT_EMITTED_INTERZONE_MISMATCH_REROUTED,0ae0d08269f12d4d0886bd781329a4615ee41c08a14b98170c5c714536d7d3b1,ab631c6026e3f7cf5cfcff7c6a506eb84b6eeb62f1afa5703fc48ef0897e25fa,IMPUTED_CENSUS_SECTION_CONSTRUCTION_PERIOD,2217.5024,2217.5024,2217.5024,2217.5024,7,
32425,90a4f32e4923ff56,IT.MidClim.AB.01.Gen.ReEx.001.001,AB,IT.01,DWELLING_LAYOUT_EMITTED_INTERZONE_MISMATCH_REROUTED,218eef7efc85781cdc33f1fa6deebf8b530d1f99cb62fedd813f62ea057d9a35,ab631c6026e3f7cf5cfcff7c6a506eb84b6eeb62f1afa5703fc48ef0897e25fa,IMPUTED_CENSUS_SECTION_CONSTRUCTION_PERIOD,127.2565,127.2565,127.2565,127.2565,9,
32435,d7d611416ad2ac7d,IT.MidClim.AB.01.Gen.ReEx.001.001,AB,IT.01,FALLBACK_PENDING_LAYOUT_MISSING_DWELLING_COUNT,c50acc2d69249fe6cbde0a6684a21dec1bb0bc25ccb8b7610d6fb80c3edc796f,ab631c6026e3f7cf5cfcff7c6a506eb84b6eeb62f1afa5703fc48ef0897e25fa,IMPUTED_CENSUS_SECTION_CONSTRUCTION_PERIOD,769.9269,769.9269,769.9269,769.9269,15,near_duplicate_vertex_tolerated_box
32436,68ca658d82787ea3,IT.MidClim.MFH.01.Gen.ReEx.001.001,MFH,IT.01,DWELLING_LAYOUT_EMITTED_IMPUTED_COUNT,daae2e3e5223f04fdd6ae8b0150d7087a37347bd4c7242d1060f66836d592988,ab631c6026e3f7cf5cfcff7c6a506eb84b6eeb62f1afa5703fc48ef0897e25fa,IMPUTED_CENSUS_SECTION_CONSTRUCTION_PERIOD,556.958,556.958,544.4291,544.4291,17,
32437,1f2ed8be9777da30,IT.MidClim.AB.01.Gen.ReEx.001.001,AB,IT.01,DWELLING_LAYOUT_EMITTED_INTERZONE_MISMATCH_REROUTED,1d484cb36d02d4292d940233dd550d8ed91a923105dd83fc80991e8664c9b1c6,ab631c6026e3f7cf5cfcff7c6a506eb84b6eeb62f1afa5703fc48ef0897e25fa,IMPUTED_CENSUS_SECTION_CONSTRUCTION_PERIOD,712.2801,712.2801,712.2801,712.2801,9,
32444,2666abece8c85b3d,IT.MidClim.MFH.01.Gen.ReEx.001.001,MFH,IT.01,DWELLING_LAYOUT_EMITTED_IMPUTED_COUNT,e8cb29e3418045fb822493568913e190c0ec62946c34462e79a4a359e7ca81c0,ab631c6026e3f7cf5cfcff7c6a506eb84b6eeb62f1afa5703fc48ef0897e25fa,IMPUTED_CENSUS_SECTION_CONSTRUCTION_PERIOD,1405.5032,1405.5032,1373.8794,1373.8794,12,
32446,55b3f63ca1a75a3e,IT.MidClim.MFH.01.Gen.ReEx.001.001,MFH,IT.01,DWELLING_LAYOUT_EMITTED_INTERZONE_MISMATCH_REROUTED,2c684417c278fbe120c4a6b07363b59bd56104a90cf0a015081ef86b196e271d,ab631c6026e3f7cf5cfcff7c6a506eb84b6eeb62f1afa5703fc48ef0897e25fa,IMPUTED_CENSUS_SECTION_CONSTRUCTION_PERIOD,964.1027,964.1027,964.1027,964.1027,17,
32447,b03c667dc84a337f,IT.MidClim.AB.03.Gen.ReEx.001.001,AB,IT.03,FALLBACK_PENDING_LAYOUT_MISSING_DWELLING_COUNT,344f4cbe55dd50d26e77da2cfb33317043e75be1fdf4d2731be22b0f2b7d9188,ab631c6026e3f7cf5cfcff7c6a506eb84b6eeb62f1afa5703fc48ef0897e25fa,IMPUTED_CENSUS_SECTION_CONSTRUCTION_PERIOD,1934.1102,1934.1102,1934.1102,1934.1102,19,near_duplicate_vertex_tolerated_box
32448,004d99f9fd435755,IT.MidClim.MFH.01.Gen.ReEx.001.001,MFH,IT.01,DWELLING_LAYOUT_EMITTED_IMPUTED_COUNT,b15b8dd7ff17f77bbfbdab3c40d936952b2e216c34dbac72ce81d102cd934ee1,ab631c6026e3f7cf5cfcff7c6a506eb84b6eeb62f1afa5703fc48ef0897e25fa,IMPUTED_CENSUS_SECTION_CONSTRUCTION_PERIOD,2436.6237,2436.6237,2381.7247,2381.7247,28,
32450,0d33156ff365c0f8,IT.MidClim.MFH.01.Gen.ReEx.001.001,MFH,IT.01,DWELLING_LAYOUT_EMITTED_INTERZONE_MISMATCH_REROUTED,ac373c9eddcfd1a0d7be9b1cac4134c8027596f5f35580d5bd0e94950f79be35,ab631c6026e3f7cf5cfcff7c6a506eb84b6eeb62f1afa5703fc48ef0897e25fa,IMPUTED_CENSUS_SECTION_CONSTRUCTION_PERIOD,390.601,390.601,390.601,390.601,18,
32453,151aeb5d3fe4f992,IT.MidClim.MFH.03.Gen.ReEx.001.001,MFH,IT.03,DWELLING_LAYOUT_EMITTED_IMPUTED_COUNT,415b55eeb3a8b366654e84c8ef71fbaa644c172189eb1e988a41a87da44949bf,ab631c6026e3f7cf5cfcff7c6a506eb84b6eeb62f1afa5703fc48ef0897e25fa,IMPUTED_CENSUS_SECTION_CONSTRUCTION_PERIOD,110.7467,110.7467,100.7795,100.7795,6,
32454,6aeecd4a293b00d4,IT.MidClim.AB.01.Gen.ReEx.001.001,AB,IT.01,FALLBACK_PENDING_LAYOUT_MISSING_DWELLING_COUNT,d6021a34409e95c3d36640bff2fb7f017a072ab9a6937341cf8c989556e3ec1e,ab631c6026e3f7cf5cfcff7c6a506eb84b6eeb62f1afa5703fc48ef0897e25fa,IMPUTED_CENSUS_SECTION_CONSTRUCTION_PERIOD,466.7633,466.7633,466.7633,466.7633,6,
32466,21fbe7e6bc5efba6,IT.MidClim.TH.01.Gen.ReEx.001.001,TH,IT.01,DWELLING_LAYOUT_EMITTED_IMPUTED_COUNT,dcfb9535fb6d31c509dcc8b7dce06997b5d8b889f6a39db536c0aea0caefe3ad,ab631c6026e3f7cf5cfcff7c6a506eb84b6eeb62f1afa5703fc48ef0897e25fa,IMPUTED_CENSUS_SECTION_CONSTRUCTION_PERIOD,24.8365,24.8365,24.8365,24.8365,10,
32467,7b1def762df50b6c,IT.MidClim.MFH.01.Gen.ReEx.001.001,MFH,IT.01,DWELLING_LAYOUT_EMITTED_INTERZONE_MISMATCH_REROUTED,240701d000d1519eb197ffaffa67641cc92c6f8a7e074f62bb10c2d5a7c7db27,ab631c6026e3f7cf5cfcff7c6a506eb84b6eeb62f1afa5703fc48ef0897e25fa,IMPUTED_CENSUS_SECTION_CONSTRUCTION_PERIOD,400.1719,400.1719,400.1719,400.1719,20,
32468,2a26c27c8f69796a,IT.MidClim.AB.03.Gen.ReEx.001.001,AB,IT.03,DWELLING_LAYOUT_EMITTED_INTERZONE_MISMATCH_REROUTED,badb84d360e74c6aa265c47f168b8e01723a9b30b4b49a55b93791a095c3b119,ab631c6026e3f7cf5cfcff7c6a506eb84b6eeb62f1afa5703fc48ef0897e25fa,IMPUTED_CENSUS_SECTION_CONSTRUCTION_PERIOD,1208.8444,1208.8444,1208.8444,1208.8444,14,
32469,444825db29fa1dc0,IT.MidClim.AB.01.Gen.ReEx.001.001,AB,IT.01,FALLBACK_PENDING_LAYOUT_MISSING_DWELLING_COUNT,ac08c92a9c39259824fe874b2b4a739c2a3629b19e25325a66b80ed54fcfe631,ab631c6026e3f7cf5cfcff7c6a506eb84b6eeb62f1afa5703fc48ef0897e25fa,IMPUTED_CENSUS_SECTION_CONSTRUCTION_PERIOD,1568.0537,1568.0537,1568.0537,1568.0537,13,
32471,d286f479f6764d7a,IT.MidClim.MFH.01.Gen.ReEx.001.001,MFH,IT.01,DWELLING_LAYOUT_EMITTED_IMPUTED_COUNT,93c59de68a5091c7c3af7815aaf3c3999749f95e3a1b8d685ef2755c7e72c0e7,ab631c6026e3f7cf5cfcff7c6a506eb84b6eeb62f1afa5703fc48ef0897e25fa,IMPUTED_CENSUS_SECTION_CONSTRUCTION_PERIOD,790.6572,790.6572,772.8349,772.8349,2,
32473,9d2c1527f1337658,IT.MidClim.AB.01.Gen.ReEx.001.001,AB,IT.01,FALLBACK_PENDING_LAYOUT_MISSING_DWELLING_COUNT,78f168b888d55634e9de5e3946e63cf85d691d032b3f1efd385c78166a0da542,ab631c6026e3f7cf5cfcff7c6a506eb84b6eeb62f1afa5703fc48ef0897e25fa,IMPUTED_CENSUS_SECTION_CONSTRUCTION_PERIOD,15127.4194,15127.4194,15127.4194,15127.4194,18,near_duplicate_vertex_tolerated_box
32475,72e94e742b903a81,IT.MidClim.MFH.01.Gen.ReEx.001.001,MFH,IT.01,DWELLING_LAYOUT_EMITTED_INTERZONE_MISMATCH_REROUTED,ecffe5700e55d5cdb52b353796e5959500499c5d3bfa3a2cb65db18d88f1896b,ab631c6026e3f7cf5cfcff7c6a506eb84b6eeb62f1afa5703fc48ef0897e25fa,IMPUTED_CENSUS_SECTION_CONSTRUCTION_PERIOD,68.2035,68.2035,68.2035,68.2035,15,
32479,a563955bde81e376,IT.MidClim.MFH.01.Gen.ReEx.001.001,MFH,IT.01,DWELLING_LAYOUT_EMITTED_IMPUTED_COUNT,b85deba16994581d01421a33fdbc44c2aaf3dcf246f2ba5bf253b0d50dc92fbd,ab631c6026e3f7cf5cfcff7c6a506eb84b6eeb62f1afa5703fc48ef0897e25fa,IMPUTED_CENSUS_SECTION_CONSTRUCTION_PERIOD,240.7266,240.7266,226.283,226.283,8,
32483,f135886e1754d889,IT.MidClim.MFH.01.Gen.ReEx.001.001,MFH,IT.01,DWELLING_LAYOUT_EMITTED_IMPUTED_COUNT,6f1b1d641efcf1ef9e42cb8bb9dbfed67f5fba8864c4cd58aaef1ae47dbc9da6,ab631c6026e3f7cf5cfcff7c6a506eb84b6eeb62f1afa5703fc48ef0897e25fa,IMPUTED_CENSUS_SECTION_CONSTRUCTION_PERIOD,60.7765,60.7765,57.13,57.13,8,
32486,198ad79e73cbc2f6,IT.MidClim.AB.01.Gen.ReEx.001.001,AB,IT.01,DWELLING_LAYOUT_EMITTED_IMPUTED_COUNT,d25e8e60aed0babedafb5b2b1bc7c047ed5c024624d9cc3f4fa5c1de2c934124,ab631c6026e3f7cf5cfcff7c6a506eb84b6eeb62f1afa5703fc48ef0897e25fa,IMPUTED_CENSUS_SECTION_CONSTRUCTION_PERIOD,523.9027,523.9027,476.7514,476.7514,15,
32487,fa0d7f3341bed70f,IT.MidClim.MFH.01.Gen.ReEx.001.001,MFH,IT.01,DWELLING_LAYOUT_EMITTED_INTERZONE_MISMATCH_REROUTED,d0791c2238b50776b9f03e718e8cba97378298637ea2efae440f2fa64f91be98,ab631c6026e3f7cf5cfcff7c6a506eb84b6eeb62f1afa5703fc48ef0897e25fa,IMPUTED_CENSUS_SECTION_CONSTRUCTION_PERIOD,241.4996,241.4996,241.4996,241.4996,10,
32489,c9642a1910a3f09d,IT.MidClim.AB.01.Gen.ReEx.001.001,AB,IT.01,FALLBACK_PENDING_LAYOUT_MISSING_DWELLING_COUNT,406dffb50988c3f3f388f21dfe8f28d13726aca499bf5b6f8f38ef1309c1d2c1,ab631c6026e3f7cf5cfcff7c6a506eb84b6eeb62f1afa5703fc48ef0897e25fa,IMPUTED_CENSUS_SECTION_CONSTRUCTION_PERIOD,965.108,965.108,965.108,965.108,15,near_duplicate_vertex_tolerated_box
32491,7395364116bc2be9,IT.MidClim.AB.01.Gen.ReEx.001.001,AB,IT.01,FALLBACK_PENDING_LAYOUT_MISSING_DWELLING_COUNT,998d78d0c07f5f531a10f4c1c738a3a46c7f155b41128c1ec7d294a32c3b778e,ab631c6026e3f7cf5cfcff7c6a506eb84b6eeb62f1afa5703fc48ef0897e25fa,IMPUTED_CENSUS_SECTION_CONSTRUCTION_PERIOD,4865.2819,4865.2819,4865.2819,4865.2819,10,near_duplicate_vertex_tolerated_box
32493,160d50edd30e35e9,IT.MidClim.AB.03.Gen.ReEx.001.001,AB,IT.03,DWELLING_LAYOUT_EMITTED_INTERZONE_MISMATCH_REROUTED,15cec8f635d0dfc87feb85ee94a5ff7db431dc171e17ef8a5812b7ee6be22bd3,ab631c6026e3f7cf5cfcff7c6a506eb84b6eeb62f1afa5703fc48ef0897e25fa,IMPUTED_CENSUS_SECTION_CONSTRUCTION_PERIOD,985.529,985.529,985.529,985.529,9,
32495,bcc131d5f17405a1,IT.MidClim.AB.03.Gen.ReEx.001.001,AB,IT.03,DWELLING_LAYOUT_EMITTED_INTERZONE_MISMATCH_REROUTED,6ada16c50d09489e2915fb5ea450df022e82caaf682c278ae9473c7ca2dab781,ab631c6026e3f7cf5cfcff7c6a506eb84b6eeb62f1afa5703fc48ef0897e25fa,IMPUTED_CENSUS_SECTION_CONSTRUCTION_PERIOD,537.0829,537.0829,537.0829,537.0829,17,
32496,79f039b3691c1733,IT.MidClim.MFH.01.Gen.ReEx.001.001,MFH,IT.01,DWELLING_LAYOUT_EMITTED_INTERZONE_MISMATCH_REROUTED,2cd42c5fb92692de03c8d8db5b6e21f063d0163f37ec87d826551bed1b287a22,ab631c6026e3f7cf5cfcff7c6a506eb84b6eeb62f1afa5703fc48ef0897e25fa,IMPUTED_CENSUS_SECTION_CONSTRUCTION_PERIOD,333.494,333.494,333.494,333.494,10,
32497,c37cd3d85e00edbc,IT.MidClim.MFH.01.Gen.ReEx.001.001,MFH,IT.01,DWELLING_LAYOUT_EMITTED_INTERZONE_MISMATCH_REROUTED,a6de3be2b128eb5e1af65a57a2a1b045e9f73da29a35c6a75716f6d44d433178,ab631c6026e3f7cf5cfcff7c6a506eb84b6eeb62f1afa5703fc48ef0897e25fa,IMPUTED_CENSUS_SECTION_CONSTRUCTION_PERIOD,343.915,343.915,343.915,343.915,16,
32499,4c93982c621c600b,IT.MidClim.AB.01.Gen.ReEx.001.001,AB,IT.01,FALLBACK_PENDING_LAYOUT_MISSING_DWELLING_COUNT,6ac3e7993848118ba2b3a4a5e11b4f154d1e94d2b5940fa1fb4c674755450b38,ab631c6026e3f7cf5cfcff7c6a506eb84b6eeb62f1afa5703fc48ef0897e25fa,IMPUTED_CENSUS_SECTION_CONSTRUCTION_PERIOD,2161.7935,2161.7935,2161.7935,2161.7935,5,
32501,ce14db59aaae317e,IT.MidClim.AB.01.Gen.ReEx.001.001,AB,IT.01,DWELLING_LAYOUT_EMITTED_INTERZONE_MISMATCH_REROUTED,13fd6287f81cb30154972701201fce86083c5a6a3e88fb7a27aadc9ab59c1bbb,ab631c6026e3f7cf5cfcff7c6a506eb84b6eeb62f1afa5703fc48ef0897e25fa,IMPUTED_CENSUS_SECTION_CONSTRUCTION_PERIOD,4641.8676,4641.8676,4641.8676,4641.8676,11,
32502,063ee55f1b170190,IT.MidClim.AB.03.Gen.ReEx.001.001,AB,IT.03,FALLBACK_PENDING_LAYOUT_MISSING_DWELLING_COUNT,f558b47d25a5a2007a6908d6fe5accd05c4a27d62b1e72608faa331aa0b5bc7b,ab631c6026e3f7cf5cfcff7c6a506eb84b6eeb62f1afa5703fc48ef0897e25fa,IMPUTED_CENSUS_SECTION_CONSTRUCTION_PERIOD,4039.4919,4039.4919,4039.4919,4039.4919,4,
32505,025305a5cb4f82aa,IT.MidClim.MFH.01.Gen.ReEx.001.001,MFH,IT.01,DWELLING_LAYOUT_EMITTED_INTERZONE_MISMATCH_REROUTED,e4a907a87386044fe6af4cb81e2a7b0a252d959b88a80a2852c30205ea04103b,ab631c6026e3f7cf5cfcff7c6a506eb84b6eeb62f1afa5703fc48ef0897e25fa,IMPUTED_CENSUS_SECTION_CONSTRUCTION_PERIOD,299.9346,299.9346,299.9346,299.9346,9,
32506,4fb0f14581cf83ee,IT.MidClim.AB.01.Gen.ReEx.001.001,AB,IT.01,DWELLING_LAYOUT_EMITTED_INTERZONE_MISMATCH_REROUTED,4393a7332ded2e622a509565aaa0547589fa44a181fe6d9d6a87007c83906350,ab631c6026e3f7cf5cfcff7c6a506eb84b6eeb62f1afa5703fc48ef0897e25fa,IMPUTED_CENSUS_SECTION_CONSTRUCTION_PERIOD,1093.5777,1093.5777,1093.5777,1093.5777,11,
32521,ec646578e48276c3,IT.MidClim.SFH.01.Gen.ReEx.001.001,SFH,IT.01,DWELLING_LAYOUT_EMITTED_IMPUTED_COUNT,dc15268a93ccab24e155ad57ae1dbf651f1fb3a874066be15fb18882a6743e62,ab631c6026e3f7cf5cfcff7c6a506eb84b6eeb62f1afa5703fc48ef0897e25fa,IMPUTED_CENSUS_SECTION_CONSTRUCTION_PERIOD,121.8584,121.8584,121.8584,121.8584,11,
32523,a831d81be3497574,IT.MidClim.AB.01.Gen.ReEx.001.001,AB,IT.01,FALLBACK_PENDING_LAYOUT_MISSING_DWELLING_COUNT,8336db441555894479d572999f8334fe1370e2faf47dbdec4a13f52884d3fa63,ab631c6026e3f7cf5cfcff7c6a506eb84b6eeb62f1afa5703fc48ef0897e25fa,IMPUTED_CENSUS_SECTION_CONSTRUCTION_PERIOD,2744.9583,2744.9583,2744.9583,2744.9583,11,
32524,aea27bedeeea441d,IT.MidClim.AB.01.Gen.ReEx.001.001,AB,IT.01,FALLBACK_PENDING_LAYOUT_MISSING_DWELLING_COUNT,0584f6d9bfa3e0c6608864b1470a724c13ae17ea01089b9c8bd6d0a5a99aa3c1,ab631c6026e3f7cf5cfcff7c6a506eb84b6eeb62f1afa5703fc48ef0897e25fa,IMPUTED_CENSUS_SECTION_CONSTRUCTION_PERIOD,1287.6497,1287.6497,1287.6497,1287.6497,19,near_duplicate_vertex_tolerated_box
32526,d2cf2581b6133a8c,IT.MidClim.AB.01.Gen.ReEx.001.001,AB,IT.01,DWELLING_LAYOUT_EMITTED_INTERZONE_MISMATCH_REROUTED,fdfee31afa0887ee67fb2a0032f5ec06c7a1a1f8b2624e6477a7ffb933da1055,ab631c6026e3f7cf5cfcff7c6a506eb84b6eeb62f1afa5703fc48ef0897e25fa,IMPUTED_CENSUS_SECTION_CONSTRUCTION_PERIOD,1290.2615,1290.2615,1290.2615,1290.2615,4,
32527,279e8662a87ba6c2,IT.MidClim.AB.01.Gen.ReEx.001.001,AB,IT.01,FALLBACK_PENDING_LAYOUT_MISSING_DWELLING_COUNT,5c769d55db03e4044e5da385f9e03734149138e923f7442a8945b36d5540b5e7,ab631c6026e3f7cf5cfcff7c6a506eb84b6eeb62f1afa5703fc48ef0897e25fa,IMPUTED_CENSUS_SECTION_CONSTRUCTION_PERIOD,820.5949,820.5949,820.5949,820.5949,9,
32531,eb3096b76a577bc8,IT.MidClim.AB.01.Gen.ReEx.001.001,AB,IT.01,FALLBACK_PENDING_LAYOUT_MISSING_DWELLING_COUNT,8a05988fdd38f39ee553b6e746095d707ea0e8396e37107953f7cea2a8c809a0,ab631c6026e3f7cf5cfcff7c6a506eb84b6eeb62f1afa5703fc48ef0897e25fa,IMPUTED_CENSUS_SECTION_CONSTRUCTION_PERIOD,1017.1993,1017.1993,1017.1993,1017.1993,13,near_duplicate_vertex_tolerated_box
32538,053b71143288e7e0,IT.MidClim.AB.01.Gen.ReEx.001.001,AB,IT.01,FALLBACK_PENDING_LAYOUT_MISSING_DWELLING_COUNT,872e5b7f20b29b1c5473ef8bf576dfbebba49696920d8623a5dff28693183d39,ab631c6026e3f7cf5cfcff7c6a506eb84b6eeb62f1afa5703fc48ef0897e25fa,IMPUTED_CENSUS_SECTION_CONSTRUCTION_PERIOD,975.3515,975.3515,975.3515,975.3515,13,
32539,612f49eba12f2b44,IT.MidClim.AB.01.Gen.ReEx.001.001,AB,IT.01,FALLBACK_PENDING_LAYOUT_MISSING_DWELLING_COUNT,399d0ce6d0864e5c637f8ac9a5fe2075cee4d2070c80295f39121283fa58c0bf,ab631c6026e3f7cf5cfcff7c6a506eb84b6eeb62f1afa5703fc48ef0897e25fa,IMPUTED_CENSUS_SECTION_CONSTRUCTION_PERIOD,1046.0415,1046.0415,1046.0415,1046.0415,10,
32540,37e12e965191c655,IT.MidClim.MFH.03.Gen.ReEx.001.001,MFH,IT.03,FALLBACK_PENDING_LAYOUT_MISSING_DWELLING_COUNT,ce7d47cfa2da38d0c39b9824a9ed8d5e0f13e37cb1f325a731d6057d30f1d79f,ab631c6026e3f7cf5cfcff7c6a506eb84b6eeb62f1afa5703fc48ef0897e25fa,IMPUTED_CENSUS_SECTION_CONSTRUCTION_PERIOD,250.9479,250.9479,250.9479,250.9479,13,
32541,6d5ffa6c2aa09855,IT.MidClim.MFH.03.Gen.ReEx.001.001,MFH,IT.03,DWELLING_LAYOUT_EMITTED_INTERZONE_MISMATCH_REROUTED,bb945b562597a5d001e305ef3f5cb5b1ef3242ab206e6628ccc77851fcd799fd,ab631c6026e3f7cf5cfcff7c6a506eb84b6eeb62f1afa5703fc48ef0897e25fa,IMPUTED_CENSUS_SECTION_CONSTRUCTION_PERIOD,131.1581,131.1581,131.1581,131.1581,13,
32544,315d4270487ac648,IT.MidClim.AB.03.Gen.ReEx.001.001,AB,IT.03,FALLBACK_PENDING_LAYOUT_MISSING_DWELLING_COUNT,7f5661d28214408385d4b7b7d6b8bf5e88c0191c01bd3320d171541d4dd444a7,ab631c6026e3f7cf5cfcff7c6a506eb84b6eeb62f1afa5703fc48ef0897e25fa,IMPUTED_CENSUS_SECTION_CONSTRUCTION_PERIOD,397.2492,397.2492,397.2492,397.2492,16,
32546,c3965b663e14c817,IT.MidClim.AB.01.Gen.ReEx.001.001,AB,IT.01,FALLBACK_PENDING_LAYOUT_MISSING_DWELLING_COUNT,4d68b556f9396e14579730ea1f53ba0a4061cd522324eda9ed9f11fe2e81fbf6,ab631c6026e3f7cf5cfcff7c6a506eb84b6eeb62f1afa5703fc48ef0897e25fa,IMPUTED_CENSUS_SECTION_CONSTRUCTION_PERIOD,2554.8737,2554.8737,2554.8737,2554.8737,10,
32552,a8324609feff482f,IT.MidClim.AB.03.Gen.ReEx.001.001,AB,IT.03,FALLBACK_PENDING_LAYOUT_MISSING_DWELLING_COUNT,d02a2a3bc1fc6ac8a494908e009b27d22770bfb96903b8ae0bb56ffa3855be3b,ab631c6026e3f7cf5cfcff7c6a506eb84b6eeb62f1afa5703fc48ef0897e25fa,IMPUTED_CENSUS_SECTION_CONSTRUCTION_PERIOD,505.1916,505.1916,505.1916,505.1916,19,
32553,92e4ea4cc890200e,IT.MidClim.AB.01.Gen.ReEx.001.001,AB,IT.01,DWELLING_LAYOUT_EMITTED_INTERZONE_MISMATCH_REROUTED,99e605f41908d9b0fda1d0018d94ce7fefe5e3ba8a6058be805e5d36f2e13033,ab631c6026e3f7cf5cfcff7c6a506eb84b6eeb62f1afa5703fc48ef0897e25fa,IMPUTED_CENSUS_SECTION_CONSTRUCTION_PERIOD,1138.7973,1138.7973,1138.7973,1138.7973,14,
32556,6c5d01e34b186112,IT.MidClim.MFH.03.Gen.ReEx.001.001,MFH,IT.03,FALLBACK_PENDING_LAYOUT_MISSING_DWELLING_COUNT,a2ba0dad3df37c600630de68551f3ea6faa8b8be529cf9b63a6669c9862875f7,ab631c6026e3f7cf5cfcff7c6a506eb84b6eeb62f1afa5703fc48ef0897e25fa,IMPUTED_CENSUS_SECTION_CONSTRUCTION_PERIOD,500.5661,500.5661,500.5661,500.5661,17,
32568,28e9bf4f2e5fa7ef,IT.MidClim.AB.01.Gen.ReEx.001.001,AB,IT.01,FALLBACK_PENDING_LAYOUT_MISSING_DWELLING_COUNT,4ad8c06f4fffc94f2b581e3bb702d6fa51f826fbb99b3063e05bd31683904bbe,ab631c6026e3f7cf5cfcff7c6a506eb84b6eeb62f1afa5703fc48ef0897e25fa,IMPUTED_CENSUS_SECTION_CONSTRUCTION_PERIOD,1104.4852,1104.4852,1104.4852,1104.4852,15,near_duplicate_vertex_tolerated_box
32569,981d2e9817b69fc3,IT.MidClim.MFH.01.Gen.ReEx.001.001,MFH,IT.01,DWELLING_LAYOUT_EMITTED_IMPUTED_COUNT,bfe76aa870ca1694c8e6fbdced9b660da8c7d77ff56558efb20a1ef71022c055,ab631c6026e3f7cf5cfcff7c6a506eb84b6eeb62f1afa5703fc48ef0897e25fa,IMPUTED_CENSUS_SECTION_CONSTRUCTION_PERIOD,523.8841,523.8841,492.451,492.451,3,
32578,6f435f4bf7509bf7,IT.MidClim.AB.03.Gen.ReEx.001.001,AB,IT.03,FALLBACK_PENDING_LAYOUT_MISSING_DWELLING_COUNT,0788d745a611ead29b5d66e2679c08f928a80da3a54201885b2901752a911584,ab631c6026e3f7cf5cfcff7c6a506eb84b6eeb62f1afa5703fc48ef0897e25fa,IMPUTED_CENSUS_SECTION_CONSTRUCTION_PERIOD,1030.7376,1030.7376,1030.7376,1030.7376,22,near_duplicate_vertex_tolerated_box
32582,ea5f8dea60e40f5e,IT.MidClim.MFH.01.Gen.ReEx.001.001,MFH,IT.01,DWELLING_LAYOUT_EMITTED_IMPUTED_COUNT,05c13a9d4d76a2254c9a0ff61aadcd4cf327eee3e2ab65e387663863b0dadcb8,ab631c6026e3f7cf5cfcff7c6a506eb84b6eeb62f1afa5703fc48ef0897e25fa,IMPUTED_CENSUS_SECTION_CONSTRUCTION_PERIOD,175.8366,175.8366,171.8803,171.8803,5,
32584,87b0c1f3c682d2e1,IT.MidClim.AB.01.Gen.ReEx.001.001,AB,IT.01,FALLBACK_PENDING_LAYOUT_MISSING_DWELLING_COUNT,4613da1ce31889ada4bc68760e98e222637793c18fbb8130164745c8252a4b93,ab631c6026e3f7cf5cfcff7c6a506eb84b6eeb62f1afa5703fc48ef0897e25fa,IMPUTED_CENSUS_SECTION_CONSTRUCTION_PERIOD,1310.3596,1310.3596,1310.3596,1310.3596,14,near_duplicate_vertex_tolerated_box
32589,789e44d8f10891bf,IT.MidClim.AB.01.Gen.ReEx.001.001,AB,IT.01,DWELLING_LAYOUT_EMITTED_INTERZONE_MISMATCH_REROUTED,7eda03277061b7a7aadefb8ec010adcb796de4c189cef06e1b17c45735b407b5,ab631c6026e3f7cf5cfcff7c6a506eb84b6eeb62f1afa5703fc48ef0897e25fa,IMPUTED_CENSUS_SECTION_CONSTRUCTION_PERIOD,296.037,296.037,296.037,296.037,6,
32599,5ff9612764fa0c20,IT.MidClim.AB.01.Gen.ReEx.001.001,AB,IT.01,FALLBACK_PENDING_LAYOUT_MISSING_DWELLING_COUNT,b1f7c5effe5262d706659e60cd569333107b9fd9c94da81e67faae1c1c1b7eac,ab631c6026e3f7cf5cfcff7c6a506eb84b6eeb62f1afa5703fc48ef0897e25fa,IMPUTED_CENSUS_SECTION_CONSTRUCTION_PERIOD,3243.5825,3243.5825,3243.5825,3243.5825,17,near_duplicate_vertex_tolerated_box
32605,933f9a208e08b305,IT.MidClim.MFH.03.Gen.ReEx.001.001,MFH,IT.03,FALLBACK_PENDING_LAYOUT_MISSING_DWELLING_COUNT,6efafce7c81aebd7d726a20751553688fb1e3a62cf05f2cd7804fc7d1ce11f28,ab631c6026e3f7cf5cfcff7c6a506eb84b6eeb62f1afa5703fc48ef0897e25fa,IMPUTED_CENSUS_SECTION_CONSTRUCTION_PERIOD,92.2947,92.2947,92.2947,92.2947,17,
32607,4cdf8f65040985f6,IT.MidClim.MFH.01.Gen.ReEx.001.001,MFH,IT.01,DWELLING_LAYOUT_EMITTED_INTERZONE_MISMATCH_REROUTED,69d653c8dc85a368f61930c0dfa089906cee334edcc1ef247163d26d33b1f8e3,ab631c6026e3f7cf5cfcff7c6a506eb84b6eeb62f1afa5703fc48ef0897e25fa,IMPUTED_CENSUS_SECTION_CONSTRUCTION_PERIOD,592.1411,592.1411,592.1411,592.1411,9,
32610,23f882c93e138cd9,IT.MidClim.AB.03.Gen.ReEx.001.001,AB,IT.03,FALLBACK_PENDING_LAYOUT_MISSING_DWELLING_COUNT,8050a236287dfa50a958d372ddf69ee860ce0aeaa9c0da5f33d00a5413edc763,ab631c6026e3f7cf5cfcff7c6a506eb84b6eeb62f1afa5703fc48ef0897e25fa,IMPUTED_CENSUS_SECTION_CONSTRUCTION_PERIOD,586.7657,586.7657,586.7657,586.7657,11,
32614,bc7c38c7549ee6bb,IT.MidClim.MFH.01.Gen.ReEx.001.001,MFH,IT.01,DWELLING_LAYOUT_EMITTED_INTERZONE_MISMATCH_REROUTED,0331233b33499fb9f6d7c9150a9dd9fbea3525b8df6defa126f7a91c183b5105,ab631c6026e3f7cf5cfcff7c6a506eb84b6eeb62f1afa5703fc48ef0897e25fa,IMPUTED_CENSUS_SECTION_CONSTRUCTION_PERIOD,457.0417,457.0417,457.0417,457.0417,15,
32617,18fff07a786f9c95,IT.MidClim.AB.01.Gen.ReEx.001.001,AB,IT.01,DWELLING_LAYOUT_EMITTED_INTERZONE_MISMATCH_REROUTED,a60c41a242c92fb79170a8dcb3eb622849755ea1202ca7e96bf41afd287343c8,ab631c6026e3f7cf5cfcff7c6a506eb84b6eeb62f1afa5703fc48ef0897e25fa,IMPUTED_CENSUS_SECTION_CONSTRUCTION_PERIOD,927.9122,927.9122,927.9122,927.9122,12,
32622,27c3d3af42cc2113,IT.MidClim.AB.01.Gen.ReEx.001.001,AB,IT.01,FALLBACK_PENDING_LAYOUT_MISSING_DWELLING_COUNT,85b4a6747748b1bd8573f4ae3e12edae575bb71a5d659f196243ce97f474a7af,ab631c6026e3f7cf5cfcff7c6a506eb84b6eeb62f1afa5703fc48ef0897e25fa,IMPUTED_CENSUS_SECTION_CONSTRUCTION_PERIOD,394.1376,394.1376,394.1376,394.1376,13,
32625,e563368b437ea783,IT.MidClim.MFH.01.Gen.ReEx.001.001,MFH,IT.01,DWELLING_LAYOUT_EMITTED_IMPUTED_COUNT,6870be93b89b788c66227c43deb03c9eeb3a99c3cd7f80d9e60791deb049356e,ab631c6026e3f7cf5cfcff7c6a506eb84b6eeb62f1afa5703fc48ef0897e25fa,IMPUTED_CENSUS_SECTION_CONSTRUCTION_PERIOD,699.4457,699.4457,683.7081,683.7081,4,
32627,2b4c557c372c247d,IT.MidClim.AB.01.Gen.ReEx.001.001,AB,IT.01,FALLBACK_PENDING_LAYOUT_MISSING_DWELLING_COUNT,0eaca6abeb311c84f43ff003c7dc65c4da4341b2ad6b0f27116ce0d207f3287d,ab631c6026e3f7cf5cfcff7c6a506eb84b6eeb62f1afa5703fc48ef0897e25fa,IMPUTED_CENSUS_SECTION_CONSTRUCTION_PERIOD,1610.6358,1610.6358,1610.6358,1610.6358,9,near_duplicate_vertex_tolerated_box
32632,bf22fe29e6db1c60,IT.MidClim.AB.01.Gen.ReEx.001.001,AB,IT.01,DWELLING_LAYOUT_EMITTED_INTERZONE_MISMATCH_REROUTED,98f1716e465d35810df6810d37fb90721fe5ed38eec55fb191b4ebed7905c912,ab631c6026e3f7cf5cfcff7c6a506eb84b6eeb62f1afa5703fc48ef0897e25fa,IMPUTED_CENSUS_SECTION_CONSTRUCTION_PERIOD,560.5948,560.5948,560.5948,560.5948,15,
32634,5c9202afdd32f736,IT.MidClim.AB.01.Gen.ReEx.001.001,AB,IT.01,FALLBACK_PENDING_LAYOUT_MISSING_DWELLING_COUNT,d2d27c0a984e0d98025e58ff109cd0a641535b8c73c1fd40fcea204f6289294e,ab631c6026e3f7cf5cfcff7c6a506eb84b6eeb62f1afa5703fc48ef0897e25fa,IMPUTED_CENSUS_SECTION_CONSTRUCTION_PERIOD,1863.0677,1863.0677,1863.0677,1863.0677,14,
32639,437a25521141ea31,IT.MidClim.AB.01.Gen.ReEx.001.001,AB,IT.01,FALLBACK_PENDING_LAYOUT_MISSING_DWELLING_COUNT,9de5bb751e20799e057e5c61f6a0f7b24b001b9cd405fd82db383d48e5d2a461,ab631c6026e3f7cf5cfcff7c6a506eb84b6eeb62f1afa5703fc48ef0897e25fa,IMPUTED_CENSUS_SECTION_CONSTRUCTION_PERIOD,1087.5467,1087.5467,1087.5467,1087.5467,12,
32641,edaf6c0d1946de5e,IT.MidClim.AB.01.Gen.ReEx.001.001,AB,IT.01,FALLBACK_PENDING_LAYOUT_MISSING_DWELLING_COUNT,75dc044b8c59e91d389a5dfc8cf085e89a53bd8fa2e64264e79b995cd2354b3d,ab631c6026e3f7cf5cfcff7c6a506eb84b6eeb62f1afa5703fc48ef0897e25fa,IMPUTED_CENSUS_SECTION_CONSTRUCTION_PERIOD,3130.5991,3130.5991,3130.5991,3130.5991,6,
32643,ceb3040f80dfd06e,IT.MidClim.MFH.03.Gen.ReEx.001.001,MFH,IT.03,FALLBACK_PENDING_LAYOUT_MISSING_DWELLING_COUNT,3a1390d643241f314079cae2ddce7ea2a54bc33a89615e8a1b7dac893227319a,ab631c6026e3f7cf5cfcff7c6a506eb84b6eeb62f1afa5703fc48ef0897e25fa,IMPUTED_CENSUS_SECTION_CONSTRUCTION_PERIOD,161.9262,161.9262,161.9262,161.9262,18,
32649,be154f511df57b7b,IT.MidClim.AB.01.Gen.ReEx.001.001,AB,IT.01,FALLBACK_PENDING_LAYOUT_MISSING_DWELLING_COUNT,8a5fbbcee097b2efb59c87b2d4f9c88a5e05c1108ec8445e5529618b45df2455,ab631c6026e3f7cf5cfcff7c6a506eb84b6eeb62f1afa5703fc48ef0897e25fa,IMPUTED_CENSUS_SECTION_CONSTRUCTION_PERIOD,973.8252,973.8252,973.8252,973.8252,18,
32651,96ffba47bb95971b,IT.MidClim.AB.01.Gen.ReEx.001.001,AB,IT.01,FALLBACK_PENDING_LAYOUT_MISSING_DWELLING_COUNT,e80235e16d25682d563b6bc6c1f0eb513d084d829eb91ad5b69995a6e32cdbc2,ab631c6026e3f7cf5cfcff7c6a506eb84b6eeb62f1afa5703fc48ef0897e25fa,IMPUTED_CENSUS_SECTION_CONSTRUCTION_PERIOD,1697.1923,1697.1923,1697.1923,1697.1923,10,
32652,cec6d64a7334e027,IT.MidClim.AB.01.Gen.ReEx.001.001,AB,IT.01,FALLBACK_PENDING_LAYOUT_MISSING_DWELLING_COUNT,b624d600c5f93de210033ef52042f7ab8cfcc7c47e18192b67afeb48b3b1c702,ab631c6026e3f7cf5cfcff7c6a506eb84b6eeb62f1afa5703fc48ef0897e25fa,IMPUTED_CENSUS_SECTION_CONSTRUCTION_PERIOD,1137.9993,1137.9993,1137.9993,1137.9993,9,
32653,41f804eca2ffe116,IT.MidClim.AB.01.Gen.ReEx.001.001,AB,IT.01,DWELLING_LAYOUT_EMITTED_INTERZONE_MISMATCH_REROUTED,1c7333b7a6d4175ddfdbbd462576a44b509f2ff695b579d05188db84c5fb01f7,ab631c6026e3f7cf5cfcff7c6a506eb84b6eeb62f1afa5703fc48ef0897e25fa,IMPUTED_CENSUS_SECTION_CONSTRUCTION_PERIOD,2682.6384,2682.6384,2682.6384,2682.6384,6,
32662,39bd947c565d5ba1,IT.MidClim.AB.01.Gen.ReEx.001.001,AB,IT.01,FALLBACK_PENDING_LAYOUT_MISSING_DWELLING_COUNT,a6830e45a7290f226662431254f8444884c11f2e1c0ecbd5725aff2530d0372c,ab631c6026e3f7cf5cfcff7c6a506eb84b6eeb62f1afa5703fc48ef0897e25fa,IMPUTED_CENSUS_SECTION_CONSTRUCTION_PERIOD,1041.1521,1041.1521,1041.1521,1041.1521,10,
32663,fa897ba2dbd06338,IT.MidClim.AB.01.Gen.ReEx.001.001,AB,IT.01,FALLBACK_PENDING_LAYOUT_MISSING_DWELLING_COUNT,931d7dda12024791b72c49a6382a7e4aaeccbc7e5bbc48e1cb7902124d3120b4,ab631c6026e3f7cf5cfcff7c6a506eb84b6eeb62f1afa5703fc48ef0897e25fa,IMPUTED_CENSUS_SECTION_CONSTRUCTION_PERIOD,986.583,986.583,986.583,986.583,18,
32664,af64916e4175c9d1,IT.MidClim.AB.01.Gen.ReEx.001.001,AB,IT.01,FALLBACK_PENDING_LAYOUT_MISSING_DWELLING_COUNT,d726f849672ec195269a554c3b144777b269e48c65ee81b5b025c14305f099ba,ab631c6026e3f7cf5cfcff7c6a506eb84b6eeb62f1afa5703fc48ef0897e25fa,IMPUTED_CENSUS_SECTION_CONSTRUCTION_PERIOD,1136.5253,1136.5253,1136.5253,1136.5253,13,near_duplicate_vertex_tolerated_box
32668,83afcb5cb353a27c,IT.MidClim.AB.01.Gen.ReEx.001.001,AB,IT.01,FALLBACK_PENDING_LAYOUT_MISSING_DWELLING_COUNT,19329180e4b60ef385b25e9f2375f34acc58c4e516b03e6dec8f93f7410a8350,ab631c6026e3f7cf5cfcff7c6a506eb84b6eeb62f1afa5703fc48ef0897e25fa,IMPUTED_CENSUS_SECTION_CONSTRUCTION_PERIOD,928.4996,928.4996,928.4996,928.4996,18,near_duplicate_vertex_tolerated_box
32669,cc5bb111527f7582,IT.MidClim.AB.01.Gen.ReEx.001.001,AB,IT.01,FALLBACK_PENDING_LAYOUT_MISSING_DWELLING_COUNT,27cfa81477480954a44bdf44e86347cad5b8515a081da3d42db03faa675b55f4,ab631c6026e3f7cf5cfcff7c6a506eb84b6eeb62f1afa5703fc48ef0897e25fa,IMPUTED_CENSUS_SECTION_CONSTRUCTION_PERIOD,433.3377,433.3377,433.3377,433.3377,10,near_duplicate_vertex_tolerated_box
32685,00e44fd3f1f4c539,IT.MidClim.MFH.03.Gen.ReEx.001.001,MFH,IT.03,FALLBACK_PENDING_LAYOUT_MISSING_DWELLING_COUNT,059d9a5debf9cf3373da28a0ac1e6a314721adfb75ee5688258290ac2f1e3306,ab631c6026e3f7cf5cfcff7c6a506eb84b6eeb62f1afa5703fc48ef0897e25fa,IMPUTED_CENSUS_SECTION_CONSTRUCTION_PERIOD,406.8141,406.8141,406.8141,406.8141,19,near_duplicate_vertex_tolerated_box
32687,8ea54f221e6e03a8,IT.MidClim.AB.01.Gen.ReEx.001.001,AB,IT.01,DWELLING_LAYOUT_EMITTED_IMPUTED_COUNT,bfad7ed093ebabb564c1dc19c22de32e403e51a9d246a0f79eb497872786581d,ab631c6026e3f7cf5cfcff7c6a506eb84b6eeb62f1afa5703fc48ef0897e25fa,IMPUTED_CENSUS_SECTION_CONSTRUCTION_PERIOD,7356.7741,7356.7741,6694.6644,6694.6644,8,
32694,981bcdac6a8ba683,IT.MidClim.AB.03.Gen.ReEx.001.001,AB,IT.03,FALLBACK_PENDING_LAYOUT_MISSING_DWELLING_COUNT,95cdf18723e2fa256ef66e919056df771e89982809d3016fbbdeb58fca0ffee6,ab631c6026e3f7cf5cfcff7c6a506eb84b6eeb62f1afa5703fc48ef0897e25fa,IMPUTED_CENSUS_SECTION_CONSTRUCTION_PERIOD,1388.6442,1388.6442,1388.6442,1388.6442,11,near_duplicate_vertex_tolerated_box
32702,52cac4cf7e9812fc,IT.MidClim.MFH.03.Gen.ReEx.001.001,MFH,IT.03,FALLBACK_PENDING_LAYOUT_MISSING_DWELLING_COUNT,b143cdcd4d8f8501762fea9e77f68167cf99ce190cfe1dc32c937feb2c2a7f88,ab631c6026e3f7cf5cfcff7c6a506eb84b6eeb62f1afa5703fc48ef0897e25fa,IMPUTED_CENSUS_SECTION_CONSTRUCTION_PERIOD,78.66,78.66,78.66,78.66,14,
32713,aa699c1b3d4f675f,IT.MidClim.MFH.01.Gen.ReEx.001.001,MFH,IT.01,DWELLING_LAYOUT_EMITTED_IMPUTED_COUNT,5e3f622f2de2ab3f2aaaf10b6f26c915c2f899f52e65072dafb8e6ce9e948dd1,ab631c6026e3f7cf5cfcff7c6a506eb84b6eeb62f1afa5703fc48ef0897e25fa,IMPUTED_CENSUS_SECTION_CONSTRUCTION_PERIOD,651.6612,651.6612,636.9988,636.9988,7,
32721,4fbe80a6800005c5,IT.MidClim.AB.01.Gen.ReEx.001.001,AB,IT.01,FALLBACK_PENDING_LAYOUT_MISSING_DWELLING_COUNT,ebfcf0c9e55cf458990fec77355158503b6d88a000244818d1533ef4fdf3024a,ab631c6026e3f7cf5cfcff7c6a506eb84b6eeb62f1afa5703fc48ef0897e25fa,IMPUTED_CENSUS_SECTION_CONSTRUCTION_PERIOD,4218.0106,4218.0106,4218.0106,4218.0106,1,near_duplicate_vertex_tolerated_box
32723,82e99175b6645aa8,IT.MidClim.AB.01.Gen.ReEx.001.001,AB,IT.01,FALLBACK_PENDING_LAYOUT_MISSING_DWELLING_COUNT,a7979de64feeb6e4c9ab8194c07466e7fc2dd587315c89e9e32d90c652e745d5,ab631c6026e3f7cf5cfcff7c6a506eb84b6eeb62f1afa5703fc48ef0897e25fa,IMPUTED_CENSUS_SECTION_CONSTRUCTION_PERIOD,1004.8498,1004.8498,1004.8498,1004.8498,10,
32724,130ede9c80cc3980,IT.MidClim.AB.03.Gen.ReEx.001.001,AB,IT.03,FALLBACK_PENDING_LAYOUT_MISSING_DWELLING_COUNT,faa5eff741e8244cbd0899f74e0f87679c23a05788efa4675caa4734fdd9d093,ab631c6026e3f7cf5cfcff7c6a506eb84b6eeb62f1afa5703fc48ef0897e25fa,IMPUTED_CENSUS_SECTION_CONSTRUCTION_PERIOD,442.0198,442.0198,442.0198,442.0198,18,
32728,d5a1cfb531fcc3d7,IT.MidClim.AB.01.Gen.ReEx.001.001,AB,IT.01,DWELLING_LAYOUT_EMITTED_INTERZONE_MISMATCH_REROUTED,64d3c3be6f764877dce31637dffcaad853904db25e29b3cd6bb7673523d32dc5,ab631c6026e3f7cf5cfcff7c6a506eb84b6eeb62f1afa5703fc48ef0897e25fa,IMPUTED_CENSUS_SECTION_CONSTRUCTION_PERIOD,1957.0892,1957.0892,1957.0892,1957.0892,6,
32729,2955b0af23d31342,IT.MidClim.MFH.01.Gen.ReEx.001.001,MFH,IT.01,DWELLING_LAYOUT_EMITTED_INTERZONE_MISMATCH_REROUTED,7bd6582d2b0fd01e31fd7077740ec50f0607b9f44a78032e4237993b7f649c41,ab631c6026e3f7cf5cfcff7c6a506eb84b6eeb62f1afa5703fc48ef0897e25fa,IMPUTED_CENSUS_SECTION_CONSTRUCTION_PERIOD,1064.877,1064.877,1064.877,1064.877,12,
32732,6c223087af0acef3,IT.MidClim.AB.01.Gen.ReEx.001.001,AB,IT.01,FALLBACK_PENDING_LAYOUT_MISSING_DWELLING_COUNT,48213aeb0fb0d5b4fd65950176bec8f87274532dea2c7de45a3033c45736479c,ab631c6026e3f7cf5cfcff7c6a506eb84b6eeb62f1afa5703fc48ef0897e25fa,IMPUTED_CENSUS_SECTION_CONSTRUCTION_PERIOD,1487.6553,1487.6553,1487.6553,1487.6553,9,near_duplicate_vertex_tolerated_box
32735,d90bf451fbf5f691,IT.MidClim.AB.01.Gen.ReEx.001.001,AB,IT.01,DWELLING_LAYOUT_EMITTED_INTERZONE_MISMATCH_REROUTED,e1f1a918899d97b423d46afb033186792a789984bba4f0117802614e27baabfe,ab631c6026e3f7cf5cfcff7c6a506eb84b6eeb62f1afa5703fc48ef0897e25fa,IMPUTED_CENSUS_SECTION_CONSTRUCTION_PERIOD,174.3411,174.3411,174.3411,174.3411,11,
32737,da1a1d090f8cee67,IT.MidClim.AB.01.Gen.ReEx.001.001,AB,IT.01,FALLBACK_PENDING_LAYOUT_MISSING_DWELLING_COUNT,c368bc06291d53341af07c0776895f08fbb8376cfaea0f4e98e6b614cbced673,ab631c6026e3f7cf5cfcff7c6a506eb84b6eeb62f1afa5703fc48ef0897e25fa,IMPUTED_CENSUS_SECTION_CONSTRUCTION_PERIOD,3792.6633,3792.6633,3792.6633,3792.6633,24,near_duplicate_vertex_tolerated_box
32739,4b7deed481890beb,IT.MidClim.MFH.01.Gen.ReEx.001.001,MFH,IT.01,DWELLING_LAYOUT_EMITTED_IMPUTED_COUNT,8263d67f5f6db69391330059a636b3888d889f04d6c35e0da552d9dddcec5776,ab631c6026e3f7cf5cfcff7c6a506eb84b6eeb62f1afa5703fc48ef0897e25fa,IMPUTED_CENSUS_SECTION_CONSTRUCTION_PERIOD,96.9129,96.9129,91.0977,91.0977,11,
32754,000faf0e6178d6ed,IT.MidClim.AB.01.Gen.ReEx.001.001,AB,IT.01,DWELLING_LAYOUT_EMITTED_IMPUTED_COUNT,321f4aa088b79d4e81079ec00f0c5814e50cc484146fa80f799662c465985eac,ab631c6026e3f7cf5cfcff7c6a506eb84b6eeb62f1afa5703fc48ef0897e25fa,IMPUTED_CENSUS_SECTION_CONSTRUCTION_PERIOD,6398.4322,6398.4322,5822.5733,5822.5733,8,
32755,d3e18bb4766a79d6,IT.MidClim.AB.01.Gen.ReEx.001.001,AB,IT.01,FALLBACK_PENDING_LAYOUT_MISSING_DWELLING_COUNT,5ad5162e2ce4eb77bb4567dd6ac312030dbcc300874c86a6c42578c7c30b8c2f,ab631c6026e3f7cf5cfcff7c6a506eb84b6eeb62f1afa5703fc48ef0897e25fa,IMPUTED_CENSUS_SECTION_CONSTRUCTION_PERIOD,1687.5963,1687.5963,1687.5963,1687.5963,9,
32756,8a35662b73c82ab0,IT.MidClim.MFH.01.Gen.ReEx.001.001,MFH,IT.01,DWELLING_LAYOUT_EMITTED_INTERZONE_MISMATCH_REROUTED,be8eb7fa24929ab31234e37b335cbccebd1c1a6f238abeb441e12a6395d03a06,ab631c6026e3f7cf5cfcff7c6a506eb84b6eeb62f1afa5703fc48ef0897e25fa,IMPUTED_CENSUS_SECTION_CONSTRUCTION_PERIOD,2198.3987,2198.3987,2198.3987,2198.3987,10,
32758,1988e5ef4fea53e4,IT.MidClim.AB.01.Gen.ReEx.001.001,AB,IT.01,FALLBACK_PENDING_LAYOUT_MISSING_DWELLING_COUNT,3290310f59287079662fe3c0dc4b800b7264a4c45faf3e6320abbb204b706b52,ab631c6026e3f7cf5cfcff7c6a506eb84b6eeb62f1afa5703fc48ef0897e25fa,IMPUTED_CENSUS_SECTION_CONSTRUCTION_PERIOD,612.1699,612.1699,612.1699,612.1699,9,near_duplicate_vertex_tolerated_box
32760,f027a47b50431180,IT.MidClim.AB.01.Gen.ReEx.001.001,AB,IT.01,FALLBACK_PENDING_LAYOUT_MISSING_DWELLING_COUNT,c518a4269dbd34ee1b8f64d172affde33fa27d61754de32d2b95bf618b0be0cc,ab631c6026e3f7cf5cfcff7c6a506eb84b6eeb62f1afa5703fc48ef0897e25fa,IMPUTED_CENSUS_SECTION_CONSTRUCTION_PERIOD,868.3264,868.3264,868.3264,868.3264,5,near_duplicate_vertex_tolerated_box
32763,5e4010e80efaa777,IT.MidClim.AB.03.Gen.ReEx.001.001,AB,IT.03,DWELLING_LAYOUT_EMITTED_INTERZONE_MISMATCH_REROUTED,344b2f6ffdf0ebe245861b9be6c2a6928e7eb8c1476938de20c51363db42c8d4,ab631c6026e3f7cf5cfcff7c6a506eb84b6eeb62f1afa5703fc48ef0897e25fa,IMPUTED_CENSUS_SECTION_CONSTRUCTION_PERIOD,361.1935,361.1935,361.1935,361.1935,16,
32766,cd8c3b5309edee88,IT.MidClim.AB.03.Gen.ReEx.001.001,AB,IT.03,FALLBACK_PENDING_LAYOUT_MISSING_DWELLING_COUNT,4c1f3b1ec20d8f366346879dee14858d5019425bdf5b83e07a2f66e7f9704a6b,ab631c6026e3f7cf5cfcff7c6a506eb84b6eeb62f1afa5703fc48ef0897e25fa,IMPUTED_CENSUS_SECTION_CONSTRUCTION_PERIOD,702.1499,702.1499,702.1499,702.1499,9,near_duplicate_vertex_tolerated_box
32769,63040b74f9072b19,IT.MidClim.AB.01.Gen.ReEx.001.001,AB,IT.01,FALLBACK_PENDING_LAYOUT_MISSING_DWELLING_COUNT,be899a72133e750fc9322ecdede4100d25c2238f76f5f77642fbf6343215bf5b,ab631c6026e3f7cf5cfcff7c6a506eb84b6eeb62f1afa5703fc48ef0897e25fa,IMPUTED_CENSUS_SECTION_CONSTRUCTION_PERIOD,776.0012,776.0012,776.0012,776.0012,12,near_duplicate_vertex_tolerated_box
32774,5237d27e14b6c772,IT.MidClim.AB.01.Gen.ReEx.001.001,AB,IT.01,DWELLING_LAYOUT_EMITTED_IMPUTED_COUNT,63ac85fc465f0b382eff33ad724a917b387120fe5cf0519aa3912b281e6cc042,ab631c6026e3f7cf5cfcff7c6a506eb84b6eeb62f1afa5703fc48ef0897e25fa,IMPUTED_CENSUS_SECTION_CONSTRUCTION_PERIOD,250.9164,250.9164,228.3339,228.3339,9,
32776,955308349e0bef1d,IT.MidClim.AB.01.Gen.ReEx.001.001,AB,IT.01,FALLBACK_PENDING_LAYOUT_MISSING_DWELLING_COUNT,0265d1e68db5cbde9ee6b8352ff91e8769c00b028629ac8f86f6640d0f9e8e3b,ab631c6026e3f7cf5cfcff7c6a506eb84b6eeb62f1afa5703fc48ef0897e25fa,IMPUTED_CENSUS_SECTION_CONSTRUCTION_PERIOD,1396.9916,1396.9916,1396.9916,1396.9916,7,
32781,abe0700f496921ca,IT.MidClim.AB.01.Gen.ReEx.001.001,AB,IT.01,FALLBACK_PENDING_LAYOUT_MISSING_DWELLING_COUNT,2c55df3fd9a68e410bbdd3b439a6106339aeefc6a0b96459c406939adadc0dd3,ab631c6026e3f7cf5cfcff7c6a506eb84b6eeb62f1afa5703fc48ef0897e25fa,IMPUTED_CENSUS_SECTION_CONSTRUCTION_PERIOD,1316.2112,1316.2112,1316.2112,1316.2112,5,
32790,e83cf6e7be845eeb,IT.MidClim.AB.01.Gen.ReEx.001.001,AB,IT.01,FALLBACK_PENDING_LAYOUT_MISSING_DWELLING_COUNT,c487378089ed7c65de80c564df1cf0ebe1dafc04731b01619afd06cbd28c4007,ab631c6026e3f7cf5cfcff7c6a506eb84b6eeb62f1afa5703fc48ef0897e25fa,IMPUTED_CENSUS_SECTION_CONSTRUCTION_PERIOD,813.8481,813.8481,813.8481,813.8481,7,
32797,95fc3f55a4965707,IT.MidClim.AB.01.Gen.ReEx.001.001,AB,IT.01,DWELLING_LAYOUT_EMITTED_INTERZONE_MISMATCH_REROUTED,4ee5c907260968389d60e0be1d49fbcb8c493b047f2c53ee22592a8dc190bfd1,ab631c6026e3f7cf5cfcff7c6a506eb84b6eeb62f1afa5703fc48ef0897e25fa,IMPUTED_CENSUS_SECTION_CONSTRUCTION_PERIOD,1142.9849,1142.9849,1142.9849,1142.9849,8,
32800,66a4122d3b8e949d,IT.MidClim.AB.03.Gen.ReEx.001.001,AB,IT.03,FALLBACK_PENDING_LAYOUT_MISSING_DWELLING_COUNT,c93a6c015200035acbee29c587b80c3d2809408a8acd26e2f1928a5a93d36b88,ab631c6026e3f7cf5cfcff7c6a506eb84b6eeb62f1afa5703fc48ef0897e25fa,IMPUTED_CENSUS_SECTION_CONSTRUCTION_PERIOD,1175.0102,1175.0102,1175.0102,1175.0102,10,near_duplicate_vertex_tolerated_box
32802,a2ed63b419715dd8,IT.MidClim.AB.01.Gen.ReEx.001.001,AB,IT.01,FALLBACK_PENDING_LAYOUT_MISSING_DWELLING_COUNT,a02a067dceefba42b049fe57dcb8efaceecc140d636260847cf79951ceec1855,ab631c6026e3f7cf5cfcff7c6a506eb84b6eeb62f1afa5703fc48ef0897e25fa,IMPUTED_CENSUS_SECTION_CONSTRUCTION_PERIOD,1178.8075,1178.8075,1178.8075,1178.8075,12,near_duplicate_vertex_tolerated_box
32803,bbaca1089dd51d25,IT.MidClim.AB.03.Gen.ReEx.001.001,AB,IT.03,FALLBACK_PENDING_LAYOUT_MISSING_DWELLING_COUNT,690602b6770cfee6c0fdb28f8815b1a3046c7ae51d4474f174a5055a40b4ea1c,ab631c6026e3f7cf5cfcff7c6a506eb84b6eeb62f1afa5703fc48ef0897e25fa,IMPUTED_CENSUS_SECTION_CONSTRUCTION_PERIOD,450.9272,450.9272,450.9272,450.9272,16,near_duplicate_vertex_tolerated_box
32804,00a79feb51859aec,IT.MidClim.MFH.01.Gen.ReEx.001.001,MFH,IT.01,DWELLING_LAYOUT_EMITTED_INTERZONE_MISMATCH_REROUTED,da5bf102002d04d9c98d3be4fa907ed1a54757e06839692192fc2a5ded2d0042,ab631c6026e3f7cf5cfcff7c6a506eb84b6eeb62f1afa5703fc48ef0897e25fa,IMPUTED_CENSUS_SECTION_CONSTRUCTION_PERIOD,723.4751,723.4751,723.4751,723.4751,3,
32808,1a088993a2ff1bca,IT.MidClim.MFH.01.Gen.ReEx.001.001,MFH,IT.01,DWELLING_LAYOUT_EMITTED_INTERZONE_MISMATCH_REROUTED,c65198714ab3f3c31d1f1cd2c82b3b71457c8f0b734402f02c114506aa1033eb,ab631c6026e3f7cf5cfcff7c6a506eb84b6eeb62f1afa5703fc48ef0897e25fa,IMPUTED_CENSUS_SECTION_CONSTRUCTION_PERIOD,1562.468,1562.468,1562.468,1562.468,13,
32813,e3aee09a3aee1af8,IT.MidClim.AB.03.Gen.ReEx.001.001,AB,IT.03,FALLBACK_PENDING_LAYOUT_MISSING_DWELLING_COUNT,8cc93f5fed3706907a060fa98db7d39b3dddae73e69745cf1a8f685de98aa9db,ab631c6026e3f7cf5cfcff7c6a506eb84b6eeb62f1afa5703fc48ef0897e25fa,IMPUTED_CENSUS_SECTION_CONSTRUCTION_PERIOD,2028.0103,2028.0103,2028.0103,2028.0103,10,
32816,5df22846cd2e2e7b,IT.MidClim.AB.03.Gen.ReEx.001.001,AB,IT.03,FALLBACK_PENDING_LAYOUT_MISSING_DWELLING_COUNT,c5e0a39a8aec09a6e42cc033765725d31a30df98e2f4c0fa47f8561d7f943726,ab631c6026e3f7cf5cfcff7c6a506eb84b6eeb62f1afa5703fc48ef0897e25fa,IMPUTED_CENSUS_SECTION_CONSTRUCTION_PERIOD,526.0627,526.0627,526.0627,526.0627,14,
32827,79231e4e922142da,IT.MidClim.AB.01.Gen.ReEx.001.001,AB,IT.01,FALLBACK_PENDING_LAYOUT_MISSING_DWELLING_COUNT,1d822476dd74e8bedb1139923c392f7f4efb746e8b62cf8a858cd2019071284d,ab631c6026e3f7cf5cfcff7c6a506eb84b6eeb62f1afa5703fc48ef0897e25fa,IMPUTED_CENSUS_SECTION_CONSTRUCTION_PERIOD,2435.3584,2435.3584,2435.3584,2435.3584,6,
32829,48007d56f64d6c28,IT.MidClim.AB.01.Gen.ReEx.001.001,AB,IT.01,DWELLING_LAYOUT_EMITTED_IMPUTED_COUNT,ecdda53e0304bb2b47c0a1d078bf83c00e5dc68a6c4129f4706cf8d41c1d2365,ab631c6026e3f7cf5cfcff7c6a506eb84b6eeb62f1afa5703fc48ef0897e25fa,IMPUTED_CENSUS_SECTION_CONSTRUCTION_PERIOD,243.1394,243.1394,221.2569,221.2569,6,
32833,04c326aa8548fa90,IT.MidClim.MFH.01.Gen.ReEx.001.001,MFH,IT.01,DWELLING_LAYOUT_EMITTED_INTERZONE_MISMATCH_REROUTED,7664350040489bc0f983eb1a66efc70b8b05e32c9d4c4cbc0c8784170bd3fadf,ab631c6026e3f7cf5cfcff7c6a506eb84b6eeb62f1afa5703fc48ef0897e25fa,IMPUTED_CENSUS_SECTION_CONSTRUCTION_PERIOD,1196.1711,1196.1711,1196.1711,1196.1711,11,
32840,b3f8d90890ff6314,IT.MidClim.MFH.03.Gen.ReEx.001.001,MFH,IT.03,FALLBACK_PENDING_LAYOUT_MISSING_DWELLING_COUNT,a2992ce7e8cc25d7e8422f50b85231ef5e078b33b778d3bf5ff14e4b1bcfcd56,ab631c6026e3f7cf5cfcff7c6a506eb84b6eeb62f1afa5703fc48ef0897e25fa,IMPUTED_CENSUS_SECTION_CONSTRUCTION_PERIOD,98.267,98.267,98.267,98.267,9,
32844,62f811ef22361207,IT.MidClim.MFH.01.Gen.ReEx.001.001,MFH,IT.01,DWELLING_LAYOUT_EMITTED_IMPUTED_COUNT,11e9a7a309c78c5330c87c59c73314fd01bd0190533fdcc888cb3602d1fd4692,ab631c6026e3f7cf5cfcff7c6a506eb84b6eeb62f1afa5703fc48ef0897e25fa,IMPUTED_CENSUS_SECTION_CONSTRUCTION_PERIOD,463.3638,463.3638,452.9267,452.9267,5,
32848,a14255855ef2c815,IT.MidClim.MFH.03.Gen.ReEx.001.001,MFH,IT.03,FALLBACK_PENDING_LAYOUT_MISSING_DWELLING_COUNT,662046dd59589ef08051951fc7ad8033e99ac8fbe0a77ac6af92880e41b962f0,ab631c6026e3f7cf5cfcff7c6a506eb84b6eeb62f1afa5703fc48ef0897e25fa,IMPUTED_CENSUS_SECTION_CONSTRUCTION_PERIOD,74.1849,74.1849,74.1849,74.1849,9,
32850,1e5632f33c9d0936,IT.MidClim.AB.01.Gen.ReEx.001.001,AB,IT.01,DWELLING_LAYOUT_EMITTED_IMPUTED_COUNT,8c1478fb0270b60f7fc8a41da493ac7b669783dfab2dfafc1a6ec4b7ba48c5c8,ab631c6026e3f7cf5cfcff7c6a506eb84b6eeb62f1afa5703fc48ef0897e25fa,IMPUTED_CENSUS_SECTION_CONSTRUCTION_PERIOD,666.1575,666.1575,606.2033,606.2033,14,
32853,0772301aea06fafe,IT.MidClim.AB.03.Gen.ReEx.001.001,AB,IT.03,DWELLING_LAYOUT_EMITTED_IMPUTED_COUNT,86d2197bdc866a43acbb0dde2bbfa4649411dce1f9851a04a275cbfe3139408d,ab631c6026e3f7cf5cfcff7c6a506eb84b6eeb62f1afa5703fc48ef0897e25fa,IMPUTED_CENSUS_SECTION_CONSTRUCTION_PERIOD,669.0702,669.0702,608.8539,608.8539,13,
32854,cfa792bc749d77f2,IT.MidClim.AB.01.Gen.ReEx.001.001,AB,IT.01,FALLBACK_PENDING_LAYOUT_MISSING_DWELLING_COUNT,f1d3962cb1aad3fe5384efd9a45f00dabd3467689817116514856ec312269cc2,ab631c6026e3f7cf5cfcff7c6a506eb84b6eeb62f1afa5703fc48ef0897e25fa,IMPUTED_CENSUS_SECTION_CONSTRUCTION_PERIOD,3655.6745,3655.6745,3655.6745,3655.6745,8,near_duplicate_vertex_tolerated_box
32855,cac0880fec38bce5,IT.MidClim.MFH.01.Gen.ReEx.001.001,MFH,IT.01,DWELLING_LAYOUT_EMITTED_INTERZONE_MISMATCH_REROUTED,780facb13c255bcbd881f4d86eca898f9f1740b5a91b10798b0ffd26e3b68fbc,ab631c6026e3f7cf5cfcff7c6a506eb84b6eeb62f1afa5703fc48ef0897e25fa,IMPUTED_CENSUS_SECTION_CONSTRUCTION_PERIOD,3648.9372,3648.9372,3648.9372,3648.9372,11,
32859,b67ace48f37dc440,IT.MidClim.AB.03.Gen.ReEx.001.001,AB,IT.03,DWELLING_LAYOUT_EMITTED_INTERZONE_MISMATCH_REROUTED,9b5a3c3ece86ac61c8e53a611e2266a01a7b43fa17971c9a9566127e37039330,ab631c6026e3f7cf5cfcff7c6a506eb84b6eeb62f1afa5703fc48ef0897e25fa,IMPUTED_CENSUS_SECTION_CONSTRUCTION_PERIOD,1266.2173,1266.2173,1266.2173,1266.2173,12,
32860,60dfbd0b3c5be0c1,IT.MidClim.AB.03.Gen.ReEx.001.001,AB,IT.03,DWELLING_LAYOUT_EMITTED_INTERZONE_MISMATCH_REROUTED,8bd7f38dc30fdc56887cab800fa9798a587f8a875e52ea9f6040ce9708ea00ad,ab631c6026e3f7cf5cfcff7c6a506eb84b6eeb62f1afa5703fc48ef0897e25fa,IMPUTED_CENSUS_SECTION_CONSTRUCTION_PERIOD,1897.5771,1897.5771,1897.5771,1897.5771,14,
32864,5001005fce342d61,IT.MidClim.AB.01.Gen.ReEx.001.001,AB,IT.01,FALLBACK_PENDING_LAYOUT_MISSING_DWELLING_COUNT,df81fb6f71a0c45d4330ab5c2173ab46332bc5765480b50c7919bce4c2caee88,ab631c6026e3f7cf5cfcff7c6a506eb84b6eeb62f1afa5703fc48ef0897e25fa,IMPUTED_CENSUS_SECTION_CONSTRUCTION_PERIOD,1261.825,1261.825,1261.825,1261.825,8,near_duplicate_vertex_tolerated_box
32882,dab06ce0c7a9ea17,IT.MidClim.AB.01.Gen.ReEx.001.001,AB,IT.01,FALLBACK_PENDING_LAYOUT_MISSING_DWELLING_COUNT,4d8093c2c6ba3308c6888b6a4863b1ae006e490b1729961edc12e3b4d1b332af,ab631c6026e3f7cf5cfcff7c6a506eb84b6eeb62f1afa5703fc48ef0897e25fa,IMPUTED_CENSUS_SECTION_CONSTRUCTION_PERIOD,7080.9866,7080.9866,7080.9866,7080.9866,12,
32883,cdfc746ed98dc5bd,IT.MidClim.AB.01.Gen.ReEx.001.001,AB,IT.01,DWELLING_LAYOUT_EMITTED_IMPUTED_COUNT,65eb7dba0f63131f12a7e2af77d0f7f0fdccf82efd8245d71bcd02667b0495ba,ab631c6026e3f7cf5cfcff7c6a506eb84b6eeb62f1afa5703fc48ef0897e25fa,IMPUTED_CENSUS_SECTION_CONSTRUCTION_PERIOD,4540.662,4540.662,4132.0025,4132.0025,7,
32891,27f617a908cc9759,IT.MidClim.AB.01.Gen.ReEx.001.001,AB,IT.01,FALLBACK_PENDING_LAYOUT_MISSING_DWELLING_COUNT,a13c21dba5e3e777b6b109fec9cbb2e90ad3042f865ba829c7a57fa758491395,ab631c6026e3f7cf5cfcff7c6a506eb84b6eeb62f1afa5703fc48ef0897e25fa,IMPUTED_CENSUS_SECTION_CONSTRUCTION_PERIOD,2064.0328,2064.0328,2064.0328,2064.0328,5,near_duplicate_vertex_tolerated_box
32895,6c7602ca4bb35502,IT.MidClim.AB.01.Gen.ReEx.001.001,AB,IT.01,FALLBACK_PENDING_LAYOUT_MISSING_DWELLING_COUNT,eb733c388107ef7379ac7ca5fc66adacc5b4a5e4730a597b5c900be9a540bdf0,ab631c6026e3f7cf5cfcff7c6a506eb84b6eeb62f1afa5703fc48ef0897e25fa,IMPUTED_CENSUS_SECTION_CONSTRUCTION_PERIOD,1851.0867,1851.0867,1851.0867,1851.0867,11,
32904,2545ac2334fe3572,IT.MidClim.MFH.03.Gen.ReEx.001.001,MFH,IT.03,FALLBACK_PENDING_LAYOUT_MISSING_DWELLING_COUNT,0a8f1f958d60dc3ed0c3508e3eb5457a0b5b316ee45bc6d47c526bcb228433e7,ab631c6026e3f7cf5cfcff7c6a506eb84b6eeb62f1afa5703fc48ef0897e25fa,IMPUTED_CENSUS_SECTION_CONSTRUCTION_PERIOD,381.1994,381.1994,381.1994,381.1994,11,near_duplicate_vertex_tolerated_box
32909,bf22c6d09965dc0b,IT.MidClim.MFH.01.Gen.ReEx.001.001,MFH,IT.01,DWELLING_LAYOUT_EMITTED_INTERZONE_MISMATCH_REROUTED,2b758f3b8bd390cc6997eec4ba74fb3c2030fd274054a6e3b902893970a5abbf,ab631c6026e3f7cf5cfcff7c6a506eb84b6eeb62f1afa5703fc48ef0897e25fa,IMPUTED_CENSUS_SECTION_CONSTRUCTION_PERIOD,2109.5898,2109.5898,2109.5898,2109.5898,12,
32911,77189a009e3e3f49,IT.MidClim.MFH.03.Gen.ReEx.001.001,MFH,IT.03,FALLBACK_PENDING_LAYOUT_MISSING_DWELLING_COUNT,125df2259fc877d9e59d197d59ab6eab577acb33e49e688a87857b7d4734107e,ab631c6026e3f7cf5cfcff7c6a506eb84b6eeb62f1afa5703fc48ef0897e25fa,IMPUTED_CENSUS_SECTION_CONSTRUCTION_PERIOD,1570.7174,1570.7174,1570.7174,1570.7174,16,
32918,92cc1c0c337dc25e,IT.MidClim.AB.01.Gen.ReEx.001.001,AB,IT.01,FALLBACK_PENDING_LAYOUT_MISSING_DWELLING_COUNT,b6508ae8840b21778cbff787df3bd6e6def8ceb37fc2efd349360a937eb5bf0b,ab631c6026e3f7cf5cfcff7c6a506eb84b6eeb62f1afa5703fc48ef0897e25fa,IMPUTED_CENSUS_SECTION_CONSTRUCTION_PERIOD,1187.5042,1187.5042,1187.5042,1187.5042,4,
32922,fcc63df27fecba9b,IT.MidClim.AB.01.Gen.ReEx.001.001,AB,IT.01,DWELLING_LAYOUT_EMITTED_INTERZONE_MISMATCH_REROUTED,ec0167d14f458df66d638de1dbb907ed54a41872d40c3976685a1effb0bc0a2c,ab631c6026e3f7cf5cfcff7c6a506eb84b6eeb62f1afa5703fc48ef0897e25fa,IMPUTED_CENSUS_SECTION_CONSTRUCTION_PERIOD,2208.7746,2208.7746,2208.7746,2208.7746,8,
32924,8f6baa5f97c49363,IT.MidClim.AB.01.Gen.ReEx.001.001,AB,IT.01,FALLBACK_PENDING_LAYOUT_MISSING_DWELLING_COUNT,71216b57563c852791b914dc770a3811c067126114b2b5bf8179133394d998c4,ab631c6026e3f7cf5cfcff7c6a506eb84b6eeb62f1afa5703fc48ef0897e25fa,IMPUTED_CENSUS_SECTION_CONSTRUCTION_PERIOD,1207.3843,1207.3843,1207.3843,1207.3843,5,
32930,0c256181be761e10,IT.MidClim.MFH.01.Gen.ReEx.001.001,MFH,IT.01,DWELLING_LAYOUT_EMITTED_IMPUTED_COUNT,67bef74958b69ba61adc67df882d853da8d207cf13cda1441b068c36396fcb38,ab631c6026e3f7cf5cfcff7c6a506eb84b6eeb62f1afa5703fc48ef0897e25fa,IMPUTED_CENSUS_SECTION_CONSTRUCTION_PERIOD,602.1084,602.1084,588.5409,588.5409,6,
32937,28d105c4c5ce4b2b,IT.MidClim.AB.01.Gen.ReEx.001.001,AB,IT.01,FALLBACK_PENDING_LAYOUT_MISSING_DWELLING_COUNT,ec8e0da7817f39704c45155f8498e72422477681d9f3052c149f6f43c2b8c886,ab631c6026e3f7cf5cfcff7c6a506eb84b6eeb62f1afa5703fc48ef0897e25fa,IMPUTED_CENSUS_SECTION_CONSTRUCTION_PERIOD,1232.4799,1232.4799,1232.4799,1232.4799,12,near_duplicate_vertex_tolerated_box
32938,0b1e85b5980bc83c,IT.MidClim.AB.01.Gen.ReEx.001.001,AB,IT.01,FALLBACK_PENDING_LAYOUT_MISSING_DWELLING_COUNT,565a09789c0dc96daaa1a09d46862b0737eb9311923047e2d37a2b5e574b262b,ab631c6026e3f7cf5cfcff7c6a506eb84b6eeb62f1afa5703fc48ef0897e25fa,IMPUTED_CENSUS_SECTION_CONSTRUCTION_PERIOD,982.2188,982.2188,982.2188,982.2188,11,
32942,673d06c73fd9beef,IT.MidClim.AB.01.Gen.ReEx.001.001,AB,IT.01,FALLBACK_PENDING_LAYOUT_MISSING_DWELLING_COUNT,b67e11deed18facdcd255761bf1a115a851bd897fd58802ffa6d2d475674511f,ab631c6026e3f7cf5cfcff7c6a506eb84b6eeb62f1afa5703fc48ef0897e25fa,IMPUTED_CENSUS_SECTION_CONSTRUCTION_PERIOD,1493.7361,1493.7361,1493.7361,1493.7361,6,
32946,a9e6dee841a50de7,IT.MidClim.AB.01.Gen.ReEx.001.001,AB,IT.01,DWELLING_LAYOUT_EMITTED_INTERZONE_MISMATCH_REROUTED,615142ba1b56e5269601bc99e5c9e59a76e4b7e817621ce9560736266d34e1f2,ab631c6026e3f7cf5cfcff7c6a506eb84b6eeb62f1afa5703fc48ef0897e25fa,IMPUTED_CENSUS_SECTION_CONSTRUCTION_PERIOD,150.0188,150.0188,150.0188,150.0188,6,
32950,db2b8bcfe1423175,IT.MidClim.AB.01.Gen.ReEx.001.001,AB,IT.01,FALLBACK_PENDING_LAYOUT_MISSING_DWELLING_COUNT,62d1b2793d68786bb35cf2d32bd5b734d3efc3e2c1fe134e8cfa10b2aad6a2da,ab631c6026e3f7cf5cfcff7c6a506eb84b6eeb62f1afa5703fc48ef0897e25fa,IMPUTED_CENSUS_SECTION_CONSTRUCTION_PERIOD,1210.2218,1210.2218,1210.2218,1210.2218,3,
32952,868f0f83026f38f3,IT.MidClim.MFH.01.Gen.ReEx.001.001,MFH,IT.01,DWELLING_LAYOUT_EMITTED_INTERZONE_MISMATCH_REROUTED,0b71b5248c65da63a2f563d1c2f81e5c4afa83f78d344483ffab8a0c02000074,ab631c6026e3f7cf5cfcff7c6a506eb84b6eeb62f1afa5703fc48ef0897e25fa,IMPUTED_CENSUS_SECTION_CONSTRUCTION_PERIOD,542.9611,542.9611,542.9611,542.9611,7,
32955,f8a21c4b3cc9f6f7,IT.MidClim.AB.03.Gen.ReEx.001.001,AB,IT.03,FALLBACK_PENDING_LAYOUT_MISSING_DWELLING_COUNT,45e6d237e264fa7e80f72727a8623d85f91cddb60fe19752f009b112a7651db2,ab631c6026e3f7cf5cfcff7c6a506eb84b6eeb62f1afa5703fc48ef0897e25fa,IMPUTED_CENSUS_SECTION_CONSTRUCTION_PERIOD,910.0557,910.0557,910.0557,910.0557,13,near_duplicate_vertex_tolerated_box
32960,bd267a1e0306ee57,IT.MidClim.AB.01.Gen.ReEx.001.001,AB,IT.01,FALLBACK_PENDING_LAYOUT_MISSING_DWELLING_COUNT,89e9beee99b1b038ae65c7f04c6dcb5b821ad0fa7813b72fdd1db1a727216633,ab631c6026e3f7cf5cfcff7c6a506eb84b6eeb62f1afa5703fc48ef0897e25fa,IMPUTED_CENSUS_SECTION_CONSTRUCTION_PERIOD,1138.1356,1138.1356,1138.1356,1138.1356,11,
32961,e58d3e2ae7d430f2,IT.MidClim.AB.01.Gen.ReEx.001.001,AB,IT.01,FALLBACK_PENDING_LAYOUT_MISSING_DWELLING_COUNT,69bcc1c423305db03b18b83da9113bd5aefe0b357e91d561696f28d0d3d3c3fe,ab631c6026e3f7cf5cfcff7c6a506eb84b6eeb62f1afa5703fc48ef0897e25fa,IMPUTED_CENSUS_SECTION_CONSTRUCTION_PERIOD,2423.8437,2423.8437,2423.8437,2423.8437,2,near_duplicate_vertex_tolerated_box
32966,6c174c7d5e5ed74d,IT.MidClim.MFH.01.Gen.ReEx.001.001,MFH,IT.01,DWELLING_LAYOUT_EMITTED_IMPUTED_COUNT,26c81d926cd4b596f6f92155fd5332758c985ec1d6dd22c52519b04b88ebe5ee,ab631c6026e3f7cf5cfcff7c6a506eb84b6eeb62f1afa5703fc48ef0897e25fa,IMPUTED_CENSUS_SECTION_CONSTRUCTION_PERIOD,1630.1481,1630.1481,1593.4305,1593.4305,6,
32974,e715bcb6c1bcd32c,IT.MidClim.AB.01.Gen.ReEx.001.001,AB,IT.01,FALLBACK_PENDING_LAYOUT_MISSING_DWELLING_COUNT,9e48b1d6e2d55acbdd1e0b6eb3b1e883424e0f4521ed1979245e9942830a749f,ab631c6026e3f7cf5cfcff7c6a506eb84b6eeb62f1afa5703fc48ef0897e25fa,IMPUTED_CENSUS_SECTION_CONSTRUCTION_PERIOD,1378.4369,1378.4369,1378.4369,1378.4369,3,
32981,eb12e1ba00541e12,IT.MidClim.AB.01.Gen.ReEx.001.001,AB,IT.01,FALLBACK_PENDING_LAYOUT_MISSING_DWELLING_COUNT,9cb5fb2eab4e14cab3853ff2a292371b9cc1c393c53594c1867a4f37b04648b8,ab631c6026e3f7cf5cfcff7c6a506eb84b6eeb62f1afa5703fc48ef0897e25fa,IMPUTED_CENSUS_SECTION_CONSTRUCTION_PERIOD,1417.8889,1417.8889,1417.8889,1417.8889,14,near_duplicate_vertex_tolerated_box
32997,f1e0f2f4d5fd4812,IT.MidClim.MFH.03.Gen.ReEx.001.001,MFH,IT.03,DWELLING_LAYOUT_EMITTED_IMPUTED_COUNT,246feaec23d42f4ee2e3831c71323f3f9a7c50790692ce52c3945d3d5313f401,ab631c6026e3f7cf5cfcff7c6a506eb84b6eeb62f1afa5703fc48ef0897e25fa,IMPUTED_CENSUS_SECTION_CONSTRUCTION_PERIOD,335.5497,335.5497,335.5497,335.5497,12,
33003,da7983abad4ac1d3,IT.MidClim.AB.01.Gen.ReEx.001.001,AB,IT.01,FALLBACK_PENDING_LAYOUT_MISSING_DWELLING_COUNT,83c3ec43ea93106d916f508eb0b6d24542fe7fb9fa6c26bc85d3e33729654127,ab631c6026e3f7cf5cfcff7c6a506eb84b6eeb62f1afa5703fc48ef0897e25fa,IMPUTED_CENSUS_SECTION_CONSTRUCTION_PERIOD,1858.2833,1858.2833,1858.2833,1858.2833,8,
33004,870c8e3164abf7e1,IT.MidClim.AB.01.Gen.ReEx.001.001,AB,IT.01,FALLBACK_PENDING_LAYOUT_MISSING_DWELLING_COUNT,ed35453d77f21c870fc00275e4a59e90b85701776f68b3b21c35c612eff52fb1,ab631c6026e3f7cf5cfcff7c6a506eb84b6eeb62f1afa5703fc48ef0897e25fa,IMPUTED_CENSUS_SECTION_CONSTRUCTION_PERIOD,1164.5763,1164.5763,1164.5763,1164.5763,6,
33028,94847a4b29aaf9dc,IT.MidClim.MFH.01.Gen.ReEx.001.001,MFH,IT.01,DWELLING_LAYOUT_EMITTED_INTERZONE_MISMATCH_REROUTED,0a5e3f05aaa809059b95dcadb9e035f880909a3bb83f9e320f25768e877b47e9,ab631c6026e3f7cf5cfcff7c6a506eb84b6eeb62f1afa5703fc48ef0897e25fa,IMPUTED_CENSUS_SECTION_CONSTRUCTION_PERIOD,646.5552,646.5552,646.5552,646.5552,4,
33034,0a7082c358cee630,IT.MidClim.MFH.03.Gen.ReEx.001.001,MFH,IT.03,FALLBACK_PENDING_LAYOUT_MISSING_DWELLING_COUNT,f898bdef58c76d010cdaf038cf53c372d010abfadd6e34308f4a18213e5a3f61,ab631c6026e3f7cf5cfcff7c6a506eb84b6eeb62f1afa5703fc48ef0897e25fa,IMPUTED_CENSUS_SECTION_CONSTRUCTION_PERIOD,421.7225,421.7225,421.7225,421.7225,11,near_duplicate_vertex_tolerated_box
33040,aed049e40545a6f5,IT.MidClim.TH.03.Gen.ReEx.001.001,TH,IT.03,DWELLING_LAYOUT_EMITTED_INTERZONE_MISMATCH_REROUTED,3ffd639ea1d264b48750ba5850feebd7e0de43c2ffe4df488ce326f51cfe59b1,ab631c6026e3f7cf5cfcff7c6a506eb84b6eeb62f1afa5703fc48ef0897e25fa,IMPUTED_CENSUS_SECTION_CONSTRUCTION_PERIOD,68.8178,68.8178,68.8178,68.8178,12,
33044,7c398701129ce9ef,IT.MidClim.AB.01.Gen.ReEx.001.001,AB,IT.01,FALLBACK_PENDING_LAYOUT_MISSING_DWELLING_COUNT,7a77020cc72ffae8f9f1ae464ea9a82df91a527b9d4c34ab959c5fe099676943,ab631c6026e3f7cf5cfcff7c6a506eb84b6eeb62f1afa5703fc48ef0897e25fa,IMPUTED_CENSUS_SECTION_CONSTRUCTION_PERIOD,857.972,857.972,857.972,857.972,16,
33047,26bdb46b09a74a2d,IT.MidClim.MFH.03.Gen.ReEx.001.001,MFH,IT.03,FALLBACK_PENDING_LAYOUT_MISSING_DWELLING_COUNT,4116d6aa9d6c6d270a3d07a6351250fca7cd81d313b9849c4599b5f9d4b48b52,ab631c6026e3f7cf5cfcff7c6a506eb84b6eeb62f1afa5703fc48ef0897e25fa,IMPUTED_CENSUS_SECTION_CONSTRUCTION_PERIOD,435.0316,435.0316,435.0316,435.0316,12,
33048,1fee75a329e2f678,IT.MidClim.MFH.01.Gen.ReEx.001.001,MFH,IT.01,DWELLING_LAYOUT_EMITTED_INTERZONE_MISMATCH_REROUTED,347ffb3c41b8579a0d7fdb40e44647f396d809589b55f4ec71188b07436cd520,ab631c6026e3f7cf5cfcff7c6a506eb84b6eeb62f1afa5703fc48ef0897e25fa,IMPUTED_CENSUS_SECTION_CONSTRUCTION_PERIOD,1203.0005,1203.0005,1203.0005,1203.0005,6,
33063,1509c02db702054f,IT.MidClim.MFH.03.Gen.ReEx.001.001,MFH,IT.03,FALLBACK_PENDING_LAYOUT_MISSING_DWELLING_COUNT,cad6c9903f183f051fa1adc0843aaee9310fd000529bea53b950748ed1141618,ab631c6026e3f7cf5cfcff7c6a506eb84b6eeb62f1afa5703fc48ef0897e25fa,IMPUTED_CENSUS_SECTION_CONSTRUCTION_PERIOD,620.9714,620.9714,620.9714,620.9714,18,near_duplicate_vertex_tolerated_box
33066,8248629f6e1cd268,IT.MidClim.AB.01.Gen.ReEx.001.001,AB,IT.01,FALLBACK_PENDING_LAYOUT_MISSING_DWELLING_COUNT,2b96ed191def72b17ca4a41f0d96e1d989b51d0bfee5b77374eab30208f3de11,ab631c6026e3f7cf5cfcff7c6a506eb84b6eeb62f1afa5703fc48ef0897e25fa,IMPUTED_CENSUS_SECTION_CONSTRUCTION_PERIOD,944.0279,944.0279,944.0279,944.0279,7,
33067,23b04d2ce2cf3159,IT.MidClim.AB.01.Gen.ReEx.001.001,AB,IT.01,FALLBACK_PENDING_LAYOUT_MISSING_DWELLING_COUNT,8a29a4043a02aedc7988008de7d74f7e32266d85662e4918bd3e78cc5560e6a1,ab631c6026e3f7cf5cfcff7c6a506eb84b6eeb62f1afa5703fc48ef0897e25fa,IMPUTED_CENSUS_SECTION_CONSTRUCTION_PERIOD,614.2497,614.2497,614.2497,614.2497,7,near_duplicate_vertex_tolerated_box
33069,b52fbb43431d2e2c,IT.MidClim.MFH.01.Gen.ReEx.001.001,MFH,IT.01,DWELLING_LAYOUT_EMITTED_IMPUTED_COUNT,0c522b97f1786de119bab3437564a502f34c753ffe270ac2d199c4b07f1c1626,ab631c6026e3f7cf5cfcff7c6a506eb84b6eeb62f1afa5703fc48ef0897e25fa,IMPUTED_CENSUS_SECTION_CONSTRUCTION_PERIOD,462.6522,462.6522,434.8931,434.8931,4,
33083,6841b5e4ea88420f,IT.MidClim.SFH.03.Gen.ReEx.001.001,SFH,IT.03,DWELLING_LAYOUT_EMITTED_IMPUTED_COUNT,ffc76db3a550987907e0b11b3c4209c1d8cbab146ff81cf4a0ca159ab170470e,ab631c6026e3f7cf5cfcff7c6a506eb84b6eeb62f1afa5703fc48ef0897e25fa,IMPUTED_CENSUS_SECTION_CONSTRUCTION_PERIOD,45.0248,45.0248,45.0248,45.0248,12,
33086,a9b74d40307e4008,IT.MidClim.AB.01.Gen.ReEx.001.001,AB,IT.01,FALLBACK_PENDING_LAYOUT_MISSING_DWELLING_COUNT,20fa3858e5eb3c5225b8faef2a063e2250f4caa9807e96ad1e1aefca8703eb5b,ab631c6026e3f7cf5cfcff7c6a506eb84b6eeb62f1afa5703fc48ef0897e25fa,IMPUTED_CENSUS_SECTION_CONSTRUCTION_PERIOD,838.3615,838.3615,838.3615,838.3615,11,
33091,246a4872c850f823,IT.MidClim.MFH.01.Gen.ReEx.001.001,MFH,IT.01,DWELLING_LAYOUT_EMITTED_INTERZONE_MISMATCH_REROUTED,4d289b3b3d7fcef6680ef82b69321137de650abb64b3fe8c00f4afa5ace37f7b,ab631c6026e3f7cf5cfcff7c6a506eb84b6eeb62f1afa5703fc48ef0897e25fa,IMPUTED_CENSUS_SECTION_CONSTRUCTION_PERIOD,5141.5503,5141.5503,5141.5503,5141.5503,9,
33101,2d767abdf9f08afe,IT.MidClim.AB.01.Gen.ReEx.001.001,AB,IT.01,DWELLING_LAYOUT_EMITTED_INTERZONE_MISMATCH_REROUTED,06faad28aab418372fe38aacd28755155d49b4efd1bb18af94c5e1022b954b77,ab631c6026e3f7cf5cfcff7c6a506eb84b6eeb62f1afa5703fc48ef0897e25fa,IMPUTED_CENSUS_SECTION_CONSTRUCTION_PERIOD,2468.73,2468.73,2468.73,2468.73,6,
33109,f74e1803e892ec82,IT.MidClim.MFH.01.Gen.ReEx.001.001,MFH,IT.01,DWELLING_LAYOUT_EMITTED_INTERZONE_MISMATCH_REROUTED,b4d069f60725214e8b1b814e7c5444c702b48d80106eec6a878ba78427187039,ab631c6026e3f7cf5cfcff7c6a506eb84b6eeb62f1afa5703fc48ef0897e25fa,IMPUTED_CENSUS_SECTION_CONSTRUCTION_PERIOD,1310.5533,1310.5533,1310.5533,1310.5533,5,
33112,e919eafad21e67ce,IT.MidClim.AB.01.Gen.ReEx.001.001,AB,IT.01,DWELLING_LAYOUT_EMITTED_IMPUTED_COUNT,35b1fdaffaabb2664755bc186947ba967c2f782c945e2cb67b1a005c50f7ab14,ab631c6026e3f7cf5cfcff7c6a506eb84b6eeb62f1afa5703fc48ef0897e25fa,IMPUTED_CENSUS_SECTION_CONSTRUCTION_PERIOD,480.8162,480.8162,437.5428,437.5428,13,
33119,96aad2b2f6af818a,IT.MidClim.AB.01.Gen.ReEx.001.001,AB,IT.01,DWELLING_LAYOUT_EMITTED_INTERZONE_MISMATCH_REROUTED,74ec48e44aeeb544333bb9e1ce21490c155aa1563a44ed4cbcd1d354b62bdc2b,ab631c6026e3f7cf5cfcff7c6a506eb84b6eeb62f1afa5703fc48ef0897e25fa,IMPUTED_CENSUS_SECTION_CONSTRUCTION_PERIOD,1423.315,1423.315,1423.315,1423.315,9,
33123,7c4ad35a1611dd1f,IT.MidClim.AB.01.Gen.ReEx.001.001,AB,IT.01,DWELLING_LAYOUT_EMITTED_INTERZONE_MISMATCH_REROUTED,23702d13f3c8cce2c7e19c04aaa7295ce8ffa63bc0b1d5fc49a16d76cb2aa225,ab631c6026e3f7cf5cfcff7c6a506eb84b6eeb62f1afa5703fc48ef0897e25fa,IMPUTED_CENSUS_SECTION_CONSTRUCTION_PERIOD,953.4979,953.4979,953.4979,953.4979,7,
33128,36ed9bcd227dcbe1,IT.MidClim.MFH.01.Gen.ReEx.001.001,MFH,IT.01,DWELLING_LAYOUT_EMITTED_INTERZONE_MISMATCH_REROUTED,d89ed951096bfdf4f7616956760478c1bd2c453dd3aa89ba8d29bef3b2966ea9,ab631c6026e3f7cf5cfcff7c6a506eb84b6eeb62f1afa5703fc48ef0897e25fa,IMPUTED_CENSUS_SECTION_CONSTRUCTION_PERIOD,180.8732,180.8732,180.8732,180.8732,2,
33130,9133c5180e7354b3,IT.MidClim.AB.01.Gen.ReEx.001.001,AB,IT.01,FALLBACK_PENDING_LAYOUT_MISSING_DWELLING_COUNT,eaea2f784a0dd429b9fe1c92dfd9913e1df2453c36f48a5147e4a523b0ec837f,ab631c6026e3f7cf5cfcff7c6a506eb84b6eeb62f1afa5703fc48ef0897e25fa,IMPUTED_CENSUS_SECTION_CONSTRUCTION_PERIOD,512.4259,512.4259,512.4259,512.4259,8,near_duplicate_vertex_tolerated_box
33141,e368d85c35a3d88b,IT.MidClim.AB.01.Gen.ReEx.001.001,AB,IT.01,FALLBACK_PENDING_LAYOUT_MISSING_DWELLING_COUNT,c78a067a927e9e78b088e97641971ed7e2b2e7d284b096c186fa02f76284d698,ab631c6026e3f7cf5cfcff7c6a506eb84b6eeb62f1afa5703fc48ef0897e25fa,IMPUTED_CENSUS_SECTION_CONSTRUCTION_PERIOD,1844.3198,1844.3198,1844.3198,1844.3198,16,
33143,64cef0c9536011e1,IT.MidClim.AB.01.Gen.ReEx.001.001,AB,IT.01,FALLBACK_PENDING_LAYOUT_MISSING_DWELLING_COUNT,83949a7bf860359af8eefea88b14bc655337d762658a1cf5ee982c600969ae3e,ab631c6026e3f7cf5cfcff7c6a506eb84b6eeb62f1afa5703fc48ef0897e25fa,IMPUTED_CENSUS_SECTION_CONSTRUCTION_PERIOD,584.658,584.658,584.658,584.658,13,near_duplicate_vertex_tolerated_box
33153,6d8f1fbbfdded291,IT.MidClim.AB.01.Gen.ReEx.001.001,AB,IT.01,DWELLING_LAYOUT_EMITTED_INTERZONE_MISMATCH_REROUTED,9e543b6a7305fa5a27ae88daa531d37f5b3178bb0d8eddf5b60a6a0b7d4fad3a,ab631c6026e3f7cf5cfcff7c6a506eb84b6eeb62f1afa5703fc48ef0897e25fa,IMPUTED_CENSUS_SECTION_CONSTRUCTION_PERIOD,342.6918,342.6918,342.6918,342.6918,12,
33167,3cf5c245480fd471,IT.MidClim.MFH.01.Gen.ReEx.001.001,MFH,IT.01,DWELLING_LAYOUT_EMITTED_IMPUTED_COUNT,12ecd89a58668c43c3a76dd7a49281181c9555979569d0c78471d91816aea388,ab631c6026e3f7cf5cfcff7c6a506eb84b6eeb62f1afa5703fc48ef0897e25fa,IMPUTED_CENSUS_SECTION_CONSTRUCTION_PERIOD,915.7671,915.7671,860.8264,860.8264,8,
33168,abf1a173dd2559dd,IT.MidClim.AB.01.Gen.ReEx.001.001,AB,IT.01,FALLBACK_PENDING_LAYOUT_MISSING_DWELLING_COUNT,68a3bf0bf98e37467c1149b5c0121b68d93c03220fed3042c2dde18c9a1fb4df,ab631c6026e3f7cf5cfcff7c6a506eb84b6eeb62f1afa5703fc48ef0897e25fa,IMPUTED_CENSUS_SECTION_CONSTRUCTION_PERIOD,1511.5881,1511.5881,1511.5881,1511.5881,8,near_duplicate_vertex_tolerated_box
33171,0471f16f09662ad9,IT.MidClim.AB.01.Gen.ReEx.001.001,AB,IT.01,FALLBACK_PENDING_LAYOUT_MISSING_DWELLING_COUNT,1308a9564489f957470cac86fe464cf965a5c3b8144f3798fe6ab7de96025445,ab631c6026e3f7cf5cfcff7c6a506eb84b6eeb62f1afa5703fc48ef0897e25fa,IMPUTED_CENSUS_SECTION_CONSTRUCTION_PERIOD,700.6319,700.6319,700.6319,700.6319,9,
33180,ab51f0d1c339d358,IT.MidClim.AB.01.Gen.ReEx.001.001,AB,IT.01,DWELLING_LAYOUT_EMITTED_INTERZONE_MISMATCH_REROUTED,e592f1fd4cd657dd05ed42a6a43f65082cb1f7ef914c8aeb36d14bb3faec3a40,ab631c6026e3f7cf5cfcff7c6a506eb84b6eeb62f1afa5703fc48ef0897e25fa,IMPUTED_CENSUS_SECTION_CONSTRUCTION_PERIOD,4765.2288,4765.2288,4765.2288,4765.2288,7,
33184,1ae0a9288affadc6,IT.MidClim.AB.01.Gen.ReEx.001.001,AB,IT.01,FALLBACK_PENDING_LAYOUT_MISSING_DWELLING_COUNT,496732bf1a4dedb0c2021a09c3637f4b6cdd0a55afda90342c7a51168d98ef95,ab631c6026e3f7cf5cfcff7c6a506eb84b6eeb62f1afa5703fc48ef0897e25fa,IMPUTED_CENSUS_SECTION_CONSTRUCTION_PERIOD,1995.4177,1995.4177,1995.4177,1995.4177,11,near_duplicate_vertex_tolerated_box
33186,a0e8dc944ecdcc24,IT.MidClim.MFH.01.Gen.ReEx.001.001,MFH,IT.01,DWELLING_LAYOUT_EMITTED_INTERZONE_MISMATCH_REROUTED,3b253f8e6ca483a38d103f9cd8286c17bbfbac487c31311d7ced39fa00203b2b,ab631c6026e3f7cf5cfcff7c6a506eb84b6eeb62f1afa5703fc48ef0897e25fa,IMPUTED_CENSUS_SECTION_CONSTRUCTION_PERIOD,853.4006,853.4006,853.4006,853.4006,12,
33191,f5b7d2acd090f2e1,IT.MidClim.AB.01.Gen.ReEx.001.001,AB,IT.01,FALLBACK_PENDING_LAYOUT_MISSING_DWELLING_COUNT,8b73d36b35bc6664a087763478d8fa5d380dc44bc7cf74ad5f0be8a0bd13c1aa,ab631c6026e3f7cf5cfcff7c6a506eb84b6eeb62f1afa5703fc48ef0897e25fa,IMPUTED_CENSUS_SECTION_CONSTRUCTION_PERIOD,3903.5029,3903.5029,3903.5029,3903.5029,2,
33193,380ce4716764ae93,IT.MidClim.AB.01.Gen.ReEx.001.001,AB,IT.01,DWELLING_LAYOUT_EMITTED_INTERZONE_MISMATCH_REROUTED,38c2810ced8e98056a9e6ecf186431d9c80d8b6a8ac01680e82fd37d89b8dae3,ab631c6026e3f7cf5cfcff7c6a506eb84b6eeb62f1afa5703fc48ef0897e25fa,IMPUTED_CENSUS_SECTION_CONSTRUCTION_PERIOD,630.4023,630.4023,630.4023,630.4023,16,
33196,4992d9d4e5aeb075,IT.MidClim.MFH.01.Gen.ReEx.001.001,MFH,IT.01,DWELLING_LAYOUT_EMITTED_IMPUTED_COUNT,7f23124e21733a8fa7da67250415dd2cadefc50ad7a066d1f6f8539f105cdd97,ab631c6026e3f7cf5cfcff7c6a506eb84b6eeb62f1afa5703fc48ef0897e25fa,IMPUTED_CENSUS_SECTION_CONSTRUCTION_PERIOD,2179.3463,2179.3463,2130.3048,2130.3048,10,
33207,bbfd372c79aad2e1,IT.MidClim.MFH.01.Gen.ReEx.001.001,MFH,IT.01,DWELLING_LAYOUT_EMITTED_IMPUTED_COUNT,23a9251855b73fa85f2c9a19b8d196ff674a366e2b9a4841e80046c222f717e6,ab631c6026e3f7cf5cfcff7c6a506eb84b6eeb62f1afa5703fc48ef0897e25fa,IMPUTED_CENSUS_SECTION_CONSTRUCTION_PERIOD,343.8092,343.8092,336.0382,336.0382,12,
33213,c5f99ddcbf858963,IT.MidClim.MFH.01.Gen.ReEx.001.001,MFH,IT.01,DWELLING_LAYOUT_EMITTED_INTERZONE_MISMATCH_REROUTED,727fda804289d33338643e874f221a886059197b801aada52731dbd5a33b125f,ab631c6026e3f7cf5cfcff7c6a506eb84b6eeb62f1afa5703fc48ef0897e25fa,IMPUTED_CENSUS_SECTION_CONSTRUCTION_PERIOD,269.7872,269.7872,269.7872,269.7872,13,
33227,e880a281e486a06b,IT.MidClim.AB.01.Gen.ReEx.001.001,AB,IT.01,DWELLING_LAYOUT_EMITTED_IMPUTED_COUNT,3e1dc6edd707377a4cd3a02418eb5ca103720f9a84a6999817b67b4ebd085a38,ab631c6026e3f7cf5cfcff7c6a506eb84b6eeb62f1afa5703fc48ef0897e25fa,IMPUTED_CENSUS_SECTION_CONSTRUCTION_PERIOD,714.5807,714.5807,560.6161,560.6161,12,
33229,50fb4a9bee63b511,IT.MidClim.AB.01.Gen.ReEx.001.001,AB,IT.01,DWELLING_LAYOUT_EMITTED_INTERZONE_MISMATCH_REROUTED,87e9ac2214c76e07c3f64db9f48b8fa03c1498fa2c840f2c78c7a8942b5d06e0,ab631c6026e3f7cf5cfcff7c6a506eb84b6eeb62f1afa5703fc48ef0897e25fa,IMPUTED_CENSUS_SECTION_CONSTRUCTION_PERIOD,7879.3376,7879.3376,7879.3376,7879.3376,8,
33231,731ff7c2bc67f11f,IT.MidClim.SFH.01.Gen.ReEx.001.001,SFH,IT.01,DWELLING_LAYOUT_EMITTED_IMPUTED_COUNT,31ab03d8d7045d0a55aebd02c413e9a50691629a9592dc23ff4e132509e6f5b1,ab631c6026e3f7cf5cfcff7c6a506eb84b6eeb62f1afa5703fc48ef0897e25fa,IMPUTED_CENSUS_SECTION_CONSTRUCTION_PERIOD,25.833,25.833,25.833,25.833,6,
33241,ba9df1690ac9088d,IT.MidClim.AB.01.Gen.ReEx.001.001,AB,IT.01,DWELLING_LAYOUT_EMITTED_INTERZONE_MISMATCH_REROUTED,ef77f5fcfd3e620dc3455c09efd0c6255e3a2154544350da93bceb1a4906d619,ab631c6026e3f7cf5cfcff7c6a506eb84b6eeb62f1afa5703fc48ef0897e25fa,IMPUTED_CENSUS_SECTION_CONSTRUCTION_PERIOD,157.0813,157.0813,157.0813,157.0813,5,
33245,6ec0cf7b6175d736,IT.MidClim.MFH.01.Gen.ReEx.001.001,MFH,IT.01,DWELLING_LAYOUT_EMITTED_INTERZONE_MISMATCH_REROUTED,d251bbb82662d0aeb122ed38f324e900fbcbded1c4aa2bfa05a295f8388be64f,ab631c6026e3f7cf5cfcff7c6a506eb84b6eeb62f1afa5703fc48ef0897e25fa,IMPUTED_CENSUS_SECTION_CONSTRUCTION_PERIOD,214.5029,214.5029,214.5029,214.5029,15,
33251,83a0f3c484cd2d2a,IT.MidClim.AB.01.Gen.ReEx.001.001,AB,IT.01,FALLBACK_PENDING_LAYOUT_MISSING_DWELLING_COUNT,058ab8c460d76a1c48429c82e2bd8b34a720d93eac901a47307ef9f582cb1272,ab631c6026e3f7cf5cfcff7c6a506eb84b6eeb62f1afa5703fc48ef0897e25fa,IMPUTED_CENSUS_SECTION_CONSTRUCTION_PERIOD,1152.2282,1152.2282,1152.2282,1152.2282,8,
33255,0f781d6d18e3a825,IT.MidClim.MFH.01.Gen.ReEx.001.001,MFH,IT.01,DWELLING_LAYOUT_EMITTED_INTERZONE_MISMATCH_REROUTED,2de9833ea744239adc10b019ee240063a202ead897689c6696b205ed3ef19611,ab631c6026e3f7cf5cfcff7c6a506eb84b6eeb62f1afa5703fc48ef0897e25fa,IMPUTED_CENSUS_SECTION_CONSTRUCTION_PERIOD,1332.412,1332.412,1332.412,1332.412,6,
33260,8dc0914bdda35d54,IT.MidClim.AB.01.Gen.ReEx.001.001,AB,IT.01,FALLBACK_PENDING_LAYOUT_MISSING_DWELLING_COUNT,7a69b7e5442312e26ebf73c18fc03e0d01838caba2e7526831323d91e87dfd27,ab631c6026e3f7cf5cfcff7c6a506eb84b6eeb62f1afa5703fc48ef0897e25fa,IMPUTED_CENSUS_SECTION_CONSTRUCTION_PERIOD,2170.3806,2170.3806,2170.3806,2170.3806,9,near_duplicate_vertex_tolerated_box
33261,f41130b466cec03b,IT.MidClim.AB.01.Gen.ReEx.001.001,AB,IT.01,DWELLING_LAYOUT_EMITTED_IMPUTED_COUNT,113e6ae97b3889509b2849a6d9d15923e81524e156bfd48de8e9283086a81633,ab631c6026e3f7cf5cfcff7c6a506eb84b6eeb62f1afa5703fc48ef0897e25fa,IMPUTED_CENSUS_SECTION_CONSTRUCTION_PERIOD,2314.2419,2314.2419,2105.9601,2105.9601,6,
33266,832c9e504e496e7c,IT.MidClim.SFH.01.Gen.ReEx.001.001,SFH,IT.01,DWELLING_LAYOUT_EMITTED_IMPUTED_COUNT,b9ac145ed25dcaf18dae4b3a80ecde691941611a28b4845ddffe051d30b1ba48,ab631c6026e3f7cf5cfcff7c6a506eb84b6eeb62f1afa5703fc48ef0897e25fa,IMPUTED_CENSUS_SECTION_CONSTRUCTION_PERIOD,27.191,27.191,27.191,27.191,4,
33273,38da7bd6551563ff,IT.MidClim.AB.01.Gen.ReEx.001.001,AB,IT.01,FALLBACK_PENDING_LAYOUT_MISSING_DWELLING_COUNT,9f6db5f81ba9bdbfcbc778147c811dc07aea5d913a872af43d5b0469a20d10fa,ab631c6026e3f7cf5cfcff7c6a506eb84b6eeb62f1afa5703fc48ef0897e25fa,IMPUTED_CENSUS_SECTION_CONSTRUCTION_PERIOD,870.0864,870.0864,870.0864,870.0864,9,
33278,3f816e87f5c36ed7,IT.MidClim.MFH.01.Gen.ReEx.001.001,MFH,IT.01,DWELLING_LAYOUT_EMITTED_IMPUTED_COUNT,2fa3b1291b436bc64fc20bcb9181f4b2b098afadc0876882d2d8b895465301fa,ab631c6026e3f7cf5cfcff7c6a506eb84b6eeb62f1afa5703fc48ef0897e25fa,IMPUTED_CENSUS_SECTION_CONSTRUCTION_PERIOD,279.6968,279.6968,262.8736,262.8736,11,
33288,cbd54c152438caa2,IT.MidClim.AB.01.Gen.ReEx.001.001,AB,IT.01,DWELLING_LAYOUT_EMITTED_INTERZONE_MISMATCH_REROUTED,2a0cdcafb679981a5b66f889f85db1ec53fc6fb744b2215b84e7f77abf424413,ab631c6026e3f7cf5cfcff7c6a506eb84b6eeb62f1afa5703fc48ef0897e25fa,IMPUTED_CENSUS_SECTION_CONSTRUCTION_PERIOD,1870.8657,1870.8657,1870.8657,1870.8657,6,
33298,d5d202f6af7f7bc2,IT.MidClim.MFH.01.Gen.ReEx.001.001,MFH,IT.01,DWELLING_LAYOUT_EMITTED_INTERZONE_MISMATCH_REROUTED,5d958cd4c6897daa2c6984614603e852102ae681327a8497a7b95825ef392c1d,ab631c6026e3f7cf5cfcff7c6a506eb84b6eeb62f1afa5703fc48ef0897e25fa,IMPUTED_CENSUS_SECTION_CONSTRUCTION_PERIOD,600.5162,600.5162,600.5162,600.5162,5,
33299,ee5220ec8d178b19,IT.MidClim.AB.01.Gen.ReEx.001.001,AB,IT.01,FALLBACK_PENDING_LAYOUT_MISSING_DWELLING_COUNT,3813af1e142f6cb5f5e8892b4d4a622fe3a19a6d597e2e5f176d7b8f3728e74e,ab631c6026e3f7cf5cfcff7c6a506eb84b6eeb62f1afa5703fc48ef0897e25fa,IMPUTED_CENSUS_SECTION_CONSTRUCTION_PERIOD,2612.8251,2612.8251,2612.8251,2612.8251,5,
33303,1d877488bc19c8a8,IT.MidClim.SFH.01.Gen.ReEx.001.001,SFH,IT.01,DWELLING_LAYOUT_EMITTED_IMPUTED_COUNT,86ec20c905f84b11e50bac4baff6caee2043cdb468a88d966810aa803a2899c4,ab631c6026e3f7cf5cfcff7c6a506eb84b6eeb62f1afa5703fc48ef0897e25fa,IMPUTED_CENSUS_SECTION_CONSTRUCTION_PERIOD,74.5812,74.5812,74.5812,74.5812,7,
33320,0a46fa622c5587cd,IT.MidClim.AB.01.Gen.ReEx.001.001,AB,IT.01,DWELLING_LAYOUT_EMITTED_INTERZONE_MISMATCH_REROUTED,515c452806874677fc4c322c105ab24453a458e9fa09f10a8ee43ce1d4f10c21,ab631c6026e3f7cf5cfcff7c6a506eb84b6eeb62f1afa5703fc48ef0897e25fa,IMPUTED_CENSUS_SECTION_CONSTRUCTION_PERIOD,2410.0045,2410.0045,2410.0045,2410.0045,11,
33327,595675e5f53ef10b,IT.MidClim.AB.01.Gen.ReEx.001.001,AB,IT.01,FALLBACK_PENDING_LAYOUT_MISSING_DWELLING_COUNT,0f4f349441e10709e9482b06b30f5b059d9a20c772b8a09a65a005cde76c6c49,ab631c6026e3f7cf5cfcff7c6a506eb84b6eeb62f1afa5703fc48ef0897e25fa,IMPUTED_CENSUS_SECTION_CONSTRUCTION_PERIOD,4807.336,4807.336,4807.336,4807.336,8,
33329,25059ebb2ac9273e,IT.MidClim.AB.01.Gen.ReEx.001.001,AB,IT.01,FALLBACK_PENDING_LAYOUT_MISSING_DWELLING_COUNT,ece65473a3830caa311d236268c1bcfc240cfa560dc49d74954d98d357519f0b,ab631c6026e3f7cf5cfcff7c6a506eb84b6eeb62f1afa5703fc48ef0897e25fa,IMPUTED_CENSUS_SECTION_CONSTRUCTION_PERIOD,1003.6838,1003.6838,1003.6838,1003.6838,9,
33335,9f488c6177619351,IT.MidClim.MFH.01.Gen.ReEx.001.001,MFH,IT.01,DWELLING_LAYOUT_EMITTED_INTERZONE_MISMATCH_REROUTED,72c0b5ab59f93eaccec3424826ed48a766156f6e0c880f6f5532c758d0dc06a2,ab631c6026e3f7cf5cfcff7c6a506eb84b6eeb62f1afa5703fc48ef0897e25fa,IMPUTED_CENSUS_SECTION_CONSTRUCTION_PERIOD,116.9889,116.9889,116.9889,116.9889,10,
33336,c416043d55549828,IT.MidClim.SFH.01.Gen.ReEx.001.001,SFH,IT.01,DWELLING_LAYOUT_EMITTED_IMPUTED_COUNT,edb1173ae433316ea105ea3277af244c1bd3eea1392cffeb8e9a0f16730563c6,ab631c6026e3f7cf5cfcff7c6a506eb84b6eeb62f1afa5703fc48ef0897e25fa,IMPUTED_CENSUS_SECTION_CONSTRUCTION_PERIOD,24.4634,24.4634,24.4634,24.4634,9,
33338,f1518cf39b80f96f,IT.MidClim.AB.01.Gen.ReEx.001.001,AB,IT.01,FALLBACK_PENDING_LAYOUT_MISSING_DWELLING_COUNT,b649821b54047207d9ba71f51a9b77a1e07c64c04335acc4645bee85695ad5f0,ab631c6026e3f7cf5cfcff7c6a506eb84b6eeb62f1afa5703fc48ef0897e25fa,IMPUTED_CENSUS_SECTION_CONSTRUCTION_PERIOD,1621.4666,1621.4666,1621.4666,1621.4666,7,
33340,ba58c12b47e482b0,IT.MidClim.MFH.01.Gen.ReEx.001.001,MFH,IT.01,DWELLING_LAYOUT_EMITTED_INTERZONE_MISMATCH_REROUTED,0b171c6ae31c06c172cd900de319d8813d4766f4058add969cd67aa6845ee16f,ab631c6026e3f7cf5cfcff7c6a506eb84b6eeb62f1afa5703fc48ef0897e25fa,IMPUTED_CENSUS_SECTION_CONSTRUCTION_PERIOD,109.1013,109.1013,109.1013,109.1013,6,
33353,14e6b7b8fd345597,IT.MidClim.AB.01.Gen.ReEx.001.001,AB,IT.01,DWELLING_LAYOUT_EMITTED_INTERZONE_MISMATCH_REROUTED,0d0b9833f49314114fa5711de4d11fc00cc67ed03a2cd0c0c3514c896f03d35f,ab631c6026e3f7cf5cfcff7c6a506eb84b6eeb62f1afa5703fc48ef0897e25fa,IMPUTED_CENSUS_SECTION_CONSTRUCTION_PERIOD,913.421,913.421,913.421,913.421,7,
33354,13a87087effb0eef,IT.MidClim.AB.01.Gen.ReEx.001.001,AB,IT.01,FALLBACK_PENDING_LAYOUT_MISSING_DWELLING_COUNT,615950a0993db9a0bcd215e8442c8de1d8144feb38357852654c6d17a6a65959,ab631c6026e3f7cf5cfcff7c6a506eb84b6eeb62f1afa5703fc48ef0897e25fa,IMPUTED_CENSUS_SECTION_CONSTRUCTION_PERIOD,1576.0089,1576.0089,1576.0089,1576.0089,7,
33359,1e775ba2648ebdf6,IT.MidClim.AB.01.Gen.ReEx.001.001,AB,IT.01,FALLBACK_PENDING_LAYOUT_MISSING_DWELLING_COUNT,dfb4c3129102fb3acac81a29b1d70717dd1e694a285ad1301c11966ff2093c6c,ab631c6026e3f7cf5cfcff7c6a506eb84b6eeb62f1afa5703fc48ef0897e25fa,IMPUTED_CENSUS_SECTION_CONSTRUCTION_PERIOD,2082.9133,2082.9133,2082.9133,2082.9133,10,near_duplicate_vertex_tolerated_box
33362,02fb2dffd171aaf2,IT.MidClim.MFH.01.Gen.ReEx.001.001,MFH,IT.01,DWELLING_LAYOUT_EMITTED_INTERZONE_MISMATCH_REROUTED,95f7a4a93cc95857bcda103bfa72b855e3332ecd395ff3079bc57e5d79235626,ab631c6026e3f7cf5cfcff7c6a506eb84b6eeb62f1afa5703fc48ef0897e25fa,IMPUTED_CENSUS_SECTION_CONSTRUCTION_PERIOD,490.5929,490.5929,490.5929,490.5929,8,
33363,5ddf52fdb8fdc779,IT.MidClim.AB.01.Gen.ReEx.001.001,AB,IT.01,FALLBACK_PENDING_LAYOUT_MISSING_DWELLING_COUNT,984a594098d41b6b06ffa28b733131e873755eea2269f052275c57321d42aca3,ab631c6026e3f7cf5cfcff7c6a506eb84b6eeb62f1afa5703fc48ef0897e25fa,IMPUTED_CENSUS_SECTION_CONSTRUCTION_PERIOD,1778.2437,1778.2437,1778.2437,1778.2437,11,near_duplicate_vertex_tolerated_box
33377,656ca2f12789ee4f,IT.MidClim.AB.01.Gen.ReEx.001.001,AB,IT.01,DWELLING_LAYOUT_EMITTED_INTERZONE_MISMATCH_REROUTED,85e54919feb24e5dc8b040ad4fda308db0de9ab8abbf82ceef0be25d3930a854,ab631c6026e3f7cf5cfcff7c6a506eb84b6eeb62f1afa5703fc48ef0897e25fa,IMPUTED_CENSUS_SECTION_CONSTRUCTION_PERIOD,1354.6505,1354.6505,1354.6505,1354.6505,7,
33378,f57e633452f1f602,IT.MidClim.AB.01.Gen.ReEx.001.001,AB,IT.01,FALLBACK_PENDING_LAYOUT_MISSING_DWELLING_COUNT,80c731498cdaf66cde8afd1c4974676e23a63f710e7dae96879915e690e1f1a5,ab631c6026e3f7cf5cfcff7c6a506eb84b6eeb62f1afa5703fc48ef0897e25fa,IMPUTED_CENSUS_SECTION_CONSTRUCTION_PERIOD,1305.7401,1305.7401,1305.7401,1305.7401,5,
33388,60e18f9d7f330404,IT.MidClim.AB.01.Gen.ReEx.001.001,AB,IT.01,FALLBACK_PENDING_LAYOUT_MISSING_DWELLING_COUNT,a0861cd50cd76b6d73feebd2f1b81b4ac62612c059bd13b771046fb2ad053ff6,ab631c6026e3f7cf5cfcff7c6a506eb84b6eeb62f1afa5703fc48ef0897e25fa,IMPUTED_CENSUS_SECTION_CONSTRUCTION_PERIOD,2862.381,2862.381,2862.381,2862.381,10,
33390,9060e74b567bdc31,IT.MidClim.AB.01.Gen.ReEx.001.001,AB,IT.01,FALLBACK_PENDING_LAYOUT_MISSING_DWELLING_COUNT,141e1f5b6d7650bf9d568491cc9f3e3f7537449e43633edaabdbbe6bc3bf503e,ab631c6026e3f7cf5cfcff7c6a506eb84b6eeb62f1afa5703fc48ef0897e25fa,IMPUTED_CENSUS_SECTION_CONSTRUCTION_PERIOD,1757.6195,1757.6195,1757.6195,1757.6195,7,
33401,0166cccb60413daa,IT.MidClim.AB.01.Gen.ReEx.001.001,AB,IT.01,FALLBACK_PENDING_LAYOUT_MISSING_DWELLING_COUNT,7ba1887d9ac1fa181317fc00acd7249ad480ce3d1af0aa323824dd58f94266f0,ab631c6026e3f7cf5cfcff7c6a506eb84b6eeb62f1afa5703fc48ef0897e25fa,IMPUTED_CENSUS_SECTION_CONSTRUCTION_PERIOD,2183.2045,2183.2045,2183.2045,2183.2045,4,
33412,16176a7bf02c9310,IT.MidClim.AB.01.Gen.ReEx.001.001,AB,IT.01,FALLBACK_PENDING_LAYOUT_MISSING_DWELLING_COUNT,5f7014aace168e0d4f3a415724177163ce9d0f8638ffa785541d1cf3d98ff182,ab631c6026e3f7cf5cfcff7c6a506eb84b6eeb62f1afa5703fc48ef0897e25fa,IMPUTED_CENSUS_SECTION_CONSTRUCTION_PERIOD,1009.3753,1009.3753,1009.3753,1009.3753,4,near_duplicate_vertex_tolerated_box
33413,940dab8a96bb1839,IT.MidClim.AB.01.Gen.ReEx.001.001,AB,IT.01,DWELLING_LAYOUT_EMITTED_INTERZONE_MISMATCH_REROUTED,671a87474eb7a991ccb4a4bbe5f683af774a7e2c439ec86d5c6b73d8ad2cdf27,ab631c6026e3f7cf5cfcff7c6a506eb84b6eeb62f1afa5703fc48ef0897e25fa,IMPUTED_CENSUS_SECTION_CONSTRUCTION_PERIOD,3290.9721,3290.9721,3290.9721,3290.9721,7,
33446,56c1eedae61b6bdf,IT.MidClim.AB.01.Gen.ReEx.001.001,AB,IT.01,DWELLING_LAYOUT_EMITTED_INTERZONE_MISMATCH_REROUTED,7d3f4d8d147356467c0e2b6e9c82d0abe7f404ce8e9f1037f03875bedc9ed70d,ab631c6026e3f7cf5cfcff7c6a506eb84b6eeb62f1afa5703fc48ef0897e25fa,IMPUTED_CENSUS_SECTION_CONSTRUCTION_PERIOD,1497.1625,1497.1625,1497.1625,1497.1625,1,
33450,9f01e916ca8364c5,IT.MidClim.AB.01.Gen.ReEx.001.001,AB,IT.01,FALLBACK_PENDING_LAYOUT_MISSING_DWELLING_COUNT,4cdc8b55b020012c6adec79d4afc9a8bc8f28ce14485ab3157cfc762fb4d35cc,ab631c6026e3f7cf5cfcff7c6a506eb84b6eeb62f1afa5703fc48ef0897e25fa,IMPUTED_CENSUS_SECTION_CONSTRUCTION_PERIOD,1501.0878,1501.0878,1501.0878,1501.0878,7,
33470,41ff254f90c491cb,IT.MidClim.AB.01.Gen.ReEx.001.001,AB,IT.01,DWELLING_LAYOUT_EMITTED_INTERZONE_MISMATCH_REROUTED,e8ec271fdb5508cafd022a9c083e2e27ba1a3fbcf0a11cf8be49b968bf9c574e,ab631c6026e3f7cf5cfcff7c6a506eb84b6eeb62f1afa5703fc48ef0897e25fa,IMPUTED_CENSUS_SECTION_CONSTRUCTION_PERIOD,1543.0206,1543.0206,1543.0206,1543.0206,3,
33471,7ae445dfd3954889,IT.MidClim.AB.01.Gen.ReEx.001.001,AB,IT.01,FALLBACK_PENDING_LAYOUT_MISSING_DWELLING_COUNT,d7c315741f04ae205db755646b349b2920d5f0106230b3be6d5c0ef63c2275e2,ab631c6026e3f7cf5cfcff7c6a506eb84b6eeb62f1afa5703fc48ef0897e25fa,IMPUTED_CENSUS_SECTION_CONSTRUCTION_PERIOD,1106.4746,1106.4746,1106.4746,1106.4746,3,
33473,df5db5eb84ff1a1c,IT.MidClim.AB.01.Gen.ReEx.001.001,AB,IT.01,FALLBACK_PENDING_LAYOUT_MISSING_DWELLING_COUNT,0bfa3d4d05aa64766dcef84d0453a7fb395c02b770cb71f83672df5be744e67c,ab631c6026e3f7cf5cfcff7c6a506eb84b6eeb62f1afa5703fc48ef0897e25fa,IMPUTED_CENSUS_SECTION_CONSTRUCTION_PERIOD,2871.7337,2871.7337,2871.7337,2871.7337,5,
33482,1a4de96cd3a2fa4d,IT.MidClim.AB.01.Gen.ReEx.001.001,AB,IT.01,FALLBACK_PENDING_LAYOUT_MISSING_DWELLING_COUNT,903c3c3fef6d96694ca388a26faf15193b4fc05d4c2402d6b1626eb1428d2458,ab631c6026e3f7cf5cfcff7c6a506eb84b6eeb62f1afa5703fc48ef0897e25fa,IMPUTED_CENSUS_SECTION_CONSTRUCTION_PERIOD,1763.174,1763.174,1763.174,1763.174,4,
33487,9c812451bef6e002,IT.MidClim.AB.01.Gen.ReEx.001.001,AB,IT.01,DWELLING_LAYOUT_EMITTED_IMPUTED_COUNT,e97bd186f6b1a99e32bd313b6068c9e387b35f68348fc2bdbe2873be6635272e,ab631c6026e3f7cf5cfcff7c6a506eb84b6eeb62f1afa5703fc48ef0897e25fa,IMPUTED_CENSUS_SECTION_CONSTRUCTION_PERIOD,2471.3532,2471.3532,2179.5332,2179.5332,3,
33500,2611797732f70b9a,IT.MidClim.AB.01.Gen.ReEx.001.001,AB,IT.01,DWELLING_LAYOUT_EMITTED_IMPUTED_COUNT,286f8e15f5b21998f464e2c20f13910d6eea053af273b8bb3f4f81ff862642ec,ab631c6026e3f7cf5cfcff7c6a506eb84b6eeb62f1afa5703fc48ef0897e25fa,IMPUTED_CENSUS_SECTION_CONSTRUCTION_PERIOD,2530.8948,2530.8948,2303.1143,2303.1143,7,
33580,2a00d0014618a576,IT.MidClim.MFH.01.Gen.ReEx.001.001,MFH,IT.01,DWELLING_LAYOUT_EMITTED_IMPUTED_COUNT,2d963e9dbdbbe0088abdac8844881fd8314716d52eaa5d8e9a09fb272f1a9c01,ab631c6026e3f7cf5cfcff7c6a506eb84b6eeb62f1afa5703fc48ef0897e25fa,IMPUTED_CENSUS_SECTION_CONSTRUCTION_PERIOD,699.6245,699.6245,657.6039,657.6039,6,
33617,e136c1603c354ca5,IT.MidClim.AB.01.Gen.ReEx.001.001,AB,IT.01,DWELLING_LAYOUT_EMITTED_INTERZONE_MISMATCH_REROUTED,c9757506663f6541a02cc84ec4d93ff77babe33959cedc5b30af3585f0746d28,ab631c6026e3f7cf5cfcff7c6a506eb84b6eeb62f1afa5703fc48ef0897e25fa,IMPUTED_CENSUS_SECTION_CONSTRUCTION_PERIOD,3017.0762,3017.0762,3017.0762,3017.0762,5,
33632,1ad51f551af7d3ce,IT.MidClim.AB.01.Gen.ReEx.001.001,AB,IT.01,FALLBACK_PENDING_LAYOUT_MISSING_DWELLING_COUNT,9ea1aa8e84c2ac359910d07f6eae697fb68a72eb38af18f16fdbcdfe76316a9b,ab631c6026e3f7cf5cfcff7c6a506eb84b6eeb62f1afa5703fc48ef0897e25fa,IMPUTED_CENSUS_SECTION_CONSTRUCTION_PERIOD,1995.5608,1995.5608,1995.5608,1995.5608,3,
81068,7a42c1461340e3f9,IT.MidClim.MFH.01.Gen.ReEx.001.001,MFH,IT.01,DWELLING_LAYOUT_EMITTED_IMPUTED_COUNT,5da64d2945a1bb26dac9038c585c151a098199a53c14bd1e80146eba3d99882c,ab631c6026e3f7cf5cfcff7c6a506eb84b6eeb62f1afa5703fc48ef0897e25fa,IMPUTED_CENSUS_SECTION_CONSTRUCTION_PERIOD,61.3819,61.3819,57.699,57.699,1,
81069,b76554ccd93a49d5,IT.MidClim.MFH.01.Gen.ReEx.001.001,MFH,IT.01,DWELLING_LAYOUT_EMITTED_IMPUTED_COUNT,d28678d54fcd6588bc2763af0f5f3503e4219abf15beb8398a7a75ff1a720602,ab631c6026e3f7cf5cfcff7c6a506eb84b6eeb62f1afa5703fc48ef0897e25fa,IMPUTED_CENSUS_SECTION_CONSTRUCTION_PERIOD,469.7854,469.7854,441.5983,441.5983,10,
81070,7a3cedf3d8a01cca,IT.MidClim.MFH.01.Gen.ReEx.001.001,MFH,IT.01,DWELLING_LAYOUT_EMITTED_IMPUTED_COUNT,651716cd8f3da88f9814ae3dfa05ddc89d64fc9dade355d9f5823e6fcef2bf2c,ab631c6026e3f7cf5cfcff7c6a506eb84b6eeb62f1afa5703fc48ef0897e25fa,IMPUTED_CENSUS_SECTION_CONSTRUCTION_PERIOD,107.3323,107.3323,100.8924,100.8924,3,
81071,7cb37b655dfb0c0d,IT.MidClim.MFH.01.Gen.ReEx.001.001,MFH,IT.01,DWELLING_LAYOUT_EMITTED_IMPUTED_COUNT,0454b7ff4d1959fe86ec7015f745b014c84dbaa3d4610fa6bcba520909e4e8a5,ab631c6026e3f7cf5cfcff7c6a506eb84b6eeb62f1afa5703fc48ef0897e25fa,IMPUTED_CENSUS_SECTION_CONSTRUCTION_PERIOD,69.3314,69.3314,65.1715,65.1715,13,
81072,7b972c86bf07c5fc,IT.MidClim.MFH.01.Gen.ReEx.001.001,MFH,IT.01,DWELLING_LAYOUT_EMITTED_IMPUTED_COUNT,7f8cda817421c54e84bf57cbc98df1d8e575de691809154ded81c378fcbc9d6e,ab631c6026e3f7cf5cfcff7c6a506eb84b6eeb62f1afa5703fc48ef0897e25fa,IMPUTED_CENSUS_SECTION_CONSTRUCTION_PERIOD,103.5372,103.5372,97.325,97.325,11,
81082,53663730b24adb57,IT.MidClim.MFH.01.Gen.ReEx.001.001,MFH,IT.01,DWELLING_LAYOUT_EMITTED_INTERZONE_MISMATCH_REROUTED,3e98b81068ae26e72700cf4d1d7a1e201b87941385bdfb5f43a0ad32a12350b2,ab631c6026e3f7cf5cfcff7c6a506eb84b6eeb62f1afa5703fc48ef0897e25fa,IMPUTED_CENSUS_SECTION_CONSTRUCTION_PERIOD,71.6733,71.6733,71.6733,71.6733,5,
81093,5466c3e88898cada,IT.MidClim.MFH.03.Gen.ReEx.001.001,MFH,IT.03,FALLBACK_PENDING_LAYOUT_MISSING_DWELLING_COUNT,a7b16bd212c5d4edab45540128749bc63841514ac762bfafc5e573ba90e38a2d,ab631c6026e3f7cf5cfcff7c6a506eb84b6eeb62f1afa5703fc48ef0897e25fa,IMPUTED_CENSUS_SECTION_CONSTRUCTION_PERIOD,88.5893,88.5893,88.5893,88.5893,6,
81108,7783b2340acd1350,IT.MidClim.SFH.01.Gen.ReEx.001.001,SFH,IT.01,DWELLING_LAYOUT_EMITTED_IMPUTED_COUNT,e7fc361021aaf11b14d2a5f9408482883a5313296fbabd14b6e183ea42e1fee8,ab631c6026e3f7cf5cfcff7c6a506eb84b6eeb62f1afa5703fc48ef0897e25fa,IMPUTED_CENSUS_SECTION_CONSTRUCTION_PERIOD,38.3496,38.3496,38.3496,38.3496,3,
87518,e16b523008c727de,IT.MidClim.MFH.01.Gen.ReEx.001.001,MFH,IT.01,DWELLING_LAYOUT_EMITTED_INTERZONE_MISMATCH_REROUTED,0f262849046710351a7426848e6d11b5cb3db88b8f4292daa2d45b8e28fac14d,ab631c6026e3f7cf5cfcff7c6a506eb84b6eeb62f1afa5703fc48ef0897e25fa,IMPUTED_CENSUS_SECTION_CONSTRUCTION_PERIOD,102.8695,102.8695,102.8695,102.8695,14,
87525,b2b6c53f7d736b7c,IT.MidClim.MFH.01.Gen.ReEx.001.001,MFH,IT.01,DWELLING_LAYOUT_EMITTED_INTERZONE_MISMATCH_REROUTED,556b0e99615738817009ecdc4d56955d249a2c5033e500d55cb6db8f9c04bba6,ab631c6026e3f7cf5cfcff7c6a506eb84b6eeb62f1afa5703fc48ef0897e25fa,IMPUTED_CENSUS_SECTION_CONSTRUCTION_PERIOD,255.9795,255.9795,255.9795,255.9795,16,
87531,a20d170bb3bbb324,IT.MidClim.AB.01.Gen.ReEx.001.001,AB,IT.01,FALLBACK_PENDING_LAYOUT_MISSING_DWELLING_COUNT,6f9be28e1a2fb61de41ea20429d7ce286ca7fc2f4d34047c9c68cbd3a78a69f8,ab631c6026e3f7cf5cfcff7c6a506eb84b6eeb62f1afa5703fc48ef0897e25fa,IMPUTED_CENSUS_SECTION_CONSTRUCTION_PERIOD,4979.3152,4979.3152,4979.3152,4979.3152,21,near_duplicate_vertex_tolerated_box
87532,ff2ed0a61407c7c9,IT.MidClim.AB.01.Gen.ReEx.001.001,AB,IT.01,FALLBACK_PENDING_LAYOUT_MISSING_DWELLING_COUNT,8396249d97895ec70139099ae06664eda3547e6c5721d5043d7dab7b357e1b69,ab631c6026e3f7cf5cfcff7c6a506eb84b6eeb62f1afa5703fc48ef0897e25fa,IMPUTED_CENSUS_SECTION_CONSTRUCTION_PERIOD,739.0727,739.0727,739.0727,739.0727,11,
87563,e23ce139c5dc9bcc,IT.MidClim.MFH.01.Gen.ReEx.001.001,MFH,IT.01,DWELLING_LAYOUT_EMITTED_INTERZONE_MISMATCH_REROUTED,3f9fc8d2eb659cbb526a6d8a532245ea436d95d710f3aeca7d5595f62c62e8c8,ab631c6026e3f7cf5cfcff7c6a506eb84b6eeb62f1afa5703fc48ef0897e25fa,IMPUTED_CENSUS_SECTION_CONSTRUCTION_PERIOD,226.7847,226.7847,226.7847,226.7847,6,
87566,13387898d7bc8110,IT.MidClim.AB.03.Gen.ReEx.001.001,AB,IT.03,FALLBACK_PENDING_LAYOUT_MISSING_DWELLING_COUNT,43aa5639cb3d2fc6728100b08f1394f866f4296f587cd5584e5171547516f01a,ab631c6026e3f7cf5cfcff7c6a506eb84b6eeb62f1afa5703fc48ef0897e25fa,IMPUTED_CENSUS_SECTION_CONSTRUCTION_PERIOD,6132.0319,6132.0319,6132.0319,6132.0319,20,near_duplicate_vertex_tolerated_box
87569,e254c440c995e8f9,IT.MidClim.TH.01.Gen.ReEx.001.001,TH,IT.01,DWELLING_LAYOUT_EMITTED_IMPUTED_COUNT,d5db9f8a8a584735a0a970b9d78a72c54984d9d41957758605201c482ac81ea8,ab631c6026e3f7cf5cfcff7c6a506eb84b6eeb62f1afa5703fc48ef0897e25fa,IMPUTED_CENSUS_SECTION_CONSTRUCTION_PERIOD,68.3509,68.3509,68.3509,68.3509,11,
91523,3b137a58e6341a56,IT.MidClim.AB.01.Gen.ReEx.001.001,AB,IT.01,FALLBACK_PENDING_LAYOUT_MISSING_DWELLING_COUNT,305b027c30a6cf7beb142c3eb7f64d44ce958c71e0cb3898b5ac77e02b0f3b09,ab631c6026e3f7cf5cfcff7c6a506eb84b6eeb62f1afa5703fc48ef0897e25fa,IMPUTED_CENSUS_SECTION_CONSTRUCTION_PERIOD,12144.433,12144.433,12144.433,12144.433,19,near_duplicate_vertex_tolerated_box
92782,3caf13e3da658da2,IT.MidClim.TH.01.Gen.ReEx.001.001,TH,IT.01,DWELLING_LAYOUT_EMITTED_IMPUTED_COUNT,fbb3107f077bc464f22350476dafd97d228231363fe90125ff2b08ace1723958,ab631c6026e3f7cf5cfcff7c6a506eb84b6eeb62f1afa5703fc48ef0897e25fa,IMPUTED_CENSUS_SECTION_CONSTRUCTION_PERIOD,36.3926,36.3926,36.3926,36.3926,9,
92784,e2830bf4ebd22588,IT.MidClim.TH.01.Gen.ReEx.001.001,TH,IT.01,DWELLING_LAYOUT_EMITTED_IMPUTED_COUNT,b7fb14ae659372449b860fae0d9073e36f9db4197c1240f77be57ace14e28c99,ab631c6026e3f7cf5cfcff7c6a506eb84b6eeb62f1afa5703fc48ef0897e25fa,IMPUTED_CENSUS_SECTION_CONSTRUCTION_PERIOD,21.3944,21.3944,21.3944,21.3944,8,
92787,6005e7db8bfec0ad,IT.MidClim.MFH.01.Gen.ReEx.001.001,MFH,IT.01,DWELLING_LAYOUT_EMITTED_INTERZONE_MISMATCH_REROUTED,00d9e8d899b42060764c57dd6f14d8563314b3f6a4a655fe3a09c43d2c84f685,ab631c6026e3f7cf5cfcff7c6a506eb84b6eeb62f1afa5703fc48ef0897e25fa,IMPUTED_CENSUS_SECTION_CONSTRUCTION_PERIOD,94.6094,94.6094,94.6094,94.6094,8,
92789,42c84e1b770c6781,IT.MidClim.MFH.01.Gen.ReEx.001.001,MFH,IT.01,DWELLING_LAYOUT_EMITTED_INTERZONE_MISMATCH_REROUTED,ca2f4e3005503562ddc9fb9d4a687f4f26e60193f1aac9e3689e350f34d2d084,ab631c6026e3f7cf5cfcff7c6a506eb84b6eeb62f1afa5703fc48ef0897e25fa,IMPUTED_CENSUS_SECTION_CONSTRUCTION_PERIOD,786.1565,786.1565,786.1565,786.1565,4,
92792,961e4b109aa9e2f5,IT.MidClim.MFH.01.Gen.ReEx.001.001,MFH,IT.01,DWELLING_LAYOUT_EMITTED_IMPUTED_COUNT,fbc3ae625598e5ee76e015a40b01fcda356596ed9135b8161a93bade076f7fdb,ab631c6026e3f7cf5cfcff7c6a506eb84b6eeb62f1afa5703fc48ef0897e25fa,IMPUTED_CENSUS_SECTION_CONSTRUCTION_PERIOD,95.017,95.017,89.316,89.316,11,
92798,5c9b4dede5318713,IT.MidClim.MFH.01.Gen.ReEx.001.001,MFH,IT.01,DWELLING_LAYOUT_EMITTED_INTERZONE_MISMATCH_REROUTED,142fb630d7df5b4c196304814c4e8951f18db36148d98aa7ca7daf1e3be10ccf,ab631c6026e3f7cf5cfcff7c6a506eb84b6eeb62f1afa5703fc48ef0897e25fa,IMPUTED_CENSUS_SECTION_CONSTRUCTION_PERIOD,87.7981,87.7981,87.7981,87.7981,3,
92800,2805d5834ebc0616,IT.MidClim.TH.01.Gen.ReEx.001.001,TH,IT.01,DWELLING_LAYOUT_EMITTED_IMPUTED_COUNT,2c7da0ebf32aa0d7b8c078ff90cf044c5c6278260778ffa45f74f41dd334e95c,ab631c6026e3f7cf5cfcff7c6a506eb84b6eeb62f1afa5703fc48ef0897e25fa,IMPUTED_CENSUS_SECTION_CONSTRUCTION_PERIOD,22.3683,22.3683,22.3683,22.3683,5,
92801,de288e6a31e9645b,IT.MidClim.AB.01.Gen.ReEx.001.001,AB,IT.01,FALLBACK_PENDING_LAYOUT_MISSING_DWELLING_COUNT,adedcf3fd05a716c089cf5e64df0bc73015869e3e0c7200ad91a3d014da8d0eb,ab631c6026e3f7cf5cfcff7c6a506eb84b6eeb62f1afa5703fc48ef0897e25fa,IMPUTED_CENSUS_SECTION_CONSTRUCTION_PERIOD,130.7992,130.7992,130.7992,130.7992,6,
92802,2415ea46bed5ef9d,IT.MidClim.TH.01.Gen.ReEx.001.001,TH,IT.01,DWELLING_LAYOUT_EMITTED_IMPUTED_COUNT,50c631606285cffbf74590c4aeaba600f8ec6f81a2597fb8b854621046503fc4,ab631c6026e3f7cf5cfcff7c6a506eb84b6eeb62f1afa5703fc48ef0897e25fa,IMPUTED_CENSUS_SECTION_CONSTRUCTION_PERIOD,22.1236,22.1236,22.1236,22.1236,5,
92803,7a63a9880b0a5ea4,IT.MidClim.TH.01.Gen.ReEx.001.001,TH,IT.01,DWELLING_LAYOUT_EMITTED_IMPUTED_COUNT,b213fc733c4ce27b2279cb4f0c2aa4be6199c2f54d29d06e1338c1d0223a90a5,ab631c6026e3f7cf5cfcff7c6a506eb84b6eeb62f1afa5703fc48ef0897e25fa,IMPUTED_CENSUS_SECTION_CONSTRUCTION_PERIOD,22.9282,22.9282,22.9282,22.9282,4,
92808,e17a98a5a865a755,IT.MidClim.AB.01.Gen.ReEx.001.001,AB,IT.01,FALLBACK_PENDING_LAYOUT_MISSING_DWELLING_COUNT,ba19367964b1f9e6a26400442d939cab281c1dcbe6f259780c4d891b79d393b7,ab631c6026e3f7cf5cfcff7c6a506eb84b6eeb62f1afa5703fc48ef0897e25fa,IMPUTED_CENSUS_SECTION_CONSTRUCTION_PERIOD,341.264,341.264,341.264,341.264,4,
92809,15128498d5007b67,IT.MidClim.MFH.01.Gen.ReEx.001.001,MFH,IT.01,DWELLING_LAYOUT_EMITTED_INTERZONE_MISMATCH_REROUTED,1bc2ef5e1f8ba51848bdb814180a2c18abaf641da5293d32b0cea39190c9a805,ab631c6026e3f7cf5cfcff7c6a506eb84b6eeb62f1afa5703fc48ef0897e25fa,IMPUTED_CENSUS_SECTION_CONSTRUCTION_PERIOD,102.7618,102.7618,102.7618,102.7618,4,
92813,f7bfb14dcdd9a80d,IT.MidClim.AB.01.Gen.ReEx.001.001,AB,IT.01,FALLBACK_PENDING_LAYOUT_MISSING_DWELLING_COUNT,9a0580f59c6dfad280eee79b7c352567801753c1cbcf5d9869c7ce00fa53480b,ab631c6026e3f7cf5cfcff7c6a506eb84b6eeb62f1afa5703fc48ef0897e25fa,IMPUTED_CENSUS_SECTION_CONSTRUCTION_PERIOD,1150.2627,1150.2627,1150.2627,1150.2627,12,near_duplicate_vertex_tolerated_box
92820,e65c5a2a69af964f,IT.MidClim.AB.01.Gen.ReEx.001.001,AB,IT.01,FALLBACK_PENDING_LAYOUT_MISSING_DWELLING_COUNT,3821e2d17334f388bcefb9fb117b6a5e169d57baa455afee3460fc85dcfd2fe2,ab631c6026e3f7cf5cfcff7c6a506eb84b6eeb62f1afa5703fc48ef0897e25fa,IMPUTED_CENSUS_SECTION_CONSTRUCTION_PERIOD,155.9822,155.9822,155.9822,155.9822,9,
92821,5bbca2d621d4ea6b,IT.MidClim.AB.01.Gen.ReEx.001.001,AB,IT.01,FALLBACK_PENDING_LAYOUT_MISSING_DWELLING_COUNT,09729dd2321562644de2aed592c9c1e0d1ca232d929078d6901d21407b765d3d,ab631c6026e3f7cf5cfcff7c6a506eb84b6eeb62f1afa5703fc48ef0897e25fa,IMPUTED_CENSUS_SECTION_CONSTRUCTION_PERIOD,1291.3824,1291.3824,1291.3824,1291.3824,18,
92824,9a591720f6d2a9c4,IT.MidClim.AB.01.Gen.ReEx.001.001,AB,IT.01,FALLBACK_PENDING_LAYOUT_MISSING_DWELLING_COUNT,c7ec5d1b27093ed7e1e6253ee19597105d6762890335b4dabe2d0d8f957448f0,ab631c6026e3f7cf5cfcff7c6a506eb84b6eeb62f1afa5703fc48ef0897e25fa,IMPUTED_CENSUS_SECTION_CONSTRUCTION_PERIOD,428.2824,428.2824,428.2824,428.2824,16,near_duplicate_vertex_tolerated_box
92910,8c001eebdb942f35,IT.MidClim.AB.01.Gen.ReEx.001.001,AB,IT.01,FALLBACK_PENDING_LAYOUT_MISSING_DWELLING_COUNT,ae961995e91a1ebbb198bbe0db7898e4b88ed383ec8205c9d4df3e3708176d73,ab631c6026e3f7cf5cfcff7c6a506eb84b6eeb62f1afa5703fc48ef0897e25fa,IMPUTED_CENSUS_SECTION_CONSTRUCTION_PERIOD,112.9877,112.9877,112.9877,112.9877,9,
92912,f94f6a2b845335d2,IT.MidClim.MFH.01.Gen.ReEx.001.001,MFH,IT.01,DWELLING_LAYOUT_EMITTED_IMPUTED_COUNT,3a154d9f50732aa8a437ed17b40efa3475ae8112018d39d6f727d133b32296f9,ab631c6026e3f7cf5cfcff7c6a506eb84b6eeb62f1afa5703fc48ef0897e25fa,IMPUTED_CENSUS_SECTION_CONSTRUCTION_PERIOD,80.8901,80.8901,76.0367,76.0367,5,
92916,584546729bcb821e,IT.MidClim.AB.01.Gen.ReEx.001.001,AB,IT.01,FALLBACK_PENDING_LAYOUT_MISSING_DWELLING_COUNT,bb7cddbdf9c0274dad16e49fa9f0724e13f40d2302d2bbc94011b385c07f3aba,ab631c6026e3f7cf5cfcff7c6a506eb84b6eeb62f1afa5703fc48ef0897e25fa,IMPUTED_CENSUS_SECTION_CONSTRUCTION_PERIOD,227.6388,227.6388,227.6388,227.6388,11,
92919,3590a9ddd0375210,IT.MidClim.AB.01.Gen.ReEx.001.001,AB,IT.01,DWELLING_LAYOUT_EMITTED_INTERZONE_MISMATCH_REROUTED,730159b5ffef636c2ad3af94044adf43551db9b2c1d1eef4ba62bc1d27734432,ab631c6026e3f7cf5cfcff7c6a506eb84b6eeb62f1afa5703fc48ef0897e25fa,IMPUTED_CENSUS_SECTION_CONSTRUCTION_PERIOD,233.3598,233.3598,233.3598,233.3598,10,
92920,ce3280cc6c58cb90,IT.MidClim.AB.01.Gen.ReEx.001.001,AB,IT.01,DWELLING_LAYOUT_EMITTED_INTERZONE_MISMATCH_REROUTED,93bd1fafeccd72da9eeb2c48518e74b7a800f6224150c7f60943c1648a33464b,ab631c6026e3f7cf5cfcff7c6a506eb84b6eeb62f1afa5703fc48ef0897e25fa,IMPUTED_CENSUS_SECTION_CONSTRUCTION_PERIOD,219.1672,219.1672,219.1672,219.1672,6,
92921,32e3aa536795a12f,IT.MidClim.MFH.01.Gen.ReEx.001.001,MFH,IT.01,DWELLING_LAYOUT_EMITTED_IMPUTED_COUNT,77997e56467e01972caae2f50ead90138ed0f625b7a19e1a14d683710b4358fa,ab631c6026e3f7cf5cfcff7c6a506eb84b6eeb62f1afa5703fc48ef0897e25fa,IMPUTED_CENSUS_SECTION_CONSTRUCTION_PERIOD,127.4737,127.4737,124.6056,124.6056,10,
92922,ac0c3399dc03ec14,IT.MidClim.MFH.01.Gen.ReEx.001.001,MFH,IT.01,DWELLING_LAYOUT_EMITTED_INTERZONE_MISMATCH_REROUTED,aff383f5bdc4c0a21974763c036bee30f836a91e9c735ec3ce5d2e1d862d8172,ab631c6026e3f7cf5cfcff7c6a506eb84b6eeb62f1afa5703fc48ef0897e25fa,IMPUTED_CENSUS_SECTION_CONSTRUCTION_PERIOD,88.372,88.372,88.372,88.372,13,
92924,b1f7f2f0db5f9aaa,IT.MidClim.AB.01.Gen.ReEx.001.001,AB,IT.01,FALLBACK_PENDING_LAYOUT_MISSING_DWELLING_COUNT,df5401f9a176ce429d3fe1a283392d14a779d52686cb8a21ac6b7bd835b98a01,ab631c6026e3f7cf5cfcff7c6a506eb84b6eeb62f1afa5703fc48ef0897e25fa,IMPUTED_CENSUS_SECTION_CONSTRUCTION_PERIOD,619.8089,619.8089,619.8089,619.8089,6,
92926,0ef7040d504ad47e,IT.MidClim.MFH.01.Gen.ReEx.001.001,MFH,IT.01,DWELLING_LAYOUT_EMITTED_INTERZONE_MISMATCH_REROUTED,c4171f19ac95d66a428137caa10edde7c786f31cfc723f9447e2bacea855314f,ab631c6026e3f7cf5cfcff7c6a506eb84b6eeb62f1afa5703fc48ef0897e25fa,IMPUTED_CENSUS_SECTION_CONSTRUCTION_PERIOD,531.944,531.944,531.944,531.944,10,
92928,ec24c2614941e57a,IT.MidClim.MFH.01.Gen.ReEx.001.001,MFH,IT.01,DWELLING_LAYOUT_EMITTED_INTERZONE_MISMATCH_REROUTED,3e8e907028524c45e6d2232de1f3c24d880fcb82c5e211be924e2d65cdf1abfe,ab631c6026e3f7cf5cfcff7c6a506eb84b6eeb62f1afa5703fc48ef0897e25fa,IMPUTED_CENSUS_SECTION_CONSTRUCTION_PERIOD,131.4914,131.4914,131.4914,131.4914,4,
92930,6dc41a3651457995,IT.MidClim.TH.01.Gen.ReEx.001.001,TH,IT.01,DWELLING_LAYOUT_EMITTED_IMPUTED_COUNT,5993716871dee94f95224a36f2a7d3bb6958cbd939c54c1e4484e6b114f216e4,ab631c6026e3f7cf5cfcff7c6a506eb84b6eeb62f1afa5703fc48ef0897e25fa,IMPUTED_CENSUS_SECTION_CONSTRUCTION_PERIOD,27.3792,27.3792,27.3792,27.3792,10,
92937,f305ff772dd837e3,IT.MidClim.AB.01.Gen.ReEx.001.001,AB,IT.01,DWELLING_LAYOUT_EMITTED_IMPUTED_COUNT,204327742ae1bff43379580370c443de322297e795478d237000ee4258606e14,ab631c6026e3f7cf5cfcff7c6a506eb84b6eeb62f1afa5703fc48ef0897e25fa,IMPUTED_CENSUS_SECTION_CONSTRUCTION_PERIOD,3508.2297,3508.2297,3262.7164,3262.7164,8,
92938,afbae7ace5cae73d,IT.MidClim.TH.01.Gen.ReEx.001.001,TH,IT.01,DWELLING_LAYOUT_EMITTED_IMPUTED_COUNT,3e3fbb81d23dac3645ee3cf26a5c5c1789cfbf6120a3bbdbcdf19cd81740d0ad,ab631c6026e3f7cf5cfcff7c6a506eb84b6eeb62f1afa5703fc48ef0897e25fa,IMPUTED_CENSUS_SECTION_CONSTRUCTION_PERIOD,34.6248,34.6248,34.6248,34.6248,5,
92941,db0a56f7f8f724ed,IT.MidClim.MFH.01.Gen.ReEx.001.001,MFH,IT.01,DWELLING_LAYOUT_EMITTED_INTERZONE_MISMATCH_REROUTED,55c2a006ec94683bd5ca3fae4b319acf3cd45e2c54b987f27e75094f2fad22a4,ab631c6026e3f7cf5cfcff7c6a506eb84b6eeb62f1afa5703fc48ef0897e25fa,IMPUTED_CENSUS_SECTION_CONSTRUCTION_PERIOD,382.771,382.771,382.771,382.771,16,
92942,0dd6e4ccd2878257,IT.MidClim.MFH.01.Gen.ReEx.001.001,MFH,IT.01,DWELLING_LAYOUT_EMITTED_INTERZONE_MISMATCH_REROUTED,37501c7f17e461b3093bf87186daf76aa384738493ff825667e30d3c43d3c5cf,ab631c6026e3f7cf5cfcff7c6a506eb84b6eeb62f1afa5703fc48ef0897e25fa,IMPUTED_CENSUS_SECTION_CONSTRUCTION_PERIOD,133.1424,133.1424,133.1424,133.1424,10,
92950,b9813df4f493d36d,IT.MidClim.MFH.01.Gen.ReEx.001.001,MFH,IT.01,DWELLING_LAYOUT_EMITTED_IMPUTED_COUNT,0962fb4d1a973f0e575a9c2f5bb103561db94255af6dd49d0d2db83ac0e31b6b,ab631c6026e3f7cf5cfcff7c6a506eb84b6eeb62f1afa5703fc48ef0897e25fa,IMPUTED_CENSUS_SECTION_CONSTRUCTION_PERIOD,559.7668,559.7668,547.2425,547.2425,11,
92968,d649f066fdb005db,IT.MidClim.MFH.01.Gen.ReEx.001.001,MFH,IT.01,DWELLING_LAYOUT_EMITTED_INTERZONE_MISMATCH_REROUTED,3814001a1b9bd6080806616a6f268bf3f5477630f563914b08337104f877f658,ab631c6026e3f7cf5cfcff7c6a506eb84b6eeb62f1afa5703fc48ef0897e25fa,IMPUTED_CENSUS_SECTION_CONSTRUCTION_PERIOD,122.9377,122.9377,122.9377,122.9377,8,
92973,2e361a2a6982aaf3,IT.MidClim.TH.01.Gen.ReEx.001.001,TH,IT.01,DWELLING_LAYOUT_EMITTED_IMPUTED_COUNT,6ac41c5cfceab96b3e99c37f75f51d2441be553e4a9dd2c42ad011ea93df0e02,ab631c6026e3f7cf5cfcff7c6a506eb84b6eeb62f1afa5703fc48ef0897e25fa,IMPUTED_CENSUS_SECTION_CONSTRUCTION_PERIOD,62.0171,62.0171,62.0171,62.0171,9,
92974,3adf2ce291603a0b,IT.MidClim.AB.01.Gen.ReEx.001.001,AB,IT.01,DWELLING_LAYOUT_EMITTED_INTERZONE_MISMATCH_REROUTED,5ff35623a7db3d64b02c2fccdfb85f5b5af03b9a99f6efd87a31d07cbf46bff4,ab631c6026e3f7cf5cfcff7c6a506eb84b6eeb62f1afa5703fc48ef0897e25fa,IMPUTED_CENSUS_SECTION_CONSTRUCTION_PERIOD,1420.0639,1420.0639,1420.0639,1420.0639,4,
92979,9e26491374b46cb6,IT.MidClim.AB.01.Gen.ReEx.001.001,AB,IT.01,FALLBACK_PENDING_LAYOUT_MISSING_DWELLING_COUNT,54fabb97c7e82f93a87675aef62d02e8febcc63036f7648f669912750f1b6680,ab631c6026e3f7cf5cfcff7c6a506eb84b6eeb62f1afa5703fc48ef0897e25fa,IMPUTED_CENSUS_SECTION_CONSTRUCTION_PERIOD,332.7945,332.7945,332.7945,332.7945,9,near_duplicate_vertex_tolerated_box
92981,0456e89c868ce7b3,IT.MidClim.MFH.01.Gen.ReEx.001.001,MFH,IT.01,DWELLING_LAYOUT_EMITTED_INTERZONE_MISMATCH_REROUTED,3e87cbf6368db06e007b7a2f32dce32ce1085472405308bf180a7baff2fe7daf,ab631c6026e3f7cf5cfcff7c6a506eb84b6eeb62f1afa5703fc48ef0897e25fa,IMPUTED_CENSUS_SECTION_CONSTRUCTION_PERIOD,68.4372,68.4372,68.4372,68.4372,9,
92983,b84e2ee31f137398,IT.MidClim.MFH.01.Gen.ReEx.001.001,MFH,IT.01,DWELLING_LAYOUT_EMITTED_IMPUTED_COUNT,1990b9d57692097fbe2b3b7d75ffcd10f146187d3531809446424780be7109b6,ab631c6026e3f7cf5cfcff7c6a506eb84b6eeb62f1afa5703fc48ef0897e25fa,IMPUTED_CENSUS_SECTION_CONSTRUCTION_PERIOD,70.145,70.145,65.9354,65.9354,12,
93002,b7457edaee9ec638,IT.MidClim.MFH.01.Gen.ReEx.001.001,MFH,IT.01,DWELLING_LAYOUT_EMITTED_INTERZONE_MISMATCH_REROUTED,8c6b4e78aba793d4bc9f9d68fc07446c75f75e9118be722618bb9325d3262e9f,ab631c6026e3f7cf5cfcff7c6a506eb84b6eeb62f1afa5703fc48ef0897e25fa,IMPUTED_CENSUS_SECTION_CONSTRUCTION_PERIOD,421.062,421.062,421.062,421.062,6,
93003,70f7d5f74c932a7a,IT.MidClim.MFH.01.Gen.ReEx.001.001,MFH,IT.01,DWELLING_LAYOUT_EMITTED_INTERZONE_MISMATCH_REROUTED,06f739623f416ef2ca69b0df15e957c1dc96b1cbc552ed08d56dde685547e7e0,ab631c6026e3f7cf5cfcff7c6a506eb84b6eeb62f1afa5703fc48ef0897e25fa,IMPUTED_CENSUS_SECTION_CONSTRUCTION_PERIOD,151.7271,151.7271,151.7271,151.7271,3,
93207,90827b31ac71f430,IT.MidClim.AB.01.Gen.ReEx.001.001,AB,IT.01,FALLBACK_PENDING_LAYOUT_MISSING_DWELLING_COUNT,2b9808f78b95aae45faed7582c58bad234b5794d3594e77d0d9206d927c2273d,ab631c6026e3f7cf5cfcff7c6a506eb84b6eeb62f1afa5703fc48ef0897e25fa,IMPUTED_CENSUS_SECTION_CONSTRUCTION_PERIOD,166.4353,166.4353,166.4353,166.4353,8,
93239,3752016aeba733bf,IT.MidClim.AB.01.Gen.ReEx.001.001,AB,IT.01,FALLBACK_PENDING_LAYOUT_MISSING_DWELLING_COUNT,96c3103d66072882b42d2b050a623634bcd3d1dd0822d1e4fc39ac38db85218f,ab631c6026e3f7cf5cfcff7c6a506eb84b6eeb62f1afa5703fc48ef0897e25fa,IMPUTED_CENSUS_SECTION_CONSTRUCTION_PERIOD,401.8903,401.8903,401.8903,401.8903,16,
93241,806dc18d68d0fb93,IT.MidClim.MFH.01.Gen.ReEx.001.001,MFH,IT.01,DWELLING_LAYOUT_EMITTED_IMPUTED_COUNT,15780812aa74426a927696fe5c54371f7c03d156c02770293a0ca990b4312ae3,ab631c6026e3f7cf5cfcff7c6a506eb84b6eeb62f1afa5703fc48ef0897e25fa,IMPUTED_CENSUS_SECTION_CONSTRUCTION_PERIOD,93.6713,93.6713,91.5638,91.5638,12,
93380,9c4610bd3a2bae3e,IT.MidClim.AB.01.Gen.ReEx.001.001,AB,IT.01,DWELLING_LAYOUT_EMITTED_INTERZONE_MISMATCH_REROUTED,31bd694fef7b208e1ef3d9f5ead2d9c724765dd3f854c9ffcd9e3c528e7fbaaf,ab631c6026e3f7cf5cfcff7c6a506eb84b6eeb62f1afa5703fc48ef0897e25fa,IMPUTED_CENSUS_SECTION_CONSTRUCTION_PERIOD,326.6884,326.6884,326.6884,326.6884,5,
93382,65089dc5e00db2ab,IT.MidClim.AB.05.Gen.ReEx.001.001,AB,IT.05,FALLBACK_PENDING_LAYOUT_MISSING_DWELLING_COUNT,6f9e2dc91732743c67460859f9785506a9e81dd8669d93ad50424dfa92955688,ab631c6026e3f7cf5cfcff7c6a506eb84b6eeb62f1afa5703fc48ef0897e25fa,IMPUTED_CENSUS_SECTION_CONSTRUCTION_PERIOD,131.8366,131.8366,131.8366,131.8366,5,
93385,99e6bf0d630eb49a,IT.MidClim.AB.05.Gen.ReEx.001.001,AB,IT.05,FALLBACK_PENDING_LAYOUT_MISSING_DWELLING_COUNT,9a4c6fe9c693bdf4de1d6f5756eafe4a06783b61d4cf3fe7cb54a5bd0146a04c,ab631c6026e3f7cf5cfcff7c6a506eb84b6eeb62f1afa5703fc48ef0897e25fa,IMPUTED_CENSUS_SECTION_CONSTRUCTION_PERIOD,301.2732,301.2732,301.2732,301.2732,7,near_duplicate_vertex_tolerated_box
93386,bb15e73b5537d898,IT.MidClim.MFH.05.Gen.ReEx.001.001,MFH,IT.05,DWELLING_LAYOUT_EMITTED_INTERZONE_MISMATCH_REROUTED,53a5298361309cc7edb01f97c6e0e93a3077a8904cc2540b1f65d1be6095006e,ab631c6026e3f7cf5cfcff7c6a506eb84b6eeb62f1afa5703fc48ef0897e25fa,IMPUTED_CENSUS_SECTION_CONSTRUCTION_PERIOD,223.6882,223.6882,223.6882,223.6882,11,
93387,816d43c4122b0b4f,IT.MidClim.AB.01.Gen.ReEx.001.001,AB,IT.01,FALLBACK_PENDING_LAYOUT_MISSING_DWELLING_COUNT,35f361c187f590dbea23a0f0eb7706d76faf583f42a616069b9396424b591bde,ab631c6026e3f7cf5cfcff7c6a506eb84b6eeb62f1afa5703fc48ef0897e25fa,IMPUTED_CENSUS_SECTION_CONSTRUCTION_PERIOD,254.0052,254.0052,254.0052,254.0052,20,near_duplicate_vertex_tolerated_box
93388,1f37eb0c423082fd,IT.MidClim.MFH.01.Gen.ReEx.001.001,MFH,IT.01,DWELLING_LAYOUT_EMITTED_INTERZONE_MISMATCH_REROUTED,622488aafcf72fd7759b36b4571b7a49f4a7d5c559afcb24a86219aff7ee0e63,ab631c6026e3f7cf5cfcff7c6a506eb84b6eeb62f1afa5703fc48ef0897e25fa,IMPUTED_CENSUS_SECTION_CONSTRUCTION_PERIOD,431.8055,431.8055,431.8055,431.8055,22,
93398,0e2ad6d398af55b8,IT.MidClim.MFH.01.Gen.ReEx.001.001,MFH,IT.01,DWELLING_LAYOUT_EMITTED_INTERZONE_MISMATCH_REROUTED,cdd0ab4c54fcd933dcde3c640c551724e6702fe6288bb1169869db9e21ff47cc,ab631c6026e3f7cf5cfcff7c6a506eb84b6eeb62f1afa5703fc48ef0897e25fa,IMPUTED_CENSUS_SECTION_CONSTRUCTION_PERIOD,279.0753,279.0753,279.0753,279.0753,8,
93401,89ddb942f271fbd8,IT.MidClim.MFH.01.Gen.ReEx.001.001,MFH,IT.01,DWELLING_LAYOUT_EMITTED_IMPUTED_COUNT,27eb66ffd449e2b679a97a64b7b475f13a36af2295cb83ceb876d314d4833d40,ab631c6026e3f7cf5cfcff7c6a506eb84b6eeb62f1afa5703fc48ef0897e25fa,IMPUTED_CENSUS_SECTION_CONSTRUCTION_PERIOD,128.6395,128.6395,125.7452,125.7452,3,
93404,3674728c3c363ad8,IT.MidClim.TH.01.Gen.ReEx.001.001,TH,IT.01,DWELLING_LAYOUT_EMITTED_IMPUTED_COUNT,4285608aec4272ebb1128c1d43a6362bcf087c596228793cb987715e22e9790c,ab631c6026e3f7cf5cfcff7c6a506eb84b6eeb62f1afa5703fc48ef0897e25fa,IMPUTED_CENSUS_SECTION_CONSTRUCTION_PERIOD,28.1476,28.1476,28.1476,28.1476,15,
93406,e5a8021fc0d94695,IT.MidClim.AB.01.Gen.ReEx.001.001,AB,IT.01,DWELLING_LAYOUT_EMITTED_INTERZONE_MISMATCH_REROUTED,90d7af50a564fe72ce3f2daa60fec42204b8df5a60ab603c84ab5f8470ec22a3,ab631c6026e3f7cf5cfcff7c6a506eb84b6eeb62f1afa5703fc48ef0897e25fa,IMPUTED_CENSUS_SECTION_CONSTRUCTION_PERIOD,798.7011,798.7011,798.7011,798.7011,4,
93407,c42ec9d975e010d3,IT.MidClim.AB.01.Gen.ReEx.001.001,AB,IT.01,DWELLING_LAYOUT_EMITTED_IMPUTED_COUNT,a2b904ac3c83f6f21881bf6967b97b0959fc1ece0ecc3e2985b4bacf42fe8f49,ab631c6026e3f7cf5cfcff7c6a506eb84b6eeb62f1afa5703fc48ef0897e25fa,IMPUTED_CENSUS_SECTION_CONSTRUCTION_PERIOD,807.9221,807.9221,735.2091,735.2091,8,
93408,9c2d16bde47ec589,IT.MidClim.AB.01.Gen.ReEx.001.001,AB,IT.01,DWELLING_LAYOUT_EMITTED_INTERZONE_MISMATCH_REROUTED,8e7497b8421caa8322728dbe07683f2dfc1fea169a8286c5139d41768a4c83a0,ab631c6026e3f7cf5cfcff7c6a506eb84b6eeb62f1afa5703fc48ef0897e25fa,IMPUTED_CENSUS_SECTION_CONSTRUCTION_PERIOD,289.1522,289.1522,289.1522,289.1522,6,
93409,4baa2426969c5598,IT.MidClim.AB.01.Gen.ReEx.001.001,AB,IT.01,DWELLING_LAYOUT_EMITTED_INTERZONE_MISMATCH_REROUTED,7d4f942005e19a772a3a160027356538a91c3c75efcffcf8f1f155d52bb44478,ab631c6026e3f7cf5cfcff7c6a506eb84b6eeb62f1afa5703fc48ef0897e25fa,IMPUTED_CENSUS_SECTION_CONSTRUCTION_PERIOD,1053.424,1053.424,1053.424,1053.424,8,
93410,de946bf0538b3cf3,IT.MidClim.TH.01.Gen.ReEx.001.001,TH,IT.01,DWELLING_LAYOUT_EMITTED_IMPUTED_COUNT,ec5ec377d012f5c708fcca26d9eb3c7832b82c134256c59ea0f99e45ed0bccdd,ab631c6026e3f7cf5cfcff7c6a506eb84b6eeb62f1afa5703fc48ef0897e25fa,IMPUTED_CENSUS_SECTION_CONSTRUCTION_PERIOD,25.5924,25.5924,25.5924,25.5924,5,
93412,cfd7e46977343eb5,IT.MidClim.AB.01.Gen.ReEx.001.001,AB,IT.01,DWELLING_LAYOUT_EMITTED_INTERZONE_MISMATCH_REROUTED,0f7817e6354a8b8ca556757e860587eebe8c32180f95ae5b2fa684a6bc5e8148,ab631c6026e3f7cf5cfcff7c6a506eb84b6eeb62f1afa5703fc48ef0897e25fa,IMPUTED_CENSUS_SECTION_CONSTRUCTION_PERIOD,371.436,371.436,371.436,371.436,7,
93414,18704509d5b93f26,IT.MidClim.AB.01.Gen.ReEx.001.001,AB,IT.01,DWELLING_LAYOUT_EMITTED_INTERZONE_MISMATCH_REROUTED,f24a79c6771b3f040be7c988236afcf891e13932e148bcd5102bd5d7d7b36105,ab631c6026e3f7cf5cfcff7c6a506eb84b6eeb62f1afa5703fc48ef0897e25fa,IMPUTED_CENSUS_SECTION_CONSTRUCTION_PERIOD,795.6982,795.6982,795.6982,795.6982,10,
93415,984a7c4b141d139d,IT.MidClim.MFH.01.Gen.ReEx.001.001,MFH,IT.01,DWELLING_LAYOUT_EMITTED_INTERZONE_MISMATCH_REROUTED,d8981c3eefc4dca703e00d1353567bab0d617de4182535c160571ceeac173d3a,ab631c6026e3f7cf5cfcff7c6a506eb84b6eeb62f1afa5703fc48ef0897e25fa,IMPUTED_CENSUS_SECTION_CONSTRUCTION_PERIOD,87.9309,87.9309,87.9309,87.9309,9,
93416,7016018fa532ccd0,IT.MidClim.AB.03.Gen.ReEx.001.001,AB,IT.03,FALLBACK_PENDING_LAYOUT_MISSING_DWELLING_COUNT,212d797f14a8ddedda0d25860872a15f0126e928024033c12b9ba01870dc4383,ab631c6026e3f7cf5cfcff7c6a506eb84b6eeb62f1afa5703fc48ef0897e25fa,IMPUTED_CENSUS_SECTION_CONSTRUCTION_PERIOD,520.9005,520.9005,520.9005,520.9005,13,
93417,1c6eb8bd92db5a13,IT.MidClim.TH.03.Gen.ReEx.001.001,TH,IT.03,DWELLING_LAYOUT_EMITTED_INTERZONE_MISMATCH_REROUTED,492cb83a8c79f3606466fe5d25cbc4816132adc90b6e2bd26853743600c2792b,ab631c6026e3f7cf5cfcff7c6a506eb84b6eeb62f1afa5703fc48ef0897e25fa,IMPUTED_CENSUS_SECTION_CONSTRUCTION_PERIOD,24.7769,24.7769,24.7769,24.7769,8,
94279,1f41ce21a2242202,IT.MidClim.AB.01.Gen.ReEx.001.001,AB,IT.01,DWELLING_LAYOUT_EMITTED_INTERZONE_MISMATCH_REROUTED,e3a7a5ca7d3c126c90edd210038cb5504bf25cd62f7328fdfb3164fd6878c488,ab631c6026e3f7cf5cfcff7c6a506eb84b6eeb62f1afa5703fc48ef0897e25fa,IMPUTED_CENSUS_SECTION_CONSTRUCTION_PERIOD,487.9703,487.9703,487.9703,487.9703,11,
94302,bb9096a22682dc4d,IT.MidClim.SFH.01.Gen.ReEx.001.001,SFH,IT.01,DWELLING_LAYOUT_EMITTED_IMPUTED_COUNT,31edb4a8bc9a35237f5e37c57998b31d2c276bec8b99359265d5472018287147,ab631c6026e3f7cf5cfcff7c6a506eb84b6eeb62f1afa5703fc48ef0897e25fa,IMPUTED_CENSUS_SECTION_CONSTRUCTION_PERIOD,59.9924,59.9924,59.9924,59.9924,6,
94721,284df888e0cb7e2a,IT.MidClim.TH.01.Gen.ReEx.001.001,TH,IT.01,DWELLING_LAYOUT_EMITTED_IMPUTED_COUNT,f459cd6bd9ab47fcec7f52a5211506fd98d9c44d241ea03a5fa9476bdf565f3e,ab631c6026e3f7cf5cfcff7c6a506eb84b6eeb62f1afa5703fc48ef0897e25fa,IMPUTED_CENSUS_SECTION_CONSTRUCTION_PERIOD,22.687,22.687,22.687,22.687,11,
94724,b5a86506a396fb23,IT.MidClim.TH.01.Gen.ReEx.001.001,TH,IT.01,DWELLING_LAYOUT_EMITTED_IMPUTED_COUNT,f454bfb340b9fac1f27e4dac92b0dcd886061f647028d824c6b03078c83ffdee,ab631c6026e3f7cf5cfcff7c6a506eb84b6eeb62f1afa5703fc48ef0897e25fa,IMPUTED_CENSUS_SECTION_CONSTRUCTION_PERIOD,23.6954,23.6954,23.6954,23.6954,9,
95376,2002848e6876b1a8,IT.MidClim.AB.01.Gen.ReEx.001.001,AB,IT.01,FALLBACK_PENDING_LAYOUT_MISSING_DWELLING_COUNT,a391de881cd7ed29dbe625e77fa9e1a3f8fc1bcc0cfcd93e34ff5b10f6c02d0a,ab631c6026e3f7cf5cfcff7c6a506eb84b6eeb62f1afa5703fc48ef0897e25fa,IMPUTED_CENSUS_SECTION_CONSTRUCTION_PERIOD,153.2445,153.2445,153.2445,153.2445,3,
95507,50d0089852fa74a6,IT.MidClim.AB.01.Gen.ReEx.001.001,AB,IT.01,FALLBACK_PENDING_LAYOUT_MISSING_DWELLING_COUNT,af8cb3e55ca315f39593651667821990b895b0f25bac5404dfb9ad0aa6d1e083,ab631c6026e3f7cf5cfcff7c6a506eb84b6eeb62f1afa5703fc48ef0897e25fa,IMPUTED_CENSUS_SECTION_CONSTRUCTION_PERIOD,5240.7322,5240.7322,5240.7322,5240.7322,9,
95591,008b0620d3ba007a,IT.MidClim.AB.01.Gen.ReEx.001.001,AB,IT.01,FALLBACK_PENDING_LAYOUT_MISSING_DWELLING_COUNT,3ad2c96d73245fd778cd9e6ad5b721b958b81d9e38cebbfcaf214aa18f7f4543,ab631c6026e3f7cf5cfcff7c6a506eb84b6eeb62f1afa5703fc48ef0897e25fa,IMPUTED_CENSUS_SECTION_CONSTRUCTION_PERIOD,2027.7464,2027.7464,2027.7464,2027.7464,19,near_duplicate_vertex_tolerated_box
95592,8a7e7023cccbd12d,IT.MidClim.MFH.01.Gen.ReEx.001.001,MFH,IT.01,DWELLING_LAYOUT_EMITTED_IMPUTED_COUNT,d8f7c875522cd316e0772e89ae959d973583930c7197db1aa3c11c47937a3ec7,ab631c6026e3f7cf5cfcff7c6a506eb84b6eeb62f1afa5703fc48ef0897e25fa,IMPUTED_CENSUS_SECTION_CONSTRUCTION_PERIOD,1590.6364,1590.6364,1554.8686,1554.8686,14,
95593,3f709ebf5b56cad5,IT.MidClim.MFH.01.Gen.ReEx.001.001,MFH,IT.01,DWELLING_LAYOUT_EMITTED_IMPUTED_COUNT,de550406f0b1c284567dae674ae806ddf653c4a434152a45c5eb5b7cb75e6913,ab631c6026e3f7cf5cfcff7c6a506eb84b6eeb62f1afa5703fc48ef0897e25fa,IMPUTED_CENSUS_SECTION_CONSTRUCTION_PERIOD,167.381,167.381,163.6149,163.6149,10,
95738,0261682edcb03eee,IT.MidClim.AB.01.Gen.ReEx.001.001,AB,IT.01,FALLBACK_PENDING_LAYOUT_MISSING_DWELLING_COUNT,814923875ebaaa08508f6584716170c16ec757a3e811b5047ebee8bbe469f060,ab631c6026e3f7cf5cfcff7c6a506eb84b6eeb62f1afa5703fc48ef0897e25fa,IMPUTED_CENSUS_SECTION_CONSTRUCTION_PERIOD,21479.6386,21479.6386,21479.6386,21479.6386,10,near_duplicate_vertex_tolerated_box
95739,9462c71ca32bc333,IT.MidClim.AB.01.Gen.ReEx.001.001,AB,IT.01,FALLBACK_PENDING_LAYOUT_MISSING_DWELLING_COUNT,1be815c02ea809a1df3601077ef3db9ebdc7b3ff38d1bf46c693f6d371df7346,ab631c6026e3f7cf5cfcff7c6a506eb84b6eeb62f1afa5703fc48ef0897e25fa,IMPUTED_CENSUS_SECTION_CONSTRUCTION_PERIOD,10440.8105,10440.8105,10440.8105,10440.8105,9,near_duplicate_vertex_tolerated_box
95957,ced9dccb08bec865,IT.MidClim.MFH.03.Gen.ReEx.001.001,MFH,IT.03,FALLBACK_PENDING_LAYOUT_MISSING_DWELLING_COUNT,744c8fdc0ec5b43fd53e871580b92635bd01219cc207509d69cb1a24e105d1db,ab631c6026e3f7cf5cfcff7c6a506eb84b6eeb62f1afa5703fc48ef0897e25fa,IMPUTED_CENSUS_SECTION_CONSTRUCTION_PERIOD,74.6855,74.6855,74.6855,74.6855,14,
95976,ee28c47e7daef1c0,IT.MidClim.AB.01.Gen.ReEx.001.001,AB,IT.01,FALLBACK_PENDING_LAYOUT_MISSING_DWELLING_COUNT,cc2bfdb40678eb181307dc57e67f548930597d3faa4e46f75d187455c0329bb7,ab631c6026e3f7cf5cfcff7c6a506eb84b6eeb62f1afa5703fc48ef0897e25fa,IMPUTED_CENSUS_SECTION_CONSTRUCTION_PERIOD,7296.4634,7296.4634,7296.4634,7296.4634,9,
96501,e7caf2b656c12c23,IT.MidClim.MFH.05.Gen.ReEx.001.001,MFH,IT.05,DWELLING_LAYOUT_EMITTED_IMPUTED_COUNT,dda3f43ce606c49a4a11af3d351c9b02cedc252dc3e6a352b77a8e03aebad76e,ab631c6026e3f7cf5cfcff7c6a506eb84b6eeb62f1afa5703fc48ef0897e25fa,IMPUTED_CENSUS_SECTION_CONSTRUCTION_PERIOD,693.4442,693.4442,631.0342,631.0342,8,
