Time,016DAE597D69229C_F0_DWELLING_0:ANNUALSIZINGPERIOD:Des Heat Load [W],016DAE597D69229C_F0_DWELLING_0:ANNUALSIZINGPERIOD:Des Sens Cool Load [W],016DAE597D69229C_F0_DWELLING_0:ANNUALSIZINGPERIOD:Des Heat Mass Flow [kg/s],016DAE597D69229C_F0_DWELLING_0:ANNUALSIZINGPERIOD:Des Cool Mass Flow [kg/s],016DAE597D69229C_F0_DWELLING_0::Des Latent Heat Load [W],016DAE597D69229C_F0_DWELLING_0::Des Latent Cool Load [W],016DAE597D69229C_F0_DWELLING_0::Des Latent Heat Mass Flow [kg/s],016DAE597D69229C_F0_DWELLING_0::Des Latent Cool Mass Flow [kg/s],016DAE597D69229C_F0_DWELLING_0::Des Heat Load No DOAS [W],016DAE597D69229C_F0_DWELLING_0::Des Sens Cool Load No DOAS [W],016DAE597D69229C_F0_DWELLING_0::Des Latent Heat Load No DOAS [W],016DAE597D69229C_F0_DWELLING_0::Des Latent Cool Load No DOAS [W],016DAE597D69229C_F0_DWELLING_0:ANNUALSIZINGPERIOD:Heating Zone Temperature [C],016DAE597D69229C_F0_DWELLING_0:ANNUALSIZINGPERIOD:Heating Zone Relative Humidity [%],016DAE597D69229C_F0_DWELLING_0:ANNUALSIZINGPERIOD:Cooling Zone Temperature [C],016DAE597D69229C_F0_DWELLING_0:ANNUALSIZINGPERIOD:Cooling Zone Relative Humidity [%],016DAE597D69229C_F1_DWELLING_0:ANNUALSIZINGPERIOD:Des Heat Load [W],016DAE597D69229C_F1_DWELLING_0:ANNUALSIZINGPERIOD:Des Sens Cool Load [W],016DAE597D69229C_F1_DWELLING_0:ANNUALSIZINGPERIOD:Des Heat Mass Flow [kg/s],016DAE597D69229C_F1_DWELLING_0:ANNUALSIZINGPERIOD:Des Cool Mass Flow [kg/s],016DAE597D69229C_F1_DWELLING_0::Des Latent Heat Load [W],016DAE597D69229C_F1_DWELLING_0::Des Latent Cool Load [W],016DAE597D69229C_F1_DWELLING_0::Des Latent Heat Mass Flow [kg/s],016DAE597D69229C_F1_DWELLING_0::Des Latent Cool Mass Flow [kg/s],016DAE597D69229C_F1_DWELLING_0::Des Heat Load No DOAS [W],016DAE597D69229C_F1_DWELLING_0::Des Sens Cool Load No DOAS [W],016DAE597D69229C_F1_DWELLING_0::Des Latent Heat Load No DOAS [W],016DAE597D69229C_F1_DWELLING_0::Des Latent Cool Load No DOAS [W],016DAE597D69229C_F1_DWELLING_0:ANNUALSIZINGPERIOD:Heating Zone Temperature [C],016DAE597D69229C_F1_DWELLING_0:ANNUALSIZINGPERIOD:Heating Zone Relative Humidity [%],016DAE597D69229C_F1_DWELLING_0:ANNUALSIZINGPERIOD:Cooling Zone Temperature [C],016DAE597D69229C_F1_DWELLING_0:ANNUALSIZINGPERIOD:Cooling Zone Relative Humidity [%],016DAE597D69229C_F2_DWELLING_0:ANNUALSIZINGPERIOD:Des Heat Load [W],016DAE597D69229C_F2_DWELLING_0:ANNUALSIZINGPERIOD:Des Sens Cool Load [W],016DAE597D69229C_F2_DWELLING_0:ANNUALSIZINGPERIOD:Des Heat Mass Flow [kg/s],016DAE597D69229C_F2_DWELLING_0:ANNUALSIZINGPERIOD:Des Cool Mass Flow [kg/s],016DAE597D69229C_F2_DWELLING_0::Des Latent Heat Load [W],016DAE597D69229C_F2_DWELLING_0::Des Latent Cool Load [W],016DAE597D69229C_F2_DWELLING_0::Des Latent Heat Mass Flow [kg/s],016DAE597D69229C_F2_DWELLING_0::Des Latent Cool Mass Flow [kg/s],016DAE597D69229C_F2_DWELLING_0::Des Heat Load No DOAS [W],016DAE597D69229C_F2_DWELLING_0::Des Sens Cool Load No DOAS [W],016DAE597D69229C_F2_DWELLING_0::Des Latent Heat Load No DOAS [W],016DAE597D69229C_F2_DWELLING_0::Des Latent Cool Load No DOAS [W],016DAE597D69229C_F2_DWELLING_0:ANNUALSIZINGPERIOD:Heating Zone Temperature [C],016DAE597D69229C_F2_DWELLING_0:ANNUALSIZINGPERIOD:Heating Zone Relative Humidity [%],016DAE597D69229C_F2_DWELLING_0:ANNUALSIZINGPERIOD:Cooling Zone Temperature [C],016DAE597D69229C_F2_DWELLING_0:ANNUALSIZINGPERIOD:Cooling Zone Relative Humidity [%],016DAE597D69229C_F3_DWELLING_0:ANNUALSIZINGPERIOD:Des Heat Load [W],016DAE597D69229C_F3_DWELLING_0:ANNUALSIZINGPERIOD:Des Sens Cool Load [W],016DAE597D69229C_F3_DWELLING_0:ANNUALSIZINGPERIOD:Des Heat Mass Flow [kg/s],016DAE597D69229C_F3_DWELLING_0:ANNUALSIZINGPERIOD:Des Cool Mass Flow [kg/s],016DAE597D69229C_F3_DWELLING_0::Des Latent Heat Load [W],016DAE597D69229C_F3_DWELLING_0::Des Latent Cool Load [W],016DAE597D69229C_F3_DWELLING_0::Des Latent Heat Mass Flow [kg/s],016DAE597D69229C_F3_DWELLING_0::Des Latent Cool Mass Flow [kg/s],016DAE597D69229C_F3_DWELLING_0::Des Heat Load No DOAS [W],016DAE597D69229C_F3_DWELLING_0::Des Sens Cool Load No DOAS [W],016DAE597D69229C_F3_DWELLING_0::Des Latent Heat Load No DOAS [W],016DAE597D69229C_F3_DWELLING_0::Des Latent Cool Load No DOAS [W],016DAE597D69229C_F3_DWELLING_0:ANNUALSIZINGPERIOD:Heating Zone Temperature [C],016DAE597D69229C_F3_DWELLING_0:ANNUALSIZINGPERIOD:Heating Zone Relative Humidity [%],016DAE597D69229C_F3_DWELLING_0:ANNUALSIZINGPERIOD:Cooling Zone Temperature [C],016DAE597D69229C_F3_DWELLING_0:ANNUALSIZINGPERIOD:Cooling Zone Relative Humidity [%],016DAE597D69229C_F0_DWELLING_1:ANNUALSIZINGPERIOD:Des Heat Load [W],016DAE597D69229C_F0_DWELLING_1:ANNUALSIZINGPERIOD:Des Sens Cool Load [W],016DAE597D69229C_F0_DWELLING_1:ANNUALSIZINGPERIOD:Des Heat Mass Flow [kg/s],016DAE597D69229C_F0_DWELLING_1:ANNUALSIZINGPERIOD:Des Cool Mass Flow [kg/s],016DAE597D69229C_F0_DWELLING_1::Des Latent Heat Load [W],016DAE597D69229C_F0_DWELLING_1::Des Latent Cool Load [W],016DAE597D69229C_F0_DWELLING_1::Des Latent Heat Mass Flow [kg/s],016DAE597D69229C_F0_DWELLING_1::Des Latent Cool Mass Flow [kg/s],016DAE597D69229C_F0_DWELLING_1::Des Heat Load No DOAS [W],016DAE597D69229C_F0_DWELLING_1::Des Sens Cool Load No DOAS [W],016DAE597D69229C_F0_DWELLING_1::Des Latent Heat Load No DOAS [W],016DAE597D69229C_F0_DWELLING_1::Des Latent Cool Load No DOAS [W],016DAE597D69229C_F0_DWELLING_1:ANNUALSIZINGPERIOD:Heating Zone Temperature [C],016DAE597D69229C_F0_DWELLING_1:ANNUALSIZINGPERIOD:Heating Zone Relative Humidity [%],016DAE597D69229C_F0_DWELLING_1:ANNUALSIZINGPERIOD:Cooling Zone Temperature [C],016DAE597D69229C_F0_DWELLING_1:ANNUALSIZINGPERIOD:Cooling Zone Relative Humidity [%]
00:05:00,4.710818E+03,0.000000E+00,1.539689E-01,0.000000E+00,0.000000E+00,0.000000E+00,0.000000E+00,0.000000E+00,0.000000E+00,0.000000E+00,0.000000E+00,0.000000E+00,1.999553E+01,3.674463E+01,2.538623E+01,5.913171E+01,5.481338E+03,0.000000E+00,1.791524E-01,0.000000E+00,0.000000E+00,0.000000E+00,0.000000E+00,0.000000E+00,0.000000E+00,0.000000E+00,0.000000E+00,0.000000E+00,1.999549E+01,3.819776E+01,2.968813E+01,3.757769E+01,5.762600E+03,0.000000E+00,1.883448E-01,0.000000E+00,0.000000E+00,0.000000E+00,0.000000E+00,0.000000E+00,0.000000E+00,0.000000E+00,0.000000E+00,0.000000E+00,1.999542E+01,3.867754E+01,2.884699E+01,4.830676E+01,1.085665E+04,0.000000E+00,3.548304E-01,0.000000E+00,0.000000E+00,0.000000E+00,0.000000E+00,0.000000E+00,0.000000E+00,0.000000E+00,0.000000E+00,0.000000E+00,1.999472E+01,4.432264E+01,2.860145E+01,4.000650E+01,9.563084E+03,0.000000E+00,3.125511E-01,0.000000E+00,0.000000E+00,0.000000E+00,0.000000E+00,0.000000E+00,0.000000E+00,0.000000E+00,0.000000E+00,0.000000E+00,1.999460E+01,4.327484E+01,2.248469E+01,7.035153E+01
00:10:00,4.695040E+03,0.000000E+00,1.534531E-01,0.000000E+00,0.000000E+00,0.000000E+00,0.000000E+00,0.000000E+00,0.000000E+00,0.000000E+00,0.000000E+00,0.000000E+00,1.999553E+01,3.674699E+01,2.534019E+01,5.952415E+01,5.460950E+03,0.000000E+00,1.784860E-01,0.000000E+00,0.000000E+00,0.000000E+00,0.000000E+00,0.000000E+00,0.000000E+00,0.000000E+00,0.000000E+00,0.000000E+00,1.999549E+01,3.820121E+01,2.967115E+01,3.777253E+01,5.740510E+03,0.000000E+00,1.876228E-01,0.000000E+00,0.000000E+00,0.000000E+00,0.000000E+00,0.000000E+00,0.000000E+00,0.000000E+00,0.000000E+00,0.000000E+00,1.999542E+01,3.868077E+01,2.881069E+01,4.859620E+01,1.080832E+04,0.000000E+00,3.532508E-01,0.000000E+00,0.000000E+00,0.000000E+00,0.000000E+00,0.000000E+00,0.000000E+00,0.000000E+00,0.000000E+00,0.000000E+00,1.999472E+01,4.432175E+01,2.858203E+01,4.021976E+01,9.517256E+03,0.000000E+00,3.110533E-01,0.000000E+00,0.000000E+00,0.000000E+00,0.000000E+00,0.000000E+00,0.000000E+00,0.000000E+00,0.000000E+00,0.000000E+00,1.999460E+01,4.327009E+01,2.241940E+01,7.090587E+01
00:15:00,4.678079E+03,0.000000E+00,1.528988E-01,0.000000E+00,0.000000E+00,0.000000E+00,0.000000E+00,0.000000E+00,0.000000E+00,0.000000E+00,0.000000E+00,0.000000E+00,1.999553E+01,3.674890E+01,2.530190E+01,5.987342E+01,5.439346E+03,0.000000E+00,1.777799E-01,0.000000E+00,0.000000E+00,0.000000E+00,0.000000E+00,0.000000E+00,0.000000E+00,0.000000E+00,0.000000E+00,0.000000E+00,1.999549E+01,3.820438E+01,2.964620E+01,3.798395E+01,5.717217E+03,0.000000E+00,1.868614E-01,0.000000E+00,0.000000E+00,0.000000E+00,0.000000E+00,0.000000E+00,0.000000E+00,0.000000E+00,0.000000E+00,0.000000E+00,1.999542E+01,3.868388E+01,2.878138E+01,4.885254E+01,1.075841E+04,0.000000E+00,3.516198E-01,0.000000E+00,0.000000E+00,0.000000E+00,0.000000E+00,0.000000E+00,0.000000E+00,0.000000E+00,0.000000E+00,0.000000E+00,1.999472E+01,4.432201E+01,2.854587E+01,4.047146E+01,9.470078E+03,0.000000E+00,3.095113E-01,0.000000E+00,0.000000E+00,0.000000E+00,0.000000E+00,0.000000E+00,0.000000E+00,0.000000E+00,0.000000E+00,0.000000E+00,1.999459E+01,4.326706E+01,2.236567E+01,7.139290E+01
00:20:00,4.659930E+03,0.000000E+00,1.523056E-01,0.000000E+00,0.000000E+00,0.000000E+00,0.000000E+00,0.000000E+00,0.000000E+00,0.000000E+00,0.000000E+00,0.000000E+00,1.999553E+01,3.675030E+01,2.527039E+01,6.018164E+01,5.416521E+03,0.000000E+00,1.770338E-01,0.000000E+00,0.000000E+00,0.000000E+00,0.000000E+00,0.000000E+00,0.000000E+00,0.000000E+00,0.000000E+00,0.000000E+00,1.999549E+01,3.820725E+01,2.961440E+01,3.820872E+01,5.692712E+03,0.000000E+00,1.860605E-01,0.000000E+00,0.000000E+00,0.000000E+00,0.000000E+00,0.000000E+00,0.000000E+00,0.000000E+00,0.000000E+00,0.000000E+00,1.999542E+01,3.868682E+01,2.875753E+01,4.907927E+01,1.070693E+04,0.000000E+00,3.499369E-01,0.000000E+00,0.000000E+00,0.000000E+00,0.000000E+00,0.000000E+00,0.000000E+00,0.000000E+00,0.000000E+00,0.000000E+00,1.999471E+01,4.432338E+01,2.849636E+01,4.075329E+01,9.421543E+03,0.000000E+00,3.079250E-01,0.000000E+00,0.000000E+00,0.000000E+00,0.000000E+00,0.000000E+00,0.000000E+00,0.000000E+00,0.000000E+00,0.000000E+00,1.999459E+01,4.326574E+01,2.232156E+01,7.181898E+01
00:25:00,4.640590E+03,0.000000E+00,1.516735E-01,0.000000E+00,0.000000E+00,0.000000E+00,0.000000E+00,0.000000E+00,0.000000E+00,0.000000E+00,0.000000E+00,0.000000E+00,1.999553E+01,3.675121E+01,2.524372E+01,6.045618E+01,5.392467E+03,0.000000E+00,1.762476E-01,0.000000E+00,0.000000E+00,0.000000E+00,0.000000E+00,0.000000E+00,0.000000E+00,0.000000E+00,0.000000E+00,0.000000E+00,1.999548E+01,3.820980E+01,2.957798E+01,3.844178E+01,5.666988E+03,0.000000E+00,1.852197E-01,0.000000E+00,0.000000E+00,0.000000E+00,0.000000E+00,0.000000E+00,0.000000E+00,0.000000E+00,0.000000E+00,0.000000E+00,1.999542E+01,3.868960E+01,2.873683E+01,4.928337E+01,1.065383E+04,0.000000E+00,3.482016E-01,0.000000E+00,0.000000E+00,0.000000E+00,0.000000E+00,0.000000E+00,0.000000E+00,0.000000E+00,0.000000E+00,0.000000E+00,1.999471E+01,4.432564E+01,2.843877E+01,4.105288E+01,9.371640E+03,0.000000E+00,3.062940E-01,0.000000E+00,0.000000E+00,0.000000E+00,0.000000E+00,0.000000E+00,0.000000E+00,0.000000E+00,0.000000E+00,0.000000E+00,1.999458E+01,4.326586E+01,2.228387E+01,7.219825E+01
00:30:00,4.620057E+03,0.000000E+00,1.510023E-01,0.000000E+00,0.000000E+00,0.000000E+00,0.000000E+00,0.000000E+00,0.000000E+00,0.000000E+00,0.000000E+00,0.000000E+00,1.999553E+01,3.675169E+01,2.522023E+01,6.070388E+01,5.367178E+03,0.000000E+00,1.754211E-01,0.000000E+00,0.000000E+00,0.000000E+00,0.000000E+00,0.000000E+00,0.000000E+00,0.000000E+00,0.000000E+00,0.000000E+00,1.999548E+01,3.821209E+01,2.953882E+01,3.867898E+01,5.640040E+03,0.000000E+00,1.843389E-01,0.000000E+00,0.000000E+00,0.000000E+00,0.000000E+00,0.000000E+00,0.000000E+00,0.000000E+00,0.000000E+00,0.000000E+00,1.999542E+01,3.869222E+01,2.871767E+01,4.947027E+01,1.059912E+04,0.000000E+00,3.464135E-01,0.000000E+00,0.000000E+00,0.000000E+00,0.000000E+00,0.000000E+00,0.000000E+00,0.000000E+00,0.000000E+00,0.000000E+00,1.999470E+01,4.432854E+01,2.837702E+01,4.136108E+01,9.320357E+03,0.000000E+00,3.046179E-01,0.000000E+00,0.000000E+00,0.000000E+00,0.000000E+00,0.000000E+00,0.000000E+00,0.000000E+00,0.000000E+00,0.000000E+00,1.999458E+01,4.326709E+01,2.225011E+01,7.254252E+01
00:35:00,4.598326E+03,0.000000E+00,1.502921E-01,0.000000E+00,0.000000E+00,0.000000E+00,0.000000E+00,0.000000E+00,0.000000E+00,0.000000E+00,0.000000E+00,0.000000E+00,1.999553E+01,3.675181E+01,2.519893E+01,6.092923E+01,5.340650E+03,0.000000E+00,1.745540E-01,0.000000E+00,0.000000E+00,0.000000E+00,0.000000E+00,0.000000E+00,0.000000E+00,0.000000E+00,0.000000E+00,0.000000E+00,1.999548E+01,3.821414E+01,2.949806E+01,3.891764E+01,5.611860E+03,0.000000E+00,1.834179E-01,0.000000E+00,0.000000E+00,0.000000E+00,0.000000E+00,0.000000E+00,0.000000E+00,0.000000E+00,0.000000E+00,0.000000E+00,1.999542E+01,3.869469E+01,2.869929E+01,4.964299E+01,1.054278E+04,0.000000E+00,3.445719E-01,0.000000E+00,0.000000E+00,0.000000E+00,0.000000E+00,0.000000E+00,0.000000E+00,0.000000E+00,0.000000E+00,0.000000E+00,1.999470E+01,4.433192E+01,2.831319E+01,4.167286E+01,9.267684E+03,0.000000E+00,3.028964E-01,0.000000E+00,0.000000E+00,0.000000E+00,0.000000E+00,0.000000E+00,0.000000E+00,0.000000E+00,0.000000E+00,0.000000E+00,1.999457E+01,4.326918E+01,2.221888E+01,7.285885E+01
00:40:00,4.575379E+03,0.000000E+00,1.495421E-01,0.000000E+00,0.000000E+00,0.000000E+00,0.000000E+00,0.000000E+00,0.000000E+00,0.000000E+00,0.000000E+00,0.000000E+00,1.999553E+01,3.675160E+01,2.517914E+01,6.113546E+01,5.312854E+03,0.000000E+00,1.736456E-01,0.000000E+00,0.000000E+00,0.000000E+00,0.000000E+00,0.000000E+00,0.000000E+00,0.000000E+00,0.000000E+00,0.000000E+00,1.999548E+01,3.821597E+01,2.945638E+01,3.915610E+01,5.582412E+03,0.000000E+00,1.824554E-01,0.000000E+00,0.000000E+00,0.000000E+00,0.000000E+00,0.000000E+00,0.000000E+00,0.000000E+00,0.000000E+00,0.000000E+00,1.999542E+01,3.869704E+01,2.868132E+01,4.980323E+01,1.048473E+04,0.000000E+00,3.426747E-01,0.000000E+00,0.000000E+00,0.000000E+00,0.000000E+00,0.000000E+00,0.000000E+00,0.000000E+00,0.000000E+00,0.000000E+00,1.999470E+01,4.433563E+01,2.824811E+01,4.198605E+01,9.213548E+03,0.000000E+00,3.011270E-01,0.000000E+00,0.000000E+00,0.000000E+00,0.000000E+00,0.000000E+00,0.000000E+00,0.000000E+00,0.000000E+00,0.000000E+00,1.999457E+01,4.327192E+01,2.218934E+01,7.315186E+01
00:45:00,4.551238E+03,0.000000E+00,1.487531E-01,0.000000E+00,0.000000E+00,0.000000E+00,0.000000E+00,0.000000E+00,0.000000E+00,0.000000E+00,0.000000E+00,0.000000E+00,1.999553E+01,3.675108E+01,2.516037E+01,6.132503E+01,5.283820E+03,0.000000E+00,1.726966E-01,0.000000E+00,0.000000E+00,0.000000E+00,0.000000E+00,0.000000E+00,0.000000E+00,0.000000E+00,0.000000E+00,0.000000E+00,1.999548E+01,3.821758E+01,2.941417E+01,3.939324E+01,5.551739E+03,0.000000E+00,1.814529E-01,0.000000E+00,0.000000E+00,0.000000E+00,0.000000E+00,0.000000E+00,0.000000E+00,0.000000E+00,0.000000E+00,0.000000E+00,1.999542E+01,3.869920E+01,2.866361E+01,4.995213E+01,1.042506E+04,0.000000E+00,3.407243E-01,0.000000E+00,0.000000E+00,0.000000E+00,0.000000E+00,0.000000E+00,0.000000E+00,0.000000E+00,0.000000E+00,0.000000E+00,1.999470E+01,4.433953E+01,2.818211E+01,4.229970E+01,9.158044E+03,0.000000E+00,2.993130E-01,0.000000E+00,0.000000E+00,0.000000E+00,0.000000E+00,0.000000E+00,0.000000E+00,0.000000E+00,0.000000E+00,0.000000E+00,1.999457E+01,4.327510E+01,2.216094E+01,7.342477E+01
00:50:00,4.525881E+03,0.000000E+00,1.479243E-01,0.000000E+00,0.000000E+00,0.000000E+00,0.000000E+00,0.000000E+00,0.000000E+00,0.000000E+00,0.000000E+00,0.000000E+00,1.999553E+01,3.675030E+01,2.514234E+01,6.149970E+01,5.253515E+03,0.000000E+00,1.717061E-01,0.000000E+00,0.000000E+00,0.000000E+00,0.000000E+00,0.000000E+00,0.000000E+00,0.000000E+00,0.000000E+00,0.000000E+00,1.999548E+01,3.821902E+01,2.937168E+01,3.962836E+01,5.519795E+03,0.000000E+00,1.804089E-01,0.000000E+00,0.000000E+00,0.000000E+00,0.000000E+00,0.000000E+00,0.000000E+00,0.000000E+00,0.000000E+00,0.000000E+00,1.999542E+01,3.870126E+01,2.864604E+01,5.009053E+01,1.036366E+04,0.000000E+00,3.387178E-01,0.000000E+00,0.000000E+00,0.000000E+00,0.000000E+00,0.000000E+00,0.000000E+00,0.000000E+00,0.000000E+00,0.000000E+00,1.999470E+01,4.434363E+01,2.811533E+01,4.261324E+01,9.101077E+03,0.000000E+00,2.974511E-01,0.000000E+00,0.000000E+00,0.000000E+00,0.000000E+00,0.000000E+00,0.000000E+00,0.000000E+00,0.000000E+00,0.000000E+00,1.999456E+01,4.327870E+01,2.213335E+01,7.367981E+01
00:55:00,4.499325E+03,0.000000E+00,1.470564E-01,0.000000E+00,0.000000E+00,0.000000E+00,0.000000E+00,0.000000E+00,0.000000E+00,0.000000E+00,0.000000E+00,0.000000E+00,1.999553E+01,3.674929E+01,2.512484E+01,6.166085E+01,5.221960E+03,0.000000E+00,1.706748E-01,0.000000E+00,0.000000E+00,0.000000E+00,0.000000E+00,0.000000E+00,0.000000E+00,0.000000E+00,0.000000E+00,0.000000E+00,1.999548E+01,3.822029E+01,2.932901E+01,3.986100E+01,5.486612E+03,0.000000E+00,1.793244E-01,0.000000E+00,0.000000E+00,0.000000E+00,0.000000E+00,0.000000E+00,0.000000E+00,0.000000E+00,0.000000E+00,0.000000E+00,1.999542E+01,3.870318E+01,2.862858E+01,5.021915E+01,1.030061E+04,0.000000E+00,3.366569E-01,0.000000E+00,0.000000E+00,0.000000E+00,0.000000E+00,0.000000E+00,0.000000E+00,0.000000E+00,0.000000E+00,0.000000E+00,1.999469E+01,4.434782E+01,2.804782E+01,4.292637E+01,9.042722E+03,0.000000E+00,2.955439E-01,0.000000E+00,0.000000E+00,0.000000E+00,0.000000E+00,0.000000E+00,0.000000E+00,0.000000E+00,0.000000E+00,0.000000E+00,1.999456E+01,4.328257E+01,2.210635E+01,7.391865E+01
01:00:00,4.471470E+03,0.000000E+00,1.461460E-01,0.000000E+00,0.000000E+00,0.000000E+00,0.000000E+00,0.000000E+00,0.000000E+00,0.000000E+00,0.000000E+00,0.000000E+00,1.999553E+01,3.674809E+01,2.510773E+01,6.180959E+01,5.189070E+03,0.000000E+00,1.695999E-01,0.000000E+00,0.000000E+00,0.000000E+00,0.000000E+00,0.000000E+00,0.000000E+00,0.000000E+00,0.000000E+00,0.000000E+00,1.999548E+01,3.822144E+01,2.928622E+01,4.009086E+01,5.452112E+03,0.000000E+00,1.781968E-01,0.000000E+00,0.000000E+00,0.000000E+00,0.000000E+00,0.000000E+00,0.000000E+00,0.000000E+00,0.000000E+00,0.000000E+00,1.999541E+01,3.870503E+01,2.861119E+01,5.033862E+01,1.023579E+04,0.000000E+00,3.345385E-01,0.000000E+00,0.000000E+00,0.000000E+00,0.000000E+00,0.000000E+00,0.000000E+00,0.000000E+00,0.000000E+00,0.000000E+00,1.999469E+01,4.435211E+01,2.797967E+01,4.323873E+01,8.982883E+03,0.000000E+00,2.935882E-01,0.000000E+00,0.000000E+00,0.000000E+00,0.000000E+00,0.000000E+00,0.000000E+00,0.000000E+00,0.000000E+00,0.000000E+00,1.999456E+01,4.328672E+01,2.207981E+01,7.414264E+01
01:05:00,4.471498E+03,0.000000E+00,1.461469E-01,0.000000E+00,0.000000E+00,0.000000E+00,0.000000E+00,0.000000E+00,0.000000E+00,0.000000E+00,0.000000E+00,0.000000E+00,1.999553E+01,3.674670E+01,2.509093E+01,6.194686E+01,5.190444E+03,0.000000E+00,1.696448E-01,0.000000E+00,0.000000E+00,0.000000E+00,0.000000E+00,0.000000E+00,0.000000E+00,0.000000E+00,0.000000E+00,0.000000E+00,1.999548E+01,3.822244E+01,2.924331E+01,4.031778E+01,5.454069E+03,0.000000E+00,1.782607E-01,0.000000E+00,0.000000E+00,0.000000E+00,0.000000E+00,0.000000E+00,0.000000E+00,0.000000E+00,0.000000E+00,0.000000E+00,1.999541E+01,3.870676E+01,2.859383E+01,5.044950E+01,1.024344E+04,0.000000E+00,3.347885E-01,0.000000E+00,0.000000E+00,0.000000E+00,0.000000E+00,0.000000E+00,0.000000E+00,0.000000E+00,0.000000E+00,0.000000E+00,1.999469E+01,4.435642E+01,2.791110E+01,4.354955E+01,8.989709E+03,0.000000E+00,2.938113E-01,0.000000E+00,0.000000E+00,0.000000E+00,0.000000E+00,0.000000E+00,0.000000E+00,0.000000E+00,0.000000E+00,0.000000E+00,1.999456E+01,4.329103E+01,2.205365E+01,7.435278E+01
01:10:00,4.471385E+03,0.000000E+00,1.461432E-01,0.000000E+00,0.000000E+00,0.000000E+00,0.000000E+00,0.000000E+00,0.000000E+00,0.000000E+00,0.000000E+00,0.000000E+00,1.999553E+01,3.674548E+01,2.507379E+01,6.207575E+01,5.191583E+03,0.000000E+00,1.696820E-01,0.000000E+00,0.000000E+00,0.000000E+00,0.000000E+00,0.000000E+00,0.000000E+00,0.000000E+00,0.000000E+00,0.000000E+00,1.999548E+01,3.822354E+01,2.920420E+01,4.052568E+01,5.455753E+03,0.000000E+00,1.783158E-01,0.000000E+00,0.000000E+00,0.000000E+00,0.000000E+00,0.000000E+00,0.000000E+00,0.000000E+00,0.000000E+00,0.000000E+00,1.999541E+01,3.870858E+01,2.857594E+01,5.055411E+01,1.025022E+04,0.000000E+00,3.350102E-01,0.000000E+00,0.000000E+00,0.000000E+00,0.000000E+00,0.000000E+00,0.000000E+00,0.000000E+00,0.000000E+00,0.000000E+00,1.999469E+01,4.436058E+01,2.785126E+01,4.382804E+01,8.995485E+03,0.000000E+00,2.940000E-01,0.000000E+00,0.000000E+00,0.000000E+00,0.000000E+00,0.000000E+00,0.000000E+00,0.000000E+00,0.000000E+00,0.000000E+00,1.999456E+01,4.329504E+01,2.202749E+01,7.455162E+01
01:15:00,4.471132E+03,0.000000E+00,1.461350E-01,0.000000E+00,0.000000E+00,0.000000E+00,0.000000E+00,0.000000E+00,0.000000E+00,0.000000E+00,0.000000E+00,0.000000E+00,1.999553E+01,3.674457E+01,2.505603E+01,6.219795E+01,5.192490E+03,0.000000E+00,1.697117E-01,0.000000E+00,0.000000E+00,0.000000E+00,0.000000E+00,0.000000E+00,0.000000E+00,0.000000E+00,0.000000E+00,0.000000E+00,1.999548E+01,3.822480E+01,2.917030E+01,4.070718E+01,5.457167E+03,0.000000E+00,1.783620E-01,0.000000E+00,0.000000E+00,0.000000E+00,0.000000E+00,0.000000E+00,0.000000E+00,0.000000E+00,0.000000E+00,0.000000E+00,1.999542E+01,3.871055E+01,2.855732E+01,5.065352E+01,1.025617E+04,0.000000E+00,3.352045E-01,0.000000E+00,0.000000E+00,0.000000E+00,0.000000E+00,0.000000E+00,0.000000E+00,0.000000E+00,0.000000E+00,0.000000E+00,1.999470E+01,4.436439E+01,2.780313E+01,4.406181E+01,9.000228E+03,0.000000E+00,2.941550E-01,0.000000E+00,0.000000E+00,0.000000E+00,0.000000E+00,0.000000E+00,0.000000E+00,0.000000E+00,0.000000E+00,0.000000E+00,1.999456E+01,4.329836E+01,2.200119E+01,7.474058E+01
01:20:00,4.470738E+03,0.000000E+00,1.461221E-01,0.000000E+00,0.000000E+00,0.000000E+00,0.000000E+00,0.000000E+00,0.000000E+00,0.000000E+00,0.000000E+00,0.000000E+00,1.999553E+01,3.674396E+01,2.503771E+01,6.231378E+01,5.193164E+03,0.000000E+00,1.697337E-01,0.000000E+00,0.000000E+00,0.000000E+00,0.000000E+00,0.000000E+00,0.000000E+00,0.000000E+00,0.000000E+00,0.000000E+00,1.999548E+01,3.822621E+01,2.914059E+01,4.086373E+01,5.458308E+03,0.000000E+00,1.783993E-01,0.000000E+00,0.000000E+00,0.000000E+00,0.000000E+00,0.000000E+00,0.000000E+00,0.000000E+00,0.000000E+00,0.000000E+00,1.999542E+01,3.871260E+01,2.853813E+01,5.074772E+01,1.026127E+04,0.000000E+00,3.353712E-01,0.000000E+00,0.000000E+00,0.000000E+00,0.000000E+00,0.000000E+00,0.000000E+00,0.000000E+00,0.000000E+00,0.000000E+00,1.999470E+01,4.436779E+01,2.776360E+01,4.425752E+01,9.003929E+03,0.000000E+00,2.942760E-01,0.000000E+00,0.000000E+00,0.000000E+00,0.000000E+00,0.000000E+00,0.000000E+00,0.000000E+00,0.000000E+00,0.000000E+00,1.999457E+01,4.330084E+01,2.197478E+01,7.492013E+01
01:25:00,4.470201E+03,0.000000E+00,1.461046E-01,0.000000E+00,0.000000E+00,0.000000E+00,0.000000E+00,0.000000E+00,0.000000E+00,0.000000E+00,0.000000E+00,0.000000E+00,1.999553E+01,3.674359E+01,2.501901E+01,6.242310E+01,5.193600E+03,0.000000E+00,1.697479E-01,0.000000E+00,0.000000E+00,0.000000E+00,0.000000E+00,0.000000E+00,0.000000E+00,0.000000E+00,0.000000E+00,0.000000E+00,1.999549E+01,3.822771E+01,2.911345E+01,4.099974E+01,5.459172E+03,0.000000E+00,1.784275E-01,0.000000E+00,0.000000E+00,0.000000E+00,0.000000E+00,0.000000E+00,0.000000E+00,0.000000E+00,0.000000E+00,0.000000E+00,1.999542E+01,3.871471E+01,2.851862E+01,5.083643E+01,1.026553E+04,0.000000E+00,3.355103E-01,0.000000E+00,0.000000E+00,0.000000E+00,0.000000E+00,0.000000E+00,0.000000E+00,0.000000E+00,0.000000E+00,0.000000E+00,1.999470E+01,4.437080E+01,2.772857E+01,4.442614E+01,9.006587E+03,0.000000E+00,2.943628E-01,0.000000E+00,0.000000E+00,0.000000E+00,0.000000E+00,0.000000E+00,0.000000E+00,0.000000E+00,0.000000E+00,0.000000E+00,1.999457E+01,4.330259E+01,2.194833E+01,7.509045E+01
01:30:00,4.469521E+03,0.000000E+00,1.460823E-01,0.000000E+00,0.000000E+00,0.000000E+00,0.000000E+00,0.000000E+00,0.000000E+00,0.000000E+00,0.000000E+00,0.000000E+00,1.999554E+01,3.674341E+01,2.500007E+01,6.252578E+01,5.193798E+03,0.000000E+00,1.697544E-01,0.000000E+00,0.000000E+00,0.000000E+00,0.000000E+00,0.000000E+00,0.000000E+00,0.000000E+00,0.000000E+00,0.000000E+00,1.999549E+01,3.822927E+01,2.908763E+01,4.111909E+01,5.459757E+03,0.000000E+00,1.784466E-01,0.000000E+00,0.000000E+00,0.000000E+00,0.000000E+00,0.000000E+00,0.000000E+00,0.000000E+00,0.000000E+00,0.000000E+00,1.999542E+01,3.871683E+01,2.849893E+01,5.091950E+01,1.026894E+04,0.000000E+00,3.356218E-01,0.000000E+00,0.000000E+00,0.000000E+00,0.000000E+00,0.000000E+00,0.000000E+00,0.000000E+00,0.000000E+00,0.000000E+00,1.999470E+01,4.437349E+01,2.769539E+01,4.457555E+01,9.008201E+03,0.000000E+00,2.944156E-01,0.000000E+00,0.000000E+00,0.000000E+00,0.000000E+00,0.000000E+00,0.000000E+00,0.000000E+00,0.000000E+00,0.000000E+00,1.999458E+01,4.330371E+01,2.192192E+01,7.525174E+01
01:35:00,4.468696E+03,0.000000E+00,1.460554E-01,0.000000E+00,0.000000E+00,0.000000E+00,0.000000E+00,0.000000E+00,0.000000E+00,0.000000E+00,0.000000E+00,0.000000E+00,1.999554E+01,3.674339E+01,2.498099E+01,6.262188E+01,5.193754E+03,0.000000E+00,1.697530E-01,0.000000E+00,0.000000E+00,0.000000E+00,0.000000E+00,0.000000E+00,0.000000E+00,0.000000E+00,0.000000E+00,0.000000E+00,1.999549E+01,3.823085E+01,2.906245E+01,4.122430E+01,5.460059E+03,0.000000E+00,1.784565E-01,0.000000E+00,0.000000E+00,0.000000E+00,0.000000E+00,0.000000E+00,0.000000E+00,0.000000E+00,0.000000E+00,0.000000E+00,1.999542E+01,3.871893E+01,2.847915E+01,5.099707E+01,1.027150E+04,0.000000E+00,3.357056E-01,0.000000E+00,0.000000E+00,0.000000E+00,0.000000E+00,0.000000E+00,0.000000E+00,0.000000E+00,0.000000E+00,0.000000E+00,1.999471E+01,4.437591E+01,2.766286E+01,4.470973E+01,9.008771E+03,0.000000E+00,2.944342E-01,0.000000E+00,0.000000E+00,0.000000E+00,0.000000E+00,0.000000E+00,0.000000E+00,0.000000E+00,0.000000E+00,0.000000E+00,1.999458E+01,4.330433E+01,2.189558E+01,7.540428E+01
01:40:00,4.467742E+03,0.000000E+00,1.460242E-01,0.000000E+00,0.000000E+00,0.000000E+00,0.000000E+00,0.000000E+00,0.000000E+00,0.000000E+00,0.000000E+00,0.000000E+00,1.999554E+01,3.674348E+01,2.496183E+01,6.271158E+01,5.193489E+03,0.000000E+00,1.697443E-01,0.000000E+00,0.000000E+00,0.000000E+00,0.000000E+00,0.000000E+00,0.000000E+00,0.000000E+00,0.000000E+00,0.000000E+00,1.999549E+01,3.823244E+01,2.903759E+01,4.131689E+01,5.460107E+03,0.000000E+00,1.784581E-01,0.000000E+00,0.000000E+00,0.000000E+00,0.000000E+00,0.000000E+00,0.000000E+00,0.000000E+00,0.000000E+00,0.000000E+00,1.999542E+01,3.872101E+01,2.845931E+01,5.106936E+01,1.027327E+04,0.000000E+00,3.357635E-01,0.000000E+00,0.000000E+00,0.000000E+00,0.000000E+00,0.000000E+00,0.000000E+00,0.000000E+00,0.000000E+00,0.000000E+00,1.999471E+01,4.437810E+01,2.763062E+01,4.483045E+01,9.008359E+03,0.000000E+00,2.944207E-01,0.000000E+00,0.000000E+00,0.000000E+00,0.000000E+00,0.000000E+00,0.000000E+00,0.000000E+00,0.000000E+00,0.000000E+00,1.999458E+01,4.330452E+01,2.186934E+01,7.554847E+01
01:45:00,4.466634E+03,0.000000E+00,1.459880E-01,0.000000E+00,0.000000E+00,0.000000E+00,0.000000E+00,0.000000E+00,0.000000E+00,0.000000E+00,0.000000E+00,0.000000E+00,1.999554E+01,3.674367E+01,2.494261E+01,6.279514E+01,5.192965E+03,0.000000E+00,1.697272E-01,0.000000E+00,0.000000E+00,0.000000E+00,0.000000E+00,0.000000E+00,0.000000E+00,0.000000E+00,0.000000E+00,0.000000E+00,1.999549E+01,3.823403E+01,2.901290E+01,4.139786E+01,5.459850E+03,0.000000E+00,1.784497E-01,0.000000E+00,0.000000E+00,0.000000E+00,0.000000E+00,0.000000E+00,0.000000E+00,0.000000E+00,0.000000E+00,0.000000E+00,1.999543E+01,3.872306E+01,2.843943E+01,5.113662E+01,1.027416E+04,0.000000E+00,3.357926E-01,0.000000E+00,0.000000E+00,0.000000E+00,0.000000E+00,0.000000E+00,0.000000E+00,0.000000E+00,0.000000E+00,0.000000E+00,1.999471E+01,4.438008E+01,2.759855E+01,4.493869E+01,9.006855E+03,0.000000E+00,2.943716E-01,0.000000E+00,0.000000E+00,0.000000E+00,0.000000E+00,0.000000E+00,0.000000E+00,0.000000E+00,0.000000E+00,0.000000E+00,1.999459E+01,4.330436E+01,2.184320E+01,7.568465E+01
01:50:00,4.465389E+03,0.000000E+00,1.459473E-01,0.000000E+00,0.000000E+00,0.000000E+00,0.000000E+00,0.000000E+00,0.000000E+00,0.000000E+00,0.000000E+00,0.000000E+00,1.999554E+01,3.674395E+01,2.492336E+01,6.287283E+01,5.192209E+03,0.000000E+00,1.697025E-01,0.000000E+00,0.000000E+00,0.000000E+00,0.000000E+00,0.000000E+00,0.000000E+00,0.000000E+00,0.000000E+00,0.000000E+00,1.999549E+01,3.823561E+01,2.898830E+01,4.146805E+01,5.459323E+03,0.000000E+00,1.784325E-01,0.000000E+00,0.000000E+00,0.000000E+00,0.000000E+00,0.000000E+00,0.000000E+00,0.000000E+00,0.000000E+00,0.000000E+00,1.999543E+01,3.872505E+01,2.841952E+01,5.119909E+01,1.027424E+04,0.000000E+00,3.357952E-01,0.000000E+00,0.000000E+00,0.000000E+00,0.000000E+00,0.000000E+00,0.000000E+00,0.000000E+00,0.000000E+00,0.000000E+00,1.999471E+01,4.438187E+01,2.756661E+01,4.503527E+01,9.004345E+03,0.000000E+00,2.942896E-01,0.000000E+00,0.000000E+00,0.000000E+00,0.000000E+00,0.000000E+00,0.000000E+00,0.000000E+00,0.000000E+00,0.000000E+00,1.999459E+01,4.330390E+01,2.181698E+01,7.581408E+01
01:55:00,4.463988E+03,0.000000E+00,1.459015E-01,0.000000E+00,0.000000E+00,0.000000E+00,0.000000E+00,0.000000E+00,0.000000E+00,0.000000E+00,0.000000E+00,0.000000E+00,1.999554E+01,3.674429E+01,2.490409E+01,6.294492E+01,5.191190E+03,0.000000E+00,1.696692E-01,0.000000E+00,0.000000E+00,0.000000E+00,0.000000E+00,0.000000E+00,0.000000E+00,0.000000E+00,0.000000E+00,0.000000E+00,1.999550E+01,3.823716E+01,2.896379E+01,4.152806E+01,5.458486E+03,0.000000E+00,1.784051E-01,0.000000E+00,0.000000E+00,0.000000E+00,0.000000E+00,0.000000E+00,0.000000E+00,0.000000E+00,0.000000E+00,0.000000E+00,1.999543E+01,3.872698E+01,2.839959E+01,5.125705E+01,1.027344E+04,0.000000E+00,3.357689E-01,0.000000E+00,0.000000E+00,0.000000E+00,0.000000E+00,0.000000E+00,0.000000E+00,0.000000E+00,0.000000E+00,0.000000E+00,1.999471E+01,4.438349E+01,2.753476E+01,4.512086E+01,9.000742E+03,0.000000E+00,2.941719E-01,0.000000E+00,0.000000E+00,0.000000E+00,0.000000E+00,0.000000E+00,0.000000E+00,0.000000E+00,0.000000E+00,0.000000E+00,1.999459E+01,4.330316E+01,2.179078E+01,7.593670E+01
02:00:00,4.462450E+03,0.000000E+00,1.458512E-01,0.000000E+00,0.000000E+00,0.000000E+00,0.000000E+00,0.000000E+00,0.000000E+00,0.000000E+00,0.000000E+00,0.000000E+00,1.999555E+01,3.674469E+01,2.488483E+01,6.301167E+01,5.189936E+03,0.000000E+00,1.696282E-01,0.000000E+00,0.000000E+00,0.000000E+00,0.000000E+00,0.000000E+00,0.000000E+00,0.000000E+00,0.000000E+00,0.000000E+00,1.999550E+01,3.823867E+01,2.893924E+01,4.157872E+01,5.457374E+03,0.000000E+00,1.783688E-01,0.000000E+00,0.000000E+00,0.000000E+00,0.000000E+00,0.000000E+00,0.000000E+00,0.000000E+00,0.000000E+00,0.000000E+00,1.999543E+01,3.872884E+01,2.837963E+01,5.131074E+01,1.027182E+04,0.000000E+00,3.357159E-01,0.000000E+00,0.000000E+00,0.000000E+00,0.000000E+00,0.000000E+00,0.000000E+00,0.000000E+00,0.000000E+00,0.000000E+00,1.999472E+01,4.438496E+01,2.750288E+01,4.519638E+01,8.996127E+03,0.000000E+00,2.940211E-01,0.000000E+00,0.000000E+00,0.000000E+00,0.000000E+00,0.000000E+00,0.000000E+00,0.000000E+00,0.000000E+00,0.000000E+00,1.999459E+01,4.330218E+01,2.176473E+01,7.605228E+01
02:05:00,4.460458E+03,0.000000E+00,1.457861E-01,0.000000E+00,0.000000E+00,0.000000E+00,0.000000E+00,0.000000E+00,0.000000E+00,0.000000E+00,0.000000E+00,0.000000E+00,1.999555E+01,3.674513E+01,2.486558E+01,6.307329E+01,5.188196E+03,0.000000E+00,1.695713E-01,0.000000E+00,0.000000E+00,0.000000E+00,0.000000E+00,0.000000E+00,0.000000E+00,0.000000E+00,0.000000E+00,0.000000E+00,1.999550E+01,3.824013E+01,2.891467E+01,4.162055E+01,5.455715E+03,0.000000E+00,1.783146E-01,0.000000E+00,0.000000E+00,0.000000E+00,0.000000E+00,0.000000E+00,0.000000E+00,0.000000E+00,0.000000E+00,0.000000E+00,1.999543E+01,3.873063E+01,2.835970E+01,5.136027E+01,1.026823E+04,0.000000E+00,3.355989E-01,0.000000E+00,0.000000E+00,0.000000E+00,0.000000E+00,0.000000E+00,0.000000E+00,0.000000E+00,0.000000E+00,0.000000E+00,1.999472E+01,4.438628E+01,2.747098E+01,4.526238E+01,8.989307E+03,0.000000E+00,2.937982E-01,0.000000E+00,0.000000E+00,0.000000E+00,0.000000E+00,0.000000E+00,0.000000E+00,0.000000E+00,0.000000E+00,0.000000E+00,1.999460E+01,4.330098E+01,2.173886E+01,7.616096E+01
02:10:00,4.458039E+03,0.000000E+00,1.457071E-01,0.000000E+00,0.000000E+00,0.000000E+00,0.000000E+00,0.000000E+00,0.000000E+00,0.000000E+00,0.000000E+00,0.000000E+00,1.999555E+01,3.674595E+01,2.484664E+01,6.312783E+01,5.185993E+03,0.000000E+00,1.694993E-01,0.000000E+00,0.000000E+00,0.000000E+00,0.000000E+00,0.000000E+00,0.000000E+00,0.000000E+00,0.000000E+00,0.000000E+00,1.999551E+01,3.824197E+01,2.889148E+01,4.165384E+01,5.453535E+03,0.000000E+00,1.782433E-01,0.000000E+00,0.000000E+00,0.000000E+00,0.000000E+00,0.000000E+00,0.000000E+00,0.000000E+00,0.000000E+00,0.000000E+00,1.999544E+01,3.873272E+01,2.834005E+01,5.140412E+01,1.026263E+04,0.000000E+00,3.354157E-01,0.000000E+00,0.000000E+00,0.000000E+00,0.000000E+00,0.000000E+00,0.000000E+00,0.000000E+00,0.000000E+00,0.000000E+00,1.999473E+01,4.438674E+01,2.744022E+01,4.531979E+01,8.980372E+03,0.000000E+00,2.935062E-01,0.000000E+00,0.000000E+00,0.000000E+00,0.000000E+00,0.000000E+00,0.000000E+00,0.000000E+00,0.000000E+00,0.000000E+00,1.999461E+01,4.329845E+01,2.171338E+01,7.626081E+01
02:15:00,4.455184E+03,0.000000E+00,1.456138E-01,0.000000E+00,0.000000E+00,0.000000E+00,0.000000E+00,0.000000E+00,0.000000E+00,0.000000E+00,0.000000E+00,0.000000E+00,1.999556E+01,3.674732E+01,2.482812E+01,6.317446E+01,5.183325E+03,0.000000E+00,1.694122E-01,0.000000E+00,0.000000E+00,0.000000E+00,0.000000E+00,0.000000E+00,0.000000E+00,0.000000E+00,0.000000E+00,0.000000E+00,1.999551E+01,3.824436E+01,2.887015E+01,4.167981E+01,5.450823E+03,0.000000E+00,1.781547E-01,0.000000E+00,0.000000E+00,0.000000E+00,0.000000E+00,0.000000E+00,0.000000E+00,0.000000E+00,0.000000E+00,0.000000E+00,1.999545E+01,3.873526E+01,2.832075E+01,5.144180E+01,1.025496E+04,0.000000E+00,3.351652E-01,0.000000E+00,0.000000E+00,0.000000E+00,0.000000E+00,0.000000E+00,0.000000E+00,0.000000E+00,0.000000E+00,0.000000E+00,1.999474E+01,4.438587E+01,2.741085E+01,4.537042E+01,8.969249E+03,0.000000E+00,2.931427E-01,0.000000E+00,0.000000E+00,0.000000E+00,0.000000E+00,0.000000E+00,0.000000E+00,0.000000E+00,0.000000E+00,0.000000E+00,1.999463E+01,4.329400E+01,2.168832E+01,7.635112E+01
02:20:00,4.451899E+03,0.000000E+00,1.455064E-01,0.000000E+00,0.000000E+00,0.000000E+00,0.000000E+00,0.000000E+00,0.000000E+00,0.000000E+00,0.000000E+00,0.000000E+00,1.999557E+01,3.674923E+01,2.480997E+01,6.321345E+01,5.180194E+03,0.000000E+00,1.693098E-01,0.000000E+00,0.000000E+00,0.000000E+00,0.000000E+00,0.000000E+00,0.000000E+00,0.000000E+00,0.000000E+00,0.000000E+00,1.999552E+01,3.824729E+01,2.885028E+01,4.170026E+01,5.447583E+03,0.000000E+00,1.780488E-01,0.000000E+00,0.000000E+00,0.000000E+00,0.000000E+00,0.000000E+00,0.000000E+00,0.000000E+00,0.000000E+00,0.000000E+00,1.999545E+01,3.873823E+01,2.830170E+01,5.147365E+01,1.024522E+04,0.000000E+00,3.348470E-01,0.000000E+00,0.000000E+00,0.000000E+00,0.000000E+00,0.000000E+00,0.000000E+00,0.000000E+00,0.000000E+00,0.000000E+00,1.999476E+01,4.438360E+01,2.738247E+01,4.541630E+01,8.955952E+03,0.000000E+00,2.927082E-01,0.000000E+00,0.000000E+00,0.000000E+00,0.000000E+00,0.000000E+00,0.000000E+00,0.000000E+00,0.000000E+00,0.000000E+00,1.999464E+01,4.328753E+01,2.166361E+01,7.643228E+01
02:25:00,4.448186E+03,0.000000E+00,1.453851E-01,0.000000E+00,0.000000E+00,0.000000E+00,0.000000E+00,0.000000E+00,0.000000E+00,0.000000E+00,0.000000E+00,0.000000E+00,1.999557E+01,3.675160E+01,2.479209E+01,6.324548E+01,5.176601E+03,0.000000E+00,1.691924E-01,0.000000E+00,0.000000E+00,0.000000E+00,0.000000E+00,0.000000E+00,0.000000E+00,0.000000E+00,0.000000E+00,0.000000E+00,1.999552E+01,3.825069E+01,2.883130E+01,4.171679E+01,5.443816E+03,0.000000E+00,1.779257E-01,0.000000E+00,0.000000E+00,0.000000E+00,0.000000E+00,0.000000E+00,0.000000E+00,0.000000E+00,0.000000E+00,0.000000E+00,1.999546E+01,3.874154E+01,2.828279E+01,5.150027E+01,1.023340E+04,0.000000E+00,3.344607E-01,0.000000E+00,0.000000E+00,0.000000E+00,0.000000E+00,0.000000E+00,0.000000E+00,0.000000E+00,0.000000E+00,0.000000E+00,1.999477E+01,4.438010E+01,2.735459E+01,4.545890E+01,8.940492E+03,0.000000E+00,2.922030E-01,0.000000E+00,0.000000E+00,0.000000E+00,0.000000E+00,0.000000E+00,0.000000E+00,0.000000E+00,0.000000E+00,0.000000E+00,1.999466E+01,4.327932E+01,2.163919E+01,7.650501E+01
02:30:00,4.444045E+03,0.000000E+00,1.452498E-01,0.000000E+00,0.000000E+00,0.000000E+00,0.000000E+00,0.000000E+00,0.000000E+00,0.000000E+00,0.000000E+00,0.000000E+00,1.999558E+01,3.675437E+01,2.477441E+01,6.327120E+01,5.172546E+03,0.000000E+00,1.690599E-01,0.000000E+00,0.000000E+00,0.000000E+00,0.000000E+00,0.000000E+00,0.000000E+00,0.000000E+00,0.000000E+00,0.000000E+00,1.999553E+01,3.825447E+01,2.881275E+01,4.173047E+01,5.439523E+03,0.000000E+00,1.777854E-01,0.000000E+00,0.000000E+00,0.000000E+00,0.000000E+00,0.000000E+00,0.000000E+00,0.000000E+00,0.000000E+00,0.000000E+00,1.999547E+01,3.874513E+01,2.826393E+01,5.152218E+01,1.021948E+04,0.000000E+00,3.340058E-01,0.000000E+00,0.000000E+00,0.000000E+00,0.000000E+00,0.000000E+00,0.000000E+00,0.000000E+00,0.000000E+00,0.000000E+00,1.999478E+01,4.437559E+01,2.732693E+01,4.549904E+01,8.922855E+03,0.000000E+00,2.916266E-01,0.000000E+00,0.000000E+00,0.000000E+00,0.000000E+00,0.000000E+00,0.000000E+00,0.000000E+00,0.000000E+00,0.000000E+00,1.999467E+01,4.326970E+01,2.161499E+01,7.657002E+01
02:35:00,4.439476E+03,0.000000E+00,1.451005E-01,0.000000E+00,0.000000E+00,0.000000E+00,0.000000E+00,0.000000E+00,0.000000E+00,0.000000E+00,0.000000E+00,0.000000E+00,1.999559E+01,3.675747E+01,2.475687E+01,6.329115E+01,5.168029E+03,0.000000E+00,1.689123E-01,0.000000E+00,0.000000E+00,0.000000E+00,0.000000E+00,0.000000E+00,0.000000E+00,0.000000E+00,0.000000E+00,0.000000E+00,1.999554E+01,3.825855E+01,2.879442E+01,4.174188E+01,5.434702E+03,0.000000E+00,1.776279E-01,0.000000E+00,0.000000E+00,0.000000E+00,0.000000E+00,0.000000E+00,0.000000E+00,0.000000E+00,0.000000E+00,0.000000E+00,1.999547E+01,3.874893E+01,2.824511E+01,5.153976E+01,1.020344E+04,0.000000E+00,3.334816E-01,0.000000E+00,0.000000E+00,0.000000E+00,0.000000E+00,0.000000E+00,0.000000E+00,0.000000E+00,0.000000E+00,0.000000E+00,1.999479E+01,4.437026E+01,2.729935E+01,4.553707E+01,8.903029E+03,0.000000E+00,2.909788E-01,0.000000E+00,0.000000E+00,0.000000E+00,0.000000E+00,0.000000E+00,0.000000E+00,0.000000E+00,0.000000E+00,0.000000E+00,1.999468E+01,4.325895E+01,2.159098E+01,7.662785E+01
02:40:00,4.434478E+03,0.000000E+00,1.449371E-01,0.000000E+00,0.000000E+00,0.000000E+00,0.000000E+00,0.000000E+00,0.000000E+00,0.000000E+00,0.000000E+00,0.000000E+00,1.999560E+01,3.676087E+01,2.473944E+01,6.330574E+01,5.163050E+03,0.000000E+00,1.687496E-01,0.000000E+00,0.000000E+00,0.000000E+00,0.000000E+00,0.000000E+00,0.000000E+00,0.000000E+00,0.000000E+00,0.000000E+00,1.999554E+01,3.826289E+01,2.877620E+01,4.175136E+01,5.429354E+03,0.000000E+00,1.774531E-01,0.000000E+00,0.000000E+00,0.000000E+00,0.000000E+00,0.000000E+00,0.000000E+00,0.000000E+00,0.000000E+00,0.000000E+00,1.999548E+01,3.875290E+01,2.822630E+01,5.155329E+01,1.018526E+04,0.000000E+00,3.328876E-01,0.000000E+00,0.000000E+00,0.000000E+00,0.000000E+00,0.000000E+00,0.000000E+00,0.000000E+00,0.000000E+00,0.000000E+00,1.999480E+01,4.436422E+01,2.727181E+01,4.557319E+01,8.881004E+03,0.000000E+00,2.902590E-01,0.000000E+00,0.000000E+00,0.000000E+00,0.000000E+00,0.000000E+00,0.000000E+00,0.000000E+00,0.000000E+00,0.000000E+00,1.999470E+01,4.324724E+01,2.156712E+01,7.667897E+01
02:45:00,4.429050E+03,0.000000E+00,1.447597E-01,0.000000E+00,0.000000E+00,0.000000E+00,0.000000E+00,0.000000E+00,0.000000E+00,0.000000E+00,0.000000E+00,0.000000E+00,1.999560E+01,3.676453E+01,2.472210E+01,6.331532E+01,5.157609E+03,0.000000E+00,1.685718E-01,0.000000E+00,0.000000E+00,0.000000E+00,0.000000E+00,0.000000E+00,0.000000E+00,0.000000E+00,0.000000E+00,0.000000E+00,1.999555E+01,3.826745E+01,2.875804E+01,4.175908E+01,5.423476E+03,0.000000E+00,1.772610E-01,0.000000E+00,0.000000E+00,0.000000E+00,0.000000E+00,0.000000E+00,0.000000E+00,0.000000E+00,0.000000E+00,0.000000E+00,1.999549E+01,3.875701E+01,2.820749E+01,5.156303E+01,1.016493E+04,0.000000E+00,3.322231E-01,0.000000E+00,0.000000E+00,0.000000E+00,0.000000E+00,0.000000E+00,0.000000E+00,0.000000E+00,0.000000E+00,0.000000E+00,1.999481E+01,4.435756E+01,2.724430E+01,4.560751E+01,8.856769E+03,0.000000E+00,2.894670E-01,0.000000E+00,0.000000E+00,0.000000E+00,0.000000E+00,0.000000E+00,0.000000E+00,0.000000E+00,0.000000E+00,0.000000E+00,1.999471E+01,4.323470E+01,2.154342E+01,7.672374E+01
02:50:00,4.423192E+03,0.000000E+00,1.445683E-01,0.000000E+00,0.000000E+00,0.000000E+00,0.000000E+00,0.000000E+00,0.000000E+00,0.000000E+00,0.000000E+00,0.000000E+00,1.999561E+01,3.676841E+01,2.470483E+01,6.332020E+01,5.151705E+03,0.000000E+00,1.683789E-01,0.000000E+00,0.000000E+00,0.000000E+00,0.000000E+00,0.000000E+00,0.000000E+00,0.000000E+00,0.000000E+00,0.000000E+00,1.999556E+01,3.827218E+01,2.873993E+01,4.176520E+01,5.417069E+03,0.000000E+00,1.770517E-01,0.000000E+00,0.000000E+00,0.000000E+00,0.000000E+00,0.000000E+00,0.000000E+00,0.000000E+00,0.000000E+00,0.000000E+00,1.999550E+01,3.876122E+01,2.818869E+01,5.156917E+01,1.014242E+04,0.000000E+00,3.314876E-01,0.000000E+00,0.000000E+00,0.000000E+00,0.000000E+00,0.000000E+00,0.000000E+00,0.000000E+00,0.000000E+00,0.000000E+00,1.999482E+01,4.435036E+01,2.721681E+01,4.564015E+01,8.830312E+03,0.000000E+00,2.886024E-01,0.000000E+00,0.000000E+00,0.000000E+00,0.000000E+00,0.000000E+00,0.000000E+00,0.000000E+00,0.000000E+00,0.000000E+00,1.999472E+01,4.322145E+01,2.151986E+01,7.676250E+01
02:55:00,4.416904E+03,0.000000E+00,1.443628E-01,0.000000E+00,0.000000E+00,0.000000E+00,0.000000E+00,0.000000E+00,0.000000E+00,0.000000E+00,0.000000E+00,0.000000E+00,1.999562E+01,3.677248E+01,2.468763E+01,6.332065E+01,5.145339E+03,0.000000E+00,1.681708E-01,0.000000E+00,0.000000E+00,0.000000E+00,0.000000E+00,0.000000E+00,0.000000E+00,0.000000E+00,0.000000E+00,0.000000E+00,1.999557E+01,3.827706E+01,2.872183E+01,4.176986E+01,5.410132E+03,0.000000E+00,1.768250E-01,0.000000E+00,0.000000E+00,0.000000E+00,0.000000E+00,0.000000E+00,0.000000E+00,0.000000E+00,0.000000E+00,0.000000E+00,1.999550E+01,3.876550E+01,2.816989E+01,5.157194E+01,1.011772E+04,0.000000E+00,3.306804E-01,0.000000E+00,0.000000E+00,0.000000E+00,0.000000E+00,0.000000E+00,0.000000E+00,0.000000E+00,0.000000E+00,0.000000E+00,1.999483E+01,4.434267E+01,2.718934E+01,4.567123E+01,8.801623E+03,0.000000E+00,2.876649E-01,0.000000E+00,0.000000E+00,0.000000E+00,0.000000E+00,0.000000E+00,0.000000E+00,0.000000E+00,0.000000E+00,0.000000E+00,1.999473E+01,4.320755E+01,2.149644E+01,7.679559E+01
03:00:00,4.410185E+03,0.000000E+00,1.441432E-01,0.000000E+00,0.000000E+00,0.000000E+00,0.000000E+00,0.000000E+00,0.000000E+00,0.000000E+00,0.000000E+00,0.000000E+00,1.999563E+01,3.677673E+01,2.467050E+01,6.331694E+01,5.138510E+03,0.000000E+00,1.679477E-01,0.000000E+00,0.000000E+00,0.000000E+00,0.000000E+00,0.000000E+00,0.000000E+00,0.000000E+00,0.000000E+00,0.000000E+00,1.999557E+01,3.828206E+01,2.870374E+01,4.177316E+01,5.402664E+03,0.000000E+00,1.765809E-01,0.000000E+00,0.000000E+00,0.000000E+00,0.000000E+00,0.000000E+00,0.000000E+00,0.000000E+00,0.000000E+00,0.000000E+00,1.999551E+01,3.876984E+01,2.815109E+01,5.157152E+01,1.009081E+04,0.000000E+00,3.298010E-01,0.000000E+00,0.000000E+00,0.000000E+00,0.000000E+00,0.000000E+00,0.000000E+00,0.000000E+00,0.000000E+00,0.000000E+00,1.999484E+01,4.433452E+01,2.716187E+01,4.570085E+01,8.770691E+03,0.000000E+00,2.866541E-01,0.000000E+00,0.000000E+00,0.000000E+00,0.000000E+00,0.000000E+00,0.000000E+00,0.000000E+00,0.000000E+00,0.000000E+00,1.999475E+01,4.319308E+01,2.147315E+01,7.682330E+01
03:05:00,4.404084E+03,0.000000E+00,1.439439E-01,0.000000E+00,0.000000E+00,0.000000E+00,0.000000E+00,0.000000E+00,0.000000E+00,0.000000E+00,0.000000E+00,0.000000E+00,1.999563E+01,3.678111E+01,2.465341E+01,6.330930E+01,5.132466E+03,0.000000E+00,1.677502E-01,0.000000E+00,0.000000E+00,0.000000E+00,0.000000E+00,0.000000E+00,0.000000E+00,0.000000E+00,0.000000E+00,0.000000E+00,1.999558E+01,3.828716E+01,2.868565E+01,4.177520E+01,5.395986E+03,0.000000E+00,1.763627E-01,0.000000E+00,0.000000E+00,0.000000E+00,0.000000E+00,0.000000E+00,0.000000E+00,0.000000E+00,0.000000E+00,0.000000E+00,1.999552E+01,3.877422E+01,2.813230E+01,5.156809E+01,1.006580E+04,0.000000E+00,3.289835E-01,0.000000E+00,0.000000E+00,0.000000E+00,0.000000E+00,0.000000E+00,0.000000E+00,0.000000E+00,0.000000E+00,0.000000E+00,1.999485E+01,4.432594E+01,2.713441E+01,4.572909E+01,8.741922E+03,0.000000E+00,2.857139E-01,0.000000E+00,0.000000E+00,0.000000E+00,0.000000E+00,0.000000E+00,0.000000E+00,0.000000E+00,0.000000E+00,0.000000E+00,1.999476E+01,4.317808E+01,2.144998E+01,7.684588E+01
03:10:00,4.398672E+03,0.000000E+00,1.437670E-01,0.000000E+00,0.000000E+00,0.000000E+00,0.000000E+00,0.000000E+00,0.000000E+00,0.000000E+00,0.000000E+00,0.000000E+00,1.999563E+01,3.678629E+01,2.463485E+01,6.330755E+01,5.127186E+03,0.000000E+00,1.675776E-01,0.000000E+00,0.000000E+00,0.000000E+00,0.000000E+00,0.000000E+00,0.000000E+00,0.000000E+00,0.000000E+00,0.000000E+00,1.999558E+01,3.829323E+01,2.866495E+01,4.178213E+01,5.390114E+03,0.000000E+00,1.761708E-01,0.000000E+00,0.000000E+00,0.000000E+00,0.000000E+00,0.000000E+00,0.000000E+00,0.000000E+00,0.000000E+00,0.000000E+00,1.999552E+01,3.877953E+01,2.811199E+01,5.156946E+01,1.004316E+04,0.000000E+00,3.282437E-01,0.000000E+00,0.000000E+00,0.000000E+00,0.000000E+00,0.000000E+00,0.000000E+00,0.000000E+00,0.000000E+00,0.000000E+00,1.999485E+01,4.431897E+01,2.710429E+01,4.576290E+01,8.715818E+03,0.000000E+00,2.848609E-01,0.000000E+00,0.000000E+00,0.000000E+00,0.000000E+00,0.000000E+00,0.000000E+00,0.000000E+00,0.000000E+00,0.000000E+00,1.999475E+01,4.316502E+01,2.142412E+01,7.688142E+01
03:15:00,4.393943E+03,0.000000E+00,1.436125E-01,0.000000E+00,0.000000E+00,0.000000E+00,0.000000E+00,0.000000E+00,0.000000E+00,0.000000E+00,0.000000E+00,0.000000E+00,1.999563E+01,3.679267E+01,2.461423E+01,6.331627E+01,5.122606E+03,0.000000E+00,1.674280E-01,0.000000E+00,0.000000E+00,0.000000E+00,0.000000E+00,0.000000E+00,0.000000E+00,0.000000E+00,0.000000E+00,0.000000E+00,1.999558E+01,3.830061E+01,2.864078E+01,4.179594E+01,5.384996E+03,0.000000E+00,1.760036E-01,0.000000E+00,0.000000E+00,0.000000E+00,0.000000E+00,0.000000E+00,0.000000E+00,0.000000E+00,0.000000E+00,0.000000E+00,1.999552E+01,3.878616E+01,2.808974E+01,5.157897E+01,1.002283E+04,0.000000E+00,3.275794E-01,0.000000E+00,0.000000E+00,0.000000E+00,0.000000E+00,0.000000E+00,0.000000E+00,0.000000E+00,0.000000E+00,0.000000E+00,1.999484E+01,4.431481E+01,2.707083E+01,4.580404E+01,8.692377E+03,0.000000E+00,2.840949E-01,0.000000E+00,0.000000E+00,0.000000E+00,0.000000E+00,0.000000E+00,0.000000E+00,0.000000E+00,0.000000E+00,0.000000E+00,1.999475E+01,4.315548E+01,2.139449E+01,7.693798E+01
03:20:00,4.389899E+03,0.000000E+00,1.434803E-01,0.000000E+00,0.000000E+00,0.000000E+00,0.000000E+00,0.000000E+00,0.000000E+00,0.000000E+00,0.000000E+00,0.000000E+00,1.999563E+01,3.680029E+01,2.459184E+01,6.333508E+01,5.118740E+03,0.000000E+00,1.673016E-01,0.000000E+00,0.000000E+00,0.000000E+00,0.000000E+00,0.000000E+00,0.000000E+00,0.000000E+00,0.000000E+00,0.000000E+00,1.999558E+01,3.830915E+01,2.861383E+01,4.181495E+01,5.380643E+03,0.000000E+00,1.758613E-01,0.000000E+00,0.000000E+00,0.000000E+00,0.000000E+00,0.000000E+00,0.000000E+00,0.000000E+00,0.000000E+00,0.000000E+00,1.999552E+01,3.879401E+01,2.806599E+01,5.159581E+01,1.000485E+04,0.000000E+00,3.269919E-01,0.000000E+00,0.000000E+00,0.000000E+00,0.000000E+00,0.000000E+00,0.000000E+00,0.000000E+00,0.000000E+00,0.000000E+00,1.999484E+01,4.431340E+01,2.703497E+01,4.585000E+01,8.671597E+03,0.000000E+00,2.834158E-01,0.000000E+00,0.000000E+00,0.000000E+00,0.000000E+00,0.000000E+00,0.000000E+00,0.000000E+00,0.000000E+00,0.000000E+00,1.999474E+01,4.314955E+01,2.136169E+01,7.701350E+01
03:25:00,4.386542E+03,0.000000E+00,1.433706E-01,0.000000E+00,0.000000E+00,0.000000E+00,0.000000E+00,0.000000E+00,0.000000E+00,0.000000E+00,0.000000E+00,0.000000E+00,1.999563E+01,3.680900E+01,2.456820E+01,6.336187E+01,5.115597E+03,0.000000E+00,1.671989E-01,0.000000E+00,0.000000E+00,0.000000E+00,0.000000E+00,0.000000E+00,0.000000E+00,0.000000E+00,0.000000E+00,0.000000E+00,1.999558E+01,3.831863E+01,2.858515E+01,4.183663E+01,5.377066E+03,0.000000E+00,1.757444E-01,0.000000E+00,0.000000E+00,0.000000E+00,0.000000E+00,0.000000E+00,0.000000E+00,0.000000E+00,0.000000E+00,0.000000E+00,1.999552E+01,3.880284E+01,2.804135E+01,5.161803E+01,9.989247E+03,0.000000E+00,3.264820E-01,0.000000E+00,0.000000E+00,0.000000E+00,0.000000E+00,0.000000E+00,0.000000E+00,0.000000E+00,0.000000E+00,0.000000E+00,1.999484E+01,4.431423E+01,2.699780E+01,4.589785E+01,8.653476E+03,0.000000E+00,2.828236E-01,0.000000E+00,0.000000E+00,0.000000E+00,0.000000E+00,0.000000E+00,0.000000E+00,0.000000E+00,0.000000E+00,0.000000E+00,1.999474E+01,4.314664E+01,2.132677E+01,7.710305E+01
03:30:00,4.383878E+03,0.000000E+00,1.432836E-01,0.000000E+00,0.000000E+00,0.000000E+00,0.000000E+00,0.000000E+00,0.000000E+00,0.000000E+00,0.000000E+00,0.000000E+00,1.999563E+01,3.681865E+01,2.454374E+01,6.339473E+01,5.113186E+03,0.000000E+00,1.671201E-01,0.000000E+00,0.000000E+00,0.000000E+00,0.000000E+00,0.000000E+00,0.000000E+00,0.000000E+00,0.000000E+00,0.000000E+00,1.999558E+01,3.832889E+01,2.855553E+01,4.185912E+01,5.374273E+03,0.000000E+00,1.756532E-01,0.000000E+00,0.000000E+00,0.000000E+00,0.000000E+00,0.000000E+00,0.000000E+00,0.000000E+00,0.000000E+00,0.000000E+00,1.999552E+01,3.881250E+01,2.801625E+01,5.164412E+01,9.976052E+03,0.000000E+00,3.260508E-01,0.000000E+00,0.000000E+00,0.000000E+00,0.000000E+00,0.000000E+00,0.000000E+00,0.000000E+00,0.000000E+00,0.000000E+00,1.999484E+01,4.431678E+01,2.696004E+01,4.594573E+01,8.638037E+03,0.000000E+00,2.823190E-01,0.000000E+00,0.000000E+00,0.000000E+00,0.000000E+00,0.000000E+00,0.000000E+00,0.000000E+00,0.000000E+00,0.000000E+00,1.999474E+01,4.314611E+01,2.129052E+01,7.720250E+01
03:35:00,4.381909E+03,0.000000E+00,1.432193E-01,0.000000E+00,0.000000E+00,0.000000E+00,0.000000E+00,0.000000E+00,0.000000E+00,0.000000E+00,0.000000E+00,0.000000E+00,1.999563E+01,3.682911E+01,2.451871E+01,6.343235E+01,5.111509E+03,0.000000E+00,1.670654E-01,0.000000E+00,0.000000E+00,0.000000E+00,0.000000E+00,0.000000E+00,0.000000E+00,0.000000E+00,0.000000E+00,0.000000E+00,1.999558E+01,3.833980E+01,2.852538E+01,4.188147E+01,5.372272E+03,0.000000E+00,1.755878E-01,0.000000E+00,0.000000E+00,0.000000E+00,0.000000E+00,0.000000E+00,0.000000E+00,0.000000E+00,0.000000E+00,0.000000E+00,1.999552E+01,3.882285E+01,2.799089E+01,5.167321E+01,9.965296E+03,0.000000E+00,3.256993E-01,0.000000E+00,0.000000E+00,0.000000E+00,0.000000E+00,0.000000E+00,0.000000E+00,0.000000E+00,0.000000E+00,0.000000E+00,1.999484E+01,4.432064E+01,2.692197E+01,4.599288E+01,8.625303E+03,0.000000E+00,2.819029E-01,0.000000E+00,0.000000E+00,0.000000E+00,0.000000E+00,0.000000E+00,0.000000E+00,0.000000E+00,0.000000E+00,0.000000E+00,1.999473E+01,4.314745E+01,2.125341E+01,7.730927E+01
03:40:00,4.380639E+03,0.000000E+00,1.431778E-01,0.000000E+00,0.000000E+00,0.000000E+00,0.000000E+00,0.000000E+00,0.000000E+00,0.000000E+00,0.000000E+00,0.000000E+00,1.999564E+01,3.684028E+01,2.449330E+01,6.347391E+01,5.110573E+03,0.000000E+00,1.670348E-01,0.000000E+00,0.000000E+00,0.000000E+00,0.000000E+00,0.000000E+00,0.000000E+00,0.000000E+00,0.000000E+00,0.000000E+00,1.999558E+01,3.835129E+01,2.849489E+01,4.190325E+01,5.371067E+03,0.000000E+00,1.755484E-01,0.000000E+00,0.000000E+00,0.000000E+00,0.000000E+00,0.000000E+00,0.000000E+00,0.000000E+00,0.000000E+00,0.000000E+00,1.999552E+01,3.883379E+01,2.796535E+01,5.170488E+01,9.957012E+03,0.000000E+00,3.254286E-01,0.000000E+00,0.000000E+00,0.000000E+00,0.000000E+00,0.000000E+00,0.000000E+00,0.000000E+00,0.000000E+00,0.000000E+00,1.999484E+01,4.432554E+01,2.688370E+01,4.603910E+01,8.615294E+03,0.000000E+00,2.815758E-01,0.000000E+00,0.000000E+00,0.000000E+00,0.000000E+00,0.000000E+00,0.000000E+00,0.000000E+00,0.000000E+00,0.000000E+00,1.999473E+01,4.315028E+01,2.121573E+01,7.742187E+01
03:45:00,4.380069E+03,0.000000E+00,1.431591E-01,0.000000E+00,0.000000E+00,0.000000E+00,0.000000E+00,0.000000E+00,0.000000E+00,0.000000E+00,0.000000E+00,0.000000E+00,1.999564E+01,3.685206E+01,2.446759E+01,6.351885E+01,5.110380E+03,0.000000E+00,1.670285E-01,0.000000E+00,0.000000E+00,0.000000E+00,0.000000E+00,0.000000E+00,0.000000E+00,0.000000E+00,0.000000E+00,0.000000E+00,1.999558E+01,3.836326E+01,2.846412E+01,4.192432E+01,5.370664E+03,0.000000E+00,1.755353E-01,0.000000E+00,0.000000E+00,0.000000E+00,0.000000E+00,0.000000E+00,0.000000E+00,0.000000E+00,0.000000E+00,0.000000E+00,1.999552E+01,3.884524E+01,2.793967E+01,5.173888E+01,9.951229E+03,0.000000E+00,3.252396E-01,0.000000E+00,0.000000E+00,0.000000E+00,0.000000E+00,0.000000E+00,0.000000E+00,0.000000E+00,0.000000E+00,0.000000E+00,1.999484E+01,4.433124E+01,2.684524E+01,4.608433E+01,8.608032E+03,0.000000E+00,2.813385E-01,0.000000E+00,0.000000E+00,0.000000E+00,0.000000E+00,0.000000E+00,0.000000E+00,0.000000E+00,0.000000E+00,0.000000E+00,1.999473E+01,4.315431E+01,2.117761E+01,7.753936E+01
03:50:00,4.380202E+03,0.000000E+00,1.431635E-01,0.000000E+00,0.000000E+00,0.000000E+00,0.000000E+00,0.000000E+00,0.000000E+00,0.000000E+00,0.000000E+00,0.000000E+00,1.999564E+01,3.686437E+01,2.444166E+01,6.356675E+01,5.110934E+03,0.000000E+00,1.670466E-01,0.000000E+00,0.000000E+00,0.000000E+00,0.000000E+00,0.000000E+00,0.000000E+00,0.000000E+00,0.000000E+00,0.000000E+00,1.999559E+01,3.837566E+01,2.843312E+01,4.194458E+01,5.371069E+03,0.000000E+00,1.755485E-01,0.000000E+00,0.000000E+00,0.000000E+00,0.000000E+00,0.000000E+00,0.000000E+00,0.000000E+00,0.000000E+00,0.000000E+00,1.999552E+01,3.885712E+01,2.791385E+01,5.177504E+01,9.947979E+03,0.000000E+00,3.251334E-01,0.000000E+00,0.000000E+00,0.000000E+00,0.000000E+00,0.000000E+00,0.000000E+00,0.000000E+00,0.000000E+00,0.000000E+00,1.999484E+01,4.433761E+01,2.680663E+01,4.612853E+01,8.603540E+03,0.000000E+00,2.811917E-01,0.000000E+00,0.000000E+00,0.000000E+00,0.000000E+00,0.000000E+00,0.000000E+00,0.000000E+00,0.000000E+00,0.000000E+00,1.999474E+01,4.315934E+01,2.113918E+01,7.766107E+01
03:55:00,4.381040E+03,0.000000E+00,1.431909E-01,0.000000E+00,0.000000E+00,0.000000E+00,0.000000E+00,0.000000E+00,0.000000E+00,0.000000E+00,0.000000E+00,0.000000E+00,1.999564E+01,3.687715E+01,2.441556E+01,6.361725E+01,5.112240E+03,0.000000E+00,1.670893E-01,0.000000E+00,0.000000E+00,0.000000E+00,0.000000E+00,0.000000E+00,0.000000E+00,0.000000E+00,0.000000E+00,0.000000E+00,1.999559E+01,3.838842E+01,2.840192E+01,4.196399E+01,5.372287E+03,0.000000E+00,1.755884E-01,0.000000E+00,0.000000E+00,0.000000E+00,0.000000E+00,0.000000E+00,0.000000E+00,0.000000E+00,0.000000E+00,0.000000E+00,1.999553E+01,3.886936E+01,2.788792E+01,5.181317E+01,9.947292E+03,0.000000E+00,3.251109E-01,0.000000E+00,0.000000E+00,0.000000E+00,0.000000E+00,0.000000E+00,0.000000E+00,0.000000E+00,0.000000E+00,0.000000E+00,1.999484E+01,4.434450E+01,2.676787E+01,4.617168E+01,8.601839E+03,0.000000E+00,2.811361E-01,0.000000E+00,0.000000E+00,0.000000E+00,0.000000E+00,0.000000E+00,0.000000E+00,0.000000E+00,0.000000E+00,0.000000E+00,1.999474E+01,4.316519E+01,2.110050E+01,7.778648E+01
04:00:00,4.382586E+03,0.000000E+00,1.432414E-01,0.000000E+00,0.000000E+00,0.000000E+00,0.000000E+00,0.000000E+00,0.000000E+00,0.000000E+00,0.000000E+00,0.000000E+00,1.999564E+01,3.689034E+01,2.438933E+01,6.367007E+01,5.114301E+03,0.000000E+00,1.671567E-01,0.000000E+00,0.000000E+00,0.000000E+00,0.000000E+00,0.000000E+00,0.000000E+00,0.000000E+00,0.000000E+00,0.000000E+00,1.999559E+01,3.840148E+01,2.837054E+01,4.198253E+01,5.374324E+03,0.000000E+00,1.756549E-01,0.000000E+00,0.000000E+00,0.000000E+00,0.000000E+00,0.000000E+00,0.000000E+00,0.000000E+00,0.000000E+00,0.000000E+00,1.999553E+01,3.888192E+01,2.786189E+01,5.185313E+01,9.949199E+03,0.000000E+00,3.251733E-01,0.000000E+00,0.000000E+00,0.000000E+00,0.000000E+00,0.000000E+00,0.000000E+00,0.000000E+00,0.000000E+00,0.000000E+00,1.999484E+01,4.435181E+01,2.672899E+01,4.621378E+01,8.602950E+03,0.000000E+00,2.811724E-01,0.000000E+00,0.000000E+00,0.000000E+00,0.000000E+00,0.000000E+00,0.000000E+00,0.000000E+00,0.000000E+00,0.000000E+00,1.999474E+01,4.317170E+01,2.106163E+01,7.791517E+01
04:05:00,4.383971E+03,0.000000E+00,1.432867E-01,0.000000E+00,0.000000E+00,0.000000E+00,0.000000E+00,0.000000E+00,0.000000E+00,0.000000E+00,0.000000E+00,0.000000E+00,1.999564E+01,3.690388E+01,2.436299E+01,6.372499E+01,5.116164E+03,0.000000E+00,1.672176E-01,0.000000E+00,0.000000E+00,0.000000E+00,0.000000E+00,0.000000E+00,0.000000E+00,0.000000E+00,0.000000E+00,0.000000E+00,1.999559E+01,3.841481E+01,2.833901E+01,4.200015E+01,5.376194E+03,0.000000E+00,1.757161E-01,0.000000E+00,0.000000E+00,0.000000E+00,0.000000E+00,0.000000E+00,0.000000E+00,0.000000E+00,0.000000E+00,0.000000E+00,1.999553E+01,3.889474E+01,2.783576E+01,5.189479E+01,9.950936E+03,0.000000E+00,3.252300E-01,0.000000E+00,0.000000E+00,0.000000E+00,0.000000E+00,0.000000E+00,0.000000E+00,0.000000E+00,0.000000E+00,0.000000E+00,1.999485E+01,4.435946E+01,2.668999E+01,4.625481E+01,8.603910E+03,0.000000E+00,2.812037E-01,0.000000E+00,0.000000E+00,0.000000E+00,0.000000E+00,0.000000E+00,0.000000E+00,0.000000E+00,0.000000E+00,0.000000E+00,1.999474E+01,4.317875E+01,2.102260E+01,7.804680E+01
04:10:00,4.385115E+03,0.000000E+00,1.433241E-01,0.000000E+00,0.000000E+00,0.000000E+00,0.000000E+00,0.000000E+00,0.000000E+00,0.000000E+00,0.000000E+00,0.000000E+00,1.999565E+01,3.691985E+01,2.433953E+01,6.376547E+01,5.117775E+03,0.000000E+00,1.672702E-01,0.000000E+00,0.000000E+00,0.000000E+00,0.000000E+00,0.000000E+00,0.000000E+00,0.000000E+00,0.000000E+00,0.000000E+00,1.999559E+01,3.843070E+01,2.831110E+01,4.200552E+01,5.377809E+03,0.000000E+00,1.757689E-01,0.000000E+00,0.000000E+00,0.000000E+00,0.000000E+00,0.000000E+00,0.000000E+00,0.000000E+00,0.000000E+00,0.000000E+00,1.999553E+01,3.891013E+01,2.781245E+01,5.192506E+01,9.952085E+03,0.000000E+00,3.252676E-01,0.000000E+00,0.000000E+00,0.000000E+00,0.000000E+00,0.000000E+00,0.000000E+00,0.000000E+00,0.000000E+00,0.000000E+00,1.999485E+01,4.436941E+01,2.665570E+01,4.627929E+01,8.604253E+03,0.000000E+00,2.812149E-01,0.000000E+00,0.000000E+00,0.000000E+00,0.000000E+00,0.000000E+00,0.000000E+00,0.000000E+00,0.000000E+00,0.000000E+00,1.999475E+01,4.318815E+01,2.098749E+01,7.815563E+01
04:15:00,4.386026E+03,0.000000E+00,1.433539E-01,0.000000E+00,0.000000E+00,0.000000E+00,0.000000E+00,0.000000E+00,0.000000E+00,0.000000E+00,0.000000E+00,0.000000E+00,1.999565E+01,3.693930E+01,2.432012E+01,6.378394E+01,5.119163E+03,0.000000E+00,1.673156E-01,0.000000E+00,0.000000E+00,0.000000E+00,0.000000E+00,0.000000E+00,0.000000E+00,0.000000E+00,0.000000E+00,0.000000E+00,1.999560E+01,3.845016E+01,2.828806E+01,4.199435E+01,5.379197E+03,0.000000E+00,1.758143E-01,0.000000E+00,0.000000E+00,0.000000E+00,0.000000E+00,0.000000E+00,0.000000E+00,0.000000E+00,0.000000E+00,0.000000E+00,1.999554E+01,3.892910E+01,2.779284E+01,5.193873E+01,9.952720E+03,0.000000E+00,3.252884E-01,0.000000E+00,0.000000E+00,0.000000E+00,0.000000E+00,0.000000E+00,0.000000E+00,0.000000E+00,0.000000E+00,0.000000E+00,1.999486E+01,4.438240E+01,2.662748E+01,4.628214E+01,8.604064E+03,0.000000E+00,2.812088E-01,0.000000E+00,0.000000E+00,0.000000E+00,0.000000E+00,0.000000E+00,0.000000E+00,0.000000E+00,0.000000E+00,0.000000E+00,1.999475E+01,4.320064E+01,2.095779E+01,7.823056E+01
04:20:00,4.386699E+03,0.000000E+00,1.433759E-01,0.000000E+00,0.000000E+00,0.000000E+00,0.000000E+00,0.000000E+00,0.000000E+00,0.000000E+00,0.000000E+00,0.000000E+00,1.999566E+01,3.696225E+01,2.430421E+01,6.378160E+01,5.120318E+03,0.000000E+00,1.673534E-01,0.000000E+00,0.000000E+00,0.000000E+00,0.000000E+00,0.000000E+00,0.000000E+00,0.000000E+00,0.000000E+00,0.000000E+00,1.999560E+01,3.847308E+01,2.826884E+01,4.196896E+01,5.380349E+03,0.000000E+00,1.758519E-01,0.000000E+00,0.000000E+00,0.000000E+00,0.000000E+00,0.000000E+00,0.000000E+00,0.000000E+00,0.000000E+00,0.000000E+00,1.999554E+01,3.895150E+01,2.777606E+01,5.193778E+01,9.952827E+03,0.000000E+00,3.252919E-01,0.000000E+00,0.000000E+00,0.000000E+00,0.000000E+00,0.000000E+00,0.000000E+00,0.000000E+00,0.000000E+00,0.000000E+00,1.999487E+01,4.439818E+01,2.660365E+01,4.626766E+01,8.603340E+03,0.000000E+00,2.811851E-01,0.000000E+00,0.000000E+00,0.000000E+00,0.000000E+00,0.000000E+00,0.000000E+00,0.000000E+00,0.000000E+00,0.000000E+00,1.999476E+01,4.321603E+01,2.093263E+01,7.827476E+01
04:25:00,4.387129E+03,0.000000E+00,1.433899E-01,0.000000E+00,0.000000E+00,0.000000E+00,0.000000E+00,0.000000E+00,0.000000E+00,0.000000E+00,0.000000E+00,0.000000E+00,1.999566E+01,3.698829E+01,2.429079E+01,6.376258E+01,5.121232E+03,0.000000E+00,1.673832E-01,0.000000E+00,0.000000E+00,0.000000E+00,0.000000E+00,0.000000E+00,0.000000E+00,0.000000E+00,0.000000E+00,0.000000E+00,1.999561E+01,3.849897E+01,2.825189E+01,4.193334E+01,5.381255E+03,0.000000E+00,1.758815E-01,0.000000E+00,0.000000E+00,0.000000E+00,0.000000E+00,0.000000E+00,0.000000E+00,0.000000E+00,0.000000E+00,0.000000E+00,1.999555E+01,3.897686E+01,2.776089E+01,5.192605E+01,9.952399E+03,0.000000E+00,3.252779E-01,0.000000E+00,0.000000E+00,0.000000E+00,0.000000E+00,0.000000E+00,0.000000E+00,0.000000E+00,0.000000E+00,0.000000E+00,1.999488E+01,4.441616E+01,2.658215E+01,4.624166E+01,8.602082E+03,0.000000E+00,2.811440E-01,0.000000E+00,0.000000E+00,0.000000E+00,0.000000E+00,0.000000E+00,0.000000E+00,0.000000E+00,0.000000E+00,0.000000E+00,1.999477E+01,4.323382E+01,2.091055E+01,7.829544E+01
04:30:00,4.387311E+03,0.000000E+00,1.433959E-01,0.000000E+00,0.000000E+00,0.000000E+00,0.000000E+00,0.000000E+00,0.000000E+00,0.000000E+00,0.000000E+00,0.000000E+00,1.999567E+01,3.701696E+01,2.427902E+01,6.373054E+01,5.121899E+03,0.000000E+00,1.674051E-01,0.000000E+00,0.000000E+00,0.000000E+00,0.000000E+00,0.000000E+00,0.000000E+00,0.000000E+00,0.000000E+00,0.000000E+00,1.999562E+01,3.852733E+01,2.823609E+01,4.189051E+01,5.381912E+03,0.000000E+00,1.759030E-01,0.000000E+00,0.000000E+00,0.000000E+00,0.000000E+00,0.000000E+00,0.000000E+00,0.000000E+00,0.000000E+00,0.000000E+00,1.999556E+01,3.900466E+01,2.774651E+01,5.190643E+01,9.951433E+03,0.000000E+00,3.252464E-01,0.000000E+00,0.000000E+00,0.000000E+00,0.000000E+00,0.000000E+00,0.000000E+00,0.000000E+00,0.000000E+00,0.000000E+00,1.999489E+01,4.443583E+01,2.656167E+01,4.620801E+01,8.600289E+03,0.000000E+00,2.810855E-01,0.000000E+00,0.000000E+00,0.000000E+00,0.000000E+00,0.000000E+00,0.000000E+00,0.000000E+00,0.000000E+00,0.000000E+00,1.999478E+01,4.325351E+01,2.089042E+01,7.829855E+01
04:35:00,4.387244E+03,0.000000E+00,1.433937E-01,0.000000E+00,0.000000E+00,0.000000E+00,0.000000E+00,0.000000E+00,0.000000E+00,0.000000E+00,0.000000E+00,0.000000E+00,1.999568E+01,3.704789E+01,2.426838E+01,6.368797E+01,5.122320E+03,0.000000E+00,1.674189E-01,0.000000E+00,0.000000E+00,0.000000E+00,0.000000E+00,0.000000E+00,0.000000E+00,0.000000E+00,0.000000E+00,0.000000E+00,1.999563E+01,3.855779E+01,2.822087E+01,4.184216E+01,5.382317E+03,0.000000E+00,1.759163E-01,0.000000E+00,0.000000E+00,0.000000E+00,0.000000E+00,0.000000E+00,0.000000E+00,0.000000E+00,0.000000E+00,0.000000E+00,1.999557E+01,3.903451E+01,2.773252E+01,5.188050E+01,9.949924E+03,0.000000E+00,3.251971E-01,0.000000E+00,0.000000E+00,0.000000E+00,0.000000E+00,0.000000E+00,0.000000E+00,0.000000E+00,0.000000E+00,0.000000E+00,1.999490E+01,4.445681E+01,2.654169E+01,4.616846E+01,8.597957E+03,0.000000E+00,2.810093E-01,0.000000E+00,0.000000E+00,0.000000E+00,0.000000E+00,0.000000E+00,0.000000E+00,0.000000E+00,0.000000E+00,0.000000E+00,1.999479E+01,4.327471E+01,2.087157E+01,7.828785E+01
04:40:00,4.386928E+03,0.000000E+00,1.433834E-01,0.000000E+00,0.000000E+00,0.000000E+00,0.000000E+00,0.000000E+00,0.000000E+00,0.000000E+00,0.000000E+00,0.000000E+00,1.999569E+01,3.708078E+01,2.425853E+01,6.363642E+01,5.122492E+03,0.000000E+00,1.674245E-01,0.000000E+00,0.000000E+00,0.000000E+00,0.000000E+00,0.000000E+00,0.000000E+00,0.000000E+00,0.000000E+00,0.000000E+00,1.999564E+01,3.859004E+01,2.820599E+01,4.178908E+01,5.382470E+03,0.000000E+00,1.759213E-01,0.000000E+00,0.000000E+00,0.000000E+00,0.000000E+00,0.000000E+00,0.000000E+00,0.000000E+00,0.000000E+00,0.000000E+00,1.999557E+01,3.906611E+01,2.771877E+01,5.184899E+01,9.947869E+03,0.000000E+00,3.251300E-01,0.000000E+00,0.000000E+00,0.000000E+00,0.000000E+00,0.000000E+00,0.000000E+00,0.000000E+00,0.000000E+00,0.000000E+00,1.999491E+01,4.447883E+01,2.652205E+01,4.612367E+01,8.595087E+03,0.000000E+00,2.809156E-01,0.000000E+00,0.000000E+00,0.000000E+00,0.000000E+00,0.000000E+00,0.000000E+00,0.000000E+00,0.000000E+00,0.000000E+00,1.999480E+01,4.329715E+01,2.085363E+01,7.826549E+01
04:45:00,4.386361E+03,0.000000E+00,1.433649E-01,0.000000E+00,0.000000E+00,0.000000E+00,0.000000E+00,0.000000E+00,0.000000E+00,0.000000E+00,0.000000E+00,0.000000E+00,1.999570E+01,3.711540E+01,2.424940E+01,6.357654E+01,5.122415E+03,0.000000E+00,1.674220E-01,0.000000E+00,0.000000E+00,0.000000E+00,0.000000E+00,0.000000E+00,0.000000E+00,0.000000E+00,0.000000E+00,0.000000E+00,1.999565E+01,3.862384E+01,2.819148E+01,4.173144E+01,5.382371E+03,0.000000E+00,1.759181E-01,0.000000E+00,0.000000E+00,0.000000E+00,0.000000E+00,0.000000E+00,0.000000E+00,0.000000E+00,0.000000E+00,0.000000E+00,1.999558E+01,3.909923E+01,2.770537E+01,5.181181E+01,9.945267E+03,0.000000E+00,3.250451E-01,0.000000E+00,0.000000E+00,0.000000E+00,0.000000E+00,0.000000E+00,0.000000E+00,0.000000E+00,0.000000E+00,0.000000E+00,1.999492E+01,4.450167E+01,2.650292E+01,4.607339E+01,8.591676E+03,0.000000E+00,2.808041E-01,0.000000E+00,0.000000E+00,0.000000E+00,0.000000E+00,0.000000E+00,0.000000E+00,0.000000E+00,0.000000E+00,0.000000E+00,1.999482E+01,4.332059E+01,2.083648E+01,7.823240E+01
04:50:00,4.385543E+03,0.000000E+00,1.433382E-01,0.000000E+00,0.000000E+00,0.000000E+00,0.000000E+00,0.000000E+00,0.000000E+00,0.000000E+00,0.000000E+00,0.000000E+00,1.999571E+01,3.715154E+01,2.424086E+01,6.350905E+01,5.122088E+03,0.000000E+00,1.674114E-01,0.000000E+00,0.000000E+00,0.000000E+00,0.000000E+00,0.000000E+00,0.000000E+00,0.000000E+00,0.000000E+00,0.000000E+00,1.999565E+01,3.865900E+01,2.817727E+01,4.166954E+01,5.382018E+03,0.000000E+00,1.759066E-01,0.000000E+00,0.000000E+00,0.000000E+00,0.000000E+00,0.000000E+00,0.000000E+00,0.000000E+00,0.000000E+00,0.000000E+00,1.999559E+01,3.913366E+01,2.769229E+01,5.176924E+01,9.942114E+03,0.000000E+00,3.249421E-01,0.000000E+00,0.000000E+00,0.000000E+00,0.000000E+00,0.000000E+00,0.000000E+00,0.000000E+00,0.000000E+00,0.000000E+00,1.999493E+01,4.452520E+01,2.648427E+01,4.601792E+01,8.587723E+03,0.000000E+00,2.806750E-01,0.000000E+00,0.000000E+00,0.000000E+00,0.000000E+00,0.000000E+00,0.000000E+00,0.000000E+00,0.000000E+00,0.000000E+00,1.999483E+01,4.334488E+01,2.081998E+01,7.818955E+01
04:55:00,4.384473E+03,0.000000E+00,1.433033E-01,0.000000E+00,0.000000E+00,0.000000E+00,0.000000E+00,0.000000E+00,0.000000E+00,0.000000E+00,0.000000E+00,0.000000E+00,1.999572E+01,3.718901E+01,2.423277E+01,6.343472E+01,5.121511E+03,0.000000E+00,1.673925E-01,0.000000E+00,0.000000E+00,0.000000E+00,0.000000E+00,0.000000E+00,0.000000E+00,0.000000E+00,0.000000E+00,0.000000E+00,1.999566E+01,3.869534E+01,2.816328E+01,4.160379E+01,5.381411E+03,0.000000E+00,1.758868E-01,0.000000E+00,0.000000E+00,0.000000E+00,0.000000E+00,0.000000E+00,0.000000E+00,0.000000E+00,0.000000E+00,0.000000E+00,1.999560E+01,3.916922E+01,2.767942E+01,5.172182E+01,9.938408E+03,0.000000E+00,3.248211E-01,0.000000E+00,0.000000E+00,0.000000E+00,0.000000E+00,0.000000E+00,0.000000E+00,0.000000E+00,0.000000E+00,0.000000E+00,1.999495E+01,4.454927E+01,2.646595E+01,4.595785E+01,8.583227E+03,0.000000E+00,2.805281E-01,0.000000E+00,0.000000E+00,0.000000E+00,0.000000E+00,0.000000E+00,0.000000E+00,0.000000E+00,0.000000E+00,0.000000E+00,1.999484E+01,4.336987E+01,2.080400E+01,7.813794E+01
05:00:00,4.383151E+03,0.000000E+00,1.432601E-01,0.000000E+00,0.000000E+00,0.000000E+00,0.000000E+00,0.000000E+00,0.000000E+00,0.000000E+00,0.000000E+00,0.000000E+00,1.999573E+01,3.722766E+01,2.422504E+01,6.335417E+01,5.120683E+03,0.000000E+00,1.673655E-01,0.000000E+00,0.000000E+00,0.000000E+00,0.000000E+00,0.000000E+00,0.000000E+00,0.000000E+00,0.000000E+00,0.000000E+00,1.999568E+01,3.873269E+01,2.814943E+01,4.153453E+01,5.380550E+03,0.000000E+00,1.758587E-01,0.000000E+00,0.000000E+00,0.000000E+00,0.000000E+00,0.000000E+00,0.000000E+00,0.000000E+00,0.000000E+00,0.000000E+00,1.999561E+01,3.920577E+01,2.766670E+01,5.166998E+01,9.934146E+03,0.000000E+00,3.246819E-01,0.000000E+00,0.000000E+00,0.000000E+00,0.000000E+00,0.000000E+00,0.000000E+00,0.000000E+00,0.000000E+00,0.000000E+00,1.999496E+01,4.457379E+01,2.644786E+01,4.589363E+01,8.578185E+03,0.000000E+00,2.803634E-01,0.000000E+00,0.000000E+00,0.000000E+00,0.000000E+00,0.000000E+00,0.000000E+00,0.000000E+00,0.000000E+00,0.000000E+00,1.999486E+01,4.339544E+01,2.078842E+01,7.807834E+01
05:05:00,4.381909E+03,0.000000E+00,1.432196E-01,0.000000E+00,0.000000E+00,0.000000E+00,0.000000E+00,0.000000E+00,0.000000E+00,0.000000E+00,0.000000E+00,0.000000E+00,1.999574E+01,3.726735E+01,2.421759E+01,6.326790E+01,5.119839E+03,0.000000E+00,1.673380E-01,0.000000E+00,0.000000E+00,0.000000E+00,0.000000E+00,0.000000E+00,0.000000E+00,0.000000E+00,0.000000E+00,0.000000E+00,1.999569E+01,3.877094E+01,2.813569E+01,4.146200E+01,5.379668E+03,0.000000E+00,1.758299E-01,0.000000E+00,0.000000E+00,0.000000E+00,0.000000E+00,0.000000E+00,0.000000E+00,0.000000E+00,0.000000E+00,0.000000E+00,1.999563E+01,3.924316E+01,2.765408E+01,5.161398E+01,9.929877E+03,0.000000E+00,3.245425E-01,0.000000E+00,0.000000E+00,0.000000E+00,0.000000E+00,0.000000E+00,0.000000E+00,0.000000E+00,0.000000E+00,0.000000E+00,1.999497E+01,4.459867E+01,2.642998E+01,4.582551E+01,8.573233E+03,0.000000E+00,2.802017E-01,0.000000E+00,0.000000E+00,0.000000E+00,0.000000E+00,0.000000E+00,0.000000E+00,0.000000E+00,0.000000E+00,0.000000E+00,1.999487E+01,4.342150E+01,2.077318E+01,7.801131E+01
05:10:00,4.380782E+03,0.000000E+00,1.431828E-01,0.000000E+00,0.000000E+00,0.000000E+00,0.000000E+00,0.000000E+00,0.000000E+00,0.000000E+00,0.000000E+00,0.000000E+00,1.999575E+01,3.730781E+01,2.420953E+01,6.318537E+01,5.119094E+03,0.000000E+00,1.673137E-01,0.000000E+00,0.000000E+00,0.000000E+00,0.000000E+00,0.000000E+00,0.000000E+00,0.000000E+00,0.000000E+00,0.000000E+00,1.999570E+01,3.880983E+01,2.812198E+01,4.139734E+01,5.378883E+03,0.000000E+00,1.758043E-01,0.000000E+00,0.000000E+00,0.000000E+00,0.000000E+00,0.000000E+00,0.000000E+00,0.000000E+00,0.000000E+00,0.000000E+00,1.999564E+01,3.928116E+01,2.764072E+01,5.156140E+01,9.925773E+03,0.000000E+00,3.244085E-01,0.000000E+00,0.000000E+00,0.000000E+00,0.000000E+00,0.000000E+00,0.000000E+00,0.000000E+00,0.000000E+00,0.000000E+00,1.999499E+01,4.462370E+01,2.641087E+01,4.576935E+01,8.568479E+03,0.000000E+00,2.800464E-01,0.000000E+00,0.000000E+00,0.000000E+00,0.000000E+00,0.000000E+00,0.000000E+00,0.000000E+00,0.000000E+00,0.000000E+00,1.999488E+01,4.344782E+01,2.075743E+01,7.794836E+01
05:15:00,4.379781E+03,0.000000E+00,1.431501E-01,0.000000E+00,0.000000E+00,0.000000E+00,0.000000E+00,0.000000E+00,0.000000E+00,0.000000E+00,0.000000E+00,0.000000E+00,1.999576E+01,3.734888E+01,2.420049E+01,6.311168E+01,5.118488E+03,0.000000E+00,1.672939E-01,0.000000E+00,0.000000E+00,0.000000E+00,0.000000E+00,0.000000E+00,0.000000E+00,0.000000E+00,0.000000E+00,0.000000E+00,1.999570E+01,3.884922E+01,2.810824E+01,4.134713E+01,5.378238E+03,0.000000E+00,1.757833E-01,0.000000E+00,0.000000E+00,0.000000E+00,0.000000E+00,0.000000E+00,0.000000E+00,0.000000E+00,0.000000E+00,0.000000E+00,1.999565E+01,3.931961E+01,2.762636E+01,5.151607E+01,9.921864E+03,0.000000E+00,3.242808E-01,0.000000E+00,0.000000E+00,0.000000E+00,0.000000E+00,0.000000E+00,0.000000E+00,0.000000E+00,0.000000E+00,0.000000E+00,1.999500E+01,4.464878E+01,2.638999E+01,4.573378E+01,8.563926E+03,0.000000E+00,2.798977E-01,0.000000E+00,0.000000E+00,0.000000E+00,0.000000E+00,0.000000E+00,0.000000E+00,0.000000E+00,0.000000E+00,0.000000E+00,1.999490E+01,4.347429E+01,2.074084E+01,7.789554E+01
05:20:00,4.378912E+03,0.000000E+00,1.431217E-01,0.000000E+00,0.000000E+00,0.000000E+00,0.000000E+00,0.000000E+00,0.000000E+00,0.000000E+00,0.000000E+00,0.000000E+00,1.999576E+01,3.739047E+01,2.419057E+01,6.304743E+01,5.118024E+03,0.000000E+00,1.672788E-01,0.000000E+00,0.000000E+00,0.000000E+00,0.000000E+00,0.000000E+00,0.000000E+00,0.000000E+00,0.000000E+00,0.000000E+00,1.999571E+01,3.888901E+01,2.809450E+01,4.131302E+01,5.377735E+03,0.000000E+00,1.757669E-01,0.000000E+00,0.000000E+00,0.000000E+00,0.000000E+00,0.000000E+00,0.000000E+00,0.000000E+00,0.000000E+00,0.000000E+00,1.999565E+01,3.935843E+01,2.761124E+01,5.147806E+01,9.918157E+03,0.000000E+00,3.241598E-01,0.000000E+00,0.000000E+00,0.000000E+00,0.000000E+00,0.000000E+00,0.000000E+00,0.000000E+00,0.000000E+00,0.000000E+00,1.999501E+01,4.467387E+01,2.636780E+01,4.571939E+01,8.559580E+03,0.000000E+00,2.797558E-01,0.000000E+00,0.000000E+00,0.000000E+00,0.000000E+00,0.000000E+00,0.000000E+00,0.000000E+00,0.000000E+00,0.000000E+00,1.999491E+01,4.350087E+01,2.072355E+01,7.785343E+01
05:25:00,4.378175E+03,0.000000E+00,1.430977E-01,0.000000E+00,0.000000E+00,0.000000E+00,0.000000E+00,0.000000E+00,0.000000E+00,0.000000E+00,0.000000E+00,0.000000E+00,1.999577E+01,3.743251E+01,2.418005E+01,6.299139E+01,5.117703E+03,0.000000E+00,1.672683E-01,0.000000E+00,0.000000E+00,0.000000E+00,0.000000E+00,0.000000E+00,0.000000E+00,0.000000E+00,0.000000E+00,0.000000E+00,1.999572E+01,3.892915E+01,2.808078E+01,4.129434E+01,5.377376E+03,0.000000E+00,1.757552E-01,0.000000E+00,0.000000E+00,0.000000E+00,0.000000E+00,0.000000E+00,0.000000E+00,0.000000E+00,0.000000E+00,0.000000E+00,1.999566E+01,3.939757E+01,2.759571E+01,5.144620E+01,9.914653E+03,0.000000E+00,3.240454E-01,0.000000E+00,0.000000E+00,0.000000E+00,0.000000E+00,0.000000E+00,0.000000E+00,0.000000E+00,0.000000E+00,0.000000E+00,1.999503E+01,4.469898E+01,2.634493E+01,4.572382E+01,8.555441E+03,0.000000E+00,2.796206E-01,0.000000E+00,0.000000E+00,0.000000E+00,0.000000E+00,0.000000E+00,0.000000E+00,0.000000E+00,0.000000E+00,0.000000E+00,1.999492E+01,4.352756E+01,2.070585E+01,7.782050E+01
05:30:00,4.377572E+03,0.000000E+00,1.430780E-01,0.000000E+00,0.000000E+00,0.000000E+00,0.000000E+00,0.000000E+00,0.000000E+00,0.000000E+00,0.000000E+00,0.000000E+00,1.999578E+01,3.747496E+01,2.416916E+01,6.294218E+01,5.117527E+03,0.000000E+00,1.672626E-01,0.000000E+00,0.000000E+00,0.000000E+00,0.000000E+00,0.000000E+00,0.000000E+00,0.000000E+00,0.000000E+00,0.000000E+00,1.999573E+01,3.896961E+01,2.806710E+01,4.128993E+01,5.377163E+03,0.000000E+00,1.757483E-01,0.000000E+00,0.000000E+00,0.000000E+00,0.000000E+00,0.000000E+00,0.000000E+00,0.000000E+00,0.000000E+00,0.000000E+00,1.999567E+01,3.943699E+01,2.758002E+01,5.141934E+01,9.911356E+03,0.000000E+00,3.239378E-01,0.000000E+00,0.000000E+00,0.000000E+00,0.000000E+00,0.000000E+00,0.000000E+00,0.000000E+00,0.000000E+00,0.000000E+00,1.999504E+01,4.472412E+01,2.632183E+01,4.574472E+01,8.551511E+03,0.000000E+00,2.794923E-01,0.000000E+00,0.000000E+00,0.000000E+00,0.000000E+00,0.000000E+00,0.000000E+00,0.000000E+00,0.000000E+00,0.000000E+00,1.999493E+01,4.355434E+01,2.068794E+01,7.779514E+01
05:35:00,4.377103E+03,0.000000E+00,1.430627E-01,0.000000E+00,0.000000E+00,0.000000E+00,0.000000E+00,0.000000E+00,0.000000E+00,0.000000E+00,0.000000E+00,0.000000E+00,1.999579E+01,3.751777E+01,2.415806E+01,6.289878E+01,5.117497E+03,0.000000E+00,1.672617E-01,0.000000E+00,0.000000E+00,0.000000E+00,0.000000E+00,0.000000E+00,0.000000E+00,0.000000E+00,0.000000E+00,0.000000E+00,1.999574E+01,3.901034E+01,2.805347E+01,4.129873E+01,5.377096E+03,0.000000E+00,1.757462E-01,0.000000E+00,0.000000E+00,0.000000E+00,0.000000E+00,0.000000E+00,0.000000E+00,0.000000E+00,0.000000E+00,0.000000E+00,1.999568E+01,3.947665E+01,2.756427E+01,5.139677E+01,9.908269E+03,0.000000E+00,3.238370E-01,0.000000E+00,0.000000E+00,0.000000E+00,0.000000E+00,0.000000E+00,0.000000E+00,0.000000E+00,0.000000E+00,0.000000E+00,1.999505E+01,4.474927E+01,2.629868E+01,4.578049E+01,8.547792E+03,0.000000E+00,2.793709E-01,0.000000E+00,0.000000E+00,0.000000E+00,0.000000E+00,0.000000E+00,0.000000E+00,0.000000E+00,0.000000E+00,0.000000E+00,1.999495E+01,4.358121E+01,2.066996E+01,7.777622E+01
05:40:00,4.376769E+03,0.000000E+00,1.430519E-01,0.000000E+00,0.000000E+00,0.000000E+00,0.000000E+00,0.000000E+00,0.000000E+00,0.000000E+00,0.000000E+00,0.000000E+00,1.999580E+01,3.756089E+01,2.414759E+01,6.285774E+01,5.117614E+03,0.000000E+00,1.672656E-01,0.000000E+00,0.000000E+00,0.000000E+00,0.000000E+00,0.000000E+00,0.000000E+00,0.000000E+00,0.000000E+00,0.000000E+00,1.999575E+01,3.905129E+01,2.804072E+01,4.131794E+01,5.377178E+03,0.000000E+00,1.757489E-01,0.000000E+00,0.000000E+00,0.000000E+00,0.000000E+00,0.000000E+00,0.000000E+00,0.000000E+00,0.000000E+00,0.000000E+00,1.999570E+01,3.951653E+01,2.754981E+01,5.137423E+01,9.905394E+03,0.000000E+00,3.237432E-01,0.000000E+00,0.000000E+00,0.000000E+00,0.000000E+00,0.000000E+00,0.000000E+00,0.000000E+00,0.000000E+00,0.000000E+00,1.999506E+01,4.477446E+01,2.627708E+01,4.582592E+01,8.544286E+03,0.000000E+00,2.792564E-01,0.000000E+00,0.000000E+00,0.000000E+00,0.000000E+00,0.000000E+00,0.000000E+00,0.000000E+00,0.000000E+00,0.000000E+00,1.999496E+01,4.360815E+01,2.065271E+01,7.775952E+01
05:45:00,4.376571E+03,0.000000E+00,1.430454E-01,0.000000E+00,0.000000E+00,0.000000E+00,0.000000E+00,0.000000E+00,0.000000E+00,0.000000E+00,0.000000E+00,0.000000E+00,1.999581E+01,3.760428E+01,2.413825E+01,6.281683E+01,5.117879E+03,0.000000E+00,1.672743E-01,0.000000E+00,0.000000E+00,0.000000E+00,0.000000E+00,0.000000E+00,0.000000E+00,0.000000E+00,0.000000E+00,0.000000E+00,1.999576E+01,3.909245E+01,2.802929E+01,4.134580E+01,5.377408E+03,0.000000E+00,1.757565E-01,0.000000E+00,0.000000E+00,0.000000E+00,0.000000E+00,0.000000E+00,0.000000E+00,0.000000E+00,0.000000E+00,0.000000E+00,1.999571E+01,3.955657E+01,2.753730E+01,5.134950E+01,9.902733E+03,0.000000E+00,3.236564E-01,0.000000E+00,0.000000E+00,0.000000E+00,0.000000E+00,0.000000E+00,0.000000E+00,0.000000E+00,0.000000E+00,0.000000E+00,1.999508E+01,4.479966E+01,2.625773E+01,4.587835E+01,8.540993E+03,0.000000E+00,2.791489E-01,0.000000E+00,0.000000E+00,0.000000E+00,0.000000E+00,0.000000E+00,0.000000E+00,0.000000E+00,0.000000E+00,0.000000E+00,1.999497E+01,4.363515E+01,2.063661E+01,7.774264E+01
05:50:00,4.376508E+03,0.000000E+00,1.430434E-01,0.000000E+00,0.000000E+00,0.000000E+00,0.000000E+00,0.000000E+00,0.000000E+00,0.000000E+00,0.000000E+00,0.000000E+00,1.999582E+01,3.764792E+01,2.413009E+01,6.277566E+01,5.118294E+03,0.000000E+00,1.672879E-01,0.000000E+00,0.000000E+00,0.000000E+00,0.000000E+00,0.000000E+00,0.000000E+00,0.000000E+00,0.000000E+00,0.000000E+00,1.999577E+01,3.913377E+01,2.801900E+01,4.138208E+01,5.377788E+03,0.000000E+00,1.757690E-01,0.000000E+00,0.000000E+00,0.000000E+00,0.000000E+00,0.000000E+00,0.000000E+00,0.000000E+00,0.000000E+00,0.000000E+00,1.999572E+01,3.959677E+01,2.752649E+01,5.132311E+01,9.900289E+03,0.000000E+00,3.235766E-01,0.000000E+00,0.000000E+00,0.000000E+00,0.000000E+00,0.000000E+00,0.000000E+00,0.000000E+00,0.000000E+00,0.000000E+00,1.999509E+01,4.482489E+01,2.624018E+01,4.593832E+01,8.537915E+03,0.000000E+00,2.790484E-01,0.000000E+00,0.000000E+00,0.000000E+00,0.000000E+00,0.000000E+00,0.000000E+00,0.000000E+00,0.000000E+00,0.000000E+00,1.999499E+01,4.366221E+01,2.062171E+01,7.772516E+01
05:55:00,4.376583E+03,0.000000E+00,1.430459E-01,0.000000E+00,0.000000E+00,0.000000E+00,0.000000E+00,0.000000E+00,0.000000E+00,0.000000E+00,0.000000E+00,0.000000E+00,1.999583E+01,3.769176E+01,2.412284E+01,6.273503E+01,5.118858E+03,0.000000E+00,1.673064E-01,0.000000E+00,0.000000E+00,0.000000E+00,0.000000E+00,0.000000E+00,0.000000E+00,0.000000E+00,0.000000E+00,0.000000E+00,1.999578E+01,3.917524E+01,2.800950E+01,4.142709E+01,5.378320E+03,0.000000E+00,1.757864E-01,0.000000E+00,0.000000E+00,0.000000E+00,0.000000E+00,0.000000E+00,0.000000E+00,0.000000E+00,0.000000E+00,0.000000E+00,1.999573E+01,3.963709E+01,2.751678E+01,5.129671E+01,9.898063E+03,0.000000E+00,3.235040E-01,0.000000E+00,0.000000E+00,0.000000E+00,0.000000E+00,0.000000E+00,0.000000E+00,0.000000E+00,0.000000E+00,0.000000E+00,1.999510E+01,4.485013E+01,2.622374E+01,4.600705E+01,8.535052E+03,0.000000E+00,2.789550E-01,0.000000E+00,0.000000E+00,0.000000E+00,0.000000E+00,0.000000E+00,0.000000E+00,0.000000E+00,0.000000E+00,0.000000E+00,1.999500E+01,4.368933E+01,2.060771E+01,7.770815E+01
06:00:00,4.376794E+03,0.000000E+00,1.430529E-01,0.000000E+00,0.000000E+00,0.000000E+00,0.000000E+00,0.000000E+00,0.000000E+00,0.000000E+00,0.000000E+00,0.000000E+00,1.999584E+01,3.773579E+01,2.411621E+01,6.269581E+01,5.119573E+03,0.000000E+00,1.673299E-01,0.000000E+00,0.000000E+00,0.000000E+00,0.000000E+00,0.000000E+00,0.000000E+00,0.000000E+00,0.000000E+00,0.000000E+00,1.999579E+01,3.921684E+01,2.800047E+01,4.148096E+01,5.379002E+03,0.000000E+00,1.758088E-01,0.000000E+00,0.000000E+00,0.000000E+00,0.000000E+00,0.000000E+00,0.000000E+00,0.000000E+00,0.000000E+00,0.000000E+00,1.999574E+01,3.967752E+01,2.750766E+01,5.127160E+01,9.896059E+03,0.000000E+00,3.234387E-01,0.000000E+00,0.000000E+00,0.000000E+00,0.000000E+00,0.000000E+00,0.000000E+00,0.000000E+00,0.000000E+00,0.000000E+00,1.999511E+01,4.487539E+01,2.620795E+01,4.608515E+01,8.532408E+03,0.000000E+00,2.788687E-01,0.000000E+00,0.000000E+00,0.000000E+00,0.000000E+00,0.000000E+00,0.000000E+00,0.000000E+00,0.000000E+00,0.000000E+00,1.999501E+01,4.371648E+01,2.059434E+01,7.769269E+01
06:05:00,4.378181E+03,0.000000E+00,1.430982E-01,0.000000E+00,0.000000E+00,0.000000E+00,0.000000E+00,0.000000E+00,0.000000E+00,0.000000E+00,0.000000E+00,0.000000E+00,1.999585E+01,3.777997E+01,2.411001E+01,6.265850E+01,5.121513E+03,0.000000E+00,1.673933E-01,0.000000E+00,0.000000E+00,0.000000E+00,0.000000E+00,0.000000E+00,0.000000E+00,0.000000E+00,0.000000E+00,0.000000E+00,1.999580E+01,3.925854E+01,2.799175E+01,4.154354E+01,5.380936E+03,0.000000E+00,1.758720E-01,0.000000E+00,0.000000E+00,0.000000E+00,0.000000E+00,0.000000E+00,0.000000E+00,0.000000E+00,0.000000E+00,0.000000E+00,1.999575E+01,3.971804E+01,2.749889E+01,5.124839E+01,9.896572E+03,0.000000E+00,3.234556E-01,0.000000E+00,0.000000E+00,0.000000E+00,0.000000E+00,0.000000E+00,0.000000E+00,0.000000E+00,0.000000E+00,0.000000E+00,1.999513E+01,4.490067E+01,2.619257E+01,4.617267E+01,8.532362E+03,0.000000E+00,2.788673E-01,0.000000E+00,0.000000E+00,0.000000E+00,0.000000E+00,0.000000E+00,0.000000E+00,0.000000E+00,0.000000E+00,0.000000E+00,1.999502E+01,4.374369E+01,2.058144E+01,7.767928E+01
06:10:00,4.380770E+03,0.000000E+00,1.431829E-01,0.000000E+00,0.000000E+00,0.000000E+00,0.000000E+00,0.000000E+00,0.000000E+00,0.000000E+00,0.000000E+00,0.000000E+00,1.999585E+01,3.782431E+01,2.411008E+01,6.260811E+01,5.124715E+03,0.000000E+00,1.674980E-01,0.000000E+00,0.000000E+00,0.000000E+00,0.000000E+00,0.000000E+00,0.000000E+00,0.000000E+00,0.000000E+00,0.000000E+00,1.999580E+01,3.930024E+01,2.798928E+01,4.159930E+01,5.384164E+03,0.000000E+00,1.759776E-01,0.000000E+00,0.000000E+00,0.000000E+00,0.000000E+00,0.000000E+00,0.000000E+00,0.000000E+00,0.000000E+00,0.000000E+00,1.999575E+01,3.975854E+01,2.749625E+01,5.121542E+01,9.899846E+03,0.000000E+00,3.235627E-01,0.000000E+00,0.000000E+00,0.000000E+00,0.000000E+00,0.000000E+00,0.000000E+00,0.000000E+00,0.000000E+00,0.000000E+00,1.999513E+01,4.492644E+01,2.618807E+01,4.623976E+01,8.535123E+03,0.000000E+00,2.789577E-01,0.000000E+00,0.000000E+00,0.000000E+00,0.000000E+00,0.000000E+00,0.000000E+00,0.000000E+00,0.000000E+00,0.000000E+00,1.999502E+01,4.377179E+01,2.057900E+01,7.762855E+01
06:15:00,4.384562E+03,0.000000E+00,1.433069E-01,0.000000E+00,0.000000E+00,0.000000E+00,0.000000E+00,0.000000E+00,0.000000E+00,0.000000E+00,0.000000E+00,0.000000E+00,1.999585E+01,3.786878E+01,2.411885E+01,6.253932E+01,5.129179E+03,0.000000E+00,1.676440E-01,0.000000E+00,0.000000E+00,0.000000E+00,0.000000E+00,0.000000E+00,0.000000E+00,0.000000E+00,0.000000E+00,0.000000E+00,1.999580E+01,3.934189E+01,2.799505E+01,4.164237E+01,5.388690E+03,0.000000E+00,1.761256E-01,0.000000E+00,0.000000E+00,0.000000E+00,0.000000E+00,0.000000E+00,0.000000E+00,0.000000E+00,0.000000E+00,0.000000E+00,1.999574E+01,3.979894E+01,2.750153E+01,5.117057E+01,9.905881E+03,0.000000E+00,3.237601E-01,0.000000E+00,0.000000E+00,0.000000E+00,0.000000E+00,0.000000E+00,0.000000E+00,0.000000E+00,0.000000E+00,0.000000E+00,1.999512E+01,4.495308E+01,2.619772E+01,4.627629E+01,8.540698E+03,0.000000E+00,2.791400E-01,0.000000E+00,0.000000E+00,0.000000E+00,0.000000E+00,0.000000E+00,0.000000E+00,0.000000E+00,0.000000E+00,0.000000E+00,1.999502E+01,4.380133E+01,2.059124E+01,7.752520E+01
06:20:00,4.389569E+03,0.000000E+00,1.434705E-01,0.000000E+00,0.000000E+00,0.000000E+00,0.000000E+00,0.000000E+00,0.000000E+00,0.000000E+00,0.000000E+00,0.000000E+00,1.999584E+01,3.791332E+01,2.413546E+01,6.245619E+01,5.134916E+03,0.000000E+00,1.678315E-01,0.000000E+00,0.000000E+00,0.000000E+00,0.000000E+00,0.000000E+00,0.000000E+00,0.000000E+00,0.000000E+00,0.000000E+00,1.999580E+01,3.938342E+01,2.800747E+01,4.167593E+01,5.394528E+03,0.000000E+00,1.763164E-01,0.000000E+00,0.000000E+00,0.000000E+00,0.000000E+00,0.000000E+00,0.000000E+00,0.000000E+00,0.000000E+00,0.000000E+00,1.999574E+01,3.983921E+01,2.751299E+01,5.111964E+01,9.914719E+03,0.000000E+00,3.240490E-01,0.000000E+00,0.000000E+00,0.000000E+00,0.000000E+00,0.000000E+00,0.000000E+00,0.000000E+00,0.000000E+00,0.000000E+00,1.999512E+01,4.498061E+01,2.621808E+01,4.629084E+01,8.549132E+03,0.000000E+00,2.794157E-01,0.000000E+00,0.000000E+00,0.000000E+00,0.000000E+00,0.000000E+00,0.000000E+00,0.000000E+00,0.000000E+00,0.000000E+00,1.999501E+01,4.383234E+01,2.061636E+01,7.737879E+01
06:25:00,4.395795E+03,0.000000E+00,1.436741E-01,0.000000E+00,0.000000E+00,0.000000E+00,0.000000E+00,0.000000E+00,0.000000E+00,0.000000E+00,0.000000E+00,0.000000E+00,1.999584E+01,3.795787E+01,2.415792E+01,6.236529E+01,5.141933E+03,0.000000E+00,1.680609E-01,0.000000E+00,0.000000E+00,0.000000E+00,0.000000E+00,0.000000E+00,0.000000E+00,0.000000E+00,0.000000E+00,0.000000E+00,1.999580E+01,3.942480E+01,2.802412E+01,4.170525E+01,5.401685E+03,0.000000E+00,1.765504E-01,0.000000E+00,0.000000E+00,0.000000E+00,0.000000E+00,0.000000E+00,0.000000E+00,0.000000E+00,0.000000E+00,0.000000E+00,1.999574E+01,3.987931E+01,2.752822E+01,5.106909E+01,9.926381E+03,0.000000E+00,3.244302E-01,0.000000E+00,0.000000E+00,0.000000E+00,0.000000E+00,0.000000E+00,0.000000E+00,0.000000E+00,0.000000E+00,0.000000E+00,1.999512E+01,4.500887E+01,2.624466E+01,4.629510E+01,8.560439E+03,0.000000E+00,2.797853E-01,0.000000E+00,0.000000E+00,0.000000E+00,0.000000E+00,0.000000E+00,0.000000E+00,0.000000E+00,0.000000E+00,0.000000E+00,1.999501E+01,4.386457E+01,2.065077E+01,7.720572E+01
06:30:00,4.403243E+03,0.000000E+00,1.439175E-01,0.000000E+00,0.000000E+00,0.000000E+00,0.000000E+00,0.000000E+00,0.000000E+00,0.000000E+00,0.000000E+00,0.000000E+00,1.999584E+01,3.800235E+01,2.418457E+01,6.227180E+01,5.150233E+03,0.000000E+00,1.683322E-01,0.000000E+00,0.000000E+00,0.000000E+00,0.000000E+00,0.000000E+00,0.000000E+00,0.000000E+00,0.000000E+00,0.000000E+00,1.999580E+01,3.946598E+01,2.804326E+01,4.173405E+01,5.410166E+03,0.000000E+00,1.768276E-01,0.000000E+00,0.000000E+00,0.000000E+00,0.000000E+00,0.000000E+00,0.000000E+00,0.000000E+00,0.000000E+00,0.000000E+00,1.999574E+01,3.991922E+01,2.754560E+01,5.102283E+01,9.940890E+03,0.000000E+00,3.249045E-01,0.000000E+00,0.000000E+00,0.000000E+00,0.000000E+00,0.000000E+00,0.000000E+00,0.000000E+00,0.000000E+00,0.000000E+00,1.999512E+01,4.503765E+01,2.627452E+01,4.629654E+01,8.574635E+03,0.000000E+00,2.802493E-01,0.000000E+00,0.000000E+00,0.000000E+00,0.000000E+00,0.000000E+00,0.000000E+00,0.000000E+00,0.000000E+00,0.000000E+00,1.999500E+01,4.389774E+01,2.069152E+01,7.701876E+01
06:35:00,4.411916E+03,0.000000E+00,1.442010E-01,0.000000E+00,0.000000E+00,0.000000E+00,0.000000E+00,0.000000E+00,0.000000E+00,0.000000E+00,0.000000E+00,0.000000E+00,1.999584E+01,3.804671E+01,2.421432E+01,6.217866E+01,5.159823E+03,0.000000E+00,1.686457E-01,0.000000E+00,0.000000E+00,0.000000E+00,0.000000E+00,0.000000E+00,0.000000E+00,0.000000E+00,0.000000E+00,0.000000E+00,1.999580E+01,3.950691E+01,2.806400E+01,4.176408E+01,5.419977E+03,0.000000E+00,1.771483E-01,0.000000E+00,0.000000E+00,0.000000E+00,0.000000E+00,0.000000E+00,0.000000E+00,0.000000E+00,0.000000E+00,0.000000E+00,1.999574E+01,3.995889E+01,2.756430E+01,5.098238E+01,9.958269E+03,0.000000E+00,3.254726E-01,0.000000E+00,0.000000E+00,0.000000E+00,0.000000E+00,0.000000E+00,0.000000E+00,0.000000E+00,0.000000E+00,0.000000E+00,1.999512E+01,4.506678E+01,2.630636E+01,4.629819E+01,8.591735E+03,0.000000E+00,2.808083E-01,0.000000E+00,0.000000E+00,0.000000E+00,0.000000E+00,0.000000E+00,0.000000E+00,0.000000E+00,0.000000E+00,0.000000E+00,1.999500E+01,4.393158E+01,2.073685E+01,7.682503E+01
06:40:00,4.421818E+03,0.000000E+00,1.445247E-01,0.000000E+00,0.000000E+00,0.000000E+00,0.000000E+00,0.000000E+00,0.000000E+00,0.000000E+00,0.000000E+00,0.000000E+00,1.999583E+01,3.809087E+01,2.424672E+01,6.208662E+01,5.170706E+03,0.000000E+00,1.690014E-01,0.000000E+00,0.000000E+00,0.000000E+00,0.000000E+00,0.000000E+00,0.000000E+00,0.000000E+00,0.000000E+00,0.000000E+00,1.999579E+01,3.954756E+01,2.808601E+01,4.179566E+01,5.431125E+03,0.000000E+00,1.775127E-01,0.000000E+00,0.000000E+00,0.000000E+00,0.000000E+00,0.000000E+00,0.000000E+00,0.000000E+00,0.000000E+00,0.000000E+00,1.999574E+01,3.999827E+01,2.758408E+01,5.094771E+01,9.978540E+03,0.000000E+00,3.261352E-01,0.000000E+00,0.000000E+00,0.000000E+00,0.000000E+00,0.000000E+00,0.000000E+00,0.000000E+00,0.000000E+00,0.000000E+00,1.999512E+01,4.509612E+01,2.634149E+01,4.629599E+01,8.611752E+03,0.000000E+00,2.814625E-01,0.000000E+00,0.000000E+00,0.000000E+00,0.000000E+00,0.000000E+00,0.000000E+00,0.000000E+00,0.000000E+00,0.000000E+00,1.999500E+01,4.396589E+01,2.078595E+01,7.662733E+01
06:45:00,4.432950E+03,0.000000E+00,1.448885E-01,0.000000E+00,0.000000E+00,0.000000E+00,0.000000E+00,0.000000E+00,0.000000E+00,0.000000E+00,0.000000E+00,0.000000E+00,1.999583E+01,3.813478E+01,2.428177E+01,6.199484E+01,5.182887E+03,0.000000E+00,1.693996E-01,0.000000E+00,0.000000E+00,0.000000E+00,0.000000E+00,0.000000E+00,0.000000E+00,0.000000E+00,0.000000E+00,0.000000E+00,1.999579E+01,3.958788E+01,2.810938E+01,4.182815E+01,5.443614E+03,0.000000E+00,1.779209E-01,0.000000E+00,0.000000E+00,0.000000E+00,0.000000E+00,0.000000E+00,0.000000E+00,0.000000E+00,0.000000E+00,0.000000E+00,1.999574E+01,4.003733E+01,2.760541E+01,5.091666E+01,1.000172E+04,0.000000E+00,3.268929E-01,0.000000E+00,0.000000E+00,0.000000E+00,0.000000E+00,0.000000E+00,0.000000E+00,0.000000E+00,0.000000E+00,0.000000E+00,1.999512E+01,4.512558E+01,2.637997E+01,4.628933E+01,8.634702E+03,0.000000E+00,2.822126E-01,0.000000E+00,0.000000E+00,0.000000E+00,0.000000E+00,0.000000E+00,0.000000E+00,0.000000E+00,0.000000E+00,0.000000E+00,1.999500E+01,4.400050E+01,2.083879E+01,7.642484E+01
06:50:00,4.445316E+03,0.000000E+00,1.452927E-01,0.000000E+00,0.000000E+00,0.000000E+00,0.000000E+00,0.000000E+00,0.000000E+00,0.000000E+00,0.000000E+00,0.000000E+00,1.999583E+01,3.817839E+01,2.431944E+01,6.190270E+01,5.196373E+03,0.000000E+00,1.698403E-01,0.000000E+00,0.000000E+00,0.000000E+00,0.000000E+00,0.000000E+00,0.000000E+00,0.000000E+00,0.000000E+00,0.000000E+00,1.999579E+01,3.962784E+01,2.813415E+01,4.186104E+01,5.457451E+03,0.000000E+00,1.783732E-01,0.000000E+00,0.000000E+00,0.000000E+00,0.000000E+00,0.000000E+00,0.000000E+00,0.000000E+00,0.000000E+00,0.000000E+00,1.999573E+01,4.007606E+01,2.762868E+01,5.088747E+01,1.002784E+04,0.000000E+00,3.277466E-01,0.000000E+00,0.000000E+00,0.000000E+00,0.000000E+00,0.000000E+00,0.000000E+00,0.000000E+00,0.000000E+00,0.000000E+00,1.999511E+01,4.515509E+01,2.642161E+01,4.627827E+01,8.660597E+03,0.000000E+00,2.830590E-01,0.000000E+00,0.000000E+00,0.000000E+00,0.000000E+00,0.000000E+00,0.000000E+00,0.000000E+00,0.000000E+00,0.000000E+00,1.999499E+01,4.403530E+01,2.089552E+01,7.621596E+01
06:55:00,4.458919E+03,0.000000E+00,1.457373E-01,0.000000E+00,0.000000E+00,0.000000E+00,0.000000E+00,0.000000E+00,0.000000E+00,0.000000E+00,0.000000E+00,0.000000E+00,1.999582E+01,3.822165E+01,2.435974E+01,6.180941E+01,5.211166E+03,0.000000E+00,1.703238E-01,0.000000E+00,0.000000E+00,0.000000E+00,0.000000E+00,0.000000E+00,0.000000E+00,0.000000E+00,0.000000E+00,0.000000E+00,1.999579E+01,3.966743E+01,2.816023E+01,4.189415E+01,5.472641E+03,0.000000E+00,1.788696E-01,0.000000E+00,0.000000E+00,0.000000E+00,0.000000E+00,0.000000E+00,0.000000E+00,0.000000E+00,0.000000E+00,0.000000E+00,1.999573E+01,4.011441E+01,2.765393E+01,5.085937E+01,1.005692E+04,0.000000E+00,3.286969E-01,0.000000E+00,0.000000E+00,0.000000E+00,0.000000E+00,0.000000E+00,0.000000E+00,0.000000E+00,0.000000E+00,0.000000E+00,1.999511E+01,4.518457E+01,2.646607E+01,4.626331E+01,8.689453E+03,0.000000E+00,2.840021E-01,0.000000E+00,0.000000E+00,0.000000E+00,0.000000E+00,0.000000E+00,0.000000E+00,0.000000E+00,0.000000E+00,0.000000E+00,1.999499E+01,4.407019E+01,2.095593E+01,7.600090E+01
07:00:00,4.473788E+03,0.000000E+00,1.462233E-01,0.000000E+00,0.000000E+00,0.000000E+00,0.000000E+00,0.000000E+00,0.000000E+00,0.000000E+00,0.000000E+00,0.000000E+00,1.999582E+01,3.826455E+01,2.440257E+01,6.171464E+01,5.227290E+03,0.000000E+00,1.708508E-01,0.000000E+00,0.000000E+00,0.000000E+00,0.000000E+00,0.000000E+00,0.000000E+00,0.000000E+00,0.000000E+00,0.000000E+00,1.999579E+01,3.970662E+01,2.818753E+01,4.192736E+01,5.489213E+03,0.000000E+00,1.794113E-01,0.000000E+00,0.000000E+00,0.000000E+00,0.000000E+00,0.000000E+00,0.000000E+00,0.000000E+00,0.000000E+00,0.000000E+00,1.999573E+01,4.015238E+01,2.768065E+01,5.083325E+01,1.008901E+04,0.000000E+00,3.297458E-01,0.000000E+00,0.000000E+00,0.000000E+00,0.000000E+00,0.000000E+00,0.000000E+00,0.000000E+00,0.000000E+00,0.000000E+00,1.999511E+01,4.521398E+01,2.651305E+01,4.624486E+01,8.721356E+03,0.000000E+00,2.850448E-01,0.000000E+00,0.000000E+00,0.000000E+00,0.000000E+00,0.000000E+00,0.000000E+00,0.000000E+00,0.000000E+00,0.000000E+00,1.999499E+01,4.410507E+01,2.101778E+01,7.578924E+01
07:05:00,4.487297E+03,0.000000E+00,1.466648E-01,0.000000E+00,0.000000E+00,0.000000E+00,0.000000E+00,0.000000E+00,0.000000E+00,0.000000E+00,0.000000E+00,0.000000E+00,1.999582E+01,3.830708E+01,2.444689E+01,6.162155E+01,5.241975E+03,0.000000E+00,1.713308E-01,0.000000E+00,0.000000E+00,0.000000E+00,0.000000E+00,0.000000E+00,0.000000E+00,0.000000E+00,0.000000E+00,0.000000E+00,1.999578E+01,3.974542E+01,2.821549E+01,4.196164E+01,5.504316E+03,0.000000E+00,1.799049E-01,0.000000E+00,0.000000E+00,0.000000E+00,0.000000E+00,0.000000E+00,0.000000E+00,0.000000E+00,0.000000E+00,0.000000E+00,1.999573E+01,4.018998E+01,2.770901E+01,5.080813E+01,1.011812E+04,0.000000E+00,3.306973E-01,0.000000E+00,0.000000E+00,0.000000E+00,0.000000E+00,0.000000E+00,0.000000E+00,0.000000E+00,0.000000E+00,0.000000E+00,1.999511E+01,4.524333E+01,2.656452E+01,4.621722E+01,8.750079E+03,0.000000E+00,2.859835E-01,0.000000E+00,0.000000E+00,0.000000E+00,0.000000E+00,0.000000E+00,0.000000E+00,0.000000E+00,0.000000E+00,0.000000E+00,1.999499E+01,4.413997E+01,2.107987E+01,7.558580E+01
07:10:00,4.499304E+03,0.000000E+00,1.470572E-01,0.000000E+00,0.000000E+00,0.000000E+00,0.000000E+00,0.000000E+00,0.000000E+00,0.000000E+00,0.000000E+00,0.000000E+00,1.999583E+01,3.834813E+01,2.448859E+01,6.153806E+01,5.255062E+03,0.000000E+00,1.717585E-01,0.000000E+00,0.000000E+00,0.000000E+00,0.000000E+00,0.000000E+00,0.000000E+00,0.000000E+00,0.000000E+00,0.000000E+00,1.999580E+01,3.978279E+01,2.824054E+01,4.199812E+01,5.517763E+03,0.000000E+00,1.803444E-01,0.000000E+00,0.000000E+00,0.000000E+00,0.000000E+00,0.000000E+00,0.000000E+00,0.000000E+00,0.000000E+00,0.000000E+00,1.999574E+01,4.022616E+01,2.773609E+01,5.078649E+01,1.014356E+04,0.000000E+00,3.315287E-01,0.000000E+00,0.000000E+00,0.000000E+00,0.000000E+00,0.000000E+00,0.000000E+00,0.000000E+00,0.000000E+00,0.000000E+00,1.999513E+01,4.527057E+01,2.661443E+01,4.618846E+01,8.774936E+03,0.000000E+00,2.867959E-01,0.000000E+00,0.000000E+00,0.000000E+00,0.000000E+00,0.000000E+00,0.000000E+00,0.000000E+00,0.000000E+00,0.000000E+00,1.999501E+01,4.417226E+01,2.113515E+01,7.541430E+01
07:15:00,4.509822E+03,0.000000E+00,1.474010E-01,0.000000E+00,0.000000E+00,0.000000E+00,0.000000E+00,0.000000E+00,0.000000E+00,0.000000E+00,0.000000E+00,0.000000E+00,1.999584E+01,3.838700E+01,2.452580E+01,6.146648E+01,5.266565E+03,0.000000E+00,1.721345E-01,0.000000E+00,0.000000E+00,0.000000E+00,0.000000E+00,0.000000E+00,0.000000E+00,0.000000E+00,0.000000E+00,0.000000E+00,1.999581E+01,3.981811E+01,2.826158E+01,4.203492E+01,5.529565E+03,0.000000E+00,1.807302E-01,0.000000E+00,0.000000E+00,0.000000E+00,0.000000E+00,0.000000E+00,0.000000E+00,0.000000E+00,0.000000E+00,0.000000E+00,1.999575E+01,4.026030E+01,2.776103E+01,5.076727E+01,1.016538E+04,0.000000E+00,3.322419E-01,0.000000E+00,0.000000E+00,0.000000E+00,0.000000E+00,0.000000E+00,0.000000E+00,0.000000E+00,0.000000E+00,0.000000E+00,1.999515E+01,4.529446E+01,2.665960E+01,4.616230E+01,8.795998E+03,0.000000E+00,2.874843E-01,0.000000E+00,0.000000E+00,0.000000E+00,0.000000E+00,0.000000E+00,0.000000E+00,0.000000E+00,0.000000E+00,0.000000E+00,1.999503E+01,4.420033E+01,2.118073E+01,7.528246E+01
07:20:00,4.518834E+03,0.000000E+00,1.476956E-01,0.000000E+00,0.000000E+00,0.000000E+00,0.000000E+00,0.000000E+00,0.000000E+00,0.000000E+00,0.000000E+00,0.000000E+00,1.999586E+01,3.842365E+01,2.455846E+01,6.140572E+01,5.276467E+03,0.000000E+00,1.724582E-01,0.000000E+00,0.000000E+00,0.000000E+00,0.000000E+00,0.000000E+00,0.000000E+00,0.000000E+00,0.000000E+00,0.000000E+00,1.999582E+01,3.985135E+01,2.827955E+01,4.206862E+01,5.539701E+03,0.000000E+00,1.810615E-01,0.000000E+00,0.000000E+00,0.000000E+00,0.000000E+00,0.000000E+00,0.000000E+00,0.000000E+00,0.000000E+00,0.000000E+00,1.999577E+01,4.029234E+01,2.778418E+01,5.074826E+01,1.018351E+04,0.000000E+00,3.328343E-01,0.000000E+00,0.000000E+00,0.000000E+00,0.000000E+00,0.000000E+00,0.000000E+00,0.000000E+00,0.000000E+00,0.000000E+00,1.999517E+01,4.531504E+01,2.670111E+01,4.613455E+01,8.813192E+03,0.000000E+00,2.880463E-01,0.000000E+00,0.000000E+00,0.000000E+00,0.000000E+00,0.000000E+00,0.000000E+00,0.000000E+00,0.000000E+00,0.000000E+00,1.999505E+01,4.422417E+01,2.121802E+01,7.518186E+01
07:25:00,4.526335E+03,0.000000E+00,1.479408E-01,0.000000E+00,0.000000E+00,0.000000E+00,0.000000E+00,0.000000E+00,0.000000E+00,0.000000E+00,0.000000E+00,0.000000E+00,1.999587E+01,3.845832E+01,2.458755E+01,6.135217E+01,5.284760E+03,0.000000E+00,1.727292E-01,0.000000E+00,0.000000E+00,0.000000E+00,0.000000E+00,0.000000E+00,0.000000E+00,0.000000E+00,0.000000E+00,0.000000E+00,1.999583E+01,3.988277E+01,2.829581E+01,4.209627E+01,5.548162E+03,0.000000E+00,1.813380E-01,0.000000E+00,0.000000E+00,0.000000E+00,0.000000E+00,0.000000E+00,0.000000E+00,0.000000E+00,0.000000E+00,0.000000E+00,1.999578E+01,4.032255E+01,2.780769E+01,5.072320E+01,1.019790E+04,0.000000E+00,3.333049E-01,0.000000E+00,0.000000E+00,0.000000E+00,0.000000E+00,0.000000E+00,0.000000E+00,0.000000E+00,0.000000E+00,0.000000E+00,1.999518E+01,4.533288E+01,2.674101E+01,4.610000E+01,8.826492E+03,0.000000E+00,2.884810E-01,0.000000E+00,0.000000E+00,0.000000E+00,0.000000E+00,0.000000E+00,0.000000E+00,0.000000E+00,0.000000E+00,0.000000E+00,1.999507E+01,4.424446E+01,2.124960E+01,7.510065E+01
07:30:00,4.532321E+03,0.000000E+00,1.481364E-01,0.000000E+00,0.000000E+00,0.000000E+00,0.000000E+00,0.000000E+00,0.000000E+00,0.000000E+00,0.000000E+00,0.000000E+00,1.999588E+01,3.849129E+01,2.461420E+01,6.130214E+01,5.291435E+03,0.000000E+00,1.729474E-01,0.000000E+00,0.000000E+00,0.000000E+00,0.000000E+00,0.000000E+00,0.000000E+00,0.000000E+00,0.000000E+00,0.000000E+00,1.999584E+01,3.991265E+01,2.831139E+01,4.211601E+01,5.554937E+03,0.000000E+00,1.815595E-01,0.000000E+00,0.000000E+00,0.000000E+00,0.000000E+00,0.000000E+00,0.000000E+00,0.000000E+00,0.000000E+00,0.000000E+00,1.999579E+01,4.035120E+01,2.783333E+01,5.068720E+01,1.020852E+04,0.000000E+00,3.336521E-01,0.000000E+00,0.000000E+00,0.000000E+00,0.000000E+00,0.000000E+00,0.000000E+00,0.000000E+00,0.000000E+00,0.000000E+00,1.999520E+01,4.534859E+01,2.678063E+01,4.605589E+01,8.835870E+03,0.000000E+00,2.887876E-01,0.000000E+00,0.000000E+00,0.000000E+00,0.000000E+00,0.000000E+00,0.000000E+00,0.000000E+00,0.000000E+00,0.000000E+00,1.999509E+01,4.426194E+01,2.127757E+01,7.502955E+01
07:35:00,4.536788E+03,0.000000E+00,1.482824E-01,0.000000E+00,0.000000E+00,0.000000E+00,0.000000E+00,0.000000E+00,0.000000E+00,0.000000E+00,0.000000E+00,0.000000E+00,1.999589E+01,3.852283E+01,2.463925E+01,6.125288E+01,5.296486E+03,0.000000E+00,1.731125E-01,0.000000E+00,0.000000E+00,0.000000E+00,0.000000E+00,0.000000E+00,0.000000E+00,0.000000E+00,0.000000E+00,0.000000E+00,1.999585E+01,3.994123E+01,2.832699E+01,4.212682E+01,5.560018E+03,0.000000E+00,1.817256E-01,0.000000E+00,0.000000E+00,0.000000E+00,0.000000E+00,0.000000E+00,0.000000E+00,0.000000E+00,0.000000E+00,0.000000E+00,1.999580E+01,4.037855E+01,2.786209E+01,5.063772E+01,1.021533E+04,0.000000E+00,3.338748E-01,0.000000E+00,0.000000E+00,0.000000E+00,0.000000E+00,0.000000E+00,0.000000E+00,0.000000E+00,0.000000E+00,0.000000E+00,1.999521E+01,4.536266E+01,2.682086E+01,4.600050E+01,8.841299E+03,0.000000E+00,2.889652E-01,0.000000E+00,0.000000E+00,0.000000E+00,0.000000E+00,0.000000E+00,0.000000E+00,0.000000E+00,0.000000E+00,0.000000E+00,1.999510E+01,4.427722E+01,2.130333E+01,7.496250E+01
07:40:00,4.539731E+03,0.000000E+00,1.483787E-01,0.000000E+00,0.000000E+00,0.000000E+00,0.000000E+00,0.000000E+00,0.000000E+00,0.000000E+00,0.000000E+00,0.000000E+00,1.999590E+01,3.855313E+01,2.466299E+01,6.120357E+01,5.299905E+03,0.000000E+00,1.732243E-01,0.000000E+00,0.000000E+00,0.000000E+00,0.000000E+00,0.000000E+00,0.000000E+00,0.000000E+00,0.000000E+00,0.000000E+00,1.999586E+01,3.996870E+01,2.834311E+01,4.212795E+01,5.563396E+03,0.000000E+00,1.818360E-01,0.000000E+00,0.000000E+00,0.000000E+00,0.000000E+00,0.000000E+00,0.000000E+00,0.000000E+00,0.000000E+00,0.000000E+00,1.999581E+01,4.040480E+01,2.789336E+01,5.057679E+01,1.021829E+04,0.000000E+00,3.339716E-01,0.000000E+00,0.000000E+00,0.000000E+00,0.000000E+00,0.000000E+00,0.000000E+00,0.000000E+00,0.000000E+00,0.000000E+00,1.999522E+01,4.537544E+01,2.686196E+01,4.593377E+01,8.842753E+03,0.000000E+00,2.890128E-01,0.000000E+00,0.000000E+00,0.000000E+00,0.000000E+00,0.000000E+00,0.000000E+00,0.000000E+00,0.000000E+00,0.000000E+00,1.999512E+01,4.429072E+01,2.132750E+01,7.489690E+01
07:45:00,4.541146E+03,0.000000E+00,1.484249E-01,0.000000E+00,0.000000E+00,0.000000E+00,0.000000E+00,0.000000E+00,0.000000E+00,0.000000E+00,0.000000E+00,0.000000E+00,1.999591E+01,3.858238E+01,2.468527E+01,6.115495E+01,5.301685E+03,0.000000E+00,1.732826E-01,0.000000E+00,0.000000E+00,0.000000E+00,0.000000E+00,0.000000E+00,0.000000E+00,0.000000E+00,0.000000E+00,0.000000E+00,1.999587E+01,3.999523E+01,2.836002E+01,4.211915E+01,5.565061E+03,0.000000E+00,1.818905E-01,0.000000E+00,0.000000E+00,0.000000E+00,0.000000E+00,0.000000E+00,0.000000E+00,0.000000E+00,0.000000E+00,0.000000E+00,1.999582E+01,4.043012E+01,2.792756E+01,5.050339E+01,1.021736E+04,0.000000E+00,3.339413E-01,0.000000E+00,0.000000E+00,0.000000E+00,0.000000E+00,0.000000E+00,0.000000E+00,0.000000E+00,0.000000E+00,0.000000E+00,1.999523E+01,4.538717E+01,2.690515E+01,4.585287E+01,8.840205E+03,0.000000E+00,2.889296E-01,0.000000E+00,0.000000E+00,0.000000E+00,0.000000E+00,0.000000E+00,0.000000E+00,0.000000E+00,0.000000E+00,0.000000E+00,1.999513E+01,4.430278E+01,2.135005E+01,7.483319E+01
07:50:00,4.541030E+03,0.000000E+00,1.484212E-01,0.000000E+00,0.000000E+00,0.000000E+00,0.000000E+00,0.000000E+00,0.000000E+00,0.000000E+00,0.000000E+00,0.000000E+00,1.999592E+01,3.861069E+01,2.470663E+01,6.110519E+01,5.301819E+03,0.000000E+00,1.732870E-01,0.000000E+00,0.000000E+00,0.000000E+00,0.000000E+00,0.000000E+00,0.000000E+00,0.000000E+00,0.000000E+00,0.000000E+00,1.999588E+01,4.002095E+01,2.837800E+01,4.210015E+01,5.565005E+03,0.000000E+00,1.818887E-01,0.000000E+00,0.000000E+00,0.000000E+00,0.000000E+00,0.000000E+00,0.000000E+00,0.000000E+00,0.000000E+00,0.000000E+00,1.999583E+01,4.045462E+01,2.796413E+01,5.041935E+01,1.021250E+04,0.000000E+00,3.337825E-01,0.000000E+00,0.000000E+00,0.000000E+00,0.000000E+00,0.000000E+00,0.000000E+00,0.000000E+00,0.000000E+00,0.000000E+00,1.999525E+01,4.539805E+01,2.694867E+01,4.576301E+01,8.833629E+03,0.000000E+00,2.887148E-01,0.000000E+00,0.000000E+00,0.000000E+00,0.000000E+00,0.000000E+00,0.000000E+00,0.000000E+00,0.000000E+00,0.000000E+00,1.999514E+01,4.431366E+01,2.137166E+01,7.476841E+01
07:55:00,4.539387E+03,0.000000E+00,1.483675E-01,0.000000E+00,0.000000E+00,0.000000E+00,0.000000E+00,0.000000E+00,0.000000E+00,0.000000E+00,0.000000E+00,0.000000E+00,1.999593E+01,3.863821E+01,2.472767E+01,6.105227E+01,5.300309E+03,0.000000E+00,1.732376E-01,0.000000E+00,0.000000E+00,0.000000E+00,0.000000E+00,0.000000E+00,0.000000E+00,0.000000E+00,0.000000E+00,0.000000E+00,1.999589E+01,4.004597E+01,2.839740E+01,4.207042E+01,5.563229E+03,0.000000E+00,1.818307E-01,0.000000E+00,0.000000E+00,0.000000E+00,0.000000E+00,0.000000E+00,0.000000E+00,0.000000E+00,0.000000E+00,0.000000E+00,1.999584E+01,4.047843E+01,2.800247E+01,5.032662E+01,1.020368E+04,0.000000E+00,3.334944E-01,0.000000E+00,0.000000E+00,0.000000E+00,0.000000E+00,0.000000E+00,0.000000E+00,0.000000E+00,0.000000E+00,0.000000E+00,1.999526E+01,4.540823E+01,2.699158E+01,4.566717E+01,8.823101E+03,0.000000E+00,2.883708E-01,0.000000E+00,0.000000E+00,0.000000E+00,0.000000E+00,0.000000E+00,0.000000E+00,0.000000E+00,0.000000E+00,0.000000E+00,1.999516E+01,4.432356E+01,2.139303E+01,7.469950E+01
08:00:00,4.536212E+03,0.000000E+00,1.482638E-01,0.000000E+00,0.000000E+00,0.000000E+00,0.000000E+00,0.000000E+00,0.000000E+00,0.000000E+00,0.000000E+00,0.000000E+00,1.999594E+01,3.866504E+01,2.474872E+01,6.099517E+01,5.297155E+03,0.000000E+00,1.731346E-01,0.000000E+00,0.000000E+00,0.000000E+00,0.000000E+00,0.000000E+00,0.000000E+00,0.000000E+00,0.000000E+00,0.000000E+00,1.999590E+01,4.007040E+01,2.841844E+01,4.202980E+01,5.559727E+03,0.000000E+00,1.817163E-01,0.000000E+00,0.000000E+00,0.000000E+00,0.000000E+00,0.000000E+00,0.000000E+00,0.000000E+00,0.000000E+00,0.000000E+00,1.999585E+01,4.050166E+01,2.804265E+01,5.022522E+01,1.019085E+04,0.000000E+00,3.330752E-01,0.000000E+00,0.000000E+00,0.000000E+00,0.000000E+00,0.000000E+00,0.000000E+00,0.000000E+00,0.000000E+00,0.000000E+00,1.999527E+01,4.541785E+01,2.703371E+01,4.556620E+01,8.808414E+03,0.000000E+00,2.878909E-01,0.000000E+00,0.000000E+00,0.000000E+00,0.000000E+00,0.000000E+00,0.000000E+00,0.000000E+00,0.000000E+00,0.000000E+00,1.999517E+01,4.433275E+01,2.141452E+01,7.462504E+01
08:05:00,4.533366E+03,0.000000E+00,1.481708E-01,0.000000E+00,0.000000E+00,0.000000E+00,0.000000E+00,0.000000E+00,0.000000E+00,0.000000E+00,0.000000E+00,0.000000E+00,1.999595E+01,3.869135E+01,2.476999E+01,6.093325E+01,5.294371E+03,0.000000E+00,1.730437E-01,0.000000E+00,0.000000E+00,0.000000E+00,0.000000E+00,0.000000E+00,0.000000E+00,0.000000E+00,0.000000E+00,0.000000E+00,1.999591E+01,4.009438E+01,2.844101E+01,4.197889E+01,5.556569E+03,0.000000E+00,1.816132E-01,0.000000E+00,0.000000E+00,0.000000E+00,0.000000E+00,0.000000E+00,0.000000E+00,0.000000E+00,0.000000E+00,0.000000E+00,1.999586E+01,4.052443E+01,2.808546E+01,5.011295E+01,1.017790E+04,0.000000E+00,3.326522E-01,0.000000E+00,0.000000E+00,0.000000E+00,0.000000E+00,0.000000E+00,0.000000E+00,0.000000E+00,0.000000E+00,0.000000E+00,1.999528E+01,4.542703E+01,2.707525E+01,4.545991E+01,8.793574E+03,0.000000E+00,2.874061E-01,0.000000E+00,0.000000E+00,0.000000E+00,0.000000E+00,0.000000E+00,0.000000E+00,0.000000E+00,0.000000E+00,0.000000E+00,1.999518E+01,4.434133E+01,2.143643E+01,7.454378E+01
08:10:00,4.530975E+03,0.000000E+00,1.480927E-01,0.000000E+00,0.000000E+00,0.000000E+00,0.000000E+00,0.000000E+00,0.000000E+00,0.000000E+00,0.000000E+00,0.000000E+00,1.999596E+01,3.871651E+01,2.479159E+01,6.086946E+01,5.292097E+03,0.000000E+00,1.729694E-01,0.000000E+00,0.000000E+00,0.000000E+00,0.000000E+00,0.000000E+00,0.000000E+00,0.000000E+00,0.000000E+00,0.000000E+00,1.999592E+01,4.011733E+01,2.846530E+01,4.193169E+01,5.553915E+03,0.000000E+00,1.815265E-01,0.000000E+00,0.000000E+00,0.000000E+00,0.000000E+00,0.000000E+00,0.000000E+00,0.000000E+00,0.000000E+00,0.000000E+00,1.999586E+01,4.054617E+01,2.812930E+01,4.999737E+01,1.016530E+04,0.000000E+00,3.322403E-01,0.000000E+00,0.000000E+00,0.000000E+00,0.000000E+00,0.000000E+00,0.000000E+00,0.000000E+00,0.000000E+00,0.000000E+00,1.999529E+01,4.543491E+01,2.711612E+01,4.536412E+01,8.779053E+03,0.000000E+00,2.869316E-01,0.000000E+00,0.000000E+00,0.000000E+00,0.000000E+00,0.000000E+00,0.000000E+00,0.000000E+00,0.000000E+00,0.000000E+00,1.999519E+01,4.434836E+01,2.145967E+01,7.445571E+01
08:15:00,4.529024E+03,0.000000E+00,1.480290E-01,0.000000E+00,0.000000E+00,0.000000E+00,0.000000E+00,0.000000E+00,0.000000E+00,0.000000E+00,0.000000E+00,0.000000E+00,1.999596E+01,3.874028E+01,2.481401E+01,6.080404E+01,5.290314E+03,0.000000E+00,1.729112E-01,0.000000E+00,0.000000E+00,0.000000E+00,0.000000E+00,0.000000E+00,0.000000E+00,0.000000E+00,0.000000E+00,0.000000E+00,1.999592E+01,4.013900E+01,2.849186E+01,4.189550E+01,5.551745E+03,0.000000E+00,1.814556E-01,0.000000E+00,0.000000E+00,0.000000E+00,0.000000E+00,0.000000E+00,0.000000E+00,0.000000E+00,0.000000E+00,0.000000E+00,1.999587E+01,4.056661E+01,2.817257E+01,4.988479E+01,1.015296E+04,0.000000E+00,3.318374E-01,0.000000E+00,0.000000E+00,0.000000E+00,0.000000E+00,0.000000E+00,0.000000E+00,0.000000E+00,0.000000E+00,0.000000E+00,1.999530E+01,4.544115E+01,2.715906E+01,4.528076E+01,8.764769E+03,0.000000E+00,2.864649E-01,0.000000E+00,0.000000E+00,0.000000E+00,0.000000E+00,0.000000E+00,0.000000E+00,0.000000E+00,0.000000E+00,0.000000E+00,1.999520E+01,4.435349E+01,2.148468E+01,7.436122E+01
08:20:00,4.527515E+03,0.000000E+00,1.479798E-01,0.000000E+00,0.000000E+00,0.000000E+00,0.000000E+00,0.000000E+00,0.000000E+00,0.000000E+00,0.000000E+00,0.000000E+00,1.999597E+01,3.876266E+01,2.483822E+01,6.073414E+01,5.289029E+03,0.000000E+00,1.728693E-01,0.000000E+00,0.000000E+00,0.000000E+00,0.000000E+00,0.000000E+00,0.000000E+00,0.000000E+00,0.000000E+00,0.000000E+00,1.999593E+01,4.015944E+01,2.852043E+01,4.187320E+01,5.550068E+03,0.000000E+00,1.814009E-01,0.000000E+00,0.000000E+00,0.000000E+00,0.000000E+00,0.000000E+00,0.000000E+00,0.000000E+00,0.000000E+00,0.000000E+00,1.999587E+01,4.058579E+01,2.821471E+01,4.977736E+01,1.014095E+04,0.000000E+00,3.314448E-01,0.000000E+00,0.000000E+00,0.000000E+00,0.000000E+00,0.000000E+00,0.000000E+00,0.000000E+00,0.000000E+00,0.000000E+00,1.999530E+01,4.544587E+01,2.720255E+01,4.521630E+01,8.750752E+03,0.000000E+00,2.860069E-01,0.000000E+00,0.000000E+00,0.000000E+00,0.000000E+00,0.000000E+00,0.000000E+00,0.000000E+00,0.000000E+00,0.000000E+00,1.999521E+01,4.435685E+01,2.151146E+01,7.426112E+01
08:25:00,4.526452E+03,0.000000E+00,1.479451E-01,0.000000E+00,0.000000E+00,0.000000E+00,0.000000E+00,0.000000E+00,0.000000E+00,0.000000E+00,0.000000E+00,0.000000E+00,1.999597E+01,3.878384E+01,2.486448E+01,6.065870E+01,5.288247E+03,0.000000E+00,1.728437E-01,0.000000E+00,0.000000E+00,0.000000E+00,0.000000E+00,0.000000E+00,0.000000E+00,0.000000E+00,0.000000E+00,0.000000E+00,1.999593E+01,4.017880E+01,2.855015E+01,4.186621E+01,5.548886E+03,0.000000E+00,1.813623E-01,0.000000E+00,0.000000E+00,0.000000E+00,0.000000E+00,0.000000E+00,0.000000E+00,0.000000E+00,0.000000E+00,0.000000E+00,1.999588E+01,4.060388E+01,2.825575E+01,4.967490E+01,1.012927E+04,0.000000E+00,3.310633E-01,0.000000E+00,0.000000E+00,0.000000E+00,0.000000E+00,0.000000E+00,0.000000E+00,0.000000E+00,0.000000E+00,0.000000E+00,1.999531E+01,4.544937E+01,2.724488E+01,4.517448E+01,8.737015E+03,0.000000E+00,2.855580E-01,0.000000E+00,0.000000E+00,0.000000E+00,0.000000E+00,0.000000E+00,0.000000E+00,0.000000E+00,0.000000E+00,0.000000E+00,1.999522E+01,4.435876E+01,2.153970E+01,7.415676E+01
08:30:00,4.525836E+03,0.000000E+00,1.479250E-01,0.000000E+00,0.000000E+00,0.000000E+00,0.000000E+00,0.000000E+00,0.000000E+00,0.000000E+00,0.000000E+00,0.000000E+00,1.999597E+01,3.880399E+01,2.489240E+01,6.057904E+01,5.287969E+03,0.000000E+00,1.728347E-01,0.000000E+00,0.000000E+00,0.000000E+00,0.000000E+00,0.000000E+00,0.000000E+00,0.000000E+00,0.000000E+00,0.000000E+00,1.999593E+01,4.019725E+01,2.858018E+01,4.187522E+01,5.548205E+03,0.000000E+00,1.813401E-01,0.000000E+00,0.000000E+00,0.000000E+00,0.000000E+00,0.000000E+00,0.000000E+00,0.000000E+00,0.000000E+00,0.000000E+00,1.999588E+01,4.062106E+01,2.829590E+01,4.957655E+01,1.011796E+04,0.000000E+00,3.306936E-01,0.000000E+00,0.000000E+00,0.000000E+00,0.000000E+00,0.000000E+00,0.000000E+00,0.000000E+00,0.000000E+00,0.000000E+00,1.999531E+01,4.545193E+01,2.728580E+01,4.515443E+01,8.723571E+03,0.000000E+00,2.851187E-01,0.000000E+00,0.000000E+00,0.000000E+00,0.000000E+00,0.000000E+00,0.000000E+00,0.000000E+00,0.000000E+00,0.000000E+00,1.999522E+01,4.435952E+01,2.156910E+01,7.404934E+01
08:35:00,4.525601E+03,0.000000E+00,1.479173E-01,0.000000E+00,0.000000E+00,0.000000E+00,0.000000E+00,0.000000E+00,0.000000E+00,0.000000E+00,0.000000E+00,0.000000E+00,1.999598E+01,3.882323E+01,2.492186E+01,6.049533E+01,5.288101E+03,0.000000E+00,1.728391E-01,0.000000E+00,0.000000E+00,0.000000E+00,0.000000E+00,0.000000E+00,0.000000E+00,0.000000E+00,0.000000E+00,0.000000E+00,1.999594E+01,4.021492E+01,2.861011E+01,4.190000E+01,5.547896E+03,0.000000E+00,1.813300E-01,0.000000E+00,0.000000E+00,0.000000E+00,0.000000E+00,0.000000E+00,0.000000E+00,0.000000E+00,0.000000E+00,0.000000E+00,1.999588E+01,4.063746E+01,2.833543E+01,4.948144E+01,1.010683E+04,0.000000E+00,3.303299E-01,0.000000E+00,0.000000E+00,0.000000E+00,0.000000E+00,0.000000E+00,0.000000E+00,0.000000E+00,0.000000E+00,0.000000E+00,1.999532E+01,4.545379E+01,2.732573E+01,4.515370E+01,8.710364E+03,0.000000E+00,2.846872E-01,0.000000E+00,0.000000E+00,0.000000E+00,0.000000E+00,0.000000E+00,0.000000E+00,0.000000E+00,0.000000E+00,0.000000E+00,1.999523E+01,4.435937E+01,2.159943E+01,7.393959E+01
08:40:00,4.525731E+03,0.000000E+00,1.479216E-01,0.000000E+00,0.000000E+00,0.000000E+00,0.000000E+00,0.000000E+00,0.000000E+00,0.000000E+00,0.000000E+00,0.000000E+00,1.999598E+01,3.884159E+01,2.495269E+01,6.040814E+01,5.288624E+03,0.000000E+00,1.728562E-01,0.000000E+00,0.000000E+00,0.000000E+00,0.000000E+00,0.000000E+00,0.000000E+00,0.000000E+00,0.000000E+00,0.000000E+00,1.999594E+01,4.023179E+01,2.863981E+01,4.193990E+01,5.547932E+03,0.000000E+00,1.813312E-01,0.000000E+00,0.000000E+00,0.000000E+00,0.000000E+00,0.000000E+00,0.000000E+00,0.000000E+00,0.000000E+00,0.000000E+00,1.999589E+01,4.065301E+01,2.837365E+01,4.939134E+01,1.009587E+04,0.000000E+00,3.299717E-01,0.000000E+00,0.000000E+00,0.000000E+00,0.000000E+00,0.000000E+00,0.000000E+00,0.000000E+00,0.000000E+00,0.000000E+00,1.999533E+01,4.545492E+01,2.736490E+01,4.517059E+01,8.697395E+03,0.000000E+00,2.842634E-01,0.000000E+00,0.000000E+00,0.000000E+00,0.000000E+00,0.000000E+00,0.000000E+00,0.000000E+00,0.000000E+00,0.000000E+00,1.999524E+01,4.435842E+01,2.163022E+01,7.382955E+01
08:45:00,4.526229E+03,0.000000E+00,1.479379E-01,0.000000E+00,0.000000E+00,0.000000E+00,0.000000E+00,0.000000E+00,0.000000E+00,0.000000E+00,0.000000E+00,0.000000E+00,1.999598E+01,3.885907E+01,2.498537E+01,6.031565E+01,5.289543E+03,0.000000E+00,1.728863E-01,0.000000E+00,0.000000E+00,0.000000E+00,0.000000E+00,0.000000E+00,0.000000E+00,0.000000E+00,0.000000E+00,0.000000E+00,1.999594E+01,4.024783E+01,2.866972E+01,4.199297E+01,5.548321E+03,0.000000E+00,1.813440E-01,0.000000E+00,0.000000E+00,0.000000E+00,0.000000E+00,0.000000E+00,0.000000E+00,0.000000E+00,0.000000E+00,0.000000E+00,1.999589E+01,4.066764E+01,2.841025E+01,4.930706E+01,1.008510E+04,0.000000E+00,3.296200E-01,0.000000E+00,0.000000E+00,0.000000E+00,0.000000E+00,0.000000E+00,0.000000E+00,0.000000E+00,0.000000E+00,0.000000E+00,1.999533E+01,4.545530E+01,2.740352E+01,4.520363E+01,8.684682E+03,0.000000E+00,2.838480E-01,0.000000E+00,0.000000E+00,0.000000E+00,0.000000E+00,0.000000E+00,0.000000E+00,0.000000E+00,0.000000E+00,0.000000E+00,1.999524E+01,4.435675E+01,2.166127E+01,7.371996E+01
08:50:00,4.527096E+03,0.000000E+00,1.479663E-01,0.000000E+00,0.000000E+00,0.000000E+00,0.000000E+00,0.000000E+00,0.000000E+00,0.000000E+00,0.000000E+00,0.000000E+00,1.999599E+01,3.887574E+01,2.501941E+01,6.021950E+01,5.290859E+03,0.000000E+00,1.729293E-01,0.000000E+00,0.000000E+00,0.000000E+00,0.000000E+00,0.000000E+00,0.000000E+00,0.000000E+00,0.000000E+00,0.000000E+00,1.999595E+01,4.026309E+01,2.870084E+01,4.205608E+01,5.549064E+03,0.000000E+00,1.813683E-01,0.000000E+00,0.000000E+00,0.000000E+00,0.000000E+00,0.000000E+00,0.000000E+00,0.000000E+00,0.000000E+00,0.000000E+00,1.999590E+01,4.068144E+01,2.844474E+01,4.922986E+01,1.007455E+04,0.000000E+00,3.292754E-01,0.000000E+00,0.000000E+00,0.000000E+00,0.000000E+00,0.000000E+00,0.000000E+00,0.000000E+00,0.000000E+00,0.000000E+00,1.999534E+01,4.545505E+01,2.744193E+01,4.525112E+01,8.672244E+03,0.000000E+00,2.834415E-01,0.000000E+00,0.000000E+00,0.000000E+00,0.000000E+00,0.000000E+00,0.000000E+00,0.000000E+00,0.000000E+00,0.000000E+00,1.999525E+01,4.435449E+01,2.169246E+01,7.361123E+01
08:55:00,4.528324E+03,0.000000E+00,1.480064E-01,0.000000E+00,0.000000E+00,0.000000E+00,0.000000E+00,0.000000E+00,0.000000E+00,0.000000E+00,0.000000E+00,0.000000E+00,1.999599E+01,3.889169E+01,2.505405E+01,6.012237E+01,5.292566E+03,0.000000E+00,1.729851E-01,0.000000E+00,0.000000E+00,0.000000E+00,0.000000E+00,0.000000E+00,0.000000E+00,0.000000E+00,0.000000E+00,0.000000E+00,1.999595E+01,4.027768E+01,2.873331E+01,4.212815E+01,5.550155E+03,0.000000E+00,1.814040E-01,0.000000E+00,0.000000E+00,0.000000E+00,0.000000E+00,0.000000E+00,0.000000E+00,0.000000E+00,0.000000E+00,0.000000E+00,1.999590E+01,4.069449E+01,2.847721E+01,4.915939E+01,1.006424E+04,0.000000E+00,3.289383E-01,0.000000E+00,0.000000E+00,0.000000E+00,0.000000E+00,0.000000E+00,0.000000E+00,0.000000E+00,0.000000E+00,0.000000E+00,1.999534E+01,4.545429E+01,2.748016E+01,4.531222E+01,8.659994E+03,0.000000E+00,2.830413E-01,0.000000E+00,0.000000E+00,0.000000E+00,0.000000E+00,0.000000E+00,0.000000E+00,0.000000E+00,0.000000E+00,0.000000E+00,1.999525E+01,4.435173E+01,2.172371E+01,7.350368E+01
09:00:00,4.529890E+03,0.000000E+00,1.480576E-01,0.000000E+00,0.000000E+00,0.000000E+00,0.000000E+00,0.000000E+00,0.000000E+00,0.000000E+00,0.000000E+00,0.000000E+00,1.999599E+01,3.890702E+01,2.508885E+01,6.002581E+01,5.294639E+03,0.000000E+00,1.730529E-01,0.000000E+00,0.000000E+00,0.000000E+00,0.000000E+00,0.000000E+00,0.000000E+00,0.000000E+00,0.000000E+00,0.000000E+00,1.999595E+01,4.029169E+01,2.876675E+01,4.220942E+01,5.551570E+03,0.000000E+00,1.814503E-01,0.000000E+00,0.000000E+00,0.000000E+00,0.000000E+00,0.000000E+00,0.000000E+00,0.000000E+00,0.000000E+00,0.000000E+00,1.999590E+01,4.070691E+01,2.850815E+01,4.909414E+01,1.005415E+04,0.000000E+00,3.286086E-01,0.000000E+00,0.000000E+00,0.000000E+00,0.000000E+00,0.000000E+00,0.000000E+00,0.000000E+00,0.000000E+00,0.000000E+00,1.999535E+01,4.545313E+01,2.751820E+01,4.538620E+01,8.648077E+03,0.000000E+00,2.826518E-01,0.000000E+00,0.000000E+00,0.000000E+00,0.000000E+00,0.000000E+00,0.000000E+00,0.000000E+00,0.000000E+00,0.000000E+00,1.999526E+01,4.434859E+01,2.175502E+01,7.339715E+01
09:05:00,4.529119E+03,0.000000E+00,1.480324E-01,0.000000E+00,0.000000E+00,0.000000E+00,0.000000E+00,0.000000E+00,0.000000E+00,0.000000E+00,0.000000E+00,0.000000E+00,1.999600E+01,3.892181E+01,2.512374E+01,5.992988E+01,5.294260E+03,0.000000E+00,1.730405E-01,0.000000E+00,0.000000E+00,0.000000E+00,0.000000E+00,0.000000E+00,0.000000E+00,0.000000E+00,0.000000E+00,0.000000E+00,1.999596E+01,4.030520E+01,2.880076E+01,4.230026E+01,5.550502E+03,0.000000E+00,1.814154E-01,0.000000E+00,0.000000E+00,0.000000E+00,0.000000E+00,0.000000E+00,0.000000E+00,0.000000E+00,0.000000E+00,0.000000E+00,1.999591E+01,4.071878E+01,2.853807E+01,4.903257E+01,1.004099E+04,0.000000E+00,3.281786E-01,0.000000E+00,0.000000E+00,0.000000E+00,0.000000E+00,0.000000E+00,0.000000E+00,0.000000E+00,0.000000E+00,0.000000E+00,1.999535E+01,4.545166E+01,2.755609E+01,4.547227E+01,8.633382E+03,0.000000E+00,2.821716E-01,0.000000E+00,0.000000E+00,0.000000E+00,0.000000E+00,0.000000E+00,0.000000E+00,0.000000E+00,0.000000E+00,0.000000E+00,1.999526E+01,4.434517E+01,2.178783E+01,7.328508E+01
09:10:00,4.525878E+03,0.000000E+00,1.479265E-01,0.000000E+00,0.000000E+00,0.000000E+00,0.000000E+00,0.000000E+00,0.000000E+00,0.000000E+00,0.000000E+00,0.000000E+00,1.999602E+01,3.893714E+01,2.516606E+01,5.981320E+01,5.291264E+03,0.000000E+00,1.729426E-01,0.000000E+00,0.000000E+00,0.000000E+00,0.000000E+00,0.000000E+00,0.000000E+00,0.000000E+00,0.000000E+00,0.000000E+00,1.999598E+01,4.031950E+01,2.884011E+01,4.238775E+01,5.546789E+03,0.000000E+00,1.812941E-01,0.000000E+00,0.000000E+00,0.000000E+00,0.000000E+00,0.000000E+00,0.000000E+00,0.000000E+00,0.000000E+00,0.000000E+00,1.999593E+01,4.073154E+01,2.857421E+01,4.895798E+01,1.002452E+04,0.000000E+00,3.276404E-01,0.000000E+00,0.000000E+00,0.000000E+00,0.000000E+00,0.000000E+00,0.000000E+00,0.000000E+00,0.000000E+00,0.000000E+00,1.999537E+01,4.545188E+01,2.759988E+01,4.555310E+01,8.615743E+03,0.000000E+00,2.815952E-01,0.000000E+00,0.000000E+00,0.000000E+00,0.000000E+00,0.000000E+00,0.000000E+00,0.000000E+00,0.000000E+00,0.000000E+00,1.999529E+01,4.434329E+01,2.183473E+01,7.311692E+01
09:15:00,4.520188E+03,0.000000E+00,1.477406E-01,0.000000E+00,0.000000E+00,0.000000E+00,0.000000E+00,0.000000E+00,0.000000E+00,0.000000E+00,0.000000E+00,0.000000E+00,1.999605E+01,3.895355E+01,2.521972E+01,5.966435E+01,5.285667E+03,0.000000E+00,1.727597E-01,0.000000E+00,0.000000E+00,0.000000E+00,0.000000E+00,0.000000E+00,0.000000E+00,0.000000E+00,0.000000E+00,0.000000E+00,1.999600E+01,4.033521E+01,2.888647E+01,4.246678E+01,5.540447E+03,0.000000E+00,1.810868E-01,0.000000E+00,0.000000E+00,0.000000E+00,0.000000E+00,0.000000E+00,0.000000E+00,0.000000E+00,0.000000E+00,0.000000E+00,1.999595E+01,4.074586E+01,2.862164E+01,4.885799E+01,1.000475E+04,0.000000E+00,3.269943E-01,0.000000E+00,0.000000E+00,0.000000E+00,0.000000E+00,0.000000E+00,0.000000E+00,0.000000E+00,0.000000E+00,0.000000E+00,1.999539E+01,4.545460E+01,2.765154E+01,4.562237E+01,8.595194E+03,0.000000E+00,2.809236E-01,0.000000E+00,0.000000E+00,0.000000E+00,0.000000E+00,0.000000E+00,0.000000E+00,0.000000E+00,0.000000E+00,0.000000E+00,1.999531E+01,4.434376E+01,2.189907E+01,7.288109E+01
09:20:00,4.512040E+03,0.000000E+00,1.474743E-01,0.000000E+00,0.000000E+00,0.000000E+00,0.000000E+00,0.000000E+00,0.000000E+00,0.000000E+00,0.000000E+00,0.000000E+00,1.999608E+01,3.897112E+01,2.528289E+01,5.949020E+01,5.277453E+03,0.000000E+00,1.724913E-01,0.000000E+00,0.000000E+00,0.000000E+00,0.000000E+00,0.000000E+00,0.000000E+00,0.000000E+00,0.000000E+00,0.000000E+00,1.999603E+01,4.035236E+01,2.893846E+01,4.254003E+01,5.531457E+03,0.000000E+00,1.807930E-01,0.000000E+00,0.000000E+00,0.000000E+00,0.000000E+00,0.000000E+00,0.000000E+00,0.000000E+00,0.000000E+00,0.000000E+00,1.999598E+01,4.076179E+01,2.867651E+01,4.874374E+01,9.981639E+03,0.000000E+00,3.262390E-01,0.000000E+00,0.000000E+00,0.000000E+00,0.000000E+00,0.000000E+00,0.000000E+00,0.000000E+00,0.000000E+00,0.000000E+00,1.999541E+01,4.545968E+01,2.770936E+01,4.568378E+01,8.571718E+03,0.000000E+00,2.801564E-01,0.000000E+00,0.000000E+00,0.000000E+00,0.000000E+00,0.000000E+00,0.000000E+00,0.000000E+00,0.000000E+00,0.000000E+00,1.999533E+01,4.434655E+01,2.197779E+01,7.259199E+01
09:25:00,4.501431E+03,0.000000E+00,1.471276E-01,0.000000E+00,0.000000E+00,0.000000E+00,0.000000E+00,0.000000E+00,0.000000E+00,0.000000E+00,0.000000E+00,0.000000E+00,1.999610E+01,3.898974E+01,2.535252E+01,5.930070E+01,5.266611E+03,0.000000E+00,1.721370E-01,0.000000E+00,0.000000E+00,0.000000E+00,0.000000E+00,0.000000E+00,0.000000E+00,0.000000E+00,0.000000E+00,0.000000E+00,1.999606E+01,4.037078E+01,2.899397E+01,4.261210E+01,5.519810E+03,0.000000E+00,1.804124E-01,0.000000E+00,0.000000E+00,0.000000E+00,0.000000E+00,0.000000E+00,0.000000E+00,0.000000E+00,0.000000E+00,0.000000E+00,1.999600E+01,4.077912E+01,2.873420E+01,4.862756E+01,9.955154E+03,0.000000E+00,3.253735E-01,0.000000E+00,0.000000E+00,0.000000E+00,0.000000E+00,0.000000E+00,0.000000E+00,0.000000E+00,0.000000E+00,0.000000E+00,1.999544E+01,4.546666E+01,2.777063E+01,4.574399E+01,8.545276E+03,0.000000E+00,2.792923E-01,0.000000E+00,0.000000E+00,0.000000E+00,0.000000E+00,0.000000E+00,0.000000E+00,0.000000E+00,0.000000E+00,0.000000E+00,1.999536E+01,4.435128E+01,2.206631E+01,7.226936E+01
09:30:00,4.488356E+03,0.000000E+00,1.467003E-01,0.000000E+00,0.000000E+00,0.000000E+00,0.000000E+00,0.000000E+00,0.000000E+00,0.000000E+00,0.000000E+00,0.000000E+00,1.999613E+01,3.900930E+01,2.542657E+01,5.910204E+01,5.253131E+03,0.000000E+00,1.716965E-01,0.000000E+00,0.000000E+00,0.000000E+00,0.000000E+00,0.000000E+00,0.000000E+00,0.000000E+00,0.000000E+00,0.000000E+00,1.999608E+01,4.039028E+01,2.905132E+01,4.268658E+01,5.505493E+03,0.000000E+00,1.799446E-01,0.000000E+00,0.000000E+00,0.000000E+00,0.000000E+00,0.000000E+00,0.000000E+00,0.000000E+00,0.000000E+00,0.000000E+00,1.999603E+01,4.079764E+01,2.879232E+01,4.851515E+01,9.925247E+03,0.000000E+00,3.243961E-01,0.000000E+00,0.000000E+00,0.000000E+00,0.000000E+00,0.000000E+00,0.000000E+00,0.000000E+00,0.000000E+00,0.000000E+00,1.999546E+01,4.547509E+01,2.783332E+01,4.580782E+01,8.515851E+03,0.000000E+00,2.783307E-01,0.000000E+00,0.000000E+00,0.000000E+00,0.000000E+00,0.000000E+00,0.000000E+00,0.000000E+00,0.000000E+00,0.000000E+00,1.999539E+01,4.435753E+01,2.216093E+01,7.192848E+01
09:35:00,4.472770E+03,0.000000E+00,1.461910E-01,0.000000E+00,0.000000E+00,0.000000E+00,0.000000E+00,0.000000E+00,0.000000E+00,0.000000E+00,0.000000E+00,0.000000E+00,1.999616E+01,3.902969E+01,2.550398E+01,5.889694E+01,5.236950E+03,0.000000E+00,1.711677E-01,0.000000E+00,0.000000E+00,0.000000E+00,0.000000E+00,0.000000E+00,0.000000E+00,0.000000E+00,0.000000E+00,0.000000E+00,1.999611E+01,4.041072E+01,2.910954E+01,4.276539E+01,5.488430E+03,0.000000E+00,1.793869E-01,0.000000E+00,0.000000E+00,0.000000E+00,0.000000E+00,0.000000E+00,0.000000E+00,0.000000E+00,0.000000E+00,0.000000E+00,1.999606E+01,4.081718E+01,2.885011E+01,4.840771E+01,9.891792E+03,0.000000E+00,3.233028E-01,0.000000E+00,0.000000E+00,0.000000E+00,0.000000E+00,0.000000E+00,0.000000E+00,0.000000E+00,0.000000E+00,0.000000E+00,1.999549E+01,4.548462E+01,2.789647E+01,4.587738E+01,8.483382E+03,0.000000E+00,2.772697E-01,0.000000E+00,0.000000E+00,0.000000E+00,0.000000E+00,0.000000E+00,0.000000E+00,0.000000E+00,0.000000E+00,0.000000E+00,1.999541E+01,4.436501E+01,2.225938E+01,7.157827E+01
09:40:00,4.454665E+03,0.000000E+00,1.455993E-01,0.000000E+00,0.000000E+00,0.000000E+00,0.000000E+00,0.000000E+00,0.000000E+00,0.000000E+00,0.000000E+00,0.000000E+00,1.999619E+01,3.905069E+01,2.558383E+01,5.868771E+01,5.218052E+03,0.000000E+00,1.705501E-01,0.000000E+00,0.000000E+00,0.000000E+00,0.000000E+00,0.000000E+00,0.000000E+00,0.000000E+00,0.000000E+00,0.000000E+00,1.999614E+01,4.043177E+01,2.916751E+01,4.285088E+01,5.468601E+03,0.000000E+00,1.787389E-01,0.000000E+00,0.000000E+00,0.000000E+00,0.000000E+00,0.000000E+00,0.000000E+00,0.000000E+00,0.000000E+00,0.000000E+00,1.999608E+01,4.083733E+01,2.890695E+01,4.830612E+01,9.854747E+03,0.000000E+00,3.220922E-01,0.000000E+00,0.000000E+00,0.000000E+00,0.000000E+00,0.000000E+00,0.000000E+00,0.000000E+00,0.000000E+00,0.000000E+00,1.999552E+01,4.549474E+01,2.795879E+01,4.595560E+01,8.447846E+03,0.000000E+00,2.761084E-01,0.000000E+00,0.000000E+00,0.000000E+00,0.000000E+00,0.000000E+00,0.000000E+00,0.000000E+00,0.000000E+00,0.000000E+00,1.999544E+01,4.437335E+01,2.236012E+01,7.122438E+01
09:45:00,4.434040E+03,0.000000E+00,1.449253E-01,0.000000E+00,0.000000E+00,0.000000E+00,0.000000E+00,0.000000E+00,0.000000E+00,0.000000E+00,0.000000E+00,0.000000E+00,1.999622E+01,3.907210E+01,2.566523E+01,5.847655E+01,5.196431E+03,0.000000E+00,1.698436E-01,0.000000E+00,0.000000E+00,0.000000E+00,0.000000E+00,0.000000E+00,0.000000E+00,0.000000E+00,0.000000E+00,0.000000E+00,1.999616E+01,4.045319E+01,2.922725E+01,4.293758E+01,5.446001E+03,0.000000E+00,1.780004E-01,0.000000E+00,0.000000E+00,0.000000E+00,0.000000E+00,0.000000E+00,0.000000E+00,0.000000E+00,0.000000E+00,0.000000E+00,1.999611E+01,4.085778E+01,2.896275E+01,4.820980E+01,9.814086E+03,0.000000E+00,3.207635E-01,0.000000E+00,0.000000E+00,0.000000E+00,0.000000E+00,0.000000E+00,0.000000E+00,0.000000E+00,0.000000E+00,0.000000E+00,1.999554E+01,4.550510E+01,2.802045E+01,4.604156E+01,8.409227E+03,0.000000E+00,2.748463E-01,0.000000E+00,0.000000E+00,0.000000E+00,0.000000E+00,0.000000E+00,0.000000E+00,0.000000E+00,0.000000E+00,0.000000E+00,1.999547E+01,4.438233E+01,2.246090E+01,7.087549E+01
09:50:00,4.410894E+03,0.000000E+00,1.441689E-01,0.000000E+00,0.000000E+00,0.000000E+00,0.000000E+00,0.000000E+00,0.000000E+00,0.000000E+00,0.000000E+00,0.000000E+00,1.999625E+01,3.909386E+01,2.574738E+01,5.826541E+01,5.172079E+03,0.000000E+00,1.690477E-01,0.000000E+00,0.000000E+00,0.000000E+00,0.000000E+00,0.000000E+00,0.000000E+00,0.000000E+00,0.000000E+00,0.000000E+00,1.999619E+01,4.047489E+01,2.928720E+01,4.302894E+01,5.420622E+03,0.000000E+00,1.771710E-01,0.000000E+00,0.000000E+00,0.000000E+00,0.000000E+00,0.000000E+00,0.000000E+00,0.000000E+00,0.000000E+00,0.000000E+00,1.999614E+01,4.087845E+01,2.901755E+01,4.811789E+01,9.769782E+03,0.000000E+00,3.193156E-01,0.000000E+00,0.000000E+00,0.000000E+00,0.000000E+00,0.000000E+00,0.000000E+00,0.000000E+00,0.000000E+00,0.000000E+00,1.999557E+01,4.551559E+01,2.808111E+01,4.613577E+01,8.367500E+03,0.000000E+00,2.734827E-01,0.000000E+00,0.000000E+00,0.000000E+00,0.000000E+00,0.000000E+00,0.000000E+00,0.000000E+00,0.000000E+00,0.000000E+00,1.999550E+01,4.439182E+01,2.255987E+01,7.053843E+01
09:55:00,4.385223E+03,0.000000E+00,1.433299E-01,0.000000E+00,0.000000E+00,0.000000E+00,0.000000E+00,0.000000E+00,0.000000E+00,0.000000E+00,0.000000E+00,0.000000E+00,1.999628E+01,3.911599E+01,2.582967E+01,5.805550E+01,5.144988E+03,0.000000E+00,1.681624E-01,0.000000E+00,0.000000E+00,0.000000E+00,0.000000E+00,0.000000E+00,0.000000E+00,0.000000E+00,0.000000E+00,0.000000E+00,1.999622E+01,4.049686E+01,2.934588E+01,4.312830E+01,5.392457E+03,0.000000E+00,1.762506E-01,0.000000E+00,0.000000E+00,0.000000E+00,0.000000E+00,0.000000E+00,0.000000E+00,0.000000E+00,0.000000E+00,0.000000E+00,1.999617E+01,4.089932E+01,2.907197E+01,4.802790E+01,9.721814E+03,0.000000E+00,3.177481E-01,0.000000E+00,0.000000E+00,0.000000E+00,0.000000E+00,0.000000E+00,0.000000E+00,0.000000E+00,0.000000E+00,0.000000E+00,1.999560E+01,4.552619E+01,2.814135E+01,4.623629E+01,8.322646E+03,0.000000E+00,2.720169E-01,0.000000E+00,0.000000E+00,0.000000E+00,0.000000E+00,0.000000E+00,0.000000E+00,0.000000E+00,0.000000E+00,0.000000E+00,1.999553E+01,4.440175E+01,2.265784E+01,7.020857E+01
10:00:00,4.357024E+03,0.000000E+00,1.424084E-01,0.000000E+00,0.000000E+00,0.000000E+00,0.000000E+00,0.000000E+00,0.000000E+00,0.000000E+00,0.000000E+00,0.000000E+00,1.999631E+01,3.913847E+01,2.591160E+01,5.784783E+01,5.115149E+03,0.000000E+00,1.671873E-01,0.000000E+00,0.000000E+00,0.000000E+00,0.000000E+00,0.000000E+00,0.000000E+00,0.000000E+00,0.000000E+00,0.000000E+00,1.999625E+01,4.051910E+01,2.940296E+01,4.323612E+01,5.361499E+03,0.000000E+00,1.752388E-01,0.000000E+00,0.000000E+00,0.000000E+00,0.000000E+00,0.000000E+00,0.000000E+00,0.000000E+00,0.000000E+00,0.000000E+00,1.999620E+01,4.092042E+01,2.912640E+01,4.793813E+01,9.670151E+03,0.000000E+00,3.160598E-01,0.000000E+00,0.000000E+00,0.000000E+00,0.000000E+00,0.000000E+00,0.000000E+00,0.000000E+00,0.000000E+00,0.000000E+00,1.999563E+01,4.553690E+01,2.820166E+01,4.634137E+01,8.274630E+03,0.000000E+00,2.704478E-01,0.000000E+00,0.000000E+00,0.000000E+00,0.000000E+00,0.000000E+00,0.000000E+00,0.000000E+00,0.000000E+00,0.000000E+00,1.999556E+01,4.441206E+01,2.275589E+01,6.988025E+01
10:05:00,4.330047E+03,0.000000E+00,1.415268E-01,0.000000E+00,0.000000E+00,0.000000E+00,0.000000E+00,0.000000E+00,0.000000E+00,0.000000E+00,0.000000E+00,0.000000E+00,1.999634E+01,3.916133E+01,2.599374E+01,5.763956E+01,5.086489E+03,0.000000E+00,1.662507E-01,0.000000E+00,0.000000E+00,0.000000E+00,0.000000E+00,0.000000E+00,0.000000E+00,0.000000E+00,0.000000E+00,0.000000E+00,1.999628E+01,4.054163E+01,2.945771E+01,4.335390E+01,5.331683E+03,0.000000E+00,1.742645E-01,0.000000E+00,0.000000E+00,0.000000E+00,0.000000E+00,0.000000E+00,0.000000E+00,0.000000E+00,0.000000E+00,0.000000E+00,1.999623E+01,4.094174E+01,2.918083E+01,4.784790E+01,9.620077E+03,0.000000E+00,3.144234E-01,0.000000E+00,0.000000E+00,0.000000E+00,0.000000E+00,0.000000E+00,0.000000E+00,0.000000E+00,0.000000E+00,0.000000E+00,1.999566E+01,4.554773E+01,2.826255E+01,4.644932E+01,8.228503E+03,0.000000E+00,2.689404E-01,0.000000E+00,0.000000E+00,0.000000E+00,0.000000E+00,0.000000E+00,0.000000E+00,0.000000E+00,0.000000E+00,0.000000E+00,1.999559E+01,4.442272E+01,2.285473E+01,6.954958E+01
10:10:00,4.304486E+03,0.000000E+00,1.406914E-01,0.000000E+00,0.000000E+00,0.000000E+00,0.000000E+00,0.000000E+00,0.000000E+00,0.000000E+00,0.000000E+00,0.000000E+00,1.999635E+01,3.918609E+01,2.606933E+01,5.745692E+01,5.059245E+03,0.000000E+00,1.653603E-01,0.000000E+00,0.000000E+00,0.000000E+00,0.000000E+00,0.000000E+00,0.000000E+00,0.000000E+00,0.000000E+00,0.000000E+00,1.999629E+01,4.056587E+01,2.950508E+01,4.348993E+01,5.303246E+03,0.000000E+00,1.733352E-01,0.000000E+00,0.000000E+00,0.000000E+00,0.000000E+00,0.000000E+00,0.000000E+00,0.000000E+00,0.000000E+00,0.000000E+00,1.999624E+01,4.096471E+01,2.922768E+01,4.778088E+01,9.572040E+03,0.000000E+00,3.128536E-01,0.000000E+00,0.000000E+00,0.000000E+00,0.000000E+00,0.000000E+00,0.000000E+00,0.000000E+00,0.000000E+00,0.000000E+00,1.999568E+01,4.556001E+01,2.831674E+01,4.657512E+01,8.184606E+03,0.000000E+00,2.675059E-01,0.000000E+00,0.000000E+00,0.000000E+00,0.000000E+00,0.000000E+00,0.000000E+00,0.000000E+00,0.000000E+00,0.000000E+00,1.999561E+01,4.443522E+01,2.294225E+01,6.927125E+01
10:15:00,4.280300E+03,0.000000E+00,1.399011E-01,0.000000E+00,0.000000E+00,0.000000E+00,0.000000E+00,0.000000E+00,0.000000E+00,0.000000E+00,0.000000E+00,0.000000E+00,1.999637E+01,3.921365E+01,2.613631E+01,5.730870E+01,5.033379E+03,0.000000E+00,1.645151E-01,0.000000E+00,0.000000E+00,0.000000E+00,0.000000E+00,0.000000E+00,0.000000E+00,0.000000E+00,0.000000E+00,0.000000E+00,1.999631E+01,4.059268E+01,2.954427E+01,4.364378E+01,5.276152E+03,0.000000E+00,1.724497E-01,0.000000E+00,0.000000E+00,0.000000E+00,0.000000E+00,0.000000E+00,0.000000E+00,0.000000E+00,0.000000E+00,0.000000E+00,1.999626E+01,4.099016E+01,2.926509E+01,4.774380E+01,9.525982E+03,0.000000E+00,3.113485E-01,0.000000E+00,0.000000E+00,0.000000E+00,0.000000E+00,0.000000E+00,0.000000E+00,0.000000E+00,0.000000E+00,0.000000E+00,1.999569E+01,4.557456E+01,2.836175E+01,4.672280E+01,8.142850E+03,0.000000E+00,2.661414E-01,0.000000E+00,0.000000E+00,0.000000E+00,0.000000E+00,0.000000E+00,0.000000E+00,0.000000E+00,0.000000E+00,0.000000E+00,1.999562E+01,4.445044E+01,2.301413E+01,6.906502E+01
10:20:00,4.257497E+03,0.000000E+00,1.391559E-01,0.000000E+00,0.000000E+00,0.000000E+00,0.000000E+00,0.000000E+00,0.000000E+00,0.000000E+00,0.000000E+00,0.000000E+00,1.999638E+01,3.924411E+01,2.619623E+01,5.718993E+01,5.008907E+03,0.000000E+00,1.637153E-01,0.000000E+00,0.000000E+00,0.000000E+00,0.000000E+00,0.000000E+00,0.000000E+00,0.000000E+00,0.000000E+00,0.000000E+00,1.999632E+01,4.062216E+01,2.957748E+01,4.380928E+01,5.250417E+03,0.000000E+00,1.716088E-01,0.000000E+00,0.000000E+00,0.000000E+00,0.000000E+00,0.000000E+00,0.000000E+00,0.000000E+00,0.000000E+00,0.000000E+00,1.999627E+01,4.101818E+01,2.929514E+01,4.773128E+01,9.481945E+03,0.000000E+00,3.099095E-01,0.000000E+00,0.000000E+00,0.000000E+00,0.000000E+00,0.000000E+00,0.000000E+00,0.000000E+00,0.000000E+00,0.000000E+00,1.999571E+01,4.559137E+01,2.839991E+01,4.688543E+01,8.103254E+03,0.000000E+00,2.648475E-01,0.000000E+00,0.000000E+00,0.000000E+00,0.000000E+00,0.000000E+00,0.000000E+00,0.000000E+00,0.000000E+00,0.000000E+00,1.999564E+01,4.446837E+01,2.307338E+01,6.891831E+01
10:25:00,4.236082E+03,0.000000E+00,1.384560E-01,0.000000E+00,0.000000E+00,0.000000E+00,0.000000E+00,0.000000E+00,0.000000E+00,0.000000E+00,0.000000E+00,0.000000E+00,1.999640E+01,3.927722E+01,2.625162E+01,5.709163E+01,4.985835E+03,0.000000E+00,1.629613E-01,0.000000E+00,0.000000E+00,0.000000E+00,0.000000E+00,0.000000E+00,0.000000E+00,0.000000E+00,0.000000E+00,0.000000E+00,1.999634E+01,4.065405E+01,2.960720E+01,4.398043E+01,5.226051E+03,0.000000E+00,1.708125E-01,0.000000E+00,0.000000E+00,0.000000E+00,0.000000E+00,0.000000E+00,0.000000E+00,0.000000E+00,0.000000E+00,0.000000E+00,1.999629E+01,4.104851E+01,2.932138E+01,4.773341E+01,9.439952E+03,0.000000E+00,3.085372E-01,0.000000E+00,0.000000E+00,0.000000E+00,0.000000E+00,0.000000E+00,0.000000E+00,0.000000E+00,0.000000E+00,0.000000E+00,1.999573E+01,4.561012E+01,2.843442E+01,4.705455E+01,8.065853E+03,0.000000E+00,2.636253E-01,0.000000E+00,0.000000E+00,0.000000E+00,0.000000E+00,0.000000E+00,0.000000E+00,0.000000E+00,0.000000E+00,0.000000E+00,1.999566E+01,4.448863E+01,2.312468E+01,6.881092E+01
10:30:00,4.216056E+03,0.000000E+00,1.378016E-01,0.000000E+00,0.000000E+00,0.000000E+00,0.000000E+00,0.000000E+00,0.000000E+00,0.000000E+00,0.000000E+00,0.000000E+00,1.999642E+01,3.931266E+01,2.630454E+01,5.700645E+01,4.964170E+03,0.000000E+00,1.622534E-01,0.000000E+00,0.000000E+00,0.000000E+00,0.000000E+00,0.000000E+00,0.000000E+00,0.000000E+00,0.000000E+00,0.000000E+00,1.999636E+01,4.068804E+01,2.963497E+01,4.415367E+01,5.203063E+03,0.000000E+00,1.700613E-01,0.000000E+00,0.000000E+00,0.000000E+00,0.000000E+00,0.000000E+00,0.000000E+00,0.000000E+00,0.000000E+00,0.000000E+00,1.999631E+01,4.108086E+01,2.934629E+01,4.774299E+01,9.400048E+03,0.000000E+00,3.072332E-01,0.000000E+00,0.000000E+00,0.000000E+00,0.000000E+00,0.000000E+00,0.000000E+00,0.000000E+00,0.000000E+00,0.000000E+00,1.999575E+01,4.563046E+01,2.846739E+01,4.722477E+01,8.030661E+03,0.000000E+00,2.624753E-01,0.000000E+00,0.000000E+00,0.000000E+00,0.000000E+00,0.000000E+00,0.000000E+00,0.000000E+00,0.000000E+00,0.000000E+00,1.999568E+01,4.451082E+01,2.317159E+01,6.872748E+01
10:35:00,4.197427E+03,0.000000E+00,1.371928E-01,0.000000E+00,0.000000E+00,0.000000E+00,0.000000E+00,0.000000E+00,0.000000E+00,0.000000E+00,0.000000E+00,0.000000E+00,1.999643E+01,3.935017E+01,2.635606E+01,5.693031E+01,4.943927E+03,0.000000E+00,1.615918E-01,0.000000E+00,0.000000E+00,0.000000E+00,0.000000E+00,0.000000E+00,0.000000E+00,0.000000E+00,0.000000E+00,0.000000E+00,1.999637E+01,4.072386E+01,2.966160E+01,4.432729E+01,5.181474E+03,0.000000E+00,1.693558E-01,0.000000E+00,0.000000E+00,0.000000E+00,0.000000E+00,0.000000E+00,0.000000E+00,0.000000E+00,0.000000E+00,0.000000E+00,1.999633E+01,4.111497E+01,2.937094E+01,4.775685E+01,9.362278E+03,0.000000E+00,3.059990E-01,0.000000E+00,0.000000E+00,0.000000E+00,0.000000E+00,0.000000E+00,0.000000E+00,0.000000E+00,0.000000E+00,0.000000E+00,1.999577E+01,4.565209E+01,2.849978E+01,4.739379E+01,7.997693E+03,0.000000E+00,2.613980E-01,0.000000E+00,0.000000E+00,0.000000E+00,0.000000E+00,0.000000E+00,0.000000E+00,0.000000E+00,0.000000E+00,0.000000E+00,1.999570E+01,4.453462E+01,2.321607E+01,6.865933E+01
10:40:00,4.180189E+03,0.000000E+00,1.366295E-01,0.000000E+00,0.000000E+00,0.000000E+00,0.000000E+00,0.000000E+00,0.000000E+00,0.000000E+00,0.000000E+00,0.000000E+00,1.999645E+01,3.938938E+01,2.640569E+01,5.686465E+01,4.925104E+03,0.000000E+00,1.609767E-01,0.000000E+00,0.000000E+00,0.000000E+00,0.000000E+00,0.000000E+00,0.000000E+00,0.000000E+00,0.000000E+00,0.000000E+00,1.999639E+01,4.076111E+01,2.968665E+01,4.450261E+01,5.161285E+03,0.000000E+00,1.686960E-01,0.000000E+00,0.000000E+00,0.000000E+00,0.000000E+00,0.000000E+00,0.000000E+00,0.000000E+00,0.000000E+00,0.000000E+00,1.999635E+01,4.115037E+01,2.939497E+01,4.777573E+01,9.326657E+03,0.000000E+00,3.048350E-01,0.000000E+00,0.000000E+00,0.000000E+00,0.000000E+00,0.000000E+00,0.000000E+00,0.000000E+00,0.000000E+00,0.000000E+00,1.999579E+01,4.567455E+01,2.853096E+01,4.756355E+01,7.966958E+03,0.000000E+00,2.603936E-01,0.000000E+00,0.000000E+00,0.000000E+00,0.000000E+00,0.000000E+00,0.000000E+00,0.000000E+00,0.000000E+00,0.000000E+00,1.999572E+01,4.455967E+01,2.325879E+01,6.860336E+01
10:45:00,4.164343E+03,0.000000E+00,1.361117E-01,0.000000E+00,0.000000E+00,0.000000E+00,0.000000E+00,0.000000E+00,0.000000E+00,0.000000E+00,0.000000E+00,0.000000E+00,1.999647E+01,3.942997E+01,2.645290E+01,5.681094E+01,4.907707E+03,0.000000E+00,1.604082E-01,0.000000E+00,0.000000E+00,0.000000E+00,0.000000E+00,0.000000E+00,0.000000E+00,0.000000E+00,0.000000E+00,0.000000E+00,1.999641E+01,4.079946E+01,2.971047E+01,4.467895E+01,5.142501E+03,0.000000E+00,1.680822E-01,0.000000E+00,0.000000E+00,0.000000E+00,0.000000E+00,0.000000E+00,0.000000E+00,0.000000E+00,0.000000E+00,0.000000E+00,1.999637E+01,4.118672E+01,2.941822E+01,4.779989E+01,9.293208E+03,0.000000E+00,3.037420E-01,0.000000E+00,0.000000E+00,0.000000E+00,0.000000E+00,0.000000E+00,0.000000E+00,0.000000E+00,0.000000E+00,0.000000E+00,1.999581E+01,4.569754E+01,2.856104E+01,4.773398E+01,7.938467E+03,0.000000E+00,2.594626E-01,0.000000E+00,0.000000E+00,0.000000E+00,0.000000E+00,0.000000E+00,0.000000E+00,0.000000E+00,0.000000E+00,0.000000E+00,1.999574E+01,4.458572E+01,2.330011E+01,6.855770E+01
10:50:00,4.149894E+03,0.000000E+00,1.356395E-01,0.000000E+00,0.000000E+00,0.000000E+00,0.000000E+00,0.000000E+00,0.000000E+00,0.000000E+00,0.000000E+00,0.000000E+00,1.999649E+01,3.947178E+01,2.649580E+01,5.677521E+01,4.891743E+03,0.000000E+00,1.598866E-01,0.000000E+00,0.000000E+00,0.000000E+00,0.000000E+00,0.000000E+00,0.000000E+00,0.000000E+00,0.000000E+00,0.000000E+00,1.999643E+01,4.083874E+01,2.973369E+01,4.485486E+01,5.125134E+03,0.000000E+00,1.675147E-01,0.000000E+00,0.000000E+00,0.000000E+00,0.000000E+00,0.000000E+00,0.000000E+00,0.000000E+00,0.000000E+00,0.000000E+00,1.999639E+01,4.122386E+01,2.944094E+01,4.782848E+01,9.261958E+03,0.000000E+00,3.027208E-01,0.000000E+00,0.000000E+00,0.000000E+00,0.000000E+00,0.000000E+00,0.000000E+00,0.000000E+00,0.000000E+00,0.000000E+00,1.999583E+01,4.572092E+01,2.859050E+01,4.790392E+01,7.912236E+03,0.000000E+00,2.586054E-01,0.000000E+00,0.000000E+00,0.000000E+00,0.000000E+00,0.000000E+00,0.000000E+00,0.000000E+00,0.000000E+00,0.000000E+00,1.999576E+01,4.461261E+01,2.334040E+01,6.852056E+01
10:55:00,4.136848E+03,0.000000E+00,1.352132E-01,0.000000E+00,0.000000E+00,0.000000E+00,0.000000E+00,0.000000E+00,0.000000E+00,0.000000E+00,0.000000E+00,0.000000E+00,1.999651E+01,3.951473E+01,2.653326E+01,5.676103E+01,4.877229E+03,0.000000E+00,1.594123E-01,0.000000E+00,0.000000E+00,0.000000E+00,0.000000E+00,0.000000E+00,0.000000E+00,0.000000E+00,0.000000E+00,0.000000E+00,1.999645E+01,4.087889E+01,2.975674E+01,4.502936E+01,5.109200E+03,0.000000E+00,1.669940E-01,0.000000E+00,0.000000E+00,0.000000E+00,0.000000E+00,0.000000E+00,0.000000E+00,0.000000E+00,0.000000E+00,0.000000E+00,1.999641E+01,4.126172E+01,2.946345E+01,4.786044E+01,9.232915E+03,0.000000E+00,3.017717E-01,0.000000E+00,0.000000E+00,0.000000E+00,0.000000E+00,0.000000E+00,0.000000E+00,0.000000E+00,0.000000E+00,0.000000E+00,1.999586E+01,4.574469E+01,2.861966E+01,4.807259E+01,7.888284E+03,0.000000E+00,2.578228E-01,0.000000E+00,0.000000E+00,0.000000E+00,0.000000E+00,0.000000E+00,0.000000E+00,0.000000E+00,0.000000E+00,0.000000E+00,1.999579E+01,4.464026E+01,2.337998E+01,6.849040E+01
11:00:00,4.125214E+03,0.000000E+00,1.348330E-01,0.000000E+00,0.000000E+00,0.000000E+00,0.000000E+00,0.000000E+00,0.000000E+00,0.000000E+00,0.000000E+00,0.000000E+00,1.999653E+01,3.955874E+01,2.656580E+01,5.676641E+01,4.864178E+03,0.000000E+00,1.589858E-01,0.000000E+00,0.000000E+00,0.000000E+00,0.000000E+00,0.000000E+00,0.000000E+00,0.000000E+00,0.000000E+00,0.000000E+00,1.999647E+01,4.091987E+01,2.977978E+01,4.520216E+01,5.094713E+03,0.000000E+00,1.665206E-01,0.000000E+00,0.000000E+00,0.000000E+00,0.000000E+00,0.000000E+00,0.000000E+00,0.000000E+00,0.000000E+00,0.000000E+00,1.999643E+01,4.130031E+01,2.948597E+01,4.789500E+01,9.206095E+03,0.000000E+00,3.008953E-01,0.000000E+00,0.000000E+00,0.000000E+00,0.000000E+00,0.000000E+00,0.000000E+00,0.000000E+00,0.000000E+00,0.000000E+00,1.999588E+01,4.576885E+01,2.864865E+01,4.823984E+01,7.866631E+03,0.000000E+00,2.571152E-01,0.000000E+00,0.000000E+00,0.000000E+00,0.000000E+00,0.000000E+00,0.000000E+00,0.000000E+00,0.000000E+00,0.000000E+00,1.999581E+01,4.466861E+01,2.341907E+01,6.846603E+01
11:05:00,4.113445E+03,0.000000E+00,1.344484E-01,0.000000E+00,0.000000E+00,0.000000E+00,0.000000E+00,0.000000E+00,0.000000E+00,0.000000E+00,0.000000E+00,0.000000E+00,1.999655E+01,3.960377E+01,2.659496E+01,5.678602E+01,4.850926E+03,0.000000E+00,1.585527E-01,0.000000E+00,0.000000E+00,0.000000E+00,0.000000E+00,0.000000E+00,0.000000E+00,0.000000E+00,0.000000E+00,0.000000E+00,1.999649E+01,4.096165E+01,2.980307E+01,4.537273E+01,5.079980E+03,0.000000E+00,1.660391E-01,0.000000E+00,0.000000E+00,0.000000E+00,0.000000E+00,0.000000E+00,0.000000E+00,0.000000E+00,0.000000E+00,0.000000E+00,1.999645E+01,4.133961E+01,2.950848E+01,4.793209E+01,9.179164E+03,0.000000E+00,3.000153E-01,0.000000E+00,0.000000E+00,0.000000E+00,0.000000E+00,0.000000E+00,0.000000E+00,0.000000E+00,0.000000E+00,0.000000E+00,1.999590E+01,4.579337E+01,2.867750E+01,4.840566E+01,7.845157E+03,0.000000E+00,2.564135E-01,0.000000E+00,0.000000E+00,0.000000E+00,0.000000E+00,0.000000E+00,0.000000E+00,0.000000E+00,0.000000E+00,0.000000E+00,1.999583E+01,4.469763E+01,2.345783E+01,6.844660E+01
11:10:00,4.101440E+03,0.000000E+00,1.340561E-01,0.000000E+00,0.000000E+00,0.000000E+00,0.000000E+00,0.000000E+00,0.000000E+00,0.000000E+00,0.000000E+00,0.000000E+00,1.999657E+01,3.963753E+01,2.662770E+01,5.678552E+01,4.837346E+03,0.000000E+00,1.581090E-01,0.000000E+00,0.000000E+00,0.000000E+00,0.000000E+00,0.000000E+00,0.000000E+00,0.000000E+00,0.000000E+00,0.000000E+00,1.999651E+01,4.099201E+01,2.982917E+01,4.552958E+01,5.064868E+03,0.000000E+00,1.655453E-01,0.000000E+00,0.000000E+00,0.000000E+00,0.000000E+00,0.000000E+00,0.000000E+00,0.000000E+00,0.000000E+00,0.000000E+00,1.999647E+01,4.136742E+01,2.953654E+01,4.794685E+01,9.151896E+03,0.000000E+00,2.991243E-01,0.000000E+00,0.000000E+00,0.000000E+00,0.000000E+00,0.000000E+00,0.000000E+00,0.000000E+00,0.000000E+00,0.000000E+00,1.999592E+01,4.580665E+01,2.871142E+01,4.855033E+01,7.823702E+03,0.000000E+00,2.557125E-01,0.000000E+00,0.000000E+00,0.000000E+00,0.000000E+00,0.000000E+00,0.000000E+00,0.000000E+00,0.000000E+00,0.000000E+00,1.999585E+01,4.471566E+01,2.350396E+01,6.838708E+01
11:15:00,4.089222E+03,0.000000E+00,1.336568E-01,0.000000E+00,0.000000E+00,0.000000E+00,0.000000E+00,0.000000E+00,0.000000E+00,0.000000E+00,0.000000E+00,0.000000E+00,1.999659E+01,3.965334E+01,2.666676E+01,5.674874E+01,4.823464E+03,0.000000E+00,1.576553E-01,0.000000E+00,0.000000E+00,0.000000E+00,0.000000E+00,0.000000E+00,0.000000E+00,0.000000E+00,0.000000E+00,0.000000E+00,1.999653E+01,4.100443E+01,2.985881E+01,4.566793E+01,5.049401E+03,0.000000E+00,1.650399E-01,0.000000E+00,0.000000E+00,0.000000E+00,0.000000E+00,0.000000E+00,0.000000E+00,0.000000E+00,0.000000E+00,0.000000E+00,1.999649E+01,4.137728E+01,2.957172E+01,4.792904E+01,9.124339E+03,0.000000E+00,2.982238E-01,0.000000E+00,0.000000E+00,0.000000E+00,0.000000E+00,0.000000E+00,0.000000E+00,0.000000E+00,0.000000E+00,0.000000E+00,1.999594E+01,4.580315E+01,2.875218E+01,4.866581E+01,7.802321E+03,0.000000E+00,2.550138E-01,0.000000E+00,0.000000E+00,0.000000E+00,0.000000E+00,0.000000E+00,0.000000E+00,0.000000E+00,0.000000E+00,0.000000E+00,1.999587E+01,4.471700E+01,2.356015E+01,6.826824E+01
11:20:00,4.076793E+03,0.000000E+00,1.332507E-01,0.000000E+00,0.000000E+00,0.000000E+00,0.000000E+00,0.000000E+00,0.000000E+00,0.000000E+00,0.000000E+00,0.000000E+00,1.999660E+01,3.965044E+01,2.671136E+01,5.667622E+01,4.809280E+03,0.000000E+00,1.571918E-01,0.000000E+00,0.000000E+00,0.000000E+00,0.000000E+00,0.000000E+00,0.000000E+00,0.000000E+00,0.000000E+00,0.000000E+00,1.999654E+01,4.099832E+01,2.989119E+01,4.578912E+01,5.033579E+03,0.000000E+00,1.645228E-01,0.000000E+00,0.000000E+00,0.000000E+00,0.000000E+00,0.000000E+00,0.000000E+00,0.000000E+00,0.000000E+00,0.000000E+00,1.999650E+01,4.136864E+01,2.961221E+01,4.788183E+01,9.096485E+03,0.000000E+00,2.973136E-01,0.000000E+00,0.000000E+00,0.000000E+00,0.000000E+00,0.000000E+00,0.000000E+00,0.000000E+00,0.000000E+00,0.000000E+00,1.999595E+01,4.578325E+01,2.879802E+01,4.875621E+01,7.781013E+03,0.000000E+00,2.543176E-01,0.000000E+00,0.000000E+00,0.000000E+00,0.000000E+00,0.000000E+00,0.000000E+00,0.000000E+00,0.000000E+00,0.000000E+00,1.999588E+01,4.470174E+01,2.362447E+01,6.809576E+01
11:25:00,4.064154E+03,0.000000E+00,1.328377E-01,0.000000E+00,0.000000E+00,0.000000E+00,0.000000E+00,0.000000E+00,0.000000E+00,0.000000E+00,0.000000E+00,0.000000E+00,1.999661E+01,3.963065E+01,2.675997E+01,5.657319E+01,4.794799E+03,0.000000E+00,1.567186E-01,0.000000E+00,0.000000E+00,0.000000E+00,0.000000E+00,0.000000E+00,0.000000E+00,0.000000E+00,0.000000E+00,0.000000E+00,1.999655E+01,4.097567E+01,2.992531E+01,4.589604E+01,5.017401E+03,0.000000E+00,1.639941E-01,0.000000E+00,0.000000E+00,0.000000E+00,0.000000E+00,0.000000E+00,0.000000E+00,0.000000E+00,0.000000E+00,0.000000E+00,1.999651E+01,4.134356E+01,2.965571E+01,4.781168E+01,9.068336E+03,0.000000E+00,2.963938E-01,0.000000E+00,0.000000E+00,0.000000E+00,0.000000E+00,0.000000E+00,0.000000E+00,0.000000E+00,0.000000E+00,0.000000E+00,1.999596E+01,4.574966E+01,2.884661E+01,4.882844E+01,7.759782E+03,0.000000E+00,2.536238E-01,0.000000E+00,0.000000E+00,0.000000E+00,0.000000E+00,0.000000E+00,0.000000E+00,0.000000E+00,0.000000E+00,0.000000E+00,1.999588E+01,4.467236E+01,2.369329E+01,6.788484E+01
11:30:00,4.051308E+03,0.000000E+00,1.324178E-01,0.000000E+00,0.000000E+00,0.000000E+00,0.000000E+00,0.000000E+00,0.000000E+00,0.000000E+00,0.000000E+00,0.000000E+00,1.999662E+01,3.959593E+01,2.681178E+01,5.644302E+01,4.780022E+03,0.000000E+00,1.562357E-01,0.000000E+00,0.000000E+00,0.000000E+00,0.000000E+00,0.000000E+00,0.000000E+00,0.000000E+00,0.000000E+00,0.000000E+00,1.999656E+01,4.093858E+01,2.996053E+01,4.599091E+01,5.000868E+03,0.000000E+00,1.634538E-01,0.000000E+00,0.000000E+00,0.000000E+00,0.000000E+00,0.000000E+00,0.000000E+00,0.000000E+00,0.000000E+00,0.000000E+00,1.999652E+01,4.130416E+01,2.970067E+01,4.772334E+01,9.039894E+03,0.000000E+00,2.954643E-01,0.000000E+00,0.000000E+00,0.000000E+00,0.000000E+00,0.000000E+00,0.000000E+00,0.000000E+00,0.000000E+00,0.000000E+00,1.999595E+01,4.570491E+01,2.889642E+01,4.888742E+01,7.738630E+03,0.000000E+00,2.529326E-01,0.000000E+00,0.000000E+00,0.000000E+00,0.000000E+00,0.000000E+00,0.000000E+00,0.000000E+00,0.000000E+00,0.000000E+00,1.999588E+01,4.463123E+01,2.376377E+01,6.764810E+01
11:35:00,4.038532E+03,0.000000E+00,1.320003E-01,0.000000E+00,0.000000E+00,0.000000E+00,0.000000E+00,0.000000E+00,0.000000E+00,0.000000E+00,0.000000E+00,0.000000E+00,1.999662E+01,3.954796E+01,2.686589E+01,5.628930E+01,4.765321E+03,0.000000E+00,1.557553E-01,0.000000E+00,0.000000E+00,0.000000E+00,0.000000E+00,0.000000E+00,0.000000E+00,0.000000E+00,0.000000E+00,0.000000E+00,1.999656E+01,4.088882E+01,2.999643E+01,4.607530E+01,4.984465E+03,0.000000E+00,1.629178E-01,0.000000E+00,0.000000E+00,0.000000E+00,0.000000E+00,0.000000E+00,0.000000E+00,0.000000E+00,0.000000E+00,0.000000E+00,1.999652E+01,4.125223E+01,2.974640E+01,4.761920E+01,9.011901E+03,0.000000E+00,2.945495E-01,0.000000E+00,0.000000E+00,0.000000E+00,0.000000E+00,0.000000E+00,0.000000E+00,0.000000E+00,0.000000E+00,0.000000E+00,1.999595E+01,4.565100E+01,2.894675E+01,4.893561E+01,7.717844E+03,0.000000E+00,2.522533E-01,0.000000E+00,0.000000E+00,0.000000E+00,0.000000E+00,0.000000E+00,0.000000E+00,0.000000E+00,0.000000E+00,0.000000E+00,1.999588E+01,4.458025E+01,2.383537E+01,6.738845E+01
11:40:00,4.025907E+03,0.000000E+00,1.315877E-01,0.000000E+00,0.000000E+00,0.000000E+00,0.000000E+00,0.000000E+00,0.000000E+00,0.000000E+00,0.000000E+00,0.000000E+00,1.999662E+01,3.948846E+01,2.692105E+01,5.611663E+01,4.750793E+03,0.000000E+00,1.552805E-01,0.000000E+00,0.000000E+00,0.000000E+00,0.000000E+00,0.000000E+00,0.000000E+00,0.000000E+00,0.000000E+00,0.000000E+00,1.999656E+01,4.082822E+01,3.003157E+01,4.615348E+01,4.968319E+03,0.000000E+00,1.623901E-01,0.000000E+00,0.000000E+00,0.000000E+00,0.000000E+00,0.000000E+00,0.000000E+00,0.000000E+00,0.000000E+00,0.000000E+00,1.999651E+01,4.118971E+01,2.979185E+01,4.750244E+01,8.984532E+03,0.000000E+00,2.936551E-01,0.000000E+00,0.000000E+00,0.000000E+00,0.000000E+00,0.000000E+00,0.000000E+00,0.000000E+00,0.000000E+00,0.000000E+00,1.999593E+01,4.558993E+01,2.899625E+01,4.897735E+01,7.697497E+03,0.000000E+00,2.515884E-01,0.000000E+00,0.000000E+00,0.000000E+00,0.000000E+00,0.000000E+00,0.000000E+00,0.000000E+00,0.000000E+00,0.000000E+00,1.999587E+01,4.452114E+01,2.390809E+01,6.710642E+01
11:45:00,4.013431E+03,0.000000E+00,1.311800E-01,0.000000E+00,0.000000E+00,0.000000E+00,0.000000E+00,0.000000E+00,0.000000E+00,0.000000E+00,0.000000E+00,0.000000E+00,1.999662E+01,3.941892E+01,2.697670E+01,5.592709E+01,4.736435E+03,0.000000E+00,1.548112E-01,0.000000E+00,0.000000E+00,0.000000E+00,0.000000E+00,0.000000E+00,0.000000E+00,0.000000E+00,0.000000E+00,0.000000E+00,1.999655E+01,4.075832E+01,3.006592E+01,4.622581E+01,4.952422E+03,0.000000E+00,1.618706E-01,0.000000E+00,0.000000E+00,0.000000E+00,0.000000E+00,0.000000E+00,0.000000E+00,0.000000E+00,0.000000E+00,0.000000E+00,1.999651E+01,4.111822E+01,2.983666E+01,4.737423E+01,8.957766E+03,0.000000E+00,2.927804E-01,0.000000E+00,0.000000E+00,0.000000E+00,0.000000E+00,0.000000E+00,0.000000E+00,0.000000E+00,0.000000E+00,0.000000E+00,1.999592E+01,4.552326E+01,2.904505E+01,4.901260E+01,7.677585E+03,0.000000E+00,2.509377E-01,0.000000E+00,0.000000E+00,0.000000E+00,0.000000E+00,0.000000E+00,0.000000E+00,0.000000E+00,0.000000E+00,0.000000E+00,1.999585E+01,4.445529E+01,2.398195E+01,6.680243E+01
11:50:00,4.001104E+03,0.000000E+00,1.307771E-01,0.000000E+00,0.000000E+00,0.000000E+00,0.000000E+00,0.000000E+00,0.000000E+00,0.000000E+00,0.000000E+00,0.000000E+00,1.999661E+01,3.934050E+01,2.703290E+01,5.572074E+01,4.722247E+03,0.000000E+00,1.543476E-01,0.000000E+00,0.000000E+00,0.000000E+00,0.000000E+00,0.000000E+00,0.000000E+00,0.000000E+00,0.000000E+00,0.000000E+00,1.999654E+01,4.068029E+01,3.010011E+01,4.629101E+01,4.936773E+03,0.000000E+00,1.613592E-01,0.000000E+00,0.000000E+00,0.000000E+00,0.000000E+00,0.000000E+00,0.000000E+00,0.000000E+00,0.000000E+00,0.000000E+00,1.999650E+01,4.103895E+01,2.988165E+01,4.723251E+01,8.931594E+03,0.000000E+00,2.919250E-01,0.000000E+00,0.000000E+00,0.000000E+00,0.000000E+00,0.000000E+00,0.000000E+00,0.000000E+00,0.000000E+00,0.000000E+00,1.999590E+01,4.545202E+01,2.909378E+01,4.903996E+01,7.658106E+03,0.000000E+00,2.503011E-01,0.000000E+00,0.000000E+00,0.000000E+00,0.000000E+00,0.000000E+00,0.000000E+00,0.000000E+00,0.000000E+00,0.000000E+00,1.999584E+01,4.438377E+01,2.405733E+01,6.647525E+01
11:55:00,3.988921E+03,0.000000E+00,1.303790E-01,0.000000E+00,0.000000E+00,0.000000E+00,0.000000E+00,0.000000E+00,0.000000E+00,0.000000E+00,0.000000E+00,0.000000E+00,1.999661E+01,3.925411E+01,2.708947E+01,5.549843E+01,4.708222E+03,0.000000E+00,1.538892E-01,0.000000E+00,0.000000E+00,0.000000E+00,0.000000E+00,0.000000E+00,0.000000E+00,0.000000E+00,0.000000E+00,0.000000E+00,1.999653E+01,4.059506E+01,3.013450E+01,4.634835E+01,4.921365E+03,0.000000E+00,1.608556E-01,0.000000E+00,0.000000E+00,0.000000E+00,0.000000E+00,0.000000E+00,0.000000E+00,0.000000E+00,0.000000E+00,0.000000E+00,1.999649E+01,4.095282E+01,2.992678E+01,4.707754E+01,8.906023E+03,0.000000E+00,2.910893E-01,0.000000E+00,0.000000E+00,0.000000E+00,0.000000E+00,0.000000E+00,0.000000E+00,0.000000E+00,0.000000E+00,0.000000E+00,1.999588E+01,4.537693E+01,2.914273E+01,4.905895E+01,7.639053E+03,0.000000E+00,2.496784E-01,0.000000E+00,0.000000E+00,0.000000E+00,0.000000E+00,0.000000E+00,0.000000E+00,0.000000E+00,0.000000E+00,0.000000E+00,1.999582E+01,4.430739E+01,2.413490E+01,6.612268E+01
12:00:00,3.976878E+03,0.000000E+00,1.299854E-01,0.000000E+00,0.000000E+00,0.000000E+00,0.000000E+00,0.000000E+00,0.000000E+00,0.000000E+00,0.000000E+00,0.000000E+00,1.999660E+01,3.916055E+01,2.714474E+01,5.526571E+01,4.694355E+03,0.000000E+00,1.534360E-01,0.000000E+00,0.000000E+00,0.000000E+00,0.000000E+00,0.000000E+00,0.000000E+00,0.000000E+00,0.000000E+00,0.000000E+00,1.999652E+01,4.050338E+01,3.016910E+01,4.639812E+01,4.906191E+03,0.000000E+00,1.603597E-01,0.000000E+00,0.000000E+00,0.000000E+00,0.000000E+00,0.000000E+00,0.000000E+00,0.000000E+00,0.000000E+00,0.000000E+00,1.999648E+01,4.086054E+01,2.997210E+01,4.690934E+01,8.881055E+03,0.000000E+00,2.902732E-01,0.000000E+00,0.000000E+00,0.000000E+00,0.000000E+00,0.000000E+00,0.000000E+00,0.000000E+00,0.000000E+00,0.000000E+00,1.999586E+01,4.529850E+01,2.919251E+01,4.906812E+01,7.620421E+03,0.000000E+00,2.490694E-01,0.000000E+00,0.000000E+00,0.000000E+00,0.000000E+00,0.000000E+00,0.000000E+00,0.000000E+00,0.000000E+00,0.000000E+00,1.999580E+01,4.422680E+01,2.421435E+01,6.574639E+01
12:05:00,3.966012E+03,0.000000E+00,1.296302E-01,0.000000E+00,0.000000E+00,0.000000E+00,0.000000E+00,0.000000E+00,0.000000E+00,0.000000E+00,0.000000E+00,0.000000E+00,1.999659E+01,3.906051E+01,2.719828E+01,5.502415E+01,4.681763E+03,0.000000E+00,1.530244E-01,0.000000E+00,0.000000E+00,0.000000E+00,0.000000E+00,0.000000E+00,0.000000E+00,0.000000E+00,0.000000E+00,0.000000E+00,1.999651E+01,4.040592E+01,3.020381E+01,4.644082E+01,4.892389E+03,0.000000E+00,1.599085E-01,0.000000E+00,0.000000E+00,0.000000E+00,0.000000E+00,0.000000E+00,0.000000E+00,0.000000E+00,0.000000E+00,0.000000E+00,1.999646E+01,4.076277E+01,3.001778E+01,4.672756E+01,8.858611E+03,0.000000E+00,2.895396E-01,0.000000E+00,0.000000E+00,0.000000E+00,0.000000E+00,0.000000E+00,0.000000E+00,0.000000E+00,0.000000E+00,0.000000E+00,1.999583E+01,4.521718E+01,2.924340E+01,4.906698E+01,7.604111E+03,0.000000E+00,2.485362E-01,0.000000E+00,0.000000E+00,0.000000E+00,0.000000E+00,0.000000E+00,0.000000E+00,0.000000E+00,0.000000E+00,0.000000E+00,1.999578E+01,4.414254E+01,2.429524E+01,6.534841E+01
12:10:00,3.956423E+03,0.000000E+00,1.293168E-01,0.000000E+00,0.000000E+00,0.000000E+00,0.000000E+00,0.000000E+00,0.000000E+00,0.000000E+00,0.000000E+00,0.000000E+00,1.999656E+01,3.896287E+01,2.724572E+01,5.479572E+01,4.670566E+03,0.000000E+00,1.526584E-01,0.000000E+00,0.000000E+00,0.000000E+00,0.000000E+00,0.000000E+00,0.000000E+00,0.000000E+00,0.000000E+00,0.000000E+00,1.999649E+01,4.031142E+01,3.023653E+01,4.648086E+01,4.880091E+03,0.000000E+00,1.595066E-01,0.000000E+00,0.000000E+00,0.000000E+00,0.000000E+00,0.000000E+00,0.000000E+00,0.000000E+00,0.000000E+00,0.000000E+00,1.999644E+01,4.066819E+01,3.005878E+01,4.655259E+01,8.838984E+03,0.000000E+00,2.888979E-01,0.000000E+00,0.000000E+00,0.000000E+00,0.000000E+00,0.000000E+00,0.000000E+00,0.000000E+00,0.000000E+00,0.000000E+00,1.999580E+01,4.514162E+01,2.928935E+01,4.907144E+01,7.590366E+03,0.000000E+00,2.480869E-01,0.000000E+00,0.000000E+00,0.000000E+00,0.000000E+00,0.000000E+00,0.000000E+00,0.000000E+00,0.000000E+00,0.000000E+00,1.999574E+01,4.406380E+01,2.436990E+01,6.496838E+01
12:15:00,3.948099E+03,0.000000E+00,1.290447E-01,0.000000E+00,0.000000E+00,0.000000E+00,0.000000E+00,0.000000E+00,0.000000E+00,0.000000E+00,0.000000E+00,0.000000E+00,1.999654E+01,3.887275E+01,2.728622E+01,5.458800E+01,4.660739E+03,0.000000E+00,1.523372E-01,0.000000E+00,0.000000E+00,0.000000E+00,0.000000E+00,0.000000E+00,0.000000E+00,0.000000E+00,0.000000E+00,0.000000E+00,1.999646E+01,4.022487E+01,3.026663E+01,4.651933E+01,4.869272E+03,0.000000E+00,1.591529E-01,0.000000E+00,0.000000E+00,0.000000E+00,0.000000E+00,0.000000E+00,0.000000E+00,0.000000E+00,0.000000E+00,0.000000E+00,1.999642E+01,4.058172E+01,3.009371E+01,4.639238E+01,8.822152E+03,0.000000E+00,2.883477E-01,0.000000E+00,0.000000E+00,0.000000E+00,0.000000E+00,0.000000E+00,0.000000E+00,0.000000E+00,0.000000E+00,0.000000E+00,1.999576E+01,4.507640E+01,2.932790E+01,4.908782E+01,7.579268E+03,0.000000E+00,2.477241E-01,0.000000E+00,0.000000E+00,0.000000E+00,0.000000E+00,0.000000E+00,0.000000E+00,0.000000E+00,0.000000E+00,0.000000E+00,1.999570E+01,4.399555E+01,2.443556E+01,6.462249E+01
12:20:00,3.941043E+03,0.000000E+00,1.288141E-01,0.000000E+00,0.000000E+00,0.000000E+00,0.000000E+00,0.000000E+00,0.000000E+00,0.000000E+00,0.000000E+00,0.000000E+00,1.999652E+01,3.879122E+01,2.732100E+01,5.439854E+01,4.652288E+03,0.000000E+00,1.520609E-01,0.000000E+00,0.000000E+00,0.000000E+00,0.000000E+00,0.000000E+00,0.000000E+00,0.000000E+00,0.000000E+00,0.000000E+00,1.999644E+01,4.014714E+01,3.029485E+01,4.655440E+01,4.859945E+03,0.000000E+00,1.588480E-01,0.000000E+00,0.000000E+00,0.000000E+00,0.000000E+00,0.000000E+00,0.000000E+00,0.000000E+00,0.000000E+00,0.000000E+00,1.999639E+01,4.050422E+01,3.012442E+01,4.624331E+01,8.808133E+03,0.000000E+00,2.878893E-01,0.000000E+00,0.000000E+00,0.000000E+00,0.000000E+00,0.000000E+00,0.000000E+00,0.000000E+00,0.000000E+00,0.000000E+00,1.999573E+01,4.502168E+01,2.936097E+01,4.911081E+01,7.570807E+03,0.000000E+00,2.474474E-01,0.000000E+00,0.000000E+00,0.000000E+00,0.000000E+00,0.000000E+00,0.000000E+00,0.000000E+00,0.000000E+00,0.000000E+00,1.999567E+01,4.393833E+01,2.449406E+01,6.430513E+01
12:25:00,3.935257E+03,0.000000E+00,1.286249E-01,0.000000E+00,0.000000E+00,0.000000E+00,0.000000E+00,0.000000E+00,0.000000E+00,0.000000E+00,0.000000E+00,0.000000E+00,1.999650E+01,3.871749E+01,2.734973E+01,5.422836E+01,4.645221E+03,0.000000E+00,1.518299E-01,0.000000E+00,0.000000E+00,0.000000E+00,0.000000E+00,0.000000E+00,0.000000E+00,0.000000E+00,0.000000E+00,0.000000E+00,1.999642E+01,4.007734E+01,3.032251E+01,4.658289E+01,4.852124E+03,0.000000E+00,1.585923E-01,0.000000E+00,0.000000E+00,0.000000E+00,0.000000E+00,0.000000E+00,0.000000E+00,0.000000E+00,0.000000E+00,0.000000E+00,1.999637E+01,4.043473E+01,3.015409E+01,4.609699E+01,8.796936E+03,0.000000E+00,2.875231E-01,0.000000E+00,0.000000E+00,0.000000E+00,0.000000E+00,0.000000E+00,0.000000E+00,0.000000E+00,0.000000E+00,0.000000E+00,1.999571E+01,4.497577E+01,2.939243E+01,4.912987E+01,7.564975E+03,0.000000E+00,2.472566E-01,0.000000E+00,0.000000E+00,0.000000E+00,0.000000E+00,0.000000E+00,0.000000E+00,0.000000E+00,0.000000E+00,0.000000E+00,1.999564E+01,4.389059E+01,2.454812E+01,6.400564E+01
12:30:00,3.930740E+03,0.000000E+00,1.284772E-01,0.000000E+00,0.000000E+00,0.000000E+00,0.000000E+00,0.000000E+00,0.000000E+00,0.000000E+00,0.000000E+00,0.000000E+00,1.999648E+01,3.865044E+01,2.737211E+01,5.407793E+01,4.639541E+03,0.000000E+00,1.516442E-01,0.000000E+00,0.000000E+00,0.000000E+00,0.000000E+00,0.000000E+00,0.000000E+00,0.000000E+00,0.000000E+00,0.000000E+00,1.999640E+01,4.001423E+01,3.035038E+01,4.660319E+01,4.845815E+03,0.000000E+00,1.583860E-01,0.000000E+00,0.000000E+00,0.000000E+00,0.000000E+00,0.000000E+00,0.000000E+00,0.000000E+00,0.000000E+00,0.000000E+00,1.999636E+01,4.037199E+01,3.018433E+01,4.594892E+01,8.788574E+03,0.000000E+00,2.872496E-01,0.000000E+00,0.000000E+00,0.000000E+00,0.000000E+00,0.000000E+00,0.000000E+00,0.000000E+00,0.000000E+00,0.000000E+00,1.999569E+01,4.493680E+01,2.942448E+01,4.913919E+01,7.561782E+03,0.000000E+00,2.471521E-01,0.000000E+00,0.000000E+00,0.000000E+00,0.000000E+00,0.000000E+00,0.000000E+00,0.000000E+00,0.000000E+00,0.000000E+00,1.999562E+01,4.385051E+01,2.459930E+01,6.371747E+01
12:35:00,3.927257E+03,0.000000E+00,1.283633E-01,0.000000E+00,0.000000E+00,0.000000E+00,0.000000E+00,0.000000E+00,0.000000E+00,0.000000E+00,0.000000E+00,0.000000E+00,1.999647E+01,3.858909E+01,2.738926E+01,5.394334E+01,4.634945E+03,0.000000E+00,1.514939E-01,0.000000E+00,0.000000E+00,0.000000E+00,0.000000E+00,0.000000E+00,0.000000E+00,0.000000E+00,0.000000E+00,0.000000E+00,1.999639E+01,3.995677E+01,3.037848E+01,4.661562E+01,4.840597E+03,0.000000E+00,1.582154E-01,0.000000E+00,0.000000E+00,0.000000E+00,0.000000E+00,0.000000E+00,0.000000E+00,0.000000E+00,0.000000E+00,0.000000E+00,1.999634E+01,4.031496E+01,3.021522E+01,4.579876E+01,8.782324E+03,0.000000E+00,2.870451E-01,0.000000E+00,0.000000E+00,0.000000E+00,0.000000E+00,0.000000E+00,0.000000E+00,0.000000E+00,0.000000E+00,0.000000E+00,1.999567E+01,4.490330E+01,2.945742E+01,4.913839E+01,7.560929E+03,0.000000E+00,2.471240E-01,0.000000E+00,0.000000E+00,0.000000E+00,0.000000E+00,0.000000E+00,0.000000E+00,0.000000E+00,0.000000E+00,0.000000E+00,1.999560E+01,4.381659E+01,2.464748E+01,6.344074E+01
12:40:00,3.924709E+03,0.000000E+00,1.282800E-01,0.000000E+00,0.000000E+00,0.000000E+00,0.000000E+00,0.000000E+00,0.000000E+00,0.000000E+00,0.000000E+00,0.000000E+00,1.999645E+01,3.853260E+01,2.740164E+01,5.382292E+01,4.631314E+03,0.000000E+00,1.513751E-01,0.000000E+00,0.000000E+00,0.000000E+00,0.000000E+00,0.000000E+00,0.000000E+00,0.000000E+00,0.000000E+00,0.000000E+00,1.999637E+01,3.990407E+01,3.040642E+01,4.662161E+01,4.836308E+03,0.000000E+00,1.580751E-01,0.000000E+00,0.000000E+00,0.000000E+00,0.000000E+00,0.000000E+00,0.000000E+00,0.000000E+00,0.000000E+00,0.000000E+00,1.999633E+01,4.026264E+01,3.024503E+01,4.565088E+01,8.777971E+03,0.000000E+00,2.869026E-01,0.000000E+00,0.000000E+00,0.000000E+00,0.000000E+00,0.000000E+00,0.000000E+00,0.000000E+00,0.000000E+00,0.000000E+00,1.999565E+01,4.487394E+01,2.949041E+01,4.913018E+01,7.562448E+03,0.000000E+00,2.471735E-01,0.000000E+00,0.000000E+00,0.000000E+00,0.000000E+00,0.000000E+00,0.000000E+00,0.000000E+00,0.000000E+00,0.000000E+00,1.999558E+01,4.378757E+01,2.469190E+01,6.317797E+01
12:45:00,3.923118E+03,0.000000E+00,1.282279E-01,0.000000E+00,0.000000E+00,0.000000E+00,0.000000E+00,0.000000E+00,0.000000E+00,0.000000E+00,0.000000E+00,0.000000E+00,1.999644E+01,3.848024E+01,2.741024E+01,5.371334E+01,4.628680E+03,0.000000E+00,1.512889E-01,0.000000E+00,0.000000E+00,0.000000E+00,0.000000E+00,0.000000E+00,0.000000E+00,0.000000E+00,0.000000E+00,0.000000E+00,1.999636E+01,3.985532E+01,3.043394E+01,4.662218E+01,4.832995E+03,0.000000E+00,1.579668E-01,0.000000E+00,0.000000E+00,0.000000E+00,0.000000E+00,0.000000E+00,0.000000E+00,0.000000E+00,0.000000E+00,0.000000E+00,1.999631E+01,4.021415E+01,3.027310E+01,4.550701E+01,8.775562E+03,0.000000E+00,2.868236E-01,0.000000E+00,0.000000E+00,0.000000E+00,0.000000E+00,0.000000E+00,0.000000E+00,0.000000E+00,0.000000E+00,0.000000E+00,1.999564E+01,4.484768E+01,2.952293E+01,4.911643E+01,7.566277E+03,0.000000E+00,2.472984E-01,0.000000E+00,0.000000E+00,0.000000E+00,0.000000E+00,0.000000E+00,0.000000E+00,0.000000E+00,0.000000E+00,0.000000E+00,1.999556E+01,4.376264E+01,2.473305E+01,6.292707E+01
12:50:00,3.922463E+03,0.000000E+00,1.282064E-01,0.000000E+00,0.000000E+00,0.000000E+00,0.000000E+00,0.000000E+00,0.000000E+00,0.000000E+00,0.000000E+00,0.000000E+00,1.999643E+01,3.843148E+01,2.741638E+01,5.361041E+01,4.627019E+03,0.000000E+00,1.512346E-01,0.000000E+00,0.000000E+00,0.000000E+00,0.000000E+00,0.000000E+00,0.000000E+00,0.000000E+00,0.000000E+00,0.000000E+00,1.999635E+01,3.980999E+01,3.046100E+01,4.661773E+01,4.830630E+03,0.000000E+00,1.578894E-01,0.000000E+00,0.000000E+00,0.000000E+00,0.000000E+00,0.000000E+00,0.000000E+00,0.000000E+00,0.000000E+00,0.000000E+00,1.999630E+01,4.016894E+01,3.029977E+01,4.536612E+01,8.775075E+03,0.000000E+00,2.868075E-01,0.000000E+00,0.000000E+00,0.000000E+00,0.000000E+00,0.000000E+00,0.000000E+00,0.000000E+00,0.000000E+00,0.000000E+00,1.999563E+01,4.482388E+01,2.955492E+01,4.909757E+01,7.572504E+03,0.000000E+00,2.475017E-01,0.000000E+00,0.000000E+00,0.000000E+00,0.000000E+00,0.000000E+00,0.000000E+00,0.000000E+00,0.000000E+00,0.000000E+00,1.999554E+01,4.374106E+01,2.477202E+01,6.268382E+01
12:55:00,3.922751E+03,0.000000E+00,1.282158E-01,0.000000E+00,0.000000E+00,0.000000E+00,0.000000E+00,0.000000E+00,0.000000E+00,0.000000E+00,0.000000E+00,0.000000E+00,1.999642E+01,3.838589E+01,2.742105E+01,5.351089E+01,4.626339E+03,0.000000E+00,1.512123E-01,0.000000E+00,0.000000E+00,0.000000E+00,0.000000E+00,0.000000E+00,0.000000E+00,0.000000E+00,0.000000E+00,0.000000E+00,1.999634E+01,3.976763E+01,3.048764E+01,4.660839E+01,4.829227E+03,0.000000E+00,1.578434E-01,0.000000E+00,0.000000E+00,0.000000E+00,0.000000E+00,0.000000E+00,0.000000E+00,0.000000E+00,0.000000E+00,0.000000E+00,1.999629E+01,4.012657E+01,3.032559E+01,4.522676E+01,8.776523E+03,0.000000E+00,2.868546E-01,0.000000E+00,0.000000E+00,0.000000E+00,0.000000E+00,0.000000E+00,0.000000E+00,0.000000E+00,0.000000E+00,0.000000E+00,1.999561E+01,4.480205E+01,2.958654E+01,4.907352E+01,7.581118E+03,0.000000E+00,2.477831E-01,0.000000E+00,0.000000E+00,0.000000E+00,0.000000E+00,0.000000E+00,0.000000E+00,0.000000E+00,0.000000E+00,0.000000E+00,1.999553E+01,4.372235E+01,2.480972E+01,6.244461E+01
13:00:00,3.923988E+03,0.000000E+00,1.282561E-01,0.000000E+00,0.000000E+00,0.000000E+00,0.000000E+00,0.000000E+00,0.000000E+00,0.000000E+00,0.000000E+00,0.000000E+00,1.999641E+01,3.834311E+01,2.742494E+01,5.341262E+01,4.626651E+03,0.000000E+00,1.512224E-01,0.000000E+00,0.000000E+00,0.000000E+00,0.000000E+00,0.000000E+00,0.000000E+00,0.000000E+00,0.000000E+00,0.000000E+00,1.999633E+01,3.972786E+01,3.051394E+01,4.659428E+01,4.828803E+03,0.000000E+00,1.578295E-01,0.000000E+00,0.000000E+00,0.000000E+00,0.000000E+00,0.000000E+00,0.000000E+00,0.000000E+00,0.000000E+00,0.000000E+00,1.999628E+01,4.008667E+01,3.035092E+01,4.508792E+01,8.779913E+03,0.000000E+00,2.869652E-01,0.000000E+00,0.000000E+00,0.000000E+00,0.000000E+00,0.000000E+00,0.000000E+00,0.000000E+00,0.000000E+00,0.000000E+00,1.999560E+01,4.478186E+01,2.961789E+01,4.904420E+01,7.592113E+03,0.000000E+00,2.481422E-01,0.000000E+00,0.000000E+00,0.000000E+00,0.000000E+00,0.000000E+00,0.000000E+00,0.000000E+00,0.000000E+00,0.000000E+00,1.999552E+01,4.370609E+01,2.484738E+01,6.220484E+01
13:05:00,3.924743E+03,0.000000E+00,1.282808E-01,0.000000E+00,0.000000E+00,0.000000E+00,0.000000E+00,0.000000E+00,0.000000E+00,0.000000E+00,0.000000E+00,0.000000E+00,1.999640E+01,3.830281E+01,2.742900E+01,5.331255E+01,4.626447E+03,0.000000E+00,1.512156E-01,0.000000E+00,0.000000E+00,0.000000E+00,0.000000E+00,0.000000E+00,0.000000E+00,0.000000E+00,0.000000E+00,0.000000E+00,1.999632E+01,3.969038E+01,3.054042E+01,4.657424E+01,4.827832E+03,0.000000E+00,1.577977E-01,0.000000E+00,0.000000E+00,0.000000E+00,0.000000E+00,0.000000E+00,0.000000E+00,0.000000E+00,0.000000E+00,0.000000E+00,1.999627E+01,4.004898E+01,3.037641E+01,4.494792E+01,8.782991E+03,0.000000E+00,2.870656E-01,0.000000E+00,0.000000E+00,0.000000E+00,0.000000E+00,0.000000E+00,0.000000E+00,0.000000E+00,0.000000E+00,0.000000E+00,1.999559E+01,4.476302E+01,2.964952E+01,4.900841E+01,7.603263E+03,0.000000E+00,2.485065E-01,0.000000E+00,0.000000E+00,0.000000E+00,0.000000E+00,0.000000E+00,0.000000E+00,0.000000E+00,0.000000E+00,0.000000E+00,1.999550E+01,4.369188E+01,2.488600E+01,6.196078E+01
13:10:00,3.924905E+03,0.000000E+00,1.282860E-01,0.000000E+00,0.000000E+00,0.000000E+00,0.000000E+00,0.000000E+00,0.000000E+00,0.000000E+00,0.000000E+00,0.000000E+00,1.999639E+01,3.826204E+01,2.743348E+01,5.320811E+01,4.625602E+03,0.000000E+00,1.511879E-01,0.000000E+00,0.000000E+00,0.000000E+00,0.000000E+00,0.000000E+00,0.000000E+00,0.000000E+00,0.000000E+00,0.000000E+00,1.999632E+01,3.965226E+01,3.056717E+01,4.654491E+01,4.826154E+03,0.000000E+00,1.577428E-01,0.000000E+00,0.000000E+00,0.000000E+00,0.000000E+00,0.000000E+00,0.000000E+00,0.000000E+00,0.000000E+00,0.000000E+00,1.999627E+01,4.001060E+01,3.040228E+01,4.480464E+01,8.785497E+03,0.000000E+00,2.871474E-01,0.000000E+00,0.000000E+00,0.000000E+00,0.000000E+00,0.000000E+00,0.000000E+00,0.000000E+00,0.000000E+00,0.000000E+00,1.999559E+01,4.474319E+01,2.968265E+01,4.895937E+01,7.614335E+03,0.000000E+00,2.488682E-01,0.000000E+00,0.000000E+00,0.000000E+00,0.000000E+00,0.000000E+00,0.000000E+00,0.000000E+00,0.000000E+00,0.000000E+00,1.999549E+01,4.367736E+01,2.492549E+01,6.171075E+01
13:15:00,3.924486E+03,0.000000E+00,1.282722E-01,0.000000E+00,0.000000E+00,0.000000E+00,0.000000E+00,0.000000E+00,0.000000E+00,0.000000E+00,0.000000E+00,0.000000E+00,1.999639E+01,3.821905E+01,2.743907E+01,5.309619E+01,4.624142E+03,0.000000E+00,1.511402E-01,0.000000E+00,0.000000E+00,0.000000E+00,0.000000E+00,0.000000E+00,0.000000E+00,0.000000E+00,0.000000E+00,0.000000E+00,1.999631E+01,3.961183E+01,3.059435E+01,4.650415E+01,4.823791E+03,0.000000E+00,1.576654E-01,0.000000E+00,0.000000E+00,0.000000E+00,0.000000E+00,0.000000E+00,0.000000E+00,0.000000E+00,0.000000E+00,0.000000E+00,1.999627E+01,3.996983E+01,3.042889E+01,4.465640E+01,8.787464E+03,0.000000E+00,2.872115E-01,0.000000E+00,0.000000E+00,0.000000E+00,0.000000E+00,0.000000E+00,0.000000E+00,0.000000E+00,0.000000E+00,0.000000E+00,1.999558E+01,4.472124E+01,2.971822E+01,4.889273E+01,7.625254E+03,0.000000E+00,2.492249E-01,0.000000E+00,0.000000E+00,0.000000E+00,0.000000E+00,0.000000E+00,0.000000E+00,0.000000E+00,0.000000E+00,0.000000E+00,1.999548E+01,4.366136E+01,2.496547E+01,6.145507E+01
13:20:00,3.923485E+03,0.000000E+00,1.282395E-01,0.000000E+00,0.000000E+00,0.000000E+00,0.000000E+00,0.000000E+00,0.000000E+00,0.000000E+00,0.000000E+00,0.000000E+00,1.999638E+01,3.817346E+01,2.744628E+01,5.297505E+01,4.622063E+03,0.000000E+00,1.510722E-01,0.000000E+00,0.000000E+00,0.000000E+00,0.000000E+00,0.000000E+00,0.000000E+00,0.000000E+00,0.000000E+00,0.000000E+00,1.999631E+01,3.956875E+01,3.062149E+01,4.645304E+01,4.820724E+03,0.000000E+00,1.575652E-01,0.000000E+00,0.000000E+00,0.000000E+00,0.000000E+00,0.000000E+00,0.000000E+00,0.000000E+00,0.000000E+00,0.000000E+00,1.999626E+01,3.992631E+01,3.045490E+01,4.450645E+01,8.788886E+03,0.000000E+00,2.872579E-01,0.000000E+00,0.000000E+00,0.000000E+00,0.000000E+00,0.000000E+00,0.000000E+00,0.000000E+00,0.000000E+00,0.000000E+00,1.999557E+01,4.469708E+01,2.975586E+01,4.880935E+01,7.636035E+03,0.000000E+00,2.495771E-01,0.000000E+00,0.000000E+00,0.000000E+00,0.000000E+00,0.000000E+00,0.000000E+00,0.000000E+00,0.000000E+00,0.000000E+00,1.999547E+01,4.364368E+01,2.500554E+01,6.119502E+01
13:25:00,3.921900E+03,0.000000E+00,1.281876E-01,0.000000E+00,0.000000E+00,0.000000E+00,0.000000E+00,0.000000E+00,0.000000E+00,0.000000E+00,0.000000E+00,0.000000E+00,1.999638E+01,3.812547E+01,2.745536E+01,5.284409E+01,4.619359E+03,0.000000E+00,1.509837E-01,0.000000E+00,0.000000E+00,0.000000E+00,0.000000E+00,0.000000E+00,0.000000E+00,0.000000E+00,0.000000E+00,0.000000E+00,1.999630E+01,3.952325E+01,3.064785E+01,4.639401E+01,4.816939E+03,0.000000E+00,1.574414E-01,0.000000E+00,0.000000E+00,0.000000E+00,0.000000E+00,0.000000E+00,0.000000E+00,0.000000E+00,0.000000E+00,0.000000E+00,1.999626E+01,3.988028E+01,3.048063E+01,4.435408E+01,8.789761E+03,0.000000E+00,2.872863E-01,0.000000E+00,0.000000E+00,0.000000E+00,0.000000E+00,0.000000E+00,0.000000E+00,0.000000E+00,0.000000E+00,0.000000E+00,1.999556E+01,4.467111E+01,2.979471E+01,4.871221E+01,7.646691E+03,0.000000E+00,2.499253E-01,0.000000E+00,0.000000E+00,0.000000E+00,0.000000E+00,0.000000E+00,0.000000E+00,0.000000E+00,0.000000E+00,0.000000E+00,1.999546E+01,4.362459E+01,2.504548E+01,6.093162E+01
13:30:00,3.919731E+03,0.000000E+00,1.281167E-01,0.000000E+00,0.000000E+00,0.000000E+00,0.000000E+00,0.000000E+00,0.000000E+00,0.000000E+00,0.000000E+00,0.000000E+00,1.999637E+01,3.807543E+01,2.746609E+01,5.270433E+01,4.616005E+03,0.000000E+00,1.508740E-01,0.000000E+00,0.000000E+00,0.000000E+00,0.000000E+00,0.000000E+00,0.000000E+00,0.000000E+00,0.000000E+00,0.000000E+00,1.999630E+01,3.947571E+01,3.067276E+01,4.632944E+01,4.812447E+03,0.000000E+00,1.572945E-01,0.000000E+00,0.000000E+00,0.000000E+00,0.000000E+00,0.000000E+00,0.000000E+00,0.000000E+00,0.000000E+00,0.000000E+00,1.999625E+01,3.983210E+01,3.050658E+01,4.419832E+01,8.790084E+03,0.000000E+00,2.872968E-01,0.000000E+00,0.000000E+00,0.000000E+00,0.000000E+00,0.000000E+00,0.000000E+00,0.000000E+00,0.000000E+00,0.000000E+00,1.999555E+01,4.464373E+01,2.983384E+01,4.860461E+01,7.657218E+03,0.000000E+00,2.502692E-01,0.000000E+00,0.000000E+00,0.000000E+00,0.000000E+00,0.000000E+00,0.000000E+00,0.000000E+00,0.000000E+00,0.000000E+00,1.999544E+01,4.360439E+01,2.508551E+01,6.066443E+01
13:35:00,3.917212E+03,0.000000E+00,1.280343E-01,0.000000E+00,0.000000E+00,0.000000E+00,0.000000E+00,0.000000E+00,0.000000E+00,0.000000E+00,0.000000E+00,0.000000E+00,1.999637E+01,3.802363E+01,2.747787E+01,5.255787E+01,4.612290E+03,0.000000E+00,1.507526E-01,0.000000E+00,0.000000E+00,0.000000E+00,0.000000E+00,0.000000E+00,0.000000E+00,0.000000E+00,0.000000E+00,0.000000E+00,1.999629E+01,3.942639E+01,3.069745E+01,4.625669E+01,4.807691E+03,0.000000E+00,1.571390E-01,0.000000E+00,0.000000E+00,0.000000E+00,0.000000E+00,0.000000E+00,0.000000E+00,0.000000E+00,0.000000E+00,0.000000E+00,1.999624E+01,3.978211E+01,3.053269E+01,4.403947E+01,8.790655E+03,0.000000E+00,2.873153E-01,0.000000E+00,0.000000E+00,0.000000E+00,0.000000E+00,0.000000E+00,0.000000E+00,0.000000E+00,0.000000E+00,0.000000E+00,1.999554E+01,4.461524E+01,2.987382E+01,4.848556E+01,7.667917E+03,0.000000E+00,2.506188E-01,0.000000E+00,0.000000E+00,0.000000E+00,0.000000E+00,0.000000E+00,0.000000E+00,0.000000E+00,0.000000E+00,0.000000E+00,1.999543E+01,4.358334E+01,2.512610E+01,6.039199E+01
13:40:00,3.914445E+03,0.000000E+00,1.279438E-01,0.000000E+00,0.000000E+00,0.000000E+00,0.000000E+00,0.000000E+00,0.000000E+00,0.000000E+00,0.000000E+00,0.000000E+00,1.999636E+01,3.797057E+01,2.749117E+01,5.240351E+01,4.608348E+03,0.000000E+00,1.506237E-01,0.000000E+00,0.000000E+00,0.000000E+00,0.000000E+00,0.000000E+00,0.000000E+00,0.000000E+00,0.000000E+00,0.000000E+00,1.999628E+01,3.937584E+01,3.072158E+01,4.617710E+01,4.802830E+03,0.000000E+00,1.569801E-01,0.000000E+00,0.000000E+00,0.000000E+00,0.000000E+00,0.000000E+00,0.000000E+00,0.000000E+00,0.000000E+00,0.000000E+00,1.999623E+01,3.973105E+01,3.056062E+01,4.387357E+01,8.791714E+03,0.000000E+00,2.873499E-01,0.000000E+00,0.000000E+00,0.000000E+00,0.000000E+00,0.000000E+00,0.000000E+00,0.000000E+00,0.000000E+00,0.000000E+00,1.999552E+01,4.458644E+01,2.991373E+01,4.835823E+01,7.678763E+03,0.000000E+00,2.509732E-01,0.000000E+00,0.000000E+00,0.000000E+00,0.000000E+00,0.000000E+00,0.000000E+00,0.000000E+00,0.000000E+00,0.000000E+00,1.999542E+01,4.356179E+01,2.516861E+01,6.010971E+01
13:45:00,3.911411E+03,0.000000E+00,1.278446E-01,0.000000E+00,0.000000E+00,0.000000E+00,0.000000E+00,0.000000E+00,0.000000E+00,0.000000E+00,0.000000E+00,0.000000E+00,1.999635E+01,3.791667E+01,2.750653E+01,5.223979E+01,4.604164E+03,0.000000E+00,1.504869E-01,0.000000E+00,0.000000E+00,0.000000E+00,0.000000E+00,0.000000E+00,0.000000E+00,0.000000E+00,0.000000E+00,0.000000E+00,1.999627E+01,3.932450E+01,3.074476E+01,4.609217E+01,4.797807E+03,0.000000E+00,1.568159E-01,0.000000E+00,0.000000E+00,0.000000E+00,0.000000E+00,0.000000E+00,0.000000E+00,0.000000E+00,0.000000E+00,0.000000E+00,1.999622E+01,3.967948E+01,3.059087E+01,4.369959E+01,8.793236E+03,0.000000E+00,2.873995E-01,0.000000E+00,0.000000E+00,0.000000E+00,0.000000E+00,0.000000E+00,0.000000E+00,0.000000E+00,0.000000E+00,0.000000E+00,1.999551E+01,4.455789E+01,2.995279E+01,4.822527E+01,7.689823E+03,0.000000E+00,2.513346E-01,0.000000E+00,0.000000E+00,0.000000E+00,0.000000E+00,0.000000E+00,0.000000E+00,0.000000E+00,0.000000E+00,0.000000E+00,1.999540E+01,4.354002E+01,2.521335E+01,5.981687E+01
13:50:00,3.908266E+03,0.000000E+00,1.277418E-01,0.000000E+00,0.000000E+00,0.000000E+00,0.000000E+00,0.000000E+00,0.000000E+00,0.000000E+00,0.000000E+00,0.000000E+00,1.999634E+01,3.786213E+01,2.752441E+01,5.206557E+01,4.599985E+03,0.000000E+00,1.503503E-01,0.000000E+00,0.000000E+00,0.000000E+00,0.000000E+00,0.000000E+00,0.000000E+00,0.000000E+00,0.000000E+00,0.000000E+00,1.999626E+01,3.927264E+01,3.076725E+01,4.600161E+01,4.792642E+03,0.000000E+00,1.566470E-01,0.000000E+00,0.000000E+00,0.000000E+00,0.000000E+00,0.000000E+00,0.000000E+00,0.000000E+00,0.000000E+00,0.000000E+00,1.999621E+01,3.962761E+01,3.062277E+01,4.351940E+01,8.794794E+03,0.000000E+00,2.874503E-01,0.000000E+00,0.000000E+00,0.000000E+00,0.000000E+00,0.000000E+00,0.000000E+00,0.000000E+00,0.000000E+00,0.000000E+00,1.999549E+01,4.452974E+01,2.999099E+01,4.808711E+01,7.701196E+03,0.000000E+00,2.517062E-01,0.000000E+00,0.000000E+00,0.000000E+00,0.000000E+00,0.000000E+00,0.000000E+00,0.000000E+00,0.000000E+00,0.000000E+00,1.999538E+01,4.351814E+01,2.525973E+01,5.951584E+01
13:55:00,3.904913E+03,0.000000E+00,1.276322E-01,0.000000E+00,0.000000E+00,0.000000E+00,0.000000E+00,0.000000E+00,0.000000E+00,0.000000E+00,0.000000E+00,0.000000E+00,1.999633E+01,3.780728E+01,2.754425E+01,5.188274E+01,4.595684E+03,0.000000E+00,1.502097E-01,0.000000E+00,0.000000E+00,0.000000E+00,0.000000E+00,0.000000E+00,0.000000E+00,0.000000E+00,0.000000E+00,0.000000E+00,1.999625E+01,3.922070E+01,3.078976E+01,4.590392E+01,4.787266E+03,0.000000E+00,1.564713E-01,0.000000E+00,0.000000E+00,0.000000E+00,0.000000E+00,0.000000E+00,0.000000E+00,0.000000E+00,0.000000E+00,0.000000E+00,1.999620E+01,3.957546E+01,3.065554E+01,4.333513E+01,8.796807E+03,0.000000E+00,2.875160E-01,0.000000E+00,0.000000E+00,0.000000E+00,0.000000E+00,0.000000E+00,0.000000E+00,0.000000E+00,0.000000E+00,0.000000E+00,1.999548E+01,4.450149E+01,3.002862E+01,4.794335E+01,7.712766E+03,0.000000E+00,2.520842E-01,0.000000E+00,0.000000E+00,0.000000E+00,0.000000E+00,0.000000E+00,0.000000E+00,0.000000E+00,0.000000E+00,0.000000E+00,1.999537E+01,4.349640E+01,2.530709E+01,5.920925E+01
14:00:00,3.901306E+03,0.000000E+00,1.275143E-01,0.000000E+00,0.000000E+00,0.000000E+00,0.000000E+00,0.000000E+00,0.000000E+00,0.000000E+00,0.000000E+00,0.000000E+00,1.999632E+01,3.775211E+01,2.756487E+01,5.169516E+01,4.591221E+03,0.000000E+00,1.500638E-01,0.000000E+00,0.000000E+00,0.000000E+00,0.000000E+00,0.000000E+00,0.000000E+00,0.000000E+00,0.000000E+00,0.000000E+00,1.999624E+01,3.916870E+01,3.081293E+01,4.579781E+01,4.781628E+03,0.000000E+00,1.562870E-01,0.000000E+00,0.000000E+00,0.000000E+00,0.000000E+00,0.000000E+00,0.000000E+00,0.000000E+00,0.000000E+00,0.000000E+00,1.999619E+01,3.952295E+01,3.068867E+01,4.314820E+01,8.799412E+03,0.000000E+00,2.876010E-01,0.000000E+00,0.000000E+00,0.000000E+00,0.000000E+00,0.000000E+00,0.000000E+00,0.000000E+00,0.000000E+00,0.000000E+00,1.999547E+01,4.447328E+01,3.006593E+01,4.779374E+01,7.724494E+03,0.000000E+00,2.524674E-01,0.000000E+00,0.000000E+00,0.000000E+00,0.000000E+00,0.000000E+00,0.000000E+00,0.000000E+00,0.000000E+00,0.000000E+00,1.999535E+01,4.347474E+01,2.535496E+01,5.889896E+01
14:05:00,3.897657E+03,0.000000E+00,1.273950E-01,0.000000E+00,0.000000E+00,0.000000E+00,0.000000E+00,0.000000E+00,0.000000E+00,0.000000E+00,0.000000E+00,0.000000E+00,1.999631E+01,3.769653E+01,2.758543E+01,5.150543E+01,4.586762E+03,0.000000E+00,1.499180E-01,0.000000E+00,0.000000E+00,0.000000E+00,0.000000E+00,0.000000E+00,0.000000E+00,0.000000E+00,0.000000E+00,0.000000E+00,1.999623E+01,3.911653E+01,3.083694E+01,4.568318E+01,4.775953E+03,0.000000E+00,1.561014E-01,0.000000E+00,0.000000E+00,0.000000E+00,0.000000E+00,0.000000E+00,0.000000E+00,0.000000E+00,0.000000E+00,0.000000E+00,1.999619E+01,3.946996E+01,3.072193E+01,4.295929E+01,8.801476E+03,0.000000E+00,2.876684E-01,0.000000E+00,0.000000E+00,0.000000E+00,0.000000E+00,0.000000E+00,0.000000E+00,0.000000E+00,0.000000E+00,0.000000E+00,1.999545E+01,4.444540E+01,3.010300E+01,4.763836E+01,7.734746E+03,0.000000E+00,2.528024E-01,0.000000E+00,0.000000E+00,0.000000E+00,0.000000E+00,0.000000E+00,0.000000E+00,0.000000E+00,0.000000E+00,0.000000E+00,1.999534E+01,4.345305E+01,2.540309E+01,5.858607E+01
14:10:00,3.893979E+03,0.000000E+00,1.272747E-01,0.000000E+00,0.000000E+00,0.000000E+00,0.000000E+00,0.000000E+00,0.000000E+00,0.000000E+00,0.000000E+00,0.000000E+00,1.999630E+01,3.764005E+01,2.760713E+01,5.131693E+01,4.582318E+03,0.000000E+00,1.497727E-01,0.000000E+00,0.000000E+00,0.000000E+00,0.000000E+00,0.000000E+00,0.000000E+00,0.000000E+00,0.000000E+00,0.000000E+00,1.999622E+01,3.906364E+01,3.086170E+01,4.556270E+01,4.770308E+03,0.000000E+00,1.559169E-01,0.000000E+00,0.000000E+00,0.000000E+00,0.000000E+00,0.000000E+00,0.000000E+00,0.000000E+00,0.000000E+00,0.000000E+00,1.999618E+01,3.941608E+01,3.075719E+01,4.276967E+01,8.802717E+03,0.000000E+00,2.877088E-01,0.000000E+00,0.000000E+00,0.000000E+00,0.000000E+00,0.000000E+00,0.000000E+00,0.000000E+00,0.000000E+00,0.000000E+00,1.999544E+01,4.441650E+01,3.013922E+01,4.748146E+01,7.743145E+03,0.000000E+00,2.530768E-01,0.000000E+00,0.000000E+00,0.000000E+00,0.000000E+00,0.000000E+00,0.000000E+00,0.000000E+00,0.000000E+00,0.000000E+00,1.999533E+01,4.342920E+01,2.545400E+01,5.826964E+01
14:15:00,3.890246E+03,0.000000E+00,1.271527E-01,0.000000E+00,0.000000E+00,0.000000E+00,0.000000E+00,0.000000E+00,0.000000E+00,0.000000E+00,0.000000E+00,0.000000E+00,1.999630E+01,3.758243E+01,2.763032E+01,5.113271E+01,4.577863E+03,0.000000E+00,1.496271E-01,0.000000E+00,0.000000E+00,0.000000E+00,0.000000E+00,0.000000E+00,0.000000E+00,0.000000E+00,0.000000E+00,0.000000E+00,1.999621E+01,3.900972E+01,3.088710E+01,4.543822E+01,4.764694E+03,0.000000E+00,1.557334E-01,0.000000E+00,0.000000E+00,0.000000E+00,0.000000E+00,0.000000E+00,0.000000E+00,0.000000E+00,0.000000E+00,0.000000E+00,1.999617E+01,3.936115E+01,3.079496E+01,4.258160E+01,8.803065E+03,0.000000E+00,2.877201E-01,0.000000E+00,0.000000E+00,0.000000E+00,0.000000E+00,0.000000E+00,0.000000E+00,0.000000E+00,0.000000E+00,0.000000E+00,1.999543E+01,4.438560E+01,3.017432E+01,4.732536E+01,7.749628E+03,0.000000E+00,2.532886E-01,0.000000E+00,0.000000E+00,0.000000E+00,0.000000E+00,0.000000E+00,0.000000E+00,0.000000E+00,0.000000E+00,0.000000E+00,1.999533E+01,4.340186E+01,2.550858E+01,5.795138E+01
14:20:00,3.886474E+03,0.000000E+00,1.270293E-01,0.000000E+00,0.000000E+00,0.000000E+00,0.000000E+00,0.000000E+00,0.000000E+00,0.000000E+00,0.000000E+00,0.000000E+00,1.999629E+01,3.752361E+01,2.765452E+01,5.095528E+01,4.573418E+03,0.000000E+00,1.494817E-01,0.000000E+00,0.000000E+00,0.000000E+00,0.000000E+00,0.000000E+00,0.000000E+00,0.000000E+00,0.000000E+00,0.000000E+00,1.999621E+01,3.895468E+01,3.091303E+01,4.531062E+01,4.759213E+03,0.000000E+00,1.555542E-01,0.000000E+00,0.000000E+00,0.000000E+00,0.000000E+00,0.000000E+00,0.000000E+00,0.000000E+00,0.000000E+00,0.000000E+00,1.999616E+01,3.930519E+01,3.083456E+01,4.239765E+01,8.802486E+03,0.000000E+00,2.877010E-01,0.000000E+00,0.000000E+00,0.000000E+00,0.000000E+00,0.000000E+00,0.000000E+00,0.000000E+00,0.000000E+00,0.000000E+00,1.999543E+01,4.435248E+01,3.020850E+01,4.717007E+01,7.754260E+03,0.000000E+00,2.534398E-01,0.000000E+00,0.000000E+00,0.000000E+00,0.000000E+00,0.000000E+00,0.000000E+00,0.000000E+00,0.000000E+00,0.000000E+00,1.999533E+01,4.337080E+01,2.556606E+01,5.763519E+01
14:25:00,3.882646E+03,0.000000E+00,1.269042E-01,0.000000E+00,0.000000E+00,0.000000E+00,0.000000E+00,0.000000E+00,0.000000E+00,0.000000E+00,0.000000E+00,0.000000E+00,1.999628E+01,3.746367E+01,2.767906E+01,5.078625E+01,4.568964E+03,0.000000E+00,1.493361E-01,0.000000E+00,0.000000E+00,0.000000E+00,0.000000E+00,0.000000E+00,0.000000E+00,0.000000E+00,0.000000E+00,0.000000E+00,1.999620E+01,3.889861E+01,3.093938E+01,4.518034E+01,4.753872E+03,0.000000E+00,1.553796E-01,0.000000E+00,0.000000E+00,0.000000E+00,0.000000E+00,0.000000E+00,0.000000E+00,0.000000E+00,0.000000E+00,0.000000E+00,1.999615E+01,3.924843E+01,3.087520E+01,4.221942E+01,8.800885E+03,0.000000E+00,2.876486E-01,0.000000E+00,0.000000E+00,0.000000E+00,0.000000E+00,0.000000E+00,0.000000E+00,0.000000E+00,0.000000E+00,0.000000E+00,1.999542E+01,4.431735E+01,3.024207E+01,4.701489E+01,7.756951E+03,0.000000E+00,2.535277E-01,0.000000E+00,0.000000E+00,0.000000E+00,0.000000E+00,0.000000E+00,0.000000E+00,0.000000E+00,0.000000E+00,0.000000E+00,1.999532E+01,4.333653E+01,2.562539E+01,5.732437E+01
14:30:00,3.878778E+03,0.000000E+00,1.267777E-01,0.000000E+00,0.000000E+00,0.000000E+00,0.000000E+00,0.000000E+00,0.000000E+00,0.000000E+00,0.000000E+00,0.000000E+00,1.999628E+01,3.740270E+01,2.770344E+01,5.062637E+01,4.564546E+03,0.000000E+00,1.491916E-01,0.000000E+00,0.000000E+00,0.000000E+00,0.000000E+00,0.000000E+00,0.000000E+00,0.000000E+00,0.000000E+00,0.000000E+00,1.999619E+01,3.884160E+01,3.096626E+01,4.504717E+01,4.748721E+03,0.000000E+00,1.552112E-01,0.000000E+00,0.000000E+00,0.000000E+00,0.000000E+00,0.000000E+00,0.000000E+00,0.000000E+00,0.000000E+00,0.000000E+00,1.999615E+01,3.919103E+01,3.091639E+01,4.204746E+01,8.798288E+03,0.000000E+00,2.875636E-01,0.000000E+00,0.000000E+00,0.000000E+00,0.000000E+00,0.000000E+00,0.000000E+00,0.000000E+00,0.000000E+00,0.000000E+00,1.999541E+01,4.428042E+01,3.027532E+01,4.685910E+01,7.757775E+03,0.000000E+00,2.535545E-01,0.000000E+00,0.000000E+00,0.000000E+00,0.000000E+00,0.000000E+00,0.000000E+00,0.000000E+00,0.000000E+00,0.000000E+00,1.999531E+01,4.329956E+01,2.568577E+01,5.702082E+01
14:35:00,3.874661E+03,0.000000E+00,1.266432E-01,0.000000E+00,0.000000E+00,0.000000E+00,0.000000E+00,0.000000E+00,0.000000E+00,0.000000E+00,0.000000E+00,0.000000E+00,1.999627E+01,3.734079E+01,2.772737E+01,5.047589E+01,4.559920E+03,0.000000E+00,1.490404E-01,0.000000E+00,0.000000E+00,0.000000E+00,0.000000E+00,0.000000E+00,0.000000E+00,0.000000E+00,0.000000E+00,0.000000E+00,1.999618E+01,3.878376E+01,3.099346E+01,4.491166E+01,4.743377E+03,0.000000E+00,1.550365E-01,0.000000E+00,0.000000E+00,0.000000E+00,0.000000E+00,0.000000E+00,0.000000E+00,0.000000E+00,0.000000E+00,0.000000E+00,1.999614E+01,3.913319E+01,3.095795E+01,4.188169E+01,8.793791E+03,0.000000E+00,2.874165E-01,0.000000E+00,0.000000E+00,0.000000E+00,0.000000E+00,0.000000E+00,0.000000E+00,0.000000E+00,0.000000E+00,0.000000E+00,1.999540E+01,4.424202E+01,3.030828E+01,4.670261E+01,7.756460E+03,0.000000E+00,2.535115E-01,0.000000E+00,0.000000E+00,0.000000E+00,0.000000E+00,0.000000E+00,0.000000E+00,0.000000E+00,0.000000E+00,0.000000E+00,1.999531E+01,4.326040E+01,2.574679E+01,5.672524E+01
14:40:00,3.870239E+03,0.000000E+00,1.264986E-01,0.000000E+00,0.000000E+00,0.000000E+00,0.000000E+00,0.000000E+00,0.000000E+00,0.000000E+00,0.000000E+00,0.000000E+00,1.999626E+01,3.727797E+01,2.774973E+01,5.033753E+01,4.555012E+03,0.000000E+00,1.488800E-01,0.000000E+00,0.000000E+00,0.000000E+00,0.000000E+00,0.000000E+00,0.000000E+00,0.000000E+00,0.000000E+00,0.000000E+00,1.999618E+01,3.872511E+01,3.102083E+01,4.477426E+01,4.737835E+03,0.000000E+00,1.548553E-01,0.000000E+00,0.000000E+00,0.000000E+00,0.000000E+00,0.000000E+00,0.000000E+00,0.000000E+00,0.000000E+00,0.000000E+00,1.999613E+01,3.907489E+01,3.099693E+01,4.172862E+01,8.787212E+03,0.000000E+00,2.872014E-01,0.000000E+00,0.000000E+00,0.000000E+00,0.000000E+00,0.000000E+00,0.000000E+00,0.000000E+00,0.000000E+00,0.000000E+00,1.999539E+01,4.420198E+01,3.034089E+01,4.654563E+01,7.752967E+03,0.000000E+00,2.533972E-01,0.000000E+00,0.000000E+00,0.000000E+00,0.000000E+00,0.000000E+00,0.000000E+00,0.000000E+00,0.000000E+00,0.000000E+00,1.999530E+01,4.321935E+01,2.580597E+01,5.644525E+01
14:45:00,3.865528E+03,0.000000E+00,1.263446E-01,0.000000E+00,0.000000E+00,0.000000E+00,0.000000E+00,0.000000E+00,0.000000E+00,0.000000E+00,0.000000E+00,0.000000E+00,1.999625E+01,3.721423E+01,2.777050E+01,5.021083E+01,4.549831E+03,0.000000E+00,1.487106E-01,0.000000E+00,0.000000E+00,0.000000E+00,0.000000E+00,0.000000E+00,0.000000E+00,0.000000E+00,0.000000E+00,0.000000E+00,1.999617E+01,3.866568E+01,3.104834E+01,4.463512E+01,4.732201E+03,0.000000E+00,1.546711E-01,0.000000E+00,0.000000E+00,0.000000E+00,0.000000E+00,0.000000E+00,0.000000E+00,0.000000E+00,0.000000E+00,0.000000E+00,1.999612E+01,3.901620E+01,3.103239E+01,4.159003E+01,8.778563E+03,0.000000E+00,2.869186E-01,0.000000E+00,0.000000E+00,0.000000E+00,0.000000E+00,0.000000E+00,0.000000E+00,0.000000E+00,0.000000E+00,0.000000E+00,1.999539E+01,4.416029E+01,3.037311E+01,4.638833E+01,7.747324E+03,0.000000E+00,2.532127E-01,0.000000E+00,0.000000E+00,0.000000E+00,0.000000E+00,0.000000E+00,0.000000E+00,0.000000E+00,0.000000E+00,0.000000E+00,1.999529E+01,4.317664E+01,2.586200E+01,5.618459E+01
14:50:00,3.860481E+03,0.000000E+00,1.261796E-01,0.000000E+00,0.000000E+00,0.000000E+00,0.000000E+00,0.000000E+00,0.000000E+00,0.000000E+00,0.000000E+00,0.000000E+00,1.999625E+01,3.714966E+01,2.779045E+01,5.009315E+01,4.544299E+03,0.000000E+00,1.485297E-01,0.000000E+00,0.000000E+00,0.000000E+00,0.000000E+00,0.000000E+00,0.000000E+00,0.000000E+00,0.000000E+00,0.000000E+00,1.999616E+01,3.860555E+01,3.107602E+01,4.449428E+01,4.726628E+03,0.000000E+00,1.544889E-01,0.000000E+00,0.000000E+00,0.000000E+00,0.000000E+00,0.000000E+00,0.000000E+00,0.000000E+00,0.000000E+00,0.000000E+00,1.999611E+01,3.895733E+01,3.106526E+01,4.146328E+01,8.767983E+03,0.000000E+00,2.865727E-01,0.000000E+00,0.000000E+00,0.000000E+00,0.000000E+00,0.000000E+00,0.000000E+00,0.000000E+00,0.000000E+00,0.000000E+00,1.999538E+01,4.411710E+01,3.040496E+01,4.623078E+01,7.739457E+03,0.000000E+00,2.529555E-01,0.000000E+00,0.000000E+00,0.000000E+00,0.000000E+00,0.000000E+00,0.000000E+00,0.000000E+00,0.000000E+00,0.000000E+00,1.999528E+01,4.313253E+01,2.591492E+01,5.594244E+01
14:55:00,3.855141E+03,0.000000E+00,1.260050E-01,0.000000E+00,0.000000E+00,0.000000E+00,0.000000E+00,0.000000E+00,0.000000E+00,0.000000E+00,0.000000E+00,0.000000E+00,1.999624E+01,3.708448E+01,2.781029E+01,4.998197E+01,4.538447E+03,0.000000E+00,1.483384E-01,0.000000E+00,0.000000E+00,0.000000E+00,0.000000E+00,0.000000E+00,0.000000E+00,0.000000E+00,0.000000E+00,0.000000E+00,1.999615E+01,3.854502E+01,3.110388E+01,4.435173E+01,4.721226E+03,0.000000E+00,1.543123E-01,0.000000E+00,0.000000E+00,0.000000E+00,0.000000E+00,0.000000E+00,0.000000E+00,0.000000E+00,0.000000E+00,0.000000E+00,1.999609E+01,3.889861E+01,3.109669E+01,4.134526E+01,8.755337E+03,0.000000E+00,2.861593E-01,0.000000E+00,0.000000E+00,0.000000E+00,0.000000E+00,0.000000E+00,0.000000E+00,0.000000E+00,0.000000E+00,0.000000E+00,1.999537E+01,4.407228E+01,3.043644E+01,4.607297E+01,7.729421E+03,0.000000E+00,2.526274E-01,0.000000E+00,0.000000E+00,0.000000E+00,0.000000E+00,0.000000E+00,0.000000E+00,0.000000E+00,0.000000E+00,0.000000E+00,1.999527E+01,4.308735E+01,2.596526E+01,5.571647E+01
15:00:00,3.849533E+03,0.000000E+00,1.258217E-01,0.000000E+00,0.000000E+00,0.000000E+00,0.000000E+00,0.000000E+00,0.000000E+00,0.000000E+00,0.000000E+00,0.000000E+00,1.999623E+01,3.701874E+01,2.782936E+01,4.987886E+01,4.532284E+03,0.000000E+00,1.481369E-01,0.000000E+00,0.000000E+00,0.000000E+00,0.000000E+00,0.000000E+00,0.000000E+00,0.000000E+00,0.000000E+00,0.000000E+00,1.999614E+01,3.848410E+01,3.113192E+01,4.420758E+01,4.716097E+03,0.000000E+00,1.541446E-01,0.000000E+00,0.000000E+00,0.000000E+00,0.000000E+00,0.000000E+00,0.000000E+00,0.000000E+00,0.000000E+00,0.000000E+00,1.999608E+01,3.884025E+01,3.112743E+01,4.123388E+01,8.740598E+03,0.000000E+00,2.856775E-01,0.000000E+00,0.000000E+00,0.000000E+00,0.000000E+00,0.000000E+00,0.000000E+00,0.000000E+00,0.000000E+00,0.000000E+00,1.999536E+01,4.402619E+01,3.046757E+01,4.591495E+01,7.717238E+03,0.000000E+00,2.522292E-01,0.000000E+00,0.000000E+00,0.000000E+00,0.000000E+00,0.000000E+00,0.000000E+00,0.000000E+00,0.000000E+00,0.000000E+00,1.999526E+01,4.304125E+01,2.601350E+01,5.550457E+01
15:05:00,3.844058E+03,0.000000E+00,1.256427E-01,0.000000E+00,0.000000E+00,0.000000E+00,0.000000E+00,0.000000E+00,0.000000E+00,0.000000E+00,0.000000E+00,0.000000E+00,1.999622E+01,3.695242E+01,2.784661E+01,4.978655E+01,4.526281E+03,0.000000E+00,1.479407E-01,0.000000E+00,0.000000E+00,0.000000E+00,0.000000E+00,0.000000E+00,0.000000E+00,0.000000E+00,0.000000E+00,0.000000E+00,1.999613E+01,3.842273E+01,3.115989E+01,4.406250E+01,4.711687E+03,0.000000E+00,1.540004E-01,0.000000E+00,0.000000E+00,0.000000E+00,0.000000E+00,0.000000E+00,0.000000E+00,0.000000E+00,0.000000E+00,0.000000E+00,1.999607E+01,3.878239E+01,3.115775E+01,4.112816E+01,8.725466E+03,0.000000E+00,2.851828E-01,0.000000E+00,0.000000E+00,0.000000E+00,0.000000E+00,0.000000E+00,0.000000E+00,0.000000E+00,0.000000E+00,0.000000E+00,1.999535E+01,4.397927E+01,3.049834E+01,4.575677E+01,7.704926E+03,0.000000E+00,2.518267E-01,0.000000E+00,0.000000E+00,0.000000E+00,0.000000E+00,0.000000E+00,0.000000E+00,0.000000E+00,0.000000E+00,0.000000E+00,1.999525E+01,4.299427E+01,2.606008E+01,5.530477E+01
15:10:00,3.838745E+03,0.000000E+00,1.254690E-01,0.000000E+00,0.000000E+00,0.000000E+00,0.000000E+00,0.000000E+00,0.000000E+00,0.000000E+00,0.000000E+00,0.000000E+00,1.999621E+01,3.688756E+01,2.785965E+01,4.970676E+01,4.520480E+03,0.000000E+00,1.477510E-01,0.000000E+00,0.000000E+00,0.000000E+00,0.000000E+00,0.000000E+00,0.000000E+00,0.000000E+00,0.000000E+00,0.000000E+00,1.999612E+01,3.836288E+01,3.118777E+01,4.391569E+01,4.707975E+03,0.000000E+00,1.538790E-01,0.000000E+00,0.000000E+00,0.000000E+00,0.000000E+00,0.000000E+00,0.000000E+00,0.000000E+00,0.000000E+00,0.000000E+00,1.999605E+01,3.872708E+01,3.118549E+01,4.102889E+01,8.710325E+03,0.000000E+00,2.846879E-01,0.000000E+00,0.000000E+00,0.000000E+00,0.000000E+00,0.000000E+00,0.000000E+00,0.000000E+00,0.000000E+00,0.000000E+00,1.999534E+01,4.393374E+01,3.053130E+01,4.559090E+01,7.692806E+03,0.000000E+00,2.514305E-01,0.000000E+00,0.000000E+00,0.000000E+00,0.000000E+00,0.000000E+00,0.000000E+00,0.000000E+00,0.000000E+00,0.000000E+00,1.999524E+01,4.294845E+01,2.609880E+01,5.513152E+01
15:15:00,3.833625E+03,0.000000E+00,1.253016E-01,0.000000E+00,0.000000E+00,0.000000E+00,0.000000E+00,0.000000E+00,0.000000E+00,0.000000E+00,0.000000E+00,0.000000E+00,1.999620E+01,3.682529E+01,2.786812E+01,4.963741E+01,4.514912E+03,0.000000E+00,1.475690E-01,0.000000E+00,0.000000E+00,0.000000E+00,0.000000E+00,0.000000E+00,0.000000E+00,0.000000E+00,0.000000E+00,0.000000E+00,1.999611E+01,3.830567E+01,3.121518E+01,4.376759E+01,4.704777E+03,0.000000E+00,1.537744E-01,0.000000E+00,0.000000E+00,0.000000E+00,0.000000E+00,0.000000E+00,0.000000E+00,0.000000E+00,0.000000E+00,0.000000E+00,1.999604E+01,3.867530E+01,3.121014E+01,4.093461E+01,8.695599E+03,0.000000E+00,2.842065E-01,0.000000E+00,0.000000E+00,0.000000E+00,0.000000E+00,0.000000E+00,0.000000E+00,0.000000E+00,0.000000E+00,0.000000E+00,1.999532E+01,4.389084E+01,3.056734E+01,4.541454E+01,7.680925E+03,0.000000E+00,2.510421E-01,0.000000E+00,0.000000E+00,0.000000E+00,0.000000E+00,0.000000E+00,0.000000E+00,0.000000E+00,0.000000E+00,0.000000E+00,1.999523E+01,4.290484E+01,2.612751E+01,5.498819E+01
15:20:00,3.828728E+03,0.000000E+00,1.251415E-01,0.000000E+00,0.000000E+00,0.000000E+00,0.000000E+00,0.000000E+00,0.000000E+00,0.000000E+00,0.000000E+00,0.000000E+00,1.999619E+01,3.676579E+01,2.787295E+01,4.957483E+01,4.509629E+03,0.000000E+00,1.473963E-01,0.000000E+00,0.000000E+00,0.000000E+00,0.000000E+00,0.000000E+00,0.000000E+00,0.000000E+00,0.000000E+00,0.000000E+00,1.999610E+01,3.825123E+01,3.124161E+01,4.361929E+01,4.701970E+03,0.000000E+00,1.536826E-01,0.000000E+00,0.000000E+00,0.000000E+00,0.000000E+00,0.000000E+00,0.000000E+00,0.000000E+00,0.000000E+00,0.000000E+00,1.999603E+01,3.862673E+01,3.123250E+01,4.084268E+01,8.681472E+03,0.000000E+00,2.837447E-01,0.000000E+00,0.000000E+00,0.000000E+00,0.000000E+00,0.000000E+00,0.000000E+00,0.000000E+00,0.000000E+00,0.000000E+00,1.999531E+01,4.385099E+01,3.060557E+01,4.523001E+01,7.669269E+03,0.000000E+00,2.506611E-01,0.000000E+00,0.000000E+00,0.000000E+00,0.000000E+00,0.000000E+00,0.000000E+00,0.000000E+00,0.000000E+00,0.000000E+00,1.999521E+01,4.286346E+01,2.614822E+01,5.486697E+01
15:25:00,3.824055E+03,0.000000E+00,1.249888E-01,0.000000E+00,0.000000E+00,0.000000E+00,0.000000E+00,0.000000E+00,0.000000E+00,0.000000E+00,0.000000E+00,0.000000E+00,1.999618E+01,3.670887E+01,2.787523E+01,4.951592E+01,4.504610E+03,0.000000E+00,1.472322E-01,0.000000E+00,0.000000E+00,0.000000E+00,0.000000E+00,0.000000E+00,0.000000E+00,0.000000E+00,0.000000E+00,0.000000E+00,1.999609E+01,3.819938E+01,3.126666E+01,4.347187E+01,4.699459E+03,0.000000E+00,1.536005E-01,0.000000E+00,0.000000E+00,0.000000E+00,0.000000E+00,0.000000E+00,0.000000E+00,0.000000E+00,0.000000E+00,0.000000E+00,1.999602E+01,3.858073E+01,3.125347E+01,4.075102E+01,8.668472E+03,0.000000E+00,2.833197E-01,0.000000E+00,0.000000E+00,0.000000E+00,0.000000E+00,0.000000E+00,0.000000E+00,0.000000E+00,0.000000E+00,0.000000E+00,1.999530E+01,4.381413E+01,3.064479E+01,4.504053E+01,7.657891E+03,0.000000E+00,2.502891E-01,0.000000E+00,0.000000E+00,0.000000E+00,0.000000E+00,0.000000E+00,0.000000E+00,0.000000E+00,0.000000E+00,0.000000E+00,1.999520E+01,4.282400E+01,2.616370E+01,5.475879E+01
15:30:00,3.819586E+03,0.000000E+00,1.248426E-01,0.000000E+00,0.000000E+00,0.000000E+00,0.000000E+00,0.000000E+00,0.000000E+00,0.000000E+00,0.000000E+00,0.000000E+00,1.999617E+01,3.665419E+01,2.787766E+01,4.945320E+01,4.499823E+03,0.000000E+00,1.470757E-01,0.000000E+00,0.000000E+00,0.000000E+00,0.000000E+00,0.000000E+00,0.000000E+00,0.000000E+00,0.000000E+00,0.000000E+00,1.999608E+01,3.814975E+01,3.128849E+01,4.332995E+01,4.697157E+03,0.000000E+00,1.535252E-01,0.000000E+00,0.000000E+00,0.000000E+00,0.000000E+00,0.000000E+00,0.000000E+00,0.000000E+00,0.000000E+00,0.000000E+00,1.999601E+01,3.853663E+01,3.127359E+01,4.065865E+01,8.656915E+03,0.000000E+00,2.829419E-01,0.000000E+00,0.000000E+00,0.000000E+00,0.000000E+00,0.000000E+00,0.000000E+00,0.000000E+00,0.000000E+00,0.000000E+00,1.999528E+01,4.378032E+01,3.068423E+01,4.484823E+01,7.646700E+03,0.000000E+00,2.499233E-01,0.000000E+00,0.000000E+00,0.000000E+00,0.000000E+00,0.000000E+00,0.000000E+00,0.000000E+00,0.000000E+00,0.000000E+00,1.999519E+01,4.278607E+01,2.617595E+01,5.465746E+01
15:35:00,3.815343E+03,0.000000E+00,1.247040E-01,0.000000E+00,0.000000E+00,0.000000E+00,0.000000E+00,0.000000E+00,0.000000E+00,0.000000E+00,0.000000E+00,0.000000E+00,1.999616E+01,3.660141E+01,2.788252E+01,4.938041E+01,4.495287E+03,0.000000E+00,1.469274E-01,0.000000E+00,0.000000E+00,0.000000E+00,0.000000E+00,0.000000E+00,0.000000E+00,0.000000E+00,0.000000E+00,0.000000E+00,1.999607E+01,3.810195E+01,3.130597E+01,4.319628E+01,4.695140E+03,0.000000E+00,1.534592E-01,0.000000E+00,0.000000E+00,0.000000E+00,0.000000E+00,0.000000E+00,0.000000E+00,0.000000E+00,0.000000E+00,0.000000E+00,1.999600E+01,3.849396E+01,3.129105E+01,4.057000E+01,8.647370E+03,0.000000E+00,2.826298E-01,0.000000E+00,0.000000E+00,0.000000E+00,0.000000E+00,0.000000E+00,0.000000E+00,0.000000E+00,0.000000E+00,0.000000E+00,1.999526E+01,4.374968E+01,3.072358E+01,4.465406E+01,7.635780E+03,0.000000E+00,2.495663E-01,0.000000E+00,0.000000E+00,0.000000E+00,0.000000E+00,0.000000E+00,0.000000E+00,0.000000E+00,0.000000E+00,0.000000E+00,1.999519E+01,4.274931E+01,2.618503E+01,5.456307E+01
15:40:00,3.811340E+03,0.000000E+00,1.245731E-01,0.000000E+00,0.000000E+00,0.000000E+00,0.000000E+00,0.000000E+00,0.000000E+00,0.000000E+00,0.000000E+00,0.000000E+00,1.999616E+01,3.655024E+01,2.788964E+01,4.929823E+01,4.491019E+03,0.000000E+00,1.467878E-01,0.000000E+00,0.000000E+00,0.000000E+00,0.000000E+00,0.000000E+00,0.000000E+00,0.000000E+00,0.000000E+00,0.000000E+00,1.999606E+01,3.805568E+01,3.131879E+01,4.307165E+01,4.693372E+03,0.000000E+00,1.534014E-01,0.000000E+00,0.000000E+00,0.000000E+00,0.000000E+00,0.000000E+00,0.000000E+00,0.000000E+00,0.000000E+00,0.000000E+00,1.999600E+01,3.845249E+01,3.130891E+01,4.047817E+01,8.640395E+03,0.000000E+00,2.824017E-01,0.000000E+00,0.000000E+00,0.000000E+00,0.000000E+00,0.000000E+00,0.000000E+00,0.000000E+00,0.000000E+00,0.000000E+00,1.999525E+01,4.372218E+01,3.076193E+01,4.446037E+01,7.625073E+03,0.000000E+00,2.492163E-01,0.000000E+00,0.000000E+00,0.000000E+00,0.000000E+00,0.000000E+00,0.000000E+00,0.000000E+00,0.000000E+00,0.000000E+00,1.999518E+01,4.271344E+01,2.619301E+01,5.446914E+01
15:45:00,3.807562E+03,0.000000E+00,1.244495E-01,0.000000E+00,0.000000E+00,0.000000E+00,0.000000E+00,0.000000E+00,0.000000E+00,0.000000E+00,0.000000E+00,0.000000E+00,1.999615E+01,3.650045E+01,2.789724E+01,4.921203E+01,4.486991E+03,0.000000E+00,1.466561E-01,0.000000E+00,0.000000E+00,0.000000E+00,0.000000E+00,0.000000E+00,0.000000E+00,0.000000E+00,0.000000E+00,0.000000E+00,1.999606E+01,3.801070E+01,3.132749E+01,4.295472E+01,4.691732E+03,0.000000E+00,1.533477E-01,0.000000E+00,0.000000E+00,0.000000E+00,0.000000E+00,0.000000E+00,0.000000E+00,0.000000E+00,0.000000E+00,0.000000E+00,1.999599E+01,3.841209E+01,3.133078E+01,4.037501E+01,8.635938E+03,0.000000E+00,2.822559E-01,0.000000E+00,0.000000E+00,0.000000E+00,0.000000E+00,0.000000E+00,0.000000E+00,0.000000E+00,0.000000E+00,0.000000E+00,1.999523E+01,4.369804E+01,3.079904E+01,4.426786E+01,7.614579E+03,0.000000E+00,2.488732E-01,0.000000E+00,0.000000E+00,0.000000E+00,0.000000E+00,0.000000E+00,0.000000E+00,0.000000E+00,0.000000E+00,0.000000E+00,1.999517E+01,4.267822E+01,2.620224E+01,5.436828E+01
15:50:00,3.803956E+03,0.000000E+00,1.243317E-01,0.000000E+00,0.000000E+00,0.000000E+00,0.000000E+00,0.000000E+00,0.000000E+00,0.000000E+00,0.000000E+00,0.000000E+00,1.999614E+01,3.645189E+01,2.790489E+01,4.912317E+01,4.483107E+03,0.000000E+00,1.465291E-01,0.000000E+00,0.000000E+00,0.000000E+00,0.000000E+00,0.000000E+00,0.000000E+00,0.000000E+00,0.000000E+00,0.000000E+00,1.999605E+01,3.796685E+01,3.133286E+01,4.284350E+01,4.690119E+03,0.000000E+00,1.532949E-01,0.000000E+00,0.000000E+00,0.000000E+00,0.000000E+00,0.000000E+00,0.000000E+00,0.000000E+00,0.000000E+00,0.000000E+00,1.999598E+01,3.837261E+01,3.135462E+01,4.026542E+01,8.633502E+03,0.000000E+00,2.821762E-01,0.000000E+00,0.000000E+00,0.000000E+00,0.000000E+00,0.000000E+00,0.000000E+00,0.000000E+00,0.000000E+00,0.000000E+00,1.999521E+01,4.367703E+01,3.083518E+01,4.407586E+01,7.604283E+03,0.000000E+00,2.485366E-01,0.000000E+00,0.000000E+00,0.000000E+00,0.000000E+00,0.000000E+00,0.000000E+00,0.000000E+00,0.000000E+00,0.000000E+00,1.999516E+01,4.264351E+01,2.621247E+01,5.426150E+01
15:55:00,3.800602E+03,0.000000E+00,1.242220E-01,0.000000E+00,0.000000E+00,0.000000E+00,0.000000E+00,0.000000E+00,0.000000E+00,0.000000E+00,0.000000E+00,0.000000E+00,1.999614E+01,3.640446E+01,2.791273E+01,4.903137E+01,4.479490E+03,0.000000E+00,1.464109E-01,0.000000E+00,0.000000E+00,0.000000E+00,0.000000E+00,0.000000E+00,0.000000E+00,0.000000E+00,0.000000E+00,0.000000E+00,1.999604E+01,3.792405E+01,3.133569E+01,4.273611E+01,4.688507E+03,0.000000E+00,1.532422E-01,0.000000E+00,0.000000E+00,0.000000E+00,0.000000E+00,0.000000E+00,0.000000E+00,0.000000E+00,0.000000E+00,0.000000E+00,1.999597E+01,3.833398E+01,3.137815E+01,4.015474E+01,8.632150E+03,0.000000E+00,2.821318E-01,0.000000E+00,0.000000E+00,0.000000E+00,0.000000E+00,0.000000E+00,0.000000E+00,0.000000E+00,0.000000E+00,0.000000E+00,1.999520E+01,4.365774E+01,3.087071E+01,4.388352E+01,7.594262E+03,0.000000E+00,2.482090E-01,0.000000E+00,0.000000E+00,0.000000E+00,0.000000E+00,0.000000E+00,0.000000E+00,0.000000E+00,0.000000E+00,0.000000E+00,1.999516E+01,4.260934E+01,2.622307E+01,5.415094E+01
16:00:00,3.797541E+03,0.000000E+00,1.241219E-01,0.000000E+00,0.000000E+00,0.000000E+00,0.000000E+00,0.000000E+00,0.000000E+00,0.000000E+00,0.000000E+00,0.000000E+00,1.999613E+01,3.635813E+01,2.792077E+01,4.893680E+01,4.476194E+03,0.000000E+00,1.463031E-01,0.000000E+00,0.000000E+00,0.000000E+00,0.000000E+00,0.000000E+00,0.000000E+00,0.000000E+00,0.000000E+00,0.000000E+00,1.999603E+01,3.788227E+01,3.133637E+01,4.263156E+01,4.686853E+03,0.000000E+00,1.531881E-01,0.000000E+00,0.000000E+00,0.000000E+00,0.000000E+00,0.000000E+00,0.000000E+00,0.000000E+00,0.000000E+00,0.000000E+00,1.999597E+01,3.829617E+01,3.140058E+01,4.004489E+01,8.631657E+03,0.000000E+00,2.821156E-01,0.000000E+00,0.000000E+00,0.000000E+00,0.000000E+00,0.000000E+00,0.000000E+00,0.000000E+00,0.000000E+00,0.000000E+00,1.999520E+01,4.363849E+01,3.090585E+01,4.369033E+01,7.584543E+03,0.000000E+00,2.478913E-01,0.000000E+00,0.000000E+00,0.000000E+00,0.000000E+00,0.000000E+00,0.000000E+00,0.000000E+00,0.000000E+00,0.000000E+00,1.999515E+01,4.257568E+01,2.623389E+01,5.403728E+01
16:05:00,3.794765E+03,0.000000E+00,1.240311E-01,0.000000E+00,0.000000E+00,0.000000E+00,0.000000E+00,0.000000E+00,0.000000E+00,0.000000E+00,0.000000E+00,0.000000E+00,1.999612E+01,3.631286E+01,2.792886E+01,4.883997E+01,4.473207E+03,0.000000E+00,1.462054E-01,0.000000E+00,0.000000E+00,0.000000E+00,0.000000E+00,0.000000E+00,0.000000E+00,0.000000E+00,0.000000E+00,0.000000E+00,1.999603E+01,3.784146E+01,3.133510E+01,4.252944E+01,4.685137E+03,0.000000E+00,1.531319E-01,0.000000E+00,0.000000E+00,0.000000E+00,0.000000E+00,0.000000E+00,0.000000E+00,0.000000E+00,0.000000E+00,0.000000E+00,1.999596E+01,3.825914E+01,3.142189E+01,3.993599E+01,8.632672E+03,0.000000E+00,2.821486E-01,0.000000E+00,0.000000E+00,0.000000E+00,0.000000E+00,0.000000E+00,0.000000E+00,0.000000E+00,0.000000E+00,0.000000E+00,1.999519E+01,4.361845E+01,3.094069E+01,4.349611E+01,7.576041E+03,0.000000E+00,2.476133E-01,0.000000E+00,0.000000E+00,0.000000E+00,0.000000E+00,0.000000E+00,0.000000E+00,0.000000E+00,0.000000E+00,0.000000E+00,1.999514E+01,4.254247E+01,2.624502E+01,5.392035E+01
16:10:00,3.792167E+03,0.000000E+00,1.239462E-01,0.000000E+00,0.000000E+00,0.000000E+00,0.000000E+00,0.000000E+00,0.000000E+00,0.000000E+00,0.000000E+00,0.000000E+00,1.999611E+01,3.627071E+01,2.793780E+01,4.873801E+01,4.470347E+03,0.000000E+00,1.461119E-01,0.000000E+00,0.000000E+00,0.000000E+00,0.000000E+00,0.000000E+00,0.000000E+00,0.000000E+00,0.000000E+00,0.000000E+00,1.999602E+01,3.780368E+01,3.133115E+01,4.242972E+01,4.683083E+03,0.000000E+00,1.530648E-01,0.000000E+00,0.000000E+00,0.000000E+00,0.000000E+00,0.000000E+00,0.000000E+00,0.000000E+00,0.000000E+00,0.000000E+00,1.999595E+01,3.822495E+01,3.144283E+01,3.982583E+01,8.634726E+03,0.000000E+00,2.822157E-01,0.000000E+00,0.000000E+00,0.000000E+00,0.000000E+00,0.000000E+00,0.000000E+00,0.000000E+00,0.000000E+00,0.000000E+00,1.999518E+01,4.360033E+01,3.097323E+01,4.330406E+01,7.568867E+03,0.000000E+00,2.473788E-01,0.000000E+00,0.000000E+00,0.000000E+00,0.000000E+00,0.000000E+00,0.000000E+00,0.000000E+00,0.000000E+00,0.000000E+00,1.999513E+01,4.251285E+01,2.625857E+01,5.379277E+01
16:15:00,3.789876E+03,0.000000E+00,1.238713E-01,0.000000E+00,0.000000E+00,0.000000E+00,0.000000E+00,0.000000E+00,0.000000E+00,0.000000E+00,0.000000E+00,0.000000E+00,1.999611E+01,3.623254E+01,2.794781E+01,4.862991E+01,4.467806E+03,0.000000E+00,1.460288E-01,0.000000E+00,0.000000E+00,0.000000E+00,0.000000E+00,0.000000E+00,0.000000E+00,0.000000E+00,0.000000E+00,0.000000E+00,1.999601E+01,3.776963E+01,3.132582E+01,4.232831E+01,4.681198E+03,0.000000E+00,1.530031E-01,0.000000E+00,0.000000E+00,0.000000E+00,0.000000E+00,0.000000E+00,0.000000E+00,0.000000E+00,0.000000E+00,0.000000E+00,1.999594E+01,3.819415E+01,3.146270E+01,3.971569E+01,8.638021E+03,0.000000E+00,2.823232E-01,0.000000E+00,0.000000E+00,0.000000E+00,0.000000E+00,0.000000E+00,0.000000E+00,0.000000E+00,0.000000E+00,0.000000E+00,1.999518E+01,4.358523E+01,3.100282E+01,4.311475E+01,7.563307E+03,0.000000E+00,2.471970E-01,0.000000E+00,0.000000E+00,0.000000E+00,0.000000E+00,0.000000E+00,0.000000E+00,0.000000E+00,0.000000E+00,0.000000E+00,1.999511E+01,4.248846E+01,2.627534E+01,5.365172E+01
16:20:00,3.787926E+03,0.000000E+00,1.238075E-01,0.000000E+00,0.000000E+00,0.000000E+00,0.000000E+00,0.000000E+00,0.000000E+00,0.000000E+00,0.000000E+00,0.000000E+00,1.999610E+01,3.619852E+01,2.795867E+01,4.851635E+01,4.465624E+03,0.000000E+00,1.459575E-01,0.000000E+00,0.000000E+00,0.000000E+00,0.000000E+00,0.000000E+00,0.000000E+00,0.000000E+00,0.000000E+00,0.000000E+00,1.999600E+01,3.773950E+01,3.132084E+01,4.222086E+01,4.679664E+03,0.000000E+00,1.529529E-01,0.000000E+00,0.000000E+00,0.000000E+00,0.000000E+00,0.000000E+00,0.000000E+00,0.000000E+00,0.000000E+00,0.000000E+00,1.999594E+01,3.816702E+01,3.148060E+01,3.960756E+01,8.642643E+03,0.000000E+00,2.824742E-01,0.000000E+00,0.000000E+00,0.000000E+00,0.000000E+00,0.000000E+00,0.000000E+00,0.000000E+00,0.000000E+00,0.000000E+00,1.999516E+01,4.357369E+01,3.103011E+01,4.292638E+01,7.559388E+03,0.000000E+00,2.470688E-01,0.000000E+00,0.000000E+00,0.000000E+00,0.000000E+00,0.000000E+00,0.000000E+00,0.000000E+00,0.000000E+00,0.000000E+00,1.999510E+01,4.246957E+01,2.629468E+01,5.349926E+01
16:25:00,3.786366E+03,0.000000E+00,1.237565E-01,0.000000E+00,0.000000E+00,0.000000E+00,0.000000E+00,0.000000E+00,0.000000E+00,0.000000E+00,0.000000E+00,0.000000E+00,1.999609E+01,3.616851E+01,2.797004E+01,4.839841E+01,4.463880E+03,0.000000E+00,1.459004E-01,0.000000E+00,0.000000E+00,0.000000E+00,0.000000E+00,0.000000E+00,0.000000E+00,0.000000E+00,0.000000E+00,0.000000E+00,1.999600E+01,3.771321E+01,3.131699E+01,4.210578E+01,4.678618E+03,0.000000E+00,1.529187E-01,0.000000E+00,0.000000E+00,0.000000E+00,0.000000E+00,0.000000E+00,0.000000E+00,0.000000E+00,0.000000E+00,0.000000E+00,1.999593E+01,3.814365E+01,3.149641E+01,3.950176E+01,8.648204E+03,0.000000E+00,2.826558E-01,0.000000E+00,0.000000E+00,0.000000E+00,0.000000E+00,0.000000E+00,0.000000E+00,0.000000E+00,0.000000E+00,0.000000E+00,1.999515E+01,4.356577E+01,3.105598E+01,4.273702E+01,7.557163E+03,0.000000E+00,2.469960E-01,0.000000E+00,0.000000E+00,0.000000E+00,0.000000E+00,0.000000E+00,0.000000E+00,0.000000E+00,0.000000E+00,0.000000E+00,1.999508E+01,4.245569E+01,2.631559E+01,5.333877E+01
16:30:00,3.785236E+03,0.000000E+00,1.237195E-01,0.000000E+00,0.000000E+00,0.000000E+00,0.000000E+00,0.000000E+00,0.000000E+00,0.000000E+00,0.000000E+00,0.000000E+00,1.999608E+01,3.614220E+01,2.798166E+01,4.827697E+01,4.462629E+03,0.000000E+00,1.458595E-01,0.000000E+00,0.000000E+00,0.000000E+00,0.000000E+00,0.000000E+00,0.000000E+00,0.000000E+00,0.000000E+00,0.000000E+00,1.999599E+01,3.769048E+01,3.131427E+01,4.198340E+01,4.678121E+03,0.000000E+00,1.529024E-01,0.000000E+00,0.000000E+00,0.000000E+00,0.000000E+00,0.000000E+00,0.000000E+00,0.000000E+00,0.000000E+00,0.000000E+00,1.999592E+01,3.812384E+01,3.151042E+01,3.939775E+01,8.654417E+03,0.000000E+00,2.828588E-01,0.000000E+00,0.000000E+00,0.000000E+00,0.000000E+00,0.000000E+00,0.000000E+00,0.000000E+00,0.000000E+00,0.000000E+00,1.999515E+01,4.356110E+01,3.108100E+01,4.254559E+01,7.556691E+03,0.000000E+00,2.469805E-01,0.000000E+00,0.000000E+00,0.000000E+00,0.000000E+00,0.000000E+00,0.000000E+00,0.000000E+00,0.000000E+00,0.000000E+00,1.999507E+01,4.244605E+01,2.633763E+01,5.317186E+01
16:35:00,3.784481E+03,0.000000E+00,1.236948E-01,0.000000E+00,0.000000E+00,0.000000E+00,0.000000E+00,0.000000E+00,0.000000E+00,0.000000E+00,0.000000E+00,0.000000E+00,1.999608E+01,3.611927E+01,2.799339E+01,4.815259E+01,4.461779E+03,0.000000E+00,1.458317E-01,0.000000E+00,0.000000E+00,0.000000E+00,0.000000E+00,0.000000E+00,0.000000E+00,0.000000E+00,0.000000E+00,0.000000E+00,1.999598E+01,3.767100E+01,3.131249E+01,4.185453E+01,4.678017E+03,0.000000E+00,1.528990E-01,0.000000E+00,0.000000E+00,0.000000E+00,0.000000E+00,0.000000E+00,0.000000E+00,0.000000E+00,0.000000E+00,0.000000E+00,1.999591E+01,3.810729E+01,3.152289E+01,3.929504E+01,8.660916E+03,0.000000E+00,2.830711E-01,0.000000E+00,0.000000E+00,0.000000E+00,0.000000E+00,0.000000E+00,0.000000E+00,0.000000E+00,0.000000E+00,0.000000E+00,1.999514E+01,4.355921E+01,3.110538E+01,4.235186E+01,7.557912E+03,0.000000E+00,2.470203E-01,0.000000E+00,0.000000E+00,0.000000E+00,0.000000E+00,0.000000E+00,0.000000E+00,0.000000E+00,0.000000E+00,0.000000E+00,1.999506E+01,4.243996E+01,2.636103E+01,5.299801E+01
16:40:00,3.785455E+03,0.000000E+00,1.237266E-01,0.000000E+00,0.000000E+00,0.000000E+00,0.000000E+00,0.000000E+00,0.000000E+00,0.000000E+00,0.000000E+00,0.000000E+00,1.999607E+01,3.609924E+01,2.800513E+01,4.802566E+01,4.463071E+03,0.000000E+00,1.458739E-01,0.000000E+00,0.000000E+00,0.000000E+00,0.000000E+00,0.000000E+00,0.000000E+00,0.000000E+00,0.000000E+00,0.000000E+00,1.999598E+01,3.765422E+01,3.131191E+01,4.171878E+01,4.680534E+03,0.000000E+00,1.529812E-01,0.000000E+00,0.000000E+00,0.000000E+00,0.000000E+00,0.000000E+00,0.000000E+00,0.000000E+00,0.000000E+00,0.000000E+00,1.999591E+01,3.809338E+01,3.153372E+01,3.919393E+01,8.670219E+03,0.000000E+00,2.833751E-01,0.000000E+00,0.000000E+00,0.000000E+00,0.000000E+00,0.000000E+00,0.000000E+00,0.000000E+00,0.000000E+00,0.000000E+00,1.999513E+01,4.355943E+01,3.113140E+01,4.215064E+01,7.562353E+03,0.000000E+00,2.471654E-01,0.000000E+00,0.000000E+00,0.000000E+00,0.000000E+00,0.000000E+00,0.000000E+00,0.000000E+00,0.000000E+00,0.000000E+00,1.999505E+01,4.243674E+01,2.638535E+01,5.281875E+01
16:45:00,3.786877E+03,0.000000E+00,1.237731E-01,0.000000E+00,0.000000E+00,0.000000E+00,0.000000E+00,0.000000E+00,0.000000E+00,0.000000E+00,0.000000E+00,0.000000E+00,1.999605E+01,3.608434E+01,2.801683E+01,4.789647E+01,4.464902E+03,0.000000E+00,1.459337E-01,0.000000E+00,0.000000E+00,0.000000E+00,0.000000E+00,0.000000E+00,0.000000E+00,0.000000E+00,0.000000E+00,0.000000E+00,1.999595E+01,3.764282E+01,3.131263E+01,4.157623E+01,4.683691E+03,0.000000E+00,1.530844E-01,0.000000E+00,0.000000E+00,0.000000E+00,0.000000E+00,0.000000E+00,0.000000E+00,0.000000E+00,0.000000E+00,0.000000E+00,1.999588E+01,3.808552E+01,3.154284E+01,3.909461E+01,8.679560E+03,0.000000E+00,2.836803E-01,0.000000E+00,0.000000E+00,0.000000E+00,0.000000E+00,0.000000E+00,0.000000E+00,0.000000E+00,0.000000E+00,0.000000E+00,1.999511E+01,4.356472E+01,3.115973E+01,4.194064E+01,7.568536E+03,0.000000E+00,2.473673E-01,0.000000E+00,0.000000E+00,0.000000E+00,0.000000E+00,0.000000E+00,0.000000E+00,0.000000E+00,0.000000E+00,0.000000E+00,1.999503E+01,4.243771E+01,2.640948E+01,5.263769E+01
16:50:00,3.788198E+03,0.000000E+00,1.238162E-01,0.000000E+00,0.000000E+00,0.000000E+00,0.000000E+00,0.000000E+00,0.000000E+00,0.000000E+00,0.000000E+00,0.000000E+00,1.999604E+01,3.607312E+01,2.802845E+01,4.776517E+01,4.466615E+03,0.000000E+00,1.459896E-01,0.000000E+00,0.000000E+00,0.000000E+00,0.000000E+00,0.000000E+00,0.000000E+00,0.000000E+00,0.000000E+00,0.000000E+00,1.999595E+01,3.763517E+01,3.131446E+01,4.142753E+01,4.686705E+03,0.000000E+00,1.531828E-01,0.000000E+00,0.000000E+00,0.000000E+00,0.000000E+00,0.000000E+00,0.000000E+00,0.000000E+00,0.000000E+00,0.000000E+00,1.999587E+01,3.808184E+01,3.155029E+01,3.899708E+01,8.688862E+03,0.000000E+00,2.839842E-01,0.000000E+00,0.000000E+00,0.000000E+00,0.000000E+00,0.000000E+00,0.000000E+00,0.000000E+00,0.000000E+00,0.000000E+00,1.999510E+01,4.357309E+01,3.118955E+01,4.172412E+01,7.576000E+03,0.000000E+00,2.476112E-01,0.000000E+00,0.000000E+00,0.000000E+00,0.000000E+00,0.000000E+00,0.000000E+00,0.000000E+00,0.000000E+00,0.000000E+00,1.999503E+01,4.244149E+01,2.643337E+01,5.245513E+01
16:55:00,3.789433E+03,0.000000E+00,1.238566E-01,0.000000E+00,0.000000E+00,0.000000E+00,0.000000E+00,0.000000E+00,0.000000E+00,0.000000E+00,0.000000E+00,0.000000E+00,1.999605E+01,3.606319E+01,2.804003E+01,4.763182E+01,4.468229E+03,0.000000E+00,1.460423E-01,0.000000E+00,0.000000E+00,0.000000E+00,0.000000E+00,0.000000E+00,0.000000E+00,0.000000E+00,0.000000E+00,0.000000E+00,1.999595E+01,3.762862E+01,3.131720E+01,4.127338E+01,4.689616E+03,0.000000E+00,1.532779E-01,0.000000E+00,0.000000E+00,0.000000E+00,0.000000E+00,0.000000E+00,0.000000E+00,0.000000E+00,0.000000E+00,0.000000E+00,1.999588E+01,3.807923E+01,3.155743E+01,3.889838E+01,8.698890E+03,0.000000E+00,2.843119E-01,0.000000E+00,0.000000E+00,0.000000E+00,0.000000E+00,0.000000E+00,0.000000E+00,0.000000E+00,0.000000E+00,0.000000E+00,1.999511E+01,4.358171E+01,3.121987E+01,4.150366E+01,7.584804E+03,0.000000E+00,2.478989E-01,0.000000E+00,0.000000E+00,0.000000E+00,0.000000E+00,0.000000E+00,0.000000E+00,0.000000E+00,0.000000E+00,0.000000E+00,1.999503E+01,4.244642E+01,2.645742E+01,5.226992E+01
17:00:00,3.790560E+03,0.000000E+00,1.238934E-01,0.000000E+00,0.000000E+00,0.000000E+00,0.000000E+00,0.000000E+00,0.000000E+00,0.000000E+00,0.000000E+00,0.000000E+00,1.999605E+01,3.605336E+01,2.805155E+01,4.749651E+01,4.469717E+03,0.000000E+00,1.460909E-01,0.000000E+00,0.000000E+00,0.000000E+00,0.000000E+00,0.000000E+00,0.000000E+00,0.000000E+00,0.000000E+00,0.000000E+00,1.999595E+01,3.762188E+01,3.132065E+01,4.111451E+01,4.692404E+03,0.000000E+00,1.533690E-01,0.000000E+00,0.000000E+00,0.000000E+00,0.000000E+00,0.000000E+00,0.000000E+00,0.000000E+00,0.000000E+00,0.000000E+00,1.999588E+01,3.807615E+01,3.156333E+01,3.880062E+01,8.709755E+03,0.000000E+00,2.846669E-01,0.000000E+00,0.000000E+00,0.000000E+00,0.000000E+00,0.000000E+00,0.000000E+00,0.000000E+00,0.000000E+00,0.000000E+00,1.999511E+01,4.358937E+01,3.125011E+01,4.128090E+01,7.594943E+03,0.000000E+00,2.482302E-01,0.000000E+00,0.000000E+00,0.000000E+00,0.000000E+00,0.000000E+00,0.000000E+00,0.000000E+00,0.000000E+00,0.000000E+00,1.999502E+01,4.245171E+01,2.648138E+01,5.208293E+01
17:05:00,3.792704E+03,0.000000E+00,1.239634E-01,0.000000E+00,0.000000E+00,0.000000E+00,0.000000E+00,0.000000E+00,0.000000E+00,0.000000E+00,0.000000E+00,0.000000E+00,1.999605E+01,3.604334E+01,2.806300E+01,4.735940E+01,4.472276E+03,0.000000E+00,1.461746E-01,0.000000E+00,0.000000E+00,0.000000E+00,0.000000E+00,0.000000E+00,0.000000E+00,0.000000E+00,0.000000E+00,0.000000E+00,1.999595E+01,3.761465E+01,3.132443E+01,4.095196E+01,4.696273E+03,0.000000E+00,1.534954E-01,0.000000E+00,0.000000E+00,0.000000E+00,0.000000E+00,0.000000E+00,0.000000E+00,0.000000E+00,0.000000E+00,0.000000E+00,1.999588E+01,3.807228E+01,3.156738E+01,3.870521E+01,8.722750E+03,0.000000E+00,2.850916E-01,0.000000E+00,0.000000E+00,0.000000E+00,0.000000E+00,0.000000E+00,0.000000E+00,0.000000E+00,0.000000E+00,0.000000E+00,1.999511E+01,4.359594E+01,3.128007E+01,4.105648E+01,7.607489E+03,0.000000E+00,2.486401E-01,0.000000E+00,0.000000E+00,0.000000E+00,0.000000E+00,0.000000E+00,0.000000E+00,0.000000E+00,0.000000E+00,0.000000E+00,1.999502E+01,4.245715E+01,2.650490E+01,5.189535E+01
17:10:00,3.796057E+03,0.000000E+00,1.240730E-01,0.000000E+00,0.000000E+00,0.000000E+00,0.000000E+00,0.000000E+00,0.000000E+00,0.000000E+00,0.000000E+00,0.000000E+00,1.999604E+01,3.603457E+01,2.807352E+01,4.723127E+01,4.476185E+03,0.000000E+00,1.463023E-01,0.000000E+00,0.000000E+00,0.000000E+00,0.000000E+00,0.000000E+00,0.000000E+00,0.000000E+00,0.000000E+00,0.000000E+00,1.999594E+01,3.760831E+01,3.132849E+01,4.078864E+01,4.701622E+03,0.000000E+00,1.536702E-01,0.000000E+00,0.000000E+00,0.000000E+00,0.000000E+00,0.000000E+00,0.000000E+00,0.000000E+00,0.000000E+00,0.000000E+00,1.999587E+01,3.806903E+01,3.156887E+01,3.862066E+01,8.738491E+03,0.000000E+00,2.856060E-01,0.000000E+00,0.000000E+00,0.000000E+00,0.000000E+00,0.000000E+00,0.000000E+00,0.000000E+00,0.000000E+00,0.000000E+00,1.999510E+01,4.360307E+01,3.131620E+01,4.081820E+01,7.622584E+03,0.000000E+00,2.491334E-01,0.000000E+00,0.000000E+00,0.000000E+00,0.000000E+00,0.000000E+00,0.000000E+00,0.000000E+00,0.000000E+00,0.000000E+00,1.999500E+01,4.246443E+01,2.652909E+01,5.171298E+01
17:15:00,3.800593E+03,0.000000E+00,1.242212E-01,0.000000E+00,0.000000E+00,0.000000E+00,0.000000E+00,0.000000E+00,0.000000E+00,0.000000E+00,0.000000E+00,0.000000E+00,1.999602E+01,3.602803E+01,2.808284E+01,4.711789E+01,4.481231E+03,0.000000E+00,1.464672E-01,0.000000E+00,0.000000E+00,0.000000E+00,0.000000E+00,0.000000E+00,0.000000E+00,0.000000E+00,0.000000E+00,0.000000E+00,1.999593E+01,3.760384E+01,3.133291E+01,4.062603E+01,4.708091E+03,0.000000E+00,1.538816E-01,0.000000E+00,0.000000E+00,0.000000E+00,0.000000E+00,0.000000E+00,0.000000E+00,0.000000E+00,0.000000E+00,0.000000E+00,1.999586E+01,3.806740E+01,3.156813E+01,3.855036E+01,8.756388E+03,0.000000E+00,2.861908E-01,0.000000E+00,0.000000E+00,0.000000E+00,0.000000E+00,0.000000E+00,0.000000E+00,0.000000E+00,0.000000E+00,0.000000E+00,1.999508E+01,4.361196E+01,3.135976E+01,4.056504E+01,7.639938E+03,0.000000E+00,2.497005E-01,0.000000E+00,0.000000E+00,0.000000E+00,0.000000E+00,0.000000E+00,0.000000E+00,0.000000E+00,0.000000E+00,0.000000E+00,1.999498E+01,4.247463E+01,2.655430E+01,5.154022E+01
17:20:00,3.806150E+03,0.000000E+00,1.244028E-01,0.000000E+00,0.000000E+00,0.000000E+00,0.000000E+00,0.000000E+00,0.000000E+00,0.000000E+00,0.000000E+00,0.000000E+00,1.999600E+01,3.602416E+01,2.809102E+01,4.702026E+01,4.487313E+03,0.000000E+00,1.466659E-01,0.000000E+00,0.000000E+00,0.000000E+00,0.000000E+00,0.000000E+00,0.000000E+00,0.000000E+00,0.000000E+00,0.000000E+00,1.999592E+01,3.760144E+01,3.133740E+01,4.046529E+01,4.715561E+03,0.000000E+00,1.541257E-01,0.000000E+00,0.000000E+00,0.000000E+00,0.000000E+00,0.000000E+00,0.000000E+00,0.000000E+00,0.000000E+00,0.000000E+00,1.999584E+01,3.806756E+01,3.156596E+01,3.849359E+01,8.776253E+03,0.000000E+00,2.868400E-01,0.000000E+00,0.000000E+00,0.000000E+00,0.000000E+00,0.000000E+00,0.000000E+00,0.000000E+00,0.000000E+00,0.000000E+00,1.999507E+01,4.362281E+01,3.140835E+01,4.030334E+01,7.659504E+03,0.000000E+00,2.503399E-01,0.000000E+00,0.000000E+00,0.000000E+00,0.000000E+00,0.000000E+00,0.000000E+00,0.000000E+00,0.000000E+00,0.000000E+00,1.999497E+01,4.248782E+01,2.657301E+01,5.140120E+01
17:25:00,3.812665E+03,0.000000E+00,1.246157E-01,0.000000E+00,0.000000E+00,0.000000E+00,0.000000E+00,0.000000E+00,0.000000E+00,0.000000E+00,0.000000E+00,0.000000E+00,1.999599E+01,3.602269E+01,2.809834E+01,4.693717E+01,4.494398E+03,0.000000E+00,1.468975E-01,0.000000E+00,0.000000E+00,0.000000E+00,0.000000E+00,0.000000E+00,0.000000E+00,0.000000E+00,0.000000E+00,0.000000E+00,1.999590E+01,3.760097E+01,3.134173E+01,4.030682E+01,4.724009E+03,0.000000E+00,1.544018E-01,0.000000E+00,0.000000E+00,0.000000E+00,0.000000E+00,0.000000E+00,0.000000E+00,0.000000E+00,0.000000E+00,0.000000E+00,1.999583E+01,3.806940E+01,3.156312E+01,3.844826E+01,8.798072E+03,0.000000E+00,2.875531E-01,0.000000E+00,0.000000E+00,0.000000E+00,0.000000E+00,0.000000E+00,0.000000E+00,0.000000E+00,0.000000E+00,0.000000E+00,1.999505E+01,4.363540E+01,3.145845E+01,4.004121E+01,7.681196E+03,0.000000E+00,2.510488E-01,0.000000E+00,0.000000E+00,0.000000E+00,0.000000E+00,0.000000E+00,0.000000E+00,0.000000E+00,0.000000E+00,0.000000E+00,1.999495E+01,4.250360E+01,2.657973E+01,5.131177E+01
17:30:00,3.820107E+03,0.000000E+00,1.248589E-01,0.000000E+00,0.000000E+00,0.000000E+00,0.000000E+00,0.000000E+00,0.000000E+00,0.000000E+00,0.000000E+00,0.000000E+00,1.999598E+01,3.602322E+01,2.810503E+01,4.686707E+01,4.502447E+03,0.000000E+00,1.471605E-01,0.000000E+00,0.000000E+00,0.000000E+00,0.000000E+00,0.000000E+00,0.000000E+00,0.000000E+00,0.000000E+00,0.000000E+00,1.999589E+01,3.760215E+01,3.134621E+01,4.014978E+01,4.733395E+03,0.000000E+00,1.547086E-01,0.000000E+00,0.000000E+00,0.000000E+00,0.000000E+00,0.000000E+00,0.000000E+00,0.000000E+00,0.000000E+00,0.000000E+00,1.999582E+01,3.807270E+01,3.155996E+01,3.841291E+01,8.821813E+03,0.000000E+00,2.883289E-01,0.000000E+00,0.000000E+00,0.000000E+00,0.000000E+00,0.000000E+00,0.000000E+00,0.000000E+00,0.000000E+00,0.000000E+00,1.999504E+01,4.364943E+01,3.150770E+01,3.978383E+01,7.705059E+03,0.000000E+00,2.518286E-01,0.000000E+00,0.000000E+00,0.000000E+00,0.000000E+00,0.000000E+00,0.000000E+00,0.000000E+00,0.000000E+00,0.000000E+00,1.999493E+01,4.252142E+01,2.657450E+01,5.127073E+01
17:35:00,3.828547E+03,0.000000E+00,1.251347E-01,0.000000E+00,0.000000E+00,0.000000E+00,0.000000E+00,0.000000E+00,0.000000E+00,0.000000E+00,0.000000E+00,0.000000E+00,1.999596E+01,3.602540E+01,2.811127E+01,4.680868E+01,4.511566E+03,0.000000E+00,1.474585E-01,0.000000E+00,0.000000E+00,0.000000E+00,0.000000E+00,0.000000E+00,0.000000E+00,0.000000E+00,0.000000E+00,0.000000E+00,1.999588E+01,3.760476E+01,3.135136E+01,3.999275E+01,4.743874E+03,0.000000E+00,1.550510E-01,0.000000E+00,0.000000E+00,0.000000E+00,0.000000E+00,0.000000E+00,0.000000E+00,0.000000E+00,0.000000E+00,0.000000E+00,1.999581E+01,3.807727E+01,3.155676E+01,3.838628E+01,8.847668E+03,0.000000E+00,2.891739E-01,0.000000E+00,0.000000E+00,0.000000E+00,0.000000E+00,0.000000E+00,0.000000E+00,0.000000E+00,0.000000E+00,0.000000E+00,1.999503E+01,4.366463E+01,3.155469E+01,3.953413E+01,7.731209E+03,0.000000E+00,2.526832E-01,0.000000E+00,0.000000E+00,0.000000E+00,0.000000E+00,0.000000E+00,0.000000E+00,0.000000E+00,0.000000E+00,0.000000E+00,1.999492E+01,4.254092E+01,2.655955E+01,5.127032E+01
17:40:00,3.836603E+03,0.000000E+00,1.253980E-01,0.000000E+00,0.000000E+00,0.000000E+00,0.000000E+00,0.000000E+00,0.000000E+00,0.000000E+00,0.000000E+00,0.000000E+00,1.999595E+01,3.602900E+01,2.811737E+01,4.676046E+01,4.520004E+03,0.000000E+00,1.477342E-01,0.000000E+00,0.000000E+00,0.000000E+00,0.000000E+00,0.000000E+00,0.000000E+00,0.000000E+00,0.000000E+00,0.000000E+00,1.999587E+01,3.760860E+01,3.135761E+01,3.983466E+01,4.753188E+03,0.000000E+00,1.553554E-01,0.000000E+00,0.000000E+00,0.000000E+00,0.000000E+00,0.000000E+00,0.000000E+00,0.000000E+00,0.000000E+00,0.000000E+00,1.999580E+01,3.808294E+01,3.155480E+01,3.836503E+01,8.872633E+03,0.000000E+00,2.899897E-01,0.000000E+00,0.000000E+00,0.000000E+00,0.000000E+00,0.000000E+00,0.000000E+00,0.000000E+00,0.000000E+00,0.000000E+00,1.999502E+01,4.368082E+01,3.159656E+01,3.929824E+01,7.758191E+03,0.000000E+00,2.535650E-01,0.000000E+00,0.000000E+00,0.000000E+00,0.000000E+00,0.000000E+00,0.000000E+00,0.000000E+00,0.000000E+00,0.000000E+00,1.999490E+01,4.256187E+01,2.653787E+01,5.130095E+01
17:45:00,3.845569E+03,0.000000E+00,1.256910E-01,0.000000E+00,0.000000E+00,0.000000E+00,0.000000E+00,0.000000E+00,0.000000E+00,0.000000E+00,0.000000E+00,0.000000E+00,1.999594E+01,3.603380E+01,2.812347E+01,4.672151E+01,4.529373E+03,0.000000E+00,1.480404E-01,0.000000E+00,0.000000E+00,0.000000E+00,0.000000E+00,0.000000E+00,0.000000E+00,0.000000E+00,0.000000E+00,0.000000E+00,1.999586E+01,3.761351E+01,3.136495E+01,3.967545E+01,4.763354E+03,0.000000E+00,1.556876E-01,0.000000E+00,0.000000E+00,0.000000E+00,0.000000E+00,0.000000E+00,0.000000E+00,0.000000E+00,0.000000E+00,0.000000E+00,1.999579E+01,3.808959E+01,3.155426E+01,3.834833E+01,8.899540E+03,0.000000E+00,2.908691E-01,0.000000E+00,0.000000E+00,0.000000E+00,0.000000E+00,0.000000E+00,0.000000E+00,0.000000E+00,0.000000E+00,0.000000E+00,1.999501E+01,4.369784E+01,3.163275E+01,3.907705E+01,7.787481E+03,0.000000E+00,2.545221E-01,0.000000E+00,0.000000E+00,0.000000E+00,0.000000E+00,0.000000E+00,0.000000E+00,0.000000E+00,0.000000E+00,0.000000E+00,1.999489E+01,4.258407E+01,2.651038E+01,5.135924E+01
17:50:00,3.855967E+03,0.000000E+00,1.260308E-01,0.000000E+00,0.000000E+00,0.000000E+00,0.000000E+00,0.000000E+00,0.000000E+00,0.000000E+00,0.000000E+00,0.000000E+00,1.999593E+01,3.603967E+01,2.812952E+01,4.669145E+01,4.540288E+03,0.000000E+00,1.483971E-01,0.000000E+00,0.000000E+00,0.000000E+00,0.000000E+00,0.000000E+00,0.000000E+00,0.000000E+00,0.000000E+00,0.000000E+00,1.999585E+01,3.761937E+01,3.137304E+01,3.951580E+01,4.775117E+03,0.000000E+00,1.560720E-01,0.000000E+00,0.000000E+00,0.000000E+00,0.000000E+00,0.000000E+00,0.000000E+00,0.000000E+00,0.000000E+00,0.000000E+00,1.999577E+01,3.809709E+01,3.155453E+01,3.833708E+01,8.929311E+03,0.000000E+00,2.918420E-01,0.000000E+00,0.000000E+00,0.000000E+00,0.000000E+00,0.000000E+00,0.000000E+00,0.000000E+00,0.000000E+00,0.000000E+00,1.999499E+01,4.371559E+01,3.166458E+01,3.886736E+01,7.819470E+03,0.000000E+00,2.555675E-01,0.000000E+00,0.000000E+00,0.000000E+00,0.000000E+00,0.000000E+00,0.000000E+00,0.000000E+00,0.000000E+00,0.000000E+00,1.999487E+01,4.260736E+01,2.648314E+01,5.142643E+01
17:55:00,3.867752E+03,0.000000E+00,1.264159E-01,0.000000E+00,0.000000E+00,0.000000E+00,0.000000E+00,0.000000E+00,0.000000E+00,0.000000E+00,0.000000E+00,0.000000E+00,1.999592E+01,3.604651E+01,2.813549E+01,4.666990E+01,4.552694E+03,0.000000E+00,1.488026E-01,0.000000E+00,0.000000E+00,0.000000E+00,0.000000E+00,0.000000E+00,0.000000E+00,0.000000E+00,0.000000E+00,0.000000E+00,1.999583E+01,3.762605E+01,3.138155E+01,3.935639E+01,4.788406E+03,0.000000E+00,1.565063E-01,0.000000E+00,0.000000E+00,0.000000E+00,0.000000E+00,0.000000E+00,0.000000E+00,0.000000E+00,0.000000E+00,0.000000E+00,1.999576E+01,3.810534E+01,3.155502E+01,3.833219E+01,8.961862E+03,0.000000E+00,2.929058E-01,0.000000E+00,0.000000E+00,0.000000E+00,0.000000E+00,0.000000E+00,0.000000E+00,0.000000E+00,0.000000E+00,0.000000E+00,1.999498E+01,4.373396E+01,3.169213E+01,3.866870E+01,7.854124E+03,0.000000E+00,2.567000E-01,0.000000E+00,0.000000E+00,0.000000E+00,0.000000E+00,0.000000E+00,0.000000E+00,0.000000E+00,0.000000E+00,0.000000E+00,1.999486E+01,4.263156E+01,2.646434E+01,5.147720E+01
18:00:00,3.880920E+03,0.000000E+00,1.268463E-01,0.000000E+00,0.000000E+00,0.000000E+00,0.000000E+00,0.000000E+00,0.000000E+00,0.000000E+00,0.000000E+00,0.000000E+00,1.999590E+01,3.605422E+01,2.814143E+01,4.665624E+01,4.566596E+03,0.000000E+00,1.492569E-01,0.000000E+00,0.000000E+00,0.000000E+00,0.000000E+00,0.000000E+00,0.000000E+00,0.000000E+00,0.000000E+00,0.000000E+00,1.999582E+01,3.763346E+01,3.139025E+01,3.919764E+01,4.803228E+03,0.000000E+00,1.569907E-01,0.000000E+00,0.000000E+00,0.000000E+00,0.000000E+00,0.000000E+00,0.000000E+00,0.000000E+00,0.000000E+00,0.000000E+00,1.999575E+01,3.811423E+01,3.155620E+01,3.833229E+01,8.997224E+03,0.000000E+00,2.940614E-01,0.000000E+00,0.000000E+00,0.000000E+00,0.000000E+00,0.000000E+00,0.000000E+00,0.000000E+00,0.000000E+00,0.000000E+00,1.999497E+01,4.375289E+01,3.171678E+01,3.847781E+01,7.891472E+03,0.000000E+00,2.579206E-01,0.000000E+00,0.000000E+00,0.000000E+00,0.000000E+00,0.000000E+00,0.000000E+00,0.000000E+00,0.000000E+00,0.000000E+00,1.999485E+01,4.265656E+01,2.645594E+01,5.150506E+01
18:05:00,3.894052E+03,0.000000E+00,1.272754E-01,0.000000E+00,0.000000E+00,0.000000E+00,0.000000E+00,0.000000E+00,0.000000E+00,0.000000E+00,0.000000E+00,0.000000E+00,1.999589E+01,3.606270E+01,2.814732E+01,4.665012E+01,4.580491E+03,0.000000E+00,1.497110E-01,0.000000E+00,0.000000E+00,0.000000E+00,0.000000E+00,0.000000E+00,0.000000E+00,0.000000E+00,0.000000E+00,0.000000E+00,1.999581E+01,3.764150E+01,3.139905E+01,3.903969E+01,4.818024E+03,0.000000E+00,1.574743E-01,0.000000E+00,0.000000E+00,0.000000E+00,0.000000E+00,0.000000E+00,0.000000E+00,0.000000E+00,0.000000E+00,0.000000E+00,1.999574E+01,3.812369E+01,3.155767E+01,3.833786E+01,9.032200E+03,0.000000E+00,2.952045E-01,0.000000E+00,0.000000E+00,0.000000E+00,0.000000E+00,0.000000E+00,0.000000E+00,0.000000E+00,0.000000E+00,0.000000E+00,1.999496E+01,4.377231E+01,3.173974E+01,3.829192E+01,7.928080E+03,0.000000E+00,2.591169E-01,0.000000E+00,0.000000E+00,0.000000E+00,0.000000E+00,0.000000E+00,0.000000E+00,0.000000E+00,0.000000E+00,0.000000E+00,1.999483E+01,4.268223E+01,2.645531E+01,5.151746E+01
18:10:00,3.907045E+03,0.000000E+00,1.277001E-01,0.000000E+00,0.000000E+00,0.000000E+00,0.000000E+00,0.000000E+00,0.000000E+00,0.000000E+00,0.000000E+00,0.000000E+00,1.999588E+01,3.607398E+01,2.815087E+01,4.665491E+01,4.594258E+03,0.000000E+00,1.501609E-01,0.000000E+00,0.000000E+00,0.000000E+00,0.000000E+00,0.000000E+00,0.000000E+00,0.000000E+00,0.000000E+00,0.000000E+00,1.999580E+01,3.765225E+01,3.140239E+01,3.890917E+01,4.832665E+03,0.000000E+00,1.579527E-01,0.000000E+00,0.000000E+00,0.000000E+00,0.000000E+00,0.000000E+00,0.000000E+00,0.000000E+00,0.000000E+00,0.000000E+00,1.999573E+01,3.813574E+01,3.155672E+01,3.835242E+01,9.066361E+03,0.000000E+00,2.963208E-01,0.000000E+00,0.000000E+00,0.000000E+00,0.000000E+00,0.000000E+00,0.000000E+00,0.000000E+00,0.000000E+00,0.000000E+00,1.999496E+01,4.379339E+01,3.175243E+01,3.814358E+01,7.963508E+03,0.000000E+00,2.602747E-01,0.000000E+00,0.000000E+00,0.000000E+00,0.000000E+00,0.000000E+00,0.000000E+00,0.000000E+00,0.000000E+00,0.000000E+00,1.999483E+01,4.270931E+01,2.645643E+01,5.152954E+01
18:15:00,3.919795E+03,0.000000E+00,1.281167E-01,0.000000E+00,0.000000E+00,0.000000E+00,0.000000E+00,0.000000E+00,0.000000E+00,0.000000E+00,0.000000E+00,0.000000E+00,1.999587E+01,3.608910E+01,2.815113E+01,4.667130E+01,4.607915E+03,0.000000E+00,1.506072E-01,0.000000E+00,0.000000E+00,0.000000E+00,0.000000E+00,0.000000E+00,0.000000E+00,0.000000E+00,0.000000E+00,0.000000E+00,1.999580E+01,3.766670E+01,3.139855E+01,3.881796E+01,4.847203E+03,0.000000E+00,1.584278E-01,0.000000E+00,0.000000E+00,0.000000E+00,0.000000E+00,0.000000E+00,0.000000E+00,0.000000E+00,0.000000E+00,0.000000E+00,1.999573E+01,3.815135E+01,3.155231E+01,3.837671E+01,9.099772E+03,0.000000E+00,2.974127E-01,0.000000E+00,0.000000E+00,0.000000E+00,0.000000E+00,0.000000E+00,0.000000E+00,0.000000E+00,0.000000E+00,0.000000E+00,1.999495E+01,4.381646E+01,3.175182E+01,3.804709E+01,7.997822E+03,0.000000E+00,2.613961E-01,0.000000E+00,0.000000E+00,0.000000E+00,0.000000E+00,0.000000E+00,0.000000E+00,0.000000E+00,0.000000E+00,0.000000E+00,1.999483E+01,4.273787E+01,2.645611E+01,5.154899E+01
18:20:00,3.932384E+03,0.000000E+00,1.285282E-01,0.000000E+00,0.000000E+00,0.000000E+00,0.000000E+00,0.000000E+00,0.000000E+00,0.000000E+00,0.000000E+00,0.000000E+00,1.999587E+01,3.610806E+01,2.814848E+01,4.669751E+01,4.621449E+03,0.000000E+00,1.510495E-01,0.000000E+00,0.000000E+00,0.000000E+00,0.000000E+00,0.000000E+00,0.000000E+00,0.000000E+00,0.000000E+00,0.000000E+00,1.999579E+01,3.768484E+01,3.138913E+01,3.876395E+01,4.861601E+03,0.000000E+00,1.588984E-01,0.000000E+00,0.000000E+00,0.000000E+00,0.000000E+00,0.000000E+00,0.000000E+00,0.000000E+00,0.000000E+00,0.000000E+00,1.999572E+01,3.817049E+01,3.154492E+01,3.840906E+01,9.132379E+03,0.000000E+00,2.984783E-01,0.000000E+00,0.000000E+00,0.000000E+00,0.000000E+00,0.000000E+00,0.000000E+00,0.000000E+00,0.000000E+00,0.000000E+00,1.999495E+01,4.384133E+01,3.174047E+01,3.799821E+01,8.030986E+03,0.000000E+00,2.624799E-01,0.000000E+00,0.000000E+00,0.000000E+00,0.000000E+00,0.000000E+00,0.000000E+00,0.000000E+00,0.000000E+00,0.000000E+00,1.999483E+01,4.276771E+01,2.645387E+01,5.157636E+01
18:25:00,3.944840E+03,0.000000E+00,1.289352E-01,0.000000E+00,0.000000E+00,0.000000E+00,0.000000E+00,0.000000E+00,0.000000E+00,0.000000E+00,0.000000E+00,0.000000E+00,1.999586E+01,3.613042E+01,2.814368E+01,4.673126E+01,4.634857E+03,0.000000E+00,1.514877E-01,0.000000E+00,0.000000E+00,0.000000E+00,0.000000E+00,0.000000E+00,0.000000E+00,0.000000E+00,0.000000E+00,0.000000E+00,1.999578E+01,3.770621E+01,3.137640E+01,3.874071E+01,4.875845E+03,0.000000E+00,1.593639E-01,0.000000E+00,0.000000E+00,0.000000E+00,0.000000E+00,0.000000E+00,0.000000E+00,0.000000E+00,0.000000E+00,0.000000E+00,1.999571E+01,3.819270E+01,3.153528E+01,3.844773E+01,9.164151E+03,0.000000E+00,2.995167E-01,0.000000E+00,0.000000E+00,0.000000E+00,0.000000E+00,0.000000E+00,0.000000E+00,0.000000E+00,0.000000E+00,0.000000E+00,1.999495E+01,4.386762E+01,3.172315E+01,3.798519E+01,8.063063E+03,0.000000E+00,2.635282E-01,0.000000E+00,0.000000E+00,0.000000E+00,0.000000E+00,0.000000E+00,0.000000E+00,0.000000E+00,0.000000E+00,0.000000E+00,1.999482E+01,4.279854E+01,2.645026E+01,5.160982E+01
18:30:00,3.957160E+03,0.000000E+00,1.293379E-01,0.000000E+00,0.000000E+00,0.000000E+00,0.000000E+00,0.000000E+00,0.000000E+00,0.000000E+00,0.000000E+00,0.000000E+00,1.999585E+01,3.615566E+01,2.813746E+01,4.677052E+01,4.648136E+03,0.000000E+00,1.519217E-01,0.000000E+00,0.000000E+00,0.000000E+00,0.000000E+00,0.000000E+00,0.000000E+00,0.000000E+00,0.000000E+00,0.000000E+00,1.999578E+01,3.773029E+01,3.136185E+01,3.874278E+01,4.889933E+03,0.000000E+00,1.598243E-01,0.000000E+00,0.000000E+00,0.000000E+00,0.000000E+00,0.000000E+00,0.000000E+00,0.000000E+00,0.000000E+00,0.000000E+00,1.999571E+01,3.821748E+01,3.152401E+01,3.849129E+01,9.195064E+03,0.000000E+00,3.005269E-01,0.000000E+00,0.000000E+00,0.000000E+00,0.000000E+00,0.000000E+00,0.000000E+00,0.000000E+00,0.000000E+00,0.000000E+00,1.999495E+01,4.389497E+01,3.170350E+01,3.799813E+01,8.093966E+03,0.000000E+00,2.645381E-01,0.000000E+00,0.000000E+00,0.000000E+00,0.000000E+00,0.000000E+00,0.000000E+00,0.000000E+00,0.000000E+00,0.000000E+00,1.999482E+01,4.283012E+01,2.644593E+01,5.164727E+01
18:35:00,3.969341E+03,0.000000E+00,1.297359E-01,0.000000E+00,0.000000E+00,0.000000E+00,0.000000E+00,0.000000E+00,0.000000E+00,0.000000E+00,0.000000E+00,0.000000E+00,1.999585E+01,3.618335E+01,2.813010E+01,4.681440E+01,4.661284E+03,0.000000E+00,1.523514E-01,0.000000E+00,0.000000E+00,0.000000E+00,0.000000E+00,0.000000E+00,0.000000E+00,0.000000E+00,0.000000E+00,0.000000E+00,1.999577E+01,3.775664E+01,3.134621E+01,3.876671E+01,4.903860E+03,0.000000E+00,1.602795E-01,0.000000E+00,0.000000E+00,0.000000E+00,0.000000E+00,0.000000E+00,0.000000E+00,0.000000E+00,0.000000E+00,0.000000E+00,1.999570E+01,3.824440E+01,3.151149E+01,3.853882E+01,9.225093E+03,0.000000E+00,3.015083E-01,0.000000E+00,0.000000E+00,0.000000E+00,0.000000E+00,0.000000E+00,0.000000E+00,0.000000E+00,0.000000E+00,0.000000E+00,1.999495E+01,4.392311E+01,3.168253E+01,3.803301E+01,8.123652E+03,0.000000E+00,2.655083E-01,0.000000E+00,0.000000E+00,0.000000E+00,0.000000E+00,0.000000E+00,0.000000E+00,0.000000E+00,0.000000E+00,0.000000E+00,1.999482E+01,4.286224E+01,2.644112E+01,5.168786E+01
18:40:00,3.981408E+03,0.000000E+00,1.301303E-01,0.000000E+00,0.000000E+00,0.000000E+00,0.000000E+00,0.000000E+00,0.000000E+00,0.000000E+00,0.000000E+00,0.000000E+00,1.999584E+01,3.621314E+01,2.812158E+01,4.686287E+01,4.674302E+03,0.000000E+00,1.527768E-01,0.000000E+00,0.000000E+00,0.000000E+00,0.000000E+00,0.000000E+00,0.000000E+00,0.000000E+00,0.000000E+00,0.000000E+00,1.999577E+01,3.778491E+01,3.132954E+01,3.881070E+01,4.917621E+03,0.000000E+00,1.607292E-01,0.000000E+00,0.000000E+00,0.000000E+00,0.000000E+00,0.000000E+00,0.000000E+00,0.000000E+00,0.000000E+00,0.000000E+00,1.999570E+01,3.827311E+01,3.149841E+01,3.858877E+01,9.254212E+03,0.000000E+00,3.024600E-01,0.000000E+00,0.000000E+00,0.000000E+00,0.000000E+00,0.000000E+00,0.000000E+00,0.000000E+00,0.000000E+00,0.000000E+00,1.999495E+01,4.395184E+01,3.165787E+01,3.809341E+01,8.152098E+03,0.000000E+00,2.664380E-01,0.000000E+00,0.000000E+00,0.000000E+00,0.000000E+00,0.000000E+00,0.000000E+00,0.000000E+00,0.000000E+00,0.000000E+00,1.999482E+01,4.289476E+01,2.643571E+01,5.173185E+01
18:45:00,3.993342E+03,0.000000E+00,1.305203E-01,0.000000E+00,0.000000E+00,0.000000E+00,0.000000E+00,0.000000E+00,0.000000E+00,0.000000E+00,0.000000E+00,0.000000E+00,1.999583E+01,3.624472E+01,2.811201E+01,4.691547E+01,4.687186E+03,0.000000E+00,1.531979E-01,0.000000E+00,0.000000E+00,0.000000E+00,0.000000E+00,0.000000E+00,0.000000E+00,0.000000E+00,0.000000E+00,0.000000E+00,1.999576E+01,3.781479E+01,3.131189E+01,3.887328E+01,4.931214E+03,0.000000E+00,1.611734E-01,0.000000E+00,0.000000E+00,0.000000E+00,0.000000E+00,0.000000E+00,0.000000E+00,0.000000E+00,0.000000E+00,0.000000E+00,1.999570E+01,3.830334E+01,3.148596E+01,3.863841E+01,9.282396E+03,0.000000E+00,3.033811E-01,0.000000E+00,0.000000E+00,0.000000E+00,0.000000E+00,0.000000E+00,0.000000E+00,0.000000E+00,0.000000E+00,0.000000E+00,1.999495E+01,4.398101E+01,3.162819E+01,3.818084E+01,8.179281E+03,0.000000E+00,2.673263E-01,0.000000E+00,0.000000E+00,0.000000E+00,0.000000E+00,0.000000E+00,0.000000E+00,0.000000E+00,0.000000E+00,0.000000E+00,1.999482E+01,4.292754E+01,2.642967E+01,5.177916E+01
18:50:00,4.005133E+03,0.000000E+00,1.309057E-01,0.000000E+00,0.000000E+00,0.000000E+00,0.000000E+00,0.000000E+00,0.000000E+00,0.000000E+00,0.000000E+00,0.000000E+00,1.999583E+01,3.627766E+01,2.810160E+01,4.697155E+01,4.699934E+03,0.000000E+00,1.536145E-01,0.000000E+00,0.000000E+00,0.000000E+00,0.000000E+00,0.000000E+00,0.000000E+00,0.000000E+00,0.000000E+00,0.000000E+00,1.999576E+01,3.784588E+01,3.129341E+01,3.895284E+01,4.944638E+03,0.000000E+00,1.616121E-01,0.000000E+00,0.000000E+00,0.000000E+00,0.000000E+00,0.000000E+00,0.000000E+00,0.000000E+00,0.000000E+00,0.000000E+00,1.999569E+01,3.833466E+01,3.147433E+01,3.868719E+01,9.309620E+03,0.000000E+00,3.042708E-01,0.000000E+00,0.000000E+00,0.000000E+00,0.000000E+00,0.000000E+00,0.000000E+00,0.000000E+00,0.000000E+00,0.000000E+00,1.999495E+01,4.401032E+01,3.159387E+01,3.829334E+01,8.205177E+03,0.000000E+00,2.681727E-01,0.000000E+00,0.000000E+00,0.000000E+00,0.000000E+00,0.000000E+00,0.000000E+00,0.000000E+00,0.000000E+00,0.000000E+00,1.999482E+01,4.296034E+01,2.642297E+01,5.182978E+01
18:55:00,4.016783E+03,0.000000E+00,1.312864E-01,0.000000E+00,0.000000E+00,0.000000E+00,0.000000E+00,0.000000E+00,0.000000E+00,0.000000E+00,0.000000E+00,0.000000E+00,1.999583E+01,3.631152E+01,2.809069E+01,4.703006E+01,4.712543E+03,0.000000E+00,1.540266E-01,0.000000E+00,0.000000E+00,0.000000E+00,0.000000E+00,0.000000E+00,0.000000E+00,0.000000E+00,0.000000E+00,0.000000E+00,1.999576E+01,3.787774E+01,3.127427E+01,3.904776E+01,4.957889E+03,0.000000E+00,1.620452E-01,0.000000E+00,0.000000E+00,0.000000E+00,0.000000E+00,0.000000E+00,0.000000E+00,0.000000E+00,0.000000E+00,0.000000E+00,1.999569E+01,3.836665E+01,3.146394E+01,3.873412E+01,9.335857E+03,0.000000E+00,3.051283E-01,0.000000E+00,0.000000E+00,0.000000E+00,0.000000E+00,0.000000E+00,0.000000E+00,0.000000E+00,0.000000E+00,0.000000E+00,1.999495E+01,4.403948E+01,3.155584E+01,3.842781E+01,8.229761E+03,0.000000E+00,2.689761E-01,0.000000E+00,0.000000E+00,0.000000E+00,0.000000E+00,0.000000E+00,0.000000E+00,0.000000E+00,0.000000E+00,0.000000E+00,1.999482E+01,4.299286E+01,2.641577E+01,5.188307E+01
19:00:00,4.028290E+03,0.000000E+00,1.316625E-01,0.000000E+00,0.000000E+00,0.000000E+00,0.000000E+00,0.000000E+00,0.000000E+00,0.000000E+00,0.000000E+00,0.000000E+00,1.999582E+01,3.634603E+01,2.807959E+01,4.709003E+01,4.725012E+03,0.000000E+00,1.544341E-01,0.000000E+00,0.000000E+00,0.000000E+00,0.000000E+00,0.000000E+00,0.000000E+00,0.000000E+00,0.000000E+00,0.000000E+00,1.999576E+01,3.791011E+01,3.125455E+01,3.915676E+01,4.970965E+03,0.000000E+00,1.624725E-01,0.000000E+00,0.000000E+00,0.000000E+00,0.000000E+00,0.000000E+00,0.000000E+00,0.000000E+00,0.000000E+00,0.000000E+00,1.999569E+01,3.839908E+01,3.145479E+01,3.877906E+01,9.361081E+03,0.000000E+00,3.059527E-01,0.000000E+00,0.000000E+00,0.000000E+00,0.000000E+00,0.000000E+00,0.000000E+00,0.000000E+00,0.000000E+00,0.000000E+00,1.999495E+01,4.406837E+01,3.151519E+01,3.858088E+01,8.253008E+03,0.000000E+00,2.697359E-01,0.000000E+00,0.000000E+00,0.000000E+00,0.000000E+00,0.000000E+00,0.000000E+00,0.000000E+00,0.000000E+00,0.000000E+00,1.999482E+01,4.302500E+01,2.640831E+01,5.193821E+01
19:05:00,4.040181E+03,0.000000E+00,1.320511E-01,0.000000E+00,0.000000E+00,0.000000E+00,0.000000E+00,0.000000E+00,0.000000E+00,0.000000E+00,0.000000E+00,0.000000E+00,1.999582E+01,3.638104E+01,2.806849E+01,4.715084E+01,4.737901E+03,0.000000E+00,1.548553E-01,0.000000E+00,0.000000E+00,0.000000E+00,0.000000E+00,0.000000E+00,0.000000E+00,0.000000E+00,0.000000E+00,0.000000E+00,1.999575E+01,3.794286E+01,3.123433E+01,3.927855E+01,4.984463E+03,0.000000E+00,1.629137E-01,0.000000E+00,0.000000E+00,0.000000E+00,0.000000E+00,0.000000E+00,0.000000E+00,0.000000E+00,0.000000E+00,0.000000E+00,1.999569E+01,3.843181E+01,3.144653E+01,3.882269E+01,9.386950E+03,0.000000E+00,3.067982E-01,0.000000E+00,0.000000E+00,0.000000E+00,0.000000E+00,0.000000E+00,0.000000E+00,0.000000E+00,0.000000E+00,0.000000E+00,1.999495E+01,4.409696E+01,3.147296E+01,3.874926E+01,8.276797E+03,0.000000E+00,2.705134E-01,0.000000E+00,0.000000E+00,0.000000E+00,0.000000E+00,0.000000E+00,0.000000E+00,0.000000E+00,0.000000E+00,0.000000E+00,1.999482E+01,4.305675E+01,2.640071E+01,5.199465E+01
19:10:00,4.052493E+03,0.000000E+00,1.324535E-01,0.000000E+00,0.000000E+00,0.000000E+00,0.000000E+00,0.000000E+00,0.000000E+00,0.000000E+00,0.000000E+00,0.000000E+00,1.999581E+01,3.641736E+01,2.806140E+01,4.715179E+01,4.751252E+03,0.000000E+00,1.552917E-01,0.000000E+00,0.000000E+00,0.000000E+00,0.000000E+00,0.000000E+00,0.000000E+00,0.000000E+00,0.000000E+00,0.000000E+00,1.999575E+01,3.797679E+01,3.121574E+01,3.943240E+01,4.998437E+03,0.000000E+00,1.633704E-01,0.000000E+00,0.000000E+00,0.000000E+00,0.000000E+00,0.000000E+00,0.000000E+00,0.000000E+00,0.000000E+00,0.000000E+00,1.999568E+01,3.846564E+01,3.144280E+01,3.881565E+01,9.413705E+03,0.000000E+00,3.076726E-01,0.000000E+00,0.000000E+00,0.000000E+00,0.000000E+00,0.000000E+00,0.000000E+00,0.000000E+00,0.000000E+00,0.000000E+00,1.999495E+01,4.412620E+01,3.143344E+01,3.894735E+01,8.301408E+03,0.000000E+00,2.713178E-01,0.000000E+00,0.000000E+00,0.000000E+00,0.000000E+00,0.000000E+00,0.000000E+00,0.000000E+00,0.000000E+00,0.000000E+00,1.999482E+01,4.308909E+01,2.639696E+01,5.198574E+01
19:15:00,4.065221E+03,0.000000E+00,1.328695E-01,0.000000E+00,0.000000E+00,0.000000E+00,0.000000E+00,0.000000E+00,0.000000E+00,0.000000E+00,0.000000E+00,0.000000E+00,1.999580E+01,3.645542E+01,2.805969E+01,4.705954E+01,4.765060E+03,0.000000E+00,1.557430E-01,0.000000E+00,0.000000E+00,0.000000E+00,0.000000E+00,0.000000E+00,0.000000E+00,0.000000E+00,0.000000E+00,0.000000E+00,1.999574E+01,3.801232E+01,3.119949E+01,3.963040E+01,5.012878E+03,0.000000E+00,1.638424E-01,0.000000E+00,0.000000E+00,0.000000E+00,0.000000E+00,0.000000E+00,0.000000E+00,0.000000E+00,0.000000E+00,0.000000E+00,1.999567E+01,3.850100E+01,3.144438E+01,3.873165E+01,9.441309E+03,0.000000E+00,3.085748E-01,0.000000E+00,0.000000E+00,0.000000E+00,0.000000E+00,0.000000E+00,0.000000E+00,0.000000E+00,0.000000E+00,0.000000E+00,1.999494E+01,4.415657E+01,3.139741E+01,3.918696E+01,8.326790E+03,0.000000E+00,2.721473E-01,0.000000E+00,0.000000E+00,0.000000E+00,0.000000E+00,0.000000E+00,0.000000E+00,0.000000E+00,0.000000E+00,0.000000E+00,1.999481E+01,4.312257E+01,2.639834E+01,5.187515E+01
19:20:00,4.078363E+03,0.000000E+00,1.332990E-01,0.000000E+00,0.000000E+00,0.000000E+00,0.000000E+00,0.000000E+00,0.000000E+00,0.000000E+00,0.000000E+00,0.000000E+00,1.999580E+01,3.649518E+01,2.806253E+01,4.686902E+01,4.779327E+03,0.000000E+00,1.562092E-01,0.000000E+00,0.000000E+00,0.000000E+00,0.000000E+00,0.000000E+00,0.000000E+00,0.000000E+00,0.000000E+00,0.000000E+00,1.999573E+01,3.804941E+01,3.118479E+01,3.987660E+01,5.027788E+03,0.000000E+00,1.643297E-01,0.000000E+00,0.000000E+00,0.000000E+00,0.000000E+00,0.000000E+00,0.000000E+00,0.000000E+00,0.000000E+00,0.000000E+00,1.999567E+01,3.853784E+01,3.145002E+01,3.856739E+01,9.469771E+03,0.000000E+00,3.095050E-01,0.000000E+00,0.000000E+00,0.000000E+00,0.000000E+00,0.000000E+00,0.000000E+00,0.000000E+00,0.000000E+00,0.000000E+00,1.999494E+01,4.418804E+01,3.136459E+01,3.947115E+01,8.352952E+03,0.000000E+00,2.730024E-01,0.000000E+00,0.000000E+00,0.000000E+00,0.000000E+00,0.000000E+00,0.000000E+00,0.000000E+00,0.000000E+00,0.000000E+00,1.999481E+01,4.315717E+01,2.640392E+01,5.165764E+01
19:25:00,4.091922E+03,0.000000E+00,1.337421E-01,0.000000E+00,0.000000E+00,0.000000E+00,0.000000E+00,0.000000E+00,0.000000E+00,0.000000E+00,0.000000E+00,0.000000E+00,1.999579E+01,3.653637E+01,2.806855E+01,4.658698E+01,4.794052E+03,0.000000E+00,1.566905E-01,0.000000E+00,0.000000E+00,0.000000E+00,0.000000E+00,0.000000E+00,0.000000E+00,0.000000E+00,0.000000E+00,0.000000E+00,1.999573E+01,3.808780E+01,3.117088E+01,4.016997E+01,5.043168E+03,0.000000E+00,1.648323E-01,0.000000E+00,0.000000E+00,0.000000E+00,0.000000E+00,0.000000E+00,0.000000E+00,0.000000E+00,0.000000E+00,0.000000E+00,1.999566E+01,3.857592E+01,3.145818E+01,3.832882E+01,9.499097E+03,0.000000E+00,3.104635E-01,0.000000E+00,0.000000E+00,0.000000E+00,0.000000E+00,0.000000E+00,0.000000E+00,0.000000E+00,0.000000E+00,0.000000E+00,1.999494E+01,4.422036E+01,3.133314E+01,3.980130E+01,8.379896E+03,0.000000E+00,2.738830E-01,0.000000E+00,0.000000E+00,0.000000E+00,0.000000E+00,0.000000E+00,0.000000E+00,0.000000E+00,0.000000E+00,0.000000E+00,1.999481E+01,4.319265E+01,2.641230E+01,5.134081E+01
19:30:00,4.105897E+03,0.000000E+00,1.341989E-01,0.000000E+00,0.000000E+00,0.000000E+00,0.000000E+00,0.000000E+00,0.000000E+00,0.000000E+00,0.000000E+00,0.000000E+00,1.999578E+01,3.657871E+01,2.807663E+01,4.622190E+01,4.809238E+03,0.000000E+00,1.571868E-01,0.000000E+00,0.000000E+00,0.000000E+00,0.000000E+00,0.000000E+00,0.000000E+00,0.000000E+00,0.000000E+00,0.000000E+00,1.999572E+01,3.812721E+01,3.115728E+01,4.050761E+01,5.059019E+03,0.000000E+00,1.653504E-01,0.000000E+00,0.000000E+00,0.000000E+00,0.000000E+00,0.000000E+00,0.000000E+00,0.000000E+00,0.000000E+00,0.000000E+00,1.999566E+01,3.861494E+01,3.146763E+01,3.802314E+01,9.529293E+03,0.000000E+00,3.114504E-01,0.000000E+00,0.000000E+00,0.000000E+00,0.000000E+00,0.000000E+00,0.000000E+00,0.000000E+00,0.000000E+00,0.000000E+00,1.999493E+01,4.425325E+01,3.130145E+01,4.017727E+01,8.407625E+03,0.000000E+00,2.747892E-01,0.000000E+00,0.000000E+00,0.000000E+00,0.000000E+00,0.000000E+00,0.000000E+00,0.000000E+00,0.000000E+00,0.000000E+00,1.999480E+01,4.322871E+01,2.642234E+01,5.093407E+01
19:35:00,4.120290E+03,0.000000E+00,1.346693E-01,0.000000E+00,0.000000E+00,0.000000E+00,0.000000E+00,0.000000E+00,0.000000E+00,0.000000E+00,0.000000E+00,0.000000E+00,1.999577E+01,3.662194E+01,2.808611E+01,4.578046E+01,4.824884E+03,0.000000E+00,1.576982E-01,0.000000E+00,0.000000E+00,0.000000E+00,0.000000E+00,0.000000E+00,0.000000E+00,0.000000E+00,0.000000E+00,0.000000E+00,1.999572E+01,3.816740E+01,3.114377E+01,4.088644E+01,5.075343E+03,0.000000E+00,1.658839E-01,0.000000E+00,0.000000E+00,0.000000E+00,0.000000E+00,0.000000E+00,0.000000E+00,0.000000E+00,0.000000E+00,0.000000E+00,1.999565E+01,3.865469E+01,3.147780E+01,3.765573E+01,9.560362E+03,0.000000E+00,3.124658E-01,0.000000E+00,0.000000E+00,0.000000E+00,0.000000E+00,0.000000E+00,0.000000E+00,0.000000E+00,0.000000E+00,0.000000E+00,1.999493E+01,4.428648E+01,3.126928E+01,4.059620E+01,8.436142E+03,0.000000E+00,2.757212E-01,0.000000E+00,0.000000E+00,0.000000E+00,0.000000E+00,0.000000E+00,0.000000E+00,0.000000E+00,0.000000E+00,0.000000E+00,1.999480E+01,4.326513E+01,2.643342E+01,5.044470E+01
19:40:00,4.135100E+03,0.000000E+00,1.351533E-01,0.000000E+00,0.000000E+00,0.000000E+00,0.000000E+00,0.000000E+00,0.000000E+00,0.000000E+00,0.000000E+00,0.000000E+00,1.999577E+01,3.666585E+01,2.809661E+01,4.526777E+01,4.840992E+03,0.000000E+00,1.582246E-01,0.000000E+00,0.000000E+00,0.000000E+00,0.000000E+00,0.000000E+00,0.000000E+00,0.000000E+00,0.000000E+00,0.000000E+00,1.999571E+01,3.820816E+01,3.113020E+01,4.130375E+01,5.092139E+03,0.000000E+00,1.664328E-01,0.000000E+00,0.000000E+00,0.000000E+00,0.000000E+00,0.000000E+00,0.000000E+00,0.000000E+00,0.000000E+00,0.000000E+00,1.999565E+01,3.869496E+01,3.148838E+01,3.723060E+01,9.592309E+03,0.000000E+00,3.135099E-01,0.000000E+00,0.000000E+00,0.000000E+00,0.000000E+00,0.000000E+00,0.000000E+00,0.000000E+00,0.000000E+00,0.000000E+00,1.999493E+01,4.431990E+01,3.123697E+01,4.105440E+01,8.465448E+03,0.000000E+00,2.766790E-01,0.000000E+00,0.000000E+00,0.000000E+00,0.000000E+00,0.000000E+00,0.000000E+00,0.000000E+00,0.000000E+00,0.000000E+00,1.999480E+01,4.330174E+01,2.644514E+01,4.987826E+01
19:45:00,4.150329E+03,0.000000E+00,1.356510E-01,0.000000E+00,0.000000E+00,0.000000E+00,0.000000E+00,0.000000E+00,0.000000E+00,0.000000E+00,0.000000E+00,0.000000E+00,1.999576E+01,3.671027E+01,2.810758E+01,4.468871E+01,4.857492E+03,0.000000E+00,1.587639E-01,0.000000E+00,0.000000E+00,0.000000E+00,0.000000E+00,0.000000E+00,0.000000E+00,0.000000E+00,0.000000E+00,0.000000E+00,1.999571E+01,3.824934E+01,3.111643E+01,4.175714E+01,5.109377E+03,0.000000E+00,1.669962E-01,0.000000E+00,0.000000E+00,0.000000E+00,0.000000E+00,0.000000E+00,0.000000E+00,0.000000E+00,0.000000E+00,0.000000E+00,1.999564E+01,3.873559E+01,3.149883E+01,3.675172E+01,9.625133E+03,0.000000E+00,3.145827E-01,0.000000E+00,0.000000E+00,0.000000E+00,0.000000E+00,0.000000E+00,0.000000E+00,0.000000E+00,0.000000E+00,0.000000E+00,1.999493E+01,4.435340E+01,3.120591E+01,4.154599E+01,8.495546E+03,0.000000E+00,2.776627E-01,0.000000E+00,0.000000E+00,0.000000E+00,0.000000E+00,0.000000E+00,0.000000E+00,0.000000E+00,0.000000E+00,0.000000E+00,1.999479E+01,4.333842E+01,2.645702E+01,4.923998E+01
19:50:00,4.165974E+03,0.000000E+00,1.361624E-01,0.000000E+00,0.000000E+00,0.000000E+00,0.000000E+00,0.000000E+00,0.000000E+00,0.000000E+00,0.000000E+00,0.000000E+00,1.999576E+01,3.675504E+01,2.811898E+01,4.404654E+01,4.874434E+03,0.000000E+00,1.593176E-01,0.000000E+00,0.000000E+00,0.000000E+00,0.000000E+00,0.000000E+00,0.000000E+00,0.000000E+00,0.000000E+00,0.000000E+00,1.999570E+01,3.829068E+01,3.110238E+01,4.224431E+01,5.127078E+03,0.000000E+00,1.675748E-01,0.000000E+00,0.000000E+00,0.000000E+00,0.000000E+00,0.000000E+00,0.000000E+00,0.000000E+00,0.000000E+00,0.000000E+00,1.999564E+01,3.877641E+01,3.150916E+01,3.622171E+01,9.658842E+03,0.000000E+00,3.156844E-01,0.000000E+00,0.000000E+00,0.000000E+00,0.000000E+00,0.000000E+00,0.000000E+00,0.000000E+00,0.000000E+00,0.000000E+00,1.999493E+01,4.438686E+01,3.117603E+01,4.206868E+01,8.526438E+03,0.000000E+00,2.786724E-01,0.000000E+00,0.000000E+00,0.000000E+00,0.000000E+00,0.000000E+00,0.000000E+00,0.000000E+00,0.000000E+00,0.000000E+00,1.999479E+01,4.337505E+01,2.646902E+01,4.853333E+01
19:55:00,4.182039E+03,0.000000E+00,1.366874E-01,0.000000E+00,0.000000E+00,0.000000E+00,0.000000E+00,0.000000E+00,0.000000E+00,0.000000E+00,0.000000E+00,0.000000E+00,1.999575E+01,3.680004E+01,2.813062E+01,4.334472E+01,4.891835E+03,0.000000E+00,1.598863E-01,0.000000E+00,0.000000E+00,0.000000E+00,0.000000E+00,0.000000E+00,0.000000E+00,0.000000E+00,0.000000E+00,0.000000E+00,1.999570E+01,3.833207E+01,3.108808E+01,4.276287E+01,5.145251E+03,0.000000E+00,1.681687E-01,0.000000E+00,0.000000E+00,0.000000E+00,0.000000E+00,0.000000E+00,0.000000E+00,0.000000E+00,0.000000E+00,0.000000E+00,1.999563E+01,3.881729E+01,3.151936E+01,3.564296E+01,9.693442E+03,0.000000E+00,3.168153E-01,0.000000E+00,0.000000E+00,0.000000E+00,0.000000E+00,0.000000E+00,0.000000E+00,0.000000E+00,0.000000E+00,0.000000E+00,1.999492E+01,4.442022E+01,3.114659E+01,4.262184E+01,8.558127E+03,0.000000E+00,2.797080E-01,0.000000E+00,0.000000E+00,0.000000E+00,0.000000E+00,0.000000E+00,0.000000E+00,0.000000E+00,0.000000E+00,0.000000E+00,1.999479E+01,4.341156E+01,2.648102E+01,4.776188E+01
20:00:00,4.198523E+03,0.000000E+00,1.372261E-01,0.000000E+00,0.000000E+00,0.000000E+00,0.000000E+00,0.000000E+00,0.000000E+00,0.000000E+00,0.000000E+00,0.000000E+00,1.999575E+01,3.684514E+01,2.813946E+01,4.259352E+01,4.909695E+03,0.000000E+00,1.604700E-01,0.000000E+00,0.000000E+00,0.000000E+00,0.000000E+00,0.000000E+00,0.000000E+00,0.000000E+00,0.000000E+00,0.000000E+00,1.999569E+01,3.837348E+01,3.106998E+01,4.331930E+01,5.163896E+03,0.000000E+00,1.687781E-01,0.000000E+00,0.000000E+00,0.000000E+00,0.000000E+00,0.000000E+00,0.000000E+00,0.000000E+00,0.000000E+00,0.000000E+00,1.999563E+01,3.885818E+01,3.152557E+01,3.502545E+01,9.728936E+03,0.000000E+00,3.179753E-01,0.000000E+00,0.000000E+00,0.000000E+00,0.000000E+00,0.000000E+00,0.000000E+00,0.000000E+00,0.000000E+00,0.000000E+00,1.999492E+01,4.445343E+01,3.111222E+01,4.321650E+01,8.590616E+03,0.000000E+00,2.807698E-01,0.000000E+00,0.000000E+00,0.000000E+00,0.000000E+00,0.000000E+00,0.000000E+00,0.000000E+00,0.000000E+00,0.000000E+00,1.999479E+01,4.344788E+01,2.649044E+01,4.693579E+01
20:05:00,4.214571E+03,0.000000E+00,1.377506E-01,0.000000E+00,0.000000E+00,0.000000E+00,0.000000E+00,0.000000E+00,0.000000E+00,0.000000E+00,0.000000E+00,0.000000E+00,1.999574E+01,3.689025E+01,2.814709E+01,4.179140E+01,4.927104E+03,0.000000E+00,1.610390E-01,0.000000E+00,0.000000E+00,0.000000E+00,0.000000E+00,0.000000E+00,0.000000E+00,0.000000E+00,0.000000E+00,0.000000E+00,1.999569E+01,3.841487E+01,3.105020E+01,4.390660E+01,5.182091E+03,0.000000E+00,1.693727E-01,0.000000E+00,0.000000E+00,0.000000E+00,0.000000E+00,0.000000E+00,0.000000E+00,0.000000E+00,0.000000E+00,0.000000E+00,1.999563E+01,3.889901E+01,3.153034E+01,3.436598E+01,9.763753E+03,0.000000E+00,3.191132E-01,0.000000E+00,0.000000E+00,0.000000E+00,0.000000E+00,0.000000E+00,0.000000E+00,0.000000E+00,0.000000E+00,0.000000E+00,1.999492E+01,4.448644E+01,3.107759E+01,4.383949E+01,8.622381E+03,0.000000E+00,2.818080E-01,0.000000E+00,0.000000E+00,0.000000E+00,0.000000E+00,0.000000E+00,0.000000E+00,0.000000E+00,0.000000E+00,0.000000E+00,1.999479E+01,4.348396E+01,2.649873E+01,4.605361E+01
20:10:00,4.230111E+03,0.000000E+00,1.382585E-01,0.000000E+00,0.000000E+00,0.000000E+00,0.000000E+00,0.000000E+00,0.000000E+00,0.000000E+00,0.000000E+00,0.000000E+00,1.999574E+01,3.693405E+01,2.815301E+01,4.100573E+01,4.943988E+03,0.000000E+00,1.615908E-01,0.000000E+00,0.000000E+00,0.000000E+00,0.000000E+00,0.000000E+00,0.000000E+00,0.000000E+00,0.000000E+00,0.000000E+00,1.999569E+01,3.845496E+01,3.103307E+01,4.443150E+01,5.199753E+03,0.000000E+00,1.699500E-01,0.000000E+00,0.000000E+00,0.000000E+00,0.000000E+00,0.000000E+00,0.000000E+00,0.000000E+00,0.000000E+00,0.000000E+00,1.999563E+01,3.893851E+01,3.153420E+01,3.371860E+01,9.797688E+03,0.000000E+00,3.202223E-01,0.000000E+00,0.000000E+00,0.000000E+00,0.000000E+00,0.000000E+00,0.000000E+00,0.000000E+00,0.000000E+00,0.000000E+00,1.999492E+01,4.451797E+01,3.104734E+01,4.439675E+01,8.653228E+03,0.000000E+00,2.828161E-01,0.000000E+00,0.000000E+00,0.000000E+00,0.000000E+00,0.000000E+00,0.000000E+00,0.000000E+00,0.000000E+00,0.000000E+00,1.999479E+01,4.351844E+01,2.650534E+01,4.518935E+01
20:15:00,4.245146E+03,0.000000E+00,1.387499E-01,0.000000E+00,0.000000E+00,0.000000E+00,0.000000E+00,0.000000E+00,0.000000E+00,0.000000E+00,0.000000E+00,0.000000E+00,1.999574E+01,3.697578E+01,2.815691E+01,4.027716E+01,4.960348E+03,0.000000E+00,1.621255E-01,0.000000E+00,0.000000E+00,0.000000E+00,0.000000E+00,0.000000E+00,0.000000E+00,0.000000E+00,0.000000E+00,0.000000E+00,1.999569E+01,3.849305E+01,3.101973E+01,4.484213E+01,5.216885E+03,0.000000E+00,1.705099E-01,0.000000E+00,0.000000E+00,0.000000E+00,0.000000E+00,0.000000E+00,0.000000E+00,0.000000E+00,0.000000E+00,0.000000E+00,1.999563E+01,3.897601E+01,3.153704E+01,3.311684E+01,9.830753E+03,0.000000E+00,3.213030E-01,0.000000E+00,0.000000E+00,0.000000E+00,0.000000E+00,0.000000E+00,0.000000E+00,0.000000E+00,0.000000E+00,0.000000E+00,1.999493E+01,4.454736E+01,3.102141E+01,4.483915E+01,8.683171E+03,0.000000E+00,2.837948E-01,0.000000E+00,0.000000E+00,0.000000E+00,0.000000E+00,0.000000E+00,0.000000E+00,0.000000E+00,0.000000E+00,0.000000E+00,1.999479E+01,4.355061E+01,2.651001E+01,4.438745E+01
20:20:00,4.259674E+03,0.000000E+00,1.392247E-01,0.000000E+00,0.000000E+00,0.000000E+00,0.000000E+00,0.000000E+00,0.000000E+00,0.000000E+00,0.000000E+00,0.000000E+00,1.999574E+01,3.701534E+01,2.815915E+01,3.961608E+01,4.976180E+03,0.000000E+00,1.626430E-01,0.000000E+00,0.000000E+00,0.000000E+00,0.000000E+00,0.000000E+00,0.000000E+00,0.000000E+00,0.000000E+00,0.000000E+00,1.999569E+01,3.852905E+01,3.100922E+01,4.512845E+01,5.233481E+03,0.000000E+00,1.710523E-01,0.000000E+00,0.000000E+00,0.000000E+00,0.000000E+00,0.000000E+00,0.000000E+00,0.000000E+00,0.000000E+00,0.000000E+00,1.999563E+01,3.901142E+01,3.153904E+01,3.256979E+01,9.862935E+03,0.000000E+00,3.223548E-01,0.000000E+00,0.000000E+00,0.000000E+00,0.000000E+00,0.000000E+00,0.000000E+00,0.000000E+00,0.000000E+00,0.000000E+00,1.999493E+01,4.457466E+01,3.099806E+01,4.515843E+01,8.712202E+03,0.000000E+00,2.847436E-01,0.000000E+00,0.000000E+00,0.000000E+00,0.000000E+00,0.000000E+00,0.000000E+00,0.000000E+00,0.000000E+00,0.000000E+00,1.999479E+01,4.358049E+01,2.651310E+01,4.365927E+01
20:25:00,4.273691E+03,0.000000E+00,1.396828E-01,0.000000E+00,0.000000E+00,0.000000E+00,0.000000E+00,0.000000E+00,0.000000E+00,0.000000E+00,0.000000E+00,0.000000E+00,1.999574E+01,3.705293E+01,2.816025E+01,3.901914E+01,4.991482E+03,0.000000E+00,1.631431E-01,0.000000E+00,0.000000E+00,0.000000E+00,0.000000E+00,0.000000E+00,0.000000E+00,0.000000E+00,0.000000E+00,0.000000E+00,1.999569E+01,3.856317E+01,3.100022E+01,4.529843E+01,5.249540E+03,0.000000E+00,1.715772E-01,0.000000E+00,0.000000E+00,0.000000E+00,0.000000E+00,0.000000E+00,0.000000E+00,0.000000E+00,0.000000E+00,0.000000E+00,1.999563E+01,3.904497E+01,3.154046E+01,3.207521E+01,9.894225E+03,0.000000E+00,3.233774E-01,0.000000E+00,0.000000E+00,0.000000E+00,0.000000E+00,0.000000E+00,0.000000E+00,0.000000E+00,0.000000E+00,0.000000E+00,1.999493E+01,4.460021E+01,3.097569E+01,4.536300E+01,8.740316E+03,0.000000E+00,2.856625E-01,0.000000E+00,0.000000E+00,0.000000E+00,0.000000E+00,0.000000E+00,0.000000E+00,0.000000E+00,0.000000E+00,0.000000E+00,1.999480E+01,4.360843E+01,2.651512E+01,4.300120E+01
20:30:00,4.287198E+03,0.000000E+00,1.401243E-01,0.000000E+00,0.000000E+00,0.000000E+00,0.000000E+00,0.000000E+00,0.000000E+00,0.000000E+00,0.000000E+00,0.000000E+00,1.999574E+01,3.708879E+01,2.816062E+01,3.848022E+01,5.006251E+03,0.000000E+00,1.636258E-01,0.000000E+00,0.000000E+00,0.000000E+00,0.000000E+00,0.000000E+00,0.000000E+00,0.000000E+00,0.000000E+00,0.000000E+00,1.999569E+01,3.859568E+01,3.099187E+01,4.536292E+01,5.265058E+03,0.000000E+00,1.720843E-01,0.000000E+00,0.000000E+00,0.000000E+00,0.000000E+00,0.000000E+00,0.000000E+00,0.000000E+00,0.000000E+00,0.000000E+00,1.999563E+01,3.907691E+01,3.154155E+01,3.162832E+01,9.924612E+03,0.000000E+00,3.243706E-01,0.000000E+00,0.000000E+00,0.000000E+00,0.000000E+00,0.000000E+00,0.000000E+00,0.000000E+00,0.000000E+00,0.000000E+00,1.999493E+01,4.462437E+01,3.095347E+01,4.546345E+01,8.767507E+03,0.000000E+00,2.865511E-01,0.000000E+00,0.000000E+00,0.000000E+00,0.000000E+00,0.000000E+00,0.000000E+00,0.000000E+00,0.000000E+00,0.000000E+00,1.999480E+01,4.363478E+01,2.651645E+01,4.240658E+01
20:35:00,4.300193E+03,0.000000E+00,1.405490E-01,0.000000E+00,0.000000E+00,0.000000E+00,0.000000E+00,0.000000E+00,0.000000E+00,0.000000E+00,0.000000E+00,0.000000E+00,1.999574E+01,3.712313E+01,2.816052E+01,3.799418E+01,5.020485E+03,0.000000E+00,1.640910E-01,0.000000E+00,0.000000E+00,0.000000E+00,0.000000E+00,0.000000E+00,0.000000E+00,0.000000E+00,0.000000E+00,0.000000E+00,1.999569E+01,3.862678E+01,3.098376E+01,4.533077E+01,5.280032E+03,0.000000E+00,1.725737E-01,0.000000E+00,0.000000E+00,0.000000E+00,0.000000E+00,0.000000E+00,0.000000E+00,0.000000E+00,0.000000E+00,0.000000E+00,1.999563E+01,3.910746E+01,3.154244E+01,3.122505E+01,9.954088E+03,0.000000E+00,3.253340E-01,0.000000E+00,0.000000E+00,0.000000E+00,0.000000E+00,0.000000E+00,0.000000E+00,0.000000E+00,0.000000E+00,0.000000E+00,1.999493E+01,4.464744E+01,3.093107E+01,4.546822E+01,8.793770E+03,0.000000E+00,2.874095E-01,0.000000E+00,0.000000E+00,0.000000E+00,0.000000E+00,0.000000E+00,0.000000E+00,0.000000E+00,0.000000E+00,0.000000E+00,1.999480E+01,4.365986E+01,2.651730E+01,4.186987E+01
20:40:00,4.312675E+03,0.000000E+00,1.409569E-01,0.000000E+00,0.000000E+00,0.000000E+00,0.000000E+00,0.000000E+00,0.000000E+00,0.000000E+00,0.000000E+00,0.000000E+00,1.999574E+01,3.715613E+01,2.816005E+01,3.755720E+01,5.034181E+03,0.000000E+00,1.645386E-01,0.000000E+00,0.000000E+00,0.000000E+00,0.000000E+00,0.000000E+00,0.000000E+00,0.000000E+00,0.000000E+00,0.000000E+00,1.999569E+01,3.865665E+01,3.097573E+01,4.520876E+01,5.294460E+03,0.000000E+00,1.730453E-01,0.000000E+00,0.000000E+00,0.000000E+00,0.000000E+00,0.000000E+00,0.000000E+00,0.000000E+00,0.000000E+00,0.000000E+00,1.999563E+01,3.913680E+01,3.154324E+01,3.086227E+01,9.982645E+03,0.000000E+00,3.262673E-01,0.000000E+00,0.000000E+00,0.000000E+00,0.000000E+00,0.000000E+00,0.000000E+00,0.000000E+00,0.000000E+00,0.000000E+00,1.999493E+01,4.466961E+01,3.090838E+01,4.538370E+01,8.819100E+03,0.000000E+00,2.882374E-01,0.000000E+00,0.000000E+00,0.000000E+00,0.000000E+00,0.000000E+00,0.000000E+00,0.000000E+00,0.000000E+00,0.000000E+00,1.999480E+01,4.368387E+01,2.651781E+01,4.138691E+01
20:45:00,4.324642E+03,0.000000E+00,1.413481E-01,0.000000E+00,0.000000E+00,0.000000E+00,0.000000E+00,0.000000E+00,0.000000E+00,0.000000E+00,0.000000E+00,0.000000E+00,1.999573E+01,3.718793E+01,2.815932E+01,3.716625E+01,5.047329E+03,0.000000E+00,1.649684E-01,0.000000E+00,0.000000E+00,0.000000E+00,0.000000E+00,0.000000E+00,0.000000E+00,0.000000E+00,0.000000E+00,0.000000E+00,1.999569E+01,3.868543E+01,3.096772E+01,4.500247E+01,5.308316E+03,0.000000E+00,1.734982E-01,0.000000E+00,0.000000E+00,0.000000E+00,0.000000E+00,0.000000E+00,0.000000E+00,0.000000E+00,0.000000E+00,0.000000E+00,1.999562E+01,3.916507E+01,3.154393E+01,3.053757E+01,1.001025E+04,0.000000E+00,3.271694E-01,0.000000E+00,0.000000E+00,0.000000E+00,0.000000E+00,0.000000E+00,0.000000E+00,0.000000E+00,0.000000E+00,0.000000E+00,1.999493E+01,4.469104E+01,3.088537E+01,4.521524E+01,8.843491E+03,0.000000E+00,2.890346E-01,0.000000E+00,0.000000E+00,0.000000E+00,0.000000E+00,0.000000E+00,0.000000E+00,0.000000E+00,0.000000E+00,0.000000E+00,1.999480E+01,4.370700E+01,2.651803E+01,4.095443E+01
20:50:00,4.336093E+03,0.000000E+00,1.417223E-01,0.000000E+00,0.000000E+00,0.000000E+00,0.000000E+00,0.000000E+00,0.000000E+00,0.000000E+00,0.000000E+00,0.000000E+00,1.999573E+01,3.721864E+01,2.815836E+01,3.681867E+01,5.059935E+03,0.000000E+00,1.653804E-01,0.000000E+00,0.000000E+00,0.000000E+00,0.000000E+00,0.000000E+00,0.000000E+00,0.000000E+00,0.000000E+00,0.000000E+00,1.999569E+01,3.871310E+01,3.095969E+01,4.471693E+01,5.321616E+03,0.000000E+00,1.739329E-01,0.000000E+00,0.000000E+00,0.000000E+00,0.000000E+00,0.000000E+00,0.000000E+00,0.000000E+00,0.000000E+00,0.000000E+00,1.999562E+01,3.919231E+01,3.154451E+01,3.024883E+01,1.003690E+04,0.000000E+00,3.280406E-01,0.000000E+00,0.000000E+00,0.000000E+00,0.000000E+00,0.000000E+00,0.000000E+00,0.000000E+00,0.000000E+00,0.000000E+00,1.999493E+01,4.471182E+01,3.086202E+01,4.496765E+01,8.866939E+03,0.000000E+00,2.898009E-01,0.000000E+00,0.000000E+00,0.000000E+00,0.000000E+00,0.000000E+00,0.000000E+00,0.000000E+00,0.000000E+00,0.000000E+00,1.999480E+01,4.372936E+01,2.651801E+01,4.056952E+01
20:55:00,4.347028E+03,0.000000E+00,1.420797E-01,0.000000E+00,0.000000E+00,0.000000E+00,0.000000E+00,0.000000E+00,0.000000E+00,0.000000E+00,0.000000E+00,0.000000E+00,1.999573E+01,3.724836E+01,2.815723E+01,3.651196E+01,5.071999E+03,0.000000E+00,1.657747E-01,0.000000E+00,0.000000E+00,0.000000E+00,0.000000E+00,0.000000E+00,0.000000E+00,0.000000E+00,0.000000E+00,0.000000E+00,1.999568E+01,3.873980E+01,3.095161E+01,4.435688E+01,5.334364E+03,0.000000E+00,1.743495E-01,0.000000E+00,0.000000E+00,0.000000E+00,0.000000E+00,0.000000E+00,0.000000E+00,0.000000E+00,0.000000E+00,0.000000E+00,1.999562E+01,3.921862E+01,3.154497E+01,2.999405E+01,1.006261E+04,0.000000E+00,3.288808E-01,0.000000E+00,0.000000E+00,0.000000E+00,0.000000E+00,0.000000E+00,0.000000E+00,0.000000E+00,0.000000E+00,0.000000E+00,1.999493E+01,4.473205E+01,3.083829E+01,4.464547E+01,8.889438E+03,0.000000E+00,2.905363E-01,0.000000E+00,0.000000E+00,0.000000E+00,0.000000E+00,0.000000E+00,0.000000E+00,0.000000E+00,0.000000E+00,0.000000E+00,1.999479E+01,4.375107E+01,2.651778E+01,4.022950E+01
21:00:00,4.357445E+03,0.000000E+00,1.424202E-01,0.000000E+00,0.000000E+00,0.000000E+00,0.000000E+00,0.000000E+00,0.000000E+00,0.000000E+00,0.000000E+00,0.000000E+00,1.999573E+01,3.727719E+01,2.815593E+01,3.624381E+01,5.083519E+03,0.000000E+00,1.661512E-01,0.000000E+00,0.000000E+00,0.000000E+00,0.000000E+00,0.000000E+00,0.000000E+00,0.000000E+00,0.000000E+00,0.000000E+00,1.999568E+01,3.876569E+01,3.094347E+01,4.392681E+01,5.346555E+03,0.000000E+00,1.747480E-01,0.000000E+00,0.000000E+00,0.000000E+00,0.000000E+00,0.000000E+00,0.000000E+00,0.000000E+00,0.000000E+00,0.000000E+00,1.999562E+01,3.924414E+01,3.154531E+01,2.977128E+01,1.008736E+04,0.000000E+00,3.296897E-01,0.000000E+00,0.000000E+00,0.000000E+00,0.000000E+00,0.000000E+00,0.000000E+00,0.000000E+00,0.000000E+00,0.000000E+00,1.999493E+01,4.475183E+01,3.081419E+01,4.425296E+01,8.910984E+03,0.000000E+00,2.912404E-01,0.000000E+00,0.000000E+00,0.000000E+00,0.000000E+00,0.000000E+00,0.000000E+00,0.000000E+00,0.000000E+00,0.000000E+00,1.999479E+01,4.377223E+01,2.651736E+01,3.993180E+01
21:05:00,4.367714E+03,0.000000E+00,1.427558E-01,0.000000E+00,0.000000E+00,0.000000E+00,0.000000E+00,0.000000E+00,0.000000E+00,0.000000E+00,0.000000E+00,0.000000E+00,1.999572E+01,3.730521E+01,2.815450E+01,3.601198E+01,5.094890E+03,0.000000E+00,1.665228E-01,0.000000E+00,0.000000E+00,0.000000E+00,0.000000E+00,0.000000E+00,0.000000E+00,0.000000E+00,0.000000E+00,0.000000E+00,1.999568E+01,3.879089E+01,3.093524E+01,4.343096E+01,5.358590E+03,0.000000E+00,1.751413E-01,0.000000E+00,0.000000E+00,0.000000E+00,0.000000E+00,0.000000E+00,0.000000E+00,0.000000E+00,0.000000E+00,0.000000E+00,1.999562E+01,3.926900E+01,3.154556E+01,2.957866E+01,1.011176E+04,0.000000E+00,3.304871E-01,0.000000E+00,0.000000E+00,0.000000E+00,0.000000E+00,0.000000E+00,0.000000E+00,0.000000E+00,0.000000E+00,0.000000E+00,1.999493E+01,4.477123E+01,3.078970E+01,4.379420E+01,8.932165E+03,0.000000E+00,2.919327E-01,0.000000E+00,0.000000E+00,0.000000E+00,0.000000E+00,0.000000E+00,0.000000E+00,0.000000E+00,0.000000E+00,0.000000E+00,1.999479E+01,4.379289E+01,2.651677E+01,3.967402E+01
21:10:00,4.377865E+03,0.000000E+00,1.430876E-01,0.000000E+00,0.000000E+00,0.000000E+00,0.000000E+00,0.000000E+00,0.000000E+00,0.000000E+00,0.000000E+00,0.000000E+00,1.999572E+01,3.733152E+01,2.813944E+01,3.586874E+01,5.106148E+03,0.000000E+00,1.668908E-01,0.000000E+00,0.000000E+00,0.000000E+00,0.000000E+00,0.000000E+00,0.000000E+00,0.000000E+00,0.000000E+00,0.000000E+00,1.999568E+01,3.881453E+01,3.091820E+01,4.297366E+01,5.370505E+03,0.000000E+00,1.755307E-01,0.000000E+00,0.000000E+00,0.000000E+00,0.000000E+00,0.000000E+00,0.000000E+00,0.000000E+00,0.000000E+00,0.000000E+00,1.999562E+01,3.929230E+01,3.153208E+01,2.945897E+01,1.013587E+04,0.000000E+00,3.312752E-01,0.000000E+00,0.000000E+00,0.000000E+00,0.000000E+00,0.000000E+00,0.000000E+00,0.000000E+00,0.000000E+00,0.000000E+00,1.999493E+01,4.478929E+01,3.075709E+01,4.337175E+01,8.953052E+03,0.000000E+00,2.926154E-01,0.000000E+00,0.000000E+00,0.000000E+00,0.000000E+00,0.000000E+00,0.000000E+00,0.000000E+00,0.000000E+00,0.000000E+00,1.999479E+01,4.381209E+01,2.649550E+01,3.953030E+01
21:15:00,4.387899E+03,0.000000E+00,1.434156E-01,0.000000E+00,0.000000E+00,0.000000E+00,0.000000E+00,0.000000E+00,0.000000E+00,0.000000E+00,0.000000E+00,0.000000E+00,1.999572E+01,3.735568E+01,2.810589E+01,3.583503E+01,5.117290E+03,0.000000E+00,1.672549E-01,0.000000E+00,0.000000E+00,0.000000E+00,0.000000E+00,0.000000E+00,0.000000E+00,0.000000E+00,0.000000E+00,0.000000E+00,1.999568E+01,3.883617E+01,3.088940E+01,4.261016E+01,5.382298E+03,0.000000E+00,1.759162E-01,0.000000E+00,0.000000E+00,0.000000E+00,0.000000E+00,0.000000E+00,0.000000E+00,0.000000E+00,0.000000E+00,0.000000E+00,1.999561E+01,3.931361E+01,3.150069E+01,2.942821E+01,1.015969E+04,0.000000E+00,3.320537E-01,0.000000E+00,0.000000E+00,0.000000E+00,0.000000E+00,0.000000E+00,0.000000E+00,0.000000E+00,0.000000E+00,0.000000E+00,1.999492E+01,4.480556E+01,3.071394E+01,4.304033E+01,8.973634E+03,0.000000E+00,2.932881E-01,0.000000E+00,0.000000E+00,0.000000E+00,0.000000E+00,0.000000E+00,0.000000E+00,0.000000E+00,0.000000E+00,0.000000E+00,1.999479E+01,4.382935E+01,2.644578E+01,3.953055E+01
21:20:00,4.397816E+03,0.000000E+00,1.437397E-01,0.000000E+00,0.000000E+00,0.000000E+00,0.000000E+00,0.000000E+00,0.000000E+00,0.000000E+00,0.000000E+00,0.000000E+00,1.999572E+01,3.737771E+01,2.805689E+01,3.590286E+01,5.128315E+03,0.000000E+00,1.676153E-01,0.000000E+00,0.000000E+00,0.000000E+00,0.000000E+00,0.000000E+00,0.000000E+00,0.000000E+00,0.000000E+00,0.000000E+00,1.999567E+01,3.885585E+01,3.085106E+01,4.234683E+01,5.393968E+03,0.000000E+00,1.762976E-01,0.000000E+00,0.000000E+00,0.000000E+00,0.000000E+00,0.000000E+00,0.000000E+00,0.000000E+00,0.000000E+00,0.000000E+00,1.999561E+01,3.933299E+01,3.145531E+01,2.947833E+01,1.018321E+04,0.000000E+00,3.328224E-01,0.000000E+00,0.000000E+00,0.000000E+00,0.000000E+00,0.000000E+00,0.000000E+00,0.000000E+00,0.000000E+00,0.000000E+00,1.999492E+01,4.482014E+01,3.066213E+01,4.280749E+01,8.993911E+03,0.000000E+00,2.939508E-01,0.000000E+00,0.000000E+00,0.000000E+00,0.000000E+00,0.000000E+00,0.000000E+00,0.000000E+00,0.000000E+00,0.000000E+00,1.999479E+01,4.384478E+01,2.637263E+01,3.966160E+01
21:25:00,4.407614E+03,0.000000E+00,1.440599E-01,0.000000E+00,0.000000E+00,0.000000E+00,0.000000E+00,0.000000E+00,0.000000E+00,0.000000E+00,0.000000E+00,0.000000E+00,1.999572E+01,3.739784E+01,2.799729E+01,3.605522E+01,5.139225E+03,0.000000E+00,1.679718E-01,0.000000E+00,0.000000E+00,0.000000E+00,0.000000E+00,0.000000E+00,0.000000E+00,0.000000E+00,0.000000E+00,0.000000E+00,1.999567E+01,3.887381E+01,3.080655E+01,4.217080E+01,5.405514E+03,0.000000E+00,1.766750E-01,0.000000E+00,0.000000E+00,0.000000E+00,0.000000E+00,0.000000E+00,0.000000E+00,0.000000E+00,0.000000E+00,0.000000E+00,1.999561E+01,3.935067E+01,3.140132E+01,2.959452E+01,1.020643E+04,0.000000E+00,3.335813E-01,0.000000E+00,0.000000E+00,0.000000E+00,0.000000E+00,0.000000E+00,0.000000E+00,0.000000E+00,0.000000E+00,0.000000E+00,1.999492E+01,4.483332E+01,3.060442E+01,4.266191E+01,9.013880E+03,0.000000E+00,2.946034E-01,0.000000E+00,0.000000E+00,0.000000E+00,0.000000E+00,0.000000E+00,0.000000E+00,0.000000E+00,0.000000E+00,0.000000E+00,1.999479E+01,4.385866E+01,2.628387E+01,3.989827E+01
21:30:00,4.417295E+03,0.000000E+00,1.443763E-01,0.000000E+00,0.000000E+00,0.000000E+00,0.000000E+00,0.000000E+00,0.000000E+00,0.000000E+00,0.000000E+00,0.000000E+00,1.999571E+01,3.741633E+01,2.793075E+01,3.627678E+01,5.150018E+03,0.000000E+00,1.683246E-01,0.000000E+00,0.000000E+00,0.000000E+00,0.000000E+00,0.000000E+00,0.000000E+00,0.000000E+00,0.000000E+00,0.000000E+00,1.999567E+01,3.889030E+01,3.075825E+01,4.206803E+01,5.416938E+03,0.000000E+00,1.770483E-01,0.000000E+00,0.000000E+00,0.000000E+00,0.000000E+00,0.000000E+00,0.000000E+00,0.000000E+00,0.000000E+00,0.000000E+00,1.999561E+01,3.936690E+01,3.134236E+01,2.976416E+01,1.022934E+04,0.000000E+00,3.343302E-01,0.000000E+00,0.000000E+00,0.000000E+00,0.000000E+00,0.000000E+00,0.000000E+00,0.000000E+00,0.000000E+00,0.000000E+00,1.999492E+01,4.484543E+01,3.054273E+01,4.259079E+01,9.033540E+03,0.000000E+00,2.952460E-01,0.000000E+00,0.000000E+00,0.000000E+00,0.000000E+00,0.000000E+00,0.000000E+00,0.000000E+00,0.000000E+00,0.000000E+00,1.999478E+01,4.387133E+01,2.618523E+01,4.021938E+01
21:35:00,4.426857E+03,0.000000E+00,1.446888E-01,0.000000E+00,0.000000E+00,0.000000E+00,0.000000E+00,0.000000E+00,0.000000E+00,0.000000E+00,0.000000E+00,0.000000E+00,1.999571E+01,3.743341E+01,2.785906E+01,3.655688E+01,5.160695E+03,0.000000E+00,1.686736E-01,0.000000E+00,0.000000E+00,0.000000E+00,0.000000E+00,0.000000E+00,0.000000E+00,0.000000E+00,0.000000E+00,0.000000E+00,1.999566E+01,3.890554E+01,3.070732E+01,4.202847E+01,5.428239E+03,0.000000E+00,1.774177E-01,0.000000E+00,0.000000E+00,0.000000E+00,0.000000E+00,0.000000E+00,0.000000E+00,0.000000E+00,0.000000E+00,0.000000E+00,1.999560E+01,3.938191E+01,3.127992E+01,2.997884E+01,1.025195E+04,0.000000E+00,3.350690E-01,0.000000E+00,0.000000E+00,0.000000E+00,0.000000E+00,0.000000E+00,0.000000E+00,0.000000E+00,0.000000E+00,0.000000E+00,1.999491E+01,4.485670E+01,3.047781E+01,4.258501E+01,9.052890E+03,0.000000E+00,2.958784E-01,0.000000E+00,0.000000E+00,0.000000E+00,0.000000E+00,0.000000E+00,0.000000E+00,0.000000E+00,0.000000E+00,0.000000E+00,1.999478E+01,4.388302E+01,2.608008E+01,4.060992E+01
21:40:00,4.436302E+03,0.000000E+00,1.449975E-01,0.000000E+00,0.000000E+00,0.000000E+00,0.000000E+00,0.000000E+00,0.000000E+00,0.000000E+00,0.000000E+00,0.000000E+00,1.999570E+01,3.744926E+01,2.778348E+01,3.688680E+01,5.171256E+03,0.000000E+00,1.690187E-01,0.000000E+00,0.000000E+00,0.000000E+00,0.000000E+00,0.000000E+00,0.000000E+00,0.000000E+00,0.000000E+00,0.000000E+00,1.999566E+01,3.891969E+01,3.065418E+01,4.204536E+01,5.439416E+03,0.000000E+00,1.777830E-01,0.000000E+00,0.000000E+00,0.000000E+00,0.000000E+00,0.000000E+00,0.000000E+00,0.000000E+00,0.000000E+00,0.000000E+00,1.999560E+01,3.939586E+01,3.121468E+01,3.023227E+01,1.027424E+04,0.000000E+00,3.357975E-01,0.000000E+00,0.000000E+00,0.000000E+00,0.000000E+00,0.000000E+00,0.000000E+00,0.000000E+00,0.000000E+00,0.000000E+00,1.999491E+01,4.486731E+01,3.040961E+01,4.263904E+01,9.071925E+03,0.000000E+00,2.965005E-01,0.000000E+00,0.000000E+00,0.000000E+00,0.000000E+00,0.000000E+00,0.000000E+00,0.000000E+00,0.000000E+00,0.000000E+00,1.999478E+01,4.389392E+01,2.596991E+01,4.106013E+01
21:45:00,4.445629E+03,0.000000E+00,1.453024E-01,0.000000E+00,0.000000E+00,0.000000E+00,0.000000E+00,0.000000E+00,0.000000E+00,0.000000E+00,0.000000E+00,0.000000E+00,1.999570E+01,3.746402E+01,2.770486E+01,3.725937E+01,5.181779E+03,0.000000E+00,1.693626E-01,0.000000E+00,0.000000E+00,0.000000E+00,0.000000E+00,0.000000E+00,0.000000E+00,0.000000E+00,0.000000E+00,0.000000E+00,1.999566E+01,3.893291E+01,3.059886E+01,4.211374E+01,5.450523E+03,0.000000E+00,1.781460E-01,0.000000E+00,0.000000E+00,0.000000E+00,0.000000E+00,0.000000E+00,0.000000E+00,0.000000E+00,0.000000E+00,0.000000E+00,1.999559E+01,3.940890E+01,3.114690E+01,3.051937E+01,1.029624E+04,0.000000E+00,3.365168E-01,0.000000E+00,0.000000E+00,0.000000E+00,0.000000E+00,0.000000E+00,0.000000E+00,0.000000E+00,0.000000E+00,0.000000E+00,1.999491E+01,4.487738E+01,3.033725E+01,4.275028E+01,9.090646E+03,0.000000E+00,2.971123E-01,0.000000E+00,0.000000E+00,0.000000E+00,0.000000E+00,0.000000E+00,0.000000E+00,0.000000E+00,0.000000E+00,0.000000E+00,1.999477E+01,4.390417E+01,2.585546E+01,4.156275E+01
21:50:00,4.454840E+03,0.000000E+00,1.456034E-01,0.000000E+00,0.000000E+00,0.000000E+00,0.000000E+00,0.000000E+00,0.000000E+00,0.000000E+00,0.000000E+00,0.000000E+00,1.999570E+01,3.747783E+01,2.762361E+01,3.766867E+01,5.192206E+03,0.000000E+00,1.697034E-01,0.000000E+00,0.000000E+00,0.000000E+00,0.000000E+00,0.000000E+00,0.000000E+00,0.000000E+00,0.000000E+00,0.000000E+00,1.999565E+01,3.894532E+01,3.054128E+01,4.222957E+01,5.461522E+03,0.000000E+00,1.785055E-01,0.000000E+00,0.000000E+00,0.000000E+00,0.000000E+00,0.000000E+00,0.000000E+00,0.000000E+00,0.000000E+00,0.000000E+00,1.999559E+01,3.942115E+01,3.107662E+01,3.083586E+01,1.031794E+04,0.000000E+00,3.372259E-01,0.000000E+00,0.000000E+00,0.000000E+00,0.000000E+00,0.000000E+00,0.000000E+00,0.000000E+00,0.000000E+00,0.000000E+00,1.999490E+01,4.488700E+01,3.026105E+01,4.291380E+01,9.109050E+03,0.000000E+00,2.977138E-01,0.000000E+00,0.000000E+00,0.000000E+00,0.000000E+00,0.000000E+00,0.000000E+00,0.000000E+00,0.000000E+00,0.000000E+00,1.999477E+01,4.391389E+01,2.573720E+01,4.211151E+01
21:55:00,4.463932E+03,0.000000E+00,1.459005E-01,0.000000E+00,0.000000E+00,0.000000E+00,0.000000E+00,0.000000E+00,0.000000E+00,0.000000E+00,0.000000E+00,0.000000E+00,1.999569E+01,3.749079E+01,2.753997E+01,3.810960E+01,5.202518E+03,0.000000E+00,1.700405E-01,0.000000E+00,0.000000E+00,0.000000E+00,0.000000E+00,0.000000E+00,0.000000E+00,0.000000E+00,0.000000E+00,0.000000E+00,1.999565E+01,3.895701E+01,3.048118E+01,4.238943E+01,5.472399E+03,0.000000E+00,1.788610E-01,0.000000E+00,0.000000E+00,0.000000E+00,0.000000E+00,0.000000E+00,0.000000E+00,0.000000E+00,0.000000E+00,0.000000E+00,1.999559E+01,3.943272E+01,3.100375E+01,3.117800E+01,1.033932E+04,0.000000E+00,3.379245E-01,0.000000E+00,0.000000E+00,0.000000E+00,0.000000E+00,0.000000E+00,0.000000E+00,0.000000E+00,0.000000E+00,0.000000E+00,1.999490E+01,4.489627E+01,3.018337E+01,4.311992E+01,9.127135E+03,0.000000E+00,2.983048E-01,0.000000E+00,0.000000E+00,0.000000E+00,0.000000E+00,0.000000E+00,0.000000E+00,0.000000E+00,0.000000E+00,0.000000E+00,1.999476E+01,4.392316E+01,2.561548E+01,4.270083E+01
22:00:00,4.472906E+03,0.000000E+00,1.461938E-01,0.000000E+00,0.000000E+00,0.000000E+00,0.000000E+00,0.000000E+00,0.000000E+00,0.000000E+00,0.000000E+00,0.000000E+00,1.999569E+01,3.750301E+01,2.745406E+01,3.857759E+01,5.212717E+03,0.000000E+00,1.703738E-01,0.000000E+00,0.000000E+00,0.000000E+00,0.000000E+00,0.000000E+00,0.000000E+00,0.000000E+00,0.000000E+00,0.000000E+00,1.999564E+01,3.896808E+01,3.041803E+01,4.259088E+01,5.483156E+03,0.000000E+00,1.792125E-01,0.000000E+00,0.000000E+00,0.000000E+00,0.000000E+00,0.000000E+00,0.000000E+00,0.000000E+00,0.000000E+00,0.000000E+00,1.999558E+01,3.944369E+01,3.092811E+01,3.154249E+01,1.036037E+04,0.000000E+00,3.386125E-01,0.000000E+00,0.000000E+00,0.000000E+00,0.000000E+00,0.000000E+00,0.000000E+00,0.000000E+00,0.000000E+00,0.000000E+00,1.999489E+01,4.490525E+01,3.010696E+01,4.335804E+01,9.144899E+03,0.000000E+00,2.988854E-01,0.000000E+00,0.000000E+00,0.000000E+00,0.000000E+00,0.000000E+00,0.000000E+00,0.000000E+00,0.000000E+00,0.000000E+00,1.999476E+01,4.393206E+01,2.549053E+01,4.332571E+01
22:05:00,4.481886E+03,0.000000E+00,1.464873E-01,0.000000E+00,0.000000E+00,0.000000E+00,0.000000E+00,0.000000E+00,0.000000E+00,0.000000E+00,0.000000E+00,0.000000E+00,1.999568E+01,3.751457E+01,2.736593E+01,3.906855E+01,5.222931E+03,0.000000E+00,1.707076E-01,0.000000E+00,0.000000E+00,0.000000E+00,0.000000E+00,0.000000E+00,0.000000E+00,0.000000E+00,0.000000E+00,0.000000E+00,1.999564E+01,3.897861E+01,3.034966E+01,4.283577E+01,5.493922E+03,0.000000E+00,1.795644E-01,0.000000E+00,0.000000E+00,0.000000E+00,0.000000E+00,0.000000E+00,0.000000E+00,0.000000E+00,0.000000E+00,0.000000E+00,1.999558E+01,3.945414E+01,3.084943E+01,3.192656E+01,1.038136E+04,0.000000E+00,3.392984E-01,0.000000E+00,0.000000E+00,0.000000E+00,0.000000E+00,0.000000E+00,0.000000E+00,0.000000E+00,0.000000E+00,0.000000E+00,1.999489E+01,4.491398E+01,3.003285E+01,4.362195E+01,9.162601E+03,0.000000E+00,2.994639E-01,0.000000E+00,0.000000E+00,0.000000E+00,0.000000E+00,0.000000E+00,0.000000E+00,0.000000E+00,0.000000E+00,0.000000E+00,1.999475E+01,4.394065E+01,2.536248E+01,4.398177E+01
22:10:00,4.490879E+03,0.000000E+00,1.467812E-01,0.000000E+00,0.000000E+00,0.000000E+00,0.000000E+00,0.000000E+00,0.000000E+00,0.000000E+00,0.000000E+00,0.000000E+00,1.999568E+01,3.752501E+01,2.728741E+01,3.953462E+01,5.233169E+03,0.000000E+00,1.710422E-01,0.000000E+00,0.000000E+00,0.000000E+00,0.000000E+00,0.000000E+00,0.000000E+00,0.000000E+00,0.000000E+00,0.000000E+00,1.999563E+01,3.898814E+01,3.029206E+01,4.305004E+01,5.504710E+03,0.000000E+00,1.799169E-01,0.000000E+00,0.000000E+00,0.000000E+00,0.000000E+00,0.000000E+00,0.000000E+00,0.000000E+00,0.000000E+00,0.000000E+00,1.999557E+01,3.946360E+01,3.077937E+01,3.229181E+01,1.040231E+04,0.000000E+00,3.399833E-01,0.000000E+00,0.000000E+00,0.000000E+00,0.000000E+00,0.000000E+00,0.000000E+00,0.000000E+00,0.000000E+00,0.000000E+00,1.999488E+01,4.492195E+01,2.997232E+01,4.384775E+01,9.180273E+03,0.000000E+00,3.000415E-01,0.000000E+00,0.000000E+00,0.000000E+00,0.000000E+00,0.000000E+00,0.000000E+00,0.000000E+00,0.000000E+00,0.000000E+00,1.999475E+01,4.394842E+01,2.525052E+01,4.459544E+01
22:15:00,4.499885E+03,0.000000E+00,1.470756E-01,0.000000E+00,0.000000E+00,0.000000E+00,0.000000E+00,0.000000E+00,0.000000E+00,0.000000E+00,0.000000E+00,0.000000E+00,1.999567E+01,3.753411E+01,2.722286E+01,3.995279E+01,5.243431E+03,0.000000E+00,1.713776E-01,0.000000E+00,0.000000E+00,0.000000E+00,0.000000E+00,0.000000E+00,0.000000E+00,0.000000E+00,0.000000E+00,0.000000E+00,1.999563E+01,3.899645E+01,3.025176E+01,4.319606E+01,5.515517E+03,0.000000E+00,1.802701E-01,0.000000E+00,0.000000E+00,0.000000E+00,0.000000E+00,0.000000E+00,0.000000E+00,0.000000E+00,0.000000E+00,0.000000E+00,1.999556E+01,3.947186E+01,3.072199E+01,3.262021E+01,1.042324E+04,0.000000E+00,3.406672E-01,0.000000E+00,0.000000E+00,0.000000E+00,0.000000E+00,0.000000E+00,0.000000E+00,0.000000E+00,0.000000E+00,0.000000E+00,1.999488E+01,4.492893E+01,2.992806E+01,4.400662E+01,9.197910E+03,0.000000E+00,3.006179E-01,0.000000E+00,0.000000E+00,0.000000E+00,0.000000E+00,0.000000E+00,0.000000E+00,0.000000E+00,0.000000E+00,0.000000E+00,1.999474E+01,4.395514E+01,2.516174E+01,4.513231E+01
22:20:00,4.508905E+03,0.000000E+00,1.473704E-01,0.000000E+00,0.000000E+00,0.000000E+00,0.000000E+00,0.000000E+00,0.000000E+00,0.000000E+00,0.000000E+00,0.000000E+00,1.999566E+01,3.754192E+01,2.717002E+01,4.032397E+01,5.253716E+03,0.000000E+00,1.717137E-01,0.000000E+00,0.000000E+00,0.000000E+00,0.000000E+00,0.000000E+00,0.000000E+00,0.000000E+00,0.000000E+00,0.000000E+00,1.999562E+01,3.900359E+01,3.022705E+01,4.327131E+01,5.526345E+03,0.000000E+00,1.806240E-01,0.000000E+00,0.000000E+00,0.000000E+00,0.000000E+00,0.000000E+00,0.000000E+00,0.000000E+00,0.000000E+00,0.000000E+00,1.999556E+01,3.947898E+01,3.067435E+01,3.291384E+01,1.044413E+04,0.000000E+00,3.413498E-01,0.000000E+00,0.000000E+00,0.000000E+00,0.000000E+00,0.000000E+00,0.000000E+00,0.000000E+00,0.000000E+00,0.000000E+00,1.999487E+01,4.493500E+01,2.989596E+01,4.410209E+01,9.215514E+03,0.000000E+00,3.011932E-01,0.000000E+00,0.000000E+00,0.000000E+00,0.000000E+00,0.000000E+00,0.000000E+00,0.000000E+00,0.000000E+00,0.000000E+00,1.999473E+01,4.396088E+01,2.509210E+01,4.559717E+01
22:25:00,4.517939E+03,0.000000E+00,1.476656E-01,0.000000E+00,0.000000E+00,0.000000E+00,0.000000E+00,0.000000E+00,0.000000E+00,0.000000E+00,0.000000E+00,0.000000E+00,1.999566E+01,3.754860E+01,2.712502E+01,4.065721E+01,5.264025E+03,0.000000E+00,1.720506E-01,0.000000E+00,0.000000E+00,0.000000E+00,0.000000E+00,0.000000E+00,0.000000E+00,0.000000E+00,0.000000E+00,0.000000E+00,1.999561E+01,3.900972E+01,3.021326E+01,4.328787E+01,5.537194E+03,0.000000E+00,1.809786E-01,0.000000E+00,0.000000E+00,0.000000E+00,0.000000E+00,0.000000E+00,0.000000E+00,0.000000E+00,0.000000E+00,0.000000E+00,1.999555E+01,3.948510E+01,3.063254E+01,3.318014E+01,1.046498E+04,0.000000E+00,3.420314E-01,0.000000E+00,0.000000E+00,0.000000E+00,0.000000E+00,0.000000E+00,0.000000E+00,0.000000E+00,0.000000E+00,0.000000E+00,1.999487E+01,4.494033E+01,2.987071E+01,4.414806E+01,9.233083E+03,0.000000E+00,3.017673E-01,0.000000E+00,0.000000E+00,0.000000E+00,0.000000E+00,0.000000E+00,0.000000E+00,0.000000E+00,0.000000E+00,0.000000E+00,1.999473E+01,4.396582E+01,2.503509E+01,4.600689E+01
22:30:00,4.526987E+03,0.000000E+00,1.479613E-01,0.000000E+00,0.000000E+00,0.000000E+00,0.000000E+00,0.000000E+00,0.000000E+00,0.000000E+00,0.000000E+00,0.000000E+00,1.999565E+01,3.755431E+01,2.708495E+01,4.096059E+01,5.274358E+03,0.000000E+00,1.723883E-01,0.000000E+00,0.000000E+00,0.000000E+00,0.000000E+00,0.000000E+00,0.000000E+00,0.000000E+00,0.000000E+00,0.000000E+00,1.999561E+01,3.901499E+01,3.020620E+01,4.325835E+01,5.548063E+03,0.000000E+00,1.813338E-01,0.000000E+00,0.000000E+00,0.000000E+00,0.000000E+00,0.000000E+00,0.000000E+00,0.000000E+00,0.000000E+00,0.000000E+00,1.999555E+01,3.949039E+01,3.059484E+01,3.342343E+01,1.048580E+04,0.000000E+00,3.427118E-01,0.000000E+00,0.000000E+00,0.000000E+00,0.000000E+00,0.000000E+00,0.000000E+00,0.000000E+00,0.000000E+00,0.000000E+00,1.999486E+01,4.494509E+01,2.984864E+01,4.415610E+01,9.250618E+03,0.000000E+00,3.023404E-01,0.000000E+00,0.000000E+00,0.000000E+00,0.000000E+00,0.000000E+00,0.000000E+00,0.000000E+00,0.000000E+00,0.000000E+00,1.999472E+01,4.397013E+01,2.498580E+01,4.637570E+01
22:35:00,4.536048E+03,0.000000E+00,1.482574E-01,0.000000E+00,0.000000E+00,0.000000E+00,0.000000E+00,0.000000E+00,0.000000E+00,0.000000E+00,0.000000E+00,0.000000E+00,1.999564E+01,3.755919E+01,2.704789E+01,4.123980E+01,5.284714E+03,0.000000E+00,1.727268E-01,0.000000E+00,0.000000E+00,0.000000E+00,0.000000E+00,0.000000E+00,0.000000E+00,0.000000E+00,0.000000E+00,0.000000E+00,1.999560E+01,3.901955E+01,3.020320E+01,4.319153E+01,5.558953E+03,0.000000E+00,1.816897E-01,0.000000E+00,0.000000E+00,0.000000E+00,0.000000E+00,0.000000E+00,0.000000E+00,0.000000E+00,0.000000E+00,0.000000E+00,1.999554E+01,3.949499E+01,3.056022E+01,3.364665E+01,1.050658E+04,0.000000E+00,3.433910E-01,0.000000E+00,0.000000E+00,0.000000E+00,0.000000E+00,0.000000E+00,0.000000E+00,0.000000E+00,0.000000E+00,0.000000E+00,1.999485E+01,4.494943E+01,2.982785E+01,4.413305E+01,9.268120E+03,0.000000E+00,3.029124E-01,0.000000E+00,0.000000E+00,0.000000E+00,0.000000E+00,0.000000E+00,0.000000E+00,0.000000E+00,0.000000E+00,0.000000E+00,1.999471E+01,4.397394E+01,2.494123E+01,4.671289E+01
22:40:00,4.545123E+03,0.000000E+00,1.485540E-01,0.000000E+00,0.000000E+00,0.000000E+00,0.000000E+00,0.000000E+00,0.000000E+00,0.000000E+00,0.000000E+00,0.000000E+00,1.999564E+01,3.756335E+01,2.701272E+01,4.149845E+01,5.295095E+03,0.000000E+00,1.730661E-01,0.000000E+00,0.000000E+00,0.000000E+00,0.000000E+00,0.000000E+00,0.000000E+00,0.000000E+00,0.000000E+00,0.000000E+00,1.999559E+01,3.902350E+01,3.020274E+01,4.309270E+01,5.569863E+03,0.000000E+00,1.820462E-01,0.000000E+00,0.000000E+00,0.000000E+00,0.000000E+00,0.000000E+00,0.000000E+00,0.000000E+00,0.000000E+00,0.000000E+00,1.999553E+01,3.949899E+01,3.052787E+01,3.385208E+01,1.052733E+04,0.000000E+00,3.440690E-01,0.000000E+00,0.000000E+00,0.000000E+00,0.000000E+00,0.000000E+00,0.000000E+00,0.000000E+00,0.000000E+00,0.000000E+00,1.999485E+01,4.495343E+01,2.980752E+01,4.408246E+01,9.285587E+03,0.000000E+00,3.034832E-01,0.000000E+00,0.000000E+00,0.000000E+00,0.000000E+00,0.000000E+00,0.000000E+00,0.000000E+00,0.000000E+00,0.000000E+00,1.999471E+01,4.397737E+01,2.489971E+01,4.702398E+01
22:45:00,4.554212E+03,0.000000E+00,1.488510E-01,0.000000E+00,0.000000E+00,0.000000E+00,0.000000E+00,0.000000E+00,0.000000E+00,0.000000E+00,0.000000E+00,0.000000E+00,1.999563E+01,3.756689E+01,2.697876E+01,4.173894E+01,5.305501E+03,0.000000E+00,1.734061E-01,0.000000E+00,0.000000E+00,0.000000E+00,0.000000E+00,0.000000E+00,0.000000E+00,0.000000E+00,0.000000E+00,0.000000E+00,1.999559E+01,3.902693E+01,3.020404E+01,4.296508E+01,5.580795E+03,0.000000E+00,1.824035E-01,0.000000E+00,0.000000E+00,0.000000E+00,0.000000E+00,0.000000E+00,0.000000E+00,0.000000E+00,0.000000E+00,0.000000E+00,1.999553E+01,3.950249E+01,3.049712E+01,3.404169E+01,1.054804E+04,0.000000E+00,3.447458E-01,0.000000E+00,0.000000E+00,0.000000E+00,0.000000E+00,0.000000E+00,0.000000E+00,0.000000E+00,0.000000E+00,0.000000E+00,1.999484E+01,4.495716E+01,2.978732E+01,4.400636E+01,9.303020E+03,0.000000E+00,3.040529E-01,0.000000E+00,0.000000E+00,0.000000E+00,0.000000E+00,0.000000E+00,0.000000E+00,0.000000E+00,0.000000E+00,0.000000E+00,1.999470E+01,4.398047E+01,2.486017E+01,4.731268E+01
22:50:00,4.563315E+03,0.000000E+00,1.491485E-01,0.000000E+00,0.000000E+00,0.000000E+00,0.000000E+00,0.000000E+00,0.000000E+00,0.000000E+00,0.000000E+00,0.000000E+00,1.999562E+01,3.756989E+01,2.694558E+01,4.196303E+01,5.315930E+03,0.000000E+00,1.737470E-01,0.000000E+00,0.000000E+00,0.000000E+00,0.000000E+00,0.000000E+00,0.000000E+00,0.000000E+00,0.000000E+00,0.000000E+00,1.999558E+01,3.902991E+01,3.020664E+01,4.281095E+01,5.591748E+03,0.000000E+00,1.827615E-01,0.000000E+00,0.000000E+00,0.000000E+00,0.000000E+00,0.000000E+00,0.000000E+00,0.000000E+00,0.000000E+00,0.000000E+00,1.999552E+01,3.950557E+01,3.046742E+01,3.421714E+01,1.056871E+04,0.000000E+00,3.454214E-01,0.000000E+00,0.000000E+00,0.000000E+00,0.000000E+00,0.000000E+00,0.000000E+00,0.000000E+00,0.000000E+00,0.000000E+00,1.999483E+01,4.496069E+01,2.976707E+01,4.390623E+01,9.320419E+03,0.000000E+00,3.046215E-01,0.000000E+00,0.000000E+00,0.000000E+00,0.000000E+00,0.000000E+00,0.000000E+00,0.000000E+00,0.000000E+00,0.000000E+00,1.999469E+01,4.398331E+01,2.482199E+01,4.758151E+01
22:55:00,4.572432E+03,0.000000E+00,1.494465E-01,0.000000E+00,0.000000E+00,0.000000E+00,0.000000E+00,0.000000E+00,0.000000E+00,0.000000E+00,0.000000E+00,0.000000E+00,1.999561E+01,3.757242E+01,2.691288E+01,4.217216E+01,5.326384E+03,0.000000E+00,1.740886E-01,0.000000E+00,0.000000E+00,0.000000E+00,0.000000E+00,0.000000E+00,0.000000E+00,0.000000E+00,0.000000E+00,0.000000E+00,1.999557E+01,3.903252E+01,3.021024E+01,4.263208E+01,5.602723E+03,0.000000E+00,1.831201E-01,0.000000E+00,0.000000E+00,0.000000E+00,0.000000E+00,0.000000E+00,0.000000E+00,0.000000E+00,0.000000E+00,0.000000E+00,1.999551E+01,3.950828E+01,3.043837E+01,3.437977E+01,1.058935E+04,0.000000E+00,3.460957E-01,0.000000E+00,0.000000E+00,0.000000E+00,0.000000E+00,0.000000E+00,0.000000E+00,0.000000E+00,0.000000E+00,0.000000E+00,1.999482E+01,4.496404E+01,2.974664E+01,4.378338E+01,9.337784E+03,0.000000E+00,3.051889E-01,0.000000E+00,0.000000E+00,0.000000E+00,0.000000E+00,0.000000E+00,0.000000E+00,0.000000E+00,0.000000E+00,0.000000E+00,1.999468E+01,4.398595E+01,2.478475E+01,4.783237E+01
23:00:00,4.581563E+03,0.000000E+00,1.497449E-01,0.000000E+00,0.000000E+00,0.000000E+00,0.000000E+00,0.000000E+00,0.000000E+00,0.000000E+00,0.000000E+00,0.000000E+00,1.999561E+01,3.757455E+01,2.688043E+01,4.236756E+01,5.336863E+03,0.000000E+00,1.744311E-01,0.000000E+00,0.000000E+00,0.000000E+00,0.000000E+00,0.000000E+00,0.000000E+00,0.000000E+00,0.000000E+00,0.000000E+00,1.999557E+01,3.903480E+01,3.021464E+01,4.242996E+01,5.613718E+03,0.000000E+00,1.834795E-01,0.000000E+00,0.000000E+00,0.000000E+00,0.000000E+00,0.000000E+00,0.000000E+00,0.000000E+00,0.000000E+00,0.000000E+00,1.999550E+01,3.951068E+01,3.040972E+01,3.453067E+01,1.060995E+04,0.000000E+00,3.467688E-01,0.000000E+00,0.000000E+00,0.000000E+00,0.000000E+00,0.000000E+00,0.000000E+00,0.000000E+00,0.000000E+00,0.000000E+00,1.999482E+01,4.496727E+01,2.972592E+01,4.363898E+01,9.355114E+03,0.000000E+00,3.057553E-01,0.000000E+00,0.000000E+00,0.000000E+00,0.000000E+00,0.000000E+00,0.000000E+00,0.000000E+00,0.000000E+00,0.000000E+00,1.999468E+01,4.398843E+01,2.474812E+01,4.806691E+01
23:05:00,4.591102E+03,0.000000E+00,1.500566E-01,0.000000E+00,0.000000E+00,0.000000E+00,0.000000E+00,0.000000E+00,0.000000E+00,0.000000E+00,0.000000E+00,0.000000E+00,1.999560E+01,3.757633E+01,2.684807E+01,4.255029E+01,5.347792E+03,0.000000E+00,1.747882E-01,0.000000E+00,0.000000E+00,0.000000E+00,0.000000E+00,0.000000E+00,0.000000E+00,0.000000E+00,0.000000E+00,0.000000E+00,1.999556E+01,3.903681E+01,3.021971E+01,4.220589E+01,5.625161E+03,0.000000E+00,1.838534E-01,0.000000E+00,0.000000E+00,0.000000E+00,0.000000E+00,0.000000E+00,0.000000E+00,0.000000E+00,0.000000E+00,0.000000E+00,1.999550E+01,3.951283E+01,3.038129E+01,3.467074E+01,1.063107E+04,0.000000E+00,3.474593E-01,0.000000E+00,0.000000E+00,0.000000E+00,0.000000E+00,0.000000E+00,0.000000E+00,0.000000E+00,0.000000E+00,0.000000E+00,1.999481E+01,4.497039E+01,2.970485E+01,4.347408E+01,9.372963E+03,0.000000E+00,3.063386E-01,0.000000E+00,0.000000E+00,0.000000E+00,0.000000E+00,0.000000E+00,0.000000E+00,0.000000E+00,0.000000E+00,0.000000E+00,1.999467E+01,4.399076E+01,2.471186E+01,4.828652E+01
23:10:00,4.601082E+03,0.000000E+00,1.503828E-01,0.000000E+00,0.000000E+00,0.000000E+00,0.000000E+00,0.000000E+00,0.000000E+00,0.000000E+00,0.000000E+00,0.000000E+00,1.999559E+01,3.757740E+01,2.681884E+01,4.272557E+01,5.359206E+03,0.000000E+00,1.751612E-01,0.000000E+00,0.000000E+00,0.000000E+00,0.000000E+00,0.000000E+00,0.000000E+00,0.000000E+00,0.000000E+00,0.000000E+00,1.999555E+01,3.903817E+01,3.021746E+01,4.202497E+01,5.637089E+03,0.000000E+00,1.842432E-01,0.000000E+00,0.000000E+00,0.000000E+00,0.000000E+00,0.000000E+00,0.000000E+00,0.000000E+00,0.000000E+00,0.000000E+00,1.999548E+01,3.951431E+01,3.035616E+01,3.480444E+01,1.065280E+04,0.000000E+00,3.481692E-01,0.000000E+00,0.000000E+00,0.000000E+00,0.000000E+00,0.000000E+00,0.000000E+00,0.000000E+00,0.000000E+00,0.000000E+00,1.999480E+01,4.497286E+01,2.967918E+01,4.334633E+01,9.391388E+03,0.000000E+00,3.069407E-01,0.000000E+00,0.000000E+00,0.000000E+00,0.000000E+00,0.000000E+00,0.000000E+00,0.000000E+00,0.000000E+00,0.000000E+00,1.999466E+01,4.399246E+01,2.468102E+01,4.849100E+01
23:15:00,4.611501E+03,0.000000E+00,1.507233E-01,0.000000E+00,0.000000E+00,0.000000E+00,0.000000E+00,0.000000E+00,0.000000E+00,0.000000E+00,0.000000E+00,0.000000E+00,1.999557E+01,3.757761E+01,2.679394E+01,4.289807E+01,5.371105E+03,0.000000E+00,1.755501E-01,0.000000E+00,0.000000E+00,0.000000E+00,0.000000E+00,0.000000E+00,0.000000E+00,0.000000E+00,0.000000E+00,0.000000E+00,1.999553E+01,3.903875E+01,3.020451E+01,4.192188E+01,5.649501E+03,0.000000E+00,1.846489E-01,0.000000E+00,0.000000E+00,0.000000E+00,0.000000E+00,0.000000E+00,0.000000E+00,0.000000E+00,0.000000E+00,0.000000E+00,1.999547E+01,3.951500E+01,3.033548E+01,3.493583E+01,1.067511E+04,0.000000E+00,3.488985E-01,0.000000E+00,0.000000E+00,0.000000E+00,0.000000E+00,0.000000E+00,0.000000E+00,0.000000E+00,0.000000E+00,0.000000E+00,1.999479E+01,4.497450E+01,2.964796E+01,4.328570E+01,9.410383E+03,0.000000E+00,3.075614E-01,0.000000E+00,0.000000E+00,0.000000E+00,0.000000E+00,0.000000E+00,0.000000E+00,0.000000E+00,0.000000E+00,0.000000E+00,1.999465E+01,4.399335E+01,2.465770E+01,4.868288E+01
23:20:00,4.622364E+03,0.000000E+00,1.510783E-01,0.000000E+00,0.000000E+00,0.000000E+00,0.000000E+00,0.000000E+00,0.000000E+00,0.000000E+00,0.000000E+00,0.000000E+00,1.999556E+01,3.757705E+01,2.677295E+01,4.307108E+01,5.383493E+03,0.000000E+00,1.759549E-01,0.000000E+00,0.000000E+00,0.000000E+00,0.000000E+00,0.000000E+00,0.000000E+00,0.000000E+00,0.000000E+00,0.000000E+00,1.999552E+01,3.903861E+01,3.018214E+01,4.189965E+01,5.662401E+03,0.000000E+00,1.850704E-01,0.000000E+00,0.000000E+00,0.000000E+00,0.000000E+00,0.000000E+00,0.000000E+00,0.000000E+00,0.000000E+00,0.000000E+00,1.999546E+01,3.951494E+01,3.031855E+01,3.506815E+01,1.069803E+04,0.000000E+00,3.496473E-01,0.000000E+00,0.000000E+00,0.000000E+00,0.000000E+00,0.000000E+00,0.000000E+00,0.000000E+00,0.000000E+00,0.000000E+00,1.999478E+01,4.497539E+01,2.961244E+01,4.329579E+01,9.429954E+03,0.000000E+00,3.082010E-01,0.000000E+00,0.000000E+00,0.000000E+00,0.000000E+00,0.000000E+00,0.000000E+00,0.000000E+00,0.000000E+00,0.000000E+00,1.999463E+01,4.399350E+01,2.464097E+01,4.886724E+01
23:25:00,4.633669E+03,0.000000E+00,1.514477E-01,0.000000E+00,0.000000E+00,0.000000E+00,0.000000E+00,0.000000E+00,0.000000E+00,0.000000E+00,0.000000E+00,0.000000E+00,1.999555E+01,3.757583E+01,2.675476E+01,4.324706E+01,5.396372E+03,0.000000E+00,1.763758E-01,0.000000E+00,0.000000E+00,0.000000E+00,0.000000E+00,0.000000E+00,0.000000E+00,0.000000E+00,0.000000E+00,0.000000E+00,1.999551E+01,3.903788E+01,3.015312E+01,4.194859E+01,5.675792E+03,0.000000E+00,1.855080E-01,0.000000E+00,0.000000E+00,0.000000E+00,0.000000E+00,0.000000E+00,0.000000E+00,0.000000E+00,0.000000E+00,0.000000E+00,1.999545E+01,3.951429E+01,3.030406E+01,3.520375E+01,1.072154E+04,0.000000E+00,3.504158E-01,0.000000E+00,0.000000E+00,0.000000E+00,0.000000E+00,0.000000E+00,0.000000E+00,0.000000E+00,0.000000E+00,0.000000E+00,1.999476E+01,4.497570E+01,2.957416E+01,4.336969E+01,9.450104E+03,0.000000E+00,3.088595E-01,0.000000E+00,0.000000E+00,0.000000E+00,0.000000E+00,0.000000E+00,0.000000E+00,0.000000E+00,0.000000E+00,0.000000E+00,1.999462E+01,4.399307E+01,2.462894E+01,4.904914E+01
23:30:00,4.645420E+03,0.000000E+00,1.518318E-01,0.000000E+00,0.000000E+00,0.000000E+00,0.000000E+00,0.000000E+00,0.000000E+00,0.000000E+00,0.000000E+00,0.000000E+00,1.999553E+01,3.757406E+01,2.673837E+01,4.342758E+01,5.409744E+03,0.000000E+00,1.768128E-01,0.000000E+00,0.000000E+00,0.000000E+00,0.000000E+00,0.000000E+00,0.000000E+00,0.000000E+00,0.000000E+00,0.000000E+00,1.999550E+01,3.903669E+01,3.011972E+01,4.205813E+01,5.689675E+03,0.000000E+00,1.859617E-01,0.000000E+00,0.000000E+00,0.000000E+00,0.000000E+00,0.000000E+00,0.000000E+00,0.000000E+00,0.000000E+00,0.000000E+00,1.999543E+01,3.951315E+01,3.029094E+01,3.534398E+01,1.074567E+04,0.000000E+00,3.512042E-01,0.000000E+00,0.000000E+00,0.000000E+00,0.000000E+00,0.000000E+00,0.000000E+00,0.000000E+00,0.000000E+00,0.000000E+00,1.999475E+01,4.497562E+01,2.953425E+01,4.349944E+01,9.470834E+03,0.000000E+00,3.095369E-01,0.000000E+00,0.000000E+00,0.000000E+00,0.000000E+00,0.000000E+00,0.000000E+00,0.000000E+00,0.000000E+00,0.000000E+00,1.999461E+01,4.399222E+01,2.461999E+01,4.923219E+01
23:35:00,4.657617E+03,0.000000E+00,1.522304E-01,0.000000E+00,0.000000E+00,0.000000E+00,0.000000E+00,0.000000E+00,0.000000E+00,0.000000E+00,0.000000E+00,0.000000E+00,1.999552E+01,3.757186E+01,2.672318E+01,4.361340E+01,5.423611E+03,0.000000E+00,1.772660E-01,0.000000E+00,0.000000E+00,0.000000E+00,0.000000E+00,0.000000E+00,0.000000E+00,0.000000E+00,0.000000E+00,0.000000E+00,1.999548E+01,3.903512E+01,3.008364E+01,4.221959E+01,5.704053E+03,0.000000E+00,1.864316E-01,0.000000E+00,0.000000E+00,0.000000E+00,0.000000E+00,0.000000E+00,0.000000E+00,0.000000E+00,0.000000E+00,0.000000E+00,1.999542E+01,3.951164E+01,3.027858E+01,3.548945E+01,1.077041E+04,0.000000E+00,3.520125E-01,0.000000E+00,0.000000E+00,0.000000E+00,0.000000E+00,0.000000E+00,0.000000E+00,0.000000E+00,0.000000E+00,0.000000E+00,1.999474E+01,4.497524E+01,2.949325E+01,4.367897E+01,9.492149E+03,0.000000E+00,3.102334E-01,0.000000E+00,0.000000E+00,0.000000E+00,0.000000E+00,0.000000E+00,0.000000E+00,0.000000E+00,0.000000E+00,0.000000E+00,1.999459E+01,4.399106E+01,2.461308E+01,4.941848E+01
23:40:00,4.670262E+03,0.000000E+00,1.526436E-01,0.000000E+00,0.000000E+00,0.000000E+00,0.000000E+00,0.000000E+00,0.000000E+00,0.000000E+00,0.000000E+00,0.000000E+00,1.999551E+01,3.756930E+01,2.670882E+01,4.380484E+01,5.437977E+03,0.000000E+00,1.777355E-01,0.000000E+00,0.000000E+00,0.000000E+00,0.000000E+00,0.000000E+00,0.000000E+00,0.000000E+00,0.000000E+00,0.000000E+00,1.999547E+01,3.903327E+01,3.004601E+01,4.242657E+01,5.718930E+03,0.000000E+00,1.869178E-01,0.000000E+00,0.000000E+00,0.000000E+00,0.000000E+00,0.000000E+00,0.000000E+00,0.000000E+00,0.000000E+00,0.000000E+00,1.999541E+01,3.950984E+01,3.026665E+01,3.564033E+01,1.079576E+04,0.000000E+00,3.528410E-01,0.000000E+00,0.000000E+00,0.000000E+00,0.000000E+00,0.000000E+00,0.000000E+00,0.000000E+00,0.000000E+00,0.000000E+00,1.999473E+01,4.497467E+01,2.945140E+01,4.390389E+01,9.514051E+03,0.000000E+00,3.109491E-01,0.000000E+00,0.000000E+00,0.000000E+00,0.000000E+00,0.000000E+00,0.000000E+00,0.000000E+00,0.000000E+00,0.000000E+00,1.999458E+01,4.398966E+01,2.460761E+01,4.960909E+01
23:45:00,4.683356E+03,0.000000E+00,1.530715E-01,0.000000E+00,0.000000E+00,0.000000E+00,0.000000E+00,0.000000E+00,0.000000E+00,0.000000E+00,0.000000E+00,0.000000E+00,1.999549E+01,3.756645E+01,2.669509E+01,4.400196E+01,5.452844E+03,0.000000E+00,1.782213E-01,0.000000E+00,0.000000E+00,0.000000E+00,0.000000E+00,0.000000E+00,0.000000E+00,0.000000E+00,0.000000E+00,0.000000E+00,1.999546E+01,3.903119E+01,3.000749E+01,4.267429E+01,5.734307E+03,0.000000E+00,1.874203E-01,0.000000E+00,0.000000E+00,0.000000E+00,0.000000E+00,0.000000E+00,0.000000E+00,0.000000E+00,0.000000E+00,0.000000E+00,1.999540E+01,3.950780E+01,3.025499E+01,3.579654E+01,1.082173E+04,0.000000E+00,3.536898E-01,0.000000E+00,0.000000E+00,0.000000E+00,0.000000E+00,0.000000E+00,0.000000E+00,0.000000E+00,0.000000E+00,0.000000E+00,1.999471E+01,4.497395E+01,2.940879E+01,4.417073E+01,9.536543E+03,0.000000E+00,3.116841E-01,0.000000E+00,0.000000E+00,0.000000E+00,0.000000E+00,0.000000E+00,0.000000E+00,0.000000E+00,0.000000E+00,0.000000E+00,1.999457E+01,4.398811E+01,2.460317E+01,4.980465E+01
23:50:00,4.696900E+03,0.000000E+00,1.535141E-01,0.000000E+00,0.000000E+00,0.000000E+00,0.000000E+00,0.000000E+00,0.000000E+00,0.000000E+00,0.000000E+00,0.000000E+00,1.999548E+01,3.756336E+01,2.668181E+01,4.420474E+01,5.468213E+03,0.000000E+00,1.787236E-01,0.000000E+00,0.000000E+00,0.000000E+00,0.000000E+00,0.000000E+00,0.000000E+00,0.000000E+00,0.000000E+00,0.000000E+00,1.999544E+01,3.902893E+01,2.996845E+01,4.295895E+01,5.750186E+03,0.000000E+00,1.879392E-01,0.000000E+00,0.000000E+00,0.000000E+00,0.000000E+00,0.000000E+00,0.000000E+00,0.000000E+00,0.000000E+00,0.000000E+00,1.999538E+01,3.950559E+01,3.024350E+01,3.595797E+01,1.084833E+04,0.000000E+00,3.545590E-01,0.000000E+00,0.000000E+00,0.000000E+00,0.000000E+00,0.000000E+00,0.000000E+00,0.000000E+00,0.000000E+00,0.000000E+00,1.999470E+01,4.497316E+01,2.936549E+01,4.447635E+01,9.559627E+03,0.000000E+00,3.124385E-01,0.000000E+00,0.000000E+00,0.000000E+00,0.000000E+00,0.000000E+00,0.000000E+00,0.000000E+00,0.000000E+00,0.000000E+00,1.999455E+01,4.398644E+01,2.459949E+01,5.000547E+01
23:55:00,4.710895E+03,0.000000E+00,1.539715E-01,0.000000E+00,0.000000E+00,0.000000E+00,0.000000E+00,0.000000E+00,0.000000E+00,0.000000E+00,0.000000E+00,0.000000E+00,1.999547E+01,3.756009E+01,2.666890E+01,4.441308E+01,5.484087E+03,0.000000E+00,1.792423E-01,0.000000E+00,0.000000E+00,0.000000E+00,0.000000E+00,0.000000E+00,0.000000E+00,0.000000E+00,0.000000E+00,0.000000E+00,1.999543E+01,3.902656E+01,2.992909E+01,4.327732E+01,5.766570E+03,0.000000E+00,1.884747E-01,0.000000E+00,0.000000E+00,0.000000E+00,0.000000E+00,0.000000E+00,0.000000E+00,0.000000E+00,0.000000E+00,0.000000E+00,1.999537E+01,3.950326E+01,3.023213E+01,3.612438E+01,1.087556E+04,0.000000E+00,3.554488E-01,0.000000E+00,0.000000E+00,0.000000E+00,0.000000E+00,0.000000E+00,0.000000E+00,0.000000E+00,0.000000E+00,0.000000E+00,1.999469E+01,4.497231E+01,2.932153E+01,4.481787E+01,9.583307E+03,0.000000E+00,3.132123E-01,0.000000E+00,0.000000E+00,0.000000E+00,0.000000E+00,0.000000E+00,0.000000E+00,0.000000E+00,0.000000E+00,0.000000E+00,1.999454E+01,4.398469E+01,2.459636E+01,5.021171E+01
24:00:00,4.725421E+03,0.000000E+00,1.544462E-01,0.000000E+00,0.000000E+00,0.000000E+00,0.000000E+00,0.000000E+00,0.000000E+00,0.000000E+00,0.000000E+00,0.000000E+00,1.999545E+01,3.755668E+01,2.665624E+01,4.462684E+01,5.500521E+03,0.000000E+00,1.797794E-01,0.000000E+00,0.000000E+00,0.000000E+00,0.000000E+00,0.000000E+00,0.000000E+00,0.000000E+00,0.000000E+00,0.000000E+00,1.999542E+01,3.902410E+01,2.988950E+01,4.362658E+01,5.783498E+03,0.000000E+00,1.890278E-01,0.000000E+00,0.000000E+00,0.000000E+00,0.000000E+00,0.000000E+00,0.000000E+00,0.000000E+00,0.000000E+00,0.000000E+00,1.999535E+01,3.950084E+01,3.022084E+01,3.629556E+01,1.090344E+04,0.000000E+00,3.563598E-01,0.000000E+00,0.000000E+00,0.000000E+00,0.000000E+00,0.000000E+00,0.000000E+00,0.000000E+00,0.000000E+00,0.000000E+00,1.999467E+01,4.497144E+01,2.927697E+01,4.519253E+01,9.607585E+03,0.000000E+00,3.140056E-01,0.000000E+00,0.000000E+00,0.000000E+00,0.000000E+00,0.000000E+00,0.000000E+00,0.000000E+00,0.000000E+00,0.000000E+00,1.999453E+01,4.398291E+01,2.459364E+01,5.042339E+01
Peak,4.725421E+03,0.000000E+00,1.544462E-01,0.000000E+00,0.000000E+00,0.000000E+00,0.000000E+00,0.000000E+00,0.000000E+00,0.000000E+00,0.000000E+00,0.000000E+00,,,,,5.500521E+03,0.000000E+00,1.797794E-01,0.000000E+00,0.000000E+00,0.000000E+00,0.000000E+00,0.000000E+00,0.000000E+00,0.000000E+00,0.000000E+00,0.000000E+00,,,,,5.783498E+03,0.000000E+00,1.890278E-01,0.000000E+00,0.000000E+00,0.000000E+00,0.000000E+00,0.000000E+00,0.000000E+00,0.000000E+00,0.000000E+00,0.000000E+00,,,,,1.090344E+04,0.000000E+00,3.563598E-01,0.000000E+00,0.000000E+00,0.000000E+00,0.000000E+00,0.000000E+00,0.000000E+00,0.000000E+00,0.000000E+00,0.000000E+00,,,,,9.607585E+03,0.000000E+00,3.140056E-01,0.000000E+00,0.000000E+00,0.000000E+00,0.000000E+00,0.000000E+00,0.000000E+00,0.000000E+00,0.000000E+00,0.000000E+00,,,,

Peak Vol Flow (m3/s),,,1.288087E-01,0.000000E+00,,,0.000000E+00,0.000000E+00,,,,,,,,,,,1.499367E-01,0.000000E+00,,,0.000000E+00,0.000000E+00,,,,,,,,,,,1.576500E-01,0.000000E+00,,,0.000000E+00,0.000000E+00,,,,,,,,,,,2.972054E-01,0.000000E+00,,,0.000000E+00,0.000000E+00,,,,,,,,,,,2.618819E-01,0.000000E+00,,,0.000000E+00,0.000000E+00,,,,,,,,
