Program Version,EnergyPlus, Version 23.1.0-87ed9199d4, YMD=2026.07.26 13:41,
   ************* Beginning Zone Sizing Calculations
   ** Warning ** ProcessScheduleInput: Schedule:Constant="VAV_BOT WITH REHEAT MAX OA FRACTION", Blank Schedule Type Limits Name input -- will not be validated.
   ** Warning ** ProcessScheduleInput: Schedule:Constant="VAV_MID WITH REHEAT MAX OA FRACTION", Blank Schedule Type Limits Name input -- will not be validated.
   ** Warning ** ProcessScheduleInput: Schedule:Constant="VAV_TOP WITH REHEAT MAX OA FRACTION", Blank Schedule Type Limits Name input -- will not be validated.
   ** Warning ** CheckUsedConstructions: There are 23 nominally unused constructions in input.
   **   ~~~   ** Each Unused construction is shown.
   ************* Construction=AIR_WALL
   ************* Construction=OPAQUEDOOR
   ************* Construction=ATTICROOFDECK
   ************* Construction=EXT_SLAB_8IN
   ************* Construction=EXT_SLAB_6IN_WITH_CARPET
   ************* Construction=EXT_SLAB_6IN
   ************* Construction=BASEMENT_WALL
   ************* Construction=INT_WOOD_FLOOR
   ************* Construction=EXT_SOFFIT_FLOOR
   ************* Construction=RES_ROOF
   ************* Construction=SEMIHEATED_ROOF
   ************* Construction=RES_EXT_WALL_GRD
   ************* Construction=RES_EXT_WALL_MID
   ************* Construction=RES_EXT_WALL_TOP
   ************* Construction=SEMIHEATED_EXT_WALL_GRD
   ************* Construction=SEMIHEATED_EXT_WALL_MID
   ************* Construction=SEMIHEATED_EXT_WALL_TOP
   ************* Construction=NONRES_FLOOR
   ************* Construction=RES_FLOOR
   ************* Construction=SEMIHEATED_FLOOR
   ************* Construction=NONRES_FLOOR_CEILING
   ************* Construction=RES_FLOOR_CEILING
   ************* Construction=SEMIHEATED_FLOOR_CEILING
   ** Warning ** GetDaylightingControls: Fraction of zone or space controlled by the Daylighting reference points is < 1.0.
   **   ~~~   ** ..discovered in Daylighting:Controls="PERIMETER_BOT_ZN_1_DAYLCTRL", only 0.524 of the zone or space is controlled.
   ** Warning ** GetDaylightingControls: Fraction of zone or space controlled by the Daylighting reference points is < 1.0.
   **   ~~~   ** ..discovered in Daylighting:Controls="PERIMETER_BOT_ZN_2_DAYLCTRL", only 0.524 of the zone or space is controlled.
   ** Warning ** GetDaylightingControls: Fraction of zone or space controlled by the Daylighting reference points is < 1.0.
   **   ~~~   ** ..discovered in Daylighting:Controls="PERIMETER_BOT_ZN_3_DAYLCTRL", only 0.524 of the zone or space is controlled.
   ** Warning ** GetDaylightingControls: Fraction of zone or space controlled by the Daylighting reference points is < 1.0.
   **   ~~~   ** ..discovered in Daylighting:Controls="PERIMETER_BOT_ZN_4_DAYLCTRL", only 0.524 of the zone or space is controlled.
   ** Warning ** GetDaylightingControls: Fraction of zone or space controlled by the Daylighting reference points is < 1.0.
   **   ~~~   ** ..discovered in Daylighting:Controls="PERIMETER_MID_ZN_1_DAYLCTRL", only 0.524 of the zone or space is controlled.
   ** Warning ** GetDaylightingControls: Fraction of zone or space controlled by the Daylighting reference points is < 1.0.
   **   ~~~   ** ..discovered in Daylighting:Controls="PERIMETER_MID_ZN_2_DAYLCTRL", only 0.524 of the zone or space is controlled.
   ** Warning ** GetDaylightingControls: Fraction of zone or space controlled by the Daylighting reference points is < 1.0.
   **   ~~~   ** ..discovered in Daylighting:Controls="PERIMETER_MID_ZN_3_DAYLCTRL", only 0.524 of the zone or space is controlled.
   ** Warning ** GetDaylightingControls: Fraction of zone or space controlled by the Daylighting reference points is < 1.0.
   **   ~~~   ** ..discovered in Daylighting:Controls="PERIMETER_MID_ZN_4_DAYLCTRL", only 0.524 of the zone or space is controlled.
   ** Warning ** GetDaylightingControls: Fraction of zone or space controlled by the Daylighting reference points is < 1.0.
   **   ~~~   ** ..discovered in Daylighting:Controls="PERIMETER_TOP_ZN_1_DAYLCTRL", only 0.524 of the zone or space is controlled.
   ** Warning ** GetDaylightingControls: Fraction of zone or space controlled by the Daylighting reference points is < 1.0.
   **   ~~~   ** ..discovered in Daylighting:Controls="PERIMETER_TOP_ZN_2_DAYLCTRL", only 0.524 of the zone or space is controlled.
   ** Warning ** GetDaylightingControls: Fraction of zone or space controlled by the Daylighting reference points is < 1.0.
   **   ~~~   ** ..discovered in Daylighting:Controls="PERIMETER_TOP_ZN_3_DAYLCTRL", only 0.524 of the zone or space is controlled.
   ** Warning ** GetDaylightingControls: Fraction of zone or space controlled by the Daylighting reference points is < 1.0.
   **   ~~~   ** ..discovered in Daylighting:Controls="PERIMETER_TOP_ZN_4_DAYLCTRL", only 0.524 of the zone or space is controlled.
   ** Warning ** GeneratorController constructor ElectricLoadCenter:Generators, Availability Schedule for Generator:PVWatts 'PV_MODULE' will be be ignored (runs all the time).
   ** Warning ** Calculated design heating load for zone=BASEMENT is zero.
   **   ~~~   ** Check Sizing:Zone and ZoneControl:Thermostat inputs.
   ** Warning ** Calculated design heating load for zone=DATACENTER_BOT_ZN_6 is zero.
   **   ~~~   ** Check Sizing:Zone and ZoneControl:Thermostat inputs.
   ** Warning ** Calculated design heating load for zone=DATACENTER_MID_ZN_6 is zero.
   **   ~~~   ** Check Sizing:Zone and ZoneControl:Thermostat inputs.
   ** Warning ** Calculated design heating load for zone=DATACENTER_TOP_ZN_6 is zero.
   **   ~~~   ** Check Sizing:Zone and ZoneControl:Thermostat inputs.
   ** Warning ** Calculated design heating load for zone=DATACENTER_BASEMENT_ZN_6 is zero.
   **   ~~~   ** Check Sizing:Zone and ZoneControl:Thermostat inputs.
   ************* Beginning System Sizing Calculations
   ************* Beginning Plant Sizing Calculations
   ************* SizeHVACSingleDuct: Potential issue with equipment sizing for AirTerminal:SingleDuct:VAV:Reheat = "CORE_BOTTOM VAV BOX COMPONENT".
   **   ~~~   ** User-Specified Minimum Cooling Air Flow Fraction of 0.30300
   **   ~~~   ** differs from Design Size Minimum Cooling Air Flow Fraction of 0.35680
   **   ~~~   ** This may, or may not, indicate mismatched component sizes.
   **   ~~~   ** Verify that the value entered is intended and is consistent with other components.
   ************* SizeHVACSingleDuct: Potential issue with equipment sizing for AirTerminal:SingleDuct:VAV:Reheat = "CORE_BOTTOM VAV BOX COMPONENT".
   **   ~~~   ** User-Specified Maximum Flow Fraction during Reheat of 0.50000 []
   **   ~~~   ** differs from Design Size Maximum Flow Fraction during Reheat of 0.95146 []
   **   ~~~   ** This may, or may not, indicate mismatched component sizes.
   **   ~~~   ** Verify that the value entered is intended and is consistent with other components.
   ************* SizeHVACSingleDuct: Potential issue with equipment sizing for AirTerminal:SingleDuct:VAV:Reheat = "CORE_MID VAV BOX COMPONENT".
   **   ~~~   ** User-Specified Minimum Cooling Air Flow Fraction of 0.32400
   **   ~~~   ** differs from Design Size Minimum Cooling Air Flow Fraction of 0.38123
   **   ~~~   ** This may, or may not, indicate mismatched component sizes.
   **   ~~~   ** Verify that the value entered is intended and is consistent with other components.
   ************* SizeHVACSingleDuct: Potential issue with equipment sizing for AirTerminal:SingleDuct:VAV:Reheat = "CORE_MID VAV BOX COMPONENT".
   **   ~~~   ** User-Specified Maximum Flow Fraction during Reheat of 0.50000 []
   **   ~~~   ** differs from Design Size Maximum Flow Fraction during Reheat of 1.00000 []
   **   ~~~   ** This may, or may not, indicate mismatched component sizes.
   **   ~~~   ** Verify that the value entered is intended and is consistent with other components.
   ************* SizeHVACSingleDuct: Potential issue with equipment sizing for AirTerminal:SingleDuct:VAV:Reheat = "CORE_TOP VAV BOX COMPONENT".
   **   ~~~   ** User-Specified Minimum Cooling Air Flow Fraction of 0.32800
   **   ~~~   ** differs from Design Size Minimum Cooling Air Flow Fraction of 0.38534
   **   ~~~   ** This may, or may not, indicate mismatched component sizes.
   **   ~~~   ** Verify that the value entered is intended and is consistent with other components.
   ************* SizeHVACSingleDuct: Potential issue with equipment sizing for AirTerminal:SingleDuct:VAV:Reheat = "CORE_TOP VAV BOX COMPONENT".
   **   ~~~   ** User-Specified Maximum Flow Fraction during Reheat of 0.50000 []
   **   ~~~   ** differs from Design Size Maximum Flow Fraction during Reheat of 1.00000 []
   **   ~~~   ** This may, or may not, indicate mismatched component sizes.
   **   ~~~   ** Verify that the value entered is intended and is consistent with other components.
   ************* SizeHVACSingleDuct: Potential issue with equipment sizing for AirTerminal:SingleDuct:VAV:Reheat = "PERIMETER_BOT_ZN_3 VAV BOX COMPONENT".
   **   ~~~   ** User-Specified Minimum Cooling Air Flow Fraction of 0.22100
   **   ~~~   ** differs from Design Size Minimum Cooling Air Flow Fraction of 0.26022
   **   ~~~   ** This may, or may not, indicate mismatched component sizes.
   **   ~~~   ** Verify that the value entered is intended and is consistent with other components.
   ************* SizeHVACSingleDuct: Potential issue with equipment sizing for AirTerminal:SingleDuct:VAV:Reheat = "PERIMETER_BOT_ZN_3 VAV BOX COMPONENT".
   **   ~~~   ** User-Specified Maximum Flow Fraction during Reheat of 0.50000 []
   **   ~~~   ** differs from Design Size Maximum Flow Fraction during Reheat of 0.69391 []
   **   ~~~   ** This may, or may not, indicate mismatched component sizes.
   **   ~~~   ** Verify that the value entered is intended and is consistent with other components.
   ************* SizeHVACSingleDuct: Potential issue with equipment sizing for AirTerminal:SingleDuct:VAV:Reheat = "PERIMETER_BOT_ZN_2 VAV BOX COMPONENT".
   **   ~~~   ** User-Specified Minimum Cooling Air Flow Fraction of 0.10400
   **   ~~~   ** differs from Design Size Minimum Cooling Air Flow Fraction of 0.12248
   **   ~~~   ** This may, or may not, indicate mismatched component sizes.
   **   ~~~   ** Verify that the value entered is intended and is consistent with other components.
   ************* SizeHVACSingleDuct: Potential issue with equipment sizing for AirTerminal:SingleDuct:VAV:Reheat = "PERIMETER_BOT_ZN_2 VAV BOX COMPONENT".
   **   ~~~   ** User-Specified Maximum Flow Fraction during Reheat of 0.50000 []
   **   ~~~   ** differs from Design Size Maximum Flow Fraction during Reheat of 0.32661 []
   **   ~~~   ** This may, or may not, indicate mismatched component sizes.
   **   ~~~   ** Verify that the value entered is intended and is consistent with other components.
   ************* SizeHVACSingleDuct: Potential issue with equipment sizing for AirTerminal:SingleDuct:VAV:Reheat = "PERIMETER_BOT_ZN_1 VAV BOX COMPONENT".
   **   ~~~   ** User-Specified Minimum Cooling Air Flow Fraction of 0.14100
   **   ~~~   ** differs from Design Size Minimum Cooling Air Flow Fraction of 0.16615
   **   ~~~   ** This may, or may not, indicate mismatched component sizes.
   **   ~~~   ** Verify that the value entered is intended and is consistent with other components.
   ************* SizeHVACSingleDuct: Potential issue with equipment sizing for AirTerminal:SingleDuct:VAV:Reheat = "PERIMETER_BOT_ZN_1 VAV BOX COMPONENT".
   **   ~~~   ** User-Specified Maximum Flow Fraction during Reheat of 0.50000 []
   **   ~~~   ** differs from Design Size Maximum Flow Fraction during Reheat of 0.44306 []
   **   ~~~   ** This may, or may not, indicate mismatched component sizes.
   **   ~~~   ** Verify that the value entered is intended and is consistent with other components.
   ************* SizeHVACSingleDuct: Potential issue with equipment sizing for AirTerminal:SingleDuct:VAV:Reheat = "PERIMETER_BOT_ZN_4 VAV BOX COMPONENT".
   **   ~~~   ** User-Specified Minimum Cooling Air Flow Fraction of 8.50000E-002
   **   ~~~   ** differs from Design Size Minimum Cooling Air Flow Fraction of 9.95407E-002
   **   ~~~   ** This may, or may not, indicate mismatched component sizes.
   **   ~~~   ** Verify that the value entered is intended and is consistent with other components.
   ************* SizeHVACSingleDuct: Potential issue with equipment sizing for AirTerminal:SingleDuct:VAV:Reheat = "PERIMETER_BOT_ZN_4 VAV BOX COMPONENT".
   **   ~~~   ** User-Specified Maximum Flow Fraction during Reheat of 0.50000 []
   **   ~~~   ** differs from Design Size Maximum Flow Fraction during Reheat of 0.30000 []
   **   ~~~   ** This may, or may not, indicate mismatched component sizes.
   **   ~~~   ** Verify that the value entered is intended and is consistent with other components.
   ************* SizeHVACSingleDuct: Potential issue with equipment sizing for AirTerminal:SingleDuct:VAV:Reheat = "PERIMETER_MID_ZN_3 VAV BOX COMPONENT".
   **   ~~~   ** User-Specified Minimum Cooling Air Flow Fraction of 0.23300
   **   ~~~   ** differs from Design Size Minimum Cooling Air Flow Fraction of 0.27406
   **   ~~~   ** This may, or may not, indicate mismatched component sizes.
   **   ~~~   ** Verify that the value entered is intended and is consistent with other components.
   ************* SizeHVACSingleDuct: Potential issue with equipment sizing for AirTerminal:SingleDuct:VAV:Reheat = "PERIMETER_MID_ZN_3 VAV BOX COMPONENT".
   **   ~~~   ** User-Specified Maximum Flow Fraction during Reheat of 0.50000 []
   **   ~~~   ** differs from Design Size Maximum Flow Fraction during Reheat of 0.73082 []
   **   ~~~   ** This may, or may not, indicate mismatched component sizes.
   **   ~~~   ** Verify that the value entered is intended and is consistent with other components.
   ************* SizeHVACSingleDuct: Potential issue with equipment sizing for AirTerminal:SingleDuct:VAV:Reheat = "PERIMETER_MID_ZN_2 VAV BOX COMPONENT".
   **   ~~~   ** User-Specified Maximum Flow Fraction during Reheat of 0.50000 []
   **   ~~~   ** differs from Design Size Maximum Flow Fraction during Reheat of 0.30414 []
   **   ~~~   ** This may, or may not, indicate mismatched component sizes.
   **   ~~~   ** Verify that the value entered is intended and is consistent with other components.
   ************* SizeHVACSingleDuct: Potential issue with equipment sizing for AirTerminal:SingleDuct:VAV:Reheat = "PERIMETER_MID_ZN_1 VAV BOX COMPONENT".
   **   ~~~   ** User-Specified Minimum Cooling Air Flow Fraction of 0.14100
   **   ~~~   ** differs from Design Size Minimum Cooling Air Flow Fraction of 0.16530
   **   ~~~   ** This may, or may not, indicate mismatched component sizes.
   **   ~~~   ** Verify that the value entered is intended and is consistent with other components.
   ************* SizeHVACSingleDuct: Potential issue with equipment sizing for AirTerminal:SingleDuct:VAV:Reheat = "PERIMETER_MID_ZN_1 VAV BOX COMPONENT".
   **   ~~~   ** User-Specified Maximum Flow Fraction during Reheat of 0.50000 []
   **   ~~~   ** differs from Design Size Maximum Flow Fraction during Reheat of 0.44079 []
   **   ~~~   ** This may, or may not, indicate mismatched component sizes.
   **   ~~~   ** Verify that the value entered is intended and is consistent with other components.
   ************* SizeHVACSingleDuct: Potential issue with equipment sizing for AirTerminal:SingleDuct:VAV:Reheat = "PERIMETER_MID_ZN_4 VAV BOX COMPONENT".
   **   ~~~   ** User-Specified Minimum Cooling Air Flow Fraction of 9.20000E-002
   **   ~~~   ** differs from Design Size Minimum Cooling Air Flow Fraction of 0.10780
   **   ~~~   ** This may, or may not, indicate mismatched component sizes.
   **   ~~~   ** Verify that the value entered is intended and is consistent with other components.
   ************* SizeHVACSingleDuct: Potential issue with equipment sizing for AirTerminal:SingleDuct:VAV:Reheat = "PERIMETER_MID_ZN_4 VAV BOX COMPONENT".
   **   ~~~   ** User-Specified Maximum Flow Fraction during Reheat of 0.50000 []
   **   ~~~   ** differs from Design Size Maximum Flow Fraction during Reheat of 0.30000 []
   **   ~~~   ** This may, or may not, indicate mismatched component sizes.
   **   ~~~   ** Verify that the value entered is intended and is consistent with other components.
   ************* SizeHVACSingleDuct: Potential issue with equipment sizing for AirTerminal:SingleDuct:VAV:Reheat = "PERIMETER_TOP_ZN_3 VAV BOX COMPONENT".
   **   ~~~   ** User-Specified Minimum Cooling Air Flow Fraction of 0.20400
   **   ~~~   ** differs from Design Size Minimum Cooling Air Flow Fraction of 0.23012
   **   ~~~   ** This may, or may not, indicate mismatched component sizes.
   **   ~~~   ** Verify that the value entered is intended and is consistent with other components.
   ************* SizeHVACSingleDuct: Potential issue with equipment sizing for AirTerminal:SingleDuct:VAV:Reheat = "PERIMETER_TOP_ZN_3 VAV BOX COMPONENT".
   **   ~~~   ** User-Specified Maximum Flow Fraction during Reheat of 0.50000 []
   **   ~~~   ** differs from Design Size Maximum Flow Fraction during Reheat of 0.61365 []
   **   ~~~   ** This may, or may not, indicate mismatched component sizes.
   **   ~~~   ** Verify that the value entered is intended and is consistent with other components.
   ************* SizeHVACSingleDuct: Potential issue with equipment sizing for AirTerminal:SingleDuct:VAV:Reheat = "PERIMETER_TOP_ZN_2 VAV BOX COMPONENT".
   **   ~~~   ** User-Specified Minimum Cooling Air Flow Fraction of 9.60000E-002
   **   ~~~   ** differs from Design Size Minimum Cooling Air Flow Fraction of 0.11308
   **   ~~~   ** This may, or may not, indicate mismatched component sizes.
   **   ~~~   ** Verify that the value entered is intended and is consistent with other components.
   ************* SizeHVACSingleDuct: Potential issue with equipment sizing for AirTerminal:SingleDuct:VAV:Reheat = "PERIMETER_TOP_ZN_2 VAV BOX COMPONENT".
   **   ~~~   ** User-Specified Maximum Flow Fraction during Reheat of 0.50000 []
   **   ~~~   ** differs from Design Size Maximum Flow Fraction during Reheat of 0.30155 []
   **   ~~~   ** This may, or may not, indicate mismatched component sizes.
   **   ~~~   ** Verify that the value entered is intended and is consistent with other components.
   ************* SizeHVACSingleDuct: Potential issue with equipment sizing for AirTerminal:SingleDuct:VAV:Reheat = "PERIMETER_TOP_ZN_1 VAV BOX COMPONENT".
   **   ~~~   ** User-Specified Minimum Cooling Air Flow Fraction of 0.13000
   **   ~~~   ** differs from Design Size Minimum Cooling Air Flow Fraction of 0.15295
   **   ~~~   ** This may, or may not, indicate mismatched component sizes.
   **   ~~~   ** Verify that the value entered is intended and is consistent with other components.
   ************* SizeHVACSingleDuct: Potential issue with equipment sizing for AirTerminal:SingleDuct:VAV:Reheat = "PERIMETER_TOP_ZN_1 VAV BOX COMPONENT".
   **   ~~~   ** User-Specified Maximum Flow Fraction during Reheat of 0.50000 []
   **   ~~~   ** differs from Design Size Maximum Flow Fraction during Reheat of 0.40786 []
   **   ~~~   ** This may, or may not, indicate mismatched component sizes.
   **   ~~~   ** Verify that the value entered is intended and is consistent with other components.
   ************* SizeHVACSingleDuct: Potential issue with equipment sizing for AirTerminal:SingleDuct:VAV:Reheat = "PERIMETER_TOP_ZN_4 VAV BOX COMPONENT".
   **   ~~~   ** User-Specified Minimum Cooling Air Flow Fraction of 8.70000E-002
   **   ~~~   ** differs from Design Size Minimum Cooling Air Flow Fraction of 0.10199
   **   ~~~   ** This may, or may not, indicate mismatched component sizes.
   **   ~~~   ** Verify that the value entered is intended and is consistent with other components.
   ************* SizeHVACSingleDuct: Potential issue with equipment sizing for AirTerminal:SingleDuct:VAV:Reheat = "PERIMETER_TOP_ZN_4 VAV BOX COMPONENT".
   **   ~~~   ** User-Specified Maximum Flow Fraction during Reheat of 0.50000 []
   **   ~~~   ** differs from Design Size Maximum Flow Fraction during Reheat of 0.30000 []
   **   ~~~   ** This may, or may not, indicate mismatched component sizes.
   **   ~~~   ** Verify that the value entered is intended and is consistent with other components.
   ** Warning ** Controller:MechanicalVentilation="VAV_BOT WITH REHEAT_DCV", Zone OA/person rate
   **   ~~~   ** For Zone="CORE_BOTTOM".
   **   ~~~   ** Zone outside air per person rate not set in Design Specification Outdoor Air Object="SZ DSOA CORE_BOTTOM".
   ** Warning ** Controller:MechanicalVentilation="VAV_BOT WITH REHEAT_DCV", Zone OA/person rate
   **   ~~~   ** For Zone="PERIMETER_BOT_ZN_3".
   **   ~~~   ** Zone outside air per person rate not set in Design Specification Outdoor Air Object="SZ DSOA PERIMETER_BOT_ZN_3".
   ** Warning ** Controller:MechanicalVentilation="VAV_BOT WITH REHEAT_DCV", Zone OA/person rate
   **   ~~~   ** For Zone="PERIMETER_BOT_ZN_2".
   **   ~~~   ** Zone outside air per person rate not set in Design Specification Outdoor Air Object="SZ DSOA PERIMETER_BOT_ZN_2".
   ** Warning ** Controller:MechanicalVentilation="VAV_BOT WITH REHEAT_DCV", Zone OA/person rate
   **   ~~~   ** For Zone="PERIMETER_BOT_ZN_1".
   **   ~~~   ** Zone outside air per person rate not set in Design Specification Outdoor Air Object="SZ DSOA PERIMETER_BOT_ZN_1".
   ** Warning ** Controller:MechanicalVentilation="VAV_BOT WITH REHEAT_DCV", Zone OA/person rate
   **   ~~~   ** For Zone="PERIMETER_BOT_ZN_4".
   **   ~~~   ** Zone outside air per person rate not set in Design Specification Outdoor Air Object="SZ DSOA PERIMETER_BOT_ZN_4".
   ** Warning ** Controller:MechanicalVentilation="VAV_MID WITH REHEAT_DCV", Zone OA/person rate
   **   ~~~   ** For Zone="CORE_MID".
   **   ~~~   ** Zone outside air per person rate not set in Design Specification Outdoor Air Object="SZ DSOA CORE_MID".
   ** Warning ** Controller:MechanicalVentilation="VAV_MID WITH REHEAT_DCV", Zone OA/person rate
   **   ~~~   ** For Zone="PERIMETER_MID_ZN_3".
   **   ~~~   ** Zone outside air per person rate not set in Design Specification Outdoor Air Object="SZ DSOA PERIMETER_MID_ZN_3".
   ** Warning ** Controller:MechanicalVentilation="VAV_MID WITH REHEAT_DCV", Zone OA/person rate
   **   ~~~   ** For Zone="PERIMETER_MID_ZN_2".
   **   ~~~   ** Zone outside air per person rate not set in Design Specification Outdoor Air Object="SZ DSOA PERIMETER_MID_ZN_2".
   ** Warning ** Controller:MechanicalVentilation="VAV_MID WITH REHEAT_DCV", Zone OA/person rate
   **   ~~~   ** For Zone="PERIMETER_MID_ZN_1".
   **   ~~~   ** Zone outside air per person rate not set in Design Specification Outdoor Air Object="SZ DSOA PERIMETER_MID_ZN_1".
   ** Warning ** Controller:MechanicalVentilation="VAV_MID WITH REHEAT_DCV", Zone OA/person rate
   **   ~~~   ** For Zone="PERIMETER_MID_ZN_4".
   **   ~~~   ** Zone outside air per person rate not set in Design Specification Outdoor Air Object="SZ DSOA PERIMETER_MID_ZN_4".
   ** Warning ** Controller:MechanicalVentilation="VAV_TOP WITH REHEAT_DCV", Zone OA/person rate
   **   ~~~   ** For Zone="CORE_TOP".
   **   ~~~   ** Zone outside air per person rate not set in Design Specification Outdoor Air Object="SZ DSOA CORE_TOP".
   ** Warning ** Controller:MechanicalVentilation="VAV_TOP WITH REHEAT_DCV", Zone OA/person rate
   **   ~~~   ** For Zone="PERIMETER_TOP_ZN_3".
   **   ~~~   ** Zone outside air per person rate not set in Design Specification Outdoor Air Object="SZ DSOA PERIMETER_TOP_ZN_3".
   ** Warning ** Controller:MechanicalVentilation="VAV_TOP WITH REHEAT_DCV", Zone OA/person rate
   **   ~~~   ** For Zone="PERIMETER_TOP_ZN_2".
   **   ~~~   ** Zone outside air per person rate not set in Design Specification Outdoor Air Object="SZ DSOA PERIMETER_TOP_ZN_2".
   ** Warning ** Controller:MechanicalVentilation="VAV_TOP WITH REHEAT_DCV", Zone OA/person rate
   **   ~~~   ** For Zone="PERIMETER_TOP_ZN_1".
   **   ~~~   ** Zone outside air per person rate not set in Design Specification Outdoor Air Object="SZ DSOA PERIMETER_TOP_ZN_1".
   ** Warning ** Controller:MechanicalVentilation="VAV_TOP WITH REHEAT_DCV", Zone OA/person rate
   **   ~~~   ** For Zone="PERIMETER_TOP_ZN_4".
   **   ~~~   ** Zone outside air per person rate not set in Design Specification Outdoor Air Object="SZ DSOA PERIMETER_TOP_ZN_4".
   ** Warning ** In calculating the design coil UA for Coil:Cooling:Water VAV_BOT WITH REHEAT COOLING COIL
   **   ~~~   ** the coil bypass factor is unrealistically large;
   **   ~~~   ** The initial design conditions are: Tair,in = 25.4615
   **   ~~~   **                                    Wair,in = 9.953120E-003
   **   ~~~   **                                    Twater,in = 6.6700
   **   ~~~   **                                    Tair,out = 10.8983
   **   ~~~   **                                    Wair,out = 8.500000E-003
   ** Warning ** In calculating the design coil UA for Coil:Cooling:Water VAV_MID WITH REHEAT COOLING COIL
   **   ~~~   ** the coil bypass factor is unrealistically large;
   **   ~~~   ** The initial design conditions are: Tair,in = 25.6017
   **   ~~~   **                                    Wair,in = 1.013850E-002
   **   ~~~   **                                    Twater,in = 6.6700
   **   ~~~   **                                    Tair,out = 10.8989
   **   ~~~   **                                    Wair,out = 8.500000E-003
   ** Warning ** In calculating the design coil UA for Coil:Cooling:Water VAV_TOP WITH REHEAT COOLING COIL
   **   ~~~   ** the coil bypass factor is unrealistically large;
   **   ~~~   ** The initial design conditions are: Tair,in = 25.3774
   **   ~~~   **                                    Wair,in = 9.948159E-003
   **   ~~~   **                                    Twater,in = 6.6700
   **   ~~~   **                                    Tair,out = 10.8983
   **   ~~~   **                                    Wair,out = 8.500000E-003
   ** Warning ** CheckSimpleWAHPRatedCurvesOutputs: Coil:Cooling:WaterToAirHeatPump:EquationFit="AIRLOOP DATACENTER BASEMENT COOLING COIL"
   **   ~~~   ** Total cooling capacity as a function of temperature curve output is not equal to 1.0 (+ or - 2%) at rated conditions.
   **   ~~~   ** Curve output at rated conditions = 0.956
   ** Warning ** CheckSimpleWAHPRatedCurvesOutputs: Coil:Cooling:WaterToAirHeatPump:EquationFit="AIRLOOP DATACENTER BASEMENT COOLING COIL"
   **   ~~~   ** Sensible cooling capacity as a function of temperature curve output is not equal to 1.0 (+ or - 2%) at rated conditions.
   **   ~~~   ** Curve output at rated conditions = 1.057
   ** Warning ** CheckSimpleWAHPRatedCurvesOutputs: Coil:Cooling:WaterToAirHeatPump:EquationFit="AIRLOOP DATACENTER BOT COOLING COIL"
   **   ~~~   ** Total cooling capacity as a function of temperature curve output is not equal to 1.0 (+ or - 2%) at rated conditions.
   **   ~~~   ** Curve output at rated conditions = 0.956
   ** Warning ** CheckSimpleWAHPRatedCurvesOutputs: Coil:Cooling:WaterToAirHeatPump:EquationFit="AIRLOOP DATACENTER BOT COOLING COIL"
   **   ~~~   ** Sensible cooling capacity as a function of temperature curve output is not equal to 1.0 (+ or - 2%) at rated conditions.
   **   ~~~   ** Curve output at rated conditions = 1.057
   ** Warning ** CheckSimpleWAHPRatedCurvesOutputs: Coil:Cooling:WaterToAirHeatPump:EquationFit="AIRLOOP DATACENTER MID COOLING COIL"
   **   ~~~   ** Total cooling capacity as a function of temperature curve output is not equal to 1.0 (+ or - 2%) at rated conditions.
   **   ~~~   ** Curve output at rated conditions = 0.956
   ** Warning ** CheckSimpleWAHPRatedCurvesOutputs: Coil:Cooling:WaterToAirHeatPump:EquationFit="AIRLOOP DATACENTER MID COOLING COIL"
   **   ~~~   ** Sensible cooling capacity as a function of temperature curve output is not equal to 1.0 (+ or - 2%) at rated conditions.
   **   ~~~   ** Curve output at rated conditions = 1.057
   ** Warning ** CheckSimpleWAHPRatedCurvesOutputs: Coil:Cooling:WaterToAirHeatPump:EquationFit="AIRLOOP DATACENTER TOP COOLING COIL"
   **   ~~~   ** Total cooling capacity as a function of temperature curve output is not equal to 1.0 (+ or - 2%) at rated conditions.
   **   ~~~   ** Curve output at rated conditions = 0.956
   ** Warning ** CheckSimpleWAHPRatedCurvesOutputs: Coil:Cooling:WaterToAirHeatPump:EquationFit="AIRLOOP DATACENTER TOP COOLING COIL"
   **   ~~~   ** Sensible cooling capacity as a function of temperature curve output is not equal to 1.0 (+ or - 2%) at rated conditions.
   **   ~~~   ** Curve output at rated conditions = 1.057
   ************* SizeChillerElectricReformulatedEIR: Potential issue with equipment sizing for COOLSYS1 CHILLER1
   **   ~~~   ** User-Specified Reference Chilled Water Flow Rate of 3.41028E-002 [m3/s]
   **   ~~~   ** differs from Design Size Reference Chilled Water Flow Rate of 6.78597E-002 [m3/s]
   **   ~~~   ** This may, or may not, indicate mismatched component sizes.
   **   ~~~   ** Verify that the value entered is intended and is consistent with other components.
   ************* SizeChillerElectricReformulatedEIR: Potential issue with equipment sizing for COOLSYS1 CHILLER2
   **   ~~~   ** User-Specified Reference Chilled Water Flow Rate of 3.41028E-002 [m3/s]
   **   ~~~   ** differs from Design Size Reference Chilled Water Flow Rate of 6.78597E-002 [m3/s]
   **   ~~~   ** This may, or may not, indicate mismatched component sizes.
   **   ~~~   ** Verify that the value entered is intended and is consistent with other components.
   ************* Testing Individual Branch Integrity
   ************* All Branches passed integrity testing
   ************* Testing Individual Supply Air Path Integrity
   ************* All Supply Air Paths passed integrity testing
   ************* Testing Individual Return Air Path Integrity
   ************* All Return Air Paths passed integrity testing
   ************* No node connection errors were found.
   ************* Beginning Simulation
   ** Warning ** In Output:Table:Monthly 'SpaceGainsMonthly' invalid Variable or Meter Name 'ZONE GAS EQUIPMENT TOTAL HEATING ENERGY'
   ** Warning ** In Output:Table:Monthly 'SpaceGainsMonthly' invalid Variable or Meter Name 'ZONE HOT WATER EQUIPMENT TOTAL HEATING ENERGY'
   ** Warning ** In Output:Table:Monthly 'SpaceGainsMonthly' invalid Variable or Meter Name 'ZONE STEAM EQUIPMENT TOTAL HEATING ENERGY'
   ** Warning ** In Output:Table:Monthly 'SpaceGainsMonthly' invalid Variable or Meter Name 'ZONE OTHER EQUIPMENT TOTAL HEATING ENERGY'
   ** Warning ** In Output:Table:Monthly 'PeakSpaceGainsMonthly' invalid Variable or Meter Name 'ZONE GAS EQUIPMENT TOTAL HEATING ENERGY'
   ** Warning ** In Output:Table:Monthly 'PeakSpaceGainsMonthly' invalid Variable or Meter Name 'ZONE HOT WATER EQUIPMENT TOTAL HEATING ENERGY'
   ** Warning ** In Output:Table:Monthly 'PeakSpaceGainsMonthly' invalid Variable or Meter Name 'ZONE STEAM EQUIPMENT TOTAL HEATING ENERGY'
   ** Warning ** In Output:Table:Monthly 'PeakSpaceGainsMonthly' invalid Variable or Meter Name 'ZONE OTHER EQUIPMENT TOTAL HEATING ENERGY'
   ** Warning ** In Output:Table:Monthly 'SpaceGainComponentsAtCoolingPeakMonthly' invalid Variable or Meter Name 'ZONE GAS EQUIPMENT TOTAL HEATING ENERGY'
   ** Warning ** In Output:Table:Monthly 'SpaceGainComponentsAtCoolingPeakMonthly' invalid Variable or Meter Name 'ZONE HOT WATER EQUIPMENT TOTAL HEATING ENERGY'
   ** Warning ** In Output:Table:Monthly 'SpaceGainComponentsAtCoolingPeakMonthly' invalid Variable or Meter Name 'ZONE STEAM EQUIPMENT TOTAL HEATING ENERGY'
   ** Warning ** In Output:Table:Monthly 'SpaceGainComponentsAtCoolingPeakMonthly' invalid Variable or Meter Name 'ZONE OTHER EQUIPMENT TOTAL HEATING ENERGY'
   ** Warning ** In Output:Table:Monthly 'EnergyConsumptionElectricityGeneratedPropaneMonthly' invalid Variable or Meter Name 'PROPANE:FACILITY'
   ** Warning ** In Output:Table:Monthly 'EnergyConsumptionElectricityGeneratedPropaneMonthly' invalid Variable or Meter Name 'PROPANE:FACILITY'
   ** Warning ** In Output:Table:Monthly 'EnergyConsumptionDieselFuelOilMonthly' invalid Variable or Meter Name 'DIESEL:FACILITY'
   ** Warning ** In Output:Table:Monthly 'EnergyConsumptionDieselFuelOilMonthly' invalid Variable or Meter Name 'DIESEL:FACILITY'
   ** Warning ** In Output:Table:Monthly 'EnergyConsumptionDieselFuelOilMonthly' invalid Variable or Meter Name 'FUELOILNO1:FACILITY'
   ** Warning ** In Output:Table:Monthly 'EnergyConsumptionDieselFuelOilMonthly' invalid Variable or Meter Name 'FUELOILNO1:FACILITY'
   ** Warning ** In Output:Table:Monthly 'EnergyConsumptionDieselFuelOilMonthly' invalid Variable or Meter Name 'FUELOILNO2:FACILITY'
   ** Warning ** In Output:Table:Monthly 'EnergyConsumptionDieselFuelOilMonthly' invalid Variable or Meter Name 'FUELOILNO2:FACILITY'
   ** Warning ** In Output:Table:Monthly 'EnergyConsumptionDistrictHeatingCoolingMonthly' invalid Variable or Meter Name 'DISTRICTCOOLING:FACILITY'
   ** Warning ** In Output:Table:Monthly 'EnergyConsumptionDistrictHeatingCoolingMonthly' invalid Variable or Meter Name 'DISTRICTCOOLING:FACILITY'
   ** Warning ** In Output:Table:Monthly 'EnergyConsumptionDistrictHeatingCoolingMonthly' invalid Variable or Meter Name 'DISTRICTHEATING:FACILITY'
   ** Warning ** In Output:Table:Monthly 'EnergyConsumptionDistrictHeatingCoolingMonthly' invalid Variable or Meter Name 'DISTRICTHEATING:FACILITY'
   ** Warning ** In Output:Table:Monthly 'EnergyConsumptionCoalGasolineMonthly' invalid Variable or Meter Name 'COAL:FACILITY'
   ** Warning ** In Output:Table:Monthly 'EnergyConsumptionCoalGasolineMonthly' invalid Variable or Meter Name 'COAL:FACILITY'
   ** Warning ** In Output:Table:Monthly 'EnergyConsumptionCoalGasolineMonthly' invalid Variable or Meter Name 'GASOLINE:FACILITY'
   ** Warning ** In Output:Table:Monthly 'EnergyConsumptionCoalGasolineMonthly' invalid Variable or Meter Name 'GASOLINE:FACILITY'
   ** Warning ** In Output:Table:Monthly 'EnergyConsumptionOtherFuelsMonthly' invalid Variable or Meter Name 'OTHERFUEL1:FACILITY'
   ** Warning ** In Output:Table:Monthly 'EnergyConsumptionOtherFuelsMonthly' invalid Variable or Meter Name 'OTHERFUEL1:FACILITY'
   ** Warning ** In Output:Table:Monthly 'EnergyConsumptionOtherFuelsMonthly' invalid Variable or Meter Name 'OTHERFUEL2:FACILITY'
   ** Warning ** In Output:Table:Monthly 'EnergyConsumptionOtherFuelsMonthly' invalid Variable or Meter Name 'OTHERFUEL2:FACILITY'
   ** Warning ** In Output:Table:Monthly 'EndUseEnergyConsumptionElectricityMonthly' invalid Variable or Meter Name 'WATERSYSTEMS:ELECTRICITY'
   ** Warning ** In Output:Table:Monthly 'EndUseEnergyConsumptionNaturalGasMonthly' invalid Variable or Meter Name 'INTERIOREQUIPMENT:NATURALGAS'
   ** Warning ** In Output:Table:Monthly 'EndUseEnergyConsumptionNaturalGasMonthly' invalid Variable or Meter Name 'EXTERIOREQUIPMENT:NATURALGAS'
   ** Warning ** In Output:Table:Monthly 'EndUseEnergyConsumptionNaturalGasMonthly' invalid Variable or Meter Name 'COOLING:NATURALGAS'
   ** Warning ** In Output:Table:Monthly 'EndUseEnergyConsumptionNaturalGasMonthly' invalid Variable or Meter Name 'COGENERATION:NATURALGAS'
   ** Warning ** In Output:Table:Monthly 'EndUseEnergyConsumptionNaturalGasMonthly' invalid Variable or Meter Name 'HUMIDIFIER:NATURALGAS'
   ** Warning ** In Output:Table:Monthly 'EndUseEnergyConsumptionDieselMonthly' invalid Variable or Meter Name 'EXTERIOREQUIPMENT:DIESEL'
   ** Warning ** In Output:Table:Monthly 'EndUseEnergyConsumptionDieselMonthly' invalid Variable or Meter Name 'COOLING:DIESEL'
   ** Warning ** In Output:Table:Monthly 'EndUseEnergyConsumptionDieselMonthly' invalid Variable or Meter Name 'HEATING:DIESEL'
   ** Warning ** In Output:Table:Monthly 'EndUseEnergyConsumptionDieselMonthly' invalid Variable or Meter Name 'WATERSYSTEMS:DIESEL'
   ** Warning ** In Output:Table:Monthly 'EndUseEnergyConsumptionDieselMonthly' invalid Variable or Meter Name 'COGENERATION:DIESEL'
   ** Warning ** In Output:Table:Monthly 'EndUseEnergyConsumptionFuelOilMonthly' invalid Variable or Meter Name 'EXTERIOREQUIPMENT:FUELOILNO1'
   ** Warning ** In Output:Table:Monthly 'EndUseEnergyConsumptionFuelOilMonthly' invalid Variable or Meter Name 'COOLING:FUELOILNO1'
   ** Warning ** In Output:Table:Monthly 'EndUseEnergyConsumptionFuelOilMonthly' invalid Variable or Meter Name 'HEATING:FUELOILNO1'
   ** Warning ** In Output:Table:Monthly 'EndUseEnergyConsumptionFuelOilMonthly' invalid Variable or Meter Name 'WATERSYSTEMS:FUELOILNO1'
   ** Warning ** In Output:Table:Monthly 'EndUseEnergyConsumptionFuelOilMonthly' invalid Variable or Meter Name 'COGENERATION:FUELOILNO1'
   ** Warning ** In Output:Table:Monthly 'EndUseEnergyConsumptionFuelOilMonthly' invalid Variable or Meter Name 'EXTERIOREQUIPMENT:FUELOILNO2'
   ** Warning ** In Output:Table:Monthly 'EndUseEnergyConsumptionFuelOilMonthly' invalid Variable or Meter Name 'COOLING:FUELOILNO2'
   ** Warning ** In Output:Table:Monthly 'EndUseEnergyConsumptionFuelOilMonthly' invalid Variable or Meter Name 'HEATING:FUELOILNO2'
   ** Warning ** In Output:Table:Monthly 'EndUseEnergyConsumptionFuelOilMonthly' invalid Variable or Meter Name 'WATERSYSTEMS:FUELOILNO2'
   ** Warning ** In Output:Table:Monthly 'EndUseEnergyConsumptionFuelOilMonthly' invalid Variable or Meter Name 'COGENERATION:FUELOILNO2'
   ** Warning ** In Output:Table:Monthly 'EndUseEnergyConsumptionCoalMonthly' invalid Variable or Meter Name 'EXTERIOREQUIPMENT:COAL'
   ** Warning ** In Output:Table:Monthly 'EndUseEnergyConsumptionCoalMonthly' invalid Variable or Meter Name 'HEATING:COAL'
   ** Warning ** In Output:Table:Monthly 'EndUseEnergyConsumptionCoalMonthly' invalid Variable or Meter Name 'WATERSYSTEMS:COAL'
   ** Warning ** In Output:Table:Monthly 'EndUseEnergyConsumptionPropaneMonthly' invalid Variable or Meter Name 'EXTERIOREQUIPMENT:PROPANE'
   ** Warning ** In Output:Table:Monthly 'EndUseEnergyConsumptionPropaneMonthly' invalid Variable or Meter Name 'COOLING:PROPANE'
   ** Warning ** In Output:Table:Monthly 'EndUseEnergyConsumptionPropaneMonthly' invalid Variable or Meter Name 'HEATING:PROPANE'
   ** Warning ** In Output:Table:Monthly 'EndUseEnergyConsumptionPropaneMonthly' invalid Variable or Meter Name 'WATERSYSTEMS:PROPANE'
   ** Warning ** In Output:Table:Monthly 'EndUseEnergyConsumptionPropaneMonthly' invalid Variable or Meter Name 'COGENERATION:PROPANE'
   ** Warning ** In Output:Table:Monthly 'EndUseEnergyConsumptionPropaneMonthly' invalid Variable or Meter Name 'HUMIDIFIER:PROPANE'
   ** Warning ** In Output:Table:Monthly 'EndUseEnergyConsumptionGasolineMonthly' invalid Variable or Meter Name 'EXTERIOREQUIPMENT:GASOLINE'
   ** Warning ** In Output:Table:Monthly 'EndUseEnergyConsumptionGasolineMonthly' invalid Variable or Meter Name 'COOLING:GASOLINE'
   ** Warning ** In Output:Table:Monthly 'EndUseEnergyConsumptionGasolineMonthly' invalid Variable or Meter Name 'HEATING:GASOLINE'
   ** Warning ** In Output:Table:Monthly 'EndUseEnergyConsumptionGasolineMonthly' invalid Variable or Meter Name 'WATERSYSTEMS:GASOLINE'
   ** Warning ** In Output:Table:Monthly 'EndUseEnergyConsumptionGasolineMonthly' invalid Variable or Meter Name 'COGENERATION:GASOLINE'
   ** Warning ** In Output:Table:Monthly 'EndUseEnergyConsumptionOtherFuelsMonthly' invalid Variable or Meter Name 'EXTERIOREQUIPMENT:OTHERFUEL1'
   ** Warning ** In Output:Table:Monthly 'EndUseEnergyConsumptionOtherFuelsMonthly' invalid Variable or Meter Name 'COOLING:OTHERFUEL1'
   ** Warning ** In Output:Table:Monthly 'EndUseEnergyConsumptionOtherFuelsMonthly' invalid Variable or Meter Name 'HEATING:OTHERFUEL1'
   ** Warning ** In Output:Table:Monthly 'EndUseEnergyConsumptionOtherFuelsMonthly' invalid Variable or Meter Name 'WATERSYSTEMS:OTHERFUEL1'
   ** Warning ** In Output:Table:Monthly 'EndUseEnergyConsumptionOtherFuelsMonthly' invalid Variable or Meter Name 'COGENERATION:OTHERFUEL1'
   ** Warning ** In Output:Table:Monthly 'EndUseEnergyConsumptionOtherFuelsMonthly' invalid Variable or Meter Name 'EXTERIOREQUIPMENT:OTHERFUEL2'
   ** Warning ** In Output:Table:Monthly 'EndUseEnergyConsumptionOtherFuelsMonthly' invalid Variable or Meter Name 'COOLING:OTHERFUEL2'
   ** Warning ** In Output:Table:Monthly 'EndUseEnergyConsumptionOtherFuelsMonthly' invalid Variable or Meter Name 'HEATING:OTHERFUEL2'
   ** Warning ** In Output:Table:Monthly 'EndUseEnergyConsumptionOtherFuelsMonthly' invalid Variable or Meter Name 'WATERSYSTEMS:OTHERFUEL2'
   ** Warning ** In Output:Table:Monthly 'EndUseEnergyConsumptionOtherFuelsMonthly' invalid Variable or Meter Name 'COGENERATION:OTHERFUEL2'
   ** Warning ** In Output:Table:Monthly 'PeakEnergyEndUseElectricityPart2Monthly' invalid Variable or Meter Name 'WATERSYSTEMS:ELECTRICITY'
   ** Warning ** In Output:Table:Monthly 'PeakEnergyEndUseNaturalGasMonthly' invalid Variable or Meter Name 'INTERIOREQUIPMENT:NATURALGAS'
   ** Warning ** In Output:Table:Monthly 'PeakEnergyEndUseNaturalGasMonthly' invalid Variable or Meter Name 'EXTERIOREQUIPMENT:NATURALGAS'
   ** Warning ** In Output:Table:Monthly 'PeakEnergyEndUseNaturalGasMonthly' invalid Variable or Meter Name 'COOLING:NATURALGAS'
   ** Warning ** In Output:Table:Monthly 'PeakEnergyEndUseNaturalGasMonthly' invalid Variable or Meter Name 'COGENERATION:NATURALGAS'
   ** Warning ** In Output:Table:Monthly 'PeakEnergyEndUseDieselMonthly' invalid Variable or Meter Name 'EXTERIOREQUIPMENT:DIESEL'
   ** Warning ** In Output:Table:Monthly 'PeakEnergyEndUseDieselMonthly' invalid Variable or Meter Name 'COOLING:DIESEL'
   ** Warning ** In Output:Table:Monthly 'PeakEnergyEndUseDieselMonthly' invalid Variable or Meter Name 'HEATING:DIESEL'
   ** Warning ** In Output:Table:Monthly 'PeakEnergyEndUseDieselMonthly' invalid Variable or Meter Name 'WATERSYSTEMS:DIESEL'
   ** Warning ** In Output:Table:Monthly 'PeakEnergyEndUseDieselMonthly' invalid Variable or Meter Name 'COGENERATION:DIESEL'
   ** Warning ** In Output:Table:Monthly 'PeakEnergyEndUseFuelOilMonthly' invalid Variable or Meter Name 'EXTERIOREQUIPMENT:FUELOILNO1'
   ** Warning ** In Output:Table:Monthly 'PeakEnergyEndUseFuelOilMonthly' invalid Variable or Meter Name 'COOLING:FUELOILNO1'
   ** Warning ** In Output:Table:Monthly 'PeakEnergyEndUseFuelOilMonthly' invalid Variable or Meter Name 'HEATING:FUELOILNO1'
   ** Warning ** In Output:Table:Monthly 'PeakEnergyEndUseFuelOilMonthly' invalid Variable or Meter Name 'WATERSYSTEMS:FUELOILNO1'
   ** Warning ** In Output:Table:Monthly 'PeakEnergyEndUseFuelOilMonthly' invalid Variable or Meter Name 'COGENERATION:FUELOILNO1'
   ** Warning ** In Output:Table:Monthly 'PeakEnergyEndUseFuelOilMonthly' invalid Variable or Meter Name 'EXTERIOREQUIPMENT:FUELOILNO2'
   ** Warning ** In Output:Table:Monthly 'PeakEnergyEndUseFuelOilMonthly' invalid Variable or Meter Name 'COOLING:FUELOILNO2'
   ** Warning ** In Output:Table:Monthly 'PeakEnergyEndUseFuelOilMonthly' invalid Variable or Meter Name 'HEATING:FUELOILNO2'
   ** Warning ** In Output:Table:Monthly 'PeakEnergyEndUseFuelOilMonthly' invalid Variable or Meter Name 'WATERSYSTEMS:FUELOILNO2'
   ** Warning ** In Output:Table:Monthly 'PeakEnergyEndUseFuelOilMonthly' invalid Variable or Meter Name 'COGENERATION:FUELOILNO2'
   ** Warning ** In Output:Table:Monthly 'PeakEnergyEndUseCoalMonthly' invalid Variable or Meter Name 'EXTERIOREQUIPMENT:COAL'
   ** Warning ** In Output:Table:Monthly 'PeakEnergyEndUseCoalMonthly' invalid Variable or Meter Name 'HEATING:COAL'
   ** Warning ** In Output:Table:Monthly 'PeakEnergyEndUseCoalMonthly' invalid Variable or Meter Name 'WATERSYSTEMS:COAL'
   ** Warning ** In Output:Table:Monthly 'PeakEnergyEndUsePropaneMonthly' invalid Variable or Meter Name 'EXTERIOREQUIPMENT:PROPANE'
   ** Warning ** In Output:Table:Monthly 'PeakEnergyEndUsePropaneMonthly' invalid Variable or Meter Name 'COOLING:PROPANE'
   ** Warning ** In Output:Table:Monthly 'PeakEnergyEndUsePropaneMonthly' invalid Variable or Meter Name 'HEATING:PROPANE'
   ** Warning ** In Output:Table:Monthly 'PeakEnergyEndUsePropaneMonthly' invalid Variable or Meter Name 'WATERSYSTEMS:PROPANE'
   ** Warning ** In Output:Table:Monthly 'PeakEnergyEndUsePropaneMonthly' invalid Variable or Meter Name 'COGENERATION:PROPANE'
   ** Warning ** In Output:Table:Monthly 'PeakEnergyEndUseGasolineMonthly' invalid Variable or Meter Name 'EXTERIOREQUIPMENT:GASOLINE'
   ** Warning ** In Output:Table:Monthly 'PeakEnergyEndUseGasolineMonthly' invalid Variable or Meter Name 'COOLING:GASOLINE'
   ** Warning ** In Output:Table:Monthly 'PeakEnergyEndUseGasolineMonthly' invalid Variable or Meter Name 'HEATING:GASOLINE'
   ** Warning ** In Output:Table:Monthly 'PeakEnergyEndUseGasolineMonthly' invalid Variable or Meter Name 'WATERSYSTEMS:GASOLINE'
   ** Warning ** In Output:Table:Monthly 'PeakEnergyEndUseGasolineMonthly' invalid Variable or Meter Name 'COGENERATION:GASOLINE'
   ** Warning ** In Output:Table:Monthly 'PeakEnergyEndUseOtherFuelsMonthly' invalid Variable or Meter Name 'EXTERIOREQUIPMENT:OTHERFUEL1'
   ** Warning ** In Output:Table:Monthly 'PeakEnergyEndUseOtherFuelsMonthly' invalid Variable or Meter Name 'COOLING:OTHERFUEL1'
   ** Warning ** In Output:Table:Monthly 'PeakEnergyEndUseOtherFuelsMonthly' invalid Variable or Meter Name 'HEATING:OTHERFUEL1'
   ** Warning ** In Output:Table:Monthly 'PeakEnergyEndUseOtherFuelsMonthly' invalid Variable or Meter Name 'WATERSYSTEMS:OTHERFUEL1'
   ** Warning ** In Output:Table:Monthly 'PeakEnergyEndUseOtherFuelsMonthly' invalid Variable or Meter Name 'COGENERATION:OTHERFUEL1'
   ** Warning ** In Output:Table:Monthly 'PeakEnergyEndUseOtherFuelsMonthly' invalid Variable or Meter Name 'EXTERIOREQUIPMENT:OTHERFUEL2'
   ** Warning ** In Output:Table:Monthly 'PeakEnergyEndUseOtherFuelsMonthly' invalid Variable or Meter Name 'COOLING:OTHERFUEL2'
   ** Warning ** In Output:Table:Monthly 'PeakEnergyEndUseOtherFuelsMonthly' invalid Variable or Meter Name 'HEATING:OTHERFUEL2'
   ** Warning ** In Output:Table:Monthly 'PeakEnergyEndUseOtherFuelsMonthly' invalid Variable or Meter Name 'WATERSYSTEMS:OTHERFUEL2'
   ** Warning ** In Output:Table:Monthly 'PeakEnergyEndUseOtherFuelsMonthly' invalid Variable or Meter Name 'COGENERATION:OTHERFUEL2'
   ** Warning ** In Output:Table:Monthly 'UnglazedTranspiredSolarCollectorSummaryMonthly' invalid Variable or Meter Name 'SOLAR COLLECTOR SYSTEM EFFICIENCY'
   ** Warning ** In Output:Table:Monthly 'UnglazedTranspiredSolarCollectorSummaryMonthly' invalid Variable or Meter Name 'SOLAR COLLECTOR SYSTEM EFFICIENCY'
   ** Warning ** In Output:Table:Monthly 'UnglazedTranspiredSolarCollectorSummaryMonthly' invalid Variable or Meter Name 'SOLAR COLLECTOR OUTSIDE FACE SUCTION VELOCITY'
   ** Warning ** In Output:Table:Monthly 'UnglazedTranspiredSolarCollectorSummaryMonthly' invalid Variable or Meter Name 'SOLAR COLLECTOR SENSIBLE HEATING RATE'
   ** Warning ** In Output:Table:Monthly 'BoilerReportMonthly' invalid Variable or Meter Name 'BOILER GAS CONSUMPTION'
   ** Warning ** In Output:Table:Monthly 'BoilerReportMonthly' invalid Variable or Meter Name 'BOILER GAS CONSUMPTION RATE'
   ** Warning ** In Output:Table:Monthly 'DXReportMonthly' invalid Variable or Meter Name 'COOLING COIL CRANKCASE HEATER ELECTRICITY ENERGY'
   ** Warning ** In Output:Table:Monthly 'DXReportMonthly' invalid Variable or Meter Name 'COOLING COIL CRANKCASE HEATER ELECTRICITY RATE'
   ** Warning ** In Output:Table:Monthly 'WindowACReportMonthly' invalid Variable or Meter Name 'ZONE WINDOW AIR CONDITIONER TOTAL COOLING ENERGY'
   ** Warning ** In Output:Table:Monthly 'WindowACReportMonthly' invalid Variable or Meter Name 'ZONE WINDOW AIR CONDITIONER ELECTRICITY ENERGY'
   ** Warning ** In Output:Table:Monthly 'WindowACReportMonthly' invalid Variable or Meter Name 'ZONE WINDOW AIR CONDITIONER TOTAL COOLING ENERGY'
   ** Warning ** In Output:Table:Monthly 'WindowACReportMonthly' invalid Variable or Meter Name 'ZONE WINDOW AIR CONDITIONER SENSIBLE COOLING ENERGY'
   ** Warning ** In Output:Table:Monthly 'WindowACReportMonthly' invalid Variable or Meter Name 'ZONE WINDOW AIR CONDITIONER LATENT COOLING ENERGY'
   ** Warning ** In Output:Table:Monthly 'WindowACReportMonthly' invalid Variable or Meter Name 'ZONE WINDOW AIR CONDITIONER TOTAL COOLING RATE'
   ** Warning ** In Output:Table:Monthly 'WindowACReportMonthly' invalid Variable or Meter Name 'ZONE WINDOW AIR CONDITIONER SENSIBLE COOLING RATE'
   ** Warning ** In Output:Table:Monthly 'WindowACReportMonthly' invalid Variable or Meter Name 'ZONE WINDOW AIR CONDITIONER LATENT COOLING RATE'
   ** Warning ** In Output:Table:Monthly 'WindowACReportMonthly' invalid Variable or Meter Name 'ZONE WINDOW AIR CONDITIONER ELECTRICITY RATE'
   ** Warning ** In Output:Table:Monthly 'WaterHeaterReportMonthly' invalid Variable or Meter Name 'WATER HEATER BURNER HEATING ENERGY'
   ** Warning ** In Output:Table:Monthly 'WaterHeaterReportMonthly' invalid Variable or Meter Name 'WATER HEATER GAS CONSUMPTION'
   ** Warning ** In Output:Table:Monthly 'WaterHeaterReportMonthly' invalid Variable or Meter Name 'WATER HEATER LOSS DEMAND ENERGY'
   ** Warning ** In Output:Table:Monthly 'WaterHeaterReportMonthly' invalid Variable or Meter Name 'WATER HEATER HEAT RECOVERY SUPPLY ENERGY'
   ** Warning ** In Output:Table:Monthly 'WaterHeaterReportMonthly' invalid Variable or Meter Name 'WATER HEATER SOURCE ENERGY'
   ** Warning ** In Output:Table:Monthly 'GeneratorReportMonthly' invalid Variable or Meter Name 'GENERATOR PRODUCED AC ELECTRICITY ENERGY'
   ** Warning ** In Output:Table:Monthly 'GeneratorReportMonthly' invalid Variable or Meter Name 'GENERATOR DIESEL CONSUMPTION'
   ** Warning ** In Output:Table:Monthly 'GeneratorReportMonthly' invalid Variable or Meter Name 'GENERATOR GAS CONSUMPTION'
   ** Warning ** In Output:Table:Monthly 'GeneratorReportMonthly' invalid Variable or Meter Name 'GENERATOR PRODUCED AC ELECTRICITY ENERGY'
   ** Warning ** In Output:Table:Monthly 'GeneratorReportMonthly' invalid Variable or Meter Name 'GENERATOR TOTAL HEAT RECOVERY'
   ** Warning ** In Output:Table:Monthly 'GeneratorReportMonthly' invalid Variable or Meter Name 'GENERATOR JACKET HEAT RECOVERY ENERGY'
   ** Warning ** In Output:Table:Monthly 'GeneratorReportMonthly' invalid Variable or Meter Name 'GENERATOR LUBE HEAT RECOVERY'
   ** Warning ** In Output:Table:Monthly 'GeneratorReportMonthly' invalid Variable or Meter Name 'GENERATOR EXHAUST HEAT RECOVERY ENERGY'
   ** Warning ** In Output:Table:Monthly 'GeneratorReportMonthly' invalid Variable or Meter Name 'GENERATOR EXHAUST AIR TEMPERATURE'
   ** Warning ** In Output:Table:Monthly 'AirLoopSystemEnergyAndWaterUseMonthly' invalid Variable or Meter Name 'AIR SYSTEM NATURAL GAS ENERGY'
   ** Warning ** In Output:Table:Monthly 'AirLoopSystemComponentEnergyUseMonthly' invalid Variable or Meter Name 'AIR SYSTEM HEATING COIL NATURAL GAS ENERGY'
   ** Warning ** In Output:Table:Monthly 'AirLoopSystemComponentEnergyUseMonthly' invalid Variable or Meter Name 'AIR SYSTEM HUMIDIFIER NATURAL GAS ENERGY'
   ** Warning ** Processing Monthly Tabular Reports: SpaceGainsMonthly
   **   ~~~   ** ..Variable name=ZONE GAS EQUIPMENT TOTAL HEATING ENERGY not valid for this simulation.
   **   ~~~   ** ..Variables not valid for this simulation will have "[Invalid/Undefined]" in the Units Column of the Table Report.
   ** Warning ** Processing Monthly Tabular Reports: SpaceGainsMonthly
   **   ~~~   ** ..Variable name=ZONE HOT WATER EQUIPMENT TOTAL HEATING ENERGY not valid for this simulation.
   ** Warning ** Processing Monthly Tabular Reports: SpaceGainsMonthly
   **   ~~~   ** ..Variable name=ZONE STEAM EQUIPMENT TOTAL HEATING ENERGY not valid for this simulation.
   ** Warning ** Processing Monthly Tabular Reports: SpaceGainsMonthly
   **   ~~~   ** ..Variable name=ZONE OTHER EQUIPMENT TOTAL HEATING ENERGY not valid for this simulation.
   ** Warning ** Processing Monthly Tabular Reports: SpaceGainsMonthly
   **   ~~~   ** ..Variable name=ZONE GAS EQUIPMENT TOTAL HEATING ENERGY not valid for this simulation.
   **   ~~~   ** ..i.e., Variable name=BASEMENT:ZONE GAS EQUIPMENT TOTAL HEATING ENERGY not valid for this simulation.
   ** Warning ** Processing Monthly Tabular Reports: SpaceGainsMonthly
   **   ~~~   ** ..Variable name=ZONE HOT WATER EQUIPMENT TOTAL HEATING ENERGY not valid for this simulation.
   **   ~~~   ** ..i.e., Variable name=BASEMENT:ZONE HOT WATER EQUIPMENT TOTAL HEATING ENERGY not valid for this simulation.
   ** Warning ** Processing Monthly Tabular Reports: SpaceGainsMonthly
   **   ~~~   ** ..Variable name=ZONE STEAM EQUIPMENT TOTAL HEATING ENERGY not valid for this simulation.
   **   ~~~   ** ..i.e., Variable name=BASEMENT:ZONE STEAM EQUIPMENT TOTAL HEATING ENERGY not valid for this simulation.
   ** Warning ** Processing Monthly Tabular Reports: SpaceGainsMonthly
   **   ~~~   ** ..Variable name=ZONE OTHER EQUIPMENT TOTAL HEATING ENERGY not valid for this simulation.
   **   ~~~   ** ..i.e., Variable name=BASEMENT:ZONE OTHER EQUIPMENT TOTAL HEATING ENERGY not valid for this simulation.
   ** Warning ** Processing Monthly Tabular Reports: SpaceGainsMonthly
   **   ~~~   ** ..Variable name=ZONE INFILTRATION SENSIBLE HEAT GAIN ENERGY not valid for this simulation.
   **   ~~~   ** ..i.e., Variable name=BASEMENT:ZONE INFILTRATION SENSIBLE HEAT GAIN ENERGY not valid for this simulation.
   ** Warning ** Processing Monthly Tabular Reports: SpaceGainsMonthly
   **   ~~~   ** ..Variable name=ZONE INFILTRATION SENSIBLE HEAT LOSS ENERGY not valid for this simulation.
   **   ~~~   ** ..i.e., Variable name=BASEMENT:ZONE INFILTRATION SENSIBLE HEAT LOSS ENERGY not valid for this simulation.
   ** Warning ** Processing Monthly Tabular Reports: SpaceGainsMonthly
   **   ~~~   ** ..Variable name=ZONE GAS EQUIPMENT TOTAL HEATING ENERGY not valid for this simulation.
   **   ~~~   ** ..i.e., Variable name=CORE_BOTTOM:ZONE GAS EQUIPMENT TOTAL HEATING ENERGY not valid for this simulation.
   ** Warning ** Processing Monthly Tabular Reports: SpaceGainsMonthly
   **   ~~~   ** ..Variable name=ZONE HOT WATER EQUIPMENT TOTAL HEATING ENERGY not valid for this simulation.
   **   ~~~   ** ..i.e., Variable name=CORE_BOTTOM:ZONE HOT WATER EQUIPMENT TOTAL HEATING ENERGY not valid for this simulation.
   ** Warning ** Processing Monthly Tabular Reports: SpaceGainsMonthly
   **   ~~~   ** ..Variable name=ZONE STEAM EQUIPMENT TOTAL HEATING ENERGY not valid for this simulation.
   **   ~~~   ** ..i.e., Variable name=CORE_BOTTOM:ZONE STEAM EQUIPMENT TOTAL HEATING ENERGY not valid for this simulation.
   ** Warning ** Processing Monthly Tabular Reports: SpaceGainsMonthly
   **   ~~~   ** ..Variable name=ZONE OTHER EQUIPMENT TOTAL HEATING ENERGY not valid for this simulation.
   **   ~~~   ** ..i.e., Variable name=CORE_BOTTOM:ZONE OTHER EQUIPMENT TOTAL HEATING ENERGY not valid for this simulation.
   ** Warning ** Processing Monthly Tabular Reports: SpaceGainsMonthly
   **   ~~~   ** ..Variable name=ZONE INFILTRATION SENSIBLE HEAT GAIN ENERGY not valid for this simulation.
   **   ~~~   ** ..i.e., Variable name=CORE_BOTTOM:ZONE INFILTRATION SENSIBLE HEAT GAIN ENERGY not valid for this simulation.
   ** Warning ** Processing Monthly Tabular Reports: SpaceGainsMonthly
   **   ~~~   ** ..Variable name=ZONE INFILTRATION SENSIBLE HEAT LOSS ENERGY not valid for this simulation.
   **   ~~~   ** ..i.e., Variable name=CORE_BOTTOM:ZONE INFILTRATION SENSIBLE HEAT LOSS ENERGY not valid for this simulation.
   ** Warning ** Processing Monthly Tabular Reports: SpaceGainsMonthly
   **   ~~~   ** ..Variable name=ZONE GAS EQUIPMENT TOTAL HEATING ENERGY not valid for this simulation.
   **   ~~~   ** ..i.e., Variable name=CORE_MID:ZONE GAS EQUIPMENT TOTAL HEATING ENERGY not valid for this simulation.
   ** Warning ** Processing Monthly Tabular Reports: SpaceGainsMonthly
   **   ~~~   ** ..Variable name=ZONE HOT WATER EQUIPMENT TOTAL HEATING ENERGY not valid for this simulation.
   **   ~~~   ** ..i.e., Variable name=CORE_MID:ZONE HOT WATER EQUIPMENT TOTAL HEATING ENERGY not valid for this simulation.
   ** Warning ** Processing Monthly Tabular Reports: SpaceGainsMonthly
   **   ~~~   ** ..Variable name=ZONE STEAM EQUIPMENT TOTAL HEATING ENERGY not valid for this simulation.
   **   ~~~   ** ..i.e., Variable name=CORE_MID:ZONE STEAM EQUIPMENT TOTAL HEATING ENERGY not valid for this simulation.
   ** Warning ** Processing Monthly Tabular Reports: SpaceGainsMonthly
   **   ~~~   ** ..Variable name=ZONE OTHER EQUIPMENT TOTAL HEATING ENERGY not valid for this simulation.
   **   ~~~   ** ..i.e., Variable name=CORE_MID:ZONE OTHER EQUIPMENT TOTAL HEATING ENERGY not valid for this simulation.
   ** Warning ** Processing Monthly Tabular Reports: SpaceGainsMonthly
   **   ~~~   ** ..Variable name=ZONE INFILTRATION SENSIBLE HEAT GAIN ENERGY not valid for this simulation.
   **   ~~~   ** ..i.e., Variable name=CORE_MID:ZONE INFILTRATION SENSIBLE HEAT GAIN ENERGY not valid for this simulation.
   ** Warning ** Processing Monthly Tabular Reports: SpaceGainsMonthly
   **   ~~~   ** ..Variable name=ZONE INFILTRATION SENSIBLE HEAT LOSS ENERGY not valid for this simulation.
   **   ~~~   ** ..i.e., Variable name=CORE_MID:ZONE INFILTRATION SENSIBLE HEAT LOSS ENERGY not valid for this simulation.
   ** Warning ** Processing Monthly Tabular Reports: SpaceGainsMonthly
   **   ~~~   ** ..Variable name=ZONE GAS EQUIPMENT TOTAL HEATING ENERGY not valid for this simulation.
   **   ~~~   ** ..i.e., Variable name=CORE_TOP:ZONE GAS EQUIPMENT TOTAL HEATING ENERGY not valid for this simulation.
   ** Warning ** Processing Monthly Tabular Reports: SpaceGainsMonthly
   **   ~~~   ** ..Variable name=ZONE HOT WATER EQUIPMENT TOTAL HEATING ENERGY not valid for this simulation.
   **   ~~~   ** ..i.e., Variable name=CORE_TOP:ZONE HOT WATER EQUIPMENT TOTAL HEATING ENERGY not valid for this simulation.
   ** Warning ** Processing Monthly Tabular Reports: SpaceGainsMonthly
   **   ~~~   ** ..Variable name=ZONE STEAM EQUIPMENT TOTAL HEATING ENERGY not valid for this simulation.
   **   ~~~   ** ..i.e., Variable name=CORE_TOP:ZONE STEAM EQUIPMENT TOTAL HEATING ENERGY not valid for this simulation.
   ** Warning ** Processing Monthly Tabular Reports: SpaceGainsMonthly
   **   ~~~   ** ..Variable name=ZONE OTHER EQUIPMENT TOTAL HEATING ENERGY not valid for this simulation.
   **   ~~~   ** ..i.e., Variable name=CORE_TOP:ZONE OTHER EQUIPMENT TOTAL HEATING ENERGY not valid for this simulation.
   ** Warning ** Processing Monthly Tabular Reports: SpaceGainsMonthly
   **   ~~~   ** ..Variable name=ZONE INFILTRATION SENSIBLE HEAT GAIN ENERGY not valid for this simulation.
   **   ~~~   ** ..i.e., Variable name=CORE_TOP:ZONE INFILTRATION SENSIBLE HEAT GAIN ENERGY not valid for this simulation.
   ** Warning ** Processing Monthly Tabular Reports: SpaceGainsMonthly
   **   ~~~   ** ..Variable name=ZONE INFILTRATION SENSIBLE HEAT LOSS ENERGY not valid for this simulation.
   **   ~~~   ** ..i.e., Variable name=CORE_TOP:ZONE INFILTRATION SENSIBLE HEAT LOSS ENERGY not valid for this simulation.
   ** Warning ** Processing Monthly Tabular Reports: SpaceGainsMonthly
   **   ~~~   ** ..Variable name=ZONE GAS EQUIPMENT TOTAL HEATING ENERGY not valid for this simulation.
   **   ~~~   ** ..i.e., Variable name=PERIMETER_BOT_ZN_3:ZONE GAS EQUIPMENT TOTAL HEATING ENERGY not valid for this simulation.
   ** Warning ** Processing Monthly Tabular Reports: SpaceGainsMonthly
   **   ~~~   ** ..Variable name=ZONE HOT WATER EQUIPMENT TOTAL HEATING ENERGY not valid for this simulation.
   **   ~~~   ** ..i.e., Variable name=PERIMETER_BOT_ZN_3:ZONE HOT WATER EQUIPMENT TOTAL HEATING ENERGY not valid for this simulation.
   ** Warning ** Processing Monthly Tabular Reports: SpaceGainsMonthly
   **   ~~~   ** ..Variable name=ZONE STEAM EQUIPMENT TOTAL HEATING ENERGY not valid for this simulation.
   **   ~~~   ** ..i.e., Variable name=PERIMETER_BOT_ZN_3:ZONE STEAM EQUIPMENT TOTAL HEATING ENERGY not valid for this simulation.
   ** Warning ** Processing Monthly Tabular Reports: SpaceGainsMonthly
   **   ~~~   ** ..Variable name=ZONE OTHER EQUIPMENT TOTAL HEATING ENERGY not valid for this simulation.
   **   ~~~   ** ..i.e., Variable name=PERIMETER_BOT_ZN_3:ZONE OTHER EQUIPMENT TOTAL HEATING ENERGY not valid for this simulation.
   ** Warning ** Processing Monthly Tabular Reports: SpaceGainsMonthly
   **   ~~~   ** ..Variable name=ZONE GAS EQUIPMENT TOTAL HEATING ENERGY not valid for this simulation.
   **   ~~~   ** ..i.e., Variable name=PERIMETER_BOT_ZN_2:ZONE GAS EQUIPMENT TOTAL HEATING ENERGY not valid for this simulation.
   ** Warning ** Processing Monthly Tabular Reports: SpaceGainsMonthly
   **   ~~~   ** ..Variable name=ZONE HOT WATER EQUIPMENT TOTAL HEATING ENERGY not valid for this simulation.
   **   ~~~   ** ..i.e., Variable name=PERIMETER_BOT_ZN_2:ZONE HOT WATER EQUIPMENT TOTAL HEATING ENERGY not valid for this simulation.
   ** Warning ** Processing Monthly Tabular Reports: SpaceGainsMonthly
   **   ~~~   ** ..Variable name=ZONE STEAM EQUIPMENT TOTAL HEATING ENERGY not valid for this simulation.
   **   ~~~   ** ..i.e., Variable name=PERIMETER_BOT_ZN_2:ZONE STEAM EQUIPMENT TOTAL HEATING ENERGY not valid for this simulation.
   ** Warning ** Processing Monthly Tabular Reports: SpaceGainsMonthly
   **   ~~~   ** ..Variable name=ZONE OTHER EQUIPMENT TOTAL HEATING ENERGY not valid for this simulation.
   **   ~~~   ** ..i.e., Variable name=PERIMETER_BOT_ZN_2:ZONE OTHER EQUIPMENT TOTAL HEATING ENERGY not valid for this simulation.
   ** Warning ** Processing Monthly Tabular Reports: SpaceGainsMonthly
   **   ~~~   ** ..Variable name=ZONE GAS EQUIPMENT TOTAL HEATING ENERGY not valid for this simulation.
   **   ~~~   ** ..i.e., Variable name=PERIMETER_BOT_ZN_1:ZONE GAS EQUIPMENT TOTAL HEATING ENERGY not valid for this simulation.
   ** Warning ** Processing Monthly Tabular Reports: SpaceGainsMonthly
   **   ~~~   ** ..Variable name=ZONE HOT WATER EQUIPMENT TOTAL HEATING ENERGY not valid for this simulation.
   **   ~~~   ** ..i.e., Variable name=PERIMETER_BOT_ZN_1:ZONE HOT WATER EQUIPMENT TOTAL HEATING ENERGY not valid for this simulation.
   ** Warning ** Processing Monthly Tabular Reports: SpaceGainsMonthly
   **   ~~~   ** ..Variable name=ZONE STEAM EQUIPMENT TOTAL HEATING ENERGY not valid for this simulation.
   **   ~~~   ** ..i.e., Variable name=PERIMETER_BOT_ZN_1:ZONE STEAM EQUIPMENT TOTAL HEATING ENERGY not valid for this simulation.
   ** Warning ** Processing Monthly Tabular Reports: SpaceGainsMonthly
   **   ~~~   ** ..Variable name=ZONE OTHER EQUIPMENT TOTAL HEATING ENERGY not valid for this simulation.
   **   ~~~   ** ..i.e., Variable name=PERIMETER_BOT_ZN_1:ZONE OTHER EQUIPMENT TOTAL HEATING ENERGY not valid for this simulation.
   ** Warning ** Processing Monthly Tabular Reports: SpaceGainsMonthly
   **   ~~~   ** ..Variable name=ZONE GAS EQUIPMENT TOTAL HEATING ENERGY not valid for this simulation.
   **   ~~~   ** ..i.e., Variable name=PERIMETER_BOT_ZN_4:ZONE GAS EQUIPMENT TOTAL HEATING ENERGY not valid for this simulation.
   ** Warning ** Processing Monthly Tabular Reports: SpaceGainsMonthly
   **   ~~~   ** ..Variable name=ZONE HOT WATER EQUIPMENT TOTAL HEATING ENERGY not valid for this simulation.
   **   ~~~   ** ..i.e., Variable name=PERIMETER_BOT_ZN_4:ZONE HOT WATER EQUIPMENT TOTAL HEATING ENERGY not valid for this simulation.
   ** Warning ** Processing Monthly Tabular Reports: SpaceGainsMonthly
   **   ~~~   ** ..Variable name=ZONE STEAM EQUIPMENT TOTAL HEATING ENERGY not valid for this simulation.
   **   ~~~   ** ..i.e., Variable name=PERIMETER_BOT_ZN_4:ZONE STEAM EQUIPMENT TOTAL HEATING ENERGY not valid for this simulation.
   ** Warning ** Processing Monthly Tabular Reports: SpaceGainsMonthly
   **   ~~~   ** ..Variable name=ZONE OTHER EQUIPMENT TOTAL HEATING ENERGY not valid for this simulation.
   **   ~~~   ** ..i.e., Variable name=PERIMETER_BOT_ZN_4:ZONE OTHER EQUIPMENT TOTAL HEATING ENERGY not valid for this simulation.
   ** Warning ** Processing Monthly Tabular Reports: SpaceGainsMonthly
   **   ~~~   ** ..Variable name=ZONE GAS EQUIPMENT TOTAL HEATING ENERGY not valid for this simulation.
   **   ~~~   ** ..i.e., Variable name=PERIMETER_MID_ZN_3:ZONE GAS EQUIPMENT TOTAL HEATING ENERGY not valid for this simulation.
   ** Warning ** Processing Monthly Tabular Reports: SpaceGainsMonthly
   **   ~~~   ** ..Variable name=ZONE HOT WATER EQUIPMENT TOTAL HEATING ENERGY not valid for this simulation.
   **   ~~~   ** ..i.e., Variable name=PERIMETER_MID_ZN_3:ZONE HOT WATER EQUIPMENT TOTAL HEATING ENERGY not valid for this simulation.
   ** Warning ** Processing Monthly Tabular Reports: SpaceGainsMonthly
   **   ~~~   ** ..Variable name=ZONE STEAM EQUIPMENT TOTAL HEATING ENERGY not valid for this simulation.
   **   ~~~   ** ..i.e., Variable name=PERIMETER_MID_ZN_3:ZONE STEAM EQUIPMENT TOTAL HEATING ENERGY not valid for this simulation.
   ** Warning ** Processing Monthly Tabular Reports: SpaceGainsMonthly
   **   ~~~   ** ..Variable name=ZONE OTHER EQUIPMENT TOTAL HEATING ENERGY not valid for this simulation.
   **   ~~~   ** ..i.e., Variable name=PERIMETER_MID_ZN_3:ZONE OTHER EQUIPMENT TOTAL HEATING ENERGY not valid for this simulation.
   ** Warning ** Processing Monthly Tabular Reports: SpaceGainsMonthly
   **   ~~~   ** ..Variable name=ZONE GAS EQUIPMENT TOTAL HEATING ENERGY not valid for this simulation.
   **   ~~~   ** ..i.e., Variable name=PERIMETER_MID_ZN_2:ZONE GAS EQUIPMENT TOTAL HEATING ENERGY not valid for this simulation.
   ** Warning ** Processing Monthly Tabular Reports: SpaceGainsMonthly
   **   ~~~   ** ..Variable name=ZONE HOT WATER EQUIPMENT TOTAL HEATING ENERGY not valid for this simulation.
   **   ~~~   ** ..i.e., Variable name=PERIMETER_MID_ZN_2:ZONE HOT WATER EQUIPMENT TOTAL HEATING ENERGY not valid for this simulation.
   ** Warning ** Processing Monthly Tabular Reports: SpaceGainsMonthly
   **   ~~~   ** ..Variable name=ZONE STEAM EQUIPMENT TOTAL HEATING ENERGY not valid for this simulation.
   **   ~~~   ** ..i.e., Variable name=PERIMETER_MID_ZN_2:ZONE STEAM EQUIPMENT TOTAL HEATING ENERGY not valid for this simulation.
   ** Warning ** Processing Monthly Tabular Reports: SpaceGainsMonthly
   **   ~~~   ** ..Variable name=ZONE OTHER EQUIPMENT TOTAL HEATING ENERGY not valid for this simulation.
   **   ~~~   ** ..i.e., Variable name=PERIMETER_MID_ZN_2:ZONE OTHER EQUIPMENT TOTAL HEATING ENERGY not valid for this simulation.
   ** Warning ** Processing Monthly Tabular Reports: SpaceGainsMonthly
   **   ~~~   ** ..Variable name=ZONE GAS EQUIPMENT TOTAL HEATING ENERGY not valid for this simulation.
   **   ~~~   ** ..i.e., Variable name=PERIMETER_MID_ZN_1:ZONE GAS EQUIPMENT TOTAL HEATING ENERGY not valid for this simulation.
   ** Warning ** Processing Monthly Tabular Reports: SpaceGainsMonthly
   **   ~~~   ** ..Variable name=ZONE HOT WATER EQUIPMENT TOTAL HEATING ENERGY not valid for this simulation.
   **   ~~~   ** ..i.e., Variable name=PERIMETER_MID_ZN_1:ZONE HOT WATER EQUIPMENT TOTAL HEATING ENERGY not valid for this simulation.
   ** Warning ** Processing Monthly Tabular Reports: SpaceGainsMonthly
   **   ~~~   ** ..Variable name=ZONE STEAM EQUIPMENT TOTAL HEATING ENERGY not valid for this simulation.
   **   ~~~   ** ..i.e., Variable name=PERIMETER_MID_ZN_1:ZONE STEAM EQUIPMENT TOTAL HEATING ENERGY not valid for this simulation.
   ** Warning ** Processing Monthly Tabular Reports: SpaceGainsMonthly
   **   ~~~   ** ..Variable name=ZONE OTHER EQUIPMENT TOTAL HEATING ENERGY not valid for this simulation.
   **   ~~~   ** ..i.e., Variable name=PERIMETER_MID_ZN_1:ZONE OTHER EQUIPMENT TOTAL HEATING ENERGY not valid for this simulation.
   ** Warning ** Processing Monthly Tabular Reports: SpaceGainsMonthly
   **   ~~~   ** ..Variable name=ZONE GAS EQUIPMENT TOTAL HEATING ENERGY not valid for this simulation.
   **   ~~~   ** ..i.e., Variable name=PERIMETER_MID_ZN_4:ZONE GAS EQUIPMENT TOTAL HEATING ENERGY not valid for this simulation.
   ** Warning ** Processing Monthly Tabular Reports: SpaceGainsMonthly
   **   ~~~   ** ..Variable name=ZONE HOT WATER EQUIPMENT TOTAL HEATING ENERGY not valid for this simulation.
   **   ~~~   ** ..i.e., Variable name=PERIMETER_MID_ZN_4:ZONE HOT WATER EQUIPMENT TOTAL HEATING ENERGY not valid for this simulation.
   ** Warning ** Processing Monthly Tabular Reports: SpaceGainsMonthly
   **   ~~~   ** ..Variable name=ZONE STEAM EQUIPMENT TOTAL HEATING ENERGY not valid for this simulation.
   **   ~~~   ** ..i.e., Variable name=PERIMETER_MID_ZN_4:ZONE STEAM EQUIPMENT TOTAL HEATING ENERGY not valid for this simulation.
   ** Warning ** Processing Monthly Tabular Reports: SpaceGainsMonthly
   **   ~~~   ** ..Variable name=ZONE OTHER EQUIPMENT TOTAL HEATING ENERGY not valid for this simulation.
   **   ~~~   ** ..i.e., Variable name=PERIMETER_MID_ZN_4:ZONE OTHER EQUIPMENT TOTAL HEATING ENERGY not valid for this simulation.
   ** Warning ** Processing Monthly Tabular Reports: SpaceGainsMonthly
   **   ~~~   ** ..Variable name=ZONE GAS EQUIPMENT TOTAL HEATING ENERGY not valid for this simulation.
   **   ~~~   ** ..i.e., Variable name=PERIMETER_TOP_ZN_3:ZONE GAS EQUIPMENT TOTAL HEATING ENERGY not valid for this simulation.
   ** Warning ** Processing Monthly Tabular Reports: SpaceGainsMonthly
   **   ~~~   ** ..Variable name=ZONE HOT WATER EQUIPMENT TOTAL HEATING ENERGY not valid for this simulation.
   **   ~~~   ** ..i.e., Variable name=PERIMETER_TOP_ZN_3:ZONE HOT WATER EQUIPMENT TOTAL HEATING ENERGY not valid for this simulation.
   ** Warning ** Processing Monthly Tabular Reports: SpaceGainsMonthly
   **   ~~~   ** ..Variable name=ZONE STEAM EQUIPMENT TOTAL HEATING ENERGY not valid for this simulation.
   **   ~~~   ** ..i.e., Variable name=PERIMETER_TOP_ZN_3:ZONE STEAM EQUIPMENT TOTAL HEATING ENERGY not valid for this simulation.
   ** Warning ** Processing Monthly Tabular Reports: SpaceGainsMonthly
   **   ~~~   ** ..Variable name=ZONE OTHER EQUIPMENT TOTAL HEATING ENERGY not valid for this simulation.
   **   ~~~   ** ..i.e., Variable name=PERIMETER_TOP_ZN_3:ZONE OTHER EQUIPMENT TOTAL HEATING ENERGY not valid for this simulation.
   ** Warning ** Processing Monthly Tabular Reports: SpaceGainsMonthly
   **   ~~~   ** ..Variable name=ZONE GAS EQUIPMENT TOTAL HEATING ENERGY not valid for this simulation.
   **   ~~~   ** ..i.e., Variable name=PERIMETER_TOP_ZN_2:ZONE GAS EQUIPMENT TOTAL HEATING ENERGY not valid for this simulation.
   ** Warning ** Processing Monthly Tabular Reports: SpaceGainsMonthly
   **   ~~~   ** ..Variable name=ZONE HOT WATER EQUIPMENT TOTAL HEATING ENERGY not valid for this simulation.
   **   ~~~   ** ..i.e., Variable name=PERIMETER_TOP_ZN_2:ZONE HOT WATER EQUIPMENT TOTAL HEATING ENERGY not valid for this simulation.
   ** Warning ** Processing Monthly Tabular Reports: SpaceGainsMonthly
   **   ~~~   ** ..Variable name=ZONE STEAM EQUIPMENT TOTAL HEATING ENERGY not valid for this simulation.
   **   ~~~   ** ..i.e., Variable name=PERIMETER_TOP_ZN_2:ZONE STEAM EQUIPMENT TOTAL HEATING ENERGY not valid for this simulation.
   ** Warning ** Processing Monthly Tabular Reports: SpaceGainsMonthly
   **   ~~~   ** ..Variable name=ZONE OTHER EQUIPMENT TOTAL HEATING ENERGY not valid for this simulation.
   **   ~~~   ** ..i.e., Variable name=PERIMETER_TOP_ZN_2:ZONE OTHER EQUIPMENT TOTAL HEATING ENERGY not valid for this simulation.
   ** Warning ** Processing Monthly Tabular Reports: SpaceGainsMonthly
   **   ~~~   ** ..Variable name=ZONE GAS EQUIPMENT TOTAL HEATING ENERGY not valid for this simulation.
   **   ~~~   ** ..i.e., Variable name=PERIMETER_TOP_ZN_1:ZONE GAS EQUIPMENT TOTAL HEATING ENERGY not valid for this simulation.
   ** Warning ** Processing Monthly Tabular Reports: SpaceGainsMonthly
   **   ~~~   ** ..Variable name=ZONE HOT WATER EQUIPMENT TOTAL HEATING ENERGY not valid for this simulation.
   **   ~~~   ** ..i.e., Variable name=PERIMETER_TOP_ZN_1:ZONE HOT WATER EQUIPMENT TOTAL HEATING ENERGY not valid for this simulation.
   ** Warning ** Processing Monthly Tabular Reports: SpaceGainsMonthly
   **   ~~~   ** ..Variable name=ZONE STEAM EQUIPMENT TOTAL HEATING ENERGY not valid for this simulation.
   **   ~~~   ** ..i.e., Variable name=PERIMETER_TOP_ZN_1:ZONE STEAM EQUIPMENT TOTAL HEATING ENERGY not valid for this simulation.
   ** Warning ** Processing Monthly Tabular Reports: SpaceGainsMonthly
   **   ~~~   ** ..Variable name=ZONE OTHER EQUIPMENT TOTAL HEATING ENERGY not valid for this simulation.
   **   ~~~   ** ..i.e., Variable name=PERIMETER_TOP_ZN_1:ZONE OTHER EQUIPMENT TOTAL HEATING ENERGY not valid for this simulation.
   ** Warning ** Processing Monthly Tabular Reports: SpaceGainsMonthly
   **   ~~~   ** ..Variable name=ZONE GAS EQUIPMENT TOTAL HEATING ENERGY not valid for this simulation.
   **   ~~~   ** ..i.e., Variable name=PERIMETER_TOP_ZN_4:ZONE GAS EQUIPMENT TOTAL HEATING ENERGY not valid for this simulation.
   ** Warning ** Processing Monthly Tabular Reports: SpaceGainsMonthly
   **   ~~~   ** ..Variable name=ZONE HOT WATER EQUIPMENT TOTAL HEATING ENERGY not valid for this simulation.
   **   ~~~   ** ..i.e., Variable name=PERIMETER_TOP_ZN_4:ZONE HOT WATER EQUIPMENT TOTAL HEATING ENERGY not valid for this simulation.
   ** Warning ** Processing Monthly Tabular Reports: SpaceGainsMonthly
   **   ~~~   ** ..Variable name=ZONE STEAM EQUIPMENT TOTAL HEATING ENERGY not valid for this simulation.
   **   ~~~   ** ..i.e., Variable name=PERIMETER_TOP_ZN_4:ZONE STEAM EQUIPMENT TOTAL HEATING ENERGY not valid for this simulation.
   ** Warning ** Processing Monthly Tabular Reports: SpaceGainsMonthly
   **   ~~~   ** ..Variable name=ZONE OTHER EQUIPMENT TOTAL HEATING ENERGY not valid for this simulation.
   **   ~~~   ** ..i.e., Variable name=PERIMETER_TOP_ZN_4:ZONE OTHER EQUIPMENT TOTAL HEATING ENERGY not valid for this simulation.
   ** Warning ** Processing Monthly Tabular Reports: SpaceGainsMonthly
   **   ~~~   ** ..Variable name=ZONE GAS EQUIPMENT TOTAL HEATING ENERGY not valid for this simulation.
   **   ~~~   ** ..i.e., Variable name=DATACENTER_BOT_ZN_6:ZONE GAS EQUIPMENT TOTAL HEATING ENERGY not valid for this simulation.
   ** Warning ** Processing Monthly Tabular Reports: SpaceGainsMonthly
   **   ~~~   ** ..Variable name=ZONE HOT WATER EQUIPMENT TOTAL HEATING ENERGY not valid for this simulation.
   **   ~~~   ** ..i.e., Variable name=DATACENTER_BOT_ZN_6:ZONE HOT WATER EQUIPMENT TOTAL HEATING ENERGY not valid for this simulation.
   ** Warning ** Processing Monthly Tabular Reports: SpaceGainsMonthly
   **   ~~~   ** ..Variable name=ZONE STEAM EQUIPMENT TOTAL HEATING ENERGY not valid for this simulation.
   **   ~~~   ** ..i.e., Variable name=DATACENTER_BOT_ZN_6:ZONE STEAM EQUIPMENT TOTAL HEATING ENERGY not valid for this simulation.
   ** Warning ** Processing Monthly Tabular Reports: SpaceGainsMonthly
   **   ~~~   ** ..Variable name=ZONE OTHER EQUIPMENT TOTAL HEATING ENERGY not valid for this simulation.
   **   ~~~   ** ..i.e., Variable name=DATACENTER_BOT_ZN_6:ZONE OTHER EQUIPMENT TOTAL HEATING ENERGY not valid for this simulation.
   ** Warning ** Processing Monthly Tabular Reports: SpaceGainsMonthly
   **   ~~~   ** ..Variable name=ZONE INFILTRATION SENSIBLE HEAT GAIN ENERGY not valid for this simulation.
   **   ~~~   ** ..i.e., Variable name=DATACENTER_BOT_ZN_6:ZONE INFILTRATION SENSIBLE HEAT GAIN ENERGY not valid for this simulation.
   ** Warning ** Processing Monthly Tabular Reports: SpaceGainsMonthly
   **   ~~~   ** ..Variable name=ZONE INFILTRATION SENSIBLE HEAT LOSS ENERGY not valid for this simulation.
   **   ~~~   ** ..i.e., Variable name=DATACENTER_BOT_ZN_6:ZONE INFILTRATION SENSIBLE HEAT LOSS ENERGY not valid for this simulation.
   ** Warning ** Processing Monthly Tabular Reports: SpaceGainsMonthly
   **   ~~~   ** ..Variable name=ZONE GAS EQUIPMENT TOTAL HEATING ENERGY not valid for this simulation.
   **   ~~~   ** ..i.e., Variable name=DATACENTER_MID_ZN_6:ZONE GAS EQUIPMENT TOTAL HEATING ENERGY not valid for this simulation.
   ** Warning ** Processing Monthly Tabular Reports: SpaceGainsMonthly
   **   ~~~   ** ..Variable name=ZONE HOT WATER EQUIPMENT TOTAL HEATING ENERGY not valid for this simulation.
   **   ~~~   ** ..i.e., Variable name=DATACENTER_MID_ZN_6:ZONE HOT WATER EQUIPMENT TOTAL HEATING ENERGY not valid for this simulation.
   ** Warning ** Processing Monthly Tabular Reports: SpaceGainsMonthly
   **   ~~~   ** ..Variable name=ZONE STEAM EQUIPMENT TOTAL HEATING ENERGY not valid for this simulation.
   **   ~~~   ** ..i.e., Variable name=DATACENTER_MID_ZN_6:ZONE STEAM EQUIPMENT TOTAL HEATING ENERGY not valid for this simulation.
   ** Warning ** Processing Monthly Tabular Reports: SpaceGainsMonthly
   **   ~~~   ** ..Variable name=ZONE OTHER EQUIPMENT TOTAL HEATING ENERGY not valid for this simulation.
   **   ~~~   ** ..i.e., Variable name=DATACENTER_MID_ZN_6:ZONE OTHER EQUIPMENT TOTAL HEATING ENERGY not valid for this simulation.
   ** Warning ** Processing Monthly Tabular Reports: SpaceGainsMonthly
   **   ~~~   ** ..Variable name=ZONE INFILTRATION SENSIBLE HEAT GAIN ENERGY not valid for this simulation.
   **   ~~~   ** ..i.e., Variable name=DATACENTER_MID_ZN_6:ZONE INFILTRATION SENSIBLE HEAT GAIN ENERGY not valid for this simulation.
   ** Warning ** Processing Monthly Tabular Reports: SpaceGainsMonthly
   **   ~~~   ** ..Variable name=ZONE INFILTRATION SENSIBLE HEAT LOSS ENERGY not valid for this simulation.
   **   ~~~   ** ..i.e., Variable name=DATACENTER_MID_ZN_6:ZONE INFILTRATION SENSIBLE HEAT LOSS ENERGY not valid for this simulation.
   ** Warning ** Processing Monthly Tabular Reports: SpaceGainsMonthly
   **   ~~~   ** ..Variable name=ZONE GAS EQUIPMENT TOTAL HEATING ENERGY not valid for this simulation.
   **   ~~~   ** ..i.e., Variable name=DATACENTER_TOP_ZN_6:ZONE GAS EQUIPMENT TOTAL HEATING ENERGY not valid for this simulation.
   ** Warning ** Processing Monthly Tabular Reports: SpaceGainsMonthly
   **   ~~~   ** ..Variable name=ZONE HOT WATER EQUIPMENT TOTAL HEATING ENERGY not valid for this simulation.
   **   ~~~   ** ..i.e., Variable name=DATACENTER_TOP_ZN_6:ZONE HOT WATER EQUIPMENT TOTAL HEATING ENERGY not valid for this simulation.
   ** Warning ** Processing Monthly Tabular Reports: SpaceGainsMonthly
   **   ~~~   ** ..Variable name=ZONE STEAM EQUIPMENT TOTAL HEATING ENERGY not valid for this simulation.
   **   ~~~   ** ..i.e., Variable name=DATACENTER_TOP_ZN_6:ZONE STEAM EQUIPMENT TOTAL HEATING ENERGY not valid for this simulation.
   ** Warning ** Processing Monthly Tabular Reports: SpaceGainsMonthly
   **   ~~~   ** ..Variable name=ZONE OTHER EQUIPMENT TOTAL HEATING ENERGY not valid for this simulation.
   **   ~~~   ** ..i.e., Variable name=DATACENTER_TOP_ZN_6:ZONE OTHER EQUIPMENT TOTAL HEATING ENERGY not valid for this simulation.
   ** Warning ** Processing Monthly Tabular Reports: SpaceGainsMonthly
   **   ~~~   ** ..Variable name=ZONE INFILTRATION SENSIBLE HEAT GAIN ENERGY not valid for this simulation.
   **   ~~~   ** ..i.e., Variable name=DATACENTER_TOP_ZN_6:ZONE INFILTRATION SENSIBLE HEAT GAIN ENERGY not valid for this simulation.
   ** Warning ** Processing Monthly Tabular Reports: SpaceGainsMonthly
   **   ~~~   ** ..Variable name=ZONE INFILTRATION SENSIBLE HEAT LOSS ENERGY not valid for this simulation.
   **   ~~~   ** ..i.e., Variable name=DATACENTER_TOP_ZN_6:ZONE INFILTRATION SENSIBLE HEAT LOSS ENERGY not valid for this simulation.
   ** Warning ** Processing Monthly Tabular Reports: SpaceGainsMonthly
   **   ~~~   ** ..Variable name=ZONE GAS EQUIPMENT TOTAL HEATING ENERGY not valid for this simulation.
   **   ~~~   ** ..i.e., Variable name=DATACENTER_BASEMENT_ZN_6:ZONE GAS EQUIPMENT TOTAL HEATING ENERGY not valid for this simulation.
   ** Warning ** Processing Monthly Tabular Reports: SpaceGainsMonthly
   **   ~~~   ** ..Variable name=ZONE HOT WATER EQUIPMENT TOTAL HEATING ENERGY not valid for this simulation.
   **   ~~~   ** ..i.e., Variable name=DATACENTER_BASEMENT_ZN_6:ZONE HOT WATER EQUIPMENT TOTAL HEATING ENERGY not valid for this simulation.
   ** Warning ** Processing Monthly Tabular Reports: SpaceGainsMonthly
   **   ~~~   ** ..Variable name=ZONE STEAM EQUIPMENT TOTAL HEATING ENERGY not valid for this simulation.
   **   ~~~   ** ..i.e., Variable name=DATACENTER_BASEMENT_ZN_6:ZONE STEAM EQUIPMENT TOTAL HEATING ENERGY not valid for this simulation.
   ** Warning ** Processing Monthly Tabular Reports: SpaceGainsMonthly
   **   ~~~   ** ..Variable name=ZONE OTHER EQUIPMENT TOTAL HEATING ENERGY not valid for this simulation.
   **   ~~~   ** ..i.e., Variable name=DATACENTER_BASEMENT_ZN_6:ZONE OTHER EQUIPMENT TOTAL HEATING ENERGY not valid for this simulation.
   ** Warning ** Processing Monthly Tabular Reports: SpaceGainsMonthly
   **   ~~~   ** ..Variable name=ZONE INFILTRATION SENSIBLE HEAT GAIN ENERGY not valid for this simulation.
   **   ~~~   ** ..i.e., Variable name=DATACENTER_BASEMENT_ZN_6:ZONE INFILTRATION SENSIBLE HEAT GAIN ENERGY not valid for this simulation.
   ** Warning ** Processing Monthly Tabular Reports: SpaceGainsMonthly
   **   ~~~   ** ..Variable name=ZONE INFILTRATION SENSIBLE HEAT LOSS ENERGY not valid for this simulation.
   **   ~~~   ** ..i.e., Variable name=DATACENTER_BASEMENT_ZN_6:ZONE INFILTRATION SENSIBLE HEAT LOSS ENERGY not valid for this simulation.
   ** Warning ** Processing Monthly Tabular Reports: SpaceGainsMonthly
   **   ~~~   ** ..Variable name=ZONE PEOPLE TOTAL HEATING ENERGY not valid for this simulation.
   **   ~~~   ** ..i.e., Variable name=GROUNDFLOOR_PLENUM:ZONE PEOPLE TOTAL HEATING ENERGY not valid for this simulation.
   ** Warning ** Processing Monthly Tabular Reports: SpaceGainsMonthly
   **   ~~~   ** ..Variable name=ZONE LIGHTS TOTAL HEATING ENERGY not valid for this simulation.
   **   ~~~   ** ..i.e., Variable name=GROUNDFLOOR_PLENUM:ZONE LIGHTS TOTAL HEATING ENERGY not valid for this simulation.
   ** Warning ** Processing Monthly Tabular Reports: SpaceGainsMonthly
   **   ~~~   ** ..Variable name=ZONE ELECTRIC EQUIPMENT TOTAL HEATING ENERGY not valid for this simulation.
   **   ~~~   ** ..i.e., Variable name=GROUNDFLOOR_PLENUM:ZONE ELECTRIC EQUIPMENT TOTAL HEATING ENERGY not valid for this simulation.
   ** Warning ** Processing Monthly Tabular Reports: SpaceGainsMonthly
   **   ~~~   ** ..Variable name=ZONE GAS EQUIPMENT TOTAL HEATING ENERGY not valid for this simulation.
   **   ~~~   ** ..i.e., Variable name=GROUNDFLOOR_PLENUM:ZONE GAS EQUIPMENT TOTAL HEATING ENERGY not valid for this simulation.
   ** Warning ** Processing Monthly Tabular Reports: SpaceGainsMonthly
   **   ~~~   ** ..Variable name=ZONE HOT WATER EQUIPMENT TOTAL HEATING ENERGY not valid for this simulation.
   **   ~~~   ** ..i.e., Variable name=GROUNDFLOOR_PLENUM:ZONE HOT WATER EQUIPMENT TOTAL HEATING ENERGY not valid for this simulation.
   ** Warning ** Processing Monthly Tabular Reports: SpaceGainsMonthly
   **   ~~~   ** ..Variable name=ZONE STEAM EQUIPMENT TOTAL HEATING ENERGY not valid for this simulation.
   **   ~~~   ** ..i.e., Variable name=GROUNDFLOOR_PLENUM:ZONE STEAM EQUIPMENT TOTAL HEATING ENERGY not valid for this simulation.
   ** Warning ** Processing Monthly Tabular Reports: SpaceGainsMonthly
   **   ~~~   ** ..Variable name=ZONE OTHER EQUIPMENT TOTAL HEATING ENERGY not valid for this simulation.
   **   ~~~   ** ..i.e., Variable name=GROUNDFLOOR_PLENUM:ZONE OTHER EQUIPMENT TOTAL HEATING ENERGY not valid for this simulation.
   ** Warning ** Processing Monthly Tabular Reports: SpaceGainsMonthly
   **   ~~~   ** ..Variable name=ZONE PEOPLE TOTAL HEATING ENERGY not valid for this simulation.
   **   ~~~   ** ..i.e., Variable name=MIDFLOOR_PLENUM:ZONE PEOPLE TOTAL HEATING ENERGY not valid for this simulation.
   ** Warning ** Processing Monthly Tabular Reports: SpaceGainsMonthly
   **   ~~~   ** ..Variable name=ZONE LIGHTS TOTAL HEATING ENERGY not valid for this simulation.
   **   ~~~   ** ..i.e., Variable name=MIDFLOOR_PLENUM:ZONE LIGHTS TOTAL HEATING ENERGY not valid for this simulation.
   ** Warning ** Processing Monthly Tabular Reports: SpaceGainsMonthly
   **   ~~~   ** ..Variable name=ZONE ELECTRIC EQUIPMENT TOTAL HEATING ENERGY not valid for this simulation.
   **   ~~~   ** ..i.e., Variable name=MIDFLOOR_PLENUM:ZONE ELECTRIC EQUIPMENT TOTAL HEATING ENERGY not valid for this simulation.
   ** Warning ** Processing Monthly Tabular Reports: SpaceGainsMonthly
   **   ~~~   ** ..Variable name=ZONE GAS EQUIPMENT TOTAL HEATING ENERGY not valid for this simulation.
   **   ~~~   ** ..i.e., Variable name=MIDFLOOR_PLENUM:ZONE GAS EQUIPMENT TOTAL HEATING ENERGY not valid for this simulation.
   ** Warning ** Processing Monthly Tabular Reports: SpaceGainsMonthly
   **   ~~~   ** ..Variable name=ZONE HOT WATER EQUIPMENT TOTAL HEATING ENERGY not valid for this simulation.
   **   ~~~   ** ..i.e., Variable name=MIDFLOOR_PLENUM:ZONE HOT WATER EQUIPMENT TOTAL HEATING ENERGY not valid for this simulation.
   ** Warning ** Processing Monthly Tabular Reports: SpaceGainsMonthly
   **   ~~~   ** ..Variable name=ZONE STEAM EQUIPMENT TOTAL HEATING ENERGY not valid for this simulation.
   **   ~~~   ** ..i.e., Variable name=MIDFLOOR_PLENUM:ZONE STEAM EQUIPMENT TOTAL HEATING ENERGY not valid for this simulation.
   ** Warning ** Processing Monthly Tabular Reports: SpaceGainsMonthly
   **   ~~~   ** ..Variable name=ZONE OTHER EQUIPMENT TOTAL HEATING ENERGY not valid for this simulation.
   **   ~~~   ** ..i.e., Variable name=MIDFLOOR_PLENUM:ZONE OTHER EQUIPMENT TOTAL HEATING ENERGY not valid for this simulation.
   ** Warning ** Processing Monthly Tabular Reports: SpaceGainsMonthly
   **   ~~~   ** ..Variable name=ZONE PEOPLE TOTAL HEATING ENERGY not valid for this simulation.
   **   ~~~   ** ..i.e., Variable name=TOPFLOOR_PLENUM:ZONE PEOPLE TOTAL HEATING ENERGY not valid for this simulation.
   ** Warning ** Processing Monthly Tabular Reports: SpaceGainsMonthly
   **   ~~~   ** ..Variable name=ZONE LIGHTS TOTAL HEATING ENERGY not valid for this simulation.
   **   ~~~   ** ..i.e., Variable name=TOPFLOOR_PLENUM:ZONE LIGHTS TOTAL HEATING ENERGY not valid for this simulation.
   ** Warning ** Processing Monthly Tabular Reports: SpaceGainsMonthly
   **   ~~~   ** ..Variable name=ZONE ELECTRIC EQUIPMENT TOTAL HEATING ENERGY not valid for this simulation.
   **   ~~~   ** ..i.e., Variable name=TOPFLOOR_PLENUM:ZONE ELECTRIC EQUIPMENT TOTAL HEATING ENERGY not valid for this simulation.
   ** Warning ** Processing Monthly Tabular Reports: SpaceGainsMonthly
   **   ~~~   ** ..Variable name=ZONE GAS EQUIPMENT TOTAL HEATING ENERGY not valid for this simulation.
   **   ~~~   ** ..i.e., Variable name=TOPFLOOR_PLENUM:ZONE GAS EQUIPMENT TOTAL HEATING ENERGY not valid for this simulation.
   ** Warning ** Processing Monthly Tabular Reports: SpaceGainsMonthly
   **   ~~~   ** ..Variable name=ZONE HOT WATER EQUIPMENT TOTAL HEATING ENERGY not valid for this simulation.
   **   ~~~   ** ..i.e., Variable name=TOPFLOOR_PLENUM:ZONE HOT WATER EQUIPMENT TOTAL HEATING ENERGY not valid for this simulation.
   ** Warning ** Processing Monthly Tabular Reports: SpaceGainsMonthly
   **   ~~~   ** ..Variable name=ZONE STEAM EQUIPMENT TOTAL HEATING ENERGY not valid for this simulation.
   **   ~~~   ** ..i.e., Variable name=TOPFLOOR_PLENUM:ZONE STEAM EQUIPMENT TOTAL HEATING ENERGY not valid for this simulation.
   ** Warning ** Processing Monthly Tabular Reports: SpaceGainsMonthly
   **   ~~~   ** ..Variable name=ZONE OTHER EQUIPMENT TOTAL HEATING ENERGY not valid for this simulation.
   **   ~~~   ** ..i.e., Variable name=TOPFLOOR_PLENUM:ZONE OTHER EQUIPMENT TOTAL HEATING ENERGY not valid for this simulation.
   ** Warning ** Processing Monthly Tabular Reports: PeakSpaceGainsMonthly
   **   ~~~   ** ..Variable name=ZONE GAS EQUIPMENT TOTAL HEATING ENERGY not valid for this simulation.
   ** Warning ** Processing Monthly Tabular Reports: PeakSpaceGainsMonthly
   **   ~~~   ** ..Variable name=ZONE HOT WATER EQUIPMENT TOTAL HEATING ENERGY not valid for this simulation.
   ** Warning ** Processing Monthly Tabular Reports: PeakSpaceGainsMonthly
   **   ~~~   ** ..Variable name=ZONE STEAM EQUIPMENT TOTAL HEATING ENERGY not valid for this simulation.
   ** Warning ** Processing Monthly Tabular Reports: PeakSpaceGainsMonthly
   **   ~~~   ** ..Variable name=ZONE OTHER EQUIPMENT TOTAL HEATING ENERGY not valid for this simulation.
   ** Warning ** Processing Monthly Tabular Reports: PeakSpaceGainsMonthly
   **   ~~~   ** ..Variable name=ZONE GAS EQUIPMENT TOTAL HEATING ENERGY not valid for this simulation.
   **   ~~~   ** ..i.e., Variable name=BASEMENT:ZONE GAS EQUIPMENT TOTAL HEATING ENERGY not valid for this simulation.
   ** Warning ** Processing Monthly Tabular Reports: PeakSpaceGainsMonthly
   **   ~~~   ** ..Variable name=ZONE HOT WATER EQUIPMENT TOTAL HEATING ENERGY not valid for this simulation.
   **   ~~~   ** ..i.e., Variable name=BASEMENT:ZONE HOT WATER EQUIPMENT TOTAL HEATING ENERGY not valid for this simulation.
   ** Warning ** Processing Monthly Tabular Reports: PeakSpaceGainsMonthly
   **   ~~~   ** ..Variable name=ZONE STEAM EQUIPMENT TOTAL HEATING ENERGY not valid for this simulation.
   **   ~~~   ** ..i.e., Variable name=BASEMENT:ZONE STEAM EQUIPMENT TOTAL HEATING ENERGY not valid for this simulation.
   ** Warning ** Processing Monthly Tabular Reports: PeakSpaceGainsMonthly
   **   ~~~   ** ..Variable name=ZONE OTHER EQUIPMENT TOTAL HEATING ENERGY not valid for this simulation.
   **   ~~~   ** ..i.e., Variable name=BASEMENT:ZONE OTHER EQUIPMENT TOTAL HEATING ENERGY not valid for this simulation.
   ** Warning ** Processing Monthly Tabular Reports: PeakSpaceGainsMonthly
   **   ~~~   ** ..Variable name=ZONE INFILTRATION SENSIBLE HEAT GAIN ENERGY not valid for this simulation.
   **   ~~~   ** ..i.e., Variable name=BASEMENT:ZONE INFILTRATION SENSIBLE HEAT GAIN ENERGY not valid for this simulation.
   ** Warning ** Processing Monthly Tabular Reports: PeakSpaceGainsMonthly
   **   ~~~   ** ..Variable name=ZONE INFILTRATION SENSIBLE HEAT LOSS ENERGY not valid for this simulation.
   **   ~~~   ** ..i.e., Variable name=BASEMENT:ZONE INFILTRATION SENSIBLE HEAT LOSS ENERGY not valid for this simulation.
   ** Warning ** Processing Monthly Tabular Reports: PeakSpaceGainsMonthly
   **   ~~~   ** ..Variable name=ZONE GAS EQUIPMENT TOTAL HEATING ENERGY not valid for this simulation.
   **   ~~~   ** ..i.e., Variable name=CORE_BOTTOM:ZONE GAS EQUIPMENT TOTAL HEATING ENERGY not valid for this simulation.
   ** Warning ** Processing Monthly Tabular Reports: PeakSpaceGainsMonthly
   **   ~~~   ** ..Variable name=ZONE HOT WATER EQUIPMENT TOTAL HEATING ENERGY not valid for this simulation.
   **   ~~~   ** ..i.e., Variable name=CORE_BOTTOM:ZONE HOT WATER EQUIPMENT TOTAL HEATING ENERGY not valid for this simulation.
   ** Warning ** Processing Monthly Tabular Reports: PeakSpaceGainsMonthly
   **   ~~~   ** ..Variable name=ZONE STEAM EQUIPMENT TOTAL HEATING ENERGY not valid for this simulation.
   **   ~~~   ** ..i.e., Variable name=CORE_BOTTOM:ZONE STEAM EQUIPMENT TOTAL HEATING ENERGY not valid for this simulation.
   ** Warning ** Processing Monthly Tabular Reports: PeakSpaceGainsMonthly
   **   ~~~   ** ..Variable name=ZONE OTHER EQUIPMENT TOTAL HEATING ENERGY not valid for this simulation.
   **   ~~~   ** ..i.e., Variable name=CORE_BOTTOM:ZONE OTHER EQUIPMENT TOTAL HEATING ENERGY not valid for this simulation.
   ** Warning ** Processing Monthly Tabular Reports: PeakSpaceGainsMonthly
   **   ~~~   ** ..Variable name=ZONE INFILTRATION SENSIBLE HEAT GAIN ENERGY not valid for this simulation.
   **   ~~~   ** ..i.e., Variable name=CORE_BOTTOM:ZONE INFILTRATION SENSIBLE HEAT GAIN ENERGY not valid for this simulation.
   ** Warning ** Processing Monthly Tabular Reports: PeakSpaceGainsMonthly
   **   ~~~   ** ..Variable name=ZONE INFILTRATION SENSIBLE HEAT LOSS ENERGY not valid for this simulation.
   **   ~~~   ** ..i.e., Variable name=CORE_BOTTOM:ZONE INFILTRATION SENSIBLE HEAT LOSS ENERGY not valid for this simulation.
   ** Warning ** Processing Monthly Tabular Reports: PeakSpaceGainsMonthly
   **   ~~~   ** ..Variable name=ZONE GAS EQUIPMENT TOTAL HEATING ENERGY not valid for this simulation.
   **   ~~~   ** ..i.e., Variable name=CORE_MID:ZONE GAS EQUIPMENT TOTAL HEATING ENERGY not valid for this simulation.
   ** Warning ** Processing Monthly Tabular Reports: PeakSpaceGainsMonthly
   **   ~~~   ** ..Variable name=ZONE HOT WATER EQUIPMENT TOTAL HEATING ENERGY not valid for this simulation.
   **   ~~~   ** ..i.e., Variable name=CORE_MID:ZONE HOT WATER EQUIPMENT TOTAL HEATING ENERGY not valid for this simulation.
   ** Warning ** Processing Monthly Tabular Reports: PeakSpaceGainsMonthly
   **   ~~~   ** ..Variable name=ZONE STEAM EQUIPMENT TOTAL HEATING ENERGY not valid for this simulation.
   **   ~~~   ** ..i.e., Variable name=CORE_MID:ZONE STEAM EQUIPMENT TOTAL HEATING ENERGY not valid for this simulation.
   ** Warning ** Processing Monthly Tabular Reports: PeakSpaceGainsMonthly
   **   ~~~   ** ..Variable name=ZONE OTHER EQUIPMENT TOTAL HEATING ENERGY not valid for this simulation.
   **   ~~~   ** ..i.e., Variable name=CORE_MID:ZONE OTHER EQUIPMENT TOTAL HEATING ENERGY not valid for this simulation.
   ** Warning ** Processing Monthly Tabular Reports: PeakSpaceGainsMonthly
   **   ~~~   ** ..Variable name=ZONE INFILTRATION SENSIBLE HEAT GAIN ENERGY not valid for this simulation.
   **   ~~~   ** ..i.e., Variable name=CORE_MID:ZONE INFILTRATION SENSIBLE HEAT GAIN ENERGY not valid for this simulation.
   ** Warning ** Processing Monthly Tabular Reports: PeakSpaceGainsMonthly
   **   ~~~   ** ..Variable name=ZONE INFILTRATION SENSIBLE HEAT LOSS ENERGY not valid for this simulation.
   **   ~~~   ** ..i.e., Variable name=CORE_MID:ZONE INFILTRATION SENSIBLE HEAT LOSS ENERGY not valid for this simulation.
   ** Warning ** Processing Monthly Tabular Reports: PeakSpaceGainsMonthly
   **   ~~~   ** ..Variable name=ZONE GAS EQUIPMENT TOTAL HEATING ENERGY not valid for this simulation.
   **   ~~~   ** ..i.e., Variable name=CORE_TOP:ZONE GAS EQUIPMENT TOTAL HEATING ENERGY not valid for this simulation.
   ** Warning ** Processing Monthly Tabular Reports: PeakSpaceGainsMonthly
   **   ~~~   ** ..Variable name=ZONE HOT WATER EQUIPMENT TOTAL HEATING ENERGY not valid for this simulation.
   **   ~~~   ** ..i.e., Variable name=CORE_TOP:ZONE HOT WATER EQUIPMENT TOTAL HEATING ENERGY not valid for this simulation.
   ** Warning ** Processing Monthly Tabular Reports: PeakSpaceGainsMonthly
   **   ~~~   ** ..Variable name=ZONE STEAM EQUIPMENT TOTAL HEATING ENERGY not valid for this simulation.
   **   ~~~   ** ..i.e., Variable name=CORE_TOP:ZONE STEAM EQUIPMENT TOTAL HEATING ENERGY not valid for this simulation.
   ** Warning ** Processing Monthly Tabular Reports: PeakSpaceGainsMonthly
   **   ~~~   ** ..Variable name=ZONE OTHER EQUIPMENT TOTAL HEATING ENERGY not valid for this simulation.
   **   ~~~   ** ..i.e., Variable name=CORE_TOP:ZONE OTHER EQUIPMENT TOTAL HEATING ENERGY not valid for this simulation.
   ** Warning ** Processing Monthly Tabular Reports: PeakSpaceGainsMonthly
   **   ~~~   ** ..Variable name=ZONE INFILTRATION SENSIBLE HEAT GAIN ENERGY not valid for this simulation.
   **   ~~~   ** ..i.e., Variable name=CORE_TOP:ZONE INFILTRATION SENSIBLE HEAT GAIN ENERGY not valid for this simulation.
   ** Warning ** Processing Monthly Tabular Reports: PeakSpaceGainsMonthly
   **   ~~~   ** ..Variable name=ZONE INFILTRATION SENSIBLE HEAT LOSS ENERGY not valid for this simulation.
   **   ~~~   ** ..i.e., Variable name=CORE_TOP:ZONE INFILTRATION SENSIBLE HEAT LOSS ENERGY not valid for this simulation.
   ** Warning ** Processing Monthly Tabular Reports: PeakSpaceGainsMonthly
   **   ~~~   ** ..Variable name=ZONE GAS EQUIPMENT TOTAL HEATING ENERGY not valid for this simulation.
   **   ~~~   ** ..i.e., Variable name=PERIMETER_BOT_ZN_3:ZONE GAS EQUIPMENT TOTAL HEATING ENERGY not valid for this simulation.
   ** Warning ** Processing Monthly Tabular Reports: PeakSpaceGainsMonthly
   **   ~~~   ** ..Variable name=ZONE HOT WATER EQUIPMENT TOTAL HEATING ENERGY not valid for this simulation.
   **   ~~~   ** ..i.e., Variable name=PERIMETER_BOT_ZN_3:ZONE HOT WATER EQUIPMENT TOTAL HEATING ENERGY not valid for this simulation.
   ** Warning ** Processing Monthly Tabular Reports: PeakSpaceGainsMonthly
   **   ~~~   ** ..Variable name=ZONE STEAM EQUIPMENT TOTAL HEATING ENERGY not valid for this simulation.
   **   ~~~   ** ..i.e., Variable name=PERIMETER_BOT_ZN_3:ZONE STEAM EQUIPMENT TOTAL HEATING ENERGY not valid for this simulation.
   ** Warning ** Processing Monthly Tabular Reports: PeakSpaceGainsMonthly
   **   ~~~   ** ..Variable name=ZONE OTHER EQUIPMENT TOTAL HEATING ENERGY not valid for this simulation.
   **   ~~~   ** ..i.e., Variable name=PERIMETER_BOT_ZN_3:ZONE OTHER EQUIPMENT TOTAL HEATING ENERGY not valid for this simulation.
   ** Warning ** Processing Monthly Tabular Reports: PeakSpaceGainsMonthly
   **   ~~~   ** ..Variable name=ZONE GAS EQUIPMENT TOTAL HEATING ENERGY not valid for this simulation.
   **   ~~~   ** ..i.e., Variable name=PERIMETER_BOT_ZN_2:ZONE GAS EQUIPMENT TOTAL HEATING ENERGY not valid for this simulation.
   ** Warning ** Processing Monthly Tabular Reports: PeakSpaceGainsMonthly
   **   ~~~   ** ..Variable name=ZONE HOT WATER EQUIPMENT TOTAL HEATING ENERGY not valid for this simulation.
   **   ~~~   ** ..i.e., Variable name=PERIMETER_BOT_ZN_2:ZONE HOT WATER EQUIPMENT TOTAL HEATING ENERGY not valid for this simulation.
   ** Warning ** Processing Monthly Tabular Reports: PeakSpaceGainsMonthly
   **   ~~~   ** ..Variable name=ZONE STEAM EQUIPMENT TOTAL HEATING ENERGY not valid for this simulation.
   **   ~~~   ** ..i.e., Variable name=PERIMETER_BOT_ZN_2:ZONE STEAM EQUIPMENT TOTAL HEATING ENERGY not valid for this simulation.
   ** Warning ** Processing Monthly Tabular Reports: PeakSpaceGainsMonthly
   **   ~~~   ** ..Variable name=ZONE OTHER EQUIPMENT TOTAL HEATING ENERGY not valid for this simulation.
   **   ~~~   ** ..i.e., Variable name=PERIMETER_BOT_ZN_2:ZONE OTHER EQUIPMENT TOTAL HEATING ENERGY not valid for this simulation.
   ** Warning ** Processing Monthly Tabular Reports: PeakSpaceGainsMonthly
   **   ~~~   ** ..Variable name=ZONE GAS EQUIPMENT TOTAL HEATING ENERGY not valid for this simulation.
   **   ~~~   ** ..i.e., Variable name=PERIMETER_BOT_ZN_1:ZONE GAS EQUIPMENT TOTAL HEATING ENERGY not valid for this simulation.
   ** Warning ** Processing Monthly Tabular Reports: PeakSpaceGainsMonthly
   **   ~~~   ** ..Variable name=ZONE HOT WATER EQUIPMENT TOTAL HEATING ENERGY not valid for this simulation.
   **   ~~~   ** ..i.e., Variable name=PERIMETER_BOT_ZN_1:ZONE HOT WATER EQUIPMENT TOTAL HEATING ENERGY not valid for this simulation.
   ** Warning ** Processing Monthly Tabular Reports: PeakSpaceGainsMonthly
   **   ~~~   ** ..Variable name=ZONE STEAM EQUIPMENT TOTAL HEATING ENERGY not valid for this simulation.
   **   ~~~   ** ..i.e., Variable name=PERIMETER_BOT_ZN_1:ZONE STEAM EQUIPMENT TOTAL HEATING ENERGY not valid for this simulation.
   ** Warning ** Processing Monthly Tabular Reports: PeakSpaceGainsMonthly
   **   ~~~   ** ..Variable name=ZONE OTHER EQUIPMENT TOTAL HEATING ENERGY not valid for this simulation.
   **   ~~~   ** ..i.e., Variable name=PERIMETER_BOT_ZN_1:ZONE OTHER EQUIPMENT TOTAL HEATING ENERGY not valid for this simulation.
   ** Warning ** Processing Monthly Tabular Reports: PeakSpaceGainsMonthly
   **   ~~~   ** ..Variable name=ZONE GAS EQUIPMENT TOTAL HEATING ENERGY not valid for this simulation.
   **   ~~~   ** ..i.e., Variable name=PERIMETER_BOT_ZN_4:ZONE GAS EQUIPMENT TOTAL HEATING ENERGY not valid for this simulation.
   ** Warning ** Processing Monthly Tabular Reports: PeakSpaceGainsMonthly
   **   ~~~   ** ..Variable name=ZONE HOT WATER EQUIPMENT TOTAL HEATING ENERGY not valid for this simulation.
   **   ~~~   ** ..i.e., Variable name=PERIMETER_BOT_ZN_4:ZONE HOT WATER EQUIPMENT TOTAL HEATING ENERGY not valid for this simulation.
   ** Warning ** Processing Monthly Tabular Reports: PeakSpaceGainsMonthly
   **   ~~~   ** ..Variable name=ZONE STEAM EQUIPMENT TOTAL HEATING ENERGY not valid for this simulation.
   **   ~~~   ** ..i.e., Variable name=PERIMETER_BOT_ZN_4:ZONE STEAM EQUIPMENT TOTAL HEATING ENERGY not valid for this simulation.
   ** Warning ** Processing Monthly Tabular Reports: PeakSpaceGainsMonthly
   **   ~~~   ** ..Variable name=ZONE OTHER EQUIPMENT TOTAL HEATING ENERGY not valid for this simulation.
   **   ~~~   ** ..i.e., Variable name=PERIMETER_BOT_ZN_4:ZONE OTHER EQUIPMENT TOTAL HEATING ENERGY not valid for this simulation.
   ** Warning ** Processing Monthly Tabular Reports: PeakSpaceGainsMonthly
   **   ~~~   ** ..Variable name=ZONE GAS EQUIPMENT TOTAL HEATING ENERGY not valid for this simulation.
   **   ~~~   ** ..i.e., Variable name=PERIMETER_MID_ZN_3:ZONE GAS EQUIPMENT TOTAL HEATING ENERGY not valid for this simulation.
   ** Warning ** Processing Monthly Tabular Reports: PeakSpaceGainsMonthly
   **   ~~~   ** ..Variable name=ZONE HOT WATER EQUIPMENT TOTAL HEATING ENERGY not valid for this simulation.
   **   ~~~   ** ..i.e., Variable name=PERIMETER_MID_ZN_3:ZONE HOT WATER EQUIPMENT TOTAL HEATING ENERGY not valid for this simulation.
   ** Warning ** Processing Monthly Tabular Reports: PeakSpaceGainsMonthly
   **   ~~~   ** ..Variable name=ZONE STEAM EQUIPMENT TOTAL HEATING ENERGY not valid for this simulation.
   **   ~~~   ** ..i.e., Variable name=PERIMETER_MID_ZN_3:ZONE STEAM EQUIPMENT TOTAL HEATING ENERGY not valid for this simulation.
   ** Warning ** Processing Monthly Tabular Reports: PeakSpaceGainsMonthly
   **   ~~~   ** ..Variable name=ZONE OTHER EQUIPMENT TOTAL HEATING ENERGY not valid for this simulation.
   **   ~~~   ** ..i.e., Variable name=PERIMETER_MID_ZN_3:ZONE OTHER EQUIPMENT TOTAL HEATING ENERGY not valid for this simulation.
   ** Warning ** Processing Monthly Tabular Reports: PeakSpaceGainsMonthly
   **   ~~~   ** ..Variable name=ZONE GAS EQUIPMENT TOTAL HEATING ENERGY not valid for this simulation.
   **   ~~~   ** ..i.e., Variable name=PERIMETER_MID_ZN_2:ZONE GAS EQUIPMENT TOTAL HEATING ENERGY not valid for this simulation.
   ** Warning ** Processing Monthly Tabular Reports: PeakSpaceGainsMonthly
   **   ~~~   ** ..Variable name=ZONE HOT WATER EQUIPMENT TOTAL HEATING ENERGY not valid for this simulation.
   **   ~~~   ** ..i.e., Variable name=PERIMETER_MID_ZN_2:ZONE HOT WATER EQUIPMENT TOTAL HEATING ENERGY not valid for this simulation.
   ** Warning ** Processing Monthly Tabular Reports: PeakSpaceGainsMonthly
   **   ~~~   ** ..Variable name=ZONE STEAM EQUIPMENT TOTAL HEATING ENERGY not valid for this simulation.
   **   ~~~   ** ..i.e., Variable name=PERIMETER_MID_ZN_2:ZONE STEAM EQUIPMENT TOTAL HEATING ENERGY not valid for this simulation.
   ** Warning ** Processing Monthly Tabular Reports: PeakSpaceGainsMonthly
   **   ~~~   ** ..Variable name=ZONE OTHER EQUIPMENT TOTAL HEATING ENERGY not valid for this simulation.
   **   ~~~   ** ..i.e., Variable name=PERIMETER_MID_ZN_2:ZONE OTHER EQUIPMENT TOTAL HEATING ENERGY not valid for this simulation.
   ** Warning ** Processing Monthly Tabular Reports: PeakSpaceGainsMonthly
   **   ~~~   ** ..Variable name=ZONE GAS EQUIPMENT TOTAL HEATING ENERGY not valid for this simulation.
   **   ~~~   ** ..i.e., Variable name=PERIMETER_MID_ZN_1:ZONE GAS EQUIPMENT TOTAL HEATING ENERGY not valid for this simulation.
   ** Warning ** Processing Monthly Tabular Reports: PeakSpaceGainsMonthly
   **   ~~~   ** ..Variable name=ZONE HOT WATER EQUIPMENT TOTAL HEATING ENERGY not valid for this simulation.
   **   ~~~   ** ..i.e., Variable name=PERIMETER_MID_ZN_1:ZONE HOT WATER EQUIPMENT TOTAL HEATING ENERGY not valid for this simulation.
   ** Warning ** Processing Monthly Tabular Reports: PeakSpaceGainsMonthly
   **   ~~~   ** ..Variable name=ZONE STEAM EQUIPMENT TOTAL HEATING ENERGY not valid for this simulation.
   **   ~~~   ** ..i.e., Variable name=PERIMETER_MID_ZN_1:ZONE STEAM EQUIPMENT TOTAL HEATING ENERGY not valid for this simulation.
   ** Warning ** Processing Monthly Tabular Reports: PeakSpaceGainsMonthly
   **   ~~~   ** ..Variable name=ZONE OTHER EQUIPMENT TOTAL HEATING ENERGY not valid for this simulation.
   **   ~~~   ** ..i.e., Variable name=PERIMETER_MID_ZN_1:ZONE OTHER EQUIPMENT TOTAL HEATING ENERGY not valid for this simulation.
   ** Warning ** Processing Monthly Tabular Reports: PeakSpaceGainsMonthly
   **   ~~~   ** ..Variable name=ZONE GAS EQUIPMENT TOTAL HEATING ENERGY not valid for this simulation.
   **   ~~~   ** ..i.e., Variable name=PERIMETER_MID_ZN_4:ZONE GAS EQUIPMENT TOTAL HEATING ENERGY not valid for this simulation.
   ** Warning ** Processing Monthly Tabular Reports: PeakSpaceGainsMonthly
   **   ~~~   ** ..Variable name=ZONE HOT WATER EQUIPMENT TOTAL HEATING ENERGY not valid for this simulation.
   **   ~~~   ** ..i.e., Variable name=PERIMETER_MID_ZN_4:ZONE HOT WATER EQUIPMENT TOTAL HEATING ENERGY not valid for this simulation.
   ** Warning ** Processing Monthly Tabular Reports: PeakSpaceGainsMonthly
   **   ~~~   ** ..Variable name=ZONE STEAM EQUIPMENT TOTAL HEATING ENERGY not valid for this simulation.
   **   ~~~   ** ..i.e., Variable name=PERIMETER_MID_ZN_4:ZONE STEAM EQUIPMENT TOTAL HEATING ENERGY not valid for this simulation.
   ** Warning ** Processing Monthly Tabular Reports: PeakSpaceGainsMonthly
   **   ~~~   ** ..Variable name=ZONE OTHER EQUIPMENT TOTAL HEATING ENERGY not valid for this simulation.
   **   ~~~   ** ..i.e., Variable name=PERIMETER_MID_ZN_4:ZONE OTHER EQUIPMENT TOTAL HEATING ENERGY not valid for this simulation.
   ** Warning ** Processing Monthly Tabular Reports: PeakSpaceGainsMonthly
   **   ~~~   ** ..Variable name=ZONE GAS EQUIPMENT TOTAL HEATING ENERGY not valid for this simulation.
   **   ~~~   ** ..i.e., Variable name=PERIMETER_TOP_ZN_3:ZONE GAS EQUIPMENT TOTAL HEATING ENERGY not valid for this simulation.
   ** Warning ** Processing Monthly Tabular Reports: PeakSpaceGainsMonthly
   **   ~~~   ** ..Variable name=ZONE HOT WATER EQUIPMENT TOTAL HEATING ENERGY not valid for this simulation.
   **   ~~~   ** ..i.e., Variable name=PERIMETER_TOP_ZN_3:ZONE HOT WATER EQUIPMENT TOTAL HEATING ENERGY not valid for this simulation.
   ** Warning ** Processing Monthly Tabular Reports: PeakSpaceGainsMonthly
   **   ~~~   ** ..Variable name=ZONE STEAM EQUIPMENT TOTAL HEATING ENERGY not valid for this simulation.
   **   ~~~   ** ..i.e., Variable name=PERIMETER_TOP_ZN_3:ZONE STEAM EQUIPMENT TOTAL HEATING ENERGY not valid for this simulation.
   ** Warning ** Processing Monthly Tabular Reports: PeakSpaceGainsMonthly
   **   ~~~   ** ..Variable name=ZONE OTHER EQUIPMENT TOTAL HEATING ENERGY not valid for this simulation.
   **   ~~~   ** ..i.e., Variable name=PERIMETER_TOP_ZN_3:ZONE OTHER EQUIPMENT TOTAL HEATING ENERGY not valid for this simulation.
   ** Warning ** Processing Monthly Tabular Reports: PeakSpaceGainsMonthly
   **   ~~~   ** ..Variable name=ZONE GAS EQUIPMENT TOTAL HEATING ENERGY not valid for this simulation.
   **   ~~~   ** ..i.e., Variable name=PERIMETER_TOP_ZN_2:ZONE GAS EQUIPMENT TOTAL HEATING ENERGY not valid for this simulation.
   ** Warning ** Processing Monthly Tabular Reports: PeakSpaceGainsMonthly
   **   ~~~   ** ..Variable name=ZONE HOT WATER EQUIPMENT TOTAL HEATING ENERGY not valid for this simulation.
   **   ~~~   ** ..i.e., Variable name=PERIMETER_TOP_ZN_2:ZONE HOT WATER EQUIPMENT TOTAL HEATING ENERGY not valid for this simulation.
   ** Warning ** Processing Monthly Tabular Reports: PeakSpaceGainsMonthly
   **   ~~~   ** ..Variable name=ZONE STEAM EQUIPMENT TOTAL HEATING ENERGY not valid for this simulation.
   **   ~~~   ** ..i.e., Variable name=PERIMETER_TOP_ZN_2:ZONE STEAM EQUIPMENT TOTAL HEATING ENERGY not valid for this simulation.
   ** Warning ** Processing Monthly Tabular Reports: PeakSpaceGainsMonthly
   **   ~~~   ** ..Variable name=ZONE OTHER EQUIPMENT TOTAL HEATING ENERGY not valid for this simulation.
   **   ~~~   ** ..i.e., Variable name=PERIMETER_TOP_ZN_2:ZONE OTHER EQUIPMENT TOTAL HEATING ENERGY not valid for this simulation.
   ** Warning ** Processing Monthly Tabular Reports: PeakSpaceGainsMonthly
   **   ~~~   ** ..Variable name=ZONE GAS EQUIPMENT TOTAL HEATING ENERGY not valid for this simulation.
   **   ~~~   ** ..i.e., Variable name=PERIMETER_TOP_ZN_1:ZONE GAS EQUIPMENT TOTAL HEATING ENERGY not valid for this simulation.
   ** Warning ** Processing Monthly Tabular Reports: PeakSpaceGainsMonthly
   **   ~~~   ** ..Variable name=ZONE HOT WATER EQUIPMENT TOTAL HEATING ENERGY not valid for this simulation.
   **   ~~~   ** ..i.e., Variable name=PERIMETER_TOP_ZN_1:ZONE HOT WATER EQUIPMENT TOTAL HEATING ENERGY not valid for this simulation.
   ** Warning ** Processing Monthly Tabular Reports: PeakSpaceGainsMonthly
   **   ~~~   ** ..Variable name=ZONE STEAM EQUIPMENT TOTAL HEATING ENERGY not valid for this simulation.
   **   ~~~   ** ..i.e., Variable name=PERIMETER_TOP_ZN_1:ZONE STEAM EQUIPMENT TOTAL HEATING ENERGY not valid for this simulation.
   ** Warning ** Processing Monthly Tabular Reports: PeakSpaceGainsMonthly
   **   ~~~   ** ..Variable name=ZONE OTHER EQUIPMENT TOTAL HEATING ENERGY not valid for this simulation.
   **   ~~~   ** ..i.e., Variable name=PERIMETER_TOP_ZN_1:ZONE OTHER EQUIPMENT TOTAL HEATING ENERGY not valid for this simulation.
   ** Warning ** Processing Monthly Tabular Reports: PeakSpaceGainsMonthly
   **   ~~~   ** ..Variable name=ZONE GAS EQUIPMENT TOTAL HEATING ENERGY not valid for this simulation.
   **   ~~~   ** ..i.e., Variable name=PERIMETER_TOP_ZN_4:ZONE GAS EQUIPMENT TOTAL HEATING ENERGY not valid for this simulation.
   ** Warning ** Processing Monthly Tabular Reports: PeakSpaceGainsMonthly
   **   ~~~   ** ..Variable name=ZONE HOT WATER EQUIPMENT TOTAL HEATING ENERGY not valid for this simulation.
   **   ~~~   ** ..i.e., Variable name=PERIMETER_TOP_ZN_4:ZONE HOT WATER EQUIPMENT TOTAL HEATING ENERGY not valid for this simulation.
   ** Warning ** Processing Monthly Tabular Reports: PeakSpaceGainsMonthly
   **   ~~~   ** ..Variable name=ZONE STEAM EQUIPMENT TOTAL HEATING ENERGY not valid for this simulation.
   **   ~~~   ** ..i.e., Variable name=PERIMETER_TOP_ZN_4:ZONE STEAM EQUIPMENT TOTAL HEATING ENERGY not valid for this simulation.
   ** Warning ** Processing Monthly Tabular Reports: PeakSpaceGainsMonthly
   **   ~~~   ** ..Variable name=ZONE OTHER EQUIPMENT TOTAL HEATING ENERGY not valid for this simulation.
   **   ~~~   ** ..i.e., Variable name=PERIMETER_TOP_ZN_4:ZONE OTHER EQUIPMENT TOTAL HEATING ENERGY not valid for this simulation.
   ** Warning ** Processing Monthly Tabular Reports: PeakSpaceGainsMonthly
   **   ~~~   ** ..Variable name=ZONE GAS EQUIPMENT TOTAL HEATING ENERGY not valid for this simulation.
   **   ~~~   ** ..i.e., Variable name=DATACENTER_BOT_ZN_6:ZONE GAS EQUIPMENT TOTAL HEATING ENERGY not valid for this simulation.
   ** Warning ** Processing Monthly Tabular Reports: PeakSpaceGainsMonthly
   **   ~~~   ** ..Variable name=ZONE HOT WATER EQUIPMENT TOTAL HEATING ENERGY not valid for this simulation.
   **   ~~~   ** ..i.e., Variable name=DATACENTER_BOT_ZN_6:ZONE HOT WATER EQUIPMENT TOTAL HEATING ENERGY not valid for this simulation.
   ** Warning ** Processing Monthly Tabular Reports: PeakSpaceGainsMonthly
   **   ~~~   ** ..Variable name=ZONE STEAM EQUIPMENT TOTAL HEATING ENERGY not valid for this simulation.
   **   ~~~   ** ..i.e., Variable name=DATACENTER_BOT_ZN_6:ZONE STEAM EQUIPMENT TOTAL HEATING ENERGY not valid for this simulation.
   ** Warning ** Processing Monthly Tabular Reports: PeakSpaceGainsMonthly
   **   ~~~   ** ..Variable name=ZONE OTHER EQUIPMENT TOTAL HEATING ENERGY not valid for this simulation.
   **   ~~~   ** ..i.e., Variable name=DATACENTER_BOT_ZN_6:ZONE OTHER EQUIPMENT TOTAL HEATING ENERGY not valid for this simulation.
   ** Warning ** Processing Monthly Tabular Reports: PeakSpaceGainsMonthly
   **   ~~~   ** ..Variable name=ZONE INFILTRATION SENSIBLE HEAT GAIN ENERGY not valid for this simulation.
   **   ~~~   ** ..i.e., Variable name=DATACENTER_BOT_ZN_6:ZONE INFILTRATION SENSIBLE HEAT GAIN ENERGY not valid for this simulation.
   ** Warning ** Processing Monthly Tabular Reports: PeakSpaceGainsMonthly
   **   ~~~   ** ..Variable name=ZONE INFILTRATION SENSIBLE HEAT LOSS ENERGY not valid for this simulation.
   **   ~~~   ** ..i.e., Variable name=DATACENTER_BOT_ZN_6:ZONE INFILTRATION SENSIBLE HEAT LOSS ENERGY not valid for this simulation.
   ** Warning ** Processing Monthly Tabular Reports: PeakSpaceGainsMonthly
   **   ~~~   ** ..Variable name=ZONE GAS EQUIPMENT TOTAL HEATING ENERGY not valid for this simulation.
   **   ~~~   ** ..i.e., Variable name=DATACENTER_MID_ZN_6:ZONE GAS EQUIPMENT TOTAL HEATING ENERGY not valid for this simulation.
   ** Warning ** Processing Monthly Tabular Reports: PeakSpaceGainsMonthly
   **   ~~~   ** ..Variable name=ZONE HOT WATER EQUIPMENT TOTAL HEATING ENERGY not valid for this simulation.
   **   ~~~   ** ..i.e., Variable name=DATACENTER_MID_ZN_6:ZONE HOT WATER EQUIPMENT TOTAL HEATING ENERGY not valid for this simulation.
   ** Warning ** Processing Monthly Tabular Reports: PeakSpaceGainsMonthly
   **   ~~~   ** ..Variable name=ZONE STEAM EQUIPMENT TOTAL HEATING ENERGY not valid for this simulation.
   **   ~~~   ** ..i.e., Variable name=DATACENTER_MID_ZN_6:ZONE STEAM EQUIPMENT TOTAL HEATING ENERGY not valid for this simulation.
   ** Warning ** Processing Monthly Tabular Reports: PeakSpaceGainsMonthly
   **   ~~~   ** ..Variable name=ZONE OTHER EQUIPMENT TOTAL HEATING ENERGY not valid for this simulation.
   **   ~~~   ** ..i.e., Variable name=DATACENTER_MID_ZN_6:ZONE OTHER EQUIPMENT TOTAL HEATING ENERGY not valid for this simulation.
   ** Warning ** Processing Monthly Tabular Reports: PeakSpaceGainsMonthly
   **   ~~~   ** ..Variable name=ZONE INFILTRATION SENSIBLE HEAT GAIN ENERGY not valid for this simulation.
   **   ~~~   ** ..i.e., Variable name=DATACENTER_MID_ZN_6:ZONE INFILTRATION SENSIBLE HEAT GAIN ENERGY not valid for this simulation.
   ** Warning ** Processing Monthly Tabular Reports: PeakSpaceGainsMonthly
   **   ~~~   ** ..Variable name=ZONE INFILTRATION SENSIBLE HEAT LOSS ENERGY not valid for this simulation.
   **   ~~~   ** ..i.e., Variable name=DATACENTER_MID_ZN_6:ZONE INFILTRATION SENSIBLE HEAT LOSS ENERGY not valid for this simulation.
   ** Warning ** Processing Monthly Tabular Reports: PeakSpaceGainsMonthly
   **   ~~~   ** ..Variable name=ZONE GAS EQUIPMENT TOTAL HEATING ENERGY not valid for this simulation.
   **   ~~~   ** ..i.e., Variable name=DATACENTER_TOP_ZN_6:ZONE GAS EQUIPMENT TOTAL HEATING ENERGY not valid for this simulation.
   ** Warning ** Processing Monthly Tabular Reports: PeakSpaceGainsMonthly
   **   ~~~   ** ..Variable name=ZONE HOT WATER EQUIPMENT TOTAL HEATING ENERGY not valid for this simulation.
   **   ~~~   ** ..i.e., Variable name=DATACENTER_TOP_ZN_6:ZONE HOT WATER EQUIPMENT TOTAL HEATING ENERGY not valid for this simulation.
   ** Warning ** Processing Monthly Tabular Reports: PeakSpaceGainsMonthly
   **   ~~~   ** ..Variable name=ZONE STEAM EQUIPMENT TOTAL HEATING ENERGY not valid for this simulation.
   **   ~~~   ** ..i.e., Variable name=DATACENTER_TOP_ZN_6:ZONE STEAM EQUIPMENT TOTAL HEATING ENERGY not valid for this simulation.
   ** Warning ** Processing Monthly Tabular Reports: PeakSpaceGainsMonthly
   **   ~~~   ** ..Variable name=ZONE OTHER EQUIPMENT TOTAL HEATING ENERGY not valid for this simulation.
   **   ~~~   ** ..i.e., Variable name=DATACENTER_TOP_ZN_6:ZONE OTHER EQUIPMENT TOTAL HEATING ENERGY not valid for this simulation.
   ** Warning ** Processing Monthly Tabular Reports: PeakSpaceGainsMonthly
   **   ~~~   ** ..Variable name=ZONE INFILTRATION SENSIBLE HEAT GAIN ENERGY not valid for this simulation.
   **   ~~~   ** ..i.e., Variable name=DATACENTER_TOP_ZN_6:ZONE INFILTRATION SENSIBLE HEAT GAIN ENERGY not valid for this simulation.
   ** Warning ** Processing Monthly Tabular Reports: PeakSpaceGainsMonthly
   **   ~~~   ** ..Variable name=ZONE INFILTRATION SENSIBLE HEAT LOSS ENERGY not valid for this simulation.
   **   ~~~   ** ..i.e., Variable name=DATACENTER_TOP_ZN_6:ZONE INFILTRATION SENSIBLE HEAT LOSS ENERGY not valid for this simulation.
   ** Warning ** Processing Monthly Tabular Reports: PeakSpaceGainsMonthly
   **   ~~~   ** ..Variable name=ZONE GAS EQUIPMENT TOTAL HEATING ENERGY not valid for this simulation.
   **   ~~~   ** ..i.e., Variable name=DATACENTER_BASEMENT_ZN_6:ZONE GAS EQUIPMENT TOTAL HEATING ENERGY not valid for this simulation.
   ** Warning ** Processing Monthly Tabular Reports: PeakSpaceGainsMonthly
   **   ~~~   ** ..Variable name=ZONE HOT WATER EQUIPMENT TOTAL HEATING ENERGY not valid for this simulation.
   **   ~~~   ** ..i.e., Variable name=DATACENTER_BASEMENT_ZN_6:ZONE HOT WATER EQUIPMENT TOTAL HEATING ENERGY not valid for this simulation.
   ** Warning ** Processing Monthly Tabular Reports: PeakSpaceGainsMonthly
   **   ~~~   ** ..Variable name=ZONE STEAM EQUIPMENT TOTAL HEATING ENERGY not valid for this simulation.
   **   ~~~   ** ..i.e., Variable name=DATACENTER_BASEMENT_ZN_6:ZONE STEAM EQUIPMENT TOTAL HEATING ENERGY not valid for this simulation.
   ** Warning ** Processing Monthly Tabular Reports: PeakSpaceGainsMonthly
   **   ~~~   ** ..Variable name=ZONE OTHER EQUIPMENT TOTAL HEATING ENERGY not valid for this simulation.
   **   ~~~   ** ..i.e., Variable name=DATACENTER_BASEMENT_ZN_6:ZONE OTHER EQUIPMENT TOTAL HEATING ENERGY not valid for this simulation.
   ** Warning ** Processing Monthly Tabular Reports: PeakSpaceGainsMonthly
   **   ~~~   ** ..Variable name=ZONE INFILTRATION SENSIBLE HEAT GAIN ENERGY not valid for this simulation.
   **   ~~~   ** ..i.e., Variable name=DATACENTER_BASEMENT_ZN_6:ZONE INFILTRATION SENSIBLE HEAT GAIN ENERGY not valid for this simulation.
   ** Warning ** Processing Monthly Tabular Reports: PeakSpaceGainsMonthly
   **   ~~~   ** ..Variable name=ZONE INFILTRATION SENSIBLE HEAT LOSS ENERGY not valid for this simulation.
   **   ~~~   ** ..i.e., Variable name=DATACENTER_BASEMENT_ZN_6:ZONE INFILTRATION SENSIBLE HEAT LOSS ENERGY not valid for this simulation.
   ** Warning ** Processing Monthly Tabular Reports: PeakSpaceGainsMonthly
   **   ~~~   ** ..Variable name=ZONE PEOPLE TOTAL HEATING ENERGY not valid for this simulation.
   **   ~~~   ** ..i.e., Variable name=GROUNDFLOOR_PLENUM:ZONE PEOPLE TOTAL HEATING ENERGY not valid for this simulation.
   ** Warning ** Processing Monthly Tabular Reports: PeakSpaceGainsMonthly
   **   ~~~   ** ..Variable name=ZONE LIGHTS TOTAL HEATING ENERGY not valid for this simulation.
   **   ~~~   ** ..i.e., Variable name=GROUNDFLOOR_PLENUM:ZONE LIGHTS TOTAL HEATING ENERGY not valid for this simulation.
   ** Warning ** Processing Monthly Tabular Reports: PeakSpaceGainsMonthly
   **   ~~~   ** ..Variable name=ZONE ELECTRIC EQUIPMENT TOTAL HEATING ENERGY not valid for this simulation.
   **   ~~~   ** ..i.e., Variable name=GROUNDFLOOR_PLENUM:ZONE ELECTRIC EQUIPMENT TOTAL HEATING ENERGY not valid for this simulation.
   ** Warning ** Processing Monthly Tabular Reports: PeakSpaceGainsMonthly
   **   ~~~   ** ..Variable name=ZONE GAS EQUIPMENT TOTAL HEATING ENERGY not valid for this simulation.
   **   ~~~   ** ..i.e., Variable name=GROUNDFLOOR_PLENUM:ZONE GAS EQUIPMENT TOTAL HEATING ENERGY not valid for this simulation.
   ** Warning ** Processing Monthly Tabular Reports: PeakSpaceGainsMonthly
   **   ~~~   ** ..Variable name=ZONE HOT WATER EQUIPMENT TOTAL HEATING ENERGY not valid for this simulation.
   **   ~~~   ** ..i.e., Variable name=GROUNDFLOOR_PLENUM:ZONE HOT WATER EQUIPMENT TOTAL HEATING ENERGY not valid for this simulation.
   ** Warning ** Processing Monthly Tabular Reports: PeakSpaceGainsMonthly
   **   ~~~   ** ..Variable name=ZONE STEAM EQUIPMENT TOTAL HEATING ENERGY not valid for this simulation.
   **   ~~~   ** ..i.e., Variable name=GROUNDFLOOR_PLENUM:ZONE STEAM EQUIPMENT TOTAL HEATING ENERGY not valid for this simulation.
   ** Warning ** Processing Monthly Tabular Reports: PeakSpaceGainsMonthly
   **   ~~~   ** ..Variable name=ZONE OTHER EQUIPMENT TOTAL HEATING ENERGY not valid for this simulation.
   **   ~~~   ** ..i.e., Variable name=GROUNDFLOOR_PLENUM:ZONE OTHER EQUIPMENT TOTAL HEATING ENERGY not valid for this simulation.
   ** Warning ** Processing Monthly Tabular Reports: PeakSpaceGainsMonthly
   **   ~~~   ** ..Variable name=ZONE PEOPLE TOTAL HEATING ENERGY not valid for this simulation.
   **   ~~~   ** ..i.e., Variable name=MIDFLOOR_PLENUM:ZONE PEOPLE TOTAL HEATING ENERGY not valid for this simulation.
   ** Warning ** Processing Monthly Tabular Reports: PeakSpaceGainsMonthly
   **   ~~~   ** ..Variable name=ZONE LIGHTS TOTAL HEATING ENERGY not valid for this simulation.
   **   ~~~   ** ..i.e., Variable name=MIDFLOOR_PLENUM:ZONE LIGHTS TOTAL HEATING ENERGY not valid for this simulation.
   ** Warning ** Processing Monthly Tabular Reports: PeakSpaceGainsMonthly
   **   ~~~   ** ..Variable name=ZONE ELECTRIC EQUIPMENT TOTAL HEATING ENERGY not valid for this simulation.
   **   ~~~   ** ..i.e., Variable name=MIDFLOOR_PLENUM:ZONE ELECTRIC EQUIPMENT TOTAL HEATING ENERGY not valid for this simulation.
   ** Warning ** Processing Monthly Tabular Reports: PeakSpaceGainsMonthly
   **   ~~~   ** ..Variable name=ZONE GAS EQUIPMENT TOTAL HEATING ENERGY not valid for this simulation.
   **   ~~~   ** ..i.e., Variable name=MIDFLOOR_PLENUM:ZONE GAS EQUIPMENT TOTAL HEATING ENERGY not valid for this simulation.
   ** Warning ** Processing Monthly Tabular Reports: PeakSpaceGainsMonthly
   **   ~~~   ** ..Variable name=ZONE HOT WATER EQUIPMENT TOTAL HEATING ENERGY not valid for this simulation.
   **   ~~~   ** ..i.e., Variable name=MIDFLOOR_PLENUM:ZONE HOT WATER EQUIPMENT TOTAL HEATING ENERGY not valid for this simulation.
   ** Warning ** Processing Monthly Tabular Reports: PeakSpaceGainsMonthly
   **   ~~~   ** ..Variable name=ZONE STEAM EQUIPMENT TOTAL HEATING ENERGY not valid for this simulation.
   **   ~~~   ** ..i.e., Variable name=MIDFLOOR_PLENUM:ZONE STEAM EQUIPMENT TOTAL HEATING ENERGY not valid for this simulation.
   ** Warning ** Processing Monthly Tabular Reports: PeakSpaceGainsMonthly
   **   ~~~   ** ..Variable name=ZONE OTHER EQUIPMENT TOTAL HEATING ENERGY not valid for this simulation.
   **   ~~~   ** ..i.e., Variable name=MIDFLOOR_PLENUM:ZONE OTHER EQUIPMENT TOTAL HEATING ENERGY not valid for this simulation.
   ** Warning ** Processing Monthly Tabular Reports: PeakSpaceGainsMonthly
   **   ~~~   ** ..Variable name=ZONE PEOPLE TOTAL HEATING ENERGY not valid for this simulation.
   **   ~~~   ** ..i.e., Variable name=TOPFLOOR_PLENUM:ZONE PEOPLE TOTAL HEATING ENERGY not valid for this simulation.
   ** Warning ** Processing Monthly Tabular Reports: PeakSpaceGainsMonthly
   **   ~~~   ** ..Variable name=ZONE LIGHTS TOTAL HEATING ENERGY not valid for this simulation.
   **   ~~~   ** ..i.e., Variable name=TOPFLOOR_PLENUM:ZONE LIGHTS TOTAL HEATING ENERGY not valid for this simulation.
   ** Warning ** Processing Monthly Tabular Reports: PeakSpaceGainsMonthly
   **   ~~~   ** ..Variable name=ZONE ELECTRIC EQUIPMENT TOTAL HEATING ENERGY not valid for this simulation.
   **   ~~~   ** ..i.e., Variable name=TOPFLOOR_PLENUM:ZONE ELECTRIC EQUIPMENT TOTAL HEATING ENERGY not valid for this simulation.
   ** Warning ** Processing Monthly Tabular Reports: PeakSpaceGainsMonthly
   **   ~~~   ** ..Variable name=ZONE GAS EQUIPMENT TOTAL HEATING ENERGY not valid for this simulation.
   **   ~~~   ** ..i.e., Variable name=TOPFLOOR_PLENUM:ZONE GAS EQUIPMENT TOTAL HEATING ENERGY not valid for this simulation.
   ** Warning ** Processing Monthly Tabular Reports: PeakSpaceGainsMonthly
   **   ~~~   ** ..Variable name=ZONE HOT WATER EQUIPMENT TOTAL HEATING ENERGY not valid for this simulation.
   **   ~~~   ** ..i.e., Variable name=TOPFLOOR_PLENUM:ZONE HOT WATER EQUIPMENT TOTAL HEATING ENERGY not valid for this simulation.
   ** Warning ** Processing Monthly Tabular Reports: PeakSpaceGainsMonthly
   **   ~~~   ** ..Variable name=ZONE STEAM EQUIPMENT TOTAL HEATING ENERGY not valid for this simulation.
   **   ~~~   ** ..i.e., Variable name=TOPFLOOR_PLENUM:ZONE STEAM EQUIPMENT TOTAL HEATING ENERGY not valid for this simulation.
   ** Warning ** Processing Monthly Tabular Reports: PeakSpaceGainsMonthly
   **   ~~~   ** ..Variable name=ZONE OTHER EQUIPMENT TOTAL HEATING ENERGY not valid for this simulation.
   **   ~~~   ** ..i.e., Variable name=TOPFLOOR_PLENUM:ZONE OTHER EQUIPMENT TOTAL HEATING ENERGY not valid for this simulation.
   ** Warning ** Processing Monthly Tabular Reports: SpaceGainComponentsAtCoolingPeakMonthly
   **   ~~~   ** ..Variable name=ZONE GAS EQUIPMENT TOTAL HEATING ENERGY not valid for this simulation.
   ** Warning ** Processing Monthly Tabular Reports: SpaceGainComponentsAtCoolingPeakMonthly
   **   ~~~   ** ..Variable name=ZONE HOT WATER EQUIPMENT TOTAL HEATING ENERGY not valid for this simulation.
   ** Warning ** Processing Monthly Tabular Reports: SpaceGainComponentsAtCoolingPeakMonthly
   **   ~~~   ** ..Variable name=ZONE STEAM EQUIPMENT TOTAL HEATING ENERGY not valid for this simulation.
   ** Warning ** Processing Monthly Tabular Reports: SpaceGainComponentsAtCoolingPeakMonthly
   **   ~~~   ** ..Variable name=ZONE OTHER EQUIPMENT TOTAL HEATING ENERGY not valid for this simulation.
   ** Warning ** Processing Monthly Tabular Reports: SpaceGainComponentsAtCoolingPeakMonthly
   **   ~~~   ** ..Variable name=ZONE GAS EQUIPMENT TOTAL HEATING ENERGY not valid for this simulation.
   **   ~~~   ** ..i.e., Variable name=BASEMENT:ZONE GAS EQUIPMENT TOTAL HEATING ENERGY not valid for this simulation.
   ** Warning ** Processing Monthly Tabular Reports: SpaceGainComponentsAtCoolingPeakMonthly
   **   ~~~   ** ..Variable name=ZONE HOT WATER EQUIPMENT TOTAL HEATING ENERGY not valid for this simulation.
   **   ~~~   ** ..i.e., Variable name=BASEMENT:ZONE HOT WATER EQUIPMENT TOTAL HEATING ENERGY not valid for this simulation.
   ** Warning ** Processing Monthly Tabular Reports: SpaceGainComponentsAtCoolingPeakMonthly
   **   ~~~   ** ..Variable name=ZONE STEAM EQUIPMENT TOTAL HEATING ENERGY not valid for this simulation.
   **   ~~~   ** ..i.e., Variable name=BASEMENT:ZONE STEAM EQUIPMENT TOTAL HEATING ENERGY not valid for this simulation.
   ** Warning ** Processing Monthly Tabular Reports: SpaceGainComponentsAtCoolingPeakMonthly
   **   ~~~   ** ..Variable name=ZONE OTHER EQUIPMENT TOTAL HEATING ENERGY not valid for this simulation.
   **   ~~~   ** ..i.e., Variable name=BASEMENT:ZONE OTHER EQUIPMENT TOTAL HEATING ENERGY not valid for this simulation.
   ** Warning ** Processing Monthly Tabular Reports: SpaceGainComponentsAtCoolingPeakMonthly
   **   ~~~   ** ..Variable name=ZONE INFILTRATION SENSIBLE HEAT GAIN ENERGY not valid for this simulation.
   **   ~~~   ** ..i.e., Variable name=BASEMENT:ZONE INFILTRATION SENSIBLE HEAT GAIN ENERGY not valid for this simulation.
   ** Warning ** Processing Monthly Tabular Reports: SpaceGainComponentsAtCoolingPeakMonthly
   **   ~~~   ** ..Variable name=ZONE INFILTRATION SENSIBLE HEAT LOSS ENERGY not valid for this simulation.
   **   ~~~   ** ..i.e., Variable name=BASEMENT:ZONE INFILTRATION SENSIBLE HEAT LOSS ENERGY not valid for this simulation.
   ** Warning ** Processing Monthly Tabular Reports: SpaceGainComponentsAtCoolingPeakMonthly
   **   ~~~   ** ..Variable name=ZONE GAS EQUIPMENT TOTAL HEATING ENERGY not valid for this simulation.
   **   ~~~   ** ..i.e., Variable name=CORE_BOTTOM:ZONE GAS EQUIPMENT TOTAL HEATING ENERGY not valid for this simulation.
   ** Warning ** Processing Monthly Tabular Reports: SpaceGainComponentsAtCoolingPeakMonthly
   **   ~~~   ** ..Variable name=ZONE HOT WATER EQUIPMENT TOTAL HEATING ENERGY not valid for this simulation.
   **   ~~~   ** ..i.e., Variable name=CORE_BOTTOM:ZONE HOT WATER EQUIPMENT TOTAL HEATING ENERGY not valid for this simulation.
   ** Warning ** Processing Monthly Tabular Reports: SpaceGainComponentsAtCoolingPeakMonthly
   **   ~~~   ** ..Variable name=ZONE STEAM EQUIPMENT TOTAL HEATING ENERGY not valid for this simulation.
   **   ~~~   ** ..i.e., Variable name=CORE_BOTTOM:ZONE STEAM EQUIPMENT TOTAL HEATING ENERGY not valid for this simulation.
   ** Warning ** Processing Monthly Tabular Reports: SpaceGainComponentsAtCoolingPeakMonthly
   **   ~~~   ** ..Variable name=ZONE OTHER EQUIPMENT TOTAL HEATING ENERGY not valid for this simulation.
   **   ~~~   ** ..i.e., Variable name=CORE_BOTTOM:ZONE OTHER EQUIPMENT TOTAL HEATING ENERGY not valid for this simulation.
   ** Warning ** Processing Monthly Tabular Reports: SpaceGainComponentsAtCoolingPeakMonthly
   **   ~~~   ** ..Variable name=ZONE INFILTRATION SENSIBLE HEAT GAIN ENERGY not valid for this simulation.
   **   ~~~   ** ..i.e., Variable name=CORE_BOTTOM:ZONE INFILTRATION SENSIBLE HEAT GAIN ENERGY not valid for this simulation.
   ** Warning ** Processing Monthly Tabular Reports: SpaceGainComponentsAtCoolingPeakMonthly
   **   ~~~   ** ..Variable name=ZONE INFILTRATION SENSIBLE HEAT LOSS ENERGY not valid for this simulation.
   **   ~~~   ** ..i.e., Variable name=CORE_BOTTOM:ZONE INFILTRATION SENSIBLE HEAT LOSS ENERGY not valid for this simulation.
   ** Warning ** Processing Monthly Tabular Reports: SpaceGainComponentsAtCoolingPeakMonthly
   **   ~~~   ** ..Variable name=ZONE GAS EQUIPMENT TOTAL HEATING ENERGY not valid for this simulation.
   **   ~~~   ** ..i.e., Variable name=CORE_MID:ZONE GAS EQUIPMENT TOTAL HEATING ENERGY not valid for this simulation.
   ** Warning ** Processing Monthly Tabular Reports: SpaceGainComponentsAtCoolingPeakMonthly
   **   ~~~   ** ..Variable name=ZONE HOT WATER EQUIPMENT TOTAL HEATING ENERGY not valid for this simulation.
   **   ~~~   ** ..i.e., Variable name=CORE_MID:ZONE HOT WATER EQUIPMENT TOTAL HEATING ENERGY not valid for this simulation.
   ** Warning ** Processing Monthly Tabular Reports: SpaceGainComponentsAtCoolingPeakMonthly
   **   ~~~   ** ..Variable name=ZONE STEAM EQUIPMENT TOTAL HEATING ENERGY not valid for this simulation.
   **   ~~~   ** ..i.e., Variable name=CORE_MID:ZONE STEAM EQUIPMENT TOTAL HEATING ENERGY not valid for this simulation.
   ** Warning ** Processing Monthly Tabular Reports: SpaceGainComponentsAtCoolingPeakMonthly
   **   ~~~   ** ..Variable name=ZONE OTHER EQUIPMENT TOTAL HEATING ENERGY not valid for this simulation.
   **   ~~~   ** ..i.e., Variable name=CORE_MID:ZONE OTHER EQUIPMENT TOTAL HEATING ENERGY not valid for this simulation.
   ** Warning ** Processing Monthly Tabular Reports: SpaceGainComponentsAtCoolingPeakMonthly
   **   ~~~   ** ..Variable name=ZONE INFILTRATION SENSIBLE HEAT GAIN ENERGY not valid for this simulation.
   **   ~~~   ** ..i.e., Variable name=CORE_MID:ZONE INFILTRATION SENSIBLE HEAT GAIN ENERGY not valid for this simulation.
   ** Warning ** Processing Monthly Tabular Reports: SpaceGainComponentsAtCoolingPeakMonthly
   **   ~~~   ** ..Variable name=ZONE INFILTRATION SENSIBLE HEAT LOSS ENERGY not valid for this simulation.
   **   ~~~   ** ..i.e., Variable name=CORE_MID:ZONE INFILTRATION SENSIBLE HEAT LOSS ENERGY not valid for this simulation.
   ** Warning ** Processing Monthly Tabular Reports: SpaceGainComponentsAtCoolingPeakMonthly
   **   ~~~   ** ..Variable name=ZONE GAS EQUIPMENT TOTAL HEATING ENERGY not valid for this simulation.
   **   ~~~   ** ..i.e., Variable name=CORE_TOP:ZONE GAS EQUIPMENT TOTAL HEATING ENERGY not valid for this simulation.
   ** Warning ** Processing Monthly Tabular Reports: SpaceGainComponentsAtCoolingPeakMonthly
   **   ~~~   ** ..Variable name=ZONE HOT WATER EQUIPMENT TOTAL HEATING ENERGY not valid for this simulation.
   **   ~~~   ** ..i.e., Variable name=CORE_TOP:ZONE HOT WATER EQUIPMENT TOTAL HEATING ENERGY not valid for this simulation.
   ** Warning ** Processing Monthly Tabular Reports: SpaceGainComponentsAtCoolingPeakMonthly
   **   ~~~   ** ..Variable name=ZONE STEAM EQUIPMENT TOTAL HEATING ENERGY not valid for this simulation.
   **   ~~~   ** ..i.e., Variable name=CORE_TOP:ZONE STEAM EQUIPMENT TOTAL HEATING ENERGY not valid for this simulation.
   ** Warning ** Processing Monthly Tabular Reports: SpaceGainComponentsAtCoolingPeakMonthly
   **   ~~~   ** ..Variable name=ZONE OTHER EQUIPMENT TOTAL HEATING ENERGY not valid for this simulation.
   **   ~~~   ** ..i.e., Variable name=CORE_TOP:ZONE OTHER EQUIPMENT TOTAL HEATING ENERGY not valid for this simulation.
   ** Warning ** Processing Monthly Tabular Reports: SpaceGainComponentsAtCoolingPeakMonthly
   **   ~~~   ** ..Variable name=ZONE INFILTRATION SENSIBLE HEAT GAIN ENERGY not valid for this simulation.
   **   ~~~   ** ..i.e., Variable name=CORE_TOP:ZONE INFILTRATION SENSIBLE HEAT GAIN ENERGY not valid for this simulation.
   ** Warning ** Processing Monthly Tabular Reports: SpaceGainComponentsAtCoolingPeakMonthly
   **   ~~~   ** ..Variable name=ZONE INFILTRATION SENSIBLE HEAT LOSS ENERGY not valid for this simulation.
   **   ~~~   ** ..i.e., Variable name=CORE_TOP:ZONE INFILTRATION SENSIBLE HEAT LOSS ENERGY not valid for this simulation.
   ** Warning ** Processing Monthly Tabular Reports: SpaceGainComponentsAtCoolingPeakMonthly
   **   ~~~   ** ..Variable name=ZONE GAS EQUIPMENT TOTAL HEATING ENERGY not valid for this simulation.
   **   ~~~   ** ..i.e., Variable name=PERIMETER_BOT_ZN_3:ZONE GAS EQUIPMENT TOTAL HEATING ENERGY not valid for this simulation.
   ** Warning ** Processing Monthly Tabular Reports: SpaceGainComponentsAtCoolingPeakMonthly
   **   ~~~   ** ..Variable name=ZONE HOT WATER EQUIPMENT TOTAL HEATING ENERGY not valid for this simulation.
   **   ~~~   ** ..i.e., Variable name=PERIMETER_BOT_ZN_3:ZONE HOT WATER EQUIPMENT TOTAL HEATING ENERGY not valid for this simulation.
   ** Warning ** Processing Monthly Tabular Reports: SpaceGainComponentsAtCoolingPeakMonthly
   **   ~~~   ** ..Variable name=ZONE STEAM EQUIPMENT TOTAL HEATING ENERGY not valid for this simulation.
   **   ~~~   ** ..i.e., Variable name=PERIMETER_BOT_ZN_3:ZONE STEAM EQUIPMENT TOTAL HEATING ENERGY not valid for this simulation.
   ** Warning ** Processing Monthly Tabular Reports: SpaceGainComponentsAtCoolingPeakMonthly
   **   ~~~   ** ..Variable name=ZONE OTHER EQUIPMENT TOTAL HEATING ENERGY not valid for this simulation.
   **   ~~~   ** ..i.e., Variable name=PERIMETER_BOT_ZN_3:ZONE OTHER EQUIPMENT TOTAL HEATING ENERGY not valid for this simulation.
   ** Warning ** Processing Monthly Tabular Reports: SpaceGainComponentsAtCoolingPeakMonthly
   **   ~~~   ** ..Variable name=ZONE GAS EQUIPMENT TOTAL HEATING ENERGY not valid for this simulation.
   **   ~~~   ** ..i.e., Variable name=PERIMETER_BOT_ZN_2:ZONE GAS EQUIPMENT TOTAL HEATING ENERGY not valid for this simulation.
   ** Warning ** Processing Monthly Tabular Reports: SpaceGainComponentsAtCoolingPeakMonthly
   **   ~~~   ** ..Variable name=ZONE HOT WATER EQUIPMENT TOTAL HEATING ENERGY not valid for this simulation.
   **   ~~~   ** ..i.e., Variable name=PERIMETER_BOT_ZN_2:ZONE HOT WATER EQUIPMENT TOTAL HEATING ENERGY not valid for this simulation.
   ** Warning ** Processing Monthly Tabular Reports: SpaceGainComponentsAtCoolingPeakMonthly
   **   ~~~   ** ..Variable name=ZONE STEAM EQUIPMENT TOTAL HEATING ENERGY not valid for this simulation.
   **   ~~~   ** ..i.e., Variable name=PERIMETER_BOT_ZN_2:ZONE STEAM EQUIPMENT TOTAL HEATING ENERGY not valid for this simulation.
   ** Warning ** Processing Monthly Tabular Reports: SpaceGainComponentsAtCoolingPeakMonthly
   **   ~~~   ** ..Variable name=ZONE OTHER EQUIPMENT TOTAL HEATING ENERGY not valid for this simulation.
   **   ~~~   ** ..i.e., Variable name=PERIMETER_BOT_ZN_2:ZONE OTHER EQUIPMENT TOTAL HEATING ENERGY not valid for this simulation.
   ** Warning ** Processing Monthly Tabular Reports: SpaceGainComponentsAtCoolingPeakMonthly
   **   ~~~   ** ..Variable name=ZONE GAS EQUIPMENT TOTAL HEATING ENERGY not valid for this simulation.
   **   ~~~   ** ..i.e., Variable name=PERIMETER_BOT_ZN_1:ZONE GAS EQUIPMENT TOTAL HEATING ENERGY not valid for this simulation.
   ** Warning ** Processing Monthly Tabular Reports: SpaceGainComponentsAtCoolingPeakMonthly
   **   ~~~   ** ..Variable name=ZONE HOT WATER EQUIPMENT TOTAL HEATING ENERGY not valid for this simulation.
   **   ~~~   ** ..i.e., Variable name=PERIMETER_BOT_ZN_1:ZONE HOT WATER EQUIPMENT TOTAL HEATING ENERGY not valid for this simulation.
   ** Warning ** Processing Monthly Tabular Reports: SpaceGainComponentsAtCoolingPeakMonthly
   **   ~~~   ** ..Variable name=ZONE STEAM EQUIPMENT TOTAL HEATING ENERGY not valid for this simulation.
   **   ~~~   ** ..i.e., Variable name=PERIMETER_BOT_ZN_1:ZONE STEAM EQUIPMENT TOTAL HEATING ENERGY not valid for this simulation.
   ** Warning ** Processing Monthly Tabular Reports: SpaceGainComponentsAtCoolingPeakMonthly
   **   ~~~   ** ..Variable name=ZONE OTHER EQUIPMENT TOTAL HEATING ENERGY not valid for this simulation.
   **   ~~~   ** ..i.e., Variable name=PERIMETER_BOT_ZN_1:ZONE OTHER EQUIPMENT TOTAL HEATING ENERGY not valid for this simulation.
   ** Warning ** Processing Monthly Tabular Reports: SpaceGainComponentsAtCoolingPeakMonthly
   **   ~~~   ** ..Variable name=ZONE GAS EQUIPMENT TOTAL HEATING ENERGY not valid for this simulation.
   **   ~~~   ** ..i.e., Variable name=PERIMETER_BOT_ZN_4:ZONE GAS EQUIPMENT TOTAL HEATING ENERGY not valid for this simulation.
   ** Warning ** Processing Monthly Tabular Reports: SpaceGainComponentsAtCoolingPeakMonthly
   **   ~~~   ** ..Variable name=ZONE HOT WATER EQUIPMENT TOTAL HEATING ENERGY not valid for this simulation.
   **   ~~~   ** ..i.e., Variable name=PERIMETER_BOT_ZN_4:ZONE HOT WATER EQUIPMENT TOTAL HEATING ENERGY not valid for this simulation.
   ** Warning ** Processing Monthly Tabular Reports: SpaceGainComponentsAtCoolingPeakMonthly
   **   ~~~   ** ..Variable name=ZONE STEAM EQUIPMENT TOTAL HEATING ENERGY not valid for this simulation.
   **   ~~~   ** ..i.e., Variable name=PERIMETER_BOT_ZN_4:ZONE STEAM EQUIPMENT TOTAL HEATING ENERGY not valid for this simulation.
   ** Warning ** Processing Monthly Tabular Reports: SpaceGainComponentsAtCoolingPeakMonthly
   **   ~~~   ** ..Variable name=ZONE OTHER EQUIPMENT TOTAL HEATING ENERGY not valid for this simulation.
   **   ~~~   ** ..i.e., Variable name=PERIMETER_BOT_ZN_4:ZONE OTHER EQUIPMENT TOTAL HEATING ENERGY not valid for this simulation.
   ** Warning ** Processing Monthly Tabular Reports: SpaceGainComponentsAtCoolingPeakMonthly
   **   ~~~   ** ..Variable name=ZONE GAS EQUIPMENT TOTAL HEATING ENERGY not valid for this simulation.
   **   ~~~   ** ..i.e., Variable name=PERIMETER_MID_ZN_3:ZONE GAS EQUIPMENT TOTAL HEATING ENERGY not valid for this simulation.
   ** Warning ** Processing Monthly Tabular Reports: SpaceGainComponentsAtCoolingPeakMonthly
   **   ~~~   ** ..Variable name=ZONE HOT WATER EQUIPMENT TOTAL HEATING ENERGY not valid for this simulation.
   **   ~~~   ** ..i.e., Variable name=PERIMETER_MID_ZN_3:ZONE HOT WATER EQUIPMENT TOTAL HEATING ENERGY not valid for this simulation.
   ** Warning ** Processing Monthly Tabular Reports: SpaceGainComponentsAtCoolingPeakMonthly
   **   ~~~   ** ..Variable name=ZONE STEAM EQUIPMENT TOTAL HEATING ENERGY not valid for this simulation.
   **   ~~~   ** ..i.e., Variable name=PERIMETER_MID_ZN_3:ZONE STEAM EQUIPMENT TOTAL HEATING ENERGY not valid for this simulation.
   ** Warning ** Processing Monthly Tabular Reports: SpaceGainComponentsAtCoolingPeakMonthly
   **   ~~~   ** ..Variable name=ZONE OTHER EQUIPMENT TOTAL HEATING ENERGY not valid for this simulation.
   **   ~~~   ** ..i.e., Variable name=PERIMETER_MID_ZN_3:ZONE OTHER EQUIPMENT TOTAL HEATING ENERGY not valid for this simulation.
   ** Warning ** Processing Monthly Tabular Reports: SpaceGainComponentsAtCoolingPeakMonthly
   **   ~~~   ** ..Variable name=ZONE GAS EQUIPMENT TOTAL HEATING ENERGY not valid for this simulation.
   **   ~~~   ** ..i.e., Variable name=PERIMETER_MID_ZN_2:ZONE GAS EQUIPMENT TOTAL HEATING ENERGY not valid for this simulation.
   ** Warning ** Processing Monthly Tabular Reports: SpaceGainComponentsAtCoolingPeakMonthly
   **   ~~~   ** ..Variable name=ZONE HOT WATER EQUIPMENT TOTAL HEATING ENERGY not valid for this simulation.
   **   ~~~   ** ..i.e., Variable name=PERIMETER_MID_ZN_2:ZONE HOT WATER EQUIPMENT TOTAL HEATING ENERGY not valid for this simulation.
   ** Warning ** Processing Monthly Tabular Reports: SpaceGainComponentsAtCoolingPeakMonthly
   **   ~~~   ** ..Variable name=ZONE STEAM EQUIPMENT TOTAL HEATING ENERGY not valid for this simulation.
   **   ~~~   ** ..i.e., Variable name=PERIMETER_MID_ZN_2:ZONE STEAM EQUIPMENT TOTAL HEATING ENERGY not valid for this simulation.
   ** Warning ** Processing Monthly Tabular Reports: SpaceGainComponentsAtCoolingPeakMonthly
   **   ~~~   ** ..Variable name=ZONE OTHER EQUIPMENT TOTAL HEATING ENERGY not valid for this simulation.
   **   ~~~   ** ..i.e., Variable name=PERIMETER_MID_ZN_2:ZONE OTHER EQUIPMENT TOTAL HEATING ENERGY not valid for this simulation.
   ** Warning ** Processing Monthly Tabular Reports: SpaceGainComponentsAtCoolingPeakMonthly
   **   ~~~   ** ..Variable name=ZONE GAS EQUIPMENT TOTAL HEATING ENERGY not valid for this simulation.
   **   ~~~   ** ..i.e., Variable name=PERIMETER_MID_ZN_1:ZONE GAS EQUIPMENT TOTAL HEATING ENERGY not valid for this simulation.
   ** Warning ** Processing Monthly Tabular Reports: SpaceGainComponentsAtCoolingPeakMonthly
   **   ~~~   ** ..Variable name=ZONE HOT WATER EQUIPMENT TOTAL HEATING ENERGY not valid for this simulation.
   **   ~~~   ** ..i.e., Variable name=PERIMETER_MID_ZN_1:ZONE HOT WATER EQUIPMENT TOTAL HEATING ENERGY not valid for this simulation.
   ** Warning ** Processing Monthly Tabular Reports: SpaceGainComponentsAtCoolingPeakMonthly
   **   ~~~   ** ..Variable name=ZONE STEAM EQUIPMENT TOTAL HEATING ENERGY not valid for this simulation.
   **   ~~~   ** ..i.e., Variable name=PERIMETER_MID_ZN_1:ZONE STEAM EQUIPMENT TOTAL HEATING ENERGY not valid for this simulation.
   ** Warning ** Processing Monthly Tabular Reports: SpaceGainComponentsAtCoolingPeakMonthly
   **   ~~~   ** ..Variable name=ZONE OTHER EQUIPMENT TOTAL HEATING ENERGY not valid for this simulation.
   **   ~~~   ** ..i.e., Variable name=PERIMETER_MID_ZN_1:ZONE OTHER EQUIPMENT TOTAL HEATING ENERGY not valid for this simulation.
   ** Warning ** Processing Monthly Tabular Reports: SpaceGainComponentsAtCoolingPeakMonthly
   **   ~~~   ** ..Variable name=ZONE GAS EQUIPMENT TOTAL HEATING ENERGY not valid for this simulation.
   **   ~~~   ** ..i.e., Variable name=PERIMETER_MID_ZN_4:ZONE GAS EQUIPMENT TOTAL HEATING ENERGY not valid for this simulation.
   ** Warning ** Processing Monthly Tabular Reports: SpaceGainComponentsAtCoolingPeakMonthly
   **   ~~~   ** ..Variable name=ZONE HOT WATER EQUIPMENT TOTAL HEATING ENERGY not valid for this simulation.
   **   ~~~   ** ..i.e., Variable name=PERIMETER_MID_ZN_4:ZONE HOT WATER EQUIPMENT TOTAL HEATING ENERGY not valid for this simulation.
   ** Warning ** Processing Monthly Tabular Reports: SpaceGainComponentsAtCoolingPeakMonthly
   **   ~~~   ** ..Variable name=ZONE STEAM EQUIPMENT TOTAL HEATING ENERGY not valid for this simulation.
   **   ~~~   ** ..i.e., Variable name=PERIMETER_MID_ZN_4:ZONE STEAM EQUIPMENT TOTAL HEATING ENERGY not valid for this simulation.
   ** Warning ** Processing Monthly Tabular Reports: SpaceGainComponentsAtCoolingPeakMonthly
   **   ~~~   ** ..Variable name=ZONE OTHER EQUIPMENT TOTAL HEATING ENERGY not valid for this simulation.
   **   ~~~   ** ..i.e., Variable name=PERIMETER_MID_ZN_4:ZONE OTHER EQUIPMENT TOTAL HEATING ENERGY not valid for this simulation.
   ** Warning ** Processing Monthly Tabular Reports: SpaceGainComponentsAtCoolingPeakMonthly
   **   ~~~   ** ..Variable name=ZONE GAS EQUIPMENT TOTAL HEATING ENERGY not valid for this simulation.
   **   ~~~   ** ..i.e., Variable name=PERIMETER_TOP_ZN_3:ZONE GAS EQUIPMENT TOTAL HEATING ENERGY not valid for this simulation.
   ** Warning ** Processing Monthly Tabular Reports: SpaceGainComponentsAtCoolingPeakMonthly
   **   ~~~   ** ..Variable name=ZONE HOT WATER EQUIPMENT TOTAL HEATING ENERGY not valid for this simulation.
   **   ~~~   ** ..i.e., Variable name=PERIMETER_TOP_ZN_3:ZONE HOT WATER EQUIPMENT TOTAL HEATING ENERGY not valid for this simulation.
   ** Warning ** Processing Monthly Tabular Reports: SpaceGainComponentsAtCoolingPeakMonthly
   **   ~~~   ** ..Variable name=ZONE STEAM EQUIPMENT TOTAL HEATING ENERGY not valid for this simulation.
   **   ~~~   ** ..i.e., Variable name=PERIMETER_TOP_ZN_3:ZONE STEAM EQUIPMENT TOTAL HEATING ENERGY not valid for this simulation.
   ** Warning ** Processing Monthly Tabular Reports: SpaceGainComponentsAtCoolingPeakMonthly
   **   ~~~   ** ..Variable name=ZONE OTHER EQUIPMENT TOTAL HEATING ENERGY not valid for this simulation.
   **   ~~~   ** ..i.e., Variable name=PERIMETER_TOP_ZN_3:ZONE OTHER EQUIPMENT TOTAL HEATING ENERGY not valid for this simulation.
   ** Warning ** Processing Monthly Tabular Reports: SpaceGainComponentsAtCoolingPeakMonthly
   **   ~~~   ** ..Variable name=ZONE GAS EQUIPMENT TOTAL HEATING ENERGY not valid for this simulation.
   **   ~~~   ** ..i.e., Variable name=PERIMETER_TOP_ZN_2:ZONE GAS EQUIPMENT TOTAL HEATING ENERGY not valid for this simulation.
   ** Warning ** Processing Monthly Tabular Reports: SpaceGainComponentsAtCoolingPeakMonthly
   **   ~~~   ** ..Variable name=ZONE HOT WATER EQUIPMENT TOTAL HEATING ENERGY not valid for this simulation.
   **   ~~~   ** ..i.e., Variable name=PERIMETER_TOP_ZN_2:ZONE HOT WATER EQUIPMENT TOTAL HEATING ENERGY not valid for this simulation.
   ** Warning ** Processing Monthly Tabular Reports: SpaceGainComponentsAtCoolingPeakMonthly
   **   ~~~   ** ..Variable name=ZONE STEAM EQUIPMENT TOTAL HEATING ENERGY not valid for this simulation.
   **   ~~~   ** ..i.e., Variable name=PERIMETER_TOP_ZN_2:ZONE STEAM EQUIPMENT TOTAL HEATING ENERGY not valid for this simulation.
   ** Warning ** Processing Monthly Tabular Reports: SpaceGainComponentsAtCoolingPeakMonthly
   **   ~~~   ** ..Variable name=ZONE OTHER EQUIPMENT TOTAL HEATING ENERGY not valid for this simulation.
   **   ~~~   ** ..i.e., Variable name=PERIMETER_TOP_ZN_2:ZONE OTHER EQUIPMENT TOTAL HEATING ENERGY not valid for this simulation.
   ** Warning ** Processing Monthly Tabular Reports: SpaceGainComponentsAtCoolingPeakMonthly
   **   ~~~   ** ..Variable name=ZONE GAS EQUIPMENT TOTAL HEATING ENERGY not valid for this simulation.
   **   ~~~   ** ..i.e., Variable name=PERIMETER_TOP_ZN_1:ZONE GAS EQUIPMENT TOTAL HEATING ENERGY not valid for this simulation.
   ** Warning ** Processing Monthly Tabular Reports: SpaceGainComponentsAtCoolingPeakMonthly
   **   ~~~   ** ..Variable name=ZONE HOT WATER EQUIPMENT TOTAL HEATING ENERGY not valid for this simulation.
   **   ~~~   ** ..i.e., Variable name=PERIMETER_TOP_ZN_1:ZONE HOT WATER EQUIPMENT TOTAL HEATING ENERGY not valid for this simulation.
   ** Warning ** Processing Monthly Tabular Reports: SpaceGainComponentsAtCoolingPeakMonthly
   **   ~~~   ** ..Variable name=ZONE STEAM EQUIPMENT TOTAL HEATING ENERGY not valid for this simulation.
   **   ~~~   ** ..i.e., Variable name=PERIMETER_TOP_ZN_1:ZONE STEAM EQUIPMENT TOTAL HEATING ENERGY not valid for this simulation.
   ** Warning ** Processing Monthly Tabular Reports: SpaceGainComponentsAtCoolingPeakMonthly
   **   ~~~   ** ..Variable name=ZONE OTHER EQUIPMENT TOTAL HEATING ENERGY not valid for this simulation.
   **   ~~~   ** ..i.e., Variable name=PERIMETER_TOP_ZN_1:ZONE OTHER EQUIPMENT TOTAL HEATING ENERGY not valid for this simulation.
   ** Warning ** Processing Monthly Tabular Reports: SpaceGainComponentsAtCoolingPeakMonthly
   **   ~~~   ** ..Variable name=ZONE GAS EQUIPMENT TOTAL HEATING ENERGY not valid for this simulation.
   **   ~~~   ** ..i.e., Variable name=PERIMETER_TOP_ZN_4:ZONE GAS EQUIPMENT TOTAL HEATING ENERGY not valid for this simulation.
   ** Warning ** Processing Monthly Tabular Reports: SpaceGainComponentsAtCoolingPeakMonthly
   **   ~~~   ** ..Variable name=ZONE HOT WATER EQUIPMENT TOTAL HEATING ENERGY not valid for this simulation.
   **   ~~~   ** ..i.e., Variable name=PERIMETER_TOP_ZN_4:ZONE HOT WATER EQUIPMENT TOTAL HEATING ENERGY not valid for this simulation.
   ** Warning ** Processing Monthly Tabular Reports: SpaceGainComponentsAtCoolingPeakMonthly
   **   ~~~   ** ..Variable name=ZONE STEAM EQUIPMENT TOTAL HEATING ENERGY not valid for this simulation.
   **   ~~~   ** ..i.e., Variable name=PERIMETER_TOP_ZN_4:ZONE STEAM EQUIPMENT TOTAL HEATING ENERGY not valid for this simulation.
   ** Warning ** Processing Monthly Tabular Reports: SpaceGainComponentsAtCoolingPeakMonthly
   **   ~~~   ** ..Variable name=ZONE OTHER EQUIPMENT TOTAL HEATING ENERGY not valid for this simulation.
   **   ~~~   ** ..i.e., Variable name=PERIMETER_TOP_ZN_4:ZONE OTHER EQUIPMENT TOTAL HEATING ENERGY not valid for this simulation.
   ** Warning ** Processing Monthly Tabular Reports: SpaceGainComponentsAtCoolingPeakMonthly
   **   ~~~   ** ..Variable name=ZONE PEOPLE TOTAL HEATING ENERGY not valid for this simulation.
   **   ~~~   ** ..i.e., Variable name=GROUNDFLOOR_PLENUM:ZONE PEOPLE TOTAL HEATING ENERGY not valid for this simulation.
   ** Warning ** Processing Monthly Tabular Reports: SpaceGainComponentsAtCoolingPeakMonthly
   **   ~~~   ** ..Variable name=ZONE LIGHTS TOTAL HEATING ENERGY not valid for this simulation.
   **   ~~~   ** ..i.e., Variable name=GROUNDFLOOR_PLENUM:ZONE LIGHTS TOTAL HEATING ENERGY not valid for this simulation.
   ** Warning ** Processing Monthly Tabular Reports: SpaceGainComponentsAtCoolingPeakMonthly
   **   ~~~   ** ..Variable name=ZONE ELECTRIC EQUIPMENT TOTAL HEATING ENERGY not valid for this simulation.
   **   ~~~   ** ..i.e., Variable name=GROUNDFLOOR_PLENUM:ZONE ELECTRIC EQUIPMENT TOTAL HEATING ENERGY not valid for this simulation.
   ** Warning ** Processing Monthly Tabular Reports: SpaceGainComponentsAtCoolingPeakMonthly
   **   ~~~   ** ..Variable name=ZONE GAS EQUIPMENT TOTAL HEATING ENERGY not valid for this simulation.
   **   ~~~   ** ..i.e., Variable name=GROUNDFLOOR_PLENUM:ZONE GAS EQUIPMENT TOTAL HEATING ENERGY not valid for this simulation.
   ** Warning ** Processing Monthly Tabular Reports: SpaceGainComponentsAtCoolingPeakMonthly
   **   ~~~   ** ..Variable name=ZONE HOT WATER EQUIPMENT TOTAL HEATING ENERGY not valid for this simulation.
   **   ~~~   ** ..i.e., Variable name=GROUNDFLOOR_PLENUM:ZONE HOT WATER EQUIPMENT TOTAL HEATING ENERGY not valid for this simulation.
   ** Warning ** Processing Monthly Tabular Reports: SpaceGainComponentsAtCoolingPeakMonthly
   **   ~~~   ** ..Variable name=ZONE STEAM EQUIPMENT TOTAL HEATING ENERGY not valid for this simulation.
   **   ~~~   ** ..i.e., Variable name=GROUNDFLOOR_PLENUM:ZONE STEAM EQUIPMENT TOTAL HEATING ENERGY not valid for this simulation.
   ** Warning ** Processing Monthly Tabular Reports: SpaceGainComponentsAtCoolingPeakMonthly
   **   ~~~   ** ..Variable name=ZONE OTHER EQUIPMENT TOTAL HEATING ENERGY not valid for this simulation.
   **   ~~~   ** ..i.e., Variable name=GROUNDFLOOR_PLENUM:ZONE OTHER EQUIPMENT TOTAL HEATING ENERGY not valid for this simulation.
   ** Warning ** Processing Monthly Tabular Reports: SpaceGainComponentsAtCoolingPeakMonthly
   **   ~~~   ** ..Variable name=ZONE PEOPLE TOTAL HEATING ENERGY not valid for this simulation.
   **   ~~~   ** ..i.e., Variable name=MIDFLOOR_PLENUM:ZONE PEOPLE TOTAL HEATING ENERGY not valid for this simulation.
   ** Warning ** Processing Monthly Tabular Reports: SpaceGainComponentsAtCoolingPeakMonthly
   **   ~~~   ** ..Variable name=ZONE LIGHTS TOTAL HEATING ENERGY not valid for this simulation.
   **   ~~~   ** ..i.e., Variable name=MIDFLOOR_PLENUM:ZONE LIGHTS TOTAL HEATING ENERGY not valid for this simulation.
   ** Warning ** Processing Monthly Tabular Reports: SpaceGainComponentsAtCoolingPeakMonthly
   **   ~~~   ** ..Variable name=ZONE ELECTRIC EQUIPMENT TOTAL HEATING ENERGY not valid for this simulation.
   **   ~~~   ** ..i.e., Variable name=MIDFLOOR_PLENUM:ZONE ELECTRIC EQUIPMENT TOTAL HEATING ENERGY not valid for this simulation.
   ** Warning ** Processing Monthly Tabular Reports: SpaceGainComponentsAtCoolingPeakMonthly
   **   ~~~   ** ..Variable name=ZONE GAS EQUIPMENT TOTAL HEATING ENERGY not valid for this simulation.
   **   ~~~   ** ..i.e., Variable name=MIDFLOOR_PLENUM:ZONE GAS EQUIPMENT TOTAL HEATING ENERGY not valid for this simulation.
   ** Warning ** Processing Monthly Tabular Reports: SpaceGainComponentsAtCoolingPeakMonthly
   **   ~~~   ** ..Variable name=ZONE HOT WATER EQUIPMENT TOTAL HEATING ENERGY not valid for this simulation.
   **   ~~~   ** ..i.e., Variable name=MIDFLOOR_PLENUM:ZONE HOT WATER EQUIPMENT TOTAL HEATING ENERGY not valid for this simulation.
   ** Warning ** Processing Monthly Tabular Reports: SpaceGainComponentsAtCoolingPeakMonthly
   **   ~~~   ** ..Variable name=ZONE STEAM EQUIPMENT TOTAL HEATING ENERGY not valid for this simulation.
   **   ~~~   ** ..i.e., Variable name=MIDFLOOR_PLENUM:ZONE STEAM EQUIPMENT TOTAL HEATING ENERGY not valid for this simulation.
   ** Warning ** Processing Monthly Tabular Reports: SpaceGainComponentsAtCoolingPeakMonthly
   **   ~~~   ** ..Variable name=ZONE OTHER EQUIPMENT TOTAL HEATING ENERGY not valid for this simulation.
   **   ~~~   ** ..i.e., Variable name=MIDFLOOR_PLENUM:ZONE OTHER EQUIPMENT TOTAL HEATING ENERGY not valid for this simulation.
   ** Warning ** Processing Monthly Tabular Reports: SpaceGainComponentsAtCoolingPeakMonthly
   **   ~~~   ** ..Variable name=ZONE PEOPLE TOTAL HEATING ENERGY not valid for this simulation.
   **   ~~~   ** ..i.e., Variable name=TOPFLOOR_PLENUM:ZONE PEOPLE TOTAL HEATING ENERGY not valid for this simulation.
   ** Warning ** Processing Monthly Tabular Reports: SpaceGainComponentsAtCoolingPeakMonthly
   **   ~~~   ** ..Variable name=ZONE LIGHTS TOTAL HEATING ENERGY not valid for this simulation.
   **   ~~~   ** ..i.e., Variable name=TOPFLOOR_PLENUM:ZONE LIGHTS TOTAL HEATING ENERGY not valid for this simulation.
   ** Warning ** Processing Monthly Tabular Reports: SpaceGainComponentsAtCoolingPeakMonthly
   **   ~~~   ** ..Variable name=ZONE ELECTRIC EQUIPMENT TOTAL HEATING ENERGY not valid for this simulation.
   **   ~~~   ** ..i.e., Variable name=TOPFLOOR_PLENUM:ZONE ELECTRIC EQUIPMENT TOTAL HEATING ENERGY not valid for this simulation.
   ** Warning ** Processing Monthly Tabular Reports: SpaceGainComponentsAtCoolingPeakMonthly
   **   ~~~   ** ..Variable name=ZONE GAS EQUIPMENT TOTAL HEATING ENERGY not valid for this simulation.
   **   ~~~   ** ..i.e., Variable name=TOPFLOOR_PLENUM:ZONE GAS EQUIPMENT TOTAL HEATING ENERGY not valid for this simulation.
   ** Warning ** Processing Monthly Tabular Reports: SpaceGainComponentsAtCoolingPeakMonthly
   **   ~~~   ** ..Variable name=ZONE HOT WATER EQUIPMENT TOTAL HEATING ENERGY not valid for this simulation.
   **   ~~~   ** ..i.e., Variable name=TOPFLOOR_PLENUM:ZONE HOT WATER EQUIPMENT TOTAL HEATING ENERGY not valid for this simulation.
   ** Warning ** Processing Monthly Tabular Reports: SpaceGainComponentsAtCoolingPeakMonthly
   **   ~~~   ** ..Variable name=ZONE STEAM EQUIPMENT TOTAL HEATING ENERGY not valid for this simulation.
   **   ~~~   ** ..i.e., Variable name=TOPFLOOR_PLENUM:ZONE STEAM EQUIPMENT TOTAL HEATING ENERGY not valid for this simulation.
   ** Warning ** Processing Monthly Tabular Reports: SpaceGainComponentsAtCoolingPeakMonthly
   **   ~~~   ** ..Variable name=ZONE OTHER EQUIPMENT TOTAL HEATING ENERGY not valid for this simulation.
   **   ~~~   ** ..i.e., Variable name=TOPFLOOR_PLENUM:ZONE OTHER EQUIPMENT TOTAL HEATING ENERGY not valid for this simulation.
   ** Warning ** Processing Monthly Tabular Reports: SpaceGainComponentsAtCoolingPeakMonthly
   **   ~~~   ** ..Variable name=ZONE GAS EQUIPMENT TOTAL HEATING ENERGY not valid for this simulation.
   **   ~~~   ** ..i.e., Variable name=DATACENTER_BOT_ZN_6:ZONE GAS EQUIPMENT TOTAL HEATING ENERGY not valid for this simulation.
   ** Warning ** Processing Monthly Tabular Reports: SpaceGainComponentsAtCoolingPeakMonthly
   **   ~~~   ** ..Variable name=ZONE HOT WATER EQUIPMENT TOTAL HEATING ENERGY not valid for this simulation.
   **   ~~~   ** ..i.e., Variable name=DATACENTER_BOT_ZN_6:ZONE HOT WATER EQUIPMENT TOTAL HEATING ENERGY not valid for this simulation.
   ** Warning ** Processing Monthly Tabular Reports: SpaceGainComponentsAtCoolingPeakMonthly
   **   ~~~   ** ..Variable name=ZONE STEAM EQUIPMENT TOTAL HEATING ENERGY not valid for this simulation.
   **   ~~~   ** ..i.e., Variable name=DATACENTER_BOT_ZN_6:ZONE STEAM EQUIPMENT TOTAL HEATING ENERGY not valid for this simulation.
   ** Warning ** Processing Monthly Tabular Reports: SpaceGainComponentsAtCoolingPeakMonthly
   **   ~~~   ** ..Variable name=ZONE OTHER EQUIPMENT TOTAL HEATING ENERGY not valid for this simulation.
   **   ~~~   ** ..i.e., Variable name=DATACENTER_BOT_ZN_6:ZONE OTHER EQUIPMENT TOTAL HEATING ENERGY not valid for this simulation.
   ** Warning ** Processing Monthly Tabular Reports: SpaceGainComponentsAtCoolingPeakMonthly
   **   ~~~   ** ..Variable name=ZONE INFILTRATION SENSIBLE HEAT GAIN ENERGY not valid for this simulation.
   **   ~~~   ** ..i.e., Variable name=DATACENTER_BOT_ZN_6:ZONE INFILTRATION SENSIBLE HEAT GAIN ENERGY not valid for this simulation.
   ** Warning ** Processing Monthly Tabular Reports: SpaceGainComponentsAtCoolingPeakMonthly
   **   ~~~   ** ..Variable name=ZONE INFILTRATION SENSIBLE HEAT LOSS ENERGY not valid for this simulation.
   **   ~~~   ** ..i.e., Variable name=DATACENTER_BOT_ZN_6:ZONE INFILTRATION SENSIBLE HEAT LOSS ENERGY not valid for this simulation.
   ** Warning ** Processing Monthly Tabular Reports: SpaceGainComponentsAtCoolingPeakMonthly
   **   ~~~   ** ..Variable name=ZONE GAS EQUIPMENT TOTAL HEATING ENERGY not valid for this simulation.
   **   ~~~   ** ..i.e., Variable name=DATACENTER_MID_ZN_6:ZONE GAS EQUIPMENT TOTAL HEATING ENERGY not valid for this simulation.
   ** Warning ** Processing Monthly Tabular Reports: SpaceGainComponentsAtCoolingPeakMonthly
   **   ~~~   ** ..Variable name=ZONE HOT WATER EQUIPMENT TOTAL HEATING ENERGY not valid for this simulation.
   **   ~~~   ** ..i.e., Variable name=DATACENTER_MID_ZN_6:ZONE HOT WATER EQUIPMENT TOTAL HEATING ENERGY not valid for this simulation.
   ** Warning ** Processing Monthly Tabular Reports: SpaceGainComponentsAtCoolingPeakMonthly
   **   ~~~   ** ..Variable name=ZONE STEAM EQUIPMENT TOTAL HEATING ENERGY not valid for this simulation.
   **   ~~~   ** ..i.e., Variable name=DATACENTER_MID_ZN_6:ZONE STEAM EQUIPMENT TOTAL HEATING ENERGY not valid for this simulation.
   ** Warning ** Processing Monthly Tabular Reports: SpaceGainComponentsAtCoolingPeakMonthly
   **   ~~~   ** ..Variable name=ZONE OTHER EQUIPMENT TOTAL HEATING ENERGY not valid for this simulation.
   **   ~~~   ** ..i.e., Variable name=DATACENTER_MID_ZN_6:ZONE OTHER EQUIPMENT TOTAL HEATING ENERGY not valid for this simulation.
   ** Warning ** Processing Monthly Tabular Reports: SpaceGainComponentsAtCoolingPeakMonthly
   **   ~~~   ** ..Variable name=ZONE INFILTRATION SENSIBLE HEAT GAIN ENERGY not valid for this simulation.
   **   ~~~   ** ..i.e., Variable name=DATACENTER_MID_ZN_6:ZONE INFILTRATION SENSIBLE HEAT GAIN ENERGY not valid for this simulation.
   ** Warning ** Processing Monthly Tabular Reports: SpaceGainComponentsAtCoolingPeakMonthly
   **   ~~~   ** ..Variable name=ZONE INFILTRATION SENSIBLE HEAT LOSS ENERGY not valid for this simulation.
   **   ~~~   ** ..i.e., Variable name=DATACENTER_MID_ZN_6:ZONE INFILTRATION SENSIBLE HEAT LOSS ENERGY not valid for this simulation.
   ** Warning ** Processing Monthly Tabular Reports: SpaceGainComponentsAtCoolingPeakMonthly
   **   ~~~   ** ..Variable name=ZONE GAS EQUIPMENT TOTAL HEATING ENERGY not valid for this simulation.
   **   ~~~   ** ..i.e., Variable name=DATACENTER_TOP_ZN_6:ZONE GAS EQUIPMENT TOTAL HEATING ENERGY not valid for this simulation.
   ** Warning ** Processing Monthly Tabular Reports: SpaceGainComponentsAtCoolingPeakMonthly
   **   ~~~   ** ..Variable name=ZONE HOT WATER EQUIPMENT TOTAL HEATING ENERGY not valid for this simulation.
   **   ~~~   ** ..i.e., Variable name=DATACENTER_TOP_ZN_6:ZONE HOT WATER EQUIPMENT TOTAL HEATING ENERGY not valid for this simulation.
   ** Warning ** Processing Monthly Tabular Reports: SpaceGainComponentsAtCoolingPeakMonthly
   **   ~~~   ** ..Variable name=ZONE STEAM EQUIPMENT TOTAL HEATING ENERGY not valid for this simulation.
   **   ~~~   ** ..i.e., Variable name=DATACENTER_TOP_ZN_6:ZONE STEAM EQUIPMENT TOTAL HEATING ENERGY not valid for this simulation.
   ** Warning ** Processing Monthly Tabular Reports: SpaceGainComponentsAtCoolingPeakMonthly
   **   ~~~   ** ..Variable name=ZONE OTHER EQUIPMENT TOTAL HEATING ENERGY not valid for this simulation.
   **   ~~~   ** ..i.e., Variable name=DATACENTER_TOP_ZN_6:ZONE OTHER EQUIPMENT TOTAL HEATING ENERGY not valid for this simulation.
   ** Warning ** Processing Monthly Tabular Reports: SpaceGainComponentsAtCoolingPeakMonthly
   **   ~~~   ** ..Variable name=ZONE INFILTRATION SENSIBLE HEAT GAIN ENERGY not valid for this simulation.
   **   ~~~   ** ..i.e., Variable name=DATACENTER_TOP_ZN_6:ZONE INFILTRATION SENSIBLE HEAT GAIN ENERGY not valid for this simulation.
   ** Warning ** Processing Monthly Tabular Reports: SpaceGainComponentsAtCoolingPeakMonthly
   **   ~~~   ** ..Variable name=ZONE INFILTRATION SENSIBLE HEAT LOSS ENERGY not valid for this simulation.
   **   ~~~   ** ..i.e., Variable name=DATACENTER_TOP_ZN_6:ZONE INFILTRATION SENSIBLE HEAT LOSS ENERGY not valid for this simulation.
   ** Warning ** Processing Monthly Tabular Reports: SpaceGainComponentsAtCoolingPeakMonthly
   **   ~~~   ** ..Variable name=ZONE GAS EQUIPMENT TOTAL HEATING ENERGY not valid for this simulation.
   **   ~~~   ** ..i.e., Variable name=DATACENTER_BASEMENT_ZN_6:ZONE GAS EQUIPMENT TOTAL HEATING ENERGY not valid for this simulation.
   ** Warning ** Processing Monthly Tabular Reports: SpaceGainComponentsAtCoolingPeakMonthly
   **   ~~~   ** ..Variable name=ZONE HOT WATER EQUIPMENT TOTAL HEATING ENERGY not valid for this simulation.
   **   ~~~   ** ..i.e., Variable name=DATACENTER_BASEMENT_ZN_6:ZONE HOT WATER EQUIPMENT TOTAL HEATING ENERGY not valid for this simulation.
   ** Warning ** Processing Monthly Tabular Reports: SpaceGainComponentsAtCoolingPeakMonthly
   **   ~~~   ** ..Variable name=ZONE STEAM EQUIPMENT TOTAL HEATING ENERGY not valid for this simulation.
   **   ~~~   ** ..i.e., Variable name=DATACENTER_BASEMENT_ZN_6:ZONE STEAM EQUIPMENT TOTAL HEATING ENERGY not valid for this simulation.
   ** Warning ** Processing Monthly Tabular Reports: SpaceGainComponentsAtCoolingPeakMonthly
   **   ~~~   ** ..Variable name=ZONE OTHER EQUIPMENT TOTAL HEATING ENERGY not valid for this simulation.
   **   ~~~   ** ..i.e., Variable name=DATACENTER_BASEMENT_ZN_6:ZONE OTHER EQUIPMENT TOTAL HEATING ENERGY not valid for this simulation.
   ** Warning ** Processing Monthly Tabular Reports: SpaceGainComponentsAtCoolingPeakMonthly
   **   ~~~   ** ..Variable name=ZONE INFILTRATION SENSIBLE HEAT GAIN ENERGY not valid for this simulation.
   **   ~~~   ** ..i.e., Variable name=DATACENTER_BASEMENT_ZN_6:ZONE INFILTRATION SENSIBLE HEAT GAIN ENERGY not valid for this simulation.
   ** Warning ** Processing Monthly Tabular Reports: SpaceGainComponentsAtCoolingPeakMonthly
   **   ~~~   ** ..Variable name=ZONE INFILTRATION SENSIBLE HEAT LOSS ENERGY not valid for this simulation.
   **   ~~~   ** ..i.e., Variable name=DATACENTER_BASEMENT_ZN_6:ZONE INFILTRATION SENSIBLE HEAT LOSS ENERGY not valid for this simulation.
   ** Warning ** Processing Monthly Tabular Reports: EnergyConsumptionElectricityGeneratedPropaneMonthly
   **   ~~~   ** ..Variable name=PROPANE:FACILITY not valid for this simulation.
   ** Warning ** Processing Monthly Tabular Reports: EnergyConsumptionElectricityGeneratedPropaneMonthly
   **   ~~~   ** ..Variable name=PROPANE:FACILITY not valid for this simulation.
   ** Warning ** Processing Monthly Tabular Reports: EnergyConsumptionElectricityGeneratedPropaneMonthly
   **   ~~~   ** ..Variable name=PROPANE:FACILITY not valid for this simulation.
   **   ~~~   ** ..i.e., Variable name=Meter:PROPANE:FACILITY not valid for this simulation.
   ** Warning ** Processing Monthly Tabular Reports: EnergyConsumptionElectricityGeneratedPropaneMonthly
   **   ~~~   ** ..Variable name=PROPANE:FACILITY not valid for this simulation.
   **   ~~~   ** ..i.e., Variable name=Meter:PROPANE:FACILITY not valid for this simulation.
   ** Warning ** Processing Monthly Tabular Reports: EnergyConsumptionDieselFuelOilMonthly
   **   ~~~   ** ..Variable name=DIESEL:FACILITY not valid for this simulation.
   ** Warning ** Processing Monthly Tabular Reports: EnergyConsumptionDieselFuelOilMonthly
   **   ~~~   ** ..Variable name=DIESEL:FACILITY not valid for this simulation.
   ** Warning ** Processing Monthly Tabular Reports: EnergyConsumptionDieselFuelOilMonthly
   **   ~~~   ** ..Variable name=FUELOILNO1:FACILITY not valid for this simulation.
   ** Warning ** Processing Monthly Tabular Reports: EnergyConsumptionDieselFuelOilMonthly
   **   ~~~   ** ..Variable name=FUELOILNO1:FACILITY not valid for this simulation.
   ** Warning ** Processing Monthly Tabular Reports: EnergyConsumptionDieselFuelOilMonthly
   **   ~~~   ** ..Variable name=FUELOILNO2:FACILITY not valid for this simulation.
   ** Warning ** Processing Monthly Tabular Reports: EnergyConsumptionDieselFuelOilMonthly
   **   ~~~   ** ..Variable name=FUELOILNO2:FACILITY not valid for this simulation.
   ** Warning ** Processing Monthly Tabular Reports: EnergyConsumptionDistrictHeatingCoolingMonthly
   **   ~~~   ** ..Variable name=DISTRICTCOOLING:FACILITY not valid for this simulation.
   ** Warning ** Processing Monthly Tabular Reports: EnergyConsumptionDistrictHeatingCoolingMonthly
   **   ~~~   ** ..Variable name=DISTRICTCOOLING:FACILITY not valid for this simulation.
   ** Warning ** Processing Monthly Tabular Reports: EnergyConsumptionDistrictHeatingCoolingMonthly
   **   ~~~   ** ..Variable name=DISTRICTHEATING:FACILITY not valid for this simulation.
   ** Warning ** Processing Monthly Tabular Reports: EnergyConsumptionDistrictHeatingCoolingMonthly
   **   ~~~   ** ..Variable name=DISTRICTHEATING:FACILITY not valid for this simulation.
   ** Warning ** Processing Monthly Tabular Reports: EnergyConsumptionCoalGasolineMonthly
   **   ~~~   ** ..Variable name=COAL:FACILITY not valid for this simulation.
   ** Warning ** Processing Monthly Tabular Reports: EnergyConsumptionCoalGasolineMonthly
   **   ~~~   ** ..Variable name=COAL:FACILITY not valid for this simulation.
   ** Warning ** Processing Monthly Tabular Reports: EnergyConsumptionCoalGasolineMonthly
   **   ~~~   ** ..Variable name=GASOLINE:FACILITY not valid for this simulation.
   ** Warning ** Processing Monthly Tabular Reports: EnergyConsumptionCoalGasolineMonthly
   **   ~~~   ** ..Variable name=GASOLINE:FACILITY not valid for this simulation.
   ** Warning ** Processing Monthly Tabular Reports: EnergyConsumptionOtherFuelsMonthly
   **   ~~~   ** ..Variable name=OTHERFUEL1:FACILITY not valid for this simulation.
   ** Warning ** Processing Monthly Tabular Reports: EnergyConsumptionOtherFuelsMonthly
   **   ~~~   ** ..Variable name=OTHERFUEL1:FACILITY not valid for this simulation.
   ** Warning ** Processing Monthly Tabular Reports: EnergyConsumptionOtherFuelsMonthly
   **   ~~~   ** ..Variable name=OTHERFUEL2:FACILITY not valid for this simulation.
   ** Warning ** Processing Monthly Tabular Reports: EnergyConsumptionOtherFuelsMonthly
   **   ~~~   ** ..Variable name=OTHERFUEL2:FACILITY not valid for this simulation.
   ** Warning ** Processing Monthly Tabular Reports: EndUseEnergyConsumptionElectricityMonthly
   **   ~~~   ** ..Variable name=WATERSYSTEMS:ELECTRICITY not valid for this simulation.
   ** Warning ** Processing Monthly Tabular Reports: EndUseEnergyConsumptionElectricityMonthly
   **   ~~~   ** ..Variable name=WATERSYSTEMS:ELECTRICITY not valid for this simulation.
   **   ~~~   ** ..i.e., Variable name=Meter:WATERSYSTEMS:ELECTRICITY not valid for this simulation.
   ** Warning ** Processing Monthly Tabular Reports: EndUseEnergyConsumptionNaturalGasMonthly
   **   ~~~   ** ..Variable name=INTERIOREQUIPMENT:NATURALGAS not valid for this simulation.
   ** Warning ** Processing Monthly Tabular Reports: EndUseEnergyConsumptionNaturalGasMonthly
   **   ~~~   ** ..Variable name=EXTERIOREQUIPMENT:NATURALGAS not valid for this simulation.
   ** Warning ** Processing Monthly Tabular Reports: EndUseEnergyConsumptionNaturalGasMonthly
   **   ~~~   ** ..Variable name=COOLING:NATURALGAS not valid for this simulation.
   ** Warning ** Processing Monthly Tabular Reports: EndUseEnergyConsumptionNaturalGasMonthly
   **   ~~~   ** ..Variable name=COGENERATION:NATURALGAS not valid for this simulation.
   ** Warning ** Processing Monthly Tabular Reports: EndUseEnergyConsumptionNaturalGasMonthly
   **   ~~~   ** ..Variable name=HUMIDIFIER:NATURALGAS not valid for this simulation.
   ** Warning ** Processing Monthly Tabular Reports: EndUseEnergyConsumptionNaturalGasMonthly
   **   ~~~   ** ..Variable name=INTERIOREQUIPMENT:NATURALGAS not valid for this simulation.
   **   ~~~   ** ..i.e., Variable name=Meter:INTERIOREQUIPMENT:NATURALGAS not valid for this simulation.
   ** Warning ** Processing Monthly Tabular Reports: EndUseEnergyConsumptionNaturalGasMonthly
   **   ~~~   ** ..Variable name=EXTERIOREQUIPMENT:NATURALGAS not valid for this simulation.
   **   ~~~   ** ..i.e., Variable name=Meter:EXTERIOREQUIPMENT:NATURALGAS not valid for this simulation.
   ** Warning ** Processing Monthly Tabular Reports: EndUseEnergyConsumptionNaturalGasMonthly
   **   ~~~   ** ..Variable name=COOLING:NATURALGAS not valid for this simulation.
   **   ~~~   ** ..i.e., Variable name=Meter:COOLING:NATURALGAS not valid for this simulation.
   ** Warning ** Processing Monthly Tabular Reports: EndUseEnergyConsumptionNaturalGasMonthly
   **   ~~~   ** ..Variable name=COGENERATION:NATURALGAS not valid for this simulation.
   **   ~~~   ** ..i.e., Variable name=Meter:COGENERATION:NATURALGAS not valid for this simulation.
   ** Warning ** Processing Monthly Tabular Reports: EndUseEnergyConsumptionNaturalGasMonthly
   **   ~~~   ** ..Variable name=HUMIDIFIER:NATURALGAS not valid for this simulation.
   **   ~~~   ** ..i.e., Variable name=Meter:HUMIDIFIER:NATURALGAS not valid for this simulation.
   ** Warning ** Processing Monthly Tabular Reports: EndUseEnergyConsumptionDieselMonthly
   **   ~~~   ** ..Variable name=EXTERIOREQUIPMENT:DIESEL not valid for this simulation.
   ** Warning ** Processing Monthly Tabular Reports: EndUseEnergyConsumptionDieselMonthly
   **   ~~~   ** ..Variable name=COOLING:DIESEL not valid for this simulation.
   ** Warning ** Processing Monthly Tabular Reports: EndUseEnergyConsumptionDieselMonthly
   **   ~~~   ** ..Variable name=HEATING:DIESEL not valid for this simulation.
   ** Warning ** Processing Monthly Tabular Reports: EndUseEnergyConsumptionDieselMonthly
   **   ~~~   ** ..Variable name=WATERSYSTEMS:DIESEL not valid for this simulation.
   ** Warning ** Processing Monthly Tabular Reports: EndUseEnergyConsumptionDieselMonthly
   **   ~~~   ** ..Variable name=COGENERATION:DIESEL not valid for this simulation.
   ** Warning ** Processing Monthly Tabular Reports: EndUseEnergyConsumptionFuelOilMonthly
   **   ~~~   ** ..Variable name=EXTERIOREQUIPMENT:FUELOILNO1 not valid for this simulation.
   ** Warning ** Processing Monthly Tabular Reports: EndUseEnergyConsumptionFuelOilMonthly
   **   ~~~   ** ..Variable name=COOLING:FUELOILNO1 not valid for this simulation.
   ** Warning ** Processing Monthly Tabular Reports: EndUseEnergyConsumptionFuelOilMonthly
   **   ~~~   ** ..Variable name=HEATING:FUELOILNO1 not valid for this simulation.
   ** Warning ** Processing Monthly Tabular Reports: EndUseEnergyConsumptionFuelOilMonthly
   **   ~~~   ** ..Variable name=WATERSYSTEMS:FUELOILNO1 not valid for this simulation.
   ** Warning ** Processing Monthly Tabular Reports: EndUseEnergyConsumptionFuelOilMonthly
   **   ~~~   ** ..Variable name=COGENERATION:FUELOILNO1 not valid for this simulation.
   ** Warning ** Processing Monthly Tabular Reports: EndUseEnergyConsumptionFuelOilMonthly
   **   ~~~   ** ..Variable name=EXTERIOREQUIPMENT:FUELOILNO2 not valid for this simulation.
   ** Warning ** Processing Monthly Tabular Reports: EndUseEnergyConsumptionFuelOilMonthly
   **   ~~~   ** ..Variable name=COOLING:FUELOILNO2 not valid for this simulation.
   ** Warning ** Processing Monthly Tabular Reports: EndUseEnergyConsumptionFuelOilMonthly
   **   ~~~   ** ..Variable name=HEATING:FUELOILNO2 not valid for this simulation.
   ** Warning ** Processing Monthly Tabular Reports: EndUseEnergyConsumptionFuelOilMonthly
   **   ~~~   ** ..Variable name=WATERSYSTEMS:FUELOILNO2 not valid for this simulation.
   ** Warning ** Processing Monthly Tabular Reports: EndUseEnergyConsumptionFuelOilMonthly
   **   ~~~   ** ..Variable name=COGENERATION:FUELOILNO2 not valid for this simulation.
   ** Warning ** Processing Monthly Tabular Reports: EndUseEnergyConsumptionCoalMonthly
   **   ~~~   ** ..Variable name=EXTERIOREQUIPMENT:COAL not valid for this simulation.
   ** Warning ** Processing Monthly Tabular Reports: EndUseEnergyConsumptionCoalMonthly
   **   ~~~   ** ..Variable name=HEATING:COAL not valid for this simulation.
   ** Warning ** Processing Monthly Tabular Reports: EndUseEnergyConsumptionCoalMonthly
   **   ~~~   ** ..Variable name=WATERSYSTEMS:COAL not valid for this simulation.
   ** Warning ** Processing Monthly Tabular Reports: EndUseEnergyConsumptionPropaneMonthly
   **   ~~~   ** ..Variable name=EXTERIOREQUIPMENT:PROPANE not valid for this simulation.
   ** Warning ** Processing Monthly Tabular Reports: EndUseEnergyConsumptionPropaneMonthly
   **   ~~~   ** ..Variable name=COOLING:PROPANE not valid for this simulation.
   ** Warning ** Processing Monthly Tabular Reports: EndUseEnergyConsumptionPropaneMonthly
   **   ~~~   ** ..Variable name=HEATING:PROPANE not valid for this simulation.
   ** Warning ** Processing Monthly Tabular Reports: EndUseEnergyConsumptionPropaneMonthly
   **   ~~~   ** ..Variable name=WATERSYSTEMS:PROPANE not valid for this simulation.
   ** Warning ** Processing Monthly Tabular Reports: EndUseEnergyConsumptionPropaneMonthly
   **   ~~~   ** ..Variable name=COGENERATION:PROPANE not valid for this simulation.
   ** Warning ** Processing Monthly Tabular Reports: EndUseEnergyConsumptionPropaneMonthly
   **   ~~~   ** ..Variable name=HUMIDIFIER:PROPANE not valid for this simulation.
   ** Warning ** Processing Monthly Tabular Reports: EndUseEnergyConsumptionGasolineMonthly
   **   ~~~   ** ..Variable name=EXTERIOREQUIPMENT:GASOLINE not valid for this simulation.
   ** Warning ** Processing Monthly Tabular Reports: EndUseEnergyConsumptionGasolineMonthly
   **   ~~~   ** ..Variable name=COOLING:GASOLINE not valid for this simulation.
   ** Warning ** Processing Monthly Tabular Reports: EndUseEnergyConsumptionGasolineMonthly
   **   ~~~   ** ..Variable name=HEATING:GASOLINE not valid for this simulation.
   ** Warning ** Processing Monthly Tabular Reports: EndUseEnergyConsumptionGasolineMonthly
   **   ~~~   ** ..Variable name=WATERSYSTEMS:GASOLINE not valid for this simulation.
   ** Warning ** Processing Monthly Tabular Reports: EndUseEnergyConsumptionGasolineMonthly
   **   ~~~   ** ..Variable name=COGENERATION:GASOLINE not valid for this simulation.
   ** Warning ** Processing Monthly Tabular Reports: EndUseEnergyConsumptionOtherFuelsMonthly
   **   ~~~   ** ..Variable name=EXTERIOREQUIPMENT:OTHERFUEL1 not valid for this simulation.
   ** Warning ** Processing Monthly Tabular Reports: EndUseEnergyConsumptionOtherFuelsMonthly
   **   ~~~   ** ..Variable name=COOLING:OTHERFUEL1 not valid for this simulation.
   ** Warning ** Processing Monthly Tabular Reports: EndUseEnergyConsumptionOtherFuelsMonthly
   **   ~~~   ** ..Variable name=HEATING:OTHERFUEL1 not valid for this simulation.
   ** Warning ** Processing Monthly Tabular Reports: EndUseEnergyConsumptionOtherFuelsMonthly
   **   ~~~   ** ..Variable name=WATERSYSTEMS:OTHERFUEL1 not valid for this simulation.
   ** Warning ** Processing Monthly Tabular Reports: EndUseEnergyConsumptionOtherFuelsMonthly
   **   ~~~   ** ..Variable name=COGENERATION:OTHERFUEL1 not valid for this simulation.
   ** Warning ** Processing Monthly Tabular Reports: EndUseEnergyConsumptionOtherFuelsMonthly
   **   ~~~   ** ..Variable name=EXTERIOREQUIPMENT:OTHERFUEL2 not valid for this simulation.
   ** Warning ** Processing Monthly Tabular Reports: EndUseEnergyConsumptionOtherFuelsMonthly
   **   ~~~   ** ..Variable name=COOLING:OTHERFUEL2 not valid for this simulation.
   ** Warning ** Processing Monthly Tabular Reports: EndUseEnergyConsumptionOtherFuelsMonthly
   **   ~~~   ** ..Variable name=HEATING:OTHERFUEL2 not valid for this simulation.
   ** Warning ** Processing Monthly Tabular Reports: EndUseEnergyConsumptionOtherFuelsMonthly
   **   ~~~   ** ..Variable name=WATERSYSTEMS:OTHERFUEL2 not valid for this simulation.
   ** Warning ** Processing Monthly Tabular Reports: EndUseEnergyConsumptionOtherFuelsMonthly
   **   ~~~   ** ..Variable name=COGENERATION:OTHERFUEL2 not valid for this simulation.
   ** Warning ** Processing Monthly Tabular Reports: PeakEnergyEndUseElectricityPart2Monthly
   **   ~~~   ** ..Variable name=WATERSYSTEMS:ELECTRICITY not valid for this simulation.
   ** Warning ** Processing Monthly Tabular Reports: PeakEnergyEndUseElectricityPart2Monthly
   **   ~~~   ** ..Variable name=WATERSYSTEMS:ELECTRICITY not valid for this simulation.
   **   ~~~   ** ..i.e., Variable name=Meter:WATERSYSTEMS:ELECTRICITY not valid for this simulation.
   ** Warning ** Processing Monthly Tabular Reports: PeakEnergyEndUseNaturalGasMonthly
   **   ~~~   ** ..Variable name=INTERIOREQUIPMENT:NATURALGAS not valid for this simulation.
   ** Warning ** Processing Monthly Tabular Reports: PeakEnergyEndUseNaturalGasMonthly
   **   ~~~   ** ..Variable name=EXTERIOREQUIPMENT:NATURALGAS not valid for this simulation.
   ** Warning ** Processing Monthly Tabular Reports: PeakEnergyEndUseNaturalGasMonthly
   **   ~~~   ** ..Variable name=COOLING:NATURALGAS not valid for this simulation.
   ** Warning ** Processing Monthly Tabular Reports: PeakEnergyEndUseNaturalGasMonthly
   **   ~~~   ** ..Variable name=COGENERATION:NATURALGAS not valid for this simulation.
   ** Warning ** Processing Monthly Tabular Reports: PeakEnergyEndUseNaturalGasMonthly
   **   ~~~   ** ..Variable name=INTERIOREQUIPMENT:NATURALGAS not valid for this simulation.
   **   ~~~   ** ..i.e., Variable name=Meter:INTERIOREQUIPMENT:NATURALGAS not valid for this simulation.
   ** Warning ** Processing Monthly Tabular Reports: PeakEnergyEndUseNaturalGasMonthly
   **   ~~~   ** ..Variable name=EXTERIOREQUIPMENT:NATURALGAS not valid for this simulation.
   **   ~~~   ** ..i.e., Variable name=Meter:EXTERIOREQUIPMENT:NATURALGAS not valid for this simulation.
   ** Warning ** Processing Monthly Tabular Reports: PeakEnergyEndUseNaturalGasMonthly
   **   ~~~   ** ..Variable name=COOLING:NATURALGAS not valid for this simulation.
   **   ~~~   ** ..i.e., Variable name=Meter:COOLING:NATURALGAS not valid for this simulation.
   ** Warning ** Processing Monthly Tabular Reports: PeakEnergyEndUseNaturalGasMonthly
   **   ~~~   ** ..Variable name=COGENERATION:NATURALGAS not valid for this simulation.
   **   ~~~   ** ..i.e., Variable name=Meter:COGENERATION:NATURALGAS not valid for this simulation.
   ** Warning ** Processing Monthly Tabular Reports: PeakEnergyEndUseDieselMonthly
   **   ~~~   ** ..Variable name=EXTERIOREQUIPMENT:DIESEL not valid for this simulation.
   ** Warning ** Processing Monthly Tabular Reports: PeakEnergyEndUseDieselMonthly
   **   ~~~   ** ..Variable name=COOLING:DIESEL not valid for this simulation.
   ** Warning ** Processing Monthly Tabular Reports: PeakEnergyEndUseDieselMonthly
   **   ~~~   ** ..Variable name=HEATING:DIESEL not valid for this simulation.
   ** Warning ** Processing Monthly Tabular Reports: PeakEnergyEndUseDieselMonthly
   **   ~~~   ** ..Variable name=WATERSYSTEMS:DIESEL not valid for this simulation.
   ** Warning ** Processing Monthly Tabular Reports: PeakEnergyEndUseDieselMonthly
   **   ~~~   ** ..Variable name=COGENERATION:DIESEL not valid for this simulation.
   ** Warning ** Processing Monthly Tabular Reports: PeakEnergyEndUseFuelOilMonthly
   **   ~~~   ** ..Variable name=EXTERIOREQUIPMENT:FUELOILNO1 not valid for this simulation.
   ** Warning ** Processing Monthly Tabular Reports: PeakEnergyEndUseFuelOilMonthly
   **   ~~~   ** ..Variable name=COOLING:FUELOILNO1 not valid for this simulation.
   ** Warning ** Processing Monthly Tabular Reports: PeakEnergyEndUseFuelOilMonthly
   **   ~~~   ** ..Variable name=HEATING:FUELOILNO1 not valid for this simulation.
   ** Warning ** Processing Monthly Tabular Reports: PeakEnergyEndUseFuelOilMonthly
   **   ~~~   ** ..Variable name=WATERSYSTEMS:FUELOILNO1 not valid for this simulation.
   ** Warning ** Processing Monthly Tabular Reports: PeakEnergyEndUseFuelOilMonthly
   **   ~~~   ** ..Variable name=COGENERATION:FUELOILNO1 not valid for this simulation.
   ** Warning ** Processing Monthly Tabular Reports: PeakEnergyEndUseFuelOilMonthly
   **   ~~~   ** ..Variable name=EXTERIOREQUIPMENT:FUELOILNO2 not valid for this simulation.
   ** Warning ** Processing Monthly Tabular Reports: PeakEnergyEndUseFuelOilMonthly
   **   ~~~   ** ..Variable name=COOLING:FUELOILNO2 not valid for this simulation.
   ** Warning ** Processing Monthly Tabular Reports: PeakEnergyEndUseFuelOilMonthly
   **   ~~~   ** ..Variable name=HEATING:FUELOILNO2 not valid for this simulation.
   ** Warning ** Processing Monthly Tabular Reports: PeakEnergyEndUseFuelOilMonthly
   **   ~~~   ** ..Variable name=WATERSYSTEMS:FUELOILNO2 not valid for this simulation.
   ** Warning ** Processing Monthly Tabular Reports: PeakEnergyEndUseFuelOilMonthly
   **   ~~~   ** ..Variable name=COGENERATION:FUELOILNO2 not valid for this simulation.
   ** Warning ** Processing Monthly Tabular Reports: PeakEnergyEndUseCoalMonthly
   **   ~~~   ** ..Variable name=EXTERIOREQUIPMENT:COAL not valid for this simulation.
   ** Warning ** Processing Monthly Tabular Reports: PeakEnergyEndUseCoalMonthly
   **   ~~~   ** ..Variable name=HEATING:COAL not valid for this simulation.
   ** Warning ** Processing Monthly Tabular Reports: PeakEnergyEndUseCoalMonthly
   **   ~~~   ** ..Variable name=WATERSYSTEMS:COAL not valid for this simulation.
   ** Warning ** Processing Monthly Tabular Reports: PeakEnergyEndUsePropaneMonthly
   **   ~~~   ** ..Variable name=EXTERIOREQUIPMENT:PROPANE not valid for this simulation.
   ** Warning ** Processing Monthly Tabular Reports: PeakEnergyEndUsePropaneMonthly
   **   ~~~   ** ..Variable name=COOLING:PROPANE not valid for this simulation.
   ** Warning ** Processing Monthly Tabular Reports: PeakEnergyEndUsePropaneMonthly
   **   ~~~   ** ..Variable name=HEATING:PROPANE not valid for this simulation.
   ** Warning ** Processing Monthly Tabular Reports: PeakEnergyEndUsePropaneMonthly
   **   ~~~   ** ..Variable name=WATERSYSTEMS:PROPANE not valid for this simulation.
   ** Warning ** Processing Monthly Tabular Reports: PeakEnergyEndUsePropaneMonthly
   **   ~~~   ** ..Variable name=COGENERATION:PROPANE not valid for this simulation.
   ** Warning ** Processing Monthly Tabular Reports: PeakEnergyEndUseGasolineMonthly
   **   ~~~   ** ..Variable name=EXTERIOREQUIPMENT:GASOLINE not valid for this simulation.
   ** Warning ** Processing Monthly Tabular Reports: PeakEnergyEndUseGasolineMonthly
   **   ~~~   ** ..Variable name=COOLING:GASOLINE not valid for this simulation.
   ** Warning ** Processing Monthly Tabular Reports: PeakEnergyEndUseGasolineMonthly
   **   ~~~   ** ..Variable name=HEATING:GASOLINE not valid for this simulation.
   ** Warning ** Processing Monthly Tabular Reports: PeakEnergyEndUseGasolineMonthly
   **   ~~~   ** ..Variable name=WATERSYSTEMS:GASOLINE not valid for this simulation.
   ** Warning ** Processing Monthly Tabular Reports: PeakEnergyEndUseGasolineMonthly
   **   ~~~   ** ..Variable name=COGENERATION:GASOLINE not valid for this simulation.
   ** Warning ** Processing Monthly Tabular Reports: PeakEnergyEndUseOtherFuelsMonthly
   **   ~~~   ** ..Variable name=EXTERIOREQUIPMENT:OTHERFUEL1 not valid for this simulation.
   ** Warning ** Processing Monthly Tabular Reports: PeakEnergyEndUseOtherFuelsMonthly
   **   ~~~   ** ..Variable name=COOLING:OTHERFUEL1 not valid for this simulation.
   ** Warning ** Processing Monthly Tabular Reports: PeakEnergyEndUseOtherFuelsMonthly
   **   ~~~   ** ..Variable name=HEATING:OTHERFUEL1 not valid for this simulation.
   ** Warning ** Processing Monthly Tabular Reports: PeakEnergyEndUseOtherFuelsMonthly
   **   ~~~   ** ..Variable name=WATERSYSTEMS:OTHERFUEL1 not valid for this simulation.
   ** Warning ** Processing Monthly Tabular Reports: PeakEnergyEndUseOtherFuelsMonthly
   **   ~~~   ** ..Variable name=COGENERATION:OTHERFUEL1 not valid for this simulation.
   ** Warning ** Processing Monthly Tabular Reports: PeakEnergyEndUseOtherFuelsMonthly
   **   ~~~   ** ..Variable name=EXTERIOREQUIPMENT:OTHERFUEL2 not valid for this simulation.
   ** Warning ** Processing Monthly Tabular Reports: PeakEnergyEndUseOtherFuelsMonthly
   **   ~~~   ** ..Variable name=COOLING:OTHERFUEL2 not valid for this simulation.
   ** Warning ** Processing Monthly Tabular Reports: PeakEnergyEndUseOtherFuelsMonthly
   **   ~~~   ** ..Variable name=HEATING:OTHERFUEL2 not valid for this simulation.
   ** Warning ** Processing Monthly Tabular Reports: PeakEnergyEndUseOtherFuelsMonthly
   **   ~~~   ** ..Variable name=WATERSYSTEMS:OTHERFUEL2 not valid for this simulation.
   ** Warning ** Processing Monthly Tabular Reports: PeakEnergyEndUseOtherFuelsMonthly
   **   ~~~   ** ..Variable name=COGENERATION:OTHERFUEL2 not valid for this simulation.
   ** Warning ** Processing Monthly Tabular Reports: UnglazedTranspiredSolarCollectorSummaryMonthly
   **   ~~~   ** ..Variable name=SOLAR COLLECTOR SYSTEM EFFICIENCY not valid for this simulation.
   ** Warning ** Processing Monthly Tabular Reports: UnglazedTranspiredSolarCollectorSummaryMonthly
   **   ~~~   ** ..Variable name=SOLAR COLLECTOR SYSTEM EFFICIENCY not valid for this simulation.
   ** Warning ** Processing Monthly Tabular Reports: UnglazedTranspiredSolarCollectorSummaryMonthly
   **   ~~~   ** ..Variable name=SOLAR COLLECTOR OUTSIDE FACE SUCTION VELOCITY not valid for this simulation.
   ** Warning ** Processing Monthly Tabular Reports: UnglazedTranspiredSolarCollectorSummaryMonthly
   **   ~~~   ** ..Variable name=SOLAR COLLECTOR SENSIBLE HEATING RATE not valid for this simulation.
   ** Warning ** Processing Monthly Tabular Reports: ChillerReportMonthly
   **   ~~~   ** ..Variable name=CHILLER EVAPORATOR COOLING RATE not valid for this simulation.
   ** Warning ** Processing Monthly Tabular Reports: ChillerReportMonthly
   **   ~~~   ** ..Variable name=CHILLER PART LOAD RATIO not valid for this simulation.
   ** Warning ** Processing Monthly Tabular Reports: ChillerReportMonthly
   **   ~~~   ** ..Variable name=CHILLER PART LOAD RATIO not valid for this simulation.
   ** Warning ** Processing Monthly Tabular Reports: ChillerReportMonthly
   **   ~~~   ** ..Variable name=CHILLER EVAPORATOR COOLING RATE not valid for this simulation.
   **   ~~~   ** ..i.e., Variable name=COOLSYS1 CHILLER1:CHILLER EVAPORATOR COOLING RATE not valid for this simulation.
   ** Warning ** Processing Monthly Tabular Reports: ChillerReportMonthly
   **   ~~~   ** ..Variable name=CHILLER PART LOAD RATIO not valid for this simulation.
   **   ~~~   ** ..i.e., Variable name=COOLSYS1 CHILLER1:CHILLER PART LOAD RATIO not valid for this simulation.
   ** Warning ** Processing Monthly Tabular Reports: ChillerReportMonthly
   **   ~~~   ** ..Variable name=CHILLER PART LOAD RATIO not valid for this simulation.
   **   ~~~   ** ..i.e., Variable name=COOLSYS1 CHILLER1:CHILLER PART LOAD RATIO not valid for this simulation.
   ** Warning ** Processing Monthly Tabular Reports: ChillerReportMonthly
   **   ~~~   ** ..Variable name=CHILLER EVAPORATOR COOLING RATE not valid for this simulation.
   **   ~~~   ** ..i.e., Variable name=COOLSYS1 CHILLER2:CHILLER EVAPORATOR COOLING RATE not valid for this simulation.
   ** Warning ** Processing Monthly Tabular Reports: ChillerReportMonthly
   **   ~~~   ** ..Variable name=CHILLER PART LOAD RATIO not valid for this simulation.
   **   ~~~   ** ..i.e., Variable name=COOLSYS1 CHILLER2:CHILLER PART LOAD RATIO not valid for this simulation.
   ** Warning ** Processing Monthly Tabular Reports: ChillerReportMonthly
   **   ~~~   ** ..Variable name=CHILLER PART LOAD RATIO not valid for this simulation.
   **   ~~~   ** ..i.e., Variable name=COOLSYS1 CHILLER2:CHILLER PART LOAD RATIO not valid for this simulation.
   ** Warning ** Processing Monthly Tabular Reports: BoilerReportMonthly
   **   ~~~   ** ..Variable name=BOILER GAS CONSUMPTION not valid for this simulation.
   ** Warning ** Processing Monthly Tabular Reports: BoilerReportMonthly
   **   ~~~   ** ..Variable name=BOILER GAS CONSUMPTION RATE not valid for this simulation.
   ** Warning ** Processing Monthly Tabular Reports: BoilerReportMonthly
   **   ~~~   ** ..Variable name=BOILER GAS CONSUMPTION not valid for this simulation.
   **   ~~~   ** ..i.e., Variable name=HEATSYS1 BOILER:BOILER GAS CONSUMPTION not valid for this simulation.
   ** Warning ** Processing Monthly Tabular Reports: BoilerReportMonthly
   **   ~~~   ** ..Variable name=BOILER GAS CONSUMPTION RATE not valid for this simulation.
   **   ~~~   ** ..i.e., Variable name=HEATSYS1 BOILER:BOILER GAS CONSUMPTION RATE not valid for this simulation.
   ** Warning ** Processing Monthly Tabular Reports: BoilerReportMonthly
   **   ~~~   ** ..Variable name=BOILER GAS CONSUMPTION not valid for this simulation.
   **   ~~~   ** ..i.e., Variable name=CENTRAL BOILER:BOILER GAS CONSUMPTION not valid for this simulation.
   ** Warning ** Processing Monthly Tabular Reports: BoilerReportMonthly
   **   ~~~   ** ..Variable name=BOILER GAS CONSUMPTION RATE not valid for this simulation.
   **   ~~~   ** ..i.e., Variable name=CENTRAL BOILER:BOILER GAS CONSUMPTION RATE not valid for this simulation.
   ** Warning ** Processing Monthly Tabular Reports: BoilerReportMonthly
   **   ~~~   ** ..Variable name=BOILER PART LOAD RATIO not valid for this simulation.
   **   ~~~   ** ..i.e., Variable name=CENTRAL BOILER:BOILER PART LOAD RATIO not valid for this simulation.
   ** Warning ** Processing Monthly Tabular Reports: BoilerReportMonthly
   **   ~~~   ** ..Variable name=BOILER PART LOAD RATIO not valid for this simulation.
   **   ~~~   ** ..i.e., Variable name=CENTRAL BOILER:BOILER PART LOAD RATIO not valid for this simulation.
   ** Warning ** Processing Monthly Tabular Reports: DXReportMonthly
   **   ~~~   ** ..Variable name=COOLING COIL CRANKCASE HEATER ELECTRICITY ENERGY not valid for this simulation.
   ** Warning ** Processing Monthly Tabular Reports: DXReportMonthly
   **   ~~~   ** ..Variable name=COOLING COIL CRANKCASE HEATER ELECTRICITY RATE not valid for this simulation.
   ** Warning ** Processing Monthly Tabular Reports: DXReportMonthly
   **   ~~~   ** ..Variable name=COOLING COIL ELECTRICITY ENERGY not valid for this simulation.
   **   ~~~   ** ..i.e., Variable name=VAV_BOT WITH REHEAT COOLING COIL:COOLING COIL ELECTRICITY ENERGY not valid for this simulation.
   ** Warning ** Processing Monthly Tabular Reports: DXReportMonthly
   **   ~~~   ** ..Variable name=COOLING COIL LATENT COOLING ENERGY not valid for this simulation.
   **   ~~~   ** ..i.e., Variable name=VAV_BOT WITH REHEAT COOLING COIL:COOLING COIL LATENT COOLING ENERGY not valid for this simulation.
   ** Warning ** Processing Monthly Tabular Reports: DXReportMonthly
   **   ~~~   ** ..Variable name=COOLING COIL CRANKCASE HEATER ELECTRICITY ENERGY not valid for this simulation.
   **   ~~~   ** ..i.e., Variable name=VAV_BOT WITH REHEAT COOLING COIL:COOLING COIL CRANKCASE HEATER ELECTRICITY ENERGY not valid for this simulation.
   ** Warning ** Processing Monthly Tabular Reports: DXReportMonthly
   **   ~~~   ** ..Variable name=COOLING COIL RUNTIME FRACTION not valid for this simulation.
   **   ~~~   ** ..i.e., Variable name=VAV_BOT WITH REHEAT COOLING COIL:COOLING COIL RUNTIME FRACTION not valid for this simulation.
   ** Warning ** Processing Monthly Tabular Reports: DXReportMonthly
   **   ~~~   ** ..Variable name=COOLING COIL RUNTIME FRACTION not valid for this simulation.
   **   ~~~   ** ..i.e., Variable name=VAV_BOT WITH REHEAT COOLING COIL:COOLING COIL RUNTIME FRACTION not valid for this simulation.
   ** Warning ** Processing Monthly Tabular Reports: DXReportMonthly
   **   ~~~   ** ..Variable name=COOLING COIL LATENT COOLING RATE not valid for this simulation.
   **   ~~~   ** ..i.e., Variable name=VAV_BOT WITH REHEAT COOLING COIL:COOLING COIL LATENT COOLING RATE not valid for this simulation.
   ** Warning ** Processing Monthly Tabular Reports: DXReportMonthly
   **   ~~~   ** ..Variable name=COOLING COIL ELECTRICITY RATE not valid for this simulation.
   **   ~~~   ** ..i.e., Variable name=VAV_BOT WITH REHEAT COOLING COIL:COOLING COIL ELECTRICITY RATE not valid for this simulation.
   ** Warning ** Processing Monthly Tabular Reports: DXReportMonthly
   **   ~~~   ** ..Variable name=COOLING COIL CRANKCASE HEATER ELECTRICITY RATE not valid for this simulation.
   **   ~~~   ** ..i.e., Variable name=VAV_BOT WITH REHEAT COOLING COIL:COOLING COIL CRANKCASE HEATER ELECTRICITY RATE not valid for this simulation.
   ** Warning ** Processing Monthly Tabular Reports: DXReportMonthly
   **   ~~~   ** ..Variable name=COOLING COIL ELECTRICITY ENERGY not valid for this simulation.
   **   ~~~   ** ..i.e., Variable name=VAV_MID WITH REHEAT COOLING COIL:COOLING COIL ELECTRICITY ENERGY not valid for this simulation.
   ** Warning ** Processing Monthly Tabular Reports: DXReportMonthly
   **   ~~~   ** ..Variable name=COOLING COIL LATENT COOLING ENERGY not valid for this simulation.
   **   ~~~   ** ..i.e., Variable name=VAV_MID WITH REHEAT COOLING COIL:COOLING COIL LATENT COOLING ENERGY not valid for this simulation.
   ** Warning ** Processing Monthly Tabular Reports: DXReportMonthly
   **   ~~~   ** ..Variable name=COOLING COIL CRANKCASE HEATER ELECTRICITY ENERGY not valid for this simulation.
   **   ~~~   ** ..i.e., Variable name=VAV_MID WITH REHEAT COOLING COIL:COOLING COIL CRANKCASE HEATER ELECTRICITY ENERGY not valid for this simulation.
   ** Warning ** Processing Monthly Tabular Reports: DXReportMonthly
   **   ~~~   ** ..Variable name=COOLING COIL RUNTIME FRACTION not valid for this simulation.
   **   ~~~   ** ..i.e., Variable name=VAV_MID WITH REHEAT COOLING COIL:COOLING COIL RUNTIME FRACTION not valid for this simulation.
   ** Warning ** Processing Monthly Tabular Reports: DXReportMonthly
   **   ~~~   ** ..Variable name=COOLING COIL RUNTIME FRACTION not valid for this simulation.
   **   ~~~   ** ..i.e., Variable name=VAV_MID WITH REHEAT COOLING COIL:COOLING COIL RUNTIME FRACTION not valid for this simulation.
   ** Warning ** Processing Monthly Tabular Reports: DXReportMonthly
   **   ~~~   ** ..Variable name=COOLING COIL LATENT COOLING RATE not valid for this simulation.
   **   ~~~   ** ..i.e., Variable name=VAV_MID WITH REHEAT COOLING COIL:COOLING COIL LATENT COOLING RATE not valid for this simulation.
   ** Warning ** Processing Monthly Tabular Reports: DXReportMonthly
   **   ~~~   ** ..Variable name=COOLING COIL ELECTRICITY RATE not valid for this simulation.
   **   ~~~   ** ..i.e., Variable name=VAV_MID WITH REHEAT COOLING COIL:COOLING COIL ELECTRICITY RATE not valid for this simulation.
   ** Warning ** Processing Monthly Tabular Reports: DXReportMonthly
   **   ~~~   ** ..Variable name=COOLING COIL CRANKCASE HEATER ELECTRICITY RATE not valid for this simulation.
   **   ~~~   ** ..i.e., Variable name=VAV_MID WITH REHEAT COOLING COIL:COOLING COIL CRANKCASE HEATER ELECTRICITY RATE not valid for this simulation.
   ** Warning ** Processing Monthly Tabular Reports: DXReportMonthly
   **   ~~~   ** ..Variable name=COOLING COIL ELECTRICITY ENERGY not valid for this simulation.
   **   ~~~   ** ..i.e., Variable name=VAV_TOP WITH REHEAT COOLING COIL:COOLING COIL ELECTRICITY ENERGY not valid for this simulation.
   ** Warning ** Processing Monthly Tabular Reports: DXReportMonthly
   **   ~~~   ** ..Variable name=COOLING COIL LATENT COOLING ENERGY not valid for this simulation.
   **   ~~~   ** ..i.e., Variable name=VAV_TOP WITH REHEAT COOLING COIL:COOLING COIL LATENT COOLING ENERGY not valid for this simulation.
   ** Warning ** Processing Monthly Tabular Reports: DXReportMonthly
   **   ~~~   ** ..Variable name=COOLING COIL CRANKCASE HEATER ELECTRICITY ENERGY not valid for this simulation.
   **   ~~~   ** ..i.e., Variable name=VAV_TOP WITH REHEAT COOLING COIL:COOLING COIL CRANKCASE HEATER ELECTRICITY ENERGY not valid for this simulation.
   ** Warning ** Processing Monthly Tabular Reports: DXReportMonthly
   **   ~~~   ** ..Variable name=COOLING COIL RUNTIME FRACTION not valid for this simulation.
   **   ~~~   ** ..i.e., Variable name=VAV_TOP WITH REHEAT COOLING COIL:COOLING COIL RUNTIME FRACTION not valid for this simulation.
   ** Warning ** Processing Monthly Tabular Reports: DXReportMonthly
   **   ~~~   ** ..Variable name=COOLING COIL RUNTIME FRACTION not valid for this simulation.
   **   ~~~   ** ..i.e., Variable name=VAV_TOP WITH REHEAT COOLING COIL:COOLING COIL RUNTIME FRACTION not valid for this simulation.
   ** Warning ** Processing Monthly Tabular Reports: DXReportMonthly
   **   ~~~   ** ..Variable name=COOLING COIL LATENT COOLING RATE not valid for this simulation.
   **   ~~~   ** ..i.e., Variable name=VAV_TOP WITH REHEAT COOLING COIL:COOLING COIL LATENT COOLING RATE not valid for this simulation.
   ** Warning ** Processing Monthly Tabular Reports: DXReportMonthly
   **   ~~~   ** ..Variable name=COOLING COIL ELECTRICITY RATE not valid for this simulation.
   **   ~~~   ** ..i.e., Variable name=VAV_TOP WITH REHEAT COOLING COIL:COOLING COIL ELECTRICITY RATE not valid for this simulation.
   ** Warning ** Processing Monthly Tabular Reports: DXReportMonthly
   **   ~~~   ** ..Variable name=COOLING COIL CRANKCASE HEATER ELECTRICITY RATE not valid for this simulation.
   **   ~~~   ** ..i.e., Variable name=VAV_TOP WITH REHEAT COOLING COIL:COOLING COIL CRANKCASE HEATER ELECTRICITY RATE not valid for this simulation.
   ** Warning ** Processing Monthly Tabular Reports: DXReportMonthly
   **   ~~~   ** ..Variable name=COOLING COIL ELECTRICITY ENERGY not valid for this simulation.
   **   ~~~   ** ..i.e., Variable name=CAV_BAS COOLING COIL:COOLING COIL ELECTRICITY ENERGY not valid for this simulation.
   ** Warning ** Processing Monthly Tabular Reports: DXReportMonthly
   **   ~~~   ** ..Variable name=COOLING COIL LATENT COOLING ENERGY not valid for this simulation.
   **   ~~~   ** ..i.e., Variable name=CAV_BAS COOLING COIL:COOLING COIL LATENT COOLING ENERGY not valid for this simulation.
   ** Warning ** Processing Monthly Tabular Reports: DXReportMonthly
   **   ~~~   ** ..Variable name=COOLING COIL CRANKCASE HEATER ELECTRICITY ENERGY not valid for this simulation.
   **   ~~~   ** ..i.e., Variable name=CAV_BAS COOLING COIL:COOLING COIL CRANKCASE HEATER ELECTRICITY ENERGY not valid for this simulation.
   ** Warning ** Processing Monthly Tabular Reports: DXReportMonthly
   **   ~~~   ** ..Variable name=COOLING COIL RUNTIME FRACTION not valid for this simulation.
   **   ~~~   ** ..i.e., Variable name=CAV_BAS COOLING COIL:COOLING COIL RUNTIME FRACTION not valid for this simulation.
   ** Warning ** Processing Monthly Tabular Reports: DXReportMonthly
   **   ~~~   ** ..Variable name=COOLING COIL RUNTIME FRACTION not valid for this simulation.
   **   ~~~   ** ..i.e., Variable name=CAV_BAS COOLING COIL:COOLING COIL RUNTIME FRACTION not valid for this simulation.
   ** Warning ** Processing Monthly Tabular Reports: DXReportMonthly
   **   ~~~   ** ..Variable name=COOLING COIL LATENT COOLING RATE not valid for this simulation.
   **   ~~~   ** ..i.e., Variable name=CAV_BAS COOLING COIL:COOLING COIL LATENT COOLING RATE not valid for this simulation.
   ** Warning ** Processing Monthly Tabular Reports: DXReportMonthly
   **   ~~~   ** ..Variable name=COOLING COIL ELECTRICITY RATE not valid for this simulation.
   **   ~~~   ** ..i.e., Variable name=CAV_BAS COOLING COIL:COOLING COIL ELECTRICITY RATE not valid for this simulation.
   ** Warning ** Processing Monthly Tabular Reports: DXReportMonthly
   **   ~~~   ** ..Variable name=COOLING COIL CRANKCASE HEATER ELECTRICITY RATE not valid for this simulation.
   **   ~~~   ** ..i.e., Variable name=CAV_BAS COOLING COIL:COOLING COIL CRANKCASE HEATER ELECTRICITY RATE not valid for this simulation.
   ** Warning ** Processing Monthly Tabular Reports: DXReportMonthly
   **   ~~~   ** ..Variable name=COOLING COIL CRANKCASE HEATER ELECTRICITY ENERGY not valid for this simulation.
   **   ~~~   ** ..i.e., Variable name=AIRLOOP DATACENTER BASEMENT COOLING COIL:COOLING COIL CRANKCASE HEATER ELECTRICITY ENERGY not valid for this simulation.
   ** Warning ** Processing Monthly Tabular Reports: DXReportMonthly
   **   ~~~   ** ..Variable name=COOLING COIL CRANKCASE HEATER ELECTRICITY RATE not valid for this simulation.
   **   ~~~   ** ..i.e., Variable name=AIRLOOP DATACENTER BASEMENT COOLING COIL:COOLING COIL CRANKCASE HEATER ELECTRICITY RATE not valid for this simulation.
   ** Warning ** Processing Monthly Tabular Reports: DXReportMonthly
   **   ~~~   ** ..Variable name=COOLING COIL CRANKCASE HEATER ELECTRICITY ENERGY not valid for this simulation.
   **   ~~~   ** ..i.e., Variable name=AIRLOOP DATACENTER BOT COOLING COIL:COOLING COIL CRANKCASE HEATER ELECTRICITY ENERGY not valid for this simulation.
   ** Warning ** Processing Monthly Tabular Reports: DXReportMonthly
   **   ~~~   ** ..Variable name=COOLING COIL CRANKCASE HEATER ELECTRICITY RATE not valid for this simulation.
   **   ~~~   ** ..i.e., Variable name=AIRLOOP DATACENTER BOT COOLING COIL:COOLING COIL CRANKCASE HEATER ELECTRICITY RATE not valid for this simulation.
   ** Warning ** Processing Monthly Tabular Reports: DXReportMonthly
   **   ~~~   ** ..Variable name=COOLING COIL CRANKCASE HEATER ELECTRICITY ENERGY not valid for this simulation.
   **   ~~~   ** ..i.e., Variable name=AIRLOOP DATACENTER MID COOLING COIL:COOLING COIL CRANKCASE HEATER ELECTRICITY ENERGY not valid for this simulation.
   ** Warning ** Processing Monthly Tabular Reports: DXReportMonthly
   **   ~~~   ** ..Variable name=COOLING COIL CRANKCASE HEATER ELECTRICITY RATE not valid for this simulation.
   **   ~~~   ** ..i.e., Variable name=AIRLOOP DATACENTER MID COOLING COIL:COOLING COIL CRANKCASE HEATER ELECTRICITY RATE not valid for this simulation.
   ** Warning ** Processing Monthly Tabular Reports: DXReportMonthly
   **   ~~~   ** ..Variable name=COOLING COIL CRANKCASE HEATER ELECTRICITY ENERGY not valid for this simulation.
   **   ~~~   ** ..i.e., Variable name=AIRLOOP DATACENTER TOP COOLING COIL:COOLING COIL CRANKCASE HEATER ELECTRICITY ENERGY not valid for this simulation.
   ** Warning ** Processing Monthly Tabular Reports: DXReportMonthly
   **   ~~~   ** ..Variable name=COOLING COIL CRANKCASE HEATER ELECTRICITY RATE not valid for this simulation.
   **   ~~~   ** ..i.e., Variable name=AIRLOOP DATACENTER TOP COOLING COIL:COOLING COIL CRANKCASE HEATER ELECTRICITY RATE not valid for this simulation.
   ** Warning ** Processing Monthly Tabular Reports: WindowACReportMonthly
   **   ~~~   ** ..Variable name=ZONE WINDOW AIR CONDITIONER TOTAL COOLING ENERGY not valid for this simulation.
   ** Warning ** Processing Monthly Tabular Reports: WindowACReportMonthly
   **   ~~~   ** ..Variable name=ZONE WINDOW AIR CONDITIONER ELECTRICITY ENERGY not valid for this simulation.
   ** Warning ** Processing Monthly Tabular Reports: WindowACReportMonthly
   **   ~~~   ** ..Variable name=ZONE WINDOW AIR CONDITIONER TOTAL COOLING ENERGY not valid for this simulation.
   ** Warning ** Processing Monthly Tabular Reports: WindowACReportMonthly
   **   ~~~   ** ..Variable name=ZONE WINDOW AIR CONDITIONER SENSIBLE COOLING ENERGY not valid for this simulation.
   ** Warning ** Processing Monthly Tabular Reports: WindowACReportMonthly
   **   ~~~   ** ..Variable name=ZONE WINDOW AIR CONDITIONER LATENT COOLING ENERGY not valid for this simulation.
   ** Warning ** Processing Monthly Tabular Reports: WindowACReportMonthly
   **   ~~~   ** ..Variable name=ZONE WINDOW AIR CONDITIONER TOTAL COOLING RATE not valid for this simulation.
   ** Warning ** Processing Monthly Tabular Reports: WindowACReportMonthly
   **   ~~~   ** ..Variable name=ZONE WINDOW AIR CONDITIONER SENSIBLE COOLING RATE not valid for this simulation.
   ** Warning ** Processing Monthly Tabular Reports: WindowACReportMonthly
   **   ~~~   ** ..Variable name=ZONE WINDOW AIR CONDITIONER LATENT COOLING RATE not valid for this simulation.
   ** Warning ** Processing Monthly Tabular Reports: WindowACReportMonthly
   **   ~~~   ** ..Variable name=ZONE WINDOW AIR CONDITIONER ELECTRICITY RATE not valid for this simulation.
   ** Warning ** Processing Monthly Tabular Reports: WaterHeaterReportMonthly
   **   ~~~   ** ..Variable name=WATER HEATER BURNER HEATING ENERGY not valid for this simulation.
   ** Warning ** Processing Monthly Tabular Reports: WaterHeaterReportMonthly
   **   ~~~   ** ..Variable name=WATER HEATER GAS CONSUMPTION not valid for this simulation.
   ** Warning ** Processing Monthly Tabular Reports: WaterHeaterReportMonthly
   **   ~~~   ** ..Variable name=WATER HEATER LOSS DEMAND ENERGY not valid for this simulation.
   ** Warning ** Processing Monthly Tabular Reports: WaterHeaterReportMonthly
   **   ~~~   ** ..Variable name=WATER HEATER HEAT RECOVERY SUPPLY ENERGY not valid for this simulation.
   ** Warning ** Processing Monthly Tabular Reports: WaterHeaterReportMonthly
   **   ~~~   ** ..Variable name=WATER HEATER SOURCE ENERGY not valid for this simulation.
   ** Warning ** Processing Monthly Tabular Reports: WaterHeaterReportMonthly
   **   ~~~   ** ..Variable name=WATER HEATER BURNER HEATING ENERGY not valid for this simulation.
   **   ~~~   ** ..i.e., Variable name=SWHSYS1 WATER HEATER:WATER HEATER BURNER HEATING ENERGY not valid for this simulation.
   ** Warning ** Processing Monthly Tabular Reports: WaterHeaterReportMonthly
   **   ~~~   ** ..Variable name=WATER HEATER GAS CONSUMPTION not valid for this simulation.
   **   ~~~   ** ..i.e., Variable name=SWHSYS1 WATER HEATER:WATER HEATER GAS CONSUMPTION not valid for this simulation.
   ** Warning ** Processing Monthly Tabular Reports: WaterHeaterReportMonthly
   **   ~~~   ** ..Variable name=WATER HEATER LOSS DEMAND ENERGY not valid for this simulation.
   **   ~~~   ** ..i.e., Variable name=SWHSYS1 WATER HEATER:WATER HEATER LOSS DEMAND ENERGY not valid for this simulation.
   ** Warning ** Processing Monthly Tabular Reports: WaterHeaterReportMonthly
   **   ~~~   ** ..Variable name=WATER HEATER HEAT RECOVERY SUPPLY ENERGY not valid for this simulation.
   **   ~~~   ** ..i.e., Variable name=SWHSYS1 WATER HEATER:WATER HEATER HEAT RECOVERY SUPPLY ENERGY not valid for this simulation.
   ** Warning ** Processing Monthly Tabular Reports: WaterHeaterReportMonthly
   **   ~~~   ** ..Variable name=WATER HEATER SOURCE ENERGY not valid for this simulation.
   **   ~~~   ** ..i.e., Variable name=SWHSYS1 WATER HEATER:WATER HEATER SOURCE ENERGY not valid for this simulation.
   ** Warning ** Processing Monthly Tabular Reports: GeneratorReportMonthly
   **   ~~~   ** ..Variable name=GENERATOR PRODUCED AC ELECTRICITY ENERGY not valid for this simulation.
   ** Warning ** Processing Monthly Tabular Reports: GeneratorReportMonthly
   **   ~~~   ** ..Variable name=GENERATOR DIESEL CONSUMPTION not valid for this simulation.
   ** Warning ** Processing Monthly Tabular Reports: GeneratorReportMonthly
   **   ~~~   ** ..Variable name=GENERATOR GAS CONSUMPTION not valid for this simulation.
   ** Warning ** Processing Monthly Tabular Reports: GeneratorReportMonthly
   **   ~~~   ** ..Variable name=GENERATOR PRODUCED AC ELECTRICITY ENERGY not valid for this simulation.
   ** Warning ** Processing Monthly Tabular Reports: GeneratorReportMonthly
   **   ~~~   ** ..Variable name=GENERATOR TOTAL HEAT RECOVERY not valid for this simulation.
   ** Warning ** Processing Monthly Tabular Reports: GeneratorReportMonthly
   **   ~~~   ** ..Variable name=GENERATOR JACKET HEAT RECOVERY ENERGY not valid for this simulation.
   ** Warning ** Processing Monthly Tabular Reports: GeneratorReportMonthly
   **   ~~~   ** ..Variable name=GENERATOR LUBE HEAT RECOVERY not valid for this simulation.
   ** Warning ** Processing Monthly Tabular Reports: GeneratorReportMonthly
   **   ~~~   ** ..Variable name=GENERATOR EXHAUST HEAT RECOVERY ENERGY not valid for this simulation.
   ** Warning ** Processing Monthly Tabular Reports: GeneratorReportMonthly
   **   ~~~   ** ..Variable name=GENERATOR EXHAUST AIR TEMPERATURE not valid for this simulation.
   ** Warning ** Processing Monthly Tabular Reports: CoilReportMonthly
   **   ~~~   ** ..Variable name=COOLING COIL TOTAL COOLING ENERGY not valid for this simulation.
   **   ~~~   ** ..i.e., Variable name=VAV_BOT WITH REHEAT HEATING COIL:COOLING COIL TOTAL COOLING ENERGY not valid for this simulation.
   ** Warning ** Processing Monthly Tabular Reports: CoilReportMonthly
   **   ~~~   ** ..Variable name=COOLING COIL SENSIBLE COOLING ENERGY not valid for this simulation.
   **   ~~~   ** ..i.e., Variable name=VAV_BOT WITH REHEAT HEATING COIL:COOLING COIL SENSIBLE COOLING ENERGY not valid for this simulation.
   ** Warning ** Processing Monthly Tabular Reports: CoilReportMonthly
   **   ~~~   ** ..Variable name=COOLING COIL TOTAL COOLING RATE not valid for this simulation.
   **   ~~~   ** ..i.e., Variable name=VAV_BOT WITH REHEAT HEATING COIL:COOLING COIL TOTAL COOLING RATE not valid for this simulation.
   ** Warning ** Processing Monthly Tabular Reports: CoilReportMonthly
   **   ~~~   ** ..Variable name=COOLING COIL SENSIBLE COOLING RATE not valid for this simulation.
   **   ~~~   ** ..i.e., Variable name=VAV_BOT WITH REHEAT HEATING COIL:COOLING COIL SENSIBLE COOLING RATE not valid for this simulation.
   ** Warning ** Processing Monthly Tabular Reports: CoilReportMonthly
   **   ~~~   ** ..Variable name=COOLING COIL WETTED AREA FRACTION not valid for this simulation.
   **   ~~~   ** ..i.e., Variable name=VAV_BOT WITH REHEAT HEATING COIL:COOLING COIL WETTED AREA FRACTION not valid for this simulation.
   ** Warning ** Processing Monthly Tabular Reports: CoilReportMonthly
   **   ~~~   ** ..Variable name=COOLING COIL TOTAL COOLING ENERGY not valid for this simulation.
   **   ~~~   ** ..i.e., Variable name=CORE_BOTTOM VAV BOX REHEAT COIL:COOLING COIL TOTAL COOLING ENERGY not valid for this simulation.
   ** Warning ** Processing Monthly Tabular Reports: CoilReportMonthly
   **   ~~~   ** ..Variable name=COOLING COIL SENSIBLE COOLING ENERGY not valid for this simulation.
   **   ~~~   ** ..i.e., Variable name=CORE_BOTTOM VAV BOX REHEAT COIL:COOLING COIL SENSIBLE COOLING ENERGY not valid for this simulation.
   ** Warning ** Processing Monthly Tabular Reports: CoilReportMonthly
   **   ~~~   ** ..Variable name=COOLING COIL TOTAL COOLING RATE not valid for this simulation.
   **   ~~~   ** ..i.e., Variable name=CORE_BOTTOM VAV BOX REHEAT COIL:COOLING COIL TOTAL COOLING RATE not valid for this simulation.
   ** Warning ** Processing Monthly Tabular Reports: CoilReportMonthly
   **   ~~~   ** ..Variable name=COOLING COIL SENSIBLE COOLING RATE not valid for this simulation.
   **   ~~~   ** ..i.e., Variable name=CORE_BOTTOM VAV BOX REHEAT COIL:COOLING COIL SENSIBLE COOLING RATE not valid for this simulation.
   ** Warning ** Processing Monthly Tabular Reports: CoilReportMonthly
   **   ~~~   ** ..Variable name=COOLING COIL WETTED AREA FRACTION not valid for this simulation.
   **   ~~~   ** ..i.e., Variable name=CORE_BOTTOM VAV BOX REHEAT COIL:COOLING COIL WETTED AREA FRACTION not valid for this simulation.
   ** Warning ** Processing Monthly Tabular Reports: CoilReportMonthly
   **   ~~~   ** ..Variable name=COOLING COIL TOTAL COOLING ENERGY not valid for this simulation.
   **   ~~~   ** ..i.e., Variable name=PERIMETER_BOT_ZN_3 VAV BOX REHEAT COIL:COOLING COIL TOTAL COOLING ENERGY not valid for this simulation.
   ** Warning ** Processing Monthly Tabular Reports: CoilReportMonthly
   **   ~~~   ** ..Variable name=COOLING COIL SENSIBLE COOLING ENERGY not valid for this simulation.
   **   ~~~   ** ..i.e., Variable name=PERIMETER_BOT_ZN_3 VAV BOX REHEAT COIL:COOLING COIL SENSIBLE COOLING ENERGY not valid for this simulation.
   ** Warning ** Processing Monthly Tabular Reports: CoilReportMonthly
   **   ~~~   ** ..Variable name=COOLING COIL TOTAL COOLING RATE not valid for this simulation.
   **   ~~~   ** ..i.e., Variable name=PERIMETER_BOT_ZN_3 VAV BOX REHEAT COIL:COOLING COIL TOTAL COOLING RATE not valid for this simulation.
   ** Warning ** Processing Monthly Tabular Reports: CoilReportMonthly
   **   ~~~   ** ..Variable name=COOLING COIL SENSIBLE COOLING RATE not valid for this simulation.
   **   ~~~   ** ..i.e., Variable name=PERIMETER_BOT_ZN_3 VAV BOX REHEAT COIL:COOLING COIL SENSIBLE COOLING RATE not valid for this simulation.
   ** Warning ** Processing Monthly Tabular Reports: CoilReportMonthly
   **   ~~~   ** ..Variable name=COOLING COIL WETTED AREA FRACTION not valid for this simulation.
   **   ~~~   ** ..i.e., Variable name=PERIMETER_BOT_ZN_3 VAV BOX REHEAT COIL:COOLING COIL WETTED AREA FRACTION not valid for this simulation.
   ** Warning ** Processing Monthly Tabular Reports: CoilReportMonthly
   **   ~~~   ** ..Variable name=COOLING COIL TOTAL COOLING ENERGY not valid for this simulation.
   **   ~~~   ** ..i.e., Variable name=PERIMETER_BOT_ZN_2 VAV BOX REHEAT COIL:COOLING COIL TOTAL COOLING ENERGY not valid for this simulation.
   ** Warning ** Processing Monthly Tabular Reports: CoilReportMonthly
   **   ~~~   ** ..Variable name=COOLING COIL SENSIBLE COOLING ENERGY not valid for this simulation.
   **   ~~~   ** ..i.e., Variable name=PERIMETER_BOT_ZN_2 VAV BOX REHEAT COIL:COOLING COIL SENSIBLE COOLING ENERGY not valid for this simulation.
   ** Warning ** Processing Monthly Tabular Reports: CoilReportMonthly
   **   ~~~   ** ..Variable name=COOLING COIL TOTAL COOLING RATE not valid for this simulation.
   **   ~~~   ** ..i.e., Variable name=PERIMETER_BOT_ZN_2 VAV BOX REHEAT COIL:COOLING COIL TOTAL COOLING RATE not valid for this simulation.
   ** Warning ** Processing Monthly Tabular Reports: CoilReportMonthly
   **   ~~~   ** ..Variable name=COOLING COIL SENSIBLE COOLING RATE not valid for this simulation.
   **   ~~~   ** ..i.e., Variable name=PERIMETER_BOT_ZN_2 VAV BOX REHEAT COIL:COOLING COIL SENSIBLE COOLING RATE not valid for this simulation.
   ** Warning ** Processing Monthly Tabular Reports: CoilReportMonthly
   **   ~~~   ** ..Variable name=COOLING COIL WETTED AREA FRACTION not valid for this simulation.
   **   ~~~   ** ..i.e., Variable name=PERIMETER_BOT_ZN_2 VAV BOX REHEAT COIL:COOLING COIL WETTED AREA FRACTION not valid for this simulation.
   ** Warning ** Processing Monthly Tabular Reports: CoilReportMonthly
   **   ~~~   ** ..Variable name=COOLING COIL TOTAL COOLING ENERGY not valid for this simulation.
   **   ~~~   ** ..i.e., Variable name=PERIMETER_BOT_ZN_1 VAV BOX REHEAT COIL:COOLING COIL TOTAL COOLING ENERGY not valid for this simulation.
   ** Warning ** Processing Monthly Tabular Reports: CoilReportMonthly
   **   ~~~   ** ..Variable name=COOLING COIL SENSIBLE COOLING ENERGY not valid for this simulation.
   **   ~~~   ** ..i.e., Variable name=PERIMETER_BOT_ZN_1 VAV BOX REHEAT COIL:COOLING COIL SENSIBLE COOLING ENERGY not valid for this simulation.
   ** Warning ** Processing Monthly Tabular Reports: CoilReportMonthly
   **   ~~~   ** ..Variable name=COOLING COIL TOTAL COOLING RATE not valid for this simulation.
   **   ~~~   ** ..i.e., Variable name=PERIMETER_BOT_ZN_1 VAV BOX REHEAT COIL:COOLING COIL TOTAL COOLING RATE not valid for this simulation.
   ** Warning ** Processing Monthly Tabular Reports: CoilReportMonthly
   **   ~~~   ** ..Variable name=COOLING COIL SENSIBLE COOLING RATE not valid for this simulation.
   **   ~~~   ** ..i.e., Variable name=PERIMETER_BOT_ZN_1 VAV BOX REHEAT COIL:COOLING COIL SENSIBLE COOLING RATE not valid for this simulation.
   ** Warning ** Processing Monthly Tabular Reports: CoilReportMonthly
   **   ~~~   ** ..Variable name=COOLING COIL WETTED AREA FRACTION not valid for this simulation.
   **   ~~~   ** ..i.e., Variable name=PERIMETER_BOT_ZN_1 VAV BOX REHEAT COIL:COOLING COIL WETTED AREA FRACTION not valid for this simulation.
   ** Warning ** Processing Monthly Tabular Reports: CoilReportMonthly
   **   ~~~   ** ..Variable name=COOLING COIL TOTAL COOLING ENERGY not valid for this simulation.
   **   ~~~   ** ..i.e., Variable name=PERIMETER_BOT_ZN_4 VAV BOX REHEAT COIL:COOLING COIL TOTAL COOLING ENERGY not valid for this simulation.
   ** Warning ** Processing Monthly Tabular Reports: CoilReportMonthly
   **   ~~~   ** ..Variable name=COOLING COIL SENSIBLE COOLING ENERGY not valid for this simulation.
   **   ~~~   ** ..i.e., Variable name=PERIMETER_BOT_ZN_4 VAV BOX REHEAT COIL:COOLING COIL SENSIBLE COOLING ENERGY not valid for this simulation.
   ** Warning ** Processing Monthly Tabular Reports: CoilReportMonthly
   **   ~~~   ** ..Variable name=COOLING COIL TOTAL COOLING RATE not valid for this simulation.
   **   ~~~   ** ..i.e., Variable name=PERIMETER_BOT_ZN_4 VAV BOX REHEAT COIL:COOLING COIL TOTAL COOLING RATE not valid for this simulation.
   ** Warning ** Processing Monthly Tabular Reports: CoilReportMonthly
   **   ~~~   ** ..Variable name=COOLING COIL SENSIBLE COOLING RATE not valid for this simulation.
   **   ~~~   ** ..i.e., Variable name=PERIMETER_BOT_ZN_4 VAV BOX REHEAT COIL:COOLING COIL SENSIBLE COOLING RATE not valid for this simulation.
   ** Warning ** Processing Monthly Tabular Reports: CoilReportMonthly
   **   ~~~   ** ..Variable name=COOLING COIL WETTED AREA FRACTION not valid for this simulation.
   **   ~~~   ** ..i.e., Variable name=PERIMETER_BOT_ZN_4 VAV BOX REHEAT COIL:COOLING COIL WETTED AREA FRACTION not valid for this simulation.
   ** Warning ** Processing Monthly Tabular Reports: CoilReportMonthly
   **   ~~~   ** ..Variable name=COOLING COIL TOTAL COOLING ENERGY not valid for this simulation.
   **   ~~~   ** ..i.e., Variable name=VAV_MID WITH REHEAT HEATING COIL:COOLING COIL TOTAL COOLING ENERGY not valid for this simulation.
   ** Warning ** Processing Monthly Tabular Reports: CoilReportMonthly
   **   ~~~   ** ..Variable name=COOLING COIL SENSIBLE COOLING ENERGY not valid for this simulation.
   **   ~~~   ** ..i.e., Variable name=VAV_MID WITH REHEAT HEATING COIL:COOLING COIL SENSIBLE COOLING ENERGY not valid for this simulation.
   ** Warning ** Processing Monthly Tabular Reports: CoilReportMonthly
   **   ~~~   ** ..Variable name=COOLING COIL TOTAL COOLING RATE not valid for this simulation.
   **   ~~~   ** ..i.e., Variable name=VAV_MID WITH REHEAT HEATING COIL:COOLING COIL TOTAL COOLING RATE not valid for this simulation.
   ** Warning ** Processing Monthly Tabular Reports: CoilReportMonthly
   **   ~~~   ** ..Variable name=COOLING COIL SENSIBLE COOLING RATE not valid for this simulation.
   **   ~~~   ** ..i.e., Variable name=VAV_MID WITH REHEAT HEATING COIL:COOLING COIL SENSIBLE COOLING RATE not valid for this simulation.
   ** Warning ** Processing Monthly Tabular Reports: CoilReportMonthly
   **   ~~~   ** ..Variable name=COOLING COIL WETTED AREA FRACTION not valid for this simulation.
   **   ~~~   ** ..i.e., Variable name=VAV_MID WITH REHEAT HEATING COIL:COOLING COIL WETTED AREA FRACTION not valid for this simulation.
   ** Warning ** Processing Monthly Tabular Reports: CoilReportMonthly
   **   ~~~   ** ..Variable name=COOLING COIL TOTAL COOLING ENERGY not valid for this simulation.
   **   ~~~   ** ..i.e., Variable name=CORE_MID VAV BOX REHEAT COIL:COOLING COIL TOTAL COOLING ENERGY not valid for this simulation.
   ** Warning ** Processing Monthly Tabular Reports: CoilReportMonthly
   **   ~~~   ** ..Variable name=COOLING COIL SENSIBLE COOLING ENERGY not valid for this simulation.
   **   ~~~   ** ..i.e., Variable name=CORE_MID VAV BOX REHEAT COIL:COOLING COIL SENSIBLE COOLING ENERGY not valid for this simulation.
   ** Warning ** Processing Monthly Tabular Reports: CoilReportMonthly
   **   ~~~   ** ..Variable name=COOLING COIL TOTAL COOLING RATE not valid for this simulation.
   **   ~~~   ** ..i.e., Variable name=CORE_MID VAV BOX REHEAT COIL:COOLING COIL TOTAL COOLING RATE not valid for this simulation.
   ** Warning ** Processing Monthly Tabular Reports: CoilReportMonthly
   **   ~~~   ** ..Variable name=COOLING COIL SENSIBLE COOLING RATE not valid for this simulation.
   **   ~~~   ** ..i.e., Variable name=CORE_MID VAV BOX REHEAT COIL:COOLING COIL SENSIBLE COOLING RATE not valid for this simulation.
   ** Warning ** Processing Monthly Tabular Reports: CoilReportMonthly
   **   ~~~   ** ..Variable name=COOLING COIL WETTED AREA FRACTION not valid for this simulation.
   **   ~~~   ** ..i.e., Variable name=CORE_MID VAV BOX REHEAT COIL:COOLING COIL WETTED AREA FRACTION not valid for this simulation.
   ** Warning ** Processing Monthly Tabular Reports: CoilReportMonthly
   **   ~~~   ** ..Variable name=COOLING COIL TOTAL COOLING ENERGY not valid for this simulation.
   **   ~~~   ** ..i.e., Variable name=PERIMETER_MID_ZN_3 VAV BOX REHEAT COIL:COOLING COIL TOTAL COOLING ENERGY not valid for this simulation.
   ** Warning ** Processing Monthly Tabular Reports: CoilReportMonthly
   **   ~~~   ** ..Variable name=COOLING COIL SENSIBLE COOLING ENERGY not valid for this simulation.
   **   ~~~   ** ..i.e., Variable name=PERIMETER_MID_ZN_3 VAV BOX REHEAT COIL:COOLING COIL SENSIBLE COOLING ENERGY not valid for this simulation.
   ** Warning ** Processing Monthly Tabular Reports: CoilReportMonthly
   **   ~~~   ** ..Variable name=COOLING COIL TOTAL COOLING RATE not valid for this simulation.
   **   ~~~   ** ..i.e., Variable name=PERIMETER_MID_ZN_3 VAV BOX REHEAT COIL:COOLING COIL TOTAL COOLING RATE not valid for this simulation.
   ** Warning ** Processing Monthly Tabular Reports: CoilReportMonthly
   **   ~~~   ** ..Variable name=COOLING COIL SENSIBLE COOLING RATE not valid for this simulation.
   **   ~~~   ** ..i.e., Variable name=PERIMETER_MID_ZN_3 VAV BOX REHEAT COIL:COOLING COIL SENSIBLE COOLING RATE not valid for this simulation.
   ** Warning ** Processing Monthly Tabular Reports: CoilReportMonthly
   **   ~~~   ** ..Variable name=COOLING COIL WETTED AREA FRACTION not valid for this simulation.
   **   ~~~   ** ..i.e., Variable name=PERIMETER_MID_ZN_3 VAV BOX REHEAT COIL:COOLING COIL WETTED AREA FRACTION not valid for this simulation.
   ** Warning ** Processing Monthly Tabular Reports: CoilReportMonthly
   **   ~~~   ** ..Variable name=COOLING COIL TOTAL COOLING ENERGY not valid for this simulation.
   **   ~~~   ** ..i.e., Variable name=PERIMETER_MID_ZN_2 VAV BOX REHEAT COIL:COOLING COIL TOTAL COOLING ENERGY not valid for this simulation.
   ** Warning ** Processing Monthly Tabular Reports: CoilReportMonthly
   **   ~~~   ** ..Variable name=COOLING COIL SENSIBLE COOLING ENERGY not valid for this simulation.
   **   ~~~   ** ..i.e., Variable name=PERIMETER_MID_ZN_2 VAV BOX REHEAT COIL:COOLING COIL SENSIBLE COOLING ENERGY not valid for this simulation.
   ** Warning ** Processing Monthly Tabular Reports: CoilReportMonthly
   **   ~~~   ** ..Variable name=COOLING COIL TOTAL COOLING RATE not valid for this simulation.
   **   ~~~   ** ..i.e., Variable name=PERIMETER_MID_ZN_2 VAV BOX REHEAT COIL:COOLING COIL TOTAL COOLING RATE not valid for this simulation.
   ** Warning ** Processing Monthly Tabular Reports: CoilReportMonthly
   **   ~~~   ** ..Variable name=COOLING COIL SENSIBLE COOLING RATE not valid for this simulation.
   **   ~~~   ** ..i.e., Variable name=PERIMETER_MID_ZN_2 VAV BOX REHEAT COIL:COOLING COIL SENSIBLE COOLING RATE not valid for this simulation.
   ** Warning ** Processing Monthly Tabular Reports: CoilReportMonthly
   **   ~~~   ** ..Variable name=COOLING COIL WETTED AREA FRACTION not valid for this simulation.
   **   ~~~   ** ..i.e., Variable name=PERIMETER_MID_ZN_2 VAV BOX REHEAT COIL:COOLING COIL WETTED AREA FRACTION not valid for this simulation.
   ** Warning ** Processing Monthly Tabular Reports: CoilReportMonthly
   **   ~~~   ** ..Variable name=COOLING COIL TOTAL COOLING ENERGY not valid for this simulation.
   **   ~~~   ** ..i.e., Variable name=PERIMETER_MID_ZN_1 VAV BOX REHEAT COIL:COOLING COIL TOTAL COOLING ENERGY not valid for this simulation.
   ** Warning ** Processing Monthly Tabular Reports: CoilReportMonthly
   **   ~~~   ** ..Variable name=COOLING COIL SENSIBLE COOLING ENERGY not valid for this simulation.
   **   ~~~   ** ..i.e., Variable name=PERIMETER_MID_ZN_1 VAV BOX REHEAT COIL:COOLING COIL SENSIBLE COOLING ENERGY not valid for this simulation.
   ** Warning ** Processing Monthly Tabular Reports: CoilReportMonthly
   **   ~~~   ** ..Variable name=COOLING COIL TOTAL COOLING RATE not valid for this simulation.
   **   ~~~   ** ..i.e., Variable name=PERIMETER_MID_ZN_1 VAV BOX REHEAT COIL:COOLING COIL TOTAL COOLING RATE not valid for this simulation.
   ** Warning ** Processing Monthly Tabular Reports: CoilReportMonthly
   **   ~~~   ** ..Variable name=COOLING COIL SENSIBLE COOLING RATE not valid for this simulation.
   **   ~~~   ** ..i.e., Variable name=PERIMETER_MID_ZN_1 VAV BOX REHEAT COIL:COOLING COIL SENSIBLE COOLING RATE not valid for this simulation.
   ** Warning ** Processing Monthly Tabular Reports: CoilReportMonthly
   **   ~~~   ** ..Variable name=COOLING COIL WETTED AREA FRACTION not valid for this simulation.
   **   ~~~   ** ..i.e., Variable name=PERIMETER_MID_ZN_1 VAV BOX REHEAT COIL:COOLING COIL WETTED AREA FRACTION not valid for this simulation.
   ** Warning ** Processing Monthly Tabular Reports: CoilReportMonthly
   **   ~~~   ** ..Variable name=COOLING COIL TOTAL COOLING ENERGY not valid for this simulation.
   **   ~~~   ** ..i.e., Variable name=PERIMETER_MID_ZN_4 VAV BOX REHEAT COIL:COOLING COIL TOTAL COOLING ENERGY not valid for this simulation.
   ** Warning ** Processing Monthly Tabular Reports: CoilReportMonthly
   **   ~~~   ** ..Variable name=COOLING COIL SENSIBLE COOLING ENERGY not valid for this simulation.
   **   ~~~   ** ..i.e., Variable name=PERIMETER_MID_ZN_4 VAV BOX REHEAT COIL:COOLING COIL SENSIBLE COOLING ENERGY not valid for this simulation.
   ** Warning ** Processing Monthly Tabular Reports: CoilReportMonthly
   **   ~~~   ** ..Variable name=COOLING COIL TOTAL COOLING RATE not valid for this simulation.
   **   ~~~   ** ..i.e., Variable name=PERIMETER_MID_ZN_4 VAV BOX REHEAT COIL:COOLING COIL TOTAL COOLING RATE not valid for this simulation.
   ** Warning ** Processing Monthly Tabular Reports: CoilReportMonthly
   **   ~~~   ** ..Variable name=COOLING COIL SENSIBLE COOLING RATE not valid for this simulation.
   **   ~~~   ** ..i.e., Variable name=PERIMETER_MID_ZN_4 VAV BOX REHEAT COIL:COOLING COIL SENSIBLE COOLING RATE not valid for this simulation.
   ** Warning ** Processing Monthly Tabular Reports: CoilReportMonthly
   **   ~~~   ** ..Variable name=COOLING COIL WETTED AREA FRACTION not valid for this simulation.
   **   ~~~   ** ..i.e., Variable name=PERIMETER_MID_ZN_4 VAV BOX REHEAT COIL:COOLING COIL WETTED AREA FRACTION not valid for this simulation.
   ** Warning ** Processing Monthly Tabular Reports: CoilReportMonthly
   **   ~~~   ** ..Variable name=COOLING COIL TOTAL COOLING ENERGY not valid for this simulation.
   **   ~~~   ** ..i.e., Variable name=VAV_TOP WITH REHEAT HEATING COIL:COOLING COIL TOTAL COOLING ENERGY not valid for this simulation.
   ** Warning ** Processing Monthly Tabular Reports: CoilReportMonthly
   **   ~~~   ** ..Variable name=COOLING COIL SENSIBLE COOLING ENERGY not valid for this simulation.
   **   ~~~   ** ..i.e., Variable name=VAV_TOP WITH REHEAT HEATING COIL:COOLING COIL SENSIBLE COOLING ENERGY not valid for this simulation.
   ** Warning ** Processing Monthly Tabular Reports: CoilReportMonthly
   **   ~~~   ** ..Variable name=COOLING COIL TOTAL COOLING RATE not valid for this simulation.
   **   ~~~   ** ..i.e., Variable name=VAV_TOP WITH REHEAT HEATING COIL:COOLING COIL TOTAL COOLING RATE not valid for this simulation.
   ** Warning ** Processing Monthly Tabular Reports: CoilReportMonthly
   **   ~~~   ** ..Variable name=COOLING COIL SENSIBLE COOLING RATE not valid for this simulation.
   **   ~~~   ** ..i.e., Variable name=VAV_TOP WITH REHEAT HEATING COIL:COOLING COIL SENSIBLE COOLING RATE not valid for this simulation.
   ** Warning ** Processing Monthly Tabular Reports: CoilReportMonthly
   **   ~~~   ** ..Variable name=COOLING COIL WETTED AREA FRACTION not valid for this simulation.
   **   ~~~   ** ..i.e., Variable name=VAV_TOP WITH REHEAT HEATING COIL:COOLING COIL WETTED AREA FRACTION not valid for this simulation.
   ** Warning ** Processing Monthly Tabular Reports: CoilReportMonthly
   **   ~~~   ** ..Variable name=COOLING COIL TOTAL COOLING ENERGY not valid for this simulation.
   **   ~~~   ** ..i.e., Variable name=CORE_TOP VAV BOX REHEAT COIL:COOLING COIL TOTAL COOLING ENERGY not valid for this simulation.
   ** Warning ** Processing Monthly Tabular Reports: CoilReportMonthly
   **   ~~~   ** ..Variable name=COOLING COIL SENSIBLE COOLING ENERGY not valid for this simulation.
   **   ~~~   ** ..i.e., Variable name=CORE_TOP VAV BOX REHEAT COIL:COOLING COIL SENSIBLE COOLING ENERGY not valid for this simulation.
   ** Warning ** Processing Monthly Tabular Reports: CoilReportMonthly
   **   ~~~   ** ..Variable name=COOLING COIL TOTAL COOLING RATE not valid for this simulation.
   **   ~~~   ** ..i.e., Variable name=CORE_TOP VAV BOX REHEAT COIL:COOLING COIL TOTAL COOLING RATE not valid for this simulation.
   ** Warning ** Processing Monthly Tabular Reports: CoilReportMonthly
   **   ~~~   ** ..Variable name=COOLING COIL SENSIBLE COOLING RATE not valid for this simulation.
   **   ~~~   ** ..i.e., Variable name=CORE_TOP VAV BOX REHEAT COIL:COOLING COIL SENSIBLE COOLING RATE not valid for this simulation.
   ** Warning ** Processing Monthly Tabular Reports: CoilReportMonthly
   **   ~~~   ** ..Variable name=COOLING COIL WETTED AREA FRACTION not valid for this simulation.
   **   ~~~   ** ..i.e., Variable name=CORE_TOP VAV BOX REHEAT COIL:COOLING COIL WETTED AREA FRACTION not valid for this simulation.
   ** Warning ** Processing Monthly Tabular Reports: CoilReportMonthly
   **   ~~~   ** ..Variable name=COOLING COIL TOTAL COOLING ENERGY not valid for this simulation.
   **   ~~~   ** ..i.e., Variable name=PERIMETER_TOP_ZN_3 VAV BOX REHEAT COIL:COOLING COIL TOTAL COOLING ENERGY not valid for this simulation.
   ** Warning ** Processing Monthly Tabular Reports: CoilReportMonthly
   **   ~~~   ** ..Variable name=COOLING COIL SENSIBLE COOLING ENERGY not valid for this simulation.
   **   ~~~   ** ..i.e., Variable name=PERIMETER_TOP_ZN_3 VAV BOX REHEAT COIL:COOLING COIL SENSIBLE COOLING ENERGY not valid for this simulation.
   ** Warning ** Processing Monthly Tabular Reports: CoilReportMonthly
   **   ~~~   ** ..Variable name=COOLING COIL TOTAL COOLING RATE not valid for this simulation.
   **   ~~~   ** ..i.e., Variable name=PERIMETER_TOP_ZN_3 VAV BOX REHEAT COIL:COOLING COIL TOTAL COOLING RATE not valid for this simulation.
   ** Warning ** Processing Monthly Tabular Reports: CoilReportMonthly
   **   ~~~   ** ..Variable name=COOLING COIL SENSIBLE COOLING RATE not valid for this simulation.
   **   ~~~   ** ..i.e., Variable name=PERIMETER_TOP_ZN_3 VAV BOX REHEAT COIL:COOLING COIL SENSIBLE COOLING RATE not valid for this simulation.
   ** Warning ** Processing Monthly Tabular Reports: CoilReportMonthly
   **   ~~~   ** ..Variable name=COOLING COIL WETTED AREA FRACTION not valid for this simulation.
   **   ~~~   ** ..i.e., Variable name=PERIMETER_TOP_ZN_3 VAV BOX REHEAT COIL:COOLING COIL WETTED AREA FRACTION not valid for this simulation.
   ** Warning ** Processing Monthly Tabular Reports: CoilReportMonthly
   **   ~~~   ** ..Variable name=COOLING COIL TOTAL COOLING ENERGY not valid for this simulation.
   **   ~~~   ** ..i.e., Variable name=PERIMETER_TOP_ZN_2 VAV BOX REHEAT COIL:COOLING COIL TOTAL COOLING ENERGY not valid for this simulation.
   ** Warning ** Processing Monthly Tabular Reports: CoilReportMonthly
   **   ~~~   ** ..Variable name=COOLING COIL SENSIBLE COOLING ENERGY not valid for this simulation.
   **   ~~~   ** ..i.e., Variable name=PERIMETER_TOP_ZN_2 VAV BOX REHEAT COIL:COOLING COIL SENSIBLE COOLING ENERGY not valid for this simulation.
   ** Warning ** Processing Monthly Tabular Reports: CoilReportMonthly
   **   ~~~   ** ..Variable name=COOLING COIL TOTAL COOLING RATE not valid for this simulation.
   **   ~~~   ** ..i.e., Variable name=PERIMETER_TOP_ZN_2 VAV BOX REHEAT COIL:COOLING COIL TOTAL COOLING RATE not valid for this simulation.
   ** Warning ** Processing Monthly Tabular Reports: CoilReportMonthly
   **   ~~~   ** ..Variable name=COOLING COIL SENSIBLE COOLING RATE not valid for this simulation.
   **   ~~~   ** ..i.e., Variable name=PERIMETER_TOP_ZN_2 VAV BOX REHEAT COIL:COOLING COIL SENSIBLE COOLING RATE not valid for this simulation.
   ** Warning ** Processing Monthly Tabular Reports: CoilReportMonthly
   **   ~~~   ** ..Variable name=COOLING COIL WETTED AREA FRACTION not valid for this simulation.
   **   ~~~   ** ..i.e., Variable name=PERIMETER_TOP_ZN_2 VAV BOX REHEAT COIL:COOLING COIL WETTED AREA FRACTION not valid for this simulation.
   ** Warning ** Processing Monthly Tabular Reports: CoilReportMonthly
   **   ~~~   ** ..Variable name=COOLING COIL TOTAL COOLING ENERGY not valid for this simulation.
   **   ~~~   ** ..i.e., Variable name=PERIMETER_TOP_ZN_1 VAV BOX REHEAT COIL:COOLING COIL TOTAL COOLING ENERGY not valid for this simulation.
   ** Warning ** Processing Monthly Tabular Reports: CoilReportMonthly
   **   ~~~   ** ..Variable name=COOLING COIL SENSIBLE COOLING ENERGY not valid for this simulation.
   **   ~~~   ** ..i.e., Variable name=PERIMETER_TOP_ZN_1 VAV BOX REHEAT COIL:COOLING COIL SENSIBLE COOLING ENERGY not valid for this simulation.
   ** Warning ** Processing Monthly Tabular Reports: CoilReportMonthly
   **   ~~~   ** ..Variable name=COOLING COIL TOTAL COOLING RATE not valid for this simulation.
   **   ~~~   ** ..i.e., Variable name=PERIMETER_TOP_ZN_1 VAV BOX REHEAT COIL:COOLING COIL TOTAL COOLING RATE not valid for this simulation.
   ** Warning ** Processing Monthly Tabular Reports: CoilReportMonthly
   **   ~~~   ** ..Variable name=COOLING COIL SENSIBLE COOLING RATE not valid for this simulation.
   **   ~~~   ** ..i.e., Variable name=PERIMETER_TOP_ZN_1 VAV BOX REHEAT COIL:COOLING COIL SENSIBLE COOLING RATE not valid for this simulation.
   ** Warning ** Processing Monthly Tabular Reports: CoilReportMonthly
   **   ~~~   ** ..Variable name=COOLING COIL WETTED AREA FRACTION not valid for this simulation.
   **   ~~~   ** ..i.e., Variable name=PERIMETER_TOP_ZN_1 VAV BOX REHEAT COIL:COOLING COIL WETTED AREA FRACTION not valid for this simulation.
   ** Warning ** Processing Monthly Tabular Reports: CoilReportMonthly
   **   ~~~   ** ..Variable name=COOLING COIL TOTAL COOLING ENERGY not valid for this simulation.
   **   ~~~   ** ..i.e., Variable name=PERIMETER_TOP_ZN_4 VAV BOX REHEAT COIL:COOLING COIL TOTAL COOLING ENERGY not valid for this simulation.
   ** Warning ** Processing Monthly Tabular Reports: CoilReportMonthly
   **   ~~~   ** ..Variable name=COOLING COIL SENSIBLE COOLING ENERGY not valid for this simulation.
   **   ~~~   ** ..i.e., Variable name=PERIMETER_TOP_ZN_4 VAV BOX REHEAT COIL:COOLING COIL SENSIBLE COOLING ENERGY not valid for this simulation.
   ** Warning ** Processing Monthly Tabular Reports: CoilReportMonthly
   **   ~~~   ** ..Variable name=COOLING COIL TOTAL COOLING RATE not valid for this simulation.
   **   ~~~   ** ..i.e., Variable name=PERIMETER_TOP_ZN_4 VAV BOX REHEAT COIL:COOLING COIL TOTAL COOLING RATE not valid for this simulation.
   ** Warning ** Processing Monthly Tabular Reports: CoilReportMonthly
   **   ~~~   ** ..Variable name=COOLING COIL SENSIBLE COOLING RATE not valid for this simulation.
   **   ~~~   ** ..i.e., Variable name=PERIMETER_TOP_ZN_4 VAV BOX REHEAT COIL:COOLING COIL SENSIBLE COOLING RATE not valid for this simulation.
   ** Warning ** Processing Monthly Tabular Reports: CoilReportMonthly
   **   ~~~   ** ..Variable name=COOLING COIL WETTED AREA FRACTION not valid for this simulation.
   **   ~~~   ** ..i.e., Variable name=PERIMETER_TOP_ZN_4 VAV BOX REHEAT COIL:COOLING COIL WETTED AREA FRACTION not valid for this simulation.
   ** Warning ** Processing Monthly Tabular Reports: CoilReportMonthly
   **   ~~~   ** ..Variable name=COOLING COIL TOTAL COOLING ENERGY not valid for this simulation.
   **   ~~~   ** ..i.e., Variable name=CAV_BAS HEATING COIL:COOLING COIL TOTAL COOLING ENERGY not valid for this simulation.
   ** Warning ** Processing Monthly Tabular Reports: CoilReportMonthly
   **   ~~~   ** ..Variable name=COOLING COIL SENSIBLE COOLING ENERGY not valid for this simulation.
   **   ~~~   ** ..i.e., Variable name=CAV_BAS HEATING COIL:COOLING COIL SENSIBLE COOLING ENERGY not valid for this simulation.
   ** Warning ** Processing Monthly Tabular Reports: CoilReportMonthly
   **   ~~~   ** ..Variable name=COOLING COIL TOTAL COOLING RATE not valid for this simulation.
   **   ~~~   ** ..i.e., Variable name=CAV_BAS HEATING COIL:COOLING COIL TOTAL COOLING RATE not valid for this simulation.
   ** Warning ** Processing Monthly Tabular Reports: CoilReportMonthly
   **   ~~~   ** ..Variable name=COOLING COIL SENSIBLE COOLING RATE not valid for this simulation.
   **   ~~~   ** ..i.e., Variable name=CAV_BAS HEATING COIL:COOLING COIL SENSIBLE COOLING RATE not valid for this simulation.
   ** Warning ** Processing Monthly Tabular Reports: CoilReportMonthly
   **   ~~~   ** ..Variable name=COOLING COIL WETTED AREA FRACTION not valid for this simulation.
   **   ~~~   ** ..i.e., Variable name=CAV_BAS HEATING COIL:COOLING COIL WETTED AREA FRACTION not valid for this simulation.
   ** Warning ** Processing Monthly Tabular Reports: CoilReportMonthly
   **   ~~~   ** ..Variable name=COOLING COIL TOTAL COOLING ENERGY not valid for this simulation.
   **   ~~~   ** ..i.e., Variable name=AIRLOOP DATACENTER BASEMENT HEATING COIL:COOLING COIL TOTAL COOLING ENERGY not valid for this simulation.
   ** Warning ** Processing Monthly Tabular Reports: CoilReportMonthly
   **   ~~~   ** ..Variable name=COOLING COIL SENSIBLE COOLING ENERGY not valid for this simulation.
   **   ~~~   ** ..i.e., Variable name=AIRLOOP DATACENTER BASEMENT HEATING COIL:COOLING COIL SENSIBLE COOLING ENERGY not valid for this simulation.
   ** Warning ** Processing Monthly Tabular Reports: CoilReportMonthly
   **   ~~~   ** ..Variable name=COOLING COIL TOTAL COOLING RATE not valid for this simulation.
   **   ~~~   ** ..i.e., Variable name=AIRLOOP DATACENTER BASEMENT HEATING COIL:COOLING COIL TOTAL COOLING RATE not valid for this simulation.
   ** Warning ** Processing Monthly Tabular Reports: CoilReportMonthly
   **   ~~~   ** ..Variable name=COOLING COIL SENSIBLE COOLING RATE not valid for this simulation.
   **   ~~~   ** ..i.e., Variable name=AIRLOOP DATACENTER BASEMENT HEATING COIL:COOLING COIL SENSIBLE COOLING RATE not valid for this simulation.
   ** Warning ** Processing Monthly Tabular Reports: CoilReportMonthly
   **   ~~~   ** ..Variable name=COOLING COIL WETTED AREA FRACTION not valid for this simulation.
   **   ~~~   ** ..i.e., Variable name=AIRLOOP DATACENTER BASEMENT HEATING COIL:COOLING COIL WETTED AREA FRACTION not valid for this simulation.
   ** Warning ** Processing Monthly Tabular Reports: CoilReportMonthly
   **   ~~~   ** ..Variable name=COOLING COIL TOTAL COOLING ENERGY not valid for this simulation.
   **   ~~~   ** ..i.e., Variable name=AIRLOOP DATACENTER BOT HEATING COIL:COOLING COIL TOTAL COOLING ENERGY not valid for this simulation.
   ** Warning ** Processing Monthly Tabular Reports: CoilReportMonthly
   **   ~~~   ** ..Variable name=COOLING COIL SENSIBLE COOLING ENERGY not valid for this simulation.
   **   ~~~   ** ..i.e., Variable name=AIRLOOP DATACENTER BOT HEATING COIL:COOLING COIL SENSIBLE COOLING ENERGY not valid for this simulation.
   ** Warning ** Processing Monthly Tabular Reports: CoilReportMonthly
   **   ~~~   ** ..Variable name=COOLING COIL TOTAL COOLING RATE not valid for this simulation.
   **   ~~~   ** ..i.e., Variable name=AIRLOOP DATACENTER BOT HEATING COIL:COOLING COIL TOTAL COOLING RATE not valid for this simulation.
   ** Warning ** Processing Monthly Tabular Reports: CoilReportMonthly
   **   ~~~   ** ..Variable name=COOLING COIL SENSIBLE COOLING RATE not valid for this simulation.
   **   ~~~   ** ..i.e., Variable name=AIRLOOP DATACENTER BOT HEATING COIL:COOLING COIL SENSIBLE COOLING RATE not valid for this simulation.
   ** Warning ** Processing Monthly Tabular Reports: CoilReportMonthly
   **   ~~~   ** ..Variable name=COOLING COIL WETTED AREA FRACTION not valid for this simulation.
   **   ~~~   ** ..i.e., Variable name=AIRLOOP DATACENTER BOT HEATING COIL:COOLING COIL WETTED AREA FRACTION not valid for this simulation.
   ** Warning ** Processing Monthly Tabular Reports: CoilReportMonthly
   **   ~~~   ** ..Variable name=COOLING COIL TOTAL COOLING ENERGY not valid for this simulation.
   **   ~~~   ** ..i.e., Variable name=AIRLOOP DATACENTER MID HEATING COIL:COOLING COIL TOTAL COOLING ENERGY not valid for this simulation.
   ** Warning ** Processing Monthly Tabular Reports: CoilReportMonthly
   **   ~~~   ** ..Variable name=COOLING COIL SENSIBLE COOLING ENERGY not valid for this simulation.
   **   ~~~   ** ..i.e., Variable name=AIRLOOP DATACENTER MID HEATING COIL:COOLING COIL SENSIBLE COOLING ENERGY not valid for this simulation.
   ** Warning ** Processing Monthly Tabular Reports: CoilReportMonthly
   **   ~~~   ** ..Variable name=COOLING COIL TOTAL COOLING RATE not valid for this simulation.
   **   ~~~   ** ..i.e., Variable name=AIRLOOP DATACENTER MID HEATING COIL:COOLING COIL TOTAL COOLING RATE not valid for this simulation.
   ** Warning ** Processing Monthly Tabular Reports: CoilReportMonthly
   **   ~~~   ** ..Variable name=COOLING COIL SENSIBLE COOLING RATE not valid for this simulation.
   **   ~~~   ** ..i.e., Variable name=AIRLOOP DATACENTER MID HEATING COIL:COOLING COIL SENSIBLE COOLING RATE not valid for this simulation.
   ** Warning ** Processing Monthly Tabular Reports: CoilReportMonthly
   **   ~~~   ** ..Variable name=COOLING COIL WETTED AREA FRACTION not valid for this simulation.
   **   ~~~   ** ..i.e., Variable name=AIRLOOP DATACENTER MID HEATING COIL:COOLING COIL WETTED AREA FRACTION not valid for this simulation.
   ** Warning ** Processing Monthly Tabular Reports: CoilReportMonthly
   **   ~~~   ** ..Variable name=COOLING COIL TOTAL COOLING ENERGY not valid for this simulation.
   **   ~~~   ** ..i.e., Variable name=AIRLOOP DATACENTER TOP HEATING COIL:COOLING COIL TOTAL COOLING ENERGY not valid for this simulation.
   ** Warning ** Processing Monthly Tabular Reports: CoilReportMonthly
   **   ~~~   ** ..Variable name=COOLING COIL SENSIBLE COOLING ENERGY not valid for this simulation.
   **   ~~~   ** ..i.e., Variable name=AIRLOOP DATACENTER TOP HEATING COIL:COOLING COIL SENSIBLE COOLING ENERGY not valid for this simulation.
   ** Warning ** Processing Monthly Tabular Reports: CoilReportMonthly
   **   ~~~   ** ..Variable name=COOLING COIL TOTAL COOLING RATE not valid for this simulation.
   **   ~~~   ** ..i.e., Variable name=AIRLOOP DATACENTER TOP HEATING COIL:COOLING COIL TOTAL COOLING RATE not valid for this simulation.
   ** Warning ** Processing Monthly Tabular Reports: CoilReportMonthly
   **   ~~~   ** ..Variable name=COOLING COIL SENSIBLE COOLING RATE not valid for this simulation.
   **   ~~~   ** ..i.e., Variable name=AIRLOOP DATACENTER TOP HEATING COIL:COOLING COIL SENSIBLE COOLING RATE not valid for this simulation.
   ** Warning ** Processing Monthly Tabular Reports: CoilReportMonthly
   **   ~~~   ** ..Variable name=COOLING COIL WETTED AREA FRACTION not valid for this simulation.
   **   ~~~   ** ..i.e., Variable name=AIRLOOP DATACENTER TOP HEATING COIL:COOLING COIL WETTED AREA FRACTION not valid for this simulation.
   ** Warning ** Processing Monthly Tabular Reports: CoilReportMonthly
   **   ~~~   ** ..Variable name=COOLING COIL TOTAL COOLING ENERGY not valid for this simulation.
   **   ~~~   ** ..i.e., Variable name=AIRLOOP DATACENTER BASEMENT_SUPPHEATCOIL:COOLING COIL TOTAL COOLING ENERGY not valid for this simulation.
   ** Warning ** Processing Monthly Tabular Reports: CoilReportMonthly
   **   ~~~   ** ..Variable name=COOLING COIL SENSIBLE COOLING ENERGY not valid for this simulation.
   **   ~~~   ** ..i.e., Variable name=AIRLOOP DATACENTER BASEMENT_SUPPHEATCOIL:COOLING COIL SENSIBLE COOLING ENERGY not valid for this simulation.
   ** Warning ** Processing Monthly Tabular Reports: CoilReportMonthly
   **   ~~~   ** ..Variable name=COOLING COIL TOTAL COOLING RATE not valid for this simulation.
   **   ~~~   ** ..i.e., Variable name=AIRLOOP DATACENTER BASEMENT_SUPPHEATCOIL:COOLING COIL TOTAL COOLING RATE not valid for this simulation.
   ** Warning ** Processing Monthly Tabular Reports: CoilReportMonthly
   **   ~~~   ** ..Variable name=COOLING COIL SENSIBLE COOLING RATE not valid for this simulation.
   **   ~~~   ** ..i.e., Variable name=AIRLOOP DATACENTER BASEMENT_SUPPHEATCOIL:COOLING COIL SENSIBLE COOLING RATE not valid for this simulation.
   ** Warning ** Processing Monthly Tabular Reports: CoilReportMonthly
   **   ~~~   ** ..Variable name=COOLING COIL WETTED AREA FRACTION not valid for this simulation.
   **   ~~~   ** ..i.e., Variable name=AIRLOOP DATACENTER BASEMENT_SUPPHEATCOIL:COOLING COIL WETTED AREA FRACTION not valid for this simulation.
   ** Warning ** Processing Monthly Tabular Reports: CoilReportMonthly
   **   ~~~   ** ..Variable name=COOLING COIL TOTAL COOLING ENERGY not valid for this simulation.
   **   ~~~   ** ..i.e., Variable name=AIRLOOP DATACENTER BOT_SUPPHEATCOIL:COOLING COIL TOTAL COOLING ENERGY not valid for this simulation.
   ** Warning ** Processing Monthly Tabular Reports: CoilReportMonthly
   **   ~~~   ** ..Variable name=COOLING COIL SENSIBLE COOLING ENERGY not valid for this simulation.
   **   ~~~   ** ..i.e., Variable name=AIRLOOP DATACENTER BOT_SUPPHEATCOIL:COOLING COIL SENSIBLE COOLING ENERGY not valid for this simulation.
   ** Warning ** Processing Monthly Tabular Reports: CoilReportMonthly
   **   ~~~   ** ..Variable name=COOLING COIL TOTAL COOLING RATE not valid for this simulation.
   **   ~~~   ** ..i.e., Variable name=AIRLOOP DATACENTER BOT_SUPPHEATCOIL:COOLING COIL TOTAL COOLING RATE not valid for this simulation.
   ** Warning ** Processing Monthly Tabular Reports: CoilReportMonthly
   **   ~~~   ** ..Variable name=COOLING COIL SENSIBLE COOLING RATE not valid for this simulation.
   **   ~~~   ** ..i.e., Variable name=AIRLOOP DATACENTER BOT_SUPPHEATCOIL:COOLING COIL SENSIBLE COOLING RATE not valid for this simulation.
   ** Warning ** Processing Monthly Tabular Reports: CoilReportMonthly
   **   ~~~   ** ..Variable name=COOLING COIL WETTED AREA FRACTION not valid for this simulation.
   **   ~~~   ** ..i.e., Variable name=AIRLOOP DATACENTER BOT_SUPPHEATCOIL:COOLING COIL WETTED AREA FRACTION not valid for this simulation.
   ** Warning ** Processing Monthly Tabular Reports: CoilReportMonthly
   **   ~~~   ** ..Variable name=COOLING COIL TOTAL COOLING ENERGY not valid for this simulation.
   **   ~~~   ** ..i.e., Variable name=AIRLOOP DATACENTER MID_SUPPHEATCOIL:COOLING COIL TOTAL COOLING ENERGY not valid for this simulation.
   ** Warning ** Processing Monthly Tabular Reports: CoilReportMonthly
   **   ~~~   ** ..Variable name=COOLING COIL SENSIBLE COOLING ENERGY not valid for this simulation.
   **   ~~~   ** ..i.e., Variable name=AIRLOOP DATACENTER MID_SUPPHEATCOIL:COOLING COIL SENSIBLE COOLING ENERGY not valid for this simulation.
   ** Warning ** Processing Monthly Tabular Reports: CoilReportMonthly
   **   ~~~   ** ..Variable name=COOLING COIL TOTAL COOLING RATE not valid for this simulation.
   **   ~~~   ** ..i.e., Variable name=AIRLOOP DATACENTER MID_SUPPHEATCOIL:COOLING COIL TOTAL COOLING RATE not valid for this simulation.
   ** Warning ** Processing Monthly Tabular Reports: CoilReportMonthly
   **   ~~~   ** ..Variable name=COOLING COIL SENSIBLE COOLING RATE not valid for this simulation.
   **   ~~~   ** ..i.e., Variable name=AIRLOOP DATACENTER MID_SUPPHEATCOIL:COOLING COIL SENSIBLE COOLING RATE not valid for this simulation.
   ** Warning ** Processing Monthly Tabular Reports: CoilReportMonthly
   **   ~~~   ** ..Variable name=COOLING COIL WETTED AREA FRACTION not valid for this simulation.
   **   ~~~   ** ..i.e., Variable name=AIRLOOP DATACENTER MID_SUPPHEATCOIL:COOLING COIL WETTED AREA FRACTION not valid for this simulation.
   ** Warning ** Processing Monthly Tabular Reports: CoilReportMonthly
   **   ~~~   ** ..Variable name=COOLING COIL TOTAL COOLING ENERGY not valid for this simulation.
   **   ~~~   ** ..i.e., Variable name=AIRLOOP DATACENTER TOP_SUPPHEATCOIL:COOLING COIL TOTAL COOLING ENERGY not valid for this simulation.
   ** Warning ** Processing Monthly Tabular Reports: CoilReportMonthly
   **   ~~~   ** ..Variable name=COOLING COIL SENSIBLE COOLING ENERGY not valid for this simulation.
   **   ~~~   ** ..i.e., Variable name=AIRLOOP DATACENTER TOP_SUPPHEATCOIL:COOLING COIL SENSIBLE COOLING ENERGY not valid for this simulation.
   ** Warning ** Processing Monthly Tabular Reports: CoilReportMonthly
   **   ~~~   ** ..Variable name=COOLING COIL TOTAL COOLING RATE not valid for this simulation.
   **   ~~~   ** ..i.e., Variable name=AIRLOOP DATACENTER TOP_SUPPHEATCOIL:COOLING COIL TOTAL COOLING RATE not valid for this simulation.
   ** Warning ** Processing Monthly Tabular Reports: CoilReportMonthly
   **   ~~~   ** ..Variable name=COOLING COIL SENSIBLE COOLING RATE not valid for this simulation.
   **   ~~~   ** ..i.e., Variable name=AIRLOOP DATACENTER TOP_SUPPHEATCOIL:COOLING COIL SENSIBLE COOLING RATE not valid for this simulation.
   ** Warning ** Processing Monthly Tabular Reports: CoilReportMonthly
   **   ~~~   ** ..Variable name=COOLING COIL WETTED AREA FRACTION not valid for this simulation.
   **   ~~~   ** ..i.e., Variable name=AIRLOOP DATACENTER TOP_SUPPHEATCOIL:COOLING COIL WETTED AREA FRACTION not valid for this simulation.
   ** Warning ** Processing Monthly Tabular Reports: CoilReportMonthly
   **   ~~~   ** ..Variable name=HEATING COIL HEATING ENERGY not valid for this simulation.
   **   ~~~   ** ..i.e., Variable name=VAV_BOT WITH REHEAT COOLING COIL:HEATING COIL HEATING ENERGY not valid for this simulation.
   ** Warning ** Processing Monthly Tabular Reports: CoilReportMonthly
   **   ~~~   ** ..Variable name=HEATING COIL HEATING RATE not valid for this simulation.
   **   ~~~   ** ..i.e., Variable name=VAV_BOT WITH REHEAT COOLING COIL:HEATING COIL HEATING RATE not valid for this simulation.
   ** Warning ** Processing Monthly Tabular Reports: CoilReportMonthly
   **   ~~~   ** ..Variable name=HEATING COIL HEATING ENERGY not valid for this simulation.
   **   ~~~   ** ..i.e., Variable name=VAV_MID WITH REHEAT COOLING COIL:HEATING COIL HEATING ENERGY not valid for this simulation.
   ** Warning ** Processing Monthly Tabular Reports: CoilReportMonthly
   **   ~~~   ** ..Variable name=HEATING COIL HEATING RATE not valid for this simulation.
   **   ~~~   ** ..i.e., Variable name=VAV_MID WITH REHEAT COOLING COIL:HEATING COIL HEATING RATE not valid for this simulation.
   ** Warning ** Processing Monthly Tabular Reports: CoilReportMonthly
   **   ~~~   ** ..Variable name=HEATING COIL HEATING ENERGY not valid for this simulation.
   **   ~~~   ** ..i.e., Variable name=VAV_TOP WITH REHEAT COOLING COIL:HEATING COIL HEATING ENERGY not valid for this simulation.
   ** Warning ** Processing Monthly Tabular Reports: CoilReportMonthly
   **   ~~~   ** ..Variable name=HEATING COIL HEATING RATE not valid for this simulation.
   **   ~~~   ** ..i.e., Variable name=VAV_TOP WITH REHEAT COOLING COIL:HEATING COIL HEATING RATE not valid for this simulation.
   ** Warning ** Processing Monthly Tabular Reports: CoilReportMonthly
   **   ~~~   ** ..Variable name=HEATING COIL HEATING ENERGY not valid for this simulation.
   **   ~~~   ** ..i.e., Variable name=CAV_BAS COOLING COIL:HEATING COIL HEATING ENERGY not valid for this simulation.
   ** Warning ** Processing Monthly Tabular Reports: CoilReportMonthly
   **   ~~~   ** ..Variable name=HEATING COIL HEATING RATE not valid for this simulation.
   **   ~~~   ** ..i.e., Variable name=CAV_BAS COOLING COIL:HEATING COIL HEATING RATE not valid for this simulation.
   ** Warning ** Processing Monthly Tabular Reports: CoilReportMonthly
   **   ~~~   ** ..Variable name=HEATING COIL HEATING ENERGY not valid for this simulation.
   **   ~~~   ** ..i.e., Variable name=AIRLOOP DATACENTER BASEMENT COOLING COIL:HEATING COIL HEATING ENERGY not valid for this simulation.
   ** Warning ** Processing Monthly Tabular Reports: CoilReportMonthly
   **   ~~~   ** ..Variable name=HEATING COIL HEATING RATE not valid for this simulation.
   **   ~~~   ** ..i.e., Variable name=AIRLOOP DATACENTER BASEMENT COOLING COIL:HEATING COIL HEATING RATE not valid for this simulation.
   ** Warning ** Processing Monthly Tabular Reports: CoilReportMonthly
   **   ~~~   ** ..Variable name=COOLING COIL WETTED AREA FRACTION not valid for this simulation.
   **   ~~~   ** ..i.e., Variable name=AIRLOOP DATACENTER BASEMENT COOLING COIL:COOLING COIL WETTED AREA FRACTION not valid for this simulation.
   ** Warning ** Processing Monthly Tabular Reports: CoilReportMonthly
   **   ~~~   ** ..Variable name=HEATING COIL HEATING ENERGY not valid for this simulation.
   **   ~~~   ** ..i.e., Variable name=AIRLOOP DATACENTER BOT COOLING COIL:HEATING COIL HEATING ENERGY not valid for this simulation.
   ** Warning ** Processing Monthly Tabular Reports: CoilReportMonthly
   **   ~~~   ** ..Variable name=HEATING COIL HEATING RATE not valid for this simulation.
   **   ~~~   ** ..i.e., Variable name=AIRLOOP DATACENTER BOT COOLING COIL:HEATING COIL HEATING RATE not valid for this simulation.
   ** Warning ** Processing Monthly Tabular Reports: CoilReportMonthly
   **   ~~~   ** ..Variable name=COOLING COIL WETTED AREA FRACTION not valid for this simulation.
   **   ~~~   ** ..i.e., Variable name=AIRLOOP DATACENTER BOT COOLING COIL:COOLING COIL WETTED AREA FRACTION not valid for this simulation.
   ** Warning ** Processing Monthly Tabular Reports: CoilReportMonthly
   **   ~~~   ** ..Variable name=HEATING COIL HEATING ENERGY not valid for this simulation.
   **   ~~~   ** ..i.e., Variable name=AIRLOOP DATACENTER MID COOLING COIL:HEATING COIL HEATING ENERGY not valid for this simulation.
   ** Warning ** Processing Monthly Tabular Reports: CoilReportMonthly
   **   ~~~   ** ..Variable name=HEATING COIL HEATING RATE not valid for this simulation.
   **   ~~~   ** ..i.e., Variable name=AIRLOOP DATACENTER MID COOLING COIL:HEATING COIL HEATING RATE not valid for this simulation.
   ** Warning ** Processing Monthly Tabular Reports: CoilReportMonthly
   **   ~~~   ** ..Variable name=COOLING COIL WETTED AREA FRACTION not valid for this simulation.
   **   ~~~   ** ..i.e., Variable name=AIRLOOP DATACENTER MID COOLING COIL:COOLING COIL WETTED AREA FRACTION not valid for this simulation.
   ** Warning ** Processing Monthly Tabular Reports: CoilReportMonthly
   **   ~~~   ** ..Variable name=HEATING COIL HEATING ENERGY not valid for this simulation.
   **   ~~~   ** ..i.e., Variable name=AIRLOOP DATACENTER TOP COOLING COIL:HEATING COIL HEATING ENERGY not valid for this simulation.
   ** Warning ** Processing Monthly Tabular Reports: CoilReportMonthly
   **   ~~~   ** ..Variable name=HEATING COIL HEATING RATE not valid for this simulation.
   **   ~~~   ** ..i.e., Variable name=AIRLOOP DATACENTER TOP COOLING COIL:HEATING COIL HEATING RATE not valid for this simulation.
   ** Warning ** Processing Monthly Tabular Reports: CoilReportMonthly
   **   ~~~   ** ..Variable name=COOLING COIL WETTED AREA FRACTION not valid for this simulation.
   **   ~~~   ** ..i.e., Variable name=AIRLOOP DATACENTER TOP COOLING COIL:COOLING COIL WETTED AREA FRACTION not valid for this simulation.
   ** Warning ** Processing Monthly Tabular Reports: ZoneTemperatureOscillationReportMonthly
   **   ~~~   ** ..Variable name=ZONE PEOPLE OCCUPANT COUNT not valid for this simulation.
   **   ~~~   ** ..i.e., Variable name=GROUNDFLOOR_PLENUM:ZONE PEOPLE OCCUPANT COUNT not valid for this simulation.
   ** Warning ** Processing Monthly Tabular Reports: ZoneTemperatureOscillationReportMonthly
   **   ~~~   ** ..Variable name=ZONE PEOPLE OCCUPANT COUNT not valid for this simulation.
   **   ~~~   ** ..i.e., Variable name=MIDFLOOR_PLENUM:ZONE PEOPLE OCCUPANT COUNT not valid for this simulation.
   ** Warning ** Processing Monthly Tabular Reports: ZoneTemperatureOscillationReportMonthly
   **   ~~~   ** ..Variable name=ZONE PEOPLE OCCUPANT COUNT not valid for this simulation.
   **   ~~~   ** ..i.e., Variable name=TOPFLOOR_PLENUM:ZONE PEOPLE OCCUPANT COUNT not valid for this simulation.
   ** Warning ** Processing Monthly Tabular Reports: AirLoopSystemEnergyAndWaterUseMonthly
   **   ~~~   ** ..Variable name=AIR SYSTEM NATURAL GAS ENERGY not valid for this simulation.
   ** Warning ** Processing Monthly Tabular Reports: AirLoopSystemEnergyAndWaterUseMonthly
   **   ~~~   ** ..Variable name=AIR SYSTEM NATURAL GAS ENERGY not valid for this simulation.
   **   ~~~   ** ..i.e., Variable name=VAV_BOT WITH REHEAT:AIR SYSTEM NATURAL GAS ENERGY not valid for this simulation.
   ** Warning ** Processing Monthly Tabular Reports: AirLoopSystemEnergyAndWaterUseMonthly
   **   ~~~   ** ..Variable name=AIR SYSTEM NATURAL GAS ENERGY not valid for this simulation.
   **   ~~~   ** ..i.e., Variable name=VAV_MID WITH REHEAT:AIR SYSTEM NATURAL GAS ENERGY not valid for this simulation.
   ** Warning ** Processing Monthly Tabular Reports: AirLoopSystemEnergyAndWaterUseMonthly
   **   ~~~   ** ..Variable name=AIR SYSTEM NATURAL GAS ENERGY not valid for this simulation.
   **   ~~~   ** ..i.e., Variable name=VAV_TOP WITH REHEAT:AIR SYSTEM NATURAL GAS ENERGY not valid for this simulation.
   ** Warning ** Processing Monthly Tabular Reports: AirLoopSystemEnergyAndWaterUseMonthly
   **   ~~~   ** ..Variable name=AIR SYSTEM NATURAL GAS ENERGY not valid for this simulation.
   **   ~~~   ** ..i.e., Variable name=CAV_BAS:AIR SYSTEM NATURAL GAS ENERGY not valid for this simulation.
   ** Warning ** Processing Monthly Tabular Reports: AirLoopSystemEnergyAndWaterUseMonthly
   **   ~~~   ** ..Variable name=AIR SYSTEM NATURAL GAS ENERGY not valid for this simulation.
   **   ~~~   ** ..i.e., Variable name=AIRLOOP DATACENTER BASEMENT:AIR SYSTEM NATURAL GAS ENERGY not valid for this simulation.
   ** Warning ** Processing Monthly Tabular Reports: AirLoopSystemEnergyAndWaterUseMonthly
   **   ~~~   ** ..Variable name=AIR SYSTEM NATURAL GAS ENERGY not valid for this simulation.
   **   ~~~   ** ..i.e., Variable name=AIRLOOP DATACENTER BOT:AIR SYSTEM NATURAL GAS ENERGY not valid for this simulation.
   ** Warning ** Processing Monthly Tabular Reports: AirLoopSystemEnergyAndWaterUseMonthly
   **   ~~~   ** ..Variable name=AIR SYSTEM NATURAL GAS ENERGY not valid for this simulation.
   **   ~~~   ** ..i.e., Variable name=AIRLOOP DATACENTER MID:AIR SYSTEM NATURAL GAS ENERGY not valid for this simulation.
   ** Warning ** Processing Monthly Tabular Reports: AirLoopSystemEnergyAndWaterUseMonthly
   **   ~~~   ** ..Variable name=AIR SYSTEM NATURAL GAS ENERGY not valid for this simulation.
   **   ~~~   ** ..i.e., Variable name=AIRLOOP DATACENTER TOP:AIR SYSTEM NATURAL GAS ENERGY not valid for this simulation.
   ** Warning ** Processing Monthly Tabular Reports: AirLoopSystemComponentEnergyUseMonthly
   **   ~~~   ** ..Variable name=AIR SYSTEM HEATING COIL NATURAL GAS ENERGY not valid for this simulation.
   ** Warning ** Processing Monthly Tabular Reports: AirLoopSystemComponentEnergyUseMonthly
   **   ~~~   ** ..Variable name=AIR SYSTEM HUMIDIFIER NATURAL GAS ENERGY not valid for this simulation.
   ** Warning ** Processing Monthly Tabular Reports: AirLoopSystemComponentEnergyUseMonthly
   **   ~~~   ** ..Variable name=AIR SYSTEM HEATING COIL NATURAL GAS ENERGY not valid for this simulation.
   **   ~~~   ** ..i.e., Variable name=VAV_BOT WITH REHEAT:AIR SYSTEM HEATING COIL NATURAL GAS ENERGY not valid for this simulation.
   ** Warning ** Processing Monthly Tabular Reports: AirLoopSystemComponentEnergyUseMonthly
   **   ~~~   ** ..Variable name=AIR SYSTEM HUMIDIFIER NATURAL GAS ENERGY not valid for this simulation.
   **   ~~~   ** ..i.e., Variable name=VAV_BOT WITH REHEAT:AIR SYSTEM HUMIDIFIER NATURAL GAS ENERGY not valid for this simulation.
   ** Warning ** Processing Monthly Tabular Reports: AirLoopSystemComponentEnergyUseMonthly
   **   ~~~   ** ..Variable name=AIR SYSTEM HEATING COIL NATURAL GAS ENERGY not valid for this simulation.
   **   ~~~   ** ..i.e., Variable name=VAV_MID WITH REHEAT:AIR SYSTEM HEATING COIL NATURAL GAS ENERGY not valid for this simulation.
   ** Warning ** Processing Monthly Tabular Reports: AirLoopSystemComponentEnergyUseMonthly
   **   ~~~   ** ..Variable name=AIR SYSTEM HUMIDIFIER NATURAL GAS ENERGY not valid for this simulation.
   **   ~~~   ** ..i.e., Variable name=VAV_MID WITH REHEAT:AIR SYSTEM HUMIDIFIER NATURAL GAS ENERGY not valid for this simulation.
   ** Warning ** Processing Monthly Tabular Reports: AirLoopSystemComponentEnergyUseMonthly
   **   ~~~   ** ..Variable name=AIR SYSTEM HEATING COIL NATURAL GAS ENERGY not valid for this simulation.
   **   ~~~   ** ..i.e., Variable name=VAV_TOP WITH REHEAT:AIR SYSTEM HEATING COIL NATURAL GAS ENERGY not valid for this simulation.
   ** Warning ** Processing Monthly Tabular Reports: AirLoopSystemComponentEnergyUseMonthly
   **   ~~~   ** ..Variable name=AIR SYSTEM HUMIDIFIER NATURAL GAS ENERGY not valid for this simulation.
   **   ~~~   ** ..i.e., Variable name=VAV_TOP WITH REHEAT:AIR SYSTEM HUMIDIFIER NATURAL GAS ENERGY not valid for this simulation.
   ** Warning ** Processing Monthly Tabular Reports: AirLoopSystemComponentEnergyUseMonthly
   **   ~~~   ** ..Variable name=AIR SYSTEM HEATING COIL NATURAL GAS ENERGY not valid for this simulation.
   **   ~~~   ** ..i.e., Variable name=CAV_BAS:AIR SYSTEM HEATING COIL NATURAL GAS ENERGY not valid for this simulation.
   ** Warning ** Processing Monthly Tabular Reports: AirLoopSystemComponentEnergyUseMonthly
   **   ~~~   ** ..Variable name=AIR SYSTEM HUMIDIFIER NATURAL GAS ENERGY not valid for this simulation.
   **   ~~~   ** ..i.e., Variable name=CAV_BAS:AIR SYSTEM HUMIDIFIER NATURAL GAS ENERGY not valid for this simulation.
   ** Warning ** Processing Monthly Tabular Reports: AirLoopSystemComponentEnergyUseMonthly
   **   ~~~   ** ..Variable name=AIR SYSTEM HEATING COIL NATURAL GAS ENERGY not valid for this simulation.
   **   ~~~   ** ..i.e., Variable name=AIRLOOP DATACENTER BASEMENT:AIR SYSTEM HEATING COIL NATURAL GAS ENERGY not valid for this simulation.
   ** Warning ** Processing Monthly Tabular Reports: AirLoopSystemComponentEnergyUseMonthly
   **   ~~~   ** ..Variable name=AIR SYSTEM HUMIDIFIER NATURAL GAS ENERGY not valid for this simulation.
   **   ~~~   ** ..i.e., Variable name=AIRLOOP DATACENTER BASEMENT:AIR SYSTEM HUMIDIFIER NATURAL GAS ENERGY not valid for this simulation.
   ** Warning ** Processing Monthly Tabular Reports: AirLoopSystemComponentEnergyUseMonthly
   **   ~~~   ** ..Variable name=AIR SYSTEM HEATING COIL NATURAL GAS ENERGY not valid for this simulation.
   **   ~~~   ** ..i.e., Variable name=AIRLOOP DATACENTER BOT:AIR SYSTEM HEATING COIL NATURAL GAS ENERGY not valid for this simulation.
   ** Warning ** Processing Monthly Tabular Reports: AirLoopSystemComponentEnergyUseMonthly
   **   ~~~   ** ..Variable name=AIR SYSTEM HUMIDIFIER NATURAL GAS ENERGY not valid for this simulation.
   **   ~~~   ** ..i.e., Variable name=AIRLOOP DATACENTER BOT:AIR SYSTEM HUMIDIFIER NATURAL GAS ENERGY not valid for this simulation.
   ** Warning ** Processing Monthly Tabular Reports: AirLoopSystemComponentEnergyUseMonthly
   **   ~~~   ** ..Variable name=AIR SYSTEM HEATING COIL NATURAL GAS ENERGY not valid for this simulation.
   **   ~~~   ** ..i.e., Variable name=AIRLOOP DATACENTER MID:AIR SYSTEM HEATING COIL NATURAL GAS ENERGY not valid for this simulation.
   ** Warning ** Processing Monthly Tabular Reports: AirLoopSystemComponentEnergyUseMonthly
   **   ~~~   ** ..Variable name=AIR SYSTEM HUMIDIFIER NATURAL GAS ENERGY not valid for this simulation.
   **   ~~~   ** ..i.e., Variable name=AIRLOOP DATACENTER MID:AIR SYSTEM HUMIDIFIER NATURAL GAS ENERGY not valid for this simulation.
   ** Warning ** Processing Monthly Tabular Reports: AirLoopSystemComponentEnergyUseMonthly
   **   ~~~   ** ..Variable name=AIR SYSTEM HEATING COIL NATURAL GAS ENERGY not valid for this simulation.
   **   ~~~   ** ..i.e., Variable name=AIRLOOP DATACENTER TOP:AIR SYSTEM HEATING COIL NATURAL GAS ENERGY not valid for this simulation.
   ** Warning ** Processing Monthly Tabular Reports: AirLoopSystemComponentEnergyUseMonthly
   **   ~~~   ** ..Variable name=AIR SYSTEM HUMIDIFIER NATURAL GAS ENERGY not valid for this simulation.
   **   ~~~   ** ..i.e., Variable name=AIRLOOP DATACENTER TOP:AIR SYSTEM HUMIDIFIER NATURAL GAS ENERGY not valid for this simulation.
   ** Warning ** CalcEquipmentFlowRates: "CORE_BOTTOM SUB CAT" - Target water temperature is greater than the hot water temperature by (1.75 C)
   **   ~~~   **  Environment=RUNPERIOD 1, at Simulation time=01/01 06:00 - 06:10
   **   ~~~   ** ...target water temperature     = 60.00 C
   **   ~~~   ** ...hot water temperature        = 58.25 C
   **   ~~~   ** ...Target water temperature should be less than or equal to the hot water temperature. Verify temperature setpoints and schedules.
   ** Warning ** CalcEquipmentFlowRates: "CORE_MID SUB CAT" - Target water temperature is greater than the hot water temperature by (1.75 C)
   **   ~~~   **  Environment=RUNPERIOD 1, at Simulation time=01/01 06:00 - 06:10
   **   ~~~   ** ...target water temperature     = 60.00 C
   **   ~~~   ** ...hot water temperature        = 58.25 C
   **   ~~~   ** ...Target water temperature should be less than or equal to the hot water temperature. Verify temperature setpoints and schedules.
   ** Warning ** CalcEquipmentFlowRates: "CORE_TOP SUB CAT" - Target water temperature is greater than the hot water temperature by (1.75 C)
   **   ~~~   **  Environment=RUNPERIOD 1, at Simulation time=01/01 06:00 - 06:10
   **   ~~~   ** ...target water temperature     = 60.00 C
   **   ~~~   ** ...hot water temperature        = 58.25 C
   **   ~~~   ** ...Target water temperature should be less than or equal to the hot water temperature. Verify temperature setpoints and schedules.
   ** Warning ** CHILLER:ELECTRIC:REFORMULATEDEIR "COOLSYS1 CHILLER1": The condenser outlet temperature (20.48 C) is outside the range of condenser outlet temperatures (X var) given in Electric Input to Cooling Output Ratio Function of Part-load Ratio bicubic curve = WC_CENT_300TO600_2010_PB_EIRFPLR
   **   ~~~   ** The range specified = 31.13 C to 36.52 C. Environment=RUNPERIOD 1, at Simulation time=01/02 07:10 - 07:20
   ** Warning ** CHILLER:ELECTRIC:REFORMULATEDEIR "COOLSYS1 CHILLER1": The part-load ratio (0.150) is outside the range of part-load ratios (Y var) given in Electric Input to Cooling Output Ratio Function of Part-load Ratio bicubic curve = WC_CENT_300TO600_2010_PB_EIRFPLR
   **   ~~~   ** The range specified = 0.190 to 1.030. Environment=RUNPERIOD 1, at Simulation time=01/02 07:10 - 07:20
   ** Warning ** CoolingTower:VariableSpeed "TOWERWATERSYS COOLTOWER 1" - Tower range temperature is outside model boundaries at 2.14E-002.
   **   ~~~   **  ...Valid range = 1.11 to 11.11. Occurrence info = RUNPERIOD 1, 01/02 07:10 - 07:20
   **   ~~~   **  ...Tower range temperature passed to the model = 2.13723E-002
   **   ~~~   **  ...Range temperatures outside model boundaries may not adversely affect tower performance.
   **   ~~~   **  ...This is not an unexpected occurrence when simulating actual conditions.
   ** Warning ** CoolingTower:VariableSpeed "TOWERWATERSYS COOLTOWER 1" - Inlet air wet-bulb temperature is outside model boundaries at -3.68.
   **   ~~~   **  ...Valid range = -1.00 to 26.67. Occurrence info = RUNPERIOD 1, 01/02 07:10 - 07:20
   **   ~~~   **  ...Inlet air wet-bulb temperature passed to the model = -1.000000
   **   ~~~   **  ...Wet-bulb temperatures outside model boundaries may not adversely affect tower performance.
   ** Warning ** CoolingTower:VariableSpeed "TOWERWATERSYS COOLTOWER 1" - Tower approach temperature is outside model boundaries at 24.78.
   **   ~~~   **  ...Valid range = 1.11 to 11.11. Occurrence info = RUNPERIOD 1, 01/02 07:10 - 07:20
   **   ~~~   **  ...Tower approach temperature passed to the model = 24.77611
   **   ~~~   **  ...Approach temperatures outside model boundaries may not adversely affect tower performance.
   **   ~~~   **  ...This is not an unexpected occurrence when simulating actual conditions.
   ** Warning ** GetSpecificHeatGlycol: Temperature is out of range (too high) for fluid [ETHYLENEGLYCOL40PERCENT] specific heat **
   **   ~~~   ** ..Called From:NodeReportingCalc:AIRLOOP DATACENTER MID CCOIL WATER OUTLET,Temperature=[173.31], supplied data range=[-10.00,125.00]
   **   ~~~   **  Environment=RUNPERIOD 1, at Simulation time=01/03 14:20 - 14:30
   ** Warning ** GetDensityGlycol: Temperature is out of range (too high) for fluid [ETHYLENEGLYCOL40PERCENT] density **
   **   ~~~   ** ..Called From:NodeReportingCalc:AIRLOOP DATACENTER MID CCOIL WATER OUTLET,Temperature=[173.31], supplied data range=[-10.00,125.00]
   **   ~~~   **  Environment=RUNPERIOD 1, at Simulation time=01/03 14:20 - 14:30
   ** Warning ** CoolingTower:VariableSpeed "TOWERWATERSYS COOLTOWER 1" - Inlet air wet-bulb temperature is outside model boundaries at -14.47.
   **   ~~~   **  ...Valid range = -1.00 to 26.67. Occurrence info = RUNPERIOD 1, 01/05 07:00 - 07:03
   **   ~~~   **  ...Inlet air wet-bulb temperature passed to the model = -1.000000
   **   ~~~   **  ...Wet-bulb temperatures outside model boundaries may not adversely affect tower performance.
   ** Warning ** CoolingTower:VariableSpeed "TOWERWATERSYS COOLTOWER 1" - Inlet air wet-bulb temperature is outside model boundaries at -5.28.
   **   ~~~   **  ...Valid range = -1.00 to 26.67. Occurrence info = RUNPERIOD 1, 01/05 15:50 - 16:00
   **   ~~~   **  ...Inlet air wet-bulb temperature passed to the model = -1.000000
   **   ~~~   **  ...Wet-bulb temperatures outside model boundaries may not adversely affect tower performance.
   ** Warning ** CoolingTower:VariableSpeed "TOWERWATERSYS COOLTOWER 1" - Inlet air wet-bulb temperature is outside model boundaries at -7.84.
   **   ~~~   **  ...Valid range = -1.00 to 26.67. Occurrence info = RUNPERIOD 1, 01/06 07:00 - 07:03
   **   ~~~   **  ...Inlet air wet-bulb temperature passed to the model = -1.000000
   **   ~~~   **  ...Wet-bulb temperatures outside model boundaries may not adversely affect tower performance.
   ** Warning ** HeatExchanger:AirToAir:SensibleAndLatent "VAV_MID WITH REHEAT OA HEAT RECOVERY"
   **   ~~~   ** Average air volume flow rate is <50% or >130% of the nominal HX supply air volume flow rate.
   **   ~~~   ** Air volume flow rate ratio = 1.315. Environment=RUNPERIOD 1, at Simulation time=01/06 10:50 - 11:00
   ** Warning ** CoolingTower:VariableSpeed "TOWERWATERSYS COOLTOWER 1" - Inlet air wet-bulb temperature is outside model boundaries at -4.04.
   **   ~~~   **  ...Valid range = -1.00 to 26.67. Occurrence info = RUNPERIOD 1, 01/06 10:50 - 11:00
   **   ~~~   **  ...Inlet air wet-bulb temperature passed to the model = -1.000000
   **   ~~~   **  ...Wet-bulb temperatures outside model boundaries may not adversely affect tower performance.
   ** Warning ** HeatExchanger:AirToAir:SensibleAndLatent "VAV_BOT WITH REHEAT OA HEAT RECOVERY"
   **   ~~~   ** Average air volume flow rate is <50% or >130% of the nominal HX supply air volume flow rate.
   **   ~~~   ** Air volume flow rate ratio = 1.442. Environment=RUNPERIOD 1, at Simulation time=01/09 15:30 - 15:40
   ** Warning ** SimHVAC: Maximum iterations (20) exceeded for all HVAC loops, at RUNPERIOD 1, 01/09 16:10 - 16:20
   **   ~~~   ** The solution for one or more of the Air Loop HVAC systems did not appear to converge
   **   ~~~   ** Air System Named = VAV_BOT WITH REHEAT did not converge for mass flow rate
   **   ~~~   ** Check values should be zero. Most Recent values listed first.
   **   ~~~   ** Demand-to-Supply interface mass flow rate check value iteration history trace: 9.885502E-002,4.275510E-002,5.592688E-002,1.485419E-002,6.804272E-002,6.905897E-002,4.419305E-002,0.143714,9.885502E-002,4.275510E-002,
   **   ~~~   ** Supply-to-demand interface deck 1 mass flow rate check value iteration history trace: 0.000000,0.000000,0.000000,0.000000,0.000000,0.000000,0.000000,0.000000,0.000000,0.000000,
   **   ~~~   ** Air System Named = VAV_BOT WITH REHEAT did not converge for temperature
   **   ~~~   ** Check values should be zero. Most Recent values listed first.
   **   ~~~   ** Demand-to-Supply interface temperature check value iteration history trace: 3.552714E-015,3.552714E-015,0.000000,0.000000,3.552714E-015,3.552714E-015,0.000000,0.000000,3.552714E-015,3.552714E-015,
   **   ~~~   ** Supply-to-demand interface deck 1 temperature check value iteration history trace: 0.305296,0.139682,0.181725,4.746884E-002,0.224529,0.227816,0.144519,0.451952,0.305296,0.139682,
   **   ~~~   ** Air System Named = VAV_BOT WITH REHEAT did not converge for energy
   **   ~~~   ** Check values should be zero. Most Recent values listed first.
   **   ~~~   ** Demand-to-Supply interface energy check value iteration history trace: 2295.810190,992.945071,1298.846668,344.973793,1580.224992,1603.826429,1026.339924,3337.620873,2295.810190,992.945071,
   **   ~~~   ** Supply-to-demand interface deck 1 energy check value iteration history trace: 1042.914110,471.162508,-623.193749,162.077050,751.276320,-778.085062,487.172616,-1588.797472,1042.914110,471.162508,
   **   ~~~   ** Node named CORE_BOTTOM VAV BOX OUTLET NODE shows oscillating humidity ratio across iterations with a repeated value of 6.373183E-003
   **   ~~~   ** Node named CORE_BOTTOM VAV BOX OUTLET NODE humidity ratio [kg-water/kg-dryair] iteration history trace (most recent first): 6.373183E-003,6.366596E-003,6.362955E-003,6.316090E-003,6.373183E-003,6.366596E-003,6.362955E-003,6.316090E-003,6.373183E-003,6.366596E-003,
   **   ~~~   ** Node named CORE_BOTTOM VAV BOX OUTLET NODE shows oscillating mass flow rate across iterations with a repeated value of 2.715038
   **   ~~~   ** Node named CORE_BOTTOM VAV BOX OUTLET NODE mass flow rate [kg/s] iteration history trace (most recent first): 2.715038,2.615517,2.614500,2.573428,2.715038,2.615517,2.614500,2.573428,2.715038,2.615517,
   **   ~~~   ** Node named CORE_BOTTOM VAV BOX OUTLET NODE shows oscillating temperatures across iterations with a repeated value of 15.905785
   **   ~~~   ** Node named CORE_BOTTOM VAV BOX OUTLET NODE temperature [C] iteration history trace (most recent first): 15.905785,15.598351,15.595064,15.460807,15.905785,15.598351,15.595064,15.460807,15.905785,15.598351,
   **   ~~~   ** Node named PERIMETER_BOT_ZN_3 VAV BOX OUTLET NODE shows oscillating humidity ratio across iterations with a repeated value of 6.373183E-003
   **   ~~~   ** Node named PERIMETER_BOT_ZN_3 VAV BOX OUTLET NODE humidity ratio [kg-water/kg-dryair] iteration history trace (most recent first): 6.373183E-003,6.366596E-003,6.362955E-003,6.316090E-003,6.373183E-003,6.366596E-003,6.362955E-003,6.316090E-003,6.373183E-003,6.366596E-003,
   **   ~~~   ** Node named PERIMETER_BOT_ZN_3 VAV BOX OUTLET NODE shows oscillating temperatures across iterations with a repeated value of 15.905785
   **   ~~~   ** Node named PERIMETER_BOT_ZN_3 VAV BOX OUTLET NODE temperature [C] iteration history trace (most recent first): 15.905785,15.598351,15.595064,15.460807,15.905785,15.598351,15.595064,15.460807,15.905785,15.598351,
   **   ~~~   ** Node named PERIMETER_BOT_ZN_2 VAV BOX OUTLET NODE shows oscillating humidity ratio across iterations with a repeated value of 6.373183E-003
   **   ~~~   ** Node named PERIMETER_BOT_ZN_2 VAV BOX OUTLET NODE humidity ratio [kg-water/kg-dryair] iteration history trace (most recent first): 6.373183E-003,6.366596E-003,6.362955E-003,6.316090E-003,6.373183E-003,6.366596E-003,6.362955E-003,6.316090E-003,6.373183E-003,6.366596E-003,
   **   ~~~   ** Node named PERIMETER_BOT_ZN_2 VAV BOX OUTLET NODE shows oscillating temperatures across iterations with a repeated value of 15.905785
   **   ~~~   ** Node named PERIMETER_BOT_ZN_2 VAV BOX OUTLET NODE temperature [C] iteration history trace (most recent first): 15.905785,15.598351,15.595064,15.460807,15.905785,15.598351,15.595064,15.460807,15.905785,15.598351,
   **   ~~~   ** Node named PERIMETER_BOT_ZN_1 VAV BOX OUTLET NODE shows oscillating humidity ratio across iterations with a repeated value of 6.373183E-003
   **   ~~~   ** Node named PERIMETER_BOT_ZN_1 VAV BOX OUTLET NODE humidity ratio [kg-water/kg-dryair] iteration history trace (most recent first): 6.373183E-003,6.366596E-003,6.362955E-003,6.316090E-003,6.373183E-003,6.366596E-003,6.362955E-003,6.316090E-003,6.373183E-003,6.366596E-003,
   **   ~~~   ** Node named PERIMETER_BOT_ZN_1 VAV BOX OUTLET NODE shows oscillating temperatures across iterations with a repeated value of 15.905785
   **   ~~~   ** Node named PERIMETER_BOT_ZN_1 VAV BOX OUTLET NODE temperature [C] iteration history trace (most recent first): 15.905785,15.598351,15.595064,15.460807,15.905785,15.598351,15.595064,15.460807,15.905785,15.598351,
   **   ~~~   ** Node named PERIMETER_BOT_ZN_4 VAV BOX OUTLET NODE shows oscillating humidity ratio across iterations with a repeated value of 6.373183E-003
   **   ~~~   ** Node named PERIMETER_BOT_ZN_4 VAV BOX OUTLET NODE humidity ratio [kg-water/kg-dryair] iteration history trace (most recent first): 6.373183E-003,6.366596E-003,6.362955E-003,6.316090E-003,6.373183E-003,6.366596E-003,6.362955E-003,6.316090E-003,6.373183E-003,6.366596E-003,
   **   ~~~   ** Node named PERIMETER_BOT_ZN_4 VAV BOX OUTLET NODE shows oscillating temperatures across iterations with a repeated value of 15.905785
   **   ~~~   ** Node named PERIMETER_BOT_ZN_4 VAV BOX OUTLET NODE temperature [C] iteration history trace (most recent first): 15.905785,15.598351,15.595064,15.460807,15.905785,15.598351,15.595064,15.460807,15.905785,15.598351,
   ** Warning ** SimHVAC: Maximum iterations (20) exceeded for all HVAC loops, at RUNPERIOD 1, 01/09 16:30 - 16:40
   **   ~~~   ** The solution for one or more of the Air Loop HVAC systems did not appear to converge
   **   ~~~   ** Air System Named = VAV_BOT WITH REHEAT did not converge for mass flow rate
   **   ~~~   ** Check values should be zero. Most Recent values listed first.
   **   ~~~   ** Demand-to-Supply interface mass flow rate check value iteration history trace: 4.038021E-002,0.137019,8.372489E-002,1.291407E-002,4.038021E-002,0.137019,8.372489E-002,1.291407E-002,4.038021E-002,0.137019,
   **   ~~~   ** Supply-to-demand interface deck 1 mass flow rate check value iteration history trace: 0.000000,0.000000,0.000000,0.000000,0.000000,0.000000,0.000000,0.000000,0.000000,0.000000,
   **   ~~~   ** Air System Named = VAV_BOT WITH REHEAT did not converge for temperature
   **   ~~~   ** Check values should be zero. Most Recent values listed first.
   **   ~~~   ** Demand-to-Supply interface temperature check value iteration history trace: 0.000000,0.000000,7.105427E-015,7.105427E-015,0.000000,0.000000,7.105427E-015,7.105427E-015,0.000000,0.000000,
   **   ~~~   ** Supply-to-demand interface deck 1 temperature check value iteration history trace: 0.131126,0.428416,0.256267,4.102247E-002,0.131126,0.428416,0.256267,4.102247E-002,0.131126,0.428416,
   **   ~~~   ** Air System Named = VAV_BOT WITH REHEAT did not converge for energy
   **   ~~~   ** Check values should be zero. Most Recent values listed first.
   **   ~~~   ** Demand-to-Supply interface energy check value iteration history trace: 938.290235,3183.830243,1945.463737,300.076271,938.290235,3183.830243,1945.463737,300.076271,938.290235,3183.830243,
   **   ~~~   ** Supply-to-demand interface deck 1 energy check value iteration history trace: 444.571183,-1511.486962,882.571287,140.747227,444.571183,-1511.486962,882.571287,140.747227,444.571183,-1511.486962,
   **   ~~~   ** Node named CORE_BOTTOM VAV BOX OUTLET NODE shows oscillating humidity ratio across iterations with a repeated value of 6.361833E-003
   **   ~~~   ** Node named CORE_BOTTOM VAV BOX OUTLET NODE humidity ratio [kg-water/kg-dryair] iteration history trace (most recent first): 6.361833E-003,6.369586E-003,6.361833E-003,6.369586E-003,6.361833E-003,6.369586E-003,6.361833E-003,6.369586E-003,6.361833E-003,6.369586E-003,
   **   ~~~   ** Node named CORE_BOTTOM VAV BOX OUTLET NODE shows oscillating mass flow rate across iterations with a repeated value of 2.631011
   **   ~~~   ** Node named CORE_BOTTOM VAV BOX OUTLET NODE mass flow rate [kg/s] iteration history trace (most recent first): 2.631011,2.727650,2.631011,2.727650,2.631011,2.727650,2.631011,2.727650,2.631011,2.727650,
   **   ~~~   ** Node named CORE_BOTTOM VAV BOX OUTLET NODE shows oscillating temperatures across iterations with a repeated value of 15.595234
   **   ~~~   ** Node named CORE_BOTTOM VAV BOX OUTLET NODE temperature [C] iteration history trace (most recent first): 15.595234,15.892523,15.595234,15.892523,15.595234,15.892523,15.595234,15.892523,15.595234,15.892523,
   **   ~~~   ** Node named PERIMETER_BOT_ZN_3 VAV BOX OUTLET NODE shows oscillating humidity ratio across iterations with a repeated value of 6.361833E-003
   **   ~~~   ** Node named PERIMETER_BOT_ZN_3 VAV BOX OUTLET NODE humidity ratio [kg-water/kg-dryair] iteration history trace (most recent first): 6.361833E-003,6.369586E-003,6.361833E-003,6.369586E-003,6.361833E-003,6.369586E-003,6.361833E-003,6.369586E-003,6.361833E-003,6.369586E-003,
   **   ~~~   ** Node named PERIMETER_BOT_ZN_3 VAV BOX OUTLET NODE shows oscillating temperatures across iterations with a repeated value of 15.595234
   **   ~~~   ** Node named PERIMETER_BOT_ZN_3 VAV BOX OUTLET NODE temperature [C] iteration history trace (most recent first): 15.595234,15.892523,15.595234,15.892523,15.595234,15.892523,15.595234,15.892523,15.595234,15.892523,
   **   ~~~   ** Node named PERIMETER_BOT_ZN_2 VAV BOX OUTLET NODE shows oscillating humidity ratio across iterations with a repeated value of 6.361833E-003
   **   ~~~   ** Node named PERIMETER_BOT_ZN_2 VAV BOX OUTLET NODE humidity ratio [kg-water/kg-dryair] iteration history trace (most recent first): 6.361833E-003,6.369586E-003,6.361833E-003,6.369586E-003,6.361833E-003,6.369586E-003,6.361833E-003,6.369586E-003,6.361833E-003,6.369586E-003,
   **   ~~~   ** Node named PERIMETER_BOT_ZN_2 VAV BOX OUTLET NODE shows oscillating temperatures across iterations with a repeated value of 15.595234
   **   ~~~   ** Node named PERIMETER_BOT_ZN_2 VAV BOX OUTLET NODE temperature [C] iteration history trace (most recent first): 15.595234,15.892523,15.595234,15.892523,15.595234,15.892523,15.595234,15.892523,15.595234,15.892523,
   **   ~~~   ** Node named PERIMETER_BOT_ZN_1 VAV BOX OUTLET NODE shows oscillating humidity ratio across iterations with a repeated value of 6.361833E-003
   **   ~~~   ** Node named PERIMETER_BOT_ZN_1 VAV BOX OUTLET NODE humidity ratio [kg-water/kg-dryair] iteration history trace (most recent first): 6.361833E-003,6.369586E-003,6.361833E-003,6.369586E-003,6.361833E-003,6.369586E-003,6.361833E-003,6.369586E-003,6.361833E-003,6.369586E-003,
   **   ~~~   ** Node named PERIMETER_BOT_ZN_1 VAV BOX OUTLET NODE shows oscillating temperatures across iterations with a repeated value of 15.595234
   **   ~~~   ** Node named PERIMETER_BOT_ZN_1 VAV BOX OUTLET NODE temperature [C] iteration history trace (most recent first): 15.595234,15.892523,15.595234,15.892523,15.595234,15.892523,15.595234,15.892523,15.595234,15.892523,
   **   ~~~   ** Node named PERIMETER_BOT_ZN_4 VAV BOX OUTLET NODE shows oscillating humidity ratio across iterations with a repeated value of 6.361833E-003
   **   ~~~   ** Node named PERIMETER_BOT_ZN_4 VAV BOX OUTLET NODE humidity ratio [kg-water/kg-dryair] iteration history trace (most recent first): 6.361833E-003,6.369586E-003,6.361833E-003,6.369586E-003,6.361833E-003,6.369586E-003,6.361833E-003,6.369586E-003,6.361833E-003,6.369586E-003,
   **   ~~~   ** Node named PERIMETER_BOT_ZN_4 VAV BOX OUTLET NODE shows oscillating temperatures across iterations with a repeated value of 15.595234
   **   ~~~   ** Node named PERIMETER_BOT_ZN_4 VAV BOX OUTLET NODE temperature [C] iteration history trace (most recent first): 15.595234,15.892523,15.595234,15.892523,15.595234,15.892523,15.595234,15.892523,15.595234,15.892523,
   ** Warning ** HeatExchanger:AirToAir:SensibleAndLatent "VAV_TOP WITH REHEAT OA HEAT RECOVERY"
   **   ~~~   ** Average air volume flow rate is <50% or >130% of the nominal HX supply air volume flow rate.
   **   ~~~   ** Air volume flow rate ratio = 2.364. Environment=RUNPERIOD 1, at Simulation time=01/17 05:15 - 05:17
   ** Warning ** SimHVAC: Maximum iterations (20) exceeded for all HVAC loops, at RUNPERIOD 1, 01/17 13:00 - 13:10
   **   ~~~   ** The solution for one or more of the Air Loop HVAC systems did not appear to converge
   **   ~~~   ** Air System Named = VAV_MID WITH REHEAT did not converge for humidity ratio
   **   ~~~   ** Check values should be zero. Most Recent values listed first.
   **   ~~~   ** Demand-to-Supply interface humidity ratio check value iteration history trace: 0.000000,0.000000,0.000000,0.000000,0.000000,0.000000,0.000000,0.000000,0.000000,0.000000,
   **   ~~~   ** Supply-to-demand interface deck 1 humidity ratio check value iteration history trace: 7.957401E-004,7.957401E-004,7.957401E-004,7.957401E-004,7.957401E-004,7.957401E-004,7.957401E-004,7.957401E-004,7.957401E-004,7.957401E-004,
   **   ~~~   ** Air System Named = VAV_MID WITH REHEAT did not converge for temperature
   **   ~~~   ** Check values should be zero. Most Recent values listed first.
   **   ~~~   ** Demand-to-Supply interface temperature check value iteration history trace: 3.552714E-015,3.552714E-015,3.552714E-015,3.552714E-015,3.552714E-015,3.552714E-015,3.552714E-015,3.552714E-015,3.552714E-015,3.552714E-015,
   **   ~~~   ** Supply-to-demand interface deck 1 temperature check value iteration history trace: 1.673660,1.673660,1.673660,1.673660,1.673660,1.673660,1.673660,1.673660,1.673660,1.673660,
   **   ~~~   ** Air System Named = VAV_MID WITH REHEAT did not converge for energy
   **   ~~~   ** Check values should be zero. Most Recent values listed first.
   **   ~~~   ** Demand-to-Supply interface energy check value iteration history trace: 30.108467,30.108467,30.108467,30.108467,30.108467,30.108467,30.108467,30.108467,30.108467,30.108467,
   **   ~~~   ** Supply-to-demand interface deck 1 energy check value iteration history trace: 45997.619673,-45995.078887,45997.619673,-45995.078887,45997.619673,-45995.078887,45997.619673,-45995.078887,45997.619673,-45995.078887,
   ** Warning ** SimHVAC: Maximum iterations (20) exceeded for all HVAC loops, at RUNPERIOD 1, 01/30 16:40 - 16:50
   **   ~~~   ** The solution for one or more of the Air Loop HVAC systems did not appear to converge
   **   ~~~   ** Air System Named = VAV_BOT WITH REHEAT did not converge for mass flow rate
   **   ~~~   ** Check values should be zero. Most Recent values listed first.
   **   ~~~   ** Demand-to-Supply interface mass flow rate check value iteration history trace: 9.607711E-002,4.432284E-003,9.153107E-002,9.565170E-002,5.194993E-003,0.147447,0.148868,7.377584E-002,7.786121E-002,4.433810E-003,
   **   ~~~   ** Supply-to-demand interface deck 1 mass flow rate check value iteration history trace: 0.000000,0.000000,0.000000,0.000000,0.000000,0.000000,0.000000,0.000000,0.000000,0.000000,
   **   ~~~   ** Air System Named = VAV_BOT WITH REHEAT did not converge for temperature
   **   ~~~   ** Check values should be zero. Most Recent values listed first.
   **   ~~~   ** Demand-to-Supply interface temperature check value iteration history trace: 7.105427E-015,7.105427E-015,0.000000,0.000000,0.000000,0.000000,0.000000,3.552714E-015,0.000000,3.552714E-015,
   **   ~~~   ** Supply-to-demand interface deck 1 temperature check value iteration history trace: 0.244397,1.102929E-002,0.233070,0.243329,1.296559E-002,0.381954,0.385531,0.234238,0.244395,1.103316E-002,
   **   ~~~   ** Air System Named = VAV_BOT WITH REHEAT did not converge for energy
   **   ~~~   ** Check values should be zero. Most Recent values listed first.
   **   ~~~   ** Demand-to-Supply interface energy check value iteration history trace: 2229.861850,102.869268,2124.352407,2219.988410,120.571046,3422.115521,3455.087693,1712.269689,1807.087374,102.904671,
   **   ~~~   ** Supply-to-demand interface deck 1 energy check value iteration history trace: -931.120026,41.971053,865.492364,-926.976143,49.325473,1396.488899,-1467.239467,874.088483,-931.111729,41.985756,
   **   ~~~   ** Node named CORE_BOTTOM VAV BOX OUTLET NODE shows oscillating humidity ratio across iterations with a repeated value of 4.007470E-003
   **   ~~~   ** Node named CORE_BOTTOM VAV BOX OUTLET NODE humidity ratio [kg-water/kg-dryair] iteration history trace (most recent first): 4.007470E-003,4.007470E-003,4.050022E-003,4.050022E-003,4.050022E-003,4.042203E-003,4.040403E-003,4.040403E-003,4.040415E-003,4.007470E-003,
   **   ~~~   ** Node named CORE_BOTTOM VAV BOX OUTLET NODE shows oscillating temperatures across iterations with a repeated value of 15.361878
   **   ~~~   ** Node named CORE_BOTTOM VAV BOX OUTLET NODE temperature [C] iteration history trace (most recent first): 15.361878,15.210586,15.606274,15.606274,15.606275,15.596117,15.595241,15.595241,15.595246,15.361879,
   **   ~~~   ** Node named PERIMETER_BOT_ZN_3 VAV BOX OUTLET NODE shows oscillating humidity ratio across iterations with a repeated value of 4.007470E-003
   **   ~~~   ** Node named PERIMETER_BOT_ZN_3 VAV BOX OUTLET NODE humidity ratio [kg-water/kg-dryair] iteration history trace (most recent first): 4.007470E-003,4.007470E-003,4.050022E-003,4.050022E-003,4.050022E-003,4.042203E-003,4.040403E-003,4.040403E-003,4.040415E-003,4.007470E-003,
   **   ~~~   ** Node named PERIMETER_BOT_ZN_3 VAV BOX OUTLET NODE shows oscillating temperatures across iterations with a repeated value of 15.361878
   **   ~~~   ** Node named PERIMETER_BOT_ZN_3 VAV BOX OUTLET NODE temperature [C] iteration history trace (most recent first): 15.361878,15.210586,15.606274,15.606274,15.606275,15.596117,15.595241,15.595241,15.595246,15.361879,
   **   ~~~   ** Node named PERIMETER_BOT_ZN_2 VAV BOX OUTLET NODE shows oscillating humidity ratio across iterations with a repeated value of 4.007470E-003
   **   ~~~   ** Node named PERIMETER_BOT_ZN_2 VAV BOX OUTLET NODE humidity ratio [kg-water/kg-dryair] iteration history trace (most recent first): 4.007470E-003,4.007470E-003,4.050022E-003,4.050022E-003,4.050022E-003,4.042203E-003,4.040403E-003,4.040403E-003,4.040415E-003,4.007470E-003,
   **   ~~~   ** Node named PERIMETER_BOT_ZN_2 VAV BOX OUTLET NODE shows oscillating temperatures across iterations with a repeated value of 15.361878
   **   ~~~   ** Node named PERIMETER_BOT_ZN_2 VAV BOX OUTLET NODE temperature [C] iteration history trace (most recent first): 15.361878,15.210586,15.606274,15.606274,15.606275,15.596117,15.595241,15.595241,15.595246,15.361879,
   **   ~~~   ** Node named PERIMETER_BOT_ZN_1 VAV BOX OUTLET NODE shows oscillating humidity ratio across iterations with a repeated value of 4.007470E-003
   **   ~~~   ** Node named PERIMETER_BOT_ZN_1 VAV BOX OUTLET NODE humidity ratio [kg-water/kg-dryair] iteration history trace (most recent first): 4.007470E-003,4.007470E-003,4.050022E-003,4.050022E-003,4.050022E-003,4.042203E-003,4.040403E-003,4.040403E-003,4.040415E-003,4.007470E-003,
   **   ~~~   ** Node named PERIMETER_BOT_ZN_1 VAV BOX OUTLET NODE shows oscillating temperatures across iterations with a repeated value of 15.361878
   **   ~~~   ** Node named PERIMETER_BOT_ZN_1 VAV BOX OUTLET NODE temperature [C] iteration history trace (most recent first): 15.361878,15.210586,15.606274,15.606274,15.606275,15.596117,15.595241,15.595241,15.595246,15.361879,
   **   ~~~   ** Node named PERIMETER_BOT_ZN_4 VAV BOX OUTLET NODE shows oscillating humidity ratio across iterations with a repeated value of 4.007470E-003
   **   ~~~   ** Node named PERIMETER_BOT_ZN_4 VAV BOX OUTLET NODE humidity ratio [kg-water/kg-dryair] iteration history trace (most recent first): 4.007470E-003,4.007470E-003,4.050022E-003,4.050022E-003,4.050022E-003,4.042203E-003,4.040403E-003,4.040403E-003,4.040415E-003,4.007470E-003,
   **   ~~~   ** Node named PERIMETER_BOT_ZN_4 VAV BOX OUTLET NODE shows oscillating temperatures across iterations with a repeated value of 15.361878
   **   ~~~   ** Node named PERIMETER_BOT_ZN_4 VAV BOX OUTLET NODE temperature [C] iteration history trace (most recent first): 15.361878,15.210586,15.606274,15.606274,15.606275,15.596117,15.595241,15.595241,15.595246,15.361879,
   ** Warning ** SimHVAC: Maximum iterations (20) exceeded for all HVAC loops, at RUNPERIOD 1, 03/03 10:10 - 10:20
   **   ~~~   ** The solution for one or more of the Air Loop HVAC systems did not appear to converge
   **   ~~~   ** Air System Named = VAV_MID WITH REHEAT did not converge for mass flow rate
   **   ~~~   ** Check values should be zero. Most Recent values listed first.
   **   ~~~   ** Demand-to-Supply interface mass flow rate check value iteration history trace: 21.844347,15.075196,6.532400,0.236751,21.844347,15.075196,6.532400,0.236751,21.844361,15.075141,
   **   ~~~   ** Supply-to-demand interface deck 1 mass flow rate check value iteration history trace: 0.000000,0.000000,0.000000,0.000000,0.000000,0.000000,0.000000,0.000000,0.000000,0.000000,
   **   ~~~   ** Air System Named = VAV_MID WITH REHEAT did not converge for humidity ratio
   **   ~~~   ** Check values should be zero. Most Recent values listed first.
   **   ~~~   ** Demand-to-Supply interface humidity ratio check value iteration history trace: 0.000000,0.000000,0.000000,4.336809E-019,4.336809E-019,0.000000,0.000000,0.000000,4.336809E-019,4.336809E-019,
   **   ~~~   ** Supply-to-demand interface deck 1 humidity ratio check value iteration history trace: 6.719080E-004,4.939133E-005,2.503623E-006,6.200131E-004,6.719080E-004,4.939133E-005,2.503627E-006,6.200131E-004,6.719084E-004,4.939107E-005,
   **   ~~~   ** Air System Named = VAV_MID WITH REHEAT did not converge for temperature
   **   ~~~   ** Check values should be zero. Most Recent values listed first.
   **   ~~~   ** Demand-to-Supply interface temperature check value iteration history trace: 0.000000,0.000000,0.000000,0.000000,0.000000,0.000000,0.000000,0.000000,3.552714E-015,3.552714E-015,
   **   ~~~   ** Supply-to-demand interface deck 1 temperature check value iteration history trace: 7.774061,0.287159,7.071185,0.415717,7.774061,0.287159,7.071185,0.415718,7.774064,0.287158,
   **   ~~~   ** Air System Named = VAV_MID WITH REHEAT did not converge for energy
   **   ~~~   ** Check values should be zero. Most Recent values listed first.
   **   ~~~   ** Demand-to-Supply interface energy check value iteration history trace: 472314.961901,325953.468290,141242.506539,5118.987069,472314.961792,325953.468723,141242.506583,5118.995758,472315.260032,325952.290403,
   **   ~~~   ** Supply-to-demand interface deck 1 energy check value iteration history trace: -387469.703090,9962.458898,198905.972902,11594.837031,-387469.702998,9962.458913,198905.973926,11594.857377,-387469.951745,9962.416212,
   **   ~~~   ** Node named CORE_MID VAV BOX OUTLET NODE shows oscillating humidity ratio across iterations with a repeated value of 2.192041E-003
   **   ~~~   ** Node named CORE_MID VAV BOX OUTLET NODE humidity ratio [kg-water/kg-dryair] iteration history trace (most recent first): 2.192041E-003,2.814558E-003,2.192041E-003,2.814558E-003,2.192041E-003,2.813494E-003,2.192041E-003,2.814559E-003,2.192041E-003,2.814558E-003,
   **   ~~~   ** Node named CORE_MID VAV BOX OUTLET NODE shows oscillating temperatures across iterations with a repeated value of 15.231986
   **   ~~~   ** Node named CORE_MID VAV BOX OUTLET NODE temperature [C] iteration history trace (most recent first): 15.231986,22.718887,15.234106,22.718887,15.231985,22.713408,15.231986,22.718891,15.231986,22.718887,
   **   ~~~   ** Node named PERIMETER_MID_ZN_3 VAV BOX OUTLET NODE shows oscillating humidity ratio across iterations with a repeated value of 2.192041E-003
   **   ~~~   ** Node named PERIMETER_MID_ZN_3 VAV BOX OUTLET NODE humidity ratio [kg-water/kg-dryair] iteration history trace (most recent first): 2.192041E-003,2.814558E-003,2.192041E-003,2.814558E-003,2.192041E-003,2.813494E-003,2.192041E-003,2.814559E-003,2.192041E-003,2.814558E-003,
   **   ~~~   ** Node named PERIMETER_MID_ZN_3 VAV BOX OUTLET NODE shows oscillating temperatures across iterations with a repeated value of 26.287355
   **   ~~~   ** Node named PERIMETER_MID_ZN_3 VAV BOX OUTLET NODE temperature [C] iteration history trace (most recent first): 26.287355,26.267133,26.288963,26.267133,26.287354,26.262179,26.287355,26.267136,26.287355,26.267133,
   **   ~~~   ** Node named PERIMETER_MID_ZN_2 VAV BOX OUTLET NODE shows oscillating humidity ratio across iterations with a repeated value of 2.192041E-003
   **   ~~~   ** Node named PERIMETER_MID_ZN_2 VAV BOX OUTLET NODE humidity ratio [kg-water/kg-dryair] iteration history trace (most recent first): 2.192041E-003,2.814558E-003,2.192041E-003,2.814558E-003,2.192041E-003,2.813494E-003,2.192041E-003,2.814559E-003,2.192041E-003,2.814558E-003,
   **   ~~~   ** Node named PERIMETER_MID_ZN_2 VAV BOX OUTLET NODE shows oscillating mass flow rate across iterations with a repeated value of 1.616605
   **   ~~~   ** Node named PERIMETER_MID_ZN_2 VAV BOX OUTLET NODE mass flow rate [kg/s] iteration history trace (most recent first): 1.616605,8.223536,1.616973,8.223536,1.616605,8.199004,1.616605,8.223553,1.616605,8.223536,
   **   ~~~   ** Node named PERIMETER_MID_ZN_2 VAV BOX OUTLET NODE shows oscillating temperatures across iterations with a repeated value of 15.231986
   **   ~~~   ** Node named PERIMETER_MID_ZN_2 VAV BOX OUTLET NODE temperature [C] iteration history trace (most recent first): 15.231986,22.718887,15.234106,22.718887,15.231985,22.713408,15.231986,22.718891,15.231986,22.718887,
   **   ~~~   ** Node named PERIMETER_MID_ZN_1 VAV BOX OUTLET NODE shows oscillating humidity ratio across iterations with a repeated value of 2.192041E-003
   **   ~~~   ** Node named PERIMETER_MID_ZN_1 VAV BOX OUTLET NODE humidity ratio [kg-water/kg-dryair] iteration history trace (most recent first): 2.192041E-003,2.814558E-003,2.192041E-003,2.814558E-003,2.192041E-003,2.813494E-003,2.192041E-003,2.814559E-003,2.192041E-003,2.814558E-003,
   **   ~~~   ** Node named PERIMETER_MID_ZN_1 VAV BOX OUTLET NODE shows oscillating mass flow rate across iterations with a repeated value of 3.246986
   **   ~~~   ** Node named PERIMETER_MID_ZN_1 VAV BOX OUTLET NODE mass flow rate [kg/s] iteration history trace (most recent first): 3.246986,3.409206,3.247783,3.409206,3.246986,3.246986,3.246986,3.409256,3.246986,3.409206,
   **   ~~~   ** Node named PERIMETER_MID_ZN_1 VAV BOX OUTLET NODE shows oscillating temperatures across iterations with a repeated value of 15.231986
   **   ~~~   ** Node named PERIMETER_MID_ZN_1 VAV BOX OUTLET NODE temperature [C] iteration history trace (most recent first): 15.231986,22.718887,15.234106,22.718887,15.231985,22.713408,15.231986,22.718891,15.231986,22.718887,
   **   ~~~   ** Node named PERIMETER_MID_ZN_4 VAV BOX OUTLET NODE shows oscillating humidity ratio across iterations with a repeated value of 2.192041E-003
   **   ~~~   ** Node named PERIMETER_MID_ZN_4 VAV BOX OUTLET NODE humidity ratio [kg-water/kg-dryair] iteration history trace (most recent first): 2.192041E-003,2.814558E-003,2.192041E-003,2.814558E-003,2.192041E-003,2.813494E-003,2.192041E-003,2.814559E-003,2.192041E-003,2.814558E-003,
   **   ~~~   ** Node named PERIMETER_MID_ZN_4 VAV BOX OUTLET NODE shows oscillating temperatures across iterations with a repeated value of 22.677605
   **   ~~~   ** Node named PERIMETER_MID_ZN_4 VAV BOX OUTLET NODE temperature [C] iteration history trace (most recent first): 22.677605,22.718887,22.679378,22.718887,22.677605,22.713408,22.677605,22.718891,22.677605,22.718887,
   **   ~~~   ** Plant System Named = TOWERWATERSYS did not converge for temperature
   **   ~~~   ** Check values should be zero. Most Recent values listed first.
   **   ~~~   ** Demand-to-Supply interface temperature check value iteration history trace: 0.221037,0.511747,5.821197E-002,9.081601E-002,0.141682,0.221037,0.511747,5.821197E-002,9.081601E-002,0.141682,
   **   ~~~   ** Supply-to-Demand interface temperature check value iteration history trace: 0.176959,0.276128,0.639221,7.270585E-002,0.113428,0.176959,0.276128,0.639221,7.270584E-002,0.113428,
   ** Warning ** SimHVAC: Maximum iterations (20) exceeded for all HVAC loops, at RUNPERIOD 1, 03/09 14:30 - 14:40
   **   ~~~   ** The solution for one or more of the Air Loop HVAC systems did not appear to converge
   **   ~~~   ** Air System Named = VAV_MID WITH REHEAT did not converge for mass flow rate
   **   ~~~   ** Check values should be zero. Most Recent values listed first.
   **   ~~~   ** Demand-to-Supply interface mass flow rate check value iteration history trace: 1.259290,3.362953,2.020677,8.298579E-002,1.259290,3.362953,2.020677,8.298579E-002,1.259290,3.362953,
   **   ~~~   ** Supply-to-demand interface deck 1 mass flow rate check value iteration history trace: 0.000000,0.000000,0.000000,0.000000,0.000000,0.000000,0.000000,0.000000,0.000000,0.000000,
   **   ~~~   ** Air System Named = VAV_MID WITH REHEAT did not converge for humidity ratio
   **   ~~~   ** Check values should be zero. Most Recent values listed first.
   **   ~~~   ** Demand-to-Supply interface humidity ratio check value iteration history trace: 0.000000,0.000000,0.000000,0.000000,0.000000,0.000000,0.000000,0.000000,0.000000,0.000000,
   **   ~~~   ** Supply-to-demand interface deck 1 humidity ratio check value iteration history trace: 1.506508E-004,1.632402E-004,7.653640E-007,1.182396E-005,1.506508E-004,1.632402E-004,7.653640E-007,1.182396E-005,1.506508E-004,1.632402E-004,
   **   ~~~   ** Air System Named = VAV_MID WITH REHEAT did not converge for temperature
   **   ~~~   ** Check values should be zero. Most Recent values listed first.
   **   ~~~   ** Demand-to-Supply interface temperature check value iteration history trace: 0.000000,0.000000,0.000000,0.000000,0.000000,0.000000,0.000000,0.000000,0.000000,0.000000,
   **   ~~~   ** Supply-to-demand interface deck 1 temperature check value iteration history trace: 0.596920,1.864286,1.230776,3.658913E-002,0.596920,1.864286,1.230776,3.658913E-002,0.596920,1.864286,
   **   ~~~   ** Air System Named = VAV_MID WITH REHEAT did not converge for energy
   **   ~~~   ** Check values should be zero. Most Recent values listed first.
   **   ~~~   ** Demand-to-Supply interface energy check value iteration history trace: 28617.733335,76424.087405,45920.477533,1885.876537,28617.733335,76424.087405,45920.477533,1885.876537,28617.733335,76424.087405,
   **   ~~~   ** Supply-to-demand interface deck 1 energy check value iteration history trace: 23469.133822,-79598.040920,50050.500800,1484.875295,23469.133822,-79598.040920,50050.500800,1484.875295,23469.133822,-79598.040920,
   **   ~~~   ** Node named CORE_MID VAV BOX OUTLET NODE shows oscillating humidity ratio across iterations with a repeated value of 4.030655E-003
   **   ~~~   ** Node named CORE_MID VAV BOX OUTLET NODE humidity ratio [kg-water/kg-dryair] iteration history trace (most recent first): 4.030655E-003,4.043244E-003,4.030655E-003,4.043244E-003,4.030655E-003,4.043244E-003,4.030655E-003,4.043244E-003,4.030655E-003,4.043244E-003,
   **   ~~~   ** Node named CORE_MID VAV BOX OUTLET NODE shows oscillating temperatures across iterations with a repeated value of 15.591329
   **   ~~~   ** Node named CORE_MID VAV BOX OUTLET NODE temperature [C] iteration history trace (most recent first): 15.591329,16.858694,15.591329,16.858694,15.591329,16.858694,15.591329,16.858694,15.591329,16.858694,
   **   ~~~   ** Node named PERIMETER_MID_ZN_3 VAV BOX OUTLET NODE shows oscillating humidity ratio across iterations with a repeated value of 4.030655E-003
   **   ~~~   ** Node named PERIMETER_MID_ZN_3 VAV BOX OUTLET NODE humidity ratio [kg-water/kg-dryair] iteration history trace (most recent first): 4.030655E-003,4.043244E-003,4.030655E-003,4.043244E-003,4.030655E-003,4.043244E-003,4.030655E-003,4.043244E-003,4.030655E-003,4.043244E-003,
   **   ~~~   ** Node named PERIMETER_MID_ZN_3 VAV BOX OUTLET NODE shows oscillating temperatures across iterations with a repeated value of 15.591329
   **   ~~~   ** Node named PERIMETER_MID_ZN_3 VAV BOX OUTLET NODE temperature [C] iteration history trace (most recent first): 15.591329,16.858694,15.591329,16.858694,15.591329,16.858694,15.591329,16.858694,15.591329,16.858694,
   **   ~~~   ** Node named PERIMETER_MID_ZN_2 VAV BOX OUTLET NODE shows oscillating humidity ratio across iterations with a repeated value of 4.030655E-003
   **   ~~~   ** Node named PERIMETER_MID_ZN_2 VAV BOX OUTLET NODE humidity ratio [kg-water/kg-dryair] iteration history trace (most recent first): 4.030655E-003,4.043244E-003,4.030655E-003,4.043244E-003,4.030655E-003,4.043244E-003,4.030655E-003,4.043244E-003,4.030655E-003,4.043244E-003,
   **   ~~~   ** Node named PERIMETER_MID_ZN_2 VAV BOX OUTLET NODE shows oscillating temperatures across iterations with a repeated value of 15.591329
   **   ~~~   ** Node named PERIMETER_MID_ZN_2 VAV BOX OUTLET NODE temperature [C] iteration history trace (most recent first): 15.591329,16.858694,15.591329,16.858694,15.591329,16.858694,15.591329,16.858694,15.591329,16.858694,
   **   ~~~   ** Node named PERIMETER_MID_ZN_1 VAV BOX OUTLET NODE shows oscillating humidity ratio across iterations with a repeated value of 4.030655E-003
   **   ~~~   ** Node named PERIMETER_MID_ZN_1 VAV BOX OUTLET NODE humidity ratio [kg-water/kg-dryair] iteration history trace (most recent first): 4.030655E-003,4.043244E-003,4.030655E-003,4.043244E-003,4.030655E-003,4.043244E-003,4.030655E-003,4.043244E-003,4.030655E-003,4.043244E-003,
   **   ~~~   ** Node named PERIMETER_MID_ZN_1 VAV BOX OUTLET NODE shows oscillating mass flow rate across iterations with a repeated value of 15.481778
   **   ~~~   ** Node named PERIMETER_MID_ZN_1 VAV BOX OUTLET NODE mass flow rate [kg/s] iteration history trace (most recent first): 15.481778,16.954857,15.481778,16.954857,15.481778,16.954857,15.481778,16.954857,15.481778,16.954857,
   **   ~~~   ** Node named PERIMETER_MID_ZN_1 VAV BOX OUTLET NODE shows oscillating temperatures across iterations with a repeated value of 15.591329
   **   ~~~   ** Node named PERIMETER_MID_ZN_1 VAV BOX OUTLET NODE temperature [C] iteration history trace (most recent first): 15.591329,16.858694,15.591329,16.858694,15.591329,16.858694,15.591329,16.858694,15.591329,16.858694,
   **   ~~~   ** Node named PERIMETER_MID_ZN_4 VAV BOX OUTLET NODE shows oscillating humidity ratio across iterations with a repeated value of 4.030655E-003
   **   ~~~   ** Node named PERIMETER_MID_ZN_4 VAV BOX OUTLET NODE humidity ratio [kg-water/kg-dryair] iteration history trace (most recent first): 4.030655E-003,4.043244E-003,4.030655E-003,4.043244E-003,4.030655E-003,4.043244E-003,4.030655E-003,4.043244E-003,4.030655E-003,4.043244E-003,
   **   ~~~   ** Node named PERIMETER_MID_ZN_4 VAV BOX OUTLET NODE shows oscillating mass flow rate across iterations with a repeated value of 3.553207
   **   ~~~   ** Node named PERIMETER_MID_ZN_4 VAV BOX OUTLET NODE mass flow rate [kg/s] iteration history trace (most recent first): 3.553207,4.183790,3.553207,4.183790,3.553207,4.183790,3.553207,4.183790,3.553207,4.183790,
   **   ~~~   ** Node named PERIMETER_MID_ZN_4 VAV BOX OUTLET NODE shows oscillating temperatures across iterations with a repeated value of 15.591329
   **   ~~~   ** Node named PERIMETER_MID_ZN_4 VAV BOX OUTLET NODE temperature [C] iteration history trace (most recent first): 15.591329,16.858694,15.591329,16.858694,15.591329,16.858694,15.591329,16.858694,15.591329,16.858694,
   **   ~~~   ** Plant System Named = TOWERWATERSYS did not converge for temperature
   **   ~~~   ** Check values should be zero. Most Recent values listed first.
   **   ~~~   ** Demand-to-Supply interface temperature check value iteration history trace: 0.207044,0.424870,8.509376E-002,0.132732,0.207044,0.424870,8.509376E-002,0.132732,0.207044,0.424870,
   **   ~~~   ** Supply-to-Demand interface temperature check value iteration history trace: 0.165756,0.258698,0.530717,0.106263,0.165756,0.258698,0.530717,0.106263,0.165756,0.258698,
   **   ~~~   ** Node named TOWERWATERSYS DEMAND INLET NODE shows oscillating temperatures across iterations with a repeated value of 20.90744
   **   ~~~   ** Node named TOWERWATERSYS DEMAND INLET NODE temperature [C] iteration history trace (most recent first): 20.90744,20.48299,20.90744,20.48299,20.90744,
   **   ~~~   ** Node named TOWERWATERSYS DEMAND OUTLET NODE shows oscillating temperatures across iterations with a repeated value of 20.85812
   **   ~~~   ** Node named TOWERWATERSYS DEMAND OUTLET NODE temperature [C] iteration history trace (most recent first): 20.85812,21.13019,20.85812,21.13019,20.85812,
   **   ~~~   ** Node named TOWERWATERSYS SUPPLY INLET NODE shows oscillating temperatures across iterations with a repeated value of 20.91085
   **   ~~~   ** Node named TOWERWATERSYS SUPPLY INLET NODE temperature [C] iteration history trace (most recent first): 20.91085,21.12868,20.91085,21.12868,20.91085,
   **   ~~~   ** Node named TOWERWATERSYS SUPPLY OUTLET NODE shows oscillating temperatures across iterations with a repeated value of 20.91085
   **   ~~~   ** Node named TOWERWATERSYS SUPPLY OUTLET NODE temperature [C] iteration history trace (most recent first): 20.91085,20.38067,20.91085,20.38067,20.91085,
   ** Warning ** SimHVAC: Maximum iterations (20) exceeded for all HVAC loops, at RUNPERIOD 1, 03/13 17:10 - 17:20
   **   ~~~   ** The solution for one or more of the Air Loop HVAC systems did not appear to converge
   **   ~~~   ** Air System Named = VAV_TOP WITH REHEAT did not converge for mass flow rate
   **   ~~~   ** Check values should be zero. Most Recent values listed first.
   **   ~~~   ** Demand-to-Supply interface mass flow rate check value iteration history trace: 3.797360E-002,5.687799E-002,3.606940E-002,5.878219E-002,3.797360E-002,5.687799E-002,3.606940E-002,5.878219E-002,3.797360E-002,5.687799E-002,
   **   ~~~   ** Supply-to-demand interface deck 1 mass flow rate check value iteration history trace: 0.000000,0.000000,0.000000,0.000000,0.000000,0.000000,0.000000,0.000000,0.000000,0.000000,
   **   ~~~   ** Air System Named = VAV_TOP WITH REHEAT did not converge for temperature
   **   ~~~   ** Check values should be zero. Most Recent values listed first.
   **   ~~~   ** Demand-to-Supply interface temperature check value iteration history trace: 0.000000,0.000000,0.000000,0.000000,0.000000,0.000000,0.000000,0.000000,0.000000,0.000000,
   **   ~~~   ** Supply-to-demand interface deck 1 temperature check value iteration history trace: 0.214037,0.301319,0.188497,0.326859,0.214037,0.301319,0.188497,0.326859,0.214037,0.301319,
   **   ~~~   ** Air System Named = VAV_TOP WITH REHEAT did not converge for energy
   **   ~~~   ** Check values should be zero. Most Recent values listed first.
   **   ~~~   ** Demand-to-Supply interface energy check value iteration history trace: 894.446138,1339.728095,849.593825,1384.580408,894.446138,1339.728095,849.593825,1384.580408,894.446138,1339.728095,
   **   ~~~   ** Supply-to-demand interface deck 1 energy check value iteration history trace: -824.095576,-1177.378384,729.702234,1246.019471,-824.095576,-1177.378384,729.702234,1246.019471,-824.095576,-1177.378384,
   **   ~~~   ** Node named CORE_TOP VAV BOX OUTLET NODE shows oscillating humidity ratio across iterations with a repeated value of 3.049139E-003
   **   ~~~   ** Node named CORE_TOP VAV BOX OUTLET NODE humidity ratio [kg-water/kg-dryair] iteration history trace (most recent first): 3.049139E-003,3.080452E-003,3.049139E-003,3.080452E-003,3.049139E-003,3.080452E-003,3.049139E-003,3.080452E-003,3.049139E-003,3.080452E-003,
   **   ~~~   ** Node named CORE_TOP VAV BOX OUTLET NODE shows oscillating temperatures across iterations with a repeated value of 15.381623
   **   ~~~   ** Node named CORE_TOP VAV BOX OUTLET NODE temperature [C] iteration history trace (most recent first): 15.381623,15.896979,15.381623,15.896979,15.381623,15.896979,15.381623,15.896979,15.381623,15.896979,
   **   ~~~   ** Node named PERIMETER_TOP_ZN_3 VAV BOX OUTLET NODE shows oscillating humidity ratio across iterations with a repeated value of 3.049139E-003
   **   ~~~   ** Node named PERIMETER_TOP_ZN_3 VAV BOX OUTLET NODE humidity ratio [kg-water/kg-dryair] iteration history trace (most recent first): 3.049139E-003,3.080452E-003,3.049139E-003,3.080452E-003,3.049139E-003,3.080452E-003,3.049139E-003,3.080452E-003,3.049139E-003,3.080452E-003,
   **   ~~~   ** Node named PERIMETER_TOP_ZN_3 VAV BOX OUTLET NODE shows oscillating temperatures across iterations with a repeated value of 16.561342
   **   ~~~   ** Node named PERIMETER_TOP_ZN_3 VAV BOX OUTLET NODE temperature [C] iteration history trace (most recent first): 16.561342,16.569568,16.561342,16.569568,16.561342,16.569568,16.561342,16.569568,16.561342,16.569568,
   **   ~~~   ** Node named PERIMETER_TOP_ZN_2 VAV BOX OUTLET NODE shows oscillating humidity ratio across iterations with a repeated value of 3.049139E-003
   **   ~~~   ** Node named PERIMETER_TOP_ZN_2 VAV BOX OUTLET NODE humidity ratio [kg-water/kg-dryair] iteration history trace (most recent first): 3.049139E-003,3.080452E-003,3.049139E-003,3.080452E-003,3.049139E-003,3.080452E-003,3.049139E-003,3.080452E-003,3.049139E-003,3.080452E-003,
   **   ~~~   ** Node named PERIMETER_TOP_ZN_2 VAV BOX OUTLET NODE shows oscillating temperatures across iterations with a repeated value of 15.381623
   **   ~~~   ** Node named PERIMETER_TOP_ZN_2 VAV BOX OUTLET NODE temperature [C] iteration history trace (most recent first): 15.381623,15.896979,15.381623,15.896979,15.381623,15.896979,15.381623,15.896979,15.381623,15.896979,
   **   ~~~   ** Node named PERIMETER_TOP_ZN_1 VAV BOX OUTLET NODE shows oscillating humidity ratio across iterations with a repeated value of 3.049139E-003
   **   ~~~   ** Node named PERIMETER_TOP_ZN_1 VAV BOX OUTLET NODE humidity ratio [kg-water/kg-dryair] iteration history trace (most recent first): 3.049139E-003,3.080452E-003,3.049139E-003,3.080452E-003,3.049139E-003,3.080452E-003,3.049139E-003,3.080452E-003,3.049139E-003,3.080452E-003,
   **   ~~~   ** Node named PERIMETER_TOP_ZN_1 VAV BOX OUTLET NODE shows oscillating mass flow rate across iterations with a repeated value of 0.517048
   **   ~~~   ** Node named PERIMETER_TOP_ZN_1 VAV BOX OUTLET NODE mass flow rate [kg/s] iteration history trace (most recent first): 0.517048,0.549917,0.517048,0.549917,0.517048,0.549917,0.517048,0.549917,0.517048,0.549917,
   **   ~~~   ** Node named PERIMETER_TOP_ZN_1 VAV BOX OUTLET NODE shows oscillating temperatures across iterations with a repeated value of 15.381623
   **   ~~~   ** Node named PERIMETER_TOP_ZN_1 VAV BOX OUTLET NODE temperature [C] iteration history trace (most recent first): 15.381623,15.896979,15.381623,15.896979,15.381623,15.896979,15.381623,15.896979,15.381623,15.896979,
   **   ~~~   ** Node named PERIMETER_TOP_ZN_4 VAV BOX OUTLET NODE shows oscillating humidity ratio across iterations with a repeated value of 3.049139E-003
   **   ~~~   ** Node named PERIMETER_TOP_ZN_4 VAV BOX OUTLET NODE humidity ratio [kg-water/kg-dryair] iteration history trace (most recent first): 3.049139E-003,3.080452E-003,3.049139E-003,3.080452E-003,3.049139E-003,3.080452E-003,3.049139E-003,3.080452E-003,3.049139E-003,3.080452E-003,
   **   ~~~   ** Node named PERIMETER_TOP_ZN_4 VAV BOX OUTLET NODE shows oscillating mass flow rate across iterations with a repeated value of 0.975020
   **   ~~~   ** Node named PERIMETER_TOP_ZN_4 VAV BOX OUTLET NODE mass flow rate [kg/s] iteration history trace (most recent first): 0.975020,1.037003,0.975020,1.037003,0.975020,1.037003,0.975020,1.037003,0.975020,1.037003,
   **   ~~~   ** Node named PERIMETER_TOP_ZN_4 VAV BOX OUTLET NODE shows oscillating temperatures across iterations with a repeated value of 15.381623
   **   ~~~   ** Node named PERIMETER_TOP_ZN_4 VAV BOX OUTLET NODE temperature [C] iteration history trace (most recent first): 15.381623,15.896979,15.381623,15.896979,15.381623,15.896979,15.381623,15.896979,15.381623,15.896979,
   ** Warning ** SimHVAC: Maximum iterations (20) exceeded for all HVAC loops, at RUNPERIOD 1, 03/15 11:20 - 11:30
   **   ~~~   ** The solution for one or more of the Air Loop HVAC systems did not appear to converge
   **   ~~~   ** Air System Named = VAV_MID WITH REHEAT did not converge for mass flow rate
   **   ~~~   ** Check values should be zero. Most Recent values listed first.
   **   ~~~   ** Demand-to-Supply interface mass flow rate check value iteration history trace: 0.659498,1.025048,1.061734,0.622812,0.659498,1.025048,1.061734,0.622812,0.659498,1.025048,
   **   ~~~   ** Supply-to-demand interface deck 1 mass flow rate check value iteration history trace: 0.000000,0.000000,0.000000,0.000000,0.000000,0.000000,0.000000,0.000000,0.000000,0.000000,
   **   ~~~   ** Air System Named = VAV_MID WITH REHEAT did not converge for temperature
   **   ~~~   ** Check values should be zero. Most Recent values listed first.
   **   ~~~   ** Demand-to-Supply interface temperature check value iteration history trace: 0.000000,0.000000,0.000000,0.000000,0.000000,0.000000,0.000000,0.000000,0.000000,0.000000,
   **   ~~~   ** Supply-to-demand interface deck 1 temperature check value iteration history trace: 0.166666,0.272824,0.282289,0.157201,0.166666,0.272824,0.282289,0.157201,0.166666,0.272824,
   **   ~~~   ** Air System Named = VAV_MID WITH REHEAT did not converge for energy
   **   ~~~   ** Check values should be zero. Most Recent values listed first.
   **   ~~~   ** Demand-to-Supply interface energy check value iteration history trace: 15750.709682,24481.121256,25357.285447,14874.545490,15750.709682,24481.121256,25357.285447,14874.545490,15750.709682,24481.121256,
   **   ~~~   ** Supply-to-demand interface deck 1 energy check value iteration history trace: 5871.883108,9330.967578,-9955.843191,-5642.602371,5871.883108,9330.967578,-9955.843191,-5642.602371,5871.883108,9330.967578,
   **   ~~~   ** Node named CORE_MID VAV BOX OUTLET NODE shows oscillating humidity ratio across iterations with a repeated value of 6.187827E-003
   **   ~~~   ** Node named CORE_MID VAV BOX OUTLET NODE humidity ratio [kg-water/kg-dryair] iteration history trace (most recent first): 6.187827E-003,6.160795E-003,6.187827E-003,6.160795E-003,6.187827E-003,6.160795E-003,6.187827E-003,6.160795E-003,6.187827E-003,6.160795E-003,
   **   ~~~   ** Node named CORE_MID VAV BOX OUTLET NODE shows oscillating mass flow rate across iterations with a repeated value of 23.887482
   **   ~~~   ** Node named CORE_MID VAV BOX OUTLET NODE mass flow rate [kg/s] iteration history trace (most recent first): 23.887482,22.678170,23.887482,22.678170,23.887482,22.678170,23.887482,22.678170,23.887482,22.678170,
   **   ~~~   ** Node named CORE_MID VAV BOX OUTLET NODE shows oscillating temperatures across iterations with a repeated value of 15.761831
   **   ~~~   ** Node named CORE_MID VAV BOX OUTLET NODE temperature [C] iteration history trace (most recent first): 15.761831,15.322341,15.761831,15.322341,15.761831,15.322341,15.761831,15.322341,15.761831,15.322341,
   **   ~~~   ** Node named PERIMETER_MID_ZN_3 VAV BOX OUTLET NODE shows oscillating humidity ratio across iterations with a repeated value of 6.187827E-003
   **   ~~~   ** Node named PERIMETER_MID_ZN_3 VAV BOX OUTLET NODE humidity ratio [kg-water/kg-dryair] iteration history trace (most recent first): 6.187827E-003,6.160795E-003,6.187827E-003,6.160795E-003,6.187827E-003,6.160795E-003,6.187827E-003,6.160795E-003,6.187827E-003,6.160795E-003,
   **   ~~~   ** Node named PERIMETER_MID_ZN_3 VAV BOX OUTLET NODE shows oscillating temperatures across iterations with a repeated value of 15.761831
   **   ~~~   ** Node named PERIMETER_MID_ZN_3 VAV BOX OUTLET NODE temperature [C] iteration history trace (most recent first): 15.761831,15.322341,15.761831,15.322341,15.761831,15.322341,15.761831,15.322341,15.761831,15.322341,
   **   ~~~   ** Node named PERIMETER_MID_ZN_2 VAV BOX OUTLET NODE shows oscillating humidity ratio across iterations with a repeated value of 6.187827E-003
   **   ~~~   ** Node named PERIMETER_MID_ZN_2 VAV BOX OUTLET NODE humidity ratio [kg-water/kg-dryair] iteration history trace (most recent first): 6.187827E-003,6.160795E-003,6.187827E-003,6.160795E-003,6.187827E-003,6.160795E-003,6.187827E-003,6.160795E-003,6.187827E-003,6.160795E-003,
   **   ~~~   ** Node named PERIMETER_MID_ZN_2 VAV BOX OUTLET NODE shows oscillating mass flow rate across iterations with a repeated value of 1.054938
   **   ~~~   ** Node named PERIMETER_MID_ZN_2 VAV BOX OUTLET NODE mass flow rate [kg/s] iteration history trace (most recent first): 1.054938,1.004747,1.054938,1.004747,1.054938,1.004747,1.054938,1.004747,1.054938,1.004747,
   **   ~~~   ** Node named PERIMETER_MID_ZN_2 VAV BOX OUTLET NODE shows oscillating temperatures across iterations with a repeated value of 15.761831
   **   ~~~   ** Node named PERIMETER_MID_ZN_2 VAV BOX OUTLET NODE temperature [C] iteration history trace (most recent first): 15.761831,15.322341,15.761831,15.322341,15.761831,15.322341,15.761831,15.322341,15.761831,15.322341,
   **   ~~~   ** Node named PERIMETER_MID_ZN_1 VAV BOX OUTLET NODE shows oscillating humidity ratio across iterations with a repeated value of 6.187827E-003
   **   ~~~   ** Node named PERIMETER_MID_ZN_1 VAV BOX OUTLET NODE humidity ratio [kg-water/kg-dryair] iteration history trace (most recent first): 6.187827E-003,6.160795E-003,6.187827E-003,6.160795E-003,6.187827E-003,6.160795E-003,6.187827E-003,6.160795E-003,6.187827E-003,6.160795E-003,
   **   ~~~   ** Node named PERIMETER_MID_ZN_1 VAV BOX OUTLET NODE shows oscillating mass flow rate across iterations with a repeated value of 6.384292
   **   ~~~   ** Node named PERIMETER_MID_ZN_1 VAV BOX OUTLET NODE mass flow rate [kg/s] iteration history trace (most recent first): 6.384292,6.061091,6.384292,6.061091,6.384292,6.061091,6.384292,6.061091,6.384292,6.061091,
   **   ~~~   ** Node named PERIMETER_MID_ZN_1 VAV BOX OUTLET NODE shows oscillating temperatures across iterations with a repeated value of 15.761831
   **   ~~~   ** Node named PERIMETER_MID_ZN_1 VAV BOX OUTLET NODE temperature [C] iteration history trace (most recent first): 15.761831,15.322341,15.761831,15.322341,15.761831,15.322341,15.761831,15.322341,15.761831,15.322341,
   **   ~~~   ** Node named PERIMETER_MID_ZN_4 VAV BOX OUTLET NODE shows oscillating humidity ratio across iterations with a repeated value of 6.187827E-003
   **   ~~~   ** Node named PERIMETER_MID_ZN_4 VAV BOX OUTLET NODE humidity ratio [kg-water/kg-dryair] iteration history trace (most recent first): 6.187827E-003,6.160795E-003,6.187827E-003,6.160795E-003,6.187827E-003,6.160795E-003,6.187827E-003,6.160795E-003,6.187827E-003,6.160795E-003,
   **   ~~~   ** Node named PERIMETER_MID_ZN_4 VAV BOX OUTLET NODE shows oscillating mass flow rate across iterations with a repeated value of 2.011715
   **   ~~~   ** Node named PERIMETER_MID_ZN_4 VAV BOX OUTLET NODE mass flow rate [kg/s] iteration history trace (most recent first): 2.011715,1.909873,2.011715,1.909873,2.011715,1.909873,2.011715,1.909873,2.011715,1.909873,
   **   ~~~   ** Node named PERIMETER_MID_ZN_4 VAV BOX OUTLET NODE shows oscillating temperatures across iterations with a repeated value of 15.761831
   **   ~~~   ** Node named PERIMETER_MID_ZN_4 VAV BOX OUTLET NODE temperature [C] iteration history trace (most recent first): 15.761831,15.322341,15.761831,15.322341,15.761831,15.322341,15.761831,15.322341,15.761831,15.322341,
   ** Warning ** SimHVAC: Maximum iterations (20) exceeded for all HVAC loops, at RUNPERIOD 1, 03/16 16:40 - 16:50
   **   ~~~   ** The solution for one or more of the Air Loop HVAC systems did not appear to converge
   **   ~~~   ** Air System Named = VAV_MID WITH REHEAT did not converge for mass flow rate
   **   ~~~   ** Check values should be zero. Most Recent values listed first.
   **   ~~~   ** Demand-to-Supply interface mass flow rate check value iteration history trace: 0.878938,3.230252,0.933185,1.813037,1.362969,0.878938,3.230252,0.933185,1.813037,1.362969,
   **   ~~~   ** Supply-to-demand interface deck 1 mass flow rate check value iteration history trace: 0.000000,0.000000,0.000000,0.000000,0.000000,0.000000,0.000000,0.000000,0.000000,0.000000,
   **   ~~~   ** Air System Named = VAV_MID WITH REHEAT did not converge for humidity ratio
   **   ~~~   ** Check values should be zero. Most Recent values listed first.
   **   ~~~   ** Demand-to-Supply interface humidity ratio check value iteration history trace: 0.000000,0.000000,0.000000,0.000000,0.000000,0.000000,0.000000,0.000000,0.000000,0.000000,
   **   ~~~   ** Supply-to-demand interface deck 1 humidity ratio check value iteration history trace: 1.641055E-004,1.189616E-004,5.275880E-005,4.440557E-005,1.859027E-004,1.641055E-004,1.189616E-004,5.275880E-005,4.440557E-005,1.859027E-004,
   **   ~~~   ** Air System Named = VAV_MID WITH REHEAT did not converge for temperature
   **   ~~~   ** Check values should be zero. Most Recent values listed first.
   **   ~~~   ** Demand-to-Supply interface temperature check value iteration history trace: 0.000000,0.000000,0.000000,0.000000,0.000000,0.000000,0.000000,0.000000,0.000000,0.000000,
   **   ~~~   ** Supply-to-demand interface deck 1 temperature check value iteration history trace: 0.613317,0.876440,0.233930,0.498352,0.757475,0.613317,0.876440,0.233930,0.498352,0.757475,
   **   ~~~   ** Air System Named = VAV_MID WITH REHEAT did not converge for energy
   **   ~~~   ** Check values should be zero. Most Recent values listed first.
   **   ~~~   ** Demand-to-Supply interface energy check value iteration history trace: 21109.624635,77581.547310,22412.468840,43544.037894,32734.665212,21109.624635,77581.547310,22412.468840,43544.037894,32734.665212,
   **   ~~~   ** Supply-to-demand interface deck 1 energy check value iteration history trace: -19482.026166,-30684.955007,7970.761112,16072.534070,23392.195225,-19482.026166,-30684.955007,7970.761112,16072.534070,23392.195225,
   **   ~~~   ** Node named CORE_MID VAV BOX OUTLET NODE shows oscillating humidity ratio across iterations with a repeated value of 7.684282E-003
   **   ~~~   ** Node named CORE_MID VAV BOX OUTLET NODE humidity ratio [kg-water/kg-dryair] iteration history trace (most recent first): 7.684282E-003,7.848388E-003,7.967349E-003,7.914590E-003,7.870185E-003,7.684282E-003,7.848388E-003,7.967349E-003,7.914590E-003,7.870185E-003,
   **   ~~~   ** Node named CORE_MID VAV BOX OUTLET NODE shows oscillating mass flow rate across iterations with a repeated value of 18.969151
   **   ~~~   ** Node named CORE_MID VAV BOX OUTLET NODE mass flow rate [kg/s] iteration history trace (most recent first): 18.969151,19.275344,21.523699,20.874174,19.612244,18.969151,19.275344,21.523699,20.874174,19.612244,
   **   ~~~   ** Node named CORE_MID VAV BOX OUTLET NODE shows oscillating temperatures across iterations with a repeated value of 15.003386
   **   ~~~   ** Node named CORE_MID VAV BOX OUTLET NODE temperature [C] iteration history trace (most recent first): 15.003386,15.616703,16.493143,16.259212,15.760861,15.003386,15.616703,16.493143,16.259212,15.760861,
   **   ~~~   ** Node named PERIMETER_MID_ZN_3 VAV BOX OUTLET NODE shows oscillating humidity ratio across iterations with a repeated value of 7.684282E-003
   **   ~~~   ** Node named PERIMETER_MID_ZN_3 VAV BOX OUTLET NODE humidity ratio [kg-water/kg-dryair] iteration history trace (most recent first): 7.684282E-003,7.848388E-003,7.967349E-003,7.914590E-003,7.870185E-003,7.684282E-003,7.848388E-003,7.967349E-003,7.914590E-003,7.870185E-003,
   **   ~~~   ** Node named PERIMETER_MID_ZN_3 VAV BOX OUTLET NODE shows oscillating temperatures across iterations with a repeated value of 15.003386
   **   ~~~   ** Node named PERIMETER_MID_ZN_3 VAV BOX OUTLET NODE temperature [C] iteration history trace (most recent first): 15.003386,15.616703,16.493143,16.259212,15.760861,15.003386,15.616703,16.493143,16.259212,15.760861,
   **   ~~~   ** Node named PERIMETER_MID_ZN_2 VAV BOX OUTLET NODE shows oscillating humidity ratio across iterations with a repeated value of 7.684282E-003
   **   ~~~   ** Node named PERIMETER_MID_ZN_2 VAV BOX OUTLET NODE humidity ratio [kg-water/kg-dryair] iteration history trace (most recent first): 7.684282E-003,7.848388E-003,7.967349E-003,7.914590E-003,7.870185E-003,7.684282E-003,7.848388E-003,7.967349E-003,7.914590E-003,7.870185E-003,
   **   ~~~   ** Node named PERIMETER_MID_ZN_2 VAV BOX OUTLET NODE shows oscillating temperatures across iterations with a repeated value of 15.003386
   **   ~~~   ** Node named PERIMETER_MID_ZN_2 VAV BOX OUTLET NODE temperature [C] iteration history trace (most recent first): 15.003386,15.616703,16.493143,16.259212,15.760861,15.003386,15.616703,16.493143,16.259212,15.760861,
   **   ~~~   ** Node named PERIMETER_MID_ZN_1 VAV BOX OUTLET NODE shows oscillating humidity ratio across iterations with a repeated value of 7.684282E-003
   **   ~~~   ** Node named PERIMETER_MID_ZN_1 VAV BOX OUTLET NODE humidity ratio [kg-water/kg-dryair] iteration history trace (most recent first): 7.684282E-003,7.848388E-003,7.967349E-003,7.914590E-003,7.870185E-003,7.684282E-003,7.848388E-003,7.967349E-003,7.914590E-003,7.870185E-003,
   **   ~~~   ** Node named PERIMETER_MID_ZN_1 VAV BOX OUTLET NODE shows oscillating mass flow rate across iterations with a repeated value of 2.624405
   **   ~~~   ** Node named PERIMETER_MID_ZN_1 VAV BOX OUTLET NODE mass flow rate [kg/s] iteration history trace (most recent first): 2.624405,2.815997,3.144453,3.049566,2.865214,2.624405,2.815997,3.144453,3.049566,2.865214,
   **   ~~~   ** Node named PERIMETER_MID_ZN_1 VAV BOX OUTLET NODE shows oscillating temperatures across iterations with a repeated value of 15.003386
   **   ~~~   ** Node named PERIMETER_MID_ZN_1 VAV BOX OUTLET NODE temperature [C] iteration history trace (most recent first): 15.003386,15.616703,16.493143,16.259212,15.760861,15.003386,15.616703,16.493143,16.259212,15.760861,
   **   ~~~   ** Node named PERIMETER_MID_ZN_4 VAV BOX OUTLET NODE shows oscillating humidity ratio across iterations with a repeated value of 7.684282E-003
   **   ~~~   ** Node named PERIMETER_MID_ZN_4 VAV BOX OUTLET NODE humidity ratio [kg-water/kg-dryair] iteration history trace (most recent first): 7.684282E-003,7.848388E-003,7.967349E-003,7.914590E-003,7.870185E-003,7.684282E-003,7.848388E-003,7.967349E-003,7.914590E-003,7.870185E-003,
   **   ~~~   ** Node named PERIMETER_MID_ZN_4 VAV BOX OUTLET NODE shows oscillating mass flow rate across iterations with a repeated value of 5.220746
   **   ~~~   ** Node named PERIMETER_MID_ZN_4 VAV BOX OUTLET NODE mass flow rate [kg/s] iteration history trace (most recent first): 5.220746,5.601899,6.255340,6.066568,5.699813,5.220746,5.601899,6.255340,6.066568,5.699813,
   **   ~~~   ** Node named PERIMETER_MID_ZN_4 VAV BOX OUTLET NODE shows oscillating temperatures across iterations with a repeated value of 15.003386
   **   ~~~   ** Node named PERIMETER_MID_ZN_4 VAV BOX OUTLET NODE temperature [C] iteration history trace (most recent first): 15.003386,15.616703,16.493143,16.259212,15.760861,15.003386,15.616703,16.493143,16.259212,15.760861,
   ** Warning ** SimHVAC: Maximum iterations (20) exceeded for all HVAC loops, at RUNPERIOD 1, 03/18 10:10 - 10:15
   **   ~~~   ** The solution for one or more of the Air Loop HVAC systems did not appear to converge
   **   ~~~   ** Air System Named = VAV_BOT WITH REHEAT did not converge for mass flow rate
   **   ~~~   ** Check values should be zero. Most Recent values listed first.
   **   ~~~   ** Demand-to-Supply interface mass flow rate check value iteration history trace: 7.658474E-002,7.665299E-002,8.071976E-002,8.071975E-002,8.071941E-002,8.072010E-002,8.075440E-002,8.068548E-002,7.658474E-002,7.665299E-002,
   **   ~~~   ** Supply-to-demand interface deck 1 mass flow rate check value iteration history trace: 0.000000,0.000000,0.000000,0.000000,0.000000,0.000000,0.000000,0.000000,0.000000,0.000000,
   **   ~~~   ** Air System Named = VAV_BOT WITH REHEAT did not converge for temperature
   **   ~~~   ** Check values should be zero. Most Recent values listed first.
   **   ~~~   ** Demand-to-Supply interface temperature check value iteration history trace: 0.000000,0.000000,3.552714E-015,0.000000,0.000000,3.552714E-015,3.552714E-015,3.552714E-015,0.000000,0.000000,
   **   ~~~   ** Supply-to-demand interface deck 1 temperature check value iteration history trace: 0.174905,0.175056,0.175056,0.175055,0.175055,0.175056,0.175129,0.174977,0.174905,0.175056,
   **   ~~~   ** Air System Named = VAV_BOT WITH REHEAT did not converge for energy
   **   ~~~   ** Check values should be zero. Most Recent values listed first.
   **   ~~~   ** Demand-to-Supply interface energy check value iteration history trace: 1838.914771,1840.553472,1938.202793,1938.202627,1938.194386,1938.210947,1939.034634,1937.379538,1838.914771,1840.553472,
   **   ~~~   ** Supply-to-demand interface deck 1 energy check value iteration history trace: -736.361056,723.513167,-737.712084,723.513135,-737.708888,723.516308,-738.028323,723.199235,-736.361056,723.513167,
   **   ~~~   ** Node named CORE_BOTTOM VAV BOX OUTLET NODE shows oscillating mass flow rate across iterations with a repeated value of 2.221630
   **   ~~~   ** Node named CORE_BOTTOM VAV BOX OUTLET NODE mass flow rate [kg/s] iteration history trace (most recent first): 2.221630,2.221590,2.221591,2.221591,2.221630,2.221590,2.221591,2.221591,2.221630,2.221590,
   **   ~~~   ** Node named CORE_BOTTOM VAV BOX OUTLET NODE shows oscillating temperatures across iterations with a repeated value of 15.427063
   **   ~~~   ** Node named CORE_BOTTOM VAV BOX OUTLET NODE temperature [C] iteration history trace (most recent first): 15.427063,15.426911,15.426912,15.426912,15.427063,15.426911,15.426912,15.426912,15.427063,15.426911,
   **   ~~~   ** Node named PERIMETER_BOT_ZN_3 VAV BOX OUTLET NODE shows oscillating temperatures across iterations with a repeated value of 15.427063
   **   ~~~   ** Node named PERIMETER_BOT_ZN_3 VAV BOX OUTLET NODE temperature [C] iteration history trace (most recent first): 15.427063,15.426911,15.426912,15.426912,15.427063,15.426911,15.426912,15.426912,15.427063,15.426911,
   **   ~~~   ** Node named PERIMETER_BOT_ZN_2 VAV BOX OUTLET NODE shows oscillating mass flow rate across iterations with a repeated value of 0.614340
   **   ~~~   ** Node named PERIMETER_BOT_ZN_2 VAV BOX OUTLET NODE mass flow rate [kg/s] iteration history trace (most recent first): 0.614340,0.614330,0.614330,0.614330,0.614340,0.614330,0.614330,0.614330,0.614340,0.614330,
   **   ~~~   ** Node named PERIMETER_BOT_ZN_2 VAV BOX OUTLET NODE shows oscillating temperatures across iterations with a repeated value of 15.427063
   **   ~~~   ** Node named PERIMETER_BOT_ZN_2 VAV BOX OUTLET NODE temperature [C] iteration history trace (most recent first): 15.427063,15.426911,15.426912,15.426912,15.427063,15.426911,15.426912,15.426912,15.427063,15.426911,
   **   ~~~   ** Node named PERIMETER_BOT_ZN_1 VAV BOX OUTLET NODE shows oscillating mass flow rate across iterations with a repeated value of 0.843971
   **   ~~~   ** Node named PERIMETER_BOT_ZN_1 VAV BOX OUTLET NODE mass flow rate [kg/s] iteration history trace (most recent first): 0.843971,0.843956,0.843957,0.843957,0.843971,0.843956,0.843957,0.843957,0.843971,0.843956,
   **   ~~~   ** Node named PERIMETER_BOT_ZN_1 VAV BOX OUTLET NODE shows oscillating temperatures across iterations with a repeated value of 15.427063
   **   ~~~   ** Node named PERIMETER_BOT_ZN_1 VAV BOX OUTLET NODE temperature [C] iteration history trace (most recent first): 15.427063,15.426911,15.426912,15.426912,15.427063,15.426911,15.426912,15.426912,15.427063,15.426911,
   **   ~~~   ** Node named PERIMETER_BOT_ZN_4 VAV BOX OUTLET NODE shows oscillating mass flow rate across iterations with a repeated value of 0.195237
   **   ~~~   ** Node named PERIMETER_BOT_ZN_4 VAV BOX OUTLET NODE mass flow rate [kg/s] iteration history trace (most recent first): 0.195237,0.195234,0.195234,0.195234,0.195237,0.195234,0.195234,0.195234,0.195237,0.195234,
   **   ~~~   ** Node named PERIMETER_BOT_ZN_4 VAV BOX OUTLET NODE shows oscillating temperatures across iterations with a repeated value of 15.427063
   **   ~~~   ** Node named PERIMETER_BOT_ZN_4 VAV BOX OUTLET NODE temperature [C] iteration history trace (most recent first): 15.427063,15.426911,15.426912,15.426912,15.427063,15.426911,15.426912,15.426912,15.427063,15.426911,
   ** Warning ** SimHVAC: Maximum iterations (20) exceeded for all HVAC loops, at RUNPERIOD 1, 03/20 15:30 - 15:40
   **   ~~~   ** The solution for one or more of the Air Loop HVAC systems did not appear to converge
   **   ~~~   ** Air System Named = VAV_TOP WITH REHEAT did not converge for mass flow rate
   **   ~~~   ** Check values should be zero. Most Recent values listed first.
   **   ~~~   ** Demand-to-Supply interface mass flow rate check value iteration history trace: 9.499189E-002,0.279325,0.160782,2.355112E-002,9.499189E-002,0.279325,0.160782,2.355112E-002,9.499189E-002,0.279325,
   **   ~~~   ** Supply-to-demand interface deck 1 mass flow rate check value iteration history trace: 0.000000,0.000000,0.000000,0.000000,0.000000,0.000000,0.000000,0.000000,0.000000,0.000000,
   **   ~~~   ** Air System Named = VAV_TOP WITH REHEAT did not converge for temperature
   **   ~~~   ** Check values should be zero. Most Recent values listed first.
   **   ~~~   ** Demand-to-Supply interface temperature check value iteration history trace: 3.552714E-015,3.552714E-015,3.552714E-015,3.552714E-015,3.552714E-015,3.552714E-015,3.552714E-015,3.552714E-015,3.552714E-015,3.552714E-015,
   **   ~~~   ** Supply-to-demand interface deck 1 temperature check value iteration history trace: 0.272810,0.755298,0.417510,6.497826E-002,0.272810,0.755298,0.417510,6.497826E-002,0.272810,0.755298,
   **   ~~~   ** Air System Named = VAV_TOP WITH REHEAT did not converge for energy
   **   ~~~   ** Check values should be zero. Most Recent values listed first.
   **   ~~~   ** Demand-to-Supply interface energy check value iteration history trace: 2257.480007,6638.162781,3820.990860,559.691915,2257.480007,6638.162781,3820.990860,559.691915,2257.480007,6638.162781,
   **   ~~~   ** Supply-to-demand interface deck 1 energy check value iteration history trace: 913.512723,-2741.136501,1447.778607,223.784260,913.512723,-2741.136501,1447.778607,223.784260,913.512723,-2741.136501,
   **   ~~~   ** Node named CORE_TOP VAV BOX OUTLET NODE shows oscillating humidity ratio across iterations with a repeated value of 6.097507E-003
   **   ~~~   ** Node named CORE_TOP VAV BOX OUTLET NODE humidity ratio [kg-water/kg-dryair] iteration history trace (most recent first): 6.097507E-003,6.113690E-003,6.097507E-003,6.113690E-003,6.097507E-003,6.113690E-003,6.097507E-003,6.113690E-003,6.097507E-003,6.113690E-003,
   **   ~~~   ** Node named CORE_TOP VAV BOX OUTLET NODE shows oscillating mass flow rate across iterations with a repeated value of 2.147099
   **   ~~~   ** Node named CORE_TOP VAV BOX OUTLET NODE mass flow rate [kg/s] iteration history trace (most recent first): 2.147099,2.277912,2.147099,2.277912,2.147099,2.277912,2.147099,2.277912,2.147099,2.277912,
   **   ~~~   ** Node named CORE_TOP VAV BOX OUTLET NODE shows oscillating temperatures across iterations with a repeated value of 15.599410
   **   ~~~   ** Node named CORE_TOP VAV BOX OUTLET NODE temperature [C] iteration history trace (most recent first): 15.599410,16.081898,15.599410,16.081898,15.599410,16.081898,15.599410,16.081898,15.599410,16.081898,
   **   ~~~   ** Node named PERIMETER_TOP_ZN_3 VAV BOX OUTLET NODE shows oscillating humidity ratio across iterations with a repeated value of 6.097507E-003
   **   ~~~   ** Node named PERIMETER_TOP_ZN_3 VAV BOX OUTLET NODE humidity ratio [kg-water/kg-dryair] iteration history trace (most recent first): 6.097507E-003,6.113690E-003,6.097507E-003,6.113690E-003,6.097507E-003,6.113690E-003,6.097507E-003,6.113690E-003,6.097507E-003,6.113690E-003,
   **   ~~~   ** Node named PERIMETER_TOP_ZN_3 VAV BOX OUTLET NODE shows oscillating temperatures across iterations with a repeated value of 15.599410
   **   ~~~   ** Node named PERIMETER_TOP_ZN_3 VAV BOX OUTLET NODE temperature [C] iteration history trace (most recent first): 15.599410,16.081898,15.599410,16.081898,15.599410,16.081898,15.599410,16.081898,15.599410,16.081898,
   **   ~~~   ** Node named PERIMETER_TOP_ZN_2 VAV BOX OUTLET NODE shows oscillating humidity ratio across iterations with a repeated value of 6.097507E-003
   **   ~~~   ** Node named PERIMETER_TOP_ZN_2 VAV BOX OUTLET NODE humidity ratio [kg-water/kg-dryair] iteration history trace (most recent first): 6.097507E-003,6.113690E-003,6.097507E-003,6.113690E-003,6.097507E-003,6.113690E-003,6.097507E-003,6.113690E-003,6.097507E-003,6.113690E-003,
   **   ~~~   ** Node named PERIMETER_TOP_ZN_2 VAV BOX OUTLET NODE shows oscillating temperatures across iterations with a repeated value of 15.599410
   **   ~~~   ** Node named PERIMETER_TOP_ZN_2 VAV BOX OUTLET NODE temperature [C] iteration history trace (most recent first): 15.599410,16.081898,15.599410,16.081898,15.599410,16.081898,15.599410,16.081898,15.599410,16.081898,
   **   ~~~   ** Node named PERIMETER_TOP_ZN_1 VAV BOX OUTLET NODE shows oscillating humidity ratio across iterations with a repeated value of 6.097507E-003
   **   ~~~   ** Node named PERIMETER_TOP_ZN_1 VAV BOX OUTLET NODE humidity ratio [kg-water/kg-dryair] iteration history trace (most recent first): 6.097507E-003,6.113690E-003,6.097507E-003,6.113690E-003,6.097507E-003,6.113690E-003,6.097507E-003,6.113690E-003,6.097507E-003,6.113690E-003,
   **   ~~~   ** Node named PERIMETER_TOP_ZN_1 VAV BOX OUTLET NODE shows oscillating mass flow rate across iterations with a repeated value of 0.532410
   **   ~~~   ** Node named PERIMETER_TOP_ZN_1 VAV BOX OUTLET NODE mass flow rate [kg/s] iteration history trace (most recent first): 0.532410,0.564845,0.532410,0.564845,0.532410,0.564845,0.532410,0.564845,0.532410,0.564845,
   **   ~~~   ** Node named PERIMETER_TOP_ZN_1 VAV BOX OUTLET NODE shows oscillating temperatures across iterations with a repeated value of 15.599410
   **   ~~~   ** Node named PERIMETER_TOP_ZN_1 VAV BOX OUTLET NODE temperature [C] iteration history trace (most recent first): 15.599410,16.081898,15.599410,16.081898,15.599410,16.081898,15.599410,16.081898,15.599410,16.081898,
   **   ~~~   ** Node named PERIMETER_TOP_ZN_4 VAV BOX OUTLET NODE shows oscillating humidity ratio across iterations with a repeated value of 6.097507E-003
   **   ~~~   ** Node named PERIMETER_TOP_ZN_4 VAV BOX OUTLET NODE humidity ratio [kg-water/kg-dryair] iteration history trace (most recent first): 6.097507E-003,6.113690E-003,6.097507E-003,6.113690E-003,6.097507E-003,6.113690E-003,6.097507E-003,6.113690E-003,6.097507E-003,6.113690E-003,
   **   ~~~   ** Node named PERIMETER_TOP_ZN_4 VAV BOX OUTLET NODE shows oscillating mass flow rate across iterations with a repeated value of 0.346113
   **   ~~~   ** Node named PERIMETER_TOP_ZN_4 VAV BOX OUTLET NODE mass flow rate [kg/s] iteration history trace (most recent first): 0.346113,0.367199,0.346113,0.367199,0.346113,0.367199,0.346113,0.367199,0.346113,0.367199,
   **   ~~~   ** Node named PERIMETER_TOP_ZN_4 VAV BOX OUTLET NODE shows oscillating temperatures across iterations with a repeated value of 15.599410
   **   ~~~   ** Node named PERIMETER_TOP_ZN_4 VAV BOX OUTLET NODE temperature [C] iteration history trace (most recent first): 15.599410,16.081898,15.599410,16.081898,15.599410,16.081898,15.599410,16.081898,15.599410,16.081898,
   ** Warning ** SimHVAC: Maximum iterations (20) exceeded for all HVAC loops, at RUNPERIOD 1, 03/22 09:50 - 10:00
   **   ~~~   ** The solution for one or more of the Air Loop HVAC systems did not appear to converge
   **   ~~~   ** Air System Named = VAV_MID WITH REHEAT did not converge for mass flow rate
   **   ~~~   ** Check values should be zero. Most Recent values listed first.
   **   ~~~   ** Demand-to-Supply interface mass flow rate check value iteration history trace: 1.731512,2.918615,2.414751,2.235376,1.731512,2.918615,2.414751,2.235376,1.731512,2.918615,
   **   ~~~   ** Supply-to-demand interface deck 1 mass flow rate check value iteration history trace: 0.000000,0.000000,0.000000,0.000000,0.000000,0.000000,0.000000,0.000000,0.000000,0.000000,
   **   ~~~   ** Air System Named = VAV_MID WITH REHEAT did not converge for temperature
   **   ~~~   ** Check values should be zero. Most Recent values listed first.
   **   ~~~   ** Demand-to-Supply interface temperature check value iteration history trace: 0.000000,0.000000,0.000000,0.000000,0.000000,0.000000,0.000000,0.000000,0.000000,0.000000,
   **   ~~~   ** Supply-to-demand interface deck 1 temperature check value iteration history trace: 0.428696,0.635273,0.518248,0.545720,0.428696,0.635273,0.518248,0.545720,0.428696,0.635273,
   **   ~~~   ** Air System Named = VAV_MID WITH REHEAT did not converge for energy
   **   ~~~   ** Check values should be zero. Most Recent values listed first.
   **   ~~~   ** Demand-to-Supply interface energy check value iteration history trace: 40915.370793,68966.456692,57060.218355,52821.609130,40915.370793,68966.456692,57060.218355,52821.609130,40915.370793,68966.456692,
   **   ~~~   ** Supply-to-demand interface deck 1 energy check value iteration history trace: -17039.423345,-27113.355844,20861.271076,20741.303968,-17039.423345,-27113.355844,20861.271076,20741.303968,-17039.423345,-27113.355844,
   **   ~~~   ** Node named CORE_MID VAV BOX OUTLET NODE shows oscillating humidity ratio across iterations with a repeated value of 3.986513E-003
   **   ~~~   ** Node named CORE_MID VAV BOX OUTLET NODE humidity ratio [kg-water/kg-dryair] iteration history trace (most recent first): 3.986513E-003,4.026240E-003,3.986513E-003,4.026240E-003,3.986513E-003,4.026240E-003,3.986513E-003,4.026240E-003,3.986513E-003,4.026240E-003,
   **   ~~~   ** Node named CORE_MID VAV BOX OUTLET NODE shows oscillating mass flow rate across iterations with a repeated value of 25.798350
   **   ~~~   ** Node named CORE_MID VAV BOX OUTLET NODE mass flow rate [kg/s] iteration history trace (most recent first): 25.798350,29.359069,25.798350,29.359069,25.798350,29.359069,25.798350,29.359069,25.798350,29.359069,
   **   ~~~   ** Node named CORE_MID VAV BOX OUTLET NODE shows oscillating temperatures across iterations with a repeated value of 15.226573
   **   ~~~   ** Node named CORE_MID VAV BOX OUTLET NODE temperature [C] iteration history trace (most recent first): 15.226573,16.290542,15.226573,16.290542,15.226573,16.290542,15.226573,16.290542,15.226573,16.290542,
   **   ~~~   ** Node named PERIMETER_MID_ZN_3 VAV BOX OUTLET NODE shows oscillating humidity ratio across iterations with a repeated value of 3.986513E-003
   **   ~~~   ** Node named PERIMETER_MID_ZN_3 VAV BOX OUTLET NODE humidity ratio [kg-water/kg-dryair] iteration history trace (most recent first): 3.986513E-003,4.026240E-003,3.986513E-003,4.026240E-003,3.986513E-003,4.026240E-003,3.986513E-003,4.026240E-003,3.986513E-003,4.026240E-003,
   **   ~~~   ** Node named PERIMETER_MID_ZN_3 VAV BOX OUTLET NODE shows oscillating temperatures across iterations with a repeated value of 15.226573
   **   ~~~   ** Node named PERIMETER_MID_ZN_3 VAV BOX OUTLET NODE temperature [C] iteration history trace (most recent first): 15.226573,16.290542,15.226573,16.290542,15.226573,16.290542,15.226573,16.290542,15.226573,16.290542,
   **   ~~~   ** Node named PERIMETER_MID_ZN_2 VAV BOX OUTLET NODE shows oscillating humidity ratio across iterations with a repeated value of 3.986513E-003
   **   ~~~   ** Node named PERIMETER_MID_ZN_2 VAV BOX OUTLET NODE humidity ratio [kg-water/kg-dryair] iteration history trace (most recent first): 3.986513E-003,4.026240E-003,3.986513E-003,4.026240E-003,3.986513E-003,4.026240E-003,3.986513E-003,4.026240E-003,3.986513E-003,4.026240E-003,
   **   ~~~   ** Node named PERIMETER_MID_ZN_2 VAV BOX OUTLET NODE shows oscillating mass flow rate across iterations with a repeated value of 3.116721
   **   ~~~   ** Node named PERIMETER_MID_ZN_2 VAV BOX OUTLET NODE mass flow rate [kg/s] iteration history trace (most recent first): 3.116721,3.518025,3.116721,3.518025,3.116721,3.518025,3.116721,3.518025,3.116721,3.518025,
   **   ~~~   ** Node named PERIMETER_MID_ZN_2 VAV BOX OUTLET NODE shows oscillating temperatures across iterations with a repeated value of 15.226573
   **   ~~~   ** Node named PERIMETER_MID_ZN_2 VAV BOX OUTLET NODE temperature [C] iteration history trace (most recent first): 15.226573,16.290542,15.226573,16.290542,15.226573,16.290542,15.226573,16.290542,15.226573,16.290542,
   **   ~~~   ** Node named PERIMETER_MID_ZN_1 VAV BOX OUTLET NODE shows oscillating humidity ratio across iterations with a repeated value of 3.986513E-003
   **   ~~~   ** Node named PERIMETER_MID_ZN_1 VAV BOX OUTLET NODE humidity ratio [kg-water/kg-dryair] iteration history trace (most recent first): 3.986513E-003,4.026240E-003,3.986513E-003,4.026240E-003,3.986513E-003,4.026240E-003,3.986513E-003,4.026240E-003,3.986513E-003,4.026240E-003,
   **   ~~~   ** Node named PERIMETER_MID_ZN_1 VAV BOX OUTLET NODE shows oscillating mass flow rate across iterations with a repeated value of 4.984934
   **   ~~~   ** Node named PERIMETER_MID_ZN_1 VAV BOX OUTLET NODE mass flow rate [kg/s] iteration history trace (most recent first): 4.984934,5.673038,4.984934,5.673038,4.984934,5.673038,4.984934,5.673038,4.984934,5.673038,
   **   ~~~   ** Node named PERIMETER_MID_ZN_1 VAV BOX OUTLET NODE shows oscillating temperatures across iterations with a repeated value of 15.226573
   **   ~~~   ** Node named PERIMETER_MID_ZN_1 VAV BOX OUTLET NODE temperature [C] iteration history trace (most recent first): 15.226573,16.290542,15.226573,16.290542,15.226573,16.290542,15.226573,16.290542,15.226573,16.290542,
   **   ~~~   ** Node named PERIMETER_MID_ZN_4 VAV BOX OUTLET NODE shows oscillating humidity ratio across iterations with a repeated value of 3.986513E-003
   **   ~~~   ** Node named PERIMETER_MID_ZN_4 VAV BOX OUTLET NODE humidity ratio [kg-water/kg-dryair] iteration history trace (most recent first): 3.986513E-003,4.026240E-003,3.986513E-003,4.026240E-003,3.986513E-003,4.026240E-003,3.986513E-003,4.026240E-003,3.986513E-003,4.026240E-003,
   **   ~~~   ** Node named PERIMETER_MID_ZN_4 VAV BOX OUTLET NODE shows oscillating temperatures across iterations with a repeated value of 15.226573
   **   ~~~   ** Node named PERIMETER_MID_ZN_4 VAV BOX OUTLET NODE temperature [C] iteration history trace (most recent first): 15.226573,16.290542,15.226573,16.290542,15.226573,16.290542,15.226573,16.290542,15.226573,16.290542,
   ** Warning ** SimHVAC: Maximum iterations (20) exceeded for all HVAC loops, at RUNPERIOD 1, 03/22 11:00 - 11:05
   **   ~~~   ** The solution for one or more of the Air Loop HVAC systems did not appear to converge
   **   ~~~   ** Air System Named = VAV_BOT WITH REHEAT did not converge for mass flow rate
   **   ~~~   ** Check values should be zero. Most Recent values listed first.
   **   ~~~   ** Demand-to-Supply interface mass flow rate check value iteration history trace: 9.833753E-002,1.529920E-002,9.030492E-002,1.873971E-002,8.705667E-002,1.437946E-002,8.413240E-002,9.851184E-002,1.437955E-002,8.413302E-002,
   **   ~~~   ** Supply-to-demand interface deck 1 mass flow rate check value iteration history trace: 0.000000,0.000000,0.000000,0.000000,0.000000,0.000000,0.000000,0.000000,0.000000,0.000000,
   **   ~~~   ** Air System Named = VAV_BOT WITH REHEAT did not converge for temperature
   **   ~~~   ** Check values should be zero. Most Recent values listed first.
   **   ~~~   ** Demand-to-Supply interface temperature check value iteration history trace: 0.000000,0.000000,0.000000,0.000000,0.000000,0.000000,0.000000,0.000000,0.000000,0.000000,
   **   ~~~   ** Supply-to-demand interface deck 1 temperature check value iteration history trace: 0.167787,2.655291E-002,0.153366,1.216229E-002,0.168091,2.496338E-002,0.143128,0.168091,2.496354E-002,0.143129,
   **   ~~~   ** Air System Named = VAV_BOT WITH REHEAT did not converge for energy
   **   ~~~   ** Check values should be zero. Most Recent values listed first.
   **   ~~~   ** Demand-to-Supply interface energy check value iteration history trace: 2391.418935,372.053203,2196.077951,455.721160,2117.085442,349.686523,2045.971676,2395.657725,349.688790,2045.986793,
   **   ~~~   ** Supply-to-demand interface deck 1 energy check value iteration history trace: 851.637921,-135.183295,-794.717470,62.793923,853.152324,-127.062947,-740.618203,853.152170,-127.063770,-740.623653,
   **   ~~~   ** Plant System Named = TOWERWATERSYS did not converge for temperature
   **   ~~~   ** Check values should be zero. Most Recent values listed first.
   **   ~~~   ** Demand-to-Supply interface temperature check value iteration history trace: 0.179222,0.279589,2.856082E-002,7.155892E-002,0.179293,0.279410,2.856490E-002,7.156913E-002,0.179356,0.279241,
   **   ~~~   ** Supply-to-Demand interface temperature check value iteration history trace: 0.113215,0.283747,0.442322,4.520383E-002,0.113260,0.283860,0.442319,4.521029E-002,0.113300,0.283959,
   ** Warning ** SimHVAC: Maximum iterations (20) exceeded for all HVAC loops, at RUNPERIOD 1, 03/27 14:00 - 14:10
   **   ~~~   ** The solution for one or more of the Air Loop HVAC systems did not appear to converge
   **   ~~~   ** Air System Named = VAV_MID WITH REHEAT did not converge for mass flow rate
   **   ~~~   ** Check values should be zero. Most Recent values listed first.
   **   ~~~   ** Demand-to-Supply interface mass flow rate check value iteration history trace: 0.134835,0.228833,0.137518,0.135010,0.226324,0.228833,0.137505,0.135012,0.225832,0.235648,
   **   ~~~   ** Supply-to-demand interface deck 1 mass flow rate check value iteration history trace: 0.000000,0.000000,0.000000,0.000000,0.000000,0.000000,0.000000,0.000000,0.000000,0.000000,
   **   ~~~   ** Air System Named = VAV_MID WITH REHEAT did not converge for temperature
   **   ~~~   ** Check values should be zero. Most Recent values listed first.
   **   ~~~   ** Demand-to-Supply interface temperature check value iteration history trace: 0.000000,0.000000,0.000000,0.000000,0.000000,0.000000,0.000000,0.000000,0.000000,0.000000,
   **   ~~~   ** Supply-to-demand interface deck 1 temperature check value iteration history trace: 0.299193,0.300344,0.300719,0.299567,0.299193,0.300344,0.300716,0.299572,0.298108,0.302616,
   **   ~~~   ** Air System Named = VAV_MID WITH REHEAT did not converge for energy
   **   ~~~   ** Check values should be zero. Most Recent values listed first.
   **   ~~~   ** Demand-to-Supply interface energy check value iteration history trace: 3080.430950,5227.877119,3141.717834,3084.411677,5170.570379,5227.884930,3141.422616,3084.457787,5159.320123,5383.576549,
   **   ~~~   ** Supply-to-demand interface deck 1 energy check value iteration history trace: -12853.087251,12833.491630,-12891.046703,12801.046206,-12853.084904,12833.496384,-12890.952488,12801.244718,-12806.350325,12928.333672,
   **   ~~~   ** Node named CORE_MID VAV BOX OUTLET NODE shows oscillating humidity ratio across iterations with a repeated value of 2.904202E-003
   **   ~~~   ** Node named CORE_MID VAV BOX OUTLET NODE humidity ratio [kg-water/kg-dryair] iteration history trace (most recent first): 2.904202E-003,2.904202E-003,2.959932E-003,2.904202E-003,2.904202E-003,2.940374E-003,2.904202E-003,2.904202E-003,2.904202E-003,2.904202E-003,
   **   ~~~   ** Node named CORE_MID VAV BOX OUTLET NODE shows oscillating temperatures across iterations with a repeated value of 14.313199
   **   ~~~   ** Node named CORE_MID VAV BOX OUTLET NODE temperature [C] iteration history trace (most recent first): 14.313199,14.312048,14.547866,14.312048,14.313192,14.392763,14.313199,14.308685,14.313199,14.312048,
   **   ~~~   ** Node named PERIMETER_MID_ZN_3 VAV BOX OUTLET NODE shows oscillating humidity ratio across iterations with a repeated value of 2.904202E-003
   **   ~~~   ** Node named PERIMETER_MID_ZN_3 VAV BOX OUTLET NODE humidity ratio [kg-water/kg-dryair] iteration history trace (most recent first): 2.904202E-003,2.904202E-003,2.959932E-003,2.904202E-003,2.904202E-003,2.940374E-003,2.904202E-003,2.904202E-003,2.904202E-003,2.904202E-003,
   **   ~~~   ** Node named PERIMETER_MID_ZN_3 VAV BOX OUTLET NODE shows oscillating temperatures across iterations with a repeated value of 14.313199
   **   ~~~   ** Node named PERIMETER_MID_ZN_3 VAV BOX OUTLET NODE temperature [C] iteration history trace (most recent first): 14.313199,14.312048,14.547866,14.312048,14.313192,14.392763,14.313199,14.308685,14.313199,14.312048,
   **   ~~~   ** Node named PERIMETER_MID_ZN_2 VAV BOX OUTLET NODE shows oscillating humidity ratio across iterations with a repeated value of 2.904202E-003
   **   ~~~   ** Node named PERIMETER_MID_ZN_2 VAV BOX OUTLET NODE humidity ratio [kg-water/kg-dryair] iteration history trace (most recent first): 2.904202E-003,2.904202E-003,2.959932E-003,2.904202E-003,2.904202E-003,2.940374E-003,2.904202E-003,2.904202E-003,2.904202E-003,2.904202E-003,
   **   ~~~   ** Node named PERIMETER_MID_ZN_2 VAV BOX OUTLET NODE shows oscillating mass flow rate across iterations with a repeated value of 1.735611
   **   ~~~   ** Node named PERIMETER_MID_ZN_2 VAV BOX OUTLET NODE mass flow rate [kg/s] iteration history trace (most recent first): 1.735611,1.735413,1.776793,1.735413,1.735610,1.749330,1.735611,1.734836,1.735611,1.735413,
   **   ~~~   ** Node named PERIMETER_MID_ZN_2 VAV BOX OUTLET NODE shows oscillating temperatures across iterations with a repeated value of 14.313199
   **   ~~~   ** Node named PERIMETER_MID_ZN_2 VAV BOX OUTLET NODE temperature [C] iteration history trace (most recent first): 14.313199,14.312048,14.547866,14.312048,14.313192,14.392763,14.313199,14.308685,14.313199,14.312048,
   **   ~~~   ** Node named PERIMETER_MID_ZN_1 VAV BOX OUTLET NODE shows oscillating humidity ratio across iterations with a repeated value of 2.904202E-003
   **   ~~~   ** Node named PERIMETER_MID_ZN_1 VAV BOX OUTLET NODE humidity ratio [kg-water/kg-dryair] iteration history trace (most recent first): 2.904202E-003,2.904202E-003,2.959932E-003,2.904202E-003,2.904202E-003,2.940374E-003,2.904202E-003,2.904202E-003,2.904202E-003,2.904202E-003,
   **   ~~~   ** Node named PERIMETER_MID_ZN_1 VAV BOX OUTLET NODE shows oscillating mass flow rate across iterations with a repeated value of 16.954857
   **   ~~~   ** Node named PERIMETER_MID_ZN_1 VAV BOX OUTLET NODE mass flow rate [kg/s] iteration history trace (most recent first): 16.954857,16.861364,16.488222,16.861364,16.863356,16.954857,16.863369,16.855513,16.954857,16.861364,
   **   ~~~   ** Node named PERIMETER_MID_ZN_1 VAV BOX OUTLET NODE shows oscillating temperatures across iterations with a repeated value of 14.313199
   **   ~~~   ** Node named PERIMETER_MID_ZN_1 VAV BOX OUTLET NODE temperature [C] iteration history trace (most recent first): 14.313199,14.312048,14.547866,14.312048,14.313192,14.392763,14.313199,14.308685,14.313199,14.312048,
   **   ~~~   ** Node named PERIMETER_MID_ZN_4 VAV BOX OUTLET NODE shows oscillating humidity ratio across iterations with a repeated value of 2.904202E-003
   **   ~~~   ** Node named PERIMETER_MID_ZN_4 VAV BOX OUTLET NODE humidity ratio [kg-water/kg-dryair] iteration history trace (most recent first): 2.904202E-003,2.904202E-003,2.959932E-003,2.904202E-003,2.904202E-003,2.940374E-003,2.904202E-003,2.904202E-003,2.904202E-003,2.904202E-003,
   **   ~~~   ** Node named PERIMETER_MID_ZN_4 VAV BOX OUTLET NODE shows oscillating mass flow rate across iterations with a repeated value of 2.575039
   **   ~~~   ** Node named PERIMETER_MID_ZN_4 VAV BOX OUTLET NODE mass flow rate [kg/s] iteration history trace (most recent first): 2.575039,2.574733,2.638873,2.574733,2.575038,2.596291,2.575039,2.573839,2.575039,2.574733,
   **   ~~~   ** Node named PERIMETER_MID_ZN_4 VAV BOX OUTLET NODE shows oscillating temperatures across iterations with a repeated value of 14.313199
   **   ~~~   ** Node named PERIMETER_MID_ZN_4 VAV BOX OUTLET NODE temperature [C] iteration history trace (most recent first): 14.313199,14.312048,14.547866,14.312048,14.313192,14.392763,14.313199,14.308685,14.313199,14.312048,
   **   ~~~   ** Plant System Named = TOWERWATERSYS did not converge for temperature
   **   ~~~   ** Check values should be zero. Most Recent values listed first.
   **   ~~~   ** Demand-to-Supply interface temperature check value iteration history trace: 0.156069,0.243427,0.405020,0.152975,0.249524,0.395144,0.157093,0.245025,0.402173,0.157062,
   **   ~~~   ** Supply-to-Demand interface temperature check value iteration history trace: 0.503255,0.194884,0.304164,0.505947,0.199765,0.311784,0.502364,0.196163,0.306159,0.502391,
   ** Warning ** WetBulb not converged after 101 iterations(PsyTwbFnTdbWPb)
   **   ~~~   **  Routine=CalcHPHeatingSimple, Environment=RUNPERIOD 1, at Simulation time=04/03 11:40 - 11:50
   **   ~~~   **  Input Temperature = -0.59
   **   ~~~   **  Input Humidity Ratio= 4.079069E-003
   **   ~~~   **  Input Pressure = 99495.81
   **   ~~~   **  Resultant Temperature= -6.81E-003
   ** Warning ** CHILLER:ELECTRIC:REFORMULATEDEIR "COOLSYS1 CHILLER2": The evaporator outlet temperature (14.91 C) is outside the range of evaporator outlet temperatures (X var) given in Cooling Capacity Function of Temperature biquadratic curve = WC_CENT_2010_PB_CAPFT
   **   ~~~   ** The range specified = 5.00 C to 10.00 C. Environment=RUNPERIOD 1, at Simulation time=05/10 14:20 - 14:30
   ** Warning ** CHILLER:ELECTRIC:REFORMULATEDEIR "COOLSYS1 CHILLER2": The evaporator outlet temperature (14.91 C) is outside the range of evaporator outlet temperatures (X var) given in Electric Input to Cooling Output Ratio Function of Temperature biquadratic curve = WC_CENT_2010_PB_EIRFT
   **   ~~~   ** The range specified = 5.00 C to 10.00 C. Environment=RUNPERIOD 1, at Simulation time=05/10 14:20 - 14:30
   ** Warning ** CHILLER:ELECTRIC:REFORMULATEDEIR "COOLSYS1 CHILLER2": The condenser outlet temperature (21.23 C) is outside the range of condenser outlet temperatures (X var) given in Electric Input to Cooling Output Ratio Function of Part-load Ratio bicubic curve = WC_CENT_300TO600_2010_PB_EIRFPLR
   **   ~~~   ** The range specified = 31.13 C to 36.52 C. Environment=RUNPERIOD 1, at Simulation time=05/10 14:20 - 14:30
   ** Warning ** CHILLER:ELECTRIC:REFORMULATEDEIR "COOLSYS1 CHILLER2": The part-load ratio (0.150) is outside the range of part-load ratios (Y var) given in Electric Input to Cooling Output Ratio Function of Part-load Ratio bicubic curve = WC_CENT_300TO600_2010_PB_EIRFPLR
   **   ~~~   ** The range specified = 0.190 to 1.030. Environment=RUNPERIOD 1, at Simulation time=05/10 14:20 - 14:30
   ** Warning ** CoolingTower:VariableSpeed "TOWERWATERSYS COOLTOWER 2" - Tower approach temperature is outside model boundaries at 0.20.
   **   ~~~   **  ...Valid range = 1.11 to 11.11. Occurrence info = RUNPERIOD 1, 05/21 12:00 - 12:10
   **   ~~~   **  ...Tower approach temperature passed to the model = 0.19594
   **   ~~~   **  ...Approach temperatures outside model boundaries may not adversely affect tower performance.
   **   ~~~   **  ...This is not an unexpected occurrence when simulating actual conditions.
   ** Warning ** CoolingTower:VariableSpeed "TOWERWATERSYS COOLTOWER 2" - Water flow rate ratio is outside model boundaries at 0.59.
   **   ~~~   **  ...Valid range = 0.75 to 1.25. Occurrence info = RUNPERIOD 1, 05/26 10:10 - 10:20
   **   ~~~   **  ...Water flow rate ratio passed to the model = 0.75000
   **   ~~~   **  ...Water flow rate ratios outside model boundaries may not adversely affect tower performance.
   ** Warning ** CoolingTower:VariableSpeed "TOWERWATERSYS COOLTOWER 2" - Water flow rate ratio is outside model boundaries at 0.59.
   **   ~~~   **  ...Valid range = 0.75 to 1.25. Occurrence info = RUNPERIOD 1, 05/26 10:20 - 10:30
   **   ~~~   **  ...Water flow rate ratio passed to the model = 0.75000
   **   ~~~   **  ...Water flow rate ratios outside model boundaries may not adversely affect tower performance.
   ** Warning ** CoolingTower:VariableSpeed "TOWERWATERSYS COOLTOWER 1" - Water flow rate ratio is outside model boundaries at 0.59.
   **   ~~~   **  ...Valid range = 0.75 to 1.25. Occurrence info = RUNPERIOD 1, 05/26 10:30 - 10:40
   **   ~~~   **  ...Water flow rate ratio passed to the model = 0.75000
   **   ~~~   **  ...Water flow rate ratios outside model boundaries may not adversely affect tower performance.
   ** Warning ** CoolingTower:VariableSpeed "TOWERWATERSYS COOLTOWER 2" - Water flow rate ratio is outside model boundaries at 0.59.
   **   ~~~   **  ...Valid range = 0.75 to 1.25. Occurrence info = RUNPERIOD 1, 05/26 10:30 - 10:40
   **   ~~~   **  ...Water flow rate ratio passed to the model = 0.75000
   **   ~~~   **  ...Water flow rate ratios outside model boundaries may not adversely affect tower performance.
   ** Warning ** CoolingTower:VariableSpeed "TOWERWATERSYS COOLTOWER 1" - Water flow rate ratio is outside model boundaries at 0.59.
   **   ~~~   **  ...Valid range = 0.75 to 1.25. Occurrence info = RUNPERIOD 1, 05/26 10:40 - 10:50
   **   ~~~   **  ...Water flow rate ratio passed to the model = 0.75000
   **   ~~~   **  ...Water flow rate ratios outside model boundaries may not adversely affect tower performance.
   ** Warning ** CoolingTower:VariableSpeed "TOWERWATERSYS COOLTOWER 2" - Water flow rate ratio is outside model boundaries at 0.59.
   **   ~~~   **  ...Valid range = 0.75 to 1.25. Occurrence info = RUNPERIOD 1, 05/26 10:40 - 10:50
   **   ~~~   **  ...Water flow rate ratio passed to the model = 0.75000
   **   ~~~   **  ...Water flow rate ratios outside model boundaries may not adversely affect tower performance.
   ** Warning ** CoolingTower:VariableSpeed "TOWERWATERSYS COOLTOWER 1" - Water flow rate ratio is outside model boundaries at 0.59.
   **   ~~~   **  ...Valid range = 0.75 to 1.25. Occurrence info = RUNPERIOD 1, 05/26 10:50 - 11:00
   **   ~~~   **  ...Water flow rate ratio passed to the model = 0.75000
   **   ~~~   **  ...Water flow rate ratios outside model boundaries may not adversely affect tower performance.
   ** Warning ** CoolingTower:VariableSpeed "TOWERWATERSYS COOLTOWER 2" - Water flow rate ratio is outside model boundaries at 0.59.
   **   ~~~   **  ...Valid range = 0.75 to 1.25. Occurrence info = RUNPERIOD 1, 05/26 10:50 - 11:00
   **   ~~~   **  ...Water flow rate ratio passed to the model = 0.75000
   **   ~~~   **  ...Water flow rate ratios outside model boundaries may not adversely affect tower performance.
   ** Warning ** CoolingTower:VariableSpeed "TOWERWATERSYS COOLTOWER 1" - Water flow rate ratio is outside model boundaries at 0.59.
   **   ~~~   **  ...Valid range = 0.75 to 1.25. Occurrence info = RUNPERIOD 1, 05/26 11:10 - 11:20
   **   ~~~   **  ...Water flow rate ratio passed to the model = 0.75000
   **   ~~~   **  ...Water flow rate ratios outside model boundaries may not adversely affect tower performance.
   ** Warning ** CoolingTower:VariableSpeed "TOWERWATERSYS COOLTOWER 1" - Water flow rate ratio is outside model boundaries at 0.59.
   **   ~~~   **  ...Valid range = 0.75 to 1.25. Occurrence info = RUNPERIOD 1, 05/30 08:30 - 08:40
   **   ~~~   **  ...Water flow rate ratio passed to the model = 0.75000
   **   ~~~   **  ...Water flow rate ratios outside model boundaries may not adversely affect tower performance.
   ** Warning ** CoolingTower:VariableSpeed "TOWERWATERSYS COOLTOWER 2" - Tower range temperature is outside model boundaries at 11.28.
   **   ~~~   **  ...Valid range = 1.11 to 11.11. Occurrence info = RUNPERIOD 1, 07/06 10:10 - 10:20
   **   ~~~   **  ...Tower range temperature passed to the model = 11.28153
   **   ~~~   **  ...Range temperatures outside model boundaries may not adversely affect tower performance.
   **   ~~~   **  ...This is not an unexpected occurrence when simulating actual conditions.
   ** Warning ** CHILLER:ELECTRIC:REFORMULATEDEIR "COOLSYS1 CHILLER1": The evaporator outlet temperature (10.04 C) is outside the range of evaporator outlet temperatures (X var) given in Cooling Capacity Function of Temperature biquadratic curve = WC_CENT_2010_PB_CAPFT
   **   ~~~   ** The range specified = 5.00 C to 10.00 C. Environment=RUNPERIOD 1, at Simulation time=07/06 12:30 - 12:40
   ** Warning ** CHILLER:ELECTRIC:REFORMULATEDEIR "COOLSYS1 CHILLER1": The evaporator outlet temperature (10.04 C) is outside the range of evaporator outlet temperatures (X var) given in Electric Input to Cooling Output Ratio Function of Temperature biquadratic curve = WC_CENT_2010_PB_EIRFT
   **   ~~~   ** The range specified = 5.00 C to 10.00 C. Environment=RUNPERIOD 1, at Simulation time=07/06 12:30 - 12:40
   ************* Simulation Error Summary *************
   ************* There are 31 unused schedules in input.
   ************* Use Output:Diagnostics,DisplayUnusedSchedules; to see them.
   *************
   ************* ===== Recurring Error Summary =====
   ************* The following recurring error messages occurred.
   *************
   *************  ** Warning ** Plant loop exceeding upper temperature limit, PlantLoop="SINGLE WATER PLANT LOOP"
   *************  **   ~~~   **   This error occurred 11076 total times;
   *************  **   ~~~   **   during Warmup 1 times;
   *************  **   ~~~   **   during Sizing 0 times.
   *************  **   ~~~   **   Max=51.918750
   *************
   *************  ** Warning ** "CORE_BOTTOM SUB CAT" - Target water temperature should be less than or equal to the hot water temperature error continues...
   *************  **   ~~~   **   This error occurred 1127015 total times;
   *************  **   ~~~   **   during Warmup 0 times;
   *************  **   ~~~   **   during Sizing 0 times.
   *************  **   ~~~   **   Max=1.940382  Min=0.169693
   *************
   *************  ** Warning ** "CORE_MID SUB CAT" - Target water temperature should be less than or equal to the hot water temperature error continues...
   *************  **   ~~~   **   This error occurred 1127015 total times;
   *************  **   ~~~   **   during Warmup 0 times;
   *************  **   ~~~   **   during Sizing 0 times.
   *************  **   ~~~   **   Max=1.940382  Min=0.169693
   *************
   *************  ** Warning ** "CORE_TOP SUB CAT" - Target water temperature should be less than or equal to the hot water temperature error continues...
   *************  **   ~~~   **   This error occurred 1127015 total times;
   *************  **   ~~~   **   during Warmup 0 times;
   *************  **   ~~~   **   during Sizing 0 times.
   *************  **   ~~~   **   Max=1.940382  Min=0.169693
   *************
   *************  ** Warning ** CHILLER:ELECTRIC:REFORMULATEDEIR "COOLSYS1 CHILLER1": The cond outlet temp range in Electric Input to Cooling Output Ratio Function of PLR curve error continues.
   *************  **   ~~~   **   This error occurred 429632 total times;
   *************  **   ~~~   **   during Warmup 0 times;
   *************  **   ~~~   **   during Sizing 0 times.
   *************  **   ~~~   **   Max=31.129068  Min=20.338450
   *************
   *************  ** Warning ** CHILLER:ELECTRIC:REFORMULATEDEIR "COOLSYS1 CHILLER1": The part-load ratio range in Electric Input to Cooling Output Ratio Function of PLRatio curve error continues.
   *************  **   ~~~   **   This error occurred 213464 total times;
   *************  **   ~~~   **   during Warmup 0 times;
   *************  **   ~~~   **   during Sizing 0 times.
   *************  **   ~~~   **   Max=0.189998  Min=0.150000
   *************
   *************  ** Warning ** CoolingTower:VariableSpeed "TOWERWATERSYS COOLTOWER 1" - Tower range temperature is out of range error continues...
   *************  **   ~~~   **   This error occurred 10681 total times;
   *************  **   ~~~   **   during Warmup 0 times;
   *************  **   ~~~   **   during Sizing 0 times.
   *************  **   ~~~   **   Max=13.280311  Min=0.000011
   *************
   *************  ** Warning ** CoolingTower:VariableSpeed "TOWERWATERSYS COOLTOWER 1" - Tower approach temperature is out of range error continues...
   *************  **   ~~~   **   This error occurred 10400 total times;
   *************  **   ~~~   **   during Warmup 0 times;
   *************  **   ~~~   **   during Sizing 0 times.
   *************  **   ~~~   **   Max=35.847123  Min=-4.330981
   *************
   *************  ** Warning ** GetSpecificHeatGlycol: Temperature out of range (too high) for fluid [ETHYLENEGLYCOL40PERCENT] specific heat **
   *************  **   ~~~   **   This error occurred 4465 total times;
   *************  **   ~~~   **   during Warmup 0 times;
   *************  **   ~~~   **   during Sizing 0 times.
   *************  **   ~~~   **   Max=1989.426929 {C}  Min=125.013079 {C}
   *************
   *************  ** Warning ** GetDensityGlycol: Temperature out of range (too high) for fluid [ETHYLENEGLYCOL40PERCENT] density **
   *************  **   ~~~   **   This error occurred 1300 total times;
   *************  **   ~~~   **   during Warmup 0 times;
   *************  **   ~~~   **   during Sizing 0 times.
   *************  **   ~~~   **   Max=1989.426929 {C}  Min=125.481360 {C}
   *************
   *************  ** Warning ** HeatExchanger:AirToAir:SensibleAndLatent "VAV_MID WITH REHEAT OA HEAT RECOVERY":  Average air volume flow rate is <50% or >130% warning continues. Air flow rate ratio statistics follow.
   *************  **   ~~~   **   This error occurred 470132 total times;
   *************  **   ~~~   **   during Warmup 0 times;
   *************  **   ~~~   **   during Sizing 0 times.
   *************  **   ~~~   **   Max=3.358735  Min=0.401330
   *************
   *************  ** Warning ** CoolingTower:VariableSpeed "TOWERWATERSYS COOLTOWER 1" - Inlet air wet-bulb temperature is out of range error continues...
   *************  **   ~~~   **   This error occurred 208 total times;
   *************  **   ~~~   **   during Warmup 0 times;
   *************  **   ~~~   **   during Sizing 0 times.
   *************  **   ~~~   **   Max=-1.023744  Min=-14.747123
   *************
   *************  ** Warning ** HeatExchanger:AirToAir:SensibleAndLatent "VAV_BOT WITH REHEAT OA HEAT RECOVERY":  Average air volume flow rate is <50% or >130% warning continues. Air flow rate ratio statistics follow.
   *************  **   ~~~   **   This error occurred 248462 total times;
   *************  **   ~~~   **   during Warmup 0 times;
   *************  **   ~~~   **   during Sizing 0 times.
   *************  **   ~~~   **   Max=3.585971  Min=0.428103
   *************
   *************  ** Warning ** HeatExchanger:AirToAir:SensibleAndLatent "VAV_TOP WITH REHEAT OA HEAT RECOVERY":  Average air volume flow rate is <50% or >130% warning continues. Air flow rate ratio statistics follow.
   *************  **   ~~~   **   This error occurred 67013 total times;
   *************  **   ~~~   **   during Warmup 0 times;
   *************  **   ~~~   **   during Sizing 0 times.
   *************  **   ~~~   **   Max=2.363832  Min=0.108752
   *************
   *************  ** Warning ** SimHVAC: Exceeding Maximum iterations for all HVAC loops, during RUNPERIOD 1 continues
   *************  **   ~~~   **   This error occurred 81 total times;
   *************  **   ~~~   **   during Warmup 0 times;
   *************  **   ~~~   **   during Sizing 0 times.
   *************
   *************  ** Warning ** WetBulb not converged after max iterations(PsyTwbFnTdbWPb)
   *************  **   ~~~   **   This error occurred 170 total times;
   *************  **   ~~~   **   during Warmup 0 times;
   *************  **   ~~~   **   during Sizing 0 times.
   *************
   *************  ** Warning ** CHILLER:ELECTRIC:REFORMULATEDEIR "COOLSYS1 CHILLER2": The evap outlet temp range in Cooling Capacity Function of Temp curve error continues.
   *************  **   ~~~   **   This error occurred 2994 total times;
   *************  **   ~~~   **   during Warmup 0 times;
   *************  **   ~~~   **   during Sizing 0 times.
   *************  **   ~~~   **   Max=15.159034  Min=10.005506
   *************
   *************  ** Warning ** CHILLER:ELECTRIC:REFORMULATEDEIR "COOLSYS1 CHILLER2": The evap outlet temp range in Electric Input to Cooling Output Ratio Function of Temp curve error continues.
   *************  **   ~~~   **   This error occurred 2994 total times;
   *************  **   ~~~   **   during Warmup 0 times;
   *************  **   ~~~   **   during Sizing 0 times.
   *************  **   ~~~   **   Max=15.159034  Min=10.005506
   *************
   *************  ** Warning ** CHILLER:ELECTRIC:REFORMULATEDEIR "COOLSYS1 CHILLER2": The cond outlet temp range in Electric Input to Cooling Output Ratio Function of PLR curve error continues.
   *************  **   ~~~   **   This error occurred 31382 total times;
   *************  **   ~~~   **   during Warmup 0 times;
   *************  **   ~~~   **   during Sizing 0 times.
   *************  **   ~~~   **   Max=31.129068  Min=21.100000
   *************
   *************  ** Warning ** CHILLER:ELECTRIC:REFORMULATEDEIR "COOLSYS1 CHILLER2": The part-load ratio range in Electric Input to Cooling Output Ratio Function of PLRatio curve error continues.
   *************  **   ~~~   **   This error occurred 2410 total times;
   *************  **   ~~~   **   during Warmup 0 times;
   *************  **   ~~~   **   during Sizing 0 times.
   *************  **   ~~~   **   Max=0.189810  Min=0.000000
   *************
   *************  ** Warning ** CoolingTower:VariableSpeed "TOWERWATERSYS COOLTOWER 2" - Tower approach temperature is out of range error continues...
   *************  **   ~~~   **   This error occurred 2923 total times;
   *************  **   ~~~   **   during Warmup 0 times;
   *************  **   ~~~   **   during Sizing 0 times.
   *************  **   ~~~   **   Max=1.107792  Min=-4.330981
   *************
   *************  ** Warning ** CoolingTower:VariableSpeed "TOWERWATERSYS COOLTOWER 2" - Water flow rate ratio is out of range error continues...
   *************  **   ~~~   **   This error occurred 1244 total times;
   *************  **   ~~~   **   during Warmup 0 times;
   *************  **   ~~~   **   during Sizing 0 times.
   *************  **   ~~~   **   Max=0.589566  Min=0.588963
   *************
   *************  ** Warning ** CoolingTower:VariableSpeed "TOWERWATERSYS COOLTOWER 1" - Water flow rate ratio is out of range error continues...
   *************  **   ~~~   **   This error occurred 788 total times;
   *************  **   ~~~   **   during Warmup 0 times;
   *************  **   ~~~   **   during Sizing 0 times.
   *************  **   ~~~   **   Max=0.589566  Min=0.588963
   *************
   *************  ** Warning ** CoolingTower:VariableSpeed "TOWERWATERSYS COOLTOWER 2" - Tower range temperature is out of range error continues...
   *************  **   ~~~   **   This error occurred 82 total times;
   *************  **   ~~~   **   during Warmup 0 times;
   *************  **   ~~~   **   during Sizing 0 times.
   *************  **   ~~~   **   Max=13.280311  Min=11.118154
   *************
   *************  ** Warning ** CHILLER:ELECTRIC:REFORMULATEDEIR "COOLSYS1 CHILLER1": The evap outlet temp range in Cooling Capacity Function of Temp curve error continues.
   *************  **   ~~~   **   This error occurred 528 total times;
   *************  **   ~~~   **   during Warmup 0 times;
   *************  **   ~~~   **   during Sizing 0 times.
   *************  **   ~~~   **   Max=12.005646  Min=10.008697
   *************
   *************  ** Warning ** CHILLER:ELECTRIC:REFORMULATEDEIR "COOLSYS1 CHILLER1": The evap outlet temp range in Electric Input to Cooling Output Ratio Function of Temp curve error continues.
   *************  **   ~~~   **   This error occurred 528 total times;
   *************  **   ~~~   **   during Warmup 0 times;
   *************  **   ~~~   **   during Sizing 0 times.
   *************  **   ~~~   **   Max=12.005646  Min=10.008697
   *************
   *************
   ************* ===== Final Error Summary =====
   ************* The following error categories occurred.  Consider correcting or noting.
   ************* Nominally Unused Constructions
   ************* ..The nominally unused constructions warning is provided to alert you to potential conditions that can cause
   ************* ..extra time during simulation. Each construction is calculated by the algorithm indicated in the HeatBalanceAlgorithm
   ************* ..object. You may remove the constructions indicated (when you use the DisplayExtraWarnings option).
   *************
   ************* EnergyPlus Warmup Error Summary. During Warmup: 0 Warning; 0 Severe Errors.
   ************* EnergyPlus Sizing Error Summary. During Sizing: 22 Warning; 0 Severe Errors.
   ************* EnergyPlus Completed Successfully-- 4895011 Warning; 0 Severe Errors; Elapsed Time=00hr 02min 18.78sec
