Program Version,EnergyPlus, Version 23.1.0-87ed9199d4, YMD=2026.07.26 13:41,
   ************* Beginning Zone Sizing Calculations
   ** Warning ** ProcessScheduleInput: Schedule:Constant="VAV_1 MAX OA FRACTION", Blank Schedule Type Limits Name input -- will not be validated.
   ** Warning ** ProcessScheduleInput: Schedule:Constant="VAV_2 MAX OA FRACTION", Blank Schedule Type Limits Name input -- will not be validated.
   ** Warning ** CheckConvexity: Zone="CORRIDOR_FLR_5", Surface="CORRIDOR_FLR_5_CEILING" is non-convex.
   **   ~~~   ** ...vertex 2 to vertex 3 to vertex 4
   **   ~~~   ** ...vertex 2=[9.33E-016,15.24,21.34]
   **   ~~~   ** ...vertex 3=[-42.67,15.24,21.34]
   **   ~~~   ** ...vertex 4=[-42.67,39.62,21.34]
   ** Warning ** CalculateZoneVolume: The Zone="LAB_FLR_3" is not fully enclosed. To be fully enclosed, each edge of a surface must also be an edge on one other surface.
   **   ~~~   **   The zone volume was calculated using the floor area times ceiling height method where the floor and ceiling are the same except for the z-coordinates.
   **   ~~~   **   The surface "LAB_FLR_3_WALL_1_NORTH" has an edge that was used only once: it is not an edge on another surface
   **   ~~~   **     Vertex start { -33.5280, 9.1440, 8.5366}
   **   ~~~   **     Vertex end   { -33.5280, 9.1440, 12.8049}
   **   ~~~   **   The surface "LAB_FLR_3_WALL_WEST" has an edge that was used only once: it is not an edge on another surface
   **   ~~~   **     Vertex start { -33.5820, 9.1440, 12.8049}
   **   ~~~   **     Vertex end   { -33.5820, 9.1440, 8.5366}
   ** Warning ** CalculateZoneVolume: The Zone="LAB_FLR_4" is not fully enclosed. To be fully enclosed, each edge of a surface must also be an edge on one other surface.
   **   ~~~   **   The zone volume was calculated using the floor area times ceiling height method where the floor and ceiling are the same except for the z-coordinates.
   **   ~~~   **   The surface "LAB_FLR_4_WALL_1_NORTH" has an edge that was used only once: it is not an edge on another surface
   **   ~~~   **     Vertex start { -33.5280, 9.1440, 12.8049}
   **   ~~~   **     Vertex end   { -33.5280, 9.1440, 17.0732}
   **   ~~~   **   The surface "LAB_FLR_4_WALL_WEST" has an edge that was used only once: it is not an edge on another surface
   **   ~~~   **     Vertex start { -33.5820, 9.1440, 17.0732}
   **   ~~~   **     Vertex end   { -33.5820, 9.1440, 12.8049}
   ** Warning ** CheckUsedConstructions: There are 22 nominally unused constructions in input.
   **   ~~~   ** Each Unused construction is shown.
   ************* Construction=DROPCEILING
   ************* Construction=OPAQUEDOOR
   ************* Construction=ATTICROOFDECK
   ************* Construction=EXT_SLAB_8IN
   ************* Construction=EXT_SLAB_6IN_WITH_CARPET
   ************* Construction=EXT_SLAB_6IN
   ************* Construction=BASEMENT_WALL
   ************* Construction=INT_WOOD_FLOOR
   ************* Construction=EXT_SOFFIT_FLOOR
   ************* Construction=RES_ROOF
   ************* Construction=SEMIHEATED_ROOF
   ************* Construction=RES_EXT_WALL_GRD
   ************* Construction=RES_EXT_WALL_TOP
   ************* Construction=SEMIHEATED_EXT_WALL_GRD
   ************* Construction=SEMIHEATED_EXT_WALL_MID
   ************* Construction=SEMIHEATED_EXT_WALL_TOP
   ************* Construction=NONRES_FLOOR
   ************* Construction=RES_FLOOR
   ************* Construction=SEMIHEATED_FLOOR
   ************* Construction=NONRES_FLOOR_CEILING
   ************* Construction=RES_FLOOR_CEILING
   ************* Construction=SEMIHEATED_FLOOR_CEILING
   ** Warning ** GetDaylightingControls: Fraction of zone or space controlled by the Daylighting reference points is < 1.0.
   **   ~~~   ** ..discovered in Daylighting:Controls="OFFICE1_FLR_5_DAYLCTRL", only 0.770 of the zone or space is controlled.
   ** Warning ** GetDaylightingControls: Fraction of zone or space controlled by the Daylighting reference points is < 1.0.
   **   ~~~   ** ..discovered in Daylighting:Controls="OFFICE3_FLR_5_DAYLCTRL", only 0.770 of the zone or space is controlled.
   ** Warning ** GetDaylightingControls: Fraction of zone or space controlled by the Daylighting reference points is < 1.0.
   **   ~~~   ** ..discovered in Daylighting:Controls="LOBBY_RECORDS_FLR_1_DAYLCTRL", only 0.150 of the zone or space is controlled.
   ** Warning ** GetDaylightingControls: Fraction of zone or space controlled by the Daylighting reference points is < 1.0.
   **   ~~~   ** ..discovered in Daylighting:Controls="OFFICE4_MULT6_FLR_5_DAYLCTRL", only 0.940 of the zone or space is controlled.
   ** Warning ** GetDaylightingControls: Fraction of zone or space controlled by the Daylighting reference points is < 1.0.
   **   ~~~   ** ..discovered in Daylighting:Controls="OFFICE2_MULT5_FLR_5_DAYLCTRL", only 0.470 of the zone or space is controlled.
   ** Warning ** GetDaylightingControls: Fraction of zone or space controlled by the Daylighting reference points is < 1.0.
   **   ~~~   ** ..discovered in Daylighting:Controls="DINING_FLR_5_DAYLCTRL", only 0.190 of the zone or space is controlled.
   ** Warning ** GetSimpleAirModelInputs: ZoneInfiltration:DesignFlowRate="BASEMENT_INFILTRATION", Design Flow Rate Calculation Method specifies Flow Rate per Exterior Surface Area, but Exterior Wall Area = 0.  0 Infiltration will result.
   ** Warning ** GetSimpleAirModelInputs: ZoneInfiltration:DesignFlowRate="OR4_FLR_2_INFILTRATION", Design Flow Rate Calculation Method specifies Flow Rate per Exterior Surface Area, but Exterior Wall Area = 0.  0 Infiltration will result.
   ** Warning ** GetSimpleAirModelInputs: ZoneInfiltration:DesignFlowRate="ICU_NURSESTN_LOBBY_FLR_2_INFILTRATION", Design Flow Rate Calculation Method specifies Flow Rate per Exterior Surface Area, but Exterior Wall Area = 0.  0 Infiltration will result.
   ** Warning ** GetSimpleAirModelInputs: ZoneInfiltration:DesignFlowRate="PHYSTHERAPY_FLR_3_INFILTRATION", Design Flow Rate Calculation Method specifies Flow Rate per Exterior Surface Area, but Exterior Wall Area = 0.  0 Infiltration will result.
   ** Warning ** GetSimpleAirModelInputs: ZoneInfiltration:DesignFlowRate="NURSESTN_LOBBY_FLR_3_INFILTRATION", Design Flow Rate Calculation Method specifies Flow Rate per Exterior Surface Area, but Exterior Wall Area = 0.  0 Infiltration will result.
   ** Warning ** GetSimpleAirModelInputs: ZoneInfiltration:DesignFlowRate="LAB_FLR_3_INFILTRATION", Design Flow Rate Calculation Method specifies Flow Rate per Exterior Surface Area, but Exterior Wall Area = 0.  0 Infiltration will result.
   ** Warning ** GetSimpleAirModelInputs: ZoneInfiltration:DesignFlowRate="RADIOLOGY_FLR_4_INFILTRATION", Design Flow Rate Calculation Method specifies Flow Rate per Exterior Surface Area, but Exterior Wall Area = 0.  0 Infiltration will result.
   ** Warning ** GetSimpleAirModelInputs: ZoneInfiltration:DesignFlowRate="NURSESTN_LOBBY_FLR_4_INFILTRATION", Design Flow Rate Calculation Method specifies Flow Rate per Exterior Surface Area, but Exterior Wall Area = 0.  0 Infiltration will result.
   ** Warning ** GetSimpleAirModelInputs: ZoneInfiltration:DesignFlowRate="LAB_FLR_4_INFILTRATION", Design Flow Rate Calculation Method specifies Flow Rate per Exterior Surface Area, but Exterior Wall Area = 0.  0 Infiltration will result.
   ** Warning ** GetElectricEIRChillerInput: Chiller:Electric:EIR="HEAT RECOVERY CHILLER"
   **   ~~~   ** Capacity ratio as a function of temperature curve output is not equal to 1.0 (+ or - 10%) at reference conditions.
   **   ~~~   ** Curve output at reference conditions = 1.192
   ** Warning ** GetElectricEIRChillerInput: Chiller:Electric:EIR="HEAT RECOVERY CHILLER"
   **   ~~~   ** Energy input ratio as a function of temperature curve output is not equal to 1.0 (+ or - 10%) at reference conditions.
   **   ~~~   ** Curve output at reference conditions = 0.666
   ** Warning ** GeneratorController constructor ElectricLoadCenter:Generators, Availability Schedule for Generator:PVWatts 'PV_MODULE' will be be ignored (runs all the time).
   ** Warning ** Calculated design heating load for zone=BASEMENT is zero.
   **   ~~~   ** Check Sizing:Zone and ZoneControl:Thermostat inputs.
   ** Warning ** Calculated design heating load for zone=OR4_FLR_2 is zero.
   **   ~~~   ** Check Sizing:Zone and ZoneControl:Thermostat inputs.
   ** Warning ** Calculated design heating load for zone=ICU_NURSESTN_LOBBY_FLR_2 is zero.
   **   ~~~   ** Check Sizing:Zone and ZoneControl:Thermostat inputs.
   ************* Beginning System Sizing Calculations
   ************* Beginning Plant Sizing Calculations
   ************* SizeHVACSingleDuct: Potential issue with equipment sizing for AirTerminal:SingleDuct:VAV:Reheat = "BASEMENT VAV BOX COMPONENT".
   **   ~~~   ** User-Specified Minimum Cooling Air Flow Fraction of 0.46700
   **   ~~~   ** differs from Design Size Minimum Cooling Air Flow Fraction of 0.64384
   **   ~~~   ** This may, or may not, indicate mismatched component sizes.
   **   ~~~   ** Verify that the value entered is intended and is consistent with other components.
   ************* SizeHVACSingleDuct: Potential issue with equipment sizing for AirTerminal:SingleDuct:VAV:Reheat = "BASEMENT VAV BOX COMPONENT".
   **   ~~~   ** User-Specified Maximum Flow Fraction during Reheat of 0.50000 []
   **   ~~~   ** differs from Design Size Maximum Flow Fraction during Reheat of 1.00000 []
   **   ~~~   ** This may, or may not, indicate mismatched component sizes.
   **   ~~~   ** Verify that the value entered is intended and is consistent with other components.
   ************* SizeHVACSingleDuct: Potential issue with equipment sizing for AirTerminal:SingleDuct:VAV:Reheat = "ER_EXAM1_MULT4_FLR_1 VAV BOX COMPONENT".
   **   ~~~   ** User-Specified Maximum Flow Fraction during Reheat of 0.50000 []
   **   ~~~   ** differs from Design Size Maximum Flow Fraction during Reheat of 1.00000 []
   **   ~~~   ** This may, or may not, indicate mismatched component sizes.
   **   ~~~   ** Verify that the value entered is intended and is consistent with other components.
   ************* SizeHVACSingleDuct: Potential issue with equipment sizing for AirTerminal:SingleDuct:VAV:Reheat = "ER_TRAUMA1_FLR_1 VAV BOX COMPONENT".
   **   ~~~   ** User-Specified Maximum Flow Fraction during Reheat of 0.50000 []
   **   ~~~   ** differs from Design Size Maximum Flow Fraction during Reheat of 1.00000 []
   **   ~~~   ** This may, or may not, indicate mismatched component sizes.
   **   ~~~   ** Verify that the value entered is intended and is consistent with other components.
   ************* SizeHVACSingleDuct: Potential issue with equipment sizing for AirTerminal:SingleDuct:VAV:Reheat = "ER_EXAM3_MULT4_FLR_1 VAV BOX COMPONENT".
   **   ~~~   ** User-Specified Maximum Flow Fraction during Reheat of 0.50000 []
   **   ~~~   ** differs from Design Size Maximum Flow Fraction during Reheat of 1.00000 []
   **   ~~~   ** This may, or may not, indicate mismatched component sizes.
   **   ~~~   ** Verify that the value entered is intended and is consistent with other components.
   ************* SizeHVACSingleDuct: Potential issue with equipment sizing for AirTerminal:SingleDuct:VAV:Reheat = "ER_TRAUMA2_FLR_1 VAV BOX COMPONENT".
   **   ~~~   ** User-Specified Maximum Flow Fraction during Reheat of 0.50000 []
   **   ~~~   ** differs from Design Size Maximum Flow Fraction during Reheat of 1.00000 []
   **   ~~~   ** This may, or may not, indicate mismatched component sizes.
   **   ~~~   ** Verify that the value entered is intended and is consistent with other components.
   ************* SizeHVACSingleDuct: Potential issue with equipment sizing for AirTerminal:SingleDuct:VAV:Reheat = "ER_TRIAGE_MULT4_FLR_1 VAV BOX COMPONENT".
   **   ~~~   ** User-Specified Maximum Flow Fraction during Reheat of 0.50000 []
   **   ~~~   ** differs from Design Size Maximum Flow Fraction during Reheat of 1.00000 []
   **   ~~~   ** This may, or may not, indicate mismatched component sizes.
   **   ~~~   ** Verify that the value entered is intended and is consistent with other components.
   ************* SizeHVACSingleDuct: Potential issue with equipment sizing for AirTerminal:SingleDuct:VAV:Reheat = "OFFICE1_MULT4_FLR_1 VAV BOX COMPONENT".
   **   ~~~   ** User-Specified Maximum Flow Fraction during Reheat of 0.50000 []
   **   ~~~   ** differs from Design Size Maximum Flow Fraction during Reheat of 1.00000 []
   **   ~~~   ** This may, or may not, indicate mismatched component sizes.
   **   ~~~   ** Verify that the value entered is intended and is consistent with other components.
   ************* SizeHVACSingleDuct: Potential issue with equipment sizing for AirTerminal:SingleDuct:VAV:Reheat = "LOBBY_RECORDS_FLR_1 VAV BOX COMPONENT".
   **   ~~~   ** User-Specified Minimum Cooling Air Flow Fraction of 0.51400
   **   ~~~   ** differs from Design Size Minimum Cooling Air Flow Fraction of 0.77117
   **   ~~~   ** This may, or may not, indicate mismatched component sizes.
   **   ~~~   ** Verify that the value entered is intended and is consistent with other components.
   ************* SizeHVACSingleDuct: Potential issue with equipment sizing for AirTerminal:SingleDuct:VAV:Reheat = "LOBBY_RECORDS_FLR_1 VAV BOX COMPONENT".
   **   ~~~   ** User-Specified Maximum Flow Fraction during Reheat of 0.50000 []
   **   ~~~   ** differs from Design Size Maximum Flow Fraction during Reheat of 1.00000 []
   **   ~~~   ** This may, or may not, indicate mismatched component sizes.
   **   ~~~   ** Verify that the value entered is intended and is consistent with other components.
   ************* SizeHVACSingleDuct: Potential issue with equipment sizing for AirTerminal:SingleDuct:VAV:Reheat = "CORRIDOR_FLR_1 VAV BOX COMPONENT".
   **   ~~~   ** User-Specified Minimum Cooling Air Flow Fraction of 0.53700
   **   ~~~   ** differs from Design Size Minimum Cooling Air Flow Fraction of 0.89396
   **   ~~~   ** This may, or may not, indicate mismatched component sizes.
   **   ~~~   ** Verify that the value entered is intended and is consistent with other components.
   ************* SizeHVACSingleDuct: Potential issue with equipment sizing for AirTerminal:SingleDuct:VAV:Reheat = "CORRIDOR_FLR_1 VAV BOX COMPONENT".
   **   ~~~   ** User-Specified Maximum Flow Fraction during Reheat of 0.50000 []
   **   ~~~   ** differs from Design Size Maximum Flow Fraction during Reheat of 1.00000 []
   **   ~~~   ** This may, or may not, indicate mismatched component sizes.
   **   ~~~   ** Verify that the value entered is intended and is consistent with other components.
   ************* SizeHVACSingleDuct: Potential issue with equipment sizing for AirTerminal:SingleDuct:VAV:Reheat = "ER_NURSESTN_LOBBY_FLR_1 VAV BOX COMPONENT".
   **   ~~~   ** User-Specified Minimum Cooling Air Flow Fraction of 0.26100
   **   ~~~   ** differs from Design Size Minimum Cooling Air Flow Fraction of 0.39146
   **   ~~~   ** This may, or may not, indicate mismatched component sizes.
   **   ~~~   ** Verify that the value entered is intended and is consistent with other components.
   ************* SizeHVACSingleDuct: Potential issue with equipment sizing for AirTerminal:SingleDuct:VAV:Reheat = "ER_NURSESTN_LOBBY_FLR_1 VAV BOX COMPONENT".
   **   ~~~   ** User-Specified Maximum Flow Fraction during Reheat of 0.50000 []
   **   ~~~   ** differs from Design Size Maximum Flow Fraction during Reheat of 1.00000 []
   **   ~~~   ** This may, or may not, indicate mismatched component sizes.
   **   ~~~   ** Verify that the value entered is intended and is consistent with other components.
   ************* SizeHVACSingleDuct: Potential issue with equipment sizing for AirTerminal:SingleDuct:VAV:Reheat = "OR1_FLR_2 VAV BOX COMPONENT".
   **   ~~~   ** User-Specified Maximum Flow Fraction during Reheat of 0.50000 []
   **   ~~~   ** differs from Design Size Maximum Flow Fraction during Reheat of 0.60000 []
   **   ~~~   ** This may, or may not, indicate mismatched component sizes.
   **   ~~~   ** Verify that the value entered is intended and is consistent with other components.
   ************* SizeHVACSingleDuct: Potential issue with equipment sizing for AirTerminal:SingleDuct:VAV:Reheat = "OR2_MULT5_FLR_2 VAV BOX COMPONENT".
   **   ~~~   ** User-Specified Maximum Flow Fraction during Reheat of 0.50000 []
   **   ~~~   ** differs from Design Size Maximum Flow Fraction during Reheat of 0.60000 []
   **   ~~~   ** This may, or may not, indicate mismatched component sizes.
   **   ~~~   ** Verify that the value entered is intended and is consistent with other components.
   ************* SizeHVACSingleDuct: Potential issue with equipment sizing for AirTerminal:SingleDuct:VAV:Reheat = "OR3_FLR_2 VAV BOX COMPONENT".
   **   ~~~   ** User-Specified Maximum Flow Fraction during Reheat of 0.50000 []
   **   ~~~   ** differs from Design Size Maximum Flow Fraction during Reheat of 0.60000 []
   **   ~~~   ** This may, or may not, indicate mismatched component sizes.
   **   ~~~   ** Verify that the value entered is intended and is consistent with other components.
   ************* SizeHVACSingleDuct: Potential issue with equipment sizing for AirTerminal:SingleDuct:VAV:Reheat = "OR4_FLR_2 VAV BOX COMPONENT".
   **   ~~~   ** User-Specified Maximum Flow Fraction during Reheat of 0.50000 []
   **   ~~~   ** differs from Design Size Maximum Flow Fraction during Reheat of 0.60000 []
   **   ~~~   ** This may, or may not, indicate mismatched component sizes.
   **   ~~~   ** Verify that the value entered is intended and is consistent with other components.
   ************* SizeHVACSingleDuct: Potential issue with equipment sizing for AirTerminal:SingleDuct:VAV:Reheat = "IC_PATROOM1_MULT5_FLR_2 VAV BOX COMPONENT".
   **   ~~~   ** User-Specified Maximum Flow Fraction during Reheat of 0.50000 []
   **   ~~~   ** differs from Design Size Maximum Flow Fraction during Reheat of 1.00000 []
   **   ~~~   ** This may, or may not, indicate mismatched component sizes.
   **   ~~~   ** Verify that the value entered is intended and is consistent with other components.
   ************* SizeHVACSingleDuct: Potential issue with equipment sizing for AirTerminal:SingleDuct:VAV:Reheat = "IC_PATROOM2_FLR_2 VAV BOX COMPONENT".
   **   ~~~   ** User-Specified Maximum Flow Fraction during Reheat of 0.50000 []
   **   ~~~   ** differs from Design Size Maximum Flow Fraction during Reheat of 1.00000 []
   **   ~~~   ** This may, or may not, indicate mismatched component sizes.
   **   ~~~   ** Verify that the value entered is intended and is consistent with other components.
   ************* SizeHVACSingleDuct: Potential issue with equipment sizing for AirTerminal:SingleDuct:VAV:Reheat = "IC_PATROOM3_MULT6_FLR_2 VAV BOX COMPONENT".
   **   ~~~   ** User-Specified Maximum Flow Fraction during Reheat of 0.50000 []
   **   ~~~   ** differs from Design Size Maximum Flow Fraction during Reheat of 1.00000 []
   **   ~~~   ** This may, or may not, indicate mismatched component sizes.
   **   ~~~   ** Verify that the value entered is intended and is consistent with other components.
   ************* SizeHVACSingleDuct: Potential issue with equipment sizing for AirTerminal:SingleDuct:VAV:Reheat = "ICU_FLR_2 VAV BOX COMPONENT".
   **   ~~~   ** User-Specified Maximum Flow Fraction during Reheat of 0.50000 []
   **   ~~~   ** differs from Design Size Maximum Flow Fraction during Reheat of 1.00000 []
   **   ~~~   ** This may, or may not, indicate mismatched component sizes.
   **   ~~~   ** Verify that the value entered is intended and is consistent with other components.
   ************* SizeHVACSingleDuct: Potential issue with equipment sizing for AirTerminal:SingleDuct:VAV:Reheat = "ICU_NURSESTN_LOBBY_FLR_2 VAV BOX COMPONENT".
   **   ~~~   ** User-Specified Minimum Cooling Air Flow Fraction of 0.20400
   **   ~~~   ** differs from Design Size Minimum Cooling Air Flow Fraction of 0.30554
   **   ~~~   ** This may, or may not, indicate mismatched component sizes.
   **   ~~~   ** Verify that the value entered is intended and is consistent with other components.
   ************* SizeHVACSingleDuct: Potential issue with equipment sizing for AirTerminal:SingleDuct:VAV:Reheat = "ICU_NURSESTN_LOBBY_FLR_2 VAV BOX COMPONENT".
   **   ~~~   ** User-Specified Maximum Flow Fraction during Reheat of 0.50000 []
   **   ~~~   ** differs from Design Size Maximum Flow Fraction during Reheat of 0.81477 []
   **   ~~~   ** This may, or may not, indicate mismatched component sizes.
   **   ~~~   ** Verify that the value entered is intended and is consistent with other components.
   ************* SizeHVACSingleDuct: Potential issue with equipment sizing for AirTerminal:SingleDuct:VAV:Reheat = "CORRIDOR_FLR_2 VAV BOX COMPONENT".
   **   ~~~   ** User-Specified Minimum Cooling Air Flow Fraction of 0.75700
   **   ~~~   ** differs from Design Size Minimum Cooling Air Flow Fraction of 1.00000
   **   ~~~   ** This may, or may not, indicate mismatched component sizes.
   **   ~~~   ** Verify that the value entered is intended and is consistent with other components.
   ************* SizeHVACSingleDuct: Potential issue with equipment sizing for AirTerminal:SingleDuct:VAV:Reheat = "CORRIDOR_FLR_2 VAV BOX COMPONENT".
   **   ~~~   ** User-Specified Maximum Flow Fraction during Reheat of 0.50000 []
   **   ~~~   ** differs from Design Size Maximum Flow Fraction during Reheat of 1.00000 []
   **   ~~~   ** This may, or may not, indicate mismatched component sizes.
   **   ~~~   ** Verify that the value entered is intended and is consistent with other components.
   ************* SizeHVACSingleDuct: Potential issue with equipment sizing for AirTerminal:SingleDuct:VAV:Reheat = "OR_NURSESTN_LOBBY_FLR_2 VAV BOX COMPONENT".
   **   ~~~   ** User-Specified Minimum Cooling Air Flow Fraction of 0.24900
   **   ~~~   ** differs from Design Size Minimum Cooling Air Flow Fraction of 0.37392
   **   ~~~   ** This may, or may not, indicate mismatched component sizes.
   **   ~~~   ** Verify that the value entered is intended and is consistent with other components.
   ************* SizeHVACSingleDuct: Potential issue with equipment sizing for AirTerminal:SingleDuct:VAV:Reheat = "OR_NURSESTN_LOBBY_FLR_2 VAV BOX COMPONENT".
   **   ~~~   ** User-Specified Maximum Flow Fraction during Reheat of 0.50000 []
   **   ~~~   ** differs from Design Size Maximum Flow Fraction during Reheat of 0.99711 []
   **   ~~~   ** This may, or may not, indicate mismatched component sizes.
   **   ~~~   ** Verify that the value entered is intended and is consistent with other components.
   ************* SizeHVACSingleDuct: Potential issue with equipment sizing for AirTerminal:SingleDuct:VAV:Reheat = "PATROOM1_MULT10_FLR_3 VAV BOX COMPONENT".
   **   ~~~   ** User-Specified Minimum Cooling Air Flow Fraction of 0.50000
   **   ~~~   ** differs from Design Size Minimum Cooling Air Flow Fraction of 1.00000
   **   ~~~   ** This may, or may not, indicate mismatched component sizes.
   **   ~~~   ** Verify that the value entered is intended and is consistent with other components.
   ************* SizeHVACSingleDuct: Potential issue with equipment sizing for AirTerminal:SingleDuct:VAV:Reheat = "PATROOM1_MULT10_FLR_3 VAV BOX COMPONENT".
   **   ~~~   ** User-Specified Maximum Flow Fraction during Reheat of 0.50000 []
   **   ~~~   ** differs from Design Size Maximum Flow Fraction during Reheat of 0.95245 []
   **   ~~~   ** This may, or may not, indicate mismatched component sizes.
   **   ~~~   ** Verify that the value entered is intended and is consistent with other components.
   ************* SizeHVACSingleDuct: Potential issue with equipment sizing for AirTerminal:SingleDuct:VAV:Reheat = "PATROOM2_FLR_3 VAV BOX COMPONENT".
   **   ~~~   ** User-Specified Minimum Cooling Air Flow Fraction of 0.50000
   **   ~~~   ** differs from Design Size Minimum Cooling Air Flow Fraction of 1.00000
   **   ~~~   ** This may, or may not, indicate mismatched component sizes.
   **   ~~~   ** Verify that the value entered is intended and is consistent with other components.
   ************* SizeHVACSingleDuct: Potential issue with equipment sizing for AirTerminal:SingleDuct:VAV:Reheat = "PATROOM2_FLR_3 VAV BOX COMPONENT".
   **   ~~~   ** User-Specified Maximum Flow Fraction during Reheat of 0.50000 []
   **   ~~~   ** differs from Design Size Maximum Flow Fraction during Reheat of 0.57147 []
   **   ~~~   ** This may, or may not, indicate mismatched component sizes.
   **   ~~~   ** Verify that the value entered is intended and is consistent with other components.
   ************* SizeHVACSingleDuct: Potential issue with equipment sizing for AirTerminal:SingleDuct:VAV:Reheat = "PATROOM3_MULT10_FLR_3 VAV BOX COMPONENT".
   **   ~~~   ** User-Specified Minimum Cooling Air Flow Fraction of 0.50000
   **   ~~~   ** differs from Design Size Minimum Cooling Air Flow Fraction of 1.00000
   **   ~~~   ** This may, or may not, indicate mismatched component sizes.
   **   ~~~   ** Verify that the value entered is intended and is consistent with other components.
   ************* SizeHVACSingleDuct: Potential issue with equipment sizing for AirTerminal:SingleDuct:VAV:Reheat = "PATROOM3_MULT10_FLR_3 VAV BOX COMPONENT".
   **   ~~~   ** User-Specified Maximum Flow Fraction during Reheat of 0.50000 []
   **   ~~~   ** differs from Design Size Maximum Flow Fraction during Reheat of 0.98520 []
   **   ~~~   ** This may, or may not, indicate mismatched component sizes.
   **   ~~~   ** Verify that the value entered is intended and is consistent with other components.
   ************* SizeHVACSingleDuct: Potential issue with equipment sizing for AirTerminal:SingleDuct:VAV:Reheat = "PATROOM4_FLR_3 VAV BOX COMPONENT".
   **   ~~~   ** User-Specified Minimum Cooling Air Flow Fraction of 0.50000
   **   ~~~   ** differs from Design Size Minimum Cooling Air Flow Fraction of 1.00000
   **   ~~~   ** This may, or may not, indicate mismatched component sizes.
   **   ~~~   ** Verify that the value entered is intended and is consistent with other components.
   ************* SizeHVACSingleDuct: Potential issue with equipment sizing for AirTerminal:SingleDuct:VAV:Reheat = "PATROOM4_FLR_3 VAV BOX COMPONENT".
   **   ~~~   ** User-Specified Maximum Flow Fraction during Reheat of 0.50000 []
   **   ~~~   ** differs from Design Size Maximum Flow Fraction during Reheat of 0.57147 []
   **   ~~~   ** This may, or may not, indicate mismatched component sizes.
   **   ~~~   ** Verify that the value entered is intended and is consistent with other components.
   ************* SizeHVACSingleDuct: Potential issue with equipment sizing for AirTerminal:SingleDuct:VAV:Reheat = "PATROOM5_MULT10_FLR_3 VAV BOX COMPONENT".
   **   ~~~   ** User-Specified Minimum Cooling Air Flow Fraction of 0.50000
   **   ~~~   ** differs from Design Size Minimum Cooling Air Flow Fraction of 1.00000
   **   ~~~   ** This may, or may not, indicate mismatched component sizes.
   **   ~~~   ** Verify that the value entered is intended and is consistent with other components.
   ************* SizeHVACSingleDuct: Potential issue with equipment sizing for AirTerminal:SingleDuct:VAV:Reheat = "PATROOM5_MULT10_FLR_3 VAV BOX COMPONENT".
   **   ~~~   ** User-Specified Maximum Flow Fraction during Reheat of 0.50000 []
   **   ~~~   ** differs from Design Size Maximum Flow Fraction during Reheat of 0.95245 []
   **   ~~~   ** This may, or may not, indicate mismatched component sizes.
   **   ~~~   ** Verify that the value entered is intended and is consistent with other components.
   ************* SizeHVACSingleDuct: Potential issue with equipment sizing for AirTerminal:SingleDuct:VAV:Reheat = "PHYSTHERAPY_FLR_3 VAV BOX COMPONENT".
   **   ~~~   ** User-Specified Minimum Cooling Air Flow Fraction of 0.28300
   **   ~~~   ** differs from Design Size Minimum Cooling Air Flow Fraction of 0.37696
   **   ~~~   ** This may, or may not, indicate mismatched component sizes.
   **   ~~~   ** Verify that the value entered is intended and is consistent with other components.
   ************* SizeHVACSingleDuct: Potential issue with equipment sizing for AirTerminal:SingleDuct:VAV:Reheat = "PHYSTHERAPY_FLR_3 VAV BOX COMPONENT".
   **   ~~~   ** User-Specified Maximum Flow Fraction during Reheat of 0.50000 []
   **   ~~~   ** differs from Design Size Maximum Flow Fraction during Reheat of 1.00000 []
   **   ~~~   ** This may, or may not, indicate mismatched component sizes.
   **   ~~~   ** Verify that the value entered is intended and is consistent with other components.
   ************* SizeHVACSingleDuct: Potential issue with equipment sizing for AirTerminal:SingleDuct:VAV:Reheat = "PATROOM6_FLR_3 VAV BOX COMPONENT".
   **   ~~~   ** User-Specified Minimum Cooling Air Flow Fraction of 0.50000
   **   ~~~   ** differs from Design Size Minimum Cooling Air Flow Fraction of 1.00000
   **   ~~~   ** This may, or may not, indicate mismatched component sizes.
   **   ~~~   ** Verify that the value entered is intended and is consistent with other components.
   ************* SizeHVACSingleDuct: Potential issue with equipment sizing for AirTerminal:SingleDuct:VAV:Reheat = "PATROOM6_FLR_3 VAV BOX COMPONENT".
   **   ~~~   ** User-Specified Maximum Flow Fraction during Reheat of 0.50000 []
   **   ~~~   ** differs from Design Size Maximum Flow Fraction during Reheat of 0.71433 []
   **   ~~~   ** This may, or may not, indicate mismatched component sizes.
   **   ~~~   ** Verify that the value entered is intended and is consistent with other components.
   ************* SizeHVACSingleDuct: Potential issue with equipment sizing for AirTerminal:SingleDuct:VAV:Reheat = "PATROOM7_MULT10_FLR_3 VAV BOX COMPONENT".
   **   ~~~   ** User-Specified Minimum Cooling Air Flow Fraction of 0.50000
   **   ~~~   ** differs from Design Size Minimum Cooling Air Flow Fraction of 1.00000
   **   ~~~   ** This may, or may not, indicate mismatched component sizes.
   **   ~~~   ** Verify that the value entered is intended and is consistent with other components.
   ************* SizeHVACSingleDuct: Potential issue with equipment sizing for AirTerminal:SingleDuct:VAV:Reheat = "PATROOM7_MULT10_FLR_3 VAV BOX COMPONENT".
   **   ~~~   ** User-Specified Maximum Flow Fraction during Reheat of 0.50000 []
   **   ~~~   ** differs from Design Size Maximum Flow Fraction during Reheat of 0.98520 []
   **   ~~~   ** This may, or may not, indicate mismatched component sizes.
   **   ~~~   ** Verify that the value entered is intended and is consistent with other components.
   ************* SizeHVACSingleDuct: Potential issue with equipment sizing for AirTerminal:SingleDuct:VAV:Reheat = "PATROOM8_FLR_3 VAV BOX COMPONENT".
   **   ~~~   ** User-Specified Minimum Cooling Air Flow Fraction of 0.50000
   **   ~~~   ** differs from Design Size Minimum Cooling Air Flow Fraction of 1.00000
   **   ~~~   ** This may, or may not, indicate mismatched component sizes.
   **   ~~~   ** Verify that the value entered is intended and is consistent with other components.
   ************* SizeHVACSingleDuct: Potential issue with equipment sizing for AirTerminal:SingleDuct:VAV:Reheat = "PATROOM8_FLR_3 VAV BOX COMPONENT".
   **   ~~~   ** User-Specified Maximum Flow Fraction during Reheat of 0.50000 []
   **   ~~~   ** differs from Design Size Maximum Flow Fraction during Reheat of 0.71433 []
   **   ~~~   ** This may, or may not, indicate mismatched component sizes.
   **   ~~~   ** Verify that the value entered is intended and is consistent with other components.
   ************* SizeHVACSingleDuct: Potential issue with equipment sizing for AirTerminal:SingleDuct:VAV:Reheat = "NURSESTN_LOBBY_FLR_3 VAV BOX COMPONENT".
   **   ~~~   ** User-Specified Minimum Cooling Air Flow Fraction of 0.31800
   **   ~~~   ** differs from Design Size Minimum Cooling Air Flow Fraction of 0.47703
   **   ~~~   ** This may, or may not, indicate mismatched component sizes.
   **   ~~~   ** Verify that the value entered is intended and is consistent with other components.
   ************* SizeHVACSingleDuct: Potential issue with equipment sizing for AirTerminal:SingleDuct:VAV:Reheat = "NURSESTN_LOBBY_FLR_3 VAV BOX COMPONENT".
   **   ~~~   ** User-Specified Maximum Flow Fraction during Reheat of 0.50000 []
   **   ~~~   ** differs from Design Size Maximum Flow Fraction during Reheat of 1.00000 []
   **   ~~~   ** This may, or may not, indicate mismatched component sizes.
   **   ~~~   ** Verify that the value entered is intended and is consistent with other components.
   ************* SizeHVACSingleDuct: Potential issue with equipment sizing for AirTerminal:SingleDuct:VAV:Reheat = "LAB_FLR_3 VAV BOX COMPONENT".
   **   ~~~   ** User-Specified Minimum Cooling Air Flow Fraction of 1.00000
   **   ~~~   ** differs from Design Size Minimum Cooling Air Flow Fraction of 0.19004
   **   ~~~   ** This may, or may not, indicate mismatched component sizes.
   **   ~~~   ** Verify that the value entered is intended and is consistent with other components.
   ************* SizeHVACSingleDuct: Potential issue with equipment sizing for AirTerminal:SingleDuct:VAV:Reheat = "LAB_FLR_3 VAV BOX COMPONENT".
   **   ~~~   ** User-Specified Maximum Flow Fraction during Reheat of 0.50000 []
   **   ~~~   ** differs from Design Size Maximum Flow Fraction during Reheat of 1.00000 []
   **   ~~~   ** This may, or may not, indicate mismatched component sizes.
   **   ~~~   ** Verify that the value entered is intended and is consistent with other components.
   ************* SizeHVACSingleDuct: Potential issue with equipment sizing for AirTerminal:SingleDuct:VAV:Reheat = "CORRIDOR_SE_FLR_3 VAV BOX COMPONENT".
   **   ~~~   ** User-Specified Minimum Cooling Air Flow Fraction of 0.66200
   **   ~~~   ** differs from Design Size Minimum Cooling Air Flow Fraction of 1.00000
   **   ~~~   ** This may, or may not, indicate mismatched component sizes.
   **   ~~~   ** Verify that the value entered is intended and is consistent with other components.
   ************* SizeHVACSingleDuct: Potential issue with equipment sizing for AirTerminal:SingleDuct:VAV:Reheat = "CORRIDOR_SE_FLR_3 VAV BOX COMPONENT".
   **   ~~~   ** User-Specified Maximum Flow Fraction during Reheat of 0.50000 []
   **   ~~~   ** differs from Design Size Maximum Flow Fraction during Reheat of 1.00000 []
   **   ~~~   ** This may, or may not, indicate mismatched component sizes.
   **   ~~~   ** Verify that the value entered is intended and is consistent with other components.
   ************* SizeHVACSingleDuct: Potential issue with equipment sizing for AirTerminal:SingleDuct:VAV:Reheat = "CORRIDOR_NW_FLR_3 VAV BOX COMPONENT".
   **   ~~~   ** User-Specified Minimum Cooling Air Flow Fraction of 0.66100
   **   ~~~   ** differs from Design Size Minimum Cooling Air Flow Fraction of 1.00000
   **   ~~~   ** This may, or may not, indicate mismatched component sizes.
   **   ~~~   ** Verify that the value entered is intended and is consistent with other components.
   ************* SizeHVACSingleDuct: Potential issue with equipment sizing for AirTerminal:SingleDuct:VAV:Reheat = "CORRIDOR_NW_FLR_3 VAV BOX COMPONENT".
   **   ~~~   ** User-Specified Maximum Flow Fraction during Reheat of 0.50000 []
   **   ~~~   ** differs from Design Size Maximum Flow Fraction during Reheat of 1.00000 []
   **   ~~~   ** This may, or may not, indicate mismatched component sizes.
   **   ~~~   ** Verify that the value entered is intended and is consistent with other components.
   ************* SizeHVACSingleDuct: Potential issue with equipment sizing for AirTerminal:SingleDuct:VAV:Reheat = "PATROOM1_MULT10_FLR_4 VAV BOX COMPONENT".
   **   ~~~   ** User-Specified Minimum Cooling Air Flow Fraction of 0.50000
   **   ~~~   ** differs from Design Size Minimum Cooling Air Flow Fraction of 1.00000
   **   ~~~   ** This may, or may not, indicate mismatched component sizes.
   **   ~~~   ** Verify that the value entered is intended and is consistent with other components.
   ************* SizeHVACSingleDuct: Potential issue with equipment sizing for AirTerminal:SingleDuct:VAV:Reheat = "PATROOM1_MULT10_FLR_4 VAV BOX COMPONENT".
   **   ~~~   ** User-Specified Maximum Flow Fraction during Reheat of 0.50000 []
   **   ~~~   ** differs from Design Size Maximum Flow Fraction during Reheat of 0.95245 []
   **   ~~~   ** This may, or may not, indicate mismatched component sizes.
   **   ~~~   ** Verify that the value entered is intended and is consistent with other components.
   ************* SizeHVACSingleDuct: Potential issue with equipment sizing for AirTerminal:SingleDuct:VAV:Reheat = "PATROOM2_FLR_4 VAV BOX COMPONENT".
   **   ~~~   ** User-Specified Minimum Cooling Air Flow Fraction of 0.50000
   **   ~~~   ** differs from Design Size Minimum Cooling Air Flow Fraction of 1.00000
   **   ~~~   ** This may, or may not, indicate mismatched component sizes.
   **   ~~~   ** Verify that the value entered is intended and is consistent with other components.
   ************* SizeHVACSingleDuct: Potential issue with equipment sizing for AirTerminal:SingleDuct:VAV:Reheat = "PATROOM2_FLR_4 VAV BOX COMPONENT".
   **   ~~~   ** User-Specified Maximum Flow Fraction during Reheat of 0.50000 []
   **   ~~~   ** differs from Design Size Maximum Flow Fraction during Reheat of 0.57147 []
   **   ~~~   ** This may, or may not, indicate mismatched component sizes.
   **   ~~~   ** Verify that the value entered is intended and is consistent with other components.
   ************* SizeHVACSingleDuct: Potential issue with equipment sizing for AirTerminal:SingleDuct:VAV:Reheat = "PATROOM3_MULT10_FLR_4 VAV BOX COMPONENT".
   **   ~~~   ** User-Specified Minimum Cooling Air Flow Fraction of 0.50000
   **   ~~~   ** differs from Design Size Minimum Cooling Air Flow Fraction of 1.00000
   **   ~~~   ** This may, or may not, indicate mismatched component sizes.
   **   ~~~   ** Verify that the value entered is intended and is consistent with other components.
   ************* SizeHVACSingleDuct: Potential issue with equipment sizing for AirTerminal:SingleDuct:VAV:Reheat = "PATROOM3_MULT10_FLR_4 VAV BOX COMPONENT".
   **   ~~~   ** User-Specified Maximum Flow Fraction during Reheat of 0.50000 []
   **   ~~~   ** differs from Design Size Maximum Flow Fraction during Reheat of 0.98520 []
   **   ~~~   ** This may, or may not, indicate mismatched component sizes.
   **   ~~~   ** Verify that the value entered is intended and is consistent with other components.
   ************* SizeHVACSingleDuct: Potential issue with equipment sizing for AirTerminal:SingleDuct:VAV:Reheat = "PATROOM4_FLR_4 VAV BOX COMPONENT".
   **   ~~~   ** User-Specified Minimum Cooling Air Flow Fraction of 0.50000
   **   ~~~   ** differs from Design Size Minimum Cooling Air Flow Fraction of 1.00000
   **   ~~~   ** This may, or may not, indicate mismatched component sizes.
   **   ~~~   ** Verify that the value entered is intended and is consistent with other components.
   ************* SizeHVACSingleDuct: Potential issue with equipment sizing for AirTerminal:SingleDuct:VAV:Reheat = "PATROOM4_FLR_4 VAV BOX COMPONENT".
   **   ~~~   ** User-Specified Maximum Flow Fraction during Reheat of 0.50000 []
   **   ~~~   ** differs from Design Size Maximum Flow Fraction during Reheat of 0.57147 []
   **   ~~~   ** This may, or may not, indicate mismatched component sizes.
   **   ~~~   ** Verify that the value entered is intended and is consistent with other components.
   ************* SizeHVACSingleDuct: Potential issue with equipment sizing for AirTerminal:SingleDuct:VAV:Reheat = "PATROOM5_MULT10_FLR_4 VAV BOX COMPONENT".
   **   ~~~   ** User-Specified Minimum Cooling Air Flow Fraction of 0.50000
   **   ~~~   ** differs from Design Size Minimum Cooling Air Flow Fraction of 1.00000
   **   ~~~   ** This may, or may not, indicate mismatched component sizes.
   **   ~~~   ** Verify that the value entered is intended and is consistent with other components.
   ************* SizeHVACSingleDuct: Potential issue with equipment sizing for AirTerminal:SingleDuct:VAV:Reheat = "PATROOM5_MULT10_FLR_4 VAV BOX COMPONENT".
   **   ~~~   ** User-Specified Maximum Flow Fraction during Reheat of 0.50000 []
   **   ~~~   ** differs from Design Size Maximum Flow Fraction during Reheat of 0.95245 []
   **   ~~~   ** This may, or may not, indicate mismatched component sizes.
   **   ~~~   ** Verify that the value entered is intended and is consistent with other components.
   ************* SizeHVACSingleDuct: Potential issue with equipment sizing for AirTerminal:SingleDuct:VAV:Reheat = "RADIOLOGY_FLR_4 VAV BOX COMPONENT".
   **   ~~~   ** User-Specified Minimum Cooling Air Flow Fraction of 6.80000E-002
   **   ~~~   ** differs from Design Size Minimum Cooling Air Flow Fraction of 9.02193E-002
   **   ~~~   ** This may, or may not, indicate mismatched component sizes.
   **   ~~~   ** Verify that the value entered is intended and is consistent with other components.
   ************* SizeHVACSingleDuct: Potential issue with equipment sizing for AirTerminal:SingleDuct:VAV:Reheat = "RADIOLOGY_FLR_4 VAV BOX COMPONENT".
   **   ~~~   ** User-Specified Maximum Flow Fraction during Reheat of 0.50000 []
   **   ~~~   ** differs from Design Size Maximum Flow Fraction during Reheat of 0.30000 []
   **   ~~~   ** This may, or may not, indicate mismatched component sizes.
   **   ~~~   ** Verify that the value entered is intended and is consistent with other components.
   ************* SizeHVACSingleDuct: Potential issue with equipment sizing for AirTerminal:SingleDuct:VAV:Reheat = "PATROOM6_FLR_4 VAV BOX COMPONENT".
   **   ~~~   ** User-Specified Minimum Cooling Air Flow Fraction of 0.50000
   **   ~~~   ** differs from Design Size Minimum Cooling Air Flow Fraction of 1.00000
   **   ~~~   ** This may, or may not, indicate mismatched component sizes.
   **   ~~~   ** Verify that the value entered is intended and is consistent with other components.
   ************* SizeHVACSingleDuct: Potential issue with equipment sizing for AirTerminal:SingleDuct:VAV:Reheat = "PATROOM6_FLR_4 VAV BOX COMPONENT".
   **   ~~~   ** User-Specified Maximum Flow Fraction during Reheat of 0.50000 []
   **   ~~~   ** differs from Design Size Maximum Flow Fraction during Reheat of 0.71433 []
   **   ~~~   ** This may, or may not, indicate mismatched component sizes.
   **   ~~~   ** Verify that the value entered is intended and is consistent with other components.
   ************* SizeHVACSingleDuct: Potential issue with equipment sizing for AirTerminal:SingleDuct:VAV:Reheat = "PATROOM7_MULT10_FLR_4 VAV BOX COMPONENT".
   **   ~~~   ** User-Specified Minimum Cooling Air Flow Fraction of 0.50000
   **   ~~~   ** differs from Design Size Minimum Cooling Air Flow Fraction of 1.00000
   **   ~~~   ** This may, or may not, indicate mismatched component sizes.
   **   ~~~   ** Verify that the value entered is intended and is consistent with other components.
   ************* SizeHVACSingleDuct: Potential issue with equipment sizing for AirTerminal:SingleDuct:VAV:Reheat = "PATROOM7_MULT10_FLR_4 VAV BOX COMPONENT".
   **   ~~~   ** User-Specified Maximum Flow Fraction during Reheat of 0.50000 []
   **   ~~~   ** differs from Design Size Maximum Flow Fraction during Reheat of 0.98520 []
   **   ~~~   ** This may, or may not, indicate mismatched component sizes.
   **   ~~~   ** Verify that the value entered is intended and is consistent with other components.
   ************* SizeHVACSingleDuct: Potential issue with equipment sizing for AirTerminal:SingleDuct:VAV:Reheat = "PATROOM8_FLR_4 VAV BOX COMPONENT".
   **   ~~~   ** User-Specified Minimum Cooling Air Flow Fraction of 0.50000
   **   ~~~   ** differs from Design Size Minimum Cooling Air Flow Fraction of 1.00000
   **   ~~~   ** This may, or may not, indicate mismatched component sizes.
   **   ~~~   ** Verify that the value entered is intended and is consistent with other components.
   ************* SizeHVACSingleDuct: Potential issue with equipment sizing for AirTerminal:SingleDuct:VAV:Reheat = "PATROOM8_FLR_4 VAV BOX COMPONENT".
   **   ~~~   ** User-Specified Maximum Flow Fraction during Reheat of 0.50000 []
   **   ~~~   ** differs from Design Size Maximum Flow Fraction during Reheat of 0.71433 []
   **   ~~~   ** This may, or may not, indicate mismatched component sizes.
   **   ~~~   ** Verify that the value entered is intended and is consistent with other components.
   ************* SizeHVACSingleDuct: Potential issue with equipment sizing for AirTerminal:SingleDuct:VAV:Reheat = "NURSESTN_LOBBY_FLR_4 VAV BOX COMPONENT".
   **   ~~~   ** User-Specified Minimum Cooling Air Flow Fraction of 0.29500
   **   ~~~   ** differs from Design Size Minimum Cooling Air Flow Fraction of 0.44195
   **   ~~~   ** This may, or may not, indicate mismatched component sizes.
   **   ~~~   ** Verify that the value entered is intended and is consistent with other components.
   ************* SizeHVACSingleDuct: Potential issue with equipment sizing for AirTerminal:SingleDuct:VAV:Reheat = "NURSESTN_LOBBY_FLR_4 VAV BOX COMPONENT".
   **   ~~~   ** User-Specified Maximum Flow Fraction during Reheat of 0.50000 []
   **   ~~~   ** differs from Design Size Maximum Flow Fraction during Reheat of 1.00000 []
   **   ~~~   ** This may, or may not, indicate mismatched component sizes.
   **   ~~~   ** Verify that the value entered is intended and is consistent with other components.
   ************* SizeHVACSingleDuct: Potential issue with equipment sizing for AirTerminal:SingleDuct:VAV:Reheat = "LAB_FLR_4 VAV BOX COMPONENT".
   **   ~~~   ** User-Specified Minimum Cooling Air Flow Fraction of 1.00000
   **   ~~~   ** differs from Design Size Minimum Cooling Air Flow Fraction of 0.18903
   **   ~~~   ** This may, or may not, indicate mismatched component sizes.
   **   ~~~   ** Verify that the value entered is intended and is consistent with other components.
   ************* SizeHVACSingleDuct: Potential issue with equipment sizing for AirTerminal:SingleDuct:VAV:Reheat = "LAB_FLR_4 VAV BOX COMPONENT".
   **   ~~~   ** User-Specified Maximum Flow Fraction during Reheat of 0.50000 []
   **   ~~~   ** differs from Design Size Maximum Flow Fraction during Reheat of 1.00000 []
   **   ~~~   ** This may, or may not, indicate mismatched component sizes.
   **   ~~~   ** Verify that the value entered is intended and is consistent with other components.
   ************* SizeHVACSingleDuct: Potential issue with equipment sizing for AirTerminal:SingleDuct:VAV:Reheat = "CORRIDOR_SE_FLR_4 VAV BOX COMPONENT".
   **   ~~~   ** User-Specified Minimum Cooling Air Flow Fraction of 0.57300
   **   ~~~   ** differs from Design Size Minimum Cooling Air Flow Fraction of 0.95526
   **   ~~~   ** This may, or may not, indicate mismatched component sizes.
   **   ~~~   ** Verify that the value entered is intended and is consistent with other components.
   ************* SizeHVACSingleDuct: Potential issue with equipment sizing for AirTerminal:SingleDuct:VAV:Reheat = "CORRIDOR_SE_FLR_4 VAV BOX COMPONENT".
   **   ~~~   ** User-Specified Maximum Flow Fraction during Reheat of 0.50000 []
   **   ~~~   ** differs from Design Size Maximum Flow Fraction during Reheat of 1.00000 []
   **   ~~~   ** This may, or may not, indicate mismatched component sizes.
   **   ~~~   ** Verify that the value entered is intended and is consistent with other components.
   ************* SizeHVACSingleDuct: Potential issue with equipment sizing for AirTerminal:SingleDuct:VAV:Reheat = "CORRIDOR_NW_FLR_4 VAV BOX COMPONENT".
   **   ~~~   ** User-Specified Minimum Cooling Air Flow Fraction of 0.57700
   **   ~~~   ** differs from Design Size Minimum Cooling Air Flow Fraction of 0.96195
   **   ~~~   ** This may, or may not, indicate mismatched component sizes.
   **   ~~~   ** Verify that the value entered is intended and is consistent with other components.
   ************* SizeHVACSingleDuct: Potential issue with equipment sizing for AirTerminal:SingleDuct:VAV:Reheat = "CORRIDOR_NW_FLR_4 VAV BOX COMPONENT".
   **   ~~~   ** User-Specified Maximum Flow Fraction during Reheat of 0.50000 []
   **   ~~~   ** differs from Design Size Maximum Flow Fraction during Reheat of 1.00000 []
   **   ~~~   ** This may, or may not, indicate mismatched component sizes.
   **   ~~~   ** Verify that the value entered is intended and is consistent with other components.
   ************* SizeHVACSingleDuct: Potential issue with equipment sizing for AirTerminal:SingleDuct:VAV:Reheat = "DINING_FLR_5 VAV BOX COMPONENT".
   **   ~~~   ** User-Specified Minimum Cooling Air Flow Fraction of 0.67400
   **   ~~~   ** differs from Design Size Minimum Cooling Air Flow Fraction of 0.26412
   **   ~~~   ** This may, or may not, indicate mismatched component sizes.
   **   ~~~   ** Verify that the value entered is intended and is consistent with other components.
   ************* SizeHVACSingleDuct: Potential issue with equipment sizing for AirTerminal:SingleDuct:VAV:Reheat = "DINING_FLR_5 VAV BOX COMPONENT".
   **   ~~~   ** User-Specified Maximum Flow Fraction during Reheat of 0.50000 []
   **   ~~~   ** differs from Design Size Maximum Flow Fraction during Reheat of 0.70433 []
   **   ~~~   ** This may, or may not, indicate mismatched component sizes.
   **   ~~~   ** Verify that the value entered is intended and is consistent with other components.
   ************* SizeHVACSingleDuct: Potential issue with equipment sizing for AirTerminal:SingleDuct:VAV:Reheat = "NURSESTN_LOBBY_FLR_5 VAV BOX COMPONENT".
   **   ~~~   ** User-Specified Minimum Cooling Air Flow Fraction of 0.23300
   **   ~~~   ** differs from Design Size Minimum Cooling Air Flow Fraction of 0.35012
   **   ~~~   ** This may, or may not, indicate mismatched component sizes.
   **   ~~~   ** Verify that the value entered is intended and is consistent with other components.
   ************* SizeHVACSingleDuct: Potential issue with equipment sizing for AirTerminal:SingleDuct:VAV:Reheat = "NURSESTN_LOBBY_FLR_5 VAV BOX COMPONENT".
   **   ~~~   ** User-Specified Maximum Flow Fraction during Reheat of 0.50000 []
   **   ~~~   ** differs from Design Size Maximum Flow Fraction during Reheat of 0.93364 []
   **   ~~~   ** This may, or may not, indicate mismatched component sizes.
   **   ~~~   ** Verify that the value entered is intended and is consistent with other components.
   ************* SizeHVACSingleDuct: Potential issue with equipment sizing for AirTerminal:SingleDuct:VAV:Reheat = "OFFICE2_MULT5_FLR_5 VAV BOX COMPONENT".
   **   ~~~   ** User-Specified Maximum Flow Fraction during Reheat of 0.50000 []
   **   ~~~   ** differs from Design Size Maximum Flow Fraction during Reheat of 0.72350 []
   **   ~~~   ** This may, or may not, indicate mismatched component sizes.
   **   ~~~   ** Verify that the value entered is intended and is consistent with other components.
   ************* SizeHVACSingleDuct: Potential issue with equipment sizing for AirTerminal:SingleDuct:VAV:Reheat = "OFFICE4_MULT6_FLR_5 VAV BOX COMPONENT".
   **   ~~~   ** User-Specified Maximum Flow Fraction during Reheat of 0.50000 []
   **   ~~~   ** differs from Design Size Maximum Flow Fraction during Reheat of 1.00000 []
   **   ~~~   ** This may, or may not, indicate mismatched component sizes.
   **   ~~~   ** Verify that the value entered is intended and is consistent with other components.
   ************* SizeHVACSingleDuct: Potential issue with equipment sizing for AirTerminal:SingleDuct:VAV:Reheat = "CORRIDOR_FLR_5 VAV BOX COMPONENT".
   **   ~~~   ** User-Specified Minimum Cooling Air Flow Fraction of 0.36700
   **   ~~~   ** differs from Design Size Minimum Cooling Air Flow Fraction of 0.61149
   **   ~~~   ** This may, or may not, indicate mismatched component sizes.
   **   ~~~   ** Verify that the value entered is intended and is consistent with other components.
   ************* SizeHVACSingleDuct: Potential issue with equipment sizing for AirTerminal:SingleDuct:VAV:Reheat = "CORRIDOR_FLR_5 VAV BOX COMPONENT".
   **   ~~~   ** User-Specified Maximum Flow Fraction during Reheat of 0.50000 []
   **   ~~~   ** differs from Design Size Maximum Flow Fraction during Reheat of 1.00000 []
   **   ~~~   ** This may, or may not, indicate mismatched component sizes.
   **   ~~~   ** Verify that the value entered is intended and is consistent with other components.
   ** Warning ** Controller:MechanicalVentilation="VAV_1_DCV", Zone OA/person rate
   **   ~~~   ** For Zone="BASEMENT".
   **   ~~~   ** Zone outside air per person rate not set in Design Specification Outdoor Air Object="SZ DSOA BASEMENT".
   ** Warning ** Controller:MechanicalVentilation="VAV_1_DCV", Zone OA/person rate
   **   ~~~   ** For Zone="OFFICE1_MULT4_FLR_1".
   **   ~~~   ** Zone outside air per person rate not set in Design Specification Outdoor Air Object="SZ DSOA OFFICE1_MULT4_FLR_1".
   ** Warning ** Controller:MechanicalVentilation="VAV_1_DCV", Zone OA/person rate
   **   ~~~   ** For Zone="LOBBY_RECORDS_FLR_1".
   **   ~~~   ** Zone outside air per person rate not set in Design Specification Outdoor Air Object="SZ DSOA LOBBY_RECORDS_FLR_1".
   ** Warning ** Controller:MechanicalVentilation="VAV_1_DCV", Zone OA/person rate
   **   ~~~   ** For Zone="CORRIDOR_FLR_1".
   **   ~~~   ** Zone outside air per person rate not set in Design Specification Outdoor Air Object="SZ DSOA CORRIDOR_FLR_1".
   ** Warning ** Controller:MechanicalVentilation="VAV_1_DCV", Zone OA/person rate
   **   ~~~   ** For Zone="ER_NURSESTN_LOBBY_FLR_1".
   **   ~~~   ** Zone outside air per person rate not set in Design Specification Outdoor Air Object="SZ DSOA ER_NURSESTN_LOBBY_FLR_1".
   ** Warning ** Controller:MechanicalVentilation="VAV_1_DCV", Zone OA/person rate
   **   ~~~   ** For Zone="ICU_NURSESTN_LOBBY_FLR_2".
   **   ~~~   ** Zone outside air per person rate not set in Design Specification Outdoor Air Object="SZ DSOA ICU_NURSESTN_LOBBY_FLR_2".
   ** Warning ** Controller:MechanicalVentilation="VAV_1_DCV", Zone OA/person rate
   **   ~~~   ** For Zone="CORRIDOR_FLR_2".
   **   ~~~   ** Zone outside air per person rate not set in Design Specification Outdoor Air Object="SZ DSOA CORRIDOR_FLR_2".
   ** Warning ** Controller:MechanicalVentilation="VAV_1_DCV", Zone OA/person rate
   **   ~~~   ** For Zone="OR_NURSESTN_LOBBY_FLR_2".
   **   ~~~   ** Zone outside air per person rate not set in Design Specification Outdoor Air Object="SZ DSOA OR_NURSESTN_LOBBY_FLR_2".
   ** Warning ** Controller:MechanicalVentilation="VAV_2_DCV", Zone OA/person rate
   **   ~~~   ** For Zone="PHYSTHERAPY_FLR_3".
   **   ~~~   ** Zone outside air per person rate not set in Design Specification Outdoor Air Object="SZ DSOA PHYSTHERAPY_FLR_3".
   ** Warning ** Controller:MechanicalVentilation="VAV_2_DCV", Zone OA/person rate
   **   ~~~   ** For Zone="NURSESTN_LOBBY_FLR_3".
   **   ~~~   ** Zone outside air per person rate not set in Design Specification Outdoor Air Object="SZ DSOA NURSESTN_LOBBY_FLR_3".
   ** Warning ** Controller:MechanicalVentilation="VAV_2_DCV", Zone OA/person rate
   **   ~~~   ** For Zone="CORRIDOR_SE_FLR_3".
   **   ~~~   ** Zone outside air per person rate not set in Design Specification Outdoor Air Object="SZ DSOA CORRIDOR_SE_FLR_3".
   ** Warning ** Controller:MechanicalVentilation="VAV_2_DCV", Zone OA/person rate
   **   ~~~   ** For Zone="CORRIDOR_NW_FLR_3".
   **   ~~~   ** Zone outside air per person rate not set in Design Specification Outdoor Air Object="SZ DSOA CORRIDOR_NW_FLR_3".
   ** Warning ** Controller:MechanicalVentilation="VAV_2_DCV", Zone OA/person rate
   **   ~~~   ** For Zone="RADIOLOGY_FLR_4".
   **   ~~~   ** Zone outside air per person rate not set in Design Specification Outdoor Air Object="SZ DSOA RADIOLOGY_FLR_4".
   ** Warning ** Controller:MechanicalVentilation="VAV_2_DCV", Zone OA/person rate
   **   ~~~   ** For Zone="NURSESTN_LOBBY_FLR_4".
   **   ~~~   ** Zone outside air per person rate not set in Design Specification Outdoor Air Object="SZ DSOA NURSESTN_LOBBY_FLR_4".
   ** Warning ** Controller:MechanicalVentilation="VAV_2_DCV", Zone OA/person rate
   **   ~~~   ** For Zone="CORRIDOR_SE_FLR_4".
   **   ~~~   ** Zone outside air per person rate not set in Design Specification Outdoor Air Object="SZ DSOA CORRIDOR_SE_FLR_4".
   ** Warning ** Controller:MechanicalVentilation="VAV_2_DCV", Zone OA/person rate
   **   ~~~   ** For Zone="CORRIDOR_NW_FLR_4".
   **   ~~~   ** Zone outside air per person rate not set in Design Specification Outdoor Air Object="SZ DSOA CORRIDOR_NW_FLR_4".
   ** Warning ** Controller:MechanicalVentilation="VAV_2_DCV", Zone OA/person rate
   **   ~~~   ** For Zone="DINING_FLR_5".
   **   ~~~   ** Zone outside air per person rate not set in Design Specification Outdoor Air Object="SZ DSOA DINING_FLR_5".
   ** Warning ** Controller:MechanicalVentilation="VAV_2_DCV", Zone OA/person rate
   **   ~~~   ** For Zone="NURSESTN_LOBBY_FLR_5".
   **   ~~~   ** Zone outside air per person rate not set in Design Specification Outdoor Air Object="SZ DSOA NURSESTN_LOBBY_FLR_5".
   ** Warning ** Controller:MechanicalVentilation="VAV_2_DCV", Zone OA/person rate
   **   ~~~   ** For Zone="OFFICE1_FLR_5".
   **   ~~~   ** Zone outside air per person rate not set in Design Specification Outdoor Air Object="SZ DSOA OFFICE1_FLR_5".
   ** Warning ** Controller:MechanicalVentilation="VAV_2_DCV", Zone OA/person rate
   **   ~~~   ** For Zone="OFFICE2_MULT5_FLR_5".
   **   ~~~   ** Zone outside air per person rate not set in Design Specification Outdoor Air Object="SZ DSOA OFFICE2_MULT5_FLR_5".
   ** Warning ** Controller:MechanicalVentilation="VAV_2_DCV", Zone OA/person rate
   **   ~~~   ** For Zone="OFFICE3_FLR_5".
   **   ~~~   ** Zone outside air per person rate not set in Design Specification Outdoor Air Object="SZ DSOA OFFICE3_FLR_5".
   ** Warning ** Controller:MechanicalVentilation="VAV_2_DCV", Zone OA/person rate
   **   ~~~   ** For Zone="OFFICE4_MULT6_FLR_5".
   **   ~~~   ** Zone outside air per person rate not set in Design Specification Outdoor Air Object="SZ DSOA OFFICE4_MULT6_FLR_5".
   ** Warning ** Controller:MechanicalVentilation="VAV_2_DCV", Zone OA/person rate
   **   ~~~   ** For Zone="CORRIDOR_FLR_5".
   **   ~~~   ** Zone outside air per person rate not set in Design Specification Outdoor Air Object="SZ DSOA CORRIDOR_FLR_5".
   ************* SizeWaterCoil: Potential issue with equipment sizing for Coil:Cooling:Water VAV_1 COOLING COIL
   **   ~~~   ** User-Specified Design Inlet Water Temperature [C] = 8.89000
   **   ~~~   ** differs from Design Size Design Inlet Water Temperature [C] = 7.22000
   **   ~~~   ** This may, or may not, indicate mismatched component sizes.
   **   ~~~   ** Verify that the value entered is intended and is consistent with other components.
   ** Warning ** In calculating the design coil UA for Coil:Cooling:Water VAV_1 COOLING COIL
   **   ~~~   ** the coil bypass factor is unrealistically large;
   **   ~~~   ** The initial design conditions are: Tair,in = 26.1142
   **   ~~~   **                                    Wair,in = 1.032471E-002
   **   ~~~   **                                    Twater,in = 8.8900
   **   ~~~   **                                    Tair,out = 10.9177
   **   ~~~   **                                    Wair,out = 8.500000E-003
   ************* SizeWaterCoil: Potential issue with equipment sizing for Coil:Cooling:Water VAV_2 COOLING COIL
   **   ~~~   ** User-Specified Design Inlet Water Temperature [C] = 8.89000
   **   ~~~   ** differs from Design Size Design Inlet Water Temperature [C] = 7.22000
   **   ~~~   ** This may, or may not, indicate mismatched component sizes.
   **   ~~~   ** Verify that the value entered is intended and is consistent with other components.
   ** Warning ** In calculating the design coil UA for Coil:Cooling:Water VAV_2 COOLING COIL
   **   ~~~   ** the coil bypass factor is unrealistically large;
   **   ~~~   ** The initial design conditions are: Tair,in = 25.7281
   **   ~~~   **                                    Wair,in = 1.003459E-002
   **   ~~~   **                                    Twater,in = 8.8900
   **   ~~~   **                                    Tair,out = 10.9266
   **   ~~~   **                                    Wair,out = 8.500000E-003
   ** Warning ** SizeWaterCoil: Potential issue with equipment sizing for Coil:Heating:Water VAV_2 HEATING COIL
   **   ~~~   ** ...Rated Total Heating Capacity = 0.00 [W]
   **   ~~~   ** ...Air flow rate used for sizing = 4.89764 [m3/s]
   **   ~~~   ** ...Outdoor air fraction used for sizing = 0.91
   **   ~~~   ** ...Coil inlet air temperature used for sizing = -13.11 [C]
   **   ~~~   ** ...Coil outlet air temperature used for sizing = -14.99 [C]
   ** Warning ** The design coil load is zero for Coil:Heating:Water VAV_2 HEATING COIL
   **   ~~~   ** The autosize value for maximum water flow rate is zero
   **   ~~~   ** To change this, input a value for UA, change the heating design day, or raise the
   **   ~~~   **   system heating design supply air temperature. Also check to make sure the Preheat
   **   ~~~   **   Design Temperature is not the same as the Central Heating Design Supply Air Temperature. 
   ** Warning ** InitController: Controller:WaterCoil="VAV_2_HEATC_CONTROLLER", Maximum Actuated Flow is zero.
   ************* SizeWaterCoil: Potential issue with equipment sizing for Coil:Cooling:Water VAV_ER COOLING COIL
   **   ~~~   ** User-Specified Design Inlet Water Temperature [C] = 8.89000
   **   ~~~   ** differs from Design Size Design Inlet Water Temperature [C] = 7.22000
   **   ~~~   ** This may, or may not, indicate mismatched component sizes.
   **   ~~~   ** Verify that the value entered is intended and is consistent with other components.
   ** Warning ** In calculating the design coil UA for Coil:Cooling:Water VAV_ER COOLING COIL
   **   ~~~   ** the coil bypass factor is unrealistically large;
   **   ~~~   ** The initial design conditions are: Tair,in = 24.6831
   **   ~~~   **                                    Wair,in = 1.009145E-002
   **   ~~~   **                                    Twater,in = 8.8900
   **   ~~~   **                                    Tair,out = 10.9894
   **   ~~~   **                                    Wair,out = 8.500000E-003
   ** Warning ** SizeWaterCoil: Potential issue with equipment sizing for Coil:Heating:Water VAV_ER HEATING COIL
   **   ~~~   ** ...Rated Total Heating Capacity = 0.00 [W]
   **   ~~~   ** ...Air flow rate used for sizing = 5.54936 [m3/s]
   **   ~~~   ** ...Outdoor air fraction used for sizing = 0.16
   **   ~~~   ** ...Coil inlet air temperature used for sizing = 14.78 [C]
   **   ~~~   ** ...Coil outlet air temperature used for sizing = -14.99 [C]
   ** Warning ** The design coil load is zero for Coil:Heating:Water VAV_ER HEATING COIL
   **   ~~~   ** The autosize value for maximum water flow rate is zero
   **   ~~~   ** To change this, input a value for UA, change the heating design day, or raise the
   **   ~~~   **   system heating design supply air temperature. Also check to make sure the Preheat
   **   ~~~   **   Design Temperature is not the same as the Central Heating Design Supply Air Temperature. 
   ** Warning ** InitController: Controller:WaterCoil="VAV_ER_HEATC_CONTROLLER", Maximum Actuated Flow is zero.
   ************* SizeWaterCoil: Potential issue with equipment sizing for Coil:Cooling:Water VAV_OR COOLING COIL
   **   ~~~   ** User-Specified Design Inlet Water Temperature [C] = 8.89000
   **   ~~~   ** differs from Design Size Design Inlet Water Temperature [C] = 7.22000
   **   ~~~   ** This may, or may not, indicate mismatched component sizes.
   **   ~~~   ** Verify that the value entered is intended and is consistent with other components.
   ** Warning ** In calculating the design coil UA for Coil:Cooling:Water VAV_OR COOLING COIL
   **   ~~~   ** the coil bypass factor is unrealistically large;
   **   ~~~   ** The initial design conditions are: Tair,in = 23.9809
   **   ~~~   **                                    Wair,in = 9.624951E-003
   **   ~~~   **                                    Twater,in = 8.8900
   **   ~~~   **                                    Tair,out = 10.9072
   **   ~~~   **                                    Wair,out = 8.500000E-003
   ** Severe  ** Calculation of cooling coil design UA failed for coil VAV_OR COOLING COIL
   **   ~~~   **   Bad starting values for UA
   **   ~~~   **  Coil design UA set to 27133.581301 [W/C]
   ** Warning ** SizeWaterCoil: Potential issue with equipment sizing for Coil:Heating:Water VAV_OR HEATING COIL
   **   ~~~   ** ...Rated Total Heating Capacity = 0.00 [W]
   **   ~~~   ** ...Air flow rate used for sizing = 10.90008 [m3/s]
   **   ~~~   ** ...Outdoor air fraction used for sizing = 0.20
   **   ~~~   ** ...Coil inlet air temperature used for sizing = 13.53 [C]
   **   ~~~   ** ...Coil outlet air temperature used for sizing = -14.99 [C]
   ** Warning ** The design coil load is zero for Coil:Heating:Water VAV_OR HEATING COIL
   **   ~~~   ** The autosize value for maximum water flow rate is zero
   **   ~~~   ** To change this, input a value for UA, change the heating design day, or raise the
   **   ~~~   **   system heating design supply air temperature. Also check to make sure the Preheat
   **   ~~~   **   Design Temperature is not the same as the Central Heating Design Supply Air Temperature. 
   ** Warning ** InitController: Controller:WaterCoil="VAV_OR_HEATC_CONTROLLER", Maximum Actuated Flow is zero.
   ************* SizeWaterCoil: Potential issue with equipment sizing for Coil:Cooling:Water VAV_ICU COOLING COIL
   **   ~~~   ** User-Specified Design Inlet Water Temperature [C] = 8.89000
   **   ~~~   ** differs from Design Size Design Inlet Water Temperature [C] = 7.22000
   **   ~~~   ** This may, or may not, indicate mismatched component sizes.
   **   ~~~   ** Verify that the value entered is intended and is consistent with other components.
   ** Warning ** In calculating the design coil UA for Coil:Cooling:Water VAV_ICU COOLING COIL
   **   ~~~   ** the coil bypass factor is unrealistically large;
   **   ~~~   ** The initial design conditions are: Tair,in = 26.0060
   **   ~~~   **                                    Wair,in = 1.029075E-002
   **   ~~~   **                                    Twater,in = 8.8900
   **   ~~~   **                                    Tair,out = 10.8872
   **   ~~~   **                                    Wair,out = 8.500000E-003
   ** Warning ** SizeWaterCoil: Potential issue with equipment sizing for Coil:Heating:Water VAV_ICU HEATING COIL
   **   ~~~   ** ...Rated Total Heating Capacity = 0.00 [W]
   **   ~~~   ** ...Air flow rate used for sizing = 6.22770 [m3/s]
   **   ~~~   ** ...Outdoor air fraction used for sizing = 0.33
   **   ~~~   ** ...Coil inlet air temperature used for sizing = 8.56 [C]
   **   ~~~   ** ...Coil outlet air temperature used for sizing = -14.99 [C]
   ** Warning ** The design coil load is zero for Coil:Heating:Water VAV_ICU HEATING COIL
   **   ~~~   ** The autosize value for maximum water flow rate is zero
   **   ~~~   ** To change this, input a value for UA, change the heating design day, or raise the
   **   ~~~   **   system heating design supply air temperature. Also check to make sure the Preheat
   **   ~~~   **   Design Temperature is not the same as the Central Heating Design Supply Air Temperature. 
   ** Warning ** InitController: Controller:WaterCoil="VAV_ICU_HEATC_CONTROLLER", Maximum Actuated Flow is zero.
   ************* SizeWaterCoil: Potential issue with equipment sizing for Coil:Cooling:Water VAV_PATRMS COOLING COIL
   **   ~~~   ** User-Specified Design Inlet Water Temperature [C] = 8.89000
   **   ~~~   ** differs from Design Size Design Inlet Water Temperature [C] = 7.22000
   **   ~~~   ** This may, or may not, indicate mismatched component sizes.
   **   ~~~   ** Verify that the value entered is intended and is consistent with other components.
   ** Warning ** In calculating the design coil UA for Coil:Cooling:Water VAV_PATRMS COOLING COIL
   **   ~~~   ** the coil bypass factor is unrealistically large;
   **   ~~~   ** The initial design conditions are: Tair,in = 25.3000
   **   ~~~   **                                    Wair,in = 1.032732E-002
   **   ~~~   **                                    Twater,in = 8.8900
   **   ~~~   **                                    Tair,out = 10.9177
   **   ~~~   **                                    Wair,out = 8.500000E-003
   ** Warning ** SizeWaterCoil: Potential issue with equipment sizing for Coil:Heating:Water VAV_PATRMS HEATING COIL
   **   ~~~   ** ...Rated Total Heating Capacity = 0.00 [W]
   **   ~~~   ** ...Air flow rate used for sizing = 6.73882 [m3/s]
   **   ~~~   ** ...Outdoor air fraction used for sizing = 0.66
   **   ~~~   ** ...Coil inlet air temperature used for sizing = -3.87 [C]
   **   ~~~   ** ...Coil outlet air temperature used for sizing = -14.99 [C]
   ** Warning ** The design coil load is zero for Coil:Heating:Water VAV_PATRMS HEATING COIL
   **   ~~~   ** The autosize value for maximum water flow rate is zero
   **   ~~~   ** To change this, input a value for UA, change the heating design day, or raise the
   **   ~~~   **   system heating design supply air temperature. Also check to make sure the Preheat
   **   ~~~   **   Design Temperature is not the same as the Central Heating Design Supply Air Temperature. 
   ** Warning ** InitController: Controller:WaterCoil="VAV_PATRMS_HEATC_CONTROLLER", Maximum Actuated Flow is zero.
   ************* SizeWaterCoil: Potential issue with equipment sizing for Coil:Cooling:Water VAV_LABS COOLING COIL
   **   ~~~   ** User-Specified Design Inlet Water Temperature [C] = 8.89000
   **   ~~~   ** differs from Design Size Design Inlet Water Temperature [C] = 7.22000
   **   ~~~   ** This may, or may not, indicate mismatched component sizes.
   **   ~~~   ** Verify that the value entered is intended and is consistent with other components.
   ** Warning ** SizeWaterCoil: Potential issue with equipment sizing for Coil:Heating:Water VAV_LABS HEATING COIL
   **   ~~~   ** ...Rated Total Heating Capacity = 0.00 [W]
   **   ~~~   ** ...Air flow rate used for sizing = 2.12900 [m3/s]
   **   ~~~   ** ...Outdoor air fraction used for sizing = 0.29
   **   ~~~   ** ...Coil inlet air temperature used for sizing = 10.15 [C]
   **   ~~~   ** ...Coil outlet air temperature used for sizing = -14.99 [C]
   ** Warning ** The design coil load is zero for Coil:Heating:Water VAV_LABS HEATING COIL
   **   ~~~   ** The autosize value for maximum water flow rate is zero
   **   ~~~   ** To change this, input a value for UA, change the heating design day, or raise the
   **   ~~~   **   system heating design supply air temperature. Also check to make sure the Preheat
   **   ~~~   **   Design Temperature is not the same as the Central Heating Design Supply Air Temperature. 
   ** Warning ** InitController: Controller:WaterCoil="VAV_LABS_HEATC_CONTROLLER", Maximum Actuated Flow is zero.
   ************* SizeWaterCoil: Potential issue with equipment sizing for Coil:Cooling:Water CAV_KITCHEN COOLING COIL
   **   ~~~   ** User-Specified Design Inlet Water Temperature [C] = 8.89000
   **   ~~~   ** differs from Design Size Design Inlet Water Temperature [C] = 7.22000
   **   ~~~   ** This may, or may not, indicate mismatched component sizes.
   **   ~~~   ** Verify that the value entered is intended and is consistent with other components.
   ** Severe  ** Calculation of cooling coil design UA failed for coil CAV_KITCHEN COOLING COIL
   **   ~~~   **   Bad starting values for UA
   **   ~~~   **  Coil design UA set to 34238.913554 [W/C]
   ** Warning ** SizeWaterCoil: Potential issue with equipment sizing for Coil:Heating:Water CAV_KITCHEN HEATING COIL
   **   ~~~   ** ...Rated Total Heating Capacity = 0.00 [W]
   **   ~~~   ** ...Air flow rate used for sizing = 17.32717 [m3/s]
   **   ~~~   ** ...Outdoor air fraction used for sizing = 4.28E-002
   **   ~~~   ** ...Coil inlet air temperature used for sizing = 19.25 [C]
   **   ~~~   ** ...Coil outlet air temperature used for sizing = 12.80 [C]
   ** Warning ** The design coil load is zero for Coil:Heating:Water CAV_KITCHEN HEATING COIL
   **   ~~~   ** The autosize value for maximum water flow rate is zero
   **   ~~~   ** To change this, input a value for UA, change the heating design day, or raise the
   **   ~~~   **   system heating design supply air temperature. Also check to make sure the Preheat
   **   ~~~   **   Design Temperature is not the same as the Central Heating Design Supply Air Temperature. 
   ** Warning ** InitController: Controller:WaterCoil="CAV_KITCHEN_HEATC_CONTROLLER", Maximum Actuated Flow is zero.
   ************* SizeChillerElectricEIR: Potential issue with equipment sizing for HEAT RECOVERY CHILLER
   **   ~~~   ** User-Specified Reference Chilled Water Flow Rate of 5.20561E-003 [m3/s]
   **   ~~~   ** differs from Design Size Reference Chilled Water Flow Rate of 5.07674E-002 [m3/s]
   **   ~~~   ** This may, or may not, indicate mismatched component sizes.
   **   ~~~   ** Verify that the value entered is intended and is consistent with other components.
   ************* SizeChillerElectricReformulatedEIR: Potential issue with equipment sizing for COOLSYS1 CHILLER1
   **   ~~~   ** User-Specified Reference Chilled Water Flow Rate of 2.46996E-002 [m3/s]
   **   ~~~   ** differs from Design Size Reference Chilled Water Flow Rate of 5.07674E-002 [m3/s]
   **   ~~~   ** This may, or may not, indicate mismatched component sizes.
   **   ~~~   ** Verify that the value entered is intended and is consistent with other components.
   ************* SizeChillerElectricReformulatedEIR: Potential issue with equipment sizing for COOLSYS1 CHILLER2
   **   ~~~   ** User-Specified Reference Chilled Water Flow Rate of 2.46996E-002 [m3/s]
   **   ~~~   ** differs from Design Size Reference Chilled Water Flow Rate of 5.07674E-002 [m3/s]
   **   ~~~   ** This may, or may not, indicate mismatched component sizes.
   **   ~~~   ** Verify that the value entered is intended and is consistent with other components.
   ** Warning ** Check input. Pump nominal power or motor efficiency is set to 0, for pump=HEAT RECOVERY CIRC PUMP
   ** Warning ** HVACControllers: controller type=Controller:WaterCoil Name="VAV_ER_COOLC_CONTROLLER" has detected a maximum humidity ratio setpoint at the control node.
   **   ~~~   ** Node referenced (by controller)=VAV_ER_COOLC-VAV_ER_HEATCNODE
   **   ~~~   **   set the controller control variable to TemperatureAndHumidityRatio if humidity control is desired.
   ** Warning ** HVACControllers: controller type=Controller:WaterCoil Name="VAV_OR_COOLC_CONTROLLER" has detected a maximum humidity ratio setpoint at the control node.
   **   ~~~   ** Node referenced (by controller)=VAV_OR_COOLC-VAV_OR_HEATCNODE
   **   ~~~   **   set the controller control variable to TemperatureAndHumidityRatio if humidity control is desired.
   ** Warning ** HVACControllers: controller type=Controller:WaterCoil Name="VAV_ICU_COOLC_CONTROLLER" has detected a maximum humidity ratio setpoint at the control node.
   **   ~~~   ** Node referenced (by controller)=VAV_ICU_COOLC-VAV_ICU_HEATCNODE
   **   ~~~   **   set the controller control variable to TemperatureAndHumidityRatio if humidity control is desired.
   ** Warning ** HVACControllers: controller type=Controller:WaterCoil Name="VAV_PATRMS_COOLC_CONTROLLER" has detected a maximum humidity ratio setpoint at the control node.
   **   ~~~   ** Node referenced (by controller)=VAV_PATRMS_COOLC-VAV_PATRMS_HEATCNODE
   **   ~~~   **   set the controller control variable to TemperatureAndHumidityRatio if humidity control is desired.
   ** Warning ** HVACControllers: controller type=Controller:WaterCoil Name="VAV_LABS_COOLC_CONTROLLER" has detected a maximum humidity ratio setpoint at the control node.
   **   ~~~   ** Node referenced (by controller)=VAV_LABS_COOLC-VAV_LABS_HEATCNODE
   **   ~~~   **   set the controller control variable to TemperatureAndHumidityRatio if humidity control is desired.
   ************* Testing Individual Branch Integrity
   ************* All Branches passed integrity testing
   ************* Testing Individual Supply Air Path Integrity
   ************* All Supply Air Paths passed integrity testing
   ************* Testing Individual Return Air Path Integrity
   ************* All Return Air Paths passed integrity testing
   ************* No node connection errors were found.
   ************* Beginning Simulation
   ** Warning ** CalcEquipmentFlowRates: "ER_EXAM1_MULT4_FLR_1 SUB CAT" - Target water temperature is greater than the hot water temperature by (1.06 C)
   **   ~~~   **  Environment=RUNPERIOD 1, at Simulation time=01/01 00:00 - 00:10
   **   ~~~   ** ...target water temperature     = 60.00 C
   **   ~~~   ** ...hot water temperature        = 58.94 C
   **   ~~~   ** ...Target water temperature should be less than or equal to the hot water temperature. Verify temperature setpoints and schedules.
   ** Warning ** CalcEquipmentFlowRates: "ER_TRAUMA1_FLR_1 SUB CAT" - Target water temperature is greater than the hot water temperature by (1.06 C)
   **   ~~~   **  Environment=RUNPERIOD 1, at Simulation time=01/01 00:00 - 00:10
   **   ~~~   ** ...target water temperature     = 60.00 C
   **   ~~~   ** ...hot water temperature        = 58.94 C
   **   ~~~   ** ...Target water temperature should be less than or equal to the hot water temperature. Verify temperature setpoints and schedules.
   ** Warning ** CalcEquipmentFlowRates: "ER_EXAM3_MULT4_FLR_1 SUB CAT" - Target water temperature is greater than the hot water temperature by (1.06 C)
   **   ~~~   **  Environment=RUNPERIOD 1, at Simulation time=01/01 00:00 - 00:10
   **   ~~~   ** ...target water temperature     = 60.00 C
   **   ~~~   ** ...hot water temperature        = 58.94 C
   **   ~~~   ** ...Target water temperature should be less than or equal to the hot water temperature. Verify temperature setpoints and schedules.
   ** Warning ** CalcEquipmentFlowRates: "ER_TRAUMA2_FLR_1 SUB CAT" - Target water temperature is greater than the hot water temperature by (1.06 C)
   **   ~~~   **  Environment=RUNPERIOD 1, at Simulation time=01/01 00:00 - 00:10
   **   ~~~   ** ...target water temperature     = 60.00 C
   **   ~~~   ** ...hot water temperature        = 58.94 C
   **   ~~~   ** ...Target water temperature should be less than or equal to the hot water temperature. Verify temperature setpoints and schedules.
   ** Warning ** CalcEquipmentFlowRates: "ER_TRIAGE_MULT4_FLR_1 SUB CAT" - Target water temperature is greater than the hot water temperature by (1.06 C)
   **   ~~~   **  Environment=RUNPERIOD 1, at Simulation time=01/01 00:00 - 00:10
   **   ~~~   ** ...target water temperature     = 60.00 C
   **   ~~~   ** ...hot water temperature        = 58.94 C
   **   ~~~   ** ...Target water temperature should be less than or equal to the hot water temperature. Verify temperature setpoints and schedules.
   ** Warning ** CalcEquipmentFlowRates: "PATROOM1_MULT10_FLR_3 SUB CAT" - Target water temperature is greater than the hot water temperature by (1.06 C)
   **   ~~~   **  Environment=RUNPERIOD 1, at Simulation time=01/01 00:00 - 00:10
   **   ~~~   ** ...target water temperature     = 60.00 C
   **   ~~~   ** ...hot water temperature        = 58.94 C
   **   ~~~   ** ...Target water temperature should be less than or equal to the hot water temperature. Verify temperature setpoints and schedules.
   ** Warning ** CalcEquipmentFlowRates: "PATROOM2_FLR_3 SUB CAT" - Target water temperature is greater than the hot water temperature by (1.06 C)
   **   ~~~   **  Environment=RUNPERIOD 1, at Simulation time=01/01 00:00 - 00:10
   **   ~~~   ** ...target water temperature     = 60.00 C
   **   ~~~   ** ...hot water temperature        = 58.94 C
   **   ~~~   ** ...Target water temperature should be less than or equal to the hot water temperature. Verify temperature setpoints and schedules.
   ** Warning ** CalcEquipmentFlowRates: "PATROOM3_MULT10_FLR_3 SUB CAT" - Target water temperature is greater than the hot water temperature by (1.06 C)
   **   ~~~   **  Environment=RUNPERIOD 1, at Simulation time=01/01 00:00 - 00:10
   **   ~~~   ** ...target water temperature     = 60.00 C
   **   ~~~   ** ...hot water temperature        = 58.94 C
   **   ~~~   ** ...Target water temperature should be less than or equal to the hot water temperature. Verify temperature setpoints and schedules.
   ** Warning ** CalcEquipmentFlowRates: "PATROOM4_FLR_3 SUB CAT" - Target water temperature is greater than the hot water temperature by (1.06 C)
   **   ~~~   **  Environment=RUNPERIOD 1, at Simulation time=01/01 00:00 - 00:10
   **   ~~~   ** ...target water temperature     = 60.00 C
   **   ~~~   ** ...hot water temperature        = 58.94 C
   **   ~~~   ** ...Target water temperature should be less than or equal to the hot water temperature. Verify temperature setpoints and schedules.
   ** Warning ** CalcEquipmentFlowRates: "PATROOM5_MULT10_FLR_3 SUB CAT" - Target water temperature is greater than the hot water temperature by (1.06 C)
   **   ~~~   **  Environment=RUNPERIOD 1, at Simulation time=01/01 00:00 - 00:10
   **   ~~~   ** ...target water temperature     = 60.00 C
   **   ~~~   ** ...hot water temperature        = 58.94 C
   **   ~~~   ** ...Target water temperature should be less than or equal to the hot water temperature. Verify temperature setpoints and schedules.
   ** Warning ** CalcEquipmentFlowRates: "PATROOM6_FLR_3 SUB CAT" - Target water temperature is greater than the hot water temperature by (1.06 C)
   **   ~~~   **  Environment=RUNPERIOD 1, at Simulation time=01/01 00:00 - 00:10
   **   ~~~   ** ...target water temperature     = 60.00 C
   **   ~~~   ** ...hot water temperature        = 58.94 C
   **   ~~~   ** ...Target water temperature should be less than or equal to the hot water temperature. Verify temperature setpoints and schedules.
   ** Warning ** CalcEquipmentFlowRates: "PATROOM7_MULT10_FLR_3 SUB CAT" - Target water temperature is greater than the hot water temperature by (1.06 C)
   **   ~~~   **  Environment=RUNPERIOD 1, at Simulation time=01/01 00:00 - 00:10
   **   ~~~   ** ...target water temperature     = 60.00 C
   **   ~~~   ** ...hot water temperature        = 58.94 C
   **   ~~~   ** ...Target water temperature should be less than or equal to the hot water temperature. Verify temperature setpoints and schedules.
   ** Warning ** CalcEquipmentFlowRates: "PATROOM8_FLR_3 SUB CAT" - Target water temperature is greater than the hot water temperature by (1.06 C)
   **   ~~~   **  Environment=RUNPERIOD 1, at Simulation time=01/01 00:00 - 00:10
   **   ~~~   ** ...target water temperature     = 60.00 C
   **   ~~~   ** ...hot water temperature        = 58.94 C
   **   ~~~   ** ...Target water temperature should be less than or equal to the hot water temperature. Verify temperature setpoints and schedules.
   ** Warning ** CalcEquipmentFlowRates: "PATROOM1_MULT10_FLR_4 SUB CAT" - Target water temperature is greater than the hot water temperature by (1.06 C)
   **   ~~~   **  Environment=RUNPERIOD 1, at Simulation time=01/01 00:00 - 00:10
   **   ~~~   ** ...target water temperature     = 60.00 C
   **   ~~~   ** ...hot water temperature        = 58.94 C
   **   ~~~   ** ...Target water temperature should be less than or equal to the hot water temperature. Verify temperature setpoints and schedules.
   ** Warning ** CalcEquipmentFlowRates: "PATROOM2_FLR_4 SUB CAT" - Target water temperature is greater than the hot water temperature by (1.06 C)
   **   ~~~   **  Environment=RUNPERIOD 1, at Simulation time=01/01 00:00 - 00:10
   **   ~~~   ** ...target water temperature     = 60.00 C
   **   ~~~   ** ...hot water temperature        = 58.94 C
   **   ~~~   ** ...Target water temperature should be less than or equal to the hot water temperature. Verify temperature setpoints and schedules.
   ** Warning ** CalcEquipmentFlowRates: "PATROOM3_MULT10_FLR_4 SUB CAT" - Target water temperature is greater than the hot water temperature by (1.06 C)
   **   ~~~   **  Environment=RUNPERIOD 1, at Simulation time=01/01 00:00 - 00:10
   **   ~~~   ** ...target water temperature     = 60.00 C
   **   ~~~   ** ...hot water temperature        = 58.94 C
   **   ~~~   ** ...Target water temperature should be less than or equal to the hot water temperature. Verify temperature setpoints and schedules.
   ** Warning ** CalcEquipmentFlowRates: "PATROOM4_FLR_4 SUB CAT" - Target water temperature is greater than the hot water temperature by (1.06 C)
   **   ~~~   **  Environment=RUNPERIOD 1, at Simulation time=01/01 00:00 - 00:10
   **   ~~~   ** ...target water temperature     = 60.00 C
   **   ~~~   ** ...hot water temperature        = 58.94 C
   **   ~~~   ** ...Target water temperature should be less than or equal to the hot water temperature. Verify temperature setpoints and schedules.
   ** Warning ** CalcEquipmentFlowRates: "PATROOM5_MULT10_FLR_4 SUB CAT" - Target water temperature is greater than the hot water temperature by (1.06 C)
   **   ~~~   **  Environment=RUNPERIOD 1, at Simulation time=01/01 00:00 - 00:10
   **   ~~~   ** ...target water temperature     = 60.00 C
   **   ~~~   ** ...hot water temperature        = 58.94 C
   **   ~~~   ** ...Target water temperature should be less than or equal to the hot water temperature. Verify temperature setpoints and schedules.
   ** Warning ** CalcEquipmentFlowRates: "RADIOLOGY_FLR_4 SUB CAT" - Target water temperature is greater than the hot water temperature by (1.06 C)
   **   ~~~   **  Environment=RUNPERIOD 1, at Simulation time=01/01 00:00 - 00:10
   **   ~~~   ** ...target water temperature     = 60.00 C
   **   ~~~   ** ...hot water temperature        = 58.94 C
   **   ~~~   ** ...Target water temperature should be less than or equal to the hot water temperature. Verify temperature setpoints and schedules.
   ** Warning ** CalcEquipmentFlowRates: "PATROOM6_FLR_4 SUB CAT" - Target water temperature is greater than the hot water temperature by (1.06 C)
   **   ~~~   **  Environment=RUNPERIOD 1, at Simulation time=01/01 00:00 - 00:10
   **   ~~~   ** ...target water temperature     = 60.00 C
   **   ~~~   ** ...hot water temperature        = 58.94 C
   **   ~~~   ** ...Target water temperature should be less than or equal to the hot water temperature. Verify temperature setpoints and schedules.
   ** Warning ** CalcEquipmentFlowRates: "PATROOM7_MULT10_FLR_4 SUB CAT" - Target water temperature is greater than the hot water temperature by (1.06 C)
   **   ~~~   **  Environment=RUNPERIOD 1, at Simulation time=01/01 00:00 - 00:10
   **   ~~~   ** ...target water temperature     = 60.00 C
   **   ~~~   ** ...hot water temperature        = 58.94 C
   **   ~~~   ** ...Target water temperature should be less than or equal to the hot water temperature. Verify temperature setpoints and schedules.
   ** Warning ** CalcEquipmentFlowRates: "PATROOM8_FLR_4 SUB CAT" - Target water temperature is greater than the hot water temperature by (1.06 C)
   **   ~~~   **  Environment=RUNPERIOD 1, at Simulation time=01/01 00:00 - 00:10
   **   ~~~   ** ...target water temperature     = 60.00 C
   **   ~~~   ** ...hot water temperature        = 58.94 C
   **   ~~~   ** ...Target water temperature should be less than or equal to the hot water temperature. Verify temperature setpoints and schedules.
   ** Warning ** CalcEquipmentFlowRates: "KITCHEN_FLR_5 SUB CAT" - Target water temperature is greater than the hot water temperature by (1.06 C)
   **   ~~~   **  Environment=RUNPERIOD 1, at Simulation time=01/01 00:00 - 00:10
   **   ~~~   ** ...target water temperature     = 60.00 C
   **   ~~~   ** ...hot water temperature        = 58.94 C
   **   ~~~   ** ...Target water temperature should be less than or equal to the hot water temperature. Verify temperature setpoints and schedules.
   ** Warning ** In Output:Table:Monthly 'SpaceGainsMonthly' invalid Variable or Meter Name 'ZONE HOT WATER EQUIPMENT TOTAL HEATING ENERGY'
   ** Warning ** In Output:Table:Monthly 'SpaceGainsMonthly' invalid Variable or Meter Name 'ZONE STEAM EQUIPMENT TOTAL HEATING ENERGY'
   ** Warning ** In Output:Table:Monthly 'SpaceGainsMonthly' invalid Variable or Meter Name 'ZONE OTHER EQUIPMENT TOTAL HEATING ENERGY'
   ** Warning ** In Output:Table:Monthly 'PeakSpaceGainsMonthly' invalid Variable or Meter Name 'ZONE HOT WATER EQUIPMENT TOTAL HEATING ENERGY'
   ** Warning ** In Output:Table:Monthly 'PeakSpaceGainsMonthly' invalid Variable or Meter Name 'ZONE STEAM EQUIPMENT TOTAL HEATING ENERGY'
   ** Warning ** In Output:Table:Monthly 'PeakSpaceGainsMonthly' invalid Variable or Meter Name 'ZONE OTHER EQUIPMENT TOTAL HEATING ENERGY'
   ** Warning ** In Output:Table:Monthly 'SpaceGainComponentsAtCoolingPeakMonthly' invalid Variable or Meter Name 'ZONE HOT WATER EQUIPMENT TOTAL HEATING ENERGY'
   ** Warning ** In Output:Table:Monthly 'SpaceGainComponentsAtCoolingPeakMonthly' invalid Variable or Meter Name 'ZONE STEAM EQUIPMENT TOTAL HEATING ENERGY'
   ** Warning ** In Output:Table:Monthly 'SpaceGainComponentsAtCoolingPeakMonthly' invalid Variable or Meter Name 'ZONE OTHER EQUIPMENT TOTAL HEATING ENERGY'
   ** Warning ** In Output:Table:Monthly 'EnergyConsumptionElectricityGeneratedPropaneMonthly' invalid Variable or Meter Name 'PROPANE:FACILITY'
   ** Warning ** In Output:Table:Monthly 'EnergyConsumptionElectricityGeneratedPropaneMonthly' invalid Variable or Meter Name 'PROPANE:FACILITY'
   ** Warning ** In Output:Table:Monthly 'EnergyConsumptionDieselFuelOilMonthly' invalid Variable or Meter Name 'DIESEL:FACILITY'
   ** Warning ** In Output:Table:Monthly 'EnergyConsumptionDieselFuelOilMonthly' invalid Variable or Meter Name 'DIESEL:FACILITY'
   ** Warning ** In Output:Table:Monthly 'EnergyConsumptionDieselFuelOilMonthly' invalid Variable or Meter Name 'FUELOILNO1:FACILITY'
   ** Warning ** In Output:Table:Monthly 'EnergyConsumptionDieselFuelOilMonthly' invalid Variable or Meter Name 'FUELOILNO1:FACILITY'
   ** Warning ** In Output:Table:Monthly 'EnergyConsumptionDieselFuelOilMonthly' invalid Variable or Meter Name 'FUELOILNO2:FACILITY'
   ** Warning ** In Output:Table:Monthly 'EnergyConsumptionDieselFuelOilMonthly' invalid Variable or Meter Name 'FUELOILNO2:FACILITY'
   ** Warning ** In Output:Table:Monthly 'EnergyConsumptionDistrictHeatingCoolingMonthly' invalid Variable or Meter Name 'DISTRICTCOOLING:FACILITY'
   ** Warning ** In Output:Table:Monthly 'EnergyConsumptionDistrictHeatingCoolingMonthly' invalid Variable or Meter Name 'DISTRICTCOOLING:FACILITY'
   ** Warning ** In Output:Table:Monthly 'EnergyConsumptionDistrictHeatingCoolingMonthly' invalid Variable or Meter Name 'DISTRICTHEATING:FACILITY'
   ** Warning ** In Output:Table:Monthly 'EnergyConsumptionDistrictHeatingCoolingMonthly' invalid Variable or Meter Name 'DISTRICTHEATING:FACILITY'
   ** Warning ** In Output:Table:Monthly 'EnergyConsumptionCoalGasolineMonthly' invalid Variable or Meter Name 'COAL:FACILITY'
   ** Warning ** In Output:Table:Monthly 'EnergyConsumptionCoalGasolineMonthly' invalid Variable or Meter Name 'COAL:FACILITY'
   ** Warning ** In Output:Table:Monthly 'EnergyConsumptionCoalGasolineMonthly' invalid Variable or Meter Name 'GASOLINE:FACILITY'
   ** Warning ** In Output:Table:Monthly 'EnergyConsumptionCoalGasolineMonthly' invalid Variable or Meter Name 'GASOLINE:FACILITY'
   ** Warning ** In Output:Table:Monthly 'EnergyConsumptionOtherFuelsMonthly' invalid Variable or Meter Name 'OTHERFUEL1:FACILITY'
   ** Warning ** In Output:Table:Monthly 'EnergyConsumptionOtherFuelsMonthly' invalid Variable or Meter Name 'OTHERFUEL1:FACILITY'
   ** Warning ** In Output:Table:Monthly 'EnergyConsumptionOtherFuelsMonthly' invalid Variable or Meter Name 'OTHERFUEL2:FACILITY'
   ** Warning ** In Output:Table:Monthly 'EnergyConsumptionOtherFuelsMonthly' invalid Variable or Meter Name 'OTHERFUEL2:FACILITY'
   ** Warning ** In Output:Table:Monthly 'EndUseEnergyConsumptionNaturalGasMonthly' invalid Variable or Meter Name 'EXTERIOREQUIPMENT:NATURALGAS'
   ** Warning ** In Output:Table:Monthly 'EndUseEnergyConsumptionNaturalGasMonthly' invalid Variable or Meter Name 'COOLING:NATURALGAS'
   ** Warning ** In Output:Table:Monthly 'EndUseEnergyConsumptionNaturalGasMonthly' invalid Variable or Meter Name 'COGENERATION:NATURALGAS'
   ** Warning ** In Output:Table:Monthly 'EndUseEnergyConsumptionNaturalGasMonthly' invalid Variable or Meter Name 'HUMIDIFIER:NATURALGAS'
   ** Warning ** In Output:Table:Monthly 'EndUseEnergyConsumptionDieselMonthly' invalid Variable or Meter Name 'EXTERIOREQUIPMENT:DIESEL'
   ** Warning ** In Output:Table:Monthly 'EndUseEnergyConsumptionDieselMonthly' invalid Variable or Meter Name 'COOLING:DIESEL'
   ** Warning ** In Output:Table:Monthly 'EndUseEnergyConsumptionDieselMonthly' invalid Variable or Meter Name 'HEATING:DIESEL'
   ** Warning ** In Output:Table:Monthly 'EndUseEnergyConsumptionDieselMonthly' invalid Variable or Meter Name 'WATERSYSTEMS:DIESEL'
   ** Warning ** In Output:Table:Monthly 'EndUseEnergyConsumptionDieselMonthly' invalid Variable or Meter Name 'COGENERATION:DIESEL'
   ** Warning ** In Output:Table:Monthly 'EndUseEnergyConsumptionFuelOilMonthly' invalid Variable or Meter Name 'EXTERIOREQUIPMENT:FUELOILNO1'
   ** Warning ** In Output:Table:Monthly 'EndUseEnergyConsumptionFuelOilMonthly' invalid Variable or Meter Name 'COOLING:FUELOILNO1'
   ** Warning ** In Output:Table:Monthly 'EndUseEnergyConsumptionFuelOilMonthly' invalid Variable or Meter Name 'HEATING:FUELOILNO1'
   ** Warning ** In Output:Table:Monthly 'EndUseEnergyConsumptionFuelOilMonthly' invalid Variable or Meter Name 'WATERSYSTEMS:FUELOILNO1'
   ** Warning ** In Output:Table:Monthly 'EndUseEnergyConsumptionFuelOilMonthly' invalid Variable or Meter Name 'COGENERATION:FUELOILNO1'
   ** Warning ** In Output:Table:Monthly 'EndUseEnergyConsumptionFuelOilMonthly' invalid Variable or Meter Name 'EXTERIOREQUIPMENT:FUELOILNO2'
   ** Warning ** In Output:Table:Monthly 'EndUseEnergyConsumptionFuelOilMonthly' invalid Variable or Meter Name 'COOLING:FUELOILNO2'
   ** Warning ** In Output:Table:Monthly 'EndUseEnergyConsumptionFuelOilMonthly' invalid Variable or Meter Name 'HEATING:FUELOILNO2'
   ** Warning ** In Output:Table:Monthly 'EndUseEnergyConsumptionFuelOilMonthly' invalid Variable or Meter Name 'WATERSYSTEMS:FUELOILNO2'
   ** Warning ** In Output:Table:Monthly 'EndUseEnergyConsumptionFuelOilMonthly' invalid Variable or Meter Name 'COGENERATION:FUELOILNO2'
   ** Warning ** In Output:Table:Monthly 'EndUseEnergyConsumptionCoalMonthly' invalid Variable or Meter Name 'EXTERIOREQUIPMENT:COAL'
   ** Warning ** In Output:Table:Monthly 'EndUseEnergyConsumptionCoalMonthly' invalid Variable or Meter Name 'HEATING:COAL'
   ** Warning ** In Output:Table:Monthly 'EndUseEnergyConsumptionCoalMonthly' invalid Variable or Meter Name 'WATERSYSTEMS:COAL'
   ** Warning ** In Output:Table:Monthly 'EndUseEnergyConsumptionPropaneMonthly' invalid Variable or Meter Name 'EXTERIOREQUIPMENT:PROPANE'
   ** Warning ** In Output:Table:Monthly 'EndUseEnergyConsumptionPropaneMonthly' invalid Variable or Meter Name 'COOLING:PROPANE'
   ** Warning ** In Output:Table:Monthly 'EndUseEnergyConsumptionPropaneMonthly' invalid Variable or Meter Name 'HEATING:PROPANE'
   ** Warning ** In Output:Table:Monthly 'EndUseEnergyConsumptionPropaneMonthly' invalid Variable or Meter Name 'WATERSYSTEMS:PROPANE'
   ** Warning ** In Output:Table:Monthly 'EndUseEnergyConsumptionPropaneMonthly' invalid Variable or Meter Name 'COGENERATION:PROPANE'
   ** Warning ** In Output:Table:Monthly 'EndUseEnergyConsumptionPropaneMonthly' invalid Variable or Meter Name 'HUMIDIFIER:PROPANE'
   ** Warning ** In Output:Table:Monthly 'EndUseEnergyConsumptionGasolineMonthly' invalid Variable or Meter Name 'EXTERIOREQUIPMENT:GASOLINE'
   ** Warning ** In Output:Table:Monthly 'EndUseEnergyConsumptionGasolineMonthly' invalid Variable or Meter Name 'COOLING:GASOLINE'
   ** Warning ** In Output:Table:Monthly 'EndUseEnergyConsumptionGasolineMonthly' invalid Variable or Meter Name 'HEATING:GASOLINE'
   ** Warning ** In Output:Table:Monthly 'EndUseEnergyConsumptionGasolineMonthly' invalid Variable or Meter Name 'WATERSYSTEMS:GASOLINE'
   ** Warning ** In Output:Table:Monthly 'EndUseEnergyConsumptionGasolineMonthly' invalid Variable or Meter Name 'COGENERATION:GASOLINE'
   ** Warning ** In Output:Table:Monthly 'EndUseEnergyConsumptionOtherFuelsMonthly' invalid Variable or Meter Name 'EXTERIOREQUIPMENT:OTHERFUEL1'
   ** Warning ** In Output:Table:Monthly 'EndUseEnergyConsumptionOtherFuelsMonthly' invalid Variable or Meter Name 'COOLING:OTHERFUEL1'
   ** Warning ** In Output:Table:Monthly 'EndUseEnergyConsumptionOtherFuelsMonthly' invalid Variable or Meter Name 'HEATING:OTHERFUEL1'
   ** Warning ** In Output:Table:Monthly 'EndUseEnergyConsumptionOtherFuelsMonthly' invalid Variable or Meter Name 'WATERSYSTEMS:OTHERFUEL1'
   ** Warning ** In Output:Table:Monthly 'EndUseEnergyConsumptionOtherFuelsMonthly' invalid Variable or Meter Name 'COGENERATION:OTHERFUEL1'
   ** Warning ** In Output:Table:Monthly 'EndUseEnergyConsumptionOtherFuelsMonthly' invalid Variable or Meter Name 'EXTERIOREQUIPMENT:OTHERFUEL2'
   ** Warning ** In Output:Table:Monthly 'EndUseEnergyConsumptionOtherFuelsMonthly' invalid Variable or Meter Name 'COOLING:OTHERFUEL2'
   ** Warning ** In Output:Table:Monthly 'EndUseEnergyConsumptionOtherFuelsMonthly' invalid Variable or Meter Name 'HEATING:OTHERFUEL2'
   ** Warning ** In Output:Table:Monthly 'EndUseEnergyConsumptionOtherFuelsMonthly' invalid Variable or Meter Name 'WATERSYSTEMS:OTHERFUEL2'
   ** Warning ** In Output:Table:Monthly 'EndUseEnergyConsumptionOtherFuelsMonthly' invalid Variable or Meter Name 'COGENERATION:OTHERFUEL2'
   ** Warning ** In Output:Table:Monthly 'PeakEnergyEndUseNaturalGasMonthly' invalid Variable or Meter Name 'EXTERIOREQUIPMENT:NATURALGAS'
   ** Warning ** In Output:Table:Monthly 'PeakEnergyEndUseNaturalGasMonthly' invalid Variable or Meter Name 'COOLING:NATURALGAS'
   ** Warning ** In Output:Table:Monthly 'PeakEnergyEndUseNaturalGasMonthly' invalid Variable or Meter Name 'COGENERATION:NATURALGAS'
   ** Warning ** In Output:Table:Monthly 'PeakEnergyEndUseDieselMonthly' invalid Variable or Meter Name 'EXTERIOREQUIPMENT:DIESEL'
   ** Warning ** In Output:Table:Monthly 'PeakEnergyEndUseDieselMonthly' invalid Variable or Meter Name 'COOLING:DIESEL'
   ** Warning ** In Output:Table:Monthly 'PeakEnergyEndUseDieselMonthly' invalid Variable or Meter Name 'HEATING:DIESEL'
   ** Warning ** In Output:Table:Monthly 'PeakEnergyEndUseDieselMonthly' invalid Variable or Meter Name 'WATERSYSTEMS:DIESEL'
   ** Warning ** In Output:Table:Monthly 'PeakEnergyEndUseDieselMonthly' invalid Variable or Meter Name 'COGENERATION:DIESEL'
   ** Warning ** In Output:Table:Monthly 'PeakEnergyEndUseFuelOilMonthly' invalid Variable or Meter Name 'EXTERIOREQUIPMENT:FUELOILNO1'
   ** Warning ** In Output:Table:Monthly 'PeakEnergyEndUseFuelOilMonthly' invalid Variable or Meter Name 'COOLING:FUELOILNO1'
   ** Warning ** In Output:Table:Monthly 'PeakEnergyEndUseFuelOilMonthly' invalid Variable or Meter Name 'HEATING:FUELOILNO1'
   ** Warning ** In Output:Table:Monthly 'PeakEnergyEndUseFuelOilMonthly' invalid Variable or Meter Name 'WATERSYSTEMS:FUELOILNO1'
   ** Warning ** In Output:Table:Monthly 'PeakEnergyEndUseFuelOilMonthly' invalid Variable or Meter Name 'COGENERATION:FUELOILNO1'
   ** Warning ** In Output:Table:Monthly 'PeakEnergyEndUseFuelOilMonthly' invalid Variable or Meter Name 'EXTERIOREQUIPMENT:FUELOILNO2'
   ** Warning ** In Output:Table:Monthly 'PeakEnergyEndUseFuelOilMonthly' invalid Variable or Meter Name 'COOLING:FUELOILNO2'
   ** Warning ** In Output:Table:Monthly 'PeakEnergyEndUseFuelOilMonthly' invalid Variable or Meter Name 'HEATING:FUELOILNO2'
   ** Warning ** In Output:Table:Monthly 'PeakEnergyEndUseFuelOilMonthly' invalid Variable or Meter Name 'WATERSYSTEMS:FUELOILNO2'
   ** Warning ** In Output:Table:Monthly 'PeakEnergyEndUseFuelOilMonthly' invalid Variable or Meter Name 'COGENERATION:FUELOILNO2'
   ** Warning ** In Output:Table:Monthly 'PeakEnergyEndUseCoalMonthly' invalid Variable or Meter Name 'EXTERIOREQUIPMENT:COAL'
   ** Warning ** In Output:Table:Monthly 'PeakEnergyEndUseCoalMonthly' invalid Variable or Meter Name 'HEATING:COAL'
   ** Warning ** In Output:Table:Monthly 'PeakEnergyEndUseCoalMonthly' invalid Variable or Meter Name 'WATERSYSTEMS:COAL'
   ** Warning ** In Output:Table:Monthly 'PeakEnergyEndUsePropaneMonthly' invalid Variable or Meter Name 'EXTERIOREQUIPMENT:PROPANE'
   ** Warning ** In Output:Table:Monthly 'PeakEnergyEndUsePropaneMonthly' invalid Variable or Meter Name 'COOLING:PROPANE'
   ** Warning ** In Output:Table:Monthly 'PeakEnergyEndUsePropaneMonthly' invalid Variable or Meter Name 'HEATING:PROPANE'
   ** Warning ** In Output:Table:Monthly 'PeakEnergyEndUsePropaneMonthly' invalid Variable or Meter Name 'WATERSYSTEMS:PROPANE'
   ** Warning ** In Output:Table:Monthly 'PeakEnergyEndUsePropaneMonthly' invalid Variable or Meter Name 'COGENERATION:PROPANE'
   ** Warning ** In Output:Table:Monthly 'PeakEnergyEndUseGasolineMonthly' invalid Variable or Meter Name 'EXTERIOREQUIPMENT:GASOLINE'
   ** Warning ** In Output:Table:Monthly 'PeakEnergyEndUseGasolineMonthly' invalid Variable or Meter Name 'COOLING:GASOLINE'
   ** Warning ** In Output:Table:Monthly 'PeakEnergyEndUseGasolineMonthly' invalid Variable or Meter Name 'HEATING:GASOLINE'
   ** Warning ** In Output:Table:Monthly 'PeakEnergyEndUseGasolineMonthly' invalid Variable or Meter Name 'WATERSYSTEMS:GASOLINE'
   ** Warning ** In Output:Table:Monthly 'PeakEnergyEndUseGasolineMonthly' invalid Variable or Meter Name 'COGENERATION:GASOLINE'
   ** Warning ** In Output:Table:Monthly 'PeakEnergyEndUseOtherFuelsMonthly' invalid Variable or Meter Name 'EXTERIOREQUIPMENT:OTHERFUEL1'
   ** Warning ** In Output:Table:Monthly 'PeakEnergyEndUseOtherFuelsMonthly' invalid Variable or Meter Name 'COOLING:OTHERFUEL1'
   ** Warning ** In Output:Table:Monthly 'PeakEnergyEndUseOtherFuelsMonthly' invalid Variable or Meter Name 'HEATING:OTHERFUEL1'
   ** Warning ** In Output:Table:Monthly 'PeakEnergyEndUseOtherFuelsMonthly' invalid Variable or Meter Name 'WATERSYSTEMS:OTHERFUEL1'
   ** Warning ** In Output:Table:Monthly 'PeakEnergyEndUseOtherFuelsMonthly' invalid Variable or Meter Name 'COGENERATION:OTHERFUEL1'
   ** Warning ** In Output:Table:Monthly 'PeakEnergyEndUseOtherFuelsMonthly' invalid Variable or Meter Name 'EXTERIOREQUIPMENT:OTHERFUEL2'
   ** Warning ** In Output:Table:Monthly 'PeakEnergyEndUseOtherFuelsMonthly' invalid Variable or Meter Name 'COOLING:OTHERFUEL2'
   ** Warning ** In Output:Table:Monthly 'PeakEnergyEndUseOtherFuelsMonthly' invalid Variable or Meter Name 'HEATING:OTHERFUEL2'
   ** Warning ** In Output:Table:Monthly 'PeakEnergyEndUseOtherFuelsMonthly' invalid Variable or Meter Name 'WATERSYSTEMS:OTHERFUEL2'
   ** Warning ** In Output:Table:Monthly 'PeakEnergyEndUseOtherFuelsMonthly' invalid Variable or Meter Name 'COGENERATION:OTHERFUEL2'
   ** Warning ** In Output:Table:Monthly 'UnglazedTranspiredSolarCollectorSummaryMonthly' invalid Variable or Meter Name 'SOLAR COLLECTOR SYSTEM EFFICIENCY'
   ** Warning ** In Output:Table:Monthly 'UnglazedTranspiredSolarCollectorSummaryMonthly' invalid Variable or Meter Name 'SOLAR COLLECTOR SYSTEM EFFICIENCY'
   ** Warning ** In Output:Table:Monthly 'UnglazedTranspiredSolarCollectorSummaryMonthly' invalid Variable or Meter Name 'SOLAR COLLECTOR OUTSIDE FACE SUCTION VELOCITY'
   ** Warning ** In Output:Table:Monthly 'UnglazedTranspiredSolarCollectorSummaryMonthly' invalid Variable or Meter Name 'SOLAR COLLECTOR SENSIBLE HEATING RATE'
   ** Warning ** In Output:Table:Monthly 'BoilerReportMonthly' invalid Variable or Meter Name 'BOILER GAS CONSUMPTION'
   ** Warning ** In Output:Table:Monthly 'BoilerReportMonthly' invalid Variable or Meter Name 'BOILER GAS CONSUMPTION RATE'
   ** Warning ** In Output:Table:Monthly 'DXReportMonthly' invalid Variable or Meter Name 'COOLING COIL ELECTRICITY ENERGY'
   ** Warning ** In Output:Table:Monthly 'DXReportMonthly' invalid Variable or Meter Name 'COOLING COIL LATENT COOLING ENERGY'
   ** Warning ** In Output:Table:Monthly 'DXReportMonthly' invalid Variable or Meter Name 'COOLING COIL CRANKCASE HEATER ELECTRICITY ENERGY'
   ** Warning ** In Output:Table:Monthly 'DXReportMonthly' invalid Variable or Meter Name 'COOLING COIL RUNTIME FRACTION'
   ** Warning ** In Output:Table:Monthly 'DXReportMonthly' invalid Variable or Meter Name 'COOLING COIL RUNTIME FRACTION'
   ** Warning ** In Output:Table:Monthly 'DXReportMonthly' invalid Variable or Meter Name 'COOLING COIL LATENT COOLING RATE'
   ** Warning ** In Output:Table:Monthly 'DXReportMonthly' invalid Variable or Meter Name 'COOLING COIL ELECTRICITY RATE'
   ** Warning ** In Output:Table:Monthly 'DXReportMonthly' invalid Variable or Meter Name 'COOLING COIL CRANKCASE HEATER ELECTRICITY RATE'
   ** Warning ** In Output:Table:Monthly 'WindowACReportMonthly' invalid Variable or Meter Name 'ZONE WINDOW AIR CONDITIONER TOTAL COOLING ENERGY'
   ** Warning ** In Output:Table:Monthly 'WindowACReportMonthly' invalid Variable or Meter Name 'ZONE WINDOW AIR CONDITIONER ELECTRICITY ENERGY'
   ** Warning ** In Output:Table:Monthly 'WindowACReportMonthly' invalid Variable or Meter Name 'ZONE WINDOW AIR CONDITIONER TOTAL COOLING ENERGY'
   ** Warning ** In Output:Table:Monthly 'WindowACReportMonthly' invalid Variable or Meter Name 'ZONE WINDOW AIR CONDITIONER SENSIBLE COOLING ENERGY'
   ** Warning ** In Output:Table:Monthly 'WindowACReportMonthly' invalid Variable or Meter Name 'ZONE WINDOW AIR CONDITIONER LATENT COOLING ENERGY'
   ** Warning ** In Output:Table:Monthly 'WindowACReportMonthly' invalid Variable or Meter Name 'ZONE WINDOW AIR CONDITIONER TOTAL COOLING RATE'
   ** Warning ** In Output:Table:Monthly 'WindowACReportMonthly' invalid Variable or Meter Name 'ZONE WINDOW AIR CONDITIONER SENSIBLE COOLING RATE'
   ** Warning ** In Output:Table:Monthly 'WindowACReportMonthly' invalid Variable or Meter Name 'ZONE WINDOW AIR CONDITIONER LATENT COOLING RATE'
   ** Warning ** In Output:Table:Monthly 'WindowACReportMonthly' invalid Variable or Meter Name 'ZONE WINDOW AIR CONDITIONER ELECTRICITY RATE'
   ** Warning ** In Output:Table:Monthly 'WaterHeaterReportMonthly' invalid Variable or Meter Name 'WATER HEATER BURNER HEATING ENERGY'
   ** Warning ** In Output:Table:Monthly 'WaterHeaterReportMonthly' invalid Variable or Meter Name 'WATER HEATER GAS CONSUMPTION'
   ** Warning ** In Output:Table:Monthly 'WaterHeaterReportMonthly' invalid Variable or Meter Name 'WATER HEATER LOSS DEMAND ENERGY'
   ** Warning ** In Output:Table:Monthly 'WaterHeaterReportMonthly' invalid Variable or Meter Name 'WATER HEATER HEAT RECOVERY SUPPLY ENERGY'
   ** Warning ** In Output:Table:Monthly 'WaterHeaterReportMonthly' invalid Variable or Meter Name 'WATER HEATER SOURCE ENERGY'
   ** Warning ** In Output:Table:Monthly 'GeneratorReportMonthly' invalid Variable or Meter Name 'GENERATOR PRODUCED AC ELECTRICITY ENERGY'
   ** Warning ** In Output:Table:Monthly 'GeneratorReportMonthly' invalid Variable or Meter Name 'GENERATOR DIESEL CONSUMPTION'
   ** Warning ** In Output:Table:Monthly 'GeneratorReportMonthly' invalid Variable or Meter Name 'GENERATOR GAS CONSUMPTION'
   ** Warning ** In Output:Table:Monthly 'GeneratorReportMonthly' invalid Variable or Meter Name 'GENERATOR PRODUCED AC ELECTRICITY ENERGY'
   ** Warning ** In Output:Table:Monthly 'GeneratorReportMonthly' invalid Variable or Meter Name 'GENERATOR TOTAL HEAT RECOVERY'
   ** Warning ** In Output:Table:Monthly 'GeneratorReportMonthly' invalid Variable or Meter Name 'GENERATOR JACKET HEAT RECOVERY ENERGY'
   ** Warning ** In Output:Table:Monthly 'GeneratorReportMonthly' invalid Variable or Meter Name 'GENERATOR LUBE HEAT RECOVERY'
   ** Warning ** In Output:Table:Monthly 'GeneratorReportMonthly' invalid Variable or Meter Name 'GENERATOR EXHAUST HEAT RECOVERY ENERGY'
   ** Warning ** In Output:Table:Monthly 'GeneratorReportMonthly' invalid Variable or Meter Name 'GENERATOR EXHAUST AIR TEMPERATURE'
   ** Warning ** In Output:Table:Monthly 'AirLoopSystemEnergyAndWaterUseMonthly' invalid Variable or Meter Name 'AIR SYSTEM NATURAL GAS ENERGY'
   ** Warning ** In Output:Table:Monthly 'AirLoopSystemComponentEnergyUseMonthly' invalid Variable or Meter Name 'AIR SYSTEM HEATING COIL NATURAL GAS ENERGY'
   ** Warning ** In Output:Table:Monthly 'AirLoopSystemComponentEnergyUseMonthly' invalid Variable or Meter Name 'AIR SYSTEM HUMIDIFIER NATURAL GAS ENERGY'
   ** Warning ** Processing Monthly Tabular Reports: ZoneElectricSummaryMonthly
   **   ~~~   ** ..Variable name=ZONE ELECTRIC EQUIPMENT ELECTRICITY ENERGY not valid for this simulation.
   **   ~~~   ** ..i.e., Variable name=CORRIDOR_FLR_1:ZONE ELECTRIC EQUIPMENT ELECTRICITY ENERGY not valid for this simulation.
   **   ~~~   ** ..Variables not valid for this simulation will have "[Invalid/Undefined]" in the Units Column of the Table Report.
   ** Warning ** Processing Monthly Tabular Reports: ZoneElectricSummaryMonthly
   **   ~~~   ** ..Variable name=ZONE ELECTRIC EQUIPMENT ELECTRICITY ENERGY not valid for this simulation.
   **   ~~~   ** ..i.e., Variable name=CORRIDOR_FLR_1:ZONE ELECTRIC EQUIPMENT ELECTRICITY ENERGY not valid for this simulation.
   ** Warning ** Processing Monthly Tabular Reports: ZoneElectricSummaryMonthly
   **   ~~~   ** ..Variable name=ZONE ELECTRIC EQUIPMENT ELECTRICITY ENERGY not valid for this simulation.
   **   ~~~   ** ..i.e., Variable name=CORRIDOR_FLR_2:ZONE ELECTRIC EQUIPMENT ELECTRICITY ENERGY not valid for this simulation.
   ** Warning ** Processing Monthly Tabular Reports: ZoneElectricSummaryMonthly
   **   ~~~   ** ..Variable name=ZONE ELECTRIC EQUIPMENT ELECTRICITY ENERGY not valid for this simulation.
   **   ~~~   ** ..i.e., Variable name=CORRIDOR_FLR_2:ZONE ELECTRIC EQUIPMENT ELECTRICITY ENERGY not valid for this simulation.
   ** Warning ** Processing Monthly Tabular Reports: ZoneElectricSummaryMonthly
   **   ~~~   ** ..Variable name=ZONE ELECTRIC EQUIPMENT ELECTRICITY ENERGY not valid for this simulation.
   **   ~~~   ** ..i.e., Variable name=CORRIDOR_SE_FLR_3:ZONE ELECTRIC EQUIPMENT ELECTRICITY ENERGY not valid for this simulation.
   ** Warning ** Processing Monthly Tabular Reports: ZoneElectricSummaryMonthly
   **   ~~~   ** ..Variable name=ZONE ELECTRIC EQUIPMENT ELECTRICITY ENERGY not valid for this simulation.
   **   ~~~   ** ..i.e., Variable name=CORRIDOR_SE_FLR_3:ZONE ELECTRIC EQUIPMENT ELECTRICITY ENERGY not valid for this simulation.
   ** Warning ** Processing Monthly Tabular Reports: ZoneElectricSummaryMonthly
   **   ~~~   ** ..Variable name=ZONE ELECTRIC EQUIPMENT ELECTRICITY ENERGY not valid for this simulation.
   **   ~~~   ** ..i.e., Variable name=CORRIDOR_NW_FLR_3:ZONE ELECTRIC EQUIPMENT ELECTRICITY ENERGY not valid for this simulation.
   ** Warning ** Processing Monthly Tabular Reports: ZoneElectricSummaryMonthly
   **   ~~~   ** ..Variable name=ZONE ELECTRIC EQUIPMENT ELECTRICITY ENERGY not valid for this simulation.
   **   ~~~   ** ..i.e., Variable name=CORRIDOR_NW_FLR_3:ZONE ELECTRIC EQUIPMENT ELECTRICITY ENERGY not valid for this simulation.
   ** Warning ** Processing Monthly Tabular Reports: ZoneElectricSummaryMonthly
   **   ~~~   ** ..Variable name=ZONE ELECTRIC EQUIPMENT ELECTRICITY ENERGY not valid for this simulation.
   **   ~~~   ** ..i.e., Variable name=CORRIDOR_SE_FLR_4:ZONE ELECTRIC EQUIPMENT ELECTRICITY ENERGY not valid for this simulation.
   ** Warning ** Processing Monthly Tabular Reports: ZoneElectricSummaryMonthly
   **   ~~~   ** ..Variable name=ZONE ELECTRIC EQUIPMENT ELECTRICITY ENERGY not valid for this simulation.
   **   ~~~   ** ..i.e., Variable name=CORRIDOR_SE_FLR_4:ZONE ELECTRIC EQUIPMENT ELECTRICITY ENERGY not valid for this simulation.
   ** Warning ** Processing Monthly Tabular Reports: ZoneElectricSummaryMonthly
   **   ~~~   ** ..Variable name=ZONE ELECTRIC EQUIPMENT ELECTRICITY ENERGY not valid for this simulation.
   **   ~~~   ** ..i.e., Variable name=CORRIDOR_NW_FLR_4:ZONE ELECTRIC EQUIPMENT ELECTRICITY ENERGY not valid for this simulation.
   ** Warning ** Processing Monthly Tabular Reports: ZoneElectricSummaryMonthly
   **   ~~~   ** ..Variable name=ZONE ELECTRIC EQUIPMENT ELECTRICITY ENERGY not valid for this simulation.
   **   ~~~   ** ..i.e., Variable name=CORRIDOR_NW_FLR_4:ZONE ELECTRIC EQUIPMENT ELECTRICITY ENERGY not valid for this simulation.
   ** Warning ** Processing Monthly Tabular Reports: ZoneElectricSummaryMonthly
   **   ~~~   ** ..Variable name=ZONE ELECTRIC EQUIPMENT ELECTRICITY ENERGY not valid for this simulation.
   **   ~~~   ** ..i.e., Variable name=CORRIDOR_FLR_5:ZONE ELECTRIC EQUIPMENT ELECTRICITY ENERGY not valid for this simulation.
   ** Warning ** Processing Monthly Tabular Reports: ZoneElectricSummaryMonthly
   **   ~~~   ** ..Variable name=ZONE ELECTRIC EQUIPMENT ELECTRICITY ENERGY not valid for this simulation.
   **   ~~~   ** ..i.e., Variable name=CORRIDOR_FLR_5:ZONE ELECTRIC EQUIPMENT ELECTRICITY ENERGY not valid for this simulation.
   ** Warning ** Processing Monthly Tabular Reports: SpaceGainsMonthly
   **   ~~~   ** ..Variable name=ZONE HOT WATER EQUIPMENT TOTAL HEATING ENERGY not valid for this simulation.
   ** Warning ** Processing Monthly Tabular Reports: SpaceGainsMonthly
   **   ~~~   ** ..Variable name=ZONE STEAM EQUIPMENT TOTAL HEATING ENERGY not valid for this simulation.
   ** Warning ** Processing Monthly Tabular Reports: SpaceGainsMonthly
   **   ~~~   ** ..Variable name=ZONE OTHER EQUIPMENT TOTAL HEATING ENERGY not valid for this simulation.
   ** Warning ** Processing Monthly Tabular Reports: SpaceGainsMonthly
   **   ~~~   ** ..Variable name=ZONE GAS EQUIPMENT TOTAL HEATING ENERGY not valid for this simulation.
   **   ~~~   ** ..i.e., Variable name=BASEMENT:ZONE GAS EQUIPMENT TOTAL HEATING ENERGY not valid for this simulation.
   ** Warning ** Processing Monthly Tabular Reports: SpaceGainsMonthly
   **   ~~~   ** ..Variable name=ZONE HOT WATER EQUIPMENT TOTAL HEATING ENERGY not valid for this simulation.
   **   ~~~   ** ..i.e., Variable name=BASEMENT:ZONE HOT WATER EQUIPMENT TOTAL HEATING ENERGY not valid for this simulation.
   ** Warning ** Processing Monthly Tabular Reports: SpaceGainsMonthly
   **   ~~~   ** ..Variable name=ZONE STEAM EQUIPMENT TOTAL HEATING ENERGY not valid for this simulation.
   **   ~~~   ** ..i.e., Variable name=BASEMENT:ZONE STEAM EQUIPMENT TOTAL HEATING ENERGY not valid for this simulation.
   ** Warning ** Processing Monthly Tabular Reports: SpaceGainsMonthly
   **   ~~~   ** ..Variable name=ZONE OTHER EQUIPMENT TOTAL HEATING ENERGY not valid for this simulation.
   **   ~~~   ** ..i.e., Variable name=BASEMENT:ZONE OTHER EQUIPMENT TOTAL HEATING ENERGY not valid for this simulation.
   ** Warning ** Processing Monthly Tabular Reports: SpaceGainsMonthly
   **   ~~~   ** ..Variable name=ZONE GAS EQUIPMENT TOTAL HEATING ENERGY not valid for this simulation.
   **   ~~~   ** ..i.e., Variable name=ER_EXAM1_MULT4_FLR_1:ZONE GAS EQUIPMENT TOTAL HEATING ENERGY not valid for this simulation.
   ** Warning ** Processing Monthly Tabular Reports: SpaceGainsMonthly
   **   ~~~   ** ..Variable name=ZONE HOT WATER EQUIPMENT TOTAL HEATING ENERGY not valid for this simulation.
   **   ~~~   ** ..i.e., Variable name=ER_EXAM1_MULT4_FLR_1:ZONE HOT WATER EQUIPMENT TOTAL HEATING ENERGY not valid for this simulation.
   ** Warning ** Processing Monthly Tabular Reports: SpaceGainsMonthly
   **   ~~~   ** ..Variable name=ZONE STEAM EQUIPMENT TOTAL HEATING ENERGY not valid for this simulation.
   **   ~~~   ** ..i.e., Variable name=ER_EXAM1_MULT4_FLR_1:ZONE STEAM EQUIPMENT TOTAL HEATING ENERGY not valid for this simulation.
   ** Warning ** Processing Monthly Tabular Reports: SpaceGainsMonthly
   **   ~~~   ** ..Variable name=ZONE OTHER EQUIPMENT TOTAL HEATING ENERGY not valid for this simulation.
   **   ~~~   ** ..i.e., Variable name=ER_EXAM1_MULT4_FLR_1:ZONE OTHER EQUIPMENT TOTAL HEATING ENERGY not valid for this simulation.
   ** Warning ** Processing Monthly Tabular Reports: SpaceGainsMonthly
   **   ~~~   ** ..Variable name=ZONE GAS EQUIPMENT TOTAL HEATING ENERGY not valid for this simulation.
   **   ~~~   ** ..i.e., Variable name=ER_TRAUMA1_FLR_1:ZONE GAS EQUIPMENT TOTAL HEATING ENERGY not valid for this simulation.
   ** Warning ** Processing Monthly Tabular Reports: SpaceGainsMonthly
   **   ~~~   ** ..Variable name=ZONE HOT WATER EQUIPMENT TOTAL HEATING ENERGY not valid for this simulation.
   **   ~~~   ** ..i.e., Variable name=ER_TRAUMA1_FLR_1:ZONE HOT WATER EQUIPMENT TOTAL HEATING ENERGY not valid for this simulation.
   ** Warning ** Processing Monthly Tabular Reports: SpaceGainsMonthly
   **   ~~~   ** ..Variable name=ZONE STEAM EQUIPMENT TOTAL HEATING ENERGY not valid for this simulation.
   **   ~~~   ** ..i.e., Variable name=ER_TRAUMA1_FLR_1:ZONE STEAM EQUIPMENT TOTAL HEATING ENERGY not valid for this simulation.
   ** Warning ** Processing Monthly Tabular Reports: SpaceGainsMonthly
   **   ~~~   ** ..Variable name=ZONE OTHER EQUIPMENT TOTAL HEATING ENERGY not valid for this simulation.
   **   ~~~   ** ..i.e., Variable name=ER_TRAUMA1_FLR_1:ZONE OTHER EQUIPMENT TOTAL HEATING ENERGY not valid for this simulation.
   ** Warning ** Processing Monthly Tabular Reports: SpaceGainsMonthly
   **   ~~~   ** ..Variable name=ZONE GAS EQUIPMENT TOTAL HEATING ENERGY not valid for this simulation.
   **   ~~~   ** ..i.e., Variable name=ER_EXAM3_MULT4_FLR_1:ZONE GAS EQUIPMENT TOTAL HEATING ENERGY not valid for this simulation.
   ** Warning ** Processing Monthly Tabular Reports: SpaceGainsMonthly
   **   ~~~   ** ..Variable name=ZONE HOT WATER EQUIPMENT TOTAL HEATING ENERGY not valid for this simulation.
   **   ~~~   ** ..i.e., Variable name=ER_EXAM3_MULT4_FLR_1:ZONE HOT WATER EQUIPMENT TOTAL HEATING ENERGY not valid for this simulation.
   ** Warning ** Processing Monthly Tabular Reports: SpaceGainsMonthly
   **   ~~~   ** ..Variable name=ZONE STEAM EQUIPMENT TOTAL HEATING ENERGY not valid for this simulation.
   **   ~~~   ** ..i.e., Variable name=ER_EXAM3_MULT4_FLR_1:ZONE STEAM EQUIPMENT TOTAL HEATING ENERGY not valid for this simulation.
   ** Warning ** Processing Monthly Tabular Reports: SpaceGainsMonthly
   **   ~~~   ** ..Variable name=ZONE OTHER EQUIPMENT TOTAL HEATING ENERGY not valid for this simulation.
   **   ~~~   ** ..i.e., Variable name=ER_EXAM3_MULT4_FLR_1:ZONE OTHER EQUIPMENT TOTAL HEATING ENERGY not valid for this simulation.
   ** Warning ** Processing Monthly Tabular Reports: SpaceGainsMonthly
   **   ~~~   ** ..Variable name=ZONE GAS EQUIPMENT TOTAL HEATING ENERGY not valid for this simulation.
   **   ~~~   ** ..i.e., Variable name=ER_TRAUMA2_FLR_1:ZONE GAS EQUIPMENT TOTAL HEATING ENERGY not valid for this simulation.
   ** Warning ** Processing Monthly Tabular Reports: SpaceGainsMonthly
   **   ~~~   ** ..Variable name=ZONE HOT WATER EQUIPMENT TOTAL HEATING ENERGY not valid for this simulation.
   **   ~~~   ** ..i.e., Variable name=ER_TRAUMA2_FLR_1:ZONE HOT WATER EQUIPMENT TOTAL HEATING ENERGY not valid for this simulation.
   ** Warning ** Processing Monthly Tabular Reports: SpaceGainsMonthly
   **   ~~~   ** ..Variable name=ZONE STEAM EQUIPMENT TOTAL HEATING ENERGY not valid for this simulation.
   **   ~~~   ** ..i.e., Variable name=ER_TRAUMA2_FLR_1:ZONE STEAM EQUIPMENT TOTAL HEATING ENERGY not valid for this simulation.
   ** Warning ** Processing Monthly Tabular Reports: SpaceGainsMonthly
   **   ~~~   ** ..Variable name=ZONE OTHER EQUIPMENT TOTAL HEATING ENERGY not valid for this simulation.
   **   ~~~   ** ..i.e., Variable name=ER_TRAUMA2_FLR_1:ZONE OTHER EQUIPMENT TOTAL HEATING ENERGY not valid for this simulation.
   ** Warning ** Processing Monthly Tabular Reports: SpaceGainsMonthly
   **   ~~~   ** ..Variable name=ZONE GAS EQUIPMENT TOTAL HEATING ENERGY not valid for this simulation.
   **   ~~~   ** ..i.e., Variable name=ER_TRIAGE_MULT4_FLR_1:ZONE GAS EQUIPMENT TOTAL HEATING ENERGY not valid for this simulation.
   ** Warning ** Processing Monthly Tabular Reports: SpaceGainsMonthly
   **   ~~~   ** ..Variable name=ZONE HOT WATER EQUIPMENT TOTAL HEATING ENERGY not valid for this simulation.
   **   ~~~   ** ..i.e., Variable name=ER_TRIAGE_MULT4_FLR_1:ZONE HOT WATER EQUIPMENT TOTAL HEATING ENERGY not valid for this simulation.
   ** Warning ** Processing Monthly Tabular Reports: SpaceGainsMonthly
   **   ~~~   ** ..Variable name=ZONE STEAM EQUIPMENT TOTAL HEATING ENERGY not valid for this simulation.
   **   ~~~   ** ..i.e., Variable name=ER_TRIAGE_MULT4_FLR_1:ZONE STEAM EQUIPMENT TOTAL HEATING ENERGY not valid for this simulation.
   ** Warning ** Processing Monthly Tabular Reports: SpaceGainsMonthly
   **   ~~~   ** ..Variable name=ZONE OTHER EQUIPMENT TOTAL HEATING ENERGY not valid for this simulation.
   **   ~~~   ** ..i.e., Variable name=ER_TRIAGE_MULT4_FLR_1:ZONE OTHER EQUIPMENT TOTAL HEATING ENERGY not valid for this simulation.
   ** Warning ** Processing Monthly Tabular Reports: SpaceGainsMonthly
   **   ~~~   ** ..Variable name=ZONE GAS EQUIPMENT TOTAL HEATING ENERGY not valid for this simulation.
   **   ~~~   ** ..i.e., Variable name=OFFICE1_MULT4_FLR_1:ZONE GAS EQUIPMENT TOTAL HEATING ENERGY not valid for this simulation.
   ** Warning ** Processing Monthly Tabular Reports: SpaceGainsMonthly
   **   ~~~   ** ..Variable name=ZONE HOT WATER EQUIPMENT TOTAL HEATING ENERGY not valid for this simulation.
   **   ~~~   ** ..i.e., Variable name=OFFICE1_MULT4_FLR_1:ZONE HOT WATER EQUIPMENT TOTAL HEATING ENERGY not valid for this simulation.
   ** Warning ** Processing Monthly Tabular Reports: SpaceGainsMonthly
   **   ~~~   ** ..Variable name=ZONE STEAM EQUIPMENT TOTAL HEATING ENERGY not valid for this simulation.
   **   ~~~   ** ..i.e., Variable name=OFFICE1_MULT4_FLR_1:ZONE STEAM EQUIPMENT TOTAL HEATING ENERGY not valid for this simulation.
   ** Warning ** Processing Monthly Tabular Reports: SpaceGainsMonthly
   **   ~~~   ** ..Variable name=ZONE OTHER EQUIPMENT TOTAL HEATING ENERGY not valid for this simulation.
   **   ~~~   ** ..i.e., Variable name=OFFICE1_MULT4_FLR_1:ZONE OTHER EQUIPMENT TOTAL HEATING ENERGY not valid for this simulation.
   ** Warning ** Processing Monthly Tabular Reports: SpaceGainsMonthly
   **   ~~~   ** ..Variable name=ZONE GAS EQUIPMENT TOTAL HEATING ENERGY not valid for this simulation.
   **   ~~~   ** ..i.e., Variable name=LOBBY_RECORDS_FLR_1:ZONE GAS EQUIPMENT TOTAL HEATING ENERGY not valid for this simulation.
   ** Warning ** Processing Monthly Tabular Reports: SpaceGainsMonthly
   **   ~~~   ** ..Variable name=ZONE HOT WATER EQUIPMENT TOTAL HEATING ENERGY not valid for this simulation.
   **   ~~~   ** ..i.e., Variable name=LOBBY_RECORDS_FLR_1:ZONE HOT WATER EQUIPMENT TOTAL HEATING ENERGY not valid for this simulation.
   ** Warning ** Processing Monthly Tabular Reports: SpaceGainsMonthly
   **   ~~~   ** ..Variable name=ZONE STEAM EQUIPMENT TOTAL HEATING ENERGY not valid for this simulation.
   **   ~~~   ** ..i.e., Variable name=LOBBY_RECORDS_FLR_1:ZONE STEAM EQUIPMENT TOTAL HEATING ENERGY not valid for this simulation.
   ** Warning ** Processing Monthly Tabular Reports: SpaceGainsMonthly
   **   ~~~   ** ..Variable name=ZONE OTHER EQUIPMENT TOTAL HEATING ENERGY not valid for this simulation.
   **   ~~~   ** ..i.e., Variable name=LOBBY_RECORDS_FLR_1:ZONE OTHER EQUIPMENT TOTAL HEATING ENERGY not valid for this simulation.
   ** Warning ** Processing Monthly Tabular Reports: SpaceGainsMonthly
   **   ~~~   ** ..Variable name=ZONE ELECTRIC EQUIPMENT TOTAL HEATING ENERGY not valid for this simulation.
   **   ~~~   ** ..i.e., Variable name=CORRIDOR_FLR_1:ZONE ELECTRIC EQUIPMENT TOTAL HEATING ENERGY not valid for this simulation.
   ** Warning ** Processing Monthly Tabular Reports: SpaceGainsMonthly
   **   ~~~   ** ..Variable name=ZONE GAS EQUIPMENT TOTAL HEATING ENERGY not valid for this simulation.
   **   ~~~   ** ..i.e., Variable name=CORRIDOR_FLR_1:ZONE GAS EQUIPMENT TOTAL HEATING ENERGY not valid for this simulation.
   ** Warning ** Processing Monthly Tabular Reports: SpaceGainsMonthly
   **   ~~~   ** ..Variable name=ZONE HOT WATER EQUIPMENT TOTAL HEATING ENERGY not valid for this simulation.
   **   ~~~   ** ..i.e., Variable name=CORRIDOR_FLR_1:ZONE HOT WATER EQUIPMENT TOTAL HEATING ENERGY not valid for this simulation.
   ** Warning ** Processing Monthly Tabular Reports: SpaceGainsMonthly
   **   ~~~   ** ..Variable name=ZONE STEAM EQUIPMENT TOTAL HEATING ENERGY not valid for this simulation.
   **   ~~~   ** ..i.e., Variable name=CORRIDOR_FLR_1:ZONE STEAM EQUIPMENT TOTAL HEATING ENERGY not valid for this simulation.
   ** Warning ** Processing Monthly Tabular Reports: SpaceGainsMonthly
   **   ~~~   ** ..Variable name=ZONE OTHER EQUIPMENT TOTAL HEATING ENERGY not valid for this simulation.
   **   ~~~   ** ..i.e., Variable name=CORRIDOR_FLR_1:ZONE OTHER EQUIPMENT TOTAL HEATING ENERGY not valid for this simulation.
   ** Warning ** Processing Monthly Tabular Reports: SpaceGainsMonthly
   **   ~~~   ** ..Variable name=ZONE GAS EQUIPMENT TOTAL HEATING ENERGY not valid for this simulation.
   **   ~~~   ** ..i.e., Variable name=ER_NURSESTN_LOBBY_FLR_1:ZONE GAS EQUIPMENT TOTAL HEATING ENERGY not valid for this simulation.
   ** Warning ** Processing Monthly Tabular Reports: SpaceGainsMonthly
   **   ~~~   ** ..Variable name=ZONE HOT WATER EQUIPMENT TOTAL HEATING ENERGY not valid for this simulation.
   **   ~~~   ** ..i.e., Variable name=ER_NURSESTN_LOBBY_FLR_1:ZONE HOT WATER EQUIPMENT TOTAL HEATING ENERGY not valid for this simulation.
   ** Warning ** Processing Monthly Tabular Reports: SpaceGainsMonthly
   **   ~~~   ** ..Variable name=ZONE STEAM EQUIPMENT TOTAL HEATING ENERGY not valid for this simulation.
   **   ~~~   ** ..i.e., Variable name=ER_NURSESTN_LOBBY_FLR_1:ZONE STEAM EQUIPMENT TOTAL HEATING ENERGY not valid for this simulation.
   ** Warning ** Processing Monthly Tabular Reports: SpaceGainsMonthly
   **   ~~~   ** ..Variable name=ZONE OTHER EQUIPMENT TOTAL HEATING ENERGY not valid for this simulation.
   **   ~~~   ** ..i.e., Variable name=ER_NURSESTN_LOBBY_FLR_1:ZONE OTHER EQUIPMENT TOTAL HEATING ENERGY not valid for this simulation.
   ** Warning ** Processing Monthly Tabular Reports: SpaceGainsMonthly
   **   ~~~   ** ..Variable name=ZONE GAS EQUIPMENT TOTAL HEATING ENERGY not valid for this simulation.
   **   ~~~   ** ..i.e., Variable name=OR1_FLR_2:ZONE GAS EQUIPMENT TOTAL HEATING ENERGY not valid for this simulation.
   ** Warning ** Processing Monthly Tabular Reports: SpaceGainsMonthly
   **   ~~~   ** ..Variable name=ZONE HOT WATER EQUIPMENT TOTAL HEATING ENERGY not valid for this simulation.
   **   ~~~   ** ..i.e., Variable name=OR1_FLR_2:ZONE HOT WATER EQUIPMENT TOTAL HEATING ENERGY not valid for this simulation.
   ** Warning ** Processing Monthly Tabular Reports: SpaceGainsMonthly
   **   ~~~   ** ..Variable name=ZONE STEAM EQUIPMENT TOTAL HEATING ENERGY not valid for this simulation.
   **   ~~~   ** ..i.e., Variable name=OR1_FLR_2:ZONE STEAM EQUIPMENT TOTAL HEATING ENERGY not valid for this simulation.
   ** Warning ** Processing Monthly Tabular Reports: SpaceGainsMonthly
   **   ~~~   ** ..Variable name=ZONE OTHER EQUIPMENT TOTAL HEATING ENERGY not valid for this simulation.
   **   ~~~   ** ..i.e., Variable name=OR1_FLR_2:ZONE OTHER EQUIPMENT TOTAL HEATING ENERGY not valid for this simulation.
   ** Warning ** Processing Monthly Tabular Reports: SpaceGainsMonthly
   **   ~~~   ** ..Variable name=ZONE GAS EQUIPMENT TOTAL HEATING ENERGY not valid for this simulation.
   **   ~~~   ** ..i.e., Variable name=OR2_MULT5_FLR_2:ZONE GAS EQUIPMENT TOTAL HEATING ENERGY not valid for this simulation.
   ** Warning ** Processing Monthly Tabular Reports: SpaceGainsMonthly
   **   ~~~   ** ..Variable name=ZONE HOT WATER EQUIPMENT TOTAL HEATING ENERGY not valid for this simulation.
   **   ~~~   ** ..i.e., Variable name=OR2_MULT5_FLR_2:ZONE HOT WATER EQUIPMENT TOTAL HEATING ENERGY not valid for this simulation.
   ** Warning ** Processing Monthly Tabular Reports: SpaceGainsMonthly
   **   ~~~   ** ..Variable name=ZONE STEAM EQUIPMENT TOTAL HEATING ENERGY not valid for this simulation.
   **   ~~~   ** ..i.e., Variable name=OR2_MULT5_FLR_2:ZONE STEAM EQUIPMENT TOTAL HEATING ENERGY not valid for this simulation.
   ** Warning ** Processing Monthly Tabular Reports: SpaceGainsMonthly
   **   ~~~   ** ..Variable name=ZONE OTHER EQUIPMENT TOTAL HEATING ENERGY not valid for this simulation.
   **   ~~~   ** ..i.e., Variable name=OR2_MULT5_FLR_2:ZONE OTHER EQUIPMENT TOTAL HEATING ENERGY not valid for this simulation.
   ** Warning ** Processing Monthly Tabular Reports: SpaceGainsMonthly
   **   ~~~   ** ..Variable name=ZONE GAS EQUIPMENT TOTAL HEATING ENERGY not valid for this simulation.
   **   ~~~   ** ..i.e., Variable name=OR3_FLR_2:ZONE GAS EQUIPMENT TOTAL HEATING ENERGY not valid for this simulation.
   ** Warning ** Processing Monthly Tabular Reports: SpaceGainsMonthly
   **   ~~~   ** ..Variable name=ZONE HOT WATER EQUIPMENT TOTAL HEATING ENERGY not valid for this simulation.
   **   ~~~   ** ..i.e., Variable name=OR3_FLR_2:ZONE HOT WATER EQUIPMENT TOTAL HEATING ENERGY not valid for this simulation.
   ** Warning ** Processing Monthly Tabular Reports: SpaceGainsMonthly
   **   ~~~   ** ..Variable name=ZONE STEAM EQUIPMENT TOTAL HEATING ENERGY not valid for this simulation.
   **   ~~~   ** ..i.e., Variable name=OR3_FLR_2:ZONE STEAM EQUIPMENT TOTAL HEATING ENERGY not valid for this simulation.
   ** Warning ** Processing Monthly Tabular Reports: SpaceGainsMonthly
   **   ~~~   ** ..Variable name=ZONE OTHER EQUIPMENT TOTAL HEATING ENERGY not valid for this simulation.
   **   ~~~   ** ..i.e., Variable name=OR3_FLR_2:ZONE OTHER EQUIPMENT TOTAL HEATING ENERGY not valid for this simulation.
   ** Warning ** Processing Monthly Tabular Reports: SpaceGainsMonthly
   **   ~~~   ** ..Variable name=ZONE GAS EQUIPMENT TOTAL HEATING ENERGY not valid for this simulation.
   **   ~~~   ** ..i.e., Variable name=OR4_FLR_2:ZONE GAS EQUIPMENT TOTAL HEATING ENERGY not valid for this simulation.
   ** Warning ** Processing Monthly Tabular Reports: SpaceGainsMonthly
   **   ~~~   ** ..Variable name=ZONE HOT WATER EQUIPMENT TOTAL HEATING ENERGY not valid for this simulation.
   **   ~~~   ** ..i.e., Variable name=OR4_FLR_2:ZONE HOT WATER EQUIPMENT TOTAL HEATING ENERGY not valid for this simulation.
   ** Warning ** Processing Monthly Tabular Reports: SpaceGainsMonthly
   **   ~~~   ** ..Variable name=ZONE STEAM EQUIPMENT TOTAL HEATING ENERGY not valid for this simulation.
   **   ~~~   ** ..i.e., Variable name=OR4_FLR_2:ZONE STEAM EQUIPMENT TOTAL HEATING ENERGY not valid for this simulation.
   ** Warning ** Processing Monthly Tabular Reports: SpaceGainsMonthly
   **   ~~~   ** ..Variable name=ZONE OTHER EQUIPMENT TOTAL HEATING ENERGY not valid for this simulation.
   **   ~~~   ** ..i.e., Variable name=OR4_FLR_2:ZONE OTHER EQUIPMENT TOTAL HEATING ENERGY not valid for this simulation.
   ** Warning ** Processing Monthly Tabular Reports: SpaceGainsMonthly
   **   ~~~   ** ..Variable name=ZONE GAS EQUIPMENT TOTAL HEATING ENERGY not valid for this simulation.
   **   ~~~   ** ..i.e., Variable name=IC_PATROOM1_MULT5_FLR_2:ZONE GAS EQUIPMENT TOTAL HEATING ENERGY not valid for this simulation.
   ** Warning ** Processing Monthly Tabular Reports: SpaceGainsMonthly
   **   ~~~   ** ..Variable name=ZONE HOT WATER EQUIPMENT TOTAL HEATING ENERGY not valid for this simulation.
   **   ~~~   ** ..i.e., Variable name=IC_PATROOM1_MULT5_FLR_2:ZONE HOT WATER EQUIPMENT TOTAL HEATING ENERGY not valid for this simulation.
   ** Warning ** Processing Monthly Tabular Reports: SpaceGainsMonthly
   **   ~~~   ** ..Variable name=ZONE STEAM EQUIPMENT TOTAL HEATING ENERGY not valid for this simulation.
   **   ~~~   ** ..i.e., Variable name=IC_PATROOM1_MULT5_FLR_2:ZONE STEAM EQUIPMENT TOTAL HEATING ENERGY not valid for this simulation.
   ** Warning ** Processing Monthly Tabular Reports: SpaceGainsMonthly
   **   ~~~   ** ..Variable name=ZONE OTHER EQUIPMENT TOTAL HEATING ENERGY not valid for this simulation.
   **   ~~~   ** ..i.e., Variable name=IC_PATROOM1_MULT5_FLR_2:ZONE OTHER EQUIPMENT TOTAL HEATING ENERGY not valid for this simulation.
   ** Warning ** Processing Monthly Tabular Reports: SpaceGainsMonthly
   **   ~~~   ** ..Variable name=ZONE GAS EQUIPMENT TOTAL HEATING ENERGY not valid for this simulation.
   **   ~~~   ** ..i.e., Variable name=IC_PATROOM2_FLR_2:ZONE GAS EQUIPMENT TOTAL HEATING ENERGY not valid for this simulation.
   ** Warning ** Processing Monthly Tabular Reports: SpaceGainsMonthly
   **   ~~~   ** ..Variable name=ZONE HOT WATER EQUIPMENT TOTAL HEATING ENERGY not valid for this simulation.
   **   ~~~   ** ..i.e., Variable name=IC_PATROOM2_FLR_2:ZONE HOT WATER EQUIPMENT TOTAL HEATING ENERGY not valid for this simulation.
   ** Warning ** Processing Monthly Tabular Reports: SpaceGainsMonthly
   **   ~~~   ** ..Variable name=ZONE STEAM EQUIPMENT TOTAL HEATING ENERGY not valid for this simulation.
   **   ~~~   ** ..i.e., Variable name=IC_PATROOM2_FLR_2:ZONE STEAM EQUIPMENT TOTAL HEATING ENERGY not valid for this simulation.
   ** Warning ** Processing Monthly Tabular Reports: SpaceGainsMonthly
   **   ~~~   ** ..Variable name=ZONE OTHER EQUIPMENT TOTAL HEATING ENERGY not valid for this simulation.
   **   ~~~   ** ..i.e., Variable name=IC_PATROOM2_FLR_2:ZONE OTHER EQUIPMENT TOTAL HEATING ENERGY not valid for this simulation.
   ** Warning ** Processing Monthly Tabular Reports: SpaceGainsMonthly
   **   ~~~   ** ..Variable name=ZONE GAS EQUIPMENT TOTAL HEATING ENERGY not valid for this simulation.
   **   ~~~   ** ..i.e., Variable name=IC_PATROOM3_MULT6_FLR_2:ZONE GAS EQUIPMENT TOTAL HEATING ENERGY not valid for this simulation.
   ** Warning ** Processing Monthly Tabular Reports: SpaceGainsMonthly
   **   ~~~   ** ..Variable name=ZONE HOT WATER EQUIPMENT TOTAL HEATING ENERGY not valid for this simulation.
   **   ~~~   ** ..i.e., Variable name=IC_PATROOM3_MULT6_FLR_2:ZONE HOT WATER EQUIPMENT TOTAL HEATING ENERGY not valid for this simulation.
   ** Warning ** Processing Monthly Tabular Reports: SpaceGainsMonthly
   **   ~~~   ** ..Variable name=ZONE STEAM EQUIPMENT TOTAL HEATING ENERGY not valid for this simulation.
   **   ~~~   ** ..i.e., Variable name=IC_PATROOM3_MULT6_FLR_2:ZONE STEAM EQUIPMENT TOTAL HEATING ENERGY not valid for this simulation.
   ** Warning ** Processing Monthly Tabular Reports: SpaceGainsMonthly
   **   ~~~   ** ..Variable name=ZONE OTHER EQUIPMENT TOTAL HEATING ENERGY not valid for this simulation.
   **   ~~~   ** ..i.e., Variable name=IC_PATROOM3_MULT6_FLR_2:ZONE OTHER EQUIPMENT TOTAL HEATING ENERGY not valid for this simulation.
   ** Warning ** Processing Monthly Tabular Reports: SpaceGainsMonthly
   **   ~~~   ** ..Variable name=ZONE GAS EQUIPMENT TOTAL HEATING ENERGY not valid for this simulation.
   **   ~~~   ** ..i.e., Variable name=ICU_FLR_2:ZONE GAS EQUIPMENT TOTAL HEATING ENERGY not valid for this simulation.
   ** Warning ** Processing Monthly Tabular Reports: SpaceGainsMonthly
   **   ~~~   ** ..Variable name=ZONE HOT WATER EQUIPMENT TOTAL HEATING ENERGY not valid for this simulation.
   **   ~~~   ** ..i.e., Variable name=ICU_FLR_2:ZONE HOT WATER EQUIPMENT TOTAL HEATING ENERGY not valid for this simulation.
   ** Warning ** Processing Monthly Tabular Reports: SpaceGainsMonthly
   **   ~~~   ** ..Variable name=ZONE STEAM EQUIPMENT TOTAL HEATING ENERGY not valid for this simulation.
   **   ~~~   ** ..i.e., Variable name=ICU_FLR_2:ZONE STEAM EQUIPMENT TOTAL HEATING ENERGY not valid for this simulation.
   ** Warning ** Processing Monthly Tabular Reports: SpaceGainsMonthly
   **   ~~~   ** ..Variable name=ZONE OTHER EQUIPMENT TOTAL HEATING ENERGY not valid for this simulation.
   **   ~~~   ** ..i.e., Variable name=ICU_FLR_2:ZONE OTHER EQUIPMENT TOTAL HEATING ENERGY not valid for this simulation.
   ** Warning ** Processing Monthly Tabular Reports: SpaceGainsMonthly
   **   ~~~   ** ..Variable name=ZONE GAS EQUIPMENT TOTAL HEATING ENERGY not valid for this simulation.
   **   ~~~   ** ..i.e., Variable name=ICU_NURSESTN_LOBBY_FLR_2:ZONE GAS EQUIPMENT TOTAL HEATING ENERGY not valid for this simulation.
   ** Warning ** Processing Monthly Tabular Reports: SpaceGainsMonthly
   **   ~~~   ** ..Variable name=ZONE HOT WATER EQUIPMENT TOTAL HEATING ENERGY not valid for this simulation.
   **   ~~~   ** ..i.e., Variable name=ICU_NURSESTN_LOBBY_FLR_2:ZONE HOT WATER EQUIPMENT TOTAL HEATING ENERGY not valid for this simulation.
   ** Warning ** Processing Monthly Tabular Reports: SpaceGainsMonthly
   **   ~~~   ** ..Variable name=ZONE STEAM EQUIPMENT TOTAL HEATING ENERGY not valid for this simulation.
   **   ~~~   ** ..i.e., Variable name=ICU_NURSESTN_LOBBY_FLR_2:ZONE STEAM EQUIPMENT TOTAL HEATING ENERGY not valid for this simulation.
   ** Warning ** Processing Monthly Tabular Reports: SpaceGainsMonthly
   **   ~~~   ** ..Variable name=ZONE OTHER EQUIPMENT TOTAL HEATING ENERGY not valid for this simulation.
   **   ~~~   ** ..i.e., Variable name=ICU_NURSESTN_LOBBY_FLR_2:ZONE OTHER EQUIPMENT TOTAL HEATING ENERGY not valid for this simulation.
   ** Warning ** Processing Monthly Tabular Reports: SpaceGainsMonthly
   **   ~~~   ** ..Variable name=ZONE ELECTRIC EQUIPMENT TOTAL HEATING ENERGY not valid for this simulation.
   **   ~~~   ** ..i.e., Variable name=CORRIDOR_FLR_2:ZONE ELECTRIC EQUIPMENT TOTAL HEATING ENERGY not valid for this simulation.
   ** Warning ** Processing Monthly Tabular Reports: SpaceGainsMonthly
   **   ~~~   ** ..Variable name=ZONE GAS EQUIPMENT TOTAL HEATING ENERGY not valid for this simulation.
   **   ~~~   ** ..i.e., Variable name=CORRIDOR_FLR_2:ZONE GAS EQUIPMENT TOTAL HEATING ENERGY not valid for this simulation.
   ** Warning ** Processing Monthly Tabular Reports: SpaceGainsMonthly
   **   ~~~   ** ..Variable name=ZONE HOT WATER EQUIPMENT TOTAL HEATING ENERGY not valid for this simulation.
   **   ~~~   ** ..i.e., Variable name=CORRIDOR_FLR_2:ZONE HOT WATER EQUIPMENT TOTAL HEATING ENERGY not valid for this simulation.
   ** Warning ** Processing Monthly Tabular Reports: SpaceGainsMonthly
   **   ~~~   ** ..Variable name=ZONE STEAM EQUIPMENT TOTAL HEATING ENERGY not valid for this simulation.
   **   ~~~   ** ..i.e., Variable name=CORRIDOR_FLR_2:ZONE STEAM EQUIPMENT TOTAL HEATING ENERGY not valid for this simulation.
   ** Warning ** Processing Monthly Tabular Reports: SpaceGainsMonthly
   **   ~~~   ** ..Variable name=ZONE OTHER EQUIPMENT TOTAL HEATING ENERGY not valid for this simulation.
   **   ~~~   ** ..i.e., Variable name=CORRIDOR_FLR_2:ZONE OTHER EQUIPMENT TOTAL HEATING ENERGY not valid for this simulation.
   ** Warning ** Processing Monthly Tabular Reports: SpaceGainsMonthly
   **   ~~~   ** ..Variable name=ZONE GAS EQUIPMENT TOTAL HEATING ENERGY not valid for this simulation.
   **   ~~~   ** ..i.e., Variable name=OR_NURSESTN_LOBBY_FLR_2:ZONE GAS EQUIPMENT TOTAL HEATING ENERGY not valid for this simulation.
   ** Warning ** Processing Monthly Tabular Reports: SpaceGainsMonthly
   **   ~~~   ** ..Variable name=ZONE HOT WATER EQUIPMENT TOTAL HEATING ENERGY not valid for this simulation.
   **   ~~~   ** ..i.e., Variable name=OR_NURSESTN_LOBBY_FLR_2:ZONE HOT WATER EQUIPMENT TOTAL HEATING ENERGY not valid for this simulation.
   ** Warning ** Processing Monthly Tabular Reports: SpaceGainsMonthly
   **   ~~~   ** ..Variable name=ZONE STEAM EQUIPMENT TOTAL HEATING ENERGY not valid for this simulation.
   **   ~~~   ** ..i.e., Variable name=OR_NURSESTN_LOBBY_FLR_2:ZONE STEAM EQUIPMENT TOTAL HEATING ENERGY not valid for this simulation.
   ** Warning ** Processing Monthly Tabular Reports: SpaceGainsMonthly
   **   ~~~   ** ..Variable name=ZONE OTHER EQUIPMENT TOTAL HEATING ENERGY not valid for this simulation.
   **   ~~~   ** ..i.e., Variable name=OR_NURSESTN_LOBBY_FLR_2:ZONE OTHER EQUIPMENT TOTAL HEATING ENERGY not valid for this simulation.
   ** Warning ** Processing Monthly Tabular Reports: SpaceGainsMonthly
   **   ~~~   ** ..Variable name=ZONE GAS EQUIPMENT TOTAL HEATING ENERGY not valid for this simulation.
   **   ~~~   ** ..i.e., Variable name=PATROOM1_MULT10_FLR_3:ZONE GAS EQUIPMENT TOTAL HEATING ENERGY not valid for this simulation.
   ** Warning ** Processing Monthly Tabular Reports: SpaceGainsMonthly
   **   ~~~   ** ..Variable name=ZONE HOT WATER EQUIPMENT TOTAL HEATING ENERGY not valid for this simulation.
   **   ~~~   ** ..i.e., Variable name=PATROOM1_MULT10_FLR_3:ZONE HOT WATER EQUIPMENT TOTAL HEATING ENERGY not valid for this simulation.
   ** Warning ** Processing Monthly Tabular Reports: SpaceGainsMonthly
   **   ~~~   ** ..Variable name=ZONE STEAM EQUIPMENT TOTAL HEATING ENERGY not valid for this simulation.
   **   ~~~   ** ..i.e., Variable name=PATROOM1_MULT10_FLR_3:ZONE STEAM EQUIPMENT TOTAL HEATING ENERGY not valid for this simulation.
   ** Warning ** Processing Monthly Tabular Reports: SpaceGainsMonthly
   **   ~~~   ** ..Variable name=ZONE OTHER EQUIPMENT TOTAL HEATING ENERGY not valid for this simulation.
   **   ~~~   ** ..i.e., Variable name=PATROOM1_MULT10_FLR_3:ZONE OTHER EQUIPMENT TOTAL HEATING ENERGY not valid for this simulation.
   ** Warning ** Processing Monthly Tabular Reports: SpaceGainsMonthly
   **   ~~~   ** ..Variable name=ZONE GAS EQUIPMENT TOTAL HEATING ENERGY not valid for this simulation.
   **   ~~~   ** ..i.e., Variable name=PATROOM2_FLR_3:ZONE GAS EQUIPMENT TOTAL HEATING ENERGY not valid for this simulation.
   ** Warning ** Processing Monthly Tabular Reports: SpaceGainsMonthly
   **   ~~~   ** ..Variable name=ZONE HOT WATER EQUIPMENT TOTAL HEATING ENERGY not valid for this simulation.
   **   ~~~   ** ..i.e., Variable name=PATROOM2_FLR_3:ZONE HOT WATER EQUIPMENT TOTAL HEATING ENERGY not valid for this simulation.
   ** Warning ** Processing Monthly Tabular Reports: SpaceGainsMonthly
   **   ~~~   ** ..Variable name=ZONE STEAM EQUIPMENT TOTAL HEATING ENERGY not valid for this simulation.
   **   ~~~   ** ..i.e., Variable name=PATROOM2_FLR_3:ZONE STEAM EQUIPMENT TOTAL HEATING ENERGY not valid for this simulation.
   ** Warning ** Processing Monthly Tabular Reports: SpaceGainsMonthly
   **   ~~~   ** ..Variable name=ZONE OTHER EQUIPMENT TOTAL HEATING ENERGY not valid for this simulation.
   **   ~~~   ** ..i.e., Variable name=PATROOM2_FLR_3:ZONE OTHER EQUIPMENT TOTAL HEATING ENERGY not valid for this simulation.
   ** Warning ** Processing Monthly Tabular Reports: SpaceGainsMonthly
   **   ~~~   ** ..Variable name=ZONE GAS EQUIPMENT TOTAL HEATING ENERGY not valid for this simulation.
   **   ~~~   ** ..i.e., Variable name=PATROOM3_MULT10_FLR_3:ZONE GAS EQUIPMENT TOTAL HEATING ENERGY not valid for this simulation.
   ** Warning ** Processing Monthly Tabular Reports: SpaceGainsMonthly
   **   ~~~   ** ..Variable name=ZONE HOT WATER EQUIPMENT TOTAL HEATING ENERGY not valid for this simulation.
   **   ~~~   ** ..i.e., Variable name=PATROOM3_MULT10_FLR_3:ZONE HOT WATER EQUIPMENT TOTAL HEATING ENERGY not valid for this simulation.
   ** Warning ** Processing Monthly Tabular Reports: SpaceGainsMonthly
   **   ~~~   ** ..Variable name=ZONE STEAM EQUIPMENT TOTAL HEATING ENERGY not valid for this simulation.
   **   ~~~   ** ..i.e., Variable name=PATROOM3_MULT10_FLR_3:ZONE STEAM EQUIPMENT TOTAL HEATING ENERGY not valid for this simulation.
   ** Warning ** Processing Monthly Tabular Reports: SpaceGainsMonthly
   **   ~~~   ** ..Variable name=ZONE OTHER EQUIPMENT TOTAL HEATING ENERGY not valid for this simulation.
   **   ~~~   ** ..i.e., Variable name=PATROOM3_MULT10_FLR_3:ZONE OTHER EQUIPMENT TOTAL HEATING ENERGY not valid for this simulation.
   ** Warning ** Processing Monthly Tabular Reports: SpaceGainsMonthly
   **   ~~~   ** ..Variable name=ZONE GAS EQUIPMENT TOTAL HEATING ENERGY not valid for this simulation.
   **   ~~~   ** ..i.e., Variable name=PATROOM4_FLR_3:ZONE GAS EQUIPMENT TOTAL HEATING ENERGY not valid for this simulation.
   ** Warning ** Processing Monthly Tabular Reports: SpaceGainsMonthly
   **   ~~~   ** ..Variable name=ZONE HOT WATER EQUIPMENT TOTAL HEATING ENERGY not valid for this simulation.
   **   ~~~   ** ..i.e., Variable name=PATROOM4_FLR_3:ZONE HOT WATER EQUIPMENT TOTAL HEATING ENERGY not valid for this simulation.
   ** Warning ** Processing Monthly Tabular Reports: SpaceGainsMonthly
   **   ~~~   ** ..Variable name=ZONE STEAM EQUIPMENT TOTAL HEATING ENERGY not valid for this simulation.
   **   ~~~   ** ..i.e., Variable name=PATROOM4_FLR_3:ZONE STEAM EQUIPMENT TOTAL HEATING ENERGY not valid for this simulation.
   ** Warning ** Processing Monthly Tabular Reports: SpaceGainsMonthly
   **   ~~~   ** ..Variable name=ZONE OTHER EQUIPMENT TOTAL HEATING ENERGY not valid for this simulation.
   **   ~~~   ** ..i.e., Variable name=PATROOM4_FLR_3:ZONE OTHER EQUIPMENT TOTAL HEATING ENERGY not valid for this simulation.
   ** Warning ** Processing Monthly Tabular Reports: SpaceGainsMonthly
   **   ~~~   ** ..Variable name=ZONE GAS EQUIPMENT TOTAL HEATING ENERGY not valid for this simulation.
   **   ~~~   ** ..i.e., Variable name=PATROOM5_MULT10_FLR_3:ZONE GAS EQUIPMENT TOTAL HEATING ENERGY not valid for this simulation.
   ** Warning ** Processing Monthly Tabular Reports: SpaceGainsMonthly
   **   ~~~   ** ..Variable name=ZONE HOT WATER EQUIPMENT TOTAL HEATING ENERGY not valid for this simulation.
   **   ~~~   ** ..i.e., Variable name=PATROOM5_MULT10_FLR_3:ZONE HOT WATER EQUIPMENT TOTAL HEATING ENERGY not valid for this simulation.
   ** Warning ** Processing Monthly Tabular Reports: SpaceGainsMonthly
   **   ~~~   ** ..Variable name=ZONE STEAM EQUIPMENT TOTAL HEATING ENERGY not valid for this simulation.
   **   ~~~   ** ..i.e., Variable name=PATROOM5_MULT10_FLR_3:ZONE STEAM EQUIPMENT TOTAL HEATING ENERGY not valid for this simulation.
   ** Warning ** Processing Monthly Tabular Reports: SpaceGainsMonthly
   **   ~~~   ** ..Variable name=ZONE OTHER EQUIPMENT TOTAL HEATING ENERGY not valid for this simulation.
   **   ~~~   ** ..i.e., Variable name=PATROOM5_MULT10_FLR_3:ZONE OTHER EQUIPMENT TOTAL HEATING ENERGY not valid for this simulation.
   ** Warning ** Processing Monthly Tabular Reports: SpaceGainsMonthly
   **   ~~~   ** ..Variable name=ZONE GAS EQUIPMENT TOTAL HEATING ENERGY not valid for this simulation.
   **   ~~~   ** ..i.e., Variable name=PHYSTHERAPY_FLR_3:ZONE GAS EQUIPMENT TOTAL HEATING ENERGY not valid for this simulation.
   ** Warning ** Processing Monthly Tabular Reports: SpaceGainsMonthly
   **   ~~~   ** ..Variable name=ZONE HOT WATER EQUIPMENT TOTAL HEATING ENERGY not valid for this simulation.
   **   ~~~   ** ..i.e., Variable name=PHYSTHERAPY_FLR_3:ZONE HOT WATER EQUIPMENT TOTAL HEATING ENERGY not valid for this simulation.
   ** Warning ** Processing Monthly Tabular Reports: SpaceGainsMonthly
   **   ~~~   ** ..Variable name=ZONE STEAM EQUIPMENT TOTAL HEATING ENERGY not valid for this simulation.
   **   ~~~   ** ..i.e., Variable name=PHYSTHERAPY_FLR_3:ZONE STEAM EQUIPMENT TOTAL HEATING ENERGY not valid for this simulation.
   ** Warning ** Processing Monthly Tabular Reports: SpaceGainsMonthly
   **   ~~~   ** ..Variable name=ZONE OTHER EQUIPMENT TOTAL HEATING ENERGY not valid for this simulation.
   **   ~~~   ** ..i.e., Variable name=PHYSTHERAPY_FLR_3:ZONE OTHER EQUIPMENT TOTAL HEATING ENERGY not valid for this simulation.
   ** Warning ** Processing Monthly Tabular Reports: SpaceGainsMonthly
   **   ~~~   ** ..Variable name=ZONE GAS EQUIPMENT TOTAL HEATING ENERGY not valid for this simulation.
   **   ~~~   ** ..i.e., Variable name=PATROOM6_FLR_3:ZONE GAS EQUIPMENT TOTAL HEATING ENERGY not valid for this simulation.
   ** Warning ** Processing Monthly Tabular Reports: SpaceGainsMonthly
   **   ~~~   ** ..Variable name=ZONE HOT WATER EQUIPMENT TOTAL HEATING ENERGY not valid for this simulation.
   **   ~~~   ** ..i.e., Variable name=PATROOM6_FLR_3:ZONE HOT WATER EQUIPMENT TOTAL HEATING ENERGY not valid for this simulation.
   ** Warning ** Processing Monthly Tabular Reports: SpaceGainsMonthly
   **   ~~~   ** ..Variable name=ZONE STEAM EQUIPMENT TOTAL HEATING ENERGY not valid for this simulation.
   **   ~~~   ** ..i.e., Variable name=PATROOM6_FLR_3:ZONE STEAM EQUIPMENT TOTAL HEATING ENERGY not valid for this simulation.
   ** Warning ** Processing Monthly Tabular Reports: SpaceGainsMonthly
   **   ~~~   ** ..Variable name=ZONE OTHER EQUIPMENT TOTAL HEATING ENERGY not valid for this simulation.
   **   ~~~   ** ..i.e., Variable name=PATROOM6_FLR_3:ZONE OTHER EQUIPMENT TOTAL HEATING ENERGY not valid for this simulation.
   ** Warning ** Processing Monthly Tabular Reports: SpaceGainsMonthly
   **   ~~~   ** ..Variable name=ZONE GAS EQUIPMENT TOTAL HEATING ENERGY not valid for this simulation.
   **   ~~~   ** ..i.e., Variable name=PATROOM7_MULT10_FLR_3:ZONE GAS EQUIPMENT TOTAL HEATING ENERGY not valid for this simulation.
   ** Warning ** Processing Monthly Tabular Reports: SpaceGainsMonthly
   **   ~~~   ** ..Variable name=ZONE HOT WATER EQUIPMENT TOTAL HEATING ENERGY not valid for this simulation.
   **   ~~~   ** ..i.e., Variable name=PATROOM7_MULT10_FLR_3:ZONE HOT WATER EQUIPMENT TOTAL HEATING ENERGY not valid for this simulation.
   ** Warning ** Processing Monthly Tabular Reports: SpaceGainsMonthly
   **   ~~~   ** ..Variable name=ZONE STEAM EQUIPMENT TOTAL HEATING ENERGY not valid for this simulation.
   **   ~~~   ** ..i.e., Variable name=PATROOM7_MULT10_FLR_3:ZONE STEAM EQUIPMENT TOTAL HEATING ENERGY not valid for this simulation.
   ** Warning ** Processing Monthly Tabular Reports: SpaceGainsMonthly
   **   ~~~   ** ..Variable name=ZONE OTHER EQUIPMENT TOTAL HEATING ENERGY not valid for this simulation.
   **   ~~~   ** ..i.e., Variable name=PATROOM7_MULT10_FLR_3:ZONE OTHER EQUIPMENT TOTAL HEATING ENERGY not valid for this simulation.
   ** Warning ** Processing Monthly Tabular Reports: SpaceGainsMonthly
   **   ~~~   ** ..Variable name=ZONE GAS EQUIPMENT TOTAL HEATING ENERGY not valid for this simulation.
   **   ~~~   ** ..i.e., Variable name=PATROOM8_FLR_3:ZONE GAS EQUIPMENT TOTAL HEATING ENERGY not valid for this simulation.
   ** Warning ** Processing Monthly Tabular Reports: SpaceGainsMonthly
   **   ~~~   ** ..Variable name=ZONE HOT WATER EQUIPMENT TOTAL HEATING ENERGY not valid for this simulation.
   **   ~~~   ** ..i.e., Variable name=PATROOM8_FLR_3:ZONE HOT WATER EQUIPMENT TOTAL HEATING ENERGY not valid for this simulation.
   ** Warning ** Processing Monthly Tabular Reports: SpaceGainsMonthly
   **   ~~~   ** ..Variable name=ZONE STEAM EQUIPMENT TOTAL HEATING ENERGY not valid for this simulation.
   **   ~~~   ** ..i.e., Variable name=PATROOM8_FLR_3:ZONE STEAM EQUIPMENT TOTAL HEATING ENERGY not valid for this simulation.
   ** Warning ** Processing Monthly Tabular Reports: SpaceGainsMonthly
   **   ~~~   ** ..Variable name=ZONE OTHER EQUIPMENT TOTAL HEATING ENERGY not valid for this simulation.
   **   ~~~   ** ..i.e., Variable name=PATROOM8_FLR_3:ZONE OTHER EQUIPMENT TOTAL HEATING ENERGY not valid for this simulation.
   ** Warning ** Processing Monthly Tabular Reports: SpaceGainsMonthly
   **   ~~~   ** ..Variable name=ZONE GAS EQUIPMENT TOTAL HEATING ENERGY not valid for this simulation.
   **   ~~~   ** ..i.e., Variable name=NURSESTN_LOBBY_FLR_3:ZONE GAS EQUIPMENT TOTAL HEATING ENERGY not valid for this simulation.
   ** Warning ** Processing Monthly Tabular Reports: SpaceGainsMonthly
   **   ~~~   ** ..Variable name=ZONE HOT WATER EQUIPMENT TOTAL HEATING ENERGY not valid for this simulation.
   **   ~~~   ** ..i.e., Variable name=NURSESTN_LOBBY_FLR_3:ZONE HOT WATER EQUIPMENT TOTAL HEATING ENERGY not valid for this simulation.
   ** Warning ** Processing Monthly Tabular Reports: SpaceGainsMonthly
   **   ~~~   ** ..Variable name=ZONE STEAM EQUIPMENT TOTAL HEATING ENERGY not valid for this simulation.
   **   ~~~   ** ..i.e., Variable name=NURSESTN_LOBBY_FLR_3:ZONE STEAM EQUIPMENT TOTAL HEATING ENERGY not valid for this simulation.
   ** Warning ** Processing Monthly Tabular Reports: SpaceGainsMonthly
   **   ~~~   ** ..Variable name=ZONE OTHER EQUIPMENT TOTAL HEATING ENERGY not valid for this simulation.
   **   ~~~   ** ..i.e., Variable name=NURSESTN_LOBBY_FLR_3:ZONE OTHER EQUIPMENT TOTAL HEATING ENERGY not valid for this simulation.
   ** Warning ** Processing Monthly Tabular Reports: SpaceGainsMonthly
   **   ~~~   ** ..Variable name=ZONE GAS EQUIPMENT TOTAL HEATING ENERGY not valid for this simulation.
   **   ~~~   ** ..i.e., Variable name=LAB_FLR_3:ZONE GAS EQUIPMENT TOTAL HEATING ENERGY not valid for this simulation.
   ** Warning ** Processing Monthly Tabular Reports: SpaceGainsMonthly
   **   ~~~   ** ..Variable name=ZONE HOT WATER EQUIPMENT TOTAL HEATING ENERGY not valid for this simulation.
   **   ~~~   ** ..i.e., Variable name=LAB_FLR_3:ZONE HOT WATER EQUIPMENT TOTAL HEATING ENERGY not valid for this simulation.
   ** Warning ** Processing Monthly Tabular Reports: SpaceGainsMonthly
   **   ~~~   ** ..Variable name=ZONE STEAM EQUIPMENT TOTAL HEATING ENERGY not valid for this simulation.
   **   ~~~   ** ..i.e., Variable name=LAB_FLR_3:ZONE STEAM EQUIPMENT TOTAL HEATING ENERGY not valid for this simulation.
   ** Warning ** Processing Monthly Tabular Reports: SpaceGainsMonthly
   **   ~~~   ** ..Variable name=ZONE OTHER EQUIPMENT TOTAL HEATING ENERGY not valid for this simulation.
   **   ~~~   ** ..i.e., Variable name=LAB_FLR_3:ZONE OTHER EQUIPMENT TOTAL HEATING ENERGY not valid for this simulation.
   ** Warning ** Processing Monthly Tabular Reports: SpaceGainsMonthly
   **   ~~~   ** ..Variable name=ZONE ELECTRIC EQUIPMENT TOTAL HEATING ENERGY not valid for this simulation.
   **   ~~~   ** ..i.e., Variable name=CORRIDOR_SE_FLR_3:ZONE ELECTRIC EQUIPMENT TOTAL HEATING ENERGY not valid for this simulation.
   ** Warning ** Processing Monthly Tabular Reports: SpaceGainsMonthly
   **   ~~~   ** ..Variable name=ZONE GAS EQUIPMENT TOTAL HEATING ENERGY not valid for this simulation.
   **   ~~~   ** ..i.e., Variable name=CORRIDOR_SE_FLR_3:ZONE GAS EQUIPMENT TOTAL HEATING ENERGY not valid for this simulation.
   ** Warning ** Processing Monthly Tabular Reports: SpaceGainsMonthly
   **   ~~~   ** ..Variable name=ZONE HOT WATER EQUIPMENT TOTAL HEATING ENERGY not valid for this simulation.
   **   ~~~   ** ..i.e., Variable name=CORRIDOR_SE_FLR_3:ZONE HOT WATER EQUIPMENT TOTAL HEATING ENERGY not valid for this simulation.
   ** Warning ** Processing Monthly Tabular Reports: SpaceGainsMonthly
   **   ~~~   ** ..Variable name=ZONE STEAM EQUIPMENT TOTAL HEATING ENERGY not valid for this simulation.
   **   ~~~   ** ..i.e., Variable name=CORRIDOR_SE_FLR_3:ZONE STEAM EQUIPMENT TOTAL HEATING ENERGY not valid for this simulation.
   ** Warning ** Processing Monthly Tabular Reports: SpaceGainsMonthly
   **   ~~~   ** ..Variable name=ZONE OTHER EQUIPMENT TOTAL HEATING ENERGY not valid for this simulation.
   **   ~~~   ** ..i.e., Variable name=CORRIDOR_SE_FLR_3:ZONE OTHER EQUIPMENT TOTAL HEATING ENERGY not valid for this simulation.
   ** Warning ** Processing Monthly Tabular Reports: SpaceGainsMonthly
   **   ~~~   ** ..Variable name=ZONE ELECTRIC EQUIPMENT TOTAL HEATING ENERGY not valid for this simulation.
   **   ~~~   ** ..i.e., Variable name=CORRIDOR_NW_FLR_3:ZONE ELECTRIC EQUIPMENT TOTAL HEATING ENERGY not valid for this simulation.
   ** Warning ** Processing Monthly Tabular Reports: SpaceGainsMonthly
   **   ~~~   ** ..Variable name=ZONE GAS EQUIPMENT TOTAL HEATING ENERGY not valid for this simulation.
   **   ~~~   ** ..i.e., Variable name=CORRIDOR_NW_FLR_3:ZONE GAS EQUIPMENT TOTAL HEATING ENERGY not valid for this simulation.
   ** Warning ** Processing Monthly Tabular Reports: SpaceGainsMonthly
   **   ~~~   ** ..Variable name=ZONE HOT WATER EQUIPMENT TOTAL HEATING ENERGY not valid for this simulation.
   **   ~~~   ** ..i.e., Variable name=CORRIDOR_NW_FLR_3:ZONE HOT WATER EQUIPMENT TOTAL HEATING ENERGY not valid for this simulation.
   ** Warning ** Processing Monthly Tabular Reports: SpaceGainsMonthly
   **   ~~~   ** ..Variable name=ZONE STEAM EQUIPMENT TOTAL HEATING ENERGY not valid for this simulation.
   **   ~~~   ** ..i.e., Variable name=CORRIDOR_NW_FLR_3:ZONE STEAM EQUIPMENT TOTAL HEATING ENERGY not valid for this simulation.
   ** Warning ** Processing Monthly Tabular Reports: SpaceGainsMonthly
   **   ~~~   ** ..Variable name=ZONE OTHER EQUIPMENT TOTAL HEATING ENERGY not valid for this simulation.
   **   ~~~   ** ..i.e., Variable name=CORRIDOR_NW_FLR_3:ZONE OTHER EQUIPMENT TOTAL HEATING ENERGY not valid for this simulation.
   ** Warning ** Processing Monthly Tabular Reports: SpaceGainsMonthly
   **   ~~~   ** ..Variable name=ZONE GAS EQUIPMENT TOTAL HEATING ENERGY not valid for this simulation.
   **   ~~~   ** ..i.e., Variable name=PATROOM1_MULT10_FLR_4:ZONE GAS EQUIPMENT TOTAL HEATING ENERGY not valid for this simulation.
   ** Warning ** Processing Monthly Tabular Reports: SpaceGainsMonthly
   **   ~~~   ** ..Variable name=ZONE HOT WATER EQUIPMENT TOTAL HEATING ENERGY not valid for this simulation.
   **   ~~~   ** ..i.e., Variable name=PATROOM1_MULT10_FLR_4:ZONE HOT WATER EQUIPMENT TOTAL HEATING ENERGY not valid for this simulation.
   ** Warning ** Processing Monthly Tabular Reports: SpaceGainsMonthly
   **   ~~~   ** ..Variable name=ZONE STEAM EQUIPMENT TOTAL HEATING ENERGY not valid for this simulation.
   **   ~~~   ** ..i.e., Variable name=PATROOM1_MULT10_FLR_4:ZONE STEAM EQUIPMENT TOTAL HEATING ENERGY not valid for this simulation.
   ** Warning ** Processing Monthly Tabular Reports: SpaceGainsMonthly
   **   ~~~   ** ..Variable name=ZONE OTHER EQUIPMENT TOTAL HEATING ENERGY not valid for this simulation.
   **   ~~~   ** ..i.e., Variable name=PATROOM1_MULT10_FLR_4:ZONE OTHER EQUIPMENT TOTAL HEATING ENERGY not valid for this simulation.
   ** Warning ** Processing Monthly Tabular Reports: SpaceGainsMonthly
   **   ~~~   ** ..Variable name=ZONE GAS EQUIPMENT TOTAL HEATING ENERGY not valid for this simulation.
   **   ~~~   ** ..i.e., Variable name=PATROOM2_FLR_4:ZONE GAS EQUIPMENT TOTAL HEATING ENERGY not valid for this simulation.
   ** Warning ** Processing Monthly Tabular Reports: SpaceGainsMonthly
   **   ~~~   ** ..Variable name=ZONE HOT WATER EQUIPMENT TOTAL HEATING ENERGY not valid for this simulation.
   **   ~~~   ** ..i.e., Variable name=PATROOM2_FLR_4:ZONE HOT WATER EQUIPMENT TOTAL HEATING ENERGY not valid for this simulation.
   ** Warning ** Processing Monthly Tabular Reports: SpaceGainsMonthly
   **   ~~~   ** ..Variable name=ZONE STEAM EQUIPMENT TOTAL HEATING ENERGY not valid for this simulation.
   **   ~~~   ** ..i.e., Variable name=PATROOM2_FLR_4:ZONE STEAM EQUIPMENT TOTAL HEATING ENERGY not valid for this simulation.
   ** Warning ** Processing Monthly Tabular Reports: SpaceGainsMonthly
   **   ~~~   ** ..Variable name=ZONE OTHER EQUIPMENT TOTAL HEATING ENERGY not valid for this simulation.
   **   ~~~   ** ..i.e., Variable name=PATROOM2_FLR_4:ZONE OTHER EQUIPMENT TOTAL HEATING ENERGY not valid for this simulation.
   ** Warning ** Processing Monthly Tabular Reports: SpaceGainsMonthly
   **   ~~~   ** ..Variable name=ZONE GAS EQUIPMENT TOTAL HEATING ENERGY not valid for this simulation.
   **   ~~~   ** ..i.e., Variable name=PATROOM3_MULT10_FLR_4:ZONE GAS EQUIPMENT TOTAL HEATING ENERGY not valid for this simulation.
   ** Warning ** Processing Monthly Tabular Reports: SpaceGainsMonthly
   **   ~~~   ** ..Variable name=ZONE HOT WATER EQUIPMENT TOTAL HEATING ENERGY not valid for this simulation.
   **   ~~~   ** ..i.e., Variable name=PATROOM3_MULT10_FLR_4:ZONE HOT WATER EQUIPMENT TOTAL HEATING ENERGY not valid for this simulation.
   ** Warning ** Processing Monthly Tabular Reports: SpaceGainsMonthly
   **   ~~~   ** ..Variable name=ZONE STEAM EQUIPMENT TOTAL HEATING ENERGY not valid for this simulation.
   **   ~~~   ** ..i.e., Variable name=PATROOM3_MULT10_FLR_4:ZONE STEAM EQUIPMENT TOTAL HEATING ENERGY not valid for this simulation.
   ** Warning ** Processing Monthly Tabular Reports: SpaceGainsMonthly
   **   ~~~   ** ..Variable name=ZONE OTHER EQUIPMENT TOTAL HEATING ENERGY not valid for this simulation.
   **   ~~~   ** ..i.e., Variable name=PATROOM3_MULT10_FLR_4:ZONE OTHER EQUIPMENT TOTAL HEATING ENERGY not valid for this simulation.
   ** Warning ** Processing Monthly Tabular Reports: SpaceGainsMonthly
   **   ~~~   ** ..Variable name=ZONE GAS EQUIPMENT TOTAL HEATING ENERGY not valid for this simulation.
   **   ~~~   ** ..i.e., Variable name=PATROOM4_FLR_4:ZONE GAS EQUIPMENT TOTAL HEATING ENERGY not valid for this simulation.
   ** Warning ** Processing Monthly Tabular Reports: SpaceGainsMonthly
   **   ~~~   ** ..Variable name=ZONE HOT WATER EQUIPMENT TOTAL HEATING ENERGY not valid for this simulation.
   **   ~~~   ** ..i.e., Variable name=PATROOM4_FLR_4:ZONE HOT WATER EQUIPMENT TOTAL HEATING ENERGY not valid for this simulation.
   ** Warning ** Processing Monthly Tabular Reports: SpaceGainsMonthly
   **   ~~~   ** ..Variable name=ZONE STEAM EQUIPMENT TOTAL HEATING ENERGY not valid for this simulation.
   **   ~~~   ** ..i.e., Variable name=PATROOM4_FLR_4:ZONE STEAM EQUIPMENT TOTAL HEATING ENERGY not valid for this simulation.
   ** Warning ** Processing Monthly Tabular Reports: SpaceGainsMonthly
   **   ~~~   ** ..Variable name=ZONE OTHER EQUIPMENT TOTAL HEATING ENERGY not valid for this simulation.
   **   ~~~   ** ..i.e., Variable name=PATROOM4_FLR_4:ZONE OTHER EQUIPMENT TOTAL HEATING ENERGY not valid for this simulation.
   ** Warning ** Processing Monthly Tabular Reports: SpaceGainsMonthly
   **   ~~~   ** ..Variable name=ZONE GAS EQUIPMENT TOTAL HEATING ENERGY not valid for this simulation.
   **   ~~~   ** ..i.e., Variable name=PATROOM5_MULT10_FLR_4:ZONE GAS EQUIPMENT TOTAL HEATING ENERGY not valid for this simulation.
   ** Warning ** Processing Monthly Tabular Reports: SpaceGainsMonthly
   **   ~~~   ** ..Variable name=ZONE HOT WATER EQUIPMENT TOTAL HEATING ENERGY not valid for this simulation.
   **   ~~~   ** ..i.e., Variable name=PATROOM5_MULT10_FLR_4:ZONE HOT WATER EQUIPMENT TOTAL HEATING ENERGY not valid for this simulation.
   ** Warning ** Processing Monthly Tabular Reports: SpaceGainsMonthly
   **   ~~~   ** ..Variable name=ZONE STEAM EQUIPMENT TOTAL HEATING ENERGY not valid for this simulation.
   **   ~~~   ** ..i.e., Variable name=PATROOM5_MULT10_FLR_4:ZONE STEAM EQUIPMENT TOTAL HEATING ENERGY not valid for this simulation.
   ** Warning ** Processing Monthly Tabular Reports: SpaceGainsMonthly
   **   ~~~   ** ..Variable name=ZONE OTHER EQUIPMENT TOTAL HEATING ENERGY not valid for this simulation.
   **   ~~~   ** ..i.e., Variable name=PATROOM5_MULT10_FLR_4:ZONE OTHER EQUIPMENT TOTAL HEATING ENERGY not valid for this simulation.
   ** Warning ** Processing Monthly Tabular Reports: SpaceGainsMonthly
   **   ~~~   ** ..Variable name=ZONE GAS EQUIPMENT TOTAL HEATING ENERGY not valid for this simulation.
   **   ~~~   ** ..i.e., Variable name=RADIOLOGY_FLR_4:ZONE GAS EQUIPMENT TOTAL HEATING ENERGY not valid for this simulation.
   ** Warning ** Processing Monthly Tabular Reports: SpaceGainsMonthly
   **   ~~~   ** ..Variable name=ZONE HOT WATER EQUIPMENT TOTAL HEATING ENERGY not valid for this simulation.
   **   ~~~   ** ..i.e., Variable name=RADIOLOGY_FLR_4:ZONE HOT WATER EQUIPMENT TOTAL HEATING ENERGY not valid for this simulation.
   ** Warning ** Processing Monthly Tabular Reports: SpaceGainsMonthly
   **   ~~~   ** ..Variable name=ZONE STEAM EQUIPMENT TOTAL HEATING ENERGY not valid for this simulation.
   **   ~~~   ** ..i.e., Variable name=RADIOLOGY_FLR_4:ZONE STEAM EQUIPMENT TOTAL HEATING ENERGY not valid for this simulation.
   ** Warning ** Processing Monthly Tabular Reports: SpaceGainsMonthly
   **   ~~~   ** ..Variable name=ZONE OTHER EQUIPMENT TOTAL HEATING ENERGY not valid for this simulation.
   **   ~~~   ** ..i.e., Variable name=RADIOLOGY_FLR_4:ZONE OTHER EQUIPMENT TOTAL HEATING ENERGY not valid for this simulation.
   ** Warning ** Processing Monthly Tabular Reports: SpaceGainsMonthly
   **   ~~~   ** ..Variable name=ZONE GAS EQUIPMENT TOTAL HEATING ENERGY not valid for this simulation.
   **   ~~~   ** ..i.e., Variable name=PATROOM6_FLR_4:ZONE GAS EQUIPMENT TOTAL HEATING ENERGY not valid for this simulation.
   ** Warning ** Processing Monthly Tabular Reports: SpaceGainsMonthly
   **   ~~~   ** ..Variable name=ZONE HOT WATER EQUIPMENT TOTAL HEATING ENERGY not valid for this simulation.
   **   ~~~   ** ..i.e., Variable name=PATROOM6_FLR_4:ZONE HOT WATER EQUIPMENT TOTAL HEATING ENERGY not valid for this simulation.
   ** Warning ** Processing Monthly Tabular Reports: SpaceGainsMonthly
   **   ~~~   ** ..Variable name=ZONE STEAM EQUIPMENT TOTAL HEATING ENERGY not valid for this simulation.
   **   ~~~   ** ..i.e., Variable name=PATROOM6_FLR_4:ZONE STEAM EQUIPMENT TOTAL HEATING ENERGY not valid for this simulation.
   ** Warning ** Processing Monthly Tabular Reports: SpaceGainsMonthly
   **   ~~~   ** ..Variable name=ZONE OTHER EQUIPMENT TOTAL HEATING ENERGY not valid for this simulation.
   **   ~~~   ** ..i.e., Variable name=PATROOM6_FLR_4:ZONE OTHER EQUIPMENT TOTAL HEATING ENERGY not valid for this simulation.
   ** Warning ** Processing Monthly Tabular Reports: SpaceGainsMonthly
   **   ~~~   ** ..Variable name=ZONE GAS EQUIPMENT TOTAL HEATING ENERGY not valid for this simulation.
   **   ~~~   ** ..i.e., Variable name=PATROOM7_MULT10_FLR_4:ZONE GAS EQUIPMENT TOTAL HEATING ENERGY not valid for this simulation.
   ** Warning ** Processing Monthly Tabular Reports: SpaceGainsMonthly
   **   ~~~   ** ..Variable name=ZONE HOT WATER EQUIPMENT TOTAL HEATING ENERGY not valid for this simulation.
   **   ~~~   ** ..i.e., Variable name=PATROOM7_MULT10_FLR_4:ZONE HOT WATER EQUIPMENT TOTAL HEATING ENERGY not valid for this simulation.
   ** Warning ** Processing Monthly Tabular Reports: SpaceGainsMonthly
   **   ~~~   ** ..Variable name=ZONE STEAM EQUIPMENT TOTAL HEATING ENERGY not valid for this simulation.
   **   ~~~   ** ..i.e., Variable name=PATROOM7_MULT10_FLR_4:ZONE STEAM EQUIPMENT TOTAL HEATING ENERGY not valid for this simulation.
   ** Warning ** Processing Monthly Tabular Reports: SpaceGainsMonthly
   **   ~~~   ** ..Variable name=ZONE OTHER EQUIPMENT TOTAL HEATING ENERGY not valid for this simulation.
   **   ~~~   ** ..i.e., Variable name=PATROOM7_MULT10_FLR_4:ZONE OTHER EQUIPMENT TOTAL HEATING ENERGY not valid for this simulation.
   ** Warning ** Processing Monthly Tabular Reports: SpaceGainsMonthly
   **   ~~~   ** ..Variable name=ZONE GAS EQUIPMENT TOTAL HEATING ENERGY not valid for this simulation.
   **   ~~~   ** ..i.e., Variable name=PATROOM8_FLR_4:ZONE GAS EQUIPMENT TOTAL HEATING ENERGY not valid for this simulation.
   ** Warning ** Processing Monthly Tabular Reports: SpaceGainsMonthly
   **   ~~~   ** ..Variable name=ZONE HOT WATER EQUIPMENT TOTAL HEATING ENERGY not valid for this simulation.
   **   ~~~   ** ..i.e., Variable name=PATROOM8_FLR_4:ZONE HOT WATER EQUIPMENT TOTAL HEATING ENERGY not valid for this simulation.
   ** Warning ** Processing Monthly Tabular Reports: SpaceGainsMonthly
   **   ~~~   ** ..Variable name=ZONE STEAM EQUIPMENT TOTAL HEATING ENERGY not valid for this simulation.
   **   ~~~   ** ..i.e., Variable name=PATROOM8_FLR_4:ZONE STEAM EQUIPMENT TOTAL HEATING ENERGY not valid for this simulation.
   ** Warning ** Processing Monthly Tabular Reports: SpaceGainsMonthly
   **   ~~~   ** ..Variable name=ZONE OTHER EQUIPMENT TOTAL HEATING ENERGY not valid for this simulation.
   **   ~~~   ** ..i.e., Variable name=PATROOM8_FLR_4:ZONE OTHER EQUIPMENT TOTAL HEATING ENERGY not valid for this simulation.
   ** Warning ** Processing Monthly Tabular Reports: SpaceGainsMonthly
   **   ~~~   ** ..Variable name=ZONE GAS EQUIPMENT TOTAL HEATING ENERGY not valid for this simulation.
   **   ~~~   ** ..i.e., Variable name=NURSESTN_LOBBY_FLR_4:ZONE GAS EQUIPMENT TOTAL HEATING ENERGY not valid for this simulation.
   ** Warning ** Processing Monthly Tabular Reports: SpaceGainsMonthly
   **   ~~~   ** ..Variable name=ZONE HOT WATER EQUIPMENT TOTAL HEATING ENERGY not valid for this simulation.
   **   ~~~   ** ..i.e., Variable name=NURSESTN_LOBBY_FLR_4:ZONE HOT WATER EQUIPMENT TOTAL HEATING ENERGY not valid for this simulation.
   ** Warning ** Processing Monthly Tabular Reports: SpaceGainsMonthly
   **   ~~~   ** ..Variable name=ZONE STEAM EQUIPMENT TOTAL HEATING ENERGY not valid for this simulation.
   **   ~~~   ** ..i.e., Variable name=NURSESTN_LOBBY_FLR_4:ZONE STEAM EQUIPMENT TOTAL HEATING ENERGY not valid for this simulation.
   ** Warning ** Processing Monthly Tabular Reports: SpaceGainsMonthly
   **   ~~~   ** ..Variable name=ZONE OTHER EQUIPMENT TOTAL HEATING ENERGY not valid for this simulation.
   **   ~~~   ** ..i.e., Variable name=NURSESTN_LOBBY_FLR_4:ZONE OTHER EQUIPMENT TOTAL HEATING ENERGY not valid for this simulation.
   ** Warning ** Processing Monthly Tabular Reports: SpaceGainsMonthly
   **   ~~~   ** ..Variable name=ZONE GAS EQUIPMENT TOTAL HEATING ENERGY not valid for this simulation.
   **   ~~~   ** ..i.e., Variable name=LAB_FLR_4:ZONE GAS EQUIPMENT TOTAL HEATING ENERGY not valid for this simulation.
   ** Warning ** Processing Monthly Tabular Reports: SpaceGainsMonthly
   **   ~~~   ** ..Variable name=ZONE HOT WATER EQUIPMENT TOTAL HEATING ENERGY not valid for this simulation.
   **   ~~~   ** ..i.e., Variable name=LAB_FLR_4:ZONE HOT WATER EQUIPMENT TOTAL HEATING ENERGY not valid for this simulation.
   ** Warning ** Processing Monthly Tabular Reports: SpaceGainsMonthly
   **   ~~~   ** ..Variable name=ZONE STEAM EQUIPMENT TOTAL HEATING ENERGY not valid for this simulation.
   **   ~~~   ** ..i.e., Variable name=LAB_FLR_4:ZONE STEAM EQUIPMENT TOTAL HEATING ENERGY not valid for this simulation.
   ** Warning ** Processing Monthly Tabular Reports: SpaceGainsMonthly
   **   ~~~   ** ..Variable name=ZONE OTHER EQUIPMENT TOTAL HEATING ENERGY not valid for this simulation.
   **   ~~~   ** ..i.e., Variable name=LAB_FLR_4:ZONE OTHER EQUIPMENT TOTAL HEATING ENERGY not valid for this simulation.
   ** Warning ** Processing Monthly Tabular Reports: SpaceGainsMonthly
   **   ~~~   ** ..Variable name=ZONE ELECTRIC EQUIPMENT TOTAL HEATING ENERGY not valid for this simulation.
   **   ~~~   ** ..i.e., Variable name=CORRIDOR_SE_FLR_4:ZONE ELECTRIC EQUIPMENT TOTAL HEATING ENERGY not valid for this simulation.
   ** Warning ** Processing Monthly Tabular Reports: SpaceGainsMonthly
   **   ~~~   ** ..Variable name=ZONE GAS EQUIPMENT TOTAL HEATING ENERGY not valid for this simulation.
   **   ~~~   ** ..i.e., Variable name=CORRIDOR_SE_FLR_4:ZONE GAS EQUIPMENT TOTAL HEATING ENERGY not valid for this simulation.
   ** Warning ** Processing Monthly Tabular Reports: SpaceGainsMonthly
   **   ~~~   ** ..Variable name=ZONE HOT WATER EQUIPMENT TOTAL HEATING ENERGY not valid for this simulation.
   **   ~~~   ** ..i.e., Variable name=CORRIDOR_SE_FLR_4:ZONE HOT WATER EQUIPMENT TOTAL HEATING ENERGY not valid for this simulation.
   ** Warning ** Processing Monthly Tabular Reports: SpaceGainsMonthly
   **   ~~~   ** ..Variable name=ZONE STEAM EQUIPMENT TOTAL HEATING ENERGY not valid for this simulation.
   **   ~~~   ** ..i.e., Variable name=CORRIDOR_SE_FLR_4:ZONE STEAM EQUIPMENT TOTAL HEATING ENERGY not valid for this simulation.
   ** Warning ** Processing Monthly Tabular Reports: SpaceGainsMonthly
   **   ~~~   ** ..Variable name=ZONE OTHER EQUIPMENT TOTAL HEATING ENERGY not valid for this simulation.
   **   ~~~   ** ..i.e., Variable name=CORRIDOR_SE_FLR_4:ZONE OTHER EQUIPMENT TOTAL HEATING ENERGY not valid for this simulation.
   ** Warning ** Processing Monthly Tabular Reports: SpaceGainsMonthly
   **   ~~~   ** ..Variable name=ZONE ELECTRIC EQUIPMENT TOTAL HEATING ENERGY not valid for this simulation.
   **   ~~~   ** ..i.e., Variable name=CORRIDOR_NW_FLR_4:ZONE ELECTRIC EQUIPMENT TOTAL HEATING ENERGY not valid for this simulation.
   ** Warning ** Processing Monthly Tabular Reports: SpaceGainsMonthly
   **   ~~~   ** ..Variable name=ZONE GAS EQUIPMENT TOTAL HEATING ENERGY not valid for this simulation.
   **   ~~~   ** ..i.e., Variable name=CORRIDOR_NW_FLR_4:ZONE GAS EQUIPMENT TOTAL HEATING ENERGY not valid for this simulation.
   ** Warning ** Processing Monthly Tabular Reports: SpaceGainsMonthly
   **   ~~~   ** ..Variable name=ZONE HOT WATER EQUIPMENT TOTAL HEATING ENERGY not valid for this simulation.
   **   ~~~   ** ..i.e., Variable name=CORRIDOR_NW_FLR_4:ZONE HOT WATER EQUIPMENT TOTAL HEATING ENERGY not valid for this simulation.
   ** Warning ** Processing Monthly Tabular Reports: SpaceGainsMonthly
   **   ~~~   ** ..Variable name=ZONE STEAM EQUIPMENT TOTAL HEATING ENERGY not valid for this simulation.
   **   ~~~   ** ..i.e., Variable name=CORRIDOR_NW_FLR_4:ZONE STEAM EQUIPMENT TOTAL HEATING ENERGY not valid for this simulation.
   ** Warning ** Processing Monthly Tabular Reports: SpaceGainsMonthly
   **   ~~~   ** ..Variable name=ZONE OTHER EQUIPMENT TOTAL HEATING ENERGY not valid for this simulation.
   **   ~~~   ** ..i.e., Variable name=CORRIDOR_NW_FLR_4:ZONE OTHER EQUIPMENT TOTAL HEATING ENERGY not valid for this simulation.
   ** Warning ** Processing Monthly Tabular Reports: SpaceGainsMonthly
   **   ~~~   ** ..Variable name=ZONE GAS EQUIPMENT TOTAL HEATING ENERGY not valid for this simulation.
   **   ~~~   ** ..i.e., Variable name=DINING_FLR_5:ZONE GAS EQUIPMENT TOTAL HEATING ENERGY not valid for this simulation.
   ** Warning ** Processing Monthly Tabular Reports: SpaceGainsMonthly
   **   ~~~   ** ..Variable name=ZONE HOT WATER EQUIPMENT TOTAL HEATING ENERGY not valid for this simulation.
   **   ~~~   ** ..i.e., Variable name=DINING_FLR_5:ZONE HOT WATER EQUIPMENT TOTAL HEATING ENERGY not valid for this simulation.
   ** Warning ** Processing Monthly Tabular Reports: SpaceGainsMonthly
   **   ~~~   ** ..Variable name=ZONE STEAM EQUIPMENT TOTAL HEATING ENERGY not valid for this simulation.
   **   ~~~   ** ..i.e., Variable name=DINING_FLR_5:ZONE STEAM EQUIPMENT TOTAL HEATING ENERGY not valid for this simulation.
   ** Warning ** Processing Monthly Tabular Reports: SpaceGainsMonthly
   **   ~~~   ** ..Variable name=ZONE OTHER EQUIPMENT TOTAL HEATING ENERGY not valid for this simulation.
   **   ~~~   ** ..i.e., Variable name=DINING_FLR_5:ZONE OTHER EQUIPMENT TOTAL HEATING ENERGY not valid for this simulation.
   ** Warning ** Processing Monthly Tabular Reports: SpaceGainsMonthly
   **   ~~~   ** ..Variable name=ZONE GAS EQUIPMENT TOTAL HEATING ENERGY not valid for this simulation.
   **   ~~~   ** ..i.e., Variable name=NURSESTN_LOBBY_FLR_5:ZONE GAS EQUIPMENT TOTAL HEATING ENERGY not valid for this simulation.
   ** Warning ** Processing Monthly Tabular Reports: SpaceGainsMonthly
   **   ~~~   ** ..Variable name=ZONE HOT WATER EQUIPMENT TOTAL HEATING ENERGY not valid for this simulation.
   **   ~~~   ** ..i.e., Variable name=NURSESTN_LOBBY_FLR_5:ZONE HOT WATER EQUIPMENT TOTAL HEATING ENERGY not valid for this simulation.
   ** Warning ** Processing Monthly Tabular Reports: SpaceGainsMonthly
   **   ~~~   ** ..Variable name=ZONE STEAM EQUIPMENT TOTAL HEATING ENERGY not valid for this simulation.
   **   ~~~   ** ..i.e., Variable name=NURSESTN_LOBBY_FLR_5:ZONE STEAM EQUIPMENT TOTAL HEATING ENERGY not valid for this simulation.
   ** Warning ** Processing Monthly Tabular Reports: SpaceGainsMonthly
   **   ~~~   ** ..Variable name=ZONE OTHER EQUIPMENT TOTAL HEATING ENERGY not valid for this simulation.
   **   ~~~   ** ..i.e., Variable name=NURSESTN_LOBBY_FLR_5:ZONE OTHER EQUIPMENT TOTAL HEATING ENERGY not valid for this simulation.
   ** Warning ** Processing Monthly Tabular Reports: SpaceGainsMonthly
   **   ~~~   ** ..Variable name=ZONE HOT WATER EQUIPMENT TOTAL HEATING ENERGY not valid for this simulation.
   **   ~~~   ** ..i.e., Variable name=KITCHEN_FLR_5:ZONE HOT WATER EQUIPMENT TOTAL HEATING ENERGY not valid for this simulation.
   ** Warning ** Processing Monthly Tabular Reports: SpaceGainsMonthly
   **   ~~~   ** ..Variable name=ZONE STEAM EQUIPMENT TOTAL HEATING ENERGY not valid for this simulation.
   **   ~~~   ** ..i.e., Variable name=KITCHEN_FLR_5:ZONE STEAM EQUIPMENT TOTAL HEATING ENERGY not valid for this simulation.
   ** Warning ** Processing Monthly Tabular Reports: SpaceGainsMonthly
   **   ~~~   ** ..Variable name=ZONE OTHER EQUIPMENT TOTAL HEATING ENERGY not valid for this simulation.
   **   ~~~   ** ..i.e., Variable name=KITCHEN_FLR_5:ZONE OTHER EQUIPMENT TOTAL HEATING ENERGY not valid for this simulation.
   ** Warning ** Processing Monthly Tabular Reports: SpaceGainsMonthly
   **   ~~~   ** ..Variable name=ZONE GAS EQUIPMENT TOTAL HEATING ENERGY not valid for this simulation.
   **   ~~~   ** ..i.e., Variable name=OFFICE1_FLR_5:ZONE GAS EQUIPMENT TOTAL HEATING ENERGY not valid for this simulation.
   ** Warning ** Processing Monthly Tabular Reports: SpaceGainsMonthly
   **   ~~~   ** ..Variable name=ZONE HOT WATER EQUIPMENT TOTAL HEATING ENERGY not valid for this simulation.
   **   ~~~   ** ..i.e., Variable name=OFFICE1_FLR_5:ZONE HOT WATER EQUIPMENT TOTAL HEATING ENERGY not valid for this simulation.
   ** Warning ** Processing Monthly Tabular Reports: SpaceGainsMonthly
   **   ~~~   ** ..Variable name=ZONE STEAM EQUIPMENT TOTAL HEATING ENERGY not valid for this simulation.
   **   ~~~   ** ..i.e., Variable name=OFFICE1_FLR_5:ZONE STEAM EQUIPMENT TOTAL HEATING ENERGY not valid for this simulation.
   ** Warning ** Processing Monthly Tabular Reports: SpaceGainsMonthly
   **   ~~~   ** ..Variable name=ZONE OTHER EQUIPMENT TOTAL HEATING ENERGY not valid for this simulation.
   **   ~~~   ** ..i.e., Variable name=OFFICE1_FLR_5:ZONE OTHER EQUIPMENT TOTAL HEATING ENERGY not valid for this simulation.
   ** Warning ** Processing Monthly Tabular Reports: SpaceGainsMonthly
   **   ~~~   ** ..Variable name=ZONE GAS EQUIPMENT TOTAL HEATING ENERGY not valid for this simulation.
   **   ~~~   ** ..i.e., Variable name=OFFICE2_MULT5_FLR_5:ZONE GAS EQUIPMENT TOTAL HEATING ENERGY not valid for this simulation.
   ** Warning ** Processing Monthly Tabular Reports: SpaceGainsMonthly
   **   ~~~   ** ..Variable name=ZONE HOT WATER EQUIPMENT TOTAL HEATING ENERGY not valid for this simulation.
   **   ~~~   ** ..i.e., Variable name=OFFICE2_MULT5_FLR_5:ZONE HOT WATER EQUIPMENT TOTAL HEATING ENERGY not valid for this simulation.
   ** Warning ** Processing Monthly Tabular Reports: SpaceGainsMonthly
   **   ~~~   ** ..Variable name=ZONE STEAM EQUIPMENT TOTAL HEATING ENERGY not valid for this simulation.
   **   ~~~   ** ..i.e., Variable name=OFFICE2_MULT5_FLR_5:ZONE STEAM EQUIPMENT TOTAL HEATING ENERGY not valid for this simulation.
   ** Warning ** Processing Monthly Tabular Reports: SpaceGainsMonthly
   **   ~~~   ** ..Variable name=ZONE OTHER EQUIPMENT TOTAL HEATING ENERGY not valid for this simulation.
   **   ~~~   ** ..i.e., Variable name=OFFICE2_MULT5_FLR_5:ZONE OTHER EQUIPMENT TOTAL HEATING ENERGY not valid for this simulation.
   ** Warning ** Processing Monthly Tabular Reports: SpaceGainsMonthly
   **   ~~~   ** ..Variable name=ZONE GAS EQUIPMENT TOTAL HEATING ENERGY not valid for this simulation.
   **   ~~~   ** ..i.e., Variable name=OFFICE3_FLR_5:ZONE GAS EQUIPMENT TOTAL HEATING ENERGY not valid for this simulation.
   ** Warning ** Processing Monthly Tabular Reports: SpaceGainsMonthly
   **   ~~~   ** ..Variable name=ZONE HOT WATER EQUIPMENT TOTAL HEATING ENERGY not valid for this simulation.
   **   ~~~   ** ..i.e., Variable name=OFFICE3_FLR_5:ZONE HOT WATER EQUIPMENT TOTAL HEATING ENERGY not valid for this simulation.
   ** Warning ** Processing Monthly Tabular Reports: SpaceGainsMonthly
   **   ~~~   ** ..Variable name=ZONE STEAM EQUIPMENT TOTAL HEATING ENERGY not valid for this simulation.
   **   ~~~   ** ..i.e., Variable name=OFFICE3_FLR_5:ZONE STEAM EQUIPMENT TOTAL HEATING ENERGY not valid for this simulation.
   ** Warning ** Processing Monthly Tabular Reports: SpaceGainsMonthly
   **   ~~~   ** ..Variable name=ZONE OTHER EQUIPMENT TOTAL HEATING ENERGY not valid for this simulation.
   **   ~~~   ** ..i.e., Variable name=OFFICE3_FLR_5:ZONE OTHER EQUIPMENT TOTAL HEATING ENERGY not valid for this simulation.
   ** Warning ** Processing Monthly Tabular Reports: SpaceGainsMonthly
   **   ~~~   ** ..Variable name=ZONE GAS EQUIPMENT TOTAL HEATING ENERGY not valid for this simulation.
   **   ~~~   ** ..i.e., Variable name=OFFICE4_MULT6_FLR_5:ZONE GAS EQUIPMENT TOTAL HEATING ENERGY not valid for this simulation.
   ** Warning ** Processing Monthly Tabular Reports: SpaceGainsMonthly
   **   ~~~   ** ..Variable name=ZONE HOT WATER EQUIPMENT TOTAL HEATING ENERGY not valid for this simulation.
   **   ~~~   ** ..i.e., Variable name=OFFICE4_MULT6_FLR_5:ZONE HOT WATER EQUIPMENT TOTAL HEATING ENERGY not valid for this simulation.
   ** Warning ** Processing Monthly Tabular Reports: SpaceGainsMonthly
   **   ~~~   ** ..Variable name=ZONE STEAM EQUIPMENT TOTAL HEATING ENERGY not valid for this simulation.
   **   ~~~   ** ..i.e., Variable name=OFFICE4_MULT6_FLR_5:ZONE STEAM EQUIPMENT TOTAL HEATING ENERGY not valid for this simulation.
   ** Warning ** Processing Monthly Tabular Reports: SpaceGainsMonthly
   **   ~~~   ** ..Variable name=ZONE OTHER EQUIPMENT TOTAL HEATING ENERGY not valid for this simulation.
   **   ~~~   ** ..i.e., Variable name=OFFICE4_MULT6_FLR_5:ZONE OTHER EQUIPMENT TOTAL HEATING ENERGY not valid for this simulation.
   ** Warning ** Processing Monthly Tabular Reports: SpaceGainsMonthly
   **   ~~~   ** ..Variable name=ZONE ELECTRIC EQUIPMENT TOTAL HEATING ENERGY not valid for this simulation.
   **   ~~~   ** ..i.e., Variable name=CORRIDOR_FLR_5:ZONE ELECTRIC EQUIPMENT TOTAL HEATING ENERGY not valid for this simulation.
   ** Warning ** Processing Monthly Tabular Reports: SpaceGainsMonthly
   **   ~~~   ** ..Variable name=ZONE GAS EQUIPMENT TOTAL HEATING ENERGY not valid for this simulation.
   **   ~~~   ** ..i.e., Variable name=CORRIDOR_FLR_5:ZONE GAS EQUIPMENT TOTAL HEATING ENERGY not valid for this simulation.
   ** Warning ** Processing Monthly Tabular Reports: SpaceGainsMonthly
   **   ~~~   ** ..Variable name=ZONE HOT WATER EQUIPMENT TOTAL HEATING ENERGY not valid for this simulation.
   **   ~~~   ** ..i.e., Variable name=CORRIDOR_FLR_5:ZONE HOT WATER EQUIPMENT TOTAL HEATING ENERGY not valid for this simulation.
   ** Warning ** Processing Monthly Tabular Reports: SpaceGainsMonthly
   **   ~~~   ** ..Variable name=ZONE STEAM EQUIPMENT TOTAL HEATING ENERGY not valid for this simulation.
   **   ~~~   ** ..i.e., Variable name=CORRIDOR_FLR_5:ZONE STEAM EQUIPMENT TOTAL HEATING ENERGY not valid for this simulation.
   ** Warning ** Processing Monthly Tabular Reports: SpaceGainsMonthly
   **   ~~~   ** ..Variable name=ZONE OTHER EQUIPMENT TOTAL HEATING ENERGY not valid for this simulation.
   **   ~~~   ** ..i.e., Variable name=CORRIDOR_FLR_5:ZONE OTHER EQUIPMENT TOTAL HEATING ENERGY not valid for this simulation.
   ** Warning ** Processing Monthly Tabular Reports: PeakSpaceGainsMonthly
   **   ~~~   ** ..Variable name=ZONE HOT WATER EQUIPMENT TOTAL HEATING ENERGY not valid for this simulation.
   ** Warning ** Processing Monthly Tabular Reports: PeakSpaceGainsMonthly
   **   ~~~   ** ..Variable name=ZONE STEAM EQUIPMENT TOTAL HEATING ENERGY not valid for this simulation.
   ** Warning ** Processing Monthly Tabular Reports: PeakSpaceGainsMonthly
   **   ~~~   ** ..Variable name=ZONE OTHER EQUIPMENT TOTAL HEATING ENERGY not valid for this simulation.
   ** Warning ** Processing Monthly Tabular Reports: PeakSpaceGainsMonthly
   **   ~~~   ** ..Variable name=ZONE GAS EQUIPMENT TOTAL HEATING ENERGY not valid for this simulation.
   **   ~~~   ** ..i.e., Variable name=BASEMENT:ZONE GAS EQUIPMENT TOTAL HEATING ENERGY not valid for this simulation.
   ** Warning ** Processing Monthly Tabular Reports: PeakSpaceGainsMonthly
   **   ~~~   ** ..Variable name=ZONE HOT WATER EQUIPMENT TOTAL HEATING ENERGY not valid for this simulation.
   **   ~~~   ** ..i.e., Variable name=BASEMENT:ZONE HOT WATER EQUIPMENT TOTAL HEATING ENERGY not valid for this simulation.
   ** Warning ** Processing Monthly Tabular Reports: PeakSpaceGainsMonthly
   **   ~~~   ** ..Variable name=ZONE STEAM EQUIPMENT TOTAL HEATING ENERGY not valid for this simulation.
   **   ~~~   ** ..i.e., Variable name=BASEMENT:ZONE STEAM EQUIPMENT TOTAL HEATING ENERGY not valid for this simulation.
   ** Warning ** Processing Monthly Tabular Reports: PeakSpaceGainsMonthly
   **   ~~~   ** ..Variable name=ZONE OTHER EQUIPMENT TOTAL HEATING ENERGY not valid for this simulation.
   **   ~~~   ** ..i.e., Variable name=BASEMENT:ZONE OTHER EQUIPMENT TOTAL HEATING ENERGY not valid for this simulation.
   ** Warning ** Processing Monthly Tabular Reports: PeakSpaceGainsMonthly
   **   ~~~   ** ..Variable name=ZONE GAS EQUIPMENT TOTAL HEATING ENERGY not valid for this simulation.
   **   ~~~   ** ..i.e., Variable name=ER_EXAM1_MULT4_FLR_1:ZONE GAS EQUIPMENT TOTAL HEATING ENERGY not valid for this simulation.
   ** Warning ** Processing Monthly Tabular Reports: PeakSpaceGainsMonthly
   **   ~~~   ** ..Variable name=ZONE HOT WATER EQUIPMENT TOTAL HEATING ENERGY not valid for this simulation.
   **   ~~~   ** ..i.e., Variable name=ER_EXAM1_MULT4_FLR_1:ZONE HOT WATER EQUIPMENT TOTAL HEATING ENERGY not valid for this simulation.
   ** Warning ** Processing Monthly Tabular Reports: PeakSpaceGainsMonthly
   **   ~~~   ** ..Variable name=ZONE STEAM EQUIPMENT TOTAL HEATING ENERGY not valid for this simulation.
   **   ~~~   ** ..i.e., Variable name=ER_EXAM1_MULT4_FLR_1:ZONE STEAM EQUIPMENT TOTAL HEATING ENERGY not valid for this simulation.
   ** Warning ** Processing Monthly Tabular Reports: PeakSpaceGainsMonthly
   **   ~~~   ** ..Variable name=ZONE OTHER EQUIPMENT TOTAL HEATING ENERGY not valid for this simulation.
   **   ~~~   ** ..i.e., Variable name=ER_EXAM1_MULT4_FLR_1:ZONE OTHER EQUIPMENT TOTAL HEATING ENERGY not valid for this simulation.
   ** Warning ** Processing Monthly Tabular Reports: PeakSpaceGainsMonthly
   **   ~~~   ** ..Variable name=ZONE GAS EQUIPMENT TOTAL HEATING ENERGY not valid for this simulation.
   **   ~~~   ** ..i.e., Variable name=ER_TRAUMA1_FLR_1:ZONE GAS EQUIPMENT TOTAL HEATING ENERGY not valid for this simulation.
   ** Warning ** Processing Monthly Tabular Reports: PeakSpaceGainsMonthly
   **   ~~~   ** ..Variable name=ZONE HOT WATER EQUIPMENT TOTAL HEATING ENERGY not valid for this simulation.
   **   ~~~   ** ..i.e., Variable name=ER_TRAUMA1_FLR_1:ZONE HOT WATER EQUIPMENT TOTAL HEATING ENERGY not valid for this simulation.
   ** Warning ** Processing Monthly Tabular Reports: PeakSpaceGainsMonthly
   **   ~~~   ** ..Variable name=ZONE STEAM EQUIPMENT TOTAL HEATING ENERGY not valid for this simulation.
   **   ~~~   ** ..i.e., Variable name=ER_TRAUMA1_FLR_1:ZONE STEAM EQUIPMENT TOTAL HEATING ENERGY not valid for this simulation.
   ** Warning ** Processing Monthly Tabular Reports: PeakSpaceGainsMonthly
   **   ~~~   ** ..Variable name=ZONE OTHER EQUIPMENT TOTAL HEATING ENERGY not valid for this simulation.
   **   ~~~   ** ..i.e., Variable name=ER_TRAUMA1_FLR_1:ZONE OTHER EQUIPMENT TOTAL HEATING ENERGY not valid for this simulation.
   ** Warning ** Processing Monthly Tabular Reports: PeakSpaceGainsMonthly
   **   ~~~   ** ..Variable name=ZONE GAS EQUIPMENT TOTAL HEATING ENERGY not valid for this simulation.
   **   ~~~   ** ..i.e., Variable name=ER_EXAM3_MULT4_FLR_1:ZONE GAS EQUIPMENT TOTAL HEATING ENERGY not valid for this simulation.
   ** Warning ** Processing Monthly Tabular Reports: PeakSpaceGainsMonthly
   **   ~~~   ** ..Variable name=ZONE HOT WATER EQUIPMENT TOTAL HEATING ENERGY not valid for this simulation.
   **   ~~~   ** ..i.e., Variable name=ER_EXAM3_MULT4_FLR_1:ZONE HOT WATER EQUIPMENT TOTAL HEATING ENERGY not valid for this simulation.
   ** Warning ** Processing Monthly Tabular Reports: PeakSpaceGainsMonthly
   **   ~~~   ** ..Variable name=ZONE STEAM EQUIPMENT TOTAL HEATING ENERGY not valid for this simulation.
   **   ~~~   ** ..i.e., Variable name=ER_EXAM3_MULT4_FLR_1:ZONE STEAM EQUIPMENT TOTAL HEATING ENERGY not valid for this simulation.
   ** Warning ** Processing Monthly Tabular Reports: PeakSpaceGainsMonthly
   **   ~~~   ** ..Variable name=ZONE OTHER EQUIPMENT TOTAL HEATING ENERGY not valid for this simulation.
   **   ~~~   ** ..i.e., Variable name=ER_EXAM3_MULT4_FLR_1:ZONE OTHER EQUIPMENT TOTAL HEATING ENERGY not valid for this simulation.
   ** Warning ** Processing Monthly Tabular Reports: PeakSpaceGainsMonthly
   **   ~~~   ** ..Variable name=ZONE GAS EQUIPMENT TOTAL HEATING ENERGY not valid for this simulation.
   **   ~~~   ** ..i.e., Variable name=ER_TRAUMA2_FLR_1:ZONE GAS EQUIPMENT TOTAL HEATING ENERGY not valid for this simulation.
   ** Warning ** Processing Monthly Tabular Reports: PeakSpaceGainsMonthly
   **   ~~~   ** ..Variable name=ZONE HOT WATER EQUIPMENT TOTAL HEATING ENERGY not valid for this simulation.
   **   ~~~   ** ..i.e., Variable name=ER_TRAUMA2_FLR_1:ZONE HOT WATER EQUIPMENT TOTAL HEATING ENERGY not valid for this simulation.
   ** Warning ** Processing Monthly Tabular Reports: PeakSpaceGainsMonthly
   **   ~~~   ** ..Variable name=ZONE STEAM EQUIPMENT TOTAL HEATING ENERGY not valid for this simulation.
   **   ~~~   ** ..i.e., Variable name=ER_TRAUMA2_FLR_1:ZONE STEAM EQUIPMENT TOTAL HEATING ENERGY not valid for this simulation.
   ** Warning ** Processing Monthly Tabular Reports: PeakSpaceGainsMonthly
   **   ~~~   ** ..Variable name=ZONE OTHER EQUIPMENT TOTAL HEATING ENERGY not valid for this simulation.
   **   ~~~   ** ..i.e., Variable name=ER_TRAUMA2_FLR_1:ZONE OTHER EQUIPMENT TOTAL HEATING ENERGY not valid for this simulation.
   ** Warning ** Processing Monthly Tabular Reports: PeakSpaceGainsMonthly
   **   ~~~   ** ..Variable name=ZONE GAS EQUIPMENT TOTAL HEATING ENERGY not valid for this simulation.
   **   ~~~   ** ..i.e., Variable name=ER_TRIAGE_MULT4_FLR_1:ZONE GAS EQUIPMENT TOTAL HEATING ENERGY not valid for this simulation.
   ** Warning ** Processing Monthly Tabular Reports: PeakSpaceGainsMonthly
   **   ~~~   ** ..Variable name=ZONE HOT WATER EQUIPMENT TOTAL HEATING ENERGY not valid for this simulation.
   **   ~~~   ** ..i.e., Variable name=ER_TRIAGE_MULT4_FLR_1:ZONE HOT WATER EQUIPMENT TOTAL HEATING ENERGY not valid for this simulation.
   ** Warning ** Processing Monthly Tabular Reports: PeakSpaceGainsMonthly
   **   ~~~   ** ..Variable name=ZONE STEAM EQUIPMENT TOTAL HEATING ENERGY not valid for this simulation.
   **   ~~~   ** ..i.e., Variable name=ER_TRIAGE_MULT4_FLR_1:ZONE STEAM EQUIPMENT TOTAL HEATING ENERGY not valid for this simulation.
   ** Warning ** Processing Monthly Tabular Reports: PeakSpaceGainsMonthly
   **   ~~~   ** ..Variable name=ZONE OTHER EQUIPMENT TOTAL HEATING ENERGY not valid for this simulation.
   **   ~~~   ** ..i.e., Variable name=ER_TRIAGE_MULT4_FLR_1:ZONE OTHER EQUIPMENT TOTAL HEATING ENERGY not valid for this simulation.
   ** Warning ** Processing Monthly Tabular Reports: PeakSpaceGainsMonthly
   **   ~~~   ** ..Variable name=ZONE GAS EQUIPMENT TOTAL HEATING ENERGY not valid for this simulation.
   **   ~~~   ** ..i.e., Variable name=OFFICE1_MULT4_FLR_1:ZONE GAS EQUIPMENT TOTAL HEATING ENERGY not valid for this simulation.
   ** Warning ** Processing Monthly Tabular Reports: PeakSpaceGainsMonthly
   **   ~~~   ** ..Variable name=ZONE HOT WATER EQUIPMENT TOTAL HEATING ENERGY not valid for this simulation.
   **   ~~~   ** ..i.e., Variable name=OFFICE1_MULT4_FLR_1:ZONE HOT WATER EQUIPMENT TOTAL HEATING ENERGY not valid for this simulation.
   ** Warning ** Processing Monthly Tabular Reports: PeakSpaceGainsMonthly
   **   ~~~   ** ..Variable name=ZONE STEAM EQUIPMENT TOTAL HEATING ENERGY not valid for this simulation.
   **   ~~~   ** ..i.e., Variable name=OFFICE1_MULT4_FLR_1:ZONE STEAM EQUIPMENT TOTAL HEATING ENERGY not valid for this simulation.
   ** Warning ** Processing Monthly Tabular Reports: PeakSpaceGainsMonthly
   **   ~~~   ** ..Variable name=ZONE OTHER EQUIPMENT TOTAL HEATING ENERGY not valid for this simulation.
   **   ~~~   ** ..i.e., Variable name=OFFICE1_MULT4_FLR_1:ZONE OTHER EQUIPMENT TOTAL HEATING ENERGY not valid for this simulation.
   ** Warning ** Processing Monthly Tabular Reports: PeakSpaceGainsMonthly
   **   ~~~   ** ..Variable name=ZONE GAS EQUIPMENT TOTAL HEATING ENERGY not valid for this simulation.
   **   ~~~   ** ..i.e., Variable name=LOBBY_RECORDS_FLR_1:ZONE GAS EQUIPMENT TOTAL HEATING ENERGY not valid for this simulation.
   ** Warning ** Processing Monthly Tabular Reports: PeakSpaceGainsMonthly
   **   ~~~   ** ..Variable name=ZONE HOT WATER EQUIPMENT TOTAL HEATING ENERGY not valid for this simulation.
   **   ~~~   ** ..i.e., Variable name=LOBBY_RECORDS_FLR_1:ZONE HOT WATER EQUIPMENT TOTAL HEATING ENERGY not valid for this simulation.
   ** Warning ** Processing Monthly Tabular Reports: PeakSpaceGainsMonthly
   **   ~~~   ** ..Variable name=ZONE STEAM EQUIPMENT TOTAL HEATING ENERGY not valid for this simulation.
   **   ~~~   ** ..i.e., Variable name=LOBBY_RECORDS_FLR_1:ZONE STEAM EQUIPMENT TOTAL HEATING ENERGY not valid for this simulation.
   ** Warning ** Processing Monthly Tabular Reports: PeakSpaceGainsMonthly
   **   ~~~   ** ..Variable name=ZONE OTHER EQUIPMENT TOTAL HEATING ENERGY not valid for this simulation.
   **   ~~~   ** ..i.e., Variable name=LOBBY_RECORDS_FLR_1:ZONE OTHER EQUIPMENT TOTAL HEATING ENERGY not valid for this simulation.
   ** Warning ** Processing Monthly Tabular Reports: PeakSpaceGainsMonthly
   **   ~~~   ** ..Variable name=ZONE ELECTRIC EQUIPMENT TOTAL HEATING ENERGY not valid for this simulation.
   **   ~~~   ** ..i.e., Variable name=CORRIDOR_FLR_1:ZONE ELECTRIC EQUIPMENT TOTAL HEATING ENERGY not valid for this simulation.
   ** Warning ** Processing Monthly Tabular Reports: PeakSpaceGainsMonthly
   **   ~~~   ** ..Variable name=ZONE GAS EQUIPMENT TOTAL HEATING ENERGY not valid for this simulation.
   **   ~~~   ** ..i.e., Variable name=CORRIDOR_FLR_1:ZONE GAS EQUIPMENT TOTAL HEATING ENERGY not valid for this simulation.
   ** Warning ** Processing Monthly Tabular Reports: PeakSpaceGainsMonthly
   **   ~~~   ** ..Variable name=ZONE HOT WATER EQUIPMENT TOTAL HEATING ENERGY not valid for this simulation.
   **   ~~~   ** ..i.e., Variable name=CORRIDOR_FLR_1:ZONE HOT WATER EQUIPMENT TOTAL HEATING ENERGY not valid for this simulation.
   ** Warning ** Processing Monthly Tabular Reports: PeakSpaceGainsMonthly
   **   ~~~   ** ..Variable name=ZONE STEAM EQUIPMENT TOTAL HEATING ENERGY not valid for this simulation.
   **   ~~~   ** ..i.e., Variable name=CORRIDOR_FLR_1:ZONE STEAM EQUIPMENT TOTAL HEATING ENERGY not valid for this simulation.
   ** Warning ** Processing Monthly Tabular Reports: PeakSpaceGainsMonthly
   **   ~~~   ** ..Variable name=ZONE OTHER EQUIPMENT TOTAL HEATING ENERGY not valid for this simulation.
   **   ~~~   ** ..i.e., Variable name=CORRIDOR_FLR_1:ZONE OTHER EQUIPMENT TOTAL HEATING ENERGY not valid for this simulation.
   ** Warning ** Processing Monthly Tabular Reports: PeakSpaceGainsMonthly
   **   ~~~   ** ..Variable name=ZONE GAS EQUIPMENT TOTAL HEATING ENERGY not valid for this simulation.
   **   ~~~   ** ..i.e., Variable name=ER_NURSESTN_LOBBY_FLR_1:ZONE GAS EQUIPMENT TOTAL HEATING ENERGY not valid for this simulation.
   ** Warning ** Processing Monthly Tabular Reports: PeakSpaceGainsMonthly
   **   ~~~   ** ..Variable name=ZONE HOT WATER EQUIPMENT TOTAL HEATING ENERGY not valid for this simulation.
   **   ~~~   ** ..i.e., Variable name=ER_NURSESTN_LOBBY_FLR_1:ZONE HOT WATER EQUIPMENT TOTAL HEATING ENERGY not valid for this simulation.
   ** Warning ** Processing Monthly Tabular Reports: PeakSpaceGainsMonthly
   **   ~~~   ** ..Variable name=ZONE STEAM EQUIPMENT TOTAL HEATING ENERGY not valid for this simulation.
   **   ~~~   ** ..i.e., Variable name=ER_NURSESTN_LOBBY_FLR_1:ZONE STEAM EQUIPMENT TOTAL HEATING ENERGY not valid for this simulation.
   ** Warning ** Processing Monthly Tabular Reports: PeakSpaceGainsMonthly
   **   ~~~   ** ..Variable name=ZONE OTHER EQUIPMENT TOTAL HEATING ENERGY not valid for this simulation.
   **   ~~~   ** ..i.e., Variable name=ER_NURSESTN_LOBBY_FLR_1:ZONE OTHER EQUIPMENT TOTAL HEATING ENERGY not valid for this simulation.
   ** Warning ** Processing Monthly Tabular Reports: PeakSpaceGainsMonthly
   **   ~~~   ** ..Variable name=ZONE GAS EQUIPMENT TOTAL HEATING ENERGY not valid for this simulation.
   **   ~~~   ** ..i.e., Variable name=OR1_FLR_2:ZONE GAS EQUIPMENT TOTAL HEATING ENERGY not valid for this simulation.
   ** Warning ** Processing Monthly Tabular Reports: PeakSpaceGainsMonthly
   **   ~~~   ** ..Variable name=ZONE HOT WATER EQUIPMENT TOTAL HEATING ENERGY not valid for this simulation.
   **   ~~~   ** ..i.e., Variable name=OR1_FLR_2:ZONE HOT WATER EQUIPMENT TOTAL HEATING ENERGY not valid for this simulation.
   ** Warning ** Processing Monthly Tabular Reports: PeakSpaceGainsMonthly
   **   ~~~   ** ..Variable name=ZONE STEAM EQUIPMENT TOTAL HEATING ENERGY not valid for this simulation.
   **   ~~~   ** ..i.e., Variable name=OR1_FLR_2:ZONE STEAM EQUIPMENT TOTAL HEATING ENERGY not valid for this simulation.
   ** Warning ** Processing Monthly Tabular Reports: PeakSpaceGainsMonthly
   **   ~~~   ** ..Variable name=ZONE OTHER EQUIPMENT TOTAL HEATING ENERGY not valid for this simulation.
   **   ~~~   ** ..i.e., Variable name=OR1_FLR_2:ZONE OTHER EQUIPMENT TOTAL HEATING ENERGY not valid for this simulation.
   ** Warning ** Processing Monthly Tabular Reports: PeakSpaceGainsMonthly
   **   ~~~   ** ..Variable name=ZONE GAS EQUIPMENT TOTAL HEATING ENERGY not valid for this simulation.
   **   ~~~   ** ..i.e., Variable name=OR2_MULT5_FLR_2:ZONE GAS EQUIPMENT TOTAL HEATING ENERGY not valid for this simulation.
   ** Warning ** Processing Monthly Tabular Reports: PeakSpaceGainsMonthly
   **   ~~~   ** ..Variable name=ZONE HOT WATER EQUIPMENT TOTAL HEATING ENERGY not valid for this simulation.
   **   ~~~   ** ..i.e., Variable name=OR2_MULT5_FLR_2:ZONE HOT WATER EQUIPMENT TOTAL HEATING ENERGY not valid for this simulation.
   ** Warning ** Processing Monthly Tabular Reports: PeakSpaceGainsMonthly
   **   ~~~   ** ..Variable name=ZONE STEAM EQUIPMENT TOTAL HEATING ENERGY not valid for this simulation.
   **   ~~~   ** ..i.e., Variable name=OR2_MULT5_FLR_2:ZONE STEAM EQUIPMENT TOTAL HEATING ENERGY not valid for this simulation.
   ** Warning ** Processing Monthly Tabular Reports: PeakSpaceGainsMonthly
   **   ~~~   ** ..Variable name=ZONE OTHER EQUIPMENT TOTAL HEATING ENERGY not valid for this simulation.
   **   ~~~   ** ..i.e., Variable name=OR2_MULT5_FLR_2:ZONE OTHER EQUIPMENT TOTAL HEATING ENERGY not valid for this simulation.
   ** Warning ** Processing Monthly Tabular Reports: PeakSpaceGainsMonthly
   **   ~~~   ** ..Variable name=ZONE GAS EQUIPMENT TOTAL HEATING ENERGY not valid for this simulation.
   **   ~~~   ** ..i.e., Variable name=OR3_FLR_2:ZONE GAS EQUIPMENT TOTAL HEATING ENERGY not valid for this simulation.
   ** Warning ** Processing Monthly Tabular Reports: PeakSpaceGainsMonthly
   **   ~~~   ** ..Variable name=ZONE HOT WATER EQUIPMENT TOTAL HEATING ENERGY not valid for this simulation.
   **   ~~~   ** ..i.e., Variable name=OR3_FLR_2:ZONE HOT WATER EQUIPMENT TOTAL HEATING ENERGY not valid for this simulation.
   ** Warning ** Processing Monthly Tabular Reports: PeakSpaceGainsMonthly
   **   ~~~   ** ..Variable name=ZONE STEAM EQUIPMENT TOTAL HEATING ENERGY not valid for this simulation.
   **   ~~~   ** ..i.e., Variable name=OR3_FLR_2:ZONE STEAM EQUIPMENT TOTAL HEATING ENERGY not valid for this simulation.
   ** Warning ** Processing Monthly Tabular Reports: PeakSpaceGainsMonthly
   **   ~~~   ** ..Variable name=ZONE OTHER EQUIPMENT TOTAL HEATING ENERGY not valid for this simulation.
   **   ~~~   ** ..i.e., Variable name=OR3_FLR_2:ZONE OTHER EQUIPMENT TOTAL HEATING ENERGY not valid for this simulation.
   ** Warning ** Processing Monthly Tabular Reports: PeakSpaceGainsMonthly
   **   ~~~   ** ..Variable name=ZONE GAS EQUIPMENT TOTAL HEATING ENERGY not valid for this simulation.
   **   ~~~   ** ..i.e., Variable name=OR4_FLR_2:ZONE GAS EQUIPMENT TOTAL HEATING ENERGY not valid for this simulation.
   ** Warning ** Processing Monthly Tabular Reports: PeakSpaceGainsMonthly
   **   ~~~   ** ..Variable name=ZONE HOT WATER EQUIPMENT TOTAL HEATING ENERGY not valid for this simulation.
   **   ~~~   ** ..i.e., Variable name=OR4_FLR_2:ZONE HOT WATER EQUIPMENT TOTAL HEATING ENERGY not valid for this simulation.
   ** Warning ** Processing Monthly Tabular Reports: PeakSpaceGainsMonthly
   **   ~~~   ** ..Variable name=ZONE STEAM EQUIPMENT TOTAL HEATING ENERGY not valid for this simulation.
   **   ~~~   ** ..i.e., Variable name=OR4_FLR_2:ZONE STEAM EQUIPMENT TOTAL HEATING ENERGY not valid for this simulation.
   ** Warning ** Processing Monthly Tabular Reports: PeakSpaceGainsMonthly
   **   ~~~   ** ..Variable name=ZONE OTHER EQUIPMENT TOTAL HEATING ENERGY not valid for this simulation.
   **   ~~~   ** ..i.e., Variable name=OR4_FLR_2:ZONE OTHER EQUIPMENT TOTAL HEATING ENERGY not valid for this simulation.
   ** Warning ** Processing Monthly Tabular Reports: PeakSpaceGainsMonthly
   **   ~~~   ** ..Variable name=ZONE GAS EQUIPMENT TOTAL HEATING ENERGY not valid for this simulation.
   **   ~~~   ** ..i.e., Variable name=IC_PATROOM1_MULT5_FLR_2:ZONE GAS EQUIPMENT TOTAL HEATING ENERGY not valid for this simulation.
   ** Warning ** Processing Monthly Tabular Reports: PeakSpaceGainsMonthly
   **   ~~~   ** ..Variable name=ZONE HOT WATER EQUIPMENT TOTAL HEATING ENERGY not valid for this simulation.
   **   ~~~   ** ..i.e., Variable name=IC_PATROOM1_MULT5_FLR_2:ZONE HOT WATER EQUIPMENT TOTAL HEATING ENERGY not valid for this simulation.
   ** Warning ** Processing Monthly Tabular Reports: PeakSpaceGainsMonthly
   **   ~~~   ** ..Variable name=ZONE STEAM EQUIPMENT TOTAL HEATING ENERGY not valid for this simulation.
   **   ~~~   ** ..i.e., Variable name=IC_PATROOM1_MULT5_FLR_2:ZONE STEAM EQUIPMENT TOTAL HEATING ENERGY not valid for this simulation.
   ** Warning ** Processing Monthly Tabular Reports: PeakSpaceGainsMonthly
   **   ~~~   ** ..Variable name=ZONE OTHER EQUIPMENT TOTAL HEATING ENERGY not valid for this simulation.
   **   ~~~   ** ..i.e., Variable name=IC_PATROOM1_MULT5_FLR_2:ZONE OTHER EQUIPMENT TOTAL HEATING ENERGY not valid for this simulation.
   ** Warning ** Processing Monthly Tabular Reports: PeakSpaceGainsMonthly
   **   ~~~   ** ..Variable name=ZONE GAS EQUIPMENT TOTAL HEATING ENERGY not valid for this simulation.
   **   ~~~   ** ..i.e., Variable name=IC_PATROOM2_FLR_2:ZONE GAS EQUIPMENT TOTAL HEATING ENERGY not valid for this simulation.
   ** Warning ** Processing Monthly Tabular Reports: PeakSpaceGainsMonthly
   **   ~~~   ** ..Variable name=ZONE HOT WATER EQUIPMENT TOTAL HEATING ENERGY not valid for this simulation.
   **   ~~~   ** ..i.e., Variable name=IC_PATROOM2_FLR_2:ZONE HOT WATER EQUIPMENT TOTAL HEATING ENERGY not valid for this simulation.
   ** Warning ** Processing Monthly Tabular Reports: PeakSpaceGainsMonthly
   **   ~~~   ** ..Variable name=ZONE STEAM EQUIPMENT TOTAL HEATING ENERGY not valid for this simulation.
   **   ~~~   ** ..i.e., Variable name=IC_PATROOM2_FLR_2:ZONE STEAM EQUIPMENT TOTAL HEATING ENERGY not valid for this simulation.
   ** Warning ** Processing Monthly Tabular Reports: PeakSpaceGainsMonthly
   **   ~~~   ** ..Variable name=ZONE OTHER EQUIPMENT TOTAL HEATING ENERGY not valid for this simulation.
   **   ~~~   ** ..i.e., Variable name=IC_PATROOM2_FLR_2:ZONE OTHER EQUIPMENT TOTAL HEATING ENERGY not valid for this simulation.
   ** Warning ** Processing Monthly Tabular Reports: PeakSpaceGainsMonthly
   **   ~~~   ** ..Variable name=ZONE GAS EQUIPMENT TOTAL HEATING ENERGY not valid for this simulation.
   **   ~~~   ** ..i.e., Variable name=IC_PATROOM3_MULT6_FLR_2:ZONE GAS EQUIPMENT TOTAL HEATING ENERGY not valid for this simulation.
   ** Warning ** Processing Monthly Tabular Reports: PeakSpaceGainsMonthly
   **   ~~~   ** ..Variable name=ZONE HOT WATER EQUIPMENT TOTAL HEATING ENERGY not valid for this simulation.
   **   ~~~   ** ..i.e., Variable name=IC_PATROOM3_MULT6_FLR_2:ZONE HOT WATER EQUIPMENT TOTAL HEATING ENERGY not valid for this simulation.
   ** Warning ** Processing Monthly Tabular Reports: PeakSpaceGainsMonthly
   **   ~~~   ** ..Variable name=ZONE STEAM EQUIPMENT TOTAL HEATING ENERGY not valid for this simulation.
   **   ~~~   ** ..i.e., Variable name=IC_PATROOM3_MULT6_FLR_2:ZONE STEAM EQUIPMENT TOTAL HEATING ENERGY not valid for this simulation.
   ** Warning ** Processing Monthly Tabular Reports: PeakSpaceGainsMonthly
   **   ~~~   ** ..Variable name=ZONE OTHER EQUIPMENT TOTAL HEATING ENERGY not valid for this simulation.
   **   ~~~   ** ..i.e., Variable name=IC_PATROOM3_MULT6_FLR_2:ZONE OTHER EQUIPMENT TOTAL HEATING ENERGY not valid for this simulation.
   ** Warning ** Processing Monthly Tabular Reports: PeakSpaceGainsMonthly
   **   ~~~   ** ..Variable name=ZONE GAS EQUIPMENT TOTAL HEATING ENERGY not valid for this simulation.
   **   ~~~   ** ..i.e., Variable name=ICU_FLR_2:ZONE GAS EQUIPMENT TOTAL HEATING ENERGY not valid for this simulation.
   ** Warning ** Processing Monthly Tabular Reports: PeakSpaceGainsMonthly
   **   ~~~   ** ..Variable name=ZONE HOT WATER EQUIPMENT TOTAL HEATING ENERGY not valid for this simulation.
   **   ~~~   ** ..i.e., Variable name=ICU_FLR_2:ZONE HOT WATER EQUIPMENT TOTAL HEATING ENERGY not valid for this simulation.
   ** Warning ** Processing Monthly Tabular Reports: PeakSpaceGainsMonthly
   **   ~~~   ** ..Variable name=ZONE STEAM EQUIPMENT TOTAL HEATING ENERGY not valid for this simulation.
   **   ~~~   ** ..i.e., Variable name=ICU_FLR_2:ZONE STEAM EQUIPMENT TOTAL HEATING ENERGY not valid for this simulation.
   ** Warning ** Processing Monthly Tabular Reports: PeakSpaceGainsMonthly
   **   ~~~   ** ..Variable name=ZONE OTHER EQUIPMENT TOTAL HEATING ENERGY not valid for this simulation.
   **   ~~~   ** ..i.e., Variable name=ICU_FLR_2:ZONE OTHER EQUIPMENT TOTAL HEATING ENERGY not valid for this simulation.
   ** Warning ** Processing Monthly Tabular Reports: PeakSpaceGainsMonthly
   **   ~~~   ** ..Variable name=ZONE GAS EQUIPMENT TOTAL HEATING ENERGY not valid for this simulation.
   **   ~~~   ** ..i.e., Variable name=ICU_NURSESTN_LOBBY_FLR_2:ZONE GAS EQUIPMENT TOTAL HEATING ENERGY not valid for this simulation.
   ** Warning ** Processing Monthly Tabular Reports: PeakSpaceGainsMonthly
   **   ~~~   ** ..Variable name=ZONE HOT WATER EQUIPMENT TOTAL HEATING ENERGY not valid for this simulation.
   **   ~~~   ** ..i.e., Variable name=ICU_NURSESTN_LOBBY_FLR_2:ZONE HOT WATER EQUIPMENT TOTAL HEATING ENERGY not valid for this simulation.
   ** Warning ** Processing Monthly Tabular Reports: PeakSpaceGainsMonthly
   **   ~~~   ** ..Variable name=ZONE STEAM EQUIPMENT TOTAL HEATING ENERGY not valid for this simulation.
   **   ~~~   ** ..i.e., Variable name=ICU_NURSESTN_LOBBY_FLR_2:ZONE STEAM EQUIPMENT TOTAL HEATING ENERGY not valid for this simulation.
   ** Warning ** Processing Monthly Tabular Reports: PeakSpaceGainsMonthly
   **   ~~~   ** ..Variable name=ZONE OTHER EQUIPMENT TOTAL HEATING ENERGY not valid for this simulation.
   **   ~~~   ** ..i.e., Variable name=ICU_NURSESTN_LOBBY_FLR_2:ZONE OTHER EQUIPMENT TOTAL HEATING ENERGY not valid for this simulation.
   ** Warning ** Processing Monthly Tabular Reports: PeakSpaceGainsMonthly
   **   ~~~   ** ..Variable name=ZONE ELECTRIC EQUIPMENT TOTAL HEATING ENERGY not valid for this simulation.
   **   ~~~   ** ..i.e., Variable name=CORRIDOR_FLR_2:ZONE ELECTRIC EQUIPMENT TOTAL HEATING ENERGY not valid for this simulation.
   ** Warning ** Processing Monthly Tabular Reports: PeakSpaceGainsMonthly
   **   ~~~   ** ..Variable name=ZONE GAS EQUIPMENT TOTAL HEATING ENERGY not valid for this simulation.
   **   ~~~   ** ..i.e., Variable name=CORRIDOR_FLR_2:ZONE GAS EQUIPMENT TOTAL HEATING ENERGY not valid for this simulation.
   ** Warning ** Processing Monthly Tabular Reports: PeakSpaceGainsMonthly
   **   ~~~   ** ..Variable name=ZONE HOT WATER EQUIPMENT TOTAL HEATING ENERGY not valid for this simulation.
   **   ~~~   ** ..i.e., Variable name=CORRIDOR_FLR_2:ZONE HOT WATER EQUIPMENT TOTAL HEATING ENERGY not valid for this simulation.
   ** Warning ** Processing Monthly Tabular Reports: PeakSpaceGainsMonthly
   **   ~~~   ** ..Variable name=ZONE STEAM EQUIPMENT TOTAL HEATING ENERGY not valid for this simulation.
   **   ~~~   ** ..i.e., Variable name=CORRIDOR_FLR_2:ZONE STEAM EQUIPMENT TOTAL HEATING ENERGY not valid for this simulation.
   ** Warning ** Processing Monthly Tabular Reports: PeakSpaceGainsMonthly
   **   ~~~   ** ..Variable name=ZONE OTHER EQUIPMENT TOTAL HEATING ENERGY not valid for this simulation.
   **   ~~~   ** ..i.e., Variable name=CORRIDOR_FLR_2:ZONE OTHER EQUIPMENT TOTAL HEATING ENERGY not valid for this simulation.
   ** Warning ** Processing Monthly Tabular Reports: PeakSpaceGainsMonthly
   **   ~~~   ** ..Variable name=ZONE GAS EQUIPMENT TOTAL HEATING ENERGY not valid for this simulation.
   **   ~~~   ** ..i.e., Variable name=OR_NURSESTN_LOBBY_FLR_2:ZONE GAS EQUIPMENT TOTAL HEATING ENERGY not valid for this simulation.
   ** Warning ** Processing Monthly Tabular Reports: PeakSpaceGainsMonthly
   **   ~~~   ** ..Variable name=ZONE HOT WATER EQUIPMENT TOTAL HEATING ENERGY not valid for this simulation.
   **   ~~~   ** ..i.e., Variable name=OR_NURSESTN_LOBBY_FLR_2:ZONE HOT WATER EQUIPMENT TOTAL HEATING ENERGY not valid for this simulation.
   ** Warning ** Processing Monthly Tabular Reports: PeakSpaceGainsMonthly
   **   ~~~   ** ..Variable name=ZONE STEAM EQUIPMENT TOTAL HEATING ENERGY not valid for this simulation.
   **   ~~~   ** ..i.e., Variable name=OR_NURSESTN_LOBBY_FLR_2:ZONE STEAM EQUIPMENT TOTAL HEATING ENERGY not valid for this simulation.
   ** Warning ** Processing Monthly Tabular Reports: PeakSpaceGainsMonthly
   **   ~~~   ** ..Variable name=ZONE OTHER EQUIPMENT TOTAL HEATING ENERGY not valid for this simulation.
   **   ~~~   ** ..i.e., Variable name=OR_NURSESTN_LOBBY_FLR_2:ZONE OTHER EQUIPMENT TOTAL HEATING ENERGY not valid for this simulation.
   ** Warning ** Processing Monthly Tabular Reports: PeakSpaceGainsMonthly
   **   ~~~   ** ..Variable name=ZONE GAS EQUIPMENT TOTAL HEATING ENERGY not valid for this simulation.
   **   ~~~   ** ..i.e., Variable name=PATROOM1_MULT10_FLR_3:ZONE GAS EQUIPMENT TOTAL HEATING ENERGY not valid for this simulation.
   ** Warning ** Processing Monthly Tabular Reports: PeakSpaceGainsMonthly
   **   ~~~   ** ..Variable name=ZONE HOT WATER EQUIPMENT TOTAL HEATING ENERGY not valid for this simulation.
   **   ~~~   ** ..i.e., Variable name=PATROOM1_MULT10_FLR_3:ZONE HOT WATER EQUIPMENT TOTAL HEATING ENERGY not valid for this simulation.
   ** Warning ** Processing Monthly Tabular Reports: PeakSpaceGainsMonthly
   **   ~~~   ** ..Variable name=ZONE STEAM EQUIPMENT TOTAL HEATING ENERGY not valid for this simulation.
   **   ~~~   ** ..i.e., Variable name=PATROOM1_MULT10_FLR_3:ZONE STEAM EQUIPMENT TOTAL HEATING ENERGY not valid for this simulation.
   ** Warning ** Processing Monthly Tabular Reports: PeakSpaceGainsMonthly
   **   ~~~   ** ..Variable name=ZONE OTHER EQUIPMENT TOTAL HEATING ENERGY not valid for this simulation.
   **   ~~~   ** ..i.e., Variable name=PATROOM1_MULT10_FLR_3:ZONE OTHER EQUIPMENT TOTAL HEATING ENERGY not valid for this simulation.
   ** Warning ** Processing Monthly Tabular Reports: PeakSpaceGainsMonthly
   **   ~~~   ** ..Variable name=ZONE GAS EQUIPMENT TOTAL HEATING ENERGY not valid for this simulation.
   **   ~~~   ** ..i.e., Variable name=PATROOM2_FLR_3:ZONE GAS EQUIPMENT TOTAL HEATING ENERGY not valid for this simulation.
   ** Warning ** Processing Monthly Tabular Reports: PeakSpaceGainsMonthly
   **   ~~~   ** ..Variable name=ZONE HOT WATER EQUIPMENT TOTAL HEATING ENERGY not valid for this simulation.
   **   ~~~   ** ..i.e., Variable name=PATROOM2_FLR_3:ZONE HOT WATER EQUIPMENT TOTAL HEATING ENERGY not valid for this simulation.
   ** Warning ** Processing Monthly Tabular Reports: PeakSpaceGainsMonthly
   **   ~~~   ** ..Variable name=ZONE STEAM EQUIPMENT TOTAL HEATING ENERGY not valid for this simulation.
   **   ~~~   ** ..i.e., Variable name=PATROOM2_FLR_3:ZONE STEAM EQUIPMENT TOTAL HEATING ENERGY not valid for this simulation.
   ** Warning ** Processing Monthly Tabular Reports: PeakSpaceGainsMonthly
   **   ~~~   ** ..Variable name=ZONE OTHER EQUIPMENT TOTAL HEATING ENERGY not valid for this simulation.
   **   ~~~   ** ..i.e., Variable name=PATROOM2_FLR_3:ZONE OTHER EQUIPMENT TOTAL HEATING ENERGY not valid for this simulation.
   ** Warning ** Processing Monthly Tabular Reports: PeakSpaceGainsMonthly
   **   ~~~   ** ..Variable name=ZONE GAS EQUIPMENT TOTAL HEATING ENERGY not valid for this simulation.
   **   ~~~   ** ..i.e., Variable name=PATROOM3_MULT10_FLR_3:ZONE GAS EQUIPMENT TOTAL HEATING ENERGY not valid for this simulation.
   ** Warning ** Processing Monthly Tabular Reports: PeakSpaceGainsMonthly
   **   ~~~   ** ..Variable name=ZONE HOT WATER EQUIPMENT TOTAL HEATING ENERGY not valid for this simulation.
   **   ~~~   ** ..i.e., Variable name=PATROOM3_MULT10_FLR_3:ZONE HOT WATER EQUIPMENT TOTAL HEATING ENERGY not valid for this simulation.
   ** Warning ** Processing Monthly Tabular Reports: PeakSpaceGainsMonthly
   **   ~~~   ** ..Variable name=ZONE STEAM EQUIPMENT TOTAL HEATING ENERGY not valid for this simulation.
   **   ~~~   ** ..i.e., Variable name=PATROOM3_MULT10_FLR_3:ZONE STEAM EQUIPMENT TOTAL HEATING ENERGY not valid for this simulation.
   ** Warning ** Processing Monthly Tabular Reports: PeakSpaceGainsMonthly
   **   ~~~   ** ..Variable name=ZONE OTHER EQUIPMENT TOTAL HEATING ENERGY not valid for this simulation.
   **   ~~~   ** ..i.e., Variable name=PATROOM3_MULT10_FLR_3:ZONE OTHER EQUIPMENT TOTAL HEATING ENERGY not valid for this simulation.
   ** Warning ** Processing Monthly Tabular Reports: PeakSpaceGainsMonthly
   **   ~~~   ** ..Variable name=ZONE GAS EQUIPMENT TOTAL HEATING ENERGY not valid for this simulation.
   **   ~~~   ** ..i.e., Variable name=PATROOM4_FLR_3:ZONE GAS EQUIPMENT TOTAL HEATING ENERGY not valid for this simulation.
   ** Warning ** Processing Monthly Tabular Reports: PeakSpaceGainsMonthly
   **   ~~~   ** ..Variable name=ZONE HOT WATER EQUIPMENT TOTAL HEATING ENERGY not valid for this simulation.
   **   ~~~   ** ..i.e., Variable name=PATROOM4_FLR_3:ZONE HOT WATER EQUIPMENT TOTAL HEATING ENERGY not valid for this simulation.
   ** Warning ** Processing Monthly Tabular Reports: PeakSpaceGainsMonthly
   **   ~~~   ** ..Variable name=ZONE STEAM EQUIPMENT TOTAL HEATING ENERGY not valid for this simulation.
   **   ~~~   ** ..i.e., Variable name=PATROOM4_FLR_3:ZONE STEAM EQUIPMENT TOTAL HEATING ENERGY not valid for this simulation.
   ** Warning ** Processing Monthly Tabular Reports: PeakSpaceGainsMonthly
   **   ~~~   ** ..Variable name=ZONE OTHER EQUIPMENT TOTAL HEATING ENERGY not valid for this simulation.
   **   ~~~   ** ..i.e., Variable name=PATROOM4_FLR_3:ZONE OTHER EQUIPMENT TOTAL HEATING ENERGY not valid for this simulation.
   ** Warning ** Processing Monthly Tabular Reports: PeakSpaceGainsMonthly
   **   ~~~   ** ..Variable name=ZONE GAS EQUIPMENT TOTAL HEATING ENERGY not valid for this simulation.
   **   ~~~   ** ..i.e., Variable name=PATROOM5_MULT10_FLR_3:ZONE GAS EQUIPMENT TOTAL HEATING ENERGY not valid for this simulation.
   ** Warning ** Processing Monthly Tabular Reports: PeakSpaceGainsMonthly
   **   ~~~   ** ..Variable name=ZONE HOT WATER EQUIPMENT TOTAL HEATING ENERGY not valid for this simulation.
   **   ~~~   ** ..i.e., Variable name=PATROOM5_MULT10_FLR_3:ZONE HOT WATER EQUIPMENT TOTAL HEATING ENERGY not valid for this simulation.
   ** Warning ** Processing Monthly Tabular Reports: PeakSpaceGainsMonthly
   **   ~~~   ** ..Variable name=ZONE STEAM EQUIPMENT TOTAL HEATING ENERGY not valid for this simulation.
   **   ~~~   ** ..i.e., Variable name=PATROOM5_MULT10_FLR_3:ZONE STEAM EQUIPMENT TOTAL HEATING ENERGY not valid for this simulation.
   ** Warning ** Processing Monthly Tabular Reports: PeakSpaceGainsMonthly
   **   ~~~   ** ..Variable name=ZONE OTHER EQUIPMENT TOTAL HEATING ENERGY not valid for this simulation.
   **   ~~~   ** ..i.e., Variable name=PATROOM5_MULT10_FLR_3:ZONE OTHER EQUIPMENT TOTAL HEATING ENERGY not valid for this simulation.
   ** Warning ** Processing Monthly Tabular Reports: PeakSpaceGainsMonthly
   **   ~~~   ** ..Variable name=ZONE GAS EQUIPMENT TOTAL HEATING ENERGY not valid for this simulation.
   **   ~~~   ** ..i.e., Variable name=PHYSTHERAPY_FLR_3:ZONE GAS EQUIPMENT TOTAL HEATING ENERGY not valid for this simulation.
   ** Warning ** Processing Monthly Tabular Reports: PeakSpaceGainsMonthly
   **   ~~~   ** ..Variable name=ZONE HOT WATER EQUIPMENT TOTAL HEATING ENERGY not valid for this simulation.
   **   ~~~   ** ..i.e., Variable name=PHYSTHERAPY_FLR_3:ZONE HOT WATER EQUIPMENT TOTAL HEATING ENERGY not valid for this simulation.
   ** Warning ** Processing Monthly Tabular Reports: PeakSpaceGainsMonthly
   **   ~~~   ** ..Variable name=ZONE STEAM EQUIPMENT TOTAL HEATING ENERGY not valid for this simulation.
   **   ~~~   ** ..i.e., Variable name=PHYSTHERAPY_FLR_3:ZONE STEAM EQUIPMENT TOTAL HEATING ENERGY not valid for this simulation.
   ** Warning ** Processing Monthly Tabular Reports: PeakSpaceGainsMonthly
   **   ~~~   ** ..Variable name=ZONE OTHER EQUIPMENT TOTAL HEATING ENERGY not valid for this simulation.
   **   ~~~   ** ..i.e., Variable name=PHYSTHERAPY_FLR_3:ZONE OTHER EQUIPMENT TOTAL HEATING ENERGY not valid for this simulation.
   ** Warning ** Processing Monthly Tabular Reports: PeakSpaceGainsMonthly
   **   ~~~   ** ..Variable name=ZONE GAS EQUIPMENT TOTAL HEATING ENERGY not valid for this simulation.
   **   ~~~   ** ..i.e., Variable name=PATROOM6_FLR_3:ZONE GAS EQUIPMENT TOTAL HEATING ENERGY not valid for this simulation.
   ** Warning ** Processing Monthly Tabular Reports: PeakSpaceGainsMonthly
   **   ~~~   ** ..Variable name=ZONE HOT WATER EQUIPMENT TOTAL HEATING ENERGY not valid for this simulation.
   **   ~~~   ** ..i.e., Variable name=PATROOM6_FLR_3:ZONE HOT WATER EQUIPMENT TOTAL HEATING ENERGY not valid for this simulation.
   ** Warning ** Processing Monthly Tabular Reports: PeakSpaceGainsMonthly
   **   ~~~   ** ..Variable name=ZONE STEAM EQUIPMENT TOTAL HEATING ENERGY not valid for this simulation.
   **   ~~~   ** ..i.e., Variable name=PATROOM6_FLR_3:ZONE STEAM EQUIPMENT TOTAL HEATING ENERGY not valid for this simulation.
   ** Warning ** Processing Monthly Tabular Reports: PeakSpaceGainsMonthly
   **   ~~~   ** ..Variable name=ZONE OTHER EQUIPMENT TOTAL HEATING ENERGY not valid for this simulation.
   **   ~~~   ** ..i.e., Variable name=PATROOM6_FLR_3:ZONE OTHER EQUIPMENT TOTAL HEATING ENERGY not valid for this simulation.
   ** Warning ** Processing Monthly Tabular Reports: PeakSpaceGainsMonthly
   **   ~~~   ** ..Variable name=ZONE GAS EQUIPMENT TOTAL HEATING ENERGY not valid for this simulation.
   **   ~~~   ** ..i.e., Variable name=PATROOM7_MULT10_FLR_3:ZONE GAS EQUIPMENT TOTAL HEATING ENERGY not valid for this simulation.
   ** Warning ** Processing Monthly Tabular Reports: PeakSpaceGainsMonthly
   **   ~~~   ** ..Variable name=ZONE HOT WATER EQUIPMENT TOTAL HEATING ENERGY not valid for this simulation.
   **   ~~~   ** ..i.e., Variable name=PATROOM7_MULT10_FLR_3:ZONE HOT WATER EQUIPMENT TOTAL HEATING ENERGY not valid for this simulation.
   ** Warning ** Processing Monthly Tabular Reports: PeakSpaceGainsMonthly
   **   ~~~   ** ..Variable name=ZONE STEAM EQUIPMENT TOTAL HEATING ENERGY not valid for this simulation.
   **   ~~~   ** ..i.e., Variable name=PATROOM7_MULT10_FLR_3:ZONE STEAM EQUIPMENT TOTAL HEATING ENERGY not valid for this simulation.
   ** Warning ** Processing Monthly Tabular Reports: PeakSpaceGainsMonthly
   **   ~~~   ** ..Variable name=ZONE OTHER EQUIPMENT TOTAL HEATING ENERGY not valid for this simulation.
   **   ~~~   ** ..i.e., Variable name=PATROOM7_MULT10_FLR_3:ZONE OTHER EQUIPMENT TOTAL HEATING ENERGY not valid for this simulation.
   ** Warning ** Processing Monthly Tabular Reports: PeakSpaceGainsMonthly
   **   ~~~   ** ..Variable name=ZONE GAS EQUIPMENT TOTAL HEATING ENERGY not valid for this simulation.
   **   ~~~   ** ..i.e., Variable name=PATROOM8_FLR_3:ZONE GAS EQUIPMENT TOTAL HEATING ENERGY not valid for this simulation.
   ** Warning ** Processing Monthly Tabular Reports: PeakSpaceGainsMonthly
   **   ~~~   ** ..Variable name=ZONE HOT WATER EQUIPMENT TOTAL HEATING ENERGY not valid for this simulation.
   **   ~~~   ** ..i.e., Variable name=PATROOM8_FLR_3:ZONE HOT WATER EQUIPMENT TOTAL HEATING ENERGY not valid for this simulation.
   ** Warning ** Processing Monthly Tabular Reports: PeakSpaceGainsMonthly
   **   ~~~   ** ..Variable name=ZONE STEAM EQUIPMENT TOTAL HEATING ENERGY not valid for this simulation.
   **   ~~~   ** ..i.e., Variable name=PATROOM8_FLR_3:ZONE STEAM EQUIPMENT TOTAL HEATING ENERGY not valid for this simulation.
   ** Warning ** Processing Monthly Tabular Reports: PeakSpaceGainsMonthly
   **   ~~~   ** ..Variable name=ZONE OTHER EQUIPMENT TOTAL HEATING ENERGY not valid for this simulation.
   **   ~~~   ** ..i.e., Variable name=PATROOM8_FLR_3:ZONE OTHER EQUIPMENT TOTAL HEATING ENERGY not valid for this simulation.
   ** Warning ** Processing Monthly Tabular Reports: PeakSpaceGainsMonthly
   **   ~~~   ** ..Variable name=ZONE GAS EQUIPMENT TOTAL HEATING ENERGY not valid for this simulation.
   **   ~~~   ** ..i.e., Variable name=NURSESTN_LOBBY_FLR_3:ZONE GAS EQUIPMENT TOTAL HEATING ENERGY not valid for this simulation.
   ** Warning ** Processing Monthly Tabular Reports: PeakSpaceGainsMonthly
   **   ~~~   ** ..Variable name=ZONE HOT WATER EQUIPMENT TOTAL HEATING ENERGY not valid for this simulation.
   **   ~~~   ** ..i.e., Variable name=NURSESTN_LOBBY_FLR_3:ZONE HOT WATER EQUIPMENT TOTAL HEATING ENERGY not valid for this simulation.
   ** Warning ** Processing Monthly Tabular Reports: PeakSpaceGainsMonthly
   **   ~~~   ** ..Variable name=ZONE STEAM EQUIPMENT TOTAL HEATING ENERGY not valid for this simulation.
   **   ~~~   ** ..i.e., Variable name=NURSESTN_LOBBY_FLR_3:ZONE STEAM EQUIPMENT TOTAL HEATING ENERGY not valid for this simulation.
   ** Warning ** Processing Monthly Tabular Reports: PeakSpaceGainsMonthly
   **   ~~~   ** ..Variable name=ZONE OTHER EQUIPMENT TOTAL HEATING ENERGY not valid for this simulation.
   **   ~~~   ** ..i.e., Variable name=NURSESTN_LOBBY_FLR_3:ZONE OTHER EQUIPMENT TOTAL HEATING ENERGY not valid for this simulation.
   ** Warning ** Processing Monthly Tabular Reports: PeakSpaceGainsMonthly
   **   ~~~   ** ..Variable name=ZONE GAS EQUIPMENT TOTAL HEATING ENERGY not valid for this simulation.
   **   ~~~   ** ..i.e., Variable name=LAB_FLR_3:ZONE GAS EQUIPMENT TOTAL HEATING ENERGY not valid for this simulation.
   ** Warning ** Processing Monthly Tabular Reports: PeakSpaceGainsMonthly
   **   ~~~   ** ..Variable name=ZONE HOT WATER EQUIPMENT TOTAL HEATING ENERGY not valid for this simulation.
   **   ~~~   ** ..i.e., Variable name=LAB_FLR_3:ZONE HOT WATER EQUIPMENT TOTAL HEATING ENERGY not valid for this simulation.
   ** Warning ** Processing Monthly Tabular Reports: PeakSpaceGainsMonthly
   **   ~~~   ** ..Variable name=ZONE STEAM EQUIPMENT TOTAL HEATING ENERGY not valid for this simulation.
   **   ~~~   ** ..i.e., Variable name=LAB_FLR_3:ZONE STEAM EQUIPMENT TOTAL HEATING ENERGY not valid for this simulation.
   ** Warning ** Processing Monthly Tabular Reports: PeakSpaceGainsMonthly
   **   ~~~   ** ..Variable name=ZONE OTHER EQUIPMENT TOTAL HEATING ENERGY not valid for this simulation.
   **   ~~~   ** ..i.e., Variable name=LAB_FLR_3:ZONE OTHER EQUIPMENT TOTAL HEATING ENERGY not valid for this simulation.
   ** Warning ** Processing Monthly Tabular Reports: PeakSpaceGainsMonthly
   **   ~~~   ** ..Variable name=ZONE ELECTRIC EQUIPMENT TOTAL HEATING ENERGY not valid for this simulation.
   **   ~~~   ** ..i.e., Variable name=CORRIDOR_SE_FLR_3:ZONE ELECTRIC EQUIPMENT TOTAL HEATING ENERGY not valid for this simulation.
   ** Warning ** Processing Monthly Tabular Reports: PeakSpaceGainsMonthly
   **   ~~~   ** ..Variable name=ZONE GAS EQUIPMENT TOTAL HEATING ENERGY not valid for this simulation.
   **   ~~~   ** ..i.e., Variable name=CORRIDOR_SE_FLR_3:ZONE GAS EQUIPMENT TOTAL HEATING ENERGY not valid for this simulation.
   ** Warning ** Processing Monthly Tabular Reports: PeakSpaceGainsMonthly
   **   ~~~   ** ..Variable name=ZONE HOT WATER EQUIPMENT TOTAL HEATING ENERGY not valid for this simulation.
   **   ~~~   ** ..i.e., Variable name=CORRIDOR_SE_FLR_3:ZONE HOT WATER EQUIPMENT TOTAL HEATING ENERGY not valid for this simulation.
   ** Warning ** Processing Monthly Tabular Reports: PeakSpaceGainsMonthly
   **   ~~~   ** ..Variable name=ZONE STEAM EQUIPMENT TOTAL HEATING ENERGY not valid for this simulation.
   **   ~~~   ** ..i.e., Variable name=CORRIDOR_SE_FLR_3:ZONE STEAM EQUIPMENT TOTAL HEATING ENERGY not valid for this simulation.
   ** Warning ** Processing Monthly Tabular Reports: PeakSpaceGainsMonthly
   **   ~~~   ** ..Variable name=ZONE OTHER EQUIPMENT TOTAL HEATING ENERGY not valid for this simulation.
   **   ~~~   ** ..i.e., Variable name=CORRIDOR_SE_FLR_3:ZONE OTHER EQUIPMENT TOTAL HEATING ENERGY not valid for this simulation.
   ** Warning ** Processing Monthly Tabular Reports: PeakSpaceGainsMonthly
   **   ~~~   ** ..Variable name=ZONE ELECTRIC EQUIPMENT TOTAL HEATING ENERGY not valid for this simulation.
   **   ~~~   ** ..i.e., Variable name=CORRIDOR_NW_FLR_3:ZONE ELECTRIC EQUIPMENT TOTAL HEATING ENERGY not valid for this simulation.
   ** Warning ** Processing Monthly Tabular Reports: PeakSpaceGainsMonthly
   **   ~~~   ** ..Variable name=ZONE GAS EQUIPMENT TOTAL HEATING ENERGY not valid for this simulation.
   **   ~~~   ** ..i.e., Variable name=CORRIDOR_NW_FLR_3:ZONE GAS EQUIPMENT TOTAL HEATING ENERGY not valid for this simulation.
   ** Warning ** Processing Monthly Tabular Reports: PeakSpaceGainsMonthly
   **   ~~~   ** ..Variable name=ZONE HOT WATER EQUIPMENT TOTAL HEATING ENERGY not valid for this simulation.
   **   ~~~   ** ..i.e., Variable name=CORRIDOR_NW_FLR_3:ZONE HOT WATER EQUIPMENT TOTAL HEATING ENERGY not valid for this simulation.
   ** Warning ** Processing Monthly Tabular Reports: PeakSpaceGainsMonthly
   **   ~~~   ** ..Variable name=ZONE STEAM EQUIPMENT TOTAL HEATING ENERGY not valid for this simulation.
   **   ~~~   ** ..i.e., Variable name=CORRIDOR_NW_FLR_3:ZONE STEAM EQUIPMENT TOTAL HEATING ENERGY not valid for this simulation.
   ** Warning ** Processing Monthly Tabular Reports: PeakSpaceGainsMonthly
   **   ~~~   ** ..Variable name=ZONE OTHER EQUIPMENT TOTAL HEATING ENERGY not valid for this simulation.
   **   ~~~   ** ..i.e., Variable name=CORRIDOR_NW_FLR_3:ZONE OTHER EQUIPMENT TOTAL HEATING ENERGY not valid for this simulation.
   ** Warning ** Processing Monthly Tabular Reports: PeakSpaceGainsMonthly
   **   ~~~   ** ..Variable name=ZONE GAS EQUIPMENT TOTAL HEATING ENERGY not valid for this simulation.
   **   ~~~   ** ..i.e., Variable name=PATROOM1_MULT10_FLR_4:ZONE GAS EQUIPMENT TOTAL HEATING ENERGY not valid for this simulation.
   ** Warning ** Processing Monthly Tabular Reports: PeakSpaceGainsMonthly
   **   ~~~   ** ..Variable name=ZONE HOT WATER EQUIPMENT TOTAL HEATING ENERGY not valid for this simulation.
   **   ~~~   ** ..i.e., Variable name=PATROOM1_MULT10_FLR_4:ZONE HOT WATER EQUIPMENT TOTAL HEATING ENERGY not valid for this simulation.
   ** Warning ** Processing Monthly Tabular Reports: PeakSpaceGainsMonthly
   **   ~~~   ** ..Variable name=ZONE STEAM EQUIPMENT TOTAL HEATING ENERGY not valid for this simulation.
   **   ~~~   ** ..i.e., Variable name=PATROOM1_MULT10_FLR_4:ZONE STEAM EQUIPMENT TOTAL HEATING ENERGY not valid for this simulation.
   ** Warning ** Processing Monthly Tabular Reports: PeakSpaceGainsMonthly
   **   ~~~   ** ..Variable name=ZONE OTHER EQUIPMENT TOTAL HEATING ENERGY not valid for this simulation.
   **   ~~~   ** ..i.e., Variable name=PATROOM1_MULT10_FLR_4:ZONE OTHER EQUIPMENT TOTAL HEATING ENERGY not valid for this simulation.
   ** Warning ** Processing Monthly Tabular Reports: PeakSpaceGainsMonthly
   **   ~~~   ** ..Variable name=ZONE GAS EQUIPMENT TOTAL HEATING ENERGY not valid for this simulation.
   **   ~~~   ** ..i.e., Variable name=PATROOM2_FLR_4:ZONE GAS EQUIPMENT TOTAL HEATING ENERGY not valid for this simulation.
   ** Warning ** Processing Monthly Tabular Reports: PeakSpaceGainsMonthly
   **   ~~~   ** ..Variable name=ZONE HOT WATER EQUIPMENT TOTAL HEATING ENERGY not valid for this simulation.
   **   ~~~   ** ..i.e., Variable name=PATROOM2_FLR_4:ZONE HOT WATER EQUIPMENT TOTAL HEATING ENERGY not valid for this simulation.
   ** Warning ** Processing Monthly Tabular Reports: PeakSpaceGainsMonthly
   **   ~~~   ** ..Variable name=ZONE STEAM EQUIPMENT TOTAL HEATING ENERGY not valid for this simulation.
   **   ~~~   ** ..i.e., Variable name=PATROOM2_FLR_4:ZONE STEAM EQUIPMENT TOTAL HEATING ENERGY not valid for this simulation.
   ** Warning ** Processing Monthly Tabular Reports: PeakSpaceGainsMonthly
   **   ~~~   ** ..Variable name=ZONE OTHER EQUIPMENT TOTAL HEATING ENERGY not valid for this simulation.
   **   ~~~   ** ..i.e., Variable name=PATROOM2_FLR_4:ZONE OTHER EQUIPMENT TOTAL HEATING ENERGY not valid for this simulation.
   ** Warning ** Processing Monthly Tabular Reports: PeakSpaceGainsMonthly
   **   ~~~   ** ..Variable name=ZONE GAS EQUIPMENT TOTAL HEATING ENERGY not valid for this simulation.
   **   ~~~   ** ..i.e., Variable name=PATROOM3_MULT10_FLR_4:ZONE GAS EQUIPMENT TOTAL HEATING ENERGY not valid for this simulation.
   ** Warning ** Processing Monthly Tabular Reports: PeakSpaceGainsMonthly
   **   ~~~   ** ..Variable name=ZONE HOT WATER EQUIPMENT TOTAL HEATING ENERGY not valid for this simulation.
   **   ~~~   ** ..i.e., Variable name=PATROOM3_MULT10_FLR_4:ZONE HOT WATER EQUIPMENT TOTAL HEATING ENERGY not valid for this simulation.
   ** Warning ** Processing Monthly Tabular Reports: PeakSpaceGainsMonthly
   **   ~~~   ** ..Variable name=ZONE STEAM EQUIPMENT TOTAL HEATING ENERGY not valid for this simulation.
   **   ~~~   ** ..i.e., Variable name=PATROOM3_MULT10_FLR_4:ZONE STEAM EQUIPMENT TOTAL HEATING ENERGY not valid for this simulation.
   ** Warning ** Processing Monthly Tabular Reports: PeakSpaceGainsMonthly
   **   ~~~   ** ..Variable name=ZONE OTHER EQUIPMENT TOTAL HEATING ENERGY not valid for this simulation.
   **   ~~~   ** ..i.e., Variable name=PATROOM3_MULT10_FLR_4:ZONE OTHER EQUIPMENT TOTAL HEATING ENERGY not valid for this simulation.
   ** Warning ** Processing Monthly Tabular Reports: PeakSpaceGainsMonthly
   **   ~~~   ** ..Variable name=ZONE GAS EQUIPMENT TOTAL HEATING ENERGY not valid for this simulation.
   **   ~~~   ** ..i.e., Variable name=PATROOM4_FLR_4:ZONE GAS EQUIPMENT TOTAL HEATING ENERGY not valid for this simulation.
   ** Warning ** Processing Monthly Tabular Reports: PeakSpaceGainsMonthly
   **   ~~~   ** ..Variable name=ZONE HOT WATER EQUIPMENT TOTAL HEATING ENERGY not valid for this simulation.
   **   ~~~   ** ..i.e., Variable name=PATROOM4_FLR_4:ZONE HOT WATER EQUIPMENT TOTAL HEATING ENERGY not valid for this simulation.
   ** Warning ** Processing Monthly Tabular Reports: PeakSpaceGainsMonthly
   **   ~~~   ** ..Variable name=ZONE STEAM EQUIPMENT TOTAL HEATING ENERGY not valid for this simulation.
   **   ~~~   ** ..i.e., Variable name=PATROOM4_FLR_4:ZONE STEAM EQUIPMENT TOTAL HEATING ENERGY not valid for this simulation.
   ** Warning ** Processing Monthly Tabular Reports: PeakSpaceGainsMonthly
   **   ~~~   ** ..Variable name=ZONE OTHER EQUIPMENT TOTAL HEATING ENERGY not valid for this simulation.
   **   ~~~   ** ..i.e., Variable name=PATROOM4_FLR_4:ZONE OTHER EQUIPMENT TOTAL HEATING ENERGY not valid for this simulation.
   ** Warning ** Processing Monthly Tabular Reports: PeakSpaceGainsMonthly
   **   ~~~   ** ..Variable name=ZONE GAS EQUIPMENT TOTAL HEATING ENERGY not valid for this simulation.
   **   ~~~   ** ..i.e., Variable name=PATROOM5_MULT10_FLR_4:ZONE GAS EQUIPMENT TOTAL HEATING ENERGY not valid for this simulation.
   ** Warning ** Processing Monthly Tabular Reports: PeakSpaceGainsMonthly
   **   ~~~   ** ..Variable name=ZONE HOT WATER EQUIPMENT TOTAL HEATING ENERGY not valid for this simulation.
   **   ~~~   ** ..i.e., Variable name=PATROOM5_MULT10_FLR_4:ZONE HOT WATER EQUIPMENT TOTAL HEATING ENERGY not valid for this simulation.
   ** Warning ** Processing Monthly Tabular Reports: PeakSpaceGainsMonthly
   **   ~~~   ** ..Variable name=ZONE STEAM EQUIPMENT TOTAL HEATING ENERGY not valid for this simulation.
   **   ~~~   ** ..i.e., Variable name=PATROOM5_MULT10_FLR_4:ZONE STEAM EQUIPMENT TOTAL HEATING ENERGY not valid for this simulation.
   ** Warning ** Processing Monthly Tabular Reports: PeakSpaceGainsMonthly
   **   ~~~   ** ..Variable name=ZONE OTHER EQUIPMENT TOTAL HEATING ENERGY not valid for this simulation.
   **   ~~~   ** ..i.e., Variable name=PATROOM5_MULT10_FLR_4:ZONE OTHER EQUIPMENT TOTAL HEATING ENERGY not valid for this simulation.
   ** Warning ** Processing Monthly Tabular Reports: PeakSpaceGainsMonthly
   **   ~~~   ** ..Variable name=ZONE GAS EQUIPMENT TOTAL HEATING ENERGY not valid for this simulation.
   **   ~~~   ** ..i.e., Variable name=RADIOLOGY_FLR_4:ZONE GAS EQUIPMENT TOTAL HEATING ENERGY not valid for this simulation.
   ** Warning ** Processing Monthly Tabular Reports: PeakSpaceGainsMonthly
   **   ~~~   ** ..Variable name=ZONE HOT WATER EQUIPMENT TOTAL HEATING ENERGY not valid for this simulation.
   **   ~~~   ** ..i.e., Variable name=RADIOLOGY_FLR_4:ZONE HOT WATER EQUIPMENT TOTAL HEATING ENERGY not valid for this simulation.
   ** Warning ** Processing Monthly Tabular Reports: PeakSpaceGainsMonthly
   **   ~~~   ** ..Variable name=ZONE STEAM EQUIPMENT TOTAL HEATING ENERGY not valid for this simulation.
   **   ~~~   ** ..i.e., Variable name=RADIOLOGY_FLR_4:ZONE STEAM EQUIPMENT TOTAL HEATING ENERGY not valid for this simulation.
   ** Warning ** Processing Monthly Tabular Reports: PeakSpaceGainsMonthly
   **   ~~~   ** ..Variable name=ZONE OTHER EQUIPMENT TOTAL HEATING ENERGY not valid for this simulation.
   **   ~~~   ** ..i.e., Variable name=RADIOLOGY_FLR_4:ZONE OTHER EQUIPMENT TOTAL HEATING ENERGY not valid for this simulation.
   ** Warning ** Processing Monthly Tabular Reports: PeakSpaceGainsMonthly
   **   ~~~   ** ..Variable name=ZONE GAS EQUIPMENT TOTAL HEATING ENERGY not valid for this simulation.
   **   ~~~   ** ..i.e., Variable name=PATROOM6_FLR_4:ZONE GAS EQUIPMENT TOTAL HEATING ENERGY not valid for this simulation.
   ** Warning ** Processing Monthly Tabular Reports: PeakSpaceGainsMonthly
   **   ~~~   ** ..Variable name=ZONE HOT WATER EQUIPMENT TOTAL HEATING ENERGY not valid for this simulation.
   **   ~~~   ** ..i.e., Variable name=PATROOM6_FLR_4:ZONE HOT WATER EQUIPMENT TOTAL HEATING ENERGY not valid for this simulation.
   ** Warning ** Processing Monthly Tabular Reports: PeakSpaceGainsMonthly
   **   ~~~   ** ..Variable name=ZONE STEAM EQUIPMENT TOTAL HEATING ENERGY not valid for this simulation.
   **   ~~~   ** ..i.e., Variable name=PATROOM6_FLR_4:ZONE STEAM EQUIPMENT TOTAL HEATING ENERGY not valid for this simulation.
   ** Warning ** Processing Monthly Tabular Reports: PeakSpaceGainsMonthly
   **   ~~~   ** ..Variable name=ZONE OTHER EQUIPMENT TOTAL HEATING ENERGY not valid for this simulation.
   **   ~~~   ** ..i.e., Variable name=PATROOM6_FLR_4:ZONE OTHER EQUIPMENT TOTAL HEATING ENERGY not valid for this simulation.
   ** Warning ** Processing Monthly Tabular Reports: PeakSpaceGainsMonthly
   **   ~~~   ** ..Variable name=ZONE GAS EQUIPMENT TOTAL HEATING ENERGY not valid for this simulation.
   **   ~~~   ** ..i.e., Variable name=PATROOM7_MULT10_FLR_4:ZONE GAS EQUIPMENT TOTAL HEATING ENERGY not valid for this simulation.
   ** Warning ** Processing Monthly Tabular Reports: PeakSpaceGainsMonthly
   **   ~~~   ** ..Variable name=ZONE HOT WATER EQUIPMENT TOTAL HEATING ENERGY not valid for this simulation.
   **   ~~~   ** ..i.e., Variable name=PATROOM7_MULT10_FLR_4:ZONE HOT WATER EQUIPMENT TOTAL HEATING ENERGY not valid for this simulation.
   ** Warning ** Processing Monthly Tabular Reports: PeakSpaceGainsMonthly
   **   ~~~   ** ..Variable name=ZONE STEAM EQUIPMENT TOTAL HEATING ENERGY not valid for this simulation.
   **   ~~~   ** ..i.e., Variable name=PATROOM7_MULT10_FLR_4:ZONE STEAM EQUIPMENT TOTAL HEATING ENERGY not valid for this simulation.
   ** Warning ** Processing Monthly Tabular Reports: PeakSpaceGainsMonthly
   **   ~~~   ** ..Variable name=ZONE OTHER EQUIPMENT TOTAL HEATING ENERGY not valid for this simulation.
   **   ~~~   ** ..i.e., Variable name=PATROOM7_MULT10_FLR_4:ZONE OTHER EQUIPMENT TOTAL HEATING ENERGY not valid for this simulation.
   ** Warning ** Processing Monthly Tabular Reports: PeakSpaceGainsMonthly
   **   ~~~   ** ..Variable name=ZONE GAS EQUIPMENT TOTAL HEATING ENERGY not valid for this simulation.
   **   ~~~   ** ..i.e., Variable name=PATROOM8_FLR_4:ZONE GAS EQUIPMENT TOTAL HEATING ENERGY not valid for this simulation.
   ** Warning ** Processing Monthly Tabular Reports: PeakSpaceGainsMonthly
   **   ~~~   ** ..Variable name=ZONE HOT WATER EQUIPMENT TOTAL HEATING ENERGY not valid for this simulation.
   **   ~~~   ** ..i.e., Variable name=PATROOM8_FLR_4:ZONE HOT WATER EQUIPMENT TOTAL HEATING ENERGY not valid for this simulation.
   ** Warning ** Processing Monthly Tabular Reports: PeakSpaceGainsMonthly
   **   ~~~   ** ..Variable name=ZONE STEAM EQUIPMENT TOTAL HEATING ENERGY not valid for this simulation.
   **   ~~~   ** ..i.e., Variable name=PATROOM8_FLR_4:ZONE STEAM EQUIPMENT TOTAL HEATING ENERGY not valid for this simulation.
   ** Warning ** Processing Monthly Tabular Reports: PeakSpaceGainsMonthly
   **   ~~~   ** ..Variable name=ZONE OTHER EQUIPMENT TOTAL HEATING ENERGY not valid for this simulation.
   **   ~~~   ** ..i.e., Variable name=PATROOM8_FLR_4:ZONE OTHER EQUIPMENT TOTAL HEATING ENERGY not valid for this simulation.
   ** Warning ** Processing Monthly Tabular Reports: PeakSpaceGainsMonthly
   **   ~~~   ** ..Variable name=ZONE GAS EQUIPMENT TOTAL HEATING ENERGY not valid for this simulation.
   **   ~~~   ** ..i.e., Variable name=NURSESTN_LOBBY_FLR_4:ZONE GAS EQUIPMENT TOTAL HEATING ENERGY not valid for this simulation.
   ** Warning ** Processing Monthly Tabular Reports: PeakSpaceGainsMonthly
   **   ~~~   ** ..Variable name=ZONE HOT WATER EQUIPMENT TOTAL HEATING ENERGY not valid for this simulation.
   **   ~~~   ** ..i.e., Variable name=NURSESTN_LOBBY_FLR_4:ZONE HOT WATER EQUIPMENT TOTAL HEATING ENERGY not valid for this simulation.
   ** Warning ** Processing Monthly Tabular Reports: PeakSpaceGainsMonthly
   **   ~~~   ** ..Variable name=ZONE STEAM EQUIPMENT TOTAL HEATING ENERGY not valid for this simulation.
   **   ~~~   ** ..i.e., Variable name=NURSESTN_LOBBY_FLR_4:ZONE STEAM EQUIPMENT TOTAL HEATING ENERGY not valid for this simulation.
   ** Warning ** Processing Monthly Tabular Reports: PeakSpaceGainsMonthly
   **   ~~~   ** ..Variable name=ZONE OTHER EQUIPMENT TOTAL HEATING ENERGY not valid for this simulation.
   **   ~~~   ** ..i.e., Variable name=NURSESTN_LOBBY_FLR_4:ZONE OTHER EQUIPMENT TOTAL HEATING ENERGY not valid for this simulation.
   ** Warning ** Processing Monthly Tabular Reports: PeakSpaceGainsMonthly
   **   ~~~   ** ..Variable name=ZONE GAS EQUIPMENT TOTAL HEATING ENERGY not valid for this simulation.
   **   ~~~   ** ..i.e., Variable name=LAB_FLR_4:ZONE GAS EQUIPMENT TOTAL HEATING ENERGY not valid for this simulation.
   ** Warning ** Processing Monthly Tabular Reports: PeakSpaceGainsMonthly
   **   ~~~   ** ..Variable name=ZONE HOT WATER EQUIPMENT TOTAL HEATING ENERGY not valid for this simulation.
   **   ~~~   ** ..i.e., Variable name=LAB_FLR_4:ZONE HOT WATER EQUIPMENT TOTAL HEATING ENERGY not valid for this simulation.
   ** Warning ** Processing Monthly Tabular Reports: PeakSpaceGainsMonthly
   **   ~~~   ** ..Variable name=ZONE STEAM EQUIPMENT TOTAL HEATING ENERGY not valid for this simulation.
   **   ~~~   ** ..i.e., Variable name=LAB_FLR_4:ZONE STEAM EQUIPMENT TOTAL HEATING ENERGY not valid for this simulation.
   ** Warning ** Processing Monthly Tabular Reports: PeakSpaceGainsMonthly
   **   ~~~   ** ..Variable name=ZONE OTHER EQUIPMENT TOTAL HEATING ENERGY not valid for this simulation.
   **   ~~~   ** ..i.e., Variable name=LAB_FLR_4:ZONE OTHER EQUIPMENT TOTAL HEATING ENERGY not valid for this simulation.
   ** Warning ** Processing Monthly Tabular Reports: PeakSpaceGainsMonthly
   **   ~~~   ** ..Variable name=ZONE ELECTRIC EQUIPMENT TOTAL HEATING ENERGY not valid for this simulation.
   **   ~~~   ** ..i.e., Variable name=CORRIDOR_SE_FLR_4:ZONE ELECTRIC EQUIPMENT TOTAL HEATING ENERGY not valid for this simulation.
   ** Warning ** Processing Monthly Tabular Reports: PeakSpaceGainsMonthly
   **   ~~~   ** ..Variable name=ZONE GAS EQUIPMENT TOTAL HEATING ENERGY not valid for this simulation.
   **   ~~~   ** ..i.e., Variable name=CORRIDOR_SE_FLR_4:ZONE GAS EQUIPMENT TOTAL HEATING ENERGY not valid for this simulation.
   ** Warning ** Processing Monthly Tabular Reports: PeakSpaceGainsMonthly
   **   ~~~   ** ..Variable name=ZONE HOT WATER EQUIPMENT TOTAL HEATING ENERGY not valid for this simulation.
   **   ~~~   ** ..i.e., Variable name=CORRIDOR_SE_FLR_4:ZONE HOT WATER EQUIPMENT TOTAL HEATING ENERGY not valid for this simulation.
   ** Warning ** Processing Monthly Tabular Reports: PeakSpaceGainsMonthly
   **   ~~~   ** ..Variable name=ZONE STEAM EQUIPMENT TOTAL HEATING ENERGY not valid for this simulation.
   **   ~~~   ** ..i.e., Variable name=CORRIDOR_SE_FLR_4:ZONE STEAM EQUIPMENT TOTAL HEATING ENERGY not valid for this simulation.
   ** Warning ** Processing Monthly Tabular Reports: PeakSpaceGainsMonthly
   **   ~~~   ** ..Variable name=ZONE OTHER EQUIPMENT TOTAL HEATING ENERGY not valid for this simulation.
   **   ~~~   ** ..i.e., Variable name=CORRIDOR_SE_FLR_4:ZONE OTHER EQUIPMENT TOTAL HEATING ENERGY not valid for this simulation.
   ** Warning ** Processing Monthly Tabular Reports: PeakSpaceGainsMonthly
   **   ~~~   ** ..Variable name=ZONE ELECTRIC EQUIPMENT TOTAL HEATING ENERGY not valid for this simulation.
   **   ~~~   ** ..i.e., Variable name=CORRIDOR_NW_FLR_4:ZONE ELECTRIC EQUIPMENT TOTAL HEATING ENERGY not valid for this simulation.
   ** Warning ** Processing Monthly Tabular Reports: PeakSpaceGainsMonthly
   **   ~~~   ** ..Variable name=ZONE GAS EQUIPMENT TOTAL HEATING ENERGY not valid for this simulation.
   **   ~~~   ** ..i.e., Variable name=CORRIDOR_NW_FLR_4:ZONE GAS EQUIPMENT TOTAL HEATING ENERGY not valid for this simulation.
   ** Warning ** Processing Monthly Tabular Reports: PeakSpaceGainsMonthly
   **   ~~~   ** ..Variable name=ZONE HOT WATER EQUIPMENT TOTAL HEATING ENERGY not valid for this simulation.
   **   ~~~   ** ..i.e., Variable name=CORRIDOR_NW_FLR_4:ZONE HOT WATER EQUIPMENT TOTAL HEATING ENERGY not valid for this simulation.
   ** Warning ** Processing Monthly Tabular Reports: PeakSpaceGainsMonthly
   **   ~~~   ** ..Variable name=ZONE STEAM EQUIPMENT TOTAL HEATING ENERGY not valid for this simulation.
   **   ~~~   ** ..i.e., Variable name=CORRIDOR_NW_FLR_4:ZONE STEAM EQUIPMENT TOTAL HEATING ENERGY not valid for this simulation.
   ** Warning ** Processing Monthly Tabular Reports: PeakSpaceGainsMonthly
   **   ~~~   ** ..Variable name=ZONE OTHER EQUIPMENT TOTAL HEATING ENERGY not valid for this simulation.
   **   ~~~   ** ..i.e., Variable name=CORRIDOR_NW_FLR_4:ZONE OTHER EQUIPMENT TOTAL HEATING ENERGY not valid for this simulation.
   ** Warning ** Processing Monthly Tabular Reports: PeakSpaceGainsMonthly
   **   ~~~   ** ..Variable name=ZONE GAS EQUIPMENT TOTAL HEATING ENERGY not valid for this simulation.
   **   ~~~   ** ..i.e., Variable name=DINING_FLR_5:ZONE GAS EQUIPMENT TOTAL HEATING ENERGY not valid for this simulation.
   ** Warning ** Processing Monthly Tabular Reports: PeakSpaceGainsMonthly
   **   ~~~   ** ..Variable name=ZONE HOT WATER EQUIPMENT TOTAL HEATING ENERGY not valid for this simulation.
   **   ~~~   ** ..i.e., Variable name=DINING_FLR_5:ZONE HOT WATER EQUIPMENT TOTAL HEATING ENERGY not valid for this simulation.
   ** Warning ** Processing Monthly Tabular Reports: PeakSpaceGainsMonthly
   **   ~~~   ** ..Variable name=ZONE STEAM EQUIPMENT TOTAL HEATING ENERGY not valid for this simulation.
   **   ~~~   ** ..i.e., Variable name=DINING_FLR_5:ZONE STEAM EQUIPMENT TOTAL HEATING ENERGY not valid for this simulation.
   ** Warning ** Processing Monthly Tabular Reports: PeakSpaceGainsMonthly
   **   ~~~   ** ..Variable name=ZONE OTHER EQUIPMENT TOTAL HEATING ENERGY not valid for this simulation.
   **   ~~~   ** ..i.e., Variable name=DINING_FLR_5:ZONE OTHER EQUIPMENT TOTAL HEATING ENERGY not valid for this simulation.
   ** Warning ** Processing Monthly Tabular Reports: PeakSpaceGainsMonthly
   **   ~~~   ** ..Variable name=ZONE GAS EQUIPMENT TOTAL HEATING ENERGY not valid for this simulation.
   **   ~~~   ** ..i.e., Variable name=NURSESTN_LOBBY_FLR_5:ZONE GAS EQUIPMENT TOTAL HEATING ENERGY not valid for this simulation.
   ** Warning ** Processing Monthly Tabular Reports: PeakSpaceGainsMonthly
   **   ~~~   ** ..Variable name=ZONE HOT WATER EQUIPMENT TOTAL HEATING ENERGY not valid for this simulation.
   **   ~~~   ** ..i.e., Variable name=NURSESTN_LOBBY_FLR_5:ZONE HOT WATER EQUIPMENT TOTAL HEATING ENERGY not valid for this simulation.
   ** Warning ** Processing Monthly Tabular Reports: PeakSpaceGainsMonthly
   **   ~~~   ** ..Variable name=ZONE STEAM EQUIPMENT TOTAL HEATING ENERGY not valid for this simulation.
   **   ~~~   ** ..i.e., Variable name=NURSESTN_LOBBY_FLR_5:ZONE STEAM EQUIPMENT TOTAL HEATING ENERGY not valid for this simulation.
   ** Warning ** Processing Monthly Tabular Reports: PeakSpaceGainsMonthly
   **   ~~~   ** ..Variable name=ZONE OTHER EQUIPMENT TOTAL HEATING ENERGY not valid for this simulation.
   **   ~~~   ** ..i.e., Variable name=NURSESTN_LOBBY_FLR_5:ZONE OTHER EQUIPMENT TOTAL HEATING ENERGY not valid for this simulation.
   ** Warning ** Processing Monthly Tabular Reports: PeakSpaceGainsMonthly
   **   ~~~   ** ..Variable name=ZONE HOT WATER EQUIPMENT TOTAL HEATING ENERGY not valid for this simulation.
   **   ~~~   ** ..i.e., Variable name=KITCHEN_FLR_5:ZONE HOT WATER EQUIPMENT TOTAL HEATING ENERGY not valid for this simulation.
   ** Warning ** Processing Monthly Tabular Reports: PeakSpaceGainsMonthly
   **   ~~~   ** ..Variable name=ZONE STEAM EQUIPMENT TOTAL HEATING ENERGY not valid for this simulation.
   **   ~~~   ** ..i.e., Variable name=KITCHEN_FLR_5:ZONE STEAM EQUIPMENT TOTAL HEATING ENERGY not valid for this simulation.
   ** Warning ** Processing Monthly Tabular Reports: PeakSpaceGainsMonthly
   **   ~~~   ** ..Variable name=ZONE OTHER EQUIPMENT TOTAL HEATING ENERGY not valid for this simulation.
   **   ~~~   ** ..i.e., Variable name=KITCHEN_FLR_5:ZONE OTHER EQUIPMENT TOTAL HEATING ENERGY not valid for this simulation.
   ** Warning ** Processing Monthly Tabular Reports: PeakSpaceGainsMonthly
   **   ~~~   ** ..Variable name=ZONE GAS EQUIPMENT TOTAL HEATING ENERGY not valid for this simulation.
   **   ~~~   ** ..i.e., Variable name=OFFICE1_FLR_5:ZONE GAS EQUIPMENT TOTAL HEATING ENERGY not valid for this simulation.
   ** Warning ** Processing Monthly Tabular Reports: PeakSpaceGainsMonthly
   **   ~~~   ** ..Variable name=ZONE HOT WATER EQUIPMENT TOTAL HEATING ENERGY not valid for this simulation.
   **   ~~~   ** ..i.e., Variable name=OFFICE1_FLR_5:ZONE HOT WATER EQUIPMENT TOTAL HEATING ENERGY not valid for this simulation.
   ** Warning ** Processing Monthly Tabular Reports: PeakSpaceGainsMonthly
   **   ~~~   ** ..Variable name=ZONE STEAM EQUIPMENT TOTAL HEATING ENERGY not valid for this simulation.
   **   ~~~   ** ..i.e., Variable name=OFFICE1_FLR_5:ZONE STEAM EQUIPMENT TOTAL HEATING ENERGY not valid for this simulation.
   ** Warning ** Processing Monthly Tabular Reports: PeakSpaceGainsMonthly
   **   ~~~   ** ..Variable name=ZONE OTHER EQUIPMENT TOTAL HEATING ENERGY not valid for this simulation.
   **   ~~~   ** ..i.e., Variable name=OFFICE1_FLR_5:ZONE OTHER EQUIPMENT TOTAL HEATING ENERGY not valid for this simulation.
   ** Warning ** Processing Monthly Tabular Reports: PeakSpaceGainsMonthly
   **   ~~~   ** ..Variable name=ZONE GAS EQUIPMENT TOTAL HEATING ENERGY not valid for this simulation.
   **   ~~~   ** ..i.e., Variable name=OFFICE2_MULT5_FLR_5:ZONE GAS EQUIPMENT TOTAL HEATING ENERGY not valid for this simulation.
   ** Warning ** Processing Monthly Tabular Reports: PeakSpaceGainsMonthly
   **   ~~~   ** ..Variable name=ZONE HOT WATER EQUIPMENT TOTAL HEATING ENERGY not valid for this simulation.
   **   ~~~   ** ..i.e., Variable name=OFFICE2_MULT5_FLR_5:ZONE HOT WATER EQUIPMENT TOTAL HEATING ENERGY not valid for this simulation.
   ** Warning ** Processing Monthly Tabular Reports: PeakSpaceGainsMonthly
   **   ~~~   ** ..Variable name=ZONE STEAM EQUIPMENT TOTAL HEATING ENERGY not valid for this simulation.
   **   ~~~   ** ..i.e., Variable name=OFFICE2_MULT5_FLR_5:ZONE STEAM EQUIPMENT TOTAL HEATING ENERGY not valid for this simulation.
   ** Warning ** Processing Monthly Tabular Reports: PeakSpaceGainsMonthly
   **   ~~~   ** ..Variable name=ZONE OTHER EQUIPMENT TOTAL HEATING ENERGY not valid for this simulation.
   **   ~~~   ** ..i.e., Variable name=OFFICE2_MULT5_FLR_5:ZONE OTHER EQUIPMENT TOTAL HEATING ENERGY not valid for this simulation.
   ** Warning ** Processing Monthly Tabular Reports: PeakSpaceGainsMonthly
   **   ~~~   ** ..Variable name=ZONE GAS EQUIPMENT TOTAL HEATING ENERGY not valid for this simulation.
   **   ~~~   ** ..i.e., Variable name=OFFICE3_FLR_5:ZONE GAS EQUIPMENT TOTAL HEATING ENERGY not valid for this simulation.
   ** Warning ** Processing Monthly Tabular Reports: PeakSpaceGainsMonthly
   **   ~~~   ** ..Variable name=ZONE HOT WATER EQUIPMENT TOTAL HEATING ENERGY not valid for this simulation.
   **   ~~~   ** ..i.e., Variable name=OFFICE3_FLR_5:ZONE HOT WATER EQUIPMENT TOTAL HEATING ENERGY not valid for this simulation.
   ** Warning ** Processing Monthly Tabular Reports: PeakSpaceGainsMonthly
   **   ~~~   ** ..Variable name=ZONE STEAM EQUIPMENT TOTAL HEATING ENERGY not valid for this simulation.
   **   ~~~   ** ..i.e., Variable name=OFFICE3_FLR_5:ZONE STEAM EQUIPMENT TOTAL HEATING ENERGY not valid for this simulation.
   ** Warning ** Processing Monthly Tabular Reports: PeakSpaceGainsMonthly
   **   ~~~   ** ..Variable name=ZONE OTHER EQUIPMENT TOTAL HEATING ENERGY not valid for this simulation.
   **   ~~~   ** ..i.e., Variable name=OFFICE3_FLR_5:ZONE OTHER EQUIPMENT TOTAL HEATING ENERGY not valid for this simulation.
   ** Warning ** Processing Monthly Tabular Reports: PeakSpaceGainsMonthly
   **   ~~~   ** ..Variable name=ZONE GAS EQUIPMENT TOTAL HEATING ENERGY not valid for this simulation.
   **   ~~~   ** ..i.e., Variable name=OFFICE4_MULT6_FLR_5:ZONE GAS EQUIPMENT TOTAL HEATING ENERGY not valid for this simulation.
   ** Warning ** Processing Monthly Tabular Reports: PeakSpaceGainsMonthly
   **   ~~~   ** ..Variable name=ZONE HOT WATER EQUIPMENT TOTAL HEATING ENERGY not valid for this simulation.
   **   ~~~   ** ..i.e., Variable name=OFFICE4_MULT6_FLR_5:ZONE HOT WATER EQUIPMENT TOTAL HEATING ENERGY not valid for this simulation.
   ** Warning ** Processing Monthly Tabular Reports: PeakSpaceGainsMonthly
   **   ~~~   ** ..Variable name=ZONE STEAM EQUIPMENT TOTAL HEATING ENERGY not valid for this simulation.
   **   ~~~   ** ..i.e., Variable name=OFFICE4_MULT6_FLR_5:ZONE STEAM EQUIPMENT TOTAL HEATING ENERGY not valid for this simulation.
   ** Warning ** Processing Monthly Tabular Reports: PeakSpaceGainsMonthly
   **   ~~~   ** ..Variable name=ZONE OTHER EQUIPMENT TOTAL HEATING ENERGY not valid for this simulation.
   **   ~~~   ** ..i.e., Variable name=OFFICE4_MULT6_FLR_5:ZONE OTHER EQUIPMENT TOTAL HEATING ENERGY not valid for this simulation.
   ** Warning ** Processing Monthly Tabular Reports: PeakSpaceGainsMonthly
   **   ~~~   ** ..Variable name=ZONE ELECTRIC EQUIPMENT TOTAL HEATING ENERGY not valid for this simulation.
   **   ~~~   ** ..i.e., Variable name=CORRIDOR_FLR_5:ZONE ELECTRIC EQUIPMENT TOTAL HEATING ENERGY not valid for this simulation.
   ** Warning ** Processing Monthly Tabular Reports: PeakSpaceGainsMonthly
   **   ~~~   ** ..Variable name=ZONE GAS EQUIPMENT TOTAL HEATING ENERGY not valid for this simulation.
   **   ~~~   ** ..i.e., Variable name=CORRIDOR_FLR_5:ZONE GAS EQUIPMENT TOTAL HEATING ENERGY not valid for this simulation.
   ** Warning ** Processing Monthly Tabular Reports: PeakSpaceGainsMonthly
   **   ~~~   ** ..Variable name=ZONE HOT WATER EQUIPMENT TOTAL HEATING ENERGY not valid for this simulation.
   **   ~~~   ** ..i.e., Variable name=CORRIDOR_FLR_5:ZONE HOT WATER EQUIPMENT TOTAL HEATING ENERGY not valid for this simulation.
   ** Warning ** Processing Monthly Tabular Reports: PeakSpaceGainsMonthly
   **   ~~~   ** ..Variable name=ZONE STEAM EQUIPMENT TOTAL HEATING ENERGY not valid for this simulation.
   **   ~~~   ** ..i.e., Variable name=CORRIDOR_FLR_5:ZONE STEAM EQUIPMENT TOTAL HEATING ENERGY not valid for this simulation.
   ** Warning ** Processing Monthly Tabular Reports: PeakSpaceGainsMonthly
   **   ~~~   ** ..Variable name=ZONE OTHER EQUIPMENT TOTAL HEATING ENERGY not valid for this simulation.
   **   ~~~   ** ..i.e., Variable name=CORRIDOR_FLR_5:ZONE OTHER EQUIPMENT TOTAL HEATING ENERGY not valid for this simulation.
   ** Warning ** Processing Monthly Tabular Reports: SpaceGainComponentsAtCoolingPeakMonthly
   **   ~~~   ** ..Variable name=ZONE HOT WATER EQUIPMENT TOTAL HEATING ENERGY not valid for this simulation.
   ** Warning ** Processing Monthly Tabular Reports: SpaceGainComponentsAtCoolingPeakMonthly
   **   ~~~   ** ..Variable name=ZONE STEAM EQUIPMENT TOTAL HEATING ENERGY not valid for this simulation.
   ** Warning ** Processing Monthly Tabular Reports: SpaceGainComponentsAtCoolingPeakMonthly
   **   ~~~   ** ..Variable name=ZONE OTHER EQUIPMENT TOTAL HEATING ENERGY not valid for this simulation.
   ** Warning ** Processing Monthly Tabular Reports: SpaceGainComponentsAtCoolingPeakMonthly
   **   ~~~   ** ..Variable name=ZONE GAS EQUIPMENT TOTAL HEATING ENERGY not valid for this simulation.
   **   ~~~   ** ..i.e., Variable name=BASEMENT:ZONE GAS EQUIPMENT TOTAL HEATING ENERGY not valid for this simulation.
   ** Warning ** Processing Monthly Tabular Reports: SpaceGainComponentsAtCoolingPeakMonthly
   **   ~~~   ** ..Variable name=ZONE HOT WATER EQUIPMENT TOTAL HEATING ENERGY not valid for this simulation.
   **   ~~~   ** ..i.e., Variable name=BASEMENT:ZONE HOT WATER EQUIPMENT TOTAL HEATING ENERGY not valid for this simulation.
   ** Warning ** Processing Monthly Tabular Reports: SpaceGainComponentsAtCoolingPeakMonthly
   **   ~~~   ** ..Variable name=ZONE STEAM EQUIPMENT TOTAL HEATING ENERGY not valid for this simulation.
   **   ~~~   ** ..i.e., Variable name=BASEMENT:ZONE STEAM EQUIPMENT TOTAL HEATING ENERGY not valid for this simulation.
   ** Warning ** Processing Monthly Tabular Reports: SpaceGainComponentsAtCoolingPeakMonthly
   **   ~~~   ** ..Variable name=ZONE OTHER EQUIPMENT TOTAL HEATING ENERGY not valid for this simulation.
   **   ~~~   ** ..i.e., Variable name=BASEMENT:ZONE OTHER EQUIPMENT TOTAL HEATING ENERGY not valid for this simulation.
   ** Warning ** Processing Monthly Tabular Reports: SpaceGainComponentsAtCoolingPeakMonthly
   **   ~~~   ** ..Variable name=ZONE GAS EQUIPMENT TOTAL HEATING ENERGY not valid for this simulation.
   **   ~~~   ** ..i.e., Variable name=ER_EXAM1_MULT4_FLR_1:ZONE GAS EQUIPMENT TOTAL HEATING ENERGY not valid for this simulation.
   ** Warning ** Processing Monthly Tabular Reports: SpaceGainComponentsAtCoolingPeakMonthly
   **   ~~~   ** ..Variable name=ZONE HOT WATER EQUIPMENT TOTAL HEATING ENERGY not valid for this simulation.
   **   ~~~   ** ..i.e., Variable name=ER_EXAM1_MULT4_FLR_1:ZONE HOT WATER EQUIPMENT TOTAL HEATING ENERGY not valid for this simulation.
   ** Warning ** Processing Monthly Tabular Reports: SpaceGainComponentsAtCoolingPeakMonthly
   **   ~~~   ** ..Variable name=ZONE STEAM EQUIPMENT TOTAL HEATING ENERGY not valid for this simulation.
   **   ~~~   ** ..i.e., Variable name=ER_EXAM1_MULT4_FLR_1:ZONE STEAM EQUIPMENT TOTAL HEATING ENERGY not valid for this simulation.
   ** Warning ** Processing Monthly Tabular Reports: SpaceGainComponentsAtCoolingPeakMonthly
   **   ~~~   ** ..Variable name=ZONE OTHER EQUIPMENT TOTAL HEATING ENERGY not valid for this simulation.
   **   ~~~   ** ..i.e., Variable name=ER_EXAM1_MULT4_FLR_1:ZONE OTHER EQUIPMENT TOTAL HEATING ENERGY not valid for this simulation.
   ** Warning ** Processing Monthly Tabular Reports: SpaceGainComponentsAtCoolingPeakMonthly
   **   ~~~   ** ..Variable name=ZONE GAS EQUIPMENT TOTAL HEATING ENERGY not valid for this simulation.
   **   ~~~   ** ..i.e., Variable name=ER_TRAUMA1_FLR_1:ZONE GAS EQUIPMENT TOTAL HEATING ENERGY not valid for this simulation.
   ** Warning ** Processing Monthly Tabular Reports: SpaceGainComponentsAtCoolingPeakMonthly
   **   ~~~   ** ..Variable name=ZONE HOT WATER EQUIPMENT TOTAL HEATING ENERGY not valid for this simulation.
   **   ~~~   ** ..i.e., Variable name=ER_TRAUMA1_FLR_1:ZONE HOT WATER EQUIPMENT TOTAL HEATING ENERGY not valid for this simulation.
   ** Warning ** Processing Monthly Tabular Reports: SpaceGainComponentsAtCoolingPeakMonthly
   **   ~~~   ** ..Variable name=ZONE STEAM EQUIPMENT TOTAL HEATING ENERGY not valid for this simulation.
   **   ~~~   ** ..i.e., Variable name=ER_TRAUMA1_FLR_1:ZONE STEAM EQUIPMENT TOTAL HEATING ENERGY not valid for this simulation.
   ** Warning ** Processing Monthly Tabular Reports: SpaceGainComponentsAtCoolingPeakMonthly
   **   ~~~   ** ..Variable name=ZONE OTHER EQUIPMENT TOTAL HEATING ENERGY not valid for this simulation.
   **   ~~~   ** ..i.e., Variable name=ER_TRAUMA1_FLR_1:ZONE OTHER EQUIPMENT TOTAL HEATING ENERGY not valid for this simulation.
   ** Warning ** Processing Monthly Tabular Reports: SpaceGainComponentsAtCoolingPeakMonthly
   **   ~~~   ** ..Variable name=ZONE GAS EQUIPMENT TOTAL HEATING ENERGY not valid for this simulation.
   **   ~~~   ** ..i.e., Variable name=ER_EXAM3_MULT4_FLR_1:ZONE GAS EQUIPMENT TOTAL HEATING ENERGY not valid for this simulation.
   ** Warning ** Processing Monthly Tabular Reports: SpaceGainComponentsAtCoolingPeakMonthly
   **   ~~~   ** ..Variable name=ZONE HOT WATER EQUIPMENT TOTAL HEATING ENERGY not valid for this simulation.
   **   ~~~   ** ..i.e., Variable name=ER_EXAM3_MULT4_FLR_1:ZONE HOT WATER EQUIPMENT TOTAL HEATING ENERGY not valid for this simulation.
   ** Warning ** Processing Monthly Tabular Reports: SpaceGainComponentsAtCoolingPeakMonthly
   **   ~~~   ** ..Variable name=ZONE STEAM EQUIPMENT TOTAL HEATING ENERGY not valid for this simulation.
   **   ~~~   ** ..i.e., Variable name=ER_EXAM3_MULT4_FLR_1:ZONE STEAM EQUIPMENT TOTAL HEATING ENERGY not valid for this simulation.
   ** Warning ** Processing Monthly Tabular Reports: SpaceGainComponentsAtCoolingPeakMonthly
   **   ~~~   ** ..Variable name=ZONE OTHER EQUIPMENT TOTAL HEATING ENERGY not valid for this simulation.
   **   ~~~   ** ..i.e., Variable name=ER_EXAM3_MULT4_FLR_1:ZONE OTHER EQUIPMENT TOTAL HEATING ENERGY not valid for this simulation.
   ** Warning ** Processing Monthly Tabular Reports: SpaceGainComponentsAtCoolingPeakMonthly
   **   ~~~   ** ..Variable name=ZONE GAS EQUIPMENT TOTAL HEATING ENERGY not valid for this simulation.
   **   ~~~   ** ..i.e., Variable name=ER_TRAUMA2_FLR_1:ZONE GAS EQUIPMENT TOTAL HEATING ENERGY not valid for this simulation.
   ** Warning ** Processing Monthly Tabular Reports: SpaceGainComponentsAtCoolingPeakMonthly
   **   ~~~   ** ..Variable name=ZONE HOT WATER EQUIPMENT TOTAL HEATING ENERGY not valid for this simulation.
   **   ~~~   ** ..i.e., Variable name=ER_TRAUMA2_FLR_1:ZONE HOT WATER EQUIPMENT TOTAL HEATING ENERGY not valid for this simulation.
   ** Warning ** Processing Monthly Tabular Reports: SpaceGainComponentsAtCoolingPeakMonthly
   **   ~~~   ** ..Variable name=ZONE STEAM EQUIPMENT TOTAL HEATING ENERGY not valid for this simulation.
   **   ~~~   ** ..i.e., Variable name=ER_TRAUMA2_FLR_1:ZONE STEAM EQUIPMENT TOTAL HEATING ENERGY not valid for this simulation.
   ** Warning ** Processing Monthly Tabular Reports: SpaceGainComponentsAtCoolingPeakMonthly
   **   ~~~   ** ..Variable name=ZONE OTHER EQUIPMENT TOTAL HEATING ENERGY not valid for this simulation.
   **   ~~~   ** ..i.e., Variable name=ER_TRAUMA2_FLR_1:ZONE OTHER EQUIPMENT TOTAL HEATING ENERGY not valid for this simulation.
   ** Warning ** Processing Monthly Tabular Reports: SpaceGainComponentsAtCoolingPeakMonthly
   **   ~~~   ** ..Variable name=ZONE GAS EQUIPMENT TOTAL HEATING ENERGY not valid for this simulation.
   **   ~~~   ** ..i.e., Variable name=ER_TRIAGE_MULT4_FLR_1:ZONE GAS EQUIPMENT TOTAL HEATING ENERGY not valid for this simulation.
   ** Warning ** Processing Monthly Tabular Reports: SpaceGainComponentsAtCoolingPeakMonthly
   **   ~~~   ** ..Variable name=ZONE HOT WATER EQUIPMENT TOTAL HEATING ENERGY not valid for this simulation.
   **   ~~~   ** ..i.e., Variable name=ER_TRIAGE_MULT4_FLR_1:ZONE HOT WATER EQUIPMENT TOTAL HEATING ENERGY not valid for this simulation.
   ** Warning ** Processing Monthly Tabular Reports: SpaceGainComponentsAtCoolingPeakMonthly
   **   ~~~   ** ..Variable name=ZONE STEAM EQUIPMENT TOTAL HEATING ENERGY not valid for this simulation.
   **   ~~~   ** ..i.e., Variable name=ER_TRIAGE_MULT4_FLR_1:ZONE STEAM EQUIPMENT TOTAL HEATING ENERGY not valid for this simulation.
   ** Warning ** Processing Monthly Tabular Reports: SpaceGainComponentsAtCoolingPeakMonthly
   **   ~~~   ** ..Variable name=ZONE OTHER EQUIPMENT TOTAL HEATING ENERGY not valid for this simulation.
   **   ~~~   ** ..i.e., Variable name=ER_TRIAGE_MULT4_FLR_1:ZONE OTHER EQUIPMENT TOTAL HEATING ENERGY not valid for this simulation.
   ** Warning ** Processing Monthly Tabular Reports: SpaceGainComponentsAtCoolingPeakMonthly
   **   ~~~   ** ..Variable name=ZONE GAS EQUIPMENT TOTAL HEATING ENERGY not valid for this simulation.
   **   ~~~   ** ..i.e., Variable name=OFFICE1_MULT4_FLR_1:ZONE GAS EQUIPMENT TOTAL HEATING ENERGY not valid for this simulation.
   ** Warning ** Processing Monthly Tabular Reports: SpaceGainComponentsAtCoolingPeakMonthly
   **   ~~~   ** ..Variable name=ZONE HOT WATER EQUIPMENT TOTAL HEATING ENERGY not valid for this simulation.
   **   ~~~   ** ..i.e., Variable name=OFFICE1_MULT4_FLR_1:ZONE HOT WATER EQUIPMENT TOTAL HEATING ENERGY not valid for this simulation.
   ** Warning ** Processing Monthly Tabular Reports: SpaceGainComponentsAtCoolingPeakMonthly
   **   ~~~   ** ..Variable name=ZONE STEAM EQUIPMENT TOTAL HEATING ENERGY not valid for this simulation.
   **   ~~~   ** ..i.e., Variable name=OFFICE1_MULT4_FLR_1:ZONE STEAM EQUIPMENT TOTAL HEATING ENERGY not valid for this simulation.
   ** Warning ** Processing Monthly Tabular Reports: SpaceGainComponentsAtCoolingPeakMonthly
   **   ~~~   ** ..Variable name=ZONE OTHER EQUIPMENT TOTAL HEATING ENERGY not valid for this simulation.
   **   ~~~   ** ..i.e., Variable name=OFFICE1_MULT4_FLR_1:ZONE OTHER EQUIPMENT TOTAL HEATING ENERGY not valid for this simulation.
   ** Warning ** Processing Monthly Tabular Reports: SpaceGainComponentsAtCoolingPeakMonthly
   **   ~~~   ** ..Variable name=ZONE GAS EQUIPMENT TOTAL HEATING ENERGY not valid for this simulation.
   **   ~~~   ** ..i.e., Variable name=LOBBY_RECORDS_FLR_1:ZONE GAS EQUIPMENT TOTAL HEATING ENERGY not valid for this simulation.
   ** Warning ** Processing Monthly Tabular Reports: SpaceGainComponentsAtCoolingPeakMonthly
   **   ~~~   ** ..Variable name=ZONE HOT WATER EQUIPMENT TOTAL HEATING ENERGY not valid for this simulation.
   **   ~~~   ** ..i.e., Variable name=LOBBY_RECORDS_FLR_1:ZONE HOT WATER EQUIPMENT TOTAL HEATING ENERGY not valid for this simulation.
   ** Warning ** Processing Monthly Tabular Reports: SpaceGainComponentsAtCoolingPeakMonthly
   **   ~~~   ** ..Variable name=ZONE STEAM EQUIPMENT TOTAL HEATING ENERGY not valid for this simulation.
   **   ~~~   ** ..i.e., Variable name=LOBBY_RECORDS_FLR_1:ZONE STEAM EQUIPMENT TOTAL HEATING ENERGY not valid for this simulation.
   ** Warning ** Processing Monthly Tabular Reports: SpaceGainComponentsAtCoolingPeakMonthly
   **   ~~~   ** ..Variable name=ZONE OTHER EQUIPMENT TOTAL HEATING ENERGY not valid for this simulation.
   **   ~~~   ** ..i.e., Variable name=LOBBY_RECORDS_FLR_1:ZONE OTHER EQUIPMENT TOTAL HEATING ENERGY not valid for this simulation.
   ** Warning ** Processing Monthly Tabular Reports: SpaceGainComponentsAtCoolingPeakMonthly
   **   ~~~   ** ..Variable name=ZONE ELECTRIC EQUIPMENT TOTAL HEATING ENERGY not valid for this simulation.
   **   ~~~   ** ..i.e., Variable name=CORRIDOR_FLR_1:ZONE ELECTRIC EQUIPMENT TOTAL HEATING ENERGY not valid for this simulation.
   ** Warning ** Processing Monthly Tabular Reports: SpaceGainComponentsAtCoolingPeakMonthly
   **   ~~~   ** ..Variable name=ZONE GAS EQUIPMENT TOTAL HEATING ENERGY not valid for this simulation.
   **   ~~~   ** ..i.e., Variable name=CORRIDOR_FLR_1:ZONE GAS EQUIPMENT TOTAL HEATING ENERGY not valid for this simulation.
   ** Warning ** Processing Monthly Tabular Reports: SpaceGainComponentsAtCoolingPeakMonthly
   **   ~~~   ** ..Variable name=ZONE HOT WATER EQUIPMENT TOTAL HEATING ENERGY not valid for this simulation.
   **   ~~~   ** ..i.e., Variable name=CORRIDOR_FLR_1:ZONE HOT WATER EQUIPMENT TOTAL HEATING ENERGY not valid for this simulation.
   ** Warning ** Processing Monthly Tabular Reports: SpaceGainComponentsAtCoolingPeakMonthly
   **   ~~~   ** ..Variable name=ZONE STEAM EQUIPMENT TOTAL HEATING ENERGY not valid for this simulation.
   **   ~~~   ** ..i.e., Variable name=CORRIDOR_FLR_1:ZONE STEAM EQUIPMENT TOTAL HEATING ENERGY not valid for this simulation.
   ** Warning ** Processing Monthly Tabular Reports: SpaceGainComponentsAtCoolingPeakMonthly
   **   ~~~   ** ..Variable name=ZONE OTHER EQUIPMENT TOTAL HEATING ENERGY not valid for this simulation.
   **   ~~~   ** ..i.e., Variable name=CORRIDOR_FLR_1:ZONE OTHER EQUIPMENT TOTAL HEATING ENERGY not valid for this simulation.
   ** Warning ** Processing Monthly Tabular Reports: SpaceGainComponentsAtCoolingPeakMonthly
   **   ~~~   ** ..Variable name=ZONE GAS EQUIPMENT TOTAL HEATING ENERGY not valid for this simulation.
   **   ~~~   ** ..i.e., Variable name=ER_NURSESTN_LOBBY_FLR_1:ZONE GAS EQUIPMENT TOTAL HEATING ENERGY not valid for this simulation.
   ** Warning ** Processing Monthly Tabular Reports: SpaceGainComponentsAtCoolingPeakMonthly
   **   ~~~   ** ..Variable name=ZONE HOT WATER EQUIPMENT TOTAL HEATING ENERGY not valid for this simulation.
   **   ~~~   ** ..i.e., Variable name=ER_NURSESTN_LOBBY_FLR_1:ZONE HOT WATER EQUIPMENT TOTAL HEATING ENERGY not valid for this simulation.
   ** Warning ** Processing Monthly Tabular Reports: SpaceGainComponentsAtCoolingPeakMonthly
   **   ~~~   ** ..Variable name=ZONE STEAM EQUIPMENT TOTAL HEATING ENERGY not valid for this simulation.
   **   ~~~   ** ..i.e., Variable name=ER_NURSESTN_LOBBY_FLR_1:ZONE STEAM EQUIPMENT TOTAL HEATING ENERGY not valid for this simulation.
   ** Warning ** Processing Monthly Tabular Reports: SpaceGainComponentsAtCoolingPeakMonthly
   **   ~~~   ** ..Variable name=ZONE OTHER EQUIPMENT TOTAL HEATING ENERGY not valid for this simulation.
   **   ~~~   ** ..i.e., Variable name=ER_NURSESTN_LOBBY_FLR_1:ZONE OTHER EQUIPMENT TOTAL HEATING ENERGY not valid for this simulation.
   ** Warning ** Processing Monthly Tabular Reports: SpaceGainComponentsAtCoolingPeakMonthly
   **   ~~~   ** ..Variable name=ZONE GAS EQUIPMENT TOTAL HEATING ENERGY not valid for this simulation.
   **   ~~~   ** ..i.e., Variable name=OR1_FLR_2:ZONE GAS EQUIPMENT TOTAL HEATING ENERGY not valid for this simulation.
   ** Warning ** Processing Monthly Tabular Reports: SpaceGainComponentsAtCoolingPeakMonthly
   **   ~~~   ** ..Variable name=ZONE HOT WATER EQUIPMENT TOTAL HEATING ENERGY not valid for this simulation.
   **   ~~~   ** ..i.e., Variable name=OR1_FLR_2:ZONE HOT WATER EQUIPMENT TOTAL HEATING ENERGY not valid for this simulation.
   ** Warning ** Processing Monthly Tabular Reports: SpaceGainComponentsAtCoolingPeakMonthly
   **   ~~~   ** ..Variable name=ZONE STEAM EQUIPMENT TOTAL HEATING ENERGY not valid for this simulation.
   **   ~~~   ** ..i.e., Variable name=OR1_FLR_2:ZONE STEAM EQUIPMENT TOTAL HEATING ENERGY not valid for this simulation.
   ** Warning ** Processing Monthly Tabular Reports: SpaceGainComponentsAtCoolingPeakMonthly
   **   ~~~   ** ..Variable name=ZONE OTHER EQUIPMENT TOTAL HEATING ENERGY not valid for this simulation.
   **   ~~~   ** ..i.e., Variable name=OR1_FLR_2:ZONE OTHER EQUIPMENT TOTAL HEATING ENERGY not valid for this simulation.
   ** Warning ** Processing Monthly Tabular Reports: SpaceGainComponentsAtCoolingPeakMonthly
   **   ~~~   ** ..Variable name=ZONE GAS EQUIPMENT TOTAL HEATING ENERGY not valid for this simulation.
   **   ~~~   ** ..i.e., Variable name=OR2_MULT5_FLR_2:ZONE GAS EQUIPMENT TOTAL HEATING ENERGY not valid for this simulation.
   ** Warning ** Processing Monthly Tabular Reports: SpaceGainComponentsAtCoolingPeakMonthly
   **   ~~~   ** ..Variable name=ZONE HOT WATER EQUIPMENT TOTAL HEATING ENERGY not valid for this simulation.
   **   ~~~   ** ..i.e., Variable name=OR2_MULT5_FLR_2:ZONE HOT WATER EQUIPMENT TOTAL HEATING ENERGY not valid for this simulation.
   ** Warning ** Processing Monthly Tabular Reports: SpaceGainComponentsAtCoolingPeakMonthly
   **   ~~~   ** ..Variable name=ZONE STEAM EQUIPMENT TOTAL HEATING ENERGY not valid for this simulation.
   **   ~~~   ** ..i.e., Variable name=OR2_MULT5_FLR_2:ZONE STEAM EQUIPMENT TOTAL HEATING ENERGY not valid for this simulation.
   ** Warning ** Processing Monthly Tabular Reports: SpaceGainComponentsAtCoolingPeakMonthly
   **   ~~~   ** ..Variable name=ZONE OTHER EQUIPMENT TOTAL HEATING ENERGY not valid for this simulation.
   **   ~~~   ** ..i.e., Variable name=OR2_MULT5_FLR_2:ZONE OTHER EQUIPMENT TOTAL HEATING ENERGY not valid for this simulation.
   ** Warning ** Processing Monthly Tabular Reports: SpaceGainComponentsAtCoolingPeakMonthly
   **   ~~~   ** ..Variable name=ZONE GAS EQUIPMENT TOTAL HEATING ENERGY not valid for this simulation.
   **   ~~~   ** ..i.e., Variable name=OR3_FLR_2:ZONE GAS EQUIPMENT TOTAL HEATING ENERGY not valid for this simulation.
   ** Warning ** Processing Monthly Tabular Reports: SpaceGainComponentsAtCoolingPeakMonthly
   **   ~~~   ** ..Variable name=ZONE HOT WATER EQUIPMENT TOTAL HEATING ENERGY not valid for this simulation.
   **   ~~~   ** ..i.e., Variable name=OR3_FLR_2:ZONE HOT WATER EQUIPMENT TOTAL HEATING ENERGY not valid for this simulation.
   ** Warning ** Processing Monthly Tabular Reports: SpaceGainComponentsAtCoolingPeakMonthly
   **   ~~~   ** ..Variable name=ZONE STEAM EQUIPMENT TOTAL HEATING ENERGY not valid for this simulation.
   **   ~~~   ** ..i.e., Variable name=OR3_FLR_2:ZONE STEAM EQUIPMENT TOTAL HEATING ENERGY not valid for this simulation.
   ** Warning ** Processing Monthly Tabular Reports: SpaceGainComponentsAtCoolingPeakMonthly
   **   ~~~   ** ..Variable name=ZONE OTHER EQUIPMENT TOTAL HEATING ENERGY not valid for this simulation.
   **   ~~~   ** ..i.e., Variable name=OR3_FLR_2:ZONE OTHER EQUIPMENT TOTAL HEATING ENERGY not valid for this simulation.
   ** Warning ** Processing Monthly Tabular Reports: SpaceGainComponentsAtCoolingPeakMonthly
   **   ~~~   ** ..Variable name=ZONE GAS EQUIPMENT TOTAL HEATING ENERGY not valid for this simulation.
   **   ~~~   ** ..i.e., Variable name=OR4_FLR_2:ZONE GAS EQUIPMENT TOTAL HEATING ENERGY not valid for this simulation.
   ** Warning ** Processing Monthly Tabular Reports: SpaceGainComponentsAtCoolingPeakMonthly
   **   ~~~   ** ..Variable name=ZONE HOT WATER EQUIPMENT TOTAL HEATING ENERGY not valid for this simulation.
   **   ~~~   ** ..i.e., Variable name=OR4_FLR_2:ZONE HOT WATER EQUIPMENT TOTAL HEATING ENERGY not valid for this simulation.
   ** Warning ** Processing Monthly Tabular Reports: SpaceGainComponentsAtCoolingPeakMonthly
   **   ~~~   ** ..Variable name=ZONE STEAM EQUIPMENT TOTAL HEATING ENERGY not valid for this simulation.
   **   ~~~   ** ..i.e., Variable name=OR4_FLR_2:ZONE STEAM EQUIPMENT TOTAL HEATING ENERGY not valid for this simulation.
   ** Warning ** Processing Monthly Tabular Reports: SpaceGainComponentsAtCoolingPeakMonthly
   **   ~~~   ** ..Variable name=ZONE OTHER EQUIPMENT TOTAL HEATING ENERGY not valid for this simulation.
   **   ~~~   ** ..i.e., Variable name=OR4_FLR_2:ZONE OTHER EQUIPMENT TOTAL HEATING ENERGY not valid for this simulation.
   ** Warning ** Processing Monthly Tabular Reports: SpaceGainComponentsAtCoolingPeakMonthly
   **   ~~~   ** ..Variable name=ZONE GAS EQUIPMENT TOTAL HEATING ENERGY not valid for this simulation.
   **   ~~~   ** ..i.e., Variable name=IC_PATROOM1_MULT5_FLR_2:ZONE GAS EQUIPMENT TOTAL HEATING ENERGY not valid for this simulation.
   ** Warning ** Processing Monthly Tabular Reports: SpaceGainComponentsAtCoolingPeakMonthly
   **   ~~~   ** ..Variable name=ZONE HOT WATER EQUIPMENT TOTAL HEATING ENERGY not valid for this simulation.
   **   ~~~   ** ..i.e., Variable name=IC_PATROOM1_MULT5_FLR_2:ZONE HOT WATER EQUIPMENT TOTAL HEATING ENERGY not valid for this simulation.
   ** Warning ** Processing Monthly Tabular Reports: SpaceGainComponentsAtCoolingPeakMonthly
   **   ~~~   ** ..Variable name=ZONE STEAM EQUIPMENT TOTAL HEATING ENERGY not valid for this simulation.
   **   ~~~   ** ..i.e., Variable name=IC_PATROOM1_MULT5_FLR_2:ZONE STEAM EQUIPMENT TOTAL HEATING ENERGY not valid for this simulation.
   ** Warning ** Processing Monthly Tabular Reports: SpaceGainComponentsAtCoolingPeakMonthly
   **   ~~~   ** ..Variable name=ZONE OTHER EQUIPMENT TOTAL HEATING ENERGY not valid for this simulation.
   **   ~~~   ** ..i.e., Variable name=IC_PATROOM1_MULT5_FLR_2:ZONE OTHER EQUIPMENT TOTAL HEATING ENERGY not valid for this simulation.
   ** Warning ** Processing Monthly Tabular Reports: SpaceGainComponentsAtCoolingPeakMonthly
   **   ~~~   ** ..Variable name=ZONE GAS EQUIPMENT TOTAL HEATING ENERGY not valid for this simulation.
   **   ~~~   ** ..i.e., Variable name=IC_PATROOM2_FLR_2:ZONE GAS EQUIPMENT TOTAL HEATING ENERGY not valid for this simulation.
   ** Warning ** Processing Monthly Tabular Reports: SpaceGainComponentsAtCoolingPeakMonthly
   **   ~~~   ** ..Variable name=ZONE HOT WATER EQUIPMENT TOTAL HEATING ENERGY not valid for this simulation.
   **   ~~~   ** ..i.e., Variable name=IC_PATROOM2_FLR_2:ZONE HOT WATER EQUIPMENT TOTAL HEATING ENERGY not valid for this simulation.
   ** Warning ** Processing Monthly Tabular Reports: SpaceGainComponentsAtCoolingPeakMonthly
   **   ~~~   ** ..Variable name=ZONE STEAM EQUIPMENT TOTAL HEATING ENERGY not valid for this simulation.
   **   ~~~   ** ..i.e., Variable name=IC_PATROOM2_FLR_2:ZONE STEAM EQUIPMENT TOTAL HEATING ENERGY not valid for this simulation.
   ** Warning ** Processing Monthly Tabular Reports: SpaceGainComponentsAtCoolingPeakMonthly
   **   ~~~   ** ..Variable name=ZONE OTHER EQUIPMENT TOTAL HEATING ENERGY not valid for this simulation.
   **   ~~~   ** ..i.e., Variable name=IC_PATROOM2_FLR_2:ZONE OTHER EQUIPMENT TOTAL HEATING ENERGY not valid for this simulation.
   ** Warning ** Processing Monthly Tabular Reports: SpaceGainComponentsAtCoolingPeakMonthly
   **   ~~~   ** ..Variable name=ZONE GAS EQUIPMENT TOTAL HEATING ENERGY not valid for this simulation.
   **   ~~~   ** ..i.e., Variable name=IC_PATROOM3_MULT6_FLR_2:ZONE GAS EQUIPMENT TOTAL HEATING ENERGY not valid for this simulation.
   ** Warning ** Processing Monthly Tabular Reports: SpaceGainComponentsAtCoolingPeakMonthly
   **   ~~~   ** ..Variable name=ZONE HOT WATER EQUIPMENT TOTAL HEATING ENERGY not valid for this simulation.
   **   ~~~   ** ..i.e., Variable name=IC_PATROOM3_MULT6_FLR_2:ZONE HOT WATER EQUIPMENT TOTAL HEATING ENERGY not valid for this simulation.
   ** Warning ** Processing Monthly Tabular Reports: SpaceGainComponentsAtCoolingPeakMonthly
   **   ~~~   ** ..Variable name=ZONE STEAM EQUIPMENT TOTAL HEATING ENERGY not valid for this simulation.
   **   ~~~   ** ..i.e., Variable name=IC_PATROOM3_MULT6_FLR_2:ZONE STEAM EQUIPMENT TOTAL HEATING ENERGY not valid for this simulation.
   ** Warning ** Processing Monthly Tabular Reports: SpaceGainComponentsAtCoolingPeakMonthly
   **   ~~~   ** ..Variable name=ZONE OTHER EQUIPMENT TOTAL HEATING ENERGY not valid for this simulation.
   **   ~~~   ** ..i.e., Variable name=IC_PATROOM3_MULT6_FLR_2:ZONE OTHER EQUIPMENT TOTAL HEATING ENERGY not valid for this simulation.
   ** Warning ** Processing Monthly Tabular Reports: SpaceGainComponentsAtCoolingPeakMonthly
   **   ~~~   ** ..Variable name=ZONE GAS EQUIPMENT TOTAL HEATING ENERGY not valid for this simulation.
   **   ~~~   ** ..i.e., Variable name=ICU_FLR_2:ZONE GAS EQUIPMENT TOTAL HEATING ENERGY not valid for this simulation.
   ** Warning ** Processing Monthly Tabular Reports: SpaceGainComponentsAtCoolingPeakMonthly
   **   ~~~   ** ..Variable name=ZONE HOT WATER EQUIPMENT TOTAL HEATING ENERGY not valid for this simulation.
   **   ~~~   ** ..i.e., Variable name=ICU_FLR_2:ZONE HOT WATER EQUIPMENT TOTAL HEATING ENERGY not valid for this simulation.
   ** Warning ** Processing Monthly Tabular Reports: SpaceGainComponentsAtCoolingPeakMonthly
   **   ~~~   ** ..Variable name=ZONE STEAM EQUIPMENT TOTAL HEATING ENERGY not valid for this simulation.
   **   ~~~   ** ..i.e., Variable name=ICU_FLR_2:ZONE STEAM EQUIPMENT TOTAL HEATING ENERGY not valid for this simulation.
   ** Warning ** Processing Monthly Tabular Reports: SpaceGainComponentsAtCoolingPeakMonthly
   **   ~~~   ** ..Variable name=ZONE OTHER EQUIPMENT TOTAL HEATING ENERGY not valid for this simulation.
   **   ~~~   ** ..i.e., Variable name=ICU_FLR_2:ZONE OTHER EQUIPMENT TOTAL HEATING ENERGY not valid for this simulation.
   ** Warning ** Processing Monthly Tabular Reports: SpaceGainComponentsAtCoolingPeakMonthly
   **   ~~~   ** ..Variable name=ZONE GAS EQUIPMENT TOTAL HEATING ENERGY not valid for this simulation.
   **   ~~~   ** ..i.e., Variable name=ICU_NURSESTN_LOBBY_FLR_2:ZONE GAS EQUIPMENT TOTAL HEATING ENERGY not valid for this simulation.
   ** Warning ** Processing Monthly Tabular Reports: SpaceGainComponentsAtCoolingPeakMonthly
   **   ~~~   ** ..Variable name=ZONE HOT WATER EQUIPMENT TOTAL HEATING ENERGY not valid for this simulation.
   **   ~~~   ** ..i.e., Variable name=ICU_NURSESTN_LOBBY_FLR_2:ZONE HOT WATER EQUIPMENT TOTAL HEATING ENERGY not valid for this simulation.
   ** Warning ** Processing Monthly Tabular Reports: SpaceGainComponentsAtCoolingPeakMonthly
   **   ~~~   ** ..Variable name=ZONE STEAM EQUIPMENT TOTAL HEATING ENERGY not valid for this simulation.
   **   ~~~   ** ..i.e., Variable name=ICU_NURSESTN_LOBBY_FLR_2:ZONE STEAM EQUIPMENT TOTAL HEATING ENERGY not valid for this simulation.
   ** Warning ** Processing Monthly Tabular Reports: SpaceGainComponentsAtCoolingPeakMonthly
   **   ~~~   ** ..Variable name=ZONE OTHER EQUIPMENT TOTAL HEATING ENERGY not valid for this simulation.
   **   ~~~   ** ..i.e., Variable name=ICU_NURSESTN_LOBBY_FLR_2:ZONE OTHER EQUIPMENT TOTAL HEATING ENERGY not valid for this simulation.
   ** Warning ** Processing Monthly Tabular Reports: SpaceGainComponentsAtCoolingPeakMonthly
   **   ~~~   ** ..Variable name=ZONE ELECTRIC EQUIPMENT TOTAL HEATING ENERGY not valid for this simulation.
   **   ~~~   ** ..i.e., Variable name=CORRIDOR_FLR_2:ZONE ELECTRIC EQUIPMENT TOTAL HEATING ENERGY not valid for this simulation.
   ** Warning ** Processing Monthly Tabular Reports: SpaceGainComponentsAtCoolingPeakMonthly
   **   ~~~   ** ..Variable name=ZONE GAS EQUIPMENT TOTAL HEATING ENERGY not valid for this simulation.
   **   ~~~   ** ..i.e., Variable name=CORRIDOR_FLR_2:ZONE GAS EQUIPMENT TOTAL HEATING ENERGY not valid for this simulation.
   ** Warning ** Processing Monthly Tabular Reports: SpaceGainComponentsAtCoolingPeakMonthly
   **   ~~~   ** ..Variable name=ZONE HOT WATER EQUIPMENT TOTAL HEATING ENERGY not valid for this simulation.
   **   ~~~   ** ..i.e., Variable name=CORRIDOR_FLR_2:ZONE HOT WATER EQUIPMENT TOTAL HEATING ENERGY not valid for this simulation.
   ** Warning ** Processing Monthly Tabular Reports: SpaceGainComponentsAtCoolingPeakMonthly
   **   ~~~   ** ..Variable name=ZONE STEAM EQUIPMENT TOTAL HEATING ENERGY not valid for this simulation.
   **   ~~~   ** ..i.e., Variable name=CORRIDOR_FLR_2:ZONE STEAM EQUIPMENT TOTAL HEATING ENERGY not valid for this simulation.
   ** Warning ** Processing Monthly Tabular Reports: SpaceGainComponentsAtCoolingPeakMonthly
   **   ~~~   ** ..Variable name=ZONE OTHER EQUIPMENT TOTAL HEATING ENERGY not valid for this simulation.
   **   ~~~   ** ..i.e., Variable name=CORRIDOR_FLR_2:ZONE OTHER EQUIPMENT TOTAL HEATING ENERGY not valid for this simulation.
   ** Warning ** Processing Monthly Tabular Reports: SpaceGainComponentsAtCoolingPeakMonthly
   **   ~~~   ** ..Variable name=ZONE GAS EQUIPMENT TOTAL HEATING ENERGY not valid for this simulation.
   **   ~~~   ** ..i.e., Variable name=OR_NURSESTN_LOBBY_FLR_2:ZONE GAS EQUIPMENT TOTAL HEATING ENERGY not valid for this simulation.
   ** Warning ** Processing Monthly Tabular Reports: SpaceGainComponentsAtCoolingPeakMonthly
   **   ~~~   ** ..Variable name=ZONE HOT WATER EQUIPMENT TOTAL HEATING ENERGY not valid for this simulation.
   **   ~~~   ** ..i.e., Variable name=OR_NURSESTN_LOBBY_FLR_2:ZONE HOT WATER EQUIPMENT TOTAL HEATING ENERGY not valid for this simulation.
   ** Warning ** Processing Monthly Tabular Reports: SpaceGainComponentsAtCoolingPeakMonthly
   **   ~~~   ** ..Variable name=ZONE STEAM EQUIPMENT TOTAL HEATING ENERGY not valid for this simulation.
   **   ~~~   ** ..i.e., Variable name=OR_NURSESTN_LOBBY_FLR_2:ZONE STEAM EQUIPMENT TOTAL HEATING ENERGY not valid for this simulation.
   ** Warning ** Processing Monthly Tabular Reports: SpaceGainComponentsAtCoolingPeakMonthly
   **   ~~~   ** ..Variable name=ZONE OTHER EQUIPMENT TOTAL HEATING ENERGY not valid for this simulation.
   **   ~~~   ** ..i.e., Variable name=OR_NURSESTN_LOBBY_FLR_2:ZONE OTHER EQUIPMENT TOTAL HEATING ENERGY not valid for this simulation.
   ** Warning ** Processing Monthly Tabular Reports: SpaceGainComponentsAtCoolingPeakMonthly
   **   ~~~   ** ..Variable name=ZONE GAS EQUIPMENT TOTAL HEATING ENERGY not valid for this simulation.
   **   ~~~   ** ..i.e., Variable name=PATROOM1_MULT10_FLR_3:ZONE GAS EQUIPMENT TOTAL HEATING ENERGY not valid for this simulation.
   ** Warning ** Processing Monthly Tabular Reports: SpaceGainComponentsAtCoolingPeakMonthly
   **   ~~~   ** ..Variable name=ZONE HOT WATER EQUIPMENT TOTAL HEATING ENERGY not valid for this simulation.
   **   ~~~   ** ..i.e., Variable name=PATROOM1_MULT10_FLR_3:ZONE HOT WATER EQUIPMENT TOTAL HEATING ENERGY not valid for this simulation.
   ** Warning ** Processing Monthly Tabular Reports: SpaceGainComponentsAtCoolingPeakMonthly
   **   ~~~   ** ..Variable name=ZONE STEAM EQUIPMENT TOTAL HEATING ENERGY not valid for this simulation.
   **   ~~~   ** ..i.e., Variable name=PATROOM1_MULT10_FLR_3:ZONE STEAM EQUIPMENT TOTAL HEATING ENERGY not valid for this simulation.
   ** Warning ** Processing Monthly Tabular Reports: SpaceGainComponentsAtCoolingPeakMonthly
   **   ~~~   ** ..Variable name=ZONE OTHER EQUIPMENT TOTAL HEATING ENERGY not valid for this simulation.
   **   ~~~   ** ..i.e., Variable name=PATROOM1_MULT10_FLR_3:ZONE OTHER EQUIPMENT TOTAL HEATING ENERGY not valid for this simulation.
   ** Warning ** Processing Monthly Tabular Reports: SpaceGainComponentsAtCoolingPeakMonthly
   **   ~~~   ** ..Variable name=ZONE GAS EQUIPMENT TOTAL HEATING ENERGY not valid for this simulation.
   **   ~~~   ** ..i.e., Variable name=PATROOM2_FLR_3:ZONE GAS EQUIPMENT TOTAL HEATING ENERGY not valid for this simulation.
   ** Warning ** Processing Monthly Tabular Reports: SpaceGainComponentsAtCoolingPeakMonthly
   **   ~~~   ** ..Variable name=ZONE HOT WATER EQUIPMENT TOTAL HEATING ENERGY not valid for this simulation.
   **   ~~~   ** ..i.e., Variable name=PATROOM2_FLR_3:ZONE HOT WATER EQUIPMENT TOTAL HEATING ENERGY not valid for this simulation.
   ** Warning ** Processing Monthly Tabular Reports: SpaceGainComponentsAtCoolingPeakMonthly
   **   ~~~   ** ..Variable name=ZONE STEAM EQUIPMENT TOTAL HEATING ENERGY not valid for this simulation.
   **   ~~~   ** ..i.e., Variable name=PATROOM2_FLR_3:ZONE STEAM EQUIPMENT TOTAL HEATING ENERGY not valid for this simulation.
   ** Warning ** Processing Monthly Tabular Reports: SpaceGainComponentsAtCoolingPeakMonthly
   **   ~~~   ** ..Variable name=ZONE OTHER EQUIPMENT TOTAL HEATING ENERGY not valid for this simulation.
   **   ~~~   ** ..i.e., Variable name=PATROOM2_FLR_3:ZONE OTHER EQUIPMENT TOTAL HEATING ENERGY not valid for this simulation.
   ** Warning ** Processing Monthly Tabular Reports: SpaceGainComponentsAtCoolingPeakMonthly
   **   ~~~   ** ..Variable name=ZONE GAS EQUIPMENT TOTAL HEATING ENERGY not valid for this simulation.
   **   ~~~   ** ..i.e., Variable name=PATROOM3_MULT10_FLR_3:ZONE GAS EQUIPMENT TOTAL HEATING ENERGY not valid for this simulation.
   ** Warning ** Processing Monthly Tabular Reports: SpaceGainComponentsAtCoolingPeakMonthly
   **   ~~~   ** ..Variable name=ZONE HOT WATER EQUIPMENT TOTAL HEATING ENERGY not valid for this simulation.
   **   ~~~   ** ..i.e., Variable name=PATROOM3_MULT10_FLR_3:ZONE HOT WATER EQUIPMENT TOTAL HEATING ENERGY not valid for this simulation.
   ** Warning ** Processing Monthly Tabular Reports: SpaceGainComponentsAtCoolingPeakMonthly
   **   ~~~   ** ..Variable name=ZONE STEAM EQUIPMENT TOTAL HEATING ENERGY not valid for this simulation.
   **   ~~~   ** ..i.e., Variable name=PATROOM3_MULT10_FLR_3:ZONE STEAM EQUIPMENT TOTAL HEATING ENERGY not valid for this simulation.
   ** Warning ** Processing Monthly Tabular Reports: SpaceGainComponentsAtCoolingPeakMonthly
   **   ~~~   ** ..Variable name=ZONE OTHER EQUIPMENT TOTAL HEATING ENERGY not valid for this simulation.
   **   ~~~   ** ..i.e., Variable name=PATROOM3_MULT10_FLR_3:ZONE OTHER EQUIPMENT TOTAL HEATING ENERGY not valid for this simulation.
   ** Warning ** Processing Monthly Tabular Reports: SpaceGainComponentsAtCoolingPeakMonthly
   **   ~~~   ** ..Variable name=ZONE GAS EQUIPMENT TOTAL HEATING ENERGY not valid for this simulation.
   **   ~~~   ** ..i.e., Variable name=PATROOM4_FLR_3:ZONE GAS EQUIPMENT TOTAL HEATING ENERGY not valid for this simulation.
   ** Warning ** Processing Monthly Tabular Reports: SpaceGainComponentsAtCoolingPeakMonthly
   **   ~~~   ** ..Variable name=ZONE HOT WATER EQUIPMENT TOTAL HEATING ENERGY not valid for this simulation.
   **   ~~~   ** ..i.e., Variable name=PATROOM4_FLR_3:ZONE HOT WATER EQUIPMENT TOTAL HEATING ENERGY not valid for this simulation.
   ** Warning ** Processing Monthly Tabular Reports: SpaceGainComponentsAtCoolingPeakMonthly
   **   ~~~   ** ..Variable name=ZONE STEAM EQUIPMENT TOTAL HEATING ENERGY not valid for this simulation.
   **   ~~~   ** ..i.e., Variable name=PATROOM4_FLR_3:ZONE STEAM EQUIPMENT TOTAL HEATING ENERGY not valid for this simulation.
   ** Warning ** Processing Monthly Tabular Reports: SpaceGainComponentsAtCoolingPeakMonthly
   **   ~~~   ** ..Variable name=ZONE OTHER EQUIPMENT TOTAL HEATING ENERGY not valid for this simulation.
   **   ~~~   ** ..i.e., Variable name=PATROOM4_FLR_3:ZONE OTHER EQUIPMENT TOTAL HEATING ENERGY not valid for this simulation.
   ** Warning ** Processing Monthly Tabular Reports: SpaceGainComponentsAtCoolingPeakMonthly
   **   ~~~   ** ..Variable name=ZONE GAS EQUIPMENT TOTAL HEATING ENERGY not valid for this simulation.
   **   ~~~   ** ..i.e., Variable name=PATROOM5_MULT10_FLR_3:ZONE GAS EQUIPMENT TOTAL HEATING ENERGY not valid for this simulation.
   ** Warning ** Processing Monthly Tabular Reports: SpaceGainComponentsAtCoolingPeakMonthly
   **   ~~~   ** ..Variable name=ZONE HOT WATER EQUIPMENT TOTAL HEATING ENERGY not valid for this simulation.
   **   ~~~   ** ..i.e., Variable name=PATROOM5_MULT10_FLR_3:ZONE HOT WATER EQUIPMENT TOTAL HEATING ENERGY not valid for this simulation.
   ** Warning ** Processing Monthly Tabular Reports: SpaceGainComponentsAtCoolingPeakMonthly
   **   ~~~   ** ..Variable name=ZONE STEAM EQUIPMENT TOTAL HEATING ENERGY not valid for this simulation.
   **   ~~~   ** ..i.e., Variable name=PATROOM5_MULT10_FLR_3:ZONE STEAM EQUIPMENT TOTAL HEATING ENERGY not valid for this simulation.
   ** Warning ** Processing Monthly Tabular Reports: SpaceGainComponentsAtCoolingPeakMonthly
   **   ~~~   ** ..Variable name=ZONE OTHER EQUIPMENT TOTAL HEATING ENERGY not valid for this simulation.
   **   ~~~   ** ..i.e., Variable name=PATROOM5_MULT10_FLR_3:ZONE OTHER EQUIPMENT TOTAL HEATING ENERGY not valid for this simulation.
   ** Warning ** Processing Monthly Tabular Reports: SpaceGainComponentsAtCoolingPeakMonthly
   **   ~~~   ** ..Variable name=ZONE GAS EQUIPMENT TOTAL HEATING ENERGY not valid for this simulation.
   **   ~~~   ** ..i.e., Variable name=PHYSTHERAPY_FLR_3:ZONE GAS EQUIPMENT TOTAL HEATING ENERGY not valid for this simulation.
   ** Warning ** Processing Monthly Tabular Reports: SpaceGainComponentsAtCoolingPeakMonthly
   **   ~~~   ** ..Variable name=ZONE HOT WATER EQUIPMENT TOTAL HEATING ENERGY not valid for this simulation.
   **   ~~~   ** ..i.e., Variable name=PHYSTHERAPY_FLR_3:ZONE HOT WATER EQUIPMENT TOTAL HEATING ENERGY not valid for this simulation.
   ** Warning ** Processing Monthly Tabular Reports: SpaceGainComponentsAtCoolingPeakMonthly
   **   ~~~   ** ..Variable name=ZONE STEAM EQUIPMENT TOTAL HEATING ENERGY not valid for this simulation.
   **   ~~~   ** ..i.e., Variable name=PHYSTHERAPY_FLR_3:ZONE STEAM EQUIPMENT TOTAL HEATING ENERGY not valid for this simulation.
   ** Warning ** Processing Monthly Tabular Reports: SpaceGainComponentsAtCoolingPeakMonthly
   **   ~~~   ** ..Variable name=ZONE OTHER EQUIPMENT TOTAL HEATING ENERGY not valid for this simulation.
   **   ~~~   ** ..i.e., Variable name=PHYSTHERAPY_FLR_3:ZONE OTHER EQUIPMENT TOTAL HEATING ENERGY not valid for this simulation.
   ** Warning ** Processing Monthly Tabular Reports: SpaceGainComponentsAtCoolingPeakMonthly
   **   ~~~   ** ..Variable name=ZONE GAS EQUIPMENT TOTAL HEATING ENERGY not valid for this simulation.
   **   ~~~   ** ..i.e., Variable name=PATROOM6_FLR_3:ZONE GAS EQUIPMENT TOTAL HEATING ENERGY not valid for this simulation.
   ** Warning ** Processing Monthly Tabular Reports: SpaceGainComponentsAtCoolingPeakMonthly
   **   ~~~   ** ..Variable name=ZONE HOT WATER EQUIPMENT TOTAL HEATING ENERGY not valid for this simulation.
   **   ~~~   ** ..i.e., Variable name=PATROOM6_FLR_3:ZONE HOT WATER EQUIPMENT TOTAL HEATING ENERGY not valid for this simulation.
   ** Warning ** Processing Monthly Tabular Reports: SpaceGainComponentsAtCoolingPeakMonthly
   **   ~~~   ** ..Variable name=ZONE STEAM EQUIPMENT TOTAL HEATING ENERGY not valid for this simulation.
   **   ~~~   ** ..i.e., Variable name=PATROOM6_FLR_3:ZONE STEAM EQUIPMENT TOTAL HEATING ENERGY not valid for this simulation.
   ** Warning ** Processing Monthly Tabular Reports: SpaceGainComponentsAtCoolingPeakMonthly
   **   ~~~   ** ..Variable name=ZONE OTHER EQUIPMENT TOTAL HEATING ENERGY not valid for this simulation.
   **   ~~~   ** ..i.e., Variable name=PATROOM6_FLR_3:ZONE OTHER EQUIPMENT TOTAL HEATING ENERGY not valid for this simulation.
   ** Warning ** Processing Monthly Tabular Reports: SpaceGainComponentsAtCoolingPeakMonthly
   **   ~~~   ** ..Variable name=ZONE GAS EQUIPMENT TOTAL HEATING ENERGY not valid for this simulation.
   **   ~~~   ** ..i.e., Variable name=PATROOM7_MULT10_FLR_3:ZONE GAS EQUIPMENT TOTAL HEATING ENERGY not valid for this simulation.
   ** Warning ** Processing Monthly Tabular Reports: SpaceGainComponentsAtCoolingPeakMonthly
   **   ~~~   ** ..Variable name=ZONE HOT WATER EQUIPMENT TOTAL HEATING ENERGY not valid for this simulation.
   **   ~~~   ** ..i.e., Variable name=PATROOM7_MULT10_FLR_3:ZONE HOT WATER EQUIPMENT TOTAL HEATING ENERGY not valid for this simulation.
   ** Warning ** Processing Monthly Tabular Reports: SpaceGainComponentsAtCoolingPeakMonthly
   **   ~~~   ** ..Variable name=ZONE STEAM EQUIPMENT TOTAL HEATING ENERGY not valid for this simulation.
   **   ~~~   ** ..i.e., Variable name=PATROOM7_MULT10_FLR_3:ZONE STEAM EQUIPMENT TOTAL HEATING ENERGY not valid for this simulation.
   ** Warning ** Processing Monthly Tabular Reports: SpaceGainComponentsAtCoolingPeakMonthly
   **   ~~~   ** ..Variable name=ZONE OTHER EQUIPMENT TOTAL HEATING ENERGY not valid for this simulation.
   **   ~~~   ** ..i.e., Variable name=PATROOM7_MULT10_FLR_3:ZONE OTHER EQUIPMENT TOTAL HEATING ENERGY not valid for this simulation.
   ** Warning ** Processing Monthly Tabular Reports: SpaceGainComponentsAtCoolingPeakMonthly
   **   ~~~   ** ..Variable name=ZONE GAS EQUIPMENT TOTAL HEATING ENERGY not valid for this simulation.
   **   ~~~   ** ..i.e., Variable name=PATROOM8_FLR_3:ZONE GAS EQUIPMENT TOTAL HEATING ENERGY not valid for this simulation.
   ** Warning ** Processing Monthly Tabular Reports: SpaceGainComponentsAtCoolingPeakMonthly
   **   ~~~   ** ..Variable name=ZONE HOT WATER EQUIPMENT TOTAL HEATING ENERGY not valid for this simulation.
   **   ~~~   ** ..i.e., Variable name=PATROOM8_FLR_3:ZONE HOT WATER EQUIPMENT TOTAL HEATING ENERGY not valid for this simulation.
   ** Warning ** Processing Monthly Tabular Reports: SpaceGainComponentsAtCoolingPeakMonthly
   **   ~~~   ** ..Variable name=ZONE STEAM EQUIPMENT TOTAL HEATING ENERGY not valid for this simulation.
   **   ~~~   ** ..i.e., Variable name=PATROOM8_FLR_3:ZONE STEAM EQUIPMENT TOTAL HEATING ENERGY not valid for this simulation.
   ** Warning ** Processing Monthly Tabular Reports: SpaceGainComponentsAtCoolingPeakMonthly
   **   ~~~   ** ..Variable name=ZONE OTHER EQUIPMENT TOTAL HEATING ENERGY not valid for this simulation.
   **   ~~~   ** ..i.e., Variable name=PATROOM8_FLR_3:ZONE OTHER EQUIPMENT TOTAL HEATING ENERGY not valid for this simulation.
   ** Warning ** Processing Monthly Tabular Reports: SpaceGainComponentsAtCoolingPeakMonthly
   **   ~~~   ** ..Variable name=ZONE GAS EQUIPMENT TOTAL HEATING ENERGY not valid for this simulation.
   **   ~~~   ** ..i.e., Variable name=NURSESTN_LOBBY_FLR_3:ZONE GAS EQUIPMENT TOTAL HEATING ENERGY not valid for this simulation.
   ** Warning ** Processing Monthly Tabular Reports: SpaceGainComponentsAtCoolingPeakMonthly
   **   ~~~   ** ..Variable name=ZONE HOT WATER EQUIPMENT TOTAL HEATING ENERGY not valid for this simulation.
   **   ~~~   ** ..i.e., Variable name=NURSESTN_LOBBY_FLR_3:ZONE HOT WATER EQUIPMENT TOTAL HEATING ENERGY not valid for this simulation.
   ** Warning ** Processing Monthly Tabular Reports: SpaceGainComponentsAtCoolingPeakMonthly
   **   ~~~   ** ..Variable name=ZONE STEAM EQUIPMENT TOTAL HEATING ENERGY not valid for this simulation.
   **   ~~~   ** ..i.e., Variable name=NURSESTN_LOBBY_FLR_3:ZONE STEAM EQUIPMENT TOTAL HEATING ENERGY not valid for this simulation.
   ** Warning ** Processing Monthly Tabular Reports: SpaceGainComponentsAtCoolingPeakMonthly
   **   ~~~   ** ..Variable name=ZONE OTHER EQUIPMENT TOTAL HEATING ENERGY not valid for this simulation.
   **   ~~~   ** ..i.e., Variable name=NURSESTN_LOBBY_FLR_3:ZONE OTHER EQUIPMENT TOTAL HEATING ENERGY not valid for this simulation.
   ** Warning ** Processing Monthly Tabular Reports: SpaceGainComponentsAtCoolingPeakMonthly
   **   ~~~   ** ..Variable name=ZONE GAS EQUIPMENT TOTAL HEATING ENERGY not valid for this simulation.
   **   ~~~   ** ..i.e., Variable name=LAB_FLR_3:ZONE GAS EQUIPMENT TOTAL HEATING ENERGY not valid for this simulation.
   ** Warning ** Processing Monthly Tabular Reports: SpaceGainComponentsAtCoolingPeakMonthly
   **   ~~~   ** ..Variable name=ZONE HOT WATER EQUIPMENT TOTAL HEATING ENERGY not valid for this simulation.
   **   ~~~   ** ..i.e., Variable name=LAB_FLR_3:ZONE HOT WATER EQUIPMENT TOTAL HEATING ENERGY not valid for this simulation.
   ** Warning ** Processing Monthly Tabular Reports: SpaceGainComponentsAtCoolingPeakMonthly
   **   ~~~   ** ..Variable name=ZONE STEAM EQUIPMENT TOTAL HEATING ENERGY not valid for this simulation.
   **   ~~~   ** ..i.e., Variable name=LAB_FLR_3:ZONE STEAM EQUIPMENT TOTAL HEATING ENERGY not valid for this simulation.
   ** Warning ** Processing Monthly Tabular Reports: SpaceGainComponentsAtCoolingPeakMonthly
   **   ~~~   ** ..Variable name=ZONE OTHER EQUIPMENT TOTAL HEATING ENERGY not valid for this simulation.
   **   ~~~   ** ..i.e., Variable name=LAB_FLR_3:ZONE OTHER EQUIPMENT TOTAL HEATING ENERGY not valid for this simulation.
   ** Warning ** Processing Monthly Tabular Reports: SpaceGainComponentsAtCoolingPeakMonthly
   **   ~~~   ** ..Variable name=ZONE ELECTRIC EQUIPMENT TOTAL HEATING ENERGY not valid for this simulation.
   **   ~~~   ** ..i.e., Variable name=CORRIDOR_SE_FLR_3:ZONE ELECTRIC EQUIPMENT TOTAL HEATING ENERGY not valid for this simulation.
   ** Warning ** Processing Monthly Tabular Reports: SpaceGainComponentsAtCoolingPeakMonthly
   **   ~~~   ** ..Variable name=ZONE GAS EQUIPMENT TOTAL HEATING ENERGY not valid for this simulation.
   **   ~~~   ** ..i.e., Variable name=CORRIDOR_SE_FLR_3:ZONE GAS EQUIPMENT TOTAL HEATING ENERGY not valid for this simulation.
   ** Warning ** Processing Monthly Tabular Reports: SpaceGainComponentsAtCoolingPeakMonthly
   **   ~~~   ** ..Variable name=ZONE HOT WATER EQUIPMENT TOTAL HEATING ENERGY not valid for this simulation.
   **   ~~~   ** ..i.e., Variable name=CORRIDOR_SE_FLR_3:ZONE HOT WATER EQUIPMENT TOTAL HEATING ENERGY not valid for this simulation.
   ** Warning ** Processing Monthly Tabular Reports: SpaceGainComponentsAtCoolingPeakMonthly
   **   ~~~   ** ..Variable name=ZONE STEAM EQUIPMENT TOTAL HEATING ENERGY not valid for this simulation.
   **   ~~~   ** ..i.e., Variable name=CORRIDOR_SE_FLR_3:ZONE STEAM EQUIPMENT TOTAL HEATING ENERGY not valid for this simulation.
   ** Warning ** Processing Monthly Tabular Reports: SpaceGainComponentsAtCoolingPeakMonthly
   **   ~~~   ** ..Variable name=ZONE OTHER EQUIPMENT TOTAL HEATING ENERGY not valid for this simulation.
   **   ~~~   ** ..i.e., Variable name=CORRIDOR_SE_FLR_3:ZONE OTHER EQUIPMENT TOTAL HEATING ENERGY not valid for this simulation.
   ** Warning ** Processing Monthly Tabular Reports: SpaceGainComponentsAtCoolingPeakMonthly
   **   ~~~   ** ..Variable name=ZONE ELECTRIC EQUIPMENT TOTAL HEATING ENERGY not valid for this simulation.
   **   ~~~   ** ..i.e., Variable name=CORRIDOR_NW_FLR_3:ZONE ELECTRIC EQUIPMENT TOTAL HEATING ENERGY not valid for this simulation.
   ** Warning ** Processing Monthly Tabular Reports: SpaceGainComponentsAtCoolingPeakMonthly
   **   ~~~   ** ..Variable name=ZONE GAS EQUIPMENT TOTAL HEATING ENERGY not valid for this simulation.
   **   ~~~   ** ..i.e., Variable name=CORRIDOR_NW_FLR_3:ZONE GAS EQUIPMENT TOTAL HEATING ENERGY not valid for this simulation.
   ** Warning ** Processing Monthly Tabular Reports: SpaceGainComponentsAtCoolingPeakMonthly
   **   ~~~   ** ..Variable name=ZONE HOT WATER EQUIPMENT TOTAL HEATING ENERGY not valid for this simulation.
   **   ~~~   ** ..i.e., Variable name=CORRIDOR_NW_FLR_3:ZONE HOT WATER EQUIPMENT TOTAL HEATING ENERGY not valid for this simulation.
   ** Warning ** Processing Monthly Tabular Reports: SpaceGainComponentsAtCoolingPeakMonthly
   **   ~~~   ** ..Variable name=ZONE STEAM EQUIPMENT TOTAL HEATING ENERGY not valid for this simulation.
   **   ~~~   ** ..i.e., Variable name=CORRIDOR_NW_FLR_3:ZONE STEAM EQUIPMENT TOTAL HEATING ENERGY not valid for this simulation.
   ** Warning ** Processing Monthly Tabular Reports: SpaceGainComponentsAtCoolingPeakMonthly
   **   ~~~   ** ..Variable name=ZONE OTHER EQUIPMENT TOTAL HEATING ENERGY not valid for this simulation.
   **   ~~~   ** ..i.e., Variable name=CORRIDOR_NW_FLR_3:ZONE OTHER EQUIPMENT TOTAL HEATING ENERGY not valid for this simulation.
   ** Warning ** Processing Monthly Tabular Reports: SpaceGainComponentsAtCoolingPeakMonthly
   **   ~~~   ** ..Variable name=ZONE GAS EQUIPMENT TOTAL HEATING ENERGY not valid for this simulation.
   **   ~~~   ** ..i.e., Variable name=PATROOM1_MULT10_FLR_4:ZONE GAS EQUIPMENT TOTAL HEATING ENERGY not valid for this simulation.
   ** Warning ** Processing Monthly Tabular Reports: SpaceGainComponentsAtCoolingPeakMonthly
   **   ~~~   ** ..Variable name=ZONE HOT WATER EQUIPMENT TOTAL HEATING ENERGY not valid for this simulation.
   **   ~~~   ** ..i.e., Variable name=PATROOM1_MULT10_FLR_4:ZONE HOT WATER EQUIPMENT TOTAL HEATING ENERGY not valid for this simulation.
   ** Warning ** Processing Monthly Tabular Reports: SpaceGainComponentsAtCoolingPeakMonthly
   **   ~~~   ** ..Variable name=ZONE STEAM EQUIPMENT TOTAL HEATING ENERGY not valid for this simulation.
   **   ~~~   ** ..i.e., Variable name=PATROOM1_MULT10_FLR_4:ZONE STEAM EQUIPMENT TOTAL HEATING ENERGY not valid for this simulation.
   ** Warning ** Processing Monthly Tabular Reports: SpaceGainComponentsAtCoolingPeakMonthly
   **   ~~~   ** ..Variable name=ZONE OTHER EQUIPMENT TOTAL HEATING ENERGY not valid for this simulation.
   **   ~~~   ** ..i.e., Variable name=PATROOM1_MULT10_FLR_4:ZONE OTHER EQUIPMENT TOTAL HEATING ENERGY not valid for this simulation.
   ** Warning ** Processing Monthly Tabular Reports: SpaceGainComponentsAtCoolingPeakMonthly
   **   ~~~   ** ..Variable name=ZONE GAS EQUIPMENT TOTAL HEATING ENERGY not valid for this simulation.
   **   ~~~   ** ..i.e., Variable name=PATROOM2_FLR_4:ZONE GAS EQUIPMENT TOTAL HEATING ENERGY not valid for this simulation.
   ** Warning ** Processing Monthly Tabular Reports: SpaceGainComponentsAtCoolingPeakMonthly
   **   ~~~   ** ..Variable name=ZONE HOT WATER EQUIPMENT TOTAL HEATING ENERGY not valid for this simulation.
   **   ~~~   ** ..i.e., Variable name=PATROOM2_FLR_4:ZONE HOT WATER EQUIPMENT TOTAL HEATING ENERGY not valid for this simulation.
   ** Warning ** Processing Monthly Tabular Reports: SpaceGainComponentsAtCoolingPeakMonthly
   **   ~~~   ** ..Variable name=ZONE STEAM EQUIPMENT TOTAL HEATING ENERGY not valid for this simulation.
   **   ~~~   ** ..i.e., Variable name=PATROOM2_FLR_4:ZONE STEAM EQUIPMENT TOTAL HEATING ENERGY not valid for this simulation.
   ** Warning ** Processing Monthly Tabular Reports: SpaceGainComponentsAtCoolingPeakMonthly
   **   ~~~   ** ..Variable name=ZONE OTHER EQUIPMENT TOTAL HEATING ENERGY not valid for this simulation.
   **   ~~~   ** ..i.e., Variable name=PATROOM2_FLR_4:ZONE OTHER EQUIPMENT TOTAL HEATING ENERGY not valid for this simulation.
   ** Warning ** Processing Monthly Tabular Reports: SpaceGainComponentsAtCoolingPeakMonthly
   **   ~~~   ** ..Variable name=ZONE GAS EQUIPMENT TOTAL HEATING ENERGY not valid for this simulation.
   **   ~~~   ** ..i.e., Variable name=PATROOM3_MULT10_FLR_4:ZONE GAS EQUIPMENT TOTAL HEATING ENERGY not valid for this simulation.
   ** Warning ** Processing Monthly Tabular Reports: SpaceGainComponentsAtCoolingPeakMonthly
   **   ~~~   ** ..Variable name=ZONE HOT WATER EQUIPMENT TOTAL HEATING ENERGY not valid for this simulation.
   **   ~~~   ** ..i.e., Variable name=PATROOM3_MULT10_FLR_4:ZONE HOT WATER EQUIPMENT TOTAL HEATING ENERGY not valid for this simulation.
   ** Warning ** Processing Monthly Tabular Reports: SpaceGainComponentsAtCoolingPeakMonthly
   **   ~~~   ** ..Variable name=ZONE STEAM EQUIPMENT TOTAL HEATING ENERGY not valid for this simulation.
   **   ~~~   ** ..i.e., Variable name=PATROOM3_MULT10_FLR_4:ZONE STEAM EQUIPMENT TOTAL HEATING ENERGY not valid for this simulation.
   ** Warning ** Processing Monthly Tabular Reports: SpaceGainComponentsAtCoolingPeakMonthly
   **   ~~~   ** ..Variable name=ZONE OTHER EQUIPMENT TOTAL HEATING ENERGY not valid for this simulation.
   **   ~~~   ** ..i.e., Variable name=PATROOM3_MULT10_FLR_4:ZONE OTHER EQUIPMENT TOTAL HEATING ENERGY not valid for this simulation.
   ** Warning ** Processing Monthly Tabular Reports: SpaceGainComponentsAtCoolingPeakMonthly
   **   ~~~   ** ..Variable name=ZONE GAS EQUIPMENT TOTAL HEATING ENERGY not valid for this simulation.
   **   ~~~   ** ..i.e., Variable name=PATROOM4_FLR_4:ZONE GAS EQUIPMENT TOTAL HEATING ENERGY not valid for this simulation.
   ** Warning ** Processing Monthly Tabular Reports: SpaceGainComponentsAtCoolingPeakMonthly
   **   ~~~   ** ..Variable name=ZONE HOT WATER EQUIPMENT TOTAL HEATING ENERGY not valid for this simulation.
   **   ~~~   ** ..i.e., Variable name=PATROOM4_FLR_4:ZONE HOT WATER EQUIPMENT TOTAL HEATING ENERGY not valid for this simulation.
   ** Warning ** Processing Monthly Tabular Reports: SpaceGainComponentsAtCoolingPeakMonthly
   **   ~~~   ** ..Variable name=ZONE STEAM EQUIPMENT TOTAL HEATING ENERGY not valid for this simulation.
   **   ~~~   ** ..i.e., Variable name=PATROOM4_FLR_4:ZONE STEAM EQUIPMENT TOTAL HEATING ENERGY not valid for this simulation.
   ** Warning ** Processing Monthly Tabular Reports: SpaceGainComponentsAtCoolingPeakMonthly
   **   ~~~   ** ..Variable name=ZONE OTHER EQUIPMENT TOTAL HEATING ENERGY not valid for this simulation.
   **   ~~~   ** ..i.e., Variable name=PATROOM4_FLR_4:ZONE OTHER EQUIPMENT TOTAL HEATING ENERGY not valid for this simulation.
   ** Warning ** Processing Monthly Tabular Reports: SpaceGainComponentsAtCoolingPeakMonthly
   **   ~~~   ** ..Variable name=ZONE GAS EQUIPMENT TOTAL HEATING ENERGY not valid for this simulation.
   **   ~~~   ** ..i.e., Variable name=PATROOM5_MULT10_FLR_4:ZONE GAS EQUIPMENT TOTAL HEATING ENERGY not valid for this simulation.
   ** Warning ** Processing Monthly Tabular Reports: SpaceGainComponentsAtCoolingPeakMonthly
   **   ~~~   ** ..Variable name=ZONE HOT WATER EQUIPMENT TOTAL HEATING ENERGY not valid for this simulation.
   **   ~~~   ** ..i.e., Variable name=PATROOM5_MULT10_FLR_4:ZONE HOT WATER EQUIPMENT TOTAL HEATING ENERGY not valid for this simulation.
   ** Warning ** Processing Monthly Tabular Reports: SpaceGainComponentsAtCoolingPeakMonthly
   **   ~~~   ** ..Variable name=ZONE STEAM EQUIPMENT TOTAL HEATING ENERGY not valid for this simulation.
   **   ~~~   ** ..i.e., Variable name=PATROOM5_MULT10_FLR_4:ZONE STEAM EQUIPMENT TOTAL HEATING ENERGY not valid for this simulation.
   ** Warning ** Processing Monthly Tabular Reports: SpaceGainComponentsAtCoolingPeakMonthly
   **   ~~~   ** ..Variable name=ZONE OTHER EQUIPMENT TOTAL HEATING ENERGY not valid for this simulation.
   **   ~~~   ** ..i.e., Variable name=PATROOM5_MULT10_FLR_4:ZONE OTHER EQUIPMENT TOTAL HEATING ENERGY not valid for this simulation.
   ** Warning ** Processing Monthly Tabular Reports: SpaceGainComponentsAtCoolingPeakMonthly
   **   ~~~   ** ..Variable name=ZONE GAS EQUIPMENT TOTAL HEATING ENERGY not valid for this simulation.
   **   ~~~   ** ..i.e., Variable name=RADIOLOGY_FLR_4:ZONE GAS EQUIPMENT TOTAL HEATING ENERGY not valid for this simulation.
   ** Warning ** Processing Monthly Tabular Reports: SpaceGainComponentsAtCoolingPeakMonthly
   **   ~~~   ** ..Variable name=ZONE HOT WATER EQUIPMENT TOTAL HEATING ENERGY not valid for this simulation.
   **   ~~~   ** ..i.e., Variable name=RADIOLOGY_FLR_4:ZONE HOT WATER EQUIPMENT TOTAL HEATING ENERGY not valid for this simulation.
   ** Warning ** Processing Monthly Tabular Reports: SpaceGainComponentsAtCoolingPeakMonthly
   **   ~~~   ** ..Variable name=ZONE STEAM EQUIPMENT TOTAL HEATING ENERGY not valid for this simulation.
   **   ~~~   ** ..i.e., Variable name=RADIOLOGY_FLR_4:ZONE STEAM EQUIPMENT TOTAL HEATING ENERGY not valid for this simulation.
   ** Warning ** Processing Monthly Tabular Reports: SpaceGainComponentsAtCoolingPeakMonthly
   **   ~~~   ** ..Variable name=ZONE OTHER EQUIPMENT TOTAL HEATING ENERGY not valid for this simulation.
   **   ~~~   ** ..i.e., Variable name=RADIOLOGY_FLR_4:ZONE OTHER EQUIPMENT TOTAL HEATING ENERGY not valid for this simulation.
   ** Warning ** Processing Monthly Tabular Reports: SpaceGainComponentsAtCoolingPeakMonthly
   **   ~~~   ** ..Variable name=ZONE GAS EQUIPMENT TOTAL HEATING ENERGY not valid for this simulation.
   **   ~~~   ** ..i.e., Variable name=PATROOM6_FLR_4:ZONE GAS EQUIPMENT TOTAL HEATING ENERGY not valid for this simulation.
   ** Warning ** Processing Monthly Tabular Reports: SpaceGainComponentsAtCoolingPeakMonthly
   **   ~~~   ** ..Variable name=ZONE HOT WATER EQUIPMENT TOTAL HEATING ENERGY not valid for this simulation.
   **   ~~~   ** ..i.e., Variable name=PATROOM6_FLR_4:ZONE HOT WATER EQUIPMENT TOTAL HEATING ENERGY not valid for this simulation.
   ** Warning ** Processing Monthly Tabular Reports: SpaceGainComponentsAtCoolingPeakMonthly
   **   ~~~   ** ..Variable name=ZONE STEAM EQUIPMENT TOTAL HEATING ENERGY not valid for this simulation.
   **   ~~~   ** ..i.e., Variable name=PATROOM6_FLR_4:ZONE STEAM EQUIPMENT TOTAL HEATING ENERGY not valid for this simulation.
   ** Warning ** Processing Monthly Tabular Reports: SpaceGainComponentsAtCoolingPeakMonthly
   **   ~~~   ** ..Variable name=ZONE OTHER EQUIPMENT TOTAL HEATING ENERGY not valid for this simulation.
   **   ~~~   ** ..i.e., Variable name=PATROOM6_FLR_4:ZONE OTHER EQUIPMENT TOTAL HEATING ENERGY not valid for this simulation.
   ** Warning ** Processing Monthly Tabular Reports: SpaceGainComponentsAtCoolingPeakMonthly
   **   ~~~   ** ..Variable name=ZONE GAS EQUIPMENT TOTAL HEATING ENERGY not valid for this simulation.
   **   ~~~   ** ..i.e., Variable name=PATROOM7_MULT10_FLR_4:ZONE GAS EQUIPMENT TOTAL HEATING ENERGY not valid for this simulation.
   ** Warning ** Processing Monthly Tabular Reports: SpaceGainComponentsAtCoolingPeakMonthly
   **   ~~~   ** ..Variable name=ZONE HOT WATER EQUIPMENT TOTAL HEATING ENERGY not valid for this simulation.
   **   ~~~   ** ..i.e., Variable name=PATROOM7_MULT10_FLR_4:ZONE HOT WATER EQUIPMENT TOTAL HEATING ENERGY not valid for this simulation.
   ** Warning ** Processing Monthly Tabular Reports: SpaceGainComponentsAtCoolingPeakMonthly
   **   ~~~   ** ..Variable name=ZONE STEAM EQUIPMENT TOTAL HEATING ENERGY not valid for this simulation.
   **   ~~~   ** ..i.e., Variable name=PATROOM7_MULT10_FLR_4:ZONE STEAM EQUIPMENT TOTAL HEATING ENERGY not valid for this simulation.
   ** Warning ** Processing Monthly Tabular Reports: SpaceGainComponentsAtCoolingPeakMonthly
   **   ~~~   ** ..Variable name=ZONE OTHER EQUIPMENT TOTAL HEATING ENERGY not valid for this simulation.
   **   ~~~   ** ..i.e., Variable name=PATROOM7_MULT10_FLR_4:ZONE OTHER EQUIPMENT TOTAL HEATING ENERGY not valid for this simulation.
   ** Warning ** Processing Monthly Tabular Reports: SpaceGainComponentsAtCoolingPeakMonthly
   **   ~~~   ** ..Variable name=ZONE GAS EQUIPMENT TOTAL HEATING ENERGY not valid for this simulation.
   **   ~~~   ** ..i.e., Variable name=PATROOM8_FLR_4:ZONE GAS EQUIPMENT TOTAL HEATING ENERGY not valid for this simulation.
   ** Warning ** Processing Monthly Tabular Reports: SpaceGainComponentsAtCoolingPeakMonthly
   **   ~~~   ** ..Variable name=ZONE HOT WATER EQUIPMENT TOTAL HEATING ENERGY not valid for this simulation.
   **   ~~~   ** ..i.e., Variable name=PATROOM8_FLR_4:ZONE HOT WATER EQUIPMENT TOTAL HEATING ENERGY not valid for this simulation.
   ** Warning ** Processing Monthly Tabular Reports: SpaceGainComponentsAtCoolingPeakMonthly
   **   ~~~   ** ..Variable name=ZONE STEAM EQUIPMENT TOTAL HEATING ENERGY not valid for this simulation.
   **   ~~~   ** ..i.e., Variable name=PATROOM8_FLR_4:ZONE STEAM EQUIPMENT TOTAL HEATING ENERGY not valid for this simulation.
   ** Warning ** Processing Monthly Tabular Reports: SpaceGainComponentsAtCoolingPeakMonthly
   **   ~~~   ** ..Variable name=ZONE OTHER EQUIPMENT TOTAL HEATING ENERGY not valid for this simulation.
   **   ~~~   ** ..i.e., Variable name=PATROOM8_FLR_4:ZONE OTHER EQUIPMENT TOTAL HEATING ENERGY not valid for this simulation.
   ** Warning ** Processing Monthly Tabular Reports: SpaceGainComponentsAtCoolingPeakMonthly
   **   ~~~   ** ..Variable name=ZONE GAS EQUIPMENT TOTAL HEATING ENERGY not valid for this simulation.
   **   ~~~   ** ..i.e., Variable name=NURSESTN_LOBBY_FLR_4:ZONE GAS EQUIPMENT TOTAL HEATING ENERGY not valid for this simulation.
   ** Warning ** Processing Monthly Tabular Reports: SpaceGainComponentsAtCoolingPeakMonthly
   **   ~~~   ** ..Variable name=ZONE HOT WATER EQUIPMENT TOTAL HEATING ENERGY not valid for this simulation.
   **   ~~~   ** ..i.e., Variable name=NURSESTN_LOBBY_FLR_4:ZONE HOT WATER EQUIPMENT TOTAL HEATING ENERGY not valid for this simulation.
   ** Warning ** Processing Monthly Tabular Reports: SpaceGainComponentsAtCoolingPeakMonthly
   **   ~~~   ** ..Variable name=ZONE STEAM EQUIPMENT TOTAL HEATING ENERGY not valid for this simulation.
   **   ~~~   ** ..i.e., Variable name=NURSESTN_LOBBY_FLR_4:ZONE STEAM EQUIPMENT TOTAL HEATING ENERGY not valid for this simulation.
   ** Warning ** Processing Monthly Tabular Reports: SpaceGainComponentsAtCoolingPeakMonthly
   **   ~~~   ** ..Variable name=ZONE OTHER EQUIPMENT TOTAL HEATING ENERGY not valid for this simulation.
   **   ~~~   ** ..i.e., Variable name=NURSESTN_LOBBY_FLR_4:ZONE OTHER EQUIPMENT TOTAL HEATING ENERGY not valid for this simulation.
   ** Warning ** Processing Monthly Tabular Reports: SpaceGainComponentsAtCoolingPeakMonthly
   **   ~~~   ** ..Variable name=ZONE GAS EQUIPMENT TOTAL HEATING ENERGY not valid for this simulation.
   **   ~~~   ** ..i.e., Variable name=LAB_FLR_4:ZONE GAS EQUIPMENT TOTAL HEATING ENERGY not valid for this simulation.
   ** Warning ** Processing Monthly Tabular Reports: SpaceGainComponentsAtCoolingPeakMonthly
   **   ~~~   ** ..Variable name=ZONE HOT WATER EQUIPMENT TOTAL HEATING ENERGY not valid for this simulation.
   **   ~~~   ** ..i.e., Variable name=LAB_FLR_4:ZONE HOT WATER EQUIPMENT TOTAL HEATING ENERGY not valid for this simulation.
   ** Warning ** Processing Monthly Tabular Reports: SpaceGainComponentsAtCoolingPeakMonthly
   **   ~~~   ** ..Variable name=ZONE STEAM EQUIPMENT TOTAL HEATING ENERGY not valid for this simulation.
   **   ~~~   ** ..i.e., Variable name=LAB_FLR_4:ZONE STEAM EQUIPMENT TOTAL HEATING ENERGY not valid for this simulation.
   ** Warning ** Processing Monthly Tabular Reports: SpaceGainComponentsAtCoolingPeakMonthly
   **   ~~~   ** ..Variable name=ZONE OTHER EQUIPMENT TOTAL HEATING ENERGY not valid for this simulation.
   **   ~~~   ** ..i.e., Variable name=LAB_FLR_4:ZONE OTHER EQUIPMENT TOTAL HEATING ENERGY not valid for this simulation.
   ** Warning ** Processing Monthly Tabular Reports: SpaceGainComponentsAtCoolingPeakMonthly
   **   ~~~   ** ..Variable name=ZONE ELECTRIC EQUIPMENT TOTAL HEATING ENERGY not valid for this simulation.
   **   ~~~   ** ..i.e., Variable name=CORRIDOR_SE_FLR_4:ZONE ELECTRIC EQUIPMENT TOTAL HEATING ENERGY not valid for this simulation.
   ** Warning ** Processing Monthly Tabular Reports: SpaceGainComponentsAtCoolingPeakMonthly
   **   ~~~   ** ..Variable name=ZONE GAS EQUIPMENT TOTAL HEATING ENERGY not valid for this simulation.
   **   ~~~   ** ..i.e., Variable name=CORRIDOR_SE_FLR_4:ZONE GAS EQUIPMENT TOTAL HEATING ENERGY not valid for this simulation.
   ** Warning ** Processing Monthly Tabular Reports: SpaceGainComponentsAtCoolingPeakMonthly
   **   ~~~   ** ..Variable name=ZONE HOT WATER EQUIPMENT TOTAL HEATING ENERGY not valid for this simulation.
   **   ~~~   ** ..i.e., Variable name=CORRIDOR_SE_FLR_4:ZONE HOT WATER EQUIPMENT TOTAL HEATING ENERGY not valid for this simulation.
   ** Warning ** Processing Monthly Tabular Reports: SpaceGainComponentsAtCoolingPeakMonthly
   **   ~~~   ** ..Variable name=ZONE STEAM EQUIPMENT TOTAL HEATING ENERGY not valid for this simulation.
   **   ~~~   ** ..i.e., Variable name=CORRIDOR_SE_FLR_4:ZONE STEAM EQUIPMENT TOTAL HEATING ENERGY not valid for this simulation.
   ** Warning ** Processing Monthly Tabular Reports: SpaceGainComponentsAtCoolingPeakMonthly
   **   ~~~   ** ..Variable name=ZONE OTHER EQUIPMENT TOTAL HEATING ENERGY not valid for this simulation.
   **   ~~~   ** ..i.e., Variable name=CORRIDOR_SE_FLR_4:ZONE OTHER EQUIPMENT TOTAL HEATING ENERGY not valid for this simulation.
   ** Warning ** Processing Monthly Tabular Reports: SpaceGainComponentsAtCoolingPeakMonthly
   **   ~~~   ** ..Variable name=ZONE ELECTRIC EQUIPMENT TOTAL HEATING ENERGY not valid for this simulation.
   **   ~~~   ** ..i.e., Variable name=CORRIDOR_NW_FLR_4:ZONE ELECTRIC EQUIPMENT TOTAL HEATING ENERGY not valid for this simulation.
   ** Warning ** Processing Monthly Tabular Reports: SpaceGainComponentsAtCoolingPeakMonthly
   **   ~~~   ** ..Variable name=ZONE GAS EQUIPMENT TOTAL HEATING ENERGY not valid for this simulation.
   **   ~~~   ** ..i.e., Variable name=CORRIDOR_NW_FLR_4:ZONE GAS EQUIPMENT TOTAL HEATING ENERGY not valid for this simulation.
   ** Warning ** Processing Monthly Tabular Reports: SpaceGainComponentsAtCoolingPeakMonthly
   **   ~~~   ** ..Variable name=ZONE HOT WATER EQUIPMENT TOTAL HEATING ENERGY not valid for this simulation.
   **   ~~~   ** ..i.e., Variable name=CORRIDOR_NW_FLR_4:ZONE HOT WATER EQUIPMENT TOTAL HEATING ENERGY not valid for this simulation.
   ** Warning ** Processing Monthly Tabular Reports: SpaceGainComponentsAtCoolingPeakMonthly
   **   ~~~   ** ..Variable name=ZONE STEAM EQUIPMENT TOTAL HEATING ENERGY not valid for this simulation.
   **   ~~~   ** ..i.e., Variable name=CORRIDOR_NW_FLR_4:ZONE STEAM EQUIPMENT TOTAL HEATING ENERGY not valid for this simulation.
   ** Warning ** Processing Monthly Tabular Reports: SpaceGainComponentsAtCoolingPeakMonthly
   **   ~~~   ** ..Variable name=ZONE OTHER EQUIPMENT TOTAL HEATING ENERGY not valid for this simulation.
   **   ~~~   ** ..i.e., Variable name=CORRIDOR_NW_FLR_4:ZONE OTHER EQUIPMENT TOTAL HEATING ENERGY not valid for this simulation.
   ** Warning ** Processing Monthly Tabular Reports: SpaceGainComponentsAtCoolingPeakMonthly
   **   ~~~   ** ..Variable name=ZONE GAS EQUIPMENT TOTAL HEATING ENERGY not valid for this simulation.
   **   ~~~   ** ..i.e., Variable name=DINING_FLR_5:ZONE GAS EQUIPMENT TOTAL HEATING ENERGY not valid for this simulation.
   ** Warning ** Processing Monthly Tabular Reports: SpaceGainComponentsAtCoolingPeakMonthly
   **   ~~~   ** ..Variable name=ZONE HOT WATER EQUIPMENT TOTAL HEATING ENERGY not valid for this simulation.
   **   ~~~   ** ..i.e., Variable name=DINING_FLR_5:ZONE HOT WATER EQUIPMENT TOTAL HEATING ENERGY not valid for this simulation.
   ** Warning ** Processing Monthly Tabular Reports: SpaceGainComponentsAtCoolingPeakMonthly
   **   ~~~   ** ..Variable name=ZONE STEAM EQUIPMENT TOTAL HEATING ENERGY not valid for this simulation.
   **   ~~~   ** ..i.e., Variable name=DINING_FLR_5:ZONE STEAM EQUIPMENT TOTAL HEATING ENERGY not valid for this simulation.
   ** Warning ** Processing Monthly Tabular Reports: SpaceGainComponentsAtCoolingPeakMonthly
   **   ~~~   ** ..Variable name=ZONE OTHER EQUIPMENT TOTAL HEATING ENERGY not valid for this simulation.
   **   ~~~   ** ..i.e., Variable name=DINING_FLR_5:ZONE OTHER EQUIPMENT TOTAL HEATING ENERGY not valid for this simulation.
   ** Warning ** Processing Monthly Tabular Reports: SpaceGainComponentsAtCoolingPeakMonthly
   **   ~~~   ** ..Variable name=ZONE GAS EQUIPMENT TOTAL HEATING ENERGY not valid for this simulation.
   **   ~~~   ** ..i.e., Variable name=NURSESTN_LOBBY_FLR_5:ZONE GAS EQUIPMENT TOTAL HEATING ENERGY not valid for this simulation.
   ** Warning ** Processing Monthly Tabular Reports: SpaceGainComponentsAtCoolingPeakMonthly
   **   ~~~   ** ..Variable name=ZONE HOT WATER EQUIPMENT TOTAL HEATING ENERGY not valid for this simulation.
   **   ~~~   ** ..i.e., Variable name=NURSESTN_LOBBY_FLR_5:ZONE HOT WATER EQUIPMENT TOTAL HEATING ENERGY not valid for this simulation.
   ** Warning ** Processing Monthly Tabular Reports: SpaceGainComponentsAtCoolingPeakMonthly
   **   ~~~   ** ..Variable name=ZONE STEAM EQUIPMENT TOTAL HEATING ENERGY not valid for this simulation.
   **   ~~~   ** ..i.e., Variable name=NURSESTN_LOBBY_FLR_5:ZONE STEAM EQUIPMENT TOTAL HEATING ENERGY not valid for this simulation.
   ** Warning ** Processing Monthly Tabular Reports: SpaceGainComponentsAtCoolingPeakMonthly
   **   ~~~   ** ..Variable name=ZONE OTHER EQUIPMENT TOTAL HEATING ENERGY not valid for this simulation.
   **   ~~~   ** ..i.e., Variable name=NURSESTN_LOBBY_FLR_5:ZONE OTHER EQUIPMENT TOTAL HEATING ENERGY not valid for this simulation.
   ** Warning ** Processing Monthly Tabular Reports: SpaceGainComponentsAtCoolingPeakMonthly
   **   ~~~   ** ..Variable name=ZONE HOT WATER EQUIPMENT TOTAL HEATING ENERGY not valid for this simulation.
   **   ~~~   ** ..i.e., Variable name=KITCHEN_FLR_5:ZONE HOT WATER EQUIPMENT TOTAL HEATING ENERGY not valid for this simulation.
   ** Warning ** Processing Monthly Tabular Reports: SpaceGainComponentsAtCoolingPeakMonthly
   **   ~~~   ** ..Variable name=ZONE STEAM EQUIPMENT TOTAL HEATING ENERGY not valid for this simulation.
   **   ~~~   ** ..i.e., Variable name=KITCHEN_FLR_5:ZONE STEAM EQUIPMENT TOTAL HEATING ENERGY not valid for this simulation.
   ** Warning ** Processing Monthly Tabular Reports: SpaceGainComponentsAtCoolingPeakMonthly
   **   ~~~   ** ..Variable name=ZONE OTHER EQUIPMENT TOTAL HEATING ENERGY not valid for this simulation.
   **   ~~~   ** ..i.e., Variable name=KITCHEN_FLR_5:ZONE OTHER EQUIPMENT TOTAL HEATING ENERGY not valid for this simulation.
   ** Warning ** Processing Monthly Tabular Reports: SpaceGainComponentsAtCoolingPeakMonthly
   **   ~~~   ** ..Variable name=ZONE GAS EQUIPMENT TOTAL HEATING ENERGY not valid for this simulation.
   **   ~~~   ** ..i.e., Variable name=OFFICE1_FLR_5:ZONE GAS EQUIPMENT TOTAL HEATING ENERGY not valid for this simulation.
   ** Warning ** Processing Monthly Tabular Reports: SpaceGainComponentsAtCoolingPeakMonthly
   **   ~~~   ** ..Variable name=ZONE HOT WATER EQUIPMENT TOTAL HEATING ENERGY not valid for this simulation.
   **   ~~~   ** ..i.e., Variable name=OFFICE1_FLR_5:ZONE HOT WATER EQUIPMENT TOTAL HEATING ENERGY not valid for this simulation.
   ** Warning ** Processing Monthly Tabular Reports: SpaceGainComponentsAtCoolingPeakMonthly
   **   ~~~   ** ..Variable name=ZONE STEAM EQUIPMENT TOTAL HEATING ENERGY not valid for this simulation.
   **   ~~~   ** ..i.e., Variable name=OFFICE1_FLR_5:ZONE STEAM EQUIPMENT TOTAL HEATING ENERGY not valid for this simulation.
   ** Warning ** Processing Monthly Tabular Reports: SpaceGainComponentsAtCoolingPeakMonthly
   **   ~~~   ** ..Variable name=ZONE OTHER EQUIPMENT TOTAL HEATING ENERGY not valid for this simulation.
   **   ~~~   ** ..i.e., Variable name=OFFICE1_FLR_5:ZONE OTHER EQUIPMENT TOTAL HEATING ENERGY not valid for this simulation.
   ** Warning ** Processing Monthly Tabular Reports: SpaceGainComponentsAtCoolingPeakMonthly
   **   ~~~   ** ..Variable name=ZONE GAS EQUIPMENT TOTAL HEATING ENERGY not valid for this simulation.
   **   ~~~   ** ..i.e., Variable name=OFFICE2_MULT5_FLR_5:ZONE GAS EQUIPMENT TOTAL HEATING ENERGY not valid for this simulation.
   ** Warning ** Processing Monthly Tabular Reports: SpaceGainComponentsAtCoolingPeakMonthly
   **   ~~~   ** ..Variable name=ZONE HOT WATER EQUIPMENT TOTAL HEATING ENERGY not valid for this simulation.
   **   ~~~   ** ..i.e., Variable name=OFFICE2_MULT5_FLR_5:ZONE HOT WATER EQUIPMENT TOTAL HEATING ENERGY not valid for this simulation.
   ** Warning ** Processing Monthly Tabular Reports: SpaceGainComponentsAtCoolingPeakMonthly
   **   ~~~   ** ..Variable name=ZONE STEAM EQUIPMENT TOTAL HEATING ENERGY not valid for this simulation.
   **   ~~~   ** ..i.e., Variable name=OFFICE2_MULT5_FLR_5:ZONE STEAM EQUIPMENT TOTAL HEATING ENERGY not valid for this simulation.
   ** Warning ** Processing Monthly Tabular Reports: SpaceGainComponentsAtCoolingPeakMonthly
   **   ~~~   ** ..Variable name=ZONE OTHER EQUIPMENT TOTAL HEATING ENERGY not valid for this simulation.
   **   ~~~   ** ..i.e., Variable name=OFFICE2_MULT5_FLR_5:ZONE OTHER EQUIPMENT TOTAL HEATING ENERGY not valid for this simulation.
   ** Warning ** Processing Monthly Tabular Reports: SpaceGainComponentsAtCoolingPeakMonthly
   **   ~~~   ** ..Variable name=ZONE GAS EQUIPMENT TOTAL HEATING ENERGY not valid for this simulation.
   **   ~~~   ** ..i.e., Variable name=OFFICE3_FLR_5:ZONE GAS EQUIPMENT TOTAL HEATING ENERGY not valid for this simulation.
   ** Warning ** Processing Monthly Tabular Reports: SpaceGainComponentsAtCoolingPeakMonthly
   **   ~~~   ** ..Variable name=ZONE HOT WATER EQUIPMENT TOTAL HEATING ENERGY not valid for this simulation.
   **   ~~~   ** ..i.e., Variable name=OFFICE3_FLR_5:ZONE HOT WATER EQUIPMENT TOTAL HEATING ENERGY not valid for this simulation.
   ** Warning ** Processing Monthly Tabular Reports: SpaceGainComponentsAtCoolingPeakMonthly
   **   ~~~   ** ..Variable name=ZONE STEAM EQUIPMENT TOTAL HEATING ENERGY not valid for this simulation.
   **   ~~~   ** ..i.e., Variable name=OFFICE3_FLR_5:ZONE STEAM EQUIPMENT TOTAL HEATING ENERGY not valid for this simulation.
   ** Warning ** Processing Monthly Tabular Reports: SpaceGainComponentsAtCoolingPeakMonthly
   **   ~~~   ** ..Variable name=ZONE OTHER EQUIPMENT TOTAL HEATING ENERGY not valid for this simulation.
   **   ~~~   ** ..i.e., Variable name=OFFICE3_FLR_5:ZONE OTHER EQUIPMENT TOTAL HEATING ENERGY not valid for this simulation.
   ** Warning ** Processing Monthly Tabular Reports: SpaceGainComponentsAtCoolingPeakMonthly
   **   ~~~   ** ..Variable name=ZONE GAS EQUIPMENT TOTAL HEATING ENERGY not valid for this simulation.
   **   ~~~   ** ..i.e., Variable name=OFFICE4_MULT6_FLR_5:ZONE GAS EQUIPMENT TOTAL HEATING ENERGY not valid for this simulation.
   ** Warning ** Processing Monthly Tabular Reports: SpaceGainComponentsAtCoolingPeakMonthly
   **   ~~~   ** ..Variable name=ZONE HOT WATER EQUIPMENT TOTAL HEATING ENERGY not valid for this simulation.
   **   ~~~   ** ..i.e., Variable name=OFFICE4_MULT6_FLR_5:ZONE HOT WATER EQUIPMENT TOTAL HEATING ENERGY not valid for this simulation.
   ** Warning ** Processing Monthly Tabular Reports: SpaceGainComponentsAtCoolingPeakMonthly
   **   ~~~   ** ..Variable name=ZONE STEAM EQUIPMENT TOTAL HEATING ENERGY not valid for this simulation.
   **   ~~~   ** ..i.e., Variable name=OFFICE4_MULT6_FLR_5:ZONE STEAM EQUIPMENT TOTAL HEATING ENERGY not valid for this simulation.
   ** Warning ** Processing Monthly Tabular Reports: SpaceGainComponentsAtCoolingPeakMonthly
   **   ~~~   ** ..Variable name=ZONE OTHER EQUIPMENT TOTAL HEATING ENERGY not valid for this simulation.
   **   ~~~   ** ..i.e., Variable name=OFFICE4_MULT6_FLR_5:ZONE OTHER EQUIPMENT TOTAL HEATING ENERGY not valid for this simulation.
   ** Warning ** Processing Monthly Tabular Reports: SpaceGainComponentsAtCoolingPeakMonthly
   **   ~~~   ** ..Variable name=ZONE ELECTRIC EQUIPMENT TOTAL HEATING ENERGY not valid for this simulation.
   **   ~~~   ** ..i.e., Variable name=CORRIDOR_FLR_5:ZONE ELECTRIC EQUIPMENT TOTAL HEATING ENERGY not valid for this simulation.
   ** Warning ** Processing Monthly Tabular Reports: SpaceGainComponentsAtCoolingPeakMonthly
   **   ~~~   ** ..Variable name=ZONE GAS EQUIPMENT TOTAL HEATING ENERGY not valid for this simulation.
   **   ~~~   ** ..i.e., Variable name=CORRIDOR_FLR_5:ZONE GAS EQUIPMENT TOTAL HEATING ENERGY not valid for this simulation.
   ** Warning ** Processing Monthly Tabular Reports: SpaceGainComponentsAtCoolingPeakMonthly
   **   ~~~   ** ..Variable name=ZONE HOT WATER EQUIPMENT TOTAL HEATING ENERGY not valid for this simulation.
   **   ~~~   ** ..i.e., Variable name=CORRIDOR_FLR_5:ZONE HOT WATER EQUIPMENT TOTAL HEATING ENERGY not valid for this simulation.
   ** Warning ** Processing Monthly Tabular Reports: SpaceGainComponentsAtCoolingPeakMonthly
   **   ~~~   ** ..Variable name=ZONE STEAM EQUIPMENT TOTAL HEATING ENERGY not valid for this simulation.
   **   ~~~   ** ..i.e., Variable name=CORRIDOR_FLR_5:ZONE STEAM EQUIPMENT TOTAL HEATING ENERGY not valid for this simulation.
   ** Warning ** Processing Monthly Tabular Reports: SpaceGainComponentsAtCoolingPeakMonthly
   **   ~~~   ** ..Variable name=ZONE OTHER EQUIPMENT TOTAL HEATING ENERGY not valid for this simulation.
   **   ~~~   ** ..i.e., Variable name=CORRIDOR_FLR_5:ZONE OTHER EQUIPMENT TOTAL HEATING ENERGY not valid for this simulation.
   ** Warning ** Processing Monthly Tabular Reports: EnergyConsumptionElectricityGeneratedPropaneMonthly
   **   ~~~   ** ..Variable name=PROPANE:FACILITY not valid for this simulation.
   ** Warning ** Processing Monthly Tabular Reports: EnergyConsumptionElectricityGeneratedPropaneMonthly
   **   ~~~   ** ..Variable name=PROPANE:FACILITY not valid for this simulation.
   ** Warning ** Processing Monthly Tabular Reports: EnergyConsumptionElectricityGeneratedPropaneMonthly
   **   ~~~   ** ..Variable name=PROPANE:FACILITY not valid for this simulation.
   **   ~~~   ** ..i.e., Variable name=Meter:PROPANE:FACILITY not valid for this simulation.
   ** Warning ** Processing Monthly Tabular Reports: EnergyConsumptionElectricityGeneratedPropaneMonthly
   **   ~~~   ** ..Variable name=PROPANE:FACILITY not valid for this simulation.
   **   ~~~   ** ..i.e., Variable name=Meter:PROPANE:FACILITY not valid for this simulation.
   ** Warning ** Processing Monthly Tabular Reports: EnergyConsumptionDieselFuelOilMonthly
   **   ~~~   ** ..Variable name=DIESEL:FACILITY not valid for this simulation.
   ** Warning ** Processing Monthly Tabular Reports: EnergyConsumptionDieselFuelOilMonthly
   **   ~~~   ** ..Variable name=DIESEL:FACILITY not valid for this simulation.
   ** Warning ** Processing Monthly Tabular Reports: EnergyConsumptionDieselFuelOilMonthly
   **   ~~~   ** ..Variable name=FUELOILNO1:FACILITY not valid for this simulation.
   ** Warning ** Processing Monthly Tabular Reports: EnergyConsumptionDieselFuelOilMonthly
   **   ~~~   ** ..Variable name=FUELOILNO1:FACILITY not valid for this simulation.
   ** Warning ** Processing Monthly Tabular Reports: EnergyConsumptionDieselFuelOilMonthly
   **   ~~~   ** ..Variable name=FUELOILNO2:FACILITY not valid for this simulation.
   ** Warning ** Processing Monthly Tabular Reports: EnergyConsumptionDieselFuelOilMonthly
   **   ~~~   ** ..Variable name=FUELOILNO2:FACILITY not valid for this simulation.
   ** Warning ** Processing Monthly Tabular Reports: EnergyConsumptionDistrictHeatingCoolingMonthly
   **   ~~~   ** ..Variable name=DISTRICTCOOLING:FACILITY not valid for this simulation.
   ** Warning ** Processing Monthly Tabular Reports: EnergyConsumptionDistrictHeatingCoolingMonthly
   **   ~~~   ** ..Variable name=DISTRICTCOOLING:FACILITY not valid for this simulation.
   ** Warning ** Processing Monthly Tabular Reports: EnergyConsumptionDistrictHeatingCoolingMonthly
   **   ~~~   ** ..Variable name=DISTRICTHEATING:FACILITY not valid for this simulation.
   ** Warning ** Processing Monthly Tabular Reports: EnergyConsumptionDistrictHeatingCoolingMonthly
   **   ~~~   ** ..Variable name=DISTRICTHEATING:FACILITY not valid for this simulation.
   ** Warning ** Processing Monthly Tabular Reports: EnergyConsumptionCoalGasolineMonthly
   **   ~~~   ** ..Variable name=COAL:FACILITY not valid for this simulation.
   ** Warning ** Processing Monthly Tabular Reports: EnergyConsumptionCoalGasolineMonthly
   **   ~~~   ** ..Variable name=COAL:FACILITY not valid for this simulation.
   ** Warning ** Processing Monthly Tabular Reports: EnergyConsumptionCoalGasolineMonthly
   **   ~~~   ** ..Variable name=GASOLINE:FACILITY not valid for this simulation.
   ** Warning ** Processing Monthly Tabular Reports: EnergyConsumptionCoalGasolineMonthly
   **   ~~~   ** ..Variable name=GASOLINE:FACILITY not valid for this simulation.
   ** Warning ** Processing Monthly Tabular Reports: EnergyConsumptionOtherFuelsMonthly
   **   ~~~   ** ..Variable name=OTHERFUEL1:FACILITY not valid for this simulation.
   ** Warning ** Processing Monthly Tabular Reports: EnergyConsumptionOtherFuelsMonthly
   **   ~~~   ** ..Variable name=OTHERFUEL1:FACILITY not valid for this simulation.
   ** Warning ** Processing Monthly Tabular Reports: EnergyConsumptionOtherFuelsMonthly
   **   ~~~   ** ..Variable name=OTHERFUEL2:FACILITY not valid for this simulation.
   ** Warning ** Processing Monthly Tabular Reports: EnergyConsumptionOtherFuelsMonthly
   **   ~~~   ** ..Variable name=OTHERFUEL2:FACILITY not valid for this simulation.
   ** Warning ** Processing Monthly Tabular Reports: EndUseEnergyConsumptionNaturalGasMonthly
   **   ~~~   ** ..Variable name=EXTERIOREQUIPMENT:NATURALGAS not valid for this simulation.
   ** Warning ** Processing Monthly Tabular Reports: EndUseEnergyConsumptionNaturalGasMonthly
   **   ~~~   ** ..Variable name=COOLING:NATURALGAS not valid for this simulation.
   ** Warning ** Processing Monthly Tabular Reports: EndUseEnergyConsumptionNaturalGasMonthly
   **   ~~~   ** ..Variable name=COGENERATION:NATURALGAS not valid for this simulation.
   ** Warning ** Processing Monthly Tabular Reports: EndUseEnergyConsumptionNaturalGasMonthly
   **   ~~~   ** ..Variable name=HUMIDIFIER:NATURALGAS not valid for this simulation.
   ** Warning ** Processing Monthly Tabular Reports: EndUseEnergyConsumptionNaturalGasMonthly
   **   ~~~   ** ..Variable name=EXTERIOREQUIPMENT:NATURALGAS not valid for this simulation.
   **   ~~~   ** ..i.e., Variable name=Meter:EXTERIOREQUIPMENT:NATURALGAS not valid for this simulation.
   ** Warning ** Processing Monthly Tabular Reports: EndUseEnergyConsumptionNaturalGasMonthly
   **   ~~~   ** ..Variable name=COOLING:NATURALGAS not valid for this simulation.
   **   ~~~   ** ..i.e., Variable name=Meter:COOLING:NATURALGAS not valid for this simulation.
   ** Warning ** Processing Monthly Tabular Reports: EndUseEnergyConsumptionNaturalGasMonthly
   **   ~~~   ** ..Variable name=COGENERATION:NATURALGAS not valid for this simulation.
   **   ~~~   ** ..i.e., Variable name=Meter:COGENERATION:NATURALGAS not valid for this simulation.
   ** Warning ** Processing Monthly Tabular Reports: EndUseEnergyConsumptionNaturalGasMonthly
   **   ~~~   ** ..Variable name=HUMIDIFIER:NATURALGAS not valid for this simulation.
   **   ~~~   ** ..i.e., Variable name=Meter:HUMIDIFIER:NATURALGAS not valid for this simulation.
   ** Warning ** Processing Monthly Tabular Reports: EndUseEnergyConsumptionDieselMonthly
   **   ~~~   ** ..Variable name=EXTERIOREQUIPMENT:DIESEL not valid for this simulation.
   ** Warning ** Processing Monthly Tabular Reports: EndUseEnergyConsumptionDieselMonthly
   **   ~~~   ** ..Variable name=COOLING:DIESEL not valid for this simulation.
   ** Warning ** Processing Monthly Tabular Reports: EndUseEnergyConsumptionDieselMonthly
   **   ~~~   ** ..Variable name=HEATING:DIESEL not valid for this simulation.
   ** Warning ** Processing Monthly Tabular Reports: EndUseEnergyConsumptionDieselMonthly
   **   ~~~   ** ..Variable name=WATERSYSTEMS:DIESEL not valid for this simulation.
   ** Warning ** Processing Monthly Tabular Reports: EndUseEnergyConsumptionDieselMonthly
   **   ~~~   ** ..Variable name=COGENERATION:DIESEL not valid for this simulation.
   ** Warning ** Processing Monthly Tabular Reports: EndUseEnergyConsumptionFuelOilMonthly
   **   ~~~   ** ..Variable name=EXTERIOREQUIPMENT:FUELOILNO1 not valid for this simulation.
   ** Warning ** Processing Monthly Tabular Reports: EndUseEnergyConsumptionFuelOilMonthly
   **   ~~~   ** ..Variable name=COOLING:FUELOILNO1 not valid for this simulation.
   ** Warning ** Processing Monthly Tabular Reports: EndUseEnergyConsumptionFuelOilMonthly
   **   ~~~   ** ..Variable name=HEATING:FUELOILNO1 not valid for this simulation.
   ** Warning ** Processing Monthly Tabular Reports: EndUseEnergyConsumptionFuelOilMonthly
   **   ~~~   ** ..Variable name=WATERSYSTEMS:FUELOILNO1 not valid for this simulation.
   ** Warning ** Processing Monthly Tabular Reports: EndUseEnergyConsumptionFuelOilMonthly
   **   ~~~   ** ..Variable name=COGENERATION:FUELOILNO1 not valid for this simulation.
   ** Warning ** Processing Monthly Tabular Reports: EndUseEnergyConsumptionFuelOilMonthly
   **   ~~~   ** ..Variable name=EXTERIOREQUIPMENT:FUELOILNO2 not valid for this simulation.
   ** Warning ** Processing Monthly Tabular Reports: EndUseEnergyConsumptionFuelOilMonthly
   **   ~~~   ** ..Variable name=COOLING:FUELOILNO2 not valid for this simulation.
   ** Warning ** Processing Monthly Tabular Reports: EndUseEnergyConsumptionFuelOilMonthly
   **   ~~~   ** ..Variable name=HEATING:FUELOILNO2 not valid for this simulation.
   ** Warning ** Processing Monthly Tabular Reports: EndUseEnergyConsumptionFuelOilMonthly
   **   ~~~   ** ..Variable name=WATERSYSTEMS:FUELOILNO2 not valid for this simulation.
   ** Warning ** Processing Monthly Tabular Reports: EndUseEnergyConsumptionFuelOilMonthly
   **   ~~~   ** ..Variable name=COGENERATION:FUELOILNO2 not valid for this simulation.
   ** Warning ** Processing Monthly Tabular Reports: EndUseEnergyConsumptionCoalMonthly
   **   ~~~   ** ..Variable name=EXTERIOREQUIPMENT:COAL not valid for this simulation.
   ** Warning ** Processing Monthly Tabular Reports: EndUseEnergyConsumptionCoalMonthly
   **   ~~~   ** ..Variable name=HEATING:COAL not valid for this simulation.
   ** Warning ** Processing Monthly Tabular Reports: EndUseEnergyConsumptionCoalMonthly
   **   ~~~   ** ..Variable name=WATERSYSTEMS:COAL not valid for this simulation.
   ** Warning ** Processing Monthly Tabular Reports: EndUseEnergyConsumptionPropaneMonthly
   **   ~~~   ** ..Variable name=EXTERIOREQUIPMENT:PROPANE not valid for this simulation.
   ** Warning ** Processing Monthly Tabular Reports: EndUseEnergyConsumptionPropaneMonthly
   **   ~~~   ** ..Variable name=COOLING:PROPANE not valid for this simulation.
   ** Warning ** Processing Monthly Tabular Reports: EndUseEnergyConsumptionPropaneMonthly
   **   ~~~   ** ..Variable name=HEATING:PROPANE not valid for this simulation.
   ** Warning ** Processing Monthly Tabular Reports: EndUseEnergyConsumptionPropaneMonthly
   **   ~~~   ** ..Variable name=WATERSYSTEMS:PROPANE not valid for this simulation.
   ** Warning ** Processing Monthly Tabular Reports: EndUseEnergyConsumptionPropaneMonthly
   **   ~~~   ** ..Variable name=COGENERATION:PROPANE not valid for this simulation.
   ** Warning ** Processing Monthly Tabular Reports: EndUseEnergyConsumptionPropaneMonthly
   **   ~~~   ** ..Variable name=HUMIDIFIER:PROPANE not valid for this simulation.
   ** Warning ** Processing Monthly Tabular Reports: EndUseEnergyConsumptionGasolineMonthly
   **   ~~~   ** ..Variable name=EXTERIOREQUIPMENT:GASOLINE not valid for this simulation.
   ** Warning ** Processing Monthly Tabular Reports: EndUseEnergyConsumptionGasolineMonthly
   **   ~~~   ** ..Variable name=COOLING:GASOLINE not valid for this simulation.
   ** Warning ** Processing Monthly Tabular Reports: EndUseEnergyConsumptionGasolineMonthly
   **   ~~~   ** ..Variable name=HEATING:GASOLINE not valid for this simulation.
   ** Warning ** Processing Monthly Tabular Reports: EndUseEnergyConsumptionGasolineMonthly
   **   ~~~   ** ..Variable name=WATERSYSTEMS:GASOLINE not valid for this simulation.
   ** Warning ** Processing Monthly Tabular Reports: EndUseEnergyConsumptionGasolineMonthly
   **   ~~~   ** ..Variable name=COGENERATION:GASOLINE not valid for this simulation.
   ** Warning ** Processing Monthly Tabular Reports: EndUseEnergyConsumptionOtherFuelsMonthly
   **   ~~~   ** ..Variable name=EXTERIOREQUIPMENT:OTHERFUEL1 not valid for this simulation.
   ** Warning ** Processing Monthly Tabular Reports: EndUseEnergyConsumptionOtherFuelsMonthly
   **   ~~~   ** ..Variable name=COOLING:OTHERFUEL1 not valid for this simulation.
   ** Warning ** Processing Monthly Tabular Reports: EndUseEnergyConsumptionOtherFuelsMonthly
   **   ~~~   ** ..Variable name=HEATING:OTHERFUEL1 not valid for this simulation.
   ** Warning ** Processing Monthly Tabular Reports: EndUseEnergyConsumptionOtherFuelsMonthly
   **   ~~~   ** ..Variable name=WATERSYSTEMS:OTHERFUEL1 not valid for this simulation.
   ** Warning ** Processing Monthly Tabular Reports: EndUseEnergyConsumptionOtherFuelsMonthly
   **   ~~~   ** ..Variable name=COGENERATION:OTHERFUEL1 not valid for this simulation.
   ** Warning ** Processing Monthly Tabular Reports: EndUseEnergyConsumptionOtherFuelsMonthly
   **   ~~~   ** ..Variable name=EXTERIOREQUIPMENT:OTHERFUEL2 not valid for this simulation.
   ** Warning ** Processing Monthly Tabular Reports: EndUseEnergyConsumptionOtherFuelsMonthly
   **   ~~~   ** ..Variable name=COOLING:OTHERFUEL2 not valid for this simulation.
   ** Warning ** Processing Monthly Tabular Reports: EndUseEnergyConsumptionOtherFuelsMonthly
   **   ~~~   ** ..Variable name=HEATING:OTHERFUEL2 not valid for this simulation.
   ** Warning ** Processing Monthly Tabular Reports: EndUseEnergyConsumptionOtherFuelsMonthly
   **   ~~~   ** ..Variable name=WATERSYSTEMS:OTHERFUEL2 not valid for this simulation.
   ** Warning ** Processing Monthly Tabular Reports: EndUseEnergyConsumptionOtherFuelsMonthly
   **   ~~~   ** ..Variable name=COGENERATION:OTHERFUEL2 not valid for this simulation.
   ** Warning ** Processing Monthly Tabular Reports: PeakEnergyEndUseNaturalGasMonthly
   **   ~~~   ** ..Variable name=EXTERIOREQUIPMENT:NATURALGAS not valid for this simulation.
   ** Warning ** Processing Monthly Tabular Reports: PeakEnergyEndUseNaturalGasMonthly
   **   ~~~   ** ..Variable name=COOLING:NATURALGAS not valid for this simulation.
   ** Warning ** Processing Monthly Tabular Reports: PeakEnergyEndUseNaturalGasMonthly
   **   ~~~   ** ..Variable name=COGENERATION:NATURALGAS not valid for this simulation.
   ** Warning ** Processing Monthly Tabular Reports: PeakEnergyEndUseNaturalGasMonthly
   **   ~~~   ** ..Variable name=EXTERIOREQUIPMENT:NATURALGAS not valid for this simulation.
   **   ~~~   ** ..i.e., Variable name=Meter:EXTERIOREQUIPMENT:NATURALGAS not valid for this simulation.
   ** Warning ** Processing Monthly Tabular Reports: PeakEnergyEndUseNaturalGasMonthly
   **   ~~~   ** ..Variable name=COOLING:NATURALGAS not valid for this simulation.
   **   ~~~   ** ..i.e., Variable name=Meter:COOLING:NATURALGAS not valid for this simulation.
   ** Warning ** Processing Monthly Tabular Reports: PeakEnergyEndUseNaturalGasMonthly
   **   ~~~   ** ..Variable name=COGENERATION:NATURALGAS not valid for this simulation.
   **   ~~~   ** ..i.e., Variable name=Meter:COGENERATION:NATURALGAS not valid for this simulation.
   ** Warning ** Processing Monthly Tabular Reports: PeakEnergyEndUseDieselMonthly
   **   ~~~   ** ..Variable name=EXTERIOREQUIPMENT:DIESEL not valid for this simulation.
   ** Warning ** Processing Monthly Tabular Reports: PeakEnergyEndUseDieselMonthly
   **   ~~~   ** ..Variable name=COOLING:DIESEL not valid for this simulation.
   ** Warning ** Processing Monthly Tabular Reports: PeakEnergyEndUseDieselMonthly
   **   ~~~   ** ..Variable name=HEATING:DIESEL not valid for this simulation.
   ** Warning ** Processing Monthly Tabular Reports: PeakEnergyEndUseDieselMonthly
   **   ~~~   ** ..Variable name=WATERSYSTEMS:DIESEL not valid for this simulation.
   ** Warning ** Processing Monthly Tabular Reports: PeakEnergyEndUseDieselMonthly
   **   ~~~   ** ..Variable name=COGENERATION:DIESEL not valid for this simulation.
   ** Warning ** Processing Monthly Tabular Reports: PeakEnergyEndUseFuelOilMonthly
   **   ~~~   ** ..Variable name=EXTERIOREQUIPMENT:FUELOILNO1 not valid for this simulation.
   ** Warning ** Processing Monthly Tabular Reports: PeakEnergyEndUseFuelOilMonthly
   **   ~~~   ** ..Variable name=COOLING:FUELOILNO1 not valid for this simulation.
   ** Warning ** Processing Monthly Tabular Reports: PeakEnergyEndUseFuelOilMonthly
   **   ~~~   ** ..Variable name=HEATING:FUELOILNO1 not valid for this simulation.
   ** Warning ** Processing Monthly Tabular Reports: PeakEnergyEndUseFuelOilMonthly
   **   ~~~   ** ..Variable name=WATERSYSTEMS:FUELOILNO1 not valid for this simulation.
   ** Warning ** Processing Monthly Tabular Reports: PeakEnergyEndUseFuelOilMonthly
   **   ~~~   ** ..Variable name=COGENERATION:FUELOILNO1 not valid for this simulation.
   ** Warning ** Processing Monthly Tabular Reports: PeakEnergyEndUseFuelOilMonthly
   **   ~~~   ** ..Variable name=EXTERIOREQUIPMENT:FUELOILNO2 not valid for this simulation.
   ** Warning ** Processing Monthly Tabular Reports: PeakEnergyEndUseFuelOilMonthly
   **   ~~~   ** ..Variable name=COOLING:FUELOILNO2 not valid for this simulation.
   ** Warning ** Processing Monthly Tabular Reports: PeakEnergyEndUseFuelOilMonthly
   **   ~~~   ** ..Variable name=HEATING:FUELOILNO2 not valid for this simulation.
   ** Warning ** Processing Monthly Tabular Reports: PeakEnergyEndUseFuelOilMonthly
   **   ~~~   ** ..Variable name=WATERSYSTEMS:FUELOILNO2 not valid for this simulation.
   ** Warning ** Processing Monthly Tabular Reports: PeakEnergyEndUseFuelOilMonthly
   **   ~~~   ** ..Variable name=COGENERATION:FUELOILNO2 not valid for this simulation.
   ** Warning ** Processing Monthly Tabular Reports: PeakEnergyEndUseCoalMonthly
   **   ~~~   ** ..Variable name=EXTERIOREQUIPMENT:COAL not valid for this simulation.
   ** Warning ** Processing Monthly Tabular Reports: PeakEnergyEndUseCoalMonthly
   **   ~~~   ** ..Variable name=HEATING:COAL not valid for this simulation.
   ** Warning ** Processing Monthly Tabular Reports: PeakEnergyEndUseCoalMonthly
   **   ~~~   ** ..Variable name=WATERSYSTEMS:COAL not valid for this simulation.
   ** Warning ** Processing Monthly Tabular Reports: PeakEnergyEndUsePropaneMonthly
   **   ~~~   ** ..Variable name=EXTERIOREQUIPMENT:PROPANE not valid for this simulation.
   ** Warning ** Processing Monthly Tabular Reports: PeakEnergyEndUsePropaneMonthly
   **   ~~~   ** ..Variable name=COOLING:PROPANE not valid for this simulation.
   ** Warning ** Processing Monthly Tabular Reports: PeakEnergyEndUsePropaneMonthly
   **   ~~~   ** ..Variable name=HEATING:PROPANE not valid for this simulation.
   ** Warning ** Processing Monthly Tabular Reports: PeakEnergyEndUsePropaneMonthly
   **   ~~~   ** ..Variable name=WATERSYSTEMS:PROPANE not valid for this simulation.
   ** Warning ** Processing Monthly Tabular Reports: PeakEnergyEndUsePropaneMonthly
   **   ~~~   ** ..Variable name=COGENERATION:PROPANE not valid for this simulation.
   ** Warning ** Processing Monthly Tabular Reports: PeakEnergyEndUseGasolineMonthly
   **   ~~~   ** ..Variable name=EXTERIOREQUIPMENT:GASOLINE not valid for this simulation.
   ** Warning ** Processing Monthly Tabular Reports: PeakEnergyEndUseGasolineMonthly
   **   ~~~   ** ..Variable name=COOLING:GASOLINE not valid for this simulation.
   ** Warning ** Processing Monthly Tabular Reports: PeakEnergyEndUseGasolineMonthly
   **   ~~~   ** ..Variable name=HEATING:GASOLINE not valid for this simulation.
   ** Warning ** Processing Monthly Tabular Reports: PeakEnergyEndUseGasolineMonthly
   **   ~~~   ** ..Variable name=WATERSYSTEMS:GASOLINE not valid for this simulation.
   ** Warning ** Processing Monthly Tabular Reports: PeakEnergyEndUseGasolineMonthly
   **   ~~~   ** ..Variable name=COGENERATION:GASOLINE not valid for this simulation.
   ** Warning ** Processing Monthly Tabular Reports: PeakEnergyEndUseOtherFuelsMonthly
   **   ~~~   ** ..Variable name=EXTERIOREQUIPMENT:OTHERFUEL1 not valid for this simulation.
   ** Warning ** Processing Monthly Tabular Reports: PeakEnergyEndUseOtherFuelsMonthly
   **   ~~~   ** ..Variable name=COOLING:OTHERFUEL1 not valid for this simulation.
   ** Warning ** Processing Monthly Tabular Reports: PeakEnergyEndUseOtherFuelsMonthly
   **   ~~~   ** ..Variable name=HEATING:OTHERFUEL1 not valid for this simulation.
   ** Warning ** Processing Monthly Tabular Reports: PeakEnergyEndUseOtherFuelsMonthly
   **   ~~~   ** ..Variable name=WATERSYSTEMS:OTHERFUEL1 not valid for this simulation.
   ** Warning ** Processing Monthly Tabular Reports: PeakEnergyEndUseOtherFuelsMonthly
   **   ~~~   ** ..Variable name=COGENERATION:OTHERFUEL1 not valid for this simulation.
   ** Warning ** Processing Monthly Tabular Reports: PeakEnergyEndUseOtherFuelsMonthly
   **   ~~~   ** ..Variable name=EXTERIOREQUIPMENT:OTHERFUEL2 not valid for this simulation.
   ** Warning ** Processing Monthly Tabular Reports: PeakEnergyEndUseOtherFuelsMonthly
   **   ~~~   ** ..Variable name=COOLING:OTHERFUEL2 not valid for this simulation.
   ** Warning ** Processing Monthly Tabular Reports: PeakEnergyEndUseOtherFuelsMonthly
   **   ~~~   ** ..Variable name=HEATING:OTHERFUEL2 not valid for this simulation.
   ** Warning ** Processing Monthly Tabular Reports: PeakEnergyEndUseOtherFuelsMonthly
   **   ~~~   ** ..Variable name=WATERSYSTEMS:OTHERFUEL2 not valid for this simulation.
   ** Warning ** Processing Monthly Tabular Reports: PeakEnergyEndUseOtherFuelsMonthly
   **   ~~~   ** ..Variable name=COGENERATION:OTHERFUEL2 not valid for this simulation.
   ** Warning ** Processing Monthly Tabular Reports: UnglazedTranspiredSolarCollectorSummaryMonthly
   **   ~~~   ** ..Variable name=SOLAR COLLECTOR SYSTEM EFFICIENCY not valid for this simulation.
   ** Warning ** Processing Monthly Tabular Reports: UnglazedTranspiredSolarCollectorSummaryMonthly
   **   ~~~   ** ..Variable name=SOLAR COLLECTOR SYSTEM EFFICIENCY not valid for this simulation.
   ** Warning ** Processing Monthly Tabular Reports: UnglazedTranspiredSolarCollectorSummaryMonthly
   **   ~~~   ** ..Variable name=SOLAR COLLECTOR OUTSIDE FACE SUCTION VELOCITY not valid for this simulation.
   ** Warning ** Processing Monthly Tabular Reports: UnglazedTranspiredSolarCollectorSummaryMonthly
   **   ~~~   ** ..Variable name=SOLAR COLLECTOR SENSIBLE HEATING RATE not valid for this simulation.
   ** Warning ** Processing Monthly Tabular Reports: ChillerReportMonthly
   **   ~~~   ** ..Variable name=CHILLER EVAPORATOR COOLING RATE not valid for this simulation.
   ** Warning ** Processing Monthly Tabular Reports: ChillerReportMonthly
   **   ~~~   ** ..Variable name=CHILLER PART LOAD RATIO not valid for this simulation.
   ** Warning ** Processing Monthly Tabular Reports: ChillerReportMonthly
   **   ~~~   ** ..Variable name=CHILLER PART LOAD RATIO not valid for this simulation.
   ** Warning ** Processing Monthly Tabular Reports: ChillerReportMonthly
   **   ~~~   ** ..Variable name=CHILLER EVAPORATOR COOLING RATE not valid for this simulation.
   **   ~~~   ** ..i.e., Variable name=HEAT RECOVERY CHILLER:CHILLER EVAPORATOR COOLING RATE not valid for this simulation.
   ** Warning ** Processing Monthly Tabular Reports: ChillerReportMonthly
   **   ~~~   ** ..Variable name=CHILLER PART LOAD RATIO not valid for this simulation.
   **   ~~~   ** ..i.e., Variable name=HEAT RECOVERY CHILLER:CHILLER PART LOAD RATIO not valid for this simulation.
   ** Warning ** Processing Monthly Tabular Reports: ChillerReportMonthly
   **   ~~~   ** ..Variable name=CHILLER PART LOAD RATIO not valid for this simulation.
   **   ~~~   ** ..i.e., Variable name=HEAT RECOVERY CHILLER:CHILLER PART LOAD RATIO not valid for this simulation.
   ** Warning ** Processing Monthly Tabular Reports: ChillerReportMonthly
   **   ~~~   ** ..Variable name=CHILLER EVAPORATOR COOLING RATE not valid for this simulation.
   **   ~~~   ** ..i.e., Variable name=COOLSYS1 CHILLER1:CHILLER EVAPORATOR COOLING RATE not valid for this simulation.
   ** Warning ** Processing Monthly Tabular Reports: ChillerReportMonthly
   **   ~~~   ** ..Variable name=CHILLER PART LOAD RATIO not valid for this simulation.
   **   ~~~   ** ..i.e., Variable name=COOLSYS1 CHILLER1:CHILLER PART LOAD RATIO not valid for this simulation.
   ** Warning ** Processing Monthly Tabular Reports: ChillerReportMonthly
   **   ~~~   ** ..Variable name=CHILLER PART LOAD RATIO not valid for this simulation.
   **   ~~~   ** ..i.e., Variable name=COOLSYS1 CHILLER1:CHILLER PART LOAD RATIO not valid for this simulation.
   ** Warning ** Processing Monthly Tabular Reports: ChillerReportMonthly
   **   ~~~   ** ..Variable name=CHILLER EVAPORATOR COOLING RATE not valid for this simulation.
   **   ~~~   ** ..i.e., Variable name=COOLSYS1 CHILLER2:CHILLER EVAPORATOR COOLING RATE not valid for this simulation.
   ** Warning ** Processing Monthly Tabular Reports: ChillerReportMonthly
   **   ~~~   ** ..Variable name=CHILLER PART LOAD RATIO not valid for this simulation.
   **   ~~~   ** ..i.e., Variable name=COOLSYS1 CHILLER2:CHILLER PART LOAD RATIO not valid for this simulation.
   ** Warning ** Processing Monthly Tabular Reports: ChillerReportMonthly
   **   ~~~   ** ..Variable name=CHILLER PART LOAD RATIO not valid for this simulation.
   **   ~~~   ** ..i.e., Variable name=COOLSYS1 CHILLER2:CHILLER PART LOAD RATIO not valid for this simulation.
   ** Warning ** Processing Monthly Tabular Reports: BoilerReportMonthly
   **   ~~~   ** ..Variable name=BOILER GAS CONSUMPTION not valid for this simulation.
   ** Warning ** Processing Monthly Tabular Reports: BoilerReportMonthly
   **   ~~~   ** ..Variable name=BOILER GAS CONSUMPTION RATE not valid for this simulation.
   ** Warning ** Processing Monthly Tabular Reports: BoilerReportMonthly
   **   ~~~   ** ..Variable name=BOILER GAS CONSUMPTION not valid for this simulation.
   **   ~~~   ** ..i.e., Variable name=HEATSYS1 BOILER:BOILER GAS CONSUMPTION not valid for this simulation.
   ** Warning ** Processing Monthly Tabular Reports: BoilerReportMonthly
   **   ~~~   ** ..Variable name=BOILER GAS CONSUMPTION RATE not valid for this simulation.
   **   ~~~   ** ..i.e., Variable name=HEATSYS1 BOILER:BOILER GAS CONSUMPTION RATE not valid for this simulation.
   ** Warning ** Processing Monthly Tabular Reports: DXReportMonthly
   **   ~~~   ** ..Variable name=COOLING COIL ELECTRICITY ENERGY not valid for this simulation.
   ** Warning ** Processing Monthly Tabular Reports: DXReportMonthly
   **   ~~~   ** ..Variable name=COOLING COIL LATENT COOLING ENERGY not valid for this simulation.
   ** Warning ** Processing Monthly Tabular Reports: DXReportMonthly
   **   ~~~   ** ..Variable name=COOLING COIL CRANKCASE HEATER ELECTRICITY ENERGY not valid for this simulation.
   ** Warning ** Processing Monthly Tabular Reports: DXReportMonthly
   **   ~~~   ** ..Variable name=COOLING COIL RUNTIME FRACTION not valid for this simulation.
   ** Warning ** Processing Monthly Tabular Reports: DXReportMonthly
   **   ~~~   ** ..Variable name=COOLING COIL RUNTIME FRACTION not valid for this simulation.
   ** Warning ** Processing Monthly Tabular Reports: DXReportMonthly
   **   ~~~   ** ..Variable name=COOLING COIL LATENT COOLING RATE not valid for this simulation.
   ** Warning ** Processing Monthly Tabular Reports: DXReportMonthly
   **   ~~~   ** ..Variable name=COOLING COIL ELECTRICITY RATE not valid for this simulation.
   ** Warning ** Processing Monthly Tabular Reports: DXReportMonthly
   **   ~~~   ** ..Variable name=COOLING COIL CRANKCASE HEATER ELECTRICITY RATE not valid for this simulation.
   ** Warning ** Processing Monthly Tabular Reports: DXReportMonthly
   **   ~~~   ** ..Variable name=COOLING COIL ELECTRICITY ENERGY not valid for this simulation.
   **   ~~~   ** ..i.e., Variable name=VAV_1 COOLING COIL:COOLING COIL ELECTRICITY ENERGY not valid for this simulation.
   ** Warning ** Processing Monthly Tabular Reports: DXReportMonthly
   **   ~~~   ** ..Variable name=COOLING COIL LATENT COOLING ENERGY not valid for this simulation.
   **   ~~~   ** ..i.e., Variable name=VAV_1 COOLING COIL:COOLING COIL LATENT COOLING ENERGY not valid for this simulation.
   ** Warning ** Processing Monthly Tabular Reports: DXReportMonthly
   **   ~~~   ** ..Variable name=COOLING COIL CRANKCASE HEATER ELECTRICITY ENERGY not valid for this simulation.
   **   ~~~   ** ..i.e., Variable name=VAV_1 COOLING COIL:COOLING COIL CRANKCASE HEATER ELECTRICITY ENERGY not valid for this simulation.
   ** Warning ** Processing Monthly Tabular Reports: DXReportMonthly
   **   ~~~   ** ..Variable name=COOLING COIL RUNTIME FRACTION not valid for this simulation.
   **   ~~~   ** ..i.e., Variable name=VAV_1 COOLING COIL:COOLING COIL RUNTIME FRACTION not valid for this simulation.
   ** Warning ** Processing Monthly Tabular Reports: DXReportMonthly
   **   ~~~   ** ..Variable name=COOLING COIL RUNTIME FRACTION not valid for this simulation.
   **   ~~~   ** ..i.e., Variable name=VAV_1 COOLING COIL:COOLING COIL RUNTIME FRACTION not valid for this simulation.
   ** Warning ** Processing Monthly Tabular Reports: DXReportMonthly
   **   ~~~   ** ..Variable name=COOLING COIL LATENT COOLING RATE not valid for this simulation.
   **   ~~~   ** ..i.e., Variable name=VAV_1 COOLING COIL:COOLING COIL LATENT COOLING RATE not valid for this simulation.
   ** Warning ** Processing Monthly Tabular Reports: DXReportMonthly
   **   ~~~   ** ..Variable name=COOLING COIL ELECTRICITY RATE not valid for this simulation.
   **   ~~~   ** ..i.e., Variable name=VAV_1 COOLING COIL:COOLING COIL ELECTRICITY RATE not valid for this simulation.
   ** Warning ** Processing Monthly Tabular Reports: DXReportMonthly
   **   ~~~   ** ..Variable name=COOLING COIL CRANKCASE HEATER ELECTRICITY RATE not valid for this simulation.
   **   ~~~   ** ..i.e., Variable name=VAV_1 COOLING COIL:COOLING COIL CRANKCASE HEATER ELECTRICITY RATE not valid for this simulation.
   ** Warning ** Processing Monthly Tabular Reports: DXReportMonthly
   **   ~~~   ** ..Variable name=COOLING COIL ELECTRICITY ENERGY not valid for this simulation.
   **   ~~~   ** ..i.e., Variable name=VAV_2 COOLING COIL:COOLING COIL ELECTRICITY ENERGY not valid for this simulation.
   ** Warning ** Processing Monthly Tabular Reports: DXReportMonthly
   **   ~~~   ** ..Variable name=COOLING COIL LATENT COOLING ENERGY not valid for this simulation.
   **   ~~~   ** ..i.e., Variable name=VAV_2 COOLING COIL:COOLING COIL LATENT COOLING ENERGY not valid for this simulation.
   ** Warning ** Processing Monthly Tabular Reports: DXReportMonthly
   **   ~~~   ** ..Variable name=COOLING COIL CRANKCASE HEATER ELECTRICITY ENERGY not valid for this simulation.
   **   ~~~   ** ..i.e., Variable name=VAV_2 COOLING COIL:COOLING COIL CRANKCASE HEATER ELECTRICITY ENERGY not valid for this simulation.
   ** Warning ** Processing Monthly Tabular Reports: DXReportMonthly
   **   ~~~   ** ..Variable name=COOLING COIL RUNTIME FRACTION not valid for this simulation.
   **   ~~~   ** ..i.e., Variable name=VAV_2 COOLING COIL:COOLING COIL RUNTIME FRACTION not valid for this simulation.
   ** Warning ** Processing Monthly Tabular Reports: DXReportMonthly
   **   ~~~   ** ..Variable name=COOLING COIL RUNTIME FRACTION not valid for this simulation.
   **   ~~~   ** ..i.e., Variable name=VAV_2 COOLING COIL:COOLING COIL RUNTIME FRACTION not valid for this simulation.
   ** Warning ** Processing Monthly Tabular Reports: DXReportMonthly
   **   ~~~   ** ..Variable name=COOLING COIL LATENT COOLING RATE not valid for this simulation.
   **   ~~~   ** ..i.e., Variable name=VAV_2 COOLING COIL:COOLING COIL LATENT COOLING RATE not valid for this simulation.
   ** Warning ** Processing Monthly Tabular Reports: DXReportMonthly
   **   ~~~   ** ..Variable name=COOLING COIL ELECTRICITY RATE not valid for this simulation.
   **   ~~~   ** ..i.e., Variable name=VAV_2 COOLING COIL:COOLING COIL ELECTRICITY RATE not valid for this simulation.
   ** Warning ** Processing Monthly Tabular Reports: DXReportMonthly
   **   ~~~   ** ..Variable name=COOLING COIL CRANKCASE HEATER ELECTRICITY RATE not valid for this simulation.
   **   ~~~   ** ..i.e., Variable name=VAV_2 COOLING COIL:COOLING COIL CRANKCASE HEATER ELECTRICITY RATE not valid for this simulation.
   ** Warning ** Processing Monthly Tabular Reports: DXReportMonthly
   **   ~~~   ** ..Variable name=COOLING COIL ELECTRICITY ENERGY not valid for this simulation.
   **   ~~~   ** ..i.e., Variable name=VAV_ER COOLING COIL:COOLING COIL ELECTRICITY ENERGY not valid for this simulation.
   ** Warning ** Processing Monthly Tabular Reports: DXReportMonthly
   **   ~~~   ** ..Variable name=COOLING COIL LATENT COOLING ENERGY not valid for this simulation.
   **   ~~~   ** ..i.e., Variable name=VAV_ER COOLING COIL:COOLING COIL LATENT COOLING ENERGY not valid for this simulation.
   ** Warning ** Processing Monthly Tabular Reports: DXReportMonthly
   **   ~~~   ** ..Variable name=COOLING COIL CRANKCASE HEATER ELECTRICITY ENERGY not valid for this simulation.
   **   ~~~   ** ..i.e., Variable name=VAV_ER COOLING COIL:COOLING COIL CRANKCASE HEATER ELECTRICITY ENERGY not valid for this simulation.
   ** Warning ** Processing Monthly Tabular Reports: DXReportMonthly
   **   ~~~   ** ..Variable name=COOLING COIL RUNTIME FRACTION not valid for this simulation.
   **   ~~~   ** ..i.e., Variable name=VAV_ER COOLING COIL:COOLING COIL RUNTIME FRACTION not valid for this simulation.
   ** Warning ** Processing Monthly Tabular Reports: DXReportMonthly
   **   ~~~   ** ..Variable name=COOLING COIL RUNTIME FRACTION not valid for this simulation.
   **   ~~~   ** ..i.e., Variable name=VAV_ER COOLING COIL:COOLING COIL RUNTIME FRACTION not valid for this simulation.
   ** Warning ** Processing Monthly Tabular Reports: DXReportMonthly
   **   ~~~   ** ..Variable name=COOLING COIL LATENT COOLING RATE not valid for this simulation.
   **   ~~~   ** ..i.e., Variable name=VAV_ER COOLING COIL:COOLING COIL LATENT COOLING RATE not valid for this simulation.
   ** Warning ** Processing Monthly Tabular Reports: DXReportMonthly
   **   ~~~   ** ..Variable name=COOLING COIL ELECTRICITY RATE not valid for this simulation.
   **   ~~~   ** ..i.e., Variable name=VAV_ER COOLING COIL:COOLING COIL ELECTRICITY RATE not valid for this simulation.
   ** Warning ** Processing Monthly Tabular Reports: DXReportMonthly
   **   ~~~   ** ..Variable name=COOLING COIL CRANKCASE HEATER ELECTRICITY RATE not valid for this simulation.
   **   ~~~   ** ..i.e., Variable name=VAV_ER COOLING COIL:COOLING COIL CRANKCASE HEATER ELECTRICITY RATE not valid for this simulation.
   ** Warning ** Processing Monthly Tabular Reports: DXReportMonthly
   **   ~~~   ** ..Variable name=COOLING COIL ELECTRICITY ENERGY not valid for this simulation.
   **   ~~~   ** ..i.e., Variable name=VAV_OR COOLING COIL:COOLING COIL ELECTRICITY ENERGY not valid for this simulation.
   ** Warning ** Processing Monthly Tabular Reports: DXReportMonthly
   **   ~~~   ** ..Variable name=COOLING COIL LATENT COOLING ENERGY not valid for this simulation.
   **   ~~~   ** ..i.e., Variable name=VAV_OR COOLING COIL:COOLING COIL LATENT COOLING ENERGY not valid for this simulation.
   ** Warning ** Processing Monthly Tabular Reports: DXReportMonthly
   **   ~~~   ** ..Variable name=COOLING COIL CRANKCASE HEATER ELECTRICITY ENERGY not valid for this simulation.
   **   ~~~   ** ..i.e., Variable name=VAV_OR COOLING COIL:COOLING COIL CRANKCASE HEATER ELECTRICITY ENERGY not valid for this simulation.
   ** Warning ** Processing Monthly Tabular Reports: DXReportMonthly
   **   ~~~   ** ..Variable name=COOLING COIL RUNTIME FRACTION not valid for this simulation.
   **   ~~~   ** ..i.e., Variable name=VAV_OR COOLING COIL:COOLING COIL RUNTIME FRACTION not valid for this simulation.
   ** Warning ** Processing Monthly Tabular Reports: DXReportMonthly
   **   ~~~   ** ..Variable name=COOLING COIL RUNTIME FRACTION not valid for this simulation.
   **   ~~~   ** ..i.e., Variable name=VAV_OR COOLING COIL:COOLING COIL RUNTIME FRACTION not valid for this simulation.
   ** Warning ** Processing Monthly Tabular Reports: DXReportMonthly
   **   ~~~   ** ..Variable name=COOLING COIL LATENT COOLING RATE not valid for this simulation.
   **   ~~~   ** ..i.e., Variable name=VAV_OR COOLING COIL:COOLING COIL LATENT COOLING RATE not valid for this simulation.
   ** Warning ** Processing Monthly Tabular Reports: DXReportMonthly
   **   ~~~   ** ..Variable name=COOLING COIL ELECTRICITY RATE not valid for this simulation.
   **   ~~~   ** ..i.e., Variable name=VAV_OR COOLING COIL:COOLING COIL ELECTRICITY RATE not valid for this simulation.
   ** Warning ** Processing Monthly Tabular Reports: DXReportMonthly
   **   ~~~   ** ..Variable name=COOLING COIL CRANKCASE HEATER ELECTRICITY RATE not valid for this simulation.
   **   ~~~   ** ..i.e., Variable name=VAV_OR COOLING COIL:COOLING COIL CRANKCASE HEATER ELECTRICITY RATE not valid for this simulation.
   ** Warning ** Processing Monthly Tabular Reports: DXReportMonthly
   **   ~~~   ** ..Variable name=COOLING COIL ELECTRICITY ENERGY not valid for this simulation.
   **   ~~~   ** ..i.e., Variable name=VAV_ICU COOLING COIL:COOLING COIL ELECTRICITY ENERGY not valid for this simulation.
   ** Warning ** Processing Monthly Tabular Reports: DXReportMonthly
   **   ~~~   ** ..Variable name=COOLING COIL LATENT COOLING ENERGY not valid for this simulation.
   **   ~~~   ** ..i.e., Variable name=VAV_ICU COOLING COIL:COOLING COIL LATENT COOLING ENERGY not valid for this simulation.
   ** Warning ** Processing Monthly Tabular Reports: DXReportMonthly
   **   ~~~   ** ..Variable name=COOLING COIL CRANKCASE HEATER ELECTRICITY ENERGY not valid for this simulation.
   **   ~~~   ** ..i.e., Variable name=VAV_ICU COOLING COIL:COOLING COIL CRANKCASE HEATER ELECTRICITY ENERGY not valid for this simulation.
   ** Warning ** Processing Monthly Tabular Reports: DXReportMonthly
   **   ~~~   ** ..Variable name=COOLING COIL RUNTIME FRACTION not valid for this simulation.
   **   ~~~   ** ..i.e., Variable name=VAV_ICU COOLING COIL:COOLING COIL RUNTIME FRACTION not valid for this simulation.
   ** Warning ** Processing Monthly Tabular Reports: DXReportMonthly
   **   ~~~   ** ..Variable name=COOLING COIL RUNTIME FRACTION not valid for this simulation.
   **   ~~~   ** ..i.e., Variable name=VAV_ICU COOLING COIL:COOLING COIL RUNTIME FRACTION not valid for this simulation.
   ** Warning ** Processing Monthly Tabular Reports: DXReportMonthly
   **   ~~~   ** ..Variable name=COOLING COIL LATENT COOLING RATE not valid for this simulation.
   **   ~~~   ** ..i.e., Variable name=VAV_ICU COOLING COIL:COOLING COIL LATENT COOLING RATE not valid for this simulation.
   ** Warning ** Processing Monthly Tabular Reports: DXReportMonthly
   **   ~~~   ** ..Variable name=COOLING COIL ELECTRICITY RATE not valid for this simulation.
   **   ~~~   ** ..i.e., Variable name=VAV_ICU COOLING COIL:COOLING COIL ELECTRICITY RATE not valid for this simulation.
   ** Warning ** Processing Monthly Tabular Reports: DXReportMonthly
   **   ~~~   ** ..Variable name=COOLING COIL CRANKCASE HEATER ELECTRICITY RATE not valid for this simulation.
   **   ~~~   ** ..i.e., Variable name=VAV_ICU COOLING COIL:COOLING COIL CRANKCASE HEATER ELECTRICITY RATE not valid for this simulation.
   ** Warning ** Processing Monthly Tabular Reports: DXReportMonthly
   **   ~~~   ** ..Variable name=COOLING COIL ELECTRICITY ENERGY not valid for this simulation.
   **   ~~~   ** ..i.e., Variable name=VAV_PATRMS COOLING COIL:COOLING COIL ELECTRICITY ENERGY not valid for this simulation.
   ** Warning ** Processing Monthly Tabular Reports: DXReportMonthly
   **   ~~~   ** ..Variable name=COOLING COIL LATENT COOLING ENERGY not valid for this simulation.
   **   ~~~   ** ..i.e., Variable name=VAV_PATRMS COOLING COIL:COOLING COIL LATENT COOLING ENERGY not valid for this simulation.
   ** Warning ** Processing Monthly Tabular Reports: DXReportMonthly
   **   ~~~   ** ..Variable name=COOLING COIL CRANKCASE HEATER ELECTRICITY ENERGY not valid for this simulation.
   **   ~~~   ** ..i.e., Variable name=VAV_PATRMS COOLING COIL:COOLING COIL CRANKCASE HEATER ELECTRICITY ENERGY not valid for this simulation.
   ** Warning ** Processing Monthly Tabular Reports: DXReportMonthly
   **   ~~~   ** ..Variable name=COOLING COIL RUNTIME FRACTION not valid for this simulation.
   **   ~~~   ** ..i.e., Variable name=VAV_PATRMS COOLING COIL:COOLING COIL RUNTIME FRACTION not valid for this simulation.
   ** Warning ** Processing Monthly Tabular Reports: DXReportMonthly
   **   ~~~   ** ..Variable name=COOLING COIL RUNTIME FRACTION not valid for this simulation.
   **   ~~~   ** ..i.e., Variable name=VAV_PATRMS COOLING COIL:COOLING COIL RUNTIME FRACTION not valid for this simulation.
   ** Warning ** Processing Monthly Tabular Reports: DXReportMonthly
   **   ~~~   ** ..Variable name=COOLING COIL LATENT COOLING RATE not valid for this simulation.
   **   ~~~   ** ..i.e., Variable name=VAV_PATRMS COOLING COIL:COOLING COIL LATENT COOLING RATE not valid for this simulation.
   ** Warning ** Processing Monthly Tabular Reports: DXReportMonthly
   **   ~~~   ** ..Variable name=COOLING COIL ELECTRICITY RATE not valid for this simulation.
   **   ~~~   ** ..i.e., Variable name=VAV_PATRMS COOLING COIL:COOLING COIL ELECTRICITY RATE not valid for this simulation.
   ** Warning ** Processing Monthly Tabular Reports: DXReportMonthly
   **   ~~~   ** ..Variable name=COOLING COIL CRANKCASE HEATER ELECTRICITY RATE not valid for this simulation.
   **   ~~~   ** ..i.e., Variable name=VAV_PATRMS COOLING COIL:COOLING COIL CRANKCASE HEATER ELECTRICITY RATE not valid for this simulation.
   ** Warning ** Processing Monthly Tabular Reports: DXReportMonthly
   **   ~~~   ** ..Variable name=COOLING COIL ELECTRICITY ENERGY not valid for this simulation.
   **   ~~~   ** ..i.e., Variable name=VAV_LABS COOLING COIL:COOLING COIL ELECTRICITY ENERGY not valid for this simulation.
   ** Warning ** Processing Monthly Tabular Reports: DXReportMonthly
   **   ~~~   ** ..Variable name=COOLING COIL LATENT COOLING ENERGY not valid for this simulation.
   **   ~~~   ** ..i.e., Variable name=VAV_LABS COOLING COIL:COOLING COIL LATENT COOLING ENERGY not valid for this simulation.
   ** Warning ** Processing Monthly Tabular Reports: DXReportMonthly
   **   ~~~   ** ..Variable name=COOLING COIL CRANKCASE HEATER ELECTRICITY ENERGY not valid for this simulation.
   **   ~~~   ** ..i.e., Variable name=VAV_LABS COOLING COIL:COOLING COIL CRANKCASE HEATER ELECTRICITY ENERGY not valid for this simulation.
   ** Warning ** Processing Monthly Tabular Reports: DXReportMonthly
   **   ~~~   ** ..Variable name=COOLING COIL RUNTIME FRACTION not valid for this simulation.
   **   ~~~   ** ..i.e., Variable name=VAV_LABS COOLING COIL:COOLING COIL RUNTIME FRACTION not valid for this simulation.
   ** Warning ** Processing Monthly Tabular Reports: DXReportMonthly
   **   ~~~   ** ..Variable name=COOLING COIL RUNTIME FRACTION not valid for this simulation.
   **   ~~~   ** ..i.e., Variable name=VAV_LABS COOLING COIL:COOLING COIL RUNTIME FRACTION not valid for this simulation.
   ** Warning ** Processing Monthly Tabular Reports: DXReportMonthly
   **   ~~~   ** ..Variable name=COOLING COIL LATENT COOLING RATE not valid for this simulation.
   **   ~~~   ** ..i.e., Variable name=VAV_LABS COOLING COIL:COOLING COIL LATENT COOLING RATE not valid for this simulation.
   ** Warning ** Processing Monthly Tabular Reports: DXReportMonthly
   **   ~~~   ** ..Variable name=COOLING COIL ELECTRICITY RATE not valid for this simulation.
   **   ~~~   ** ..i.e., Variable name=VAV_LABS COOLING COIL:COOLING COIL ELECTRICITY RATE not valid for this simulation.
   ** Warning ** Processing Monthly Tabular Reports: DXReportMonthly
   **   ~~~   ** ..Variable name=COOLING COIL CRANKCASE HEATER ELECTRICITY RATE not valid for this simulation.
   **   ~~~   ** ..i.e., Variable name=VAV_LABS COOLING COIL:COOLING COIL CRANKCASE HEATER ELECTRICITY RATE not valid for this simulation.
   ** Warning ** Processing Monthly Tabular Reports: DXReportMonthly
   **   ~~~   ** ..Variable name=COOLING COIL ELECTRICITY ENERGY not valid for this simulation.
   **   ~~~   ** ..i.e., Variable name=CAV_KITCHEN COOLING COIL:COOLING COIL ELECTRICITY ENERGY not valid for this simulation.
   ** Warning ** Processing Monthly Tabular Reports: DXReportMonthly
   **   ~~~   ** ..Variable name=COOLING COIL LATENT COOLING ENERGY not valid for this simulation.
   **   ~~~   ** ..i.e., Variable name=CAV_KITCHEN COOLING COIL:COOLING COIL LATENT COOLING ENERGY not valid for this simulation.
   ** Warning ** Processing Monthly Tabular Reports: DXReportMonthly
   **   ~~~   ** ..Variable name=COOLING COIL CRANKCASE HEATER ELECTRICITY ENERGY not valid for this simulation.
   **   ~~~   ** ..i.e., Variable name=CAV_KITCHEN COOLING COIL:COOLING COIL CRANKCASE HEATER ELECTRICITY ENERGY not valid for this simulation.
   ** Warning ** Processing Monthly Tabular Reports: DXReportMonthly
   **   ~~~   ** ..Variable name=COOLING COIL RUNTIME FRACTION not valid for this simulation.
   **   ~~~   ** ..i.e., Variable name=CAV_KITCHEN COOLING COIL:COOLING COIL RUNTIME FRACTION not valid for this simulation.
   ** Warning ** Processing Monthly Tabular Reports: DXReportMonthly
   **   ~~~   ** ..Variable name=COOLING COIL RUNTIME FRACTION not valid for this simulation.
   **   ~~~   ** ..i.e., Variable name=CAV_KITCHEN COOLING COIL:COOLING COIL RUNTIME FRACTION not valid for this simulation.
   ** Warning ** Processing Monthly Tabular Reports: DXReportMonthly
   **   ~~~   ** ..Variable name=COOLING COIL LATENT COOLING RATE not valid for this simulation.
   **   ~~~   ** ..i.e., Variable name=CAV_KITCHEN COOLING COIL:COOLING COIL LATENT COOLING RATE not valid for this simulation.
   ** Warning ** Processing Monthly Tabular Reports: DXReportMonthly
   **   ~~~   ** ..Variable name=COOLING COIL ELECTRICITY RATE not valid for this simulation.
   **   ~~~   ** ..i.e., Variable name=CAV_KITCHEN COOLING COIL:COOLING COIL ELECTRICITY RATE not valid for this simulation.
   ** Warning ** Processing Monthly Tabular Reports: DXReportMonthly
   **   ~~~   ** ..Variable name=COOLING COIL CRANKCASE HEATER ELECTRICITY RATE not valid for this simulation.
   **   ~~~   ** ..i.e., Variable name=CAV_KITCHEN COOLING COIL:COOLING COIL CRANKCASE HEATER ELECTRICITY RATE not valid for this simulation.
   ** Warning ** Processing Monthly Tabular Reports: WindowACReportMonthly
   **   ~~~   ** ..Variable name=ZONE WINDOW AIR CONDITIONER TOTAL COOLING ENERGY not valid for this simulation.
   ** Warning ** Processing Monthly Tabular Reports: WindowACReportMonthly
   **   ~~~   ** ..Variable name=ZONE WINDOW AIR CONDITIONER ELECTRICITY ENERGY not valid for this simulation.
   ** Warning ** Processing Monthly Tabular Reports: WindowACReportMonthly
   **   ~~~   ** ..Variable name=ZONE WINDOW AIR CONDITIONER TOTAL COOLING ENERGY not valid for this simulation.
   ** Warning ** Processing Monthly Tabular Reports: WindowACReportMonthly
   **   ~~~   ** ..Variable name=ZONE WINDOW AIR CONDITIONER SENSIBLE COOLING ENERGY not valid for this simulation.
   ** Warning ** Processing Monthly Tabular Reports: WindowACReportMonthly
   **   ~~~   ** ..Variable name=ZONE WINDOW AIR CONDITIONER LATENT COOLING ENERGY not valid for this simulation.
   ** Warning ** Processing Monthly Tabular Reports: WindowACReportMonthly
   **   ~~~   ** ..Variable name=ZONE WINDOW AIR CONDITIONER TOTAL COOLING RATE not valid for this simulation.
   ** Warning ** Processing Monthly Tabular Reports: WindowACReportMonthly
   **   ~~~   ** ..Variable name=ZONE WINDOW AIR CONDITIONER SENSIBLE COOLING RATE not valid for this simulation.
   ** Warning ** Processing Monthly Tabular Reports: WindowACReportMonthly
   **   ~~~   ** ..Variable name=ZONE WINDOW AIR CONDITIONER LATENT COOLING RATE not valid for this simulation.
   ** Warning ** Processing Monthly Tabular Reports: WindowACReportMonthly
   **   ~~~   ** ..Variable name=ZONE WINDOW AIR CONDITIONER ELECTRICITY RATE not valid for this simulation.
   ** Warning ** Processing Monthly Tabular Reports: WaterHeaterReportMonthly
   **   ~~~   ** ..Variable name=WATER HEATER BURNER HEATING ENERGY not valid for this simulation.
   ** Warning ** Processing Monthly Tabular Reports: WaterHeaterReportMonthly
   **   ~~~   ** ..Variable name=WATER HEATER GAS CONSUMPTION not valid for this simulation.
   ** Warning ** Processing Monthly Tabular Reports: WaterHeaterReportMonthly
   **   ~~~   ** ..Variable name=WATER HEATER LOSS DEMAND ENERGY not valid for this simulation.
   ** Warning ** Processing Monthly Tabular Reports: WaterHeaterReportMonthly
   **   ~~~   ** ..Variable name=WATER HEATER HEAT RECOVERY SUPPLY ENERGY not valid for this simulation.
   ** Warning ** Processing Monthly Tabular Reports: WaterHeaterReportMonthly
   **   ~~~   ** ..Variable name=WATER HEATER SOURCE ENERGY not valid for this simulation.
   ** Warning ** Processing Monthly Tabular Reports: WaterHeaterReportMonthly
   **   ~~~   ** ..Variable name=WATER HEATER BURNER HEATING ENERGY not valid for this simulation.
   **   ~~~   ** ..i.e., Variable name=SWH BOOSTER E WATER HEATER:WATER HEATER BURNER HEATING ENERGY not valid for this simulation.
   ** Warning ** Processing Monthly Tabular Reports: WaterHeaterReportMonthly
   **   ~~~   ** ..Variable name=WATER HEATER GAS CONSUMPTION not valid for this simulation.
   **   ~~~   ** ..i.e., Variable name=SWH BOOSTER E WATER HEATER:WATER HEATER GAS CONSUMPTION not valid for this simulation.
   ** Warning ** Processing Monthly Tabular Reports: WaterHeaterReportMonthly
   **   ~~~   ** ..Variable name=WATER HEATER LOSS DEMAND ENERGY not valid for this simulation.
   **   ~~~   ** ..i.e., Variable name=SWH BOOSTER E WATER HEATER:WATER HEATER LOSS DEMAND ENERGY not valid for this simulation.
   ** Warning ** Processing Monthly Tabular Reports: WaterHeaterReportMonthly
   **   ~~~   ** ..Variable name=WATER HEATER HEAT RECOVERY SUPPLY ENERGY not valid for this simulation.
   **   ~~~   ** ..i.e., Variable name=SWH BOOSTER E WATER HEATER:WATER HEATER HEAT RECOVERY SUPPLY ENERGY not valid for this simulation.
   ** Warning ** Processing Monthly Tabular Reports: WaterHeaterReportMonthly
   **   ~~~   ** ..Variable name=WATER HEATER SOURCE ENERGY not valid for this simulation.
   **   ~~~   ** ..i.e., Variable name=SWH BOOSTER E WATER HEATER:WATER HEATER SOURCE ENERGY not valid for this simulation.
   ** Warning ** Processing Monthly Tabular Reports: WaterHeaterReportMonthly
   **   ~~~   ** ..Variable name=WATER HEATER BURNER HEATING ENERGY not valid for this simulation.
   **   ~~~   ** ..i.e., Variable name=SWH LAUNDRY WATER HEATER:WATER HEATER BURNER HEATING ENERGY not valid for this simulation.
   ** Warning ** Processing Monthly Tabular Reports: WaterHeaterReportMonthly
   **   ~~~   ** ..Variable name=WATER HEATER GAS CONSUMPTION not valid for this simulation.
   **   ~~~   ** ..i.e., Variable name=SWH LAUNDRY WATER HEATER:WATER HEATER GAS CONSUMPTION not valid for this simulation.
   ** Warning ** Processing Monthly Tabular Reports: WaterHeaterReportMonthly
   **   ~~~   ** ..Variable name=WATER HEATER LOSS DEMAND ENERGY not valid for this simulation.
   **   ~~~   ** ..i.e., Variable name=SWH LAUNDRY WATER HEATER:WATER HEATER LOSS DEMAND ENERGY not valid for this simulation.
   ** Warning ** Processing Monthly Tabular Reports: WaterHeaterReportMonthly
   **   ~~~   ** ..Variable name=WATER HEATER HEAT RECOVERY SUPPLY ENERGY not valid for this simulation.
   **   ~~~   ** ..i.e., Variable name=SWH LAUNDRY WATER HEATER:WATER HEATER HEAT RECOVERY SUPPLY ENERGY not valid for this simulation.
   ** Warning ** Processing Monthly Tabular Reports: WaterHeaterReportMonthly
   **   ~~~   ** ..Variable name=WATER HEATER SOURCE ENERGY not valid for this simulation.
   **   ~~~   ** ..i.e., Variable name=SWH LAUNDRY WATER HEATER:WATER HEATER SOURCE ENERGY not valid for this simulation.
   ** Warning ** Processing Monthly Tabular Reports: WaterHeaterReportMonthly
   **   ~~~   ** ..Variable name=WATER HEATER BURNER HEATING ENERGY not valid for this simulation.
   **   ~~~   ** ..i.e., Variable name=DUMMY WATER HEATER:WATER HEATER BURNER HEATING ENERGY not valid for this simulation.
   ** Warning ** Processing Monthly Tabular Reports: WaterHeaterReportMonthly
   **   ~~~   ** ..Variable name=WATER HEATER GAS CONSUMPTION not valid for this simulation.
   **   ~~~   ** ..i.e., Variable name=DUMMY WATER HEATER:WATER HEATER GAS CONSUMPTION not valid for this simulation.
   ** Warning ** Processing Monthly Tabular Reports: WaterHeaterReportMonthly
   **   ~~~   ** ..Variable name=WATER HEATER LOSS DEMAND ENERGY not valid for this simulation.
   **   ~~~   ** ..i.e., Variable name=DUMMY WATER HEATER:WATER HEATER LOSS DEMAND ENERGY not valid for this simulation.
   ** Warning ** Processing Monthly Tabular Reports: WaterHeaterReportMonthly
   **   ~~~   ** ..Variable name=WATER HEATER HEAT RECOVERY SUPPLY ENERGY not valid for this simulation.
   **   ~~~   ** ..i.e., Variable name=DUMMY WATER HEATER:WATER HEATER HEAT RECOVERY SUPPLY ENERGY not valid for this simulation.
   ** Warning ** Processing Monthly Tabular Reports: WaterHeaterReportMonthly
   **   ~~~   ** ..Variable name=WATER HEATER SOURCE ENERGY not valid for this simulation.
   **   ~~~   ** ..i.e., Variable name=DUMMY WATER HEATER:WATER HEATER SOURCE ENERGY not valid for this simulation.
   ** Warning ** Processing Monthly Tabular Reports: WaterHeaterReportMonthly
   **   ~~~   ** ..Variable name=WATER HEATER BURNER HEATING ENERGY not valid for this simulation.
   **   ~~~   ** ..i.e., Variable name=SWHSYS1 WATER HEATER:WATER HEATER BURNER HEATING ENERGY not valid for this simulation.
   ** Warning ** Processing Monthly Tabular Reports: WaterHeaterReportMonthly
   **   ~~~   ** ..Variable name=WATER HEATER GAS CONSUMPTION not valid for this simulation.
   **   ~~~   ** ..i.e., Variable name=SWHSYS1 WATER HEATER:WATER HEATER GAS CONSUMPTION not valid for this simulation.
   ** Warning ** Processing Monthly Tabular Reports: WaterHeaterReportMonthly
   **   ~~~   ** ..Variable name=WATER HEATER LOSS DEMAND ENERGY not valid for this simulation.
   **   ~~~   ** ..i.e., Variable name=SWHSYS1 WATER HEATER:WATER HEATER LOSS DEMAND ENERGY not valid for this simulation.
   ** Warning ** Processing Monthly Tabular Reports: WaterHeaterReportMonthly
   **   ~~~   ** ..Variable name=WATER HEATER HEAT RECOVERY SUPPLY ENERGY not valid for this simulation.
   **   ~~~   ** ..i.e., Variable name=SWHSYS1 WATER HEATER:WATER HEATER HEAT RECOVERY SUPPLY ENERGY not valid for this simulation.
   ** Warning ** Processing Monthly Tabular Reports: WaterHeaterReportMonthly
   **   ~~~   ** ..Variable name=WATER HEATER SOURCE ENERGY not valid for this simulation.
   **   ~~~   ** ..i.e., Variable name=SWHSYS1 WATER HEATER:WATER HEATER SOURCE ENERGY not valid for this simulation.
   ** Warning ** Processing Monthly Tabular Reports: GeneratorReportMonthly
   **   ~~~   ** ..Variable name=GENERATOR PRODUCED AC ELECTRICITY ENERGY not valid for this simulation.
   ** Warning ** Processing Monthly Tabular Reports: GeneratorReportMonthly
   **   ~~~   ** ..Variable name=GENERATOR DIESEL CONSUMPTION not valid for this simulation.
   ** Warning ** Processing Monthly Tabular Reports: GeneratorReportMonthly
   **   ~~~   ** ..Variable name=GENERATOR GAS CONSUMPTION not valid for this simulation.
   ** Warning ** Processing Monthly Tabular Reports: GeneratorReportMonthly
   **   ~~~   ** ..Variable name=GENERATOR PRODUCED AC ELECTRICITY ENERGY not valid for this simulation.
   ** Warning ** Processing Monthly Tabular Reports: GeneratorReportMonthly
   **   ~~~   ** ..Variable name=GENERATOR TOTAL HEAT RECOVERY not valid for this simulation.
   ** Warning ** Processing Monthly Tabular Reports: GeneratorReportMonthly
   **   ~~~   ** ..Variable name=GENERATOR JACKET HEAT RECOVERY ENERGY not valid for this simulation.
   ** Warning ** Processing Monthly Tabular Reports: GeneratorReportMonthly
   **   ~~~   ** ..Variable name=GENERATOR LUBE HEAT RECOVERY not valid for this simulation.
   ** Warning ** Processing Monthly Tabular Reports: GeneratorReportMonthly
   **   ~~~   ** ..Variable name=GENERATOR EXHAUST HEAT RECOVERY ENERGY not valid for this simulation.
   ** Warning ** Processing Monthly Tabular Reports: GeneratorReportMonthly
   **   ~~~   ** ..Variable name=GENERATOR EXHAUST AIR TEMPERATURE not valid for this simulation.
   ** Warning ** Processing Monthly Tabular Reports: DaylightingReportMonthly
   **   ~~~   ** ..Variable name=DAYLIGHTING REFERENCE POINT 2 ILLUMINANCE not valid for this simulation.
   **   ~~~   ** ..i.e., Variable name=LOBBY_RECORDS_FLR_1_DAYLCTRL:DAYLIGHTING REFERENCE POINT 2 ILLUMINANCE not valid for this simulation.
   ** Warning ** Processing Monthly Tabular Reports: DaylightingReportMonthly
   **   ~~~   ** ..Variable name=DAYLIGHTING REFERENCE POINT 2 GLARE INDEX not valid for this simulation.
   **   ~~~   ** ..i.e., Variable name=LOBBY_RECORDS_FLR_1_DAYLCTRL:DAYLIGHTING REFERENCE POINT 2 GLARE INDEX not valid for this simulation.
   ** Warning ** Processing Monthly Tabular Reports: DaylightingReportMonthly
   **   ~~~   ** ..Variable name=DAYLIGHTING REFERENCE POINT 2 GLARE INDEX SETPOINT EXCEEDED TIME not valid for this simulation.
   **   ~~~   ** ..i.e., Variable name=LOBBY_RECORDS_FLR_1_DAYLCTRL:DAYLIGHTING REFERENCE POINT 2 GLARE INDEX SETPOINT EXCEEDED TIME not valid for this simulation.
   ** Warning ** Processing Monthly Tabular Reports: DaylightingReportMonthly
   **   ~~~   ** ..Variable name=DAYLIGHTING REFERENCE POINT 2 DAYLIGHT ILLUMINANCE SETPOINT EXCEEDED TIME not valid for this simulation.
   **   ~~~   ** ..i.e., Variable name=LOBBY_RECORDS_FLR_1_DAYLCTRL:DAYLIGHTING REFERENCE POINT 2 DAYLIGHT ILLUMINANCE SETPOINT EXCEEDED TIME not valid for this simulation.
   ** Warning ** Processing Monthly Tabular Reports: DaylightingReportMonthly
   **   ~~~   ** ..Variable name=DAYLIGHTING REFERENCE POINT 2 ILLUMINANCE not valid for this simulation.
   **   ~~~   ** ..i.e., Variable name=OFFICE4_MULT6_FLR_5_DAYLCTRL:DAYLIGHTING REFERENCE POINT 2 ILLUMINANCE not valid for this simulation.
   ** Warning ** Processing Monthly Tabular Reports: DaylightingReportMonthly
   **   ~~~   ** ..Variable name=DAYLIGHTING REFERENCE POINT 2 GLARE INDEX not valid for this simulation.
   **   ~~~   ** ..i.e., Variable name=OFFICE4_MULT6_FLR_5_DAYLCTRL:DAYLIGHTING REFERENCE POINT 2 GLARE INDEX not valid for this simulation.
   ** Warning ** Processing Monthly Tabular Reports: DaylightingReportMonthly
   **   ~~~   ** ..Variable name=DAYLIGHTING REFERENCE POINT 2 GLARE INDEX SETPOINT EXCEEDED TIME not valid for this simulation.
   **   ~~~   ** ..i.e., Variable name=OFFICE4_MULT6_FLR_5_DAYLCTRL:DAYLIGHTING REFERENCE POINT 2 GLARE INDEX SETPOINT EXCEEDED TIME not valid for this simulation.
   ** Warning ** Processing Monthly Tabular Reports: DaylightingReportMonthly
   **   ~~~   ** ..Variable name=DAYLIGHTING REFERENCE POINT 2 DAYLIGHT ILLUMINANCE SETPOINT EXCEEDED TIME not valid for this simulation.
   **   ~~~   ** ..i.e., Variable name=OFFICE4_MULT6_FLR_5_DAYLCTRL:DAYLIGHTING REFERENCE POINT 2 DAYLIGHT ILLUMINANCE SETPOINT EXCEEDED TIME not valid for this simulation.
   ** Warning ** Processing Monthly Tabular Reports: DaylightingReportMonthly
   **   ~~~   ** ..Variable name=DAYLIGHTING REFERENCE POINT 2 ILLUMINANCE not valid for this simulation.
   **   ~~~   ** ..i.e., Variable name=OFFICE2_MULT5_FLR_5_DAYLCTRL:DAYLIGHTING REFERENCE POINT 2 ILLUMINANCE not valid for this simulation.
   ** Warning ** Processing Monthly Tabular Reports: DaylightingReportMonthly
   **   ~~~   ** ..Variable name=DAYLIGHTING REFERENCE POINT 2 GLARE INDEX not valid for this simulation.
   **   ~~~   ** ..i.e., Variable name=OFFICE2_MULT5_FLR_5_DAYLCTRL:DAYLIGHTING REFERENCE POINT 2 GLARE INDEX not valid for this simulation.
   ** Warning ** Processing Monthly Tabular Reports: DaylightingReportMonthly
   **   ~~~   ** ..Variable name=DAYLIGHTING REFERENCE POINT 2 GLARE INDEX SETPOINT EXCEEDED TIME not valid for this simulation.
   **   ~~~   ** ..i.e., Variable name=OFFICE2_MULT5_FLR_5_DAYLCTRL:DAYLIGHTING REFERENCE POINT 2 GLARE INDEX SETPOINT EXCEEDED TIME not valid for this simulation.
   ** Warning ** Processing Monthly Tabular Reports: DaylightingReportMonthly
   **   ~~~   ** ..Variable name=DAYLIGHTING REFERENCE POINT 2 DAYLIGHT ILLUMINANCE SETPOINT EXCEEDED TIME not valid for this simulation.
   **   ~~~   ** ..i.e., Variable name=OFFICE2_MULT5_FLR_5_DAYLCTRL:DAYLIGHTING REFERENCE POINT 2 DAYLIGHT ILLUMINANCE SETPOINT EXCEEDED TIME not valid for this simulation.
   ** Warning ** Processing Monthly Tabular Reports: DaylightingReportMonthly
   **   ~~~   ** ..Variable name=DAYLIGHTING REFERENCE POINT 2 ILLUMINANCE not valid for this simulation.
   **   ~~~   ** ..i.e., Variable name=DINING_FLR_5_DAYLCTRL:DAYLIGHTING REFERENCE POINT 2 ILLUMINANCE not valid for this simulation.
   ** Warning ** Processing Monthly Tabular Reports: DaylightingReportMonthly
   **   ~~~   ** ..Variable name=DAYLIGHTING REFERENCE POINT 2 GLARE INDEX not valid for this simulation.
   **   ~~~   ** ..i.e., Variable name=DINING_FLR_5_DAYLCTRL:DAYLIGHTING REFERENCE POINT 2 GLARE INDEX not valid for this simulation.
   ** Warning ** Processing Monthly Tabular Reports: DaylightingReportMonthly
   **   ~~~   ** ..Variable name=DAYLIGHTING REFERENCE POINT 2 GLARE INDEX SETPOINT EXCEEDED TIME not valid for this simulation.
   **   ~~~   ** ..i.e., Variable name=DINING_FLR_5_DAYLCTRL:DAYLIGHTING REFERENCE POINT 2 GLARE INDEX SETPOINT EXCEEDED TIME not valid for this simulation.
   ** Warning ** Processing Monthly Tabular Reports: DaylightingReportMonthly
   **   ~~~   ** ..Variable name=DAYLIGHTING REFERENCE POINT 2 DAYLIGHT ILLUMINANCE SETPOINT EXCEEDED TIME not valid for this simulation.
   **   ~~~   ** ..i.e., Variable name=DINING_FLR_5_DAYLCTRL:DAYLIGHTING REFERENCE POINT 2 DAYLIGHT ILLUMINANCE SETPOINT EXCEEDED TIME not valid for this simulation.
   ** Warning ** Processing Monthly Tabular Reports: CoilReportMonthly
   **   ~~~   ** ..Variable name=COOLING COIL TOTAL COOLING ENERGY not valid for this simulation.
   **   ~~~   ** ..i.e., Variable name=VAV_1 HEATING COIL:COOLING COIL TOTAL COOLING ENERGY not valid for this simulation.
   ** Warning ** Processing Monthly Tabular Reports: CoilReportMonthly
   **   ~~~   ** ..Variable name=COOLING COIL SENSIBLE COOLING ENERGY not valid for this simulation.
   **   ~~~   ** ..i.e., Variable name=VAV_1 HEATING COIL:COOLING COIL SENSIBLE COOLING ENERGY not valid for this simulation.
   ** Warning ** Processing Monthly Tabular Reports: CoilReportMonthly
   **   ~~~   ** ..Variable name=COOLING COIL TOTAL COOLING RATE not valid for this simulation.
   **   ~~~   ** ..i.e., Variable name=VAV_1 HEATING COIL:COOLING COIL TOTAL COOLING RATE not valid for this simulation.
   ** Warning ** Processing Monthly Tabular Reports: CoilReportMonthly
   **   ~~~   ** ..Variable name=COOLING COIL SENSIBLE COOLING RATE not valid for this simulation.
   **   ~~~   ** ..i.e., Variable name=VAV_1 HEATING COIL:COOLING COIL SENSIBLE COOLING RATE not valid for this simulation.
   ** Warning ** Processing Monthly Tabular Reports: CoilReportMonthly
   **   ~~~   ** ..Variable name=COOLING COIL WETTED AREA FRACTION not valid for this simulation.
   **   ~~~   ** ..i.e., Variable name=VAV_1 HEATING COIL:COOLING COIL WETTED AREA FRACTION not valid for this simulation.
   ** Warning ** Processing Monthly Tabular Reports: CoilReportMonthly
   **   ~~~   ** ..Variable name=COOLING COIL TOTAL COOLING ENERGY not valid for this simulation.
   **   ~~~   ** ..i.e., Variable name=BASEMENT VAV BOX REHEAT COIL:COOLING COIL TOTAL COOLING ENERGY not valid for this simulation.
   ** Warning ** Processing Monthly Tabular Reports: CoilReportMonthly
   **   ~~~   ** ..Variable name=COOLING COIL SENSIBLE COOLING ENERGY not valid for this simulation.
   **   ~~~   ** ..i.e., Variable name=BASEMENT VAV BOX REHEAT COIL:COOLING COIL SENSIBLE COOLING ENERGY not valid for this simulation.
   ** Warning ** Processing Monthly Tabular Reports: CoilReportMonthly
   **   ~~~   ** ..Variable name=COOLING COIL TOTAL COOLING RATE not valid for this simulation.
   **   ~~~   ** ..i.e., Variable name=BASEMENT VAV BOX REHEAT COIL:COOLING COIL TOTAL COOLING RATE not valid for this simulation.
   ** Warning ** Processing Monthly Tabular Reports: CoilReportMonthly
   **   ~~~   ** ..Variable name=COOLING COIL SENSIBLE COOLING RATE not valid for this simulation.
   **   ~~~   ** ..i.e., Variable name=BASEMENT VAV BOX REHEAT COIL:COOLING COIL SENSIBLE COOLING RATE not valid for this simulation.
   ** Warning ** Processing Monthly Tabular Reports: CoilReportMonthly
   **   ~~~   ** ..Variable name=COOLING COIL WETTED AREA FRACTION not valid for this simulation.
   **   ~~~   ** ..i.e., Variable name=BASEMENT VAV BOX REHEAT COIL:COOLING COIL WETTED AREA FRACTION not valid for this simulation.
   ** Warning ** Processing Monthly Tabular Reports: CoilReportMonthly
   **   ~~~   ** ..Variable name=COOLING COIL TOTAL COOLING ENERGY not valid for this simulation.
   **   ~~~   ** ..i.e., Variable name=OFFICE1_MULT4_FLR_1 VAV BOX REHEAT COIL:COOLING COIL TOTAL COOLING ENERGY not valid for this simulation.
   ** Warning ** Processing Monthly Tabular Reports: CoilReportMonthly
   **   ~~~   ** ..Variable name=COOLING COIL SENSIBLE COOLING ENERGY not valid for this simulation.
   **   ~~~   ** ..i.e., Variable name=OFFICE1_MULT4_FLR_1 VAV BOX REHEAT COIL:COOLING COIL SENSIBLE COOLING ENERGY not valid for this simulation.
   ** Warning ** Processing Monthly Tabular Reports: CoilReportMonthly
   **   ~~~   ** ..Variable name=COOLING COIL TOTAL COOLING RATE not valid for this simulation.
   **   ~~~   ** ..i.e., Variable name=OFFICE1_MULT4_FLR_1 VAV BOX REHEAT COIL:COOLING COIL TOTAL COOLING RATE not valid for this simulation.
   ** Warning ** Processing Monthly Tabular Reports: CoilReportMonthly
   **   ~~~   ** ..Variable name=COOLING COIL SENSIBLE COOLING RATE not valid for this simulation.
   **   ~~~   ** ..i.e., Variable name=OFFICE1_MULT4_FLR_1 VAV BOX REHEAT COIL:COOLING COIL SENSIBLE COOLING RATE not valid for this simulation.
   ** Warning ** Processing Monthly Tabular Reports: CoilReportMonthly
   **   ~~~   ** ..Variable name=COOLING COIL WETTED AREA FRACTION not valid for this simulation.
   **   ~~~   ** ..i.e., Variable name=OFFICE1_MULT4_FLR_1 VAV BOX REHEAT COIL:COOLING COIL WETTED AREA FRACTION not valid for this simulation.
   ** Warning ** Processing Monthly Tabular Reports: CoilReportMonthly
   **   ~~~   ** ..Variable name=COOLING COIL TOTAL COOLING ENERGY not valid for this simulation.
   **   ~~~   ** ..i.e., Variable name=LOBBY_RECORDS_FLR_1 VAV BOX REHEAT COIL:COOLING COIL TOTAL COOLING ENERGY not valid for this simulation.
   ** Warning ** Processing Monthly Tabular Reports: CoilReportMonthly
   **   ~~~   ** ..Variable name=COOLING COIL SENSIBLE COOLING ENERGY not valid for this simulation.
   **   ~~~   ** ..i.e., Variable name=LOBBY_RECORDS_FLR_1 VAV BOX REHEAT COIL:COOLING COIL SENSIBLE COOLING ENERGY not valid for this simulation.
   ** Warning ** Processing Monthly Tabular Reports: CoilReportMonthly
   **   ~~~   ** ..Variable name=COOLING COIL TOTAL COOLING RATE not valid for this simulation.
   **   ~~~   ** ..i.e., Variable name=LOBBY_RECORDS_FLR_1 VAV BOX REHEAT COIL:COOLING COIL TOTAL COOLING RATE not valid for this simulation.
   ** Warning ** Processing Monthly Tabular Reports: CoilReportMonthly
   **   ~~~   ** ..Variable name=COOLING COIL SENSIBLE COOLING RATE not valid for this simulation.
   **   ~~~   ** ..i.e., Variable name=LOBBY_RECORDS_FLR_1 VAV BOX REHEAT COIL:COOLING COIL SENSIBLE COOLING RATE not valid for this simulation.
   ** Warning ** Processing Monthly Tabular Reports: CoilReportMonthly
   **   ~~~   ** ..Variable name=COOLING COIL WETTED AREA FRACTION not valid for this simulation.
   **   ~~~   ** ..i.e., Variable name=LOBBY_RECORDS_FLR_1 VAV BOX REHEAT COIL:COOLING COIL WETTED AREA FRACTION not valid for this simulation.
   ** Warning ** Processing Monthly Tabular Reports: CoilReportMonthly
   **   ~~~   ** ..Variable name=COOLING COIL TOTAL COOLING ENERGY not valid for this simulation.
   **   ~~~   ** ..i.e., Variable name=CORRIDOR_FLR_1 VAV BOX REHEAT COIL:COOLING COIL TOTAL COOLING ENERGY not valid for this simulation.
   ** Warning ** Processing Monthly Tabular Reports: CoilReportMonthly
   **   ~~~   ** ..Variable name=COOLING COIL SENSIBLE COOLING ENERGY not valid for this simulation.
   **   ~~~   ** ..i.e., Variable name=CORRIDOR_FLR_1 VAV BOX REHEAT COIL:COOLING COIL SENSIBLE COOLING ENERGY not valid for this simulation.
   ** Warning ** Processing Monthly Tabular Reports: CoilReportMonthly
   **   ~~~   ** ..Variable name=COOLING COIL TOTAL COOLING RATE not valid for this simulation.
   **   ~~~   ** ..i.e., Variable name=CORRIDOR_FLR_1 VAV BOX REHEAT COIL:COOLING COIL TOTAL COOLING RATE not valid for this simulation.
   ** Warning ** Processing Monthly Tabular Reports: CoilReportMonthly
   **   ~~~   ** ..Variable name=COOLING COIL SENSIBLE COOLING RATE not valid for this simulation.
   **   ~~~   ** ..i.e., Variable name=CORRIDOR_FLR_1 VAV BOX REHEAT COIL:COOLING COIL SENSIBLE COOLING RATE not valid for this simulation.
   ** Warning ** Processing Monthly Tabular Reports: CoilReportMonthly
   **   ~~~   ** ..Variable name=COOLING COIL WETTED AREA FRACTION not valid for this simulation.
   **   ~~~   ** ..i.e., Variable name=CORRIDOR_FLR_1 VAV BOX REHEAT COIL:COOLING COIL WETTED AREA FRACTION not valid for this simulation.
   ** Warning ** Processing Monthly Tabular Reports: CoilReportMonthly
   **   ~~~   ** ..Variable name=COOLING COIL TOTAL COOLING ENERGY not valid for this simulation.
   **   ~~~   ** ..i.e., Variable name=ER_NURSESTN_LOBBY_FLR_1 VAV BOX REHEAT COIL:COOLING COIL TOTAL COOLING ENERGY not valid for this simulation.
   ** Warning ** Processing Monthly Tabular Reports: CoilReportMonthly
   **   ~~~   ** ..Variable name=COOLING COIL SENSIBLE COOLING ENERGY not valid for this simulation.
   **   ~~~   ** ..i.e., Variable name=ER_NURSESTN_LOBBY_FLR_1 VAV BOX REHEAT COIL:COOLING COIL SENSIBLE COOLING ENERGY not valid for this simulation.
   ** Warning ** Processing Monthly Tabular Reports: CoilReportMonthly
   **   ~~~   ** ..Variable name=COOLING COIL TOTAL COOLING RATE not valid for this simulation.
   **   ~~~   ** ..i.e., Variable name=ER_NURSESTN_LOBBY_FLR_1 VAV BOX REHEAT COIL:COOLING COIL TOTAL COOLING RATE not valid for this simulation.
   ** Warning ** Processing Monthly Tabular Reports: CoilReportMonthly
   **   ~~~   ** ..Variable name=COOLING COIL SENSIBLE COOLING RATE not valid for this simulation.
   **   ~~~   ** ..i.e., Variable name=ER_NURSESTN_LOBBY_FLR_1 VAV BOX REHEAT COIL:COOLING COIL SENSIBLE COOLING RATE not valid for this simulation.
   ** Warning ** Processing Monthly Tabular Reports: CoilReportMonthly
   **   ~~~   ** ..Variable name=COOLING COIL WETTED AREA FRACTION not valid for this simulation.
   **   ~~~   ** ..i.e., Variable name=ER_NURSESTN_LOBBY_FLR_1 VAV BOX REHEAT COIL:COOLING COIL WETTED AREA FRACTION not valid for this simulation.
   ** Warning ** Processing Monthly Tabular Reports: CoilReportMonthly
   **   ~~~   ** ..Variable name=COOLING COIL TOTAL COOLING ENERGY not valid for this simulation.
   **   ~~~   ** ..i.e., Variable name=ICU_NURSESTN_LOBBY_FLR_2 VAV BOX REHEAT COIL:COOLING COIL TOTAL COOLING ENERGY not valid for this simulation.
   ** Warning ** Processing Monthly Tabular Reports: CoilReportMonthly
   **   ~~~   ** ..Variable name=COOLING COIL SENSIBLE COOLING ENERGY not valid for this simulation.
   **   ~~~   ** ..i.e., Variable name=ICU_NURSESTN_LOBBY_FLR_2 VAV BOX REHEAT COIL:COOLING COIL SENSIBLE COOLING ENERGY not valid for this simulation.
   ** Warning ** Processing Monthly Tabular Reports: CoilReportMonthly
   **   ~~~   ** ..Variable name=COOLING COIL TOTAL COOLING RATE not valid for this simulation.
   **   ~~~   ** ..i.e., Variable name=ICU_NURSESTN_LOBBY_FLR_2 VAV BOX REHEAT COIL:COOLING COIL TOTAL COOLING RATE not valid for this simulation.
   ** Warning ** Processing Monthly Tabular Reports: CoilReportMonthly
   **   ~~~   ** ..Variable name=COOLING COIL SENSIBLE COOLING RATE not valid for this simulation.
   **   ~~~   ** ..i.e., Variable name=ICU_NURSESTN_LOBBY_FLR_2 VAV BOX REHEAT COIL:COOLING COIL SENSIBLE COOLING RATE not valid for this simulation.
   ** Warning ** Processing Monthly Tabular Reports: CoilReportMonthly
   **   ~~~   ** ..Variable name=COOLING COIL WETTED AREA FRACTION not valid for this simulation.
   **   ~~~   ** ..i.e., Variable name=ICU_NURSESTN_LOBBY_FLR_2 VAV BOX REHEAT COIL:COOLING COIL WETTED AREA FRACTION not valid for this simulation.
   ** Warning ** Processing Monthly Tabular Reports: CoilReportMonthly
   **   ~~~   ** ..Variable name=COOLING COIL TOTAL COOLING ENERGY not valid for this simulation.
   **   ~~~   ** ..i.e., Variable name=CORRIDOR_FLR_2 VAV BOX REHEAT COIL:COOLING COIL TOTAL COOLING ENERGY not valid for this simulation.
   ** Warning ** Processing Monthly Tabular Reports: CoilReportMonthly
   **   ~~~   ** ..Variable name=COOLING COIL SENSIBLE COOLING ENERGY not valid for this simulation.
   **   ~~~   ** ..i.e., Variable name=CORRIDOR_FLR_2 VAV BOX REHEAT COIL:COOLING COIL SENSIBLE COOLING ENERGY not valid for this simulation.
   ** Warning ** Processing Monthly Tabular Reports: CoilReportMonthly
   **   ~~~   ** ..Variable name=COOLING COIL TOTAL COOLING RATE not valid for this simulation.
   **   ~~~   ** ..i.e., Variable name=CORRIDOR_FLR_2 VAV BOX REHEAT COIL:COOLING COIL TOTAL COOLING RATE not valid for this simulation.
   ** Warning ** Processing Monthly Tabular Reports: CoilReportMonthly
   **   ~~~   ** ..Variable name=COOLING COIL SENSIBLE COOLING RATE not valid for this simulation.
   **   ~~~   ** ..i.e., Variable name=CORRIDOR_FLR_2 VAV BOX REHEAT COIL:COOLING COIL SENSIBLE COOLING RATE not valid for this simulation.
   ** Warning ** Processing Monthly Tabular Reports: CoilReportMonthly
   **   ~~~   ** ..Variable name=COOLING COIL WETTED AREA FRACTION not valid for this simulation.
   **   ~~~   ** ..i.e., Variable name=CORRIDOR_FLR_2 VAV BOX REHEAT COIL:COOLING COIL WETTED AREA FRACTION not valid for this simulation.
   ** Warning ** Processing Monthly Tabular Reports: CoilReportMonthly
   **   ~~~   ** ..Variable name=COOLING COIL TOTAL COOLING ENERGY not valid for this simulation.
   **   ~~~   ** ..i.e., Variable name=OR_NURSESTN_LOBBY_FLR_2 VAV BOX REHEAT COIL:COOLING COIL TOTAL COOLING ENERGY not valid for this simulation.
   ** Warning ** Processing Monthly Tabular Reports: CoilReportMonthly
   **   ~~~   ** ..Variable name=COOLING COIL SENSIBLE COOLING ENERGY not valid for this simulation.
   **   ~~~   ** ..i.e., Variable name=OR_NURSESTN_LOBBY_FLR_2 VAV BOX REHEAT COIL:COOLING COIL SENSIBLE COOLING ENERGY not valid for this simulation.
   ** Warning ** Processing Monthly Tabular Reports: CoilReportMonthly
   **   ~~~   ** ..Variable name=COOLING COIL TOTAL COOLING RATE not valid for this simulation.
   **   ~~~   ** ..i.e., Variable name=OR_NURSESTN_LOBBY_FLR_2 VAV BOX REHEAT COIL:COOLING COIL TOTAL COOLING RATE not valid for this simulation.
   ** Warning ** Processing Monthly Tabular Reports: CoilReportMonthly
   **   ~~~   ** ..Variable name=COOLING COIL SENSIBLE COOLING RATE not valid for this simulation.
   **   ~~~   ** ..i.e., Variable name=OR_NURSESTN_LOBBY_FLR_2 VAV BOX REHEAT COIL:COOLING COIL SENSIBLE COOLING RATE not valid for this simulation.
   ** Warning ** Processing Monthly Tabular Reports: CoilReportMonthly
   **   ~~~   ** ..Variable name=COOLING COIL WETTED AREA FRACTION not valid for this simulation.
   **   ~~~   ** ..i.e., Variable name=OR_NURSESTN_LOBBY_FLR_2 VAV BOX REHEAT COIL:COOLING COIL WETTED AREA FRACTION not valid for this simulation.
   ** Warning ** Processing Monthly Tabular Reports: CoilReportMonthly
   **   ~~~   ** ..Variable name=COOLING COIL TOTAL COOLING ENERGY not valid for this simulation.
   **   ~~~   ** ..i.e., Variable name=VAV_2 HEATING COIL:COOLING COIL TOTAL COOLING ENERGY not valid for this simulation.
   ** Warning ** Processing Monthly Tabular Reports: CoilReportMonthly
   **   ~~~   ** ..Variable name=COOLING COIL SENSIBLE COOLING ENERGY not valid for this simulation.
   **   ~~~   ** ..i.e., Variable name=VAV_2 HEATING COIL:COOLING COIL SENSIBLE COOLING ENERGY not valid for this simulation.
   ** Warning ** Processing Monthly Tabular Reports: CoilReportMonthly
   **   ~~~   ** ..Variable name=COOLING COIL TOTAL COOLING RATE not valid for this simulation.
   **   ~~~   ** ..i.e., Variable name=VAV_2 HEATING COIL:COOLING COIL TOTAL COOLING RATE not valid for this simulation.
   ** Warning ** Processing Monthly Tabular Reports: CoilReportMonthly
   **   ~~~   ** ..Variable name=COOLING COIL SENSIBLE COOLING RATE not valid for this simulation.
   **   ~~~   ** ..i.e., Variable name=VAV_2 HEATING COIL:COOLING COIL SENSIBLE COOLING RATE not valid for this simulation.
   ** Warning ** Processing Monthly Tabular Reports: CoilReportMonthly
   **   ~~~   ** ..Variable name=COOLING COIL WETTED AREA FRACTION not valid for this simulation.
   **   ~~~   ** ..i.e., Variable name=VAV_2 HEATING COIL:COOLING COIL WETTED AREA FRACTION not valid for this simulation.
   ** Warning ** Processing Monthly Tabular Reports: CoilReportMonthly
   **   ~~~   ** ..Variable name=COOLING COIL TOTAL COOLING ENERGY not valid for this simulation.
   **   ~~~   ** ..i.e., Variable name=PHYSTHERAPY_FLR_3 VAV BOX REHEAT COIL:COOLING COIL TOTAL COOLING ENERGY not valid for this simulation.
   ** Warning ** Processing Monthly Tabular Reports: CoilReportMonthly
   **   ~~~   ** ..Variable name=COOLING COIL SENSIBLE COOLING ENERGY not valid for this simulation.
   **   ~~~   ** ..i.e., Variable name=PHYSTHERAPY_FLR_3 VAV BOX REHEAT COIL:COOLING COIL SENSIBLE COOLING ENERGY not valid for this simulation.
   ** Warning ** Processing Monthly Tabular Reports: CoilReportMonthly
   **   ~~~   ** ..Variable name=COOLING COIL TOTAL COOLING RATE not valid for this simulation.
   **   ~~~   ** ..i.e., Variable name=PHYSTHERAPY_FLR_3 VAV BOX REHEAT COIL:COOLING COIL TOTAL COOLING RATE not valid for this simulation.
   ** Warning ** Processing Monthly Tabular Reports: CoilReportMonthly
   **   ~~~   ** ..Variable name=COOLING COIL SENSIBLE COOLING RATE not valid for this simulation.
   **   ~~~   ** ..i.e., Variable name=PHYSTHERAPY_FLR_3 VAV BOX REHEAT COIL:COOLING COIL SENSIBLE COOLING RATE not valid for this simulation.
   ** Warning ** Processing Monthly Tabular Reports: CoilReportMonthly
   **   ~~~   ** ..Variable name=COOLING COIL WETTED AREA FRACTION not valid for this simulation.
   **   ~~~   ** ..i.e., Variable name=PHYSTHERAPY_FLR_3 VAV BOX REHEAT COIL:COOLING COIL WETTED AREA FRACTION not valid for this simulation.
   ** Warning ** Processing Monthly Tabular Reports: CoilReportMonthly
   **   ~~~   ** ..Variable name=COOLING COIL TOTAL COOLING ENERGY not valid for this simulation.
   **   ~~~   ** ..i.e., Variable name=NURSESTN_LOBBY_FLR_3 VAV BOX REHEAT COIL:COOLING COIL TOTAL COOLING ENERGY not valid for this simulation.
   ** Warning ** Processing Monthly Tabular Reports: CoilReportMonthly
   **   ~~~   ** ..Variable name=COOLING COIL SENSIBLE COOLING ENERGY not valid for this simulation.
   **   ~~~   ** ..i.e., Variable name=NURSESTN_LOBBY_FLR_3 VAV BOX REHEAT COIL:COOLING COIL SENSIBLE COOLING ENERGY not valid for this simulation.
   ** Warning ** Processing Monthly Tabular Reports: CoilReportMonthly
   **   ~~~   ** ..Variable name=COOLING COIL TOTAL COOLING RATE not valid for this simulation.
   **   ~~~   ** ..i.e., Variable name=NURSESTN_LOBBY_FLR_3 VAV BOX REHEAT COIL:COOLING COIL TOTAL COOLING RATE not valid for this simulation.
   ** Warning ** Processing Monthly Tabular Reports: CoilReportMonthly
   **   ~~~   ** ..Variable name=COOLING COIL SENSIBLE COOLING RATE not valid for this simulation.
   **   ~~~   ** ..i.e., Variable name=NURSESTN_LOBBY_FLR_3 VAV BOX REHEAT COIL:COOLING COIL SENSIBLE COOLING RATE not valid for this simulation.
   ** Warning ** Processing Monthly Tabular Reports: CoilReportMonthly
   **   ~~~   ** ..Variable name=COOLING COIL WETTED AREA FRACTION not valid for this simulation.
   **   ~~~   ** ..i.e., Variable name=NURSESTN_LOBBY_FLR_3 VAV BOX REHEAT COIL:COOLING COIL WETTED AREA FRACTION not valid for this simulation.
   ** Warning ** Processing Monthly Tabular Reports: CoilReportMonthly
   **   ~~~   ** ..Variable name=COOLING COIL TOTAL COOLING ENERGY not valid for this simulation.
   **   ~~~   ** ..i.e., Variable name=CORRIDOR_SE_FLR_3 VAV BOX REHEAT COIL:COOLING COIL TOTAL COOLING ENERGY not valid for this simulation.
   ** Warning ** Processing Monthly Tabular Reports: CoilReportMonthly
   **   ~~~   ** ..Variable name=COOLING COIL SENSIBLE COOLING ENERGY not valid for this simulation.
   **   ~~~   ** ..i.e., Variable name=CORRIDOR_SE_FLR_3 VAV BOX REHEAT COIL:COOLING COIL SENSIBLE COOLING ENERGY not valid for this simulation.
   ** Warning ** Processing Monthly Tabular Reports: CoilReportMonthly
   **   ~~~   ** ..Variable name=COOLING COIL TOTAL COOLING RATE not valid for this simulation.
   **   ~~~   ** ..i.e., Variable name=CORRIDOR_SE_FLR_3 VAV BOX REHEAT COIL:COOLING COIL TOTAL COOLING RATE not valid for this simulation.
   ** Warning ** Processing Monthly Tabular Reports: CoilReportMonthly
   **   ~~~   ** ..Variable name=COOLING COIL SENSIBLE COOLING RATE not valid for this simulation.
   **   ~~~   ** ..i.e., Variable name=CORRIDOR_SE_FLR_3 VAV BOX REHEAT COIL:COOLING COIL SENSIBLE COOLING RATE not valid for this simulation.
   ** Warning ** Processing Monthly Tabular Reports: CoilReportMonthly
   **   ~~~   ** ..Variable name=COOLING COIL WETTED AREA FRACTION not valid for this simulation.
   **   ~~~   ** ..i.e., Variable name=CORRIDOR_SE_FLR_3 VAV BOX REHEAT COIL:COOLING COIL WETTED AREA FRACTION not valid for this simulation.
   ** Warning ** Processing Monthly Tabular Reports: CoilReportMonthly
   **   ~~~   ** ..Variable name=COOLING COIL TOTAL COOLING ENERGY not valid for this simulation.
   **   ~~~   ** ..i.e., Variable name=CORRIDOR_NW_FLR_3 VAV BOX REHEAT COIL:COOLING COIL TOTAL COOLING ENERGY not valid for this simulation.
   ** Warning ** Processing Monthly Tabular Reports: CoilReportMonthly
   **   ~~~   ** ..Variable name=COOLING COIL SENSIBLE COOLING ENERGY not valid for this simulation.
   **   ~~~   ** ..i.e., Variable name=CORRIDOR_NW_FLR_3 VAV BOX REHEAT COIL:COOLING COIL SENSIBLE COOLING ENERGY not valid for this simulation.
   ** Warning ** Processing Monthly Tabular Reports: CoilReportMonthly
   **   ~~~   ** ..Variable name=COOLING COIL TOTAL COOLING RATE not valid for this simulation.
   **   ~~~   ** ..i.e., Variable name=CORRIDOR_NW_FLR_3 VAV BOX REHEAT COIL:COOLING COIL TOTAL COOLING RATE not valid for this simulation.
   ** Warning ** Processing Monthly Tabular Reports: CoilReportMonthly
   **   ~~~   ** ..Variable name=COOLING COIL SENSIBLE COOLING RATE not valid for this simulation.
   **   ~~~   ** ..i.e., Variable name=CORRIDOR_NW_FLR_3 VAV BOX REHEAT COIL:COOLING COIL SENSIBLE COOLING RATE not valid for this simulation.
   ** Warning ** Processing Monthly Tabular Reports: CoilReportMonthly
   **   ~~~   ** ..Variable name=COOLING COIL WETTED AREA FRACTION not valid for this simulation.
   **   ~~~   ** ..i.e., Variable name=CORRIDOR_NW_FLR_3 VAV BOX REHEAT COIL:COOLING COIL WETTED AREA FRACTION not valid for this simulation.
   ** Warning ** Processing Monthly Tabular Reports: CoilReportMonthly
   **   ~~~   ** ..Variable name=COOLING COIL TOTAL COOLING ENERGY not valid for this simulation.
   **   ~~~   ** ..i.e., Variable name=RADIOLOGY_FLR_4 VAV BOX REHEAT COIL:COOLING COIL TOTAL COOLING ENERGY not valid for this simulation.
   ** Warning ** Processing Monthly Tabular Reports: CoilReportMonthly
   **   ~~~   ** ..Variable name=COOLING COIL SENSIBLE COOLING ENERGY not valid for this simulation.
   **   ~~~   ** ..i.e., Variable name=RADIOLOGY_FLR_4 VAV BOX REHEAT COIL:COOLING COIL SENSIBLE COOLING ENERGY not valid for this simulation.
   ** Warning ** Processing Monthly Tabular Reports: CoilReportMonthly
   **   ~~~   ** ..Variable name=COOLING COIL TOTAL COOLING RATE not valid for this simulation.
   **   ~~~   ** ..i.e., Variable name=RADIOLOGY_FLR_4 VAV BOX REHEAT COIL:COOLING COIL TOTAL COOLING RATE not valid for this simulation.
   ** Warning ** Processing Monthly Tabular Reports: CoilReportMonthly
   **   ~~~   ** ..Variable name=COOLING COIL SENSIBLE COOLING RATE not valid for this simulation.
   **   ~~~   ** ..i.e., Variable name=RADIOLOGY_FLR_4 VAV BOX REHEAT COIL:COOLING COIL SENSIBLE COOLING RATE not valid for this simulation.
   ** Warning ** Processing Monthly Tabular Reports: CoilReportMonthly
   **   ~~~   ** ..Variable name=COOLING COIL WETTED AREA FRACTION not valid for this simulation.
   **   ~~~   ** ..i.e., Variable name=RADIOLOGY_FLR_4 VAV BOX REHEAT COIL:COOLING COIL WETTED AREA FRACTION not valid for this simulation.
   ** Warning ** Processing Monthly Tabular Reports: CoilReportMonthly
   **   ~~~   ** ..Variable name=COOLING COIL TOTAL COOLING ENERGY not valid for this simulation.
   **   ~~~   ** ..i.e., Variable name=NURSESTN_LOBBY_FLR_4 VAV BOX REHEAT COIL:COOLING COIL TOTAL COOLING ENERGY not valid for this simulation.
   ** Warning ** Processing Monthly Tabular Reports: CoilReportMonthly
   **   ~~~   ** ..Variable name=COOLING COIL SENSIBLE COOLING ENERGY not valid for this simulation.
   **   ~~~   ** ..i.e., Variable name=NURSESTN_LOBBY_FLR_4 VAV BOX REHEAT COIL:COOLING COIL SENSIBLE COOLING ENERGY not valid for this simulation.
   ** Warning ** Processing Monthly Tabular Reports: CoilReportMonthly
   **   ~~~   ** ..Variable name=COOLING COIL TOTAL COOLING RATE not valid for this simulation.
   **   ~~~   ** ..i.e., Variable name=NURSESTN_LOBBY_FLR_4 VAV BOX REHEAT COIL:COOLING COIL TOTAL COOLING RATE not valid for this simulation.
   ** Warning ** Processing Monthly Tabular Reports: CoilReportMonthly
   **   ~~~   ** ..Variable name=COOLING COIL SENSIBLE COOLING RATE not valid for this simulation.
   **   ~~~   ** ..i.e., Variable name=NURSESTN_LOBBY_FLR_4 VAV BOX REHEAT COIL:COOLING COIL SENSIBLE COOLING RATE not valid for this simulation.
   ** Warning ** Processing Monthly Tabular Reports: CoilReportMonthly
   **   ~~~   ** ..Variable name=COOLING COIL WETTED AREA FRACTION not valid for this simulation.
   **   ~~~   ** ..i.e., Variable name=NURSESTN_LOBBY_FLR_4 VAV BOX REHEAT COIL:COOLING COIL WETTED AREA FRACTION not valid for this simulation.
   ** Warning ** Processing Monthly Tabular Reports: CoilReportMonthly
   **   ~~~   ** ..Variable name=COOLING COIL TOTAL COOLING ENERGY not valid for this simulation.
   **   ~~~   ** ..i.e., Variable name=CORRIDOR_SE_FLR_4 VAV BOX REHEAT COIL:COOLING COIL TOTAL COOLING ENERGY not valid for this simulation.
   ** Warning ** Processing Monthly Tabular Reports: CoilReportMonthly
   **   ~~~   ** ..Variable name=COOLING COIL SENSIBLE COOLING ENERGY not valid for this simulation.
   **   ~~~   ** ..i.e., Variable name=CORRIDOR_SE_FLR_4 VAV BOX REHEAT COIL:COOLING COIL SENSIBLE COOLING ENERGY not valid for this simulation.
   ** Warning ** Processing Monthly Tabular Reports: CoilReportMonthly
   **   ~~~   ** ..Variable name=COOLING COIL TOTAL COOLING RATE not valid for this simulation.
   **   ~~~   ** ..i.e., Variable name=CORRIDOR_SE_FLR_4 VAV BOX REHEAT COIL:COOLING COIL TOTAL COOLING RATE not valid for this simulation.
   ** Warning ** Processing Monthly Tabular Reports: CoilReportMonthly
   **   ~~~   ** ..Variable name=COOLING COIL SENSIBLE COOLING RATE not valid for this simulation.
   **   ~~~   ** ..i.e., Variable name=CORRIDOR_SE_FLR_4 VAV BOX REHEAT COIL:COOLING COIL SENSIBLE COOLING RATE not valid for this simulation.
   ** Warning ** Processing Monthly Tabular Reports: CoilReportMonthly
   **   ~~~   ** ..Variable name=COOLING COIL WETTED AREA FRACTION not valid for this simulation.
   **   ~~~   ** ..i.e., Variable name=CORRIDOR_SE_FLR_4 VAV BOX REHEAT COIL:COOLING COIL WETTED AREA FRACTION not valid for this simulation.
   ** Warning ** Processing Monthly Tabular Reports: CoilReportMonthly
   **   ~~~   ** ..Variable name=COOLING COIL TOTAL COOLING ENERGY not valid for this simulation.
   **   ~~~   ** ..i.e., Variable name=CORRIDOR_NW_FLR_4 VAV BOX REHEAT COIL:COOLING COIL TOTAL COOLING ENERGY not valid for this simulation.
   ** Warning ** Processing Monthly Tabular Reports: CoilReportMonthly
   **   ~~~   ** ..Variable name=COOLING COIL SENSIBLE COOLING ENERGY not valid for this simulation.
   **   ~~~   ** ..i.e., Variable name=CORRIDOR_NW_FLR_4 VAV BOX REHEAT COIL:COOLING COIL SENSIBLE COOLING ENERGY not valid for this simulation.
   ** Warning ** Processing Monthly Tabular Reports: CoilReportMonthly
   **   ~~~   ** ..Variable name=COOLING COIL TOTAL COOLING RATE not valid for this simulation.
   **   ~~~   ** ..i.e., Variable name=CORRIDOR_NW_FLR_4 VAV BOX REHEAT COIL:COOLING COIL TOTAL COOLING RATE not valid for this simulation.
   ** Warning ** Processing Monthly Tabular Reports: CoilReportMonthly
   **   ~~~   ** ..Variable name=COOLING COIL SENSIBLE COOLING RATE not valid for this simulation.
   **   ~~~   ** ..i.e., Variable name=CORRIDOR_NW_FLR_4 VAV BOX REHEAT COIL:COOLING COIL SENSIBLE COOLING RATE not valid for this simulation.
   ** Warning ** Processing Monthly Tabular Reports: CoilReportMonthly
   **   ~~~   ** ..Variable name=COOLING COIL WETTED AREA FRACTION not valid for this simulation.
   **   ~~~   ** ..i.e., Variable name=CORRIDOR_NW_FLR_4 VAV BOX REHEAT COIL:COOLING COIL WETTED AREA FRACTION not valid for this simulation.
   ** Warning ** Processing Monthly Tabular Reports: CoilReportMonthly
   **   ~~~   ** ..Variable name=COOLING COIL TOTAL COOLING ENERGY not valid for this simulation.
   **   ~~~   ** ..i.e., Variable name=DINING_FLR_5 VAV BOX REHEAT COIL:COOLING COIL TOTAL COOLING ENERGY not valid for this simulation.
   ** Warning ** Processing Monthly Tabular Reports: CoilReportMonthly
   **   ~~~   ** ..Variable name=COOLING COIL SENSIBLE COOLING ENERGY not valid for this simulation.
   **   ~~~   ** ..i.e., Variable name=DINING_FLR_5 VAV BOX REHEAT COIL:COOLING COIL SENSIBLE COOLING ENERGY not valid for this simulation.
   ** Warning ** Processing Monthly Tabular Reports: CoilReportMonthly
   **   ~~~   ** ..Variable name=COOLING COIL TOTAL COOLING RATE not valid for this simulation.
   **   ~~~   ** ..i.e., Variable name=DINING_FLR_5 VAV BOX REHEAT COIL:COOLING COIL TOTAL COOLING RATE not valid for this simulation.
   ** Warning ** Processing Monthly Tabular Reports: CoilReportMonthly
   **   ~~~   ** ..Variable name=COOLING COIL SENSIBLE COOLING RATE not valid for this simulation.
   **   ~~~   ** ..i.e., Variable name=DINING_FLR_5 VAV BOX REHEAT COIL:COOLING COIL SENSIBLE COOLING RATE not valid for this simulation.
   ** Warning ** Processing Monthly Tabular Reports: CoilReportMonthly
   **   ~~~   ** ..Variable name=COOLING COIL WETTED AREA FRACTION not valid for this simulation.
   **   ~~~   ** ..i.e., Variable name=DINING_FLR_5 VAV BOX REHEAT COIL:COOLING COIL WETTED AREA FRACTION not valid for this simulation.
   ** Warning ** Processing Monthly Tabular Reports: CoilReportMonthly
   **   ~~~   ** ..Variable name=COOLING COIL TOTAL COOLING ENERGY not valid for this simulation.
   **   ~~~   ** ..i.e., Variable name=NURSESTN_LOBBY_FLR_5 VAV BOX REHEAT COIL:COOLING COIL TOTAL COOLING ENERGY not valid for this simulation.
   ** Warning ** Processing Monthly Tabular Reports: CoilReportMonthly
   **   ~~~   ** ..Variable name=COOLING COIL SENSIBLE COOLING ENERGY not valid for this simulation.
   **   ~~~   ** ..i.e., Variable name=NURSESTN_LOBBY_FLR_5 VAV BOX REHEAT COIL:COOLING COIL SENSIBLE COOLING ENERGY not valid for this simulation.
   ** Warning ** Processing Monthly Tabular Reports: CoilReportMonthly
   **   ~~~   ** ..Variable name=COOLING COIL TOTAL COOLING RATE not valid for this simulation.
   **   ~~~   ** ..i.e., Variable name=NURSESTN_LOBBY_FLR_5 VAV BOX REHEAT COIL:COOLING COIL TOTAL COOLING RATE not valid for this simulation.
   ** Warning ** Processing Monthly Tabular Reports: CoilReportMonthly
   **   ~~~   ** ..Variable name=COOLING COIL SENSIBLE COOLING RATE not valid for this simulation.
   **   ~~~   ** ..i.e., Variable name=NURSESTN_LOBBY_FLR_5 VAV BOX REHEAT COIL:COOLING COIL SENSIBLE COOLING RATE not valid for this simulation.
   ** Warning ** Processing Monthly Tabular Reports: CoilReportMonthly
   **   ~~~   ** ..Variable name=COOLING COIL WETTED AREA FRACTION not valid for this simulation.
   **   ~~~   ** ..i.e., Variable name=NURSESTN_LOBBY_FLR_5 VAV BOX REHEAT COIL:COOLING COIL WETTED AREA FRACTION not valid for this simulation.
   ** Warning ** Processing Monthly Tabular Reports: CoilReportMonthly
   **   ~~~   ** ..Variable name=COOLING COIL TOTAL COOLING ENERGY not valid for this simulation.
   **   ~~~   ** ..i.e., Variable name=OFFICE1_FLR_5 VAV BOX REHEAT COIL:COOLING COIL TOTAL COOLING ENERGY not valid for this simulation.
   ** Warning ** Processing Monthly Tabular Reports: CoilReportMonthly
   **   ~~~   ** ..Variable name=COOLING COIL SENSIBLE COOLING ENERGY not valid for this simulation.
   **   ~~~   ** ..i.e., Variable name=OFFICE1_FLR_5 VAV BOX REHEAT COIL:COOLING COIL SENSIBLE COOLING ENERGY not valid for this simulation.
   ** Warning ** Processing Monthly Tabular Reports: CoilReportMonthly
   **   ~~~   ** ..Variable name=COOLING COIL TOTAL COOLING RATE not valid for this simulation.
   **   ~~~   ** ..i.e., Variable name=OFFICE1_FLR_5 VAV BOX REHEAT COIL:COOLING COIL TOTAL COOLING RATE not valid for this simulation.
   ** Warning ** Processing Monthly Tabular Reports: CoilReportMonthly
   **   ~~~   ** ..Variable name=COOLING COIL SENSIBLE COOLING RATE not valid for this simulation.
   **   ~~~   ** ..i.e., Variable name=OFFICE1_FLR_5 VAV BOX REHEAT COIL:COOLING COIL SENSIBLE COOLING RATE not valid for this simulation.
   ** Warning ** Processing Monthly Tabular Reports: CoilReportMonthly
   **   ~~~   ** ..Variable name=COOLING COIL WETTED AREA FRACTION not valid for this simulation.
   **   ~~~   ** ..i.e., Variable name=OFFICE1_FLR_5 VAV BOX REHEAT COIL:COOLING COIL WETTED AREA FRACTION not valid for this simulation.
   ** Warning ** Processing Monthly Tabular Reports: CoilReportMonthly
   **   ~~~   ** ..Variable name=COOLING COIL TOTAL COOLING ENERGY not valid for this simulation.
   **   ~~~   ** ..i.e., Variable name=OFFICE2_MULT5_FLR_5 VAV BOX REHEAT COIL:COOLING COIL TOTAL COOLING ENERGY not valid for this simulation.
   ** Warning ** Processing Monthly Tabular Reports: CoilReportMonthly
   **   ~~~   ** ..Variable name=COOLING COIL SENSIBLE COOLING ENERGY not valid for this simulation.
   **   ~~~   ** ..i.e., Variable name=OFFICE2_MULT5_FLR_5 VAV BOX REHEAT COIL:COOLING COIL SENSIBLE COOLING ENERGY not valid for this simulation.
   ** Warning ** Processing Monthly Tabular Reports: CoilReportMonthly
   **   ~~~   ** ..Variable name=COOLING COIL TOTAL COOLING RATE not valid for this simulation.
   **   ~~~   ** ..i.e., Variable name=OFFICE2_MULT5_FLR_5 VAV BOX REHEAT COIL:COOLING COIL TOTAL COOLING RATE not valid for this simulation.
   ** Warning ** Processing Monthly Tabular Reports: CoilReportMonthly
   **   ~~~   ** ..Variable name=COOLING COIL SENSIBLE COOLING RATE not valid for this simulation.
   **   ~~~   ** ..i.e., Variable name=OFFICE2_MULT5_FLR_5 VAV BOX REHEAT COIL:COOLING COIL SENSIBLE COOLING RATE not valid for this simulation.
   ** Warning ** Processing Monthly Tabular Reports: CoilReportMonthly
   **   ~~~   ** ..Variable name=COOLING COIL WETTED AREA FRACTION not valid for this simulation.
   **   ~~~   ** ..i.e., Variable name=OFFICE2_MULT5_FLR_5 VAV BOX REHEAT COIL:COOLING COIL WETTED AREA FRACTION not valid for this simulation.
   ** Warning ** Processing Monthly Tabular Reports: CoilReportMonthly
   **   ~~~   ** ..Variable name=COOLING COIL TOTAL COOLING ENERGY not valid for this simulation.
   **   ~~~   ** ..i.e., Variable name=OFFICE3_FLR_5 VAV BOX REHEAT COIL:COOLING COIL TOTAL COOLING ENERGY not valid for this simulation.
   ** Warning ** Processing Monthly Tabular Reports: CoilReportMonthly
   **   ~~~   ** ..Variable name=COOLING COIL SENSIBLE COOLING ENERGY not valid for this simulation.
   **   ~~~   ** ..i.e., Variable name=OFFICE3_FLR_5 VAV BOX REHEAT COIL:COOLING COIL SENSIBLE COOLING ENERGY not valid for this simulation.
   ** Warning ** Processing Monthly Tabular Reports: CoilReportMonthly
   **   ~~~   ** ..Variable name=COOLING COIL TOTAL COOLING RATE not valid for this simulation.
   **   ~~~   ** ..i.e., Variable name=OFFICE3_FLR_5 VAV BOX REHEAT COIL:COOLING COIL TOTAL COOLING RATE not valid for this simulation.
   ** Warning ** Processing Monthly Tabular Reports: CoilReportMonthly
   **   ~~~   ** ..Variable name=COOLING COIL SENSIBLE COOLING RATE not valid for this simulation.
   **   ~~~   ** ..i.e., Variable name=OFFICE3_FLR_5 VAV BOX REHEAT COIL:COOLING COIL SENSIBLE COOLING RATE not valid for this simulation.
   ** Warning ** Processing Monthly Tabular Reports: CoilReportMonthly
   **   ~~~   ** ..Variable name=COOLING COIL WETTED AREA FRACTION not valid for this simulation.
   **   ~~~   ** ..i.e., Variable name=OFFICE3_FLR_5 VAV BOX REHEAT COIL:COOLING COIL WETTED AREA FRACTION not valid for this simulation.
   ** Warning ** Processing Monthly Tabular Reports: CoilReportMonthly
   **   ~~~   ** ..Variable name=COOLING COIL TOTAL COOLING ENERGY not valid for this simulation.
   **   ~~~   ** ..i.e., Variable name=OFFICE4_MULT6_FLR_5 VAV BOX REHEAT COIL:COOLING COIL TOTAL COOLING ENERGY not valid for this simulation.
   ** Warning ** Processing Monthly Tabular Reports: CoilReportMonthly
   **   ~~~   ** ..Variable name=COOLING COIL SENSIBLE COOLING ENERGY not valid for this simulation.
   **   ~~~   ** ..i.e., Variable name=OFFICE4_MULT6_FLR_5 VAV BOX REHEAT COIL:COOLING COIL SENSIBLE COOLING ENERGY not valid for this simulation.
   ** Warning ** Processing Monthly Tabular Reports: CoilReportMonthly
   **   ~~~   ** ..Variable name=COOLING COIL TOTAL COOLING RATE not valid for this simulation.
   **   ~~~   ** ..i.e., Variable name=OFFICE4_MULT6_FLR_5 VAV BOX REHEAT COIL:COOLING COIL TOTAL COOLING RATE not valid for this simulation.
   ** Warning ** Processing Monthly Tabular Reports: CoilReportMonthly
   **   ~~~   ** ..Variable name=COOLING COIL SENSIBLE COOLING RATE not valid for this simulation.
   **   ~~~   ** ..i.e., Variable name=OFFICE4_MULT6_FLR_5 VAV BOX REHEAT COIL:COOLING COIL SENSIBLE COOLING RATE not valid for this simulation.
   ** Warning ** Processing Monthly Tabular Reports: CoilReportMonthly
   **   ~~~   ** ..Variable name=COOLING COIL WETTED AREA FRACTION not valid for this simulation.
   **   ~~~   ** ..i.e., Variable name=OFFICE4_MULT6_FLR_5 VAV BOX REHEAT COIL:COOLING COIL WETTED AREA FRACTION not valid for this simulation.
   ** Warning ** Processing Monthly Tabular Reports: CoilReportMonthly
   **   ~~~   ** ..Variable name=COOLING COIL TOTAL COOLING ENERGY not valid for this simulation.
   **   ~~~   ** ..i.e., Variable name=CORRIDOR_FLR_5 VAV BOX REHEAT COIL:COOLING COIL TOTAL COOLING ENERGY not valid for this simulation.
   ** Warning ** Processing Monthly Tabular Reports: CoilReportMonthly
   **   ~~~   ** ..Variable name=COOLING COIL SENSIBLE COOLING ENERGY not valid for this simulation.
   **   ~~~   ** ..i.e., Variable name=CORRIDOR_FLR_5 VAV BOX REHEAT COIL:COOLING COIL SENSIBLE COOLING ENERGY not valid for this simulation.
   ** Warning ** Processing Monthly Tabular Reports: CoilReportMonthly
   **   ~~~   ** ..Variable name=COOLING COIL TOTAL COOLING RATE not valid for this simulation.
   **   ~~~   ** ..i.e., Variable name=CORRIDOR_FLR_5 VAV BOX REHEAT COIL:COOLING COIL TOTAL COOLING RATE not valid for this simulation.
   ** Warning ** Processing Monthly Tabular Reports: CoilReportMonthly
   **   ~~~   ** ..Variable name=COOLING COIL SENSIBLE COOLING RATE not valid for this simulation.
   **   ~~~   ** ..i.e., Variable name=CORRIDOR_FLR_5 VAV BOX REHEAT COIL:COOLING COIL SENSIBLE COOLING RATE not valid for this simulation.
   ** Warning ** Processing Monthly Tabular Reports: CoilReportMonthly
   **   ~~~   ** ..Variable name=COOLING COIL WETTED AREA FRACTION not valid for this simulation.
   **   ~~~   ** ..i.e., Variable name=CORRIDOR_FLR_5 VAV BOX REHEAT COIL:COOLING COIL WETTED AREA FRACTION not valid for this simulation.
   ** Warning ** Processing Monthly Tabular Reports: CoilReportMonthly
   **   ~~~   ** ..Variable name=COOLING COIL TOTAL COOLING ENERGY not valid for this simulation.
   **   ~~~   ** ..i.e., Variable name=VAV_ER HEATING COIL:COOLING COIL TOTAL COOLING ENERGY not valid for this simulation.
   ** Warning ** Processing Monthly Tabular Reports: CoilReportMonthly
   **   ~~~   ** ..Variable name=COOLING COIL SENSIBLE COOLING ENERGY not valid for this simulation.
   **   ~~~   ** ..i.e., Variable name=VAV_ER HEATING COIL:COOLING COIL SENSIBLE COOLING ENERGY not valid for this simulation.
   ** Warning ** Processing Monthly Tabular Reports: CoilReportMonthly
   **   ~~~   ** ..Variable name=COOLING COIL TOTAL COOLING RATE not valid for this simulation.
   **   ~~~   ** ..i.e., Variable name=VAV_ER HEATING COIL:COOLING COIL TOTAL COOLING RATE not valid for this simulation.
   ** Warning ** Processing Monthly Tabular Reports: CoilReportMonthly
   **   ~~~   ** ..Variable name=COOLING COIL SENSIBLE COOLING RATE not valid for this simulation.
   **   ~~~   ** ..i.e., Variable name=VAV_ER HEATING COIL:COOLING COIL SENSIBLE COOLING RATE not valid for this simulation.
   ** Warning ** Processing Monthly Tabular Reports: CoilReportMonthly
   **   ~~~   ** ..Variable name=COOLING COIL WETTED AREA FRACTION not valid for this simulation.
   **   ~~~   ** ..i.e., Variable name=VAV_ER HEATING COIL:COOLING COIL WETTED AREA FRACTION not valid for this simulation.
   ** Warning ** Processing Monthly Tabular Reports: CoilReportMonthly
   **   ~~~   ** ..Variable name=COOLING COIL TOTAL COOLING ENERGY not valid for this simulation.
   **   ~~~   ** ..i.e., Variable name=ER_EXAM1_MULT4_FLR_1 VAV BOX REHEAT COIL:COOLING COIL TOTAL COOLING ENERGY not valid for this simulation.
   ** Warning ** Processing Monthly Tabular Reports: CoilReportMonthly
   **   ~~~   ** ..Variable name=COOLING COIL SENSIBLE COOLING ENERGY not valid for this simulation.
   **   ~~~   ** ..i.e., Variable name=ER_EXAM1_MULT4_FLR_1 VAV BOX REHEAT COIL:COOLING COIL SENSIBLE COOLING ENERGY not valid for this simulation.
   ** Warning ** Processing Monthly Tabular Reports: CoilReportMonthly
   **   ~~~   ** ..Variable name=COOLING COIL TOTAL COOLING RATE not valid for this simulation.
   **   ~~~   ** ..i.e., Variable name=ER_EXAM1_MULT4_FLR_1 VAV BOX REHEAT COIL:COOLING COIL TOTAL COOLING RATE not valid for this simulation.
   ** Warning ** Processing Monthly Tabular Reports: CoilReportMonthly
   **   ~~~   ** ..Variable name=COOLING COIL SENSIBLE COOLING RATE not valid for this simulation.
   **   ~~~   ** ..i.e., Variable name=ER_EXAM1_MULT4_FLR_1 VAV BOX REHEAT COIL:COOLING COIL SENSIBLE COOLING RATE not valid for this simulation.
   ** Warning ** Processing Monthly Tabular Reports: CoilReportMonthly
   **   ~~~   ** ..Variable name=COOLING COIL WETTED AREA FRACTION not valid for this simulation.
   **   ~~~   ** ..i.e., Variable name=ER_EXAM1_MULT4_FLR_1 VAV BOX REHEAT COIL:COOLING COIL WETTED AREA FRACTION not valid for this simulation.
   ** Warning ** Processing Monthly Tabular Reports: CoilReportMonthly
   **   ~~~   ** ..Variable name=COOLING COIL TOTAL COOLING ENERGY not valid for this simulation.
   **   ~~~   ** ..i.e., Variable name=ER_TRAUMA1_FLR_1 VAV BOX REHEAT COIL:COOLING COIL TOTAL COOLING ENERGY not valid for this simulation.
   ** Warning ** Processing Monthly Tabular Reports: CoilReportMonthly
   **   ~~~   ** ..Variable name=COOLING COIL SENSIBLE COOLING ENERGY not valid for this simulation.
   **   ~~~   ** ..i.e., Variable name=ER_TRAUMA1_FLR_1 VAV BOX REHEAT COIL:COOLING COIL SENSIBLE COOLING ENERGY not valid for this simulation.
   ** Warning ** Processing Monthly Tabular Reports: CoilReportMonthly
   **   ~~~   ** ..Variable name=COOLING COIL TOTAL COOLING RATE not valid for this simulation.
   **   ~~~   ** ..i.e., Variable name=ER_TRAUMA1_FLR_1 VAV BOX REHEAT COIL:COOLING COIL TOTAL COOLING RATE not valid for this simulation.
   ** Warning ** Processing Monthly Tabular Reports: CoilReportMonthly
   **   ~~~   ** ..Variable name=COOLING COIL SENSIBLE COOLING RATE not valid for this simulation.
   **   ~~~   ** ..i.e., Variable name=ER_TRAUMA1_FLR_1 VAV BOX REHEAT COIL:COOLING COIL SENSIBLE COOLING RATE not valid for this simulation.
   ** Warning ** Processing Monthly Tabular Reports: CoilReportMonthly
   **   ~~~   ** ..Variable name=COOLING COIL WETTED AREA FRACTION not valid for this simulation.
   **   ~~~   ** ..i.e., Variable name=ER_TRAUMA1_FLR_1 VAV BOX REHEAT COIL:COOLING COIL WETTED AREA FRACTION not valid for this simulation.
   ** Warning ** Processing Monthly Tabular Reports: CoilReportMonthly
   **   ~~~   ** ..Variable name=COOLING COIL TOTAL COOLING ENERGY not valid for this simulation.
   **   ~~~   ** ..i.e., Variable name=ER_EXAM3_MULT4_FLR_1 VAV BOX REHEAT COIL:COOLING COIL TOTAL COOLING ENERGY not valid for this simulation.
   ** Warning ** Processing Monthly Tabular Reports: CoilReportMonthly
   **   ~~~   ** ..Variable name=COOLING COIL SENSIBLE COOLING ENERGY not valid for this simulation.
   **   ~~~   ** ..i.e., Variable name=ER_EXAM3_MULT4_FLR_1 VAV BOX REHEAT COIL:COOLING COIL SENSIBLE COOLING ENERGY not valid for this simulation.
   ** Warning ** Processing Monthly Tabular Reports: CoilReportMonthly
   **   ~~~   ** ..Variable name=COOLING COIL TOTAL COOLING RATE not valid for this simulation.
   **   ~~~   ** ..i.e., Variable name=ER_EXAM3_MULT4_FLR_1 VAV BOX REHEAT COIL:COOLING COIL TOTAL COOLING RATE not valid for this simulation.
   ** Warning ** Processing Monthly Tabular Reports: CoilReportMonthly
   **   ~~~   ** ..Variable name=COOLING COIL SENSIBLE COOLING RATE not valid for this simulation.
   **   ~~~   ** ..i.e., Variable name=ER_EXAM3_MULT4_FLR_1 VAV BOX REHEAT COIL:COOLING COIL SENSIBLE COOLING RATE not valid for this simulation.
   ** Warning ** Processing Monthly Tabular Reports: CoilReportMonthly
   **   ~~~   ** ..Variable name=COOLING COIL WETTED AREA FRACTION not valid for this simulation.
   **   ~~~   ** ..i.e., Variable name=ER_EXAM3_MULT4_FLR_1 VAV BOX REHEAT COIL:COOLING COIL WETTED AREA FRACTION not valid for this simulation.
   ** Warning ** Processing Monthly Tabular Reports: CoilReportMonthly
   **   ~~~   ** ..Variable name=COOLING COIL TOTAL COOLING ENERGY not valid for this simulation.
   **   ~~~   ** ..i.e., Variable name=ER_TRAUMA2_FLR_1 VAV BOX REHEAT COIL:COOLING COIL TOTAL COOLING ENERGY not valid for this simulation.
   ** Warning ** Processing Monthly Tabular Reports: CoilReportMonthly
   **   ~~~   ** ..Variable name=COOLING COIL SENSIBLE COOLING ENERGY not valid for this simulation.
   **   ~~~   ** ..i.e., Variable name=ER_TRAUMA2_FLR_1 VAV BOX REHEAT COIL:COOLING COIL SENSIBLE COOLING ENERGY not valid for this simulation.
   ** Warning ** Processing Monthly Tabular Reports: CoilReportMonthly
   **   ~~~   ** ..Variable name=COOLING COIL TOTAL COOLING RATE not valid for this simulation.
   **   ~~~   ** ..i.e., Variable name=ER_TRAUMA2_FLR_1 VAV BOX REHEAT COIL:COOLING COIL TOTAL COOLING RATE not valid for this simulation.
   ** Warning ** Processing Monthly Tabular Reports: CoilReportMonthly
   **   ~~~   ** ..Variable name=COOLING COIL SENSIBLE COOLING RATE not valid for this simulation.
   **   ~~~   ** ..i.e., Variable name=ER_TRAUMA2_FLR_1 VAV BOX REHEAT COIL:COOLING COIL SENSIBLE COOLING RATE not valid for this simulation.
   ** Warning ** Processing Monthly Tabular Reports: CoilReportMonthly
   **   ~~~   ** ..Variable name=COOLING COIL WETTED AREA FRACTION not valid for this simulation.
   **   ~~~   ** ..i.e., Variable name=ER_TRAUMA2_FLR_1 VAV BOX REHEAT COIL:COOLING COIL WETTED AREA FRACTION not valid for this simulation.
   ** Warning ** Processing Monthly Tabular Reports: CoilReportMonthly
   **   ~~~   ** ..Variable name=COOLING COIL TOTAL COOLING ENERGY not valid for this simulation.
   **   ~~~   ** ..i.e., Variable name=ER_TRIAGE_MULT4_FLR_1 VAV BOX REHEAT COIL:COOLING COIL TOTAL COOLING ENERGY not valid for this simulation.
   ** Warning ** Processing Monthly Tabular Reports: CoilReportMonthly
   **   ~~~   ** ..Variable name=COOLING COIL SENSIBLE COOLING ENERGY not valid for this simulation.
   **   ~~~   ** ..i.e., Variable name=ER_TRIAGE_MULT4_FLR_1 VAV BOX REHEAT COIL:COOLING COIL SENSIBLE COOLING ENERGY not valid for this simulation.
   ** Warning ** Processing Monthly Tabular Reports: CoilReportMonthly
   **   ~~~   ** ..Variable name=COOLING COIL TOTAL COOLING RATE not valid for this simulation.
   **   ~~~   ** ..i.e., Variable name=ER_TRIAGE_MULT4_FLR_1 VAV BOX REHEAT COIL:COOLING COIL TOTAL COOLING RATE not valid for this simulation.
   ** Warning ** Processing Monthly Tabular Reports: CoilReportMonthly
   **   ~~~   ** ..Variable name=COOLING COIL SENSIBLE COOLING RATE not valid for this simulation.
   **   ~~~   ** ..i.e., Variable name=ER_TRIAGE_MULT4_FLR_1 VAV BOX REHEAT COIL:COOLING COIL SENSIBLE COOLING RATE not valid for this simulation.
   ** Warning ** Processing Monthly Tabular Reports: CoilReportMonthly
   **   ~~~   ** ..Variable name=COOLING COIL WETTED AREA FRACTION not valid for this simulation.
   **   ~~~   ** ..i.e., Variable name=ER_TRIAGE_MULT4_FLR_1 VAV BOX REHEAT COIL:COOLING COIL WETTED AREA FRACTION not valid for this simulation.
   ** Warning ** Processing Monthly Tabular Reports: CoilReportMonthly
   **   ~~~   ** ..Variable name=COOLING COIL TOTAL COOLING ENERGY not valid for this simulation.
   **   ~~~   ** ..i.e., Variable name=VAV_OR HEATING COIL:COOLING COIL TOTAL COOLING ENERGY not valid for this simulation.
   ** Warning ** Processing Monthly Tabular Reports: CoilReportMonthly
   **   ~~~   ** ..Variable name=COOLING COIL SENSIBLE COOLING ENERGY not valid for this simulation.
   **   ~~~   ** ..i.e., Variable name=VAV_OR HEATING COIL:COOLING COIL SENSIBLE COOLING ENERGY not valid for this simulation.
   ** Warning ** Processing Monthly Tabular Reports: CoilReportMonthly
   **   ~~~   ** ..Variable name=COOLING COIL TOTAL COOLING RATE not valid for this simulation.
   **   ~~~   ** ..i.e., Variable name=VAV_OR HEATING COIL:COOLING COIL TOTAL COOLING RATE not valid for this simulation.
   ** Warning ** Processing Monthly Tabular Reports: CoilReportMonthly
   **   ~~~   ** ..Variable name=COOLING COIL SENSIBLE COOLING RATE not valid for this simulation.
   **   ~~~   ** ..i.e., Variable name=VAV_OR HEATING COIL:COOLING COIL SENSIBLE COOLING RATE not valid for this simulation.
   ** Warning ** Processing Monthly Tabular Reports: CoilReportMonthly
   **   ~~~   ** ..Variable name=COOLING COIL WETTED AREA FRACTION not valid for this simulation.
   **   ~~~   ** ..i.e., Variable name=VAV_OR HEATING COIL:COOLING COIL WETTED AREA FRACTION not valid for this simulation.
   ** Warning ** Processing Monthly Tabular Reports: CoilReportMonthly
   **   ~~~   ** ..Variable name=COOLING COIL TOTAL COOLING ENERGY not valid for this simulation.
   **   ~~~   ** ..i.e., Variable name=OR1_FLR_2 VAV BOX REHEAT COIL:COOLING COIL TOTAL COOLING ENERGY not valid for this simulation.
   ** Warning ** Processing Monthly Tabular Reports: CoilReportMonthly
   **   ~~~   ** ..Variable name=COOLING COIL SENSIBLE COOLING ENERGY not valid for this simulation.
   **   ~~~   ** ..i.e., Variable name=OR1_FLR_2 VAV BOX REHEAT COIL:COOLING COIL SENSIBLE COOLING ENERGY not valid for this simulation.
   ** Warning ** Processing Monthly Tabular Reports: CoilReportMonthly
   **   ~~~   ** ..Variable name=COOLING COIL TOTAL COOLING RATE not valid for this simulation.
   **   ~~~   ** ..i.e., Variable name=OR1_FLR_2 VAV BOX REHEAT COIL:COOLING COIL TOTAL COOLING RATE not valid for this simulation.
   ** Warning ** Processing Monthly Tabular Reports: CoilReportMonthly
   **   ~~~   ** ..Variable name=COOLING COIL SENSIBLE COOLING RATE not valid for this simulation.
   **   ~~~   ** ..i.e., Variable name=OR1_FLR_2 VAV BOX REHEAT COIL:COOLING COIL SENSIBLE COOLING RATE not valid for this simulation.
   ** Warning ** Processing Monthly Tabular Reports: CoilReportMonthly
   **   ~~~   ** ..Variable name=COOLING COIL WETTED AREA FRACTION not valid for this simulation.
   **   ~~~   ** ..i.e., Variable name=OR1_FLR_2 VAV BOX REHEAT COIL:COOLING COIL WETTED AREA FRACTION not valid for this simulation.
   ** Warning ** Processing Monthly Tabular Reports: CoilReportMonthly
   **   ~~~   ** ..Variable name=COOLING COIL TOTAL COOLING ENERGY not valid for this simulation.
   **   ~~~   ** ..i.e., Variable name=OR2_MULT5_FLR_2 VAV BOX REHEAT COIL:COOLING COIL TOTAL COOLING ENERGY not valid for this simulation.
   ** Warning ** Processing Monthly Tabular Reports: CoilReportMonthly
   **   ~~~   ** ..Variable name=COOLING COIL SENSIBLE COOLING ENERGY not valid for this simulation.
   **   ~~~   ** ..i.e., Variable name=OR2_MULT5_FLR_2 VAV BOX REHEAT COIL:COOLING COIL SENSIBLE COOLING ENERGY not valid for this simulation.
   ** Warning ** Processing Monthly Tabular Reports: CoilReportMonthly
   **   ~~~   ** ..Variable name=COOLING COIL TOTAL COOLING RATE not valid for this simulation.
   **   ~~~   ** ..i.e., Variable name=OR2_MULT5_FLR_2 VAV BOX REHEAT COIL:COOLING COIL TOTAL COOLING RATE not valid for this simulation.
   ** Warning ** Processing Monthly Tabular Reports: CoilReportMonthly
   **   ~~~   ** ..Variable name=COOLING COIL SENSIBLE COOLING RATE not valid for this simulation.
   **   ~~~   ** ..i.e., Variable name=OR2_MULT5_FLR_2 VAV BOX REHEAT COIL:COOLING COIL SENSIBLE COOLING RATE not valid for this simulation.
   ** Warning ** Processing Monthly Tabular Reports: CoilReportMonthly
   **   ~~~   ** ..Variable name=COOLING COIL WETTED AREA FRACTION not valid for this simulation.
   **   ~~~   ** ..i.e., Variable name=OR2_MULT5_FLR_2 VAV BOX REHEAT COIL:COOLING COIL WETTED AREA FRACTION not valid for this simulation.
   ** Warning ** Processing Monthly Tabular Reports: CoilReportMonthly
   **   ~~~   ** ..Variable name=COOLING COIL TOTAL COOLING ENERGY not valid for this simulation.
   **   ~~~   ** ..i.e., Variable name=OR3_FLR_2 VAV BOX REHEAT COIL:COOLING COIL TOTAL COOLING ENERGY not valid for this simulation.
   ** Warning ** Processing Monthly Tabular Reports: CoilReportMonthly
   **   ~~~   ** ..Variable name=COOLING COIL SENSIBLE COOLING ENERGY not valid for this simulation.
   **   ~~~   ** ..i.e., Variable name=OR3_FLR_2 VAV BOX REHEAT COIL:COOLING COIL SENSIBLE COOLING ENERGY not valid for this simulation.
   ** Warning ** Processing Monthly Tabular Reports: CoilReportMonthly
   **   ~~~   ** ..Variable name=COOLING COIL TOTAL COOLING RATE not valid for this simulation.
   **   ~~~   ** ..i.e., Variable name=OR3_FLR_2 VAV BOX REHEAT COIL:COOLING COIL TOTAL COOLING RATE not valid for this simulation.
   ** Warning ** Processing Monthly Tabular Reports: CoilReportMonthly
   **   ~~~   ** ..Variable name=COOLING COIL SENSIBLE COOLING RATE not valid for this simulation.
   **   ~~~   ** ..i.e., Variable name=OR3_FLR_2 VAV BOX REHEAT COIL:COOLING COIL SENSIBLE COOLING RATE not valid for this simulation.
   ** Warning ** Processing Monthly Tabular Reports: CoilReportMonthly
   **   ~~~   ** ..Variable name=COOLING COIL WETTED AREA FRACTION not valid for this simulation.
   **   ~~~   ** ..i.e., Variable name=OR3_FLR_2 VAV BOX REHEAT COIL:COOLING COIL WETTED AREA FRACTION not valid for this simulation.
   ** Warning ** Processing Monthly Tabular Reports: CoilReportMonthly
   **   ~~~   ** ..Variable name=COOLING COIL TOTAL COOLING ENERGY not valid for this simulation.
   **   ~~~   ** ..i.e., Variable name=OR4_FLR_2 VAV BOX REHEAT COIL:COOLING COIL TOTAL COOLING ENERGY not valid for this simulation.
   ** Warning ** Processing Monthly Tabular Reports: CoilReportMonthly
   **   ~~~   ** ..Variable name=COOLING COIL SENSIBLE COOLING ENERGY not valid for this simulation.
   **   ~~~   ** ..i.e., Variable name=OR4_FLR_2 VAV BOX REHEAT COIL:COOLING COIL SENSIBLE COOLING ENERGY not valid for this simulation.
   ** Warning ** Processing Monthly Tabular Reports: CoilReportMonthly
   **   ~~~   ** ..Variable name=COOLING COIL TOTAL COOLING RATE not valid for this simulation.
   **   ~~~   ** ..i.e., Variable name=OR4_FLR_2 VAV BOX REHEAT COIL:COOLING COIL TOTAL COOLING RATE not valid for this simulation.
   ** Warning ** Processing Monthly Tabular Reports: CoilReportMonthly
   **   ~~~   ** ..Variable name=COOLING COIL SENSIBLE COOLING RATE not valid for this simulation.
   **   ~~~   ** ..i.e., Variable name=OR4_FLR_2 VAV BOX REHEAT COIL:COOLING COIL SENSIBLE COOLING RATE not valid for this simulation.
   ** Warning ** Processing Monthly Tabular Reports: CoilReportMonthly
   **   ~~~   ** ..Variable name=COOLING COIL WETTED AREA FRACTION not valid for this simulation.
   **   ~~~   ** ..i.e., Variable name=OR4_FLR_2 VAV BOX REHEAT COIL:COOLING COIL WETTED AREA FRACTION not valid for this simulation.
   ** Warning ** Processing Monthly Tabular Reports: CoilReportMonthly
   **   ~~~   ** ..Variable name=COOLING COIL TOTAL COOLING ENERGY not valid for this simulation.
   **   ~~~   ** ..i.e., Variable name=VAV_ICU HEATING COIL:COOLING COIL TOTAL COOLING ENERGY not valid for this simulation.
   ** Warning ** Processing Monthly Tabular Reports: CoilReportMonthly
   **   ~~~   ** ..Variable name=COOLING COIL SENSIBLE COOLING ENERGY not valid for this simulation.
   **   ~~~   ** ..i.e., Variable name=VAV_ICU HEATING COIL:COOLING COIL SENSIBLE COOLING ENERGY not valid for this simulation.
   ** Warning ** Processing Monthly Tabular Reports: CoilReportMonthly
   **   ~~~   ** ..Variable name=COOLING COIL TOTAL COOLING RATE not valid for this simulation.
   **   ~~~   ** ..i.e., Variable name=VAV_ICU HEATING COIL:COOLING COIL TOTAL COOLING RATE not valid for this simulation.
   ** Warning ** Processing Monthly Tabular Reports: CoilReportMonthly
   **   ~~~   ** ..Variable name=COOLING COIL SENSIBLE COOLING RATE not valid for this simulation.
   **   ~~~   ** ..i.e., Variable name=VAV_ICU HEATING COIL:COOLING COIL SENSIBLE COOLING RATE not valid for this simulation.
   ** Warning ** Processing Monthly Tabular Reports: CoilReportMonthly
   **   ~~~   ** ..Variable name=COOLING COIL WETTED AREA FRACTION not valid for this simulation.
   **   ~~~   ** ..i.e., Variable name=VAV_ICU HEATING COIL:COOLING COIL WETTED AREA FRACTION not valid for this simulation.
   ** Warning ** Processing Monthly Tabular Reports: CoilReportMonthly
   **   ~~~   ** ..Variable name=COOLING COIL TOTAL COOLING ENERGY not valid for this simulation.
   **   ~~~   ** ..i.e., Variable name=IC_PATROOM1_MULT5_FLR_2 VAV BOX REHEAT COIL:COOLING COIL TOTAL COOLING ENERGY not valid for this simulation.
   ** Warning ** Processing Monthly Tabular Reports: CoilReportMonthly
   **   ~~~   ** ..Variable name=COOLING COIL SENSIBLE COOLING ENERGY not valid for this simulation.
   **   ~~~   ** ..i.e., Variable name=IC_PATROOM1_MULT5_FLR_2 VAV BOX REHEAT COIL:COOLING COIL SENSIBLE COOLING ENERGY not valid for this simulation.
   ** Warning ** Processing Monthly Tabular Reports: CoilReportMonthly
   **   ~~~   ** ..Variable name=COOLING COIL TOTAL COOLING RATE not valid for this simulation.
   **   ~~~   ** ..i.e., Variable name=IC_PATROOM1_MULT5_FLR_2 VAV BOX REHEAT COIL:COOLING COIL TOTAL COOLING RATE not valid for this simulation.
   ** Warning ** Processing Monthly Tabular Reports: CoilReportMonthly
   **   ~~~   ** ..Variable name=COOLING COIL SENSIBLE COOLING RATE not valid for this simulation.
   **   ~~~   ** ..i.e., Variable name=IC_PATROOM1_MULT5_FLR_2 VAV BOX REHEAT COIL:COOLING COIL SENSIBLE COOLING RATE not valid for this simulation.
   ** Warning ** Processing Monthly Tabular Reports: CoilReportMonthly
   **   ~~~   ** ..Variable name=COOLING COIL WETTED AREA FRACTION not valid for this simulation.
   **   ~~~   ** ..i.e., Variable name=IC_PATROOM1_MULT5_FLR_2 VAV BOX REHEAT COIL:COOLING COIL WETTED AREA FRACTION not valid for this simulation.
   ** Warning ** Processing Monthly Tabular Reports: CoilReportMonthly
   **   ~~~   ** ..Variable name=COOLING COIL TOTAL COOLING ENERGY not valid for this simulation.
   **   ~~~   ** ..i.e., Variable name=IC_PATROOM2_FLR_2 VAV BOX REHEAT COIL:COOLING COIL TOTAL COOLING ENERGY not valid for this simulation.
   ** Warning ** Processing Monthly Tabular Reports: CoilReportMonthly
   **   ~~~   ** ..Variable name=COOLING COIL SENSIBLE COOLING ENERGY not valid for this simulation.
   **   ~~~   ** ..i.e., Variable name=IC_PATROOM2_FLR_2 VAV BOX REHEAT COIL:COOLING COIL SENSIBLE COOLING ENERGY not valid for this simulation.
   ** Warning ** Processing Monthly Tabular Reports: CoilReportMonthly
   **   ~~~   ** ..Variable name=COOLING COIL TOTAL COOLING RATE not valid for this simulation.
   **   ~~~   ** ..i.e., Variable name=IC_PATROOM2_FLR_2 VAV BOX REHEAT COIL:COOLING COIL TOTAL COOLING RATE not valid for this simulation.
   ** Warning ** Processing Monthly Tabular Reports: CoilReportMonthly
   **   ~~~   ** ..Variable name=COOLING COIL SENSIBLE COOLING RATE not valid for this simulation.
   **   ~~~   ** ..i.e., Variable name=IC_PATROOM2_FLR_2 VAV BOX REHEAT COIL:COOLING COIL SENSIBLE COOLING RATE not valid for this simulation.
   ** Warning ** Processing Monthly Tabular Reports: CoilReportMonthly
   **   ~~~   ** ..Variable name=COOLING COIL WETTED AREA FRACTION not valid for this simulation.
   **   ~~~   ** ..i.e., Variable name=IC_PATROOM2_FLR_2 VAV BOX REHEAT COIL:COOLING COIL WETTED AREA FRACTION not valid for this simulation.
   ** Warning ** Processing Monthly Tabular Reports: CoilReportMonthly
   **   ~~~   ** ..Variable name=COOLING COIL TOTAL COOLING ENERGY not valid for this simulation.
   **   ~~~   ** ..i.e., Variable name=IC_PATROOM3_MULT6_FLR_2 VAV BOX REHEAT COIL:COOLING COIL TOTAL COOLING ENERGY not valid for this simulation.
   ** Warning ** Processing Monthly Tabular Reports: CoilReportMonthly
   **   ~~~   ** ..Variable name=COOLING COIL SENSIBLE COOLING ENERGY not valid for this simulation.
   **   ~~~   ** ..i.e., Variable name=IC_PATROOM3_MULT6_FLR_2 VAV BOX REHEAT COIL:COOLING COIL SENSIBLE COOLING ENERGY not valid for this simulation.
   ** Warning ** Processing Monthly Tabular Reports: CoilReportMonthly
   **   ~~~   ** ..Variable name=COOLING COIL TOTAL COOLING RATE not valid for this simulation.
   **   ~~~   ** ..i.e., Variable name=IC_PATROOM3_MULT6_FLR_2 VAV BOX REHEAT COIL:COOLING COIL TOTAL COOLING RATE not valid for this simulation.
   ** Warning ** Processing Monthly Tabular Reports: CoilReportMonthly
   **   ~~~   ** ..Variable name=COOLING COIL SENSIBLE COOLING RATE not valid for this simulation.
   **   ~~~   ** ..i.e., Variable name=IC_PATROOM3_MULT6_FLR_2 VAV BOX REHEAT COIL:COOLING COIL SENSIBLE COOLING RATE not valid for this simulation.
   ** Warning ** Processing Monthly Tabular Reports: CoilReportMonthly
   **   ~~~   ** ..Variable name=COOLING COIL WETTED AREA FRACTION not valid for this simulation.
   **   ~~~   ** ..i.e., Variable name=IC_PATROOM3_MULT6_FLR_2 VAV BOX REHEAT COIL:COOLING COIL WETTED AREA FRACTION not valid for this simulation.
   ** Warning ** Processing Monthly Tabular Reports: CoilReportMonthly
   **   ~~~   ** ..Variable name=COOLING COIL TOTAL COOLING ENERGY not valid for this simulation.
   **   ~~~   ** ..i.e., Variable name=ICU_FLR_2 VAV BOX REHEAT COIL:COOLING COIL TOTAL COOLING ENERGY not valid for this simulation.
   ** Warning ** Processing Monthly Tabular Reports: CoilReportMonthly
   **   ~~~   ** ..Variable name=COOLING COIL SENSIBLE COOLING ENERGY not valid for this simulation.
   **   ~~~   ** ..i.e., Variable name=ICU_FLR_2 VAV BOX REHEAT COIL:COOLING COIL SENSIBLE COOLING ENERGY not valid for this simulation.
   ** Warning ** Processing Monthly Tabular Reports: CoilReportMonthly
   **   ~~~   ** ..Variable name=COOLING COIL TOTAL COOLING RATE not valid for this simulation.
   **   ~~~   ** ..i.e., Variable name=ICU_FLR_2 VAV BOX REHEAT COIL:COOLING COIL TOTAL COOLING RATE not valid for this simulation.
   ** Warning ** Processing Monthly Tabular Reports: CoilReportMonthly
   **   ~~~   ** ..Variable name=COOLING COIL SENSIBLE COOLING RATE not valid for this simulation.
   **   ~~~   ** ..i.e., Variable name=ICU_FLR_2 VAV BOX REHEAT COIL:COOLING COIL SENSIBLE COOLING RATE not valid for this simulation.
   ** Warning ** Processing Monthly Tabular Reports: CoilReportMonthly
   **   ~~~   ** ..Variable name=COOLING COIL WETTED AREA FRACTION not valid for this simulation.
   **   ~~~   ** ..i.e., Variable name=ICU_FLR_2 VAV BOX REHEAT COIL:COOLING COIL WETTED AREA FRACTION not valid for this simulation.
   ** Warning ** Processing Monthly Tabular Reports: CoilReportMonthly
   **   ~~~   ** ..Variable name=COOLING COIL TOTAL COOLING ENERGY not valid for this simulation.
   **   ~~~   ** ..i.e., Variable name=VAV_PATRMS HEATING COIL:COOLING COIL TOTAL COOLING ENERGY not valid for this simulation.
   ** Warning ** Processing Monthly Tabular Reports: CoilReportMonthly
   **   ~~~   ** ..Variable name=COOLING COIL SENSIBLE COOLING ENERGY not valid for this simulation.
   **   ~~~   ** ..i.e., Variable name=VAV_PATRMS HEATING COIL:COOLING COIL SENSIBLE COOLING ENERGY not valid for this simulation.
   ** Warning ** Processing Monthly Tabular Reports: CoilReportMonthly
   **   ~~~   ** ..Variable name=COOLING COIL TOTAL COOLING RATE not valid for this simulation.
   **   ~~~   ** ..i.e., Variable name=VAV_PATRMS HEATING COIL:COOLING COIL TOTAL COOLING RATE not valid for this simulation.
   ** Warning ** Processing Monthly Tabular Reports: CoilReportMonthly
   **   ~~~   ** ..Variable name=COOLING COIL SENSIBLE COOLING RATE not valid for this simulation.
   **   ~~~   ** ..i.e., Variable name=VAV_PATRMS HEATING COIL:COOLING COIL SENSIBLE COOLING RATE not valid for this simulation.
   ** Warning ** Processing Monthly Tabular Reports: CoilReportMonthly
   **   ~~~   ** ..Variable name=COOLING COIL WETTED AREA FRACTION not valid for this simulation.
   **   ~~~   ** ..i.e., Variable name=VAV_PATRMS HEATING COIL:COOLING COIL WETTED AREA FRACTION not valid for this simulation.
   ** Warning ** Processing Monthly Tabular Reports: CoilReportMonthly
   **   ~~~   ** ..Variable name=COOLING COIL TOTAL COOLING ENERGY not valid for this simulation.
   **   ~~~   ** ..i.e., Variable name=PATROOM1_MULT10_FLR_3 VAV BOX REHEAT COIL:COOLING COIL TOTAL COOLING ENERGY not valid for this simulation.
   ** Warning ** Processing Monthly Tabular Reports: CoilReportMonthly
   **   ~~~   ** ..Variable name=COOLING COIL SENSIBLE COOLING ENERGY not valid for this simulation.
   **   ~~~   ** ..i.e., Variable name=PATROOM1_MULT10_FLR_3 VAV BOX REHEAT COIL:COOLING COIL SENSIBLE COOLING ENERGY not valid for this simulation.
   ** Warning ** Processing Monthly Tabular Reports: CoilReportMonthly
   **   ~~~   ** ..Variable name=COOLING COIL TOTAL COOLING RATE not valid for this simulation.
   **   ~~~   ** ..i.e., Variable name=PATROOM1_MULT10_FLR_3 VAV BOX REHEAT COIL:COOLING COIL TOTAL COOLING RATE not valid for this simulation.
   ** Warning ** Processing Monthly Tabular Reports: CoilReportMonthly
   **   ~~~   ** ..Variable name=COOLING COIL SENSIBLE COOLING RATE not valid for this simulation.
   **   ~~~   ** ..i.e., Variable name=PATROOM1_MULT10_FLR_3 VAV BOX REHEAT COIL:COOLING COIL SENSIBLE COOLING RATE not valid for this simulation.
   ** Warning ** Processing Monthly Tabular Reports: CoilReportMonthly
   **   ~~~   ** ..Variable name=COOLING COIL WETTED AREA FRACTION not valid for this simulation.
   **   ~~~   ** ..i.e., Variable name=PATROOM1_MULT10_FLR_3 VAV BOX REHEAT COIL:COOLING COIL WETTED AREA FRACTION not valid for this simulation.
   ** Warning ** Processing Monthly Tabular Reports: CoilReportMonthly
   **   ~~~   ** ..Variable name=COOLING COIL TOTAL COOLING ENERGY not valid for this simulation.
   **   ~~~   ** ..i.e., Variable name=PATROOM2_FLR_3 VAV BOX REHEAT COIL:COOLING COIL TOTAL COOLING ENERGY not valid for this simulation.
   ** Warning ** Processing Monthly Tabular Reports: CoilReportMonthly
   **   ~~~   ** ..Variable name=COOLING COIL SENSIBLE COOLING ENERGY not valid for this simulation.
   **   ~~~   ** ..i.e., Variable name=PATROOM2_FLR_3 VAV BOX REHEAT COIL:COOLING COIL SENSIBLE COOLING ENERGY not valid for this simulation.
   ** Warning ** Processing Monthly Tabular Reports: CoilReportMonthly
   **   ~~~   ** ..Variable name=COOLING COIL TOTAL COOLING RATE not valid for this simulation.
   **   ~~~   ** ..i.e., Variable name=PATROOM2_FLR_3 VAV BOX REHEAT COIL:COOLING COIL TOTAL COOLING RATE not valid for this simulation.
   ** Warning ** Processing Monthly Tabular Reports: CoilReportMonthly
   **   ~~~   ** ..Variable name=COOLING COIL SENSIBLE COOLING RATE not valid for this simulation.
   **   ~~~   ** ..i.e., Variable name=PATROOM2_FLR_3 VAV BOX REHEAT COIL:COOLING COIL SENSIBLE COOLING RATE not valid for this simulation.
   ** Warning ** Processing Monthly Tabular Reports: CoilReportMonthly
   **   ~~~   ** ..Variable name=COOLING COIL WETTED AREA FRACTION not valid for this simulation.
   **   ~~~   ** ..i.e., Variable name=PATROOM2_FLR_3 VAV BOX REHEAT COIL:COOLING COIL WETTED AREA FRACTION not valid for this simulation.
   ** Warning ** Processing Monthly Tabular Reports: CoilReportMonthly
   **   ~~~   ** ..Variable name=COOLING COIL TOTAL COOLING ENERGY not valid for this simulation.
   **   ~~~   ** ..i.e., Variable name=PATROOM3_MULT10_FLR_3 VAV BOX REHEAT COIL:COOLING COIL TOTAL COOLING ENERGY not valid for this simulation.
   ** Warning ** Processing Monthly Tabular Reports: CoilReportMonthly
   **   ~~~   ** ..Variable name=COOLING COIL SENSIBLE COOLING ENERGY not valid for this simulation.
   **   ~~~   ** ..i.e., Variable name=PATROOM3_MULT10_FLR_3 VAV BOX REHEAT COIL:COOLING COIL SENSIBLE COOLING ENERGY not valid for this simulation.
   ** Warning ** Processing Monthly Tabular Reports: CoilReportMonthly
   **   ~~~   ** ..Variable name=COOLING COIL TOTAL COOLING RATE not valid for this simulation.
   **   ~~~   ** ..i.e., Variable name=PATROOM3_MULT10_FLR_3 VAV BOX REHEAT COIL:COOLING COIL TOTAL COOLING RATE not valid for this simulation.
   ** Warning ** Processing Monthly Tabular Reports: CoilReportMonthly
   **   ~~~   ** ..Variable name=COOLING COIL SENSIBLE COOLING RATE not valid for this simulation.
   **   ~~~   ** ..i.e., Variable name=PATROOM3_MULT10_FLR_3 VAV BOX REHEAT COIL:COOLING COIL SENSIBLE COOLING RATE not valid for this simulation.
   ** Warning ** Processing Monthly Tabular Reports: CoilReportMonthly
   **   ~~~   ** ..Variable name=COOLING COIL WETTED AREA FRACTION not valid for this simulation.
   **   ~~~   ** ..i.e., Variable name=PATROOM3_MULT10_FLR_3 VAV BOX REHEAT COIL:COOLING COIL WETTED AREA FRACTION not valid for this simulation.
   ** Warning ** Processing Monthly Tabular Reports: CoilReportMonthly
   **   ~~~   ** ..Variable name=COOLING COIL TOTAL COOLING ENERGY not valid for this simulation.
   **   ~~~   ** ..i.e., Variable name=PATROOM4_FLR_3 VAV BOX REHEAT COIL:COOLING COIL TOTAL COOLING ENERGY not valid for this simulation.
   ** Warning ** Processing Monthly Tabular Reports: CoilReportMonthly
   **   ~~~   ** ..Variable name=COOLING COIL SENSIBLE COOLING ENERGY not valid for this simulation.
   **   ~~~   ** ..i.e., Variable name=PATROOM4_FLR_3 VAV BOX REHEAT COIL:COOLING COIL SENSIBLE COOLING ENERGY not valid for this simulation.
   ** Warning ** Processing Monthly Tabular Reports: CoilReportMonthly
   **   ~~~   ** ..Variable name=COOLING COIL TOTAL COOLING RATE not valid for this simulation.
   **   ~~~   ** ..i.e., Variable name=PATROOM4_FLR_3 VAV BOX REHEAT COIL:COOLING COIL TOTAL COOLING RATE not valid for this simulation.
   ** Warning ** Processing Monthly Tabular Reports: CoilReportMonthly
   **   ~~~   ** ..Variable name=COOLING COIL SENSIBLE COOLING RATE not valid for this simulation.
   **   ~~~   ** ..i.e., Variable name=PATROOM4_FLR_3 VAV BOX REHEAT COIL:COOLING COIL SENSIBLE COOLING RATE not valid for this simulation.
   ** Warning ** Processing Monthly Tabular Reports: CoilReportMonthly
   **   ~~~   ** ..Variable name=COOLING COIL WETTED AREA FRACTION not valid for this simulation.
   **   ~~~   ** ..i.e., Variable name=PATROOM4_FLR_3 VAV BOX REHEAT COIL:COOLING COIL WETTED AREA FRACTION not valid for this simulation.
   ** Warning ** Processing Monthly Tabular Reports: CoilReportMonthly
   **   ~~~   ** ..Variable name=COOLING COIL TOTAL COOLING ENERGY not valid for this simulation.
   **   ~~~   ** ..i.e., Variable name=PATROOM5_MULT10_FLR_3 VAV BOX REHEAT COIL:COOLING COIL TOTAL COOLING ENERGY not valid for this simulation.
   ** Warning ** Processing Monthly Tabular Reports: CoilReportMonthly
   **   ~~~   ** ..Variable name=COOLING COIL SENSIBLE COOLING ENERGY not valid for this simulation.
   **   ~~~   ** ..i.e., Variable name=PATROOM5_MULT10_FLR_3 VAV BOX REHEAT COIL:COOLING COIL SENSIBLE COOLING ENERGY not valid for this simulation.
   ** Warning ** Processing Monthly Tabular Reports: CoilReportMonthly
   **   ~~~   ** ..Variable name=COOLING COIL TOTAL COOLING RATE not valid for this simulation.
   **   ~~~   ** ..i.e., Variable name=PATROOM5_MULT10_FLR_3 VAV BOX REHEAT COIL:COOLING COIL TOTAL COOLING RATE not valid for this simulation.
   ** Warning ** Processing Monthly Tabular Reports: CoilReportMonthly
   **   ~~~   ** ..Variable name=COOLING COIL SENSIBLE COOLING RATE not valid for this simulation.
   **   ~~~   ** ..i.e., Variable name=PATROOM5_MULT10_FLR_3 VAV BOX REHEAT COIL:COOLING COIL SENSIBLE COOLING RATE not valid for this simulation.
   ** Warning ** Processing Monthly Tabular Reports: CoilReportMonthly
   **   ~~~   ** ..Variable name=COOLING COIL WETTED AREA FRACTION not valid for this simulation.
   **   ~~~   ** ..i.e., Variable name=PATROOM5_MULT10_FLR_3 VAV BOX REHEAT COIL:COOLING COIL WETTED AREA FRACTION not valid for this simulation.
   ** Warning ** Processing Monthly Tabular Reports: CoilReportMonthly
   **   ~~~   ** ..Variable name=COOLING COIL TOTAL COOLING ENERGY not valid for this simulation.
   **   ~~~   ** ..i.e., Variable name=PATROOM6_FLR_3 VAV BOX REHEAT COIL:COOLING COIL TOTAL COOLING ENERGY not valid for this simulation.
   ** Warning ** Processing Monthly Tabular Reports: CoilReportMonthly
   **   ~~~   ** ..Variable name=COOLING COIL SENSIBLE COOLING ENERGY not valid for this simulation.
   **   ~~~   ** ..i.e., Variable name=PATROOM6_FLR_3 VAV BOX REHEAT COIL:COOLING COIL SENSIBLE COOLING ENERGY not valid for this simulation.
   ** Warning ** Processing Monthly Tabular Reports: CoilReportMonthly
   **   ~~~   ** ..Variable name=COOLING COIL TOTAL COOLING RATE not valid for this simulation.
   **   ~~~   ** ..i.e., Variable name=PATROOM6_FLR_3 VAV BOX REHEAT COIL:COOLING COIL TOTAL COOLING RATE not valid for this simulation.
   ** Warning ** Processing Monthly Tabular Reports: CoilReportMonthly
   **   ~~~   ** ..Variable name=COOLING COIL SENSIBLE COOLING RATE not valid for this simulation.
   **   ~~~   ** ..i.e., Variable name=PATROOM6_FLR_3 VAV BOX REHEAT COIL:COOLING COIL SENSIBLE COOLING RATE not valid for this simulation.
   ** Warning ** Processing Monthly Tabular Reports: CoilReportMonthly
   **   ~~~   ** ..Variable name=COOLING COIL WETTED AREA FRACTION not valid for this simulation.
   **   ~~~   ** ..i.e., Variable name=PATROOM6_FLR_3 VAV BOX REHEAT COIL:COOLING COIL WETTED AREA FRACTION not valid for this simulation.
   ** Warning ** Processing Monthly Tabular Reports: CoilReportMonthly
   **   ~~~   ** ..Variable name=COOLING COIL TOTAL COOLING ENERGY not valid for this simulation.
   **   ~~~   ** ..i.e., Variable name=PATROOM7_MULT10_FLR_3 VAV BOX REHEAT COIL:COOLING COIL TOTAL COOLING ENERGY not valid for this simulation.
   ** Warning ** Processing Monthly Tabular Reports: CoilReportMonthly
   **   ~~~   ** ..Variable name=COOLING COIL SENSIBLE COOLING ENERGY not valid for this simulation.
   **   ~~~   ** ..i.e., Variable name=PATROOM7_MULT10_FLR_3 VAV BOX REHEAT COIL:COOLING COIL SENSIBLE COOLING ENERGY not valid for this simulation.
   ** Warning ** Processing Monthly Tabular Reports: CoilReportMonthly
   **   ~~~   ** ..Variable name=COOLING COIL TOTAL COOLING RATE not valid for this simulation.
   **   ~~~   ** ..i.e., Variable name=PATROOM7_MULT10_FLR_3 VAV BOX REHEAT COIL:COOLING COIL TOTAL COOLING RATE not valid for this simulation.
   ** Warning ** Processing Monthly Tabular Reports: CoilReportMonthly
   **   ~~~   ** ..Variable name=COOLING COIL SENSIBLE COOLING RATE not valid for this simulation.
   **   ~~~   ** ..i.e., Variable name=PATROOM7_MULT10_FLR_3 VAV BOX REHEAT COIL:COOLING COIL SENSIBLE COOLING RATE not valid for this simulation.
   ** Warning ** Processing Monthly Tabular Reports: CoilReportMonthly
   **   ~~~   ** ..Variable name=COOLING COIL WETTED AREA FRACTION not valid for this simulation.
   **   ~~~   ** ..i.e., Variable name=PATROOM7_MULT10_FLR_3 VAV BOX REHEAT COIL:COOLING COIL WETTED AREA FRACTION not valid for this simulation.
   ** Warning ** Processing Monthly Tabular Reports: CoilReportMonthly
   **   ~~~   ** ..Variable name=COOLING COIL TOTAL COOLING ENERGY not valid for this simulation.
   **   ~~~   ** ..i.e., Variable name=PATROOM8_FLR_3 VAV BOX REHEAT COIL:COOLING COIL TOTAL COOLING ENERGY not valid for this simulation.
   ** Warning ** Processing Monthly Tabular Reports: CoilReportMonthly
   **   ~~~   ** ..Variable name=COOLING COIL SENSIBLE COOLING ENERGY not valid for this simulation.
   **   ~~~   ** ..i.e., Variable name=PATROOM8_FLR_3 VAV BOX REHEAT COIL:COOLING COIL SENSIBLE COOLING ENERGY not valid for this simulation.
   ** Warning ** Processing Monthly Tabular Reports: CoilReportMonthly
   **   ~~~   ** ..Variable name=COOLING COIL TOTAL COOLING RATE not valid for this simulation.
   **   ~~~   ** ..i.e., Variable name=PATROOM8_FLR_3 VAV BOX REHEAT COIL:COOLING COIL TOTAL COOLING RATE not valid for this simulation.
   ** Warning ** Processing Monthly Tabular Reports: CoilReportMonthly
   **   ~~~   ** ..Variable name=COOLING COIL SENSIBLE COOLING RATE not valid for this simulation.
   **   ~~~   ** ..i.e., Variable name=PATROOM8_FLR_3 VAV BOX REHEAT COIL:COOLING COIL SENSIBLE COOLING RATE not valid for this simulation.
   ** Warning ** Processing Monthly Tabular Reports: CoilReportMonthly
   **   ~~~   ** ..Variable name=COOLING COIL WETTED AREA FRACTION not valid for this simulation.
   **   ~~~   ** ..i.e., Variable name=PATROOM8_FLR_3 VAV BOX REHEAT COIL:COOLING COIL WETTED AREA FRACTION not valid for this simulation.
   ** Warning ** Processing Monthly Tabular Reports: CoilReportMonthly
   **   ~~~   ** ..Variable name=COOLING COIL TOTAL COOLING ENERGY not valid for this simulation.
   **   ~~~   ** ..i.e., Variable name=PATROOM1_MULT10_FLR_4 VAV BOX REHEAT COIL:COOLING COIL TOTAL COOLING ENERGY not valid for this simulation.
   ** Warning ** Processing Monthly Tabular Reports: CoilReportMonthly
   **   ~~~   ** ..Variable name=COOLING COIL SENSIBLE COOLING ENERGY not valid for this simulation.
   **   ~~~   ** ..i.e., Variable name=PATROOM1_MULT10_FLR_4 VAV BOX REHEAT COIL:COOLING COIL SENSIBLE COOLING ENERGY not valid for this simulation.
   ** Warning ** Processing Monthly Tabular Reports: CoilReportMonthly
   **   ~~~   ** ..Variable name=COOLING COIL TOTAL COOLING RATE not valid for this simulation.
   **   ~~~   ** ..i.e., Variable name=PATROOM1_MULT10_FLR_4 VAV BOX REHEAT COIL:COOLING COIL TOTAL COOLING RATE not valid for this simulation.
   ** Warning ** Processing Monthly Tabular Reports: CoilReportMonthly
   **   ~~~   ** ..Variable name=COOLING COIL SENSIBLE COOLING RATE not valid for this simulation.
   **   ~~~   ** ..i.e., Variable name=PATROOM1_MULT10_FLR_4 VAV BOX REHEAT COIL:COOLING COIL SENSIBLE COOLING RATE not valid for this simulation.
   ** Warning ** Processing Monthly Tabular Reports: CoilReportMonthly
   **   ~~~   ** ..Variable name=COOLING COIL WETTED AREA FRACTION not valid for this simulation.
   **   ~~~   ** ..i.e., Variable name=PATROOM1_MULT10_FLR_4 VAV BOX REHEAT COIL:COOLING COIL WETTED AREA FRACTION not valid for this simulation.
   ** Warning ** Processing Monthly Tabular Reports: CoilReportMonthly
   **   ~~~   ** ..Variable name=COOLING COIL TOTAL COOLING ENERGY not valid for this simulation.
   **   ~~~   ** ..i.e., Variable name=PATROOM2_FLR_4 VAV BOX REHEAT COIL:COOLING COIL TOTAL COOLING ENERGY not valid for this simulation.
   ** Warning ** Processing Monthly Tabular Reports: CoilReportMonthly
   **   ~~~   ** ..Variable name=COOLING COIL SENSIBLE COOLING ENERGY not valid for this simulation.
   **   ~~~   ** ..i.e., Variable name=PATROOM2_FLR_4 VAV BOX REHEAT COIL:COOLING COIL SENSIBLE COOLING ENERGY not valid for this simulation.
   ** Warning ** Processing Monthly Tabular Reports: CoilReportMonthly
   **   ~~~   ** ..Variable name=COOLING COIL TOTAL COOLING RATE not valid for this simulation.
   **   ~~~   ** ..i.e., Variable name=PATROOM2_FLR_4 VAV BOX REHEAT COIL:COOLING COIL TOTAL COOLING RATE not valid for this simulation.
   ** Warning ** Processing Monthly Tabular Reports: CoilReportMonthly
   **   ~~~   ** ..Variable name=COOLING COIL SENSIBLE COOLING RATE not valid for this simulation.
   **   ~~~   ** ..i.e., Variable name=PATROOM2_FLR_4 VAV BOX REHEAT COIL:COOLING COIL SENSIBLE COOLING RATE not valid for this simulation.
   ** Warning ** Processing Monthly Tabular Reports: CoilReportMonthly
   **   ~~~   ** ..Variable name=COOLING COIL WETTED AREA FRACTION not valid for this simulation.
   **   ~~~   ** ..i.e., Variable name=PATROOM2_FLR_4 VAV BOX REHEAT COIL:COOLING COIL WETTED AREA FRACTION not valid for this simulation.
   ** Warning ** Processing Monthly Tabular Reports: CoilReportMonthly
   **   ~~~   ** ..Variable name=COOLING COIL TOTAL COOLING ENERGY not valid for this simulation.
   **   ~~~   ** ..i.e., Variable name=PATROOM3_MULT10_FLR_4 VAV BOX REHEAT COIL:COOLING COIL TOTAL COOLING ENERGY not valid for this simulation.
   ** Warning ** Processing Monthly Tabular Reports: CoilReportMonthly
   **   ~~~   ** ..Variable name=COOLING COIL SENSIBLE COOLING ENERGY not valid for this simulation.
   **   ~~~   ** ..i.e., Variable name=PATROOM3_MULT10_FLR_4 VAV BOX REHEAT COIL:COOLING COIL SENSIBLE COOLING ENERGY not valid for this simulation.
   ** Warning ** Processing Monthly Tabular Reports: CoilReportMonthly
   **   ~~~   ** ..Variable name=COOLING COIL TOTAL COOLING RATE not valid for this simulation.
   **   ~~~   ** ..i.e., Variable name=PATROOM3_MULT10_FLR_4 VAV BOX REHEAT COIL:COOLING COIL TOTAL COOLING RATE not valid for this simulation.
   ** Warning ** Processing Monthly Tabular Reports: CoilReportMonthly
   **   ~~~   ** ..Variable name=COOLING COIL SENSIBLE COOLING RATE not valid for this simulation.
   **   ~~~   ** ..i.e., Variable name=PATROOM3_MULT10_FLR_4 VAV BOX REHEAT COIL:COOLING COIL SENSIBLE COOLING RATE not valid for this simulation.
   ** Warning ** Processing Monthly Tabular Reports: CoilReportMonthly
   **   ~~~   ** ..Variable name=COOLING COIL WETTED AREA FRACTION not valid for this simulation.
   **   ~~~   ** ..i.e., Variable name=PATROOM3_MULT10_FLR_4 VAV BOX REHEAT COIL:COOLING COIL WETTED AREA FRACTION not valid for this simulation.
   ** Warning ** Processing Monthly Tabular Reports: CoilReportMonthly
   **   ~~~   ** ..Variable name=COOLING COIL TOTAL COOLING ENERGY not valid for this simulation.
   **   ~~~   ** ..i.e., Variable name=PATROOM4_FLR_4 VAV BOX REHEAT COIL:COOLING COIL TOTAL COOLING ENERGY not valid for this simulation.
   ** Warning ** Processing Monthly Tabular Reports: CoilReportMonthly
   **   ~~~   ** ..Variable name=COOLING COIL SENSIBLE COOLING ENERGY not valid for this simulation.
   **   ~~~   ** ..i.e., Variable name=PATROOM4_FLR_4 VAV BOX REHEAT COIL:COOLING COIL SENSIBLE COOLING ENERGY not valid for this simulation.
   ** Warning ** Processing Monthly Tabular Reports: CoilReportMonthly
   **   ~~~   ** ..Variable name=COOLING COIL TOTAL COOLING RATE not valid for this simulation.
   **   ~~~   ** ..i.e., Variable name=PATROOM4_FLR_4 VAV BOX REHEAT COIL:COOLING COIL TOTAL COOLING RATE not valid for this simulation.
   ** Warning ** Processing Monthly Tabular Reports: CoilReportMonthly
   **   ~~~   ** ..Variable name=COOLING COIL SENSIBLE COOLING RATE not valid for this simulation.
   **   ~~~   ** ..i.e., Variable name=PATROOM4_FLR_4 VAV BOX REHEAT COIL:COOLING COIL SENSIBLE COOLING RATE not valid for this simulation.
   ** Warning ** Processing Monthly Tabular Reports: CoilReportMonthly
   **   ~~~   ** ..Variable name=COOLING COIL WETTED AREA FRACTION not valid for this simulation.
   **   ~~~   ** ..i.e., Variable name=PATROOM4_FLR_4 VAV BOX REHEAT COIL:COOLING COIL WETTED AREA FRACTION not valid for this simulation.
   ** Warning ** Processing Monthly Tabular Reports: CoilReportMonthly
   **   ~~~   ** ..Variable name=COOLING COIL TOTAL COOLING ENERGY not valid for this simulation.
   **   ~~~   ** ..i.e., Variable name=PATROOM5_MULT10_FLR_4 VAV BOX REHEAT COIL:COOLING COIL TOTAL COOLING ENERGY not valid for this simulation.
   ** Warning ** Processing Monthly Tabular Reports: CoilReportMonthly
   **   ~~~   ** ..Variable name=COOLING COIL SENSIBLE COOLING ENERGY not valid for this simulation.
   **   ~~~   ** ..i.e., Variable name=PATROOM5_MULT10_FLR_4 VAV BOX REHEAT COIL:COOLING COIL SENSIBLE COOLING ENERGY not valid for this simulation.
   ** Warning ** Processing Monthly Tabular Reports: CoilReportMonthly
   **   ~~~   ** ..Variable name=COOLING COIL TOTAL COOLING RATE not valid for this simulation.
   **   ~~~   ** ..i.e., Variable name=PATROOM5_MULT10_FLR_4 VAV BOX REHEAT COIL:COOLING COIL TOTAL COOLING RATE not valid for this simulation.
   ** Warning ** Processing Monthly Tabular Reports: CoilReportMonthly
   **   ~~~   ** ..Variable name=COOLING COIL SENSIBLE COOLING RATE not valid for this simulation.
   **   ~~~   ** ..i.e., Variable name=PATROOM5_MULT10_FLR_4 VAV BOX REHEAT COIL:COOLING COIL SENSIBLE COOLING RATE not valid for this simulation.
   ** Warning ** Processing Monthly Tabular Reports: CoilReportMonthly
   **   ~~~   ** ..Variable name=COOLING COIL WETTED AREA FRACTION not valid for this simulation.
   **   ~~~   ** ..i.e., Variable name=PATROOM5_MULT10_FLR_4 VAV BOX REHEAT COIL:COOLING COIL WETTED AREA FRACTION not valid for this simulation.
   ** Warning ** Processing Monthly Tabular Reports: CoilReportMonthly
   **   ~~~   ** ..Variable name=COOLING COIL TOTAL COOLING ENERGY not valid for this simulation.
   **   ~~~   ** ..i.e., Variable name=PATROOM6_FLR_4 VAV BOX REHEAT COIL:COOLING COIL TOTAL COOLING ENERGY not valid for this simulation.
   ** Warning ** Processing Monthly Tabular Reports: CoilReportMonthly
   **   ~~~   ** ..Variable name=COOLING COIL SENSIBLE COOLING ENERGY not valid for this simulation.
   **   ~~~   ** ..i.e., Variable name=PATROOM6_FLR_4 VAV BOX REHEAT COIL:COOLING COIL SENSIBLE COOLING ENERGY not valid for this simulation.
   ** Warning ** Processing Monthly Tabular Reports: CoilReportMonthly
   **   ~~~   ** ..Variable name=COOLING COIL TOTAL COOLING RATE not valid for this simulation.
   **   ~~~   ** ..i.e., Variable name=PATROOM6_FLR_4 VAV BOX REHEAT COIL:COOLING COIL TOTAL COOLING RATE not valid for this simulation.
   ** Warning ** Processing Monthly Tabular Reports: CoilReportMonthly
   **   ~~~   ** ..Variable name=COOLING COIL SENSIBLE COOLING RATE not valid for this simulation.
   **   ~~~   ** ..i.e., Variable name=PATROOM6_FLR_4 VAV BOX REHEAT COIL:COOLING COIL SENSIBLE COOLING RATE not valid for this simulation.
   ** Warning ** Processing Monthly Tabular Reports: CoilReportMonthly
   **   ~~~   ** ..Variable name=COOLING COIL WETTED AREA FRACTION not valid for this simulation.
   **   ~~~   ** ..i.e., Variable name=PATROOM6_FLR_4 VAV BOX REHEAT COIL:COOLING COIL WETTED AREA FRACTION not valid for this simulation.
   ** Warning ** Processing Monthly Tabular Reports: CoilReportMonthly
   **   ~~~   ** ..Variable name=COOLING COIL TOTAL COOLING ENERGY not valid for this simulation.
   **   ~~~   ** ..i.e., Variable name=PATROOM7_MULT10_FLR_4 VAV BOX REHEAT COIL:COOLING COIL TOTAL COOLING ENERGY not valid for this simulation.
   ** Warning ** Processing Monthly Tabular Reports: CoilReportMonthly
   **   ~~~   ** ..Variable name=COOLING COIL SENSIBLE COOLING ENERGY not valid for this simulation.
   **   ~~~   ** ..i.e., Variable name=PATROOM7_MULT10_FLR_4 VAV BOX REHEAT COIL:COOLING COIL SENSIBLE COOLING ENERGY not valid for this simulation.
   ** Warning ** Processing Monthly Tabular Reports: CoilReportMonthly
   **   ~~~   ** ..Variable name=COOLING COIL TOTAL COOLING RATE not valid for this simulation.
   **   ~~~   ** ..i.e., Variable name=PATROOM7_MULT10_FLR_4 VAV BOX REHEAT COIL:COOLING COIL TOTAL COOLING RATE not valid for this simulation.
   ** Warning ** Processing Monthly Tabular Reports: CoilReportMonthly
   **   ~~~   ** ..Variable name=COOLING COIL SENSIBLE COOLING RATE not valid for this simulation.
   **   ~~~   ** ..i.e., Variable name=PATROOM7_MULT10_FLR_4 VAV BOX REHEAT COIL:COOLING COIL SENSIBLE COOLING RATE not valid for this simulation.
   ** Warning ** Processing Monthly Tabular Reports: CoilReportMonthly
   **   ~~~   ** ..Variable name=COOLING COIL WETTED AREA FRACTION not valid for this simulation.
   **   ~~~   ** ..i.e., Variable name=PATROOM7_MULT10_FLR_4 VAV BOX REHEAT COIL:COOLING COIL WETTED AREA FRACTION not valid for this simulation.
   ** Warning ** Processing Monthly Tabular Reports: CoilReportMonthly
   **   ~~~   ** ..Variable name=COOLING COIL TOTAL COOLING ENERGY not valid for this simulation.
   **   ~~~   ** ..i.e., Variable name=PATROOM8_FLR_4 VAV BOX REHEAT COIL:COOLING COIL TOTAL COOLING ENERGY not valid for this simulation.
   ** Warning ** Processing Monthly Tabular Reports: CoilReportMonthly
   **   ~~~   ** ..Variable name=COOLING COIL SENSIBLE COOLING ENERGY not valid for this simulation.
   **   ~~~   ** ..i.e., Variable name=PATROOM8_FLR_4 VAV BOX REHEAT COIL:COOLING COIL SENSIBLE COOLING ENERGY not valid for this simulation.
   ** Warning ** Processing Monthly Tabular Reports: CoilReportMonthly
   **   ~~~   ** ..Variable name=COOLING COIL TOTAL COOLING RATE not valid for this simulation.
   **   ~~~   ** ..i.e., Variable name=PATROOM8_FLR_4 VAV BOX REHEAT COIL:COOLING COIL TOTAL COOLING RATE not valid for this simulation.
   ** Warning ** Processing Monthly Tabular Reports: CoilReportMonthly
   **   ~~~   ** ..Variable name=COOLING COIL SENSIBLE COOLING RATE not valid for this simulation.
   **   ~~~   ** ..i.e., Variable name=PATROOM8_FLR_4 VAV BOX REHEAT COIL:COOLING COIL SENSIBLE COOLING RATE not valid for this simulation.
   ** Warning ** Processing Monthly Tabular Reports: CoilReportMonthly
   **   ~~~   ** ..Variable name=COOLING COIL WETTED AREA FRACTION not valid for this simulation.
   **   ~~~   ** ..i.e., Variable name=PATROOM8_FLR_4 VAV BOX REHEAT COIL:COOLING COIL WETTED AREA FRACTION not valid for this simulation.
   ** Warning ** Processing Monthly Tabular Reports: CoilReportMonthly
   **   ~~~   ** ..Variable name=COOLING COIL TOTAL COOLING ENERGY not valid for this simulation.
   **   ~~~   ** ..i.e., Variable name=VAV_LABS HEATING COIL:COOLING COIL TOTAL COOLING ENERGY not valid for this simulation.
   ** Warning ** Processing Monthly Tabular Reports: CoilReportMonthly
   **   ~~~   ** ..Variable name=COOLING COIL SENSIBLE COOLING ENERGY not valid for this simulation.
   **   ~~~   ** ..i.e., Variable name=VAV_LABS HEATING COIL:COOLING COIL SENSIBLE COOLING ENERGY not valid for this simulation.
   ** Warning ** Processing Monthly Tabular Reports: CoilReportMonthly
   **   ~~~   ** ..Variable name=COOLING COIL TOTAL COOLING RATE not valid for this simulation.
   **   ~~~   ** ..i.e., Variable name=VAV_LABS HEATING COIL:COOLING COIL TOTAL COOLING RATE not valid for this simulation.
   ** Warning ** Processing Monthly Tabular Reports: CoilReportMonthly
   **   ~~~   ** ..Variable name=COOLING COIL SENSIBLE COOLING RATE not valid for this simulation.
   **   ~~~   ** ..i.e., Variable name=VAV_LABS HEATING COIL:COOLING COIL SENSIBLE COOLING RATE not valid for this simulation.
   ** Warning ** Processing Monthly Tabular Reports: CoilReportMonthly
   **   ~~~   ** ..Variable name=COOLING COIL WETTED AREA FRACTION not valid for this simulation.
   **   ~~~   ** ..i.e., Variable name=VAV_LABS HEATING COIL:COOLING COIL WETTED AREA FRACTION not valid for this simulation.
   ** Warning ** Processing Monthly Tabular Reports: CoilReportMonthly
   **   ~~~   ** ..Variable name=COOLING COIL TOTAL COOLING ENERGY not valid for this simulation.
   **   ~~~   ** ..i.e., Variable name=LAB_FLR_3 VAV BOX REHEAT COIL:COOLING COIL TOTAL COOLING ENERGY not valid for this simulation.
   ** Warning ** Processing Monthly Tabular Reports: CoilReportMonthly
   **   ~~~   ** ..Variable name=COOLING COIL SENSIBLE COOLING ENERGY not valid for this simulation.
   **   ~~~   ** ..i.e., Variable name=LAB_FLR_3 VAV BOX REHEAT COIL:COOLING COIL SENSIBLE COOLING ENERGY not valid for this simulation.
   ** Warning ** Processing Monthly Tabular Reports: CoilReportMonthly
   **   ~~~   ** ..Variable name=COOLING COIL TOTAL COOLING RATE not valid for this simulation.
   **   ~~~   ** ..i.e., Variable name=LAB_FLR_3 VAV BOX REHEAT COIL:COOLING COIL TOTAL COOLING RATE not valid for this simulation.
   ** Warning ** Processing Monthly Tabular Reports: CoilReportMonthly
   **   ~~~   ** ..Variable name=COOLING COIL SENSIBLE COOLING RATE not valid for this simulation.
   **   ~~~   ** ..i.e., Variable name=LAB_FLR_3 VAV BOX REHEAT COIL:COOLING COIL SENSIBLE COOLING RATE not valid for this simulation.
   ** Warning ** Processing Monthly Tabular Reports: CoilReportMonthly
   **   ~~~   ** ..Variable name=COOLING COIL WETTED AREA FRACTION not valid for this simulation.
   **   ~~~   ** ..i.e., Variable name=LAB_FLR_3 VAV BOX REHEAT COIL:COOLING COIL WETTED AREA FRACTION not valid for this simulation.
   ** Warning ** Processing Monthly Tabular Reports: CoilReportMonthly
   **   ~~~   ** ..Variable name=COOLING COIL TOTAL COOLING ENERGY not valid for this simulation.
   **   ~~~   ** ..i.e., Variable name=LAB_FLR_4 VAV BOX REHEAT COIL:COOLING COIL TOTAL COOLING ENERGY not valid for this simulation.
   ** Warning ** Processing Monthly Tabular Reports: CoilReportMonthly
   **   ~~~   ** ..Variable name=COOLING COIL SENSIBLE COOLING ENERGY not valid for this simulation.
   **   ~~~   ** ..i.e., Variable name=LAB_FLR_4 VAV BOX REHEAT COIL:COOLING COIL SENSIBLE COOLING ENERGY not valid for this simulation.
   ** Warning ** Processing Monthly Tabular Reports: CoilReportMonthly
   **   ~~~   ** ..Variable name=COOLING COIL TOTAL COOLING RATE not valid for this simulation.
   **   ~~~   ** ..i.e., Variable name=LAB_FLR_4 VAV BOX REHEAT COIL:COOLING COIL TOTAL COOLING RATE not valid for this simulation.
   ** Warning ** Processing Monthly Tabular Reports: CoilReportMonthly
   **   ~~~   ** ..Variable name=COOLING COIL SENSIBLE COOLING RATE not valid for this simulation.
   **   ~~~   ** ..i.e., Variable name=LAB_FLR_4 VAV BOX REHEAT COIL:COOLING COIL SENSIBLE COOLING RATE not valid for this simulation.
   ** Warning ** Processing Monthly Tabular Reports: CoilReportMonthly
   **   ~~~   ** ..Variable name=COOLING COIL WETTED AREA FRACTION not valid for this simulation.
   **   ~~~   ** ..i.e., Variable name=LAB_FLR_4 VAV BOX REHEAT COIL:COOLING COIL WETTED AREA FRACTION not valid for this simulation.
   ** Warning ** Processing Monthly Tabular Reports: CoilReportMonthly
   **   ~~~   ** ..Variable name=COOLING COIL TOTAL COOLING ENERGY not valid for this simulation.
   **   ~~~   ** ..i.e., Variable name=CAV_KITCHEN HEATING COIL:COOLING COIL TOTAL COOLING ENERGY not valid for this simulation.
   ** Warning ** Processing Monthly Tabular Reports: CoilReportMonthly
   **   ~~~   ** ..Variable name=COOLING COIL SENSIBLE COOLING ENERGY not valid for this simulation.
   **   ~~~   ** ..i.e., Variable name=CAV_KITCHEN HEATING COIL:COOLING COIL SENSIBLE COOLING ENERGY not valid for this simulation.
   ** Warning ** Processing Monthly Tabular Reports: CoilReportMonthly
   **   ~~~   ** ..Variable name=COOLING COIL TOTAL COOLING RATE not valid for this simulation.
   **   ~~~   ** ..i.e., Variable name=CAV_KITCHEN HEATING COIL:COOLING COIL TOTAL COOLING RATE not valid for this simulation.
   ** Warning ** Processing Monthly Tabular Reports: CoilReportMonthly
   **   ~~~   ** ..Variable name=COOLING COIL SENSIBLE COOLING RATE not valid for this simulation.
   **   ~~~   ** ..i.e., Variable name=CAV_KITCHEN HEATING COIL:COOLING COIL SENSIBLE COOLING RATE not valid for this simulation.
   ** Warning ** Processing Monthly Tabular Reports: CoilReportMonthly
   **   ~~~   ** ..Variable name=COOLING COIL WETTED AREA FRACTION not valid for this simulation.
   **   ~~~   ** ..i.e., Variable name=CAV_KITCHEN HEATING COIL:COOLING COIL WETTED AREA FRACTION not valid for this simulation.
   ** Warning ** Processing Monthly Tabular Reports: CoilReportMonthly
   **   ~~~   ** ..Variable name=HEATING COIL HEATING ENERGY not valid for this simulation.
   **   ~~~   ** ..i.e., Variable name=VAV_1 COOLING COIL:HEATING COIL HEATING ENERGY not valid for this simulation.
   ** Warning ** Processing Monthly Tabular Reports: CoilReportMonthly
   **   ~~~   ** ..Variable name=HEATING COIL HEATING RATE not valid for this simulation.
   **   ~~~   ** ..i.e., Variable name=VAV_1 COOLING COIL:HEATING COIL HEATING RATE not valid for this simulation.
   ** Warning ** Processing Monthly Tabular Reports: CoilReportMonthly
   **   ~~~   ** ..Variable name=HEATING COIL HEATING ENERGY not valid for this simulation.
   **   ~~~   ** ..i.e., Variable name=VAV_2 COOLING COIL:HEATING COIL HEATING ENERGY not valid for this simulation.
   ** Warning ** Processing Monthly Tabular Reports: CoilReportMonthly
   **   ~~~   ** ..Variable name=HEATING COIL HEATING RATE not valid for this simulation.
   **   ~~~   ** ..i.e., Variable name=VAV_2 COOLING COIL:HEATING COIL HEATING RATE not valid for this simulation.
   ** Warning ** Processing Monthly Tabular Reports: CoilReportMonthly
   **   ~~~   ** ..Variable name=HEATING COIL HEATING ENERGY not valid for this simulation.
   **   ~~~   ** ..i.e., Variable name=VAV_ER COOLING COIL:HEATING COIL HEATING ENERGY not valid for this simulation.
   ** Warning ** Processing Monthly Tabular Reports: CoilReportMonthly
   **   ~~~   ** ..Variable name=HEATING COIL HEATING RATE not valid for this simulation.
   **   ~~~   ** ..i.e., Variable name=VAV_ER COOLING COIL:HEATING COIL HEATING RATE not valid for this simulation.
   ** Warning ** Processing Monthly Tabular Reports: CoilReportMonthly
   **   ~~~   ** ..Variable name=HEATING COIL HEATING ENERGY not valid for this simulation.
   **   ~~~   ** ..i.e., Variable name=VAV_OR COOLING COIL:HEATING COIL HEATING ENERGY not valid for this simulation.
   ** Warning ** Processing Monthly Tabular Reports: CoilReportMonthly
   **   ~~~   ** ..Variable name=HEATING COIL HEATING RATE not valid for this simulation.
   **   ~~~   ** ..i.e., Variable name=VAV_OR COOLING COIL:HEATING COIL HEATING RATE not valid for this simulation.
   ** Warning ** Processing Monthly Tabular Reports: CoilReportMonthly
   **   ~~~   ** ..Variable name=HEATING COIL HEATING ENERGY not valid for this simulation.
   **   ~~~   ** ..i.e., Variable name=VAV_ICU COOLING COIL:HEATING COIL HEATING ENERGY not valid for this simulation.
   ** Warning ** Processing Monthly Tabular Reports: CoilReportMonthly
   **   ~~~   ** ..Variable name=HEATING COIL HEATING RATE not valid for this simulation.
   **   ~~~   ** ..i.e., Variable name=VAV_ICU COOLING COIL:HEATING COIL HEATING RATE not valid for this simulation.
   ** Warning ** Processing Monthly Tabular Reports: CoilReportMonthly
   **   ~~~   ** ..Variable name=HEATING COIL HEATING ENERGY not valid for this simulation.
   **   ~~~   ** ..i.e., Variable name=VAV_PATRMS COOLING COIL:HEATING COIL HEATING ENERGY not valid for this simulation.
   ** Warning ** Processing Monthly Tabular Reports: CoilReportMonthly
   **   ~~~   ** ..Variable name=HEATING COIL HEATING RATE not valid for this simulation.
   **   ~~~   ** ..i.e., Variable name=VAV_PATRMS COOLING COIL:HEATING COIL HEATING RATE not valid for this simulation.
   ** Warning ** Processing Monthly Tabular Reports: CoilReportMonthly
   **   ~~~   ** ..Variable name=HEATING COIL HEATING ENERGY not valid for this simulation.
   **   ~~~   ** ..i.e., Variable name=VAV_LABS COOLING COIL:HEATING COIL HEATING ENERGY not valid for this simulation.
   ** Warning ** Processing Monthly Tabular Reports: CoilReportMonthly
   **   ~~~   ** ..Variable name=HEATING COIL HEATING RATE not valid for this simulation.
   **   ~~~   ** ..i.e., Variable name=VAV_LABS COOLING COIL:HEATING COIL HEATING RATE not valid for this simulation.
   ** Warning ** Processing Monthly Tabular Reports: CoilReportMonthly
   **   ~~~   ** ..Variable name=HEATING COIL HEATING ENERGY not valid for this simulation.
   **   ~~~   ** ..i.e., Variable name=CAV_KITCHEN COOLING COIL:HEATING COIL HEATING ENERGY not valid for this simulation.
   ** Warning ** Processing Monthly Tabular Reports: CoilReportMonthly
   **   ~~~   ** ..Variable name=HEATING COIL HEATING RATE not valid for this simulation.
   **   ~~~   ** ..i.e., Variable name=CAV_KITCHEN COOLING COIL:HEATING COIL HEATING RATE not valid for this simulation.
   ** Warning ** Processing Monthly Tabular Reports: AirLoopSystemEnergyAndWaterUseMonthly
   **   ~~~   ** ..Variable name=AIR SYSTEM NATURAL GAS ENERGY not valid for this simulation.
   ** Warning ** Processing Monthly Tabular Reports: AirLoopSystemEnergyAndWaterUseMonthly
   **   ~~~   ** ..Variable name=AIR SYSTEM NATURAL GAS ENERGY not valid for this simulation.
   **   ~~~   ** ..i.e., Variable name=VAV_1:AIR SYSTEM NATURAL GAS ENERGY not valid for this simulation.
   ** Warning ** Processing Monthly Tabular Reports: AirLoopSystemEnergyAndWaterUseMonthly
   **   ~~~   ** ..Variable name=AIR SYSTEM NATURAL GAS ENERGY not valid for this simulation.
   **   ~~~   ** ..i.e., Variable name=VAV_2:AIR SYSTEM NATURAL GAS ENERGY not valid for this simulation.
   ** Warning ** Processing Monthly Tabular Reports: AirLoopSystemEnergyAndWaterUseMonthly
   **   ~~~   ** ..Variable name=AIR SYSTEM NATURAL GAS ENERGY not valid for this simulation.
   **   ~~~   ** ..i.e., Variable name=VAV_ER:AIR SYSTEM NATURAL GAS ENERGY not valid for this simulation.
   ** Warning ** Processing Monthly Tabular Reports: AirLoopSystemEnergyAndWaterUseMonthly
   **   ~~~   ** ..Variable name=AIR SYSTEM NATURAL GAS ENERGY not valid for this simulation.
   **   ~~~   ** ..i.e., Variable name=VAV_OR:AIR SYSTEM NATURAL GAS ENERGY not valid for this simulation.
   ** Warning ** Processing Monthly Tabular Reports: AirLoopSystemEnergyAndWaterUseMonthly
   **   ~~~   ** ..Variable name=AIR SYSTEM NATURAL GAS ENERGY not valid for this simulation.
   **   ~~~   ** ..i.e., Variable name=VAV_ICU:AIR SYSTEM NATURAL GAS ENERGY not valid for this simulation.
   ** Warning ** Processing Monthly Tabular Reports: AirLoopSystemEnergyAndWaterUseMonthly
   **   ~~~   ** ..Variable name=AIR SYSTEM NATURAL GAS ENERGY not valid for this simulation.
   **   ~~~   ** ..i.e., Variable name=VAV_PATRMS:AIR SYSTEM NATURAL GAS ENERGY not valid for this simulation.
   ** Warning ** Processing Monthly Tabular Reports: AirLoopSystemEnergyAndWaterUseMonthly
   **   ~~~   ** ..Variable name=AIR SYSTEM NATURAL GAS ENERGY not valid for this simulation.
   **   ~~~   ** ..i.e., Variable name=VAV_LABS:AIR SYSTEM NATURAL GAS ENERGY not valid for this simulation.
   ** Warning ** Processing Monthly Tabular Reports: AirLoopSystemEnergyAndWaterUseMonthly
   **   ~~~   ** ..Variable name=AIR SYSTEM NATURAL GAS ENERGY not valid for this simulation.
   **   ~~~   ** ..i.e., Variable name=CAV_KITCHEN:AIR SYSTEM NATURAL GAS ENERGY not valid for this simulation.
   ** Warning ** Processing Monthly Tabular Reports: AirLoopSystemComponentEnergyUseMonthly
   **   ~~~   ** ..Variable name=AIR SYSTEM HEATING COIL NATURAL GAS ENERGY not valid for this simulation.
   ** Warning ** Processing Monthly Tabular Reports: AirLoopSystemComponentEnergyUseMonthly
   **   ~~~   ** ..Variable name=AIR SYSTEM HUMIDIFIER NATURAL GAS ENERGY not valid for this simulation.
   ** Warning ** Processing Monthly Tabular Reports: AirLoopSystemComponentEnergyUseMonthly
   **   ~~~   ** ..Variable name=AIR SYSTEM HEATING COIL NATURAL GAS ENERGY not valid for this simulation.
   **   ~~~   ** ..i.e., Variable name=VAV_1:AIR SYSTEM HEATING COIL NATURAL GAS ENERGY not valid for this simulation.
   ** Warning ** Processing Monthly Tabular Reports: AirLoopSystemComponentEnergyUseMonthly
   **   ~~~   ** ..Variable name=AIR SYSTEM HUMIDIFIER NATURAL GAS ENERGY not valid for this simulation.
   **   ~~~   ** ..i.e., Variable name=VAV_1:AIR SYSTEM HUMIDIFIER NATURAL GAS ENERGY not valid for this simulation.
   ** Warning ** Processing Monthly Tabular Reports: AirLoopSystemComponentEnergyUseMonthly
   **   ~~~   ** ..Variable name=AIR SYSTEM HEATING COIL NATURAL GAS ENERGY not valid for this simulation.
   **   ~~~   ** ..i.e., Variable name=VAV_2:AIR SYSTEM HEATING COIL NATURAL GAS ENERGY not valid for this simulation.
   ** Warning ** Processing Monthly Tabular Reports: AirLoopSystemComponentEnergyUseMonthly
   **   ~~~   ** ..Variable name=AIR SYSTEM HUMIDIFIER NATURAL GAS ENERGY not valid for this simulation.
   **   ~~~   ** ..i.e., Variable name=VAV_2:AIR SYSTEM HUMIDIFIER NATURAL GAS ENERGY not valid for this simulation.
   ** Warning ** Processing Monthly Tabular Reports: AirLoopSystemComponentEnergyUseMonthly
   **   ~~~   ** ..Variable name=AIR SYSTEM HEATING COIL NATURAL GAS ENERGY not valid for this simulation.
   **   ~~~   ** ..i.e., Variable name=VAV_ER:AIR SYSTEM HEATING COIL NATURAL GAS ENERGY not valid for this simulation.
   ** Warning ** Processing Monthly Tabular Reports: AirLoopSystemComponentEnergyUseMonthly
   **   ~~~   ** ..Variable name=AIR SYSTEM HUMIDIFIER NATURAL GAS ENERGY not valid for this simulation.
   **   ~~~   ** ..i.e., Variable name=VAV_ER:AIR SYSTEM HUMIDIFIER NATURAL GAS ENERGY not valid for this simulation.
   ** Warning ** Processing Monthly Tabular Reports: AirLoopSystemComponentEnergyUseMonthly
   **   ~~~   ** ..Variable name=AIR SYSTEM HEATING COIL NATURAL GAS ENERGY not valid for this simulation.
   **   ~~~   ** ..i.e., Variable name=VAV_OR:AIR SYSTEM HEATING COIL NATURAL GAS ENERGY not valid for this simulation.
   ** Warning ** Processing Monthly Tabular Reports: AirLoopSystemComponentEnergyUseMonthly
   **   ~~~   ** ..Variable name=AIR SYSTEM HUMIDIFIER NATURAL GAS ENERGY not valid for this simulation.
   **   ~~~   ** ..i.e., Variable name=VAV_OR:AIR SYSTEM HUMIDIFIER NATURAL GAS ENERGY not valid for this simulation.
   ** Warning ** Processing Monthly Tabular Reports: AirLoopSystemComponentEnergyUseMonthly
   **   ~~~   ** ..Variable name=AIR SYSTEM HEATING COIL NATURAL GAS ENERGY not valid for this simulation.
   **   ~~~   ** ..i.e., Variable name=VAV_ICU:AIR SYSTEM HEATING COIL NATURAL GAS ENERGY not valid for this simulation.
   ** Warning ** Processing Monthly Tabular Reports: AirLoopSystemComponentEnergyUseMonthly
   **   ~~~   ** ..Variable name=AIR SYSTEM HUMIDIFIER NATURAL GAS ENERGY not valid for this simulation.
   **   ~~~   ** ..i.e., Variable name=VAV_ICU:AIR SYSTEM HUMIDIFIER NATURAL GAS ENERGY not valid for this simulation.
   ** Warning ** Processing Monthly Tabular Reports: AirLoopSystemComponentEnergyUseMonthly
   **   ~~~   ** ..Variable name=AIR SYSTEM HEATING COIL NATURAL GAS ENERGY not valid for this simulation.
   **   ~~~   ** ..i.e., Variable name=VAV_PATRMS:AIR SYSTEM HEATING COIL NATURAL GAS ENERGY not valid for this simulation.
   ** Warning ** Processing Monthly Tabular Reports: AirLoopSystemComponentEnergyUseMonthly
   **   ~~~   ** ..Variable name=AIR SYSTEM HUMIDIFIER NATURAL GAS ENERGY not valid for this simulation.
   **   ~~~   ** ..i.e., Variable name=VAV_PATRMS:AIR SYSTEM HUMIDIFIER NATURAL GAS ENERGY not valid for this simulation.
   ** Warning ** Processing Monthly Tabular Reports: AirLoopSystemComponentEnergyUseMonthly
   **   ~~~   ** ..Variable name=AIR SYSTEM HEATING COIL NATURAL GAS ENERGY not valid for this simulation.
   **   ~~~   ** ..i.e., Variable name=VAV_LABS:AIR SYSTEM HEATING COIL NATURAL GAS ENERGY not valid for this simulation.
   ** Warning ** Processing Monthly Tabular Reports: AirLoopSystemComponentEnergyUseMonthly
   **   ~~~   ** ..Variable name=AIR SYSTEM HUMIDIFIER NATURAL GAS ENERGY not valid for this simulation.
   **   ~~~   ** ..i.e., Variable name=VAV_LABS:AIR SYSTEM HUMIDIFIER NATURAL GAS ENERGY not valid for this simulation.
   ** Warning ** Processing Monthly Tabular Reports: AirLoopSystemComponentEnergyUseMonthly
   **   ~~~   ** ..Variable name=AIR SYSTEM HEATING COIL NATURAL GAS ENERGY not valid for this simulation.
   **   ~~~   ** ..i.e., Variable name=CAV_KITCHEN:AIR SYSTEM HEATING COIL NATURAL GAS ENERGY not valid for this simulation.
   ** Warning ** Processing Monthly Tabular Reports: AirLoopSystemComponentEnergyUseMonthly
   **   ~~~   ** ..Variable name=AIR SYSTEM HUMIDIFIER NATURAL GAS ENERGY not valid for this simulation.
   **   ~~~   ** ..i.e., Variable name=CAV_KITCHEN:AIR SYSTEM HUMIDIFIER NATURAL GAS ENERGY not valid for this simulation.
   ** Warning ** CoolingTower:VariableSpeed "TOWERWATERSYS COOLTOWER 1" - Tower range temperature is outside model boundaries at 2.71E-003.
   **   ~~~   **  ...Valid range = 1.11 to 11.11. Occurrence info = RUNPERIOD 1, 01/01 05:10 - 05:20
   **   ~~~   **  ...Tower range temperature passed to the model = 2.70699E-003
   **   ~~~   **  ...Range temperatures outside model boundaries may not adversely affect tower performance.
   **   ~~~   **  ...This is not an unexpected occurrence when simulating actual conditions.
   ** Warning ** CoolingTower:VariableSpeed "TOWERWATERSYS COOLTOWER 1" - Inlet air wet-bulb temperature is outside model boundaries at -1.96.
   **   ~~~   **  ...Valid range = -1.00 to 26.67. Occurrence info = RUNPERIOD 1, 01/01 05:10 - 05:20
   **   ~~~   **  ...Inlet air wet-bulb temperature passed to the model = -1.000000
   **   ~~~   **  ...Wet-bulb temperatures outside model boundaries may not adversely affect tower performance.
   ** Warning ** CoolingTower:VariableSpeed "TOWERWATERSYS COOLTOWER 1" - Tower approach temperature is outside model boundaries at 23.06.
   **   ~~~   **  ...Valid range = 1.11 to 11.11. Occurrence info = RUNPERIOD 1, 01/01 05:10 - 05:20
   **   ~~~   **  ...Tower approach temperature passed to the model = 23.05515
   **   ~~~   **  ...Approach temperatures outside model boundaries may not adversely affect tower performance.
   **   ~~~   **  ...This is not an unexpected occurrence when simulating actual conditions.
   ** Warning ** CoolingTower:VariableSpeed "TOWERWATERSYS COOLTOWER 1" - Water flow rate ratio is outside model boundaries at 0.31.
   **   ~~~   **  ...Valid range = 0.75 to 1.25. Occurrence info = RUNPERIOD 1, 01/01 05:10 - 05:20
   **   ~~~   **  ...Water flow rate ratio passed to the model = 0.75000
   **   ~~~   **  ...Water flow rate ratios outside model boundaries may not adversely affect tower performance.
   ** Warning ** CoolingTower:VariableSpeed "TOWERWATERSYS COOLTOWER 1" - Inlet air wet-bulb temperature is outside model boundaries at -2.06.
   **   ~~~   **  ...Valid range = -1.00 to 26.67. Occurrence info = RUNPERIOD 1, 01/01 05:20 - 05:30
   **   ~~~   **  ...Inlet air wet-bulb temperature passed to the model = -1.000000
   **   ~~~   **  ...Wet-bulb temperatures outside model boundaries may not adversely affect tower performance.
   ** Warning ** CoolingTower:VariableSpeed "TOWERWATERSYS COOLTOWER 1" - Water flow rate ratio is outside model boundaries at 0.31.
   **   ~~~   **  ...Valid range = 0.75 to 1.25. Occurrence info = RUNPERIOD 1, 01/01 05:20 - 05:30
   **   ~~~   **  ...Water flow rate ratio passed to the model = 0.75000
   **   ~~~   **  ...Water flow rate ratios outside model boundaries may not adversely affect tower performance.
   ** Warning ** CalcEquipmentFlowRates: "OR1_FLR_2 SUB CAT" - Target water temperature is greater than the hot water temperature by (0.58 C)
   **   ~~~   **  Environment=RUNPERIOD 1, at Simulation time=01/01 08:00 - 08:10
   **   ~~~   ** ...target water temperature     = 60.00 C
   **   ~~~   ** ...hot water temperature        = 59.42 C
   **   ~~~   ** ...Target water temperature should be less than or equal to the hot water temperature. Verify temperature setpoints and schedules.
   ** Warning ** CalcEquipmentFlowRates: "OR2_MULT5_FLR_2 SUB CAT" - Target water temperature is greater than the hot water temperature by (0.58 C)
   **   ~~~   **  Environment=RUNPERIOD 1, at Simulation time=01/01 08:00 - 08:10
   **   ~~~   ** ...target water temperature     = 60.00 C
   **   ~~~   ** ...hot water temperature        = 59.42 C
   **   ~~~   ** ...Target water temperature should be less than or equal to the hot water temperature. Verify temperature setpoints and schedules.
   ** Warning ** CalcEquipmentFlowRates: "OR3_FLR_2 SUB CAT" - Target water temperature is greater than the hot water temperature by (0.58 C)
   **   ~~~   **  Environment=RUNPERIOD 1, at Simulation time=01/01 08:00 - 08:10
   **   ~~~   ** ...target water temperature     = 60.00 C
   **   ~~~   ** ...hot water temperature        = 59.42 C
   **   ~~~   ** ...Target water temperature should be less than or equal to the hot water temperature. Verify temperature setpoints and schedules.
   ** Warning ** CalcEquipmentFlowRates: "OR4_FLR_2 SUB CAT" - Target water temperature is greater than the hot water temperature by (0.58 C)
   **   ~~~   **  Environment=RUNPERIOD 1, at Simulation time=01/01 08:00 - 08:10
   **   ~~~   ** ...target water temperature     = 60.00 C
   **   ~~~   ** ...hot water temperature        = 59.42 C
   **   ~~~   ** ...Target water temperature should be less than or equal to the hot water temperature. Verify temperature setpoints and schedules.
   ** Warning ** CalcEquipmentFlowRates: "PHYSTHERAPY_FLR_3 SUB CAT" - Target water temperature is greater than the hot water temperature by (0.58 C)
   **   ~~~   **  Environment=RUNPERIOD 1, at Simulation time=01/01 08:00 - 08:10
   **   ~~~   ** ...target water temperature     = 60.00 C
   **   ~~~   ** ...hot water temperature        = 59.42 C
   **   ~~~   ** ...Target water temperature should be less than or equal to the hot water temperature. Verify temperature setpoints and schedules.
   ** Warning ** CalcEquipmentFlowRates: "LAB_FLR_3 SUB CAT" - Target water temperature is greater than the hot water temperature by (0.58 C)
   **   ~~~   **  Environment=RUNPERIOD 1, at Simulation time=01/01 08:00 - 08:10
   **   ~~~   ** ...target water temperature     = 60.00 C
   **   ~~~   ** ...hot water temperature        = 59.42 C
   **   ~~~   ** ...Target water temperature should be less than or equal to the hot water temperature. Verify temperature setpoints and schedules.
   ** Warning ** CalcEquipmentFlowRates: "LAB_FLR_4 SUB CAT" - Target water temperature is greater than the hot water temperature by (0.58 C)
   **   ~~~   **  Environment=RUNPERIOD 1, at Simulation time=01/01 08:00 - 08:10
   **   ~~~   ** ...target water temperature     = 60.00 C
   **   ~~~   ** ...hot water temperature        = 59.42 C
   **   ~~~   ** ...Target water temperature should be less than or equal to the hot water temperature. Verify temperature setpoints and schedules.
   ** Warning ** CoolingTower:VariableSpeed "TOWERWATERSYS COOLTOWER 1" - Inlet air wet-bulb temperature is outside model boundaries at -2.17.
   **   ~~~   **  ...Valid range = -1.00 to 26.67. Occurrence info = RUNPERIOD 1, 01/01 05:30 - 05:40
   **   ~~~   **  ...Inlet air wet-bulb temperature passed to the model = -1.000000
   **   ~~~   **  ...Wet-bulb temperatures outside model boundaries may not adversely affect tower performance.
   ** Warning ** CoolingTower:VariableSpeed "TOWERWATERSYS COOLTOWER 1" - Water flow rate ratio is outside model boundaries at 0.31.
   **   ~~~   **  ...Valid range = 0.75 to 1.25. Occurrence info = RUNPERIOD 1, 01/01 05:30 - 05:40
   **   ~~~   **  ...Water flow rate ratio passed to the model = 0.75000
   **   ~~~   **  ...Water flow rate ratios outside model boundaries may not adversely affect tower performance.
   ** Warning ** CoolingTower:VariableSpeed "TOWERWATERSYS COOLTOWER 1" - Inlet air wet-bulb temperature is outside model boundaries at -3.01.
   **   ~~~   **  ...Valid range = -1.00 to 26.67. Occurrence info = RUNPERIOD 1, 01/01 11:10 - 11:20
   **   ~~~   **  ...Inlet air wet-bulb temperature passed to the model = -1.000000
   **   ~~~   **  ...Wet-bulb temperatures outside model boundaries may not adversely affect tower performance.
   ** Warning ** CoolingTower:VariableSpeed "TOWERWATERSYS COOLTOWER 1" - Water flow rate ratio is outside model boundaries at 0.31.
   **   ~~~   **  ...Valid range = 0.75 to 1.25. Occurrence info = RUNPERIOD 1, 01/01 11:10 - 11:20
   **   ~~~   **  ...Water flow rate ratio passed to the model = 0.75000
   **   ~~~   **  ...Water flow rate ratios outside model boundaries may not adversely affect tower performance.
   ** Warning ** CoolingTower:VariableSpeed "TOWERWATERSYS COOLTOWER 1" - Inlet air wet-bulb temperature is outside model boundaries at -2.98.
   **   ~~~   **  ...Valid range = -1.00 to 26.67. Occurrence info = RUNPERIOD 1, 01/01 11:20 - 11:30
   **   ~~~   **  ...Inlet air wet-bulb temperature passed to the model = -1.000000
   **   ~~~   **  ...Wet-bulb temperatures outside model boundaries may not adversely affect tower performance.
   ** Warning ** CoolingTower:VariableSpeed "TOWERWATERSYS COOLTOWER 1" - Water flow rate ratio is outside model boundaries at 0.31.
   **   ~~~   **  ...Valid range = 0.75 to 1.25. Occurrence info = RUNPERIOD 1, 01/01 11:20 - 11:30
   **   ~~~   **  ...Water flow rate ratio passed to the model = 0.75000
   **   ~~~   **  ...Water flow rate ratios outside model boundaries may not adversely affect tower performance.
   ** Warning ** HeatExchanger:AirToAir:SensibleAndLatent "VAV_1 OA HEAT RECOVERY"
   **   ~~~   ** Average air volume flow rate is <50% or >130% of the nominal HX supply air volume flow rate.
   **   ~~~   ** Air volume flow rate ratio = 1.817. Environment=RUNPERIOD 1, at Simulation time=01/09 11:00 - 11:10
   ** Warning ** CHILLER:ELECTRIC:REFORMULATEDEIR "COOLSYS1 CHILLER1": The condenser outlet temperature (21.09 C) is outside the range of condenser outlet temperatures (X var) given in Electric Input to Cooling Output Ratio Function of Part-load Ratio bicubic curve = WC_PD_150TO300_2010_PA_EIRFPLR
   **   ~~~   ** The range specified = 31.13 C to 36.52 C. Environment=RUNPERIOD 1, at Simulation time=01/09 12:10 - 12:20
   ** Warning ** CHILLER:ELECTRIC:REFORMULATEDEIR "COOLSYS1 CHILLER1": The part-load ratio (0.000) is outside the range of part-load ratios (Y var) given in Electric Input to Cooling Output Ratio Function of Part-load Ratio bicubic curve = WC_PD_150TO300_2010_PA_EIRFPLR
   **   ~~~   ** The range specified = 0.190 to 1.030. Environment=RUNPERIOD 1, at Simulation time=01/09 12:10 - 12:20
   ** Warning ** SimHVAC: Maximum iterations (20) exceeded for all HVAC loops, at RUNPERIOD 1, 01/09 17:10 - 17:20
   **   ~~~   ** The solution for one or more of the Air Loop HVAC systems did not appear to converge
   **   ~~~   ** Air System Named = VAV_1 did not converge for mass flow rate
   **   ~~~   ** Check values should be zero. Most Recent values listed first.
   **   ~~~   ** Demand-to-Supply interface mass flow rate check value iteration history trace: 2.585876E-002,8.115561E-002,0.115275,8.260958E-003,2.585876E-002,8.115561E-002,0.115275,8.260958E-003,2.585876E-002,8.115561E-002,
   **   ~~~   ** Supply-to-demand interface deck 1 mass flow rate check value iteration history trace: 0.000000,0.000000,0.000000,0.000000,0.000000,0.000000,0.000000,0.000000,0.000000,0.000000,
   **   ~~~   ** Air System Named = VAV_1 did not converge for temperature
   **   ~~~   ** Check values should be zero. Most Recent values listed first.
   **   ~~~   ** Demand-to-Supply interface temperature check value iteration history trace: 1.960388E-003,6.232592E-003,8.816691E-003,6.237115E-004,1.960388E-003,6.232592E-003,8.816691E-003,6.237115E-004,1.960388E-003,6.232592E-003,
   **   ~~~   ** Supply-to-demand interface deck 1 temperature check value iteration history trace: 4.891699E-002,0.157428,0.221850,1.550493E-002,4.891699E-002,0.157428,0.221850,1.550493E-002,4.891699E-002,0.157428,
   **   ~~~   ** Air System Named = VAV_1 did not converge for energy
   **   ~~~   ** Check values should be zero. Most Recent values listed first.
   **   ~~~   ** Demand-to-Supply interface energy check value iteration history trace: 623.607953,1957.142372,2779.970965,199.220640,623.607953,1957.142373,2779.970965,199.220640,623.607953,1957.142372,
   **   ~~~   ** Supply-to-demand interface deck 1 energy check value iteration history trace: 408.007102,1300.237335,-1858.012217,129.726498,408.007102,1300.237336,-1858.012217,129.726498,408.007102,1300.237335,
   **   ~~~   ** Node named BASEMENT VAV BOX OUTLET NODE shows oscillating humidity ratio across iterations with a repeated value of 5.734466E-003
   **   ~~~   ** Node named BASEMENT VAV BOX OUTLET NODE humidity ratio [kg-water/kg-dryair] iteration history trace (most recent first): 5.734466E-003,5.725409E-003,5.734466E-003,5.725409E-003,5.734466E-003,5.725409E-003,5.734466E-003,5.725409E-003,5.734466E-003,5.725409E-003,
   **   ~~~   ** Node named BASEMENT VAV BOX OUTLET NODE shows oscillating temperatures across iterations with a repeated value of 15.816925
   **   ~~~   ** Node named BASEMENT VAV BOX OUTLET NODE temperature [C] iteration history trace (most recent first): 15.816925,15.610580,15.816925,15.610580,15.816925,15.610580,15.816925,15.610580,15.816925,15.610580,
   **   ~~~   ** Node named ER_EXAM1_MULT4_FLR_1 VAV BOX OUTLET NODE shows oscillating temperatures across iterations with a repeated value of 19.937831
   **   ~~~   ** Node named ER_EXAM1_MULT4_FLR_1 VAV BOX OUTLET NODE temperature [C] iteration history trace (most recent first): 19.937831,19.937814,19.937831,19.937814,19.937831,19.937814,19.937831,19.937814,19.937831,19.937814,
   **   ~~~   ** Node named ER_TRAUMA1_FLR_1 VAV BOX OUTLET NODE shows oscillating temperatures across iterations with a repeated value of 19.450735
   **   ~~~   ** Node named ER_TRAUMA1_FLR_1 VAV BOX OUTLET NODE temperature [C] iteration history trace (most recent first): 19.450735,19.450719,19.450735,19.450719,19.450735,19.450719,19.450735,19.450719,19.450735,19.450719,
   **   ~~~   ** Node named ER_EXAM3_MULT4_FLR_1 VAV BOX OUTLET NODE shows oscillating temperatures across iterations with a repeated value of 19.792579
   **   ~~~   ** Node named ER_EXAM3_MULT4_FLR_1 VAV BOX OUTLET NODE temperature [C] iteration history trace (most recent first): 19.792579,19.792562,19.792579,19.792562,19.792579,19.792562,19.792579,19.792562,19.792579,19.792562,
   **   ~~~   ** Node named ER_TRAUMA2_FLR_1 VAV BOX OUTLET NODE shows oscillating temperatures across iterations with a repeated value of 19.451765
   **   ~~~   ** Node named ER_TRAUMA2_FLR_1 VAV BOX OUTLET NODE temperature [C] iteration history trace (most recent first): 19.451765,19.451750,19.451765,19.451750,19.451765,19.451750,19.451765,19.451750,19.451765,19.451750,
   **   ~~~   ** Node named ER_TRIAGE_MULT4_FLR_1 VAV BOX OUTLET NODE shows oscillating temperatures across iterations with a repeated value of 19.740389
   **   ~~~   ** Node named ER_TRIAGE_MULT4_FLR_1 VAV BOX OUTLET NODE temperature [C] iteration history trace (most recent first): 19.740389,19.740372,19.740389,19.740372,19.740389,19.740372,19.740389,19.740372,19.740389,19.740372,
   **   ~~~   ** Node named OFFICE1_MULT4_FLR_1 VAV BOX OUTLET NODE shows oscillating humidity ratio across iterations with a repeated value of 5.734466E-003
   **   ~~~   ** Node named OFFICE1_MULT4_FLR_1 VAV BOX OUTLET NODE humidity ratio [kg-water/kg-dryair] iteration history trace (most recent first): 5.734466E-003,5.725409E-003,5.734466E-003,5.725409E-003,5.734466E-003,5.725409E-003,5.734466E-003,5.725409E-003,5.734466E-003,5.725409E-003,
   **   ~~~   ** Node named OFFICE1_MULT4_FLR_1 VAV BOX OUTLET NODE shows oscillating temperatures across iterations with a repeated value of 20.932526
   **   ~~~   ** Node named OFFICE1_MULT4_FLR_1 VAV BOX OUTLET NODE temperature [C] iteration history trace (most recent first): 20.932526,20.917502,20.932526,20.917502,20.932526,20.917502,20.932526,20.917502,20.932526,20.917502,
   **   ~~~   ** Node named LOBBY_RECORDS_FLR_1 VAV BOX OUTLET NODE shows oscillating humidity ratio across iterations with a repeated value of 5.734466E-003
   **   ~~~   ** Node named LOBBY_RECORDS_FLR_1 VAV BOX OUTLET NODE humidity ratio [kg-water/kg-dryair] iteration history trace (most recent first): 5.734466E-003,5.725409E-003,5.734466E-003,5.725409E-003,5.734466E-003,5.725409E-003,5.734466E-003,5.725409E-003,5.734466E-003,5.725409E-003,
   **   ~~~   ** Node named LOBBY_RECORDS_FLR_1 VAV BOX OUTLET NODE shows oscillating temperatures across iterations with a repeated value of 20.818331
   **   ~~~   ** Node named LOBBY_RECORDS_FLR_1 VAV BOX OUTLET NODE temperature [C] iteration history trace (most recent first): 20.818331,20.814690,20.818331,20.814690,20.818331,20.814690,20.818331,20.814690,20.818331,20.814690,
   **   ~~~   ** Node named CORRIDOR_FLR_1 VAV BOX OUTLET NODE shows oscillating humidity ratio across iterations with a repeated value of 5.734466E-003
   **   ~~~   ** Node named CORRIDOR_FLR_1 VAV BOX OUTLET NODE humidity ratio [kg-water/kg-dryair] iteration history trace (most recent first): 5.734466E-003,5.725409E-003,5.734466E-003,5.725409E-003,5.734466E-003,5.725409E-003,5.734466E-003,5.725409E-003,5.734466E-003,5.725409E-003,
   **   ~~~   ** Node named CORRIDOR_FLR_1 VAV BOX OUTLET NODE shows oscillating temperatures across iterations with a repeated value of 15.816925
   **   ~~~   ** Node named CORRIDOR_FLR_1 VAV BOX OUTLET NODE temperature [C] iteration history trace (most recent first): 15.816925,15.610580,15.816925,15.610580,15.816925,15.610580,15.816925,15.610580,15.816925,15.610580,
   **   ~~~   ** Node named ER_NURSESTN_LOBBY_FLR_1 VAV BOX OUTLET NODE shows oscillating humidity ratio across iterations with a repeated value of 5.734466E-003
   **   ~~~   ** Node named ER_NURSESTN_LOBBY_FLR_1 VAV BOX OUTLET NODE humidity ratio [kg-water/kg-dryair] iteration history trace (most recent first): 5.734466E-003,5.725409E-003,5.734466E-003,5.725409E-003,5.734466E-003,5.725409E-003,5.734466E-003,5.725409E-003,5.734466E-003,5.725409E-003,
   **   ~~~   ** Node named ER_NURSESTN_LOBBY_FLR_1 VAV BOX OUTLET NODE shows oscillating mass flow rate across iterations with a repeated value of 1.686791
   **   ~~~   ** Node named ER_NURSESTN_LOBBY_FLR_1 VAV BOX OUTLET NODE mass flow rate [kg/s] iteration history trace (most recent first): 1.686791,1.645316,1.686791,1.645316,1.686791,1.645316,1.686791,1.645316,1.686791,1.645316,
   **   ~~~   ** Node named ER_NURSESTN_LOBBY_FLR_1 VAV BOX OUTLET NODE shows oscillating temperatures across iterations with a repeated value of 15.816925
   **   ~~~   ** Node named ER_NURSESTN_LOBBY_FLR_1 VAV BOX OUTLET NODE temperature [C] iteration history trace (most recent first): 15.816925,15.610580,15.816925,15.610580,15.816925,15.610580,15.816925,15.610580,15.816925,15.610580,
   **   ~~~   ** Node named OR1_FLR_2 VAV BOX OUTLET NODE shows oscillating temperatures across iterations with a repeated value of 19.963091
   **   ~~~   ** Node named OR1_FLR_2 VAV BOX OUTLET NODE temperature [C] iteration history trace (most recent first): 19.963091,19.963074,19.963091,19.963074,19.963091,19.963074,19.963091,19.963074,19.963091,19.963074,
   **   ~~~   ** Node named OR2_MULT5_FLR_2 VAV BOX OUTLET NODE shows oscillating temperatures across iterations with a repeated value of 19.524773
   **   ~~~   ** Node named OR2_MULT5_FLR_2 VAV BOX OUTLET NODE temperature [C] iteration history trace (most recent first): 19.524773,19.524757,19.524773,19.524757,19.524773,19.524757,19.524773,19.524757,19.524773,19.524757,
   **   ~~~   ** Node named OR3_FLR_2 VAV BOX OUTLET NODE shows oscillating temperatures across iterations with a repeated value of 19.660821
   **   ~~~   ** Node named OR3_FLR_2 VAV BOX OUTLET NODE temperature [C] iteration history trace (most recent first): 19.660821,19.660805,19.660821,19.660805,19.660821,19.660805,19.660821,19.660805,19.660821,19.660805,
   **   ~~~   ** Node named OR4_FLR_2 VAV BOX OUTLET NODE shows oscillating temperatures across iterations with a repeated value of 19.260033
   **   ~~~   ** Node named OR4_FLR_2 VAV BOX OUTLET NODE temperature [C] iteration history trace (most recent first): 19.260033,19.260018,19.260033,19.260018,19.260033,19.260018,19.260033,19.260018,19.260033,19.260018,
   **   ~~~   ** Node named IC_PATROOM1_MULT5_FLR_2 VAV BOX OUTLET NODE shows oscillating temperatures across iterations with a repeated value of 19.008112
   **   ~~~   ** Node named IC_PATROOM1_MULT5_FLR_2 VAV BOX OUTLET NODE temperature [C] iteration history trace (most recent first): 19.008112,19.008097,19.008112,19.008097,19.008112,19.008097,19.008112,19.008097,19.008112,19.008097,
   **   ~~~   ** Node named IC_PATROOM2_FLR_2 VAV BOX OUTLET NODE shows oscillating temperatures across iterations with a repeated value of 20.034357
   **   ~~~   ** Node named IC_PATROOM2_FLR_2 VAV BOX OUTLET NODE temperature [C] iteration history trace (most recent first): 20.034357,20.034340,20.034357,20.034340,20.034357,20.034340,20.034357,20.034340,20.034357,20.034340,
   **   ~~~   ** Node named IC_PATROOM3_MULT6_FLR_2 VAV BOX OUTLET NODE shows oscillating temperatures across iterations with a repeated value of 18.888589
   **   ~~~   ** Node named IC_PATROOM3_MULT6_FLR_2 VAV BOX OUTLET NODE temperature [C] iteration history trace (most recent first): 18.888589,18.888575,18.888589,18.888575,18.888589,18.888575,18.888589,18.888575,18.888589,18.888575,
   **   ~~~   ** Node named ICU_FLR_2 VAV BOX OUTLET NODE shows oscillating temperatures across iterations with a repeated value of 18.095616
   **   ~~~   ** Node named ICU_FLR_2 VAV BOX OUTLET NODE temperature [C] iteration history trace (most recent first): 18.095616,18.095603,18.095616,18.095603,18.095616,18.095603,18.095616,18.095603,18.095616,18.095603,
   **   ~~~   ** Node named ICU_NURSESTN_LOBBY_FLR_2 VAV BOX OUTLET NODE shows oscillating humidity ratio across iterations with a repeated value of 5.734466E-003
   **   ~~~   ** Node named ICU_NURSESTN_LOBBY_FLR_2 VAV BOX OUTLET NODE humidity ratio [kg-water/kg-dryair] iteration history trace (most recent first): 5.734466E-003,5.725409E-003,5.734466E-003,5.725409E-003,5.734466E-003,5.725409E-003,5.734466E-003,5.725409E-003,5.734466E-003,5.725409E-003,
   **   ~~~   ** Node named ICU_NURSESTN_LOBBY_FLR_2 VAV BOX OUTLET NODE shows oscillating mass flow rate across iterations with a repeated value of 1.602366
   **   ~~~   ** Node named ICU_NURSESTN_LOBBY_FLR_2 VAV BOX OUTLET NODE mass flow rate [kg/s] iteration history trace (most recent first): 1.602366,1.562967,1.602366,1.562967,1.602366,1.562967,1.602366,1.562967,1.602366,1.562967,
   **   ~~~   ** Node named ICU_NURSESTN_LOBBY_FLR_2 VAV BOX OUTLET NODE shows oscillating temperatures across iterations with a repeated value of 15.816925
   **   ~~~   ** Node named ICU_NURSESTN_LOBBY_FLR_2 VAV BOX OUTLET NODE temperature [C] iteration history trace (most recent first): 15.816925,15.610580,15.816925,15.610580,15.816925,15.610580,15.816925,15.610580,15.816925,15.610580,
   **   ~~~   ** Node named CORRIDOR_FLR_2 VAV BOX OUTLET NODE shows oscillating humidity ratio across iterations with a repeated value of 5.734466E-003
   **   ~~~   ** Node named CORRIDOR_FLR_2 VAV BOX OUTLET NODE humidity ratio [kg-water/kg-dryair] iteration history trace (most recent first): 5.734466E-003,5.725409E-003,5.734466E-003,5.725409E-003,5.734466E-003,5.725409E-003,5.734466E-003,5.725409E-003,5.734466E-003,5.725409E-003,
   **   ~~~   ** Node named CORRIDOR_FLR_2 VAV BOX OUTLET NODE shows oscillating temperatures across iterations with a repeated value of 18.739727
   **   ~~~   ** Node named CORRIDOR_FLR_2 VAV BOX OUTLET NODE temperature [C] iteration history trace (most recent first): 18.739727,18.753582,18.739727,18.753582,18.739727,18.753582,18.739727,18.753582,18.739727,18.753582,
   **   ~~~   ** Node named OR_NURSESTN_LOBBY_FLR_2 VAV BOX OUTLET NODE shows oscillating humidity ratio across iterations with a repeated value of 5.734466E-003
   **   ~~~   ** Node named OR_NURSESTN_LOBBY_FLR_2 VAV BOX OUTLET NODE humidity ratio [kg-water/kg-dryair] iteration history trace (most recent first): 5.734466E-003,5.725409E-003,5.734466E-003,5.725409E-003,5.734466E-003,5.725409E-003,5.734466E-003,5.725409E-003,5.734466E-003,5.725409E-003,
   **   ~~~   ** Node named OR_NURSESTN_LOBBY_FLR_2 VAV BOX OUTLET NODE shows oscillating mass flow rate across iterations with a repeated value of 1.063129
   **   ~~~   ** Node named OR_NURSESTN_LOBBY_FLR_2 VAV BOX OUTLET NODE mass flow rate [kg/s] iteration history trace (most recent first): 1.063129,1.036988,1.063129,1.036988,1.063129,1.036988,1.063129,1.036988,1.063129,1.036988,
   **   ~~~   ** Node named OR_NURSESTN_LOBBY_FLR_2 VAV BOX OUTLET NODE shows oscillating temperatures across iterations with a repeated value of 15.816925
   **   ~~~   ** Node named OR_NURSESTN_LOBBY_FLR_2 VAV BOX OUTLET NODE temperature [C] iteration history trace (most recent first): 15.816925,15.610580,15.816925,15.610580,15.816925,15.610580,15.816925,15.610580,15.816925,15.610580,
   **   ~~~   ** Node named PATROOM1_MULT10_FLR_3 VAV BOX OUTLET NODE shows oscillating temperatures across iterations with a repeated value of 19.354581
   **   ~~~   ** Node named PATROOM1_MULT10_FLR_3 VAV BOX OUTLET NODE temperature [C] iteration history trace (most recent first): 19.354581,19.354565,19.354581,19.354565,19.354581,19.354565,19.354581,19.354565,19.354581,19.354565,
   **   ~~~   ** Node named PATROOM2_FLR_3 VAV BOX OUTLET NODE shows oscillating temperatures across iterations with a repeated value of 20.883551
   **   ~~~   ** Node named PATROOM2_FLR_3 VAV BOX OUTLET NODE temperature [C] iteration history trace (most recent first): 20.883551,20.883532,20.883551,20.883532,20.883551,20.883532,20.883551,20.883532,20.883551,20.883532,
   **   ~~~   ** Node named PATROOM3_MULT10_FLR_3 VAV BOX OUTLET NODE shows oscillating temperatures across iterations with a repeated value of 19.064229
   **   ~~~   ** Node named PATROOM3_MULT10_FLR_3 VAV BOX OUTLET NODE temperature [C] iteration history trace (most recent first): 19.064229,19.064214,19.064229,19.064214,19.064229,19.064214,19.064229,19.064214,19.064229,19.064214,
   **   ~~~   ** Node named PATROOM4_FLR_3 VAV BOX OUTLET NODE shows oscillating temperatures across iterations with a repeated value of 20.479555
   **   ~~~   ** Node named PATROOM4_FLR_3 VAV BOX OUTLET NODE temperature [C] iteration history trace (most recent first): 20.479555,20.479537,20.479555,20.479537,20.479555,20.479537,20.479555,20.479537,20.479555,20.479537,
   **   ~~~   ** Node named PATROOM5_MULT10_FLR_3 VAV BOX OUTLET NODE shows oscillating temperatures across iterations with a repeated value of 18.924578
   **   ~~~   ** Node named PATROOM5_MULT10_FLR_3 VAV BOX OUTLET NODE temperature [C] iteration history trace (most recent first): 18.924578,18.924563,18.924578,18.924563,18.924578,18.924563,18.924578,18.924563,18.924578,18.924563,
   **   ~~~   ** Node named PATROOM6_FLR_3 VAV BOX OUTLET NODE shows oscillating temperatures across iterations with a repeated value of 21.049483
   **   ~~~   ** Node named PATROOM6_FLR_3 VAV BOX OUTLET NODE temperature [C] iteration history trace (most recent first): 21.049483,21.049463,21.049483,21.049463,21.049483,21.049463,21.049483,21.049463,21.049483,21.049463,
   **   ~~~   ** Node named PATROOM7_MULT10_FLR_3 VAV BOX OUTLET NODE shows oscillating temperatures across iterations with a repeated value of 18.606255
   **   ~~~   ** Node named PATROOM7_MULT10_FLR_3 VAV BOX OUTLET NODE temperature [C] iteration history trace (most recent first): 18.606255,18.606241,18.606255,18.606241,18.606255,18.606241,18.606255,18.606241,18.606255,18.606241,
   **   ~~~   ** Node named PATROOM8_FLR_3 VAV BOX OUTLET NODE shows oscillating temperatures across iterations with a repeated value of 20.635874
   **   ~~~   ** Node named PATROOM8_FLR_3 VAV BOX OUTLET NODE temperature [C] iteration history trace (most recent first): 20.635874,20.635856,20.635874,20.635856,20.635874,20.635856,20.635874,20.635856,20.635874,20.635856,
   **   ~~~   ** Node named LAB_FLR_3 VAV BOX OUTLET NODE shows oscillating temperatures across iterations with a repeated value of 13.787268
   **   ~~~   ** Node named LAB_FLR_3 VAV BOX OUTLET NODE temperature [C] iteration history trace (most recent first): 13.787268,13.787260,13.787268,13.787260,13.787268,13.787260,13.787268,13.787260,13.787268,13.787260,
   **   ~~~   ** Node named PATROOM1_MULT10_FLR_4 VAV BOX OUTLET NODE shows oscillating temperatures across iterations with a repeated value of 19.411312
   **   ~~~   ** Node named PATROOM1_MULT10_FLR_4 VAV BOX OUTLET NODE temperature [C] iteration history trace (most recent first): 19.411312,19.411296,19.411312,19.411296,19.411312,19.411296,19.411312,19.411296,19.411312,19.411296,
   **   ~~~   ** Node named PATROOM2_FLR_4 VAV BOX OUTLET NODE shows oscillating temperatures across iterations with a repeated value of 20.962480
   **   ~~~   ** Node named PATROOM2_FLR_4 VAV BOX OUTLET NODE temperature [C] iteration history trace (most recent first): 20.962480,20.962461,20.962480,20.962461,20.962480,20.962461,20.962480,20.962461,20.962480,20.962461,
   **   ~~~   ** Node named PATROOM3_MULT10_FLR_4 VAV BOX OUTLET NODE shows oscillating temperatures across iterations with a repeated value of 19.084169
   **   ~~~   ** Node named PATROOM3_MULT10_FLR_4 VAV BOX OUTLET NODE temperature [C] iteration history trace (most recent first): 19.084169,19.084154,19.084169,19.084154,19.084169,19.084154,19.084169,19.084154,19.084169,19.084154,
   **   ~~~   ** Node named PATROOM4_FLR_4 VAV BOX OUTLET NODE shows oscillating temperatures across iterations with a repeated value of 20.555456
   **   ~~~   ** Node named PATROOM4_FLR_4 VAV BOX OUTLET NODE temperature [C] iteration history trace (most recent first): 20.555456,20.555437,20.555456,20.555437,20.555456,20.555437,20.555456,20.555437,20.555456,20.555437,
   **   ~~~   ** Node named PATROOM5_MULT10_FLR_4 VAV BOX OUTLET NODE shows oscillating temperatures across iterations with a repeated value of 18.944063
   **   ~~~   ** Node named PATROOM5_MULT10_FLR_4 VAV BOX OUTLET NODE temperature [C] iteration history trace (most recent first): 18.944063,18.944048,18.944063,18.944048,18.944063,18.944048,18.944063,18.944048,18.944063,18.944048,
   **   ~~~   ** Node named PATROOM6_FLR_4 VAV BOX OUTLET NODE shows oscillating temperatures across iterations with a repeated value of 21.094646
   **   ~~~   ** Node named PATROOM6_FLR_4 VAV BOX OUTLET NODE temperature [C] iteration history trace (most recent first): 21.094646,21.094626,21.094646,21.094626,21.094646,21.094626,21.094646,21.094626,21.094646,21.094626,
   **   ~~~   ** Node named PATROOM7_MULT10_FLR_4 VAV BOX OUTLET NODE shows oscillating temperatures across iterations with a repeated value of 18.624713
   **   ~~~   ** Node named PATROOM7_MULT10_FLR_4 VAV BOX OUTLET NODE temperature [C] iteration history trace (most recent first): 18.624713,18.624699,18.624713,18.624699,18.624713,18.624699,18.624713,18.624699,18.624713,18.624699,
   **   ~~~   ** Node named PATROOM8_FLR_4 VAV BOX OUTLET NODE shows oscillating temperatures across iterations with a repeated value of 20.677992
   **   ~~~   ** Node named PATROOM8_FLR_4 VAV BOX OUTLET NODE temperature [C] iteration history trace (most recent first): 20.677992,20.677974,20.677992,20.677974,20.677992,20.677974,20.677992,20.677974,20.677992,20.677974,
   **   ~~~   ** Node named LAB_FLR_4 VAV BOX OUTLET NODE shows oscillating temperatures across iterations with a repeated value of 13.653635
   **   ~~~   ** Node named LAB_FLR_4 VAV BOX OUTLET NODE temperature [C] iteration history trace (most recent first): 13.653635,13.653627,13.653635,13.653627,13.653635,13.653627,13.653635,13.653627,13.653635,13.653627,
   **   ~~~   ** Node named OFFICE1_FLR_5 VAV BOX OUTLET NODE shows oscillating temperatures across iterations with a repeated value of 26.439796
   **   ~~~   ** Node named OFFICE1_FLR_5 VAV BOX OUTLET NODE temperature [C] iteration history trace (most recent first): 26.439796,26.439769,26.439796,26.439769,26.439796,26.439769,26.439796,26.439769,26.439796,26.439769,
   **   ~~~   ** Node named OFFICE3_FLR_5 VAV BOX OUTLET NODE shows oscillating temperatures across iterations with a repeated value of 25.131510
   **   ~~~   ** Node named OFFICE3_FLR_5 VAV BOX OUTLET NODE temperature [C] iteration history trace (most recent first): 25.131510,25.131486,25.131510,25.131486,25.131510,25.131486,25.131510,25.131486,25.131510,25.131486,
   **   ~~~   ** Node named OFFICE4_MULT6_FLR_5 VAV BOX OUTLET NODE shows oscillating temperatures across iterations with a repeated value of 23.265043
   **   ~~~   ** Node named OFFICE4_MULT6_FLR_5 VAV BOX OUTLET NODE temperature [C] iteration history trace (most recent first): 23.265043,23.265024,23.265043,23.265024,23.265043,23.265024,23.265043,23.265024,23.265043,23.265024,
   **   ~~~   ** Plant System Named = TOWERWATERSYS did not converge for temperature
   **   ~~~   ** Check values should be zero. Most Recent values listed first.
   **   ~~~   ** Demand-to-Supply interface temperature check value iteration history trace: 0.175533,0.209533,0.155751,0.235150,0.113905,0.174957,0.209963,0.156327,0.234734,0.113313,
   **   ~~~   ** Supply-to-Demand interface temperature check value iteration history trace: 0.138370,0.213784,0.256177,0.191076,0.286653,0.137916,0.213429,0.255707,0.191419,0.287135,
   ** Severe  ** FindRootSimpleController: Controller error for controller = "VAV_1_HEATC_CONTROLLER"
   **   ~~~   **  Environment=RUNPERIOD 1, at Simulation time=01/26 16:10 - 16:20
   **   ~~~   **   Controller function is inconsistent with user specified controller action = Normal action
   **   ~~~   **   Actuator will be set to maximum action
   **   ~~~   ** Controller control type=Temperature
   **   ~~~   ** Controller temperature setpoint = 14.70 [C]
   **   ~~~   ** Controller sensed temperature = 12.83 [C]
   **   ~~~   ** Controller actuator mass flow rate set to 0.10 [kg/s]
   **   ~~~   ** Controller actuator temperature = 54.17 [C]
   **   ~~~   **   Note: Chilled water coils should be reverse action and the entering chilled
   **   ~~~   **         water temperature (controller actuator temperature) should be below the setpoint temperature
   **   ~~~   **   Note: Hot water coils should be normal action and the entering hot
   **   ~~~   **         water temperature (controller actuator temperature) should be above the setpoint temperature
   ** Warning ** CHILLER:ELECTRIC:REFORMULATEDEIR "COOLSYS1 CHILLER2": The evaporator outlet temperature (14.46 C) is outside the range of evaporator outlet temperatures (X var) given in Cooling Capacity Function of Temperature biquadratic curve = WC_PD_GT150_2010_PA_CAPFT
   **   ~~~   ** The range specified = 5.00 C to 10.00 C. Environment=RUNPERIOD 1, at Simulation time=05/12 12:00 - 12:10
   ** Warning ** CHILLER:ELECTRIC:REFORMULATEDEIR "COOLSYS1 CHILLER2": The evaporator outlet temperature (14.46 C) is outside the range of evaporator outlet temperatures (X var) given in Electric Input to Cooling Output Ratio Function of Temperature biquadratic curve = WC_PD_GT150_2010_PA_EIRFT
   **   ~~~   ** The range specified = 5.00 C to 10.00 C. Environment=RUNPERIOD 1, at Simulation time=05/12 12:00 - 12:10
   ** Warning ** CHILLER:ELECTRIC:REFORMULATEDEIR "COOLSYS1 CHILLER2": The condenser outlet temperature (21.87 C) is outside the range of condenser outlet temperatures (X var) given in Electric Input to Cooling Output Ratio Function of Part-load Ratio bicubic curve = WC_PD_150TO300_2010_PA_EIRFPLR
   **   ~~~   ** The range specified = 31.13 C to 36.52 C. Environment=RUNPERIOD 1, at Simulation time=05/12 12:00 - 12:10
   ** Warning ** CHILLER:ELECTRIC:REFORMULATEDEIR "COOLSYS1 CHILLER2": The part-load ratio (0.150) is outside the range of part-load ratios (Y var) given in Electric Input to Cooling Output Ratio Function of Part-load Ratio bicubic curve = WC_PD_150TO300_2010_PA_EIRFPLR
   **   ~~~   ** The range specified = 0.190 to 1.030. Environment=RUNPERIOD 1, at Simulation time=05/12 12:00 - 12:10
   ** Warning ** CoolingTower:VariableSpeed "TOWERWATERSYS COOLTOWER 2" - Tower approach temperature is outside model boundaries at 1.08.
   **   ~~~   **  ...Valid range = 1.11 to 11.11. Occurrence info = RUNPERIOD 1, 05/20 21:30 - 21:40
   **   ~~~   **  ...Tower approach temperature passed to the model = 1.07863
   **   ~~~   **  ...Approach temperatures outside model boundaries may not adversely affect tower performance.
   **   ~~~   **  ...This is not an unexpected occurrence when simulating actual conditions.
   ** Warning ** CoolingTower:VariableSpeed "TOWERWATERSYS COOLTOWER 2" - Water flow rate ratio is outside model boundaries at 1.25.
   **   ~~~   **  ...Valid range = 0.75 to 1.25. Occurrence info = RUNPERIOD 1, 05/31 11:30 - 11:40
   **   ~~~   **  ...Water flow rate ratio passed to the model = 1.25000
   **   ~~~   **  ...Water flow rate ratios outside model boundaries may not adversely affect tower performance.
   ** Warning ** CoolingTower:VariableSpeed "TOWERWATERSYS COOLTOWER 2" - Water flow rate ratio is outside model boundaries at 1.25.
   **   ~~~   **  ...Valid range = 0.75 to 1.25. Occurrence info = RUNPERIOD 1, 05/31 11:50 - 12:00
   **   ~~~   **  ...Water flow rate ratio passed to the model = 1.25000
   **   ~~~   **  ...Water flow rate ratios outside model boundaries may not adversely affect tower performance.
   ** Warning ** CoolingTower:VariableSpeed "TOWERWATERSYS COOLTOWER 2" - Water flow rate ratio is outside model boundaries at 1.25.
   **   ~~~   **  ...Valid range = 0.75 to 1.25. Occurrence info = RUNPERIOD 1, 05/31 12:10 - 12:20
   **   ~~~   **  ...Water flow rate ratio passed to the model = 1.25000
   **   ~~~   **  ...Water flow rate ratios outside model boundaries may not adversely affect tower performance.
   ** Warning ** CoolingTower:VariableSpeed "TOWERWATERSYS COOLTOWER 2" - Water flow rate ratio is outside model boundaries at 1.25.
   **   ~~~   **  ...Valid range = 0.75 to 1.25. Occurrence info = RUNPERIOD 1, 05/31 12:30 - 12:40
   **   ~~~   **  ...Water flow rate ratio passed to the model = 1.25000
   **   ~~~   **  ...Water flow rate ratios outside model boundaries may not adversely affect tower performance.
   ** Warning ** CoolingTower:VariableSpeed "TOWERWATERSYS COOLTOWER 2" - Water flow rate ratio is outside model boundaries at 1.25.
   **   ~~~   **  ...Valid range = 0.75 to 1.25. Occurrence info = RUNPERIOD 1, 05/31 12:50 - 13:00
   **   ~~~   **  ...Water flow rate ratio passed to the model = 1.25000
   **   ~~~   **  ...Water flow rate ratios outside model boundaries may not adversely affect tower performance.
   ** Warning ** CoolingTower:VariableSpeed "TOWERWATERSYS COOLTOWER 2" - Tower range temperature is outside model boundaries at 11.13.
   **   ~~~   **  ...Valid range = 1.11 to 11.11. Occurrence info = RUNPERIOD 1, 06/13 13:10 - 13:20
   **   ~~~   **  ...Tower range temperature passed to the model = 11.12882
   **   ~~~   **  ...Range temperatures outside model boundaries may not adversely affect tower performance.
   **   ~~~   **  ...This is not an unexpected occurrence when simulating actual conditions.
   ** Warning ** SimHVAC: Maximum iterations (20) exceeded for all HVAC loops, at RUNPERIOD 1, 09/16 07:10 - 07:20
   **   ~~~   ** The solution for one or more of the Air Loop HVAC systems did not appear to converge
   **   ~~~   ** Air System Named = VAV_1 did not converge for mass flow rate
   **   ~~~   ** Check values should be zero. Most Recent values listed first.
   **   ~~~   ** Demand-to-Supply interface mass flow rate check value iteration history trace: 7.581346E-002,8.035322E-002,1.814026E-002,2.268005E-002,7.581373E-002,8.035366E-002,1.814137E-002,2.268057E-002,7.581416E-002,8.035335E-002,
   **   ~~~   ** Supply-to-demand interface deck 1 mass flow rate check value iteration history trace: 0.000000,0.000000,0.000000,0.000000,0.000000,0.000000,0.000000,0.000000,0.000000,0.000000,
   **   ~~~   ** Air System Named = VAV_1 did not converge for temperature
   **   ~~~   ** Check values should be zero. Most Recent values listed first.
   **   ~~~   ** Demand-to-Supply interface temperature check value iteration history trace: 3.079293E-003,3.265297E-003,7.450834E-004,9.310881E-004,3.079304E-003,3.265314E-003,7.451292E-004,9.311096E-004,3.079322E-003,3.265302E-003,
   **   ~~~   ** Supply-to-demand interface deck 1 temperature check value iteration history trace: 8.252701E-002,8.749902E-002,2.002891E-002,2.500095E-002,8.252731E-002,8.749949E-002,2.003014E-002,2.500153E-002,8.252778E-002,8.749916E-002,
   **   ~~~   ** Air System Named = VAV_1 did not converge for energy
   **   ~~~   ** Check values should be zero. Most Recent values listed first.
   **   ~~~   ** Demand-to-Supply interface energy check value iteration history trace: 1828.334541,1937.816376,437.474558,546.957168,1828.341085,1937.826924,437.501388,546.969709,1828.351249,1937.819392,
   **   ~~~   ** Supply-to-demand interface deck 1 energy check value iteration history trace: -768.203390,807.420463,184.456983,-230.816953,-768.206131,807.424828,184.468292,-230.822287,-768.210479,807.421722,
   **   ~~~   ** Node named BASEMENT VAV BOX OUTLET NODE shows oscillating humidity ratio across iterations with a repeated value of 5.521534E-003
   **   ~~~   ** Node named BASEMENT VAV BOX OUTLET NODE humidity ratio [kg-water/kg-dryair] iteration history trace (most recent first): 5.521534E-003,5.524206E-003,5.521534E-003,5.524206E-003,5.521534E-003,5.524206E-003,5.521534E-003,5.524206E-003,5.521534E-003,5.524206E-003,
   **   ~~~   ** Node named BASEMENT VAV BOX OUTLET NODE shows oscillating mass flow rate across iterations with a repeated value of 3.064915
   **   ~~~   ** Node named BASEMENT VAV BOX OUTLET NODE mass flow rate [kg/s] iteration history trace (most recent first): 3.064915,3.063093,3.064915,3.063093,3.064915,3.063093,3.064915,3.063093,3.064915,3.063093,
   **   ~~~   ** Node named BASEMENT VAV BOX OUTLET NODE shows oscillating temperatures across iterations with a repeated value of 15.604126
   **   ~~~   ** Node named BASEMENT VAV BOX OUTLET NODE temperature [C] iteration history trace (most recent first): 15.604126,15.599154,15.604126,15.599154,15.604126,15.599154,15.604126,15.599154,15.604126,15.599154,
   **   ~~~   ** Node named ER_EXAM1_MULT4_FLR_1 VAV BOX OUTLET NODE shows oscillating temperatures across iterations with a repeated value of 19.548280
   **   ~~~   ** Node named ER_EXAM1_MULT4_FLR_1 VAV BOX OUTLET NODE temperature [C] iteration history trace (most recent first): 19.548280,19.548162,19.548280,19.548162,19.548280,19.548162,19.548280,19.548162,19.548280,19.548161,
   **   ~~~   ** Node named ER_TRAUMA1_FLR_1 VAV BOX OUTLET NODE shows oscillating temperatures across iterations with a repeated value of 18.909876
   **   ~~~   ** Node named ER_TRAUMA1_FLR_1 VAV BOX OUTLET NODE temperature [C] iteration history trace (most recent first): 18.909876,18.909765,18.909876,18.909765,18.909876,18.909765,18.909876,18.909765,18.909875,18.909764,
   **   ~~~   ** Node named ER_EXAM3_MULT4_FLR_1 VAV BOX OUTLET NODE shows oscillating temperatures across iterations with a repeated value of 19.640618
   **   ~~~   ** Node named ER_EXAM3_MULT4_FLR_1 VAV BOX OUTLET NODE temperature [C] iteration history trace (most recent first): 19.640618,19.640499,19.640618,19.640499,19.640618,19.640499,19.640618,19.640499,19.640618,19.640498,
   **   ~~~   ** Node named ER_TRAUMA2_FLR_1 VAV BOX OUTLET NODE shows oscillating temperatures across iterations with a repeated value of 18.880635
   **   ~~~   ** Node named ER_TRAUMA2_FLR_1 VAV BOX OUTLET NODE temperature [C] iteration history trace (most recent first): 18.880635,18.880525,18.880635,18.880525,18.880635,18.880525,18.880635,18.880525,18.880635,18.880524,
   **   ~~~   ** Node named ER_TRIAGE_MULT4_FLR_1 VAV BOX OUTLET NODE shows oscillating temperatures across iterations with a repeated value of 19.329967
   **   ~~~   ** Node named ER_TRIAGE_MULT4_FLR_1 VAV BOX OUTLET NODE temperature [C] iteration history trace (most recent first): 19.329967,19.329852,19.329967,19.329852,19.329967,19.329852,19.329967,19.329852,19.329967,19.329851,
   **   ~~~   ** Node named OFFICE1_MULT4_FLR_1 VAV BOX OUTLET NODE shows oscillating humidity ratio across iterations with a repeated value of 5.521534E-003
   **   ~~~   ** Node named OFFICE1_MULT4_FLR_1 VAV BOX OUTLET NODE humidity ratio [kg-water/kg-dryair] iteration history trace (most recent first): 5.521534E-003,5.524206E-003,5.521534E-003,5.524206E-003,5.521534E-003,5.524206E-003,5.521534E-003,5.524206E-003,5.521534E-003,5.524206E-003,
   **   ~~~   ** Node named OFFICE1_MULT4_FLR_1 VAV BOX OUTLET NODE shows oscillating temperatures across iterations with a repeated value of 15.604126
   **   ~~~   ** Node named OFFICE1_MULT4_FLR_1 VAV BOX OUTLET NODE temperature [C] iteration history trace (most recent first): 15.604126,15.599154,15.604126,15.599154,15.604126,15.599154,15.604126,15.599154,15.604126,15.599154,
   **   ~~~   ** Node named LOBBY_RECORDS_FLR_1 VAV BOX OUTLET NODE shows oscillating humidity ratio across iterations with a repeated value of 5.521534E-003
   **   ~~~   ** Node named LOBBY_RECORDS_FLR_1 VAV BOX OUTLET NODE humidity ratio [kg-water/kg-dryair] iteration history trace (most recent first): 5.521534E-003,5.524206E-003,5.521534E-003,5.524206E-003,5.521534E-003,5.524206E-003,5.521534E-003,5.524206E-003,5.521534E-003,5.524206E-003,
   **   ~~~   ** Node named LOBBY_RECORDS_FLR_1 VAV BOX OUTLET NODE shows oscillating temperatures across iterations with a repeated value of 15.604126
   **   ~~~   ** Node named LOBBY_RECORDS_FLR_1 VAV BOX OUTLET NODE temperature [C] iteration history trace (most recent first): 15.604126,15.599154,15.604126,15.599154,15.604126,15.599154,15.604126,15.599154,15.604126,15.599154,
   **   ~~~   ** Node named CORRIDOR_FLR_1 VAV BOX OUTLET NODE shows oscillating humidity ratio across iterations with a repeated value of 5.521534E-003
   **   ~~~   ** Node named CORRIDOR_FLR_1 VAV BOX OUTLET NODE humidity ratio [kg-water/kg-dryair] iteration history trace (most recent first): 5.521534E-003,5.524206E-003,5.521534E-003,5.524206E-003,5.521534E-003,5.524206E-003,5.521534E-003,5.524206E-003,5.521534E-003,5.524206E-003,
   **   ~~~   ** Node named CORRIDOR_FLR_1 VAV BOX OUTLET NODE shows oscillating temperatures across iterations with a repeated value of 15.604126
   **   ~~~   ** Node named CORRIDOR_FLR_1 VAV BOX OUTLET NODE temperature [C] iteration history trace (most recent first): 15.604126,15.599154,15.604126,15.599154,15.604126,15.599154,15.604126,15.599154,15.604126,15.599154,
   **   ~~~   ** Node named ER_NURSESTN_LOBBY_FLR_1 VAV BOX OUTLET NODE shows oscillating humidity ratio across iterations with a repeated value of 5.521534E-003
   **   ~~~   ** Node named ER_NURSESTN_LOBBY_FLR_1 VAV BOX OUTLET NODE humidity ratio [kg-water/kg-dryair] iteration history trace (most recent first): 5.521534E-003,5.524206E-003,5.521534E-003,5.524206E-003,5.521534E-003,5.524206E-003,5.521534E-003,5.524206E-003,5.521534E-003,5.524206E-003,
   **   ~~~   ** Node named ER_NURSESTN_LOBBY_FLR_1 VAV BOX OUTLET NODE shows oscillating mass flow rate across iterations with a repeated value of 1.605951
   **   ~~~   ** Node named ER_NURSESTN_LOBBY_FLR_1 VAV BOX OUTLET NODE mass flow rate [kg/s] iteration history trace (most recent first): 1.605951,1.604997,1.605951,1.604997,1.605951,1.604997,1.605951,1.604997,1.605951,1.604997,
   **   ~~~   ** Node named ER_NURSESTN_LOBBY_FLR_1 VAV BOX OUTLET NODE shows oscillating temperatures across iterations with a repeated value of 15.604126
   **   ~~~   ** Node named ER_NURSESTN_LOBBY_FLR_1 VAV BOX OUTLET NODE temperature [C] iteration history trace (most recent first): 15.604126,15.599154,15.604126,15.599154,15.604126,15.599154,15.604126,15.599154,15.604126,15.599154,
   **   ~~~   ** Node named OR1_FLR_2 VAV BOX OUTLET NODE shows oscillating temperatures across iterations with a repeated value of 14.433753
   **   ~~~   ** Node named OR1_FLR_2 VAV BOX OUTLET NODE temperature [C] iteration history trace (most recent first): 14.433753,14.433682,14.433753,14.433682,14.433753,14.433682,14.433753,14.433682,14.433753,14.433682,
   **   ~~~   ** Node named OR2_MULT5_FLR_2 VAV BOX OUTLET NODE shows oscillating temperatures across iterations with a repeated value of 14.139096
   **   ~~~   ** Node named OR2_MULT5_FLR_2 VAV BOX OUTLET NODE temperature [C] iteration history trace (most recent first): 14.139096,14.139028,14.139096,14.139028,14.139096,14.139028,14.139096,14.139028,14.139096,14.139028,
   **   ~~~   ** Node named OR3_FLR_2 VAV BOX OUTLET NODE shows oscillating temperatures across iterations with a repeated value of 13.805077
   **   ~~~   ** Node named OR3_FLR_2 VAV BOX OUTLET NODE temperature [C] iteration history trace (most recent first): 13.805077,13.805013,13.805077,13.805013,13.805077,13.805013,13.805077,13.805013,13.805077,13.805013,
   **   ~~~   ** Node named OR4_FLR_2 VAV BOX OUTLET NODE shows oscillating temperatures across iterations with a repeated value of 13.420444
   **   ~~~   ** Node named OR4_FLR_2 VAV BOX OUTLET NODE temperature [C] iteration history trace (most recent first): 13.420444,13.420384,13.420444,13.420384,13.420444,13.420384,13.420444,13.420384,13.420444,13.420384,
   **   ~~~   ** Node named IC_PATROOM1_MULT5_FLR_2 VAV BOX OUTLET NODE shows oscillating temperatures across iterations with a repeated value of 18.166720
   **   ~~~   ** Node named IC_PATROOM1_MULT5_FLR_2 VAV BOX OUTLET NODE temperature [C] iteration history trace (most recent first): 18.166720,18.166617,18.166720,18.166617,18.166720,18.166617,18.166720,18.166617,18.166720,18.166617,
   **   ~~~   ** Node named IC_PATROOM2_FLR_2 VAV BOX OUTLET NODE shows oscillating temperatures across iterations with a repeated value of 18.394601
   **   ~~~   ** Node named IC_PATROOM2_FLR_2 VAV BOX OUTLET NODE temperature [C] iteration history trace (most recent first): 18.394601,18.394496,18.394601,18.394496,18.394601,18.394496,18.394601,18.394496,18.394601,18.394496,
   **   ~~~   ** Node named IC_PATROOM3_MULT6_FLR_2 VAV BOX OUTLET NODE shows oscillating temperatures across iterations with a repeated value of 18.065425
   **   ~~~   ** Node named IC_PATROOM3_MULT6_FLR_2 VAV BOX OUTLET NODE temperature [C] iteration history trace (most recent first): 18.065425,18.065323,18.065425,18.065323,18.065425,18.065323,18.065425,18.065323,18.065425,18.065323,
   **   ~~~   ** Node named ICU_FLR_2 VAV BOX OUTLET NODE shows oscillating temperatures across iterations with a repeated value of 17.797784
   **   ~~~   ** Node named ICU_FLR_2 VAV BOX OUTLET NODE temperature [C] iteration history trace (most recent first): 17.797784,17.797685,17.797784,17.797685,17.797784,17.797685,17.797784,17.797685,17.797784,17.797684,
   **   ~~~   ** Node named ICU_NURSESTN_LOBBY_FLR_2 VAV BOX OUTLET NODE shows oscillating humidity ratio across iterations with a repeated value of 5.521534E-003
   **   ~~~   ** Node named ICU_NURSESTN_LOBBY_FLR_2 VAV BOX OUTLET NODE humidity ratio [kg-water/kg-dryair] iteration history trace (most recent first): 5.521534E-003,5.524206E-003,5.521534E-003,5.524206E-003,5.521534E-003,5.524206E-003,5.521534E-003,5.524206E-003,5.521534E-003,5.524206E-003,
   **   ~~~   ** Node named ICU_NURSESTN_LOBBY_FLR_2 VAV BOX OUTLET NODE shows oscillating mass flow rate across iterations with a repeated value of 1.514837
   **   ~~~   ** Node named ICU_NURSESTN_LOBBY_FLR_2 VAV BOX OUTLET NODE mass flow rate [kg/s] iteration history trace (most recent first): 1.514837,1.513937,1.514837,1.513937,1.514837,1.513937,1.514837,1.513937,1.514837,1.513937,
   **   ~~~   ** Node named ICU_NURSESTN_LOBBY_FLR_2 VAV BOX OUTLET NODE shows oscillating temperatures across iterations with a repeated value of 15.604126
   **   ~~~   ** Node named ICU_NURSESTN_LOBBY_FLR_2 VAV BOX OUTLET NODE temperature [C] iteration history trace (most recent first): 15.604126,15.599154,15.604126,15.599154,15.604126,15.599154,15.604126,15.599154,15.604126,15.599154,
   **   ~~~   ** Node named CORRIDOR_FLR_2 VAV BOX OUTLET NODE shows oscillating humidity ratio across iterations with a repeated value of 5.521534E-003
   **   ~~~   ** Node named CORRIDOR_FLR_2 VAV BOX OUTLET NODE humidity ratio [kg-water/kg-dryair] iteration history trace (most recent first): 5.521534E-003,5.524206E-003,5.521534E-003,5.524206E-003,5.521534E-003,5.524206E-003,5.521534E-003,5.524206E-003,5.521534E-003,5.524206E-003,
   **   ~~~   ** Node named CORRIDOR_FLR_2 VAV BOX OUTLET NODE shows oscillating temperatures across iterations with a repeated value of 15.604126
   **   ~~~   ** Node named CORRIDOR_FLR_2 VAV BOX OUTLET NODE temperature [C] iteration history trace (most recent first): 15.604126,15.599154,15.604126,15.599154,15.604126,15.599154,15.604126,15.599154,15.604126,15.599154,
   **   ~~~   ** Node named OR_NURSESTN_LOBBY_FLR_2 VAV BOX OUTLET NODE shows oscillating humidity ratio across iterations with a repeated value of 5.521534E-003
   **   ~~~   ** Node named OR_NURSESTN_LOBBY_FLR_2 VAV BOX OUTLET NODE humidity ratio [kg-water/kg-dryair] iteration history trace (most recent first): 5.521534E-003,5.524206E-003,5.521534E-003,5.524206E-003,5.521534E-003,5.524206E-003,5.521534E-003,5.524206E-003,5.521534E-003,5.524206E-003,
   **   ~~~   ** Node named OR_NURSESTN_LOBBY_FLR_2 VAV BOX OUTLET NODE shows oscillating mass flow rate across iterations with a repeated value of 1.453228
   **   ~~~   ** Node named OR_NURSESTN_LOBBY_FLR_2 VAV BOX OUTLET NODE mass flow rate [kg/s] iteration history trace (most recent first): 1.453228,1.452364,1.453228,1.452364,1.453228,1.452364,1.453228,1.452364,1.453228,1.452364,
   **   ~~~   ** Node named OR_NURSESTN_LOBBY_FLR_2 VAV BOX OUTLET NODE shows oscillating temperatures across iterations with a repeated value of 15.604126
   **   ~~~   ** Node named OR_NURSESTN_LOBBY_FLR_2 VAV BOX OUTLET NODE temperature [C] iteration history trace (most recent first): 15.604126,15.599154,15.604126,15.599154,15.604126,15.599154,15.604126,15.599154,15.604126,15.599154,
   **   ~~~   ** Node named PATROOM1_MULT10_FLR_3 VAV BOX OUTLET NODE shows oscillating temperatures across iterations with a repeated value of 14.852635
   **   ~~~   ** Node named PATROOM1_MULT10_FLR_3 VAV BOX OUTLET NODE temperature [C] iteration history trace (most recent first): 14.852635,14.852611,14.852635,14.852611,14.852635,14.852611,14.852635,14.852611,14.852635,14.852611,
   **   ~~~   ** Node named PATROOM2_FLR_3 VAV BOX OUTLET NODE shows oscillating temperatures across iterations with a repeated value of 15.886373
   **   ~~~   ** Node named PATROOM2_FLR_3 VAV BOX OUTLET NODE temperature [C] iteration history trace (most recent first): 15.886373,15.886337,15.886373,15.886337,15.886373,15.886337,15.886373,15.886337,15.886373,15.886337,
   **   ~~~   ** Node named PATROOM3_MULT10_FLR_3 VAV BOX OUTLET NODE shows oscillating temperatures across iterations with a repeated value of 17.880655
   **   ~~~   ** Node named PATROOM3_MULT10_FLR_3 VAV BOX OUTLET NODE temperature [C] iteration history trace (most recent first): 17.880655,17.880594,17.880655,17.880594,17.880655,17.880594,17.880655,17.880594,17.880655,17.880594,
   **   ~~~   ** Node named PATROOM4_FLR_3 VAV BOX OUTLET NODE shows oscillating temperatures across iterations with a repeated value of 17.927808
   **   ~~~   ** Node named PATROOM4_FLR_3 VAV BOX OUTLET NODE temperature [C] iteration history trace (most recent first): 17.927808,17.927747,17.927808,17.927747,17.927808,17.927747,17.927808,17.927747,17.927808,17.927747,
   **   ~~~   ** Node named PATROOM5_MULT10_FLR_3 VAV BOX OUTLET NODE shows oscillating temperatures across iterations with a repeated value of 16.959803
   **   ~~~   ** Node named PATROOM5_MULT10_FLR_3 VAV BOX OUTLET NODE temperature [C] iteration history trace (most recent first): 16.959803,16.959754,16.959803,16.959754,16.959803,16.959754,16.959803,16.959754,16.959803,16.959754,
   **   ~~~   ** Node named PHYSTHERAPY_FLR_3 VAV BOX OUTLET NODE shows oscillating mass flow rate across iterations with a repeated value of 0.655469
   **   ~~~   ** Node named PHYSTHERAPY_FLR_3 VAV BOX OUTLET NODE mass flow rate [kg/s] iteration history trace (most recent first): 0.655469,0.655469,0.655469,0.655469,0.655469,0.655469,0.655469,0.655469,0.655469,0.655469,
   **   ~~~   ** Node named PHYSTHERAPY_FLR_3 VAV BOX OUTLET NODE shows oscillating temperatures across iterations with a repeated value of 15.622406
   **   ~~~   ** Node named PHYSTHERAPY_FLR_3 VAV BOX OUTLET NODE temperature [C] iteration history trace (most recent first): 15.622406,15.622402,15.622406,15.622402,15.622406,15.622402,15.622406,15.622402,15.622406,15.622402,
   **   ~~~   ** Node named PATROOM6_FLR_3 VAV BOX OUTLET NODE shows oscillating temperatures across iterations with a repeated value of 15.097939
   **   ~~~   ** Node named PATROOM6_FLR_3 VAV BOX OUTLET NODE temperature [C] iteration history trace (most recent first): 15.097939,15.097912,15.097939,15.097912,15.097939,15.097912,15.097939,15.097912,15.097939,15.097912,
   **   ~~~   ** Node named PATROOM7_MULT10_FLR_3 VAV BOX OUTLET NODE shows oscillating temperatures across iterations with a repeated value of 16.769236
   **   ~~~   ** Node named PATROOM7_MULT10_FLR_3 VAV BOX OUTLET NODE temperature [C] iteration history trace (most recent first): 16.769236,16.769189,16.769236,16.769189,16.769236,16.769189,16.769236,16.769189,16.769236,16.769189,
   **   ~~~   ** Node named PATROOM8_FLR_3 VAV BOX OUTLET NODE shows oscillating temperatures across iterations with a repeated value of 17.220805
   **   ~~~   ** Node named PATROOM8_FLR_3 VAV BOX OUTLET NODE temperature [C] iteration history trace (most recent first): 17.220805,17.220754,17.220805,17.220754,17.220805,17.220754,17.220805,17.220754,17.220805,17.220754,
   **   ~~~   ** Node named NURSESTN_LOBBY_FLR_3 VAV BOX OUTLET NODE shows oscillating mass flow rate across iterations with a repeated value of 1.053914
   **   ~~~   ** Node named NURSESTN_LOBBY_FLR_3 VAV BOX OUTLET NODE mass flow rate [kg/s] iteration history trace (most recent first): 1.053914,1.053914,1.053914,1.053914,1.053914,1.053914,1.053914,1.053914,1.053914,1.053914,
   **   ~~~   ** Node named NURSESTN_LOBBY_FLR_3 VAV BOX OUTLET NODE shows oscillating temperatures across iterations with a repeated value of 15.622406
   **   ~~~   ** Node named NURSESTN_LOBBY_FLR_3 VAV BOX OUTLET NODE temperature [C] iteration history trace (most recent first): 15.622406,15.622402,15.622406,15.622402,15.622406,15.622402,15.622406,15.622402,15.622406,15.622402,
   **   ~~~   ** Node named LAB_FLR_3 VAV BOX OUTLET NODE shows oscillating temperatures across iterations with a repeated value of 13.931402
   **   ~~~   ** Node named LAB_FLR_3 VAV BOX OUTLET NODE temperature [C] iteration history trace (most recent first): 13.931402,13.931343,13.931402,13.931343,13.931402,13.931343,13.931402,13.931343,13.931402,13.931343,
   **   ~~~   ** Node named CORRIDOR_SE_FLR_3 VAV BOX OUTLET NODE shows oscillating temperatures across iterations with a repeated value of 15.622406
   **   ~~~   ** Node named CORRIDOR_SE_FLR_3 VAV BOX OUTLET NODE temperature [C] iteration history trace (most recent first): 15.622406,15.622402,15.622406,15.622402,15.622406,15.622402,15.622406,15.622402,15.622406,15.622402,
   **   ~~~   ** Node named CORRIDOR_NW_FLR_3 VAV BOX OUTLET NODE shows oscillating temperatures across iterations with a repeated value of 15.622406
   **   ~~~   ** Node named CORRIDOR_NW_FLR_3 VAV BOX OUTLET NODE temperature [C] iteration history trace (most recent first): 15.622406,15.622402,15.622406,15.622402,15.622406,15.622402,15.622406,15.622402,15.622406,15.622402,
   **   ~~~   ** Node named PATROOM1_MULT10_FLR_4 VAV BOX OUTLET NODE shows oscillating temperatures across iterations with a repeated value of 14.883805
   **   ~~~   ** Node named PATROOM1_MULT10_FLR_4 VAV BOX OUTLET NODE temperature [C] iteration history trace (most recent first): 14.883805,14.883781,14.883805,14.883781,14.883805,14.883781,14.883805,14.883781,14.883805,14.883781,
   **   ~~~   ** Node named PATROOM2_FLR_4 VAV BOX OUTLET NODE shows oscillating temperatures across iterations with a repeated value of 15.927802
   **   ~~~   ** Node named PATROOM2_FLR_4 VAV BOX OUTLET NODE temperature [C] iteration history trace (most recent first): 15.927802,15.927766,15.927802,15.927766,15.927802,15.927766,15.927802,15.927766,15.927802,15.927766,
   **   ~~~   ** Node named PATROOM3_MULT10_FLR_4 VAV BOX OUTLET NODE shows oscillating temperatures across iterations with a repeated value of 17.876748
   **   ~~~   ** Node named PATROOM3_MULT10_FLR_4 VAV BOX OUTLET NODE temperature [C] iteration history trace (most recent first): 17.876748,17.876687,17.876748,17.876687,17.876748,17.876687,17.876748,17.876687,17.876748,17.876687,
   **   ~~~   ** Node named PATROOM4_FLR_4 VAV BOX OUTLET NODE shows oscillating temperatures across iterations with a repeated value of 17.952668
   **   ~~~   ** Node named PATROOM4_FLR_4 VAV BOX OUTLET NODE temperature [C] iteration history trace (most recent first): 17.952668,17.952607,17.952668,17.952607,17.952668,17.952607,17.952668,17.952607,17.952668,17.952607,
   **   ~~~   ** Node named PATROOM5_MULT10_FLR_4 VAV BOX OUTLET NODE shows oscillating temperatures across iterations with a repeated value of 16.993954
   **   ~~~   ** Node named PATROOM5_MULT10_FLR_4 VAV BOX OUTLET NODE temperature [C] iteration history trace (most recent first): 16.993954,16.993905,16.993954,16.993905,16.993954,16.993905,16.993954,16.993905,16.993954,16.993905,
   **   ~~~   ** Node named RADIOLOGY_FLR_4 VAV BOX OUTLET NODE shows oscillating mass flow rate across iterations with a repeated value of 3.488708
   **   ~~~   ** Node named RADIOLOGY_FLR_4 VAV BOX OUTLET NODE mass flow rate [kg/s] iteration history trace (most recent first): 3.488708,3.488706,3.488708,3.488706,3.488708,3.488706,3.488708,3.488706,3.488708,3.488706,
   **   ~~~   ** Node named RADIOLOGY_FLR_4 VAV BOX OUTLET NODE shows oscillating temperatures across iterations with a repeated value of 15.622406
   **   ~~~   ** Node named RADIOLOGY_FLR_4 VAV BOX OUTLET NODE temperature [C] iteration history trace (most recent first): 15.622406,15.622402,15.622406,15.622402,15.622406,15.622402,15.622406,15.622402,15.622406,15.622402,
   **   ~~~   ** Node named PATROOM6_FLR_4 VAV BOX OUTLET NODE shows oscillating temperatures across iterations with a repeated value of 15.138287
   **   ~~~   ** Node named PATROOM6_FLR_4 VAV BOX OUTLET NODE temperature [C] iteration history trace (most recent first): 15.138287,15.138260,15.138287,15.138260,15.138287,15.138260,15.138287,15.138260,15.138287,15.138260,
   **   ~~~   ** Node named PATROOM7_MULT10_FLR_4 VAV BOX OUTLET NODE shows oscillating temperatures across iterations with a repeated value of 16.781644
   **   ~~~   ** Node named PATROOM7_MULT10_FLR_4 VAV BOX OUTLET NODE temperature [C] iteration history trace (most recent first): 16.781644,16.781597,16.781644,16.781597,16.781644,16.781597,16.781644,16.781597,16.781644,16.781597,
   **   ~~~   ** Node named PATROOM8_FLR_4 VAV BOX OUTLET NODE shows oscillating temperatures across iterations with a repeated value of 17.268936
   **   ~~~   ** Node named PATROOM8_FLR_4 VAV BOX OUTLET NODE temperature [C] iteration history trace (most recent first): 17.268936,17.268884,17.268936,17.268884,17.268936,17.268884,17.268936,17.268884,17.268936,17.268884,
   **   ~~~   ** Node named NURSESTN_LOBBY_FLR_4 VAV BOX OUTLET NODE shows oscillating mass flow rate across iterations with a repeated value of 1.191833
   **   ~~~   ** Node named NURSESTN_LOBBY_FLR_4 VAV BOX OUTLET NODE mass flow rate [kg/s] iteration history trace (most recent first): 1.191833,1.191832,1.191833,1.191832,1.191833,1.191832,1.191833,1.191832,1.191833,1.191832,
   **   ~~~   ** Node named NURSESTN_LOBBY_FLR_4 VAV BOX OUTLET NODE shows oscillating temperatures across iterations with a repeated value of 15.622406
   **   ~~~   ** Node named NURSESTN_LOBBY_FLR_4 VAV BOX OUTLET NODE temperature [C] iteration history trace (most recent first): 15.622406,15.622402,15.622406,15.622402,15.622406,15.622402,15.622406,15.622402,15.622406,15.622402,
   **   ~~~   ** Node named LAB_FLR_4 VAV BOX OUTLET NODE shows oscillating temperatures across iterations with a repeated value of 13.768485
   **   ~~~   ** Node named LAB_FLR_4 VAV BOX OUTLET NODE temperature [C] iteration history trace (most recent first): 13.768485,13.768429,13.768485,13.768429,13.768485,13.768429,13.768485,13.768429,13.768485,13.768429,
   **   ~~~   ** Node named CORRIDOR_SE_FLR_4 VAV BOX OUTLET NODE shows oscillating temperatures across iterations with a repeated value of 15.622406
   **   ~~~   ** Node named CORRIDOR_SE_FLR_4 VAV BOX OUTLET NODE temperature [C] iteration history trace (most recent first): 15.622406,15.622402,15.622406,15.622402,15.622406,15.622402,15.622406,15.622402,15.622406,15.622402,
   **   ~~~   ** Node named CORRIDOR_NW_FLR_4 VAV BOX OUTLET NODE shows oscillating temperatures across iterations with a repeated value of 15.622406
   **   ~~~   ** Node named CORRIDOR_NW_FLR_4 VAV BOX OUTLET NODE temperature [C] iteration history trace (most recent first): 15.622406,15.622402,15.622406,15.622402,15.622406,15.622402,15.622406,15.622402,15.622406,15.622402,
   **   ~~~   ** Node named DINING_FLR_5 VAV BOX OUTLET NODE shows oscillating temperatures across iterations with a repeated value of 15.622406
   **   ~~~   ** Node named DINING_FLR_5 VAV BOX OUTLET NODE temperature [C] iteration history trace (most recent first): 15.622406,15.622402,15.622406,15.622402,15.622406,15.622402,15.622406,15.622402,15.622406,15.622402,
   **   ~~~   ** Node named NURSESTN_LOBBY_FLR_5 VAV BOX OUTLET NODE shows oscillating temperatures across iterations with a repeated value of 15.622406
   **   ~~~   ** Node named NURSESTN_LOBBY_FLR_5 VAV BOX OUTLET NODE temperature [C] iteration history trace (most recent first): 15.622406,15.622402,15.622406,15.622402,15.622406,15.622402,15.622406,15.622402,15.622406,15.622402,
   **   ~~~   ** Node named OFFICE1_FLR_5 VAV BOX OUTLET NODE shows oscillating temperatures across iterations with a repeated value of 15.622406
   **   ~~~   ** Node named OFFICE1_FLR_5 VAV BOX OUTLET NODE temperature [C] iteration history trace (most recent first): 15.622406,15.622402,15.622406,15.622402,15.622406,15.622402,15.622406,15.622402,15.622406,15.622402,
   **   ~~~   ** Node named OFFICE2_MULT5_FLR_5 VAV BOX OUTLET NODE shows oscillating temperatures across iterations with a repeated value of 15.622406
   **   ~~~   ** Node named OFFICE2_MULT5_FLR_5 VAV BOX OUTLET NODE temperature [C] iteration history trace (most recent first): 15.622406,15.622402,15.622406,15.622402,15.622406,15.622402,15.622406,15.622402,15.622406,15.622402,
   **   ~~~   ** Node named OFFICE3_FLR_5 VAV BOX OUTLET NODE shows oscillating temperatures across iterations with a repeated value of 15.622406
   **   ~~~   ** Node named OFFICE3_FLR_5 VAV BOX OUTLET NODE temperature [C] iteration history trace (most recent first): 15.622406,15.622402,15.622406,15.622402,15.622406,15.622402,15.622406,15.622402,15.622406,15.622402,
   **   ~~~   ** Node named OFFICE4_MULT6_FLR_5 VAV BOX OUTLET NODE shows oscillating temperatures across iterations with a repeated value of 15.622406
   **   ~~~   ** Node named OFFICE4_MULT6_FLR_5 VAV BOX OUTLET NODE temperature [C] iteration history trace (most recent first): 15.622406,15.622402,15.622406,15.622402,15.622406,15.622402,15.622406,15.622402,15.622406,15.622402,
   **   ~~~   ** Node named CORRIDOR_FLR_5 VAV BOX OUTLET NODE shows oscillating temperatures across iterations with a repeated value of 15.622406
   **   ~~~   ** Node named CORRIDOR_FLR_5 VAV BOX OUTLET NODE temperature [C] iteration history trace (most recent first): 15.622406,15.622402,15.622406,15.622402,15.622406,15.622402,15.622406,15.622402,15.622406,15.622402,
   **   ~~~   ** Plant System Named = HEAT RECOVERY WATER LOOP did not converge for temperature
   **   ~~~   ** Check values should be zero. Most Recent values listed first.
   **   ~~~   ** Demand-to-Supply interface temperature check value iteration history trace: 2.051740E-002,1.498659E-002,2.058699E-002,1.484853E-002,2.043924E-002,1.509336E-002,2.073366E-002,1.464555E-002,2.015985E-002,1.547505E-002,
   **   ~~~   ** Supply-to-Demand interface temperature check value iteration history trace: 1.656138E-002,2.279700E-002,1.665168E-002,2.287432E-002,1.649829E-002,2.271016E-002,1.677032E-002,2.303728E-002,1.627275E-002,2.239972E-002,
   ** Warning ** SimHVAC: Maximum iterations (20) exceeded for all HVAC loops, at RUNPERIOD 1, 11/01 07:00 - 07:10
   **   ~~~   ** The solution for one or more of the Air Loop HVAC systems did not appear to converge
   **   ~~~   ** Air System Named = VAV_1 did not converge for mass flow rate
   **   ~~~   ** Check values should be zero. Most Recent values listed first.
   **   ~~~   ** Demand-to-Supply interface mass flow rate check value iteration history trace: 0.114948,0.659673,0.770989,0.133194,0.756326,0.893151,0.114948,0.659673,0.770989,0.133194,
   **   ~~~   ** Supply-to-demand interface deck 1 mass flow rate check value iteration history trace: 0.000000,0.000000,0.000000,0.000000,0.000000,0.000000,0.000000,0.000000,0.000000,0.000000,
   **   ~~~   ** Air System Named = VAV_1 did not converge for temperature
   **   ~~~   ** Check values should be zero. Most Recent values listed first.
   **   ~~~   ** Demand-to-Supply interface temperature check value iteration history trace: 4.532611E-003,2.425468E-002,2.864260E-002,5.239689E-003,2.746746E-002,3.285184E-002,4.532611E-003,2.425468E-002,2.864260E-002,5.239689E-003,
   **   ~~~   ** Supply-to-demand interface deck 1 temperature check value iteration history trace: 0.101117,0.679037,0.776921,0.116843,0.658092,0.778168,0.101117,0.679037,0.776921,0.116843,
   **   ~~~   ** Air System Named = VAV_1 did not converge for energy
   **   ~~~   ** Check values should be zero. Most Recent values listed first.
   **   ~~~   ** Demand-to-Supply interface energy check value iteration history trace: 2772.091018,15908.780190,18593.292155,3212.114420,18239.666109,21539.359581,2772.091018,15908.780190,18593.292155,3212.114420,
   **   ~~~   ** Supply-to-demand interface deck 1 energy check value iteration history trace: -1097.282511,-7818.727380,8343.908065,-1270.493769,-7655.949216,8354.469268,-1097.282511,-7818.727380,8343.908065,-1270.493769,
   ** Warning ** SimHVAC: Maximum iterations (20) exceeded for all HVAC loops, at RUNPERIOD 1, 11/18 15:40 - 15:50
   **   ~~~   ** The solution for one or more of the Air Loop HVAC systems did not appear to converge
   **   ~~~   ** Air System Named = VAV_1 did not converge for mass flow rate
   **   ~~~   ** Check values should be zero. Most Recent values listed first.
   **   ~~~   ** Demand-to-Supply interface mass flow rate check value iteration history trace: 0.343097,0.168767,0.193066,4.600182E-002,0.168341,0.290616,2.056656E-002,3.696955E-002,0.343097,0.168767,
   **   ~~~   ** Supply-to-demand interface deck 1 mass flow rate check value iteration history trace: 0.000000,0.000000,0.000000,0.000000,0.000000,0.000000,0.000000,0.000000,0.000000,0.000000,
   **   ~~~   ** Air System Named = VAV_1 did not converge for temperature
   **   ~~~   ** Check values should be zero. Most Recent values listed first.
   **   ~~~   ** Demand-to-Supply interface temperature check value iteration history trace: 1.725983E-002,8.333887E-003,9.905247E-003,2.421171E-003,9.069435E-003,1.545259E-002,1.061956E-003,1.920727E-003,1.725984E-002,8.333896E-003,
   **   ~~~   ** Supply-to-demand interface deck 1 temperature check value iteration history trace: 0.354102,0.170351,0.203960,5.013819E-002,0.188682,0.320617,2.190008E-002,3.968681E-002,0.354102,0.170351,
   **   ~~~   ** Air System Named = VAV_1 did not converge for energy
   **   ~~~   ** Check values should be zero. Most Recent values listed first.
   **   ~~~   ** Demand-to-Supply interface energy check value iteration history trace: 8271.318013,4068.609212,4654.413994,1109.003834,4058.330332,7006.110785,495.815143,891.255574,8271.322634,4068.613979,
   **   ~~~   ** Supply-to-demand interface deck 1 energy check value iteration history trace: -3432.807242,1622.564995,1903.117664,465.512845,1719.919897,-3016.191909,205.571657,371.057750,-3432.809132,1622.566850,
   **   ~~~   ** Node named BASEMENT VAV BOX OUTLET NODE shows oscillating humidity ratio across iterations with a repeated value of 4.654512E-003
   **   ~~~   ** Node named BASEMENT VAV BOX OUTLET NODE humidity ratio [kg-water/kg-dryair] iteration history trace (most recent first): 4.654512E-003,4.660701E-003,4.654064E-003,4.659349E-003,4.654512E-003,4.660701E-003,4.654064E-003,4.659349E-003,4.654512E-003,4.660701E-003,
   **   ~~~   ** Node named BASEMENT VAV BOX OUTLET NODE shows oscillating mass flow rate across iterations with a repeated value of 3.293351
   **   ~~~   ** Node named BASEMENT VAV BOX OUTLET NODE mass flow rate [kg/s] iteration history trace (most recent first): 3.293351,3.317781,3.265863,3.367371,3.293351,3.317781,3.265863,3.367371,3.293351,3.317781,
   **   ~~~   ** Node named BASEMENT VAV BOX OUTLET NODE shows oscillating temperatures across iterations with a repeated value of 15.634780
   **   ~~~   ** Node named BASEMENT VAV BOX OUTLET NODE temperature [C] iteration history trace (most recent first): 15.634780,15.696367,15.564432,15.818530,15.634780,15.696367,15.564432,15.818530,15.634780,15.696367,
   **   ~~~   ** Node named ER_EXAM1_MULT4_FLR_1 VAV BOX OUTLET NODE shows oscillating temperatures across iterations with a repeated value of 19.705091
   **   ~~~   ** Node named ER_EXAM1_MULT4_FLR_1 VAV BOX OUTLET NODE temperature [C] iteration history trace (most recent first): 19.705091,19.705111,19.705180,19.705094,19.705091,19.705111,19.705180,19.705094,19.705091,19.705111,
   **   ~~~   ** Node named ER_TRAUMA1_FLR_1 VAV BOX OUTLET NODE shows oscillating temperatures across iterations with a repeated value of 19.097513
   **   ~~~   ** Node named ER_TRAUMA1_FLR_1 VAV BOX OUTLET NODE temperature [C] iteration history trace (most recent first): 19.097513,19.097531,19.097594,19.097516,19.097513,19.097531,19.097594,19.097516,19.097513,19.097531,
   **   ~~~   ** Node named ER_EXAM3_MULT4_FLR_1 VAV BOX OUTLET NODE shows oscillating temperatures across iterations with a repeated value of 19.635712
   **   ~~~   ** Node named ER_EXAM3_MULT4_FLR_1 VAV BOX OUTLET NODE temperature [C] iteration history trace (most recent first): 19.635712,19.635732,19.635801,19.635715,19.635712,19.635732,19.635801,19.635715,19.635712,19.635732,
   **   ~~~   ** Node named ER_TRAUMA2_FLR_1 VAV BOX OUTLET NODE shows oscillating temperatures across iterations with a repeated value of 19.098485
   **   ~~~   ** Node named ER_TRAUMA2_FLR_1 VAV BOX OUTLET NODE temperature [C] iteration history trace (most recent first): 19.098485,19.098503,19.098566,19.098488,19.098485,19.098503,19.098566,19.098488,19.098485,19.098503,
   **   ~~~   ** Node named ER_TRIAGE_MULT4_FLR_1 VAV BOX OUTLET NODE shows oscillating temperatures across iterations with a repeated value of 19.493320
   **   ~~~   ** Node named ER_TRIAGE_MULT4_FLR_1 VAV BOX OUTLET NODE temperature [C] iteration history trace (most recent first): 19.493320,19.493339,19.493407,19.493323,19.493320,19.493339,19.493407,19.493323,19.493320,19.493339,
   **   ~~~   ** Node named OFFICE1_MULT4_FLR_1 VAV BOX OUTLET NODE shows oscillating humidity ratio across iterations with a repeated value of 4.654512E-003
   **   ~~~   ** Node named OFFICE1_MULT4_FLR_1 VAV BOX OUTLET NODE humidity ratio [kg-water/kg-dryair] iteration history trace (most recent first): 4.654512E-003,4.660701E-003,4.654064E-003,4.659349E-003,4.654512E-003,4.660701E-003,4.654064E-003,4.659349E-003,4.654512E-003,4.660701E-003,
   **   ~~~   ** Node named OFFICE1_MULT4_FLR_1 VAV BOX OUTLET NODE shows oscillating temperatures across iterations with a repeated value of 18.366813
   **   ~~~   ** Node named OFFICE1_MULT4_FLR_1 VAV BOX OUTLET NODE temperature [C] iteration history trace (most recent first): 18.366813,18.363263,18.362419,18.385737,18.366813,18.363263,18.362419,18.385737,18.366813,18.363263,
   **   ~~~   ** Node named LOBBY_RECORDS_FLR_1 VAV BOX OUTLET NODE shows oscillating humidity ratio across iterations with a repeated value of 4.654512E-003
   **   ~~~   ** Node named LOBBY_RECORDS_FLR_1 VAV BOX OUTLET NODE humidity ratio [kg-water/kg-dryair] iteration history trace (most recent first): 4.654512E-003,4.660701E-003,4.654064E-003,4.659349E-003,4.654512E-003,4.660701E-003,4.654064E-003,4.659349E-003,4.654512E-003,4.660701E-003,
   **   ~~~   ** Node named LOBBY_RECORDS_FLR_1 VAV BOX OUTLET NODE shows oscillating temperatures across iterations with a repeated value of 19.284858
   **   ~~~   ** Node named LOBBY_RECORDS_FLR_1 VAV BOX OUTLET NODE temperature [C] iteration history trace (most recent first): 19.284858,19.291357,19.294882,19.303632,19.284858,19.291357,19.294882,19.303632,19.284858,19.291357,
   **   ~~~   ** Node named CORRIDOR_FLR_1 VAV BOX OUTLET NODE shows oscillating humidity ratio across iterations with a repeated value of 4.654512E-003
   **   ~~~   ** Node named CORRIDOR_FLR_1 VAV BOX OUTLET NODE humidity ratio [kg-water/kg-dryair] iteration history trace (most recent first): 4.654512E-003,4.660701E-003,4.654064E-003,4.659349E-003,4.654512E-003,4.660701E-003,4.654064E-003,4.659349E-003,4.654512E-003,4.660701E-003,
   **   ~~~   ** Node named CORRIDOR_FLR_1 VAV BOX OUTLET NODE shows oscillating temperatures across iterations with a repeated value of 15.634780
   **   ~~~   ** Node named CORRIDOR_FLR_1 VAV BOX OUTLET NODE temperature [C] iteration history trace (most recent first): 15.634780,15.696367,15.564432,15.818530,15.634780,15.696367,15.564432,15.818530,15.634780,15.696367,
   **   ~~~   ** Node named ER_NURSESTN_LOBBY_FLR_1 VAV BOX OUTLET NODE shows oscillating humidity ratio across iterations with a repeated value of 4.654512E-003
   **   ~~~   ** Node named ER_NURSESTN_LOBBY_FLR_1 VAV BOX OUTLET NODE humidity ratio [kg-water/kg-dryair] iteration history trace (most recent first): 4.654512E-003,4.660701E-003,4.654064E-003,4.659349E-003,4.654512E-003,4.660701E-003,4.654064E-003,4.659349E-003,4.654512E-003,4.660701E-003,
   **   ~~~   ** Node named ER_NURSESTN_LOBBY_FLR_1 VAV BOX OUTLET NODE shows oscillating mass flow rate across iterations with a repeated value of 1.651710
   **   ~~~   ** Node named ER_NURSESTN_LOBBY_FLR_1 VAV BOX OUTLET NODE mass flow rate [kg/s] iteration history trace (most recent first): 1.651710,1.663962,1.637924,1.688832,1.651710,1.663962,1.637924,1.688832,1.651710,1.663962,
   **   ~~~   ** Node named ER_NURSESTN_LOBBY_FLR_1 VAV BOX OUTLET NODE shows oscillating temperatures across iterations with a repeated value of 15.634780
   **   ~~~   ** Node named ER_NURSESTN_LOBBY_FLR_1 VAV BOX OUTLET NODE temperature [C] iteration history trace (most recent first): 15.634780,15.696367,15.564432,15.818530,15.634780,15.696367,15.564432,15.818530,15.634780,15.696367,
   **   ~~~   ** Node named OR1_FLR_2 VAV BOX OUTLET NODE shows oscillating temperatures across iterations with a repeated value of 19.839947
   **   ~~~   ** Node named OR1_FLR_2 VAV BOX OUTLET NODE temperature [C] iteration history trace (most recent first): 19.839947,19.839967,19.840038,19.839950,19.839947,19.839967,19.840038,19.839950,19.839947,19.839967,
   **   ~~~   ** Node named OR2_MULT5_FLR_2 VAV BOX OUTLET NODE shows oscillating temperatures across iterations with a repeated value of 19.514967
   **   ~~~   ** Node named OR2_MULT5_FLR_2 VAV BOX OUTLET NODE temperature [C] iteration history trace (most recent first): 19.514967,19.514986,19.515053,19.514969,19.514967,19.514986,19.515053,19.514969,19.514966,19.514986,
   **   ~~~   ** Node named OR3_FLR_2 VAV BOX OUTLET NODE shows oscillating temperatures across iterations with a repeated value of 19.623693
   **   ~~~   ** Node named OR3_FLR_2 VAV BOX OUTLET NODE temperature [C] iteration history trace (most recent first): 19.623693,19.623712,19.623781,19.623696,19.623693,19.623712,19.623781,19.623696,19.623693,19.623712,
   **   ~~~   ** Node named OR4_FLR_2 VAV BOX OUTLET NODE shows oscillating temperatures across iterations with a repeated value of 19.302528
   **   ~~~   ** Node named OR4_FLR_2 VAV BOX OUTLET NODE temperature [C] iteration history trace (most recent first): 19.302528,19.302547,19.302613,19.302531,19.302528,19.302547,19.302613,19.302531,19.302528,19.302547,
   **   ~~~   ** Node named IC_PATROOM1_MULT5_FLR_2 VAV BOX OUTLET NODE shows oscillating temperatures across iterations with a repeated value of 18.303727
   **   ~~~   ** Node named IC_PATROOM1_MULT5_FLR_2 VAV BOX OUTLET NODE temperature [C] iteration history trace (most recent first): 18.303727,18.303743,18.303798,18.303730,18.303727,18.303743,18.303798,18.303730,18.303727,18.303743,
   **   ~~~   ** Node named IC_PATROOM2_FLR_2 VAV BOX OUTLET NODE shows oscillating temperatures across iterations with a repeated value of 18.975823
   **   ~~~   ** Node named IC_PATROOM2_FLR_2 VAV BOX OUTLET NODE temperature [C] iteration history trace (most recent first): 18.975823,18.975840,18.975902,18.975826,18.975823,18.975840,18.975902,18.975825,18.975823,18.975840,
   **   ~~~   ** Node named IC_PATROOM3_MULT6_FLR_2 VAV BOX OUTLET NODE shows oscillating temperatures across iterations with a repeated value of 18.270924
   **   ~~~   ** Node named IC_PATROOM3_MULT6_FLR_2 VAV BOX OUTLET NODE temperature [C] iteration history trace (most recent first): 18.270924,18.270940,18.270995,18.270927,18.270924,18.270940,18.270995,18.270927,18.270924,18.270939,
   **   ~~~   ** Node named ICU_FLR_2 VAV BOX OUTLET NODE shows oscillating temperatures across iterations with a repeated value of 17.801938
   **   ~~~   ** Node named ICU_FLR_2 VAV BOX OUTLET NODE temperature [C] iteration history trace (most recent first): 17.801938,17.801953,17.802003,17.801941,17.801938,17.801953,17.802003,17.801941,17.801938,17.801952,
   **   ~~~   ** Node named ICU_NURSESTN_LOBBY_FLR_2 VAV BOX OUTLET NODE shows oscillating humidity ratio across iterations with a repeated value of 4.654512E-003
   **   ~~~   ** Node named ICU_NURSESTN_LOBBY_FLR_2 VAV BOX OUTLET NODE humidity ratio [kg-water/kg-dryair] iteration history trace (most recent first): 4.654512E-003,4.660701E-003,4.654064E-003,4.659349E-003,4.654512E-003,4.660701E-003,4.654064E-003,4.659349E-003,4.654512E-003,4.660701E-003,
   **   ~~~   ** Node named ICU_NURSESTN_LOBBY_FLR_2 VAV BOX OUTLET NODE shows oscillating mass flow rate across iterations with a repeated value of 1.620871
   **   ~~~   ** Node named ICU_NURSESTN_LOBBY_FLR_2 VAV BOX OUTLET NODE mass flow rate [kg/s] iteration history trace (most recent first): 1.620871,1.632901,1.607336,1.657321,1.620871,1.632901,1.607336,1.657321,1.620871,1.632901,
   **   ~~~   ** Node named ICU_NURSESTN_LOBBY_FLR_2 VAV BOX OUTLET NODE shows oscillating temperatures across iterations with a repeated value of 15.634780
   **   ~~~   ** Node named ICU_NURSESTN_LOBBY_FLR_2 VAV BOX OUTLET NODE temperature [C] iteration history trace (most recent first): 15.634780,15.696367,15.564432,15.818530,15.634780,15.696367,15.564432,15.818530,15.634780,15.696367,
   **   ~~~   ** Node named CORRIDOR_FLR_2 VAV BOX OUTLET NODE shows oscillating humidity ratio across iterations with a repeated value of 4.654512E-003
   **   ~~~   ** Node named CORRIDOR_FLR_2 VAV BOX OUTLET NODE humidity ratio [kg-water/kg-dryair] iteration history trace (most recent first): 4.654512E-003,4.660701E-003,4.654064E-003,4.659349E-003,4.654512E-003,4.660701E-003,4.654064E-003,4.659349E-003,4.654512E-003,4.660701E-003,
   **   ~~~   ** Node named CORRIDOR_FLR_2 VAV BOX OUTLET NODE shows oscillating temperatures across iterations with a repeated value of 17.212199
   **   ~~~   ** Node named CORRIDOR_FLR_2 VAV BOX OUTLET NODE temperature [C] iteration history trace (most recent first): 17.212199,17.201486,17.191380,17.202187,17.212199,17.201486,17.191380,17.202187,17.212199,17.201486,
   **   ~~~   ** Node named OR_NURSESTN_LOBBY_FLR_2 VAV BOX OUTLET NODE shows oscillating humidity ratio across iterations with a repeated value of 4.654512E-003
   **   ~~~   ** Node named OR_NURSESTN_LOBBY_FLR_2 VAV BOX OUTLET NODE humidity ratio [kg-water/kg-dryair] iteration history trace (most recent first): 4.654512E-003,4.660701E-003,4.654064E-003,4.659349E-003,4.654512E-003,4.660701E-003,4.654064E-003,4.659349E-003,4.654512E-003,4.660701E-003,
   **   ~~~   ** Node named OR_NURSESTN_LOBBY_FLR_2 VAV BOX OUTLET NODE shows oscillating mass flow rate across iterations with a repeated value of 1.189755
   **   ~~~   ** Node named OR_NURSESTN_LOBBY_FLR_2 VAV BOX OUTLET NODE mass flow rate [kg/s] iteration history trace (most recent first): 1.189755,1.198579,1.179826,1.216492,1.189755,1.198579,1.179826,1.216492,1.189755,1.198579,
   **   ~~~   ** Node named OR_NURSESTN_LOBBY_FLR_2 VAV BOX OUTLET NODE shows oscillating temperatures across iterations with a repeated value of 15.634780
   **   ~~~   ** Node named OR_NURSESTN_LOBBY_FLR_2 VAV BOX OUTLET NODE temperature [C] iteration history trace (most recent first): 15.634780,15.696367,15.564432,15.818530,15.634780,15.696367,15.564432,15.818530,15.634780,15.696367,
   **   ~~~   ** Node named PATROOM1_MULT10_FLR_3 VAV BOX OUTLET NODE shows oscillating temperatures across iterations with a repeated value of 18.310497
   **   ~~~   ** Node named PATROOM1_MULT10_FLR_3 VAV BOX OUTLET NODE temperature [C] iteration history trace (most recent first): 18.310497,18.310512,18.310566,18.310499,18.310497,18.310512,18.310566,18.310499,18.310497,18.310512,
   **   ~~~   ** Node named PATROOM2_FLR_3 VAV BOX OUTLET NODE shows oscillating temperatures across iterations with a repeated value of 19.734298
   **   ~~~   ** Node named PATROOM2_FLR_3 VAV BOX OUTLET NODE temperature [C] iteration history trace (most recent first): 19.734298,19.734318,19.734385,19.734301,19.734298,19.734318,19.734385,19.734301,19.734298,19.734318,
   **   ~~~   ** Node named PATROOM3_MULT10_FLR_3 VAV BOX OUTLET NODE shows oscillating temperatures across iterations with a repeated value of 18.040506
   **   ~~~   ** Node named PATROOM3_MULT10_FLR_3 VAV BOX OUTLET NODE temperature [C] iteration history trace (most recent first): 18.040506,18.040521,18.040572,18.040508,18.040506,18.040521,18.040572,18.040508,18.040506,18.040521,
   **   ~~~   ** Node named PATROOM4_FLR_3 VAV BOX OUTLET NODE shows oscillating temperatures across iterations with a repeated value of 19.043080
   **   ~~~   ** Node named PATROOM4_FLR_3 VAV BOX OUTLET NODE temperature [C] iteration history trace (most recent first): 19.043080,19.043097,19.043158,19.043082,19.043080,19.043097,19.043158,19.043082,19.043080,19.043097,
   **   ~~~   ** Node named PATROOM5_MULT10_FLR_3 VAV BOX OUTLET NODE shows oscillating temperatures across iterations with a repeated value of 17.527220
   **   ~~~   ** Node named PATROOM5_MULT10_FLR_3 VAV BOX OUTLET NODE temperature [C] iteration history trace (most recent first): 17.527220,17.527233,17.527279,17.527222,17.527220,17.527233,17.527279,17.527222,17.527220,17.527233,
   **   ~~~   ** Node named PATROOM6_FLR_3 VAV BOX OUTLET NODE shows oscillating temperatures across iterations with a repeated value of 19.582346
   **   ~~~   ** Node named PATROOM6_FLR_3 VAV BOX OUTLET NODE temperature [C] iteration history trace (most recent first): 19.582346,19.582365,19.582431,19.582349,19.582346,19.582365,19.582431,19.582349,19.582346,19.582365,
   **   ~~~   ** Node named PATROOM7_MULT10_FLR_3 VAV BOX OUTLET NODE shows oscillating temperatures across iterations with a repeated value of 17.406577
   **   ~~~   ** Node named PATROOM7_MULT10_FLR_3 VAV BOX OUTLET NODE temperature [C] iteration history trace (most recent first): 17.406577,17.406590,17.406635,17.406579,17.406577,17.406590,17.406635,17.406579,17.406577,17.406590,
   **   ~~~   ** Node named PATROOM8_FLR_3 VAV BOX OUTLET NODE shows oscillating temperatures across iterations with a repeated value of 18.824794
   **   ~~~   ** Node named PATROOM8_FLR_3 VAV BOX OUTLET NODE temperature [C] iteration history trace (most recent first): 18.824794,18.824810,18.824869,18.824796,18.824794,18.824810,18.824869,18.824796,18.824794,18.824810,
   **   ~~~   ** Node named LAB_FLR_3 VAV BOX OUTLET NODE shows oscillating temperatures across iterations with a repeated value of 13.630453
   **   ~~~   ** Node named LAB_FLR_3 VAV BOX OUTLET NODE temperature [C] iteration history trace (most recent first): 13.630453,13.630465,13.630508,13.630455,13.630453,13.630465,13.630508,13.630455,13.630453,13.630465,
   **   ~~~   ** Node named PATROOM1_MULT10_FLR_4 VAV BOX OUTLET NODE shows oscillating temperatures across iterations with a repeated value of 18.327992
   **   ~~~   ** Node named PATROOM1_MULT10_FLR_4 VAV BOX OUTLET NODE temperature [C] iteration history trace (most recent first): 18.327992,18.328008,18.328062,18.327995,18.327992,18.328008,18.328062,18.327995,18.327992,18.328008,
   **   ~~~   ** Node named PATROOM2_FLR_4 VAV BOX OUTLET NODE shows oscillating temperatures across iterations with a repeated value of 19.811503
   **   ~~~   ** Node named PATROOM2_FLR_4 VAV BOX OUTLET NODE temperature [C] iteration history trace (most recent first): 19.811503,19.811523,19.811591,19.811506,19.811503,19.811523,19.811591,19.811506,19.811503,19.811523,
   **   ~~~   ** Node named PATROOM3_MULT10_FLR_4 VAV BOX OUTLET NODE shows oscillating temperatures across iterations with a repeated value of 18.095739
   **   ~~~   ** Node named PATROOM3_MULT10_FLR_4 VAV BOX OUTLET NODE temperature [C] iteration history trace (most recent first): 18.095739,18.095754,18.095806,18.095742,18.095739,18.095754,18.095806,18.095742,18.095739,18.095754,
   **   ~~~   ** Node named PATROOM4_FLR_4 VAV BOX OUTLET NODE shows oscillating temperatures across iterations with a repeated value of 19.073370
   **   ~~~   ** Node named PATROOM4_FLR_4 VAV BOX OUTLET NODE temperature [C] iteration history trace (most recent first): 19.073370,19.073387,19.073448,19.073372,19.073370,19.073387,19.073448,19.073372,19.073370,19.073387,
   **   ~~~   ** Node named PATROOM5_MULT10_FLR_4 VAV BOX OUTLET NODE shows oscillating temperatures across iterations with a repeated value of 17.582102
   **   ~~~   ** Node named PATROOM5_MULT10_FLR_4 VAV BOX OUTLET NODE temperature [C] iteration history trace (most recent first): 17.582102,17.582116,17.582163,17.582105,17.582102,17.582116,17.582163,17.582105,17.582102,17.582116,
   **   ~~~   ** Node named PATROOM6_FLR_4 VAV BOX OUTLET NODE shows oscillating temperatures across iterations with a repeated value of 19.663993
   **   ~~~   ** Node named PATROOM6_FLR_4 VAV BOX OUTLET NODE temperature [C] iteration history trace (most recent first): 19.663993,19.664012,19.664079,19.663996,19.663993,19.664012,19.664079,19.663996,19.663993,19.664012,
   **   ~~~   ** Node named PATROOM7_MULT10_FLR_4 VAV BOX OUTLET NODE shows oscillating temperatures across iterations with a repeated value of 17.461387
   **   ~~~   ** Node named PATROOM7_MULT10_FLR_4 VAV BOX OUTLET NODE temperature [C] iteration history trace (most recent first): 17.461387,17.461400,17.461446,17.461389,17.461387,17.461400,17.461446,17.461389,17.461387,17.461400,
   **   ~~~   ** Node named PATROOM8_FLR_4 VAV BOX OUTLET NODE shows oscillating temperatures across iterations with a repeated value of 18.901933
   **   ~~~   ** Node named PATROOM8_FLR_4 VAV BOX OUTLET NODE temperature [C] iteration history trace (most recent first): 18.901933,18.901950,18.902009,18.901935,18.901933,18.901950,18.902009,18.901935,18.901933,18.901950,
   **   ~~~   ** Node named LAB_FLR_4 VAV BOX OUTLET NODE shows oscillating temperatures across iterations with a repeated value of 13.463854
   **   ~~~   ** Node named LAB_FLR_4 VAV BOX OUTLET NODE temperature [C] iteration history trace (most recent first): 13.463854,13.463866,13.463907,13.463856,13.463854,13.463866,13.463907,13.463856,13.463854,13.463866,
   **   ~~~   ** Node named OFFICE1_FLR_5 VAV BOX OUTLET NODE shows oscillating temperatures across iterations with a repeated value of 23.021814
   **   ~~~   ** Node named OFFICE1_FLR_5 VAV BOX OUTLET NODE temperature [C] iteration history trace (most recent first): 23.021814,23.021835,23.021911,23.021817,23.021814,23.021835,23.021911,23.021817,23.021814,23.021835,
   **   ~~~   ** Node named OFFICE3_FLR_5 VAV BOX OUTLET NODE shows oscillating temperatures across iterations with a repeated value of 21.173586
   **   ~~~   ** Node named OFFICE3_FLR_5 VAV BOX OUTLET NODE temperature [C] iteration history trace (most recent first): 21.173586,21.173602,21.173659,21.173589,21.173586,21.173602,21.173659,21.173589,21.173586,21.173602,
   **   ~~~   ** Node named OFFICE4_MULT6_FLR_5 VAV BOX OUTLET NODE shows oscillating temperatures across iterations with a repeated value of 20.152537
   **   ~~~   ** Node named OFFICE4_MULT6_FLR_5 VAV BOX OUTLET NODE temperature [C] iteration history trace (most recent first): 20.152537,20.152550,20.152597,20.152539,20.152537,20.152550,20.152597,20.152539,20.152537,20.152550,
   ** Warning ** SimHVAC: Maximum iterations (20) exceeded for all HVAC loops, at RUNPERIOD 1, 11/25 10:00 - 10:10
   **   ~~~   ** The solution for one or more of the Air Loop HVAC systems did not appear to converge
   **   ~~~   ** Air System Named = VAV_1 did not converge for mass flow rate
   **   ~~~   ** Check values should be zero. Most Recent values listed first.
   **   ~~~   ** Demand-to-Supply interface mass flow rate check value iteration history trace: 0.171847,0.307789,0.577805,9.816875E-002,0.171847,0.307789,0.577805,9.816875E-002,0.171847,0.307789,
   **   ~~~   ** Supply-to-demand interface deck 1 mass flow rate check value iteration history trace: 0.000000,0.000000,0.000000,0.000000,0.000000,0.000000,0.000000,0.000000,0.000000,0.000000,
   **   ~~~   ** Air System Named = VAV_1 did not converge for temperature
   **   ~~~   ** Check values should be zero. Most Recent values listed first.
   **   ~~~   ** Demand-to-Supply interface temperature check value iteration history trace: 9.157457E-003,1.728479E-002,3.152459E-002,5.082344E-003,9.157457E-003,1.728479E-002,3.152459E-002,5.082344E-003,9.157457E-003,1.728479E-002,
   **   ~~~   ** Supply-to-demand interface deck 1 temperature check value iteration history trace: 0.173340,0.330669,0.599662,9.565324E-002,0.173340,0.330669,0.599662,9.565324E-002,0.173340,0.330669,
   **   ~~~   ** Air System Named = VAV_1 did not converge for energy
   **   ~~~   ** Check values should be zero. Most Recent values listed first.
   **   ~~~   ** Demand-to-Supply interface energy check value iteration history trace: 4143.956355,7422.097999,13933.319125,2367.264770,4143.956355,7422.097999,13933.319125,2367.264770,4143.956356,7422.098000,
   **   ~~~   ** Supply-to-demand interface deck 1 energy check value iteration history trace: 1605.189385,2959.844603,-5715.789506,902.301269,1605.189384,2959.844603,-5715.789506,902.301269,1605.189385,2959.844603,
   **   ~~~   ** Node named BASEMENT VAV BOX OUTLET NODE shows oscillating humidity ratio across iterations with a repeated value of 4.600825E-003
   **   ~~~   ** Node named BASEMENT VAV BOX OUTLET NODE humidity ratio [kg-water/kg-dryair] iteration history trace (most recent first): 4.600825E-003,4.611034E-003,4.600825E-003,4.611034E-003,4.600825E-003,4.611034E-003,4.600825E-003,4.611034E-003,4.600825E-003,4.611034E-003,
   **   ~~~   ** Node named BASEMENT VAV BOX OUTLET NODE shows oscillating mass flow rate across iterations with a repeated value of 3.159712
   **   ~~~   ** Node named BASEMENT VAV BOX OUTLET NODE mass flow rate [kg/s] iteration history trace (most recent first): 3.159712,2.966389,3.159712,2.966389,3.159712,2.966389,3.159712,2.966389,3.159712,2.966389,
   **   ~~~   ** Node named BASEMENT VAV BOX OUTLET NODE shows oscillating temperatures across iterations with a repeated value of 16.263786
   **   ~~~   ** Node named BASEMENT VAV BOX OUTLET NODE temperature [C] iteration history trace (most recent first): 16.263786,15.759778,16.263786,15.759778,16.263786,15.759778,16.263786,15.759778,16.263786,15.759778,
   **   ~~~   ** Node named ER_EXAM1_MULT4_FLR_1 VAV BOX OUTLET NODE shows oscillating temperatures across iterations with a repeated value of 19.935115
   **   ~~~   ** Node named ER_EXAM1_MULT4_FLR_1 VAV BOX OUTLET NODE temperature [C] iteration history trace (most recent first): 19.935115,19.935121,19.935115,19.935121,19.935115,19.935121,19.935114,19.935116,19.935102,19.935200,
   **   ~~~   ** Node named ER_TRAUMA1_FLR_1 VAV BOX OUTLET NODE shows oscillating temperatures across iterations with a repeated value of 19.469905
   **   ~~~   ** Node named ER_TRAUMA1_FLR_1 VAV BOX OUTLET NODE temperature [C] iteration history trace (most recent first): 19.469905,19.469911,19.469905,19.469911,19.469905,19.469910,19.469903,19.469905,19.469891,19.469990,
   **   ~~~   ** Node named ER_EXAM3_MULT4_FLR_1 VAV BOX OUTLET NODE shows oscillating temperatures across iterations with a repeated value of 19.837730
   **   ~~~   ** Node named ER_EXAM3_MULT4_FLR_1 VAV BOX OUTLET NODE temperature [C] iteration history trace (most recent first): 19.837730,19.837736,19.837730,19.837736,19.837730,19.837735,19.837728,19.837731,19.837716,19.837815,
   **   ~~~   ** Node named ER_TRAUMA2_FLR_1 VAV BOX OUTLET NODE shows oscillating temperatures across iterations with a repeated value of 19.470937
   **   ~~~   ** Node named ER_TRAUMA2_FLR_1 VAV BOX OUTLET NODE temperature [C] iteration history trace (most recent first): 19.470937,19.470943,19.470937,19.470943,19.470937,19.470942,19.470935,19.470938,19.470924,19.471023,
   **   ~~~   ** Node named ER_TRIAGE_MULT4_FLR_1 VAV BOX OUTLET NODE shows oscillating temperatures across iterations with a repeated value of 19.728392
   **   ~~~   ** Node named ER_TRIAGE_MULT4_FLR_1 VAV BOX OUTLET NODE temperature [C] iteration history trace (most recent first): 19.728392,19.728398,19.728392,19.728398,19.728392,19.728398,19.728391,19.728393,19.728379,19.728477,
   **   ~~~   ** Node named OFFICE1_MULT4_FLR_1 VAV BOX OUTLET NODE shows oscillating humidity ratio across iterations with a repeated value of 4.600825E-003
   **   ~~~   ** Node named OFFICE1_MULT4_FLR_1 VAV BOX OUTLET NODE humidity ratio [kg-water/kg-dryair] iteration history trace (most recent first): 4.600825E-003,4.611034E-003,4.600825E-003,4.611034E-003,4.600825E-003,4.611034E-003,4.600825E-003,4.611034E-003,4.600825E-003,4.611034E-003,
   **   ~~~   ** Node named OFFICE1_MULT4_FLR_1 VAV BOX OUTLET NODE shows oscillating temperatures across iterations with a repeated value of 21.080684
   **   ~~~   ** Node named OFFICE1_MULT4_FLR_1 VAV BOX OUTLET NODE temperature [C] iteration history trace (most recent first): 21.080684,21.089274,21.080684,21.089274,21.080684,21.089274,21.080684,21.089274,21.080684,21.089274,
   **   ~~~   ** Node named LOBBY_RECORDS_FLR_1 VAV BOX OUTLET NODE shows oscillating humidity ratio across iterations with a repeated value of 4.600825E-003
   **   ~~~   ** Node named LOBBY_RECORDS_FLR_1 VAV BOX OUTLET NODE humidity ratio [kg-water/kg-dryair] iteration history trace (most recent first): 4.600825E-003,4.611034E-003,4.600825E-003,4.611034E-003,4.600825E-003,4.611034E-003,4.600825E-003,4.611034E-003,4.600825E-003,4.611034E-003,
   **   ~~~   ** Node named LOBBY_RECORDS_FLR_1 VAV BOX OUTLET NODE shows oscillating temperatures across iterations with a repeated value of 20.312853
   **   ~~~   ** Node named LOBBY_RECORDS_FLR_1 VAV BOX OUTLET NODE temperature [C] iteration history trace (most recent first): 20.312853,20.287555,20.312853,20.287555,20.312853,20.287555,20.312853,20.287555,20.312853,20.287555,
   **   ~~~   ** Node named CORRIDOR_FLR_1 VAV BOX OUTLET NODE shows oscillating humidity ratio across iterations with a repeated value of 4.600825E-003
   **   ~~~   ** Node named CORRIDOR_FLR_1 VAV BOX OUTLET NODE humidity ratio [kg-water/kg-dryair] iteration history trace (most recent first): 4.600825E-003,4.611034E-003,4.600825E-003,4.611034E-003,4.600825E-003,4.611034E-003,4.600825E-003,4.611034E-003,4.600825E-003,4.611034E-003,
   **   ~~~   ** Node named CORRIDOR_FLR_1 VAV BOX OUTLET NODE shows oscillating temperatures across iterations with a repeated value of 16.263786
   **   ~~~   ** Node named CORRIDOR_FLR_1 VAV BOX OUTLET NODE temperature [C] iteration history trace (most recent first): 16.263786,15.759778,16.263786,15.759778,16.263786,15.759778,16.263786,15.759778,16.263786,15.759778,
   **   ~~~   ** Node named ER_NURSESTN_LOBBY_FLR_1 VAV BOX OUTLET NODE shows oscillating humidity ratio across iterations with a repeated value of 4.600825E-003
   **   ~~~   ** Node named ER_NURSESTN_LOBBY_FLR_1 VAV BOX OUTLET NODE humidity ratio [kg-water/kg-dryair] iteration history trace (most recent first): 4.600825E-003,4.611034E-003,4.600825E-003,4.611034E-003,4.600825E-003,4.611034E-003,4.600825E-003,4.611034E-003,4.600825E-003,4.611034E-003,
   **   ~~~   ** Node named ER_NURSESTN_LOBBY_FLR_1 VAV BOX OUTLET NODE shows oscillating mass flow rate across iterations with a repeated value of 1.716160
   **   ~~~   ** Node named ER_NURSESTN_LOBBY_FLR_1 VAV BOX OUTLET NODE mass flow rate [kg/s] iteration history trace (most recent first): 1.716160,1.611158,1.716160,1.611158,1.716160,1.611158,1.716160,1.611158,1.716160,1.611158,
   **   ~~~   ** Node named ER_NURSESTN_LOBBY_FLR_1 VAV BOX OUTLET NODE shows oscillating temperatures across iterations with a repeated value of 16.263786
   **   ~~~   ** Node named ER_NURSESTN_LOBBY_FLR_1 VAV BOX OUTLET NODE temperature [C] iteration history trace (most recent first): 16.263786,15.759778,16.263786,15.759778,16.263786,15.759778,16.263786,15.759778,16.263786,15.759778,
   **   ~~~   ** Node named OR1_FLR_2 VAV BOX OUTLET NODE shows oscillating temperatures across iterations with a repeated value of 20.076163
   **   ~~~   ** Node named OR1_FLR_2 VAV BOX OUTLET NODE temperature [C] iteration history trace (most recent first): 20.076163,20.076169,20.076163,20.076169,20.076163,20.076169,20.076161,20.076164,20.076149,20.076140,
   **   ~~~   ** Node named OR2_MULT5_FLR_2 VAV BOX OUTLET NODE shows oscillating temperatures across iterations with a repeated value of 19.710736
   **   ~~~   ** Node named OR2_MULT5_FLR_2 VAV BOX OUTLET NODE temperature [C] iteration history trace (most recent first): 19.710736,19.710742,19.710736,19.710742,19.710736,19.710741,19.710734,19.710737,19.710722,19.710712,
   **   ~~~   ** Node named OR3_FLR_2 VAV BOX OUTLET NODE shows oscillating temperatures across iterations with a repeated value of 19.793959
   **   ~~~   ** Node named OR3_FLR_2 VAV BOX OUTLET NODE temperature [C] iteration history trace (most recent first): 19.793959,19.793965,19.793959,19.793965,19.793959,19.793965,19.793958,19.793960,19.793946,19.793936,
   **   ~~~   ** Node named OR4_FLR_2 VAV BOX OUTLET NODE shows oscillating temperatures across iterations with a repeated value of 19.435862
   **   ~~~   ** Node named OR4_FLR_2 VAV BOX OUTLET NODE temperature [C] iteration history trace (most recent first): 19.435862,19.435867,19.435862,19.435867,19.435862,19.435867,19.435860,19.435862,19.435848,19.435837,
   **   ~~~   ** Node named IC_PATROOM1_MULT5_FLR_2 VAV BOX OUTLET NODE shows oscillating temperatures across iterations with a repeated value of 18.973623
   **   ~~~   ** Node named IC_PATROOM1_MULT5_FLR_2 VAV BOX OUTLET NODE temperature [C] iteration history trace (most recent first): 18.973623,18.973628,18.973623,18.973628,18.973623,18.973628,18.973621,18.973623,18.973609,18.973597,
   **   ~~~   ** Node named IC_PATROOM2_FLR_2 VAV BOX OUTLET NODE shows oscillating temperatures across iterations with a repeated value of 19.686642
   **   ~~~   ** Node named IC_PATROOM2_FLR_2 VAV BOX OUTLET NODE temperature [C] iteration history trace (most recent first): 19.686642,19.686647,19.686642,19.686647,19.686641,19.686647,19.686640,19.686642,19.686628,19.686617,
   **   ~~~   ** Node named IC_PATROOM3_MULT6_FLR_2 VAV BOX OUTLET NODE shows oscillating temperatures across iterations with a repeated value of 18.595131
   **   ~~~   ** Node named IC_PATROOM3_MULT6_FLR_2 VAV BOX OUTLET NODE temperature [C] iteration history trace (most recent first): 18.595131,18.595136,18.595131,18.595136,18.595131,18.595135,18.595129,18.595130,18.595117,18.595105,
   **   ~~~   ** Node named ICU_FLR_2 VAV BOX OUTLET NODE shows oscillating temperatures across iterations with a repeated value of 18.017922
   **   ~~~   ** Node named ICU_FLR_2 VAV BOX OUTLET NODE temperature [C] iteration history trace (most recent first): 18.017922,18.017926,18.017922,18.017926,18.017922,18.017926,18.017920,18.017921,18.017907,18.017894,
   **   ~~~   ** Node named ICU_NURSESTN_LOBBY_FLR_2 VAV BOX OUTLET NODE shows oscillating humidity ratio across iterations with a repeated value of 4.600825E-003
   **   ~~~   ** Node named ICU_NURSESTN_LOBBY_FLR_2 VAV BOX OUTLET NODE humidity ratio [kg-water/kg-dryair] iteration history trace (most recent first): 4.600825E-003,4.611034E-003,4.600825E-003,4.611034E-003,4.600825E-003,4.611034E-003,4.600825E-003,4.611034E-003,4.600825E-003,4.611034E-003,
   **   ~~~   ** Node named ICU_NURSESTN_LOBBY_FLR_2 VAV BOX OUTLET NODE shows oscillating mass flow rate across iterations with a repeated value of 1.742446
   **   ~~~   ** Node named ICU_NURSESTN_LOBBY_FLR_2 VAV BOX OUTLET NODE mass flow rate [kg/s] iteration history trace (most recent first): 1.742446,1.635798,1.742446,1.635798,1.742446,1.635798,1.742446,1.635798,1.742446,1.635798,
   **   ~~~   ** Node named ICU_NURSESTN_LOBBY_FLR_2 VAV BOX OUTLET NODE shows oscillating temperatures across iterations with a repeated value of 16.263786
   **   ~~~   ** Node named ICU_NURSESTN_LOBBY_FLR_2 VAV BOX OUTLET NODE temperature [C] iteration history trace (most recent first): 16.263786,15.759778,16.263786,15.759778,16.263786,15.759778,16.263786,15.759778,16.263786,15.759778,
   **   ~~~   ** Node named CORRIDOR_FLR_2 VAV BOX OUTLET NODE shows oscillating humidity ratio across iterations with a repeated value of 4.600825E-003
   **   ~~~   ** Node named CORRIDOR_FLR_2 VAV BOX OUTLET NODE humidity ratio [kg-water/kg-dryair] iteration history trace (most recent first): 4.600825E-003,4.611034E-003,4.600825E-003,4.611034E-003,4.600825E-003,4.611034E-003,4.600825E-003,4.611034E-003,4.600825E-003,4.611034E-003,
   **   ~~~   ** Node named CORRIDOR_FLR_2 VAV BOX OUTLET NODE shows oscillating temperatures across iterations with a repeated value of 18.388578
   **   ~~~   ** Node named CORRIDOR_FLR_2 VAV BOX OUTLET NODE temperature [C] iteration history trace (most recent first): 18.388578,18.395023,18.388578,18.395023,18.388578,18.395023,18.388578,18.395023,18.388578,18.395023,
   **   ~~~   ** Node named OR_NURSESTN_LOBBY_FLR_2 VAV BOX OUTLET NODE shows oscillating humidity ratio across iterations with a repeated value of 4.600825E-003
   **   ~~~   ** Node named OR_NURSESTN_LOBBY_FLR_2 VAV BOX OUTLET NODE humidity ratio [kg-water/kg-dryair] iteration history trace (most recent first): 4.600825E-003,4.611034E-003,4.600825E-003,4.611034E-003,4.600825E-003,4.611034E-003,4.600825E-003,4.611034E-003,4.600825E-003,4.611034E-003,
   **   ~~~   ** Node named OR_NURSESTN_LOBBY_FLR_2 VAV BOX OUTLET NODE shows oscillating mass flow rate across iterations with a repeated value of 1.220363
   **   ~~~   ** Node named OR_NURSESTN_LOBBY_FLR_2 VAV BOX OUTLET NODE mass flow rate [kg/s] iteration history trace (most recent first): 1.220363,1.145700,1.220363,1.145700,1.220363,1.145700,1.220363,1.145700,1.220363,1.145700,
   **   ~~~   ** Node named OR_NURSESTN_LOBBY_FLR_2 VAV BOX OUTLET NODE shows oscillating temperatures across iterations with a repeated value of 16.263786
   **   ~~~   ** Node named OR_NURSESTN_LOBBY_FLR_2 VAV BOX OUTLET NODE temperature [C] iteration history trace (most recent first): 16.263786,15.759778,16.263786,15.759778,16.263786,15.759778,16.263786,15.759778,16.263786,15.759778,
   **   ~~~   ** Node named PATROOM1_MULT10_FLR_3 VAV BOX OUTLET NODE shows oscillating temperatures across iterations with a repeated value of 19.064121
   **   ~~~   ** Node named PATROOM1_MULT10_FLR_3 VAV BOX OUTLET NODE temperature [C] iteration history trace (most recent first): 19.064121,19.064126,19.064121,19.064126,19.064121,19.064126,19.064121,19.064126,19.064120,19.064125,
   **   ~~~   ** Node named PATROOM2_FLR_3 VAV BOX OUTLET NODE shows oscillating temperatures across iterations with a repeated value of 20.675913
   **   ~~~   ** Node named PATROOM2_FLR_3 VAV BOX OUTLET NODE temperature [C] iteration history trace (most recent first): 20.675913,20.675919,20.675913,20.675919,20.675913,20.675919,20.675913,20.675919,20.675912,20.675918,
   **   ~~~   ** Node named PATROOM3_MULT10_FLR_3 VAV BOX OUTLET NODE shows oscillating temperatures across iterations with a repeated value of 19.103941
   **   ~~~   ** Node named PATROOM3_MULT10_FLR_3 VAV BOX OUTLET NODE temperature [C] iteration history trace (most recent first): 19.103941,19.103946,19.103941,19.103946,19.103941,19.103946,19.103941,19.103946,19.103941,19.103945,
   **   ~~~   ** Node named PATROOM4_FLR_3 VAV BOX OUTLET NODE shows oscillating temperatures across iterations with a repeated value of 20.426288
   **   ~~~   ** Node named PATROOM4_FLR_3 VAV BOX OUTLET NODE temperature [C] iteration history trace (most recent first): 20.426288,20.426294,20.426288,20.426294,20.426288,20.426294,20.426288,20.426294,20.426287,20.426293,
   **   ~~~   ** Node named PATROOM5_MULT10_FLR_3 VAV BOX OUTLET NODE shows oscillating temperatures across iterations with a repeated value of 18.776267
   **   ~~~   ** Node named PATROOM5_MULT10_FLR_3 VAV BOX OUTLET NODE temperature [C] iteration history trace (most recent first): 18.776267,18.776272,18.776267,18.776272,18.776267,18.776272,18.776267,18.776272,18.776267,18.776271,
   **   ~~~   ** Node named PHYSTHERAPY_FLR_3 VAV BOX OUTLET NODE shows oscillating temperatures across iterations with a repeated value of 15.601131
   **   ~~~   ** Node named PHYSTHERAPY_FLR_3 VAV BOX OUTLET NODE temperature [C] iteration history trace (most recent first): 15.601131,15.601131,15.601131,15.601131,15.601131,15.601131,15.601131,15.601130,15.601128,15.601124,
   **   ~~~   ** Node named PATROOM6_FLR_3 VAV BOX OUTLET NODE shows oscillating temperatures across iterations with a repeated value of 20.276642
   **   ~~~   ** Node named PATROOM6_FLR_3 VAV BOX OUTLET NODE temperature [C] iteration history trace (most recent first): 20.276642,20.276648,20.276642,20.276648,20.276642,20.276648,20.276642,20.276648,20.276642,20.276647,
   **   ~~~   ** Node named PATROOM7_MULT10_FLR_3 VAV BOX OUTLET NODE shows oscillating temperatures across iterations with a repeated value of 17.944341
   **   ~~~   ** Node named PATROOM7_MULT10_FLR_3 VAV BOX OUTLET NODE temperature [C] iteration history trace (most recent first): 17.944341,17.944345,17.944341,17.944345,17.944341,17.944345,17.944341,17.944345,17.944340,17.944344,
   **   ~~~   ** Node named PATROOM8_FLR_3 VAV BOX OUTLET NODE shows oscillating temperatures across iterations with a repeated value of 20.037091
   **   ~~~   ** Node named PATROOM8_FLR_3 VAV BOX OUTLET NODE temperature [C] iteration history trace (most recent first): 20.037091,20.037097,20.037091,20.037097,20.037091,20.037097,20.037091,20.037097,20.037090,20.037096,
   **   ~~~   ** Node named NURSESTN_LOBBY_FLR_3 VAV BOX OUTLET NODE shows oscillating mass flow rate across iterations with a repeated value of 1.015489
   **   ~~~   ** Node named NURSESTN_LOBBY_FLR_3 VAV BOX OUTLET NODE mass flow rate [kg/s] iteration history trace (most recent first): 1.015489,1.015489,1.015489,1.015489,1.015489,1.015489,1.015489,1.015489,1.015488,1.015488,
   **   ~~~   ** Node named NURSESTN_LOBBY_FLR_3 VAV BOX OUTLET NODE shows oscillating temperatures across iterations with a repeated value of 15.601131
   **   ~~~   ** Node named NURSESTN_LOBBY_FLR_3 VAV BOX OUTLET NODE temperature [C] iteration history trace (most recent first): 15.601131,15.601131,15.601131,15.601131,15.601131,15.601131,15.601131,15.601130,15.601128,15.601124,
   **   ~~~   ** Node named LAB_FLR_3 VAV BOX OUTLET NODE shows oscillating temperatures across iterations with a repeated value of 14.026363
   **   ~~~   ** Node named LAB_FLR_3 VAV BOX OUTLET NODE temperature [C] iteration history trace (most recent first): 14.026363,14.026367,14.026363,14.026367,14.026363,14.026367,14.026363,14.026367,14.026363,14.026367,
   **   ~~~   ** Node named CORRIDOR_SE_FLR_3 VAV BOX OUTLET NODE shows oscillating temperatures across iterations with a repeated value of 15.601131
   **   ~~~   ** Node named CORRIDOR_SE_FLR_3 VAV BOX OUTLET NODE temperature [C] iteration history trace (most recent first): 15.601131,15.601131,15.601131,15.601131,15.601131,15.601131,15.601131,15.601130,15.601128,15.601124,
   **   ~~~   ** Node named CORRIDOR_NW_FLR_3 VAV BOX OUTLET NODE shows oscillating temperatures across iterations with a repeated value of 15.601131
   **   ~~~   ** Node named CORRIDOR_NW_FLR_3 VAV BOX OUTLET NODE temperature [C] iteration history trace (most recent first): 15.601131,15.601131,15.601131,15.601131,15.601131,15.601131,15.601131,15.601130,15.601128,15.601124,
   **   ~~~   ** Node named PATROOM1_MULT10_FLR_4 VAV BOX OUTLET NODE shows oscillating temperatures across iterations with a repeated value of 19.084305
   **   ~~~   ** Node named PATROOM1_MULT10_FLR_4 VAV BOX OUTLET NODE temperature [C] iteration history trace (most recent first): 19.084305,19.084310,19.084305,19.084310,19.084305,19.084310,19.084305,19.084310,19.084305,19.084309,
   **   ~~~   ** Node named PATROOM2_FLR_4 VAV BOX OUTLET NODE shows oscillating temperatures across iterations with a repeated value of 20.715214
   **   ~~~   ** Node named PATROOM2_FLR_4 VAV BOX OUTLET NODE temperature [C] iteration history trace (most recent first): 20.715214,20.715221,20.715214,20.715221,20.715214,20.715221,20.715214,20.715221,20.715214,20.715220,
   **   ~~~   ** Node named PATROOM3_MULT10_FLR_4 VAV BOX OUTLET NODE shows oscillating temperatures across iterations with a repeated value of 19.123929
   **   ~~~   ** Node named PATROOM3_MULT10_FLR_4 VAV BOX OUTLET NODE temperature [C] iteration history trace (most recent first): 19.123929,19.123934,19.123929,19.123934,19.123929,19.123934,19.123929,19.123934,19.123929,19.123933,
   **   ~~~   ** Node named PATROOM4_FLR_4 VAV BOX OUTLET NODE shows oscillating temperatures across iterations with a repeated value of 20.463961
   **   ~~~   ** Node named PATROOM4_FLR_4 VAV BOX OUTLET NODE temperature [C] iteration history trace (most recent first): 20.463961,20.463967,20.463961,20.463967,20.463961,20.463967,20.463961,20.463967,20.463960,20.463966,
   **   ~~~   ** Node named PATROOM5_MULT10_FLR_4 VAV BOX OUTLET NODE shows oscillating temperatures across iterations with a repeated value of 18.832048
   **   ~~~   ** Node named PATROOM5_MULT10_FLR_4 VAV BOX OUTLET NODE temperature [C] iteration history trace (most recent first): 18.832048,18.832053,18.832048,18.832053,18.832048,18.832053,18.832048,18.832053,18.832048,18.832052,
   **   ~~~   ** Node named RADIOLOGY_FLR_4 VAV BOX OUTLET NODE shows oscillating mass flow rate across iterations with a repeated value of 3.540530
   **   ~~~   ** Node named RADIOLOGY_FLR_4 VAV BOX OUTLET NODE mass flow rate [kg/s] iteration history trace (most recent first): 3.540530,3.540530,3.540530,3.540530,3.540530,3.540530,3.540530,3.540529,3.540529,3.540527,
   **   ~~~   ** Node named RADIOLOGY_FLR_4 VAV BOX OUTLET NODE shows oscillating temperatures across iterations with a repeated value of 15.601131
   **   ~~~   ** Node named RADIOLOGY_FLR_4 VAV BOX OUTLET NODE temperature [C] iteration history trace (most recent first): 15.601131,15.601131,15.601131,15.601131,15.601131,15.601131,15.601131,15.601130,15.601128,15.601124,
   **   ~~~   ** Node named PATROOM6_FLR_4 VAV BOX OUTLET NODE shows oscillating temperatures across iterations with a repeated value of 20.360646
   **   ~~~   ** Node named PATROOM6_FLR_4 VAV BOX OUTLET NODE temperature [C] iteration history trace (most recent first): 20.360646,20.360652,20.360646,20.360652,20.360646,20.360652,20.360646,20.360652,20.360646,20.360652,
   **   ~~~   ** Node named PATROOM7_MULT10_FLR_4 VAV BOX OUTLET NODE shows oscillating temperatures across iterations with a repeated value of 18.038415
   **   ~~~   ** Node named PATROOM7_MULT10_FLR_4 VAV BOX OUTLET NODE temperature [C] iteration history trace (most recent first): 18.038415,18.038420,18.038415,18.038420,18.038415,18.038420,18.038415,18.038419,18.038415,18.038419,
   **   ~~~   ** Node named PATROOM8_FLR_4 VAV BOX OUTLET NODE shows oscillating temperatures across iterations with a repeated value of 20.118045
   **   ~~~   ** Node named PATROOM8_FLR_4 VAV BOX OUTLET NODE temperature [C] iteration history trace (most recent first): 20.118045,20.118051,20.118045,20.118051,20.118045,20.118051,20.118045,20.118051,20.118045,20.118050,
   **   ~~~   ** Node named NURSESTN_LOBBY_FLR_4 VAV BOX OUTLET NODE shows oscillating mass flow rate across iterations with a repeated value of 1.159948
   **   ~~~   ** Node named NURSESTN_LOBBY_FLR_4 VAV BOX OUTLET NODE mass flow rate [kg/s] iteration history trace (most recent first): 1.159948,1.159948,1.159948,1.159948,1.159948,1.159948,1.159948,1.159948,1.159948,1.159947,
   **   ~~~   ** Node named NURSESTN_LOBBY_FLR_4 VAV BOX OUTLET NODE shows oscillating temperatures across iterations with a repeated value of 15.601131
   **   ~~~   ** Node named NURSESTN_LOBBY_FLR_4 VAV BOX OUTLET NODE temperature [C] iteration history trace (most recent first): 15.601131,15.601131,15.601131,15.601131,15.601131,15.601131,15.601131,15.601130,15.601128,15.601124,
   **   ~~~   ** Node named LAB_FLR_4 VAV BOX OUTLET NODE shows oscillating temperatures across iterations with a repeated value of 13.879289
   **   ~~~   ** Node named LAB_FLR_4 VAV BOX OUTLET NODE temperature [C] iteration history trace (most recent first): 13.879289,13.879292,13.879289,13.879292,13.879289,13.879292,13.879289,13.879292,13.879289,13.879292,
   **   ~~~   ** Node named CORRIDOR_SE_FLR_4 VAV BOX OUTLET NODE shows oscillating temperatures across iterations with a repeated value of 15.601131
   **   ~~~   ** Node named CORRIDOR_SE_FLR_4 VAV BOX OUTLET NODE temperature [C] iteration history trace (most recent first): 15.601131,15.601131,15.601131,15.601131,15.601131,15.601131,15.601131,15.601130,15.601128,15.601124,
   **   ~~~   ** Node named CORRIDOR_NW_FLR_4 VAV BOX OUTLET NODE shows oscillating temperatures across iterations with a repeated value of 15.601131
   **   ~~~   ** Node named CORRIDOR_NW_FLR_4 VAV BOX OUTLET NODE temperature [C] iteration history trace (most recent first): 15.601131,15.601131,15.601131,15.601131,15.601131,15.601131,15.601131,15.601130,15.601128,15.601124,
   **   ~~~   ** Node named NURSESTN_LOBBY_FLR_5 VAV BOX OUTLET NODE shows oscillating temperatures across iterations with a repeated value of 15.601131
   **   ~~~   ** Node named NURSESTN_LOBBY_FLR_5 VAV BOX OUTLET NODE temperature [C] iteration history trace (most recent first): 15.601131,15.601131,15.601131,15.601131,15.601131,15.601131,15.601131,15.601130,15.601128,15.601124,
   **   ~~~   ** Node named OFFICE1_FLR_5 VAV BOX OUTLET NODE shows oscillating temperatures across iterations with a repeated value of 26.759775
   **   ~~~   ** Node named OFFICE1_FLR_5 VAV BOX OUTLET NODE temperature [C] iteration history trace (most recent first): 26.759775,26.759785,26.759775,26.759785,26.759775,26.759785,26.759775,26.759784,26.759773,26.759780,
   **   ~~~   ** Node named OFFICE3_FLR_5 VAV BOX OUTLET NODE shows oscillating temperatures across iterations with a repeated value of 25.779636
   **   ~~~   ** Node named OFFICE3_FLR_5 VAV BOX OUTLET NODE temperature [C] iteration history trace (most recent first): 25.779636,25.779645,25.779636,25.779645,25.779636,25.779645,25.779636,25.779644,25.779634,25.779640,
   **   ~~~   ** Node named OFFICE4_MULT6_FLR_5 VAV BOX OUTLET NODE shows oscillating temperatures across iterations with a repeated value of 26.237183
   **   ~~~   ** Node named OFFICE4_MULT6_FLR_5 VAV BOX OUTLET NODE temperature [C] iteration history trace (most recent first): 26.237183,26.237192,26.237183,26.237192,26.237183,26.237192,26.237183,26.237191,26.237181,26.237187,
   **   ~~~   ** Node named CORRIDOR_FLR_5 VAV BOX OUTLET NODE shows oscillating temperatures across iterations with a repeated value of 15.601131
   **   ~~~   ** Node named CORRIDOR_FLR_5 VAV BOX OUTLET NODE temperature [C] iteration history trace (most recent first): 15.601131,15.601131,15.601131,15.601131,15.601131,15.601131,15.601131,15.601130,15.601128,15.601124,
   **   ~~~   ** Plant System Named = TOWERWATERSYS did not converge for temperature
   **   ~~~   ** Check values should be zero. Most Recent values listed first.
   **   ~~~   ** Demand-to-Supply interface temperature check value iteration history trace: 0.128405,1.820918E-002,0.111169,0.132672,2.040142E-002,0.115517,0.134738,1.615192E-002,0.117479,0.130770,
   **   ~~~   ** Supply-to-Demand interface temperature check value iteration history trace: 0.293363,0.334042,4.103807E-002,0.291707,0.333152,4.264309E-002,0.290973,0.334749,4.336747E-002,0.292508,
   ** Warning ** SimHVAC: Maximum iterations (20) exceeded for all HVAC loops, at RUNPERIOD 1, 11/25 10:30 - 10:40
   **   ~~~   ** The solution for one or more of the Air Loop HVAC systems did not appear to converge
   **   ~~~   ** Air System Named = VAV_1 did not converge for mass flow rate
   **   ~~~   ** Check values should be zero. Most Recent values listed first.
   **   ~~~   ** Demand-to-Supply interface mass flow rate check value iteration history trace: 0.507037,0.271686,1.913021E-002,0.216221,0.507037,0.271686,1.913021E-002,0.216221,0.507037,0.271686,
   **   ~~~   ** Supply-to-demand interface deck 1 mass flow rate check value iteration history trace: 0.000000,0.000000,0.000000,0.000000,0.000000,0.000000,0.000000,0.000000,0.000000,0.000000,
   **   ~~~   ** Air System Named = VAV_1 did not converge for temperature
   **   ~~~   ** Check values should be zero. Most Recent values listed first.
   **   ~~~   ** Demand-to-Supply interface temperature check value iteration history trace: 3.138192E-002,1.635585E-002,1.190640E-003,1.383542E-002,3.138192E-002,1.635585E-002,1.190640E-003,1.383542E-002,3.138192E-002,1.635585E-002,
   **   ~~~   ** Supply-to-demand interface deck 1 temperature check value iteration history trace: 0.600784,0.311209,2.281101E-002,0.266764,0.600784,0.311209,2.281101E-002,0.266764,0.600784,0.311209,
   **   ~~~   ** Air System Named = VAV_1 did not converge for energy
   **   ~~~   ** Check values should be zero. Most Recent values listed first.
   **   ~~~   ** Demand-to-Supply interface energy check value iteration history trace: 12227.886620,6552.084744,461.350693,5214.451180,12227.886615,6552.084743,461.350693,5214.451188,12227.886565,6552.084684,
   **   ~~~   ** Supply-to-demand interface deck 1 energy check value iteration history trace: -5363.101259,2693.153900,196.964275,2245.441962,-5363.101256,2693.153900,196.964276,2245.441966,-5363.101235,2693.153876,
   **   ~~~   ** Node named BASEMENT VAV BOX OUTLET NODE shows oscillating humidity ratio across iterations with a repeated value of 4.677328E-003
   **   ~~~   ** Node named BASEMENT VAV BOX OUTLET NODE humidity ratio [kg-water/kg-dryair] iteration history trace (most recent first): 4.677328E-003,4.673168E-003,4.677328E-003,4.673168E-003,4.677328E-003,4.673168E-003,4.677328E-003,4.673168E-003,4.677328E-003,4.673168E-003,
   **   ~~~   ** Node named BASEMENT VAV BOX OUTLET NODE shows oscillating mass flow rate across iterations with a repeated value of 2.750559
   **   ~~~   ** Node named BASEMENT VAV BOX OUTLET NODE mass flow rate [kg/s] iteration history trace (most recent first): 2.750559,2.845368,2.750559,2.845368,2.750559,2.845368,2.750559,2.845368,2.750559,2.845368,
   **   ~~~   ** Node named BASEMENT VAV BOX OUTLET NODE shows oscillating temperatures across iterations with a repeated value of 15.308523
   **   ~~~   ** Node named BASEMENT VAV BOX OUTLET NODE temperature [C] iteration history trace (most recent first): 15.308523,15.598098,15.308523,15.598098,15.308523,15.598098,15.308523,15.598098,15.308523,15.598098,
   **   ~~~   ** Node named ER_EXAM1_MULT4_FLR_1 VAV BOX OUTLET NODE shows oscillating temperatures across iterations with a repeated value of 19.926320
   **   ~~~   ** Node named ER_EXAM1_MULT4_FLR_1 VAV BOX OUTLET NODE temperature [C] iteration history trace (most recent first): 19.926320,19.926320,19.926319,19.926318,19.926418,19.926415,19.926412,19.926406,19.926395,19.926371,
   **   ~~~   ** Node named ER_TRAUMA1_FLR_1 VAV BOX OUTLET NODE shows oscillating temperatures across iterations with a repeated value of 19.461693
   **   ~~~   ** Node named ER_TRAUMA1_FLR_1 VAV BOX OUTLET NODE temperature [C] iteration history trace (most recent first): 19.461693,19.461692,19.461691,19.461691,19.461792,19.461789,19.461786,19.461779,19.461768,19.461744,
   **   ~~~   ** Node named ER_EXAM3_MULT4_FLR_1 VAV BOX OUTLET NODE shows oscillating temperatures across iterations with a repeated value of 19.829051
   **   ~~~   ** Node named ER_EXAM3_MULT4_FLR_1 VAV BOX OUTLET NODE temperature [C] iteration history trace (most recent first): 19.829051,19.829050,19.829049,19.829049,19.829148,19.829146,19.829143,19.829136,19.829126,19.829101,
   **   ~~~   ** Node named ER_TRAUMA2_FLR_1 VAV BOX OUTLET NODE shows oscillating temperatures across iterations with a repeated value of 19.462724
   **   ~~~   ** Node named ER_TRAUMA2_FLR_1 VAV BOX OUTLET NODE temperature [C] iteration history trace (most recent first): 19.462724,19.462723,19.462722,19.462722,19.462823,19.462820,19.462817,19.462811,19.462800,19.462775,
   **   ~~~   ** Node named ER_TRIAGE_MULT4_FLR_1 VAV BOX OUTLET NODE shows oscillating temperatures across iterations with a repeated value of 19.719851
   **   ~~~   ** Node named ER_TRIAGE_MULT4_FLR_1 VAV BOX OUTLET NODE temperature [C] iteration history trace (most recent first): 19.719851,19.719850,19.719849,19.719849,19.719949,19.719946,19.719944,19.719937,19.719926,19.719901,
   **   ~~~   ** Node named OFFICE1_MULT4_FLR_1 VAV BOX OUTLET NODE shows oscillating humidity ratio across iterations with a repeated value of 4.677328E-003
   **   ~~~   ** Node named OFFICE1_MULT4_FLR_1 VAV BOX OUTLET NODE humidity ratio [kg-water/kg-dryair] iteration history trace (most recent first): 4.677328E-003,4.673168E-003,4.677328E-003,4.673168E-003,4.677328E-003,4.673168E-003,4.677328E-003,4.673168E-003,4.677328E-003,4.673168E-003,
   **   ~~~   ** Node named OFFICE1_MULT4_FLR_1 VAV BOX OUTLET NODE shows oscillating temperatures across iterations with a repeated value of 20.644828
   **   ~~~   ** Node named OFFICE1_MULT4_FLR_1 VAV BOX OUTLET NODE temperature [C] iteration history trace (most recent first): 20.644828,20.641572,20.644828,20.641572,20.644828,20.641572,20.644828,20.641572,20.644828,20.641572,
   **   ~~~   ** Node named LOBBY_RECORDS_FLR_1 VAV BOX OUTLET NODE shows oscillating humidity ratio across iterations with a repeated value of 4.677328E-003
   **   ~~~   ** Node named LOBBY_RECORDS_FLR_1 VAV BOX OUTLET NODE humidity ratio [kg-water/kg-dryair] iteration history trace (most recent first): 4.677328E-003,4.673168E-003,4.677328E-003,4.673168E-003,4.677328E-003,4.673168E-003,4.677328E-003,4.673168E-003,4.677328E-003,4.673168E-003,
   **   ~~~   ** Node named LOBBY_RECORDS_FLR_1 VAV BOX OUTLET NODE shows oscillating temperatures across iterations with a repeated value of 20.166170
   **   ~~~   ** Node named LOBBY_RECORDS_FLR_1 VAV BOX OUTLET NODE temperature [C] iteration history trace (most recent first): 20.166170,20.187003,20.166170,20.187003,20.166170,20.187003,20.166170,20.187003,20.166170,20.187003,
   **   ~~~   ** Node named CORRIDOR_FLR_1 VAV BOX OUTLET NODE shows oscillating humidity ratio across iterations with a repeated value of 4.677328E-003
   **   ~~~   ** Node named CORRIDOR_FLR_1 VAV BOX OUTLET NODE humidity ratio [kg-water/kg-dryair] iteration history trace (most recent first): 4.677328E-003,4.673168E-003,4.677328E-003,4.673168E-003,4.677328E-003,4.673168E-003,4.677328E-003,4.673168E-003,4.677328E-003,4.673168E-003,
   **   ~~~   ** Node named CORRIDOR_FLR_1 VAV BOX OUTLET NODE shows oscillating temperatures across iterations with a repeated value of 15.308523
   **   ~~~   ** Node named CORRIDOR_FLR_1 VAV BOX OUTLET NODE temperature [C] iteration history trace (most recent first): 15.308523,15.598098,15.308523,15.598098,15.308523,15.598098,15.308523,15.598098,15.308523,15.598098,
   **   ~~~   ** Node named ER_NURSESTN_LOBBY_FLR_1 VAV BOX OUTLET NODE shows oscillating humidity ratio across iterations with a repeated value of 4.677328E-003
   **   ~~~   ** Node named ER_NURSESTN_LOBBY_FLR_1 VAV BOX OUTLET NODE humidity ratio [kg-water/kg-dryair] iteration history trace (most recent first): 4.677328E-003,4.673168E-003,4.677328E-003,4.673168E-003,4.677328E-003,4.673168E-003,4.677328E-003,4.673168E-003,4.677328E-003,4.673168E-003,
   **   ~~~   ** Node named ER_NURSESTN_LOBBY_FLR_1 VAV BOX OUTLET NODE shows oscillating mass flow rate across iterations with a repeated value of 1.492342
   **   ~~~   ** Node named ER_NURSESTN_LOBBY_FLR_1 VAV BOX OUTLET NODE mass flow rate [kg/s] iteration history trace (most recent first): 1.492342,1.543782,1.492342,1.543782,1.492342,1.543782,1.492342,1.543782,1.492342,1.543782,
   **   ~~~   ** Node named ER_NURSESTN_LOBBY_FLR_1 VAV BOX OUTLET NODE shows oscillating temperatures across iterations with a repeated value of 15.308523
   **   ~~~   ** Node named ER_NURSESTN_LOBBY_FLR_1 VAV BOX OUTLET NODE temperature [C] iteration history trace (most recent first): 15.308523,15.598098,15.308523,15.598098,15.308523,15.598098,15.308523,15.598098,15.308523,15.598098,
   **   ~~~   ** Node named IC_PATROOM1_MULT5_FLR_2 VAV BOX OUTLET NODE shows oscillating temperatures across iterations with a repeated value of 18.954980
   **   ~~~   ** Node named IC_PATROOM1_MULT5_FLR_2 VAV BOX OUTLET NODE temperature [C] iteration history trace (most recent first): 18.954980,18.954979,18.954978,18.954978,18.954976,18.954974,18.954971,18.954964,18.954953,18.955013,
   **   ~~~   ** Node named IC_PATROOM2_FLR_2 VAV BOX OUTLET NODE shows oscillating temperatures across iterations with a repeated value of 19.637531
   **   ~~~   ** Node named IC_PATROOM2_FLR_2 VAV BOX OUTLET NODE temperature [C] iteration history trace (most recent first): 19.637531,19.637530,19.637529,19.637529,19.637528,19.637525,19.637522,19.637515,19.637504,19.637564,
   **   ~~~   ** Node named IC_PATROOM3_MULT6_FLR_2 VAV BOX OUTLET NODE shows oscillating temperatures across iterations with a repeated value of 18.545122
   **   ~~~   ** Node named IC_PATROOM3_MULT6_FLR_2 VAV BOX OUTLET NODE temperature [C] iteration history trace (most recent first): 18.545122,18.545121,18.545120,18.545120,18.545118,18.545116,18.545113,18.545106,18.545094,18.545155,
   **   ~~~   ** Node named ICU_FLR_2 VAV BOX OUTLET NODE shows oscillating temperatures across iterations with a repeated value of 17.997374
   **   ~~~   ** Node named ICU_FLR_2 VAV BOX OUTLET NODE temperature [C] iteration history trace (most recent first): 17.997374,17.997374,17.997373,17.997372,17.997371,17.997368,17.997365,17.997358,17.997346,17.997409,
   **   ~~~   ** Node named ICU_NURSESTN_LOBBY_FLR_2 VAV BOX OUTLET NODE shows oscillating humidity ratio across iterations with a repeated value of 4.677328E-003
   **   ~~~   ** Node named ICU_NURSESTN_LOBBY_FLR_2 VAV BOX OUTLET NODE humidity ratio [kg-water/kg-dryair] iteration history trace (most recent first): 4.677328E-003,4.673168E-003,4.677328E-003,4.673168E-003,4.677328E-003,4.673168E-003,4.677328E-003,4.673168E-003,4.677328E-003,4.673168E-003,
   **   ~~~   ** Node named ICU_NURSESTN_LOBBY_FLR_2 VAV BOX OUTLET NODE shows oscillating mass flow rate across iterations with a repeated value of 1.519645
   **   ~~~   ** Node named ICU_NURSESTN_LOBBY_FLR_2 VAV BOX OUTLET NODE mass flow rate [kg/s] iteration history trace (most recent first): 1.519645,1.572025,1.519645,1.572025,1.519645,1.572025,1.519645,1.572025,1.519645,1.572025,
   **   ~~~   ** Node named ICU_NURSESTN_LOBBY_FLR_2 VAV BOX OUTLET NODE shows oscillating temperatures across iterations with a repeated value of 15.308523
   **   ~~~   ** Node named ICU_NURSESTN_LOBBY_FLR_2 VAV BOX OUTLET NODE temperature [C] iteration history trace (most recent first): 15.308523,15.598098,15.308523,15.598098,15.308523,15.598098,15.308523,15.598098,15.308523,15.598098,
   **   ~~~   ** Node named CORRIDOR_FLR_2 VAV BOX OUTLET NODE shows oscillating humidity ratio across iterations with a repeated value of 4.677328E-003
   **   ~~~   ** Node named CORRIDOR_FLR_2 VAV BOX OUTLET NODE humidity ratio [kg-water/kg-dryair] iteration history trace (most recent first): 4.677328E-003,4.673168E-003,4.677328E-003,4.673168E-003,4.677328E-003,4.673168E-003,4.677328E-003,4.673168E-003,4.677328E-003,4.673168E-003,
   **   ~~~   ** Node named CORRIDOR_FLR_2 VAV BOX OUTLET NODE shows oscillating temperatures across iterations with a repeated value of 18.338750
   **   ~~~   ** Node named CORRIDOR_FLR_2 VAV BOX OUTLET NODE temperature [C] iteration history trace (most recent first): 18.338750,18.327868,18.338750,18.327868,18.338750,18.327868,18.338750,18.327868,18.338750,18.327868,
   **   ~~~   ** Node named OR_NURSESTN_LOBBY_FLR_2 VAV BOX OUTLET NODE shows oscillating humidity ratio across iterations with a repeated value of 4.677328E-003
   **   ~~~   ** Node named OR_NURSESTN_LOBBY_FLR_2 VAV BOX OUTLET NODE humidity ratio [kg-water/kg-dryair] iteration history trace (most recent first): 4.677328E-003,4.673168E-003,4.677328E-003,4.673168E-003,4.677328E-003,4.673168E-003,4.677328E-003,4.673168E-003,4.677328E-003,4.673168E-003,
   **   ~~~   ** Node named OR_NURSESTN_LOBBY_FLR_2 VAV BOX OUTLET NODE shows oscillating mass flow rate across iterations with a repeated value of 1.065334
   **   ~~~   ** Node named OR_NURSESTN_LOBBY_FLR_2 VAV BOX OUTLET NODE mass flow rate [kg/s] iteration history trace (most recent first): 1.065334,1.102055,1.065334,1.102055,1.065334,1.102055,1.065334,1.102055,1.065334,1.102055,
   **   ~~~   ** Node named OR_NURSESTN_LOBBY_FLR_2 VAV BOX OUTLET NODE shows oscillating temperatures across iterations with a repeated value of 15.308523
   **   ~~~   ** Node named OR_NURSESTN_LOBBY_FLR_2 VAV BOX OUTLET NODE temperature [C] iteration history trace (most recent first): 15.308523,15.598098,15.308523,15.598098,15.308523,15.598098,15.308523,15.598098,15.308523,15.598098,
   **   ~~~   ** Node named PHYSTHERAPY_FLR_3 VAV BOX OUTLET NODE shows oscillating mass flow rate across iterations with a repeated value of 0.642910
   **   ~~~   ** Node named PHYSTHERAPY_FLR_3 VAV BOX OUTLET NODE mass flow rate [kg/s] iteration history trace (most recent first): 0.642910,0.642910,0.642910,0.642910,0.642910,0.642910,0.642910,0.642910,0.642910,0.642909,
   **   ~~~   ** Node named PHYSTHERAPY_FLR_3 VAV BOX OUTLET NODE shows oscillating temperatures across iterations with a repeated value of 15.600925
   **   ~~~   ** Node named PHYSTHERAPY_FLR_3 VAV BOX OUTLET NODE temperature [C] iteration history trace (most recent first): 15.600925,15.600924,15.600924,15.600924,15.600924,15.600923,15.600923,15.600921,15.600918,15.600913,
   **   ~~~   ** Node named NURSESTN_LOBBY_FLR_3 VAV BOX OUTLET NODE shows oscillating mass flow rate across iterations with a repeated value of 1.022588
   **   ~~~   ** Node named NURSESTN_LOBBY_FLR_3 VAV BOX OUTLET NODE mass flow rate [kg/s] iteration history trace (most recent first): 1.022588,1.022588,1.022588,1.022588,1.022588,1.022588,1.022588,1.022588,1.022588,1.022587,
   **   ~~~   ** Node named NURSESTN_LOBBY_FLR_3 VAV BOX OUTLET NODE shows oscillating temperatures across iterations with a repeated value of 15.600925
   **   ~~~   ** Node named NURSESTN_LOBBY_FLR_3 VAV BOX OUTLET NODE temperature [C] iteration history trace (most recent first): 15.600925,15.600924,15.600924,15.600924,15.600924,15.600923,15.600923,15.600921,15.600918,15.600913,
   **   ~~~   ** Node named CORRIDOR_SE_FLR_3 VAV BOX OUTLET NODE shows oscillating temperatures across iterations with a repeated value of 15.600925
   **   ~~~   ** Node named CORRIDOR_SE_FLR_3 VAV BOX OUTLET NODE temperature [C] iteration history trace (most recent first): 15.600925,15.600924,15.600924,15.600924,15.600924,15.600923,15.600923,15.600921,15.600918,15.600913,
   **   ~~~   ** Node named CORRIDOR_NW_FLR_3 VAV BOX OUTLET NODE shows oscillating temperatures across iterations with a repeated value of 15.600925
   **   ~~~   ** Node named CORRIDOR_NW_FLR_3 VAV BOX OUTLET NODE temperature [C] iteration history trace (most recent first): 15.600925,15.600924,15.600924,15.600924,15.600924,15.600923,15.600923,15.600921,15.600918,15.600913,
   **   ~~~   ** Node named RADIOLOGY_FLR_4 VAV BOX OUTLET NODE shows oscillating mass flow rate across iterations with a repeated value of 3.557674
   **   ~~~   ** Node named RADIOLOGY_FLR_4 VAV BOX OUTLET NODE mass flow rate [kg/s] iteration history trace (most recent first): 3.557674,3.557674,3.557674,3.557674,3.557674,3.557673,3.557673,3.557672,3.557671,3.557669,
   **   ~~~   ** Node named RADIOLOGY_FLR_4 VAV BOX OUTLET NODE shows oscillating temperatures across iterations with a repeated value of 15.600925
   **   ~~~   ** Node named RADIOLOGY_FLR_4 VAV BOX OUTLET NODE temperature [C] iteration history trace (most recent first): 15.600925,15.600924,15.600924,15.600924,15.600924,15.600923,15.600923,15.600921,15.600918,15.600913,
   **   ~~~   ** Node named NURSESTN_LOBBY_FLR_4 VAV BOX OUTLET NODE shows oscillating mass flow rate across iterations with a repeated value of 1.167951
   **   ~~~   ** Node named NURSESTN_LOBBY_FLR_4 VAV BOX OUTLET NODE mass flow rate [kg/s] iteration history trace (most recent first): 1.167951,1.167951,1.167951,1.167951,1.167951,1.167951,1.167951,1.167951,1.167950,1.167949,
   **   ~~~   ** Node named NURSESTN_LOBBY_FLR_4 VAV BOX OUTLET NODE shows oscillating temperatures across iterations with a repeated value of 15.600925
   **   ~~~   ** Node named NURSESTN_LOBBY_FLR_4 VAV BOX OUTLET NODE temperature [C] iteration history trace (most recent first): 15.600925,15.600924,15.600924,15.600924,15.600924,15.600923,15.600923,15.600921,15.600918,15.600913,
   **   ~~~   ** Node named CORRIDOR_SE_FLR_4 VAV BOX OUTLET NODE shows oscillating temperatures across iterations with a repeated value of 15.600925
   **   ~~~   ** Node named CORRIDOR_SE_FLR_4 VAV BOX OUTLET NODE temperature [C] iteration history trace (most recent first): 15.600925,15.600924,15.600924,15.600924,15.600924,15.600923,15.600923,15.600921,15.600918,15.600913,
   **   ~~~   ** Node named CORRIDOR_NW_FLR_4 VAV BOX OUTLET NODE shows oscillating temperatures across iterations with a repeated value of 15.600925
   **   ~~~   ** Node named CORRIDOR_NW_FLR_4 VAV BOX OUTLET NODE temperature [C] iteration history trace (most recent first): 15.600925,15.600924,15.600924,15.600924,15.600924,15.600923,15.600923,15.600921,15.600918,15.600913,
   **   ~~~   ** Node named DINING_FLR_5 VAV BOX OUTLET NODE shows oscillating temperatures across iterations with a repeated value of 16.565154
   **   ~~~   ** Node named DINING_FLR_5 VAV BOX OUTLET NODE temperature [C] iteration history trace (most recent first): 16.565154,16.565153,16.565153,16.565153,16.565153,16.565152,16.565152,16.565150,16.565148,16.565142,
   **   ~~~   ** Node named NURSESTN_LOBBY_FLR_5 VAV BOX OUTLET NODE shows oscillating temperatures across iterations with a repeated value of 15.600925
   **   ~~~   ** Node named NURSESTN_LOBBY_FLR_5 VAV BOX OUTLET NODE temperature [C] iteration history trace (most recent first): 15.600925,15.600924,15.600924,15.600924,15.600924,15.600923,15.600923,15.600921,15.600918,15.600913,
   **   ~~~   ** Node named OFFICE1_FLR_5 VAV BOX OUTLET NODE shows oscillating temperatures across iterations with a repeated value of 26.063435
   **   ~~~   ** Node named OFFICE1_FLR_5 VAV BOX OUTLET NODE temperature [C] iteration history trace (most recent first): 26.063435,26.063434,26.063435,26.063434,26.063434,26.063434,26.063433,26.063432,26.063431,26.063426,
   **   ~~~   ** Node named OFFICE2_MULT5_FLR_5 VAV BOX OUTLET NODE shows oscillating temperatures across iterations with a repeated value of 16.844139
   **   ~~~   ** Node named OFFICE2_MULT5_FLR_5 VAV BOX OUTLET NODE temperature [C] iteration history trace (most recent first): 16.844139,16.844139,16.844139,16.844139,16.844138,16.844138,16.844137,16.844136,16.844133,16.844128,
   **   ~~~   ** Node named OFFICE3_FLR_5 VAV BOX OUTLET NODE shows oscillating temperatures across iterations with a repeated value of 25.338531
   **   ~~~   ** Node named OFFICE3_FLR_5 VAV BOX OUTLET NODE temperature [C] iteration history trace (most recent first): 25.338531,25.338530,25.338530,25.338530,25.338530,25.338529,25.338529,25.338528,25.338526,25.338522,
   **   ~~~   ** Node named OFFICE4_MULT6_FLR_5 VAV BOX OUTLET NODE shows oscillating temperatures across iterations with a repeated value of 25.952125
   **   ~~~   ** Node named OFFICE4_MULT6_FLR_5 VAV BOX OUTLET NODE temperature [C] iteration history trace (most recent first): 25.952125,25.952125,25.952125,25.952124,25.952124,25.952124,25.952124,25.952122,25.952121,25.952116,
   **   ~~~   ** Node named CORRIDOR_FLR_5 VAV BOX OUTLET NODE shows oscillating temperatures across iterations with a repeated value of 15.600925
   **   ~~~   ** Node named CORRIDOR_FLR_5 VAV BOX OUTLET NODE temperature [C] iteration history trace (most recent first): 15.600925,15.600924,15.600924,15.600924,15.600924,15.600923,15.600923,15.600921,15.600918,15.600913,
   **   ~~~   ** Plant System Named = TOWERWATERSYS did not converge for temperature
   **   ~~~   ** Check values should be zero. Most Recent values listed first.
   **   ~~~   ** Demand-to-Supply interface temperature check value iteration history trace: 0.114735,0.116947,0.118128,0.115967,0.114704,0.116872,0.118251,0.115958,0.114530,0.117057,
   **   ~~~   ** Supply-to-Demand interface temperature check value iteration history trace: 0.297874,0.297003,0.296567,0.297418,0.297884,0.297031,0.296522,0.297424,0.297952,0.296957,
   ** Warning ** SimHVAC: Maximum iterations (20) exceeded for all HVAC loops, at RUNPERIOD 1, 11/25 11:10 - 11:20
   **   ~~~   ** The solution for one or more of the Air Loop HVAC systems did not appear to converge
   **   ~~~   ** Air System Named = VAV_1 did not converge for mass flow rate
   **   ~~~   ** Check values should be zero. Most Recent values listed first.
   **   ~~~   ** Demand-to-Supply interface mass flow rate check value iteration history trace: 0.471239,4.832281E-002,9.358838E-002,0.537603,0.205143,0.408824,0.252964,0.471239,4.832285E-002,9.358846E-002,
   **   ~~~   ** Supply-to-demand interface deck 1 mass flow rate check value iteration history trace: 0.000000,0.000000,0.000000,0.000000,0.000000,0.000000,0.000000,0.000000,0.000000,0.000000,
   **   ~~~   ** Air System Named = VAV_1 did not converge for temperature
   **   ~~~   ** Check values should be zero. Most Recent values listed first.
   **   ~~~   ** Demand-to-Supply interface temperature check value iteration history trace: 2.942633E-002,2.872181E-003,5.653506E-003,3.091267E-002,1.136117E-002,2.425557E-002,1.619658E-002,2.942633E-002,2.872183E-003,5.653511E-003,
   **   ~~~   ** Supply-to-demand interface deck 1 temperature check value iteration history trace: 0.565817,5.463014E-002,0.107898,0.583988,0.212935,0.461229,0.313114,0.565817,5.463019E-002,0.107898,
   **   ~~~   ** Air System Named = VAV_1 did not converge for energy
   **   ~~~   ** Check values should be zero. Most Recent values listed first.
   **   ~~~   ** Demand-to-Supply interface energy check value iteration history trace: 11364.488781,1165.361834,2256.994763,12964.939365,4947.268724,9859.287472,6100.515455,11364.487755,1165.362872,2256.996797,
   **   ~~~   ** Supply-to-demand interface deck 1 energy check value iteration history trace: -5020.730780,482.103283,942.038527,-5414.170478,1930.231174,3991.510999,2630.122000,-5020.730335,482.103717,942.039392,
   **   ~~~   ** Node named BASEMENT VAV BOX OUTLET NODE shows oscillating humidity ratio across iterations with a repeated value of 4.690744E-003
   **   ~~~   ** Node named BASEMENT VAV BOX OUTLET NODE humidity ratio [kg-water/kg-dryair] iteration history trace (most recent first): 4.690744E-003,4.690226E-003,4.690796E-003,4.691687E-003,4.691725E-003,4.690965E-003,4.691171E-003,4.690744E-003,4.690226E-003,4.690796E-003,
   **   ~~~   ** Node named BASEMENT VAV BOX OUTLET NODE shows oscillating mass flow rate across iterations with a repeated value of 2.745924
   **   ~~~   ** Node named BASEMENT VAV BOX OUTLET NODE mass flow rate [kg/s] iteration history trace (most recent first): 2.745924,2.847916,3.012749,3.095460,2.878705,2.916439,2.935922,2.745924,2.847916,3.012749,
   **   ~~~   ** Node named BASEMENT VAV BOX OUTLET NODE shows oscillating temperatures across iterations with a repeated value of 15.256744
   **   ~~~   ** Node named BASEMENT VAV BOX OUTLET NODE temperature [C] iteration history trace (most recent first): 15.256744,15.569857,16.031085,16.244021,15.660033,15.767931,15.822561,15.256744,15.569857,16.031085,
   **   ~~~   ** Node named ER_EXAM1_MULT4_FLR_1 VAV BOX OUTLET NODE shows oscillating temperatures across iterations with a repeated value of 19.914421
   **   ~~~   ** Node named ER_EXAM1_MULT4_FLR_1 VAV BOX OUTLET NODE temperature [C] iteration history trace (most recent first): 19.914421,19.914356,19.914364,19.914422,19.914425,19.914436,19.914429,19.914502,19.914414,19.914376,
   **   ~~~   ** Node named ER_TRAUMA1_FLR_1 VAV BOX OUTLET NODE shows oscillating temperatures across iterations with a repeated value of 19.450595
   **   ~~~   ** Node named ER_TRAUMA1_FLR_1 VAV BOX OUTLET NODE temperature [C] iteration history trace (most recent first): 19.450595,19.450534,19.450541,19.450595,19.450599,19.450610,19.450603,19.450678,19.450594,19.450554,
   **   ~~~   ** Node named ER_EXAM3_MULT4_FLR_1 VAV BOX OUTLET NODE shows oscillating temperatures across iterations with a repeated value of 19.817310
   **   ~~~   ** Node named ER_EXAM3_MULT4_FLR_1 VAV BOX OUTLET NODE temperature [C] iteration history trace (most recent first): 19.817310,19.817246,19.817253,19.817311,19.817314,19.817326,19.817318,19.791872,19.817305,19.817266,
   **   ~~~   ** Node named ER_TRAUMA2_FLR_1 VAV BOX OUTLET NODE shows oscillating temperatures across iterations with a repeated value of 19.451625
   **   ~~~   ** Node named ER_TRAUMA2_FLR_1 VAV BOX OUTLET NODE temperature [C] iteration history trace (most recent first): 19.451625,19.451563,19.451571,19.451625,19.451628,19.451640,19.451632,19.451707,19.451623,19.451583,
   **   ~~~   ** Node named ER_TRIAGE_MULT4_FLR_1 VAV BOX OUTLET NODE shows oscillating temperatures across iterations with a repeated value of 19.708300
   **   ~~~   ** Node named ER_TRIAGE_MULT4_FLR_1 VAV BOX OUTLET NODE temperature [C] iteration history trace (most recent first): 19.708300,19.708236,19.708244,19.708300,19.708303,19.708315,19.708307,19.708381,19.708295,19.708256,
   **   ~~~   ** Node named OFFICE1_MULT4_FLR_1 VAV BOX OUTLET NODE shows oscillating humidity ratio across iterations with a repeated value of 4.690744E-003
   **   ~~~   ** Node named OFFICE1_MULT4_FLR_1 VAV BOX OUTLET NODE humidity ratio [kg-water/kg-dryair] iteration history trace (most recent first): 4.690744E-003,4.690226E-003,4.690796E-003,4.691687E-003,4.691725E-003,4.690965E-003,4.691171E-003,4.690744E-003,4.690226E-003,4.690796E-003,
   **   ~~~   ** Node named OFFICE1_MULT4_FLR_1 VAV BOX OUTLET NODE shows oscillating temperatures across iterations with a repeated value of 20.508337
   **   ~~~   ** Node named OFFICE1_MULT4_FLR_1 VAV BOX OUTLET NODE temperature [C] iteration history trace (most recent first): 20.508337,20.525163,20.533179,20.495607,20.519076,20.528417,20.519824,20.508337,20.525163,20.533179,
   **   ~~~   ** Node named LOBBY_RECORDS_FLR_1 VAV BOX OUTLET NODE shows oscillating humidity ratio across iterations with a repeated value of 4.690744E-003
   **   ~~~   ** Node named LOBBY_RECORDS_FLR_1 VAV BOX OUTLET NODE humidity ratio [kg-water/kg-dryair] iteration history trace (most recent first): 4.690744E-003,4.690226E-003,4.690796E-003,4.691687E-003,4.691725E-003,4.690965E-003,4.691171E-003,4.690744E-003,4.690226E-003,4.690796E-003,
   **   ~~~   ** Node named LOBBY_RECORDS_FLR_1 VAV BOX OUTLET NODE shows oscillating temperatures across iterations with a repeated value of 20.227122
   **   ~~~   ** Node named LOBBY_RECORDS_FLR_1 VAV BOX OUTLET NODE temperature [C] iteration history trace (most recent first): 20.227122,20.246012,20.234020,20.236143,20.232574,20.234544,20.236146,20.227122,20.246012,20.234020,
   **   ~~~   ** Node named CORRIDOR_FLR_1 VAV BOX OUTLET NODE shows oscillating humidity ratio across iterations with a repeated value of 4.690744E-003
   **   ~~~   ** Node named CORRIDOR_FLR_1 VAV BOX OUTLET NODE humidity ratio [kg-water/kg-dryair] iteration history trace (most recent first): 4.690744E-003,4.690226E-003,4.690796E-003,4.691687E-003,4.691725E-003,4.690965E-003,4.691171E-003,4.690744E-003,4.690226E-003,4.690796E-003,
   **   ~~~   ** Node named CORRIDOR_FLR_1 VAV BOX OUTLET NODE shows oscillating temperatures across iterations with a repeated value of 15.256744
   **   ~~~   ** Node named CORRIDOR_FLR_1 VAV BOX OUTLET NODE temperature [C] iteration history trace (most recent first): 15.256744,15.569857,16.031085,16.244021,15.660033,15.767931,15.822561,15.256744,15.569857,16.031085,
   **   ~~~   ** Node named ER_NURSESTN_LOBBY_FLR_1 VAV BOX OUTLET NODE shows oscillating humidity ratio across iterations with a repeated value of 4.690744E-003
   **   ~~~   ** Node named ER_NURSESTN_LOBBY_FLR_1 VAV BOX OUTLET NODE humidity ratio [kg-water/kg-dryair] iteration history trace (most recent first): 4.690744E-003,4.690226E-003,4.690796E-003,4.691687E-003,4.691725E-003,4.690965E-003,4.691171E-003,4.690744E-003,4.690226E-003,4.690796E-003,
   **   ~~~   ** Node named ER_NURSESTN_LOBBY_FLR_1 VAV BOX OUTLET NODE shows oscillating mass flow rate across iterations with a repeated value of 1.488728
   **   ~~~   ** Node named ER_NURSESTN_LOBBY_FLR_1 VAV BOX OUTLET NODE mass flow rate [kg/s] iteration history trace (most recent first): 1.488728,1.544023,1.633388,1.678231,1.560716,1.581173,1.591736,1.488728,1.544023,1.633388,
   **   ~~~   ** Node named ER_NURSESTN_LOBBY_FLR_1 VAV BOX OUTLET NODE shows oscillating temperatures across iterations with a repeated value of 15.256744
   **   ~~~   ** Node named ER_NURSESTN_LOBBY_FLR_1 VAV BOX OUTLET NODE temperature [C] iteration history trace (most recent first): 15.256744,15.569857,16.031085,16.244021,15.660033,15.767931,15.822561,15.256744,15.569857,16.031085,
   **   ~~~   ** Node named OR1_FLR_2 VAV BOX OUTLET NODE shows oscillating temperatures across iterations with a repeated value of 20.058407
   **   ~~~   ** Node named OR1_FLR_2 VAV BOX OUTLET NODE temperature [C] iteration history trace (most recent first): 20.058407,20.058340,20.058348,20.058407,20.058411,20.058422,20.058414,20.058416,20.058360,20.058362,
   **   ~~~   ** Node named OR2_MULT5_FLR_2 VAV BOX OUTLET NODE shows oscillating temperatures across iterations with a repeated value of 19.665515
   **   ~~~   ** Node named OR2_MULT5_FLR_2 VAV BOX OUTLET NODE temperature [C] iteration history trace (most recent first): 19.665515,19.665452,19.665459,19.665516,19.665519,19.665530,19.665523,19.665525,19.665472,19.665473,
   **   ~~~   ** Node named OR3_FLR_2 VAV BOX OUTLET NODE shows oscillating temperatures across iterations with a repeated value of 19.777016
   **   ~~~   ** Node named OR3_FLR_2 VAV BOX OUTLET NODE temperature [C] iteration history trace (most recent first): 19.777016,19.776951,19.776959,19.777016,19.777019,19.777031,19.777023,19.777025,19.776971,19.776973,
   **   ~~~   ** Node named OR4_FLR_2 VAV BOX OUTLET NODE shows oscillating temperatures across iterations with a repeated value of 19.392160
   **   ~~~   ** Node named OR4_FLR_2 VAV BOX OUTLET NODE temperature [C] iteration history trace (most recent first): 19.392160,19.392099,19.392106,19.392160,19.392163,19.392175,19.392168,19.392169,19.392119,19.392120,
   **   ~~~   ** Node named IC_PATROOM1_MULT5_FLR_2 VAV BOX OUTLET NODE shows oscillating temperatures across iterations with a repeated value of 18.913898
   **   ~~~   ** Node named IC_PATROOM1_MULT5_FLR_2 VAV BOX OUTLET NODE temperature [C] iteration history trace (most recent first): 18.913898,18.913841,18.913848,18.913898,18.913901,18.913913,18.913906,18.913871,18.913872,18.913830,
   **   ~~~   ** Node named IC_PATROOM2_FLR_2 VAV BOX OUTLET NODE shows oscillating temperatures across iterations with a repeated value of 19.626392
   **   ~~~   ** Node named IC_PATROOM2_FLR_2 VAV BOX OUTLET NODE temperature [C] iteration history trace (most recent first): 19.626392,19.626330,19.626337,19.626392,19.626396,19.626407,19.626400,19.626366,19.626359,19.626319,
   **   ~~~   ** Node named IC_PATROOM3_MULT6_FLR_2 VAV BOX OUTLET NODE shows oscillating temperatures across iterations with a repeated value of 18.503731
   **   ~~~   ** Node named IC_PATROOM3_MULT6_FLR_2 VAV BOX OUTLET NODE temperature [C] iteration history trace (most recent first): 18.503731,18.503678,18.503684,18.503731,18.503734,18.503746,18.503739,18.503703,18.503709,18.503666,
   **   ~~~   ** Node named ICU_FLR_2 VAV BOX OUTLET NODE shows oscillating temperatures across iterations with a repeated value of 17.988866
   **   ~~~   ** Node named ICU_FLR_2 VAV BOX OUTLET NODE temperature [C] iteration history trace (most recent first): 17.988866,17.988818,17.988823,17.988866,17.988869,17.988881,17.988875,17.988838,17.988849,17.988805,
   **   ~~~   ** Node named ICU_NURSESTN_LOBBY_FLR_2 VAV BOX OUTLET NODE shows oscillating humidity ratio across iterations with a repeated value of 4.690744E-003
   **   ~~~   ** Node named ICU_NURSESTN_LOBBY_FLR_2 VAV BOX OUTLET NODE humidity ratio [kg-water/kg-dryair] iteration history trace (most recent first): 4.690744E-003,4.690226E-003,4.690796E-003,4.691687E-003,4.691725E-003,4.690965E-003,4.691171E-003,4.690744E-003,4.690226E-003,4.690796E-003,
   **   ~~~   ** Node named ICU_NURSESTN_LOBBY_FLR_2 VAV BOX OUTLET NODE shows oscillating mass flow rate across iterations with a repeated value of 1.515475
   **   ~~~   ** Node named ICU_NURSESTN_LOBBY_FLR_2 VAV BOX OUTLET NODE mass flow rate [kg/s] iteration history trace (most recent first): 1.515475,1.571765,1.662739,1.708388,1.588758,1.609584,1.620337,1.515475,1.571765,1.662739,
   **   ~~~   ** Node named ICU_NURSESTN_LOBBY_FLR_2 VAV BOX OUTLET NODE shows oscillating temperatures across iterations with a repeated value of 15.256744
   **   ~~~   ** Node named ICU_NURSESTN_LOBBY_FLR_2 VAV BOX OUTLET NODE temperature [C] iteration history trace (most recent first): 15.256744,15.569857,16.031085,16.244021,15.660033,15.767931,15.822561,15.256744,15.569857,16.031085,
   **   ~~~   ** Node named CORRIDOR_FLR_2 VAV BOX OUTLET NODE shows oscillating humidity ratio across iterations with a repeated value of 4.690744E-003
   **   ~~~   ** Node named CORRIDOR_FLR_2 VAV BOX OUTLET NODE humidity ratio [kg-water/kg-dryair] iteration history trace (most recent first): 4.690744E-003,4.690226E-003,4.690796E-003,4.691687E-003,4.691725E-003,4.690965E-003,4.691171E-003,4.690744E-003,4.690226E-003,4.690796E-003,
   **   ~~~   ** Node named CORRIDOR_FLR_2 VAV BOX OUTLET NODE shows oscillating temperatures across iterations with a repeated value of 18.370479
   **   ~~~   ** Node named CORRIDOR_FLR_2 VAV BOX OUTLET NODE temperature [C] iteration history trace (most recent first): 18.370479,18.382131,18.380819,18.363259,18.380043,18.372897,18.359190,18.370479,18.382131,18.380819,
   **   ~~~   ** Node named OR_NURSESTN_LOBBY_FLR_2 VAV BOX OUTLET NODE shows oscillating humidity ratio across iterations with a repeated value of 4.690744E-003
   **   ~~~   ** Node named OR_NURSESTN_LOBBY_FLR_2 VAV BOX OUTLET NODE humidity ratio [kg-water/kg-dryair] iteration history trace (most recent first): 4.690744E-003,4.690226E-003,4.690796E-003,4.691687E-003,4.691725E-003,4.690965E-003,4.691171E-003,4.690744E-003,4.690226E-003,4.690796E-003,
   **   ~~~   ** Node named OR_NURSESTN_LOBBY_FLR_2 VAV BOX OUTLET NODE shows oscillating mass flow rate across iterations with a repeated value of 1.060385
   **   ~~~   ** Node named OR_NURSESTN_LOBBY_FLR_2 VAV BOX OUTLET NODE mass flow rate [kg/s] iteration history trace (most recent first): 1.060385,1.099770,1.163423,1.195363,1.111660,1.126231,1.133755,1.060385,1.099770,1.163423,
   **   ~~~   ** Node named OR_NURSESTN_LOBBY_FLR_2 VAV BOX OUTLET NODE shows oscillating temperatures across iterations with a repeated value of 15.256744
   **   ~~~   ** Node named OR_NURSESTN_LOBBY_FLR_2 VAV BOX OUTLET NODE temperature [C] iteration history trace (most recent first): 15.256744,15.569857,16.031085,16.244021,15.660033,15.767931,15.822561,15.256744,15.569857,16.031085,
   **   ~~~   ** Node named PHYSTHERAPY_FLR_3 VAV BOX OUTLET NODE shows oscillating mass flow rate across iterations with a repeated value of 0.647964
   **   ~~~   ** Node named PHYSTHERAPY_FLR_3 VAV BOX OUTLET NODE mass flow rate [kg/s] iteration history trace (most recent first): 0.647964,0.647964,0.647964,0.647964,0.647964,0.647964,0.647964,0.647963,0.647963,0.647962,
   **   ~~~   ** Node named PHYSTHERAPY_FLR_3 VAV BOX OUTLET NODE shows oscillating temperatures across iterations with a repeated value of 15.600861
   **   ~~~   ** Node named PHYSTHERAPY_FLR_3 VAV BOX OUTLET NODE temperature [C] iteration history trace (most recent first): 15.600861,15.600860,15.600860,15.600860,15.600861,15.600863,15.600864,15.600854,15.600847,15.600835,
   **   ~~~   ** Node named NURSESTN_LOBBY_FLR_3 VAV BOX OUTLET NODE shows oscillating mass flow rate across iterations with a repeated value of 1.030837
   **   ~~~   ** Node named NURSESTN_LOBBY_FLR_3 VAV BOX OUTLET NODE mass flow rate [kg/s] iteration history trace (most recent first): 1.030837,1.030837,1.030837,1.030837,1.030837,1.030838,1.030838,1.030836,1.030836,1.030834,
   **   ~~~   ** Node named NURSESTN_LOBBY_FLR_3 VAV BOX OUTLET NODE shows oscillating temperatures across iterations with a repeated value of 15.600861
   **   ~~~   ** Node named NURSESTN_LOBBY_FLR_3 VAV BOX OUTLET NODE temperature [C] iteration history trace (most recent first): 15.600861,15.600860,15.600860,15.600860,15.600861,15.600863,15.600864,15.600854,15.600847,15.600835,
   **   ~~~   ** Node named LAB_FLR_3 VAV BOX OUTLET NODE shows oscillating temperatures across iterations with a repeated value of 13.926862
   **   ~~~   ** Node named LAB_FLR_3 VAV BOX OUTLET NODE temperature [C] iteration history trace (most recent first): 13.926862,13.926824,13.926829,13.926863,13.926864,13.926864,13.926859,13.926862,13.926824,13.926829,
   **   ~~~   ** Node named CORRIDOR_SE_FLR_3 VAV BOX OUTLET NODE shows oscillating temperatures across iterations with a repeated value of 15.600861
   **   ~~~   ** Node named CORRIDOR_SE_FLR_3 VAV BOX OUTLET NODE temperature [C] iteration history trace (most recent first): 15.600861,15.600860,15.600860,15.600860,15.600861,15.600863,15.600864,15.600854,15.600847,15.600835,
   **   ~~~   ** Node named CORRIDOR_NW_FLR_3 VAV BOX OUTLET NODE shows oscillating temperatures across iterations with a repeated value of 15.600861
   **   ~~~   ** Node named CORRIDOR_NW_FLR_3 VAV BOX OUTLET NODE temperature [C] iteration history trace (most recent first): 15.600861,15.600860,15.600860,15.600860,15.600861,15.600863,15.600864,15.600854,15.600847,15.600835,
   **   ~~~   ** Node named RADIOLOGY_FLR_4 VAV BOX OUTLET NODE shows oscillating mass flow rate across iterations with a repeated value of 3.577153
   **   ~~~   ** Node named RADIOLOGY_FLR_4 VAV BOX OUTLET NODE mass flow rate [kg/s] iteration history trace (most recent first): 3.577153,3.577152,3.577152,3.577153,3.577153,3.577154,3.577154,3.577150,3.577147,3.577142,
   **   ~~~   ** Node named RADIOLOGY_FLR_4 VAV BOX OUTLET NODE shows oscillating temperatures across iterations with a repeated value of 15.600861
   **   ~~~   ** Node named RADIOLOGY_FLR_4 VAV BOX OUTLET NODE temperature [C] iteration history trace (most recent first): 15.600861,15.600860,15.600860,15.600860,15.600861,15.600863,15.600864,15.600854,15.600847,15.600835,
   **   ~~~   ** Node named NURSESTN_LOBBY_FLR_4 VAV BOX OUTLET NODE shows oscillating mass flow rate across iterations with a repeated value of 1.177169
   **   ~~~   ** Node named NURSESTN_LOBBY_FLR_4 VAV BOX OUTLET NODE mass flow rate [kg/s] iteration history trace (most recent first): 1.177169,1.177169,1.177169,1.177169,1.177169,1.177169,1.177169,1.177168,1.177167,1.177165,
   **   ~~~   ** Node named NURSESTN_LOBBY_FLR_4 VAV BOX OUTLET NODE shows oscillating temperatures across iterations with a repeated value of 15.600861
   **   ~~~   ** Node named NURSESTN_LOBBY_FLR_4 VAV BOX OUTLET NODE temperature [C] iteration history trace (most recent first): 15.600861,15.600860,15.600860,15.600860,15.600861,15.600863,15.600864,15.600854,15.600847,15.600835,
   **   ~~~   ** Node named LAB_FLR_4 VAV BOX OUTLET NODE shows oscillating temperatures across iterations with a repeated value of 13.794690
   **   ~~~   ** Node named LAB_FLR_4 VAV BOX OUTLET NODE temperature [C] iteration history trace (most recent first): 13.794690,13.794654,13.794658,13.794690,13.794692,13.794692,13.794687,13.794690,13.794654,13.794658,
   **   ~~~   ** Node named CORRIDOR_SE_FLR_4 VAV BOX OUTLET NODE shows oscillating temperatures across iterations with a repeated value of 15.600861
   **   ~~~   ** Node named CORRIDOR_SE_FLR_4 VAV BOX OUTLET NODE temperature [C] iteration history trace (most recent first): 15.600861,15.600860,15.600860,15.600860,15.600861,15.600863,15.600864,15.600854,15.600847,15.600835,
   **   ~~~   ** Node named CORRIDOR_NW_FLR_4 VAV BOX OUTLET NODE shows oscillating temperatures across iterations with a repeated value of 15.600861
   **   ~~~   ** Node named CORRIDOR_NW_FLR_4 VAV BOX OUTLET NODE temperature [C] iteration history trace (most recent first): 15.600861,15.600860,15.600860,15.600860,15.600861,15.600863,15.600864,15.600854,15.600847,15.600835,
   **   ~~~   ** Node named DINING_FLR_5 VAV BOX OUTLET NODE shows oscillating temperatures across iterations with a repeated value of 16.539157
   **   ~~~   ** Node named DINING_FLR_5 VAV BOX OUTLET NODE temperature [C] iteration history trace (most recent first): 16.539157,16.539148,16.539149,16.539157,16.539157,16.539160,16.539159,16.539150,16.539135,16.539124,
   **   ~~~   ** Node named NURSESTN_LOBBY_FLR_5 VAV BOX OUTLET NODE shows oscillating temperatures across iterations with a repeated value of 15.600861
   **   ~~~   ** Node named NURSESTN_LOBBY_FLR_5 VAV BOX OUTLET NODE temperature [C] iteration history trace (most recent first): 15.600861,15.600860,15.600860,15.600860,15.600861,15.600863,15.600864,15.600854,15.600847,15.600835,
   **   ~~~   ** Node named OFFICE2_MULT5_FLR_5 VAV BOX OUTLET NODE shows oscillating temperatures across iterations with a repeated value of 16.888705
   **   ~~~   ** Node named OFFICE2_MULT5_FLR_5 VAV BOX OUTLET NODE temperature [C] iteration history trace (most recent first): 16.888705,16.888693,16.888694,16.888705,16.888706,16.888709,16.888707,16.888698,16.888681,16.888670,
   **   ~~~   ** Node named CORRIDOR_FLR_5 VAV BOX OUTLET NODE shows oscillating temperatures across iterations with a repeated value of 15.600861
   **   ~~~   ** Node named CORRIDOR_FLR_5 VAV BOX OUTLET NODE temperature [C] iteration history trace (most recent first): 15.600861,15.600860,15.600860,15.600860,15.600861,15.600863,15.600864,15.600854,15.600847,15.600835,
   **   ~~~   ** Plant System Named = HEAT RECOVERY WATER LOOP did not converge for temperature
   **   ~~~   ** Check values should be zero. Most Recent values listed first.
   **   ~~~   ** Demand-to-Supply interface temperature check value iteration history trace: 4.245006E-002,2.476147E-002,3.276124E-002,1.015994E-002,2.084557E-002,1.366107E-002,2.568214E-002,7.579191E-003,7.622243E-003,1.676188E-002,
   **   ~~~   ** Supply-to-Demand interface temperature check value iteration history trace: 3.151321E-002,2.284433E-002,2.432217E-002,5.183477E-002,1.543358E-002,4.144814E-003,1.901681E-002,3.419570E-002,5.660130E-003,1.408141E-002,
   ** Warning ** SimHVAC: Maximum iterations (20) exceeded for all HVAC loops, at RUNPERIOD 1, 11/25 11:30 - 11:40
   **   ~~~   ** The solution for one or more of the Air Loop HVAC systems did not appear to converge
   **   ~~~   ** Air System Named = VAV_1 did not converge for mass flow rate
   **   ~~~   ** Check values should be zero. Most Recent values listed first.
   **   ~~~   ** Demand-to-Supply interface mass flow rate check value iteration history trace: 0.101924,0.313746,0.344067,0.206449,0.390920,5.222630E-002,0.101924,0.313746,0.344067,0.206449,
   **   ~~~   ** Supply-to-demand interface deck 1 mass flow rate check value iteration history trace: 0.000000,0.000000,0.000000,0.000000,0.000000,0.000000,0.000000,0.000000,0.000000,0.000000,
   **   ~~~   ** Air System Named = VAV_1 did not converge for temperature
   **   ~~~   ** Check values should be zero. Most Recent values listed first.
   **   ~~~   ** Demand-to-Supply interface temperature check value iteration history trace: 6.236212E-003,1.874139E-002,2.062513E-002,1.318822E-002,2.444750E-002,3.139321E-003,6.236212E-003,1.874139E-002,2.062513E-002,1.318822E-002,
   **   ~~~   ** Supply-to-demand interface deck 1 temperature check value iteration history trace: 0.118908,0.355517,0.391558,0.253877,0.468457,5.963081E-002,0.118908,0.355517,0.391558,0.253877,
   **   ~~~   ** Air System Named = VAV_1 did not converge for energy
   **   ~~~   ** Check values should be zero. Most Recent values listed first.
   **   ~~~   ** Demand-to-Supply interface energy check value iteration history trace: 2457.365604,7564.347346,8295.378144,4977.426978,9424.986759,1259.163379,2457.365604,7564.347346,8295.378144,4977.426978,
   **   ~~~   ** Supply-to-demand interface deck 1 energy check value iteration history trace: 1030.054985,-3191.799392,3380.003125,2138.845625,-4130.641544,522.667902,1030.054985,-3191.799392,3380.003125,2138.845625,
   **   ~~~   ** Node named ER_EXAM1_MULT4_FLR_1 VAV BOX OUTLET NODE shows oscillating temperatures across iterations with a repeated value of 19.920095
   **   ~~~   ** Node named ER_EXAM1_MULT4_FLR_1 VAV BOX OUTLET NODE temperature [C] iteration history trace (most recent first): 19.920095,19.920095,19.920095,19.920095,19.920094,19.920091,19.920082,19.920176,19.920147,19.920086,
   **   ~~~   ** Node named ER_TRAUMA1_FLR_1 VAV BOX OUTLET NODE shows oscillating temperatures across iterations with a repeated value of 19.460093
   **   ~~~   ** Node named ER_TRAUMA1_FLR_1 VAV BOX OUTLET NODE temperature [C] iteration history trace (most recent first): 19.460093,19.460093,19.460092,19.460092,19.460091,19.460088,19.460080,19.460175,19.460145,19.460084,
   **   ~~~   ** Node named ER_EXAM3_MULT4_FLR_1 VAV BOX OUTLET NODE shows oscillating temperatures across iterations with a repeated value of 19.823057
   **   ~~~   ** Node named ER_EXAM3_MULT4_FLR_1 VAV BOX OUTLET NODE temperature [C] iteration history trace (most recent first): 19.823057,19.823057,19.823057,19.823057,19.823056,19.823053,19.823044,19.823139,19.823109,19.823048,
   **   ~~~   ** Node named ER_TRAUMA2_FLR_1 VAV BOX OUTLET NODE shows oscillating temperatures across iterations with a repeated value of 19.433055
   **   ~~~   ** Node named ER_TRAUMA2_FLR_1 VAV BOX OUTLET NODE temperature [C] iteration history trace (most recent first): 19.433055,19.433055,19.433055,19.433055,19.433053,19.433050,19.433042,19.433138,19.433108,19.433046,
   **   ~~~   ** Node named ER_TRIAGE_MULT4_FLR_1 VAV BOX OUTLET NODE shows oscillating temperatures across iterations with a repeated value of 19.715025
   **   ~~~   ** Node named ER_TRIAGE_MULT4_FLR_1 VAV BOX OUTLET NODE temperature [C] iteration history trace (most recent first): 19.715025,19.715025,19.715025,19.715024,19.715023,19.715020,19.715012,19.715107,19.715077,19.715016,
   **   ~~~   ** Node named OR1_FLR_2 VAV BOX OUTLET NODE shows oscillating temperatures across iterations with a repeated value of 20.070315
   **   ~~~   ** Node named OR1_FLR_2 VAV BOX OUTLET NODE temperature [C] iteration history trace (most recent first): 20.070315,20.070315,20.070315,20.070315,20.070314,20.070311,20.070303,20.070285,20.070256,20.070319,
   **   ~~~   ** Node named OR2_MULT5_FLR_2 VAV BOX OUTLET NODE shows oscillating temperatures across iterations with a repeated value of 19.677395
   **   ~~~   ** Node named OR2_MULT5_FLR_2 VAV BOX OUTLET NODE temperature [C] iteration history trace (most recent first): 19.677395,19.677395,19.677395,19.677394,19.677393,19.677390,19.677382,19.677365,19.677335,19.677398,
   **   ~~~   ** Node named OR3_FLR_2 VAV BOX OUTLET NODE shows oscillating temperatures across iterations with a repeated value of 19.789019
   **   ~~~   ** Node named OR3_FLR_2 VAV BOX OUTLET NODE temperature [C] iteration history trace (most recent first): 19.789019,19.789019,19.789019,19.789018,19.789017,19.789014,19.789006,19.788989,19.788959,19.789022,
   **   ~~~   ** Node named OR4_FLR_2 VAV BOX OUTLET NODE shows oscillating temperatures across iterations with a repeated value of 19.404115
   **   ~~~   ** Node named OR4_FLR_2 VAV BOX OUTLET NODE temperature [C] iteration history trace (most recent first): 19.404115,19.404115,19.404115,19.404115,19.404113,19.404110,19.404102,19.404085,19.404055,19.404119,
   **   ~~~   ** Node named IC_PATROOM1_MULT5_FLR_2 VAV BOX OUTLET NODE shows oscillating temperatures across iterations with a repeated value of 18.927590
   **   ~~~   ** Node named IC_PATROOM1_MULT5_FLR_2 VAV BOX OUTLET NODE temperature [C] iteration history trace (most recent first): 18.927590,18.927590,18.927590,18.927590,18.927588,18.927585,18.927577,18.927559,18.927528,18.927544,
   **   ~~~   ** Node named IC_PATROOM2_FLR_2 VAV BOX OUTLET NODE shows oscillating temperatures across iterations with a repeated value of 19.640249
   **   ~~~   ** Node named IC_PATROOM2_FLR_2 VAV BOX OUTLET NODE temperature [C] iteration history trace (most recent first): 19.640249,19.640248,19.640248,19.640248,19.640247,19.640244,19.640236,19.640218,19.640188,19.640204,
   **   ~~~   ** Node named IC_PATROOM3_MULT6_FLR_2 VAV BOX OUTLET NODE shows oscillating temperatures across iterations with a repeated value of 18.519582
   **   ~~~   ** Node named IC_PATROOM3_MULT6_FLR_2 VAV BOX OUTLET NODE temperature [C] iteration history trace (most recent first): 18.519582,18.519582,18.519582,18.519582,18.519581,18.519577,18.519569,18.519551,18.519519,18.519536,
   **   ~~~   ** Node named ICU_FLR_2 VAV BOX OUTLET NODE shows oscillating temperatures across iterations with a repeated value of 17.974202
   **   ~~~   ** Node named ICU_FLR_2 VAV BOX OUTLET NODE temperature [C] iteration history trace (most recent first): 17.974202,17.974202,17.974202,17.974201,17.974200,17.974197,17.974188,17.974170,17.974138,17.974155,
   **   ~~~   ** Node named PATROOM1_MULT10_FLR_3 VAV BOX OUTLET NODE shows oscillating temperatures across iterations with a repeated value of 18.891681
   **   ~~~   ** Node named PATROOM1_MULT10_FLR_3 VAV BOX OUTLET NODE temperature [C] iteration history trace (most recent first): 18.891681,18.891681,18.891681,18.891681,18.891681,18.891680,18.891679,18.891678,18.891675,18.891668,
   **   ~~~   ** Node named PATROOM2_FLR_3 VAV BOX OUTLET NODE shows oscillating temperatures across iterations with a repeated value of 20.523359
   **   ~~~   ** Node named PATROOM2_FLR_3 VAV BOX OUTLET NODE temperature [C] iteration history trace (most recent first): 20.523359,20.523359,20.523359,20.523359,20.523359,20.523359,20.523358,20.523356,20.523353,20.523347,
   **   ~~~   ** Node named PATROOM3_MULT10_FLR_3 VAV BOX OUTLET NODE shows oscillating temperatures across iterations with a repeated value of 18.901567
   **   ~~~   ** Node named PATROOM3_MULT10_FLR_3 VAV BOX OUTLET NODE temperature [C] iteration history trace (most recent first): 18.901567,18.901567,18.901567,18.901566,18.901566,18.901566,18.901565,18.901563,18.901560,18.901554,
   **   ~~~   ** Node named PATROOM4_FLR_3 VAV BOX OUTLET NODE shows oscillating temperatures across iterations with a repeated value of 20.317564
   **   ~~~   ** Node named PATROOM4_FLR_3 VAV BOX OUTLET NODE temperature [C] iteration history trace (most recent first): 20.317564,20.317564,20.317564,20.317564,20.317564,20.317564,20.317563,20.317561,20.317558,20.317552,
   **   ~~~   ** Node named PATROOM5_MULT10_FLR_3 VAV BOX OUTLET NODE shows oscillating temperatures across iterations with a repeated value of 18.645672
   **   ~~~   ** Node named PATROOM5_MULT10_FLR_3 VAV BOX OUTLET NODE temperature [C] iteration history trace (most recent first): 18.645672,18.645672,18.645672,18.645672,18.645672,18.645671,18.645671,18.645669,18.645666,18.645659,
   **   ~~~   ** Node named PHYSTHERAPY_FLR_3 VAV BOX OUTLET NODE shows oscillating temperatures across iterations with a repeated value of 15.600815
   **   ~~~   ** Node named PHYSTHERAPY_FLR_3 VAV BOX OUTLET NODE temperature [C] iteration history trace (most recent first): 15.600815,15.600815,15.600815,15.600815,15.600815,15.600814,15.600812,15.600807,15.600798,15.600835,
   **   ~~~   ** Node named PATROOM6_FLR_3 VAV BOX OUTLET NODE shows oscillating temperatures across iterations with a repeated value of 20.204425
   **   ~~~   ** Node named PATROOM6_FLR_3 VAV BOX OUTLET NODE temperature [C] iteration history trace (most recent first): 20.204425,20.204425,20.204425,20.204425,20.204425,20.204425,20.204424,20.204422,20.204419,20.204413,
   **   ~~~   ** Node named PATROOM7_MULT10_FLR_3 VAV BOX OUTLET NODE shows oscillating temperatures across iterations with a repeated value of 17.773518
   **   ~~~   ** Node named PATROOM7_MULT10_FLR_3 VAV BOX OUTLET NODE temperature [C] iteration history trace (most recent first): 17.773518,17.773518,17.773518,17.773518,17.773518,17.773518,17.773517,17.773515,17.773512,17.773505,
   **   ~~~   ** Node named PATROOM8_FLR_3 VAV BOX OUTLET NODE shows oscillating temperatures across iterations with a repeated value of 19.967321
   **   ~~~   ** Node named PATROOM8_FLR_3 VAV BOX OUTLET NODE temperature [C] iteration history trace (most recent first): 19.967321,19.967321,19.967321,19.967321,19.967321,19.967321,19.967320,19.967318,19.967315,19.967309,
   **   ~~~   ** Node named NURSESTN_LOBBY_FLR_3 VAV BOX OUTLET NODE shows oscillating mass flow rate across iterations with a repeated value of 1.034556
   **   ~~~   ** Node named NURSESTN_LOBBY_FLR_3 VAV BOX OUTLET NODE mass flow rate [kg/s] iteration history trace (most recent first): 1.034556,1.034556,1.034556,1.034556,1.034556,1.034556,1.034556,1.034555,1.034554,1.034559,
   **   ~~~   ** Node named NURSESTN_LOBBY_FLR_3 VAV BOX OUTLET NODE shows oscillating temperatures across iterations with a repeated value of 15.600815
   **   ~~~   ** Node named NURSESTN_LOBBY_FLR_3 VAV BOX OUTLET NODE temperature [C] iteration history trace (most recent first): 15.600815,15.600815,15.600815,15.600815,15.600815,15.600814,15.600812,15.600807,15.600798,15.600835,
   **   ~~~   ** Node named CORRIDOR_SE_FLR_3 VAV BOX OUTLET NODE shows oscillating temperatures across iterations with a repeated value of 15.600815
   **   ~~~   ** Node named CORRIDOR_SE_FLR_3 VAV BOX OUTLET NODE temperature [C] iteration history trace (most recent first): 15.600815,15.600815,15.600815,15.600815,15.600815,15.600814,15.600812,15.600807,15.600798,15.600835,
   **   ~~~   ** Node named CORRIDOR_NW_FLR_3 VAV BOX OUTLET NODE shows oscillating temperatures across iterations with a repeated value of 15.600815
   **   ~~~   ** Node named CORRIDOR_NW_FLR_3 VAV BOX OUTLET NODE temperature [C] iteration history trace (most recent first): 15.600815,15.600815,15.600815,15.600815,15.600815,15.600814,15.600812,15.600807,15.600798,15.600835,
   **   ~~~   ** Node named PATROOM1_MULT10_FLR_4 VAV BOX OUTLET NODE shows oscillating temperatures across iterations with a repeated value of 18.949077
   **   ~~~   ** Node named PATROOM1_MULT10_FLR_4 VAV BOX OUTLET NODE temperature [C] iteration history trace (most recent first): 18.949077,18.949077,18.949077,18.949077,18.949077,18.949077,18.949076,18.949074,18.949071,18.949065,
   **   ~~~   ** Node named PATROOM2_FLR_4 VAV BOX OUTLET NODE shows oscillating temperatures across iterations with a repeated value of 20.602404
   **   ~~~   ** Node named PATROOM2_FLR_4 VAV BOX OUTLET NODE temperature [C] iteration history trace (most recent first): 20.602404,20.602404,20.602404,20.602404,20.602404,20.602404,20.602403,20.602401,20.602398,20.602392,
   **   ~~~   ** Node named PATROOM3_MULT10_FLR_4 VAV BOX OUTLET NODE shows oscillating temperatures across iterations with a repeated value of 18.957124
   **   ~~~   ** Node named PATROOM3_MULT10_FLR_4 VAV BOX OUTLET NODE temperature [C] iteration history trace (most recent first): 18.957124,18.957124,18.957124,18.957124,18.957124,18.957124,18.957123,18.957121,18.957118,18.957112,
   **   ~~~   ** Node named PATROOM4_FLR_4 VAV BOX OUTLET NODE shows oscillating temperatures across iterations with a repeated value of 20.394091
   **   ~~~   ** Node named PATROOM4_FLR_4 VAV BOX OUTLET NODE temperature [C] iteration history trace (most recent first): 20.394091,20.394091,20.394091,20.394091,20.394091,20.394091,20.394090,20.394088,20.394085,20.394079,
   **   ~~~   ** Node named PATROOM5_MULT10_FLR_4 VAV BOX OUTLET NODE shows oscillating temperatures across iterations with a repeated value of 18.664130
   **   ~~~   ** Node named PATROOM5_MULT10_FLR_4 VAV BOX OUTLET NODE temperature [C] iteration history trace (most recent first): 18.664130,18.664130,18.664130,18.664130,18.664130,18.664130,18.664129,18.664127,18.664124,18.664117,
   **   ~~~   ** Node named RADIOLOGY_FLR_4 VAV BOX OUTLET NODE shows oscillating mass flow rate across iterations with a repeated value of 3.586044
   **   ~~~   ** Node named RADIOLOGY_FLR_4 VAV BOX OUTLET NODE mass flow rate [kg/s] iteration history trace (most recent first): 3.586044,3.586044,3.586044,3.586044,3.586044,3.586043,3.586042,3.586040,3.586036,3.586052,
   **   ~~~   ** Node named RADIOLOGY_FLR_4 VAV BOX OUTLET NODE shows oscillating temperatures across iterations with a repeated value of 15.600815
   **   ~~~   ** Node named RADIOLOGY_FLR_4 VAV BOX OUTLET NODE temperature [C] iteration history trace (most recent first): 15.600815,15.600815,15.600815,15.600815,15.600815,15.600814,15.600812,15.600807,15.600798,15.600835,
   **   ~~~   ** Node named PATROOM6_FLR_4 VAV BOX OUTLET NODE shows oscillating temperatures across iterations with a repeated value of 20.287803
   **   ~~~   ** Node named PATROOM6_FLR_4 VAV BOX OUTLET NODE temperature [C] iteration history trace (most recent first): 20.287803,20.287803,20.287803,20.287803,20.287803,20.287802,20.287801,20.287800,20.287797,20.287791,
   **   ~~~   ** Node named PATROOM7_MULT10_FLR_4 VAV BOX OUTLET NODE shows oscillating temperatures across iterations with a repeated value of 17.867314
   **   ~~~   ** Node named PATROOM7_MULT10_FLR_4 VAV BOX OUTLET NODE temperature [C] iteration history trace (most recent first): 17.867314,17.867314,17.867314,17.867314,17.867313,17.867313,17.867312,17.867310,17.867307,17.867301,
   **   ~~~   ** Node named PATROOM8_FLR_4 VAV BOX OUTLET NODE shows oscillating temperatures across iterations with a repeated value of 20.047674
   **   ~~~   ** Node named PATROOM8_FLR_4 VAV BOX OUTLET NODE temperature [C] iteration history trace (most recent first): 20.047674,20.047674,20.047674,20.047674,20.047673,20.047673,20.047672,20.047671,20.047668,20.047662,
   **   ~~~   ** Node named NURSESTN_LOBBY_FLR_4 VAV BOX OUTLET NODE shows oscillating mass flow rate across iterations with a repeated value of 1.181317
   **   ~~~   ** Node named NURSESTN_LOBBY_FLR_4 VAV BOX OUTLET NODE mass flow rate [kg/s] iteration history trace (most recent first): 1.181317,1.181317,1.181317,1.181317,1.181317,1.181317,1.181317,1.181316,1.181315,1.181320,
   **   ~~~   ** Node named NURSESTN_LOBBY_FLR_4 VAV BOX OUTLET NODE shows oscillating temperatures across iterations with a repeated value of 15.600815
   **   ~~~   ** Node named NURSESTN_LOBBY_FLR_4 VAV BOX OUTLET NODE temperature [C] iteration history trace (most recent first): 15.600815,15.600815,15.600815,15.600815,15.600815,15.600814,15.600812,15.600807,15.600798,15.600835,
   **   ~~~   ** Node named CORRIDOR_SE_FLR_4 VAV BOX OUTLET NODE shows oscillating temperatures across iterations with a repeated value of 15.600815
   **   ~~~   ** Node named CORRIDOR_SE_FLR_4 VAV BOX OUTLET NODE temperature [C] iteration history trace (most recent first): 15.600815,15.600815,15.600815,15.600815,15.600815,15.600814,15.600812,15.600807,15.600798,15.600835,
   **   ~~~   ** Node named CORRIDOR_NW_FLR_4 VAV BOX OUTLET NODE shows oscillating temperatures across iterations with a repeated value of 15.600815
   **   ~~~   ** Node named CORRIDOR_NW_FLR_4 VAV BOX OUTLET NODE temperature [C] iteration history trace (most recent first): 15.600815,15.600815,15.600815,15.600815,15.600815,15.600814,15.600812,15.600807,15.600798,15.600835,
   **   ~~~   ** Node named DINING_FLR_5 VAV BOX OUTLET NODE shows oscillating temperatures across iterations with a repeated value of 16.536388
   **   ~~~   ** Node named DINING_FLR_5 VAV BOX OUTLET NODE temperature [C] iteration history trace (most recent first): 16.536388,16.536388,16.536388,16.536388,16.536388,16.536387,16.536385,16.536380,16.536371,16.536408,
   **   ~~~   ** Node named NURSESTN_LOBBY_FLR_5 VAV BOX OUTLET NODE shows oscillating temperatures across iterations with a repeated value of 15.600815
   **   ~~~   ** Node named NURSESTN_LOBBY_FLR_5 VAV BOX OUTLET NODE temperature [C] iteration history trace (most recent first): 15.600815,15.600815,15.600815,15.600815,15.600815,15.600814,15.600812,15.600807,15.600798,15.600835,
   **   ~~~   ** Node named OFFICE2_MULT5_FLR_5 VAV BOX OUTLET NODE shows oscillating temperatures across iterations with a repeated value of 17.001273
   **   ~~~   ** Node named OFFICE2_MULT5_FLR_5 VAV BOX OUTLET NODE temperature [C] iteration history trace (most recent first): 17.001273,17.001273,17.001273,17.001273,17.001273,17.001272,17.001270,17.001265,17.001256,17.001292,
   **   ~~~   ** Node named CORRIDOR_FLR_5 VAV BOX OUTLET NODE shows oscillating temperatures across iterations with a repeated value of 15.600815
   **   ~~~   ** Node named CORRIDOR_FLR_5 VAV BOX OUTLET NODE temperature [C] iteration history trace (most recent first): 15.600815,15.600815,15.600815,15.600815,15.600815,15.600814,15.600812,15.600807,15.600798,15.600835,
   **   ~~~   ** Plant System Named = TOWERWATERSYS did not converge for temperature
   **   ~~~   ** Check values should be zero. Most Recent values listed first.
   **   ~~~   ** Demand-to-Supply interface temperature check value iteration history trace: 0.134355,3.868683E-004,2.469614E-003,1.712228E-002,0.114311,0.134291,4.839619E-004,2.471804E-003,1.697893E-002,0.114164,
   **   ~~~   ** Supply-to-Demand interface temperature check value iteration history trace: 0.291906,0.341361,9.117508E-004,6.321251E-003,4.219800E-002,0.291929,0.341325,9.125592E-004,6.268327E-003,4.214353E-002,
   ** Warning ** SimHVAC: Maximum iterations (20) exceeded for all HVAC loops, at RUNPERIOD 1, 11/25 14:50 - 15:00
   **   ~~~   ** The solution for one or more of the Air Loop HVAC systems did not appear to converge
   **   ~~~   ** Air System Named = VAV_1 did not converge for mass flow rate
   **   ~~~   ** Check values should be zero. Most Recent values listed first.
   **   ~~~   ** Demand-to-Supply interface mass flow rate check value iteration history trace: 0.149638,0.308927,2.533360E-002,4.683897E-002,8.711564E-002,0.149638,0.308927,2.533360E-002,4.683897E-002,8.711564E-002,
   **   ~~~   ** Supply-to-demand interface deck 1 mass flow rate check value iteration history trace: 0.000000,0.000000,0.000000,0.000000,0.000000,0.000000,0.000000,0.000000,0.000000,0.000000,
   **   ~~~   ** Air System Named = VAV_1 did not converge for temperature
   **   ~~~   ** Check values should be zero. Most Recent values listed first.
   **   ~~~   ** Demand-to-Supply interface temperature check value iteration history trace: 8.673631E-003,1.759447E-002,1.397939E-003,2.605206E-003,4.917699E-003,8.673631E-003,1.759447E-002,1.397939E-003,2.605206E-003,4.917699E-003,
   **   ~~~   ** Supply-to-demand interface deck 1 temperature check value iteration history trace: 0.172260,0.348180,2.748326E-002,5.130123E-002,9.713543E-002,0.172260,0.348180,2.748326E-002,5.130123E-002,9.713543E-002,
   **   ~~~   ** Air System Named = VAV_1 did not converge for energy
   **   ~~~   ** Check values should be zero. Most Recent values listed first.
   **   ~~~   ** Demand-to-Supply interface energy check value iteration history trace: 3609.013705,7450.761462,611.001321,1129.672504,2101.073933,3609.013706,7450.761461,611.001320,1129.672504,2101.073932,
   **   ~~~   ** Supply-to-demand interface deck 1 energy check value iteration history trace: 1528.417569,-3197.387829,251.682934,467.385730,876.460385,1528.417569,-3197.387829,251.682934,467.385730,876.460385,
   **   ~~~   ** Node named BASEMENT VAV BOX OUTLET NODE shows oscillating humidity ratio across iterations with a repeated value of 5.436685E-003
   **   ~~~   ** Node named BASEMENT VAV BOX OUTLET NODE humidity ratio [kg-water/kg-dryair] iteration history trace (most recent first): 5.436685E-003,5.439753E-003,5.435335E-003,5.435556E-003,5.435968E-003,5.436685E-003,5.439753E-003,5.435335E-003,5.435556E-003,5.435968E-003,
   **   ~~~   ** Node named BASEMENT VAV BOX OUTLET NODE shows oscillating mass flow rate across iterations with a repeated value of 3.005804
   **   ~~~   ** Node named BASEMENT VAV BOX OUTLET NODE mass flow rate [kg/s] iteration history trace (most recent first): 3.005804,2.945271,3.070239,3.059991,3.041044,3.005804,2.945271,3.070239,3.059991,3.041044,
   **   ~~~   ** Node named BASEMENT VAV BOX OUTLET NODE shows oscillating temperatures across iterations with a repeated value of 15.618976
   **   ~~~   ** Node named BASEMENT VAV BOX OUTLET NODE temperature [C] iteration history trace (most recent first): 15.618976,15.446716,15.794896,15.767413,15.716112,15.618976,15.446716,15.794896,15.767413,15.716112,
   **   ~~~   ** Node named ER_EXAM1_MULT4_FLR_1 VAV BOX OUTLET NODE shows oscillating temperatures across iterations with a repeated value of 19.849178
   **   ~~~   ** Node named ER_EXAM1_MULT4_FLR_1 VAV BOX OUTLET NODE temperature [C] iteration history trace (most recent first): 19.849178,19.849169,19.849170,19.849171,19.849174,19.849178,19.849169,19.849170,19.849171,19.849174,
   **   ~~~   ** Node named ER_TRAUMA1_FLR_1 VAV BOX OUTLET NODE shows oscillating temperatures across iterations with a repeated value of 19.352901
   **   ~~~   ** Node named ER_TRAUMA1_FLR_1 VAV BOX OUTLET NODE temperature [C] iteration history trace (most recent first): 19.352901,19.352894,19.352894,19.352895,19.352898,19.352901,19.352894,19.352894,19.352895,19.352898,
   **   ~~~   ** Node named ER_EXAM3_MULT4_FLR_1 VAV BOX OUTLET NODE shows oscillating temperatures across iterations with a repeated value of 19.727039
   **   ~~~   ** Node named ER_EXAM3_MULT4_FLR_1 VAV BOX OUTLET NODE temperature [C] iteration history trace (most recent first): 19.727039,19.727030,19.727031,19.727032,19.727035,19.727039,19.727030,19.727031,19.727032,19.727035,
   **   ~~~   ** Node named ER_TRAUMA2_FLR_1 VAV BOX OUTLET NODE shows oscillating temperatures across iterations with a repeated value of 19.325557
   **   ~~~   ** Node named ER_TRAUMA2_FLR_1 VAV BOX OUTLET NODE temperature [C] iteration history trace (most recent first): 19.325557,19.325549,19.325550,19.325551,19.325553,19.325557,19.325549,19.325550,19.325551,19.325553,
   **   ~~~   ** Node named ER_TRIAGE_MULT4_FLR_1 VAV BOX OUTLET NODE shows oscillating temperatures across iterations with a repeated value of 19.642480
   **   ~~~   ** Node named ER_TRIAGE_MULT4_FLR_1 VAV BOX OUTLET NODE temperature [C] iteration history trace (most recent first): 19.642480,19.642472,19.642473,19.642474,19.642477,19.642480,19.642472,19.642473,19.642474,19.642477,
   **   ~~~   ** Node named OFFICE1_MULT4_FLR_1 VAV BOX OUTLET NODE shows oscillating humidity ratio across iterations with a repeated value of 5.436685E-003
   **   ~~~   ** Node named OFFICE1_MULT4_FLR_1 VAV BOX OUTLET NODE humidity ratio [kg-water/kg-dryair] iteration history trace (most recent first): 5.436685E-003,5.439753E-003,5.435335E-003,5.435556E-003,5.435968E-003,5.436685E-003,5.439753E-003,5.435335E-003,5.435556E-003,5.435968E-003,
   **   ~~~   ** Node named OFFICE1_MULT4_FLR_1 VAV BOX OUTLET NODE shows oscillating temperatures across iterations with a repeated value of 19.853924
   **   ~~~   ** Node named OFFICE1_MULT4_FLR_1 VAV BOX OUTLET NODE temperature [C] iteration history trace (most recent first): 19.853924,19.845388,19.866346,19.842102,19.853880,19.853924,19.845388,19.866346,19.842102,19.853880,
   **   ~~~   ** Node named LOBBY_RECORDS_FLR_1 VAV BOX OUTLET NODE shows oscillating humidity ratio across iterations with a repeated value of 5.436685E-003
   **   ~~~   ** Node named LOBBY_RECORDS_FLR_1 VAV BOX OUTLET NODE humidity ratio [kg-water/kg-dryair] iteration history trace (most recent first): 5.436685E-003,5.439753E-003,5.435335E-003,5.435556E-003,5.435968E-003,5.436685E-003,5.439753E-003,5.435335E-003,5.435556E-003,5.435968E-003,
   **   ~~~   ** Node named LOBBY_RECORDS_FLR_1 VAV BOX OUTLET NODE shows oscillating temperatures across iterations with a repeated value of 20.141247
   **   ~~~   ** Node named LOBBY_RECORDS_FLR_1 VAV BOX OUTLET NODE temperature [C] iteration history trace (most recent first): 20.141247,20.129410,20.133467,20.132513,20.133824,20.141247,20.129410,20.133467,20.132513,20.133824,
   **   ~~~   ** Node named CORRIDOR_FLR_1 VAV BOX OUTLET NODE shows oscillating humidity ratio across iterations with a repeated value of 5.436685E-003
   **   ~~~   ** Node named CORRIDOR_FLR_1 VAV BOX OUTLET NODE humidity ratio [kg-water/kg-dryair] iteration history trace (most recent first): 5.436685E-003,5.439753E-003,5.435335E-003,5.435556E-003,5.435968E-003,5.436685E-003,5.439753E-003,5.435335E-003,5.435556E-003,5.435968E-003,
   **   ~~~   ** Node named CORRIDOR_FLR_1 VAV BOX OUTLET NODE shows oscillating temperatures across iterations with a repeated value of 15.618976
   **   ~~~   ** Node named CORRIDOR_FLR_1 VAV BOX OUTLET NODE temperature [C] iteration history trace (most recent first): 15.618976,15.446716,15.794896,15.767413,15.716112,15.618976,15.446716,15.794896,15.767413,15.716112,
   **   ~~~   ** Node named ER_NURSESTN_LOBBY_FLR_1 VAV BOX OUTLET NODE shows oscillating humidity ratio across iterations with a repeated value of 5.436685E-003
   **   ~~~   ** Node named ER_NURSESTN_LOBBY_FLR_1 VAV BOX OUTLET NODE humidity ratio [kg-water/kg-dryair] iteration history trace (most recent first): 5.436685E-003,5.439753E-003,5.435335E-003,5.435556E-003,5.435968E-003,5.436685E-003,5.439753E-003,5.435335E-003,5.435556E-003,5.435968E-003,
   **   ~~~   ** Node named ER_NURSESTN_LOBBY_FLR_1 VAV BOX OUTLET NODE shows oscillating mass flow rate across iterations with a repeated value of 1.620843
   **   ~~~   ** Node named ER_NURSESTN_LOBBY_FLR_1 VAV BOX OUTLET NODE mass flow rate [kg/s] iteration history trace (most recent first): 1.620843,1.588202,1.655589,1.650063,1.639846,1.620843,1.588202,1.655589,1.650063,1.639846,
   **   ~~~   ** Node named ER_NURSESTN_LOBBY_FLR_1 VAV BOX OUTLET NODE shows oscillating temperatures across iterations with a repeated value of 15.618976
   **   ~~~   ** Node named ER_NURSESTN_LOBBY_FLR_1 VAV BOX OUTLET NODE temperature [C] iteration history trace (most recent first): 15.618976,15.446716,15.794896,15.767413,15.716112,15.618976,15.446716,15.794896,15.767413,15.716112,
   **   ~~~   ** Node named OR1_FLR_2 VAV BOX OUTLET NODE shows oscillating temperatures across iterations with a repeated value of 20.008896
   **   ~~~   ** Node named OR1_FLR_2 VAV BOX OUTLET NODE temperature [C] iteration history trace (most recent first): 20.008896,20.008888,20.008889,20.008890,20.008893,20.008896,20.008888,20.008889,20.008890,20.008893,
   **   ~~~   ** Node named OR2_MULT5_FLR_2 VAV BOX OUTLET NODE shows oscillating temperatures across iterations with a repeated value of 19.619222
   **   ~~~   ** Node named OR2_MULT5_FLR_2 VAV BOX OUTLET NODE temperature [C] iteration history trace (most recent first): 19.619222,19.619214,19.619214,19.619216,19.619218,19.619222,19.619214,19.619214,19.619216,19.619218,
   **   ~~~   ** Node named OR3_FLR_2 VAV BOX OUTLET NODE shows oscillating temperatures across iterations with a repeated value of 19.729579
   **   ~~~   ** Node named OR3_FLR_2 VAV BOX OUTLET NODE temperature [C] iteration history trace (most recent first): 19.729579,19.729570,19.729571,19.729572,19.729575,19.729579,19.729570,19.729571,19.729572,19.729575,
   **   ~~~   ** Node named OR4_FLR_2 VAV BOX OUTLET NODE shows oscillating temperatures across iterations with a repeated value of 19.347922
   **   ~~~   ** Node named OR4_FLR_2 VAV BOX OUTLET NODE temperature [C] iteration history trace (most recent first): 19.347922,19.347915,19.347915,19.347916,19.347919,19.347922,19.347915,19.347915,19.347916,19.347919,
   **   ~~~   ** Node named IC_PATROOM1_MULT5_FLR_2 VAV BOX OUTLET NODE shows oscillating temperatures across iterations with a repeated value of 18.780950
   **   ~~~   ** Node named IC_PATROOM1_MULT5_FLR_2 VAV BOX OUTLET NODE temperature [C] iteration history trace (most recent first): 18.780950,18.780943,18.780943,18.780944,18.780947,18.780950,18.780943,18.780943,18.780944,18.780947,
   **   ~~~   ** Node named IC_PATROOM2_FLR_2 VAV BOX OUTLET NODE shows oscillating temperatures across iterations with a repeated value of 19.617217
   **   ~~~   ** Node named IC_PATROOM2_FLR_2 VAV BOX OUTLET NODE temperature [C] iteration history trace (most recent first): 19.617217,19.617209,19.617210,19.617211,19.617214,19.617217,19.617209,19.617210,19.617211,19.617214,
   **   ~~~   ** Node named IC_PATROOM3_MULT6_FLR_2 VAV BOX OUTLET NODE shows oscillating temperatures across iterations with a repeated value of 18.591668
   **   ~~~   ** Node named IC_PATROOM3_MULT6_FLR_2 VAV BOX OUTLET NODE temperature [C] iteration history trace (most recent first): 18.591668,18.591661,18.591661,18.591662,18.591665,18.591668,18.591661,18.591661,18.591662,18.591665,
   **   ~~~   ** Node named ICU_FLR_2 VAV BOX OUTLET NODE shows oscillating temperatures across iterations with a repeated value of 17.921976
   **   ~~~   ** Node named ICU_FLR_2 VAV BOX OUTLET NODE temperature [C] iteration history trace (most recent first): 17.921976,17.921970,17.921970,17.921971,17.921973,17.921976,17.921970,17.921970,17.921971,17.921973,
   **   ~~~   ** Node named ICU_NURSESTN_LOBBY_FLR_2 VAV BOX OUTLET NODE shows oscillating humidity ratio across iterations with a repeated value of 5.436685E-003
   **   ~~~   ** Node named ICU_NURSESTN_LOBBY_FLR_2 VAV BOX OUTLET NODE humidity ratio [kg-water/kg-dryair] iteration history trace (most recent first): 5.436685E-003,5.439753E-003,5.435335E-003,5.435556E-003,5.435968E-003,5.436685E-003,5.439753E-003,5.435335E-003,5.435556E-003,5.435968E-003,
   **   ~~~   ** Node named ICU_NURSESTN_LOBBY_FLR_2 VAV BOX OUTLET NODE shows oscillating mass flow rate across iterations with a repeated value of 1.634942
   **   ~~~   ** Node named ICU_NURSESTN_LOBBY_FLR_2 VAV BOX OUTLET NODE mass flow rate [kg/s] iteration history trace (most recent first): 1.634942,1.602021,1.669987,1.664413,1.654108,1.634942,1.602021,1.669987,1.664413,1.654108,
   **   ~~~   ** Node named ICU_NURSESTN_LOBBY_FLR_2 VAV BOX OUTLET NODE shows oscillating temperatures across iterations with a repeated value of 15.618976
   **   ~~~   ** Node named ICU_NURSESTN_LOBBY_FLR_2 VAV BOX OUTLET NODE temperature [C] iteration history trace (most recent first): 15.618976,15.446716,15.794896,15.767413,15.716112,15.618976,15.446716,15.794896,15.767413,15.716112,
   **   ~~~   ** Node named CORRIDOR_FLR_2 VAV BOX OUTLET NODE shows oscillating humidity ratio across iterations with a repeated value of 5.436685E-003
   **   ~~~   ** Node named CORRIDOR_FLR_2 VAV BOX OUTLET NODE humidity ratio [kg-water/kg-dryair] iteration history trace (most recent first): 5.436685E-003,5.439753E-003,5.435335E-003,5.435556E-003,5.435968E-003,5.436685E-003,5.439753E-003,5.435335E-003,5.435556E-003,5.435968E-003,
   **   ~~~   ** Node named CORRIDOR_FLR_2 VAV BOX OUTLET NODE shows oscillating temperatures across iterations with a repeated value of 18.035266
   **   ~~~   ** Node named CORRIDOR_FLR_2 VAV BOX OUTLET NODE temperature [C] iteration history trace (most recent first): 18.035266,18.026989,18.025070,18.043056,18.038761,18.035266,18.026989,18.025070,18.043056,18.038761,
   **   ~~~   ** Node named OR_NURSESTN_LOBBY_FLR_2 VAV BOX OUTLET NODE shows oscillating humidity ratio across iterations with a repeated value of 5.436685E-003
   **   ~~~   ** Node named OR_NURSESTN_LOBBY_FLR_2 VAV BOX OUTLET NODE humidity ratio [kg-water/kg-dryair] iteration history trace (most recent first): 5.436685E-003,5.439753E-003,5.435335E-003,5.435556E-003,5.435968E-003,5.436685E-003,5.439753E-003,5.435335E-003,5.435556E-003,5.435968E-003,
   **   ~~~   ** Node named OR_NURSESTN_LOBBY_FLR_2 VAV BOX OUTLET NODE shows oscillating mass flow rate across iterations with a repeated value of 1.169099
   **   ~~~   ** Node named OR_NURSESTN_LOBBY_FLR_2 VAV BOX OUTLET NODE mass flow rate [kg/s] iteration history trace (most recent first): 1.169099,1.145555,1.194162,1.190176,1.182806,1.169099,1.145555,1.194162,1.190176,1.182806,
   **   ~~~   ** Node named OR_NURSESTN_LOBBY_FLR_2 VAV BOX OUTLET NODE shows oscillating temperatures across iterations with a repeated value of 15.618976
   **   ~~~   ** Node named OR_NURSESTN_LOBBY_FLR_2 VAV BOX OUTLET NODE temperature [C] iteration history trace (most recent first): 15.618976,15.446716,15.794896,15.767413,15.716112,15.618976,15.446716,15.794896,15.767413,15.716112,
   **   ~~~   ** Node named PATROOM1_MULT10_FLR_3 VAV BOX OUTLET NODE shows oscillating temperatures across iterations with a repeated value of 18.645495
   **   ~~~   ** Node named PATROOM1_MULT10_FLR_3 VAV BOX OUTLET NODE temperature [C] iteration history trace (most recent first): 18.645495,18.645488,18.645489,18.645490,18.645492,18.645495,18.645488,18.645489,18.645490,18.645492,
   **   ~~~   ** Node named PATROOM2_FLR_3 VAV BOX OUTLET NODE shows oscillating temperatures across iterations with a repeated value of 20.181452
   **   ~~~   ** Node named PATROOM2_FLR_3 VAV BOX OUTLET NODE temperature [C] iteration history trace (most recent first): 20.181452,20.181444,20.181444,20.181446,20.181448,20.181452,20.181444,20.181444,20.181446,20.181448,
   **   ~~~   ** Node named PATROOM3_MULT10_FLR_3 VAV BOX OUTLET NODE shows oscillating temperatures across iterations with a repeated value of 18.627991
   **   ~~~   ** Node named PATROOM3_MULT10_FLR_3 VAV BOX OUTLET NODE temperature [C] iteration history trace (most recent first): 18.627991,18.627984,18.627985,18.627986,18.627988,18.627991,18.627984,18.627985,18.627986,18.627988,
   **   ~~~   ** Node named PATROOM4_FLR_3 VAV BOX OUTLET NODE shows oscillating temperatures across iterations with a repeated value of 20.024493
   **   ~~~   ** Node named PATROOM4_FLR_3 VAV BOX OUTLET NODE temperature [C] iteration history trace (most recent first): 20.024493,20.024485,20.024485,20.024487,20.024489,20.024493,20.024485,20.024485,20.024487,20.024489,
   **   ~~~   ** Node named PATROOM5_MULT10_FLR_3 VAV BOX OUTLET NODE shows oscillating temperatures across iterations with a repeated value of 18.404578
   **   ~~~   ** Node named PATROOM5_MULT10_FLR_3 VAV BOX OUTLET NODE temperature [C] iteration history trace (most recent first): 18.404578,18.404571,18.404572,18.404573,18.404575,18.404578,18.404571,18.404572,18.404573,18.404575,
   **   ~~~   ** Node named PATROOM6_FLR_3 VAV BOX OUTLET NODE shows oscillating temperatures across iterations with a repeated value of 20.059168
   **   ~~~   ** Node named PATROOM6_FLR_3 VAV BOX OUTLET NODE temperature [C] iteration history trace (most recent first): 20.059168,20.059160,20.059161,20.059162,20.059164,20.059168,20.059160,20.059161,20.059162,20.059164,
   **   ~~~   ** Node named PATROOM7_MULT10_FLR_3 VAV BOX OUTLET NODE shows oscillating temperatures across iterations with a repeated value of 17.909599
   **   ~~~   ** Node named PATROOM7_MULT10_FLR_3 VAV BOX OUTLET NODE temperature [C] iteration history trace (most recent first): 17.909599,17.909593,17.909593,17.909594,17.909596,17.909599,17.909593,17.909593,17.909594,17.909596,
   **   ~~~   ** Node named PATROOM8_FLR_3 VAV BOX OUTLET NODE shows oscillating temperatures across iterations with a repeated value of 19.867299
   **   ~~~   ** Node named PATROOM8_FLR_3 VAV BOX OUTLET NODE temperature [C] iteration history trace (most recent first): 19.867299,19.867291,19.867291,19.867293,19.867295,19.867299,19.867291,19.867291,19.867293,19.867295,
   **   ~~~   ** Node named LAB_FLR_3 VAV BOX OUTLET NODE shows oscillating temperatures across iterations with a repeated value of 13.791242
   **   ~~~   ** Node named LAB_FLR_3 VAV BOX OUTLET NODE temperature [C] iteration history trace (most recent first): 13.791242,13.791237,13.791238,13.791238,13.791240,13.791242,13.791237,13.791238,13.791238,13.791240,
   **   ~~~   ** Node named PATROOM1_MULT10_FLR_4 VAV BOX OUTLET NODE shows oscillating temperatures across iterations with a repeated value of 18.664343
   **   ~~~   ** Node named PATROOM1_MULT10_FLR_4 VAV BOX OUTLET NODE temperature [C] iteration history trace (most recent first): 18.664343,18.664337,18.664337,18.664338,18.664340,18.664343,18.664337,18.664337,18.664338,18.664340,
   **   ~~~   ** Node named PATROOM2_FLR_4 VAV BOX OUTLET NODE shows oscillating temperatures across iterations with a repeated value of 20.259782
   **   ~~~   ** Node named PATROOM2_FLR_4 VAV BOX OUTLET NODE temperature [C] iteration history trace (most recent first): 20.259782,20.259773,20.259774,20.259775,20.259778,20.259782,20.259773,20.259774,20.259775,20.259778,
   **   ~~~   ** Node named PATROOM3_MULT10_FLR_4 VAV BOX OUTLET NODE shows oscillating temperatures across iterations with a repeated value of 18.646486
   **   ~~~   ** Node named PATROOM3_MULT10_FLR_4 VAV BOX OUTLET NODE temperature [C] iteration history trace (most recent first): 18.646486,18.646480,18.646480,18.646481,18.646483,18.646486,18.646480,18.646480,18.646481,18.646483,
   **   ~~~   ** Node named PATROOM4_FLR_4 VAV BOX OUTLET NODE shows oscillating temperatures across iterations with a repeated value of 20.060198
   **   ~~~   ** Node named PATROOM4_FLR_4 VAV BOX OUTLET NODE temperature [C] iteration history trace (most recent first): 20.060198,20.060190,20.060190,20.060192,20.060194,20.060198,20.060190,20.060190,20.060192,20.060194,
   **   ~~~   ** Node named PATROOM5_MULT10_FLR_4 VAV BOX OUTLET NODE shows oscillating temperatures across iterations with a repeated value of 18.459887
   **   ~~~   ** Node named PATROOM5_MULT10_FLR_4 VAV BOX OUTLET NODE temperature [C] iteration history trace (most recent first): 18.459887,18.459880,18.459881,18.459882,18.459884,18.459887,18.459880,18.459881,18.459882,18.459884,
   **   ~~~   ** Node named PATROOM6_FLR_4 VAV BOX OUTLET NODE shows oscillating temperatures across iterations with a repeated value of 20.098571
   **   ~~~   ** Node named PATROOM6_FLR_4 VAV BOX OUTLET NODE temperature [C] iteration history trace (most recent first): 20.098571,20.098563,20.098564,20.098565,20.098567,20.098571,20.098563,20.098564,20.098565,20.098567,
   **   ~~~   ** Node named PATROOM7_MULT10_FLR_4 VAV BOX OUTLET NODE shows oscillating temperatures across iterations with a repeated value of 17.964566
   **   ~~~   ** Node named PATROOM7_MULT10_FLR_4 VAV BOX OUTLET NODE temperature [C] iteration history trace (most recent first): 17.964566,17.964560,17.964560,17.964561,17.964563,17.964566,17.964560,17.964560,17.964561,17.964563,
   **   ~~~   ** Node named PATROOM8_FLR_4 VAV BOX OUTLET NODE shows oscillating temperatures across iterations with a repeated value of 19.905043
   **   ~~~   ** Node named PATROOM8_FLR_4 VAV BOX OUTLET NODE temperature [C] iteration history trace (most recent first): 19.905043,19.905035,19.905036,19.905037,19.905040,19.905043,19.905035,19.905036,19.905037,19.905040,
   **   ~~~   ** Node named LAB_FLR_4 VAV BOX OUTLET NODE shows oscillating temperatures across iterations with a repeated value of 13.659274
   **   ~~~   ** Node named LAB_FLR_4 VAV BOX OUTLET NODE temperature [C] iteration history trace (most recent first): 13.659274,13.659269,13.659270,13.659270,13.659272,13.659274,13.659269,13.659270,13.659270,13.659272,
   **   ~~~   ** Node named OFFICE1_FLR_5 VAV BOX OUTLET NODE shows oscillating temperatures across iterations with a repeated value of 25.351505
   **   ~~~   ** Node named OFFICE1_FLR_5 VAV BOX OUTLET NODE temperature [C] iteration history trace (most recent first): 25.351505,25.351493,25.351494,25.351496,25.351499,25.351505,25.351493,25.351494,25.351496,25.351499,
   **   ~~~   ** Node named OFFICE3_FLR_5 VAV BOX OUTLET NODE shows oscillating temperatures across iterations with a repeated value of 24.739536
   **   ~~~   ** Node named OFFICE3_FLR_5 VAV BOX OUTLET NODE temperature [C] iteration history trace (most recent first): 24.739536,24.739525,24.739526,24.739528,24.739531,24.739536,24.739525,24.739526,24.739528,24.739531,
   **   ~~~   ** Node named OFFICE4_MULT6_FLR_5 VAV BOX OUTLET NODE shows oscillating temperatures across iterations with a repeated value of 24.265836
   **   ~~~   ** Node named OFFICE4_MULT6_FLR_5 VAV BOX OUTLET NODE temperature [C] iteration history trace (most recent first): 24.265836,24.265825,24.265826,24.265828,24.265831,24.265836,24.265825,24.265826,24.265828,24.265831,
   **   ~~~   ** Plant System Named = TOWERWATERSYS did not converge for temperature
   **   ~~~   ** Check values should be zero. Most Recent values listed first.
   **   ~~~   ** Demand-to-Supply interface temperature check value iteration history trace: 0.122655,0.183132,0.197620,0.176613,0.209764,0.160256,0.236106,0.124336,0.183989,0.198304,
   **   ~~~   ** Supply-to-Demand interface temperature check value iteration history trace: 0.289185,0.150155,0.224305,0.241530,0.215394,0.255987,0.196190,0.287833,0.150858,0.223713,
   **   ~~~   ** Node named TOWERWATERSYS DEMAND INLET NODE shows monotonically decreasing temperatures with a trend rate across iterations of -6.34799E-002 [C/iteration]
   **   ~~~   ** Node named TOWERWATERSYS DEMAND INLET NODE temperature [C] iteration history trace (most recent first): 20.77678,20.91581,20.93303,20.97363,21.06527,
   **   ~~~   ** Node named TOWERWATERSYS SUPPLY OUTLET NODE shows monotonically decreasing temperatures with a trend rate across iterations of -7.74215E-002 [C/iteration]
   **   ~~~   ** Node named TOWERWATERSYS SUPPLY OUTLET NODE temperature [C] iteration history trace (most recent first): 20.74443,20.91399,20.93500,20.98451,21.09628,
   ** Warning ** SimHVAC: Maximum iterations (20) exceeded for all HVAC loops, at RUNPERIOD 1, 12/09 13:10 - 13:20
   **   ~~~   ** The solution for one or more of the Air Loop HVAC systems did not appear to converge
   **   ~~~   ** Air System Named = VAV_1 did not converge for mass flow rate
   **   ~~~   ** Check values should be zero. Most Recent values listed first.
   **   ~~~   ** Demand-to-Supply interface mass flow rate check value iteration history trace: 0.361676,1.167136E-002,5.744199E-002,0.430789,0.361676,1.167163E-002,5.744577E-002,0.430789,0.361671,1.167161E-002,
   **   ~~~   ** Supply-to-demand interface deck 1 mass flow rate check value iteration history trace: 0.000000,0.000000,0.000000,0.000000,0.000000,0.000000,0.000000,0.000000,0.000000,0.000000,
   **   ~~~   ** Air System Named = VAV_1 did not converge for temperature
   **   ~~~   ** Check values should be zero. Most Recent values listed first.
   **   ~~~   ** Demand-to-Supply interface temperature check value iteration history trace: 1.964748E-002,6.602793E-004,3.274710E-003,2.358247E-002,1.964749E-002,6.602944E-004,3.274927E-003,2.358246E-002,1.964724E-002,6.602935E-004,
   **   ~~~   ** Supply-to-demand interface deck 1 temperature check value iteration history trace: 0.387087,1.311242E-002,6.507771E-002,0.465277,0.387087,1.311272E-002,6.508204E-002,0.465277,0.387083,1.311270E-002,
   **   ~~~   ** Air System Named = VAV_1 did not converge for energy
   **   ~~~   ** Check values should be zero. Most Recent values listed first.
   **   ~~~   ** Demand-to-Supply interface energy check value iteration history trace: 8722.320295,281.471127,1385.293720,10389.083179,8722.322254,281.477520,1385.384789,10389.071101,8722.208559,281.477142,
   **   ~~~   ** Supply-to-demand interface deck 1 energy check value iteration history trace: 3512.238533,118.821828,585.963505,-4390.791163,3512.239371,118.824529,586.002165,-4390.788984,3512.195696,118.824369,
   **   ~~~   ** Node named BASEMENT VAV BOX OUTLET NODE shows oscillating humidity ratio across iterations with a repeated value of 5.397607E-003
   **   ~~~   ** Node named BASEMENT VAV BOX OUTLET NODE humidity ratio [kg-water/kg-dryair] iteration history trace (most recent first): 5.397607E-003,5.398133E-003,5.397607E-003,5.398133E-003,5.397607E-003,5.398133E-003,5.397607E-003,5.398133E-003,5.397607E-003,5.398133E-003,
   **   ~~~   ** Node named BASEMENT VAV BOX OUTLET NODE shows oscillating mass flow rate across iterations with a repeated value of 3.301008
   **   ~~~   ** Node named BASEMENT VAV BOX OUTLET NODE mass flow rate [kg/s] iteration history trace (most recent first): 3.301008,3.143862,3.301008,3.143862,3.301008,3.143862,3.301008,3.143862,3.301008,3.143862,
   **   ~~~   ** Node named BASEMENT VAV BOX OUTLET NODE shows oscillating temperatures across iterations with a repeated value of 15.993600
   **   ~~~   ** Node named BASEMENT VAV BOX OUTLET NODE temperature [C] iteration history trace (most recent first): 15.993600,15.593400,15.993600,15.593400,15.993600,15.593400,15.993600,15.593400,15.993600,15.593400,
   **   ~~~   ** Node named ER_EXAM1_MULT4_FLR_1 VAV BOX OUTLET NODE shows oscillating temperatures across iterations with a repeated value of 19.912323
   **   ~~~   ** Node named ER_EXAM1_MULT4_FLR_1 VAV BOX OUTLET NODE temperature [C] iteration history trace (most recent first): 19.912323,19.912150,19.912323,19.912150,19.912323,19.912150,19.912323,19.912150,19.912323,19.912150,
   **   ~~~   ** Node named ER_TRAUMA1_FLR_1 VAV BOX OUTLET NODE shows oscillating temperatures across iterations with a repeated value of 19.426945
   **   ~~~   ** Node named ER_TRAUMA1_FLR_1 VAV BOX OUTLET NODE temperature [C] iteration history trace (most recent first): 19.426945,19.426783,19.426945,19.426783,19.426945,19.426783,19.426945,19.426783,19.426945,19.426783,
   **   ~~~   ** Node named ER_EXAM3_MULT4_FLR_1 VAV BOX OUTLET NODE shows oscillating temperatures across iterations with a repeated value of 19.761855
   **   ~~~   ** Node named ER_EXAM3_MULT4_FLR_1 VAV BOX OUTLET NODE temperature [C] iteration history trace (most recent first): 19.761855,19.761685,19.761855,19.761685,19.761855,19.761685,19.761855,19.761685,19.761855,19.761684,
   **   ~~~   ** Node named ER_TRAUMA2_FLR_1 VAV BOX OUTLET NODE shows oscillating temperatures across iterations with a repeated value of 19.427970
   **   ~~~   ** Node named ER_TRAUMA2_FLR_1 VAV BOX OUTLET NODE temperature [C] iteration history trace (most recent first): 19.427970,19.427809,19.427970,19.427809,19.427970,19.427809,19.427970,19.427809,19.427970,19.427809,
   **   ~~~   ** Node named ER_TRIAGE_MULT4_FLR_1 VAV BOX OUTLET NODE shows oscillating temperatures across iterations with a repeated value of 19.699989
   **   ~~~   ** Node named ER_TRIAGE_MULT4_FLR_1 VAV BOX OUTLET NODE temperature [C] iteration history trace (most recent first): 19.699989,19.699821,19.699989,19.699821,19.699989,19.699821,19.699989,19.699821,19.699989,19.699820,
   **   ~~~   ** Node named OFFICE1_MULT4_FLR_1 VAV BOX OUTLET NODE shows oscillating humidity ratio across iterations with a repeated value of 5.397607E-003
   **   ~~~   ** Node named OFFICE1_MULT4_FLR_1 VAV BOX OUTLET NODE humidity ratio [kg-water/kg-dryair] iteration history trace (most recent first): 5.397607E-003,5.398133E-003,5.397607E-003,5.398133E-003,5.397607E-003,5.398133E-003,5.397607E-003,5.398133E-003,5.397607E-003,5.398133E-003,
   **   ~~~   ** Node named OFFICE1_MULT4_FLR_1 VAV BOX OUTLET NODE shows oscillating temperatures across iterations with a repeated value of 21.753576
   **   ~~~   ** Node named OFFICE1_MULT4_FLR_1 VAV BOX OUTLET NODE temperature [C] iteration history trace (most recent first): 21.753576,21.747100,21.753576,21.747100,21.753576,21.747100,21.753576,21.747100,21.753576,21.747100,
   **   ~~~   ** Node named LOBBY_RECORDS_FLR_1 VAV BOX OUTLET NODE shows oscillating humidity ratio across iterations with a repeated value of 5.397607E-003
   **   ~~~   ** Node named LOBBY_RECORDS_FLR_1 VAV BOX OUTLET NODE humidity ratio [kg-water/kg-dryair] iteration history trace (most recent first): 5.397607E-003,5.398133E-003,5.397607E-003,5.398133E-003,5.397607E-003,5.398133E-003,5.397607E-003,5.398133E-003,5.397607E-003,5.398133E-003,
   **   ~~~   ** Node named LOBBY_RECORDS_FLR_1 VAV BOX OUTLET NODE shows oscillating temperatures across iterations with a repeated value of 20.655686
   **   ~~~   ** Node named LOBBY_RECORDS_FLR_1 VAV BOX OUTLET NODE temperature [C] iteration history trace (most recent first): 20.655686,20.632854,20.655686,20.632854,20.655686,20.632854,20.655686,20.632854,20.655686,20.632854,
   **   ~~~   ** Node named CORRIDOR_FLR_1 VAV BOX OUTLET NODE shows oscillating humidity ratio across iterations with a repeated value of 5.397607E-003
   **   ~~~   ** Node named CORRIDOR_FLR_1 VAV BOX OUTLET NODE humidity ratio [kg-water/kg-dryair] iteration history trace (most recent first): 5.397607E-003,5.398133E-003,5.397607E-003,5.398133E-003,5.397607E-003,5.398133E-003,5.397607E-003,5.398133E-003,5.397607E-003,5.398133E-003,
   **   ~~~   ** Node named CORRIDOR_FLR_1 VAV BOX OUTLET NODE shows oscillating temperatures across iterations with a repeated value of 15.993600
   **   ~~~   ** Node named CORRIDOR_FLR_1 VAV BOX OUTLET NODE temperature [C] iteration history trace (most recent first): 15.993600,15.593400,15.993600,15.593400,15.993600,15.593400,15.993600,15.593400,15.993600,15.593400,
   **   ~~~   ** Node named ER_NURSESTN_LOBBY_FLR_1 VAV BOX OUTLET NODE shows oscillating humidity ratio across iterations with a repeated value of 5.397607E-003
   **   ~~~   ** Node named ER_NURSESTN_LOBBY_FLR_1 VAV BOX OUTLET NODE humidity ratio [kg-water/kg-dryair] iteration history trace (most recent first): 5.397607E-003,5.398133E-003,5.397607E-003,5.398133E-003,5.397607E-003,5.398133E-003,5.397607E-003,5.398133E-003,5.397607E-003,5.398133E-003,
   **   ~~~   ** Node named ER_NURSESTN_LOBBY_FLR_1 VAV BOX OUTLET NODE shows oscillating mass flow rate across iterations with a repeated value of 1.685148
   **   ~~~   ** Node named ER_NURSESTN_LOBBY_FLR_1 VAV BOX OUTLET NODE mass flow rate [kg/s] iteration history trace (most recent first): 1.685148,1.604927,1.685148,1.604927,1.685148,1.604927,1.685148,1.604927,1.685148,1.604927,
   **   ~~~   ** Node named ER_NURSESTN_LOBBY_FLR_1 VAV BOX OUTLET NODE shows oscillating temperatures across iterations with a repeated value of 15.993600
   **   ~~~   ** Node named ER_NURSESTN_LOBBY_FLR_1 VAV BOX OUTLET NODE temperature [C] iteration history trace (most recent first): 15.993600,15.593400,15.993600,15.593400,15.993600,15.593400,15.993600,15.593400,15.993600,15.593400,
   **   ~~~   ** Node named OR1_FLR_2 VAV BOX OUTLET NODE shows oscillating temperatures across iterations with a repeated value of 20.031129
   **   ~~~   ** Node named OR1_FLR_2 VAV BOX OUTLET NODE temperature [C] iteration history trace (most recent first): 20.031129,20.030952,20.031129,20.030952,20.031129,20.030952,20.031129,20.030952,20.031129,20.030952,
   **   ~~~   ** Node named OR2_MULT5_FLR_2 VAV BOX OUTLET NODE shows oscillating temperatures across iterations with a repeated value of 19.637069
   **   ~~~   ** Node named OR2_MULT5_FLR_2 VAV BOX OUTLET NODE temperature [C] iteration history trace (most recent first): 19.637069,19.636901,19.637069,19.636901,19.637069,19.636901,19.637069,19.636901,19.637069,19.636901,
   **   ~~~   ** Node named OR3_FLR_2 VAV BOX OUTLET NODE shows oscillating temperatures across iterations with a repeated value of 19.748301
   **   ~~~   ** Node named OR3_FLR_2 VAV BOX OUTLET NODE temperature [C] iteration history trace (most recent first): 19.748301,19.748130,19.748301,19.748130,19.748301,19.748130,19.748301,19.748130,19.748301,19.748130,
   **   ~~~   ** Node named OR4_FLR_2 VAV BOX OUTLET NODE shows oscillating temperatures across iterations with a repeated value of 19.362398
   **   ~~~   ** Node named OR4_FLR_2 VAV BOX OUTLET NODE temperature [C] iteration history trace (most recent first): 19.362398,19.362236,19.362398,19.362236,19.362398,19.362236,19.362398,19.362236,19.362398,19.362236,
   **   ~~~   ** Node named IC_PATROOM1_MULT5_FLR_2 VAV BOX OUTLET NODE shows oscillating temperatures across iterations with a repeated value of 18.933081
   **   ~~~   ** Node named IC_PATROOM1_MULT5_FLR_2 VAV BOX OUTLET NODE temperature [C] iteration history trace (most recent first): 18.933081,18.932932,18.933081,18.932932,18.933081,18.932932,18.933081,18.932932,18.933081,18.932931,
   **   ~~~   ** Node named IC_PATROOM2_FLR_2 VAV BOX OUTLET NODE shows oscillating temperatures across iterations with a repeated value of 19.821169
   **   ~~~   ** Node named IC_PATROOM2_FLR_2 VAV BOX OUTLET NODE temperature [C] iteration history trace (most recent first): 19.821169,19.820999,19.821169,19.820999,19.821169,19.820999,19.821169,19.820999,19.821169,19.820999,
   **   ~~~   ** Node named IC_PATROOM3_MULT6_FLR_2 VAV BOX OUTLET NODE shows oscillating temperatures across iterations with a repeated value of 18.708041
   **   ~~~   ** Node named IC_PATROOM3_MULT6_FLR_2 VAV BOX OUTLET NODE temperature [C] iteration history trace (most recent first): 18.708041,18.707898,18.708041,18.707898,18.708041,18.707898,18.708041,18.707898,18.708041,18.707898,
   **   ~~~   ** Node named ICU_FLR_2 VAV BOX OUTLET NODE shows oscillating temperatures across iterations with a repeated value of 17.963904
   **   ~~~   ** Node named ICU_FLR_2 VAV BOX OUTLET NODE temperature [C] iteration history trace (most recent first): 17.963904,17.963778,17.963904,17.963778,17.963904,17.963778,17.963904,17.963778,17.963904,17.963778,
   **   ~~~   ** Node named ICU_NURSESTN_LOBBY_FLR_2 VAV BOX OUTLET NODE shows oscillating humidity ratio across iterations with a repeated value of 5.397607E-003
   **   ~~~   ** Node named ICU_NURSESTN_LOBBY_FLR_2 VAV BOX OUTLET NODE humidity ratio [kg-water/kg-dryair] iteration history trace (most recent first): 5.397607E-003,5.398133E-003,5.397607E-003,5.398133E-003,5.397607E-003,5.398133E-003,5.397607E-003,5.398133E-003,5.397607E-003,5.398133E-003,
   **   ~~~   ** Node named ICU_NURSESTN_LOBBY_FLR_2 VAV BOX OUTLET NODE shows oscillating mass flow rate across iterations with a repeated value of 1.690804
   **   ~~~   ** Node named ICU_NURSESTN_LOBBY_FLR_2 VAV BOX OUTLET NODE mass flow rate [kg/s] iteration history trace (most recent first): 1.690804,1.610313,1.690804,1.610313,1.690804,1.610313,1.690804,1.610313,1.690804,1.610313,
   **   ~~~   ** Node named ICU_NURSESTN_LOBBY_FLR_2 VAV BOX OUTLET NODE shows oscillating temperatures across iterations with a repeated value of 15.993600
   **   ~~~   ** Node named ICU_NURSESTN_LOBBY_FLR_2 VAV BOX OUTLET NODE temperature [C] iteration history trace (most recent first): 15.993600,15.593400,15.993600,15.593400,15.993600,15.593400,15.993600,15.593400,15.993600,15.593400,
   **   ~~~   ** Node named CORRIDOR_FLR_2 VAV BOX OUTLET NODE shows oscillating humidity ratio across iterations with a repeated value of 5.397607E-003
   **   ~~~   ** Node named CORRIDOR_FLR_2 VAV BOX OUTLET NODE humidity ratio [kg-water/kg-dryair] iteration history trace (most recent first): 5.397607E-003,5.398133E-003,5.397607E-003,5.398133E-003,5.397607E-003,5.398133E-003,5.397607E-003,5.398133E-003,5.397607E-003,5.398133E-003,
   **   ~~~   ** Node named CORRIDOR_FLR_2 VAV BOX OUTLET NODE shows oscillating temperatures across iterations with a repeated value of 18.347031
   **   ~~~   ** Node named CORRIDOR_FLR_2 VAV BOX OUTLET NODE temperature [C] iteration history trace (most recent first): 18.347031,18.348721,18.347031,18.348721,18.347031,18.348721,18.347031,18.348721,18.347031,18.348721,
   **   ~~~   ** Node named OR_NURSESTN_LOBBY_FLR_2 VAV BOX OUTLET NODE shows oscillating humidity ratio across iterations with a repeated value of 5.397607E-003
   **   ~~~   ** Node named OR_NURSESTN_LOBBY_FLR_2 VAV BOX OUTLET NODE humidity ratio [kg-water/kg-dryair] iteration history trace (most recent first): 5.397607E-003,5.398133E-003,5.397607E-003,5.398133E-003,5.397607E-003,5.398133E-003,5.397607E-003,5.398133E-003,5.397607E-003,5.398133E-003,
   **   ~~~   ** Node named OR_NURSESTN_LOBBY_FLR_2 VAV BOX OUTLET NODE shows oscillating mass flow rate across iterations with a repeated value of 1.165590
   **   ~~~   ** Node named OR_NURSESTN_LOBBY_FLR_2 VAV BOX OUTLET NODE mass flow rate [kg/s] iteration history trace (most recent first): 1.165590,1.110102,1.165590,1.110102,1.165590,1.110102,1.165590,1.110102,1.165590,1.110102,
   **   ~~~   ** Node named OR_NURSESTN_LOBBY_FLR_2 VAV BOX OUTLET NODE shows oscillating temperatures across iterations with a repeated value of 15.993600
   **   ~~~   ** Node named OR_NURSESTN_LOBBY_FLR_2 VAV BOX OUTLET NODE temperature [C] iteration history trace (most recent first): 15.993600,15.593400,15.993600,15.593400,15.993600,15.593400,15.993600,15.593400,15.993600,15.593400,
   **   ~~~   ** Node named PATROOM1_MULT10_FLR_3 VAV BOX OUTLET NODE shows oscillating temperatures across iterations with a repeated value of 19.072014
   **   ~~~   ** Node named PATROOM1_MULT10_FLR_3 VAV BOX OUTLET NODE temperature [C] iteration history trace (most recent first): 19.072014,19.071863,19.072014,19.071863,19.072014,19.071863,19.072014,19.071863,19.072014,19.071863,
   **   ~~~   ** Node named PATROOM2_FLR_3 VAV BOX OUTLET NODE shows oscillating temperatures across iterations with a repeated value of 20.743760
   **   ~~~   ** Node named PATROOM2_FLR_3 VAV BOX OUTLET NODE temperature [C] iteration history trace (most recent first): 20.743760,20.743570,20.743760,20.743570,20.743760,20.743570,20.743760,20.743570,20.743760,20.743570,
   **   ~~~   ** Node named PATROOM3_MULT10_FLR_3 VAV BOX OUTLET NODE shows oscillating temperatures across iterations with a repeated value of 18.894025
   **   ~~~   ** Node named PATROOM3_MULT10_FLR_3 VAV BOX OUTLET NODE temperature [C] iteration history trace (most recent first): 18.894025,18.893878,18.894025,18.893878,18.894025,18.893878,18.894025,18.893878,18.894025,18.893878,
   **   ~~~   ** Node named PATROOM4_FLR_3 VAV BOX OUTLET NODE shows oscillating temperatures across iterations with a repeated value of 20.370803
   **   ~~~   ** Node named PATROOM4_FLR_3 VAV BOX OUTLET NODE temperature [C] iteration history trace (most recent first): 20.370803,20.370621,20.370803,20.370621,20.370803,20.370621,20.370803,20.370621,20.370803,20.370621,
   **   ~~~   ** Node named PATROOM5_MULT10_FLR_3 VAV BOX OUTLET NODE shows oscillating temperatures across iterations with a repeated value of 18.668368
   **   ~~~   ** Node named PATROOM5_MULT10_FLR_3 VAV BOX OUTLET NODE temperature [C] iteration history trace (most recent first): 18.668368,18.668227,18.668368,18.668227,18.668368,18.668227,18.668368,18.668227,18.668368,18.668227,
   **   ~~~   ** Node named PATROOM6_FLR_3 VAV BOX OUTLET NODE shows oscillating temperatures across iterations with a repeated value of 20.683767
   **   ~~~   ** Node named PATROOM6_FLR_3 VAV BOX OUTLET NODE temperature [C] iteration history trace (most recent first): 20.683767,20.683579,20.683767,20.683579,20.683767,20.683579,20.683767,20.683579,20.683767,20.683579,
   **   ~~~   ** Node named PATROOM7_MULT10_FLR_3 VAV BOX OUTLET NODE shows oscillating temperatures across iterations with a repeated value of 18.285395
   **   ~~~   ** Node named PATROOM7_MULT10_FLR_3 VAV BOX OUTLET NODE temperature [C] iteration history trace (most recent first): 18.285395,18.285263,18.285395,18.285263,18.285395,18.285263,18.285395,18.285263,18.285395,18.285263,
   **   ~~~   ** Node named PATROOM8_FLR_3 VAV BOX OUTLET NODE shows oscillating temperatures across iterations with a repeated value of 20.348695
   **   ~~~   ** Node named PATROOM8_FLR_3 VAV BOX OUTLET NODE temperature [C] iteration history trace (most recent first): 20.348695,20.348515,20.348695,20.348515,20.348695,20.348515,20.348695,20.348515,20.348695,20.348515,
   **   ~~~   ** Node named LAB_FLR_3 VAV BOX OUTLET NODE shows oscillating temperatures across iterations with a repeated value of 13.890756
   **   ~~~   ** Node named LAB_FLR_3 VAV BOX OUTLET NODE temperature [C] iteration history trace (most recent first): 13.890756,13.890637,13.890756,13.890637,13.890756,13.890637,13.890756,13.890637,13.890756,13.890637,
   **   ~~~   ** Node named PATROOM1_MULT10_FLR_4 VAV BOX OUTLET NODE shows oscillating temperatures across iterations with a repeated value of 19.130709
   **   ~~~   ** Node named PATROOM1_MULT10_FLR_4 VAV BOX OUTLET NODE temperature [C] iteration history trace (most recent first): 19.130709,19.130557,19.130709,19.130557,19.130709,19.130557,19.130709,19.130557,19.130709,19.130557,
   **   ~~~   ** Node named PATROOM2_FLR_4 VAV BOX OUTLET NODE shows oscillating temperatures across iterations with a repeated value of 20.783414
   **   ~~~   ** Node named PATROOM2_FLR_4 VAV BOX OUTLET NODE temperature [C] iteration history trace (most recent first): 20.783414,20.783223,20.783414,20.783223,20.783414,20.783223,20.783414,20.783223,20.783414,20.783223,
   **   ~~~   ** Node named PATROOM3_MULT10_FLR_4 VAV BOX OUTLET NODE shows oscillating temperatures across iterations with a repeated value of 18.913353
   **   ~~~   ** Node named PATROOM3_MULT10_FLR_4 VAV BOX OUTLET NODE temperature [C] iteration history trace (most recent first): 18.913353,18.913205,18.913353,18.913205,18.913353,18.913205,18.913353,18.913205,18.913353,18.913205,
   **   ~~~   ** Node named PATROOM4_FLR_4 VAV BOX OUTLET NODE shows oscillating temperatures across iterations with a repeated value of 20.489186
   **   ~~~   ** Node named PATROOM4_FLR_4 VAV BOX OUTLET NODE temperature [C] iteration history trace (most recent first): 20.489186,20.489002,20.489186,20.489002,20.489186,20.489002,20.489186,20.489002,20.489186,20.489002,
   **   ~~~   ** Node named PATROOM5_MULT10_FLR_4 VAV BOX OUTLET NODE shows oscillating temperatures across iterations with a repeated value of 18.724877
   **   ~~~   ** Node named PATROOM5_MULT10_FLR_4 VAV BOX OUTLET NODE temperature [C] iteration history trace (most recent first): 18.724877,18.724735,18.724877,18.724735,18.724877,18.724735,18.724877,18.724735,18.724877,18.724735,
   **   ~~~   ** Node named PATROOM6_FLR_4 VAV BOX OUTLET NODE shows oscillating temperatures across iterations with a repeated value of 20.726631
   **   ~~~   ** Node named PATROOM6_FLR_4 VAV BOX OUTLET NODE temperature [C] iteration history trace (most recent first): 20.726631,20.726442,20.726631,20.726442,20.726631,20.726442,20.726631,20.726442,20.726631,20.726442,
   **   ~~~   ** Node named PATROOM7_MULT10_FLR_4 VAV BOX OUTLET NODE shows oscillating temperatures across iterations with a repeated value of 18.302746
   **   ~~~   ** Node named PATROOM7_MULT10_FLR_4 VAV BOX OUTLET NODE temperature [C] iteration history trace (most recent first): 18.302746,18.302613,18.302746,18.302613,18.302746,18.302613,18.302746,18.302613,18.302746,18.302613,
   **   ~~~   ** Node named PATROOM8_FLR_4 VAV BOX OUTLET NODE shows oscillating temperatures across iterations with a repeated value of 20.389031
   **   ~~~   ** Node named PATROOM8_FLR_4 VAV BOX OUTLET NODE temperature [C] iteration history trace (most recent first): 20.389031,20.388850,20.389031,20.388850,20.389031,20.388850,20.389031,20.388850,20.389031,20.388850,
   **   ~~~   ** Node named LAB_FLR_4 VAV BOX OUTLET NODE shows oscillating temperatures across iterations with a repeated value of 13.727800
   **   ~~~   ** Node named LAB_FLR_4 VAV BOX OUTLET NODE temperature [C] iteration history trace (most recent first): 13.727800,13.727685,13.727800,13.727685,13.727800,13.727685,13.727800,13.727685,13.727800,13.727685,
   **   ~~~   ** Node named DINING_FLR_5 VAV BOX OUTLET NODE shows oscillating temperatures across iterations with a repeated value of 16.382089
   **   ~~~   ** Node named DINING_FLR_5 VAV BOX OUTLET NODE temperature [C] iteration history trace (most recent first): 16.382089,16.382069,16.382089,16.382069,16.382089,16.382069,16.382089,16.382069,16.382089,16.382069,
   **   ~~~   ** Node named OFFICE1_FLR_5 VAV BOX OUTLET NODE shows oscillating temperatures across iterations with a repeated value of 27.363127
   **   ~~~   ** Node named OFFICE1_FLR_5 VAV BOX OUTLET NODE temperature [C] iteration history trace (most recent first): 27.363127,27.362833,27.363127,27.362833,27.363127,27.362833,27.363127,27.362833,27.363127,27.362833,
   **   ~~~   ** Node named OFFICE2_MULT5_FLR_5 VAV BOX OUTLET NODE shows oscillating temperatures across iterations with a repeated value of 17.987463
   **   ~~~   ** Node named OFFICE2_MULT5_FLR_5 VAV BOX OUTLET NODE temperature [C] iteration history trace (most recent first): 17.987463,17.987404,17.987463,17.987404,17.987463,17.987404,17.987463,17.987404,17.987463,17.987404,
   **   ~~~   ** Node named OFFICE3_FLR_5 VAV BOX OUTLET NODE shows oscillating temperatures across iterations with a repeated value of 26.304400
   **   ~~~   ** Node named OFFICE3_FLR_5 VAV BOX OUTLET NODE temperature [C] iteration history trace (most recent first): 26.304400,26.304132,26.304400,26.304132,26.304400,26.304132,26.304400,26.304132,26.304400,26.304132,
   **   ~~~   ** Node named OFFICE4_MULT6_FLR_5 VAV BOX OUTLET NODE shows oscillating temperatures across iterations with a repeated value of 25.391794
   **   ~~~   ** Node named OFFICE4_MULT6_FLR_5 VAV BOX OUTLET NODE temperature [C] iteration history trace (most recent first): 25.391794,25.391549,25.391794,25.391549,25.391794,25.391549,25.391794,25.391549,25.391794,25.391549,
   **   ~~~   ** Plant System Named = HEAT RECOVERY WATER LOOP did not converge for temperature
   **   ~~~   ** Check values should be zero. Most Recent values listed first.
   **   ~~~   ** Demand-to-Supply interface temperature check value iteration history trace: 0.100292,3.370844E-002,0.100016,3.357017E-002,0.100308,3.391405E-002,0.100246,3.364704E-002,0.100731,3.360894E-002,
   **   ~~~   ** Supply-to-Demand interface temperature check value iteration history trace: 7.423091E-002,3.709547E-002,7.433926E-002,3.688562E-002,7.424311E-002,3.694311E-002,7.450993E-002,3.682784E-002,7.455601E-002,3.717059E-002,
   ** Warning ** SimHVAC: Maximum iterations (20) exceeded for all HVAC loops, at RUNPERIOD 1, 12/09 13:20 - 13:30
   **   ~~~   ** The solution for one or more of the Air Loop HVAC systems did not appear to converge
   **   ~~~   ** Air System Named = VAV_1 did not converge for mass flow rate
   **   ~~~   ** Check values should be zero. Most Recent values listed first.
   **   ~~~   ** Demand-to-Supply interface mass flow rate check value iteration history trace: 0.252943,0.291250,1.292151E-002,2.538554E-002,0.252943,0.291250,1.292152E-002,2.538555E-002,0.252943,0.291250,
   **   ~~~   ** Supply-to-demand interface deck 1 mass flow rate check value iteration history trace: 0.000000,0.000000,0.000000,0.000000,0.000000,0.000000,0.000000,0.000000,0.000000,0.000000,
   **   ~~~   ** Air System Named = VAV_1 did not converge for temperature
   **   ~~~   ** Check values should be zero. Most Recent values listed first.
   **   ~~~   ** Demand-to-Supply interface temperature check value iteration history trace: 1.477498E-002,1.694051E-002,7.284076E-004,1.437115E-003,1.477498E-002,1.694050E-002,7.284077E-004,1.437115E-003,1.477498E-002,1.694051E-002,
   **   ~~~   ** Supply-to-demand interface deck 1 temperature check value iteration history trace: 0.296079,0.339178,1.448866E-002,2.861092E-002,0.296079,0.339178,1.448866E-002,2.861092E-002,0.296079,0.339178,
   **   ~~~   ** Air System Named = VAV_1 did not converge for energy
   **   ~~~   ** Check values should be zero. Most Recent values listed first.
   **   ~~~   ** Demand-to-Supply interface energy check value iteration history trace: 6100.077729,7023.905342,311.620140,612.207399,6100.077055,7023.904627,311.620176,612.207468,6100.077695,7023.905332,
   **   ~~~   ** Supply-to-demand interface deck 1 energy check value iteration history trace: 2603.570700,-3081.831529,131.458276,258.862310,2603.570410,-3081.831202,131.458292,258.862340,2603.570686,-3081.831524,
   **   ~~~   ** Node named BASEMENT VAV BOX OUTLET NODE shows oscillating humidity ratio across iterations with a repeated value of 5.425159E-003
   **   ~~~   ** Node named BASEMENT VAV BOX OUTLET NODE humidity ratio [kg-water/kg-dryair] iteration history trace (most recent first): 5.425159E-003,5.424714E-003,5.425159E-003,5.424714E-003,5.425159E-003,5.424714E-003,5.425159E-003,5.424714E-003,5.425159E-003,5.424714E-003,
   **   ~~~   ** Node named BASEMENT VAV BOX OUTLET NODE shows oscillating mass flow rate across iterations with a repeated value of 3.137927
   **   ~~~   ** Node named BASEMENT VAV BOX OUTLET NODE mass flow rate [kg/s] iteration history trace (most recent first): 3.137927,3.154050,3.137927,3.154050,3.137927,3.154050,3.137927,3.154050,3.137927,3.154050,
   **   ~~~   ** Node named BASEMENT VAV BOX OUTLET NODE shows oscillating temperatures across iterations with a repeated value of 15.568440
   **   ~~~   ** Node named BASEMENT VAV BOX OUTLET NODE temperature [C] iteration history trace (most recent first): 15.568440,15.611539,15.568440,15.611539,15.568440,15.611539,15.568440,15.611539,15.568440,15.611539,
   **   ~~~   ** Node named ER_EXAM1_MULT4_FLR_1 VAV BOX OUTLET NODE shows oscillating temperatures across iterations with a repeated value of 19.919241
   **   ~~~   ** Node named ER_EXAM1_MULT4_FLR_1 VAV BOX OUTLET NODE temperature [C] iteration history trace (most recent first): 19.919241,19.919218,19.919241,19.919218,19.919241,19.919218,19.919241,19.919218,19.919241,19.919218,
   **   ~~~   ** Node named ER_TRAUMA1_FLR_1 VAV BOX OUTLET NODE shows oscillating temperatures across iterations with a repeated value of 19.437789
   **   ~~~   ** Node named ER_TRAUMA1_FLR_1 VAV BOX OUTLET NODE temperature [C] iteration history trace (most recent first): 19.437789,19.437768,19.437789,19.437768,19.437789,19.437768,19.437789,19.437768,19.437789,19.437768,
   **   ~~~   ** Node named ER_EXAM3_MULT4_FLR_1 VAV BOX OUTLET NODE shows oscillating temperatures across iterations with a repeated value of 19.795306
   **   ~~~   ** Node named ER_EXAM3_MULT4_FLR_1 VAV BOX OUTLET NODE temperature [C] iteration history trace (most recent first): 19.795306,19.795283,19.795306,19.795283,19.795306,19.795283,19.795306,19.795283,19.795305,19.795283,
   **   ~~~   ** Node named ER_TRAUMA2_FLR_1 VAV BOX OUTLET NODE shows oscillating temperatures across iterations with a repeated value of 19.409895
   **   ~~~   ** Node named ER_TRAUMA2_FLR_1 VAV BOX OUTLET NODE temperature [C] iteration history trace (most recent first): 19.409895,19.409873,19.409895,19.409873,19.409895,19.409873,19.409895,19.409873,19.409895,19.409873,
   **   ~~~   ** Node named ER_TRIAGE_MULT4_FLR_1 VAV BOX OUTLET NODE shows oscillating temperatures across iterations with a repeated value of 19.707973
   **   ~~~   ** Node named ER_TRIAGE_MULT4_FLR_1 VAV BOX OUTLET NODE temperature [C] iteration history trace (most recent first): 19.707973,19.707951,19.707973,19.707951,19.707973,19.707951,19.707973,19.707951,19.707973,19.707951,
   **   ~~~   ** Node named OFFICE1_MULT4_FLR_1 VAV BOX OUTLET NODE shows oscillating humidity ratio across iterations with a repeated value of 5.425159E-003
   **   ~~~   ** Node named OFFICE1_MULT4_FLR_1 VAV BOX OUTLET NODE humidity ratio [kg-water/kg-dryair] iteration history trace (most recent first): 5.425159E-003,5.424714E-003,5.425159E-003,5.424714E-003,5.425159E-003,5.424714E-003,5.425159E-003,5.424714E-003,5.425159E-003,5.424714E-003,
   **   ~~~   ** Node named OFFICE1_MULT4_FLR_1 VAV BOX OUTLET NODE shows oscillating temperatures across iterations with a repeated value of 21.763608
   **   ~~~   ** Node named OFFICE1_MULT4_FLR_1 VAV BOX OUTLET NODE temperature [C] iteration history trace (most recent first): 21.763608,21.745060,21.763608,21.745060,21.763608,21.745060,21.763608,21.745060,21.763608,21.745060,
   **   ~~~   ** Node named LOBBY_RECORDS_FLR_1 VAV BOX OUTLET NODE shows oscillating humidity ratio across iterations with a repeated value of 5.425159E-003
   **   ~~~   ** Node named LOBBY_RECORDS_FLR_1 VAV BOX OUTLET NODE humidity ratio [kg-water/kg-dryair] iteration history trace (most recent first): 5.425159E-003,5.424714E-003,5.425159E-003,5.424714E-003,5.425159E-003,5.424714E-003,5.425159E-003,5.424714E-003,5.425159E-003,5.424714E-003,
   **   ~~~   ** Node named LOBBY_RECORDS_FLR_1 VAV BOX OUTLET NODE shows oscillating temperatures across iterations with a repeated value of 20.597164
   **   ~~~   ** Node named LOBBY_RECORDS_FLR_1 VAV BOX OUTLET NODE temperature [C] iteration history trace (most recent first): 20.597164,20.588318,20.597164,20.588318,20.597164,20.588318,20.597164,20.588318,20.597164,20.588318,
   **   ~~~   ** Node named CORRIDOR_FLR_1 VAV BOX OUTLET NODE shows oscillating humidity ratio across iterations with a repeated value of 5.425159E-003
   **   ~~~   ** Node named CORRIDOR_FLR_1 VAV BOX OUTLET NODE humidity ratio [kg-water/kg-dryair] iteration history trace (most recent first): 5.425159E-003,5.424714E-003,5.425159E-003,5.424714E-003,5.425159E-003,5.424714E-003,5.425159E-003,5.424714E-003,5.425159E-003,5.424714E-003,
   **   ~~~   ** Node named CORRIDOR_FLR_1 VAV BOX OUTLET NODE shows oscillating temperatures across iterations with a repeated value of 15.568440
   **   ~~~   ** Node named CORRIDOR_FLR_1 VAV BOX OUTLET NODE temperature [C] iteration history trace (most recent first): 15.568440,15.611539,15.568440,15.611539,15.568440,15.611539,15.568440,15.611539,15.568440,15.611539,
   **   ~~~   ** Node named ER_NURSESTN_LOBBY_FLR_1 VAV BOX OUTLET NODE shows oscillating humidity ratio across iterations with a repeated value of 5.425159E-003
   **   ~~~   ** Node named ER_NURSESTN_LOBBY_FLR_1 VAV BOX OUTLET NODE humidity ratio [kg-water/kg-dryair] iteration history trace (most recent first): 5.425159E-003,5.424714E-003,5.425159E-003,5.424714E-003,5.425159E-003,5.424714E-003,5.425159E-003,5.424714E-003,5.425159E-003,5.424714E-003,
   **   ~~~   ** Node named ER_NURSESTN_LOBBY_FLR_1 VAV BOX OUTLET NODE shows oscillating mass flow rate across iterations with a repeated value of 1.601622
   **   ~~~   ** Node named ER_NURSESTN_LOBBY_FLR_1 VAV BOX OUTLET NODE mass flow rate [kg/s] iteration history trace (most recent first): 1.601622,1.609851,1.601622,1.609851,1.601622,1.609851,1.601622,1.609851,1.601622,1.609851,
   **   ~~~   ** Node named ER_NURSESTN_LOBBY_FLR_1 VAV BOX OUTLET NODE shows oscillating temperatures across iterations with a repeated value of 15.568440
   **   ~~~   ** Node named ER_NURSESTN_LOBBY_FLR_1 VAV BOX OUTLET NODE temperature [C] iteration history trace (most recent first): 15.568440,15.611539,15.568440,15.611539,15.568440,15.611539,15.568440,15.611539,15.568440,15.611539,
   **   ~~~   ** Node named OR1_FLR_2 VAV BOX OUTLET NODE shows oscillating temperatures across iterations with a repeated value of 20.011328
   **   ~~~   ** Node named OR1_FLR_2 VAV BOX OUTLET NODE temperature [C] iteration history trace (most recent first): 20.011328,20.011305,20.011328,20.011305,20.011328,20.011305,20.011328,20.011304,20.011328,20.011304,
   **   ~~~   ** Node named OR2_MULT5_FLR_2 VAV BOX OUTLET NODE shows oscillating temperatures across iterations with a repeated value of 19.618311
   **   ~~~   ** Node named OR2_MULT5_FLR_2 VAV BOX OUTLET NODE temperature [C] iteration history trace (most recent first): 19.618311,19.618289,19.618311,19.618289,19.618311,19.618289,19.618311,19.618289,19.618310,19.618288,
   **   ~~~   ** Node named OR3_FLR_2 VAV BOX OUTLET NODE shows oscillating temperatures across iterations with a repeated value of 19.729249
   **   ~~~   ** Node named OR3_FLR_2 VAV BOX OUTLET NODE temperature [C] iteration history trace (most recent first): 19.729249,19.729227,19.729249,19.729227,19.729249,19.729227,19.729249,19.729227,19.729249,19.729227,
   **   ~~~   ** Node named OR4_FLR_2 VAV BOX OUTLET NODE shows oscillating temperatures across iterations with a repeated value of 19.344371
   **   ~~~   ** Node named OR4_FLR_2 VAV BOX OUTLET NODE temperature [C] iteration history trace (most recent first): 19.344371,19.344350,19.344371,19.344350,19.344371,19.344350,19.344371,19.344350,19.344371,19.344350,
   **   ~~~   ** Node named IC_PATROOM1_MULT5_FLR_2 VAV BOX OUTLET NODE shows oscillating temperatures across iterations with a repeated value of 18.916489
   **   ~~~   ** Node named IC_PATROOM1_MULT5_FLR_2 VAV BOX OUTLET NODE temperature [C] iteration history trace (most recent first): 18.916489,18.916469,18.916489,18.916469,18.916489,18.916469,18.916489,18.916469,18.916489,18.916469,
   **   ~~~   ** Node named IC_PATROOM2_FLR_2 VAV BOX OUTLET NODE shows oscillating temperatures across iterations with a repeated value of 19.835747
   **   ~~~   ** Node named IC_PATROOM2_FLR_2 VAV BOX OUTLET NODE temperature [C] iteration history trace (most recent first): 19.835747,19.835725,19.835747,19.835725,19.835747,19.835725,19.835747,19.835725,19.835747,19.835725,
   **   ~~~   ** Node named IC_PATROOM3_MULT6_FLR_2 VAV BOX OUTLET NODE shows oscillating temperatures across iterations with a repeated value of 18.724358
   **   ~~~   ** Node named IC_PATROOM3_MULT6_FLR_2 VAV BOX OUTLET NODE temperature [C] iteration history trace (most recent first): 18.724358,18.724339,18.724358,18.724339,18.724358,18.724339,18.724358,18.724339,18.724358,18.724339,
   **   ~~~   ** Node named ICU_FLR_2 VAV BOX OUTLET NODE shows oscillating temperatures across iterations with a repeated value of 17.980513
   **   ~~~   ** Node named ICU_FLR_2 VAV BOX OUTLET NODE temperature [C] iteration history trace (most recent first): 17.980513,17.980496,17.980513,17.980496,17.980513,17.980496,17.980513,17.980496,17.980513,17.980496,
   **   ~~~   ** Node named ICU_NURSESTN_LOBBY_FLR_2 VAV BOX OUTLET NODE shows oscillating humidity ratio across iterations with a repeated value of 5.425159E-003
   **   ~~~   ** Node named ICU_NURSESTN_LOBBY_FLR_2 VAV BOX OUTLET NODE humidity ratio [kg-water/kg-dryair] iteration history trace (most recent first): 5.425159E-003,5.424714E-003,5.425159E-003,5.424714E-003,5.425159E-003,5.424714E-003,5.425159E-003,5.424714E-003,5.425159E-003,5.424714E-003,
   **   ~~~   ** Node named ICU_NURSESTN_LOBBY_FLR_2 VAV BOX OUTLET NODE shows oscillating mass flow rate across iterations with a repeated value of 1.607001
   **   ~~~   ** Node named ICU_NURSESTN_LOBBY_FLR_2 VAV BOX OUTLET NODE mass flow rate [kg/s] iteration history trace (most recent first): 1.607001,1.615259,1.607001,1.615259,1.607001,1.615259,1.607001,1.615259,1.607001,1.615259,
   **   ~~~   ** Node named ICU_NURSESTN_LOBBY_FLR_2 VAV BOX OUTLET NODE shows oscillating temperatures across iterations with a repeated value of 15.568440
   **   ~~~   ** Node named ICU_NURSESTN_LOBBY_FLR_2 VAV BOX OUTLET NODE temperature [C] iteration history trace (most recent first): 15.568440,15.611539,15.568440,15.611539,15.568440,15.611539,15.568440,15.611539,15.568440,15.611539,
   **   ~~~   ** Node named CORRIDOR_FLR_2 VAV BOX OUTLET NODE shows oscillating humidity ratio across iterations with a repeated value of 5.425159E-003
   **   ~~~   ** Node named CORRIDOR_FLR_2 VAV BOX OUTLET NODE humidity ratio [kg-water/kg-dryair] iteration history trace (most recent first): 5.425159E-003,5.424714E-003,5.425159E-003,5.424714E-003,5.425159E-003,5.424714E-003,5.425159E-003,5.424714E-003,5.425159E-003,5.424714E-003,
   **   ~~~   ** Node named CORRIDOR_FLR_2 VAV BOX OUTLET NODE shows oscillating temperatures across iterations with a repeated value of 18.339613
   **   ~~~   ** Node named CORRIDOR_FLR_2 VAV BOX OUTLET NODE temperature [C] iteration history trace (most recent first): 18.339613,18.335884,18.339613,18.335884,18.339613,18.335884,18.339613,18.335884,18.339613,18.335884,
   **   ~~~   ** Node named OR_NURSESTN_LOBBY_FLR_2 VAV BOX OUTLET NODE shows oscillating humidity ratio across iterations with a repeated value of 5.425159E-003
   **   ~~~   ** Node named OR_NURSESTN_LOBBY_FLR_2 VAV BOX OUTLET NODE humidity ratio [kg-water/kg-dryair] iteration history trace (most recent first): 5.425159E-003,5.424714E-003,5.425159E-003,5.424714E-003,5.425159E-003,5.424714E-003,5.425159E-003,5.424714E-003,5.425159E-003,5.424714E-003,
   **   ~~~   ** Node named OR_NURSESTN_LOBBY_FLR_2 VAV BOX OUTLET NODE shows oscillating mass flow rate across iterations with a repeated value of 1.108618
   **   ~~~   ** Node named OR_NURSESTN_LOBBY_FLR_2 VAV BOX OUTLET NODE mass flow rate [kg/s] iteration history trace (most recent first): 1.108618,1.114315,1.108618,1.114315,1.108618,1.114315,1.108618,1.114315,1.108618,1.114315,
   **   ~~~   ** Node named OR_NURSESTN_LOBBY_FLR_2 VAV BOX OUTLET NODE shows oscillating temperatures across iterations with a repeated value of 15.568440
   **   ~~~   ** Node named OR_NURSESTN_LOBBY_FLR_2 VAV BOX OUTLET NODE temperature [C] iteration history trace (most recent first): 15.568440,15.611539,15.568440,15.611539,15.568440,15.611539,15.568440,15.611539,15.568440,15.611539,
   **   ~~~   ** Node named PATROOM1_MULT10_FLR_3 VAV BOX OUTLET NODE shows oscillating temperatures across iterations with a repeated value of 19.055204
   **   ~~~   ** Node named PATROOM1_MULT10_FLR_3 VAV BOX OUTLET NODE temperature [C] iteration history trace (most recent first): 19.055204,19.055185,19.055204,19.055185,19.055204,19.055185,19.055204,19.055185,19.055204,19.055185,
   **   ~~~   ** Node named PATROOM2_FLR_3 VAV BOX OUTLET NODE shows oscillating temperatures across iterations with a repeated value of 20.681548
   **   ~~~   ** Node named PATROOM2_FLR_3 VAV BOX OUTLET NODE temperature [C] iteration history trace (most recent first): 20.681548,20.681523,20.681548,20.681523,20.681548,20.681523,20.681548,20.681523,20.681548,20.681523,
   **   ~~~   ** Node named PATROOM3_MULT10_FLR_3 VAV BOX OUTLET NODE shows oscillating temperatures across iterations with a repeated value of 18.877665
   **   ~~~   ** Node named PATROOM3_MULT10_FLR_3 VAV BOX OUTLET NODE temperature [C] iteration history trace (most recent first): 18.877665,18.877646,18.877665,18.877646,18.877665,18.877646,18.877665,18.877646,18.877665,18.877646,
   **   ~~~   ** Node named PATROOM4_FLR_3 VAV BOX OUTLET NODE shows oscillating temperatures across iterations with a repeated value of 20.390837
   **   ~~~   ** Node named PATROOM4_FLR_3 VAV BOX OUTLET NODE temperature [C] iteration history trace (most recent first): 20.390837,20.390813,20.390837,20.390813,20.390837,20.390813,20.390837,20.390813,20.390837,20.390813,
   **   ~~~   ** Node named PATROOM5_MULT10_FLR_3 VAV BOX OUTLET NODE shows oscillating temperatures across iterations with a repeated value of 18.690313
   **   ~~~   ** Node named PATROOM5_MULT10_FLR_3 VAV BOX OUTLET NODE temperature [C] iteration history trace (most recent first): 18.690313,18.690295,18.690313,18.690295,18.690313,18.690295,18.690313,18.690295,18.690313,18.690295,
   **   ~~~   ** Node named PATROOM6_FLR_3 VAV BOX OUTLET NODE shows oscillating temperatures across iterations with a repeated value of 20.662830
   **   ~~~   ** Node named PATROOM6_FLR_3 VAV BOX OUTLET NODE temperature [C] iteration history trace (most recent first): 20.662830,20.662806,20.662830,20.662806,20.662830,20.662806,20.662830,20.662806,20.662830,20.662806,
   **   ~~~   ** Node named PATROOM7_MULT10_FLR_3 VAV BOX OUTLET NODE shows oscillating temperatures across iterations with a repeated value of 18.231931
   **   ~~~   ** Node named PATROOM7_MULT10_FLR_3 VAV BOX OUTLET NODE temperature [C] iteration history trace (most recent first): 18.231931,18.231914,18.231931,18.231914,18.231931,18.231914,18.231931,18.231914,18.231931,18.231914,
   **   ~~~   ** Node named PATROOM8_FLR_3 VAV BOX OUTLET NODE shows oscillating temperatures across iterations with a repeated value of 20.328612
   **   ~~~   ** Node named PATROOM8_FLR_3 VAV BOX OUTLET NODE temperature [C] iteration history trace (most recent first): 20.328612,20.328588,20.328612,20.328588,20.328612,20.328588,20.328612,20.328588,20.328612,20.328588,
   **   ~~~   ** Node named LAB_FLR_3 VAV BOX OUTLET NODE shows oscillating temperatures across iterations with a repeated value of 13.875143
   **   ~~~   ** Node named LAB_FLR_3 VAV BOX OUTLET NODE temperature [C] iteration history trace (most recent first): 13.875143,13.875128,13.875143,13.875128,13.875143,13.875128,13.875143,13.875128,13.875143,13.875128,
   **   ~~~   ** Node named PATROOM1_MULT10_FLR_4 VAV BOX OUTLET NODE shows oscillating temperatures across iterations with a repeated value of 19.113745
   **   ~~~   ** Node named PATROOM1_MULT10_FLR_4 VAV BOX OUTLET NODE temperature [C] iteration history trace (most recent first): 19.113745,19.113725,19.113745,19.113725,19.113745,19.113725,19.113745,19.113725,19.113745,19.113725,
   **   ~~~   ** Node named PATROOM2_FLR_4 VAV BOX OUTLET NODE shows oscillating temperatures across iterations with a repeated value of 20.762161
   **   ~~~   ** Node named PATROOM2_FLR_4 VAV BOX OUTLET NODE temperature [C] iteration history trace (most recent first): 20.762161,20.762136,20.762161,20.762136,20.762161,20.762136,20.762161,20.762136,20.762161,20.762136,
   **   ~~~   ** Node named PATROOM3_MULT10_FLR_4 VAV BOX OUTLET NODE shows oscillating temperatures across iterations with a repeated value of 18.934193
   **   ~~~   ** Node named PATROOM3_MULT10_FLR_4 VAV BOX OUTLET NODE temperature [C] iteration history trace (most recent first): 18.934193,18.934174,18.934193,18.934174,18.934193,18.934174,18.934193,18.934174,18.934193,18.934174,
   **   ~~~   ** Node named PATROOM4_FLR_4 VAV BOX OUTLET NODE shows oscillating temperatures across iterations with a repeated value of 20.428347
   **   ~~~   ** Node named PATROOM4_FLR_4 VAV BOX OUTLET NODE temperature [C] iteration history trace (most recent first): 20.428347,20.428323,20.428347,20.428323,20.428347,20.428323,20.428347,20.428323,20.428347,20.428323,
   **   ~~~   ** Node named PATROOM5_MULT10_FLR_4 VAV BOX OUTLET NODE shows oscillating temperatures across iterations with a repeated value of 18.708981
   **   ~~~   ** Node named PATROOM5_MULT10_FLR_4 VAV BOX OUTLET NODE temperature [C] iteration history trace (most recent first): 18.708981,18.708962,18.708981,18.708962,18.708981,18.708962,18.708981,18.708962,18.708981,18.708962,
   **   ~~~   ** Node named PATROOM6_FLR_4 VAV BOX OUTLET NODE shows oscillating temperatures across iterations with a repeated value of 20.748830
   **   ~~~   ** Node named PATROOM6_FLR_4 VAV BOX OUTLET NODE temperature [C] iteration history trace (most recent first): 20.748830,20.748805,20.748830,20.748805,20.748830,20.748805,20.748830,20.748805,20.748830,20.748805,
   **   ~~~   ** Node named PATROOM7_MULT10_FLR_4 VAV BOX OUTLET NODE shows oscillating temperatures across iterations with a repeated value of 18.326785
   **   ~~~   ** Node named PATROOM7_MULT10_FLR_4 VAV BOX OUTLET NODE temperature [C] iteration history trace (most recent first): 18.326785,18.326767,18.326785,18.326767,18.326785,18.326767,18.326785,18.326767,18.326785,18.326767,
   **   ~~~   ** Node named PATROOM8_FLR_4 VAV BOX OUTLET NODE shows oscillating temperatures across iterations with a repeated value of 20.411213
   **   ~~~   ** Node named PATROOM8_FLR_4 VAV BOX OUTLET NODE temperature [C] iteration history trace (most recent first): 20.411213,20.411189,20.411213,20.411189,20.411213,20.411189,20.411213,20.411189,20.411213,20.411189,
   **   ~~~   ** Node named LAB_FLR_4 VAV BOX OUTLET NODE shows oscillating temperatures across iterations with a repeated value of 13.711252
   **   ~~~   ** Node named LAB_FLR_4 VAV BOX OUTLET NODE temperature [C] iteration history trace (most recent first): 13.711252,13.711238,13.711252,13.711238,13.711252,13.711238,13.711252,13.711238,13.711252,13.711238,
   **   ~~~   ** Node named DINING_FLR_5 VAV BOX OUTLET NODE shows oscillating temperatures across iterations with a repeated value of 16.404870
   **   ~~~   ** Node named DINING_FLR_5 VAV BOX OUTLET NODE temperature [C] iteration history trace (most recent first): 16.404870,16.404867,16.404870,16.404867,16.404870,16.404867,16.404870,16.404867,16.404870,16.404867,
   **   ~~~   ** Node named OFFICE1_FLR_5 VAV BOX OUTLET NODE shows oscillating temperatures across iterations with a repeated value of 27.450190
   **   ~~~   ** Node named OFFICE1_FLR_5 VAV BOX OUTLET NODE temperature [C] iteration history trace (most recent first): 27.450190,27.450151,27.450190,27.450151,27.450190,27.450151,27.450190,27.450151,27.450190,27.450151,
   **   ~~~   ** Node named OFFICE2_MULT5_FLR_5 VAV BOX OUTLET NODE shows oscillating temperatures across iterations with a repeated value of 18.003842
   **   ~~~   ** Node named OFFICE2_MULT5_FLR_5 VAV BOX OUTLET NODE temperature [C] iteration history trace (most recent first): 18.003842,18.003834,18.003842,18.003834,18.003842,18.003834,18.003842,18.003834,18.003842,18.003834,
   **   ~~~   ** Node named OFFICE3_FLR_5 VAV BOX OUTLET NODE shows oscillating temperatures across iterations with a repeated value of 26.334410
   **   ~~~   ** Node named OFFICE3_FLR_5 VAV BOX OUTLET NODE temperature [C] iteration history trace (most recent first): 26.334410,26.334375,26.334410,26.334375,26.334410,26.334375,26.334410,26.334375,26.334410,26.334375,
   **   ~~~   ** Node named OFFICE4_MULT6_FLR_5 VAV BOX OUTLET NODE shows oscillating temperatures across iterations with a repeated value of 25.421821
   **   ~~~   ** Node named OFFICE4_MULT6_FLR_5 VAV BOX OUTLET NODE temperature [C] iteration history trace (most recent first): 25.421821,25.421789,25.421821,25.421789,25.421821,25.421789,25.421821,25.421789,25.421821,25.421789,
   **   ~~~   ** Plant System Named = TOWERWATERSYS did not converge for temperature
   **   ~~~   ** Check values should be zero. Most Recent values listed first.
   **   ~~~   ** Demand-to-Supply interface temperature check value iteration history trace: 0.115768,0.111563,0.109320,0.113455,0.115794,0.111669,0.109177,0.113442,0.116021,0.111458,
   **   ~~~   ** Supply-to-Demand interface temperature check value iteration history trace: 0.285573,0.287125,0.288009,0.286482,0.285561,0.287084,0.288065,0.286491,0.285475,0.287160,
   ** Warning ** SimHVAC: Maximum iterations (20) exceeded for all HVAC loops, at RUNPERIOD 1, 12/27 17:00 - 17:10
   **   ~~~   ** The solution for one or more of the Air Loop HVAC systems did not appear to converge
   **   ~~~   ** Air System Named = VAV_1 did not converge for mass flow rate
   **   ~~~   ** Check values should be zero. Most Recent values listed first.
   **   ~~~   ** Demand-to-Supply interface mass flow rate check value iteration history trace: 0.330052,0.377203,2.039560E-002,5.166006E-002,0.403474,0.348166,3.040348E-002,0.330054,0.377203,2.039309E-002,
   **   ~~~   ** Supply-to-demand interface deck 1 mass flow rate check value iteration history trace: 0.000000,0.000000,0.000000,0.000000,0.000000,0.000000,0.000000,0.000000,0.000000,0.000000,
   **   ~~~   ** Air System Named = VAV_1 did not converge for temperature
   **   ~~~   ** Check values should be zero. Most Recent values listed first.
   **   ~~~   ** Demand-to-Supply interface temperature check value iteration history trace: 2.080926E-002,2.365290E-002,1.226246E-003,3.131954E-003,2.350637E-002,2.015466E-002,1.837158E-003,2.080941E-002,2.365293E-002,1.226096E-003,
   **   ~~~   ** Supply-to-demand interface deck 1 temperature check value iteration history trace: 0.413881,0.469956,2.413423E-002,6.203461E-002,0.459615,0.393249,3.627289E-002,0.413884,0.469957,2.413128E-002,
   **   ~~~   ** Air System Named = VAV_1 did not converge for energy
   **   ~~~   ** Check values should be zero. Most Recent values listed first.
   **   ~~~   ** Demand-to-Supply interface energy check value iteration history trace: 7959.447863,9096.524330,491.855033,1245.820877,9730.074689,8396.277564,733.202604,7959.500860,9096.532972,491.794697,
   **   ~~~   ** Supply-to-demand interface deck 1 energy check value iteration history trace: 3453.439301,-4099.460259,210.029956,536.640552,-4162.318283,3423.719877,314.692332,3453.462604,-4099.465822,210.004253,
   **   ~~~   ** Node named BASEMENT VAV BOX OUTLET NODE shows oscillating humidity ratio across iterations with a repeated value of 5.881105E-003
   **   ~~~   ** Node named BASEMENT VAV BOX OUTLET NODE humidity ratio [kg-water/kg-dryair] iteration history trace (most recent first): 5.881105E-003,5.893819E-003,5.894990E-003,5.851624E-003,5.892848E-003,5.894841E-003,5.853913E-003,5.881105E-003,5.893819E-003,5.894990E-003,
   **   ~~~   ** Node named BASEMENT VAV BOX OUTLET NODE shows oscillating mass flow rate across iterations with a repeated value of 2.615682
   **   ~~~   ** Node named BASEMENT VAV BOX OUTLET NODE mass flow rate [kg/s] iteration history trace (most recent first): 2.615682,2.626906,2.755448,2.606487,2.625559,2.633089,2.493829,2.615682,2.626906,2.755448,
   **   ~~~   ** Node named BASEMENT VAV BOX OUTLET NODE shows oscillating temperatures across iterations with a repeated value of 15.533510
   **   ~~~   ** Node named BASEMENT VAV BOX OUTLET NODE temperature [C] iteration history trace (most recent first): 15.533510,15.569783,15.963038,15.503417,15.565451,15.589585,15.119628,15.533510,15.569783,15.963038,
   **   ~~~   ** Node named ER_EXAM1_MULT4_FLR_1 VAV BOX OUTLET NODE shows oscillating temperatures across iterations with a repeated value of 19.770079
   **   ~~~   ** Node named ER_EXAM1_MULT4_FLR_1 VAV BOX OUTLET NODE temperature [C] iteration history trace (most recent first): 19.770079,19.770301,19.770306,19.770082,19.770082,19.770099,19.770145,19.770079,19.770301,19.770306,
   **   ~~~   ** Node named ER_TRAUMA1_FLR_1 VAV BOX OUTLET NODE shows oscillating temperatures across iterations with a repeated value of 19.175299
   **   ~~~   ** Node named ER_TRAUMA1_FLR_1 VAV BOX OUTLET NODE temperature [C] iteration history trace (most recent first): 19.175299,19.175502,19.175506,19.175301,19.175301,19.175317,19.175359,19.175299,19.175502,19.175506,
   **   ~~~   ** Node named ER_EXAM3_MULT4_FLR_1 VAV BOX OUTLET NODE shows oscillating temperatures across iterations with a repeated value of 19.648080
   **   ~~~   ** Node named ER_EXAM3_MULT4_FLR_1 VAV BOX OUTLET NODE temperature [C] iteration history trace (most recent first): 19.648080,19.648299,19.648303,19.648083,19.648083,19.648100,19.648145,19.648080,19.648299,19.648303,
   **   ~~~   ** Node named ER_TRAUMA2_FLR_1 VAV BOX OUTLET NODE shows oscillating temperatures across iterations with a repeated value of 19.147360
   **   ~~~   ** Node named ER_TRAUMA2_FLR_1 VAV BOX OUTLET NODE temperature [C] iteration history trace (most recent first): 19.147360,19.147562,19.147566,19.147362,19.147362,19.147378,19.147419,19.147360,19.147562,19.147566,
   **   ~~~   ** Node named ER_TRIAGE_MULT4_FLR_1 VAV BOX OUTLET NODE shows oscillating temperatures across iterations with a repeated value of 19.560754
   **   ~~~   ** Node named ER_TRIAGE_MULT4_FLR_1 VAV BOX OUTLET NODE temperature [C] iteration history trace (most recent first): 19.560754,19.560969,19.560974,19.560756,19.560756,19.560773,19.560817,19.560754,19.560969,19.560974,
   **   ~~~   ** Node named OFFICE1_MULT4_FLR_1 VAV BOX OUTLET NODE shows oscillating humidity ratio across iterations with a repeated value of 5.881105E-003
   **   ~~~   ** Node named OFFICE1_MULT4_FLR_1 VAV BOX OUTLET NODE humidity ratio [kg-water/kg-dryair] iteration history trace (most recent first): 5.881105E-003,5.893819E-003,5.894990E-003,5.851624E-003,5.892848E-003,5.894841E-003,5.853913E-003,5.881105E-003,5.893819E-003,5.894990E-003,
   **   ~~~   ** Node named OFFICE1_MULT4_FLR_1 VAV BOX OUTLET NODE shows oscillating temperatures across iterations with a repeated value of 16.244463
   **   ~~~   ** Node named OFFICE1_MULT4_FLR_1 VAV BOX OUTLET NODE temperature [C] iteration history trace (most recent first): 16.244463,16.248047,16.252216,16.247009,16.243779,16.267443,16.257233,16.244463,16.248047,16.252216,
   **   ~~~   ** Node named LOBBY_RECORDS_FLR_1 VAV BOX OUTLET NODE shows oscillating humidity ratio across iterations with a repeated value of 5.881105E-003
   **   ~~~   ** Node named LOBBY_RECORDS_FLR_1 VAV BOX OUTLET NODE humidity ratio [kg-water/kg-dryair] iteration history trace (most recent first): 5.881105E-003,5.893819E-003,5.894990E-003,5.851624E-003,5.892848E-003,5.894841E-003,5.853913E-003,5.881105E-003,5.893819E-003,5.894990E-003,
   **   ~~~   ** Node named LOBBY_RECORDS_FLR_1 VAV BOX OUTLET NODE shows oscillating temperatures across iterations with a repeated value of 19.373937
   **   ~~~   ** Node named LOBBY_RECORDS_FLR_1 VAV BOX OUTLET NODE temperature [C] iteration history trace (most recent first): 19.373937,19.358158,19.372243,19.347348,19.354179,19.375694,19.343242,19.373937,19.358158,19.372243,
   **   ~~~   ** Node named CORRIDOR_FLR_1 VAV BOX OUTLET NODE shows oscillating humidity ratio across iterations with a repeated value of 5.881105E-003
   **   ~~~   ** Node named CORRIDOR_FLR_1 VAV BOX OUTLET NODE humidity ratio [kg-water/kg-dryair] iteration history trace (most recent first): 5.881105E-003,5.893819E-003,5.894990E-003,5.851624E-003,5.892848E-003,5.894841E-003,5.853913E-003,5.881105E-003,5.893819E-003,5.894990E-003,
   **   ~~~   ** Node named CORRIDOR_FLR_1 VAV BOX OUTLET NODE shows oscillating temperatures across iterations with a repeated value of 15.533510
   **   ~~~   ** Node named CORRIDOR_FLR_1 VAV BOX OUTLET NODE temperature [C] iteration history trace (most recent first): 15.533510,15.569783,15.963038,15.503417,15.565451,15.589585,15.119628,15.533510,15.569783,15.963038,
   **   ~~~   ** Node named ER_NURSESTN_LOBBY_FLR_1 VAV BOX OUTLET NODE shows oscillating humidity ratio across iterations with a repeated value of 5.881105E-003
   **   ~~~   ** Node named ER_NURSESTN_LOBBY_FLR_1 VAV BOX OUTLET NODE humidity ratio [kg-water/kg-dryair] iteration history trace (most recent first): 5.881105E-003,5.893819E-003,5.894990E-003,5.851624E-003,5.892848E-003,5.894841E-003,5.853913E-003,5.881105E-003,5.893819E-003,5.894990E-003,
   **   ~~~   ** Node named ER_NURSESTN_LOBBY_FLR_1 VAV BOX OUTLET NODE shows oscillating mass flow rate across iterations with a repeated value of 1.769967
   **   ~~~   ** Node named ER_NURSESTN_LOBBY_FLR_1 VAV BOX OUTLET NODE mass flow rate [kg/s] iteration history trace (most recent first): 1.769967,1.777562,1.864542,1.763746,1.776651,1.781746,1.687514,1.769967,1.777562,1.864542,
   **   ~~~   ** Node named ER_NURSESTN_LOBBY_FLR_1 VAV BOX OUTLET NODE shows oscillating temperatures across iterations with a repeated value of 15.533510
   **   ~~~   ** Node named ER_NURSESTN_LOBBY_FLR_1 VAV BOX OUTLET NODE temperature [C] iteration history trace (most recent first): 15.533510,15.569783,15.963038,15.503417,15.565451,15.589585,15.119628,15.533510,15.569783,15.963038,
   **   ~~~   ** Node named OR1_FLR_2 VAV BOX OUTLET NODE shows oscillating temperatures across iterations with a repeated value of 19.680672
   **   ~~~   ** Node named OR1_FLR_2 VAV BOX OUTLET NODE temperature [C] iteration history trace (most recent first): 19.680672,19.680892,19.680897,19.680675,19.680675,19.680692,19.680737,19.680672,19.680892,19.680897,
   **   ~~~   ** Node named OR2_MULT5_FLR_2 VAV BOX OUTLET NODE shows oscillating temperatures across iterations with a repeated value of 19.361868
   **   ~~~   ** Node named OR2_MULT5_FLR_2 VAV BOX OUTLET NODE temperature [C] iteration history trace (most recent first): 19.361868,19.362078,19.362082,19.361870,19.361870,19.361887,19.361930,19.361868,19.362078,19.362082,
   **   ~~~   ** Node named OR3_FLR_2 VAV BOX OUTLET NODE shows oscillating temperatures across iterations with a repeated value of 19.468527
   **   ~~~   ** Node named OR3_FLR_2 VAV BOX OUTLET NODE temperature [C] iteration history trace (most recent first): 19.468527,19.468741,19.468745,19.468530,19.468530,19.468547,19.468590,19.468527,19.468741,19.468745,
   **   ~~~   ** Node named OR4_FLR_2 VAV BOX OUTLET NODE shows oscillating temperatures across iterations with a repeated value of 19.153468
   **   ~~~   ** Node named OR4_FLR_2 VAV BOX OUTLET NODE temperature [C] iteration history trace (most recent first): 19.153468,19.153672,19.153676,19.153471,19.153471,19.153487,19.153529,19.153468,19.153672,19.153676,
   **   ~~~   ** Node named IC_PATROOM1_MULT5_FLR_2 VAV BOX OUTLET NODE shows oscillating temperatures across iterations with a repeated value of 18.675284
   **   ~~~   ** Node named IC_PATROOM1_MULT5_FLR_2 VAV BOX OUTLET NODE temperature [C] iteration history trace (most recent first): 18.675284,18.675470,18.675474,18.675286,18.675286,18.675301,18.675339,18.675284,18.675470,18.675474,
   **   ~~~   ** Node named IC_PATROOM2_FLR_2 VAV BOX OUTLET NODE shows oscillating temperatures across iterations with a repeated value of 19.506989
   **   ~~~   ** Node named IC_PATROOM2_FLR_2 VAV BOX OUTLET NODE temperature [C] iteration history trace (most recent first): 19.506989,19.507201,19.507206,19.506992,19.506991,19.507008,19.507052,19.506989,19.507201,19.507206,
   **   ~~~   ** Node named IC_PATROOM3_MULT6_FLR_2 VAV BOX OUTLET NODE shows oscillating temperatures across iterations with a repeated value of 18.579741
   **   ~~~   ** Node named IC_PATROOM3_MULT6_FLR_2 VAV BOX OUTLET NODE temperature [C] iteration history trace (most recent first): 18.579741,18.579925,18.579929,18.579744,18.579743,18.579758,18.579796,18.579741,18.579925,18.579929,
   **   ~~~   ** Node named ICU_FLR_2 VAV BOX OUTLET NODE shows oscillating temperatures across iterations with a repeated value of 17.909648
   **   ~~~   ** Node named ICU_FLR_2 VAV BOX OUTLET NODE temperature [C] iteration history trace (most recent first): 17.909648,17.909810,17.909814,17.909650,17.909650,17.909662,17.909696,17.909648,17.909810,17.909814,
   **   ~~~   ** Node named ICU_NURSESTN_LOBBY_FLR_2 VAV BOX OUTLET NODE shows oscillating humidity ratio across iterations with a repeated value of 5.881105E-003
   **   ~~~   ** Node named ICU_NURSESTN_LOBBY_FLR_2 VAV BOX OUTLET NODE humidity ratio [kg-water/kg-dryair] iteration history trace (most recent first): 5.881105E-003,5.893819E-003,5.894990E-003,5.851624E-003,5.892848E-003,5.894841E-003,5.853913E-003,5.881105E-003,5.893819E-003,5.894990E-003,
   **   ~~~   ** Node named ICU_NURSESTN_LOBBY_FLR_2 VAV BOX OUTLET NODE shows oscillating mass flow rate across iterations with a repeated value of 1.582544
   **   ~~~   ** Node named ICU_NURSESTN_LOBBY_FLR_2 VAV BOX OUTLET NODE mass flow rate [kg/s] iteration history trace (most recent first): 1.582544,1.589335,1.667104,1.576981,1.588520,1.593075,1.508821,1.582544,1.589335,1.667104,
   **   ~~~   ** Node named ICU_NURSESTN_LOBBY_FLR_2 VAV BOX OUTLET NODE shows oscillating temperatures across iterations with a repeated value of 15.533510
   **   ~~~   ** Node named ICU_NURSESTN_LOBBY_FLR_2 VAV BOX OUTLET NODE temperature [C] iteration history trace (most recent first): 15.533510,15.569783,15.963038,15.503417,15.565451,15.589585,15.119628,15.533510,15.569783,15.963038,
   **   ~~~   ** Node named CORRIDOR_FLR_2 VAV BOX OUTLET NODE shows oscillating humidity ratio across iterations with a repeated value of 5.881105E-003
   **   ~~~   ** Node named CORRIDOR_FLR_2 VAV BOX OUTLET NODE humidity ratio [kg-water/kg-dryair] iteration history trace (most recent first): 5.881105E-003,5.893819E-003,5.894990E-003,5.851624E-003,5.892848E-003,5.894841E-003,5.853913E-003,5.881105E-003,5.893819E-003,5.894990E-003,
   **   ~~~   ** Node named CORRIDOR_FLR_2 VAV BOX OUTLET NODE shows oscillating temperatures across iterations with a repeated value of 17.853840
   **   ~~~   ** Node named CORRIDOR_FLR_2 VAV BOX OUTLET NODE temperature [C] iteration history trace (most recent first): 17.853840,17.865733,17.858439,17.847874,17.861614,17.840096,17.841456,17.853840,17.865733,17.858439,
   **   ~~~   ** Node named OR_NURSESTN_LOBBY_FLR_2 VAV BOX OUTLET NODE shows oscillating humidity ratio across iterations with a repeated value of 5.881105E-003
   **   ~~~   ** Node named OR_NURSESTN_LOBBY_FLR_2 VAV BOX OUTLET NODE humidity ratio [kg-water/kg-dryair] iteration history trace (most recent first): 5.881105E-003,5.893819E-003,5.894990E-003,5.851624E-003,5.892848E-003,5.894841E-003,5.853913E-003,5.881105E-003,5.893819E-003,5.894990E-003,
   **   ~~~   ** Node named OR_NURSESTN_LOBBY_FLR_2 VAV BOX OUTLET NODE shows oscillating mass flow rate across iterations with a repeated value of 1.116784
   **   ~~~   ** Node named OR_NURSESTN_LOBBY_FLR_2 VAV BOX OUTLET NODE mass flow rate [kg/s] iteration history trace (most recent first): 1.116784,1.121576,1.176456,1.112858,1.121001,1.124216,1.064759,1.116784,1.121576,1.176456,
   **   ~~~   ** Node named OR_NURSESTN_LOBBY_FLR_2 VAV BOX OUTLET NODE shows oscillating temperatures across iterations with a repeated value of 15.533510
   **   ~~~   ** Node named OR_NURSESTN_LOBBY_FLR_2 VAV BOX OUTLET NODE temperature [C] iteration history trace (most recent first): 15.533510,15.569783,15.963038,15.503417,15.565451,15.589585,15.119628,15.533510,15.569783,15.963038,
   **   ~~~   ** Node named PATROOM1_MULT10_FLR_3 VAV BOX OUTLET NODE shows oscillating temperatures across iterations with a repeated value of 18.629867
   **   ~~~   ** Node named PATROOM1_MULT10_FLR_3 VAV BOX OUTLET NODE temperature [C] iteration history trace (most recent first): 18.629867,18.630051,18.630055,18.629870,18.629869,18.629884,18.629922,18.629867,18.630051,18.630055,
   **   ~~~   ** Node named PATROOM2_FLR_3 VAV BOX OUTLET NODE shows oscillating temperatures across iterations with a repeated value of 20.085226
   **   ~~~   ** Node named PATROOM2_FLR_3 VAV BOX OUTLET NODE temperature [C] iteration history trace (most recent first): 20.085226,20.085454,20.085458,20.085229,20.085228,20.085247,20.085293,20.085226,20.085454,20.085458,
   **   ~~~   ** Node named PATROOM3_MULT10_FLR_3 VAV BOX OUTLET NODE shows oscillating temperatures across iterations with a repeated value of 18.275691
   **   ~~~   ** Node named PATROOM3_MULT10_FLR_3 VAV BOX OUTLET NODE temperature [C] iteration history trace (most recent first): 18.275691,18.275863,18.275867,18.275693,18.275693,18.275707,18.275742,18.275691,18.275863,18.275867,
   **   ~~~   ** Node named PATROOM4_FLR_3 VAV BOX OUTLET NODE shows oscillating temperatures across iterations with a repeated value of 19.727384
   **   ~~~   ** Node named PATROOM4_FLR_3 VAV BOX OUTLET NODE temperature [C] iteration history trace (most recent first): 19.727384,19.727601,19.727606,19.727387,19.727386,19.727404,19.727448,19.727384,19.727601,19.727606,
   **   ~~~   ** Node named PATROOM5_MULT10_FLR_3 VAV BOX OUTLET NODE shows oscillating temperatures across iterations with a repeated value of 18.160975
   **   ~~~   ** Node named PATROOM5_MULT10_FLR_3 VAV BOX OUTLET NODE temperature [C] iteration history trace (most recent first): 18.160975,18.161144,18.161147,18.160977,18.160977,18.160990,18.161025,18.160975,18.161144,18.161147,
   **   ~~~   ** Node named PATROOM6_FLR_3 VAV BOX OUTLET NODE shows oscillating temperatures across iterations with a repeated value of 20.217968
   **   ~~~   ** Node named PATROOM6_FLR_3 VAV BOX OUTLET NODE temperature [C] iteration history trace (most recent first): 20.217968,20.218199,20.218204,20.217971,20.217970,20.217989,20.218036,20.217968,20.218199,20.218204,
   **   ~~~   ** Node named PATROOM7_MULT10_FLR_3 VAV BOX OUTLET NODE shows oscillating temperatures across iterations with a repeated value of 17.929711
   **   ~~~   ** Node named PATROOM7_MULT10_FLR_3 VAV BOX OUTLET NODE temperature [C] iteration history trace (most recent first): 17.929711,17.929872,17.929876,17.929713,17.929712,17.929726,17.929759,17.929711,17.929872,17.929876,
   **   ~~~   ** Node named PATROOM8_FLR_3 VAV BOX OUTLET NODE shows oscillating temperatures across iterations with a repeated value of 19.809639
   **   ~~~   ** Node named PATROOM8_FLR_3 VAV BOX OUTLET NODE temperature [C] iteration history trace (most recent first): 19.809639,19.809858,19.809863,19.809642,19.809641,19.809659,19.809704,19.809639,19.809858,19.809863,
   **   ~~~   ** Node named LAB_FLR_3 VAV BOX OUTLET NODE shows oscillating temperatures across iterations with a repeated value of 13.323079
   **   ~~~   ** Node named LAB_FLR_3 VAV BOX OUTLET NODE temperature [C] iteration history trace (most recent first): 13.323079,13.323207,13.323210,13.323081,13.323081,13.323091,13.323117,13.323079,13.323207,13.323210,
   **   ~~~   ** Node named PATROOM1_MULT10_FLR_4 VAV BOX OUTLET NODE shows oscillating temperatures across iterations with a repeated value of 18.687384
   **   ~~~   ** Node named PATROOM1_MULT10_FLR_4 VAV BOX OUTLET NODE temperature [C] iteration history trace (most recent first): 18.687384,18.687569,18.687573,18.687387,18.687386,18.687401,18.687439,18.687384,18.687569,18.687573,
   **   ~~~   ** Node named PATROOM2_FLR_4 VAV BOX OUTLET NODE shows oscillating temperatures across iterations with a repeated value of 20.163519
   **   ~~~   ** Node named PATROOM2_FLR_4 VAV BOX OUTLET NODE temperature [C] iteration history trace (most recent first): 20.163519,20.163749,20.163754,20.163522,20.163522,20.163540,20.163587,20.163519,20.163749,20.163754,
   **   ~~~   ** Node named PATROOM3_MULT10_FLR_4 VAV BOX OUTLET NODE shows oscillating temperatures across iterations with a repeated value of 18.331112
   **   ~~~   ** Node named PATROOM3_MULT10_FLR_4 VAV BOX OUTLET NODE temperature [C] iteration history trace (most recent first): 18.331112,18.331286,18.331290,18.331114,18.331114,18.331128,18.331164,18.331112,18.331286,18.331290,
   **   ~~~   ** Node named PATROOM4_FLR_4 VAV BOX OUTLET NODE shows oscillating temperatures across iterations with a repeated value of 19.802790
   **   ~~~   ** Node named PATROOM4_FLR_4 VAV BOX OUTLET NODE temperature [C] iteration history trace (most recent first): 19.802790,19.803009,19.803014,19.802793,19.802792,19.802810,19.802855,19.802790,19.803009,19.803014,
   **   ~~~   ** Node named PATROOM5_MULT10_FLR_4 VAV BOX OUTLET NODE shows oscillating temperatures across iterations with a repeated value of 18.177942
   **   ~~~   ** Node named PATROOM5_MULT10_FLR_4 VAV BOX OUTLET NODE temperature [C] iteration history trace (most recent first): 18.177942,18.178111,18.178115,18.177944,18.177943,18.177957,18.177992,18.177942,18.178111,18.178115,
   **   ~~~   ** Node named PATROOM6_FLR_4 VAV BOX OUTLET NODE shows oscillating temperatures across iterations with a repeated value of 20.258257
   **   ~~~   ** Node named PATROOM6_FLR_4 VAV BOX OUTLET NODE temperature [C] iteration history trace (most recent first): 20.258257,20.258490,20.258495,20.258260,20.258260,20.258279,20.258326,20.258257,20.258490,20.258495,
   **   ~~~   ** Node named PATROOM7_MULT10_FLR_4 VAV BOX OUTLET NODE shows oscillating temperatures across iterations with a repeated value of 17.984891
   **   ~~~   ** Node named PATROOM7_MULT10_FLR_4 VAV BOX OUTLET NODE temperature [C] iteration history trace (most recent first): 17.984891,17.985054,17.985057,17.984893,17.984892,17.984906,17.984939,17.984891,17.985054,17.985057,
   **   ~~~   ** Node named PATROOM8_FLR_4 VAV BOX OUTLET NODE shows oscillating temperatures across iterations with a repeated value of 19.868501
   **   ~~~   ** Node named PATROOM8_FLR_4 VAV BOX OUTLET NODE temperature [C] iteration history trace (most recent first): 19.868501,19.868721,19.868726,19.868503,19.868503,19.868521,19.868566,19.868501,19.868721,19.868726,
   **   ~~~   ** Node named LAB_FLR_4 VAV BOX OUTLET NODE shows oscillating temperatures across iterations with a repeated value of 13.187239
   **   ~~~   ** Node named LAB_FLR_4 VAV BOX OUTLET NODE temperature [C] iteration history trace (most recent first): 13.187239,13.187363,13.187365,13.187241,13.187240,13.187250,13.187276,13.187239,13.187363,13.187365,
   **   ~~~   ** Node named OFFICE1_FLR_5 VAV BOX OUTLET NODE shows oscillating temperatures across iterations with a repeated value of 22.944845
   **   ~~~   ** Node named OFFICE1_FLR_5 VAV BOX OUTLET NODE temperature [C] iteration history trace (most recent first): 22.944845,22.945085,22.945090,22.944848,22.944848,22.944867,22.944916,22.944845,22.945085,22.945090,
   **   ~~~   ** Node named OFFICE3_FLR_5 VAV BOX OUTLET NODE shows oscillating temperatures across iterations with a repeated value of 21.762870
   **   ~~~   ** Node named OFFICE3_FLR_5 VAV BOX OUTLET NODE temperature [C] iteration history trace (most recent first): 21.762870,21.763070,21.763074,21.762872,21.762872,21.762888,21.762929,21.762870,21.763070,21.763074,
   **   ~~~   ** Node named OFFICE4_MULT6_FLR_5 VAV BOX OUTLET NODE shows oscillating temperatures across iterations with a repeated value of 19.872601
   **   ~~~   ** Node named OFFICE4_MULT6_FLR_5 VAV BOX OUTLET NODE temperature [C] iteration history trace (most recent first): 19.872601,19.872739,19.872742,19.872603,19.872602,19.872613,19.872642,19.872601,19.872739,19.872742,
   **   ~~~   ** Plant System Named = HEAT RECOVERY WATER LOOP did not converge for temperature
   **   ~~~   ** Check values should be zero. Most Recent values listed first.
   **   ~~~   ** Demand-to-Supply interface temperature check value iteration history trace: 7.214503E-002,4.254677E-002,3.564059E-002,1.228889E-002,4.605529E-002,2.313810E-002,4.072499E-002,1.465991E-002,1.449792E-002,3.592136E-002,
   **   ~~~   ** Supply-to-Demand interface temperature check value iteration history trace: 5.406031E-002,5.342560E-002,2.673514E-002,7.400909E-002,3.440863E-002,2.075437E-002,3.041791E-002,5.612678E-002,1.087702E-002,2.716572E-002,
   **   ~~~   ** Plant System Named = TOWERWATERSYS did not converge for temperature
   **   ~~~   ** Check values should be zero. Most Recent values listed first.
   **   ~~~   ** Demand-to-Supply interface temperature check value iteration history trace: 0.234347,0.134221,0.183634,0.219075,0.154767,0.251682,0.126277,0.189985,0.195564,0.195272,
   **   ~~~   ** Supply-to-Demand interface temperature check value iteration history trace: 0.208732,0.290829,0.150567,0.218146,0.270874,0.194460,0.297283,0.155774,0.236676,0.236915,
   ************* Simulation Error Summary *************
   ************* There are 11 unused schedules in input.
   ************* Use Output:Diagnostics,DisplayUnusedSchedules; to see them.
   *************
   ************* ===== Recurring Error Summary =====
   ************* The following recurring error messages occurred.
   *************
   *************  ** Warning ** "ER_EXAM1_MULT4_FLR_1 SUB CAT" - Target water temperature should be less than or equal to the hot water temperature error continues...
   *************  **   ~~~   **   This error occurred 831523 total times;
   *************  **   ~~~   **   during Warmup 0 times;
   *************  **   ~~~   **   during Sizing 0 times.
   *************  **   ~~~   **   Max=1.818508  Min=0.238868
   *************
   *************  ** Warning ** "ER_TRAUMA1_FLR_1 SUB CAT" - Target water temperature should be less than or equal to the hot water temperature error continues...
   *************  **   ~~~   **   This error occurred 831523 total times;
   *************  **   ~~~   **   during Warmup 0 times;
   *************  **   ~~~   **   during Sizing 0 times.
   *************  **   ~~~   **   Max=1.818508  Min=0.238868
   *************
   *************  ** Warning ** "ER_EXAM3_MULT4_FLR_1 SUB CAT" - Target water temperature should be less than or equal to the hot water temperature error continues...
   *************  **   ~~~   **   This error occurred 831523 total times;
   *************  **   ~~~   **   during Warmup 0 times;
   *************  **   ~~~   **   during Sizing 0 times.
   *************  **   ~~~   **   Max=1.818508  Min=0.238868
   *************
   *************  ** Warning ** "ER_TRAUMA2_FLR_1 SUB CAT" - Target water temperature should be less than or equal to the hot water temperature error continues...
   *************  **   ~~~   **   This error occurred 831523 total times;
   *************  **   ~~~   **   during Warmup 0 times;
   *************  **   ~~~   **   during Sizing 0 times.
   *************  **   ~~~   **   Max=1.818508  Min=0.238868
   *************
   *************  ** Warning ** "ER_TRIAGE_MULT4_FLR_1 SUB CAT" - Target water temperature should be less than or equal to the hot water temperature error continues...
   *************  **   ~~~   **   This error occurred 831523 total times;
   *************  **   ~~~   **   during Warmup 0 times;
   *************  **   ~~~   **   during Sizing 0 times.
   *************  **   ~~~   **   Max=1.818508  Min=0.238868
   *************
   *************  ** Warning ** "PATROOM1_MULT10_FLR_3 SUB CAT" - Target water temperature should be less than or equal to the hot water temperature error continues...
   *************  **   ~~~   **   This error occurred 831523 total times;
   *************  **   ~~~   **   during Warmup 0 times;
   *************  **   ~~~   **   during Sizing 0 times.
   *************  **   ~~~   **   Max=1.818508  Min=0.238868
   *************
   *************  ** Warning ** "PATROOM2_FLR_3 SUB CAT" - Target water temperature should be less than or equal to the hot water temperature error continues...
   *************  **   ~~~   **   This error occurred 831523 total times;
   *************  **   ~~~   **   during Warmup 0 times;
   *************  **   ~~~   **   during Sizing 0 times.
   *************  **   ~~~   **   Max=1.818508  Min=0.238868
   *************
   *************  ** Warning ** "PATROOM3_MULT10_FLR_3 SUB CAT" - Target water temperature should be less than or equal to the hot water temperature error continues...
   *************  **   ~~~   **   This error occurred 831523 total times;
   *************  **   ~~~   **   during Warmup 0 times;
   *************  **   ~~~   **   during Sizing 0 times.
   *************  **   ~~~   **   Max=1.818508  Min=0.238868
   *************
   *************  ** Warning ** "PATROOM4_FLR_3 SUB CAT" - Target water temperature should be less than or equal to the hot water temperature error continues...
   *************  **   ~~~   **   This error occurred 831523 total times;
   *************  **   ~~~   **   during Warmup 0 times;
   *************  **   ~~~   **   during Sizing 0 times.
   *************  **   ~~~   **   Max=1.818508  Min=0.238868
   *************
   *************  ** Warning ** "PATROOM5_MULT10_FLR_3 SUB CAT" - Target water temperature should be less than or equal to the hot water temperature error continues...
   *************  **   ~~~   **   This error occurred 831523 total times;
   *************  **   ~~~   **   during Warmup 0 times;
   *************  **   ~~~   **   during Sizing 0 times.
   *************  **   ~~~   **   Max=1.818508  Min=0.238868
   *************
   *************  ** Warning ** "PATROOM6_FLR_3 SUB CAT" - Target water temperature should be less than or equal to the hot water temperature error continues...
   *************  **   ~~~   **   This error occurred 831523 total times;
   *************  **   ~~~   **   during Warmup 0 times;
   *************  **   ~~~   **   during Sizing 0 times.
   *************  **   ~~~   **   Max=1.818508  Min=0.238868
   *************
   *************  ** Warning ** "PATROOM7_MULT10_FLR_3 SUB CAT" - Target water temperature should be less than or equal to the hot water temperature error continues...
   *************  **   ~~~   **   This error occurred 831523 total times;
   *************  **   ~~~   **   during Warmup 0 times;
   *************  **   ~~~   **   during Sizing 0 times.
   *************  **   ~~~   **   Max=1.818508  Min=0.238868
   *************
   *************  ** Warning ** "PATROOM8_FLR_3 SUB CAT" - Target water temperature should be less than or equal to the hot water temperature error continues...
   *************  **   ~~~   **   This error occurred 831523 total times;
   *************  **   ~~~   **   during Warmup 0 times;
   *************  **   ~~~   **   during Sizing 0 times.
   *************  **   ~~~   **   Max=1.818508  Min=0.238868
   *************
   *************  ** Warning ** "PATROOM1_MULT10_FLR_4 SUB CAT" - Target water temperature should be less than or equal to the hot water temperature error continues...
   *************  **   ~~~   **   This error occurred 831523 total times;
   *************  **   ~~~   **   during Warmup 0 times;
   *************  **   ~~~   **   during Sizing 0 times.
   *************  **   ~~~   **   Max=1.818508  Min=0.238868
   *************
   *************  ** Warning ** "PATROOM2_FLR_4 SUB CAT" - Target water temperature should be less than or equal to the hot water temperature error continues...
   *************  **   ~~~   **   This error occurred 831523 total times;
   *************  **   ~~~   **   during Warmup 0 times;
   *************  **   ~~~   **   during Sizing 0 times.
   *************  **   ~~~   **   Max=1.818508  Min=0.238868
   *************
   *************  ** Warning ** "PATROOM3_MULT10_FLR_4 SUB CAT" - Target water temperature should be less than or equal to the hot water temperature error continues...
   *************  **   ~~~   **   This error occurred 831523 total times;
   *************  **   ~~~   **   during Warmup 0 times;
   *************  **   ~~~   **   during Sizing 0 times.
   *************  **   ~~~   **   Max=1.818508  Min=0.238868
   *************
   *************  ** Warning ** "PATROOM4_FLR_4 SUB CAT" - Target water temperature should be less than or equal to the hot water temperature error continues...
   *************  **   ~~~   **   This error occurred 831523 total times;
   *************  **   ~~~   **   during Warmup 0 times;
   *************  **   ~~~   **   during Sizing 0 times.
   *************  **   ~~~   **   Max=1.818508  Min=0.238868
   *************
   *************  ** Warning ** "PATROOM5_MULT10_FLR_4 SUB CAT" - Target water temperature should be less than or equal to the hot water temperature error continues...
   *************  **   ~~~   **   This error occurred 831523 total times;
   *************  **   ~~~   **   during Warmup 0 times;
   *************  **   ~~~   **   during Sizing 0 times.
   *************  **   ~~~   **   Max=1.818508  Min=0.238868
   *************
   *************  ** Warning ** "RADIOLOGY_FLR_4 SUB CAT" - Target water temperature should be less than or equal to the hot water temperature error continues...
   *************  **   ~~~   **   This error occurred 831523 total times;
   *************  **   ~~~   **   during Warmup 0 times;
   *************  **   ~~~   **   during Sizing 0 times.
   *************  **   ~~~   **   Max=1.818508  Min=0.238868
   *************
   *************  ** Warning ** "PATROOM6_FLR_4 SUB CAT" - Target water temperature should be less than or equal to the hot water temperature error continues...
   *************  **   ~~~   **   This error occurred 831523 total times;
   *************  **   ~~~   **   during Warmup 0 times;
   *************  **   ~~~   **   during Sizing 0 times.
   *************  **   ~~~   **   Max=1.818508  Min=0.238868
   *************
   *************  ** Warning ** "PATROOM7_MULT10_FLR_4 SUB CAT" - Target water temperature should be less than or equal to the hot water temperature error continues...
   *************  **   ~~~   **   This error occurred 831523 total times;
   *************  **   ~~~   **   during Warmup 0 times;
   *************  **   ~~~   **   during Sizing 0 times.
   *************  **   ~~~   **   Max=1.818508  Min=0.238868
   *************
   *************  ** Warning ** "PATROOM8_FLR_4 SUB CAT" - Target water temperature should be less than or equal to the hot water temperature error continues...
   *************  **   ~~~   **   This error occurred 831523 total times;
   *************  **   ~~~   **   during Warmup 0 times;
   *************  **   ~~~   **   during Sizing 0 times.
   *************  **   ~~~   **   Max=1.818508  Min=0.238868
   *************
   *************  ** Warning ** "KITCHEN_FLR_5 SUB CAT" - Target water temperature should be less than or equal to the hot water temperature error continues...
   *************  **   ~~~   **   This error occurred 831523 total times;
   *************  **   ~~~   **   during Warmup 0 times;
   *************  **   ~~~   **   during Sizing 0 times.
   *************  **   ~~~   **   Max=1.818508  Min=0.238868
   *************
   *************  ** Warning ** CoolingTower:VariableSpeed "TOWERWATERSYS COOLTOWER 1" - Tower range temperature is out of range error continues...
   *************  **   ~~~   **   This error occurred 10012 total times;
   *************  **   ~~~   **   during Warmup 0 times;
   *************  **   ~~~   **   during Sizing 0 times.
   *************  **   ~~~   **   Max=13.037288  Min=0.000024
   *************
   *************  ** Warning ** CoolingTower:VariableSpeed "TOWERWATERSYS COOLTOWER 1" - Tower approach temperature is out of range error continues...
   *************  **   ~~~   **   This error occurred 13550 total times;
   *************  **   ~~~   **   during Warmup 0 times;
   *************  **   ~~~   **   during Sizing 0 times.
   *************  **   ~~~   **   Max=36.879279  Min=-4.330981
   *************
   *************  ** Warning ** "OR1_FLR_2 SUB CAT" - Target water temperature should be less than or equal to the hot water temperature error continues...
   *************  **   ~~~   **   This error occurred 479551 total times;
   *************  **   ~~~   **   during Warmup 0 times;
   *************  **   ~~~   **   during Sizing 0 times.
   *************  **   ~~~   **   Max=1.756424  Min=0.238868
   *************
   *************  ** Warning ** "OR2_MULT5_FLR_2 SUB CAT" - Target water temperature should be less than or equal to the hot water temperature error continues...
   *************  **   ~~~   **   This error occurred 479551 total times;
   *************  **   ~~~   **   during Warmup 0 times;
   *************  **   ~~~   **   during Sizing 0 times.
   *************  **   ~~~   **   Max=1.756424  Min=0.238868
   *************
   *************  ** Warning ** "OR3_FLR_2 SUB CAT" - Target water temperature should be less than or equal to the hot water temperature error continues...
   *************  **   ~~~   **   This error occurred 479551 total times;
   *************  **   ~~~   **   during Warmup 0 times;
   *************  **   ~~~   **   during Sizing 0 times.
   *************  **   ~~~   **   Max=1.756424  Min=0.238868
   *************
   *************  ** Warning ** "OR4_FLR_2 SUB CAT" - Target water temperature should be less than or equal to the hot water temperature error continues...
   *************  **   ~~~   **   This error occurred 479551 total times;
   *************  **   ~~~   **   during Warmup 0 times;
   *************  **   ~~~   **   during Sizing 0 times.
   *************  **   ~~~   **   Max=1.756424  Min=0.238868
   *************
   *************  ** Warning ** "PHYSTHERAPY_FLR_3 SUB CAT" - Target water temperature should be less than or equal to the hot water temperature error continues...
   *************  **   ~~~   **   This error occurred 479551 total times;
   *************  **   ~~~   **   during Warmup 0 times;
   *************  **   ~~~   **   during Sizing 0 times.
   *************  **   ~~~   **   Max=1.756424  Min=0.238868
   *************
   *************  ** Warning ** "LAB_FLR_3 SUB CAT" - Target water temperature should be less than or equal to the hot water temperature error continues...
   *************  **   ~~~   **   This error occurred 479551 total times;
   *************  **   ~~~   **   during Warmup 0 times;
   *************  **   ~~~   **   during Sizing 0 times.
   *************  **   ~~~   **   Max=1.756424  Min=0.238868
   *************
   *************  ** Warning ** "LAB_FLR_4 SUB CAT" - Target water temperature should be less than or equal to the hot water temperature error continues...
   *************  **   ~~~   **   This error occurred 479551 total times;
   *************  **   ~~~   **   during Warmup 0 times;
   *************  **   ~~~   **   during Sizing 0 times.
   *************  **   ~~~   **   Max=1.756424  Min=0.238868
   *************
   *************  ** Warning ** CoolingTower:VariableSpeed "TOWERWATERSYS COOLTOWER 1" - Inlet air wet-bulb temperature is out of range error continues...
   *************  **   ~~~   **   This error occurred 759 total times;
   *************  **   ~~~   **   during Warmup 0 times;
   *************  **   ~~~   **   during Sizing 0 times.
   *************  **   ~~~   **   Max=-1.005783  Min=-15.779279
   *************
   *************  ** Warning ** CoolingTower:VariableSpeed "TOWERWATERSYS COOLTOWER 1" - Water flow rate ratio is out of range error continues...
   *************  **   ~~~   **   This error occurred 8916 total times;
   *************  **   ~~~   **   during Warmup 0 times;
   *************  **   ~~~   **   during Sizing 0 times.
   *************  **   ~~~   **   Max=1.252011  Min=0.312923
   *************
   *************  ** Warning ** HeatExchanger:AirToAir:SensibleAndLatent "VAV_1 OA HEAT RECOVERY":  Average air volume flow rate is <50% or >130% warning continues. Air flow rate ratio statistics follow.
   *************  **   ~~~   **   This error occurred 173333 total times;
   *************  **   ~~~   **   during Warmup 0 times;
   *************  **   ~~~   **   during Sizing 0 times.
   *************  **   ~~~   **   Max=2.475368  Min=1.304223
   *************
   *************  ** Warning ** CHILLER:ELECTRIC:REFORMULATEDEIR "COOLSYS1 CHILLER1": The cond outlet temp range in Electric Input to Cooling Output Ratio Function of PLR curve error continues.
   *************  **   ~~~   **   This error occurred 275296 total times;
   *************  **   ~~~   **   during Warmup 0 times;
   *************  **   ~~~   **   during Sizing 0 times.
   *************  **   ~~~   **   Max=31.129536  Min=20.252694
   *************
   *************  ** Warning ** CHILLER:ELECTRIC:REFORMULATEDEIR "COOLSYS1 CHILLER1": The part-load ratio range in Electric Input to Cooling Output Ratio Function of PLRatio curve error continues.
   *************  **   ~~~   **   This error occurred 79264 total times;
   *************  **   ~~~   **   during Warmup 0 times;
   *************  **   ~~~   **   during Sizing 0 times.
   *************  **   ~~~   **   Max=0.189973  Min=0.000000
   *************
   *************  ** Severe  ** FindRootSimpleController: Previous controller action error continues for controller = VAV_1_HEATC_CONTROLLER
   *************  **   ~~~   **   This error occurred 18 total times;
   *************  **   ~~~   **   during Warmup 0 times;
   *************  **   ~~~   **   during Sizing 0 times.
   *************
   *************  ** Warning ** CHILLER:ELECTRIC:REFORMULATEDEIR "COOLSYS1 CHILLER2": The evap outlet temp range in Cooling Capacity Function of Temp curve error continues.
   *************  **   ~~~   **   This error occurred 4678 total times;
   *************  **   ~~~   **   during Warmup 0 times;
   *************  **   ~~~   **   during Sizing 0 times.
   *************  **   ~~~   **   Max=15.107134  Min=10.157839
   *************
   *************  ** Warning ** CHILLER:ELECTRIC:REFORMULATEDEIR "COOLSYS1 CHILLER2": The evap outlet temp range in Electric Input to Cooling Output Ratio Function of Temp curve error continues.
   *************  **   ~~~   **   This error occurred 4678 total times;
   *************  **   ~~~   **   during Warmup 0 times;
   *************  **   ~~~   **   during Sizing 0 times.
   *************  **   ~~~   **   Max=15.107134  Min=10.157839
   *************
   *************  ** Warning ** CHILLER:ELECTRIC:REFORMULATEDEIR "COOLSYS1 CHILLER2": The cond outlet temp range in Electric Input to Cooling Output Ratio Function of PLR curve error continues.
   *************  **   ~~~   **   This error occurred 39310 total times;
   *************  **   ~~~   **   during Warmup 0 times;
   *************  **   ~~~   **   during Sizing 0 times.
   *************  **   ~~~   **   Max=31.129536  Min=21.568892
   *************
   *************  ** Warning ** CHILLER:ELECTRIC:REFORMULATEDEIR "COOLSYS1 CHILLER2": The part-load ratio range in Electric Input to Cooling Output Ratio Function of PLRatio curve error continues.
   *************  **   ~~~   **   This error occurred 4652 total times;
   *************  **   ~~~   **   during Warmup 0 times;
   *************  **   ~~~   **   during Sizing 0 times.
   *************  **   ~~~   **   Max=0.188216  Min=0.000000
   *************
   *************  ** Warning ** CoolingTower:VariableSpeed "TOWERWATERSYS COOLTOWER 2" - Tower approach temperature is out of range error continues...
   *************  **   ~~~   **   This error occurred 4140 total times;
   *************  **   ~~~   **   during Warmup 0 times;
   *************  **   ~~~   **   during Sizing 0 times.
   *************  **   ~~~   **   Max=1.110589  Min=-4.330981
   *************
   *************  ** Warning ** CoolingTower:VariableSpeed "TOWERWATERSYS COOLTOWER 2" - Water flow rate ratio is out of range error continues...
   *************  **   ~~~   **   This error occurred 1623 total times;
   *************  **   ~~~   **   during Warmup 0 times;
   *************  **   ~~~   **   during Sizing 0 times.
   *************  **   ~~~   **   Max=1.252011  Min=1.250001
   *************
   *************  ** Warning ** CoolingTower:VariableSpeed "TOWERWATERSYS COOLTOWER 2" - Tower range temperature is out of range error continues...
   *************  **   ~~~   **   This error occurred 185 total times;
   *************  **   ~~~   **   during Warmup 0 times;
   *************  **   ~~~   **   during Sizing 0 times.
   *************  **   ~~~   **   Max=13.037288  Min=11.112475
   *************
   *************
   ************* ===== Final Error Summary =====
   ************* The following error categories occurred.  Consider correcting or noting.
   ************* Nominally Unused Constructions
   ************* ..The nominally unused constructions warning is provided to alert you to potential conditions that can cause
   ************* ..extra time during simulation. Each construction is calculated by the algorithm indicated in the HeatBalanceAlgorithm
   ************* ..object. You may remove the constructions indicated (when you use the DisplayExtraWarnings option).
   *************
   ************* EnergyPlus Warmup Error Summary. During Warmup: 0 Warning; 0 Severe Errors.
   ************* EnergyPlus Sizing Error Summary. During Sizing: 27 Warning; 0 Severe Errors.
   ************* EnergyPlus Completed Successfully-- 23103897 Warning; 21 Severe Errors; Elapsed Time=00hr 03min 45.14sec
