Date/Time,EU_CELL_ZONE IDEAL LOADS AIR SYSTEM:Zone Ideal Loads Zone Total Heating Energy [J](Hourly) 
 01/01  01:00:00,10131771.271759765 
 01/01  02:00:00,10204648.729377517 
 01/01  03:00:00,10240184.822388127 
 01/01  04:00:00,10401774.490596235 
 01/01  05:00:00,10561913.870037777 
 01/01  06:00:00,10532168.875798853 
 01/01  07:00:00,10481147.00347259 
 01/01  08:00:00,10919343.06507922 
 01/01  09:00:00,12943689.930686008 
 01/01  10:00:00,12797190.681775492 
 01/01  11:00:00,12520227.09224001 
 01/01  12:00:00,11810975.986735085 
 01/01  13:00:00,11093736.440843321 
 01/01  14:00:00,10784331.212374134 
 01/01  15:00:00,8545489.724565163 
 01/01  16:00:00,7766469.504173685 
 01/01  17:00:00,9841082.345968848 
 01/01  18:00:00,9735950.237662448 
 01/01  19:00:00,9272256.148994515 
 01/01  20:00:00,8833250.532834692 
 01/01  21:00:00,10559483.811908789 
 01/01  22:00:00,10725355.0241212 
 01/01  23:00:00,11120088.824278092 
 01/01  24:00:00,11487993.441129604 
 01/02  01:00:00,9555111.099736081 
 01/02  02:00:00,9185523.283321893 
 01/02  03:00:00,9323199.953393683 
 01/02  04:00:00,10068574.802773628 
 01/02  05:00:00,10931792.246078275 
 01/02  06:00:00,11291570.161568347 
 01/02  07:00:00,11401809.299956275 
 01/02  08:00:00,11074991.231517836 
 01/02  09:00:00,10722486.201212058 
 01/02  10:00:00,12834531.407019151 
 01/02  11:00:00,12640802.346521934 
 01/02  12:00:00,11373977.821355406 
 01/02  13:00:00,11256284.798078092 
 01/02  14:00:00,11393281.638652967 
 01/02  15:00:00,11184700.551458294 
 01/02  16:00:00,8817025.666140739 
 01/02  17:00:00,8074731.939786834 
 01/02  18:00:00,7952274.961541042 
 01/02  19:00:00,8535280.161693962 
 01/02  20:00:00,10863180.622845389 
 01/02  21:00:00,10996809.838205736 
 01/02  22:00:00,9025621.948993826 
 01/02  23:00:00,8834038.531181265 
 01/02  24:00:00,9012414.788861116 
 01/03  01:00:00,9113494.32283847 
 01/03  02:00:00,9441769.111199735 
 01/03  03:00:00,9711329.97352205 
 01/03  04:00:00,10056253.060082046 
 01/03  05:00:00,10517040.113230739 
 01/03  06:00:00,10928440.53309559 
 01/03  07:00:00,11041998.484624347 
 01/03  08:00:00,10785255.424910735 
 01/03  09:00:00,10607307.962197838 
 01/03  10:00:00,12851055.849059584 
 01/03  11:00:00,10891826.003405368 
 01/03  12:00:00,9291386.123805948 
 01/03  13:00:00,8741501.885296773 
 01/03  14:00:00,8474669.506219037 
 01/03  15:00:00,9422976.856241528 
 01/03  16:00:00,8843111.724423248 
 01/03  17:00:00,8052977.244850427 
 01/03  18:00:00,8206863.748049919 
 01/03  19:00:00,8223469.295712647 
 01/03  20:00:00,8077983.468606969 
 01/03  21:00:00,7972785.084988516 
 01/03  22:00:00,7856479.74407935 
 01/03  23:00:00,7809977.681703853 
 01/03  24:00:00,8076827.187983615 
 01/04  01:00:00,8346340.580028285 
 01/04  02:00:00,8418828.73016289 
 01/04  03:00:00,8273770.765115987 
 01/04  04:00:00,8255322.124476503 
 01/04  05:00:00,8245666.188006157 
 01/04  06:00:00,8155921.245901902 
 01/04  07:00:00,8082958.985193564 
 01/04  08:00:00,8354743.456172344 
 01/04  09:00:00,10274868.408513516 
 01/04  10:00:00,10128782.016313385 
 01/04  11:00:00,10068943.992041942 
 01/04  12:00:00,9766097.496042836 
 01/04  13:00:00,9480121.158021644 
 01/04  14:00:00,9353967.908422276 
 01/04  15:00:00,7264773.631936014 
 01/04  16:00:00,6828226.717484169 
 01/04  17:00:00,9222349.7358711 
 01/04  18:00:00,9176551.253781235 
 01/04  19:00:00,8315699.481507681 
 01/04  20:00:00,7534168.819718238 
 01/04  21:00:00,9050237.272035308 
 01/04  22:00:00,9127954.487324165 
 01/04  23:00:00,9396215.448765708 
 01/04  24:00:00,9893832.736795787 
 01/05  01:00:00,8233575.020411048 
 01/05  02:00:00,7660798.752385643 
 01/05  03:00:00,7478430.75715684 
 01/05  04:00:00,7551791.033010513 
 01/05  05:00:00,7618661.518001011 
 01/05  06:00:00,7598986.283245579 
 01/05  07:00:00,7607232.588906451 
 01/05  08:00:00,8014309.506791923 
 01/05  09:00:00,9954104.729957426 
 01/05  10:00:00,9959290.02948231 
 01/05  11:00:00,9904600.189275147 
 01/05  12:00:00,9397287.491867006 
 01/05  13:00:00,8767491.084548904 
 01/05  14:00:00,8345728.045263319 
 01/05  15:00:00,6097836.019626539 
 01/05  16:00:00,5550463.766568973 
 01/05  17:00:00,7841464.237681376 
 01/05  18:00:00,7898891.540368955 
 01/05  19:00:00,7744898.476484996 
 01/05  20:00:00,7540891.553744784 
 01/05  21:00:00,9306748.2161522 
 01/05  22:00:00,9513609.043743376 
 01/05  23:00:00,9905863.729382602 
 01/05  24:00:00,10349615.720623722 
 01/06  01:00:00,8653892.519914592 
 01/06  02:00:00,8438649.343989449 
 01/06  03:00:00,8682728.647846084 
 01/06  04:00:00,9015603.321276277 
 01/06  05:00:00,9631208.649848871 
 01/06  06:00:00,10150655.891807165 
 01/06  07:00:00,10144438.516887715 
 01/06  08:00:00,10384372.56998659 
 01/06  09:00:00,12171260.672996076 
 01/06  10:00:00,11994908.154784478 
 01/06  11:00:00,11976224.986169841 
 01/06  12:00:00,11682696.286000893 
 01/06  13:00:00,11247732.580137778 
 01/06  14:00:00,11047756.264397554 
 01/06  15:00:00,9078606.265743801 
 01/06  16:00:00,8531960.430126853 
 01/06  17:00:00,10689604.380863395 
 01/06  18:00:00,10778202.693349048 
 01/06  19:00:00,10607542.117948245 
 01/06  20:00:00,10546647.130899983 
 01/06  21:00:00,12501236.73404811 
 01/06  22:00:00,12672459.766725948 
 01/06  23:00:00,13062221.313099442 
 01/06  24:00:00,13419973.833082544 
 01/07  01:00:00,11697065.364582438 
 01/07  02:00:00,11775608.565739514 
 01/07  03:00:00,12019237.7924709 
 01/07  04:00:00,11640223.078458203 
 01/07  05:00:00,11222943.55595436 
 01/07  06:00:00,11223690.729433324 
 01/07  07:00:00,11372657.563455785 
 01/07  08:00:00,11836087.416935401 
 01/07  09:00:00,13841691.653041169 
 01/07  10:00:00,13880844.239800153 
 01/07  11:00:00,14014445.071251271 
 01/07  12:00:00,14109769.104178257 
 01/07  13:00:00,14068396.952663112 
 01/07  14:00:00,14066646.587417712 
 01/07  15:00:00,12136102.825727783 
 01/07  16:00:00,11811032.147942748 
 01/07  17:00:00,14162007.654555548 
 01/07  18:00:00,14066682.525880624 
 01/07  19:00:00,13406974.355882445 
 01/07  20:00:00,12715609.590899855 
 01/07  21:00:00,14302980.609408008 
 01/07  22:00:00,14421676.609190488 
 01/07  23:00:00,14604513.817541813 
 01/07  24:00:00,14696452.782064201 
 01/08  01:00:00,12864341.78003805 
 01/08  02:00:00,12623513.435334895 
 01/08  03:00:00,12694947.43689778 
 01/08  04:00:00,13061587.743395574 
 01/08  05:00:00,13539104.959411057 
 01/08  06:00:00,13772931.340037387 
 01/08  07:00:00,13888384.750898767 
 01/08  08:00:00,14554766.892857032 
 01/08  09:00:00,16774155.254354663 
 01/08  10:00:00,16758679.681533061 
 01/08  11:00:00,16641152.207872164 
 01/08  12:00:00,15889766.846355246 
 01/08  13:00:00,15086188.257027553 
 01/08  14:00:00,14740708.134709788 
 01/08  15:00:00,12473960.88281602 
 01/08  16:00:00,11957818.03132178 
 01/08  17:00:00,14328093.366392981 
 01/08  18:00:00,14508642.763342494 
 01/08  19:00:00,14348246.335768197 
 01/08  20:00:00,14198689.37188701 
 01/08  21:00:00,16134641.092988562 
 01/08  22:00:00,16366514.03914605 
 01/08  23:00:00,16662309.844972638 
 01/08  24:00:00,16887244.671436444 
 01/09  01:00:00,14982547.957018627 
 01/09  02:00:00,14653576.15382596 
 01/09  03:00:00,14752266.969413184 
 01/09  04:00:00,14992952.021952456 
 01/09  05:00:00,15496286.058186213 
 01/09  06:00:00,15829676.406654676 
 01/09  07:00:00,15958998.473881725 
 01/09  08:00:00,15972572.818027899 
 01/09  09:00:00,15853304.987497292 
 01/09  10:00:00,17964191.42773434 
 01/09  11:00:00,17453310.76690761 
 01/09  12:00:00,15672664.86462497 
 01/09  13:00:00,15161556.049458887 
 01/09  14:00:00,15218975.168296717 
 01/09  15:00:00,15122826.763478376 
 01/09  16:00:00,12936014.98223633 
 01/09  17:00:00,12399424.57114836 
 01/09  18:00:00,12535920.306643002 
 01/09  19:00:00,13427517.060061993 
 01/09  20:00:00,16306269.10577918 
 01/09  21:00:00,17010700.273847803 
 01/09  22:00:00,15185746.878206104 
 01/09  23:00:00,15215915.801792553 
 01/09  24:00:00,15971173.728611626 
 01/10  01:00:00,16413452.335932212 
 01/10  02:00:00,16642174.750485111 
 01/10  03:00:00,16618680.000534434 
 01/10  04:00:00,16487900.215376817 
 01/10  05:00:00,16774733.959409654 
 01/10  06:00:00,17206083.179258578 
 01/10  07:00:00,17351461.307148725 
 01/10  08:00:00,17340658.360476296 
 01/10  09:00:00,17349608.12579095 
 01/10  10:00:00,19644450.092967317 
 01/10  11:00:00,17654457.600531563 
 01/10  12:00:00,15668744.517110005 
 01/10  13:00:00,14618943.74838307 
 01/10  14:00:00,14107367.97470591 
 01/10  15:00:00,14923729.64194882 
 01/10  16:00:00,14349052.183479171 
 01/10  17:00:00,13643332.342880687 
 01/10  18:00:00,13856793.160793416 
 01/10  19:00:00,14441210.405357316 
 01/10  20:00:00,14809575.48231316 
 01/10  21:00:00,14842660.316462995 
 01/10  22:00:00,15167173.756695688 
 01/10  23:00:00,15484808.228826793 
 01/10  24:00:00,15558148.222489275 
 01/11  01:00:00,15533904.925601006 
 01/11  02:00:00,15531039.780997038 
 01/11  03:00:00,15636817.380270856 
 01/11  04:00:00,16154227.332999201 
 01/11  05:00:00,16402449.842491157 
 01/11  06:00:00,16327677.257470006 
 01/11  07:00:00,16289601.170656921 
 01/11  08:00:00,16483170.293424292 
 01/11  09:00:00,18701212.017529894 
 01/11  10:00:00,18999772.676324558 
 01/11  11:00:00,18783141.720576245 
 01/11  12:00:00,17470412.36398036 
 01/11  13:00:00,16272702.110920358 
 01/11  14:00:00,15690557.871557198 
 01/11  15:00:00,13101092.071564198 
 01/11  16:00:00,12246083.275653059 
 01/11  17:00:00,14396026.020520687 
 01/11  18:00:00,14582560.612012766 
 01/11  19:00:00,15035004.633396426 
 01/11  20:00:00,15428344.101424748 
 01/11  21:00:00,17683810.17642027 
 01/11  22:00:00,17801149.72219738 
 01/11  23:00:00,17230191.36329001 
 01/11  24:00:00,17283119.286175463 
 01/12  01:00:00,15647183.8221423 
 01/12  02:00:00,15076626.246900273 
 01/12  03:00:00,14832752.945884936 
 01/12  04:00:00,14486871.804529648 
 01/12  05:00:00,13906308.508035282 
 01/12  06:00:00,13684373.519128576 
 01/12  07:00:00,13730410.7663344 
 01/12  08:00:00,14095084.517167883 
 01/12  09:00:00,15995454.21451882 
 01/12  10:00:00,15732884.611212598 
 01/12  11:00:00,15500333.854361441 
 01/12  12:00:00,15038810.992213722 
 01/12  13:00:00,14528252.324312296 
 01/12  14:00:00,14265692.630153803 
 01/12  15:00:00,12043587.05002472 
 01/12  16:00:00,11277350.468573097 
 01/12  17:00:00,13325543.899419084 
 01/12  18:00:00,13159387.012413427 
 01/12  19:00:00,12354590.220482387 
 01/12  20:00:00,11731575.371090388 
 01/12  21:00:00,13453381.308575973 
 01/12  22:00:00,13618408.076412208 
 01/12  23:00:00,13933406.537298169 
 01/12  24:00:00,13712781.09777792 
 01/13  01:00:00,11572944.388927108 
 01/13  02:00:00,11616252.784456477 
 01/13  03:00:00,11830223.043785501 
 01/13  04:00:00,11846407.114389354 
 01/13  05:00:00,11751824.9285919 
 01/13  06:00:00,11692581.991757577 
 01/13  07:00:00,11759035.443141837 
 01/13  08:00:00,12168111.908873124 
 01/13  09:00:00,14094265.686863959 
 01/13  10:00:00,13943488.312535299 
 01/13  11:00:00,13714247.83514763 
 01/13  12:00:00,12740478.191909797 
 01/13  13:00:00,11907162.687186059 
 01/13  14:00:00,11652746.876062624 
 01/13  15:00:00,9548176.308940692 
 01/13  16:00:00,8902534.015068162 
 01/13  17:00:00,10924729.432504857 
 01/13  18:00:00,10672364.639013775 
 01/13  19:00:00,9832170.482249297 
 01/13  20:00:00,8204033.207554387 
 01/13  21:00:00,7907470.700297591 
 01/13  22:00:00,7648984.007181338 
 01/13  23:00:00,7756922.963024996 
 01/13  24:00:00,7902267.881901683 
 01/14  01:00:00,7915513.74926332 
 01/14  02:00:00,7772247.441853049 
 01/14  03:00:00,7090513.845517931 
 01/14  04:00:00,6453719.662506767 
 01/14  05:00:00,6351604.982400181 
 01/14  06:00:00,6412666.929908051 
 01/14  07:00:00,6554836.464166559 
 01/14  08:00:00,7071404.462855817 
 01/14  09:00:00,8993424.332609871 
 01/14  10:00:00,8971430.531157458 
 01/14  11:00:00,9074574.759999055 
 01/14  12:00:00,8838692.236607013 
 01/14  13:00:00,8468152.606214788 
 01/14  14:00:00,8218803.184756696 
 01/14  15:00:00,5952025.267314855 
 01/14  16:00:00,5313421.1821304485 
 01/14  17:00:00,7821965.1958714025 
 01/14  18:00:00,8207906.688980961 
 01/14  19:00:00,8042446.059049731 
 01/14  20:00:00,7728037.789824022 
 01/14  21:00:00,9584530.538151678 
 01/14  22:00:00,9710738.93759675 
 01/14  23:00:00,10184194.746164588 
 01/14  24:00:00,10819482.123199554 
 01/15  01:00:00,10113688.221211981 
 01/15  02:00:00,9838012.72280227 
 01/15  03:00:00,10791385.332896123 
 01/15  04:00:00,11578365.148341326 
 01/15  05:00:00,12042672.414952597 
 01/15  06:00:00,11356892.9730652 
 01/15  07:00:00,10590876.421192149 
 01/15  08:00:00,10921950.316546464 
 01/15  09:00:00,13214922.488389373 
 01/15  10:00:00,13626408.55167959 
 01/15  11:00:00,13557829.97239017 
 01/15  12:00:00,12122217.356311707 
 01/15  13:00:00,10646042.132105017 
 01/15  14:00:00,10076722.387632417 
 01/15  15:00:00,7773403.030189845 
 01/15  16:00:00,7038783.6125435205 
 01/15  17:00:00,9160603.046562355 
 01/15  18:00:00,9257786.464910677 
 01/15  19:00:00,9088647.586914282 
 01/15  20:00:00,9022297.64999011 
 01/15  21:00:00,10954923.225943938 
 01/15  22:00:00,11234044.109414628 
 01/15  23:00:00,11728589.167540263 
 01/15  24:00:00,12489388.929092338 
 01/16  01:00:00,11844231.763822824 
 01/16  02:00:00,10782426.584846832 
 01/16  03:00:00,10554045.932829166 
 01/16  04:00:00,10401052.692051383 
 01/16  05:00:00,10208679.24010511 
 01/16  06:00:00,9897686.857217269 
 01/16  07:00:00,9828370.41203766 
 01/16  08:00:00,9588954.549112458 
 01/16  09:00:00,9427824.557657963 
 01/16  10:00:00,11658336.432809958 
 01/16  11:00:00,11493855.752753578 
 01/16  12:00:00,10240545.167103939 
 01/16  13:00:00,9831855.733442897 
 01/16  14:00:00,9747682.011637932 
 01/16  15:00:00,9609116.994304266 
 01/16  16:00:00,7287134.350211427 
 01/16  17:00:00,6478382.34392449 
 01/16  18:00:00,6275330.898912609 
 01/16  19:00:00,6636267.68292207 
 01/16  20:00:00,8604234.394393312 
 01/16  21:00:00,8562604.731026242 
 01/16  22:00:00,6561260.479872012 
 01/16  23:00:00,6290013.72511782 
 01/16  24:00:00,6680396.559933837 
 01/17  01:00:00,6862380.052889316 
 01/17  02:00:00,6823792.203444222 
 01/17  03:00:00,6836977.95417329 
 01/17  04:00:00,6946647.4734072955 
 01/17  05:00:00,6760426.433798114 
 01/17  06:00:00,6526268.063283548 
 01/17  07:00:00,6510213.438839991 
 01/17  08:00:00,6437657.229572775 
 01/17  09:00:00,6394471.629051044 
 01/17  10:00:00,8681453.309323324 
 01/17  11:00:00,7002048.374017035 
 01/17  12:00:00,5748068.2604779145 
 01/17  13:00:00,5188962.169321336 
 01/17  14:00:00,4876187.932375851 
 01/17  15:00:00,5874430.288666905 
 01/17  16:00:00,5242157.868820362 
 01/17  17:00:00,4180255.7636289583 
 01/17  18:00:00,4136641.753425823 
 01/17  19:00:00,4399236.074844824 
 01/17  20:00:00,4704042.879581282 
 01/17  21:00:00,5096211.182478126 
 01/17  22:00:00,5435990.1014997205 
 01/17  23:00:00,5799722.362171218 
 01/17  24:00:00,6346807.314955001 
 01/18  01:00:00,6557673.3909757305 
 01/18  02:00:00,6571506.986562324 
 01/18  03:00:00,6698382.88148686 
 01/18  04:00:00,7570170.517923165 
 01/18  05:00:00,7640838.511840961 
 01/18  06:00:00,7675954.376646718 
 01/18  07:00:00,7609685.793471541 
 01/18  08:00:00,7954160.44499163 
 01/18  09:00:00,9853534.040965436 
 01/18  10:00:00,9707759.089890886 
 01/18  11:00:00,9883687.879573997 
 01/18  12:00:00,9500917.688472213 
 01/18  13:00:00,8720506.667721681 
 01/18  14:00:00,8233967.3710208675 
 01/18  15:00:00,5836052.226026161 
 01/18  16:00:00,5055688.456274641 
 01/18  17:00:00,7018079.912177293 
 01/18  18:00:00,6870278.542205505 
 01/18  19:00:00,6361357.926322466 
 01/18  20:00:00,6109214.628122482 
 01/18  21:00:00,8073446.310331801 
 01/18  22:00:00,8161460.612059167 
 01/18  23:00:00,8142643.27338152 
 01/18  24:00:00,8238627.9973645015 
 01/19  01:00:00,6257872.404704113 
 01/19  02:00:00,5755464.206891067 
 01/19  03:00:00,5727983.728575169 
 01/19  04:00:00,5696781.380731927 
 01/19  05:00:00,5818342.456644364 
 01/19  06:00:00,5906909.056827258 
 01/19  07:00:00,5854062.060237266 
 01/19  08:00:00,6196161.216985285 
 01/19  09:00:00,8132783.282251362 
 01/19  10:00:00,7971081.455769965 
 01/19  11:00:00,7892601.123391127 
 01/19  12:00:00,7376491.837904922 
 01/19  13:00:00,6782795.206686295 
 01/19  14:00:00,6739176.375450885 
 01/19  15:00:00,4795686.224358894 
 01/19  16:00:00,4467848.379056652 
 01/19  17:00:00,6901936.507102338 
 01/19  18:00:00,6899184.888838081 
 01/19  19:00:00,6430102.389067776 
 01/19  20:00:00,5391810.079979714 
 01/19  21:00:00,5689288.024823181 
 01/19  22:00:00,6000354.379753795 
 01/19  23:00:00,6634778.642081566 
 01/19  24:00:00,7137681.889904853 
 01/20  01:00:00,7331608.70814422 
 01/20  02:00:00,7408983.007774588 
 01/20  03:00:00,7814311.432661595 
 01/20  04:00:00,8517610.76984234 
 01/20  05:00:00,8724497.647326248 
 01/20  06:00:00,8670932.70277104 
 01/20  07:00:00,8686059.591200948 
 01/20  08:00:00,8962214.60952265 
 01/20  09:00:00,10872104.861995477 
 01/20  10:00:00,10699925.458093531 
 01/20  11:00:00,10472626.29619207 
 01/20  12:00:00,9862272.994771408 
 01/20  13:00:00,9223124.919047546 
 01/20  14:00:00,8553338.615890196 
 01/20  15:00:00,5773707.496685787 
 01/20  16:00:00,4909718.8663644865 
 01/20  17:00:00,7123807.117095354 
 01/20  18:00:00,7074501.037055817 
 01/20  19:00:00,7165390.899765948 
 01/20  20:00:00,7604064.925976073 
 01/20  21:00:00,9494785.7760685 
 01/20  22:00:00,9453628.37245768 
 01/20  23:00:00,10350121.566361649 
 01/20  24:00:00,11069860.527230583 
 01/21  01:00:00,9495422.706247758 
 01/21  02:00:00,9817384.928268654 
 01/21  03:00:00,10014206.637753062 
 01/21  04:00:00,10336627.363782488 
 01/21  05:00:00,11038432.408043738 
 01/21  06:00:00,11292841.143015973 
 01/21  07:00:00,11585025.588637521 
 01/21  08:00:00,12464319.435135234 
 01/21  09:00:00,14702413.39101075 
 01/21  10:00:00,14669306.506503083 
 01/21  11:00:00,13906340.916459179 
 01/21  12:00:00,11955175.73078821 
 01/21  13:00:00,10419824.363057926 
 01/21  14:00:00,9873675.631530898 
 01/21  15:00:00,7455343.600693487 
 01/21  16:00:00,6626897.514203578 
 01/21  17:00:00,8632718.602972737 
 01/21  18:00:00,8604361.512646187 
 01/21  19:00:00,8462156.66655961 
 01/21  20:00:00,8821061.806373924 
 01/21  21:00:00,11323342.928963646 
 01/21  22:00:00,11510121.802898448 
 01/21  23:00:00,11285241.997124122 
 01/21  24:00:00,11407446.158971278 
 01/22  01:00:00,9800305.75281581 
 01/22  02:00:00,9554685.452649241 
 01/22  03:00:00,9713272.623507714 
 01/22  04:00:00,10014041.08351463 
 01/22  05:00:00,10494729.082498912 
 01/22  06:00:00,10977867.880607305 
 01/22  07:00:00,11419816.60511204 
 01/22  08:00:00,12553351.292185932 
 01/22  09:00:00,15058089.712910868 
 01/22  10:00:00,14887272.144975737 
 01/22  11:00:00,14250811.458367316 
 01/22  12:00:00,12825739.730960194 
 01/22  13:00:00,11488840.728390414 
 01/22  14:00:00,10845343.411004074 
 01/22  15:00:00,8434087.638997195 
 01/22  16:00:00,7341589.80384451 
 01/22  17:00:00,8991585.965557551 
 01/22  18:00:00,8707769.32946461 
 01/22  19:00:00,8117373.227141802 
 01/22  20:00:00,7491669.1965645 
 01/22  21:00:00,9576242.43005777 
 01/22  22:00:00,10253792.871235318 
 01/22  23:00:00,10528599.245131448 
 01/22  24:00:00,10731487.970484603 
 01/23  01:00:00,8870286.912608154 
 01/23  02:00:00,8544053.844265826 
 01/23  03:00:00,8512291.443503771 
 01/23  04:00:00,8445273.615128135 
 01/23  05:00:00,8297899.883840574 
 01/23  06:00:00,8151187.003956206 
 01/23  07:00:00,8146544.476164395 
 01/23  08:00:00,8114213.49723401 
 01/23  09:00:00,8143901.23089341 
 01/23  10:00:00,10497098.21515557 
 01/23  11:00:00,10265657.274636295 
 01/23  12:00:00,8577278.810594913 
 01/23  13:00:00,8240297.024989661 
 01/23  14:00:00,8428624.383924173 
 01/23  15:00:00,8245605.549809662 
 01/23  16:00:00,6029243.542051961 
 01/23  17:00:00,5460921.0563814975 
 01/23  18:00:00,5519443.172024939 
 01/23  19:00:00,6554589.313391661 
 01/23  20:00:00,9262006.261983696 
 01/23  21:00:00,9588554.520912455 
 01/23  22:00:00,7877582.111767208 
 01/23  23:00:00,7857184.713014563 
 01/23  24:00:00,8180625.274439309 
 01/24  01:00:00,8617807.576577812 
 01/24  02:00:00,8960528.028518967 
 01/24  03:00:00,9152918.576081185 
 01/24  04:00:00,9228345.811336055 
 01/24  05:00:00,9315567.604142727 
 01/24  06:00:00,9516611.083976941 
 01/24  07:00:00,9574799.898939682 
 01/24  08:00:00,9703474.87006893 
 01/24  09:00:00,9882127.389872646 
 01/24  10:00:00,12181318.816931399 
 01/24  11:00:00,10158140.126988696 
 01/24  12:00:00,8404187.317350829 
 01/24  13:00:00,7313473.824400232 
 01/24  14:00:00,6499355.628461945 
 01/24  15:00:00,7136136.735827821 
 01/24  16:00:00,6410864.372051422 
 01/24  17:00:00,5209048.063502363 
 01/24  18:00:00,5086552.311906322 
 01/24  19:00:00,5530054.494387836 
 01/24  20:00:00,5989115.73025795 
 01/24  21:00:00,6372101.535985658 
 01/24  22:00:00,6802354.549587872 
 01/24  23:00:00,7351576.9099377915 
 01/24  24:00:00,7761655.42043285 
 01/25  01:00:00,7985842.839947245 
 01/25  02:00:00,8342012.371185444 
 01/25  03:00:00,8657625.312074604 
 01/25  04:00:00,9072354.205943927 
 01/25  05:00:00,9644294.184897011 
 01/25  06:00:00,10054576.218798503 
 01/25  07:00:00,10436911.791154781 
 01/25  08:00:00,11288937.627872812 
 01/25  09:00:00,13419485.11834985 
 01/25  10:00:00,13325441.93096769 
 01/25  11:00:00,12954512.643764285 
 01/25  12:00:00,11784192.0786667 
 01/25  13:00:00,10757990.633423679 
 01/25  14:00:00,10328932.077062497 
 01/25  15:00:00,8093009.951409951 
 01/25  16:00:00,7396175.070180602 
 01/25  17:00:00,9625353.681589212 
 01/25  18:00:00,9761182.961511249 
 01/25  19:00:00,9542149.41785897 
 01/25  20:00:00,9295683.792371517 
 01/25  21:00:00,11246129.914475914 
 01/25  22:00:00,11607693.254359195 
 01/25  23:00:00,12090650.573549634 
 01/25  24:00:00,12660267.307796836 
 01/26  01:00:00,11835169.99721009 
 01/26  02:00:00,11095991.230847891 
 01/26  03:00:00,11582666.231473833 
 01/26  04:00:00,11927574.970292944 
 01/26  05:00:00,11998539.502557864 
 01/26  06:00:00,11908738.235046519 
 01/26  07:00:00,11858361.518975075 
 01/26  08:00:00,12098757.869566178 
 01/26  09:00:00,14046211.839154216 
 01/26  10:00:00,14066961.779162474 
 01/26  11:00:00,13905417.586685227 
 01/26  12:00:00,12747731.301524593 
 01/26  13:00:00,11610735.221647322 
 01/26  14:00:00,11133867.825892532 
 01/26  15:00:00,8766182.230629262 
 01/26  16:00:00,7869793.683706658 
 01/26  17:00:00,9605164.118089333 
 01/26  18:00:00,9286201.475006655 
 01/26  19:00:00,9084982.780719753 
 01/26  20:00:00,9120321.501858344 
 01/26  21:00:00,11276372.287035285 
 01/26  22:00:00,11833799.800010402 
 01/26  23:00:00,12921825.830973769 
 01/26  24:00:00,13552845.51993589 
 01/27  01:00:00,11579884.31158582 
 01/27  02:00:00,11397650.213020522 
 01/27  03:00:00,11616865.529979208 
 01/27  04:00:00,11845666.827865724 
 01/27  05:00:00,12030746.629371267 
 01/27  06:00:00,12126014.887511553 
 01/27  07:00:00,12142552.141981572 
 01/27  08:00:00,12563650.574435929 
 01/27  09:00:00,14652245.298329104 
 01/27  10:00:00,14739118.394536998 
 01/27  11:00:00,14691779.207848648 
 01/27  12:00:00,14448703.705624053 
 01/27  13:00:00,14274207.465977805 
 01/27  14:00:00,14179200.95456915 
 01/27  15:00:00,12123979.779950852 
 01/27  16:00:00,11505808.338751543 
 01/27  17:00:00,13500248.25892606 
 01/27  18:00:00,13333445.311196525 
 01/27  19:00:00,12723920.20783824 
 01/27  20:00:00,11241728.382093143 
 01/27  21:00:00,11379210.054128746 
 01/27  22:00:00,11914341.733170342 
 01/27  23:00:00,12620011.56871149 
 01/27  24:00:00,13331534.889139775 
 01/28  01:00:00,13861594.163739495 
 01/28  02:00:00,14283520.409503572 
 01/28  03:00:00,14767080.792782158 
 01/28  04:00:00,15496934.924346 
 01/28  05:00:00,16212796.121930055 
 01/28  06:00:00,16353793.058865312 
 01/28  07:00:00,16279805.109286822 
 01/28  08:00:00,16809993.02049661 
 01/28  09:00:00,19008218.180959236 
 01/28  10:00:00,18868999.937067777 
 01/28  11:00:00,17903802.26741648 
 01/28  12:00:00,15411896.415455248 
 01/28  13:00:00,13301234.3863493 
 01/28  14:00:00,12384500.551120559 
 01/28  15:00:00,9663209.756903429 
 01/28  16:00:00,8268816.182216085 
 01/28  17:00:00,9782419.856704004 
 01/28  18:00:00,9556649.433085117 
 01/28  19:00:00,9517438.648469537 
 01/28  20:00:00,9872498.044733457 
 01/28  21:00:00,12110206.259173783 
 01/28  22:00:00,12401882.852107918 
 01/28  23:00:00,13149058.287482869 
 01/28  24:00:00,14157844.073686158 
 01/29  01:00:00,12923160.26491761 
 01/29  02:00:00,13060469.237542564 
 01/29  03:00:00,13458432.604710195 
 01/29  04:00:00,13999236.842175351 
 01/29  05:00:00,14018133.384230154 
 01/29  06:00:00,13651554.604297591 
 01/29  07:00:00,13308940.84501462 
 01/29  08:00:00,13551529.225201417 
 01/29  09:00:00,16032152.125617724 
 01/29  10:00:00,15937539.25360476 
 01/29  11:00:00,14973734.587319173 
 01/29  12:00:00,13002134.944317289 
 01/29  13:00:00,11289716.845538795 
 01/29  14:00:00,10612127.072116232 
 01/29  15:00:00,8018375.181995528 
 01/29  16:00:00,6683875.244597834 
 01/29  17:00:00,8274365.979118393 
 01/29  18:00:00,8183874.865103858 
 01/29  19:00:00,8124982.825514447 
 01/29  20:00:00,8200077.648722289 
 01/29  21:00:00,10108271.267262168 
 01/29  22:00:00,10297369.834163541 
 01/29  23:00:00,10823063.913580181 
 01/29  24:00:00,11222312.598114802 
 01/30  01:00:00,9387801.742765078 
 01/30  02:00:00,9161912.385423841 
 01/30  03:00:00,9615432.997466646 
 01/30  04:00:00,10305154.160254896 
 01/30  05:00:00,10723753.220625535 
 01/30  06:00:00,10863105.511967842 
 01/30  07:00:00,10952293.854034536 
 01/30  08:00:00,10936664.736375479 
 01/30  09:00:00,10934249.618467188 
 01/30  10:00:00,13242983.265397102 
 01/30  11:00:00,12811606.042738061 
 01/30  12:00:00,10679641.81585989 
 01/30  13:00:00,9754388.279064417 
 01/30  14:00:00,9488081.853666697 
 01/30  15:00:00,9038858.849084835 
 01/30  16:00:00,6649857.937931111 
 01/30  17:00:00,5924406.05790535 
 01/30  18:00:00,5872858.451995925 
 01/30  19:00:00,6737869.788461056 
 01/30  20:00:00,9452958.294061886 
 01/30  21:00:00,9971227.88800145 
 01/30  22:00:00,8627490.71097581 
 01/30  23:00:00,8940849.256986799 
 01/30  24:00:00,9028532.884427767 
 01/31  01:00:00,9073356.113873404 
 01/31  02:00:00,9621472.57386552 
 01/31  03:00:00,10053079.81555187 
 01/31  04:00:00,10598162.728163471 
 01/31  05:00:00,11075354.636359187 
 01/31  06:00:00,11366370.771796523 
 01/31  07:00:00,11604307.717080845 
 01/31  08:00:00,11752867.093937008 
 01/31  09:00:00,12016168.727215273 
 01/31  10:00:00,14191181.717694152 
 01/31  11:00:00,11745937.399543088 
 01/31  12:00:00,9314505.95041385 
 01/31  13:00:00,7876548.247529336 
 01/31  14:00:00,7066920.583766595 
 01/31  15:00:00,6455416.974844705 
 01/31  16:00:00,7726144.12663693 
 01/31  17:00:00,6410987.357233945 
 01/31  18:00:00,6131437.411967901 
 01/31  19:00:00,6622492.724424993 
 01/31  20:00:00,7147501.565337194 
 01/31  21:00:00,7552022.969599122 
 01/31  22:00:00,7887972.048936007 
 01/31  23:00:00,8472662.119342847 
 01/31  24:00:00,9016755.414088685 
 02/01  01:00:00,9331629.529797463 
 02/01  02:00:00,10584137.515187357 
 02/01  03:00:00,10564948.076419024 
 02/01  04:00:00,11356220.509125976 
 02/01  05:00:00,11600310.673774948 
 02/01  06:00:00,11924574.970668808 
 02/01  07:00:00,12635871.911508612 
 02/01  08:00:00,13323044.668888489 
 02/01  09:00:00,15197559.78357774 
 02/01  10:00:00,14625775.087805804 
 02/01  11:00:00,13594081.931280283 
 02/01  12:00:00,12156287.046460541 
 02/01  13:00:00,11065852.361540452 
 02/01  14:00:00,10567031.800055968 
 02/01  15:00:00,8160392.455164409 
 02/01  16:00:00,7289576.343334299 
 02/01  17:00:00,9317623.514379397 
 02/01  18:00:00,9218202.49714017 
 02/01  19:00:00,9299324.241677443 
 02/01  20:00:00,9757839.947463091 
 02/01  21:00:00,12310882.624550471 
 02/01  22:00:00,13194028.424458882 
 02/01  23:00:00,14400389.091471173 
 02/01  24:00:00,15365878.476243854 
 02/02  01:00:00,13747538.72631898 
 02/02  02:00:00,13706892.102058932 
 02/02  03:00:00,14017027.754876267 
 02/02  04:00:00,14697195.927707588 
 02/02  05:00:00,15289061.18925782 
 02/02  06:00:00,15519596.97122601 
 02/02  07:00:00,15709437.515520403 
 02/02  08:00:00,16196817.275961865 
 02/02  09:00:00,18354690.0105132 
 02/02  10:00:00,17747514.776765525 
 02/02  11:00:00,16415093.54327867 
 02/02  12:00:00,14188323.97740801 
 02/02  13:00:00,12355015.14205035 
 02/02  14:00:00,11688036.2147612 
 02/02  15:00:00,9148315.914330574 
 02/02  16:00:00,7960176.231635016 
 02/02  17:00:00,9626200.253744949 
 02/02  18:00:00,9379662.896997742 
 02/02  19:00:00,8917442.705196586 
 02/02  20:00:00,8409197.983512016 
 02/02  21:00:00,10510436.35637593 
 02/02  22:00:00,11448654.96895288 
 02/02  23:00:00,13462824.698244374 
 02/02  24:00:00,15522389.198167287 
 02/03  01:00:00,14413709.64686284 
 02/03  02:00:00,14489001.285420448 
 02/03  03:00:00,14810500.979819477 
 02/03  04:00:00,15415179.306662042 
 02/03  05:00:00,15871684.09289441 
 02/03  06:00:00,15981638.804505154 
 02/03  07:00:00,15990270.000309786 
 02/03  08:00:00,16311822.204220017 
 02/03  09:00:00,18373068.306359783 
 02/03  10:00:00,17824291.92246174 
 02/03  11:00:00,16635293.12128983 
 02/03  12:00:00,14005136.852628963 
 02/03  13:00:00,11660445.03141039 
 02/03  14:00:00,10793274.89051871 
 02/03  15:00:00,8108888.651156744 
 02/03  16:00:00,6570888.473173398 
 02/03  17:00:00,7921791.20895787 
 02/03  18:00:00,7618926.462642843 
 02/03  19:00:00,7016592.723392837 
 02/03  20:00:00,6368257.495369805 
 02/03  21:00:00,8831955.866158351 
 02/03  22:00:00,10020861.268993571 
 02/03  23:00:00,10815648.032193651 
 02/03  24:00:00,11342648.598010406 
 02/04  01:00:00,9340779.992023852 
 02/04  02:00:00,8610402.333862398 
 02/04  03:00:00,8763835.628534464 
 02/04  04:00:00,8957129.653459644 
 02/04  05:00:00,8650422.149120953 
 02/04  06:00:00,8543971.048920598 
 02/04  07:00:00,8603122.173218543 
 02/04  08:00:00,9036110.253956519 
 02/04  09:00:00,11194680.77192925 
 02/04  10:00:00,11186004.248821989 
 02/04  11:00:00,10994993.861471381 
 02/04  12:00:00,10449033.974765977 
 02/04  13:00:00,9971919.530924182 
 02/04  14:00:00,9849689.748000337 
 02/04  15:00:00,7834566.595287387 
 02/04  16:00:00,7069095.37178829 
 02/04  17:00:00,9003032.007354014 
 02/04  18:00:00,8925537.073553741 
 02/04  19:00:00,8150788.233132146 
 02/04  20:00:00,7238343.4839572245 
 02/04  21:00:00,8621115.880308973 
 02/04  22:00:00,8466276.996112397 
 02/04  23:00:00,8523355.888834279 
 02/04  24:00:00,8480949.24045401 
 02/05  01:00:00,6277731.703022465 
 02/05  02:00:00,5863100.068101481 
 02/05  03:00:00,5852259.077619309 
 02/05  04:00:00,6118644.4803112 
 02/05  05:00:00,6692204.9834736055 
 02/05  06:00:00,7031953.145665443 
 02/05  07:00:00,7345830.882097243 
 02/05  08:00:00,8009027.927833475 
 02/05  09:00:00,10195443.148604775 
 02/05  10:00:00,10022534.899830453 
 02/05  11:00:00,9652298.478693882 
 02/05  12:00:00,9108774.325213104 
 02/05  13:00:00,8437617.859748611 
 02/05  14:00:00,7993346.581929173 
 02/05  15:00:00,5603921.687876329 
 02/05  16:00:00,4786141.769217561 
 02/05  17:00:00,6803002.890572037 
 02/05  18:00:00,6769265.391599228 
 02/05  19:00:00,6461547.096240416 
 02/05  20:00:00,6300972.3570042215 
 02/05  21:00:00,8389493.871642148 
 02/05  22:00:00,8803756.274319246 
 02/05  23:00:00,9312932.88324204 
 02/05  24:00:00,9767571.012512635 
 02/06  01:00:00,8062386.09891854 
 02/06  02:00:00,7984210.311320379 
 02/06  03:00:00,8123961.78979533 
 02/06  04:00:00,8411441.854355216 
 02/06  05:00:00,8917870.48908104 
 02/06  06:00:00,9258912.115419896 
 02/06  07:00:00,9497194.330395063 
 02/06  08:00:00,9655123.283518508 
 02/06  09:00:00,9673781.913059456 
 02/06  10:00:00,11752801.417030044 
 02/06  11:00:00,11204670.557918625 
 02/06  12:00:00,9043393.789227793 
 02/06  13:00:00,7986230.84330566 
 02/06  14:00:00,7589728.409790501 
 02/06  15:00:00,6950242.87031747 
 02/06  16:00:00,4337698.360305009 
 02/06  17:00:00,3604394.045501093 
 02/06  18:00:00,3647561.323156463 
 02/06  19:00:00,4684482.619002733 
 02/06  20:00:00,7948443.542119116 
 02/06  21:00:00,8834808.259151684 
 02/06  22:00:00,6935529.599556087 
 02/06  23:00:00,6919323.488766989 
 02/06  24:00:00,8250904.8517255075 
 02/07  01:00:00,9298826.300482262 
 02/07  02:00:00,9641459.68848127 
 02/07  03:00:00,10090433.162530787 
 02/07  04:00:00,10863270.468872793 
 02/07  05:00:00,11510240.01558021 
 02/07  06:00:00,11694379.84311053 
 02/07  07:00:00,12014251.896730693 
 02/07  08:00:00,12399362.410126673 
 02/07  09:00:00,12454545.475658005 
 02/07  10:00:00,14151753.070645038 
 02/07  11:00:00,11546372.159569822 
 02/07  12:00:00,9324178.855192268 
 02/07  13:00:00,7753497.9279529415 
 02/07  14:00:00,6939973.558300449 
 02/07  15:00:00,6513460.070062056 
 02/07  16:00:00,7583998.642225495 
 02/07  17:00:00,8001380.944927576 
 02/07  18:00:00,6717171.623157597 
 02/07  19:00:00,6610353.299287731 
 02/07  20:00:00,7097387.115882095 
 02/07  21:00:00,6938225.088005959 
 02/07  22:00:00,7018945.444058092 
 02/07  23:00:00,7346520.036752383 
 02/07  24:00:00,8453635.808306634 
 02/08  01:00:00,8665849.015154582 
 02/08  02:00:00,8296536.223925594 
 02/08  03:00:00,8222842.713326688 
 02/08  04:00:00,9024117.94344239 
 02/08  05:00:00,8088473.284919938 
 02/08  06:00:00,7951377.483706713 
 02/08  07:00:00,7950506.048298699 
 02/08  08:00:00,8319094.867037084 
 02/08  09:00:00,10343449.79692148 
 02/08  10:00:00,10274111.977887 
 02/08  11:00:00,10300124.763008825 
 02/08  12:00:00,10109855.403583253 
 02/08  13:00:00,9755341.85876792 
 02/08  14:00:00,9553225.369342066 
 02/08  15:00:00,7238388.578039122 
 02/08  16:00:00,6536936.069731337 
 02/08  17:00:00,8638556.26776286 
 02/08  18:00:00,8379705.240616512 
 02/08  19:00:00,7845006.872495532 
 02/08  20:00:00,7624292.905417233 
 02/08  21:00:00,9511838.303264285 
 02/08  22:00:00,9687101.921501897 
 02/08  23:00:00,10129644.366429223 
 02/08  24:00:00,10848094.180051742 
 02/09  01:00:00,9332702.733530592 
 02/09  02:00:00,9129671.894175658 
 02/09  03:00:00,9265783.796743825 
 02/09  04:00:00,9607469.4348292 
 02/09  05:00:00,9948366.350430181 
 02/09  06:00:00,10190301.898300184 
 02/09  07:00:00,10249466.617973195 
 02/09  08:00:00,10601925.568958992 
 02/09  09:00:00,12755077.724849116 
 02/09  10:00:00,12425473.9223889 
 02/09  11:00:00,11455775.360495033 
 02/09  12:00:00,10281175.612823762 
 02/09  13:00:00,9661740.843424939 
 02/09  14:00:00,9485466.354091508 
 02/09  15:00:00,7252288.765801804 
 02/09  16:00:00,6501417.864137355 
 02/09  17:00:00,8677586.445413247 
 02/09  18:00:00,8754481.638652066 
 02/09  19:00:00,8647299.875118934 
 02/09  20:00:00,8925964.642298015 
 02/09  21:00:00,11323333.174049424 
 02/09  22:00:00,11916716.923034454 
 02/09  23:00:00,12789814.191460656 
 02/09  24:00:00,13602451.93734655 
 02/10  01:00:00,12142433.896403065 
 02/10  02:00:00,12302383.054401716 
 02/10  03:00:00,12920883.652994482 
 02/10  04:00:00,13546864.98291046 
 02/10  05:00:00,14139630.345656104 
 02/10  06:00:00,14471087.289037677 
 02/10  07:00:00,14396784.819117667 
 02/10  08:00:00,14740117.821643043 
 02/10  09:00:00,16516360.865837 
 02/10  10:00:00,15943358.72071438 
 02/10  11:00:00,15102035.499256894 
 02/10  12:00:00,13582530.810107877 
 02/10  13:00:00,12331237.920371866 
 02/10  14:00:00,11774216.013324723 
 02/10  15:00:00,9385138.795091256 
 02/10  16:00:00,8559916.340972425 
 02/10  17:00:00,10493636.608199337 
 02/10  18:00:00,10267719.103389617 
 02/10  19:00:00,9857771.301436717 
 02/10  20:00:00,8439418.591751238 
 02/10  21:00:00,8360293.105221255 
 02/10  22:00:00,8752661.574776277 
 02/10  23:00:00,9770247.766295 
 02/10  24:00:00,10371248.96544191 
 02/11  01:00:00,10484622.299184619 
 02/11  02:00:00,10871747.841057621 
 02/11  03:00:00,11430726.946031015 
 02/11  04:00:00,12499158.974054217 
 02/11  05:00:00,14042752.982349599 
 02/11  06:00:00,15162540.447055148 
 02/11  07:00:00,15785408.048465693 
 02/11  08:00:00,16455348.325066516 
 02/11  09:00:00,18073298.96431459 
 02/11  10:00:00,16958886.679260187 
 02/11  11:00:00,15826055.030159561 
 02/11  12:00:00,14562836.61683207 
 02/11  13:00:00,13708197.269621158 
 02/11  14:00:00,13348724.785867605 
 02/11  15:00:00,11077113.978223804 
 02/11  16:00:00,10428042.624049153 
 02/11  17:00:00,12756057.760825727 
 02/11  18:00:00,12755238.086907068 
 02/11  19:00:00,12437579.233597744 
 02/11  20:00:00,12481832.223027086 
 02/11  21:00:00,14608233.898842333 
 02/11  22:00:00,15070207.767810587 
 02/11  23:00:00,15947623.632207736 
 02/11  24:00:00,16806458.79057956 
 02/12  01:00:00,15147085.077585386 
 02/12  02:00:00,14832676.754591106 
 02/12  03:00:00,14926233.466612719 
 02/12  04:00:00,15402054.802021306 
 02/12  05:00:00,16192229.056855155 
 02/12  06:00:00,16697069.056082638 
 02/12  07:00:00,16725657.415584415 
 02/12  08:00:00,17253364.32293805 
 02/12  09:00:00,19536823.385288365 
 02/12  10:00:00,18694735.884670783 
 02/12  11:00:00,17384919.000330336 
 02/12  12:00:00,15566598.567325894 
 02/12  13:00:00,13907445.288824813 
 02/12  14:00:00,13135733.70724053 
 02/12  15:00:00,10379751.56804238 
 02/12  16:00:00,9234142.608787619 
 02/12  17:00:00,11236680.096244795 
 02/12  18:00:00,11227010.445826003 
 02/12  19:00:00,10933579.135634333 
 02/12  20:00:00,11032181.170194592 
 02/12  21:00:00,13128000.6700918 
 02/12  22:00:00,13275080.712697495 
 02/12  23:00:00,13816052.601510078 
 02/12  24:00:00,14499262.9927937 
 02/13  01:00:00,13080791.84859419 
 02/13  02:00:00,13281237.928829998 
 02/13  03:00:00,13739012.682797922 
 02/13  04:00:00,14140210.447756184 
 02/13  05:00:00,14587701.3835701 
 02/13  06:00:00,14921993.014608974 
 02/13  07:00:00,15148081.769303149 
 02/13  08:00:00,15315095.096367644 
 02/13  09:00:00,15506128.277478013 
 02/13  10:00:00,17585293.191259824 
 02/13  11:00:00,16719501.743944723 
 02/13  12:00:00,14785901.313980948 
 02/13  13:00:00,14250110.17717297 
 02/13  14:00:00,14106260.217240768 
 02/13  15:00:00,13536489.803506734 
 02/13  16:00:00,11055491.312415326 
 02/13  17:00:00,10197502.732203629 
 02/13  18:00:00,9884877.891308218 
 02/13  19:00:00,10714179.748089897 
 02/13  20:00:00,13494813.377695804 
 02/13  21:00:00,13925404.909945456 
 02/13  22:00:00,12348445.682594178 
 02/13  23:00:00,12716308.909250371 
 02/13  24:00:00,13639418.05353738 
 02/14  01:00:00,14306956.675365549 
 02/14  02:00:00,14856335.851045402 
 02/14  03:00:00,15395093.72574425 
 02/14  04:00:00,16083878.034735192 
 02/14  05:00:00,16751696.03263456 
 02/14  06:00:00,17069226.795967385 
 02/14  07:00:00,17147434.96612926 
 02/14  08:00:00,17315161.93773016 
 02/14  09:00:00,16996956.969736278 
 02/14  10:00:00,18587090.158308975 
 02/14  11:00:00,16199614.12916695 
 02/14  12:00:00,13888458.098424349 
 02/14  13:00:00,12600684.185132472 
 02/14  14:00:00,11925440.224059958 
 02/14  15:00:00,12621287.290495116 
 02/14  16:00:00,11749008.25943396 
 02/14  17:00:00,10402210.740293253 
 02/14  18:00:00,10254561.435306482 
 02/14  19:00:00,10896550.711032998 
 02/14  20:00:00,11217797.862131799 
 02/14  21:00:00,10971250.004682101 
 02/14  22:00:00,11828312.797449926 
 02/14  23:00:00,12995462.067565957 
 02/14  24:00:00,13628676.207034502 
 02/15  01:00:00,14112541.795513721 
 02/15  02:00:00,14037631.444582462 
 02/15  03:00:00,13639056.33331977 
 02/15  04:00:00,13455083.018442677 
 02/15  05:00:00,13264586.408806313 
 02/15  06:00:00,13071394.511842875 
 02/15  07:00:00,13023677.176448137 
 02/15  08:00:00,13406764.949165827 
 02/15  09:00:00,15419735.190513939 
 02/15  10:00:00,15328513.711611224 
 02/15  11:00:00,15154214.610767145 
 02/15  12:00:00,14609914.502287354 
 02/15  13:00:00,14217158.777227417 
 02/15  14:00:00,14180365.636247553 
 02/15  15:00:00,12205603.014400693 
 02/15  16:00:00,11818076.342522983 
 02/15  17:00:00,14169746.75534074 
 02/15  18:00:00,14284786.538972525 
 02/15  19:00:00,13724136.307417123 
 02/15  20:00:00,13075364.736289987 
 02/15  21:00:00,14664594.477871072 
 02/15  22:00:00,14678868.479051348 
 02/15  23:00:00,14752039.224047558 
 02/15  24:00:00,14665785.567423476 
 02/16  01:00:00,12521885.06951825 
 02/16  02:00:00,12019566.948884461 
 02/16  03:00:00,11884346.453874763 
 02/16  04:00:00,11873648.307483822 
 02/16  05:00:00,11885848.03024409 
 02/16  06:00:00,11840943.288646534 
 02/16  07:00:00,11829532.89660709 
 02/16  08:00:00,12154410.659749577 
 02/16  09:00:00,14080543.920618996 
 02/16  10:00:00,13794642.794072466 
 02/16  11:00:00,13518291.909830298 
 02/16  12:00:00,13002675.337373093 
 02/16  13:00:00,12471853.435464822 
 02/16  14:00:00,12208618.665207297 
 02/16  15:00:00,9983471.002429964 
 02/16  16:00:00,9198724.647289041 
 02/16  17:00:00,11006389.303529996 
 02/16  18:00:00,10678974.464379767 
 02/16  19:00:00,9796562.888424054 
 02/16  20:00:00,8956744.207466424 
 02/16  21:00:00,10511035.970375137 
 02/16  22:00:00,10506469.48015033 
 02/16  23:00:00,10593235.042961948 
 02/16  24:00:00,10555195.40180277 
 02/17  01:00:00,8374505.394197705 
 02/17  02:00:00,7877485.796471762 
 02/17  03:00:00,7726095.928536794 
 02/17  04:00:00,7643311.4565358525 
 02/17  05:00:00,7678336.812250084 
 02/17  06:00:00,7690135.525904985 
 02/17  07:00:00,7677553.955494618 
 02/17  08:00:00,8129043.026945391 
 02/17  09:00:00,10149942.557097284 
 02/17  10:00:00,10083188.421891836 
 02/17  11:00:00,10059979.056841685 
 02/17  12:00:00,9907615.847964738 
 02/17  13:00:00,9692583.827004315 
 02/17  14:00:00,9467744.06314293 
 02/17  15:00:00,7126364.679574003 
 02/17  16:00:00,6469628.68435982 
 02/17  17:00:00,9024907.202583738 
 02/17  18:00:00,9167951.329053897 
 02/17  19:00:00,8570567.508905757 
 02/17  20:00:00,8022711.987076264 
 02/17  21:00:00,9717845.898388356 
 02/17  22:00:00,9938373.702499509 
 02/17  23:00:00,10264743.397794351 
 02/17  24:00:00,10504197.529952971 
 02/18  01:00:00,8633533.812345888 
 02/18  02:00:00,8328434.558578062 
 02/18  03:00:00,8528357.148754232 
 02/18  04:00:00,8848464.279799476 
 02/18  05:00:00,9497530.329013655 
 02/18  06:00:00,9885609.865354879 
 02/18  07:00:00,10241952.83716338 
 02/18  08:00:00,10995049.447409023 
 02/18  09:00:00,12951224.34723182 
 02/18  10:00:00,12763999.560875915 
 02/18  11:00:00,12497607.002036255 
 02/18  12:00:00,11628212.184188532 
 02/18  13:00:00,10954147.459000405 
 02/18  14:00:00,10754887.121266779 
 02/18  15:00:00,8466086.70090795 
 02/18  16:00:00,7631962.086746046 
 02/18  17:00:00,9555479.637211852 
 02/18  18:00:00,9392267.02197426 
 02/18  19:00:00,8842191.785752842 
 02/18  20:00:00,8438100.921980463 
 02/18  21:00:00,10251784.230048902 
 02/18  22:00:00,10422244.186653232 
 02/18  23:00:00,10818990.634685507 
 02/18  24:00:00,11273167.114378702 
 02/19  01:00:00,9534838.549816106 
 02/19  02:00:00,9218237.76557572 
 02/19  03:00:00,9253022.308982562 
 02/19  04:00:00,9408419.492818408 
 02/19  05:00:00,9554126.335810693 
 02/19  06:00:00,9573284.394268708 
 02/19  07:00:00,9540573.207366753 
 02/19  08:00:00,9931044.50386852 
 02/19  09:00:00,11915189.126619311 
 02/19  10:00:00,11795720.370800043 
 02/19  11:00:00,11554283.926449168 
 02/19  12:00:00,11012290.245938445 
 02/19  13:00:00,10694389.990291515 
 02/19  14:00:00,10701718.802500946 
 02/19  15:00:00,8589528.563055217 
 02/19  16:00:00,7808523.4436068265 
 02/19  17:00:00,9732746.866274886 
 02/19  18:00:00,9786730.930765439 
 02/19  19:00:00,9712251.520332789 
 02/19  20:00:00,9669578.965615157 
 02/19  21:00:00,12030915.65528374 
 02/19  22:00:00,12866115.43053696 
 02/19  23:00:00,13871076.796897903 
 02/19  24:00:00,14538700.928737387 
 02/20  01:00:00,13512702.844720654 
 02/20  02:00:00,12451342.715333652 
 02/20  03:00:00,12536803.002324535 
 02/20  04:00:00,12753842.268481113 
 02/20  05:00:00,13216297.112689836 
 02/20  06:00:00,13503481.257790403 
 02/20  07:00:00,13719187.36934131 
 02/20  08:00:00,13879845.454616573 
 02/20  09:00:00,14050438.740429616 
 02/20  10:00:00,15694390.9391951 
 02/20  11:00:00,14396256.69477135 
 02/20  12:00:00,12070486.290854942 
 02/20  13:00:00,10941263.685873691 
 02/20  14:00:00,10410055.518680481 
 02/20  15:00:00,9900804.322978009 
 02/20  16:00:00,7600716.860117726 
 02/20  17:00:00,7020645.064410013 
 02/20  18:00:00,7088496.464003079 
 02/20  19:00:00,7850889.61434774 
 02/20  20:00:00,10357237.277847167 
 02/20  21:00:00,10866365.315961955 
 02/20  22:00:00,9346377.083161052 
 02/20  23:00:00,9951631.917944387 
 02/20  24:00:00,10979320.732186424 
 02/21  01:00:00,11486495.862723535 
 02/21  02:00:00,11691781.82391943 
 02/21  03:00:00,11510092.625355864 
 02/21  04:00:00,10931882.449743878 
 02/21  05:00:00,10530699.879396982 
 02/21  06:00:00,10792825.260224711 
 02/21  07:00:00,11000893.580077164 
 02/21  08:00:00,10969371.786839865 
 02/21  09:00:00,11039363.777975889 
 02/21  10:00:00,13561545.351026347 
 02/21  11:00:00,12182729.98570284 
 02/21  12:00:00,11306514.430847704 
 02/21  13:00:00,10897952.993009077 
 02/21  14:00:00,10397470.295511995 
 02/21  15:00:00,11098235.539255815 
 02/21  16:00:00,10165260.648722485 
 02/21  17:00:00,8644343.514604514 
 02/21  18:00:00,7942725.218452562 
 02/21  19:00:00,7656226.919741424 
 02/21  20:00:00,7666428.668339787 
 02/21  21:00:00,7725863.01389664 
 02/21  22:00:00,7770173.297602511 
 02/21  23:00:00,7798156.918385049 
 02/21  24:00:00,7928068.567117415 
 02/22  01:00:00,7941527.442725802 
 02/22  02:00:00,7873759.565748191 
 02/22  03:00:00,7799064.2029362675 
 02/22  04:00:00,7663518.202491225 
 02/22  05:00:00,7492324.373988108 
 02/22  06:00:00,7354408.547633772 
 02/22  07:00:00,7298560.8037646 
 02/22  08:00:00,7675625.252706761 
 02/22  09:00:00,9524897.337048385 
 02/22  10:00:00,9185710.279612733 
 02/22  11:00:00,8900417.928028125 
 02/22  12:00:00,8219137.183690275 
 02/22  13:00:00,7817509.8108855365 
 02/22  14:00:00,7657152.568661302 
 02/22  15:00:00,5081390.123137093 
 02/22  16:00:00,4353551.79409289 
 02/22  17:00:00,6837199.484467245 
 02/22  18:00:00,6785665.246323939 
 02/22  19:00:00,6474031.21178671 
 02/22  20:00:00,6221430.325909802 
 02/22  21:00:00,8098324.729461534 
 02/22  22:00:00,8361486.907454553 
 02/22  23:00:00,8681495.12318321 
 02/22  24:00:00,9101068.151833786 
 02/23  01:00:00,7228022.206730714 
 02/23  02:00:00,6915396.20251194 
 02/23  03:00:00,7116176.744861333 
 02/23  04:00:00,7314838.237643766 
 02/23  05:00:00,7305565.8596753795 
 02/23  06:00:00,7250646.42523149 
 02/23  07:00:00,7244158.121762318 
 02/23  08:00:00,7677188.866202968 
 02/23  09:00:00,9713121.571372205 
 02/23  10:00:00,9263694.688591106 
 02/23  11:00:00,8831500.92837201 
 02/23  12:00:00,8165455.842950217 
 02/23  13:00:00,7435802.255368747 
 02/23  14:00:00,7108162.3360774135 
 02/23  15:00:00,4877337.637566809 
 02/23  16:00:00,4413033.710288106 
 02/23  17:00:00,7014953.968958838 
 02/23  18:00:00,7309943.899074648 
 02/23  19:00:00,7073088.019826338 
 02/23  20:00:00,6757482.129599212 
 02/23  21:00:00,8547616.871220548 
 02/23  22:00:00,8849764.704800801 
 02/23  23:00:00,9159724.240067992 
 02/23  24:00:00,9226343.343540052 
 02/24  01:00:00,7078758.95639065 
 02/24  02:00:00,6620749.158278104 
 02/24  03:00:00,6704620.583294833 
 02/24  04:00:00,6814562.133250414 
 02/24  05:00:00,6964367.075732562 
 02/24  06:00:00,7095401.757941584 
 02/24  07:00:00,7093975.779407846 
 02/24  08:00:00,7616185.926158433 
 02/24  09:00:00,9914586.926202552 
 02/24  10:00:00,9657768.877687668 
 02/24  11:00:00,9212255.417233486 
 02/24  12:00:00,8216129.436877502 
 02/24  13:00:00,7128603.714358458 
 02/24  14:00:00,6726343.324881466 
 02/24  15:00:00,4398515.39060192 
 02/24  16:00:00,3676575.6819151198 
 02/24  17:00:00,5900953.694166853 
 02/24  18:00:00,5903548.46412178 
 02/24  19:00:00,5322466.039570637 
 02/24  20:00:00,4796886.576376956 
 02/24  21:00:00,6559421.103079803 
 02/24  22:00:00,6709467.925173692 
 02/24  23:00:00,6948567.326552116 
 02/24  24:00:00,7107679.508112675 
 02/25  01:00:00,5152960.321885786 
 02/25  02:00:00,4804383.457398243 
 02/25  03:00:00,5032758.959073008 
 02/25  04:00:00,5284851.390586934 
 02/25  05:00:00,5480310.880813958 
 02/25  06:00:00,5631905.84542916 
 02/25  07:00:00,5784789.028496821 
 02/25  08:00:00,6245219.90842538 
 02/25  09:00:00,8257264.326466022 
 02/25  10:00:00,8072150.110250902 
 02/25  11:00:00,7865978.797131399 
 02/25  12:00:00,7559860.970120895 
 02/25  13:00:00,7066604.98936424 
 02/25  14:00:00,6875350.6292058 
 02/25  15:00:00,4637141.078597546 
 02/25  16:00:00,3738647.1060909918 
 02/25  17:00:00,5912366.062027168 
 02/25  18:00:00,6032430.29966931 
 02/25  19:00:00,5567389.855610244 
 02/25  20:00:00,5008313.469765382 
 02/25  21:00:00,6773911.208875776 
 02/25  22:00:00,7182612.86798107 
 02/25  23:00:00,7774127.820899237 
 02/25  24:00:00,8327379.660933817 
 02/26  01:00:00,7348672.687914477 
 02/26  02:00:00,6173555.288969582 
 02/26  03:00:00,6293154.647182585 
 02/26  04:00:00,6664341.222091837 
 02/26  05:00:00,7469473.9646527 
 02/26  06:00:00,8109307.108556463 
 02/26  07:00:00,8477857.736374952 
 02/26  08:00:00,9161186.970615635 
 02/26  09:00:00,11442343.189214973 
 02/26  10:00:00,10979717.827721864 
 02/26  11:00:00,9965793.540580675 
 02/26  12:00:00,8665858.03221913 
 02/26  13:00:00,7559363.588938714 
 02/26  14:00:00,7114537.7315945225 
 02/26  15:00:00,4862615.383047415 
 02/26  16:00:00,4174381.1844359166 
 02/26  17:00:00,6355172.756417054 
 02/26  18:00:00,6383227.220134986 
 02/26  19:00:00,5982301.389962979 
 02/26  20:00:00,5678575.356526673 
 02/26  21:00:00,7809849.331183534 
 02/26  22:00:00,8262725.646692034 
 02/26  23:00:00,8707864.81900532 
 02/26  24:00:00,9088209.808607828 
 02/27  01:00:00,7123972.786423413 
 02/27  02:00:00,6630217.036868367 
 02/27  03:00:00,6428197.887710696 
 02/27  04:00:00,6296389.430015379 
 02/27  05:00:00,6200844.941776317 
 02/27  06:00:00,6198698.311108869 
 02/27  07:00:00,6275905.367471332 
 02/27  08:00:00,6180840.724554749 
 02/27  09:00:00,6026923.998126214 
 02/27  10:00:00,7929565.017757796 
 02/27  11:00:00,7488500.457572784 
 02/27  12:00:00,5805173.475249529 
 02/27  13:00:00,4948943.052312581 
 02/27  14:00:00,4352468.071111037 
 02/27  15:00:00,3625847.9794249306 
 02/27  16:00:00,1020544.6311410095 
 02/27  17:00:00,437414.7768460869 
 02/27  18:00:00,133452.0223607513 
 02/27  19:00:00,0.0 
 02/27  20:00:00,1894881.8945016863 
 02/27  21:00:00,2447657.937631212 
 02/27  22:00:00,897604.5957282623 
 02/27  23:00:00,1611844.750693413 
 02/27  24:00:00,3244986.773460785 
 02/28  01:00:00,4333297.249550575 
 02/28  02:00:00,4999806.870561661 
 02/28  03:00:00,5376184.531437923 
 02/28  04:00:00,5958401.200939397 
 02/28  05:00:00,6692392.327675014 
 02/28  06:00:00,7153946.040312409 
 02/28  07:00:00,7528353.692332282 
 02/28  08:00:00,7926852.593806728 
 02/28  09:00:00,8319822.633769068 
 02/28  10:00:00,10633724.909435838 
 02/28  11:00:00,8514947.590627423 
 02/28  12:00:00,6763064.142995528 
 02/28  13:00:00,5722512.804044027 
 02/28  14:00:00,5194193.597046403 
 02/28  15:00:00,4808737.773380876 
 02/28  16:00:00,5958247.019436857 
 02/28  17:00:00,4454074.38519332 
 02/28  18:00:00,3974266.6281531765 
 02/28  19:00:00,4368752.813954944 
 02/28  20:00:00,4809776.804823634 
 02/28  21:00:00,5296151.459491733 
 02/28  22:00:00,6181326.621280549 
 02/28  23:00:00,6878022.2754116785 
 02/28  24:00:00,7181965.44440373 
 03/01  01:00:00,7333970.29157295 
 03/01  02:00:00,8362640.3495590985 
 03/01  03:00:00,7802865.24541543 
 03/01  04:00:00,7926647.011470965 
 03/01  05:00:00,7926030.634724824 
 03/01  06:00:00,7947518.927328257 
 03/01  07:00:00,8168402.7531169485 
 03/01  08:00:00,8782985.915118404 
 03/01  09:00:00,10846417.382390663 
 03/01  10:00:00,10577216.79828392 
 03/01  11:00:00,10278922.010850187 
 03/01  12:00:00,9231256.945541145 
 03/01  13:00:00,8056206.778934166 
 03/01  14:00:00,7760060.990785977 
 03/01  15:00:00,5522878.345022305 
 03/01  16:00:00,4598148.72751942 
 03/01  17:00:00,6706780.696474997 
 03/01  18:00:00,6617314.252391197 
 03/01  19:00:00,6058518.988555634 
 03/01  20:00:00,5773885.378994962 
 03/01  21:00:00,8017279.879080844 
 03/01  22:00:00,8867341.298292445 
 03/01  23:00:00,9662274.774088582 
 03/01  24:00:00,9937400.959227804 
 03/02  01:00:00,8560818.989316782 
 03/02  02:00:00,9203093.207176372 
 03/02  03:00:00,9724413.65457769 
 03/02  04:00:00,10122762.095197923 
 03/02  05:00:00,10221890.374002539 
 03/02  06:00:00,10128443.407085823 
 03/02  07:00:00,10330932.072187824 
 03/02  08:00:00,10944532.567466859 
 03/02  09:00:00,13056872.50393854 
 03/02  10:00:00,12456477.11382879 
 03/02  11:00:00,11366304.318710713 
 03/02  12:00:00,9242788.35698799 
 03/02  13:00:00,7435948.877620208 
 03/02  14:00:00,6741024.3963103695 
 03/02  15:00:00,4181569.7051027357 
 03/02  16:00:00,3251189.642726621 
 03/02  17:00:00,5299659.765243128 
 03/02  18:00:00,5224687.038053471 
 03/02  19:00:00,4854341.644119223 
 03/02  20:00:00,4769831.08196507 
 03/02  21:00:00,6638831.038399855 
 03/02  22:00:00,6776190.535773775 
 03/02  23:00:00,7688845.874385206 
 03/02  24:00:00,8923891.599601924 
 03/03  01:00:00,7693168.697472394 
 03/03  02:00:00,7600257.308767041 
 03/03  03:00:00,7698075.771752948 
 03/03  04:00:00,7962576.186193986 
 03/03  05:00:00,8131856.38716748 
 03/03  06:00:00,8117591.992914503 
 03/03  07:00:00,8117005.554805794 
 03/03  08:00:00,8500555.637089312 
 03/03  09:00:00,10498246.41978815 
 03/03  10:00:00,10321822.502607819 
 03/03  11:00:00,10066680.062974824 
 03/03  12:00:00,9347493.291963598 
 03/03  13:00:00,8589891.47825688 
 03/03  14:00:00,8159474.099039064 
 03/03  15:00:00,5615081.7693729745 
 03/03  16:00:00,4655822.21769778 
 03/03  17:00:00,6660944.650831029 
 03/03  18:00:00,6639797.7037479505 
 03/03  19:00:00,6177324.082735745 
 03/03  20:00:00,5981899.268814415 
 03/03  21:00:00,8195728.78604816 
 03/03  22:00:00,8693669.045721335 
 03/03  23:00:00,9381426.013067449 
 03/03  24:00:00,10099221.347350128 
 03/04  01:00:00,8324020.3909298 
 03/04  02:00:00,7887857.173134053 
 03/04  03:00:00,8065574.180664268 
 03/04  04:00:00,8511931.179242874 
 03/04  05:00:00,8760290.556145713 
 03/04  06:00:00,8916241.87307871 
 03/04  07:00:00,9418934.202103486 
 03/04  08:00:00,10218826.505402487 
 03/04  09:00:00,12410228.11008263 
 03/04  10:00:00,11897971.111554444 
 03/04  11:00:00,10907028.26154429 
 03/04  12:00:00,9252676.425436223 
 03/04  13:00:00,7538261.722429519 
 03/04  14:00:00,6615777.520369537 
 03/04  15:00:00,4068041.3142584893 
 03/04  16:00:00,3268507.759177045 
 03/04  17:00:00,5225766.706627721 
 03/04  18:00:00,4971359.484826958 
 03/04  19:00:00,4443003.016292725 
 03/04  20:00:00,3517065.686631552 
 03/04  21:00:00,4134009.89007638 
 03/04  22:00:00,4459504.002596571 
 03/04  23:00:00,4577254.350971561 
 03/04  24:00:00,4898249.629626431 
 03/05  01:00:00,5488050.482545608 
 03/05  02:00:00,6064408.667945608 
 03/05  03:00:00,6676779.036163051 
 03/05  04:00:00,7099150.451797624 
 03/05  05:00:00,7296262.001536247 
 03/05  06:00:00,7413847.866320435 
 03/05  07:00:00,7336724.834235627 
 03/05  08:00:00,7644274.402100811 
 03/05  09:00:00,9773772.234860118 
 03/05  10:00:00,9925661.476212716 
 03/05  11:00:00,10012734.593131512 
 03/05  12:00:00,9360174.078528004 
 03/05  13:00:00,8524094.905555712 
 03/05  14:00:00,8277660.008191536 
 03/05  15:00:00,6112205.787255227 
 03/05  16:00:00,5707067.743462148 
 03/05  17:00:00,8320225.720137723 
 03/05  18:00:00,8705955.030571412 
 03/05  19:00:00,8489420.330494365 
 03/05  20:00:00,8142930.5430738805 
 03/05  21:00:00,9932706.391259171 
 03/05  22:00:00,10284690.590872686 
 03/05  23:00:00,10952416.400984796 
 03/05  24:00:00,11425025.104290035 
 03/06  01:00:00,9588764.334545849 
 03/06  02:00:00,9534668.609597526 
 03/06  03:00:00,10021879.930946384 
 03/06  04:00:00,10489326.754379654 
 03/06  05:00:00,10828595.938952822 
 03/06  06:00:00,11012694.009591237 
 03/06  07:00:00,11155790.080027258 
 03/06  08:00:00,11256635.878252158 
 03/06  09:00:00,11247772.513733404 
 03/06  10:00:00,13479782.137105586 
 03/06  11:00:00,13290472.57640414 
 03/06  12:00:00,12044140.014904112 
 03/06  13:00:00,11946678.510173315 
 03/06  14:00:00,12020226.505944066 
 03/06  15:00:00,11786373.915854724 
 03/06  16:00:00,9501465.21306561 
 03/06  17:00:00,8604544.035482954 
 03/06  18:00:00,8255111.847452359 
 03/06  19:00:00,8732568.196437137 
 03/06  20:00:00,10948534.9049179 
 03/06  21:00:00,10998850.0566128 
 03/06  22:00:00,9090749.58145318 
 03/06  23:00:00,8809209.863653665 
 03/06  24:00:00,9132561.474161562 
 03/07  01:00:00,9444449.055510813 
 03/07  02:00:00,9509249.906749975 
 03/07  03:00:00,9567786.96995418 
 03/07  04:00:00,9874350.35363997 
 03/07  05:00:00,10101525.207180263 
 03/07  06:00:00,10111779.40027384 
 03/07  07:00:00,10065034.483811362 
 03/07  08:00:00,10105791.455668638 
 03/07  09:00:00,10320541.58582135 
 03/07  10:00:00,12720621.942039957 
 03/07  11:00:00,10884210.32296965 
 03/07  12:00:00,9259593.06472679 
 03/07  13:00:00,8374468.542125264 
 03/07  14:00:00,7758224.169523846 
 03/07  15:00:00,7237225.472777 
 03/07  16:00:00,8399492.716014624 
 03/07  17:00:00,6826211.051604235 
 03/07  18:00:00,6206898.148234068 
 03/07  19:00:00,6296789.869846713 
 03/07  20:00:00,6424886.683668497 
 03/07  21:00:00,6673358.381515944 
 03/07  22:00:00,7232923.163427959 
 03/07  23:00:00,7755334.137973529 
 03/07  24:00:00,8251615.59916923 
 03/08  01:00:00,8795030.94350923 
 03/08  02:00:00,10144204.117017541 
 03/08  03:00:00,9713835.480812801 
 03/08  04:00:00,10148907.898515884 
 03/08  05:00:00,11043582.397777315 
 03/08  06:00:00,11773434.44528008 
 03/08  07:00:00,12224209.196520733 
 03/08  08:00:00,13094279.007407136 
 03/08  09:00:00,15546755.463387372 
 03/08  10:00:00,15633289.463763518 
 03/08  11:00:00,15411001.506802805 
 03/08  12:00:00,14616620.748428065 
 03/08  13:00:00,13694407.899306843 
 03/08  14:00:00,13161149.223313047 
 03/08  15:00:00,10770087.17811241 
 03/08  16:00:00,10032093.115945071 
 03/08  17:00:00,12190222.337327695 
 03/08  18:00:00,12192281.01590593 
 03/08  19:00:00,11896009.912494441 
 03/08  20:00:00,11632725.77487264 
 03/08  21:00:00,13679517.360408707 
 03/08  22:00:00,14250705.111140698 
 03/08  23:00:00,15050887.655876094 
 03/08  24:00:00,15769009.926517002 
 03/09  01:00:00,14234042.943059867 
 03/09  02:00:00,14320101.976985026 
 03/09  03:00:00,14502571.776171168 
 03/09  04:00:00,14409361.309689842 
 03/09  05:00:00,14350657.246520467 
 03/09  06:00:00,14277219.4301156 
 03/09  07:00:00,14215241.723091 
 03/09  08:00:00,14617478.18060304 
 03/09  09:00:00,16686478.613698866 
 03/09  10:00:00,15728794.243758496 
 03/09  11:00:00,14509380.3684445 
 03/09  12:00:00,13244149.564117486 
 03/09  13:00:00,11967218.691468665 
 03/09  14:00:00,11316744.239440216 
 03/09  15:00:00,8844661.971963909 
 03/09  16:00:00,7844122.040109709 
 03/09  17:00:00,9752184.969062878 
 03/09  18:00:00,9635175.173540864 
 03/09  19:00:00,9263091.907532645 
 03/09  20:00:00,9162501.652536906 
 03/09  21:00:00,11262831.193390682 
 03/09  22:00:00,11811711.86622174 
 03/09  23:00:00,12942339.644889686 
 03/09  24:00:00,14090227.286327874 
 03/10  01:00:00,13510709.448271181 
 03/10  02:00:00,12908041.438075773 
 03/10  03:00:00,13522075.825072356 
 03/10  04:00:00,14273077.139440175 
 03/10  05:00:00,15021415.779058566 
 03/10  06:00:00,15019041.314615509 
 03/10  07:00:00,14716046.707340468 
 03/10  08:00:00,14928809.811604861 
 03/10  09:00:00,16741602.114986315 
 03/10  10:00:00,15792390.156089136 
 03/10  11:00:00,14635635.430870466 
 03/10  12:00:00,13313266.080496863 
 03/10  13:00:00,12307160.615561431 
 03/10  14:00:00,11998772.446919568 
 03/10  15:00:00,9755059.901743516 
 03/10  16:00:00,8895342.187786255 
 03/10  17:00:00,10750566.509415537 
 03/10  18:00:00,10572529.38631852 
 03/10  19:00:00,10165699.762219671 
 03/10  20:00:00,9952851.48570226 
 03/10  21:00:00,12239415.55939547 
 03/10  22:00:00,13269859.37555012 
 03/10  23:00:00,14466304.214748923 
 03/10  24:00:00,15549181.659996439 
 03/11  01:00:00,14349178.325460399 
 03/11  02:00:00,14294713.421179304 
 03/11  03:00:00,14415415.646674432 
 03/11  04:00:00,14736129.92361549 
 03/11  05:00:00,15299533.140104601 
 03/11  06:00:00,15713923.802087646 
 03/11  07:00:00,15815375.063188408 
 03/11  08:00:00,16100433.126358876 
 03/11  09:00:00,18052739.452854402 
 03/11  10:00:00,16830968.442569707 
 03/11  11:00:00,15402337.967611386 
 03/11  12:00:00,14245515.454803042 
 03/11  13:00:00,12989865.551837292 
 03/11  14:00:00,12214017.423981177 
 03/11  15:00:00,9695694.68404256 
 03/11  16:00:00,8749597.152114658 
 03/11  17:00:00,10752166.16363067 
 03/11  18:00:00,10638502.154599875 
 03/11  19:00:00,10058411.133447286 
 03/11  20:00:00,9566585.474385034 
 03/11  21:00:00,11408181.20453104 
 03/11  22:00:00,11831503.00126835 
 03/11  23:00:00,12603335.48686215 
 03/11  24:00:00,13493307.34236652 
 03/12  01:00:00,12141488.883391282 
 03/12  02:00:00,12345319.421726298 
 03/12  03:00:00,12753257.090236586 
 03/12  04:00:00,13095605.028761068 
 03/12  05:00:00,13317977.399861021 
 03/12  06:00:00,13368552.746388303 
 03/12  07:00:00,13337499.778984226 
 03/12  08:00:00,13649572.94446281 
 03/12  09:00:00,15492723.851049224 
 03/12  10:00:00,14814996.501686463 
 03/12  11:00:00,14078535.916014692 
 03/12  12:00:00,13106174.76794396 
 03/12  13:00:00,12261791.73885622 
 03/12  14:00:00,12001853.595838476 
 03/12  15:00:00,9837558.767183512 
 03/12  16:00:00,8975271.024438271 
 03/12  17:00:00,10943200.673325842 
 03/12  18:00:00,10954951.17245081 
 03/12  19:00:00,10387501.060386272 
 03/12  20:00:00,9811438.928420538 
 03/12  21:00:00,11663559.123745514 
 03/12  22:00:00,12104776.592995208 
 03/12  23:00:00,12885762.244638236 
 03/12  24:00:00,13457935.569411473 
 03/13  01:00:00,11861298.5446299 
 03/13  02:00:00,12152062.1126229 
 03/13  03:00:00,12961217.898411632 
 03/13  04:00:00,13826491.402186621 
 03/13  05:00:00,14548644.45491669 
 03/13  06:00:00,14886061.161000263 
 03/13  07:00:00,15088226.059280414 
 03/13  08:00:00,15092603.450889464 
 03/13  09:00:00,14804684.084126297 
 03/13  10:00:00,15840404.686609397 
 03/13  11:00:00,14113532.398297325 
 03/13  12:00:00,11670997.288253615 
 03/13  13:00:00,10570417.126289496 
 03/13  14:00:00,10198635.265092252 
 03/13  15:00:00,9500562.856005901 
 03/13  16:00:00,6836580.798465866 
 03/13  17:00:00,5919983.173926491 
 03/13  18:00:00,5781862.181480895 
 03/13  19:00:00,6429693.175964719 
 03/13  20:00:00,8868669.791457625 
 03/13  21:00:00,9407629.635422137 
 03/13  22:00:00,8173434.310630347 
 03/13  23:00:00,8865369.11505572 
 03/13  24:00:00,9777904.090875152 
 03/14  01:00:00,10348885.274881631 
 03/14  02:00:00,10985839.801827857 
 03/14  03:00:00,11433868.105427722 
 03/14  04:00:00,11964812.515327567 
 03/14  05:00:00,12623787.32609824 
 03/14  06:00:00,13040384.128998026 
 03/14  07:00:00,13378928.558945045 
 03/14  08:00:00,13667719.12758958 
 03/14  09:00:00,13739882.940849908 
 03/14  10:00:00,15037925.845177175 
 03/14  11:00:00,11909295.56191948 
 03/14  12:00:00,9350902.675119674 
 03/14  13:00:00,7865511.763810162 
 03/14  14:00:00,6979382.461547352 
 03/14  15:00:00,7455465.983026387 
 03/14  16:00:00,6327745.643181185 
 03/14  17:00:00,4855021.160265587 
 03/14  18:00:00,4554761.784007268 
 03/14  19:00:00,4655952.396142778 
 03/14  20:00:00,5469969.379425322 
 03/14  21:00:00,6632973.229602785 
 03/14  22:00:00,7599869.327743525 
 03/14  23:00:00,8571878.733964736 
 03/14  24:00:00,9464120.415170219 
 03/15  01:00:00,10252294.010251164 
 03/15  02:00:00,11235109.251902273 
 03/15  03:00:00,12064801.605763031 
 03/15  04:00:00,12967312.833848536 
 03/15  05:00:00,13949514.856556013 
 03/15  06:00:00,14515526.162934579 
 03/15  07:00:00,14787729.881224861 
 03/15  08:00:00,15330813.744906949 
 03/15  09:00:00,17260496.898438755 
 03/15  10:00:00,15643046.58794626 
 03/15  11:00:00,13639254.432811728 
 03/15  12:00:00,10939648.713468086 
 03/15  13:00:00,8597713.446357515 
 03/15  14:00:00,7708540.00575005 
 03/15  15:00:00,4962940.588254532 
 03/15  16:00:00,3535122.723396091 
 03/15  17:00:00,4974722.949207358 
 03/15  18:00:00,4594255.338695521 
 03/15  19:00:00,3913349.466004242 
 03/15  20:00:00,3201665.1065557413 
 03/15  21:00:00,5303110.577011107 
 03/15  22:00:00,6767927.7994478615 
 03/15  23:00:00,8012167.617126993 
 03/15  24:00:00,9171499.978848075 
 03/16  01:00:00,9937524.674654104 
 03/16  02:00:00,10096530.690959567 
 03/16  03:00:00,10513842.700251624 
 03/16  04:00:00,11431343.491846183 
 03/16  05:00:00,12243907.35197575 
 03/16  06:00:00,12572352.834586684 
 03/16  07:00:00,12905614.174141468 
 03/16  08:00:00,13694276.16334807 
 03/16  09:00:00,15816725.063776389 
 03/16  10:00:00,14087213.95198103 
 03/16  11:00:00,11974233.836005284 
 03/16  12:00:00,9314607.54832032 
 03/16  13:00:00,7028362.47316163 
 03/16  14:00:00,6120443.700079552 
 03/16  15:00:00,3363655.133691478 
 03/16  16:00:00,2048338.4804540474 
 03/16  17:00:00,3525409.0427352367 
 03/16  18:00:00,3181757.680038514 
 03/16  19:00:00,2858192.290491449 
 03/16  20:00:00,2501192.3464613287 
 03/16  21:00:00,4188074.7843004754 
 03/16  22:00:00,4699709.032526344 
 03/16  23:00:00,5830036.294751548 
 03/16  24:00:00,6890501.123745805 
 03/17  01:00:00,5287445.419246213 
 03/17  02:00:00,5321779.200427558 
 03/17  03:00:00,6063775.179839765 
 03/17  04:00:00,7423214.493092855 
 03/17  05:00:00,8965332.729824817 
 03/17  06:00:00,10256818.224115174 
 03/17  07:00:00,11191622.148780247 
 03/17  08:00:00,12054389.457052236 
 03/17  09:00:00,14166068.135279402 
 03/17  10:00:00,12475129.821414167 
 03/17  11:00:00,10413490.992317991 
 03/17  12:00:00,8129295.806577484 
 03/17  13:00:00,6231025.359947182 
 03/17  14:00:00,5580425.678645403 
 03/17  15:00:00,3001901.357415423 
 03/17  16:00:00,1722088.0051039206 
 03/17  17:00:00,3257715.7148206607 
 03/17  18:00:00,2845211.863878196 
 03/17  19:00:00,2380565.1341326605 
 03/17  20:00:00,2214288.389185631 
 03/17  21:00:00,3933295.578033143 
 03/17  22:00:00,4082236.685302855 
 03/17  23:00:00,5126859.581026748 
 03/17  24:00:00,6669121.309394037 
 03/18  01:00:00,4888494.89999018 
 03/18  02:00:00,4697945.062632096 
 03/18  03:00:00,5703709.242628055 
 03/18  04:00:00,6754476.673411032 
 03/18  05:00:00,7599559.081011211 
 03/18  06:00:00,7956727.682797269 
 03/18  07:00:00,8110171.537236858 
 03/18  08:00:00,8641515.576526074 
 03/18  09:00:00,10534451.391840523 
 03/18  10:00:00,9604985.479831722 
 03/18  11:00:00,8703660.816959597 
 03/18  12:00:00,7587279.184454771 
 03/18  13:00:00,6618656.831245726 
 03/18  14:00:00,6157046.045465255 
 03/18  15:00:00,3634084.3478892962 
 03/18  16:00:00,2215563.479892522 
 03/18  17:00:00,3485958.8780070553 
 03/18  18:00:00,2965937.514574268 
 03/18  19:00:00,2217696.9046557643 
 03/18  20:00:00,1772572.626861322 
 03/18  21:00:00,4033205.1138728904 
 03/18  22:00:00,4592065.264019276 
 03/18  23:00:00,5442106.57455041 
 03/18  24:00:00,5891439.843930421 
 03/19  01:00:00,4781558.441980654 
 03/19  02:00:00,4064854.957000255 
 03/19  03:00:00,4604313.551720408 
 03/19  04:00:00,5065947.440147804 
 03/19  05:00:00,5133874.467498458 
 03/19  06:00:00,5351282.876990537 
 03/19  07:00:00,5859897.045830585 
 03/19  08:00:00,6738358.122698529 
 03/19  09:00:00,8928687.756331746 
 03/19  10:00:00,8136916.407609792 
 03/19  11:00:00,7134789.984222739 
 03/19  12:00:00,6453191.269048551 
 03/19  13:00:00,5919546.790342234 
 03/19  14:00:00,5920532.976592531 
 03/19  15:00:00,4042621.431398409 
 03/19  16:00:00,3212081.5291007697 
 03/19  17:00:00,4975030.586828764 
 03/19  18:00:00,4648635.367677831 
 03/19  19:00:00,3680091.4212762266 
 03/19  20:00:00,2695889.9218564956 
 03/19  21:00:00,4537920.047840069 
 03/19  22:00:00,5090367.079449284 
 03/19  23:00:00,5354470.233593763 
 03/19  24:00:00,5772064.065642066 
 03/20  01:00:00,4059058.594043956 
 03/20  02:00:00,3714565.048850915 
 03/20  03:00:00,3872337.2641408946 
 03/20  04:00:00,4061910.1367804925 
 03/20  05:00:00,4162436.1377035463 
 03/20  06:00:00,4146213.245627816 
 03/20  07:00:00,3933936.0136681674 
 03/20  08:00:00,3687772.860008088 
 03/20  09:00:00,3794541.527868282 
 03/20  10:00:00,5849171.116583008 
 03/20  11:00:00,5044518.9090139335 
 03/20  12:00:00,3369760.8541191053 
 03/20  13:00:00,2846912.1477264897 
 03/20  14:00:00,2696860.0621876423 
 03/20  15:00:00,2562028.696530013 
 03/20  16:00:00,592672.7530648045 
 03/20  17:00:00,380557.34444368863 
 03/20  18:00:00,508276.07459679275 
 03/20  19:00:00,1031597.7334706289 
 03/20  20:00:00,3285847.7493575765 
 03/20  21:00:00,3565064.8227152354 
 03/20  22:00:00,1949478.0928329248 
 03/20  23:00:00,2134343.7238839734 
 03/20  24:00:00,2962340.0877890876 
 03/21  01:00:00,3693881.0586139755 
 03/21  02:00:00,4351942.4596337825 
 03/21  03:00:00,4558602.769919449 
 03/21  04:00:00,4616813.603909396 
 03/21  05:00:00,4883383.967238853 
 03/21  06:00:00,5343697.590847667 
 03/21  07:00:00,6041853.628595671 
 03/21  08:00:00,6250434.125442166 
 03/21  09:00:00,6063812.6860579625 
 03/21  10:00:00,8016725.256235952 
 03/21  11:00:00,5628091.698507676 
 03/21  12:00:00,3405608.8721426893 
 03/21  13:00:00,2243716.290207462 
 03/21  14:00:00,1734908.6608504076 
 03/21  15:00:00,1329301.119123082 
 03/21  16:00:00,2461300.518184471 
 03/21  17:00:00,3095544.975149112 
 03/21  18:00:00,1786967.2203531722 
 03/21  19:00:00,1536093.5006493647 
 03/21  20:00:00,2131923.9362447294 
 03/21  21:00:00,2088553.1502430006 
 03/21  22:00:00,2398097.3877090598 
 03/21  23:00:00,2902504.2398686525 
 03/21  24:00:00,3858067.0978014115 
 03/22  01:00:00,3957371.031788577 
 03/22  02:00:00,3786876.487549926 
 03/22  03:00:00,4236976.2707675705 
 03/22  04:00:00,5650985.350428981 
 03/22  05:00:00,5655474.943884424 
 03/22  06:00:00,6434812.19055349 
 03/22  07:00:00,6847026.108345842 
 03/22  08:00:00,7347554.253948353 
 03/22  09:00:00,9257911.35735902 
 03/22  10:00:00,8278571.256090772 
 03/22  11:00:00,7215536.0637508 
 03/22  12:00:00,6007775.694629856 
 03/22  13:00:00,4836387.610685251 
 03/22  14:00:00,4307842.062499057 
 03/22  15:00:00,1891975.0586288143 
 03/22  16:00:00,745414.5439754009 
 03/22  17:00:00,2232768.980274018 
 03/22  18:00:00,1940556.8977323682 
 03/22  19:00:00,1350270.669451612 
 03/22  20:00:00,1096916.185048998 
 03/22  21:00:00,3664594.473140057 
 03/22  22:00:00,4543113.321001424 
 03/22  23:00:00,5858503.328282818 
 03/22  24:00:00,6752565.998040795 
 03/23  01:00:00,4764751.834113553 
 03/23  02:00:00,4740389.427459494 
 03/23  03:00:00,5227867.752433339 
 03/23  04:00:00,6041628.553625956 
 03/23  05:00:00,6817493.587679218 
 03/23  06:00:00,7015972.17284739 
 03/23  07:00:00,7150379.1143316785 
 03/23  08:00:00,7873409.019533303 
 03/23  09:00:00,10002202.168449748 
 03/23  10:00:00,8839433.224934459 
 03/23  11:00:00,7399942.329246822 
 03/23  12:00:00,5610259.1202052515 
 03/23  13:00:00,4181760.0571462316 
 03/23  14:00:00,3636165.638619985 
 03/23  15:00:00,1120966.1567105665 
 03/23  16:00:00,280430.76535166474 
 03/23  17:00:00,2374736.1650785967 
 03/23  18:00:00,2292370.461112143 
 03/23  19:00:00,1759409.9192625089 
 03/23  20:00:00,1602062.1270903926 
 03/23  21:00:00,3529657.6132295355 
 03/23  22:00:00,3565180.528422845 
 03/23  23:00:00,4074874.0932830907 
 03/23  24:00:00,4787770.208215177 
 03/24  01:00:00,3617183.4722981118 
 03/24  02:00:00,4117903.617858675 
 03/24  03:00:00,4007553.207390404 
 03/24  04:00:00,3846440.200490704 
 03/24  05:00:00,4598577.842524515 
 03/24  06:00:00,5217014.037267893 
 03/24  07:00:00,5414591.187780294 
 03/24  08:00:00,5730264.6546060685 
 03/24  09:00:00,7609147.439884194 
 03/24  10:00:00,7135170.554231897 
 03/24  11:00:00,6519791.970217758 
 03/24  12:00:00,5549557.346309583 
 03/24  13:00:00,4453384.410919815 
 03/24  14:00:00,3918519.1815729197 
 03/24  15:00:00,1582908.8001364942 
 03/24  16:00:00,757083.1363072472 
 03/24  17:00:00,2718523.169133124 
 03/24  18:00:00,2570935.594798335 
 03/24  19:00:00,2577749.1510401643 
 03/24  20:00:00,2793224.149420322 
 03/24  21:00:00,4735351.236148255 
 03/24  22:00:00,5048264.215446897 
 03/24  23:00:00,5917900.620822664 
 03/24  24:00:00,6685834.801728116 
 03/25  01:00:00,4968541.293490235 
 03/25  02:00:00,4781545.848002323 
 03/25  03:00:00,4914547.416743215 
 03/25  04:00:00,5197788.704712047 
 03/25  05:00:00,5590029.047546641 
 03/25  06:00:00,5861171.81823606 
 03/25  07:00:00,6055541.002403185 
 03/25  08:00:00,6737197.828235555 
 03/25  09:00:00,8980064.441977702 
 03/25  10:00:00,8619776.727854818 
 03/25  11:00:00,7959129.223820532 
 03/25  12:00:00,7356490.840786337 
 03/25  13:00:00,7039561.17411136 
 03/25  14:00:00,7065457.517105111 
 03/25  15:00:00,5111669.341501865 
 03/25  16:00:00,5020805.973623108 
 03/25  17:00:00,7816647.1609262135 
 03/25  18:00:00,8283485.240623713 
 03/25  19:00:00,7909554.044352725 
 03/25  20:00:00,7326599.384751276 
 03/25  21:00:00,8947167.870162245 
 03/25  22:00:00,9093676.002491567 
 03/25  23:00:00,9512275.763355074 
 03/25  24:00:00,10004647.29804945 
 03/26  01:00:00,9179822.206977915 
 03/26  02:00:00,8236724.552844002 
 03/26  03:00:00,8453001.64243 
 03/26  04:00:00,8910128.817654222 
 03/26  05:00:00,9420305.198475376 
 03/26  06:00:00,9775726.211760074 
 03/26  07:00:00,10082482.400693804 
 03/26  08:00:00,10615348.428812193 
 03/26  09:00:00,12463672.259798799 
 03/26  10:00:00,11530725.400494337 
 03/26  11:00:00,10638152.364931572 
 03/26  12:00:00,9578593.101251978 
 03/26  13:00:00,8440231.503476193 
 03/26  14:00:00,7837788.644078413 
 03/26  15:00:00,5576359.310462535 
 03/26  16:00:00,5026587.561176378 
 03/26  17:00:00,7184629.532698516 
 03/26  18:00:00,7006730.394667877 
 03/26  19:00:00,6290834.696810509 
 03/26  20:00:00,5845569.197937346 
 03/26  21:00:00,7747191.412636501 
 03/26  22:00:00,8055184.91494054 
 03/26  23:00:00,8632202.322387768 
 03/26  24:00:00,9289562.683091262 
 03/27  01:00:00,7691763.106445152 
 03/27  02:00:00,7477960.834438046 
 03/27  03:00:00,7580035.80929431 
 03/27  04:00:00,7812293.087234418 
 03/27  05:00:00,8259300.46053572 
 03/27  06:00:00,8452197.271142906 
 03/27  07:00:00,8663501.685569651 
 03/27  08:00:00,8960055.676708963 
 03/27  09:00:00,8896612.903253244 
 03/27  10:00:00,10284610.161403816 
 03/27  11:00:00,9257202.604594434 
 03/27  12:00:00,7283943.396895221 
 03/27  13:00:00,6635845.942027945 
 03/27  14:00:00,6375851.271141915 
 03/27  15:00:00,5560941.871740093 
 03/27  16:00:00,2720518.1025842815 
 03/27  17:00:00,1765344.4324183846 
 03/27  18:00:00,1553593.0331277545 
 03/27  19:00:00,2028640.9463613303 
 03/27  20:00:00,4379715.804440127 
 03/27  21:00:00,4859336.636760101 
 03/27  22:00:00,3212566.4213742497 
 03/27  23:00:00,3465962.369857676 
 03/27  24:00:00,4413395.766412583 
 03/28  01:00:00,5444307.421988724 
 03/28  02:00:00,6535095.1411163835 
 03/28  03:00:00,7698209.069771753 
 03/28  04:00:00,8760689.693052799 
 03/28  05:00:00,9237528.513814174 
 03/28  06:00:00,9236111.948294172 
 03/28  07:00:00,9129333.98958234 
 03/28  08:00:00,9113326.339771772 
 03/28  09:00:00,9061881.03665884 
 03/28  10:00:00,10208544.448087083 
 03/28  11:00:00,6981287.032518579 
 03/28  12:00:00,4350489.027307954 
 03/28  13:00:00,2707160.3408176787 
 03/28  14:00:00,1954063.4293586728 
 03/28  15:00:00,1513416.2298992728 
 03/28  16:00:00,2570032.4590762337 
 03/28  17:00:00,2845263.3734672624 
 03/28  18:00:00,1425678.3437094246 
 03/28  19:00:00,1089518.9556205587 
 03/28  20:00:00,1582152.8811080963 
 03/28  21:00:00,1649827.7225698666 
 03/28  22:00:00,2628850.030689468 
 03/28  23:00:00,3540396.01018996 
 03/28  24:00:00,4316264.074790022 
 03/29  01:00:00,5218725.497708008 
 03/29  02:00:00,5902002.682341717 
 03/29  03:00:00,6253919.23077164 
 03/29  04:00:00,7320162.122534765 
 03/29  05:00:00,6801723.982192145 
 03/29  06:00:00,7020946.844689781 
 03/29  07:00:00,7107766.013223081 
 03/29  08:00:00,7541685.804021855 
 03/29  09:00:00,9480589.444223035 
 03/29  10:00:00,8410758.35103786 
 03/29  11:00:00,7337121.622592367 
 03/29  12:00:00,6696362.608537246 
 03/29  13:00:00,6185013.588785079 
 03/29  14:00:00,5944604.28215 
 03/29  15:00:00,3775256.7211389677 
 03/29  16:00:00,3040775.0690123145 
 03/29  17:00:00,5203963.399658517 
 03/29  18:00:00,5353928.388782775 
 03/29  19:00:00,4948233.620045866 
 03/29  20:00:00,4473511.365398051 
 03/29  21:00:00,6130461.270859673 
 03/29  22:00:00,6133883.709126343 
 03/29  23:00:00,6554945.170346454 
 03/29  24:00:00,7059907.320293989 
 03/30  01:00:00,6123641.534059659 
 03/30  02:00:00,5355474.595604124 
 03/30  03:00:00,6026493.651435612 
 03/30  04:00:00,6904886.234860042 
 03/30  05:00:00,7550113.6365313325 
 03/30  06:00:00,7897248.858516622 
 03/30  07:00:00,8188588.136582222 
 03/30  08:00:00,8701272.687510392 
 03/30  09:00:00,10592268.386214368 
 03/30  10:00:00,10089949.510935005 
 03/30  11:00:00,9574768.562521491 
 03/30  12:00:00,8733217.509240063 
 03/30  13:00:00,7922114.021548577 
 03/30  14:00:00,7585216.835988033 
 03/30  15:00:00,5089915.115712661 
 03/30  16:00:00,3966272.88250508 
 03/30  17:00:00,5618188.441203878 
 03/30  18:00:00,5327822.816899295 
 03/30  19:00:00,4943460.446949448 
 03/30  20:00:00,4644796.787291442 
 03/30  21:00:00,6597944.507509041 
 03/30  22:00:00,7218584.302110225 
 03/30  23:00:00,8135345.043285366 
 03/30  24:00:00,8704613.760972012 
 03/31  01:00:00,7048506.19251403 
 03/31  02:00:00,7110086.807508107 
 03/31  03:00:00,7528982.252267055 
 03/31  04:00:00,8225342.180610004 
 03/31  05:00:00,9240077.874678347 
 03/31  06:00:00,9928538.496803688 
 03/31  07:00:00,10380973.097377464 
 03/31  08:00:00,11091292.965849936 
 03/31  09:00:00,12703627.109727778 
 03/31  10:00:00,11109397.370415866 
 03/31  11:00:00,9786746.312253885 
 03/31  12:00:00,8495085.433971059 
 03/31  13:00:00,7147990.653522462 
 03/31  14:00:00,6606097.180842994 
 03/31  15:00:00,4292766.791138591 
 03/31  16:00:00,3396629.1646759203 
 03/31  17:00:00,5361435.420539106 
 03/31  18:00:00,5188757.984571662 
 03/31  19:00:00,4654478.359040416 
 03/31  20:00:00,4280999.380322681 
 03/31  21:00:00,6315783.2050983645 
 03/31  22:00:00,6868702.08216818 
 03/31  23:00:00,7598664.341048435 
 03/31  24:00:00,8195415.843838486 
 04/01  01:00:00,6464346.310696657 
 04/01  02:00:00,6241572.770994143 
 04/01  03:00:00,6574891.773284415 
 04/01  04:00:00,7119852.035755695 
 04/01  05:00:00,7676098.406533325 
 04/01  06:00:00,8375064.2387339305 
 04/01  07:00:00,9123579.240254339 
 04/01  08:00:00,9938196.812644655 
 04/01  09:00:00,11736248.714068003 
 04/01  10:00:00,10736399.17635791 
 04/01  11:00:00,9820400.329637494 
 04/01  12:00:00,8739215.442284634 
 04/01  13:00:00,7638126.711805744 
 04/01  14:00:00,7174057.952303993 
 04/01  15:00:00,4850258.835311414 
 04/01  16:00:00,3936762.3324161414 
 04/01  17:00:00,5890123.872030731 
 04/01  18:00:00,5723687.754819477 
 04/01  19:00:00,5131575.002071937 
 04/01  20:00:00,4749224.7411770355 
 04/01  21:00:00,7029821.573607432 
 04/01  22:00:00,7956915.32424618 
 04/01  23:00:00,9074871.421085453 
 04/01  24:00:00,10198794.61203212 
 04/02  01:00:00,8833116.423125258 
 04/02  02:00:00,8942882.18770244 
 04/02  03:00:00,9814851.152791478 
 04/02  04:00:00,10551134.096907046 
 04/02  05:00:00,10974649.30386127 
 04/02  06:00:00,11349690.186687386 
 04/02  07:00:00,11806863.165300703 
 04/02  08:00:00,12574664.585907755 
 04/02  09:00:00,14226100.33505703 
 04/02  10:00:00,12345941.602502206 
 04/02  11:00:00,10485733.633364333 
 04/02  12:00:00,8803290.465768289 
 04/02  13:00:00,7421434.142201785 
 04/02  14:00:00,6713202.041571655 
 04/02  15:00:00,6140042.892334946 
 04/02  16:00:00,5283018.696981215 
 04/02  17:00:00,4526992.932336774 
 04/02  18:00:00,4264718.55854876 
 04/02  19:00:00,4344788.0727653345 
 04/02  20:00:00,4844791.530097247 
 04/02  21:00:00,5507348.543203967 
 04/02  22:00:00,6548429.962175044 
 04/02  23:00:00,7775636.467976017 
 04/02  24:00:00,7612207.660115479 
 04/03  01:00:00,7190509.278449323 
 04/03  02:00:00,7691041.420905549 
 04/03  03:00:00,8310605.219732487 
 04/03  04:00:00,9017893.775733197 
 04/03  05:00:00,9434047.096234888 
 04/03  06:00:00,9638491.01324826 
 04/03  07:00:00,9855942.664422316 
 04/03  08:00:00,10015710.124368332 
 04/03  09:00:00,9597083.901239563 
 04/03  10:00:00,10693010.848841194 
 04/03  11:00:00,9425756.316735683 
 04/03  12:00:00,7548440.929044781 
 04/03  13:00:00,6973476.175799684 
 04/03  14:00:00,6816810.526057498 
 04/03  15:00:00,6570166.3045136025 
 04/03  16:00:00,4401284.686020563 
 04/03  17:00:00,4263470.448065133 
 04/03  18:00:00,4722959.9727259725 
 04/03  19:00:00,5422714.26405335 
 04/03  20:00:00,7711250.7810188625 
 04/03  21:00:00,8081351.079908272 
 04/03  22:00:00,6808250.69114819 
 04/03  23:00:00,7268592.352927721 
 04/03  24:00:00,7965189.0192731805 
 04/04  01:00:00,8540546.000859978 
 04/04  02:00:00,9360888.782734172 
 04/04  03:00:00,10053373.180801645 
 04/04  04:00:00,10535428.921848174 
 04/04  05:00:00,11120170.13938411 
 04/04  06:00:00,11576522.058915952 
 04/04  07:00:00,11833447.310355933 
 04/04  08:00:00,11781656.921541668 
 04/04  09:00:00,11332908.625952117 
 04/04  10:00:00,12171801.11630685 
 04/04  11:00:00,8937611.359069636 
 04/04  12:00:00,6647314.601805848 
 04/04  13:00:00,5307696.6827659905 
 04/04  14:00:00,4582473.177961146 
 04/04  15:00:00,3987653.372343827 
 04/04  16:00:00,4943300.1841107095 
 04/04  17:00:00,3320655.8877233374 
 04/04  18:00:00,2697348.8358113375 
 04/04  19:00:00,2814351.1058041435 
 04/04  20:00:00,3285912.70166964 
 04/04  21:00:00,4165254.6713817366 
 04/04  22:00:00,5303127.981212101 
 04/04  23:00:00,6423020.268482255 
 04/04  24:00:00,7663819.525082528 
 04/05  01:00:00,8395616.120477967 
 04/05  02:00:00,9481893.064175943 
 04/05  03:00:00,9190977.349847542 
 04/05  04:00:00,9705512.850171596 
 04/05  05:00:00,10125156.419266177 
 04/05  06:00:00,10464461.00924654 
 04/05  07:00:00,10803962.386886116 
 04/05  08:00:00,11513642.245681334 
 04/05  09:00:00,13482923.946814485 
 04/05  10:00:00,11799920.788392413 
 04/05  11:00:00,9581180.15559668 
 04/05  12:00:00,7200780.616930746 
 04/05  13:00:00,5391547.3042251915 
 04/05  14:00:00,4645632.3639643565 
 04/05  15:00:00,2061760.085156436 
 04/05  16:00:00,1027822.7373810457 
 04/05  17:00:00,2802382.0163767976 
 04/05  18:00:00,2561012.478032489 
 04/05  19:00:00,2137464.8582575684 
 04/05  20:00:00,2099256.036706049 
 04/05  21:00:00,4138886.3667942784 
 04/05  22:00:00,4798306.611436458 
 04/05  23:00:00,6144730.076348068 
 04/05  24:00:00,7125913.90101872 
 04/06  01:00:00,5456253.700719241 
 04/06  02:00:00,5850253.597531324 
 04/06  03:00:00,7086022.0674800305 
 04/06  04:00:00,8263327.3756311545 
 04/06  05:00:00,9187898.384530729 
 04/06  06:00:00,9674859.450022653 
 04/06  07:00:00,10013773.419179223 
 04/06  08:00:00,10725814.309813926 
 04/06  09:00:00,12378241.492407488 
 04/06  10:00:00,10284010.783949887 
 04/06  11:00:00,8422657.452069884 
 04/06  12:00:00,6931153.050155127 
 04/06  13:00:00,5628268.707032155 
 04/06  14:00:00,4978349.863618087 
 04/06  15:00:00,2335538.1563451025 
 04/06  16:00:00,1118509.958068124 
 04/06  17:00:00,2750641.513626702 
 04/06  18:00:00,2446064.5016895183 
 04/06  19:00:00,1768237.560001998 
 04/06  20:00:00,534408.6754018179 
 04/06  21:00:00,1261045.2287700654 
 04/06  22:00:00,1808060.1342004477 
 04/06  23:00:00,2470819.3048163974 
 04/06  24:00:00,3193506.368369397 
 04/07  01:00:00,3197932.246275843 
 04/07  02:00:00,3445879.2853337578 
 04/07  03:00:00,4242498.600213986 
 04/07  04:00:00,5064533.041771618 
 04/07  05:00:00,5829843.299610338 
 04/07  06:00:00,6048166.560262756 
 04/07  07:00:00,5950869.549428648 
 04/07  08:00:00,6350838.477586705 
 04/07  09:00:00,8325274.085702623 
 04/07  10:00:00,7671489.249912715 
 04/07  11:00:00,6782452.910767887 
 04/07  12:00:00,5829606.187248178 
 04/07  13:00:00,4894818.269657595 
 04/07  14:00:00,4477980.422163104 
 04/07  15:00:00,2228510.6071418556 
 04/07  16:00:00,1560372.9337079292 
 04/07  17:00:00,3688455.9743747967 
 04/07  18:00:00,3715715.559288036 
 04/07  19:00:00,3173148.057442079 
 04/07  20:00:00,2742314.459749164 
 04/07  21:00:00,4846083.8114273455 
 04/07  22:00:00,5592610.964568941 
 04/07  23:00:00,6770213.96846612 
 04/07  24:00:00,7917217.384996314 
 04/08  01:00:00,6779497.725749802 
 04/08  02:00:00,7295616.29278713 
 04/08  03:00:00,8416816.578538362 
 04/08  04:00:00,9555385.911109984 
 04/08  05:00:00,10501984.7510298 
 04/08  06:00:00,11127773.693001427 
 04/08  07:00:00,11529799.532604521 
 04/08  08:00:00,12192739.12427035 
 04/08  09:00:00,13774233.19291188 
 04/08  10:00:00,11625425.870168166 
 04/08  11:00:00,9556704.420187337 
 04/08  12:00:00,7642867.817988991 
 04/08  13:00:00,5927939.1626215065 
 04/08  14:00:00,5071977.4514002185 
 04/08  15:00:00,2318796.63738393 
 04/08  16:00:00,1034235.5258815952 
 04/08  17:00:00,2628634.3062377856 
 04/08  18:00:00,2193943.0949774687 
 04/08  19:00:00,1329296.942165481 
 04/08  20:00:00,782962.7635343611 
 04/08  21:00:00,3241669.96587288 
 04/08  22:00:00,4285928.39340776 
 04/08  23:00:00,5213118.141589671 
 04/08  24:00:00,6394502.3599764 
 04/09  01:00:00,5449024.688652977 
 04/09  02:00:00,5979560.7541463245 
 04/09  03:00:00,7082658.8986683255 
 04/09  04:00:00,8176547.692256541 
 04/09  05:00:00,8974660.220587919 
 04/09  06:00:00,9535185.594856521 
 04/09  07:00:00,9949915.800770873 
 04/09  08:00:00,10609255.709615048 
 04/09  09:00:00,12421726.45081141 
 04/09  10:00:00,10742272.237623185 
 04/09  11:00:00,9009830.088254686 
 04/09  12:00:00,7140869.078811177 
 04/09  13:00:00,5480841.903546889 
 04/09  14:00:00,4861102.877995488 
 04/09  15:00:00,2365497.9747780412 
 04/09  16:00:00,1226936.1391914515 
 04/09  17:00:00,2881385.813360938 
 04/09  18:00:00,2558292.4020331223 
 04/09  19:00:00,1774992.8651604615 
 04/09  20:00:00,1163297.4876011766 
 04/09  21:00:00,3571679.0884031337 
 04/09  22:00:00,4911545.172699572 
 04/09  23:00:00,6018576.238533022 
 04/09  24:00:00,6913679.3838787805 
 04/10  01:00:00,4911770.999760192 
 04/10  02:00:00,5007861.041427611 
 04/10  03:00:00,5892768.154196236 
 04/10  04:00:00,7120552.360110987 
 04/10  05:00:00,8370723.666621511 
 04/10  06:00:00,8769604.240645688 
 04/10  07:00:00,9108521.894538857 
 04/10  08:00:00,9251646.901183663 
 04/10  09:00:00,8863497.576049 
 04/10  10:00:00,9243604.601812093 
 04/10  11:00:00,6983126.71539562 
 04/10  12:00:00,4506083.990108521 
 04/10  13:00:00,3631296.1295055137 
 04/10  14:00:00,3298889.6231352277 
 04/10  15:00:00,2692821.7274575946 
 04/10  16:00:00,93035.73620405223 
 04/10  17:00:00,0.0 
 04/10  18:00:00,0.0 
 04/10  19:00:00,0.0 
 04/10  20:00:00,909686.4629774165 
 04/10  21:00:00,1501105.9039686602 
 04/10  22:00:00,247780.25143156556 
 04/10  23:00:00,926032.7489367337 
 04/10  24:00:00,2043361.8772758623 
 04/11  01:00:00,3022115.928799697 
 04/11  02:00:00,4034197.9533462333 
 04/11  03:00:00,5372489.525220175 
 04/11  04:00:00,7097666.827620821 
 04/11  05:00:00,8380938.508261498 
 04/11  06:00:00,9084868.147747094 
 04/11  07:00:00,9725438.663553843 
 04/11  08:00:00,10074300.939752974 
 04/11  09:00:00,9391851.907893512 
 04/11  10:00:00,9529233.40419476 
 04/11  11:00:00,5736551.427933576 
 04/11  12:00:00,2846056.929008971 
 04/11  13:00:00,1174664.5153435778 
 04/11  14:00:00,347824.94539871695 
 04/11  15:00:00,0.0 
 04/11  16:00:00,418607.51519379846 
 04/11  17:00:00,760352.1565533091 
 04/11  18:00:00,0.0 
 04/11  19:00:00,0.0 
 04/11  20:00:00,0.0 
 04/11  21:00:00,0.0 
 04/11  22:00:00,728425.611595827 
 04/11  23:00:00,2285897.63552448 
 04/11  24:00:00,3822445.2110924874 
 04/12  01:00:00,4627737.968870563 
 04/12  02:00:00,4646343.571855089 
 04/12  03:00:00,4838957.31575342 
 04/12  04:00:00,6138333.663171564 
 04/12  05:00:00,6072064.325776754 
 04/12  06:00:00,6619331.645251941 
 04/12  07:00:00,6972576.484479738 
 04/12  08:00:00,7658410.07248836 
 04/12  09:00:00,9494706.881328609 
 04/12  10:00:00,7975688.378760179 
 04/12  11:00:00,6518089.802606671 
 04/12  12:00:00,5165877.506699413 
 04/12  13:00:00,3848829.624708598 
 04/12  14:00:00,3246656.9212524267 
 04/12  15:00:00,817922.7559318023 
 04/12  16:00:00,37677.352223172784 
 04/12  17:00:00,2126486.850034248 
 04/12  18:00:00,2448665.3354479102 
 04/12  19:00:00,2603333.2028037906 
 04/12  20:00:00,2736119.897071869 
 04/12  21:00:00,4864459.0696746865 
 04/12  22:00:00,5496210.954813978 
 04/12  23:00:00,6519685.07720876 
 04/12  24:00:00,7545427.552433826 
 04/13  01:00:00,6395209.180563498 
 04/13  02:00:00,6731261.346517587 
 04/13  03:00:00,7392525.7405036725 
 04/13  04:00:00,8040815.538804512 
 04/13  05:00:00,8461687.753023393 
 04/13  06:00:00,8577778.091212323 
 04/13  07:00:00,8594182.014669543 
 04/13  08:00:00,9053496.538605057 
 04/13  09:00:00,11142387.338593587 
 04/13  10:00:00,10808433.39571584 
 04/13  11:00:00,10369694.124801047 
 04/13  12:00:00,9591420.464412045 
 04/13  13:00:00,8838633.363687076 
 04/13  14:00:00,8588199.623698229 
 04/13  15:00:00,6417846.795408287 
 04/13  16:00:00,5717740.449433871 
 04/13  17:00:00,7883383.897886427 
 04/13  18:00:00,7945465.812999649 
 04/13  19:00:00,7442658.517197608 
 04/13  20:00:00,6804896.500771706 
 04/13  21:00:00,8318599.974233596 
 04/13  22:00:00,8388536.283734984 
 04/13  23:00:00,8794500.415126879 
 04/13  24:00:00,9016321.640331132 
 04/14  01:00:00,7820319.9822203275 
 04/14  02:00:00,6647791.300713785 
 04/14  03:00:00,6734954.362866628 
 04/14  04:00:00,6937588.133256667 
 04/14  05:00:00,6987554.739597409 
 04/14  06:00:00,6981104.534114144 
 04/14  07:00:00,7058680.733140589 
 04/14  08:00:00,7505770.302607674 
 04/14  09:00:00,9577978.261518182 
 04/14  10:00:00,9247857.093664216 
 04/14  11:00:00,8765018.769115055 
 04/14  12:00:00,8090697.894447374 
 04/14  13:00:00,7376215.275036198 
 04/14  14:00:00,7010415.750288741 
 04/14  15:00:00,4521569.069192567 
 04/14  16:00:00,3639562.1536732684 
 04/14  17:00:00,5819482.73324314 
 04/14  18:00:00,5899611.655433124 
 04/14  19:00:00,5410358.194333519 
 04/14  20:00:00,4821564.008375885 
 04/14  21:00:00,6597757.557365591 
 04/14  22:00:00,6784984.7869377555 
 04/14  23:00:00,7147022.14644628 
 04/14  24:00:00,7370096.528402304 
 04/15  01:00:00,5422272.8734724475 
 04/15  02:00:00,5207240.445440526 
 04/15  03:00:00,5397492.2682041675 
 04/15  04:00:00,5683759.46318371 
 04/15  05:00:00,5874169.234264815 
 04/15  06:00:00,5921347.291114219 
 04/15  07:00:00,5992632.833680275 
 04/15  08:00:00,6455387.694526195 
 04/15  09:00:00,8598282.426559575 
 04/15  10:00:00,8400502.889429016 
 04/15  11:00:00,8108088.872293153 
 04/15  12:00:00,7278334.4267531205 
 04/15  13:00:00,6411109.200662259 
 04/15  14:00:00,5864938.53210925 
 04/15  15:00:00,3410003.596328209 
 04/15  16:00:00,2820832.0253589367 
 04/15  17:00:00,4619467.129734175 
 04/15  18:00:00,4174110.6132668564 
 04/15  19:00:00,3474474.842459509 
 04/15  20:00:00,2833782.643555079 
 04/15  21:00:00,4898631.698015181 
 04/15  22:00:00,4977979.666483313 
 04/15  23:00:00,5235689.31075124 
 04/15  24:00:00,6406097.171110589 
 04/16  01:00:00,5217198.122086249 
 04/16  02:00:00,5098599.383593333 
 04/16  03:00:00,5306017.737741623 
 04/16  04:00:00,5396479.438416477 
 04/16  05:00:00,5416993.647451871 
 04/16  06:00:00,5536611.535539983 
 04/16  07:00:00,5553448.595265751 
 04/16  08:00:00,5804099.769718522 
 04/16  09:00:00,7607055.423703115 
 04/16  10:00:00,6896209.807791179 
 04/16  11:00:00,6215184.124256693 
 04/16  12:00:00,5359031.1452095425 
 04/16  13:00:00,4402487.723468902 
 04/16  14:00:00,3913188.4622713 
 04/16  15:00:00,1447808.6454911553 
 04/16  16:00:00,672793.2219328999 
 04/16  17:00:00,2791199.592158677 
 04/16  18:00:00,2807642.355781232 
 04/16  19:00:00,2733088.5973261455 
 04/16  20:00:00,2727642.300869484 
 04/16  21:00:00,4917524.078995371 
 04/16  22:00:00,5478606.790069961 
 04/16  23:00:00,6092167.790940051 
 04/16  24:00:00,6741227.086999811 
 04/17  01:00:00,5105032.689182909 
 04/17  02:00:00,4603654.22345143 
 04/17  03:00:00,4586975.210129447 
 04/17  04:00:00,4855779.856372239 
 04/17  05:00:00,4973866.717767143 
 04/17  06:00:00,5096014.18199564 
 04/17  07:00:00,5296380.591883223 
 04/17  08:00:00,5376671.510878648 
 04/17  09:00:00,5448040.6820395645 
 04/17  10:00:00,7770912.882013207 
 04/17  11:00:00,7601786.03802013 
 04/17  12:00:00,6507962.465282955 
 04/17  13:00:00,6693898.957172877 
 04/17  14:00:00,6787847.46888382 
 04/17  15:00:00,6305709.389210701 
 04/17  16:00:00,3907600.591484415 
 04/17  17:00:00,2957615.7429338843 
 04/17  18:00:00,2559643.391620736 
 04/17  19:00:00,2971207.504167839 
 04/17  20:00:00,5435490.053069423 
 04/17  21:00:00,6215136.918665345 
 04/17  22:00:00,4901010.415143532 
 04/17  23:00:00,5021325.087081735 
 04/17  24:00:00,5033967.083442587 
 04/18  01:00:00,4901085.1124054985 
 04/18  02:00:00,4933167.231735088 
 04/18  03:00:00,5194540.803020545 
 04/18  04:00:00,5474394.218872672 
 04/18  05:00:00,5428331.122800106 
 04/18  06:00:00,5333483.919222215 
 04/18  07:00:00,5480187.237374117 
 04/18  08:00:00,5677724.419205575 
 04/18  09:00:00,5603381.005907665 
 04/18  10:00:00,7316429.511152976 
 04/18  11:00:00,5065015.737466576 
 04/18  12:00:00,3408980.0313652684 
 04/18  13:00:00,2583375.4741296 
 04/18  14:00:00,2323194.2837959216 
 04/18  15:00:00,2358395.055291137 
 04/18  16:00:00,3934088.8035818134 
 04/18  17:00:00,4744050.630118429 
 04/18  18:00:00,4067113.10695928 
 04/18  19:00:00,4144527.4085282017 
 04/18  20:00:00,4186847.5378799136 
 04/18  21:00:00,3764229.6020876267 
 04/18  22:00:00,4138225.708178952 
 04/18  23:00:00,4772853.218540295 
 04/18  24:00:00,5702430.305052903 
 04/19  01:00:00,5721697.144764204 
 04/19  02:00:00,5533335.947356817 
 04/19  03:00:00,5628203.342967096 
 04/19  04:00:00,6494037.226993907 
 04/19  05:00:00,5893954.578347225 
 04/19  06:00:00,6039338.103538676 
 04/19  07:00:00,5966157.147211699 
 04/19  08:00:00,6272426.418127906 
 04/19  09:00:00,8268811.01218839 
 04/19  10:00:00,7456358.054119339 
 04/19  11:00:00,6597849.726008354 
 04/19  12:00:00,5660340.388573231 
 04/19  13:00:00,4616810.544002337 
 04/19  14:00:00,4124945.391785045 
 04/19  15:00:00,1798092.9154530722 
 04/19  16:00:00,749755.0705136339 
 04/19  17:00:00,2516890.501874703 
 04/19  18:00:00,2364617.711098349 
 04/19  19:00:00,1729397.877594507 
 04/19  20:00:00,1158089.0530918597 
 04/19  21:00:00,3456113.7955231415 
 04/19  22:00:00,4013597.8382135974 
 04/19  23:00:00,4522899.093347916 
 04/19  24:00:00,5250131.349948394 
 04/20  01:00:00,3713204.4878012473 
 04/20  02:00:00,3624183.5739101022 
 04/20  03:00:00,4765857.450711227 
 04/20  04:00:00,5932760.558393733 
 04/20  05:00:00,6446990.471213561 
 04/20  06:00:00,6888334.1876793625 
 04/20  07:00:00,7065304.955945432 
 04/20  08:00:00,7334393.149935803 
 04/20  09:00:00,9025345.091669992 
 04/20  10:00:00,7330956.466122443 
 04/20  11:00:00,5401936.633587565 
 04/20  12:00:00,3647219.1350344904 
 04/20  13:00:00,2142506.495534312 
 04/20  14:00:00,1454903.2431875225 
 04/20  15:00:00,981668.909376787 
 04/20  16:00:00,544802.3147414512 
 04/20  17:00:00,186419.13306969145 
 04/20  18:00:00,61230.97556004868 
 04/20  19:00:00,233890.26392834712 
 04/20  20:00:00,599234.8690287545 
 04/20  21:00:00,980241.8878215416 
 04/20  22:00:00,1087352.3643630862 
 04/20  23:00:00,1974358.5220116964 
 04/20  24:00:00,2736628.9656034852 
 04/21  01:00:00,3013039.508356958 
 04/21  02:00:00,3709608.298077777 
 04/21  03:00:00,4243724.057825936 
 04/21  04:00:00,4721025.202374918 
 04/21  05:00:00,5078851.0776202725 
 04/21  06:00:00,5338404.747008328 
 04/21  07:00:00,5400050.070796739 
 04/21  08:00:00,5635822.163242559 
 04/21  09:00:00,7265709.780300739 
 04/21  10:00:00,5700593.41527799 
 04/21  11:00:00,4078316.8491998175 
 04/21  12:00:00,2666304.5831687194 
 04/21  13:00:00,1401516.8323659732 
 04/21  14:00:00,789371.8808635961 
 04/21  15:00:00,0.0 
 04/21  16:00:00,0.0 
 04/21  17:00:00,0.0 
 04/21  18:00:00,0.0 
 04/21  19:00:00,0.0 
 04/21  20:00:00,0.0 
 04/21  21:00:00,915643.9996972062 
 04/21  22:00:00,1696074.30331886 
 04/21  23:00:00,2211105.403766934 
 04/21  24:00:00,3094294.054116415 
 04/22  01:00:00,1776246.4539793013 
 04/22  02:00:00,1578293.5993294115 
 04/22  03:00:00,1679058.2713489016 
 04/22  04:00:00,1841027.6565483683 
 04/22  05:00:00,2145080.353988227 
 04/22  06:00:00,2291823.7588316067 
 04/22  07:00:00,2413299.7231476535 
 04/22  08:00:00,3131552.4245544593 
 04/22  09:00:00,5219593.803627547 
 04/22  10:00:00,4837570.31642352 
 04/22  11:00:00,4406658.17429065 
 04/22  12:00:00,3413348.3791292813 
 04/22  13:00:00,2457178.339474349 
 04/22  14:00:00,2067756.4155192913 
 04/22  15:00:00,0.0 
 04/22  16:00:00,0.0 
 04/22  17:00:00,1086103.755378115 
 04/22  18:00:00,1438165.8948316274 
 04/22  19:00:00,1206567.292000985 
 04/22  20:00:00,1011523.9475129044 
 04/22  21:00:00,2990474.467098167 
 04/22  22:00:00,3357304.374167901 
 04/22  23:00:00,3905712.015023516 
 04/22  24:00:00,4735734.606022002 
 04/23  01:00:00,3421952.6352805207 
 04/23  02:00:00,3485511.067791767 
 04/23  03:00:00,3923600.490884799 
 04/23  04:00:00,4383958.086781296 
 04/23  05:00:00,4579626.641886935 
 04/23  06:00:00,4708239.974606496 
 04/23  07:00:00,4781874.3990990985 
 04/23  08:00:00,5180478.102586212 
 04/23  09:00:00,6825685.6018384 
 04/23  10:00:00,5508510.1856549075 
 04/23  11:00:00,4283538.335451398 
 04/23  12:00:00,3210697.7405214957 
 04/23  13:00:00,2360714.261105188 
 04/23  14:00:00,1937192.1151666087 
 04/23  15:00:00,0.0 
 04/23  16:00:00,0.0 
 04/23  17:00:00,695878.3448043594 
 04/23  18:00:00,707797.6960714863 
 04/23  19:00:00,81640.2000666465 
 04/23  20:00:00,0.0 
 04/23  21:00:00,1207688.9919350913 
 04/23  22:00:00,1851985.3245033666 
 04/23  23:00:00,2696503.523970039 
 04/23  24:00:00,3542727.685914252 
 04/24  01:00:00,2128727.424218781 
 04/24  02:00:00,2203339.178673363 
 04/24  03:00:00,3002933.5217321757 
 04/24  04:00:00,4121124.7068965663 
 04/24  05:00:00,5074590.866104553 
 04/24  06:00:00,5699526.929564914 
 04/24  07:00:00,6066378.936697718 
 04/24  08:00:00,6075005.947489591 
 04/24  09:00:00,5474074.3701832 
 04/24  10:00:00,6080784.105939839 
 04/24  11:00:00,4496017.185100417 
 04/24  12:00:00,2402025.1717889565 
 04/24  13:00:00,1590465.8747927055 
 04/24  14:00:00,1402740.3383451574 
 04/24  15:00:00,855972.6960085928 
 04/24  16:00:00,0.0 
 04/24  17:00:00,0.0 
 04/24  18:00:00,0.0 
 04/24  19:00:00,0.0 
 04/24  20:00:00,0.0 
 04/24  21:00:00,341014.1691073237 
 04/24  22:00:00,0.0 
 04/24  23:00:00,0.0 
 04/24  24:00:00,0.0 
 04/25  01:00:00,0.0 
 04/25  02:00:00,199504.17165740073 
 04/25  03:00:00,1227709.3012488333 
 04/25  04:00:00,2029340.749783191 
 04/25  05:00:00,2825569.711616885 
 04/25  06:00:00,3541691.381845433 
 04/25  07:00:00,4041326.169010427 
 04/25  08:00:00,4198073.141648915 
 04/25  09:00:00,3714956.1940945173 
 04/25  10:00:00,4292211.882777418 
 04/25  11:00:00,889274.8720022879 
 04/25  12:00:00,0.0 
 04/25  13:00:00,0.0 
 04/25  14:00:00,0.0 
 04/25  15:00:00,0.0 
 04/25  16:00:00,0.0 
 04/25  17:00:00,0.0 
 04/25  18:00:00,0.0 
 04/25  19:00:00,0.0 
 04/25  20:00:00,0.0 
 04/25  21:00:00,0.0 
 04/25  22:00:00,0.0 
 04/25  23:00:00,0.0 
 04/25  24:00:00,0.0 
 04/26  01:00:00,0.0 
 04/26  02:00:00,0.0 
 04/26  03:00:00,0.0 
 04/26  04:00:00,823601.7701114703 
 04/26  05:00:00,1765613.3634628556 
 04/26  06:00:00,2146711.4505468244 
 04/26  07:00:00,2474541.4978086734 
 04/26  08:00:00,3114018.8920316114 
 04/26  09:00:00,4898710.707637419 
 04/26  10:00:00,3207839.714864183 
 04/26  11:00:00,1471928.109444042 
 04/26  12:00:00,277563.6154844353 
 04/26  13:00:00,0.0 
 04/26  14:00:00,0.0 
 04/26  15:00:00,0.0 
 04/26  16:00:00,0.0 
 04/26  17:00:00,0.0 
 04/26  18:00:00,0.0 
 04/26  19:00:00,0.0 
 04/26  20:00:00,0.0 
 04/26  21:00:00,0.0 
 04/26  22:00:00,0.0 
 04/26  23:00:00,0.0 
 04/26  24:00:00,0.0 
 04/27  01:00:00,0.0 
 04/27  02:00:00,0.0 
 04/27  03:00:00,0.0 
 04/27  04:00:00,554641.5369492214 
 04/27  05:00:00,1743285.7909609855 
 04/27  06:00:00,2495037.4289523666 
 04/27  07:00:00,2857955.9858389767 
 04/27  08:00:00,3401811.4980229605 
 04/27  09:00:00,4940521.887883339 
 04/27  10:00:00,2952674.697757434 
 04/27  11:00:00,1128243.8114965176 
 04/27  12:00:00,93149.09987567589 
 04/27  13:00:00,0.0 
 04/27  14:00:00,0.0 
 04/27  15:00:00,0.0 
 04/27  16:00:00,0.0 
 04/27  17:00:00,0.0 
 04/27  18:00:00,0.0 
 04/27  19:00:00,0.0 
 04/27  20:00:00,0.0 
 04/27  21:00:00,0.0 
 04/27  22:00:00,0.0 
 04/27  23:00:00,0.0 
 04/27  24:00:00,0.0 
 04/28  01:00:00,0.0 
 04/28  02:00:00,0.0 
 04/28  03:00:00,0.0 
 04/28  04:00:00,0.0 
 04/28  05:00:00,0.0 
 04/28  06:00:00,0.0 
 04/28  07:00:00,244346.2901413499 
 04/28  08:00:00,1156148.4437509135 
 04/28  09:00:00,3014998.6252846112 
 04/28  10:00:00,1506756.8643440504 
 04/28  11:00:00,272330.93283854617 
 04/28  12:00:00,1559.261646585219 
 04/28  13:00:00,0.0 
 04/28  14:00:00,0.0 
 04/28  15:00:00,0.0 
 04/28  16:00:00,0.0 
 04/28  17:00:00,0.0 
 04/28  18:00:00,0.0 
 04/28  19:00:00,0.0 
 04/28  20:00:00,0.0 
 04/28  21:00:00,0.0 
 04/28  22:00:00,0.0 
 04/28  23:00:00,0.0 
 04/28  24:00:00,0.0 
 04/29  01:00:00,0.0 
 04/29  02:00:00,0.0 
 04/29  03:00:00,0.0 
 04/29  04:00:00,0.0 
 04/29  05:00:00,0.0 
 04/29  06:00:00,0.0 
 04/29  07:00:00,0.0 
 04/29  08:00:00,0.0 
 04/29  09:00:00,1622495.1564847885 
 04/29  10:00:00,923619.6754666235 
 04/29  11:00:00,168454.38828609695 
 04/29  12:00:00,0.0 
 04/29  13:00:00,0.0 
 04/29  14:00:00,0.0 
 04/29  15:00:00,0.0 
 04/29  16:00:00,0.0 
 04/29  17:00:00,0.0 
 04/29  18:00:00,0.0 
 04/29  19:00:00,0.0 
 04/29  20:00:00,0.0 
 04/29  21:00:00,0.0 
 04/29  22:00:00,0.0 
 04/29  23:00:00,0.0 
 04/29  24:00:00,0.0 
 04/30  01:00:00,0.0 
 04/30  02:00:00,0.0 
 04/30  03:00:00,59969.494896127435 
 04/30  04:00:00,980012.5463809235 
 04/30  05:00:00,1853952.9027827336 
 04/30  06:00:00,2402482.431156402 
 04/30  07:00:00,2762657.1797789773 
 04/30  08:00:00,3138032.634343225 
 04/30  09:00:00,4775036.589046496 
 04/30  10:00:00,3033226.722579301 
 04/30  11:00:00,1339598.0276539791 
 04/30  12:00:00,326206.4724148346 
 04/30  13:00:00,0.0 
 04/30  14:00:00,0.0 
 04/30  15:00:00,0.0 
 04/30  16:00:00,0.0 
 04/30  17:00:00,0.0 
 04/30  18:00:00,0.0 
 04/30  19:00:00,0.0 
 04/30  20:00:00,0.0 
 04/30  21:00:00,0.0 
 04/30  22:00:00,0.0 
 04/30  23:00:00,568488.8098428558 
 04/30  24:00:00,1387134.9825983199 
 05/01  01:00:00,0.0 
 05/01  02:00:00,0.0 
 05/01  03:00:00,0.0 
 05/01  04:00:00,603002.7172353338 
 05/01  05:00:00,1247623.7723696453 
 05/01  06:00:00,1621709.1171984302 
 05/01  07:00:00,1841680.24133927 
 05/01  08:00:00,2096189.7302365585 
 05/01  09:00:00,2086937.8289734884 
 05/01  10:00:00,3611900.0580891743 
 05/01  11:00:00,2562554.1615990587 
 05/01  12:00:00,851930.7624714683 
 05/01  13:00:00,603881.5373118101 
 05/01  14:00:00,654979.5955455718 
 05/01  15:00:00,324473.92537514167 
 05/01  16:00:00,0.0 
 05/01  17:00:00,0.0 
 05/01  18:00:00,0.0 
 05/01  19:00:00,0.0 
 05/01  20:00:00,519231.93989052746 
 05/01  21:00:00,1161939.366135231 
 05/01  22:00:00,77323.4803212632 
 05/01  23:00:00,488307.56695840537 
 05/01  24:00:00,1402189.5607294107 
 05/02  01:00:00,2146192.586786288 
 05/02  02:00:00,2505959.3511234075 
 05/02  03:00:00,2896092.7567488905 
 05/02  04:00:00,3537030.5497829705 
 05/02  05:00:00,4154120.3214210765 
 05/02  06:00:00,4639262.396941831 
 05/02  07:00:00,5159855.902173133 
 05/02  08:00:00,5322963.011079255 
 05/02  09:00:00,4808959.493630642 
 05/02  10:00:00,5562617.861707297 
 05/02  11:00:00,2255305.9197309646 
 05/02  12:00:00,257403.48894177878 
 05/02  13:00:00,0.0 
 05/02  14:00:00,0.0 
 05/02  15:00:00,0.0 
 05/02  16:00:00,0.0 
 05/02  17:00:00,0.0 
 05/02  18:00:00,0.0 
 05/02  19:00:00,0.0 
 05/02  20:00:00,0.0 
 05/02  21:00:00,0.0 
 05/02  22:00:00,0.0 
 05/02  23:00:00,0.0 
 05/02  24:00:00,198073.54059616628 
 05/03  01:00:00,849957.28464802 
 05/03  02:00:00,2165340.5168617307 
 05/03  03:00:00,2079202.5627830748 
 05/03  04:00:00,3053660.0353799965 
 05/03  05:00:00,4029315.8567060824 
 05/03  06:00:00,4816516.846903584 
 05/03  07:00:00,5630051.097328666 
 05/03  08:00:00,6656685.693794801 
 05/03  09:00:00,8838191.925875118 
 05/03  10:00:00,8186480.729822301 
 05/03  11:00:00,7170543.574658728 
 05/03  12:00:00,6194744.547679774 
 05/03  13:00:00,5451476.219798621 
 05/03  14:00:00,5138647.367514062 
 05/03  15:00:00,3027285.772221132 
 05/03  16:00:00,2525500.061474815 
 05/03  17:00:00,4857684.925565314 
 05/03  18:00:00,5103939.722176588 
 05/03  19:00:00,5074415.009094957 
 05/03  20:00:00,4979026.452341963 
 05/03  21:00:00,7164583.746948144 
 05/03  22:00:00,7874024.609860374 
 05/03  23:00:00,8721164.26472167 
 05/03  24:00:00,9714641.173010703 
 05/04  01:00:00,8552391.647797186 
 05/04  02:00:00,8743324.920319902 
 05/04  03:00:00,9215782.265681233 
 05/04  04:00:00,9558846.926902153 
 05/04  05:00:00,9562130.320134731 
 05/04  06:00:00,9392974.17902778 
 05/04  07:00:00,9338351.459716504 
 05/04  08:00:00,9622564.41532236 
 05/04  09:00:00,11264193.516212428 
 05/04  10:00:00,10272823.532905238 
 05/04  11:00:00,9280159.774809778 
 05/04  12:00:00,8534796.815665761 
 05/04  13:00:00,7855355.748835755 
 05/04  14:00:00,7621540.17829898 
 05/04  15:00:00,5461400.715101883 
 05/04  16:00:00,4719347.305896075 
 05/04  17:00:00,7069989.96778275 
 05/04  18:00:00,7190384.660712713 
 05/04  19:00:00,6796437.737310129 
 05/04  20:00:00,6582494.454645749 
 05/04  21:00:00,8751853.580986332 
 05/04  22:00:00,9305134.841188505 
 05/04  23:00:00,9919127.195462164 
 05/04  24:00:00,10630463.556237089 
 05/05  01:00:00,9085544.66925866 
 05/05  02:00:00,8872798.070384959 
 05/05  03:00:00,9054371.656536685 
 05/05  04:00:00,9330280.002844963 
 05/05  05:00:00,9265073.668399058 
 05/05  06:00:00,8958951.278018974 
 05/05  07:00:00,8865831.937554114 
 05/05  08:00:00,9295279.099101089 
 05/05  09:00:00,11091900.958073342 
 05/05  10:00:00,10017827.341244549 
 05/05  11:00:00,8893060.846314838 
 05/05  12:00:00,7592474.120643665 
 05/05  13:00:00,6529550.68504206 
 05/05  14:00:00,6076204.425702547 
 05/05  15:00:00,3723351.541704206 
 05/05  16:00:00,3114452.9711569967 
 05/05  17:00:00,5216815.393133226 
 05/05  18:00:00,5124987.674733141 
 05/05  19:00:00,4700141.355209534 
 05/05  20:00:00,4438137.877005643 
 05/05  21:00:00,6588581.803565145 
 05/05  22:00:00,7357843.17645929 
 05/05  23:00:00,8485494.569533603 
 05/05  24:00:00,9630482.653245896 
 05/06  01:00:00,8462730.161838837 
 05/06  02:00:00,8958389.42026611 
 05/06  03:00:00,9909307.49691734 
 05/06  04:00:00,10397152.30238482 
 05/06  05:00:00,10737848.670464432 
 05/06  06:00:00,11405374.513152344 
 05/06  07:00:00,11982895.238293821 
 05/06  08:00:00,12222625.542380173 
 05/06  09:00:00,13446522.13319742 
 05/06  10:00:00,11149161.967666272 
 05/06  11:00:00,8981896.145675134 
 05/06  12:00:00,7348366.182768105 
 05/06  13:00:00,5994337.049693153 
 05/06  14:00:00,5303335.804751292 
 05/06  15:00:00,2708369.142909642 
 05/06  16:00:00,1503940.1514573966 
 05/06  17:00:00,3024923.6383596365 
 05/06  18:00:00,2550009.8978596404 
 05/06  19:00:00,1695927.6899771781 
 05/06  20:00:00,1056387.087732056 
 05/06  21:00:00,3002163.2179155187 
 05/06  22:00:00,3428337.3095367807 
 05/06  23:00:00,5090521.489848926 
 05/06  24:00:00,6853417.331888806 
 05/07  01:00:00,5443234.7246503085 
 05/07  02:00:00,5252941.970619111 
 05/07  03:00:00,5639102.859268945 
 05/07  04:00:00,6690092.420932058 
 05/07  05:00:00,7454090.091093168 
 05/07  06:00:00,7695035.899487565 
 05/07  07:00:00,7954163.373020003 
 05/07  08:00:00,8127598.263929695 
 05/07  09:00:00,9822940.342146598 
 05/07  10:00:00,8649086.39865254 
 05/07  11:00:00,7025351.420685713 
 05/07  12:00:00,5453018.390814142 
 05/07  13:00:00,4202270.691738435 
 05/07  14:00:00,3723378.317467738 
 05/07  15:00:00,1398711.7444068645 
 05/07  16:00:00,870166.6159729226 
 05/07  17:00:00,3411115.581695397 
 05/07  18:00:00,3625242.263245718 
 05/07  19:00:00,3255686.795411044 
 05/07  20:00:00,2998492.2622194136 
 05/07  21:00:00,5161713.210657219 
 05/07  22:00:00,5529469.270334309 
 05/07  23:00:00,6332763.309137042 
 05/07  24:00:00,7200686.534979255 
 05/08  01:00:00,5963667.981428203 
 05/08  02:00:00,6218450.544597327 
 05/08  03:00:00,6612241.156482723 
 05/08  04:00:00,7249566.322369781 
 05/08  05:00:00,7502670.873576354 
 05/08  06:00:00,7479526.089197003 
 05/08  07:00:00,7307262.5747792 
 05/08  08:00:00,7028941.099296328 
 05/08  09:00:00,6661581.639574204 
 05/08  10:00:00,7938960.139949855 
 05/08  11:00:00,6802150.9602576 
 05/08  12:00:00,5246226.802726628 
 05/08  13:00:00,4809140.98976462 
 05/08  14:00:00,4407070.936391789 
 05/08  15:00:00,3864737.3056644956 
 05/08  16:00:00,1608173.5322854687 
 05/08  17:00:00,1168907.6265087468 
 05/08  18:00:00,1314161.534541342 
 05/08  19:00:00,1981190.373971504 
 05/08  20:00:00,4084398.114995373 
 05/08  21:00:00,4112954.9943920504 
 05/08  22:00:00,2435198.744339386 
 05/08  23:00:00,2553249.4085907005 
 05/08  24:00:00,3248735.034260943 
 05/09  01:00:00,3759090.2929755044 
 05/09  02:00:00,3877372.628880453 
 05/09  03:00:00,4053794.352874915 
 05/09  04:00:00,4087469.5181267774 
 05/09  05:00:00,3944213.682584112 
 05/09  06:00:00,3919035.407599696 
 05/09  07:00:00,3941044.0958690145 
 05/09  08:00:00,4015321.38782929 
 05/09  09:00:00,4176561.87484223 
 05/09  10:00:00,6243042.132990982 
 05/09  11:00:00,4114083.2317603477 
 05/09  12:00:00,2617655.8927382706 
 05/09  13:00:00,2050796.7553984518 
 05/09  14:00:00,1679386.7276861449 
 05/09  15:00:00,1401339.9854454885 
 05/09  16:00:00,2840211.541248491 
 05/09  17:00:00,3503359.984878384 
 05/09  18:00:00,2496909.759606063 
 05/09  19:00:00,1978106.5702047886 
 05/09  20:00:00,1935651.527406626 
 05/09  21:00:00,1687079.9229917508 
 05/09  22:00:00,2445454.261633561 
 05/09  23:00:00,3353343.9034756725 
 05/09  24:00:00,4393204.169865996 
 05/10  01:00:00,4711756.114380848 
 05/10  02:00:00,4447334.278072717 
 05/10  03:00:00,4768940.735943155 
 05/10  04:00:00,5994484.615825462 
 05/10  05:00:00,5211196.180671579 
 05/10  06:00:00,5067934.398092146 
 05/10  07:00:00,5045002.463717257 
 05/10  08:00:00,5634254.231941509 
 05/10  09:00:00,7733510.578834515 
 05/10  10:00:00,6861223.0058121085 
 05/10  11:00:00,5792905.316260026 
 05/10  12:00:00,5148844.173982454 
 05/10  13:00:00,4676514.414756814 
 05/10  14:00:00,4354783.88385595 
 05/10  15:00:00,2143010.8287263936 
 05/10  16:00:00,1425249.5682921316 
 05/10  17:00:00,3373612.7452615416 
 05/10  18:00:00,3278108.174203558 
 05/10  19:00:00,2565019.462637584 
 05/10  20:00:00,1893231.8976561495 
 05/10  21:00:00,3915148.066657072 
 05/10  22:00:00,4564169.40438281 
 05/10  23:00:00,5735084.77874726 
 05/10  24:00:00,6955460.089236837 
 05/11  01:00:00,5709210.4916225225 
 05/11  02:00:00,5901884.038405191 
 05/11  03:00:00,6554038.361467492 
 05/11  04:00:00,7234370.473050006 
 05/11  05:00:00,7459511.059192416 
 05/11  06:00:00,7514898.331308581 
 05/11  07:00:00,7646803.869555362 
 05/11  08:00:00,8074289.320039318 
 05/11  09:00:00,9556151.586859746 
 05/11  10:00:00,7863824.879888999 
 05/11  11:00:00,6356935.481266027 
 05/11  12:00:00,5300937.413051224 
 05/11  13:00:00,4382815.068453681 
 05/11  14:00:00,4101640.902332333 
 05/11  15:00:00,1971090.7940630948 
 05/11  16:00:00,1215695.8667003524 
 05/11  17:00:00,3441955.1934133903 
 05/11  18:00:00,3733859.855891458 
 05/11  19:00:00,3424999.5074998853 
 05/11  20:00:00,2813526.0731905033 
 05/11  21:00:00,4617192.93119501 
 05/11  22:00:00,5495257.801052453 
 05/11  23:00:00,6682325.87465464 
 05/11  24:00:00,7545468.128821509 
 05/12  01:00:00,5807461.205848438 
 05/12  02:00:00,5464615.869812828 
 05/12  03:00:00,5686298.669879132 
 05/12  04:00:00,6004440.7550263675 
 05/12  05:00:00,6177098.69264539 
 05/12  06:00:00,6228905.566075632 
 05/12  07:00:00,6402912.637771306 
 05/12  08:00:00,6859863.779204361 
 05/12  09:00:00,8601228.290617676 
 05/12  10:00:00,7699427.06406981 
 05/12  11:00:00,6922355.421323928 
 05/12  12:00:00,6486880.029477491 
 05/12  13:00:00,5779652.494680945 
 05/12  14:00:00,5218700.602794679 
 05/12  15:00:00,4835928.405780749 
 05/12  16:00:00,4962289.082198208 
 05/12  17:00:00,5041975.6686067395 
 05/12  18:00:00,4585221.199085352 
 05/12  19:00:00,4663222.073280234 
 05/12  20:00:00,5327011.571429331 
 05/12  21:00:00,5949961.130299104 
 05/12  22:00:00,6355982.90022073 
 05/12  23:00:00,7098650.141999811 
 05/12  24:00:00,6743658.697229277 
 05/13  01:00:00,6174604.901771908 
 05/13  02:00:00,6419524.515459219 
 05/13  03:00:00,6728662.516193593 
 05/13  04:00:00,7324508.621666347 
 05/13  05:00:00,7459713.262626642 
 05/13  06:00:00,7738742.860550754 
 05/13  07:00:00,8156683.009705606 
 05/13  08:00:00,8305772.834908836 
 05/13  09:00:00,9750675.063744828 
 05/13  10:00:00,8668535.473081047 
 05/13  11:00:00,7596802.016088621 
 05/13  12:00:00,6862361.035480418 
 05/13  13:00:00,6294299.908660353 
 05/13  14:00:00,6207584.049674326 
 05/13  15:00:00,4232106.283934487 
 05/13  16:00:00,3538714.209637126 
 05/13  17:00:00,5810997.0495784655 
 05/13  18:00:00,6596601.188561188 
 05/13  19:00:00,6566008.212655117 
 05/13  20:00:00,5950231.058449324 
 05/13  21:00:00,7697148.302531451 
 05/13  22:00:00,8314818.789942754 
 05/13  23:00:00,9253742.367966887 
 05/13  24:00:00,9655196.854983397 
 05/14  01:00:00,7816664.235401432 
 05/14  02:00:00,7701664.52088338 
 05/14  03:00:00,8155557.753007675 
 05/14  04:00:00,8784766.418080717 
 05/14  05:00:00,9199821.83695684 
 05/14  06:00:00,9227411.558767684 
 05/14  07:00:00,9358199.348487724 
 05/14  08:00:00,9828762.405219195 
 05/14  09:00:00,11587260.715759283 
 05/14  10:00:00,10526258.347894361 
 05/14  11:00:00,9355931.211961413 
 05/14  12:00:00,8232115.908070514 
 05/14  13:00:00,7172345.564791238 
 05/14  14:00:00,6598195.996204028 
 05/14  15:00:00,3998272.93415322 
 05/14  16:00:00,2975237.015649821 
 05/14  17:00:00,5026212.132981307 
 05/14  18:00:00,5237546.392468741 
 05/14  19:00:00,4960458.949901372 
 05/14  20:00:00,4520327.829189659 
 05/14  21:00:00,6403658.096880736 
 05/14  22:00:00,6748912.511935127 
 05/14  23:00:00,7177759.511021886 
 05/14  24:00:00,7825631.132904665 
 05/15  01:00:00,6291307.920449682 
 05/15  02:00:00,5984398.00940794 
 05/15  03:00:00,6247430.027857866 
 05/15  04:00:00,6752847.174865061 
 05/15  05:00:00,7225036.738105942 
 05/15  06:00:00,7706918.764690898 
 05/15  07:00:00,8095231.687537745 
 05/15  08:00:00,7988023.857584793 
 05/15  09:00:00,7444540.5236424925 
 05/15  10:00:00,8584977.149547154 
 05/15  11:00:00,7328288.472596791 
 05/15  12:00:00,5413971.511953957 
 05/15  13:00:00,4843522.749535216 
 05/15  14:00:00,4697374.222651672 
 05/15  15:00:00,4298090.660809529 
 05/15  16:00:00,1924086.0281176036 
 05/15  17:00:00,1185019.7848485464 
 05/15  18:00:00,1153797.267357816 
 05/15  19:00:00,1656614.816415681 
 05/15  20:00:00,3798842.0384154855 
 05/15  21:00:00,4293580.510709133 
 05/15  22:00:00,3428579.680034848 
 05/15  23:00:00,4618585.605406052 
 05/15  24:00:00,5847855.204622505 
 05/16  01:00:00,6396807.243464017 
 05/16  02:00:00,6747944.605683792 
 05/16  03:00:00,7447106.550533583 
 05/16  04:00:00,8439374.647302685 
 05/16  05:00:00,9190625.877959218 
 05/16  06:00:00,9718903.744986288 
 05/16  07:00:00,10163306.98583738 
 05/16  08:00:00,9770911.03804214 
 05/16  09:00:00,8730584.401579117 
 05/16  10:00:00,9280683.69164572 
 05/16  11:00:00,5941357.9097807985 
 05/16  12:00:00,3772028.8742523296 
 05/16  13:00:00,2573709.5941876327 
 05/16  14:00:00,1833516.2890104095 
 05/16  15:00:00,1209383.2004904284 
 05/16  16:00:00,2074492.8927431207 
 05/16  17:00:00,2190333.854145846 
 05/16  18:00:00,613188.0645287994 
 05/16  19:00:00,14805.477151295054 
 05/16  20:00:00,0.0 
 05/16  21:00:00,0.0 
 05/16  22:00:00,752203.2847509895 
 05/16  23:00:00,2017205.3845149265 
 05/16  24:00:00,3628809.1155299926 
 05/17  01:00:00,4795564.312173846 
 05/17  02:00:00,5181325.106664977 
 05/17  03:00:00,5997574.019131397 
 05/17  04:00:00,7691832.716542657 
 05/17  05:00:00,7581257.955945481 
 05/17  06:00:00,8086867.838147053 
 05/17  07:00:00,8513455.67482314 
 05/17  08:00:00,8636177.036391055 
 05/17  09:00:00,9745712.80576203 
 05/17  10:00:00,7563471.465018385 
 05/17  11:00:00,5311315.61947301 
 05/17  12:00:00,3450269.376122814 
 05/17  13:00:00,1962176.7931646467 
 05/17  14:00:00,1259273.0624607052 
 05/17  15:00:00,0.0 
 05/17  16:00:00,0.0 
 05/17  17:00:00,0.0 
 05/17  18:00:00,0.0 
 05/17  19:00:00,0.0 
 05/17  20:00:00,0.0 
 05/17  21:00:00,0.0 
 05/17  22:00:00,73348.03141060547 
 05/17  23:00:00,1063680.2280464042 
 05/17  24:00:00,2260670.887495834 
 05/18  01:00:00,2194053.5344061167 
 05/18  02:00:00,1869006.852743149 
 05/18  03:00:00,2875051.1684764484 
 05/18  04:00:00,4153723.72353067 
 05/18  05:00:00,5054995.490082222 
 05/18  06:00:00,5594149.710876131 
 05/18  07:00:00,6122831.035202604 
 05/18  08:00:00,6488992.850424669 
 05/18  09:00:00,7833361.800401491 
 05/18  10:00:00,5352665.614064083 
 05/18  11:00:00,2996257.4976343196 
 05/18  12:00:00,1273660.4383895423 
 05/18  13:00:00,21679.373456905887 
 05/18  14:00:00,0.0 
 05/18  15:00:00,0.0 
 05/18  16:00:00,0.0 
 05/18  17:00:00,0.0 
 05/18  18:00:00,0.0 
 05/18  19:00:00,0.0 
 05/18  20:00:00,0.0 
 05/18  21:00:00,0.0 
 05/18  22:00:00,0.0 
 05/18  23:00:00,0.0 
 05/18  24:00:00,0.0 
 05/19  01:00:00,0.0 
 05/19  02:00:00,0.0 
 05/19  03:00:00,69703.92623625667 
 05/19  04:00:00,1314733.023689143 
 05/19  05:00:00,2420643.7544041704 
 05/19  06:00:00,3035531.6288368823 
 05/19  07:00:00,3731988.165046914 
 05/19  08:00:00,4317722.250000922 
 05/19  09:00:00,5687544.096266798 
 05/19  10:00:00,3456223.9436696144 
 05/19  11:00:00,1371897.1764738134 
 05/19  12:00:00,201584.93938858664 
 05/19  13:00:00,0.0 
 05/19  14:00:00,0.0 
 05/19  15:00:00,0.0 
 05/19  16:00:00,0.0 
 05/19  17:00:00,0.0 
 05/19  18:00:00,0.0 
 05/19  19:00:00,0.0 
 05/19  20:00:00,0.0 
 05/19  21:00:00,0.0 
 05/19  22:00:00,0.0 
 05/19  23:00:00,0.0 
 05/19  24:00:00,0.0 
 05/20  01:00:00,0.0 
 05/20  02:00:00,0.0 
 05/20  03:00:00,0.0 
 05/20  04:00:00,428439.05291802075 
 05/20  05:00:00,1620745.0529111973 
 05/20  06:00:00,2352126.060955478 
 05/20  07:00:00,2940334.1055704704 
 05/20  08:00:00,3612060.0734124533 
 05/20  09:00:00,5541152.455931987 
 05/20  10:00:00,4188470.077422977 
 05/20  11:00:00,2685250.099093167 
 05/20  12:00:00,1268723.8504065617 
 05/20  13:00:00,89280.27237997085 
 05/20  14:00:00,0.0 
 05/20  15:00:00,0.0 
 05/20  16:00:00,0.0 
 05/20  17:00:00,0.0 
 05/20  18:00:00,0.0 
 05/20  19:00:00,0.0 
 05/20  20:00:00,0.0 
 05/20  21:00:00,0.0 
 05/20  22:00:00,0.0 
 05/20  23:00:00,0.0 
 05/20  24:00:00,0.0 
 05/21  01:00:00,0.0 
 05/21  02:00:00,0.0 
 05/21  03:00:00,0.0 
 05/21  04:00:00,512588.6053723734 
 05/21  05:00:00,1203243.0084053632 
 05/21  06:00:00,1533171.918530752 
 05/21  07:00:00,2127182.7921949876 
 05/21  08:00:00,2683845.340727488 
 05/21  09:00:00,4354938.74701405 
 05/21  10:00:00,2475463.704033876 
 05/21  11:00:00,688460.693889542 
 05/21  12:00:00,33667.68769000919 
 05/21  13:00:00,0.0 
 05/21  14:00:00,0.0 
 05/21  15:00:00,0.0 
 05/21  16:00:00,0.0 
 05/21  17:00:00,0.0 
 05/21  18:00:00,0.0 
 05/21  19:00:00,0.0 
 05/21  20:00:00,0.0 
 05/21  21:00:00,0.0 
 05/21  22:00:00,0.0 
 05/21  23:00:00,0.0 
 05/21  24:00:00,0.0 
 05/22  01:00:00,0.0 
 05/22  02:00:00,0.0 
 05/22  03:00:00,0.0 
 05/22  04:00:00,0.0 
 05/22  05:00:00,53126.29979823396 
 05/22  06:00:00,825840.4491611642 
 05/22  07:00:00,1680301.858707254 
 05/22  08:00:00,1522932.0007470339 
 05/22  09:00:00,623731.8009447452 
 05/22  10:00:00,1531187.2122224912 
 05/22  11:00:00,319730.43498604745 
 05/22  12:00:00,0.0 
 05/22  13:00:00,0.0 
 05/22  14:00:00,0.0 
 05/22  15:00:00,0.0 
 05/22  16:00:00,0.0 
 05/22  17:00:00,0.0 
 05/22  18:00:00,0.0 
 05/22  19:00:00,0.0 
 05/22  20:00:00,0.0 
 05/22  21:00:00,0.0 
 05/22  22:00:00,0.0 
 05/22  23:00:00,0.0 
 05/22  24:00:00,0.0 
 05/23  01:00:00,0.0 
 05/23  02:00:00,0.0 
 05/23  03:00:00,0.0 
 05/23  04:00:00,0.0 
 05/23  05:00:00,0.0 
 05/23  06:00:00,0.0 
 05/23  07:00:00,0.0 
 05/23  08:00:00,0.0 
 05/23  09:00:00,0.0 
 05/23  10:00:00,0.0 
 05/23  11:00:00,0.0 
 05/23  12:00:00,0.0 
 05/23  13:00:00,0.0 
 05/23  14:00:00,0.0 
 05/23  15:00:00,0.0 
 05/23  16:00:00,0.0 
 05/23  17:00:00,0.0 
 05/23  18:00:00,0.0 
 05/23  19:00:00,0.0 
 05/23  20:00:00,0.0 
 05/23  21:00:00,0.0 
 05/23  22:00:00,0.0 
 05/23  23:00:00,0.0 
 05/23  24:00:00,0.0 
 05/24  01:00:00,0.0 
 05/24  02:00:00,0.0 
 05/24  03:00:00,0.0 
 05/24  04:00:00,0.0 
 05/24  05:00:00,0.0 
 05/24  06:00:00,0.0 
 05/24  07:00:00,0.0 
 05/24  08:00:00,0.0 
 05/24  09:00:00,630194.1475519482 
 05/24  10:00:00,278494.94517274434 
 05/24  11:00:00,0.0 
 05/24  12:00:00,0.0 
 05/24  13:00:00,0.0 
 05/24  14:00:00,0.0 
 05/24  15:00:00,0.0 
 05/24  16:00:00,0.0 
 05/24  17:00:00,0.0 
 05/24  18:00:00,0.0 
 05/24  19:00:00,0.0 
 05/24  20:00:00,0.0 
 05/24  21:00:00,0.0 
 05/24  22:00:00,0.0 
 05/24  23:00:00,0.0 
 05/24  24:00:00,0.0 
 05/25  01:00:00,0.0 
 05/25  02:00:00,0.0 
 05/25  03:00:00,0.0 
 05/25  04:00:00,0.0 
 05/25  05:00:00,0.0 
 05/25  06:00:00,0.0 
 05/25  07:00:00,0.0 
 05/25  08:00:00,0.0 
 05/25  09:00:00,1114909.189805799 
 05/25  10:00:00,718416.3378439081 
 05/25  11:00:00,120117.02960599723 
 05/25  12:00:00,0.0 
 05/25  13:00:00,0.0 
 05/25  14:00:00,0.0 
 05/25  15:00:00,0.0 
 05/25  16:00:00,0.0 
 05/25  17:00:00,0.0 
 05/25  18:00:00,0.0 
 05/25  19:00:00,0.0 
 05/25  20:00:00,0.0 
 05/25  21:00:00,0.0 
 05/25  22:00:00,0.0 
 05/25  23:00:00,0.0 
 05/25  24:00:00,991415.0889483398 
 05/26  01:00:00,165872.4094629186 
 05/26  02:00:00,412813.3551783452 
 05/26  03:00:00,1062904.884154049 
 05/26  04:00:00,1962752.8969465813 
 05/26  05:00:00,2503887.595002225 
 05/26  06:00:00,2710731.3811442163 
 05/26  07:00:00,2865764.74310223 
 05/26  08:00:00,3174074.5677534086 
 05/26  09:00:00,4881918.739939402 
 05/26  10:00:00,3512494.11197685 
 05/26  11:00:00,2045935.2569154582 
 05/26  12:00:00,903752.8696835289 
 05/26  13:00:00,55556.09957575071 
 05/26  14:00:00,0.0 
 05/26  15:00:00,0.0 
 05/26  16:00:00,0.0 
 05/26  17:00:00,0.0 
 05/26  18:00:00,0.0 
 05/26  19:00:00,0.0 
 05/26  20:00:00,0.0 
 05/26  21:00:00,0.0 
 05/26  22:00:00,0.0 
 05/26  23:00:00,0.0 
 05/26  24:00:00,100770.09072529036 
 05/27  01:00:00,0.0 
 05/27  02:00:00,0.0 
 05/27  03:00:00,455766.50071848126 
 05/27  04:00:00,1216779.7109462058 
 05/27  05:00:00,1897701.8323928686 
 05/27  06:00:00,2351904.319492508 
 05/27  07:00:00,2852716.760263798 
 05/27  08:00:00,3147578.16511715 
 05/27  09:00:00,4554136.1344131 
 05/27  10:00:00,3000595.7252475168 
 05/27  11:00:00,1642645.8711100863 
 05/27  12:00:00,709272.0997012337 
 05/27  13:00:00,7954.308564283567 
 05/27  14:00:00,0.0 
 05/27  15:00:00,0.0 
 05/27  16:00:00,0.0 
 05/27  17:00:00,0.0 
 05/27  18:00:00,0.0 
 05/27  19:00:00,0.0 
 05/27  20:00:00,0.0 
 05/27  21:00:00,0.0 
 05/27  22:00:00,0.0 
 05/27  23:00:00,519328.3114667451 
 05/27  24:00:00,1841320.5612412014 
 05/28  01:00:00,760300.7589278436 
 05/28  02:00:00,970612.8736784493 
 05/28  03:00:00,1630458.9836830609 
 05/28  04:00:00,2439638.6138297794 
 05/28  05:00:00,2741035.016782101 
 05/28  06:00:00,2692580.6403384428 
 05/28  07:00:00,2815858.9478688547 
 05/28  08:00:00,3119162.989383981 
 05/28  09:00:00,4639373.72188937 
 05/28  10:00:00,3575205.766735315 
 05/28  11:00:00,2614668.9253885034 
 05/28  12:00:00,1778346.6085155772 
 05/28  13:00:00,1138997.6460554465 
 05/28  14:00:00,810494.663082996 
 05/28  15:00:00,0.0 
 05/28  16:00:00,0.0 
 05/28  17:00:00,0.0 
 05/28  18:00:00,112854.61005395555 
 05/28  19:00:00,0.0 
 05/28  20:00:00,0.0 
 05/28  21:00:00,319451.97508923156 
 05/28  22:00:00,1110339.1669550817 
 05/28  23:00:00,1967923.4700871604 
 05/28  24:00:00,3106224.7666501766 
 05/29  01:00:00,2060831.374328639 
 05/29  02:00:00,2330173.0825131307 
 05/29  03:00:00,3353595.5681527155 
 05/29  04:00:00,4412565.933631958 
 05/29  05:00:00,4968011.83428861 
 05/29  06:00:00,5256339.61490484 
 05/29  07:00:00,5505697.742377643 
 05/29  08:00:00,5122576.396081899 
 05/29  09:00:00,3988227.26829839 
 05/29  10:00:00,4344304.62445521 
 05/29  11:00:00,2500830.506718494 
 05/29  12:00:00,339471.3948709061 
 05/29  13:00:00,0.0 
 05/29  14:00:00,0.0 
 05/29  15:00:00,0.0 
 05/29  16:00:00,0.0 
 05/29  17:00:00,0.0 
 05/29  18:00:00,0.0 
 05/29  19:00:00,0.0 
 05/29  20:00:00,0.0 
 05/29  21:00:00,0.0 
 05/29  22:00:00,0.0 
 05/29  23:00:00,0.0 
 05/29  24:00:00,0.0 
 05/30  01:00:00,0.0 
 05/30  02:00:00,0.0 
 05/30  03:00:00,0.0 
 05/30  04:00:00,483058.72776603646 
 05/30  05:00:00,1226806.7833074485 
 05/30  06:00:00,1675157.415902869 
 05/30  07:00:00,2214106.457893308 
 05/30  08:00:00,2018980.3287292717 
 05/30  09:00:00,949890.775308224 
 05/30  10:00:00,1429407.6000718346 
 05/30  11:00:00,0.0 
 05/30  12:00:00,0.0 
 05/30  13:00:00,0.0 
 05/30  14:00:00,0.0 
 05/30  15:00:00,0.0 
 05/30  16:00:00,0.0 
 05/30  17:00:00,0.0 
 05/30  18:00:00,0.0 
 05/30  19:00:00,0.0 
 05/30  20:00:00,0.0 
 05/30  21:00:00,0.0 
 05/30  22:00:00,0.0 
 05/30  23:00:00,0.0 
 05/30  24:00:00,0.0 
 05/31  01:00:00,0.0 
 05/31  02:00:00,0.0 
 05/31  03:00:00,0.0 
 05/31  04:00:00,0.0 
 05/31  05:00:00,0.0 
 05/31  06:00:00,0.0 
 05/31  07:00:00,0.0 
 05/31  08:00:00,0.0 
 05/31  09:00:00,0.0 
 05/31  10:00:00,0.0 
 05/31  11:00:00,0.0 
 05/31  12:00:00,0.0 
 05/31  13:00:00,0.0 
 05/31  14:00:00,0.0 
 05/31  15:00:00,0.0 
 05/31  16:00:00,0.0 
 05/31  17:00:00,0.0 
 05/31  18:00:00,0.0 
 05/31  19:00:00,0.0 
 05/31  20:00:00,0.0 
 05/31  21:00:00,0.0 
 05/31  22:00:00,0.0 
 05/31  23:00:00,0.0 
 05/31  24:00:00,0.0 
 06/01  01:00:00,0.0 
 06/01  02:00:00,0.0 
 06/01  03:00:00,0.0 
 06/01  04:00:00,0.0 
 06/01  05:00:00,0.0 
 06/01  06:00:00,0.0 
 06/01  07:00:00,0.0 
 06/01  08:00:00,0.0 
 06/01  09:00:00,0.0 
 06/01  10:00:00,0.0 
 06/01  11:00:00,0.0 
 06/01  12:00:00,0.0 
 06/01  13:00:00,0.0 
 06/01  14:00:00,0.0 
 06/01  15:00:00,0.0 
 06/01  16:00:00,0.0 
 06/01  17:00:00,0.0 
 06/01  18:00:00,0.0 
 06/01  19:00:00,0.0 
 06/01  20:00:00,0.0 
 06/01  21:00:00,0.0 
 06/01  22:00:00,0.0 
 06/01  23:00:00,0.0 
 06/01  24:00:00,0.0 
 06/02  01:00:00,0.0 
 06/02  02:00:00,0.0 
 06/02  03:00:00,0.0 
 06/02  04:00:00,0.0 
 06/02  05:00:00,0.0 
 06/02  06:00:00,0.0 
 06/02  07:00:00,0.0 
 06/02  08:00:00,0.0 
 06/02  09:00:00,0.0 
 06/02  10:00:00,0.0 
 06/02  11:00:00,0.0 
 06/02  12:00:00,0.0 
 06/02  13:00:00,0.0 
 06/02  14:00:00,0.0 
 06/02  15:00:00,0.0 
 06/02  16:00:00,0.0 
 06/02  17:00:00,0.0 
 06/02  18:00:00,0.0 
 06/02  19:00:00,0.0 
 06/02  20:00:00,0.0 
 06/02  21:00:00,0.0 
 06/02  22:00:00,0.0 
 06/02  23:00:00,0.0 
 06/02  24:00:00,0.0 
 06/03  01:00:00,0.0 
 06/03  02:00:00,0.0 
 06/03  03:00:00,0.0 
 06/03  04:00:00,0.0 
 06/03  05:00:00,0.0 
 06/03  06:00:00,0.0 
 06/03  07:00:00,0.0 
 06/03  08:00:00,0.0 
 06/03  09:00:00,0.0 
 06/03  10:00:00,0.0 
 06/03  11:00:00,0.0 
 06/03  12:00:00,0.0 
 06/03  13:00:00,0.0 
 06/03  14:00:00,0.0 
 06/03  15:00:00,0.0 
 06/03  16:00:00,0.0 
 06/03  17:00:00,0.0 
 06/03  18:00:00,0.0 
 06/03  19:00:00,0.0 
 06/03  20:00:00,0.0 
 06/03  21:00:00,0.0 
 06/03  22:00:00,0.0 
 06/03  23:00:00,0.0 
 06/03  24:00:00,0.0 
 06/04  01:00:00,0.0 
 06/04  02:00:00,0.0 
 06/04  03:00:00,0.0 
 06/04  04:00:00,0.0 
 06/04  05:00:00,0.0 
 06/04  06:00:00,0.0 
 06/04  07:00:00,0.0 
 06/04  08:00:00,0.0 
 06/04  09:00:00,0.0 
 06/04  10:00:00,0.0 
 06/04  11:00:00,0.0 
 06/04  12:00:00,0.0 
 06/04  13:00:00,0.0 
 06/04  14:00:00,0.0 
 06/04  15:00:00,0.0 
 06/04  16:00:00,0.0 
 06/04  17:00:00,0.0 
 06/04  18:00:00,0.0 
 06/04  19:00:00,0.0 
 06/04  20:00:00,0.0 
 06/04  21:00:00,0.0 
 06/04  22:00:00,0.0 
 06/04  23:00:00,0.0 
 06/04  24:00:00,0.0 
 06/05  01:00:00,0.0 
 06/05  02:00:00,0.0 
 06/05  03:00:00,0.0 
 06/05  04:00:00,0.0 
 06/05  05:00:00,0.0 
 06/05  06:00:00,0.0 
 06/05  07:00:00,0.0 
 06/05  08:00:00,0.0 
 06/05  09:00:00,0.0 
 06/05  10:00:00,0.0 
 06/05  11:00:00,0.0 
 06/05  12:00:00,0.0 
 06/05  13:00:00,0.0 
 06/05  14:00:00,0.0 
 06/05  15:00:00,0.0 
 06/05  16:00:00,0.0 
 06/05  17:00:00,0.0 
 06/05  18:00:00,0.0 
 06/05  19:00:00,0.0 
 06/05  20:00:00,0.0 
 06/05  21:00:00,0.0 
 06/05  22:00:00,0.0 
 06/05  23:00:00,0.0 
 06/05  24:00:00,0.0 
 06/06  01:00:00,0.0 
 06/06  02:00:00,0.0 
 06/06  03:00:00,0.0 
 06/06  04:00:00,0.0 
 06/06  05:00:00,0.0 
 06/06  06:00:00,0.0 
 06/06  07:00:00,0.0 
 06/06  08:00:00,0.0 
 06/06  09:00:00,0.0 
 06/06  10:00:00,0.0 
 06/06  11:00:00,0.0 
 06/06  12:00:00,0.0 
 06/06  13:00:00,0.0 
 06/06  14:00:00,0.0 
 06/06  15:00:00,0.0 
 06/06  16:00:00,0.0 
 06/06  17:00:00,0.0 
 06/06  18:00:00,0.0 
 06/06  19:00:00,0.0 
 06/06  20:00:00,0.0 
 06/06  21:00:00,0.0 
 06/06  22:00:00,0.0 
 06/06  23:00:00,0.0 
 06/06  24:00:00,0.0 
 06/07  01:00:00,0.0 
 06/07  02:00:00,0.0 
 06/07  03:00:00,0.0 
 06/07  04:00:00,0.0 
 06/07  05:00:00,0.0 
 06/07  06:00:00,0.0 
 06/07  07:00:00,0.0 
 06/07  08:00:00,0.0 
 06/07  09:00:00,0.0 
 06/07  10:00:00,0.0 
 06/07  11:00:00,0.0 
 06/07  12:00:00,0.0 
 06/07  13:00:00,0.0 
 06/07  14:00:00,0.0 
 06/07  15:00:00,0.0 
 06/07  16:00:00,0.0 
 06/07  17:00:00,0.0 
 06/07  18:00:00,0.0 
 06/07  19:00:00,0.0 
 06/07  20:00:00,0.0 
 06/07  21:00:00,0.0 
 06/07  22:00:00,0.0 
 06/07  23:00:00,0.0 
 06/07  24:00:00,0.0 
 06/08  01:00:00,0.0 
 06/08  02:00:00,0.0 
 06/08  03:00:00,0.0 
 06/08  04:00:00,0.0 
 06/08  05:00:00,0.0 
 06/08  06:00:00,0.0 
 06/08  07:00:00,0.0 
 06/08  08:00:00,0.0 
 06/08  09:00:00,0.0 
 06/08  10:00:00,0.0 
 06/08  11:00:00,0.0 
 06/08  12:00:00,0.0 
 06/08  13:00:00,0.0 
 06/08  14:00:00,0.0 
 06/08  15:00:00,0.0 
 06/08  16:00:00,0.0 
 06/08  17:00:00,0.0 
 06/08  18:00:00,0.0 
 06/08  19:00:00,0.0 
 06/08  20:00:00,0.0 
 06/08  21:00:00,0.0 
 06/08  22:00:00,0.0 
 06/08  23:00:00,0.0 
 06/08  24:00:00,0.0 
 06/09  01:00:00,0.0 
 06/09  02:00:00,0.0 
 06/09  03:00:00,0.0 
 06/09  04:00:00,0.0 
 06/09  05:00:00,191061.5469248296 
 06/09  06:00:00,486882.20494997076 
 06/09  07:00:00,885306.7222215454 
 06/09  08:00:00,1598869.4823630536 
 06/09  09:00:00,3841287.7103829333 
 06/09  10:00:00,3913597.5115845534 
 06/09  11:00:00,3966448.707066696 
 06/09  12:00:00,3948344.345913709 
 06/09  13:00:00,3918415.0750769293 
 06/09  14:00:00,3887889.38906725 
 06/09  15:00:00,1948529.7396422904 
 06/09  16:00:00,1451432.7457415727 
 06/09  17:00:00,3668248.051935529 
 06/09  18:00:00,3708844.023979819 
 06/09  19:00:00,2956218.581065274 
 06/09  20:00:00,1904080.711152325 
 06/09  21:00:00,3406605.2203473104 
 06/09  22:00:00,3911601.5190150016 
 06/09  23:00:00,4699779.692373643 
 06/09  24:00:00,5214788.017143912 
 06/10  01:00:00,3535438.1180984536 
 06/10  02:00:00,3509283.218004501 
 06/10  03:00:00,3887428.729087595 
 06/10  04:00:00,4308343.298200409 
 06/10  05:00:00,4467267.821291615 
 06/10  06:00:00,4368273.715530338 
 06/10  07:00:00,4268965.933852153 
 06/10  08:00:00,4574253.303247909 
 06/10  09:00:00,6368157.463635498 
 06/10  10:00:00,5675809.175856264 
 06/10  11:00:00,4908095.168325113 
 06/10  12:00:00,4154298.2063563983 
 06/10  13:00:00,3519503.342180999 
 06/10  14:00:00,3159629.814775357 
 06/10  15:00:00,890719.786333051 
 06/10  16:00:00,121663.90478356043 
 06/10  17:00:00,1812324.6552708398 
 06/10  18:00:00,1640441.803956959 
 06/10  19:00:00,1403403.6008277487 
 06/10  20:00:00,201770.37388870376 
 06/10  21:00:00,347407.1807524713 
 06/10  22:00:00,692407.0032415257 
 06/10  23:00:00,1318676.7739008763 
 06/10  24:00:00,1934418.8688914427 
 06/11  01:00:00,2352417.82435627 
 06/11  02:00:00,2698826.185506627 
 06/11  03:00:00,3127623.3612748967 
 06/11  04:00:00,3596275.03097207 
 06/11  05:00:00,3756188.354249878 
 06/11  06:00:00,3817946.680069153 
 06/11  07:00:00,3842962.1973665534 
 06/11  08:00:00,4201962.428193607 
 06/11  09:00:00,6201059.575719001 
 06/11  10:00:00,5533520.898588259 
 06/11  11:00:00,4534702.839114713 
 06/11  12:00:00,3718614.216518343 
 06/11  13:00:00,2961309.046036822 
 06/11  14:00:00,2525607.4876490864 
 06/11  15:00:00,126346.90572007676 
 06/11  16:00:00,0.0 
 06/11  17:00:00,1468536.977098773 
 06/11  18:00:00,1502017.8717527916 
 06/11  19:00:00,765143.5928024935 
 06/11  20:00:00,26900.008570095815 
 06/11  21:00:00,1884047.5381201643 
 06/11  22:00:00,2281789.92892682 
 06/11  23:00:00,2823547.5570040694 
 06/11  24:00:00,3288366.0991316866 
 06/12  01:00:00,1446523.7827187378 
 06/12  02:00:00,1145257.898923238 
 06/12  03:00:00,1515617.5907138241 
 06/12  04:00:00,2046904.1446716804 
 06/12  05:00:00,2342487.4264993113 
 06/12  06:00:00,2421261.5832303925 
 06/12  07:00:00,2552563.2660819455 
 06/12  08:00:00,2686260.8659986905 
 06/12  09:00:00,2756281.1815110566 
 06/12  10:00:00,4969987.293991029 
 06/12  11:00:00,4755679.968112982 
 06/12  12:00:00,3491602.392863475 
 06/12  13:00:00,3099227.257801791 
 06/12  14:00:00,2932936.658423349 
 06/12  15:00:00,2677789.3468629993 
 06/12  16:00:00,344692.2755629712 
 06/12  17:00:00,0.0 
 06/12  18:00:00,0.0 
 06/12  19:00:00,0.0 
 06/12  20:00:00,1971594.8166644757 
 06/12  21:00:00,2449946.0460133515 
 06/12  22:00:00,898289.7459736995 
 06/12  23:00:00,1083005.8236103319 
 06/12  24:00:00,1589369.3912175032 
 06/13  01:00:00,1815183.306026952 
 06/13  02:00:00,1984535.0792529904 
 06/13  03:00:00,2217490.4182529124 
 06/13  04:00:00,2591673.691694628 
 06/13  05:00:00,2752590.3584119966 
 06/13  06:00:00,2795118.8059040117 
 06/13  07:00:00,2872632.1973051955 
 06/13  08:00:00,2777377.155820913 
 06/13  09:00:00,2401456.7539879177 
 06/13  10:00:00,3829377.6347239693 
 06/13  11:00:00,1195076.5933671587 
 06/13  12:00:00,0.0 
 06/13  13:00:00,0.0 
 06/13  14:00:00,0.0 
 06/13  15:00:00,0.0 
 06/13  16:00:00,0.0 
 06/13  17:00:00,0.0 
 06/13  18:00:00,0.0 
 06/13  19:00:00,0.0 
 06/13  20:00:00,0.0 
 06/13  21:00:00,0.0 
 06/13  22:00:00,0.0 
 06/13  23:00:00,0.0 
 06/13  24:00:00,0.0 
 06/14  01:00:00,0.0 
 06/14  02:00:00,0.0 
 06/14  03:00:00,0.0 
 06/14  04:00:00,817066.6091235324 
 06/14  05:00:00,978092.6627974928 
 06/14  06:00:00,1496346.9621351496 
 06/14  07:00:00,1912651.0282115545 
 06/14  08:00:00,2223965.0831148056 
 06/14  09:00:00,3901399.821746515 
 06/14  10:00:00,3014838.489954587 
 06/14  11:00:00,1888689.9830973458 
 06/14  12:00:00,912950.9115482287 
 06/14  13:00:00,289068.37553616206 
 06/14  14:00:00,13661.51000870741 
 06/14  15:00:00,0.0 
 06/14  16:00:00,0.0 
 06/14  17:00:00,0.0 
 06/14  18:00:00,0.0 
 06/14  19:00:00,0.0 
 06/14  20:00:00,0.0 
 06/14  21:00:00,0.0 
 06/14  22:00:00,0.0 
 06/14  23:00:00,589109.3982559324 
 06/14  24:00:00,1896957.1357707907 
 06/15  01:00:00,1594155.0930882962 
 06/15  02:00:00,1015505.88340417 
 06/15  03:00:00,1818077.985957233 
 06/15  04:00:00,2715124.9853442265 
 06/15  05:00:00,3463301.187924763 
 06/15  06:00:00,4179665.8416882143 
 06/15  07:00:00,4793713.093966718 
 06/15  08:00:00,4930732.142900958 
 06/15  09:00:00,6219095.637291079 
 06/15  10:00:00,5145091.134583936 
 06/15  11:00:00,4038223.5048567965 
 06/15  12:00:00,3041715.939940445 
 06/15  13:00:00,2313219.143072795 
 06/15  14:00:00,2046019.9588929333 
 06/15  15:00:00,0.0 
 06/15  16:00:00,0.0 
 06/15  17:00:00,1733264.7976667387 
 06/15  18:00:00,1656938.8634299466 
 06/15  19:00:00,937922.1840457249 
 06/15  20:00:00,634254.1707814103 
 06/15  21:00:00,2807539.4362397916 
 06/15  22:00:00,3572486.220843565 
 06/15  23:00:00,4545104.696512308 
 06/15  24:00:00,5366620.656582428 
 06/16  01:00:00,3938680.1983229714 
 06/16  02:00:00,4133072.8844419373 
 06/16  03:00:00,4906354.1758762 
 06/16  04:00:00,5757994.294858757 
 06/16  05:00:00,6181643.433618902 
 06/16  06:00:00,6354228.012112372 
 06/16  07:00:00,6550957.1611052 
 06/16  08:00:00,6375882.626476462 
 06/16  09:00:00,7394415.860242261 
 06/16  10:00:00,6115987.704804668 
 06/16  11:00:00,4898140.862483762 
 06/16  12:00:00,4066634.138986851 
 06/16  13:00:00,3609344.011560845 
 06/16  14:00:00,3664733.23344826 
 06/16  15:00:00,1599793.5119208833 
 06/16  16:00:00,1053543.2178155882 
 06/16  17:00:00,3272994.527206595 
 06/16  18:00:00,3186059.7223065826 
 06/16  19:00:00,2385706.2142266626 
 06/16  20:00:00,1575161.485775962 
 06/16  21:00:00,3268226.7118674377 
 06/16  22:00:00,3657719.5247535445 
 06/16  23:00:00,4698862.3712478215 
 06/16  24:00:00,5541808.166858846 
 06/17  01:00:00,4115670.193049098 
 06/17  02:00:00,4237793.841963703 
 06/17  03:00:00,4734631.043461438 
 06/17  04:00:00,5469081.937625792 
 06/17  05:00:00,5539324.599833604 
 06/17  06:00:00,5569698.152844835 
 06/17  07:00:00,5913866.838922652 
 06/17  08:00:00,5818778.575244567 
 06/17  09:00:00,6778253.45574015 
 06/17  10:00:00,5064452.111641782 
 06/17  11:00:00,3541841.6755152503 
 06/17  12:00:00,2320569.149341298 
 06/17  13:00:00,1170525.4203243344 
 06/17  14:00:00,657387.1895242998 
 06/17  15:00:00,0.0 
 06/17  16:00:00,0.0 
 06/17  17:00:00,0.0 
 06/17  18:00:00,0.0 
 06/17  19:00:00,0.0 
 06/17  20:00:00,0.0 
 06/17  21:00:00,0.0 
 06/17  22:00:00,0.0 
 06/17  23:00:00,0.0 
 06/17  24:00:00,760211.8670724086 
 06/18  01:00:00,0.0 
 06/18  02:00:00,0.0 
 06/18  03:00:00,126468.93218534536 
 06/18  04:00:00,813625.789965167 
 06/18  05:00:00,1428420.299587863 
 06/18  06:00:00,1877819.6407705967 
 06/18  07:00:00,2248985.841302405 
 06/18  08:00:00,2534821.9354030723 
 06/18  09:00:00,3937667.526041574 
 06/18  10:00:00,2563897.949571478 
 06/18  11:00:00,1249008.5975841763 
 06/18  12:00:00,233491.96222512546 
 06/18  13:00:00,0.0 
 06/18  14:00:00,0.0 
 06/18  15:00:00,0.0 
 06/18  16:00:00,0.0 
 06/18  17:00:00,0.0 
 06/18  18:00:00,0.0 
 06/18  19:00:00,0.0 
 06/18  20:00:00,0.0 
 06/18  21:00:00,0.0 
 06/18  22:00:00,0.0 
 06/18  23:00:00,0.0 
 06/18  24:00:00,190436.29163671067 
 06/19  01:00:00,0.0 
 06/19  02:00:00,0.0 
 06/19  03:00:00,101196.78825052542 
 06/19  04:00:00,646626.2972389888 
 06/19  05:00:00,1008096.9089463339 
 06/19  06:00:00,1411223.757084772 
 06/19  07:00:00,1795652.534113909 
 06/19  08:00:00,1831075.1654381617 
 06/19  09:00:00,1470112.126063528 
 06/19  10:00:00,2738808.3220417877 
 06/19  11:00:00,1573095.7990809972 
 06/19  12:00:00,49800.4680791666 
 06/19  13:00:00,0.0 
 06/19  14:00:00,0.0 
 06/19  15:00:00,0.0 
 06/19  16:00:00,0.0 
 06/19  17:00:00,0.0 
 06/19  18:00:00,0.0 
 06/19  19:00:00,0.0 
 06/19  20:00:00,0.0 
 06/19  21:00:00,0.0 
 06/19  22:00:00,0.0 
 06/19  23:00:00,0.0 
 06/19  24:00:00,0.0 
 06/20  01:00:00,0.0 
 06/20  02:00:00,0.0 
 06/20  03:00:00,0.0 
 06/20  04:00:00,707156.6330511371 
 06/20  05:00:00,1244635.5593197776 
 06/20  06:00:00,1657749.4981156737 
 06/20  07:00:00,2144448.9847340565 
 06/20  08:00:00,1984097.801576259 
 06/20  09:00:00,1409861.9717172873 
 06/20  10:00:00,2857598.230370604 
 06/20  11:00:00,351541.07282977493 
 06/20  12:00:00,0.0 
 06/20  13:00:00,0.0 
 06/20  14:00:00,0.0 
 06/20  15:00:00,0.0 
 06/20  16:00:00,0.0 
 06/20  17:00:00,0.0 
 06/20  18:00:00,0.0 
 06/20  19:00:00,0.0 
 06/20  20:00:00,0.0 
 06/20  21:00:00,0.0 
 06/20  22:00:00,0.0 
 06/20  23:00:00,0.0 
 06/20  24:00:00,0.0 
 06/21  01:00:00,92066.06212838378 
 06/21  02:00:00,1055673.8808909853 
 06/21  03:00:00,2455450.4270731704 
 06/21  04:00:00,3985596.16595845 
 06/21  05:00:00,5001778.392166555 
 06/21  06:00:00,5487421.527096978 
 06/21  07:00:00,5776558.598448318 
 06/21  08:00:00,6039865.982173038 
 06/21  09:00:00,7474391.685727521 
 06/21  10:00:00,5864355.432256075 
 06/21  11:00:00,4263918.668449352 
 06/21  12:00:00,2663953.173501966 
 06/21  13:00:00,1245254.9167897932 
 06/21  14:00:00,578650.0950304 
 06/21  15:00:00,0.0 
 06/21  16:00:00,0.0 
 06/21  17:00:00,0.0 
 06/21  18:00:00,0.0 
 06/21  19:00:00,0.0 
 06/21  20:00:00,0.0 
 06/21  21:00:00,0.0 
 06/21  22:00:00,0.0 
 06/21  23:00:00,0.0 
 06/21  24:00:00,0.0 
 06/22  01:00:00,0.0 
 06/22  02:00:00,0.0 
 06/22  03:00:00,0.0 
 06/22  04:00:00,668152.5139412233 
 06/22  05:00:00,1462689.3465059751 
 06/22  06:00:00,1974189.8625172295 
 06/22  07:00:00,2473113.1359479753 
 06/22  08:00:00,2619684.9468056764 
 06/22  09:00:00,3773812.650840376 
 06/22  10:00:00,1965808.5554896812 
 06/22  11:00:00,323766.72705073876 
 06/22  12:00:00,0.0 
 06/22  13:00:00,0.0 
 06/22  14:00:00,0.0 
 06/22  15:00:00,0.0 
 06/22  16:00:00,0.0 
 06/22  17:00:00,0.0 
 06/22  18:00:00,0.0 
 06/22  19:00:00,0.0 
 06/22  20:00:00,0.0 
 06/22  21:00:00,0.0 
 06/22  22:00:00,0.0 
 06/22  23:00:00,0.0 
 06/22  24:00:00,0.0 
 06/23  01:00:00,0.0 
 06/23  02:00:00,0.0 
 06/23  03:00:00,0.0 
 06/23  04:00:00,0.0 
 06/23  05:00:00,0.0 
 06/23  06:00:00,0.0 
 06/23  07:00:00,0.0 
 06/23  08:00:00,0.0 
 06/23  09:00:00,183499.8933880037 
 06/23  10:00:00,5827.591939243576 
 06/23  11:00:00,0.0 
 06/23  12:00:00,0.0 
 06/23  13:00:00,0.0 
 06/23  14:00:00,0.0 
 06/23  15:00:00,0.0 
 06/23  16:00:00,0.0 
 06/23  17:00:00,0.0 
 06/23  18:00:00,0.0 
 06/23  19:00:00,0.0 
 06/23  20:00:00,0.0 
 06/23  21:00:00,0.0 
 06/23  22:00:00,0.0 
 06/23  23:00:00,0.0 
 06/23  24:00:00,0.0 
 06/24  01:00:00,0.0 
 06/24  02:00:00,0.0 
 06/24  03:00:00,0.0 
 06/24  04:00:00,0.0 
 06/24  05:00:00,0.0 
 06/24  06:00:00,0.0 
 06/24  07:00:00,0.0 
 06/24  08:00:00,0.0 
 06/24  09:00:00,0.0 
 06/24  10:00:00,0.0 
 06/24  11:00:00,0.0 
 06/24  12:00:00,0.0 
 06/24  13:00:00,0.0 
 06/24  14:00:00,0.0 
 06/24  15:00:00,0.0 
 06/24  16:00:00,0.0 
 06/24  17:00:00,0.0 
 06/24  18:00:00,0.0 
 06/24  19:00:00,0.0 
 06/24  20:00:00,0.0 
 06/24  21:00:00,0.0 
 06/24  22:00:00,0.0 
 06/24  23:00:00,0.0 
 06/24  24:00:00,0.0 
 06/25  01:00:00,0.0 
 06/25  02:00:00,0.0 
 06/25  03:00:00,0.0 
 06/25  04:00:00,0.0 
 06/25  05:00:00,0.0 
 06/25  06:00:00,0.0 
 06/25  07:00:00,0.0 
 06/25  08:00:00,0.0 
 06/25  09:00:00,0.0 
 06/25  10:00:00,0.0 
 06/25  11:00:00,0.0 
 06/25  12:00:00,0.0 
 06/25  13:00:00,0.0 
 06/25  14:00:00,0.0 
 06/25  15:00:00,0.0 
 06/25  16:00:00,0.0 
 06/25  17:00:00,0.0 
 06/25  18:00:00,0.0 
 06/25  19:00:00,0.0 
 06/25  20:00:00,0.0 
 06/25  21:00:00,0.0 
 06/25  22:00:00,0.0 
 06/25  23:00:00,0.0 
 06/25  24:00:00,0.0 
 06/26  01:00:00,0.0 
 06/26  02:00:00,0.0 
 06/26  03:00:00,0.0 
 06/26  04:00:00,0.0 
 06/26  05:00:00,0.0 
 06/26  06:00:00,0.0 
 06/26  07:00:00,0.0 
 06/26  08:00:00,0.0 
 06/26  09:00:00,0.0 
 06/26  10:00:00,0.0 
 06/26  11:00:00,0.0 
 06/26  12:00:00,0.0 
 06/26  13:00:00,0.0 
 06/26  14:00:00,0.0 
 06/26  15:00:00,0.0 
 06/26  16:00:00,0.0 
 06/26  17:00:00,0.0 
 06/26  18:00:00,0.0 
 06/26  19:00:00,0.0 
 06/26  20:00:00,0.0 
 06/26  21:00:00,0.0 
 06/26  22:00:00,0.0 
 06/26  23:00:00,0.0 
 06/26  24:00:00,0.0 
 06/27  01:00:00,0.0 
 06/27  02:00:00,0.0 
 06/27  03:00:00,0.0 
 06/27  04:00:00,0.0 
 06/27  05:00:00,0.0 
 06/27  06:00:00,0.0 
 06/27  07:00:00,0.0 
 06/27  08:00:00,0.0 
 06/27  09:00:00,0.0 
 06/27  10:00:00,0.0 
 06/27  11:00:00,0.0 
 06/27  12:00:00,0.0 
 06/27  13:00:00,0.0 
 06/27  14:00:00,0.0 
 06/27  15:00:00,0.0 
 06/27  16:00:00,0.0 
 06/27  17:00:00,0.0 
 06/27  18:00:00,0.0 
 06/27  19:00:00,0.0 
 06/27  20:00:00,0.0 
 06/27  21:00:00,0.0 
 06/27  22:00:00,0.0 
 06/27  23:00:00,0.0 
 06/27  24:00:00,0.0 
 06/28  01:00:00,0.0 
 06/28  02:00:00,0.0 
 06/28  03:00:00,0.0 
 06/28  04:00:00,0.0 
 06/28  05:00:00,0.0 
 06/28  06:00:00,0.0 
 06/28  07:00:00,0.0 
 06/28  08:00:00,0.0 
 06/28  09:00:00,0.0 
 06/28  10:00:00,0.0 
 06/28  11:00:00,0.0 
 06/28  12:00:00,0.0 
 06/28  13:00:00,0.0 
 06/28  14:00:00,0.0 
 06/28  15:00:00,0.0 
 06/28  16:00:00,0.0 
 06/28  17:00:00,0.0 
 06/28  18:00:00,0.0 
 06/28  19:00:00,0.0 
 06/28  20:00:00,0.0 
 06/28  21:00:00,0.0 
 06/28  22:00:00,0.0 
 06/28  23:00:00,0.0 
 06/28  24:00:00,0.0 
 06/29  01:00:00,0.0 
 06/29  02:00:00,0.0 
 06/29  03:00:00,0.0 
 06/29  04:00:00,0.0 
 06/29  05:00:00,0.0 
 06/29  06:00:00,0.0 
 06/29  07:00:00,0.0 
 06/29  08:00:00,0.0 
 06/29  09:00:00,0.0 
 06/29  10:00:00,0.0 
 06/29  11:00:00,0.0 
 06/29  12:00:00,0.0 
 06/29  13:00:00,0.0 
 06/29  14:00:00,0.0 
 06/29  15:00:00,0.0 
 06/29  16:00:00,0.0 
 06/29  17:00:00,0.0 
 06/29  18:00:00,0.0 
 06/29  19:00:00,0.0 
 06/29  20:00:00,0.0 
 06/29  21:00:00,0.0 
 06/29  22:00:00,0.0 
 06/29  23:00:00,0.0 
 06/29  24:00:00,0.0 
 06/30  01:00:00,0.0 
 06/30  02:00:00,0.0 
 06/30  03:00:00,0.0 
 06/30  04:00:00,0.0 
 06/30  05:00:00,0.0 
 06/30  06:00:00,0.0 
 06/30  07:00:00,0.0 
 06/30  08:00:00,0.0 
 06/30  09:00:00,0.0 
 06/30  10:00:00,0.0 
 06/30  11:00:00,0.0 
 06/30  12:00:00,0.0 
 06/30  13:00:00,0.0 
 06/30  14:00:00,0.0 
 06/30  15:00:00,0.0 
 06/30  16:00:00,0.0 
 06/30  17:00:00,0.0 
 06/30  18:00:00,0.0 
 06/30  19:00:00,0.0 
 06/30  20:00:00,0.0 
 06/30  21:00:00,0.0 
 06/30  22:00:00,0.0 
 06/30  23:00:00,0.0 
 06/30  24:00:00,0.0 
 07/01  01:00:00,0.0 
 07/01  02:00:00,0.0 
 07/01  03:00:00,0.0 
 07/01  04:00:00,0.0 
 07/01  05:00:00,0.0 
 07/01  06:00:00,0.0 
 07/01  07:00:00,0.0 
 07/01  08:00:00,0.0 
 07/01  09:00:00,0.0 
 07/01  10:00:00,0.0 
 07/01  11:00:00,0.0 
 07/01  12:00:00,0.0 
 07/01  13:00:00,0.0 
 07/01  14:00:00,0.0 
 07/01  15:00:00,0.0 
 07/01  16:00:00,0.0 
 07/01  17:00:00,0.0 
 07/01  18:00:00,0.0 
 07/01  19:00:00,0.0 
 07/01  20:00:00,0.0 
 07/01  21:00:00,0.0 
 07/01  22:00:00,0.0 
 07/01  23:00:00,0.0 
 07/01  24:00:00,0.0 
 07/02  01:00:00,0.0 
 07/02  02:00:00,0.0 
 07/02  03:00:00,0.0 
 07/02  04:00:00,0.0 
 07/02  05:00:00,0.0 
 07/02  06:00:00,0.0 
 07/02  07:00:00,0.0 
 07/02  08:00:00,0.0 
 07/02  09:00:00,0.0 
 07/02  10:00:00,0.0 
 07/02  11:00:00,0.0 
 07/02  12:00:00,0.0 
 07/02  13:00:00,0.0 
 07/02  14:00:00,0.0 
 07/02  15:00:00,0.0 
 07/02  16:00:00,0.0 
 07/02  17:00:00,0.0 
 07/02  18:00:00,0.0 
 07/02  19:00:00,0.0 
 07/02  20:00:00,0.0 
 07/02  21:00:00,0.0 
 07/02  22:00:00,0.0 
 07/02  23:00:00,0.0 
 07/02  24:00:00,0.0 
 07/03  01:00:00,0.0 
 07/03  02:00:00,0.0 
 07/03  03:00:00,0.0 
 07/03  04:00:00,0.0 
 07/03  05:00:00,0.0 
 07/03  06:00:00,0.0 
 07/03  07:00:00,0.0 
 07/03  08:00:00,0.0 
 07/03  09:00:00,0.0 
 07/03  10:00:00,0.0 
 07/03  11:00:00,0.0 
 07/03  12:00:00,0.0 
 07/03  13:00:00,0.0 
 07/03  14:00:00,0.0 
 07/03  15:00:00,0.0 
 07/03  16:00:00,0.0 
 07/03  17:00:00,0.0 
 07/03  18:00:00,0.0 
 07/03  19:00:00,0.0 
 07/03  20:00:00,0.0 
 07/03  21:00:00,0.0 
 07/03  22:00:00,0.0 
 07/03  23:00:00,0.0 
 07/03  24:00:00,0.0 
 07/04  01:00:00,0.0 
 07/04  02:00:00,0.0 
 07/04  03:00:00,0.0 
 07/04  04:00:00,0.0 
 07/04  05:00:00,0.0 
 07/04  06:00:00,0.0 
 07/04  07:00:00,0.0 
 07/04  08:00:00,0.0 
 07/04  09:00:00,0.0 
 07/04  10:00:00,0.0 
 07/04  11:00:00,0.0 
 07/04  12:00:00,0.0 
 07/04  13:00:00,0.0 
 07/04  14:00:00,0.0 
 07/04  15:00:00,0.0 
 07/04  16:00:00,0.0 
 07/04  17:00:00,0.0 
 07/04  18:00:00,0.0 
 07/04  19:00:00,0.0 
 07/04  20:00:00,0.0 
 07/04  21:00:00,0.0 
 07/04  22:00:00,0.0 
 07/04  23:00:00,0.0 
 07/04  24:00:00,0.0 
 07/05  01:00:00,0.0 
 07/05  02:00:00,0.0 
 07/05  03:00:00,0.0 
 07/05  04:00:00,0.0 
 07/05  05:00:00,0.0 
 07/05  06:00:00,0.0 
 07/05  07:00:00,0.0 
 07/05  08:00:00,0.0 
 07/05  09:00:00,0.0 
 07/05  10:00:00,0.0 
 07/05  11:00:00,0.0 
 07/05  12:00:00,0.0 
 07/05  13:00:00,0.0 
 07/05  14:00:00,0.0 
 07/05  15:00:00,0.0 
 07/05  16:00:00,0.0 
 07/05  17:00:00,0.0 
 07/05  18:00:00,0.0 
 07/05  19:00:00,0.0 
 07/05  20:00:00,0.0 
 07/05  21:00:00,0.0 
 07/05  22:00:00,0.0 
 07/05  23:00:00,0.0 
 07/05  24:00:00,0.0 
 07/06  01:00:00,0.0 
 07/06  02:00:00,0.0 
 07/06  03:00:00,0.0 
 07/06  04:00:00,0.0 
 07/06  05:00:00,0.0 
 07/06  06:00:00,0.0 
 07/06  07:00:00,0.0 
 07/06  08:00:00,0.0 
 07/06  09:00:00,0.0 
 07/06  10:00:00,0.0 
 07/06  11:00:00,0.0 
 07/06  12:00:00,0.0 
 07/06  13:00:00,0.0 
 07/06  14:00:00,0.0 
 07/06  15:00:00,0.0 
 07/06  16:00:00,0.0 
 07/06  17:00:00,0.0 
 07/06  18:00:00,0.0 
 07/06  19:00:00,0.0 
 07/06  20:00:00,0.0 
 07/06  21:00:00,0.0 
 07/06  22:00:00,0.0 
 07/06  23:00:00,0.0 
 07/06  24:00:00,0.0 
 07/07  01:00:00,0.0 
 07/07  02:00:00,0.0 
 07/07  03:00:00,0.0 
 07/07  04:00:00,0.0 
 07/07  05:00:00,0.0 
 07/07  06:00:00,0.0 
 07/07  07:00:00,0.0 
 07/07  08:00:00,0.0 
 07/07  09:00:00,0.0 
 07/07  10:00:00,0.0 
 07/07  11:00:00,0.0 
 07/07  12:00:00,0.0 
 07/07  13:00:00,0.0 
 07/07  14:00:00,0.0 
 07/07  15:00:00,0.0 
 07/07  16:00:00,0.0 
 07/07  17:00:00,0.0 
 07/07  18:00:00,0.0 
 07/07  19:00:00,0.0 
 07/07  20:00:00,0.0 
 07/07  21:00:00,0.0 
 07/07  22:00:00,0.0 
 07/07  23:00:00,0.0 
 07/07  24:00:00,0.0 
 07/08  01:00:00,0.0 
 07/08  02:00:00,0.0 
 07/08  03:00:00,0.0 
 07/08  04:00:00,0.0 
 07/08  05:00:00,0.0 
 07/08  06:00:00,0.0 
 07/08  07:00:00,0.0 
 07/08  08:00:00,0.0 
 07/08  09:00:00,0.0 
 07/08  10:00:00,0.0 
 07/08  11:00:00,0.0 
 07/08  12:00:00,0.0 
 07/08  13:00:00,0.0 
 07/08  14:00:00,0.0 
 07/08  15:00:00,0.0 
 07/08  16:00:00,0.0 
 07/08  17:00:00,0.0 
 07/08  18:00:00,0.0 
 07/08  19:00:00,0.0 
 07/08  20:00:00,0.0 
 07/08  21:00:00,0.0 
 07/08  22:00:00,0.0 
 07/08  23:00:00,0.0 
 07/08  24:00:00,0.0 
 07/09  01:00:00,0.0 
 07/09  02:00:00,0.0 
 07/09  03:00:00,0.0 
 07/09  04:00:00,0.0 
 07/09  05:00:00,0.0 
 07/09  06:00:00,0.0 
 07/09  07:00:00,0.0 
 07/09  08:00:00,0.0 
 07/09  09:00:00,0.0 
 07/09  10:00:00,0.0 
 07/09  11:00:00,0.0 
 07/09  12:00:00,0.0 
 07/09  13:00:00,0.0 
 07/09  14:00:00,0.0 
 07/09  15:00:00,0.0 
 07/09  16:00:00,0.0 
 07/09  17:00:00,0.0 
 07/09  18:00:00,0.0 
 07/09  19:00:00,0.0 
 07/09  20:00:00,0.0 
 07/09  21:00:00,0.0 
 07/09  22:00:00,0.0 
 07/09  23:00:00,0.0 
 07/09  24:00:00,0.0 
 07/10  01:00:00,0.0 
 07/10  02:00:00,0.0 
 07/10  03:00:00,0.0 
 07/10  04:00:00,0.0 
 07/10  05:00:00,0.0 
 07/10  06:00:00,0.0 
 07/10  07:00:00,0.0 
 07/10  08:00:00,0.0 
 07/10  09:00:00,0.0 
 07/10  10:00:00,0.0 
 07/10  11:00:00,0.0 
 07/10  12:00:00,0.0 
 07/10  13:00:00,0.0 
 07/10  14:00:00,0.0 
 07/10  15:00:00,0.0 
 07/10  16:00:00,0.0 
 07/10  17:00:00,0.0 
 07/10  18:00:00,0.0 
 07/10  19:00:00,0.0 
 07/10  20:00:00,0.0 
 07/10  21:00:00,0.0 
 07/10  22:00:00,0.0 
 07/10  23:00:00,0.0 
 07/10  24:00:00,0.0 
 07/11  01:00:00,0.0 
 07/11  02:00:00,0.0 
 07/11  03:00:00,0.0 
 07/11  04:00:00,0.0 
 07/11  05:00:00,0.0 
 07/11  06:00:00,0.0 
 07/11  07:00:00,0.0 
 07/11  08:00:00,0.0 
 07/11  09:00:00,0.0 
 07/11  10:00:00,0.0 
 07/11  11:00:00,0.0 
 07/11  12:00:00,0.0 
 07/11  13:00:00,0.0 
 07/11  14:00:00,0.0 
 07/11  15:00:00,0.0 
 07/11  16:00:00,0.0 
 07/11  17:00:00,0.0 
 07/11  18:00:00,0.0 
 07/11  19:00:00,0.0 
 07/11  20:00:00,0.0 
 07/11  21:00:00,0.0 
 07/11  22:00:00,0.0 
 07/11  23:00:00,0.0 
 07/11  24:00:00,0.0 
 07/12  01:00:00,0.0 
 07/12  02:00:00,0.0 
 07/12  03:00:00,0.0 
 07/12  04:00:00,0.0 
 07/12  05:00:00,0.0 
 07/12  06:00:00,0.0 
 07/12  07:00:00,0.0 
 07/12  08:00:00,0.0 
 07/12  09:00:00,0.0 
 07/12  10:00:00,0.0 
 07/12  11:00:00,0.0 
 07/12  12:00:00,0.0 
 07/12  13:00:00,0.0 
 07/12  14:00:00,0.0 
 07/12  15:00:00,0.0 
 07/12  16:00:00,0.0 
 07/12  17:00:00,0.0 
 07/12  18:00:00,0.0 
 07/12  19:00:00,0.0 
 07/12  20:00:00,0.0 
 07/12  21:00:00,0.0 
 07/12  22:00:00,0.0 
 07/12  23:00:00,0.0 
 07/12  24:00:00,0.0 
 07/13  01:00:00,0.0 
 07/13  02:00:00,0.0 
 07/13  03:00:00,0.0 
 07/13  04:00:00,0.0 
 07/13  05:00:00,0.0 
 07/13  06:00:00,0.0 
 07/13  07:00:00,0.0 
 07/13  08:00:00,0.0 
 07/13  09:00:00,0.0 
 07/13  10:00:00,0.0 
 07/13  11:00:00,0.0 
 07/13  12:00:00,0.0 
 07/13  13:00:00,0.0 
 07/13  14:00:00,0.0 
 07/13  15:00:00,0.0 
 07/13  16:00:00,0.0 
 07/13  17:00:00,0.0 
 07/13  18:00:00,0.0 
 07/13  19:00:00,0.0 
 07/13  20:00:00,0.0 
 07/13  21:00:00,0.0 
 07/13  22:00:00,0.0 
 07/13  23:00:00,0.0 
 07/13  24:00:00,0.0 
 07/14  01:00:00,0.0 
 07/14  02:00:00,0.0 
 07/14  03:00:00,0.0 
 07/14  04:00:00,0.0 
 07/14  05:00:00,0.0 
 07/14  06:00:00,0.0 
 07/14  07:00:00,0.0 
 07/14  08:00:00,0.0 
 07/14  09:00:00,0.0 
 07/14  10:00:00,0.0 
 07/14  11:00:00,0.0 
 07/14  12:00:00,0.0 
 07/14  13:00:00,0.0 
 07/14  14:00:00,0.0 
 07/14  15:00:00,0.0 
 07/14  16:00:00,0.0 
 07/14  17:00:00,0.0 
 07/14  18:00:00,0.0 
 07/14  19:00:00,0.0 
 07/14  20:00:00,0.0 
 07/14  21:00:00,0.0 
 07/14  22:00:00,0.0 
 07/14  23:00:00,0.0 
 07/14  24:00:00,0.0 
 07/15  01:00:00,0.0 
 07/15  02:00:00,0.0 
 07/15  03:00:00,0.0 
 07/15  04:00:00,0.0 
 07/15  05:00:00,0.0 
 07/15  06:00:00,0.0 
 07/15  07:00:00,0.0 
 07/15  08:00:00,0.0 
 07/15  09:00:00,0.0 
 07/15  10:00:00,0.0 
 07/15  11:00:00,0.0 
 07/15  12:00:00,0.0 
 07/15  13:00:00,0.0 
 07/15  14:00:00,0.0 
 07/15  15:00:00,0.0 
 07/15  16:00:00,0.0 
 07/15  17:00:00,0.0 
 07/15  18:00:00,0.0 
 07/15  19:00:00,0.0 
 07/15  20:00:00,0.0 
 07/15  21:00:00,0.0 
 07/15  22:00:00,0.0 
 07/15  23:00:00,0.0 
 07/15  24:00:00,0.0 
 07/16  01:00:00,0.0 
 07/16  02:00:00,0.0 
 07/16  03:00:00,0.0 
 07/16  04:00:00,0.0 
 07/16  05:00:00,0.0 
 07/16  06:00:00,0.0 
 07/16  07:00:00,0.0 
 07/16  08:00:00,0.0 
 07/16  09:00:00,0.0 
 07/16  10:00:00,0.0 
 07/16  11:00:00,0.0 
 07/16  12:00:00,0.0 
 07/16  13:00:00,0.0 
 07/16  14:00:00,0.0 
 07/16  15:00:00,0.0 
 07/16  16:00:00,0.0 
 07/16  17:00:00,0.0 
 07/16  18:00:00,0.0 
 07/16  19:00:00,0.0 
 07/16  20:00:00,0.0 
 07/16  21:00:00,0.0 
 07/16  22:00:00,0.0 
 07/16  23:00:00,0.0 
 07/16  24:00:00,0.0 
 07/17  01:00:00,0.0 
 07/17  02:00:00,0.0 
 07/17  03:00:00,0.0 
 07/17  04:00:00,0.0 
 07/17  05:00:00,0.0 
 07/17  06:00:00,0.0 
 07/17  07:00:00,0.0 
 07/17  08:00:00,0.0 
 07/17  09:00:00,0.0 
 07/17  10:00:00,0.0 
 07/17  11:00:00,0.0 
 07/17  12:00:00,0.0 
 07/17  13:00:00,0.0 
 07/17  14:00:00,0.0 
 07/17  15:00:00,0.0 
 07/17  16:00:00,0.0 
 07/17  17:00:00,0.0 
 07/17  18:00:00,0.0 
 07/17  19:00:00,0.0 
 07/17  20:00:00,0.0 
 07/17  21:00:00,0.0 
 07/17  22:00:00,0.0 
 07/17  23:00:00,0.0 
 07/17  24:00:00,0.0 
 07/18  01:00:00,0.0 
 07/18  02:00:00,0.0 
 07/18  03:00:00,0.0 
 07/18  04:00:00,0.0 
 07/18  05:00:00,0.0 
 07/18  06:00:00,0.0 
 07/18  07:00:00,0.0 
 07/18  08:00:00,0.0 
 07/18  09:00:00,0.0 
 07/18  10:00:00,0.0 
 07/18  11:00:00,0.0 
 07/18  12:00:00,0.0 
 07/18  13:00:00,0.0 
 07/18  14:00:00,0.0 
 07/18  15:00:00,0.0 
 07/18  16:00:00,0.0 
 07/18  17:00:00,0.0 
 07/18  18:00:00,0.0 
 07/18  19:00:00,0.0 
 07/18  20:00:00,0.0 
 07/18  21:00:00,0.0 
 07/18  22:00:00,0.0 
 07/18  23:00:00,0.0 
 07/18  24:00:00,0.0 
 07/19  01:00:00,0.0 
 07/19  02:00:00,0.0 
 07/19  03:00:00,0.0 
 07/19  04:00:00,0.0 
 07/19  05:00:00,0.0 
 07/19  06:00:00,0.0 
 07/19  07:00:00,0.0 
 07/19  08:00:00,0.0 
 07/19  09:00:00,0.0 
 07/19  10:00:00,0.0 
 07/19  11:00:00,0.0 
 07/19  12:00:00,0.0 
 07/19  13:00:00,0.0 
 07/19  14:00:00,0.0 
 07/19  15:00:00,0.0 
 07/19  16:00:00,0.0 
 07/19  17:00:00,0.0 
 07/19  18:00:00,0.0 
 07/19  19:00:00,0.0 
 07/19  20:00:00,0.0 
 07/19  21:00:00,0.0 
 07/19  22:00:00,0.0 
 07/19  23:00:00,0.0 
 07/19  24:00:00,0.0 
 07/20  01:00:00,0.0 
 07/20  02:00:00,0.0 
 07/20  03:00:00,0.0 
 07/20  04:00:00,0.0 
 07/20  05:00:00,0.0 
 07/20  06:00:00,0.0 
 07/20  07:00:00,0.0 
 07/20  08:00:00,0.0 
 07/20  09:00:00,0.0 
 07/20  10:00:00,0.0 
 07/20  11:00:00,0.0 
 07/20  12:00:00,0.0 
 07/20  13:00:00,0.0 
 07/20  14:00:00,0.0 
 07/20  15:00:00,0.0 
 07/20  16:00:00,0.0 
 07/20  17:00:00,0.0 
 07/20  18:00:00,0.0 
 07/20  19:00:00,0.0 
 07/20  20:00:00,0.0 
 07/20  21:00:00,0.0 
 07/20  22:00:00,0.0 
 07/20  23:00:00,0.0 
 07/20  24:00:00,0.0 
 07/21  01:00:00,0.0 
 07/21  02:00:00,0.0 
 07/21  03:00:00,0.0 
 07/21  04:00:00,0.0 
 07/21  05:00:00,0.0 
 07/21  06:00:00,0.0 
 07/21  07:00:00,0.0 
 07/21  08:00:00,0.0 
 07/21  09:00:00,0.0 
 07/21  10:00:00,0.0 
 07/21  11:00:00,0.0 
 07/21  12:00:00,0.0 
 07/21  13:00:00,0.0 
 07/21  14:00:00,0.0 
 07/21  15:00:00,0.0 
 07/21  16:00:00,0.0 
 07/21  17:00:00,0.0 
 07/21  18:00:00,0.0 
 07/21  19:00:00,0.0 
 07/21  20:00:00,0.0 
 07/21  21:00:00,0.0 
 07/21  22:00:00,0.0 
 07/21  23:00:00,0.0 
 07/21  24:00:00,0.0 
 07/22  01:00:00,0.0 
 07/22  02:00:00,0.0 
 07/22  03:00:00,0.0 
 07/22  04:00:00,0.0 
 07/22  05:00:00,0.0 
 07/22  06:00:00,0.0 
 07/22  07:00:00,0.0 
 07/22  08:00:00,0.0 
 07/22  09:00:00,0.0 
 07/22  10:00:00,0.0 
 07/22  11:00:00,0.0 
 07/22  12:00:00,0.0 
 07/22  13:00:00,0.0 
 07/22  14:00:00,0.0 
 07/22  15:00:00,0.0 
 07/22  16:00:00,0.0 
 07/22  17:00:00,0.0 
 07/22  18:00:00,0.0 
 07/22  19:00:00,0.0 
 07/22  20:00:00,0.0 
 07/22  21:00:00,0.0 
 07/22  22:00:00,0.0 
 07/22  23:00:00,0.0 
 07/22  24:00:00,0.0 
 07/23  01:00:00,0.0 
 07/23  02:00:00,0.0 
 07/23  03:00:00,0.0 
 07/23  04:00:00,0.0 
 07/23  05:00:00,0.0 
 07/23  06:00:00,0.0 
 07/23  07:00:00,0.0 
 07/23  08:00:00,0.0 
 07/23  09:00:00,0.0 
 07/23  10:00:00,0.0 
 07/23  11:00:00,0.0 
 07/23  12:00:00,0.0 
 07/23  13:00:00,0.0 
 07/23  14:00:00,0.0 
 07/23  15:00:00,0.0 
 07/23  16:00:00,0.0 
 07/23  17:00:00,0.0 
 07/23  18:00:00,0.0 
 07/23  19:00:00,0.0 
 07/23  20:00:00,0.0 
 07/23  21:00:00,0.0 
 07/23  22:00:00,0.0 
 07/23  23:00:00,0.0 
 07/23  24:00:00,0.0 
 07/24  01:00:00,0.0 
 07/24  02:00:00,0.0 
 07/24  03:00:00,0.0 
 07/24  04:00:00,0.0 
 07/24  05:00:00,0.0 
 07/24  06:00:00,0.0 
 07/24  07:00:00,0.0 
 07/24  08:00:00,0.0 
 07/24  09:00:00,0.0 
 07/24  10:00:00,0.0 
 07/24  11:00:00,0.0 
 07/24  12:00:00,0.0 
 07/24  13:00:00,0.0 
 07/24  14:00:00,0.0 
 07/24  15:00:00,0.0 
 07/24  16:00:00,0.0 
 07/24  17:00:00,0.0 
 07/24  18:00:00,0.0 
 07/24  19:00:00,0.0 
 07/24  20:00:00,0.0 
 07/24  21:00:00,0.0 
 07/24  22:00:00,0.0 
 07/24  23:00:00,0.0 
 07/24  24:00:00,0.0 
 07/25  01:00:00,0.0 
 07/25  02:00:00,0.0 
 07/25  03:00:00,0.0 
 07/25  04:00:00,0.0 
 07/25  05:00:00,0.0 
 07/25  06:00:00,0.0 
 07/25  07:00:00,0.0 
 07/25  08:00:00,0.0 
 07/25  09:00:00,0.0 
 07/25  10:00:00,0.0 
 07/25  11:00:00,0.0 
 07/25  12:00:00,0.0 
 07/25  13:00:00,0.0 
 07/25  14:00:00,0.0 
 07/25  15:00:00,0.0 
 07/25  16:00:00,0.0 
 07/25  17:00:00,0.0 
 07/25  18:00:00,0.0 
 07/25  19:00:00,0.0 
 07/25  20:00:00,0.0 
 07/25  21:00:00,0.0 
 07/25  22:00:00,0.0 
 07/25  23:00:00,0.0 
 07/25  24:00:00,0.0 
 07/26  01:00:00,0.0 
 07/26  02:00:00,0.0 
 07/26  03:00:00,0.0 
 07/26  04:00:00,0.0 
 07/26  05:00:00,0.0 
 07/26  06:00:00,0.0 
 07/26  07:00:00,0.0 
 07/26  08:00:00,0.0 
 07/26  09:00:00,0.0 
 07/26  10:00:00,0.0 
 07/26  11:00:00,0.0 
 07/26  12:00:00,0.0 
 07/26  13:00:00,0.0 
 07/26  14:00:00,0.0 
 07/26  15:00:00,0.0 
 07/26  16:00:00,0.0 
 07/26  17:00:00,0.0 
 07/26  18:00:00,0.0 
 07/26  19:00:00,0.0 
 07/26  20:00:00,0.0 
 07/26  21:00:00,0.0 
 07/26  22:00:00,0.0 
 07/26  23:00:00,0.0 
 07/26  24:00:00,0.0 
 07/27  01:00:00,0.0 
 07/27  02:00:00,0.0 
 07/27  03:00:00,0.0 
 07/27  04:00:00,0.0 
 07/27  05:00:00,0.0 
 07/27  06:00:00,0.0 
 07/27  07:00:00,0.0 
 07/27  08:00:00,0.0 
 07/27  09:00:00,0.0 
 07/27  10:00:00,0.0 
 07/27  11:00:00,0.0 
 07/27  12:00:00,0.0 
 07/27  13:00:00,0.0 
 07/27  14:00:00,0.0 
 07/27  15:00:00,0.0 
 07/27  16:00:00,0.0 
 07/27  17:00:00,0.0 
 07/27  18:00:00,0.0 
 07/27  19:00:00,0.0 
 07/27  20:00:00,0.0 
 07/27  21:00:00,0.0 
 07/27  22:00:00,0.0 
 07/27  23:00:00,0.0 
 07/27  24:00:00,0.0 
 07/28  01:00:00,0.0 
 07/28  02:00:00,0.0 
 07/28  03:00:00,0.0 
 07/28  04:00:00,0.0 
 07/28  05:00:00,0.0 
 07/28  06:00:00,0.0 
 07/28  07:00:00,0.0 
 07/28  08:00:00,0.0 
 07/28  09:00:00,0.0 
 07/28  10:00:00,0.0 
 07/28  11:00:00,0.0 
 07/28  12:00:00,0.0 
 07/28  13:00:00,0.0 
 07/28  14:00:00,0.0 
 07/28  15:00:00,0.0 
 07/28  16:00:00,0.0 
 07/28  17:00:00,0.0 
 07/28  18:00:00,0.0 
 07/28  19:00:00,0.0 
 07/28  20:00:00,0.0 
 07/28  21:00:00,0.0 
 07/28  22:00:00,0.0 
 07/28  23:00:00,0.0 
 07/28  24:00:00,0.0 
 07/29  01:00:00,0.0 
 07/29  02:00:00,0.0 
 07/29  03:00:00,0.0 
 07/29  04:00:00,0.0 
 07/29  05:00:00,0.0 
 07/29  06:00:00,0.0 
 07/29  07:00:00,0.0 
 07/29  08:00:00,0.0 
 07/29  09:00:00,0.0 
 07/29  10:00:00,0.0 
 07/29  11:00:00,0.0 
 07/29  12:00:00,0.0 
 07/29  13:00:00,0.0 
 07/29  14:00:00,0.0 
 07/29  15:00:00,0.0 
 07/29  16:00:00,0.0 
 07/29  17:00:00,0.0 
 07/29  18:00:00,0.0 
 07/29  19:00:00,0.0 
 07/29  20:00:00,0.0 
 07/29  21:00:00,0.0 
 07/29  22:00:00,0.0 
 07/29  23:00:00,0.0 
 07/29  24:00:00,0.0 
 07/30  01:00:00,0.0 
 07/30  02:00:00,0.0 
 07/30  03:00:00,0.0 
 07/30  04:00:00,0.0 
 07/30  05:00:00,0.0 
 07/30  06:00:00,0.0 
 07/30  07:00:00,0.0 
 07/30  08:00:00,0.0 
 07/30  09:00:00,0.0 
 07/30  10:00:00,0.0 
 07/30  11:00:00,0.0 
 07/30  12:00:00,0.0 
 07/30  13:00:00,0.0 
 07/30  14:00:00,0.0 
 07/30  15:00:00,0.0 
 07/30  16:00:00,0.0 
 07/30  17:00:00,0.0 
 07/30  18:00:00,0.0 
 07/30  19:00:00,0.0 
 07/30  20:00:00,0.0 
 07/30  21:00:00,0.0 
 07/30  22:00:00,0.0 
 07/30  23:00:00,0.0 
 07/30  24:00:00,0.0 
 07/31  01:00:00,0.0 
 07/31  02:00:00,0.0 
 07/31  03:00:00,0.0 
 07/31  04:00:00,0.0 
 07/31  05:00:00,0.0 
 07/31  06:00:00,0.0 
 07/31  07:00:00,0.0 
 07/31  08:00:00,0.0 
 07/31  09:00:00,0.0 
 07/31  10:00:00,0.0 
 07/31  11:00:00,0.0 
 07/31  12:00:00,0.0 
 07/31  13:00:00,0.0 
 07/31  14:00:00,0.0 
 07/31  15:00:00,0.0 
 07/31  16:00:00,0.0 
 07/31  17:00:00,0.0 
 07/31  18:00:00,0.0 
 07/31  19:00:00,0.0 
 07/31  20:00:00,0.0 
 07/31  21:00:00,0.0 
 07/31  22:00:00,0.0 
 07/31  23:00:00,0.0 
 07/31  24:00:00,0.0 
 08/01  01:00:00,0.0 
 08/01  02:00:00,0.0 
 08/01  03:00:00,0.0 
 08/01  04:00:00,0.0 
 08/01  05:00:00,0.0 
 08/01  06:00:00,0.0 
 08/01  07:00:00,0.0 
 08/01  08:00:00,0.0 
 08/01  09:00:00,0.0 
 08/01  10:00:00,0.0 
 08/01  11:00:00,0.0 
 08/01  12:00:00,0.0 
 08/01  13:00:00,0.0 
 08/01  14:00:00,0.0 
 08/01  15:00:00,0.0 
 08/01  16:00:00,0.0 
 08/01  17:00:00,0.0 
 08/01  18:00:00,0.0 
 08/01  19:00:00,0.0 
 08/01  20:00:00,0.0 
 08/01  21:00:00,0.0 
 08/01  22:00:00,0.0 
 08/01  23:00:00,0.0 
 08/01  24:00:00,0.0 
 08/02  01:00:00,0.0 
 08/02  02:00:00,0.0 
 08/02  03:00:00,0.0 
 08/02  04:00:00,0.0 
 08/02  05:00:00,0.0 
 08/02  06:00:00,0.0 
 08/02  07:00:00,0.0 
 08/02  08:00:00,0.0 
 08/02  09:00:00,0.0 
 08/02  10:00:00,0.0 
 08/02  11:00:00,0.0 
 08/02  12:00:00,0.0 
 08/02  13:00:00,0.0 
 08/02  14:00:00,0.0 
 08/02  15:00:00,0.0 
 08/02  16:00:00,0.0 
 08/02  17:00:00,0.0 
 08/02  18:00:00,0.0 
 08/02  19:00:00,0.0 
 08/02  20:00:00,0.0 
 08/02  21:00:00,0.0 
 08/02  22:00:00,0.0 
 08/02  23:00:00,0.0 
 08/02  24:00:00,0.0 
 08/03  01:00:00,0.0 
 08/03  02:00:00,0.0 
 08/03  03:00:00,0.0 
 08/03  04:00:00,0.0 
 08/03  05:00:00,0.0 
 08/03  06:00:00,0.0 
 08/03  07:00:00,0.0 
 08/03  08:00:00,0.0 
 08/03  09:00:00,0.0 
 08/03  10:00:00,0.0 
 08/03  11:00:00,0.0 
 08/03  12:00:00,0.0 
 08/03  13:00:00,0.0 
 08/03  14:00:00,0.0 
 08/03  15:00:00,0.0 
 08/03  16:00:00,0.0 
 08/03  17:00:00,0.0 
 08/03  18:00:00,0.0 
 08/03  19:00:00,0.0 
 08/03  20:00:00,0.0 
 08/03  21:00:00,0.0 
 08/03  22:00:00,0.0 
 08/03  23:00:00,0.0 
 08/03  24:00:00,0.0 
 08/04  01:00:00,0.0 
 08/04  02:00:00,0.0 
 08/04  03:00:00,0.0 
 08/04  04:00:00,0.0 
 08/04  05:00:00,0.0 
 08/04  06:00:00,0.0 
 08/04  07:00:00,0.0 
 08/04  08:00:00,0.0 
 08/04  09:00:00,0.0 
 08/04  10:00:00,0.0 
 08/04  11:00:00,0.0 
 08/04  12:00:00,0.0 
 08/04  13:00:00,0.0 
 08/04  14:00:00,0.0 
 08/04  15:00:00,0.0 
 08/04  16:00:00,0.0 
 08/04  17:00:00,0.0 
 08/04  18:00:00,0.0 
 08/04  19:00:00,0.0 
 08/04  20:00:00,0.0 
 08/04  21:00:00,0.0 
 08/04  22:00:00,0.0 
 08/04  23:00:00,0.0 
 08/04  24:00:00,0.0 
 08/05  01:00:00,0.0 
 08/05  02:00:00,0.0 
 08/05  03:00:00,0.0 
 08/05  04:00:00,0.0 
 08/05  05:00:00,0.0 
 08/05  06:00:00,0.0 
 08/05  07:00:00,0.0 
 08/05  08:00:00,0.0 
 08/05  09:00:00,0.0 
 08/05  10:00:00,0.0 
 08/05  11:00:00,0.0 
 08/05  12:00:00,0.0 
 08/05  13:00:00,0.0 
 08/05  14:00:00,0.0 
 08/05  15:00:00,0.0 
 08/05  16:00:00,0.0 
 08/05  17:00:00,0.0 
 08/05  18:00:00,0.0 
 08/05  19:00:00,0.0 
 08/05  20:00:00,0.0 
 08/05  21:00:00,0.0 
 08/05  22:00:00,0.0 
 08/05  23:00:00,0.0 
 08/05  24:00:00,0.0 
 08/06  01:00:00,0.0 
 08/06  02:00:00,0.0 
 08/06  03:00:00,0.0 
 08/06  04:00:00,0.0 
 08/06  05:00:00,0.0 
 08/06  06:00:00,0.0 
 08/06  07:00:00,0.0 
 08/06  08:00:00,0.0 
 08/06  09:00:00,0.0 
 08/06  10:00:00,0.0 
 08/06  11:00:00,0.0 
 08/06  12:00:00,0.0 
 08/06  13:00:00,0.0 
 08/06  14:00:00,0.0 
 08/06  15:00:00,0.0 
 08/06  16:00:00,0.0 
 08/06  17:00:00,0.0 
 08/06  18:00:00,0.0 
 08/06  19:00:00,0.0 
 08/06  20:00:00,0.0 
 08/06  21:00:00,0.0 
 08/06  22:00:00,0.0 
 08/06  23:00:00,0.0 
 08/06  24:00:00,0.0 
 08/07  01:00:00,0.0 
 08/07  02:00:00,0.0 
 08/07  03:00:00,0.0 
 08/07  04:00:00,0.0 
 08/07  05:00:00,0.0 
 08/07  06:00:00,0.0 
 08/07  07:00:00,0.0 
 08/07  08:00:00,0.0 
 08/07  09:00:00,0.0 
 08/07  10:00:00,0.0 
 08/07  11:00:00,0.0 
 08/07  12:00:00,0.0 
 08/07  13:00:00,0.0 
 08/07  14:00:00,0.0 
 08/07  15:00:00,0.0 
 08/07  16:00:00,0.0 
 08/07  17:00:00,0.0 
 08/07  18:00:00,0.0 
 08/07  19:00:00,0.0 
 08/07  20:00:00,0.0 
 08/07  21:00:00,0.0 
 08/07  22:00:00,0.0 
 08/07  23:00:00,0.0 
 08/07  24:00:00,0.0 
 08/08  01:00:00,0.0 
 08/08  02:00:00,0.0 
 08/08  03:00:00,0.0 
 08/08  04:00:00,0.0 
 08/08  05:00:00,0.0 
 08/08  06:00:00,0.0 
 08/08  07:00:00,0.0 
 08/08  08:00:00,0.0 
 08/08  09:00:00,0.0 
 08/08  10:00:00,0.0 
 08/08  11:00:00,0.0 
 08/08  12:00:00,0.0 
 08/08  13:00:00,0.0 
 08/08  14:00:00,0.0 
 08/08  15:00:00,0.0 
 08/08  16:00:00,0.0 
 08/08  17:00:00,0.0 
 08/08  18:00:00,0.0 
 08/08  19:00:00,0.0 
 08/08  20:00:00,0.0 
 08/08  21:00:00,0.0 
 08/08  22:00:00,0.0 
 08/08  23:00:00,0.0 
 08/08  24:00:00,0.0 
 08/09  01:00:00,0.0 
 08/09  02:00:00,0.0 
 08/09  03:00:00,0.0 
 08/09  04:00:00,0.0 
 08/09  05:00:00,0.0 
 08/09  06:00:00,0.0 
 08/09  07:00:00,0.0 
 08/09  08:00:00,0.0 
 08/09  09:00:00,0.0 
 08/09  10:00:00,0.0 
 08/09  11:00:00,0.0 
 08/09  12:00:00,0.0 
 08/09  13:00:00,0.0 
 08/09  14:00:00,0.0 
 08/09  15:00:00,0.0 
 08/09  16:00:00,0.0 
 08/09  17:00:00,0.0 
 08/09  18:00:00,0.0 
 08/09  19:00:00,0.0 
 08/09  20:00:00,0.0 
 08/09  21:00:00,0.0 
 08/09  22:00:00,0.0 
 08/09  23:00:00,0.0 
 08/09  24:00:00,0.0 
 08/10  01:00:00,0.0 
 08/10  02:00:00,0.0 
 08/10  03:00:00,0.0 
 08/10  04:00:00,0.0 
 08/10  05:00:00,0.0 
 08/10  06:00:00,0.0 
 08/10  07:00:00,0.0 
 08/10  08:00:00,0.0 
 08/10  09:00:00,0.0 
 08/10  10:00:00,0.0 
 08/10  11:00:00,0.0 
 08/10  12:00:00,0.0 
 08/10  13:00:00,0.0 
 08/10  14:00:00,0.0 
 08/10  15:00:00,0.0 
 08/10  16:00:00,0.0 
 08/10  17:00:00,0.0 
 08/10  18:00:00,0.0 
 08/10  19:00:00,0.0 
 08/10  20:00:00,0.0 
 08/10  21:00:00,0.0 
 08/10  22:00:00,0.0 
 08/10  23:00:00,0.0 
 08/10  24:00:00,0.0 
 08/11  01:00:00,0.0 
 08/11  02:00:00,0.0 
 08/11  03:00:00,0.0 
 08/11  04:00:00,0.0 
 08/11  05:00:00,0.0 
 08/11  06:00:00,0.0 
 08/11  07:00:00,0.0 
 08/11  08:00:00,0.0 
 08/11  09:00:00,0.0 
 08/11  10:00:00,0.0 
 08/11  11:00:00,0.0 
 08/11  12:00:00,0.0 
 08/11  13:00:00,0.0 
 08/11  14:00:00,0.0 
 08/11  15:00:00,0.0 
 08/11  16:00:00,0.0 
 08/11  17:00:00,0.0 
 08/11  18:00:00,0.0 
 08/11  19:00:00,0.0 
 08/11  20:00:00,0.0 
 08/11  21:00:00,0.0 
 08/11  22:00:00,0.0 
 08/11  23:00:00,0.0 
 08/11  24:00:00,0.0 
 08/12  01:00:00,0.0 
 08/12  02:00:00,0.0 
 08/12  03:00:00,0.0 
 08/12  04:00:00,0.0 
 08/12  05:00:00,0.0 
 08/12  06:00:00,0.0 
 08/12  07:00:00,0.0 
 08/12  08:00:00,0.0 
 08/12  09:00:00,0.0 
 08/12  10:00:00,0.0 
 08/12  11:00:00,0.0 
 08/12  12:00:00,0.0 
 08/12  13:00:00,0.0 
 08/12  14:00:00,0.0 
 08/12  15:00:00,0.0 
 08/12  16:00:00,0.0 
 08/12  17:00:00,0.0 
 08/12  18:00:00,0.0 
 08/12  19:00:00,0.0 
 08/12  20:00:00,0.0 
 08/12  21:00:00,0.0 
 08/12  22:00:00,0.0 
 08/12  23:00:00,0.0 
 08/12  24:00:00,0.0 
 08/13  01:00:00,0.0 
 08/13  02:00:00,0.0 
 08/13  03:00:00,0.0 
 08/13  04:00:00,0.0 
 08/13  05:00:00,0.0 
 08/13  06:00:00,0.0 
 08/13  07:00:00,0.0 
 08/13  08:00:00,0.0 
 08/13  09:00:00,0.0 
 08/13  10:00:00,0.0 
 08/13  11:00:00,0.0 
 08/13  12:00:00,0.0 
 08/13  13:00:00,0.0 
 08/13  14:00:00,0.0 
 08/13  15:00:00,0.0 
 08/13  16:00:00,0.0 
 08/13  17:00:00,0.0 
 08/13  18:00:00,0.0 
 08/13  19:00:00,0.0 
 08/13  20:00:00,0.0 
 08/13  21:00:00,0.0 
 08/13  22:00:00,0.0 
 08/13  23:00:00,0.0 
 08/13  24:00:00,0.0 
 08/14  01:00:00,0.0 
 08/14  02:00:00,0.0 
 08/14  03:00:00,0.0 
 08/14  04:00:00,0.0 
 08/14  05:00:00,0.0 
 08/14  06:00:00,0.0 
 08/14  07:00:00,0.0 
 08/14  08:00:00,0.0 
 08/14  09:00:00,0.0 
 08/14  10:00:00,908403.5892226851 
 08/14  11:00:00,146913.26038247935 
 08/14  12:00:00,0.0 
 08/14  13:00:00,0.0 
 08/14  14:00:00,0.0 
 08/14  15:00:00,0.0 
 08/14  16:00:00,0.0 
 08/14  17:00:00,0.0 
 08/14  18:00:00,0.0 
 08/14  19:00:00,0.0 
 08/14  20:00:00,0.0 
 08/14  21:00:00,0.0 
 08/14  22:00:00,0.0 
 08/14  23:00:00,0.0 
 08/14  24:00:00,0.0 
 08/15  01:00:00,0.0 
 08/15  02:00:00,0.0 
 08/15  03:00:00,0.0 
 08/15  04:00:00,0.0 
 08/15  05:00:00,0.0 
 08/15  06:00:00,0.0 
 08/15  07:00:00,0.0 
 08/15  08:00:00,0.0 
 08/15  09:00:00,0.0 
 08/15  10:00:00,405849.72201596544 
 08/15  11:00:00,0.0 
 08/15  12:00:00,0.0 
 08/15  13:00:00,0.0 
 08/15  14:00:00,0.0 
 08/15  15:00:00,0.0 
 08/15  16:00:00,0.0 
 08/15  17:00:00,0.0 
 08/15  18:00:00,0.0 
 08/15  19:00:00,0.0 
 08/15  20:00:00,0.0 
 08/15  21:00:00,0.0 
 08/15  22:00:00,0.0 
 08/15  23:00:00,0.0 
 08/15  24:00:00,0.0 
 08/16  01:00:00,0.0 
 08/16  02:00:00,0.0 
 08/16  03:00:00,0.0 
 08/16  04:00:00,0.0 
 08/16  05:00:00,0.0 
 08/16  06:00:00,0.0 
 08/16  07:00:00,0.0 
 08/16  08:00:00,0.0 
 08/16  09:00:00,0.0 
 08/16  10:00:00,0.0 
 08/16  11:00:00,0.0 
 08/16  12:00:00,0.0 
 08/16  13:00:00,0.0 
 08/16  14:00:00,0.0 
 08/16  15:00:00,0.0 
 08/16  16:00:00,0.0 
 08/16  17:00:00,0.0 
 08/16  18:00:00,0.0 
 08/16  19:00:00,0.0 
 08/16  20:00:00,0.0 
 08/16  21:00:00,0.0 
 08/16  22:00:00,0.0 
 08/16  23:00:00,0.0 
 08/16  24:00:00,0.0 
 08/17  01:00:00,0.0 
 08/17  02:00:00,0.0 
 08/17  03:00:00,0.0 
 08/17  04:00:00,0.0 
 08/17  05:00:00,0.0 
 08/17  06:00:00,0.0 
 08/17  07:00:00,0.0 
 08/17  08:00:00,0.0 
 08/17  09:00:00,0.0 
 08/17  10:00:00,0.0 
 08/17  11:00:00,0.0 
 08/17  12:00:00,0.0 
 08/17  13:00:00,0.0 
 08/17  14:00:00,0.0 
 08/17  15:00:00,0.0 
 08/17  16:00:00,0.0 
 08/17  17:00:00,0.0 
 08/17  18:00:00,0.0 
 08/17  19:00:00,0.0 
 08/17  20:00:00,0.0 
 08/17  21:00:00,0.0 
 08/17  22:00:00,0.0 
 08/17  23:00:00,0.0 
 08/17  24:00:00,0.0 
 08/18  01:00:00,0.0 
 08/18  02:00:00,0.0 
 08/18  03:00:00,0.0 
 08/18  04:00:00,0.0 
 08/18  05:00:00,0.0 
 08/18  06:00:00,0.0 
 08/18  07:00:00,0.0 
 08/18  08:00:00,0.0 
 08/18  09:00:00,0.0 
 08/18  10:00:00,0.0 
 08/18  11:00:00,0.0 
 08/18  12:00:00,0.0 
 08/18  13:00:00,0.0 
 08/18  14:00:00,0.0 
 08/18  15:00:00,0.0 
 08/18  16:00:00,0.0 
 08/18  17:00:00,0.0 
 08/18  18:00:00,0.0 
 08/18  19:00:00,0.0 
 08/18  20:00:00,0.0 
 08/18  21:00:00,0.0 
 08/18  22:00:00,0.0 
 08/18  23:00:00,0.0 
 08/18  24:00:00,0.0 
 08/19  01:00:00,0.0 
 08/19  02:00:00,0.0 
 08/19  03:00:00,0.0 
 08/19  04:00:00,0.0 
 08/19  05:00:00,0.0 
 08/19  06:00:00,0.0 
 08/19  07:00:00,0.0 
 08/19  08:00:00,0.0 
 08/19  09:00:00,0.0 
 08/19  10:00:00,0.0 
 08/19  11:00:00,0.0 
 08/19  12:00:00,0.0 
 08/19  13:00:00,0.0 
 08/19  14:00:00,0.0 
 08/19  15:00:00,0.0 
 08/19  16:00:00,0.0 
 08/19  17:00:00,0.0 
 08/19  18:00:00,0.0 
 08/19  19:00:00,0.0 
 08/19  20:00:00,0.0 
 08/19  21:00:00,0.0 
 08/19  22:00:00,0.0 
 08/19  23:00:00,0.0 
 08/19  24:00:00,0.0 
 08/20  01:00:00,0.0 
 08/20  02:00:00,0.0 
 08/20  03:00:00,0.0 
 08/20  04:00:00,0.0 
 08/20  05:00:00,0.0 
 08/20  06:00:00,0.0 
 08/20  07:00:00,0.0 
 08/20  08:00:00,0.0 
 08/20  09:00:00,0.0 
 08/20  10:00:00,0.0 
 08/20  11:00:00,0.0 
 08/20  12:00:00,0.0 
 08/20  13:00:00,0.0 
 08/20  14:00:00,0.0 
 08/20  15:00:00,0.0 
 08/20  16:00:00,0.0 
 08/20  17:00:00,0.0 
 08/20  18:00:00,0.0 
 08/20  19:00:00,0.0 
 08/20  20:00:00,0.0 
 08/20  21:00:00,0.0 
 08/20  22:00:00,0.0 
 08/20  23:00:00,0.0 
 08/20  24:00:00,0.0 
 08/21  01:00:00,0.0 
 08/21  02:00:00,0.0 
 08/21  03:00:00,0.0 
 08/21  04:00:00,0.0 
 08/21  05:00:00,0.0 
 08/21  06:00:00,0.0 
 08/21  07:00:00,0.0 
 08/21  08:00:00,0.0 
 08/21  09:00:00,0.0 
 08/21  10:00:00,0.0 
 08/21  11:00:00,0.0 
 08/21  12:00:00,0.0 
 08/21  13:00:00,0.0 
 08/21  14:00:00,0.0 
 08/21  15:00:00,0.0 
 08/21  16:00:00,0.0 
 08/21  17:00:00,0.0 
 08/21  18:00:00,0.0 
 08/21  19:00:00,0.0 
 08/21  20:00:00,0.0 
 08/21  21:00:00,0.0 
 08/21  22:00:00,0.0 
 08/21  23:00:00,0.0 
 08/21  24:00:00,0.0 
 08/22  01:00:00,0.0 
 08/22  02:00:00,0.0 
 08/22  03:00:00,0.0 
 08/22  04:00:00,0.0 
 08/22  05:00:00,0.0 
 08/22  06:00:00,0.0 
 08/22  07:00:00,0.0 
 08/22  08:00:00,0.0 
 08/22  09:00:00,0.0 
 08/22  10:00:00,0.0 
 08/22  11:00:00,0.0 
 08/22  12:00:00,0.0 
 08/22  13:00:00,0.0 
 08/22  14:00:00,0.0 
 08/22  15:00:00,0.0 
 08/22  16:00:00,0.0 
 08/22  17:00:00,0.0 
 08/22  18:00:00,0.0 
 08/22  19:00:00,0.0 
 08/22  20:00:00,0.0 
 08/22  21:00:00,0.0 
 08/22  22:00:00,0.0 
 08/22  23:00:00,0.0 
 08/22  24:00:00,0.0 
 08/23  01:00:00,0.0 
 08/23  02:00:00,0.0 
 08/23  03:00:00,0.0 
 08/23  04:00:00,0.0 
 08/23  05:00:00,0.0 
 08/23  06:00:00,0.0 
 08/23  07:00:00,0.0 
 08/23  08:00:00,0.0 
 08/23  09:00:00,0.0 
 08/23  10:00:00,0.0 
 08/23  11:00:00,0.0 
 08/23  12:00:00,0.0 
 08/23  13:00:00,0.0 
 08/23  14:00:00,0.0 
 08/23  15:00:00,0.0 
 08/23  16:00:00,0.0 
 08/23  17:00:00,0.0 
 08/23  18:00:00,0.0 
 08/23  19:00:00,0.0 
 08/23  20:00:00,0.0 
 08/23  21:00:00,0.0 
 08/23  22:00:00,0.0 
 08/23  23:00:00,0.0 
 08/23  24:00:00,0.0 
 08/24  01:00:00,0.0 
 08/24  02:00:00,0.0 
 08/24  03:00:00,0.0 
 08/24  04:00:00,0.0 
 08/24  05:00:00,0.0 
 08/24  06:00:00,0.0 
 08/24  07:00:00,0.0 
 08/24  08:00:00,0.0 
 08/24  09:00:00,0.0 
 08/24  10:00:00,0.0 
 08/24  11:00:00,0.0 
 08/24  12:00:00,0.0 
 08/24  13:00:00,0.0 
 08/24  14:00:00,0.0 
 08/24  15:00:00,0.0 
 08/24  16:00:00,0.0 
 08/24  17:00:00,0.0 
 08/24  18:00:00,0.0 
 08/24  19:00:00,0.0 
 08/24  20:00:00,0.0 
 08/24  21:00:00,0.0 
 08/24  22:00:00,0.0 
 08/24  23:00:00,0.0 
 08/24  24:00:00,0.0 
 08/25  01:00:00,0.0 
 08/25  02:00:00,0.0 
 08/25  03:00:00,0.0 
 08/25  04:00:00,0.0 
 08/25  05:00:00,0.0 
 08/25  06:00:00,0.0 
 08/25  07:00:00,0.0 
 08/25  08:00:00,0.0 
 08/25  09:00:00,0.0 
 08/25  10:00:00,0.0 
 08/25  11:00:00,0.0 
 08/25  12:00:00,0.0 
 08/25  13:00:00,0.0 
 08/25  14:00:00,0.0 
 08/25  15:00:00,0.0 
 08/25  16:00:00,0.0 
 08/25  17:00:00,0.0 
 08/25  18:00:00,0.0 
 08/25  19:00:00,0.0 
 08/25  20:00:00,0.0 
 08/25  21:00:00,0.0 
 08/25  22:00:00,0.0 
 08/25  23:00:00,0.0 
 08/25  24:00:00,0.0 
 08/26  01:00:00,0.0 
 08/26  02:00:00,0.0 
 08/26  03:00:00,0.0 
 08/26  04:00:00,0.0 
 08/26  05:00:00,0.0 
 08/26  06:00:00,0.0 
 08/26  07:00:00,0.0 
 08/26  08:00:00,0.0 
 08/26  09:00:00,0.0 
 08/26  10:00:00,0.0 
 08/26  11:00:00,0.0 
 08/26  12:00:00,0.0 
 08/26  13:00:00,0.0 
 08/26  14:00:00,0.0 
 08/26  15:00:00,0.0 
 08/26  16:00:00,0.0 
 08/26  17:00:00,0.0 
 08/26  18:00:00,0.0 
 08/26  19:00:00,0.0 
 08/26  20:00:00,0.0 
 08/26  21:00:00,0.0 
 08/26  22:00:00,0.0 
 08/26  23:00:00,0.0 
 08/26  24:00:00,0.0 
 08/27  01:00:00,0.0 
 08/27  02:00:00,0.0 
 08/27  03:00:00,0.0 
 08/27  04:00:00,0.0 
 08/27  05:00:00,0.0 
 08/27  06:00:00,0.0 
 08/27  07:00:00,0.0 
 08/27  08:00:00,0.0 
 08/27  09:00:00,0.0 
 08/27  10:00:00,0.0 
 08/27  11:00:00,0.0 
 08/27  12:00:00,0.0 
 08/27  13:00:00,0.0 
 08/27  14:00:00,0.0 
 08/27  15:00:00,0.0 
 08/27  16:00:00,0.0 
 08/27  17:00:00,0.0 
 08/27  18:00:00,0.0 
 08/27  19:00:00,0.0 
 08/27  20:00:00,0.0 
 08/27  21:00:00,0.0 
 08/27  22:00:00,0.0 
 08/27  23:00:00,0.0 
 08/27  24:00:00,0.0 
 08/28  01:00:00,0.0 
 08/28  02:00:00,0.0 
 08/28  03:00:00,0.0 
 08/28  04:00:00,0.0 
 08/28  05:00:00,0.0 
 08/28  06:00:00,0.0 
 08/28  07:00:00,0.0 
 08/28  08:00:00,0.0 
 08/28  09:00:00,0.0 
 08/28  10:00:00,0.0 
 08/28  11:00:00,0.0 
 08/28  12:00:00,0.0 
 08/28  13:00:00,0.0 
 08/28  14:00:00,0.0 
 08/28  15:00:00,0.0 
 08/28  16:00:00,0.0 
 08/28  17:00:00,0.0 
 08/28  18:00:00,0.0 
 08/28  19:00:00,0.0 
 08/28  20:00:00,0.0 
 08/28  21:00:00,0.0 
 08/28  22:00:00,0.0 
 08/28  23:00:00,0.0 
 08/28  24:00:00,0.0 
 08/29  01:00:00,0.0 
 08/29  02:00:00,0.0 
 08/29  03:00:00,0.0 
 08/29  04:00:00,0.0 
 08/29  05:00:00,0.0 
 08/29  06:00:00,0.0 
 08/29  07:00:00,0.0 
 08/29  08:00:00,0.0 
 08/29  09:00:00,0.0 
 08/29  10:00:00,0.0 
 08/29  11:00:00,0.0 
 08/29  12:00:00,0.0 
 08/29  13:00:00,0.0 
 08/29  14:00:00,0.0 
 08/29  15:00:00,0.0 
 08/29  16:00:00,0.0 
 08/29  17:00:00,0.0 
 08/29  18:00:00,0.0 
 08/29  19:00:00,0.0 
 08/29  20:00:00,0.0 
 08/29  21:00:00,0.0 
 08/29  22:00:00,0.0 
 08/29  23:00:00,0.0 
 08/29  24:00:00,0.0 
 08/30  01:00:00,0.0 
 08/30  02:00:00,0.0 
 08/30  03:00:00,0.0 
 08/30  04:00:00,0.0 
 08/30  05:00:00,0.0 
 08/30  06:00:00,0.0 
 08/30  07:00:00,0.0 
 08/30  08:00:00,0.0 
 08/30  09:00:00,0.0 
 08/30  10:00:00,0.0 
 08/30  11:00:00,0.0 
 08/30  12:00:00,0.0 
 08/30  13:00:00,0.0 
 08/30  14:00:00,0.0 
 08/30  15:00:00,0.0 
 08/30  16:00:00,0.0 
 08/30  17:00:00,0.0 
 08/30  18:00:00,0.0 
 08/30  19:00:00,0.0 
 08/30  20:00:00,0.0 
 08/30  21:00:00,0.0 
 08/30  22:00:00,0.0 
 08/30  23:00:00,0.0 
 08/30  24:00:00,0.0 
 08/31  01:00:00,0.0 
 08/31  02:00:00,0.0 
 08/31  03:00:00,0.0 
 08/31  04:00:00,0.0 
 08/31  05:00:00,0.0 
 08/31  06:00:00,0.0 
 08/31  07:00:00,0.0 
 08/31  08:00:00,0.0 
 08/31  09:00:00,0.0 
 08/31  10:00:00,0.0 
 08/31  11:00:00,0.0 
 08/31  12:00:00,0.0 
 08/31  13:00:00,0.0 
 08/31  14:00:00,0.0 
 08/31  15:00:00,0.0 
 08/31  16:00:00,0.0 
 08/31  17:00:00,0.0 
 08/31  18:00:00,0.0 
 08/31  19:00:00,0.0 
 08/31  20:00:00,0.0 
 08/31  21:00:00,0.0 
 08/31  22:00:00,0.0 
 08/31  23:00:00,0.0 
 08/31  24:00:00,0.0 
 09/01  01:00:00,0.0 
 09/01  02:00:00,0.0 
 09/01  03:00:00,0.0 
 09/01  04:00:00,0.0 
 09/01  05:00:00,0.0 
 09/01  06:00:00,0.0 
 09/01  07:00:00,0.0 
 09/01  08:00:00,0.0 
 09/01  09:00:00,0.0 
 09/01  10:00:00,0.0 
 09/01  11:00:00,0.0 
 09/01  12:00:00,0.0 
 09/01  13:00:00,0.0 
 09/01  14:00:00,0.0 
 09/01  15:00:00,0.0 
 09/01  16:00:00,0.0 
 09/01  17:00:00,0.0 
 09/01  18:00:00,0.0 
 09/01  19:00:00,0.0 
 09/01  20:00:00,0.0 
 09/01  21:00:00,0.0 
 09/01  22:00:00,0.0 
 09/01  23:00:00,0.0 
 09/01  24:00:00,0.0 
 09/02  01:00:00,0.0 
 09/02  02:00:00,0.0 
 09/02  03:00:00,0.0 
 09/02  04:00:00,0.0 
 09/02  05:00:00,0.0 
 09/02  06:00:00,0.0 
 09/02  07:00:00,0.0 
 09/02  08:00:00,0.0 
 09/02  09:00:00,0.0 
 09/02  10:00:00,0.0 
 09/02  11:00:00,0.0 
 09/02  12:00:00,0.0 
 09/02  13:00:00,0.0 
 09/02  14:00:00,0.0 
 09/02  15:00:00,0.0 
 09/02  16:00:00,0.0 
 09/02  17:00:00,0.0 
 09/02  18:00:00,0.0 
 09/02  19:00:00,0.0 
 09/02  20:00:00,0.0 
 09/02  21:00:00,0.0 
 09/02  22:00:00,0.0 
 09/02  23:00:00,0.0 
 09/02  24:00:00,0.0 
 09/03  01:00:00,0.0 
 09/03  02:00:00,0.0 
 09/03  03:00:00,0.0 
 09/03  04:00:00,0.0 
 09/03  05:00:00,0.0 
 09/03  06:00:00,0.0 
 09/03  07:00:00,0.0 
 09/03  08:00:00,0.0 
 09/03  09:00:00,0.0 
 09/03  10:00:00,0.0 
 09/03  11:00:00,0.0 
 09/03  12:00:00,0.0 
 09/03  13:00:00,0.0 
 09/03  14:00:00,0.0 
 09/03  15:00:00,0.0 
 09/03  16:00:00,0.0 
 09/03  17:00:00,0.0 
 09/03  18:00:00,0.0 
 09/03  19:00:00,0.0 
 09/03  20:00:00,0.0 
 09/03  21:00:00,0.0 
 09/03  22:00:00,0.0 
 09/03  23:00:00,0.0 
 09/03  24:00:00,0.0 
 09/04  01:00:00,0.0 
 09/04  02:00:00,0.0 
 09/04  03:00:00,0.0 
 09/04  04:00:00,0.0 
 09/04  05:00:00,0.0 
 09/04  06:00:00,0.0 
 09/04  07:00:00,0.0 
 09/04  08:00:00,0.0 
 09/04  09:00:00,0.0 
 09/04  10:00:00,0.0 
 09/04  11:00:00,0.0 
 09/04  12:00:00,0.0 
 09/04  13:00:00,0.0 
 09/04  14:00:00,0.0 
 09/04  15:00:00,0.0 
 09/04  16:00:00,0.0 
 09/04  17:00:00,0.0 
 09/04  18:00:00,0.0 
 09/04  19:00:00,0.0 
 09/04  20:00:00,0.0 
 09/04  21:00:00,0.0 
 09/04  22:00:00,0.0 
 09/04  23:00:00,0.0 
 09/04  24:00:00,0.0 
 09/05  01:00:00,0.0 
 09/05  02:00:00,0.0 
 09/05  03:00:00,0.0 
 09/05  04:00:00,0.0 
 09/05  05:00:00,0.0 
 09/05  06:00:00,0.0 
 09/05  07:00:00,0.0 
 09/05  08:00:00,0.0 
 09/05  09:00:00,0.0 
 09/05  10:00:00,0.0 
 09/05  11:00:00,0.0 
 09/05  12:00:00,0.0 
 09/05  13:00:00,0.0 
 09/05  14:00:00,0.0 
 09/05  15:00:00,0.0 
 09/05  16:00:00,0.0 
 09/05  17:00:00,0.0 
 09/05  18:00:00,0.0 
 09/05  19:00:00,0.0 
 09/05  20:00:00,0.0 
 09/05  21:00:00,0.0 
 09/05  22:00:00,0.0 
 09/05  23:00:00,0.0 
 09/05  24:00:00,0.0 
 09/06  01:00:00,0.0 
 09/06  02:00:00,0.0 
 09/06  03:00:00,0.0 
 09/06  04:00:00,0.0 
 09/06  05:00:00,0.0 
 09/06  06:00:00,0.0 
 09/06  07:00:00,0.0 
 09/06  08:00:00,0.0 
 09/06  09:00:00,0.0 
 09/06  10:00:00,0.0 
 09/06  11:00:00,0.0 
 09/06  12:00:00,0.0 
 09/06  13:00:00,0.0 
 09/06  14:00:00,0.0 
 09/06  15:00:00,0.0 
 09/06  16:00:00,0.0 
 09/06  17:00:00,0.0 
 09/06  18:00:00,0.0 
 09/06  19:00:00,0.0 
 09/06  20:00:00,0.0 
 09/06  21:00:00,0.0 
 09/06  22:00:00,0.0 
 09/06  23:00:00,0.0 
 09/06  24:00:00,0.0 
 09/07  01:00:00,0.0 
 09/07  02:00:00,0.0 
 09/07  03:00:00,0.0 
 09/07  04:00:00,0.0 
 09/07  05:00:00,0.0 
 09/07  06:00:00,0.0 
 09/07  07:00:00,0.0 
 09/07  08:00:00,0.0 
 09/07  09:00:00,0.0 
 09/07  10:00:00,0.0 
 09/07  11:00:00,0.0 
 09/07  12:00:00,0.0 
 09/07  13:00:00,0.0 
 09/07  14:00:00,0.0 
 09/07  15:00:00,0.0 
 09/07  16:00:00,0.0 
 09/07  17:00:00,0.0 
 09/07  18:00:00,0.0 
 09/07  19:00:00,0.0 
 09/07  20:00:00,0.0 
 09/07  21:00:00,0.0 
 09/07  22:00:00,0.0 
 09/07  23:00:00,0.0 
 09/07  24:00:00,0.0 
 09/08  01:00:00,0.0 
 09/08  02:00:00,0.0 
 09/08  03:00:00,0.0 
 09/08  04:00:00,0.0 
 09/08  05:00:00,0.0 
 09/08  06:00:00,83146.68933720386 
 09/08  07:00:00,608094.8860022195 
 09/08  08:00:00,1574468.1376634163 
 09/08  09:00:00,3507544.397899689 
 09/08  10:00:00,2359420.0928344335 
 09/08  11:00:00,1549895.4253503154 
 09/08  12:00:00,705766.2711366152 
 09/08  13:00:00,4856.285515544732 
 09/08  14:00:00,0.0 
 09/08  15:00:00,0.0 
 09/08  16:00:00,0.0 
 09/08  17:00:00,0.0 
 09/08  18:00:00,0.0 
 09/08  19:00:00,0.0 
 09/08  20:00:00,0.0 
 09/08  21:00:00,0.0 
 09/08  22:00:00,0.0 
 09/08  23:00:00,0.0 
 09/08  24:00:00,1068189.9984156452 
 09/09  01:00:00,29917.351697111735 
 09/09  02:00:00,0.0 
 09/09  03:00:00,386369.9313034587 
 09/09  04:00:00,1265248.2561201355 
 09/09  05:00:00,1873513.2058214177 
 09/09  06:00:00,2029895.7652792057 
 09/09  07:00:00,2202905.351580565 
 09/09  08:00:00,3047511.990540697 
 09/09  09:00:00,5142876.500014562 
 09/09  10:00:00,3521250.6455444787 
 09/09  11:00:00,1881931.436419382 
 09/09  12:00:00,601121.9493380872 
 09/09  13:00:00,0.0 
 09/09  14:00:00,0.0 
 09/09  15:00:00,0.0 
 09/09  16:00:00,0.0 
 09/09  17:00:00,0.0 
 09/09  18:00:00,0.0 
 09/09  19:00:00,0.0 
 09/09  20:00:00,0.0 
 09/09  21:00:00,0.0 
 09/09  22:00:00,0.0 
 09/09  23:00:00,0.0 
 09/09  24:00:00,0.0 
 09/10  01:00:00,0.0 
 09/10  02:00:00,0.0 
 09/10  03:00:00,0.0 
 09/10  04:00:00,0.0 
 09/10  05:00:00,481011.7958992181 
 09/10  06:00:00,1267467.6081429294 
 09/10  07:00:00,1777015.6389157027 
 09/10  08:00:00,2566995.9425456743 
 09/10  09:00:00,4538561.544650009 
 09/10  10:00:00,2917643.5864867303 
 09/10  11:00:00,1213809.244776478 
 09/10  12:00:00,123294.35121527276 
 09/10  13:00:00,0.0 
 09/10  14:00:00,0.0 
 09/10  15:00:00,0.0 
 09/10  16:00:00,0.0 
 09/10  17:00:00,0.0 
 09/10  18:00:00,0.0 
 09/10  19:00:00,0.0 
 09/10  20:00:00,0.0 
 09/10  21:00:00,0.0 
 09/10  22:00:00,0.0 
 09/10  23:00:00,0.0 
 09/10  24:00:00,0.0 
 09/11  01:00:00,0.0 
 09/11  02:00:00,0.0 
 09/11  03:00:00,0.0 
 09/11  04:00:00,0.0 
 09/11  05:00:00,0.0 
 09/11  06:00:00,0.0 
 09/11  07:00:00,432873.1920616163 
 09/11  08:00:00,1010820.8467076301 
 09/11  09:00:00,746497.9956115042 
 09/11  10:00:00,1324331.2866975896 
 09/11  11:00:00,16812.40820831081 
 09/11  12:00:00,0.0 
 09/11  13:00:00,0.0 
 09/11  14:00:00,0.0 
 09/11  15:00:00,0.0 
 09/11  16:00:00,0.0 
 09/11  17:00:00,0.0 
 09/11  18:00:00,0.0 
 09/11  19:00:00,0.0 
 09/11  20:00:00,0.0 
 09/11  21:00:00,0.0 
 09/11  22:00:00,0.0 
 09/11  23:00:00,0.0 
 09/11  24:00:00,0.0 
 09/12  01:00:00,0.0 
 09/12  02:00:00,0.0 
 09/12  03:00:00,0.0 
 09/12  04:00:00,0.0 
 09/12  05:00:00,0.0 
 09/12  06:00:00,0.0 
 09/12  07:00:00,0.0 
 09/12  08:00:00,0.0 
 09/12  09:00:00,0.0 
 09/12  10:00:00,0.0 
 09/12  11:00:00,0.0 
 09/12  12:00:00,0.0 
 09/12  13:00:00,0.0 
 09/12  14:00:00,0.0 
 09/12  15:00:00,0.0 
 09/12  16:00:00,0.0 
 09/12  17:00:00,0.0 
 09/12  18:00:00,0.0 
 09/12  19:00:00,0.0 
 09/12  20:00:00,0.0 
 09/12  21:00:00,0.0 
 09/12  22:00:00,0.0 
 09/12  23:00:00,0.0 
 09/12  24:00:00,0.0 
 09/13  01:00:00,0.0 
 09/13  02:00:00,0.0 
 09/13  03:00:00,0.0 
 09/13  04:00:00,0.0 
 09/13  05:00:00,0.0 
 09/13  06:00:00,0.0 
 09/13  07:00:00,0.0 
 09/13  08:00:00,0.0 
 09/13  09:00:00,0.0 
 09/13  10:00:00,0.0 
 09/13  11:00:00,0.0 
 09/13  12:00:00,0.0 
 09/13  13:00:00,0.0 
 09/13  14:00:00,0.0 
 09/13  15:00:00,0.0 
 09/13  16:00:00,0.0 
 09/13  17:00:00,0.0 
 09/13  18:00:00,0.0 
 09/13  19:00:00,0.0 
 09/13  20:00:00,0.0 
 09/13  21:00:00,0.0 
 09/13  22:00:00,0.0 
 09/13  23:00:00,0.0 
 09/13  24:00:00,0.0 
 09/14  01:00:00,0.0 
 09/14  02:00:00,0.0 
 09/14  03:00:00,0.0 
 09/14  04:00:00,0.0 
 09/14  05:00:00,0.0 
 09/14  06:00:00,0.0 
 09/14  07:00:00,0.0 
 09/14  08:00:00,0.0 
 09/14  09:00:00,0.0 
 09/14  10:00:00,0.0 
 09/14  11:00:00,0.0 
 09/14  12:00:00,0.0 
 09/14  13:00:00,0.0 
 09/14  14:00:00,0.0 
 09/14  15:00:00,0.0 
 09/14  16:00:00,0.0 
 09/14  17:00:00,0.0 
 09/14  18:00:00,0.0 
 09/14  19:00:00,0.0 
 09/14  20:00:00,0.0 
 09/14  21:00:00,0.0 
 09/14  22:00:00,0.0 
 09/14  23:00:00,0.0 
 09/14  24:00:00,0.0 
 09/15  01:00:00,0.0 
 09/15  02:00:00,0.0 
 09/15  03:00:00,0.0 
 09/15  04:00:00,0.0 
 09/15  05:00:00,0.0 
 09/15  06:00:00,0.0 
 09/15  07:00:00,0.0 
 09/15  08:00:00,0.0 
 09/15  09:00:00,0.0 
 09/15  10:00:00,0.0 
 09/15  11:00:00,0.0 
 09/15  12:00:00,0.0 
 09/15  13:00:00,0.0 
 09/15  14:00:00,0.0 
 09/15  15:00:00,0.0 
 09/15  16:00:00,0.0 
 09/15  17:00:00,0.0 
 09/15  18:00:00,0.0 
 09/15  19:00:00,0.0 
 09/15  20:00:00,0.0 
 09/15  21:00:00,0.0 
 09/15  22:00:00,0.0 
 09/15  23:00:00,0.0 
 09/15  24:00:00,0.0 
 09/16  01:00:00,0.0 
 09/16  02:00:00,0.0 
 09/16  03:00:00,0.0 
 09/16  04:00:00,0.0 
 09/16  05:00:00,0.0 
 09/16  06:00:00,0.0 
 09/16  07:00:00,0.0 
 09/16  08:00:00,0.0 
 09/16  09:00:00,0.0 
 09/16  10:00:00,0.0 
 09/16  11:00:00,0.0 
 09/16  12:00:00,0.0 
 09/16  13:00:00,0.0 
 09/16  14:00:00,0.0 
 09/16  15:00:00,0.0 
 09/16  16:00:00,0.0 
 09/16  17:00:00,0.0 
 09/16  18:00:00,0.0 
 09/16  19:00:00,0.0 
 09/16  20:00:00,0.0 
 09/16  21:00:00,0.0 
 09/16  22:00:00,0.0 
 09/16  23:00:00,0.0 
 09/16  24:00:00,0.0 
 09/17  01:00:00,0.0 
 09/17  02:00:00,0.0 
 09/17  03:00:00,0.0 
 09/17  04:00:00,0.0 
 09/17  05:00:00,0.0 
 09/17  06:00:00,0.0 
 09/17  07:00:00,0.0 
 09/17  08:00:00,0.0 
 09/17  09:00:00,0.0 
 09/17  10:00:00,0.0 
 09/17  11:00:00,0.0 
 09/17  12:00:00,0.0 
 09/17  13:00:00,0.0 
 09/17  14:00:00,0.0 
 09/17  15:00:00,0.0 
 09/17  16:00:00,0.0 
 09/17  17:00:00,0.0 
 09/17  18:00:00,0.0 
 09/17  19:00:00,0.0 
 09/17  20:00:00,0.0 
 09/17  21:00:00,0.0 
 09/17  22:00:00,0.0 
 09/17  23:00:00,539428.5554848947 
 09/17  24:00:00,1075743.8810282394 
 09/18  01:00:00,258152.27317313768 
 09/18  02:00:00,0.0 
 09/18  03:00:00,0.0 
 09/18  04:00:00,0.0 
 09/18  05:00:00,250952.97174679872 
 09/18  06:00:00,597774.6521058246 
 09/18  07:00:00,840488.4645587752 
 09/18  08:00:00,1039168.7152890358 
 09/18  09:00:00,1119847.0165808147 
 09/18  10:00:00,3147968.535478352 
 09/18  11:00:00,2585419.1722836 
 09/18  12:00:00,899751.7737407587 
 09/18  13:00:00,550169.2141070359 
 09/18  14:00:00,686101.481409021 
 09/18  15:00:00,379302.3622127621 
 09/18  16:00:00,0.0 
 09/18  17:00:00,0.0 
 09/18  18:00:00,0.0 
 09/18  19:00:00,0.0 
 09/18  20:00:00,0.0 
 09/18  21:00:00,0.0 
 09/18  22:00:00,0.0 
 09/18  23:00:00,0.0 
 09/18  24:00:00,0.0 
 09/19  01:00:00,0.0 
 09/19  02:00:00,0.0 
 09/19  03:00:00,189891.81921110867 
 09/19  04:00:00,924668.8458785749 
 09/19  05:00:00,1471118.6197779856 
 09/19  06:00:00,1968108.8410575308 
 09/19  07:00:00,2458700.6961944965 
 09/19  08:00:00,2843030.929027101 
 09/19  09:00:00,2702031.25734967 
 09/19  10:00:00,3731279.9339224338 
 09/19  11:00:00,713099.6080356827 
 09/19  12:00:00,0.0 
 09/19  13:00:00,0.0 
 09/19  14:00:00,0.0 
 09/19  15:00:00,0.0 
 09/19  16:00:00,0.0 
 09/19  17:00:00,0.0 
 09/19  18:00:00,0.0 
 09/19  19:00:00,0.0 
 09/19  20:00:00,0.0 
 09/19  21:00:00,0.0 
 09/19  22:00:00,0.0 
 09/19  23:00:00,0.0 
 09/19  24:00:00,0.0 
 09/20  01:00:00,0.0 
 09/20  02:00:00,0.0 
 09/20  03:00:00,0.0 
 09/20  04:00:00,0.0 
 09/20  05:00:00,0.0 
 09/20  06:00:00,0.0 
 09/20  07:00:00,0.0 
 09/20  08:00:00,225115.95297134772 
 09/20  09:00:00,2253979.188968356 
 09/20  10:00:00,1600036.9699705658 
 09/20  11:00:00,1014097.0256874077 
 09/20  12:00:00,522757.9739878457 
 09/20  13:00:00,221376.37889297694 
 09/20  14:00:00,171712.38364576205 
 09/20  15:00:00,6784.849301842041 
 09/20  16:00:00,0.0 
 09/20  17:00:00,0.0 
 09/20  18:00:00,0.0 
 09/20  19:00:00,248160.00493203537 
 09/20  20:00:00,812679.538554414 
 09/20  21:00:00,927598.5804733525 
 09/20  22:00:00,1289075.279806123 
 09/20  23:00:00,1855682.9595802478 
 09/20  24:00:00,1180158.8319890099 
 09/21  01:00:00,288260.16941958515 
 09/21  02:00:00,530270.2146340234 
 09/21  03:00:00,998972.6807389758 
 09/21  04:00:00,1373770.7216097757 
 09/21  05:00:00,1664260.3341075345 
 09/21  06:00:00,1926416.729079235 
 09/21  07:00:00,2037960.7328198839 
 09/21  08:00:00,2507849.0035853526 
 09/21  09:00:00,4480451.835086819 
 09/21  10:00:00,3428505.5942035215 
 09/21  11:00:00,2234253.2919962252 
 09/21  12:00:00,1111203.0580757414 
 09/21  13:00:00,171101.69855062925 
 09/21  14:00:00,0.0 
 09/21  15:00:00,0.0 
 09/21  16:00:00,0.0 
 09/21  17:00:00,0.0 
 09/21  18:00:00,0.0 
 09/21  19:00:00,0.0 
 09/21  20:00:00,0.0 
 09/21  21:00:00,0.0 
 09/21  22:00:00,0.0 
 09/21  23:00:00,0.0 
 09/21  24:00:00,0.0 
 09/22  01:00:00,0.0 
 09/22  02:00:00,0.0 
 09/22  03:00:00,0.0 
 09/22  04:00:00,0.0 
 09/22  05:00:00,502150.918931888 
 09/22  06:00:00,770174.2523935959 
 09/22  07:00:00,884037.172808351 
 09/22  08:00:00,1425249.7724333536 
 09/22  09:00:00,3277310.7199103576 
 09/22  10:00:00,2066561.012625888 
 09/22  11:00:00,846706.3054690488 
 09/22  12:00:00,76277.4466080271 
 09/22  13:00:00,0.0 
 09/22  14:00:00,0.0 
 09/22  15:00:00,0.0 
 09/22  16:00:00,0.0 
 09/22  17:00:00,0.0 
 09/22  18:00:00,0.0 
 09/22  19:00:00,0.0 
 09/22  20:00:00,0.0 
 09/22  21:00:00,0.0 
 09/22  22:00:00,0.0 
 09/22  23:00:00,0.0 
 09/22  24:00:00,0.0 
 09/23  01:00:00,0.0 
 09/23  02:00:00,0.0 
 09/23  03:00:00,0.0 
 09/23  04:00:00,0.0 
 09/23  05:00:00,0.0 
 09/23  06:00:00,0.0 
 09/23  07:00:00,0.0 
 09/23  08:00:00,0.0 
 09/23  09:00:00,290839.5627550766 
 09/23  10:00:00,388842.679308376 
 09/23  11:00:00,58297.17412815153 
 09/23  12:00:00,0.0 
 09/23  13:00:00,0.0 
 09/23  14:00:00,0.0 
 09/23  15:00:00,0.0 
 09/23  16:00:00,0.0 
 09/23  17:00:00,0.0 
 09/23  18:00:00,0.0 
 09/23  19:00:00,0.0 
 09/23  20:00:00,0.0 
 09/23  21:00:00,0.0 
 09/23  22:00:00,0.0 
 09/23  23:00:00,0.0 
 09/23  24:00:00,0.0 
 09/24  01:00:00,0.0 
 09/24  02:00:00,0.0 
 09/24  03:00:00,0.0 
 09/24  04:00:00,86809.48340229661 
 09/24  05:00:00,720468.1342429518 
 09/24  06:00:00,984772.5282148998 
 09/24  07:00:00,1172461.7065248212 
 09/24  08:00:00,1858414.885429693 
 09/24  09:00:00,3853152.3539392506 
 09/24  10:00:00,2720755.5460278457 
 09/24  11:00:00,1602773.3164799477 
 09/24  12:00:00,588206.4600815611 
 09/24  13:00:00,0.0 
 09/24  14:00:00,0.0 
 09/24  15:00:00,0.0 
 09/24  16:00:00,0.0 
 09/24  17:00:00,0.0 
 09/24  18:00:00,0.0 
 09/24  19:00:00,0.0 
 09/24  20:00:00,0.0 
 09/24  21:00:00,0.0 
 09/24  22:00:00,0.0 
 09/24  23:00:00,609559.224282863 
 09/24  24:00:00,1762654.378019702 
 09/25  01:00:00,1394516.2234503166 
 09/25  02:00:00,742609.0867759776 
 09/25  03:00:00,1505320.8794002465 
 09/25  04:00:00,2213749.3984619332 
 09/25  05:00:00,2790305.0692867273 
 09/25  06:00:00,3318578.8336013476 
 09/25  07:00:00,3896990.743156022 
 09/25  08:00:00,4355072.1222228985 
 09/25  09:00:00,4242313.786381167 
 09/25  10:00:00,5377826.92816774 
 09/25  11:00:00,4114946.649145854 
 09/25  12:00:00,2203755.1264588404 
 09/25  13:00:00,1563575.836066506 
 09/25  14:00:00,1391367.9016399053 
 09/25  15:00:00,960253.8646645772 
 09/25  16:00:00,0.0 
 09/25  17:00:00,0.0 
 09/25  18:00:00,0.0 
 09/25  19:00:00,0.0 
 09/25  20:00:00,387411.03489422385 
 09/25  21:00:00,1113433.7236122468 
 09/25  22:00:00,0.0 
 09/25  23:00:00,183815.19018536346 
 09/25  24:00:00,1040119.4563071695 
 09/26  01:00:00,1895764.016343013 
 09/26  02:00:00,2511448.485431325 
 09/26  03:00:00,3188421.4018429904 
 09/26  04:00:00,4168714.7713301983 
 09/26  05:00:00,5170244.36433 
 09/26  06:00:00,5949674.7637383435 
 09/26  07:00:00,6465507.602737296 
 09/26  08:00:00,6842242.849520357 
 09/26  09:00:00,6604737.213276761 
 09/26  10:00:00,7416819.885719445 
 09/26  11:00:00,4374434.026131993 
 09/26  12:00:00,2260674.1033028276 
 09/26  13:00:00,1005696.9008235713 
 09/26  14:00:00,355889.9950743711 
 09/26  15:00:00,960422.9590911448 
 09/26  16:00:00,55956.34853414231 
 09/26  17:00:00,0.0 
 09/26  18:00:00,0.0 
 09/26  19:00:00,0.0 
 09/26  20:00:00,0.0 
 09/26  21:00:00,0.0 
 09/26  22:00:00,298536.1611980625 
 09/26  23:00:00,1575014.9237813253 
 09/26  24:00:00,2794074.467434944 
 09/27  01:00:00,3550750.6954389615 
 09/27  02:00:00,4124446.6964320317 
 09/27  03:00:00,4716401.097789277 
 09/27  04:00:00,5347516.612767348 
 09/27  05:00:00,6222988.421247764 
 09/27  06:00:00,6951700.668369561 
 09/27  07:00:00,7324645.715556863 
 09/27  08:00:00,8012106.426948418 
 09/27  09:00:00,9896418.429910053 
 09/27  10:00:00,8135604.444583341 
 09/27  11:00:00,6100430.985725209 
 09/27  12:00:00,3953943.2972027804 
 09/27  13:00:00,2143861.983103995 
 09/27  14:00:00,1429466.0130681351 
 09/27  15:00:00,0.0 
 09/27  16:00:00,0.0 
 09/27  17:00:00,0.0 
 09/27  18:00:00,0.0 
 09/27  19:00:00,0.0 
 09/27  20:00:00,0.0 
 09/27  21:00:00,0.0 
 09/27  22:00:00,112032.83454545817 
 09/27  23:00:00,1500595.3514540787 
 09/27  24:00:00,3289363.5053793085 
 09/28  01:00:00,1957988.541894073 
 09/28  02:00:00,2012328.6242089714 
 09/28  03:00:00,3080892.3633453525 
 09/28  04:00:00,4117941.4938764954 
 09/28  05:00:00,4903449.331654997 
 09/28  06:00:00,5471274.227263169 
 09/28  07:00:00,5938466.03123209 
 09/28  08:00:00,6770063.2286020415 
 09/28  09:00:00,8664052.325669758 
 09/28  10:00:00,6768659.30602205 
 09/28  11:00:00,4584375.886859859 
 09/28  12:00:00,2509223.044187611 
 09/28  13:00:00,880331.242971927 
 09/28  14:00:00,261635.13369340144 
 09/28  15:00:00,0.0 
 09/28  16:00:00,0.0 
 09/28  17:00:00,0.0 
 09/28  18:00:00,0.0 
 09/28  19:00:00,0.0 
 09/28  20:00:00,0.0 
 09/28  21:00:00,0.0 
 09/28  22:00:00,141228.39070254267 
 09/28  23:00:00,1347072.882579278 
 09/28  24:00:00,1390788.4367733847 
 09/29  01:00:00,1288530.0061894918 
 09/29  02:00:00,2238615.7459917236 
 09/29  03:00:00,3079146.6842444264 
 09/29  04:00:00,4056217.018647096 
 09/29  05:00:00,5198398.931522263 
 09/29  06:00:00,5935468.77535027 
 09/29  07:00:00,6226016.178093799 
 09/29  08:00:00,6809064.971510488 
 09/29  09:00:00,8482184.222792402 
 09/29  10:00:00,6364629.480909021 
 09/29  11:00:00,4155944.0883161714 
 09/29  12:00:00,1845771.1500870741 
 09/29  13:00:00,83236.73531305032 
 09/29  14:00:00,0.0 
 09/29  15:00:00,0.0 
 09/29  16:00:00,0.0 
 09/29  17:00:00,0.0 
 09/29  18:00:00,0.0 
 09/29  19:00:00,0.0 
 09/29  20:00:00,0.0 
 09/29  21:00:00,0.0 
 09/29  22:00:00,0.0 
 09/29  23:00:00,108944.85626643947 
 09/29  24:00:00,713355.614319021 
 09/30  01:00:00,55992.157149185376 
 09/30  02:00:00,0.0 
 09/30  03:00:00,360333.36218095355 
 09/30  04:00:00,1680851.7384724924 
 09/30  05:00:00,2708468.766787203 
 09/30  06:00:00,3435793.6991812396 
 09/30  07:00:00,3973427.101326518 
 09/30  08:00:00,4724157.207958354 
 09/30  09:00:00,6859708.909215128 
 09/30  10:00:00,5204212.013295214 
 09/30  11:00:00,3269423.127285153 
 09/30  12:00:00,1321888.4019646817 
 09/30  13:00:00,192.27317379845772 
 09/30  14:00:00,0.0 
 09/30  15:00:00,0.0 
 09/30  16:00:00,0.0 
 09/30  17:00:00,0.0 
 09/30  18:00:00,0.0 
 09/30  19:00:00,0.0 
 09/30  20:00:00,0.0 
 09/30  21:00:00,0.0 
 09/30  22:00:00,0.0 
 09/30  23:00:00,0.0 
 09/30  24:00:00,635670.264389499 
 10/01  01:00:00,0.0 
 10/01  02:00:00,120865.62936304836 
 10/01  03:00:00,1151931.3310013576 
 10/01  04:00:00,2318413.36653788 
 10/01  05:00:00,2968820.0239475598 
 10/01  06:00:00,3401337.628961231 
 10/01  07:00:00,4056303.9562057094 
 10/01  08:00:00,5019485.185000308 
 10/01  09:00:00,7093138.643705054 
 10/01  10:00:00,5428967.656108913 
 10/01  11:00:00,3580817.0715522273 
 10/01  12:00:00,1670075.6553213964 
 10/01  13:00:00,117539.22737395624 
 10/01  14:00:00,0.0 
 10/01  15:00:00,0.0 
 10/01  16:00:00,0.0 
 10/01  17:00:00,0.0 
 10/01  18:00:00,0.0 
 10/01  19:00:00,0.0 
 10/01  20:00:00,0.0 
 10/01  21:00:00,0.0 
 10/01  22:00:00,0.0 
 10/01  23:00:00,813948.4676730514 
 10/01  24:00:00,1619234.3353309007 
 10/02  01:00:00,0.0 
 10/02  02:00:00,0.0 
 10/02  03:00:00,472782.9583317507 
 10/02  04:00:00,1274178.1249448252 
 10/02  05:00:00,2000244.25481612 
 10/02  06:00:00,2494115.033702745 
 10/02  07:00:00,2973564.518637023 
 10/02  08:00:00,3371296.271305634 
 10/02  09:00:00,3887074.379080593 
 10/02  10:00:00,5005409.443732065 
 10/02  11:00:00,2994715.271238761 
 10/02  12:00:00,491926.0059908149 
 10/02  13:00:00,0.0 
 10/02  14:00:00,0.0 
 10/02  15:00:00,0.0 
 10/02  16:00:00,0.0 
 10/02  17:00:00,0.0 
 10/02  18:00:00,0.0 
 10/02  19:00:00,0.0 
 10/02  20:00:00,0.0 
 10/02  21:00:00,0.0 
 10/02  22:00:00,0.0 
 10/02  23:00:00,0.0 
 10/02  24:00:00,0.0 
 10/03  01:00:00,0.0 
 10/03  02:00:00,461510.58699555433 
 10/03  03:00:00,998075.6670045841 
 10/03  04:00:00,1585043.3441146703 
 10/03  05:00:00,2178349.0322002065 
 10/03  06:00:00,2438531.5237965044 
 10/03  07:00:00,2649932.1568543324 
 10/03  08:00:00,2927176.879078575 
 10/03  09:00:00,2864370.553692605 
 10/03  10:00:00,4087456.7571368637 
 10/03  11:00:00,1204650.7162055597 
 10/03  12:00:00,3439.4654873030954 
 10/03  13:00:00,0.0 
 10/03  14:00:00,0.0 
 10/03  15:00:00,0.0 
 10/03  16:00:00,0.0 
 10/03  17:00:00,0.0 
 10/03  18:00:00,0.0 
 10/03  19:00:00,0.0 
 10/03  20:00:00,0.0 
 10/03  21:00:00,0.0 
 10/03  22:00:00,0.0 
 10/03  23:00:00,0.0 
 10/03  24:00:00,286556.60720450396 
 10/04  01:00:00,831990.689253896 
 10/04  02:00:00,2028260.5327229754 
 10/04  03:00:00,1707454.9577710717 
 10/04  04:00:00,2398705.9154689284 
 10/04  05:00:00,2896399.6941399933 
 10/04  06:00:00,3024261.067330552 
 10/04  07:00:00,3204068.6001704703 
 10/04  08:00:00,3686236.038588315 
 10/04  09:00:00,5573645.533857256 
 10/04  10:00:00,5018442.7533041155 
 10/04  11:00:00,4302723.806275833 
 10/04  12:00:00,3008931.3204832305 
 10/04  13:00:00,1934112.269156381 
 10/04  14:00:00,1655496.7955762346 
 10/04  15:00:00,0.0 
 10/04  16:00:00,0.0 
 10/04  17:00:00,358983.7769796032 
 10/04  18:00:00,507077.8174413332 
 10/04  19:00:00,155274.49421001438 
 10/04  20:00:00,0.0 
 10/04  21:00:00,0.0 
 10/04  22:00:00,84864.24552197132 
 10/04  23:00:00,770294.2796922958 
 10/04  24:00:00,2147917.9308107863 
 10/05  01:00:00,3239004.335615902 
 10/05  02:00:00,3905849.286215378 
 10/05  03:00:00,4684174.17059749 
 10/05  04:00:00,5659880.681063752 
 10/05  05:00:00,6658617.307619819 
 10/05  06:00:00,7507502.562733656 
 10/05  07:00:00,7967603.099145782 
 10/05  08:00:00,8574957.607351268 
 10/05  09:00:00,10488803.101045256 
 10/05  10:00:00,8670875.791232822 
 10/05  11:00:00,6626594.83124162 
 10/05  12:00:00,4438797.282140171 
 10/05  13:00:00,2617102.1150692836 
 10/05  14:00:00,1997636.4179610654 
 10/05  15:00:00,0.0 
 10/05  16:00:00,0.0 
 10/05  17:00:00,42553.574877636864 
 10/05  18:00:00,0.0 
 10/05  19:00:00,0.0 
 10/05  20:00:00,2003.0258205661094 
 10/05  21:00:00,2121673.0626254026 
 10/05  22:00:00,2188162.7642185558 
 10/05  23:00:00,2731473.384873923 
 10/05  24:00:00,3584232.09070801 
 10/06  01:00:00,2127164.8818696877 
 10/06  02:00:00,2126747.8469851236 
 10/06  03:00:00,2553153.4831431694 
 10/06  04:00:00,3180382.2498297654 
 10/06  05:00:00,3987873.6815501372 
 10/06  06:00:00,4568305.65005101 
 10/06  07:00:00,4932294.480043267 
 10/06  08:00:00,5746169.965036898 
 10/06  09:00:00,8267972.803799402 
 10/06  10:00:00,6986088.817203156 
 10/06  11:00:00,5090865.263537129 
 10/06  12:00:00,2983681.9881551904 
 10/06  13:00:00,1223264.8641757132 
 10/06  14:00:00,614740.2143684676 
 10/06  15:00:00,0.0 
 10/06  16:00:00,0.0 
 10/06  17:00:00,0.0 
 10/06  18:00:00,0.0 
 10/06  19:00:00,0.0 
 10/06  20:00:00,0.0 
 10/06  21:00:00,0.0 
 10/06  22:00:00,119455.16236626572 
 10/06  23:00:00,1598450.9213819867 
 10/06  24:00:00,2673748.133360807 
 10/07  01:00:00,1117077.5778418332 
 10/07  02:00:00,1213947.0590468685 
 10/07  03:00:00,1911644.5038666415 
 10/07  04:00:00,2220104.4863360426 
 10/07  05:00:00,2443219.097564835 
 10/07  06:00:00,2747431.571889666 
 10/07  07:00:00,2971984.575042129 
 10/07  08:00:00,3610773.779018753 
 10/07  09:00:00,5610647.7999859685 
 10/07  10:00:00,4420740.438402005 
 10/07  11:00:00,3226686.947399093 
 10/07  12:00:00,1589390.009856271 
 10/07  13:00:00,112145.55819673552 
 10/07  14:00:00,0.0 
 10/07  15:00:00,0.0 
 10/07  16:00:00,0.0 
 10/07  17:00:00,0.0 
 10/07  18:00:00,0.0 
 10/07  19:00:00,0.0 
 10/07  20:00:00,0.0 
 10/07  21:00:00,0.0 
 10/07  22:00:00,0.0 
 10/07  23:00:00,358265.92061433406 
 10/07  24:00:00,1389734.3759016609 
 10/08  01:00:00,64325.058922982134 
 10/08  02:00:00,46799.59269577812 
 10/08  03:00:00,540721.0174188265 
 10/08  04:00:00,958959.7636720196 
 10/08  05:00:00,1097014.9908573627 
 10/08  06:00:00,1069216.7720875326 
 10/08  07:00:00,899800.4424121056 
 10/08  08:00:00,1289030.8740263483 
 10/08  09:00:00,3368178.6854621954 
 10/08  10:00:00,2763523.131844512 
 10/08  11:00:00,2078710.1643202421 
 10/08  12:00:00,1075040.0560211746 
 10/08  13:00:00,129350.68834266132 
 10/08  14:00:00,0.0 
 10/08  15:00:00,0.0 
 10/08  16:00:00,0.0 
 10/08  17:00:00,0.0 
 10/08  18:00:00,0.0 
 10/08  19:00:00,0.0 
 10/08  20:00:00,0.0 
 10/08  21:00:00,0.0 
 10/08  22:00:00,0.0 
 10/08  23:00:00,0.0 
 10/08  24:00:00,0.0 
 10/09  01:00:00,0.0 
 10/09  02:00:00,0.0 
 10/09  03:00:00,0.0 
 10/09  04:00:00,0.0 
 10/09  05:00:00,0.0 
 10/09  06:00:00,0.0 
 10/09  07:00:00,0.0 
 10/09  08:00:00,0.0 
 10/09  09:00:00,0.0 
 10/09  10:00:00,1389554.108907294 
 10/09  11:00:00,1556916.3876072539 
 10/09  12:00:00,1310021.737932548 
 10/09  13:00:00,2455777.0621879785 
 10/09  14:00:00,3055597.1168953185 
 10/09  15:00:00,2994001.9957439634 
 10/09  16:00:00,796981.4581472356 
 10/09  17:00:00,541043.6173387687 
 10/09  18:00:00,877550.3761552463 
 10/09  19:00:00,1807239.82230253 
 10/09  20:00:00,4407123.776722854 
 10/09  21:00:00,4783005.72899931 
 10/09  22:00:00,3038239.6280043297 
 10/09  23:00:00,3305794.78722459 
 10/09  24:00:00,4173953.6323594395 
 10/10  01:00:00,4724426.018192385 
 10/10  02:00:00,5071474.817224871 
 10/10  03:00:00,5297331.101413735 
 10/10  04:00:00,5661403.532334041 
 10/10  05:00:00,5861908.7444860395 
 10/10  06:00:00,5956156.899776011 
 10/10  07:00:00,6096432.78259253 
 10/10  08:00:00,6077364.683749714 
 10/10  09:00:00,5991623.321445889 
 10/10  10:00:00,8016831.410602547 
 10/10  11:00:00,5800354.478201433 
 10/10  12:00:00,3628437.1612708145 
 10/10  13:00:00,2349758.34910826 
 10/10  14:00:00,1963987.133413366 
 10/10  15:00:00,1676430.721016189 
 10/10  16:00:00,2880218.6151972795 
 10/10  17:00:00,3245366.9048782783 
 10/10  18:00:00,1970017.3180787696 
 10/10  19:00:00,1958195.2294863153 
 10/10  20:00:00,2547652.971276021 
 10/10  21:00:00,2209668.308771296 
 10/10  22:00:00,2721742.514691819 
 10/10  23:00:00,3648031.893161196 
 10/10  24:00:00,4311623.011344769 
 10/11  01:00:00,4190648.958901469 
 10/11  02:00:00,4168284.6828374825 
 10/11  03:00:00,4777106.8272994375 
 10/11  04:00:00,6182265.159959993 
 10/11  05:00:00,5572220.890662341 
 10/11  06:00:00,5605197.829314333 
 10/11  07:00:00,5756177.766814863 
 10/11  08:00:00,6230652.059553304 
 10/11  09:00:00,7703379.59371134 
 10/11  10:00:00,6700114.068903248 
 10/11  11:00:00,6047530.966984445 
 10/11  12:00:00,5018777.6718673445 
 10/11  13:00:00,4128722.495537656 
 10/11  14:00:00,3684098.772197409 
 10/11  15:00:00,1404768.7293989589 
 10/11  16:00:00,1005326.9409057522 
 10/11  17:00:00,3277536.3225757005 
 10/11  18:00:00,3241195.918122885 
 10/11  19:00:00,2669120.114032073 
 10/11  20:00:00,2443333.8274271884 
 10/11  21:00:00,4507724.217164387 
 10/11  22:00:00,4802889.964579239 
 10/11  23:00:00,5257317.664669507 
 10/11  24:00:00,5543619.502574844 
 10/12  01:00:00,3793886.865048559 
 10/12  02:00:00,3633517.768038514 
 10/12  03:00:00,3953910.0177704287 
 10/12  04:00:00,4350683.263522594 
 10/12  05:00:00,4551294.96236292 
 10/12  06:00:00,4544100.638696255 
 10/12  07:00:00,4632598.473632396 
 10/12  08:00:00,5213489.706665808 
 10/12  09:00:00,7236252.046841293 
 10/12  10:00:00,6536997.913893587 
 10/12  11:00:00,5444150.3238201365 
 10/12  12:00:00,4126004.00672333 
 10/12  13:00:00,3042680.7682812843 
 10/12  14:00:00,2920642.0917167002 
 10/12  15:00:00,1009300.290908538 
 10/12  16:00:00,360509.85486067075 
 10/12  17:00:00,2442939.25510546 
 10/12  18:00:00,2265170.0182179315 
 10/12  19:00:00,1567186.1764907388 
 10/12  20:00:00,974051.3722818898 
 10/12  21:00:00,2962392.6621133275 
 10/12  22:00:00,3527053.752702943 
 10/12  23:00:00,4202959.036459383 
 10/12  24:00:00,4990133.306511825 
 10/13  01:00:00,3462806.460038559 
 10/13  02:00:00,3241686.6061504884 
 10/13  03:00:00,3504612.339869727 
 10/13  04:00:00,4014219.626585504 
 10/13  05:00:00,4640512.476129611 
 10/13  06:00:00,5100097.381139793 
 10/13  07:00:00,5239796.29298357 
 10/13  08:00:00,5590494.378834215 
 10/13  09:00:00,7471481.1608008 
 10/13  10:00:00,6350268.318556487 
 10/13  11:00:00,4902248.441915465 
 10/13  12:00:00,3411981.038359877 
 10/13  13:00:00,2291044.5172299547 
 10/13  14:00:00,1754603.8764856483 
 10/13  15:00:00,0.0 
 10/13  16:00:00,0.0 
 10/13  17:00:00,94823.88859150671 
 10/13  18:00:00,177730.6312937857 
 10/13  19:00:00,15978.60972053968 
 10/13  20:00:00,0.0 
 10/13  21:00:00,1693230.5533507927 
 10/13  22:00:00,2338016.036793396 
 10/13  23:00:00,3162373.268791722 
 10/13  24:00:00,3774547.2928908947 
 10/14  01:00:00,2281929.727029232 
 10/14  02:00:00,2421578.694860878 
 10/14  03:00:00,2847382.4794121715 
 10/14  04:00:00,3695993.3737246725 
 10/14  05:00:00,4562352.057697485 
 10/14  06:00:00,5115151.312492839 
 10/14  07:00:00,5559333.110967496 
 10/14  08:00:00,6296370.328145301 
 10/14  09:00:00,8413877.853802111 
 10/14  10:00:00,7182221.743308269 
 10/14  11:00:00,5493818.070233247 
 10/14  12:00:00,3638458.9001600184 
 10/14  13:00:00,2183087.070042413 
 10/14  14:00:00,1613287.4021992162 
 10/14  15:00:00,0.0 
 10/14  16:00:00,0.0 
 10/14  17:00:00,62945.00225071533 
 10/14  18:00:00,79523.80972908941 
 10/14  19:00:00,102431.77606881363 
 10/14  20:00:00,248373.14855073346 
 10/14  21:00:00,2448304.992542419 
 10/14  22:00:00,2875044.555462824 
 10/14  23:00:00,4288291.455799389 
 10/14  24:00:00,5546338.061527043 
 10/15  01:00:00,4100653.169809724 
 10/15  02:00:00,4400065.782944499 
 10/15  03:00:00,5378107.646199694 
 10/15  04:00:00,6315767.080168435 
 10/15  05:00:00,7140479.834374391 
 10/15  06:00:00,7784449.394245487 
 10/15  07:00:00,8172004.551186527 
 10/15  08:00:00,8894449.420552593 
 10/15  09:00:00,10926841.809790589 
 10/15  10:00:00,9620138.721352533 
 10/15  11:00:00,7869537.334674505 
 10/15  12:00:00,5885880.49796873 
 10/15  13:00:00,4286986.87284631 
 10/15  14:00:00,3641782.7562063187 
 10/15  15:00:00,1149919.0575270464 
 10/15  16:00:00,219834.32824504998 
 10/15  17:00:00,2054665.6019968982 
 10/15  18:00:00,1853075.5295421449 
 10/15  19:00:00,1596773.0990702608 
 10/15  20:00:00,1465754.7015170818 
 10/15  21:00:00,3906055.097897666 
 10/15  22:00:00,4772298.78115448 
 10/15  23:00:00,5897491.347754334 
 10/15  24:00:00,7015276.189796967 
 10/16  01:00:00,6496831.561651594 
 10/16  02:00:00,5969028.6568926135 
 10/16  03:00:00,6818100.790269265 
 10/16  04:00:00,7784412.934298667 
 10/16  05:00:00,8689109.602784086 
 10/16  06:00:00,9273700.513073437 
 10/16  07:00:00,9525536.815684406 
 10/16  08:00:00,9644427.713592196 
 10/16  09:00:00,9598331.628862124 
 10/16  10:00:00,10936727.967415452 
 10/16  11:00:00,9412138.894622412 
 10/16  12:00:00,6558929.11687442 
 10/16  13:00:00,5238045.459005537 
 10/16  14:00:00,4921993.359626928 
 10/16  15:00:00,4328967.24732552 
 10/16  16:00:00,1691504.7328323652 
 10/16  17:00:00,782791.6154500535 
 10/16  18:00:00,587537.8197455284 
 10/16  19:00:00,1668300.900520598 
 10/16  20:00:00,4671037.437614817 
 10/16  21:00:00,5229449.756414561 
 10/16  22:00:00,3665353.8752034064 
 10/16  23:00:00,3771120.658426729 
 10/16  24:00:00,4494233.793755149 
 10/17  01:00:00,5293578.251431939 
 10/17  02:00:00,6009370.775463403 
 10/17  03:00:00,6821509.947592876 
 10/17  04:00:00,7540843.838864347 
 10/17  05:00:00,8097542.861199643 
 10/17  06:00:00,8487514.437955836 
 10/17  07:00:00,8656532.112778837 
 10/17  08:00:00,8752342.48256202 
 10/17  09:00:00,8802208.802559715 
 10/17  10:00:00,10246953.138955634 
 10/17  11:00:00,7209503.286995679 
 10/17  12:00:00,4790935.086634174 
 10/17  13:00:00,3441820.3570714816 
 10/17  14:00:00,2786730.8919887305 
 10/17  15:00:00,2283887.069546082 
 10/17  16:00:00,3362833.1484100986 
 10/17  17:00:00,3742352.9961934006 
 10/17  18:00:00,2455156.761005623 
 10/17  19:00:00,2760227.2002440603 
 10/17  20:00:00,3570750.0193981905 
 10/17  21:00:00,3299774.4670943953 
 10/17  22:00:00,3994123.3810215984 
 10/17  23:00:00,4967415.316374233 
 10/17  24:00:00,6619867.35918821 
 10/18  01:00:00,7740563.632065807 
 10/18  02:00:00,8110447.84331155 
 10/18  03:00:00,8871096.771070413 
 10/18  04:00:00,10446665.29264826 
 10/18  05:00:00,10602166.78773646 
 10/18  06:00:00,11373750.996257296 
 10/18  07:00:00,11723094.216352977 
 10/18  08:00:00,12448666.873841472 
 10/18  09:00:00,14528898.442134818 
 10/18  10:00:00,12831628.244206062 
 10/18  11:00:00,10767540.222926036 
 10/18  12:00:00,8527042.321509922 
 10/18  13:00:00,6558669.131404556 
 10/18  14:00:00,5712813.843120905 
 10/18  15:00:00,3054021.314231829 
 10/18  16:00:00,1945148.1488714167 
 10/18  17:00:00,3682437.877009323 
 10/18  18:00:00,3373482.527223068 
 10/18  19:00:00,3225293.199224463 
 10/18  20:00:00,3647648.687540558 
 10/18  21:00:00,6051766.654397208 
 10/18  22:00:00,6645438.134473525 
 10/18  23:00:00,7839022.263161982 
 10/18  24:00:00,9231754.194738533 
 10/19  01:00:00,8134532.946600458 
 10/19  02:00:00,8350821.461215229 
 10/19  03:00:00,9198079.975526888 
 10/19  04:00:00,10187962.31511796 
 10/19  05:00:00,10876413.418248279 
 10/19  06:00:00,11283554.455631899 
 10/19  07:00:00,11579387.832600983 
 10/19  08:00:00,12249692.851562927 
 10/19  09:00:00,14346839.363824457 
 10/19  10:00:00,12668496.655087616 
 10/19  11:00:00,10572418.661966689 
 10/19  12:00:00,8010464.950039309 
 10/19  13:00:00,5783304.200716103 
 10/19  14:00:00,4878936.759989002 
 10/19  15:00:00,2118704.8025745363 
 10/19  16:00:00,740219.4632273806 
 10/19  17:00:00,2069522.0350914043 
 10/19  18:00:00,1519040.59306897 
 10/19  19:00:00,1423295.9412762707 
 10/19  20:00:00,2006749.0565017057 
 10/19  21:00:00,4543139.64248026 
 10/19  22:00:00,5262731.836397693 
 10/19  23:00:00,6808679.628180554 
 10/19  24:00:00,8299781.508883009 
 10/20  01:00:00,7462628.196053094 
 10/20  02:00:00,8056251.183368219 
 10/20  03:00:00,8704524.424416717 
 10/20  04:00:00,9422713.302642506 
 10/20  05:00:00,10228666.878393658 
 10/20  06:00:00,10855663.202858651 
 10/20  07:00:00,11240654.267416615 
 10/20  08:00:00,11943716.054667663 
 10/20  09:00:00,13980813.474139847 
 10/20  10:00:00,11869366.63448058 
 10/20  11:00:00,9417141.406803267 
 10/20  12:00:00,6635106.6574679995 
 10/20  13:00:00,4135173.4918273427 
 10/20  14:00:00,3216629.206501674 
 10/20  15:00:00,572265.4701261809 
 10/20  16:00:00,0.0 
 10/20  17:00:00,865226.8158755352 
 10/20  18:00:00,711013.3264433913 
 10/20  19:00:00,777566.321433922 
 10/20  20:00:00,1158806.471642408 
 10/20  21:00:00,2938445.1601724154 
 10/20  22:00:00,3417802.3972777817 
 10/20  23:00:00,5986330.31821995 
 10/20  24:00:00,8220221.821873069 
 10/21  01:00:00,6712029.955963784 
 10/21  02:00:00,6701746.965643272 
 10/21  03:00:00,7457631.393235339 
 10/21  04:00:00,8103349.140412079 
 10/21  05:00:00,8811826.982149037 
 10/21  06:00:00,9570584.964158846 
 10/21  07:00:00,9971988.317796823 
 10/21  08:00:00,10594812.547458664 
 10/21  09:00:00,12684814.130460225 
 10/21  10:00:00,11077953.217428988 
 10/21  11:00:00,9088830.262152491 
 10/21  12:00:00,6593479.467085842 
 10/21  13:00:00,4435251.897348786 
 10/21  14:00:00,3719208.875511388 
 10/21  15:00:00,1118292.670002056 
 10/21  16:00:00,88303.23154948273 
 10/21  17:00:00,1436600.4491226778 
 10/21  18:00:00,1224492.2615290738 
 10/21  19:00:00,1163063.0657194983 
 10/21  20:00:00,1044744.9501110226 
 10/21  21:00:00,2899811.668934808 
 10/21  22:00:00,3697540.075388308 
 10/21  23:00:00,5204736.07527048 
 10/21  24:00:00,7053070.5890731625 
 10/22  01:00:00,6355901.007026301 
 10/22  02:00:00,6709855.9511695765 
 10/22  03:00:00,7403560.785831068 
 10/22  04:00:00,7983660.6989812935 
 10/22  05:00:00,8399272.027758338 
 10/22  06:00:00,8698736.226722773 
 10/22  07:00:00,8984204.429126237 
 10/22  08:00:00,9583813.311895803 
 10/22  09:00:00,11707494.924361506 
 10/22  10:00:00,10284596.078680921 
 10/22  11:00:00,8460304.374895124 
 10/22  12:00:00,6185642.298800618 
 10/22  13:00:00,4090823.138026549 
 10/22  14:00:00,3305973.712836874 
 10/22  15:00:00,2708292.3535385695 
 10/22  16:00:00,2108979.1870409143 
 10/22  17:00:00,1748813.4622250001 
 10/22  18:00:00,1784320.5341483932 
 10/22  19:00:00,2564249.5576490113 
 10/22  20:00:00,3533581.4010769525 
 10/22  21:00:00,3911921.3294951054 
 10/22  22:00:00,4018596.8987690704 
 10/22  23:00:00,4397516.590633546 
 10/22  24:00:00,3820970.454201091 
 10/23  01:00:00,3220044.664133435 
 10/23  02:00:00,3865224.6551648006 
 10/23  03:00:00,4695165.682519439 
 10/23  04:00:00,5377989.699572281 
 10/23  05:00:00,6194571.760124822 
 10/23  06:00:00,7086382.327775659 
 10/23  07:00:00,7736154.910523742 
 10/23  08:00:00,8211049.471095588 
 10/23  09:00:00,8433210.78948749 
 10/23  10:00:00,9660570.97272401 
 10/23  11:00:00,7777917.621090953 
 10/23  12:00:00,4857940.659735385 
 10/23  13:00:00,3544775.1515881005 
 10/23  14:00:00,3190416.652169898 
 10/23  15:00:00,2663309.299819106 
 10/23  16:00:00,141891.2239832949 
 10/23  17:00:00,0.0 
 10/23  18:00:00,0.0 
 10/23  19:00:00,351161.5428217803 
 10/23  20:00:00,3703833.1302840775 
 10/23  21:00:00,4562250.84827452 
 10/23  22:00:00,3084586.677674363 
 10/23  23:00:00,3157363.2901084614 
 10/23  24:00:00,4152472.507697328 
 10/24  01:00:00,4733506.540475624 
 10/24  02:00:00,4833837.665909261 
 10/24  03:00:00,5381840.122865213 
 10/24  04:00:00,6335539.849307737 
 10/24  05:00:00,7471050.1712327255 
 10/24  06:00:00,8187228.509885235 
 10/24  07:00:00,8562296.035061438 
 10/24  08:00:00,8922319.41366933 
 10/24  09:00:00,9048127.86401174 
 10/24  10:00:00,10180466.855793599 
 10/24  11:00:00,6763496.986012046 
 10/24  12:00:00,3667395.210440717 
 10/24  13:00:00,1650270.3390045094 
 10/24  14:00:00,685529.4076477658 
 10/24  15:00:00,66327.20609961689 
 10/24  16:00:00,820548.707855081 
 10/24  17:00:00,0.0 
 10/24  18:00:00,0.0 
 10/24  19:00:00,0.0 
 10/24  20:00:00,0.0 
 10/24  21:00:00,0.0 
 10/24  22:00:00,0.0 
 10/24  23:00:00,71126.8194840537 
 10/24  24:00:00,672265.0646277035 
 10/25  01:00:00,1115353.294378129 
 10/25  02:00:00,2207665.5191339147 
 10/25  03:00:00,1583582.7201163354 
 10/25  04:00:00,1811311.0087960146 
 10/25  05:00:00,2112435.408883245 
 10/25  06:00:00,2381241.711645765 
 10/25  07:00:00,2600822.4064773372 
 10/25  08:00:00,3431278.152717793 
 10/25  09:00:00,6122962.535041311 
 10/25  10:00:00,6160491.686954679 
 10/25  11:00:00,5762706.5407623695 
 10/25  12:00:00,5085083.236651368 
 10/25  13:00:00,4461671.683002418 
 10/25  14:00:00,4208708.202324 
 10/25  15:00:00,1987193.1936020614 
 10/25  16:00:00,1406315.0290657708 
 10/25  17:00:00,3764086.9564311597 
 10/25  18:00:00,3982826.928804768 
 10/25  19:00:00,4160333.6775235627 
 10/25  20:00:00,4351450.1340979505 
 10/25  21:00:00,6542611.224420177 
 10/25  22:00:00,7288312.325791617 
 10/25  23:00:00,8742420.608455468 
 10/25  24:00:00,10347432.738238413 
 10/26  01:00:00,9192495.868690914 
 10/26  02:00:00,9473505.646338578 
 10/26  03:00:00,10613316.647398977 
 10/26  04:00:00,11738033.838891026 
 10/26  05:00:00,12607418.79003794 
 10/26  06:00:00,13266913.304287678 
 10/26  07:00:00,13594876.444770033 
 10/26  08:00:00,14135492.433055997 
 10/26  09:00:00,16163960.491313051 
 10/26  10:00:00,14176382.431866506 
 10/26  11:00:00,11685322.393438753 
 10/26  12:00:00,8946944.763823446 
 10/26  13:00:00,6519125.4274689 
 10/26  14:00:00,5480732.293344138 
 10/26  15:00:00,2574857.7356599816 
 10/26  16:00:00,1064574.8972263844 
 10/26  17:00:00,2394848.5090784496 
 10/26  18:00:00,1948496.9488436528 
 10/26  19:00:00,1999802.3061998114 
 10/26  20:00:00,2216166.659379535 
 10/26  21:00:00,3894962.0276386617 
 10/26  22:00:00,4806359.868465892 
 10/26  23:00:00,5949566.278902557 
 10/26  24:00:00,7439182.700171428 
 10/27  01:00:00,8609361.972908905 
 10/27  02:00:00,9420382.555688255 
 10/27  03:00:00,10150104.10948128 
 10/27  04:00:00,11002957.009873217 
 10/27  05:00:00,11839090.309667965 
 10/27  06:00:00,12553947.609948972 
 10/27  07:00:00,13034847.279079203 
 10/27  08:00:00,13607911.80528074 
 10/27  09:00:00,15691264.950132443 
 10/27  10:00:00,13543740.310248526 
 10/27  11:00:00,10844713.305986015 
 10/27  12:00:00,7839657.919799604 
 10/27  13:00:00,5193983.831427563 
 10/27  14:00:00,4216628.748549883 
 10/27  15:00:00,1498198.1833327007 
 10/27  16:00:00,224241.116920294 
 10/27  17:00:00,1465872.8135584374 
 10/27  18:00:00,1285436.5658458248 
 10/27  19:00:00,1968345.8004548303 
 10/27  20:00:00,3118708.839503481 
 10/27  21:00:00,5305701.825031227 
 10/27  22:00:00,4807392.519498183 
 10/27  23:00:00,5121850.8660716 
 10/27  24:00:00,6105923.216918423 
 10/28  01:00:00,5127484.864262775 
 10/28  02:00:00,5912576.600098604 
 10/28  03:00:00,6828517.915284938 
 10/28  04:00:00,7321938.533111369 
 10/28  05:00:00,7551448.1353514055 
 10/28  06:00:00,7651616.220726119 
 10/28  07:00:00,7677753.923300584 
 10/28  08:00:00,8066103.589492844 
 10/28  09:00:00,9999046.234491063 
 10/28  10:00:00,8917836.095178986 
 10/28  11:00:00,7982737.465699343 
 10/28  12:00:00,5960121.49947023 
 10/28  13:00:00,3880389.996178258 
 10/28  14:00:00,3215289.1188488533 
 10/28  15:00:00,664708.3711212778 
 10/28  16:00:00,1132.958013001189 
 10/28  17:00:00,1150401.5074416967 
 10/28  18:00:00,1092507.5889610192 
 10/28  19:00:00,1632668.4441930181 
 10/28  20:00:00,2359450.08785782 
 10/28  21:00:00,3766666.037033452 
 10/28  22:00:00,3687609.0522985314 
 10/28  23:00:00,4607525.194760638 
 10/28  24:00:00,5615546.421234582 
 10/29  01:00:00,4219970.468640828 
 10/29  02:00:00,4071834.429839051 
 10/29  03:00:00,4320237.088023288 
 10/29  04:00:00,4632859.997676702 
 10/29  05:00:00,4808956.611946079 
 10/29  06:00:00,5302397.60199028 
 10/29  07:00:00,6165950.401806101 
 10/29  08:00:00,7156831.793197187 
 10/29  09:00:00,9261474.79946518 
 10/29  10:00:00,8404942.73141681 
 10/29  11:00:00,7331495.52129104 
 10/29  12:00:00,5547705.592202288 
 10/29  13:00:00,3834714.173469194 
 10/29  14:00:00,2992464.6453028456 
 10/29  15:00:00,386212.60981448286 
 10/29  16:00:00,0.0 
 10/29  17:00:00,1712309.9154702693 
 10/29  18:00:00,1671949.5418281092 
 10/29  19:00:00,2093076.2848298561 
 10/29  20:00:00,2967537.9507449865 
 10/29  21:00:00,5500753.068629105 
 10/29  22:00:00,6094126.877079495 
 10/29  23:00:00,6536987.40384732 
 10/29  24:00:00,7268700.1468365565 
 10/30  01:00:00,6001752.510162834 
 10/30  02:00:00,5800064.354935311 
 10/30  03:00:00,5847465.750512245 
 10/30  04:00:00,5874187.787738106 
 10/30  05:00:00,5748400.612858941 
 10/30  06:00:00,5741318.296301954 
 10/30  07:00:00,5807899.149660757 
 10/30  08:00:00,5891541.389239431 
 10/30  09:00:00,5914754.839911008 
 10/30  10:00:00,8138893.385159386 
 10/30  11:00:00,8082307.299992956 
 10/30  12:00:00,7246876.705441309 
 10/30  13:00:00,7291980.625987535 
 10/30  14:00:00,7330242.284455556 
 10/30  15:00:00,7232515.1970170485 
 10/30  16:00:00,5128888.851562772 
 10/30  17:00:00,4715365.406804118 
 10/30  18:00:00,4830104.037004034 
 10/30  19:00:00,5246141.5641184915 
 10/30  20:00:00,7241133.428696179 
 10/30  21:00:00,7165038.341425313 
 10/30  22:00:00,5178972.00202834 
 10/30  23:00:00,5058865.625801368 
 10/30  24:00:00,5350663.86990569 
 10/31  01:00:00,5387702.680430463 
 10/31  02:00:00,5178799.970321088 
 10/31  03:00:00,5035904.876339261 
 10/31  04:00:00,5157649.490923406 
 10/31  05:00:00,5433023.477905545 
 10/31  06:00:00,5650074.9352516355 
 10/31  07:00:00,5831206.1051310245 
 10/31  08:00:00,5929351.128817805 
 10/31  09:00:00,6020371.611043337 
 10/31  10:00:00,8279436.41929379 
 10/31  11:00:00,6405585.885911085 
 10/31  12:00:00,5104378.476452969 
 10/31  13:00:00,4418561.430431517 
 10/31  14:00:00,3988040.4505313053 
 10/31  15:00:00,4866761.029470671 
 10/31  16:00:00,4178154.1725391606 
 10/31  17:00:00,3344371.1564225494 
 10/31  18:00:00,3451156.706018427 
 10/31  19:00:00,3791417.16259446 
 10/31  20:00:00,3978524.850784731 
 10/31  21:00:00,3907944.422042016 
 10/31  22:00:00,3881157.1165859345 
 10/31  23:00:00,4131434.6500674244 
 10/31  24:00:00,4681420.383173231 
 11/01  01:00:00,5059804.066450725 
 11/01  02:00:00,5101781.003770153 
 11/01  03:00:00,5041755.423420233 
 11/01  04:00:00,5105914.005184102 
 11/01  05:00:00,5121276.664148506 
 11/01  06:00:00,5034485.307864096 
 11/01  07:00:00,4967288.480217925 
 11/01  08:00:00,5364255.50398767 
 11/01  09:00:00,7387147.700756447 
 11/01  10:00:00,6849849.120843979 
 11/01  11:00:00,6195915.121312189 
 11/01  12:00:00,5140873.306345866 
 11/01  13:00:00,4087782.048574199 
 11/01  14:00:00,3954549.4479315034 
 11/01  15:00:00,1883029.017932205 
 11/01  16:00:00,1122467.0726248529 
 11/01  17:00:00,3306012.7208423526 
 11/01  18:00:00,3411583.4268308156 
 11/01  19:00:00,3362988.9261633134 
 11/01  20:00:00,3340052.6164353294 
 11/01  21:00:00,5195289.1687466595 
 11/01  22:00:00,5372386.178175934 
 11/01  23:00:00,5941138.860761544 
 11/01  24:00:00,6686143.227676251 
 11/02  01:00:00,5845342.014219029 
 11/02  02:00:00,4727292.754762551 
 11/02  03:00:00,4912920.876818456 
 11/02  04:00:00,5600107.707476851 
 11/02  05:00:00,6368413.359482353 
 11/02  06:00:00,6285757.5261884825 
 11/02  07:00:00,6102273.091346279 
 11/02  08:00:00,6706929.044064609 
 11/02  09:00:00,9190684.376372177 
 11/02  10:00:00,8581169.680098237 
 11/02  11:00:00,7390188.341492965 
 11/02  12:00:00,6044832.027967723 
 11/02  13:00:00,4783062.581141815 
 11/02  14:00:00,4220123.204273444 
 11/02  15:00:00,1740787.9278231864 
 11/02  16:00:00,871724.989168704 
 11/02  17:00:00,2774063.2935796324 
 11/02  18:00:00,2553506.649146478 
 11/02  19:00:00,2735753.7940713447 
 11/02  20:00:00,3261939.7620753213 
 11/02  21:00:00,5433312.722898254 
 11/02  22:00:00,6007279.273777257 
 11/02  23:00:00,7272185.184952851 
 11/02  24:00:00,8307453.713230882 
 11/03  01:00:00,6824670.000252815 
 11/03  02:00:00,6929505.627235629 
 11/03  03:00:00,7428508.937589936 
 11/03  04:00:00,8211481.482386036 
 11/03  05:00:00,8942255.485448865 
 11/03  06:00:00,9320429.871845547 
 11/03  07:00:00,9660527.359171055 
 11/03  08:00:00,10243688.931301754 
 11/03  09:00:00,12418098.751681259 
 11/03  10:00:00,11095290.681604346 
 11/03  11:00:00,9072012.648911532 
 11/03  12:00:00,6476022.650716887 
 11/03  13:00:00,4260938.572771673 
 11/03  14:00:00,3378955.9355953312 
 11/03  15:00:00,631983.4856438073 
 11/03  16:00:00,0.0 
 11/03  17:00:00,730119.9412233633 
 11/03  18:00:00,568233.9856519655 
 11/03  19:00:00,0.0 
 11/03  20:00:00,0.0 
 11/03  21:00:00,2063912.6978899704 
 11/03  22:00:00,3711072.251451718 
 11/03  23:00:00,5253687.43474369 
 11/03  24:00:00,6478345.357879672 
 11/04  01:00:00,5148567.257032789 
 11/04  02:00:00,5223805.186228789 
 11/04  03:00:00,5633177.22677502 
 11/04  04:00:00,6302452.199809875 
 11/04  05:00:00,7015209.171183378 
 11/04  06:00:00,7393208.834132362 
 11/04  07:00:00,7549863.991586469 
 11/04  08:00:00,8015351.835166129 
 11/04  09:00:00,10052060.584850863 
 11/04  10:00:00,8836233.473211633 
 11/04  11:00:00,7125339.637923553 
 11/04  12:00:00,4917264.284798897 
 11/04  13:00:00,3015662.662753853 
 11/04  14:00:00,2325281.8784544338 
 11/04  15:00:00,4560.619254394261 
 11/04  16:00:00,0.0 
 11/04  17:00:00,284593.73903652374 
 11/04  18:00:00,300329.20447675645 
 11/04  19:00:00,139903.0836456761 
 11/04  20:00:00,87939.72142409475 
 11/04  21:00:00,2187922.8973628255 
 11/04  22:00:00,2715968.9976280294 
 11/04  23:00:00,4038838.260103007 
 11/04  24:00:00,5803266.435246245 
 11/05  01:00:00,4957140.574976866 
 11/05  02:00:00,5138159.614455071 
 11/05  03:00:00,5543773.417894176 
 11/05  04:00:00,6175313.22575095 
 11/05  05:00:00,6614386.830052534 
 11/05  06:00:00,6722491.897060382 
 11/05  07:00:00,6863941.109347979 
 11/05  08:00:00,7374560.533863096 
 11/05  09:00:00,9494033.021114178 
 11/05  10:00:00,8564362.849768605 
 11/05  11:00:00,7287751.027204845 
 11/05  12:00:00,5361550.097449393 
 11/05  13:00:00,3653747.0263703265 
 11/05  14:00:00,3159905.961299672 
 11/05  15:00:00,847510.0227173521 
 11/05  16:00:00,57556.9945013689 
 11/05  17:00:00,1531404.0569685458 
 11/05  18:00:00,1347345.5219415063 
 11/05  19:00:00,1237610.3686111702 
 11/05  20:00:00,1384395.217970635 
 11/05  21:00:00,3731771.7924741725 
 11/05  22:00:00,4701245.605428232 
 11/05  23:00:00,5519029.932693837 
 11/05  24:00:00,6125874.771375885 
 11/06  01:00:00,4675108.363131971 
 11/06  02:00:00,4802824.99587215 
 11/06  03:00:00,5609522.786835609 
 11/06  04:00:00,6188068.725402714 
 11/06  05:00:00,6515062.02019755 
 11/06  06:00:00,6899443.3095262945 
 11/06  07:00:00,7140890.914124443 
 11/06  08:00:00,7295252.0330539895 
 11/06  09:00:00,7484422.808379503 
 11/06  10:00:00,9328441.212756427 
 11/06  11:00:00,8364970.682250493 
 11/06  12:00:00,5890565.578774926 
 11/06  13:00:00,4668509.5618909 
 11/06  14:00:00,4376525.724795541 
 11/06  15:00:00,3760883.668862927 
 11/06  16:00:00,940627.630112166 
 11/06  17:00:00,5242.029784187617 
 11/06  18:00:00,0.0 
 11/06  19:00:00,906903.8234267457 
 11/06  20:00:00,4166622.9092960027 
 11/06  21:00:00,5032632.090778243 
 11/06  22:00:00,3812095.74392582 
 11/06  23:00:00,4435126.644275383 
 11/06  24:00:00,5033486.4645789405 
 11/07  01:00:00,5290469.792327168 
 11/07  02:00:00,5909710.546285225 
 11/07  03:00:00,6427193.134853547 
 11/07  04:00:00,6839177.912109588 
 11/07  05:00:00,7010367.778353711 
 11/07  06:00:00,6905242.619251989 
 11/07  07:00:00,6879836.820686481 
 11/07  08:00:00,6915727.52710946 
 11/07  09:00:00,7264522.2365193 
 11/07  10:00:00,8963262.174069127 
 11/07  11:00:00,5906795.497665753 
 11/07  12:00:00,3920023.5372063722 
 11/07  13:00:00,2960607.755187946 
 11/07  14:00:00,2427911.4705680814 
 11/07  15:00:00,3396607.9272630597 
 11/07  16:00:00,3167764.853788258 
 11/07  17:00:00,2836008.6794869048 
 11/07  18:00:00,3321492.4184150766 
 11/07  19:00:00,4061662.7576318993 
 11/07  20:00:00,4962418.734544446 
 11/07  21:00:00,5660171.945930034 
 11/07  22:00:00,6223461.71514933 
 11/07  23:00:00,7030594.662363336 
 11/07  24:00:00,7450780.558607699 
 11/08  01:00:00,7420677.678496118 
 11/08  02:00:00,7963589.367282698 
 11/08  03:00:00,8941024.656368757 
 11/08  04:00:00,9947620.058506355 
 11/08  05:00:00,9444478.270503351 
 11/08  06:00:00,9041316.488070987 
 11/08  07:00:00,8750817.508738754 
 11/08  08:00:00,8939294.800224867 
 11/08  09:00:00,10959281.034912778 
 11/08  10:00:00,10541446.840344105 
 11/08  11:00:00,9829778.149683636 
 11/08  12:00:00,8788033.096881885 
 11/08  13:00:00,7806053.095030051 
 11/08  14:00:00,7438460.329579909 
 11/08  15:00:00,5392892.239778512 
 11/08  16:00:00,4939192.999162212 
 11/08  17:00:00,7181888.778596171 
 11/08  18:00:00,7084764.47458212 
 11/08  19:00:00,6454930.035001636 
 11/08  20:00:00,5695391.510245805 
 11/08  21:00:00,6985246.3729459625 
 11/08  22:00:00,6899074.361724279 
 11/08  23:00:00,7164335.921411882 
 11/08  24:00:00,7415002.685619849 
 11/09  01:00:00,6406143.91132412 
 11/09  02:00:00,5466486.223703669 
 11/09  03:00:00,5487985.182574613 
 11/09  04:00:00,5502474.965767014 
 11/09  05:00:00,5630258.208725468 
 11/09  06:00:00,5648141.34810354 
 11/09  07:00:00,5695752.49612861 
 11/09  08:00:00,6080247.545617714 
 11/09  09:00:00,8098557.321562406 
 11/09  10:00:00,8199773.028453478 
 11/09  11:00:00,8151728.956573755 
 11/09  12:00:00,7387406.082142345 
 11/09  13:00:00,6727878.452239277 
 11/09  14:00:00,6538020.053352977 
 11/09  15:00:00,4228218.056814586 
 11/09  16:00:00,3585265.246048623 
 11/09  17:00:00,5982323.787738715 
 11/09  18:00:00,6178478.206244542 
 11/09  19:00:00,6003157.578669778 
 11/09  20:00:00,5744859.630926121 
 11/09  21:00:00,7539628.559833173 
 11/09  22:00:00,7728609.088794472 
 11/09  23:00:00,8117518.1189300185 
 11/09  24:00:00,8638200.398726074 
 11/10  01:00:00,6932983.010629172 
 11/10  02:00:00,6664868.173731224 
 11/10  03:00:00,6836586.557338444 
 11/10  04:00:00,7151721.712610209 
 11/10  05:00:00,7387995.257020651 
 11/10  06:00:00,7418410.156154776 
 11/10  07:00:00,7373598.229018127 
 11/10  08:00:00,7812241.64927033 
 11/10  09:00:00,9862001.9753553 
 11/10  10:00:00,9498380.30441766 
 11/10  11:00:00,9002670.317830177 
 11/10  12:00:00,8112577.182938335 
 11/10  13:00:00,7324438.4382972745 
 11/10  14:00:00,7010787.119948035 
 11/10  15:00:00,4738159.789086494 
 11/10  16:00:00,4183703.0028500357 
 11/10  17:00:00,6495515.106560272 
 11/10  18:00:00,6614035.89727477 
 11/10  19:00:00,6624629.825108789 
 11/10  20:00:00,6817823.073537676 
 11/10  21:00:00,9030125.941323739 
 11/10  22:00:00,9496121.246679476 
 11/10  23:00:00,10194834.025065338 
 11/10  24:00:00,11210262.304352334 
 11/11  01:00:00,10384871.003156928 
 11/11  02:00:00,10798769.136161076 
 11/11  03:00:00,11169949.657580238 
 11/11  04:00:00,11588825.564521572 
 11/11  05:00:00,12045679.531631041 
 11/11  06:00:00,12314825.936340732 
 11/11  07:00:00,12498412.280960096 
 11/11  08:00:00,12920969.260742113 
 11/11  09:00:00,14696649.319026649 
 11/11  10:00:00,13550382.16178424 
 11/11  11:00:00,12085338.652580006 
 11/11  12:00:00,10013408.634821303 
 11/11  13:00:00,8215728.743718674 
 11/11  14:00:00,7427468.817573718 
 11/11  15:00:00,6541171.721084623 
 11/11  16:00:00,5756644.1860373905 
 11/11  17:00:00,5354637.099150937 
 11/11  18:00:00,5278879.862024316 
 11/11  19:00:00,6029915.46958146 
 11/11  20:00:00,6993032.484865145 
 11/11  21:00:00,7618441.667170549 
 11/11  22:00:00,8170435.656729363 
 11/11  23:00:00,8682102.428383289 
 11/11  24:00:00,8026278.663317064 
 11/12  01:00:00,7225970.082769485 
 11/12  02:00:00,7710057.443786359 
 11/12  03:00:00,8029609.146053247 
 11/12  04:00:00,8084494.734961083 
 11/12  05:00:00,8141864.270467071 
 11/12  06:00:00,8090598.295186891 
 11/12  07:00:00,8156430.878564079 
 11/12  08:00:00,8859827.124165654 
 11/12  09:00:00,11127419.391028348 
 11/12  10:00:00,10682792.777617339 
 11/12  11:00:00,10105459.930792592 
 11/12  12:00:00,8657470.781303672 
 11/12  13:00:00,7396953.847595297 
 11/12  14:00:00,7029987.047883663 
 11/12  15:00:00,4508209.608147181 
 11/12  16:00:00,3359769.3390910747 
 11/12  17:00:00,4934325.511490703 
 11/12  18:00:00,4630827.038408516 
 11/12  19:00:00,4862238.989245128 
 11/12  20:00:00,5287127.599136628 
 11/12  21:00:00,7548670.496410446 
 11/12  22:00:00,8204269.031647852 
 11/12  23:00:00,8479169.573002432 
 11/12  24:00:00,8824167.67611654 
 11/13  01:00:00,7265222.156616973 
 11/13  02:00:00,7023916.987547142 
 11/13  03:00:00,7235865.150479724 
 11/13  04:00:00,7650370.604895227 
 11/13  05:00:00,7725473.641475772 
 11/13  06:00:00,7489332.567542453 
 11/13  07:00:00,7655741.40597987 
 11/13  08:00:00,7890971.531167218 
 11/13  09:00:00,7833145.692158458 
 11/13  10:00:00,9892470.312437385 
 11/13  11:00:00,9619993.072640091 
 11/13  12:00:00,8179928.153229219 
 11/13  13:00:00,7997648.518803228 
 11/13  14:00:00,8291936.3491119435 
 11/13  15:00:00,8120163.815794875 
 11/13  16:00:00,5834359.492567423 
 11/13  17:00:00,5065765.738849676 
 11/13  18:00:00,4968507.925554698 
 11/13  19:00:00,5850444.632068012 
 11/13  20:00:00,8449552.249881508 
 11/13  21:00:00,8734706.053693471 
 11/13  22:00:00,6750648.040310325 
 11/13  23:00:00,6563415.47798487 
 11/13  24:00:00,6912940.142689203 
 11/14  01:00:00,6895612.620276824 
 11/14  02:00:00,6929633.845769502 
 11/14  03:00:00,7057559.902568089 
 11/14  04:00:00,7235858.861795648 
 11/14  05:00:00,7361839.736705612 
 11/14  06:00:00,7328283.695689434 
 11/14  07:00:00,7407607.591824156 
 11/14  08:00:00,7485341.960475704 
 11/14  09:00:00,7425454.281162968 
 11/14  10:00:00,9361017.96986618 
 11/14  11:00:00,7385230.330061313 
 11/14  12:00:00,6319119.4583953135 
 11/14  13:00:00,6032792.534480732 
 11/14  14:00:00,5970775.218825791 
 11/14  15:00:00,5789876.428475086 
 11/14  16:00:00,7137528.951264823 
 11/14  17:00:00,5769977.282849039 
 11/14  18:00:00,5306408.522512282 
 11/14  19:00:00,5493359.336907631 
 11/14  20:00:00,5588164.9461286375 
 11/14  21:00:00,5554581.624945164 
 11/14  22:00:00,5768243.767224957 
 11/14  23:00:00,6435371.235929511 
 11/14  24:00:00,7035241.323307686 
 11/15  01:00:00,7470079.797584361 
 11/15  02:00:00,8648109.848723618 
 11/15  03:00:00,8100192.636087466 
 11/15  04:00:00,8503752.04402017 
 11/15  05:00:00,9029900.2419126 
 11/15  06:00:00,9554451.39614516 
 11/15  07:00:00,10017644.00658857 
 11/15  08:00:00,11000800.63560327 
 11/15  09:00:00,13437872.020709954 
 11/15  10:00:00,12852123.84422936 
 11/15  11:00:00,11869218.470751772 
 11/15  12:00:00,10441992.100358387 
 11/15  13:00:00,9134297.566076558 
 11/15  14:00:00,8550111.524191396 
 11/15  15:00:00,8168758.800438298 
 11/15  16:00:00,7815829.085491023 
 11/15  17:00:00,7665384.112949838 
 11/15  18:00:00,7767703.829706964 
 11/15  19:00:00,8482172.627520483 
 11/15  20:00:00,9468059.612679632 
 11/15  21:00:00,10195094.789225169 
 11/15  22:00:00,10990694.93590992 
 11/15  23:00:00,11782926.149136143 
 11/15  24:00:00,11110985.750273082 
 11/16  01:00:00,10197142.195264079 
 11/16  02:00:00,10504951.97902619 
 11/16  03:00:00,10960443.859102832 
 11/16  04:00:00,11647028.376081461 
 11/16  05:00:00,12098827.459924355 
 11/16  06:00:00,12155639.439980123 
 11/16  07:00:00,12036215.616579663 
 11/16  08:00:00,12563143.478176046 
 11/16  09:00:00,14818992.268209219 
 11/16  10:00:00,14081790.802904777 
 11/16  11:00:00,13100415.027971938 
 11/16  12:00:00,11277681.674151368 
 11/16  13:00:00,9494491.90790264 
 11/16  14:00:00,8872635.990125442 
 11/16  15:00:00,6531446.951913066 
 11/16  16:00:00,5669737.391468769 
 11/16  17:00:00,7743736.702020224 
 11/16  18:00:00,7839603.605122611 
 11/16  19:00:00,7881135.764925872 
 11/16  20:00:00,7824711.695863421 
 11/16  21:00:00,9855508.626919296 
 11/16  22:00:00,10569647.997753328 
 11/16  23:00:00,11400164.11750873 
 11/16  24:00:00,12186599.852740806 
 11/17  01:00:00,10734385.525429077 
 11/17  02:00:00,10517885.674884768 
 11/17  03:00:00,10327580.920925912 
 11/17  04:00:00,9860310.58375552 
 11/17  05:00:00,9216974.314868335 
 11/17  06:00:00,8836564.892780654 
 11/17  07:00:00,8829783.856497735 
 11/17  08:00:00,9289375.067202846 
 11/17  09:00:00,11329277.28976704 
 11/17  10:00:00,11146968.560231932 
 11/17  11:00:00,10971067.933954353 
 11/17  12:00:00,10635616.893718941 
 11/17  13:00:00,10268547.19156202 
 11/17  14:00:00,10082533.610965483 
 11/17  15:00:00,7769116.184582443 
 11/17  16:00:00,6684622.150683474 
 11/17  17:00:00,8468006.026653897 
 11/17  18:00:00,8162291.448616053 
 11/17  19:00:00,7905609.12706086 
 11/17  20:00:00,8273394.110921949 
 11/17  21:00:00,10406213.151180051 
 11/17  22:00:00,10511326.433075946 
 11/17  23:00:00,11256038.60949944 
 11/17  24:00:00,12062429.727354381 
 11/18  01:00:00,10695638.496229004 
 11/18  02:00:00,10603868.214704119 
 11/18  03:00:00,10495801.874969296 
 11/18  04:00:00,10782143.370538963 
 11/18  05:00:00,11294280.589220539 
 11/18  06:00:00,11588096.643329555 
 11/18  07:00:00,11553922.382206814 
 11/18  08:00:00,11663919.811843768 
 11/18  09:00:00,13589586.008043801 
 11/18  10:00:00,12875478.27239194 
 11/18  11:00:00,11738185.544690877 
 11/18  12:00:00,10176285.337338932 
 11/18  13:00:00,8885859.274037242 
 11/18  14:00:00,8358866.308061016 
 11/18  15:00:00,5983487.981025246 
 11/18  16:00:00,5119307.624852273 
 11/18  17:00:00,7156347.569181445 
 11/18  18:00:00,7293545.580493934 
 11/18  19:00:00,7494144.689557266 
 11/18  20:00:00,7249363.175063776 
 11/18  21:00:00,8973055.498214021 
 11/18  22:00:00,9357892.647658203 
 11/18  23:00:00,10218425.177388772 
 11/18  24:00:00,11161232.878536163 
 11/19  01:00:00,9774184.927916106 
 11/19  02:00:00,9828954.121175464 
 11/19  03:00:00,10324339.627605585 
 11/19  04:00:00,10972483.251462184 
 11/19  05:00:00,11073536.213475188 
 11/19  06:00:00,10990795.915782332 
 11/19  07:00:00,10929977.966126187 
 11/19  08:00:00,11067883.862269128 
 11/19  09:00:00,12839226.507520424 
 11/19  10:00:00,12739678.989652654 
 11/19  11:00:00,12564221.011077832 
 11/19  12:00:00,11465687.663920766 
 11/19  13:00:00,10573369.289712299 
 11/19  14:00:00,10197938.059034485 
 11/19  15:00:00,7763810.064288019 
 11/19  16:00:00,6759795.678118442 
 11/19  17:00:00,8653433.496635266 
 11/19  18:00:00,8489426.904270846 
 11/19  19:00:00,8015062.212221919 
 11/19  20:00:00,7654505.729680375 
 11/19  21:00:00,9396850.612877877 
 11/19  22:00:00,9584652.73570735 
 11/19  23:00:00,9905937.61295375 
 11/19  24:00:00,10325243.044200264 
 11/20  01:00:00,8610859.384196702 
 11/20  02:00:00,8358541.434125438 
 11/20  03:00:00,8282716.701839579 
 11/20  04:00:00,8139458.044255412 
 11/20  05:00:00,7950166.624114903 
 11/20  06:00:00,7734838.224872903 
 11/20  07:00:00,7618746.949250214 
 11/20  08:00:00,7475916.3695736565 
 11/20  09:00:00,7366008.086284774 
 11/20  10:00:00,9759692.904975513 
 11/20  11:00:00,9797604.357211968 
 11/20  12:00:00,8336440.20236448 
 11/20  13:00:00,7811765.681925827 
 11/20  14:00:00,7724624.742360856 
 11/20  15:00:00,7273165.840595329 
 11/20  16:00:00,4927224.464491669 
 11/20  17:00:00,4304524.513148274 
 11/20  18:00:00,4359474.777781497 
 11/20  19:00:00,5533268.972685323 
 11/20  20:00:00,8390623.008695697 
 11/20  21:00:00,8863599.257241521 
 11/20  22:00:00,7272826.404377268 
 11/20  23:00:00,7342240.417332357 
 11/20  24:00:00,7732760.490661023 
 11/21  01:00:00,7878174.935531686 
 11/21  02:00:00,7962426.733585872 
 11/21  03:00:00,7965727.008827402 
 11/21  04:00:00,7978455.7147761155 
 11/21  05:00:00,8208811.449190088 
 11/21  06:00:00,8487158.128575018 
 11/21  07:00:00,8628172.854075497 
 11/21  08:00:00,8645737.405437917 
 11/21  09:00:00,8655299.195518283 
 11/21  10:00:00,10801716.443461835 
 11/21  11:00:00,8782622.074672483 
 11/21  12:00:00,6997636.795600043 
 11/21  13:00:00,5951531.436295989 
 11/21  14:00:00,5573161.524717963 
 11/21  15:00:00,6690940.859780472 
 11/21  16:00:00,6067025.130992319 
 11/21  17:00:00,5152524.219809823 
 11/21  18:00:00,5268407.961894746 
 11/21  19:00:00,5909645.364674901 
 11/21  20:00:00,6522233.261763965 
 11/21  21:00:00,6715729.111742719 
 11/21  22:00:00,6997580.2583439015 
 11/21  23:00:00,7428075.019998287 
 11/21  24:00:00,7654857.183263224 
 11/22  01:00:00,7670410.164468148 
 11/22  02:00:00,7848530.700252501 
 11/22  03:00:00,8178088.123512474 
 11/22  04:00:00,9050989.36822713 
 11/22  05:00:00,9226875.27930241 
 11/22  06:00:00,9570974.5364598 
 11/22  07:00:00,9516344.791110927 
 11/22  08:00:00,9766059.207893848 
 11/22  09:00:00,12032430.168417187 
 11/22  10:00:00,12018519.748414032 
 11/22  11:00:00,11462989.175595302 
 11/22  12:00:00,10235107.685793718 
 11/22  13:00:00,9103884.871162606 
 11/22  14:00:00,8653220.734421931 
 11/22  15:00:00,6343255.997178541 
 11/22  16:00:00,5789503.05451122 
 11/22  17:00:00,8049242.5699032 
 11/22  18:00:00,8053069.268863974 
 11/22  19:00:00,8106897.069729072 
 11/22  20:00:00,8350439.314762185 
 11/22  21:00:00,10423468.06768735 
 11/22  22:00:00,10834134.990257407 
 11/22  23:00:00,11321643.61955416 
 11/22  24:00:00,11381740.419757776 
 11/23  01:00:00,9513840.581986535 
 11/23  02:00:00,9443187.603882078 
 11/23  03:00:00,9567612.273413278 
 11/23  04:00:00,10097822.058622196 
 11/23  05:00:00,10702466.736596875 
 11/23  06:00:00,10513856.3226932 
 11/23  07:00:00,10225716.693420991 
 11/23  08:00:00,10798501.765299495 
 11/23  09:00:00,12986474.889774153 
 11/23  10:00:00,12868341.895499045 
 11/23  11:00:00,12446155.54733138 
 11/23  12:00:00,11031426.033605548 
 11/23  13:00:00,9709228.357700357 
 11/23  14:00:00,9020767.204182003 
 11/23  15:00:00,8376379.669270741 
 11/23  16:00:00,7835028.021530021 
 11/23  17:00:00,7584290.86493011 
 11/23  18:00:00,7801594.656534793 
 11/23  19:00:00,8812197.271018023 
 11/23  20:00:00,9878919.461446676 
 11/23  21:00:00,10292966.222563071 
 11/23  22:00:00,10343814.98189143 
 11/23  23:00:00,10475798.063858366 
 11/23  24:00:00,9704531.57256047 
 11/24  01:00:00,8899405.874824526 
 11/24  02:00:00,9326627.324329553 
 11/24  03:00:00,10072338.22439851 
 11/24  04:00:00,11036281.28994501 
 11/24  05:00:00,11918198.035226736 
 11/24  06:00:00,12435941.120039899 
 11/24  07:00:00,12671650.826596325 
 11/24  08:00:00,13328125.178671075 
 11/24  09:00:00,15520005.91749464 
 11/24  10:00:00,15011222.422619784 
 11/24  11:00:00,13914110.546656493 
 11/24  12:00:00,11853852.969145851 
 11/24  13:00:00,10104003.987842526 
 11/24  14:00:00,9404380.227102675 
 11/24  15:00:00,6879901.940495137 
 11/24  16:00:00,5982903.344328687 
 11/24  17:00:00,8017020.708118327 
 11/24  18:00:00,8123249.096208644 
 11/24  19:00:00,8132735.745551202 
 11/24  20:00:00,7659483.3278821055 
 11/24  21:00:00,9295976.988204204 
 11/24  22:00:00,10393088.803684255 
 11/24  23:00:00,12256324.368089652 
 11/24  24:00:00,13563471.3090425 
 11/25  01:00:00,12171889.122707523 
 11/25  02:00:00,12265954.619279386 
 11/25  03:00:00,12655613.186483938 
 11/25  04:00:00,13438557.696141569 
 11/25  05:00:00,14347891.511142135 
 11/25  06:00:00,14894414.174211394 
 11/25  07:00:00,15196228.635482075 
 11/25  08:00:00,15634727.567860601 
 11/25  09:00:00,17730392.58819388 
 11/25  10:00:00,17058813.28890391 
 11/25  11:00:00,15775577.870463641 
 11/25  12:00:00,13176937.311066413 
 11/25  13:00:00,10808120.586638432 
 11/25  14:00:00,9923711.121483818 
 11/25  15:00:00,7282117.006631294 
 11/25  16:00:00,6241367.638627825 
 11/25  17:00:00,8092020.423976777 
 11/25  18:00:00,8222845.847809232 
 11/25  19:00:00,8582496.726211922 
 11/25  20:00:00,9041050.883192029 
 11/25  21:00:00,11397377.95892182 
 11/25  22:00:00,11814826.70867627 
 11/25  23:00:00,12713280.435777657 
 11/25  24:00:00,13903605.111133663 
 11/26  01:00:00,13239545.680882994 
 11/26  02:00:00,11951246.564089209 
 11/26  03:00:00,11893887.120405046 
 11/26  04:00:00,12439559.017018076 
 11/26  05:00:00,13346958.919622635 
 11/26  06:00:00,14127064.027981274 
 11/26  07:00:00,14624635.212186301 
 11/26  08:00:00,15307041.29096359 
 11/26  09:00:00,17513191.754850287 
 11/26  10:00:00,16819965.346987993 
 11/26  11:00:00,15484856.569517527 
 11/26  12:00:00,13549790.308668831 
 11/26  13:00:00,11984568.290474704 
 11/26  14:00:00,11464572.478089282 
 11/26  15:00:00,9073065.729768593 
 11/26  16:00:00,8129141.916262999 
 11/26  17:00:00,10055131.20688765 
 11/26  18:00:00,10037862.925422315 
 11/26  19:00:00,10563939.370044097 
 11/26  20:00:00,11174639.378547752 
 11/26  21:00:00,13163277.57539572 
 11/26  22:00:00,13319569.79299704 
 11/26  23:00:00,13630798.453029905 
 11/26  24:00:00,13920968.706846863 
 11/27  01:00:00,12992815.713361042 
 11/27  02:00:00,12180891.991878873 
 11/27  03:00:00,12538859.723570378 
 11/27  04:00:00,13204980.16099804 
 11/27  05:00:00,14033734.373150058 
 11/27  06:00:00,14674808.840266833 
 11/27  07:00:00,15101992.987007163 
 11/27  08:00:00,15259877.67577649 
 11/27  09:00:00,15352630.991392288 
 11/27  10:00:00,17250515.691367466 
 11/27  11:00:00,16359195.175318407 
 11/27  12:00:00,13852112.574987223 
 11/27  13:00:00,12656755.511409525 
 11/27  14:00:00,12375516.797286224 
 11/27  15:00:00,11822137.054537311 
 11/27  16:00:00,9301636.077805022 
 11/27  17:00:00,8500626.49789587 
 11/27  18:00:00,8622203.014511742 
 11/27  19:00:00,9801658.407709887 
 11/27  20:00:00,12682099.222414682 
 11/27  21:00:00,13185047.267920647 
 11/27  22:00:00,11467426.742628254 
 11/27  23:00:00,11454577.653191062 
 11/27  24:00:00,11899390.131705927 
 11/28  01:00:00,12338923.221734717 
 11/28  02:00:00,12842139.400001213 
 11/28  03:00:00,13367396.364158858 
 11/28  04:00:00,13937977.344141874 
 11/28  05:00:00,14798225.626767902 
 11/28  06:00:00,15369699.204883367 
 11/28  07:00:00,15191178.89914947 
 11/28  08:00:00,14745882.36450784 
 11/28  09:00:00,14436395.01820516 
 11/28  10:00:00,16515971.633761846 
 11/28  11:00:00,14344641.032491298 
 11/28  12:00:00,11912242.005542174 
 11/28  13:00:00,10275259.353087198 
 11/28  14:00:00,9367981.78542232 
 11/28  15:00:00,9803435.69550413 
 11/28  16:00:00,8915585.431625508 
 11/28  17:00:00,7995298.314833172 
 11/28  18:00:00,8177517.827495193 
 11/28  19:00:00,9509424.21180253 
 11/28  20:00:00,10376386.919436023 
 11/28  21:00:00,10452527.687961463 
 11/28  22:00:00,11062601.288632806 
 11/28  23:00:00,12054002.418086877 
 11/28  24:00:00,12952294.127844058 
 11/29  01:00:00,13462178.726702554 
 11/29  02:00:00,13778776.351035248 
 11/29  03:00:00,14107245.699278124 
 11/29  04:00:00,15097938.188586587 
 11/29  05:00:00,15085223.535575204 
 11/29  06:00:00,15424055.590712836 
 11/29  07:00:00,16106098.004263029 
 11/29  08:00:00,16781851.463827476 
 11/29  09:00:00,18490320.083172955 
 11/29  10:00:00,17820826.255313538 
 11/29  11:00:00,17146854.297857646 
 11/29  12:00:00,15973225.454093646 
 11/29  13:00:00,14921078.091791661 
 11/29  14:00:00,14607740.202782955 
 11/29  15:00:00,12475315.943383023 
 11/29  16:00:00,11905763.874011297 
 11/29  17:00:00,14199043.577306133 
 11/29  18:00:00,14226366.583399544 
 11/29  19:00:00,13627755.369957209 
 11/29  20:00:00,13026670.88741146 
 11/29  21:00:00,14638664.219715541 
 11/29  22:00:00,14636321.403692879 
 11/29  23:00:00,14765898.92448977 
 11/29  24:00:00,14760021.676435519 
 11/30  01:00:00,12579356.824637208 
 11/30  02:00:00,11980722.18359977 
 11/30  03:00:00,11777177.829245117 
 11/30  04:00:00,11660654.641280312 
 11/30  05:00:00,11335775.98704682 
 11/30  06:00:00,10962403.038186748 
 11/30  07:00:00,10983785.57729819 
 11/30  08:00:00,11731543.732434595 
 11/30  09:00:00,13865849.531966247 
 11/30  10:00:00,13328785.499672962 
 11/30  11:00:00,12856923.298028303 
 11/30  12:00:00,12235685.03339516 
 11/30  13:00:00,11480893.282489382 
 11/30  14:00:00,11189426.029970922 
 11/30  15:00:00,9210090.4166648 
 11/30  16:00:00,9005885.238596272 
 11/30  17:00:00,11533665.674939696 
 11/30  18:00:00,11528567.6876795 
 11/30  19:00:00,11031089.035861375 
 11/30  20:00:00,9791486.39693782 
 11/30  21:00:00,9889902.004377404 
 11/30  22:00:00,9983343.025771093 
 11/30  23:00:00,10342412.259587467 
 11/30  24:00:00,10777452.77064923 
 12/01  01:00:00,11117835.326844199 
 12/01  02:00:00,11339575.647573326 
 12/01  03:00:00,11242225.493827986 
 12/01  04:00:00,11060112.356234392 
 12/01  05:00:00,11144547.473485824 
 12/01  06:00:00,11199843.331839137 
 12/01  07:00:00,11105662.700457862 
 12/01  08:00:00,11478707.984128125 
 12/01  09:00:00,13445669.495347535 
 12/01  10:00:00,13386862.37615029 
 12/01  11:00:00,13269463.625143323 
 12/01  12:00:00,12576144.748924468 
 12/01  13:00:00,11921922.450305065 
 12/01  14:00:00,11612238.96048888 
 12/01  15:00:00,9305815.405817578 
 12/01  16:00:00,8601082.227154188 
 12/01  17:00:00,10929202.360984752 
 12/01  18:00:00,11058677.767830614 
 12/01  19:00:00,10929246.342465144 
 12/01  20:00:00,10717027.219194856 
 12/01  21:00:00,12411118.222538298 
 12/01  22:00:00,12620208.651933765 
 12/01  23:00:00,13123565.07728532 
 12/01  24:00:00,13472501.101441633 
 12/02  01:00:00,11542140.915190475 
 12/02  02:00:00,11317844.378811782 
 12/02  03:00:00,11393169.029964432 
 12/02  04:00:00,11437383.993891653 
 12/02  05:00:00,11462954.287944453 
 12/02  06:00:00,11507289.828682352 
 12/02  07:00:00,11819019.036505574 
 12/02  08:00:00,12445759.581036156 
 12/02  09:00:00,14415249.916589642 
 12/02  10:00:00,14119141.607238285 
 12/02  11:00:00,13897929.073306268 
 12/02  12:00:00,12922146.009724429 
 12/02  13:00:00,11828600.91827825 
 12/02  14:00:00,11567979.277544644 
 12/02  15:00:00,9487277.779462004 
 12/02  16:00:00,9108793.228543326 
 12/02  17:00:00,11594823.612944804 
 12/02  18:00:00,11805824.583698224 
 12/02  19:00:00,11723038.296704456 
 12/02  20:00:00,11602942.9161407 
 12/02  21:00:00,13652696.705078995 
 12/02  22:00:00,14084470.820215708 
 12/02  23:00:00,14342850.211192476 
 12/02  24:00:00,14281075.888030175 
 12/03  01:00:00,12326546.304030923 
 12/03  02:00:00,12135337.585775048 
 12/03  03:00:00,12134694.015987817 
 12/03  04:00:00,12203381.036180334 
 12/03  05:00:00,12650043.895573583 
 12/03  06:00:00,12988002.440718854 
 12/03  07:00:00,13107277.50872051 
 12/03  08:00:00,13690937.30539008 
 12/03  09:00:00,16040444.82149718 
 12/03  10:00:00,16025412.721364483 
 12/03  11:00:00,15653342.63713801 
 12/03  12:00:00,14601237.654911568 
 12/03  13:00:00,13556078.385400087 
 12/03  14:00:00,13190842.812443035 
 12/03  15:00:00,10903848.190105127 
 12/03  16:00:00,10072634.115700306 
 12/03  17:00:00,12045365.045352004 
 12/03  18:00:00,12088536.615899988 
 12/03  19:00:00,12567294.707114747 
 12/03  20:00:00,13075032.401017146 
 12/03  21:00:00,15016126.388633737 
 12/03  22:00:00,15114234.431039777 
 12/03  23:00:00,15398648.780443987 
 12/03  24:00:00,15962875.602872062 
 12/04  01:00:00,15290995.898684315 
 12/04  02:00:00,14364751.516017549 
 12/04  03:00:00,14544656.65445656 
 12/04  04:00:00,15161942.835189048 
 12/04  05:00:00,16093298.81400113 
 12/04  06:00:00,16540043.016238214 
 12/04  07:00:00,16571049.32524858 
 12/04  08:00:00,16911870.046357907 
 12/04  09:00:00,17160251.022393644 
 12/04  10:00:00,19020803.125410065 
 12/04  11:00:00,18125555.315661646 
 12/04  12:00:00,15902242.129236503 
 12/04  13:00:00,15103510.060092492 
 12/04  14:00:00,14909463.188394953 
 12/04  15:00:00,14401292.678163283 
 12/04  16:00:00,11872809.596349584 
 12/04  17:00:00,10953122.538250647 
 12/04  18:00:00,10625362.78974365 
 12/04  19:00:00,12022884.698986655 
 12/04  20:00:00,14940470.90245855 
 12/04  21:00:00,14657299.429765865 
 12/04  22:00:00,12334406.671921419 
 12/04  23:00:00,11907974.946947448 
 12/04  24:00:00,12226709.92451042 
 12/05  01:00:00,12417903.100809634 
 12/05  02:00:00,12504532.061657425 
 12/05  03:00:00,12473315.140214546 
 12/05  04:00:00,12453503.369037058 
 12/05  05:00:00,12477359.057358086 
 12/05  06:00:00,12486841.19055653 
 12/05  07:00:00,12355760.239265272 
 12/05  08:00:00,12007696.278226009 
 12/05  09:00:00,12036372.132872231 
 12/05  10:00:00,14322546.108194802 
 12/05  11:00:00,12341356.980313724 
 12/05  12:00:00,10956878.748038819 
 12/05  13:00:00,10417418.419443648 
 12/05  14:00:00,10018840.332710855 
 12/05  15:00:00,9727673.61879534 
 12/05  16:00:00,11020507.900376152 
 12/05  17:00:00,9304101.497135885 
 12/05  18:00:00,8575483.072583813 
 12/05  19:00:00,8585514.76715102 
 12/05  20:00:00,8513503.78263871 
 12/05  21:00:00,8214912.822955286 
 12/05  22:00:00,7878001.684555477 
 12/05  23:00:00,7671433.213235546 
 12/05  24:00:00,7386742.382092404 
 12/06  01:00:00,6898311.570243109 
 12/06  02:00:00,7227835.441178674 
 12/06  03:00:00,6073349.215256617 
 12/06  04:00:00,5773116.355951763 
 12/06  05:00:00,5159986.695420655 
 12/06  06:00:00,4597627.021128213 
 12/06  07:00:00,4375893.209709707 
 12/06  08:00:00,4683193.453723593 
 12/06  09:00:00,6662176.961825681 
 12/06  10:00:00,6472546.603313539 
 12/06  11:00:00,6231187.707263638 
 12/06  12:00:00,5512061.339989393 
 12/06  13:00:00,4879416.676932678 
 12/06  14:00:00,4481944.6419143 
 12/06  15:00:00,4351190.197480911 
 12/06  16:00:00,4421716.038786391 
 12/06  17:00:00,4462638.045495445 
 12/06  18:00:00,4558663.171138709 
 12/06  19:00:00,5048705.434545568 
 12/06  20:00:00,5556815.692951989 
 12/06  21:00:00,5620249.317467489 
 12/06  22:00:00,5568184.096775676 
 12/06  23:00:00,5802333.103271049 
 12/06  24:00:00,4856101.999071216 
 12/07  01:00:00,3696453.4702940653 
 12/07  02:00:00,3699518.6129447166 
 12/07  03:00:00,3607248.475016895 
 12/07  04:00:00,3596705.371910731 
 12/07  05:00:00,3660868.4259457346 
 12/07  06:00:00,3645388.4892435162 
 12/07  07:00:00,3597952.603148819 
 12/07  08:00:00,3975860.654019732 
 12/07  09:00:00,5974874.809024273 
 12/07  10:00:00,5973682.623103216 
 12/07  11:00:00,6049470.988985229 
 12/07  12:00:00,6144038.513472436 
 12/07  13:00:00,6161012.899337475 
 12/07  14:00:00,6130517.5126988245 
 12/07  15:00:00,4181079.619210589 
 12/07  16:00:00,3733667.7738342974 
 12/07  17:00:00,6050507.886153601 
 12/07  18:00:00,5939258.484735031 
 12/07  19:00:00,5102854.218691167 
 12/07  20:00:00,4319875.51323022 
 12/07  21:00:00,5950230.276102547 
 12/07  22:00:00,6060897.190568119 
 12/07  23:00:00,6067577.911297614 
 12/07  24:00:00,5890651.005527829 
 12/08  01:00:00,3777428.399735918 
 12/08  02:00:00,3426187.035008024 
 12/08  03:00:00,3360573.7483990667 
 12/08  04:00:00,3288578.537965096 
 12/08  05:00:00,3648171.0699331677 
 12/08  06:00:00,4040986.5484518325 
 12/08  07:00:00,4075308.9246428465 
 12/08  08:00:00,4473197.111567251 
 12/08  09:00:00,6604303.892039158 
 12/08  10:00:00,6566294.985841002 
 12/08  11:00:00,6385999.381817496 
 12/08  12:00:00,5944639.186955892 
 12/08  13:00:00,5574447.082351174 
 12/08  14:00:00,5338056.692773785 
 12/08  15:00:00,3036756.054640934 
 12/08  16:00:00,2570223.329692916 
 12/08  17:00:00,5089411.154244872 
 12/08  18:00:00,5271240.259541127 
 12/08  19:00:00,4769411.464763448 
 12/08  20:00:00,4245174.521957631 
 12/08  21:00:00,6019019.341868411 
 12/08  22:00:00,6319468.771149868 
 12/08  23:00:00,6558634.266021371 
 12/08  24:00:00,6723623.289618048 
 12/09  01:00:00,5614583.693447529 
 12/09  02:00:00,4450613.750558457 
 12/09  03:00:00,4465428.467744981 
 12/09  04:00:00,4630295.403218555 
 12/09  05:00:00,4856978.62621489 
 12/09  06:00:00,4881105.492310102 
 12/09  07:00:00,4851127.694744563 
 12/09  08:00:00,5154986.991943614 
 12/09  09:00:00,7195283.111830638 
 12/09  10:00:00,7358285.443906872 
 12/09  11:00:00,7068601.016477568 
 12/09  12:00:00,6218555.119665658 
 12/09  13:00:00,5555452.034030057 
 12/09  14:00:00,5366677.336194319 
 12/09  15:00:00,3338842.6781054433 
 12/09  16:00:00,2716242.9672833695 
 12/09  17:00:00,4962198.15613017 
 12/09  18:00:00,4966742.150069723 
 12/09  19:00:00,4972305.319423597 
 12/09  20:00:00,4976761.069288241 
 12/09  21:00:00,6740500.673172655 
 12/09  22:00:00,6953813.107235104 
 12/09  23:00:00,7361508.548549475 
 12/09  24:00:00,7715741.938909136 
 12/10  01:00:00,5921289.604087047 
 12/10  02:00:00,5765066.294364234 
 12/10  03:00:00,6050854.497108514 
 12/10  04:00:00,6397495.556982623 
 12/10  05:00:00,6508816.774126099 
 12/10  06:00:00,6533615.069872304 
 12/10  07:00:00,6738066.644597158 
 12/10  08:00:00,7364876.493323924 
 12/10  09:00:00,9518269.134337878 
 12/10  10:00:00,9509412.84167579 
 12/10  11:00:00,9239327.905379152 
 12/10  12:00:00,7713290.345756236 
 12/10  13:00:00,6337023.122871687 
 12/10  14:00:00,5860726.457888727 
 12/10  15:00:00,3286575.5840608394 
 12/10  16:00:00,2201744.529964705 
 12/10  17:00:00,4130911.8045462845 
 12/10  18:00:00,4172894.2550320425 
 12/10  19:00:00,4008018.044415962 
 12/10  20:00:00,3592163.0468645603 
 12/10  21:00:00,4415990.677047695 
 12/10  22:00:00,4904073.405325632 
 12/10  23:00:00,5428031.408755016 
 12/10  24:00:00,6033561.892949268 
 12/11  01:00:00,6669699.0619990975 
 12/11  02:00:00,7223177.680067361 
 12/11  03:00:00,7584469.985822701 
 12/11  04:00:00,7886840.6486644 
 12/11  05:00:00,8193176.484216679 
 12/11  06:00:00,8226492.224576763 
 12/11  07:00:00,8073161.5956073925 
 12/11  08:00:00,7975529.934372062 
 12/11  09:00:00,8044103.419860096 
 12/11  10:00:00,10349568.465885285 
 12/11  11:00:00,10199046.323162468 
 12/11  12:00:00,8243925.122286052 
 12/11  13:00:00,7383307.278150436 
 12/11  14:00:00,7243443.779169691 
 12/11  15:00:00,6712287.763301818 
 12/11  16:00:00,4207537.813913992 
 12/11  17:00:00,3667261.8902539248 
 12/11  18:00:00,3940269.8724265276 
 12/11  19:00:00,4874289.021739826 
 12/11  20:00:00,7163806.871063465 
 12/11  21:00:00,7216667.671062059 
 12/11  22:00:00,5481914.8088360885 
 12/11  23:00:00,6225594.785705771 
 12/11  24:00:00,7398423.72907738 
 12/12  01:00:00,7867856.567144508 
 12/12  02:00:00,8070013.0709997285 
 12/12  03:00:00,8309317.199484492 
 12/12  04:00:00,8704590.436289271 
 12/12  05:00:00,9208589.468050322 
 12/12  06:00:00,9736677.917661682 
 12/12  07:00:00,10056330.64268644 
 12/12  08:00:00,10414143.597949794 
 12/12  09:00:00,10752833.624565873 
 12/12  10:00:00,13093454.977018906 
 12/12  11:00:00,11033352.200787026 
 12/12  12:00:00,8854908.674192313 
 12/12  13:00:00,7589289.336881358 
 12/12  14:00:00,6907816.610088661 
 12/12  15:00:00,7300286.18432735 
 12/12  16:00:00,6046236.503510863 
 12/12  17:00:00,4673347.520726316 
 12/12  18:00:00,4730630.302786682 
 12/12  19:00:00,5624228.328182261 
 12/12  20:00:00,5649142.813217645 
 12/12  21:00:00,5234281.545681166 
 12/12  22:00:00,5781496.832403212 
 12/12  23:00:00,6727538.302959223 
 12/12  24:00:00,7530946.65552496 
 12/13  01:00:00,7821619.414824934 
 12/13  02:00:00,7781458.580510436 
 12/13  03:00:00,7851856.439103672 
 12/13  04:00:00,8490366.909332365 
 12/13  05:00:00,8234521.3838819545 
 12/13  06:00:00,8349284.337867063 
 12/13  07:00:00,8451335.324145215 
 12/13  08:00:00,8890004.007756323 
 12/13  09:00:00,10761731.220988123 
 12/13  10:00:00,10427054.84626 
 12/13  11:00:00,10071520.238451533 
 12/13  12:00:00,8646563.490269966 
 12/13  13:00:00,7072071.017590923 
 12/13  14:00:00,6293209.726524065 
 12/13  15:00:00,3831262.688556683 
 12/13  16:00:00,2989859.6099921577 
 12/13  17:00:00,4985982.899797009 
 12/13  18:00:00,4872690.595899969 
 12/13  19:00:00,4331285.773719469 
 12/13  20:00:00,3851630.219454848 
 12/13  21:00:00,5682578.878192619 
 12/13  22:00:00,6212264.898536789 
 12/13  23:00:00,7231176.9968490405 
 12/13  24:00:00,8370355.473482998 
 12/14  01:00:00,7176161.756145826 
 12/14  02:00:00,6965436.078705594 
 12/14  03:00:00,7061241.101858315 
 12/14  04:00:00,7730786.261058441 
 12/14  05:00:00,8479215.577542624 
 12/14  06:00:00,8706503.04834995 
 12/14  07:00:00,8565758.328993753 
 12/14  08:00:00,8910558.747227488 
 12/14  09:00:00,11146128.069326252 
 12/14  10:00:00,11387650.98615518 
 12/14  11:00:00,11438815.922435332 
 12/14  12:00:00,10409592.421757093 
 12/14  13:00:00,9134673.803687258 
 12/14  14:00:00,8523760.831028096 
 12/14  15:00:00,6069363.369908661 
 12/14  16:00:00,5098041.544441713 
 12/14  17:00:00,7009032.999487423 
 12/14  18:00:00,7186928.485252857 
 12/14  19:00:00,8078873.2471663095 
 12/14  20:00:00,7954338.870529251 
 12/14  21:00:00,8334757.164896513 
 12/14  22:00:00,8801634.350291563 
 12/14  23:00:00,9888843.732752265 
 12/14  24:00:00,10986717.431037555 
 12/15  01:00:00,11568559.624549534 
 12/15  02:00:00,12054315.993695961 
 12/15  03:00:00,12393507.976835381 
 12/15  04:00:00,12702898.098623432 
 12/15  05:00:00,12915827.756524839 
 12/15  06:00:00,12858405.459712008 
 12/15  07:00:00,12782367.150431782 
 12/15  08:00:00,13047689.954389341 
 12/15  09:00:00,14921881.703346724 
 12/15  10:00:00,14577550.790811457 
 12/15  11:00:00,14135084.93076437 
 12/15  12:00:00,13306550.066252017 
 12/15  13:00:00,12450192.05008578 
 12/15  14:00:00,12115297.947839115 
 12/15  15:00:00,11919545.419821966 
 12/15  16:00:00,11772454.129394349 
 12/15  17:00:00,11750203.283498729 
 12/15  18:00:00,11999197.115694214 
 12/15  19:00:00,12927250.458466604 
 12/15  20:00:00,13787672.903801685 
 12/15  21:00:00,14222242.879024766 
 12/15  22:00:00,14690652.099814694 
 12/15  23:00:00,15539716.376439 
 12/15  24:00:00,15239493.586660938 
 12/16  01:00:00,14457611.733300216 
 12/16  02:00:00,14755897.911470812 
 12/16  03:00:00,15224841.800214771 
 12/16  04:00:00,15648644.86521132 
 12/16  05:00:00,15910084.885867009 
 12/16  06:00:00,16201078.406271115 
 12/16  07:00:00,16710349.840794684 
 12/16  08:00:00,17507407.125453573 
 12/16  09:00:00,19668264.91788498 
 12/16  10:00:00,19204940.12308901 
 12/16  11:00:00,18037504.58581093 
 12/16  12:00:00,16154303.60071306 
 12/16  13:00:00,14759449.886207815 
 12/16  14:00:00,14244727.914310591 
 12/16  15:00:00,11828187.462272681 
 12/16  16:00:00,10870910.075627971 
 12/16  17:00:00,12683899.006252091 
 12/16  18:00:00,12489141.958173227 
 12/16  19:00:00,12055407.807656255 
 12/16  20:00:00,11283349.835989263 
 12/16  21:00:00,12291138.39358371 
 12/16  22:00:00,13263249.718440728 
 12/16  23:00:00,14229251.92910968 
 12/16  24:00:00,14914595.362341926 
 12/17  01:00:00,15268392.579047225 
 12/17  02:00:00,15541538.350621335 
 12/17  03:00:00,15769988.927006552 
 12/17  04:00:00,16440122.32424178 
 12/17  05:00:00,17281919.748472564 
 12/17  06:00:00,17339443.30485254 
 12/17  07:00:00,17251349.30992546 
 12/17  08:00:00,17981843.787367355 
 12/17  09:00:00,20265976.537264794 
 12/17  10:00:00,20064340.344342038 
 12/17  11:00:00,19254650.688037254 
 12/17  12:00:00,17077839.991004754 
 12/17  13:00:00,15205720.210041981 
 12/17  14:00:00,14411849.041537656 
 12/17  15:00:00,11589084.326495841 
 12/17  16:00:00,10059006.77241306 
 12/17  17:00:00,11626325.502359433 
 12/17  18:00:00,12061236.56443319 
 12/17  19:00:00,13246935.11158175 
 12/17  20:00:00,13544321.289260708 
 12/17  21:00:00,14729525.246027866 
 12/17  22:00:00,14633422.419253381 
 12/17  23:00:00,15622907.747526024 
 12/17  24:00:00,16947631.78460895 
 12/18  01:00:00,15259432.464817202 
 12/18  02:00:00,14515085.920160837 
 12/18  03:00:00,14425375.506505573 
 12/18  04:00:00,15069722.057312995 
 12/18  05:00:00,15531787.041046932 
 12/18  06:00:00,15437688.43007601 
 12/18  07:00:00,15373340.64803784 
 12/18  08:00:00,15523695.25251234 
 12/18  09:00:00,15922762.503726143 
 12/18  10:00:00,18380985.249183565 
 12/18  11:00:00,17692075.180658653 
 12/18  12:00:00,14824621.801052438 
 12/18  13:00:00,13244449.71540413 
 12/18  14:00:00,12835466.197747337 
 12/18  15:00:00,12444006.739506448 
 12/18  16:00:00,10014236.776401153 
 12/18  17:00:00,9338097.728778796 
 12/18  18:00:00,9287165.380977962 
 12/18  19:00:00,10074380.61797278 
 12/18  20:00:00,12213765.21028827 
 12/18  21:00:00,12272930.819597108 
 12/18  22:00:00,10426415.646410838 
 12/18  23:00:00,10162254.730696699 
 12/18  24:00:00,10450711.43735395 
 12/19  01:00:00,10473872.068043899 
 12/19  02:00:00,10419544.83330374 
 12/19  03:00:00,10288462.05225788 
 12/19  04:00:00,10258338.703828868 
 12/19  05:00:00,10240837.384132722 
 12/19  06:00:00,10076653.586821789 
 12/19  07:00:00,10002442.979457455 
 12/19  08:00:00,9988723.183929903 
 12/19  09:00:00,10028442.564057268 
 12/19  10:00:00,12435347.690044478 
 12/19  11:00:00,10793182.441076038 
 12/19  12:00:00,9129032.137413178 
 12/19  13:00:00,8087748.073937018 
 12/19  14:00:00,7456431.466924762 
 12/19  15:00:00,8043103.458657579 
 12/19  16:00:00,7024503.11917523 
 12/19  17:00:00,5917257.616409468 
 12/19  18:00:00,6232816.336641556 
 12/19  19:00:00,7386139.4051336115 
 12/19  20:00:00,8434684.8549023 
 12/19  21:00:00,8985495.075301278 
 12/19  22:00:00,9526767.686006924 
 12/19  23:00:00,10255121.295826145 
 12/19  24:00:00,10814346.129983608 
 12/20  01:00:00,11152510.198541546 
 12/20  02:00:00,11598338.997992901 
 12/20  03:00:00,11724076.279515514 
 12/20  04:00:00,11512236.533080105 
 12/20  05:00:00,11401543.429509476 
 12/20  06:00:00,11668515.143584056 
 12/20  07:00:00,11679149.227752242 
 12/20  08:00:00,11917399.850728897 
 12/20  09:00:00,13860544.146918394 
 12/20  10:00:00,13550796.960893841 
 12/20  11:00:00,13114360.311177082 
 12/20  12:00:00,12068297.044599166 
 12/20  13:00:00,11146862.48661746 
 12/20  14:00:00,10821765.594205886 
 12/20  15:00:00,10544713.303809274 
 12/20  16:00:00,10223165.10599507 
 12/20  17:00:00,9879197.80794544 
 12/20  18:00:00,9734820.709631165 
 12/20  19:00:00,10236158.53720448 
 12/20  20:00:00,10574746.34976598 
 12/20  21:00:00,10902913.42418947 
 12/20  22:00:00,11415409.966056388 
 12/20  23:00:00,11895615.560229301 
 12/20  24:00:00,10839881.57349218 
 12/21  01:00:00,9416993.272991825 
 12/21  02:00:00,9280971.430934273 
 12/21  03:00:00,9136608.616205612 
 12/21  04:00:00,9103878.019542221 
 12/21  05:00:00,8962857.195726993 
 12/21  06:00:00,8830926.474747205 
 12/21  07:00:00,8715327.92854039 
 12/21  08:00:00,8947805.368513895 
 12/21  09:00:00,10599886.309509128 
 12/21  10:00:00,10196519.494801871 
 12/21  11:00:00,9710695.12538779 
 12/21  12:00:00,8794048.2152435 
 12/21  13:00:00,8035068.005442697 
 12/21  14:00:00,7584072.358654671 
 12/21  15:00:00,5324489.798128175 
 12/21  16:00:00,4769804.4239603905 
 12/21  17:00:00,7021644.622077062 
 12/21  18:00:00,7023365.161123694 
 12/21  19:00:00,6487543.903915802 
 12/21  20:00:00,5875296.064847317 
 12/21  21:00:00,7470935.316062919 
 12/21  22:00:00,7494551.863739994 
 12/21  23:00:00,7709870.275788817 
 12/21  24:00:00,7885575.088828481 
 12/22  01:00:00,6672280.084208721 
 12/22  02:00:00,5333301.730539561 
 12/22  03:00:00,5192368.015602971 
 12/22  04:00:00,5278485.869847804 
 12/22  05:00:00,5428749.77076112 
 12/22  06:00:00,5523005.868645389 
 12/22  07:00:00,5440916.771635054 
 12/22  08:00:00,5702961.582426071 
 12/22  09:00:00,7873307.043144958 
 12/22  10:00:00,8350598.214017316 
 12/22  11:00:00,8468417.021304835 
 12/22  12:00:00,7982143.00336401 
 12/22  13:00:00,7618398.3721123 
 12/22  14:00:00,7537261.716655354 
 12/22  15:00:00,5562670.6392449485 
 12/22  16:00:00,5244240.869516049 
 12/22  17:00:00,7899022.58329752 
 12/22  18:00:00,8046069.374620222 
 12/22  19:00:00,7412812.325283285 
 12/22  20:00:00,6828859.421505893 
 12/22  21:00:00,8509330.912145521 
 12/22  22:00:00,8553842.02406705 
 12/22  23:00:00,8684392.815058704 
 12/22  24:00:00,9170322.98716911 
 12/23  01:00:00,7494674.068391949 
 12/23  02:00:00,7089445.523534639 
 12/23  03:00:00,7023742.3239584835 
 12/23  04:00:00,7199682.630313244 
 12/23  05:00:00,7595939.01183646 
 12/23  06:00:00,7787668.930540737 
 12/23  07:00:00,7917877.5772425 
 12/23  08:00:00,8409657.086926717 
 12/23  09:00:00,10491390.79428827 
 12/23  10:00:00,10784694.684952384 
 12/23  11:00:00,10706453.400260404 
 12/23  12:00:00,10263855.359773172 
 12/23  13:00:00,9909070.265476564 
 12/23  14:00:00,9651217.79974283 
 12/23  15:00:00,7594627.772148723 
 12/23  16:00:00,7325120.570141196 
 12/23  17:00:00,9945600.170435026 
 12/23  18:00:00,10178663.924234517 
 12/23  19:00:00,9839823.0051004 
 12/23  20:00:00,9475681.813151583 
 12/23  21:00:00,11322090.926902147 
 12/23  22:00:00,11591673.806779275 
 12/23  23:00:00,12090180.092440499 
 12/23  24:00:00,12607908.213587862 
 12/24  01:00:00,11660397.877608232 
 12/24  02:00:00,10699946.211953634 
 12/24  03:00:00,10951466.708610423 
 12/24  04:00:00,11337652.697441176 
 12/24  05:00:00,11816134.22728051 
 12/24  06:00:00,11977013.92331975 
 12/24  07:00:00,12043059.271512315 
 12/24  08:00:00,12573878.406414177 
 12/24  09:00:00,14683867.221270867 
 12/24  10:00:00,14603244.183232252 
 12/24  11:00:00,14394405.000199605 
 12/24  12:00:00,13603135.468165781 
 12/24  13:00:00,12734613.064416457 
 12/24  14:00:00,12398191.392376956 
 12/24  15:00:00,10210061.43523099 
 12/24  16:00:00,9649007.505836379 
 12/24  17:00:00,11894305.408579273 
 12/24  18:00:00,11919207.840131335 
 12/24  19:00:00,12000250.607331151 
 12/24  20:00:00,12464834.164047204 
 12/24  21:00:00,14094167.014499586 
 12/24  22:00:00,13864686.364235003 
 12/24  23:00:00,14524522.700307587 
 12/24  24:00:00,14911537.627489788 
 12/25  01:00:00,13057089.605392473 
 12/25  02:00:00,12762483.71046313 
 12/25  03:00:00,12583551.731859893 
 12/25  04:00:00,12669303.929344373 
 12/25  05:00:00,13536919.328790907 
 12/25  06:00:00,14514127.585189177 
 12/25  07:00:00,14911839.281820964 
 12/25  08:00:00,15113590.22910168 
 12/25  09:00:00,15308204.092489714 
 12/25  10:00:00,17623988.8827291 
 12/25  11:00:00,16854726.855989963 
 12/25  12:00:00,14276304.99462375 
 12/25  13:00:00,13207581.5601479 
 12/25  14:00:00,12955244.188400932 
 12/25  15:00:00,12433126.698426634 
 12/25  16:00:00,10042475.94724355 
 12/25  17:00:00,9414360.046995541 
 12/25  18:00:00,9491130.973200567 
 12/25  19:00:00,10545136.932841329 
 12/25  20:00:00,13108332.465053469 
 12/25  21:00:00,13510822.699390616 
 12/25  22:00:00,12272135.159033433 
 12/25  23:00:00,13236880.000015587 
 12/25  24:00:00,14807372.122721361 
 12/26  01:00:00,15678500.787139386 
 12/26  02:00:00,16100217.07726488 
 12/26  03:00:00,16458445.013612522 
 12/26  04:00:00,16940283.464040745 
 12/26  05:00:00,17460613.438097857 
 12/26  06:00:00,17778922.586781643 
 12/26  07:00:00,18059357.485617362 
 12/26  08:00:00,18217381.558747552 
 12/26  09:00:00,18339058.049856585 
 12/26  10:00:00,20506206.122964233 
 12/26  11:00:00,17860563.60515435 
 12/26  12:00:00,14786882.164012974 
 12/26  13:00:00,12854284.85758432 
 12/26  14:00:00,11926431.717603208 
 12/26  15:00:00,12347230.01180679 
 12/26  16:00:00,10958996.047420878 
 12/26  17:00:00,9355578.815017806 
 12/26  18:00:00,9623844.61926974 
 12/26  19:00:00,11227180.852609063 
 12/26  20:00:00,12101962.125970587 
 12/26  21:00:00,12043533.255105808 
 12/26  22:00:00,12408147.087259023 
 12/26  23:00:00,13440082.252084084 
 12/26  24:00:00,15087781.38101798 
 12/27  01:00:00,15941830.387016807 
 12/27  02:00:00,15491433.952235823 
 12/27  03:00:00,15046859.892659264 
 12/27  04:00:00,15456186.503304448 
 12/27  05:00:00,15834426.16728272 
 12/27  06:00:00,15823735.934586091 
 12/27  07:00:00,16098425.46218992 
 12/27  08:00:00,16880077.60728518 
 12/27  09:00:00,18956916.93163342 
 12/27  10:00:00,18468427.778129503 
 12/27  11:00:00,17771476.05936163 
 12/27  12:00:00,15902495.265222825 
 12/27  13:00:00,14281133.58071209 
 12/27  14:00:00,13720415.322070338 
 12/27  15:00:00,11150587.306526093 
 12/27  16:00:00,9861731.294377811 
 12/27  17:00:00,11514064.02068787 
 12/27  18:00:00,11779886.701470494 
 12/27  19:00:00,11901997.427395191 
 12/27  20:00:00,11400340.972609729 
 12/27  21:00:00,13053483.069629611 
 12/27  22:00:00,13464278.488192666 
 12/27  23:00:00,14038036.703142699 
 12/27  24:00:00,14557850.933040833 
 12/28  01:00:00,13649269.715276228 
 12/28  02:00:00,12640024.467822762 
 12/28  03:00:00,12896436.087250963 
 12/28  04:00:00,13342049.410271043 
 12/28  05:00:00,13521288.051415004 
 12/28  06:00:00,13571921.320059195 
 12/28  07:00:00,13959769.529341398 
 12/28  08:00:00,14926374.13598255 
 12/28  09:00:00,17264127.826107904 
 12/28  10:00:00,16587028.061440533 
 12/28  11:00:00,15673524.03916726 
 12/28  12:00:00,14114483.859440304 
 12/28  13:00:00,12778050.69698351 
 12/28  14:00:00,12317730.846270896 
 12/28  15:00:00,9894149.642396173 
 12/28  16:00:00,8827688.924251674 
 12/28  17:00:00,10595836.55447024 
 12/28  18:00:00,10281816.593294144 
 12/28  19:00:00,9751527.812025668 
 12/28  20:00:00,9529618.493397752 
 12/28  21:00:00,11412938.461726654 
 12/28  22:00:00,11667838.129777541 
 12/28  23:00:00,12646779.34370843 
 12/28  24:00:00,13603762.57141829 
 12/29  01:00:00,11887637.246815462 
 12/29  02:00:00,11478511.540324653 
 12/29  03:00:00,11324090.048743626 
 12/29  04:00:00,11440427.033689408 
 12/29  05:00:00,11427868.253096495 
 12/29  06:00:00,11370195.926563894 
 12/29  07:00:00,11622885.113712918 
 12/29  08:00:00,12155469.066919414 
 12/29  09:00:00,14362691.588799335 
 12/29  10:00:00,14599216.852712015 
 12/29  11:00:00,14177237.80373254 
 12/29  12:00:00,12124083.452556938 
 12/29  13:00:00,10238257.974975161 
 12/29  14:00:00,9385437.010531006 
 12/29  15:00:00,6801730.111215668 
 12/29  16:00:00,5749949.021362378 
 12/29  17:00:00,7630732.896914511 
 12/29  18:00:00,7542081.116293407 
 12/29  19:00:00,7107434.903985976 
 12/29  20:00:00,7109399.533254979 
 12/29  21:00:00,9359487.692243353 
 12/29  22:00:00,9710812.200947704 
 12/29  23:00:00,10366254.691242246 
 12/29  24:00:00,11054954.432594629 
 12/30  01:00:00,10197099.759535464 
 12/30  02:00:00,9326795.27140035 
 12/30  03:00:00,9502174.291370828 
 12/30  04:00:00,9954603.00099727 
 12/30  05:00:00,10493422.777100924 
 12/30  06:00:00,10811915.977356778 
 12/30  07:00:00,11153248.579118617 
 12/30  08:00:00,11743712.301688176 
 12/30  09:00:00,13782315.243632998 
 12/30  10:00:00,13671718.599059116 
 12/30  11:00:00,13249704.074690415 
 12/30  12:00:00,11962098.946221739 
 12/30  13:00:00,10942341.973669667 
 12/30  14:00:00,10746194.640276304 
 12/30  15:00:00,8749876.83863886 
 12/30  16:00:00,7795886.030380086 
 12/30  17:00:00,9570120.430170637 
 12/30  18:00:00,9522920.830024933 
 12/30  19:00:00,8989738.146388574 
 12/30  20:00:00,8292564.582905196 
 12/30  21:00:00,9843268.834967282 
 12/30  22:00:00,10013447.421623385 
 12/30  23:00:00,10353157.022959303 
 12/30  24:00:00,10286467.238503473 
 12/31  01:00:00,8926428.598508136 
 12/31  02:00:00,7815509.539498801 
 12/31  03:00:00,7819742.25727023 
 12/31  04:00:00,7920838.197032137 
 12/31  05:00:00,8041920.128150426 
 12/31  06:00:00,7985843.409937613 
 12/31  07:00:00,7962162.512398413 
 12/31  08:00:00,8394893.448308257 
 12/31  09:00:00,10427422.883286564 
 12/31  10:00:00,10399252.256302033 
 12/31  11:00:00,10266691.103899535 
 12/31  12:00:00,9696509.754701154 
 12/31  13:00:00,9242829.793879157 
 12/31  14:00:00,9174198.70663682 
 12/31  15:00:00,7139025.965043349 
 12/31  16:00:00,6573012.432111525 
 12/31  17:00:00,8689591.032849949 
 12/31  18:00:00,8559609.355863117 
 12/31  19:00:00,8087431.682536972 
 12/31  20:00:00,7888960.997065126 
 12/31  21:00:00,9898337.793862604 
 12/31  22:00:00,10170375.519370437 
 12/31  23:00:00,10454537.854126189 
 12/31  24:00:00,10753929.91769925 
