Date/Time,EU_CELL_ZONE IDEAL LOADS AIR SYSTEM:Zone Ideal Loads Zone Total Heating Energy [J](Hourly) 
 01/01  01:00:00,30596853.521556 
 01/01  02:00:00,35558162.526079975 
 01/01  03:00:00,36345654.35812365 
 01/01  04:00:00,36323992.49790862 
 01/01  05:00:00,36431742.45162081 
 01/01  06:00:00,35828677.211258724 
 01/01  07:00:00,34708632.34604515 
 01/01  08:00:00,33732456.65949151 
 01/01  09:00:00,32305547.98473098 
 01/01  10:00:00,31424261.582280826 
 01/01  11:00:00,31325428.855206743 
 01/01  12:00:00,31797163.867357753 
 01/01  13:00:00,31959293.029099874 
 01/01  14:00:00,30870848.478714257 
 01/01  15:00:00,28945958.22133764 
 01/01  16:00:00,27143118.416938458 
 01/01  17:00:00,26162941.14049558 
 01/01  18:00:00,25830709.693183064 
 01/01  19:00:00,25645272.18995347 
 01/01  20:00:00,25395665.432191417 
 01/01  21:00:00,24719792.599964175 
 01/01  22:00:00,23927073.658383206 
 01/01  23:00:00,24170932.136604294 
 01/01  24:00:00,25191774.75405147 
 01/02  01:00:00,26571559.776844412 
 01/02  02:00:00,27681878.36163946 
 01/02  03:00:00,28123446.854030497 
 01/02  04:00:00,28724354.520278115 
 01/02  05:00:00,29793909.27994635 
 01/02  06:00:00,31693495.61533259 
 01/02  07:00:00,34002061.63833782 
 01/02  08:00:00,36043516.70638289 
 01/02  09:00:00,38324121.02415352 
 01/02  10:00:00,39596728.81983782 
 01/02  11:00:00,38382316.92551338 
 01/02  12:00:00,35701081.8639342 
 01/02  13:00:00,33041747.235353332 
 01/02  14:00:00,30829012.63074283 
 01/02  15:00:00,29098651.81217438 
 01/02  16:00:00,28692768.79087898 
 01/02  17:00:00,30274889.710293032 
 01/02  18:00:00,32254028.78269231 
 01/02  19:00:00,32948037.88850613 
 01/02  20:00:00,32109198.606394507 
 01/02  21:00:00,30456483.180961773 
 01/02  22:00:00,29117745.278587103 
 01/02  23:00:00,28135353.760070134 
 01/02  24:00:00,27371375.456078812 
 01/03  01:00:00,27117497.239124183 
 01/03  02:00:00,26608929.28235761 
 01/03  03:00:00,25251287.838554967 
 01/03  04:00:00,25538271.13991908 
 01/03  05:00:00,27612719.063362557 
 01/03  06:00:00,28992212.111816302 
 01/03  07:00:00,29386646.757112302 
 01/03  08:00:00,29449580.966851342 
 01/03  09:00:00,30672633.42926843 
 01/03  10:00:00,32832119.656103685 
 01/03  11:00:00,32716341.86243586 
 01/03  12:00:00,30879233.567412473 
 01/03  13:00:00,30950272.745686874 
 01/03  14:00:00,32730979.527882166 
 01/03  15:00:00,34040012.86938906 
 01/03  16:00:00,34604670.54056049 
 01/03  17:00:00,35384290.756887965 
 01/03  18:00:00,36692896.690141425 
 01/03  19:00:00,37783294.66361326 
 01/03  20:00:00,38001785.534728944 
 01/03  21:00:00,37953197.56648944 
 01/03  22:00:00,37605279.389549956 
 01/03  23:00:00,36453930.02969535 
 01/03  24:00:00,35470563.564728886 
 01/04  01:00:00,35030195.05715597 
 01/04  02:00:00,34715695.41345963 
 01/04  03:00:00,34340039.82387674 
 01/04  04:00:00,33410553.08141285 
 01/04  05:00:00,32523389.497121852 
 01/04  06:00:00,32629735.103758965 
 01/04  07:00:00,32276811.07810875 
 01/04  08:00:00,31625343.846638735 
 01/04  09:00:00,31503569.73214454 
 01/04  10:00:00,31406907.02780974 
 01/04  11:00:00,31173124.765056867 
 01/04  12:00:00,30942410.800630115 
 01/04  13:00:00,30991316.27884627 
 01/04  14:00:00,31350902.268613964 
 01/04  15:00:00,32171196.02565638 
 01/04  16:00:00,33323524.979400784 
 01/04  17:00:00,35290569.4913964 
 01/04  18:00:00,38010725.22992316 
 01/04  19:00:00,39767077.82978582 
 01/04  20:00:00,40769280.12480027 
 01/04  21:00:00,42403529.18785665 
 01/04  22:00:00,44302619.255184926 
 01/04  23:00:00,46405283.57089603 
 01/04  24:00:00,48948624.30955929 
 01/05  01:00:00,50560900.47500917 
 01/05  02:00:00,50823902.14390731 
 01/05  03:00:00,51697926.67814313 
 01/05  04:00:00,53089974.21929188 
 01/05  05:00:00,54869185.80366596 
 01/05  06:00:00,56474892.726688184 
 01/05  07:00:00,57558172.64106479 
 01/05  08:00:00,58420655.351602115 
 01/05  09:00:00,58211226.02239259 
 01/05  10:00:00,57283439.43352259 
 01/05  11:00:00,54660563.570317134 
 01/05  12:00:00,49981945.840523176 
 01/05  13:00:00,45082270.28467761 
 01/05  14:00:00,41596748.413635485 
 01/05  15:00:00,39606524.62867457 
 01/05  16:00:00,38345353.378217846 
 01/05  17:00:00,36736587.5869848 
 01/05  18:00:00,35049853.62739521 
 01/05  19:00:00,33793496.615333945 
 01/05  20:00:00,32399416.82194691 
 01/05  21:00:00,30738894.46662175 
 01/05  22:00:00,28368501.038493138 
 01/05  23:00:00,25488741.877314813 
 01/05  24:00:00,23080342.566861864 
 01/06  01:00:00,21141648.313848887 
 01/06  02:00:00,19871163.750746436 
 01/06  03:00:00,19483970.392439794 
 01/06  04:00:00,20043212.876808643 
 01/06  05:00:00,20957748.932666495 
 01/06  06:00:00,22123940.405550253 
 01/06  07:00:00,23366389.60755925 
 01/06  08:00:00,24575168.932969898 
 01/06  09:00:00,26208283.92633599 
 01/06  10:00:00,26838734.939199325 
 01/06  11:00:00,26500820.22628124 
 01/06  12:00:00,25186231.547553416 
 01/06  13:00:00,23504605.852431685 
 01/06  14:00:00,22439444.597157918 
 01/06  15:00:00,22180361.662153438 
 01/06  16:00:00,23081909.50296083 
 01/06  17:00:00,24287047.777458582 
 01/06  18:00:00,25140629.378393795 
 01/06  19:00:00,25553969.068334658 
 01/06  20:00:00,25761176.73077646 
 01/06  21:00:00,25713887.25336187 
 01/06  22:00:00,25807065.20488462 
 01/06  23:00:00,25724692.30488424 
 01/06  24:00:00,25914351.773766447 
 01/07  01:00:00,26639481.040899783 
 01/07  02:00:00,27380932.648189537 
 01/07  03:00:00,27410746.385551285 
 01/07  04:00:00,26857289.052722722 
 01/07  05:00:00,26513955.602851037 
 01/07  06:00:00,26391892.884138126 
 01/07  07:00:00,26412831.44151519 
 01/07  08:00:00,26540993.914982807 
 01/07  09:00:00,26350704.653737914 
 01/07  10:00:00,26177202.50158175 
 01/07  11:00:00,27660311.05827507 
 01/07  12:00:00,29422347.869822223 
 01/07  13:00:00,28819877.6636599 
 01/07  14:00:00,26841373.293687 
 01/07  15:00:00,25191546.17906627 
 01/07  16:00:00,24941594.624861334 
 01/07  17:00:00,25934153.456933506 
 01/07  18:00:00,27130843.29368915 
 01/07  19:00:00,27901302.139267795 
 01/07  20:00:00,27183105.69550778 
 01/07  21:00:00,26206140.967751734 
 01/07  22:00:00,26137339.959758837 
 01/07  23:00:00,26925651.40003972 
 01/07  24:00:00,28299164.98267624 
 01/08  01:00:00,29906226.859354623 
 01/08  02:00:00,31765845.106544193 
 01/08  03:00:00,33294371.428982653 
 01/08  04:00:00,34300031.38917616 
 01/08  05:00:00,34681646.70270329 
 01/08  06:00:00,34947914.37156973 
 01/08  07:00:00,35027806.577055275 
 01/08  08:00:00,34326469.84646855 
 01/08  09:00:00,33980815.56764858 
 01/08  10:00:00,33685105.32687888 
 01/08  11:00:00,32150337.532961797 
 01/08  12:00:00,29527845.29414415 
 01/08  13:00:00,27317256.32488873 
 01/08  14:00:00,25701738.190687887 
 01/08  15:00:00,24910349.80402913 
 01/08  16:00:00,25488528.04091513 
 01/08  17:00:00,26379392.134830765 
 01/08  18:00:00,27238529.1468619 
 01/08  19:00:00,27844207.50618264 
 01/08  20:00:00,28098711.761726703 
 01/08  21:00:00,27933845.910471186 
 01/08  22:00:00,26778496.87864072 
 01/08  23:00:00,24738893.170456663 
 01/08  24:00:00,22833443.136840884 
 01/09  01:00:00,21988254.689483933 
 01/09  02:00:00,21626972.591244068 
 01/09  03:00:00,21182967.150243018 
 01/09  04:00:00,21036409.46563819 
 01/09  05:00:00,21814205.09590368 
 01/09  06:00:00,23292234.552055094 
 01/09  07:00:00,25115545.803939626 
 01/09  08:00:00,26461926.913848534 
 01/09  09:00:00,27265915.605590068 
 01/09  10:00:00,28379540.66872092 
 01/09  11:00:00,30352548.229190793 
 01/09  12:00:00,32526215.503478266 
 01/09  13:00:00,33496200.78434294 
 01/09  14:00:00,32749452.220917486 
 01/09  15:00:00,32002981.408512674 
 01/09  16:00:00,32461022.614684448 
 01/09  17:00:00,33955621.06332849 
 01/09  18:00:00,36554892.401607946 
 01/09  19:00:00,39266792.11562545 
 01/09  20:00:00,41465070.270812556 
 01/09  21:00:00,43191608.33721561 
 01/09  22:00:00,44388256.699867204 
 01/09  23:00:00,45746460.899670064 
 01/09  24:00:00,47054293.90424267 
 01/10  01:00:00,48254942.513629414 
 01/10  02:00:00,49397540.39725324 
 01/10  03:00:00,50274071.68206915 
 01/10  04:00:00,51590463.065605804 
 01/10  05:00:00,53131568.581050634 
 01/10  06:00:00,54261416.01671667 
 01/10  07:00:00,55109767.727944724 
 01/10  08:00:00,55942906.426561594 
 01/10  09:00:00,56589023.3782306 
 01/10  10:00:00,56371706.31586104 
 01/10  11:00:00,52543183.43198682 
 01/10  12:00:00,45538747.471239306 
 01/10  13:00:00,39207956.43446933 
 01/10  14:00:00,34956656.56169521 
 01/10  15:00:00,32657743.814843934 
 01/10  16:00:00,32043538.981661975 
 01/10  17:00:00,32671034.263557576 
 01/10  18:00:00,33676382.410577826 
 01/10  19:00:00,34394121.233403966 
 01/10  20:00:00,34481086.33393748 
 01/10  21:00:00,34207924.396793395 
 01/10  22:00:00,34229964.513293386 
 01/10  23:00:00,34128955.486642286 
 01/10  24:00:00,33912455.603081815 
 01/11  01:00:00,34133702.40804145 
 01/11  02:00:00,34343879.40089486 
 01/11  03:00:00,33997478.103461616 
 01/11  04:00:00,33386527.571776856 
 01/11  05:00:00,32763068.848325986 
 01/11  06:00:00,32726140.585801322 
 01/11  07:00:00,34049439.518264234 
 01/11  08:00:00,36690974.77511907 
 01/11  09:00:00,39618901.621106856 
 01/11  10:00:00,42147791.66922646 
 01/11  11:00:00,42511546.658220895 
 01/11  12:00:00,40825291.39623319 
 01/11  13:00:00,38609862.52919762 
 01/11  14:00:00,37024214.13830006 
 01/11  15:00:00,36624793.36089649 
 01/11  16:00:00,37046123.73535085 
 01/11  17:00:00,38474445.476809 
 01/11  18:00:00,42965451.04415102 
 01/11  19:00:00,50008656.09188552 
 01/11  20:00:00,53895798.95742491 
 01/11  21:00:00,54560947.5006055 
 01/11  22:00:00,57876391.09975967 
 01/11  23:00:00,60411985.76145791 
 01/11  24:00:00,60987856.21003657 
 01/12  01:00:00,62298228.4945123 
 01/12  02:00:00,64998962.99017473 
 01/12  03:00:00,66737187.27329788 
 01/12  04:00:00,65703634.02306802 
 01/12  05:00:00,64757889.83350143 
 01/12  06:00:00,65360137.47110673 
 01/12  07:00:00,64599632.82122728 
 01/12  08:00:00,62591203.48807819 
 01/12  09:00:00,60606490.97086166 
 01/12  10:00:00,57307735.036847696 
 01/12  11:00:00,53180563.13965536 
 01/12  12:00:00,48833477.29904599 
 01/12  13:00:00,45557478.310528986 
 01/12  14:00:00,43762904.208441064 
 01/12  15:00:00,42857775.60945067 
 01/12  16:00:00,41957181.61896567 
 01/12  17:00:00,41016810.707158335 
 01/12  18:00:00,40061075.09987002 
 01/12  19:00:00,38729295.80715067 
 01/12  20:00:00,37428543.000889875 
 01/12  21:00:00,36408435.01053496 
 01/12  22:00:00,35237776.924589485 
 01/12  23:00:00,33521565.847398862 
 01/12  24:00:00,31529561.055798158 
 01/13  01:00:00,29979453.28350377 
 01/13  02:00:00,31706124.224559065 
 01/13  03:00:00,36365711.01475512 
 01/13  04:00:00,40019894.52901591 
 01/13  05:00:00,41812571.900842644 
 01/13  06:00:00,42328868.6485871 
 01/13  07:00:00,42681861.92390458 
 01/13  08:00:00,43507904.45152611 
 01/13  09:00:00,45243777.37993176 
 01/13  10:00:00,46513826.54619414 
 01/13  11:00:00,44017881.48690518 
 01/13  12:00:00,39387011.60555148 
 01/13  13:00:00,35946510.36343491 
 01/13  14:00:00,34240726.07704598 
 01/13  15:00:00,33982501.14035234 
 01/13  16:00:00,34462617.28021927 
 01/13  17:00:00,35587911.513763845 
 01/13  18:00:00,36984252.45450199 
 01/13  19:00:00,37787209.65426918 
 01/13  20:00:00,39350375.50013103 
 01/13  21:00:00,40607376.84637617 
 01/13  22:00:00,40597861.7090064 
 01/13  23:00:00,40841951.62547988 
 01/13  24:00:00,41167139.07647826 
 01/14  01:00:00,42179907.50125514 
 01/14  02:00:00,43535500.864815794 
 01/14  03:00:00,44812105.286948934 
 01/14  04:00:00,46573552.62185078 
 01/14  05:00:00,48521830.53261024 
 01/14  06:00:00,50413808.59688999 
 01/14  07:00:00,51873590.447616436 
 01/14  08:00:00,52772286.08306509 
 01/14  09:00:00,53500432.937148124 
 01/14  10:00:00,53999754.33544443 
 01/14  11:00:00,52985984.551214755 
 01/14  12:00:00,50257098.32057663 
 01/14  13:00:00,46352033.605159335 
 01/14  14:00:00,42900681.68731175 
 01/14  15:00:00,41243932.07568912 
 01/14  16:00:00,41647213.54030689 
 01/14  17:00:00,43173381.687039025 
 01/14  18:00:00,45329296.21069967 
 01/14  19:00:00,46964487.594258204 
 01/14  20:00:00,46814201.831363864 
 01/14  21:00:00,45972301.59598416 
 01/14  22:00:00,44927623.27895636 
 01/14  23:00:00,43377674.63116261 
 01/14  24:00:00,41647141.27552397 
 01/15  01:00:00,40476690.16455422 
 01/15  02:00:00,39547719.853991576 
 01/15  03:00:00,38331444.490502596 
 01/15  04:00:00,36360870.48903486 
 01/15  05:00:00,33979905.04181495 
 01/15  06:00:00,31699079.942127813 
 01/15  07:00:00,30002319.439351093 
 01/15  08:00:00,29138559.839955404 
 01/15  09:00:00,28717894.349310353 
 01/15  10:00:00,28150254.026988782 
 01/15  11:00:00,27364349.35405723 
 01/15  12:00:00,26441530.488315124 
 01/15  13:00:00,25537914.724804685 
 01/15  14:00:00,24769990.181754615 
 01/15  15:00:00,24370547.507909987 
 01/15  16:00:00,24804310.542832516 
 01/15  17:00:00,25366536.5040685 
 01/15  18:00:00,25541560.14238271 
 01/15  19:00:00,25705113.91312213 
 01/15  20:00:00,25929399.43230115 
 01/15  21:00:00,25741971.28109476 
 01/15  22:00:00,25164235.917259794 
 01/15  23:00:00,24988738.605444863 
 01/15  24:00:00,25054800.643277086 
 01/16  01:00:00,25008534.639542315 
 01/16  02:00:00,25263365.41414909 
 01/16  03:00:00,25955296.99477782 
 01/16  04:00:00,27391795.498308055 
 01/16  05:00:00,29271257.189550497 
 01/16  06:00:00,31094169.03839191 
 01/16  07:00:00,32831311.036906887 
 01/16  08:00:00,34328537.968329296 
 01/16  09:00:00,35415639.53315912 
 01/16  10:00:00,35811916.86527765 
 01/16  11:00:00,34754635.49554229 
 01/16  12:00:00,32847051.861131474 
 01/16  13:00:00,31285237.97385274 
 01/16  14:00:00,30571779.432382382 
 01/16  15:00:00,30613507.379579775 
 01/16  16:00:00,30863136.66351523 
 01/16  17:00:00,31693128.298727646 
 01/16  18:00:00,32156802.324336044 
 01/16  19:00:00,32460851.914555512 
 01/16  20:00:00,33367931.877679538 
 01/16  21:00:00,33629660.96478408 
 01/16  22:00:00,33799197.149276055 
 01/16  23:00:00,34113104.53391507 
 01/16  24:00:00,34468697.9049207 
 01/17  01:00:00,35127581.15972099 
 01/17  02:00:00,35665413.11021421 
 01/17  03:00:00,35611704.606957525 
 01/17  04:00:00,35831797.83424567 
 01/17  05:00:00,36281160.39460846 
 01/17  06:00:00,36671367.41798137 
 01/17  07:00:00,37462585.38076551 
 01/17  08:00:00,37957201.897537254 
 01/17  09:00:00,38217231.91051438 
 01/17  10:00:00,38067412.33307752 
 01/17  11:00:00,37040071.944069885 
 01/17  12:00:00,35209260.12877101 
 01/17  13:00:00,33613154.22279118 
 01/17  14:00:00,32853807.261287093 
 01/17  15:00:00,31891120.506366223 
 01/17  16:00:00,31773007.115548145 
 01/17  17:00:00,32945912.554479 
 01/17  18:00:00,34674829.0370367 
 01/17  19:00:00,36334707.9725161 
 01/17  20:00:00,37470930.5566041 
 01/17  21:00:00,38174513.71815152 
 01/17  22:00:00,38731237.50286558 
 01/17  23:00:00,38982075.084343344 
 01/17  24:00:00,38833636.12108647 
 01/18  01:00:00,38265713.486636266 
 01/18  02:00:00,36927633.87557865 
 01/18  03:00:00,34867786.93200461 
 01/18  04:00:00,32937438.737789147 
 01/18  05:00:00,31786406.447597533 
 01/18  06:00:00,31765876.583291482 
 01/18  07:00:00,32441003.326956417 
 01/18  08:00:00,33182413.3769988 
 01/18  09:00:00,33538786.507250026 
 01/18  10:00:00,33382683.325297054 
 01/18  11:00:00,32628988.16852745 
 01/18  12:00:00,31031276.207429945 
 01/18  13:00:00,29422876.587407522 
 01/18  14:00:00,28617862.094482917 
 01/18  15:00:00,28369304.692962233 
 01/18  16:00:00,28380383.17703343 
 01/18  17:00:00,29229190.5030942 
 01/18  18:00:00,30554745.390174072 
 01/18  19:00:00,31100779.103217952 
 01/18  20:00:00,31282370.41873037 
 01/18  21:00:00,31590077.37560225 
 01/18  22:00:00,31615759.448587164 
 01/18  23:00:00,31514257.217373237 
 01/18  24:00:00,31451148.116250075 
 01/19  01:00:00,31246718.79840035 
 01/19  02:00:00,31493423.49021861 
 01/19  03:00:00,32289977.030708082 
 01/19  04:00:00,33018600.17015388 
 01/19  05:00:00,33639821.19016877 
 01/19  06:00:00,34570212.17670635 
 01/19  07:00:00,35792724.563900545 
 01/19  08:00:00,37097583.25788072 
 01/19  09:00:00,38466509.125530735 
 01/19  10:00:00,39070476.57294089 
 01/19  11:00:00,39013423.59965859 
 01/19  12:00:00,38481781.36687994 
 01/19  13:00:00,37832339.75717019 
 01/19  14:00:00,37331987.525157884 
 01/19  15:00:00,36597588.06096723 
 01/19  16:00:00,36477223.76014757 
 01/19  17:00:00,38466726.66428594 
 01/19  18:00:00,43063371.06971701 
 01/19  19:00:00,46681595.21291211 
 01/19  20:00:00,48796061.44440858 
 01/19  21:00:00,51107355.71791354 
 01/19  22:00:00,53547433.83251461 
 01/19  23:00:00,54236283.40391263 
 01/19  24:00:00,54188817.894625835 
 01/20  01:00:00,54402808.17093316 
 01/20  02:00:00,54145343.01669072 
 01/20  03:00:00,54116182.317637786 
 01/20  04:00:00,55492917.32089916 
 01/20  05:00:00,57387769.79374608 
 01/20  06:00:00,58336518.647239804 
 01/20  07:00:00,58954330.9864504 
 01/20  08:00:00,58978521.3995889 
 01/20  09:00:00,57506408.5137037 
 01/20  10:00:00,57675754.78587783 
 01/20  11:00:00,56512581.4708276 
 01/20  12:00:00,51119912.77413291 
 01/20  13:00:00,44881974.85352868 
 01/20  14:00:00,40416398.418022454 
 01/20  15:00:00,37487539.97884462 
 01/20  16:00:00,36386419.24076246 
 01/20  17:00:00,38584084.051377565 
 01/20  18:00:00,42238227.49507488 
 01/20  19:00:00,46046728.415687874 
 01/20  20:00:00,47226990.07082193 
 01/20  21:00:00,46658403.39443496 
 01/20  22:00:00,46539438.046566926 
 01/20  23:00:00,47794277.66005407 
 01/20  24:00:00,50033876.561917305 
 01/21  01:00:00,52475583.09068438 
 01/21  02:00:00,53640006.935027994 
 01/21  03:00:00,53280141.63578879 
 01/21  04:00:00,53690600.59088126 
 01/21  05:00:00,54894317.812902 
 01/21  06:00:00,55889874.77205742 
 01/21  07:00:00,56460745.730381705 
 01/21  08:00:00,57234807.65956083 
 01/21  09:00:00,58152330.00341096 
 01/21  10:00:00,58950489.12196209 
 01/21  11:00:00,57297162.70589542 
 01/21  12:00:00,54152392.26171437 
 01/21  13:00:00,50819104.04880933 
 01/21  14:00:00,46138558.03342302 
 01/21  15:00:00,41676255.93986614 
 01/21  16:00:00,39210373.87284902 
 01/21  17:00:00,39087364.945149474 
 01/21  18:00:00,40827632.90036231 
 01/21  19:00:00,42493021.14562339 
 01/21  20:00:00,42904598.11352015 
 01/21  21:00:00,42213468.74197304 
 01/21  22:00:00,41278246.2281506 
 01/21  23:00:00,40756956.194068976 
 01/21  24:00:00,40357460.363829635 
 01/22  01:00:00,40094953.32803193 
 01/22  02:00:00,39974704.221735716 
 01/22  03:00:00,40011050.363882065 
 01/22  04:00:00,40064237.17975025 
 01/22  05:00:00,39855828.45619196 
 01/22  06:00:00,39195198.92911722 
 01/22  07:00:00,38412532.476478636 
 01/22  08:00:00,37753313.61989679 
 01/22  09:00:00,37090645.61661268 
 01/22  10:00:00,36734942.283627376 
 01/22  11:00:00,36256765.9216329 
 01/22  12:00:00,35525097.27098064 
 01/22  13:00:00,34399566.99402318 
 01/22  14:00:00,32334658.719700884 
 01/22  15:00:00,30599462.023563117 
 01/22  16:00:00,30150465.627694182 
 01/22  17:00:00,30765018.59340012 
 01/22  18:00:00,32251485.547396943 
 01/22  19:00:00,33923461.92287818 
 01/22  20:00:00,35092293.97460514 
 01/22  21:00:00,36139393.08340737 
 01/22  22:00:00,37537050.7489296 
 01/22  23:00:00,38888288.93227641 
 01/22  24:00:00,40230209.5564185 
 01/23  01:00:00,41947850.52695828 
 01/23  02:00:00,43735016.21653229 
 01/23  03:00:00,45450420.96350106 
 01/23  04:00:00,47083916.7075267 
 01/23  05:00:00,48234649.16106686 
 01/23  06:00:00,49214472.11661187 
 01/23  07:00:00,50654214.67687064 
 01/23  08:00:00,51596516.54202169 
 01/23  09:00:00,51440133.966355324 
 01/23  10:00:00,49203448.932800464 
 01/23  11:00:00,45844731.245821774 
 01/23  12:00:00,43240293.541898616 
 01/23  13:00:00,40317864.20017597 
 01/23  14:00:00,37912964.22521312 
 01/23  15:00:00,37485047.90006791 
 01/23  16:00:00,37623196.17882623 
 01/23  17:00:00,38884805.108809605 
 01/23  18:00:00,41259162.70127103 
 01/23  19:00:00,43279456.220497414 
 01/23  20:00:00,44746913.19117373 
 01/23  21:00:00,45948547.0106803 
 01/23  22:00:00,46867995.70956542 
 01/23  23:00:00,47728511.46652232 
 01/23  24:00:00,48998589.55612456 
 01/24  01:00:00,49878608.76696647 
 01/24  02:00:00,50725050.81026904 
 01/24  03:00:00,51538256.84369821 
 01/24  04:00:00,51810510.70661928 
 01/24  05:00:00,51919088.222369164 
 01/24  06:00:00,52002343.62279994 
 01/24  07:00:00,51610339.782159045 
 01/24  08:00:00,51078737.13084938 
 01/24  09:00:00,50631482.57528162 
 01/24  10:00:00,49269879.215649985 
 01/24  11:00:00,47314801.480505444 
 01/24  12:00:00,44956678.567723736 
 01/24  13:00:00,42617546.91318004 
 01/24  14:00:00,40779340.431043364 
 01/24  15:00:00,39352425.704640605 
 01/24  16:00:00,38676385.35191029 
 01/24  17:00:00,37957115.0886525 
 01/24  18:00:00,37482999.61492891 
 01/24  19:00:00,37418157.551314406 
 01/24  20:00:00,37390698.87344776 
 01/24  21:00:00,37382552.68131241 
 01/24  22:00:00,37261761.328489855 
 01/24  23:00:00,36847394.88823683 
 01/24  24:00:00,36483918.74654672 
 01/25  01:00:00,36387913.87406151 
 01/25  02:00:00,36160082.4629236 
 01/25  03:00:00,35806461.86915478 
 01/25  04:00:00,35453117.57196453 
 01/25  05:00:00,34932592.24433211 
 01/25  06:00:00,34285018.016144425 
 01/25  07:00:00,33329552.411715295 
 01/25  08:00:00,32988270.639459435 
 01/25  09:00:00,33792447.36928854 
 01/25  10:00:00,34294323.662138246 
 01/25  11:00:00,33789712.91588835 
 01/25  12:00:00,32519672.476845168 
 01/25  13:00:00,30119013.519765068 
 01/25  14:00:00,26928804.47481837 
 01/25  15:00:00,24629302.37105299 
 01/25  16:00:00,23887398.567554776 
 01/25  17:00:00,25626351.819300856 
 01/25  18:00:00,30964878.064442836 
 01/25  19:00:00,36004279.86468953 
 01/25  20:00:00,38051844.85264367 
 01/25  21:00:00,39175338.07444196 
 01/25  22:00:00,40700570.44904865 
 01/25  23:00:00,42519175.01830651 
 01/25  24:00:00,43861538.57523875 
 01/26  01:00:00,44854919.77179617 
 01/26  02:00:00,45347461.2652689 
 01/26  03:00:00,45753943.15012778 
 01/26  04:00:00,46193622.80572768 
 01/26  05:00:00,46472500.12550413 
 01/26  06:00:00,47024087.47352539 
 01/26  07:00:00,47065729.647214584 
 01/26  08:00:00,46536231.81239069 
 01/26  09:00:00,45673505.80932433 
 01/26  10:00:00,43562608.81953588 
 01/26  11:00:00,40535237.79160501 
 01/26  12:00:00,38617133.38020767 
 01/26  13:00:00,37424830.28807461 
 01/26  14:00:00,35688004.24853449 
 01/26  15:00:00,33375460.41650704 
 01/26  16:00:00,30383537.00208402 
 01/26  17:00:00,30460891.887244154 
 01/26  18:00:00,33933984.69829072 
 01/26  19:00:00,37736279.02512541 
 01/26  20:00:00,41342735.93323327 
 01/26  21:00:00,44429704.10266536 
 01/26  22:00:00,46572370.60292041 
 01/26  23:00:00,48139568.4834926 
 01/26  24:00:00,49019328.39513396 
 01/27  01:00:00,49708243.62910784 
 01/27  02:00:00,50980625.64626585 
 01/27  03:00:00,51954330.634802215 
 01/27  04:00:00,52688597.49336414 
 01/27  05:00:00,53534902.09231686 
 01/27  06:00:00,53986385.25409971 
 01/27  07:00:00,53936426.87212601 
 01/27  08:00:00,53759390.09599648 
 01/27  09:00:00,51906725.39521323 
 01/27  10:00:00,48882117.04450717 
 01/27  11:00:00,46417974.84378993 
 01/27  12:00:00,43579137.351858094 
 01/27  13:00:00,40200240.06355763 
 01/27  14:00:00,38216193.65599685 
 01/27  15:00:00,38109280.6531552 
 01/27  16:00:00,39042343.04107089 
 01/27  17:00:00,40160546.891872644 
 01/27  18:00:00,41299193.73544335 
 01/27  19:00:00,42929099.99963579 
 01/27  20:00:00,44008747.90937225 
 01/27  21:00:00,44343755.77344617 
 01/27  22:00:00,44961929.69985344 
 01/27  23:00:00,44973495.29385331 
 01/27  24:00:00,44310670.52282805 
 01/28  01:00:00,43901245.585854836 
 01/28  02:00:00,43134033.851982936 
 01/28  03:00:00,42247288.52045083 
 01/28  04:00:00,41898179.90710759 
 01/28  05:00:00,41662545.663422935 
 01/28  06:00:00,41588834.735194765 
 01/28  07:00:00,41764362.30000285 
 01/28  08:00:00,42403255.039858244 
 01/28  09:00:00,43360577.15411925 
 01/28  10:00:00,42588623.34373772 
 01/28  11:00:00,39461766.51130175 
 01/28  12:00:00,36061745.407503836 
 01/28  13:00:00,33909080.97345773 
 01/28  14:00:00,33262667.17966553 
 01/28  15:00:00,34283710.99272817 
 01/28  16:00:00,35480908.80690425 
 01/28  17:00:00,36748144.867565215 
 01/28  18:00:00,38704752.742590934 
 01/28  19:00:00,40007902.067951955 
 01/28  20:00:00,40394000.110683404 
 01/28  21:00:00,40326585.03802954 
 01/28  22:00:00,40235979.61899748 
 01/28  23:00:00,40437973.70004164 
 01/28  24:00:00,40777215.94109066 
 01/29  01:00:00,41125397.55871341 
 01/29  02:00:00,41665945.138990104 
 01/29  03:00:00,41858815.65640397 
 01/29  04:00:00,41899487.70033185 
 01/29  05:00:00,42087160.91567782 
 01/29  06:00:00,42281048.709778026 
 01/29  07:00:00,42781497.78254888 
 01/29  08:00:00,43424518.261167966 
 01/29  09:00:00,44238892.109765165 
 01/29  10:00:00,45204467.69727242 
 01/29  11:00:00,45580465.22762916 
 01/29  12:00:00,45703878.51744056 
 01/29  13:00:00,46087581.919365145 
 01/29  14:00:00,46636484.422291264 
 01/29  15:00:00,47146697.961691774 
 01/29  16:00:00,47245885.08356417 
 01/29  17:00:00,47065102.305913255 
 01/29  18:00:00,47155256.20510169 
 01/29  19:00:00,47062963.89337196 
 01/29  20:00:00,46701461.62839319 
 01/29  21:00:00,46446465.60045145 
 01/29  22:00:00,46620781.24990925 
 01/29  23:00:00,47209905.36214933 
 01/29  24:00:00,47654180.36198519 
 01/30  01:00:00,47985031.400493026 
 01/30  02:00:00,48176202.07885255 
 01/30  03:00:00,48225983.304848544 
 01/30  04:00:00,48270578.452847116 
 01/30  05:00:00,48451272.563806 
 01/30  06:00:00,48621232.12973109 
 01/30  07:00:00,48650636.41704055 
 01/30  08:00:00,48828964.339306094 
 01/30  09:00:00,48854840.40864434 
 01/30  10:00:00,48595754.24202152 
 01/30  11:00:00,48155631.85442515 
 01/30  12:00:00,47410637.64931587 
 01/30  13:00:00,46353240.70139612 
 01/30  14:00:00,45273743.31120402 
 01/30  15:00:00,44154947.09147228 
 01/30  16:00:00,43509891.840973035 
 01/30  17:00:00,43387654.78921245 
 01/30  18:00:00,43872914.98164102 
 01/30  19:00:00,45145579.07154829 
 01/30  20:00:00,46637878.271194994 
 01/30  21:00:00,47881052.57835843 
 01/30  22:00:00,49008616.13656443 
 01/30  23:00:00,49121780.56508644 
 01/30  24:00:00,48096429.27018048 
 01/31  01:00:00,48914904.783547446 
 01/31  02:00:00,51922286.89797721 
 01/31  03:00:00,53129780.01447961 
 01/31  04:00:00,52270052.39472535 
 01/31  05:00:00,53066957.64929441 
 01/31  06:00:00,53807422.262886435 
 01/31  07:00:00,54127886.91904422 
 01/31  08:00:00,55097352.612934574 
 01/31  09:00:00,54550909.086028956 
 01/31  10:00:00,51574583.50814595 
 01/31  11:00:00,46950205.73829617 
 01/31  12:00:00,42865555.91885788 
 01/31  13:00:00,40700798.36600857 
 01/31  14:00:00,40218419.21155062 
 01/31  15:00:00,40603658.703672744 
 01/31  16:00:00,40429072.887650646 
 01/31  17:00:00,39627456.60452258 
 01/31  18:00:00,38840666.731277466 
 01/31  19:00:00,38058488.627636194 
 01/31  20:00:00,36846020.70632068 
 01/31  21:00:00,35503314.34013383 
 01/31  22:00:00,33975852.817396864 
 01/31  23:00:00,32475414.77311062 
 01/31  24:00:00,31079345.73228172 
 02/01  01:00:00,29702867.67536646 
 02/01  02:00:00,29187285.075980473 
 02/01  03:00:00,29929215.11728065 
 02/01  04:00:00,30720638.74065281 
 02/01  05:00:00,33191875.953189295 
 02/01  06:00:00,36427168.49529689 
 02/01  07:00:00,39374330.324436195 
 02/01  08:00:00,42947413.95050703 
 02/01  09:00:00,45693768.1470689 
 02/01  10:00:00,46465918.99379124 
 02/01  11:00:00,44702952.42913003 
 02/01  12:00:00,42109412.243053004 
 02/01  13:00:00,39843333.26022225 
 02/01  14:00:00,37589746.41829054 
 02/01  15:00:00,35884926.823433064 
 02/01  16:00:00,35757254.10401714 
 02/01  17:00:00,36748075.910456076 
 02/01  18:00:00,37967189.759109706 
 02/01  19:00:00,38879756.515816525 
 02/01  20:00:00,38743928.54710209 
 02/01  21:00:00,38206768.68738785 
 02/01  22:00:00,38113495.02165776 
 02/01  23:00:00,37991510.21445083 
 02/01  24:00:00,37684782.70619272 
 02/02  01:00:00,37090470.51570781 
 02/02  02:00:00,36310709.50142231 
 02/02  03:00:00,36279974.21276888 
 02/02  04:00:00,36978796.90801073 
 02/02  05:00:00,38490564.561278105 
 02/02  06:00:00,40451462.866021626 
 02/02  07:00:00,42094207.20899524 
 02/02  08:00:00,43250934.51973653 
 02/02  09:00:00,43589266.31174469 
 02/02  10:00:00,43139994.89533099 
 02/02  11:00:00,40938443.70642339 
 02/02  12:00:00,37864120.49691624 
 02/02  13:00:00,35321751.4200668 
 02/02  14:00:00,33102012.32284354 
 02/02  15:00:00,31859094.662786383 
 02/02  16:00:00,31858575.387688708 
 02/02  17:00:00,33030299.894700408 
 02/02  18:00:00,36026617.68752765 
 02/02  19:00:00,39543652.234468274 
 02/02  20:00:00,41665015.5942627 
 02/02  21:00:00,42748630.265306495 
 02/02  22:00:00,43482988.90279827 
 02/02  23:00:00,43516466.30997359 
 02/02  24:00:00,43085979.715653166 
 02/03  01:00:00,43622406.35859075 
 02/03  02:00:00,44370250.415840805 
 02/03  03:00:00,44508058.454332076 
 02/03  04:00:00,44516524.4609514 
 02/03  05:00:00,43942768.66737968 
 02/03  06:00:00,43019433.09153009 
 02/03  07:00:00,42251837.58885313 
 02/03  08:00:00,41901004.15899189 
 02/03  09:00:00,42003905.02897145 
 02/03  10:00:00,41184101.42026766 
 02/03  11:00:00,38896504.93057757 
 02/03  12:00:00,37064979.83976242 
 02/03  13:00:00,36015762.305126116 
 02/03  14:00:00,35564385.0207617 
 02/03  15:00:00,35209240.87275911 
 02/03  16:00:00,35418011.51262884 
 02/03  17:00:00,36421315.318276376 
 02/03  18:00:00,37894218.325348474 
 02/03  19:00:00,39732309.05982404 
 02/03  20:00:00,41253595.06260858 
 02/03  21:00:00,41952662.58129516 
 02/03  22:00:00,41449338.63891355 
 02/03  23:00:00,41233215.6390217 
 02/03  24:00:00,41534423.00290473 
 02/04  01:00:00,40974749.51698124 
 02/04  02:00:00,40440383.571878836 
 02/04  03:00:00,40549694.24957235 
 02/04  04:00:00,41132650.211431585 
 02/04  05:00:00,42646447.120203525 
 02/04  06:00:00,45390793.761352286 
 02/04  07:00:00,47932548.509535074 
 02/04  08:00:00,48480106.25469165 
 02/04  09:00:00,47599191.15381156 
 02/04  10:00:00,45921561.57036577 
 02/04  11:00:00,43442845.70462384 
 02/04  12:00:00,40806691.364018984 
 02/04  13:00:00,39014017.60254002 
 02/04  14:00:00,37815451.36367585 
 02/04  15:00:00,36857637.619747296 
 02/04  16:00:00,36770135.68175339 
 02/04  17:00:00,36914832.506533824 
 02/04  18:00:00,36901697.18188837 
 02/04  19:00:00,36754012.65943201 
 02/04  20:00:00,35875095.89170485 
 02/04  21:00:00,34861405.87512605 
 02/04  22:00:00,34708500.379326865 
 02/04  23:00:00,35834696.021363504 
 02/04  24:00:00,37547990.20822381 
 02/05  01:00:00,38330873.26401057 
 02/05  02:00:00,38957341.13487225 
 02/05  03:00:00,39231283.1975945 
 02/05  04:00:00,38130672.60160296 
 02/05  05:00:00,36623922.5515154 
 02/05  06:00:00,36242838.80126195 
 02/05  07:00:00,36871073.090793476 
 02/05  08:00:00,37296425.18548561 
 02/05  09:00:00,37606327.339749575 
 02/05  10:00:00,37097523.05308286 
 02/05  11:00:00,34898322.92147848 
 02/05  12:00:00,33045840.66054615 
 02/05  13:00:00,32706692.799102634 
 02/05  14:00:00,34326867.310688004 
 02/05  15:00:00,35347383.401056394 
 02/05  16:00:00,33967280.98315442 
 02/05  17:00:00,31739811.9031939 
 02/05  18:00:00,30467726.32706502 
 02/05  19:00:00,30387069.74610872 
 02/05  20:00:00,30529016.938993074 
 02/05  21:00:00,30923865.76187616 
 02/05  22:00:00,31718471.40085821 
 02/05  23:00:00,32354988.699619237 
 02/05  24:00:00,33461562.886293896 
 02/06  01:00:00,34581918.395669304 
 02/06  02:00:00,35387693.96110311 
 02/06  03:00:00,36007517.07361127 
 02/06  04:00:00,36445672.59361985 
 02/06  05:00:00,37394310.010009184 
 02/06  06:00:00,37882304.72210883 
 02/06  07:00:00,37368845.53100634 
 02/06  08:00:00,37102006.03132186 
 02/06  09:00:00,37229083.08506917 
 02/06  10:00:00,36329160.48303487 
 02/06  11:00:00,34889303.51579282 
 02/06  12:00:00,34243628.56907382 
 02/06  13:00:00,35103683.33876014 
 02/06  14:00:00,36378525.29800127 
 02/06  15:00:00,37637656.30518807 
 02/06  16:00:00,39070462.60025235 
 02/06  17:00:00,39532336.22658507 
 02/06  18:00:00,38427224.012001276 
 02/06  19:00:00,35998283.431672506 
 02/06  20:00:00,33255113.027776748 
 02/06  21:00:00,31019463.67196108 
 02/06  22:00:00,29708317.50616172 
 02/06  23:00:00,29224894.46755828 
 02/06  24:00:00,29154833.324035473 
 02/07  01:00:00,29291157.10333169 
 02/07  02:00:00,28999134.13804909 
 02/07  03:00:00,27981401.873258103 
 02/07  04:00:00,27174794.761588193 
 02/07  05:00:00,27156057.941123836 
 02/07  06:00:00,29763168.115340564 
 02/07  07:00:00,37575535.58406554 
 02/07  08:00:00,44174228.65480242 
 02/07  09:00:00,44852243.17329675 
 02/07  10:00:00,43404651.05388388 
 02/07  11:00:00,41539287.47617592 
 02/07  12:00:00,39463411.92550042 
 02/07  13:00:00,37502330.269187175 
 02/07  14:00:00,35605844.68459536 
 02/07  15:00:00,34327399.82666167 
 02/07  16:00:00,33627904.523358464 
 02/07  17:00:00,33715025.58457927 
 02/07  18:00:00,35730717.133415364 
 02/07  19:00:00,37270178.47311835 
 02/07  20:00:00,37100169.19624276 
 02/07  21:00:00,36169038.38205047 
 02/07  22:00:00,34963111.1429459 
 02/07  23:00:00,34573876.33054434 
 02/07  24:00:00,34434883.36298664 
 02/08  01:00:00,34314659.4546726 
 02/08  02:00:00,34016807.14360682 
 02/08  03:00:00,32903475.050326813 
 02/08  04:00:00,31245179.600430444 
 02/08  05:00:00,30163096.481974725 
 02/08  06:00:00,30147608.814611837 
 02/08  07:00:00,31319997.201521873 
 02/08  08:00:00,33156739.002097692 
 02/08  09:00:00,34604550.445392646 
 02/08  10:00:00,34806023.89065011 
 02/08  11:00:00,34626833.34498924 
 02/08  12:00:00,35146781.48263017 
 02/08  13:00:00,35177563.82941454 
 02/08  14:00:00,34575819.1499486 
 02/08  15:00:00,34472688.17142066 
 02/08  16:00:00,34428551.37986871 
 02/08  17:00:00,34375314.82101531 
 02/08  18:00:00,35200632.53390872 
 02/08  19:00:00,36196206.42877525 
 02/08  20:00:00,36265033.50344661 
 02/08  21:00:00,35591471.11191671 
 02/08  22:00:00,35520954.77735879 
 02/08  23:00:00,35987631.957504064 
 02/08  24:00:00,36740154.26454968 
 02/09  01:00:00,37490113.63715058 
 02/09  02:00:00,37604367.0927566 
 02/09  03:00:00,37325961.97910706 
 02/09  04:00:00,37226930.34082622 
 02/09  05:00:00,37745089.65168489 
 02/09  06:00:00,38139836.35105704 
 02/09  07:00:00,38027670.385340914 
 02/09  08:00:00,37924795.501875624 
 02/09  09:00:00,37829434.4768167 
 02/09  10:00:00,37932319.66057577 
 02/09  11:00:00,37573705.8124472 
 02/09  12:00:00,36463252.74847821 
 02/09  13:00:00,35616799.65114057 
 02/09  14:00:00,35171514.29873854 
 02/09  15:00:00,34963183.62152556 
 02/09  16:00:00,35342511.680097446 
 02/09  17:00:00,37105707.97074935 
 02/09  18:00:00,39948888.45140421 
 02/09  19:00:00,42855170.98727741 
 02/09  20:00:00,45105082.161011994 
 02/09  21:00:00,46559976.01461917 
 02/09  22:00:00,47081895.17372073 
 02/09  23:00:00,46829506.831216455 
 02/09  24:00:00,46805712.24064429 
 02/10  01:00:00,46880705.33760275 
 02/10  02:00:00,46515058.784658484 
 02/10  03:00:00,46261663.42170132 
 02/10  04:00:00,46879385.541527346 
 02/10  05:00:00,47448781.56955093 
 02/10  06:00:00,47493221.21026939 
 02/10  07:00:00,47536241.06424621 
 02/10  08:00:00,47727416.94111358 
 02/10  09:00:00,47915679.20872115 
 02/10  10:00:00,47054684.06775349 
 02/10  11:00:00,44915349.34037055 
 02/10  12:00:00,42099204.61225865 
 02/10  13:00:00,38827976.4484953 
 02/10  14:00:00,36804834.25403133 
 02/10  15:00:00,36236194.206281506 
 02/10  16:00:00,36500524.44597649 
 02/10  17:00:00,37496145.63524919 
 02/10  18:00:00,39173051.93674707 
 02/10  19:00:00,40897119.48032867 
 02/10  20:00:00,42670178.71948164 
 02/10  21:00:00,44033076.50264226 
 02/10  22:00:00,44524828.49364253 
 02/10  23:00:00,45360475.32575926 
 02/10  24:00:00,46642460.81421177 
 02/11  01:00:00,48299508.84265414 
 02/11  02:00:00,49485312.645796195 
 02/11  03:00:00,50416984.93429162 
 02/11  04:00:00,51440064.18359419 
 02/11  05:00:00,51563590.604282826 
 02/11  06:00:00,50043097.967445545 
 02/11  07:00:00,46838787.71067226 
 02/11  08:00:00,43425225.314080045 
 02/11  09:00:00,41368315.22803971 
 02/11  10:00:00,39914080.26817089 
 02/11  11:00:00,38630674.168372005 
 02/11  12:00:00,38088133.977903716 
 02/11  13:00:00,37569095.283711426 
 02/11  14:00:00,39350442.06987843 
 02/11  15:00:00,40352929.46657729 
 02/11  16:00:00,38548307.23778407 
 02/11  17:00:00,37712175.994430095 
 02/11  18:00:00,39522504.49025044 
 02/11  19:00:00,42845894.958940536 
 02/11  20:00:00,44384807.63280738 
 02/11  21:00:00,45009274.82987327 
 02/11  22:00:00,46464977.93639492 
 02/11  23:00:00,48251125.2342352 
 02/11  24:00:00,50083186.14199555 
 02/12  01:00:00,52171360.40089291 
 02/12  02:00:00,52957899.87822004 
 02/12  03:00:00,51600971.810063824 
 02/12  04:00:00,50012515.66154617 
 02/12  05:00:00,49625462.38892672 
 02/12  06:00:00,49601013.17824497 
 02/12  07:00:00,48809821.68085809 
 02/12  08:00:00,46950086.53080943 
 02/12  09:00:00,44482441.9070954 
 02/12  10:00:00,41485671.068507075 
 02/12  11:00:00,38332799.76735625 
 02/12  12:00:00,36027635.86619337 
 02/12  13:00:00,35256265.35433513 
 02/12  14:00:00,35866591.9680823 
 02/12  15:00:00,36984363.35645427 
 02/12  16:00:00,35696798.17491111 
 02/12  17:00:00,33960716.42390617 
 02/12  18:00:00,34118906.712987415 
 02/12  19:00:00,35051541.30949461 
 02/12  20:00:00,36463221.78552089 
 02/12  21:00:00,38099697.06992912 
 02/12  22:00:00,39860848.82953152 
 02/12  23:00:00,41292169.04041813 
 02/12  24:00:00,42335627.81125227 
 02/13  01:00:00,43352256.487580605 
 02/13  02:00:00,44724473.37596936 
 02/13  03:00:00,46134742.37952102 
 02/13  04:00:00,47119047.68947349 
 02/13  05:00:00,47920243.29318573 
 02/13  06:00:00,48527135.33701395 
 02/13  07:00:00,48560284.99249103 
 02/13  08:00:00,47609846.555063196 
 02/13  09:00:00,47105808.899783164 
 02/13  10:00:00,46486484.11516777 
 02/13  11:00:00,44365970.493238434 
 02/13  12:00:00,42316990.21326268 
 02/13  13:00:00,40949845.71772535 
 02/13  14:00:00,39974696.81142032 
 02/13  15:00:00,39191411.0311441 
 02/13  16:00:00,38898070.62927147 
 02/13  17:00:00,39106991.807400644 
 02/13  18:00:00,40384507.104934126 
 02/13  19:00:00,42667736.224294424 
 02/13  20:00:00,44806775.297735475 
 02/13  21:00:00,46517827.18850806 
 02/13  22:00:00,48001584.29100331 
 02/13  23:00:00,49273526.83796219 
 02/13  24:00:00,50127920.396586634 
 02/14  01:00:00,50650138.576158494 
 02/14  02:00:00,51182863.138121806 
 02/14  03:00:00,51985480.47508745 
 02/14  04:00:00,52126836.16551996 
 02/14  05:00:00,51700743.01823618 
 02/14  06:00:00,51106634.39784154 
 02/14  07:00:00,49632571.22665906 
 02/14  08:00:00,47845990.17709427 
 02/14  09:00:00,45957617.09935486 
 02/14  10:00:00,44813582.15002464 
 02/14  11:00:00,45028596.70467946 
 02/14  12:00:00,45257347.80910784 
 02/14  13:00:00,44954457.83283299 
 02/14  14:00:00,43600877.93123788 
 02/14  15:00:00,40636245.75695772 
 02/14  16:00:00,35734546.9308767 
 02/14  17:00:00,30031391.37841813 
 02/14  18:00:00,25711238.740427643 
 02/14  19:00:00,24095396.632072344 
 02/14  20:00:00,23798839.193755824 
 02/14  21:00:00,24092267.29087807 
 02/14  22:00:00,25557819.371705983 
 02/14  23:00:00,27254313.874578245 
 02/14  24:00:00,28387021.577435315 
 02/15  01:00:00,29230444.38158608 
 02/15  02:00:00,30501341.36246541 
 02/15  03:00:00,31306510.193098687 
 02/15  04:00:00,31478611.329086505 
 02/15  05:00:00,32065864.82234953 
 02/15  06:00:00,32950878.904819485 
 02/15  07:00:00,33208017.1888981 
 02/15  08:00:00,33010456.920865197 
 02/15  09:00:00,33079322.973763887 
 02/15  10:00:00,32996580.740204364 
 02/15  11:00:00,32048504.442064792 
 02/15  12:00:00,30973559.090601232 
 02/15  13:00:00,30173778.6272828 
 02/15  14:00:00,29585291.648140006 
 02/15  15:00:00,29282869.21928353 
 02/15  16:00:00,30125841.191429373 
 02/15  17:00:00,31598140.299032487 
 02/15  18:00:00,33158523.676157154 
 02/15  19:00:00,34901760.254159845 
 02/15  20:00:00,36399158.89501625 
 02/15  21:00:00,37937567.86911054 
 02/15  22:00:00,39435078.7420731 
 02/15  23:00:00,40860738.44635626 
 02/15  24:00:00,42387063.460486755 
 02/16  01:00:00,43979337.37852534 
 02/16  02:00:00,45603444.68198839 
 02/16  03:00:00,47019766.4992127 
 02/16  04:00:00,48508175.48836676 
 02/16  05:00:00,49972106.454238534 
 02/16  06:00:00,51318821.037311405 
 02/16  07:00:00,52639471.807432294 
 02/16  08:00:00,53818838.31089997 
 02/16  09:00:00,54508283.595187604 
 02/16  10:00:00,52773368.61278702 
 02/16  11:00:00,48091706.136017516 
 02/16  12:00:00,42655887.46112642 
 02/16  13:00:00,38236480.9840511 
 02/16  14:00:00,35438315.29709728 
 02/16  15:00:00,33260581.65949717 
 02/16  16:00:00,31854271.075369164 
 02/16  17:00:00,32027602.501167122 
 02/16  18:00:00,34488892.12070398 
 02/16  19:00:00,38377949.35733092 
 02/16  20:00:00,41338524.99377984 
 02/16  21:00:00,42951194.3494367 
 02/16  22:00:00,43227520.45301489 
 02/16  23:00:00,44078334.76059918 
 02/16  24:00:00,45450563.309692636 
 02/17  01:00:00,45564529.97557795 
 02/17  02:00:00,44949493.86009439 
 02/17  03:00:00,44610676.535375915 
 02/17  04:00:00,44655144.90581181 
 02/17  05:00:00,43928683.02421479 
 02/17  06:00:00,43095037.162057176 
 02/17  07:00:00,42155606.72536415 
 02/17  08:00:00,40655596.50998331 
 02/17  09:00:00,38969345.27723497 
 02/17  10:00:00,37255352.53666474 
 02/17  11:00:00,35329036.39060284 
 02/17  12:00:00,33108163.0587679 
 02/17  13:00:00,30576980.63928919 
 02/17  14:00:00,28644908.145816498 
 02/17  15:00:00,27932701.196294475 
 02/17  16:00:00,28056412.957206674 
 02/17  17:00:00,28655193.12150208 
 02/17  18:00:00,29628196.972059242 
 02/17  19:00:00,31090643.17522532 
 02/17  20:00:00,32174125.933458462 
 02/17  21:00:00,32325842.262367774 
 02/17  22:00:00,32212596.597589277 
 02/17  23:00:00,32221450.63264277 
 02/17  24:00:00,32230294.27594916 
 02/18  01:00:00,32381415.353951562 
 02/18  02:00:00,32530627.61074637 
 02/18  03:00:00,32546469.376768656 
 02/18  04:00:00,32555243.35355307 
 02/18  05:00:00,32558963.634940006 
 02/18  06:00:00,32708653.266546898 
 02/18  07:00:00,33309997.684530906 
 02/18  08:00:00,33884871.30460316 
 02/18  09:00:00,33973359.753754556 
 02/18  10:00:00,33613842.62576569 
 02/18  11:00:00,32227265.56970771 
 02/18  12:00:00,30155890.2714992 
 02/18  13:00:00,28676904.04422019 
 02/18  14:00:00,28238450.984858703 
 02/18  15:00:00,28152617.571005557 
 02/18  16:00:00,28207122.610376827 
 02/18  17:00:00,28718051.472549632 
 02/18  18:00:00,29901889.440929294 
 02/18  19:00:00,32356253.35380889 
 02/18  20:00:00,35358303.79190084 
 02/18  21:00:00,37590504.76571451 
 02/18  22:00:00,39304902.84235604 
 02/18  23:00:00,40422166.14975624 
 02/18  24:00:00,41549184.21798623 
 02/19  01:00:00,42914859.07136308 
 02/19  02:00:00,44030930.93954368 
 02/19  03:00:00,45175160.897259854 
 02/19  04:00:00,46038468.26278353 
 02/19  05:00:00,45781162.3913647 
 02/19  06:00:00,44560181.57924075 
 02/19  07:00:00,43318054.263780616 
 02/19  08:00:00,42157964.89920561 
 02/19  09:00:00,41069126.21369937 
 02/19  10:00:00,39815889.75252258 
 02/19  11:00:00,37482073.41389658 
 02/19  12:00:00,34801832.557207376 
 02/19  13:00:00,32342443.883080672 
 02/19  14:00:00,30270671.020686504 
 02/19  15:00:00,28990967.29435221 
 02/19  16:00:00,28946665.736172415 
 02/19  17:00:00,29498696.36520763 
 02/19  18:00:00,30055873.075518332 
 02/19  19:00:00,30940848.216752466 
 02/19  20:00:00,31925123.003619164 
 02/19  21:00:00,32067127.640176307 
 02/19  22:00:00,31160290.682445936 
 02/19  23:00:00,30115301.626730327 
 02/19  24:00:00,29322904.664460994 
 02/20  01:00:00,29079218.837368164 
 02/20  02:00:00,29089165.45330547 
 02/20  03:00:00,28687703.391315356 
 02/20  04:00:00,27736672.27051977 
 02/20  05:00:00,26795445.591020398 
 02/20  06:00:00,25803535.608147748 
 02/20  07:00:00,24838438.76771966 
 02/20  08:00:00,24424196.982291516 
 02/20  09:00:00,24278574.409285177 
 02/20  10:00:00,24298318.098018356 
 02/20  11:00:00,23887721.114259668 
 02/20  12:00:00,23271863.08089313 
 02/20  13:00:00,23039515.498757664 
 02/20  14:00:00,22586352.4224725 
 02/20  15:00:00,21829350.87285813 
 02/20  16:00:00,21570752.68680532 
 02/20  17:00:00,22879179.488985457 
 02/20  18:00:00,25992771.58220595 
 02/20  19:00:00,29640956.66827693 
 02/20  20:00:00,32648183.97640155 
 02/20  21:00:00,35106997.97408481 
 02/20  22:00:00,37341567.96762745 
 02/20  23:00:00,38994478.05500713 
 02/20  24:00:00,40207267.12300251 
 02/21  01:00:00,41564222.892675765 
 02/21  02:00:00,43200728.101198025 
 02/21  03:00:00,44783995.66143707 
 02/21  04:00:00,46165574.130514264 
 02/21  05:00:00,47599588.99683764 
 02/21  06:00:00,49075289.42406806 
 02/21  07:00:00,50426615.846914105 
 02/21  08:00:00,50913598.29342314 
 02/21  09:00:00,50668469.565463856 
 02/21  10:00:00,48105491.5143751 
 02/21  11:00:00,43469976.860117875 
 02/21  12:00:00,39352221.00420239 
 02/21  13:00:00,36406655.46678984 
 02/21  14:00:00,34671944.14653634 
 02/21  15:00:00,33358151.896994714 
 02/21  16:00:00,32299749.888732992 
 02/21  17:00:00,32519400.443112247 
 02/21  18:00:00,34018256.947719835 
 02/21  19:00:00,36692597.38286112 
 02/21  20:00:00,38688702.66292464 
 02/21  21:00:00,39177638.548857644 
 02/21  22:00:00,39166864.76864707 
 02/21  23:00:00,39099130.717500396 
 02/21  24:00:00,39307899.16394147 
 02/22  01:00:00,40108409.66619389 
 02/22  02:00:00,41270101.97236453 
 02/22  03:00:00,42558824.75823563 
 02/22  04:00:00,43726257.77145722 
 02/22  05:00:00,44556978.77190008 
 02/22  06:00:00,45570880.32726441 
 02/22  07:00:00,46334689.268748716 
 02/22  08:00:00,46943748.15809712 
 02/22  09:00:00,47116399.45629687 
 02/22  10:00:00,44743159.68276651 
 02/22  11:00:00,40082508.96468267 
 02/22  12:00:00,35433360.89876468 
 02/22  13:00:00,31885663.59886776 
 02/22  14:00:00,29063824.8604988 
 02/22  15:00:00,27681896.662952673 
 02/22  16:00:00,27590753.192625258 
 02/22  17:00:00,27699917.993763637 
 02/22  18:00:00,28817547.697163556 
 02/22  19:00:00,31296454.511087466 
 02/22  20:00:00,33064661.772192493 
 02/22  21:00:00,33884619.65713873 
 02/22  22:00:00,34019831.33620907 
 02/22  23:00:00,33628113.793730214 
 02/22  24:00:00,32948256.51603684 
 02/23  01:00:00,32245992.815034725 
 02/23  02:00:00,32016881.40595589 
 02/23  03:00:00,31652181.722149223 
 02/23  04:00:00,30725974.495278362 
 02/23  05:00:00,29653746.676873315 
 02/23  06:00:00,28991737.15107452 
 02/23  07:00:00,28282364.66750004 
 02/23  08:00:00,27768428.035489567 
 02/23  09:00:00,27508295.612393424 
 02/23  10:00:00,26535952.465340916 
 02/23  11:00:00,25602240.412360936 
 02/23  12:00:00,24597431.91640374 
 02/23  13:00:00,23350346.446089298 
 02/23  14:00:00,22657464.836263053 
 02/23  15:00:00,22207964.009175535 
 02/23  16:00:00,21479603.42487456 
 02/23  17:00:00,20818827.524325073 
 02/23  18:00:00,21237658.619300887 
 02/23  19:00:00,22226874.230066694 
 02/23  20:00:00,23166467.280128997 
 02/23  21:00:00,24276404.11635974 
 02/23  22:00:00,25421919.46936537 
 02/23  23:00:00,26461995.937772766 
 02/23  24:00:00,27261475.14428685 
 02/24  01:00:00,28233282.57920299 
 02/24  02:00:00,29188979.508649062 
 02/24  03:00:00,30048433.46558734 
 02/24  04:00:00,30739496.658246323 
 02/24  05:00:00,31478871.6297857 
 02/24  06:00:00,32325483.112344723 
 02/24  07:00:00,33045836.50586382 
 02/24  08:00:00,34368020.74810277 
 02/24  09:00:00,35607224.3806559 
 02/24  10:00:00,34168346.7251897 
 02/24  11:00:00,30005379.170154553 
 02/24  12:00:00,25475595.298225243 
 02/24  13:00:00,22962130.301773176 
 02/24  14:00:00,22523378.573493578 
 02/24  15:00:00,22846358.598405134 
 02/24  16:00:00,23166522.184031017 
 02/24  17:00:00,23710780.902801145 
 02/24  18:00:00,24483358.648235552 
 02/24  19:00:00,24755477.5971532 
 02/24  20:00:00,24843390.846049204 
 02/24  21:00:00,24932764.826727193 
 02/24  22:00:00,24897133.9196999 
 02/24  23:00:00,24157556.427044448 
 02/24  24:00:00,23163955.472972497 
 02/25  01:00:00,23655530.327833503 
 02/25  02:00:00,25385796.353637714 
 02/25  03:00:00,27662493.164844114 
 02/25  04:00:00,29826842.972039595 
 02/25  05:00:00,30508779.643905047 
 02/25  06:00:00,30281476.390282113 
 02/25  07:00:00,30285339.065430943 
 02/25  08:00:00,30844790.265115526 
 02/25  09:00:00,32156350.79277505 
 02/25  10:00:00,33674710.11353264 
 02/25  11:00:00,34525416.86671325 
 02/25  12:00:00,34600742.488800496 
 02/25  13:00:00,33044592.51828422 
 02/25  14:00:00,30439051.444900077 
 02/25  15:00:00,29131553.811192878 
 02/25  16:00:00,29403997.74495575 
 02/25  17:00:00,29787909.62679658 
 02/25  18:00:00,30660875.333810195 
 02/25  19:00:00,32760070.53333783 
 02/25  20:00:00,34750679.94266011 
 02/25  21:00:00,36066468.07614443 
 02/25  22:00:00,38058284.75450122 
 02/25  23:00:00,39693502.34608754 
 02/25  24:00:00,40598488.1842914 
 02/26  01:00:00,41454088.110439256 
 02/26  02:00:00,42818521.92212669 
 02/26  03:00:00,44792890.91085079 
 02/26  04:00:00,46988144.38957996 
 02/26  05:00:00,48621865.18533761 
 02/26  06:00:00,49810639.54644981 
 02/26  07:00:00,50810118.58342273 
 02/26  08:00:00,51257242.28925136 
 02/26  09:00:00,50476046.18305567 
 02/26  10:00:00,46473943.56697476 
 02/26  11:00:00,41084932.17329093 
 02/26  12:00:00,36308201.03417529 
 02/26  13:00:00,33132138.288799074 
 02/26  14:00:00,30974032.882591538 
 02/26  15:00:00,29864416.10841222 
 02/26  16:00:00,29639922.158075362 
 02/26  17:00:00,29972270.088373035 
 02/26  18:00:00,31645055.140615996 
 02/26  19:00:00,34909891.99589063 
 02/26  20:00:00,38276374.354373544 
 02/26  21:00:00,40062504.98114289 
 02/26  22:00:00,40999551.6684089 
 02/26  23:00:00,41342976.674529254 
 02/26  24:00:00,41159398.359731525 
 02/27  01:00:00,40472249.05706447 
 02/27  02:00:00,39340665.631953314 
 02/27  03:00:00,38020618.87335834 
 02/27  04:00:00,36802425.12087948 
 02/27  05:00:00,36707233.65051402 
 02/27  06:00:00,37263262.000468954 
 02/27  07:00:00,37297930.78939789 
 02/27  08:00:00,36959219.60815082 
 02/27  09:00:00,36317396.84804587 
 02/27  10:00:00,35183764.94454283 
 02/27  11:00:00,34445526.622791335 
 02/27  12:00:00,33062021.97111627 
 02/27  13:00:00,31264909.982634436 
 02/27  14:00:00,29856803.925427724 
 02/27  15:00:00,29110474.587143622 
 02/27  16:00:00,29674658.875015978 
 02/27  17:00:00,30956822.992141537 
 02/27  18:00:00,33216466.961320415 
 02/27  19:00:00,36395784.79789069 
 02/27  20:00:00,39663374.88789498 
 02/27  21:00:00,42676662.465451896 
 02/27  22:00:00,45799331.99033247 
 02/27  23:00:00,48087398.66869415 
 02/27  24:00:00,49619373.493635066 
 02/28  01:00:00,50817737.85897714 
 02/28  02:00:00,51009988.04239478 
 02/28  03:00:00,50458783.0617935 
 02/28  04:00:00,49560594.41391109 
 02/28  05:00:00,48012565.91194069 
 02/28  06:00:00,46727497.00655804 
 02/28  07:00:00,46231118.57679512 
 02/28  08:00:00,45865945.40019234 
 02/28  09:00:00,45809394.26314119 
 02/28  10:00:00,45600832.289658256 
 02/28  11:00:00,44380833.06297888 
 02/28  12:00:00,42577387.90709879 
 02/28  13:00:00,41644377.40047436 
 02/28  14:00:00,41957869.96991323 
 02/28  15:00:00,42422040.51741893 
 02/28  16:00:00,42213953.65663223 
 02/28  17:00:00,42227758.05387905 
 02/28  18:00:00,42782494.27840578 
 02/28  19:00:00,43055201.047593534 
 02/28  20:00:00,43072747.00933691 
 02/28  21:00:00,42936587.4952424 
 02/28  22:00:00,42794489.342852995 
 02/28  23:00:00,43874523.097270906 
 02/28  24:00:00,45311571.19340961 
 03/01  01:00:00,46412903.83953074 
 03/01  02:00:00,47956890.97114504 
 03/01  03:00:00,49783044.41170781 
 03/01  04:00:00,51654892.673478834 
 03/01  05:00:00,52768580.767371535 
 03/01  06:00:00,53637952.92487942 
 03/01  07:00:00,54556595.690937914 
 03/01  08:00:00,55789338.482168466 
 03/01  09:00:00,56163726.5415717 
 03/01  10:00:00,54007969.50214452 
 03/01  11:00:00,50111072.893595055 
 03/01  12:00:00,45690304.24048657 
 03/01  13:00:00,41670677.77553283 
 03/01  14:00:00,38715057.01535649 
 03/01  15:00:00,37085400.752848744 
 03/01  16:00:00,35924153.44759065 
 03/01  17:00:00,35171600.14076777 
 03/01  18:00:00,35933654.201857306 
 03/01  19:00:00,38827245.759653695 
 03/01  20:00:00,42083977.56427643 
 03/01  21:00:00,44424183.98189655 
 03/01  22:00:00,45115780.61625688 
 03/01  23:00:00,45966168.46578575 
 03/01  24:00:00,48307419.40849329 
 03/02  01:00:00,50364994.869154744 
 03/02  02:00:00,52053629.69985598 
 03/02  03:00:00,53141314.182830036 
 03/02  04:00:00,52914572.17093303 
 03/02  05:00:00,50449741.12496267 
 03/02  06:00:00,46423570.488028325 
 03/02  07:00:00,42945947.95927989 
 03/02  08:00:00,40695153.29365296 
 03/02  09:00:00,39139026.95363083 
 03/02  10:00:00,36928789.44200545 
 03/02  11:00:00,33578384.61275574 
 03/02  12:00:00,31027597.793497898 
 03/02  13:00:00,30645913.4690025 
 03/02  14:00:00,30934046.08890125 
 03/02  15:00:00,31187749.403078437 
 03/02  16:00:00,31774107.586713105 
 03/02  17:00:00,32137797.783032082 
 03/02  18:00:00,32136819.730892166 
 03/02  19:00:00,32451309.703988615 
 03/02  20:00:00,33191574.68041002 
 03/02  21:00:00,33986958.19109815 
 03/02  22:00:00,34683314.6010668 
 03/02  23:00:00,35283245.87705313 
 03/02  24:00:00,36204621.24498772 
 03/03  01:00:00,37322660.42460605 
 03/03  02:00:00,38863794.49761246 
 03/03  03:00:00,41023496.203231804 
 03/03  04:00:00,43414955.609793514 
 03/03  05:00:00,46533662.5714747 
 03/03  06:00:00,49436689.90223853 
 03/03  07:00:00,51452894.29319704 
 03/03  08:00:00,52672870.94560153 
 03/03  09:00:00,51258211.50163856 
 03/03  10:00:00,46076007.00488993 
 03/03  11:00:00,41278799.56069476 
 03/03  12:00:00,39125766.930702984 
 03/03  13:00:00,37603310.36162672 
 03/03  14:00:00,36839134.91211939 
 03/03  15:00:00,36564623.24099493 
 03/03  16:00:00,36666703.61249039 
 03/03  17:00:00,37756331.85390424 
 03/03  18:00:00,39391761.45454279 
 03/03  19:00:00,41761025.09341564 
 03/03  20:00:00,44846324.699396454 
 03/03  21:00:00,48042580.27737197 
 03/03  22:00:00,51008023.957131095 
 03/03  23:00:00,49939198.78134339 
 03/03  24:00:00,48387766.303711414 
 03/04  01:00:00,49737191.02959526 
 03/04  02:00:00,51361022.47881209 
 03/04  03:00:00,52440572.02224326 
 03/04  04:00:00,53271813.537383884 
 03/04  05:00:00,54653470.75252667 
 03/04  06:00:00,56346482.75747806 
 03/04  07:00:00,58235253.24281913 
 03/04  08:00:00,59499632.43749842 
 03/04  09:00:00,58069320.89384561 
 03/04  10:00:00,52995376.71581902 
 03/04  11:00:00,45939240.263089046 
 03/04  12:00:00,39727776.87242813 
 03/04  13:00:00,35248933.55697665 
 03/04  14:00:00,32875676.125467964 
 03/04  15:00:00,31896630.670502566 
 03/04  16:00:00,30584148.133647308 
 03/04  17:00:00,29882787.141030684 
 03/04  18:00:00,30316190.036667164 
 03/04  19:00:00,32884674.962863997 
 03/04  20:00:00,36865647.60307943 
 03/04  21:00:00,40325686.8220892 
 03/04  22:00:00,43643906.18837578 
 03/04  23:00:00,47714500.01286604 
 03/04  24:00:00,50880825.48481527 
 03/05  01:00:00,52648835.45602292 
 03/05  02:00:00,54147894.47442973 
 03/05  03:00:00,55332376.98950519 
 03/05  04:00:00,55927863.822548985 
 03/05  05:00:00,56527766.99161591 
 03/05  06:00:00,58793473.092240006 
 03/05  07:00:00,60115781.68027654 
 03/05  08:00:00,60650926.01487412 
 03/05  09:00:00,58943980.00334561 
 03/05  10:00:00,52298536.43499154 
 03/05  11:00:00,43859434.64368434 
 03/05  12:00:00,36771533.76844335 
 03/05  13:00:00,31884152.17385073 
 03/05  14:00:00,27891827.41452714 
 03/05  15:00:00,25015771.757706705 
 03/05  16:00:00,23476201.20496239 
 03/05  17:00:00,23187219.13789215 
 03/05  18:00:00,24517930.376615956 
 03/05  19:00:00,28084218.211675834 
 03/05  20:00:00,31528900.344452944 
 03/05  21:00:00,33280268.40380565 
 03/05  22:00:00,34833508.477033 
 03/05  23:00:00,36385822.47891105 
 03/05  24:00:00,38387496.16233815 
 03/06  01:00:00,40307219.977618404 
 03/06  02:00:00,41297841.62745086 
 03/06  03:00:00,41675406.71506338 
 03/06  04:00:00,41713939.34478267 
 03/06  05:00:00,41649623.43287076 
 03/06  06:00:00,41494895.04775964 
 03/06  07:00:00,41531179.342660256 
 03/06  08:00:00,41592949.029592216 
 03/06  09:00:00,40045911.58763821 
 03/06  10:00:00,36708901.92325801 
 03/06  11:00:00,32585219.221657425 
 03/06  12:00:00,28731710.156074155 
 03/06  13:00:00,25678053.43669105 
 03/06  14:00:00,23394357.523175836 
 03/06  15:00:00,22284246.42691431 
 03/06  16:00:00,22338084.661692698 
 03/06  17:00:00,23315435.447527334 
 03/06  18:00:00,24699209.215159014 
 03/06  19:00:00,26461270.187658474 
 03/06  20:00:00,28359296.896497864 
 03/06  21:00:00,29841747.130599447 
 03/06  22:00:00,30835460.92022136 
 03/06  23:00:00,31663020.511601627 
 03/06  24:00:00,32573536.645103674 
 03/07  01:00:00,33730836.461799055 
 03/07  02:00:00,35060881.82272974 
 03/07  03:00:00,35904843.62212972 
 03/07  04:00:00,36050564.27866127 
 03/07  05:00:00,35932781.56790496 
 03/07  06:00:00,35201508.23136854 
 03/07  07:00:00,33750984.09883983 
 03/07  08:00:00,32391621.782151014 
 03/07  09:00:00,30864571.350689273 
 03/07  10:00:00,29325326.84019726 
 03/07  11:00:00,27718052.087578557 
 03/07  12:00:00,25664212.666207183 
 03/07  13:00:00,22444952.815349385 
 03/07  14:00:00,18364659.8645446 
 03/07  15:00:00,14817320.081166018 
 03/07  16:00:00,13313369.522613673 
 03/07  17:00:00,12730050.786200846 
 03/07  18:00:00,14051507.817922326 
 03/07  19:00:00,18592463.763709575 
 03/07  20:00:00,22796750.780385684 
 03/07  21:00:00,25877635.870424986 
 03/07  22:00:00,29150423.762110367 
 03/07  23:00:00,30832230.96906444 
 03/07  24:00:00,32247161.72772098 
 03/08  01:00:00,34183932.0046463 
 03/08  02:00:00,35321459.5850524 
 03/08  03:00:00,36496883.76734403 
 03/08  04:00:00,36962352.89910977 
 03/08  05:00:00,36839626.768737935 
 03/08  06:00:00,36697074.83511787 
 03/08  07:00:00,35654333.268084385 
 03/08  08:00:00,34308296.23609949 
 03/08  09:00:00,33315651.283611596 
 03/08  10:00:00,31685699.053709187 
 03/08  11:00:00,29344597.254853126 
 03/08  12:00:00,26263716.76652581 
 03/08  13:00:00,22048699.443758965 
 03/08  14:00:00,18100438.804766763 
 03/08  15:00:00,15734474.922472917 
 03/08  16:00:00,14690806.630157838 
 03/08  17:00:00,14763611.698447967 
 03/08  18:00:00,16529721.760043548 
 03/08  19:00:00,19904705.885990217 
 03/08  20:00:00,23696824.341281164 
 03/08  21:00:00,27010019.36078151 
 03/08  22:00:00,28741163.545951977 
 03/08  23:00:00,28897749.473321065 
 03/08  24:00:00,28600508.447928302 
 03/09  01:00:00,28966789.784885004 
 03/09  02:00:00,30247811.1154705 
 03/09  03:00:00,31386866.833776373 
 03/09  04:00:00,32572990.794029698 
 03/09  05:00:00,34319111.150135085 
 03/09  06:00:00,35812551.22752662 
 03/09  07:00:00,36767959.46629373 
 03/09  08:00:00,37584162.796855375 
 03/09  09:00:00,35997731.348310724 
 03/09  10:00:00,30568164.049057666 
 03/09  11:00:00,23970383.050251536 
 03/09  12:00:00,18170790.51972558 
 03/09  13:00:00,13217907.749773394 
 03/09  14:00:00,9456847.467244558 
 03/09  15:00:00,7121852.657064494 
 03/09  16:00:00,6011353.565737494 
 03/09  17:00:00,6130252.723365003 
 03/09  18:00:00,7802644.954486926 
 03/09  19:00:00,11973634.11173657 
 03/09  20:00:00,17835395.94623296 
 03/09  21:00:00,22894833.065437447 
 03/09  22:00:00,26710264.702574838 
 03/09  23:00:00,31293038.243792154 
 03/09  24:00:00,34825816.35483272 
 03/10  01:00:00,36416827.05343137 
 03/10  02:00:00,37556569.99309299 
 03/10  03:00:00,39748414.931588404 
 03/10  04:00:00,43546013.1503932 
 03/10  05:00:00,46765511.58776637 
 03/10  06:00:00,48510642.326378435 
 03/10  07:00:00,48284551.91406253 
 03/10  08:00:00,46121483.035629965 
 03/10  09:00:00,42079136.91335154 
 03/10  10:00:00,35231822.86534821 
 03/10  11:00:00,28834831.518715635 
 03/10  12:00:00,24694564.409621667 
 03/10  13:00:00,22051324.74747909 
 03/10  14:00:00,21667552.84323804 
 03/10  15:00:00,22405651.747476622 
 03/10  16:00:00,23531061.90943211 
 03/10  17:00:00,25389395.456348527 
 03/10  18:00:00,28242202.327939708 
 03/10  19:00:00,31370335.06177368 
 03/10  20:00:00,34083284.54224638 
 03/10  21:00:00,35993375.599397086 
 03/10  22:00:00,37348573.30589943 
 03/10  23:00:00,37661301.78259563 
 03/10  24:00:00,37535410.20307893 
 03/11  01:00:00,38134698.05863844 
 03/11  02:00:00,38897056.19164404 
 03/11  03:00:00,39677767.41083622 
 03/11  04:00:00,40068756.55828232 
 03/11  05:00:00,39862189.92664661 
 03/11  06:00:00,39684421.34568194 
 03/11  07:00:00,39899889.454222664 
 03/11  08:00:00,40258856.044002995 
 03/11  09:00:00,40170942.49067795 
 03/11  10:00:00,39187664.49002337 
 03/11  11:00:00,37586820.101188086 
 03/11  12:00:00,35320467.527212724 
 03/11  13:00:00,32903362.942956157 
 03/11  14:00:00,30836562.889067855 
 03/11  15:00:00,29176925.59353832 
 03/11  16:00:00,27463545.709316943 
 03/11  17:00:00,26236010.0688186 
 03/11  18:00:00,26552167.313701823 
 03/11  19:00:00,28490847.07227371 
 03/11  20:00:00,31316024.123233985 
 03/11  21:00:00,34290397.717864595 
 03/11  22:00:00,36954309.271146625 
 03/11  23:00:00,40055869.04478808 
 03/11  24:00:00,42928458.26260797 
 03/12  01:00:00,44599422.81241944 
 03/12  02:00:00,46488867.262525335 
 03/12  03:00:00,48767549.45397702 
 03/12  04:00:00,50464073.410845645 
 03/12  05:00:00,51292284.93513529 
 03/12  06:00:00,51516877.27085821 
 03/12  07:00:00,51349537.622386985 
 03/12  08:00:00,51197072.904053375 
 03/12  09:00:00,49873030.628497995 
 03/12  10:00:00,46878496.588103786 
 03/12  11:00:00,42498018.620575406 
 03/12  12:00:00,37922329.49487264 
 03/12  13:00:00,33647895.87516317 
 03/12  14:00:00,28985835.70578016 
 03/12  15:00:00,24522509.75340053 
 03/12  16:00:00,20975947.654433634 
 03/12  17:00:00,18971513.35095379 
 03/12  18:00:00,18977161.44651712 
 03/12  19:00:00,21869245.50392067 
 03/12  20:00:00,26572756.485092904 
 03/12  21:00:00,31452169.40907202 
 03/12  22:00:00,35330531.24883807 
 03/12  23:00:00,38572699.80499393 
 03/12  24:00:00,41351468.62106701 
 03/13  01:00:00,43510505.48667048 
 03/13  02:00:00,45522995.315198496 
 03/13  03:00:00,46897756.15583517 
 03/13  04:00:00,47496464.4573903 
 03/13  05:00:00,48301996.37943768 
 03/13  06:00:00,49330280.03265115 
 03/13  07:00:00,49873974.95734987 
 03/13  08:00:00,49820572.46312719 
 03/13  09:00:00,48801480.691782266 
 03/13  10:00:00,45716070.244754784 
 03/13  11:00:00,40545597.40268973 
 03/13  12:00:00,34511418.285841584 
 03/13  13:00:00,28450331.00753283 
 03/13  14:00:00,23019561.443912 
 03/13  15:00:00,19137389.7731024 
 03/13  16:00:00,16301348.286253152 
 03/13  17:00:00,14926603.821526675 
 03/13  18:00:00,15788807.115836179 
 03/13  19:00:00,20169650.544160653 
 03/13  20:00:00,25525482.73642504 
 03/13  21:00:00,28753804.30331107 
 03/13  22:00:00,31388015.897253223 
 03/13  23:00:00,34502509.9111492 
 03/13  24:00:00,38129289.03515963 
 03/14  01:00:00,41848793.53238747 
 03/14  02:00:00,45383863.557660095 
 03/14  03:00:00,47773603.53076222 
 03/14  04:00:00,47811367.607245766 
 03/14  05:00:00,47706237.57713529 
 03/14  06:00:00,48423316.47107707 
 03/14  07:00:00,49149340.99325319 
 03/14  08:00:00,49361625.586116165 
 03/14  09:00:00,48820328.49422612 
 03/14  10:00:00,46815350.97444575 
 03/14  11:00:00,43456322.31880927 
 03/14  12:00:00,38335392.06500081 
 03/14  13:00:00,30949069.211085215 
 03/14  14:00:00,23615193.047618017 
 03/14  15:00:00,18215083.085783184 
 03/14  16:00:00,15230951.609234514 
 03/14  17:00:00,13756265.497045938 
 03/14  18:00:00,14456780.044822332 
 03/14  19:00:00,18077177.195570927 
 03/14  20:00:00,22126631.008849103 
 03/14  21:00:00,24933934.773326717 
 03/14  22:00:00,26793001.33355357 
 03/14  23:00:00,28347673.56599336 
 03/14  24:00:00,30129495.397122964 
 03/15  01:00:00,32285222.42352216 
 03/15  02:00:00,33894834.0102506 
 03/15  03:00:00,33705177.34653786 
 03/15  04:00:00,32883497.43299882 
 03/15  05:00:00,32010815.52677238 
 03/15  06:00:00,31272055.621859178 
 03/15  07:00:00,30571018.34631346 
 03/15  08:00:00,30047229.81014461 
 03/15  09:00:00,30069161.771804582 
 03/15  10:00:00,28935460.090463523 
 03/15  11:00:00,26424801.306239348 
 03/15  12:00:00,22883923.529971395 
 03/15  13:00:00,18363051.80472951 
 03/15  14:00:00,13630088.666328836 
 03/15  15:00:00,10530191.476021009 
 03/15  16:00:00,9123084.50297771 
 03/15  17:00:00,8726359.124624077 
 03/15  18:00:00,9637923.198070897 
 03/15  19:00:00,12478171.992143732 
 03/15  20:00:00,16123119.48632699 
 03/15  21:00:00,18903754.247021403 
 03/15  22:00:00,21548403.561797168 
 03/15  23:00:00,23969232.61088114 
 03/15  24:00:00,25944276.081272654 
 03/16  01:00:00,27514047.124982473 
 03/16  02:00:00,28694139.3303358 
 03/16  03:00:00,29680221.42670242 
 03/16  04:00:00,30784574.133659985 
 03/16  05:00:00,31429341.938740797 
 03/16  06:00:00,31719972.764828667 
 03/16  07:00:00,32228887.96077342 
 03/16  08:00:00,32109336.508965608 
 03/16  09:00:00,29889589.219075285 
 03/16  10:00:00,26255306.25913067 
 03/16  11:00:00,21977389.755716596 
 03/16  12:00:00,17479677.914169658 
 03/16  13:00:00,13664336.99005583 
 03/16  14:00:00,10641979.053205835 
 03/16  15:00:00,8282072.534656566 
 03/16  16:00:00,6321985.326584476 
 03/16  17:00:00,5057572.2192162005 
 03/16  18:00:00,5552396.213894006 
 03/16  19:00:00,8525049.251970597 
 03/16  20:00:00,13327718.474065589 
 03/16  21:00:00,17532597.322086923 
 03/16  22:00:00,20190566.59979701 
 03/16  23:00:00,22496399.715509288 
 03/16  24:00:00,24315895.82731005 
 03/17  01:00:00,25577203.566955823 
 03/17  02:00:00,26745713.889782816 
 03/17  03:00:00,28193162.22783691 
 03/17  04:00:00,29914163.24774979 
 03/17  05:00:00,31291858.692866877 
 03/17  06:00:00,32930385.797990173 
 03/17  07:00:00,34244354.087095454 
 03/17  08:00:00,34400386.75758126 
 03/17  09:00:00,32724969.51847144 
 03/17  10:00:00,29588834.615542363 
 03/17  11:00:00,26594407.202419553 
 03/17  12:00:00,24117656.811988395 
 03/17  13:00:00,22049839.728193235 
 03/17  14:00:00,20545002.729596782 
 03/17  15:00:00,19139404.753785416 
 03/17  16:00:00,17622231.35041748 
 03/17  17:00:00,17356255.73727907 
 03/17  18:00:00,18442904.824518934 
 03/17  19:00:00,20047718.262757007 
 03/17  20:00:00,21755007.258441567 
 03/17  21:00:00,23729263.922533955 
 03/17  22:00:00,26360524.111475386 
 03/17  23:00:00,28460638.707515135 
 03/17  24:00:00,29839056.74733276 
 03/18  01:00:00,31375947.404837772 
 03/18  02:00:00,32766373.766927313 
 03/18  03:00:00,33740032.28617338 
 03/18  04:00:00,34157425.29161728 
 03/18  05:00:00,34732556.80956711 
 03/18  06:00:00,35452856.237328365 
 03/18  07:00:00,35351019.84491194 
 03/18  08:00:00,34762023.86378163 
 03/18  09:00:00,33637408.26364067 
 03/18  10:00:00,31520079.40711209 
 03/18  11:00:00,28365603.430723708 
 03/18  12:00:00,25463667.58974736 
 03/18  13:00:00,23532743.782025337 
 03/18  14:00:00,23264888.857331663 
 03/18  15:00:00,22965583.445738688 
 03/18  16:00:00,21075834.860033754 
 03/18  17:00:00,19448525.383688435 
 03/18  18:00:00,19082456.740767766 
 03/18  19:00:00,20231600.19245416 
 03/18  20:00:00,21913716.170770917 
 03/18  21:00:00,23451059.634363383 
 03/18  22:00:00,25005890.040518247 
 03/18  23:00:00,25943401.101837166 
 03/18  24:00:00,27653468.364428356 
 03/19  01:00:00,30243146.771954257 
 03/19  02:00:00,32283748.579155028 
 03/19  03:00:00,32977510.80272851 
 03/19  04:00:00,32872299.886473984 
 03/19  05:00:00,32962924.53960913 
 03/19  06:00:00,33084979.012284145 
 03/19  07:00:00,33349458.22521393 
 03/19  08:00:00,33594432.3381243 
 03/19  09:00:00,32951538.586504564 
 03/19  10:00:00,30973289.369191304 
 03/19  11:00:00,28085024.5396989 
 03/19  12:00:00,25145879.752224967 
 03/19  13:00:00,22110987.233796157 
 03/19  14:00:00,19058933.52046038 
 03/19  15:00:00,16507533.185004193 
 03/19  16:00:00,14628796.017543286 
 03/19  17:00:00,13902140.954755438 
 03/19  18:00:00,14530965.596955787 
 03/19  19:00:00,17941420.450539242 
 03/19  20:00:00,23026832.32777985 
 03/19  21:00:00,27239405.45522869 
 03/19  22:00:00,30548029.836056817 
 03/19  23:00:00,32771082.22092481 
 03/19  24:00:00,34277353.69392103 
 03/20  01:00:00,34654543.53964045 
 03/20  02:00:00,34568495.97053691 
 03/20  03:00:00,34572879.05563955 
 03/20  04:00:00,34083250.542045526 
 03/20  05:00:00,32901880.600959025 
 03/20  06:00:00,31941421.897699833 
 03/20  07:00:00,31831490.522234637 
 03/20  08:00:00,30924885.07763428 
 03/20  09:00:00,28541490.893338792 
 03/20  10:00:00,25767361.631023124 
 03/20  11:00:00,23204248.843595132 
 03/20  12:00:00,20730717.498971317 
 03/20  13:00:00,19524868.95157605 
 03/20  14:00:00,19206765.807747103 
 03/20  15:00:00,19207558.782392606 
 03/20  16:00:00,19927358.54481894 
 03/20  17:00:00,20713160.684717238 
 03/20  18:00:00,21432351.31338327 
 03/20  19:00:00,22465568.183121596 
 03/20  20:00:00,23371556.32200491 
 03/20  21:00:00,23927554.706372987 
 03/20  22:00:00,24663870.398303576 
 03/20  23:00:00,26005533.397158794 
 03/20  24:00:00,28295948.153876428 
 03/21  01:00:00,30164667.779425163 
 03/21  02:00:00,31262054.859924123 
 03/21  03:00:00,32345632.573074248 
 03/21  04:00:00,33278607.061242513 
 03/21  05:00:00,34231415.72388981 
 03/21  06:00:00,35320329.50116892 
 03/21  07:00:00,36719604.76366124 
 03/21  08:00:00,38670479.95693225 
 03/21  09:00:00,39304558.42258423 
 03/21  10:00:00,36891143.74270184 
 03/21  11:00:00,33405947.3918717 
 03/21  12:00:00,30186921.684436843 
 03/21  13:00:00,27594860.37568222 
 03/21  14:00:00,26395972.48640602 
 03/21  15:00:00,25745390.63943097 
 03/21  16:00:00,25236582.33885475 
 03/21  17:00:00,25958557.537383534 
 03/21  18:00:00,27829921.352961816 
 03/21  19:00:00,30120456.59605512 
 03/21  20:00:00,32654750.80615771 
 03/21  21:00:00,34546408.00267667 
 03/21  22:00:00,35080080.89077447 
 03/21  23:00:00,35337237.491889484 
 03/21  24:00:00,36221126.4146343 
 03/22  01:00:00,36590631.99074526 
 03/22  02:00:00,36852658.29722281 
 03/22  03:00:00,38665988.36834739 
 03/22  04:00:00,40813519.53854448 
 03/22  05:00:00,42458312.21770761 
 03/22  06:00:00,44048316.446615525 
 03/22  07:00:00,45282491.11303537 
 03/22  08:00:00,46390951.04706417 
 03/22  09:00:00,45647991.52537948 
 03/22  10:00:00,42739872.93663495 
 03/22  11:00:00,40105160.62621461 
 03/22  12:00:00,37807832.98295918 
 03/22  13:00:00,34952366.966309085 
 03/22  14:00:00,32571959.479787346 
 03/22  15:00:00,30856460.64976867 
 03/22  16:00:00,29877326.363672793 
 03/22  17:00:00,29677104.904098004 
 03/22  18:00:00,30196355.36867672 
 03/22  19:00:00,31961986.85079273 
 03/22  20:00:00,34883724.73219456 
 03/22  21:00:00,37091079.53862046 
 03/22  22:00:00,38009228.51129837 
 03/22  23:00:00,41189806.588564344 
 03/22  24:00:00,44810911.64841898 
 03/23  01:00:00,46747741.95646917 
 03/23  02:00:00,48286856.58347022 
 03/23  03:00:00,49858330.152538195 
 03/23  04:00:00,51353991.20529353 
 03/23  05:00:00,52602686.135237806 
 03/23  06:00:00,53828413.490651555 
 03/23  07:00:00,54402337.73708139 
 03/23  08:00:00,53452370.11027643 
 03/23  09:00:00,50249982.561330914 
 03/23  10:00:00,45920605.52637988 
 03/23  11:00:00,41857956.67621995 
 03/23  12:00:00,38146613.9086532 
 03/23  13:00:00,35952955.308722325 
 03/23  14:00:00,36133017.703650706 
 03/23  15:00:00,36095596.71517964 
 03/23  16:00:00,34889303.21860778 
 03/23  17:00:00,34097862.704087436 
 03/23  18:00:00,33958860.213258706 
 03/23  19:00:00,35300061.999056436 
 03/23  20:00:00,38044793.49682214 
 03/23  21:00:00,41008996.46871695 
 03/23  22:00:00,43556734.71520063 
 03/23  23:00:00,46056835.17325541 
 03/23  24:00:00,48945958.45126305 
 03/24  01:00:00,52219444.34505535 
 03/24  02:00:00,55351785.17633676 
 03/24  03:00:00,58651961.946541086 
 03/24  04:00:00,60032921.245671146 
 03/24  05:00:00,59762046.2874637 
 03/24  06:00:00,60297108.5869952 
 03/24  07:00:00,60570372.0028851 
 03/24  08:00:00,61365011.343517065 
 03/24  09:00:00,58623259.76627771 
 03/24  10:00:00,51182695.363775045 
 03/24  11:00:00,43633941.008733615 
 03/24  12:00:00,37925591.79063457 
 03/24  13:00:00,33915829.56483807 
 03/24  14:00:00,31733900.3190733 
 03/24  15:00:00,30800485.745898753 
 03/24  16:00:00,30692211.812469576 
 03/24  17:00:00,31353969.110337812 
 03/24  18:00:00,32556729.65740975 
 03/24  19:00:00,34285495.92930143 
 03/24  20:00:00,36139309.06895655 
 03/24  21:00:00,37955305.24995117 
 03/24  22:00:00,38964056.32856549 
 03/24  23:00:00,39639445.87919494 
 03/24  24:00:00,40108293.20641983 
 03/25  01:00:00,40172764.04972978 
 03/25  02:00:00,39910208.478337005 
 03/25  03:00:00,39511422.01850007 
 03/25  04:00:00,39375363.692707166 
 03/25  05:00:00,39372195.87526099 
 03/25  06:00:00,39227657.879873805 
 03/25  07:00:00,39231362.48126006 
 03/25  08:00:00,39505697.33494618 
 03/25  09:00:00,39201041.17512843 
 03/25  10:00:00,38345311.98982745 
 03/25  11:00:00,37924012.71828355 
 03/25  12:00:00,37304901.56978571 
 03/25  13:00:00,36737864.273124605 
 03/25  14:00:00,36075465.61135077 
 03/25  15:00:00,34876824.317839295 
 03/25  16:00:00,34114827.71420664 
 03/25  17:00:00,33280946.01776977 
 03/25  18:00:00,33246695.826884683 
 03/25  19:00:00,34519057.24005303 
 03/25  20:00:00,37175517.55816573 
 03/25  21:00:00,40622047.4866105 
 03/25  22:00:00,43112961.50042766 
 03/25  23:00:00,45738842.762821086 
 03/25  24:00:00,47990854.08662273 
 03/26  01:00:00,49433359.493748784 
 03/26  02:00:00,51403590.77615188 
 03/26  03:00:00,53007432.25487531 
 03/26  04:00:00,53793444.660617866 
 03/26  05:00:00,54291716.511797905 
 03/26  06:00:00,54411108.74414425 
 03/26  07:00:00,54439881.69938255 
 03/26  08:00:00,53250593.573179245 
 03/26  09:00:00,50034028.578029625 
 03/26  10:00:00,46568803.550511226 
 03/26  11:00:00,43626462.11211467 
 03/26  12:00:00,40612143.16796218 
 03/26  13:00:00,38474926.160564266 
 03/26  14:00:00,37249432.474512 
 03/26  15:00:00,36789103.87129522 
 03/26  16:00:00,37815561.3203375 
 03/26  17:00:00,40063325.428628795 
 03/26  18:00:00,42843738.00466027 
 03/26  19:00:00,44861414.79993823 
 03/26  20:00:00,46488609.43780466 
 03/26  21:00:00,48749875.94567394 
 03/26  22:00:00,50210017.277362116 
 03/26  23:00:00,51648211.33869073 
 03/26  24:00:00,52985092.14566656 
 03/27  01:00:00,53513575.147219025 
 03/27  02:00:00,54194320.833512396 
 03/27  03:00:00,55145221.154214345 
 03/27  04:00:00,56263719.92644248 
 03/27  05:00:00,56921704.47477921 
 03/27  06:00:00,57364589.45138951 
 03/27  07:00:00,57002838.60144811 
 03/27  08:00:00,55897249.69911761 
 03/27  09:00:00,53246168.55285082 
 03/27  10:00:00,48710443.31122346 
 03/27  11:00:00,43881838.799803466 
 03/27  12:00:00,39487803.08060821 
 03/27  13:00:00,36542255.12372014 
 03/27  14:00:00,34610133.32962709 
 03/27  15:00:00,33269456.308402102 
 03/27  16:00:00,33242731.033188093 
 03/27  17:00:00,34589411.70254735 
 03/27  18:00:00,36905919.16527732 
 03/27  19:00:00,38896025.404558845 
 03/27  20:00:00,41459553.01152822 
 03/27  21:00:00,44246777.154547706 
 03/27  22:00:00,46117051.19786227 
 03/27  23:00:00,47734493.35056958 
 03/27  24:00:00,49272608.46023422 
 03/28  01:00:00,50102451.15608287 
 03/28  02:00:00,50281525.204161555 
 03/28  03:00:00,50451284.66170229 
 03/28  04:00:00,50591161.61235739 
 03/28  05:00:00,49628953.94694028 
 03/28  06:00:00,48134714.78043734 
 03/28  07:00:00,46795277.96835774 
 03/28  08:00:00,45542152.001368135 
 03/28  09:00:00,43807011.24644183 
 03/28  10:00:00,40780981.9336276 
 03/28  11:00:00,36507467.45068008 
 03/28  12:00:00,32128083.19747404 
 03/28  13:00:00,29275462.111350827 
 03/28  14:00:00,26715613.764946003 
 03/28  15:00:00,23681793.63494481 
 03/28  16:00:00,21838318.33185068 
 03/28  17:00:00,22328476.116358165 
 03/28  18:00:00,24024732.95989791 
 03/28  19:00:00,26206164.017869134 
 03/28  20:00:00,28702569.359714955 
 03/28  21:00:00,30591033.402726784 
 03/28  22:00:00,31501769.11270726 
 03/28  23:00:00,32454579.963622566 
 03/28  24:00:00,33645594.0979936 
 03/29  01:00:00,34318612.47758964 
 03/29  02:00:00,34589017.592196085 
 03/29  03:00:00,34698861.20993488 
 03/29  04:00:00,34838475.6372109 
 03/29  05:00:00,34676554.374872744 
 03/29  06:00:00,34642740.601893485 
 03/29  07:00:00,34363207.46574476 
 03/29  08:00:00,33346911.758470647 
 03/29  09:00:00,29659957.72108292 
 03/29  10:00:00,23388102.65329876 
 03/29  11:00:00,17280570.29637794 
 03/29  12:00:00,12752326.539458754 
 03/29  13:00:00,9293522.478460915 
 03/29  14:00:00,6618617.029115686 
 03/29  15:00:00,5141014.426247572 
 03/29  16:00:00,4966363.974173496 
 03/29  17:00:00,5387480.780574545 
 03/29  18:00:00,6061452.48483679 
 03/29  19:00:00,7938498.324452918 
 03/29  20:00:00,11459817.379890889 
 03/29  21:00:00,15230188.741300197 
 03/29  22:00:00,17906204.974593136 
 03/29  23:00:00,20551231.09212859 
 03/29  24:00:00,23204006.61880348 
 03/30  01:00:00,24657096.056332678 
 03/30  02:00:00,25938774.136902817 
 03/30  03:00:00,27682426.83812717 
 03/30  04:00:00,29887736.68815466 
 03/30  05:00:00,31919021.950652488 
 03/30  06:00:00,33152796.68344991 
 03/30  07:00:00,33642319.67494867 
 03/30  08:00:00,33581494.266703576 
 03/30  09:00:00,30459381.938498374 
 03/30  10:00:00,24032327.938560147 
 03/30  11:00:00,17242998.222404417 
 03/30  12:00:00,11225544.001644088 
 03/30  13:00:00,6027118.319295551 
 03/30  14:00:00,2816041.174005258 
 03/30  15:00:00,2010161.0148368462 
 03/30  16:00:00,1964599.4126672507 
 03/30  17:00:00,2212813.0930270767 
 03/30  18:00:00,3231885.362641298 
 03/30  19:00:00,5326219.171953912 
 03/30  20:00:00,8743009.868246933 
 03/30  21:00:00,12124082.023009153 
 03/30  22:00:00,14541459.18023089 
 03/30  23:00:00,15277666.132386193 
 03/30  24:00:00,15150777.556859324 
 03/31  01:00:00,15640287.719312487 
 03/31  02:00:00,16773695.614917422 
 03/31  03:00:00,18457930.91538821 
 03/31  04:00:00,20308326.69768014 
 03/31  05:00:00,23000231.346641786 
 03/31  06:00:00,25197861.014392108 
 03/31  07:00:00,25911789.089125972 
 03/31  08:00:00,25081379.035167087 
 03/31  09:00:00,22369440.790034745 
 03/31  10:00:00,19037910.849508002 
 03/31  11:00:00,15833330.328737838 
 03/31  12:00:00,13140160.88045475 
 03/31  13:00:00,10767354.386675911 
 03/31  14:00:00,9325716.992314316 
 03/31  15:00:00,8503603.427855257 
 03/31  16:00:00,7870614.561245375 
 03/31  17:00:00,7719419.611793872 
 03/31  18:00:00,8527162.705988953 
 03/31  19:00:00,10230960.327582575 
 03/31  20:00:00,12453644.413308872 
 03/31  21:00:00,15728432.959292114 
 03/31  22:00:00,18309203.20755715 
 03/31  23:00:00,21590355.987294924 
 03/31  24:00:00,23576745.676376827 
 04/01  01:00:00,22376377.34272703 
 04/01  02:00:00,21244752.59510883 
 04/01  03:00:00,21766657.982646044 
 04/01  04:00:00,24199827.15468358 
 04/01  05:00:00,28154004.452627033 
 04/01  06:00:00,32784349.95707249 
 04/01  07:00:00,35025910.18540201 
 04/01  08:00:00,33983778.475121826 
 04/01  09:00:00,30278583.425845925 
 04/01  10:00:00,25644225.532692388 
 04/01  11:00:00,21824861.284601923 
 04/01  12:00:00,18595963.29935056 
 04/01  13:00:00,15631803.178535188 
 04/01  14:00:00,12027669.57571089 
 04/01  15:00:00,8181897.639689176 
 04/01  16:00:00,5013914.687080292 
 04/01  17:00:00,3640767.3194846436 
 04/01  18:00:00,3602180.8164406917 
 04/01  19:00:00,5309667.43722054 
 04/01  20:00:00,9268729.901884882 
 04/01  21:00:00,13234054.7086722 
 04/01  22:00:00,16475376.907597747 
 04/01  23:00:00,17741885.885512035 
 04/01  24:00:00,18692938.746878877 
 04/02  01:00:00,20479841.107863497 
 04/02  02:00:00,21203685.083837055 
 04/02  03:00:00,21440053.53097509 
 04/02  04:00:00,21882487.06372451 
 04/02  05:00:00,22345936.785929758 
 04/02  06:00:00,22780074.38958744 
 04/02  07:00:00,23201642.096277397 
 04/02  08:00:00,22624241.606188677 
 04/02  09:00:00,20066030.842025317 
 04/02  10:00:00,16096770.74720426 
 04/02  11:00:00,12071967.162726708 
 04/02  12:00:00,8470141.355069822 
 04/02  13:00:00,6304781.481487141 
 04/02  14:00:00,5333094.213134069 
 04/02  15:00:00,4419979.567729536 
 04/02  16:00:00,3818815.682763857 
 04/02  17:00:00,4131172.838636418 
 04/02  18:00:00,5263009.565232019 
 04/02  19:00:00,6909895.471096924 
 04/02  20:00:00,9339993.504860573 
 04/02  21:00:00,11881403.595700594 
 04/02  22:00:00,13332524.838663628 
 04/02  23:00:00,14479476.903088909 
 04/02  24:00:00,15614972.58545139 
 04/03  01:00:00,16527347.141532876 
 04/03  02:00:00,17909642.267174922 
 04/03  03:00:00,19083472.00403632 
 04/03  04:00:00,19828752.704474088 
 04/03  05:00:00,20748224.728473034 
 04/03  06:00:00,21649658.689018026 
 04/03  07:00:00,22428056.94563379 
 04/03  08:00:00,22335786.268890146 
 04/03  09:00:00,20760407.509423096 
 04/03  10:00:00,17686724.442600105 
 04/03  11:00:00,14116214.437173134 
 04/03  12:00:00,10884584.425426565 
 04/03  13:00:00,7859708.097452445 
 04/03  14:00:00,6325918.786292606 
 04/03  15:00:00,6138940.61393668 
 04/03  16:00:00,6578072.269129433 
 04/03  17:00:00,8179172.88165688 
 04/03  18:00:00,10285702.349603996 
 04/03  19:00:00,12490580.791618818 
 04/03  20:00:00,15058453.34431702 
 04/03  21:00:00,17186749.818694204 
 04/03  22:00:00,18196090.021477308 
 04/03  23:00:00,18560686.870490707 
 04/03  24:00:00,18773097.894857973 
 04/04  01:00:00,18948696.97214169 
 04/04  02:00:00,18819515.822941612 
 04/04  03:00:00,18680787.763948217 
 04/04  04:00:00,18913469.00979546 
 04/04  05:00:00,19576923.916644227 
 04/04  06:00:00,20363026.371119127 
 04/04  07:00:00,21037598.339900248 
 04/04  08:00:00,21764369.57468682 
 04/04  09:00:00,21941898.074523747 
 04/04  10:00:00,20838278.66743648 
 04/04  11:00:00,19391492.22308812 
 04/04  12:00:00,17392471.92387137 
 04/04  13:00:00,15554878.986168414 
 04/04  14:00:00,14425844.079436606 
 04/04  15:00:00,13391944.437721975 
 04/04  16:00:00,12091386.55016441 
 04/04  17:00:00,11601620.009128256 
 04/04  18:00:00,12176745.116825929 
 04/04  19:00:00,13141333.328643555 
 04/04  20:00:00,15603327.536270699 
 04/04  21:00:00,19451327.02858693 
 04/04  22:00:00,22842884.105543666 
 04/04  23:00:00,24336080.71728376 
 04/04  24:00:00,25704819.937650643 
 04/05  01:00:00,28241728.626623414 
 04/05  02:00:00,31235048.814146828 
 04/05  03:00:00,33612827.385581076 
 04/05  04:00:00,35154715.61564823 
 04/05  05:00:00,36619554.40266156 
 04/05  06:00:00,37397128.16700864 
 04/05  07:00:00,36966825.53922393 
 04/05  08:00:00,34357777.675969936 
 04/05  09:00:00,29895512.32209316 
 04/05  10:00:00,25187088.73679589 
 04/05  11:00:00,21099582.178035464 
 04/05  12:00:00,18154021.887637343 
 04/05  13:00:00,15956477.376064194 
 04/05  14:00:00,14719543.56082208 
 04/05  15:00:00,14255255.065498618 
 04/05  16:00:00,14145636.33025004 
 04/05  17:00:00,14761291.034754742 
 04/05  18:00:00,15307575.558786297 
 04/05  19:00:00,15288298.823588137 
 04/05  20:00:00,15302277.496836688 
 04/05  21:00:00,15337675.548883688 
 04/05  22:00:00,15267391.810401678 
 04/05  23:00:00,15474353.228676157 
 04/05  24:00:00,15954798.342103861 
 04/06  01:00:00,16190014.334360888 
 04/06  02:00:00,16318304.940320285 
 04/06  03:00:00,16442492.285122916 
 04/06  04:00:00,16579275.85828305 
 04/06  05:00:00,16585785.269390602 
 04/06  06:00:00,16336114.746032039 
 04/06  07:00:00,16205783.792287106 
 04/06  08:00:00,16063441.85284561 
 04/06  09:00:00,15917722.005475175 
 04/06  10:00:00,15480731.954821507 
 04/06  11:00:00,14797285.269501619 
 04/06  12:00:00,14206261.192456298 
 04/06  13:00:00,13321867.756489918 
 04/06  14:00:00,11763847.833935954 
 04/06  15:00:00,10627652.218639094 
 04/06  16:00:00,10339748.632529337 
 04/06  17:00:00,10727282.895322302 
 04/06  18:00:00,11538136.093024606 
 04/06  19:00:00,12424236.880938811 
 04/06  20:00:00,13343714.668466043 
 04/06  21:00:00,14043123.895308841 
 04/06  22:00:00,14643247.388637723 
 04/06  23:00:00,14693096.712065386 
 04/06  24:00:00,14509371.470675422 
 04/07  01:00:00,14555059.592347182 
 04/07  02:00:00,14727964.21822997 
 04/07  03:00:00,14896069.99325115 
 04/07  04:00:00,15223539.04451643 
 04/07  05:00:00,15519101.771552373 
 04/07  06:00:00,15705291.239012564 
 04/07  07:00:00,16017953.834708082 
 04/07  08:00:00,16059706.727290455 
 04/07  09:00:00,15962102.580740297 
 04/07  10:00:00,15699115.100766305 
 04/07  11:00:00,14763379.231868371 
 04/07  12:00:00,13400799.316487538 
 04/07  13:00:00,12414325.081210176 
 04/07  14:00:00,12329563.126664003 
 04/07  15:00:00,12743788.253742456 
 04/07  16:00:00,12637054.084292741 
 04/07  17:00:00,12196946.383007878 
 04/07  18:00:00,12685350.296193024 
 04/07  19:00:00,14252354.535137026 
 04/07  20:00:00,16918211.416196544 
 04/07  21:00:00,20440631.67769681 
 04/07  22:00:00,23841252.56901581 
 04/07  23:00:00,27487110.747337792 
 04/07  24:00:00,30836190.7806416 
 04/08  01:00:00,32999588.96683438 
 04/08  02:00:00,34375963.70323223 
 04/08  03:00:00,35485022.05333955 
 04/08  04:00:00,36997238.28423871 
 04/08  05:00:00,38761708.29151559 
 04/08  06:00:00,40229340.67579616 
 04/08  07:00:00,41469319.12689366 
 04/08  08:00:00,40694501.49632658 
 04/08  09:00:00,37606749.23628963 
 04/08  10:00:00,34073529.089218825 
 04/08  11:00:00,31128841.105968595 
 04/08  12:00:00,28503618.07945419 
 04/08  13:00:00,26380659.71762453 
 04/08  14:00:00,24130568.21815236 
 04/08  15:00:00,22374542.782110922 
 04/08  16:00:00,21440955.535781544 
 04/08  17:00:00,20185198.79068856 
 04/08  18:00:00,19919771.394312397 
 04/08  19:00:00,21795349.903922826 
 04/08  20:00:00,25209430.0746697 
 04/08  21:00:00,29307962.143918715 
 04/08  22:00:00,33093608.243381467 
 04/08  23:00:00,35885504.01477642 
 04/08  24:00:00,37987163.44217646 
 04/09  01:00:00,40213769.836917005 
 04/09  02:00:00,42235153.576242685 
 04/09  03:00:00,44129930.196870446 
 04/09  04:00:00,45376545.211457066 
 04/09  05:00:00,45464176.40283775 
 04/09  06:00:00,45188720.116379075 
 04/09  07:00:00,45065033.86814225 
 04/09  08:00:00,42361489.06242324 
 04/09  09:00:00,36538010.780897155 
 04/09  10:00:00,30041057.32688705 
 04/09  11:00:00,25404125.176384047 
 04/09  12:00:00,21766450.335206516 
 04/09  13:00:00,18182737.56591525 
 04/09  14:00:00,15276393.385315057 
 04/09  15:00:00,13134678.848022679 
 04/09  16:00:00,12065813.646073548 
 04/09  17:00:00,11917491.710598692 
 04/09  18:00:00,12398831.361866243 
 04/09  19:00:00,13868879.931952456 
 04/09  20:00:00,16422334.336442452 
 04/09  21:00:00,19084790.204319198 
 04/09  22:00:00,22275550.034091678 
 04/09  23:00:00,25606776.35630676 
 04/09  24:00:00,27862252.70982236 
 04/10  01:00:00,30139354.8482052 
 04/10  02:00:00,32114791.93699188 
 04/10  03:00:00,34218894.07598928 
 04/10  04:00:00,36367216.27922926 
 04/10  05:00:00,38177313.37780496 
 04/10  06:00:00,39800270.71999177 
 04/10  07:00:00,40571793.88455967 
 04/10  08:00:00,38867485.098865196 
 04/10  09:00:00,34946679.35011856 
 04/10  10:00:00,29846219.374488868 
 04/10  11:00:00,24056056.72051627 
 04/10  12:00:00,19681994.670500707 
 04/10  13:00:00,17837026.713500664 
 04/10  14:00:00,16555492.317331886 
 04/10  15:00:00,14729071.948569188 
 04/10  16:00:00,13549614.730569705 
 04/10  17:00:00,13528756.86899882 
 04/10  18:00:00,14333470.950403642 
 04/10  19:00:00,15231621.474179314 
 04/10  20:00:00,16624065.920672992 
 04/10  21:00:00,18321385.062092926 
 04/10  22:00:00,19758122.92430388 
 04/10  23:00:00,21323947.419870194 
 04/10  24:00:00,22786938.984888747 
 04/11  01:00:00,24001890.411337897 
 04/11  02:00:00,25253915.843394227 
 04/11  03:00:00,26441894.756957 
 04/11  04:00:00,27118196.920306697 
 04/11  05:00:00,27707221.34941142 
 04/11  06:00:00,28464435.80910075 
 04/11  07:00:00,29358867.348785825 
 04/11  08:00:00,29582456.683035456 
 04/11  09:00:00,27739921.083139416 
 04/11  10:00:00,24337017.452537715 
 04/11  11:00:00,20853957.421862375 
 04/11  12:00:00,18373516.68203447 
 04/11  13:00:00,15914832.97910361 
 04/11  14:00:00,13709985.685653042 
 04/11  15:00:00,12126259.911591817 
 04/11  16:00:00,11453548.844298232 
 04/11  17:00:00,11570762.11849142 
 04/11  18:00:00,11364676.965504257 
 04/11  19:00:00,12124541.78585518 
 04/11  20:00:00,15065840.294972325 
 04/11  21:00:00,18670633.576491103 
 04/11  22:00:00,21954606.4837027 
 04/11  23:00:00,26601724.18833407 
 04/11  24:00:00,29617286.633390937 
 04/12  01:00:00,29358314.682238385 
 04/12  02:00:00,31919504.662054367 
 04/12  03:00:00,37109832.5113133 
 04/12  04:00:00,38874881.164037436 
 04/12  05:00:00,37940597.480571896 
 04/12  06:00:00,37320632.24499919 
 04/12  07:00:00,36712090.58880812 
 04/12  08:00:00,34709634.13014647 
 04/12  09:00:00,30933875.244777963 
 04/12  10:00:00,27276099.470972016 
 04/12  11:00:00,24297421.26236904 
 04/12  12:00:00,21246377.03738091 
 04/12  13:00:00,19006073.54003874 
 04/12  14:00:00,17793363.077240903 
 04/12  15:00:00,17434035.690948155 
 04/12  16:00:00,17791551.343672868 
 04/12  17:00:00,18825505.86432373 
 04/12  18:00:00,19037152.441383686 
 04/12  19:00:00,19058175.538665645 
 04/12  20:00:00,20606846.685996406 
 04/12  21:00:00,22698499.17170502 
 04/12  22:00:00,23970311.284728996 
 04/12  23:00:00,25341715.899929572 
 04/12  24:00:00,26287263.35151539 
 04/13  01:00:00,27191589.64459895 
 04/13  02:00:00,28392211.459895186 
 04/13  03:00:00,28920381.20200943 
 04/13  04:00:00,29639140.217001773 
 04/13  05:00:00,30935243.265244603 
 04/13  06:00:00,32061781.44987976 
 04/13  07:00:00,33465048.69566719 
 04/13  08:00:00,33387347.125696886 
 04/13  09:00:00,30971863.334854167 
 04/13  10:00:00,28043130.37923716 
 04/13  11:00:00,25192358.603695087 
 04/13  12:00:00,22616048.719452485 
 04/13  13:00:00,20246259.212816846 
 04/13  14:00:00,17733087.791495357 
 04/13  15:00:00,15677803.97291184 
 04/13  16:00:00,14045048.248380061 
 04/13  17:00:00,12970682.86595611 
 04/13  18:00:00,13221677.934916323 
 04/13  19:00:00,14408946.590667604 
 04/13  20:00:00,17157533.876661282 
 04/13  21:00:00,20232340.480548315 
 04/13  22:00:00,23125640.854103103 
 04/13  23:00:00,25915234.330301333 
 04/13  24:00:00,28479417.727876462 
 04/14  01:00:00,31068412.82063724 
 04/14  02:00:00,33146910.242383428 
 04/14  03:00:00,35106961.18155685 
 04/14  04:00:00,36580028.99857666 
 04/14  05:00:00,37089124.484404676 
 04/14  06:00:00,37912212.47312417 
 04/14  07:00:00,38753913.121551156 
 04/14  08:00:00,37278994.04783845 
 04/14  09:00:00,33281166.428165764 
 04/14  10:00:00,29141496.064103104 
 04/14  11:00:00,25674982.11317408 
 04/14  12:00:00,22614813.48492171 
 04/14  13:00:00,19989044.409939483 
 04/14  14:00:00,17882666.686553758 
 04/14  15:00:00,16556643.830105986 
 04/14  16:00:00,15444500.613162138 
 04/14  17:00:00,14417698.626878824 
 04/14  18:00:00,14113859.061997686 
 04/14  19:00:00,15047954.357899673 
 04/14  20:00:00,18400413.678892866 
 04/14  21:00:00,22865215.37195108 
 04/14  22:00:00,26703459.46024149 
 04/14  23:00:00,30798616.197597 
 04/14  24:00:00,34688377.03598768 
 04/15  01:00:00,38491454.50263424 
 04/15  02:00:00,42894985.81000112 
 04/15  03:00:00,47148212.22195416 
 04/15  04:00:00,50318076.552051134 
 04/15  05:00:00,52129277.650447614 
 04/15  06:00:00,52559642.56383431 
 04/15  07:00:00,51893806.50006201 
 04/15  08:00:00,47878123.62391247 
 04/15  09:00:00,40867040.68015723 
 04/15  10:00:00,35324379.64799137 
 04/15  11:00:00,31462164.898737263 
 04/15  12:00:00,28023131.503891677 
 04/15  13:00:00,25016955.1963042 
 04/15  14:00:00,22697287.669529565 
 04/15  15:00:00,20911932.674358916 
 04/15  16:00:00,19929235.19367447 
 04/15  17:00:00,19917100.654845715 
 04/15  18:00:00,20918694.578822568 
 04/15  19:00:00,23243022.10609315 
 04/15  20:00:00,27233902.039917618 
 04/15  21:00:00,31901532.04720475 
 04/15  22:00:00,35637220.91634842 
 04/15  23:00:00,38719243.11304436 
 04/15  24:00:00,41542716.45808974 
 04/16  01:00:00,44617359.28707799 
 04/16  02:00:00,47646304.00834643 
 04/16  03:00:00,50036867.782747045 
 04/16  04:00:00,51550013.29118245 
 04/16  05:00:00,51807638.50938687 
 04/16  06:00:00,52437856.92898242 
 04/16  07:00:00,52390615.31566831 
 04/16  08:00:00,47893431.37092168 
 04/16  09:00:00,40985775.12439986 
 04/16  10:00:00,34905381.35108016 
 04/16  11:00:00,29716615.93127756 
 04/16  12:00:00,25339056.28270222 
 04/16  13:00:00,21745128.662083045 
 04/16  14:00:00,18417065.18666502 
 04/16  15:00:00,15395889.484387847 
 04/16  16:00:00,13334154.828782868 
 04/16  17:00:00,12366757.097040799 
 04/16  18:00:00,12684662.898326106 
 04/16  19:00:00,14740682.271730796 
 04/16  20:00:00,19440391.037987694 
 04/16  21:00:00,26311812.076052897 
 04/16  22:00:00,31621544.835233554 
 04/16  23:00:00,33975101.827678084 
 04/16  24:00:00,36036253.36587094 
 04/17  01:00:00,38383055.676203325 
 04/17  02:00:00,40057625.0510912 
 04/17  03:00:00,40932098.04867866 
 04/17  04:00:00,41199015.5717312 
 04/17  05:00:00,40720250.299481094 
 04/17  06:00:00,39866276.426911496 
 04/17  07:00:00,40193366.51817386 
 04/17  08:00:00,38160239.76860499 
 04/17  09:00:00,32096510.76290437 
 04/17  10:00:00,25513874.12229891 
 04/17  11:00:00,19608740.25307732 
 04/17  12:00:00,14865422.491810337 
 04/17  13:00:00,11440408.501175076 
 04/17  14:00:00,9757336.080690812 
 04/17  15:00:00,9423284.164410522 
 04/17  16:00:00,9491063.427406527 
 04/17  17:00:00,10198276.660775661 
 04/17  18:00:00,11564396.805894505 
 04/17  19:00:00,13219102.145378666 
 04/17  20:00:00,15509532.061778855 
 04/17  21:00:00,17886994.79439778 
 04/17  22:00:00,19741410.853046477 
 04/17  23:00:00,21521636.625272643 
 04/17  24:00:00,23102619.018015742 
 04/18  01:00:00,26264028.98336747 
 04/18  02:00:00,30652103.752262916 
 04/18  03:00:00,34346870.34078826 
 04/18  04:00:00,37452261.98735394 
 04/18  05:00:00,40203130.59769524 
 04/18  06:00:00,42188744.80071185 
 04/18  07:00:00,42784081.11639557 
 04/18  08:00:00,40925782.916866295 
 04/18  09:00:00,37254358.73095831 
 04/18  10:00:00,33453165.647178456 
 04/18  11:00:00,30568558.622522004 
 04/18  12:00:00,28445388.890581336 
 04/18  13:00:00,26858686.99031148 
 04/18  14:00:00,25706662.713656075 
 04/18  15:00:00,24079507.924413152 
 04/18  16:00:00,23231399.777190834 
 04/18  17:00:00,23210370.358269025 
 04/18  18:00:00,23249345.685262628 
 04/18  19:00:00,24815741.55061099 
 04/18  20:00:00,27371648.714970037 
 04/18  21:00:00,30440934.620008897 
 04/18  22:00:00,33774854.449094035 
 04/18  23:00:00,37035278.60534205 
 04/18  24:00:00,40383007.027552426 
 04/19  01:00:00,43692040.74087772 
 04/19  02:00:00,46298138.85416779 
 04/19  03:00:00,47530702.85619222 
 04/19  04:00:00,48226445.785645686 
 04/19  05:00:00,48569446.56781272 
 04/19  06:00:00,48093585.250372514 
 04/19  07:00:00,46723860.04060499 
 04/19  08:00:00,44119801.69759391 
 04/19  09:00:00,40694518.40869425 
 04/19  10:00:00,36543355.353260346 
 04/19  11:00:00,31736831.11305999 
 04/19  12:00:00,29091654.12003668 
 04/19  13:00:00,27504996.21282707 
 04/19  14:00:00,25069508.549818173 
 04/19  15:00:00,23583209.442891885 
 04/19  16:00:00,22567539.602217834 
 04/19  17:00:00,21501766.877611324 
 04/19  18:00:00,21656483.58195053 
 04/19  19:00:00,23399899.097568322 
 04/19  20:00:00,25893040.575178865 
 04/19  21:00:00,28984303.4440388 
 04/19  22:00:00,32516477.310956918 
 04/19  23:00:00,35178681.674754515 
 04/19  24:00:00,36436231.16711259 
 04/20  01:00:00,37363739.14258434 
 04/20  02:00:00,37856220.71940519 
 04/20  03:00:00,37972764.919570275 
 04/20  04:00:00,37240976.51802241 
 04/20  05:00:00,35939176.415380225 
 04/20  06:00:00,34705369.929266356 
 04/20  07:00:00,33255959.63819145 
 04/20  08:00:00,31093830.13079022 
 04/20  09:00:00,28346821.671035487 
 04/20  10:00:00,26600479.916812524 
 04/20  11:00:00,24404060.213038288 
 04/20  12:00:00,21758918.52650513 
 04/20  13:00:00,20163061.859338485 
 04/20  14:00:00,19681740.646322664 
 04/20  15:00:00,19764350.564928543 
 04/20  16:00:00,20757549.240177505 
 04/20  17:00:00,21230290.5617919 
 04/20  18:00:00,21267038.29426312 
 04/20  19:00:00,22589035.25262939 
 04/20  20:00:00,24495795.270654365 
 04/20  21:00:00,26842170.59864056 
 04/20  22:00:00,29622232.556103334 
 04/20  23:00:00,31090889.623518974 
 04/20  24:00:00,31590788.063578144 
 04/21  01:00:00,32666195.9106939 
 04/21  02:00:00,34676331.217384286 
 04/21  03:00:00,36971556.23278422 
 04/21  04:00:00,38247205.34928171 
 04/21  05:00:00,39818577.922070876 
 04/21  06:00:00,41263928.56461985 
 04/21  07:00:00,40450036.589420065 
 04/21  08:00:00,36693438.80029829 
 04/21  09:00:00,30155463.199746117 
 04/21  10:00:00,23446905.17556807 
 04/21  11:00:00,18445092.169145502 
 04/21  12:00:00,13771269.7510818 
 04/21  13:00:00,9508580.852933126 
 04/21  14:00:00,7124598.455525173 
 04/21  15:00:00,4544304.102892662 
 04/21  16:00:00,3204781.845123094 
 04/21  17:00:00,5175059.321800992 
 04/21  18:00:00,7722657.235171041 
 04/21  19:00:00,9251218.120709056 
 04/21  20:00:00,11950766.242954316 
 04/21  21:00:00,14514219.896602819 
 04/21  22:00:00,16284067.162571201 
 04/21  23:00:00,17919806.242887832 
 04/21  24:00:00,19554221.146903932 
 04/22  01:00:00,21581859.246145774 
 04/22  02:00:00,22943200.102828186 
 04/22  03:00:00,23798930.727257088 
 04/22  04:00:00,24479849.227416553 
 04/22  05:00:00,24863278.91786216 
 04/22  06:00:00,24953304.004417382 
 04/22  07:00:00,24733692.333702605 
 04/22  08:00:00,24473743.905154385 
 04/22  09:00:00,23722672.1141111 
 04/22  10:00:00,22113380.004142582 
 04/22  11:00:00,20975565.75839853 
 04/22  12:00:00,19579008.75801182 
 04/22  13:00:00,17167218.178448327 
 04/22  14:00:00,15713747.547545122 
 04/22  15:00:00,14925714.598462598 
 04/22  16:00:00,13932847.948945511 
 04/22  17:00:00,13753496.190090884 
 04/22  18:00:00,14508951.493285634 
 04/22  19:00:00,15566161.115265427 
 04/22  20:00:00,17241091.00847072 
 04/22  21:00:00,19477163.380922727 
 04/22  22:00:00,21115233.01776464 
 04/22  23:00:00,22823502.316023882 
 04/22  24:00:00,24614269.492064156 
 04/23  01:00:00,25645888.421901964 
 04/23  02:00:00,26725438.713035446 
 04/23  03:00:00,28267818.030074354 
 04/23  04:00:00,30089883.473704584 
 04/23  05:00:00,31763391.28068812 
 04/23  06:00:00,32896482.37940535 
 04/23  07:00:00,32583182.173723437 
 04/23  08:00:00,29042908.761028484 
 04/23  09:00:00,23388552.623660944 
 04/23  10:00:00,18059971.49260303 
 04/23  11:00:00,14980555.820307044 
 04/23  12:00:00,12696682.566329502 
 04/23  13:00:00,10235950.540849598 
 04/23  14:00:00,9574308.250418626 
 04/23  15:00:00,9758053.447827606 
 04/23  16:00:00,9922153.597055376 
 04/23  17:00:00,11072301.645829774 
 04/23  18:00:00,12966699.28905839 
 04/23  19:00:00,15179982.136239035 
 04/23  20:00:00,17219107.05130056 
 04/23  21:00:00,18690567.31534828 
 04/23  22:00:00,19668695.00463374 
 04/23  23:00:00,20099013.03308378 
 04/23  24:00:00,20763403.056412198 
 04/24  01:00:00,22184863.36582813 
 04/24  02:00:00,23757591.80476368 
 04/24  03:00:00,25343810.83755402 
 04/24  04:00:00,26318620.141728424 
 04/24  05:00:00,26266840.189541414 
 04/24  06:00:00,26262876.56641863 
 04/24  07:00:00,26533847.923656553 
 04/24  08:00:00,26370084.1254174 
 04/24  09:00:00,24887620.65608373 
 04/24  10:00:00,22276408.48910723 
 04/24  11:00:00,20043635.2083155 
 04/24  12:00:00,17656581.418519817 
 04/24  13:00:00,14862815.821163042 
 04/24  14:00:00,12424176.429191768 
 04/24  15:00:00,10907428.94922582 
 04/24  16:00:00,9618561.057852857 
 04/24  17:00:00,8672105.779357266 
 04/24  18:00:00,8818001.102987763 
 04/24  19:00:00,10020033.9697699 
 04/24  20:00:00,12173384.548963526 
 04/24  21:00:00,15362358.182999872 
 04/24  22:00:00,18108613.6173154 
 04/24  23:00:00,19526923.801608726 
 04/24  24:00:00,20720147.51488771 
 04/25  01:00:00,22193805.862527307 
 04/25  02:00:00,23835838.74340699 
 04/25  03:00:00,25208654.47248333 
 04/25  04:00:00,26619340.95765213 
 04/25  05:00:00,27411404.069530915 
 04/25  06:00:00,27862575.11372165 
 04/25  07:00:00,28502409.96459327 
 04/25  08:00:00,28430978.51555222 
 04/25  09:00:00,27622969.061666 
 04/25  10:00:00,26885211.73026998 
 04/25  11:00:00,26351144.79087095 
 04/25  12:00:00,25360030.74293183 
 04/25  13:00:00,23484011.356839314 
 04/25  14:00:00,21888247.90798013 
 04/25  15:00:00,21046680.263573725 
 04/25  16:00:00,20329553.438756928 
 04/25  17:00:00,20478682.96918217 
 04/25  18:00:00,22181934.572886378 
 04/25  19:00:00,23626378.431973774 
 04/25  20:00:00,24388556.7554011 
 04/25  21:00:00,25495377.111441027 
 04/25  22:00:00,26991079.160801064 
 04/25  23:00:00,28996610.49875648 
 04/25  24:00:00,30412286.649124324 
 04/26  01:00:00,30913182.57569283 
 04/26  02:00:00,31087786.699409653 
 04/26  03:00:00,30521310.60637833 
 04/26  04:00:00,29300288.130748346 
 04/26  05:00:00,28212202.81946473 
 04/26  06:00:00,27646163.071754653 
 04/26  07:00:00,27001635.15008256 
 04/26  08:00:00,26234154.356657118 
 04/26  09:00:00,24713578.645217758 
 04/26  10:00:00,22255940.94908755 
 04/26  11:00:00,19894041.049739305 
 04/26  12:00:00,17902607.268085804 
 04/26  13:00:00,16064514.458381472 
 04/26  14:00:00,14353799.558605082 
 04/26  15:00:00,13421008.887511278 
 04/26  16:00:00,13603901.44023874 
 04/26  17:00:00,14357632.855707407 
 04/26  18:00:00,15331921.689957786 
 04/26  19:00:00,17069972.80112762 
 04/26  20:00:00,19830104.450371645 
 04/26  21:00:00,22612061.051091194 
 04/26  22:00:00,25092378.700131908 
 04/26  23:00:00,26428110.068219446 
 04/26  24:00:00,27284517.564913563 
 04/27  01:00:00,28093271.656663656 
 04/27  02:00:00,28607534.24073706 
 04/27  03:00:00,29479173.625491902 
 04/27  04:00:00,30074857.07905282 
 04/27  05:00:00,30219063.994335398 
 04/27  06:00:00,30400133.98571957 
 04/27  07:00:00,30366984.24510717 
 04/27  08:00:00,29738525.068524007 
 04/27  09:00:00,28447779.334425222 
 04/27  10:00:00,26507754.564520232 
 04/27  11:00:00,23514843.447987463 
 04/27  12:00:00,20510075.48687623 
 04/27  13:00:00,18799943.664558887 
 04/27  14:00:00,17708536.187431645 
 04/27  15:00:00,16322136.088209454 
 04/27  16:00:00,15619471.247463938 
 04/27  17:00:00,16621790.368438607 
 04/27  18:00:00,17570179.284290228 
 04/27  19:00:00,18130551.1245194 
 04/27  20:00:00,19409965.223196488 
 04/27  21:00:00,21328771.388192214 
 04/27  22:00:00,23064749.670764152 
 04/27  23:00:00,23888337.870271858 
 04/27  24:00:00,24431483.9369619 
 04/28  01:00:00,25406984.192495354 
 04/28  02:00:00,26300875.37122179 
 04/28  03:00:00,26964143.41691587 
 04/28  04:00:00,27495053.50211514 
 04/28  05:00:00,27750535.056792594 
 04/28  06:00:00,27565543.34128867 
 04/28  07:00:00,27028626.33519779 
 04/28  08:00:00,26208045.4014104 
 04/28  09:00:00,24660734.240629703 
 04/28  10:00:00,21916602.241362605 
 04/28  11:00:00,18744270.618708164 
 04/28  12:00:00,16246543.53238927 
 04/28  13:00:00,13911903.999196272 
 04/28  14:00:00,11727786.268231954 
 04/28  15:00:00,9848109.918734198 
 04/28  16:00:00,9580812.011945551 
 04/28  17:00:00,11264065.87419872 
 04/28  18:00:00,11544598.190639198 
 04/28  19:00:00,11751089.544751909 
 04/28  20:00:00,14603570.968298754 
 04/28  21:00:00,18661730.23919886 
 04/28  22:00:00,21061060.747502334 
 04/28  23:00:00,22738855.643923286 
 04/28  24:00:00,25093928.618612997 
 04/29  01:00:00,26838245.74921931 
 04/29  02:00:00,27641064.642068315 
 04/29  03:00:00,27797462.555676527 
 04/29  04:00:00,27342075.076447934 
 04/29  05:00:00,27002818.35179499 
 04/29  06:00:00,26788163.73011192 
 04/29  07:00:00,26552285.526837494 
 04/29  08:00:00,25881630.74421105 
 04/29  09:00:00,24651997.966533184 
 04/29  10:00:00,22769557.164682094 
 04/29  11:00:00,20181704.265327927 
 04/29  12:00:00,17254694.31223007 
 04/29  13:00:00,14887182.851702139 
 04/29  14:00:00,13081260.414024094 
 04/29  15:00:00,12745903.900405534 
 04/29  16:00:00,12874345.8256311 
 04/29  17:00:00,12126381.437474914 
 04/29  18:00:00,11864350.208808517 
 04/29  19:00:00,12766864.410280447 
 04/29  20:00:00,15327704.830006896 
 04/29  21:00:00,18500555.347778562 
 04/29  22:00:00,21192002.449933033 
 04/29  23:00:00,24811518.69658035 
 04/29  24:00:00,28500230.03967745 
 04/30  01:00:00,31085549.002836604 
 04/30  02:00:00,33179989.801033795 
 04/30  03:00:00,33983817.09030433 
 04/30  04:00:00,33598072.70532733 
 04/30  05:00:00,33447875.73181795 
 04/30  06:00:00,33514240.01918259 
 04/30  07:00:00,33113705.29587057 
 04/30  08:00:00,31793009.319717098 
 04/30  09:00:00,29089955.35247754 
 04/30  10:00:00,25217525.03610824 
 04/30  11:00:00,19536706.493417516 
 04/30  12:00:00,13510734.085480716 
 04/30  13:00:00,8901712.521769619 
 04/30  14:00:00,5684508.195881197 
 04/30  15:00:00,3972845.6223875633 
 04/30  16:00:00,3979333.163495962 
 04/30  17:00:00,4519417.856749212 
 04/30  18:00:00,5198186.318557378 
 04/30  19:00:00,7092468.1913213935 
 04/30  20:00:00,10184814.704725835 
 04/30  21:00:00,14183106.084749794 
 04/30  22:00:00,18091799.66215987 
 04/30  23:00:00,21299155.83423202 
 04/30  24:00:00,24455847.939115208 
 05/01  01:00:00,26977439.799967606 
 05/01  02:00:00,28408207.68864015 
 05/01  03:00:00,29075126.25007567 
 05/01  04:00:00,28877841.501422998 
 05/01  05:00:00,28136633.904374994 
 05/01  06:00:00,26629731.38025287 
 05/01  07:00:00,25791377.579715226 
 05/01  08:00:00,25361129.37651703 
 05/01  09:00:00,24119059.24641716 
 05/01  10:00:00,22555957.912056047 
 05/01  11:00:00,21936641.06778616 
 05/01  12:00:00,21764995.39001347 
 05/01  13:00:00,20243263.89887933 
 05/01  14:00:00,18370386.09110659 
 05/01  15:00:00,17548808.293629054 
 05/01  16:00:00,17200648.705095287 
 05/01  17:00:00,16605310.742343549 
 05/01  18:00:00,15898511.757936304 
 05/01  19:00:00,16452035.021350902 
 05/01  20:00:00,18093331.553240553 
 05/01  21:00:00,19641074.11390891 
 05/01  22:00:00,20424858.400478005 
 05/01  23:00:00,21396941.566030674 
 05/01  24:00:00,22255043.73157768 
 05/02  01:00:00,22786769.686656408 
 05/02  02:00:00,23894591.187831882 
 05/02  03:00:00,25167207.809347443 
 05/02  04:00:00,26475506.460848734 
 05/02  05:00:00,27661876.493302893 
 05/02  06:00:00,28431293.87105598 
 05/02  07:00:00,28990948.4815658 
 05/02  08:00:00,28761269.17522261 
 05/02  09:00:00,27756754.25760211 
 05/02  10:00:00,26301730.59120807 
 05/02  11:00:00,25113943.0035146 
 05/02  12:00:00,24379193.887680724 
 05/02  13:00:00,23495298.665216204 
 05/02  14:00:00,22598368.07059762 
 05/02  15:00:00,22181487.409963124 
 05/02  16:00:00,22025296.441129155 
 05/02  17:00:00,22539031.491873197 
 05/02  18:00:00,23748717.398154657 
 05/02  19:00:00,24577217.590267844 
 05/02  20:00:00,26070881.596983314 
 05/02  21:00:00,28875808.96743489 
 05/02  22:00:00,32330532.186946463 
 05/02  23:00:00,36098906.71141314 
 05/02  24:00:00,39615656.28487252 
 05/03  01:00:00,42527405.04259379 
 05/03  02:00:00,45653751.4954323 
 05/03  03:00:00,48081623.53690381 
 05/03  04:00:00,50203234.002694264 
 05/03  05:00:00,52675669.11884921 
 05/03  06:00:00,53787959.89614279 
 05/03  07:00:00,51658857.16015576 
 05/03  08:00:00,45786002.5417397 
 05/03  09:00:00,40140203.51912125 
 05/03  10:00:00,36320405.12554247 
 05/03  11:00:00,33449394.144026496 
 05/03  12:00:00,30770693.19866634 
 05/03  13:00:00,27738143.414867915 
 05/03  14:00:00,25063434.944269057 
 05/03  15:00:00,23123596.911761314 
 05/03  16:00:00,21775354.44426414 
 05/03  17:00:00,21004283.14548761 
 05/03  18:00:00,20648986.415375996 
 05/03  19:00:00,21160809.591831222 
 05/03  20:00:00,23683931.65496999 
 05/03  21:00:00,27720819.386715025 
 05/03  22:00:00,31024005.216793623 
 05/03  23:00:00,34056628.788732305 
 05/03  24:00:00,36692673.697001345 
 05/04  01:00:00,38618280.79086334 
 05/04  02:00:00,40538696.67458576 
 05/04  03:00:00,42491541.81716819 
 05/04  04:00:00,44443665.2252108 
 05/04  05:00:00,45798845.61798175 
 05/04  06:00:00,46246733.008023076 
 05/04  07:00:00,44713828.23630026 
 05/04  08:00:00,39653241.53921909 
 05/04  09:00:00,32733612.265264332 
 05/04  10:00:00,26880498.696232792 
 05/04  11:00:00,22439030.185268123 
 05/04  12:00:00,19191585.45548296 
 05/04  13:00:00,16683985.255117435 
 05/04  14:00:00,14339641.779202837 
 05/04  15:00:00,12296060.910372326 
 05/04  16:00:00,10977337.814486142 
 05/04  17:00:00,10812319.973909331 
 05/04  18:00:00,11056227.965400653 
 05/04  19:00:00,12007448.78768762 
 05/04  20:00:00,14737844.948086988 
 05/04  21:00:00,18005431.471472763 
 05/04  22:00:00,21528154.66653665 
 05/04  23:00:00,25790715.09085918 
 05/04  24:00:00,31165511.55087918 
 05/05  01:00:00,36611214.799633615 
 05/05  02:00:00,39980882.673477545 
 05/05  03:00:00,43175907.06715165 
 05/05  04:00:00,45449631.68195437 
 05/05  05:00:00,45842517.7306584 
 05/05  06:00:00,45776515.37363333 
 05/05  07:00:00,42762621.80455453 
 05/05  08:00:00,35849445.71681521 
 05/05  09:00:00,27385014.631757714 
 05/05  10:00:00,19795385.055977926 
 05/05  11:00:00,14076262.54258545 
 05/05  12:00:00,10365718.798583288 
 05/05  13:00:00,8041008.643943653 
 05/05  14:00:00,6425808.036484884 
 05/05  15:00:00,5249362.22972927 
 05/05  16:00:00,4737835.865467071 
 05/05  17:00:00,4901794.470873586 
 05/05  18:00:00,5217548.129073169 
 05/05  19:00:00,5907329.876863392 
 05/05  20:00:00,7339900.354429452 
 05/05  21:00:00,9671653.661760297 
 05/05  22:00:00,11972524.585859565 
 05/05  23:00:00,13510259.09998327 
 05/05  24:00:00,14600824.643992517 
 05/06  01:00:00,15268998.33814074 
 05/06  02:00:00,15990633.51342628 
 05/06  03:00:00,16930548.671433587 
 05/06  04:00:00,17738883.947960116 
 05/06  05:00:00,17863945.051890355 
 05/06  06:00:00,17179863.425592206 
 05/06  07:00:00,16629089.394913707 
 05/06  08:00:00,16587145.369219448 
 05/06  09:00:00,15944884.642996345 
 05/06  10:00:00,14278778.181945667 
 05/06  11:00:00,12217324.752902023 
 05/06  12:00:00,9949170.275987387 
 05/06  13:00:00,8051109.021391133 
 05/06  14:00:00,7178273.811714155 
 05/06  15:00:00,6569375.0361751495 
 05/06  16:00:00,5266433.404559526 
 05/06  17:00:00,4892460.9319254765 
 05/06  18:00:00,6405756.223610881 
 05/06  19:00:00,8831293.949195819 
 05/06  20:00:00,11767291.10418404 
 05/06  21:00:00,15537709.44316364 
 05/06  22:00:00,18468468.683214076 
 05/06  23:00:00,20230835.539482806 
 05/06  24:00:00,21793479.83042241 
 05/07  01:00:00,23013688.04484875 
 05/07  02:00:00,23900482.310283054 
 05/07  03:00:00,23958254.76276175 
 05/07  04:00:00,23519166.90728543 
 05/07  05:00:00,23042266.419369336 
 05/07  06:00:00,23550472.29810366 
 05/07  07:00:00,23860559.286404632 
 05/07  08:00:00,22621577.495367527 
 05/07  09:00:00,21012654.504188504 
 05/07  10:00:00,19363485.84301809 
 05/07  11:00:00,17431669.530262075 
 05/07  12:00:00,15709132.465432443 
 05/07  13:00:00,14669054.14820845 
 05/07  14:00:00,14251964.324960632 
 05/07  15:00:00,12962887.001894962 
 05/07  16:00:00,11861184.96602102 
 05/07  17:00:00,12589988.389004018 
 05/07  18:00:00,13546517.327382706 
 05/07  19:00:00,13951938.304126836 
 05/07  20:00:00,15300085.725610932 
 05/07  21:00:00,17505317.975383576 
 05/07  22:00:00,18751707.766606037 
 05/07  23:00:00,19145052.371860977 
 05/07  24:00:00,19854798.017088704 
 05/08  01:00:00,20273939.635467116 
 05/08  02:00:00,21109708.87041558 
 05/08  03:00:00,22003521.63773087 
 05/08  04:00:00,21935007.050754577 
 05/08  05:00:00,22036455.342740625 
 05/08  06:00:00,22297789.04770286 
 05/08  07:00:00,22477562.8678889 
 05/08  08:00:00,22208976.89049512 
 05/08  09:00:00,21674879.667545058 
 05/08  10:00:00,21345141.32085783 
 05/08  11:00:00,20584186.187070817 
 05/08  12:00:00,18865766.719462547 
 05/08  13:00:00,16157817.729343574 
 05/08  14:00:00,13699904.094101066 
 05/08  15:00:00,11966711.691951957 
 05/08  16:00:00,10633665.24730634 
 05/08  17:00:00,9972173.87390281 
 05/08  18:00:00,9838011.505856482 
 05/08  19:00:00,10015893.773086729 
 05/08  20:00:00,10658366.693232896 
 05/08  21:00:00,11879460.68312857 
 05/08  22:00:00,13657800.984365487 
 05/08  23:00:00,15024918.038615167 
 05/08  24:00:00,16182974.20761717 
 05/09  01:00:00,17264370.741765697 
 05/09  02:00:00,17985701.461309522 
 05/09  03:00:00,18894258.797088567 
 05/09  04:00:00,19869272.53337316 
 05/09  05:00:00,20639437.60798862 
 05/09  06:00:00,21030087.972260177 
 05/09  07:00:00,21473670.720417902 
 05/09  08:00:00,20737988.047198143 
 05/09  09:00:00,18834105.542674124 
 05/09  10:00:00,16858886.149602238 
 05/09  11:00:00,15035942.051428208 
 05/09  12:00:00,13074202.197020253 
 05/09  13:00:00,11260401.11387091 
 05/09  14:00:00,10388339.40075317 
 05/09  15:00:00,9577559.000737447 
 05/09  16:00:00,9076848.093908148 
 05/09  17:00:00,9104566.533737281 
 05/09  18:00:00,9771907.287335582 
 05/09  19:00:00,11169538.54989425 
 05/09  20:00:00,13189126.209995182 
 05/09  21:00:00,15815256.517560348 
 05/09  22:00:00,17761517.815366093 
 05/09  23:00:00,18731166.446248237 
 05/09  24:00:00,19148446.415000923 
 05/10  01:00:00,20290030.45368775 
 05/10  02:00:00,21316081.520592466 
 05/10  03:00:00,21612244.47431314 
 05/10  04:00:00,21749970.594176814 
 05/10  05:00:00,21740303.29066946 
 05/10  06:00:00,21267980.114789728 
 05/10  07:00:00,20364039.9028094 
 05/10  08:00:00,19265988.96023068 
 05/10  09:00:00,17291889.93466129 
 05/10  10:00:00,14619771.221244266 
 05/10  11:00:00,12041979.91593891 
 05/10  12:00:00,10686946.094749818 
 05/10  13:00:00,10045010.009422386 
 05/10  14:00:00,10046109.369411351 
 05/10  15:00:00,12155560.712598953 
 05/10  16:00:00,14134931.708963787 
 05/10  17:00:00,13933766.933703063 
 05/10  18:00:00,15385442.001907416 
 05/10  19:00:00,17542647.83650868 
 05/10  20:00:00,18755542.32954264 
 05/10  21:00:00,20364125.20777605 
 05/10  22:00:00,21863618.20283096 
 05/10  23:00:00,22825226.8394617 
 05/10  24:00:00,23611663.794200365 
 05/11  01:00:00,24432692.24264535 
 05/11  02:00:00,25607725.130272303 
 05/11  03:00:00,26907903.124835633 
 05/11  04:00:00,27208016.082285546 
 05/11  05:00:00,27535942.17147726 
 05/11  06:00:00,28199018.51448344 
 05/11  07:00:00,28345795.532319568 
 05/11  08:00:00,27631283.7332563 
 05/11  09:00:00,26621337.260118358 
 05/11  10:00:00,25270433.458346114 
 05/11  11:00:00,23956972.026225306 
 05/11  12:00:00,22251617.467437726 
 05/11  13:00:00,20823103.356128275 
 05/11  14:00:00,20136705.013796907 
 05/11  15:00:00,19137180.53647019 
 05/11  16:00:00,17705276.19040616 
 05/11  17:00:00,16679939.855389955 
 05/11  18:00:00,17197398.797203187 
 05/11  19:00:00,18469353.60025945 
 05/11  20:00:00,20416967.753194842 
 05/11  21:00:00,22364526.896639924 
 05/11  22:00:00,24218906.882213272 
 05/11  23:00:00,25793240.023357626 
 05/11  24:00:00,26491101.472903825 
 05/12  01:00:00,27355854.285995528 
 05/12  02:00:00,28537080.052991048 
 05/12  03:00:00,29514864.33516285 
 05/12  04:00:00,30151226.738725387 
 05/12  05:00:00,30781365.897399925 
 05/12  06:00:00,31012908.95078299 
 05/12  07:00:00,30755438.000048812 
 05/12  08:00:00,29149250.028830033 
 05/12  09:00:00,26251880.30665643 
 05/12  10:00:00,23054451.519091137 
 05/12  11:00:00,20254002.97061689 
 05/12  12:00:00,18563962.645900365 
 05/12  13:00:00,17977597.027748983 
 05/12  14:00:00,17173895.87227747 
 05/12  15:00:00,15805328.608463055 
 05/12  16:00:00,14996623.50581545 
 05/12  17:00:00,14537879.858291976 
 05/12  18:00:00,15852178.10025753 
 05/12  19:00:00,18116602.882211376 
 05/12  20:00:00,19728013.983219612 
 05/12  21:00:00,22930117.199899487 
 05/12  22:00:00,25947559.384574432 
 05/12  23:00:00,27867830.746958032 
 05/12  24:00:00,29671312.70743775 
 05/13  01:00:00,31115634.78019447 
 05/13  02:00:00,32179695.27477748 
 05/13  03:00:00,33118630.345201477 
 05/13  04:00:00,33955903.52847856 
 05/13  05:00:00,34215710.149393626 
 05/13  06:00:00,33941070.87416337 
 05/13  07:00:00,32834701.42706995 
 05/13  08:00:00,30683415.25402658 
 05/13  09:00:00,28495331.787333608 
 05/13  10:00:00,25592006.321950648 
 05/13  11:00:00,22189056.626318056 
 05/13  12:00:00,20062778.593612123 
 05/13  13:00:00,18627606.035829216 
 05/13  14:00:00,16768036.35506508 
 05/13  15:00:00,14731801.275674047 
 05/13  16:00:00,14236579.840488592 
 05/13  17:00:00,13885386.805046892 
 05/13  18:00:00,13648933.707379986 
 05/13  19:00:00,14466384.87356978 
 05/13  20:00:00,16375606.42670516 
 05/13  21:00:00,19935172.17109737 
 05/13  22:00:00,23347973.475446362 
 05/13  23:00:00,25913167.577845994 
 05/13  24:00:00,28030885.112701967 
 05/14  01:00:00,29808652.09162332 
 05/14  02:00:00,31413446.66962278 
 05/14  03:00:00,33331037.83557026 
 05/14  04:00:00,35330816.642231286 
 05/14  05:00:00,36834128.40930319 
 05/14  06:00:00,37626603.645814955 
 05/14  07:00:00,35574919.99607066 
 05/14  08:00:00,30825364.45193645 
 05/14  09:00:00,25670542.90666268 
 05/14  10:00:00,20792980.7682732 
 05/14  11:00:00,16330512.891332401 
 05/14  12:00:00,12866781.93851966 
 05/14  13:00:00,10126666.795775516 
 05/14  14:00:00,7802987.201882608 
 05/14  15:00:00,6053527.109196382 
 05/14  16:00:00,4626351.398924907 
 05/14  17:00:00,3836415.813692525 
 05/14  18:00:00,3999734.221081145 
 05/14  19:00:00,5040164.634477685 
 05/14  20:00:00,6944894.611496945 
 05/14  21:00:00,11507448.705492368 
 05/14  22:00:00,16743360.691319333 
 05/14  23:00:00,20953978.70789922 
 05/14  24:00:00,23917481.240599804 
 05/15  01:00:00,26338285.265885092 
 05/15  02:00:00,29244312.2896353 
 05/15  03:00:00,31905318.67732785 
 05/15  04:00:00,34581906.00593867 
 05/15  05:00:00,36217978.314821176 
 05/15  06:00:00,36163622.51052791 
 05/15  07:00:00,33322929.74882989 
 05/15  08:00:00,27888073.304456037 
 05/15  09:00:00,21730986.409454994 
 05/15  10:00:00,15974373.194605973 
 05/15  11:00:00,11323312.069346126 
 05/15  12:00:00,7503571.503911703 
 05/15  13:00:00,5005963.832415728 
 05/15  14:00:00,3154546.514888766 
 05/15  15:00:00,1298355.6312839733 
 05/15  16:00:00,62815.63042210182 
 05/15  17:00:00,0.0 
 05/15  18:00:00,0.0 
 05/15  19:00:00,0.0 
 05/15  20:00:00,1259407.6293745777 
 05/15  21:00:00,5912480.453126855 
 05/15  22:00:00,11835147.510213867 
 05/15  23:00:00,16915154.74362749 
 05/15  24:00:00,20917822.8944772 
 05/16  01:00:00,24604915.377268024 
 05/16  02:00:00,27805056.721439023 
 05/16  03:00:00,31059619.289559968 
 05/16  04:00:00,33261350.046226628 
 05/16  05:00:00,35004068.526021294 
 05/16  06:00:00,35352539.939811 
 05/16  07:00:00,31905192.058613818 
 05/16  08:00:00,25543354.50308299 
 05/16  09:00:00,18283363.363663033 
 05/16  10:00:00,11880216.857642157 
 05/16  11:00:00,7040218.10565446 
 05/16  12:00:00,3341331.250176084 
 05/16  13:00:00,395742.0764722454 
 05/16  14:00:00,0.0 
 05/16  15:00:00,0.0 
 05/16  16:00:00,0.0 
 05/16  17:00:00,0.0 
 05/16  18:00:00,0.0 
 05/16  19:00:00,0.0 
 05/16  20:00:00,0.0 
 05/16  21:00:00,84521.16671070109 
 05/16  22:00:00,4229164.171965252 
 05/16  23:00:00,9035491.379946332 
 05/16  24:00:00,13317171.725369086 
 05/17  01:00:00,16735636.440861905 
 05/17  02:00:00,19737075.95882223 
 05/17  03:00:00,21980301.531946413 
 05/17  04:00:00,23919257.89951156 
 05/17  05:00:00,25624666.254180975 
 05/17  06:00:00,24481424.160958417 
 05/17  07:00:00,20358264.7405228 
 05/17  08:00:00,15440501.617079275 
 05/17  09:00:00,10436314.253021069 
 05/17  10:00:00,5089816.31207118 
 05/17  11:00:00,583362.6085565309 
 05/17  12:00:00,0.0 
 05/17  13:00:00,0.0 
 05/17  14:00:00,0.0 
 05/17  15:00:00,0.0 
 05/17  16:00:00,0.0 
 05/17  17:00:00,0.0 
 05/17  18:00:00,0.0 
 05/17  19:00:00,0.0 
 05/17  20:00:00,0.0 
 05/17  21:00:00,0.0 
 05/17  22:00:00,0.0 
 05/17  23:00:00,675573.8911937107 
 05/17  24:00:00,4681132.848829445 
 05/18  01:00:00,7948451.6369770225 
 05/18  02:00:00,10690552.874815866 
 05/18  03:00:00,13378977.584857764 
 05/18  04:00:00,16310643.957052372 
 05/18  05:00:00,18989871.36646177 
 05/18  06:00:00,19061319.818347726 
 05/18  07:00:00,16223424.11040523 
 05/18  08:00:00,11649144.219179498 
 05/18  09:00:00,6552598.584497703 
 05/18  10:00:00,2211575.943874789 
 05/18  11:00:00,13412.230265181279 
 05/18  12:00:00,0.0 
 05/18  13:00:00,0.0 
 05/18  14:00:00,0.0 
 05/18  15:00:00,0.0 
 05/18  16:00:00,0.0 
 05/18  17:00:00,0.0 
 05/18  18:00:00,0.0 
 05/18  19:00:00,0.0 
 05/18  20:00:00,0.0 
 05/18  21:00:00,0.0 
 05/18  22:00:00,704748.0633582745 
 05/18  23:00:00,4740553.976358969 
 05/18  24:00:00,8177026.391337987 
 05/19  01:00:00,10738651.253266823 
 05/19  02:00:00,12631982.706316113 
 05/19  03:00:00,13476765.856217327 
 05/19  04:00:00,13813692.679831337 
 05/19  05:00:00,13817065.290193617 
 05/19  06:00:00,13882405.232839916 
 05/19  07:00:00,12233270.96125099 
 05/19  08:00:00,7826289.460554743 
 05/19  09:00:00,2065145.1511066582 
 05/19  10:00:00,0.0 
 05/19  11:00:00,0.0 
 05/19  12:00:00,0.0 
 05/19  13:00:00,0.0 
 05/19  14:00:00,0.0 
 05/19  15:00:00,0.0 
 05/19  16:00:00,0.0 
 05/19  17:00:00,0.0 
 05/19  18:00:00,0.0 
 05/19  19:00:00,0.0 
 05/19  20:00:00,0.0 
 05/19  21:00:00,0.0 
 05/19  22:00:00,0.0 
 05/19  23:00:00,0.0 
 05/19  24:00:00,0.0 
 05/20  01:00:00,0.0 
 05/20  02:00:00,0.0 
 05/20  03:00:00,0.0 
 05/20  04:00:00,0.0 
 05/20  05:00:00,0.0 
 05/20  06:00:00,0.0 
 05/20  07:00:00,319722.56875045714 
 05/20  08:00:00,63694.9667589739 
 05/20  09:00:00,0.0 
 05/20  10:00:00,0.0 
 05/20  11:00:00,0.0 
 05/20  12:00:00,0.0 
 05/20  13:00:00,0.0 
 05/20  14:00:00,0.0 
 05/20  15:00:00,0.0 
 05/20  16:00:00,0.0 
 05/20  17:00:00,0.0 
 05/20  18:00:00,0.0 
 05/20  19:00:00,0.0 
 05/20  20:00:00,375280.05007532774 
 05/20  21:00:00,3073869.356042898 
 05/20  22:00:00,7206412.234210131 
 05/20  23:00:00,11173503.087389799 
 05/20  24:00:00,13639207.460637785 
 05/21  01:00:00,15823473.0665943 
 05/21  02:00:00,18500985.81290739 
 05/21  03:00:00,20956687.551677458 
 05/21  04:00:00,23659443.444156054 
 05/21  05:00:00,26868623.5285738 
 05/21  06:00:00,28330431.612234052 
 05/21  07:00:00,26036487.17235445 
 05/21  08:00:00,21992024.924510535 
 05/21  09:00:00,17122779.04628033 
 05/21  10:00:00,11751054.142691914 
 05/21  11:00:00,7695443.6546447715 
 05/21  12:00:00,4717061.154782254 
 05/21  13:00:00,2344935.5680004405 
 05/21  14:00:00,1105186.503914703 
 05/21  15:00:00,1113153.8138977485 
 05/21  16:00:00,1804365.7621553633 
 05/21  17:00:00,2597370.4445679267 
 05/21  18:00:00,3118715.292326629 
 05/21  19:00:00,3838037.9693479976 
 05/21  20:00:00,5690617.273415305 
 05/21  21:00:00,8143690.033723391 
 05/21  22:00:00,10200448.873327382 
 05/21  23:00:00,10882188.060324198 
 05/21  24:00:00,11249078.75446725 
 05/22  01:00:00,12603984.412537131 
 05/22  02:00:00,13961038.190107958 
 05/22  03:00:00,15118423.532027617 
 05/22  04:00:00,15838147.281307437 
 05/22  05:00:00,16198874.366542298 
 05/22  06:00:00,16401767.533734126 
 05/22  07:00:00,16387787.254253108 
 05/22  08:00:00,16124793.473976875 
 05/22  09:00:00,14497179.74155572 
 05/22  10:00:00,11441944.100668533 
 05/22  11:00:00,8934004.533421166 
 05/22  12:00:00,7893335.6955863545 
 05/22  13:00:00,7964030.270551856 
 05/22  14:00:00,7742447.06615716 
 05/22  15:00:00,8220731.671308243 
 05/22  16:00:00,10076694.705091104 
 05/22  17:00:00,9819345.227491496 
 05/22  18:00:00,8160914.650618541 
 05/22  19:00:00,7637161.154153723 
 05/22  20:00:00,9042210.370762717 
 05/22  21:00:00,11599178.87875006 
 05/22  22:00:00,13492448.068365736 
 05/22  23:00:00,14347042.746195696 
 05/22  24:00:00,14775510.338512838 
 05/23  01:00:00,15233010.76587664 
 05/23  02:00:00,16202414.215649823 
 05/23  03:00:00,17309385.878759623 
 05/23  04:00:00,18644635.144360594 
 05/23  05:00:00,19359942.85222114 
 05/23  06:00:00,19647583.454832528 
 05/23  07:00:00,20159408.82478979 
 05/23  08:00:00,19606015.109807204 
 05/23  09:00:00,17983362.147464406 
 05/23  10:00:00,16461074.051961964 
 05/23  11:00:00,15069409.705620814 
 05/23  12:00:00,13511059.300322963 
 05/23  13:00:00,12739930.240970936 
 05/23  14:00:00,12537868.141752314 
 05/23  15:00:00,12943332.671154076 
 05/23  16:00:00,13350365.551155416 
 05/23  17:00:00,12670413.672329925 
 05/23  18:00:00,11565335.380496154 
 05/23  19:00:00,10713537.258742675 
 05/23  20:00:00,11452697.697469883 
 05/23  21:00:00,13784645.127233498 
 05/23  22:00:00,16286358.05009907 
 05/23  23:00:00,17769922.99878417 
 05/23  24:00:00,19096845.104049515 
 05/24  01:00:00,20196320.7509821 
 05/24  02:00:00,21021110.917248666 
 05/24  03:00:00,21992687.595579956 
 05/24  04:00:00,22283300.543267928 
 05/24  05:00:00,22164582.682803772 
 05/24  06:00:00,21295240.71978047 
 05/24  07:00:00,20142819.468785577 
 05/24  08:00:00,19761656.966788176 
 05/24  09:00:00,19623731.253359783 
 05/24  10:00:00,18698630.514145765 
 05/24  11:00:00,16388802.818910185 
 05/24  12:00:00,14483531.210763894 
 05/24  13:00:00,13380302.410860337 
 05/24  14:00:00,13160043.53946032 
 05/24  15:00:00,14260720.331894152 
 05/24  16:00:00,15634289.147240676 
 05/24  17:00:00,16269518.046132868 
 05/24  18:00:00,17131538.560762957 
 05/24  19:00:00,18499596.924878858 
 05/24  20:00:00,19705963.93851756 
 05/24  21:00:00,20941534.708468683 
 05/24  22:00:00,22270945.13033757 
 05/24  23:00:00,22881057.848270617 
 05/24  24:00:00,23097753.394830372 
 05/25  01:00:00,23434061.940028094 
 05/25  02:00:00,23776028.308184396 
 05/25  03:00:00,24453060.286179516 
 05/25  04:00:00,25557181.74338214 
 05/25  05:00:00,26896355.529388133 
 05/25  06:00:00,27313061.677063823 
 05/25  07:00:00,25500688.587233957 
 05/25  08:00:00,22143712.853645977 
 05/25  09:00:00,19115034.162211224 
 05/25  10:00:00,17015781.18224011 
 05/25  11:00:00,14111830.425354822 
 05/25  12:00:00,11546173.296120927 
 05/25  13:00:00,9669214.417357657 
 05/25  14:00:00,8391525.548057113 
 05/25  15:00:00,7611277.182416042 
 05/25  16:00:00,6968438.597673312 
 05/25  17:00:00,7118987.769231667 
 05/25  18:00:00,7937297.078130394 
 05/25  19:00:00,8974890.688784514 
 05/25  20:00:00,10531468.454763781 
 05/25  21:00:00,14369309.667086108 
 05/25  22:00:00,19367835.08192319 
 05/25  23:00:00,23531969.734024532 
 05/25  24:00:00,26810630.02346018 
 05/26  01:00:00,29631692.67111201 
 05/26  02:00:00,30150328.14053417 
 05/26  03:00:00,29173803.381019145 
 05/26  04:00:00,30308774.04680266 
 05/26  05:00:00,31014208.82403605 
 05/26  06:00:00,29308176.456891406 
 05/26  07:00:00,27348717.39022057 
 05/26  08:00:00,25394095.311565455 
 05/26  09:00:00,23259930.575715814 
 05/26  10:00:00,21318233.381406784 
 05/26  11:00:00,21014917.269502513 
 05/26  12:00:00,20149471.840709824 
 05/26  13:00:00,18098593.590147343 
 05/26  14:00:00,17778833.59383502 
 05/26  15:00:00,17944239.790062707 
 05/26  16:00:00,18481033.8224269 
 05/26  17:00:00,19266455.307223417 
 05/26  18:00:00,19044945.37445055 
 05/26  19:00:00,19023921.677877307 
 05/26  20:00:00,19528493.931011487 
 05/26  21:00:00,19484627.428807266 
 05/26  22:00:00,18928700.574285664 
 05/26  23:00:00,18788168.162991785 
 05/26  24:00:00,19182950.95631596 
 05/27  01:00:00,19865419.901995867 
 05/27  02:00:00,20708431.468152557 
 05/27  03:00:00,21439466.646413315 
 05/27  04:00:00,22250611.95780716 
 05/27  05:00:00,22806146.31602121 
 05/27  06:00:00,23070216.455734838 
 05/27  07:00:00,22145081.271213423 
 05/27  08:00:00,19445934.121433828 
 05/27  09:00:00,16730969.104826998 
 05/27  10:00:00,15224049.70116669 
 05/27  11:00:00,14824433.956858385 
 05/27  12:00:00,15257593.203157593 
 05/27  13:00:00,16168461.52094396 
 05/27  14:00:00,17575466.818415992 
 05/27  15:00:00,18461719.37868659 
 05/27  16:00:00,18206916.262024835 
 05/27  17:00:00,18103926.96126498 
 05/27  18:00:00,18814395.190694 
 05/27  19:00:00,19496627.91452986 
 05/27  20:00:00,19835146.1068664 
 05/27  21:00:00,20337779.388044123 
 05/27  22:00:00,21119495.317386154 
 05/27  23:00:00,22196238.842923094 
 05/27  24:00:00,23434492.913243625 
 05/28  01:00:00,24700490.08858883 
 05/28  02:00:00,25383412.00408762 
 05/28  03:00:00,25693409.806024145 
 05/28  04:00:00,25833502.39486477 
 05/28  05:00:00,25530800.747607097 
 05/28  06:00:00,24906233.05850869 
 05/28  07:00:00,23971284.587616492 
 05/28  08:00:00,22726470.878314096 
 05/28  09:00:00,21294628.167938292 
 05/28  10:00:00,20239502.65361005 
 05/28  11:00:00,19978217.87155471 
 05/28  12:00:00,19680695.76241672 
 05/28  13:00:00,18882261.198707365 
 05/28  14:00:00,18247923.132537454 
 05/28  15:00:00,17131277.549576152 
 05/28  16:00:00,15920030.73322994 
 05/28  17:00:00,14918567.189267386 
 05/28  18:00:00,14091678.685658928 
 05/28  19:00:00,13774320.342193581 
 05/28  20:00:00,13922379.923805049 
 05/28  21:00:00,14620073.825657066 
 05/28  22:00:00,14730886.432883192 
 05/28  23:00:00,14849264.846701067 
 05/28  24:00:00,15325780.337047212 
 05/29  01:00:00,15450946.838666195 
 05/29  02:00:00,15451602.859978752 
 05/29  03:00:00,15588430.94205075 
 05/29  04:00:00,15727466.436286338 
 05/29  05:00:00,15739237.393173084 
 05/29  06:00:00,15745989.188363632 
 05/29  07:00:00,15537208.157692228 
 05/29  08:00:00,14789881.708069425 
 05/29  09:00:00,13043631.193740224 
 05/29  10:00:00,10763853.4861441 
 05/29  11:00:00,7898763.601828077 
 05/29  12:00:00,5002810.722854262 
 05/29  13:00:00,3340885.1765067955 
 05/29  14:00:00,2268573.7633806537 
 05/29  15:00:00,1848113.3126646455 
 05/29  16:00:00,1939497.4777966447 
 05/29  17:00:00,1557254.6850069193 
 05/29  18:00:00,3075681.883195188 
 05/29  19:00:00,5324926.916849125 
 05/29  20:00:00,6443965.380020199 
 05/29  21:00:00,8113649.68351699 
 05/29  22:00:00,10264728.400972787 
 05/29  23:00:00,12210941.179170828 
 05/29  24:00:00,13107267.659797544 
 05/30  01:00:00,13822424.477587357 
 05/30  02:00:00,14675074.851694422 
 05/30  03:00:00,15311897.244705595 
 05/30  04:00:00,15912705.865508663 
 05/30  05:00:00,16381805.24161463 
 05/30  06:00:00,16685374.643981654 
 05/30  07:00:00,16573129.787064018 
 05/30  08:00:00,15475711.614472583 
 05/30  09:00:00,13954194.553513134 
 05/30  10:00:00,12872453.644291412 
 05/30  11:00:00,12702492.10415224 
 05/30  12:00:00,12333739.215440456 
 05/30  13:00:00,11489466.17451808 
 05/30  14:00:00,10596901.92872293 
 05/30  15:00:00,10001337.925617334 
 05/30  16:00:00,9766386.483319867 
 05/30  17:00:00,9738401.058317337 
 05/30  18:00:00,10009827.56009254 
 05/30  19:00:00,10406152.356067056 
 05/30  20:00:00,11192917.76078407 
 05/30  21:00:00,13092149.97460664 
 05/30  22:00:00,15591546.303833393 
 05/30  23:00:00,18903731.62169239 
 05/30  24:00:00,22345880.44807992 
 05/31  01:00:00,24128020.761404898 
 05/31  02:00:00,25101374.460054405 
 05/31  03:00:00,26774302.395323895 
 05/31  04:00:00,28761794.689037636 
 05/31  05:00:00,29860412.566557407 
 05/31  06:00:00,28943826.010237917 
 05/31  07:00:00,25830329.907826718 
 05/31  08:00:00,22444654.563891556 
 05/31  09:00:00,19182851.987821188 
 05/31  10:00:00,15396586.02703645 
 05/31  11:00:00,11647495.110851422 
 05/31  12:00:00,9437709.972147599 
 05/31  13:00:00,7739610.430951277 
 05/31  14:00:00,5733216.748000926 
 05/31  15:00:00,4666310.843028693 
 05/31  16:00:00,4115089.138679248 
 05/31  17:00:00,3368606.251428783 
 05/31  18:00:00,2798796.1890561334 
 05/31  19:00:00,2881255.6245425954 
 05/31  20:00:00,4047728.966660594 
 05/31  21:00:00,6683260.6603269065 
 05/31  22:00:00,9421271.245783482 
 05/31  23:00:00,11852394.132833779 
 05/31  24:00:00,14156051.898775345 
 06/01  01:00:00,15260501.504894748 
 06/01  02:00:00,16317475.033214768 
 06/01  03:00:00,18104444.342137553 
 06/01  04:00:00,19652340.142446615 
 06/01  05:00:00,21094750.532670554 
 06/01  06:00:00,22085399.849995267 
 06/01  07:00:00,20522687.51133308 
 06/01  08:00:00,17192438.799233917 
 06/01  09:00:00,13273290.322230827 
 06/01  10:00:00,8794954.609968426 
 06/01  11:00:00,4601185.481145583 
 06/01  12:00:00,1941835.1180029276 
 06/01  13:00:00,380063.45123287174 
 06/01  14:00:00,0.0 
 06/01  15:00:00,0.0 
 06/01  16:00:00,0.0 
 06/01  17:00:00,0.0 
 06/01  18:00:00,0.0 
 06/01  19:00:00,0.0 
 06/01  20:00:00,0.0 
 06/01  21:00:00,0.0 
 06/01  22:00:00,429646.55696012196 
 06/01  23:00:00,3307008.616931713 
 06/01  24:00:00,6683858.401945456 
 06/02  01:00:00,9208787.129337447 
 06/02  02:00:00,10193387.96288419 
 06/02  03:00:00,10761178.30288826 
 06/02  04:00:00,11593265.450682206 
 06/02  05:00:00,12452212.998923097 
 06/02  06:00:00,13601894.141786478 
 06/02  07:00:00,14162785.287608609 
 06/02  08:00:00,13438801.131600322 
 06/02  09:00:00,11292481.242745293 
 06/02  10:00:00,8555976.245829463 
 06/02  11:00:00,4819112.428232516 
 06/02  12:00:00,1281785.9652983781 
 06/02  13:00:00,657.8320325701497 
 06/02  14:00:00,0.0 
 06/02  15:00:00,0.0 
 06/02  16:00:00,0.0 
 06/02  17:00:00,0.0 
 06/02  18:00:00,0.0 
 06/02  19:00:00,0.0 
 06/02  20:00:00,220843.3074258326 
 06/02  21:00:00,2531712.5079680528 
 06/02  22:00:00,5238272.939917846 
 06/02  23:00:00,8560677.613755945 
 06/02  24:00:00,10575756.839486968 
 06/03  01:00:00,11567318.265426032 
 06/03  02:00:00,12748492.665684465 
 06/03  03:00:00,13390237.12369982 
 06/03  04:00:00,13184461.9900961 
 06/03  05:00:00,13086496.099047776 
 06/03  06:00:00,13287509.430111893 
 06/03  07:00:00,13206940.149674013 
 06/03  08:00:00,12809759.924279986 
 06/03  09:00:00,11850685.2962606 
 06/03  10:00:00,10978177.897149988 
 06/03  11:00:00,9641723.91234318 
 06/03  12:00:00,8734884.677596292 
 06/03  13:00:00,7244202.733405605 
 06/03  14:00:00,5039979.710153182 
 06/03  15:00:00,3838152.952685289 
 06/03  16:00:00,3280149.1288622846 
 06/03  17:00:00,2716814.799167414 
 06/03  18:00:00,2769842.658779933 
 06/03  19:00:00,4131494.8825416393 
 06/03  20:00:00,5901918.520356564 
 06/03  21:00:00,8052964.921785775 
 06/03  22:00:00,10047102.193325007 
 06/03  23:00:00,11377931.355159795 
 06/03  24:00:00,13053844.394860273 
 06/04  01:00:00,14434627.013708763 
 06/04  02:00:00,15066109.850822601 
 06/04  03:00:00,15708752.822350016 
 06/04  04:00:00,16594141.123684729 
 06/04  05:00:00,17466569.910947822 
 06/04  06:00:00,18213518.241530813 
 06/04  07:00:00,18407617.755875763 
 06/04  08:00:00,18476991.923914462 
 06/04  09:00:00,18473071.0672936 
 06/04  10:00:00,17784096.690448973 
 06/04  11:00:00,16237255.434410544 
 06/04  12:00:00,14843058.305314558 
 06/04  13:00:00,14010998.202222966 
 06/04  14:00:00,13078585.43675782 
 06/04  15:00:00,13256180.402270075 
 06/04  16:00:00,15562316.170042288 
 06/04  17:00:00,16882335.272610735 
 06/04  18:00:00,16604372.996390603 
 06/04  19:00:00,17273808.72405235 
 06/04  20:00:00,19907525.71401601 
 06/04  21:00:00,23764103.909669675 
 06/04  22:00:00,26658770.313211493 
 06/04  23:00:00,28401396.348884117 
 06/04  24:00:00,29367390.050550155 
 06/05  01:00:00,28767428.430497978 
 06/05  02:00:00,27367141.86653026 
 06/05  03:00:00,26281986.62484708 
 06/05  04:00:00,25900916.793941725 
 06/05  05:00:00,26449223.975001607 
 06/05  06:00:00,27234784.17256577 
 06/05  07:00:00,26285326.94600726 
 06/05  08:00:00,22893883.3027787 
 06/05  09:00:00,18493299.32851213 
 06/05  10:00:00,14721473.840863096 
 06/05  11:00:00,11820054.215325676 
 06/05  12:00:00,9563722.935651585 
 06/05  13:00:00,7833813.949377179 
 06/05  14:00:00,5436121.608677827 
 06/05  15:00:00,3119926.8379709627 
 06/05  16:00:00,2214718.1292465134 
 06/05  17:00:00,2175087.6525500324 
 06/05  18:00:00,2467963.138806168 
 06/05  19:00:00,3682993.0013476997 
 06/05  20:00:00,6052538.30651535 
 06/05  21:00:00,9328659.646522358 
 06/05  22:00:00,13165953.979508806 
 06/05  23:00:00,17177693.01994995 
 06/05  24:00:00,21789774.181234896 
 06/06  01:00:00,25690835.397387452 
 06/06  02:00:00,27824466.91532252 
 06/06  03:00:00,29733896.59040787 
 06/06  04:00:00,31504965.042176373 
 06/06  05:00:00,32802328.289543502 
 06/06  06:00:00,30993207.15048019 
 06/06  07:00:00,26081815.937932793 
 06/06  08:00:00,20076453.00212347 
 06/06  09:00:00,14082518.454700183 
 06/06  10:00:00,8429080.872682309 
 06/06  11:00:00,3286662.458852475 
 06/06  12:00:00,178424.60283444962 
 06/06  13:00:00,0.0 
 06/06  14:00:00,0.0 
 06/06  15:00:00,0.0 
 06/06  16:00:00,0.0 
 06/06  17:00:00,0.0 
 06/06  18:00:00,0.0 
 06/06  19:00:00,0.0 
 06/06  20:00:00,0.0 
 06/06  21:00:00,0.0 
 06/06  22:00:00,0.0 
 06/06  23:00:00,0.0 
 06/06  24:00:00,0.0 
 06/07  01:00:00,951716.5642390902 
 06/07  02:00:00,1962550.3546975146 
 06/07  03:00:00,2773035.0006064516 
 06/07  04:00:00,3723055.189380341 
 06/07  05:00:00,4406326.553891692 
 06/07  06:00:00,4257748.20369574 
 06/07  07:00:00,3149876.3870237106 
 06/07  08:00:00,1305701.0787642037 
 06/07  09:00:00,2098.9038706349675 
 06/07  10:00:00,0.0 
 06/07  11:00:00,0.0 
 06/07  12:00:00,0.0 
 06/07  13:00:00,0.0 
 06/07  14:00:00,0.0 
 06/07  15:00:00,0.0 
 06/07  16:00:00,0.0 
 06/07  17:00:00,0.0 
 06/07  18:00:00,0.0 
 06/07  19:00:00,0.0 
 06/07  20:00:00,0.0 
 06/07  21:00:00,0.0 
 06/07  22:00:00,0.0 
 06/07  23:00:00,1381238.8610167836 
 06/07  24:00:00,5389082.568393379 
 06/08  01:00:00,9909029.472636944 
 06/08  02:00:00,12963562.101231461 
 06/08  03:00:00,14717676.487941649 
 06/08  04:00:00,15724361.321934307 
 06/08  05:00:00,15911311.682894792 
 06/08  06:00:00,15202401.644015513 
 06/08  07:00:00,12427880.422859434 
 06/08  08:00:00,7896757.218428131 
 06/08  09:00:00,3390951.6581682838 
 06/08  10:00:00,225555.76361791464 
 06/08  11:00:00,0.0 
 06/08  12:00:00,0.0 
 06/08  13:00:00,0.0 
 06/08  14:00:00,0.0 
 06/08  15:00:00,0.0 
 06/08  16:00:00,0.0 
 06/08  17:00:00,0.0 
 06/08  18:00:00,0.0 
 06/08  19:00:00,0.0 
 06/08  20:00:00,0.0 
 06/08  21:00:00,0.0 
 06/08  22:00:00,0.0 
 06/08  23:00:00,0.0 
 06/08  24:00:00,0.0 
 06/09  01:00:00,0.0 
 06/09  02:00:00,0.0 
 06/09  03:00:00,700577.0882019773 
 06/09  04:00:00,3122347.73633976 
 06/09  05:00:00,4791978.513681779 
 06/09  06:00:00,5323807.09350725 
 06/09  07:00:00,3858483.2328693313 
 06/09  08:00:00,1043122.4139649887 
 06/09  09:00:00,0.0 
 06/09  10:00:00,0.0 
 06/09  11:00:00,0.0 
 06/09  12:00:00,0.0 
 06/09  13:00:00,0.0 
 06/09  14:00:00,0.0 
 06/09  15:00:00,0.0 
 06/09  16:00:00,0.0 
 06/09  17:00:00,0.0 
 06/09  18:00:00,0.0 
 06/09  19:00:00,0.0 
 06/09  20:00:00,0.0 
 06/09  21:00:00,0.0 
 06/09  22:00:00,0.0 
 06/09  23:00:00,0.0 
 06/09  24:00:00,0.0 
 06/10  01:00:00,0.0 
 06/10  02:00:00,0.0 
 06/10  03:00:00,0.0 
 06/10  04:00:00,560960.29481531 
 06/10  05:00:00,4335019.119785959 
 06/10  06:00:00,6410685.839383049 
 06/10  07:00:00,4849756.38029065 
 06/10  08:00:00,1265904.0564376744 
 06/10  09:00:00,0.0 
 06/10  10:00:00,0.0 
 06/10  11:00:00,0.0 
 06/10  12:00:00,0.0 
 06/10  13:00:00,0.0 
 06/10  14:00:00,0.0 
 06/10  15:00:00,0.0 
 06/10  16:00:00,0.0 
 06/10  17:00:00,0.0 
 06/10  18:00:00,0.0 
 06/10  19:00:00,0.0 
 06/10  20:00:00,0.0 
 06/10  21:00:00,0.0 
 06/10  22:00:00,2147404.3344104607 
 06/10  23:00:00,6243137.027815065 
 06/10  24:00:00,9463822.85529297 
 06/11  01:00:00,12264120.338062592 
 06/11  02:00:00,14779409.264301084 
 06/11  03:00:00,16856597.323544852 
 06/11  04:00:00,18345877.87882738 
 06/11  05:00:00,19608308.14312007 
 06/11  06:00:00,19869388.21838031 
 06/11  07:00:00,17578794.602729067 
 06/11  08:00:00,13638644.776637657 
 06/11  09:00:00,9294382.734530898 
 06/11  10:00:00,5570341.065741314 
 06/11  11:00:00,3011879.9709417513 
 06/11  12:00:00,596210.8734538488 
 06/11  13:00:00,0.0 
 06/11  14:00:00,0.0 
 06/11  15:00:00,0.0 
 06/11  16:00:00,0.0 
 06/11  17:00:00,0.0 
 06/11  18:00:00,0.0 
 06/11  19:00:00,0.0 
 06/11  20:00:00,0.0 
 06/11  21:00:00,0.0 
 06/11  22:00:00,0.0 
 06/11  23:00:00,1850119.9120927951 
 06/11  24:00:00,6885541.598931672 
 06/12  01:00:00,10408095.874516724 
 06/12  02:00:00,13116683.192826627 
 06/12  03:00:00,15545068.040011166 
 06/12  04:00:00,17973412.310706474 
 06/12  05:00:00,19707688.31074333 
 06/12  06:00:00,19159207.42761686 
 06/12  07:00:00,14939518.710830538 
 06/12  08:00:00,9096338.805704588 
 06/12  09:00:00,3073639.301184565 
 06/12  10:00:00,0.0 
 06/12  11:00:00,0.0 
 06/12  12:00:00,0.0 
 06/12  13:00:00,0.0 
 06/12  14:00:00,0.0 
 06/12  15:00:00,0.0 
 06/12  16:00:00,0.0 
 06/12  17:00:00,0.0 
 06/12  18:00:00,0.0 
 06/12  19:00:00,0.0 
 06/12  20:00:00,0.0 
 06/12  21:00:00,0.0 
 06/12  22:00:00,0.0 
 06/12  23:00:00,0.0 
 06/12  24:00:00,0.0 
 06/13  01:00:00,0.0 
 06/13  02:00:00,0.0 
 06/13  03:00:00,2172248.900759878 
 06/13  04:00:00,6494638.0688273 
 06/13  05:00:00,8035939.490870178 
 06/13  06:00:00,8112575.658937876 
 06/13  07:00:00,5618482.831544267 
 06/13  08:00:00,1317565.0473415386 
 06/13  09:00:00,0.0 
 06/13  10:00:00,0.0 
 06/13  11:00:00,0.0 
 06/13  12:00:00,0.0 
 06/13  13:00:00,0.0 
 06/13  14:00:00,0.0 
 06/13  15:00:00,0.0 
 06/13  16:00:00,0.0 
 06/13  17:00:00,0.0 
 06/13  18:00:00,0.0 
 06/13  19:00:00,0.0 
 06/13  20:00:00,0.0 
 06/13  21:00:00,0.0 
 06/13  22:00:00,0.0 
 06/13  23:00:00,0.0 
 06/13  24:00:00,0.0 
 06/14  01:00:00,0.0 
 06/14  02:00:00,0.0 
 06/14  03:00:00,0.0 
 06/14  04:00:00,0.0 
 06/14  05:00:00,0.0 
 06/14  06:00:00,0.0 
 06/14  07:00:00,0.0 
 06/14  08:00:00,0.0 
 06/14  09:00:00,0.0 
 06/14  10:00:00,0.0 
 06/14  11:00:00,0.0 
 06/14  12:00:00,0.0 
 06/14  13:00:00,0.0 
 06/14  14:00:00,0.0 
 06/14  15:00:00,0.0 
 06/14  16:00:00,0.0 
 06/14  17:00:00,0.0 
 06/14  18:00:00,0.0 
 06/14  19:00:00,0.0 
 06/14  20:00:00,0.0 
 06/14  21:00:00,0.0 
 06/14  22:00:00,0.0 
 06/14  23:00:00,0.0 
 06/14  24:00:00,1294093.3311956353 
 06/15  01:00:00,3970186.343702046 
 06/15  02:00:00,5883857.589067921 
 06/15  03:00:00,7349144.553144405 
 06/15  04:00:00,8139251.908389091 
 06/15  05:00:00,8503760.189746687 
 06/15  06:00:00,8740344.60554364 
 06/15  07:00:00,8481079.387037078 
 06/15  08:00:00,7978635.0851042615 
 06/15  09:00:00,7778863.039643345 
 06/15  10:00:00,7453775.771543314 
 06/15  11:00:00,6428115.186919354 
 06/15  12:00:00,4783673.350028362 
 06/15  13:00:00,3229124.561811617 
 06/15  14:00:00,2093877.5951802323 
 06/15  15:00:00,1025174.3541368167 
 06/15  16:00:00,442393.25262032216 
 06/15  17:00:00,446562.51881486387 
 06/15  18:00:00,973965.3300852282 
 06/15  19:00:00,1782238.8949985965 
 06/15  20:00:00,2783713.309816882 
 06/15  21:00:00,4443059.831901703 
 06/15  22:00:00,6227603.063233261 
 06/15  23:00:00,8935841.594757633 
 06/15  24:00:00,11580394.398710484 
 06/16  01:00:00,12876031.99542813 
 06/16  02:00:00,13992592.058029942 
 06/16  03:00:00,14416669.822365098 
 06/16  04:00:00,14488934.692009035 
 06/16  05:00:00,14969896.399714958 
 06/16  06:00:00,15293198.921628688 
 06/16  07:00:00,14639544.807074768 
 06/16  08:00:00,13292084.265109014 
 06/16  09:00:00,11287767.535394661 
 06/16  10:00:00,9021515.87487103 
 06/16  11:00:00,8157791.1333858855 
 06/16  12:00:00,7579166.752901047 
 06/16  13:00:00,6375251.447248453 
 06/16  14:00:00,5028893.280973239 
 06/16  15:00:00,4324140.922953986 
 06/16  16:00:00,4619617.2976912875 
 06/16  17:00:00,5372010.360058204 
 06/16  18:00:00,6199111.4371999055 
 06/16  19:00:00,6961486.204071518 
 06/16  20:00:00,8170584.318239358 
 06/16  21:00:00,9665259.751626205 
 06/16  22:00:00,11092004.296185363 
 06/16  23:00:00,12498324.904730568 
 06/16  24:00:00,13959342.994233768 
 06/17  01:00:00,14849954.653666388 
 06/17  02:00:00,15870062.788489178 
 06/17  03:00:00,16853654.449060816 
 06/17  04:00:00,16810608.96341455 
 06/17  05:00:00,16278875.5008801 
 06/17  06:00:00,15786210.849684756 
 06/17  07:00:00,15656019.297320995 
 06/17  08:00:00,15173448.276011035 
 06/17  09:00:00,13229089.876929827 
 06/17  10:00:00,10514572.7035171 
 06/17  11:00:00,7332872.8416937115 
 06/17  12:00:00,4311251.960254053 
 06/17  13:00:00,1407799.7805952735 
 06/17  14:00:00,0.0 
 06/17  15:00:00,0.0 
 06/17  16:00:00,0.0 
 06/17  17:00:00,0.0 
 06/17  18:00:00,0.0 
 06/17  19:00:00,0.0 
 06/17  20:00:00,0.0 
 06/17  21:00:00,694063.28063822 
 06/17  22:00:00,4380610.978938918 
 06/17  23:00:00,7346545.031737991 
 06/17  24:00:00,9549945.068946574 
 06/18  01:00:00,10760119.4909729 
 06/18  02:00:00,11453093.003184745 
 06/18  03:00:00,11666320.738597386 
 06/18  04:00:00,11288312.459003739 
 06/18  05:00:00,10685847.862104442 
 06/18  06:00:00,10209729.29195056 
 06/18  07:00:00,9941913.946718317 
 06/18  08:00:00,9212400.554843223 
 06/18  09:00:00,7807914.935974073 
 06/18  10:00:00,5528605.228206993 
 06/18  11:00:00,3609822.6194666987 
 06/18  12:00:00,1374801.732374163 
 06/18  13:00:00,0.0 
 06/18  14:00:00,0.0 
 06/18  15:00:00,0.0 
 06/18  16:00:00,0.0 
 06/18  17:00:00,0.0 
 06/18  18:00:00,0.0 
 06/18  19:00:00,0.0 
 06/18  20:00:00,0.0 
 06/18  21:00:00,0.0 
 06/18  22:00:00,2020315.543300705 
 06/18  23:00:00,6458488.236240571 
 06/18  24:00:00,8900711.634420143 
 06/19  01:00:00,10199337.382492222 
 06/19  02:00:00,11749245.386735363 
 06/19  03:00:00,14409741.35018033 
 06/19  04:00:00,16551395.630495712 
 06/19  05:00:00,18519057.481454846 
 06/19  06:00:00,19409804.874890115 
 06/19  07:00:00,15519097.192109162 
 06/19  08:00:00,9341999.021275865 
 06/19  09:00:00,4331903.810848138 
 06/19  10:00:00,534784.4855554285 
 06/19  11:00:00,0.0 
 06/19  12:00:00,0.0 
 06/19  13:00:00,0.0 
 06/19  14:00:00,0.0 
 06/19  15:00:00,0.0 
 06/19  16:00:00,0.0 
 06/19  17:00:00,0.0 
 06/19  18:00:00,0.0 
 06/19  19:00:00,0.0 
 06/19  20:00:00,0.0 
 06/19  21:00:00,247235.17781572882 
 06/19  22:00:00,3086758.9110162463 
 06/19  23:00:00,8179762.621605019 
 06/19  24:00:00,13561394.665601835 
 06/20  01:00:00,16259902.93520863 
 06/20  02:00:00,17564905.61958945 
 06/20  03:00:00,19280302.107214656 
 06/20  04:00:00,20095178.113436494 
 06/20  05:00:00,19458686.910531074 
 06/20  06:00:00,18411891.183635604 
 06/20  07:00:00,16391993.19374307 
 06/20  08:00:00,13761746.87100265 
 06/20  09:00:00,10878419.292528963 
 06/20  10:00:00,8063016.692816432 
 06/20  11:00:00,5592538.914595277 
 06/20  12:00:00,3076937.9138493743 
 06/20  13:00:00,1271722.9946490787 
 06/20  14:00:00,89979.12797821336 
 06/20  15:00:00,0.0 
 06/20  16:00:00,0.0 
 06/20  17:00:00,0.0 
 06/20  18:00:00,0.0 
 06/20  19:00:00,0.0 
 06/20  20:00:00,0.0 
 06/20  21:00:00,0.0 
 06/20  22:00:00,0.0 
 06/20  23:00:00,767723.0129939214 
 06/20  24:00:00,4347680.068701151 
 06/21  01:00:00,6545966.439021279 
 06/21  02:00:00,8202643.459478219 
 06/21  03:00:00,10105646.562377062 
 06/21  04:00:00,12717091.037204005 
 06/21  05:00:00,15779291.431665862 
 06/21  06:00:00,16954182.40314749 
 06/21  07:00:00,14693376.064817147 
 06/21  08:00:00,10792335.287301244 
 06/21  09:00:00,6925092.87380227 
 06/21  10:00:00,3247785.8164146952 
 06/21  11:00:00,266514.6060077241 
 06/21  12:00:00,0.0 
 06/21  13:00:00,0.0 
 06/21  14:00:00,0.0 
 06/21  15:00:00,0.0 
 06/21  16:00:00,0.0 
 06/21  17:00:00,0.0 
 06/21  18:00:00,0.0 
 06/21  19:00:00,0.0 
 06/21  20:00:00,0.0 
 06/21  21:00:00,0.0 
 06/21  22:00:00,0.0 
 06/21  23:00:00,0.0 
 06/21  24:00:00,0.0 
 06/22  01:00:00,812224.0190491138 
 06/22  02:00:00,4170176.255710004 
 06/22  03:00:00,6561396.667409042 
 06/22  04:00:00,9129480.807994436 
 06/22  05:00:00,11455112.966716517 
 06/22  06:00:00,11362853.270164097 
 06/22  07:00:00,8401752.380103914 
 06/22  08:00:00,4488000.2631910965 
 06/22  09:00:00,798670.715778158 
 06/22  10:00:00,0.0 
 06/22  11:00:00,0.0 
 06/22  12:00:00,0.0 
 06/22  13:00:00,0.0 
 06/22  14:00:00,0.0 
 06/22  15:00:00,0.0 
 06/22  16:00:00,0.0 
 06/22  17:00:00,0.0 
 06/22  18:00:00,0.0 
 06/22  19:00:00,0.0 
 06/22  20:00:00,0.0 
 06/22  21:00:00,0.0 
 06/22  22:00:00,0.0 
 06/22  23:00:00,0.0 
 06/22  24:00:00,0.0 
 06/23  01:00:00,0.0 
 06/23  02:00:00,0.0 
 06/23  03:00:00,333987.2964423441 
 06/23  04:00:00,2844181.4600851797 
 06/23  05:00:00,4677077.106037341 
 06/23  06:00:00,5639445.691252594 
 06/23  07:00:00,4928600.112856745 
 06/23  08:00:00,2825886.1041385625 
 06/23  09:00:00,322083.27922486933 
 06/23  10:00:00,0.0 
 06/23  11:00:00,0.0 
 06/23  12:00:00,0.0 
 06/23  13:00:00,0.0 
 06/23  14:00:00,0.0 
 06/23  15:00:00,0.0 
 06/23  16:00:00,0.0 
 06/23  17:00:00,0.0 
 06/23  18:00:00,0.0 
 06/23  19:00:00,0.0 
 06/23  20:00:00,0.0 
 06/23  21:00:00,0.0 
 06/23  22:00:00,0.0 
 06/23  23:00:00,0.0 
 06/23  24:00:00,0.0 
 06/24  01:00:00,0.0 
 06/24  02:00:00,0.0 
 06/24  03:00:00,0.0 
 06/24  04:00:00,0.0 
 06/24  05:00:00,515489.0410213731 
 06/24  06:00:00,2191524.023628398 
 06/24  07:00:00,2637780.755069875 
 06/24  08:00:00,1727407.5176591228 
 06/24  09:00:00,219178.58942911847 
 06/24  10:00:00,0.0 
 06/24  11:00:00,0.0 
 06/24  12:00:00,0.0 
 06/24  13:00:00,0.0 
 06/24  14:00:00,0.0 
 06/24  15:00:00,0.0 
 06/24  16:00:00,0.0 
 06/24  17:00:00,0.0 
 06/24  18:00:00,0.0 
 06/24  19:00:00,0.0 
 06/24  20:00:00,0.0 
 06/24  21:00:00,0.0 
 06/24  22:00:00,0.0 
 06/24  23:00:00,0.0 
 06/24  24:00:00,0.0 
 06/25  01:00:00,51939.84226856846 
 06/25  02:00:00,2727139.757644938 
 06/25  03:00:00,6692042.530964102 
 06/25  04:00:00,10970881.257222183 
 06/25  05:00:00,14558161.02184945 
 06/25  06:00:00,16150271.823073635 
 06/25  07:00:00,15234438.530276658 
 06/25  08:00:00,12533317.977339495 
 06/25  09:00:00,9180939.760224406 
 06/25  10:00:00,6616078.937552624 
 06/25  11:00:00,3708798.5012249323 
 06/25  12:00:00,745391.2013315306 
 06/25  13:00:00,0.0 
 06/25  14:00:00,0.0 
 06/25  15:00:00,0.0 
 06/25  16:00:00,0.0 
 06/25  17:00:00,0.0 
 06/25  18:00:00,0.0 
 06/25  19:00:00,0.0 
 06/25  20:00:00,0.0 
 06/25  21:00:00,0.0 
 06/25  22:00:00,1048517.0537187544 
 06/25  23:00:00,4679605.5163328545 
 06/25  24:00:00,7516748.7650230415 
 06/26  01:00:00,9778668.295485102 
 06/26  02:00:00,11758145.594867138 
 06/26  03:00:00,14543176.389388828 
 06/26  04:00:00,17990871.37673805 
 06/26  05:00:00,20395132.098901633 
 06/26  06:00:00,20000346.207092453 
 06/26  07:00:00,17055890.060998466 
 06/26  08:00:00,12943880.315779243 
 06/26  09:00:00,9041916.718764847 
 06/26  10:00:00,6121944.6895431075 
 06/26  11:00:00,3343010.690193105 
 06/26  12:00:00,524694.8640807183 
 06/26  13:00:00,0.0 
 06/26  14:00:00,0.0 
 06/26  15:00:00,0.0 
 06/26  16:00:00,0.0 
 06/26  17:00:00,0.0 
 06/26  18:00:00,0.0 
 06/26  19:00:00,0.0 
 06/26  20:00:00,0.0 
 06/26  21:00:00,564073.9051860524 
 06/26  22:00:00,3366389.616449329 
 06/26  23:00:00,5339714.516145503 
 06/26  24:00:00,6270244.294245075 
 06/27  01:00:00,7083153.824834702 
 06/27  02:00:00,8032918.914583815 
 06/27  03:00:00,8628867.624890985 
 06/27  04:00:00,8838996.553965045 
 06/27  05:00:00,9143051.175279148 
 06/27  06:00:00,9115312.98760019 
 06/27  07:00:00,8147002.6796491 
 06/27  08:00:00,6589647.981580667 
 06/27  09:00:00,4960142.209910928 
 06/27  10:00:00,3579905.4305856647 
 06/27  11:00:00,1156560.6791080849 
 06/27  12:00:00,0.0 
 06/27  13:00:00,0.0 
 06/27  14:00:00,0.0 
 06/27  15:00:00,0.0 
 06/27  16:00:00,0.0 
 06/27  17:00:00,0.0 
 06/27  18:00:00,0.0 
 06/27  19:00:00,0.0 
 06/27  20:00:00,0.0 
 06/27  21:00:00,0.0 
 06/27  22:00:00,1060205.9373359545 
 06/27  23:00:00,4126190.2761231703 
 06/27  24:00:00,6763821.862749069 
 06/28  01:00:00,8864757.68527994 
 06/28  02:00:00,10648864.265393542 
 06/28  03:00:00,12836248.502859903 
 06/28  04:00:00,15144039.19700909 
 06/28  05:00:00,17047282.118076634 
 06/28  06:00:00,17132795.364664838 
 06/28  07:00:00,15158240.120132405 
 06/28  08:00:00,12471236.628875796 
 06/28  09:00:00,9204130.03656873 
 06/28  10:00:00,6217675.467247091 
 06/28  11:00:00,4185407.6463031 
 06/28  12:00:00,3222975.800262188 
 06/28  13:00:00,3899279.977688537 
 06/28  14:00:00,4458544.414071611 
 06/28  15:00:00,5384634.016759904 
 06/28  16:00:00,5433975.718408834 
 06/28  17:00:00,3626953.070788068 
 06/28  18:00:00,2740675.8275031056 
 06/28  19:00:00,5142710.658273526 
 06/28  20:00:00,8226367.79667178 
 06/28  21:00:00,9733645.178857401 
 06/28  22:00:00,11198111.290433317 
 06/28  23:00:00,12248119.711567897 
 06/28  24:00:00,12836674.245754432 
 06/29  01:00:00,13740472.670172457 
 06/29  02:00:00,14863622.298122836 
 06/29  03:00:00,16206722.296492035 
 06/29  04:00:00,17474543.902360413 
 06/29  05:00:00,18248386.57489025 
 06/29  06:00:00,18676103.274589326 
 06/29  07:00:00,17947264.40982917 
 06/29  08:00:00,15950449.588191673 
 06/29  09:00:00,13323359.141656639 
 06/29  10:00:00,10347317.977152696 
 06/29  11:00:00,7688791.379749199 
 06/29  12:00:00,5512721.947183513 
 06/29  13:00:00,4321142.503732519 
 06/29  14:00:00,3889878.692738648 
 06/29  15:00:00,3510541.1988402074 
 06/29  16:00:00,3626122.0174967954 
 06/29  17:00:00,3748131.4828260047 
 06/29  18:00:00,4157031.04059634 
 06/29  19:00:00,5371937.482800418 
 06/29  20:00:00,7359689.887883661 
 06/29  21:00:00,9798787.312120166 
 06/29  22:00:00,12452986.248524996 
 06/29  23:00:00,13071934.5738417 
 06/29  24:00:00,14340177.766806772 
 06/30  01:00:00,17974582.99670663 
 06/30  02:00:00,19748729.38279955 
 06/30  03:00:00,20052761.89205916 
 06/30  04:00:00,20541774.06270577 
 06/30  05:00:00,21719939.02748778 
 06/30  06:00:00,23037693.908376027 
 06/30  07:00:00,21060379.790049672 
 06/30  08:00:00,16189446.430513881 
 06/30  09:00:00,11539917.801081017 
 06/30  10:00:00,7193694.859851035 
 06/30  11:00:00,3666472.819771479 
 06/30  12:00:00,1609505.1635842596 
 06/30  13:00:00,131952.37511849846 
 06/30  14:00:00,0.0 
 06/30  15:00:00,0.0 
 06/30  16:00:00,0.0 
 06/30  17:00:00,0.0 
 06/30  18:00:00,0.0 
 06/30  19:00:00,0.0 
 06/30  20:00:00,312755.8134488936 
 06/30  21:00:00,2416650.0342761166 
 06/30  22:00:00,5001268.755756702 
 06/30  23:00:00,8407389.50773754 
 06/30  24:00:00,11190261.669249827 
 07/01  01:00:00,12736800.946339674 
 07/01  02:00:00,14744427.666382981 
 07/01  03:00:00,16844468.154599965 
 07/01  04:00:00,18656707.64172807 
 07/01  05:00:00,20236243.371141426 
 07/01  06:00:00,19944221.27869429 
 07/01  07:00:00,16994866.61650004 
 07/01  08:00:00,12590588.718690673 
 07/01  09:00:00,8083032.290279835 
 07/01  10:00:00,3505946.04374097 
 07/01  11:00:00,179252.6368946128 
 07/01  12:00:00,0.0 
 07/01  13:00:00,0.0 
 07/01  14:00:00,0.0 
 07/01  15:00:00,0.0 
 07/01  16:00:00,0.0 
 07/01  17:00:00,0.0 
 07/01  18:00:00,0.0 
 07/01  19:00:00,0.0 
 07/01  20:00:00,0.0 
 07/01  21:00:00,0.0 
 07/01  22:00:00,0.0 
 07/01  23:00:00,2482722.128166264 
 07/01  24:00:00,6868909.683044157 
 07/02  01:00:00,11510670.548241278 
 07/02  02:00:00,15768639.000269288 
 07/02  03:00:00,18216741.64079324 
 07/02  04:00:00,18809988.797513735 
 07/02  05:00:00,18382978.459128734 
 07/02  06:00:00,19020013.836306103 
 07/02  07:00:00,17052386.748539478 
 07/02  08:00:00,12162278.327199874 
 07/02  09:00:00,7811581.622383465 
 07/02  10:00:00,3753366.079394968 
 07/02  11:00:00,367300.5584076396 
 07/02  12:00:00,0.0 
 07/02  13:00:00,0.0 
 07/02  14:00:00,0.0 
 07/02  15:00:00,0.0 
 07/02  16:00:00,0.0 
 07/02  17:00:00,0.0 
 07/02  18:00:00,0.0 
 07/02  19:00:00,0.0 
 07/02  20:00:00,0.0 
 07/02  21:00:00,0.0 
 07/02  22:00:00,0.0 
 07/02  23:00:00,0.0 
 07/02  24:00:00,0.0 
 07/03  01:00:00,0.0 
 07/03  02:00:00,0.0 
 07/03  03:00:00,1048311.6525600607 
 07/03  04:00:00,5183176.577531594 
 07/03  05:00:00,8171916.049048533 
 07/03  06:00:00,9683172.118782934 
 07/03  07:00:00,8127104.380526187 
 07/03  08:00:00,3886590.5169747598 
 07/03  09:00:00,278171.1822641955 
 07/03  10:00:00,0.0 
 07/03  11:00:00,0.0 
 07/03  12:00:00,0.0 
 07/03  13:00:00,0.0 
 07/03  14:00:00,0.0 
 07/03  15:00:00,0.0 
 07/03  16:00:00,0.0 
 07/03  17:00:00,0.0 
 07/03  18:00:00,0.0 
 07/03  19:00:00,0.0 
 07/03  20:00:00,0.0 
 07/03  21:00:00,0.0 
 07/03  22:00:00,0.0 
 07/03  23:00:00,0.0 
 07/03  24:00:00,0.0 
 07/04  01:00:00,0.0 
 07/04  02:00:00,0.0 
 07/04  03:00:00,0.0 
 07/04  04:00:00,0.0 
 07/04  05:00:00,458838.2490068442 
 07/04  06:00:00,1820242.7264090104 
 07/04  07:00:00,1560131.3164831256 
 07/04  08:00:00,84908.38808861445 
 07/04  09:00:00,0.0 
 07/04  10:00:00,0.0 
 07/04  11:00:00,0.0 
 07/04  12:00:00,0.0 
 07/04  13:00:00,0.0 
 07/04  14:00:00,0.0 
 07/04  15:00:00,0.0 
 07/04  16:00:00,0.0 
 07/04  17:00:00,0.0 
 07/04  18:00:00,0.0 
 07/04  19:00:00,0.0 
 07/04  20:00:00,0.0 
 07/04  21:00:00,0.0 
 07/04  22:00:00,0.0 
 07/04  23:00:00,0.0 
 07/04  24:00:00,0.0 
 07/05  01:00:00,0.0 
 07/05  02:00:00,0.0 
 07/05  03:00:00,0.0 
 07/05  04:00:00,0.0 
 07/05  05:00:00,0.0 
 07/05  06:00:00,0.0 
 07/05  07:00:00,0.0 
 07/05  08:00:00,0.0 
 07/05  09:00:00,0.0 
 07/05  10:00:00,0.0 
 07/05  11:00:00,0.0 
 07/05  12:00:00,0.0 
 07/05  13:00:00,0.0 
 07/05  14:00:00,0.0 
 07/05  15:00:00,0.0 
 07/05  16:00:00,0.0 
 07/05  17:00:00,0.0 
 07/05  18:00:00,0.0 
 07/05  19:00:00,0.0 
 07/05  20:00:00,0.0 
 07/05  21:00:00,0.0 
 07/05  22:00:00,0.0 
 07/05  23:00:00,0.0 
 07/05  24:00:00,0.0 
 07/06  01:00:00,0.0 
 07/06  02:00:00,0.0 
 07/06  03:00:00,0.0 
 07/06  04:00:00,737199.5901971008 
 07/06  05:00:00,2564854.9506678013 
 07/06  06:00:00,4084251.499652578 
 07/06  07:00:00,5467675.450448185 
 07/06  08:00:00,6524742.5578056555 
 07/06  09:00:00,6664943.317165546 
 07/06  10:00:00,5487411.48162096 
 07/06  11:00:00,2815653.276840208 
 07/06  12:00:00,276139.86293018097 
 07/06  13:00:00,0.0 
 07/06  14:00:00,0.0 
 07/06  15:00:00,0.0 
 07/06  16:00:00,0.0 
 07/06  17:00:00,0.0 
 07/06  18:00:00,0.0 
 07/06  19:00:00,0.0 
 07/06  20:00:00,0.0 
 07/06  21:00:00,0.0 
 07/06  22:00:00,1263740.461630054 
 07/06  23:00:00,5799047.4624987 
 07/06  24:00:00,9163955.200452516 
 07/07  01:00:00,12540032.421950478 
 07/07  02:00:00,15943465.55776541 
 07/07  03:00:00,18805243.52766949 
 07/07  04:00:00,21044596.30085348 
 07/07  05:00:00,22209167.760742467 
 07/07  06:00:00,22175119.773365036 
 07/07  07:00:00,19427562.870690912 
 07/07  08:00:00,14183542.790292475 
 07/07  09:00:00,8855956.51360765 
 07/07  10:00:00,4827658.462279797 
 07/07  11:00:00,2269574.0953843403 
 07/07  12:00:00,266785.5575082999 
 07/07  13:00:00,0.0 
 07/07  14:00:00,0.0 
 07/07  15:00:00,0.0 
 07/07  16:00:00,0.0 
 07/07  17:00:00,0.0 
 07/07  18:00:00,0.0 
 07/07  19:00:00,0.0 
 07/07  20:00:00,0.0 
 07/07  21:00:00,781956.8009483396 
 07/07  22:00:00,4823522.5838498855 
 07/07  23:00:00,6529112.411488599 
 07/07  24:00:00,7206777.889315412 
 07/08  01:00:00,9962199.87669532 
 07/08  02:00:00,13629999.965534993 
 07/08  03:00:00,16009516.846716987 
 07/08  04:00:00,17165716.21054475 
 07/08  05:00:00,18969184.82743425 
 07/08  06:00:00,19588595.97402908 
 07/08  07:00:00,17535450.97507743 
 07/08  08:00:00,13628318.407767387 
 07/08  09:00:00,9124400.894199004 
 07/08  10:00:00,5298460.61711451 
 07/08  11:00:00,2001697.7617715197 
 07/08  12:00:00,130263.38873921195 
 07/08  13:00:00,0.0 
 07/08  14:00:00,0.0 
 07/08  15:00:00,0.0 
 07/08  16:00:00,0.0 
 07/08  17:00:00,0.0 
 07/08  18:00:00,0.0 
 07/08  19:00:00,0.0 
 07/08  20:00:00,2154881.3268701723 
 07/08  21:00:00,5516890.880792048 
 07/08  22:00:00,7552867.005201529 
 07/08  23:00:00,8988859.997076383 
 07/08  24:00:00,10140010.816921534 
 07/09  01:00:00,11561400.215543678 
 07/09  02:00:00,12631810.706355657 
 07/09  03:00:00,13294842.90789978 
 07/09  04:00:00,13959176.687133215 
 07/09  05:00:00,14484188.649523921 
 07/09  06:00:00,14560263.104603574 
 07/09  07:00:00,14077872.419124773 
 07/09  08:00:00,12588658.505538644 
 07/09  09:00:00,10068045.43546305 
 07/09  10:00:00,7006556.01209728 
 07/09  11:00:00,3078705.638068217 
 07/09  12:00:00,90811.84913484032 
 07/09  13:00:00,0.0 
 07/09  14:00:00,0.0 
 07/09  15:00:00,0.0 
 07/09  16:00:00,0.0 
 07/09  17:00:00,0.0 
 07/09  18:00:00,0.0 
 07/09  19:00:00,0.0 
 07/09  20:00:00,0.0 
 07/09  21:00:00,0.0 
 07/09  22:00:00,0.0 
 07/09  23:00:00,0.0 
 07/09  24:00:00,0.0 
 07/10  01:00:00,0.0 
 07/10  02:00:00,0.0 
 07/10  03:00:00,0.0 
 07/10  04:00:00,851190.6659397762 
 07/10  05:00:00,3143049.669813935 
 07/10  06:00:00,4746155.70279017 
 07/10  07:00:00,5432721.153300646 
 07/10  08:00:00,5074083.608107718 
 07/10  09:00:00,3899312.3994997 
 07/10  10:00:00,1872463.2254787139 
 07/10  11:00:00,615747.6446323853 
 07/10  12:00:00,46577.17293549213 
 07/10  13:00:00,0.0 
 07/10  14:00:00,0.0 
 07/10  15:00:00,0.0 
 07/10  16:00:00,0.0 
 07/10  17:00:00,0.0 
 07/10  18:00:00,0.0 
 07/10  19:00:00,0.0 
 07/10  20:00:00,0.0 
 07/10  21:00:00,0.0 
 07/10  22:00:00,0.0 
 07/10  23:00:00,2217126.9378789933 
 07/10  24:00:00,4872635.614226817 
 07/11  01:00:00,6989231.820083322 
 07/11  02:00:00,8793270.58033562 
 07/11  03:00:00,10346361.456561932 
 07/11  04:00:00,11778951.51325599 
 07/11  05:00:00,12655762.861421939 
 07/11  06:00:00,13203306.939398473 
 07/11  07:00:00,12520797.899113428 
 07/11  08:00:00,10393905.437447207 
 07/11  09:00:00,8171913.331673574 
 07/11  10:00:00,6544740.661088016 
 07/11  11:00:00,7317485.972982367 
 07/11  12:00:00,7655514.443963272 
 07/11  13:00:00,5976329.364436684 
 07/11  14:00:00,4359364.800018969 
 07/11  15:00:00,1919336.8588123005 
 07/11  16:00:00,20808.82428188925 
 07/11  17:00:00,0.0 
 07/11  18:00:00,0.0 
 07/11  19:00:00,0.0 
 07/11  20:00:00,0.0 
 07/11  21:00:00,0.0 
 07/11  22:00:00,0.0 
 07/11  23:00:00,376643.6399902334 
 07/11  24:00:00,3583705.1816529776 
 07/12  01:00:00,5804297.877426306 
 07/12  02:00:00,7140909.648702545 
 07/12  03:00:00,7376236.066284992 
 07/12  04:00:00,6920558.324999235 
 07/12  05:00:00,6923679.522004761 
 07/12  06:00:00,7461287.463579787 
 07/12  07:00:00,7662514.792291291 
 07/12  08:00:00,7206567.747775308 
 07/12  09:00:00,5403473.943338707 
 07/12  10:00:00,1904629.4728131266 
 07/12  11:00:00,0.0 
 07/12  12:00:00,0.0 
 07/12  13:00:00,0.0 
 07/12  14:00:00,0.0 
 07/12  15:00:00,0.0 
 07/12  16:00:00,0.0 
 07/12  17:00:00,0.0 
 07/12  18:00:00,0.0 
 07/12  19:00:00,0.0 
 07/12  20:00:00,0.0 
 07/12  21:00:00,0.0 
 07/12  22:00:00,0.0 
 07/12  23:00:00,0.0 
 07/12  24:00:00,0.0 
 07/13  01:00:00,0.0 
 07/13  02:00:00,0.0 
 07/13  03:00:00,0.0 
 07/13  04:00:00,0.0 
 07/13  05:00:00,0.0 
 07/13  06:00:00,0.0 
 07/13  07:00:00,0.0 
 07/13  08:00:00,0.0 
 07/13  09:00:00,0.0 
 07/13  10:00:00,0.0 
 07/13  11:00:00,0.0 
 07/13  12:00:00,0.0 
 07/13  13:00:00,0.0 
 07/13  14:00:00,0.0 
 07/13  15:00:00,0.0 
 07/13  16:00:00,0.0 
 07/13  17:00:00,0.0 
 07/13  18:00:00,0.0 
 07/13  19:00:00,0.0 
 07/13  20:00:00,0.0 
 07/13  21:00:00,0.0 
 07/13  22:00:00,0.0 
 07/13  23:00:00,0.0 
 07/13  24:00:00,0.0 
 07/14  01:00:00,0.0 
 07/14  02:00:00,844467.2972996486 
 07/14  03:00:00,4617173.172975833 
 07/14  04:00:00,8113110.506279354 
 07/14  05:00:00,10535447.311404906 
 07/14  06:00:00,11889531.37224525 
 07/14  07:00:00,10925620.595142193 
 07/14  08:00:00,7841545.952298947 
 07/14  09:00:00,4080433.567263885 
 07/14  10:00:00,639431.1161375663 
 07/14  11:00:00,0.0 
 07/14  12:00:00,0.0 
 07/14  13:00:00,0.0 
 07/14  14:00:00,0.0 
 07/14  15:00:00,0.0 
 07/14  16:00:00,0.0 
 07/14  17:00:00,0.0 
 07/14  18:00:00,0.0 
 07/14  19:00:00,0.0 
 07/14  20:00:00,0.0 
 07/14  21:00:00,0.0 
 07/14  22:00:00,0.0 
 07/14  23:00:00,0.0 
 07/14  24:00:00,0.0 
 07/15  01:00:00,0.0 
 07/15  02:00:00,0.0 
 07/15  03:00:00,0.0 
 07/15  04:00:00,0.0 
 07/15  05:00:00,0.0 
 07/15  06:00:00,0.0 
 07/15  07:00:00,0.0 
 07/15  08:00:00,0.0 
 07/15  09:00:00,0.0 
 07/15  10:00:00,0.0 
 07/15  11:00:00,0.0 
 07/15  12:00:00,0.0 
 07/15  13:00:00,0.0 
 07/15  14:00:00,0.0 
 07/15  15:00:00,0.0 
 07/15  16:00:00,0.0 
 07/15  17:00:00,0.0 
 07/15  18:00:00,0.0 
 07/15  19:00:00,0.0 
 07/15  20:00:00,0.0 
 07/15  21:00:00,0.0 
 07/15  22:00:00,0.0 
 07/15  23:00:00,0.0 
 07/15  24:00:00,0.0 
 07/16  01:00:00,0.0 
 07/16  02:00:00,0.0 
 07/16  03:00:00,0.0 
 07/16  04:00:00,0.0 
 07/16  05:00:00,1441200.815048389 
 07/16  06:00:00,3348165.50249986 
 07/16  07:00:00,2148362.1253749356 
 07/16  08:00:00,61489.46874334943 
 07/16  09:00:00,0.0 
 07/16  10:00:00,0.0 
 07/16  11:00:00,0.0 
 07/16  12:00:00,0.0 
 07/16  13:00:00,0.0 
 07/16  14:00:00,0.0 
 07/16  15:00:00,0.0 
 07/16  16:00:00,0.0 
 07/16  17:00:00,0.0 
 07/16  18:00:00,0.0 
 07/16  19:00:00,0.0 
 07/16  20:00:00,0.0 
 07/16  21:00:00,0.0 
 07/16  22:00:00,0.0 
 07/16  23:00:00,0.0 
 07/16  24:00:00,0.0 
 07/17  01:00:00,0.0 
 07/17  02:00:00,0.0 
 07/17  03:00:00,0.0 
 07/17  04:00:00,0.0 
 07/17  05:00:00,0.0 
 07/17  06:00:00,0.0 
 07/17  07:00:00,0.0 
 07/17  08:00:00,0.0 
 07/17  09:00:00,0.0 
 07/17  10:00:00,0.0 
 07/17  11:00:00,0.0 
 07/17  12:00:00,0.0 
 07/17  13:00:00,0.0 
 07/17  14:00:00,0.0 
 07/17  15:00:00,0.0 
 07/17  16:00:00,0.0 
 07/17  17:00:00,0.0 
 07/17  18:00:00,0.0 
 07/17  19:00:00,0.0 
 07/17  20:00:00,0.0 
 07/17  21:00:00,0.0 
 07/17  22:00:00,0.0 
 07/17  23:00:00,0.0 
 07/17  24:00:00,0.0 
 07/18  01:00:00,0.0 
 07/18  02:00:00,0.0 
 07/18  03:00:00,0.0 
 07/18  04:00:00,0.0 
 07/18  05:00:00,0.0 
 07/18  06:00:00,0.0 
 07/18  07:00:00,0.0 
 07/18  08:00:00,0.0 
 07/18  09:00:00,0.0 
 07/18  10:00:00,0.0 
 07/18  11:00:00,0.0 
 07/18  12:00:00,0.0 
 07/18  13:00:00,0.0 
 07/18  14:00:00,0.0 
 07/18  15:00:00,0.0 
 07/18  16:00:00,0.0 
 07/18  17:00:00,0.0 
 07/18  18:00:00,0.0 
 07/18  19:00:00,0.0 
 07/18  20:00:00,0.0 
 07/18  21:00:00,0.0 
 07/18  22:00:00,0.0 
 07/18  23:00:00,0.0 
 07/18  24:00:00,0.0 
 07/19  01:00:00,0.0 
 07/19  02:00:00,0.0 
 07/19  03:00:00,0.0 
 07/19  04:00:00,0.0 
 07/19  05:00:00,0.0 
 07/19  06:00:00,0.0 
 07/19  07:00:00,0.0 
 07/19  08:00:00,0.0 
 07/19  09:00:00,0.0 
 07/19  10:00:00,0.0 
 07/19  11:00:00,0.0 
 07/19  12:00:00,0.0 
 07/19  13:00:00,0.0 
 07/19  14:00:00,0.0 
 07/19  15:00:00,0.0 
 07/19  16:00:00,0.0 
 07/19  17:00:00,0.0 
 07/19  18:00:00,0.0 
 07/19  19:00:00,0.0 
 07/19  20:00:00,0.0 
 07/19  21:00:00,0.0 
 07/19  22:00:00,0.0 
 07/19  23:00:00,0.0 
 07/19  24:00:00,0.0 
 07/20  01:00:00,0.0 
 07/20  02:00:00,0.0 
 07/20  03:00:00,0.0 
 07/20  04:00:00,0.0 
 07/20  05:00:00,0.0 
 07/20  06:00:00,0.0 
 07/20  07:00:00,0.0 
 07/20  08:00:00,0.0 
 07/20  09:00:00,0.0 
 07/20  10:00:00,0.0 
 07/20  11:00:00,0.0 
 07/20  12:00:00,0.0 
 07/20  13:00:00,0.0 
 07/20  14:00:00,0.0 
 07/20  15:00:00,0.0 
 07/20  16:00:00,0.0 
 07/20  17:00:00,0.0 
 07/20  18:00:00,0.0 
 07/20  19:00:00,0.0 
 07/20  20:00:00,0.0 
 07/20  21:00:00,0.0 
 07/20  22:00:00,0.0 
 07/20  23:00:00,0.0 
 07/20  24:00:00,0.0 
 07/21  01:00:00,0.0 
 07/21  02:00:00,0.0 
 07/21  03:00:00,0.0 
 07/21  04:00:00,0.0 
 07/21  05:00:00,0.0 
 07/21  06:00:00,0.0 
 07/21  07:00:00,0.0 
 07/21  08:00:00,0.0 
 07/21  09:00:00,0.0 
 07/21  10:00:00,0.0 
 07/21  11:00:00,0.0 
 07/21  12:00:00,0.0 
 07/21  13:00:00,0.0 
 07/21  14:00:00,0.0 
 07/21  15:00:00,0.0 
 07/21  16:00:00,0.0 
 07/21  17:00:00,0.0 
 07/21  18:00:00,0.0 
 07/21  19:00:00,0.0 
 07/21  20:00:00,0.0 
 07/21  21:00:00,0.0 
 07/21  22:00:00,0.0 
 07/21  23:00:00,0.0 
 07/21  24:00:00,0.0 
 07/22  01:00:00,0.0 
 07/22  02:00:00,0.0 
 07/22  03:00:00,0.0 
 07/22  04:00:00,0.0 
 07/22  05:00:00,0.0 
 07/22  06:00:00,0.0 
 07/22  07:00:00,0.0 
 07/22  08:00:00,0.0 
 07/22  09:00:00,0.0 
 07/22  10:00:00,0.0 
 07/22  11:00:00,0.0 
 07/22  12:00:00,0.0 
 07/22  13:00:00,0.0 
 07/22  14:00:00,0.0 
 07/22  15:00:00,0.0 
 07/22  16:00:00,0.0 
 07/22  17:00:00,0.0 
 07/22  18:00:00,0.0 
 07/22  19:00:00,0.0 
 07/22  20:00:00,0.0 
 07/22  21:00:00,0.0 
 07/22  22:00:00,0.0 
 07/22  23:00:00,0.0 
 07/22  24:00:00,0.0 
 07/23  01:00:00,0.0 
 07/23  02:00:00,0.0 
 07/23  03:00:00,0.0 
 07/23  04:00:00,0.0 
 07/23  05:00:00,0.0 
 07/23  06:00:00,0.0 
 07/23  07:00:00,0.0 
 07/23  08:00:00,0.0 
 07/23  09:00:00,0.0 
 07/23  10:00:00,0.0 
 07/23  11:00:00,0.0 
 07/23  12:00:00,0.0 
 07/23  13:00:00,0.0 
 07/23  14:00:00,0.0 
 07/23  15:00:00,0.0 
 07/23  16:00:00,0.0 
 07/23  17:00:00,0.0 
 07/23  18:00:00,0.0 
 07/23  19:00:00,0.0 
 07/23  20:00:00,0.0 
 07/23  21:00:00,0.0 
 07/23  22:00:00,0.0 
 07/23  23:00:00,0.0 
 07/23  24:00:00,0.0 
 07/24  01:00:00,0.0 
 07/24  02:00:00,0.0 
 07/24  03:00:00,0.0 
 07/24  04:00:00,0.0 
 07/24  05:00:00,0.0 
 07/24  06:00:00,0.0 
 07/24  07:00:00,0.0 
 07/24  08:00:00,0.0 
 07/24  09:00:00,0.0 
 07/24  10:00:00,0.0 
 07/24  11:00:00,0.0 
 07/24  12:00:00,0.0 
 07/24  13:00:00,0.0 
 07/24  14:00:00,0.0 
 07/24  15:00:00,0.0 
 07/24  16:00:00,0.0 
 07/24  17:00:00,0.0 
 07/24  18:00:00,0.0 
 07/24  19:00:00,0.0 
 07/24  20:00:00,0.0 
 07/24  21:00:00,0.0 
 07/24  22:00:00,0.0 
 07/24  23:00:00,0.0 
 07/24  24:00:00,0.0 
 07/25  01:00:00,0.0 
 07/25  02:00:00,0.0 
 07/25  03:00:00,0.0 
 07/25  04:00:00,0.0 
 07/25  05:00:00,0.0 
 07/25  06:00:00,0.0 
 07/25  07:00:00,0.0 
 07/25  08:00:00,0.0 
 07/25  09:00:00,0.0 
 07/25  10:00:00,0.0 
 07/25  11:00:00,0.0 
 07/25  12:00:00,0.0 
 07/25  13:00:00,0.0 
 07/25  14:00:00,0.0 
 07/25  15:00:00,0.0 
 07/25  16:00:00,0.0 
 07/25  17:00:00,0.0 
 07/25  18:00:00,0.0 
 07/25  19:00:00,0.0 
 07/25  20:00:00,0.0 
 07/25  21:00:00,0.0 
 07/25  22:00:00,0.0 
 07/25  23:00:00,0.0 
 07/25  24:00:00,0.0 
 07/26  01:00:00,0.0 
 07/26  02:00:00,0.0 
 07/26  03:00:00,0.0 
 07/26  04:00:00,0.0 
 07/26  05:00:00,0.0 
 07/26  06:00:00,0.0 
 07/26  07:00:00,0.0 
 07/26  08:00:00,0.0 
 07/26  09:00:00,0.0 
 07/26  10:00:00,0.0 
 07/26  11:00:00,0.0 
 07/26  12:00:00,0.0 
 07/26  13:00:00,0.0 
 07/26  14:00:00,0.0 
 07/26  15:00:00,0.0 
 07/26  16:00:00,0.0 
 07/26  17:00:00,0.0 
 07/26  18:00:00,0.0 
 07/26  19:00:00,0.0 
 07/26  20:00:00,0.0 
 07/26  21:00:00,0.0 
 07/26  22:00:00,0.0 
 07/26  23:00:00,0.0 
 07/26  24:00:00,0.0 
 07/27  01:00:00,0.0 
 07/27  02:00:00,0.0 
 07/27  03:00:00,0.0 
 07/27  04:00:00,0.0 
 07/27  05:00:00,0.0 
 07/27  06:00:00,0.0 
 07/27  07:00:00,0.0 
 07/27  08:00:00,0.0 
 07/27  09:00:00,0.0 
 07/27  10:00:00,0.0 
 07/27  11:00:00,0.0 
 07/27  12:00:00,0.0 
 07/27  13:00:00,0.0 
 07/27  14:00:00,0.0 
 07/27  15:00:00,0.0 
 07/27  16:00:00,0.0 
 07/27  17:00:00,0.0 
 07/27  18:00:00,0.0 
 07/27  19:00:00,0.0 
 07/27  20:00:00,0.0 
 07/27  21:00:00,0.0 
 07/27  22:00:00,0.0 
 07/27  23:00:00,0.0 
 07/27  24:00:00,0.0 
 07/28  01:00:00,0.0 
 07/28  02:00:00,0.0 
 07/28  03:00:00,0.0 
 07/28  04:00:00,0.0 
 07/28  05:00:00,0.0 
 07/28  06:00:00,0.0 
 07/28  07:00:00,0.0 
 07/28  08:00:00,0.0 
 07/28  09:00:00,0.0 
 07/28  10:00:00,0.0 
 07/28  11:00:00,0.0 
 07/28  12:00:00,0.0 
 07/28  13:00:00,0.0 
 07/28  14:00:00,0.0 
 07/28  15:00:00,0.0 
 07/28  16:00:00,0.0 
 07/28  17:00:00,0.0 
 07/28  18:00:00,0.0 
 07/28  19:00:00,0.0 
 07/28  20:00:00,0.0 
 07/28  21:00:00,0.0 
 07/28  22:00:00,0.0 
 07/28  23:00:00,0.0 
 07/28  24:00:00,0.0 
 07/29  01:00:00,0.0 
 07/29  02:00:00,0.0 
 07/29  03:00:00,0.0 
 07/29  04:00:00,0.0 
 07/29  05:00:00,0.0 
 07/29  06:00:00,0.0 
 07/29  07:00:00,0.0 
 07/29  08:00:00,0.0 
 07/29  09:00:00,0.0 
 07/29  10:00:00,0.0 
 07/29  11:00:00,0.0 
 07/29  12:00:00,0.0 
 07/29  13:00:00,0.0 
 07/29  14:00:00,0.0 
 07/29  15:00:00,0.0 
 07/29  16:00:00,0.0 
 07/29  17:00:00,0.0 
 07/29  18:00:00,0.0 
 07/29  19:00:00,0.0 
 07/29  20:00:00,0.0 
 07/29  21:00:00,0.0 
 07/29  22:00:00,0.0 
 07/29  23:00:00,0.0 
 07/29  24:00:00,0.0 
 07/30  01:00:00,0.0 
 07/30  02:00:00,0.0 
 07/30  03:00:00,0.0 
 07/30  04:00:00,0.0 
 07/30  05:00:00,0.0 
 07/30  06:00:00,0.0 
 07/30  07:00:00,0.0 
 07/30  08:00:00,0.0 
 07/30  09:00:00,0.0 
 07/30  10:00:00,0.0 
 07/30  11:00:00,0.0 
 07/30  12:00:00,0.0 
 07/30  13:00:00,0.0 
 07/30  14:00:00,0.0 
 07/30  15:00:00,0.0 
 07/30  16:00:00,0.0 
 07/30  17:00:00,0.0 
 07/30  18:00:00,0.0 
 07/30  19:00:00,0.0 
 07/30  20:00:00,0.0 
 07/30  21:00:00,0.0 
 07/30  22:00:00,0.0 
 07/30  23:00:00,0.0 
 07/30  24:00:00,0.0 
 07/31  01:00:00,0.0 
 07/31  02:00:00,0.0 
 07/31  03:00:00,0.0 
 07/31  04:00:00,0.0 
 07/31  05:00:00,0.0 
 07/31  06:00:00,0.0 
 07/31  07:00:00,0.0 
 07/31  08:00:00,0.0 
 07/31  09:00:00,0.0 
 07/31  10:00:00,0.0 
 07/31  11:00:00,0.0 
 07/31  12:00:00,0.0 
 07/31  13:00:00,0.0 
 07/31  14:00:00,0.0 
 07/31  15:00:00,0.0 
 07/31  16:00:00,0.0 
 07/31  17:00:00,0.0 
 07/31  18:00:00,0.0 
 07/31  19:00:00,0.0 
 07/31  20:00:00,0.0 
 07/31  21:00:00,0.0 
 07/31  22:00:00,0.0 
 07/31  23:00:00,0.0 
 07/31  24:00:00,0.0 
 08/01  01:00:00,0.0 
 08/01  02:00:00,0.0 
 08/01  03:00:00,0.0 
 08/01  04:00:00,0.0 
 08/01  05:00:00,0.0 
 08/01  06:00:00,0.0 
 08/01  07:00:00,0.0 
 08/01  08:00:00,0.0 
 08/01  09:00:00,0.0 
 08/01  10:00:00,0.0 
 08/01  11:00:00,0.0 
 08/01  12:00:00,0.0 
 08/01  13:00:00,0.0 
 08/01  14:00:00,0.0 
 08/01  15:00:00,0.0 
 08/01  16:00:00,0.0 
 08/01  17:00:00,0.0 
 08/01  18:00:00,0.0 
 08/01  19:00:00,0.0 
 08/01  20:00:00,0.0 
 08/01  21:00:00,0.0 
 08/01  22:00:00,0.0 
 08/01  23:00:00,0.0 
 08/01  24:00:00,0.0 
 08/02  01:00:00,0.0 
 08/02  02:00:00,0.0 
 08/02  03:00:00,0.0 
 08/02  04:00:00,0.0 
 08/02  05:00:00,0.0 
 08/02  06:00:00,0.0 
 08/02  07:00:00,0.0 
 08/02  08:00:00,0.0 
 08/02  09:00:00,0.0 
 08/02  10:00:00,0.0 
 08/02  11:00:00,0.0 
 08/02  12:00:00,0.0 
 08/02  13:00:00,0.0 
 08/02  14:00:00,0.0 
 08/02  15:00:00,0.0 
 08/02  16:00:00,0.0 
 08/02  17:00:00,0.0 
 08/02  18:00:00,0.0 
 08/02  19:00:00,0.0 
 08/02  20:00:00,0.0 
 08/02  21:00:00,0.0 
 08/02  22:00:00,0.0 
 08/02  23:00:00,0.0 
 08/02  24:00:00,0.0 
 08/03  01:00:00,0.0 
 08/03  02:00:00,2185972.4300174685 
 08/03  03:00:00,6532579.663534569 
 08/03  04:00:00,10037214.391335452 
 08/03  05:00:00,12181224.924385484 
 08/03  06:00:00,13466133.434653156 
 08/03  07:00:00,12922646.902476015 
 08/03  08:00:00,8886169.265519666 
 08/03  09:00:00,3554702.2955885096 
 08/03  10:00:00,171439.28201143284 
 08/03  11:00:00,0.0 
 08/03  12:00:00,0.0 
 08/03  13:00:00,0.0 
 08/03  14:00:00,0.0 
 08/03  15:00:00,0.0 
 08/03  16:00:00,0.0 
 08/03  17:00:00,0.0 
 08/03  18:00:00,0.0 
 08/03  19:00:00,0.0 
 08/03  20:00:00,0.0 
 08/03  21:00:00,0.0 
 08/03  22:00:00,0.0 
 08/03  23:00:00,0.0 
 08/03  24:00:00,0.0 
 08/04  01:00:00,0.0 
 08/04  02:00:00,319167.2924308281 
 08/04  03:00:00,2765747.728241316 
 08/04  04:00:00,5457643.782739306 
 08/04  05:00:00,8127813.113980827 
 08/04  06:00:00,9789511.765340552 
 08/04  07:00:00,10073944.54696716 
 08/04  08:00:00,7656546.071416419 
 08/04  09:00:00,2724534.932127782 
 08/04  10:00:00,0.0 
 08/04  11:00:00,0.0 
 08/04  12:00:00,0.0 
 08/04  13:00:00,0.0 
 08/04  14:00:00,0.0 
 08/04  15:00:00,0.0 
 08/04  16:00:00,0.0 
 08/04  17:00:00,0.0 
 08/04  18:00:00,0.0 
 08/04  19:00:00,0.0 
 08/04  20:00:00,0.0 
 08/04  21:00:00,0.0 
 08/04  22:00:00,0.0 
 08/04  23:00:00,0.0 
 08/04  24:00:00,0.0 
 08/05  01:00:00,0.0 
 08/05  02:00:00,1373324.1397015227 
 08/05  03:00:00,5420039.437866717 
 08/05  04:00:00,8865657.154899074 
 08/05  05:00:00,10957387.399043888 
 08/05  06:00:00,12284438.066444512 
 08/05  07:00:00,11185907.305007858 
 08/05  08:00:00,6502159.06581338 
 08/05  09:00:00,1167019.495347119 
 08/05  10:00:00,0.0 
 08/05  11:00:00,0.0 
 08/05  12:00:00,0.0 
 08/05  13:00:00,0.0 
 08/05  14:00:00,0.0 
 08/05  15:00:00,0.0 
 08/05  16:00:00,0.0 
 08/05  17:00:00,0.0 
 08/05  18:00:00,0.0 
 08/05  19:00:00,0.0 
 08/05  20:00:00,0.0 
 08/05  21:00:00,0.0 
 08/05  22:00:00,0.0 
 08/05  23:00:00,0.0 
 08/05  24:00:00,0.0 
 08/06  01:00:00,0.0 
 08/06  02:00:00,0.0 
 08/06  03:00:00,0.0 
 08/06  04:00:00,0.0 
 08/06  05:00:00,0.0 
 08/06  06:00:00,0.0 
 08/06  07:00:00,0.0 
 08/06  08:00:00,0.0 
 08/06  09:00:00,0.0 
 08/06  10:00:00,0.0 
 08/06  11:00:00,0.0 
 08/06  12:00:00,0.0 
 08/06  13:00:00,0.0 
 08/06  14:00:00,0.0 
 08/06  15:00:00,0.0 
 08/06  16:00:00,0.0 
 08/06  17:00:00,0.0 
 08/06  18:00:00,0.0 
 08/06  19:00:00,0.0 
 08/06  20:00:00,0.0 
 08/06  21:00:00,0.0 
 08/06  22:00:00,0.0 
 08/06  23:00:00,0.0 
 08/06  24:00:00,0.0 
 08/07  01:00:00,0.0 
 08/07  02:00:00,0.0 
 08/07  03:00:00,0.0 
 08/07  04:00:00,0.0 
 08/07  05:00:00,0.0 
 08/07  06:00:00,0.0 
 08/07  07:00:00,0.0 
 08/07  08:00:00,0.0 
 08/07  09:00:00,0.0 
 08/07  10:00:00,0.0 
 08/07  11:00:00,0.0 
 08/07  12:00:00,0.0 
 08/07  13:00:00,0.0 
 08/07  14:00:00,0.0 
 08/07  15:00:00,0.0 
 08/07  16:00:00,0.0 
 08/07  17:00:00,0.0 
 08/07  18:00:00,0.0 
 08/07  19:00:00,0.0 
 08/07  20:00:00,0.0 
 08/07  21:00:00,0.0 
 08/07  22:00:00,0.0 
 08/07  23:00:00,0.0 
 08/07  24:00:00,0.0 
 08/08  01:00:00,0.0 
 08/08  02:00:00,0.0 
 08/08  03:00:00,0.0 
 08/08  04:00:00,0.0 
 08/08  05:00:00,0.0 
 08/08  06:00:00,0.0 
 08/08  07:00:00,0.0 
 08/08  08:00:00,0.0 
 08/08  09:00:00,0.0 
 08/08  10:00:00,0.0 
 08/08  11:00:00,0.0 
 08/08  12:00:00,0.0 
 08/08  13:00:00,0.0 
 08/08  14:00:00,0.0 
 08/08  15:00:00,0.0 
 08/08  16:00:00,0.0 
 08/08  17:00:00,0.0 
 08/08  18:00:00,0.0 
 08/08  19:00:00,0.0 
 08/08  20:00:00,0.0 
 08/08  21:00:00,0.0 
 08/08  22:00:00,0.0 
 08/08  23:00:00,0.0 
 08/08  24:00:00,0.0 
 08/09  01:00:00,0.0 
 08/09  02:00:00,0.0 
 08/09  03:00:00,0.0 
 08/09  04:00:00,0.0 
 08/09  05:00:00,0.0 
 08/09  06:00:00,261549.01484246954 
 08/09  07:00:00,1636545.7828058861 
 08/09  08:00:00,1049729.1559922334 
 08/09  09:00:00,13016.64674500935 
 08/09  10:00:00,0.0 
 08/09  11:00:00,0.0 
 08/09  12:00:00,0.0 
 08/09  13:00:00,0.0 
 08/09  14:00:00,0.0 
 08/09  15:00:00,0.0 
 08/09  16:00:00,0.0 
 08/09  17:00:00,0.0 
 08/09  18:00:00,0.0 
 08/09  19:00:00,0.0 
 08/09  20:00:00,0.0 
 08/09  21:00:00,0.0 
 08/09  22:00:00,0.0 
 08/09  23:00:00,0.0 
 08/09  24:00:00,0.0 
 08/10  01:00:00,0.0 
 08/10  02:00:00,0.0 
 08/10  03:00:00,539096.9506133522 
 08/10  04:00:00,1866463.1231637904 
 08/10  05:00:00,1891909.845947876 
 08/10  06:00:00,1124751.5943608014 
 08/10  07:00:00,327228.22271541227 
 08/10  08:00:00,378474.3445146654 
 08/10  09:00:00,310328.53945781244 
 08/10  10:00:00,0.0 
 08/10  11:00:00,0.0 
 08/10  12:00:00,0.0 
 08/10  13:00:00,0.0 
 08/10  14:00:00,0.0 
 08/10  15:00:00,0.0 
 08/10  16:00:00,0.0 
 08/10  17:00:00,0.0 
 08/10  18:00:00,0.0 
 08/10  19:00:00,0.0 
 08/10  20:00:00,0.0 
 08/10  21:00:00,0.0 
 08/10  22:00:00,1794583.2208287728 
 08/10  23:00:00,4281786.445958808 
 08/10  24:00:00,6774467.784897802 
 08/11  01:00:00,9056553.8477364 
 08/11  02:00:00,10819570.278424088 
 08/11  03:00:00,12421463.60556826 
 08/11  04:00:00,13851029.984714456 
 08/11  05:00:00,15131818.936677184 
 08/11  06:00:00,16189327.49819658 
 08/11  07:00:00,15666458.729093809 
 08/11  08:00:00,12826931.716380496 
 08/11  09:00:00,8767227.136941604 
 08/11  10:00:00,5037851.952912012 
 08/11  11:00:00,2062139.7956010012 
 08/11  12:00:00,163200.46840545838 
 08/11  13:00:00,0.0 
 08/11  14:00:00,0.0 
 08/11  15:00:00,0.0 
 08/11  16:00:00,192212.18562877036 
 08/11  17:00:00,547365.0389043556 
 08/11  18:00:00,0.0 
 08/11  19:00:00,46638.901014643496 
 08/11  20:00:00,2353473.408711597 
 08/11  21:00:00,5468958.965903975 
 08/11  22:00:00,8108321.534496704 
 08/11  23:00:00,9984387.284307932 
 08/11  24:00:00,11553741.758827675 
 08/12  01:00:00,12770794.21588125 
 08/12  02:00:00,13582640.105848145 
 08/12  03:00:00,14685363.093813743 
 08/12  04:00:00,15657027.639609909 
 08/12  05:00:00,15787779.546862932 
 08/12  06:00:00,16007695.73799422 
 08/12  07:00:00,15910210.884298991 
 08/12  08:00:00,14288942.676435247 
 08/12  09:00:00,11146437.820963213 
 08/12  10:00:00,8035015.596886422 
 08/12  11:00:00,5233305.139521347 
 08/12  12:00:00,2666796.828973439 
 08/12  13:00:00,774249.808706611 
 08/12  14:00:00,0.0 
 08/12  15:00:00,0.0 
 08/12  16:00:00,0.0 
 08/12  17:00:00,0.0 
 08/12  18:00:00,0.0 
 08/12  19:00:00,686412.621117686 
 08/12  20:00:00,4171570.069462387 
 08/12  21:00:00,7381838.012892374 
 08/12  22:00:00,10030499.995547675 
 08/12  23:00:00,12558867.718405277 
 08/12  24:00:00,14446565.600944933 
 08/13  01:00:00,15769614.745472709 
 08/13  02:00:00,16998891.539388366 
 08/13  03:00:00,18231430.968829706 
 08/13  04:00:00,19340238.406693913 
 08/13  05:00:00,19617324.9398674 
 08/13  06:00:00,19950305.063120116 
 08/13  07:00:00,19817840.87912949 
 08/13  08:00:00,17320169.94901217 
 08/13  09:00:00,12468192.100701725 
 08/13  10:00:00,7601418.053571728 
 08/13  11:00:00,3655720.809651876 
 08/13  12:00:00,644756.3359692867 
 08/13  13:00:00,0.0 
 08/13  14:00:00,0.0 
 08/13  15:00:00,0.0 
 08/13  16:00:00,0.0 
 08/13  17:00:00,0.0 
 08/13  18:00:00,0.0 
 08/13  19:00:00,0.0 
 08/13  20:00:00,0.0 
 08/13  21:00:00,0.0 
 08/13  22:00:00,608264.9619416508 
 08/13  23:00:00,2829572.259418859 
 08/13  24:00:00,4429242.555677559 
 08/14  01:00:00,5755640.316045546 
 08/14  02:00:00,7156366.342336032 
 08/14  03:00:00,8879370.822315156 
 08/14  04:00:00,10958351.656972123 
 08/14  05:00:00,13198145.883355761 
 08/14  06:00:00,14818868.862696635 
 08/14  07:00:00,14618073.530284869 
 08/14  08:00:00,12328495.008272225 
 08/14  09:00:00,9365302.990823412 
 08/14  10:00:00,6123006.51980106 
 08/14  11:00:00,2055521.6398720513 
 08/14  12:00:00,926436.9767611264 
 08/14  13:00:00,2178879.560945579 
 08/14  14:00:00,2411056.2400686555 
 08/14  15:00:00,2133197.8666808284 
 08/14  16:00:00,3206529.157490371 
 08/14  17:00:00,4676421.112790245 
 08/14  18:00:00,4742458.300377033 
 08/14  19:00:00,5020409.939230629 
 08/14  20:00:00,6932348.795437895 
 08/14  21:00:00,10088747.659041582 
 08/14  22:00:00,12063763.390137903 
 08/14  23:00:00,12931715.859473195 
 08/14  24:00:00,14086791.567689376 
 08/15  01:00:00,15627463.817182511 
 08/15  02:00:00,17156484.447278094 
 08/15  03:00:00,18234527.751894377 
 08/15  04:00:00,19534117.878955826 
 08/15  05:00:00,20341001.724515997 
 08/15  06:00:00,19790344.78108232 
 08/15  07:00:00,18912791.989560187 
 08/15  08:00:00,17510981.0266735 
 08/15  09:00:00,15365480.839620374 
 08/15  10:00:00,13298880.899137206 
 08/15  11:00:00,10184222.180533765 
 08/15  12:00:00,6628710.351898232 
 08/15  13:00:00,3736328.254796699 
 08/15  14:00:00,1424628.2513395941 
 08/15  15:00:00,119425.8464313636 
 08/15  16:00:00,0.0 
 08/15  17:00:00,0.0 
 08/15  18:00:00,0.0 
 08/15  19:00:00,0.0 
 08/15  20:00:00,914682.4357561825 
 08/15  21:00:00,3639199.3123096935 
 08/15  22:00:00,5613655.479188957 
 08/15  23:00:00,8530467.564062538 
 08/15  24:00:00,11437725.725290885 
 08/16  01:00:00,12036811.949908352 
 08/16  02:00:00,12723385.946970481 
 08/16  03:00:00,14673774.88845909 
 08/16  04:00:00,17061760.92014404 
 08/16  05:00:00,18722202.837206066 
 08/16  06:00:00,19777069.822013076 
 08/16  07:00:00,19832274.60149325 
 08/16  08:00:00,17849718.067229517 
 08/16  09:00:00,14430771.452048665 
 08/16  10:00:00,10001977.623966895 
 08/16  11:00:00,5781764.044657111 
 08/16  12:00:00,3134255.76785981 
 08/16  13:00:00,1268831.0301158228 
 08/16  14:00:00,23300.284843199188 
 08/16  15:00:00,0.0 
 08/16  16:00:00,0.0 
 08/16  17:00:00,0.0 
 08/16  18:00:00,0.0 
 08/16  19:00:00,144781.7464544205 
 08/16  20:00:00,2213391.4855358074 
 08/16  21:00:00,4430747.833853698 
 08/16  22:00:00,5924326.164984832 
 08/16  23:00:00,6944422.326986067 
 08/16  24:00:00,7776014.254784247 
 08/17  01:00:00,8728430.79147275 
 08/17  02:00:00,9589564.604441788 
 08/17  03:00:00,10001190.491447499 
 08/17  04:00:00,9842563.491156615 
 08/17  05:00:00,10016810.755658494 
 08/17  06:00:00,10642712.147994725 
 08/17  07:00:00,10629928.623707088 
 08/17  08:00:00,9846536.629648501 
 08/17  09:00:00,8766225.911195194 
 08/17  10:00:00,7282407.442993747 
 08/17  11:00:00,5877938.1561535075 
 08/17  12:00:00,6001995.718324917 
 08/17  13:00:00,5947138.468820415 
 08/17  14:00:00,4144748.391162587 
 08/17  15:00:00,1106652.3322260648 
 08/17  16:00:00,0.0 
 08/17  17:00:00,0.0 
 08/17  18:00:00,0.0 
 08/17  19:00:00,0.0 
 08/17  20:00:00,1693987.9663048838 
 08/17  21:00:00,5125980.776157084 
 08/17  22:00:00,8295571.013207535 
 08/17  23:00:00,11167166.86633788 
 08/17  24:00:00,13696152.71642455 
 08/18  01:00:00,15913996.882118123 
 08/18  02:00:00,17710835.292532917 
 08/18  03:00:00,19292034.41502235 
 08/18  04:00:00,20674150.91909475 
 08/18  05:00:00,21165295.307211194 
 08/18  06:00:00,21082463.301747516 
 08/18  07:00:00,21043212.272738777 
 08/18  08:00:00,19921819.06171215 
 08/18  09:00:00,16513374.0313149 
 08/18  10:00:00,12250653.553285293 
 08/18  11:00:00,8911342.253380077 
 08/18  12:00:00,6156113.493321552 
 08/18  13:00:00,3797606.050748978 
 08/18  14:00:00,1776190.9144715639 
 08/18  15:00:00,669674.5355267893 
 08/18  16:00:00,959808.2273887005 
 08/18  17:00:00,1978818.582465174 
 08/18  18:00:00,3033021.4829203323 
 08/18  19:00:00,4641049.009637808 
 08/18  20:00:00,6659055.031560128 
 08/18  21:00:00,9007107.81331557 
 08/18  22:00:00,11178107.953284334 
 08/18  23:00:00,13339410.977353906 
 08/18  24:00:00,15676628.855316231 
 08/19  01:00:00,17612565.228040483 
 08/19  02:00:00,19542471.21632772 
 08/19  03:00:00,21073693.308398504 
 08/19  04:00:00,21855322.2742266 
 08/19  05:00:00,22069772.95601938 
 08/19  06:00:00,22518947.18737532 
 08/19  07:00:00,23588198.137284204 
 08/19  08:00:00,23206463.06279779 
 08/19  09:00:00,20796420.05525994 
 08/19  10:00:00,17792280.67178109 
 08/19  11:00:00,14477737.111047352 
 08/19  12:00:00,12000916.353900442 
 08/19  13:00:00,10430423.648058927 
 08/19  14:00:00,8777429.518750142 
 08/19  15:00:00,7772729.689865805 
 08/19  16:00:00,6750723.533222691 
 08/19  17:00:00,6429932.58378072 
 08/19  18:00:00,7746169.25154567 
 08/19  19:00:00,9125184.097737784 
 08/19  20:00:00,11237883.410057474 
 08/19  21:00:00,14906631.078887684 
 08/19  22:00:00,18575025.1814864 
 08/19  23:00:00,20363919.443974387 
 08/19  24:00:00,21934890.3331436 
 08/20  01:00:00,23973915.922960483 
 08/20  02:00:00,25400409.887690708 
 08/20  03:00:00,27411151.072203122 
 08/20  04:00:00,29983509.0061191 
 08/20  05:00:00,32121211.600602467 
 08/20  06:00:00,33589592.143478975 
 08/20  07:00:00,33882060.16487372 
 08/20  08:00:00,30881746.225070994 
 08/20  09:00:00,25505178.697670583 
 08/20  10:00:00,19898695.110060226 
 08/20  11:00:00,15349832.159976402 
 08/20  12:00:00,12049182.089335373 
 08/20  13:00:00,9614071.652351262 
 08/20  14:00:00,8069623.038958532 
 08/20  15:00:00,6750104.131079314 
 08/20  16:00:00,5270368.3202733 
 08/20  17:00:00,4646122.229740396 
 08/20  18:00:00,5394551.307207247 
 08/20  19:00:00,6526573.082519213 
 08/20  20:00:00,8770030.462442018 
 08/20  21:00:00,12431992.916706275 
 08/20  22:00:00,15694048.947276285 
 08/20  23:00:00,18112632.527728885 
 08/20  24:00:00,21144476.080484733 
 08/21  01:00:00,24220102.441828348 
 08/21  02:00:00,26250982.67749171 
 08/21  03:00:00,28637137.593872495 
 08/21  04:00:00,31029924.79349683 
 08/21  05:00:00,32692972.24397049 
 08/21  06:00:00,34726436.98952466 
 08/21  07:00:00,35421325.35877996 
 08/21  08:00:00,31921700.659971107 
 08/21  09:00:00,25217538.334882744 
 08/21  10:00:00,18656665.450124748 
 08/21  11:00:00,13897198.884872004 
 08/21  12:00:00,10650748.011639535 
 08/21  13:00:00,8668344.702646311 
 08/21  14:00:00,8862154.464723403 
 08/21  15:00:00,9295064.269946342 
 08/21  16:00:00,8271686.429692335 
 08/21  17:00:00,7513701.494929708 
 08/21  18:00:00,7789792.902161158 
 08/21  19:00:00,8894119.329793705 
 08/21  20:00:00,10031127.535164077 
 08/21  21:00:00,10707647.264176007 
 08/21  22:00:00,11146046.209738014 
 08/21  23:00:00,11581689.675563933 
 08/21  24:00:00,12278998.445954377 
 08/22  01:00:00,13432842.31073694 
 08/22  02:00:00,14591171.242987454 
 08/22  03:00:00,15102893.177400036 
 08/22  04:00:00,15484455.966872642 
 08/22  05:00:00,16116565.90732601 
 08/22  06:00:00,16686559.926339079 
 08/22  07:00:00,17056442.32225775 
 08/22  08:00:00,16138663.924945405 
 08/22  09:00:00,14110872.152558845 
 08/22  10:00:00,11958962.754780408 
 08/22  11:00:00,10107577.362858912 
 08/22  12:00:00,7372443.494310342 
 08/22  13:00:00,4787351.604769001 
 08/22  14:00:00,3093921.2773142206 
 08/22  15:00:00,1410481.7844791862 
 08/22  16:00:00,899803.2787859382 
 08/22  17:00:00,770047.26702731 
 08/22  18:00:00,592602.0064247365 
 08/22  19:00:00,1867001.3113965048 
 08/22  20:00:00,4768200.037254049 
 08/22  21:00:00,8612197.964283645 
 08/22  22:00:00,12717337.318840615 
 08/22  23:00:00,15450064.306148276 
 08/22  24:00:00,17230401.683302086 
 08/23  01:00:00,19107788.78148826 
 08/23  02:00:00,21488863.016901452 
 08/23  03:00:00,24137146.41173392 
 08/23  04:00:00,26391824.426737107 
 08/23  05:00:00,28830143.277564984 
 08/23  06:00:00,30685202.80175478 
 08/23  07:00:00,30701203.938505456 
 08/23  08:00:00,28100048.20736694 
 08/23  09:00:00,23180185.050180934 
 08/23  10:00:00,17758080.38954224 
 08/23  11:00:00,13387774.764361536 
 08/23  12:00:00,10938806.447593274 
 08/23  13:00:00,9131861.231916562 
 08/23  14:00:00,7402624.929367367 
 08/23  15:00:00,6502767.004837637 
 08/23  16:00:00,5796253.7809676565 
 08/23  17:00:00,5677957.8911320185 
 08/23  18:00:00,6533626.834045333 
 08/23  19:00:00,8184795.004547837 
 08/23  20:00:00,10801951.913316185 
 08/23  21:00:00,14330852.661062626 
 08/23  22:00:00,17982816.901578296 
 08/23  23:00:00,21277239.192665435 
 08/23  24:00:00,24078012.926835693 
 08/24  01:00:00,26193778.88001743 
 08/24  02:00:00,28381696.713806223 
 08/24  03:00:00,30358462.300813243 
 08/24  04:00:00,32264915.72170816 
 08/24  05:00:00,33830688.47061326 
 08/24  06:00:00,34615705.088195264 
 08/24  07:00:00,34145124.36909518 
 08/24  08:00:00,30768834.128552597 
 08/24  09:00:00,25201824.206708528 
 08/24  10:00:00,19123672.449613854 
 08/24  11:00:00,13902927.377717623 
 08/24  12:00:00,9856688.278455531 
 08/24  13:00:00,6777774.50412112 
 08/24  14:00:00,4363803.93960115 
 08/24  15:00:00,3501574.021568942 
 08/24  16:00:00,3007828.849503648 
 08/24  17:00:00,2022775.4871141224 
 08/24  18:00:00,2114122.1828267095 
 08/24  19:00:00,3627440.8363100146 
 08/24  20:00:00,6249942.134638917 
 08/24  21:00:00,9212013.025787842 
 08/24  22:00:00,11881644.357434627 
 08/24  23:00:00,13906550.356867027 
 08/24  24:00:00,15519877.935436968 
 08/25  01:00:00,16381364.357980372 
 08/25  02:00:00,16204626.466173373 
 08/25  03:00:00,15993984.201349443 
 08/25  04:00:00,15980091.307496171 
 08/25  05:00:00,16068105.054997412 
 08/25  06:00:00,15847598.66214419 
 08/25  07:00:00,15092683.38487685 
 08/25  08:00:00,14021370.217852622 
 08/25  09:00:00,12505789.555246513 
 08/25  10:00:00,10661158.80779936 
 08/25  11:00:00,9208601.069399364 
 08/25  12:00:00,7655928.308428055 
 08/25  13:00:00,6023909.0767131485 
 08/25  14:00:00,5128858.54508633 
 08/25  15:00:00,4748065.88629185 
 08/25  16:00:00,4638536.30073045 
 08/25  17:00:00,4562353.773073248 
 08/25  18:00:00,4128234.8614364346 
 08/25  19:00:00,3477455.380014394 
 08/25  20:00:00,3227641.8319478463 
 08/25  21:00:00,3395302.6466347394 
 08/25  22:00:00,3768554.9351353254 
 08/25  23:00:00,4299572.149921308 
 08/25  24:00:00,5381088.456419466 
 08/26  01:00:00,6876920.370842826 
 08/26  02:00:00,8474718.47290502 
 08/26  03:00:00,9081469.75163446 
 08/26  04:00:00,8596174.297534775 
 08/26  05:00:00,8339047.541589121 
 08/26  06:00:00,8245902.464269066 
 08/26  07:00:00,7611410.599890532 
 08/26  08:00:00,7112236.729403615 
 08/26  09:00:00,6950762.33730708 
 08/26  10:00:00,6387420.092153812 
 08/26  11:00:00,5855565.101394501 
 08/26  12:00:00,5941455.8959453255 
 08/26  13:00:00,5736164.728148142 
 08/26  14:00:00,5051677.530539897 
 08/26  15:00:00,5687871.634015802 
 08/26  16:00:00,6000361.92991751 
 08/26  17:00:00,5979607.917815564 
 08/26  18:00:00,6299852.596557281 
 08/26  19:00:00,6138896.496531187 
 08/26  20:00:00,6599285.065509893 
 08/26  21:00:00,7940155.9628674295 
 08/26  22:00:00,9632258.943553269 
 08/26  23:00:00,11238895.422298165 
 08/26  24:00:00,13113470.209057879 
 08/27  01:00:00,15572217.808437921 
 08/27  02:00:00,18253360.124254365 
 08/27  03:00:00,20510205.964661583 
 08/27  04:00:00,21744348.80929356 
 08/27  05:00:00,21780415.660392247 
 08/27  06:00:00,21604935.58243967 
 08/27  07:00:00,21790738.939043526 
 08/27  08:00:00,19808348.81380097 
 08/27  09:00:00,15213102.195482492 
 08/27  10:00:00,9552042.247421615 
 08/27  11:00:00,5008994.719029533 
 08/27  12:00:00,2439215.155127883 
 08/27  13:00:00,766150.9567049041 
 08/27  14:00:00,19520.22131739068 
 08/27  15:00:00,0.0 
 08/27  16:00:00,0.0 
 08/27  17:00:00,0.0 
 08/27  18:00:00,0.0 
 08/27  19:00:00,0.0 
 08/27  20:00:00,14562.64598169364 
 08/27  21:00:00,1244659.3292135338 
 08/27  22:00:00,2894213.537004171 
 08/27  23:00:00,3807907.2132183765 
 08/27  24:00:00,3693317.017539317 
 08/28  01:00:00,3206866.6811443805 
 08/28  02:00:00,2877280.056060059 
 08/28  03:00:00,2640438.198463165 
 08/28  04:00:00,2117517.0567346094 
 08/28  05:00:00,1601471.3042077026 
 08/28  06:00:00,1295426.361521281 
 08/28  07:00:00,855748.519547435 
 08/28  08:00:00,692797.314134374 
 08/28  09:00:00,641823.8755707862 
 08/28  10:00:00,73939.92665466503 
 08/28  11:00:00,0.0 
 08/28  12:00:00,0.0 
 08/28  13:00:00,0.0 
 08/28  14:00:00,0.0 
 08/28  15:00:00,0.0 
 08/28  16:00:00,0.0 
 08/28  17:00:00,0.0 
 08/28  18:00:00,0.0 
 08/28  19:00:00,0.0 
 08/28  20:00:00,0.0 
 08/28  21:00:00,0.0 
 08/28  22:00:00,230893.2131384849 
 08/28  23:00:00,2921828.8014495103 
 08/28  24:00:00,5400149.071847521 
 08/29  01:00:00,7463248.07189562 
 08/29  02:00:00,8755680.325140005 
 08/29  03:00:00,9459921.832798015 
 08/29  04:00:00,10394450.37016818 
 08/29  05:00:00,10945473.013146974 
 08/29  06:00:00,11053056.267979281 
 08/29  07:00:00,11175082.990221972 
 08/29  08:00:00,9865678.766424058 
 08/29  09:00:00,6497074.6748461975 
 08/29  10:00:00,3216023.7878996655 
 08/29  11:00:00,986720.5456656637 
 08/29  12:00:00,0.0 
 08/29  13:00:00,0.0 
 08/29  14:00:00,0.0 
 08/29  15:00:00,0.0 
 08/29  16:00:00,0.0 
 08/29  17:00:00,0.0 
 08/29  18:00:00,0.0 
 08/29  19:00:00,0.0 
 08/29  20:00:00,0.0 
 08/29  21:00:00,0.0 
 08/29  22:00:00,0.0 
 08/29  23:00:00,0.0 
 08/29  24:00:00,305075.5954508437 
 08/30  01:00:00,439906.78691100335 
 08/30  02:00:00,253666.2914304994 
 08/30  03:00:00,783041.8312393944 
 08/30  04:00:00,1157143.6674143071 
 08/30  05:00:00,1438490.9193559375 
 08/30  06:00:00,2342511.551231059 
 08/30  07:00:00,4046028.587412788 
 08/30  08:00:00,5962669.256484026 
 08/30  09:00:00,6873550.043380482 
 08/30  10:00:00,5573461.970475253 
 08/30  11:00:00,2949555.832288595 
 08/30  12:00:00,756180.0100372173 
 08/30  13:00:00,0.0 
 08/30  14:00:00,0.0 
 08/30  15:00:00,0.0 
 08/30  16:00:00,0.0 
 08/30  17:00:00,0.0 
 08/30  18:00:00,0.0 
 08/30  19:00:00,0.0 
 08/30  20:00:00,0.0 
 08/30  21:00:00,1549065.1714478096 
 08/30  22:00:00,4240300.6412291555 
 08/30  23:00:00,6593535.452793696 
 08/30  24:00:00,8528384.544207092 
 08/31  01:00:00,10007579.56707323 
 08/31  02:00:00,11543453.913939018 
 08/31  03:00:00,13307479.378691444 
 08/31  04:00:00,14772513.453005169 
 08/31  05:00:00,16135008.17930188 
 08/31  06:00:00,17151861.95801397 
 08/31  07:00:00,17299119.681242965 
 08/31  08:00:00,16110539.275250219 
 08/31  09:00:00,12872041.972421717 
 08/31  10:00:00,8875958.133426141 
 08/31  11:00:00,5165167.487861932 
 08/31  12:00:00,1910824.4541236898 
 08/31  13:00:00,67093.59434410582 
 08/31  14:00:00,0.0 
 08/31  15:00:00,0.0 
 08/31  16:00:00,0.0 
 08/31  17:00:00,0.0 
 08/31  18:00:00,0.0 
 08/31  19:00:00,0.0 
 08/31  20:00:00,0.0 
 08/31  21:00:00,1391295.1965451417 
 08/31  22:00:00,5689378.468054184 
 08/31  23:00:00,7216578.243642407 
 08/31  24:00:00,8142160.933315138 
 09/01  01:00:00,10219118.45630947 
 09/01  02:00:00,12715221.455736408 
 09/01  03:00:00,14763450.61558628 
 09/01  04:00:00,16592185.4874051 
 09/01  05:00:00,18011270.708851174 
 09/01  06:00:00,18164323.3507611 
 09/01  07:00:00,16862322.92482376 
 09/01  08:00:00,14281848.734615536 
 09/01  09:00:00,11093998.413180493 
 09/01  10:00:00,8531960.943993047 
 09/01  11:00:00,6782216.53663785 
 09/01  12:00:00,5095325.90702061 
 09/01  13:00:00,3427561.612158706 
 09/01  14:00:00,1874247.7710142324 
 09/01  15:00:00,703639.8854068306 
 09/01  16:00:00,31418.016964767598 
 09/01  17:00:00,0.0 
 09/01  18:00:00,0.0 
 09/01  19:00:00,0.0 
 09/01  20:00:00,0.0 
 09/01  21:00:00,1418906.5301390248 
 09/01  22:00:00,3503024.764629838 
 09/01  23:00:00,5503714.222424677 
 09/01  24:00:00,7454805.838578619 
 09/02  01:00:00,9182130.48984395 
 09/02  02:00:00,11080780.724634778 
 09/02  03:00:00,13054562.46263319 
 09/02  04:00:00,14529083.911561048 
 09/02  05:00:00,15424071.030763071 
 09/02  06:00:00,15273221.679501181 
 09/02  07:00:00,14948641.625458771 
 09/02  08:00:00,14303020.130309016 
 09/02  09:00:00,12395497.257083703 
 09/02  10:00:00,9844931.301537232 
 09/02  11:00:00,7070749.617202522 
 09/02  12:00:00,3978289.080373087 
 09/02  13:00:00,711949.1058215441 
 09/02  14:00:00,0.0 
 09/02  15:00:00,0.0 
 09/02  16:00:00,0.0 
 09/02  17:00:00,0.0 
 09/02  18:00:00,0.0 
 09/02  19:00:00,0.0 
 09/02  20:00:00,0.0 
 09/02  21:00:00,0.0 
 09/02  22:00:00,1704249.8875467747 
 09/02  23:00:00,4133597.9730559103 
 09/02  24:00:00,6707680.539875175 
 09/03  01:00:00,8477174.146306358 
 09/03  02:00:00,9556574.156188449 
 09/03  03:00:00,10797181.734842341 
 09/03  04:00:00,11430430.238474583 
 09/03  05:00:00,11365398.710281318 
 09/03  06:00:00,11128205.284527894 
 09/03  07:00:00,10429835.457925364 
 09/03  08:00:00,8994084.281465523 
 09/03  09:00:00,6678831.926812011 
 09/03  10:00:00,4274053.082326387 
 09/03  11:00:00,1008948.4150962671 
 09/03  12:00:00,0.0 
 09/03  13:00:00,0.0 
 09/03  14:00:00,0.0 
 09/03  15:00:00,0.0 
 09/03  16:00:00,0.0 
 09/03  17:00:00,0.0 
 09/03  18:00:00,0.0 
 09/03  19:00:00,0.0 
 09/03  20:00:00,0.0 
 09/03  21:00:00,0.0 
 09/03  22:00:00,551769.8549404973 
 09/03  23:00:00,2911498.749135062 
 09/03  24:00:00,5168256.98729682 
 09/04  01:00:00,7202182.014846948 
 09/04  02:00:00,8694498.196597967 
 09/04  03:00:00,10064476.036338054 
 09/04  04:00:00,10372578.647898506 
 09/04  05:00:00,10495864.079723386 
 09/04  06:00:00,10254904.286601186 
 09/04  07:00:00,9047055.055668525 
 09/04  08:00:00,7593281.062030252 
 09/04  09:00:00,5772328.162424709 
 09/04  10:00:00,3229445.2365159113 
 09/04  11:00:00,520701.5924128996 
 09/04  12:00:00,0.0 
 09/04  13:00:00,0.0 
 09/04  14:00:00,0.0 
 09/04  15:00:00,0.0 
 09/04  16:00:00,0.0 
 09/04  17:00:00,0.0 
 09/04  18:00:00,0.0 
 09/04  19:00:00,0.0 
 09/04  20:00:00,0.0 
 09/04  21:00:00,0.0 
 09/04  22:00:00,0.0 
 09/04  23:00:00,0.0 
 09/04  24:00:00,0.0 
 09/05  01:00:00,0.0 
 09/05  02:00:00,0.0 
 09/05  03:00:00,0.0 
 09/05  04:00:00,759575.6741806108 
 09/05  05:00:00,1942579.468882643 
 09/05  06:00:00,2468341.15856181 
 09/05  07:00:00,3178525.1962430314 
 09/05  08:00:00,3373930.0216789944 
 09/05  09:00:00,2803996.4524707412 
 09/05  10:00:00,1674521.1158960592 
 09/05  11:00:00,203076.46511752976 
 09/05  12:00:00,0.0 
 09/05  13:00:00,0.0 
 09/05  14:00:00,0.0 
 09/05  15:00:00,0.0 
 09/05  16:00:00,0.0 
 09/05  17:00:00,0.0 
 09/05  18:00:00,0.0 
 09/05  19:00:00,0.0 
 09/05  20:00:00,0.0 
 09/05  21:00:00,0.0 
 09/05  22:00:00,0.0 
 09/05  23:00:00,0.0 
 09/05  24:00:00,1354963.9767191838 
 09/06  01:00:00,4382751.491092874 
 09/06  02:00:00,4943992.11341429 
 09/06  03:00:00,5110814.68129835 
 09/06  04:00:00,5592096.006485693 
 09/06  05:00:00,5989078.935794975 
 09/06  06:00:00,6091414.789096667 
 09/06  07:00:00,5995579.354450894 
 09/06  08:00:00,5721842.426658684 
 09/06  09:00:00,4592350.615332269 
 09/06  10:00:00,2803604.187291849 
 09/06  11:00:00,925032.5778914675 
 09/06  12:00:00,0.0 
 09/06  13:00:00,0.0 
 09/06  14:00:00,0.0 
 09/06  15:00:00,0.0 
 09/06  16:00:00,0.0 
 09/06  17:00:00,0.0 
 09/06  18:00:00,0.0 
 09/06  19:00:00,0.0 
 09/06  20:00:00,0.0 
 09/06  21:00:00,0.0 
 09/06  22:00:00,147370.43698755445 
 09/06  23:00:00,3293436.4245038074 
 09/06  24:00:00,5635301.062430389 
 09/07  01:00:00,7066235.511327343 
 09/07  02:00:00,8765260.64950559 
 09/07  03:00:00,10041160.500836298 
 09/07  04:00:00,11309049.80723405 
 09/07  05:00:00,12438052.903798932 
 09/07  06:00:00,13860150.89579631 
 09/07  07:00:00,14964823.65064798 
 09/07  08:00:00,14434460.630809523 
 09/07  09:00:00,12717067.61473332 
 09/07  10:00:00,10648224.212775333 
 09/07  11:00:00,9243076.010471834 
 09/07  12:00:00,7537891.795637634 
 09/07  13:00:00,4966395.375796229 
 09/07  14:00:00,2243089.0582482507 
 09/07  15:00:00,129216.46044938243 
 09/07  16:00:00,0.0 
 09/07  17:00:00,0.0 
 09/07  18:00:00,0.0 
 09/07  19:00:00,0.0 
 09/07  20:00:00,1346152.2252064082 
 09/07  21:00:00,6737044.91356829 
 09/07  22:00:00,10855375.528903132 
 09/07  23:00:00,13570704.290142842 
 09/07  24:00:00,15722045.09309708 
 09/08  01:00:00,17690811.716397755 
 09/08  02:00:00,19336054.846136983 
 09/08  03:00:00,21565154.043205697 
 09/08  04:00:00,25315068.270088635 
 09/08  05:00:00,27425754.765363764 
 09/08  06:00:00,27546312.566124108 
 09/08  07:00:00,27696995.719531156 
 09/08  08:00:00,24465994.80125287 
 09/08  09:00:00,18626098.366610624 
 09/08  10:00:00,13549657.567186829 
 09/08  11:00:00,8911935.106117202 
 09/08  12:00:00,4799828.489254282 
 09/08  13:00:00,1405536.6631848041 
 09/08  14:00:00,0.0 
 09/08  15:00:00,0.0 
 09/08  16:00:00,0.0 
 09/08  17:00:00,0.0 
 09/08  18:00:00,0.0 
 09/08  19:00:00,0.0 
 09/08  20:00:00,0.0 
 09/08  21:00:00,2573619.8696238976 
 09/08  22:00:00,6622690.570025286 
 09/08  23:00:00,9057966.352593044 
 09/08  24:00:00,12442070.73356057 
 09/09  01:00:00,14599583.266115544 
 09/09  02:00:00,15645637.73213239 
 09/09  03:00:00,17456716.891982093 
 09/09  04:00:00,19984393.951625243 
 09/09  05:00:00,22633250.435057964 
 09/09  06:00:00,24426282.891868867 
 09/09  07:00:00,25316082.019003034 
 09/09  08:00:00,22696997.405304417 
 09/09  09:00:00,16963866.67089854 
 09/09  10:00:00,10921705.914896296 
 09/09  11:00:00,5913856.99626704 
 09/09  12:00:00,2613917.693663546 
 09/09  13:00:00,220509.64411319 
 09/09  14:00:00,0.0 
 09/09  15:00:00,0.0 
 09/09  16:00:00,0.0 
 09/09  17:00:00,0.0 
 09/09  18:00:00,0.0 
 09/09  19:00:00,0.0 
 09/09  20:00:00,0.0 
 09/09  21:00:00,956355.2675288636 
 09/09  22:00:00,4313200.000599476 
 09/09  23:00:00,8694367.198302696 
 09/09  24:00:00,12488647.173774848 
 09/10  01:00:00,15464038.316693656 
 09/10  02:00:00,18428976.537298672 
 09/10  03:00:00,19871955.69264059 
 09/10  04:00:00,19694604.379910458 
 09/10  05:00:00,19791003.54783178 
 09/10  06:00:00,22737587.427991886 
 09/10  07:00:00,25043705.84787447 
 09/10  08:00:00,22775097.589045897 
 09/10  09:00:00,17067412.067321777 
 09/10  10:00:00,10743620.169576112 
 09/10  11:00:00,5948181.731352489 
 09/10  12:00:00,3164242.4991647196 
 09/10  13:00:00,1621478.584153438 
 09/10  14:00:00,220449.55254312954 
 09/10  15:00:00,0.0 
 09/10  16:00:00,0.0 
 09/10  17:00:00,0.0 
 09/10  18:00:00,0.0 
 09/10  19:00:00,15581.723082577812 
 09/10  20:00:00,2807508.078437532 
 09/10  21:00:00,6676811.835918774 
 09/10  22:00:00,10519388.050859936 
 09/10  23:00:00,14725931.247169012 
 09/10  24:00:00,18378077.776461665 
 09/11  01:00:00,20802692.422647685 
 09/11  02:00:00,22961357.171009533 
 09/11  03:00:00,25100658.223389607 
 09/11  04:00:00,26085167.031332333 
 09/11  05:00:00,25994570.303649474 
 09/11  06:00:00,26008775.013627898 
 09/11  07:00:00,25938871.700557403 
 09/11  08:00:00,24393829.85925014 
 09/11  09:00:00,21027288.292599287 
 09/11  10:00:00,16619507.944067575 
 09/11  11:00:00,12081801.566503512 
 09/11  12:00:00,8100948.7514063725 
 09/11  13:00:00,5583441.783149949 
 09/11  14:00:00,4326023.657894338 
 09/11  15:00:00,3212157.530900143 
 09/11  16:00:00,2297640.233074827 
 09/11  17:00:00,1781371.0693022353 
 09/11  18:00:00,1695741.4493853054 
 09/11  19:00:00,2463166.8544106307 
 09/11  20:00:00,4120228.965613369 
 09/11  21:00:00,5571108.253186923 
 09/11  22:00:00,7016196.388962113 
 09/11  23:00:00,8368315.466871684 
 09/11  24:00:00,9968576.449392056 
 09/12  01:00:00,12040727.914623143 
 09/12  02:00:00,14357743.92830012 
 09/12  03:00:00,16303741.083974607 
 09/12  04:00:00,17142178.72368559 
 09/12  05:00:00,17255521.470572542 
 09/12  06:00:00,17267150.520904623 
 09/12  07:00:00,17155001.481377594 
 09/12  08:00:00,15743737.689562522 
 09/12  09:00:00,12653437.51837102 
 09/12  10:00:00,8663615.029088141 
 09/12  11:00:00,4029240.19277324 
 09/12  12:00:00,365116.5533608 
 09/12  13:00:00,0.0 
 09/12  14:00:00,0.0 
 09/12  15:00:00,0.0 
 09/12  16:00:00,0.0 
 09/12  17:00:00,0.0 
 09/12  18:00:00,0.0 
 09/12  19:00:00,0.0 
 09/12  20:00:00,0.0 
 09/12  21:00:00,2190306.0758316247 
 09/12  22:00:00,6073993.045959786 
 09/12  23:00:00,8886805.667898845 
 09/12  24:00:00,10699766.710033583 
 09/13  01:00:00,11452556.475033756 
 09/13  02:00:00,12322585.165234743 
 09/13  03:00:00,13708442.623585597 
 09/13  04:00:00,14881559.812253525 
 09/13  05:00:00,15350807.789735556 
 09/13  06:00:00,15207590.01947691 
 09/13  07:00:00,14871135.92568522 
 09/13  08:00:00,14162031.65812953 
 09/13  09:00:00,12562739.532658307 
 09/13  10:00:00,10063245.089642681 
 09/13  11:00:00,5239230.353717479 
 09/13  12:00:00,727191.6753084864 
 09/13  13:00:00,0.0 
 09/13  14:00:00,0.0 
 09/13  15:00:00,0.0 
 09/13  16:00:00,0.0 
 09/13  17:00:00,0.0 
 09/13  18:00:00,0.0 
 09/13  19:00:00,0.0 
 09/13  20:00:00,0.0 
 09/13  21:00:00,765438.6755429849 
 09/13  22:00:00,3751147.800884256 
 09/13  23:00:00,6659560.997125361 
 09/13  24:00:00,9123984.344757222 
 09/14  01:00:00,11285517.47038415 
 09/14  02:00:00,12844481.785203502 
 09/14  03:00:00,14154757.74867485 
 09/14  04:00:00,14860800.948915122 
 09/14  05:00:00,14823402.53499871 
 09/14  06:00:00,14277288.671260864 
 09/14  07:00:00,13324626.202390458 
 09/14  08:00:00,12232281.223549923 
 09/14  09:00:00,9998335.957635386 
 09/14  10:00:00,6272305.496698387 
 09/14  11:00:00,2715368.374834961 
 09/14  12:00:00,226481.19239837397 
 09/14  13:00:00,0.0 
 09/14  14:00:00,0.0 
 09/14  15:00:00,0.0 
 09/14  16:00:00,0.0 
 09/14  17:00:00,0.0 
 09/14  18:00:00,0.0 
 09/14  19:00:00,0.0 
 09/14  20:00:00,15336.26718838932 
 09/14  21:00:00,2473270.727321837 
 09/14  22:00:00,4879805.522220908 
 09/14  23:00:00,6504906.377633538 
 09/14  24:00:00,7873689.622630628 
 09/15  01:00:00,9116682.577799894 
 09/15  02:00:00,10091932.990514064 
 09/15  03:00:00,10755090.475568334 
 09/15  04:00:00,11261371.824622458 
 09/15  05:00:00,11852788.487834256 
 09/15  06:00:00,12124631.843250625 
 09/15  07:00:00,12112543.623984665 
 09/15  08:00:00,11649444.514329797 
 09/15  09:00:00,10195061.958508858 
 09/15  10:00:00,7742425.840521128 
 09/15  11:00:00,4511337.604701589 
 09/15  12:00:00,1330522.6687475864 
 09/15  13:00:00,0.0 
 09/15  14:00:00,0.0 
 09/15  15:00:00,0.0 
 09/15  16:00:00,0.0 
 09/15  17:00:00,0.0 
 09/15  18:00:00,0.0 
 09/15  19:00:00,0.0 
 09/15  20:00:00,0.0 
 09/15  21:00:00,238741.29288701224 
 09/15  22:00:00,3230497.228951467 
 09/15  23:00:00,6223442.892774504 
 09/15  24:00:00,8493513.104364375 
 09/16  01:00:00,10284923.57108028 
 09/16  02:00:00,11863872.394443735 
 09/16  03:00:00,12454080.244552057 
 09/16  04:00:00,12336931.044747993 
 09/16  05:00:00,12595541.462945256 
 09/16  06:00:00,12632862.350046957 
 09/16  07:00:00,12104961.927221742 
 09/16  08:00:00,11088566.238862254 
 09/16  09:00:00,9334873.954154965 
 09/16  10:00:00,7248431.359392917 
 09/16  11:00:00,3924091.0304105966 
 09/16  12:00:00,343360.2061459388 
 09/16  13:00:00,0.0 
 09/16  14:00:00,0.0 
 09/16  15:00:00,0.0 
 09/16  16:00:00,0.0 
 09/16  17:00:00,0.0 
 09/16  18:00:00,0.0 
 09/16  19:00:00,0.0 
 09/16  20:00:00,0.0 
 09/16  21:00:00,0.0 
 09/16  22:00:00,0.0 
 09/16  23:00:00,0.0 
 09/16  24:00:00,0.0 
 09/17  01:00:00,0.0 
 09/17  02:00:00,235647.35312156266 
 09/17  03:00:00,926434.1300015571 
 09/17  04:00:00,1658431.642146333 
 09/17  05:00:00,2559401.3833256676 
 09/17  06:00:00,3174323.341133486 
 09/17  07:00:00,3489940.6259363177 
 09/17  08:00:00,3628742.5010975455 
 09/17  09:00:00,3318346.387727227 
 09/17  10:00:00,2324815.525478352 
 09/17  11:00:00,1012602.9918640677 
 09/17  12:00:00,26000.504742603516 
 09/17  13:00:00,0.0 
 09/17  14:00:00,0.0 
 09/17  15:00:00,0.0 
 09/17  16:00:00,0.0 
 09/17  17:00:00,0.0 
 09/17  18:00:00,0.0 
 09/17  19:00:00,0.0 
 09/17  20:00:00,0.0 
 09/17  21:00:00,0.0 
 09/17  22:00:00,0.0 
 09/17  23:00:00,0.0 
 09/17  24:00:00,0.0 
 09/18  01:00:00,0.0 
 09/18  02:00:00,0.0 
 09/18  03:00:00,554185.4461296753 
 09/18  04:00:00,2097783.7714506835 
 09/18  05:00:00,3210443.9322809572 
 09/18  06:00:00,4058057.915556076 
 09/18  07:00:00,4694487.177819172 
 09/18  08:00:00,4751410.376929085 
 09/18  09:00:00,3899965.165498696 
 09/18  10:00:00,1553823.2541676206 
 09/18  11:00:00,0.0 
 09/18  12:00:00,0.0 
 09/18  13:00:00,0.0 
 09/18  14:00:00,0.0 
 09/18  15:00:00,0.0 
 09/18  16:00:00,0.0 
 09/18  17:00:00,0.0 
 09/18  18:00:00,0.0 
 09/18  19:00:00,0.0 
 09/18  20:00:00,0.0 
 09/18  21:00:00,0.0 
 09/18  22:00:00,0.0 
 09/18  23:00:00,0.0 
 09/18  24:00:00,0.0 
 09/19  01:00:00,0.0 
 09/19  02:00:00,0.0 
 09/19  03:00:00,0.0 
 09/19  04:00:00,0.0 
 09/19  05:00:00,0.0 
 09/19  06:00:00,0.0 
 09/19  07:00:00,0.0 
 09/19  08:00:00,0.0 
 09/19  09:00:00,0.0 
 09/19  10:00:00,0.0 
 09/19  11:00:00,0.0 
 09/19  12:00:00,0.0 
 09/19  13:00:00,0.0 
 09/19  14:00:00,0.0 
 09/19  15:00:00,0.0 
 09/19  16:00:00,0.0 
 09/19  17:00:00,0.0 
 09/19  18:00:00,0.0 
 09/19  19:00:00,0.0 
 09/19  20:00:00,0.0 
 09/19  21:00:00,0.0 
 09/19  22:00:00,0.0 
 09/19  23:00:00,0.0 
 09/19  24:00:00,0.0 
 09/20  01:00:00,0.0 
 09/20  02:00:00,0.0 
 09/20  03:00:00,0.0 
 09/20  04:00:00,0.0 
 09/20  05:00:00,0.0 
 09/20  06:00:00,0.0 
 09/20  07:00:00,0.0 
 09/20  08:00:00,0.0 
 09/20  09:00:00,0.0 
 09/20  10:00:00,0.0 
 09/20  11:00:00,0.0 
 09/20  12:00:00,0.0 
 09/20  13:00:00,0.0 
 09/20  14:00:00,0.0 
 09/20  15:00:00,0.0 
 09/20  16:00:00,0.0 
 09/20  17:00:00,0.0 
 09/20  18:00:00,0.0 
 09/20  19:00:00,0.0 
 09/20  20:00:00,0.0 
 09/20  21:00:00,1003559.4168870128 
 09/20  22:00:00,2283890.6865342055 
 09/20  23:00:00,3425924.601560017 
 09/20  24:00:00,4328412.855803484 
 09/21  01:00:00,5261362.097468879 
 09/21  02:00:00,6419866.47509932 
 09/21  03:00:00,7854116.299725069 
 09/21  04:00:00,10042797.139013043 
 09/21  05:00:00,12741941.159547515 
 09/21  06:00:00,15139655.058772108 
 09/21  07:00:00,16905682.18081235 
 09/21  08:00:00,17860082.926965907 
 09/21  09:00:00,17440547.6678232 
 09/21  10:00:00,14923180.793085942 
 09/21  11:00:00,10826720.26641982 
 09/21  12:00:00,7190921.881792531 
 09/21  13:00:00,5843691.972944071 
 09/21  14:00:00,5230412.545511493 
 09/21  15:00:00,4430663.545663585 
 09/21  16:00:00,3744691.0605048593 
 09/21  17:00:00,3606125.749150553 
 09/21  18:00:00,4573886.206900684 
 09/21  19:00:00,7042446.134682186 
 09/21  20:00:00,10465996.993301537 
 09/21  21:00:00,13330443.330913957 
 09/21  22:00:00,16861459.917900108 
 09/21  23:00:00,21597999.338999186 
 09/21  24:00:00,24953854.352062944 
 09/22  01:00:00,27245063.33799074 
 09/22  02:00:00,29520818.74787366 
 09/22  03:00:00,31813512.89502936 
 09/22  04:00:00,34088416.11845978 
 09/22  05:00:00,35372896.85095533 
 09/22  06:00:00,35870014.89667374 
 09/22  07:00:00,36976050.070126906 
 09/22  08:00:00,36785451.99503681 
 09/22  09:00:00,33134892.813029565 
 09/22  10:00:00,27072981.52673415 
 09/22  11:00:00,19746669.402581394 
 09/22  12:00:00,13515530.110722478 
 09/22  13:00:00,9469167.96856894 
 09/22  14:00:00,6236627.210219403 
 09/22  15:00:00,4130099.861138967 
 09/22  16:00:00,2944655.1433618884 
 09/22  17:00:00,2031492.523474514 
 09/22  18:00:00,2727499.310017156 
 09/22  19:00:00,7656254.693541566 
 09/22  20:00:00,14856053.100894166 
 09/22  21:00:00,18998322.90387908 
 09/22  22:00:00,21209112.63847275 
 09/22  23:00:00,24900447.90686817 
 09/22  24:00:00,27507323.632817972 
 09/23  01:00:00,28766221.0456509 
 09/23  02:00:00,30814405.989296164 
 09/23  03:00:00,33396213.717632536 
 09/23  04:00:00,36298590.46807289 
 09/23  05:00:00,36838784.44981576 
 09/23  06:00:00,36254108.01137971 
 09/23  07:00:00,36659188.30209504 
 09/23  08:00:00,35138371.704326086 
 09/23  09:00:00,30179109.581744708 
 09/23  10:00:00,24080605.49635721 
 09/23  11:00:00,17473023.669814132 
 09/23  12:00:00,11170328.87410013 
 09/23  13:00:00,7018806.077585119 
 09/23  14:00:00,4534900.08403348 
 09/23  15:00:00,3083214.0099437153 
 09/23  16:00:00,2459751.647783036 
 09/23  17:00:00,2433848.2066520317 
 09/23  18:00:00,3918681.3872783855 
 09/23  19:00:00,6683411.550867097 
 09/23  20:00:00,9266236.311305676 
 09/23  21:00:00,11515976.737021046 
 09/23  22:00:00,13301630.322117496 
 09/23  23:00:00,14649531.961098202 
 09/23  24:00:00,15915497.599254757 
 09/24  01:00:00,16928299.279750455 
 09/24  02:00:00,16973156.782413688 
 09/24  03:00:00,16890781.033586025 
 09/24  04:00:00,17004022.49526411 
 09/24  05:00:00,17319933.59255506 
 09/24  06:00:00,17876411.90308209 
 09/24  07:00:00,18650255.499810405 
 09/24  08:00:00,18950375.126911063 
 09/24  09:00:00,17417660.490147967 
 09/24  10:00:00,14965651.476210188 
 09/24  11:00:00,13045788.971141437 
 09/24  12:00:00,11055227.66068993 
 09/24  13:00:00,8494070.495317021 
 09/24  14:00:00,6560199.239924073 
 09/24  15:00:00,4909224.234383985 
 09/24  16:00:00,3816768.4094677744 
 09/24  17:00:00,4166581.8753266186 
 09/24  18:00:00,5704290.288364812 
 09/24  19:00:00,8876451.285430567 
 09/24  20:00:00,12881881.686182182 
 09/24  21:00:00,16434915.939189505 
 09/24  22:00:00,19736457.823138114 
 09/24  23:00:00,22604311.194042552 
 09/24  24:00:00,25052565.258636124 
 09/25  01:00:00,27901020.598600857 
 09/25  02:00:00,30391083.884409383 
 09/25  03:00:00,32600082.8120355 
 09/25  04:00:00,34213762.513308525 
 09/25  05:00:00,35074801.00674631 
 09/25  06:00:00,36377644.19480803 
 09/25  07:00:00,37597324.293799154 
 09/25  08:00:00,36440229.26611704 
 09/25  09:00:00,31412782.272446167 
 09/25  10:00:00,24516520.79104624 
 09/25  11:00:00,17524779.63972162 
 09/25  12:00:00,11355812.91623691 
 09/25  13:00:00,6326783.531080339 
 09/25  14:00:00,3266651.216930344 
 09/25  15:00:00,1958466.0649605445 
 09/25  16:00:00,851300.767487433 
 09/25  17:00:00,129847.75198152638 
 09/25  18:00:00,511835.5522865255 
 09/25  19:00:00,1664072.6314815518 
 09/25  20:00:00,2655685.212143679 
 09/25  21:00:00,3623778.247674886 
 09/25  22:00:00,4427058.0180725325 
 09/25  23:00:00,5113735.141023825 
 09/25  24:00:00,5642285.503492708 
 09/26  01:00:00,6089328.460046208 
 09/26  02:00:00,6447813.180960789 
 09/26  03:00:00,6763816.3861235315 
 09/26  04:00:00,7047735.516420601 
 09/26  05:00:00,7022864.542877698 
 09/26  06:00:00,6754424.092291925 
 09/26  07:00:00,6564555.986280153 
 09/26  08:00:00,6269893.127198972 
 09/26  09:00:00,5048402.976544662 
 09/26  10:00:00,3455596.551998454 
 09/26  11:00:00,1277539.830554137 
 09/26  12:00:00,0.0 
 09/26  13:00:00,0.0 
 09/26  14:00:00,0.0 
 09/26  15:00:00,0.0 
 09/26  16:00:00,0.0 
 09/26  17:00:00,0.0 
 09/26  18:00:00,0.0 
 09/26  19:00:00,0.0 
 09/26  20:00:00,0.0 
 09/26  21:00:00,0.0 
 09/26  22:00:00,1451275.927089667 
 09/26  23:00:00,2563780.798711872 
 09/26  24:00:00,3206818.691951718 
 09/27  01:00:00,4220132.643303759 
 09/27  02:00:00,5597353.482812009 
 09/27  03:00:00,8223413.65610438 
 09/27  04:00:00,10779336.123902498 
 09/27  05:00:00,13053682.77604741 
 09/27  06:00:00,14427811.251322087 
 09/27  07:00:00,14671052.925127657 
 09/27  08:00:00,13664058.224549735 
 09/27  09:00:00,11383701.4897521 
 09/27  10:00:00,8476154.52866478 
 09/27  11:00:00,5203402.161384066 
 09/27  12:00:00,1473836.6372993623 
 09/27  13:00:00,0.0 
 09/27  14:00:00,0.0 
 09/27  15:00:00,0.0 
 09/27  16:00:00,0.0 
 09/27  17:00:00,0.0 
 09/27  18:00:00,0.0 
 09/27  19:00:00,0.0 
 09/27  20:00:00,0.0 
 09/27  21:00:00,0.0 
 09/27  22:00:00,0.0 
 09/27  23:00:00,199141.82306554285 
 09/27  24:00:00,1964839.2834174447 
 09/28  01:00:00,3628271.6346775764 
 09/28  02:00:00,4926081.18196007 
 09/28  03:00:00,6424157.023650246 
 09/28  04:00:00,8315659.918716487 
 09/28  05:00:00,9193650.98668691 
 09/28  06:00:00,9071099.472068064 
 09/28  07:00:00,9832112.557741722 
 09/28  08:00:00,10222126.113578672 
 09/28  09:00:00,7996853.334113758 
 09/28  10:00:00,3512701.6109459633 
 09/28  11:00:00,71275.59341905871 
 09/28  12:00:00,0.0 
 09/28  13:00:00,0.0 
 09/28  14:00:00,0.0 
 09/28  15:00:00,0.0 
 09/28  16:00:00,0.0 
 09/28  17:00:00,0.0 
 09/28  18:00:00,0.0 
 09/28  19:00:00,0.0 
 09/28  20:00:00,0.0 
 09/28  21:00:00,0.0 
 09/28  22:00:00,0.0 
 09/28  23:00:00,0.0 
 09/28  24:00:00,0.0 
 09/29  01:00:00,1441323.0917881534 
 09/29  02:00:00,2307837.723345176 
 09/29  03:00:00,3624496.015510901 
 09/29  04:00:00,5990396.578806621 
 09/29  05:00:00,9167306.012429886 
 09/29  06:00:00,10862899.673078403 
 09/29  07:00:00,11114090.503939701 
 09/29  08:00:00,11150352.613187946 
 09/29  09:00:00,10576112.728916772 
 09/29  10:00:00,9298996.27323682 
 09/29  11:00:00,5348680.1195424115 
 09/29  12:00:00,1437397.5272858401 
 09/29  13:00:00,28232.05224344856 
 09/29  14:00:00,0.0 
 09/29  15:00:00,0.0 
 09/29  16:00:00,0.0 
 09/29  17:00:00,0.0 
 09/29  18:00:00,0.0 
 09/29  19:00:00,0.0 
 09/29  20:00:00,1471681.288256863 
 09/29  21:00:00,4170641.470926051 
 09/29  22:00:00,6573948.365027353 
 09/29  23:00:00,7060442.127792654 
 09/29  24:00:00,7270636.342263013 
 09/30  01:00:00,8027449.903863593 
 09/30  02:00:00,8702242.592193175 
 09/30  03:00:00,9658594.954229688 
 09/30  04:00:00,10940212.280993218 
 09/30  05:00:00,11821093.70183098 
 09/30  06:00:00,11763891.950199375 
 09/30  07:00:00,11157775.279214496 
 09/30  08:00:00,11008792.842790725 
 09/30  09:00:00,9817628.159564903 
 09/30  10:00:00,6875788.43087093 
 09/30  11:00:00,4073840.379791474 
 09/30  12:00:00,1472074.034801399 
 09/30  13:00:00,0.0 
 09/30  14:00:00,0.0 
 09/30  15:00:00,0.0 
 09/30  16:00:00,0.0 
 09/30  17:00:00,0.0 
 09/30  18:00:00,0.0 
 09/30  19:00:00,0.0 
 09/30  20:00:00,0.0 
 09/30  21:00:00,905027.7767351246 
 09/30  22:00:00,3475363.2371296645 
 09/30  23:00:00,5293611.755235808 
 09/30  24:00:00,6287631.753799785 
 10/01  01:00:00,6002384.3907364365 
 10/01  02:00:00,4802949.255763094 
 10/01  03:00:00,3552417.9614737285 
 10/01  04:00:00,3103055.490321847 
 10/01  05:00:00,3212662.0887127416 
 10/01  06:00:00,3181989.9177513085 
 10/01  07:00:00,3665594.8299359763 
 10/01  08:00:00,4509876.918589004 
 10/01  09:00:00,4074967.857088923 
 10/01  10:00:00,3334162.0391092147 
 10/01  11:00:00,2270072.8103889097 
 10/01  12:00:00,419174.22528291936 
 10/01  13:00:00,0.0 
 10/01  14:00:00,0.0 
 10/01  15:00:00,0.0 
 10/01  16:00:00,0.0 
 10/01  17:00:00,0.0 
 10/01  18:00:00,0.0 
 10/01  19:00:00,0.0 
 10/01  20:00:00,0.0 
 10/01  21:00:00,0.0 
 10/01  22:00:00,1086742.359361524 
 10/01  23:00:00,2132675.8331911815 
 10/01  24:00:00,3203376.864555257 
 10/02  01:00:00,4210198.155366909 
 10/02  02:00:00,4982404.138099582 
 10/02  03:00:00,5852595.256599243 
 10/02  04:00:00,6711960.871005577 
 10/02  05:00:00,7902619.7792182565 
 10/02  06:00:00,8867145.031767996 
 10/02  07:00:00,10001693.203955684 
 10/02  08:00:00,11124616.495180823 
 10/02  09:00:00,10868151.804494362 
 10/02  10:00:00,9125082.275173988 
 10/02  11:00:00,7216377.665149689 
 10/02  12:00:00,4715372.823833604 
 10/02  13:00:00,1887352.946130914 
 10/02  14:00:00,125559.20229142648 
 10/02  15:00:00,0.0 
 10/02  16:00:00,0.0 
 10/02  17:00:00,0.0 
 10/02  18:00:00,0.0 
 10/02  19:00:00,0.0 
 10/02  20:00:00,1195908.6939395056 
 10/02  21:00:00,4650312.203639833 
 10/02  22:00:00,7572892.0237925025 
 10/02  23:00:00,10249150.375078864 
 10/02  24:00:00,12525963.217550922 
 10/03  01:00:00,13914833.997129276 
 10/03  02:00:00,14631309.620598458 
 10/03  03:00:00,15198432.429712113 
 10/03  04:00:00,15732194.998767937 
 10/03  05:00:00,15597277.121659888 
 10/03  06:00:00,15576767.983602364 
 10/03  07:00:00,15879277.95223664 
 10/03  08:00:00,15341086.491110263 
 10/03  09:00:00,13096376.280917916 
 10/03  10:00:00,9173637.531000735 
 10/03  11:00:00,4861006.424223015 
 10/03  12:00:00,1202053.874498274 
 10/03  13:00:00,0.0 
 10/03  14:00:00,0.0 
 10/03  15:00:00,0.0 
 10/03  16:00:00,0.0 
 10/03  17:00:00,0.0 
 10/03  18:00:00,0.0 
 10/03  19:00:00,0.0 
 10/03  20:00:00,994787.3632247269 
 10/03  21:00:00,3796138.978212402 
 10/03  22:00:00,4941099.9491895605 
 10/03  23:00:00,5477004.356386019 
 10/03  24:00:00,5686279.95630114 
 10/04  01:00:00,5897673.184400868 
 10/04  02:00:00,5769467.284707557 
 10/04  03:00:00,5356299.229495659 
 10/04  04:00:00,5004105.818084447 
 10/04  05:00:00,4802216.932289297 
 10/04  06:00:00,4524016.335038015 
 10/04  07:00:00,4625007.054203883 
 10/04  08:00:00,4709579.192278278 
 10/04  09:00:00,4646519.424883038 
 10/04  10:00:00,4637747.042202658 
 10/04  11:00:00,6283248.909867875 
 10/04  12:00:00,10842408.535375431 
 10/04  13:00:00,15083969.446128631 
 10/04  14:00:00,17083702.85048135 
 10/04  15:00:00,17292011.12390034 
 10/04  16:00:00,16920259.562215686 
 10/04  17:00:00,16360060.893092863 
 10/04  18:00:00,16737644.394086443 
 10/04  19:00:00,20611910.82039792 
 10/04  20:00:00,25571969.533151608 
 10/04  21:00:00,28819085.72983642 
 10/04  22:00:00,31334054.590956833 
 10/04  23:00:00,33717985.03297661 
 10/04  24:00:00,35987820.128144994 
 10/05  01:00:00,38097728.003801174 
 10/05  02:00:00,40965960.67018892 
 10/05  03:00:00,44513998.359894164 
 10/05  04:00:00,47069411.01841092 
 10/05  05:00:00,48640156.18189219 
 10/05  06:00:00,49408452.6218099 
 10/05  07:00:00,48643543.92103093 
 10/05  08:00:00,47980058.39076113 
 10/05  09:00:00,44051741.17787516 
 10/05  10:00:00,35379011.835672714 
 10/05  11:00:00,26300422.47082422 
 10/05  12:00:00,20114112.7534327 
 10/05  13:00:00,16643005.333031353 
 10/05  14:00:00,14260516.751492176 
 10/05  15:00:00,12892307.679971583 
 10/05  16:00:00,12253840.03382682 
 10/05  17:00:00,12503252.652843017 
 10/05  18:00:00,14630763.250888932 
 10/05  19:00:00,18104946.8400254 
 10/05  20:00:00,21840522.682162743 
 10/05  21:00:00,24582700.670397814 
 10/05  22:00:00,26421901.19049842 
 10/05  23:00:00,28650402.10440278 
 10/05  24:00:00,30399068.48078401 
 10/06  01:00:00,31196609.64514145 
 10/06  02:00:00,30712519.668781094 
 10/06  03:00:00,29367046.56988128 
 10/06  04:00:00,27469688.89060557 
 10/06  05:00:00,24660276.748458285 
 10/06  06:00:00,22380349.909025364 
 10/06  07:00:00,21213044.052512594 
 10/06  08:00:00,20850553.275782198 
 10/06  09:00:00,20459569.606727034 
 10/06  10:00:00,19882081.533979494 
 10/06  11:00:00,19580415.6401898 
 10/06  12:00:00,19706571.926685717 
 10/06  13:00:00,20127479.86399714 
 10/06  14:00:00,20439428.364230897 
 10/06  15:00:00,20232535.285119917 
 10/06  16:00:00,19632984.888586536 
 10/06  17:00:00,18648501.489597335 
 10/06  18:00:00,17682826.595556825 
 10/06  19:00:00,17416077.36339054 
 10/06  20:00:00,18377024.662554342 
 10/06  21:00:00,20607560.271214318 
 10/06  22:00:00,23185491.983221557 
 10/06  23:00:00,25857988.927195568 
 10/06  24:00:00,27938980.79498472 
 10/07  01:00:00,29305178.447776258 
 10/07  02:00:00,30138393.37462712 
 10/07  03:00:00,30193354.777321734 
 10/07  04:00:00,29181572.164495252 
 10/07  05:00:00,28433476.96947033 
 10/07  06:00:00,28459721.515516132 
 10/07  07:00:00,29623756.356829334 
 10/07  08:00:00,31263013.982886773 
 10/07  09:00:00,31165261.34946443 
 10/07  10:00:00,29129388.41908588 
 10/07  11:00:00,26267909.335033998 
 10/07  12:00:00,22616477.46846582 
 10/07  13:00:00,19375431.429996964 
 10/07  14:00:00,16834655.96635775 
 10/07  15:00:00,15759635.962968802 
 10/07  16:00:00,16450675.154069016 
 10/07  17:00:00,17410307.1188237 
 10/07  18:00:00,19616148.183937892 
 10/07  19:00:00,23602912.133894034 
 10/07  20:00:00,27025661.927242823 
 10/07  21:00:00,29350629.771731477 
 10/07  22:00:00,31164872.308740195 
 10/07  23:00:00,32629938.421279732 
 10/07  24:00:00,33530767.29248501 
 10/08  01:00:00,33464374.312883995 
 10/08  02:00:00,32545337.150491346 
 10/08  03:00:00,31492327.358778637 
 10/08  04:00:00,30566915.918009892 
 10/08  05:00:00,29320374.000252556 
 10/08  06:00:00,27707270.563447103 
 10/08  07:00:00,25537569.721742697 
 10/08  08:00:00,23038880.795825634 
 10/08  09:00:00,20407183.93430154 
 10/08  10:00:00,17972784.267292213 
 10/08  11:00:00,15213937.721773373 
 10/08  12:00:00,11866733.647795578 
 10/08  13:00:00,10765512.49712257 
 10/08  14:00:00,10683972.539816985 
 10/08  15:00:00,8280240.9006732805 
 10/08  16:00:00,6468842.586477602 
 10/08  17:00:00,8058322.020413157 
 10/08  18:00:00,11131502.378599212 
 10/08  19:00:00,13859743.410625327 
 10/08  20:00:00,15779180.097083932 
 10/08  21:00:00,16967340.767221563 
 10/08  22:00:00,18025104.302633796 
 10/08  23:00:00,18944009.062581245 
 10/08  24:00:00,19634809.429140333 
 10/09  01:00:00,20357837.59344042 
 10/09  02:00:00,20440383.41845911 
 10/09  03:00:00,20158527.825789176 
 10/09  04:00:00,19994601.52524129 
 10/09  05:00:00,19675667.315208532 
 10/09  06:00:00,19408087.126417253 
 10/09  07:00:00,18843433.43420779 
 10/09  08:00:00,18040799.756845824 
 10/09  09:00:00,16069537.398874227 
 10/09  10:00:00,13363647.53978908 
 10/09  11:00:00,10856183.220593724 
 10/09  12:00:00,9169570.864972945 
 10/09  13:00:00,8875342.868419405 
 10/09  14:00:00,8996478.944499344 
 10/09  15:00:00,10510542.73771191 
 10/09  16:00:00,12057996.471783614 
 10/09  17:00:00,12846391.375142315 
 10/09  18:00:00,13423151.465561517 
 10/09  19:00:00,14020120.42637418 
 10/09  20:00:00,14635482.109034713 
 10/09  21:00:00,15180527.242145268 
 10/09  22:00:00,15855783.65907868 
 10/09  23:00:00,17056509.753416948 
 10/09  24:00:00,18609618.692566816 
 10/10  01:00:00,20217398.844009437 
 10/10  02:00:00,22043050.529191334 
 10/10  03:00:00,24073943.042794038 
 10/10  04:00:00,25936618.85180188 
 10/10  05:00:00,27719746.005153332 
 10/10  06:00:00,29425571.926699802 
 10/10  07:00:00,30451800.215913482 
 10/10  08:00:00,30269854.697252646 
 10/10  09:00:00,26922867.465267908 
 10/10  10:00:00,21146095.164828226 
 10/10  11:00:00,15727002.769861873 
 10/10  12:00:00,11447371.956199389 
 10/10  13:00:00,8928795.862204373 
 10/10  14:00:00,8977676.912200795 
 10/10  15:00:00,9323399.7040833 
 10/10  16:00:00,8659403.258217791 
 10/10  17:00:00,8674507.378288643 
 10/10  18:00:00,9888177.306252817 
 10/10  19:00:00,12058795.9128078 
 10/10  20:00:00,14052890.083082074 
 10/10  21:00:00,15148063.37346797 
 10/10  22:00:00,16036084.532215199 
 10/10  23:00:00,17875378.977269415 
 10/10  24:00:00,20257910.998661846 
 10/11  01:00:00,22212208.71141219 
 10/11  02:00:00,23293559.61309237 
 10/11  03:00:00,23799164.481842842 
 10/11  04:00:00,24044704.971147776 
 10/11  05:00:00,24312232.44705367 
 10/11  06:00:00,23951719.57976855 
 10/11  07:00:00,23543484.64877538 
 10/11  08:00:00,24160619.01656972 
 10/11  09:00:00,23672584.793211475 
 10/11  10:00:00,20826915.83885273 
 10/11  11:00:00,17761123.89721696 
 10/11  12:00:00,15000175.319328943 
 10/11  13:00:00,12908781.972355958 
 10/11  14:00:00,11183510.98857012 
 10/11  15:00:00,9331448.254254622 
 10/11  16:00:00,8538236.849493407 
 10/11  17:00:00,9374606.840092322 
 10/11  18:00:00,11781001.634810116 
 10/11  19:00:00,15839675.851560175 
 10/11  20:00:00,20242215.623030633 
 10/11  21:00:00,23608947.22977959 
 10/11  22:00:00,26111423.198152415 
 10/11  23:00:00,28480398.822020017 
 10/11  24:00:00,30638434.35878898 
 10/12  01:00:00,33151289.705249798 
 10/12  02:00:00,37035508.051297575 
 10/12  03:00:00,39142063.420042425 
 10/12  04:00:00,38728739.16531563 
 10/12  05:00:00,37467014.59935943 
 10/12  06:00:00,37652876.82496483 
 10/12  07:00:00,38797596.70712888 
 10/12  08:00:00,38396363.53572721 
 10/12  09:00:00,36191854.43724918 
 10/12  10:00:00,32622001.254700698 
 10/12  11:00:00,28537104.30479951 
 10/12  12:00:00,24520465.18794988 
 10/12  13:00:00,20572305.643132403 
 10/12  14:00:00,17435931.517279815 
 10/12  15:00:00,15748518.750372123 
 10/12  16:00:00,15283402.69766843 
 10/12  17:00:00,15666996.205787688 
 10/12  18:00:00,16941397.91522887 
 10/12  19:00:00,18435511.35408815 
 10/12  20:00:00,19530115.487251896 
 10/12  21:00:00,20009750.482121035 
 10/12  22:00:00,20144897.969357733 
 10/12  23:00:00,20137211.998183236 
 10/12  24:00:00,20190745.879383113 
 10/13  01:00:00,19907877.03027782 
 10/13  02:00:00,19319874.377901252 
 10/13  03:00:00,19277904.74183309 
 10/13  04:00:00,19647586.894950517 
 10/13  05:00:00,20167395.606140096 
 10/13  06:00:00,20563348.170719184 
 10/13  07:00:00,20714376.276273027 
 10/13  08:00:00,20449260.765004627 
 10/13  09:00:00,19631494.759730928 
 10/13  10:00:00,18262217.867820323 
 10/13  11:00:00,17416546.123361304 
 10/13  12:00:00,16305251.505964559 
 10/13  13:00:00,15001564.08252301 
 10/13  14:00:00,14283279.20910159 
 10/13  15:00:00,13991782.244639287 
 10/13  16:00:00,14240145.473438103 
 10/13  17:00:00,14522027.394367617 
 10/13  18:00:00,15001731.204850925 
 10/13  19:00:00,15919319.944885958 
 10/13  20:00:00,16876093.93240243 
 10/13  21:00:00,17748485.001009837 
 10/13  22:00:00,18217062.21299844 
 10/13  23:00:00,17746069.733721532 
 10/13  24:00:00,17417086.04158094 
 10/14  01:00:00,17712576.56105603 
 10/14  02:00:00,17883439.163063668 
 10/14  03:00:00,17925183.098153166 
 10/14  04:00:00,17818827.82656611 
 10/14  05:00:00,17845182.14638488 
 10/14  06:00:00,17712144.614402823 
 10/14  07:00:00,17333619.035588197 
 10/14  08:00:00,17196223.791619837 
 10/14  09:00:00,17048690.8516259 
 10/14  10:00:00,16902753.898545384 
 10/14  11:00:00,17026400.95628034 
 10/14  12:00:00,16874089.343316413 
 10/14  13:00:00,16044688.976496698 
 10/14  14:00:00,15212358.145295713 
 10/14  15:00:00,14470135.243347235 
 10/14  16:00:00,14011870.687353674 
 10/14  17:00:00,14383806.860132959 
 10/14  18:00:00,15070772.666521888 
 10/14  19:00:00,15272999.162943613 
 10/14  20:00:00,15412413.67868203 
 10/14  21:00:00,16025415.628036112 
 10/14  22:00:00,17077083.098314866 
 10/14  23:00:00,18545744.749559168 
 10/14  24:00:00,19632816.077620275 
 10/15  01:00:00,19671183.15724071 
 10/15  02:00:00,19505740.431062046 
 10/15  03:00:00,20288625.588745195 
 10/15  04:00:00,21603094.580978457 
 10/15  05:00:00,21824364.12456746 
 10/15  06:00:00,20972000.949574955 
 10/15  07:00:00,20648266.26149223 
 10/15  08:00:00,20947973.316379286 
 10/15  09:00:00,20832475.476366498 
 10/15  10:00:00,20173374.288490042 
 10/15  11:00:00,18937982.00363358 
 10/15  12:00:00,17265737.57048045 
 10/15  13:00:00,15388210.494836565 
 10/15  14:00:00,13485409.528581627 
 10/15  15:00:00,12203268.90706417 
 10/15  16:00:00,11961718.197094128 
 10/15  17:00:00,12443160.540562928 
 10/15  18:00:00,12939186.392059403 
 10/15  19:00:00,13168116.085310444 
 10/15  20:00:00,13222726.666680623 
 10/15  21:00:00,13032882.94292866 
 10/15  22:00:00,12719169.720908923 
 10/15  23:00:00,12572355.94231506 
 10/15  24:00:00,12713838.423241623 
 10/16  01:00:00,13034008.958110688 
 10/16  02:00:00,13640742.745196635 
 10/16  03:00:00,15020109.042408317 
 10/16  04:00:00,16835798.11031421 
 10/16  05:00:00,18763334.626268912 
 10/16  06:00:00,20649079.245249104 
 10/16  07:00:00,22013983.30853835 
 10/16  08:00:00,22047394.645622108 
 10/16  09:00:00,19377133.516785953 
 10/16  10:00:00,15034103.220178498 
 10/16  11:00:00,12068625.674468243 
 10/16  12:00:00,9632322.318396298 
 10/16  13:00:00,6710737.974317566 
 10/16  14:00:00,4659497.702437174 
 10/16  15:00:00,3626993.508131721 
 10/16  16:00:00,3491213.7177705136 
 10/16  17:00:00,4136879.8892063387 
 10/16  18:00:00,5130981.976947736 
 10/16  19:00:00,6111850.963546807 
 10/16  20:00:00,6930364.075330098 
 10/16  21:00:00,7402552.517513739 
 10/16  22:00:00,7667885.372719092 
 10/16  23:00:00,7948696.660780262 
 10/16  24:00:00,8390116.549591128 
 10/17  01:00:00,9450537.882871076 
 10/17  02:00:00,10980130.666731892 
 10/17  03:00:00,11948234.564444814 
 10/17  04:00:00,12968729.08462768 
 10/17  05:00:00,14094090.631718861 
 10/17  06:00:00,14648191.51708368 
 10/17  07:00:00,15000551.875452261 
 10/17  08:00:00,15191344.574375179 
 10/17  09:00:00,13689249.825488351 
 10/17  10:00:00,9937309.738054954 
 10/17  11:00:00,6617263.967939612 
 10/17  12:00:00,3777133.0541813984 
 10/17  13:00:00,1041792.5324870332 
 10/17  14:00:00,0.0 
 10/17  15:00:00,0.0 
 10/17  16:00:00,113071.05143793742 
 10/17  17:00:00,999563.8518732623 
 10/17  18:00:00,1931865.798585629 
 10/17  19:00:00,2944776.120361855 
 10/17  20:00:00,3637978.5793804396 
 10/17  21:00:00,3513746.101310762 
 10/17  22:00:00,3416965.4215326076 
 10/17  23:00:00,3792644.9872785825 
 10/17  24:00:00,3906538.355096832 
 10/18  01:00:00,3536947.0273533375 
 10/18  02:00:00,3349257.911558863 
 10/18  03:00:00,2979878.9035626054 
 10/18  04:00:00,2588943.2115642647 
 10/18  05:00:00,2704640.9662452815 
 10/18  06:00:00,2157023.4414231326 
 10/18  07:00:00,1112265.8263980586 
 10/18  08:00:00,669006.5200222714 
 10/18  09:00:00,553793.2041655295 
 10/18  10:00:00,55886.861452041194 
 10/18  11:00:00,0.0 
 10/18  12:00:00,0.0 
 10/18  13:00:00,0.0 
 10/18  14:00:00,0.0 
 10/18  15:00:00,0.0 
 10/18  16:00:00,0.0 
 10/18  17:00:00,0.0 
 10/18  18:00:00,0.0 
 10/18  19:00:00,0.0 
 10/18  20:00:00,0.0 
 10/18  21:00:00,0.0 
 10/18  22:00:00,0.0 
 10/18  23:00:00,0.0 
 10/18  24:00:00,0.0 
 10/19  01:00:00,0.0 
 10/19  02:00:00,0.0 
 10/19  03:00:00,0.0 
 10/19  04:00:00,253861.4607481286 
 10/19  05:00:00,813028.1437401543 
 10/19  06:00:00,1180695.9266686812 
 10/19  07:00:00,1978989.4062870007 
 10/19  08:00:00,3232199.668845936 
 10/19  09:00:00,3941719.3270073514 
 10/19  10:00:00,3571343.7298232284 
 10/19  11:00:00,3270025.7344769905 
 10/19  12:00:00,2367396.0465336046 
 10/19  13:00:00,577338.1510920182 
 10/19  14:00:00,0.0 
 10/19  15:00:00,0.0 
 10/19  16:00:00,0.0 
 10/19  17:00:00,206383.32455386408 
 10/19  18:00:00,2400319.145876239 
 10/19  19:00:00,5299928.818480911 
 10/19  20:00:00,7464415.731647691 
 10/19  21:00:00,8958491.719978083 
 10/19  22:00:00,10345610.876752514 
 10/19  23:00:00,11177940.967732314 
 10/19  24:00:00,12041240.437739553 
 10/20  01:00:00,12772534.133853426 
 10/20  02:00:00,13442197.872801986 
 10/20  03:00:00,14731890.642168352 
 10/20  04:00:00,15811014.19423002 
 10/20  05:00:00,16340589.3340336 
 10/20  06:00:00,16771600.539583039 
 10/20  07:00:00,17551629.68470092 
 10/20  08:00:00,18822078.58723022 
 10/20  09:00:00,18759495.84961664 
 10/20  10:00:00,16739992.789134756 
 10/20  11:00:00,13668544.566688592 
 10/20  12:00:00,10925538.769264748 
 10/20  13:00:00,9238308.903433282 
 10/20  14:00:00,8703181.18441067 
 10/20  15:00:00,8929260.465540737 
 10/20  16:00:00,9410397.93273099 
 10/20  17:00:00,10596461.168626174 
 10/20  18:00:00,12264870.743337234 
 10/20  19:00:00,13420314.910983237 
 10/20  20:00:00,13532422.300833603 
 10/20  21:00:00,13512296.053360112 
 10/20  22:00:00,13940819.05444282 
 10/20  23:00:00,14968732.693162642 
 10/20  24:00:00,16430234.601120964 
 10/21  01:00:00,16922236.10835214 
 10/21  02:00:00,16049401.55439382 
 10/21  03:00:00,15186173.048560154 
 10/21  04:00:00,14656112.327299768 
 10/21  05:00:00,14305054.942510568 
 10/21  06:00:00,14241325.962024342 
 10/21  07:00:00,13067168.870732922 
 10/21  08:00:00,12043494.467072435 
 10/21  09:00:00,13137334.551339785 
 10/21  10:00:00,15028307.553892026 
 10/21  11:00:00,16979532.82289766 
 10/21  12:00:00,18073824.978828844 
 10/21  13:00:00,18043876.930226155 
 10/21  14:00:00,17511245.30063754 
 10/21  15:00:00,17732566.545580037 
 10/21  16:00:00,19462202.848535765 
 10/21  17:00:00,21427992.693328753 
 10/21  18:00:00,23770898.044584475 
 10/21  19:00:00,25934912.332761697 
 10/21  20:00:00,27283449.044237785 
 10/21  21:00:00,29328755.406803817 
 10/21  22:00:00,31458362.457338225 
 10/21  23:00:00,32831624.48034092 
 10/21  24:00:00,34199967.14838297 
 10/22  01:00:00,35533695.40071403 
 10/22  02:00:00,36715860.851146705 
 10/22  03:00:00,37459710.77011103 
 10/22  04:00:00,37580143.98238733 
 10/22  05:00:00,37835457.07769806 
 10/22  06:00:00,38043930.340365216 
 10/22  07:00:00,38314797.55145803 
 10/22  08:00:00,38516967.62560582 
 10/22  09:00:00,37474468.242482044 
 10/22  10:00:00,34137553.69540648 
 10/22  11:00:00,29128776.01879135 
 10/22  12:00:00,24390712.273084715 
 10/22  13:00:00,20932592.23730739 
 10/22  14:00:00,19382991.95319924 
 10/22  15:00:00,18597415.54439252 
 10/22  16:00:00,18260038.538161665 
 10/22  17:00:00,18821236.84007584 
 10/22  18:00:00,19660808.657219145 
 10/22  19:00:00,20630106.693886552 
 10/22  20:00:00,21637760.47394161 
 10/22  21:00:00,22663597.38027859 
 10/22  22:00:00,23357096.537225228 
 10/22  23:00:00,23491922.28166756 
 10/22  24:00:00,23432549.41562101 
 10/23  01:00:00,23401813.842709742 
 10/23  02:00:00,23706801.732707992 
 10/23  03:00:00,23861551.83717183 
 10/23  04:00:00,23205647.38648254 
 10/23  05:00:00,22768122.267454516 
 10/23  06:00:00,22479624.754022043 
 10/23  07:00:00,21698084.653735533 
 10/23  08:00:00,20597356.629004017 
 10/23  09:00:00,19026958.136504892 
 10/23  10:00:00,17544738.755948856 
 10/23  11:00:00,15720076.82133329 
 10/23  12:00:00,12697142.24543717 
 10/23  13:00:00,10392197.578309659 
 10/23  14:00:00,9343774.012652973 
 10/23  15:00:00,8588166.367555073 
 10/23  16:00:00,8280004.661784391 
 10/23  17:00:00,8379664.785511326 
 10/23  18:00:00,8528176.524834236 
 10/23  19:00:00,8727122.175473625 
 10/23  20:00:00,8971922.222440487 
 10/23  21:00:00,9133697.153669382 
 10/23  22:00:00,9461658.546628674 
 10/23  23:00:00,9388306.724673852 
 10/23  24:00:00,9381347.834684832 
 10/24  01:00:00,9727493.46654208 
 10/24  02:00:00,10264120.327971056 
 10/24  03:00:00,10786338.78759192 
 10/24  04:00:00,11086470.373540029 
 10/24  05:00:00,11392850.67066367 
 10/24  06:00:00,11571740.031961527 
 10/24  07:00:00,11623117.970942061 
 10/24  08:00:00,11799774.610929651 
 10/24  09:00:00,11836195.497299802 
 10/24  10:00:00,10638371.583214927 
 10/24  11:00:00,8613100.246278523 
 10/24  12:00:00,6934458.150881658 
 10/24  13:00:00,5277411.450762617 
 10/24  14:00:00,4152590.861687868 
 10/24  15:00:00,3915896.252700716 
 10/24  16:00:00,4066359.1756551005 
 10/24  17:00:00,4403597.573782137 
 10/24  18:00:00,5549158.816337412 
 10/24  19:00:00,6672702.608772764 
 10/24  20:00:00,7831644.124892133 
 10/24  21:00:00,10522505.212964969 
 10/24  22:00:00,13851163.694611777 
 10/24  23:00:00,16564511.684318941 
 10/24  24:00:00,19137475.915025752 
 10/25  01:00:00,21765209.084019218 
 10/25  02:00:00,24810126.374547817 
 10/25  03:00:00,28092180.568566598 
 10/25  04:00:00,30484818.488658387 
 10/25  05:00:00,31489969.257706843 
 10/25  06:00:00,31605405.237470802 
 10/25  07:00:00,31488568.954996217 
 10/25  08:00:00,31060941.55414406 
 10/25  09:00:00,29642848.38289228 
 10/25  10:00:00,26752014.033080198 
 10/25  11:00:00,23084366.517307263 
 10/25  12:00:00,19603782.28132545 
 10/25  13:00:00,16942441.18619979 
 10/25  14:00:00,15199515.372141656 
 10/25  15:00:00,14038771.476887034 
 10/25  16:00:00,13676088.91049313 
 10/25  17:00:00,14433966.07730316 
 10/25  18:00:00,16254133.233511085 
 10/25  19:00:00,18089289.893939264 
 10/25  20:00:00,18934442.273399703 
 10/25  21:00:00,19507920.005277935 
 10/25  22:00:00,20473210.36925657 
 10/25  23:00:00,21342926.88415058 
 10/25  24:00:00,21315767.884383246 
 10/26  01:00:00,20802259.172106635 
 10/26  02:00:00,20440260.017153412 
 10/26  03:00:00,20376203.46828697 
 10/26  04:00:00,20339426.438618533 
 10/26  05:00:00,20178193.390216842 
 10/26  06:00:00,19708077.740003023 
 10/26  07:00:00,19193426.17597935 
 10/26  08:00:00,18735983.99272597 
 10/26  09:00:00,18073384.542388733 
 10/26  10:00:00,16738925.754178807 
 10/26  11:00:00,15026027.623026248 
 10/26  12:00:00,13231972.334531214 
 10/26  13:00:00,11455171.679511772 
 10/26  14:00:00,10443576.40264916 
 10/26  15:00:00,10468525.3615884 
 10/26  16:00:00,10918893.660708215 
 10/26  17:00:00,11457704.321789928 
 10/26  18:00:00,12170161.836833613 
 10/26  19:00:00,12930879.475284189 
 10/26  20:00:00,13439341.61737703 
 10/26  21:00:00,14149448.643414741 
 10/26  22:00:00,15386484.844322562 
 10/26  23:00:00,16531292.04679581 
 10/26  24:00:00,16882511.992990647 
 10/27  01:00:00,16778723.89258852 
 10/27  02:00:00,15877758.02851228 
 10/27  03:00:00,14358079.781265032 
 10/27  04:00:00,13223304.787050754 
 10/27  05:00:00,12800444.7305777 
 10/27  06:00:00,13084552.983023826 
 10/27  07:00:00,13640700.515782578 
 10/27  08:00:00,14451280.284627661 
 10/27  09:00:00,14675620.873704111 
 10/27  10:00:00,13029830.267098302 
 10/27  11:00:00,10087749.26428852 
 10/27  12:00:00,7328892.524666386 
 10/27  13:00:00,5352992.866452359 
 10/27  14:00:00,4561656.214364071 
 10/27  15:00:00,4210940.339139767 
 10/27  16:00:00,4402764.359531557 
 10/27  17:00:00,5661442.224885483 
 10/27  18:00:00,8131825.977548097 
 10/27  19:00:00,10872175.034961298 
 10/27  20:00:00,13004164.286757339 
 10/27  21:00:00,14824439.120383102 
 10/27  22:00:00,16597898.81318329 
 10/27  23:00:00,18091840.758206192 
 10/27  24:00:00,18769638.951168742 
 10/28  01:00:00,18775236.485556927 
 10/28  02:00:00,19035767.601140715 
 10/28  03:00:00,19474269.897988874 
 10/28  04:00:00,20092520.382643465 
 10/28  05:00:00,20632917.23681426 
 10/28  06:00:00,20655656.362828694 
 10/28  07:00:00,20657356.3404427 
 10/28  08:00:00,20899611.27511219 
 10/28  09:00:00,20273896.500153035 
 10/28  10:00:00,16683158.786012396 
 10/28  11:00:00,12341763.03172951 
 10/28  12:00:00,9161373.07410639 
 10/28  13:00:00,6613322.8956659045 
 10/28  14:00:00,4952121.291126358 
 10/28  15:00:00,4325576.690847113 
 10/28  16:00:00,4788249.729506794 
 10/28  17:00:00,6345132.199862379 
 10/28  18:00:00,8865298.927916411 
 10/28  19:00:00,10918313.91591652 
 10/28  20:00:00,11448700.950926105 
 10/28  21:00:00,11265252.123702407 
 10/28  22:00:00,10822328.367050253 
 10/28  23:00:00,10066919.746147733 
 10/28  24:00:00,9344593.395204408 
 10/29  01:00:00,8729923.009301435 
 10/29  02:00:00,8519463.661642717 
 10/29  03:00:00,8556116.300942505 
 10/29  04:00:00,9027135.93159481 
 10/29  05:00:00,10326714.56904224 
 10/29  06:00:00,11968598.613994574 
 10/29  07:00:00,13699912.150499158 
 10/29  08:00:00,15344147.999578191 
 10/29  09:00:00,16338444.214081014 
 10/29  10:00:00,16681646.921040898 
 10/29  11:00:00,16868061.1227712 
 10/29  12:00:00,17025607.256036792 
 10/29  13:00:00,17310442.46663228 
 10/29  14:00:00,17561142.26170054 
 10/29  15:00:00,17809457.904856104 
 10/29  16:00:00,18040344.06119173 
 10/29  17:00:00,18129044.268381488 
 10/29  18:00:00,18069205.08984351 
 10/29  19:00:00,17861937.430762902 
 10/29  20:00:00,17482473.622461285 
 10/29  21:00:00,17106994.38707059 
 10/29  22:00:00,16681714.965620821 
 10/29  23:00:00,15550650.611459905 
 10/29  24:00:00,14419152.27165943 
 10/30  01:00:00,13767066.870953685 
 10/30  02:00:00,12967597.618582107 
 10/30  03:00:00,12172281.05054985 
 10/30  04:00:00,11356369.040425906 
 10/30  05:00:00,10707489.526204046 
 10/30  06:00:00,10298423.203840462 
 10/30  07:00:00,10162357.107971605 
 10/30  08:00:00,10032190.376533242 
 10/30  09:00:00,9866967.864867004 
 10/30  10:00:00,8571611.272120344 
 10/30  11:00:00,6437678.663009353 
 10/30  12:00:00,4549929.988550621 
 10/30  13:00:00,2817479.6369791906 
 10/30  14:00:00,1558793.0458167451 
 10/30  15:00:00,649072.565764084 
 10/30  16:00:00,435057.0818100299 
 10/30  17:00:00,1559823.294757877 
 10/30  18:00:00,4442465.467895056 
 10/30  19:00:00,7283891.2484464 
 10/30  20:00:00,8884040.838322194 
 10/30  21:00:00,9550259.465464491 
 10/30  22:00:00,10651419.17214656 
 10/30  23:00:00,11839371.625411062 
 10/30  24:00:00,12160263.902496567 
 10/31  01:00:00,11787934.814121667 
 10/31  02:00:00,11262622.990258882 
 10/31  03:00:00,11339513.74651735 
 10/31  04:00:00,11394724.489645464 
 10/31  05:00:00,11601528.65009984 
 10/31  06:00:00,11767329.522264963 
 10/31  07:00:00,11689487.519188408 
 10/31  08:00:00,12011428.967937915 
 10/31  09:00:00,11751900.786765996 
 10/31  10:00:00,9455787.225169608 
 10/31  11:00:00,5704916.493612615 
 10/31  12:00:00,1419749.7304197284 
 10/31  13:00:00,0.0 
 10/31  14:00:00,0.0 
 10/31  15:00:00,0.0 
 10/31  16:00:00,0.0 
 10/31  17:00:00,0.0 
 10/31  18:00:00,0.0 
 10/31  19:00:00,195771.54533668072 
 10/31  20:00:00,2298712.874063646 
 10/31  21:00:00,4428465.672453964 
 10/31  22:00:00,5592021.0555629935 
 10/31  23:00:00,5692237.954484166 
 10/31  24:00:00,6135304.076890317 
 11/01  01:00:00,6624471.520856758 
 11/01  02:00:00,6693636.811126112 
 11/01  03:00:00,6188207.941533551 
 11/01  04:00:00,4908112.900427717 
 11/01  05:00:00,3879828.281993105 
 11/01  06:00:00,4190069.5987567836 
 11/01  07:00:00,5701515.074748517 
 11/01  08:00:00,7602825.27482413 
 11/01  09:00:00,9311929.674140032 
 11/01  10:00:00,10302785.950102897 
 11/01  11:00:00,10012159.092069937 
 11/01  12:00:00,8836625.773596043 
 11/01  13:00:00,7180884.573689663 
 11/01  14:00:00,5778910.766605369 
 11/01  15:00:00,5628188.341978554 
 11/01  16:00:00,6752960.698677861 
 11/01  17:00:00,9246245.817276906 
 11/01  18:00:00,11659293.264703821 
 11/01  19:00:00,13159108.520015655 
 11/01  20:00:00,14808384.595014079 
 11/01  21:00:00,15693334.663667068 
 11/01  22:00:00,15298732.88916587 
 11/01  23:00:00,14673556.989779519 
 11/01  24:00:00,13742515.436600091 
 11/02  01:00:00,12511561.172408601 
 11/02  02:00:00,11460495.968686953 
 11/02  03:00:00,10973114.392968895 
 11/02  04:00:00,10715704.417368656 
 11/02  05:00:00,10481100.291457353 
 11/02  06:00:00,10502423.052336322 
 11/02  07:00:00,10414619.613703778 
 11/02  08:00:00,10217853.760499332 
 11/02  09:00:00,10147005.664833868 
 11/02  10:00:00,10093715.59928406 
 11/02  11:00:00,9917114.41061956 
 11/02  12:00:00,9612449.455433533 
 11/02  13:00:00,9160699.83640684 
 11/02  14:00:00,8738885.31212911 
 11/02  15:00:00,8433414.308373624 
 11/02  16:00:00,8659638.832583914 
 11/02  17:00:00,9930446.81772722 
 11/02  18:00:00,11510546.294197109 
 11/02  19:00:00,13560005.960143674 
 11/02  20:00:00,15939521.426065559 
 11/02  21:00:00,18223164.52791959 
 11/02  22:00:00,20251435.05707269 
 11/02  23:00:00,21992927.471472744 
 11/02  24:00:00,22741273.02328444 
 11/03  01:00:00,22730175.657432813 
 11/03  02:00:00,22943427.845129356 
 11/03  03:00:00,23343372.85616517 
 11/03  04:00:00,23516737.087018937 
 11/03  05:00:00,23749731.515581362 
 11/03  06:00:00,24091021.59621696 
 11/03  07:00:00,24047160.139680702 
 11/03  08:00:00,24447104.819514006 
 11/03  09:00:00,25079954.222344115 
 11/03  10:00:00,25913332.454929117 
 11/03  11:00:00,26559247.838925403 
 11/03  12:00:00,26385845.06895336 
 11/03  13:00:00,25913822.993161917 
 11/03  14:00:00,26004923.69556935 
 11/03  15:00:00,27180178.683132254 
 11/03  16:00:00,28481724.783461545 
 11/03  17:00:00,29765903.19503388 
 11/03  18:00:00,32659952.11714642 
 11/03  19:00:00,35700652.80542499 
 11/03  20:00:00,37696558.344469234 
 11/03  21:00:00,39093448.1790533 
 11/03  22:00:00,39918709.35805919 
 11/03  23:00:00,39873755.81691006 
 11/03  24:00:00,39694275.4588907 
 11/04  01:00:00,40049503.194666624 
 11/04  02:00:00,40661410.674766526 
 11/04  03:00:00,41541619.03927994 
 11/04  04:00:00,42614383.72278402 
 11/04  05:00:00,42598204.980322674 
 11/04  06:00:00,41903814.02199154 
 11/04  07:00:00,42162080.72675576 
 11/04  08:00:00,44174912.2434232 
 11/04  09:00:00,46327029.86790573 
 11/04  10:00:00,44614618.634416245 
 11/04  11:00:00,39662224.053335644 
 11/04  12:00:00,34114156.15676092 
 11/04  13:00:00,29770250.62421286 
 11/04  14:00:00,27432781.20128772 
 11/04  15:00:00,26815122.618785426 
 11/04  16:00:00,27507236.670636393 
 11/04  17:00:00,29474982.76034048 
 11/04  18:00:00,31869599.267893057 
 11/04  19:00:00,33194317.355637673 
 11/04  20:00:00,34406620.145898096 
 11/04  21:00:00,35277516.438775234 
 11/04  22:00:00,35494433.72619125 
 11/04  23:00:00,36157115.5466247 
 11/04  24:00:00,37745917.812465854 
 11/05  01:00:00,39426036.275167786 
 11/05  02:00:00,40873724.013147615 
 11/05  03:00:00,42051797.34281547 
 11/05  04:00:00,42796248.81158833 
 11/05  05:00:00,43079995.30466972 
 11/05  06:00:00,43207312.309207544 
 11/05  07:00:00,43889531.55186661 
 11/05  08:00:00,44330302.82875834 
 11/05  09:00:00,43949669.95695254 
 11/05  10:00:00,42165808.12866899 
 11/05  11:00:00,39462958.00091299 
 11/05  12:00:00,36437593.45814849 
 11/05  13:00:00,33064022.160982832 
 11/05  14:00:00,30730563.72651172 
 11/05  15:00:00,29667443.82516588 
 11/05  16:00:00,29636947.718956444 
 11/05  17:00:00,30071983.720445104 
 11/05  18:00:00,31518722.69291006 
 11/05  19:00:00,33672911.252114885 
 11/05  20:00:00,36598086.321261935 
 11/05  21:00:00,40184837.116162404 
 11/05  22:00:00,43284932.803782664 
 11/05  23:00:00,45930206.2845506 
 11/05  24:00:00,48511350.58652063 
 11/06  01:00:00,51886249.178824715 
 11/06  02:00:00,55098235.3678496 
 11/06  03:00:00,57304966.49698818 
 11/06  04:00:00,60198631.31987596 
 11/06  05:00:00,62145358.756415375 
 11/06  06:00:00,62868577.83728714 
 11/06  07:00:00,62710232.15986168 
 11/06  08:00:00,61479663.608963855 
 11/06  09:00:00,59182264.20009938 
 11/06  10:00:00,54093881.83149249 
 11/06  11:00:00,46116964.75261886 
 11/06  12:00:00,37305588.00737078 
 11/06  13:00:00,30714697.036923204 
 11/06  14:00:00,26964519.437680833 
 11/06  15:00:00,25297624.17346556 
 11/06  16:00:00,25400392.34526982 
 11/06  17:00:00,25749466.77386117 
 11/06  18:00:00,25785401.383016042 
 11/06  19:00:00,25687249.336458903 
 11/06  20:00:00,25368450.437784363 
 11/06  21:00:00,25216910.323727448 
 11/06  22:00:00,25095005.8886411 
 11/06  23:00:00,24152152.147049338 
 11/06  24:00:00,23294508.050927654 
 11/07  01:00:00,22625722.179631144 
 11/07  02:00:00,21028983.424514264 
 11/07  03:00:00,19043239.57144856 
 11/07  04:00:00,17578407.47719027 
 11/07  05:00:00,16930246.689914588 
 11/07  06:00:00,17068729.07972434 
 11/07  07:00:00,17094414.875936057 
 11/07  08:00:00,17143479.50387146 
 11/07  09:00:00,17636873.750863105 
 11/07  10:00:00,18012258.157123294 
 11/07  11:00:00,18449277.890362557 
 11/07  12:00:00,19428604.099785086 
 11/07  13:00:00,20290544.727457203 
 11/07  14:00:00,20623746.486230608 
 11/07  15:00:00,21417532.558194652 
 11/07  16:00:00,23079015.40867039 
 11/07  17:00:00,24820466.515081536 
 11/07  18:00:00,26871097.32040877 
 11/07  19:00:00,28836445.973015923 
 11/07  20:00:00,30315908.73035263 
 11/07  21:00:00,31173206.4599936 
 11/07  22:00:00,31242462.311929256 
 11/07  23:00:00,31470616.98228503 
 11/07  24:00:00,31663803.834531445 
 11/08  01:00:00,31965531.01710456 
 11/08  02:00:00,32485397.11714361 
 11/08  03:00:00,33613431.709980994 
 11/08  04:00:00,35169897.6315647 
 11/08  05:00:00,35415211.66696074 
 11/08  06:00:00,35094874.59262322 
 11/08  07:00:00,34239582.95027377 
 11/08  08:00:00,32667867.381293677 
 11/08  09:00:00,30160014.05169738 
 11/08  10:00:00,26075862.360633947 
 11/08  11:00:00,22525675.03608437 
 11/08  12:00:00,20068361.807907153 
 11/08  13:00:00,18037074.00413761 
 11/08  14:00:00,16700576.437557159 
 11/08  15:00:00,15763342.019526413 
 11/08  16:00:00,15696680.38946246 
 11/08  17:00:00,16730201.956434371 
 11/08  18:00:00,18128196.326277144 
 11/08  19:00:00,19363661.92448308 
 11/08  20:00:00,20302868.5096595 
 11/08  21:00:00,21439225.899284415 
 11/08  22:00:00,22737599.8206117 
 11/08  23:00:00,23958720.907217342 
 11/08  24:00:00,25510604.2045859 
 11/09  01:00:00,27528629.192363683 
 11/09  02:00:00,29573443.096224032 
 11/09  03:00:00,31545348.378768526 
 11/09  04:00:00,32638940.681754146 
 11/09  05:00:00,34016387.44567971 
 11/09  06:00:00,35093784.791055866 
 11/09  07:00:00,35577252.726129785 
 11/09  08:00:00,37015467.86858213 
 11/09  09:00:00,38554982.86242668 
 11/09  10:00:00,38530773.59843049 
 11/09  11:00:00,35381473.272270545 
 11/09  12:00:00,31092732.33760597 
 11/09  13:00:00,27405500.88283098 
 11/09  14:00:00,24157492.781413976 
 11/09  15:00:00,22446142.156286012 
 11/09  16:00:00,22422433.94830494 
 11/09  17:00:00,24411610.082578108 
 11/09  18:00:00,28130101.926503174 
 11/09  19:00:00,31023979.726395108 
 11/09  20:00:00,33299696.48528222 
 11/09  21:00:00,35522597.900288224 
 11/09  22:00:00,36881649.482254416 
 11/09  23:00:00,37713725.267647356 
 11/09  24:00:00,38281879.480861835 
 11/10  01:00:00,38048432.55892987 
 11/10  02:00:00,37378604.2424447 
 11/10  03:00:00,37397623.56028848 
 11/10  04:00:00,37541425.94855012 
 11/10  05:00:00,37395089.79024339 
 11/10  06:00:00,36903299.46834629 
 11/10  07:00:00,36342282.41007164 
 11/10  08:00:00,36411252.106736094 
 11/10  09:00:00,36838782.54875707 
 11/10  10:00:00,34994405.74723527 
 11/10  11:00:00,30650319.88213969 
 11/10  12:00:00,26760553.960509244 
 11/10  13:00:00,24181553.042466763 
 11/10  14:00:00,22890870.656620316 
 11/10  15:00:00,22350472.07405783 
 11/10  16:00:00,22276568.232097473 
 11/10  17:00:00,22761367.67310461 
 11/10  18:00:00,23753545.344022695 
 11/10  19:00:00,24122180.652736973 
 11/10  20:00:00,23181170.086010214 
 11/10  21:00:00,22047375.179738842 
 11/10  22:00:00,21354239.955529425 
 11/10  23:00:00,21044579.096607845 
 11/10  24:00:00,20880775.749898873 
 11/11  01:00:00,21079323.54997976 
 11/11  02:00:00,21598576.401278906 
 11/11  03:00:00,21978792.11372731 
 11/11  04:00:00,22503558.73546492 
 11/11  05:00:00,22923155.2644162 
 11/11  06:00:00,22780880.579866458 
 11/11  07:00:00,22738683.628954843 
 11/11  08:00:00,23339905.78454349 
 11/11  09:00:00,23813881.38786957 
 11/11  10:00:00,23389373.022871576 
 11/11  11:00:00,21511974.86829377 
 11/11  12:00:00,19320118.988591116 
 11/11  13:00:00,18316698.741347145 
 11/11  14:00:00,17884839.916918606 
 11/11  15:00:00,18090460.973820943 
 11/11  16:00:00,18868901.669120714 
 11/11  17:00:00,19451305.090604104 
 11/11  18:00:00,19805406.46870208 
 11/11  19:00:00,20062483.91114596 
 11/11  20:00:00,20059228.573448583 
 11/11  21:00:00,20064634.970534272 
 11/11  22:00:00,20065673.51108262 
 11/11  23:00:00,20214582.28896154 
 11/11  24:00:00,20178218.545042705 
 11/12  01:00:00,19790575.73587869 
 11/12  02:00:00,19637368.231981598 
 11/12  03:00:00,19477772.897871356 
 11/12  04:00:00,19464849.857645243 
 11/12  05:00:00,19868967.500404652 
 11/12  06:00:00,20132255.48245498 
 11/12  07:00:00,20441623.824510287 
 11/12  08:00:00,21007991.521485496 
 11/12  09:00:00,21788132.55788576 
 11/12  10:00:00,22905174.550711285 
 11/12  11:00:00,23502857.91888862 
 11/12  12:00:00,22948497.901313152 
 11/12  13:00:00,22504816.54593526 
 11/12  14:00:00,21402279.753934465 
 11/12  15:00:00,19687816.247827593 
 11/12  16:00:00,19679306.309688967 
 11/12  17:00:00,21474599.16933901 
 11/12  18:00:00,23953707.53539037 
 11/12  19:00:00,25538518.848025233 
 11/12  20:00:00,25828698.7931654 
 11/12  21:00:00,25854651.000618163 
 11/12  22:00:00,25974605.146878026 
 11/12  23:00:00,26207790.854118478 
 11/12  24:00:00,26563126.07581476 
 11/13  01:00:00,26646450.147745244 
 11/13  02:00:00,26839357.37982489 
 11/13  03:00:00,27060068.76111656 
 11/13  04:00:00,27118289.867262438 
 11/13  05:00:00,27100583.197554562 
 11/13  06:00:00,26517573.905509826 
 11/13  07:00:00,25742699.249452922 
 11/13  08:00:00,24972767.84429896 
 11/13  09:00:00,24061358.519645244 
 11/13  10:00:00,22850407.84986393 
 11/13  11:00:00,21203535.251790382 
 11/13  12:00:00,20098158.395975664 
 11/13  13:00:00,19894932.37552119 
 11/13  14:00:00,19553573.30374992 
 11/13  15:00:00,18590554.451196637 
 11/13  16:00:00,17814821.971409082 
 11/13  17:00:00,17380326.787147928 
 11/13  18:00:00,16664066.626250945 
 11/13  19:00:00,15985628.53974381 
 11/13  20:00:00,15700589.406920556 
 11/13  21:00:00,15557284.501464786 
 11/13  22:00:00,15305775.991273047 
 11/13  23:00:00,15220543.771387815 
 11/13  24:00:00,15271257.876634775 
 11/14  01:00:00,15479373.944714995 
 11/14  02:00:00,16102158.268435385 
 11/14  03:00:00,16744344.14471422 
 11/14  04:00:00,17147008.39164753 
 11/14  05:00:00,17587410.25033672 
 11/14  06:00:00,18430869.36668142 
 11/14  07:00:00,18986089.560052015 
 11/14  08:00:00,18922621.119102858 
 11/14  09:00:00,18566965.637698624 
 11/14  10:00:00,18482298.193241052 
 11/14  11:00:00,18507525.850800335 
 11/14  12:00:00,17282901.695472345 
 11/14  13:00:00,15898436.71603135 
 11/14  14:00:00,14924876.625024203 
 11/14  15:00:00,14209145.554440418 
 11/14  16:00:00,14862551.82020759 
 11/14  17:00:00,18012379.683561888 
 11/14  18:00:00,22024918.906863037 
 11/14  19:00:00,25865163.147346828 
 11/14  20:00:00,28662681.72904265 
 11/14  21:00:00,30812888.2532475 
 11/14  22:00:00,32535445.294822253 
 11/14  23:00:00,34014113.81487948 
 11/14  24:00:00,34867930.484805465 
 11/15  01:00:00,34202513.95018965 
 11/15  02:00:00,33320691.695292242 
 11/15  03:00:00,33190099.420776725 
 11/15  04:00:00,33066016.186435223 
 11/15  05:00:00,33009678.890681483 
 11/15  06:00:00,33796067.78319268 
 11/15  07:00:00,34245276.421472594 
 11/15  08:00:00,33887576.22707304 
 11/15  09:00:00,33670950.05445876 
 11/15  10:00:00,32202814.287513122 
 11/15  11:00:00,29350762.08009354 
 11/15  12:00:00,26707823.150304474 
 11/15  13:00:00,24706821.195958104 
 11/15  14:00:00,23251364.790450968 
 11/15  15:00:00,21794440.234374683 
 11/15  16:00:00,22001329.069146574 
 11/15  17:00:00,24310340.345762905 
 11/15  18:00:00,26917054.985708192 
 11/15  19:00:00,28552899.279690847 
 11/15  20:00:00,28617602.434321605 
 11/15  21:00:00,28756661.000941813 
 11/15  22:00:00,29171439.495513655 
 11/15  23:00:00,29683598.802774664 
 11/15  24:00:00,29920068.28996569 
 11/16  01:00:00,29749734.47415687 
 11/16  02:00:00,29669125.7418956 
 11/16  03:00:00,29582807.43508857 
 11/16  04:00:00,29417742.07942676 
 11/16  05:00:00,29575824.56677852 
 11/16  06:00:00,30437282.351854984 
 11/16  07:00:00,30963804.556281015 
 11/16  08:00:00,31016621.438882727 
 11/16  09:00:00,30630012.80283023 
 11/16  10:00:00,29821163.297243502 
 11/16  11:00:00,28817592.1320099 
 11/16  12:00:00,26910701.36880608 
 11/16  13:00:00,25177477.889791656 
 11/16  14:00:00,24038074.529802218 
 11/16  15:00:00,23487365.17702662 
 11/16  16:00:00,23858752.923233427 
 11/16  17:00:00,24392457.821099915 
 11/16  18:00:00,25283814.96707722 
 11/16  19:00:00,26203787.60861123 
 11/16  20:00:00,26629829.085364062 
 11/16  21:00:00,26948831.432339676 
 11/16  22:00:00,27428634.550529666 
 11/16  23:00:00,28045787.22131188 
 11/16  24:00:00,28829957.364679568 
 11/17  01:00:00,29909002.12338321 
 11/17  02:00:00,30847990.59590233 
 11/17  03:00:00,31392522.004301455 
 11/17  04:00:00,31653198.411334466 
 11/17  05:00:00,31761580.321291782 
 11/17  06:00:00,31994198.75640457 
 11/17  07:00:00,32214413.663060173 
 11/17  08:00:00,32294269.136184767 
 11/17  09:00:00,32223535.075512018 
 11/17  10:00:00,32003691.613608595 
 11/17  11:00:00,31758877.990308054 
 11/17  12:00:00,31338617.81850073 
 11/17  13:00:00,30205554.222202126 
 11/17  14:00:00,29093059.94770083 
 11/17  15:00:00,28619351.296692766 
 11/17  16:00:00,28397492.942951776 
 11/17  17:00:00,28615180.5581769 
 11/17  18:00:00,28972899.162503682 
 11/17  19:00:00,29673689.47279002 
 11/17  20:00:00,30417256.648548733 
 11/17  21:00:00,31195263.587531343 
 11/17  22:00:00,32321080.408364236 
 11/17  23:00:00,33690286.70323561 
 11/17  24:00:00,34676196.87723143 
 11/18  01:00:00,35143227.32389391 
 11/18  02:00:00,35596515.33580226 
 11/18  03:00:00,35750430.70094876 
 11/18  04:00:00,35751866.79530286 
 11/18  05:00:00,36375794.02728286 
 11/18  06:00:00,36952520.01766128 
 11/18  07:00:00,37537146.79634182 
 11/18  08:00:00,38452403.12326251 
 11/18  09:00:00,38412921.92376463 
 11/18  10:00:00,37300753.15755023 
 11/18  11:00:00,34577216.574390695 
 11/18  12:00:00,30379473.882179182 
 11/18  13:00:00,26829863.880439993 
 11/18  14:00:00,24462135.665251594 
 11/18  15:00:00,23325350.52813285 
 11/18  16:00:00,23548878.97227438 
 11/18  17:00:00,24769483.679301538 
 11/18  18:00:00,26585907.437219348 
 11/18  19:00:00,28380151.17677861 
 11/18  20:00:00,29643526.470393904 
 11/18  21:00:00,30351311.938659884 
 11/18  22:00:00,30579636.586045243 
 11/18  23:00:00,30258206.330904577 
 11/18  24:00:00,30574346.140568372 
 11/19  01:00:00,31268085.60895456 
 11/19  02:00:00,31516411.72065216 
 11/19  03:00:00,32059251.623706385 
 11/19  04:00:00,32907669.939520918 
 11/19  05:00:00,33702182.92231517 
 11/19  06:00:00,34525161.12545964 
 11/19  07:00:00,34758554.10899491 
 11/19  08:00:00,34660720.185498714 
 11/19  09:00:00,34636419.886307955 
 11/19  10:00:00,33659048.47953171 
 11/19  11:00:00,31931819.422089558 
 11/19  12:00:00,29680989.088841815 
 11/19  13:00:00,27446340.797168653 
 11/19  14:00:00,25896868.521266155 
 11/19  15:00:00,24832839.786452923 
 11/19  16:00:00,25055642.243809402 
 11/19  17:00:00,26921225.85148032 
 11/19  18:00:00,29430546.3802219 
 11/19  19:00:00,31116827.834881227 
 11/19  20:00:00,32424000.20067656 
 11/19  21:00:00,33440440.9220376 
 11/19  22:00:00,33675539.47155911 
 11/19  23:00:00,34216828.09498188 
 11/19  24:00:00,34880031.9384074 
 11/20  01:00:00,35143962.753376536 
 11/20  02:00:00,35395142.76252134 
 11/20  03:00:00,35775338.281577475 
 11/20  04:00:00,35717635.796653815 
 11/20  05:00:00,35664378.39130413 
 11/20  06:00:00,36000743.669263385 
 11/20  07:00:00,36659583.56241496 
 11/20  08:00:00,37283287.55871845 
 11/20  09:00:00,37979351.679363646 
 11/20  10:00:00,38228646.127764195 
 11/20  11:00:00,35761134.45373111 
 11/20  12:00:00,31735706.92210663 
 11/20  13:00:00,28943698.120188165 
 11/20  14:00:00,27294512.649289075 
 11/20  15:00:00,26762606.839367747 
 11/20  16:00:00,27200860.410276137 
 11/20  17:00:00,29234256.386478543 
 11/20  18:00:00,32611458.090732366 
 11/20  19:00:00,35262817.64319737 
 11/20  20:00:00,36437204.47657263 
 11/20  21:00:00,36724301.72803896 
 11/20  22:00:00,36982581.52623945 
 11/20  23:00:00,36651040.15621027 
 11/20  24:00:00,36054860.22328873 
 11/21  01:00:00,36260921.47382053 
 11/21  02:00:00,36705971.49826472 
 11/21  03:00:00,36892572.70116245 
 11/21  04:00:00,37251256.84352507 
 11/21  05:00:00,37419795.64914279 
 11/21  06:00:00,37326123.71849626 
 11/21  07:00:00,37506542.713927545 
 11/21  08:00:00,37536220.17952755 
 11/21  09:00:00,36980725.868240856 
 11/21  10:00:00,36433933.09494853 
 11/21  11:00:00,35812500.45322129 
 11/21  12:00:00,34619957.62103502 
 11/21  13:00:00,33253673.322765365 
 11/21  14:00:00,32275253.241110235 
 11/21  15:00:00,31853961.49106726 
 11/21  16:00:00,31842291.753634732 
 11/21  17:00:00,32302036.88066003 
 11/21  18:00:00,32768492.277853712 
 11/21  19:00:00,33004808.60823506 
 11/21  20:00:00,33259608.363803618 
 11/21  21:00:00,33438160.394221865 
 11/21  22:00:00,33191784.06971385 
 11/21  23:00:00,32025955.413847238 
 11/21  24:00:00,29931473.179908946 
 11/22  01:00:00,28095068.753728285 
 11/22  02:00:00,26625325.127579425 
 11/22  03:00:00,25009787.89048208 
 11/22  04:00:00,23379791.487801984 
 11/22  05:00:00,22365539.08609036 
 11/22  06:00:00,21887414.13512392 
 11/22  07:00:00,21189977.775044657 
 11/22  08:00:00,20370214.351469923 
 11/22  09:00:00,19609623.13978379 
 11/22  10:00:00,18639081.3824121 
 11/22  11:00:00,17066187.13778369 
 11/22  12:00:00,15515990.253075369 
 11/22  13:00:00,14571802.666458236 
 11/22  14:00:00,13436111.96605119 
 11/22  15:00:00,12753600.926589329 
 11/22  16:00:00,12818673.968616076 
 11/22  17:00:00,12772187.817551713 
 11/22  18:00:00,12978836.221425334 
 11/22  19:00:00,13237373.415589567 
 11/22  20:00:00,13430116.181596853 
 11/22  21:00:00,13761139.905421996 
 11/22  22:00:00,14282629.446590679 
 11/22  23:00:00,14371582.317126647 
 11/22  24:00:00,14548559.768792437 
 11/23  01:00:00,15509522.414461697 
 11/23  02:00:00,16493977.37168427 
 11/23  03:00:00,17090730.055346258 
 11/23  04:00:00,18336692.80242157 
 11/23  05:00:00,20107917.76655619 
 11/23  06:00:00,21844335.34288536 
 11/23  07:00:00,23754405.582122125 
 11/23  08:00:00,25715901.017348353 
 11/23  09:00:00,27401490.562470302 
 11/23  10:00:00,28563056.029717006 
 11/23  11:00:00,29300350.57126525 
 11/23  12:00:00,30642109.657503538 
 11/23  13:00:00,32034649.271913815 
 11/23  14:00:00,32897288.40617901 
 11/23  15:00:00,33577702.56393786 
 11/23  16:00:00,33817044.83057344 
 11/23  17:00:00,33896707.53779413 
 11/23  18:00:00,34210667.12691568 
 11/23  19:00:00,34347840.38322264 
 11/23  20:00:00,34340452.4777677 
 11/23  21:00:00,35572649.915294215 
 11/23  22:00:00,38289466.57436477 
 11/23  23:00:00,41615991.647006825 
 11/23  24:00:00,44855123.47046044 
 11/24  01:00:00,47618507.35434078 
 11/24  02:00:00,49666456.18692882 
 11/24  03:00:00,51629979.994362526 
 11/24  04:00:00,53686264.67957215 
 11/24  05:00:00,54970842.000509664 
 11/24  06:00:00,56145093.09804489 
 11/24  07:00:00,58575757.02375643 
 11/24  08:00:00,60277648.45574811 
 11/24  09:00:00,59872220.50552888 
 11/24  10:00:00,57794658.84322173 
 11/24  11:00:00,54551366.42835198 
 11/24  12:00:00,50125762.330740854 
 11/24  13:00:00,45039051.23342619 
 11/24  14:00:00,40781402.90008908 
 11/24  15:00:00,38383142.73522931 
 11/24  16:00:00,38178807.894158356 
 11/24  17:00:00,40104431.70410665 
 11/24  18:00:00,45300875.40372881 
 11/24  19:00:00,50744348.73278724 
 11/24  20:00:00,53773887.97513705 
 11/24  21:00:00,55638662.97826786 
 11/24  22:00:00,56483499.3434251 
 11/24  23:00:00,57682420.810161516 
 11/24  24:00:00,58612176.81093957 
 11/25  01:00:00,58070934.27364683 
 11/25  02:00:00,57185309.85704988 
 11/25  03:00:00,56523523.34376696 
 11/25  04:00:00,56914533.85064749 
 11/25  05:00:00,57201365.27352925 
 11/25  06:00:00,56650703.99259452 
 11/25  07:00:00,55749530.32256755 
 11/25  08:00:00,54684566.9877508 
 11/25  09:00:00,53568051.87409313 
 11/25  10:00:00,51652294.939890176 
 11/25  11:00:00,48652106.45408768 
 11/25  12:00:00,45331527.46468333 
 11/25  13:00:00,42074217.14852039 
 11/25  14:00:00,39546400.85512054 
 11/25  15:00:00,38135470.81751168 
 11/25  16:00:00,37195536.72027287 
 11/25  17:00:00,36355425.821964465 
 11/25  18:00:00,35976424.9999933 
 11/25  19:00:00,35780239.10564245 
 11/25  20:00:00,35657125.27806831 
 11/25  21:00:00,35736777.089511335 
 11/25  22:00:00,35710900.39659882 
 11/25  23:00:00,35267974.76534716 
 11/25  24:00:00,34736851.1367381 
 11/26  01:00:00,34326120.28374652 
 11/26  02:00:00,34205720.431535 
 11/26  03:00:00,34089643.231608294 
 11/26  04:00:00,33716472.02419059 
 11/26  05:00:00,33486876.204160053 
 11/26  06:00:00,33402639.169096168 
 11/26  07:00:00,33333176.039884143 
 11/26  08:00:00,33271757.593188465 
 11/26  09:00:00,33224218.249960084 
 11/26  10:00:00,32882504.923703983 
 11/26  11:00:00,32429252.10955196 
 11/26  12:00:00,31636075.524684895 
 11/26  13:00:00,30885891.559189707 
 11/26  14:00:00,30340347.569502138 
 11/26  15:00:00,29671443.756152213 
 11/26  16:00:00,29299850.020704664 
 11/26  17:00:00,29331287.216624737 
 11/26  18:00:00,29524464.120622084 
 11/26  19:00:00,29742766.046355125 
 11/26  20:00:00,29838983.521253448 
 11/26  21:00:00,29808647.147204716 
 11/26  22:00:00,29640544.876350988 
 11/26  23:00:00,29769690.48923765 
 11/26  24:00:00,30008038.229930155 
 11/27  01:00:00,29997392.353623565 
 11/27  02:00:00,30129077.366311856 
 11/27  03:00:00,30260872.70315771 
 11/27  04:00:00,30118400.64746082 
 11/27  05:00:00,30858656.200679015 
 11/27  06:00:00,30654403.843772 
 11/27  07:00:00,29736837.171683256 
 11/27  08:00:00,29708121.944185335 
 11/27  09:00:00,29831107.670230944 
 11/27  10:00:00,30256638.6008296 
 11/27  11:00:00,30088457.052038692 
 11/27  12:00:00,29113722.522706155 
 11/27  13:00:00,28124323.31190531 
 11/27  14:00:00,27863195.00888087 
 11/27  15:00:00,27848203.47290069 
 11/27  16:00:00,27977656.176488478 
 11/27  17:00:00,29492901.323917404 
 11/27  18:00:00,30538330.12949893 
 11/27  19:00:00,30395438.90264603 
 11/27  20:00:00,29892351.865713183 
 11/27  21:00:00,28866651.945226237 
 11/27  22:00:00,28093837.41500164 
 11/27  23:00:00,29050261.986531105 
 11/27  24:00:00,29948128.11048707 
 11/28  01:00:00,29243641.662934404 
 11/28  02:00:00,28257890.26948739 
 11/28  03:00:00,27217495.849143513 
 11/28  04:00:00,26475842.755913407 
 11/28  05:00:00,26105819.007129848 
 11/28  06:00:00,26021381.72024709 
 11/28  07:00:00,25937709.332761776 
 11/28  08:00:00,25596878.590594865 
 11/28  09:00:00,25093757.584794372 
 11/28  10:00:00,24311925.587980274 
 11/28  11:00:00,23531311.8182851 
 11/28  12:00:00,23030842.05044764 
 11/28  13:00:00,22350354.657431446 
 11/28  14:00:00,21724367.892248016 
 11/28  15:00:00,21035350.49433047 
 11/28  16:00:00,21294739.681137756 
 11/28  17:00:00,23202073.513162516 
 11/28  18:00:00,24851749.934223913 
 11/28  19:00:00,25318844.126220655 
 11/28  20:00:00,25354966.294449367 
 11/28  21:00:00,24985056.477783613 
 11/28  22:00:00,24491649.673501555 
 11/28  23:00:00,23639541.18249345 
 11/28  24:00:00,22811832.24316083 
 11/29  01:00:00,22898463.317189965 
 11/29  02:00:00,23548490.08641072 
 11/29  03:00:00,24224777.421182353 
 11/29  04:00:00,25302708.994877018 
 11/29  05:00:00,26503550.421570834 
 11/29  06:00:00,27632492.182662483 
 11/29  07:00:00,28770268.146659043 
 11/29  08:00:00,29359822.40883923 
 11/29  09:00:00,29853221.04543728 
 11/29  10:00:00,29827948.059817564 
 11/29  11:00:00,28518458.227630876 
 11/29  12:00:00,26707217.31979884 
 11/29  13:00:00,24663233.98871489 
 11/29  14:00:00,22709759.202290624 
 11/29  15:00:00,21365079.881661154 
 11/29  16:00:00,20908363.72260143 
 11/29  17:00:00,23896829.78937328 
 11/29  18:00:00,28937658.564707253 
 11/29  19:00:00,31978643.101245187 
 11/29  20:00:00,34155889.20551295 
 11/29  21:00:00,36792475.68612549 
 11/29  22:00:00,39749675.69758842 
 11/29  23:00:00,40705880.63327594 
 11/29  24:00:00,39714469.10689752 
 11/30  01:00:00,38617420.2635189 
 11/30  02:00:00,39889572.39994645 
 11/30  03:00:00,41644601.62849554 
 11/30  04:00:00,41385810.770537525 
 11/30  05:00:00,40360798.90141586 
 11/30  06:00:00,38834966.690084964 
 11/30  07:00:00,37404055.17377422 
 11/30  08:00:00,35889846.786702156 
 11/30  09:00:00,34363575.65780406 
 11/30  10:00:00,33075025.659133848 
 11/30  11:00:00,32291045.643516403 
 11/30  12:00:00,30663506.43758176 
 11/30  13:00:00,28150305.97097115 
 11/30  14:00:00,25927174.302468903 
 11/30  15:00:00,24423859.897750814 
 11/30  16:00:00,24297508.70929929 
 11/30  17:00:00,25153800.782751225 
 11/30  18:00:00,25939148.243711744 
 11/30  19:00:00,26109371.78324641 
 11/30  20:00:00,26373862.80414017 
 11/30  21:00:00,26665272.490545742 
 11/30  22:00:00,26649294.557366505 
 11/30  23:00:00,26559029.91621221 
 11/30  24:00:00,26467323.184224814 
 12/01  01:00:00,27010506.1860572 
 12/01  02:00:00,28425019.882627457 
 12/01  03:00:00,30201702.265484113 
 12/01  04:00:00,31763137.37559536 
 12/01  05:00:00,33086458.25043065 
 12/01  06:00:00,34123906.586945005 
 12/01  07:00:00,34928511.62440031 
 12/01  08:00:00,35582040.771845035 
 12/01  09:00:00,35918902.32770864 
 12/01  10:00:00,35907236.29321593 
 12/01  11:00:00,35859843.756902285 
 12/01  12:00:00,35812439.11907281 
 12/01  13:00:00,36051812.33459822 
 12/01  14:00:00,36519941.78398315 
 12/01  15:00:00,36723761.66045374 
 12/01  16:00:00,37097067.174984686 
 12/01  17:00:00,37639745.79843476 
 12/01  18:00:00,38012198.382702544 
 12/01  19:00:00,38491771.14326523 
 12/01  20:00:00,38981400.96013421 
 12/01  21:00:00,39349125.584833376 
 12/01  22:00:00,39778104.03117478 
 12/01  23:00:00,40048089.219817415 
 12/01  24:00:00,39950075.9805483 
 12/02  01:00:00,39978464.35788507 
 12/02  02:00:00,40011558.90224351 
 12/02  03:00:00,40047337.34193944 
 12/02  04:00:00,40210157.59551235 
 12/02  05:00:00,40092374.47422362 
 12/02  06:00:00,39965044.59464292 
 12/02  07:00:00,39667202.67429179 
 12/02  08:00:00,38934985.74872768 
 12/02  09:00:00,37748050.84030446 
 12/02  10:00:00,36541618.3917163 
 12/02  11:00:00,35596909.68014905 
 12/02  12:00:00,35563439.55659114 
 12/02  13:00:00,35892529.71250248 
 12/02  14:00:00,35827645.61918717 
 12/02  15:00:00,35465864.12429567 
 12/02  16:00:00,35155448.58197645 
 12/02  17:00:00,35410439.06785546 
 12/02  18:00:00,35798968.312255815 
 12/02  19:00:00,36235899.77526097 
 12/02  20:00:00,36831330.450913996 
 12/02  21:00:00,37602533.89921438 
 12/02  22:00:00,38384171.42269147 
 12/02  23:00:00,39094896.54668943 
 12/02  24:00:00,39635303.34144273 
 12/03  01:00:00,40152404.273584165 
 12/03  02:00:00,41175796.228439786 
 12/03  03:00:00,42502747.901592836 
 12/03  04:00:00,43864452.770888485 
 12/03  05:00:00,45030017.50385831 
 12/03  06:00:00,46216170.50013013 
 12/03  07:00:00,47064078.87787088 
 12/03  08:00:00,47665280.46888556 
 12/03  09:00:00,48188348.85400737 
 12/03  10:00:00,47753677.28370573 
 12/03  11:00:00,46399509.24314668 
 12/03  12:00:00,44112314.34872918 
 12/03  13:00:00,41023244.36121101 
 12/03  14:00:00,38355699.677213885 
 12/03  15:00:00,36736191.209424585 
 12/03  16:00:00,35983333.880748495 
 12/03  17:00:00,35957800.43586858 
 12/03  18:00:00,36287040.26111142 
 12/03  19:00:00,36525765.456875585 
 12/03  20:00:00,36975057.63408548 
 12/03  21:00:00,37932913.23079589 
 12/03  22:00:00,38806085.33277632 
 12/03  23:00:00,39547236.09829563 
 12/03  24:00:00,40154511.35484947 
 12/04  01:00:00,40988766.66885468 
 12/04  02:00:00,42073265.08596067 
 12/04  03:00:00,43059403.5270693 
 12/04  04:00:00,43596768.61950072 
 12/04  05:00:00,44001273.522763774 
 12/04  06:00:00,44256676.24062083 
 12/04  07:00:00,44738886.65431439 
 12/04  08:00:00,45384723.72496539 
 12/04  09:00:00,45941845.32657171 
 12/04  10:00:00,46581575.601605795 
 12/04  11:00:00,47235362.642099135 
 12/04  12:00:00,47908328.46064137 
 12/04  13:00:00,48265659.481110565 
 12/04  14:00:00,48350475.22209214 
 12/04  15:00:00,48421716.76700958 
 12/04  16:00:00,48632463.57653005 
 12/04  17:00:00,48838788.889259696 
 12/04  18:00:00,48903486.86254107 
 12/04  19:00:00,48949150.756037705 
 12/04  20:00:00,48835123.69859526 
 12/04  21:00:00,48578004.18189596 
 12/04  22:00:00,48314302.814118326 
 12/04  23:00:00,48485638.53158271 
 12/04  24:00:00,48919647.5394199 
 12/05  01:00:00,48939073.0475685 
 12/05  02:00:00,48957331.2111302 
 12/05  03:00:00,49262052.283019185 
 12/05  04:00:00,49435024.561033085 
 12/05  05:00:00,49466447.41845372 
 12/05  06:00:00,49643637.99840927 
 12/05  07:00:00,49350084.7438156 
 12/05  08:00:00,48797546.20911902 
 12/05  09:00:00,49233392.80030196 
 12/05  10:00:00,50190297.53446263 
 12/05  11:00:00,49414033.40935053 
 12/05  12:00:00,46452823.159128465 
 12/05  13:00:00,43918789.63758588 
 12/05  14:00:00,42875429.85790363 
 12/05  15:00:00,41887592.05858563 
 12/05  16:00:00,40881716.8418742 
 12/05  17:00:00,41807605.32269571 
 12/05  18:00:00,44486719.972214036 
 12/05  19:00:00,47477950.96488361 
 12/05  20:00:00,49795303.68423965 
 12/05  21:00:00,51203129.595572546 
 12/05  22:00:00,52184608.84946557 
 12/05  23:00:00,53474274.159128144 
 12/05  24:00:00,54882093.611667395 
 12/06  01:00:00,56331834.25374019 
 12/06  02:00:00,58074822.582084805 
 12/06  03:00:00,59371751.352427654 
 12/06  04:00:00,60565669.79143009 
 12/06  05:00:00,62031773.365269065 
 12/06  06:00:00,63818878.77721762 
 12/06  07:00:00,65445638.39279727 
 12/06  08:00:00,66654333.93949576 
 12/06  09:00:00,67355676.73699637 
 12/06  10:00:00,66508863.592347205 
 12/06  11:00:00,63123791.51102452 
 12/06  12:00:00,58354980.289967634 
 12/06  13:00:00,53913381.98662129 
 12/06  14:00:00,50407371.742554426 
 12/06  15:00:00,47886899.07454068 
 12/06  16:00:00,46675842.83658129 
 12/06  17:00:00,49619242.485497326 
 12/06  18:00:00,53277195.658422194 
 12/06  19:00:00,55045010.08118415 
 12/06  20:00:00,56621069.32131038 
 12/06  21:00:00,57716670.008232884 
 12/06  22:00:00,57449345.395053804 
 12/06  23:00:00,55098138.19951509 
 12/06  24:00:00,52413273.27440837 
 12/07  01:00:00,49825990.41296482 
 12/07  02:00:00,47232982.975049995 
 12/07  03:00:00,45484858.89509049 
 12/07  04:00:00,43489348.77981599 
 12/07  05:00:00,41125651.56590362 
 12/07  06:00:00,38856030.525114074 
 12/07  07:00:00,36763256.062211104 
 12/07  08:00:00,35386674.26036162 
 12/07  09:00:00,34284348.51383039 
 12/07  10:00:00,32633985.30548983 
 12/07  11:00:00,30764163.40969701 
 12/07  12:00:00,29674736.053346872 
 12/07  13:00:00,28995012.031543907 
 12/07  14:00:00,29295481.195246477 
 12/07  15:00:00,31190649.40584182 
 12/07  16:00:00,33928991.61090215 
 12/07  17:00:00,37231516.98132743 
 12/07  18:00:00,40716536.320943184 
 12/07  19:00:00,44204127.039109565 
 12/07  20:00:00,47628303.87100821 
 12/07  21:00:00,49899855.7043089 
 12/07  22:00:00,51227704.13393085 
 12/07  23:00:00,52403026.06878737 
 12/07  24:00:00,53063506.21199386 
 12/08  01:00:00,53373689.532144025 
 12/08  02:00:00,53802716.97760524 
 12/08  03:00:00,54312035.6891578 
 12/08  04:00:00,54226821.77956028 
 12/08  05:00:00,52678360.73661517 
 12/08  06:00:00,51042455.31252081 
 12/08  07:00:00,50714167.390581265 
 12/08  08:00:00,50957584.16544264 
 12/08  09:00:00,51639740.84896882 
 12/08  10:00:00,52006292.01968815 
 12/08  11:00:00,50450926.409604676 
 12/08  12:00:00,47625103.38302021 
 12/08  13:00:00,44947761.72266974 
 12/08  14:00:00,43239123.457458384 
 12/08  15:00:00,42375404.88698962 
 12/08  16:00:00,42362549.99365877 
 12/08  17:00:00,44023954.530733116 
 12/08  18:00:00,46187160.28804137 
 12/08  19:00:00,47664694.128949314 
 12/08  20:00:00,48767520.75247321 
 12/08  21:00:00,49614130.32884954 
 12/08  22:00:00,50644248.63665784 
 12/08  23:00:00,51964857.571864426 
 12/08  24:00:00,53310873.958752014 
 12/09  01:00:00,54527164.58171877 
 12/09  02:00:00,55777612.632570036 
 12/09  03:00:00,56602366.13879327 
 12/09  04:00:00,57940427.42264211 
 12/09  05:00:00,59805782.01063532 
 12/09  06:00:00,61071194.00060467 
 12/09  07:00:00,61968178.73969495 
 12/09  08:00:00,62749703.05580549 
 12/09  09:00:00,63041561.56863666 
 12/09  10:00:00,62980406.48597623 
 12/09  11:00:00,60204745.038238324 
 12/09  12:00:00,55480465.9447119 
 12/09  13:00:00,50777713.56712893 
 12/09  14:00:00,46463086.9180659 
 12/09  15:00:00,43244933.11253495 
 12/09  16:00:00,40579983.01579523 
 12/09  17:00:00,38199363.54411687 
 12/09  18:00:00,35794534.8233473 
 12/09  19:00:00,33406380.32272866 
 12/09  20:00:00,31611233.451036833 
 12/09  21:00:00,29938845.749205194 
 12/09  22:00:00,27907045.378365993 
 12/09  23:00:00,26064420.644188385 
 12/09  24:00:00,24501435.619779527 
 12/10  01:00:00,23410837.6153309 
 12/10  02:00:00,22742749.275596194 
 12/10  03:00:00,22924811.776564598 
 12/10  04:00:00,25740185.406964738 
 12/10  05:00:00,29039843.119474247 
 12/10  06:00:00,31543791.744760018 
 12/10  07:00:00,34440304.9491043 
 12/10  08:00:00,37028407.34300336 
 12/10  09:00:00,39018199.191460654 
 12/10  10:00:00,40543457.984534584 
 12/10  11:00:00,40280794.88867169 
 12/10  12:00:00,38304851.61399637 
 12/10  13:00:00,36549920.08350933 
 12/10  14:00:00,35652292.34862625 
 12/10  15:00:00,35385484.625228055 
 12/10  16:00:00,35952862.83070679 
 12/10  17:00:00,37504635.95059926 
 12/10  18:00:00,39687388.77981579 
 12/10  19:00:00,41744880.4858415 
 12/10  20:00:00,42749021.241337255 
 12/10  21:00:00,42973681.622655086 
 12/10  22:00:00,42742532.87559469 
 12/10  23:00:00,42224240.15771381 
 12/10  24:00:00,41969890.251637906 
 12/11  01:00:00,41947543.90981399 
 12/11  02:00:00,42162153.23856046 
 12/11  03:00:00,42401576.88420083 
 12/11  04:00:00,42144627.42882787 
 12/11  05:00:00,41560626.831265256 
 12/11  06:00:00,41589791.195370845 
 12/11  07:00:00,41510356.17886954 
 12/11  08:00:00,40853071.469384976 
 12/11  09:00:00,40374243.38595107 
 12/11  10:00:00,40338459.69979385 
 12/11  11:00:00,39522376.27324817 
 12/11  12:00:00,38504181.44537936 
 12/11  13:00:00,38217351.49832282 
 12/11  14:00:00,36813066.64750703 
 12/11  15:00:00,35763922.11676984 
 12/11  16:00:00,36153046.89592837 
 12/11  17:00:00,36577293.335156776 
 12/11  18:00:00,36617993.68180388 
 12/11  19:00:00,36620038.24888989 
 12/11  20:00:00,35901879.68264591 
 12/11  21:00:00,34232219.336052276 
 12/11  22:00:00,33140694.86669083 
 12/11  23:00:00,32234750.757487305 
 12/11  24:00:00,31395764.55910136 
 12/12  01:00:00,31056656.790451564 
 12/12  02:00:00,31147529.456262846 
 12/12  03:00:00,31244923.488855578 
 12/12  04:00:00,30801036.460100226 
 12/12  05:00:00,29373154.45107459 
 12/12  06:00:00,27995491.19377827 
 12/12  07:00:00,27711425.260244343 
 12/12  08:00:00,28867750.02307774 
 12/12  09:00:00,30318622.44689038 
 12/12  10:00:00,30883706.4974813 
 12/12  11:00:00,30636663.385003597 
 12/12  12:00:00,30728841.014363743 
 12/12  13:00:00,31471009.763157323 
 12/12  14:00:00,32703630.926713467 
 12/12  15:00:00,34365654.237125754 
 12/12  16:00:00,36421513.95870384 
 12/12  17:00:00,38780628.77666238 
 12/12  18:00:00,40762924.48073073 
 12/12  19:00:00,42685656.0731892 
 12/12  20:00:00,44452964.47516718 
 12/12  21:00:00,45808678.70267081 
 12/12  22:00:00,47481590.8028306 
 12/12  23:00:00,49261957.616035305 
 12/12  24:00:00,50467672.11768017 
 12/13  01:00:00,51377465.00454569 
 12/13  02:00:00,52087830.2116235 
 12/13  03:00:00,52695601.23574731 
 12/13  04:00:00,53976771.91058283 
 12/13  05:00:00,55685443.36452088 
 12/13  06:00:00,57860963.80834672 
 12/13  07:00:00,59559643.56449586 
 12/13  08:00:00,60467602.947547466 
 12/13  09:00:00,61410282.95676412 
 12/13  10:00:00,61982354.43619601 
 12/13  11:00:00,60500848.71974082 
 12/13  12:00:00,56423727.415909104 
 12/13  13:00:00,51894500.86201909 
 12/13  14:00:00,48110434.674777254 
 12/13  15:00:00,45724816.465881675 
 12/13  16:00:00,45149191.24804242 
 12/13  17:00:00,48322463.06977107 
 12/13  18:00:00,53535156.45802294 
 12/13  19:00:00,57257913.22725069 
 12/13  20:00:00,59538179.42447484 
 12/13  21:00:00,61298975.443749525 
 12/13  22:00:00,62256478.19826467 
 12/13  23:00:00,63335316.65191463 
 12/13  24:00:00,64653574.04541296 
 12/14  01:00:00,65393768.643404394 
 12/14  02:00:00,65553848.140756056 
 12/14  03:00:00,65092484.504866324 
 12/14  04:00:00,64326982.39472811 
 12/14  05:00:00,63824321.44164317 
 12/14  06:00:00,63140790.17381494 
 12/14  07:00:00,61982668.445257604 
 12/14  08:00:00,60747860.36773255 
 12/14  09:00:00,59089649.44926064 
 12/14  10:00:00,55688847.94132862 
 12/14  11:00:00,50607735.183664925 
 12/14  12:00:00,44778560.60191038 
 12/14  13:00:00,39581209.12770086 
 12/14  14:00:00,36307059.191015474 
 12/14  15:00:00,34433555.49959403 
 12/14  16:00:00,33721730.910636015 
 12/14  17:00:00,34476861.91952612 
 12/14  18:00:00,34396615.29289345 
 12/14  19:00:00,33066830.30049554 
 12/14  20:00:00,32529457.229124885 
 12/14  21:00:00,32098914.07081088 
 12/14  22:00:00,31389389.360056985 
 12/14  23:00:00,30419421.781709656 
 12/14  24:00:00,29517793.92177762 
 12/15  01:00:00,29316665.30349339 
 12/15  02:00:00,30163707.08997863 
 12/15  03:00:00,31775276.121210262 
 12/15  04:00:00,33481645.823647387 
 12/15  05:00:00,34824128.26530649 
 12/15  06:00:00,36546712.72455681 
 12/15  07:00:00,39352872.700124465 
 12/15  08:00:00,42404518.97154784 
 12/15  09:00:00,44610702.611871764 
 12/15  10:00:00,45556909.00437068 
 12/15  11:00:00,44418788.81045197 
 12/15  12:00:00,41130070.799425736 
 12/15  13:00:00,37881281.650369585 
 12/15  14:00:00,35710844.20714379 
 12/15  15:00:00,34556071.21175395 
 12/15  16:00:00,34755282.49825775 
 12/15  17:00:00,36511203.59168672 
 12/15  18:00:00,38061637.052912585 
 12/15  19:00:00,38429558.87942316 
 12/15  20:00:00,38785347.73490757 
 12/15  21:00:00,39436423.23618742 
 12/15  22:00:00,41591036.42342882 
 12/15  23:00:00,44615917.58129903 
 12/15  24:00:00,47391756.20512793 
 12/16  01:00:00,49838682.598734975 
 12/16  02:00:00,51980050.77625075 
 12/16  03:00:00,54048039.55953829 
 12/16  04:00:00,55747285.253043875 
 12/16  05:00:00,56636604.776461884 
 12/16  06:00:00,56972646.61027815 
 12/16  07:00:00,57313813.39919941 
 12/16  08:00:00,57133848.36927616 
 12/16  09:00:00,57049156.71463735 
 12/16  10:00:00,56879881.18022978 
 12/16  11:00:00,54706679.18695289 
 12/16  12:00:00,50698926.62939422 
 12/16  13:00:00,45824785.15413283 
 12/16  14:00:00,41152187.84357836 
 12/16  15:00:00,38753567.21115004 
 12/16  16:00:00,38856320.70449513 
 12/16  17:00:00,40944442.48731536 
 12/16  18:00:00,43406506.34710774 
 12/16  19:00:00,44582281.45448977 
 12/16  20:00:00,44675546.97100179 
 12/16  21:00:00,44504869.958732866 
 12/16  22:00:00,43841120.90927597 
 12/16  23:00:00,42465651.9076145 
 12/16  24:00:00,40747433.02259462 
 12/17  01:00:00,38835730.0973516 
 12/17  02:00:00,36404536.141948156 
 12/17  03:00:00,33394101.440592363 
 12/17  04:00:00,30514483.537338346 
 12/17  05:00:00,28174759.037614282 
 12/17  06:00:00,26401922.37326049 
 12/17  07:00:00,25335276.550214455 
 12/17  08:00:00,24557574.328493167 
 12/17  09:00:00,23852715.549139388 
 12/17  10:00:00,23143926.616768178 
 12/17  11:00:00,22489098.23287041 
 12/17  12:00:00,21403388.05540951 
 12/17  13:00:00,19661898.577263307 
 12/17  14:00:00,18409315.554480925 
 12/17  15:00:00,17898622.064022522 
 12/17  16:00:00,18033962.821004376 
 12/17  17:00:00,18654797.085830726 
 12/17  18:00:00,19197696.589840483 
 12/17  19:00:00,19657438.069641497 
 12/17  20:00:00,20004772.92229656 
 12/17  21:00:00,20113640.601398483 
 12/17  22:00:00,19963652.330216244 
 12/17  23:00:00,19678007.908279136 
 12/17  24:00:00,19381639.5097171 
 12/18  01:00:00,19079405.450419992 
 12/18  02:00:00,18770368.14749989 
 12/18  03:00:00,18593706.657523658 
 12/18  04:00:00,18414852.20105543 
 12/18  05:00:00,18102456.430401795 
 12/18  06:00:00,17920436.39043026 
 12/18  07:00:00,17875964.266949568 
 12/18  08:00:00,17837380.871716592 
 12/18  09:00:00,17669193.70056783 
 12/18  10:00:00,17219978.921486467 
 12/18  11:00:00,16637545.988185521 
 12/18  12:00:00,16192517.42346284 
 12/18  13:00:00,16131508.133616991 
 12/18  14:00:00,15918416.476751788 
 12/18  15:00:00,15749554.536697458 
 12/18  16:00:00,15820756.365408177 
 12/18  17:00:00,15776210.142588982 
 12/18  18:00:00,15874474.303288516 
 12/18  19:00:00,16115196.7753016 
 12/18  20:00:00,16103197.388026789 
 12/18  21:00:00,16106658.76931178 
 12/18  22:00:00,16520506.109997235 
 12/18  23:00:00,16921016.267907176 
 12/18  24:00:00,16939377.207050517 
 12/19  01:00:00,16829644.138661396 
 12/19  02:00:00,16972221.49144094 
 12/19  03:00:00,17112980.820197094 
 12/19  04:00:00,17265358.335390672 
 12/19  05:00:00,17545323.788754966 
 12/19  06:00:00,18129854.956529573 
 12/19  07:00:00,18703864.089856897 
 12/19  08:00:00,19651024.63014414 
 12/19  09:00:00,21909807.76821327 
 12/19  10:00:00,25126027.907453045 
 12/19  11:00:00,27689233.780786846 
 12/19  12:00:00,29088171.972674225 
 12/19  13:00:00,29896094.484587155 
 12/19  14:00:00,30200281.824295275 
 12/19  15:00:00,30527630.180020317 
 12/19  16:00:00,31535555.710116655 
 12/19  17:00:00,33355326.981215756 
 12/19  18:00:00,35299858.5179641 
 12/19  19:00:00,37024518.06470803 
 12/19  20:00:00,38616654.55118679 
 12/19  21:00:00,40082938.3336318 
 12/19  22:00:00,41543269.35764494 
 12/19  23:00:00,42524971.53458702 
 12/19  24:00:00,43117970.81057294 
 12/20  01:00:00,43515013.810310766 
 12/20  02:00:00,43885561.66941972 
 12/20  03:00:00,44216495.690038696 
 12/20  04:00:00,44083585.71545963 
 12/20  05:00:00,43371052.775079556 
 12/20  06:00:00,42405725.36909933 
 12/20  07:00:00,41482795.143026486 
 12/20  08:00:00,41211926.68709305 
 12/20  09:00:00,40568568.70831557 
 12/20  10:00:00,39181063.055886984 
 12/20  11:00:00,38465597.06997913 
 12/20  12:00:00,36832959.22620067 
 12/20  13:00:00,34750436.68549105 
 12/20  14:00:00,33475537.212170828 
 12/20  15:00:00,33030430.55955999 
 12/20  16:00:00,33152360.14852859 
 12/20  17:00:00,33789532.220466964 
 12/20  18:00:00,35071673.26466078 
 12/20  19:00:00,36844458.18711238 
 12/20  20:00:00,38221592.67544086 
 12/20  21:00:00,39265443.71320795 
 12/20  22:00:00,40929330.72567296 
 12/20  23:00:00,41961950.70646657 
 12/20  24:00:00,42831420.7041737 
 12/21  01:00:00,44216684.41883858 
 12/21  02:00:00,45073570.94250263 
 12/21  03:00:00,45853142.68073586 
 12/21  04:00:00,45434430.7108614 
 12/21  05:00:00,43508667.16418042 
 12/21  06:00:00,41247957.159029424 
 12/21  07:00:00,39131172.003159456 
 12/21  08:00:00,37670532.39379868 
 12/21  09:00:00,37070523.11875911 
 12/21  10:00:00,36572492.42466716 
 12/21  11:00:00,35532302.69788213 
 12/21  12:00:00,33930173.314122625 
 12/21  13:00:00,32519530.82367568 
 12/21  14:00:00,31284931.193200126 
 12/21  15:00:00,30019430.5965465 
 12/21  16:00:00,29078053.557065085 
 12/21  17:00:00,28273057.08884546 
 12/21  18:00:00,27476500.91680612 
 12/21  19:00:00,27135082.880537156 
 12/21  20:00:00,26607150.26328969 
 12/21  21:00:00,25142835.781202987 
 12/21  22:00:00,23835209.652361386 
 12/21  23:00:00,23050860.386834055 
 12/21  24:00:00,22440519.16096587 
 12/22  01:00:00,21960501.868923455 
 12/22  02:00:00,21343348.97747911 
 12/22  03:00:00,20610568.176455088 
 12/22  04:00:00,20034849.23186002 
 12/22  05:00:00,19436876.0607648 
 12/22  06:00:00,18727897.95965706 
 12/22  07:00:00,18190232.106530193 
 12/22  08:00:00,17478310.4650795 
 12/22  09:00:00,16971681.49755577 
 12/22  10:00:00,16986382.772531744 
 12/22  11:00:00,17298970.639845606 
 12/22  12:00:00,17354556.291212257 
 12/22  13:00:00,17171218.808168534 
 12/22  14:00:00,17246914.963923175 
 12/22  15:00:00,17467105.084448013 
 12/22  16:00:00,17578803.633743234 
 12/22  17:00:00,17714057.50373648 
 12/22  18:00:00,18146110.46977557 
 12/22  19:00:00,18724643.94308397 
 12/22  20:00:00,19606910.345316973 
 12/22  21:00:00,20330443.469558924 
 12/22  22:00:00,20558278.3888467 
 12/22  23:00:00,20633485.01362571 
 12/22  24:00:00,20831064.180490144 
 12/23  01:00:00,20887578.447850537 
 12/23  02:00:00,20954939.887438547 
 12/23  03:00:00,21145728.52764287 
 12/23  04:00:00,21498849.672799505 
 12/23  05:00:00,22096788.05566681 
 12/23  06:00:00,22701248.09993836 
 12/23  07:00:00,22735186.616766136 
 12/23  08:00:00,22242128.526841022 
 12/23  09:00:00,22009677.750778534 
 12/23  10:00:00,21881628.29656433 
 12/23  11:00:00,21469809.395986103 
 12/23  12:00:00,20489827.005776614 
 12/23  13:00:00,19495249.971348617 
 12/23  14:00:00,19060852.919124268 
 12/23  15:00:00,19038645.35216759 
 12/23  16:00:00,19319416.731568553 
 12/23  17:00:00,20037828.530733578 
 12/23  18:00:00,20841980.720876496 
 12/23  19:00:00,21578948.985090695 
 12/23  20:00:00,22471281.266375493 
 12/23  21:00:00,23243281.589120287 
 12/23  22:00:00,23599993.62850712 
 12/23  23:00:00,23695777.380155943 
 12/23  24:00:00,23628323.829194997 
 12/24  01:00:00,23394226.63007597 
 12/24  02:00:00,22983617.497239705 
 12/24  03:00:00,22423901.41144945 
 12/24  04:00:00,22135797.589143194 
 12/24  05:00:00,21803879.095267512 
 12/24  06:00:00,21497537.583558295 
 12/24  07:00:00,21146337.6401364 
 12/24  08:00:00,21475544.625480477 
 12/24  09:00:00,23385361.775031008 
 12/24  10:00:00,26749457.407075446 
 12/24  11:00:00,29832871.52693227 
 12/24  12:00:00,31390271.23051225 
 12/24  13:00:00,32219673.191418286 
 12/24  14:00:00,32623186.5946301 
 12/24  15:00:00,33206392.61802912 
 12/24  16:00:00,34170773.16984053 
 12/24  17:00:00,36630149.63435851 
 12/24  18:00:00,40249648.29570937 
 12/24  19:00:00,42852536.49260344 
 12/24  20:00:00,43906863.01105224 
 12/24  21:00:00,44420477.547973156 
 12/24  22:00:00,45423800.27376067 
 12/24  23:00:00,46374058.52820231 
 12/24  24:00:00,46591120.09546208 
 12/25  01:00:00,46273466.44563248 
 12/25  02:00:00,46098908.19109973 
 12/25  03:00:00,46492357.253556445 
 12/25  04:00:00,47163858.4036185 
 12/25  05:00:00,47897069.23590332 
 12/25  06:00:00,48164864.613395065 
 12/25  07:00:00,48713278.024330154 
 12/25  08:00:00,49918620.90244308 
 12/25  09:00:00,50890332.92518347 
 12/25  10:00:00,51310608.29473882 
 12/25  11:00:00,49581551.9219342 
 12/25  12:00:00,46012244.17376227 
 12/25  13:00:00,42646301.83799119 
 12/25  14:00:00,40360814.179161355 
 12/25  15:00:00,39156823.66463621 
 12/25  16:00:00,39010119.269576885 
 12/25  17:00:00,40598030.851234846 
 12/25  18:00:00,43914785.389868766 
 12/25  19:00:00,46692351.3020252 
 12/25  20:00:00,48376029.984634556 
 12/25  21:00:00,50392915.143458694 
 12/25  22:00:00,52400752.51459624 
 12/25  23:00:00,53325091.33570416 
 12/25  24:00:00,54228647.75855811 
 12/26  01:00:00,55495989.155608736 
 12/26  02:00:00,56928238.57005979 
 12/26  03:00:00,58653967.93175573 
 12/26  04:00:00,59203707.91234447 
 12/26  05:00:00,59634037.96988523 
 12/26  06:00:00,60974807.23360087 
 12/26  07:00:00,61681751.46120456 
 12/26  08:00:00,61832213.44286969 
 12/26  09:00:00,61955911.23011523 
 12/26  10:00:00,61735335.4535684 
 12/26  11:00:00,61035402.78346026 
 12/26  12:00:00,59193360.370788224 
 12/26  13:00:00,56081989.7360824 
 12/26  14:00:00,53236446.97200097 
 12/26  15:00:00,50881623.28120436 
 12/26  16:00:00,49122766.314742126 
 12/26  17:00:00,48220567.17619307 
 12/26  18:00:00,47599107.08199682 
 12/26  19:00:00,46677117.921218276 
 12/26  20:00:00,44878739.120591685 
 12/26  21:00:00,42202950.49088972 
 12/26  22:00:00,39532688.75396251 
 12/26  23:00:00,35899110.85234994 
 12/26  24:00:00,33013494.84250394 
 12/27  01:00:00,32586299.775314495 
 12/27  02:00:00,37126406.88358622 
 12/27  03:00:00,45713452.13816141 
 12/27  04:00:00,49937376.96120834 
 12/27  05:00:00,49301582.30891875 
 12/27  06:00:00,48639662.27086497 
 12/27  07:00:00,48436585.98053358 
 12/27  08:00:00,48841928.32149804 
 12/27  09:00:00,49931879.26433484 
 12/27  10:00:00,50843648.48895505 
 12/27  11:00:00,51160783.214681804 
 12/27  12:00:00,50135283.57274493 
 12/27  13:00:00,48641087.45250362 
 12/27  14:00:00,47292391.81776385 
 12/27  15:00:00,46499033.13676099 
 12/27  16:00:00,46976714.58916751 
 12/27  17:00:00,48769853.90060855 
 12/27  18:00:00,50609264.64056529 
 12/27  19:00:00,51910037.61402795 
 12/27  20:00:00,53318762.20044235 
 12/27  21:00:00,54496713.34403054 
 12/27  22:00:00,54850296.728305586 
 12/27  23:00:00,55796199.76908904 
 12/27  24:00:00,56373886.7405137 
 12/28  01:00:00,56666467.44629904 
 12/28  02:00:00,57710067.103503674 
 12/28  03:00:00,57892623.35032644 
 12/28  04:00:00,57889334.77268049 
 12/28  05:00:00,58193489.734864146 
 12/28  06:00:00,58135065.02452726 
 12/28  07:00:00,58317232.77592682 
 12/28  08:00:00,58560815.9824192 
 12/28  09:00:00,59193638.1915095 
 12/28  10:00:00,59991748.108950295 
 12/28  11:00:00,58701625.3404779 
 12/28  12:00:00,55795280.93465934 
 12/28  13:00:00,52595246.78980313 
 12/28  14:00:00,50004313.20614721 
 12/28  15:00:00,48639511.13934003 
 12/28  16:00:00,48589377.08651895 
 12/28  17:00:00,51123524.66057983 
 12/28  18:00:00,55010896.52916673 
 12/28  19:00:00,57877219.600165434 
 12/28  20:00:00,60339046.20434931 
 12/28  21:00:00,62672829.34186603 
 12/28  22:00:00,64943030.912015975 
 12/28  23:00:00,67215649.67933737 
 12/28  24:00:00,68244572.47601292 
 12/29  01:00:00,68404782.60021892 
 12/29  02:00:00,68993087.05060388 
 12/29  03:00:00,69337828.15438573 
 12/29  04:00:00,69725758.13114035 
 12/29  05:00:00,69854533.78805089 
 12/29  06:00:00,69371013.47741579 
 12/29  07:00:00,68892302.49110737 
 12/29  08:00:00,68855300.21476017 
 12/29  09:00:00,68590569.6034672 
 12/29  10:00:00,67777665.81402928 
 12/29  11:00:00,65645972.00556971 
 12/29  12:00:00,61454763.73447921 
 12/29  13:00:00,57080211.08189872 
 12/29  14:00:00,53646928.167544276 
 12/29  15:00:00,50782764.12589342 
 12/29  16:00:00,49339087.55418046 
 12/29  17:00:00,50405195.710846804 
 12/29  18:00:00,53646302.41735436 
 12/29  19:00:00,56967957.09985801 
 12/29  20:00:00,59369185.25390861 
 12/29  21:00:00,61736739.449056655 
 12/29  22:00:00,63496379.3088288 
 12/29  23:00:00,64644535.459715635 
 12/29  24:00:00,65321325.032101385 
 12/30  01:00:00,66032382.191029444 
 12/30  02:00:00,67139337.92800453 
 12/30  03:00:00,68088958.34215531 
 12/30  04:00:00,69217052.60334335 
 12/30  05:00:00,70465713.11658743 
 12/30  06:00:00,71580977.27301206 
 12/30  07:00:00,72534367.05882344 
 12/30  08:00:00,72580763.41122088 
 12/30  09:00:00,72347324.95522553 
 12/30  10:00:00,71347817.33969802 
 12/30  11:00:00,67999055.3666544 
 12/30  12:00:00,63168768.06522978 
 12/30  13:00:00,58032049.38867362 
 12/30  14:00:00,53742035.0535414 
 12/30  15:00:00,50710606.7732121 
 12/30  16:00:00,49140538.6965498 
 12/30  17:00:00,50189120.86204745 
 12/30  18:00:00,53122244.28680909 
 12/30  19:00:00,55524134.69989636 
 12/30  20:00:00,57729624.65434463 
 12/30  21:00:00,59831642.03254175 
 12/30  22:00:00,61333524.5126962 
 12/30  23:00:00,63521656.42866609 
 12/30  24:00:00,65652359.55073744 
 12/31  01:00:00,67116509.48066854 
 12/31  02:00:00,67666882.3539703 
 12/31  03:00:00,68402135.53848223 
 12/31  04:00:00,69170528.97828189 
 12/31  05:00:00,68932935.35081784 
 12/31  06:00:00,68532112.07810341 
 12/31  07:00:00,67061321.99906619 
 12/31  08:00:00,65829114.272555135 
 12/31  09:00:00,64891562.8404618 
 12/31  10:00:00,62614344.982819386 
 12/31  11:00:00,58741741.63184209 
 12/31  12:00:00,53698701.46423894 
 12/31  13:00:00,48521629.96937974 
 12/31  14:00:00,45041019.774854735 
 12/31  15:00:00,43579555.02929716 
 12/31  16:00:00,43049889.871430516 
 12/31  17:00:00,43578293.953483805 
 12/31  18:00:00,44100378.89480457 
 12/31  19:00:00,43647397.36298567 
 12/31  20:00:00,42681648.88046617 
 12/31  21:00:00,41797791.31802958 
 12/31  22:00:00,41352916.62317393 
 12/31  23:00:00,42077502.247246996 
 12/31  24:00:00,43260981.64093363 
