Date/Time,BATIMENT0000000240880013_PART0_F0_DWELLING_0 IDEAL LOADS AIR SYSTEM:Zone Ideal Loads Zone Total Heating Energy [J](Hourly),Electricity:Facility [J](Annual),DistrictHeating:Facility [J](Annual),Heating:DistrictHeating [J](Annual),InteriorEquipment:Electricity [J](Annual),Electricity:Building [J](Annual) 
 01/01  01:00:00,6100771.294829431 
 01/01  02:00:00,6911566.349349854 
 01/01  03:00:00,7316334.773101826 
 01/01  04:00:00,7619317.955770253 
 01/01  05:00:00,7806187.588341156 
 01/01  06:00:00,8063392.556728661 
 01/01  07:00:00,8216764.8968153875 
 01/01  08:00:00,8400672.100358523 
 01/01  09:00:00,8679213.520410188 
 01/01  10:00:00,8147755.75465765 
 01/01  11:00:00,4436618.240005543 
 01/01  12:00:00,392037.78062588605 
 01/01  13:00:00,0.0 
 01/01  14:00:00,0.0 
 01/01  15:00:00,0.0 
 01/01  16:00:00,0.0 
 01/01  17:00:00,6612.086157177691 
 01/01  18:00:00,2801136.84136549 
 01/01  19:00:00,3666175.223437765 
 01/01  20:00:00,4183882.437341926 
 01/01  21:00:00,4503768.399459269 
 01/01  22:00:00,4718033.936628103 
 01/01  23:00:00,5113679.359861425 
 01/01  24:00:00,5332780.093694888 
 01/02  01:00:00,5347412.577150535 
 01/02  02:00:00,5293277.634147637 
 01/02  03:00:00,5411754.357577719 
 01/02  04:00:00,5605487.940718717 
 01/02  05:00:00,5818945.934591543 
 01/02  06:00:00,6045133.1580722025 
 01/02  07:00:00,6090882.5431640465 
 01/02  08:00:00,6194097.183817836 
 01/02  09:00:00,6371962.412697537 
 01/02  10:00:00,6067881.5251164 
 01/02  11:00:00,4192090.5401702174 
 01/02  12:00:00,1557442.2942901116 
 01/02  13:00:00,104421.81420456474 
 01/02  14:00:00,1666108.6051845488 
 01/02  15:00:00,3342973.7281177253 
 01/02  16:00:00,4798444.059402948 
 01/02  17:00:00,5906567.890251972 
 01/02  18:00:00,8468877.161322055 
 01/02  19:00:00,9155256.069032455 
 01/02  20:00:00,9394321.288389616 
 01/02  21:00:00,9570757.080847377 
 01/02  22:00:00,9866513.20169839 
 01/02  23:00:00,10234351.32615738 
 01/02  24:00:00,10810853.390399374 
 01/03  01:00:00,11501384.549799258 
 01/03  02:00:00,11564551.675896818 
 01/03  03:00:00,11873428.59673366 
 01/03  04:00:00,12169059.322698746 
 01/03  05:00:00,12368111.266596943 
 01/03  06:00:00,12469189.260097284 
 01/03  07:00:00,12572133.48168157 
 01/03  08:00:00,12661268.318122052 
 01/03  09:00:00,12747853.14464418 
 01/03  10:00:00,12524016.666023888 
 01/03  11:00:00,11326983.726017686 
 01/03  12:00:00,9039067.212771205 
 01/03  13:00:00,6659024.138832593 
 01/03  14:00:00,5413027.289527811 
 01/03  15:00:00,4665865.362905573 
 01/03  16:00:00,3697795.671923144 
 01/03  17:00:00,5124112.441022158 
 01/03  18:00:00,11592127.799106458 
 01/03  19:00:00,13135323.601656359 
 01/03  20:00:00,13653792.866124071 
 01/03  21:00:00,14376076.085247817 
 01/03  22:00:00,15176434.626665544 
 01/03  23:00:00,15600667.150156226 
 01/03  24:00:00,16502073.466777477 
 01/04  01:00:00,17273079.35487856 
 01/04  02:00:00,17621656.977895003 
 01/04  03:00:00,17257264.388177633 
 01/04  04:00:00,16922163.976331506 
 01/04  05:00:00,17090309.941208515 
 01/04  06:00:00,17318476.75021179 
 01/04  07:00:00,17541538.99960968 
 01/04  08:00:00,17548478.393446095 
 01/04  09:00:00,17488762.21638872 
 01/04  10:00:00,16870950.90058119 
 01/04  11:00:00,14254666.301806718 
 01/04  12:00:00,10597706.491873873 
 01/04  13:00:00,6413548.882462325 
 01/04  14:00:00,4654690.223469309 
 01/04  15:00:00,4076591.1509902226 
 01/04  16:00:00,3412437.1737283044 
 01/04  17:00:00,3755333.954098325 
 01/04  18:00:00,9681980.861105194 
 01/04  19:00:00,10530988.911179159 
 01/04  20:00:00,11057885.776532218 
 01/04  21:00:00,11173468.431673031 
 01/04  22:00:00,11359079.514001561 
 01/04  23:00:00,11406909.528313654 
 01/04  24:00:00,11345745.76707537 
 01/05  01:00:00,11652441.507368108 
 01/05  02:00:00,11806776.81980192 
 01/05  03:00:00,11790614.990358857 
 01/05  04:00:00,11878134.334868465 
 01/05  05:00:00,11898072.054530311 
 01/05  06:00:00,11882539.563962372 
 01/05  07:00:00,11891753.302981693 
 01/05  08:00:00,11937894.455501078 
 01/05  09:00:00,11815899.38628016 
 01/05  10:00:00,11459047.189379537 
 01/05  11:00:00,10579453.506764695 
 01/05  12:00:00,9216866.225012032 
 01/05  13:00:00,8259308.534678712 
 01/05  14:00:00,6833564.761061452 
 01/05  15:00:00,6222125.926710437 
 01/05  16:00:00,6465231.569636058 
 01/05  17:00:00,6239090.420040767 
 01/05  18:00:00,9245024.68950966 
 01/05  19:00:00,10122617.849867593 
 01/05  20:00:00,10685486.94030292 
 01/05  21:00:00,11045607.836426478 
 01/05  22:00:00,11001816.527309855 
 01/05  23:00:00,10783139.765057324 
 01/05  24:00:00,10417351.39917022 
 01/06  01:00:00,10248482.088190062 
 01/06  02:00:00,10381766.895786583 
 01/06  03:00:00,10566309.801326748 
 01/06  04:00:00,10884727.69346579 
 01/06  05:00:00,10863452.84713076 
 01/06  06:00:00,10747172.881061193 
 01/06  07:00:00,10690886.835600536 
 01/06  08:00:00,10706091.987800082 
 01/06  09:00:00,10656848.739226203 
 01/06  10:00:00,10257390.498110514 
 01/06  11:00:00,8724832.093030969 
 01/06  12:00:00,6528617.146055973 
 01/06  13:00:00,4747771.456368459 
 01/06  14:00:00,3492819.833482852 
 01/06  15:00:00,3315489.0392371006 
 01/06  16:00:00,4017589.759619763 
 01/06  17:00:00,5343285.826678378 
 01/06  18:00:00,8907450.948962677 
 01/06  19:00:00,10004213.245474957 
 01/06  20:00:00,11094712.241451057 
 01/06  21:00:00,11765099.868855944 
 01/06  22:00:00,12624987.21143469 
 01/06  23:00:00,13478629.484241772 
 01/06  24:00:00,13824681.182731658 
 01/07  01:00:00,13655417.562976297 
 01/07  02:00:00,13717823.482957268 
 01/07  03:00:00,13912074.913971117 
 01/07  04:00:00,13903009.291757947 
 01/07  05:00:00,13913386.686294246 
 01/07  06:00:00,14046875.488765646 
 01/07  07:00:00,13891333.567878874 
 01/07  08:00:00,13543376.021758547 
 01/07  09:00:00,13329828.823877964 
 01/07  10:00:00,12346189.985691266 
 01/07  11:00:00,8610539.136993498 
 01/07  12:00:00,3799120.2546847514 
 01/07  13:00:00,1099950.3076750634 
 01/07  14:00:00,0.0 
 01/07  15:00:00,0.0 
 01/07  16:00:00,0.0 
 01/07  17:00:00,823819.9510711159 
 01/07  18:00:00,6441637.065738164 
 01/07  19:00:00,7474535.148981987 
 01/07  20:00:00,7759219.279480902 
 01/07  21:00:00,8036421.478528675 
 01/07  22:00:00,8418523.904164039 
 01/07  23:00:00,8604150.785489067 
 01/07  24:00:00,8668215.813463267 
 01/08  01:00:00,8341954.997964008 
 01/08  02:00:00,8205846.7476847125 
 01/08  03:00:00,8243459.273268389 
 01/08  04:00:00,8272652.217073416 
 01/08  05:00:00,8368837.684889334 
 01/08  06:00:00,8745185.343481313 
 01/08  07:00:00,8998437.823167482 
 01/08  08:00:00,8993066.460584665 
 01/08  09:00:00,9353430.523418471 
 01/08  10:00:00,9549940.100282636 
 01/08  11:00:00,7770737.199726429 
 01/08  12:00:00,5462823.194411369 
 01/08  13:00:00,4251312.610204382 
 01/08  14:00:00,3186350.9835613784 
 01/08  15:00:00,2216995.22555652 
 01/08  16:00:00,4253525.166960377 
 01/08  17:00:00,3915175.649811501 
 01/08  18:00:00,7245841.192578157 
 01/08  19:00:00,7577953.101076977 
 01/08  20:00:00,7820496.823179862 
 01/08  21:00:00,8285106.704685964 
 01/08  22:00:00,8944337.951331008 
 01/08  23:00:00,9485533.512903262 
 01/08  24:00:00,9824250.122997861 
 01/09  01:00:00,10438127.18997864 
 01/09  02:00:00,11302725.748451598 
 01/09  03:00:00,12427287.332897171 
 01/09  04:00:00,13436775.541429805 
 01/09  05:00:00,14622758.74398527 
 01/09  06:00:00,15974642.69671518 
 01/09  07:00:00,16884497.333269708 
 01/09  08:00:00,17025540.925046165 
 01/09  09:00:00,16466585.644013356 
 01/09  10:00:00,14995765.865121754 
 01/09  11:00:00,11598510.76891016 
 01/09  12:00:00,6970513.407189366 
 01/09  13:00:00,3670611.759117035 
 01/09  14:00:00,3403059.0823456347 
 01/09  15:00:00,4791984.530568033 
 01/09  16:00:00,13613692.76472716 
 01/09  17:00:00,7181032.517713243 
 01/09  18:00:00,12968176.488244047 
 01/09  19:00:00,13949290.661609078 
 01/09  20:00:00,14527823.993047252 
 01/09  21:00:00,15069513.220203701 
 01/09  22:00:00,15139601.806686971 
 01/09  23:00:00,15045406.92867217 
 01/09  24:00:00,15405738.450506253 
 01/10  01:00:00,15672972.611927884 
 01/10  02:00:00,15868779.242366644 
 01/10  03:00:00,15856450.81897875 
 01/10  04:00:00,15859689.288694311 
 01/10  05:00:00,16071112.25146158 
 01/10  06:00:00,16672778.09696547 
 01/10  07:00:00,17456253.84258848 
 01/10  08:00:00,16971289.81848625 
 01/10  09:00:00,17194810.178156115 
 01/10  10:00:00,17283896.69322423 
 01/10  11:00:00,13261122.902588 
 01/10  12:00:00,8110681.864427679 
 01/10  13:00:00,3619997.1419965997 
 01/10  14:00:00,823050.8978177574 
 01/10  15:00:00,810273.6324337274 
 01/10  16:00:00,4100252.200638977 
 01/10  17:00:00,7235755.813546854 
 01/10  18:00:00,11031547.327235747 
 01/10  19:00:00,11557029.849869475 
 01/10  20:00:00,12129629.42348528 
 01/10  21:00:00,12533260.692703007 
 01/10  22:00:00,12922078.466742447 
 01/10  23:00:00,13240518.473278662 
 01/10  24:00:00,13259671.99766594 
 01/11  01:00:00,14034047.116735253 
 01/11  02:00:00,14536477.509831293 
 01/11  03:00:00,14703689.653513636 
 01/11  04:00:00,14673898.106995868 
 01/11  05:00:00,14548454.333064457 
 01/11  06:00:00,15120616.983310267 
 01/11  07:00:00,15354286.639825732 
 01/11  08:00:00,15399879.519726792 
 01/11  09:00:00,15751434.725446865 
 01/11  10:00:00,14743076.146493942 
 01/11  11:00:00,11530868.73386694 
 01/11  12:00:00,9186193.57614662 
 01/11  13:00:00,8658489.905774495 
 01/11  14:00:00,10929210.358205315 
 01/11  15:00:00,12375399.029946817 
 01/11  16:00:00,8609881.274438642 
 01/11  17:00:00,7143238.784829331 
 01/11  18:00:00,11362795.28399458 
 01/11  19:00:00,13239483.386549445 
 01/11  20:00:00,15069449.969826223 
 01/11  21:00:00,16141786.237373613 
 01/11  22:00:00,16416672.650660623 
 01/11  23:00:00,16817065.672022272 
 01/11  24:00:00,17346143.13732764 
 01/12  01:00:00,18148059.887659565 
 01/12  02:00:00,18815535.612819195 
 01/12  03:00:00,19643648.11054826 
 01/12  04:00:00,19889988.288658336 
 01/12  05:00:00,19107734.434255414 
 01/12  06:00:00,18472760.92103225 
 01/12  07:00:00,19192395.151331846 
 01/12  08:00:00,19608558.55057749 
 01/12  09:00:00,18516018.820595525 
 01/12  10:00:00,16966478.96161899 
 01/12  11:00:00,14519020.212771704 
 01/12  12:00:00,10371213.739018876 
 01/12  13:00:00,7411820.444310713 
 01/12  14:00:00,5972058.56845406 
 01/12  15:00:00,6011997.240202119 
 01/12  16:00:00,5447001.723423295 
 01/12  17:00:00,5524233.96453438 
 01/12  18:00:00,10001219.05870105 
 01/12  19:00:00,11001862.56053838 
 01/12  20:00:00,11566566.907709854 
 01/12  21:00:00,12001103.107646368 
 01/12  22:00:00,12486887.528440967 
 01/12  23:00:00,12863570.837547429 
 01/12  24:00:00,13172714.87709881 
 01/13  01:00:00,13316176.821339386 
 01/13  02:00:00,13412122.490392668 
 01/13  03:00:00,13424615.629113406 
 01/13  04:00:00,13298599.51773185 
 01/13  05:00:00,13142542.81048254 
 01/13  06:00:00,13487790.231183682 
 01/13  07:00:00,13577792.337187734 
 01/13  08:00:00,13004579.139880603 
 01/13  09:00:00,12681806.641220022 
 01/13  10:00:00,12295583.059703974 
 01/13  11:00:00,11214768.287253205 
 01/13  12:00:00,9289486.401113005 
 01/13  13:00:00,5054610.62923728 
 01/13  14:00:00,1209706.6282950218 
 01/13  15:00:00,1280140.8361905538 
 01/13  16:00:00,473589.2412208042 
 01/13  17:00:00,961167.0960712937 
 01/13  18:00:00,9081442.224065632 
 01/13  19:00:00,11260400.696515331 
 01/13  20:00:00,11507525.973617582 
 01/13  21:00:00,12370423.823680613 
 01/13  22:00:00,13823465.666795317 
 01/13  23:00:00,14420746.030344918 
 01/13  24:00:00,14529302.88268758 
 01/14  01:00:00,14847630.82399 
 01/14  02:00:00,14972954.16919828 
 01/14  03:00:00,15170156.49480204 
 01/14  04:00:00,14985345.86286689 
 01/14  05:00:00,15022986.239454305 
 01/14  06:00:00,15747524.67656935 
 01/14  07:00:00,16181211.67855229 
 01/14  08:00:00,16371633.389924753 
 01/14  09:00:00,16607051.0681224 
 01/14  10:00:00,15942315.754418734 
 01/14  11:00:00,13071560.87613859 
 01/14  12:00:00,9429380.321108622 
 01/14  13:00:00,5331788.307122886 
 01/14  14:00:00,3048450.908508059 
 01/14  15:00:00,2984442.053766124 
 01/14  16:00:00,4151995.9171370724 
 01/14  17:00:00,5887484.241663851 
 01/14  18:00:00,8860084.525870377 
 01/14  19:00:00,9465497.970450606 
 01/14  20:00:00,9851900.791378558 
 01/14  21:00:00,10280621.299630696 
 01/14  22:00:00,10529937.724633941 
 01/14  23:00:00,10669617.719738191 
 01/14  24:00:00,10472630.93320269 
 01/15  01:00:00,10279219.146363502 
 01/15  02:00:00,10348366.616094412 
 01/15  03:00:00,10443968.067794034 
 01/15  04:00:00,10499108.007654829 
 01/15  05:00:00,10566795.149843605 
 01/15  06:00:00,10773224.331419004 
 01/15  07:00:00,11065193.951983817 
 01/15  08:00:00,11166161.954829173 
 01/15  09:00:00,10980099.417048268 
 01/15  10:00:00,11703663.081143292 
 01/15  11:00:00,13928687.557553986 
 01/15  12:00:00,14874753.173674611 
 01/15  13:00:00,13802165.368013585 
 01/15  14:00:00,10920512.490308978 
 01/15  15:00:00,7805435.568362573 
 01/15  16:00:00,5687263.337542825 
 01/15  17:00:00,5965993.805587584 
 01/15  18:00:00,14386077.11918744 
 01/15  19:00:00,15493236.178802837 
 01/15  20:00:00,15800341.318905974 
 01/15  21:00:00,16701559.526647933 
 01/15  22:00:00,17659123.59788607 
 01/15  23:00:00,18396778.509748988 
 01/15  24:00:00,19086280.28858678 
 01/16  01:00:00,19560701.196146347 
 01/16  02:00:00,19702883.52625316 
 01/16  03:00:00,19623422.688017152 
 01/16  04:00:00,19659796.62479386 
 01/16  05:00:00,19089243.313870862 
 01/16  06:00:00,18107824.789506134 
 01/16  07:00:00,17245016.812303793 
 01/16  08:00:00,16602263.584728329 
 01/16  09:00:00,16372727.803953413 
 01/16  10:00:00,16459802.315582037 
 01/16  11:00:00,14858795.537252668 
 01/16  12:00:00,10686419.19159631 
 01/16  13:00:00,7418720.115859674 
 01/16  14:00:00,5494873.67851607 
 01/16  15:00:00,4779655.928596478 
 01/16  16:00:00,5043474.523508443 
 01/16  17:00:00,5610411.062094351 
 01/16  18:00:00,12308234.288172465 
 01/16  19:00:00,13815373.370085845 
 01/16  20:00:00,15195233.61678766 
 01/16  21:00:00,16360817.932575695 
 01/16  22:00:00,16888234.647531547 
 01/16  23:00:00,17335681.21497517 
 01/16  24:00:00,18413164.448508587 
 01/17  01:00:00,19397101.036056504 
 01/17  02:00:00,19223689.215229556 
 01/17  03:00:00,18941732.302008275 
 01/17  04:00:00,19065379.760283384 
 01/17  05:00:00,18622258.737621665 
 01/17  06:00:00,18015557.935958114 
 01/17  07:00:00,17686180.485761836 
 01/17  08:00:00,17496190.15252915 
 01/17  09:00:00,17815804.806088533 
 01/17  10:00:00,18059133.239489395 
 01/17  11:00:00,16599465.633322116 
 01/17  12:00:00,14199897.634461353 
 01/17  13:00:00,10852501.781425396 
 01/17  14:00:00,7398978.418974129 
 01/17  15:00:00,6292487.194798962 
 01/17  16:00:00,3422970.2849641815 
 01/17  17:00:00,4649507.031998607 
 01/17  18:00:00,12564564.343012817 
 01/17  19:00:00,14316233.638588635 
 01/17  20:00:00,14883912.534712076 
 01/17  21:00:00,15381188.515202332 
 01/17  22:00:00,16084266.939940415 
 01/17  23:00:00,16824207.52090194 
 01/17  24:00:00,17393075.73017861 
 01/18  01:00:00,17684979.930058394 
 01/18  02:00:00,18164383.06646389 
 01/18  03:00:00,18402535.70868267 
 01/18  04:00:00,18571736.69652386 
 01/18  05:00:00,18932476.996344958 
 01/18  06:00:00,19290894.43795634 
 01/18  07:00:00,19512521.243000153 
 01/18  08:00:00,19550478.78001232 
 01/18  09:00:00,19522836.952999458 
 01/18  10:00:00,18742833.09485092 
 01/18  11:00:00,17626029.26315373 
 01/18  12:00:00,19147884.280021228 
 01/18  13:00:00,20580449.478221685 
 01/18  14:00:00,20924964.042877417 
 01/18  15:00:00,19041211.02074149 
 01/18  16:00:00,16502732.402862117 
 01/18  17:00:00,16922666.326317217 
 01/18  18:00:00,19642373.38989709 
 01/18  19:00:00,20833058.075533025 
 01/18  20:00:00,21891609.890799064 
 01/18  21:00:00,23185298.734355435 
 01/18  22:00:00,24162313.061840992 
 01/18  23:00:00,24426698.82623979 
 01/18  24:00:00,23705216.091458444 
 01/19  01:00:00,23224653.2198112 
 01/19  02:00:00,24057304.06910925 
 01/19  03:00:00,24701757.13702291 
 01/19  04:00:00,24753233.191374503 
 01/19  05:00:00,25264571.958167464 
 01/19  06:00:00,25855079.355519757 
 01/19  07:00:00,26077007.160294127 
 01/19  08:00:00,25430670.40127582 
 01/19  09:00:00,24438212.55506508 
 01/19  10:00:00,22688145.456131727 
 01/19  11:00:00,19438715.911785867 
 01/19  12:00:00,15742140.645391619 
 01/19  13:00:00,13265430.409791548 
 01/19  14:00:00,9621631.60388241 
 01/19  15:00:00,9197612.378647022 
 01/19  16:00:00,8912205.275126148 
 01/19  17:00:00,10209534.539604729 
 01/19  18:00:00,17592644.934856117 
 01/19  19:00:00,19150799.20115797 
 01/19  20:00:00,21026140.28594527 
 01/19  21:00:00,22478214.38513907 
 01/19  22:00:00,23364771.040725768 
 01/19  23:00:00,25064435.53100974 
 01/19  24:00:00,25704102.138427097 
 01/20  01:00:00,25390305.11632477 
 01/20  02:00:00,25456561.118513115 
 01/20  03:00:00,25410399.789326593 
 01/20  04:00:00,25099321.6625143 
 01/20  05:00:00,24349469.713140026 
 01/20  06:00:00,23884324.21001073 
 01/20  07:00:00,24151450.586392283 
 01/20  08:00:00,24894643.979447044 
 01/20  09:00:00,25394766.995246433 
 01/20  10:00:00,23340485.38618508 
 01/20  11:00:00,17105242.077024236 
 01/20  12:00:00,12087669.956154555 
 01/20  13:00:00,8031488.1504765395 
 01/20  14:00:00,8079206.250159724 
 01/20  15:00:00,7658855.1251252815 
 01/20  16:00:00,9219365.03562982 
 01/20  17:00:00,11402814.175003711 
 01/20  18:00:00,18509493.967120945 
 01/20  19:00:00,20630741.091196176 
 01/20  20:00:00,21763358.950225715 
 01/20  21:00:00,22750561.368232377 
 01/20  22:00:00,23058106.11544052 
 01/20  23:00:00,22719954.72376644 
 01/20  24:00:00,22694709.152714536 
 01/21  01:00:00,23089081.08670715 
 01/21  02:00:00,22894648.756877385 
 01/21  03:00:00,22564119.667926125 
 01/21  04:00:00,22853675.890597522 
 01/21  05:00:00,23068152.212786257 
 01/21  06:00:00,22661753.78124029 
 01/21  07:00:00,21981692.46239884 
 01/21  08:00:00,21730416.591970358 
 01/21  09:00:00,21844837.883367144 
 01/21  10:00:00,21175935.357769184 
 01/21  11:00:00,17866768.138444502 
 01/21  12:00:00,11882968.196290325 
 01/21  13:00:00,7400196.59038113 
 01/21  14:00:00,5303468.30519592 
 01/21  15:00:00,5737854.119919651 
 01/21  16:00:00,6647935.493689104 
 01/21  17:00:00,8643762.703300554 
 01/21  18:00:00,15659170.553229831 
 01/21  19:00:00,18538294.53207436 
 01/21  20:00:00,19492566.45482654 
 01/21  21:00:00,20417312.55457672 
 01/21  22:00:00,21165459.096612677 
 01/21  23:00:00,21724525.931212652 
 01/21  24:00:00,22059469.701983392 
 01/22  01:00:00,22307448.001070384 
 01/22  02:00:00,22559830.002591096 
 01/22  03:00:00,22883190.452503785 
 01/22  04:00:00,23058930.753012292 
 01/22  05:00:00,23159302.19317178 
 01/22  06:00:00,23207682.50951926 
 01/22  07:00:00,23205163.819974054 
 01/22  08:00:00,23038323.38433205 
 01/22  09:00:00,22896811.209078863 
 01/22  10:00:00,22374881.437490005 
 01/22  11:00:00,20406371.221028987 
 01/22  12:00:00,16919179.145915743 
 01/22  13:00:00,14623302.001536349 
 01/22  14:00:00,13944055.309506461 
 01/22  15:00:00,15270987.944112876 
 01/22  16:00:00,13539626.730304355 
 01/22  17:00:00,13388343.381998157 
 01/22  18:00:00,18063507.08260615 
 01/22  19:00:00,20515474.028362717 
 01/22  20:00:00,21101356.398508646 
 01/22  21:00:00,21479635.344709005 
 01/22  22:00:00,21746598.433262598 
 01/22  23:00:00,21927063.991076037 
 01/22  24:00:00,21949243.45231693 
 01/23  01:00:00,21751149.71360841 
 01/23  02:00:00,21559615.045574307 
 01/23  03:00:00,21455825.33074787 
 01/23  04:00:00,21664383.448349293 
 01/23  05:00:00,22185905.888264295 
 01/23  06:00:00,22519542.03538782 
 01/23  07:00:00,22589147.341099523 
 01/23  08:00:00,22527064.650428645 
 01/23  09:00:00,22217086.42647466 
 01/23  10:00:00,21235325.72450724 
 01/23  11:00:00,18553623.498039477 
 01/23  12:00:00,13962921.691044446 
 01/23  13:00:00,12705070.52606293 
 01/23  14:00:00,11760302.340696942 
 01/23  15:00:00,14202920.677579034 
 01/23  16:00:00,13810713.149073904 
 01/23  17:00:00,13825041.701332934 
 01/23  18:00:00,16844563.213164687 
 01/23  19:00:00,18581756.716905918 
 01/23  20:00:00,18948024.502106376 
 01/23  21:00:00,19243197.985391714 
 01/23  22:00:00,19481079.894120887 
 01/23  23:00:00,20056564.522165813 
 01/23  24:00:00,20363229.382488698 
 01/24  01:00:00,20459917.401743896 
 01/24  02:00:00,20531894.48271977 
 01/24  03:00:00,20903273.520713378 
 01/24  04:00:00,21375266.266848493 
 01/24  05:00:00,22182004.34020848 
 01/24  06:00:00,23594983.513521027 
 01/24  07:00:00,24415156.15641724 
 01/24  08:00:00,24413002.2154781 
 01/24  09:00:00,23894561.462700486 
 01/24  10:00:00,21493706.45311866 
 01/24  11:00:00,14672203.54483172 
 01/24  12:00:00,7204566.081660121 
 01/24  13:00:00,3142914.515966856 
 01/24  14:00:00,1617442.7269173074 
 01/24  15:00:00,2199248.5846513584 
 01/24  16:00:00,2624476.9537422652 
 01/24  17:00:00,4651264.7338253595 
 01/24  18:00:00,12654000.39267807 
 01/24  19:00:00,17632662.46370881 
 01/24  20:00:00,19683514.13183558 
 01/24  21:00:00,20810856.232129212 
 01/24  22:00:00,20581430.47995188 
 01/24  23:00:00,20173058.220989577 
 01/24  24:00:00,20758383.75633116 
 01/25  01:00:00,21289654.654813036 
 01/25  02:00:00,21317834.35344272 
 01/25  03:00:00,21142930.66510329 
 01/25  04:00:00,21147228.9553664 
 01/25  05:00:00,21518877.448561497 
 01/25  06:00:00,21800007.341772374 
 01/25  07:00:00,21751286.828554478 
 01/25  08:00:00,21693849.389452606 
 01/25  09:00:00,21191449.949579343 
 01/25  10:00:00,19346071.063786045 
 01/25  11:00:00,15905710.584112443 
 01/25  12:00:00,11953152.218596324 
 01/25  13:00:00,9448853.63038386 
 01/25  14:00:00,7615686.282323321 
 01/25  15:00:00,7179685.759641756 
 01/25  16:00:00,8054975.179926775 
 01/25  17:00:00,9276498.334828239 
 01/25  18:00:00,14373781.86579947 
 01/25  19:00:00,17020476.582580436 
 01/25  20:00:00,17889659.743898436 
 01/25  21:00:00,18539184.27760302 
 01/25  22:00:00,18991313.61115618 
 01/25  23:00:00,19290494.247178257 
 01/25  24:00:00,19130857.716988303 
 01/26  01:00:00,19186118.40320809 
 01/26  02:00:00,19443825.991917025 
 01/26  03:00:00,19666773.904523708 
 01/26  04:00:00,19697371.420501236 
 01/26  05:00:00,19768962.23446326 
 01/26  06:00:00,19950075.963834662 
 01/26  07:00:00,20245671.172618408 
 01/26  08:00:00,20622986.449806154 
 01/26  09:00:00,20685514.984097894 
 01/26  10:00:00,20124770.467146177 
 01/26  11:00:00,18486961.700399175 
 01/26  12:00:00,15833202.282528652 
 01/26  13:00:00,15961542.663059495 
 01/26  14:00:00,14825834.517314903 
 01/26  15:00:00,14804259.819537275 
 01/26  16:00:00,14148044.831570247 
 01/26  17:00:00,14862348.823521014 
 01/26  18:00:00,17561349.289001465 
 01/26  19:00:00,19827952.194813095 
 01/26  20:00:00,20219311.025976345 
 01/26  21:00:00,20770307.179004148 
 01/26  22:00:00,21261719.877647415 
 01/26  23:00:00,21797661.26856049 
 01/26  24:00:00,22000423.68246305 
 01/27  01:00:00,22061137.054524906 
 01/27  02:00:00,22517390.86327431 
 01/27  03:00:00,22929008.736825187 
 01/27  04:00:00,22941332.222356338 
 01/27  05:00:00,22985327.791947454 
 01/27  06:00:00,23105961.967263885 
 01/27  07:00:00,23190237.424001243 
 01/27  08:00:00,23441712.971324917 
 01/27  09:00:00,23735661.609379504 
 01/27  10:00:00,22716512.867868286 
 01/27  11:00:00,18853809.1391716 
 01/27  12:00:00,14842998.031659558 
 01/27  13:00:00,10352632.596499255 
 01/27  14:00:00,8755677.975775369 
 01/27  15:00:00,9296681.969258258 
 01/27  16:00:00,11035421.344565377 
 01/27  17:00:00,11822481.562291088 
 01/27  18:00:00,15910765.256609056 
 01/27  19:00:00,19438085.0341964 
 01/27  20:00:00,20081329.204088293 
 01/27  21:00:00,20647645.052303728 
 01/27  22:00:00,21130997.138961803 
 01/27  23:00:00,21539797.729134466 
 01/27  24:00:00,21568249.310955577 
 01/28  01:00:00,22023794.577147376 
 01/28  02:00:00,22678550.18817488 
 01/28  03:00:00,22959478.149981692 
 01/28  04:00:00,23355730.572220948 
 01/28  05:00:00,23608230.716464832 
 01/28  06:00:00,23613810.051129553 
 01/28  07:00:00,23726050.631011628 
 01/28  08:00:00,23851563.84258254 
 01/28  09:00:00,23671547.72457774 
 01/28  10:00:00,22336168.75978492 
 01/28  11:00:00,18624559.94314065 
 01/28  12:00:00,14206986.067325925 
 01/28  13:00:00,10776249.008808965 
 01/28  14:00:00,10476026.056222744 
 01/28  15:00:00,11233508.928779792 
 01/28  16:00:00,12871657.053547923 
 01/28  17:00:00,12540628.690680925 
 01/28  18:00:00,15607251.821527686 
 01/28  19:00:00,18414205.037937183 
 01/28  20:00:00,18955526.156486347 
 01/28  21:00:00,19631322.533261437 
 01/28  22:00:00,20271442.82724092 
 01/28  23:00:00,21044917.148795705 
 01/28  24:00:00,21571253.170320097 
 01/29  01:00:00,22093959.44161405 
 01/29  02:00:00,22679101.150155306 
 01/29  03:00:00,22958259.595111813 
 01/29  04:00:00,23223709.214297846 
 01/29  05:00:00,23472995.267287903 
 01/29  06:00:00,23642773.372420907 
 01/29  07:00:00,23857377.178520747 
 01/29  08:00:00,23949079.88587422 
 01/29  09:00:00,23612451.424219772 
 01/29  10:00:00,21250117.67794911 
 01/29  11:00:00,14329864.737062784 
 01/29  12:00:00,7335010.174842296 
 01/29  13:00:00,4460176.852788015 
 01/29  14:00:00,3683168.126357182 
 01/29  15:00:00,3571231.9784365958 
 01/29  16:00:00,3683542.2653785357 
 01/29  17:00:00,4817975.222073078 
 01/29  18:00:00,11815101.83701118 
 01/29  19:00:00,17364287.7165422 
 01/29  20:00:00,19002127.577484164 
 01/29  21:00:00,19887498.443964034 
 01/29  22:00:00,20841369.05489952 
 01/29  23:00:00,22323365.03279727 
 01/29  24:00:00,23479139.334046412 
 01/30  01:00:00,24005520.497592688 
 01/30  02:00:00,24306839.141129747 
 01/30  03:00:00,24746220.908548206 
 01/30  04:00:00,25572333.690438285 
 01/30  05:00:00,25994526.432244014 
 01/30  06:00:00,25221816.284102507 
 01/30  07:00:00,25007461.236605663 
 01/30  08:00:00,25235070.695575185 
 01/30  09:00:00,26021875.20590791 
 01/30  10:00:00,23626771.924221847 
 01/30  11:00:00,15470746.130704999 
 01/30  12:00:00,10683652.149626076 
 01/30  13:00:00,8362812.368027935 
 01/30  14:00:00,8064193.413442929 
 01/30  15:00:00,7975680.169835341 
 01/30  16:00:00,10207577.013508486 
 01/30  17:00:00,10607168.025317352 
 01/30  18:00:00,14061891.28065965 
 01/30  19:00:00,17288425.339805815 
 01/30  20:00:00,18167163.16274225 
 01/30  21:00:00,18510463.35411306 
 01/30  22:00:00,18491481.51711886 
 01/30  23:00:00,18484108.786813516 
 01/30  24:00:00,18828123.525624346 
 01/31  01:00:00,19188831.992949434 
 01/31  02:00:00,19263840.8848648 
 01/31  03:00:00,18970775.498311877 
 01/31  04:00:00,18865958.67113193 
 01/31  05:00:00,18865092.089644104 
 01/31  06:00:00,18783963.718771882 
 01/31  07:00:00,18938827.154935062 
 01/31  08:00:00,19081649.0331449 
 01/31  09:00:00,19094033.08882412 
 01/31  10:00:00,18198026.138444655 
 01/31  11:00:00,15339372.16251178 
 01/31  12:00:00,10245417.262482734 
 01/31  13:00:00,6385166.80317312 
 01/31  14:00:00,4761147.681923545 
 01/31  15:00:00,2835597.013308406 
 01/31  16:00:00,2774575.5703832903 
 01/31  17:00:00,3253842.0799516146 
 01/31  18:00:00,9187585.048291016 
 01/31  19:00:00,13721534.964564795 
 01/31  20:00:00,14567828.359341068 
 01/31  21:00:00,15306882.906768508 
 01/31  22:00:00,15786117.558220282 
 01/31  23:00:00,15804480.026402365 
 01/31  24:00:00,15815946.351829134 
 02/01  01:00:00,16407745.724709496 
 02/01  02:00:00,17114301.739254087 
 02/01  03:00:00,17661132.77949052 
 02/01  04:00:00,18342659.786296893 
 02/01  05:00:00,18907197.61625629 
 02/01  06:00:00,19597780.203244127 
 02/01  07:00:00,20130168.677240957 
 02/01  08:00:00,20240225.26180675 
 02/01  09:00:00,19920791.10507208 
 02/01  10:00:00,17818602.59341753 
 02/01  11:00:00,14006912.001765475 
 02/01  12:00:00,11109793.263601048 
 02/01  13:00:00,8255383.147262879 
 02/01  14:00:00,3436502.8221438974 
 02/01  15:00:00,2476708.663651916 
 02/01  16:00:00,3456214.426476179 
 02/01  17:00:00,4771915.3782321215 
 02/01  18:00:00,8694378.32715355 
 02/01  19:00:00,12861797.889309086 
 02/01  20:00:00,13873875.329117978 
 02/01  21:00:00,14655404.08759034 
 02/01  22:00:00,15487289.70523304 
 02/01  23:00:00,15948396.673445065 
 02/01  24:00:00,15861041.045426078 
 02/02  01:00:00,16164952.445780657 
 02/02  02:00:00,16651711.98264889 
 02/02  03:00:00,16810899.530916072 
 02/02  04:00:00,16961362.00461534 
 02/02  05:00:00,17109141.482438527 
 02/02  06:00:00,17420721.344508026 
 02/02  07:00:00,17876288.963555064 
 02/02  08:00:00,18246082.25964216 
 02/02  09:00:00,18053644.787610114 
 02/02  10:00:00,16081910.155829873 
 02/02  11:00:00,10854306.443376713 
 02/02  12:00:00,5561637.399796987 
 02/02  13:00:00,2268592.0287332935 
 02/02  14:00:00,2624599.0750908484 
 02/02  15:00:00,3614006.399486227 
 02/02  16:00:00,4594549.673572799 
 02/02  17:00:00,5672006.606258206 
 02/02  18:00:00,8603634.536427377 
 02/02  19:00:00,12003799.27962197 
 02/02  20:00:00,12949751.212496102 
 02/02  21:00:00,14058839.509835402 
 02/02  22:00:00,15123108.383507479 
 02/02  23:00:00,15656514.487153083 
 02/02  24:00:00,16277279.533456964 
 02/03  01:00:00,16710724.421876078 
 02/03  02:00:00,17025444.173510373 
 02/03  03:00:00,17778152.833715644 
 02/03  04:00:00,18251007.289583907 
 02/03  05:00:00,18254771.500281904 
 02/03  06:00:00,18422094.67629426 
 02/03  07:00:00,19131497.398554906 
 02/03  08:00:00,20404861.888994183 
 02/03  09:00:00,20883678.16784886 
 02/03  10:00:00,17912870.73512524 
 02/03  11:00:00,10364121.25689395 
 02/03  12:00:00,4157092.8530366765 
 02/03  13:00:00,452038.24447407754 
 02/03  14:00:00,0.0 
 02/03  15:00:00,0.0 
 02/03  16:00:00,0.0 
 02/03  17:00:00,174253.01191667313 
 02/03  18:00:00,5803043.008616019 
 02/03  19:00:00,10748592.984024856 
 02/03  20:00:00,12350152.742429817 
 02/03  21:00:00,13454967.757795574 
 02/03  22:00:00,14183519.864077665 
 02/03  23:00:00,15272718.35594491 
 02/03  24:00:00,16165528.800814778 
 02/04  01:00:00,16695220.757708378 
 02/04  02:00:00,16776108.94431957 
 02/04  03:00:00,16647873.902124552 
 02/04  04:00:00,16465282.009586863 
 02/04  05:00:00,16170881.193623837 
 02/04  06:00:00,15888769.62023056 
 02/04  07:00:00,15779140.73934473 
 02/04  08:00:00,15584736.18952621 
 02/04  09:00:00,15162860.271415288 
 02/04  10:00:00,14171447.88356954 
 02/04  11:00:00,12494955.76270088 
 02/04  12:00:00,10215521.821226053 
 02/04  13:00:00,7717838.462127997 
 02/04  14:00:00,6122868.491920079 
 02/04  15:00:00,5094704.477213814 
 02/04  16:00:00,5236062.367146527 
 02/04  17:00:00,5960969.58106653 
 02/04  18:00:00,8220829.647175604 
 02/04  19:00:00,10705773.673173573 
 02/04  20:00:00,11528033.509823184 
 02/04  21:00:00,12223409.686769387 
 02/04  22:00:00,12872794.191114197 
 02/04  23:00:00,13249176.338312952 
 02/04  24:00:00,13433825.801474787 
 02/05  01:00:00,13800280.785216423 
 02/05  02:00:00,14315217.510198575 
 02/05  03:00:00,14804684.07371173 
 02/05  04:00:00,15474748.76481887 
 02/05  05:00:00,16250157.816827446 
 02/05  06:00:00,16833807.75949607 
 02/05  07:00:00,17637284.74756363 
 02/05  08:00:00,18166155.134957217 
 02/05  09:00:00,18135114.655388553 
 02/05  10:00:00,16000526.97001621 
 02/05  11:00:00,10879130.215893269 
 02/05  12:00:00,7859035.910082182 
 02/05  13:00:00,6162859.355911284 
 02/05  14:00:00,4848612.939811598 
 02/05  15:00:00,4200652.731917895 
 02/05  16:00:00,5066498.70063017 
 02/05  17:00:00,5194323.683011392 
 02/05  18:00:00,8986421.868843127 
 02/05  19:00:00,12133732.109774534 
 02/05  20:00:00,12949267.937293246 
 02/05  21:00:00,13924703.716214724 
 02/05  22:00:00,14817755.480309904 
 02/05  23:00:00,15280857.544789394 
 02/05  24:00:00,15860889.543686435 
 02/06  01:00:00,16638760.981167145 
 02/06  02:00:00,16986365.07190513 
 02/06  03:00:00,17016080.978432994 
 02/06  04:00:00,17277101.150603518 
 02/06  05:00:00,17870841.059141725 
 02/06  06:00:00,18457971.877426427 
 02/06  07:00:00,18921193.333013438 
 02/06  08:00:00,19418284.248088058 
 02/06  09:00:00,19491020.975554705 
 02/06  10:00:00,16632115.019654319 
 02/06  11:00:00,10714984.532728195 
 02/06  12:00:00,7147890.281555443 
 02/06  13:00:00,6019415.086961033 
 02/06  14:00:00,4806713.972511853 
 02/06  15:00:00,4756034.781596186 
 02/06  16:00:00,6559216.244323848 
 02/06  17:00:00,7628074.481964062 
 02/06  18:00:00,10342350.33502665 
 02/06  19:00:00,14351006.747577928 
 02/06  20:00:00,15621377.933442604 
 02/06  21:00:00,16654690.201437248 
 02/06  22:00:00,17570707.85414923 
 02/06  23:00:00,18508283.70380954 
 02/06  24:00:00,19315850.096310228 
 02/07  01:00:00,19821263.922922626 
 02/07  02:00:00,20519050.140292924 
 02/07  03:00:00,21234526.618212555 
 02/07  04:00:00,21822112.907894842 
 02/07  05:00:00,22125528.23444719 
 02/07  06:00:00,22834106.37453159 
 02/07  07:00:00,22955277.773614787 
 02/07  08:00:00,21943677.212585647 
 02/07  09:00:00,22027691.27186413 
 02/07  10:00:00,19674864.746540885 
 02/07  11:00:00,11875065.679210233 
 02/07  12:00:00,5456852.582483909 
 02/07  13:00:00,763418.1950658561 
 02/07  14:00:00,0.0 
 02/07  15:00:00,0.0 
 02/07  16:00:00,0.0 
 02/07  17:00:00,142749.48769690236 
 02/07  18:00:00,7151677.206225604 
 02/07  19:00:00,14581961.467779025 
 02/07  20:00:00,16688790.50162394 
 02/07  21:00:00,18314980.29360725 
 02/07  22:00:00,19776626.47763272 
 02/07  23:00:00,21219455.857710224 
 02/07  24:00:00,22680005.616262794 
 02/08  01:00:00,23966672.834979117 
 02/08  02:00:00,24871608.51784961 
 02/08  03:00:00,25495447.101361908 
 02/08  04:00:00,26413175.237983737 
 02/08  05:00:00,27471255.326599557 
 02/08  06:00:00,28233112.568804353 
 02/08  07:00:00,28640020.81277203 
 02/08  08:00:00,29205396.124654606 
 02/08  09:00:00,29138318.630065504 
 02/08  10:00:00,23692760.35857121 
 02/08  11:00:00,13191089.680687197 
 02/08  12:00:00,6069505.27956987 
 02/08  13:00:00,2647742.0467691547 
 02/08  14:00:00,623286.9474030653 
 02/08  15:00:00,354703.6917878373 
 02/08  16:00:00,90924.14614843146 
 02/08  17:00:00,876816.860396679 
 02/08  18:00:00,8331184.187499406 
 02/08  19:00:00,15251090.705933921 
 02/08  20:00:00,17702642.903665848 
 02/08  21:00:00,20348657.583778247 
 02/08  22:00:00,22488481.22514882 
 02/08  23:00:00,24197003.32970876 
 02/08  24:00:00,25372693.987065077 
 02/09  01:00:00,26441064.207439322 
 02/09  02:00:00,27318929.8141554 
 02/09  03:00:00,27990119.674048066 
 02/09  04:00:00,28508702.810346343 
 02/09  05:00:00,28953623.290566377 
 02/09  06:00:00,29413293.369525775 
 02/09  07:00:00,29806635.437638007 
 02/09  08:00:00,29873547.4251101 
 02/09  09:00:00,29368069.817585602 
 02/09  10:00:00,23976972.925368145 
 02/09  11:00:00,14373464.237766512 
 02/09  12:00:00,8168981.990810553 
 02/09  13:00:00,3499420.572752001 
 02/09  14:00:00,1738410.3099015558 
 02/09  15:00:00,1483750.0845998046 
 02/09  16:00:00,945367.4326363987 
 02/09  17:00:00,2265090.8860601224 
 02/09  18:00:00,8752830.801905464 
 02/09  19:00:00,14959914.606456604 
 02/09  20:00:00,16543701.393213805 
 02/09  21:00:00,18517285.461872585 
 02/09  22:00:00,20364072.413113493 
 02/09  23:00:00,22814704.114968084 
 02/09  24:00:00,24114545.969046175 
 02/10  01:00:00,24581921.916779608 
 02/10  02:00:00,25621999.79425212 
 02/10  03:00:00,26545103.095114015 
 02/10  04:00:00,27152926.02419758 
 02/10  05:00:00,27688598.945895292 
 02/10  06:00:00,27997282.803795986 
 02/10  07:00:00,28283557.94921978 
 02/10  08:00:00,28546785.09883879 
 02/10  09:00:00,28551787.257624414 
 02/10  10:00:00,22958136.67983576 
 02/10  11:00:00,12369453.937205471 
 02/10  12:00:00,5569843.408742203 
 02/10  13:00:00,1937369.0493095866 
 02/10  14:00:00,196654.3973579661 
 02/10  15:00:00,0.0 
 02/10  16:00:00,0.0 
 02/10  17:00:00,30473.415022213157 
 02/10  18:00:00,5061331.784078729 
 02/10  19:00:00,16319779.151588868 
 02/10  20:00:00,19286946.04034739 
 02/10  21:00:00,21402385.517710216 
 02/10  22:00:00,22851784.01816785 
 02/10  23:00:00,23584633.97581325 
 02/10  24:00:00,24326159.183377255 
 02/11  01:00:00,25341202.31590168 
 02/11  02:00:00,26235704.403386768 
 02/11  03:00:00,26895411.0247403 
 02/11  04:00:00,27520084.196335398 
 02/11  05:00:00,28000417.03379796 
 02/11  06:00:00,28515680.951101568 
 02/11  07:00:00,28576692.943121344 
 02/11  08:00:00,28141361.911943916 
 02/11  09:00:00,27639146.44350078 
 02/11  10:00:00,22151742.185783967 
 02/11  11:00:00,11999300.438635377 
 02/11  12:00:00,4938440.2999549685 
 02/11  13:00:00,762570.0016867885 
 02/11  14:00:00,0.0 
 02/11  15:00:00,0.0 
 02/11  16:00:00,0.0 
 02/11  17:00:00,0.0 
 02/11  18:00:00,3069692.546498471 
 02/11  19:00:00,12757870.246033888 
 02/11  20:00:00,15255610.006854987 
 02/11  21:00:00,17847263.723728828 
 02/11  22:00:00,19845330.171036895 
 02/11  23:00:00,21488646.56384638 
 02/11  24:00:00,22841893.58427101 
 02/12  01:00:00,24169274.49437375 
 02/12  02:00:00,25169285.508838125 
 02/12  03:00:00,25888043.36415488 
 02/12  04:00:00,26557009.676186223 
 02/12  05:00:00,27027481.02642832 
 02/12  06:00:00,27329599.917541508 
 02/12  07:00:00,27529839.655592013 
 02/12  08:00:00,27755225.408790305 
 02/12  09:00:00,27337070.8509125 
 02/12  10:00:00,21357211.60881138 
 02/12  11:00:00,11107357.667533739 
 02/12  12:00:00,4165093.8727297396 
 02/12  13:00:00,393678.66475096234 
 02/12  14:00:00,0.0 
 02/12  15:00:00,0.0 
 02/12  16:00:00,0.0 
 02/12  17:00:00,0.0 
 02/12  18:00:00,2115988.4298476437 
 02/12  19:00:00,11720541.857604593 
 02/12  20:00:00,14537651.451734198 
 02/12  21:00:00,17170951.170610823 
 02/12  22:00:00,19774284.229594942 
 02/12  23:00:00,21986803.282634452 
 02/12  24:00:00,23528453.940177113 
 02/13  01:00:00,24887620.901350062 
 02/13  02:00:00,26024197.48577039 
 02/13  03:00:00,26775135.224291407 
 02/13  04:00:00,26979505.54017455 
 02/13  05:00:00,27026763.94771693 
 02/13  06:00:00,27343800.257332835 
 02/13  07:00:00,27624096.03155024 
 02/13  08:00:00,27846880.2984075 
 02/13  09:00:00,27267538.570405085 
 02/13  10:00:00,20496666.666894827 
 02/13  11:00:00,9827062.38260896 
 02/13  12:00:00,2843845.8422281826 
 02/13  13:00:00,0.0 
 02/13  14:00:00,0.0 
 02/13  15:00:00,0.0 
 02/13  16:00:00,0.0 
 02/13  17:00:00,0.0 
 02/13  18:00:00,656444.8182621243 
 02/13  19:00:00,9817999.851708764 
 02/13  20:00:00,13318519.253033418 
 02/13  21:00:00,15648716.172846057 
 02/13  22:00:00,17592507.796806462 
 02/13  23:00:00,19543738.650975227 
 02/13  24:00:00,21013359.455527987 
 02/14  01:00:00,22188263.912518315 
 02/14  02:00:00,22973448.310693018 
 02/14  03:00:00,23648158.427580297 
 02/14  04:00:00,24344931.708919544 
 02/14  05:00:00,24846955.067159943 
 02/14  06:00:00,25365813.258822776 
 02/14  07:00:00,25623672.399769932 
 02/14  08:00:00,25811513.04237954 
 02/14  09:00:00,25275589.38297239 
 02/14  10:00:00,18624812.903665554 
 02/14  11:00:00,8264285.811773288 
 02/14  12:00:00,1579434.9513930443 
 02/14  13:00:00,0.0 
 02/14  14:00:00,0.0 
 02/14  15:00:00,0.0 
 02/14  16:00:00,0.0 
 02/14  17:00:00,0.0 
 02/14  18:00:00,174054.35625491082 
 02/14  19:00:00,6961371.635985647 
 02/14  20:00:00,11126313.538154772 
 02/14  21:00:00,13919875.867416233 
 02/14  22:00:00,16360024.35863635 
 02/14  23:00:00,18041160.549446847 
 02/14  24:00:00,18641039.24512468 
 02/15  01:00:00,19241555.738378864 
 02/15  02:00:00,20156186.329073787 
 02/15  03:00:00,20928201.357376352 
 02/15  04:00:00,21455984.15387171 
 02/15  05:00:00,21940561.082691006 
 02/15  06:00:00,22453408.71885773 
 02/15  07:00:00,22978463.720473927 
 02/15  08:00:00,23512765.75426531 
 02/15  09:00:00,23066268.968347464 
 02/15  10:00:00,16702290.21946816 
 02/15  11:00:00,6844181.918897815 
 02/15  12:00:00,803276.725215024 
 02/15  13:00:00,0.0 
 02/15  14:00:00,0.0 
 02/15  15:00:00,0.0 
 02/15  16:00:00,0.0 
 02/15  17:00:00,0.0 
 02/15  18:00:00,0.0 
 02/15  19:00:00,4099977.317215128 
 02/15  20:00:00,8595484.25621897 
 02/15  21:00:00,11187377.778600378 
 02/15  22:00:00,12843309.144079551 
 02/15  23:00:00,14626257.009246722 
 02/15  24:00:00,16160501.403068874 
 02/16  01:00:00,17508862.763573147 
 02/16  02:00:00,19061232.20427219 
 02/16  03:00:00,20610905.148465782 
 02/16  04:00:00,21991955.54413172 
 02/16  05:00:00,23093131.22396514 
 02/16  06:00:00,24234261.02294372 
 02/16  07:00:00,25351061.329520732 
 02/16  08:00:00,26130470.080480948 
 02/16  09:00:00,25518924.9130253 
 02/16  10:00:00,18119843.37755228 
 02/16  11:00:00,7486080.76179634 
 02/16  12:00:00,879690.2429851289 
 02/16  13:00:00,0.0 
 02/16  14:00:00,0.0 
 02/16  15:00:00,0.0 
 02/16  16:00:00,0.0 
 02/16  17:00:00,0.0 
 02/16  18:00:00,0.0 
 02/16  19:00:00,3758228.7948371503 
 02/16  20:00:00,7187331.426641494 
 02/16  21:00:00,10451200.161723379 
 02/16  22:00:00,13822178.182012424 
 02/16  23:00:00,16321439.402911495 
 02/16  24:00:00,17508260.1511008 
 02/17  01:00:00,18241930.660218902 
 02/17  02:00:00,19005827.850901052 
 02/17  03:00:00,19830583.22001934 
 02/17  04:00:00,20482624.188716486 
 02/17  05:00:00,21046484.021015055 
 02/17  06:00:00,21407023.89712698 
 02/17  07:00:00,21318377.277793974 
 02/17  08:00:00,20929249.32287304 
 02/17  09:00:00,19686984.877590824 
 02/17  10:00:00,16093673.989338387 
 02/17  11:00:00,11511569.414516497 
 02/17  12:00:00,7457764.495437874 
 02/17  13:00:00,2902241.3559555626 
 02/17  14:00:00,1855261.5491015473 
 02/17  15:00:00,1653977.0411443356 
 02/17  16:00:00,1921481.8939436579 
 02/17  17:00:00,3114029.5151420417 
 02/17  18:00:00,5163264.665937852 
 02/17  19:00:00,7819598.063414203 
 02/17  20:00:00,9026119.747865202 
 02/17  21:00:00,10222519.240310362 
 02/17  22:00:00,11026868.765861414 
 02/17  23:00:00,11724039.08456109 
 02/17  24:00:00,11187502.623998363 
 02/18  01:00:00,10800101.260979755 
 02/18  02:00:00,11043649.00523926 
 02/18  03:00:00,11185843.958197977 
 02/18  04:00:00,11468466.12934978 
 02/18  05:00:00,11654619.72773547 
 02/18  06:00:00,11693904.77974468 
 02/18  07:00:00,11688886.82550024 
 02/18  08:00:00,11921341.900181998 
 02/18  09:00:00,11809160.29605508 
 02/18  10:00:00,9759508.247828186 
 02/18  11:00:00,6635401.272149106 
 02/18  12:00:00,3220540.290837319 
 02/18  13:00:00,618445.6594139433 
 02/18  14:00:00,0.0 
 02/18  15:00:00,0.0 
 02/18  16:00:00,0.0 
 02/18  17:00:00,0.0 
 02/18  18:00:00,0.0 
 02/18  19:00:00,3254607.2673853445 
 02/18  20:00:00,6081234.762047 
 02/18  21:00:00,7561745.455788707 
 02/18  22:00:00,9277578.99654139 
 02/18  23:00:00,11196684.44811073 
 02/18  24:00:00,13061083.469395757 
 02/19  01:00:00,14247839.307365838 
 02/19  02:00:00,15083934.899873761 
 02/19  03:00:00,15492062.059060179 
 02/19  04:00:00,15468467.643903997 
 02/19  05:00:00,15250131.85095822 
 02/19  06:00:00,15257849.758912805 
 02/19  07:00:00,15113667.594282286 
 02/19  08:00:00,15066417.710413823 
 02/19  09:00:00,13971592.020385202 
 02/19  10:00:00,10759043.964126812 
 02/19  11:00:00,6779018.149444559 
 02/19  12:00:00,3906271.2521869545 
 02/19  13:00:00,2313226.101512906 
 02/19  14:00:00,1873011.7978884927 
 02/19  15:00:00,1313417.9578811477 
 02/19  16:00:00,463662.633701985 
 02/19  17:00:00,354380.5102049977 
 02/19  18:00:00,1510569.3279300248 
 02/19  19:00:00,7417311.854566285 
 02/19  20:00:00,8944161.149764173 
 02/19  21:00:00,10138205.804582732 
 02/19  22:00:00,11229439.115594052 
 02/19  23:00:00,12987229.385888033 
 02/19  24:00:00,13589961.004286338 
 02/20  01:00:00,13784134.72260269 
 02/20  02:00:00,14710600.77903096 
 02/20  03:00:00,16152562.68002803 
 02/20  04:00:00,17440535.345119376 
 02/20  05:00:00,18327895.62558447 
 02/20  06:00:00,19020645.239214566 
 02/20  07:00:00,19464310.56666166 
 02/20  08:00:00,20140865.824985407 
 02/20  09:00:00,19444968.74442387 
 02/20  10:00:00,13078726.5500192 
 02/20  11:00:00,4544683.699615489 
 02/20  12:00:00,119077.0475657504 
 02/20  13:00:00,0.0 
 02/20  14:00:00,0.0 
 02/20  15:00:00,0.0 
 02/20  16:00:00,0.0 
 02/20  17:00:00,0.0 
 02/20  18:00:00,0.0 
 02/20  19:00:00,2847161.681823838 
 02/20  20:00:00,7380750.918228395 
 02/20  21:00:00,10093652.173388222 
 02/20  22:00:00,12160765.88811869 
 02/20  23:00:00,14233182.120326502 
 02/20  24:00:00,16169783.85831785 
 02/21  01:00:00,17689017.98177564 
 02/21  02:00:00,18916653.36256772 
 02/21  03:00:00,20047653.0231788 
 02/21  04:00:00,20876604.695506405 
 02/21  05:00:00,21423724.19371962 
 02/21  06:00:00,21783220.99099411 
 02/21  07:00:00,22036348.07678581 
 02/21  08:00:00,22119551.23741892 
 02/21  09:00:00,20619859.907559924 
 02/21  10:00:00,13150931.883453641 
 02/21  11:00:00,4385741.791257157 
 02/21  12:00:00,102418.97598050637 
 02/21  13:00:00,0.0 
 02/21  14:00:00,0.0 
 02/21  15:00:00,0.0 
 02/21  16:00:00,0.0 
 02/21  17:00:00,0.0 
 02/21  18:00:00,0.0 
 02/21  19:00:00,2066764.992114784 
 02/21  20:00:00,5915401.930913443 
 02/21  21:00:00,8378711.512216958 
 02/21  22:00:00,9979811.978786275 
 02/21  23:00:00,10894134.356724137 
 02/21  24:00:00,11646723.997194335 
 02/22  01:00:00,12350083.29727037 
 02/22  02:00:00,13278872.011201762 
 02/22  03:00:00,14220285.363372942 
 02/22  04:00:00,14823349.774159547 
 02/22  05:00:00,14964163.32277132 
 02/22  06:00:00,14671675.710734619 
 02/22  07:00:00,14813270.04626967 
 02/22  08:00:00,14623407.569054436 
 02/22  09:00:00,13575145.487567393 
 02/22  10:00:00,10908368.38342746 
 02/22  11:00:00,7795429.939636275 
 02/22  12:00:00,5686008.002494167 
 02/22  13:00:00,4938459.750627527 
 02/22  14:00:00,3419125.885760644 
 02/22  15:00:00,2942840.2799887843 
 02/22  16:00:00,3177741.6101496997 
 02/22  17:00:00,3636780.302341924 
 02/22  18:00:00,3491427.4751218837 
 02/22  19:00:00,9151362.63292748 
 02/22  20:00:00,10293979.775644846 
 02/22  21:00:00,10971930.711533634 
 02/22  22:00:00,11608715.569249114 
 02/22  23:00:00,12649304.87096111 
 02/22  24:00:00,12796783.390749687 
 02/23  01:00:00,12768794.523646139 
 02/23  02:00:00,12998006.33012008 
 02/23  03:00:00,12922724.748498807 
 02/23  04:00:00,13030720.678377561 
 02/23  05:00:00,13766187.453056142 
 02/23  06:00:00,14711397.930760525 
 02/23  07:00:00,15102318.531753935 
 02/23  08:00:00,15416853.156766886 
 02/23  09:00:00,14827283.63073154 
 02/23  10:00:00,10324273.326923069 
 02/23  11:00:00,4156475.1612412212 
 02/23  12:00:00,128214.72927167344 
 02/23  13:00:00,0.0 
 02/23  14:00:00,0.0 
 02/23  15:00:00,0.0 
 02/23  16:00:00,0.0 
 02/23  17:00:00,0.0 
 02/23  18:00:00,0.0 
 02/23  19:00:00,2365926.719237607 
 02/23  20:00:00,5362760.024952745 
 02/23  21:00:00,6924205.617616767 
 02/23  22:00:00,7557650.191450255 
 02/23  23:00:00,8180231.07590029 
 02/23  24:00:00,8728789.085369434 
 02/24  01:00:00,9320485.227779128 
 02/24  02:00:00,9886965.744399097 
 02/24  03:00:00,10387650.64835069 
 02/24  04:00:00,11436788.826326968 
 02/24  05:00:00,12989820.082470082 
 02/24  06:00:00,14154682.793967877 
 02/24  07:00:00,14623198.526100103 
 02/24  08:00:00,14436980.796229677 
 02/24  09:00:00,13444466.180636385 
 02/24  10:00:00,8998395.28855414 
 02/24  11:00:00,3052583.552347756 
 02/24  12:00:00,133211.7975016867 
 02/24  13:00:00,0.0 
 02/24  14:00:00,0.0 
 02/24  15:00:00,0.0 
 02/24  16:00:00,0.0 
 02/24  17:00:00,0.0 
 02/24  18:00:00,0.0 
 02/24  19:00:00,4593718.155962891 
 02/24  20:00:00,6166904.079375403 
 02/24  21:00:00,7189834.516181687 
 02/24  22:00:00,8184411.187502049 
 02/24  23:00:00,9982325.23871741 
 02/24  24:00:00,11577015.291770903 
 02/25  01:00:00,12743430.20931204 
 02/25  02:00:00,14010933.3459262 
 02/25  03:00:00,15016090.515089681 
 02/25  04:00:00,15880870.89747481 
 02/25  05:00:00,16916401.470741097 
 02/25  06:00:00,17150502.268558234 
 02/25  07:00:00,17356231.51296425 
 02/25  08:00:00,16693664.210985767 
 02/25  09:00:00,15246976.55805982 
 02/25  10:00:00,13314136.686374594 
 02/25  11:00:00,10797273.688926093 
 02/25  12:00:00,8259885.996678239 
 02/25  13:00:00,4143421.284817483 
 02/25  14:00:00,1548519.4408014906 
 02/25  15:00:00,1202587.3169278407 
 02/25  16:00:00,1359819.686891771 
 02/25  17:00:00,832520.6287856905 
 02/25  18:00:00,3820605.649684875 
 02/25  19:00:00,11548867.891402131 
 02/25  20:00:00,13355619.05415158 
 02/25  21:00:00,14598252.976533433 
 02/25  22:00:00,15590977.910249935 
 02/25  23:00:00,16552675.173104763 
 02/25  24:00:00,17244881.072777558 
 02/26  01:00:00,17875424.464869678 
 02/26  02:00:00,18560758.11550148 
 02/26  03:00:00,19254739.851604514 
 02/26  04:00:00,19785006.85623796 
 02/26  05:00:00,20316813.094286412 
 02/26  06:00:00,20779844.35542904 
 02/26  07:00:00,21295976.9048746 
 02/26  08:00:00,21886040.15333268 
 02/26  09:00:00,21476735.124898914 
 02/26  10:00:00,17232070.329082415 
 02/26  11:00:00,11414327.309812898 
 02/26  12:00:00,7429281.959762147 
 02/26  13:00:00,4822972.237953188 
 02/26  14:00:00,4628565.448156066 
 02/26  15:00:00,5373209.170815184 
 02/26  16:00:00,6308671.039859835 
 02/26  17:00:00,7564153.825406225 
 02/26  18:00:00,9539901.27449442 
 02/26  19:00:00,16611819.470480746 
 02/26  20:00:00,17664119.934898946 
 02/26  21:00:00,18177411.264392633 
 02/26  22:00:00,18717924.080007862 
 02/26  23:00:00,19138984.146135453 
 02/26  24:00:00,19418607.290221103 
 02/27  01:00:00,19616434.50954738 
 02/27  02:00:00,19714474.441857334 
 02/27  03:00:00,19996293.8854644 
 02/27  04:00:00,20458505.086417668 
 02/27  05:00:00,20855306.499966584 
 02/27  06:00:00,21204082.58077575 
 02/27  07:00:00,21598348.002107464 
 02/27  08:00:00,21996430.326926254 
 02/27  09:00:00,21723424.442759708 
 02/27  10:00:00,16782988.427216858 
 02/27  11:00:00,9049160.398529667 
 02/27  12:00:00,3845462.1648063175 
 02/27  13:00:00,785251.4470150993 
 02/27  14:00:00,0.0 
 02/27  15:00:00,0.0 
 02/27  16:00:00,0.0 
 02/27  17:00:00,0.0 
 02/27  18:00:00,2678481.3154962007 
 02/27  19:00:00,13345029.98268808 
 02/27  20:00:00,15556224.391024534 
 02/27  21:00:00,16941541.59953438 
 02/27  22:00:00,18164793.574891247 
 02/27  23:00:00,19729936.07522473 
 02/27  24:00:00,21063420.890155546 
 02/28  01:00:00,22157608.51381895 
 02/28  02:00:00,23206768.665886916 
 02/28  03:00:00,23692510.878347177 
 02/28  04:00:00,23861990.891355027 
 02/28  05:00:00,24103001.439316582 
 02/28  06:00:00,24380603.1000915 
 02/28  07:00:00,24466083.603653986 
 02/28  08:00:00,24605671.359506078 
 02/28  09:00:00,23150253.605318 
 02/28  10:00:00,17182049.902507357 
 02/28  11:00:00,10376106.520529805 
 02/28  12:00:00,5202166.072876345 
 02/28  13:00:00,2419164.297743123 
 02/28  14:00:00,1042774.0639823598 
 02/28  15:00:00,1592622.8260163118 
 02/28  16:00:00,1801332.5940001602 
 02/28  17:00:00,4066738.016327302 
 02/28  18:00:00,7486527.193035091 
 02/28  19:00:00,15963329.559849106 
 02/28  20:00:00,17346599.723305725 
 02/28  21:00:00,18762395.255509295 
 02/28  22:00:00,20194585.82896505 
 02/28  23:00:00,21235309.11300299 
 02/28  24:00:00,22135587.871051915 
 03/01  01:00:00,22701207.933812346 
 03/01  02:00:00,23126364.195082556 
 03/01  03:00:00,23728089.034022756 
 03/01  04:00:00,24301214.931497473 
 03/01  05:00:00,24886103.584902562 
 03/01  06:00:00,25166053.760900088 
 03/01  07:00:00,25142433.711681213 
 03/01  08:00:00,24964536.081866965 
 03/01  09:00:00,23239865.800541155 
 03/01  10:00:00,17022149.480892368 
 03/01  11:00:00,10570518.006504346 
 03/01  12:00:00,5781772.073900991 
 03/01  13:00:00,1691147.7675626841 
 03/01  14:00:00,16585.141631643633 
 03/01  15:00:00,177471.1651219339 
 03/01  16:00:00,566630.5560652713 
 03/01  17:00:00,1573861.4103530424 
 03/01  18:00:00,5394342.791700181 
 03/01  19:00:00,13260877.419379339 
 03/01  20:00:00,14602632.073508967 
 03/01  21:00:00,15149803.066939095 
 03/01  22:00:00,15981896.012391351 
 03/01  23:00:00,16737507.849567525 
 03/01  24:00:00,17967787.486837666 
 03/02  01:00:00,18682095.838256665 
 03/02  02:00:00,19086018.766709905 
 03/02  03:00:00,19769614.521070365 
 03/02  04:00:00,19763003.996272758 
 03/02  05:00:00,19601107.256716065 
 03/02  06:00:00,19903198.473879278 
 03/02  07:00:00,20082598.174399048 
 03/02  08:00:00,20580613.43141724 
 03/02  09:00:00,19544289.69615454 
 03/02  10:00:00,12595643.898295011 
 03/02  11:00:00,5048416.605856694 
 03/02  12:00:00,872714.3816316951 
 03/02  13:00:00,0.0 
 03/02  14:00:00,0.0 
 03/02  15:00:00,0.0 
 03/02  16:00:00,0.0 
 03/02  17:00:00,0.0 
 03/02  18:00:00,0.0 
 03/02  19:00:00,7351265.2308203485 
 03/02  20:00:00,12431872.986259658 
 03/02  21:00:00,14379309.033381473 
 03/02  22:00:00,15907544.621779237 
 03/02  23:00:00,17352119.05525831 
 03/02  24:00:00,18750895.114781052 
 03/03  01:00:00,20070222.5173807 
 03/03  02:00:00,21194294.308681723 
 03/03  03:00:00,22077032.818356358 
 03/03  04:00:00,23038531.207182474 
 03/03  05:00:00,23946404.28874749 
 03/03  06:00:00,24572212.98072929 
 03/03  07:00:00,25228343.298944484 
 03/03  08:00:00,25446823.35281966 
 03/03  09:00:00,22847041.7447807 
 03/03  10:00:00,14673309.536949808 
 03/03  11:00:00,6957106.223837468 
 03/03  12:00:00,2540195.877116362 
 03/03  13:00:00,64864.596628130676 
 03/03  14:00:00,0.0 
 03/03  15:00:00,0.0 
 03/03  16:00:00,0.0 
 03/03  17:00:00,0.0 
 03/03  18:00:00,531013.6418612835 
 03/03  19:00:00,8182093.081738607 
 03/03  20:00:00,11829164.255971922 
 03/03  21:00:00,13176762.02297884 
 03/03  22:00:00,14114905.457231227 
 03/03  23:00:00,14783824.28221244 
 03/03  24:00:00,15766493.84584252 
 03/04  01:00:00,17024814.258526642 
 03/04  02:00:00,17920848.597101327 
 03/04  03:00:00,18266838.771856856 
 03/04  04:00:00,18282284.60434882 
 03/04  05:00:00,18499729.139121365 
 03/04  06:00:00,19081283.123237222 
 03/04  07:00:00,19514789.796955794 
 03/04  08:00:00,19746413.859839328 
 03/04  09:00:00,18015842.46539652 
 03/04  10:00:00,10765528.627921965 
 03/04  11:00:00,3801860.165288671 
 03/04  12:00:00,336818.3640059586 
 03/04  13:00:00,0.0 
 03/04  14:00:00,0.0 
 03/04  15:00:00,0.0 
 03/04  16:00:00,0.0 
 03/04  17:00:00,0.0 
 03/04  18:00:00,0.0 
 03/04  19:00:00,5173523.440119177 
 03/04  20:00:00,9565912.471002797 
 03/04  21:00:00,11440309.955273662 
 03/04  22:00:00,13030754.633314941 
 03/04  23:00:00,14723746.049939627 
 03/04  24:00:00,16390423.162978563 
 03/05  01:00:00,17863803.146111555 
 03/05  02:00:00,19240272.05052143 
 03/05  03:00:00,20492554.149186462 
 03/05  04:00:00,21760787.68401137 
 03/05  05:00:00,22961708.606757414 
 03/05  06:00:00,23947545.68139228 
 03/05  07:00:00,24926900.93285395 
 03/05  08:00:00,25400840.66237385 
 03/05  09:00:00,23044871.152979612 
 03/05  10:00:00,15022024.447031252 
 03/05  11:00:00,7702993.628957733 
 03/05  12:00:00,2745450.7417900683 
 03/05  13:00:00,10521.481575833604 
 03/05  14:00:00,0.0 
 03/05  15:00:00,0.0 
 03/05  16:00:00,0.0 
 03/05  17:00:00,0.0 
 03/05  18:00:00,0.0 
 03/05  19:00:00,6855963.884227724 
 03/05  20:00:00,13029325.781123385 
 03/05  21:00:00,16200067.672955224 
 03/05  22:00:00,18804439.552771293 
 03/05  23:00:00,20959435.089198872 
 03/05  24:00:00,22403321.931420997 
 03/06  01:00:00,23436428.97654557 
 03/06  02:00:00,24538994.586777516 
 03/06  03:00:00,25479084.99369001 
 03/06  04:00:00,26087642.444553606 
 03/06  05:00:00,26629223.758530237 
 03/06  06:00:00,26637398.9857602 
 03/06  07:00:00,26505610.784742072 
 03/06  08:00:00,26011615.200500615 
 03/06  09:00:00,22633380.227180302 
 03/06  10:00:00,13480411.839890853 
 03/06  11:00:00,4933323.594705937 
 03/06  12:00:00,315061.62025880185 
 03/06  13:00:00,0.0 
 03/06  14:00:00,0.0 
 03/06  15:00:00,0.0 
 03/06  16:00:00,0.0 
 03/06  17:00:00,0.0 
 03/06  18:00:00,0.0 
 03/06  19:00:00,6327324.397471135 
 03/06  20:00:00,11434878.319118755 
 03/06  21:00:00,13441984.439029159 
 03/06  22:00:00,15122193.79950637 
 03/06  23:00:00,16672940.283201225 
 03/06  24:00:00,17937346.01009095 
 03/07  01:00:00,19002404.251965594 
 03/07  02:00:00,20034468.711957145 
 03/07  03:00:00,20753745.88780553 
 03/07  04:00:00,21781537.20664472 
 03/07  05:00:00,22728741.66497656 
 03/07  06:00:00,23210130.931984004 
 03/07  07:00:00,23785442.38693023 
 03/07  08:00:00,24446708.207377948 
 03/07  09:00:00,21725989.12577385 
 03/07  10:00:00,11806946.337149816 
 03/07  11:00:00,4395905.592521034 
 03/07  12:00:00,612674.8343914289 
 03/07  13:00:00,0.0 
 03/07  14:00:00,0.0 
 03/07  15:00:00,48768.68860889372 
 03/07  16:00:00,2436347.583528937 
 03/07  17:00:00,4276297.892730013 
 03/07  18:00:00,6777723.744000677 
 03/07  19:00:00,10900416.350029435 
 03/07  20:00:00,13928019.27507836 
 03/07  21:00:00,14886237.199234217 
 03/07  22:00:00,16302509.158876386 
 03/07  23:00:00,17553016.007463455 
 03/07  24:00:00,18403577.852505427 
 03/08  01:00:00,19706730.65567863 
 03/08  02:00:00,21301955.756078646 
 03/08  03:00:00,21934359.151182704 
 03/08  04:00:00,20532834.584844843 
 03/08  05:00:00,18814617.858608477 
 03/08  06:00:00,17895596.99864684 
 03/08  07:00:00,17147036.518314347 
 03/08  08:00:00,16439513.369235538 
 03/08  09:00:00,15520416.038024683 
 03/08  10:00:00,12941167.703265991 
 03/08  11:00:00,7380679.827511779 
 03/08  12:00:00,3752874.0917360433 
 03/08  13:00:00,2207704.8465868216 
 03/08  14:00:00,5601051.921109512 
 03/08  15:00:00,10648255.27273615 
 03/08  16:00:00,3798028.5925963717 
 03/08  17:00:00,3989795.3605601722 
 03/08  18:00:00,4930967.66604932 
 03/08  19:00:00,6673291.348646093 
 03/08  20:00:00,7976535.411724568 
 03/08  21:00:00,8451743.384267267 
 03/08  22:00:00,8649602.151004948 
 03/08  23:00:00,8797397.356356684 
 03/08  24:00:00,8920348.461001942 
 03/09  01:00:00,9312242.826980628 
 03/09  02:00:00,9542262.603382649 
 03/09  03:00:00,9822178.310294207 
 03/09  04:00:00,10406902.031492021 
 03/09  05:00:00,10993992.421495719 
 03/09  06:00:00,11825830.223028729 
 03/09  07:00:00,12388824.31830892 
 03/09  08:00:00,12134275.29340626 
 03/09  09:00:00,10553963.260740021 
 03/09  10:00:00,4248964.899349286 
 03/09  11:00:00,100995.74818223047 
 03/09  12:00:00,0.0 
 03/09  13:00:00,0.0 
 03/09  14:00:00,0.0 
 03/09  15:00:00,0.0 
 03/09  16:00:00,0.0 
 03/09  17:00:00,0.0 
 03/09  18:00:00,0.0 
 03/09  19:00:00,0.0 
 03/09  20:00:00,835774.9404709548 
 03/09  21:00:00,2422570.8657861366 
 03/09  22:00:00,3621720.085113925 
 03/09  23:00:00,4656186.211560153 
 03/09  24:00:00,5272191.060900526 
 03/10  01:00:00,6216641.431460623 
 03/10  02:00:00,7636115.772546023 
 03/10  03:00:00,8680362.423442788 
 03/10  04:00:00,9061638.712301234 
 03/10  05:00:00,8804365.794081286 
 03/10  06:00:00,8840382.71667565 
 03/10  07:00:00,9511405.149665024 
 03/10  08:00:00,10247987.093313752 
 03/10  09:00:00,9440421.9459269 
 03/10  10:00:00,6254193.475753848 
 03/10  11:00:00,4504158.9425366605 
 03/10  12:00:00,2989185.4985803636 
 03/10  13:00:00,482427.3315507912 
 03/10  14:00:00,0.0 
 03/10  15:00:00,0.0 
 03/10  16:00:00,0.0 
 03/10  17:00:00,0.0 
 03/10  18:00:00,0.0 
 03/10  19:00:00,2638661.0149645833 
 03/10  20:00:00,6137789.549788291 
 03/10  21:00:00,7949369.16226175 
 03/10  22:00:00,10163441.530683344 
 03/10  23:00:00,11713393.118420554 
 03/10  24:00:00,12193061.970522692 
 03/11  01:00:00,12695884.12746125 
 03/11  02:00:00,13397508.338863764 
 03/11  03:00:00,13971010.60470547 
 03/11  04:00:00,14372328.289345799 
 03/11  05:00:00,14649590.025416913 
 03/11  06:00:00,14778022.87100899 
 03/11  07:00:00,14502037.607135314 
 03/11  08:00:00,13865692.313714484 
 03/11  09:00:00,13636976.152722765 
 03/11  10:00:00,12598515.532029986 
 03/11  11:00:00,11343603.710527368 
 03/11  12:00:00,9700774.973432614 
 03/11  13:00:00,7486950.01907611 
 03/11  14:00:00,7910907.162958015 
 03/11  15:00:00,7437287.91206029 
 03/11  16:00:00,7344884.857687801 
 03/11  17:00:00,6959557.46801896 
 03/11  18:00:00,7775452.466454197 
 03/11  19:00:00,9274921.03784394 
 03/11  20:00:00,10408527.568006422 
 03/11  21:00:00,10691314.268664625 
 03/11  22:00:00,10911424.172534067 
 03/11  23:00:00,11309782.400314441 
 03/11  24:00:00,11467847.837623676 
 03/12  01:00:00,11496754.496196276 
 03/12  02:00:00,11886808.64406954 
 03/12  03:00:00,11886165.412354425 
 03/12  04:00:00,11849172.884247646 
 03/12  05:00:00,11936367.79206029 
 03/12  06:00:00,11470848.738570822 
 03/12  07:00:00,10914535.145645926 
 03/12  08:00:00,10545809.151545327 
 03/12  09:00:00,9364820.44985784 
 03/12  10:00:00,5290187.788933451 
 03/12  11:00:00,1104152.4977367895 
 03/12  12:00:00,0.0 
 03/12  13:00:00,0.0 
 03/12  14:00:00,0.0 
 03/12  15:00:00,0.0 
 03/12  16:00:00,0.0 
 03/12  17:00:00,0.0 
 03/12  18:00:00,0.0 
 03/12  19:00:00,0.0 
 03/12  20:00:00,1190311.2324648327 
 03/12  21:00:00,3837009.5301162293 
 03/12  22:00:00,5477153.456321153 
 03/12  23:00:00,6294863.512226978 
 03/12  24:00:00,6685083.96021894 
 03/13  01:00:00,7150164.6225771215 
 03/13  02:00:00,7327185.531808302 
 03/13  03:00:00,7423547.770500325 
 03/13  04:00:00,7839398.76427631 
 03/13  05:00:00,8238415.029094801 
 03/13  06:00:00,8678100.57305401 
 03/13  07:00:00,9198967.299371636 
 03/13  08:00:00,9458680.515200581 
 03/13  09:00:00,7487280.793185882 
 03/13  10:00:00,2715188.1106435726 
 03/13  11:00:00,57293.73894500678 
 03/13  12:00:00,0.0 
 03/13  13:00:00,0.0 
 03/13  14:00:00,0.0 
 03/13  15:00:00,0.0 
 03/13  16:00:00,0.0 
 03/13  17:00:00,0.0 
 03/13  18:00:00,0.0 
 03/13  19:00:00,0.0 
 03/13  20:00:00,0.0 
 03/13  21:00:00,0.0 
 03/13  22:00:00,508257.1513006522 
 03/13  23:00:00,3556014.551550866 
 03/13  24:00:00,5205729.834823805 
 03/14  01:00:00,6704245.791696491 
 03/14  02:00:00,7595495.599545123 
 03/14  03:00:00,7635423.361074223 
 03/14  04:00:00,8386448.150216019 
 03/14  05:00:00,9361725.286174128 
 03/14  06:00:00,9684507.32827812 
 03/14  07:00:00,10278738.556736762 
 03/14  08:00:00,11121044.536323275 
 03/14  09:00:00,11638386.17346291 
 03/14  10:00:00,11628413.752671588 
 03/14  11:00:00,11514353.492500545 
 03/14  12:00:00,10248822.129446711 
 03/14  13:00:00,1235495.3492675857 
 03/14  14:00:00,0.0 
 03/14  15:00:00,0.0 
 03/14  16:00:00,0.0 
 03/14  17:00:00,0.0 
 03/14  18:00:00,0.0 
 03/14  19:00:00,4534304.567393859 
 03/14  20:00:00,9849843.85696994 
 03/14  21:00:00,11330012.400411334 
 03/14  22:00:00,12209040.72873472 
 03/14  23:00:00,13230386.035969377 
 03/14  24:00:00,13731172.048012545 
 03/15  01:00:00,14367240.588770794 
 03/15  02:00:00,15428413.02951384 
 03/15  03:00:00,16333518.753829896 
 03/15  04:00:00,17349129.361427516 
 03/15  05:00:00,18725807.914809827 
 03/15  06:00:00,19683933.63366178 
 03/15  07:00:00,19693577.516124737 
 03/15  08:00:00,19044486.54623062 
 03/15  09:00:00,15212173.82977026 
 03/15  10:00:00,7752816.479708271 
 03/15  11:00:00,1323761.555010111 
 03/15  12:00:00,0.0 
 03/15  13:00:00,0.0 
 03/15  14:00:00,0.0 
 03/15  15:00:00,0.0 
 03/15  16:00:00,0.0 
 03/15  17:00:00,0.0 
 03/15  18:00:00,0.0 
 03/15  19:00:00,1977514.3468171083 
 03/15  20:00:00,8297292.877976383 
 03/15  21:00:00,11271862.17195571 
 03/15  22:00:00,13479268.20654931 
 03/15  23:00:00,15332604.379418135 
 03/15  24:00:00,16597222.5458962 
 03/16  01:00:00,16634762.56674013 
 03/16  02:00:00,16573662.214899832 
 03/16  03:00:00,18012297.915814314 
 03/16  04:00:00,19604414.601197667 
 03/16  05:00:00,20161876.98699617 
 03/16  06:00:00,20908425.9310971 
 03/16  07:00:00,21626398.087375477 
 03/16  08:00:00,21442830.02124483 
 03/16  09:00:00,16367520.689754087 
 03/16  10:00:00,6942719.42317623 
 03/16  11:00:00,725300.1652902261 
 03/16  12:00:00,0.0 
 03/16  13:00:00,0.0 
 03/16  14:00:00,0.0 
 03/16  15:00:00,0.0 
 03/16  16:00:00,0.0 
 03/16  17:00:00,0.0 
 03/16  18:00:00,0.0 
 03/16  19:00:00,0.0 
 03/16  20:00:00,1930836.6490376336 
 03/16  21:00:00,4314194.35475956 
 03/16  22:00:00,5561834.746996323 
 03/16  23:00:00,6329187.320232626 
 03/16  24:00:00,6581619.324876461 
 03/17  01:00:00,7022993.18385394 
 03/17  02:00:00,8048320.950918351 
 03/17  03:00:00,8917598.744916832 
 03/17  04:00:00,9522600.495551676 
 03/17  05:00:00,10017838.827947019 
 03/17  06:00:00,10273399.905337412 
 03/17  07:00:00,10499952.388913225 
 03/17  08:00:00,10499487.36144586 
 03/17  09:00:00,8378405.49247755 
 03/17  10:00:00,3476713.377209021 
 03/17  11:00:00,131816.5487523955 
 03/17  12:00:00,0.0 
 03/17  13:00:00,0.0 
 03/17  14:00:00,0.0 
 03/17  15:00:00,0.0 
 03/17  16:00:00,0.0 
 03/17  17:00:00,0.0 
 03/17  18:00:00,0.0 
 03/17  19:00:00,0.0 
 03/17  20:00:00,1239142.436505171 
 03/17  21:00:00,2995552.323267195 
 03/17  22:00:00,4693885.003885576 
 03/17  23:00:00,6000222.818325847 
 03/17  24:00:00,6913239.264211876 
 03/18  01:00:00,8018864.609957796 
 03/18  02:00:00,9164288.157415753 
 03/18  03:00:00,10425466.89618762 
 03/18  04:00:00,11634962.544519704 
 03/18  05:00:00,12659489.54166047 
 03/18  06:00:00,13589150.796507133 
 03/18  07:00:00,14154506.770763416 
 03/18  08:00:00,13964585.545915889 
 03/18  09:00:00,10362357.641089626 
 03/18  10:00:00,3487168.8691376653 
 03/18  11:00:00,33511.10976829004 
 03/18  12:00:00,0.0 
 03/18  13:00:00,0.0 
 03/18  14:00:00,0.0 
 03/18  15:00:00,0.0 
 03/18  16:00:00,0.0 
 03/18  17:00:00,0.0 
 03/18  18:00:00,0.0 
 03/18  19:00:00,0.0 
 03/18  20:00:00,1751023.486369038 
 03/18  21:00:00,3673997.325991199 
 03/18  22:00:00,5108946.709155252 
 03/18  23:00:00,6466841.213281113 
 03/18  24:00:00,6889909.404571652 
 03/19  01:00:00,7546485.600871137 
 03/19  02:00:00,8460152.977445157 
 03/19  03:00:00,9092571.941863861 
 03/19  04:00:00,9792742.070569849 
 03/19  05:00:00,10312682.444351144 
 03/19  06:00:00,10314905.497318802 
 03/19  07:00:00,10570190.979627846 
 03/19  08:00:00,10579999.248979898 
 03/19  09:00:00,8469550.894261777 
 03/19  10:00:00,4488872.07571191 
 03/19  11:00:00,963507.2091415555 
 03/19  12:00:00,981344.9555611428 
 03/19  13:00:00,88921.36851767935 
 03/19  14:00:00,0.0 
 03/19  15:00:00,0.0 
 03/19  16:00:00,0.0 
 03/19  17:00:00,0.0 
 03/19  18:00:00,2173497.0447441647 
 03/19  19:00:00,5622578.552182066 
 03/19  20:00:00,6892559.337124619 
 03/19  21:00:00,8057177.89883502 
 03/19  22:00:00,9289458.986443046 
 03/19  23:00:00,9871165.68190564 
 03/19  24:00:00,10775437.779993147 
 03/20  01:00:00,11921096.065577492 
 03/20  02:00:00,12898812.612161357 
 03/20  03:00:00,14060382.546000697 
 03/20  04:00:00,15241712.078607563 
 03/20  05:00:00,15901057.265044931 
 03/20  06:00:00,16390392.744903903 
 03/20  07:00:00,16791540.57702857 
 03/20  08:00:00,16398402.062507933 
 03/20  09:00:00,13359349.63495144 
 03/20  10:00:00,8510491.748733833 
 03/20  11:00:00,4636311.35296245 
 03/20  12:00:00,2854541.36126413 
 03/20  13:00:00,1389514.3025520048 
 03/20  14:00:00,0.0 
 03/20  15:00:00,0.0 
 03/20  16:00:00,0.0 
 03/20  17:00:00,0.0 
 03/20  18:00:00,0.0 
 03/20  19:00:00,2209680.530175957 
 03/20  20:00:00,8057179.806982092 
 03/20  21:00:00,10998477.087491034 
 03/20  22:00:00,12300168.43333434 
 03/20  23:00:00,12858724.004708922 
 03/20  24:00:00,13533196.605107097 
 03/21  01:00:00,14599263.143360108 
 03/21  02:00:00,15482487.921491465 
 03/21  03:00:00,16130876.29913189 
 03/21  04:00:00,16884507.189702787 
 03/21  05:00:00,17929840.518263094 
 03/21  06:00:00,18668461.125206657 
 03/21  07:00:00,18999971.823987927 
 03/21  08:00:00,18231539.454031553 
 03/21  09:00:00,12793098.23465822 
 03/21  10:00:00,4788716.836825516 
 03/21  11:00:00,209450.96175305225 
 03/21  12:00:00,0.0 
 03/21  13:00:00,0.0 
 03/21  14:00:00,0.0 
 03/21  15:00:00,0.0 
 03/21  16:00:00,0.0 
 03/21  17:00:00,0.0 
 03/21  18:00:00,0.0 
 03/21  19:00:00,0.0 
 03/21  20:00:00,0.0 
 03/21  21:00:00,1896378.8514439643 
 03/21  22:00:00,4312887.6039063 
 03/21  23:00:00,6360741.532198055 
 03/21  24:00:00,8574750.654320128 
 03/22  01:00:00,10762398.049310189 
 03/22  02:00:00,12557832.495192949 
 03/22  03:00:00,14401828.11437327 
 03/22  04:00:00,16271071.153775765 
 03/22  05:00:00,17667673.37686702 
 03/22  06:00:00,18685434.65288842 
 03/22  07:00:00,19453001.45685068 
 03/22  08:00:00,18358567.37891814 
 03/22  09:00:00,10907299.068739831 
 03/22  10:00:00,2469123.423332902 
 03/22  11:00:00,0.0 
 03/22  12:00:00,0.0 
 03/22  13:00:00,0.0 
 03/22  14:00:00,0.0 
 03/22  15:00:00,0.0 
 03/22  16:00:00,0.0 
 03/22  17:00:00,0.0 
 03/22  18:00:00,0.0 
 03/22  19:00:00,0.0 
 03/22  20:00:00,0.0 
 03/22  21:00:00,0.0 
 03/22  22:00:00,0.0 
 03/22  23:00:00,0.0 
 03/22  24:00:00,397773.4530005408 
 03/23  01:00:00,1630052.4007133855 
 03/23  02:00:00,2775299.658441818 
 03/23  03:00:00,3590651.0664991396 
 03/23  04:00:00,3885989.577603597 
 03/23  05:00:00,4303308.552349235 
 03/23  06:00:00,4973030.644000973 
 03/23  07:00:00,5412945.763591941 
 03/23  08:00:00,5659578.141376101 
 03/23  09:00:00,4366242.916007568 
 03/23  10:00:00,973479.941836955 
 03/23  11:00:00,0.0 
 03/23  12:00:00,0.0 
 03/23  13:00:00,0.0 
 03/23  14:00:00,0.0 
 03/23  15:00:00,0.0 
 03/23  16:00:00,0.0 
 03/23  17:00:00,0.0 
 03/23  18:00:00,0.0 
 03/23  19:00:00,0.0 
 03/23  20:00:00,215991.6860562844 
 03/23  21:00:00,1172252.7958737665 
 03/23  22:00:00,1954898.2464969277 
 03/23  23:00:00,2560750.9669117513 
 03/23  24:00:00,3250640.980240248 
 03/24  01:00:00,3889236.022277626 
 03/24  02:00:00,4355185.353601991 
 03/24  03:00:00,5028638.126843327 
 03/24  04:00:00,6669319.086675661 
 03/24  05:00:00,7175384.253412832 
 03/24  06:00:00,7091747.697715569 
 03/24  07:00:00,7252775.578615086 
 03/24  08:00:00,7221037.965982212 
 03/24  09:00:00,6148386.565416657 
 03/24  10:00:00,3241354.462897403 
 03/24  11:00:00,1600539.232434256 
 03/24  12:00:00,0.0 
 03/24  13:00:00,0.0 
 03/24  14:00:00,1848036.8857406788 
 03/24  15:00:00,5056379.13169626 
 03/24  16:00:00,5562499.625733226 
 03/24  17:00:00,5968064.396191699 
 03/24  18:00:00,6257541.534289281 
 03/24  19:00:00,6796701.438652918 
 03/24  20:00:00,8332718.330733481 
 03/24  21:00:00,9706853.69576674 
 03/24  22:00:00,10756886.849824917 
 03/24  23:00:00,11094352.622701036 
 03/24  24:00:00,12013297.308858585 
 03/25  01:00:00,12925095.7712496 
 03/25  02:00:00,13557878.436780466 
 03/25  03:00:00,14263775.078078574 
 03/25  04:00:00,14929160.70724818 
 03/25  05:00:00,15114378.742157027 
 03/25  06:00:00,15108621.714808263 
 03/25  07:00:00,15116194.663142588 
 03/25  08:00:00,13428248.441829756 
 03/25  09:00:00,8840915.362541012 
 03/25  10:00:00,4510866.507508048 
 03/25  11:00:00,802142.6378013587 
 03/25  12:00:00,0.0 
 03/25  13:00:00,0.0 
 03/25  14:00:00,0.0 
 03/25  15:00:00,0.0 
 03/25  16:00:00,0.0 
 03/25  17:00:00,0.0 
 03/25  18:00:00,0.0 
 03/25  19:00:00,0.0 
 03/25  20:00:00,2345516.8215696886 
 03/25  21:00:00,4265305.748340933 
 03/25  22:00:00,5878253.558383779 
 03/25  23:00:00,7242406.387418537 
 03/25  24:00:00,7867248.087183069 
 03/26  01:00:00,8500778.604088437 
 03/26  02:00:00,8947953.086996794 
 03/26  03:00:00,9344376.110620866 
 03/26  04:00:00,9343295.13552885 
 03/26  05:00:00,8923873.711246146 
 03/26  06:00:00,9212140.380550604 
 03/26  07:00:00,9621904.971371867 
 03/26  08:00:00,9396342.260353813 
 03/26  09:00:00,8944919.30696723 
 03/26  10:00:00,7550386.438866674 
 03/26  11:00:00,3640244.7053916412 
 03/26  12:00:00,262868.52886788547 
 03/26  13:00:00,0.0 
 03/26  14:00:00,0.0 
 03/26  15:00:00,0.0 
 03/26  16:00:00,0.0 
 03/26  17:00:00,0.0 
 03/26  18:00:00,0.0 
 03/26  19:00:00,19753.572052012172 
 03/26  20:00:00,3750218.0657301787 
 03/26  21:00:00,8116835.6992946295 
 03/26  22:00:00,9288826.733017977 
 03/26  23:00:00,10105973.937776573 
 03/26  24:00:00,11426508.673863452 
 03/27  01:00:00,12454346.260421768 
 03/27  02:00:00,12022737.939396897 
 03/27  03:00:00,12137574.43562313 
 03/27  04:00:00,12717756.235142957 
 03/27  05:00:00,12991844.791011874 
 03/27  06:00:00,12804589.626528908 
 03/27  07:00:00,12825991.13233554 
 03/27  08:00:00,12835420.927734343 
 03/27  09:00:00,12231927.992570192 
 03/27  10:00:00,10796079.587536708 
 03/27  11:00:00,6146055.958620476 
 03/27  12:00:00,2099186.7261968846 
 03/27  13:00:00,48073.40656723172 
 03/27  14:00:00,0.0 
 03/27  15:00:00,0.0 
 03/27  16:00:00,0.0 
 03/27  17:00:00,244255.1549505777 
 03/27  18:00:00,1197005.3118912382 
 03/27  19:00:00,4504245.078833457 
 03/27  20:00:00,11471223.013935266 
 03/27  21:00:00,12869640.369292432 
 03/27  22:00:00,14308250.743717346 
 03/27  23:00:00,15902181.7308185 
 03/27  24:00:00,17349633.67368732 
 03/28  01:00:00,18648682.28837048 
 03/28  02:00:00,19768364.76094167 
 03/28  03:00:00,20968642.429707255 
 03/28  04:00:00,22002081.25867477 
 03/28  05:00:00,22627836.45539517 
 03/28  06:00:00,23286761.01467015 
 03/28  07:00:00,23294343.249286674 
 03/28  08:00:00,21086292.683658507 
 03/28  09:00:00,12664992.148392746 
 03/28  10:00:00,4927305.975348689 
 03/28  11:00:00,401411.56313861435 
 03/28  12:00:00,0.0 
 03/28  13:00:00,0.0 
 03/28  14:00:00,0.0 
 03/28  15:00:00,0.0 
 03/28  16:00:00,0.0 
 03/28  17:00:00,0.0 
 03/28  18:00:00,0.0 
 03/28  19:00:00,0.0 
 03/28  20:00:00,2200045.5890482613 
 03/28  21:00:00,5601120.769457679 
 03/28  22:00:00,6861677.834973522 
 03/28  23:00:00,7141155.457263071 
 03/28  24:00:00,7162390.630344374 
 03/29  01:00:00,7415440.837872662 
 03/29  02:00:00,7988949.821350039 
 03/29  03:00:00,8637467.906697411 
 03/29  04:00:00,9264723.647081062 
 03/29  05:00:00,9786911.461287493 
 03/29  06:00:00,10307366.339328155 
 03/29  07:00:00,10657628.885413468 
 03/29  08:00:00,10266196.750208348 
 03/29  09:00:00,7222933.761451989 
 03/29  10:00:00,2475686.289304204 
 03/29  11:00:00,0.0 
 03/29  12:00:00,0.0 
 03/29  13:00:00,0.0 
 03/29  14:00:00,0.0 
 03/29  15:00:00,0.0 
 03/29  16:00:00,0.0 
 03/29  17:00:00,0.0 
 03/29  18:00:00,0.0 
 03/29  19:00:00,0.0 
 03/29  20:00:00,0.0 
 03/29  21:00:00,0.0 
 03/29  22:00:00,0.0 
 03/29  23:00:00,0.0 
 03/29  24:00:00,274933.2309990445 
 03/30  01:00:00,1081607.9881148303 
 03/30  02:00:00,2119958.9294226463 
 03/30  03:00:00,3621959.2006726903 
 03/30  04:00:00,4476928.008557744 
 03/30  05:00:00,4645775.18356536 
 03/30  06:00:00,4989876.04295041 
 03/30  07:00:00,5416754.392217415 
 03/30  08:00:00,5336563.776338268 
 03/30  09:00:00,3227408.2505932786 
 03/30  10:00:00,87866.44720280965 
 03/30  11:00:00,0.0 
 03/30  12:00:00,0.0 
 03/30  13:00:00,0.0 
 03/30  14:00:00,0.0 
 03/30  15:00:00,0.0 
 03/30  16:00:00,0.0 
 03/30  17:00:00,0.0 
 03/30  18:00:00,0.0 
 03/30  19:00:00,0.0 
 03/30  20:00:00,0.0 
 03/30  21:00:00,0.0 
 03/30  22:00:00,944710.6270564015 
 03/30  23:00:00,2177430.703296737 
 03/30  24:00:00,3418173.786134036 
 03/31  01:00:00,4468068.12457129 
 03/31  02:00:00,4513057.327096795 
 03/31  03:00:00,4200905.292941224 
 03/31  04:00:00,4137340.6375223603 
 03/31  05:00:00,4870462.227308715 
 03/31  06:00:00,5650713.8304072 
 03/31  07:00:00,5964643.194161013 
 03/31  08:00:00,5591853.804055194 
 03/31  09:00:00,3292911.6487951875 
 03/31  10:00:00,662927.8826173249 
 03/31  11:00:00,0.0 
 03/31  12:00:00,0.0 
 03/31  13:00:00,0.0 
 03/31  14:00:00,0.0 
 03/31  15:00:00,0.0 
 03/31  16:00:00,0.0 
 03/31  17:00:00,0.0 
 03/31  18:00:00,0.0 
 03/31  19:00:00,0.0 
 03/31  20:00:00,1324990.22230661 
 03/31  21:00:00,4390078.41460848 
 03/31  22:00:00,6042559.30641743 
 03/31  23:00:00,7271090.369214468 
 03/31  24:00:00,8123678.426256329 
 04/01  01:00:00,8957897.260317119 
 04/01  02:00:00,9778169.346127553 
 04/01  03:00:00,10364555.649347331 
 04/01  04:00:00,10607226.06213572 
 04/01  05:00:00,10920064.542737434 
 04/01  06:00:00,10864062.111655574 
 04/01  07:00:00,11532711.62943322 
 04/01  08:00:00,11474210.425532127 
 04/01  09:00:00,8131334.834880418 
 04/01  10:00:00,4106763.3700853065 
 04/01  11:00:00,1124873.837431633 
 04/01  12:00:00,0.0 
 04/01  13:00:00,0.0 
 04/01  14:00:00,0.0 
 04/01  15:00:00,246325.4528720014 
 04/01  16:00:00,3316227.556062977 
 04/01  17:00:00,2706053.5962983165 
 04/01  18:00:00,851438.7854215427 
 04/01  19:00:00,1334606.4749253835 
 04/01  20:00:00,8327470.365394006 
 04/01  21:00:00,9524240.311658606 
 04/01  22:00:00,9905461.247346664 
 04/01  23:00:00,10323792.621091673 
 04/01  24:00:00,11321787.883161087 
 04/02  01:00:00,12226609.525131742 
 04/02  02:00:00,12897956.691591926 
 04/02  03:00:00,13545369.920558335 
 04/02  04:00:00,13870922.532712573 
 04/02  05:00:00,13605192.517399376 
 04/02  06:00:00,13030065.244894385 
 04/02  07:00:00,12981091.861281404 
 04/02  08:00:00,12457878.716340074 
 04/02  09:00:00,11065099.206459599 
 04/02  10:00:00,9186523.072317446 
 04/02  11:00:00,7509747.43747537 
 04/02  12:00:00,5834794.369470808 
 04/02  13:00:00,2918413.990631491 
 04/02  14:00:00,2703673.9409276727 
 04/02  15:00:00,2591959.603765254 
 04/02  16:00:00,3501429.2814738555 
 04/02  17:00:00,3920290.007742753 
 04/02  18:00:00,6524606.793578498 
 04/02  19:00:00,8149722.202572192 
 04/02  20:00:00,10304162.733308878 
 04/02  21:00:00,10908585.371704616 
 04/02  22:00:00,11409495.063426157 
 04/02  23:00:00,11773764.752844429 
 04/02  24:00:00,11978798.030475121 
 04/03  01:00:00,12164609.124516547 
 04/03  02:00:00,12367680.193317454 
 04/03  03:00:00,12503079.060534753 
 04/03  04:00:00,12635531.724868082 
 04/03  05:00:00,12640183.588791564 
 04/03  06:00:00,12603419.52091742 
 04/03  07:00:00,12653564.762341771 
 04/03  08:00:00,12411467.496976055 
 04/03  09:00:00,11095579.360926908 
 04/03  10:00:00,8438624.799840393 
 04/03  11:00:00,4560478.040704429 
 04/03  12:00:00,2129763.262682131 
 04/03  13:00:00,573640.8063674236 
 04/03  14:00:00,0.0 
 04/03  15:00:00,0.0 
 04/03  16:00:00,0.0 
 04/03  17:00:00,0.0 
 04/03  18:00:00,0.0 
 04/03  19:00:00,891180.6135317879 
 04/03  20:00:00,9509365.654102001 
 04/03  21:00:00,11094643.124644224 
 04/03  22:00:00,12277328.375481006 
 04/03  23:00:00,13434092.633056356 
 04/03  24:00:00,14744588.763177559 
 04/04  01:00:00,15939332.953654375 
 04/04  02:00:00,17034367.06920494 
 04/04  03:00:00,18014983.558867253 
 04/04  04:00:00,18937553.208508525 
 04/04  05:00:00,19896756.231335722 
 04/04  06:00:00,20824882.15912211 
 04/04  07:00:00,21451814.39893999 
 04/04  08:00:00,19595423.66616553 
 04/04  09:00:00,12486572.944838762 
 04/04  10:00:00,6216423.192989912 
 04/04  11:00:00,1885867.24794749 
 04/04  12:00:00,0.0 
 04/04  13:00:00,0.0 
 04/04  14:00:00,0.0 
 04/04  15:00:00,0.0 
 04/04  16:00:00,0.0 
 04/04  17:00:00,0.0 
 04/04  18:00:00,0.0 
 04/04  19:00:00,0.0 
 04/04  20:00:00,6732828.990736052 
 04/04  21:00:00,9519943.152866375 
 04/04  22:00:00,11438683.281459616 
 04/04  23:00:00,12950912.128698425 
 04/04  24:00:00,14375054.176349364 
 04/05  01:00:00,15902280.595297556 
 04/05  02:00:00,17426131.213167433 
 04/05  03:00:00,18671167.973202575 
 04/05  04:00:00,19714980.589751404 
 04/05  05:00:00,20191290.64187332 
 04/05  06:00:00,20447286.292151455 
 04/05  07:00:00,21123517.560905762 
 04/05  08:00:00,19521452.228977684 
 04/05  09:00:00,11003083.284725495 
 04/05  10:00:00,4141153.674149821 
 04/05  11:00:00,261559.73534361692 
 04/05  12:00:00,0.0 
 04/05  13:00:00,0.0 
 04/05  14:00:00,0.0 
 04/05  15:00:00,0.0 
 04/05  16:00:00,0.0 
 04/05  17:00:00,0.0 
 04/05  18:00:00,0.0 
 04/05  19:00:00,0.0 
 04/05  20:00:00,4365906.625630758 
 04/05  21:00:00,8887925.711549295 
 04/05  22:00:00,11985461.294836495 
 04/05  23:00:00,14306414.73367108 
 04/05  24:00:00,15944321.510806855 
 04/06  01:00:00,17369748.786389705 
 04/06  02:00:00,18015480.598140627 
 04/06  03:00:00,18747623.3617469 
 04/06  04:00:00,19957356.451862272 
 04/06  05:00:00,20517313.933553062 
 04/06  06:00:00,20582618.837090917 
 04/06  07:00:00,20479614.317860533 
 04/06  08:00:00,18190351.46293317 
 04/06  09:00:00,12314541.709533757 
 04/06  10:00:00,5671740.437967056 
 04/06  11:00:00,221417.6831790661 
 04/06  12:00:00,0.0 
 04/06  13:00:00,0.0 
 04/06  14:00:00,0.0 
 04/06  15:00:00,0.0 
 04/06  16:00:00,0.0 
 04/06  17:00:00,0.0 
 04/06  18:00:00,0.0 
 04/06  19:00:00,0.0 
 04/06  20:00:00,1143071.8398438287 
 04/06  21:00:00,4111330.323472282 
 04/06  22:00:00,6415586.292449718 
 04/06  23:00:00,9099072.249493007 
 04/06  24:00:00,10090117.35891551 
 04/07  01:00:00,10782228.307776537 
 04/07  02:00:00,12082522.698453134 
 04/07  03:00:00,13727187.689218558 
 04/07  04:00:00,15324281.776635734 
 04/07  05:00:00,16542824.24324066 
 04/07  06:00:00,16527974.915719643 
 04/07  07:00:00,16172669.881581146 
 04/07  08:00:00,14966629.659178365 
 04/07  09:00:00,9422433.82630916 
 04/07  10:00:00,3530824.0679916623 
 04/07  11:00:00,88529.92520316549 
 04/07  12:00:00,0.0 
 04/07  13:00:00,0.0 
 04/07  14:00:00,0.0 
 04/07  15:00:00,0.0 
 04/07  16:00:00,0.0 
 04/07  17:00:00,4602559.656380978 
 04/07  18:00:00,1043223.4793172044 
 04/07  19:00:00,177625.98449577636 
 04/07  20:00:00,7190227.853063509 
 04/07  21:00:00,9523320.852365837 
 04/07  22:00:00,11643733.444602069 
 04/07  23:00:00,13062810.363998495 
 04/07  24:00:00,14192715.80175147 
 04/08  01:00:00,15283614.236854246 
 04/08  02:00:00,16494714.05899832 
 04/08  03:00:00,17641592.150178302 
 04/08  04:00:00,18452285.9778288 
 04/08  05:00:00,19118959.006507903 
 04/08  06:00:00,19624566.512766436 
 04/08  07:00:00,19675836.119601373 
 04/08  08:00:00,16900637.92882409 
 04/08  09:00:00,8768708.786893927 
 04/08  10:00:00,2271394.42373626 
 04/08  11:00:00,0.0 
 04/08  12:00:00,0.0 
 04/08  13:00:00,0.0 
 04/08  14:00:00,0.0 
 04/08  15:00:00,0.0 
 04/08  16:00:00,0.0 
 04/08  17:00:00,0.0 
 04/08  18:00:00,0.0 
 04/08  19:00:00,0.0 
 04/08  20:00:00,725598.8891739035 
 04/08  21:00:00,4087020.007206898 
 04/08  22:00:00,6670975.451585737 
 04/08  23:00:00,8729234.906886095 
 04/08  24:00:00,10219487.17083697 
 04/09  01:00:00,11899449.166796317 
 04/09  02:00:00,13767017.062113555 
 04/09  03:00:00,15376107.179372493 
 04/09  04:00:00,16233723.964243023 
 04/09  05:00:00,16756025.47896126 
 04/09  06:00:00,17822187.58737145 
 04/09  07:00:00,18478885.191180155 
 04/09  08:00:00,15169167.909365805 
 04/09  09:00:00,6105070.231791257 
 04/09  10:00:00,471394.0940229877 
 04/09  11:00:00,0.0 
 04/09  12:00:00,0.0 
 04/09  13:00:00,0.0 
 04/09  14:00:00,0.0 
 04/09  15:00:00,0.0 
 04/09  16:00:00,0.0 
 04/09  17:00:00,0.0 
 04/09  18:00:00,0.0 
 04/09  19:00:00,0.0 
 04/09  20:00:00,0.0 
 04/09  21:00:00,2239248.2562698545 
 04/09  22:00:00,5868600.730442449 
 04/09  23:00:00,8139398.545597402 
 04/09  24:00:00,8451518.839276493 
 04/10  01:00:00,8826056.513755204 
 04/10  02:00:00,10210669.16041413 
 04/10  03:00:00,11784545.588146262 
 04/10  04:00:00,13187914.109686993 
 04/10  05:00:00,14328543.411295416 
 04/10  06:00:00,15300900.300205655 
 04/10  07:00:00,15710689.21894583 
 04/10  08:00:00,12856663.094119485 
 04/10  09:00:00,5032075.182402028 
 04/10  10:00:00,180741.76347386674 
 04/10  11:00:00,0.0 
 04/10  12:00:00,0.0 
 04/10  13:00:00,0.0 
 04/10  14:00:00,0.0 
 04/10  15:00:00,0.0 
 04/10  16:00:00,0.0 
 04/10  17:00:00,0.0 
 04/10  18:00:00,0.0 
 04/10  19:00:00,0.0 
 04/10  20:00:00,0.0 
 04/10  21:00:00,0.0 
 04/10  22:00:00,1342937.02922822 
 04/10  23:00:00,2961998.0940619735 
 04/10  24:00:00,3668588.46323137 
 04/11  01:00:00,4065640.4508790383 
 04/11  02:00:00,4642103.804054076 
 04/11  03:00:00,5314694.964840978 
 04/11  04:00:00,5995036.558592309 
 04/11  05:00:00,6705866.496036262 
 04/11  06:00:00,7430738.786784369 
 04/11  07:00:00,8167113.471369952 
 04/11  08:00:00,7765994.4898641175 
 04/11  09:00:00,6107783.853512555 
 04/11  10:00:00,4044890.9492200622 
 04/11  11:00:00,1998503.0593841402 
 04/11  12:00:00,433474.3145098735 
 04/11  13:00:00,0.0 
 04/11  14:00:00,0.0 
 04/11  15:00:00,0.0 
 04/11  16:00:00,0.0 
 04/11  17:00:00,0.0 
 04/11  18:00:00,0.0 
 04/11  19:00:00,0.0 
 04/11  20:00:00,987522.0788051841 
 04/11  21:00:00,3348726.509239384 
 04/11  22:00:00,5116688.719226174 
 04/11  23:00:00,6335558.142601818 
 04/11  24:00:00,7207634.238876088 
 04/12  01:00:00,7859907.565234797 
 04/12  02:00:00,8176548.229769919 
 04/12  03:00:00,8492972.55777862 
 04/12  04:00:00,8853684.326061046 
 04/12  05:00:00,9136724.908291927 
 04/12  06:00:00,9373272.172404181 
 04/12  07:00:00,9354197.901330454 
 04/12  08:00:00,8373181.911602662 
 04/12  09:00:00,6644565.731660195 
 04/12  10:00:00,6135428.19428229 
 04/12  11:00:00,4176397.675547755 
 04/12  12:00:00,2232774.577694944 
 04/12  13:00:00,1112039.3014869515 
 04/12  14:00:00,1080486.7107891135 
 04/12  15:00:00,511477.0577878262 
 04/12  16:00:00,1784643.1188196563 
 04/12  17:00:00,6568177.335474502 
 04/12  18:00:00,5627383.018902905 
 04/12  19:00:00,4491889.05624803 
 04/12  20:00:00,6957968.770116012 
 04/12  21:00:00,8788768.21139806 
 04/12  22:00:00,10742259.190094452 
 04/12  23:00:00,12700507.774853123 
 04/12  24:00:00,13785313.91981405 
 04/13  01:00:00,14826225.593943754 
 04/13  02:00:00,16171025.532796998 
 04/13  03:00:00,17055149.28805216 
 04/13  04:00:00,17810155.791748807 
 04/13  05:00:00,18753584.65122066 
 04/13  06:00:00,19170083.808972858 
 04/13  07:00:00,18531797.54045349 
 04/13  08:00:00,14489947.586585153 
 04/13  09:00:00,6579457.4512413135 
 04/13  10:00:00,1567166.6304763989 
 04/13  11:00:00,6535.169677465456 
 04/13  12:00:00,0.0 
 04/13  13:00:00,0.0 
 04/13  14:00:00,0.0 
 04/13  15:00:00,0.0 
 04/13  16:00:00,0.0 
 04/13  17:00:00,0.0 
 04/13  18:00:00,0.0 
 04/13  19:00:00,0.0 
 04/13  20:00:00,4141508.6347241113 
 04/13  21:00:00,8259547.219595586 
 04/13  22:00:00,10406399.729873827 
 04/13  23:00:00,11086685.852392178 
 04/13  24:00:00,11363898.306160262 
 04/14  01:00:00,12182621.193160396 
 04/14  02:00:00,12710543.81681771 
 04/14  03:00:00,13583779.303942323 
 04/14  04:00:00,14777984.46446679 
 04/14  05:00:00,15499240.523599073 
 04/14  06:00:00,15845220.526994135 
 04/14  07:00:00,15830195.835782556 
 04/14  08:00:00,13497972.235022416 
 04/14  09:00:00,6439512.196543631 
 04/14  10:00:00,2025239.5929644364 
 04/14  11:00:00,5562.158049454592 
 04/14  12:00:00,0.0 
 04/14  13:00:00,0.0 
 04/14  14:00:00,0.0 
 04/14  15:00:00,57741.32000645186 
 04/14  16:00:00,411890.1333954353 
 04/14  17:00:00,612997.459315278 
 04/14  18:00:00,872654.0189636145 
 04/14  19:00:00,2824589.050982999 
 04/14  20:00:00,6902904.833642151 
 04/14  21:00:00,9753773.411905665 
 04/14  22:00:00,10976015.45886989 
 04/14  23:00:00,11319908.04348921 
 04/14  24:00:00,11331522.15589752 
 04/15  01:00:00,11855338.828727782 
 04/15  02:00:00,12395494.134800276 
 04/15  03:00:00,12315446.994180612 
 04/15  04:00:00,12544950.595085025 
 04/15  05:00:00,12721665.79231178 
 04/15  06:00:00,12487765.278125161 
 04/15  07:00:00,12653591.13566177 
 04/15  08:00:00,12571342.851826787 
 04/15  09:00:00,8816848.238647837 
 04/15  10:00:00,4034911.3880862705 
 04/15  11:00:00,2893268.860425172 
 04/15  12:00:00,99201.26699510438 
 04/15  13:00:00,6557567.5441091955 
 04/15  14:00:00,5411079.123950604 
 04/15  15:00:00,1456284.097511571 
 04/15  16:00:00,2987286.364627938 
 04/15  17:00:00,5361974.496619022 
 04/15  18:00:00,6446947.131917742 
 04/15  19:00:00,7611780.585155497 
 04/15  20:00:00,9772382.728514386 
 04/15  21:00:00,10694352.354938168 
 04/15  22:00:00,11402050.844000235 
 04/15  23:00:00,11792808.269384904 
 04/15  24:00:00,12052422.194081714 
 04/16  01:00:00,12522469.528956054 
 04/16  02:00:00,13137788.69444256 
 04/16  03:00:00,13533173.437219724 
 04/16  04:00:00,14032789.944303256 
 04/16  05:00:00,14622671.763632149 
 04/16  06:00:00,15363161.273150269 
 04/16  07:00:00,15632507.415242448 
 04/16  08:00:00,13052796.738220125 
 04/16  09:00:00,7070822.799213161 
 04/16  10:00:00,3905462.4196093054 
 04/16  11:00:00,2520513.849628928 
 04/16  12:00:00,920765.2286417207 
 04/16  13:00:00,334719.321012235 
 04/16  14:00:00,77330.35311248168 
 04/16  15:00:00,576863.8836583602 
 04/16  16:00:00,1563388.5562118338 
 04/16  17:00:00,3193407.991799634 
 04/16  18:00:00,4697234.884703324 
 04/16  19:00:00,5420051.754683168 
 04/16  20:00:00,8672821.844303181 
 04/16  21:00:00,10228188.690798175 
 04/16  22:00:00,10796877.897638083 
 04/16  23:00:00,11206272.930384295 
 04/16  24:00:00,11685719.135612901 
 04/17  01:00:00,12408881.150744364 
 04/17  02:00:00,13085461.866809761 
 04/17  03:00:00,13547484.386989692 
 04/17  04:00:00,13791718.158692172 
 04/17  05:00:00,13976688.626598036 
 04/17  06:00:00,14269258.261723008 
 04/17  07:00:00,14047256.014727568 
 04/17  08:00:00,12319764.939684417 
 04/17  09:00:00,8235421.767251169 
 04/17  10:00:00,3372477.896542269 
 04/17  11:00:00,929611.0519185445 
 04/17  12:00:00,0.0 
 04/17  13:00:00,0.0 
 04/17  14:00:00,0.0 
 04/17  15:00:00,0.0 
 04/17  16:00:00,0.0 
 04/17  17:00:00,0.0 
 04/17  18:00:00,0.0 
 04/17  19:00:00,0.0 
 04/17  20:00:00,3500357.284338797 
 04/17  21:00:00,6512522.527296436 
 04/17  22:00:00,7757377.70418352 
 04/17  23:00:00,8986379.840347612 
 04/17  24:00:00,10429751.899800422 
 04/18  01:00:00,11814257.497466236 
 04/18  02:00:00,12930102.180402536 
 04/18  03:00:00,14087044.91801776 
 04/18  04:00:00,14891954.438168364 
 04/18  05:00:00,15344674.542837266 
 04/18  06:00:00,15854621.528188247 
 04/18  07:00:00,15801443.987938812 
 04/18  08:00:00,11900339.394933106 
 04/18  09:00:00,4280236.449435238 
 04/18  10:00:00,295747.7098258379 
 04/18  11:00:00,0.0 
 04/18  12:00:00,0.0 
 04/18  13:00:00,0.0 
 04/18  14:00:00,0.0 
 04/18  15:00:00,0.0 
 04/18  16:00:00,0.0 
 04/18  17:00:00,0.0 
 04/18  18:00:00,0.0 
 04/18  19:00:00,0.0 
 04/18  20:00:00,0.0 
 04/18  21:00:00,697877.2206654453 
 04/18  22:00:00,3319239.6580292685 
 04/18  23:00:00,5486760.752800974 
 04/18  24:00:00,7308921.035229264 
 04/19  01:00:00,8935371.49620919 
 04/19  02:00:00,10524544.169930495 
 04/19  03:00:00,12083019.11672956 
 04/19  04:00:00,13508702.195398327 
 04/19  05:00:00,14888245.84708615 
 04/19  06:00:00,16025010.892111871 
 04/19  07:00:00,15796309.903754056 
 04/19  08:00:00,10321926.196924012 
 04/19  09:00:00,2336757.08277886 
 04/19  10:00:00,0.0 
 04/19  11:00:00,0.0 
 04/19  12:00:00,0.0 
 04/19  13:00:00,0.0 
 04/19  14:00:00,0.0 
 04/19  15:00:00,0.0 
 04/19  16:00:00,0.0 
 04/19  17:00:00,0.0 
 04/19  18:00:00,0.0 
 04/19  19:00:00,0.0 
 04/19  20:00:00,0.0 
 04/19  21:00:00,0.0 
 04/19  22:00:00,1284013.874673062 
 04/19  23:00:00,4284295.339477466 
 04/19  24:00:00,6691150.077939179 
 04/20  01:00:00,8686130.199819949 
 04/20  02:00:00,10456449.086643914 
 04/20  03:00:00,12018728.159977954 
 04/20  04:00:00,13129369.05869314 
 04/20  05:00:00,14208811.445250522 
 04/20  06:00:00,14990270.27335486 
 04/20  07:00:00,14736868.334499678 
 04/20  08:00:00,10437200.44358174 
 04/20  09:00:00,3121032.5613502422 
 04/20  10:00:00,93375.63222858371 
 04/20  11:00:00,0.0 
 04/20  12:00:00,0.0 
 04/20  13:00:00,0.0 
 04/20  14:00:00,0.0 
 04/20  15:00:00,0.0 
 04/20  16:00:00,0.0 
 04/20  17:00:00,0.0 
 04/20  18:00:00,0.0 
 04/20  19:00:00,0.0 
 04/20  20:00:00,798622.5789554752 
 04/20  21:00:00,4438856.54215361 
 04/20  22:00:00,6286201.874447451 
 04/20  23:00:00,7956553.188729305 
 04/20  24:00:00,9772761.997138008 
 04/21  01:00:00,11223310.410725957 
 04/21  02:00:00,12087192.610264363 
 04/21  03:00:00,12589439.392925886 
 04/21  04:00:00,13181504.631916966 
 04/21  05:00:00,13893931.418332962 
 04/21  06:00:00,14960391.422596568 
 04/21  07:00:00,14609974.894832278 
 04/21  08:00:00,10713275.964037597 
 04/21  09:00:00,5020330.349451949 
 04/21  10:00:00,1523225.9776588704 
 04/21  11:00:00,0.0 
 04/21  12:00:00,0.0 
 04/21  13:00:00,0.0 
 04/21  14:00:00,0.0 
 04/21  15:00:00,0.0 
 04/21  16:00:00,0.0 
 04/21  17:00:00,0.0 
 04/21  18:00:00,0.0 
 04/21  19:00:00,0.0 
 04/21  20:00:00,0.0 
 04/21  21:00:00,749233.8334227919 
 04/21  22:00:00,2477985.2883836017 
 04/21  23:00:00,3561576.48494248 
 04/21  24:00:00,4275964.296603618 
 04/22  01:00:00,4926008.024595477 
 04/22  02:00:00,5458170.258634467 
 04/22  03:00:00,6034625.1289869025 
 04/22  04:00:00,6546594.703275531 
 04/22  05:00:00,6864168.4371060915 
 04/22  06:00:00,6985668.728673078 
 04/22  07:00:00,6862511.269254102 
 04/22  08:00:00,5194168.46559328 
 04/22  09:00:00,3031107.561524788 
 04/22  10:00:00,407555.18602912565 
 04/22  11:00:00,0.0 
 04/22  12:00:00,0.0 
 04/22  13:00:00,0.0 
 04/22  14:00:00,0.0 
 04/22  15:00:00,0.0 
 04/22  16:00:00,0.0 
 04/22  17:00:00,0.0 
 04/22  18:00:00,0.0 
 04/22  19:00:00,0.0 
 04/22  20:00:00,1121648.144597 
 04/22  21:00:00,4013101.0032666745 
 04/22  22:00:00,5414432.107265091 
 04/22  23:00:00,6042806.136112326 
 04/22  24:00:00,6585837.02942862 
 04/23  01:00:00,7024061.389936388 
 04/23  02:00:00,7685727.926880887 
 04/23  03:00:00,9088568.386591217 
 04/23  04:00:00,9939036.114819605 
 04/23  05:00:00,10877362.4050079 
 04/23  06:00:00,11618241.104296524 
 04/23  07:00:00,11346131.608029492 
 04/23  08:00:00,7722428.140354524 
 04/23  09:00:00,1538505.2196197994 
 04/23  10:00:00,0.0 
 04/23  11:00:00,0.0 
 04/23  12:00:00,0.0 
 04/23  13:00:00,0.0 
 04/23  14:00:00,0.0 
 04/23  15:00:00,0.0 
 04/23  16:00:00,0.0 
 04/23  17:00:00,0.0 
 04/23  18:00:00,600987.877010135 
 04/23  19:00:00,2691568.2059684615 
 04/23  20:00:00,3984592.5560518475 
 04/23  21:00:00,5787902.988150854 
 04/23  22:00:00,6977837.887654887 
 04/23  23:00:00,7722977.837899895 
 04/23  24:00:00,8234523.498513442 
 04/24  01:00:00,8317812.673546804 
 04/24  02:00:00,8957392.86796027 
 04/24  03:00:00,9859523.183447775 
 04/24  04:00:00,10819831.296441024 
 04/24  05:00:00,11490429.410066942 
 04/24  06:00:00,11687986.851297796 
 04/24  07:00:00,10955086.507160213 
 04/24  08:00:00,8349668.622577711 
 04/24  09:00:00,4085368.339696953 
 04/24  10:00:00,859986.3707689103 
 04/24  11:00:00,0.0 
 04/24  12:00:00,0.0 
 04/24  13:00:00,0.0 
 04/24  14:00:00,0.0 
 04/24  15:00:00,0.0 
 04/24  16:00:00,0.0 
 04/24  17:00:00,0.0 
 04/24  18:00:00,0.0 
 04/24  19:00:00,0.0 
 04/24  20:00:00,0.0 
 04/24  21:00:00,1485625.6747774475 
 04/24  22:00:00,3471650.137605536 
 04/24  23:00:00,5080090.4967092965 
 04/24  24:00:00,6059713.166693738 
 04/25  01:00:00,6948068.997774083 
 04/25  02:00:00,7661423.302475755 
 04/25  03:00:00,8555379.044283243 
 04/25  04:00:00,10149750.92780384 
 04/25  05:00:00,11093086.094268307 
 04/25  06:00:00,11696075.44737751 
 04/25  07:00:00,11414436.696419923 
 04/25  08:00:00,7939737.185786167 
 04/25  09:00:00,3387567.0597585733 
 04/25  10:00:00,762923.3527641912 
 04/25  11:00:00,0.0 
 04/25  12:00:00,0.0 
 04/25  13:00:00,0.0 
 04/25  14:00:00,0.0 
 04/25  15:00:00,0.0 
 04/25  16:00:00,0.0 
 04/25  17:00:00,0.0 
 04/25  18:00:00,0.0 
 04/25  19:00:00,0.0 
 04/25  20:00:00,0.0 
 04/25  21:00:00,2204145.1100222957 
 04/25  22:00:00,5819532.596024655 
 04/25  23:00:00,8402561.771156907 
 04/25  24:00:00,10563799.270776689 
 04/26  01:00:00,12555007.143601593 
 04/26  02:00:00,13972456.090463528 
 04/26  03:00:00,15021598.465409648 
 04/26  04:00:00,15842228.203027872 
 04/26  05:00:00,16744991.560084235 
 04/26  06:00:00,17171493.95248676 
 04/26  07:00:00,16093654.999082338 
 04/26  08:00:00,9757628.681548381 
 04/26  09:00:00,1971069.6797275557 
 04/26  10:00:00,0.0 
 04/26  11:00:00,0.0 
 04/26  12:00:00,0.0 
 04/26  13:00:00,0.0 
 04/26  14:00:00,0.0 
 04/26  15:00:00,0.0 
 04/26  16:00:00,0.0 
 04/26  17:00:00,0.0 
 04/26  18:00:00,0.0 
 04/26  19:00:00,0.0 
 04/26  20:00:00,0.0 
 04/26  21:00:00,0.0 
 04/26  22:00:00,0.0 
 04/26  23:00:00,2073461.3236580936 
 04/26  24:00:00,4297455.962964116 
 04/27  01:00:00,5436773.71353802 
 04/27  02:00:00,6013901.712010333 
 04/27  03:00:00,6710909.964718686 
 04/27  04:00:00,7628068.929567868 
 04/27  05:00:00,8753298.695380272 
 04/27  06:00:00,9761457.20032203 
 04/27  07:00:00,9740235.848692656 
 04/27  08:00:00,5913964.230902499 
 04/27  09:00:00,445462.8898660216 
 04/27  10:00:00,0.0 
 04/27  11:00:00,0.0 
 04/27  12:00:00,0.0 
 04/27  13:00:00,0.0 
 04/27  14:00:00,0.0 
 04/27  15:00:00,0.0 
 04/27  16:00:00,0.0 
 04/27  17:00:00,0.0 
 04/27  18:00:00,0.0 
 04/27  19:00:00,0.0 
 04/27  20:00:00,0.0 
 04/27  21:00:00,0.0 
 04/27  22:00:00,0.0 
 04/27  23:00:00,0.0 
 04/27  24:00:00,0.0 
 04/28  01:00:00,977886.2438630327 
 04/28  02:00:00,1633510.5070309904 
 04/28  03:00:00,2009642.8086449609 
 04/28  04:00:00,3145019.856907797 
 04/28  05:00:00,4302802.479462106 
 04/28  06:00:00,4712638.328471491 
 04/28  07:00:00,4482401.745920132 
 04/28  08:00:00,1964415.0934716307 
 04/28  09:00:00,0.0 
 04/28  10:00:00,0.0 
 04/28  11:00:00,0.0 
 04/28  12:00:00,0.0 
 04/28  13:00:00,0.0 
 04/28  14:00:00,0.0 
 04/28  15:00:00,0.0 
 04/28  16:00:00,0.0 
 04/28  17:00:00,0.0 
 04/28  18:00:00,0.0 
 04/28  19:00:00,0.0 
 04/28  20:00:00,0.0 
 04/28  21:00:00,0.0 
 04/28  22:00:00,0.0 
 04/28  23:00:00,0.0 
 04/28  24:00:00,0.0 
 04/29  01:00:00,0.0 
 04/29  02:00:00,0.0 
 04/29  03:00:00,1235072.0647827964 
 04/29  04:00:00,2058405.0376132356 
 04/29  05:00:00,2632009.665748638 
 04/29  06:00:00,2933921.1582857515 
 04/29  07:00:00,3211229.5296699954 
 04/29  08:00:00,3442511.020027589 
 04/29  09:00:00,1960006.6212506979 
 04/29  10:00:00,0.0 
 04/29  11:00:00,0.0 
 04/29  12:00:00,0.0 
 04/29  13:00:00,0.0 
 04/29  14:00:00,0.0 
 04/29  15:00:00,0.0 
 04/29  16:00:00,0.0 
 04/29  17:00:00,0.0 
 04/29  18:00:00,0.0 
 04/29  19:00:00,0.0 
 04/29  20:00:00,0.0 
 04/29  21:00:00,0.0 
 04/29  22:00:00,0.0 
 04/29  23:00:00,238094.92505691963 
 04/29  24:00:00,1727842.4671273453 
 04/30  01:00:00,3200830.3491037376 
 04/30  02:00:00,4624655.743483801 
 04/30  03:00:00,5704645.4590909835 
 04/30  04:00:00,6556791.560548912 
 04/30  05:00:00,7363740.183722009 
 04/30  06:00:00,8023425.787458336 
 04/30  07:00:00,8106202.016087214 
 04/30  08:00:00,6313929.649820061 
 04/30  09:00:00,3008034.5268609948 
 04/30  10:00:00,381580.6068118051 
 04/30  11:00:00,0.0 
 04/30  12:00:00,0.0 
 04/30  13:00:00,0.0 
 04/30  14:00:00,0.0 
 04/30  15:00:00,0.0 
 04/30  16:00:00,0.0 
 04/30  17:00:00,0.0 
 04/30  18:00:00,0.0 
 04/30  19:00:00,0.0 
 04/30  20:00:00,0.0 
 04/30  21:00:00,1009324.8585847876 
 04/30  22:00:00,3019812.051501347 
 04/30  23:00:00,4546014.576844223 
 04/30  24:00:00,5542062.985496825 
 05/01  01:00:00,6708106.274566824 
 05/01  02:00:00,7654611.9089252185 
 05/01  03:00:00,8158744.873209031 
 05/01  04:00:00,8560041.991308458 
 05/01  05:00:00,9254697.887277473 
 05/01  06:00:00,9518219.930122806 
 05/01  07:00:00,8975109.482008789 
 05/01  08:00:00,6624168.821992127 
 05/01  09:00:00,3277056.994428555 
 05/01  10:00:00,860013.1505953535 
 05/01  11:00:00,0.0 
 05/01  12:00:00,0.0 
 05/01  13:00:00,0.0 
 05/01  14:00:00,0.0 
 05/01  15:00:00,0.0 
 05/01  16:00:00,0.0 
 05/01  17:00:00,0.0 
 05/01  18:00:00,0.0 
 05/01  19:00:00,394295.4410427483 
 05/01  20:00:00,213161.52084158733 
 05/01  21:00:00,3150682.34859912 
 05/01  22:00:00,5068901.839122538 
 05/01  23:00:00,6291508.967687413 
 05/01  24:00:00,6776833.31233915 
 05/02  01:00:00,7415897.494267219 
 05/02  02:00:00,8289150.109976974 
 05/02  03:00:00,9309545.44110072 
 05/02  04:00:00,10162130.897594314 
 05/02  05:00:00,10928036.10828993 
 05/02  06:00:00,11622196.101119474 
 05/02  07:00:00,11501974.841706136 
 05/02  08:00:00,8556912.734465411 
 05/02  09:00:00,1434601.9840013112 
 05/02  10:00:00,0.0 
 05/02  11:00:00,0.0 
 05/02  12:00:00,0.0 
 05/02  13:00:00,0.0 
 05/02  14:00:00,0.0 
 05/02  15:00:00,0.0 
 05/02  16:00:00,0.0 
 05/02  17:00:00,0.0 
 05/02  18:00:00,0.0 
 05/02  19:00:00,0.0 
 05/02  20:00:00,0.0 
 05/02  21:00:00,0.0 
 05/02  22:00:00,1053153.9859394762 
 05/02  23:00:00,3145079.877845411 
 05/02  24:00:00,4770256.548728084 
 05/03  01:00:00,6203322.705035618 
 05/03  02:00:00,7499937.892916992 
 05/03  03:00:00,9101512.394203486 
 05/03  04:00:00,10694039.10669845 
 05/03  05:00:00,11979566.843443349 
 05/03  06:00:00,12764266.772716362 
 05/03  07:00:00,12007703.030011524 
 05/03  08:00:00,5590767.598300504 
 05/03  09:00:00,315068.28584867326 
 05/03  10:00:00,0.0 
 05/03  11:00:00,0.0 
 05/03  12:00:00,0.0 
 05/03  13:00:00,0.0 
 05/03  14:00:00,0.0 
 05/03  15:00:00,0.0 
 05/03  16:00:00,0.0 
 05/03  17:00:00,0.0 
 05/03  18:00:00,0.0 
 05/03  19:00:00,0.0 
 05/03  20:00:00,0.0 
 05/03  21:00:00,0.0 
 05/03  22:00:00,0.0 
 05/03  23:00:00,0.0 
 05/03  24:00:00,1093413.1251533066 
 05/04  01:00:00,3902082.3231819803 
 05/04  02:00:00,5025706.436325732 
 05/04  03:00:00,5922947.004812674 
 05/04  04:00:00,6658096.201038865 
 05/04  05:00:00,7336398.238626832 
 05/04  06:00:00,8126584.058295478 
 05/04  07:00:00,7409053.066863339 
 05/04  08:00:00,2212576.227323119 
 05/04  09:00:00,0.0 
 05/04  10:00:00,0.0 
 05/04  11:00:00,0.0 
 05/04  12:00:00,0.0 
 05/04  13:00:00,0.0 
 05/04  14:00:00,0.0 
 05/04  15:00:00,0.0 
 05/04  16:00:00,0.0 
 05/04  17:00:00,0.0 
 05/04  18:00:00,0.0 
 05/04  19:00:00,0.0 
 05/04  20:00:00,0.0 
 05/04  21:00:00,0.0 
 05/04  22:00:00,0.0 
 05/04  23:00:00,0.0 
 05/04  24:00:00,0.0 
 05/05  01:00:00,461878.3617735506 
 05/05  02:00:00,2501295.342602332 
 05/05  03:00:00,3794841.8276038235 
 05/05  04:00:00,4512028.455447659 
 05/05  05:00:00,5142381.78475058 
 05/05  06:00:00,5844676.421073372 
 05/05  07:00:00,5510971.167275999 
 05/05  08:00:00,1514083.1709197192 
 05/05  09:00:00,0.0 
 05/05  10:00:00,0.0 
 05/05  11:00:00,0.0 
 05/05  12:00:00,0.0 
 05/05  13:00:00,0.0 
 05/05  14:00:00,0.0 
 05/05  15:00:00,0.0 
 05/05  16:00:00,0.0 
 05/05  17:00:00,0.0 
 05/05  18:00:00,0.0 
 05/05  19:00:00,0.0 
 05/05  20:00:00,0.0 
 05/05  21:00:00,0.0 
 05/05  22:00:00,0.0 
 05/05  23:00:00,0.0 
 05/05  24:00:00,0.0 
 05/06  01:00:00,385804.2818394475 
 05/06  02:00:00,2729109.9423592826 
 05/06  03:00:00,4205683.623868597 
 05/06  04:00:00,5089631.454422492 
 05/06  05:00:00,5732572.287033206 
 05/06  06:00:00,5832661.415906177 
 05/06  07:00:00,5269383.636164984 
 05/06  08:00:00,1577487.9015985683 
 05/06  09:00:00,0.0 
 05/06  10:00:00,0.0 
 05/06  11:00:00,0.0 
 05/06  12:00:00,0.0 
 05/06  13:00:00,0.0 
 05/06  14:00:00,0.0 
 05/06  15:00:00,0.0 
 05/06  16:00:00,0.0 
 05/06  17:00:00,0.0 
 05/06  18:00:00,0.0 
 05/06  19:00:00,0.0 
 05/06  20:00:00,0.0 
 05/06  21:00:00,0.0 
 05/06  22:00:00,0.0 
 05/06  23:00:00,0.0 
 05/06  24:00:00,0.0 
 05/07  01:00:00,0.0 
 05/07  02:00:00,0.0 
 05/07  03:00:00,0.0 
 05/07  04:00:00,765685.8879069733 
 05/07  05:00:00,1995772.9904513778 
 05/07  06:00:00,2745149.7033775155 
 05/07  07:00:00,2562376.0880410075 
 05/07  08:00:00,4270016.338716861 
 05/07  09:00:00,2075059.224124696 
 05/07  10:00:00,0.0 
 05/07  11:00:00,0.0 
 05/07  12:00:00,0.0 
 05/07  13:00:00,487710.8866494986 
 05/07  14:00:00,0.0 
 05/07  15:00:00,0.0 
 05/07  16:00:00,0.0 
 05/07  17:00:00,1377541.6232615702 
 05/07  18:00:00,1862507.5567421636 
 05/07  19:00:00,2167861.154822096 
 05/07  20:00:00,1967699.3189886834 
 05/07  21:00:00,4427655.81798935 
 05/07  22:00:00,5497286.028552469 
 05/07  23:00:00,5802884.149177515 
 05/07  24:00:00,6218729.097946594 
 05/08  01:00:00,7233488.502794206 
 05/08  02:00:00,7636011.081348517 
 05/08  03:00:00,7975236.191111547 
 05/08  04:00:00,8533401.216220338 
 05/08  05:00:00,8666212.514061669 
 05/08  06:00:00,8534761.689608237 
 05/08  07:00:00,7193452.5592062855 
 05/08  08:00:00,4283760.00337757 
 05/08  09:00:00,967041.9666264557 
 05/08  10:00:00,0.0 
 05/08  11:00:00,0.0 
 05/08  12:00:00,0.0 
 05/08  13:00:00,0.0 
 05/08  14:00:00,0.0 
 05/08  15:00:00,0.0 
 05/08  16:00:00,0.0 
 05/08  17:00:00,0.0 
 05/08  18:00:00,0.0 
 05/08  19:00:00,0.0 
 05/08  20:00:00,0.0 
 05/08  21:00:00,0.0 
 05/08  22:00:00,0.0 
 05/08  23:00:00,0.0 
 05/08  24:00:00,784126.0622266971 
 05/09  01:00:00,2442598.3227610593 
 05/09  02:00:00,3764093.349849023 
 05/09  03:00:00,4745198.85829916 
 05/09  04:00:00,5016296.62053534 
 05/09  05:00:00,5420590.786531165 
 05/09  06:00:00,5834707.488210304 
 05/09  07:00:00,5029454.436650537 
 05/09  08:00:00,1743150.3550426606 
 05/09  09:00:00,144877.7352265359 
 05/09  10:00:00,0.0 
 05/09  11:00:00,0.0 
 05/09  12:00:00,0.0 
 05/09  13:00:00,0.0 
 05/09  14:00:00,0.0 
 05/09  15:00:00,0.0 
 05/09  16:00:00,0.0 
 05/09  17:00:00,0.0 
 05/09  18:00:00,365781.5323171461 
 05/09  19:00:00,1421304.9698234878 
 05/09  20:00:00,950153.7193280368 
 05/09  21:00:00,3453058.449210816 
 05/09  22:00:00,5004564.645456326 
 05/09  23:00:00,6353121.895204597 
 05/09  24:00:00,7329233.150230976 
 05/10  01:00:00,7991080.243351293 
 05/10  02:00:00,8042294.5083752405 
 05/10  03:00:00,7960769.593282056 
 05/10  04:00:00,8191883.105399549 
 05/10  05:00:00,8634600.021543154 
 05/10  06:00:00,9354602.795253966 
 05/10  07:00:00,9148585.210733308 
 05/10  08:00:00,6218956.898550017 
 05/10  09:00:00,2212358.240448242 
 05/10  10:00:00,89294.85259301146 
 05/10  11:00:00,0.0 
 05/10  12:00:00,0.0 
 05/10  13:00:00,0.0 
 05/10  14:00:00,0.0 
 05/10  15:00:00,0.0 
 05/10  16:00:00,0.0 
 05/10  17:00:00,0.0 
 05/10  18:00:00,0.0 
 05/10  19:00:00,0.0 
 05/10  20:00:00,0.0 
 05/10  21:00:00,1022812.7361225169 
 05/10  22:00:00,3913167.996364382 
 05/10  23:00:00,5963326.543468735 
 05/10  24:00:00,6760838.323717527 
 05/11  01:00:00,7419062.031924903 
 05/11  02:00:00,8088516.799954381 
 05/11  03:00:00,8751436.832631346 
 05/11  04:00:00,8881176.275437625 
 05/11  05:00:00,8915530.093013776 
 05/11  06:00:00,9350445.556079166 
 05/11  07:00:00,8690067.515083231 
 05/11  08:00:00,6816770.290945817 
 05/11  09:00:00,5441182.724532891 
 05/11  10:00:00,2425747.6761821033 
 05/11  11:00:00,177990.76591397464 
 05/11  12:00:00,0.0 
 05/11  13:00:00,0.0 
 05/11  14:00:00,0.0 
 05/11  15:00:00,0.0 
 05/11  16:00:00,0.0 
 05/11  17:00:00,0.0 
 05/11  18:00:00,0.0 
 05/11  19:00:00,320304.9702962599 
 05/11  20:00:00,502213.9158150944 
 05/11  21:00:00,4560413.951287523 
 05/11  22:00:00,5958263.899263129 
 05/11  23:00:00,6883137.024097408 
 05/11  24:00:00,7551629.292756549 
 05/12  01:00:00,8178367.108597187 
 05/12  02:00:00,8666075.919068523 
 05/12  03:00:00,8971299.627329096 
 05/12  04:00:00,9506599.868630435 
 05/12  05:00:00,10086175.373777315 
 05/12  06:00:00,10268947.965703435 
 05/12  07:00:00,9518159.548788507 
 05/12  08:00:00,5984050.439533808 
 05/12  09:00:00,911392.6627298017 
 05/12  10:00:00,0.0 
 05/12  11:00:00,0.0 
 05/12  12:00:00,0.0 
 05/12  13:00:00,0.0 
 05/12  14:00:00,0.0 
 05/12  15:00:00,0.0 
 05/12  16:00:00,0.0 
 05/12  17:00:00,0.0 
 05/12  18:00:00,0.0 
 05/12  19:00:00,684991.5035670652 
 05/12  20:00:00,161313.7728637259 
 05/12  21:00:00,3055839.6231128224 
 05/12  22:00:00,4053967.921219833 
 05/12  23:00:00,4878419.486046024 
 05/12  24:00:00,5415791.631195259 
 05/13  01:00:00,5963308.590059503 
 05/13  02:00:00,6471089.895809816 
 05/13  03:00:00,7132174.737136575 
 05/13  04:00:00,7763718.736793827 
 05/13  05:00:00,8162057.4742666865 
 05/13  06:00:00,8502153.908878647 
 05/13  07:00:00,7999219.872347314 
 05/13  08:00:00,6353294.945786096 
 05/13  09:00:00,3447870.634136096 
 05/13  10:00:00,1642327.0773410648 
 05/13  11:00:00,645208.2445057546 
 05/13  12:00:00,0.0 
 05/13  13:00:00,0.0 
 05/13  14:00:00,0.0 
 05/13  15:00:00,0.0 
 05/13  16:00:00,0.0 
 05/13  17:00:00,360459.90406644635 
 05/13  18:00:00,1583206.8685985673 
 05/13  19:00:00,2485772.545655801 
 05/13  20:00:00,546236.0337801395 
 05/13  21:00:00,4648940.2576348465 
 05/13  22:00:00,5911879.006375698 
 05/13  23:00:00,6722236.076437629 
 05/13  24:00:00,7229656.795911564 
 05/14  01:00:00,8326096.84572446 
 05/14  02:00:00,9526505.43629196 
 05/14  03:00:00,10392205.3067425 
 05/14  04:00:00,10507098.100501928 
 05/14  05:00:00,10243792.47769158 
 05/14  06:00:00,10079483.231691 
 05/14  07:00:00,9246135.65024197 
 05/14  08:00:00,6474156.7194006685 
 05/14  09:00:00,3061444.3596927742 
 05/14  10:00:00,684924.4748091305 
 05/14  11:00:00,0.0 
 05/14  12:00:00,0.0 
 05/14  13:00:00,0.0 
 05/14  14:00:00,0.0 
 05/14  15:00:00,0.0 
 05/14  16:00:00,0.0 
 05/14  17:00:00,0.0 
 05/14  18:00:00,0.0 
 05/14  19:00:00,0.0 
 05/14  20:00:00,0.0 
 05/14  21:00:00,60403.644095236086 
 05/14  22:00:00,1645741.682399191 
 05/14  23:00:00,3485458.594785445 
 05/14  24:00:00,4766235.220849944 
 05/15  01:00:00,5435443.286044646 
 05/15  02:00:00,6100422.8143105935 
 05/15  03:00:00,6870561.038959844 
 05/15  04:00:00,7538011.868486001 
 05/15  05:00:00,8025656.845366403 
 05/15  06:00:00,8017524.347455679 
 05/15  07:00:00,6703552.351563577 
 05/15  08:00:00,3851114.7789175175 
 05/15  09:00:00,1503079.1853169105 
 05/15  10:00:00,43626.4298307673 
 05/15  11:00:00,0.0 
 05/15  12:00:00,0.0 
 05/15  13:00:00,0.0 
 05/15  14:00:00,0.0 
 05/15  15:00:00,0.0 
 05/15  16:00:00,0.0 
 05/15  17:00:00,0.0 
 05/15  18:00:00,0.0 
 05/15  19:00:00,0.0 
 05/15  20:00:00,0.0 
 05/15  21:00:00,0.0 
 05/15  22:00:00,755871.000219346 
 05/15  23:00:00,2576811.521472039 
 05/15  24:00:00,3852035.3366849553 
 05/16  01:00:00,4888020.423415583 
 05/16  02:00:00,5847683.987687057 
 05/16  03:00:00,6676171.818955151 
 05/16  04:00:00,7326597.324481285 
 05/16  05:00:00,7427482.8509004405 
 05/16  06:00:00,7091120.933287438 
 05/16  07:00:00,6888480.012845109 
 05/16  08:00:00,6432430.1276686685 
 05/16  09:00:00,4939173.081806484 
 05/16  10:00:00,3331813.6796389185 
 05/16  11:00:00,1964459.0365039841 
 05/16  12:00:00,324345.7277205227 
 05/16  13:00:00,0.0 
 05/16  14:00:00,0.0 
 05/16  15:00:00,0.0 
 05/16  16:00:00,0.0 
 05/16  17:00:00,0.0 
 05/16  18:00:00,0.0 
 05/16  19:00:00,0.0 
 05/16  20:00:00,1181765.4502272387 
 05/16  21:00:00,5086106.125315587 
 05/16  22:00:00,5728276.7709531225 
 05/16  23:00:00,6380545.914358845 
 05/16  24:00:00,6872942.581087063 
 05/17  01:00:00,7638953.008426173 
 05/17  02:00:00,8639335.720449898 
 05/17  03:00:00,9501091.768766236 
 05/17  04:00:00,10170504.511048594 
 05/17  05:00:00,10626670.633270066 
 05/17  06:00:00,11050457.584598267 
 05/17  07:00:00,10465985.795845065 
 05/17  08:00:00,6803279.900088272 
 05/17  09:00:00,2180249.5936461724 
 05/17  10:00:00,202994.7726915809 
 05/17  11:00:00,0.0 
 05/17  12:00:00,0.0 
 05/17  13:00:00,0.0 
 05/17  14:00:00,0.0 
 05/17  15:00:00,0.0 
 05/17  16:00:00,0.0 
 05/17  17:00:00,0.0 
 05/17  18:00:00,0.0 
 05/17  19:00:00,0.0 
 05/17  20:00:00,344180.620568899 
 05/17  21:00:00,3532592.9871528423 
 05/17  22:00:00,4595135.298459426 
 05/17  23:00:00,5690308.744934166 
 05/17  24:00:00,6615317.817697427 
 05/18  01:00:00,7647760.147929616 
 05/18  02:00:00,8833186.988158325 
 05/18  03:00:00,9765255.787903419 
 05/18  04:00:00,10475575.434617694 
 05/18  05:00:00,11389074.721948989 
 05/18  06:00:00,12318887.545069195 
 05/18  07:00:00,11301340.907464094 
 05/18  08:00:00,6605129.118417947 
 05/18  09:00:00,2275797.542476895 
 05/18  10:00:00,89347.33886338508 
 05/18  11:00:00,0.0 
 05/18  12:00:00,0.0 
 05/18  13:00:00,0.0 
 05/18  14:00:00,0.0 
 05/18  15:00:00,0.0 
 05/18  16:00:00,0.0 
 05/18  17:00:00,0.0 
 05/18  18:00:00,0.0 
 05/18  19:00:00,0.0 
 05/18  20:00:00,0.0 
 05/18  21:00:00,2501954.7568292012 
 05/18  22:00:00,4048225.3170341067 
 05/18  23:00:00,5238500.097531524 
 05/18  24:00:00,5886126.058049832 
 05/19  01:00:00,7005951.964075322 
 05/19  02:00:00,8191620.701217229 
 05/19  03:00:00,9079035.092102958 
 05/19  04:00:00,10035787.426119793 
 05/19  05:00:00,10737952.05485684 
 05/19  06:00:00,11001189.82749433 
 05/19  07:00:00,9547661.18227126 
 05/19  08:00:00,3723832.8011618117 
 05/19  09:00:00,142703.3883947508 
 05/19  10:00:00,0.0 
 05/19  11:00:00,0.0 
 05/19  12:00:00,0.0 
 05/19  13:00:00,0.0 
 05/19  14:00:00,0.0 
 05/19  15:00:00,0.0 
 05/19  16:00:00,0.0 
 05/19  17:00:00,0.0 
 05/19  18:00:00,0.0 
 05/19  19:00:00,0.0 
 05/19  20:00:00,0.0 
 05/19  21:00:00,0.0 
 05/19  22:00:00,362105.67616172996 
 05/19  23:00:00,1623455.2372289551 
 05/19  24:00:00,2651530.742575394 
 05/20  01:00:00,3724724.4704341674 
 05/20  02:00:00,5013531.96129035 
 05/20  03:00:00,6296765.79772635 
 05/20  04:00:00,7282793.763639186 
 05/20  05:00:00,8226891.894072011 
 05/20  06:00:00,8784860.888081972 
 05/20  07:00:00,7264181.462053332 
 05/20  08:00:00,2414128.618368471 
 05/20  09:00:00,0.0 
 05/20  10:00:00,0.0 
 05/20  11:00:00,0.0 
 05/20  12:00:00,0.0 
 05/20  13:00:00,0.0 
 05/20  14:00:00,0.0 
 05/20  15:00:00,0.0 
 05/20  16:00:00,0.0 
 05/20  17:00:00,0.0 
 05/20  18:00:00,0.0 
 05/20  19:00:00,0.0 
 05/20  20:00:00,0.0 
 05/20  21:00:00,0.0 
 05/20  22:00:00,76781.39391405128 
 05/20  23:00:00,1117063.4322252949 
 05/20  24:00:00,2143553.8668449074 
 05/21  01:00:00,3090906.803079133 
 05/21  02:00:00,4532208.004149461 
 05/21  03:00:00,6152440.861948978 
 05/21  04:00:00,6749097.5276096165 
 05/21  05:00:00,7202862.853090022 
 05/21  06:00:00,7098038.378104631 
 05/21  07:00:00,5841527.859545879 
 05/21  08:00:00,3152207.1376909334 
 05/21  09:00:00,445605.2496391473 
 05/21  10:00:00,0.0 
 05/21  11:00:00,0.0 
 05/21  12:00:00,0.0 
 05/21  13:00:00,0.0 
 05/21  14:00:00,0.0 
 05/21  15:00:00,0.0 
 05/21  16:00:00,0.0 
 05/21  17:00:00,0.0 
 05/21  18:00:00,0.0 
 05/21  19:00:00,0.0 
 05/21  20:00:00,0.0 
 05/21  21:00:00,0.0 
 05/21  22:00:00,0.0 
 05/21  23:00:00,0.0 
 05/21  24:00:00,0.0 
 05/22  01:00:00,1068163.3620929373 
 05/22  02:00:00,2302600.720185927 
 05/22  03:00:00,3433051.1385413585 
 05/22  04:00:00,4577826.144619572 
 05/22  05:00:00,5575386.739075544 
 05/22  06:00:00,6381262.288807951 
 05/22  07:00:00,5159665.434588335 
 05/22  08:00:00,715310.9084071425 
 05/22  09:00:00,0.0 
 05/22  10:00:00,0.0 
 05/22  11:00:00,0.0 
 05/22  12:00:00,0.0 
 05/22  13:00:00,0.0 
 05/22  14:00:00,0.0 
 05/22  15:00:00,0.0 
 05/22  16:00:00,0.0 
 05/22  17:00:00,0.0 
 05/22  18:00:00,0.0 
 05/22  19:00:00,0.0 
 05/22  20:00:00,0.0 
 05/22  21:00:00,0.0 
 05/22  22:00:00,0.0 
 05/22  23:00:00,0.0 
 05/22  24:00:00,0.0 
 05/23  01:00:00,0.0 
 05/23  02:00:00,76977.60614526997 
 05/23  03:00:00,930238.089712761 
 05/23  04:00:00,2181041.047222383 
 05/23  05:00:00,2612217.6188517604 
 05/23  06:00:00,2522015.9032852035 
 05/23  07:00:00,2198919.5856394065 
 05/23  08:00:00,889938.8846884599 
 05/23  09:00:00,0.0 
 05/23  10:00:00,0.0 
 05/23  11:00:00,0.0 
 05/23  12:00:00,0.0 
 05/23  13:00:00,0.0 
 05/23  14:00:00,0.0 
 05/23  15:00:00,0.0 
 05/23  16:00:00,0.0 
 05/23  17:00:00,0.0 
 05/23  18:00:00,0.0 
 05/23  19:00:00,0.0 
 05/23  20:00:00,0.0 
 05/23  21:00:00,0.0 
 05/23  22:00:00,0.0 
 05/23  23:00:00,0.0 
 05/23  24:00:00,0.0 
 05/24  01:00:00,249981.24519013512 
 05/24  02:00:00,1667499.9979622401 
 05/24  03:00:00,2851966.6524350853 
 05/24  04:00:00,3868117.7974975854 
 05/24  05:00:00,4645345.29038966 
 05/24  06:00:00,5114762.611985646 
 05/24  07:00:00,4698208.493189665 
 05/24  08:00:00,2128783.5368498713 
 05/24  09:00:00,33162.129046517664 
 05/24  10:00:00,0.0 
 05/24  11:00:00,0.0 
 05/24  12:00:00,0.0 
 05/24  13:00:00,0.0 
 05/24  14:00:00,0.0 
 05/24  15:00:00,0.0 
 05/24  16:00:00,0.0 
 05/24  17:00:00,0.0 
 05/24  18:00:00,0.0 
 05/24  19:00:00,0.0 
 05/24  20:00:00,0.0 
 05/24  21:00:00,0.0 
 05/24  22:00:00,0.0 
 05/24  23:00:00,446950.0805429503 
 05/24  24:00:00,2463911.1642379314 
 05/25  01:00:00,4321165.94565456 
 05/25  02:00:00,5923540.891677319 
 05/25  03:00:00,7017824.065977569 
 05/25  04:00:00,8016809.635496535 
 05/25  05:00:00,9150392.988020832 
 05/25  06:00:00,9983173.249619074 
 05/25  07:00:00,8846906.767622309 
 05/25  08:00:00,4258194.301761882 
 05/25  09:00:00,686933.9120895537 
 05/25  10:00:00,0.0 
 05/25  11:00:00,0.0 
 05/25  12:00:00,0.0 
 05/25  13:00:00,0.0 
 05/25  14:00:00,0.0 
 05/25  15:00:00,0.0 
 05/25  16:00:00,0.0 
 05/25  17:00:00,0.0 
 05/25  18:00:00,0.0 
 05/25  19:00:00,0.0 
 05/25  20:00:00,0.0 
 05/25  21:00:00,0.0 
 05/25  22:00:00,0.0 
 05/25  23:00:00,0.0 
 05/25  24:00:00,0.0 
 05/26  01:00:00,1481885.3561520125 
 05/26  02:00:00,3582115.2988984925 
 05/26  03:00:00,5462006.931894718 
 05/26  04:00:00,6942057.696951523 
 05/26  05:00:00,8013881.574370968 
 05/26  06:00:00,8714251.028757457 
 05/26  07:00:00,6436750.157056618 
 05/26  08:00:00,764344.2451351446 
 05/26  09:00:00,0.0 
 05/26  10:00:00,0.0 
 05/26  11:00:00,0.0 
 05/26  12:00:00,0.0 
 05/26  13:00:00,0.0 
 05/26  14:00:00,0.0 
 05/26  15:00:00,0.0 
 05/26  16:00:00,0.0 
 05/26  17:00:00,0.0 
 05/26  18:00:00,0.0 
 05/26  19:00:00,0.0 
 05/26  20:00:00,0.0 
 05/26  21:00:00,0.0 
 05/26  22:00:00,0.0 
 05/26  23:00:00,0.0 
 05/26  24:00:00,0.0 
 05/27  01:00:00,0.0 
 05/27  02:00:00,360673.00028832396 
 05/27  03:00:00,2313819.7552953367 
 05/27  04:00:00,4141703.395842463 
 05/27  05:00:00,5654378.902140198 
 05/27  06:00:00,6500530.842390222 
 05/27  07:00:00,4210658.450788009 
 05/27  08:00:00,112778.66257655188 
 05/27  09:00:00,0.0 
 05/27  10:00:00,0.0 
 05/27  11:00:00,0.0 
 05/27  12:00:00,0.0 
 05/27  13:00:00,0.0 
 05/27  14:00:00,0.0 
 05/27  15:00:00,0.0 
 05/27  16:00:00,0.0 
 05/27  17:00:00,0.0 
 05/27  18:00:00,0.0 
 05/27  19:00:00,0.0 
 05/27  20:00:00,0.0 
 05/27  21:00:00,0.0 
 05/27  22:00:00,0.0 
 05/27  23:00:00,0.0 
 05/27  24:00:00,0.0 
 05/28  01:00:00,0.0 
 05/28  02:00:00,0.0 
 05/28  03:00:00,100934.2086561257 
 05/28  04:00:00,1871975.4033731634 
 05/28  05:00:00,3690345.696601662 
 05/28  06:00:00,4764145.808483222 
 05/28  07:00:00,3248379.742110382 
 05/28  08:00:00,96563.7339371977 
 05/28  09:00:00,0.0 
 05/28  10:00:00,0.0 
 05/28  11:00:00,0.0 
 05/28  12:00:00,0.0 
 05/28  13:00:00,0.0 
 05/28  14:00:00,0.0 
 05/28  15:00:00,0.0 
 05/28  16:00:00,0.0 
 05/28  17:00:00,0.0 
 05/28  18:00:00,0.0 
 05/28  19:00:00,0.0 
 05/28  20:00:00,0.0 
 05/28  21:00:00,0.0 
 05/28  22:00:00,0.0 
 05/28  23:00:00,0.0 
 05/28  24:00:00,0.0 
 05/29  01:00:00,0.0 
 05/29  02:00:00,0.0 
 05/29  03:00:00,983317.0196118706 
 05/29  04:00:00,2787269.237713577 
 05/29  05:00:00,4402173.8851619195 
 05/29  06:00:00,5750940.915825821 
 05/29  07:00:00,3986608.4521188 
 05/29  08:00:00,98511.44472897504 
 05/29  09:00:00,0.0 
 05/29  10:00:00,0.0 
 05/29  11:00:00,0.0 
 05/29  12:00:00,0.0 
 05/29  13:00:00,0.0 
 05/29  14:00:00,0.0 
 05/29  15:00:00,0.0 
 05/29  16:00:00,0.0 
 05/29  17:00:00,0.0 
 05/29  18:00:00,0.0 
 05/29  19:00:00,0.0 
 05/29  20:00:00,0.0 
 05/29  21:00:00,0.0 
 05/29  22:00:00,0.0 
 05/29  23:00:00,0.0 
 05/29  24:00:00,0.0 
 05/30  01:00:00,0.0 
 05/30  02:00:00,0.0 
 05/30  03:00:00,1395528.1131815051 
 05/30  04:00:00,3121806.0681293104 
 05/30  05:00:00,4857841.918680241 
 05/30  06:00:00,6263162.942500755 
 05/30  07:00:00,3884331.7589773387 
 05/30  08:00:00,21272.99134341374 
 05/30  09:00:00,0.0 
 05/30  10:00:00,0.0 
 05/30  11:00:00,0.0 
 05/30  12:00:00,0.0 
 05/30  13:00:00,0.0 
 05/30  14:00:00,0.0 
 05/30  15:00:00,0.0 
 05/30  16:00:00,0.0 
 05/30  17:00:00,0.0 
 05/30  18:00:00,0.0 
 05/30  19:00:00,0.0 
 05/30  20:00:00,0.0 
 05/30  21:00:00,0.0 
 05/30  22:00:00,0.0 
 05/30  23:00:00,0.0 
 05/30  24:00:00,0.0 
 05/31  01:00:00,0.0 
 05/31  02:00:00,53208.10886191903 
 05/31  03:00:00,1974441.2218379555 
 05/31  04:00:00,4078309.589949567 
 05/31  05:00:00,5863743.561744774 
 05/31  06:00:00,6954815.81751208 
 05/31  07:00:00,4577820.474360363 
 05/31  08:00:00,144636.81951059846 
 05/31  09:00:00,0.0 
 05/31  10:00:00,0.0 
 05/31  11:00:00,0.0 
 05/31  12:00:00,0.0 
 05/31  13:00:00,0.0 
 05/31  14:00:00,0.0 
 05/31  15:00:00,0.0 
 05/31  16:00:00,0.0 
 05/31  17:00:00,0.0 
 05/31  18:00:00,0.0 
 05/31  19:00:00,0.0 
 05/31  20:00:00,0.0 
 05/31  21:00:00,0.0 
 05/31  22:00:00,0.0 
 05/31  23:00:00,0.0 
 05/31  24:00:00,0.0 
 06/01  01:00:00,993601.4575285881 
 06/01  02:00:00,3430773.061949216 
 06/01  03:00:00,5427146.411334574 
 06/01  04:00:00,6697309.912149714 
 06/01  05:00:00,7258148.645782848 
 06/01  06:00:00,7619016.787666416 
 06/01  07:00:00,5117886.162144334 
 06/01  08:00:00,313988.4992456791 
 06/01  09:00:00,0.0 
 06/01  10:00:00,0.0 
 06/01  11:00:00,0.0 
 06/01  12:00:00,0.0 
 06/01  13:00:00,0.0 
 06/01  14:00:00,0.0 
 06/01  15:00:00,0.0 
 06/01  16:00:00,0.0 
 06/01  17:00:00,0.0 
 06/01  18:00:00,0.0 
 06/01  19:00:00,0.0 
 06/01  20:00:00,0.0 
 06/01  21:00:00,0.0 
 06/01  22:00:00,0.0 
 06/01  23:00:00,0.0 
 06/01  24:00:00,0.0 
 06/02  01:00:00,0.0 
 06/02  02:00:00,0.0 
 06/02  03:00:00,0.0 
 06/02  04:00:00,894026.6762713058 
 06/02  05:00:00,2789467.5711326366 
 06/02  06:00:00,3655209.6284699505 
 06/02  07:00:00,1550446.286698587 
 06/02  08:00:00,0.0 
 06/02  09:00:00,0.0 
 06/02  10:00:00,0.0 
 06/02  11:00:00,0.0 
 06/02  12:00:00,0.0 
 06/02  13:00:00,0.0 
 06/02  14:00:00,0.0 
 06/02  15:00:00,0.0 
 06/02  16:00:00,0.0 
 06/02  17:00:00,0.0 
 06/02  18:00:00,0.0 
 06/02  19:00:00,0.0 
 06/02  20:00:00,0.0 
 06/02  21:00:00,0.0 
 06/02  22:00:00,0.0 
 06/02  23:00:00,0.0 
 06/02  24:00:00,0.0 
 06/03  01:00:00,0.0 
 06/03  02:00:00,0.0 
 06/03  03:00:00,442722.0873569037 
 06/03  04:00:00,2078809.112952415 
 06/03  05:00:00,3469973.9983285205 
 06/03  06:00:00,3784654.1931320005 
 06/03  07:00:00,1935522.9324114344 
 06/03  08:00:00,9401.491642899782 
 06/03  09:00:00,0.0 
 06/03  10:00:00,0.0 
 06/03  11:00:00,0.0 
 06/03  12:00:00,0.0 
 06/03  13:00:00,0.0 
 06/03  14:00:00,0.0 
 06/03  15:00:00,0.0 
 06/03  16:00:00,0.0 
 06/03  17:00:00,0.0 
 06/03  18:00:00,0.0 
 06/03  19:00:00,0.0 
 06/03  20:00:00,0.0 
 06/03  21:00:00,0.0 
 06/03  22:00:00,0.0 
 06/03  23:00:00,0.0 
 06/03  24:00:00,0.0 
 06/04  01:00:00,0.0 
 06/04  02:00:00,655753.4479676513 
 06/04  03:00:00,2018623.8304767504 
 06/04  04:00:00,3141702.9396360693 
 06/04  05:00:00,4070026.7613653797 
 06/04  06:00:00,4266766.391023642 
 06/04  07:00:00,2410715.9118517833 
 06/04  08:00:00,128976.28975491825 
 06/04  09:00:00,0.0 
 06/04  10:00:00,0.0 
 06/04  11:00:00,0.0 
 06/04  12:00:00,0.0 
 06/04  13:00:00,0.0 
 06/04  14:00:00,0.0 
 06/04  15:00:00,0.0 
 06/04  16:00:00,0.0 
 06/04  17:00:00,0.0 
 06/04  18:00:00,0.0 
 06/04  19:00:00,0.0 
 06/04  20:00:00,0.0 
 06/04  21:00:00,0.0 
 06/04  22:00:00,0.0 
 06/04  23:00:00,0.0 
 06/04  24:00:00,0.0 
 06/05  01:00:00,0.0 
 06/05  02:00:00,1568163.0850594244 
 06/05  03:00:00,3511051.2510229414 
 06/05  04:00:00,4617303.16353141 
 06/05  05:00:00,5533251.255236723 
 06/05  06:00:00,5883091.43630006 
 06/05  07:00:00,3748291.7356807357 
 06/05  08:00:00,316012.908440546 
 06/05  09:00:00,0.0 
 06/05  10:00:00,0.0 
 06/05  11:00:00,0.0 
 06/05  12:00:00,0.0 
 06/05  13:00:00,0.0 
 06/05  14:00:00,0.0 
 06/05  15:00:00,0.0 
 06/05  16:00:00,0.0 
 06/05  17:00:00,0.0 
 06/05  18:00:00,0.0 
 06/05  19:00:00,0.0 
 06/05  20:00:00,0.0 
 06/05  21:00:00,0.0 
 06/05  22:00:00,0.0 
 06/05  23:00:00,0.0 
 06/05  24:00:00,0.0 
 06/06  01:00:00,0.0 
 06/06  02:00:00,898992.4562188783 
 06/06  03:00:00,3647470.405878689 
 06/06  04:00:00,5528692.233188241 
 06/06  05:00:00,6826405.741797694 
 06/06  06:00:00,7563190.697015241 
 06/06  07:00:00,4343895.5407300815 
 06/06  08:00:00,57652.9417872589 
 06/06  09:00:00,0.0 
 06/06  10:00:00,0.0 
 06/06  11:00:00,0.0 
 06/06  12:00:00,0.0 
 06/06  13:00:00,0.0 
 06/06  14:00:00,0.0 
 06/06  15:00:00,0.0 
 06/06  16:00:00,0.0 
 06/06  17:00:00,0.0 
 06/06  18:00:00,0.0 
 06/06  19:00:00,0.0 
 06/06  20:00:00,0.0 
 06/06  21:00:00,0.0 
 06/06  22:00:00,0.0 
 06/06  23:00:00,0.0 
 06/06  24:00:00,0.0 
 06/07  01:00:00,0.0 
 06/07  02:00:00,0.0 
 06/07  03:00:00,1028349.7566163831 
 06/07  04:00:00,2933792.39928379 
 06/07  05:00:00,4296460.912689343 
 06/07  06:00:00,5100303.928228482 
 06/07  07:00:00,2872823.819450609 
 06/07  08:00:00,0.0 
 06/07  09:00:00,0.0 
 06/07  10:00:00,0.0 
 06/07  11:00:00,0.0 
 06/07  12:00:00,0.0 
 06/07  13:00:00,0.0 
 06/07  14:00:00,0.0 
 06/07  15:00:00,0.0 
 06/07  16:00:00,0.0 
 06/07  17:00:00,0.0 
 06/07  18:00:00,0.0 
 06/07  19:00:00,0.0 
 06/07  20:00:00,0.0 
 06/07  21:00:00,0.0 
 06/07  22:00:00,0.0 
 06/07  23:00:00,0.0 
 06/07  24:00:00,0.0 
 06/08  01:00:00,0.0 
 06/08  02:00:00,0.0 
 06/08  03:00:00,0.0 
 06/08  04:00:00,12332.095979787118 
 06/08  05:00:00,1213466.6332324562 
 06/08  06:00:00,2314682.6016618367 
 06/08  07:00:00,1031668.5187926429 
 06/08  08:00:00,0.0 
 06/08  09:00:00,0.0 
 06/08  10:00:00,0.0 
 06/08  11:00:00,0.0 
 06/08  12:00:00,0.0 
 06/08  13:00:00,0.0 
 06/08  14:00:00,0.0 
 06/08  15:00:00,0.0 
 06/08  16:00:00,0.0 
 06/08  17:00:00,0.0 
 06/08  18:00:00,0.0 
 06/08  19:00:00,0.0 
 06/08  20:00:00,0.0 
 06/08  21:00:00,0.0 
 06/08  22:00:00,0.0 
 06/08  23:00:00,0.0 
 06/08  24:00:00,0.0 
 06/09  01:00:00,0.0 
 06/09  02:00:00,0.0 
 06/09  03:00:00,0.0 
 06/09  04:00:00,0.0 
 06/09  05:00:00,0.0 
 06/09  06:00:00,0.0 
 06/09  07:00:00,0.0 
 06/09  08:00:00,0.0 
 06/09  09:00:00,0.0 
 06/09  10:00:00,0.0 
 06/09  11:00:00,0.0 
 06/09  12:00:00,0.0 
 06/09  13:00:00,0.0 
 06/09  14:00:00,0.0 
 06/09  15:00:00,0.0 
 06/09  16:00:00,0.0 
 06/09  17:00:00,0.0 
 06/09  18:00:00,0.0 
 06/09  19:00:00,0.0 
 06/09  20:00:00,0.0 
 06/09  21:00:00,0.0 
 06/09  22:00:00,0.0 
 06/09  23:00:00,430804.02285747696 
 06/09  24:00:00,754807.2617202046 
 06/10  01:00:00,1031682.4788795072 
 06/10  02:00:00,1403987.922351603 
 06/10  03:00:00,1704738.007431286 
 06/10  04:00:00,1980134.596331188 
 06/10  05:00:00,2298805.2028536587 
 06/10  06:00:00,2448301.400159414 
 06/10  07:00:00,1879137.404393327 
 06/10  08:00:00,541361.2822367469 
 06/10  09:00:00,0.0 
 06/10  10:00:00,0.0 
 06/10  11:00:00,0.0 
 06/10  12:00:00,0.0 
 06/10  13:00:00,0.0 
 06/10  14:00:00,0.0 
 06/10  15:00:00,0.0 
 06/10  16:00:00,0.0 
 06/10  17:00:00,0.0 
 06/10  18:00:00,0.0 
 06/10  19:00:00,0.0 
 06/10  20:00:00,0.0 
 06/10  21:00:00,0.0 
 06/10  22:00:00,0.0 
 06/10  23:00:00,0.0 
 06/10  24:00:00,0.0 
 06/11  01:00:00,0.0 
 06/11  02:00:00,0.0 
 06/11  03:00:00,0.0 
 06/11  04:00:00,141437.05720277142 
 06/11  05:00:00,681622.2018303241 
 06/11  06:00:00,1298344.9781680037 
 06/11  07:00:00,416707.4520293951 
 06/11  08:00:00,0.0 
 06/11  09:00:00,0.0 
 06/11  10:00:00,0.0 
 06/11  11:00:00,0.0 
 06/11  12:00:00,0.0 
 06/11  13:00:00,0.0 
 06/11  14:00:00,0.0 
 06/11  15:00:00,0.0 
 06/11  16:00:00,0.0 
 06/11  17:00:00,0.0 
 06/11  18:00:00,0.0 
 06/11  19:00:00,0.0 
 06/11  20:00:00,0.0 
 06/11  21:00:00,0.0 
 06/11  22:00:00,0.0 
 06/11  23:00:00,0.0 
 06/11  24:00:00,0.0 
 06/12  01:00:00,0.0 
 06/12  02:00:00,0.0 
 06/12  03:00:00,0.0 
 06/12  04:00:00,0.0 
 06/12  05:00:00,1071802.0641139105 
 06/12  06:00:00,1976239.817824211 
 06/12  07:00:00,1630510.1406835546 
 06/12  08:00:00,116559.16393131047 
 06/12  09:00:00,0.0 
 06/12  10:00:00,0.0 
 06/12  11:00:00,0.0 
 06/12  12:00:00,0.0 
 06/12  13:00:00,0.0 
 06/12  14:00:00,0.0 
 06/12  15:00:00,0.0 
 06/12  16:00:00,0.0 
 06/12  17:00:00,0.0 
 06/12  18:00:00,0.0 
 06/12  19:00:00,0.0 
 06/12  20:00:00,0.0 
 06/12  21:00:00,0.0 
 06/12  22:00:00,0.0 
 06/12  23:00:00,0.0 
 06/12  24:00:00,0.0 
 06/13  01:00:00,0.0 
 06/13  02:00:00,0.0 
 06/13  03:00:00,0.0 
 06/13  04:00:00,0.0 
 06/13  05:00:00,0.0 
 06/13  06:00:00,357303.81464833266 
 06/13  07:00:00,41120.70441149917 
 06/13  08:00:00,0.0 
 06/13  09:00:00,0.0 
 06/13  10:00:00,0.0 
 06/13  11:00:00,0.0 
 06/13  12:00:00,0.0 
 06/13  13:00:00,0.0 
 06/13  14:00:00,0.0 
 06/13  15:00:00,0.0 
 06/13  16:00:00,0.0 
 06/13  17:00:00,0.0 
 06/13  18:00:00,0.0 
 06/13  19:00:00,0.0 
 06/13  20:00:00,0.0 
 06/13  21:00:00,0.0 
 06/13  22:00:00,0.0 
 06/13  23:00:00,0.0 
 06/13  24:00:00,0.0 
 06/14  01:00:00,0.0 
 06/14  02:00:00,0.0 
 06/14  03:00:00,272351.1467645847 
 06/14  04:00:00,1620163.0036438475 
 06/14  05:00:00,2607196.7411595928 
 06/14  06:00:00,3105615.3330664616 
 06/14  07:00:00,1517854.0928473638 
 06/14  08:00:00,0.0 
 06/14  09:00:00,0.0 
 06/14  10:00:00,0.0 
 06/14  11:00:00,0.0 
 06/14  12:00:00,0.0 
 06/14  13:00:00,0.0 
 06/14  14:00:00,0.0 
 06/14  15:00:00,0.0 
 06/14  16:00:00,0.0 
 06/14  17:00:00,0.0 
 06/14  18:00:00,0.0 
 06/14  19:00:00,0.0 
 06/14  20:00:00,0.0 
 06/14  21:00:00,0.0 
 06/14  22:00:00,0.0 
 06/14  23:00:00,0.0 
 06/14  24:00:00,0.0 
 06/15  01:00:00,0.0 
 06/15  02:00:00,186227.30914911517 
 06/15  03:00:00,2016017.417966628 
 06/15  04:00:00,4025248.1530655837 
 06/15  05:00:00,5417475.848869604 
 06/15  06:00:00,5664407.470899424 
 06/15  07:00:00,3099530.4943524264 
 06/15  08:00:00,0.0 
 06/15  09:00:00,0.0 
 06/15  10:00:00,0.0 
 06/15  11:00:00,0.0 
 06/15  12:00:00,0.0 
 06/15  13:00:00,0.0 
 06/15  14:00:00,0.0 
 06/15  15:00:00,0.0 
 06/15  16:00:00,0.0 
 06/15  17:00:00,0.0 
 06/15  18:00:00,0.0 
 06/15  19:00:00,0.0 
 06/15  20:00:00,0.0 
 06/15  21:00:00,0.0 
 06/15  22:00:00,0.0 
 06/15  23:00:00,0.0 
 06/15  24:00:00,0.0 
 06/16  01:00:00,0.0 
 06/16  02:00:00,195981.45822193622 
 06/16  03:00:00,2058276.0719438302 
 06/16  04:00:00,3587576.1478792867 
 06/16  05:00:00,4730927.169786253 
 06/16  06:00:00,5507180.617899047 
 06/16  07:00:00,3139140.365645116 
 06/16  08:00:00,0.0 
 06/16  09:00:00,0.0 
 06/16  10:00:00,0.0 
 06/16  11:00:00,0.0 
 06/16  12:00:00,0.0 
 06/16  13:00:00,0.0 
 06/16  14:00:00,0.0 
 06/16  15:00:00,0.0 
 06/16  16:00:00,0.0 
 06/16  17:00:00,0.0 
 06/16  18:00:00,0.0 
 06/16  19:00:00,0.0 
 06/16  20:00:00,0.0 
 06/16  21:00:00,0.0 
 06/16  22:00:00,0.0 
 06/16  23:00:00,0.0 
 06/16  24:00:00,0.0 
 06/17  01:00:00,0.0 
 06/17  02:00:00,0.0 
 06/17  03:00:00,1190670.8946488462 
 06/17  04:00:00,3554515.863124903 
 06/17  05:00:00,5182173.776469511 
 06/17  06:00:00,5843555.130248332 
 06/17  07:00:00,2885942.8422055207 
 06/17  08:00:00,0.0 
 06/17  09:00:00,0.0 
 06/17  10:00:00,0.0 
 06/17  11:00:00,0.0 
 06/17  12:00:00,0.0 
 06/17  13:00:00,0.0 
 06/17  14:00:00,0.0 
 06/17  15:00:00,0.0 
 06/17  16:00:00,0.0 
 06/17  17:00:00,0.0 
 06/17  18:00:00,0.0 
 06/17  19:00:00,0.0 
 06/17  20:00:00,0.0 
 06/17  21:00:00,0.0 
 06/17  22:00:00,0.0 
 06/17  23:00:00,0.0 
 06/17  24:00:00,0.0 
 06/18  01:00:00,0.0 
 06/18  02:00:00,0.0 
 06/18  03:00:00,0.0 
 06/18  04:00:00,0.0 
 06/18  05:00:00,0.0 
 06/18  06:00:00,0.0 
 06/18  07:00:00,0.0 
 06/18  08:00:00,0.0 
 06/18  09:00:00,0.0 
 06/18  10:00:00,0.0 
 06/18  11:00:00,0.0 
 06/18  12:00:00,0.0 
 06/18  13:00:00,0.0 
 06/18  14:00:00,0.0 
 06/18  15:00:00,0.0 
 06/18  16:00:00,0.0 
 06/18  17:00:00,0.0 
 06/18  18:00:00,0.0 
 06/18  19:00:00,0.0 
 06/18  20:00:00,0.0 
 06/18  21:00:00,0.0 
 06/18  22:00:00,0.0 
 06/18  23:00:00,0.0 
 06/18  24:00:00,0.0 
 06/19  01:00:00,0.0 
 06/19  02:00:00,0.0 
 06/19  03:00:00,0.0 
 06/19  04:00:00,0.0 
 06/19  05:00:00,0.0 
 06/19  06:00:00,0.0 
 06/19  07:00:00,0.0 
 06/19  08:00:00,0.0 
 06/19  09:00:00,0.0 
 06/19  10:00:00,0.0 
 06/19  11:00:00,0.0 
 06/19  12:00:00,0.0 
 06/19  13:00:00,0.0 
 06/19  14:00:00,0.0 
 06/19  15:00:00,0.0 
 06/19  16:00:00,0.0 
 06/19  17:00:00,0.0 
 06/19  18:00:00,0.0 
 06/19  19:00:00,0.0 
 06/19  20:00:00,0.0 
 06/19  21:00:00,0.0 
 06/19  22:00:00,0.0 
 06/19  23:00:00,0.0 
 06/19  24:00:00,0.0 
 06/20  01:00:00,0.0 
 06/20  02:00:00,0.0 
 06/20  03:00:00,0.0 
 06/20  04:00:00,0.0 
 06/20  05:00:00,0.0 
 06/20  06:00:00,0.0 
 06/20  07:00:00,0.0 
 06/20  08:00:00,0.0 
 06/20  09:00:00,0.0 
 06/20  10:00:00,0.0 
 06/20  11:00:00,0.0 
 06/20  12:00:00,0.0 
 06/20  13:00:00,0.0 
 06/20  14:00:00,0.0 
 06/20  15:00:00,0.0 
 06/20  16:00:00,0.0 
 06/20  17:00:00,0.0 
 06/20  18:00:00,0.0 
 06/20  19:00:00,0.0 
 06/20  20:00:00,0.0 
 06/20  21:00:00,0.0 
 06/20  22:00:00,0.0 
 06/20  23:00:00,0.0 
 06/20  24:00:00,0.0 
 06/21  01:00:00,0.0 
 06/21  02:00:00,0.0 
 06/21  03:00:00,0.0 
 06/21  04:00:00,0.0 
 06/21  05:00:00,0.0 
 06/21  06:00:00,0.0 
 06/21  07:00:00,0.0 
 06/21  08:00:00,0.0 
 06/21  09:00:00,0.0 
 06/21  10:00:00,0.0 
 06/21  11:00:00,0.0 
 06/21  12:00:00,0.0 
 06/21  13:00:00,0.0 
 06/21  14:00:00,0.0 
 06/21  15:00:00,0.0 
 06/21  16:00:00,0.0 
 06/21  17:00:00,0.0 
 06/21  18:00:00,0.0 
 06/21  19:00:00,0.0 
 06/21  20:00:00,0.0 
 06/21  21:00:00,0.0 
 06/21  22:00:00,0.0 
 06/21  23:00:00,0.0 
 06/21  24:00:00,0.0 
 06/22  01:00:00,0.0 
 06/22  02:00:00,0.0 
 06/22  03:00:00,0.0 
 06/22  04:00:00,0.0 
 06/22  05:00:00,0.0 
 06/22  06:00:00,0.0 
 06/22  07:00:00,0.0 
 06/22  08:00:00,0.0 
 06/22  09:00:00,0.0 
 06/22  10:00:00,0.0 
 06/22  11:00:00,0.0 
 06/22  12:00:00,0.0 
 06/22  13:00:00,0.0 
 06/22  14:00:00,0.0 
 06/22  15:00:00,0.0 
 06/22  16:00:00,0.0 
 06/22  17:00:00,0.0 
 06/22  18:00:00,0.0 
 06/22  19:00:00,0.0 
 06/22  20:00:00,0.0 
 06/22  21:00:00,0.0 
 06/22  22:00:00,0.0 
 06/22  23:00:00,0.0 
 06/22  24:00:00,0.0 
 06/23  01:00:00,627817.8576802682 
 06/23  02:00:00,1668415.6054807887 
 06/23  03:00:00,2295735.505410541 
 06/23  04:00:00,2712502.4534417745 
 06/23  05:00:00,3171714.752470745 
 06/23  06:00:00,3463746.457062772 
 06/23  07:00:00,2176177.960967088 
 06/23  08:00:00,46021.10373203323 
 06/23  09:00:00,0.0 
 06/23  10:00:00,0.0 
 06/23  11:00:00,0.0 
 06/23  12:00:00,0.0 
 06/23  13:00:00,0.0 
 06/23  14:00:00,0.0 
 06/23  15:00:00,0.0 
 06/23  16:00:00,0.0 
 06/23  17:00:00,0.0 
 06/23  18:00:00,0.0 
 06/23  19:00:00,0.0 
 06/23  20:00:00,0.0 
 06/23  21:00:00,0.0 
 06/23  22:00:00,0.0 
 06/23  23:00:00,0.0 
 06/23  24:00:00,0.0 
 06/24  01:00:00,0.0 
 06/24  02:00:00,0.0 
 06/24  03:00:00,0.0 
 06/24  04:00:00,352244.49646245415 
 06/24  05:00:00,1698484.1002670699 
 06/24  06:00:00,2794375.3897923776 
 06/24  07:00:00,1373841.4016082585 
 06/24  08:00:00,0.0 
 06/24  09:00:00,0.0 
 06/24  10:00:00,0.0 
 06/24  11:00:00,0.0 
 06/24  12:00:00,0.0 
 06/24  13:00:00,0.0 
 06/24  14:00:00,0.0 
 06/24  15:00:00,0.0 
 06/24  16:00:00,0.0 
 06/24  17:00:00,0.0 
 06/24  18:00:00,0.0 
 06/24  19:00:00,0.0 
 06/24  20:00:00,0.0 
 06/24  21:00:00,0.0 
 06/24  22:00:00,0.0 
 06/24  23:00:00,0.0 
 06/24  24:00:00,0.0 
 06/25  01:00:00,0.0 
 06/25  02:00:00,0.0 
 06/25  03:00:00,0.0 
 06/25  04:00:00,536593.1619400042 
 06/25  05:00:00,2270840.007592544 
 06/25  06:00:00,3327162.123932503 
 06/25  07:00:00,1274363.83955969 
 06/25  08:00:00,0.0 
 06/25  09:00:00,0.0 
 06/25  10:00:00,0.0 
 06/25  11:00:00,0.0 
 06/25  12:00:00,0.0 
 06/25  13:00:00,0.0 
 06/25  14:00:00,0.0 
 06/25  15:00:00,0.0 
 06/25  16:00:00,0.0 
 06/25  17:00:00,0.0 
 06/25  18:00:00,0.0 
 06/25  19:00:00,0.0 
 06/25  20:00:00,0.0 
 06/25  21:00:00,0.0 
 06/25  22:00:00,0.0 
 06/25  23:00:00,0.0 
 06/25  24:00:00,0.0 
 06/26  01:00:00,0.0 
 06/26  02:00:00,0.0 
 06/26  03:00:00,0.0 
 06/26  04:00:00,0.0 
 06/26  05:00:00,0.0 
 06/26  06:00:00,0.0 
 06/26  07:00:00,0.0 
 06/26  08:00:00,0.0 
 06/26  09:00:00,0.0 
 06/26  10:00:00,0.0 
 06/26  11:00:00,0.0 
 06/26  12:00:00,0.0 
 06/26  13:00:00,0.0 
 06/26  14:00:00,0.0 
 06/26  15:00:00,0.0 
 06/26  16:00:00,0.0 
 06/26  17:00:00,0.0 
 06/26  18:00:00,0.0 
 06/26  19:00:00,0.0 
 06/26  20:00:00,0.0 
 06/26  21:00:00,0.0 
 06/26  22:00:00,0.0 
 06/26  23:00:00,0.0 
 06/26  24:00:00,0.0 
 06/27  01:00:00,0.0 
 06/27  02:00:00,0.0 
 06/27  03:00:00,0.0 
 06/27  04:00:00,0.0 
 06/27  05:00:00,0.0 
 06/27  06:00:00,0.0 
 06/27  07:00:00,0.0 
 06/27  08:00:00,0.0 
 06/27  09:00:00,0.0 
 06/27  10:00:00,0.0 
 06/27  11:00:00,0.0 
 06/27  12:00:00,0.0 
 06/27  13:00:00,0.0 
 06/27  14:00:00,0.0 
 06/27  15:00:00,0.0 
 06/27  16:00:00,0.0 
 06/27  17:00:00,0.0 
 06/27  18:00:00,0.0 
 06/27  19:00:00,0.0 
 06/27  20:00:00,0.0 
 06/27  21:00:00,0.0 
 06/27  22:00:00,0.0 
 06/27  23:00:00,0.0 
 06/27  24:00:00,0.0 
 06/28  01:00:00,0.0 
 06/28  02:00:00,0.0 
 06/28  03:00:00,3497.1761935841646 
 06/28  04:00:00,1347067.6833138873 
 06/28  05:00:00,2885782.6454108655 
 06/28  06:00:00,3818739.879555978 
 06/28  07:00:00,2489866.7852716814 
 06/28  08:00:00,10681.580803577526 
 06/28  09:00:00,0.0 
 06/28  10:00:00,0.0 
 06/28  11:00:00,0.0 
 06/28  12:00:00,0.0 
 06/28  13:00:00,0.0 
 06/28  14:00:00,0.0 
 06/28  15:00:00,0.0 
 06/28  16:00:00,0.0 
 06/28  17:00:00,0.0 
 06/28  18:00:00,0.0 
 06/28  19:00:00,0.0 
 06/28  20:00:00,0.0 
 06/28  21:00:00,0.0 
 06/28  22:00:00,0.0 
 06/28  23:00:00,0.0 
 06/28  24:00:00,0.0 
 06/29  01:00:00,0.0 
 06/29  02:00:00,0.0 
 06/29  03:00:00,0.0 
 06/29  04:00:00,0.0 
 06/29  05:00:00,644379.1223164015 
 06/29  06:00:00,1873488.909840303 
 06/29  07:00:00,899829.9776961339 
 06/29  08:00:00,0.0 
 06/29  09:00:00,0.0 
 06/29  10:00:00,0.0 
 06/29  11:00:00,0.0 
 06/29  12:00:00,0.0 
 06/29  13:00:00,0.0 
 06/29  14:00:00,0.0 
 06/29  15:00:00,0.0 
 06/29  16:00:00,0.0 
 06/29  17:00:00,0.0 
 06/29  18:00:00,0.0 
 06/29  19:00:00,0.0 
 06/29  20:00:00,0.0 
 06/29  21:00:00,0.0 
 06/29  22:00:00,0.0 
 06/29  23:00:00,0.0 
 06/29  24:00:00,0.0 
 06/30  01:00:00,0.0 
 06/30  02:00:00,0.0 
 06/30  03:00:00,0.0 
 06/30  04:00:00,0.0 
 06/30  05:00:00,0.0 
 06/30  06:00:00,0.0 
 06/30  07:00:00,0.0 
 06/30  08:00:00,0.0 
 06/30  09:00:00,253550.77239651952 
 06/30  10:00:00,208268.81017010674 
 06/30  11:00:00,0.0 
 06/30  12:00:00,0.0 
 06/30  13:00:00,0.0 
 06/30  14:00:00,0.0 
 06/30  15:00:00,0.0 
 06/30  16:00:00,0.0 
 06/30  17:00:00,0.0 
 06/30  18:00:00,0.0 
 06/30  19:00:00,0.0 
 06/30  20:00:00,0.0 
 06/30  21:00:00,0.0 
 06/30  22:00:00,0.0 
 06/30  23:00:00,0.0 
 06/30  24:00:00,0.0 
 07/01  01:00:00,376868.0202020769 
 07/01  02:00:00,2033681.6738813694 
 07/01  03:00:00,3284020.893366405 
 07/01  04:00:00,3860028.972705842 
 07/01  05:00:00,4702489.047063959 
 07/01  06:00:00,5563718.371451734 
 07/01  07:00:00,3640071.175265488 
 07/01  08:00:00,379849.53766602266 
 07/01  09:00:00,0.0 
 07/01  10:00:00,0.0 
 07/01  11:00:00,0.0 
 07/01  12:00:00,0.0 
 07/01  13:00:00,0.0 
 07/01  14:00:00,0.0 
 07/01  15:00:00,0.0 
 07/01  16:00:00,0.0 
 07/01  17:00:00,0.0 
 07/01  18:00:00,0.0 
 07/01  19:00:00,0.0 
 07/01  20:00:00,0.0 
 07/01  21:00:00,0.0 
 07/01  22:00:00,0.0 
 07/01  23:00:00,0.0 
 07/01  24:00:00,107015.91242797585 
 07/02  01:00:00,576574.8504419478 
 07/02  02:00:00,450154.4134392606 
 07/02  03:00:00,412986.33955968835 
 07/02  04:00:00,970402.3411399948 
 07/02  05:00:00,1477108.6904641644 
 07/02  06:00:00,1757547.9628412353 
 07/02  07:00:00,1523083.981334267 
 07/02  08:00:00,535430.5854914354 
 07/02  09:00:00,0.0 
 07/02  10:00:00,0.0 
 07/02  11:00:00,0.0 
 07/02  12:00:00,0.0 
 07/02  13:00:00,0.0 
 07/02  14:00:00,0.0 
 07/02  15:00:00,0.0 
 07/02  16:00:00,0.0 
 07/02  17:00:00,0.0 
 07/02  18:00:00,0.0 
 07/02  19:00:00,0.0 
 07/02  20:00:00,0.0 
 07/02  21:00:00,0.0 
 07/02  22:00:00,0.0 
 07/02  23:00:00,0.0 
 07/02  24:00:00,0.0 
 07/03  01:00:00,0.0 
 07/03  02:00:00,0.0 
 07/03  03:00:00,0.0 
 07/03  04:00:00,0.0 
 07/03  05:00:00,298441.11613618955 
 07/03  06:00:00,1593648.0361836161 
 07/03  07:00:00,835827.7157729652 
 07/03  08:00:00,0.0 
 07/03  09:00:00,0.0 
 07/03  10:00:00,0.0 
 07/03  11:00:00,0.0 
 07/03  12:00:00,0.0 
 07/03  13:00:00,0.0 
 07/03  14:00:00,0.0 
 07/03  15:00:00,0.0 
 07/03  16:00:00,0.0 
 07/03  17:00:00,0.0 
 07/03  18:00:00,0.0 
 07/03  19:00:00,0.0 
 07/03  20:00:00,0.0 
 07/03  21:00:00,0.0 
 07/03  22:00:00,0.0 
 07/03  23:00:00,0.0 
 07/03  24:00:00,0.0 
 07/04  01:00:00,0.0 
 07/04  02:00:00,0.0 
 07/04  03:00:00,369298.8723290531 
 07/04  04:00:00,1378938.1849090469 
 07/04  05:00:00,2308383.3254156867 
 07/04  06:00:00,2856010.4472776777 
 07/04  07:00:00,1952768.1220062391 
 07/04  08:00:00,96661.37282701749 
 07/04  09:00:00,0.0 
 07/04  10:00:00,0.0 
 07/04  11:00:00,0.0 
 07/04  12:00:00,0.0 
 07/04  13:00:00,0.0 
 07/04  14:00:00,0.0 
 07/04  15:00:00,0.0 
 07/04  16:00:00,0.0 
 07/04  17:00:00,0.0 
 07/04  18:00:00,0.0 
 07/04  19:00:00,0.0 
 07/04  20:00:00,0.0 
 07/04  21:00:00,0.0 
 07/04  22:00:00,0.0 
 07/04  23:00:00,0.0 
 07/04  24:00:00,0.0 
 07/05  01:00:00,0.0 
 07/05  02:00:00,0.0 
 07/05  03:00:00,0.0 
 07/05  04:00:00,0.0 
 07/05  05:00:00,0.0 
 07/05  06:00:00,428595.38307734614 
 07/05  07:00:00,97210.91403881801 
 07/05  08:00:00,0.0 
 07/05  09:00:00,0.0 
 07/05  10:00:00,0.0 
 07/05  11:00:00,0.0 
 07/05  12:00:00,0.0 
 07/05  13:00:00,0.0 
 07/05  14:00:00,0.0 
 07/05  15:00:00,0.0 
 07/05  16:00:00,0.0 
 07/05  17:00:00,0.0 
 07/05  18:00:00,0.0 
 07/05  19:00:00,0.0 
 07/05  20:00:00,0.0 
 07/05  21:00:00,0.0 
 07/05  22:00:00,0.0 
 07/05  23:00:00,0.0 
 07/05  24:00:00,0.0 
 07/06  01:00:00,0.0 
 07/06  02:00:00,0.0 
 07/06  03:00:00,0.0 
 07/06  04:00:00,309568.2102975414 
 07/06  05:00:00,1714557.311185833 
 07/06  06:00:00,2596599.650119667 
 07/06  07:00:00,1433759.4966761917 
 07/06  08:00:00,0.0 
 07/06  09:00:00,0.0 
 07/06  10:00:00,0.0 
 07/06  11:00:00,0.0 
 07/06  12:00:00,0.0 
 07/06  13:00:00,0.0 
 07/06  14:00:00,0.0 
 07/06  15:00:00,0.0 
 07/06  16:00:00,0.0 
 07/06  17:00:00,0.0 
 07/06  18:00:00,0.0 
 07/06  19:00:00,0.0 
 07/06  20:00:00,0.0 
 07/06  21:00:00,0.0 
 07/06  22:00:00,0.0 
 07/06  23:00:00,0.0 
 07/06  24:00:00,0.0 
 07/07  01:00:00,0.0 
 07/07  02:00:00,0.0 
 07/07  03:00:00,0.0 
 07/07  04:00:00,0.0 
 07/07  05:00:00,0.0 
 07/07  06:00:00,303572.30076770356 
 07/07  07:00:00,60196.19669499226 
 07/07  08:00:00,0.0 
 07/07  09:00:00,0.0 
 07/07  10:00:00,0.0 
 07/07  11:00:00,0.0 
 07/07  12:00:00,0.0 
 07/07  13:00:00,0.0 
 07/07  14:00:00,0.0 
 07/07  15:00:00,0.0 
 07/07  16:00:00,0.0 
 07/07  17:00:00,0.0 
 07/07  18:00:00,0.0 
 07/07  19:00:00,0.0 
 07/07  20:00:00,0.0 
 07/07  21:00:00,0.0 
 07/07  22:00:00,0.0 
 07/07  23:00:00,0.0 
 07/07  24:00:00,0.0 
 07/08  01:00:00,0.0 
 07/08  02:00:00,0.0 
 07/08  03:00:00,0.0 
 07/08  04:00:00,0.0 
 07/08  05:00:00,0.0 
 07/08  06:00:00,0.0 
 07/08  07:00:00,0.0 
 07/08  08:00:00,0.0 
 07/08  09:00:00,0.0 
 07/08  10:00:00,0.0 
 07/08  11:00:00,0.0 
 07/08  12:00:00,0.0 
 07/08  13:00:00,0.0 
 07/08  14:00:00,0.0 
 07/08  15:00:00,0.0 
 07/08  16:00:00,0.0 
 07/08  17:00:00,0.0 
 07/08  18:00:00,0.0 
 07/08  19:00:00,0.0 
 07/08  20:00:00,0.0 
 07/08  21:00:00,0.0 
 07/08  22:00:00,0.0 
 07/08  23:00:00,0.0 
 07/08  24:00:00,0.0 
 07/09  01:00:00,0.0 
 07/09  02:00:00,0.0 
 07/09  03:00:00,0.0 
 07/09  04:00:00,0.0 
 07/09  05:00:00,0.0 
 07/09  06:00:00,0.0 
 07/09  07:00:00,0.0 
 07/09  08:00:00,0.0 
 07/09  09:00:00,0.0 
 07/09  10:00:00,0.0 
 07/09  11:00:00,0.0 
 07/09  12:00:00,0.0 
 07/09  13:00:00,0.0 
 07/09  14:00:00,0.0 
 07/09  15:00:00,0.0 
 07/09  16:00:00,0.0 
 07/09  17:00:00,0.0 
 07/09  18:00:00,0.0 
 07/09  19:00:00,0.0 
 07/09  20:00:00,0.0 
 07/09  21:00:00,0.0 
 07/09  22:00:00,0.0 
 07/09  23:00:00,0.0 
 07/09  24:00:00,0.0 
 07/10  01:00:00,0.0 
 07/10  02:00:00,0.0 
 07/10  03:00:00,0.0 
 07/10  04:00:00,0.0 
 07/10  05:00:00,0.0 
 07/10  06:00:00,0.0 
 07/10  07:00:00,0.0 
 07/10  08:00:00,0.0 
 07/10  09:00:00,0.0 
 07/10  10:00:00,0.0 
 07/10  11:00:00,0.0 
 07/10  12:00:00,0.0 
 07/10  13:00:00,0.0 
 07/10  14:00:00,0.0 
 07/10  15:00:00,0.0 
 07/10  16:00:00,0.0 
 07/10  17:00:00,0.0 
 07/10  18:00:00,0.0 
 07/10  19:00:00,0.0 
 07/10  20:00:00,0.0 
 07/10  21:00:00,0.0 
 07/10  22:00:00,0.0 
 07/10  23:00:00,0.0 
 07/10  24:00:00,0.0 
 07/11  01:00:00,0.0 
 07/11  02:00:00,0.0 
 07/11  03:00:00,0.0 
 07/11  04:00:00,0.0 
 07/11  05:00:00,0.0 
 07/11  06:00:00,0.0 
 07/11  07:00:00,0.0 
 07/11  08:00:00,0.0 
 07/11  09:00:00,0.0 
 07/11  10:00:00,0.0 
 07/11  11:00:00,0.0 
 07/11  12:00:00,0.0 
 07/11  13:00:00,0.0 
 07/11  14:00:00,0.0 
 07/11  15:00:00,0.0 
 07/11  16:00:00,0.0 
 07/11  17:00:00,0.0 
 07/11  18:00:00,0.0 
 07/11  19:00:00,0.0 
 07/11  20:00:00,0.0 
 07/11  21:00:00,0.0 
 07/11  22:00:00,0.0 
 07/11  23:00:00,0.0 
 07/11  24:00:00,0.0 
 07/12  01:00:00,0.0 
 07/12  02:00:00,0.0 
 07/12  03:00:00,0.0 
 07/12  04:00:00,0.0 
 07/12  05:00:00,0.0 
 07/12  06:00:00,0.0 
 07/12  07:00:00,0.0 
 07/12  08:00:00,0.0 
 07/12  09:00:00,0.0 
 07/12  10:00:00,0.0 
 07/12  11:00:00,0.0 
 07/12  12:00:00,0.0 
 07/12  13:00:00,0.0 
 07/12  14:00:00,0.0 
 07/12  15:00:00,0.0 
 07/12  16:00:00,0.0 
 07/12  17:00:00,0.0 
 07/12  18:00:00,0.0 
 07/12  19:00:00,0.0 
 07/12  20:00:00,0.0 
 07/12  21:00:00,0.0 
 07/12  22:00:00,0.0 
 07/12  23:00:00,0.0 
 07/12  24:00:00,0.0 
 07/13  01:00:00,0.0 
 07/13  02:00:00,0.0 
 07/13  03:00:00,0.0 
 07/13  04:00:00,0.0 
 07/13  05:00:00,0.0 
 07/13  06:00:00,395854.632475532 
 07/13  07:00:00,202571.6710585264 
 07/13  08:00:00,0.0 
 07/13  09:00:00,0.0 
 07/13  10:00:00,0.0 
 07/13  11:00:00,0.0 
 07/13  12:00:00,0.0 
 07/13  13:00:00,0.0 
 07/13  14:00:00,0.0 
 07/13  15:00:00,0.0 
 07/13  16:00:00,0.0 
 07/13  17:00:00,0.0 
 07/13  18:00:00,0.0 
 07/13  19:00:00,0.0 
 07/13  20:00:00,0.0 
 07/13  21:00:00,0.0 
 07/13  22:00:00,0.0 
 07/13  23:00:00,0.0 
 07/13  24:00:00,0.0 
 07/14  01:00:00,0.0 
 07/14  02:00:00,0.0 
 07/14  03:00:00,220000.8906414936 
 07/14  04:00:00,2222088.436675216 
 07/14  05:00:00,4479311.747722203 
 07/14  06:00:00,5362389.33587943 
 07/14  07:00:00,3669256.9548196057 
 07/14  08:00:00,89315.3429839331 
 07/14  09:00:00,0.0 
 07/14  10:00:00,0.0 
 07/14  11:00:00,0.0 
 07/14  12:00:00,0.0 
 07/14  13:00:00,0.0 
 07/14  14:00:00,0.0 
 07/14  15:00:00,0.0 
 07/14  16:00:00,0.0 
 07/14  17:00:00,0.0 
 07/14  18:00:00,0.0 
 07/14  19:00:00,0.0 
 07/14  20:00:00,0.0 
 07/14  21:00:00,0.0 
 07/14  22:00:00,0.0 
 07/14  23:00:00,0.0 
 07/14  24:00:00,0.0 
 07/15  01:00:00,0.0 
 07/15  02:00:00,0.0 
 07/15  03:00:00,0.0 
 07/15  04:00:00,0.0 
 07/15  05:00:00,0.0 
 07/15  06:00:00,0.0 
 07/15  07:00:00,0.0 
 07/15  08:00:00,0.0 
 07/15  09:00:00,0.0 
 07/15  10:00:00,0.0 
 07/15  11:00:00,0.0 
 07/15  12:00:00,0.0 
 07/15  13:00:00,0.0 
 07/15  14:00:00,0.0 
 07/15  15:00:00,0.0 
 07/15  16:00:00,0.0 
 07/15  17:00:00,0.0 
 07/15  18:00:00,0.0 
 07/15  19:00:00,0.0 
 07/15  20:00:00,0.0 
 07/15  21:00:00,0.0 
 07/15  22:00:00,0.0 
 07/15  23:00:00,0.0 
 07/15  24:00:00,0.0 
 07/16  01:00:00,0.0 
 07/16  02:00:00,0.0 
 07/16  03:00:00,0.0 
 07/16  04:00:00,0.0 
 07/16  05:00:00,0.0 
 07/16  06:00:00,0.0 
 07/16  07:00:00,0.0 
 07/16  08:00:00,0.0 
 07/16  09:00:00,0.0 
 07/16  10:00:00,0.0 
 07/16  11:00:00,0.0 
 07/16  12:00:00,0.0 
 07/16  13:00:00,0.0 
 07/16  14:00:00,0.0 
 07/16  15:00:00,0.0 
 07/16  16:00:00,0.0 
 07/16  17:00:00,0.0 
 07/16  18:00:00,0.0 
 07/16  19:00:00,0.0 
 07/16  20:00:00,0.0 
 07/16  21:00:00,0.0 
 07/16  22:00:00,0.0 
 07/16  23:00:00,0.0 
 07/16  24:00:00,0.0 
 07/17  01:00:00,0.0 
 07/17  02:00:00,0.0 
 07/17  03:00:00,0.0 
 07/17  04:00:00,0.0 
 07/17  05:00:00,0.0 
 07/17  06:00:00,0.0 
 07/17  07:00:00,0.0 
 07/17  08:00:00,0.0 
 07/17  09:00:00,0.0 
 07/17  10:00:00,0.0 
 07/17  11:00:00,0.0 
 07/17  12:00:00,0.0 
 07/17  13:00:00,0.0 
 07/17  14:00:00,0.0 
 07/17  15:00:00,0.0 
 07/17  16:00:00,0.0 
 07/17  17:00:00,0.0 
 07/17  18:00:00,0.0 
 07/17  19:00:00,0.0 
 07/17  20:00:00,0.0 
 07/17  21:00:00,0.0 
 07/17  22:00:00,0.0 
 07/17  23:00:00,0.0 
 07/17  24:00:00,0.0 
 07/18  01:00:00,0.0 
 07/18  02:00:00,0.0 
 07/18  03:00:00,0.0 
 07/18  04:00:00,0.0 
 07/18  05:00:00,59175.37694926214 
 07/18  06:00:00,1151364.9526566989 
 07/18  07:00:00,647297.4851661836 
 07/18  08:00:00,0.0 
 07/18  09:00:00,0.0 
 07/18  10:00:00,0.0 
 07/18  11:00:00,0.0 
 07/18  12:00:00,0.0 
 07/18  13:00:00,0.0 
 07/18  14:00:00,0.0 
 07/18  15:00:00,0.0 
 07/18  16:00:00,0.0 
 07/18  17:00:00,0.0 
 07/18  18:00:00,0.0 
 07/18  19:00:00,0.0 
 07/18  20:00:00,0.0 
 07/18  21:00:00,0.0 
 07/18  22:00:00,0.0 
 07/18  23:00:00,0.0 
 07/18  24:00:00,0.0 
 07/19  01:00:00,0.0 
 07/19  02:00:00,0.0 
 07/19  03:00:00,0.0 
 07/19  04:00:00,0.0 
 07/19  05:00:00,0.0 
 07/19  06:00:00,0.0 
 07/19  07:00:00,0.0 
 07/19  08:00:00,0.0 
 07/19  09:00:00,0.0 
 07/19  10:00:00,0.0 
 07/19  11:00:00,0.0 
 07/19  12:00:00,0.0 
 07/19  13:00:00,0.0 
 07/19  14:00:00,0.0 
 07/19  15:00:00,0.0 
 07/19  16:00:00,0.0 
 07/19  17:00:00,0.0 
 07/19  18:00:00,0.0 
 07/19  19:00:00,0.0 
 07/19  20:00:00,0.0 
 07/19  21:00:00,0.0 
 07/19  22:00:00,0.0 
 07/19  23:00:00,0.0 
 07/19  24:00:00,0.0 
 07/20  01:00:00,0.0 
 07/20  02:00:00,0.0 
 07/20  03:00:00,0.0 
 07/20  04:00:00,0.0 
 07/20  05:00:00,0.0 
 07/20  06:00:00,474410.5197975703 
 07/20  07:00:00,376145.34191708884 
 07/20  08:00:00,0.0 
 07/20  09:00:00,0.0 
 07/20  10:00:00,0.0 
 07/20  11:00:00,0.0 
 07/20  12:00:00,0.0 
 07/20  13:00:00,0.0 
 07/20  14:00:00,0.0 
 07/20  15:00:00,0.0 
 07/20  16:00:00,0.0 
 07/20  17:00:00,0.0 
 07/20  18:00:00,0.0 
 07/20  19:00:00,0.0 
 07/20  20:00:00,0.0 
 07/20  21:00:00,0.0 
 07/20  22:00:00,0.0 
 07/20  23:00:00,0.0 
 07/20  24:00:00,0.0 
 07/21  01:00:00,0.0 
 07/21  02:00:00,0.0 
 07/21  03:00:00,0.0 
 07/21  04:00:00,0.0 
 07/21  05:00:00,156338.8227334843 
 07/21  06:00:00,1064124.9927445445 
 07/21  07:00:00,636283.5843435446 
 07/21  08:00:00,0.0 
 07/21  09:00:00,0.0 
 07/21  10:00:00,0.0 
 07/21  11:00:00,0.0 
 07/21  12:00:00,0.0 
 07/21  13:00:00,0.0 
 07/21  14:00:00,0.0 
 07/21  15:00:00,0.0 
 07/21  16:00:00,0.0 
 07/21  17:00:00,0.0 
 07/21  18:00:00,0.0 
 07/21  19:00:00,0.0 
 07/21  20:00:00,0.0 
 07/21  21:00:00,0.0 
 07/21  22:00:00,0.0 
 07/21  23:00:00,0.0 
 07/21  24:00:00,0.0 
 07/22  01:00:00,0.0 
 07/22  02:00:00,0.0 
 07/22  03:00:00,0.0 
 07/22  04:00:00,1145234.4980554206 
 07/22  05:00:00,2069615.6450187284 
 07/22  06:00:00,2892731.677562139 
 07/22  07:00:00,2236488.008189217 
 07/22  08:00:00,0.0 
 07/22  09:00:00,0.0 
 07/22  10:00:00,0.0 
 07/22  11:00:00,0.0 
 07/22  12:00:00,0.0 
 07/22  13:00:00,0.0 
 07/22  14:00:00,0.0 
 07/22  15:00:00,0.0 
 07/22  16:00:00,0.0 
 07/22  17:00:00,0.0 
 07/22  18:00:00,0.0 
 07/22  19:00:00,0.0 
 07/22  20:00:00,0.0 
 07/22  21:00:00,0.0 
 07/22  22:00:00,0.0 
 07/22  23:00:00,0.0 
 07/22  24:00:00,0.0 
 07/23  01:00:00,0.0 
 07/23  02:00:00,0.0 
 07/23  03:00:00,0.0 
 07/23  04:00:00,171704.26270426833 
 07/23  05:00:00,2198571.9558078693 
 07/23  06:00:00,3551173.503138978 
 07/23  07:00:00,2172953.2786698295 
 07/23  08:00:00,0.0 
 07/23  09:00:00,0.0 
 07/23  10:00:00,0.0 
 07/23  11:00:00,0.0 
 07/23  12:00:00,0.0 
 07/23  13:00:00,0.0 
 07/23  14:00:00,0.0 
 07/23  15:00:00,0.0 
 07/23  16:00:00,0.0 
 07/23  17:00:00,0.0 
 07/23  18:00:00,0.0 
 07/23  19:00:00,0.0 
 07/23  20:00:00,0.0 
 07/23  21:00:00,0.0 
 07/23  22:00:00,0.0 
 07/23  23:00:00,0.0 
 07/23  24:00:00,0.0 
 07/24  01:00:00,0.0 
 07/24  02:00:00,0.0 
 07/24  03:00:00,0.0 
 07/24  04:00:00,0.0 
 07/24  05:00:00,0.0 
 07/24  06:00:00,0.0 
 07/24  07:00:00,0.0 
 07/24  08:00:00,0.0 
 07/24  09:00:00,0.0 
 07/24  10:00:00,0.0 
 07/24  11:00:00,0.0 
 07/24  12:00:00,0.0 
 07/24  13:00:00,0.0 
 07/24  14:00:00,0.0 
 07/24  15:00:00,0.0 
 07/24  16:00:00,0.0 
 07/24  17:00:00,0.0 
 07/24  18:00:00,0.0 
 07/24  19:00:00,0.0 
 07/24  20:00:00,0.0 
 07/24  21:00:00,0.0 
 07/24  22:00:00,0.0 
 07/24  23:00:00,0.0 
 07/24  24:00:00,0.0 
 07/25  01:00:00,0.0 
 07/25  02:00:00,0.0 
 07/25  03:00:00,0.0 
 07/25  04:00:00,0.0 
 07/25  05:00:00,0.0 
 07/25  06:00:00,477084.1985044456 
 07/25  07:00:00,383715.5582564643 
 07/25  08:00:00,0.0 
 07/25  09:00:00,0.0 
 07/25  10:00:00,0.0 
 07/25  11:00:00,0.0 
 07/25  12:00:00,0.0 
 07/25  13:00:00,0.0 
 07/25  14:00:00,0.0 
 07/25  15:00:00,0.0 
 07/25  16:00:00,0.0 
 07/25  17:00:00,0.0 
 07/25  18:00:00,0.0 
 07/25  19:00:00,0.0 
 07/25  20:00:00,0.0 
 07/25  21:00:00,0.0 
 07/25  22:00:00,0.0 
 07/25  23:00:00,0.0 
 07/25  24:00:00,0.0 
 07/26  01:00:00,982159.4803238725 
 07/26  02:00:00,2682104.951145036 
 07/26  03:00:00,4220260.73822932 
 07/26  04:00:00,5321707.635737868 
 07/26  05:00:00,6358753.0262393905 
 07/26  06:00:00,7134848.821632972 
 07/26  07:00:00,5984986.151112456 
 07/26  08:00:00,1268353.4380281768 
 07/26  09:00:00,0.0 
 07/26  10:00:00,0.0 
 07/26  11:00:00,0.0 
 07/26  12:00:00,0.0 
 07/26  13:00:00,0.0 
 07/26  14:00:00,0.0 
 07/26  15:00:00,0.0 
 07/26  16:00:00,0.0 
 07/26  17:00:00,0.0 
 07/26  18:00:00,0.0 
 07/26  19:00:00,0.0 
 07/26  20:00:00,0.0 
 07/26  21:00:00,0.0 
 07/26  22:00:00,0.0 
 07/26  23:00:00,0.0 
 07/26  24:00:00,0.0 
 07/27  01:00:00,314402.9294742635 
 07/27  02:00:00,1839838.839700501 
 07/27  03:00:00,3662211.155003214 
 07/27  04:00:00,5768198.496064166 
 07/27  05:00:00,7225923.591005698 
 07/27  06:00:00,8287362.241782783 
 07/27  07:00:00,7060745.193608385 
 07/27  08:00:00,1399467.5225472094 
 07/27  09:00:00,0.0 
 07/27  10:00:00,0.0 
 07/27  11:00:00,0.0 
 07/27  12:00:00,0.0 
 07/27  13:00:00,0.0 
 07/27  14:00:00,0.0 
 07/27  15:00:00,0.0 
 07/27  16:00:00,0.0 
 07/27  17:00:00,0.0 
 07/27  18:00:00,0.0 
 07/27  19:00:00,0.0 
 07/27  20:00:00,0.0 
 07/27  21:00:00,0.0 
 07/27  22:00:00,0.0 
 07/27  23:00:00,0.0 
 07/27  24:00:00,0.0 
 07/28  01:00:00,0.0 
 07/28  02:00:00,0.0 
 07/28  03:00:00,0.0 
 07/28  04:00:00,0.0 
 07/28  05:00:00,0.0 
 07/28  06:00:00,0.0 
 07/28  07:00:00,0.0 
 07/28  08:00:00,0.0 
 07/28  09:00:00,0.0 
 07/28  10:00:00,0.0 
 07/28  11:00:00,0.0 
 07/28  12:00:00,0.0 
 07/28  13:00:00,0.0 
 07/28  14:00:00,0.0 
 07/28  15:00:00,0.0 
 07/28  16:00:00,0.0 
 07/28  17:00:00,0.0 
 07/28  18:00:00,0.0 
 07/28  19:00:00,0.0 
 07/28  20:00:00,0.0 
 07/28  21:00:00,0.0 
 07/28  22:00:00,0.0 
 07/28  23:00:00,0.0 
 07/28  24:00:00,0.0 
 07/29  01:00:00,0.0 
 07/29  02:00:00,0.0 
 07/29  03:00:00,0.0 
 07/29  04:00:00,0.0 
 07/29  05:00:00,0.0 
 07/29  06:00:00,0.0 
 07/29  07:00:00,0.0 
 07/29  08:00:00,0.0 
 07/29  09:00:00,0.0 
 07/29  10:00:00,0.0 
 07/29  11:00:00,0.0 
 07/29  12:00:00,0.0 
 07/29  13:00:00,0.0 
 07/29  14:00:00,0.0 
 07/29  15:00:00,0.0 
 07/29  16:00:00,0.0 
 07/29  17:00:00,0.0 
 07/29  18:00:00,0.0 
 07/29  19:00:00,0.0 
 07/29  20:00:00,0.0 
 07/29  21:00:00,0.0 
 07/29  22:00:00,0.0 
 07/29  23:00:00,0.0 
 07/29  24:00:00,0.0 
 07/30  01:00:00,0.0 
 07/30  02:00:00,0.0 
 07/30  03:00:00,0.0 
 07/30  04:00:00,0.0 
 07/30  05:00:00,0.0 
 07/30  06:00:00,0.0 
 07/30  07:00:00,5194.691645622515 
 07/30  08:00:00,0.0 
 07/30  09:00:00,0.0 
 07/30  10:00:00,0.0 
 07/30  11:00:00,0.0 
 07/30  12:00:00,0.0 
 07/30  13:00:00,0.0 
 07/30  14:00:00,0.0 
 07/30  15:00:00,0.0 
 07/30  16:00:00,0.0 
 07/30  17:00:00,0.0 
 07/30  18:00:00,0.0 
 07/30  19:00:00,0.0 
 07/30  20:00:00,0.0 
 07/30  21:00:00,0.0 
 07/30  22:00:00,0.0 
 07/30  23:00:00,0.0 
 07/30  24:00:00,0.0 
 07/31  01:00:00,0.0 
 07/31  02:00:00,0.0 
 07/31  03:00:00,471971.0995539106 
 07/31  04:00:00,1910874.4787252452 
 07/31  05:00:00,2854951.6042399667 
 07/31  06:00:00,3596049.134686417 
 07/31  07:00:00,3886197.6784185995 
 07/31  08:00:00,941666.9287364108 
 07/31  09:00:00,0.0 
 07/31  10:00:00,0.0 
 07/31  11:00:00,0.0 
 07/31  12:00:00,0.0 
 07/31  13:00:00,0.0 
 07/31  14:00:00,0.0 
 07/31  15:00:00,0.0 
 07/31  16:00:00,0.0 
 07/31  17:00:00,0.0 
 07/31  18:00:00,0.0 
 07/31  19:00:00,0.0 
 07/31  20:00:00,0.0 
 07/31  21:00:00,0.0 
 07/31  22:00:00,0.0 
 07/31  23:00:00,0.0 
 07/31  24:00:00,0.0 
 08/01  01:00:00,0.0 
 08/01  02:00:00,0.0 
 08/01  03:00:00,0.0 
 08/01  04:00:00,0.0 
 08/01  05:00:00,0.0 
 08/01  06:00:00,0.0 
 08/01  07:00:00,0.0 
 08/01  08:00:00,0.0 
 08/01  09:00:00,0.0 
 08/01  10:00:00,0.0 
 08/01  11:00:00,0.0 
 08/01  12:00:00,0.0 
 08/01  13:00:00,0.0 
 08/01  14:00:00,0.0 
 08/01  15:00:00,0.0 
 08/01  16:00:00,0.0 
 08/01  17:00:00,0.0 
 08/01  18:00:00,0.0 
 08/01  19:00:00,0.0 
 08/01  20:00:00,0.0 
 08/01  21:00:00,0.0 
 08/01  22:00:00,0.0 
 08/01  23:00:00,0.0 
 08/01  24:00:00,0.0 
 08/02  01:00:00,0.0 
 08/02  02:00:00,0.0 
 08/02  03:00:00,0.0 
 08/02  04:00:00,0.0 
 08/02  05:00:00,0.0 
 08/02  06:00:00,0.0 
 08/02  07:00:00,0.0 
 08/02  08:00:00,0.0 
 08/02  09:00:00,0.0 
 08/02  10:00:00,0.0 
 08/02  11:00:00,0.0 
 08/02  12:00:00,0.0 
 08/02  13:00:00,0.0 
 08/02  14:00:00,0.0 
 08/02  15:00:00,0.0 
 08/02  16:00:00,0.0 
 08/02  17:00:00,0.0 
 08/02  18:00:00,0.0 
 08/02  19:00:00,0.0 
 08/02  20:00:00,0.0 
 08/02  21:00:00,0.0 
 08/02  22:00:00,0.0 
 08/02  23:00:00,0.0 
 08/02  24:00:00,0.0 
 08/03  01:00:00,0.0 
 08/03  02:00:00,0.0 
 08/03  03:00:00,0.0 
 08/03  04:00:00,0.0 
 08/03  05:00:00,0.0 
 08/03  06:00:00,995576.4149667688 
 08/03  07:00:00,1059174.1592345731 
 08/03  08:00:00,0.0 
 08/03  09:00:00,0.0 
 08/03  10:00:00,0.0 
 08/03  11:00:00,0.0 
 08/03  12:00:00,0.0 
 08/03  13:00:00,0.0 
 08/03  14:00:00,0.0 
 08/03  15:00:00,0.0 
 08/03  16:00:00,0.0 
 08/03  17:00:00,0.0 
 08/03  18:00:00,0.0 
 08/03  19:00:00,0.0 
 08/03  20:00:00,0.0 
 08/03  21:00:00,0.0 
 08/03  22:00:00,0.0 
 08/03  23:00:00,0.0 
 08/03  24:00:00,0.0 
 08/04  01:00:00,0.0 
 08/04  02:00:00,0.0 
 08/04  03:00:00,0.0 
 08/04  04:00:00,0.0 
 08/04  05:00:00,802491.8039839868 
 08/04  06:00:00,1697827.3556016262 
 08/04  07:00:00,1479343.7840217224 
 08/04  08:00:00,892900.4874780562 
 08/04  09:00:00,387099.46687600174 
 08/04  10:00:00,0.0 
 08/04  11:00:00,2970554.260003582 
 08/04  12:00:00,1725119.031922014 
 08/04  13:00:00,0.0 
 08/04  14:00:00,0.0 
 08/04  15:00:00,0.0 
 08/04  16:00:00,0.0 
 08/04  17:00:00,0.0 
 08/04  18:00:00,0.0 
 08/04  19:00:00,0.0 
 08/04  20:00:00,0.0 
 08/04  21:00:00,0.0 
 08/04  22:00:00,0.0 
 08/04  23:00:00,117951.70792542849 
 08/04  24:00:00,956036.1806312227 
 08/05  01:00:00,1574437.5415127112 
 08/05  02:00:00,2458081.183637953 
 08/05  03:00:00,3646429.293772041 
 08/05  04:00:00,4379496.491038339 
 08/05  05:00:00,4580366.687479623 
 08/05  06:00:00,4876600.326627126 
 08/05  07:00:00,4688245.94744592 
 08/05  08:00:00,2709364.110550844 
 08/05  09:00:00,296207.2091991061 
 08/05  10:00:00,0.0 
 08/05  11:00:00,0.0 
 08/05  12:00:00,0.0 
 08/05  13:00:00,0.0 
 08/05  14:00:00,0.0 
 08/05  15:00:00,0.0 
 08/05  16:00:00,0.0 
 08/05  17:00:00,0.0 
 08/05  18:00:00,0.0 
 08/05  19:00:00,0.0 
 08/05  20:00:00,0.0 
 08/05  21:00:00,0.0 
 08/05  22:00:00,0.0 
 08/05  23:00:00,0.0 
 08/05  24:00:00,0.0 
 08/06  01:00:00,500855.8345249316 
 08/06  02:00:00,1794107.2595839766 
 08/06  03:00:00,2115165.293918196 
 08/06  04:00:00,2272494.401692995 
 08/06  05:00:00,2631109.3285708446 
 08/06  06:00:00,3027159.4762554355 
 08/06  07:00:00,3292305.0866345083 
 08/06  08:00:00,2268093.1538380627 
 08/06  09:00:00,388100.3613850429 
 08/06  10:00:00,0.0 
 08/06  11:00:00,0.0 
 08/06  12:00:00,0.0 
 08/06  13:00:00,0.0 
 08/06  14:00:00,0.0 
 08/06  15:00:00,0.0 
 08/06  16:00:00,0.0 
 08/06  17:00:00,0.0 
 08/06  18:00:00,0.0 
 08/06  19:00:00,0.0 
 08/06  20:00:00,0.0 
 08/06  21:00:00,0.0 
 08/06  22:00:00,0.0 
 08/06  23:00:00,1081902.0651287683 
 08/06  24:00:00,2550760.8949428173 
 08/07  01:00:00,3969006.5748088444 
 08/07  02:00:00,5269277.960153411 
 08/07  03:00:00,6287420.101813755 
 08/07  04:00:00,7526651.385966253 
 08/07  05:00:00,8147635.134599452 
 08/07  06:00:00,8351147.554505993 
 08/07  07:00:00,8171889.053008926 
 08/07  08:00:00,4023459.2997724703 
 08/07  09:00:00,172444.81063327554 
 08/07  10:00:00,0.0 
 08/07  11:00:00,0.0 
 08/07  12:00:00,0.0 
 08/07  13:00:00,0.0 
 08/07  14:00:00,0.0 
 08/07  15:00:00,0.0 
 08/07  16:00:00,0.0 
 08/07  17:00:00,0.0 
 08/07  18:00:00,0.0 
 08/07  19:00:00,0.0 
 08/07  20:00:00,0.0 
 08/07  21:00:00,0.0 
 08/07  22:00:00,0.0 
 08/07  23:00:00,0.0 
 08/07  24:00:00,0.0 
 08/08  01:00:00,764175.0674697454 
 08/08  02:00:00,3768780.4490928655 
 08/08  03:00:00,6035449.18064847 
 08/08  04:00:00,7444016.380217947 
 08/08  05:00:00,8367506.384717871 
 08/08  06:00:00,9448091.17460872 
 08/08  07:00:00,9553690.188280119 
 08/08  08:00:00,4032822.514040457 
 08/08  09:00:00,0.0 
 08/08  10:00:00,0.0 
 08/08  11:00:00,0.0 
 08/08  12:00:00,0.0 
 08/08  13:00:00,0.0 
 08/08  14:00:00,0.0 
 08/08  15:00:00,0.0 
 08/08  16:00:00,0.0 
 08/08  17:00:00,0.0 
 08/08  18:00:00,0.0 
 08/08  19:00:00,0.0 
 08/08  20:00:00,0.0 
 08/08  21:00:00,0.0 
 08/08  22:00:00,0.0 
 08/08  23:00:00,0.0 
 08/08  24:00:00,0.0 
 08/09  01:00:00,0.0 
 08/09  02:00:00,0.0 
 08/09  03:00:00,0.0 
 08/09  04:00:00,560972.7832392354 
 08/09  05:00:00,2092135.2297131417 
 08/09  06:00:00,3718302.9350425806 
 08/09  07:00:00,4634259.178263933 
 08/09  08:00:00,996012.7916052819 
 08/09  09:00:00,0.0 
 08/09  10:00:00,0.0 
 08/09  11:00:00,0.0 
 08/09  12:00:00,0.0 
 08/09  13:00:00,0.0 
 08/09  14:00:00,0.0 
 08/09  15:00:00,0.0 
 08/09  16:00:00,0.0 
 08/09  17:00:00,0.0 
 08/09  18:00:00,0.0 
 08/09  19:00:00,0.0 
 08/09  20:00:00,0.0 
 08/09  21:00:00,0.0 
 08/09  22:00:00,0.0 
 08/09  23:00:00,0.0 
 08/09  24:00:00,0.0 
 08/10  01:00:00,0.0 
 08/10  02:00:00,0.0 
 08/10  03:00:00,0.0 
 08/10  04:00:00,283792.1179209385 
 08/10  05:00:00,1983194.7937311532 
 08/10  06:00:00,3118245.3938437 
 08/10  07:00:00,2689491.943131433 
 08/10  08:00:00,88474.95873117952 
 08/10  09:00:00,0.0 
 08/10  10:00:00,0.0 
 08/10  11:00:00,0.0 
 08/10  12:00:00,0.0 
 08/10  13:00:00,0.0 
 08/10  14:00:00,0.0 
 08/10  15:00:00,0.0 
 08/10  16:00:00,0.0 
 08/10  17:00:00,0.0 
 08/10  18:00:00,0.0 
 08/10  19:00:00,0.0 
 08/10  20:00:00,0.0 
 08/10  21:00:00,0.0 
 08/10  22:00:00,0.0 
 08/10  23:00:00,0.0 
 08/10  24:00:00,0.0 
 08/11  01:00:00,0.0 
 08/11  02:00:00,0.0 
 08/11  03:00:00,0.0 
 08/11  04:00:00,0.0 
 08/11  05:00:00,488577.6793050071 
 08/11  06:00:00,1655792.9336041461 
 08/11  07:00:00,1764570.763180518 
 08/11  08:00:00,2559.516577973409 
 08/11  09:00:00,0.0 
 08/11  10:00:00,0.0 
 08/11  11:00:00,0.0 
 08/11  12:00:00,0.0 
 08/11  13:00:00,0.0 
 08/11  14:00:00,0.0 
 08/11  15:00:00,0.0 
 08/11  16:00:00,0.0 
 08/11  17:00:00,0.0 
 08/11  18:00:00,0.0 
 08/11  19:00:00,0.0 
 08/11  20:00:00,0.0 
 08/11  21:00:00,0.0 
 08/11  22:00:00,0.0 
 08/11  23:00:00,0.0 
 08/11  24:00:00,0.0 
 08/12  01:00:00,0.0 
 08/12  02:00:00,0.0 
 08/12  03:00:00,0.0 
 08/12  04:00:00,0.0 
 08/12  05:00:00,0.0 
 08/12  06:00:00,0.0 
 08/12  07:00:00,0.0 
 08/12  08:00:00,0.0 
 08/12  09:00:00,0.0 
 08/12  10:00:00,0.0 
 08/12  11:00:00,0.0 
 08/12  12:00:00,0.0 
 08/12  13:00:00,0.0 
 08/12  14:00:00,0.0 
 08/12  15:00:00,0.0 
 08/12  16:00:00,0.0 
 08/12  17:00:00,0.0 
 08/12  18:00:00,0.0 
 08/12  19:00:00,0.0 
 08/12  20:00:00,0.0 
 08/12  21:00:00,0.0 
 08/12  22:00:00,0.0 
 08/12  23:00:00,0.0 
 08/12  24:00:00,0.0 
 08/13  01:00:00,0.0 
 08/13  02:00:00,0.0 
 08/13  03:00:00,0.0 
 08/13  04:00:00,0.0 
 08/13  05:00:00,0.0 
 08/13  06:00:00,0.0 
 08/13  07:00:00,0.0 
 08/13  08:00:00,0.0 
 08/13  09:00:00,0.0 
 08/13  10:00:00,0.0 
 08/13  11:00:00,0.0 
 08/13  12:00:00,0.0 
 08/13  13:00:00,0.0 
 08/13  14:00:00,0.0 
 08/13  15:00:00,0.0 
 08/13  16:00:00,0.0 
 08/13  17:00:00,0.0 
 08/13  18:00:00,0.0 
 08/13  19:00:00,0.0 
 08/13  20:00:00,0.0 
 08/13  21:00:00,0.0 
 08/13  22:00:00,0.0 
 08/13  23:00:00,0.0 
 08/13  24:00:00,0.0 
 08/14  01:00:00,0.0 
 08/14  02:00:00,0.0 
 08/14  03:00:00,0.0 
 08/14  04:00:00,0.0 
 08/14  05:00:00,0.0 
 08/14  06:00:00,0.0 
 08/14  07:00:00,0.0 
 08/14  08:00:00,0.0 
 08/14  09:00:00,0.0 
 08/14  10:00:00,0.0 
 08/14  11:00:00,0.0 
 08/14  12:00:00,0.0 
 08/14  13:00:00,0.0 
 08/14  14:00:00,0.0 
 08/14  15:00:00,0.0 
 08/14  16:00:00,0.0 
 08/14  17:00:00,0.0 
 08/14  18:00:00,0.0 
 08/14  19:00:00,0.0 
 08/14  20:00:00,0.0 
 08/14  21:00:00,0.0 
 08/14  22:00:00,0.0 
 08/14  23:00:00,0.0 
 08/14  24:00:00,0.0 
 08/15  01:00:00,0.0 
 08/15  02:00:00,0.0 
 08/15  03:00:00,0.0 
 08/15  04:00:00,0.0 
 08/15  05:00:00,0.0 
 08/15  06:00:00,0.0 
 08/15  07:00:00,0.0 
 08/15  08:00:00,0.0 
 08/15  09:00:00,0.0 
 08/15  10:00:00,0.0 
 08/15  11:00:00,0.0 
 08/15  12:00:00,0.0 
 08/15  13:00:00,0.0 
 08/15  14:00:00,0.0 
 08/15  15:00:00,0.0 
 08/15  16:00:00,0.0 
 08/15  17:00:00,0.0 
 08/15  18:00:00,0.0 
 08/15  19:00:00,0.0 
 08/15  20:00:00,0.0 
 08/15  21:00:00,0.0 
 08/15  22:00:00,0.0 
 08/15  23:00:00,0.0 
 08/15  24:00:00,0.0 
 08/16  01:00:00,0.0 
 08/16  02:00:00,0.0 
 08/16  03:00:00,0.0 
 08/16  04:00:00,0.0 
 08/16  05:00:00,0.0 
 08/16  06:00:00,0.0 
 08/16  07:00:00,0.0 
 08/16  08:00:00,0.0 
 08/16  09:00:00,0.0 
 08/16  10:00:00,0.0 
 08/16  11:00:00,0.0 
 08/16  12:00:00,0.0 
 08/16  13:00:00,0.0 
 08/16  14:00:00,0.0 
 08/16  15:00:00,0.0 
 08/16  16:00:00,0.0 
 08/16  17:00:00,0.0 
 08/16  18:00:00,0.0 
 08/16  19:00:00,0.0 
 08/16  20:00:00,0.0 
 08/16  21:00:00,0.0 
 08/16  22:00:00,0.0 
 08/16  23:00:00,0.0 
 08/16  24:00:00,0.0 
 08/17  01:00:00,0.0 
 08/17  02:00:00,0.0 
 08/17  03:00:00,0.0 
 08/17  04:00:00,0.0 
 08/17  05:00:00,0.0 
 08/17  06:00:00,0.0 
 08/17  07:00:00,0.0 
 08/17  08:00:00,0.0 
 08/17  09:00:00,0.0 
 08/17  10:00:00,0.0 
 08/17  11:00:00,0.0 
 08/17  12:00:00,0.0 
 08/17  13:00:00,0.0 
 08/17  14:00:00,0.0 
 08/17  15:00:00,0.0 
 08/17  16:00:00,0.0 
 08/17  17:00:00,0.0 
 08/17  18:00:00,0.0 
 08/17  19:00:00,0.0 
 08/17  20:00:00,0.0 
 08/17  21:00:00,0.0 
 08/17  22:00:00,0.0 
 08/17  23:00:00,0.0 
 08/17  24:00:00,0.0 
 08/18  01:00:00,0.0 
 08/18  02:00:00,0.0 
 08/18  03:00:00,0.0 
 08/18  04:00:00,0.0 
 08/18  05:00:00,0.0 
 08/18  06:00:00,0.0 
 08/18  07:00:00,0.0 
 08/18  08:00:00,0.0 
 08/18  09:00:00,0.0 
 08/18  10:00:00,0.0 
 08/18  11:00:00,0.0 
 08/18  12:00:00,0.0 
 08/18  13:00:00,0.0 
 08/18  14:00:00,0.0 
 08/18  15:00:00,0.0 
 08/18  16:00:00,0.0 
 08/18  17:00:00,0.0 
 08/18  18:00:00,0.0 
 08/18  19:00:00,0.0 
 08/18  20:00:00,0.0 
 08/18  21:00:00,0.0 
 08/18  22:00:00,0.0 
 08/18  23:00:00,0.0 
 08/18  24:00:00,0.0 
 08/19  01:00:00,0.0 
 08/19  02:00:00,0.0 
 08/19  03:00:00,0.0 
 08/19  04:00:00,0.0 
 08/19  05:00:00,0.0 
 08/19  06:00:00,0.0 
 08/19  07:00:00,0.0 
 08/19  08:00:00,0.0 
 08/19  09:00:00,0.0 
 08/19  10:00:00,0.0 
 08/19  11:00:00,0.0 
 08/19  12:00:00,0.0 
 08/19  13:00:00,0.0 
 08/19  14:00:00,0.0 
 08/19  15:00:00,0.0 
 08/19  16:00:00,0.0 
 08/19  17:00:00,0.0 
 08/19  18:00:00,0.0 
 08/19  19:00:00,0.0 
 08/19  20:00:00,0.0 
 08/19  21:00:00,0.0 
 08/19  22:00:00,0.0 
 08/19  23:00:00,0.0 
 08/19  24:00:00,0.0 
 08/20  01:00:00,0.0 
 08/20  02:00:00,0.0 
 08/20  03:00:00,0.0 
 08/20  04:00:00,0.0 
 08/20  05:00:00,0.0 
 08/20  06:00:00,0.0 
 08/20  07:00:00,0.0 
 08/20  08:00:00,0.0 
 08/20  09:00:00,0.0 
 08/20  10:00:00,0.0 
 08/20  11:00:00,0.0 
 08/20  12:00:00,0.0 
 08/20  13:00:00,0.0 
 08/20  14:00:00,0.0 
 08/20  15:00:00,0.0 
 08/20  16:00:00,0.0 
 08/20  17:00:00,0.0 
 08/20  18:00:00,0.0 
 08/20  19:00:00,0.0 
 08/20  20:00:00,0.0 
 08/20  21:00:00,0.0 
 08/20  22:00:00,0.0 
 08/20  23:00:00,0.0 
 08/20  24:00:00,0.0 
 08/21  01:00:00,0.0 
 08/21  02:00:00,0.0 
 08/21  03:00:00,0.0 
 08/21  04:00:00,0.0 
 08/21  05:00:00,0.0 
 08/21  06:00:00,0.0 
 08/21  07:00:00,0.0 
 08/21  08:00:00,0.0 
 08/21  09:00:00,0.0 
 08/21  10:00:00,0.0 
 08/21  11:00:00,0.0 
 08/21  12:00:00,0.0 
 08/21  13:00:00,0.0 
 08/21  14:00:00,0.0 
 08/21  15:00:00,0.0 
 08/21  16:00:00,0.0 
 08/21  17:00:00,0.0 
 08/21  18:00:00,0.0 
 08/21  19:00:00,0.0 
 08/21  20:00:00,0.0 
 08/21  21:00:00,0.0 
 08/21  22:00:00,0.0 
 08/21  23:00:00,0.0 
 08/21  24:00:00,0.0 
 08/22  01:00:00,0.0 
 08/22  02:00:00,0.0 
 08/22  03:00:00,0.0 
 08/22  04:00:00,0.0 
 08/22  05:00:00,0.0 
 08/22  06:00:00,0.0 
 08/22  07:00:00,0.0 
 08/22  08:00:00,0.0 
 08/22  09:00:00,0.0 
 08/22  10:00:00,0.0 
 08/22  11:00:00,0.0 
 08/22  12:00:00,0.0 
 08/22  13:00:00,0.0 
 08/22  14:00:00,0.0 
 08/22  15:00:00,0.0 
 08/22  16:00:00,0.0 
 08/22  17:00:00,0.0 
 08/22  18:00:00,0.0 
 08/22  19:00:00,0.0 
 08/22  20:00:00,0.0 
 08/22  21:00:00,0.0 
 08/22  22:00:00,0.0 
 08/22  23:00:00,0.0 
 08/22  24:00:00,0.0 
 08/23  01:00:00,0.0 
 08/23  02:00:00,0.0 
 08/23  03:00:00,0.0 
 08/23  04:00:00,0.0 
 08/23  05:00:00,0.0 
 08/23  06:00:00,0.0 
 08/23  07:00:00,0.0 
 08/23  08:00:00,0.0 
 08/23  09:00:00,0.0 
 08/23  10:00:00,0.0 
 08/23  11:00:00,0.0 
 08/23  12:00:00,0.0 
 08/23  13:00:00,0.0 
 08/23  14:00:00,0.0 
 08/23  15:00:00,0.0 
 08/23  16:00:00,0.0 
 08/23  17:00:00,0.0 
 08/23  18:00:00,0.0 
 08/23  19:00:00,0.0 
 08/23  20:00:00,0.0 
 08/23  21:00:00,0.0 
 08/23  22:00:00,0.0 
 08/23  23:00:00,0.0 
 08/23  24:00:00,0.0 
 08/24  01:00:00,0.0 
 08/24  02:00:00,0.0 
 08/24  03:00:00,0.0 
 08/24  04:00:00,0.0 
 08/24  05:00:00,0.0 
 08/24  06:00:00,0.0 
 08/24  07:00:00,0.0 
 08/24  08:00:00,0.0 
 08/24  09:00:00,0.0 
 08/24  10:00:00,0.0 
 08/24  11:00:00,0.0 
 08/24  12:00:00,0.0 
 08/24  13:00:00,0.0 
 08/24  14:00:00,0.0 
 08/24  15:00:00,0.0 
 08/24  16:00:00,0.0 
 08/24  17:00:00,0.0 
 08/24  18:00:00,0.0 
 08/24  19:00:00,0.0 
 08/24  20:00:00,0.0 
 08/24  21:00:00,0.0 
 08/24  22:00:00,0.0 
 08/24  23:00:00,0.0 
 08/24  24:00:00,0.0 
 08/25  01:00:00,0.0 
 08/25  02:00:00,0.0 
 08/25  03:00:00,0.0 
 08/25  04:00:00,0.0 
 08/25  05:00:00,0.0 
 08/25  06:00:00,0.0 
 08/25  07:00:00,0.0 
 08/25  08:00:00,0.0 
 08/25  09:00:00,0.0 
 08/25  10:00:00,0.0 
 08/25  11:00:00,0.0 
 08/25  12:00:00,0.0 
 08/25  13:00:00,0.0 
 08/25  14:00:00,0.0 
 08/25  15:00:00,0.0 
 08/25  16:00:00,0.0 
 08/25  17:00:00,0.0 
 08/25  18:00:00,0.0 
 08/25  19:00:00,0.0 
 08/25  20:00:00,0.0 
 08/25  21:00:00,0.0 
 08/25  22:00:00,0.0 
 08/25  23:00:00,0.0 
 08/25  24:00:00,0.0 
 08/26  01:00:00,0.0 
 08/26  02:00:00,0.0 
 08/26  03:00:00,0.0 
 08/26  04:00:00,0.0 
 08/26  05:00:00,0.0 
 08/26  06:00:00,0.0 
 08/26  07:00:00,0.0 
 08/26  08:00:00,0.0 
 08/26  09:00:00,0.0 
 08/26  10:00:00,0.0 
 08/26  11:00:00,15046.357570964028 
 08/26  12:00:00,637365.0202376958 
 08/26  13:00:00,1203027.4626608198 
 08/26  14:00:00,597005.0420998407 
 08/26  15:00:00,0.0 
 08/26  16:00:00,0.0 
 08/26  17:00:00,0.0 
 08/26  18:00:00,0.0 
 08/26  19:00:00,0.0 
 08/26  20:00:00,0.0 
 08/26  21:00:00,0.0 
 08/26  22:00:00,0.0 
 08/26  23:00:00,0.0 
 08/26  24:00:00,102842.24457472446 
 08/27  01:00:00,798228.626494675 
 08/27  02:00:00,1552590.4240531556 
 08/27  03:00:00,2183665.7857794287 
 08/27  04:00:00,2704014.8948637405 
 08/27  05:00:00,3036433.432922696 
 08/27  06:00:00,3140525.023453623 
 08/27  07:00:00,3108952.6536007887 
 08/27  08:00:00,2693609.639031881 
 08/27  09:00:00,1934091.9080188705 
 08/27  10:00:00,1078209.3124969383 
 08/27  11:00:00,57916.12585321637 
 08/27  12:00:00,0.0 
 08/27  13:00:00,0.0 
 08/27  14:00:00,0.0 
 08/27  15:00:00,0.0 
 08/27  16:00:00,0.0 
 08/27  17:00:00,0.0 
 08/27  18:00:00,0.0 
 08/27  19:00:00,0.0 
 08/27  20:00:00,0.0 
 08/27  21:00:00,114985.55062414889 
 08/27  22:00:00,748156.7412335298 
 08/27  23:00:00,1317427.322776834 
 08/27  24:00:00,1871204.2596141268 
 08/28  01:00:00,2364591.877605403 
 08/28  02:00:00,2584793.410042416 
 08/28  03:00:00,2708705.498298402 
 08/28  04:00:00,2847918.589259883 
 08/28  05:00:00,3034350.05844614 
 08/28  06:00:00,3377899.9064834486 
 08/28  07:00:00,3721440.733676441 
 08/28  08:00:00,3614057.7098620376 
 08/28  09:00:00,2994371.3624776285 
 08/28  10:00:00,1481775.8795430916 
 08/28  11:00:00,91067.86993604763 
 08/28  12:00:00,0.0 
 08/28  13:00:00,0.0 
 08/28  14:00:00,0.0 
 08/28  15:00:00,0.0 
 08/28  16:00:00,0.0 
 08/28  17:00:00,0.0 
 08/28  18:00:00,0.0 
 08/28  19:00:00,0.0 
 08/28  20:00:00,0.0 
 08/28  21:00:00,414297.5185331241 
 08/28  22:00:00,1684292.5851336026 
 08/28  23:00:00,2648559.097325113 
 08/28  24:00:00,3642856.6243835306 
 08/29  01:00:00,4577671.409854391 
 08/29  02:00:00,5129489.227054499 
 08/29  03:00:00,5326872.446798619 
 08/29  04:00:00,5375836.9717431655 
 08/29  05:00:00,5564403.722861253 
 08/29  06:00:00,6090753.213146269 
 08/29  07:00:00,6445047.613094616 
 08/29  08:00:00,4950778.361046834 
 08/29  09:00:00,1256099.4330087597 
 08/29  10:00:00,0.0 
 08/29  11:00:00,0.0 
 08/29  12:00:00,0.0 
 08/29  13:00:00,0.0 
 08/29  14:00:00,0.0 
 08/29  15:00:00,0.0 
 08/29  16:00:00,0.0 
 08/29  17:00:00,0.0 
 08/29  18:00:00,0.0 
 08/29  19:00:00,0.0 
 08/29  20:00:00,0.0 
 08/29  21:00:00,0.0 
 08/29  22:00:00,12319.219586525287 
 08/29  23:00:00,812142.9059405702 
 08/29  24:00:00,1755387.4635692535 
 08/30  01:00:00,2673004.5170166628 
 08/30  02:00:00,3887132.7527110404 
 08/30  03:00:00,5159540.075118309 
 08/30  04:00:00,6053896.175401702 
 08/30  05:00:00,6769029.139235033 
 08/30  06:00:00,7147949.186117677 
 08/30  07:00:00,7349916.224216407 
 08/30  08:00:00,5756463.60422917 
 08/30  09:00:00,1904846.510567974 
 08/30  10:00:00,0.0 
 08/30  11:00:00,0.0 
 08/30  12:00:00,0.0 
 08/30  13:00:00,0.0 
 08/30  14:00:00,0.0 
 08/30  15:00:00,0.0 
 08/30  16:00:00,0.0 
 08/30  17:00:00,0.0 
 08/30  18:00:00,0.0 
 08/30  19:00:00,0.0 
 08/30  20:00:00,0.0 
 08/30  21:00:00,0.0 
 08/30  22:00:00,0.0 
 08/30  23:00:00,0.0 
 08/30  24:00:00,0.0 
 08/31  01:00:00,626681.0799312021 
 08/31  02:00:00,1710303.0144870859 
 08/31  03:00:00,2576929.141268693 
 08/31  04:00:00,3559647.3490748974 
 08/31  05:00:00,4849205.350967791 
 08/31  06:00:00,5520742.502955725 
 08/31  07:00:00,5826551.27565215 
 08/31  08:00:00,4060259.100155417 
 08/31  09:00:00,402261.8277159272 
 08/31  10:00:00,0.0 
 08/31  11:00:00,0.0 
 08/31  12:00:00,0.0 
 08/31  13:00:00,0.0 
 08/31  14:00:00,0.0 
 08/31  15:00:00,0.0 
 08/31  16:00:00,0.0 
 08/31  17:00:00,0.0 
 08/31  18:00:00,0.0 
 08/31  19:00:00,0.0 
 08/31  20:00:00,0.0 
 08/31  21:00:00,0.0 
 08/31  22:00:00,0.0 
 08/31  23:00:00,0.0 
 08/31  24:00:00,0.0 
 09/01  01:00:00,0.0 
 09/01  02:00:00,0.0 
 09/01  03:00:00,1528717.7548880784 
 09/01  04:00:00,3662801.8189856554 
 09/01  05:00:00,5077650.254230761 
 09/01  06:00:00,5783998.947645791 
 09/01  07:00:00,6121123.94238217 
 09/01  08:00:00,3816451.073097827 
 09/01  09:00:00,120098.32511982968 
 09/01  10:00:00,0.0 
 09/01  11:00:00,0.0 
 09/01  12:00:00,0.0 
 09/01  13:00:00,0.0 
 09/01  14:00:00,0.0 
 09/01  15:00:00,0.0 
 09/01  16:00:00,0.0 
 09/01  17:00:00,0.0 
 09/01  18:00:00,0.0 
 09/01  19:00:00,0.0 
 09/01  20:00:00,0.0 
 09/01  21:00:00,0.0 
 09/01  22:00:00,0.0 
 09/01  23:00:00,0.0 
 09/01  24:00:00,0.0 
 09/02  01:00:00,0.0 
 09/02  02:00:00,0.0 
 09/02  03:00:00,0.0 
 09/02  04:00:00,0.0 
 09/02  05:00:00,262418.0705907631 
 09/02  06:00:00,639017.0060198514 
 09/02  07:00:00,1178235.836788144 
 09/02  08:00:00,687503.8586580756 
 09/02  09:00:00,0.0 
 09/02  10:00:00,0.0 
 09/02  11:00:00,0.0 
 09/02  12:00:00,0.0 
 09/02  13:00:00,0.0 
 09/02  14:00:00,0.0 
 09/02  15:00:00,0.0 
 09/02  16:00:00,0.0 
 09/02  17:00:00,0.0 
 09/02  18:00:00,0.0 
 09/02  19:00:00,0.0 
 09/02  20:00:00,0.0 
 09/02  21:00:00,0.0 
 09/02  22:00:00,0.0 
 09/02  23:00:00,0.0 
 09/02  24:00:00,0.0 
 09/03  01:00:00,0.0 
 09/03  02:00:00,0.0 
 09/03  03:00:00,0.0 
 09/03  04:00:00,534133.1995633343 
 09/03  05:00:00,2426414.50865973 
 09/03  06:00:00,3772669.8963914895 
 09/03  07:00:00,4610101.615927048 
 09/03  08:00:00,2324557.6828238354 
 09/03  09:00:00,0.0 
 09/03  10:00:00,0.0 
 09/03  11:00:00,0.0 
 09/03  12:00:00,0.0 
 09/03  13:00:00,0.0 
 09/03  14:00:00,0.0 
 09/03  15:00:00,0.0 
 09/03  16:00:00,0.0 
 09/03  17:00:00,0.0 
 09/03  18:00:00,0.0 
 09/03  19:00:00,0.0 
 09/03  20:00:00,0.0 
 09/03  21:00:00,0.0 
 09/03  22:00:00,0.0 
 09/03  23:00:00,0.0 
 09/03  24:00:00,0.0 
 09/04  01:00:00,0.0 
 09/04  02:00:00,0.0 
 09/04  03:00:00,0.0 
 09/04  04:00:00,0.0 
 09/04  05:00:00,394978.48674336134 
 09/04  06:00:00,1726628.9858178482 
 09/04  07:00:00,2084629.3230214822 
 09/04  08:00:00,554198.9757451455 
 09/04  09:00:00,0.0 
 09/04  10:00:00,0.0 
 09/04  11:00:00,0.0 
 09/04  12:00:00,0.0 
 09/04  13:00:00,0.0 
 09/04  14:00:00,0.0 
 09/04  15:00:00,0.0 
 09/04  16:00:00,0.0 
 09/04  17:00:00,0.0 
 09/04  18:00:00,0.0 
 09/04  19:00:00,0.0 
 09/04  20:00:00,0.0 
 09/04  21:00:00,0.0 
 09/04  22:00:00,0.0 
 09/04  23:00:00,0.0 
 09/04  24:00:00,0.0 
 09/05  01:00:00,0.0 
 09/05  02:00:00,0.0 
 09/05  03:00:00,0.0 
 09/05  04:00:00,0.0 
 09/05  05:00:00,0.0 
 09/05  06:00:00,0.0 
 09/05  07:00:00,0.0 
 09/05  08:00:00,0.0 
 09/05  09:00:00,0.0 
 09/05  10:00:00,0.0 
 09/05  11:00:00,0.0 
 09/05  12:00:00,0.0 
 09/05  13:00:00,0.0 
 09/05  14:00:00,0.0 
 09/05  15:00:00,0.0 
 09/05  16:00:00,0.0 
 09/05  17:00:00,0.0 
 09/05  18:00:00,0.0 
 09/05  19:00:00,0.0 
 09/05  20:00:00,0.0 
 09/05  21:00:00,0.0 
 09/05  22:00:00,0.0 
 09/05  23:00:00,0.0 
 09/05  24:00:00,0.0 
 09/06  01:00:00,0.0 
 09/06  02:00:00,0.0 
 09/06  03:00:00,0.0 
 09/06  04:00:00,0.0 
 09/06  05:00:00,0.0 
 09/06  06:00:00,770664.4532821141 
 09/06  07:00:00,1830591.1781435944 
 09/06  08:00:00,884875.2819120273 
 09/06  09:00:00,0.0 
 09/06  10:00:00,0.0 
 09/06  11:00:00,0.0 
 09/06  12:00:00,0.0 
 09/06  13:00:00,0.0 
 09/06  14:00:00,0.0 
 09/06  15:00:00,0.0 
 09/06  16:00:00,0.0 
 09/06  17:00:00,0.0 
 09/06  18:00:00,0.0 
 09/06  19:00:00,0.0 
 09/06  20:00:00,0.0 
 09/06  21:00:00,0.0 
 09/06  22:00:00,0.0 
 09/06  23:00:00,0.0 
 09/06  24:00:00,0.0 
 09/07  01:00:00,0.0 
 09/07  02:00:00,0.0 
 09/07  03:00:00,0.0 
 09/07  04:00:00,0.0 
 09/07  05:00:00,576144.9975979398 
 09/07  06:00:00,1845534.3416380784 
 09/07  07:00:00,2755093.324716904 
 09/07  08:00:00,1368208.415497483 
 09/07  09:00:00,0.0 
 09/07  10:00:00,0.0 
 09/07  11:00:00,0.0 
 09/07  12:00:00,0.0 
 09/07  13:00:00,0.0 
 09/07  14:00:00,0.0 
 09/07  15:00:00,0.0 
 09/07  16:00:00,0.0 
 09/07  17:00:00,0.0 
 09/07  18:00:00,0.0 
 09/07  19:00:00,0.0 
 09/07  20:00:00,0.0 
 09/07  21:00:00,0.0 
 09/07  22:00:00,0.0 
 09/07  23:00:00,0.0 
 09/07  24:00:00,0.0 
 09/08  01:00:00,0.0 
 09/08  02:00:00,0.0 
 09/08  03:00:00,0.0 
 09/08  04:00:00,819517.3861122808 
 09/08  05:00:00,2256303.260818878 
 09/08  06:00:00,3488136.981336795 
 09/08  07:00:00,4326983.176379345 
 09/08  08:00:00,2501015.225661972 
 09/08  09:00:00,0.0 
 09/08  10:00:00,0.0 
 09/08  11:00:00,0.0 
 09/08  12:00:00,0.0 
 09/08  13:00:00,0.0 
 09/08  14:00:00,0.0 
 09/08  15:00:00,0.0 
 09/08  16:00:00,0.0 
 09/08  17:00:00,0.0 
 09/08  18:00:00,0.0 
 09/08  19:00:00,0.0 
 09/08  20:00:00,0.0 
 09/08  21:00:00,0.0 
 09/08  22:00:00,0.0 
 09/08  23:00:00,0.0 
 09/08  24:00:00,0.0 
 09/09  01:00:00,0.0 
 09/09  02:00:00,0.0 
 09/09  03:00:00,0.0 
 09/09  04:00:00,272296.37811138306 
 09/09  05:00:00,1575113.2384612635 
 09/09  06:00:00,2917335.4354598 
 09/09  07:00:00,3610684.349271955 
 09/09  08:00:00,2064518.9404634743 
 09/09  09:00:00,0.0 
 09/09  10:00:00,0.0 
 09/09  11:00:00,0.0 
 09/09  12:00:00,0.0 
 09/09  13:00:00,0.0 
 09/09  14:00:00,0.0 
 09/09  15:00:00,0.0 
 09/09  16:00:00,0.0 
 09/09  17:00:00,0.0 
 09/09  18:00:00,0.0 
 09/09  19:00:00,0.0 
 09/09  20:00:00,0.0 
 09/09  21:00:00,0.0 
 09/09  22:00:00,0.0 
 09/09  23:00:00,0.0 
 09/09  24:00:00,0.0 
 09/10  01:00:00,0.0 
 09/10  02:00:00,0.0 
 09/10  03:00:00,0.0 
 09/10  04:00:00,706830.5220073555 
 09/10  05:00:00,2372359.284842255 
 09/10  06:00:00,3722018.5656269495 
 09/10  07:00:00,4605796.056451508 
 09/10  08:00:00,2726591.4995140033 
 09/10  09:00:00,0.0 
 09/10  10:00:00,0.0 
 09/10  11:00:00,0.0 
 09/10  12:00:00,0.0 
 09/10  13:00:00,0.0 
 09/10  14:00:00,0.0 
 09/10  15:00:00,0.0 
 09/10  16:00:00,0.0 
 09/10  17:00:00,0.0 
 09/10  18:00:00,0.0 
 09/10  19:00:00,0.0 
 09/10  20:00:00,0.0 
 09/10  21:00:00,0.0 
 09/10  22:00:00,0.0 
 09/10  23:00:00,0.0 
 09/10  24:00:00,0.0 
 09/11  01:00:00,0.0 
 09/11  02:00:00,0.0 
 09/11  03:00:00,0.0 
 09/11  04:00:00,27316.39206418986 
 09/11  05:00:00,887578.3203725282 
 09/11  06:00:00,2130379.637427571 
 09/11  07:00:00,3036121.3811387415 
 09/11  08:00:00,1682339.9997947665 
 09/11  09:00:00,0.0 
 09/11  10:00:00,0.0 
 09/11  11:00:00,0.0 
 09/11  12:00:00,0.0 
 09/11  13:00:00,0.0 
 09/11  14:00:00,0.0 
 09/11  15:00:00,0.0 
 09/11  16:00:00,0.0 
 09/11  17:00:00,0.0 
 09/11  18:00:00,0.0 
 09/11  19:00:00,0.0 
 09/11  20:00:00,0.0 
 09/11  21:00:00,0.0 
 09/11  22:00:00,0.0 
 09/11  23:00:00,0.0 
 09/11  24:00:00,0.0 
 09/12  01:00:00,0.0 
 09/12  02:00:00,0.0 
 09/12  03:00:00,0.0 
 09/12  04:00:00,0.0 
 09/12  05:00:00,0.0 
 09/12  06:00:00,0.0 
 09/12  07:00:00,0.0 
 09/12  08:00:00,0.0 
 09/12  09:00:00,0.0 
 09/12  10:00:00,0.0 
 09/12  11:00:00,0.0 
 09/12  12:00:00,0.0 
 09/12  13:00:00,0.0 
 09/12  14:00:00,0.0 
 09/12  15:00:00,0.0 
 09/12  16:00:00,0.0 
 09/12  17:00:00,0.0 
 09/12  18:00:00,0.0 
 09/12  19:00:00,0.0 
 09/12  20:00:00,0.0 
 09/12  21:00:00,0.0 
 09/12  22:00:00,0.0 
 09/12  23:00:00,0.0 
 09/12  24:00:00,0.0 
 09/13  01:00:00,0.0 
 09/13  02:00:00,0.0 
 09/13  03:00:00,0.0 
 09/13  04:00:00,0.0 
 09/13  05:00:00,0.0 
 09/13  06:00:00,0.0 
 09/13  07:00:00,0.0 
 09/13  08:00:00,0.0 
 09/13  09:00:00,0.0 
 09/13  10:00:00,0.0 
 09/13  11:00:00,0.0 
 09/13  12:00:00,0.0 
 09/13  13:00:00,0.0 
 09/13  14:00:00,0.0 
 09/13  15:00:00,0.0 
 09/13  16:00:00,0.0 
 09/13  17:00:00,0.0 
 09/13  18:00:00,0.0 
 09/13  19:00:00,0.0 
 09/13  20:00:00,0.0 
 09/13  21:00:00,799203.8345330337 
 09/13  22:00:00,1530985.5356656713 
 09/13  23:00:00,1966461.5523465984 
 09/13  24:00:00,3130660.1686550216 
 09/14  01:00:00,4208118.654352957 
 09/14  02:00:00,4504071.577985263 
 09/14  03:00:00,4747850.072437158 
 09/14  04:00:00,4955073.01310886 
 09/14  05:00:00,5142663.119454896 
 09/14  06:00:00,5325666.505309281 
 09/14  07:00:00,5459327.545990268 
 09/14  08:00:00,4370106.475165299 
 09/14  09:00:00,845673.7763992511 
 09/14  10:00:00,0.0 
 09/14  11:00:00,0.0 
 09/14  12:00:00,0.0 
 09/14  13:00:00,0.0 
 09/14  14:00:00,0.0 
 09/14  15:00:00,0.0 
 09/14  16:00:00,0.0 
 09/14  17:00:00,0.0 
 09/14  18:00:00,0.0 
 09/14  19:00:00,0.0 
 09/14  20:00:00,0.0 
 09/14  21:00:00,0.0 
 09/14  22:00:00,0.0 
 09/14  23:00:00,0.0 
 09/14  24:00:00,0.0 
 09/15  01:00:00,250057.57661318858 
 09/15  02:00:00,1819497.5807361074 
 09/15  03:00:00,2960668.871613021 
 09/15  04:00:00,3817250.4906482766 
 09/15  05:00:00,4673949.83944464 
 09/15  06:00:00,5507874.80026049 
 09/15  07:00:00,5838188.182116242 
 09/15  08:00:00,4813031.573986843 
 09/15  09:00:00,483695.84829660447 
 09/15  10:00:00,0.0 
 09/15  11:00:00,0.0 
 09/15  12:00:00,0.0 
 09/15  13:00:00,0.0 
 09/15  14:00:00,0.0 
 09/15  15:00:00,0.0 
 09/15  16:00:00,0.0 
 09/15  17:00:00,0.0 
 09/15  18:00:00,0.0 
 09/15  19:00:00,0.0 
 09/15  20:00:00,0.0 
 09/15  21:00:00,0.0 
 09/15  22:00:00,0.0 
 09/15  23:00:00,0.0 
 09/15  24:00:00,0.0 
 09/16  01:00:00,0.0 
 09/16  02:00:00,0.0 
 09/16  03:00:00,0.0 
 09/16  04:00:00,0.0 
 09/16  05:00:00,0.0 
 09/16  06:00:00,0.0 
 09/16  07:00:00,0.0 
 09/16  08:00:00,0.0 
 09/16  09:00:00,0.0 
 09/16  10:00:00,0.0 
 09/16  11:00:00,0.0 
 09/16  12:00:00,0.0 
 09/16  13:00:00,0.0 
 09/16  14:00:00,0.0 
 09/16  15:00:00,0.0 
 09/16  16:00:00,0.0 
 09/16  17:00:00,0.0 
 09/16  18:00:00,0.0 
 09/16  19:00:00,0.0 
 09/16  20:00:00,0.0 
 09/16  21:00:00,0.0 
 09/16  22:00:00,0.0 
 09/16  23:00:00,0.0 
 09/16  24:00:00,0.0 
 09/17  01:00:00,0.0 
 09/17  02:00:00,0.0 
 09/17  03:00:00,0.0 
 09/17  04:00:00,0.0 
 09/17  05:00:00,17284.142790745682 
 09/17  06:00:00,479205.37310820876 
 09/17  07:00:00,1175037.8816149759 
 09/17  08:00:00,518187.36514195043 
 09/17  09:00:00,0.0 
 09/17  10:00:00,0.0 
 09/17  11:00:00,0.0 
 09/17  12:00:00,0.0 
 09/17  13:00:00,0.0 
 09/17  14:00:00,0.0 
 09/17  15:00:00,0.0 
 09/17  16:00:00,0.0 
 09/17  17:00:00,0.0 
 09/17  18:00:00,0.0 
 09/17  19:00:00,0.0 
 09/17  20:00:00,0.0 
 09/17  21:00:00,0.0 
 09/17  22:00:00,0.0 
 09/17  23:00:00,0.0 
 09/17  24:00:00,0.0 
 09/18  01:00:00,0.0 
 09/18  02:00:00,0.0 
 09/18  03:00:00,0.0 
 09/18  04:00:00,0.0 
 09/18  05:00:00,0.0 
 09/18  06:00:00,0.0 
 09/18  07:00:00,0.0 
 09/18  08:00:00,0.0 
 09/18  09:00:00,0.0 
 09/18  10:00:00,0.0 
 09/18  11:00:00,0.0 
 09/18  12:00:00,0.0 
 09/18  13:00:00,0.0 
 09/18  14:00:00,0.0 
 09/18  15:00:00,0.0 
 09/18  16:00:00,0.0 
 09/18  17:00:00,0.0 
 09/18  18:00:00,0.0 
 09/18  19:00:00,0.0 
 09/18  20:00:00,0.0 
 09/18  21:00:00,0.0 
 09/18  22:00:00,129381.6126328631 
 09/18  23:00:00,1109970.1951282527 
 09/18  24:00:00,1390795.1108247018 
 09/19  01:00:00,1385954.8732499667 
 09/19  02:00:00,1328104.833418459 
 09/19  03:00:00,1753908.5417307536 
 09/19  04:00:00,2442730.9588413574 
 09/19  05:00:00,3503301.475765273 
 09/19  06:00:00,4473142.623253081 
 09/19  07:00:00,5210138.63878238 
 09/19  08:00:00,4606512.363990188 
 09/19  09:00:00,1053901.9743074395 
 09/19  10:00:00,0.0 
 09/19  11:00:00,0.0 
 09/19  12:00:00,0.0 
 09/19  13:00:00,0.0 
 09/19  14:00:00,0.0 
 09/19  15:00:00,0.0 
 09/19  16:00:00,0.0 
 09/19  17:00:00,0.0 
 09/19  18:00:00,0.0 
 09/19  19:00:00,0.0 
 09/19  20:00:00,0.0 
 09/19  21:00:00,0.0 
 09/19  22:00:00,0.0 
 09/19  23:00:00,178518.68527290062 
 09/19  24:00:00,1923929.370178048 
 09/20  01:00:00,3545924.9466540506 
 09/20  02:00:00,4950572.8301278055 
 09/20  03:00:00,6176619.719081316 
 09/20  04:00:00,7483950.588298035 
 09/20  05:00:00,8323686.023716582 
 09/20  06:00:00,8817908.98893863 
 09/20  07:00:00,9590137.22462351 
 09/20  08:00:00,8403195.984898824 
 09/20  09:00:00,2249974.7132101594 
 09/20  10:00:00,0.0 
 09/20  11:00:00,0.0 
 09/20  12:00:00,0.0 
 09/20  13:00:00,0.0 
 09/20  14:00:00,0.0 
 09/20  15:00:00,0.0 
 09/20  16:00:00,0.0 
 09/20  17:00:00,0.0 
 09/20  18:00:00,0.0 
 09/20  19:00:00,0.0 
 09/20  20:00:00,0.0 
 09/20  21:00:00,0.0 
 09/20  22:00:00,0.0 
 09/20  23:00:00,0.0 
 09/20  24:00:00,0.0 
 09/21  01:00:00,0.0 
 09/21  02:00:00,0.0 
 09/21  03:00:00,0.0 
 09/21  04:00:00,0.0 
 09/21  05:00:00,333592.82016095315 
 09/21  06:00:00,836277.6185837699 
 09/21  07:00:00,783732.4233678344 
 09/21  08:00:00,344959.59391845396 
 09/21  09:00:00,0.0 
 09/21  10:00:00,0.0 
 09/21  11:00:00,0.0 
 09/21  12:00:00,0.0 
 09/21  13:00:00,0.0 
 09/21  14:00:00,0.0 
 09/21  15:00:00,0.0 
 09/21  16:00:00,0.0 
 09/21  17:00:00,0.0 
 09/21  18:00:00,0.0 
 09/21  19:00:00,0.0 
 09/21  20:00:00,0.0 
 09/21  21:00:00,0.0 
 09/21  22:00:00,0.0 
 09/21  23:00:00,1019609.9586639539 
 09/21  24:00:00,2766226.2546385736 
 09/22  01:00:00,3948147.5235913433 
 09/22  02:00:00,4378933.498749272 
 09/22  03:00:00,4332520.905838463 
 09/22  04:00:00,4740367.483237355 
 09/22  05:00:00,5712143.80967984 
 09/22  06:00:00,6572756.397637655 
 09/22  07:00:00,7478109.935779567 
 09/22  08:00:00,7089609.961795881 
 09/22  09:00:00,2243128.088101197 
 09/22  10:00:00,0.0 
 09/22  11:00:00,0.0 
 09/22  12:00:00,0.0 
 09/22  13:00:00,0.0 
 09/22  14:00:00,0.0 
 09/22  15:00:00,0.0 
 09/22  16:00:00,0.0 
 09/22  17:00:00,0.0 
 09/22  18:00:00,0.0 
 09/22  19:00:00,0.0 
 09/22  20:00:00,695097.8453311763 
 09/22  21:00:00,2730161.2472551772 
 09/22  22:00:00,4041924.0269754254 
 09/22  23:00:00,5062019.103648688 
 09/22  24:00:00,5977650.5242090095 
 09/23  01:00:00,6696283.756662484 
 09/23  02:00:00,7333855.817893077 
 09/23  03:00:00,8158515.199539814 
 09/23  04:00:00,9072768.620751953 
 09/23  05:00:00,9954492.391793173 
 09/23  06:00:00,10789852.795545992 
 09/23  07:00:00,11174721.459061356 
 09/23  08:00:00,10329814.58733207 
 09/23  09:00:00,5191921.587797995 
 09/23  10:00:00,192325.68152423337 
 09/23  11:00:00,0.0 
 09/23  12:00:00,0.0 
 09/23  13:00:00,0.0 
 09/23  14:00:00,0.0 
 09/23  15:00:00,0.0 
 09/23  16:00:00,0.0 
 09/23  17:00:00,0.0 
 09/23  18:00:00,0.0 
 09/23  19:00:00,0.0 
 09/23  20:00:00,1402904.5303480322 
 09/23  21:00:00,4091573.4340012586 
 09/23  22:00:00,6097821.147223788 
 09/23  23:00:00,7868351.916619765 
 09/23  24:00:00,8865167.95054898 
 09/24  01:00:00,9798027.336011497 
 09/24  02:00:00,10938318.129806215 
 09/24  03:00:00,11783275.497630274 
 09/24  04:00:00,12365668.909588711 
 09/24  05:00:00,12860292.288029164 
 09/24  06:00:00,13442700.232489172 
 09/24  07:00:00,13986897.565672863 
 09/24  08:00:00,13309839.19467417 
 09/24  09:00:00,7237327.2130046 
 09/24  10:00:00,817630.3456663387 
 09/24  11:00:00,0.0 
 09/24  12:00:00,0.0 
 09/24  13:00:00,0.0 
 09/24  14:00:00,0.0 
 09/24  15:00:00,0.0 
 09/24  16:00:00,0.0 
 09/24  17:00:00,0.0 
 09/24  18:00:00,0.0 
 09/24  19:00:00,0.0 
 09/24  20:00:00,0.0 
 09/24  21:00:00,0.0 
 09/24  22:00:00,1480775.9449647637 
 09/24  23:00:00,3999509.537905036 
 09/24  24:00:00,6323767.231891268 
 09/25  01:00:00,8433512.150019355 
 09/25  02:00:00,9827516.503758648 
 09/25  03:00:00,11035797.500847382 
 09/25  04:00:00,11992397.201144408 
 09/25  05:00:00,12806262.306081822 
 09/25  06:00:00,13689423.383339152 
 09/25  07:00:00,14410159.626844592 
 09/25  08:00:00,12802917.943235507 
 09/25  09:00:00,5745547.325316143 
 09/25  10:00:00,320995.3038279258 
 09/25  11:00:00,0.0 
 09/25  12:00:00,0.0 
 09/25  13:00:00,0.0 
 09/25  14:00:00,0.0 
 09/25  15:00:00,0.0 
 09/25  16:00:00,0.0 
 09/25  17:00:00,0.0 
 09/25  18:00:00,0.0 
 09/25  19:00:00,0.0 
 09/25  20:00:00,0.0 
 09/25  21:00:00,0.0 
 09/25  22:00:00,412337.46307752305 
 09/25  23:00:00,3058093.410345711 
 09/25  24:00:00,5363140.368907282 
 09/26  01:00:00,7476060.754614115 
 09/26  02:00:00,9217829.780640058 
 09/26  03:00:00,10523738.5752032 
 09/26  04:00:00,11573663.677703999 
 09/26  05:00:00,12357834.554612093 
 09/26  06:00:00,13113269.28352749 
 09/26  07:00:00,13657072.624562351 
 09/26  08:00:00,12712195.06875361 
 09/26  09:00:00,5706189.603120089 
 09/26  10:00:00,200671.5962259681 
 09/26  11:00:00,0.0 
 09/26  12:00:00,0.0 
 09/26  13:00:00,0.0 
 09/26  14:00:00,0.0 
 09/26  15:00:00,0.0 
 09/26  16:00:00,0.0 
 09/26  17:00:00,0.0 
 09/26  18:00:00,0.0 
 09/26  19:00:00,0.0 
 09/26  20:00:00,0.0 
 09/26  21:00:00,0.0 
 09/26  22:00:00,0.0 
 09/26  23:00:00,242012.35272782505 
 09/26  24:00:00,2816598.2859615544 
 09/27  01:00:00,5689677.852906808 
 09/27  02:00:00,7889441.186670817 
 09/27  03:00:00,9384820.58202646 
 09/27  04:00:00,10419446.290145932 
 09/27  05:00:00,11117015.108774284 
 09/27  06:00:00,11823913.121878728 
 09/27  07:00:00,12411279.154700488 
 09/27  08:00:00,11492233.650420306 
 09/27  09:00:00,4724020.724294458 
 09/27  10:00:00,70708.05039970149 
 09/27  11:00:00,0.0 
 09/27  12:00:00,0.0 
 09/27  13:00:00,0.0 
 09/27  14:00:00,0.0 
 09/27  15:00:00,0.0 
 09/27  16:00:00,0.0 
 09/27  17:00:00,0.0 
 09/27  18:00:00,0.0 
 09/27  19:00:00,0.0 
 09/27  20:00:00,0.0 
 09/27  21:00:00,0.0 
 09/27  22:00:00,0.0 
 09/27  23:00:00,0.0 
 09/27  24:00:00,0.0 
 09/28  01:00:00,58815.63140513463 
 09/28  02:00:00,1553013.2230504258 
 09/28  03:00:00,3242916.734657519 
 09/28  04:00:00,4728691.293150809 
 09/28  05:00:00,5888402.793023815 
 09/28  06:00:00,6148581.450673417 
 09/28  07:00:00,6407171.113568198 
 09/28  08:00:00,6115963.866049326 
 09/28  09:00:00,2158687.4131022324 
 09/28  10:00:00,0.0 
 09/28  11:00:00,0.0 
 09/28  12:00:00,0.0 
 09/28  13:00:00,0.0 
 09/28  14:00:00,0.0 
 09/28  15:00:00,0.0 
 09/28  16:00:00,0.0 
 09/28  17:00:00,0.0 
 09/28  18:00:00,0.0 
 09/28  19:00:00,0.0 
 09/28  20:00:00,0.0 
 09/28  21:00:00,0.0 
 09/28  22:00:00,0.0 
 09/28  23:00:00,0.0 
 09/28  24:00:00,865239.1202548214 
 09/29  01:00:00,2811302.2199450075 
 09/29  02:00:00,3957084.1441738727 
 09/29  03:00:00,4843228.249926871 
 09/29  04:00:00,5748219.171073986 
 09/29  05:00:00,6585416.007534493 
 09/29  06:00:00,7652973.927549651 
 09/29  07:00:00,8498212.719133561 
 09/29  08:00:00,7976365.1531251855 
 09/29  09:00:00,2597118.15568768 
 09/29  10:00:00,0.0 
 09/29  11:00:00,0.0 
 09/29  12:00:00,0.0 
 09/29  13:00:00,0.0 
 09/29  14:00:00,0.0 
 09/29  15:00:00,0.0 
 09/29  16:00:00,0.0 
 09/29  17:00:00,0.0 
 09/29  18:00:00,0.0 
 09/29  19:00:00,0.0 
 09/29  20:00:00,0.0 
 09/29  21:00:00,0.0 
 09/29  22:00:00,0.0 
 09/29  23:00:00,0.0 
 09/29  24:00:00,0.0 
 09/30  01:00:00,0.0 
 09/30  02:00:00,0.0 
 09/30  03:00:00,0.0 
 09/30  04:00:00,0.0 
 09/30  05:00:00,1205874.371405269 
 09/30  06:00:00,2598105.415776992 
 09/30  07:00:00,3338697.6092070187 
 09/30  08:00:00,2996102.9988263575 
 09/30  09:00:00,851573.9408634582 
 09/30  10:00:00,0.0 
 09/30  11:00:00,0.0 
 09/30  12:00:00,0.0 
 09/30  13:00:00,0.0 
 09/30  14:00:00,0.0 
 09/30  15:00:00,0.0 
 09/30  16:00:00,0.0 
 09/30  17:00:00,0.0 
 09/30  18:00:00,0.0 
 09/30  19:00:00,0.0 
 09/30  20:00:00,0.0 
 09/30  21:00:00,0.0 
 09/30  22:00:00,0.0 
 09/30  23:00:00,1427453.0847862596 
 09/30  24:00:00,3501412.4657482477 
 10/01  01:00:00,5080810.32142604 
 10/01  02:00:00,5999046.966146971 
 10/01  03:00:00,6742005.582624803 
 10/01  04:00:00,7595233.9473616965 
 10/01  05:00:00,8308021.455220947 
 10/01  06:00:00,8996389.728682984 
 10/01  07:00:00,9586998.740776928 
 10/01  08:00:00,8768620.231593903 
 10/01  09:00:00,3759757.402890884 
 10/01  10:00:00,46633.70408427873 
 10/01  11:00:00,0.0 
 10/01  12:00:00,0.0 
 10/01  13:00:00,0.0 
 10/01  14:00:00,0.0 
 10/01  15:00:00,0.0 
 10/01  16:00:00,0.0 
 10/01  17:00:00,0.0 
 10/01  18:00:00,0.0 
 10/01  19:00:00,0.0 
 10/01  20:00:00,0.0 
 10/01  21:00:00,0.0 
 10/01  22:00:00,0.0 
 10/01  23:00:00,394908.70629156276 
 10/01  24:00:00,2780369.738391986 
 10/02  01:00:00,4886920.1951104775 
 10/02  02:00:00,6377498.561295314 
 10/02  03:00:00,7222246.5649631005 
 10/02  04:00:00,7537294.658778895 
 10/02  05:00:00,7883180.726716736 
 10/02  06:00:00,8210278.005776534 
 10/02  07:00:00,8665797.220082555 
 10/02  08:00:00,8347450.907370306 
 10/02  09:00:00,3304321.200153892 
 10/02  10:00:00,0.0 
 10/02  11:00:00,0.0 
 10/02  12:00:00,0.0 
 10/02  13:00:00,0.0 
 10/02  14:00:00,0.0 
 10/02  15:00:00,0.0 
 10/02  16:00:00,0.0 
 10/02  17:00:00,0.0 
 10/02  18:00:00,0.0 
 10/02  19:00:00,0.0 
 10/02  20:00:00,0.0 
 10/02  21:00:00,0.0 
 10/02  22:00:00,0.0 
 10/02  23:00:00,0.0 
 10/02  24:00:00,0.0 
 10/03  01:00:00,0.0 
 10/03  02:00:00,0.0 
 10/03  03:00:00,0.0 
 10/03  04:00:00,728383.0910356352 
 10/03  05:00:00,1773961.4896370762 
 10/03  06:00:00,2482362.5805609636 
 10/03  07:00:00,3064049.9349278216 
 10/03  08:00:00,3058701.9796363404 
 10/03  09:00:00,553061.0485941034 
 10/03  10:00:00,0.0 
 10/03  11:00:00,0.0 
 10/03  12:00:00,0.0 
 10/03  13:00:00,0.0 
 10/03  14:00:00,0.0 
 10/03  15:00:00,0.0 
 10/03  16:00:00,0.0 
 10/03  17:00:00,0.0 
 10/03  18:00:00,0.0 
 10/03  19:00:00,0.0 
 10/03  20:00:00,0.0 
 10/03  21:00:00,0.0 
 10/03  22:00:00,0.0 
 10/03  23:00:00,0.0 
 10/03  24:00:00,0.0 
 10/04  01:00:00,74770.73459798847 
 10/04  02:00:00,1238348.876055087 
 10/04  03:00:00,2695678.683688524 
 10/04  04:00:00,4092371.9282872803 
 10/04  05:00:00,5343451.455788128 
 10/04  06:00:00,6456756.947321362 
 10/04  07:00:00,7386726.612266664 
 10/04  08:00:00,7675861.897193561 
 10/04  09:00:00,4872690.340914896 
 10/04  10:00:00,583596.4350335089 
 10/04  11:00:00,0.0 
 10/04  12:00:00,0.0 
 10/04  13:00:00,0.0 
 10/04  14:00:00,0.0 
 10/04  15:00:00,0.0 
 10/04  16:00:00,0.0 
 10/04  17:00:00,0.0 
 10/04  18:00:00,0.0 
 10/04  19:00:00,0.0 
 10/04  20:00:00,0.0 
 10/04  21:00:00,841332.1585276469 
 10/04  22:00:00,3053871.9664692446 
 10/04  23:00:00,4418820.692788385 
 10/04  24:00:00,5575226.666263261 
 10/05  01:00:00,6911591.835323063 
 10/05  02:00:00,7805899.927787878 
 10/05  03:00:00,8883143.967533264 
 10/05  04:00:00,10323836.922542734 
 10/05  05:00:00,10844984.762273492 
 10/05  06:00:00,11208089.719792042 
 10/05  07:00:00,11825784.9112271 
 10/05  08:00:00,11622319.884628844 
 10/05  09:00:00,7621385.7693016995 
 10/05  10:00:00,1447656.3565237068 
 10/05  11:00:00,0.0 
 10/05  12:00:00,0.0 
 10/05  13:00:00,0.0 
 10/05  14:00:00,0.0 
 10/05  15:00:00,0.0 
 10/05  16:00:00,0.0 
 10/05  17:00:00,0.0 
 10/05  18:00:00,0.0 
 10/05  19:00:00,0.0 
 10/05  20:00:00,0.0 
 10/05  21:00:00,19798.665100274957 
 10/05  22:00:00,2359469.4142960827 
 10/05  23:00:00,4271618.7155547105 
 10/05  24:00:00,5190438.968960957 
 10/06  01:00:00,5906849.030576452 
 10/06  02:00:00,6874398.070598873 
 10/06  03:00:00,8222757.075546627 
 10/06  04:00:00,9337839.91968564 
 10/06  05:00:00,10109477.615903705 
 10/06  06:00:00,10999669.429566957 
 10/06  07:00:00,12274495.500384944 
 10/06  08:00:00,12665752.732194146 
 10/06  09:00:00,7933750.626541669 
 10/06  10:00:00,1024043.8906179765 
 10/06  11:00:00,0.0 
 10/06  12:00:00,0.0 
 10/06  13:00:00,0.0 
 10/06  14:00:00,0.0 
 10/06  15:00:00,0.0 
 10/06  16:00:00,0.0 
 10/06  17:00:00,0.0 
 10/06  18:00:00,0.0 
 10/06  19:00:00,0.0 
 10/06  20:00:00,0.0 
 10/06  21:00:00,134333.19826495863 
 10/06  22:00:00,2920898.673637757 
 10/06  23:00:00,5982970.209334502 
 10/06  24:00:00,8181122.836729456 
 10/07  01:00:00,10114858.216014707 
 10/07  02:00:00,11653157.359055165 
 10/07  03:00:00,12783809.957891915 
 10/07  04:00:00,14063973.442844793 
 10/07  05:00:00,15187973.330541871 
 10/07  06:00:00,16035992.344294747 
 10/07  07:00:00,16629749.793936945 
 10/07  08:00:00,16170027.18421657 
 10/07  09:00:00,10118582.573244713 
 10/07  10:00:00,1733573.7925107963 
 10/07  11:00:00,0.0 
 10/07  12:00:00,0.0 
 10/07  13:00:00,0.0 
 10/07  14:00:00,0.0 
 10/07  15:00:00,0.0 
 10/07  16:00:00,0.0 
 10/07  17:00:00,0.0 
 10/07  18:00:00,0.0 
 10/07  19:00:00,0.0 
 10/07  20:00:00,0.0 
 10/07  21:00:00,199873.46711410355 
 10/07  22:00:00,2157987.7370326403 
 10/07  23:00:00,4066848.843400824 
 10/07  24:00:00,5413495.257035817 
 10/08  01:00:00,6604589.675206627 
 10/08  02:00:00,7849914.986227104 
 10/08  03:00:00,9199002.083960025 
 10/08  04:00:00,10417805.013576405 
 10/08  05:00:00,11497251.965041945 
 10/08  06:00:00,12565583.285550822 
 10/08  07:00:00,13423346.287534526 
 10/08  08:00:00,13433736.568336856 
 10/08  09:00:00,8379096.695323965 
 10/08  10:00:00,929909.5680991043 
 10/08  11:00:00,0.0 
 10/08  12:00:00,0.0 
 10/08  13:00:00,0.0 
 10/08  14:00:00,0.0 
 10/08  15:00:00,0.0 
 10/08  16:00:00,0.0 
 10/08  17:00:00,0.0 
 10/08  18:00:00,0.0 
 10/08  19:00:00,0.0 
 10/08  20:00:00,0.0 
 10/08  21:00:00,0.0 
 10/08  22:00:00,768333.7145283804 
 10/08  23:00:00,3073868.8384493715 
 10/08  24:00:00,5220690.354199427 
 10/09  01:00:00,7065906.201031003 
 10/09  02:00:00,8321614.397042409 
 10/09  03:00:00,9386010.45654561 
 10/09  04:00:00,10350169.689429507 
 10/09  05:00:00,11232451.77670491 
 10/09  06:00:00,12055625.66875104 
 10/09  07:00:00,12575337.975642355 
 10/09  08:00:00,12272454.461455615 
 10/09  09:00:00,7328203.231252909 
 10/09  10:00:00,511301.06276236265 
 10/09  11:00:00,0.0 
 10/09  12:00:00,0.0 
 10/09  13:00:00,0.0 
 10/09  14:00:00,0.0 
 10/09  15:00:00,0.0 
 10/09  16:00:00,0.0 
 10/09  17:00:00,0.0 
 10/09  18:00:00,0.0 
 10/09  19:00:00,0.0 
 10/09  20:00:00,0.0 
 10/09  21:00:00,0.0 
 10/09  22:00:00,0.0 
 10/09  23:00:00,780505.5249148704 
 10/09  24:00:00,3255051.3256183406 
 10/10  01:00:00,5035650.587412341 
 10/10  02:00:00,6481286.594520484 
 10/10  03:00:00,7899672.453277404 
 10/10  04:00:00,8987966.672296606 
 10/10  05:00:00,9921599.239247227 
 10/10  06:00:00,10750250.710430082 
 10/10  07:00:00,11417678.930137295 
 10/10  08:00:00,11365946.655392848 
 10/10  09:00:00,6603583.497415037 
 10/10  10:00:00,309810.6203194569 
 10/10  11:00:00,0.0 
 10/10  12:00:00,0.0 
 10/10  13:00:00,0.0 
 10/10  14:00:00,0.0 
 10/10  15:00:00,0.0 
 10/10  16:00:00,0.0 
 10/10  17:00:00,0.0 
 10/10  18:00:00,0.0 
 10/10  19:00:00,0.0 
 10/10  20:00:00,0.0 
 10/10  21:00:00,0.0 
 10/10  22:00:00,0.0 
 10/10  23:00:00,1438756.8486365955 
 10/10  24:00:00,4326936.396399255 
 10/11  01:00:00,6352878.157729095 
 10/11  02:00:00,7811577.975075675 
 10/11  03:00:00,8924607.588559154 
 10/11  04:00:00,9740496.256016525 
 10/11  05:00:00,10592576.182742242 
 10/11  06:00:00,11425273.231584389 
 10/11  07:00:00,12222392.873868253 
 10/11  08:00:00,12340673.67641638 
 10/11  09:00:00,7581801.564894318 
 10/11  10:00:00,564252.8104570957 
 10/11  11:00:00,0.0 
 10/11  12:00:00,0.0 
 10/11  13:00:00,0.0 
 10/11  14:00:00,0.0 
 10/11  15:00:00,0.0 
 10/11  16:00:00,0.0 
 10/11  17:00:00,0.0 
 10/11  18:00:00,0.0 
 10/11  19:00:00,0.0 
 10/11  20:00:00,0.0 
 10/11  21:00:00,0.0 
 10/11  22:00:00,0.0 
 10/11  23:00:00,61963.37943208055 
 10/11  24:00:00,1151755.3367966348 
 10/12  01:00:00,2316283.2280412675 
 10/12  02:00:00,3484866.4497189047 
 10/12  03:00:00,4447275.008388035 
 10/12  04:00:00,5251891.936878233 
 10/12  05:00:00,5819997.092820512 
 10/12  06:00:00,6173463.416276677 
 10/12  07:00:00,6534544.821932832 
 10/12  08:00:00,6591672.791503289 
 10/12  09:00:00,3798114.620806503 
 10/12  10:00:00,211158.5441754949 
 10/12  11:00:00,0.0 
 10/12  12:00:00,0.0 
 10/12  13:00:00,0.0 
 10/12  14:00:00,0.0 
 10/12  15:00:00,0.0 
 10/12  16:00:00,0.0 
 10/12  17:00:00,0.0 
 10/12  18:00:00,0.0 
 10/12  19:00:00,0.0 
 10/12  20:00:00,0.0 
 10/12  21:00:00,0.0 
 10/12  22:00:00,0.0 
 10/12  23:00:00,0.0 
 10/12  24:00:00,0.0 
 10/13  01:00:00,605907.3733410456 
 10/13  02:00:00,1425175.369913703 
 10/13  03:00:00,2064956.7393668392 
 10/13  04:00:00,2624161.5953127276 
 10/13  05:00:00,3004277.783277663 
 10/13  06:00:00,3317730.7824311797 
 10/13  07:00:00,3516770.9799269815 
 10/13  08:00:00,3768641.2280228157 
 10/13  09:00:00,2195882.136969125 
 10/13  10:00:00,0.0 
 10/13  11:00:00,0.0 
 10/13  12:00:00,0.0 
 10/13  13:00:00,0.0 
 10/13  14:00:00,0.0 
 10/13  15:00:00,0.0 
 10/13  16:00:00,0.0 
 10/13  17:00:00,0.0 
 10/13  18:00:00,0.0 
 10/13  19:00:00,0.0 
 10/13  20:00:00,0.0 
 10/13  21:00:00,0.0 
 10/13  22:00:00,0.0 
 10/13  23:00:00,0.0 
 10/13  24:00:00,0.0 
 10/14  01:00:00,0.0 
 10/14  02:00:00,0.0 
 10/14  03:00:00,0.0 
 10/14  04:00:00,0.0 
 10/14  05:00:00,0.0 
 10/14  06:00:00,152212.5198103378 
 10/14  07:00:00,618882.3030590517 
 10/14  08:00:00,1221588.7561213044 
 10/14  09:00:00,535424.2428399113 
 10/14  10:00:00,0.0 
 10/14  11:00:00,0.0 
 10/14  12:00:00,0.0 
 10/14  13:00:00,0.0 
 10/14  14:00:00,0.0 
 10/14  15:00:00,0.0 
 10/14  16:00:00,0.0 
 10/14  17:00:00,0.0 
 10/14  18:00:00,0.0 
 10/14  19:00:00,0.0 
 10/14  20:00:00,0.0 
 10/14  21:00:00,871600.6510130058 
 10/14  22:00:00,2270706.951898309 
 10/14  23:00:00,3311323.986991996 
 10/14  24:00:00,4109005.978172986 
 10/15  01:00:00,4841894.8589192005 
 10/15  02:00:00,5958579.161395977 
 10/15  03:00:00,7152247.7814087765 
 10/15  04:00:00,8366985.529034508 
 10/15  05:00:00,8968014.818982832 
 10/15  06:00:00,8972313.560288446 
 10/15  07:00:00,9141363.482047766 
 10/15  08:00:00,9206410.650871972 
 10/15  09:00:00,7833476.9269950595 
 10/15  10:00:00,4565389.309786764 
 10/15  11:00:00,1424600.7360362513 
 10/15  12:00:00,12841.003475690377 
 10/15  13:00:00,0.0 
 10/15  14:00:00,0.0 
 10/15  15:00:00,0.0 
 10/15  16:00:00,0.0 
 10/15  17:00:00,0.0 
 10/15  18:00:00,299138.3279109759 
 10/15  19:00:00,3902250.150543292 
 10/15  20:00:00,5439236.206604306 
 10/15  21:00:00,6641897.994310433 
 10/15  22:00:00,7576396.62190445 
 10/15  23:00:00,8385550.300201568 
 10/15  24:00:00,9109556.77071128 
 10/16  01:00:00,9841963.329833701 
 10/16  02:00:00,10646197.472399758 
 10/16  03:00:00,11451779.550060164 
 10/16  04:00:00,12271789.45380896 
 10/16  05:00:00,12960049.087774117 
 10/16  06:00:00,13363315.773658669 
 10/16  07:00:00,13812984.637819737 
 10/16  08:00:00,14026773.640920721 
 10/16  09:00:00,11749223.413887974 
 10/16  10:00:00,5911053.44339599 
 10/16  11:00:00,678274.4717396783 
 10/16  12:00:00,0.0 
 10/16  13:00:00,0.0 
 10/16  14:00:00,0.0 
 10/16  15:00:00,0.0 
 10/16  16:00:00,0.0 
 10/16  17:00:00,0.0 
 10/16  18:00:00,0.0 
 10/16  19:00:00,2710274.4010438137 
 10/16  20:00:00,6048973.321280264 
 10/16  21:00:00,8226707.865765971 
 10/16  22:00:00,9294016.27992841 
 10/16  23:00:00,9831273.82092717 
 10/16  24:00:00,10557071.296032162 
 10/17  01:00:00,11455070.97021202 
 10/17  02:00:00,11987277.131103784 
 10/17  03:00:00,11969955.377657466 
 10/17  04:00:00,11700110.559290012 
 10/17  05:00:00,11337962.38521895 
 10/17  06:00:00,11214317.61985875 
 10/17  07:00:00,11402607.275962 
 10/17  08:00:00,11331559.73078499 
 10/17  09:00:00,9242029.05311724 
 10/17  10:00:00,4266756.646486681 
 10/17  11:00:00,416206.4062053978 
 10/17  12:00:00,0.0 
 10/17  13:00:00,0.0 
 10/17  14:00:00,0.0 
 10/17  15:00:00,0.0 
 10/17  16:00:00,0.0 
 10/17  17:00:00,0.0 
 10/17  18:00:00,0.0 
 10/17  19:00:00,0.0 
 10/17  20:00:00,0.0 
 10/17  21:00:00,0.0 
 10/17  22:00:00,745149.7282060947 
 10/17  23:00:00,1570671.805818499 
 10/17  24:00:00,2357546.136755737 
 10/18  01:00:00,2848370.9287494207 
 10/18  02:00:00,3155406.4018636458 
 10/18  03:00:00,3919160.680891994 
 10/18  04:00:00,4724598.70150817 
 10/18  05:00:00,4924163.607400078 
 10/18  06:00:00,4709234.491509242 
 10/18  07:00:00,4615851.918359986 
 10/18  08:00:00,4651946.275412737 
 10/18  09:00:00,2964406.665301895 
 10/18  10:00:00,83723.4814407784 
 10/18  11:00:00,0.0 
 10/18  12:00:00,0.0 
 10/18  13:00:00,0.0 
 10/18  14:00:00,0.0 
 10/18  15:00:00,0.0 
 10/18  16:00:00,0.0 
 10/18  17:00:00,0.0 
 10/18  18:00:00,0.0 
 10/18  19:00:00,0.0 
 10/18  20:00:00,506786.84503278794 
 10/18  21:00:00,1077424.2901567079 
 10/18  22:00:00,1434622.419784959 
 10/18  23:00:00,1577034.2710360598 
 10/18  24:00:00,1750949.4637356752 
 10/19  01:00:00,1994184.2673807943 
 10/19  02:00:00,2230583.592309204 
 10/19  03:00:00,2421333.6173115554 
 10/19  04:00:00,2557249.3968404215 
 10/19  05:00:00,2724872.7814672617 
 10/19  06:00:00,2861425.2901716377 
 10/19  07:00:00,2940155.101101007 
 10/19  08:00:00,3044663.0051812064 
 10/19  09:00:00,2944478.272913855 
 10/19  10:00:00,2764335.0962196137 
 10/19  11:00:00,2535578.897411788 
 10/19  12:00:00,2144070.5623496226 
 10/19  13:00:00,0.0 
 10/19  14:00:00,0.0 
 10/19  15:00:00,0.0 
 10/19  16:00:00,0.0 
 10/19  17:00:00,0.0 
 10/19  18:00:00,0.0 
 10/19  19:00:00,0.0 
 10/19  20:00:00,0.0 
 10/19  21:00:00,0.0 
 10/19  22:00:00,0.0 
 10/19  23:00:00,91460.41552291208 
 10/19  24:00:00,838403.57322489 
 10/20  01:00:00,1946358.568234825 
 10/20  02:00:00,2176160.935065545 
 10/20  03:00:00,2356788.374184664 
 10/20  04:00:00,2390971.519300022 
 10/20  05:00:00,2415894.216917487 
 10/20  06:00:00,2587125.0926820063 
 10/20  07:00:00,2613618.9237655383 
 10/20  08:00:00,2706619.3246206865 
 10/20  09:00:00,3633847.690809467 
 10/20  10:00:00,4642326.846530206 
 10/20  11:00:00,4895559.490007778 
 10/20  12:00:00,4836242.299331848 
 10/20  13:00:00,262262.62226118194 
 10/20  14:00:00,0.0 
 10/20  15:00:00,0.0 
 10/20  16:00:00,0.0 
 10/20  17:00:00,0.0 
 10/20  18:00:00,0.0 
 10/20  19:00:00,508605.34015102393 
 10/20  20:00:00,1174549.577285236 
 10/20  21:00:00,1423556.1777603624 
 10/20  22:00:00,1830826.9120118758 
 10/20  23:00:00,2273922.786698805 
 10/20  24:00:00,2512373.2917096624 
 10/21  01:00:00,2830828.0888893907 
 10/21  02:00:00,3411773.109726543 
 10/21  03:00:00,4669102.111829377 
 10/21  04:00:00,5800655.856803736 
 10/21  05:00:00,6545647.7295887945 
 10/21  06:00:00,7432206.682111688 
 10/21  07:00:00,8357039.610114205 
 10/21  08:00:00,8994781.740860753 
 10/21  09:00:00,7097611.95959656 
 10/21  10:00:00,1434065.028121879 
 10/21  11:00:00,0.0 
 10/21  12:00:00,0.0 
 10/21  13:00:00,0.0 
 10/21  14:00:00,0.0 
 10/21  15:00:00,0.0 
 10/21  16:00:00,0.0 
 10/21  17:00:00,0.0 
 10/21  18:00:00,0.0 
 10/21  19:00:00,1312963.3576174967 
 10/21  20:00:00,4040353.01150182 
 10/21  21:00:00,5615192.257874531 
 10/21  22:00:00,6556936.273921707 
 10/21  23:00:00,7375926.862905303 
 10/21  24:00:00,8307548.884865457 
 10/22  01:00:00,8993654.639550129 
 10/22  02:00:00,9613456.40523252 
 10/22  03:00:00,10575149.282999335 
 10/22  04:00:00,11794298.209079066 
 10/22  05:00:00,12859012.54990646 
 10/22  06:00:00,13776854.425143488 
 10/22  07:00:00,14680770.752084527 
 10/22  08:00:00,15322539.738625277 
 10/22  09:00:00,12060973.472270533 
 10/22  10:00:00,3599550.66446255 
 10/22  11:00:00,0.0 
 10/22  12:00:00,0.0 
 10/22  13:00:00,0.0 
 10/22  14:00:00,0.0 
 10/22  15:00:00,0.0 
 10/22  16:00:00,0.0 
 10/22  17:00:00,0.0 
 10/22  18:00:00,0.0 
 10/22  19:00:00,1864600.0445089303 
 10/22  20:00:00,4692959.894217153 
 10/22  21:00:00,6176040.685724449 
 10/22  22:00:00,7326908.555440347 
 10/22  23:00:00,8410850.520803643 
 10/22  24:00:00,10099230.762236519 
 10/23  01:00:00,11183149.05035404 
 10/23  02:00:00,11277766.696773741 
 10/23  03:00:00,11072896.498227354 
 10/23  04:00:00,11427934.596084984 
 10/23  05:00:00,11131663.788748927 
 10/23  06:00:00,10099050.574744167 
 10/23  07:00:00,9695305.769484708 
 10/23  08:00:00,9404269.769276438 
 10/23  09:00:00,9215209.324177701 
 10/23  10:00:00,6634666.05688048 
 10/23  11:00:00,1372268.6152519477 
 10/23  12:00:00,0.0 
 10/23  13:00:00,0.0 
 10/23  14:00:00,0.0 
 10/23  15:00:00,0.0 
 10/23  16:00:00,0.0 
 10/23  17:00:00,0.0 
 10/23  18:00:00,0.0 
 10/23  19:00:00,0.0 
 10/23  20:00:00,0.0 
 10/23  21:00:00,99842.42396088957 
 10/23  22:00:00,1125087.826205809 
 10/23  23:00:00,1964895.8907165835 
 10/23  24:00:00,2656594.46686964 
 10/24  01:00:00,3127786.4421633957 
 10/24  02:00:00,3375089.9057114897 
 10/24  03:00:00,3761648.9179672855 
 10/24  04:00:00,4068317.0080963704 
 10/24  05:00:00,4337536.822158927 
 10/24  06:00:00,4642061.050949034 
 10/24  07:00:00,4994242.981655427 
 10/24  08:00:00,5424207.290639782 
 10/24  09:00:00,5836026.445786608 
 10/24  10:00:00,6124394.12851764 
 10/24  11:00:00,6249071.056808102 
 10/24  12:00:00,6305381.521612223 
 10/24  13:00:00,5388580.933177349 
 10/24  14:00:00,608410.6142531338 
 10/24  15:00:00,0.0 
 10/24  16:00:00,0.0 
 10/24  17:00:00,0.0 
 10/24  18:00:00,1896962.106413987 
 10/24  19:00:00,5616209.258020217 
 10/24  20:00:00,6975449.567504442 
 10/24  21:00:00,8504890.058050323 
 10/24  22:00:00,9825292.011164129 
 10/24  23:00:00,10260679.5726588 
 10/24  24:00:00,9929945.666522078 
 10/25  01:00:00,9842997.38774894 
 10/25  02:00:00,9748379.914959233 
 10/25  03:00:00,9651701.062312324 
 10/25  04:00:00,9338040.54903973 
 10/25  05:00:00,8502085.273934616 
 10/25  06:00:00,7907247.404721201 
 10/25  07:00:00,7860274.33609239 
 10/25  08:00:00,8248612.99182268 
 10/25  09:00:00,7565495.220320735 
 10/25  10:00:00,3931752.478836649 
 10/25  11:00:00,333434.1942153267 
 10/25  12:00:00,0.0 
 10/25  13:00:00,3840124.6348095895 
 10/25  14:00:00,1597519.2572275547 
 10/25  15:00:00,0.0 
 10/25  16:00:00,0.0 
 10/25  17:00:00,0.0 
 10/25  18:00:00,2025538.9690238438 
 10/25  19:00:00,4440024.6952304635 
 10/25  20:00:00,5175254.6742110755 
 10/25  21:00:00,5591602.472674617 
 10/25  22:00:00,5579252.596862363 
 10/25  23:00:00,5406866.820247068 
 10/25  24:00:00,5564009.158915371 
 10/26  01:00:00,5822320.10485751 
 10/26  02:00:00,5999916.261348324 
 10/26  03:00:00,5881599.202238185 
 10/26  04:00:00,5383915.371444827 
 10/26  05:00:00,5280182.460526101 
 10/26  06:00:00,5256280.478022124 
 10/26  07:00:00,5180057.351004916 
 10/26  08:00:00,5008575.230398301 
 10/26  09:00:00,4718686.8625468835 
 10/26  10:00:00,3967889.404900738 
 10/26  11:00:00,2670637.694650054 
 10/26  12:00:00,1638607.345852569 
 10/26  13:00:00,1257786.0548537355 
 10/26  14:00:00,1446371.9715923087 
 10/26  15:00:00,1640396.9726621013 
 10/26  16:00:00,2044933.9717871523 
 10/26  17:00:00,2241571.5865872926 
 10/26  18:00:00,3774363.920205053 
 10/26  19:00:00,5265208.159071275 
 10/26  20:00:00,5819313.889130732 
 10/26  21:00:00,6194786.888865039 
 10/26  22:00:00,6420953.822329615 
 10/26  23:00:00,6609619.759113675 
 10/26  24:00:00,6754091.759208279 
 10/27  01:00:00,7474672.935576857 
 10/27  02:00:00,8024087.207658721 
 10/27  03:00:00,8065210.845726335 
 10/27  04:00:00,8866087.868164232 
 10/27  05:00:00,9838428.681098115 
 10/27  06:00:00,10706765.068710538 
 10/27  07:00:00,11245782.398167843 
 10/27  08:00:00,11268835.052057175 
 10/27  09:00:00,9452880.92769395 
 10/27  10:00:00,3928402.1470343326 
 10/27  11:00:00,142905.32841669116 
 10/27  12:00:00,0.0 
 10/27  13:00:00,0.0 
 10/27  14:00:00,0.0 
 10/27  15:00:00,0.0 
 10/27  16:00:00,0.0 
 10/27  17:00:00,0.0 
 10/27  18:00:00,0.0 
 10/27  19:00:00,2688768.0418325197 
 10/27  20:00:00,4992873.48595359 
 10/27  21:00:00,6739968.099218572 
 10/27  22:00:00,8029270.086788386 
 10/27  23:00:00,8704489.839028018 
 10/27  24:00:00,8400987.392373333 
 10/28  01:00:00,8298342.915461034 
 10/28  02:00:00,8482356.003493264 
 10/28  03:00:00,8753683.198154604 
 10/28  04:00:00,9403701.83670411 
 10/28  05:00:00,9989722.700743306 
 10/28  06:00:00,10335596.702594556 
 10/28  07:00:00,9889535.291953094 
 10/28  08:00:00,9803761.29949044 
 10/28  09:00:00,8846690.832062524 
 10/28  10:00:00,5702268.455508223 
 10/28  11:00:00,3363165.6404918972 
 10/28  12:00:00,560018.6749558487 
 10/28  13:00:00,0.0 
 10/28  14:00:00,0.0 
 10/28  15:00:00,0.0 
 10/28  16:00:00,0.0 
 10/28  17:00:00,0.0 
 10/28  18:00:00,26307.81819266631 
 10/28  19:00:00,1441138.5281190695 
 10/28  20:00:00,2494677.8552277717 
 10/28  21:00:00,3175983.406699381 
 10/28  22:00:00,3324788.494702083 
 10/28  23:00:00,3370297.3176387083 
 10/28  24:00:00,3426701.405589076 
 10/29  01:00:00,3503770.174278101 
 10/29  02:00:00,3506554.799987926 
 10/29  03:00:00,3388903.126042032 
 10/29  04:00:00,3457465.6872181506 
 10/29  05:00:00,3479229.7080847505 
 10/29  06:00:00,3143027.555174301 
 10/29  07:00:00,2792501.38955727 
 10/29  08:00:00,2647511.033432771 
 10/29  09:00:00,2171689.142609716 
 10/29  10:00:00,924481.778808916 
 10/29  11:00:00,52899.17184466176 
 10/29  12:00:00,0.0 
 10/29  13:00:00,0.0 
 10/29  14:00:00,0.0 
 10/29  15:00:00,0.0 
 10/29  16:00:00,0.0 
 10/29  17:00:00,0.0 
 10/29  18:00:00,0.0 
 10/29  19:00:00,0.0 
 10/29  20:00:00,0.0 
 10/29  21:00:00,0.0 
 10/29  22:00:00,323203.6632022995 
 10/29  23:00:00,955319.1667662913 
 10/29  24:00:00,1317511.7831667084 
 10/30  01:00:00,1758349.349845164 
 10/30  02:00:00,2187935.228740394 
 10/30  03:00:00,1979936.9412386047 
 10/30  04:00:00,1836657.730972529 
 10/30  05:00:00,2275269.718149942 
 10/30  06:00:00,2696866.842782381 
 10/30  07:00:00,3059398.3153644945 
 10/30  08:00:00,3045614.219499713 
 10/30  09:00:00,2708085.654078855 
 10/30  10:00:00,1480523.963568587 
 10/30  11:00:00,928974.3137048194 
 10/30  12:00:00,507413.9473624047 
 10/30  13:00:00,57139.894329335955 
 10/30  14:00:00,118256.75619530157 
 10/30  15:00:00,893597.7020712337 
 10/30  16:00:00,2441337.3407841707 
 10/30  17:00:00,4875748.559511743 
 10/30  18:00:00,5583204.759403947 
 10/30  19:00:00,6325039.709394015 
 10/30  20:00:00,7103048.207308196 
 10/30  21:00:00,7776199.780424314 
 10/30  22:00:00,7852711.479850998 
 10/30  23:00:00,8310165.322047435 
 10/30  24:00:00,8673221.670911262 
 10/31  01:00:00,8914820.784809211 
 10/31  02:00:00,9156077.77800314 
 10/31  03:00:00,9457918.803743806 
 10/31  04:00:00,9602300.682569696 
 10/31  05:00:00,10199358.86350167 
 10/31  06:00:00,10730416.892108541 
 10/31  07:00:00,10553737.905098377 
 10/31  08:00:00,10292400.856023686 
 10/31  09:00:00,9832257.61827178 
 10/31  10:00:00,7749739.305667709 
 10/31  11:00:00,4855521.917306123 
 10/31  12:00:00,1513066.1055213627 
 10/31  13:00:00,36741.172428753634 
 10/31  14:00:00,0.0 
 10/31  15:00:00,0.0 
 10/31  16:00:00,0.0 
 10/31  17:00:00,0.0 
 10/31  18:00:00,1761452.578940183 
 10/31  19:00:00,5271567.782965749 
 10/31  20:00:00,7268023.754308777 
 10/31  21:00:00,8378318.4321529465 
 10/31  22:00:00,9542865.623648362 
 10/31  23:00:00,10897455.635140738 
 10/31  24:00:00,12048034.893712724 
 11/01  01:00:00,12825562.774289237 
 11/01  02:00:00,13253858.176912991 
 11/01  03:00:00,13832576.087176615 
 11/01  04:00:00,14497809.037186954 
 11/01  05:00:00,15061640.60448797 
 11/01  06:00:00,14896140.57878023 
 11/01  07:00:00,13901220.581804212 
 11/01  08:00:00,13047581.798875332 
 11/01  09:00:00,11494624.52496191 
 11/01  10:00:00,7448748.097900278 
 11/01  11:00:00,3118752.2913374975 
 11/01  12:00:00,1042967.2121979996 
 11/01  13:00:00,0.0 
 11/01  14:00:00,0.0 
 11/01  15:00:00,721123.2368416423 
 11/01  16:00:00,4121475.401765111 
 11/01  17:00:00,6365955.282336891 
 11/01  18:00:00,6102994.689448473 
 11/01  19:00:00,8275855.517957319 
 11/01  20:00:00,9205189.284644838 
 11/01  21:00:00,9394704.492215378 
 11/01  22:00:00,9099846.452245506 
 11/01  23:00:00,8500383.516205799 
 11/01  24:00:00,7857520.3868293585 
 11/02  01:00:00,7360451.02407881 
 11/02  02:00:00,7094539.954862679 
 11/02  03:00:00,6848138.88587011 
 11/02  04:00:00,6416030.942998228 
 11/02  05:00:00,5868867.194942312 
 11/02  06:00:00,5361809.639829976 
 11/02  07:00:00,5245217.299908543 
 11/02  08:00:00,7073385.36678269 
 11/02  09:00:00,7813176.645270685 
 11/02  10:00:00,8124714.290643164 
 11/02  11:00:00,8397439.598345507 
 11/02  12:00:00,8768906.52640475 
 11/02  13:00:00,7280907.970696744 
 11/02  14:00:00,3306424.716917322 
 11/02  15:00:00,5477798.960880005 
 11/02  16:00:00,7472251.540495168 
 11/02  17:00:00,7249054.107563587 
 11/02  18:00:00,7764683.249644596 
 11/02  19:00:00,8917181.8300476 
 11/02  20:00:00,9462520.37152212 
 11/02  21:00:00,9995964.68523774 
 11/02  22:00:00,10767632.687215995 
 11/02  23:00:00,11406003.994538631 
 11/02  24:00:00,11384227.4424927 
 11/03  01:00:00,12227103.226660656 
 11/03  02:00:00,12724151.59705368 
 11/03  03:00:00,12507377.986632476 
 11/03  04:00:00,12495516.444375131 
 11/03  05:00:00,12863737.227703642 
 11/03  06:00:00,13781121.30934466 
 11/03  07:00:00,15075617.874606967 
 11/03  08:00:00,14990366.501907365 
 11/03  09:00:00,13727290.245111126 
 11/03  10:00:00,10404615.213705849 
 11/03  11:00:00,6850121.068730736 
 11/03  12:00:00,5172236.800351382 
 11/03  13:00:00,4169458.695013089 
 11/03  14:00:00,4819731.758436001 
 11/03  15:00:00,4021312.1922580805 
 11/03  16:00:00,4439552.716908042 
 11/03  17:00:00,4885814.7106128335 
 11/03  18:00:00,9153680.094478877 
 11/03  19:00:00,11190150.056379907 
 11/03  20:00:00,12144357.737447647 
 11/03  21:00:00,12816953.516831638 
 11/03  22:00:00,13351561.28164601 
 11/03  23:00:00,13560567.611587614 
 11/03  24:00:00,13684390.57575017 
 11/04  01:00:00,13874740.485120436 
 11/04  02:00:00,14048179.876548987 
 11/04  03:00:00,14187978.27868668 
 11/04  04:00:00,14321835.987430668 
 11/04  05:00:00,14321599.936747145 
 11/04  06:00:00,13496691.258867301 
 11/04  07:00:00,12885234.267138112 
 11/04  08:00:00,12719799.53718407 
 11/04  09:00:00,12164412.803660974 
 11/04  10:00:00,10948915.583802463 
 11/04  11:00:00,9724578.831525961 
 11/04  12:00:00,9183063.646581177 
 11/04  13:00:00,6355709.188636052 
 11/04  14:00:00,6554220.007119231 
 11/04  15:00:00,10551872.843338644 
 11/04  16:00:00,10571321.893872513 
 11/04  17:00:00,10490854.606188973 
 11/04  18:00:00,10436743.041096656 
 11/04  19:00:00,10315272.963475505 
 11/04  20:00:00,9957233.079068871 
 11/04  21:00:00,8998616.08349195 
 11/04  22:00:00,8675139.040708218 
 11/04  23:00:00,8639379.856302949 
 11/04  24:00:00,9049355.424615486 
 11/05  01:00:00,9449000.310840603 
 11/05  02:00:00,9314924.07187061 
 11/05  03:00:00,9295618.647630304 
 11/05  04:00:00,9344452.159949884 
 11/05  05:00:00,9294582.75976577 
 11/05  06:00:00,9300893.074252894 
 11/05  07:00:00,9260415.56283715 
 11/05  08:00:00,9036222.216792693 
 11/05  09:00:00,8522134.76940735 
 11/05  10:00:00,6349427.402892467 
 11/05  11:00:00,4204876.285014613 
 11/05  12:00:00,2768658.5954807876 
 11/05  13:00:00,1267420.0245200628 
 11/05  14:00:00,4379383.9850046085 
 11/05  15:00:00,2427376.4854782796 
 11/05  16:00:00,3005279.7515750686 
 11/05  17:00:00,1379389.2062684328 
 11/05  18:00:00,6459607.1082895715 
 11/05  19:00:00,8587046.341451164 
 11/05  20:00:00,9575530.841875661 
 11/05  21:00:00,10042049.570449298 
 11/05  22:00:00,10117436.434775889 
 11/05  23:00:00,10453956.737062152 
 11/05  24:00:00,10978188.766596153 
 11/06  01:00:00,11499531.983012598 
 11/06  02:00:00,11750102.762041885 
 11/06  03:00:00,11949346.622998001 
 11/06  04:00:00,12329083.147795253 
 11/06  05:00:00,12509278.508464675 
 11/06  06:00:00,12354547.389045388 
 11/06  07:00:00,11751998.078757858 
 11/06  08:00:00,11009343.35280168 
 11/06  09:00:00,10262101.114238717 
 11/06  10:00:00,7706821.52813282 
 11/06  11:00:00,3417789.298079318 
 11/06  12:00:00,154919.2593771928 
 11/06  13:00:00,0.0 
 11/06  14:00:00,0.0 
 11/06  15:00:00,0.0 
 11/06  16:00:00,0.0 
 11/06  17:00:00,0.0 
 11/06  18:00:00,5127245.78500984 
 11/06  19:00:00,7736105.602327293 
 11/06  20:00:00,9233355.488540992 
 11/06  21:00:00,10542955.260122275 
 11/06  22:00:00,11418485.30167813 
 11/06  23:00:00,12362468.268200954 
 11/06  24:00:00,12762669.106215175 
 11/07  01:00:00,13377842.876477424 
 11/07  02:00:00,14301715.31258035 
 11/07  03:00:00,14724759.615903169 
 11/07  04:00:00,14999586.496426089 
 11/07  05:00:00,15343753.746185167 
 11/07  06:00:00,15619386.340595447 
 11/07  07:00:00,15738190.73473972 
 11/07  08:00:00,15562541.457902225 
 11/07  09:00:00,14573712.920252254 
 11/07  10:00:00,10463742.481504152 
 11/07  11:00:00,5485617.253751306 
 11/07  12:00:00,1525433.062109112 
 11/07  13:00:00,23592.747382301604 
 11/07  14:00:00,0.0 
 11/07  15:00:00,0.0 
 11/07  16:00:00,0.0 
 11/07  17:00:00,878901.3930114394 
 11/07  18:00:00,5103289.842113374 
 11/07  19:00:00,8339117.947478649 
 11/07  20:00:00,10663873.699541736 
 11/07  21:00:00,12696736.293514801 
 11/07  22:00:00,14135125.305802487 
 11/07  23:00:00,15269855.031258186 
 11/07  24:00:00,16008416.666423513 
 11/08  01:00:00,16254632.024421334 
 11/08  02:00:00,16964809.126586996 
 11/08  03:00:00,17855915.321884822 
 11/08  04:00:00,18593565.01207197 
 11/08  05:00:00,19286457.212678425 
 11/08  06:00:00,19758496.75560747 
 11/08  07:00:00,19835459.011352226 
 11/08  08:00:00,19920497.684543733 
 11/08  09:00:00,18787915.420761354 
 11/08  10:00:00,13005202.82272713 
 11/08  11:00:00,5528346.040401889 
 11/08  12:00:00,338895.11368067976 
 11/08  13:00:00,0.0 
 11/08  14:00:00,0.0 
 11/08  15:00:00,0.0 
 11/08  16:00:00,0.0 
 11/08  17:00:00,0.0 
 11/08  18:00:00,5655818.277790778 
 11/08  19:00:00,9069696.49095178 
 11/08  20:00:00,10142778.737300536 
 11/08  21:00:00,10305979.185884321 
 11/08  22:00:00,10531944.15759492 
 11/08  23:00:00,11005651.83852885 
 11/08  24:00:00,11069240.59916956 
 11/09  01:00:00,10704021.582931913 
 11/09  02:00:00,10560386.608443994 
 11/09  03:00:00,10392968.382081732 
 11/09  04:00:00,10139940.629541095 
 11/09  05:00:00,9895540.850489171 
 11/09  06:00:00,9720238.390625384 
 11/09  07:00:00,9622939.728745023 
 11/09  08:00:00,9652557.8291871 
 11/09  09:00:00,9981964.072027812 
 11/09  10:00:00,11422536.151752567 
 11/09  11:00:00,11522415.953057475 
 11/09  12:00:00,11504218.404198084 
 11/09  13:00:00,11421543.202921584 
 11/09  14:00:00,11184263.734066976 
 11/09  15:00:00,10953723.304545369 
 11/09  16:00:00,8815648.154430388 
 11/09  17:00:00,6081414.57099748 
 11/09  18:00:00,9872497.3236131 
 11/09  19:00:00,11303058.548341129 
 11/09  20:00:00,11296655.65427069 
 11/09  21:00:00,11100894.246678358 
 11/09  22:00:00,10911828.509194713 
 11/09  23:00:00,10771603.704508703 
 11/09  24:00:00,10449074.385009332 
 11/10  01:00:00,10257955.092286823 
 11/10  02:00:00,10378915.985743478 
 11/10  03:00:00,10793437.667924505 
 11/10  04:00:00,11182444.957472885 
 11/10  05:00:00,11409592.412726486 
 11/10  06:00:00,11641367.674756907 
 11/10  07:00:00,11956917.42350409 
 11/10  08:00:00,11796868.754912589 
 11/10  09:00:00,11874750.209628679 
 11/10  10:00:00,9365081.085083326 
 11/10  11:00:00,4617637.55654676 
 11/10  12:00:00,469994.25905001047 
 11/10  13:00:00,0.0 
 11/10  14:00:00,0.0 
 11/10  15:00:00,0.0 
 11/10  16:00:00,797689.7864297412 
 11/10  17:00:00,1639492.0752028855 
 11/10  18:00:00,7440505.278937893 
 11/10  19:00:00,9827000.141075067 
 11/10  20:00:00,10878996.360598197 
 11/10  21:00:00,11299500.069998689 
 11/10  22:00:00,11480230.011632437 
 11/10  23:00:00,12015366.32994466 
 11/10  24:00:00,12149008.982101493 
 11/11  01:00:00,12260061.230985379 
 11/11  02:00:00,12361032.964124694 
 11/11  03:00:00,12688523.413521422 
 11/11  04:00:00,13513875.4434596 
 11/11  05:00:00,14324429.733522963 
 11/11  06:00:00,14913389.054766465 
 11/11  07:00:00,15501406.07593844 
 11/11  08:00:00,15999374.492428035 
 11/11  09:00:00,15719044.63812055 
 11/11  10:00:00,12028800.3308229 
 11/11  11:00:00,6395433.226953639 
 11/11  12:00:00,1365043.6203243646 
 11/11  13:00:00,0.0 
 11/11  14:00:00,0.0 
 11/11  15:00:00,0.0 
 11/11  16:00:00,0.0 
 11/11  17:00:00,0.0 
 11/11  18:00:00,7405468.303818659 
 11/11  19:00:00,9470212.399389746 
 11/11  20:00:00,11068623.852289295 
 11/11  21:00:00,12165753.378811192 
 11/11  22:00:00,12791854.528787093 
 11/11  23:00:00,13194935.743732989 
 11/11  24:00:00,13817548.368640756 
 11/12  01:00:00,13937958.356851304 
 11/12  02:00:00,13467852.735682767 
 11/12  03:00:00,14229375.201627648 
 11/12  04:00:00,14879221.518535543 
 11/12  05:00:00,14660960.539492002 
 11/12  06:00:00,13960259.883247025 
 11/12  07:00:00,14043946.480113637 
 11/12  08:00:00,14108435.056379031 
 11/12  09:00:00,13703776.104348768 
 11/12  10:00:00,11453742.051826075 
 11/12  11:00:00,7785303.371375123 
 11/12  12:00:00,5034440.706592938 
 11/12  13:00:00,1583186.4088785988 
 11/12  14:00:00,182929.58093124325 
 11/12  15:00:00,0.0 
 11/12  16:00:00,0.0 
 11/12  17:00:00,17501.47169999036 
 11/12  18:00:00,4562250.494444668 
 11/12  19:00:00,5384771.6724931225 
 11/12  20:00:00,6191089.614299773 
 11/12  21:00:00,7067179.6640150165 
 11/12  22:00:00,7065889.983140254 
 11/12  23:00:00,7187549.338405422 
 11/12  24:00:00,7555741.316075221 
 11/13  01:00:00,7884821.741034996 
 11/13  02:00:00,8429247.860476421 
 11/13  03:00:00,8967526.84672406 
 11/13  04:00:00,9034901.444615528 
 11/13  05:00:00,8766307.521659367 
 11/13  06:00:00,8468762.706282033 
 11/13  07:00:00,8452814.96590743 
 11/13  08:00:00,8466059.956491532 
 11/13  09:00:00,8238142.566187726 
 11/13  10:00:00,6812276.854922352 
 11/13  11:00:00,4068888.024444674 
 11/13  12:00:00,2530795.120109459 
 11/13  13:00:00,3340148.766820872 
 11/13  14:00:00,2829737.555076814 
 11/13  15:00:00,1545475.9738569106 
 11/13  16:00:00,1746461.31319401 
 11/13  17:00:00,2879753.3679134687 
 11/13  18:00:00,4882984.040222217 
 11/13  19:00:00,5073690.787933348 
 11/13  20:00:00,5003730.391369428 
 11/13  21:00:00,4852727.061415764 
 11/13  22:00:00,4708208.876221942 
 11/13  23:00:00,4539319.841915923 
 11/13  24:00:00,4332982.978960864 
 11/14  01:00:00,4483335.953252978 
 11/14  02:00:00,5745162.187286566 
 11/14  03:00:00,5479425.977643515 
 11/14  04:00:00,4838163.189028097 
 11/14  05:00:00,4493018.127311569 
 11/14  06:00:00,4619664.820479034 
 11/14  07:00:00,4899138.946794431 
 11/14  08:00:00,5268136.752668124 
 11/14  09:00:00,6279369.388061931 
 11/14  10:00:00,6586893.61280432 
 11/14  11:00:00,6211769.4384477995 
 11/14  12:00:00,3199487.6542034387 
 11/14  13:00:00,1367462.8088243736 
 11/14  14:00:00,1330593.970277247 
 11/14  15:00:00,3186603.303382558 
 11/14  16:00:00,3809581.6121298037 
 11/14  17:00:00,4063502.207457349 
 11/14  18:00:00,4725563.997479207 
 11/14  19:00:00,5845216.306289156 
 11/14  20:00:00,6287583.962460895 
 11/14  21:00:00,6412953.776931161 
 11/14  22:00:00,7572590.272447318 
 11/14  23:00:00,8686652.338193398 
 11/14  24:00:00,9119058.011640487 
 11/15  01:00:00,9700357.990874011 
 11/15  02:00:00,10591137.491291348 
 11/15  03:00:00,11327389.712499205 
 11/15  04:00:00,11940272.704780046 
 11/15  05:00:00,12124264.976873746 
 11/15  06:00:00,12175340.106816288 
 11/15  07:00:00,12514303.17020219 
 11/15  08:00:00,13091184.857522037 
 11/15  09:00:00,13153996.936752023 
 11/15  10:00:00,9921583.99086463 
 11/15  11:00:00,5151550.131513614 
 11/15  12:00:00,2209945.173526902 
 11/15  13:00:00,74897.79950176453 
 11/15  14:00:00,0.0 
 11/15  15:00:00,0.0 
 11/15  16:00:00,0.0 
 11/15  17:00:00,83823.35939797634 
 11/15  18:00:00,7192320.863369303 
 11/15  19:00:00,9037940.438199053 
 11/15  20:00:00,10792155.28112865 
 11/15  21:00:00,11204539.3832589 
 11/15  22:00:00,11378028.178271541 
 11/15  23:00:00,11740618.20066683 
 11/15  24:00:00,13323538.480791166 
 11/16  01:00:00,14142492.641262313 
 11/16  02:00:00,13713954.523426123 
 11/16  03:00:00,13776163.57632925 
 11/16  04:00:00,14360767.82921537 
 11/16  05:00:00,15286761.118634231 
 11/16  06:00:00,15376493.471835379 
 11/16  07:00:00,14939501.709542291 
 11/16  08:00:00,14449186.415543692 
 11/16  09:00:00,13920476.183431465 
 11/16  10:00:00,12689758.418928603 
 11/16  11:00:00,11594557.14281583 
 11/16  12:00:00,8676895.38101022 
 11/16  13:00:00,4403326.46062186 
 11/16  14:00:00,1911267.353498133 
 11/16  15:00:00,10709.619573323289 
 11/16  16:00:00,0.0 
 11/16  17:00:00,304889.11426588305 
 11/16  18:00:00,5838904.886798379 
 11/16  19:00:00,6668845.489612535 
 11/16  20:00:00,6989943.777762206 
 11/16  21:00:00,7413677.989949988 
 11/16  22:00:00,7487491.193230235 
 11/16  23:00:00,7394473.008006691 
 11/16  24:00:00,7550191.250796365 
 11/17  01:00:00,7914126.856372976 
 11/17  02:00:00,8502733.116703993 
 11/17  03:00:00,8954830.298185399 
 11/17  04:00:00,9663212.011319373 
 11/17  05:00:00,10597991.025921421 
 11/17  06:00:00,11956501.517116629 
 11/17  07:00:00,12987280.913580216 
 11/17  08:00:00,13538280.965904243 
 11/17  09:00:00,13746056.314974487 
 11/17  10:00:00,11356730.70011508 
 11/17  11:00:00,5966876.168346288 
 11/17  12:00:00,2868582.8677785844 
 11/17  13:00:00,1231016.9865221812 
 11/17  14:00:00,277058.3291247065 
 11/17  15:00:00,716791.3718499448 
 11/17  16:00:00,938642.6221787159 
 11/17  17:00:00,2947192.1607662197 
 11/17  18:00:00,10340837.529340545 
 11/17  19:00:00,12292017.324317023 
 11/17  20:00:00,13007159.18091058 
 11/17  21:00:00,13457679.93897583 
 11/17  22:00:00,14711462.187554624 
 11/17  23:00:00,15825475.790240683 
 11/17  24:00:00,16192938.760621183 
 11/18  01:00:00,17021051.07630684 
 11/18  02:00:00,18107334.74569301 
 11/18  03:00:00,18438441.1920446 
 11/18  04:00:00,18437286.499783844 
 11/18  05:00:00,18264048.67587836 
 11/18  06:00:00,18307623.622584697 
 11/18  07:00:00,17952446.58626749 
 11/18  08:00:00,17421569.34584885 
 11/18  09:00:00,17078622.934995364 
 11/18  10:00:00,15577045.067973278 
 11/18  11:00:00,13160187.560347676 
 11/18  12:00:00,9642872.840556078 
 11/18  13:00:00,7272274.863893261 
 11/18  14:00:00,6591631.1843481185 
 11/18  15:00:00,6627383.005641973 
 11/18  16:00:00,7166517.938007962 
 11/18  17:00:00,7358711.955796906 
 11/18  18:00:00,10424443.918010313 
 11/18  19:00:00,11274982.338844879 
 11/18  20:00:00,11558346.265726423 
 11/18  21:00:00,11672259.96078045 
 11/18  22:00:00,11982942.65785848 
 11/18  23:00:00,12341294.147216802 
 11/18  24:00:00,12938778.44338455 
 11/19  01:00:00,13157009.332306897 
 11/19  02:00:00,13865143.491149906 
 11/19  03:00:00,14741086.064823316 
 11/19  04:00:00,14774292.551613152 
 11/19  05:00:00,14972518.135563157 
 11/19  06:00:00,15115999.316363249 
 11/19  07:00:00,14573042.146784749 
 11/19  08:00:00,13653290.989940463 
 11/19  09:00:00,12943013.786915235 
 11/19  10:00:00,11567236.283046508 
 11/19  11:00:00,8443940.297514565 
 11/19  12:00:00,5043157.617620511 
 11/19  13:00:00,2678882.7945357133 
 11/19  14:00:00,1906270.997998872 
 11/19  15:00:00,2302744.942518547 
 11/19  16:00:00,1885830.5988093417 
 11/19  17:00:00,2149626.5977849965 
 11/19  18:00:00,5605661.0862648375 
 11/19  19:00:00,7497572.682605581 
 11/19  20:00:00,9335392.916577775 
 11/19  21:00:00,10347704.897994298 
 11/19  22:00:00,11289186.935530534 
 11/19  23:00:00,12284042.410964454 
 11/19  24:00:00,13160911.870831236 
 11/20  01:00:00,13945916.716336217 
 11/20  02:00:00,14640180.052231912 
 11/20  03:00:00,15362540.014347544 
 11/20  04:00:00,16068767.716282759 
 11/20  05:00:00,16362100.149694659 
 11/20  06:00:00,16380014.266022183 
 11/20  07:00:00,16065929.35381331 
 11/20  08:00:00,15879671.248285148 
 11/20  09:00:00,15124547.764269872 
 11/20  10:00:00,12252091.318008818 
 11/20  11:00:00,8009604.936036454 
 11/20  12:00:00,4533719.759229505 
 11/20  13:00:00,2697344.0191972633 
 11/20  14:00:00,1995003.9474896365 
 11/20  15:00:00,2255269.1255534613 
 11/20  16:00:00,1304204.468728916 
 11/20  17:00:00,2391981.170708229 
 11/20  18:00:00,8368748.841865055 
 11/20  19:00:00,9361911.632535087 
 11/20  20:00:00,10205320.813861713 
 11/20  21:00:00,11422967.30439687 
 11/20  22:00:00,12615855.389089447 
 11/20  23:00:00,13499537.590435157 
 11/20  24:00:00,13771136.840966918 
 11/21  01:00:00,14214138.862977587 
 11/21  02:00:00,14977682.044188086 
 11/21  03:00:00,15133448.978374064 
 11/21  04:00:00,14662728.25154689 
 11/21  05:00:00,13881660.396223288 
 11/21  06:00:00,13392459.865450406 
 11/21  07:00:00,13299284.241306242 
 11/21  08:00:00,13315283.372345826 
 11/21  09:00:00,13072968.676180584 
 11/21  10:00:00,12297255.18280488 
 11/21  11:00:00,11284730.130965665 
 11/21  12:00:00,9804072.623897674 
 11/21  13:00:00,8040209.268222934 
 11/21  14:00:00,6185085.701246006 
 11/21  15:00:00,4268682.382148612 
 11/21  16:00:00,3132461.920555403 
 11/21  17:00:00,5510675.026243776 
 11/21  18:00:00,11295576.906268371 
 11/21  19:00:00,12198990.23947785 
 11/21  20:00:00,12925388.037096007 
 11/21  21:00:00,13340837.722772114 
 11/21  22:00:00,13553011.777052522 
 11/21  23:00:00,13609479.756492233 
 11/21  24:00:00,13563085.755543895 
 11/22  01:00:00,13671557.07113009 
 11/22  02:00:00,13854215.389446195 
 11/22  03:00:00,13942436.467829645 
 11/22  04:00:00,13996526.632802583 
 11/22  05:00:00,13989758.187293056 
 11/22  06:00:00,14060501.788513571 
 11/22  07:00:00,14202591.109787533 
 11/22  08:00:00,14314361.802083347 
 11/22  09:00:00,14134666.254238943 
 11/22  10:00:00,12370767.04389718 
 11/22  11:00:00,8843470.028175546 
 11/22  12:00:00,6203464.822293955 
 11/22  13:00:00,5127262.036000677 
 11/22  14:00:00,4150556.9666685928 
 11/22  15:00:00,5099979.984947456 
 11/22  16:00:00,4502143.82775182 
 11/22  17:00:00,7406302.235073948 
 11/22  18:00:00,13642720.206985738 
 11/22  19:00:00,15193451.813102674 
 11/22  20:00:00,16384036.336589059 
 11/22  21:00:00,17111877.93343675 
 11/22  22:00:00,17656473.570132297 
 11/22  23:00:00,18534123.078921128 
 11/22  24:00:00,19386072.88549534 
 11/23  01:00:00,19380735.850071285 
 11/23  02:00:00,19047123.261657342 
 11/23  03:00:00,19338921.908755768 
 11/23  04:00:00,19855601.208548218 
 11/23  05:00:00,20210148.46641157 
 11/23  06:00:00,20875443.65468879 
 11/23  07:00:00,21667759.763840787 
 11/23  08:00:00,21895320.13248986 
 11/23  09:00:00,21786943.756410033 
 11/23  10:00:00,18899870.205041874 
 11/23  11:00:00,12177605.316659264 
 11/23  12:00:00,6804759.053972291 
 11/23  13:00:00,3166710.840926541 
 11/23  14:00:00,2002624.7746043387 
 11/23  15:00:00,2082007.55662489 
 11/23  16:00:00,2653549.59812894 
 11/23  17:00:00,6902880.739778202 
 11/23  18:00:00,14073326.21196462 
 11/23  19:00:00,14972379.067038057 
 11/23  20:00:00,15118328.90696984 
 11/23  21:00:00,14905307.280188758 
 11/23  22:00:00,15198481.02524836 
 11/23  23:00:00,15549012.954495138 
 11/23  24:00:00,15165300.688061798 
 11/24  01:00:00,14788999.18186649 
 11/24  02:00:00,14837716.601912294 
 11/24  03:00:00,14860789.632207341 
 11/24  04:00:00,14889831.457584063 
 11/24  05:00:00,14978418.568994192 
 11/24  06:00:00,14920686.621798705 
 11/24  07:00:00,14800626.153442435 
 11/24  08:00:00,14721743.469702378 
 11/24  09:00:00,14492347.166425277 
 11/24  10:00:00,13520294.121400502 
 11/24  11:00:00,12157050.067003336 
 11/24  12:00:00,10672787.741274204 
 11/24  13:00:00,10023256.48510534 
 11/24  14:00:00,9603588.472951299 
 11/24  15:00:00,9603065.691787774 
 11/24  16:00:00,9489381.420405578 
 11/24  17:00:00,9640991.241155721 
 11/24  18:00:00,10875786.127508063 
 11/24  19:00:00,11529961.233588984 
 11/24  20:00:00,12055489.012404628 
 11/24  21:00:00,12890724.660861457 
 11/24  22:00:00,13959470.559375158 
 11/24  23:00:00,15105308.981702842 
 11/24  24:00:00,16090973.517693706 
 11/25  01:00:00,16760358.410050904 
 11/25  02:00:00,17417334.397765134 
 11/25  03:00:00,18024849.313166067 
 11/25  04:00:00,18537882.170953244 
 11/25  05:00:00,18799966.416543577 
 11/25  06:00:00,18838758.911113977 
 11/25  07:00:00,18992775.97840538 
 11/25  08:00:00,19493871.618109696 
 11/25  09:00:00,19809444.528658688 
 11/25  10:00:00,17543655.47366344 
 11/25  11:00:00,12744566.413719846 
 11/25  12:00:00,11561181.172457581 
 11/25  13:00:00,10054371.398930332 
 11/25  14:00:00,8586732.18011422 
 11/25  15:00:00,8194622.220764342 
 11/25  16:00:00,7252507.587951177 
 11/25  17:00:00,9786207.616048835 
 11/25  18:00:00,16140279.326106222 
 11/25  19:00:00,17159120.951662473 
 11/25  20:00:00,17871967.867334228 
 11/25  21:00:00,18546552.62739051 
 11/25  22:00:00,19437659.979221176 
 11/25  23:00:00,20091181.754206706 
 11/25  24:00:00,20240382.518694047 
 11/26  01:00:00,20417576.602045402 
 11/26  02:00:00,20861872.75062848 
 11/26  03:00:00,21138719.10286002 
 11/26  04:00:00,21073883.633955415 
 11/26  05:00:00,21312574.264360387 
 11/26  06:00:00,21746406.325791754 
 11/26  07:00:00,22192176.17367273 
 11/26  08:00:00,22662144.43259028 
 11/26  09:00:00,22671963.401337843 
 11/26  10:00:00,20261055.562811393 
 11/26  11:00:00,14355586.544906266 
 11/26  12:00:00,9792208.205917375 
 11/26  13:00:00,6123468.952503724 
 11/26  14:00:00,3811165.512819074 
 11/26  15:00:00,3041549.8342152126 
 11/26  16:00:00,3631594.874073565 
 11/26  17:00:00,7690019.451716468 
 11/26  18:00:00,15850592.618676884 
 11/26  19:00:00,18129163.27811019 
 11/26  20:00:00,19429443.83059452 
 11/26  21:00:00,20434931.88845526 
 11/26  22:00:00,20741440.88647325 
 11/26  23:00:00,20354967.087025754 
 11/26  24:00:00,20541077.77699376 
 11/27  01:00:00,20948801.797704723 
 11/27  02:00:00,21065385.80344426 
 11/27  03:00:00,21291713.162676368 
 11/27  04:00:00,21515014.82959882 
 11/27  05:00:00,21472172.665389672 
 11/27  06:00:00,21474546.210718527 
 11/27  07:00:00,21354016.35611401 
 11/27  08:00:00,20942401.516288493 
 11/27  09:00:00,20441335.774278235 
 11/27  10:00:00,19024374.011713643 
 11/27  11:00:00,16748848.40646941 
 11/27  12:00:00,14060324.16425499 
 11/27  13:00:00,12793443.45283358 
 11/27  14:00:00,12296749.790193653 
 11/27  15:00:00,11804006.800771309 
 11/27  16:00:00,13079774.53898916 
 11/27  17:00:00,13781690.227695711 
 11/27  18:00:00,14893726.167993307 
 11/27  19:00:00,16333376.34668632 
 11/27  20:00:00,16929816.885224767 
 11/27  21:00:00,17205862.820675854 
 11/27  22:00:00,16213938.28692238 
 11/27  23:00:00,15892698.928749157 
 11/27  24:00:00,16528084.490812233 
 11/28  01:00:00,16374685.90851169 
 11/28  02:00:00,15723967.595422592 
 11/28  03:00:00,15731268.04971715 
 11/28  04:00:00,15610142.705507092 
 11/28  05:00:00,14950034.08374495 
 11/28  06:00:00,14448524.825895425 
 11/28  07:00:00,14175625.56161859 
 11/28  08:00:00,14472283.034770675 
 11/28  09:00:00,14833041.554014139 
 11/28  10:00:00,13974214.051128594 
 11/28  11:00:00,12317858.743370254 
 11/28  12:00:00,10577035.959398 
 11/28  13:00:00,9433605.307176767 
 11/28  14:00:00,8351934.11575624 
 11/28  15:00:00,9071046.913603198 
 11/28  16:00:00,8327127.698250286 
 11/28  17:00:00,10442712.761224808 
 11/28  18:00:00,15740252.45607835 
 11/28  19:00:00,16662337.38474118 
 11/28  20:00:00,17518955.975398183 
 11/28  21:00:00,18215387.0997565 
 11/28  22:00:00,18585631.72971894 
 11/28  23:00:00,19078120.36537987 
 11/28  24:00:00,19500222.494014118 
 11/29  01:00:00,19973563.931084294 
 11/29  02:00:00,20539685.374746528 
 11/29  03:00:00,21065877.09447198 
 11/29  04:00:00,21594381.08927081 
 11/29  05:00:00,22296722.738091387 
 11/29  06:00:00,22958522.220468186 
 11/29  07:00:00,23403197.218180917 
 11/29  08:00:00,23834901.32981065 
 11/29  09:00:00,23365619.099572122 
 11/29  10:00:00,20261876.232234064 
 11/29  11:00:00,13923399.890648078 
 11/29  12:00:00,8312673.984127248 
 11/29  13:00:00,3610243.0893170238 
 11/29  14:00:00,1068427.6595170961 
 11/29  15:00:00,1185892.9974011546 
 11/29  16:00:00,1851954.3488559213 
 11/29  17:00:00,6379629.285009978 
 11/29  18:00:00,14391645.713692622 
 11/29  19:00:00,15866549.0551233 
 11/29  20:00:00,16534167.922771392 
 11/29  21:00:00,16877936.33775828 
 11/29  22:00:00,16981978.284514323 
 11/29  23:00:00,16650198.747629004 
 11/29  24:00:00,16133280.278817253 
 11/30  01:00:00,15962325.825647082 
 11/30  02:00:00,16797418.988448955 
 11/30  03:00:00,17614930.43690668 
 11/30  04:00:00,17710393.08947773 
 11/30  05:00:00,17020932.192394868 
 11/30  06:00:00,16574646.17425035 
 11/30  07:00:00,17313389.173708696 
 11/30  08:00:00,16793814.631568056 
 11/30  09:00:00,16024063.468905054 
 11/30  10:00:00,14921665.103783349 
 11/30  11:00:00,13270574.676669318 
 11/30  12:00:00,11106883.836571762 
 11/30  13:00:00,9922212.808795435 
 11/30  14:00:00,9284420.104859482 
 11/30  15:00:00,8731162.298453372 
 11/30  16:00:00,8838707.329569485 
 11/30  17:00:00,9254992.173430339 
 11/30  18:00:00,10040534.188411055 
 11/30  19:00:00,10184930.480375264 
 11/30  20:00:00,10452035.025982743 
 11/30  21:00:00,10727667.234725442 
 11/30  22:00:00,10962577.529406851 
 11/30  23:00:00,11399138.409672743 
 11/30  24:00:00,11609877.530751336 
 12/01  01:00:00,11713025.026142875 
 12/01  02:00:00,11874884.515664598 
 12/01  03:00:00,12262709.00290451 
 12/01  04:00:00,12684430.524645733 
 12/01  05:00:00,13021643.65128492 
 12/01  06:00:00,13345880.54939 
 12/01  07:00:00,13655964.47431204 
 12/01  08:00:00,13931670.198747426 
 12/01  09:00:00,14132513.865882676 
 12/01  10:00:00,13558856.927417593 
 12/01  11:00:00,12584148.708117763 
 12/01  12:00:00,12175529.855406176 
 12/01  13:00:00,14328596.349505665 
 12/01  14:00:00,14672919.694586925 
 12/01  15:00:00,15190030.869002178 
 12/01  16:00:00,15765101.127934368 
 12/01  17:00:00,16175110.66200519 
 12/01  18:00:00,16529583.557400696 
 12/01  19:00:00,16954577.67858375 
 12/01  20:00:00,17418893.87137308 
 12/01  21:00:00,17264876.27601225 
 12/01  22:00:00,16892852.307880435 
 12/01  23:00:00,16901191.749382675 
 12/01  24:00:00,16880681.24661615 
 12/02  01:00:00,16846999.59446508 
 12/02  02:00:00,16922890.40887717 
 12/02  03:00:00,17180010.789569493 
 12/02  04:00:00,17496885.510030087 
 12/02  05:00:00,18018244.681454223 
 12/02  06:00:00,18512020.968360346 
 12/02  07:00:00,18869276.63058386 
 12/02  08:00:00,19040522.994755194 
 12/02  09:00:00,19225083.067746703 
 12/02  10:00:00,19187048.51398959 
 12/02  11:00:00,18481894.434065115 
 12/02  12:00:00,17898133.046215393 
 12/02  13:00:00,16670361.828556431 
 12/02  14:00:00,15075358.628968682 
 12/02  15:00:00,15824047.910368016 
 12/02  16:00:00,15751827.141620222 
 12/02  17:00:00,17086572.7397795 
 12/02  18:00:00,20602108.435351394 
 12/02  19:00:00,21176090.774087325 
 12/02  20:00:00,21698525.569936123 
 12/02  21:00:00,21796663.88093145 
 12/02  22:00:00,22101005.26256514 
 12/02  23:00:00,22690705.067216903 
 12/02  24:00:00,23266741.137822255 
 12/03  01:00:00,23613110.365519103 
 12/03  02:00:00,23732548.218565196 
 12/03  03:00:00,24419403.842312448 
 12/03  04:00:00,25572954.946713913 
 12/03  05:00:00,26465929.934056085 
 12/03  06:00:00,27047482.517512348 
 12/03  07:00:00,27646480.29360526 
 12/03  08:00:00,28419597.172692947 
 12/03  09:00:00,28702442.36021003 
 12/03  10:00:00,24973061.582418464 
 12/03  11:00:00,15535815.525797483 
 12/03  12:00:00,8717412.18861507 
 12/03  13:00:00,4971829.753011223 
 12/03  14:00:00,3574580.4190922044 
 12/03  15:00:00,4105452.809811944 
 12/03  16:00:00,5254655.469301776 
 12/03  17:00:00,10733012.672374086 
 12/03  18:00:00,19855383.02050288 
 12/03  19:00:00,20153137.23586192 
 12/03  20:00:00,22395048.742593773 
 12/03  21:00:00,24740863.89895895 
 12/03  22:00:00,23984923.821849026 
 12/03  23:00:00,23168363.989668746 
 12/03  24:00:00,22991723.454732675 
 12/04  01:00:00,22602337.210759543 
 12/04  02:00:00,22195552.001777697 
 12/04  03:00:00,21662743.587926507 
 12/04  04:00:00,20558020.020163465 
 12/04  05:00:00,19238492.643789604 
 12/04  06:00:00,18121515.447059214 
 12/04  07:00:00,17270328.350367174 
 12/04  08:00:00,16522565.12622166 
 12/04  09:00:00,15916214.364538493 
 12/04  10:00:00,15001861.839924421 
 12/04  11:00:00,13242960.323864797 
 12/04  12:00:00,10635453.758959573 
 12/04  13:00:00,10413028.756894454 
 12/04  14:00:00,10247345.808630493 
 12/04  15:00:00,9018978.88673127 
 12/04  16:00:00,8626640.242410276 
 12/04  17:00:00,9259650.006519053 
 12/04  18:00:00,12599159.6669125 
 12/04  19:00:00,12424177.534915054 
 12/04  20:00:00,12164226.291145638 
 12/04  21:00:00,12248758.993166178 
 12/04  22:00:00,12668125.013924351 
 12/04  23:00:00,13216348.389840044 
 12/04  24:00:00,13715093.015132764 
 12/05  01:00:00,13372979.301974643 
 12/05  02:00:00,13440446.847823769 
 12/05  03:00:00,13930345.291721988 
 12/05  04:00:00,14202553.511304416 
 12/05  05:00:00,14709892.432782391 
 12/05  06:00:00,15425036.61524998 
 12/05  07:00:00,16093340.969885204 
 12/05  08:00:00,16887997.06554631 
 12/05  09:00:00,17646973.57940996 
 12/05  10:00:00,15999222.00463662 
 12/05  11:00:00,9530533.531784832 
 12/05  12:00:00,3656033.4005625537 
 12/05  13:00:00,2152025.562214832 
 12/05  14:00:00,2233966.6997799776 
 12/05  15:00:00,3001855.578985707 
 12/05  16:00:00,3478193.9109979193 
 12/05  17:00:00,5634064.76045743 
 12/05  18:00:00,13391456.07216973 
 12/05  19:00:00,15672511.510494437 
 12/05  20:00:00,17099315.308283415 
 12/05  21:00:00,17824542.850780237 
 12/05  22:00:00,18671350.807333913 
 12/05  23:00:00,19309657.298512265 
 12/05  24:00:00,19179031.361322336 
 12/06  01:00:00,18882880.899904165 
 12/06  02:00:00,18954048.24390158 
 12/06  03:00:00,19102260.44624293 
 12/06  04:00:00,19679478.403931778 
 12/06  05:00:00,20504824.935394924 
 12/06  06:00:00,20821928.725751672 
 12/06  07:00:00,20657831.047251884 
 12/06  08:00:00,20205006.553073894 
 12/06  09:00:00,19539896.884040985 
 12/06  10:00:00,18230555.763675187 
 12/06  11:00:00,15912264.073572911 
 12/06  12:00:00,12936223.052319555 
 12/06  13:00:00,11371657.733317807 
 12/06  14:00:00,10656278.999201613 
 12/06  15:00:00,9943884.178886138 
 12/06  16:00:00,9453249.705348318 
 12/06  17:00:00,10478924.083998417 
 12/06  18:00:00,15613136.227368383 
 12/06  19:00:00,16398029.827936845 
 12/06  20:00:00,16851929.057596926 
 12/06  21:00:00,17540559.123731285 
 12/06  22:00:00,18177907.224070027 
 12/06  23:00:00,19209768.9044269 
 12/06  24:00:00,19729360.76584958 
 12/07  01:00:00,20050328.279895663 
 12/07  02:00:00,20458215.20191852 
 12/07  03:00:00,20553038.051717333 
 12/07  04:00:00,21035218.020174317 
 12/07  05:00:00,20785497.503549222 
 12/07  06:00:00,20181288.487278618 
 12/07  07:00:00,19883917.5522073 
 12/07  08:00:00,19995979.216191296 
 12/07  09:00:00,20113212.326921403 
 12/07  10:00:00,18810786.75941547 
 12/07  11:00:00,15267775.929501008 
 12/07  12:00:00,11377965.509765463 
 12/07  13:00:00,9191054.78700525 
 12/07  14:00:00,8457231.4394095 
 12/07  15:00:00,8162331.533397101 
 12/07  16:00:00,8312561.379933366 
 12/07  17:00:00,11046223.534961836 
 12/07  18:00:00,15158245.154648043 
 12/07  19:00:00,15261129.664522037 
 12/07  20:00:00,15097522.81864106 
 12/07  21:00:00,14785424.024115302 
 12/07  22:00:00,14484478.594316952 
 12/07  23:00:00,14009166.964592911 
 12/07  24:00:00,13239157.114863385 
 12/08  01:00:00,12804669.77735537 
 12/08  02:00:00,13600016.980027441 
 12/08  03:00:00,14861697.24844217 
 12/08  04:00:00,14743283.229654143 
 12/08  05:00:00,14715687.73556149 
 12/08  06:00:00,14789579.64345996 
 12/08  07:00:00,14941002.614614215 
 12/08  08:00:00,14468864.87159104 
 12/08  09:00:00,14658337.377437305 
 12/08  10:00:00,14983232.645073123 
 12/08  11:00:00,14531107.798864294 
 12/08  12:00:00,12410573.141319554 
 12/08  13:00:00,11650978.913616695 
 12/08  14:00:00,10769292.72455899 
 12/08  15:00:00,11048800.70266578 
 12/08  16:00:00,11065559.499079812 
 12/08  17:00:00,11222234.027933434 
 12/08  18:00:00,12874041.743522054 
 12/08  19:00:00,13116476.610301543 
 12/08  20:00:00,13782423.365920724 
 12/08  21:00:00,14589683.461457731 
 12/08  22:00:00,14768516.950556485 
 12/08  23:00:00,14575615.834011568 
 12/08  24:00:00,14236619.967988996 
 12/09  01:00:00,14461161.7183936 
 12/09  02:00:00,14829487.7480156 
 12/09  03:00:00,15290275.15236652 
 12/09  04:00:00,15034956.66193896 
 12/09  05:00:00,15450930.564196952 
 12/09  06:00:00,16376312.765797842 
 12/09  07:00:00,17318264.26660916 
 12/09  08:00:00,17371632.79098082 
 12/09  09:00:00,16589625.479949461 
 12/09  10:00:00,15447423.14257976 
 12/09  11:00:00,13523391.383288736 
 12/09  12:00:00,11418906.152129028 
 12/09  13:00:00,9950603.692956656 
 12/09  14:00:00,10972882.016141947 
 12/09  15:00:00,12031667.744064279 
 12/09  16:00:00,13393014.366514228 
 12/09  17:00:00,13255114.53010367 
 12/09  18:00:00,12479744.096602991 
 12/09  19:00:00,12456726.172265448 
 12/09  20:00:00,12621725.040619874 
 12/09  21:00:00,12385767.738429405 
 12/09  22:00:00,12319454.687143685 
 12/09  23:00:00,12334114.817071654 
 12/09  24:00:00,12791655.250062332 
 12/10  01:00:00,12969333.173068002 
 12/10  02:00:00,13213784.43563763 
 12/10  03:00:00,13678396.951390173 
 12/10  04:00:00,14112292.946298469 
 12/10  05:00:00,14842334.22121165 
 12/10  06:00:00,15857473.56136486 
 12/10  07:00:00,16409370.194340603 
 12/10  08:00:00,16630868.250353811 
 12/10  09:00:00,16933315.67843226 
 12/10  10:00:00,15373234.252868677 
 12/10  11:00:00,8656168.232458014 
 12/10  12:00:00,2815288.98072643 
 12/10  13:00:00,98291.48461856239 
 12/10  14:00:00,0.0 
 12/10  15:00:00,0.0 
 12/10  16:00:00,0.0 
 12/10  17:00:00,2753885.317538355 
 12/10  18:00:00,7440225.224285739 
 12/10  19:00:00,8123170.119817856 
 12/10  20:00:00,8520476.005313657 
 12/10  21:00:00,9203474.07223652 
 12/10  22:00:00,10095598.59685175 
 12/10  23:00:00,10597605.741763962 
 12/10  24:00:00,10752765.144217202 
 12/11  01:00:00,10779083.311151126 
 12/11  02:00:00,10536663.522307284 
 12/11  03:00:00,10285015.297564033 
 12/11  04:00:00,10199336.072308976 
 12/11  05:00:00,10184093.198765215 
 12/11  06:00:00,10485686.738286667 
 12/11  07:00:00,11058018.616170052 
 12/11  08:00:00,10959234.578455279 
 12/11  09:00:00,10578299.072012888 
 12/11  10:00:00,9153248.405099172 
 12/11  11:00:00,7755101.262429997 
 12/11  12:00:00,6811969.513346292 
 12/11  13:00:00,5224212.382100589 
 12/11  14:00:00,3471090.346236019 
 12/11  15:00:00,1713231.9357761047 
 12/11  16:00:00,2700606.121843797 
 12/11  17:00:00,3845137.800731754 
 12/11  18:00:00,6160963.2356188055 
 12/11  19:00:00,6746274.245526258 
 12/11  20:00:00,7187089.939346953 
 12/11  21:00:00,7442336.568917862 
 12/11  22:00:00,7497640.943069268 
 12/11  23:00:00,7585758.563926292 
 12/11  24:00:00,7828435.836045765 
 12/12  01:00:00,8090206.756267354 
 12/12  02:00:00,8363044.133195048 
 12/12  03:00:00,8634202.233762167 
 12/12  04:00:00,8813393.994714258 
 12/12  05:00:00,8847965.087031933 
 12/12  06:00:00,9119906.553698381 
 12/12  07:00:00,9437225.047945738 
 12/12  08:00:00,9337600.806476064 
 12/12  09:00:00,9191431.373409959 
 12/12  10:00:00,8365921.259392973 
 12/12  11:00:00,6910617.855265556 
 12/12  12:00:00,5692077.866517652 
 12/12  13:00:00,4884400.704039874 
 12/12  14:00:00,5226791.504938808 
 12/12  15:00:00,5784707.105107216 
 12/12  16:00:00,8029962.722089082 
 12/12  17:00:00,8379539.6140534105 
 12/12  18:00:00,8795549.781841038 
 12/12  19:00:00,9096468.243925085 
 12/12  20:00:00,9282500.855357911 
 12/12  21:00:00,9055189.666603256 
 12/12  22:00:00,9096349.580684023 
 12/12  23:00:00,9217865.161273181 
 12/12  24:00:00,9244430.467912136 
 12/13  01:00:00,9282405.345009651 
 12/13  02:00:00,9447301.270612217 
 12/13  03:00:00,9601943.542116478 
 12/13  04:00:00,9667860.184345802 
 12/13  05:00:00,10037754.808526792 
 12/13  06:00:00,10731486.9221315 
 12/13  07:00:00,10660189.407685608 
 12/13  08:00:00,10418049.611135306 
 12/13  09:00:00,10530997.982679002 
 12/13  10:00:00,10595341.871178135 
 12/13  11:00:00,6963563.191509208 
 12/13  12:00:00,2290545.0372313275 
 12/13  13:00:00,1341431.872983862 
 12/13  14:00:00,284162.36675111577 
 12/13  15:00:00,0.0 
 12/13  16:00:00,4140553.154748451 
 12/13  17:00:00,4890761.958373379 
 12/13  18:00:00,8655308.924506323 
 12/13  19:00:00,11007022.274435662 
 12/13  20:00:00,11985436.5317011 
 12/13  21:00:00,12686602.093416478 
 12/13  22:00:00,13259308.07045866 
 12/13  23:00:00,12941913.73190915 
 12/13  24:00:00,13337610.464726824 
 12/14  01:00:00,13918457.534040773 
 12/14  02:00:00,13998865.107137289 
 12/14  03:00:00,13996324.983228233 
 12/14  04:00:00,14006618.30078341 
 12/14  05:00:00,14014174.418260038 
 12/14  06:00:00,13861005.608570646 
 12/14  07:00:00,13761963.108416565 
 12/14  08:00:00,13829822.750082893 
 12/14  09:00:00,13869377.907622093 
 12/14  10:00:00,13613719.725323545 
 12/14  11:00:00,12453301.036759146 
 12/14  12:00:00,11395543.12062247 
 12/14  13:00:00,11538752.391730739 
 12/14  14:00:00,10961018.415121648 
 12/14  15:00:00,10336675.476905536 
 12/14  16:00:00,10661983.289805 
 12/14  17:00:00,11456007.571819961 
 12/14  18:00:00,12842196.561275031 
 12/14  19:00:00,12905152.645131987 
 12/14  20:00:00,13096497.436951714 
 12/14  21:00:00,13505870.8319623 
 12/14  22:00:00,13918587.706444595 
 12/14  23:00:00,14167955.448541781 
 12/14  24:00:00,14371441.129938086 
 12/15  01:00:00,14515653.75268102 
 12/15  02:00:00,14588424.629461074 
 12/15  03:00:00,14674461.605772663 
 12/15  04:00:00,14795384.24744603 
 12/15  05:00:00,15131156.795097852 
 12/15  06:00:00,15596705.7542773 
 12/15  07:00:00,16308032.58392099 
 12/15  08:00:00,17100029.713860154 
 12/15  09:00:00,17745451.661861554 
 12/15  10:00:00,16905191.709337033 
 12/15  11:00:00,12039040.94134079 
 12/15  12:00:00,6864537.529092703 
 12/15  13:00:00,4078075.15190893 
 12/15  14:00:00,2445158.6602805518 
 12/15  15:00:00,2256360.253666403 
 12/15  16:00:00,2835239.8528264128 
 12/15  17:00:00,7496891.943150661 
 12/15  18:00:00,12969674.106402496 
 12/15  19:00:00,13915969.19127038 
 12/15  20:00:00,14439588.772295002 
 12/15  21:00:00,14710083.930536376 
 12/15  22:00:00,15018371.62191812 
 12/15  23:00:00,15382912.818700856 
 12/15  24:00:00,15971620.617143907 
 12/16  01:00:00,16532263.385529283 
 12/16  02:00:00,17046646.2946708 
 12/16  03:00:00,17494051.69027565 
 12/16  04:00:00,17697570.60937864 
 12/16  05:00:00,17909131.61680376 
 12/16  06:00:00,18203456.017085128 
 12/16  07:00:00,18378451.82319118 
 12/16  08:00:00,18376135.564804267 
 12/16  09:00:00,18366281.78275245 
 12/16  10:00:00,17160278.50446692 
 12/16  11:00:00,11631128.536924535 
 12/16  12:00:00,6135746.8114124965 
 12/16  13:00:00,3210396.8694959725 
 12/16  14:00:00,1940040.0248274296 
 12/16  15:00:00,2501043.0358075094 
 12/16  16:00:00,3702327.5503610065 
 12/16  17:00:00,8308922.568730522 
 12/16  18:00:00,15652076.402908303 
 12/16  19:00:00,16904354.152529243 
 12/16  20:00:00,17799914.88240332 
 12/16  21:00:00,18486428.735372975 
 12/16  22:00:00,18829058.516929846 
 12/16  23:00:00,18992034.34977127 
 12/16  24:00:00,18996578.1959307 
 12/17  01:00:00,19509472.784474187 
 12/17  02:00:00,20162929.783422567 
 12/17  03:00:00,20389488.529832274 
 12/17  04:00:00,20091713.078000035 
 12/17  05:00:00,20040029.25507801 
 12/17  06:00:00,20490958.77172289 
 12/17  07:00:00,21008536.891393255 
 12/17  08:00:00,21271651.148985278 
 12/17  09:00:00,21245028.46413846 
 12/17  10:00:00,20021386.128349427 
 12/17  11:00:00,15938747.694866508 
 12/17  12:00:00,10343942.88826723 
 12/17  13:00:00,6689520.095725286 
 12/17  14:00:00,4707499.847015411 
 12/17  15:00:00,3437549.0584120336 
 12/17  16:00:00,3573479.484625977 
 12/17  17:00:00,7730225.883788507 
 12/17  18:00:00,16177470.788951714 
 12/17  19:00:00,17996913.8436171 
 12/17  20:00:00,19269908.406313784 
 12/17  21:00:00,20306813.12513132 
 12/17  22:00:00,21473173.25920385 
 12/17  23:00:00,22406698.1745447 
 12/17  24:00:00,22351874.523029573 
 12/18  01:00:00,22287945.713727266 
 12/18  02:00:00,22617343.278956164 
 12/18  03:00:00,22860645.176022813 
 12/18  04:00:00,22943918.92997854 
 12/18  05:00:00,23419656.15645154 
 12/18  06:00:00,24014387.85373708 
 12/18  07:00:00,24290302.645628855 
 12/18  08:00:00,24579811.185489397 
 12/18  09:00:00,24652082.109776266 
 12/18  10:00:00,22637298.52557897 
 12/18  11:00:00,15521543.498536598 
 12/18  12:00:00,9274910.250924617 
 12/18  13:00:00,4481832.35569361 
 12/18  14:00:00,1909342.982076471 
 12/18  15:00:00,1306306.2118107125 
 12/18  16:00:00,1424863.661066664 
 12/18  17:00:00,6237826.904707591 
 12/18  18:00:00,15220633.740192719 
 12/18  19:00:00,17243585.06338549 
 12/18  20:00:00,19021601.27689665 
 12/18  21:00:00,20501694.866514042 
 12/18  22:00:00,21493988.050298646 
 12/18  23:00:00,22359542.321809914 
 12/18  24:00:00,22886323.036281507 
 12/19  01:00:00,23358878.941899825 
 12/19  02:00:00,23473195.799631953 
 12/19  03:00:00,23305794.915332526 
 12/19  04:00:00,23522951.29537187 
 12/19  05:00:00,22935873.62818358 
 12/19  06:00:00,23335203.565962337 
 12/19  07:00:00,24370358.908198304 
 12/19  08:00:00,24665142.143054623 
 12/19  09:00:00,24146776.32325335 
 12/19  10:00:00,21745285.532832418 
 12/19  11:00:00,16342472.774475973 
 12/19  12:00:00,10856725.108101824 
 12/19  13:00:00,7790006.508713901 
 12/19  14:00:00,4216045.31036049 
 12/19  15:00:00,4170429.6816109004 
 12/19  16:00:00,5112934.471639492 
 12/19  17:00:00,10038415.790434105 
 12/19  18:00:00,19095689.449983895 
 12/19  19:00:00,20662914.982133724 
 12/19  20:00:00,20637132.24444216 
 12/19  21:00:00,21210101.87070523 
 12/19  22:00:00,21597594.5453815 
 12/19  23:00:00,20763172.151470944 
 12/19  24:00:00,20367900.12182205 
 12/20  01:00:00,20566125.95166287 
 12/20  02:00:00,20457726.723111175 
 12/20  03:00:00,19541844.982525248 
 12/20  04:00:00,18783089.434432358 
 12/20  05:00:00,18523570.696651235 
 12/20  06:00:00,18351260.53438127 
 12/20  07:00:00,18934998.68447626 
 12/20  08:00:00,18789538.030174576 
 12/20  09:00:00,17684553.700229548 
 12/20  10:00:00,17027717.079933673 
 12/20  11:00:00,15862750.746442458 
 12/20  12:00:00,14074169.724914752 
 12/20  13:00:00,12001681.600346588 
 12/20  14:00:00,11324523.148404744 
 12/20  15:00:00,10721507.022690944 
 12/20  16:00:00,11500061.715022916 
 12/20  17:00:00,11568323.985055277 
 12/20  18:00:00,15328962.816768257 
 12/20  19:00:00,16129277.892476693 
 12/20  20:00:00,16731106.248483445 
 12/20  21:00:00,17296242.3749916 
 12/20  22:00:00,17943929.01137737 
 12/20  23:00:00,18215012.819060594 
 12/20  24:00:00,17891201.242351335 
 12/21  01:00:00,17367795.014733385 
 12/21  02:00:00,17029722.654848695 
 12/21  03:00:00,16946074.52355025 
 12/21  04:00:00,17193145.728278432 
 12/21  05:00:00,17337486.640157875 
 12/21  06:00:00,17248665.404136542 
 12/21  07:00:00,17104180.117480624 
 12/21  08:00:00,16766892.783211976 
 12/21  09:00:00,16422000.443905827 
 12/21  10:00:00,15935323.858640015 
 12/21  11:00:00,14804272.4312885 
 12/21  12:00:00,13590256.286786187 
 12/21  13:00:00,13029101.765055599 
 12/21  14:00:00,12647680.066447737 
 12/21  15:00:00,12446258.217525873 
 12/21  16:00:00,12164133.74911727 
 12/21  17:00:00,12051539.061135035 
 12/21  18:00:00,12855379.248021238 
 12/21  19:00:00,12947127.618537236 
 12/21  20:00:00,12919890.139722697 
 12/21  21:00:00,12685671.60392446 
 12/21  22:00:00,12264467.876962105 
 12/21  23:00:00,11885163.275605666 
 12/21  24:00:00,11473789.472299954 
 12/22  01:00:00,11186319.948957682 
 12/22  02:00:00,11151227.897457132 
 12/22  03:00:00,11199338.504363377 
 12/22  04:00:00,11309879.48918111 
 12/22  05:00:00,11476506.355770541 
 12/22  06:00:00,11508313.912875224 
 12/22  07:00:00,11469134.607702801 
 12/22  08:00:00,11524069.9377048 
 12/22  09:00:00,11803505.680952532 
 12/22  10:00:00,11501035.5660829 
 12/22  11:00:00,10305081.662153307 
 12/22  12:00:00,9054349.824576966 
 12/22  13:00:00,6754535.716201863 
 12/22  14:00:00,5966424.304247372 
 12/22  15:00:00,7568162.773269393 
 12/22  16:00:00,7473022.4994831765 
 12/22  17:00:00,6397857.402303912 
 12/22  18:00:00,9656744.538652483 
 12/22  19:00:00,10119090.616894245 
 12/22  20:00:00,10535656.169482157 
 12/22  21:00:00,11086691.182493364 
 12/22  22:00:00,11389416.711869884 
 12/22  23:00:00,11520158.870161153 
 12/22  24:00:00,11990985.629707815 
 12/23  01:00:00,12258230.675789384 
 12/23  02:00:00,12416280.754189493 
 12/23  03:00:00,12734039.028302722 
 12/23  04:00:00,12990456.225188795 
 12/23  05:00:00,13163000.499915158 
 12/23  06:00:00,13296459.89772271 
 12/23  07:00:00,13373376.57813593 
 12/23  08:00:00,13455478.22989983 
 12/23  09:00:00,13525653.689595673 
 12/23  10:00:00,13028539.990084039 
 12/23  11:00:00,11401232.595951881 
 12/23  12:00:00,8973227.10928809 
 12/23  13:00:00,6059494.489375994 
 12/23  14:00:00,3543119.7696030596 
 12/23  15:00:00,3441846.043953305 
 12/23  16:00:00,4447573.971746183 
 12/23  17:00:00,6945678.964570049 
 12/23  18:00:00,10796882.973535167 
 12/23  19:00:00,11735266.36252829 
 12/23  20:00:00,12335417.171853926 
 12/23  21:00:00,12621058.2343429 
 12/23  22:00:00,12834256.837785728 
 12/23  23:00:00,12958946.418354794 
 12/23  24:00:00,13296075.673752619 
 12/24  01:00:00,13648890.814085934 
 12/24  02:00:00,13926064.927448563 
 12/24  03:00:00,14168591.276487047 
 12/24  04:00:00,14737408.320967332 
 12/24  05:00:00,15543082.756078899 
 12/24  06:00:00,16398386.690730713 
 12/24  07:00:00,17484690.75956854 
 12/24  08:00:00,18417607.557004474 
 12/24  09:00:00,18814610.368981086 
 12/24  10:00:00,17781514.61248874 
 12/24  11:00:00,12570335.037995806 
 12/24  12:00:00,5761136.609505903 
 12/24  13:00:00,2263049.2289193994 
 12/24  14:00:00,43734.362538821006 
 12/24  15:00:00,0.0 
 12/24  16:00:00,714164.6897027051 
 12/24  17:00:00,2734722.6983004715 
 12/24  18:00:00,10072191.14628509 
 12/24  19:00:00,11701265.417805137 
 12/24  20:00:00,13445313.902828509 
 12/24  21:00:00,15325093.933448296 
 12/24  22:00:00,16710077.989153542 
 12/24  23:00:00,17945230.45951035 
 12/24  24:00:00,19215768.41264113 
 12/25  01:00:00,20269131.736914054 
 12/25  02:00:00,21128322.465134494 
 12/25  03:00:00,21711266.628957294 
 12/25  04:00:00,22200829.335605856 
 12/25  05:00:00,22577355.461928666 
 12/25  06:00:00,22368606.806440063 
 12/25  07:00:00,22165441.32957183 
 12/25  08:00:00,22327914.606550332 
 12/25  09:00:00,22530707.088275455 
 12/25  10:00:00,20755245.57061305 
 12/25  11:00:00,13075949.049122749 
 12/25  12:00:00,5626420.291100853 
 12/25  13:00:00,1418103.8110948445 
 12/25  14:00:00,7036.41014449895 
 12/25  15:00:00,0.0 
 12/25  16:00:00,0.0 
 12/25  17:00:00,3913392.988174255 
 12/25  18:00:00,12680910.713019371 
 12/25  19:00:00,14796551.763081845 
 12/25  20:00:00,16526446.906302467 
 12/25  21:00:00,17746920.10716029 
 12/25  22:00:00,18845440.738143586 
 12/25  23:00:00,19959947.5607114 
 12/25  24:00:00,21473762.885504924 
 12/26  01:00:00,22663447.58446211 
 12/26  02:00:00,23280861.147485886 
 12/26  03:00:00,23677454.17520727 
 12/26  04:00:00,23896487.279933028 
 12/26  05:00:00,24191673.197112836 
 12/26  06:00:00,24866915.88802385 
 12/26  07:00:00,25132302.803825244 
 12/26  08:00:00,25018261.207366444 
 12/26  09:00:00,24858278.922988135 
 12/26  10:00:00,22949600.19230928 
 12/26  11:00:00,15424160.702532299 
 12/26  12:00:00,8365162.49389417 
 12/26  13:00:00,3877291.666758287 
 12/26  14:00:00,1567077.7762765677 
 12/26  15:00:00,858445.471406338 
 12/26  16:00:00,714482.1271385975 
 12/26  17:00:00,5206873.441154687 
 12/26  18:00:00,13912323.21449647 
 12/26  19:00:00,16422915.265924187 
 12/26  20:00:00,18632842.74043726 
 12/26  21:00:00,20382516.35579051 
 12/26  22:00:00,20969891.860803295 
 12/26  23:00:00,20595906.574656907 
 12/26  24:00:00,20966799.41428638 
 12/27  01:00:00,22205523.99531362 
 12/27  02:00:00,23009781.72636461 
 12/27  03:00:00,22886398.26442978 
 12/27  04:00:00,22774980.520744197 
 12/27  05:00:00,23404495.020618822 
 12/27  06:00:00,24030611.428557467 
 12/27  07:00:00,24289874.194333807 
 12/27  08:00:00,24376023.369572323 
 12/27  09:00:00,24221584.261951376 
 12/27  10:00:00,22110363.748021465 
 12/27  11:00:00,14651349.451739328 
 12/27  12:00:00,7971385.848721441 
 12/27  13:00:00,2864897.754769501 
 12/27  14:00:00,542781.9228485489 
 12/27  15:00:00,10971.97780378192 
 12/27  16:00:00,179031.26545191044 
 12/27  17:00:00,3501833.7862008438 
 12/27  18:00:00,9675353.208295163 
 12/27  19:00:00,10797462.946827171 
 12/27  20:00:00,11416398.724556535 
 12/27  21:00:00,11805791.742174199 
 12/27  22:00:00,12106757.256866368 
 12/27  23:00:00,12435700.444773367 
 12/27  24:00:00,12714352.245655008 
 12/28  01:00:00,12983309.804332074 
 12/28  02:00:00,13306347.835987061 
 12/28  03:00:00,13652588.05440965 
 12/28  04:00:00,14189048.795396056 
 12/28  05:00:00,14645017.934863223 
 12/28  06:00:00,14908597.91150168 
 12/28  07:00:00,15163437.41914636 
 12/28  08:00:00,15291670.851461519 
 12/28  09:00:00,14470347.54632202 
 12/28  10:00:00,13082237.856706372 
 12/28  11:00:00,10588423.676332038 
 12/28  12:00:00,7230571.1111900015 
 12/28  13:00:00,4272903.166457361 
 12/28  14:00:00,3650891.5694830553 
 12/28  15:00:00,2215184.359049991 
 12/28  16:00:00,2084906.6701123419 
 12/28  17:00:00,3873769.832627551 
 12/28  18:00:00,8196290.548330562 
 12/28  19:00:00,8717134.990528913 
 12/28  20:00:00,8882456.472615043 
 12/28  21:00:00,9412389.422546746 
 12/28  22:00:00,10110659.674703559 
 12/28  23:00:00,10060346.138884565 
 12/28  24:00:00,9845411.981329584 
 12/29  01:00:00,9726784.56406969 
 12/29  02:00:00,9552548.86762388 
 12/29  03:00:00,9486564.923647162 
 12/29  04:00:00,9444873.390673049 
 12/29  05:00:00,9546900.723436562 
 12/29  06:00:00,10218796.932019252 
 12/29  07:00:00,10959493.34002777 
 12/29  08:00:00,11426812.000995986 
 12/29  09:00:00,11514979.152239121 
 12/29  10:00:00,10980740.00705003 
 12/29  11:00:00,8271672.766140972 
 12/29  12:00:00,3923725.003448587 
 12/29  13:00:00,3109960.4373940146 
 12/29  14:00:00,2312531.6577395266 
 12/29  15:00:00,1642849.4616596322 
 12/29  16:00:00,1991271.7195435609 
 12/29  17:00:00,3811216.764303316 
 12/29  18:00:00,8344547.956519997 
 12/29  19:00:00,9269250.503201548 
 12/29  20:00:00,9883124.79212807 
 12/29  21:00:00,10607541.422920495 
 12/29  22:00:00,11026374.8189908 
 12/29  23:00:00,11250456.715311699 
 12/29  24:00:00,11889219.261044925 
 12/30  01:00:00,12673817.070082776 
 12/30  02:00:00,13939656.727287145 
 12/30  03:00:00,15357561.609488104 
 12/30  04:00:00,16159657.1135935 
 12/30  05:00:00,16355830.53318692 
 12/30  06:00:00,16928407.780709743 
 12/30  07:00:00,17960787.69770554 
 12/30  08:00:00,18757377.815224264 
 12/30  09:00:00,19203428.49602268 
 12/30  10:00:00,18146728.210594032 
 12/30  11:00:00,12395373.270295665 
 12/30  12:00:00,6081722.913007418 
 12/30  13:00:00,2456047.2286981065 
 12/30  14:00:00,184469.65217698744 
 12/30  15:00:00,0.0 
 12/30  16:00:00,0.0 
 12/30  17:00:00,2116883.476005681 
 12/30  18:00:00,10146275.557890486 
 12/30  19:00:00,12054170.889074093 
 12/30  20:00:00,13066049.811378105 
 12/30  21:00:00,13635186.533528753 
 12/30  22:00:00,13954685.380170528 
 12/30  23:00:00,14104171.82098582 
 12/30  24:00:00,13906228.705319107 
 12/31  01:00:00,13375713.3138737 
 12/31  02:00:00,12550914.433588697 
 12/31  03:00:00,11624009.846531762 
 12/31  04:00:00,10912245.173347164 
 12/31  05:00:00,10435818.634957053 
 12/31  06:00:00,9731921.740637071 
 12/31  07:00:00,9129004.56869474 
 12/31  08:00:00,8829611.637754902 
 12/31  09:00:00,8636482.964816906 
 12/31  10:00:00,8187178.677474547 
 12/31  11:00:00,7297054.794315011 
 12/31  12:00:00,7155813.51794886 
 12/31  13:00:00,7962093.063505554 
 12/31  14:00:00,12168084.081346922 
 12/31  15:00:00,13041704.037717553 
 12/31  16:00:00,11300177.388913779 
 12/31  17:00:00,9741097.552247846 
 12/31  18:00:00,13386224.19294253 
 12/31  19:00:00,13444810.850625027 
 12/31  20:00:00,14190669.376094162 
 12/31  21:00:00,15875684.403695304 
 12/31  22:00:00,17462478.560670115 
 12/31  23:00:00,18388572.632438388 
 12/31  24:00:00,18814241.966961525,8877640194.849253,53433164373.50713,53433164373.50713,8877640194.849253,8877640194.849253 
