Time,BATIMENT0000000240877151_PART0_F0_WHOLE:ANNUALSIZINGPERIOD:Des Heat Load [W],BATIMENT0000000240877151_PART0_F0_WHOLE:ANNUALSIZINGPERIOD:Des Sens Cool Load [W],BATIMENT0000000240877151_PART0_F0_WHOLE:ANNUALSIZINGPERIOD:Des Heat Mass Flow [kg/s],BATIMENT0000000240877151_PART0_F0_WHOLE:ANNUALSIZINGPERIOD:Des Cool Mass Flow [kg/s],BATIMENT0000000240877151_PART0_F0_WHOLE::Des Latent Heat Load [W],BATIMENT0000000240877151_PART0_F0_WHOLE::Des Latent Cool Load [W],BATIMENT0000000240877151_PART0_F0_WHOLE::Des Latent Heat Mass Flow [kg/s],BATIMENT0000000240877151_PART0_F0_WHOLE::Des Latent Cool Mass Flow [kg/s],BATIMENT0000000240877151_PART0_F0_WHOLE::Des Heat Load No DOAS [W],BATIMENT0000000240877151_PART0_F0_WHOLE::Des Sens Cool Load No DOAS [W],BATIMENT0000000240877151_PART0_F0_WHOLE::Des Latent Heat Load No DOAS [W],BATIMENT0000000240877151_PART0_F0_WHOLE::Des Latent Cool Load No DOAS [W],BATIMENT0000000240877151_PART0_F0_WHOLE:ANNUALSIZINGPERIOD:Heating Zone Temperature [C],BATIMENT0000000240877151_PART0_F0_WHOLE:ANNUALSIZINGPERIOD:Heating Zone Relative Humidity [%],BATIMENT0000000240877151_PART0_F0_WHOLE:ANNUALSIZINGPERIOD:Cooling Zone Temperature [C],BATIMENT0000000240877151_PART0_F0_WHOLE:ANNUALSIZINGPERIOD:Cooling Zone Relative Humidity [%],BATIMENT0000000240877151_PART0_F1_WHOLE:ANNUALSIZINGPERIOD:Des Heat Load [W],BATIMENT0000000240877151_PART0_F1_WHOLE:ANNUALSIZINGPERIOD:Des Sens Cool Load [W],BATIMENT0000000240877151_PART0_F1_WHOLE:ANNUALSIZINGPERIOD:Des Heat Mass Flow [kg/s],BATIMENT0000000240877151_PART0_F1_WHOLE:ANNUALSIZINGPERIOD:Des Cool Mass Flow [kg/s],BATIMENT0000000240877151_PART0_F1_WHOLE::Des Latent Heat Load [W],BATIMENT0000000240877151_PART0_F1_WHOLE::Des Latent Cool Load [W],BATIMENT0000000240877151_PART0_F1_WHOLE::Des Latent Heat Mass Flow [kg/s],BATIMENT0000000240877151_PART0_F1_WHOLE::Des Latent Cool Mass Flow [kg/s],BATIMENT0000000240877151_PART0_F1_WHOLE::Des Heat Load No DOAS [W],BATIMENT0000000240877151_PART0_F1_WHOLE::Des Sens Cool Load No DOAS [W],BATIMENT0000000240877151_PART0_F1_WHOLE::Des Latent Heat Load No DOAS [W],BATIMENT0000000240877151_PART0_F1_WHOLE::Des Latent Cool Load No DOAS [W],BATIMENT0000000240877151_PART0_F1_WHOLE:ANNUALSIZINGPERIOD:Heating Zone Temperature [C],BATIMENT0000000240877151_PART0_F1_WHOLE:ANNUALSIZINGPERIOD:Heating Zone Relative Humidity [%],BATIMENT0000000240877151_PART0_F1_WHOLE:ANNUALSIZINGPERIOD:Cooling Zone Temperature [C],BATIMENT0000000240877151_PART0_F1_WHOLE:ANNUALSIZINGPERIOD:Cooling Zone Relative Humidity [%],BATIMENT0000000240877151_PART0_F2_WHOLE:ANNUALSIZINGPERIOD:Des Heat Load [W],BATIMENT0000000240877151_PART0_F2_WHOLE:ANNUALSIZINGPERIOD:Des Sens Cool Load [W],BATIMENT0000000240877151_PART0_F2_WHOLE:ANNUALSIZINGPERIOD:Des Heat Mass Flow [kg/s],BATIMENT0000000240877151_PART0_F2_WHOLE:ANNUALSIZINGPERIOD:Des Cool Mass Flow [kg/s],BATIMENT0000000240877151_PART0_F2_WHOLE::Des Latent Heat Load [W],BATIMENT0000000240877151_PART0_F2_WHOLE::Des Latent Cool Load [W],BATIMENT0000000240877151_PART0_F2_WHOLE::Des Latent Heat Mass Flow [kg/s],BATIMENT0000000240877151_PART0_F2_WHOLE::Des Latent Cool Mass Flow [kg/s],BATIMENT0000000240877151_PART0_F2_WHOLE::Des Heat Load No DOAS [W],BATIMENT0000000240877151_PART0_F2_WHOLE::Des Sens Cool Load No DOAS [W],BATIMENT0000000240877151_PART0_F2_WHOLE::Des Latent Heat Load No DOAS [W],BATIMENT0000000240877151_PART0_F2_WHOLE::Des Latent Cool Load No DOAS [W],BATIMENT0000000240877151_PART0_F2_WHOLE:ANNUALSIZINGPERIOD:Heating Zone Temperature [C],BATIMENT0000000240877151_PART0_F2_WHOLE:ANNUALSIZINGPERIOD:Heating Zone Relative Humidity [%],BATIMENT0000000240877151_PART0_F2_WHOLE:ANNUALSIZINGPERIOD:Cooling Zone Temperature [C],BATIMENT0000000240877151_PART0_F2_WHOLE:ANNUALSIZINGPERIOD:Cooling Zone Relative Humidity [%],BATIMENT0000000240877151_PART0_F3_WHOLE:ANNUALSIZINGPERIOD:Des Heat Load [W],BATIMENT0000000240877151_PART0_F3_WHOLE:ANNUALSIZINGPERIOD:Des Sens Cool Load [W],BATIMENT0000000240877151_PART0_F3_WHOLE:ANNUALSIZINGPERIOD:Des Heat Mass Flow [kg/s],BATIMENT0000000240877151_PART0_F3_WHOLE:ANNUALSIZINGPERIOD:Des Cool Mass Flow [kg/s],BATIMENT0000000240877151_PART0_F3_WHOLE::Des Latent Heat Load [W],BATIMENT0000000240877151_PART0_F3_WHOLE::Des Latent Cool Load [W],BATIMENT0000000240877151_PART0_F3_WHOLE::Des Latent Heat Mass Flow [kg/s],BATIMENT0000000240877151_PART0_F3_WHOLE::Des Latent Cool Mass Flow [kg/s],BATIMENT0000000240877151_PART0_F3_WHOLE::Des Heat Load No DOAS [W],BATIMENT0000000240877151_PART0_F3_WHOLE::Des Sens Cool Load No DOAS [W],BATIMENT0000000240877151_PART0_F3_WHOLE::Des Latent Heat Load No DOAS [W],BATIMENT0000000240877151_PART0_F3_WHOLE::Des Latent Cool Load No DOAS [W],BATIMENT0000000240877151_PART0_F3_WHOLE:ANNUALSIZINGPERIOD:Heating Zone Temperature [C],BATIMENT0000000240877151_PART0_F3_WHOLE:ANNUALSIZINGPERIOD:Heating Zone Relative Humidity [%],BATIMENT0000000240877151_PART0_F3_WHOLE:ANNUALSIZINGPERIOD:Cooling Zone Temperature [C],BATIMENT0000000240877151_PART0_F3_WHOLE:ANNUALSIZINGPERIOD:Cooling Zone Relative Humidity [%],BATIMENT0000000240877151_PART0_F4_WHOLE:ANNUALSIZINGPERIOD:Des Heat Load [W],BATIMENT0000000240877151_PART0_F4_WHOLE:ANNUALSIZINGPERIOD:Des Sens Cool Load [W],BATIMENT0000000240877151_PART0_F4_WHOLE:ANNUALSIZINGPERIOD:Des Heat Mass Flow [kg/s],BATIMENT0000000240877151_PART0_F4_WHOLE:ANNUALSIZINGPERIOD:Des Cool Mass Flow [kg/s],BATIMENT0000000240877151_PART0_F4_WHOLE::Des Latent Heat Load [W],BATIMENT0000000240877151_PART0_F4_WHOLE::Des Latent Cool Load [W],BATIMENT0000000240877151_PART0_F4_WHOLE::Des Latent Heat Mass Flow [kg/s],BATIMENT0000000240877151_PART0_F4_WHOLE::Des Latent Cool Mass Flow [kg/s],BATIMENT0000000240877151_PART0_F4_WHOLE::Des Heat Load No DOAS [W],BATIMENT0000000240877151_PART0_F4_WHOLE::Des Sens Cool Load No DOAS [W],BATIMENT0000000240877151_PART0_F4_WHOLE::Des Latent Heat Load No DOAS [W],BATIMENT0000000240877151_PART0_F4_WHOLE::Des Latent Cool Load No DOAS [W],BATIMENT0000000240877151_PART0_F4_WHOLE:ANNUALSIZINGPERIOD:Heating Zone Temperature [C],BATIMENT0000000240877151_PART0_F4_WHOLE:ANNUALSIZINGPERIOD:Heating Zone Relative Humidity [%],BATIMENT0000000240877151_PART0_F4_WHOLE:ANNUALSIZINGPERIOD:Cooling Zone Temperature [C],BATIMENT0000000240877151_PART0_F4_WHOLE:ANNUALSIZINGPERIOD:Cooling Zone Relative Humidity [%],BATIMENT0000000240877151_PART0_F5_WHOLE:ANNUALSIZINGPERIOD:Des Heat Load [W],BATIMENT0000000240877151_PART0_F5_WHOLE:ANNUALSIZINGPERIOD:Des Sens Cool Load [W],BATIMENT0000000240877151_PART0_F5_WHOLE:ANNUALSIZINGPERIOD:Des Heat Mass Flow [kg/s],BATIMENT0000000240877151_PART0_F5_WHOLE:ANNUALSIZINGPERIOD:Des Cool Mass Flow [kg/s],BATIMENT0000000240877151_PART0_F5_WHOLE::Des Latent Heat Load [W],BATIMENT0000000240877151_PART0_F5_WHOLE::Des Latent Cool Load [W],BATIMENT0000000240877151_PART0_F5_WHOLE::Des Latent Heat Mass Flow [kg/s],BATIMENT0000000240877151_PART0_F5_WHOLE::Des Latent Cool Mass Flow [kg/s],BATIMENT0000000240877151_PART0_F5_WHOLE::Des Heat Load No DOAS [W],BATIMENT0000000240877151_PART0_F5_WHOLE::Des Sens Cool Load No DOAS [W],BATIMENT0000000240877151_PART0_F5_WHOLE::Des Latent Heat Load No DOAS [W],BATIMENT0000000240877151_PART0_F5_WHOLE::Des Latent Cool Load No DOAS [W],BATIMENT0000000240877151_PART0_F5_WHOLE:ANNUALSIZINGPERIOD:Heating Zone Temperature [C],BATIMENT0000000240877151_PART0_F5_WHOLE:ANNUALSIZINGPERIOD:Heating Zone Relative Humidity [%],BATIMENT0000000240877151_PART0_F5_WHOLE:ANNUALSIZINGPERIOD:Cooling Zone Temperature [C],BATIMENT0000000240877151_PART0_F5_WHOLE:ANNUALSIZINGPERIOD:Cooling Zone Relative Humidity [%]
00:10:00,7.612204E+03,0.000000E+00,2.487786E-01,0.000000E+00,0.000000E+00,0.000000E+00,0.000000E+00,0.000000E+00,0.000000E+00,0.000000E+00,0.000000E+00,0.000000E+00,1.999283E+01,3.773850E+01,2.795808E+01,4.919323E+01,7.462325E+03,0.000000E+00,2.438804E-01,0.000000E+00,0.000000E+00,0.000000E+00,0.000000E+00,0.000000E+00,0.000000E+00,0.000000E+00,0.000000E+00,0.000000E+00,1.999284E+01,3.757135E+01,3.229258E+01,3.839104E+01,7.452398E+03,0.000000E+00,2.435560E-01,0.000000E+00,0.000000E+00,0.000000E+00,0.000000E+00,0.000000E+00,0.000000E+00,0.000000E+00,0.000000E+00,0.000000E+00,1.999284E+01,3.756515E+01,3.398221E+01,3.492967E+01,7.521566E+03,0.000000E+00,2.458163E-01,0.000000E+00,0.000000E+00,0.000000E+00,0.000000E+00,0.000000E+00,0.000000E+00,0.000000E+00,0.000000E+00,0.000000E+00,1.999282E+01,3.764966E+01,3.475718E+01,3.346146E+01,8.119516E+03,0.000000E+00,2.653571E-01,0.000000E+00,0.000000E+00,0.000000E+00,0.000000E+00,0.000000E+00,0.000000E+00,0.000000E+00,0.000000E+00,0.000000E+00,1.999270E+01,3.831212E+01,3.528960E+01,3.249351E+01,1.515180E+04,0.000000E+00,4.951661E-01,0.000000E+00,0.000000E+00,0.000000E+00,0.000000E+00,0.000000E+00,0.000000E+00,0.000000E+00,0.000000E+00,0.000000E+00,1.999175E+01,4.333754E+01,3.446280E+01,3.401143E+01
00:20:00,7.724051E+03,0.000000E+00,2.524332E-01,0.000000E+00,0.000000E+00,0.000000E+00,0.000000E+00,0.000000E+00,0.000000E+00,0.000000E+00,0.000000E+00,0.000000E+00,1.999278E+01,3.773816E+01,2.785301E+01,5.003124E+01,7.581132E+03,0.000000E+00,2.477625E-01,0.000000E+00,0.000000E+00,0.000000E+00,0.000000E+00,0.000000E+00,0.000000E+00,0.000000E+00,0.000000E+00,0.000000E+00,1.999279E+01,3.757705E+01,3.217608E+01,3.906513E+01,7.573177E+03,0.000000E+00,2.475025E-01,0.000000E+00,0.000000E+00,0.000000E+00,0.000000E+00,0.000000E+00,0.000000E+00,0.000000E+00,0.000000E+00,0.000000E+00,1.999279E+01,3.757154E+01,3.386433E+01,3.554370E+01,7.644072E+03,0.000000E+00,2.498193E-01,0.000000E+00,0.000000E+00,0.000000E+00,0.000000E+00,0.000000E+00,0.000000E+00,0.000000E+00,0.000000E+00,0.000000E+00,1.999277E+01,3.765607E+01,3.464020E+01,3.404710E+01,8.249388E+03,0.000000E+00,2.696007E-01,0.000000E+00,0.000000E+00,0.000000E+00,0.000000E+00,0.000000E+00,0.000000E+00,0.000000E+00,0.000000E+00,0.000000E+00,1.999264E+01,3.831960E+01,3.515560E+01,3.309271E+01,1.536355E+04,0.000000E+00,5.020849E-01,0.000000E+00,0.000000E+00,0.000000E+00,0.000000E+00,0.000000E+00,0.000000E+00,0.000000E+00,0.000000E+00,0.000000E+00,1.999169E+01,4.334508E+01,3.424941E+01,3.479293E+01
00:30:00,7.840004E+03,0.000000E+00,2.562219E-01,0.000000E+00,0.000000E+00,0.000000E+00,0.000000E+00,0.000000E+00,0.000000E+00,0.000000E+00,0.000000E+00,0.000000E+00,1.999273E+01,3.774330E+01,2.774619E+01,5.085731E+01,7.704027E+03,0.000000E+00,2.517781E-01,0.000000E+00,0.000000E+00,0.000000E+00,0.000000E+00,0.000000E+00,0.000000E+00,0.000000E+00,0.000000E+00,0.000000E+00,1.999274E+01,3.758810E+01,3.205708E+01,3.973152E+01,7.697961E+03,0.000000E+00,2.515798E-01,0.000000E+00,0.000000E+00,0.000000E+00,0.000000E+00,0.000000E+00,0.000000E+00,0.000000E+00,0.000000E+00,0.000000E+00,1.999274E+01,3.758326E+01,3.374347E+01,3.615142E+01,7.770557E+03,0.000000E+00,2.539522E-01,0.000000E+00,0.000000E+00,0.000000E+00,0.000000E+00,0.000000E+00,0.000000E+00,0.000000E+00,0.000000E+00,0.000000E+00,1.999272E+01,3.766782E+01,3.452037E+01,3.462624E+01,8.383810E+03,0.000000E+00,2.739930E-01,0.000000E+00,0.000000E+00,0.000000E+00,0.000000E+00,0.000000E+00,0.000000E+00,0.000000E+00,0.000000E+00,0.000000E+00,1.999259E+01,3.833258E+01,3.501865E+01,3.368679E+01,1.559273E+04,0.000000E+00,5.095730E-01,0.000000E+00,0.000000E+00,0.000000E+00,0.000000E+00,0.000000E+00,0.000000E+00,0.000000E+00,0.000000E+00,0.000000E+00,1.999163E+01,4.336052E+01,3.403772E+01,3.556660E+01
00:40:00,7.960123E+03,0.000000E+00,2.601467E-01,0.000000E+00,0.000000E+00,0.000000E+00,0.000000E+00,0.000000E+00,0.000000E+00,0.000000E+00,0.000000E+00,0.000000E+00,1.999268E+01,3.775350E+01,2.763660E+01,5.166792E+01,7.831085E+03,0.000000E+00,2.559297E-01,0.000000E+00,0.000000E+00,0.000000E+00,0.000000E+00,0.000000E+00,0.000000E+00,0.000000E+00,0.000000E+00,0.000000E+00,1.999269E+01,3.760411E+01,3.193494E+01,4.038658E+01,7.826830E+03,0.000000E+00,2.557906E-01,0.000000E+00,0.000000E+00,0.000000E+00,0.000000E+00,0.000000E+00,0.000000E+00,0.000000E+00,0.000000E+00,0.000000E+00,1.999269E+01,3.759994E+01,3.361933E+01,3.674888E+01,7.901098E+03,0.000000E+00,2.582176E-01,0.000000E+00,0.000000E+00,0.000000E+00,0.000000E+00,0.000000E+00,0.000000E+00,0.000000E+00,0.000000E+00,0.000000E+00,1.999267E+01,3.768454E+01,3.439756E+01,3.519471E+01,8.522857E+03,0.000000E+00,2.785363E-01,0.000000E+00,0.000000E+00,0.000000E+00,0.000000E+00,0.000000E+00,0.000000E+00,0.000000E+00,0.000000E+00,0.000000E+00,1.999254E+01,3.835060E+01,3.487880E+01,3.427138E+01,1.583949E+04,0.000000E+00,5.176354E-01,0.000000E+00,0.000000E+00,0.000000E+00,0.000000E+00,0.000000E+00,0.000000E+00,0.000000E+00,0.000000E+00,0.000000E+00,1.999158E+01,4.338238E+01,3.382612E+01,3.633052E+01
00:50:00,8.084397E+03,0.000000E+00,2.642073E-01,0.000000E+00,0.000000E+00,0.000000E+00,0.000000E+00,0.000000E+00,0.000000E+00,0.000000E+00,0.000000E+00,0.000000E+00,1.999264E+01,3.776740E+01,2.752537E+01,5.245922E+01,7.962295E+03,0.000000E+00,2.602170E-01,0.000000E+00,0.000000E+00,0.000000E+00,0.000000E+00,0.000000E+00,0.000000E+00,0.000000E+00,0.000000E+00,0.000000E+00,1.999264E+01,3.762375E+01,3.181067E+01,4.102773E+01,7.959769E+03,0.000000E+00,2.601344E-01,0.000000E+00,0.000000E+00,0.000000E+00,0.000000E+00,0.000000E+00,0.000000E+00,0.000000E+00,0.000000E+00,0.000000E+00,1.999264E+01,3.762022E+01,3.349275E+01,3.733410E+01,8.035682E+03,0.000000E+00,2.626152E-01,0.000000E+00,0.000000E+00,0.000000E+00,0.000000E+00,0.000000E+00,0.000000E+00,0.000000E+00,0.000000E+00,0.000000E+00,1.999263E+01,3.770486E+01,3.427262E+01,3.575059E+01,8.666525E+03,0.000000E+00,2.832306E-01,0.000000E+00,0.000000E+00,0.000000E+00,0.000000E+00,0.000000E+00,0.000000E+00,0.000000E+00,0.000000E+00,0.000000E+00,1.999250E+01,3.837224E+01,3.473684E+01,3.484471E+01,1.610375E+04,0.000000E+00,5.262698E-01,0.000000E+00,0.000000E+00,0.000000E+00,0.000000E+00,0.000000E+00,0.000000E+00,0.000000E+00,0.000000E+00,0.000000E+00,1.999154E+01,4.340814E+01,3.361382E+01,3.708564E+01
01:00:00,8.212966E+03,0.000000E+00,2.684082E-01,0.000000E+00,0.000000E+00,0.000000E+00,0.000000E+00,0.000000E+00,0.000000E+00,0.000000E+00,0.000000E+00,0.000000E+00,1.999259E+01,3.778373E+01,2.741360E+01,5.322857E+01,8.097786E+03,0.000000E+00,2.646441E-01,0.000000E+00,0.000000E+00,0.000000E+00,0.000000E+00,0.000000E+00,0.000000E+00,0.000000E+00,0.000000E+00,0.000000E+00,1.999260E+01,3.764572E+01,3.168522E+01,4.165348E+01,8.096896E+03,0.000000E+00,2.646150E-01,0.000000E+00,0.000000E+00,0.000000E+00,0.000000E+00,0.000000E+00,0.000000E+00,0.000000E+00,0.000000E+00,0.000000E+00,1.999260E+01,3.764283E+01,3.336445E+01,3.790633E+01,8.174414E+03,0.000000E+00,2.671482E-01,0.000000E+00,0.000000E+00,0.000000E+00,0.000000E+00,0.000000E+00,0.000000E+00,0.000000E+00,0.000000E+00,0.000000E+00,1.999258E+01,3.772750E+01,3.414627E+01,3.629317E+01,8.814915E+03,0.000000E+00,2.880793E-01,0.000000E+00,0.000000E+00,0.000000E+00,0.000000E+00,0.000000E+00,0.000000E+00,0.000000E+00,0.000000E+00,0.000000E+00,1.999246E+01,3.839614E+01,3.459336E+01,3.540628E+01,1.638554E+04,0.000000E+00,5.354769E-01,0.000000E+00,0.000000E+00,0.000000E+00,0.000000E+00,0.000000E+00,0.000000E+00,0.000000E+00,0.000000E+00,0.000000E+00,1.999150E+01,4.343580E+01,3.340068E+01,3.783270E+01
01:10:00,8.269864E+03,0.000000E+00,2.702673E-01,0.000000E+00,0.000000E+00,0.000000E+00,0.000000E+00,0.000000E+00,0.000000E+00,0.000000E+00,0.000000E+00,0.000000E+00,1.999255E+01,3.780158E+01,2.730164E+01,5.397547E+01,8.158777E+03,0.000000E+00,2.666369E-01,0.000000E+00,0.000000E+00,0.000000E+00,0.000000E+00,0.000000E+00,0.000000E+00,0.000000E+00,0.000000E+00,0.000000E+00,1.999256E+01,3.766910E+01,3.155889E+01,4.226360E+01,8.158422E+03,0.000000E+00,2.666253E-01,0.000000E+00,0.000000E+00,0.000000E+00,0.000000E+00,0.000000E+00,0.000000E+00,0.000000E+00,0.000000E+00,0.000000E+00,1.999256E+01,3.766685E+01,3.323464E+01,3.846564E+01,8.236415E+03,0.000000E+00,2.691741E-01,0.000000E+00,0.000000E+00,0.000000E+00,0.000000E+00,0.000000E+00,0.000000E+00,0.000000E+00,0.000000E+00,0.000000E+00,1.999254E+01,3.775154E+01,3.401868E+01,3.682257E+01,8.881724E+03,0.000000E+00,2.902622E-01,0.000000E+00,0.000000E+00,0.000000E+00,0.000000E+00,0.000000E+00,0.000000E+00,0.000000E+00,0.000000E+00,0.000000E+00,1.999241E+01,3.842135E+01,3.444851E+01,3.595627E+01,1.650931E+04,0.000000E+00,5.395210E-01,0.000000E+00,0.000000E+00,0.000000E+00,0.000000E+00,0.000000E+00,0.000000E+00,0.000000E+00,0.000000E+00,0.000000E+00,1.999147E+01,4.346420E+01,3.318668E+01,3.857204E+01
01:20:00,8.322857E+03,0.000000E+00,2.719988E-01,0.000000E+00,0.000000E+00,0.000000E+00,0.000000E+00,0.000000E+00,0.000000E+00,0.000000E+00,0.000000E+00,0.000000E+00,1.999253E+01,3.781910E+01,2.719785E+01,5.467402E+01,8.215799E+03,0.000000E+00,2.685001E-01,0.000000E+00,0.000000E+00,0.000000E+00,0.000000E+00,0.000000E+00,0.000000E+00,0.000000E+00,0.000000E+00,0.000000E+00,1.999254E+01,3.769196E+01,3.144048E+01,4.283756E+01,8.215978E+03,0.000000E+00,2.685060E-01,0.000000E+00,0.000000E+00,0.000000E+00,0.000000E+00,0.000000E+00,0.000000E+00,0.000000E+00,0.000000E+00,0.000000E+00,1.999253E+01,3.769032E+01,3.311354E+01,3.899052E+01,8.294428E+03,0.000000E+00,2.710696E-01,0.000000E+00,0.000000E+00,0.000000E+00,0.000000E+00,0.000000E+00,0.000000E+00,0.000000E+00,0.000000E+00,0.000000E+00,1.999252E+01,3.777503E+01,3.389854E+01,3.732152E+01,8.944242E+03,0.000000E+00,2.923049E-01,0.000000E+00,0.000000E+00,0.000000E+00,0.000000E+00,0.000000E+00,0.000000E+00,0.000000E+00,0.000000E+00,0.000000E+00,1.999239E+01,3.844586E+01,3.431112E+01,3.647758E+01,1.662312E+04,0.000000E+00,5.432394E-01,0.000000E+00,0.000000E+00,0.000000E+00,0.000000E+00,0.000000E+00,0.000000E+00,0.000000E+00,0.000000E+00,0.000000E+00,1.999145E+01,4.349007E+01,3.298440E+01,3.927665E+01
01:30:00,8.371947E+03,0.000000E+00,2.736028E-01,0.000000E+00,0.000000E+00,0.000000E+00,0.000000E+00,0.000000E+00,0.000000E+00,0.000000E+00,0.000000E+00,0.000000E+00,1.999251E+01,3.783548E+01,2.710368E+01,5.531999E+01,8.268834E+03,0.000000E+00,2.702330E-01,0.000000E+00,0.000000E+00,0.000000E+00,0.000000E+00,0.000000E+00,0.000000E+00,0.000000E+00,0.000000E+00,0.000000E+00,1.999252E+01,3.771349E+01,3.133155E+01,4.337189E+01,8.269541E+03,0.000000E+00,2.702561E-01,0.000000E+00,0.000000E+00,0.000000E+00,0.000000E+00,0.000000E+00,0.000000E+00,0.000000E+00,0.000000E+00,0.000000E+00,1.999251E+01,3.771246E+01,3.300305E+01,3.947706E+01,8.348426E+03,0.000000E+00,2.728340E-01,0.000000E+00,0.000000E+00,0.000000E+00,0.000000E+00,0.000000E+00,0.000000E+00,0.000000E+00,0.000000E+00,0.000000E+00,1.999250E+01,3.779719E+01,3.378720E+01,3.778756E+01,9.002432E+03,0.000000E+00,2.942062E-01,0.000000E+00,0.000000E+00,0.000000E+00,0.000000E+00,0.000000E+00,0.000000E+00,0.000000E+00,0.000000E+00,0.000000E+00,1.999237E+01,3.846888E+01,3.418267E+01,3.696741E+01,1.672713E+04,0.000000E+00,5.466379E-01,0.000000E+00,0.000000E+00,0.000000E+00,0.000000E+00,0.000000E+00,0.000000E+00,0.000000E+00,0.000000E+00,0.000000E+00,1.999144E+01,4.351210E+01,3.279519E+01,3.994293E+01
01:40:00,8.417089E+03,0.000000E+00,2.750778E-01,0.000000E+00,0.000000E+00,0.000000E+00,0.000000E+00,0.000000E+00,0.000000E+00,0.000000E+00,0.000000E+00,0.000000E+00,1.999249E+01,3.785064E+01,2.701561E+01,5.592525E+01,8.317819E+03,0.000000E+00,2.718336E-01,0.000000E+00,0.000000E+00,0.000000E+00,0.000000E+00,0.000000E+00,0.000000E+00,0.000000E+00,0.000000E+00,0.000000E+00,1.999249E+01,3.773363E+01,3.122847E+01,4.387589E+01,8.319047E+03,0.000000E+00,2.718737E-01,0.000000E+00,0.000000E+00,0.000000E+00,0.000000E+00,0.000000E+00,0.000000E+00,0.000000E+00,0.000000E+00,0.000000E+00,1.999249E+01,3.773318E+01,3.289888E+01,3.993504E+01,8.398344E+03,0.000000E+00,2.744650E-01,0.000000E+00,0.000000E+00,0.000000E+00,0.000000E+00,0.000000E+00,0.000000E+00,0.000000E+00,0.000000E+00,0.000000E+00,1.999247E+01,3.781794E+01,3.368101E+01,3.822885E+01,9.056215E+03,0.000000E+00,2.959636E-01,0.000000E+00,0.000000E+00,0.000000E+00,0.000000E+00,0.000000E+00,0.000000E+00,0.000000E+00,0.000000E+00,0.000000E+00,1.999235E+01,3.849035E+01,3.405954E+01,3.743362E+01,1.682116E+04,0.000000E+00,5.497104E-01,0.000000E+00,0.000000E+00,0.000000E+00,0.000000E+00,0.000000E+00,0.000000E+00,0.000000E+00,0.000000E+00,0.000000E+00,1.999143E+01,4.353080E+01,3.261321E+01,4.058364E+01
01:50:00,8.458175E+03,0.000000E+00,2.764202E-01,0.000000E+00,0.000000E+00,0.000000E+00,0.000000E+00,0.000000E+00,0.000000E+00,0.000000E+00,0.000000E+00,0.000000E+00,1.999247E+01,3.786473E+01,2.693006E+01,5.650249E+01,8.362593E+03,0.000000E+00,2.732966E-01,0.000000E+00,0.000000E+00,0.000000E+00,0.000000E+00,0.000000E+00,0.000000E+00,0.000000E+00,0.000000E+00,0.000000E+00,1.999247E+01,3.775253E+01,3.112758E+01,4.435950E+01,8.364326E+03,0.000000E+00,2.733532E-01,0.000000E+00,0.000000E+00,0.000000E+00,0.000000E+00,0.000000E+00,0.000000E+00,0.000000E+00,0.000000E+00,0.000000E+00,1.999247E+01,3.775267E+01,3.279681E+01,4.037466E+01,8.444004E+03,0.000000E+00,2.759570E-01,0.000000E+00,0.000000E+00,0.000000E+00,0.000000E+00,0.000000E+00,0.000000E+00,0.000000E+00,0.000000E+00,0.000000E+00,1.999245E+01,3.783746E+01,3.357642E+01,3.865365E+01,9.105378E+03,0.000000E+00,2.975700E-01,0.000000E+00,0.000000E+00,0.000000E+00,0.000000E+00,0.000000E+00,0.000000E+00,0.000000E+00,0.000000E+00,0.000000E+00,1.999233E+01,3.851047E+01,3.393813E+01,3.788432E+01,1.690496E+04,0.000000E+00,5.524485E-01,0.000000E+00,0.000000E+00,0.000000E+00,0.000000E+00,0.000000E+00,0.000000E+00,0.000000E+00,0.000000E+00,0.000000E+00,1.999141E+01,4.354716E+01,3.243366E+01,4.121005E+01
02:00:00,8.495390E+03,0.000000E+00,2.776362E-01,0.000000E+00,0.000000E+00,0.000000E+00,0.000000E+00,0.000000E+00,0.000000E+00,0.000000E+00,0.000000E+00,0.000000E+00,1.999245E+01,3.787786E+01,2.684510E+01,5.705923E+01,8.403432E+03,0.000000E+00,2.746310E-01,0.000000E+00,0.000000E+00,0.000000E+00,0.000000E+00,0.000000E+00,0.000000E+00,0.000000E+00,0.000000E+00,0.000000E+00,1.999245E+01,3.777028E+01,3.102693E+01,4.482848E+01,8.405669E+03,0.000000E+00,2.747041E-01,0.000000E+00,0.000000E+00,0.000000E+00,0.000000E+00,0.000000E+00,0.000000E+00,0.000000E+00,0.000000E+00,0.000000E+00,1.999245E+01,3.777097E+01,3.269471E+01,4.080154E+01,8.485710E+03,0.000000E+00,2.773198E-01,0.000000E+00,0.000000E+00,0.000000E+00,0.000000E+00,0.000000E+00,0.000000E+00,0.000000E+00,0.000000E+00,0.000000E+00,1.999243E+01,3.785577E+01,3.347171E+01,3.906655E+01,9.150276E+03,0.000000E+00,2.990371E-01,0.000000E+00,0.000000E+00,0.000000E+00,0.000000E+00,0.000000E+00,0.000000E+00,0.000000E+00,0.000000E+00,0.000000E+00,1.999231E+01,3.852930E+01,3.381664E+01,3.832410E+01,1.697880E+04,0.000000E+00,5.548612E-01,0.000000E+00,0.000000E+00,0.000000E+00,0.000000E+00,0.000000E+00,0.000000E+00,0.000000E+00,0.000000E+00,0.000000E+00,1.999140E+01,4.356189E+01,3.225463E+01,4.182718E+01
02:10:00,8.532308E+03,0.000000E+00,2.788426E-01,0.000000E+00,0.000000E+00,0.000000E+00,0.000000E+00,0.000000E+00,0.000000E+00,0.000000E+00,0.000000E+00,0.000000E+00,1.999242E+01,3.789033E+01,2.676010E+01,5.759866E+01,8.443954E+03,0.000000E+00,2.759551E-01,0.000000E+00,0.000000E+00,0.000000E+00,0.000000E+00,0.000000E+00,0.000000E+00,0.000000E+00,0.000000E+00,0.000000E+00,1.999243E+01,3.778722E+01,3.092593E+01,4.528528E+01,8.446689E+03,0.000000E+00,2.760445E-01,0.000000E+00,0.000000E+00,0.000000E+00,0.000000E+00,0.000000E+00,0.000000E+00,0.000000E+00,0.000000E+00,0.000000E+00,1.999242E+01,3.778846E+01,3.259205E+01,4.121776E+01,8.527083E+03,0.000000E+00,2.786717E-01,0.000000E+00,0.000000E+00,0.000000E+00,0.000000E+00,0.000000E+00,0.000000E+00,0.000000E+00,0.000000E+00,0.000000E+00,1.999241E+01,3.787329E+01,3.336642E+01,3.946939E+01,9.194847E+03,0.000000E+00,3.004934E-01,0.000000E+00,0.000000E+00,0.000000E+00,0.000000E+00,0.000000E+00,0.000000E+00,0.000000E+00,0.000000E+00,0.000000E+00,1.999229E+01,3.854726E+01,3.369457E+01,3.875479E+01,1.705278E+04,0.000000E+00,5.572786E-01,0.000000E+00,0.000000E+00,0.000000E+00,0.000000E+00,0.000000E+00,0.000000E+00,0.000000E+00,0.000000E+00,0.000000E+00,1.999138E+01,4.357562E+01,3.207587E+01,4.243639E+01
02:20:00,8.568897E+03,0.000000E+00,2.800381E-01,0.000000E+00,0.000000E+00,0.000000E+00,0.000000E+00,0.000000E+00,0.000000E+00,0.000000E+00,0.000000E+00,0.000000E+00,1.999240E+01,3.790393E+01,2.668023E+01,5.809631E+01,8.484042E+03,0.000000E+00,2.772650E-01,0.000000E+00,0.000000E+00,0.000000E+00,0.000000E+00,0.000000E+00,0.000000E+00,0.000000E+00,0.000000E+00,0.000000E+00,1.999240E+01,3.780520E+01,3.082993E+01,4.571049E+01,8.487257E+03,0.000000E+00,2.773701E-01,0.000000E+00,0.000000E+00,0.000000E+00,0.000000E+00,0.000000E+00,0.000000E+00,0.000000E+00,0.000000E+00,0.000000E+00,1.999240E+01,3.780697E+01,3.249426E+01,4.160565E+01,8.567994E+03,0.000000E+00,2.800084E-01,0.000000E+00,0.000000E+00,0.000000E+00,0.000000E+00,0.000000E+00,0.000000E+00,0.000000E+00,0.000000E+00,0.000000E+00,1.999239E+01,3.789182E+01,3.326589E+01,3.984546E+01,9.238947E+03,0.000000E+00,3.019344E-01,0.000000E+00,0.000000E+00,0.000000E+00,0.000000E+00,0.000000E+00,0.000000E+00,0.000000E+00,0.000000E+00,0.000000E+00,1.999226E+01,3.856624E+01,3.357738E+01,3.915976E+01,1.712762E+04,0.000000E+00,5.597241E-01,0.000000E+00,0.000000E+00,0.000000E+00,0.000000E+00,0.000000E+00,0.000000E+00,0.000000E+00,0.000000E+00,0.000000E+00,1.999136E+01,4.359095E+01,3.190498E+01,4.301387E+01
02:30:00,8.605174E+03,0.000000E+00,2.812234E-01,0.000000E+00,0.000000E+00,0.000000E+00,0.000000E+00,0.000000E+00,0.000000E+00,0.000000E+00,0.000000E+00,0.000000E+00,1.999238E+01,3.791934E+01,2.660646E+01,5.854539E+01,8.523735E+03,0.000000E+00,2.785620E-01,0.000000E+00,0.000000E+00,0.000000E+00,0.000000E+00,0.000000E+00,0.000000E+00,0.000000E+00,0.000000E+00,0.000000E+00,1.999238E+01,3.782486E+01,3.073999E+01,4.609859E+01,8.527415E+03,0.000000E+00,2.786822E-01,0.000000E+00,0.000000E+00,0.000000E+00,0.000000E+00,0.000000E+00,0.000000E+00,0.000000E+00,0.000000E+00,0.000000E+00,1.999238E+01,3.782716E+01,3.240237E+01,4.196026E+01,8.608486E+03,0.000000E+00,2.813315E-01,0.000000E+00,0.000000E+00,0.000000E+00,0.000000E+00,0.000000E+00,0.000000E+00,0.000000E+00,0.000000E+00,0.000000E+00,1.999236E+01,3.791201E+01,3.317100E+01,4.019038E+01,9.282637E+03,0.000000E+00,3.033620E-01,0.000000E+00,0.000000E+00,0.000000E+00,0.000000E+00,0.000000E+00,0.000000E+00,0.000000E+00,0.000000E+00,0.000000E+00,1.999224E+01,3.858690E+01,3.346604E+01,3.953443E+01,1.720324E+04,0.000000E+00,5.621950E-01,0.000000E+00,0.000000E+00,0.000000E+00,0.000000E+00,0.000000E+00,0.000000E+00,0.000000E+00,0.000000E+00,0.000000E+00,1.999134E+01,4.360871E+01,3.174274E+01,4.355439E+01
02:40:00,8.641183E+03,0.000000E+00,2.824001E-01,0.000000E+00,0.000000E+00,0.000000E+00,0.000000E+00,0.000000E+00,0.000000E+00,0.000000E+00,0.000000E+00,0.000000E+00,1.999236E+01,3.793632E+01,2.653668E+01,5.895365E+01,8.563092E+03,0.000000E+00,2.798480E-01,0.000000E+00,0.000000E+00,0.000000E+00,0.000000E+00,0.000000E+00,0.000000E+00,0.000000E+00,0.000000E+00,0.000000E+00,1.999236E+01,3.784597E+01,3.065396E+01,4.645555E+01,8.567224E+03,0.000000E+00,2.799830E-01,0.000000E+00,0.000000E+00,0.000000E+00,0.000000E+00,0.000000E+00,0.000000E+00,0.000000E+00,0.000000E+00,0.000000E+00,1.999236E+01,3.784877E+01,3.231419E+01,4.228715E+01,8.648626E+03,0.000000E+00,2.826431E-01,0.000000E+00,0.000000E+00,0.000000E+00,0.000000E+00,0.000000E+00,0.000000E+00,0.000000E+00,0.000000E+00,0.000000E+00,1.999234E+01,3.793363E+01,3.307952E+01,4.050952E+01,9.325994E+03,0.000000E+00,3.047788E-01,0.000000E+00,0.000000E+00,0.000000E+00,0.000000E+00,0.000000E+00,0.000000E+00,0.000000E+00,0.000000E+00,0.000000E+00,1.999222E+01,3.860898E+01,3.335832E+01,3.988396E+01,1.727978E+04,0.000000E+00,5.646959E-01,0.000000E+00,0.000000E+00,0.000000E+00,0.000000E+00,0.000000E+00,0.000000E+00,0.000000E+00,0.000000E+00,0.000000E+00,1.999132E+01,4.362834E+01,3.158564E+01,4.406640E+01
02:50:00,8.677037E+03,0.000000E+00,2.835716E-01,0.000000E+00,0.000000E+00,0.000000E+00,0.000000E+00,0.000000E+00,0.000000E+00,0.000000E+00,0.000000E+00,0.000000E+00,1.999234E+01,3.795435E+01,2.646869E+01,5.933111E+01,8.602278E+03,0.000000E+00,2.811285E-01,0.000000E+00,0.000000E+00,0.000000E+00,0.000000E+00,0.000000E+00,0.000000E+00,0.000000E+00,0.000000E+00,0.000000E+00,1.999234E+01,3.786801E+01,3.056961E+01,4.678916E+01,8.606857E+03,0.000000E+00,2.812780E-01,0.000000E+00,0.000000E+00,0.000000E+00,0.000000E+00,0.000000E+00,0.000000E+00,0.000000E+00,0.000000E+00,0.000000E+00,1.999234E+01,3.787128E+01,3.222744E+01,4.259339E+01,8.688592E+03,0.000000E+00,2.839491E-01,0.000000E+00,0.000000E+00,0.000000E+00,0.000000E+00,0.000000E+00,0.000000E+00,0.000000E+00,0.000000E+00,0.000000E+00,1.999232E+01,3.795614E+01,3.298929E+01,4.080945E+01,9.369233E+03,0.000000E+00,3.061916E-01,0.000000E+00,0.000000E+00,0.000000E+00,0.000000E+00,0.000000E+00,0.000000E+00,0.000000E+00,0.000000E+00,0.000000E+00,1.999220E+01,3.863193E+01,3.325202E+01,4.021483E+01,1.735747E+04,0.000000E+00,5.672343E-01,0.000000E+00,0.000000E+00,0.000000E+00,0.000000E+00,0.000000E+00,0.000000E+00,0.000000E+00,0.000000E+00,0.000000E+00,1.999130E+01,4.364893E+01,3.143079E+01,4.455849E+01
03:00:00,8.712455E+03,0.000000E+00,2.847289E-01,0.000000E+00,0.000000E+00,0.000000E+00,0.000000E+00,0.000000E+00,0.000000E+00,0.000000E+00,0.000000E+00,0.000000E+00,1.999232E+01,3.797294E+01,2.640131E+01,5.968452E+01,8.640877E+03,0.000000E+00,2.823897E-01,0.000000E+00,0.000000E+00,0.000000E+00,0.000000E+00,0.000000E+00,0.000000E+00,0.000000E+00,0.000000E+00,0.000000E+00,1.999233E+01,3.789051E+01,3.048573E+01,4.710474E+01,8.645876E+03,0.000000E+00,2.825530E-01,0.000000E+00,0.000000E+00,0.000000E+00,0.000000E+00,0.000000E+00,0.000000E+00,0.000000E+00,0.000000E+00,0.000000E+00,1.999232E+01,3.789424E+01,3.214098E+01,4.288370E+01,8.727926E+03,0.000000E+00,2.852343E-01,0.000000E+00,0.000000E+00,0.000000E+00,0.000000E+00,0.000000E+00,0.000000E+00,0.000000E+00,0.000000E+00,0.000000E+00,1.999231E+01,3.797909E+01,3.289924E+01,4.109445E+01,9.411800E+03,0.000000E+00,3.075825E-01,0.000000E+00,0.000000E+00,0.000000E+00,0.000000E+00,0.000000E+00,0.000000E+00,0.000000E+00,0.000000E+00,0.000000E+00,1.999218E+01,3.865526E+01,3.314602E+01,4.053131E+01,1.743580E+04,0.000000E+00,5.697938E-01,0.000000E+00,0.000000E+00,0.000000E+00,0.000000E+00,0.000000E+00,0.000000E+00,0.000000E+00,0.000000E+00,0.000000E+00,1.999129E+01,4.366981E+01,3.127703E+01,4.503528E+01
03:10:00,8.745667E+03,0.000000E+00,2.858141E-01,0.000000E+00,0.000000E+00,0.000000E+00,0.000000E+00,0.000000E+00,0.000000E+00,0.000000E+00,0.000000E+00,0.000000E+00,1.999231E+01,3.799170E+01,2.633416E+01,6.001762E+01,8.677175E+03,0.000000E+00,2.835758E-01,0.000000E+00,0.000000E+00,0.000000E+00,0.000000E+00,0.000000E+00,0.000000E+00,0.000000E+00,0.000000E+00,0.000000E+00,1.999231E+01,3.791303E+01,3.040192E+01,4.740521E+01,8.682586E+03,0.000000E+00,2.837525E-01,0.000000E+00,0.000000E+00,0.000000E+00,0.000000E+00,0.000000E+00,0.000000E+00,0.000000E+00,0.000000E+00,0.000000E+00,1.999230E+01,3.791720E+01,3.205447E+01,4.316062E+01,8.764944E+03,0.000000E+00,2.864439E-01,0.000000E+00,0.000000E+00,0.000000E+00,0.000000E+00,0.000000E+00,0.000000E+00,0.000000E+00,0.000000E+00,0.000000E+00,1.999229E+01,3.800203E+01,3.280909E+01,4.136685E+01,9.451904E+03,0.000000E+00,3.088929E-01,0.000000E+00,0.000000E+00,0.000000E+00,0.000000E+00,0.000000E+00,0.000000E+00,0.000000E+00,0.000000E+00,0.000000E+00,1.999217E+01,3.867851E+01,3.304000E+01,4.083573E+01,1.750936E+04,0.000000E+00,5.721975E-01,0.000000E+00,0.000000E+00,0.000000E+00,0.000000E+00,0.000000E+00,0.000000E+00,0.000000E+00,0.000000E+00,0.000000E+00,1.999127E+01,4.369050E+01,3.112418E+01,4.549887E+01
03:20:00,8.776634E+03,0.000000E+00,2.868260E-01,0.000000E+00,0.000000E+00,0.000000E+00,0.000000E+00,0.000000E+00,0.000000E+00,0.000000E+00,0.000000E+00,0.000000E+00,1.999230E+01,3.800839E+01,2.626727E+01,6.034086E+01,8.711156E+03,0.000000E+00,2.846861E-01,0.000000E+00,0.000000E+00,0.000000E+00,0.000000E+00,0.000000E+00,0.000000E+00,0.000000E+00,0.000000E+00,0.000000E+00,1.999230E+01,3.793333E+01,3.031823E+01,4.769889E+01,8.716972E+03,0.000000E+00,2.848761E-01,0.000000E+00,0.000000E+00,0.000000E+00,0.000000E+00,0.000000E+00,0.000000E+00,0.000000E+00,0.000000E+00,0.000000E+00,1.999230E+01,3.793793E+01,3.196797E+01,4.343171E+01,8.799627E+03,0.000000E+00,2.875772E-01,0.000000E+00,0.000000E+00,0.000000E+00,0.000000E+00,0.000000E+00,0.000000E+00,0.000000E+00,0.000000E+00,0.000000E+00,1.999228E+01,3.802274E+01,3.271889E+01,4.163390E+01,9.489501E+03,0.000000E+00,3.101214E-01,0.000000E+00,0.000000E+00,0.000000E+00,0.000000E+00,0.000000E+00,0.000000E+00,0.000000E+00,0.000000E+00,0.000000E+00,1.999216E+01,3.869949E+01,3.293408E+01,4.113514E+01,1.757760E+04,0.000000E+00,5.744272E-01,0.000000E+00,0.000000E+00,0.000000E+00,0.000000E+00,0.000000E+00,0.000000E+00,0.000000E+00,0.000000E+00,0.000000E+00,1.999127E+01,4.370845E+01,3.097316E+01,4.595473E+01
03:30:00,8.805373E+03,0.000000E+00,2.877650E-01,0.000000E+00,0.000000E+00,0.000000E+00,0.000000E+00,0.000000E+00,0.000000E+00,0.000000E+00,0.000000E+00,0.000000E+00,1.999229E+01,3.802206E+01,2.620066E+01,6.066049E+01,8.742830E+03,0.000000E+00,2.857211E-01,0.000000E+00,0.000000E+00,0.000000E+00,0.000000E+00,0.000000E+00,0.000000E+00,0.000000E+00,0.000000E+00,0.000000E+00,1.999229E+01,3.795049E+01,3.023470E+01,4.799074E+01,8.749044E+03,0.000000E+00,2.859241E-01,0.000000E+00,0.000000E+00,0.000000E+00,0.000000E+00,0.000000E+00,0.000000E+00,0.000000E+00,0.000000E+00,0.000000E+00,1.999229E+01,3.795551E+01,3.188153E+01,4.370149E+01,8.831984E+03,0.000000E+00,2.886345E-01,0.000000E+00,0.000000E+00,0.000000E+00,0.000000E+00,0.000000E+00,0.000000E+00,0.000000E+00,0.000000E+00,0.000000E+00,1.999227E+01,3.804030E+01,3.262870E+01,4.189995E+01,9.524598E+03,0.000000E+00,3.112683E-01,0.000000E+00,0.000000E+00,0.000000E+00,0.000000E+00,0.000000E+00,0.000000E+00,0.000000E+00,0.000000E+00,0.000000E+00,1.999215E+01,3.871730E+01,3.282831E+01,4.143376E+01,1.764061E+04,0.000000E+00,5.764861E-01,0.000000E+00,0.000000E+00,0.000000E+00,0.000000E+00,0.000000E+00,0.000000E+00,0.000000E+00,0.000000E+00,0.000000E+00,1.999126E+01,4.372278E+01,3.082412E+01,4.640717E+01
03:40:00,8.831881E+03,0.000000E+00,2.886312E-01,0.000000E+00,0.000000E+00,0.000000E+00,0.000000E+00,0.000000E+00,0.000000E+00,0.000000E+00,0.000000E+00,0.000000E+00,1.999228E+01,3.803295E+01,2.613429E+01,6.097868E+01,8.772198E+03,0.000000E+00,2.866807E-01,0.000000E+00,0.000000E+00,0.000000E+00,0.000000E+00,0.000000E+00,0.000000E+00,0.000000E+00,0.000000E+00,0.000000E+00,1.999228E+01,3.796475E+01,3.015128E+01,4.828248E+01,8.778805E+03,0.000000E+00,2.868966E-01,0.000000E+00,0.000000E+00,0.000000E+00,0.000000E+00,0.000000E+00,0.000000E+00,0.000000E+00,0.000000E+00,0.000000E+00,1.999228E+01,3.797018E+01,3.179511E+01,4.397155E+01,8.862017E+03,0.000000E+00,2.896159E-01,0.000000E+00,0.000000E+00,0.000000E+00,0.000000E+00,0.000000E+00,0.000000E+00,0.000000E+00,0.000000E+00,0.000000E+00,1.999226E+01,3.805497E+01,3.253846E+01,4.216653E+01,9.557196E+03,0.000000E+00,3.123334E-01,0.000000E+00,0.000000E+00,0.000000E+00,0.000000E+00,0.000000E+00,0.000000E+00,0.000000E+00,0.000000E+00,0.000000E+00,1.999214E+01,3.873222E+01,3.272265E+01,4.173309E+01,1.769835E+04,0.000000E+00,5.783728E-01,0.000000E+00,0.000000E+00,0.000000E+00,0.000000E+00,0.000000E+00,0.000000E+00,0.000000E+00,0.000000E+00,0.000000E+00,1.999126E+01,4.373413E+01,3.067659E+01,4.685886E+01
03:50:00,8.856161E+03,0.000000E+00,2.894245E-01,0.000000E+00,0.000000E+00,0.000000E+00,0.000000E+00,0.000000E+00,0.000000E+00,0.000000E+00,0.000000E+00,0.000000E+00,1.999227E+01,3.804169E+01,2.606812E+01,6.129569E+01,8.799261E+03,0.000000E+00,2.875650E-01,0.000000E+00,0.000000E+00,0.000000E+00,0.000000E+00,0.000000E+00,0.000000E+00,0.000000E+00,0.000000E+00,0.000000E+00,1.999227E+01,3.797674E+01,3.006792E+01,4.857432E+01,8.806257E+03,0.000000E+00,2.877936E-01,0.000000E+00,0.000000E+00,0.000000E+00,0.000000E+00,0.000000E+00,0.000000E+00,0.000000E+00,0.000000E+00,0.000000E+00,1.999227E+01,3.798258E+01,3.170864E+01,4.424205E+01,8.889729E+03,0.000000E+00,2.905214E-01,0.000000E+00,0.000000E+00,0.000000E+00,0.000000E+00,0.000000E+00,0.000000E+00,0.000000E+00,0.000000E+00,0.000000E+00,1.999225E+01,3.806738E+01,3.244813E+01,4.243382E+01,9.587295E+03,0.000000E+00,3.133170E-01,0.000000E+00,0.000000E+00,0.000000E+00,0.000000E+00,0.000000E+00,0.000000E+00,0.000000E+00,0.000000E+00,0.000000E+00,1.999213E+01,3.874491E+01,3.261705E+01,4.203332E+01,1.775081E+04,0.000000E+00,5.800870E-01,0.000000E+00,0.000000E+00,0.000000E+00,0.000000E+00,0.000000E+00,0.000000E+00,0.000000E+00,0.000000E+00,0.000000E+00,1.999125E+01,4.374349E+01,3.053018E+01,4.731082E+01
04:00:00,8.878312E+03,0.000000E+00,2.901483E-01,0.000000E+00,0.000000E+00,0.000000E+00,0.000000E+00,0.000000E+00,0.000000E+00,0.000000E+00,0.000000E+00,0.000000E+00,1.999226E+01,3.804886E+01,2.600210E+01,6.161129E+01,8.824167E+03,0.000000E+00,2.883789E-01,0.000000E+00,0.000000E+00,0.000000E+00,0.000000E+00,0.000000E+00,0.000000E+00,0.000000E+00,0.000000E+00,0.000000E+00,1.999226E+01,3.798707E+01,2.998458E+01,4.886606E+01,8.831553E+03,0.000000E+00,2.886202E-01,0.000000E+00,0.000000E+00,0.000000E+00,0.000000E+00,0.000000E+00,0.000000E+00,0.000000E+00,0.000000E+00,0.000000E+00,1.999225E+01,3.799330E+01,3.162210E+01,4.451280E+01,8.915281E+03,0.000000E+00,2.913563E-01,0.000000E+00,0.000000E+00,0.000000E+00,0.000000E+00,0.000000E+00,0.000000E+00,0.000000E+00,0.000000E+00,0.000000E+00,1.999224E+01,3.807812E+01,3.235766E+01,4.270161E+01,9.615098E+03,0.000000E+00,3.142255E-01,0.000000E+00,0.000000E+00,0.000000E+00,0.000000E+00,0.000000E+00,0.000000E+00,0.000000E+00,0.000000E+00,0.000000E+00,1.999212E+01,3.875597E+01,3.251146E+01,4.233424E+01,1.779817E+04,0.000000E+00,5.816345E-01,0.000000E+00,0.000000E+00,0.000000E+00,0.000000E+00,0.000000E+00,0.000000E+00,0.000000E+00,0.000000E+00,0.000000E+00,1.999124E+01,4.375162E+01,3.038471E+01,4.776315E+01
04:10:00,8.901016E+03,0.000000E+00,2.908902E-01,0.000000E+00,0.000000E+00,0.000000E+00,0.000000E+00,0.000000E+00,0.000000E+00,0.000000E+00,0.000000E+00,0.000000E+00,1.999224E+01,3.805486E+01,2.593620E+01,6.192524E+01,8.849574E+03,0.000000E+00,2.892091E-01,0.000000E+00,0.000000E+00,0.000000E+00,0.000000E+00,0.000000E+00,0.000000E+00,0.000000E+00,0.000000E+00,0.000000E+00,1.999224E+01,3.799615E+01,2.990125E+01,4.915747E+01,8.857342E+03,0.000000E+00,2.894629E-01,0.000000E+00,0.000000E+00,0.000000E+00,0.000000E+00,0.000000E+00,0.000000E+00,0.000000E+00,0.000000E+00,0.000000E+00,1.999224E+01,3.800277E+01,3.153547E+01,4.478362E+01,8.941316E+03,0.000000E+00,2.922070E-01,0.000000E+00,0.000000E+00,0.000000E+00,0.000000E+00,0.000000E+00,0.000000E+00,0.000000E+00,0.000000E+00,0.000000E+00,1.999222E+01,3.808761E+01,3.226705E+01,4.296971E+01,9.643346E+03,0.000000E+00,3.151485E-01,0.000000E+00,0.000000E+00,0.000000E+00,0.000000E+00,0.000000E+00,0.000000E+00,0.000000E+00,0.000000E+00,0.000000E+00,1.999210E+01,3.876580E+01,3.240587E+01,4.263567E+01,1.784634E+04,0.000000E+00,5.832086E-01,0.000000E+00,0.000000E+00,0.000000E+00,0.000000E+00,0.000000E+00,0.000000E+00,0.000000E+00,0.000000E+00,0.000000E+00,1.999122E+01,4.375895E+01,3.024013E+01,4.821565E+01
04:20:00,8.924410E+03,0.000000E+00,2.916546E-01,0.000000E+00,0.000000E+00,0.000000E+00,0.000000E+00,0.000000E+00,0.000000E+00,0.000000E+00,0.000000E+00,0.000000E+00,1.999223E+01,3.806101E+01,2.587347E+01,6.222050E+01,8.875633E+03,0.000000E+00,2.900606E-01,0.000000E+00,0.000000E+00,0.000000E+00,0.000000E+00,0.000000E+00,0.000000E+00,0.000000E+00,0.000000E+00,0.000000E+00,1.999223E+01,3.800529E+01,2.982101E+01,4.943503E+01,8.883778E+03,0.000000E+00,2.903267E-01,0.000000E+00,0.000000E+00,0.000000E+00,0.000000E+00,0.000000E+00,0.000000E+00,0.000000E+00,0.000000E+00,0.000000E+00,1.999222E+01,3.801229E+01,3.145184E+01,4.504225E+01,8.967995E+03,0.000000E+00,2.930788E-01,0.000000E+00,0.000000E+00,0.000000E+00,0.000000E+00,0.000000E+00,0.000000E+00,0.000000E+00,0.000000E+00,0.000000E+00,1.999221E+01,3.809715E+01,3.217938E+01,4.322645E+01,9.672241E+03,0.000000E+00,3.160927E-01,0.000000E+00,0.000000E+00,0.000000E+00,0.000000E+00,0.000000E+00,0.000000E+00,0.000000E+00,0.000000E+00,0.000000E+00,1.999209E+01,3.877570E+01,3.230336E+01,4.292601E+01,1.789597E+04,0.000000E+00,5.848302E-01,0.000000E+00,0.000000E+00,0.000000E+00,0.000000E+00,0.000000E+00,0.000000E+00,0.000000E+00,0.000000E+00,0.000000E+00,1.999121E+01,4.376691E+01,3.009949E+01,4.865511E+01
04:30:00,8.948484E+03,0.000000E+00,2.924413E-01,0.000000E+00,0.000000E+00,0.000000E+00,0.000000E+00,0.000000E+00,0.000000E+00,0.000000E+00,0.000000E+00,0.000000E+00,1.999221E+01,3.806791E+01,2.581444E+01,6.249183E+01,8.902337E+03,0.000000E+00,2.909331E-01,0.000000E+00,0.000000E+00,0.000000E+00,0.000000E+00,0.000000E+00,0.000000E+00,0.000000E+00,0.000000E+00,0.000000E+00,1.999221E+01,3.801513E+01,2.974447E+01,4.969443E+01,8.910855E+03,0.000000E+00,2.912115E-01,0.000000E+00,0.000000E+00,0.000000E+00,0.000000E+00,0.000000E+00,0.000000E+00,0.000000E+00,0.000000E+00,0.000000E+00,1.999220E+01,3.802250E+01,3.137175E+01,4.528492E+01,8.995314E+03,0.000000E+00,2.939715E-01,0.000000E+00,0.000000E+00,0.000000E+00,0.000000E+00,0.000000E+00,0.000000E+00,0.000000E+00,0.000000E+00,0.000000E+00,1.999219E+01,3.810738E+01,3.209511E+01,4.346835E+01,9.701781E+03,0.000000E+00,3.170579E-01,0.000000E+00,0.000000E+00,0.000000E+00,0.000000E+00,0.000000E+00,0.000000E+00,0.000000E+00,0.000000E+00,0.000000E+00,1.999207E+01,3.878629E+01,3.220445E+01,4.320160E+01,1.794699E+04,0.000000E+00,5.864972E-01,0.000000E+00,0.000000E+00,0.000000E+00,0.000000E+00,0.000000E+00,0.000000E+00,0.000000E+00,0.000000E+00,0.000000E+00,1.999119E+01,4.377602E+01,2.996299E+01,4.907817E+01
04:40:00,8.973250E+03,0.000000E+00,2.932505E-01,0.000000E+00,0.000000E+00,0.000000E+00,0.000000E+00,0.000000E+00,0.000000E+00,0.000000E+00,0.000000E+00,0.000000E+00,1.999219E+01,3.807556E+01,2.575791E+01,6.274331E+01,8.929699E+03,0.000000E+00,2.918272E-01,0.000000E+00,0.000000E+00,0.000000E+00,0.000000E+00,0.000000E+00,0.000000E+00,0.000000E+00,0.000000E+00,0.000000E+00,1.999219E+01,3.802566E+01,2.967039E+01,4.993883E+01,8.938585E+03,0.000000E+00,2.921176E-01,0.000000E+00,0.000000E+00,0.000000E+00,0.000000E+00,0.000000E+00,0.000000E+00,0.000000E+00,0.000000E+00,0.000000E+00,1.999219E+01,3.803339E+01,3.129393E+01,4.551455E+01,9.023286E+03,0.000000E+00,2.948855E-01,0.000000E+00,0.000000E+00,0.000000E+00,0.000000E+00,0.000000E+00,0.000000E+00,0.000000E+00,0.000000E+00,0.000000E+00,1.999217E+01,3.811830E+01,3.201297E+01,4.369822E+01,9.731982E+03,0.000000E+00,3.180447E-01,0.000000E+00,0.000000E+00,0.000000E+00,0.000000E+00,0.000000E+00,0.000000E+00,0.000000E+00,0.000000E+00,0.000000E+00,1.999205E+01,3.879755E+01,3.210793E+01,4.346512E+01,1.799945E+04,0.000000E+00,5.882113E-01,0.000000E+00,0.000000E+00,0.000000E+00,0.000000E+00,0.000000E+00,0.000000E+00,0.000000E+00,0.000000E+00,0.000000E+00,1.999117E+01,4.378603E+01,2.982918E+01,4.948834E+01
04:50:00,8.998719E+03,0.000000E+00,2.940827E-01,0.000000E+00,0.000000E+00,0.000000E+00,0.000000E+00,0.000000E+00,0.000000E+00,0.000000E+00,0.000000E+00,0.000000E+00,1.999218E+01,3.808371E+01,2.570262E+01,6.298053E+01,8.957730E+03,0.000000E+00,2.927431E-01,0.000000E+00,0.000000E+00,0.000000E+00,0.000000E+00,0.000000E+00,0.000000E+00,0.000000E+00,0.000000E+00,0.000000E+00,1.999217E+01,3.803663E+01,2.959750E+01,5.017255E+01,8.966981E+03,0.000000E+00,2.930454E-01,0.000000E+00,0.000000E+00,0.000000E+00,0.000000E+00,0.000000E+00,0.000000E+00,0.000000E+00,0.000000E+00,0.000000E+00,1.999217E+01,3.804472E+01,3.121715E+01,4.573501E+01,9.051922E+03,0.000000E+00,2.958212E-01,0.000000E+00,0.000000E+00,0.000000E+00,0.000000E+00,0.000000E+00,0.000000E+00,0.000000E+00,0.000000E+00,0.000000E+00,1.999215E+01,3.812965E+01,3.193175E+01,4.391970E+01,9.762857E+03,0.000000E+00,3.190536E-01,0.000000E+00,0.000000E+00,0.000000E+00,0.000000E+00,0.000000E+00,0.000000E+00,0.000000E+00,0.000000E+00,0.000000E+00,1.999203E+01,3.880923E+01,3.201259E+01,4.372009E+01,1.805339E+04,0.000000E+00,5.899738E-01,0.000000E+00,0.000000E+00,0.000000E+00,0.000000E+00,0.000000E+00,0.000000E+00,0.000000E+00,0.000000E+00,0.000000E+00,1.999116E+01,4.379649E+01,2.969687E+01,4.988960E+01
05:00:00,9.024899E+03,0.000000E+00,2.949381E-01,0.000000E+00,0.000000E+00,0.000000E+00,0.000000E+00,0.000000E+00,0.000000E+00,0.000000E+00,0.000000E+00,0.000000E+00,1.999216E+01,3.809211E+01,2.564790E+01,6.320716E+01,8.986441E+03,0.000000E+00,2.936812E-01,0.000000E+00,0.000000E+00,0.000000E+00,0.000000E+00,0.000000E+00,0.000000E+00,0.000000E+00,0.000000E+00,0.000000E+00,1.999216E+01,3.804780E+01,2.952514E+01,5.039851E+01,8.996051E+03,0.000000E+00,2.939953E-01,0.000000E+00,0.000000E+00,0.000000E+00,0.000000E+00,0.000000E+00,0.000000E+00,0.000000E+00,0.000000E+00,0.000000E+00,1.999215E+01,3.805625E+01,3.114076E+01,4.594881E+01,9.081233E+03,0.000000E+00,2.967789E-01,0.000000E+00,0.000000E+00,0.000000E+00,0.000000E+00,0.000000E+00,0.000000E+00,0.000000E+00,0.000000E+00,0.000000E+00,1.999214E+01,3.814119E+01,3.185091E+01,4.413497E+01,9.794419E+03,0.000000E+00,3.200849E-01,0.000000E+00,0.000000E+00,0.000000E+00,0.000000E+00,0.000000E+00,0.000000E+00,0.000000E+00,0.000000E+00,0.000000E+00,1.999202E+01,3.882107E+01,3.191775E+01,4.396897E+01,1.810885E+04,0.000000E+00,5.917861E-01,0.000000E+00,0.000000E+00,0.000000E+00,0.000000E+00,0.000000E+00,0.000000E+00,0.000000E+00,0.000000E+00,0.000000E+00,1.999115E+01,4.380706E+01,2.956579E+01,5.028347E+01
05:10:00,9.050922E+03,0.000000E+00,2.957884E-01,0.000000E+00,0.000000E+00,0.000000E+00,0.000000E+00,0.000000E+00,0.000000E+00,0.000000E+00,0.000000E+00,0.000000E+00,1.999214E+01,3.810060E+01,2.559355E+01,6.342503E+01,9.014953E+03,0.000000E+00,2.946129E-01,0.000000E+00,0.000000E+00,0.000000E+00,0.000000E+00,0.000000E+00,0.000000E+00,0.000000E+00,0.000000E+00,0.000000E+00,1.999214E+01,3.805902E+01,2.945308E+01,5.061811E+01,9.024916E+03,0.000000E+00,2.949384E-01,0.000000E+00,0.000000E+00,0.000000E+00,0.000000E+00,0.000000E+00,0.000000E+00,0.000000E+00,0.000000E+00,0.000000E+00,1.999214E+01,3.806781E+01,3.106459E+01,4.615715E+01,9.110336E+03,0.000000E+00,2.977298E-01,0.000000E+00,0.000000E+00,0.000000E+00,0.000000E+00,0.000000E+00,0.000000E+00,0.000000E+00,0.000000E+00,0.000000E+00,1.999212E+01,3.815276E+01,3.177027E+01,4.434513E+01,9.825768E+03,0.000000E+00,3.211092E-01,0.000000E+00,0.000000E+00,0.000000E+00,0.000000E+00,0.000000E+00,0.000000E+00,0.000000E+00,0.000000E+00,0.000000E+00,1.999200E+01,3.883291E+01,3.182315E+01,4.421313E+01,1.816452E+04,0.000000E+00,5.936048E-01,0.000000E+00,0.000000E+00,0.000000E+00,0.000000E+00,0.000000E+00,0.000000E+00,0.000000E+00,0.000000E+00,0.000000E+00,1.999113E+01,4.381755E+01,2.943585E+01,5.067096E+01
05:20:00,9.076740E+03,0.000000E+00,2.966319E-01,0.000000E+00,0.000000E+00,0.000000E+00,0.000000E+00,0.000000E+00,0.000000E+00,0.000000E+00,0.000000E+00,0.000000E+00,1.999213E+01,3.810902E+01,2.554051E+01,6.362694E+01,9.043207E+03,0.000000E+00,2.955360E-01,0.000000E+00,0.000000E+00,0.000000E+00,0.000000E+00,0.000000E+00,0.000000E+00,0.000000E+00,0.000000E+00,0.000000E+00,1.999213E+01,3.807009E+01,2.938231E+01,5.082557E+01,9.053512E+03,0.000000E+00,2.958728E-01,0.000000E+00,0.000000E+00,0.000000E+00,0.000000E+00,0.000000E+00,0.000000E+00,0.000000E+00,0.000000E+00,0.000000E+00,1.999212E+01,3.807922E+01,3.098963E+01,4.635474E+01,9.139164E+03,0.000000E+00,2.986718E-01,0.000000E+00,0.000000E+00,0.000000E+00,0.000000E+00,0.000000E+00,0.000000E+00,0.000000E+00,0.000000E+00,0.000000E+00,1.999211E+01,3.816418E+01,3.169081E+01,4.454515E+01,9.856834E+03,0.000000E+00,3.221242E-01,0.000000E+00,0.000000E+00,0.000000E+00,0.000000E+00,0.000000E+00,0.000000E+00,0.000000E+00,0.000000E+00,0.000000E+00,1.999199E+01,3.884458E+01,3.172961E+01,4.444785E+01,1.822028E+04,0.000000E+00,5.954267E-01,0.000000E+00,0.000000E+00,0.000000E+00,0.000000E+00,0.000000E+00,0.000000E+00,0.000000E+00,0.000000E+00,0.000000E+00,1.999112E+01,4.382809E+01,2.930743E+01,5.104786E+01
05:30:00,9.102364E+03,0.000000E+00,2.974692E-01,0.000000E+00,0.000000E+00,0.000000E+00,0.000000E+00,0.000000E+00,0.000000E+00,0.000000E+00,0.000000E+00,0.000000E+00,1.999211E+01,3.811728E+01,2.548903E+01,6.381015E+01,9.071213E+03,0.000000E+00,2.964512E-01,0.000000E+00,0.000000E+00,0.000000E+00,0.000000E+00,0.000000E+00,0.000000E+00,0.000000E+00,0.000000E+00,0.000000E+00,1.999211E+01,3.808094E+01,2.931314E+01,5.101845E+01,9.081850E+03,0.000000E+00,2.967987E-01,0.000000E+00,0.000000E+00,0.000000E+00,0.000000E+00,0.000000E+00,0.000000E+00,0.000000E+00,0.000000E+00,0.000000E+00,1.999211E+01,3.809039E+01,3.091622E+01,4.653931E+01,9.167729E+03,0.000000E+00,2.996051E-01,0.000000E+00,0.000000E+00,0.000000E+00,0.000000E+00,0.000000E+00,0.000000E+00,0.000000E+00,0.000000E+00,0.000000E+00,1.999209E+01,3.817535E+01,3.161286E+01,4.473287E+01,9.887629E+03,0.000000E+00,3.231305E-01,0.000000E+00,0.000000E+00,0.000000E+00,0.000000E+00,0.000000E+00,0.000000E+00,0.000000E+00,0.000000E+00,0.000000E+00,1.999197E+01,3.885601E+01,3.163745E+01,4.467102E+01,1.827619E+04,0.000000E+00,5.972536E-01,0.000000E+00,0.000000E+00,0.000000E+00,0.000000E+00,0.000000E+00,0.000000E+00,0.000000E+00,0.000000E+00,0.000000E+00,1.999110E+01,4.383876E+01,2.918057E+01,5.141245E+01
05:40:00,9.127801E+03,0.000000E+00,2.983003E-01,0.000000E+00,0.000000E+00,0.000000E+00,0.000000E+00,0.000000E+00,0.000000E+00,0.000000E+00,0.000000E+00,0.000000E+00,1.999210E+01,3.812534E+01,2.543868E+01,6.397663E+01,9.098977E+03,0.000000E+00,2.973583E-01,0.000000E+00,0.000000E+00,0.000000E+00,0.000000E+00,0.000000E+00,0.000000E+00,0.000000E+00,0.000000E+00,0.000000E+00,1.999210E+01,3.809152E+01,2.924511E+01,5.119838E+01,9.109933E+03,0.000000E+00,2.977163E-01,0.000000E+00,0.000000E+00,0.000000E+00,0.000000E+00,0.000000E+00,0.000000E+00,0.000000E+00,0.000000E+00,0.000000E+00,1.999209E+01,3.810129E+01,3.084384E+01,4.671242E+01,9.196033E+03,0.000000E+00,3.005300E-01,0.000000E+00,0.000000E+00,0.000000E+00,0.000000E+00,0.000000E+00,0.000000E+00,0.000000E+00,0.000000E+00,0.000000E+00,1.999208E+01,3.818625E+01,3.153588E+01,4.490986E+01,9.918161E+03,0.000000E+00,3.241281E-01,0.000000E+00,0.000000E+00,0.000000E+00,0.000000E+00,0.000000E+00,0.000000E+00,0.000000E+00,0.000000E+00,0.000000E+00,1.999196E+01,3.886717E+01,3.154616E+01,4.488410E+01,1.833229E+04,0.000000E+00,5.990867E-01,0.000000E+00,0.000000E+00,0.000000E+00,0.000000E+00,0.000000E+00,0.000000E+00,0.000000E+00,0.000000E+00,0.000000E+00,1.999109E+01,4.384950E+01,2.905487E+01,5.176601E+01
05:50:00,9.153054E+03,0.000000E+00,2.991255E-01,0.000000E+00,0.000000E+00,0.000000E+00,0.000000E+00,0.000000E+00,0.000000E+00,0.000000E+00,0.000000E+00,0.000000E+00,1.999208E+01,3.813320E+01,2.538898E+01,6.412942E+01,9.126503E+03,0.000000E+00,2.982577E-01,0.000000E+00,0.000000E+00,0.000000E+00,0.000000E+00,0.000000E+00,0.000000E+00,0.000000E+00,0.000000E+00,0.000000E+00,1.999208E+01,3.810184E+01,2.917766E+01,5.136789E+01,9.137765E+03,0.000000E+00,2.986258E-01,0.000000E+00,0.000000E+00,0.000000E+00,0.000000E+00,0.000000E+00,0.000000E+00,0.000000E+00,0.000000E+00,0.000000E+00,1.999208E+01,3.811190E+01,3.077195E+01,4.687641E+01,9.224081E+03,0.000000E+00,3.014464E-01,0.000000E+00,0.000000E+00,0.000000E+00,0.000000E+00,0.000000E+00,0.000000E+00,0.000000E+00,0.000000E+00,0.000000E+00,1.999206E+01,3.819686E+01,3.145931E+01,4.507840E+01,9.948436E+03,0.000000E+00,3.251173E-01,0.000000E+00,0.000000E+00,0.000000E+00,0.000000E+00,0.000000E+00,0.000000E+00,0.000000E+00,0.000000E+00,0.000000E+00,1.999194E+01,3.887806E+01,3.145522E+01,4.508924E+01,1.838861E+04,0.000000E+00,6.009269E-01,0.000000E+00,0.000000E+00,0.000000E+00,0.000000E+00,0.000000E+00,0.000000E+00,0.000000E+00,0.000000E+00,0.000000E+00,1.999108E+01,4.386021E+01,2.893000E+01,5.211035E+01
06:00:00,9.178129E+03,0.000000E+00,2.999448E-01,0.000000E+00,0.000000E+00,0.000000E+00,0.000000E+00,0.000000E+00,0.000000E+00,0.000000E+00,0.000000E+00,0.000000E+00,1.999207E+01,3.814087E+01,2.533968E+01,6.427075E+01,9.153795E+03,0.000000E+00,2.991495E-01,0.000000E+00,0.000000E+00,0.000000E+00,0.000000E+00,0.000000E+00,0.000000E+00,0.000000E+00,0.000000E+00,0.000000E+00,1.999207E+01,3.811190E+01,2.911056E+01,5.152878E+01,9.165352E+03,0.000000E+00,2.995271E-01,0.000000E+00,0.000000E+00,0.000000E+00,0.000000E+00,0.000000E+00,0.000000E+00,0.000000E+00,0.000000E+00,0.000000E+00,1.999206E+01,3.812224E+01,3.070030E+01,4.703290E+01,9.251877E+03,0.000000E+00,3.023547E-01,0.000000E+00,0.000000E+00,0.000000E+00,0.000000E+00,0.000000E+00,0.000000E+00,0.000000E+00,0.000000E+00,0.000000E+00,1.999205E+01,3.820719E+01,3.138291E+01,4.523998E+01,9.978460E+03,0.000000E+00,3.260984E-01,0.000000E+00,0.000000E+00,0.000000E+00,0.000000E+00,0.000000E+00,0.000000E+00,0.000000E+00,0.000000E+00,0.000000E+00,1.999193E+01,3.888867E+01,3.136443E+01,4.528783E+01,1.844518E+04,0.000000E+00,6.027754E-01,0.000000E+00,0.000000E+00,0.000000E+00,0.000000E+00,0.000000E+00,0.000000E+00,0.000000E+00,0.000000E+00,0.000000E+00,1.999106E+01,4.387081E+01,2.880587E+01,5.244670E+01
06:10:00,9.202091E+03,0.000000E+00,3.007277E-01,0.000000E+00,0.000000E+00,0.000000E+00,0.000000E+00,0.000000E+00,0.000000E+00,0.000000E+00,0.000000E+00,0.000000E+00,1.999205E+01,3.814833E+01,2.529089E+01,6.440140E+01,9.179911E+03,0.000000E+00,3.000028E-01,0.000000E+00,0.000000E+00,0.000000E+00,0.000000E+00,0.000000E+00,0.000000E+00,0.000000E+00,0.000000E+00,0.000000E+00,1.999205E+01,3.812169E+01,2.904392E+01,5.168162E+01,9.191748E+03,0.000000E+00,3.003896E-01,0.000000E+00,0.000000E+00,0.000000E+00,0.000000E+00,0.000000E+00,0.000000E+00,0.000000E+00,0.000000E+00,0.000000E+00,1.999205E+01,3.813231E+01,3.062903E+01,4.718236E+01,9.278474E+03,0.000000E+00,3.032237E-01,0.000000E+00,0.000000E+00,0.000000E+00,0.000000E+00,0.000000E+00,0.000000E+00,0.000000E+00,0.000000E+00,0.000000E+00,1.999203E+01,3.821725E+01,3.130684E+01,4.539501E+01,1.000726E+04,0.000000E+00,3.270395E-01,0.000000E+00,0.000000E+00,0.000000E+00,0.000000E+00,0.000000E+00,0.000000E+00,0.000000E+00,0.000000E+00,0.000000E+00,1.999191E+01,3.889901E+01,3.127401E+01,4.548012E+01,1.850053E+04,0.000000E+00,6.045839E-01,0.000000E+00,0.000000E+00,0.000000E+00,0.000000E+00,0.000000E+00,0.000000E+00,0.000000E+00,0.000000E+00,0.000000E+00,1.999105E+01,4.388127E+01,2.868329E+01,5.277343E+01
06:20:00,9.224887E+03,0.000000E+00,3.014725E-01,0.000000E+00,0.000000E+00,0.000000E+00,0.000000E+00,0.000000E+00,0.000000E+00,0.000000E+00,0.000000E+00,0.000000E+00,1.999204E+01,3.815452E+01,2.524373E+01,6.453043E+01,9.204783E+03,0.000000E+00,3.008155E-01,0.000000E+00,0.000000E+00,0.000000E+00,0.000000E+00,0.000000E+00,0.000000E+00,0.000000E+00,0.000000E+00,0.000000E+00,1.999204E+01,3.813014E+01,2.897891E+01,5.183372E+01,9.216880E+03,0.000000E+00,3.012108E-01,0.000000E+00,0.000000E+00,0.000000E+00,0.000000E+00,0.000000E+00,0.000000E+00,0.000000E+00,0.000000E+00,0.000000E+00,1.999204E+01,3.814102E+01,3.055932E+01,4.733152E+01,9.303797E+03,0.000000E+00,3.040511E-01,0.000000E+00,0.000000E+00,0.000000E+00,0.000000E+00,0.000000E+00,0.000000E+00,0.000000E+00,0.000000E+00,0.000000E+00,1.999202E+01,3.822594E+01,3.123230E+01,4.554997E+01,1.003477E+04,0.000000E+00,3.279381E-01,0.000000E+00,0.000000E+00,0.000000E+00,0.000000E+00,0.000000E+00,0.000000E+00,0.000000E+00,0.000000E+00,0.000000E+00,1.999190E+01,3.890803E+01,3.118524E+01,4.567236E+01,1.855454E+04,0.000000E+00,6.063485E-01,0.000000E+00,0.000000E+00,0.000000E+00,0.000000E+00,0.000000E+00,0.000000E+00,0.000000E+00,0.000000E+00,0.000000E+00,1.999104E+01,4.389088E+01,2.856471E+01,5.309392E+01
06:30:00,9.246525E+03,0.000000E+00,3.021795E-01,0.000000E+00,0.000000E+00,0.000000E+00,0.000000E+00,0.000000E+00,0.000000E+00,0.000000E+00,0.000000E+00,0.000000E+00,1.999203E+01,3.815898E+01,2.519833E+01,6.466483E+01,9.228417E+03,0.000000E+00,3.015877E-01,0.000000E+00,0.000000E+00,0.000000E+00,0.000000E+00,0.000000E+00,0.000000E+00,0.000000E+00,0.000000E+00,0.000000E+00,1.999203E+01,3.813675E+01,2.891570E+01,5.199067E+01,9.240755E+03,0.000000E+00,3.019909E-01,0.000000E+00,0.000000E+00,0.000000E+00,0.000000E+00,0.000000E+00,0.000000E+00,0.000000E+00,0.000000E+00,0.000000E+00,1.999203E+01,3.814788E+01,3.049132E+01,4.748556E+01,9.327850E+03,0.000000E+00,3.048371E-01,0.000000E+00,0.000000E+00,0.000000E+00,0.000000E+00,0.000000E+00,0.000000E+00,0.000000E+00,0.000000E+00,0.000000E+00,1.999201E+01,3.823279E+01,3.115942E+01,4.570990E+01,1.006098E+04,0.000000E+00,3.287945E-01,0.000000E+00,0.000000E+00,0.000000E+00,0.000000E+00,0.000000E+00,0.000000E+00,0.000000E+00,0.000000E+00,0.000000E+00,1.999189E+01,3.891528E+01,3.109827E+01,4.586955E+01,1.860726E+04,0.000000E+00,6.080711E-01,0.000000E+00,0.000000E+00,0.000000E+00,0.000000E+00,0.000000E+00,0.000000E+00,0.000000E+00,0.000000E+00,0.000000E+00,1.999103E+01,4.389944E+01,2.845007E+01,5.341447E+01
06:40:00,9.267005E+03,0.000000E+00,3.028487E-01,0.000000E+00,0.000000E+00,0.000000E+00,0.000000E+00,0.000000E+00,0.000000E+00,0.000000E+00,0.000000E+00,0.000000E+00,1.999202E+01,3.816186E+01,2.515421E+01,6.480804E+01,9.250812E+03,0.000000E+00,3.023195E-01,0.000000E+00,0.000000E+00,0.000000E+00,0.000000E+00,0.000000E+00,0.000000E+00,0.000000E+00,0.000000E+00,0.000000E+00,1.999202E+01,3.814169E+01,2.885379E+01,5.215526E+01,9.263370E+03,0.000000E+00,3.027298E-01,0.000000E+00,0.000000E+00,0.000000E+00,0.000000E+00,0.000000E+00,0.000000E+00,0.000000E+00,0.000000E+00,0.000000E+00,1.999201E+01,3.815304E+01,3.042453E+01,4.764701E+01,9.350631E+03,0.000000E+00,3.055814E-01,0.000000E+00,0.000000E+00,0.000000E+00,0.000000E+00,0.000000E+00,0.000000E+00,0.000000E+00,0.000000E+00,0.000000E+00,1.999200E+01,3.823794E+01,3.108770E+01,4.587726E+01,1.008589E+04,0.000000E+00,3.296086E-01,0.000000E+00,0.000000E+00,0.000000E+00,0.000000E+00,0.000000E+00,0.000000E+00,0.000000E+00,0.000000E+00,0.000000E+00,1.999188E+01,3.892092E+01,3.101258E+01,4.607418E+01,1.865872E+04,0.000000E+00,6.097525E-01,0.000000E+00,0.000000E+00,0.000000E+00,0.000000E+00,0.000000E+00,0.000000E+00,0.000000E+00,0.000000E+00,0.000000E+00,1.999101E+01,4.390716E+01,2.833801E+01,5.374051E+01
06:50:00,9.286327E+03,0.000000E+00,3.034800E-01,0.000000E+00,0.000000E+00,0.000000E+00,0.000000E+00,0.000000E+00,0.000000E+00,0.000000E+00,0.000000E+00,0.000000E+00,1.999201E+01,3.816353E+01,2.511956E+01,6.492718E+01,9.271968E+03,0.000000E+00,3.030107E-01,0.000000E+00,0.000000E+00,0.000000E+00,0.000000E+00,0.000000E+00,0.000000E+00,0.000000E+00,0.000000E+00,0.000000E+00,1.999201E+01,3.814533E+01,2.880171E+01,5.230066E+01,9.284723E+03,0.000000E+00,3.034275E-01,0.000000E+00,0.000000E+00,0.000000E+00,0.000000E+00,0.000000E+00,0.000000E+00,0.000000E+00,0.000000E+00,0.000000E+00,1.999200E+01,3.815687E+01,3.036745E+01,4.779173E+01,9.372138E+03,0.000000E+00,3.062841E-01,0.000000E+00,0.000000E+00,0.000000E+00,0.000000E+00,0.000000E+00,0.000000E+00,0.000000E+00,0.000000E+00,0.000000E+00,1.999199E+01,3.824176E+01,3.102590E+01,4.602819E+01,1.010951E+04,0.000000E+00,3.303803E-01,0.000000E+00,0.000000E+00,0.000000E+00,0.000000E+00,0.000000E+00,0.000000E+00,0.000000E+00,0.000000E+00,0.000000E+00,1.999187E+01,3.892531E+01,3.093877E+01,4.625750E+01,1.870894E+04,0.000000E+00,6.113934E-01,0.000000E+00,0.000000E+00,0.000000E+00,0.000000E+00,0.000000E+00,0.000000E+00,0.000000E+00,0.000000E+00,0.000000E+00,1.999100E+01,4.391433E+01,2.826995E+01,5.394097E+01
07:00:00,9.304491E+03,0.000000E+00,3.040735E-01,0.000000E+00,0.000000E+00,0.000000E+00,0.000000E+00,0.000000E+00,0.000000E+00,0.000000E+00,0.000000E+00,0.000000E+00,1.999200E+01,3.816432E+01,2.509691E+01,6.501062E+01,9.291883E+03,0.000000E+00,3.036615E-01,0.000000E+00,0.000000E+00,0.000000E+00,0.000000E+00,0.000000E+00,0.000000E+00,0.000000E+00,0.000000E+00,0.000000E+00,1.999199E+01,3.814801E+01,2.876226E+01,5.241676E+01,9.304814E+03,0.000000E+00,3.040840E-01,0.000000E+00,0.000000E+00,0.000000E+00,0.000000E+00,0.000000E+00,0.000000E+00,0.000000E+00,0.000000E+00,0.000000E+00,1.999199E+01,3.815973E+01,3.032287E+01,4.791057E+01,9.392369E+03,0.000000E+00,3.069451E-01,0.000000E+00,0.000000E+00,0.000000E+00,0.000000E+00,0.000000E+00,0.000000E+00,0.000000E+00,0.000000E+00,0.000000E+00,1.999197E+01,3.824461E+01,3.097673E+01,4.615411E+01,1.013183E+04,0.000000E+00,3.311097E-01,0.000000E+00,0.000000E+00,0.000000E+00,0.000000E+00,0.000000E+00,0.000000E+00,0.000000E+00,0.000000E+00,0.000000E+00,1.999186E+01,3.892880E+01,3.088000E+01,4.640951E+01,1.875794E+04,0.000000E+00,6.129944E-01,0.000000E+00,0.000000E+00,0.000000E+00,0.000000E+00,0.000000E+00,0.000000E+00,0.000000E+00,0.000000E+00,0.000000E+00,1.999099E+01,4.392118E+01,2.825251E+01,5.399196E+01
07:10:00,9.317903E+03,0.000000E+00,3.045117E-01,0.000000E+00,0.000000E+00,0.000000E+00,0.000000E+00,0.000000E+00,0.000000E+00,0.000000E+00,0.000000E+00,0.000000E+00,1.999199E+01,3.816446E+01,2.508312E+01,6.506888E+01,9.306919E+03,0.000000E+00,3.041527E-01,0.000000E+00,0.000000E+00,0.000000E+00,0.000000E+00,0.000000E+00,0.000000E+00,0.000000E+00,0.000000E+00,0.000000E+00,1.999198E+01,3.814996E+01,2.873229E+01,5.251170E+01,9.320004E+03,0.000000E+00,3.045803E-01,0.000000E+00,0.000000E+00,0.000000E+00,0.000000E+00,0.000000E+00,0.000000E+00,0.000000E+00,0.000000E+00,0.000000E+00,1.999198E+01,3.816185E+01,3.028757E+01,4.801102E+01,9.407683E+03,0.000000E+00,3.074455E-01,0.000000E+00,0.000000E+00,0.000000E+00,0.000000E+00,0.000000E+00,0.000000E+00,0.000000E+00,0.000000E+00,0.000000E+00,1.999196E+01,3.824672E+01,3.093687E+01,4.626245E+01,1.014906E+04,0.000000E+00,3.316727E-01,0.000000E+00,0.000000E+00,0.000000E+00,0.000000E+00,0.000000E+00,0.000000E+00,0.000000E+00,0.000000E+00,0.000000E+00,1.999184E+01,3.893161E+01,3.083269E+01,4.653827E+01,1.879842E+04,0.000000E+00,6.143170E-01,0.000000E+00,0.000000E+00,0.000000E+00,0.000000E+00,0.000000E+00,0.000000E+00,0.000000E+00,0.000000E+00,0.000000E+00,1.999097E+01,4.392781E+01,2.826708E+01,5.395005E+01
07:20:00,9.326346E+03,0.000000E+00,3.047875E-01,0.000000E+00,0.000000E+00,0.000000E+00,0.000000E+00,0.000000E+00,0.000000E+00,0.000000E+00,0.000000E+00,0.000000E+00,1.999199E+01,3.816527E+01,2.509655E+01,6.504325E+01,9.316843E+03,0.000000E+00,3.044769E-01,0.000000E+00,0.000000E+00,0.000000E+00,0.000000E+00,0.000000E+00,0.000000E+00,0.000000E+00,0.000000E+00,0.000000E+00,1.999199E+01,3.815246E+01,2.873063E+01,5.253826E+01,9.330061E+03,0.000000E+00,3.049089E-01,0.000000E+00,0.000000E+00,0.000000E+00,0.000000E+00,0.000000E+00,0.000000E+00,0.000000E+00,0.000000E+00,0.000000E+00,1.999199E+01,3.816449E+01,3.028036E+01,4.805058E+01,9.417845E+03,0.000000E+00,3.077775E-01,0.000000E+00,0.000000E+00,0.000000E+00,0.000000E+00,0.000000E+00,0.000000E+00,0.000000E+00,0.000000E+00,0.000000E+00,1.999197E+01,3.824937E+01,3.092509E+01,4.631256E+01,1.016090E+04,0.000000E+00,3.320593E-01,0.000000E+00,0.000000E+00,0.000000E+00,0.000000E+00,0.000000E+00,0.000000E+00,0.000000E+00,0.000000E+00,0.000000E+00,1.999185E+01,3.893506E+01,3.081566E+01,4.660264E+01,1.882962E+04,0.000000E+00,6.153366E-01,0.000000E+00,0.000000E+00,0.000000E+00,0.000000E+00,0.000000E+00,0.000000E+00,0.000000E+00,0.000000E+00,0.000000E+00,1.999098E+01,4.393497E+01,2.832870E+01,5.377900E+01
07:30:00,9.329883E+03,0.000000E+00,3.049031E-01,0.000000E+00,0.000000E+00,0.000000E+00,0.000000E+00,0.000000E+00,0.000000E+00,0.000000E+00,0.000000E+00,0.000000E+00,1.999200E+01,3.816712E+01,2.513967E+01,6.492965E+01,9.321722E+03,0.000000E+00,3.046363E-01,0.000000E+00,0.000000E+00,0.000000E+00,0.000000E+00,0.000000E+00,0.000000E+00,0.000000E+00,0.000000E+00,0.000000E+00,1.999200E+01,3.815583E+01,2.875993E+01,5.249254E+01,9.335055E+03,0.000000E+00,3.050720E-01,0.000000E+00,0.000000E+00,0.000000E+00,0.000000E+00,0.000000E+00,0.000000E+00,0.000000E+00,0.000000E+00,0.000000E+00,1.999200E+01,3.816800E+01,3.030369E+01,4.802629E+01,9.422920E+03,0.000000E+00,3.079433E-01,0.000000E+00,0.000000E+00,0.000000E+00,0.000000E+00,0.000000E+00,0.000000E+00,0.000000E+00,0.000000E+00,0.000000E+00,1.999198E+01,3.825291E+01,3.094356E+01,4.630234E+01,1.016742E+04,0.000000E+00,3.322726E-01,0.000000E+00,0.000000E+00,0.000000E+00,0.000000E+00,0.000000E+00,0.000000E+00,0.000000E+00,0.000000E+00,0.000000E+00,1.999186E+01,3.893945E+01,3.083075E+01,4.660127E+01,1.885177E+04,0.000000E+00,6.160601E-01,0.000000E+00,0.000000E+00,0.000000E+00,0.000000E+00,0.000000E+00,0.000000E+00,0.000000E+00,0.000000E+00,0.000000E+00,1.999099E+01,4.394254E+01,2.843501E+01,5.349194E+01
07:40:00,9.328508E+03,0.000000E+00,3.048581E-01,0.000000E+00,0.000000E+00,0.000000E+00,0.000000E+00,0.000000E+00,0.000000E+00,0.000000E+00,0.000000E+00,0.000000E+00,1.999202E+01,3.816988E+01,2.520429E+01,6.475848E+01,9.321559E+03,0.000000E+00,3.046310E-01,0.000000E+00,0.000000E+00,0.000000E+00,0.000000E+00,0.000000E+00,0.000000E+00,0.000000E+00,0.000000E+00,0.000000E+00,1.999201E+01,3.815995E+01,2.881204E+01,5.239814E+01,9.334988E+03,0.000000E+00,3.050698E-01,0.000000E+00,0.000000E+00,0.000000E+00,0.000000E+00,0.000000E+00,0.000000E+00,0.000000E+00,0.000000E+00,0.000000E+00,1.999201E+01,3.817224E+01,3.034894E+01,4.796064E+01,9.422915E+03,0.000000E+00,3.079432E-01,0.000000E+00,0.000000E+00,0.000000E+00,0.000000E+00,0.000000E+00,0.000000E+00,0.000000E+00,0.000000E+00,0.000000E+00,1.999199E+01,3.825718E+01,3.098341E+01,4.625396E+01,1.016866E+04,0.000000E+00,3.323129E-01,0.000000E+00,0.000000E+00,0.000000E+00,0.000000E+00,0.000000E+00,0.000000E+00,0.000000E+00,0.000000E+00,0.000000E+00,1.999187E+01,3.894461E+01,3.086893E+01,4.655687E+01,1.886480E+04,0.000000E+00,6.164860E-01,0.000000E+00,0.000000E+00,0.000000E+00,0.000000E+00,0.000000E+00,0.000000E+00,0.000000E+00,0.000000E+00,0.000000E+00,1.999100E+01,4.395032E+01,2.857319E+01,5.312916E+01
07:50:00,9.322214E+03,0.000000E+00,3.046525E-01,0.000000E+00,0.000000E+00,0.000000E+00,0.000000E+00,0.000000E+00,0.000000E+00,0.000000E+00,0.000000E+00,0.000000E+00,1.999203E+01,3.817323E+01,2.532546E+01,6.439679E+01,9.316347E+03,0.000000E+00,3.044607E-01,0.000000E+00,0.000000E+00,0.000000E+00,0.000000E+00,0.000000E+00,0.000000E+00,0.000000E+00,0.000000E+00,0.000000E+00,1.999202E+01,3.816453E+01,2.891991E+01,5.215648E+01,9.329856E+03,0.000000E+00,3.049021E-01,0.000000E+00,0.000000E+00,0.000000E+00,0.000000E+00,0.000000E+00,0.000000E+00,0.000000E+00,0.000000E+00,0.000000E+00,1.999202E+01,3.817692E+01,3.044855E+01,4.776575E+01,9.417825E+03,0.000000E+00,3.077768E-01,0.000000E+00,0.000000E+00,0.000000E+00,0.000000E+00,0.000000E+00,0.000000E+00,0.000000E+00,0.000000E+00,0.000000E+00,1.999200E+01,3.826191E+01,3.107854E+01,4.607909E+01,1.016460E+04,0.000000E+00,3.321801E-01,0.000000E+00,0.000000E+00,0.000000E+00,0.000000E+00,0.000000E+00,0.000000E+00,0.000000E+00,0.000000E+00,0.000000E+00,1.999188E+01,3.895025E+01,3.096738E+01,4.637185E+01,1.886867E+04,0.000000E+00,6.166125E-01,0.000000E+00,0.000000E+00,0.000000E+00,0.000000E+00,0.000000E+00,0.000000E+00,0.000000E+00,0.000000E+00,0.000000E+00,1.999101E+01,4.395815E+01,2.885702E+01,5.234707E+01
08:00:00,9.310948E+03,0.000000E+00,3.042844E-01,0.000000E+00,0.000000E+00,0.000000E+00,0.000000E+00,0.000000E+00,0.000000E+00,0.000000E+00,0.000000E+00,0.000000E+00,1.999204E+01,3.817693E+01,2.545657E+01,6.398294E+01,9.306034E+03,0.000000E+00,3.041238E-01,0.000000E+00,0.000000E+00,0.000000E+00,0.000000E+00,0.000000E+00,0.000000E+00,0.000000E+00,0.000000E+00,0.000000E+00,1.999204E+01,3.816936E+01,2.904031E+01,5.186477E+01,9.319610E+03,0.000000E+00,3.045674E-01,0.000000E+00,0.000000E+00,0.000000E+00,0.000000E+00,0.000000E+00,0.000000E+00,0.000000E+00,0.000000E+00,0.000000E+00,1.999203E+01,3.818184E+01,3.056275E+01,4.751945E+01,9.407603E+03,0.000000E+00,3.074428E-01,0.000000E+00,0.000000E+00,0.000000E+00,0.000000E+00,0.000000E+00,0.000000E+00,0.000000E+00,0.000000E+00,0.000000E+00,1.999202E+01,3.826687E+01,3.119066E+01,4.584843E+01,1.015518E+04,0.000000E+00,3.318726E-01,0.000000E+00,0.000000E+00,0.000000E+00,0.000000E+00,0.000000E+00,0.000000E+00,0.000000E+00,0.000000E+00,0.000000E+00,1.999189E+01,3.895614E+01,3.108509E+01,4.612478E+01,1.886310E+04,0.000000E+00,6.164304E-01,0.000000E+00,0.000000E+00,0.000000E+00,0.000000E+00,0.000000E+00,0.000000E+00,0.000000E+00,0.000000E+00,0.000000E+00,1.999102E+01,4.396593E+01,2.919021E+01,5.141785E+01
08:10:00,9.303795E+03,0.000000E+00,3.040507E-01,0.000000E+00,0.000000E+00,0.000000E+00,0.000000E+00,0.000000E+00,0.000000E+00,0.000000E+00,0.000000E+00,0.000000E+00,1.999205E+01,3.818075E+01,2.565374E+01,6.337477E+01,9.299833E+03,0.000000E+00,3.039212E-01,0.000000E+00,0.000000E+00,0.000000E+00,0.000000E+00,0.000000E+00,0.000000E+00,0.000000E+00,0.000000E+00,0.000000E+00,1.999205E+01,3.817423E+01,2.922035E+01,5.143961E+01,9.313487E+03,0.000000E+00,3.043674E-01,0.000000E+00,0.000000E+00,0.000000E+00,0.000000E+00,0.000000E+00,0.000000E+00,0.000000E+00,0.000000E+00,0.000000E+00,1.999205E+01,3.818679E+01,3.073250E+01,4.716352E+01,9.401512E+03,0.000000E+00,3.072439E-01,0.000000E+00,0.000000E+00,0.000000E+00,0.000000E+00,0.000000E+00,0.000000E+00,0.000000E+00,0.000000E+00,0.000000E+00,1.999203E+01,3.827187E+01,3.135622E+01,4.551805E+01,1.014990E+04,0.000000E+00,3.317002E-01,0.000000E+00,0.000000E+00,0.000000E+00,0.000000E+00,0.000000E+00,0.000000E+00,0.000000E+00,0.000000E+00,0.000000E+00,1.999191E+01,3.896207E+01,3.126306E+01,4.575973E+01,1.886203E+04,0.000000E+00,6.163958E-01,0.000000E+00,0.000000E+00,0.000000E+00,0.000000E+00,0.000000E+00,0.000000E+00,0.000000E+00,0.000000E+00,0.000000E+00,1.999104E+01,4.397348E+01,2.962215E+01,5.026212E+01
08:20:00,9.301359E+03,0.000000E+00,3.039712E-01,0.000000E+00,0.000000E+00,0.000000E+00,0.000000E+00,0.000000E+00,0.000000E+00,0.000000E+00,0.000000E+00,0.000000E+00,1.999204E+01,3.818333E+01,2.585980E+01,6.276268E+01,9.298445E+03,0.000000E+00,3.038759E-01,0.000000E+00,0.000000E+00,0.000000E+00,0.000000E+00,0.000000E+00,0.000000E+00,0.000000E+00,0.000000E+00,0.000000E+00,1.999204E+01,3.817785E+01,2.940645E+01,5.101899E+01,9.312210E+03,0.000000E+00,3.043258E-01,0.000000E+00,0.000000E+00,0.000000E+00,0.000000E+00,0.000000E+00,0.000000E+00,0.000000E+00,0.000000E+00,0.000000E+00,1.999204E+01,3.819050E+01,3.090708E+01,4.681465E+01,9.400292E+03,0.000000E+00,3.072041E-01,0.000000E+00,0.000000E+00,0.000000E+00,0.000000E+00,0.000000E+00,0.000000E+00,0.000000E+00,0.000000E+00,0.000000E+00,1.999202E+01,3.827561E+01,3.152618E+01,4.519546E+01,1.014957E+04,0.000000E+00,3.316895E-01,0.000000E+00,0.000000E+00,0.000000E+00,0.000000E+00,0.000000E+00,0.000000E+00,0.000000E+00,0.000000E+00,0.000000E+00,1.999190E+01,3.896660E+01,3.144987E+01,4.539167E+01,1.886675E+04,0.000000E+00,6.165503E-01,0.000000E+00,0.000000E+00,0.000000E+00,0.000000E+00,0.000000E+00,0.000000E+00,0.000000E+00,0.000000E+00,0.000000E+00,1.999103E+01,4.397867E+01,3.003109E+01,4.921891E+01
08:30:00,9.303552E+03,0.000000E+00,3.040429E-01,0.000000E+00,0.000000E+00,0.000000E+00,0.000000E+00,0.000000E+00,0.000000E+00,0.000000E+00,0.000000E+00,0.000000E+00,1.999203E+01,3.818433E+01,2.605997E+01,6.220296E+01,9.301791E+03,0.000000E+00,3.039853E-01,0.000000E+00,0.000000E+00,0.000000E+00,0.000000E+00,0.000000E+00,0.000000E+00,0.000000E+00,0.000000E+00,0.000000E+00,1.999203E+01,3.817996E+01,2.959739E+01,5.060778E+01,9.315704E+03,0.000000E+00,3.044400E-01,0.000000E+00,0.000000E+00,0.000000E+00,0.000000E+00,0.000000E+00,0.000000E+00,0.000000E+00,0.000000E+00,0.000000E+00,1.999202E+01,3.819273E+01,3.108567E+01,4.647613E+01,9.403869E+03,0.000000E+00,3.073211E-01,0.000000E+00,0.000000E+00,0.000000E+00,0.000000E+00,0.000000E+00,0.000000E+00,0.000000E+00,0.000000E+00,0.000000E+00,1.999201E+01,3.827788E+01,3.169964E+01,4.488396E+01,1.015407E+04,0.000000E+00,3.318366E-01,0.000000E+00,0.000000E+00,0.000000E+00,0.000000E+00,0.000000E+00,0.000000E+00,0.000000E+00,0.000000E+00,0.000000E+00,1.999189E+01,3.896946E+01,3.164185E+01,4.503123E+01,1.887693E+04,0.000000E+00,6.168831E-01,0.000000E+00,0.000000E+00,0.000000E+00,0.000000E+00,0.000000E+00,0.000000E+00,0.000000E+00,0.000000E+00,0.000000E+00,1.999103E+01,4.398115E+01,3.046584E+01,4.814814E+01
08:40:00,9.299853E+03,0.000000E+00,3.039220E-01,0.000000E+00,0.000000E+00,0.000000E+00,0.000000E+00,0.000000E+00,0.000000E+00,0.000000E+00,0.000000E+00,0.000000E+00,1.999202E+01,3.818400E+01,2.625510E+01,6.168529E+01,9.299277E+03,0.000000E+00,3.039032E-01,0.000000E+00,0.000000E+00,0.000000E+00,0.000000E+00,0.000000E+00,0.000000E+00,0.000000E+00,0.000000E+00,0.000000E+00,1.999202E+01,3.818086E+01,2.980021E+01,5.018078E+01,9.313624E+03,0.000000E+00,3.043720E-01,0.000000E+00,0.000000E+00,0.000000E+00,0.000000E+00,0.000000E+00,0.000000E+00,0.000000E+00,0.000000E+00,0.000000E+00,1.999201E+01,3.819378E+01,3.127503E+01,4.612566E+01,9.401964E+03,0.000000E+00,3.072588E-01,0.000000E+00,0.000000E+00,0.000000E+00,0.000000E+00,0.000000E+00,0.000000E+00,0.000000E+00,0.000000E+00,0.000000E+00,1.999200E+01,3.827897E+01,3.188278E+01,4.456355E+01,1.015108E+04,0.000000E+00,3.317387E-01,0.000000E+00,0.000000E+00,0.000000E+00,0.000000E+00,0.000000E+00,0.000000E+00,0.000000E+00,0.000000E+00,0.000000E+00,1.999188E+01,3.897097E+01,3.184486E+01,4.465926E+01,1.884034E+04,0.000000E+00,6.156873E-01,0.000000E+00,0.000000E+00,0.000000E+00,0.000000E+00,0.000000E+00,0.000000E+00,0.000000E+00,0.000000E+00,0.000000E+00,1.999102E+01,4.398160E+01,3.094452E+01,4.700027E+01
08:50:00,9.289395E+03,0.000000E+00,3.035803E-01,0.000000E+00,0.000000E+00,0.000000E+00,0.000000E+00,0.000000E+00,0.000000E+00,0.000000E+00,0.000000E+00,0.000000E+00,1.999206E+01,3.817347E+01,2.645211E+01,6.117800E+01,9.289800E+03,0.000000E+00,3.035935E-01,0.000000E+00,0.000000E+00,0.000000E+00,0.000000E+00,0.000000E+00,0.000000E+00,0.000000E+00,0.000000E+00,0.000000E+00,1.999205E+01,3.817157E+01,3.002455E+01,4.970642E+01,9.304752E+03,0.000000E+00,3.040821E-01,0.000000E+00,0.000000E+00,0.000000E+00,0.000000E+00,0.000000E+00,0.000000E+00,0.000000E+00,0.000000E+00,0.000000E+00,1.999205E+01,3.818490E+01,3.148329E+01,4.573824E+01,9.393299E+03,0.000000E+00,3.069757E-01,0.000000E+00,0.000000E+00,0.000000E+00,0.000000E+00,0.000000E+00,0.000000E+00,0.000000E+00,0.000000E+00,0.000000E+00,1.999203E+01,3.827024E+01,3.208270E+01,4.421260E+01,1.013934E+04,0.000000E+00,3.313552E-01,0.000000E+00,0.000000E+00,0.000000E+00,0.000000E+00,0.000000E+00,0.000000E+00,0.000000E+00,0.000000E+00,0.000000E+00,1.999192E+01,3.896132E+01,3.206679E+01,4.425234E+01,1.875247E+04,0.000000E+00,6.128161E-01,0.000000E+00,0.000000E+00,0.000000E+00,0.000000E+00,0.000000E+00,0.000000E+00,0.000000E+00,0.000000E+00,0.000000E+00,1.999114E+01,4.395474E+01,3.142471E+01,4.588926E+01
09:00:00,9.272618E+03,0.000000E+00,3.030321E-01,0.000000E+00,0.000000E+00,0.000000E+00,0.000000E+00,0.000000E+00,0.000000E+00,0.000000E+00,0.000000E+00,0.000000E+00,1.999209E+01,3.814875E+01,2.664026E+01,6.071450E+01,9.273741E+03,0.000000E+00,3.030688E-01,0.000000E+00,0.000000E+00,0.000000E+00,0.000000E+00,0.000000E+00,0.000000E+00,0.000000E+00,0.000000E+00,0.000000E+00,1.999209E+01,3.814785E+01,3.025418E+01,4.922821E+01,9.289444E+03,0.000000E+00,3.035819E-01,0.000000E+00,0.000000E+00,0.000000E+00,0.000000E+00,0.000000E+00,0.000000E+00,0.000000E+00,0.000000E+00,0.000000E+00,1.999208E+01,3.816183E+01,3.170132E+01,4.533482E+01,9.378200E+03,0.000000E+00,3.064823E-01,0.000000E+00,0.000000E+00,0.000000E+00,0.000000E+00,0.000000E+00,0.000000E+00,0.000000E+00,0.000000E+00,0.000000E+00,1.999206E+01,3.824746E+01,3.228703E+01,4.385911E+01,1.011914E+04,0.000000E+00,3.306952E-01,0.000000E+00,0.000000E+00,0.000000E+00,0.000000E+00,0.000000E+00,0.000000E+00,0.000000E+00,0.000000E+00,0.000000E+00,1.999195E+01,3.893605E+01,3.229530E+01,4.383863E+01,1.861472E+04,0.000000E+00,6.083156E-01,0.000000E+00,0.000000E+00,0.000000E+00,0.000000E+00,0.000000E+00,0.000000E+00,0.000000E+00,0.000000E+00,0.000000E+00,1.999125E+01,4.389184E+01,3.188256E+01,4.487071E+01
09:10:00,9.220631E+03,0.000000E+00,3.013333E-01,0.000000E+00,0.000000E+00,0.000000E+00,0.000000E+00,0.000000E+00,0.000000E+00,0.000000E+00,0.000000E+00,0.000000E+00,1.999212E+01,3.811135E+01,2.681612E+01,6.030020E+01,9.221616E+03,0.000000E+00,3.013654E-01,0.000000E+00,0.000000E+00,0.000000E+00,0.000000E+00,0.000000E+00,0.000000E+00,0.000000E+00,0.000000E+00,0.000000E+00,1.999211E+01,3.811107E+01,3.046998E+01,4.879517E+01,9.238155E+03,0.000000E+00,3.019059E-01,0.000000E+00,0.000000E+00,0.000000E+00,0.000000E+00,0.000000E+00,0.000000E+00,0.000000E+00,0.000000E+00,0.000000E+00,1.999211E+01,3.812584E+01,3.192419E+01,4.492437E+01,9.326999E+03,0.000000E+00,3.048092E-01,0.000000E+00,0.000000E+00,0.000000E+00,0.000000E+00,0.000000E+00,0.000000E+00,0.000000E+00,0.000000E+00,0.000000E+00,1.999209E+01,3.821184E+01,3.249336E+01,4.350508E+01,1.005956E+04,0.000000E+00,3.287481E-01,0.000000E+00,0.000000E+00,0.000000E+00,0.000000E+00,0.000000E+00,0.000000E+00,0.000000E+00,0.000000E+00,0.000000E+00,1.999198E+01,3.889667E+01,3.252770E+01,4.342097E+01,1.837719E+04,0.000000E+00,6.005540E-01,0.000000E+00,0.000000E+00,0.000000E+00,0.000000E+00,0.000000E+00,0.000000E+00,0.000000E+00,0.000000E+00,0.000000E+00,1.999132E+01,4.379981E+01,3.232701E+01,4.391268E+01
09:20:00,9.132451E+03,0.000000E+00,2.984519E-01,0.000000E+00,0.000000E+00,0.000000E+00,0.000000E+00,0.000000E+00,0.000000E+00,0.000000E+00,0.000000E+00,0.000000E+00,1.999225E+01,3.807218E+01,2.697852E+01,5.992958E+01,9.132188E+03,0.000000E+00,2.984432E-01,0.000000E+00,0.000000E+00,0.000000E+00,0.000000E+00,0.000000E+00,0.000000E+00,0.000000E+00,0.000000E+00,0.000000E+00,1.999225E+01,3.807167E+01,3.066486E+01,4.841867E+01,9.149517E+03,0.000000E+00,2.990095E-01,0.000000E+00,0.000000E+00,0.000000E+00,0.000000E+00,0.000000E+00,0.000000E+00,0.000000E+00,0.000000E+00,0.000000E+00,1.999225E+01,3.808730E+01,3.213825E+01,4.453509E+01,9.238252E+03,0.000000E+00,3.019092E-01,0.000000E+00,0.000000E+00,0.000000E+00,0.000000E+00,0.000000E+00,0.000000E+00,0.000000E+00,0.000000E+00,0.000000E+00,1.999223E+01,3.817375E+01,3.270165E+01,4.314436E+01,9.959125E+03,0.000000E+00,3.254664E-01,0.000000E+00,0.000000E+00,0.000000E+00,0.000000E+00,0.000000E+00,0.000000E+00,0.000000E+00,0.000000E+00,0.000000E+00,1.999212E+01,3.885402E+01,3.276184E+01,4.299859E+01,1.803699E+04,0.000000E+00,5.894379E-01,0.000000E+00,0.000000E+00,0.000000E+00,0.000000E+00,0.000000E+00,0.000000E+00,0.000000E+00,0.000000E+00,0.000000E+00,1.999149E+01,4.369362E+01,3.275833E+01,4.300501E+01
09:30:00,9.007720E+03,0.000000E+00,2.943762E-01,0.000000E+00,0.000000E+00,0.000000E+00,0.000000E+00,0.000000E+00,0.000000E+00,0.000000E+00,0.000000E+00,0.000000E+00,1.999239E+01,3.803730E+01,2.713166E+01,5.958295E+01,9.005046E+03,0.000000E+00,2.942888E-01,0.000000E+00,0.000000E+00,0.000000E+00,0.000000E+00,0.000000E+00,0.000000E+00,0.000000E+00,0.000000E+00,0.000000E+00,1.999240E+01,3.803546E+01,3.084502E+01,4.807687E+01,9.023117E+03,0.000000E+00,2.948793E-01,0.000000E+00,0.000000E+00,0.000000E+00,0.000000E+00,0.000000E+00,0.000000E+00,0.000000E+00,0.000000E+00,0.000000E+00,1.999239E+01,3.805187E+01,3.233613E+01,4.418171E+01,9.111558E+03,0.000000E+00,2.977694E-01,0.000000E+00,0.000000E+00,0.000000E+00,0.000000E+00,0.000000E+00,0.000000E+00,0.000000E+00,0.000000E+00,0.000000E+00,1.999237E+01,3.813881E+01,3.290251E+01,4.279692E+01,9.817636E+03,0.000000E+00,3.208431E-01,0.000000E+00,0.000000E+00,0.000000E+00,0.000000E+00,0.000000E+00,0.000000E+00,0.000000E+00,0.000000E+00,0.000000E+00,1.999226E+01,3.881398E+01,3.298726E+01,4.259378E+01,1.759863E+04,0.000000E+00,5.751147E-01,0.000000E+00,0.000000E+00,0.000000E+00,0.000000E+00,0.000000E+00,0.000000E+00,0.000000E+00,0.000000E+00,0.000000E+00,1.999166E+01,4.358123E+01,3.318421E+01,4.212402E+01
09:40:00,8.824856E+03,0.000000E+00,2.884009E-01,0.000000E+00,0.000000E+00,0.000000E+00,0.000000E+00,0.000000E+00,0.000000E+00,0.000000E+00,0.000000E+00,0.000000E+00,1.999254E+01,3.800754E+01,2.727908E+01,5.924661E+01,8.817355E+03,0.000000E+00,2.881558E-01,0.000000E+00,0.000000E+00,0.000000E+00,0.000000E+00,0.000000E+00,0.000000E+00,0.000000E+00,0.000000E+00,0.000000E+00,1.999255E+01,3.800325E+01,3.101596E+01,4.775324E+01,8.836182E+03,0.000000E+00,2.887710E-01,0.000000E+00,0.000000E+00,0.000000E+00,0.000000E+00,0.000000E+00,0.000000E+00,0.000000E+00,0.000000E+00,0.000000E+00,1.999254E+01,3.802033E+01,3.252027E+01,4.385654E+01,8.924244E+03,0.000000E+00,2.916487E-01,0.000000E+00,0.000000E+00,0.000000E+00,0.000000E+00,0.000000E+00,0.000000E+00,0.000000E+00,0.000000E+00,0.000000E+00,1.999252E+01,3.810777E+01,3.309291E+01,4.246894E+01,9.612563E+03,0.000000E+00,3.141422E-01,0.000000E+00,0.000000E+00,0.000000E+00,0.000000E+00,0.000000E+00,0.000000E+00,0.000000E+00,0.000000E+00,0.000000E+00,1.999241E+01,3.877759E+01,3.320062E+01,4.221332E+01,1.704821E+04,0.000000E+00,5.571295E-01,0.000000E+00,0.000000E+00,0.000000E+00,0.000000E+00,0.000000E+00,0.000000E+00,0.000000E+00,0.000000E+00,0.000000E+00,1.999181E+01,4.346714E+01,3.360602E+01,4.126494E+01
09:50:00,8.582355E+03,0.000000E+00,2.804770E-01,0.000000E+00,0.000000E+00,0.000000E+00,0.000000E+00,0.000000E+00,0.000000E+00,0.000000E+00,0.000000E+00,0.000000E+00,1.999285E+01,3.795317E+01,2.742060E+01,5.892019E+01,8.567140E+03,0.000000E+00,2.799798E-01,0.000000E+00,0.000000E+00,0.000000E+00,0.000000E+00,0.000000E+00,0.000000E+00,0.000000E+00,0.000000E+00,0.000000E+00,1.999286E+01,3.794435E+01,3.117911E+01,4.744288E+01,8.586402E+03,0.000000E+00,2.806092E-01,0.000000E+00,0.000000E+00,0.000000E+00,0.000000E+00,0.000000E+00,0.000000E+00,0.000000E+00,0.000000E+00,0.000000E+00,1.999285E+01,3.796230E+01,3.269304E+01,4.355253E+01,8.673773E+03,0.000000E+00,2.834644E-01,0.000000E+00,0.000000E+00,0.000000E+00,0.000000E+00,0.000000E+00,0.000000E+00,0.000000E+00,0.000000E+00,0.000000E+00,1.999283E+01,3.805058E+01,3.327444E+01,4.215560E+01,9.341185E+03,0.000000E+00,3.052748E-01,0.000000E+00,0.000000E+00,0.000000E+00,0.000000E+00,0.000000E+00,0.000000E+00,0.000000E+00,0.000000E+00,0.000000E+00,1.999272E+01,3.871471E+01,3.340273E+01,4.185401E+01,1.638500E+04,0.000000E+00,5.354589E-01,0.000000E+00,0.000000E+00,0.000000E+00,0.000000E+00,0.000000E+00,0.000000E+00,0.000000E+00,0.000000E+00,0.000000E+00,1.999216E+01,4.331586E+01,3.400967E+01,4.045823E+01
10:00:00,8.295119E+03,0.000000E+00,2.710914E-01,0.000000E+00,0.000000E+00,0.000000E+00,0.000000E+00,0.000000E+00,0.000000E+00,0.000000E+00,0.000000E+00,0.000000E+00,1.999314E+01,3.785954E+01,2.756526E+01,5.857171E+01,8.270023E+03,0.000000E+00,2.702713E-01,0.000000E+00,0.000000E+00,0.000000E+00,0.000000E+00,0.000000E+00,0.000000E+00,0.000000E+00,0.000000E+00,0.000000E+00,1.999317E+01,3.784308E+01,3.134491E+01,4.711687E+01,8.289329E+03,0.000000E+00,2.709022E-01,0.000000E+00,0.000000E+00,0.000000E+00,0.000000E+00,0.000000E+00,0.000000E+00,0.000000E+00,0.000000E+00,0.000000E+00,1.999316E+01,3.786190E+01,3.286667E+01,4.323882E+01,8.375595E+03,0.000000E+00,2.737213E-01,0.000000E+00,0.000000E+00,0.000000E+00,0.000000E+00,0.000000E+00,0.000000E+00,0.000000E+00,0.000000E+00,0.000000E+00,1.999314E+01,3.795129E+01,3.345694E+01,4.183296E+01,9.018783E+03,0.000000E+00,2.947402E-01,0.000000E+00,0.000000E+00,0.000000E+00,0.000000E+00,0.000000E+00,0.000000E+00,0.000000E+00,0.000000E+00,0.000000E+00,1.999303E+01,3.860955E+01,3.360652E+01,4.148473E+01,1.562254E+04,0.000000E+00,5.105451E-01,0.000000E+00,0.000000E+00,0.000000E+00,0.000000E+00,0.000000E+00,0.000000E+00,0.000000E+00,0.000000E+00,0.000000E+00,1.999249E+01,4.311087E+01,3.441177E+01,3.966399E+01
10:10:00,7.983456E+03,0.000000E+00,2.609078E-01,0.000000E+00,0.000000E+00,0.000000E+00,0.000000E+00,0.000000E+00,0.000000E+00,0.000000E+00,0.000000E+00,0.000000E+00,1.999335E+01,3.774189E+01,2.770326E+01,5.823956E+01,7.946570E+03,0.000000E+00,2.597024E-01,0.000000E+00,0.000000E+00,0.000000E+00,0.000000E+00,0.000000E+00,0.000000E+00,0.000000E+00,0.000000E+00,0.000000E+00,1.999338E+01,3.771525E+01,3.150319E+01,4.680636E+01,7.965487E+03,0.000000E+00,2.603206E-01,0.000000E+00,0.000000E+00,0.000000E+00,0.000000E+00,0.000000E+00,0.000000E+00,0.000000E+00,0.000000E+00,0.000000E+00,1.999337E+01,3.773465E+01,3.303352E+01,4.293755E+01,8.050243E+03,0.000000E+00,2.630903E-01,0.000000E+00,0.000000E+00,0.000000E+00,0.000000E+00,0.000000E+00,0.000000E+00,0.000000E+00,0.000000E+00,0.000000E+00,1.999335E+01,3.782515E+01,3.363159E+01,4.152511E+01,8.666644E+03,0.000000E+00,2.832339E-01,0.000000E+00,0.000000E+00,0.000000E+00,0.000000E+00,0.000000E+00,0.000000E+00,0.000000E+00,0.000000E+00,0.000000E+00,1.999325E+01,3.847671E+01,3.380379E+01,4.112795E+01,1.479737E+04,0.000000E+00,4.835822E-01,0.000000E+00,0.000000E+00,0.000000E+00,0.000000E+00,0.000000E+00,0.000000E+00,0.000000E+00,0.000000E+00,0.000000E+00,1.999277E+01,4.286343E+01,3.481117E+01,3.888767E+01
10:20:00,7.637373E+03,0.000000E+00,2.495992E-01,0.000000E+00,0.000000E+00,0.000000E+00,0.000000E+00,0.000000E+00,0.000000E+00,0.000000E+00,0.000000E+00,0.000000E+00,1.999358E+01,3.760910E+01,2.783573E+01,5.794104E+01,7.586253E+03,0.000000E+00,2.479287E-01,0.000000E+00,0.000000E+00,0.000000E+00,0.000000E+00,0.000000E+00,0.000000E+00,0.000000E+00,0.000000E+00,0.000000E+00,1.999362E+01,3.757013E+01,3.165494E+01,4.652582E+01,7.604403E+03,0.000000E+00,2.485218E-01,0.000000E+00,0.000000E+00,0.000000E+00,0.000000E+00,0.000000E+00,0.000000E+00,0.000000E+00,0.000000E+00,0.000000E+00,1.999361E+01,3.758970E+01,3.319379E+01,4.266404E+01,7.687269E+03,0.000000E+00,2.512298E-01,0.000000E+00,0.000000E+00,0.000000E+00,0.000000E+00,0.000000E+00,0.000000E+00,0.000000E+00,0.000000E+00,0.000000E+00,1.999359E+01,3.768109E+01,3.379988E+01,4.124378E+01,8.273996E+03,0.000000E+00,2.704038E-01,0.000000E+00,0.000000E+00,0.000000E+00,0.000000E+00,0.000000E+00,0.000000E+00,0.000000E+00,0.000000E+00,0.000000E+00,1.999349E+01,3.832463E+01,3.399697E+01,4.079323E+01,1.389906E+04,0.000000E+00,4.542289E-01,0.000000E+00,0.000000E+00,0.000000E+00,0.000000E+00,0.000000E+00,0.000000E+00,0.000000E+00,0.000000E+00,0.000000E+00,1.999307E+01,4.258018E+01,3.521481E+01,3.812859E+01
10:30:00,7.272365E+03,0.000000E+00,2.376722E-01,0.000000E+00,0.000000E+00,0.000000E+00,0.000000E+00,0.000000E+00,0.000000E+00,0.000000E+00,0.000000E+00,0.000000E+00,1.999386E+01,3.745501E+01,2.796766E+01,5.766599E+01,7.205318E+03,0.000000E+00,2.354812E-01,0.000000E+00,0.000000E+00,0.000000E+00,0.000000E+00,0.000000E+00,0.000000E+00,0.000000E+00,0.000000E+00,0.000000E+00,1.999391E+01,3.740109E+01,3.180600E+01,4.626519E+01,7.222223E+03,0.000000E+00,2.360336E-01,0.000000E+00,0.000000E+00,0.000000E+00,0.000000E+00,0.000000E+00,0.000000E+00,0.000000E+00,0.000000E+00,0.000000E+00,1.999391E+01,3.742036E+01,3.335204E+01,4.241224E+01,7.302681E+03,0.000000E+00,2.386630E-01,0.000000E+00,0.000000E+00,0.000000E+00,0.000000E+00,0.000000E+00,0.000000E+00,0.000000E+00,0.000000E+00,0.000000E+00,1.999389E+01,3.751243E+01,3.396770E+01,4.098015E+01,7.856484E+03,0.000000E+00,2.567612E-01,0.000000E+00,0.000000E+00,0.000000E+00,0.000000E+00,0.000000E+00,0.000000E+00,0.000000E+00,0.000000E+00,0.000000E+00,1.999378E+01,3.814674E+01,3.419224E+01,4.047125E+01,1.293883E+04,0.000000E+00,4.228521E-01,0.000000E+00,0.000000E+00,0.000000E+00,0.000000E+00,0.000000E+00,0.000000E+00,0.000000E+00,0.000000E+00,0.000000E+00,1.999341E+01,4.225602E+01,3.562740E+01,3.738150E+01
10:40:00,6.936747E+03,0.000000E+00,2.267056E-01,0.000000E+00,0.000000E+00,0.000000E+00,0.000000E+00,0.000000E+00,0.000000E+00,0.000000E+00,0.000000E+00,0.000000E+00,1.999405E+01,3.729080E+01,2.809653E+01,5.741859E+01,6.854360E+03,0.000000E+00,2.240133E-01,0.000000E+00,0.000000E+00,0.000000E+00,0.000000E+00,0.000000E+00,0.000000E+00,0.000000E+00,0.000000E+00,0.000000E+00,1.999411E+01,3.721985E+01,3.195378E+01,4.602768E+01,6.869325E+03,0.000000E+00,2.245023E-01,0.000000E+00,0.000000E+00,0.000000E+00,0.000000E+00,0.000000E+00,0.000000E+00,0.000000E+00,0.000000E+00,0.000000E+00,1.999411E+01,3.723832E+01,3.350580E+01,4.218458E+01,6.946876E+03,0.000000E+00,2.270367E-01,0.000000E+00,0.000000E+00,0.000000E+00,0.000000E+00,0.000000E+00,0.000000E+00,0.000000E+00,0.000000E+00,0.000000E+00,1.999409E+01,3.733072E+01,3.413105E+01,4.074011E+01,7.468639E+03,0.000000E+00,2.440880E-01,0.000000E+00,0.000000E+00,0.000000E+00,0.000000E+00,0.000000E+00,0.000000E+00,0.000000E+00,0.000000E+00,0.000000E+00,1.999399E+01,3.795396E+01,3.438636E+01,4.016612E+01,1.203730E+04,0.000000E+00,3.933934E-01,0.000000E+00,0.000000E+00,0.000000E+00,0.000000E+00,0.000000E+00,0.000000E+00,0.000000E+00,0.000000E+00,0.000000E+00,1.999369E+01,4.189769E+01,3.603709E+01,3.666765E+01
10:50:00,6.632935E+03,0.000000E+00,2.167781E-01,0.000000E+00,0.000000E+00,0.000000E+00,0.000000E+00,0.000000E+00,0.000000E+00,0.000000E+00,0.000000E+00,0.000000E+00,1.999416E+01,3.713925E+01,2.821688E+01,5.721254E+01,6.536453E+03,0.000000E+00,2.136252E-01,0.000000E+00,0.000000E+00,0.000000E+00,0.000000E+00,0.000000E+00,0.000000E+00,0.000000E+00,0.000000E+00,0.000000E+00,1.999423E+01,3.705067E+01,3.209247E+01,4.582464E+01,6.549272E+03,0.000000E+00,2.140441E-01,0.000000E+00,0.000000E+00,0.000000E+00,0.000000E+00,0.000000E+00,0.000000E+00,0.000000E+00,0.000000E+00,0.000000E+00,1.999423E+01,3.706791E+01,3.364981E+01,4.198998E+01,6.623683E+03,0.000000E+00,2.164758E-01,0.000000E+00,0.000000E+00,0.000000E+00,0.000000E+00,0.000000E+00,0.000000E+00,0.000000E+00,0.000000E+00,0.000000E+00,1.999421E+01,3.716031E+01,3.428343E+01,4.053489E+01,7.114018E+03,0.000000E+00,2.325002E-01,0.000000E+00,0.000000E+00,0.000000E+00,0.000000E+00,0.000000E+00,0.000000E+00,0.000000E+00,0.000000E+00,0.000000E+00,1.999411E+01,3.777170E+01,3.457209E+01,3.989063E+01,1.119863E+04,0.000000E+00,3.659881E-01,0.000000E+00,0.000000E+00,0.000000E+00,0.000000E+00,0.000000E+00,0.000000E+00,0.000000E+00,0.000000E+00,0.000000E+00,1.999381E+01,4.154522E+01,3.642126E+01,3.602753E+01
11:00:00,6.346277E+03,0.000000E+00,2.074109E-01,0.000000E+00,0.000000E+00,0.000000E+00,0.000000E+00,0.000000E+00,0.000000E+00,0.000000E+00,0.000000E+00,0.000000E+00,1.999430E+01,3.700915E+01,2.833070E+01,5.703740E+01,6.236300E+03,0.000000E+00,2.038169E-01,0.000000E+00,0.000000E+00,0.000000E+00,0.000000E+00,0.000000E+00,0.000000E+00,0.000000E+00,0.000000E+00,0.000000E+00,1.999437E+01,3.690299E+01,3.222407E+01,4.564773E+01,6.246844E+03,0.000000E+00,2.041615E-01,0.000000E+00,0.000000E+00,0.000000E+00,0.000000E+00,0.000000E+00,0.000000E+00,0.000000E+00,0.000000E+00,0.000000E+00,1.999437E+01,3.691872E+01,3.378622E+01,4.182041E+01,6.317988E+03,0.000000E+00,2.064865E-01,0.000000E+00,0.000000E+00,0.000000E+00,0.000000E+00,0.000000E+00,0.000000E+00,0.000000E+00,0.000000E+00,0.000000E+00,1.999435E+01,3.701082E+01,3.442730E+01,4.035600E+01,6.777693E+03,0.000000E+00,2.215100E-01,0.000000E+00,0.000000E+00,0.000000E+00,0.000000E+00,0.000000E+00,0.000000E+00,0.000000E+00,0.000000E+00,0.000000E+00,1.999426E+01,3.760969E+01,3.475020E+01,3.964006E+01,1.041001E+04,0.000000E+00,3.402180E-01,0.000000E+00,0.000000E+00,0.000000E+00,0.000000E+00,0.000000E+00,0.000000E+00,0.000000E+00,0.000000E+00,0.000000E+00,1.999398E+01,4.121296E+01,3.678907E+01,3.543751E+01
11:10:00,6.087148E+03,0.000000E+00,1.989432E-01,0.000000E+00,0.000000E+00,0.000000E+00,0.000000E+00,0.000000E+00,0.000000E+00,0.000000E+00,0.000000E+00,0.000000E+00,1.999444E+01,3.689950E+01,2.844268E+01,5.686654E+01,5.964734E+03,0.000000E+00,1.949428E-01,0.000000E+00,0.000000E+00,0.000000E+00,0.000000E+00,0.000000E+00,0.000000E+00,0.000000E+00,0.000000E+00,0.000000E+00,1.999451E+01,3.677589E+01,3.235341E+01,4.547539E+01,5.973024E+03,0.000000E+00,1.952137E-01,0.000000E+00,0.000000E+00,0.000000E+00,0.000000E+00,0.000000E+00,0.000000E+00,0.000000E+00,0.000000E+00,0.000000E+00,1.999451E+01,3.678986E+01,3.391996E+01,4.165598E+01,6.040893E+03,0.000000E+00,1.974317E-01,0.000000E+00,0.000000E+00,0.000000E+00,0.000000E+00,0.000000E+00,0.000000E+00,0.000000E+00,0.000000E+00,0.000000E+00,1.999450E+01,3.688137E+01,3.456808E+01,4.018310E+01,6.470899E+03,0.000000E+00,2.114847E-01,0.000000E+00,0.000000E+00,0.000000E+00,0.000000E+00,0.000000E+00,0.000000E+00,0.000000E+00,0.000000E+00,0.000000E+00,1.999441E+01,3.746679E+01,3.492575E+01,3.939517E+01,9.682924E+03,0.000000E+00,3.164579E-01,0.000000E+00,0.000000E+00,0.000000E+00,0.000000E+00,0.000000E+00,0.000000E+00,0.000000E+00,0.000000E+00,0.000000E+00,1.999416E+01,4.089744E+01,3.715336E+01,3.486394E+01
11:20:00,5.867257E+03,0.000000E+00,1.917577E-01,0.000000E+00,0.000000E+00,0.000000E+00,0.000000E+00,0.000000E+00,0.000000E+00,0.000000E+00,0.000000E+00,0.000000E+00,1.999456E+01,3.679871E+01,2.855734E+01,5.664965E+01,5.734369E+03,0.000000E+00,1.874149E-01,0.000000E+00,0.000000E+00,0.000000E+00,0.000000E+00,0.000000E+00,0.000000E+00,0.000000E+00,0.000000E+00,0.000000E+00,1.999463E+01,3.665784E+01,3.248500E+01,4.526749E+01,5.740476E+03,0.000000E+00,1.876145E-01,0.000000E+00,0.000000E+00,0.000000E+00,0.000000E+00,0.000000E+00,0.000000E+00,0.000000E+00,0.000000E+00,0.000000E+00,1.999463E+01,3.666992E+01,3.405549E+01,4.145999E+01,5.805038E+03,0.000000E+00,1.897245E-01,0.000000E+00,0.000000E+00,0.000000E+00,0.000000E+00,0.000000E+00,0.000000E+00,0.000000E+00,0.000000E+00,0.000000E+00,1.999462E+01,3.676053E+01,3.471042E+01,3.998043E+01,6.206452E+03,0.000000E+00,2.028431E-01,0.000000E+00,0.000000E+00,0.000000E+00,0.000000E+00,0.000000E+00,0.000000E+00,0.000000E+00,0.000000E+00,0.000000E+00,1.999454E+01,3.733078E+01,3.510362E+01,3.912045E+01,9.033116E+03,0.000000E+00,2.952230E-01,0.000000E+00,0.000000E+00,0.000000E+00,0.000000E+00,0.000000E+00,0.000000E+00,0.000000E+00,0.000000E+00,0.000000E+00,1.999436E+01,4.057834E+01,3.751770E+01,3.427773E+01
11:30:00,5.672010E+03,0.000000E+00,1.853773E-01,0.000000E+00,0.000000E+00,0.000000E+00,0.000000E+00,0.000000E+00,0.000000E+00,0.000000E+00,0.000000E+00,0.000000E+00,1.999466E+01,3.669975E+01,2.867353E+01,5.637490E+01,5.529225E+03,0.000000E+00,1.807111E-01,0.000000E+00,0.000000E+00,0.000000E+00,0.000000E+00,0.000000E+00,0.000000E+00,0.000000E+00,0.000000E+00,0.000000E+00,1.999474E+01,3.654191E+01,3.261799E+01,4.501367E+01,5.533294E+03,0.000000E+00,1.808441E-01,0.000000E+00,0.000000E+00,0.000000E+00,0.000000E+00,0.000000E+00,0.000000E+00,0.000000E+00,0.000000E+00,0.000000E+00,1.999474E+01,3.655198E+01,3.419215E+01,4.122249E+01,5.594779E+03,0.000000E+00,1.828535E-01,0.000000E+00,0.000000E+00,0.000000E+00,0.000000E+00,0.000000E+00,0.000000E+00,0.000000E+00,0.000000E+00,0.000000E+00,1.999473E+01,3.664133E+01,3.485384E+01,3.973792E+01,5.969549E+03,0.000000E+00,1.951015E-01,0.000000E+00,0.000000E+00,0.000000E+00,0.000000E+00,0.000000E+00,0.000000E+00,0.000000E+00,0.000000E+00,0.000000E+00,1.999466E+01,3.719416E+01,3.528384E+01,3.880516E+01,8.447328E+03,0.000000E+00,2.760799E-01,0.000000E+00,0.000000E+00,0.000000E+00,0.000000E+00,0.000000E+00,0.000000E+00,0.000000E+00,0.000000E+00,0.000000E+00,1.999456E+01,4.024382E+01,3.788114E+01,3.367164E+01
11:40:00,5.482849E+03,0.000000E+00,1.791958E-01,0.000000E+00,0.000000E+00,0.000000E+00,0.000000E+00,0.000000E+00,0.000000E+00,0.000000E+00,0.000000E+00,0.000000E+00,1.999479E+01,3.660028E+01,2.878865E+01,5.605105E+01,5.330075E+03,0.000000E+00,1.742031E-01,0.000000E+00,0.000000E+00,0.000000E+00,0.000000E+00,0.000000E+00,0.000000E+00,0.000000E+00,0.000000E+00,0.000000E+00,1.999488E+01,3.642498E+01,3.274999E+01,4.472035E+01,5.332176E+03,0.000000E+00,1.742717E-01,0.000000E+00,0.000000E+00,0.000000E+00,0.000000E+00,0.000000E+00,0.000000E+00,0.000000E+00,0.000000E+00,0.000000E+00,1.999488E+01,3.643291E+01,3.432775E+01,4.094888E+01,5.390493E+03,0.000000E+00,1.761776E-01,0.000000E+00,0.000000E+00,0.000000E+00,0.000000E+00,0.000000E+00,0.000000E+00,0.000000E+00,0.000000E+00,0.000000E+00,1.999487E+01,3.652078E+01,3.499654E+01,3.945996E+01,5.737280E+03,0.000000E+00,1.875111E-01,0.000000E+00,0.000000E+00,0.000000E+00,0.000000E+00,0.000000E+00,0.000000E+00,0.000000E+00,0.000000E+00,0.000000E+00,1.999479E+01,3.705458E+01,3.546481E+01,3.845345E+01,7.870454E+03,0.000000E+00,2.572276E-01,0.000000E+00,0.000000E+00,0.000000E+00,0.000000E+00,0.000000E+00,0.000000E+00,0.000000E+00,0.000000E+00,0.000000E+00,1.999477E+01,3.989044E+01,3.824242E+01,3.304903E+01
11:50:00,5.298528E+03,0.000000E+00,1.731723E-01,0.000000E+00,0.000000E+00,0.000000E+00,0.000000E+00,0.000000E+00,0.000000E+00,0.000000E+00,0.000000E+00,0.000000E+00,1.999494E+01,3.649727E+01,2.890089E+01,5.568467E+01,5.135737E+03,0.000000E+00,1.678523E-01,0.000000E+00,0.000000E+00,0.000000E+00,0.000000E+00,0.000000E+00,0.000000E+00,0.000000E+00,0.000000E+00,0.000000E+00,1.999503E+01,3.630385E+01,3.287914E+01,4.439290E+01,5.135918E+03,0.000000E+00,1.678582E-01,0.000000E+00,0.000000E+00,0.000000E+00,0.000000E+00,0.000000E+00,0.000000E+00,0.000000E+00,0.000000E+00,0.000000E+00,1.999504E+01,3.630951E+01,3.446060E+01,4.064361E+01,5.191038E+03,0.000000E+00,1.696596E-01,0.000000E+00,0.000000E+00,0.000000E+00,0.000000E+00,0.000000E+00,0.000000E+00,0.000000E+00,0.000000E+00,0.000000E+00,1.999502E+01,3.639565E+01,3.513790E+01,3.914862E+01,5.509396E+03,0.000000E+00,1.800641E-01,0.000000E+00,0.000000E+00,0.000000E+00,0.000000E+00,0.000000E+00,0.000000E+00,0.000000E+00,0.000000E+00,0.000000E+00,1.999496E+01,3.690818E+01,3.564476E+01,3.807003E+01,7.306505E+03,0.000000E+00,2.387978E-01,0.000000E+00,0.000000E+00,0.000000E+00,0.000000E+00,0.000000E+00,0.000000E+00,0.000000E+00,0.000000E+00,0.000000E+00,1.999498E+01,3.951588E+01,3.860091E+01,3.241227E+01
12:00:00,5.119742E+03,0.000000E+00,1.673298E-01,0.000000E+00,0.000000E+00,0.000000E+00,0.000000E+00,0.000000E+00,0.000000E+00,0.000000E+00,0.000000E+00,0.000000E+00,1.999509E+01,3.638799E+01,2.901040E+01,5.527502E+01,4.947093E+03,0.000000E+00,1.616875E-01,0.000000E+00,0.000000E+00,0.000000E+00,0.000000E+00,0.000000E+00,0.000000E+00,0.000000E+00,0.000000E+00,0.000000E+00,1.999520E+01,3.617572E+01,3.300560E+01,4.403084E+01,4.945491E+03,0.000000E+00,1.616352E-01,0.000000E+00,0.000000E+00,0.000000E+00,0.000000E+00,0.000000E+00,0.000000E+00,0.000000E+00,0.000000E+00,0.000000E+00,1.999520E+01,3.617900E+01,3.459155E+01,4.030479E+01,4.997447E+03,0.000000E+00,1.633332E-01,0.000000E+00,0.000000E+00,0.000000E+00,0.000000E+00,0.000000E+00,0.000000E+00,0.000000E+00,0.000000E+00,0.000000E+00,1.999519E+01,3.626318E+01,3.527928E+01,3.880106E+01,5.286914E+03,0.000000E+00,1.727935E-01,0.000000E+00,0.000000E+00,0.000000E+00,0.000000E+00,0.000000E+00,0.000000E+00,0.000000E+00,0.000000E+00,0.000000E+00,1.999513E+01,3.675250E+01,3.582307E+01,3.765648E+01,6.757424E+03,0.000000E+00,2.208537E-01,0.000000E+00,0.000000E+00,0.000000E+00,0.000000E+00,0.000000E+00,0.000000E+00,0.000000E+00,0.000000E+00,0.000000E+00,1.999522E+01,3.911996E+01,3.895630E+01,3.176251E+01
12:10:00,4.943298E+03,0.000000E+00,1.615637E-01,0.000000E+00,0.000000E+00,0.000000E+00,0.000000E+00,0.000000E+00,0.000000E+00,0.000000E+00,0.000000E+00,0.000000E+00,1.999524E+01,3.627277E+01,2.911778E+01,5.482397E+01,4.761050E+03,0.000000E+00,1.556077E-01,0.000000E+00,0.000000E+00,0.000000E+00,0.000000E+00,0.000000E+00,0.000000E+00,0.000000E+00,0.000000E+00,0.000000E+00,1.999535E+01,3.604112E+01,3.313023E+01,4.363525E+01,4.757782E+03,0.000000E+00,1.555009E-01,0.000000E+00,0.000000E+00,0.000000E+00,0.000000E+00,0.000000E+00,0.000000E+00,0.000000E+00,0.000000E+00,0.000000E+00,1.999535E+01,3.604199E+01,3.472215E+01,3.993200E+01,4.806665E+03,0.000000E+00,1.570985E-01,0.000000E+00,0.000000E+00,0.000000E+00,0.000000E+00,0.000000E+00,0.000000E+00,0.000000E+00,0.000000E+00,0.000000E+00,1.999534E+01,3.612405E+01,3.541940E+01,3.842309E+01,5.067856E+03,0.000000E+00,1.656348E-01,0.000000E+00,0.000000E+00,0.000000E+00,0.000000E+00,0.000000E+00,0.000000E+00,0.000000E+00,0.000000E+00,0.000000E+00,1.999529E+01,3.658831E+01,3.599817E+01,3.721907E+01,6.234071E+03,0.000000E+00,2.037504E-01,0.000000E+00,0.000000E+00,0.000000E+00,0.000000E+00,0.000000E+00,0.000000E+00,0.000000E+00,0.000000E+00,0.000000E+00,1.999545E+01,3.870427E+01,3.930725E+01,3.110489E+01
12:20:00,4.759157E+03,0.000000E+00,1.555461E-01,0.000000E+00,0.000000E+00,0.000000E+00,0.000000E+00,0.000000E+00,0.000000E+00,0.000000E+00,0.000000E+00,0.000000E+00,1.999536E+01,3.614961E+01,2.922078E+01,5.435560E+01,4.566620E+03,0.000000E+00,1.492538E-01,0.000000E+00,0.000000E+00,0.000000E+00,0.000000E+00,0.000000E+00,0.000000E+00,0.000000E+00,0.000000E+00,0.000000E+00,1.999548E+01,3.589845E+01,3.325092E+01,4.322505E+01,4.561793E+03,0.000000E+00,1.490960E-01,0.000000E+00,0.000000E+00,0.000000E+00,0.000000E+00,0.000000E+00,0.000000E+00,0.000000E+00,0.000000E+00,0.000000E+00,1.999548E+01,3.589697E+01,3.484771E+01,3.954829E+01,4.607769E+03,0.000000E+00,1.505986E-01,0.000000E+00,0.000000E+00,0.000000E+00,0.000000E+00,0.000000E+00,0.000000E+00,0.000000E+00,0.000000E+00,0.000000E+00,1.999547E+01,3.597684E+01,3.555166E+01,3.804088E+01,4.841161E+03,0.000000E+00,1.582264E-01,0.000000E+00,0.000000E+00,0.000000E+00,0.000000E+00,0.000000E+00,0.000000E+00,0.000000E+00,0.000000E+00,0.000000E+00,1.999543E+01,3.641496E+01,3.616469E+01,3.678060E+01,5.728931E+03,0.000000E+00,1.872420E-01,0.000000E+00,0.000000E+00,0.000000E+00,0.000000E+00,0.000000E+00,0.000000E+00,0.000000E+00,0.000000E+00,0.000000E+00,1.999562E+01,3.827482E+01,3.965061E+01,3.045476E+01
12:30:00,4.575080E+03,0.000000E+00,1.495305E-01,0.000000E+00,0.000000E+00,0.000000E+00,0.000000E+00,0.000000E+00,0.000000E+00,0.000000E+00,0.000000E+00,0.000000E+00,1.999555E+01,3.600765E+01,2.932021E+01,5.387499E+01,4.373077E+03,0.000000E+00,1.429288E-01,0.000000E+00,0.000000E+00,0.000000E+00,0.000000E+00,0.000000E+00,0.000000E+00,0.000000E+00,0.000000E+00,0.000000E+00,1.999568E+01,3.573593E+01,3.336838E+01,4.280474E+01,4.366862E+03,0.000000E+00,1.427257E-01,0.000000E+00,0.000000E+00,0.000000E+00,0.000000E+00,0.000000E+00,0.000000E+00,0.000000E+00,0.000000E+00,0.000000E+00,1.999568E+01,3.573216E+01,3.496815E+01,3.915950E+01,4.409877E+03,0.000000E+00,1.441315E-01,0.000000E+00,0.000000E+00,0.000000E+00,0.000000E+00,0.000000E+00,0.000000E+00,0.000000E+00,0.000000E+00,0.000000E+00,1.999567E+01,3.580986E+01,3.567717E+01,3.765736E+01,4.614628E+03,0.000000E+00,1.508233E-01,0.000000E+00,0.000000E+00,0.000000E+00,0.000000E+00,0.000000E+00,0.000000E+00,0.000000E+00,0.000000E+00,0.000000E+00,1.999564E+01,3.622103E+01,3.632425E+01,3.634283E+01,5.262681E+03,0.000000E+00,1.720045E-01,0.000000E+00,0.000000E+00,0.000000E+00,0.000000E+00,0.000000E+00,0.000000E+00,0.000000E+00,0.000000E+00,0.000000E+00,1.999583E+01,3.782736E+01,3.998879E+01,2.981237E+01
12:40:00,4.398531E+03,0.000000E+00,1.437610E-01,0.000000E+00,0.000000E+00,0.000000E+00,0.000000E+00,0.000000E+00,0.000000E+00,0.000000E+00,0.000000E+00,0.000000E+00,1.999568E+01,3.585077E+01,2.941936E+01,5.337162E+01,4.187879E+03,0.000000E+00,1.368765E-01,0.000000E+00,0.000000E+00,0.000000E+00,0.000000E+00,0.000000E+00,0.000000E+00,0.000000E+00,0.000000E+00,0.000000E+00,1.999581E+01,3.555789E+01,3.348574E+01,4.236663E+01,4.180483E+03,0.000000E+00,1.366348E-01,0.000000E+00,0.000000E+00,0.000000E+00,0.000000E+00,0.000000E+00,0.000000E+00,0.000000E+00,0.000000E+00,0.000000E+00,1.999582E+01,3.555186E+01,3.508810E+01,3.875533E+01,4.220859E+03,0.000000E+00,1.379544E-01,0.000000E+00,0.000000E+00,0.000000E+00,0.000000E+00,0.000000E+00,0.000000E+00,0.000000E+00,0.000000E+00,0.000000E+00,1.999580E+01,3.562734E+01,3.580210E+01,3.725945E+01,4.399867E+03,0.000000E+00,1.438049E-01,0.000000E+00,0.000000E+00,0.000000E+00,0.000000E+00,0.000000E+00,0.000000E+00,0.000000E+00,0.000000E+00,0.000000E+00,1.999579E+01,3.600976E+01,3.648290E+01,3.589344E+01,4.845252E+03,0.000000E+00,1.583623E-01,0.000000E+00,0.000000E+00,0.000000E+00,0.000000E+00,0.000000E+00,0.000000E+00,0.000000E+00,0.000000E+00,0.000000E+00,1.999578E+01,3.737858E+01,4.032149E+01,2.917778E+01
12:50:00,4.229756E+03,0.000000E+00,1.382454E-01,0.000000E+00,0.000000E+00,0.000000E+00,0.000000E+00,0.000000E+00,0.000000E+00,0.000000E+00,0.000000E+00,0.000000E+00,1.999578E+01,3.568852E+01,2.952425E+01,5.282673E+01,4.011129E+03,0.000000E+00,1.311003E-01,0.000000E+00,0.000000E+00,0.000000E+00,0.000000E+00,0.000000E+00,0.000000E+00,0.000000E+00,0.000000E+00,0.000000E+00,1.999592E+01,3.537456E+01,3.360927E+01,4.189571E+01,4.002726E+03,0.000000E+00,1.308257E-01,0.000000E+00,0.000000E+00,0.000000E+00,0.000000E+00,0.000000E+00,0.000000E+00,0.000000E+00,0.000000E+00,0.000000E+00,1.999593E+01,3.536638E+01,3.521487E+01,3.831999E+01,4.040699E+03,0.000000E+00,1.320667E-01,0.000000E+00,0.000000E+00,0.000000E+00,0.000000E+00,0.000000E+00,0.000000E+00,0.000000E+00,0.000000E+00,0.000000E+00,1.999591E+01,3.543971E+01,3.593476E+01,3.683001E+01,4.196029E+03,0.000000E+00,1.371434E-01,0.000000E+00,0.000000E+00,0.000000E+00,0.000000E+00,0.000000E+00,0.000000E+00,0.000000E+00,0.000000E+00,0.000000E+00,1.999589E+01,3.579369E+01,3.664859E+01,3.541677E+01,4.474915E+03,0.000000E+00,1.462590E-01,0.000000E+00,0.000000E+00,0.000000E+00,0.000000E+00,0.000000E+00,0.000000E+00,0.000000E+00,0.000000E+00,0.000000E+00,1.999599E+01,3.694297E+01,4.064141E+01,2.856138E+01
13:00:00,4.059404E+03,0.000000E+00,1.326782E-01,0.000000E+00,0.000000E+00,0.000000E+00,0.000000E+00,0.000000E+00,0.000000E+00,0.000000E+00,0.000000E+00,0.000000E+00,1.999589E+01,3.552416E+01,2.964827E+01,5.220039E+01,3.832922E+03,0.000000E+00,1.252763E-01,0.000000E+00,0.000000E+00,0.000000E+00,0.000000E+00,0.000000E+00,0.000000E+00,0.000000E+00,0.000000E+00,0.000000E+00,1.999603E+01,3.518929E+01,3.375343E+01,4.135902E+01,3.823581E+03,0.000000E+00,1.249710E-01,0.000000E+00,0.000000E+00,0.000000E+00,0.000000E+00,0.000000E+00,0.000000E+00,0.000000E+00,0.000000E+00,0.000000E+00,1.999604E+01,3.517905E+01,3.536276E+01,3.782409E+01,3.859326E+03,0.000000E+00,1.261393E-01,0.000000E+00,0.000000E+00,0.000000E+00,0.000000E+00,0.000000E+00,0.000000E+00,0.000000E+00,0.000000E+00,0.000000E+00,1.999602E+01,3.525034E+01,3.608912E+01,3.634169E+01,3.993283E+03,0.000000E+00,1.305174E-01,0.000000E+00,0.000000E+00,0.000000E+00,0.000000E+00,0.000000E+00,0.000000E+00,0.000000E+00,0.000000E+00,0.000000E+00,1.999601E+01,3.557692E+01,3.683494E+01,3.488745E+01,4.141762E+03,0.000000E+00,1.353709E-01,0.000000E+00,0.000000E+00,0.000000E+00,0.000000E+00,0.000000E+00,0.000000E+00,0.000000E+00,0.000000E+00,0.000000E+00,1.999613E+01,3.652443E+01,4.096509E+01,2.793743E+01
13:10:00,3.888620E+03,0.000000E+00,1.270968E-01,0.000000E+00,0.000000E+00,0.000000E+00,0.000000E+00,0.000000E+00,0.000000E+00,0.000000E+00,0.000000E+00,0.000000E+00,1.999605E+01,3.534822E+01,2.978602E+01,5.151743E+01,3.654231E+03,0.000000E+00,1.194365E-01,0.000000E+00,0.000000E+00,0.000000E+00,0.000000E+00,0.000000E+00,0.000000E+00,0.000000E+00,0.000000E+00,0.000000E+00,1.999620E+01,3.499184E+01,3.391319E+01,4.077527E+01,3.643921E+03,0.000000E+00,1.190995E-01,0.000000E+00,0.000000E+00,0.000000E+00,0.000000E+00,0.000000E+00,0.000000E+00,0.000000E+00,0.000000E+00,0.000000E+00,1.999621E+01,3.497955E+01,3.552669E+01,3.728475E+01,3.677555E+03,0.000000E+00,1.201988E-01,0.000000E+00,0.000000E+00,0.000000E+00,0.000000E+00,0.000000E+00,0.000000E+00,0.000000E+00,0.000000E+00,0.000000E+00,1.999619E+01,3.504890E+01,3.625987E+01,3.581148E+01,3.792271E+03,0.000000E+00,1.239481E-01,0.000000E+00,0.000000E+00,0.000000E+00,0.000000E+00,0.000000E+00,0.000000E+00,0.000000E+00,0.000000E+00,0.000000E+00,1.999618E+01,3.534937E+01,3.703723E+01,3.432087E+01,3.839633E+03,0.000000E+00,1.254966E-01,0.000000E+00,0.000000E+00,0.000000E+00,0.000000E+00,0.000000E+00,0.000000E+00,0.000000E+00,0.000000E+00,0.000000E+00,1.999634E+01,3.611114E+01,4.129365E+01,2.730850E+01
13:20:00,3.728246E+03,0.000000E+00,1.218557E-01,0.000000E+00,0.000000E+00,0.000000E+00,0.000000E+00,0.000000E+00,0.000000E+00,0.000000E+00,0.000000E+00,0.000000E+00,1.999617E+01,3.515986E+01,2.992324E+01,5.084846E+01,3.487194E+03,0.000000E+00,1.139775E-01,0.000000E+00,0.000000E+00,0.000000E+00,0.000000E+00,0.000000E+00,0.000000E+00,0.000000E+00,0.000000E+00,0.000000E+00,1.999633E+01,3.478105E+01,3.407362E+01,4.020138E+01,3.476159E+03,0.000000E+00,1.136169E-01,0.000000E+00,0.000000E+00,0.000000E+00,0.000000E+00,0.000000E+00,0.000000E+00,0.000000E+00,0.000000E+00,0.000000E+00,1.999634E+01,3.476660E+01,3.569161E+01,3.675410E+01,3.507967E+03,0.000000E+00,1.146565E-01,0.000000E+00,0.000000E+00,0.000000E+00,0.000000E+00,0.000000E+00,0.000000E+00,0.000000E+00,0.000000E+00,0.000000E+00,1.999632E+01,3.483409E+01,3.643174E+01,3.528977E+01,3.606108E+03,0.000000E+00,1.178641E-01,0.000000E+00,0.000000E+00,0.000000E+00,0.000000E+00,0.000000E+00,0.000000E+00,0.000000E+00,0.000000E+00,0.000000E+00,1.999631E+01,3.511004E+01,3.724011E+01,3.376537E+01,3.577436E+03,0.000000E+00,1.169274E-01,0.000000E+00,0.000000E+00,0.000000E+00,0.000000E+00,0.000000E+00,0.000000E+00,0.000000E+00,0.000000E+00,0.000000E+00,1.999650E+01,3.570199E+01,4.161247E+01,2.671057E+01
13:30:00,3.570795E+03,0.000000E+00,1.167099E-01,0.000000E+00,0.000000E+00,0.000000E+00,0.000000E+00,0.000000E+00,0.000000E+00,0.000000E+00,0.000000E+00,0.000000E+00,1.999628E+01,3.496217E+01,3.005828E+01,5.020864E+01,3.324034E+03,0.000000E+00,1.086452E-01,0.000000E+00,0.000000E+00,0.000000E+00,0.000000E+00,0.000000E+00,0.000000E+00,0.000000E+00,0.000000E+00,0.000000E+00,1.999645E+01,3.456051E+01,3.423257E+01,3.965048E+01,3.312474E+03,0.000000E+00,1.082674E-01,0.000000E+00,0.000000E+00,0.000000E+00,0.000000E+00,0.000000E+00,0.000000E+00,0.000000E+00,0.000000E+00,0.000000E+00,1.999646E+01,3.454405E+01,3.585517E+01,3.624447E+01,3.342599E+03,0.000000E+00,1.092519E-01,0.000000E+00,0.000000E+00,0.000000E+00,0.000000E+00,0.000000E+00,0.000000E+00,0.000000E+00,0.000000E+00,0.000000E+00,1.999644E+01,3.460990E+01,3.660223E+01,3.478872E+01,3.427504E+03,0.000000E+00,1.120270E-01,0.000000E+00,0.000000E+00,0.000000E+00,0.000000E+00,0.000000E+00,0.000000E+00,0.000000E+00,0.000000E+00,0.000000E+00,1.999643E+01,3.486295E+01,3.744086E+01,3.323287E+01,3.333490E+03,0.000000E+00,1.089546E-01,0.000000E+00,0.000000E+00,0.000000E+00,0.000000E+00,0.000000E+00,0.000000E+00,0.000000E+00,0.000000E+00,0.000000E+00,1.999663E+01,3.529994E+01,4.192136E+01,2.614815E+01
13:40:00,3.415394E+03,0.000000E+00,1.116312E-01,0.000000E+00,0.000000E+00,0.000000E+00,0.000000E+00,0.000000E+00,0.000000E+00,0.000000E+00,0.000000E+00,0.000000E+00,1.999639E+01,3.475780E+01,3.017256E+01,4.967571E+01,3.161671E+03,0.000000E+00,1.033388E-01,0.000000E+00,0.000000E+00,0.000000E+00,0.000000E+00,0.000000E+00,0.000000E+00,0.000000E+00,0.000000E+00,0.000000E+00,1.999655E+01,3.433386E+01,3.436768E+01,3.919086E+01,3.149595E+03,0.000000E+00,1.029441E-01,0.000000E+00,0.000000E+00,0.000000E+00,0.000000E+00,0.000000E+00,0.000000E+00,0.000000E+00,0.000000E+00,0.000000E+00,1.999655E+01,3.431564E+01,3.599446E+01,3.581889E+01,3.178520E+03,0.000000E+00,1.038895E-01,0.000000E+00,0.000000E+00,0.000000E+00,0.000000E+00,0.000000E+00,0.000000E+00,0.000000E+00,0.000000E+00,0.000000E+00,1.999654E+01,3.437988E+01,3.674757E+01,3.437013E+01,3.252338E+03,0.000000E+00,1.063022E-01,0.000000E+00,0.000000E+00,0.000000E+00,0.000000E+00,0.000000E+00,0.000000E+00,0.000000E+00,0.000000E+00,0.000000E+00,1.999653E+01,3.461136E+01,3.761185E+01,3.278874E+01,3.107522E+03,0.000000E+00,1.015694E-01,0.000000E+00,0.000000E+00,0.000000E+00,0.000000E+00,0.000000E+00,0.000000E+00,0.000000E+00,0.000000E+00,0.000000E+00,1.999679E+01,3.490558E+01,4.217914E+01,2.568831E+01
13:50:00,3.262208E+03,0.000000E+00,1.066247E-01,0.000000E+00,0.000000E+00,0.000000E+00,0.000000E+00,0.000000E+00,0.000000E+00,0.000000E+00,0.000000E+00,0.000000E+00,1.999648E+01,3.455218E+01,3.027388E+01,4.922002E+01,3.001853E+03,0.000000E+00,9.811557E-02,0.000000E+00,0.000000E+00,0.000000E+00,0.000000E+00,0.000000E+00,0.000000E+00,0.000000E+00,0.000000E+00,0.000000E+00,1.999667E+01,3.410454E+01,3.448794E+01,3.879660E+01,2.989487E+03,0.000000E+00,9.771144E-02,0.000000E+00,0.000000E+00,0.000000E+00,0.000000E+00,0.000000E+00,0.000000E+00,0.000000E+00,0.000000E+00,0.000000E+00,1.999668E+01,3.408469E+01,3.611846E+01,3.545381E+01,3.017532E+03,0.000000E+00,9.862805E-02,0.000000E+00,0.000000E+00,0.000000E+00,0.000000E+00,0.000000E+00,0.000000E+00,0.000000E+00,0.000000E+00,0.000000E+00,1.999666E+01,3.414788E+01,3.687685E+01,3.401116E+01,3.082541E+03,0.000000E+00,1.007528E-01,0.000000E+00,0.000000E+00,0.000000E+00,0.000000E+00,0.000000E+00,0.000000E+00,0.000000E+00,0.000000E+00,0.000000E+00,1.999664E+01,3.436044E+01,3.776327E+01,3.240867E+01,2.900672E+03,0.000000E+00,9.480903E-02,0.000000E+00,0.000000E+00,0.000000E+00,0.000000E+00,0.000000E+00,0.000000E+00,0.000000E+00,0.000000E+00,0.000000E+00,1.999690E+01,3.452642E+01,4.240407E+01,2.529914E+01
14:00:00,3.119479E+03,0.000000E+00,1.019601E-01,0.000000E+00,0.000000E+00,0.000000E+00,0.000000E+00,0.000000E+00,0.000000E+00,0.000000E+00,0.000000E+00,0.000000E+00,1.999660E+01,3.434607E+01,3.040396E+01,4.863904E+01,2.853025E+03,0.000000E+00,9.325154E-02,0.000000E+00,0.000000E+00,0.000000E+00,0.000000E+00,0.000000E+00,0.000000E+00,0.000000E+00,0.000000E+00,0.000000E+00,1.999679E+01,3.387399E+01,3.464299E+01,3.829341E+01,2.840587E+03,0.000000E+00,9.284503E-02,0.000000E+00,0.000000E+00,0.000000E+00,0.000000E+00,0.000000E+00,0.000000E+00,0.000000E+00,0.000000E+00,0.000000E+00,1.999680E+01,3.385273E+01,3.627879E+01,3.498710E+01,2.868113E+03,0.000000E+00,9.374467E-02,0.000000E+00,0.000000E+00,0.000000E+00,0.000000E+00,0.000000E+00,0.000000E+00,0.000000E+00,0.000000E+00,0.000000E+00,1.999678E+01,3.391542E+01,3.704449E+01,3.355157E+01,2.926600E+03,0.000000E+00,9.565628E-02,0.000000E+00,0.000000E+00,0.000000E+00,0.000000E+00,0.000000E+00,0.000000E+00,0.000000E+00,0.000000E+00,0.000000E+00,1.999676E+01,3.411186E+01,3.796004E+01,3.192208E+01,2.720307E+03,0.000000E+00,8.891418E-02,0.000000E+00,0.000000E+00,0.000000E+00,0.000000E+00,0.000000E+00,0.000000E+00,0.000000E+00,0.000000E+00,0.000000E+00,1.999700E+01,3.416629E+01,4.269041E+01,2.481097E+01
14:10:00,2.988645E+03,0.000000E+00,9.768411E-02,0.000000E+00,0.000000E+00,0.000000E+00,0.000000E+00,0.000000E+00,0.000000E+00,0.000000E+00,0.000000E+00,0.000000E+00,1.999671E+01,3.413841E+01,3.053132E+01,4.807756E+01,2.716249E+03,0.000000E+00,8.878134E-02,0.000000E+00,0.000000E+00,0.000000E+00,0.000000E+00,0.000000E+00,0.000000E+00,0.000000E+00,0.000000E+00,0.000000E+00,1.999691E+01,3.364141E+01,3.479545E+01,3.780646E+01,2.703741E+03,0.000000E+00,8.837256E-02,0.000000E+00,0.000000E+00,0.000000E+00,0.000000E+00,0.000000E+00,0.000000E+00,0.000000E+00,0.000000E+00,0.000000E+00,1.999692E+01,3.361899E+01,3.643672E+01,3.453508E+01,2.730882E+03,0.000000E+00,8.925961E-02,0.000000E+00,0.000000E+00,0.000000E+00,0.000000E+00,0.000000E+00,0.000000E+00,0.000000E+00,0.000000E+00,0.000000E+00,1.999690E+01,3.368169E+01,3.720980E+01,3.310625E+01,2.784381E+03,0.000000E+00,9.100819E-02,0.000000E+00,0.000000E+00,0.000000E+00,0.000000E+00,0.000000E+00,0.000000E+00,0.000000E+00,0.000000E+00,0.000000E+00,1.999687E+01,3.386466E+01,3.815392E+01,3.145153E+01,2.562903E+03,0.000000E+00,8.376975E-02,0.000000E+00,0.000000E+00,0.000000E+00,0.000000E+00,0.000000E+00,0.000000E+00,0.000000E+00,0.000000E+00,0.000000E+00,1.999710E+01,3.382457E+01,4.296589E+01,2.434943E+01
14:20:00,2.868305E+03,0.000000E+00,9.375113E-02,0.000000E+00,0.000000E+00,0.000000E+00,0.000000E+00,0.000000E+00,0.000000E+00,0.000000E+00,0.000000E+00,0.000000E+00,1.999678E+01,3.393306E+01,3.065597E+01,4.751427E+01,2.589665E+03,0.000000E+00,8.464422E-02,0.000000E+00,0.000000E+00,0.000000E+00,0.000000E+00,0.000000E+00,0.000000E+00,0.000000E+00,0.000000E+00,0.000000E+00,1.999699E+01,3.341064E+01,3.494533E+01,3.731875E+01,2.576838E+03,0.000000E+00,8.422500E-02,0.000000E+00,0.000000E+00,0.000000E+00,0.000000E+00,0.000000E+00,0.000000E+00,0.000000E+00,0.000000E+00,0.000000E+00,1.999700E+01,3.338695E+01,3.659203E+01,3.408255E+01,2.603551E+03,0.000000E+00,8.509808E-02,0.000000E+00,0.000000E+00,0.000000E+00,0.000000E+00,0.000000E+00,0.000000E+00,0.000000E+00,0.000000E+00,0.000000E+00,1.999698E+01,3.344975E+01,3.737233E+01,3.266105E+01,2.653516E+03,0.000000E+00,8.673115E-02,0.000000E+00,0.000000E+00,0.000000E+00,0.000000E+00,0.000000E+00,0.000000E+00,0.000000E+00,0.000000E+00,0.000000E+00,1.999695E+01,3.362127E+01,3.834414E+01,3.098395E+01,2.425817E+03,0.000000E+00,7.928933E-02,0.000000E+00,0.000000E+00,0.000000E+00,0.000000E+00,0.000000E+00,0.000000E+00,0.000000E+00,0.000000E+00,0.000000E+00,1.999717E+01,3.350207E+01,4.323099E+01,2.390185E+01
14:30:00,2.758052E+03,0.000000E+00,9.014776E-02,0.000000E+00,0.000000E+00,0.000000E+00,0.000000E+00,0.000000E+00,0.000000E+00,0.000000E+00,0.000000E+00,0.000000E+00,1.999685E+01,3.373211E+01,3.077838E+01,4.693587E+01,2.472379E+03,0.000000E+00,8.081098E-02,0.000000E+00,0.000000E+00,0.000000E+00,0.000000E+00,0.000000E+00,0.000000E+00,0.000000E+00,0.000000E+00,0.000000E+00,1.999708E+01,3.318376E+01,3.509314E+01,3.681969E+01,2.458996E+03,0.000000E+00,8.037357E-02,0.000000E+00,0.000000E+00,0.000000E+00,0.000000E+00,0.000000E+00,0.000000E+00,0.000000E+00,0.000000E+00,0.000000E+00,1.999708E+01,3.315850E+01,3.674521E+01,3.361981E+01,2.485481E+03,0.000000E+00,8.123918E-02,0.000000E+00,0.000000E+00,0.000000E+00,0.000000E+00,0.000000E+00,0.000000E+00,0.000000E+00,0.000000E+00,0.000000E+00,1.999706E+01,3.322130E+01,3.753256E+01,3.220666E+01,2.533488E+03,0.000000E+00,8.280827E-02,0.000000E+00,0.000000E+00,0.000000E+00,0.000000E+00,0.000000E+00,0.000000E+00,0.000000E+00,0.000000E+00,0.000000E+00,1.999703E+01,3.338297E+01,3.853113E+01,3.051049E+01,2.309219E+03,0.000000E+00,7.547853E-02,0.000000E+00,0.000000E+00,0.000000E+00,0.000000E+00,0.000000E+00,0.000000E+00,0.000000E+00,0.000000E+00,0.000000E+00,1.999723E+01,3.319890E+01,4.348647E+01,2.346038E+01
14:40:00,2.647265E+03,0.000000E+00,8.652693E-02,0.000000E+00,0.000000E+00,0.000000E+00,0.000000E+00,0.000000E+00,0.000000E+00,0.000000E+00,0.000000E+00,0.000000E+00,1.999692E+01,3.353576E+01,3.089894E+01,4.633859E+01,2.355491E+03,0.000000E+00,7.699071E-02,0.000000E+00,0.000000E+00,0.000000E+00,0.000000E+00,0.000000E+00,0.000000E+00,0.000000E+00,0.000000E+00,0.000000E+00,1.999716E+01,3.296100E+01,3.523931E+01,3.630629E+01,2.341454E+03,0.000000E+00,7.653192E-02,0.000000E+00,0.000000E+00,0.000000E+00,0.000000E+00,0.000000E+00,0.000000E+00,0.000000E+00,0.000000E+00,0.000000E+00,1.999717E+01,3.293384E+01,3.689682E+01,3.314397E+01,2.367307E+03,0.000000E+00,7.737689E-02,0.000000E+00,0.000000E+00,0.000000E+00,0.000000E+00,0.000000E+00,0.000000E+00,0.000000E+00,0.000000E+00,0.000000E+00,1.999715E+01,3.299648E+01,3.769112E+01,3.174015E+01,2.413158E+03,0.000000E+00,7.887547E-02,0.000000E+00,0.000000E+00,0.000000E+00,0.000000E+00,0.000000E+00,0.000000E+00,0.000000E+00,0.000000E+00,0.000000E+00,1.999712E+01,3.314981E+01,3.871562E+01,3.002821E+01,2.195170E+03,0.000000E+00,7.175095E-02,0.000000E+00,0.000000E+00,0.000000E+00,0.000000E+00,0.000000E+00,0.000000E+00,0.000000E+00,0.000000E+00,0.000000E+00,1.999729E+01,3.291461E+01,4.373255E+01,2.302296E+01
14:50:00,2.537452E+03,0.000000E+00,8.293789E-02,0.000000E+00,0.000000E+00,0.000000E+00,0.000000E+00,0.000000E+00,0.000000E+00,0.000000E+00,0.000000E+00,0.000000E+00,1.999705E+01,3.333490E+01,3.100894E+01,4.574659E+01,2.239167E+03,0.000000E+00,7.318883E-02,0.000000E+00,0.000000E+00,0.000000E+00,0.000000E+00,0.000000E+00,0.000000E+00,0.000000E+00,0.000000E+00,0.000000E+00,1.999729E+01,3.273273E+01,3.537474E+01,3.579776E+01,2.224167E+03,0.000000E+00,7.269854E-02,0.000000E+00,0.000000E+00,0.000000E+00,0.000000E+00,0.000000E+00,0.000000E+00,0.000000E+00,0.000000E+00,0.000000E+00,1.999730E+01,3.270334E+01,3.703782E+01,3.267225E+01,2.249197E+03,0.000000E+00,7.351662E-02,0.000000E+00,0.000000E+00,0.000000E+00,0.000000E+00,0.000000E+00,0.000000E+00,0.000000E+00,0.000000E+00,0.000000E+00,1.999728E+01,3.276569E+01,3.783870E+01,3.127840E+01,2.293228E+03,0.000000E+00,7.495575E-02,0.000000E+00,0.000000E+00,0.000000E+00,0.000000E+00,0.000000E+00,0.000000E+00,0.000000E+00,0.000000E+00,0.000000E+00,1.999725E+01,3.291173E+01,3.888514E+01,2.955794E+01,2.084434E+03,0.000000E+00,6.813166E-02,0.000000E+00,0.000000E+00,0.000000E+00,0.000000E+00,0.000000E+00,0.000000E+00,0.000000E+00,0.000000E+00,0.000000E+00,1.999742E+01,3.263509E+01,4.391167E+01,2.265739E+01
15:00:00,2.428940E+03,0.000000E+00,7.939136E-02,0.000000E+00,0.000000E+00,0.000000E+00,0.000000E+00,0.000000E+00,0.000000E+00,0.000000E+00,0.000000E+00,0.000000E+00,1.999717E+01,3.312488E+01,3.110717E+01,4.516418E+01,2.124003E+03,0.000000E+00,6.942483E-02,0.000000E+00,0.000000E+00,0.000000E+00,0.000000E+00,0.000000E+00,0.000000E+00,0.000000E+00,0.000000E+00,0.000000E+00,1.999742E+01,3.249410E+01,3.549777E+01,3.529833E+01,2.107799E+03,0.000000E+00,6.889522E-02,0.000000E+00,0.000000E+00,0.000000E+00,0.000000E+00,0.000000E+00,0.000000E+00,0.000000E+00,0.000000E+00,0.000000E+00,1.999743E+01,3.246218E+01,3.716637E+01,3.220882E+01,2.131824E+03,0.000000E+00,6.968044E-02,0.000000E+00,0.000000E+00,0.000000E+00,0.000000E+00,0.000000E+00,0.000000E+00,0.000000E+00,0.000000E+00,0.000000E+00,1.999742E+01,3.252414E+01,3.797327E+01,3.082568E+01,2.174460E+03,0.000000E+00,7.107396E-02,0.000000E+00,0.000000E+00,0.000000E+00,0.000000E+00,0.000000E+00,0.000000E+00,0.000000E+00,0.000000E+00,0.000000E+00,1.999738E+01,3.266397E+01,3.903730E+01,2.910388E+01,1.978828E+03,0.000000E+00,6.468000E-02,0.000000E+00,0.000000E+00,0.000000E+00,0.000000E+00,0.000000E+00,0.000000E+00,0.000000E+00,0.000000E+00,0.000000E+00,1.999754E+01,3.235507E+01,4.402446E+01,2.236020E+01
15:10:00,2.310631E+03,0.000000E+00,7.552459E-02,0.000000E+00,0.000000E+00,0.000000E+00,0.000000E+00,0.000000E+00,0.000000E+00,0.000000E+00,0.000000E+00,0.000000E+00,1.999729E+01,3.290517E+01,3.119112E+01,4.459847E+01,1.999156E+03,0.000000E+00,6.534434E-02,0.000000E+00,0.000000E+00,0.000000E+00,0.000000E+00,0.000000E+00,0.000000E+00,0.000000E+00,0.000000E+00,0.000000E+00,1.999755E+01,3.224467E+01,3.560561E+01,3.481388E+01,1.981771E+03,0.000000E+00,6.477610E-02,0.000000E+00,0.000000E+00,0.000000E+00,0.000000E+00,0.000000E+00,0.000000E+00,0.000000E+00,0.000000E+00,0.000000E+00,1.999757E+01,3.220998E+01,3.727971E+01,3.175893E+01,2.004779E+03,0.000000E+00,6.552811E-02,0.000000E+00,0.000000E+00,0.000000E+00,0.000000E+00,0.000000E+00,0.000000E+00,0.000000E+00,0.000000E+00,0.000000E+00,1.999755E+01,3.227148E+01,3.809226E+01,3.038665E+01,2.046820E+03,0.000000E+00,6.690220E-02,0.000000E+00,0.000000E+00,0.000000E+00,0.000000E+00,0.000000E+00,0.000000E+00,0.000000E+00,0.000000E+00,0.000000E+00,1.999751E+01,3.240650E+01,3.917086E+01,2.866799E+01,1.870566E+03,0.000000E+00,6.114152E-02,0.000000E+00,0.000000E+00,0.000000E+00,0.000000E+00,0.000000E+00,0.000000E+00,0.000000E+00,0.000000E+00,0.000000E+00,1.999764E+01,3.207688E+01,4.409439E+01,2.210234E+01
15:20:00,2.189174E+03,0.000000E+00,7.155496E-02,0.000000E+00,0.000000E+00,0.000000E+00,0.000000E+00,0.000000E+00,0.000000E+00,0.000000E+00,0.000000E+00,0.000000E+00,1.999745E+01,3.267444E+01,3.126171E+01,4.406733E+01,1.871522E+03,0.000000E+00,6.117273E-02,0.000000E+00,0.000000E+00,0.000000E+00,0.000000E+00,0.000000E+00,0.000000E+00,0.000000E+00,0.000000E+00,0.000000E+00,1.999773E+01,3.198288E+01,3.569806E+01,3.436065E+01,1.853014E+03,0.000000E+00,6.056779E-02,0.000000E+00,0.000000E+00,0.000000E+00,0.000000E+00,0.000000E+00,0.000000E+00,0.000000E+00,0.000000E+00,0.000000E+00,1.999774E+01,3.194518E+01,3.737700E+01,3.133862E+01,1.874984E+03,0.000000E+00,6.128589E-02,0.000000E+00,0.000000E+00,0.000000E+00,0.000000E+00,0.000000E+00,0.000000E+00,0.000000E+00,0.000000E+00,0.000000E+00,1.999772E+01,3.200616E+01,3.819439E+01,2.997730E+01,1.917223E+03,0.000000E+00,6.266643E-02,0.000000E+00,0.000000E+00,0.000000E+00,0.000000E+00,0.000000E+00,0.000000E+00,0.000000E+00,0.000000E+00,0.000000E+00,1.999768E+01,3.213821E+01,3.928463E+01,2.826501E+01,1.766431E+03,0.000000E+00,5.773796E-02,0.000000E+00,0.000000E+00,0.000000E+00,0.000000E+00,0.000000E+00,0.000000E+00,0.000000E+00,0.000000E+00,0.000000E+00,1.999776E+01,3.180308E+01,4.412970E+01,2.188384E+01
15:30:00,2.065362E+03,0.000000E+00,6.750830E-02,0.000000E+00,0.000000E+00,0.000000E+00,0.000000E+00,0.000000E+00,0.000000E+00,0.000000E+00,0.000000E+00,0.000000E+00,1.999755E+01,3.244151E+01,3.132377E+01,4.356995E+01,1.741893E+03,0.000000E+00,5.693589E-02,0.000000E+00,0.000000E+00,0.000000E+00,0.000000E+00,0.000000E+00,0.000000E+00,0.000000E+00,0.000000E+00,0.000000E+00,1.999784E+01,3.171814E+01,3.578039E+01,3.393737E+01,1.722378E+03,0.000000E+00,5.629806E-02,0.000000E+00,0.000000E+00,0.000000E+00,0.000000E+00,0.000000E+00,0.000000E+00,0.000000E+00,0.000000E+00,0.000000E+00,1.999785E+01,3.167727E+01,3.746357E+01,3.094666E+01,1.743329E+03,0.000000E+00,5.698281E-02,0.000000E+00,0.000000E+00,0.000000E+00,0.000000E+00,0.000000E+00,0.000000E+00,0.000000E+00,0.000000E+00,0.000000E+00,1.999783E+01,3.173762E+01,3.828508E+01,2.959638E+01,1.786744E+03,0.000000E+00,5.840184E-02,0.000000E+00,0.000000E+00,0.000000E+00,0.000000E+00,0.000000E+00,0.000000E+00,0.000000E+00,0.000000E+00,0.000000E+00,1.999778E+01,3.186870E+01,3.938445E+01,2.789298E+01,1.669161E+03,0.000000E+00,5.455873E-02,0.000000E+00,0.000000E+00,0.000000E+00,0.000000E+00,0.000000E+00,0.000000E+00,0.000000E+00,0.000000E+00,0.000000E+00,1.999785E+01,3.154532E+01,4.414242E+01,2.169642E+01
15:40:00,1.960377E+03,0.000000E+00,6.407705E-02,0.000000E+00,0.000000E+00,0.000000E+00,0.000000E+00,0.000000E+00,0.000000E+00,0.000000E+00,0.000000E+00,0.000000E+00,1.999766E+01,3.221267E+01,3.137011E+01,4.312601E+01,1.631585E+03,0.000000E+00,5.333057E-02,0.000000E+00,0.000000E+00,0.000000E+00,0.000000E+00,0.000000E+00,0.000000E+00,0.000000E+00,0.000000E+00,0.000000E+00,1.999795E+01,3.145717E+01,3.584582E+01,3.355801E+01,1.611049E+03,0.000000E+00,5.265936E-02,0.000000E+00,0.000000E+00,0.000000E+00,0.000000E+00,0.000000E+00,0.000000E+00,0.000000E+00,0.000000E+00,0.000000E+00,1.999796E+01,3.141311E+01,3.753322E+01,3.059468E+01,1.631140E+03,0.000000E+00,5.331602E-02,0.000000E+00,0.000000E+00,0.000000E+00,0.000000E+00,0.000000E+00,0.000000E+00,0.000000E+00,0.000000E+00,0.000000E+00,1.999794E+01,3.147275E+01,3.835867E+01,2.925401E+01,1.677754E+03,0.000000E+00,5.483960E-02,0.000000E+00,0.000000E+00,0.000000E+00,0.000000E+00,0.000000E+00,0.000000E+00,0.000000E+00,0.000000E+00,0.000000E+00,1.999789E+01,3.160517E+01,3.946594E+01,2.755926E+01,1.610431E+03,0.000000E+00,5.263927E-02,0.000000E+00,0.000000E+00,0.000000E+00,0.000000E+00,0.000000E+00,0.000000E+00,0.000000E+00,0.000000E+00,0.000000E+00,1.999788E+01,3.131421E+01,4.413319E+01,2.154019E+01
15:50:00,1.874230E+03,0.000000E+00,6.126146E-02,0.000000E+00,0.000000E+00,0.000000E+00,0.000000E+00,0.000000E+00,0.000000E+00,0.000000E+00,0.000000E+00,0.000000E+00,1.999765E+01,3.200917E+01,3.144640E+01,4.262218E+01,1.540842E+03,0.000000E+00,5.036471E-02,0.000000E+00,0.000000E+00,0.000000E+00,0.000000E+00,0.000000E+00,0.000000E+00,0.000000E+00,0.000000E+00,0.000000E+00,1.999793E+01,3.122206E+01,3.594282E+01,3.313194E+01,1.519459E+03,0.000000E+00,4.966580E-02,0.000000E+00,0.000000E+00,0.000000E+00,0.000000E+00,0.000000E+00,0.000000E+00,0.000000E+00,0.000000E+00,0.000000E+00,1.999793E+01,3.117471E+01,3.763423E+01,3.020132E+01,1.539052E+03,0.000000E+00,5.030621E-02,0.000000E+00,0.000000E+00,0.000000E+00,0.000000E+00,0.000000E+00,0.000000E+00,0.000000E+00,0.000000E+00,0.000000E+00,1.999792E+01,3.123372E+01,3.846337E+01,2.887293E+01,1.591331E+03,0.000000E+00,5.201493E-02,0.000000E+00,0.000000E+00,0.000000E+00,0.000000E+00,0.000000E+00,0.000000E+00,0.000000E+00,0.000000E+00,0.000000E+00,1.999786E+01,3.137070E+01,3.957941E+01,2.718853E+01,1.585274E+03,0.000000E+00,5.181706E-02,0.000000E+00,0.000000E+00,0.000000E+00,0.000000E+00,0.000000E+00,0.000000E+00,0.000000E+00,0.000000E+00,0.000000E+00,1.999770E+01,3.114326E+01,4.420217E+01,2.130317E+01
16:00:00,1.806689E+03,0.000000E+00,5.905397E-02,0.000000E+00,0.000000E+00,0.000000E+00,0.000000E+00,0.000000E+00,0.000000E+00,0.000000E+00,0.000000E+00,0.000000E+00,1.999764E+01,3.184086E+01,3.154454E+01,4.207812E+01,1.469062E+03,0.000000E+00,4.801864E-02,0.000000E+00,0.000000E+00,0.000000E+00,0.000000E+00,0.000000E+00,0.000000E+00,0.000000E+00,0.000000E+00,0.000000E+00,1.999793E+01,3.102359E+01,3.606352E+01,3.267369E+01,1.446818E+03,0.000000E+00,4.729158E-02,0.000000E+00,0.000000E+00,0.000000E+00,0.000000E+00,0.000000E+00,0.000000E+00,0.000000E+00,0.000000E+00,0.000000E+00,1.999793E+01,3.097302E+01,3.775949E+01,2.977841E+01,1.466102E+03,0.000000E+00,4.792187E-02,0.000000E+00,0.000000E+00,0.000000E+00,0.000000E+00,0.000000E+00,0.000000E+00,0.000000E+00,0.000000E+00,0.000000E+00,1.999792E+01,3.103180E+01,3.859303E+01,2.846291E+01,1.525819E+03,0.000000E+00,4.987374E-02,0.000000E+00,0.000000E+00,0.000000E+00,0.000000E+00,0.000000E+00,0.000000E+00,0.000000E+00,0.000000E+00,0.000000E+00,1.999785E+01,3.117784E+01,3.972098E+01,2.678672E+01,1.603365E+03,0.000000E+00,5.240838E-02,0.000000E+00,0.000000E+00,0.000000E+00,0.000000E+00,0.000000E+00,0.000000E+00,0.000000E+00,0.000000E+00,0.000000E+00,1.999753E+01,3.104278E+01,4.434133E+01,2.099580E+01
16:10:00,1.768857E+03,0.000000E+00,5.781751E-02,0.000000E+00,0.000000E+00,0.000000E+00,0.000000E+00,0.000000E+00,0.000000E+00,0.000000E+00,0.000000E+00,0.000000E+00,1.999763E+01,3.170776E+01,3.164551E+01,4.153872E+01,1.427459E+03,0.000000E+00,4.665888E-02,0.000000E+00,0.000000E+00,0.000000E+00,0.000000E+00,0.000000E+00,0.000000E+00,0.000000E+00,0.000000E+00,0.000000E+00,1.999793E+01,3.086187E+01,3.618808E+01,3.221850E+01,1.404388E+03,0.000000E+00,4.590477E-02,0.000000E+00,0.000000E+00,0.000000E+00,0.000000E+00,0.000000E+00,0.000000E+00,0.000000E+00,0.000000E+00,0.000000E+00,1.999793E+01,3.080807E+01,3.788911E+01,2.935779E+01,1.423753E+03,0.000000E+00,4.653773E-02,0.000000E+00,0.000000E+00,0.000000E+00,0.000000E+00,0.000000E+00,0.000000E+00,0.000000E+00,0.000000E+00,0.000000E+00,1.999792E+01,3.086697E+01,3.872768E+01,2.805437E+01,1.492968E+03,0.000000E+00,4.880004E-02,0.000000E+00,0.000000E+00,0.000000E+00,0.000000E+00,0.000000E+00,0.000000E+00,0.000000E+00,0.000000E+00,0.000000E+00,1.999785E+01,3.102625E+01,3.986983E+01,2.638363E+01,1.681032E+03,0.000000E+00,5.494693E-02,0.000000E+00,0.000000E+00,0.000000E+00,0.000000E+00,0.000000E+00,0.000000E+00,0.000000E+00,0.000000E+00,0.000000E+00,1.999740E+01,3.102566E+01,4.449950E+01,2.067501E+01
16:20:00,1.755311E+03,0.000000E+00,5.737479E-02,0.000000E+00,0.000000E+00,0.000000E+00,0.000000E+00,0.000000E+00,0.000000E+00,0.000000E+00,0.000000E+00,0.000000E+00,1.999758E+01,3.162033E+01,3.174950E+01,4.100022E+01,1.410375E+03,0.000000E+00,4.610052E-02,0.000000E+00,0.000000E+00,0.000000E+00,0.000000E+00,0.000000E+00,0.000000E+00,0.000000E+00,0.000000E+00,0.000000E+00,1.999788E+01,3.074777E+01,3.631647E+01,3.176394E+01,1.386497E+03,0.000000E+00,4.532001E-02,0.000000E+00,0.000000E+00,0.000000E+00,0.000000E+00,0.000000E+00,0.000000E+00,0.000000E+00,0.000000E+00,0.000000E+00,1.999788E+01,3.069074E+01,3.802264E+01,2.893787E+01,1.406406E+03,0.000000E+00,4.597076E-02,0.000000E+00,0.000000E+00,0.000000E+00,0.000000E+00,0.000000E+00,0.000000E+00,0.000000E+00,0.000000E+00,0.000000E+00,1.999787E+01,3.075018E+01,3.886622E+01,2.764676E+01,1.487240E+03,0.000000E+00,4.861284E-02,0.000000E+00,0.000000E+00,0.000000E+00,0.000000E+00,0.000000E+00,0.000000E+00,0.000000E+00,0.000000E+00,0.000000E+00,1.999779E+01,3.092685E+01,4.002270E+01,2.598191E+01,1.815642E+03,0.000000E+00,5.934660E-02,0.000000E+00,0.000000E+00,0.000000E+00,0.000000E+00,0.000000E+00,0.000000E+00,0.000000E+00,0.000000E+00,0.000000E+00,1.999712E+01,3.111697E+01,4.465512E+01,2.036254E+01
16:30:00,1.766057E+03,0.000000E+00,5.772603E-02,0.000000E+00,0.000000E+00,0.000000E+00,0.000000E+00,0.000000E+00,0.000000E+00,0.000000E+00,0.000000E+00,0.000000E+00,1.999752E+01,3.158331E+01,3.184719E+01,4.048209E+01,1.417798E+03,0.000000E+00,4.634314E-02,0.000000E+00,0.000000E+00,0.000000E+00,0.000000E+00,0.000000E+00,0.000000E+00,0.000000E+00,0.000000E+00,0.000000E+00,1.999782E+01,3.068646E+01,3.643917E+01,3.132482E+01,1.393075E+03,0.000000E+00,4.553504E-02,0.000000E+00,0.000000E+00,0.000000E+00,0.000000E+00,0.000000E+00,0.000000E+00,0.000000E+00,0.000000E+00,0.000000E+00,1.999783E+01,3.062626E+01,3.815090E+01,2.853144E+01,1.413953E+03,0.000000E+00,4.621743E-02,0.000000E+00,0.000000E+00,0.000000E+00,0.000000E+00,0.000000E+00,0.000000E+00,0.000000E+00,0.000000E+00,0.000000E+00,1.999781E+01,3.068677E+01,3.899969E+01,2.725191E+01,1.508316E+03,0.000000E+00,4.930173E-02,0.000000E+00,0.000000E+00,0.000000E+00,0.000000E+00,0.000000E+00,0.000000E+00,0.000000E+00,0.000000E+00,0.000000E+00,1.999772E+01,3.088486E+01,4.016980E+01,2.559365E+01,2.006709E+03,0.000000E+00,6.559145E-02,0.000000E+00,0.000000E+00,0.000000E+00,0.000000E+00,0.000000E+00,0.000000E+00,0.000000E+00,0.000000E+00,0.000000E+00,1.999680E+01,3.132709E+01,4.479117E+01,2.007461E+01
16:40:00,1.775338E+03,0.000000E+00,5.802930E-02,0.000000E+00,0.000000E+00,0.000000E+00,0.000000E+00,0.000000E+00,0.000000E+00,0.000000E+00,0.000000E+00,0.000000E+00,1.999746E+01,3.159535E+01,3.193412E+01,3.999277E+01,1.424379E+03,0.000000E+00,4.655821E-02,0.000000E+00,0.000000E+00,0.000000E+00,0.000000E+00,0.000000E+00,0.000000E+00,0.000000E+00,0.000000E+00,0.000000E+00,1.999776E+01,3.067694E+01,3.655125E+01,3.090816E+01,1.399139E+03,0.000000E+00,4.573318E-02,0.000000E+00,0.000000E+00,0.000000E+00,0.000000E+00,0.000000E+00,0.000000E+00,0.000000E+00,0.000000E+00,0.000000E+00,1.999777E+01,3.061370E+01,3.826896E+01,2.814484E+01,1.421115E+03,0.000000E+00,4.645148E-02,0.000000E+00,0.000000E+00,0.000000E+00,0.000000E+00,0.000000E+00,0.000000E+00,0.000000E+00,0.000000E+00,0.000000E+00,1.999775E+01,3.067583E+01,3.912305E+01,2.687597E+01,1.529270E+03,0.000000E+00,4.998659E-02,0.000000E+00,0.000000E+00,0.000000E+00,0.000000E+00,0.000000E+00,0.000000E+00,0.000000E+00,0.000000E+00,0.000000E+00,1.999764E+01,3.089908E+01,4.030546E+01,2.522535E+01,2.215966E+03,0.000000E+00,7.243064E-02,0.000000E+00,0.000000E+00,0.000000E+00,0.000000E+00,0.000000E+00,0.000000E+00,0.000000E+00,0.000000E+00,0.000000E+00,1.999647E+01,3.165156E+01,4.490020E+01,1.981735E+01
16:50:00,1.783964E+03,0.000000E+00,5.831121E-02,0.000000E+00,0.000000E+00,0.000000E+00,0.000000E+00,0.000000E+00,0.000000E+00,0.000000E+00,0.000000E+00,0.000000E+00,1.999750E+01,3.163608E+01,3.200350E+01,3.954600E+01,1.430368E+03,0.000000E+00,4.675394E-02,0.000000E+00,0.000000E+00,0.000000E+00,0.000000E+00,0.000000E+00,0.000000E+00,0.000000E+00,0.000000E+00,0.000000E+00,1.999780E+01,3.069868E+01,3.664506E+01,3.052556E+01,1.404669E+03,0.000000E+00,4.591391E-02,0.000000E+00,0.000000E+00,0.000000E+00,0.000000E+00,0.000000E+00,0.000000E+00,0.000000E+00,0.000000E+00,0.000000E+00,1.999782E+01,3.063284E+01,3.836901E+01,2.778871E+01,1.427723E+03,0.000000E+00,4.666746E-02,0.000000E+00,0.000000E+00,0.000000E+00,0.000000E+00,0.000000E+00,0.000000E+00,0.000000E+00,0.000000E+00,0.000000E+00,1.999780E+01,3.069686E+01,3.922823E+01,2.652940E+01,1.549718E+03,0.000000E+00,5.065492E-02,0.000000E+00,0.000000E+00,0.000000E+00,0.000000E+00,0.000000E+00,0.000000E+00,0.000000E+00,0.000000E+00,0.000000E+00,1.999767E+01,3.094740E+01,4.041986E+01,2.488894E+01,2.451826E+03,0.000000E+00,8.013927E-02,0.000000E+00,0.000000E+00,0.000000E+00,0.000000E+00,0.000000E+00,0.000000E+00,0.000000E+00,0.000000E+00,0.000000E+00,1.999628E+01,3.205327E+01,4.495460E+01,1.961720E+01
17:00:00,1.793688E+03,0.000000E+00,5.862902E-02,0.000000E+00,0.000000E+00,0.000000E+00,0.000000E+00,0.000000E+00,0.000000E+00,0.000000E+00,0.000000E+00,0.000000E+00,1.999752E+01,3.169385E+01,3.205897E+01,3.913197E+01,1.437777E+03,0.000000E+00,4.699608E-02,0.000000E+00,0.000000E+00,0.000000E+00,0.000000E+00,0.000000E+00,0.000000E+00,0.000000E+00,0.000000E+00,0.000000E+00,1.999782E+01,3.073957E+01,3.672363E+01,3.017056E+01,1.411815E+03,0.000000E+00,4.614748E-02,0.000000E+00,0.000000E+00,0.000000E+00,0.000000E+00,0.000000E+00,0.000000E+00,0.000000E+00,0.000000E+00,0.000000E+00,1.999783E+01,3.067162E+01,3.845367E+01,2.745783E+01,1.436128E+03,0.000000E+00,4.694216E-02,0.000000E+00,0.000000E+00,0.000000E+00,0.000000E+00,0.000000E+00,0.000000E+00,0.000000E+00,0.000000E+00,0.000000E+00,1.999781E+01,3.073768E+01,3.931761E+01,2.620755E+01,1.572826E+03,0.000000E+00,5.141018E-02,0.000000E+00,0.000000E+00,0.000000E+00,0.000000E+00,0.000000E+00,0.000000E+00,0.000000E+00,0.000000E+00,0.000000E+00,1.999767E+01,3.101729E+01,4.051497E+01,2.458040E+01,2.709954E+03,0.000000E+00,8.857565E-02,0.000000E+00,0.000000E+00,0.000000E+00,0.000000E+00,0.000000E+00,0.000000E+00,0.000000E+00,0.000000E+00,0.000000E+00,1.999607E+01,3.251161E+01,4.495759E+01,1.946901E+01
17:10:00,1.814645E+03,0.000000E+00,5.931399E-02,0.000000E+00,0.000000E+00,0.000000E+00,0.000000E+00,0.000000E+00,0.000000E+00,0.000000E+00,0.000000E+00,0.000000E+00,1.999753E+01,3.176654E+01,3.210652E+01,3.873624E+01,1.456634E+03,0.000000E+00,4.761241E-02,0.000000E+00,0.000000E+00,0.000000E+00,0.000000E+00,0.000000E+00,0.000000E+00,0.000000E+00,0.000000E+00,0.000000E+00,1.999783E+01,3.079720E+01,3.679309E+01,2.983196E+01,1.430519E+03,0.000000E+00,4.675883E-02,0.000000E+00,0.000000E+00,0.000000E+00,0.000000E+00,0.000000E+00,0.000000E+00,0.000000E+00,0.000000E+00,0.000000E+00,1.999783E+01,3.072752E+01,3.852918E+01,2.714195E+01,1.456473E+03,0.000000E+00,4.760716E-02,0.000000E+00,0.000000E+00,0.000000E+00,0.000000E+00,0.000000E+00,0.000000E+00,0.000000E+00,0.000000E+00,0.000000E+00,1.999782E+01,3.079582E+01,3.939698E+01,2.590127E+01,1.609643E+03,0.000000E+00,5.261355E-02,0.000000E+00,0.000000E+00,0.000000E+00,0.000000E+00,0.000000E+00,0.000000E+00,0.000000E+00,0.000000E+00,0.000000E+00,1.999767E+01,3.110666E+01,4.059790E+01,2.428932E+01,3.008400E+03,0.000000E+00,9.832957E-02,0.000000E+00,0.000000E+00,0.000000E+00,0.000000E+00,0.000000E+00,0.000000E+00,0.000000E+00,0.000000E+00,0.000000E+00,1.999582E+01,3.302339E+01,4.492987E+01,1.935083E+01
17:20:00,1.852020E+03,0.000000E+00,6.053559E-02,0.000000E+00,0.000000E+00,0.000000E+00,0.000000E+00,0.000000E+00,0.000000E+00,0.000000E+00,0.000000E+00,0.000000E+00,1.999741E+01,3.185652E+01,3.214482E+01,3.833881E+01,1.492153E+03,0.000000E+00,4.877336E-02,0.000000E+00,0.000000E+00,0.000000E+00,0.000000E+00,0.000000E+00,0.000000E+00,0.000000E+00,0.000000E+00,0.000000E+00,1.999769E+01,3.087485E+01,3.685329E+01,2.949199E+01,1.465994E+03,0.000000E+00,4.791831E-02,0.000000E+00,0.000000E+00,0.000000E+00,0.000000E+00,0.000000E+00,0.000000E+00,0.000000E+00,0.000000E+00,0.000000E+00,1.999769E+01,3.080374E+01,3.859591E+01,2.682408E+01,1.494014E+03,0.000000E+00,4.883419E-02,0.000000E+00,0.000000E+00,0.000000E+00,0.000000E+00,0.000000E+00,0.000000E+00,0.000000E+00,0.000000E+00,0.000000E+00,1.999768E+01,3.087492E+01,3.946680E+01,2.559415E+01,1.665899E+03,0.000000E+00,5.445228E-02,0.000000E+00,0.000000E+00,0.000000E+00,0.000000E+00,0.000000E+00,0.000000E+00,0.000000E+00,0.000000E+00,0.000000E+00,1.999751E+01,3.122080E+01,4.067018E+01,2.399878E+01,3.357440E+03,0.000000E+00,1.097369E-01,0.000000E+00,0.000000E+00,0.000000E+00,0.000000E+00,0.000000E+00,0.000000E+00,0.000000E+00,0.000000E+00,0.000000E+00,1.999538E+01,3.360191E+01,4.488167E+01,1.924026E+01
17:30:00,1.910641E+03,0.000000E+00,6.245157E-02,0.000000E+00,0.000000E+00,0.000000E+00,0.000000E+00,0.000000E+00,0.000000E+00,0.000000E+00,0.000000E+00,0.000000E+00,1.999725E+01,3.197237E+01,3.218149E+01,3.791076E+01,1.549304E+03,0.000000E+00,5.064135E-02,0.000000E+00,0.000000E+00,0.000000E+00,0.000000E+00,0.000000E+00,0.000000E+00,0.000000E+00,0.000000E+00,0.000000E+00,1.999752E+01,3.098208E+01,3.691124E+01,2.912976E+01,1.523229E+03,0.000000E+00,4.978905E-02,0.000000E+00,0.000000E+00,0.000000E+00,0.000000E+00,0.000000E+00,0.000000E+00,0.000000E+00,0.000000E+00,0.000000E+00,1.999752E+01,3.090984E+01,3.865968E+01,2.648697E+01,1.553735E+03,0.000000E+00,5.078616E-02,0.000000E+00,0.000000E+00,0.000000E+00,0.000000E+00,0.000000E+00,0.000000E+00,0.000000E+00,0.000000E+00,0.000000E+00,1.999750E+01,3.098487E+01,3.953369E+01,2.526866E+01,1.747028E+03,0.000000E+00,5.710394E-02,0.000000E+00,0.000000E+00,0.000000E+00,0.000000E+00,0.000000E+00,0.000000E+00,0.000000E+00,0.000000E+00,0.000000E+00,1.999730E+01,3.137073E+01,4.073715E+01,2.369395E+01,3.769102E+03,0.000000E+00,1.231905E-01,0.000000E+00,0.000000E+00,0.000000E+00,0.000000E+00,0.000000E+00,0.000000E+00,0.000000E+00,0.000000E+00,0.000000E+00,1.999489E+01,3.426044E+01,4.482313E+01,1.912060E+01
17:40:00,2.248127E+03,0.000000E+00,7.348241E-02,0.000000E+00,0.000000E+00,0.000000E+00,0.000000E+00,0.000000E+00,0.000000E+00,0.000000E+00,0.000000E+00,0.000000E+00,1.999704E+01,3.212380E+01,3.221534E+01,3.745314E+01,1.887309E+03,0.000000E+00,6.168926E-02,0.000000E+00,0.000000E+00,0.000000E+00,0.000000E+00,0.000000E+00,0.000000E+00,0.000000E+00,0.000000E+00,0.000000E+00,1.999730E+01,3.112958E+01,3.696481E+01,2.874754E+01,1.859033E+03,0.000000E+00,6.076503E-02,0.000000E+00,0.000000E+00,0.000000E+00,0.000000E+00,0.000000E+00,0.000000E+00,0.000000E+00,0.000000E+00,0.000000E+00,1.999731E+01,3.105663E+01,3.871783E+01,2.613346E+01,1.893502E+03,0.000000E+00,6.189165E-02,0.000000E+00,0.000000E+00,0.000000E+00,0.000000E+00,0.000000E+00,0.000000E+00,0.000000E+00,0.000000E+00,0.000000E+00,1.999728E+01,3.113642E+01,3.959498E+01,2.492746E+01,2.119192E+03,0.000000E+00,6.926823E-02,0.000000E+00,0.000000E+00,0.000000E+00,0.000000E+00,0.000000E+00,0.000000E+00,0.000000E+00,0.000000E+00,0.000000E+00,1.999705E+01,3.156744E+01,4.079678E+01,2.337642E+01,4.498799E+03,0.000000E+00,1.470379E-01,0.000000E+00,0.000000E+00,0.000000E+00,0.000000E+00,0.000000E+00,0.000000E+00,0.000000E+00,0.000000E+00,0.000000E+00,1.999435E+01,3.500518E+01,4.475417E+01,1.899084E+01
17:50:00,2.656518E+03,0.000000E+00,8.682920E-02,0.000000E+00,0.000000E+00,0.000000E+00,0.000000E+00,0.000000E+00,0.000000E+00,0.000000E+00,0.000000E+00,0.000000E+00,1.999491E+01,3.262867E+01,3.223618E+01,3.699038E+01,2.306533E+03,0.000000E+00,7.539022E-02,0.000000E+00,0.000000E+00,0.000000E+00,0.000000E+00,0.000000E+00,0.000000E+00,0.000000E+00,0.000000E+00,0.000000E+00,1.999497E+01,3.165414E+01,3.700426E+01,2.836286E+01,2.277784E+03,0.000000E+00,7.445057E-02,0.000000E+00,0.000000E+00,0.000000E+00,0.000000E+00,0.000000E+00,0.000000E+00,0.000000E+00,0.000000E+00,0.000000E+00,1.999498E+01,3.157923E+01,3.876201E+01,2.577730E+01,2.314220E+03,0.000000E+00,7.564144E-02,0.000000E+00,0.000000E+00,0.000000E+00,0.000000E+00,0.000000E+00,0.000000E+00,0.000000E+00,0.000000E+00,0.000000E+00,1.999496E+01,3.166424E+01,3.964210E+01,2.458394E+01,2.565546E+03,0.000000E+00,8.385569E-02,0.000000E+00,0.000000E+00,0.000000E+00,0.000000E+00,0.000000E+00,0.000000E+00,0.000000E+00,0.000000E+00,0.000000E+00,1.999475E+01,3.214600E+01,4.083991E+01,2.305928E+01,5.294534E+03,0.000000E+00,1.730411E-01,0.000000E+00,0.000000E+00,0.000000E+00,0.000000E+00,0.000000E+00,0.000000E+00,0.000000E+00,0.000000E+00,0.000000E+00,1.999246E+01,3.606602E+01,4.464803E+01,1.887835E+01
18:00:00,3.088408E+03,0.000000E+00,1.009438E-01,0.000000E+00,0.000000E+00,0.000000E+00,0.000000E+00,0.000000E+00,0.000000E+00,0.000000E+00,0.000000E+00,0.000000E+00,1.999472E+01,3.335303E+01,3.224265E+01,3.652839E+01,2.748584E+03,0.000000E+00,8.983714E-02,0.000000E+00,0.000000E+00,0.000000E+00,0.000000E+00,0.000000E+00,0.000000E+00,0.000000E+00,0.000000E+00,0.000000E+00,1.999479E+01,3.242790E+01,3.702850E+01,2.797976E+01,2.718755E+03,0.000000E+00,8.886218E-02,0.000000E+00,0.000000E+00,0.000000E+00,0.000000E+00,0.000000E+00,0.000000E+00,0.000000E+00,0.000000E+00,0.000000E+00,1.999481E+01,3.235330E+01,3.879149E+01,2.542170E+01,2.757638E+03,0.000000E+00,9.013303E-02,0.000000E+00,0.000000E+00,0.000000E+00,0.000000E+00,0.000000E+00,0.000000E+00,0.000000E+00,0.000000E+00,0.000000E+00,1.999479E+01,3.244003E+01,3.967404E+01,2.424153E+01,3.041454E+03,0.000000E+00,9.940893E-02,0.000000E+00,0.000000E+00,0.000000E+00,0.000000E+00,0.000000E+00,0.000000E+00,0.000000E+00,0.000000E+00,0.000000E+00,1.999457E+01,3.295936E+01,4.086545E+01,2.274573E+01,6.217051E+03,0.000000E+00,2.031874E-01,0.000000E+00,0.000000E+00,0.000000E+00,0.000000E+00,0.000000E+00,0.000000E+00,0.000000E+00,0.000000E+00,0.000000E+00,1.999246E+01,3.724289E+01,4.450516E+01,1.878405E+01
18:10:00,3.508461E+03,0.000000E+00,1.146716E-01,0.000000E+00,0.000000E+00,0.000000E+00,0.000000E+00,0.000000E+00,0.000000E+00,0.000000E+00,0.000000E+00,0.000000E+00,1.999473E+01,3.409521E+01,3.223852E+01,3.606180E+01,3.179782E+03,0.000000E+00,1.039293E-01,0.000000E+00,0.000000E+00,0.000000E+00,0.000000E+00,0.000000E+00,0.000000E+00,0.000000E+00,0.000000E+00,0.000000E+00,1.999479E+01,3.323017E+01,3.704147E+01,2.759414E+01,3.149084E+03,0.000000E+00,1.029260E-01,0.000000E+00,0.000000E+00,0.000000E+00,0.000000E+00,0.000000E+00,0.000000E+00,0.000000E+00,0.000000E+00,0.000000E+00,1.999480E+01,3.315699E+01,3.881007E+01,2.506325E+01,3.189997E+03,0.000000E+00,1.042631E-01,0.000000E+00,0.000000E+00,0.000000E+00,0.000000E+00,0.000000E+00,0.000000E+00,0.000000E+00,0.000000E+00,0.000000E+00,1.999478E+01,3.324359E+01,3.969469E+01,2.389687E+01,3.502892E+03,0.000000E+00,1.144891E-01,0.000000E+00,0.000000E+00,0.000000E+00,0.000000E+00,0.000000E+00,0.000000E+00,0.000000E+00,0.000000E+00,0.000000E+00,1.999453E+01,3.379633E+01,4.087783E+01,2.243192E+01,7.084762E+03,0.000000E+00,2.315418E-01,0.000000E+00,0.000000E+00,0.000000E+00,0.000000E+00,0.000000E+00,0.000000E+00,0.000000E+00,0.000000E+00,0.000000E+00,1.999204E+01,3.842777E+01,4.434302E+01,1.869217E+01
18:20:00,3.907399E+03,0.000000E+00,1.277093E-01,0.000000E+00,0.000000E+00,0.000000E+00,0.000000E+00,0.000000E+00,0.000000E+00,0.000000E+00,0.000000E+00,0.000000E+00,1.999491E+01,3.472585E+01,3.221224E+01,3.564159E+01,3.590333E+03,0.000000E+00,1.173467E-01,0.000000E+00,0.000000E+00,0.000000E+00,0.000000E+00,0.000000E+00,0.000000E+00,0.000000E+00,0.000000E+00,0.000000E+00,1.999498E+01,3.391885E+01,3.703065E+01,2.724611E+01,3.558780E+03,0.000000E+00,1.163154E-01,0.000000E+00,0.000000E+00,0.000000E+00,0.000000E+00,0.000000E+00,0.000000E+00,0.000000E+00,0.000000E+00,0.000000E+00,1.999499E+01,3.384762E+01,3.880497E+01,2.473865E+01,3.601006E+03,0.000000E+00,1.176955E-01,0.000000E+00,0.000000E+00,0.000000E+00,0.000000E+00,0.000000E+00,0.000000E+00,0.000000E+00,0.000000E+00,0.000000E+00,1.999497E+01,3.393351E+01,3.969145E+01,2.358465E+01,3.938433E+03,0.000000E+00,1.287231E-01,0.000000E+00,0.000000E+00,0.000000E+00,0.000000E+00,0.000000E+00,0.000000E+00,0.000000E+00,0.000000E+00,0.000000E+00,1.999474E+01,3.451394E+01,4.086552E+01,2.214905E+01,7.857096E+03,0.000000E+00,2.567801E-01,0.000000E+00,0.000000E+00,0.000000E+00,0.000000E+00,0.000000E+00,0.000000E+00,0.000000E+00,0.000000E+00,0.000000E+00,1.999258E+01,3.943572E+01,4.416060E+01,1.861864E+01
18:30:00,4.279866E+03,0.000000E+00,1.398820E-01,0.000000E+00,0.000000E+00,0.000000E+00,0.000000E+00,0.000000E+00,0.000000E+00,0.000000E+00,0.000000E+00,0.000000E+00,1.999507E+01,3.521358E+01,3.217029E+01,3.526985E+01,3.974739E+03,0.000000E+00,1.299097E-01,0.000000E+00,0.000000E+00,0.000000E+00,0.000000E+00,0.000000E+00,0.000000E+00,0.000000E+00,0.000000E+00,0.000000E+00,1.999514E+01,3.445761E+01,3.700189E+01,2.693860E+01,3.942312E+03,0.000000E+00,1.288499E-01,0.000000E+00,0.000000E+00,0.000000E+00,0.000000E+00,0.000000E+00,0.000000E+00,0.000000E+00,0.000000E+00,0.000000E+00,1.999515E+01,3.438842E+01,3.878160E+01,2.445127E+01,3.985207E+03,0.000000E+00,1.302518E-01,0.000000E+00,0.000000E+00,0.000000E+00,0.000000E+00,0.000000E+00,0.000000E+00,0.000000E+00,0.000000E+00,0.000000E+00,1.999513E+01,3.447338E+01,3.966958E+01,2.330835E+01,4.342568E+03,0.000000E+00,1.419307E-01,0.000000E+00,0.000000E+00,0.000000E+00,0.000000E+00,0.000000E+00,0.000000E+00,0.000000E+00,0.000000E+00,0.000000E+00,1.999492E+01,3.507442E+01,4.083361E+01,2.190069E+01,8.525319E+03,0.000000E+00,2.786169E-01,0.000000E+00,0.000000E+00,0.000000E+00,0.000000E+00,0.000000E+00,0.000000E+00,0.000000E+00,0.000000E+00,0.000000E+00,1.999306E+01,4.019158E+01,4.396475E+01,1.856575E+01
18:40:00,4.379103E+03,0.000000E+00,1.431242E-01,0.000000E+00,0.000000E+00,0.000000E+00,0.000000E+00,0.000000E+00,0.000000E+00,0.000000E+00,0.000000E+00,0.000000E+00,1.999520E+01,3.557671E+01,3.212040E+01,3.493462E+01,4.084349E+03,0.000000E+00,1.334909E-01,0.000000E+00,0.000000E+00,0.000000E+00,0.000000E+00,0.000000E+00,0.000000E+00,0.000000E+00,0.000000E+00,0.000000E+00,1.999527E+01,3.486439E+01,3.696364E+01,2.666163E+01,4.053227E+03,0.000000E+00,1.324738E-01,0.000000E+00,0.000000E+00,0.000000E+00,0.000000E+00,0.000000E+00,0.000000E+00,0.000000E+00,0.000000E+00,0.000000E+00,1.999528E+01,3.479713E+01,3.874848E+01,2.419211E+01,4.095260E+03,0.000000E+00,1.338475E-01,0.000000E+00,0.000000E+00,0.000000E+00,0.000000E+00,0.000000E+00,0.000000E+00,0.000000E+00,0.000000E+00,0.000000E+00,1.999526E+01,3.488110E+01,3.963753E+01,2.305951E+01,4.460422E+03,0.000000E+00,1.457812E-01,0.000000E+00,0.000000E+00,0.000000E+00,0.000000E+00,0.000000E+00,0.000000E+00,0.000000E+00,0.000000E+00,0.000000E+00,1.999506E+01,3.549673E+01,4.079066E+01,2.167885E+01,8.847926E+03,0.000000E+00,2.891591E-01,0.000000E+00,0.000000E+00,0.000000E+00,0.000000E+00,0.000000E+00,0.000000E+00,0.000000E+00,0.000000E+00,0.000000E+00,1.999342E+01,4.072274E+01,4.375167E+01,1.853954E+01
18:50:00,4.411551E+03,0.000000E+00,1.441850E-01,0.000000E+00,0.000000E+00,0.000000E+00,0.000000E+00,0.000000E+00,0.000000E+00,0.000000E+00,0.000000E+00,0.000000E+00,1.999529E+01,3.584352E+01,3.209270E+01,3.457504E+01,4.117502E+03,0.000000E+00,1.345748E-01,0.000000E+00,0.000000E+00,0.000000E+00,0.000000E+00,0.000000E+00,0.000000E+00,0.000000E+00,0.000000E+00,0.000000E+00,1.999536E+01,3.516853E+01,3.694639E+01,2.636970E+01,4.085940E+03,0.000000E+00,1.335433E-01,0.000000E+00,0.000000E+00,0.000000E+00,0.000000E+00,0.000000E+00,0.000000E+00,0.000000E+00,0.000000E+00,0.000000E+00,1.999537E+01,3.510304E+01,3.873480E+01,2.392200E+01,4.128999E+03,0.000000E+00,1.349505E-01,0.000000E+00,0.000000E+00,0.000000E+00,0.000000E+00,0.000000E+00,0.000000E+00,0.000000E+00,0.000000E+00,0.000000E+00,1.999536E+01,3.518603E+01,3.962427E+01,2.280127E+01,4.507059E+03,0.000000E+00,1.473058E-01,0.000000E+00,0.000000E+00,0.000000E+00,0.000000E+00,0.000000E+00,0.000000E+00,0.000000E+00,0.000000E+00,0.000000E+00,1.999517E+01,3.581194E+01,4.076424E+01,2.145076E+01,9.070511E+03,0.000000E+00,2.964353E-01,0.000000E+00,0.000000E+00,0.000000E+00,0.000000E+00,0.000000E+00,0.000000E+00,0.000000E+00,0.000000E+00,0.000000E+00,1.999367E+01,4.108674E+01,4.356290E+01,1.849941E+01
19:00:00,4.422487E+03,0.000000E+00,1.445430E-01,0.000000E+00,0.000000E+00,0.000000E+00,0.000000E+00,0.000000E+00,0.000000E+00,0.000000E+00,0.000000E+00,0.000000E+00,1.999535E+01,3.603698E+01,3.209258E+01,3.417930E+01,4.130463E+03,0.000000E+00,1.349989E-01,0.000000E+00,0.000000E+00,0.000000E+00,0.000000E+00,0.000000E+00,0.000000E+00,0.000000E+00,0.000000E+00,0.000000E+00,1.999543E+01,3.539410E+01,3.695605E+01,2.605325E+01,4.099078E+03,0.000000E+00,1.339731E-01,0.000000E+00,0.000000E+00,0.000000E+00,0.000000E+00,0.000000E+00,0.000000E+00,0.000000E+00,0.000000E+00,0.000000E+00,1.999544E+01,3.533020E+01,3.874739E+01,2.363113E+01,4.142521E+03,0.000000E+00,1.353929E-01,0.000000E+00,0.000000E+00,0.000000E+00,0.000000E+00,0.000000E+00,0.000000E+00,0.000000E+00,0.000000E+00,0.000000E+00,1.999542E+01,3.541229E+01,3.963692E+01,2.252395E+01,4.524533E+03,0.000000E+00,1.478775E-01,0.000000E+00,0.000000E+00,0.000000E+00,0.000000E+00,0.000000E+00,0.000000E+00,0.000000E+00,0.000000E+00,0.000000E+00,1.999524E+01,3.604572E+01,4.076245E+01,2.120612E+01,9.123598E+03,0.000000E+00,2.981726E-01,0.000000E+00,0.000000E+00,0.000000E+00,0.000000E+00,0.000000E+00,0.000000E+00,0.000000E+00,0.000000E+00,0.000000E+00,1.999384E+01,4.133452E+01,4.340878E+01,1.843411E+01
19:10:00,4.449791E+03,0.000000E+00,1.454359E-01,0.000000E+00,0.000000E+00,0.000000E+00,0.000000E+00,0.000000E+00,0.000000E+00,0.000000E+00,0.000000E+00,0.000000E+00,1.999540E+01,3.617305E+01,3.210713E+01,3.377154E+01,4.159729E+03,0.000000E+00,1.359559E-01,0.000000E+00,0.000000E+00,0.000000E+00,0.000000E+00,0.000000E+00,0.000000E+00,0.000000E+00,0.000000E+00,0.000000E+00,1.999548E+01,3.555785E+01,3.698099E+01,2.572808E+01,4.128353E+03,0.000000E+00,1.349305E-01,0.000000E+00,0.000000E+00,0.000000E+00,0.000000E+00,0.000000E+00,0.000000E+00,0.000000E+00,0.000000E+00,0.000000E+00,1.999549E+01,3.549538E+01,3.877540E+01,2.333258E+01,4.172117E+03,0.000000E+00,1.363608E-01,0.000000E+00,0.000000E+00,0.000000E+00,0.000000E+00,0.000000E+00,0.000000E+00,0.000000E+00,0.000000E+00,0.000000E+00,1.999548E+01,3.557668E+01,3.966488E+01,2.223960E+01,4.558862E+03,0.000000E+00,1.490001E-01,0.000000E+00,0.000000E+00,0.000000E+00,0.000000E+00,0.000000E+00,0.000000E+00,0.000000E+00,0.000000E+00,0.000000E+00,1.999530E+01,3.621594E+01,4.077622E+01,2.095437E+01,9.191089E+03,0.000000E+00,3.003815E-01,0.000000E+00,0.000000E+00,0.000000E+00,0.000000E+00,0.000000E+00,0.000000E+00,0.000000E+00,0.000000E+00,0.000000E+00,1.999395E+01,4.150121E+01,4.327032E+01,1.836084E+01
19:20:00,4.496692E+03,0.000000E+00,1.469691E-01,0.000000E+00,0.000000E+00,0.000000E+00,0.000000E+00,0.000000E+00,0.000000E+00,0.000000E+00,0.000000E+00,0.000000E+00,1.999532E+01,3.628629E+01,3.210576E+01,3.339900E+01,4.209015E+03,0.000000E+00,1.375671E-01,0.000000E+00,0.000000E+00,0.000000E+00,0.000000E+00,0.000000E+00,0.000000E+00,0.000000E+00,0.000000E+00,0.000000E+00,1.999540E+01,3.569598E+01,3.699040E+01,2.542878E+01,4.177708E+03,0.000000E+00,1.365439E-01,0.000000E+00,0.000000E+00,0.000000E+00,0.000000E+00,0.000000E+00,0.000000E+00,0.000000E+00,0.000000E+00,0.000000E+00,1.999541E+01,3.563486E+01,3.878854E+01,2.305655E+01,4.221939E+03,0.000000E+00,1.379894E-01,0.000000E+00,0.000000E+00,0.000000E+00,0.000000E+00,0.000000E+00,0.000000E+00,0.000000E+00,0.000000E+00,0.000000E+00,1.999539E+01,3.571544E+01,3.967812E+01,2.197640E+01,4.614627E+03,0.000000E+00,1.508231E-01,0.000000E+00,0.000000E+00,0.000000E+00,0.000000E+00,0.000000E+00,0.000000E+00,0.000000E+00,0.000000E+00,0.000000E+00,1.999522E+01,3.635962E+01,4.077675E+01,2.072044E+01,9.300047E+03,0.000000E+00,3.039447E-01,0.000000E+00,0.000000E+00,0.000000E+00,0.000000E+00,0.000000E+00,0.000000E+00,0.000000E+00,0.000000E+00,0.000000E+00,1.999390E+01,4.163629E+01,4.310252E+01,1.831630E+01
19:30:00,4.562403E+03,0.000000E+00,1.491170E-01,0.000000E+00,0.000000E+00,0.000000E+00,0.000000E+00,0.000000E+00,0.000000E+00,0.000000E+00,0.000000E+00,0.000000E+00,1.999524E+01,3.639591E+01,3.206726E+01,3.309396E+01,4.277525E+03,0.000000E+00,1.398064E-01,0.000000E+00,0.000000E+00,0.000000E+00,0.000000E+00,0.000000E+00,0.000000E+00,0.000000E+00,0.000000E+00,0.000000E+00,1.999531E+01,3.582880E+01,3.696185E+01,2.518042E+01,4.246360E+03,0.000000E+00,1.387879E-01,0.000000E+00,0.000000E+00,0.000000E+00,0.000000E+00,0.000000E+00,0.000000E+00,0.000000E+00,0.000000E+00,0.000000E+00,1.999532E+01,3.576905E+01,3.876433E+01,2.282540E+01,4.291134E+03,0.000000E+00,1.402512E-01,0.000000E+00,0.000000E+00,0.000000E+00,0.000000E+00,0.000000E+00,0.000000E+00,0.000000E+00,0.000000E+00,0.000000E+00,1.999530E+01,3.584897E+01,3.965426E+01,2.175543E+01,4.690448E+03,0.000000E+00,1.533014E-01,0.000000E+00,0.000000E+00,0.000000E+00,0.000000E+00,0.000000E+00,0.000000E+00,0.000000E+00,0.000000E+00,0.000000E+00,1.999513E+01,3.649740E+01,4.073944E+01,2.052649E+01,9.442892E+03,0.000000E+00,3.086144E-01,0.000000E+00,0.000000E+00,0.000000E+00,0.000000E+00,0.000000E+00,0.000000E+00,0.000000E+00,0.000000E+00,0.000000E+00,1.999382E+01,4.176601E+01,4.286943E+01,1.833111E+01
19:40:00,4.647178E+03,0.000000E+00,1.518877E-01,0.000000E+00,0.000000E+00,0.000000E+00,0.000000E+00,0.000000E+00,0.000000E+00,0.000000E+00,0.000000E+00,0.000000E+00,1.999515E+01,3.650691E+01,3.192522E+01,3.297026E+01,4.365513E+03,0.000000E+00,1.426821E-01,0.000000E+00,0.000000E+00,0.000000E+00,0.000000E+00,0.000000E+00,0.000000E+00,0.000000E+00,0.000000E+00,0.000000E+00,1.999522E+01,3.596181E+01,3.682704E+01,2.506860E+01,4.334549E+03,0.000000E+00,1.416702E-01,0.000000E+00,0.000000E+00,0.000000E+00,0.000000E+00,0.000000E+00,0.000000E+00,0.000000E+00,0.000000E+00,0.000000E+00,1.999523E+01,3.590349E+01,3.863732E+01,2.271211E+01,4.379945E+03,0.000000E+00,1.431538E-01,0.000000E+00,0.000000E+00,0.000000E+00,0.000000E+00,0.000000E+00,0.000000E+00,0.000000E+00,0.000000E+00,0.000000E+00,1.999521E+01,3.598282E+01,3.952979E+01,2.164345E+01,4.786715E+03,0.000000E+00,1.564477E-01,0.000000E+00,0.000000E+00,0.000000E+00,0.000000E+00,0.000000E+00,0.000000E+00,0.000000E+00,0.000000E+00,0.000000E+00,1.999504E+01,3.663490E+01,4.059857E+01,2.043750E+01,9.621621E+03,0.000000E+00,3.144562E-01,0.000000E+00,0.000000E+00,0.000000E+00,0.000000E+00,0.000000E+00,0.000000E+00,0.000000E+00,0.000000E+00,0.000000E+00,1.999375E+01,4.189651E+01,4.247134E+01,1.849739E+01
19:50:00,4.751091E+03,0.000000E+00,1.552837E-01,0.000000E+00,0.000000E+00,0.000000E+00,0.000000E+00,0.000000E+00,0.000000E+00,0.000000E+00,0.000000E+00,0.000000E+00,1.999507E+01,3.661825E+01,3.161219E+01,3.328887E+01,4.473056E+03,0.000000E+00,1.461969E-01,0.000000E+00,0.000000E+00,0.000000E+00,0.000000E+00,0.000000E+00,0.000000E+00,0.000000E+00,0.000000E+00,0.000000E+00,1.999514E+01,3.609419E+01,3.651252E+01,2.529624E+01,4.442359E+03,0.000000E+00,1.451936E-01,0.000000E+00,0.000000E+00,0.000000E+00,0.000000E+00,0.000000E+00,0.000000E+00,0.000000E+00,0.000000E+00,0.000000E+00,1.999514E+01,3.603737E+01,3.833451E+01,2.289844E+01,4.488455E+03,0.000000E+00,1.467001E-01,0.000000E+00,0.000000E+00,0.000000E+00,0.000000E+00,0.000000E+00,0.000000E+00,0.000000E+00,0.000000E+00,0.000000E+00,1.999513E+01,3.611617E+01,3.923362E+01,2.181084E+01,4.903496E+03,0.000000E+00,1.602643E-01,0.000000E+00,0.000000E+00,0.000000E+00,0.000000E+00,0.000000E+00,0.000000E+00,0.000000E+00,0.000000E+00,0.000000E+00,1.999496E+01,3.677131E+01,4.028728E+01,2.060951E+01,9.836223E+03,0.000000E+00,3.214699E-01,0.000000E+00,0.000000E+00,0.000000E+00,0.000000E+00,0.000000E+00,0.000000E+00,0.000000E+00,0.000000E+00,0.000000E+00,1.999368E+01,4.202608E+01,4.186936E+01,1.893633E+01
20:00:00,4.874277E+03,0.000000E+00,1.593096E-01,0.000000E+00,0.000000E+00,0.000000E+00,0.000000E+00,0.000000E+00,0.000000E+00,0.000000E+00,0.000000E+00,0.000000E+00,1.999498E+01,3.672790E+01,3.134318E+01,3.337077E+01,4.600307E+03,0.000000E+00,1.503556E-01,0.000000E+00,0.000000E+00,0.000000E+00,0.000000E+00,0.000000E+00,0.000000E+00,0.000000E+00,0.000000E+00,0.000000E+00,1.999505E+01,3.622397E+01,3.623398E+01,2.535694E+01,4.569941E+03,0.000000E+00,1.493632E-01,0.000000E+00,0.000000E+00,0.000000E+00,0.000000E+00,0.000000E+00,0.000000E+00,0.000000E+00,0.000000E+00,0.000000E+00,1.999506E+01,3.616871E+01,3.806297E+01,2.293972E+01,4.616820E+03,0.000000E+00,1.508952E-01,0.000000E+00,0.000000E+00,0.000000E+00,0.000000E+00,0.000000E+00,0.000000E+00,0.000000E+00,0.000000E+00,0.000000E+00,1.999504E+01,3.624703E+01,3.896453E+01,2.184502E+01,5.040969E+03,0.000000E+00,1.647571E-01,0.000000E+00,0.000000E+00,0.000000E+00,0.000000E+00,0.000000E+00,0.000000E+00,0.000000E+00,0.000000E+00,0.000000E+00,1.999487E+01,3.690470E+01,3.998942E+01,2.067113E+01,1.008715E+04,0.000000E+00,3.296704E-01,0.000000E+00,0.000000E+00,0.000000E+00,0.000000E+00,0.000000E+00,0.000000E+00,0.000000E+00,0.000000E+00,0.000000E+00,1.999361E+01,4.215205E+01,4.129914E+01,1.926513E+01
20:10:00,4.992622E+03,0.000000E+00,1.631771E-01,0.000000E+00,0.000000E+00,0.000000E+00,0.000000E+00,0.000000E+00,0.000000E+00,0.000000E+00,0.000000E+00,0.000000E+00,1.999490E+01,3.683443E+01,3.121574E+01,3.323755E+01,4.722856E+03,0.000000E+00,1.543605E-01,0.000000E+00,0.000000E+00,0.000000E+00,0.000000E+00,0.000000E+00,0.000000E+00,0.000000E+00,0.000000E+00,0.000000E+00,1.999496E+01,3.634981E+01,3.609599E+01,2.526304E+01,4.692924E+03,0.000000E+00,1.533823E-01,0.000000E+00,0.000000E+00,0.000000E+00,0.000000E+00,0.000000E+00,0.000000E+00,0.000000E+00,0.000000E+00,0.000000E+00,1.999497E+01,3.629614E+01,3.792662E+01,2.285017E+01,4.740614E+03,0.000000E+00,1.549409E-01,0.000000E+00,0.000000E+00,0.000000E+00,0.000000E+00,0.000000E+00,0.000000E+00,0.000000E+00,0.000000E+00,0.000000E+00,1.999495E+01,3.637403E+01,3.882727E+01,2.175962E+01,5.173464E+03,0.000000E+00,1.690871E-01,0.000000E+00,0.000000E+00,0.000000E+00,0.000000E+00,0.000000E+00,0.000000E+00,0.000000E+00,0.000000E+00,0.000000E+00,1.999479E+01,3.703375E+01,3.982721E+01,2.061658E+01,1.032791E+04,0.000000E+00,3.375382E-01,0.000000E+00,0.000000E+00,0.000000E+00,0.000000E+00,0.000000E+00,0.000000E+00,0.000000E+00,0.000000E+00,0.000000E+00,1.999354E+01,4.227291E+01,4.101388E+01,1.933893E+01
20:20:00,5.104983E+03,0.000000E+00,1.668491E-01,0.000000E+00,0.000000E+00,0.000000E+00,0.000000E+00,0.000000E+00,0.000000E+00,0.000000E+00,0.000000E+00,0.000000E+00,1.999486E+01,3.693089E+01,3.112666E+01,3.314665E+01,4.839434E+03,0.000000E+00,1.581703E-01,0.000000E+00,0.000000E+00,0.000000E+00,0.000000E+00,0.000000E+00,0.000000E+00,0.000000E+00,0.000000E+00,0.000000E+00,1.999491E+01,3.646455E+01,3.599767E+01,2.520236E+01,4.809965E+03,0.000000E+00,1.572072E-01,0.000000E+00,0.000000E+00,0.000000E+00,0.000000E+00,0.000000E+00,0.000000E+00,0.000000E+00,0.000000E+00,0.000000E+00,1.999492E+01,3.641252E+01,3.782850E+01,2.279345E+01,4.858460E+03,0.000000E+00,1.587921E-01,0.000000E+00,0.000000E+00,0.000000E+00,0.000000E+00,0.000000E+00,0.000000E+00,0.000000E+00,0.000000E+00,0.000000E+00,1.999490E+01,3.649003E+01,3.872750E+01,2.170682E+01,5.299608E+03,0.000000E+00,1.732094E-01,0.000000E+00,0.000000E+00,0.000000E+00,0.000000E+00,0.000000E+00,0.000000E+00,0.000000E+00,0.000000E+00,0.000000E+00,1.999474E+01,3.715131E+01,3.970635E+01,2.058904E+01,1.055469E+04,0.000000E+00,3.449492E-01,0.000000E+00,0.000000E+00,0.000000E+00,0.000000E+00,0.000000E+00,0.000000E+00,0.000000E+00,0.000000E+00,0.000000E+00,1.999352E+01,4.237976E+01,4.081078E+01,1.939718E+01
20:30:00,5.211601E+03,0.000000E+00,1.703333E-01,0.000000E+00,0.000000E+00,0.000000E+00,0.000000E+00,0.000000E+00,0.000000E+00,0.000000E+00,0.000000E+00,0.000000E+00,1.999481E+01,3.701424E+01,3.100884E+01,3.309829E+01,4.950258E+03,0.000000E+00,1.617920E-01,0.000000E+00,0.000000E+00,0.000000E+00,0.000000E+00,0.000000E+00,0.000000E+00,0.000000E+00,0.000000E+00,0.000000E+00,1.999486E+01,3.656505E+01,3.586968E+01,2.517488E+01,4.921272E+03,0.000000E+00,1.608447E-01,0.000000E+00,0.000000E+00,0.000000E+00,0.000000E+00,0.000000E+00,0.000000E+00,0.000000E+00,0.000000E+00,0.000000E+00,1.999487E+01,3.651463E+01,3.770026E+01,2.276715E+01,4.970557E+03,0.000000E+00,1.624554E-01,0.000000E+00,0.000000E+00,0.000000E+00,0.000000E+00,0.000000E+00,0.000000E+00,0.000000E+00,0.000000E+00,0.000000E+00,1.999485E+01,3.659184E+01,3.859656E+01,2.168413E+01,5.419612E+03,0.000000E+00,1.771311E-01,0.000000E+00,0.000000E+00,0.000000E+00,0.000000E+00,0.000000E+00,0.000000E+00,0.000000E+00,0.000000E+00,0.000000E+00,1.999469E+01,3.725426E+01,3.954917E+01,2.059567E+01,1.076825E+04,0.000000E+00,3.519280E-01,0.000000E+00,0.000000E+00,0.000000E+00,0.000000E+00,0.000000E+00,0.000000E+00,0.000000E+00,0.000000E+00,0.000000E+00,1.999349E+01,4.246929E+01,4.054890E+01,1.951148E+01
20:40:00,5.312312E+03,0.000000E+00,1.736245E-01,0.000000E+00,0.000000E+00,0.000000E+00,0.000000E+00,0.000000E+00,0.000000E+00,0.000000E+00,0.000000E+00,0.000000E+00,1.999475E+01,3.708521E+01,3.088182E+01,3.316142E+01,5.055144E+03,0.000000E+00,1.652197E-01,0.000000E+00,0.000000E+00,0.000000E+00,0.000000E+00,0.000000E+00,0.000000E+00,0.000000E+00,0.000000E+00,0.000000E+00,1.999481E+01,3.665203E+01,3.573267E+01,2.523257E+01,5.026659E+03,0.000000E+00,1.642888E-01,0.000000E+00,0.000000E+00,0.000000E+00,0.000000E+00,0.000000E+00,0.000000E+00,0.000000E+00,0.000000E+00,0.000000E+00,1.999482E+01,3.660320E+01,3.756209E+01,2.281924E+01,5.076715E+03,0.000000E+00,1.659247E-01,0.000000E+00,0.000000E+00,0.000000E+00,0.000000E+00,0.000000E+00,0.000000E+00,0.000000E+00,0.000000E+00,0.000000E+00,1.999480E+01,3.668016E+01,3.845476E+01,2.173731E+01,5.533258E+03,0.000000E+00,1.808451E-01,0.000000E+00,0.000000E+00,0.000000E+00,0.000000E+00,0.000000E+00,0.000000E+00,0.000000E+00,0.000000E+00,0.000000E+00,1.999464E+01,3.734343E+01,3.938049E+01,2.067531E+01,1.096815E+04,0.000000E+00,3.584604E-01,0.000000E+00,0.000000E+00,0.000000E+00,0.000000E+00,0.000000E+00,0.000000E+00,0.000000E+00,0.000000E+00,0.000000E+00,1.999346E+01,4.254362E+01,4.027153E+01,1.970057E+01
20:50:00,5.407079E+03,0.000000E+00,1.767215E-01,0.000000E+00,0.000000E+00,0.000000E+00,0.000000E+00,0.000000E+00,0.000000E+00,0.000000E+00,0.000000E+00,0.000000E+00,1.999470E+01,3.714591E+01,3.074938E+01,3.331460E+01,5.154044E+03,0.000000E+00,1.684517E-01,0.000000E+00,0.000000E+00,0.000000E+00,0.000000E+00,0.000000E+00,0.000000E+00,0.000000E+00,0.000000E+00,0.000000E+00,1.999475E+01,3.672773E+01,3.558867E+01,2.536159E+01,5.126077E+03,0.000000E+00,1.675377E-01,0.000000E+00,0.000000E+00,0.000000E+00,0.000000E+00,0.000000E+00,0.000000E+00,0.000000E+00,0.000000E+00,0.000000E+00,1.999476E+01,3.668044E+01,3.741566E+01,2.293757E+01,5.176884E+03,0.000000E+00,1.691982E-01,0.000000E+00,0.000000E+00,0.000000E+00,0.000000E+00,0.000000E+00,0.000000E+00,0.000000E+00,0.000000E+00,0.000000E+00,1.999474E+01,3.675720E+01,3.830342E+01,2.185518E+01,5.640491E+03,0.000000E+00,1.843494E-01,0.000000E+00,0.000000E+00,0.000000E+00,0.000000E+00,0.000000E+00,0.000000E+00,0.000000E+00,0.000000E+00,0.000000E+00,1.999458E+01,3.742116E+01,3.919862E+01,2.082095E+01,1.115425E+04,0.000000E+00,3.645422E-01,0.000000E+00,0.000000E+00,0.000000E+00,0.000000E+00,0.000000E+00,0.000000E+00,0.000000E+00,0.000000E+00,0.000000E+00,1.999341E+01,4.260649E+01,3.998541E+01,1.995006E+01
21:00:00,5.495842E+03,0.000000E+00,1.796222E-01,0.000000E+00,0.000000E+00,0.000000E+00,0.000000E+00,0.000000E+00,0.000000E+00,0.000000E+00,0.000000E+00,0.000000E+00,1.999464E+01,3.719846E+01,3.061449E+01,3.353618E+01,5.246890E+03,0.000000E+00,1.714859E-01,0.000000E+00,0.000000E+00,0.000000E+00,0.000000E+00,0.000000E+00,0.000000E+00,0.000000E+00,0.000000E+00,0.000000E+00,1.999469E+01,3.679437E+01,3.543989E+01,2.554645E+01,5.219458E+03,0.000000E+00,1.705894E-01,0.000000E+00,0.000000E+00,0.000000E+00,0.000000E+00,0.000000E+00,0.000000E+00,0.000000E+00,0.000000E+00,0.000000E+00,1.999470E+01,3.674858E+01,3.726290E+01,2.310843E+01,5.270994E+03,0.000000E+00,1.722737E-01,0.000000E+00,0.000000E+00,0.000000E+00,0.000000E+00,0.000000E+00,0.000000E+00,0.000000E+00,0.000000E+00,0.000000E+00,1.999468E+01,3.682519E+01,3.814404E+01,2.202526E+01,5.741233E+03,0.000000E+00,1.876417E-01,0.000000E+00,0.000000E+00,0.000000E+00,0.000000E+00,0.000000E+00,0.000000E+00,0.000000E+00,0.000000E+00,0.000000E+00,1.999453E+01,3.748976E+01,3.900358E+01,2.102269E+01,1.132639E+04,0.000000E+00,3.701675E-01,0.000000E+00,0.000000E+00,0.000000E+00,0.000000E+00,0.000000E+00,0.000000E+00,0.000000E+00,0.000000E+00,0.000000E+00,1.999336E+01,4.266117E+01,3.969706E+01,2.024422E+01
21:10:00,5.588556E+03,0.000000E+00,1.826521E-01,0.000000E+00,0.000000E+00,0.000000E+00,0.000000E+00,0.000000E+00,0.000000E+00,0.000000E+00,0.000000E+00,0.000000E+00,1.999458E+01,3.724450E+01,3.047724E+01,3.381216E+01,5.343721E+03,0.000000E+00,1.746504E-01,0.000000E+00,0.000000E+00,0.000000E+00,0.000000E+00,0.000000E+00,0.000000E+00,0.000000E+00,0.000000E+00,0.000000E+00,1.999463E+01,3.685372E+01,3.528622E+01,2.577671E+01,5.316812E+03,0.000000E+00,1.737709E-01,0.000000E+00,0.000000E+00,0.000000E+00,0.000000E+00,0.000000E+00,0.000000E+00,0.000000E+00,0.000000E+00,0.000000E+00,1.999464E+01,3.680940E+01,3.710318E+01,2.332305E+01,5.369067E+03,0.000000E+00,1.754787E-01,0.000000E+00,0.000000E+00,0.000000E+00,0.000000E+00,0.000000E+00,0.000000E+00,0.000000E+00,0.000000E+00,0.000000E+00,1.999462E+01,3.688589E+01,3.797467E+01,2.224079E+01,5.846008E+03,0.000000E+00,1.910657E-01,0.000000E+00,0.000000E+00,0.000000E+00,0.000000E+00,0.000000E+00,0.000000E+00,0.000000E+00,0.000000E+00,0.000000E+00,1.999447E+01,3.755106E+01,3.880493E+01,2.126134E+01,1.150406E+04,0.000000E+00,3.759737E-01,0.000000E+00,0.000000E+00,0.000000E+00,0.000000E+00,0.000000E+00,0.000000E+00,0.000000E+00,0.000000E+00,0.000000E+00,1.999331E+01,4.270994E+01,3.940726E+01,2.057445E+01
21:20:00,5.685808E+03,0.000000E+00,1.858302E-01,0.000000E+00,0.000000E+00,0.000000E+00,0.000000E+00,0.000000E+00,0.000000E+00,0.000000E+00,0.000000E+00,0.000000E+00,1.999450E+01,3.728777E+01,3.034872E+01,3.410695E+01,5.445229E+03,0.000000E+00,1.779676E-01,0.000000E+00,0.000000E+00,0.000000E+00,0.000000E+00,0.000000E+00,0.000000E+00,0.000000E+00,0.000000E+00,0.000000E+00,1.999455E+01,3.690978E+01,3.513926E+01,2.602505E+01,5.418876E+03,0.000000E+00,1.771063E-01,0.000000E+00,0.000000E+00,0.000000E+00,0.000000E+00,0.000000E+00,0.000000E+00,0.000000E+00,0.000000E+00,0.000000E+00,1.999455E+01,3.686689E+01,3.694655E+01,2.355892E+01,5.471867E+03,0.000000E+00,1.788382E-01,0.000000E+00,0.000000E+00,0.000000E+00,0.000000E+00,0.000000E+00,0.000000E+00,0.000000E+00,0.000000E+00,0.000000E+00,1.999453E+01,3.694330E+01,3.780684E+01,2.247874E+01,5.955612E+03,0.000000E+00,1.946475E-01,0.000000E+00,0.000000E+00,0.000000E+00,0.000000E+00,0.000000E+00,0.000000E+00,0.000000E+00,0.000000E+00,0.000000E+00,1.999438E+01,3.760903E+01,3.862080E+01,2.150719E+01,1.168911E+04,0.000000E+00,3.820209E-01,0.000000E+00,0.000000E+00,0.000000E+00,0.000000E+00,0.000000E+00,0.000000E+00,0.000000E+00,0.000000E+00,0.000000E+00,1.999324E+01,4.275683E+01,3.913644E+01,2.090971E+01
21:30:00,5.787494E+03,0.000000E+00,1.891532E-01,0.000000E+00,0.000000E+00,0.000000E+00,0.000000E+00,0.000000E+00,0.000000E+00,0.000000E+00,0.000000E+00,0.000000E+00,1.999441E+01,3.733031E+01,3.023043E+01,3.440769E+01,5.551316E+03,0.000000E+00,1.814345E-01,0.000000E+00,0.000000E+00,0.000000E+00,0.000000E+00,0.000000E+00,0.000000E+00,0.000000E+00,0.000000E+00,0.000000E+00,1.999446E+01,3.696478E+01,3.500063E+01,2.628157E+01,5.525552E+03,0.000000E+00,1.805925E-01,0.000000E+00,0.000000E+00,0.000000E+00,0.000000E+00,0.000000E+00,0.000000E+00,0.000000E+00,0.000000E+00,0.000000E+00,1.999446E+01,3.692334E+01,3.679687E+01,2.380433E+01,5.579300E+03,0.000000E+00,1.823490E-01,0.000000E+00,0.000000E+00,0.000000E+00,0.000000E+00,0.000000E+00,0.000000E+00,0.000000E+00,0.000000E+00,0.000000E+00,1.999444E+01,3.699969E+01,3.765020E+01,2.272089E+01,6.069940E+03,0.000000E+00,1.983836E-01,0.000000E+00,0.000000E+00,0.000000E+00,0.000000E+00,0.000000E+00,0.000000E+00,0.000000E+00,0.000000E+00,0.000000E+00,1.999429E+01,3.766588E+01,3.845400E+01,2.175034E+01,1.188121E+04,0.000000E+00,3.882982E-01,0.000000E+00,0.000000E+00,0.000000E+00,0.000000E+00,0.000000E+00,0.000000E+00,0.000000E+00,0.000000E+00,0.000000E+00,1.999316E+01,4.280388E+01,3.888708E+01,2.124058E+01
21:40:00,5.893682E+03,0.000000E+00,1.926233E-01,0.000000E+00,0.000000E+00,0.000000E+00,0.000000E+00,0.000000E+00,0.000000E+00,0.000000E+00,0.000000E+00,0.000000E+00,1.999433E+01,3.737250E+01,3.011753E+01,3.471740E+01,5.662048E+03,0.000000E+00,1.850531E-01,0.000000E+00,0.000000E+00,0.000000E+00,0.000000E+00,0.000000E+00,0.000000E+00,0.000000E+00,0.000000E+00,0.000000E+00,1.999437E+01,3.701920E+01,3.486426E+01,2.655014E+01,5.636907E+03,0.000000E+00,1.842314E-01,0.000000E+00,0.000000E+00,0.000000E+00,0.000000E+00,0.000000E+00,0.000000E+00,0.000000E+00,0.000000E+00,0.000000E+00,1.999437E+01,3.697922E+01,3.665554E+01,2.405291E+01,5.691430E+03,0.000000E+00,1.860133E-01,0.000000E+00,0.000000E+00,0.000000E+00,0.000000E+00,0.000000E+00,0.000000E+00,0.000000E+00,0.000000E+00,0.000000E+00,1.999435E+01,3.705553E+01,3.750354E+01,2.296427E+01,6.189067E+03,0.000000E+00,2.022766E-01,0.000000E+00,0.000000E+00,0.000000E+00,0.000000E+00,0.000000E+00,0.000000E+00,0.000000E+00,0.000000E+00,0.000000E+00,1.999420E+01,3.772208E+01,3.829975E+01,2.199191E+01,1.208055E+04,0.000000E+00,3.948122E-01,0.000000E+00,0.000000E+00,0.000000E+00,0.000000E+00,0.000000E+00,0.000000E+00,0.000000E+00,0.000000E+00,0.000000E+00,1.999308E+01,4.285115E+01,3.864911E+01,2.157398E+01
21:50:00,6.004393E+03,0.000000E+00,1.962412E-01,0.000000E+00,0.000000E+00,0.000000E+00,0.000000E+00,0.000000E+00,0.000000E+00,0.000000E+00,0.000000E+00,0.000000E+00,1.999424E+01,3.741407E+01,3.000535E+01,3.504070E+01,5.777450E+03,0.000000E+00,1.888243E-01,0.000000E+00,0.000000E+00,0.000000E+00,0.000000E+00,0.000000E+00,0.000000E+00,0.000000E+00,0.000000E+00,0.000000E+00,1.999428E+01,3.707277E+01,3.472715E+01,2.683176E+01,5.752973E+03,0.000000E+00,1.880243E-01,0.000000E+00,0.000000E+00,0.000000E+00,0.000000E+00,0.000000E+00,0.000000E+00,0.000000E+00,0.000000E+00,0.000000E+00,1.999428E+01,3.703426E+01,3.652013E+01,2.430448E+01,5.808297E+03,0.000000E+00,1.898324E-01,0.000000E+00,0.000000E+00,0.000000E+00,0.000000E+00,0.000000E+00,0.000000E+00,0.000000E+00,0.000000E+00,0.000000E+00,1.999427E+01,3.711055E+01,3.736413E+01,2.320893E+01,6.313032E+03,0.000000E+00,2.063276E-01,0.000000E+00,0.000000E+00,0.000000E+00,0.000000E+00,0.000000E+00,0.000000E+00,0.000000E+00,0.000000E+00,0.000000E+00,1.999412E+01,3.777735E+01,3.815180E+01,2.223607E+01,1.228722E+04,0.000000E+00,4.015655E-01,0.000000E+00,0.000000E+00,0.000000E+00,0.000000E+00,0.000000E+00,0.000000E+00,0.000000E+00,0.000000E+00,0.000000E+00,1.999300E+01,4.289802E+01,3.841348E+01,2.191736E+01
22:00:00,6.119657E+03,0.000000E+00,2.000078E-01,0.000000E+00,0.000000E+00,0.000000E+00,0.000000E+00,0.000000E+00,0.000000E+00,0.000000E+00,0.000000E+00,0.000000E+00,1.999416E+01,3.745464E+01,2.989143E+01,3.537879E+01,5.897562E+03,0.000000E+00,1.927494E-01,0.000000E+00,0.000000E+00,0.000000E+00,0.000000E+00,0.000000E+00,0.000000E+00,0.000000E+00,0.000000E+00,0.000000E+00,1.999419E+01,3.712513E+01,3.459069E+01,2.712145E+01,5.873787E+03,0.000000E+00,1.919723E-01,0.000000E+00,0.000000E+00,0.000000E+00,0.000000E+00,0.000000E+00,0.000000E+00,0.000000E+00,0.000000E+00,0.000000E+00,1.999420E+01,3.708810E+01,3.638682E+01,2.456122E+01,5.929935E+03,0.000000E+00,1.938073E-01,0.000000E+00,0.000000E+00,0.000000E+00,0.000000E+00,0.000000E+00,0.000000E+00,0.000000E+00,0.000000E+00,0.000000E+00,1.999418E+01,3.716438E+01,3.722888E+01,2.345601E+01,6.441878E+03,0.000000E+00,2.105380E-01,0.000000E+00,0.000000E+00,0.000000E+00,0.000000E+00,0.000000E+00,0.000000E+00,0.000000E+00,0.000000E+00,0.000000E+00,1.999403E+01,3.783134E+01,3.800558E+01,2.248570E+01,1.250131E+04,0.000000E+00,4.085613E-01,0.000000E+00,0.000000E+00,0.000000E+00,0.000000E+00,0.000000E+00,0.000000E+00,0.000000E+00,0.000000E+00,0.000000E+00,1.999293E+01,4.294393E+01,3.817603E+01,2.227340E+01
22:10:00,6.242393E+03,0.000000E+00,2.040186E-01,0.000000E+00,0.000000E+00,0.000000E+00,0.000000E+00,0.000000E+00,0.000000E+00,0.000000E+00,0.000000E+00,0.000000E+00,1.999407E+01,3.749399E+01,2.977484E+01,3.573017E+01,6.025390E+03,0.000000E+00,1.969266E-01,0.000000E+00,0.000000E+00,0.000000E+00,0.000000E+00,0.000000E+00,0.000000E+00,0.000000E+00,0.000000E+00,0.000000E+00,1.999411E+01,3.717604E+01,3.445548E+01,2.741562E+01,6.002368E+03,0.000000E+00,1.961742E-01,0.000000E+00,0.000000E+00,0.000000E+00,0.000000E+00,0.000000E+00,0.000000E+00,0.000000E+00,0.000000E+00,0.000000E+00,1.999411E+01,3.714050E+01,3.625253E+01,2.482487E+01,6.059394E+03,0.000000E+00,1.980378E-01,0.000000E+00,0.000000E+00,0.000000E+00,0.000000E+00,0.000000E+00,0.000000E+00,0.000000E+00,0.000000E+00,0.000000E+00,1.999409E+01,3.721680E+01,3.709533E+01,2.370620E+01,6.578874E+03,0.000000E+00,2.150148E-01,0.000000E+00,0.000000E+00,0.000000E+00,0.000000E+00,0.000000E+00,0.000000E+00,0.000000E+00,0.000000E+00,0.000000E+00,1.999395E+01,3.788381E+01,3.785862E+01,2.274156E+01,1.272940E+04,0.000000E+00,4.160145E-01,0.000000E+00,0.000000E+00,0.000000E+00,0.000000E+00,0.000000E+00,0.000000E+00,0.000000E+00,0.000000E+00,0.000000E+00,1.999285E+01,4.298853E+01,3.793550E+01,2.264170E+01
22:20:00,6.372637E+03,0.000000E+00,2.082747E-01,0.000000E+00,0.000000E+00,0.000000E+00,0.000000E+00,0.000000E+00,0.000000E+00,0.000000E+00,0.000000E+00,0.000000E+00,1.999395E+01,3.753185E+01,2.965084E+01,3.611293E+01,6.160928E+03,0.000000E+00,2.013557E-01,0.000000E+00,0.000000E+00,0.000000E+00,0.000000E+00,0.000000E+00,0.000000E+00,0.000000E+00,0.000000E+00,0.000000E+00,1.999398E+01,3.722551E+01,3.431613E+01,2.772883E+01,6.138742E+03,0.000000E+00,2.006306E-01,0.000000E+00,0.000000E+00,0.000000E+00,0.000000E+00,0.000000E+00,0.000000E+00,0.000000E+00,0.000000E+00,0.000000E+00,1.999398E+01,3.719149E+01,3.611299E+01,2.510707E+01,6.196690E+03,0.000000E+00,2.025244E-01,0.000000E+00,0.000000E+00,0.000000E+00,0.000000E+00,0.000000E+00,0.000000E+00,0.000000E+00,0.000000E+00,0.000000E+00,1.999396E+01,3.726781E+01,3.695725E+01,2.397305E+01,6.724002E+03,0.000000E+00,2.197573E-01,0.000000E+00,0.000000E+00,0.000000E+00,0.000000E+00,0.000000E+00,0.000000E+00,0.000000E+00,0.000000E+00,0.000000E+00,1.999382E+01,3.793481E+01,3.770522E+01,2.301613E+01,1.297193E+04,0.000000E+00,4.239396E-01,0.000000E+00,0.000000E+00,0.000000E+00,0.000000E+00,0.000000E+00,0.000000E+00,0.000000E+00,0.000000E+00,0.000000E+00,1.999274E+01,4.303282E+01,3.769203E+01,2.302775E+01
22:30:00,6.510482E+03,0.000000E+00,2.127791E-01,0.000000E+00,0.000000E+00,0.000000E+00,0.000000E+00,0.000000E+00,0.000000E+00,0.000000E+00,0.000000E+00,0.000000E+00,1.999383E+01,3.756811E+01,2.951766E+01,3.653367E+01,6.304317E+03,0.000000E+00,2.060413E-01,0.000000E+00,0.000000E+00,0.000000E+00,0.000000E+00,0.000000E+00,0.000000E+00,0.000000E+00,0.000000E+00,0.000000E+00,1.999385E+01,3.727354E+01,3.416910E+01,2.806868E+01,6.283010E+03,0.000000E+00,2.053450E-01,0.000000E+00,0.000000E+00,0.000000E+00,0.000000E+00,0.000000E+00,0.000000E+00,0.000000E+00,0.000000E+00,0.000000E+00,1.999385E+01,3.724112E+01,3.596786E+01,2.541024E+01,6.341924E+03,0.000000E+00,2.072703E-01,0.000000E+00,0.000000E+00,0.000000E+00,0.000000E+00,0.000000E+00,0.000000E+00,0.000000E+00,0.000000E+00,0.000000E+00,1.999384E+01,3.731747E+01,3.681285E+01,2.426076E+01,6.877378E+03,0.000000E+00,2.247692E-01,0.000000E+00,0.000000E+00,0.000000E+00,0.000000E+00,0.000000E+00,0.000000E+00,0.000000E+00,0.000000E+00,0.000000E+00,1.999370E+01,3.798438E+01,3.754635E+01,2.331006E+01,1.322897E+04,0.000000E+00,4.323388E-01,0.000000E+00,0.000000E+00,0.000000E+00,0.000000E+00,0.000000E+00,0.000000E+00,0.000000E+00,0.000000E+00,0.000000E+00,1.999262E+01,4.307742E+01,3.744661E+01,2.343227E+01
22:40:00,6.655998E+03,0.000000E+00,2.175342E-01,0.000000E+00,0.000000E+00,0.000000E+00,0.000000E+00,0.000000E+00,0.000000E+00,0.000000E+00,0.000000E+00,0.000000E+00,1.999370E+01,3.760280E+01,2.937469E+01,3.699117E+01,6.455645E+03,0.000000E+00,2.109864E-01,0.000000E+00,0.000000E+00,0.000000E+00,0.000000E+00,0.000000E+00,0.000000E+00,0.000000E+00,0.000000E+00,0.000000E+00,1.999372E+01,3.732016E+01,3.401724E+01,2.842865E+01,6.435276E+03,0.000000E+00,2.103207E-01,0.000000E+00,0.000000E+00,0.000000E+00,0.000000E+00,0.000000E+00,0.000000E+00,0.000000E+00,0.000000E+00,0.000000E+00,1.999372E+01,3.728940E+01,3.581911E+01,2.572966E+01,6.495206E+03,0.000000E+00,2.122792E-01,0.000000E+00,0.000000E+00,0.000000E+00,0.000000E+00,0.000000E+00,0.000000E+00,0.000000E+00,0.000000E+00,0.000000E+00,1.999371E+01,3.736579E+01,3.666315E+01,2.456614E+01,7.039124E+03,0.000000E+00,2.300547E-01,0.000000E+00,0.000000E+00,0.000000E+00,0.000000E+00,0.000000E+00,0.000000E+00,0.000000E+00,0.000000E+00,0.000000E+00,1.999357E+01,3.803250E+01,3.738471E+01,2.361813E+01,1.350073E+04,0.000000E+00,4.412188E-01,0.000000E+00,0.000000E+00,0.000000E+00,0.000000E+00,0.000000E+00,0.000000E+00,0.000000E+00,0.000000E+00,0.000000E+00,1.999251E+01,4.312208E+01,3.719916E+01,2.385367E+01
22:50:00,6.809235E+03,0.000000E+00,2.225415E-01,0.000000E+00,0.000000E+00,0.000000E+00,0.000000E+00,0.000000E+00,0.000000E+00,0.000000E+00,0.000000E+00,0.000000E+00,1.999358E+01,3.763209E+01,2.922324E+01,3.747808E+01,6.614960E+03,0.000000E+00,2.161923E-01,0.000000E+00,0.000000E+00,0.000000E+00,0.000000E+00,0.000000E+00,0.000000E+00,0.000000E+00,0.000000E+00,0.000000E+00,1.999360E+01,3.736149E+01,3.386384E+01,2.879962E+01,6.595586E+03,0.000000E+00,2.155592E-01,0.000000E+00,0.000000E+00,0.000000E+00,0.000000E+00,0.000000E+00,0.000000E+00,0.000000E+00,0.000000E+00,0.000000E+00,1.999360E+01,3.733242E+01,3.566843E+01,2.605930E+01,6.656575E+03,0.000000E+00,2.175523E-01,0.000000E+00,0.000000E+00,0.000000E+00,0.000000E+00,0.000000E+00,0.000000E+00,0.000000E+00,0.000000E+00,0.000000E+00,1.999358E+01,3.740886E+01,3.651087E+01,2.488213E+01,7.209291E+03,0.000000E+00,2.356152E-01,0.000000E+00,0.000000E+00,0.000000E+00,0.000000E+00,0.000000E+00,0.000000E+00,0.000000E+00,0.000000E+00,0.000000E+00,1.999344E+01,3.807531E+01,3.722146E+01,2.393549E+01,1.378737E+04,0.000000E+00,4.505850E-01,0.000000E+00,0.000000E+00,0.000000E+00,0.000000E+00,0.000000E+00,0.000000E+00,0.000000E+00,0.000000E+00,0.000000E+00,1.999239E+01,4.316270E+01,3.694942E+01,2.428912E+01
23:00:00,6.970268E+03,0.000000E+00,2.278035E-01,0.000000E+00,0.000000E+00,0.000000E+00,0.000000E+00,0.000000E+00,0.000000E+00,0.000000E+00,0.000000E+00,0.000000E+00,1.999345E+01,3.765356E+01,2.907042E+01,3.797426E+01,6.782324E+03,0.000000E+00,2.216613E-01,0.000000E+00,0.000000E+00,0.000000E+00,0.000000E+00,0.000000E+00,0.000000E+00,0.000000E+00,0.000000E+00,0.000000E+00,1.999347E+01,3.739499E+01,3.371014E+01,2.917554E+01,6.764001E+03,0.000000E+00,2.210625E-01,0.000000E+00,0.000000E+00,0.000000E+00,0.000000E+00,0.000000E+00,0.000000E+00,0.000000E+00,0.000000E+00,0.000000E+00,1.999347E+01,3.736764E+01,3.551640E+01,2.639468E+01,6.826095E+03,0.000000E+00,2.230917E-01,0.000000E+00,0.000000E+00,0.000000E+00,0.000000E+00,0.000000E+00,0.000000E+00,0.000000E+00,0.000000E+00,0.000000E+00,1.999345E+01,3.744414E+01,3.635887E+01,2.520130E+01,7.387941E+03,0.000000E+00,2.414530E-01,0.000000E+00,0.000000E+00,0.000000E+00,0.000000E+00,0.000000E+00,0.000000E+00,0.000000E+00,0.000000E+00,0.000000E+00,1.999332E+01,3.811035E+01,3.705659E+01,2.425878E+01,1.408900E+04,0.000000E+00,4.604407E-01,0.000000E+00,0.000000E+00,0.000000E+00,0.000000E+00,0.000000E+00,0.000000E+00,0.000000E+00,0.000000E+00,0.000000E+00,1.999228E+01,4.319690E+01,3.669737E+01,2.473542E+01
23:10:00,7.111745E+03,0.000000E+00,2.324263E-01,0.000000E+00,0.000000E+00,0.000000E+00,0.000000E+00,0.000000E+00,0.000000E+00,0.000000E+00,0.000000E+00,0.000000E+00,1.999333E+01,3.766756E+01,2.892001E+01,3.846679E+01,6.929852E+03,0.000000E+00,2.264819E-01,0.000000E+00,0.000000E+00,0.000000E+00,0.000000E+00,0.000000E+00,0.000000E+00,0.000000E+00,0.000000E+00,0.000000E+00,1.999334E+01,3.742094E+01,3.355611E+01,2.955286E+01,6.912606E+03,0.000000E+00,2.259182E-01,0.000000E+00,0.000000E+00,0.000000E+00,0.000000E+00,0.000000E+00,0.000000E+00,0.000000E+00,0.000000E+00,0.000000E+00,1.999334E+01,3.739531E+01,3.536304E+01,2.673258E+01,6.975767E+03,0.000000E+00,2.279824E-01,0.000000E+00,0.000000E+00,0.000000E+00,0.000000E+00,0.000000E+00,0.000000E+00,0.000000E+00,0.000000E+00,0.000000E+00,1.999332E+01,3.747190E+01,3.620751E+01,2.552007E+01,7.545662E+03,0.000000E+00,2.466066E-01,0.000000E+00,0.000000E+00,0.000000E+00,0.000000E+00,0.000000E+00,0.000000E+00,0.000000E+00,0.000000E+00,0.000000E+00,1.999319E+01,3.813792E+01,3.688996E+01,2.458530E+01,1.434920E+04,0.000000E+00,4.689426E-01,0.000000E+00,0.000000E+00,0.000000E+00,0.000000E+00,0.000000E+00,0.000000E+00,0.000000E+00,0.000000E+00,0.000000E+00,1.999216E+01,4.322520E+01,3.644330E+01,2.518944E+01
23:20:00,7.232273E+03,0.000000E+00,2.363646E-01,0.000000E+00,0.000000E+00,0.000000E+00,0.000000E+00,0.000000E+00,0.000000E+00,0.000000E+00,0.000000E+00,0.000000E+00,1.999330E+01,3.767704E+01,2.879293E+01,3.897812E+01,7.056133E+03,0.000000E+00,2.306082E-01,0.000000E+00,0.000000E+00,0.000000E+00,0.000000E+00,0.000000E+00,0.000000E+00,0.000000E+00,0.000000E+00,0.000000E+00,1.999331E+01,3.744154E+01,3.342252E+01,2.995136E+01,7.039943E+03,0.000000E+00,2.300790E-01,0.000000E+00,0.000000E+00,0.000000E+00,0.000000E+00,0.000000E+00,0.000000E+00,0.000000E+00,0.000000E+00,0.000000E+00,1.999331E+01,3.741757E+01,3.522930E+01,2.709135E+01,7.104101E+03,0.000000E+00,2.321757E-01,0.000000E+00,0.000000E+00,0.000000E+00,0.000000E+00,0.000000E+00,0.000000E+00,0.000000E+00,0.000000E+00,0.000000E+00,1.999329E+01,3.749432E+01,3.607684E+01,2.585736E+01,7.680752E+03,0.000000E+00,2.510207E-01,0.000000E+00,0.000000E+00,0.000000E+00,0.000000E+00,0.000000E+00,0.000000E+00,0.000000E+00,0.000000E+00,0.000000E+00,1.999316E+01,3.816017E+01,3.674295E+01,2.493189E+01,1.456282E+04,0.000000E+00,4.759222E-01,0.000000E+00,0.000000E+00,0.000000E+00,0.000000E+00,0.000000E+00,0.000000E+00,0.000000E+00,0.000000E+00,0.000000E+00,1.999216E+01,4.324444E+01,3.622011E+01,2.565224E+01
23:30:00,7.332038E+03,0.000000E+00,2.396244E-01,0.000000E+00,0.000000E+00,0.000000E+00,0.000000E+00,0.000000E+00,0.000000E+00,0.000000E+00,0.000000E+00,0.000000E+00,1.999327E+01,3.768348E+01,2.869331E+01,3.953556E+01,7.161315E+03,0.000000E+00,2.340450E-01,0.000000E+00,0.000000E+00,0.000000E+00,0.000000E+00,0.000000E+00,0.000000E+00,0.000000E+00,0.000000E+00,0.000000E+00,1.999329E+01,3.745796E+01,3.331411E+01,3.039182E+01,7.146193E+03,0.000000E+00,2.335508E-01,0.000000E+00,0.000000E+00,0.000000E+00,0.000000E+00,0.000000E+00,0.000000E+00,0.000000E+00,0.000000E+00,0.000000E+00,1.999329E+01,3.743559E+01,3.512006E+01,2.748987E+01,7.211278E+03,0.000000E+00,2.356778E-01,0.000000E+00,0.000000E+00,0.000000E+00,0.000000E+00,0.000000E+00,0.000000E+00,0.000000E+00,0.000000E+00,0.000000E+00,1.999327E+01,3.751258E+01,3.597019E+01,2.623351E+01,7.793455E+03,0.000000E+00,2.547032E-01,0.000000E+00,0.000000E+00,0.000000E+00,0.000000E+00,0.000000E+00,0.000000E+00,0.000000E+00,0.000000E+00,0.000000E+00,1.999314E+01,3.817809E+01,3.661974E+01,2.531717E+01,1.473096E+04,0.000000E+00,4.814160E-01,0.000000E+00,0.000000E+00,0.000000E+00,0.000000E+00,0.000000E+00,0.000000E+00,0.000000E+00,0.000000E+00,0.000000E+00,1.999216E+01,4.325280E+01,3.603193E+01,2.614236E+01
23:40:00,7.410819E+03,0.000000E+00,2.421985E-01,0.000000E+00,0.000000E+00,0.000000E+00,0.000000E+00,0.000000E+00,0.000000E+00,0.000000E+00,0.000000E+00,0.000000E+00,1.999325E+01,3.768773E+01,2.861123E+01,4.016399E+01,7.245130E+03,0.000000E+00,2.367836E-01,0.000000E+00,0.000000E+00,0.000000E+00,0.000000E+00,0.000000E+00,0.000000E+00,0.000000E+00,0.000000E+00,0.000000E+00,1.999326E+01,3.747114E+01,3.322192E+01,3.089134E+01,7.231067E+03,0.000000E+00,2.363240E-01,0.000000E+00,0.000000E+00,0.000000E+00,0.000000E+00,0.000000E+00,0.000000E+00,0.000000E+00,0.000000E+00,0.000000E+00,1.999326E+01,3.745030E+01,3.502685E+01,2.794272E+01,7.297003E+03,0.000000E+00,2.384788E-01,0.000000E+00,0.000000E+00,0.000000E+00,0.000000E+00,0.000000E+00,0.000000E+00,0.000000E+00,0.000000E+00,0.000000E+00,1.999324E+01,3.752759E+01,3.587814E+01,2.666375E+01,7.883460E+03,0.000000E+00,2.576441E-01,0.000000E+00,0.000000E+00,0.000000E+00,0.000000E+00,0.000000E+00,0.000000E+00,0.000000E+00,0.000000E+00,0.000000E+00,1.999312E+01,3.819258E+01,3.651125E+01,2.575538E+01,1.485315E+04,0.000000E+00,4.854085E-01,0.000000E+00,0.000000E+00,0.000000E+00,0.000000E+00,0.000000E+00,0.000000E+00,0.000000E+00,0.000000E+00,0.000000E+00,1.999216E+01,4.325227E+01,3.586315E+01,2.668363E+01
23:50:00,7.468497E+03,0.000000E+00,2.440831E-01,0.000000E+00,0.000000E+00,0.000000E+00,0.000000E+00,0.000000E+00,0.000000E+00,0.000000E+00,0.000000E+00,0.000000E+00,1.999322E+01,3.769025E+01,2.853566E+01,4.087649E+01,7.307442E+03,0.000000E+00,2.388196E-01,0.000000E+00,0.000000E+00,0.000000E+00,0.000000E+00,0.000000E+00,0.000000E+00,0.000000E+00,0.000000E+00,0.000000E+00,1.999324E+01,3.748176E+01,3.313583E+01,3.145769E+01,7.294423E+03,0.000000E+00,2.383941E-01,0.000000E+00,0.000000E+00,0.000000E+00,0.000000E+00,0.000000E+00,0.000000E+00,0.000000E+00,0.000000E+00,0.000000E+00,1.999324E+01,3.746239E+01,3.494000E+01,2.845597E+01,7.361129E+03,0.000000E+00,2.405741E-01,0.000000E+00,0.000000E+00,0.000000E+00,0.000000E+00,0.000000E+00,0.000000E+00,0.000000E+00,0.000000E+00,0.000000E+00,1.999322E+01,3.754002E+01,3.579122E+01,2.715349E+01,7.950607E+03,0.000000E+00,2.598381E-01,0.000000E+00,0.000000E+00,0.000000E+00,0.000000E+00,0.000000E+00,0.000000E+00,0.000000E+00,0.000000E+00,0.000000E+00,1.999309E+01,3.820439E+01,3.640816E+01,2.625161E+01,1.492918E+04,0.000000E+00,4.878925E-01,0.000000E+00,0.000000E+00,0.000000E+00,0.000000E+00,0.000000E+00,0.000000E+00,0.000000E+00,0.000000E+00,0.000000E+00,1.999214E+01,4.324578E+01,3.570070E+01,2.728714E+01
24:00:00,7.504784E+03,0.000000E+00,2.452686E-01,0.000000E+00,0.000000E+00,0.000000E+00,0.000000E+00,0.000000E+00,0.000000E+00,0.000000E+00,0.000000E+00,0.000000E+00,1.999319E+01,3.769136E+01,2.846184E+01,4.166981E+01,7.347959E+03,0.000000E+00,2.401435E-01,0.000000E+00,0.000000E+00,0.000000E+00,0.000000E+00,0.000000E+00,0.000000E+00,0.000000E+00,0.000000E+00,0.000000E+00,1.999321E+01,3.749033E+01,3.305115E+01,3.208787E+01,7.335980E+03,0.000000E+00,2.397519E-01,0.000000E+00,0.000000E+00,0.000000E+00,0.000000E+00,0.000000E+00,0.000000E+00,0.000000E+00,0.000000E+00,0.000000E+00,1.999321E+01,3.747239E+01,3.485459E+01,2.902702E+01,7.403389E+03,0.000000E+00,2.419548E-01,0.000000E+00,0.000000E+00,0.000000E+00,0.000000E+00,0.000000E+00,0.000000E+00,0.000000E+00,0.000000E+00,0.000000E+00,1.999319E+01,3.755038E+01,3.570509E+01,2.769946E+01,7.994627E+03,0.000000E+00,2.612763E-01,0.000000E+00,0.000000E+00,0.000000E+00,0.000000E+00,0.000000E+00,0.000000E+00,0.000000E+00,0.000000E+00,0.000000E+00,1.999306E+01,3.821408E+01,3.630600E+01,2.680294E+01,1.495880E+04,0.000000E+00,4.888601E-01,0.000000E+00,0.000000E+00,0.000000E+00,0.000000E+00,0.000000E+00,0.000000E+00,0.000000E+00,0.000000E+00,0.000000E+00,1.999213E+01,4.323569E+01,3.553969E+01,2.795104E+01
Peak,9.329883E+03,0.000000E+00,3.049031E-01,0.000000E+00,0.000000E+00,0.000000E+00,0.000000E+00,0.000000E+00,0.000000E+00,0.000000E+00,0.000000E+00,0.000000E+00,,,,,9.321722E+03,0.000000E+00,3.046363E-01,0.000000E+00,0.000000E+00,0.000000E+00,0.000000E+00,0.000000E+00,0.000000E+00,0.000000E+00,0.000000E+00,0.000000E+00,,,,,9.335055E+03,0.000000E+00,3.050720E-01,0.000000E+00,0.000000E+00,0.000000E+00,0.000000E+00,0.000000E+00,0.000000E+00,0.000000E+00,0.000000E+00,0.000000E+00,,,,,9.422920E+03,0.000000E+00,3.079433E-01,0.000000E+00,0.000000E+00,0.000000E+00,0.000000E+00,0.000000E+00,0.000000E+00,0.000000E+00,0.000000E+00,0.000000E+00,,,,,1.016866E+04,0.000000E+00,3.323129E-01,0.000000E+00,0.000000E+00,0.000000E+00,0.000000E+00,0.000000E+00,0.000000E+00,0.000000E+00,0.000000E+00,0.000000E+00,,,,,1.887693E+04,0.000000E+00,6.168831E-01,0.000000E+00,0.000000E+00,0.000000E+00,0.000000E+00,0.000000E+00,0.000000E+00,0.000000E+00,0.000000E+00,0.000000E+00,,,,

Peak Vol Flow (m3/s),,,2.592041E-01,0.000000E+00,,,0.000000E+00,0.000000E+00,,,,,,,,,,,2.589774E-01,0.000000E+00,,,0.000000E+00,0.000000E+00,,,,,,,,,,,2.593477E-01,0.000000E+00,,,0.000000E+00,0.000000E+00,,,,,,,,,,,2.617887E-01,0.000000E+00,,,0.000000E+00,0.000000E+00,,,,,,,,,,,2.825058E-01,0.000000E+00,,,0.000000E+00,0.000000E+00,,,,,,,,,,,5.244245E-01,0.000000E+00,,,0.000000E+00,0.000000E+00,,,,,,,,
