Date/Time,EU_CELL_ZONE IDEAL LOADS AIR SYSTEM:Zone Ideal Loads Zone Total Heating Energy [J](Hourly) 
 01/01  01:00:00,143316268.42798507 
 01/01  02:00:00,145801007.78314176 
 01/01  03:00:00,148338478.78602108 
 01/01  04:00:00,151442083.76706377 
 01/01  05:00:00,154900988.23092127 
 01/01  06:00:00,155069953.90578896 
 01/01  07:00:00,159752810.73348987 
 01/01  08:00:00,164800018.9950335 
 01/01  09:00:00,167221899.44233632 
 01/01  10:00:00,158785144.6146217 
 01/01  11:00:00,140946385.16542423 
 01/01  12:00:00,137939956.18571183 
 01/01  13:00:00,122854033.65960982 
 01/01  14:00:00,116236218.11951932 
 01/01  15:00:00,110086588.02018918 
 01/01  16:00:00,89615657.24573931 
 01/01  17:00:00,87285138.90976492 
 01/01  18:00:00,117179226.82705803 
 01/01  19:00:00,126573003.35913731 
 01/01  20:00:00,131176860.30203947 
 01/01  21:00:00,139069721.23684365 
 01/01  22:00:00,141738356.8901764 
 01/01  23:00:00,140635626.99271318 
 01/01  24:00:00,141296218.93257394 
 01/02  01:00:00,140780591.5192636 
 01/02  02:00:00,142079349.14299244 
 01/02  03:00:00,146467775.12313154 
 01/02  04:00:00,147421076.78859955 
 01/02  05:00:00,146391816.82130176 
 01/02  06:00:00,145435895.00247505 
 01/02  07:00:00,141564692.00273412 
 01/02  08:00:00,137333798.0903881 
 01/02  09:00:00,135603429.0594144 
 01/02  10:00:00,129031663.45869981 
 01/02  11:00:00,122470607.39888619 
 01/02  12:00:00,134453155.75050983 
 01/02  13:00:00,127508962.78223413 
 01/02  14:00:00,125774137.56810416 
 01/02  15:00:00,126056828.49080433 
 01/02  16:00:00,110691994.38376555 
 01/02  17:00:00,106366720.33195986 
 01/02  18:00:00,124830559.38911691 
 01/02  19:00:00,125909569.29296309 
 01/02  20:00:00,126237040.21497618 
 01/02  21:00:00,128814675.30405194 
 01/02  22:00:00,122169281.63614073 
 01/02  23:00:00,108357910.20713308 
 01/02  24:00:00,111175139.54457678 
 01/03  01:00:00,114478589.3660275 
 01/03  02:00:00,114168133.68872774 
 01/03  03:00:00,113932807.7895596 
 01/03  04:00:00,113570126.58332014 
 01/03  05:00:00,114135107.64962628 
 01/03  06:00:00,115336346.773975 
 01/03  07:00:00,115465804.90571749 
 01/03  08:00:00,115559103.29222453 
 01/03  09:00:00,115211304.51623134 
 01/03  10:00:00,113113474.18814217 
 01/03  11:00:00,112247566.04740731 
 01/03  12:00:00,123509495.30741987 
 01/03  13:00:00,118217919.34027335 
 01/03  14:00:00,117103023.00592522 
 01/03  15:00:00,115519733.5437066 
 01/03  16:00:00,99991368.00218785 
 01/03  17:00:00,98071016.54084782 
 01/03  18:00:00,117294304.31443836 
 01/03  19:00:00,110457127.38212329 
 01/03  20:00:00,102908399.62186712 
 01/03  21:00:00,102294189.56963593 
 01/03  22:00:00,101297756.24731381 
 01/03  23:00:00,100580015.68069223 
 01/03  24:00:00,100970216.975372 
 01/04  01:00:00,100015871.96630153 
 01/04  02:00:00,98502480.30758311 
 01/04  03:00:00,97959035.69390853 
 01/04  04:00:00,98679582.7834817 
 01/04  05:00:00,100043521.73597915 
 01/04  06:00:00,100342875.63973773 
 01/04  07:00:00,101126043.1444444 
 01/04  08:00:00,101846225.14571168 
 01/04  09:00:00,101062006.28361669 
 01/04  10:00:00,99895729.99219216 
 01/04  11:00:00,98168362.45991796 
 01/04  12:00:00,111227805.33601426 
 01/04  13:00:00,105393868.45638752 
 01/04  14:00:00,98136295.6565014 
 01/04  15:00:00,90526639.67613924 
 01/04  16:00:00,68059843.92357187 
 01/04  17:00:00,57564087.8578584 
 01/04  18:00:00,70534231.6508575 
 01/04  19:00:00,64987467.88379127 
 01/04  20:00:00,60720598.45580742 
 01/04  21:00:00,59662168.916166954 
 01/04  22:00:00,52879300.433324814 
 01/04  23:00:00,41742295.38384572 
 01/04  24:00:00,49774239.544249386 
 01/05  01:00:00,58302228.72783474 
 01/05  02:00:00,61081317.70150821 
 01/05  03:00:00,64680075.56214218 
 01/05  04:00:00,71000231.32194978 
 01/05  05:00:00,73359832.12165204 
 01/05  06:00:00,70950125.27312265 
 01/05  07:00:00,66382829.58676739 
 01/05  08:00:00,61443253.04416883 
 01/05  09:00:00,58472006.28937316 
 01/05  10:00:00,57556652.79591295 
 01/05  11:00:00,56681349.37022093 
 01/05  12:00:00,53262819.73980228 
 01/05  13:00:00,57178982.843047425 
 01/05  14:00:00,63110667.597976536 
 01/05  15:00:00,71921418.85369867 
 01/05  16:00:00,87391635.72308925 
 01/05  17:00:00,89955060.63146043 
 01/05  18:00:00,79124239.68573973 
 01/05  19:00:00,87517489.01643392 
 01/05  20:00:00,95094828.7503708 
 01/05  21:00:00,92005311.52178966 
 01/05  22:00:00,89851243.74213 
 01/05  23:00:00,87382103.86446512 
 01/05  24:00:00,73629544.4775517 
 01/06  01:00:00,71860420.69152896 
 01/06  02:00:00,72596126.25630784 
 01/06  03:00:00,72283777.63952029 
 01/06  04:00:00,72938094.2079553 
 01/06  05:00:00,75550954.69372497 
 01/06  06:00:00,75256010.603439 
 01/06  07:00:00,73576840.45660877 
 01/06  08:00:00,75435999.98554532 
 01/06  09:00:00,76759369.61914754 
 01/06  10:00:00,75097214.30553876 
 01/06  11:00:00,73272384.45206909 
 01/06  12:00:00,82542382.0800284 
 01/06  13:00:00,74474554.47329172 
 01/06  14:00:00,71221236.8788571 
 01/06  15:00:00,67057225.7154119 
 01/06  16:00:00,49191854.140464015 
 01/06  17:00:00,45880903.720248826 
 01/06  18:00:00,66549968.396710694 
 01/06  19:00:00,77224171.31030533 
 01/06  20:00:00,87051792.6313122 
 01/06  21:00:00,97483709.36264637 
 01/06  22:00:00,105139052.37746985 
 01/06  23:00:00,100107487.1304523 
 01/06  24:00:00,104262360.38648976 
 01/07  01:00:00,108749164.30317917 
 01/07  02:00:00,112297652.23525655 
 01/07  03:00:00,113584403.29053257 
 01/07  04:00:00,115560535.22959197 
 01/07  05:00:00,117423035.38312188 
 01/07  06:00:00,117426805.45106904 
 01/07  07:00:00,118407299.35460073 
 01/07  08:00:00,119698401.42766102 
 01/07  09:00:00,120932521.56189351 
 01/07  10:00:00,116066426.78293654 
 01/07  11:00:00,104206789.42438443 
 01/07  12:00:00,102587729.54976827 
 01/07  13:00:00,88291734.19213706 
 01/07  14:00:00,83128762.80039065 
 01/07  15:00:00,78415500.50490601 
 01/07  16:00:00,60827217.91935184 
 01/07  17:00:00,59745068.40558448 
 01/07  18:00:00,80401180.99892575 
 01/07  19:00:00,79963247.7285848 
 01/07  20:00:00,79212769.58311786 
 01/07  21:00:00,88111350.78845932 
 01/07  22:00:00,98595434.1617422 
 01/07  23:00:00,102328859.17719778 
 01/07  24:00:00,100463239.03254849 
 01/08  01:00:00,99415004.93096988 
 01/08  02:00:00,100021076.18553567 
 01/08  03:00:00,100479213.70695226 
 01/08  04:00:00,100428515.1835163 
 01/08  05:00:00,101739955.97409044 
 01/08  06:00:00,104198122.55272357 
 01/08  07:00:00,105582414.4851872 
 01/08  08:00:00,105016645.97263706 
 01/08  09:00:00,106603397.31866121 
 01/08  10:00:00,100476840.92250517 
 01/08  11:00:00,88553236.01995955 
 01/08  12:00:00,91880520.29811263 
 01/08  13:00:00,81913511.26352173 
 01/08  14:00:00,77629900.2193185 
 01/08  15:00:00,72709564.7300255 
 01/08  16:00:00,54926793.550548285 
 01/08  17:00:00,51222466.3343501 
 01/08  18:00:00,67940722.8873343 
 01/08  19:00:00,64933561.2642521 
 01/08  20:00:00,63830369.255895056 
 01/08  21:00:00,74131580.59358227 
 01/08  22:00:00,88079865.53619331 
 01/08  23:00:00,92807809.76795632 
 01/08  24:00:00,93674165.26959237 
 01/09  01:00:00,93579652.2777281 
 01/09  02:00:00,92063748.76477413 
 01/09  03:00:00,92995836.39426826 
 01/09  04:00:00,94150069.39996552 
 01/09  05:00:00,95349038.85442796 
 01/09  06:00:00,97658041.43686147 
 01/09  07:00:00,99961676.82568488 
 01/09  08:00:00,102749936.35948032 
 01/09  09:00:00,105045605.69868395 
 01/09  10:00:00,102307661.98206833 
 01/09  11:00:00,94306665.615332 
 01/09  12:00:00,95220356.4601633 
 01/09  13:00:00,82295005.50779276 
 01/09  14:00:00,77487493.43608156 
 01/09  15:00:00,74835809.53722155 
 01/09  16:00:00,59531799.63450646 
 01/09  17:00:00,56108295.7165591 
 01/09  18:00:00,72016316.75198518 
 01/09  19:00:00,66421647.7007475 
 01/09  20:00:00,72268289.68847004 
 01/09  21:00:00,84952048.08258979 
 01/09  22:00:00,86604102.32105228 
 01/09  23:00:00,87287012.60924706 
 01/09  24:00:00,87757804.27606277 
 01/10  01:00:00,90065783.28468063 
 01/10  02:00:00,91358833.34759866 
 01/10  03:00:00,92602781.66721585 
 01/10  04:00:00,94758248.1562525 
 01/10  05:00:00,98176030.18846954 
 01/10  06:00:00,102357922.82060981 
 01/10  07:00:00,102206788.18355149 
 01/10  08:00:00,100529378.1459129 
 01/10  09:00:00,100585279.17923173 
 01/10  10:00:00,97541565.27236786 
 01/10  11:00:00,91180802.8597925 
 01/10  12:00:00,96811544.55149049 
 01/10  13:00:00,86335318.82873042 
 01/10  14:00:00,83122144.35325465 
 01/10  15:00:00,80767722.05172333 
 01/10  16:00:00,63309769.15704178 
 01/10  17:00:00,59615334.258840166 
 01/10  18:00:00,85055050.59063219 
 01/10  19:00:00,86727050.78054297 
 01/10  20:00:00,78021985.78756933 
 01/10  21:00:00,76437451.67326084 
 01/10  22:00:00,78125470.11636172 
 01/10  23:00:00,77193702.38546023 
 01/10  24:00:00,73904990.00211808 
 01/11  01:00:00,72502715.02558406 
 01/11  02:00:00,71136516.34526128 
 01/11  03:00:00,71918326.3708266 
 01/11  04:00:00,73500951.79247554 
 01/11  05:00:00,72756651.31034133 
 01/11  06:00:00,70397468.98529871 
 01/11  07:00:00,68163591.40818667 
 01/11  08:00:00,68353203.88670506 
 01/11  09:00:00,68055371.99845248 
 01/11  10:00:00,67041437.64973612 
 01/11  11:00:00,66023805.65994135 
 01/11  12:00:00,79150686.68032336 
 01/11  13:00:00,74848768.69572185 
 01/11  14:00:00,72625191.67225307 
 01/11  15:00:00,71299497.81303833 
 01/11  16:00:00,56809595.70708534 
 01/11  17:00:00,53975816.94797504 
 01/11  18:00:00,71138815.47265573 
 01/11  19:00:00,74173033.63070336 
 01/11  20:00:00,75928871.13177523 
 01/11  21:00:00,75036470.04965329 
 01/11  22:00:00,71959722.08200595 
 01/11  23:00:00,60586760.83017388 
 01/11  24:00:00,60758822.99780735 
 01/12  01:00:00,66956919.50829432 
 01/12  02:00:00,72669057.22494693 
 01/12  03:00:00,76604459.59149745 
 01/12  04:00:00,81143398.79823682 
 01/12  05:00:00,84335632.5033676 
 01/12  06:00:00,85319488.11044669 
 01/12  07:00:00,86282359.63251399 
 01/12  08:00:00,90734542.17151304 
 01/12  09:00:00,93738306.67952837 
 01/12  10:00:00,86926467.05389512 
 01/12  11:00:00,81060041.32389414 
 01/12  12:00:00,75628616.29734594 
 01/12  13:00:00,78398666.00492153 
 01/12  14:00:00,85138880.9214165 
 01/12  15:00:00,83489814.99517551 
 01/12  16:00:00,82410601.54873578 
 01/12  17:00:00,77401384.29937935 
 01/12  18:00:00,68315486.17792453 
 01/12  19:00:00,86017326.92293799 
 01/12  20:00:00,106834604.34475349 
 01/12  21:00:00,111901006.74383643 
 01/12  22:00:00,112116849.51506129 
 01/12  23:00:00,110171543.28803004 
 01/12  24:00:00,98579145.53303048 
 01/13  01:00:00,99651817.00976744 
 01/13  02:00:00,98922931.78599732 
 01/13  03:00:00,97900680.08994421 
 01/13  04:00:00,95988548.2463618 
 01/13  05:00:00,92667093.5816698 
 01/13  06:00:00,91883449.11255784 
 01/13  07:00:00,92022893.26126042 
 01/13  08:00:00,91554712.77206826 
 01/13  09:00:00,91431463.19946487 
 01/13  10:00:00,91174153.11813773 
 01/13  11:00:00,91498829.853049 
 01/13  12:00:00,108231023.14506212 
 01/13  13:00:00,104753632.78931172 
 01/13  14:00:00,101177631.17314604 
 01/13  15:00:00,96956582.81620957 
 01/13  16:00:00,77779463.8368315 
 01/13  17:00:00,72915294.88356595 
 01/13  18:00:00,91858746.44210938 
 01/13  19:00:00,97402918.3348909 
 01/13  20:00:00,102554924.65103434 
 01/13  21:00:00,104251897.06528962 
 01/13  22:00:00,100524254.45346084 
 01/13  23:00:00,90442354.29147339 
 01/13  24:00:00,92487141.07226583 
 01/14  01:00:00,93817431.96867056 
 01/14  02:00:00,92576643.41540994 
 01/14  03:00:00,91235413.68478799 
 01/14  04:00:00,89798788.28329845 
 01/14  05:00:00,89866335.70170017 
 01/14  06:00:00,89737720.05658485 
 01/14  07:00:00,86208156.89532097 
 01/14  08:00:00,83638547.35846908 
 01/14  09:00:00,83782085.57773268 
 01/14  10:00:00,79443463.9688358 
 01/14  11:00:00,73134809.433739 
 01/14  12:00:00,82861128.69445956 
 01/14  13:00:00,77479816.36900075 
 01/14  14:00:00,76889728.59719473 
 01/14  15:00:00,74246827.41638055 
 01/14  16:00:00,60195142.09245729 
 01/14  17:00:00,62727367.362306446 
 01/14  18:00:00,85313803.35281935 
 01/14  19:00:00,82344517.56113777 
 01/14  20:00:00,79074249.58143185 
 01/14  21:00:00,81784609.66246274 
 01/14  22:00:00,83944320.37252863 
 01/14  23:00:00,84001562.02154195 
 01/14  24:00:00,86648269.95879868 
 01/15  01:00:00,89440925.98614532 
 01/15  02:00:00,89849380.55255051 
 01/15  03:00:00,89591344.96550623 
 01/15  04:00:00,89698044.56168684 
 01/15  05:00:00,88716710.36998114 
 01/15  06:00:00,91413850.4061214 
 01/15  07:00:00,98645246.4893563 
 01/15  08:00:00,101859085.39781259 
 01/15  09:00:00,102031499.03419815 
 01/15  10:00:00,101517758.65653646 
 01/15  11:00:00,100417642.38787533 
 01/15  12:00:00,112724827.14566514 
 01/15  13:00:00,107633251.69170415 
 01/15  14:00:00,103280170.70817836 
 01/15  15:00:00,99885376.2056266 
 01/15  16:00:00,84763002.11482568 
 01/15  17:00:00,83781691.27518126 
 01/15  18:00:00,105703806.0382903 
 01/15  19:00:00,111227264.64676991 
 01/15  20:00:00,117632124.85916331 
 01/15  21:00:00,120861049.80517776 
 01/15  22:00:00,122631823.70594987 
 01/15  23:00:00,121238928.54424955 
 01/15  24:00:00,131168667.23981139 
 01/16  01:00:00,136962517.43880516 
 01/16  02:00:00,135501405.15001237 
 01/16  03:00:00,133647448.52510712 
 01/16  04:00:00,132743659.74939293 
 01/16  05:00:00,133535953.58760066 
 01/16  06:00:00,132885248.47045842 
 01/16  07:00:00,130783246.01462112 
 01/16  08:00:00,131355446.00995244 
 01/16  09:00:00,133308759.45695421 
 01/16  10:00:00,127918581.39165895 
 01/16  11:00:00,116898185.74745503 
 01/16  12:00:00,122965633.06114398 
 01/16  13:00:00,114124719.67712075 
 01/16  14:00:00,107782483.71500541 
 01/16  15:00:00,102217254.26383087 
 01/16  16:00:00,83977927.58359498 
 01/16  17:00:00,80617084.7868195 
 01/16  18:00:00,99347031.83833429 
 01/16  19:00:00,94052722.56297567 
 01/16  20:00:00,89988031.85396764 
 01/16  21:00:00,92153891.07347612 
 01/16  22:00:00,90734411.23423333 
 01/16  23:00:00,87024158.07034287 
 01/16  24:00:00,85241942.12244402 
 01/17  01:00:00,84640320.51420619 
 01/17  02:00:00,84150802.4717692 
 01/17  03:00:00,83921793.57077208 
 01/17  04:00:00,81422632.88473241 
 01/17  05:00:00,79070915.33406751 
 01/17  06:00:00,78041950.02401812 
 01/17  07:00:00,75035242.58962284 
 01/17  08:00:00,72636990.91606757 
 01/17  09:00:00,71451271.15418574 
 01/17  10:00:00,68281935.82729824 
 01/17  11:00:00,64657533.68019434 
 01/17  12:00:00,76313425.4390827 
 01/17  13:00:00,72125165.5534069 
 01/17  14:00:00,69797832.04909551 
 01/17  15:00:00,67314763.14371727 
 01/17  16:00:00,53965130.47621985 
 01/17  17:00:00,54002330.70505565 
 01/17  18:00:00,75329506.21611248 
 01/17  19:00:00,74377422.72065954 
 01/17  20:00:00,72370517.06505081 
 01/17  21:00:00,75475494.64269681 
 01/17  22:00:00,79193414.4696124 
 01/17  23:00:00,81500591.7216126 
 01/17  24:00:00,84646260.5133331 
 01/18  01:00:00,87318070.24122213 
 01/18  02:00:00,87953851.09892331 
 01/18  03:00:00,90054218.68049379 
 01/18  04:00:00,91624345.02474843 
 01/18  05:00:00,92113215.1553869 
 01/18  06:00:00,92522491.819413 
 01/18  07:00:00,94085788.77496985 
 01/18  08:00:00,96282368.09601036 
 01/18  09:00:00,97366076.67039134 
 01/18  10:00:00,98862666.9532918 
 01/18  11:00:00,100791490.38224475 
 01/18  12:00:00,115196349.71140692 
 01/18  13:00:00,111932101.62979989 
 01/18  14:00:00,110965329.28221244 
 01/18  15:00:00,107099379.49419525 
 01/18  16:00:00,87683609.12083802 
 01/18  17:00:00,82995754.41680484 
 01/18  18:00:00,98608495.7923106 
 01/18  19:00:00,97372600.49350192 
 01/18  20:00:00,97886073.00333172 
 01/18  21:00:00,97705071.0344889 
 01/18  22:00:00,88459961.08410674 
 01/18  23:00:00,71454057.86721489 
 01/18  24:00:00,76480199.23847763 
 01/19  01:00:00,86253625.20917884 
 01/19  02:00:00,87238925.98749062 
 01/19  03:00:00,85894714.1057443 
 01/19  04:00:00,87033015.75067328 
 01/19  05:00:00,87223257.11025622 
 01/19  06:00:00,85425209.15103692 
 01/19  07:00:00,86322255.87097365 
 01/19  08:00:00,88881191.31880619 
 01/19  09:00:00,90068109.5851469 
 01/19  10:00:00,87004826.29210283 
 01/19  11:00:00,83743334.9048735 
 01/19  12:00:00,78252297.01781651 
 01/19  13:00:00,78886208.26057924 
 01/19  14:00:00,81429866.27676949 
 01/19  15:00:00,77755034.42639136 
 01/19  16:00:00,75752414.17592798 
 01/19  17:00:00,71698976.00601536 
 01/19  18:00:00,62459172.63760111 
 01/19  19:00:00,71201218.46842937 
 01/19  20:00:00,82574895.86785267 
 01/19  21:00:00,90243899.96687256 
 01/19  22:00:00,92788912.68657385 
 01/19  23:00:00,92689578.12934445 
 01/19  24:00:00,84741945.2669402 
 01/20  01:00:00,85075490.68218568 
 01/20  02:00:00,84603944.61632861 
 01/20  03:00:00,88590452.37554054 
 01/20  04:00:00,91537337.23242553 
 01/20  05:00:00,91016745.16882367 
 01/20  06:00:00,89493268.20766947 
 01/20  07:00:00,88452186.64293762 
 01/20  08:00:00,91888779.31126112 
 01/20  09:00:00,96546360.65643391 
 01/20  10:00:00,89746997.5095427 
 01/20  11:00:00,81069127.10428701 
 01/20  12:00:00,92450443.1113848 
 01/20  13:00:00,87673773.45211668 
 01/20  14:00:00,85856499.6014768 
 01/20  15:00:00,84679451.52225964 
 01/20  16:00:00,69457739.16621138 
 01/20  17:00:00,67416644.16141082 
 01/20  18:00:00,84448377.19969134 
 01/20  19:00:00,84922921.915714 
 01/20  20:00:00,85509426.42843838 
 01/20  21:00:00,84080236.25699992 
 01/20  22:00:00,78871302.31602676 
 01/20  23:00:00,68619768.36967108 
 01/20  24:00:00,74543064.8127561 
 01/21  01:00:00,77217067.57449609 
 01/21  02:00:00,74006334.12420899 
 01/21  03:00:00,73085795.11006919 
 01/21  04:00:00,73120295.61995412 
 01/21  05:00:00,73543642.67707004 
 01/21  06:00:00,73950539.52342051 
 01/21  07:00:00,74416388.51931843 
 01/21  08:00:00,74471616.12107967 
 01/21  09:00:00,73804561.07270946 
 01/21  10:00:00,74358174.66933979 
 01/21  11:00:00,74552682.67753617 
 01/21  12:00:00,85171878.76352888 
 01/21  13:00:00,77245179.55853035 
 01/21  14:00:00,74665309.50447334 
 01/21  15:00:00,69867843.4839385 
 01/21  16:00:00,53346571.96042528 
 01/21  17:00:00,52372690.71523653 
 01/21  18:00:00,76503298.01313636 
 01/21  19:00:00,78748273.65162714 
 01/21  20:00:00,79806748.19842371 
 01/21  21:00:00,81936002.72667098 
 01/21  22:00:00,83343766.09384221 
 01/21  23:00:00,87831100.20644397 
 01/21  24:00:00,90794612.18169169 
 01/22  01:00:00,93323526.19869295 
 01/22  02:00:00,96569771.67915891 
 01/22  03:00:00,99646244.55504413 
 01/22  04:00:00,99900903.2722746 
 01/22  05:00:00,99211498.61894742 
 01/22  06:00:00,100203465.59922701 
 01/22  07:00:00,104158217.52238764 
 01/22  08:00:00,105797415.04139796 
 01/22  09:00:00,106777298.29611792 
 01/22  10:00:00,100880362.9947637 
 01/22  11:00:00,85965491.2318698 
 01/22  12:00:00,85955992.11573336 
 01/22  13:00:00,72372125.97177161 
 01/22  14:00:00,65182685.764598064 
 01/22  15:00:00,60819764.04448157 
 01/22  16:00:00,46603984.46776523 
 01/22  17:00:00,47311831.67631432 
 01/22  18:00:00,69604715.17879386 
 01/22  19:00:00,72135600.64576264 
 01/22  20:00:00,75984667.85257208 
 01/22  21:00:00,80011258.4806632 
 01/22  22:00:00,87590877.29709736 
 01/22  23:00:00,95747765.41998954 
 01/22  24:00:00,96203920.25584345 
 01/23  01:00:00,97016500.36853443 
 01/23  02:00:00,99077039.5013412 
 01/23  03:00:00,99638531.59864591 
 01/23  04:00:00,102657864.97247308 
 01/23  05:00:00,106999673.32368785 
 01/23  06:00:00,109080581.43286625 
 01/23  07:00:00,110855310.760759 
 01/23  08:00:00,111309746.71728623 
 01/23  09:00:00,112667972.23790091 
 01/23  10:00:00,108362455.79470642 
 01/23  11:00:00,98684225.82070096 
 01/23  12:00:00,101095263.36263774 
 01/23  13:00:00,87884589.20549059 
 01/23  14:00:00,82454877.36976285 
 01/23  15:00:00,78628943.7922407 
 01/23  16:00:00,62715847.03744473 
 01/23  17:00:00,60510214.54090588 
 01/23  18:00:00,82221295.07767044 
 01/23  19:00:00,81362628.1967605 
 01/23  20:00:00,78996910.2508734 
 01/23  21:00:00,82322249.78129527 
 01/23  22:00:00,83514718.32884206 
 01/23  23:00:00,81592409.69424996 
 01/23  24:00:00,80926441.6205212 
 01/24  01:00:00,81742934.0459969 
 01/24  02:00:00,81973340.48918675 
 01/24  03:00:00,82464093.68331295 
 01/24  04:00:00,85380947.92560725 
 01/24  05:00:00,88787265.36415313 
 01/24  06:00:00,90167318.21043421 
 01/24  07:00:00,92423604.81113485 
 01/24  08:00:00,94549549.76857497 
 01/24  09:00:00,97671792.15543692 
 01/24  10:00:00,98354578.38497907 
 01/24  11:00:00,97997253.15704955 
 01/24  12:00:00,112438783.67555095 
 01/24  13:00:00,109238022.88954851 
 01/24  14:00:00,106818235.2404514 
 01/24  15:00:00,103055821.10055602 
 01/24  16:00:00,94982873.80314839 
 01/24  17:00:00,100257206.31783175 
 01/24  18:00:00,117494159.22227393 
 01/24  19:00:00,117925028.00356989 
 01/24  20:00:00,119067432.16544917 
 01/24  21:00:00,117538300.18635128 
 01/24  22:00:00,111176936.97823058 
 01/24  23:00:00,99709703.34227714 
 01/24  24:00:00,100353920.0009679 
 01/25  01:00:00,102775464.42511167 
 01/25  02:00:00,104887604.77046475 
 01/25  03:00:00,110878081.93297502 
 01/25  04:00:00,119651130.53650351 
 01/25  05:00:00,125267133.68408634 
 01/25  06:00:00,130124348.4588096 
 01/25  07:00:00,135399790.97441822 
 01/25  08:00:00,138193297.92198354 
 01/25  09:00:00,140425570.0261286 
 01/25  10:00:00,133436651.03205344 
 01/25  11:00:00,118743898.80022578 
 01/25  12:00:00,118634053.05064903 
 01/25  13:00:00,104755874.91108099 
 01/25  14:00:00,98114075.5788303 
 01/25  15:00:00,92112067.4058959 
 01/25  16:00:00,72933349.11155449 
 01/25  17:00:00,69527210.9091219 
 01/25  18:00:00,97943842.7708523 
 01/25  19:00:00,120819080.68531178 
 01/25  20:00:00,137128117.3235815 
 01/25  21:00:00,141524294.89268863 
 01/25  22:00:00,140502388.15318856 
 01/25  23:00:00,134675402.564033 
 01/25  24:00:00,139480305.53249002 
 01/26  01:00:00,143832049.13824162 
 01/26  02:00:00,146357328.5098394 
 01/26  03:00:00,147535789.4746437 
 01/26  04:00:00,150454661.50461146 
 01/26  05:00:00,150467267.94235453 
 01/26  06:00:00,149487238.551516 
 01/26  07:00:00,150839188.39716133 
 01/26  08:00:00,148852750.9789511 
 01/26  09:00:00,142904961.76792058 
 01/26  10:00:00,135915724.25137824 
 01/26  11:00:00,127606555.75195387 
 01/26  12:00:00,113391864.29576693 
 01/26  13:00:00,107620676.27989458 
 01/26  14:00:00,107417863.5246601 
 01/26  15:00:00,101383854.8258775 
 01/26  16:00:00,95376263.15114535 
 01/26  17:00:00,86318266.8077047 
 01/26  18:00:00,82808133.2967095 
 01/26  19:00:00,113232686.02302349 
 01/26  20:00:00,136130755.01800662 
 01/26  21:00:00,138017505.8969447 
 01/26  22:00:00,143462453.5292635 
 01/26  23:00:00,147106210.41828766 
 01/26  24:00:00,137314590.6344223 
 01/27  01:00:00,138838679.5249755 
 01/27  02:00:00,140123994.19988465 
 01/27  03:00:00,139992433.31946483 
 01/27  04:00:00,136369859.82474166 
 01/27  05:00:00,135663845.60612082 
 01/27  06:00:00,135568453.66764757 
 01/27  07:00:00,137776180.75270498 
 01/27  08:00:00,143434406.35309732 
 01/27  09:00:00,138973740.54360318 
 01/27  10:00:00,127300920.623992 
 01/27  11:00:00,119227012.61571853 
 01/27  12:00:00,130885409.43094881 
 01/27  13:00:00,126895510.95973578 
 01/27  14:00:00,124423319.01267801 
 01/27  15:00:00,122009503.34402989 
 01/27  16:00:00,106208617.20586425 
 01/27  17:00:00,103009692.03243053 
 01/27  18:00:00,122102430.61607671 
 01/27  19:00:00,124543921.79133359 
 01/27  20:00:00,125652072.79837902 
 01/27  21:00:00,124863903.82265063 
 01/27  22:00:00,119773860.79859512 
 01/27  23:00:00,110733011.89144006 
 01/27  24:00:00,111145883.69207273 
 01/28  01:00:00,110498877.86208807 
 01/28  02:00:00,111426633.89928423 
 01/28  03:00:00,114226119.86069308 
 01/28  04:00:00,120355524.17237185 
 01/28  05:00:00,128815191.21543363 
 01/28  06:00:00,133493823.19380823 
 01/28  07:00:00,138783695.36758104 
 01/28  08:00:00,142385390.06742135 
 01/28  09:00:00,143724519.6008575 
 01/28  10:00:00,147524746.32292688 
 01/28  11:00:00,151884306.5238078 
 01/28  12:00:00,167679761.59595472 
 01/28  13:00:00,163932276.4970977 
 01/28  14:00:00,161551085.88232163 
 01/28  15:00:00,157163325.94402304 
 01/28  16:00:00,136284750.2854942 
 01/28  17:00:00,130949965.61240524 
 01/28  18:00:00,145916884.40533137 
 01/28  19:00:00,138568997.93911362 
 01/28  20:00:00,136148962.80380803 
 01/28  21:00:00,139925270.42697874 
 01/28  22:00:00,143492792.36704192 
 01/28  23:00:00,150625389.42004243 
 01/28  24:00:00,154656267.94279227 
 01/29  01:00:00,156406083.80160654 
 01/29  02:00:00,160225328.2618695 
 01/29  03:00:00,165749895.61883184 
 01/29  04:00:00,172482675.93318215 
 01/29  05:00:00,177284220.8174016 
 01/29  06:00:00,179796910.59261042 
 01/29  07:00:00,181918707.31377515 
 01/29  08:00:00,184275620.26226538 
 01/29  09:00:00,185233958.0094255 
 01/29  10:00:00,173980545.06899005 
 01/29  11:00:00,155292444.48900276 
 01/29  12:00:00,148266845.23031247 
 01/29  13:00:00,128998724.07530509 
 01/29  14:00:00,120315663.50551578 
 01/29  15:00:00,113721073.9959407 
 01/29  16:00:00,94598831.6004559 
 01/29  17:00:00,90843655.57406545 
 01/29  18:00:00,113016446.61658235 
 01/29  19:00:00,111674468.56734885 
 01/29  20:00:00,107091818.39884257 
 01/29  21:00:00,108280880.21461046 
 01/29  22:00:00,108734786.35301027 
 01/29  23:00:00,109612654.34117499 
 01/29  24:00:00,113288203.84269649 
 01/30  01:00:00,116011507.19499096 
 01/30  02:00:00,118368347.35354234 
 01/30  03:00:00,119669674.89642994 
 01/30  04:00:00,119276432.50425056 
 01/30  05:00:00,121178743.76944843 
 01/30  06:00:00,121270743.5445717 
 01/30  07:00:00,120017258.1890371 
 01/30  08:00:00,120528236.97834677 
 01/30  09:00:00,121425838.34192 
 01/30  10:00:00,121889869.54439914 
 01/30  11:00:00,122613878.00295681 
 01/30  12:00:00,137227988.3738639 
 01/30  13:00:00,131461320.92452684 
 01/30  14:00:00,127483366.17066565 
 01/30  15:00:00,124009183.16247329 
 01/30  16:00:00,105806910.53943452 
 01/30  17:00:00,99253355.54954347 
 01/30  18:00:00,112349804.86465137 
 01/30  19:00:00,108497782.78400372 
 01/30  20:00:00,105339422.8449928 
 01/30  21:00:00,102526257.76006609 
 01/30  22:00:00,94504589.4394472 
 01/30  23:00:00,81614042.52937405 
 01/30  24:00:00,87065977.91774333 
 01/31  01:00:00,92392374.61479671 
 01/31  02:00:00,92820918.30274206 
 01/31  03:00:00,93596854.45889932 
 01/31  04:00:00,95204748.13549443 
 01/31  05:00:00,100071024.1487707 
 01/31  06:00:00,104368098.58116958 
 01/31  07:00:00,105448200.79038715 
 01/31  08:00:00,105198952.22943364 
 01/31  09:00:00,105328195.72783993 
 01/31  10:00:00,106057457.07250766 
 01/31  11:00:00,105541756.04026337 
 01/31  12:00:00,115980075.58294761 
 01/31  13:00:00,110583779.56740521 
 01/31  14:00:00,106374888.93463628 
 01/31  15:00:00,101975579.71882352 
 01/31  16:00:00,85129851.11664025 
 01/31  17:00:00,81639116.40185353 
 01/31  18:00:00,99431810.14585765 
 01/31  19:00:00,101773792.87842244 
 01/31  20:00:00,104746956.01047082 
 01/31  21:00:00,105945548.9224721 
 01/31  22:00:00,101684052.04476735 
 01/31  23:00:00,90891928.3430457 
 01/31  24:00:00,90378867.079058 
 02/01  01:00:00,90892879.58341108 
 02/01  02:00:00,91334653.882754 
 02/01  03:00:00,92620742.37112382 
 02/01  04:00:00,94605035.46771693 
 02/01  05:00:00,96734832.64756224 
 02/01  06:00:00,98451994.68736088 
 02/01  07:00:00,99073239.95771435 
 02/01  08:00:00,98500438.17849204 
 02/01  09:00:00,97935551.74352671 
 02/01  10:00:00,97489623.5067732 
 02/01  11:00:00,96801505.12357594 
 02/01  12:00:00,109272147.2452879 
 02/01  13:00:00,103336357.22603531 
 02/01  14:00:00,102602828.4797997 
 02/01  15:00:00,102218281.3623612 
 02/01  16:00:00,87414780.4985948 
 02/01  17:00:00,85228859.12852234 
 02/01  18:00:00,100646427.23674585 
 02/01  19:00:00,98143371.35962893 
 02/01  20:00:00,97690896.08384147 
 02/01  21:00:00,97116296.85431862 
 02/01  22:00:00,91041661.09036994 
 02/01  23:00:00,78422209.07310213 
 02/01  24:00:00,80406080.06206663 
 02/02  01:00:00,83423232.18136558 
 02/02  02:00:00,82396229.69250739 
 02/02  03:00:00,80265871.89891146 
 02/02  04:00:00,82747800.64264756 
 02/02  05:00:00,84730347.20110972 
 02/02  06:00:00,82625744.78978856 
 02/02  07:00:00,82383187.7286396 
 02/02  08:00:00,83490705.93302983 
 02/02  09:00:00,87062692.71905604 
 02/02  10:00:00,87083281.0876017 
 02/02  11:00:00,85480832.60087427 
 02/02  12:00:00,85703491.95162809 
 02/02  13:00:00,94117254.2299762 
 02/02  14:00:00,103633289.61894089 
 02/02  15:00:00,104404565.13846461 
 02/02  16:00:00,103754750.06252971 
 02/02  17:00:00,97951298.17201306 
 02/02  18:00:00,86453914.94057415 
 02/02  19:00:00,94715823.41233319 
 02/02  20:00:00,104763457.99221003 
 02/02  21:00:00,106317743.57826266 
 02/02  22:00:00,106825083.8876653 
 02/02  23:00:00,105795846.20123975 
 02/02  24:00:00,91132334.41005322 
 02/03  01:00:00,88302084.12470472 
 02/03  02:00:00,87979753.1586191 
 02/03  03:00:00,87997650.80129975 
 02/03  04:00:00,88007245.77948113 
 02/03  05:00:00,88022451.1428925 
 02/03  06:00:00,87655428.18322323 
 02/03  07:00:00,87301136.47039707 
 02/03  08:00:00,87685634.23289701 
 02/03  09:00:00,87648298.16309391 
 02/03  10:00:00,87186274.70187095 
 02/03  11:00:00,88220899.03596018 
 02/03  12:00:00,102768178.8302238 
 02/03  13:00:00,100369838.31972702 
 02/03  14:00:00,100755917.81908962 
 02/03  15:00:00,100185089.27334364 
 02/03  16:00:00,85635089.26964954 
 02/03  17:00:00,82859243.71460898 
 02/03  18:00:00,99187493.65635754 
 02/03  19:00:00,98991650.53260523 
 02/03  20:00:00,100165582.71703464 
 02/03  21:00:00,101346804.63905261 
 02/03  22:00:00,98168553.24408653 
 02/03  23:00:00,88035784.56617723 
 02/03  24:00:00,87918955.31475207 
 02/04  01:00:00,88809612.26175876 
 02/04  02:00:00,89304585.02909587 
 02/04  03:00:00,89834089.48958385 
 02/04  04:00:00,91112989.48373488 
 02/04  05:00:00,92771787.68633002 
 02/04  06:00:00,92889048.61351961 
 02/04  07:00:00,92360449.76356897 
 02/04  08:00:00,93279703.33161281 
 02/04  09:00:00,94111337.33969627 
 02/04  10:00:00,94146996.99952137 
 02/04  11:00:00,93661256.05424058 
 02/04  12:00:00,109547321.02568111 
 02/04  13:00:00,107213858.76700254 
 02/04  14:00:00,106817855.95552242 
 02/04  15:00:00,106402395.08185574 
 02/04  16:00:00,89931999.31554887 
 02/04  17:00:00,86655116.71395592 
 02/04  18:00:00,103779324.87653188 
 02/04  19:00:00,96422392.78974952 
 02/04  20:00:00,89881107.71291746 
 02/04  21:00:00,88795589.9053376 
 02/04  22:00:00,87470041.25929645 
 02/04  23:00:00,86673152.8109431 
 02/04  24:00:00,87931335.86437222 
 02/05  01:00:00,88109777.46620555 
 02/05  02:00:00,86728678.34970988 
 02/05  03:00:00,86677056.557866 
 02/05  04:00:00,87405409.1724675 
 02/05  05:00:00,88100777.4432557 
 02/05  06:00:00,88132373.60748255 
 02/05  07:00:00,88139362.8799607 
 02/05  08:00:00,88153210.98395032 
 02/05  09:00:00,89338251.6405064 
 02/05  10:00:00,89787076.50282586 
 02/05  11:00:00,86396564.13786526 
 02/05  12:00:00,91899512.23272282 
 02/05  13:00:00,82368159.34334645 
 02/05  14:00:00,80612231.46021666 
 02/05  15:00:00,78024433.41153076 
 02/05  16:00:00,60730713.95132868 
 02/05  17:00:00,59042732.54436733 
 02/05  18:00:00,77421150.31519972 
 02/05  19:00:00,72193478.66926971 
 02/05  20:00:00,68052621.00451934 
 02/05  21:00:00,70039454.65077585 
 02/05  22:00:00,71914378.54120068 
 02/05  23:00:00,73772243.99767548 
 02/05  24:00:00,77493666.9262181 
 02/06  01:00:00,79850901.19371513 
 02/06  02:00:00,80687053.38705888 
 02/06  03:00:00,82151084.13902871 
 02/06  04:00:00,83699845.16706406 
 02/06  05:00:00,86028368.20379393 
 02/06  06:00:00,86741808.81589547 
 02/06  07:00:00,88081770.29321389 
 02/06  08:00:00,89874396.76275504 
 02/06  09:00:00,90664266.92003521 
 02/06  10:00:00,88850512.93790498 
 02/06  11:00:00,85660135.46056564 
 02/06  12:00:00,98735030.80945945 
 02/06  13:00:00,94849867.85970451 
 02/06  14:00:00,91332197.5390986 
 02/06  15:00:00,88147885.82142593 
 02/06  16:00:00,68902020.60416113 
 02/06  17:00:00,62775686.59812478 
 02/06  18:00:00,79083553.2982994 
 02/06  19:00:00,85832398.14427115 
 02/06  20:00:00,97727826.00785214 
 02/06  21:00:00,103294620.74804832 
 02/06  22:00:00,107383346.75169905 
 02/06  23:00:00,112019764.61892366 
 02/06  24:00:00,119809320.79222023 
 02/07  01:00:00,125055857.31824069 
 02/07  02:00:00,125302800.77710043 
 02/07  03:00:00,126330962.4527037 
 02/07  04:00:00,126456373.57028452 
 02/07  05:00:00,126736423.74723071 
 02/07  06:00:00,127134636.25635104 
 02/07  07:00:00,127397379.91580309 
 02/07  08:00:00,130728297.96473506 
 02/07  09:00:00,130487997.64260344 
 02/07  10:00:00,116413287.24894705 
 02/07  11:00:00,99107460.87526289 
 02/07  12:00:00,96633328.08146209 
 02/07  13:00:00,79553907.8238092 
 02/07  14:00:00,70765754.90443578 
 02/07  15:00:00,64272996.60394953 
 02/07  16:00:00,44735371.160096794 
 02/07  17:00:00,39674785.78836294 
 02/07  18:00:00,56353981.936430186 
 02/07  19:00:00,58704974.87728852 
 02/07  20:00:00,62277161.23555724 
 02/07  21:00:00,62917742.175999016 
 02/07  22:00:00,57903784.294040635 
 02/07  23:00:00,49741586.7291326 
 02/07  24:00:00,58611987.17480845 
 02/08  01:00:00,68630399.63210598 
 02/08  02:00:00,73980798.5832985 
 02/08  03:00:00,77234946.92093106 
 02/08  04:00:00,81011167.1054007 
 02/08  05:00:00,83891122.57592817 
 02/08  06:00:00,85343959.05585735 
 02/08  07:00:00,86910283.67387283 
 02/08  08:00:00,87585419.64498587 
 02/08  09:00:00,87205273.66631578 
 02/08  10:00:00,84866634.64611155 
 02/08  11:00:00,79214591.65028168 
 02/08  12:00:00,90212436.85723014 
 02/08  13:00:00,82267032.77630714 
 02/08  14:00:00,75371545.17075628 
 02/08  15:00:00,69161156.9595293 
 02/08  16:00:00,50721472.2884511 
 02/08  17:00:00,53226528.344203494 
 02/08  18:00:00,73615978.14746037 
 02/08  19:00:00,74481182.72810738 
 02/08  20:00:00,77797131.4747673 
 02/08  21:00:00,78697739.39966178 
 02/08  22:00:00,71830857.45758666 
 02/08  23:00:00,59253538.1575583 
 02/08  24:00:00,58873663.183172196 
 02/09  01:00:00,59200582.65115915 
 02/09  02:00:00,60252086.81095492 
 02/09  03:00:00,62450620.13847024 
 02/09  04:00:00,63863693.1818821 
 02/09  05:00:00,64347374.71023823 
 02/09  06:00:00,64407467.794059664 
 02/09  07:00:00,66511136.896604635 
 02/09  08:00:00,66084805.887559876 
 02/09  09:00:00,69354834.24431594 
 02/09  10:00:00,76694849.11864589 
 02/09  11:00:00,78241391.19824892 
 02/09  12:00:00,76055609.39004911 
 02/09  13:00:00,81099618.25172696 
 02/09  14:00:00,84371732.28576262 
 02/09  15:00:00,76025510.34272103 
 02/09  16:00:00,66774262.39219539 
 02/09  17:00:00,57305973.973626904 
 02/09  18:00:00,52046901.2838166 
 02/09  19:00:00,74798962.00168203 
 02/09  20:00:00,93127317.58546816 
 02/09  21:00:00,96870515.5966894 
 02/09  22:00:00,101626954.61381993 
 02/09  23:00:00,103898763.69343442 
 02/09  24:00:00,89328369.21803145 
 02/10  01:00:00,86775699.83971934 
 02/10  02:00:00,85466011.75631416 
 02/10  03:00:00,81960115.10333817 
 02/10  04:00:00,78675840.63301267 
 02/10  05:00:00,79147686.7386007 
 02/10  06:00:00,83136907.76974206 
 02/10  07:00:00,86030044.40689623 
 02/10  08:00:00,87281875.14288776 
 02/10  09:00:00,87003805.18703568 
 02/10  10:00:00,85071709.07181229 
 02/10  11:00:00,83465360.50267057 
 02/10  12:00:00,98975784.71597436 
 02/10  13:00:00,99476227.0495794 
 02/10  14:00:00,101991624.18990405 
 02/10  15:00:00,102811288.1628471 
 02/10  16:00:00,86926683.64293176 
 02/10  17:00:00,82514914.68198945 
 02/10  18:00:00,98398763.88580745 
 02/10  19:00:00,88542410.14645492 
 02/10  20:00:00,78622443.02918483 
 02/10  21:00:00,77479812.24548577 
 02/10  22:00:00,78577481.87142013 
 02/10  23:00:00,79917964.66206762 
 02/10  24:00:00,82724479.54248366 
 02/11  01:00:00,84513153.14870167 
 02/11  02:00:00,84441470.78469017 
 02/11  03:00:00,86160619.8544401 
 02/11  04:00:00,90648660.48561902 
 02/11  05:00:00,94992140.82985169 
 02/11  06:00:00,96089020.22973052 
 02/11  07:00:00,96940791.48126931 
 02/11  08:00:00,97630341.16354607 
 02/11  09:00:00,98360368.22300619 
 02/11  10:00:00,101061648.89613524 
 02/11  11:00:00,102971777.39060177 
 02/11  12:00:00,115386855.5040223 
 02/11  13:00:00,111110122.91372374 
 02/11  14:00:00,108342765.62324145 
 02/11  15:00:00,106187388.08934031 
 02/11  16:00:00,88324201.85607223 
 02/11  17:00:00,78981191.33652763 
 02/11  18:00:00,90708602.92729607 
 02/11  19:00:00,81633222.26245758 
 02/11  20:00:00,75034145.92497158 
 02/11  21:00:00,75186224.61024642 
 02/11  22:00:00,76267258.3812631 
 02/11  23:00:00,79142763.63729125 
 02/11  24:00:00,83094492.98100346 
 02/12  01:00:00,85274335.05000545 
 02/12  02:00:00,84515214.17974897 
 02/12  03:00:00,82027431.31984888 
 02/12  04:00:00,81123520.97698437 
 02/12  05:00:00,82427273.72927676 
 02/12  06:00:00,83701362.28580329 
 02/12  07:00:00,87790861.08090264 
 02/12  08:00:00,91961539.23851196 
 02/12  09:00:00,93755583.13226703 
 02/12  10:00:00,88932486.16181009 
 02/12  11:00:00,79925790.15478443 
 02/12  12:00:00,85090938.37384957 
 02/12  13:00:00,74819088.86198165 
 02/12  14:00:00,70013313.12598056 
 02/12  15:00:00,66503912.222141705 
 02/12  16:00:00,49659595.91917797 
 02/12  17:00:00,45633747.23103075 
 02/12  18:00:00,67120167.4928373 
 02/12  19:00:00,69322486.36810115 
 02/12  20:00:00,77672053.44357848 
 02/12  21:00:00,89863862.59666154 
 02/12  22:00:00,96834667.97112523 
 02/12  23:00:00,103905976.24354717 
 02/12  24:00:00,111306606.45631671 
 02/13  01:00:00,116827049.29973279 
 02/13  02:00:00,117948995.98175317 
 02/13  03:00:00,117212571.52287978 
 02/13  04:00:00,116981623.47455265 
 02/13  05:00:00,116381634.25520758 
 02/13  06:00:00,117156833.21906641 
 02/13  07:00:00,118982942.32276025 
 02/13  08:00:00,121545985.22076985 
 02/13  09:00:00,122004681.1740213 
 02/13  10:00:00,107044223.40236251 
 02/13  11:00:00,88393764.88526215 
 02/13  12:00:00,88162486.28893903 
 02/13  13:00:00,73203283.10068056 
 02/13  14:00:00,65632395.384763144 
 02/13  15:00:00,62980663.320934385 
 02/13  16:00:00,51137872.038671285 
 02/13  17:00:00,51595955.92066669 
 02/13  18:00:00,68443166.5861247 
 02/13  19:00:00,68987771.91798608 
 02/13  20:00:00,74000070.9979196 
 02/13  21:00:00,78367196.98281905 
 02/13  22:00:00,74455194.61396895 
 02/13  23:00:00,63446159.23874262 
 02/13  24:00:00,71481156.14464448 
 02/14  01:00:00,81902555.96889944 
 02/14  02:00:00,82485722.87045039 
 02/14  03:00:00,78555233.24842408 
 02/14  04:00:00,79941144.23487279 
 02/14  05:00:00,83678863.0997405 
 02/14  06:00:00,86670672.35806926 
 02/14  07:00:00,90126841.51189594 
 02/14  08:00:00,92793926.38186777 
 02/14  09:00:00,96088415.4625629 
 02/14  10:00:00,91155105.96489231 
 02/14  11:00:00,79073983.89412193 
 02/14  12:00:00,81810309.47410832 
 02/14  13:00:00,71104102.07205231 
 02/14  14:00:00,66032410.88058978 
 02/14  15:00:00,61876621.1280949 
 02/14  16:00:00,43993796.14642694 
 02/14  17:00:00,40160083.007980004 
 02/14  18:00:00,60965282.36218588 
 02/14  19:00:00,73306155.1620487 
 02/14  20:00:00,87462450.72089943 
 02/14  21:00:00,95851210.75331233 
 02/14  22:00:00,98992659.59034549 
 02/14  23:00:00,96872165.1583124 
 02/14  24:00:00,102710637.6198137 
 02/15  01:00:00,105588185.81309101 
 02/15  02:00:00,108684536.17970115 
 02/15  03:00:00,110568872.31943747 
 02/15  04:00:00,111453960.74977988 
 02/15  05:00:00,112425630.44634531 
 02/15  06:00:00,111562928.74337098 
 02/15  07:00:00,108085061.1061878 
 02/15  08:00:00,103386733.74732724 
 02/15  09:00:00,99568213.74634857 
 02/15  10:00:00,93295965.02313884 
 02/15  11:00:00,87161666.3637647 
 02/15  12:00:00,92172267.02438742 
 02/15  13:00:00,77844394.66775471 
 02/15  14:00:00,67800782.24606363 
 02/15  15:00:00,60951740.221412756 
 02/15  16:00:00,41830076.669250615 
 02/15  17:00:00,38069452.613144465 
 02/15  18:00:00,56510172.21313182 
 02/15  19:00:00,62503756.98042785 
 02/15  20:00:00,72456847.72033355 
 02/15  21:00:00,79420924.86711535 
 02/15  22:00:00,83643435.46876498 
 02/15  23:00:00,79034548.05155586 
 02/15  24:00:00,76343204.58896548 
 02/16  01:00:00,73966530.09310879 
 02/16  02:00:00,72589858.17110582 
 02/16  03:00:00,75075402.848229 
 02/16  04:00:00,76116453.77906585 
 02/16  05:00:00,73162345.32340199 
 02/16  06:00:00,74620678.2293417 
 02/16  07:00:00,75685906.63624279 
 02/16  08:00:00,74831326.71126653 
 02/16  09:00:00,74797591.67595953 
 02/16  10:00:00,71246889.1349248 
 02/16  11:00:00,65836379.77123065 
 02/16  12:00:00,61810308.38930808 
 02/16  13:00:00,65558565.73591981 
 02/16  14:00:00,66064234.14603237 
 02/16  15:00:00,56708785.47465513 
 02/16  16:00:00,50091019.65580064 
 02/16  17:00:00,42281260.64552783 
 02/16  18:00:00,31992252.560025297 
 02/16  19:00:00,54132859.360411696 
 02/16  20:00:00,75464843.92037646 
 02/16  21:00:00,78002406.0874218 
 02/16  22:00:00,84757839.02723081 
 02/16  23:00:00,84492691.40439594 
 02/16  24:00:00,72168414.45025317 
 02/17  01:00:00,74178928.10502447 
 02/17  02:00:00,74849871.84985913 
 02/17  03:00:00,76081240.8357532 
 02/17  04:00:00,72710516.14030205 
 02/17  05:00:00,72115964.2118417 
 02/17  06:00:00,73143215.91976848 
 02/17  07:00:00,68461430.38117778 
 02/17  08:00:00,62576690.637569785 
 02/17  09:00:00,58743505.094529785 
 02/17  10:00:00,53125214.86692243 
 02/17  11:00:00,46477139.34018848 
 02/17  12:00:00,59087723.16373726 
 02/17  13:00:00,54873563.59231258 
 02/17  14:00:00,49161765.19532022 
 02/17  15:00:00,44362069.401646875 
 02/17  16:00:00,27025222.69101497 
 02/17  17:00:00,21383797.89062546 
 02/17  18:00:00,38768650.98905009 
 02/17  19:00:00,42563037.152911216 
 02/17  20:00:00,49908654.16899745 
 02/17  21:00:00,59209868.336015105 
 02/17  22:00:00,70305732.12279683 
 02/17  23:00:00,75255137.52535097 
 02/17  24:00:00,73971487.61726324 
 02/18  01:00:00,77764078.76998578 
 02/18  02:00:00,82975378.6021221 
 02/18  03:00:00,88244375.08473325 
 02/18  04:00:00,91992569.37335072 
 02/18  05:00:00,93527216.60981113 
 02/18  06:00:00,92551598.84800212 
 02/18  07:00:00,92889802.83188085 
 02/18  08:00:00,93899406.57838689 
 02/18  09:00:00,93851324.74198413 
 02/18  10:00:00,92825715.3240263 
 02/18  11:00:00,94611823.37504458 
 02/18  12:00:00,104707435.7613633 
 02/18  13:00:00,94759019.44124603 
 02/18  14:00:00,90394752.07094012 
 02/18  15:00:00,86460518.66228098 
 02/18  16:00:00,71264086.15357542 
 02/18  17:00:00,66078780.3077912 
 02/18  18:00:00,79071827.35895799 
 02/18  19:00:00,76067550.5055753 
 02/18  20:00:00,75835163.7819551 
 02/18  21:00:00,76568334.68515688 
 02/18  22:00:00,72267206.96676882 
 02/18  23:00:00,60707254.20710198 
 02/18  24:00:00,60368098.53232966 
 02/19  01:00:00,61644941.75606626 
 02/19  02:00:00,61936431.09421804 
 02/19  03:00:00,62666416.027660176 
 02/19  04:00:00,63727424.85630435 
 02/19  05:00:00,64872831.54140752 
 02/19  06:00:00,65999293.73074172 
 02/19  07:00:00,67204542.4169715 
 02/19  08:00:00,68805240.45865294 
 02/19  09:00:00,69978911.64059378 
 02/19  10:00:00,69491743.16469727 
 02/19  11:00:00,68286182.57073162 
 02/19  12:00:00,82129329.75067584 
 02/19  13:00:00,78887318.5727392 
 02/19  14:00:00,75020549.40288693 
 02/19  15:00:00,71990616.63009714 
 02/19  16:00:00,56196800.853081636 
 02/19  17:00:00,53475077.78876068 
 02/19  18:00:00,72473162.74617082 
 02/19  19:00:00,67342210.18145958 
 02/19  20:00:00,61245722.61737203 
 02/19  21:00:00,63109634.798221454 
 02/19  22:00:00,63278303.369330436 
 02/19  23:00:00,61339939.50851457 
 02/19  24:00:00,63149131.08431997 
 02/20  01:00:00,63358330.44944465 
 02/20  02:00:00,61419200.126430415 
 02/20  03:00:00,64593625.67444737 
 02/20  04:00:00,65323591.785961956 
 02/20  05:00:00,65849277.34234594 
 02/20  06:00:00,67994810.15217395 
 02/20  07:00:00,68165128.95893748 
 02/20  08:00:00,68707863.06453562 
 02/20  09:00:00,69963362.73814103 
 02/20  10:00:00,73483446.066362 
 02/20  11:00:00,78059927.49902755 
 02/20  12:00:00,98864164.20219848 
 02/20  13:00:00,100927170.49675417 
 02/20  14:00:00,100814587.23765902 
 02/20  15:00:00,100340382.81116661 
 02/20  16:00:00,85765912.38809519 
 02/20  17:00:00,82248088.52015966 
 02/20  18:00:00,97604623.41895214 
 02/20  19:00:00,87207087.76024318 
 02/20  20:00:00,77793120.01623559 
 02/20  21:00:00,76653269.01691756 
 02/20  22:00:00,75593240.45544389 
 02/20  23:00:00,74351445.13757265 
 02/20  24:00:00,72790465.5671183 
 02/21  01:00:00,71874586.45669395 
 02/21  02:00:00,70967658.90237218 
 02/21  03:00:00,70832076.50408205 
 02/21  04:00:00,73273810.35506822 
 02/21  05:00:00,75817069.22716625 
 02/21  06:00:00,75629451.46458212 
 02/21  07:00:00,75778390.01778854 
 02/21  08:00:00,77709633.6971697 
 02/21  09:00:00,79591788.60580179 
 02/21  10:00:00,76155595.16959009 
 02/21  11:00:00,71207978.5687665 
 02/21  12:00:00,75808411.82911588 
 02/21  13:00:00,62262987.00490064 
 02/21  14:00:00,56036906.202540696 
 02/21  15:00:00,51955107.009577155 
 02/21  16:00:00,36876532.22488726 
 02/21  17:00:00,35385567.00431253 
 02/21  18:00:00,54479223.59996222 
 02/21  19:00:00,51250134.607597806 
 02/21  20:00:00,50434960.10099358 
 02/21  21:00:00,51559347.75563723 
 02/21  22:00:00,54262436.543593444 
 02/21  23:00:00,59918276.70531815 
 02/21  24:00:00,60359182.72593194 
 02/22  01:00:00,61420336.68221723 
 02/22  02:00:00,64584276.344172664 
 02/22  03:00:00,65329054.44881078 
 02/22  04:00:00,65770155.374050915 
 02/22  05:00:00,70084368.8780866 
 02/22  06:00:00,75843433.34953843 
 02/22  07:00:00,77781759.97882456 
 02/22  08:00:00,78484802.09201561 
 02/22  09:00:00,78886834.28976852 
 02/22  10:00:00,76090106.12448989 
 02/22  11:00:00,76840023.31521156 
 02/22  12:00:00,96753166.98418385 
 02/22  13:00:00,96708900.49046893 
 02/22  14:00:00,97581363.83615373 
 02/22  15:00:00,96234049.72169326 
 02/22  16:00:00,77543428.9439864 
 02/22  17:00:00,71707109.8563684 
 02/22  18:00:00,88786414.82309474 
 02/22  19:00:00,93861038.39038205 
 02/22  20:00:00,105371292.78703526 
 02/22  21:00:00,113407850.9929997 
 02/22  22:00:00,111825081.15619902 
 02/22  23:00:00,106443673.51419795 
 02/22  24:00:00,113175108.70469919 
 02/23  01:00:00,118874485.61329898 
 02/23  02:00:00,123193749.35612983 
 02/23  03:00:00,127034084.13999537 
 02/23  04:00:00,131703796.21271251 
 02/23  05:00:00,134491031.1767654 
 02/23  06:00:00,134747613.50275436 
 02/23  07:00:00,135281840.64308518 
 02/23  08:00:00,137865840.71587414 
 02/23  09:00:00,136409606.43591926 
 02/23  10:00:00,119795184.07853334 
 02/23  11:00:00,99296974.41206619 
 02/23  12:00:00,81090588.95001131 
 02/23  13:00:00,76218982.43791941 
 02/23  14:00:00,78271638.75546838 
 02/23  15:00:00,72775876.86121468 
 02/23  16:00:00,68193129.26560992 
 02/23  17:00:00,62087946.84113301 
 02/23  18:00:00,53088544.89872405 
 02/23  19:00:00,65596760.40804964 
 02/23  20:00:00,85293347.0802988 
 02/23  21:00:00,100181972.24685894 
 02/23  22:00:00,115633269.07213013 
 02/23  23:00:00,126596666.20687322 
 02/23  24:00:00,118053026.60555157 
 02/24  01:00:00,117765130.77413787 
 02/24  02:00:00,119037313.55332738 
 02/24  03:00:00,121371991.31301461 
 02/24  04:00:00,125036978.85595886 
 02/24  05:00:00,127767291.66517603 
 02/24  06:00:00,129233670.25544073 
 02/24  07:00:00,131185043.02134636 
 02/24  08:00:00,132819260.5159132 
 02/24  09:00:00,130250047.38810465 
 02/24  10:00:00,114512123.09882835 
 02/24  11:00:00,96980296.04379292 
 02/24  12:00:00,97549998.84598777 
 02/24  13:00:00,83592019.84096266 
 02/24  14:00:00,77050291.0489285 
 02/24  15:00:00,71553035.66423991 
 02/24  16:00:00,52036199.47303596 
 02/24  17:00:00,47178557.313818954 
 02/24  18:00:00,64357198.877461866 
 02/24  19:00:00,65934919.99959013 
 02/24  20:00:00,72867244.84567735 
 02/24  21:00:00,87204820.37928113 
 02/24  22:00:00,96951705.04582664 
 02/24  23:00:00,96881788.86574525 
 02/24  24:00:00,108001565.11104651 
 02/25  01:00:00,115399806.06742433 
 02/25  02:00:00,120284365.98905915 
 02/25  03:00:00,125539833.72552681 
 02/25  04:00:00,130969857.01348898 
 02/25  05:00:00,135713367.47539687 
 02/25  06:00:00,138570899.96708867 
 02/25  07:00:00,141741158.80606848 
 02/25  08:00:00,144280021.0933545 
 02/25  09:00:00,143863928.91807163 
 02/25  10:00:00,122052214.11488315 
 02/25  11:00:00,95253946.94095272 
 02/25  12:00:00,91483976.28511512 
 02/25  13:00:00,74201404.53602323 
 02/25  14:00:00,65147339.81574909 
 02/25  15:00:00,57695826.52107629 
 02/25  16:00:00,40012390.00819205 
 02/25  17:00:00,36865831.7621193 
 02/25  18:00:00,55719611.829707816 
 02/25  19:00:00,58061244.39688912 
 02/25  20:00:00,62951733.71454261 
 02/25  21:00:00,65939279.534131825 
 02/25  22:00:00,68609725.81306645 
 02/25  23:00:00,74218793.33512914 
 02/25  24:00:00,82750568.81071196 
 02/26  01:00:00,90168518.5041616 
 02/26  02:00:00,92986399.80505748 
 02/26  03:00:00,95048758.5945465 
 02/26  04:00:00,98042268.54253441 
 02/26  05:00:00,99780091.77359915 
 02/26  06:00:00,100393852.35358213 
 02/26  07:00:00,102454553.97800301 
 02/26  08:00:00,103677942.52276139 
 02/26  09:00:00,100493813.11174868 
 02/26  10:00:00,85614292.52672146 
 02/26  11:00:00,69361286.61889829 
 02/26  12:00:00,75572757.62602024 
 02/26  13:00:00,70942386.3027235 
 02/26  14:00:00,73436419.39508551 
 02/26  15:00:00,76937731.8815906 
 02/26  16:00:00,63171563.678896315 
 02/26  17:00:00,56228665.970927455 
 02/26  18:00:00,71013786.02711193 
 02/26  19:00:00,76657605.66249734 
 02/26  20:00:00,82688576.50889273 
 02/26  21:00:00,86775842.25711747 
 02/26  22:00:00,86587887.98452419 
 02/26  23:00:00,81220812.53272785 
 02/26  24:00:00,84757303.22473222 
 02/27  01:00:00,87768899.51806298 
 02/27  02:00:00,91667779.61426814 
 02/27  03:00:00,93682211.58408202 
 02/27  04:00:00,96179220.90877828 
 02/27  05:00:00,100390774.37872596 
 02/27  06:00:00,102599372.29211998 
 02/27  07:00:00,104933460.08735144 
 02/27  08:00:00,107060111.54635605 
 02/27  09:00:00,104772060.58839409 
 02/27  10:00:00,97209398.719762 
 02/27  11:00:00,89450660.9301776 
 02/27  12:00:00,94666303.14053746 
 02/27  13:00:00,82817932.1408846 
 02/27  14:00:00,75314029.35442099 
 02/27  15:00:00,68252319.64064896 
 02/27  16:00:00,49836352.9725129 
 02/27  17:00:00,45349146.08611283 
 02/27  18:00:00,62662913.374805614 
 02/27  19:00:00,68428175.93302941 
 02/27  20:00:00,85359134.2941684 
 02/27  21:00:00,94840253.1426483 
 02/27  22:00:00,88445933.16804269 
 02/27  23:00:00,83617880.66336854 
 02/27  24:00:00,91344992.66678905 
 02/28  01:00:00,96108944.00433935 
 02/28  02:00:00,98827912.07333314 
 02/28  03:00:00,99347899.85498038 
 02/28  04:00:00,100535908.5033706 
 02/28  05:00:00,101616428.4842519 
 02/28  06:00:00,103735108.7764314 
 02/28  07:00:00,109081958.68825586 
 02/28  08:00:00,115758936.83034806 
 02/28  09:00:00,113802776.38342422 
 02/28  10:00:00,102131062.96242215 
 02/28  11:00:00,92839918.20638266 
 02/28  12:00:00,97544864.53082773 
 02/28  13:00:00,85024178.09581602 
 02/28  14:00:00,76901203.62899232 
 02/28  15:00:00,71890699.60916655 
 02/28  16:00:00,53726775.67185802 
 02/28  17:00:00,46607384.64179209 
 02/28  18:00:00,64320578.788660005 
 02/28  19:00:00,72002501.17967252 
 02/28  20:00:00,82101833.21255046 
 02/28  21:00:00,87195802.12903892 
 02/28  22:00:00,85243065.97762288 
 02/28  23:00:00,79227817.83220056 
 02/28  24:00:00,81596699.60888627 
 03/01  01:00:00,85829239.55238931 
 03/01  02:00:00,89608664.83631101 
 03/01  03:00:00,91108414.28290029 
 03/01  04:00:00,94018906.63660511 
 03/01  05:00:00,98029747.76061696 
 03/01  06:00:00,99618520.68471098 
 03/01  07:00:00,99489810.9818845 
 03/01  08:00:00,100708142.19559848 
 03/01  09:00:00,100383749.40026988 
 03/01  10:00:00,93628855.21640874 
 03/01  11:00:00,86129613.92263024 
 03/01  12:00:00,89681479.45439509 
 03/01  13:00:00,77928847.85833362 
 03/01  14:00:00,78054793.51302695 
 03/01  15:00:00,76500888.59000048 
 03/01  16:00:00,59429404.9981969 
 03/01  17:00:00,57819882.46033747 
 03/01  18:00:00,73942717.61878082 
 03/01  19:00:00,76983316.97278088 
 03/01  20:00:00,83146696.21358408 
 03/01  21:00:00,86307331.80027448 
 03/01  22:00:00,85325729.44307935 
 03/01  23:00:00,81619779.20278783 
 03/01  24:00:00,87313561.08577643 
 03/02  01:00:00,95150558.93159565 
 03/02  02:00:00,100074864.71676075 
 03/02  03:00:00,101932818.38591799 
 03/02  04:00:00,105683059.2571285 
 03/02  05:00:00,108506591.58900726 
 03/02  06:00:00,110770221.04718079 
 03/02  07:00:00,112224217.42857584 
 03/02  08:00:00,111226930.94361322 
 03/02  09:00:00,106833148.68470532 
 03/02  10:00:00,96524847.33044606 
 03/02  11:00:00,88620693.55635351 
 03/02  12:00:00,88694452.20995328 
 03/02  13:00:00,97208122.5583446 
 03/02  14:00:00,100573386.98235223 
 03/02  15:00:00,96465805.69419187 
 03/02  16:00:00,92321339.16142756 
 03/02  17:00:00,84186163.95557563 
 03/02  18:00:00,73387377.01664518 
 03/02  19:00:00,86366171.57372896 
 03/02  20:00:00,96972636.82894051 
 03/02  21:00:00,95547795.12741956 
 03/02  22:00:00,96645937.95980872 
 03/02  23:00:00,98621144.71578535 
 03/02  24:00:00,92259832.0523502 
 03/03  01:00:00,94062827.54872112 
 03/03  02:00:00,95796552.9718386 
 03/03  03:00:00,100645215.01337083 
 03/03  04:00:00,105695463.03050971 
 03/03  05:00:00,107515674.80925113 
 03/03  06:00:00,107775415.8705543 
 03/03  07:00:00,110157991.26524243 
 03/03  08:00:00,113999574.24319041 
 03/03  09:00:00,113606772.10684007 
 03/03  10:00:00,99531305.46941584 
 03/03  11:00:00,82308053.31072885 
 03/03  12:00:00,81536114.66224794 
 03/03  13:00:00,68107178.79367714 
 03/03  14:00:00,62467653.30388032 
 03/03  15:00:00,58952542.090726644 
 03/03  16:00:00,42411373.87400321 
 03/03  17:00:00,37760239.34208239 
 03/03  18:00:00,55198293.52914776 
 03/03  19:00:00,60488088.118694864 
 03/03  20:00:00,67478789.9272231 
 03/03  21:00:00,73028335.17020053 
 03/03  22:00:00,72158843.03108072 
 03/03  23:00:00,65373794.278862104 
 03/03  24:00:00,69591100.35470536 
 03/04  01:00:00,73497010.23025435 
 03/04  02:00:00,75975116.21476659 
 03/04  03:00:00,78192326.23553212 
 03/04  04:00:00,80649902.9218148 
 03/04  05:00:00,79602184.77124026 
 03/04  06:00:00,79588471.93511662 
 03/04  07:00:00,80985240.42436397 
 03/04  08:00:00,79489228.85039924 
 03/04  09:00:00,79468196.20546877 
 03/04  10:00:00,80130787.31736378 
 03/04  11:00:00,80668428.30116303 
 03/04  12:00:00,97669812.86395052 
 03/04  13:00:00,97889866.80833334 
 03/04  14:00:00,98701873.06970786 
 03/04  15:00:00,99044979.34787586 
 03/04  16:00:00,82180469.6384857 
 03/04  17:00:00,75837275.36190064 
 03/04  18:00:00,90646289.90028507 
 03/04  19:00:00,90658521.7105533 
 03/04  20:00:00,91372973.32651885 
 03/04  21:00:00,91828894.46856065 
 03/04  22:00:00,87405956.55197044 
 03/04  23:00:00,75777443.60252087 
 03/04  24:00:00,78732994.52117923 
 03/05  01:00:00,82324667.65955088 
 03/05  02:00:00,82608663.12441391 
 03/05  03:00:00,82832399.19706188 
 03/05  04:00:00,83800678.92496178 
 03/05  05:00:00,86699721.5672546 
 03/05  06:00:00,89086673.12762201 
 03/05  07:00:00,90702207.24705233 
 03/05  08:00:00,92538204.7645395 
 03/05  09:00:00,94811763.27441798 
 03/05  10:00:00,89781255.45101139 
 03/05  11:00:00,81280013.5133644 
 03/05  12:00:00,84966212.43458194 
 03/05  13:00:00,71383354.12693222 
 03/05  14:00:00,63147718.71447322 
 03/05  15:00:00,55685617.48120536 
 03/05  16:00:00,37492718.87169318 
 03/05  17:00:00,34836939.24295293 
 03/05  18:00:00,54568818.63743594 
 03/05  19:00:00,46483326.907703795 
 03/05  20:00:00,51045767.76451716 
 03/05  21:00:00,63611510.59733816 
 03/05  22:00:00,63660333.08098395 
 03/05  23:00:00,65074837.374661624 
 03/05  24:00:00,70747518.95365636 
 03/06  01:00:00,74323308.55251575 
 03/06  02:00:00,72232028.41676949 
 03/06  03:00:00,71329565.7512376 
 03/06  04:00:00,74056170.23975138 
 03/06  05:00:00,79882423.89724642 
 03/06  06:00:00,84935109.72885413 
 03/06  07:00:00,87809737.8823992 
 03/06  08:00:00,92649359.89500847 
 03/06  09:00:00,89344659.09179896 
 03/06  10:00:00,74036957.37124442 
 03/06  11:00:00,63136818.955879465 
 03/06  12:00:00,69763295.14129464 
 03/06  13:00:00,58561562.559587345 
 03/06  14:00:00,53022910.383665584 
 03/06  15:00:00,53317039.86817967 
 03/06  16:00:00,37132061.39291756 
 03/06  17:00:00,32590825.167712778 
 03/06  18:00:00,49681892.18883959 
 03/06  19:00:00,51640530.2501673 
 03/06  20:00:00,63246334.819046035 
 03/06  21:00:00,77123020.53760397 
 03/06  22:00:00,78490401.30384263 
 03/06  23:00:00,68703493.8314461 
 03/06  24:00:00,74259438.41563587 
 03/07  01:00:00,80699484.99893448 
 03/07  02:00:00,82968820.19801557 
 03/07  03:00:00,86019407.05064844 
 03/07  04:00:00,85072015.33202812 
 03/07  05:00:00,81844021.75575675 
 03/07  06:00:00,82921997.66428114 
 03/07  07:00:00,88445550.68132497 
 03/07  08:00:00,95063829.81509061 
 03/07  09:00:00,92087347.59791026 
 03/07  10:00:00,73116071.40203281 
 03/07  11:00:00,56732309.675990604 
 03/07  12:00:00,61815868.56487894 
 03/07  13:00:00,51535942.09117536 
 03/07  14:00:00,46318808.120072626 
 03/07  15:00:00,41916592.337146565 
 03/07  16:00:00,24049040.80842685 
 03/07  17:00:00,20762386.818440184 
 03/07  18:00:00,39516207.310621515 
 03/07  19:00:00,53317987.222855866 
 03/07  20:00:00,71628854.07662506 
 03/07  21:00:00,78440667.2412903 
 03/07  22:00:00,77810410.66143034 
 03/07  23:00:00,72403556.29405466 
 03/07  24:00:00,77071576.8414127 
 03/08  01:00:00,82092530.93889979 
 03/08  02:00:00,84670517.69710487 
 03/08  03:00:00,86743450.3348964 
 03/08  04:00:00,90668812.42751044 
 03/08  05:00:00,96220316.27176669 
 03/08  06:00:00,99251277.098941 
 03/08  07:00:00,97871042.95397624 
 03/08  08:00:00,98427308.67907593 
 03/08  09:00:00,94865847.38548239 
 03/08  10:00:00,79032132.2773001 
 03/08  11:00:00,66746694.10938838 
 03/08  12:00:00,72681543.10686365 
 03/08  13:00:00,62092126.23390736 
 03/08  14:00:00,55311566.75319623 
 03/08  15:00:00,49961493.5839851 
 03/08  16:00:00,34139499.02279454 
 03/08  17:00:00,32399700.96685945 
 03/08  18:00:00,51713034.50885522 
 03/08  19:00:00,55974458.97289097 
 03/08  20:00:00,62106673.8826231 
 03/08  21:00:00,67796084.55631721 
 03/08  22:00:00,77562738.49186209 
 03/08  23:00:00,85257764.2215784 
 03/08  24:00:00,96254479.70021856 
 03/09  01:00:00,102536892.58027536 
 03/09  02:00:00,105015159.50575316 
 03/09  03:00:00,105408822.35947128 
 03/09  04:00:00,104348944.66218156 
 03/09  05:00:00,104769869.90762645 
 03/09  06:00:00,106737841.05244043 
 03/09  07:00:00,110743436.37910584 
 03/09  08:00:00,114300124.18674393 
 03/09  09:00:00,106743500.14384195 
 03/09  10:00:00,86448851.43397166 
 03/09  11:00:00,69039916.67675184 
 03/09  12:00:00,55406562.071211256 
 03/09  13:00:00,51167094.96673079 
 03/09  14:00:00,50931693.2644571 
 03/09  15:00:00,45107698.284845166 
 03/09  16:00:00,42001700.32324924 
 03/09  17:00:00,34907035.20923064 
 03/09  18:00:00,23970710.254691474 
 03/09  19:00:00,34809013.20824681 
 03/09  20:00:00,49488670.44994302 
 03/09  21:00:00,61829598.051101506 
 03/09  22:00:00,78633522.72689414 
 03/09  23:00:00,90489703.34056145 
 03/09  24:00:00,86818033.33925006 
 03/10  01:00:00,90384244.33939455 
 03/10  02:00:00,89372101.281852 
 03/10  03:00:00,91314456.82699293 
 03/10  04:00:00,97411165.54073188 
 03/10  05:00:00,103390248.41915843 
 03/10  06:00:00,108230377.99048838 
 03/10  07:00:00,110693381.37700297 
 03/10  08:00:00,111299458.62735035 
 03/10  09:00:00,108018305.4007022 
 03/10  10:00:00,91468129.79787856 
 03/10  11:00:00,72645979.1081546 
 03/10  12:00:00,72046829.89932519 
 03/10  13:00:00,60858190.79663995 
 03/10  14:00:00,57481432.91409756 
 03/10  15:00:00,54048585.24930943 
 03/10  16:00:00,38623426.00344547 
 03/10  17:00:00,36742646.36267382 
 03/10  18:00:00,53379022.7491258 
 03/10  19:00:00,47622896.8780218 
 03/10  20:00:00,52740855.48628466 
 03/10  21:00:00,59333588.84809879 
 03/10  22:00:00,60924065.18938335 
 03/10  23:00:00,70675808.5823786 
 03/10  24:00:00,75408845.77559237 
 03/11  01:00:00,73784743.55963019 
 03/11  02:00:00,79530990.18429634 
 03/11  03:00:00,90725601.13291496 
 03/11  04:00:00,98503853.3232336 
 03/11  05:00:00,101437910.64817594 
 03/11  06:00:00,100174802.05611731 
 03/11  07:00:00,98046238.79103795 
 03/11  08:00:00,99566540.48997144 
 03/11  09:00:00,98492441.70270747 
 03/11  10:00:00,90437030.29675022 
 03/11  11:00:00,78932922.32763079 
 03/11  12:00:00,80972618.74137987 
 03/11  13:00:00,68435860.98048085 
 03/11  14:00:00,63871702.59486039 
 03/11  15:00:00,61227674.030766025 
 03/11  16:00:00,44497390.291450575 
 03/11  17:00:00,41824977.84534891 
 03/11  18:00:00,60390611.04493754 
 03/11  19:00:00,55077280.436305165 
 03/11  20:00:00,53828824.75445029 
 03/11  21:00:00,65067205.563119516 
 03/11  22:00:00,81298078.0125762 
 03/11  23:00:00,94611298.5042727 
 03/11  24:00:00,101812291.89207418 
 03/12  01:00:00,104483526.1265918 
 03/12  02:00:00,103042667.49008784 
 03/12  03:00:00,103310356.86695832 
 03/12  04:00:00,107173263.81121288 
 03/12  05:00:00,111522174.04100591 
 03/12  06:00:00,113983642.58108662 
 03/12  07:00:00,116454505.39464584 
 03/12  08:00:00,118178201.42181706 
 03/12  09:00:00,114136937.29685137 
 03/12  10:00:00,92352723.48940162 
 03/12  11:00:00,71077641.74337254 
 03/12  12:00:00,72275742.65040751 
 03/12  13:00:00,57456979.28022474 
 03/12  14:00:00,49327044.69095709 
 03/12  15:00:00,42863237.744801775 
 03/12  16:00:00,24392948.5733571 
 03/12  17:00:00,20004582.342190344 
 03/12  18:00:00,36028473.98056202 
 03/12  19:00:00,39950738.753448315 
 03/12  20:00:00,57941678.561483115 
 03/12  21:00:00,74544939.1711277 
 03/12  22:00:00,76878492.68863647 
 03/12  23:00:00,74388571.31277554 
 03/12  24:00:00,83349310.27296747 
 03/13  01:00:00,88850191.91531412 
 03/13  02:00:00,92765240.2509992 
 03/13  03:00:00,96336534.84971635 
 03/13  04:00:00,100827824.98457408 
 03/13  05:00:00,104110099.0842264 
 03/13  06:00:00,105722199.53541937 
 03/13  07:00:00,108655828.18028347 
 03/13  08:00:00,110905952.25187074 
 03/13  09:00:00,106533517.09163274 
 03/13  10:00:00,84358699.27411386 
 03/13  11:00:00,61772289.14003761 
 03/13  12:00:00,60927413.3456866 
 03/13  13:00:00,45814685.65855322 
 03/13  14:00:00,36878320.32189625 
 03/13  15:00:00,29751435.308371805 
 03/13  16:00:00,9998873.837276269 
 03/13  17:00:00,5251675.837639393 
 03/13  18:00:00,23468034.28862784 
 03/13  19:00:00,33218030.90340884 
 03/13  20:00:00,54750303.0644187 
 03/13  21:00:00,67882208.09002903 
 03/13  22:00:00,69970170.36176215 
 03/13  23:00:00,68837031.60197116 
 03/13  24:00:00,77653424.56054032 
 03/14  01:00:00,82812064.24300438 
 03/14  02:00:00,85314326.13946047 
 03/14  03:00:00,88211152.82036173 
 03/14  04:00:00,92704892.91015753 
 03/14  05:00:00,97236504.51635443 
 03/14  06:00:00,99977613.75253898 
 03/14  07:00:00,103424530.31267539 
 03/14  08:00:00,105681817.03082201 
 03/14  09:00:00,100618105.77215497 
 03/14  10:00:00,78277554.24424739 
 03/14  11:00:00,57370517.73445644 
 03/14  12:00:00,57592461.057273716 
 03/14  13:00:00,42326972.52710822 
 03/14  14:00:00,33873339.86634887 
 03/14  15:00:00,27552053.438651074 
 03/14  16:00:00,9014132.660082284 
 03/14  17:00:00,4689738.438404817 
 03/14  18:00:00,23054552.51839568 
 03/14  19:00:00,28478898.00262267 
 03/14  20:00:00,43236664.11234742 
 03/14  21:00:00,56637217.17942555 
 03/14  22:00:00,68356216.23691656 
 03/14  23:00:00,78583011.42062552 
 03/14  24:00:00,86877681.99873137 
 03/15  01:00:00,93727930.01358324 
 03/15  02:00:00,94810491.28425932 
 03/15  03:00:00,96934089.58636035 
 03/15  04:00:00,103418294.01136783 
 03/15  05:00:00,109122249.37084664 
 03/15  06:00:00,113211358.95852283 
 03/15  07:00:00,115804942.46986738 
 03/15  08:00:00,114756311.44655858 
 03/15  09:00:00,105359041.41455409 
 03/15  10:00:00,78366151.16575369 
 03/15  11:00:00,51954749.07311337 
 03/15  12:00:00,48924590.999905966 
 03/15  13:00:00,33318235.770853285 
 03/15  14:00:00,21719879.477887712 
 03/15  15:00:00,11888459.956726804 
 03/15  16:00:00,0.0 
 03/15  17:00:00,0.0 
 03/15  18:00:00,0.0 
 03/15  19:00:00,2525720.790172974 
 03/15  20:00:00,19770502.68117856 
 03/15  21:00:00,33420969.406712644 
 03/15  22:00:00,34971363.29388579 
 03/15  23:00:00,33920677.60535265 
 03/15  24:00:00,45967765.54018305 
 03/16  01:00:00,60131253.385202795 
 03/16  02:00:00,69448464.20683125 
 03/16  03:00:00,74018413.07947975 
 03/16  04:00:00,78604717.83315164 
 03/16  05:00:00,84405611.4725404 
 03/16  06:00:00,89551184.5621573 
 03/16  07:00:00,86109427.72368766 
 03/16  08:00:00,81570771.88246933 
 03/16  09:00:00,80348647.86960056 
 03/16  10:00:00,68205729.77227885 
 03/16  11:00:00,55164839.19041532 
 03/16  12:00:00,39627392.644016325 
 03/16  13:00:00,31782210.744321857 
 03/16  14:00:00,30699719.94119422 
 03/16  15:00:00,22885688.776655775 
 03/16  16:00:00,15957687.754527692 
 03/16  17:00:00,7085816.593975271 
 03/16  18:00:00,0.0 
 03/16  19:00:00,10387085.975850165 
 03/16  20:00:00,22524835.659501728 
 03/16  21:00:00,33380794.269166008 
 03/16  22:00:00,52882464.259050995 
 03/16  23:00:00,64102651.217641935 
 03/16  24:00:00,55449611.30925113 
 03/17  01:00:00,54757043.722707994 
 03/17  02:00:00,58240161.12001939 
 03/17  03:00:00,64332961.835880764 
 03/17  04:00:00,69906670.95335588 
 03/17  05:00:00,74737780.62877965 
 03/17  06:00:00,78664354.38281175 
 03/17  07:00:00,85087689.1838179 
 03/17  08:00:00,88111590.68619974 
 03/17  09:00:00,80523417.66842552 
 03/17  10:00:00,60060237.78726546 
 03/17  11:00:00,41852985.810626626 
 03/17  12:00:00,42258889.09189767 
 03/17  13:00:00,27176113.649718866 
 03/17  14:00:00,18914234.53338314 
 03/17  15:00:00,11088936.044933252 
 03/17  16:00:00,0.0 
 03/17  17:00:00,0.0 
 03/17  18:00:00,0.0 
 03/17  19:00:00,0.0 
 03/17  20:00:00,4195828.131787246 
 03/17  21:00:00,15442600.387881696 
 03/17  22:00:00,24789580.617387105 
 03/17  23:00:00,32653406.11597302 
 03/17  24:00:00,38646771.97591912 
 03/18  01:00:00,44374508.375096165 
 03/18  02:00:00,49143969.64492585 
 03/18  03:00:00,56055307.12788112 
 03/18  04:00:00,65883917.874026224 
 03/18  05:00:00,73612029.16810668 
 03/18  06:00:00,77515675.26106092 
 03/18  07:00:00,80167588.78101188 
 03/18  08:00:00,82756698.34962934 
 03/18  09:00:00,78710421.47633946 
 03/18  10:00:00,62354129.51159261 
 03/18  11:00:00,49787800.39407927 
 03/18  12:00:00,53935758.537414275 
 03/18  13:00:00,40104310.438413665 
 03/18  14:00:00,30977832.72642328 
 03/18  15:00:00,23386591.0242989 
 03/18  16:00:00,2555293.6457600445 
 03/18  17:00:00,0.0 
 03/18  18:00:00,8855918.066819735 
 03/18  19:00:00,13102650.146048447 
 03/18  20:00:00,26355890.294175297 
 03/18  21:00:00,40646723.704072535 
 03/18  22:00:00,43130197.371112645 
 03/18  23:00:00,36152795.97100632 
 03/18  24:00:00,40838779.70798663 
 03/19  01:00:00,46514088.69412104 
 03/19  02:00:00,52104804.016835675 
 03/19  03:00:00,59237692.02438668 
 03/19  04:00:00,64109064.24028245 
 03/19  05:00:00,64965418.40482789 
 03/19  06:00:00,65531655.893901505 
 03/19  07:00:00,67080450.96760216 
 03/19  08:00:00,70073777.69089532 
 03/19  09:00:00,65557034.24740503 
 03/19  10:00:00,48522488.47816056 
 03/19  11:00:00,32831797.419110924 
 03/19  12:00:00,34786702.027996466 
 03/19  13:00:00,22038497.34917174 
 03/19  14:00:00,15658293.092680259 
 03/19  15:00:00,11460605.258236289 
 03/19  16:00:00,0.0 
 03/19  17:00:00,0.0 
 03/19  18:00:00,3530070.1609795215 
 03/19  19:00:00,13045102.591818595 
 03/19  20:00:00,27669565.019046187 
 03/19  21:00:00,39536301.0506982 
 03/19  22:00:00,45386235.34347153 
 03/19  23:00:00,44457597.249269836 
 03/19  24:00:00,49063242.891779214 
 03/20  01:00:00,52708297.23190774 
 03/20  02:00:00,56426098.074089766 
 03/20  03:00:00,60911153.80914719 
 03/20  04:00:00,69838740.81615332 
 03/20  05:00:00,78325128.14922771 
 03/20  06:00:00,83201661.81400013 
 03/20  07:00:00,83851447.43052387 
 03/20  08:00:00,82348724.23892774 
 03/20  09:00:00,77930928.2057023 
 03/20  10:00:00,64784281.81650709 
 03/20  11:00:00,52854798.77364293 
 03/20  12:00:00,53568184.403713316 
 03/20  13:00:00,36289801.13312554 
 03/20  14:00:00,27039280.372392736 
 03/20  15:00:00,20678748.875829652 
 03/20  16:00:00,2545458.6330314633 
 03/20  17:00:00,0.0 
 03/20  18:00:00,15217817.859248515 
 03/20  19:00:00,21797887.59193153 
 03/20  20:00:00,32023531.537193924 
 03/20  21:00:00,43165170.841186404 
 03/20  22:00:00,52240060.231066614 
 03/20  23:00:00,51869574.21716641 
 03/20  24:00:00,50615031.17650598 
 03/21  01:00:00,49292551.93473352 
 03/21  02:00:00,51217880.20966581 
 03/21  03:00:00,56397779.494559534 
 03/21  04:00:00,65023100.803948246 
 03/21  05:00:00,70369107.85768297 
 03/21  06:00:00,72186503.12177937 
 03/21  07:00:00,73581142.15522873 
 03/21  08:00:00,73787902.77999784 
 03/21  09:00:00,67626290.03808427 
 03/21  10:00:00,48074453.21123572 
 03/21  11:00:00,30838070.698086526 
 03/21  12:00:00,32928810.670601487 
 03/21  13:00:00,19341429.18570461 
 03/21  14:00:00,13305215.078587785 
 03/21  15:00:00,10456979.068696477 
 03/21  16:00:00,0.0 
 03/21  17:00:00,0.0 
 03/21  18:00:00,5951287.580352486 
 03/21  19:00:00,8662852.512592496 
 03/21  20:00:00,13967305.648119211 
 03/21  21:00:00,22594379.831404895 
 03/21  22:00:00,27409953.013199966 
 03/21  23:00:00,29910078.202078402 
 03/21  24:00:00,30583079.33593565 
 03/22  01:00:00,33206378.278488062 
 03/22  02:00:00,36790019.51550327 
 03/22  03:00:00,40934642.80963981 
 03/22  04:00:00,47920590.65054601 
 03/22  05:00:00,53521946.167687565 
 03/22  06:00:00,56951043.737104304 
 03/22  07:00:00,61862056.533587195 
 03/22  08:00:00,60994389.17658418 
 03/22  09:00:00,53286947.584007174 
 03/22  10:00:00,41067313.12708883 
 03/22  11:00:00,27267447.047784038 
 03/22  12:00:00,30387860.356459655 
 03/22  13:00:00,18722194.216838896 
 03/22  14:00:00,11181906.657468526 
 03/22  15:00:00,6444328.645717492 
 03/22  16:00:00,0.0 
 03/22  17:00:00,0.0 
 03/22  18:00:00,7223497.263007541 
 03/22  19:00:00,17784349.513068862 
 03/22  20:00:00,28873206.455781218 
 03/22  21:00:00,34561816.959576376 
 03/22  22:00:00,32363707.293670908 
 03/22  23:00:00,23293949.001144946 
 03/22  24:00:00,23496689.372798055 
 03/23  01:00:00,24634031.401283644 
 03/23  02:00:00,26656725.189337343 
 03/23  03:00:00,27589763.653708413 
 03/23  04:00:00,28959368.83862042 
 03/23  05:00:00,30004425.20639137 
 03/23  06:00:00,32041667.12546458 
 03/23  07:00:00,34850317.70805898 
 03/23  08:00:00,36139939.06953943 
 03/23  09:00:00,34647029.521935105 
 03/23  10:00:00,31492999.140075088 
 03/23  11:00:00,27572212.457584362 
 03/23  12:00:00,22062903.02933499 
 03/23  13:00:00,28525409.952996653 
 03/23  14:00:00,33650153.09478699 
 03/23  15:00:00,29004148.1851395 
 03/23  16:00:00,33068626.358009063 
 03/23  17:00:00,38229399.23720167 
 03/23  18:00:00,35728803.89467876 
 03/23  19:00:00,55632849.63686283 
 03/23  20:00:00,75225804.74224119 
 03/23  21:00:00,78858784.96660748 
 03/23  22:00:00,80594733.16995722 
 03/23  23:00:00,84539979.23191857 
 03/23  24:00:00,76287479.15055032 
 03/24  01:00:00,76997601.29950438 
 03/24  02:00:00,78256197.24544281 
 03/24  03:00:00,80769899.31389304 
 03/24  04:00:00,85480704.27182588 
 03/24  05:00:00,90408776.58668818 
 03/24  06:00:00,93127272.0758999 
 03/24  07:00:00,94737563.87851226 
 03/24  08:00:00,97853858.5089405 
 03/24  09:00:00,101315963.49699408 
 03/24  10:00:00,98737039.56611758 
 03/24  11:00:00,94758320.31363444 
 03/24  12:00:00,105796459.77403641 
 03/24  13:00:00,96727237.65271786 
 03/24  14:00:00,88069021.9937273 
 03/24  15:00:00,80822377.92541681 
 03/24  16:00:00,63659896.98380492 
 03/24  17:00:00,67203917.24341814 
 03/24  18:00:00,92391139.87874298 
 03/24  19:00:00,97894391.36794901 
 03/24  20:00:00,102066092.88891998 
 03/24  21:00:00,103180668.95653024 
 03/24  22:00:00,101068006.39295204 
 03/24  23:00:00,95246901.26620252 
 03/24  24:00:00,100954040.84341285 
 03/25  01:00:00,106442649.48264231 
 03/25  02:00:00,111501306.54467575 
 03/25  03:00:00,116294120.80548218 
 03/25  04:00:00,122403433.97252442 
 03/25  05:00:00,127135534.37852232 
 03/25  06:00:00,128016249.81602499 
 03/25  07:00:00,126892023.55615567 
 03/25  08:00:00,125405091.86014189 
 03/25  09:00:00,116650262.85810144 
 03/25  10:00:00,94735999.43486705 
 03/25  11:00:00,74584940.01188873 
 03/25  12:00:00,76548287.36106077 
 03/25  13:00:00,67576237.79924057 
 03/25  14:00:00,65237122.56002615 
 03/25  15:00:00,64244596.20314533 
 03/25  16:00:00,52510962.36029815 
 03/25  17:00:00,52251284.9956569 
 03/25  18:00:00,69873698.91061638 
 03/25  19:00:00,74418811.24082963 
 03/25  20:00:00,81304468.94222711 
 03/25  21:00:00,85916225.77806129 
 03/25  22:00:00,85659226.50647911 
 03/25  23:00:00,79928600.18515667 
 03/25  24:00:00,82210217.77696861 
 03/26  01:00:00,85058644.69192956 
 03/26  02:00:00,88007049.40237942 
 03/26  03:00:00,89151959.08026055 
 03/26  04:00:00,91845542.79182038 
 03/26  05:00:00,94266148.93805897 
 03/26  06:00:00,94914217.52124667 
 03/26  07:00:00,95477851.44813268 
 03/26  08:00:00,96177027.44648835 
 03/26  09:00:00,95279965.22541879 
 03/26  10:00:00,85559596.68617389 
 03/26  11:00:00,76914665.7644209 
 03/26  12:00:00,87064991.15537754 
 03/26  13:00:00,78459416.6271808 
 03/26  14:00:00,74096765.57660967 
 03/26  15:00:00,74250150.48130111 
 03/26  16:00:00,63355249.205760635 
 03/26  17:00:00,61439162.3703547 
 03/26  18:00:00,77296952.03073516 
 03/26  19:00:00,71200657.64432964 
 03/26  20:00:00,65616369.329068564 
 03/26  21:00:00,70297888.50296165 
 03/26  22:00:00,76280133.6553265 
 03/26  23:00:00,76241447.58931147 
 03/26  24:00:00,73564725.88215551 
 03/27  01:00:00,74370396.34619972 
 03/27  02:00:00,75709122.59347577 
 03/27  03:00:00,75624875.73734996 
 03/27  04:00:00,75499994.58657315 
 03/27  05:00:00,74913618.85756671 
 03/27  06:00:00,73202927.00082406 
 03/27  07:00:00,72198649.98784438 
 03/27  08:00:00,74448339.40454386 
 03/27  09:00:00,76277443.90177307 
 03/27  10:00:00,71566451.99739613 
 03/27  11:00:00,63514494.171987504 
 03/27  12:00:00,69738837.88124007 
 03/27  13:00:00,62587756.620043725 
 03/27  14:00:00,59969889.735476434 
 03/27  15:00:00,54162445.65040994 
 03/27  16:00:00,35606544.50769537 
 03/27  17:00:00,33165931.520508695 
 03/27  18:00:00,52915518.700214505 
 03/27  19:00:00,58115252.30941298 
 03/27  20:00:00,65417023.842940025 
 03/27  21:00:00,67905842.14713229 
 03/27  22:00:00,63121216.233818464 
 03/27  23:00:00,54095701.529574536 
 03/27  24:00:00,59962100.95657732 
 03/28  01:00:00,65766738.32027369 
 03/28  02:00:00,67655301.51919706 
 03/28  03:00:00,69526172.73007447 
 03/28  04:00:00,71677081.08421932 
 03/28  05:00:00,71443339.62432747 
 03/28  06:00:00,69068855.9734571 
 03/28  07:00:00,67277357.8272244 
 03/28  08:00:00,67892130.60760258 
 03/28  09:00:00,71680143.69703715 
 03/28  10:00:00,64862797.00456525 
 03/28  11:00:00,52713450.071553305 
 03/28  12:00:00,57978232.871263385 
 03/28  13:00:00,47260955.20944991 
 03/28  14:00:00,40218056.64322847 
 03/28  15:00:00,32806042.686098605 
 03/28  16:00:00,11752586.017379094 
 03/28  17:00:00,6626765.96541102 
 03/28  18:00:00,23649112.492080428 
 03/28  19:00:00,27557748.630377695 
 03/28  20:00:00,41859945.956140645 
 03/28  21:00:00,55196981.062754214 
 03/28  22:00:00,61156868.20950243 
 03/28  23:00:00,60857822.497844145 
 03/28  24:00:00,68872284.4842148 
 03/29  01:00:00,74857722.31921396 
 03/29  02:00:00,78450208.1260878 
 03/29  03:00:00,82231113.3448683 
 03/29  04:00:00,85894590.96942341 
 03/29  05:00:00,87847038.32056734 
 03/29  06:00:00,89073977.57178637 
 03/29  07:00:00,90787132.50088593 
 03/29  08:00:00,90769298.46410765 
 03/29  09:00:00,83076421.30606665 
 03/29  10:00:00,59715268.2513556 
 03/29  11:00:00,39284118.83104022 
 03/29  12:00:00,40286594.16127692 
 03/29  13:00:00,26215493.610077564 
 03/29  14:00:00,18642311.049494777 
 03/29  15:00:00,11633511.838566279 
 03/29  16:00:00,0.0 
 03/29  17:00:00,0.0 
 03/29  18:00:00,8086945.362678682 
 03/29  19:00:00,17861314.351389512 
 03/29  20:00:00,33568048.57050357 
 03/29  21:00:00,46334905.336760774 
 03/29  22:00:00,49756577.442605615 
 03/29  23:00:00,46700727.191754155 
 03/29  24:00:00,56838991.54960359 
 03/30  01:00:00,64282148.64722215 
 03/30  02:00:00,64993678.75963651 
 03/30  03:00:00,65817109.576629095 
 03/30  04:00:00,70578454.97299615 
 03/30  05:00:00,76846456.6525273 
 03/30  06:00:00,80227979.25732563 
 03/30  07:00:00,81714475.40388794 
 03/30  08:00:00,82363534.76849191 
 03/30  09:00:00,75700330.03182246 
 03/30  10:00:00,53371843.91859036 
 03/30  11:00:00,32628424.22008357 
 03/30  12:00:00,17016099.759911116 
 03/30  13:00:00,11727468.271525204 
 03/30  14:00:00,11591983.63770994 
 03/30  15:00:00,4779076.005250448 
 03/30  16:00:00,443292.7072090795 
 03/30  17:00:00,0.0 
 03/30  18:00:00,0.0 
 03/30  19:00:00,1116210.1153753465 
 03/30  20:00:00,25046444.647155024 
 03/30  21:00:00,36032138.87258365 
 03/30  22:00:00,47621811.225227214 
 03/30  23:00:00,61685577.0742252 
 03/30  24:00:00,59670895.61680507 
 03/31  01:00:00,64114321.394386984 
 03/31  02:00:00,65256485.775805846 
 03/31  03:00:00,64819218.33758872 
 03/31  04:00:00,67560650.0648186 
 03/31  05:00:00,70685379.14753616 
 03/31  06:00:00,71362078.17033255 
 03/31  07:00:00,71972220.56193338 
 03/31  08:00:00,73567333.88762449 
 03/31  09:00:00,67165263.57829165 
 03/31  10:00:00,41604091.94758187 
 03/31  11:00:00,19334756.90831433 
 03/31  12:00:00,20549608.490788937 
 03/31  13:00:00,6419503.796600901 
 03/31  14:00:00,251356.04367500637 
 03/31  15:00:00,0.0 
 03/31  16:00:00,0.0 
 03/31  17:00:00,0.0 
 03/31  18:00:00,0.0 
 03/31  19:00:00,0.0 
 03/31  20:00:00,0.0 
 03/31  21:00:00,0.0 
 03/31  22:00:00,334664.95352215134 
 03/31  23:00:00,8405723.549679272 
 03/31  24:00:00,17001599.66239601 
 04/01  01:00:00,25677517.247858692 
 04/01  02:00:00,32054422.512803137 
 04/01  03:00:00,40051949.750775285 
 04/01  04:00:00,52767118.402680315 
 04/01  05:00:00,63399306.46797011 
 04/01  06:00:00,67404373.30305883 
 04/01  07:00:00,69204052.6029872 
 04/01  08:00:00,69386361.24682768 
 04/01  09:00:00,62355859.926168986 
 04/01  10:00:00,41368852.61393753 
 04/01  11:00:00,21892452.29264286 
 04/01  12:00:00,25308161.125918668 
 04/01  13:00:00,13840175.868832067 
 04/01  14:00:00,6972015.16946163 
 04/01  15:00:00,2038165.2756541036 
 04/01  16:00:00,0.0 
 04/01  17:00:00,0.0 
 04/01  18:00:00,0.0 
 04/01  19:00:00,0.0 
 04/01  20:00:00,6359345.315611619 
 04/01  21:00:00,19184183.112564333 
 04/01  22:00:00,22636234.399206493 
 04/01  23:00:00,20578838.45946186 
 04/01  24:00:00,31469639.0447347 
 04/02  01:00:00,41236209.57353236 
 04/02  02:00:00,48498031.573589265 
 04/02  03:00:00,55992774.68843513 
 04/02  04:00:00,64607410.71771719 
 04/02  05:00:00,71695796.27953534 
 04/02  06:00:00,74597418.32527158 
 04/02  07:00:00,76200197.2357168 
 04/02  08:00:00,75489544.09314673 
 04/02  09:00:00,67275173.10777758 
 04/02  10:00:00,47329534.56915281 
 04/02  11:00:00,31645906.237139456 
 04/02  12:00:00,34628351.457796015 
 04/02  13:00:00,19917326.435076512 
 04/02  14:00:00,11128900.71492065 
 04/02  15:00:00,6059623.437666334 
 04/02  16:00:00,0.0 
 04/02  17:00:00,0.0 
 04/02  18:00:00,0.0 
 04/02  19:00:00,1753520.4367809 
 04/02  20:00:00,3939275.930751837 
 04/02  21:00:00,5210372.565332707 
 04/02  22:00:00,15815950.497649703 
 04/02  23:00:00,20998557.31746855 
 04/02  24:00:00,28247372.66093314 
 04/03  01:00:00,31776799.653808426 
 04/03  02:00:00,34014584.37126233 
 04/03  03:00:00,36780720.31785096 
 04/03  04:00:00,40207820.561214514 
 04/03  05:00:00,43095920.679891855 
 04/03  06:00:00,45685532.83236225 
 04/03  07:00:00,49222395.45487322 
 04/03  08:00:00,51217547.18820176 
 04/03  09:00:00,47323251.494363725 
 04/03  10:00:00,36618881.488189384 
 04/03  11:00:00,26497111.625825875 
 04/03  12:00:00,33825539.36152314 
 04/03  13:00:00,26585365.822586283 
 04/03  14:00:00,21372979.181632515 
 04/03  15:00:00,15966309.375955539 
 04/03  16:00:00,0.0 
 04/03  17:00:00,0.0 
 04/03  18:00:00,14033383.829734381 
 04/03  19:00:00,23306555.715456326 
 04/03  20:00:00,31109869.81640286 
 04/03  21:00:00,36683046.61281375 
 04/03  22:00:00,36853142.58761799 
 04/03  23:00:00,32966107.05795796 
 04/03  24:00:00,37852408.96035391 
 04/04  01:00:00,36340206.8414483 
 04/04  02:00:00,33857757.14488615 
 04/04  03:00:00,34219794.37940147 
 04/04  04:00:00,34702555.32102565 
 04/04  05:00:00,35220478.10634636 
 04/04  06:00:00,35956931.662849106 
 04/04  07:00:00,35572082.15759893 
 04/04  08:00:00,35483415.60056806 
 04/04  09:00:00,35113296.702907614 
 04/04  10:00:00,33207956.44797874 
 04/04  11:00:00,33227148.69032144 
 04/04  12:00:00,52615910.759163305 
 04/04  13:00:00,52569238.52097521 
 04/04  14:00:00,53613744.38215577 
 04/04  15:00:00,56149938.16941467 
 04/04  16:00:00,41199398.88138653 
 04/04  17:00:00,37501050.77373446 
 04/04  18:00:00,55012308.12813231 
 04/04  19:00:00,48487447.71036739 
 04/04  20:00:00,40299974.960904084 
 04/04  21:00:00,38518681.55198595 
 04/04  22:00:00,39146179.09438717 
 04/04  23:00:00,40303708.33196025 
 04/04  24:00:00,42021660.049564 
 04/05  01:00:00,43971835.44869379 
 04/05  02:00:00,48350518.166702494 
 04/05  03:00:00,51044898.2681043 
 04/05  04:00:00,50564652.39806807 
 04/05  05:00:00,50197574.714344874 
 04/05  06:00:00,48657592.52093942 
 04/05  07:00:00,46257885.55988185 
 04/05  08:00:00,45559606.812426075 
 04/05  09:00:00,45816838.94327183 
 04/05  10:00:00,43161982.17315493 
 04/05  11:00:00,37848566.38079602 
 04/05  12:00:00,47259112.05642564 
 04/05  13:00:00,41538015.93890435 
 04/05  14:00:00,44144206.48450319 
 04/05  15:00:00,45784470.69946191 
 04/05  16:00:00,28156147.97009337 
 04/05  17:00:00,22115194.526354857 
 04/05  18:00:00,37547888.791141935 
 04/05  19:00:00,38575766.56630333 
 04/05  20:00:00,43094138.78288605 
 04/05  21:00:00,47885434.950763315 
 04/05  22:00:00,47872046.80935684 
 04/05  23:00:00,42744842.102574445 
 04/05  24:00:00,47015940.10378153 
 04/06  01:00:00,49808661.44802471 
 04/06  02:00:00,51758603.12845157 
 04/06  03:00:00,52893869.239584915 
 04/06  04:00:00,53739204.4272216 
 04/06  05:00:00,54229271.53724456 
 04/06  06:00:00,54583125.41899193 
 04/06  07:00:00,55619118.809381604 
 04/06  08:00:00,53538862.42040041 
 04/06  09:00:00,46310758.05763111 
 04/06  10:00:00,30640774.584508106 
 04/06  11:00:00,16831873.31823288 
 04/06  12:00:00,4915606.117644255 
 04/06  13:00:00,1179198.9421549486 
 04/06  14:00:00,2767265.169840306 
 04/06  15:00:00,85060.36608377472 
 04/06  16:00:00,0.0 
 04/06  17:00:00,0.0 
 04/06  18:00:00,0.0 
 04/06  19:00:00,0.0 
 04/06  20:00:00,11562325.417781342 
 04/06  21:00:00,20612736.717028126 
 04/06  22:00:00,30269956.21645607 
 04/06  23:00:00,40489051.200743176 
 04/06  24:00:00,27685537.13317286 
 04/07  01:00:00,26031903.135490954 
 04/07  02:00:00,33683532.974744774 
 04/07  03:00:00,41081706.44770714 
 04/07  04:00:00,46407971.35513394 
 04/07  05:00:00,51491341.05295733 
 04/07  06:00:00,54417611.74877971 
 04/07  07:00:00,56070983.22091601 
 04/07  08:00:00,53919407.233835 
 04/07  09:00:00,44683751.88086992 
 04/07  10:00:00,22190179.676975127 
 04/07  11:00:00,2675490.575239342 
 04/07  12:00:00,4851634.6098604845 
 04/07  13:00:00,0.0 
 04/07  14:00:00,0.0 
 04/07  15:00:00,0.0 
 04/07  16:00:00,0.0 
 04/07  17:00:00,0.0 
 04/07  18:00:00,0.0 
 04/07  19:00:00,0.0 
 04/07  20:00:00,0.0 
 04/07  21:00:00,0.0 
 04/07  22:00:00,0.0 
 04/07  23:00:00,59653.258840763 
 04/07  24:00:00,9372918.639873806 
 04/08  01:00:00,14303465.39931747 
 04/08  02:00:00,16476766.913046202 
 04/08  03:00:00,19455652.403624896 
 04/08  04:00:00,25671915.408455253 
 04/08  05:00:00,31288568.299902864 
 04/08  06:00:00,34759411.17829489 
 04/08  07:00:00,37698815.8057781 
 04/08  08:00:00,36793419.65660811 
 04/08  09:00:00,28934182.812219437 
 04/08  10:00:00,8384981.536777179 
 04/08  11:00:00,0.0 
 04/08  12:00:00,0.0 
 04/08  13:00:00,0.0 
 04/08  14:00:00,0.0 
 04/08  15:00:00,0.0 
 04/08  16:00:00,0.0 
 04/08  17:00:00,0.0 
 04/08  18:00:00,0.0 
 04/08  19:00:00,0.0 
 04/08  20:00:00,0.0 
 04/08  21:00:00,0.0 
 04/08  22:00:00,0.0 
 04/08  23:00:00,0.0 
 04/08  24:00:00,0.0 
 04/09  01:00:00,0.0 
 04/09  02:00:00,2471287.304707174 
 04/09  03:00:00,9359761.229280826 
 04/09  04:00:00,15237703.059860177 
 04/09  05:00:00,18368719.98440959 
 04/09  06:00:00,20546294.590547144 
 04/09  07:00:00,21496583.447437014 
 04/09  08:00:00,22326822.48479824 
 04/09  09:00:00,22912250.31562254 
 04/09  10:00:00,18422467.627349637 
 04/09  11:00:00,12797895.20989275 
 04/09  12:00:00,21382228.366811696 
 04/09  13:00:00,12183803.760762863 
 04/09  14:00:00,7544093.562895968 
 04/09  15:00:00,4830398.412780371 
 04/09  16:00:00,0.0 
 04/09  17:00:00,0.0 
 04/09  18:00:00,3499642.347940989 
 04/09  19:00:00,12953288.517816179 
 04/09  20:00:00,25435886.717001047 
 04/09  21:00:00,35390679.64811353 
 04/09  22:00:00,42201701.8808183 
 04/09  23:00:00,41195116.416060805 
 04/09  24:00:00,47862560.02199643 
 04/10  01:00:00,53978327.481114805 
 04/10  02:00:00,59237097.91627808 
 04/10  03:00:00,64692239.44306984 
 04/10  04:00:00,71610577.51354621 
 04/10  05:00:00,77720708.23685895 
 04/10  06:00:00,79882929.23135783 
 04/10  07:00:00,83864207.53626433 
 04/10  08:00:00,84053664.92842971 
 04/10  09:00:00,70002305.63273714 
 04/10  10:00:00,43120700.4243162 
 04/10  11:00:00,22925113.6168662 
 04/10  12:00:00,24950698.435967322 
 04/10  13:00:00,12025717.537189694 
 04/10  14:00:00,4402866.360119102 
 04/10  15:00:00,91010.48203222454 
 04/10  16:00:00,0.0 
 04/10  17:00:00,0.0 
 04/10  18:00:00,0.0 
 04/10  19:00:00,0.0 
 04/10  20:00:00,0.0 
 04/10  21:00:00,0.0 
 04/10  22:00:00,0.0 
 04/10  23:00:00,14164146.800917478 
 04/10  24:00:00,19929999.964456517 
 04/11  01:00:00,23924474.058462985 
 04/11  02:00:00,29267912.67496327 
 04/11  03:00:00,36297349.32154007 
 04/11  04:00:00,44921713.09348047 
 04/11  05:00:00,51960391.12706606 
 04/11  06:00:00,56854012.54800764 
 04/11  07:00:00,61746091.663359165 
 04/11  08:00:00,59797081.6577806 
 04/11  09:00:00,49579861.18762584 
 04/11  10:00:00,30698063.380329292 
 04/11  11:00:00,13098684.08067108 
 04/11  12:00:00,17896288.717121728 
 04/11  13:00:00,7274412.192262849 
 04/11  14:00:00,1341476.3154738117 
 04/11  15:00:00,0.0 
 04/11  16:00:00,0.0 
 04/11  17:00:00,0.0 
 04/11  18:00:00,0.0 
 04/11  19:00:00,2880298.03911082 
 04/11  20:00:00,13951657.372965664 
 04/11  21:00:00,22235182.496587843 
 04/11  22:00:00,26106883.279381767 
 04/11  23:00:00,24257897.31215579 
 04/11  24:00:00,30527345.86305013 
 04/12  01:00:00,37460766.32758216 
 04/12  02:00:00,42631808.73017119 
 04/12  03:00:00,47695166.62201491 
 04/12  04:00:00,52824850.39907189 
 04/12  05:00:00,54084190.886917174 
 04/12  06:00:00,56375798.97643074 
 04/12  07:00:00,59384801.820664324 
 04/12  08:00:00,59682887.04272867 
 04/12  09:00:00,55252250.44301729 
 04/12  10:00:00,39003914.24815434 
 04/12  11:00:00,22853663.164090227 
 04/12  12:00:00,24638203.730951045 
 04/12  13:00:00,13414330.435167674 
 04/12  14:00:00,8333069.553878764 
 04/12  15:00:00,2695828.7961155875 
 04/12  16:00:00,0.0 
 04/12  17:00:00,0.0 
 04/12  18:00:00,0.0 
 04/12  19:00:00,8005296.73279 
 04/12  20:00:00,17277304.390964963 
 04/12  21:00:00,25390504.253267404 
 04/12  22:00:00,29169189.543482218 
 04/12  23:00:00,21889957.647953834 
 04/12  24:00:00,26399209.021798383 
 04/13  01:00:00,31550250.097644217 
 04/13  02:00:00,34051047.17150924 
 04/13  03:00:00,35917347.1868496 
 04/13  04:00:00,39212777.129150584 
 04/13  05:00:00,44497899.70419584 
 04/13  06:00:00,46320230.88723673 
 04/13  07:00:00,45748328.86648324 
 04/13  08:00:00,45762451.619352825 
 04/13  09:00:00,42195567.52036765 
 04/13  10:00:00,30399902.747381456 
 04/13  11:00:00,20258763.935505528 
 04/13  12:00:00,17030892.249423757 
 04/13  13:00:00,23467047.210236777 
 04/13  14:00:00,28341208.598826576 
 04/13  15:00:00,23315039.504723415 
 04/13  16:00:00,19205897.591211554 
 04/13  17:00:00,11891099.098049242 
 04/13  18:00:00,162634.66390629765 
 04/13  19:00:00,11233346.37338708 
 04/13  20:00:00,23786603.626341723 
 04/13  21:00:00,33765787.687757775 
 04/13  22:00:00,50242573.37009534 
 04/13  23:00:00,60919748.43338776 
 04/13  24:00:00,57689388.3593463 
 04/14  01:00:00,61813293.77657232 
 04/14  02:00:00,65723153.39327333 
 04/14  03:00:00,70887909.30703633 
 04/14  04:00:00,73521162.24644746 
 04/14  05:00:00,77244892.12587684 
 04/14  06:00:00,81482268.04154241 
 04/14  07:00:00,83616757.73332486 
 04/14  08:00:00,76708777.69813214 
 04/14  09:00:00,58471552.698761776 
 04/14  10:00:00,30630716.59009235 
 04/14  11:00:00,9766456.587464107 
 04/14  12:00:00,10390218.577977223 
 04/14  13:00:00,8073.2718830695385 
 04/14  14:00:00,0.0 
 04/14  15:00:00,0.0 
 04/14  16:00:00,0.0 
 04/14  17:00:00,0.0 
 04/14  18:00:00,0.0 
 04/14  19:00:00,0.0 
 04/14  20:00:00,0.0 
 04/14  21:00:00,0.0 
 04/14  22:00:00,0.0 
 04/14  23:00:00,0.0 
 04/14  24:00:00,0.0 
 04/15  01:00:00,1983277.2446858464 
 04/15  02:00:00,11155772.328567203 
 04/15  03:00:00,15703216.710627846 
 04/15  04:00:00,20156707.222705103 
 04/15  05:00:00,32194936.057337113 
 04/15  06:00:00,36239649.65192685 
 04/15  07:00:00,35093604.599121235 
 04/15  08:00:00,36597815.02033391 
 04/15  09:00:00,35094250.49083005 
 04/15  10:00:00,32373037.100512836 
 04/15  11:00:00,31854987.7880683 
 04/15  12:00:00,44236503.73791112 
 04/15  13:00:00,40435350.47121376 
 04/15  14:00:00,34140860.95557581 
 04/15  15:00:00,28338525.137629107 
 04/15  16:00:00,11453773.858577222 
 04/15  17:00:00,7679534.852568316 
 04/15  18:00:00,26054615.34678473 
 04/15  19:00:00,24718989.370522276 
 04/15  20:00:00,20721947.474007268 
 04/15  21:00:00,29201858.47612247 
 04/15  22:00:00,43102455.60150356 
 04/15  23:00:00,53511276.925325006 
 04/15  24:00:00,52901902.79751566 
 04/16  01:00:00,56707416.20734872 
 04/16  02:00:00,70651736.29695609 
 04/16  03:00:00,81175506.9187293 
 04/16  04:00:00,87929557.84121475 
 04/16  05:00:00,90780906.38913442 
 04/16  06:00:00,87826485.95557159 
 04/16  07:00:00,90763565.32103713 
 04/16  08:00:00,92556547.67222221 
 04/16  09:00:00,83216382.96557993 
 04/16  10:00:00,64314824.91382322 
 04/16  11:00:00,47315920.833602495 
 04/16  12:00:00,54780135.954009764 
 04/16  13:00:00,49030829.690012455 
 04/16  14:00:00,44709446.80951893 
 04/16  15:00:00,40045942.06451204 
 04/16  16:00:00,21472689.80061344 
 04/16  17:00:00,17055751.970252812 
 04/16  18:00:00,34782463.71048948 
 04/16  19:00:00,39343638.88314951 
 04/16  20:00:00,51981293.203555815 
 04/16  21:00:00,64059222.54729204 
 04/16  22:00:00,73233493.0703695 
 04/16  23:00:00,75414090.81841569 
 04/16  24:00:00,72348489.2198728 
 04/17  01:00:00,66919688.9428863 
 04/17  02:00:00,74978449.47416538 
 04/17  03:00:00,87543144.5019562 
 04/17  04:00:00,96396326.50115357 
 04/17  05:00:00,97365116.82035255 
 04/17  06:00:00,92965951.67102103 
 04/17  07:00:00,93935613.7919238 
 04/17  08:00:00,92797333.40995058 
 04/17  09:00:00,81800854.88417703 
 04/17  10:00:00,61051765.63196364 
 04/17  11:00:00,44379083.45677054 
 04/17  12:00:00,50573874.73896998 
 04/17  13:00:00,41674271.54649384 
 04/17  14:00:00,36613255.60243588 
 04/17  15:00:00,31969212.449293636 
 04/17  16:00:00,13432278.935944684 
 04/17  17:00:00,8403929.04025067 
 04/17  18:00:00,25440847.547192477 
 04/17  19:00:00,28388573.150347386 
 04/17  20:00:00,37565325.37808041 
 04/17  21:00:00,50188686.98164467 
 04/17  22:00:00,62833831.91234989 
 04/17  23:00:00,68050829.94735177 
 04/17  24:00:00,79984499.40164283 
 04/18  01:00:00,85844050.06610037 
 04/18  02:00:00,89138692.88100797 
 04/18  03:00:00,93810579.93483588 
 04/18  04:00:00,96495250.50545159 
 04/18  05:00:00,97327082.81308304 
 04/18  06:00:00,99285867.09620495 
 04/18  07:00:00,101231260.12979315 
 04/18  08:00:00,94880240.11000296 
 04/18  09:00:00,77688198.70705396 
 04/18  10:00:00,46940796.50153797 
 04/18  11:00:00,22983607.837330088 
 04/18  12:00:00,26788276.249477874 
 04/18  13:00:00,16436410.081926573 
 04/18  14:00:00,10719985.262319934 
 04/18  15:00:00,6694545.142210345 
 04/18  16:00:00,0.0 
 04/18  17:00:00,0.0 
 04/18  18:00:00,1287116.4559860947 
 04/18  19:00:00,8778968.047292484 
 04/18  20:00:00,17993895.1816259 
 04/18  21:00:00,24459562.280394483 
 04/18  22:00:00,26241193.40807148 
 04/18  23:00:00,21457509.386292588 
 04/18  24:00:00,25023635.61670126 
 04/19  01:00:00,28177483.301169682 
 04/19  02:00:00,31377403.090772294 
 04/19  03:00:00,35550041.697927564 
 04/19  04:00:00,40836280.52036391 
 04/19  05:00:00,46090755.86553463 
 04/19  06:00:00,48518097.2894482 
 04/19  07:00:00,47846180.29097139 
 04/19  08:00:00,45474616.02044483 
 04/19  09:00:00,42962829.61617694 
 04/19  10:00:00,36629778.58362619 
 04/19  11:00:00,27955374.42716444 
 04/19  12:00:00,39031155.52921887 
 04/19  13:00:00,38792100.60852115 
 04/19  14:00:00,41888603.903303765 
 04/19  15:00:00,43725049.70402943 
 04/19  16:00:00,31888810.56735534 
 04/19  17:00:00,34298547.65104742 
 04/19  18:00:00,57029966.17275663 
 04/19  19:00:00,61491848.84722755 
 04/19  20:00:00,65201475.646687165 
 04/19  21:00:00,67335933.21424504 
 04/19  22:00:00,69478650.6956752 
 04/19  23:00:00,64600472.19416227 
 04/19  24:00:00,64453902.71776022 
 04/20  01:00:00,67337838.4795006 
 04/20  02:00:00,71595403.52776952 
 04/20  03:00:00,70556570.20525478 
 04/20  04:00:00,72704814.93189424 
 04/20  05:00:00,77961638.91546589 
 04/20  06:00:00,81473058.27959874 
 04/20  07:00:00,82282701.77973527 
 04/20  08:00:00,78397562.14185636 
 04/20  09:00:00,68920136.75952692 
 04/20  10:00:00,48918653.53014968 
 04/20  11:00:00,30993455.51337632 
 04/20  12:00:00,15792554.990026264 
 04/20  13:00:00,11215691.368566684 
 04/20  14:00:00,13301142.25804419 
 04/20  15:00:00,9428257.605225686 
 04/20  16:00:00,6472041.319302726 
 04/20  17:00:00,0.0 
 04/20  18:00:00,0.0 
 04/20  19:00:00,2113067.121716682 
 04/20  20:00:00,18408007.56138442 
 04/20  21:00:00,24327574.702109423 
 04/20  22:00:00,35444956.45162754 
 04/20  23:00:00,44674222.70163897 
 04/20  24:00:00,37276383.778394066 
 04/21  01:00:00,39982373.299966455 
 04/21  02:00:00,42318891.22612873 
 04/21  03:00:00,41095020.943377174 
 04/21  04:00:00,38490839.26472375 
 04/21  05:00:00,38118081.11054656 
 04/21  06:00:00,38999472.541271806 
 04/21  07:00:00,40027939.85139254 
 04/21  08:00:00,41557936.19463143 
 04/21  09:00:00,41557849.90296874 
 04/21  10:00:00,35056669.33151214 
 04/21  11:00:00,29730779.66059372 
 04/21  12:00:00,36992616.156619556 
 04/21  13:00:00,28441489.09164593 
 04/21  14:00:00,26333186.146095797 
 04/21  15:00:00,22413786.25974327 
 04/21  16:00:00,2788970.4180484638 
 04/21  17:00:00,1338661.876593274 
 04/21  18:00:00,22429000.514092978 
 04/21  19:00:00,26930916.71493847 
 04/21  20:00:00,32525201.455709476 
 04/21  21:00:00,38786760.75499894 
 04/21  22:00:00,41014577.85575891 
 04/21  23:00:00,34638537.639446676 
 04/21  24:00:00,38972973.173203625 
 04/22  01:00:00,43671226.147448875 
 04/22  02:00:00,45405099.09887993 
 04/22  03:00:00,46534576.5299937 
 04/22  04:00:00,45899785.73025827 
 04/22  05:00:00,44212057.477309614 
 04/22  06:00:00,42969532.90028328 
 04/22  07:00:00,42862415.83260521 
 04/22  08:00:00,43236712.43200803 
 04/22  09:00:00,40670470.8453962 
 04/22  10:00:00,32639385.70558545 
 04/22  11:00:00,24928140.223126136 
 04/22  12:00:00,30227506.693452157 
 04/22  13:00:00,16954368.547496714 
 04/22  14:00:00,11375186.719513664 
 04/22  15:00:00,9161814.528902948 
 04/22  16:00:00,0.0 
 04/22  17:00:00,0.0 
 04/22  18:00:00,1901979.1532761417 
 04/22  19:00:00,11021975.845286531 
 04/22  20:00:00,17250213.630021688 
 04/22  21:00:00,25858711.622098017 
 04/22  22:00:00,34434506.15191923 
 04/22  23:00:00,34249077.073906206 
 04/22  24:00:00,33541627.449531388 
 04/23  01:00:00,33267652.383069813 
 04/23  02:00:00,41825332.87248218 
 04/23  03:00:00,48144440.467409536 
 04/23  04:00:00,47049256.01379687 
 04/23  05:00:00,48696840.992296375 
 04/23  06:00:00,52554483.28193477 
 04/23  07:00:00,50433303.66275303 
 04/23  08:00:00,43659604.05648106 
 04/23  09:00:00,37422269.32599612 
 04/23  10:00:00,24413210.91954592 
 04/23  11:00:00,13557805.351558678 
 04/23  12:00:00,25058569.834657665 
 04/23  13:00:00,18242290.056609552 
 04/23  14:00:00,10182722.770574922 
 04/23  15:00:00,3956962.6537773297 
 04/23  16:00:00,0.0 
 04/23  17:00:00,0.0 
 04/23  18:00:00,0.0 
 04/23  19:00:00,0.0 
 04/23  20:00:00,0.0 
 04/23  21:00:00,0.0 
 04/23  22:00:00,0.0 
 04/23  23:00:00,881924.9842451653 
 04/23  24:00:00,10134986.930418761 
 04/24  01:00:00,16963875.276611887 
 04/24  02:00:00,19099178.859194417 
 04/24  03:00:00,20467091.14664043 
 04/24  04:00:00,25097532.35496688 
 04/24  05:00:00,30678982.764330626 
 04/24  06:00:00,32977750.72093997 
 04/24  07:00:00,31661768.28389238 
 04/24  08:00:00,26763421.9503223 
 04/24  09:00:00,19804018.062897936 
 04/24  10:00:00,6327327.59462907 
 04/24  11:00:00,0.0 
 04/24  12:00:00,0.0 
 04/24  13:00:00,0.0 
 04/24  14:00:00,0.0 
 04/24  15:00:00,0.0 
 04/24  16:00:00,0.0 
 04/24  17:00:00,0.0 
 04/24  18:00:00,0.0 
 04/24  19:00:00,0.0 
 04/24  20:00:00,0.0 
 04/24  21:00:00,0.0 
 04/24  22:00:00,0.0 
 04/24  23:00:00,0.0 
 04/24  24:00:00,9586537.963766303 
 04/25  01:00:00,17887329.42410738 
 04/25  02:00:00,21424153.993573878 
 04/25  03:00:00,24743242.261381913 
 04/25  04:00:00,30386906.11180149 
 04/25  05:00:00,35428088.85611971 
 04/25  06:00:00,36767014.45163518 
 04/25  07:00:00,35246023.812871404 
 04/25  08:00:00,29371482.889613066 
 04/25  09:00:00,19169715.602467254 
 04/25  10:00:00,2912077.651540353 
 04/25  11:00:00,0.0 
 04/25  12:00:00,0.0 
 04/25  13:00:00,0.0 
 04/25  14:00:00,0.0 
 04/25  15:00:00,0.0 
 04/25  16:00:00,0.0 
 04/25  17:00:00,0.0 
 04/25  18:00:00,0.0 
 04/25  19:00:00,0.0 
 04/25  20:00:00,0.0 
 04/25  21:00:00,0.0 
 04/25  22:00:00,0.0 
 04/25  23:00:00,0.0 
 04/25  24:00:00,0.0 
 04/26  01:00:00,0.0 
 04/26  02:00:00,1979090.8377723768 
 04/26  03:00:00,7932512.32127992 
 04/26  04:00:00,13303193.72830242 
 04/26  05:00:00,15530524.174869759 
 04/26  06:00:00,16933002.213962287 
 04/26  07:00:00,15077487.574161494 
 04/26  08:00:00,10897280.401043804 
 04/26  09:00:00,7171533.1181644695 
 04/26  10:00:00,385781.97266666684 
 04/26  11:00:00,0.0 
 04/26  12:00:00,0.0 
 04/26  13:00:00,0.0 
 04/26  14:00:00,0.0 
 04/26  15:00:00,0.0 
 04/26  16:00:00,0.0 
 04/26  17:00:00,0.0 
 04/26  18:00:00,0.0 
 04/26  19:00:00,0.0 
 04/26  20:00:00,0.0 
 04/26  21:00:00,0.0 
 04/26  22:00:00,0.0 
 04/26  23:00:00,0.0 
 04/26  24:00:00,0.0 
 04/27  01:00:00,0.0 
 04/27  02:00:00,0.0 
 04/27  03:00:00,2090825.0056670979 
 04/27  04:00:00,6458907.8590078745 
 04/27  05:00:00,9351695.221621636 
 04/27  06:00:00,14128118.099260423 
 04/27  07:00:00,16741825.96290072 
 04/27  08:00:00,14700709.679465624 
 04/27  09:00:00,11158626.164315876 
 04/27  10:00:00,2416234.33067305 
 04/27  11:00:00,0.0 
 04/27  12:00:00,0.0 
 04/27  13:00:00,0.0 
 04/27  14:00:00,0.0 
 04/27  15:00:00,0.0 
 04/27  16:00:00,1783835.1548096398 
 04/27  17:00:00,2951567.2287207562 
 04/27  18:00:00,374492.35737884894 
 04/27  19:00:00,17095037.25773175 
 04/27  20:00:00,32359274.9610259 
 04/27  21:00:00,35365868.98286851 
 04/27  22:00:00,38682242.14131839 
 04/27  23:00:00,41500800.93490484 
 04/27  24:00:00,29874484.50732502 
 04/28  01:00:00,29357900.0311001 
 04/28  02:00:00,30830364.594157953 
 04/28  03:00:00,31842097.174089313 
 04/28  04:00:00,33902427.01072383 
 04/28  05:00:00,36488279.025538065 
 04/28  06:00:00,38343986.183586575 
 04/28  07:00:00,39793411.202346 
 04/28  08:00:00,41453972.78130516 
 04/28  09:00:00,43226351.26945968 
 04/28  10:00:00,42546202.10449964 
 04/28  11:00:00,41371886.85574068 
 04/28  12:00:00,57995650.5496678 
 04/28  13:00:00,54577401.86067678 
 04/28  14:00:00,52172072.476455055 
 04/28  15:00:00,51156768.63371597 
 04/28  16:00:00,35575703.654391415 
 04/28  17:00:00,34636694.628954634 
 04/28  18:00:00,54929074.33220954 
 04/28  19:00:00,59127756.66617077 
 04/28  20:00:00,61381420.44244443 
 04/28  21:00:00,61763025.05117668 
 04/28  22:00:00,57494556.90196005 
 04/28  23:00:00,47464478.46663944 
 04/28  24:00:00,50348647.62361287 
 04/29  01:00:00,52173829.19254457 
 04/29  02:00:00,51230976.24133215 
 04/29  03:00:00,51298202.04280614 
 04/29  04:00:00,51556803.43897739 
 04/29  05:00:00,51878779.670489565 
 04/29  06:00:00,52835710.326038964 
 04/29  07:00:00,53344874.021255985 
 04/29  08:00:00,54110029.11774426 
 04/29  09:00:00,55275927.985457525 
 04/29  10:00:00,48557634.06497227 
 04/29  11:00:00,38137763.7601676 
 04/29  12:00:00,46322781.580542356 
 04/29  13:00:00,38262019.776298866 
 04/29  14:00:00,28938716.390244737 
 04/29  15:00:00,20268845.435220327 
 04/29  16:00:00,634135.4575956473 
 04/29  17:00:00,0.0 
 04/29  18:00:00,4275650.511070713 
 04/29  19:00:00,283840.8677131171 
 04/29  20:00:00,440345.2388550388 
 04/29  21:00:00,8324071.904063621 
 04/29  22:00:00,15595094.37037865 
 04/29  23:00:00,22481353.212364856 
 04/29  24:00:00,29555085.563792434 
 04/30  01:00:00,33394336.054518983 
 04/30  02:00:00,35357030.5030552 
 04/30  03:00:00,36905851.93864277 
 04/30  04:00:00,39203256.528245285 
 04/30  05:00:00,41635883.86990497 
 04/30  06:00:00,41534232.63337235 
 04/30  07:00:00,40599945.17608805 
 04/30  08:00:00,39443280.8054294 
 04/30  09:00:00,35201337.24020796 
 04/30  10:00:00,20659525.80074603 
 04/30  11:00:00,5696208.527956065 
 04/30  12:00:00,14682091.901517034 
 04/30  13:00:00,8662657.926421683 
 04/30  14:00:00,5571659.92108332 
 04/30  15:00:00,10378706.699618138 
 04/30  16:00:00,1396603.4016226418 
 04/30  17:00:00,0.0 
 04/30  18:00:00,12533849.945547035 
 04/30  19:00:00,22335265.073062524 
 04/30  20:00:00,30004841.858956926 
 04/30  21:00:00,32545985.10765222 
 04/30  22:00:00,31580179.542574316 
 04/30  23:00:00,29349736.665815026 
 04/30  24:00:00,37671569.60183052 
 05/01  01:00:00,41583663.72148369 
 05/01  02:00:00,42887664.308954544 
 05/01  03:00:00,42998590.19609672 
 05/01  04:00:00,43369732.997212104 
 05/01  05:00:00,43827141.63270837 
 05/01  06:00:00,47040525.69898227 
 05/01  07:00:00,48277085.67112686 
 05/01  08:00:00,46656983.26425004 
 05/01  09:00:00,42248765.7532897 
 05/01  10:00:00,27258064.914068 
 05/01  11:00:00,13503622.96339839 
 05/01  12:00:00,17511285.761870004 
 05/01  13:00:00,7221095.857199002 
 05/01  14:00:00,3046798.129328876 
 05/01  15:00:00,44924.612645152956 
 05/01  16:00:00,0.0 
 05/01  17:00:00,0.0 
 05/01  18:00:00,0.0 
 05/01  19:00:00,0.0 
 05/01  20:00:00,0.0 
 05/01  21:00:00,0.0 
 05/01  22:00:00,3834413.3864289382 
 05/01  23:00:00,12930011.217972007 
 05/01  24:00:00,19644508.011814512 
 05/02  01:00:00,26778690.91732102 
 05/02  02:00:00,29880662.42132716 
 05/02  03:00:00,28295907.90651916 
 05/02  04:00:00,29652963.643448036 
 05/02  05:00:00,32735704.383534897 
 05/02  06:00:00,32807717.911143113 
 05/02  07:00:00,33088340.65745704 
 05/02  08:00:00,33648524.80842043 
 05/02  09:00:00,33881654.61169307 
 05/02  10:00:00,28927780.464893118 
 05/02  11:00:00,20410882.698606588 
 05/02  12:00:00,27818769.204025023 
 05/02  13:00:00,20963312.40268168 
 05/02  14:00:00,19574815.629641086 
 05/02  15:00:00,25292874.711631708 
 05/02  16:00:00,19988681.252801027 
 05/02  17:00:00,22071141.040512525 
 05/02  18:00:00,39974020.13310024 
 05/02  19:00:00,35270229.739305355 
 05/02  20:00:00,31348520.44475817 
 05/02  21:00:00,31373910.18649523 
 05/02  22:00:00,32198163.69171459 
 05/02  23:00:00,33651604.44244724 
 05/02  24:00:00,33331665.052180927 
 05/03  01:00:00,32901290.26570916 
 05/03  02:00:00,35352139.53912333 
 05/03  03:00:00,38164959.06210048 
 05/03  04:00:00,38275614.196522705 
 05/03  05:00:00,39197718.663078755 
 05/03  06:00:00,39085812.87867828 
 05/03  07:00:00,38324670.27137708 
 05/03  08:00:00,40287345.98871419 
 05/03  09:00:00,40629486.04986139 
 05/03  10:00:00,36067422.30270922 
 05/03  11:00:00,29331591.614732057 
 05/03  12:00:00,41025435.831361644 
 05/03  13:00:00,35161916.371937476 
 05/03  14:00:00,32195516.913375936 
 05/03  15:00:00,32232846.739542466 
 05/03  16:00:00,16094090.437159248 
 05/03  17:00:00,7629723.878643452 
 05/03  18:00:00,20560980.115970574 
 05/03  19:00:00,25130289.94607446 
 05/03  20:00:00,33445519.690499756 
 05/03  21:00:00,36142279.72771155 
 05/03  22:00:00,34117490.690880366 
 05/03  23:00:00,28265694.81777605 
 05/03  24:00:00,35714220.34547785 
 05/04  01:00:00,42113155.706407376 
 05/04  02:00:00,44155899.91751891 
 05/04  03:00:00,45390378.274153344 
 05/04  04:00:00,48875265.08118183 
 05/04  05:00:00,50462051.62833526 
 05/04  06:00:00,49798277.792265154 
 05/04  07:00:00,50227976.36686786 
 05/04  08:00:00,44106239.76221373 
 05/04  09:00:00,35269188.57675197 
 05/04  10:00:00,23297447.879311536 
 05/04  11:00:00,13376765.795137407 
 05/04  12:00:00,7177230.961364158 
 05/04  13:00:00,7755972.639194434 
 05/04  14:00:00,12067417.99205358 
 05/04  15:00:00,7814462.70943901 
 05/04  16:00:00,4131596.3732959237 
 05/04  17:00:00,0.0 
 05/04  18:00:00,0.0 
 05/04  19:00:00,0.0 
 05/04  20:00:00,17247458.185158674 
 05/04  21:00:00,29908456.351503268 
 05/04  22:00:00,45801746.96302128 
 05/04  23:00:00,58040813.855068415 
 05/04  24:00:00,46904119.034067385 
 05/05  01:00:00,46750281.542221755 
 05/05  02:00:00,49041191.53359903 
 05/05  03:00:00,50131992.965893686 
 05/05  04:00:00,55421308.74169814 
 05/05  05:00:00,62997359.10807574 
 05/05  06:00:00,67777654.4647276 
 05/05  07:00:00,65325308.35019248 
 05/05  08:00:00,56428559.04565277 
 05/05  09:00:00,46917940.14731501 
 05/05  10:00:00,29005353.51182304 
 05/05  11:00:00,12140419.204415591 
 05/05  12:00:00,15307665.460204564 
 05/05  13:00:00,3116030.864294409 
 05/05  14:00:00,0.0 
 05/05  15:00:00,0.0 
 05/05  16:00:00,0.0 
 05/05  17:00:00,0.0 
 05/05  18:00:00,0.0 
 05/05  19:00:00,0.0 
 05/05  20:00:00,0.0 
 05/05  21:00:00,3544166.012055287 
 05/05  22:00:00,12800943.829454366 
 05/05  23:00:00,20576693.500537265 
 05/05  24:00:00,35285595.3229663 
 05/06  01:00:00,45939680.287924364 
 05/06  02:00:00,52573692.48026109 
 05/06  03:00:00,57073616.72953 
 05/06  04:00:00,63968620.83729822 
 05/06  05:00:00,66656834.14673797 
 05/06  06:00:00,67124025.35258749 
 05/06  07:00:00,63720162.09705604 
 05/06  08:00:00,53143424.498122655 
 05/06  09:00:00,40201567.19574379 
 05/06  10:00:00,17359244.569141027 
 05/06  11:00:00,394186.89407687634 
 05/06  12:00:00,736230.0322370371 
 05/06  13:00:00,0.0 
 05/06  14:00:00,0.0 
 05/06  15:00:00,0.0 
 05/06  16:00:00,0.0 
 05/06  17:00:00,0.0 
 05/06  18:00:00,0.0 
 05/06  19:00:00,0.0 
 05/06  20:00:00,0.0 
 05/06  21:00:00,0.0 
 05/06  22:00:00,0.0 
 05/06  23:00:00,0.0 
 05/06  24:00:00,5513092.369111301 
 05/07  01:00:00,18072622.952828396 
 05/07  02:00:00,21954526.301962838 
 05/07  03:00:00,26619986.787169937 
 05/07  04:00:00,32337816.209667437 
 05/07  05:00:00,36132784.307271406 
 05/07  06:00:00,39176041.03401828 
 05/07  07:00:00,37693291.44848237 
 05/07  08:00:00,30368620.976420704 
 05/07  09:00:00,20618290.270044796 
 05/07  10:00:00,5130887.9906265065 
 05/07  11:00:00,0.0 
 05/07  12:00:00,0.0 
 05/07  13:00:00,0.0 
 05/07  14:00:00,0.0 
 05/07  15:00:00,0.0 
 05/07  16:00:00,0.0 
 05/07  17:00:00,0.0 
 05/07  18:00:00,0.0 
 05/07  19:00:00,0.0 
 05/07  20:00:00,0.0 
 05/07  21:00:00,0.0 
 05/07  22:00:00,0.0 
 05/07  23:00:00,40764.003974874504 
 05/07  24:00:00,5845738.523353427 
 05/08  01:00:00,10542026.672782332 
 05/08  02:00:00,8300188.208205743 
 05/08  03:00:00,11708073.940266926 
 05/08  04:00:00,23498359.44788398 
 05/08  05:00:00,29643598.345897138 
 05/08  06:00:00,29178674.53944998 
 05/08  07:00:00,29259337.21165597 
 05/08  08:00:00,29563569.339231126 
 05/08  09:00:00,26412038.22722209 
 05/08  10:00:00,11768208.270256761 
 05/08  11:00:00,88146.34081623518 
 05/08  12:00:00,3681130.7977399556 
 05/08  13:00:00,0.0 
 05/08  14:00:00,0.0 
 05/08  15:00:00,0.0 
 05/08  16:00:00,0.0 
 05/08  17:00:00,0.0 
 05/08  18:00:00,0.0 
 05/08  19:00:00,0.0 
 05/08  20:00:00,0.0 
 05/08  21:00:00,0.0 
 05/08  22:00:00,0.0 
 05/08  23:00:00,0.0 
 05/08  24:00:00,12196193.863706337 
 05/09  01:00:00,21941685.502285395 
 05/09  02:00:00,26734442.51604234 
 05/09  03:00:00,32035950.642619908 
 05/09  04:00:00,34905781.111064956 
 05/09  05:00:00,36003202.20862655 
 05/09  06:00:00,37830754.16638018 
 05/09  07:00:00,35572974.903439336 
 05/09  08:00:00,25401968.30125731 
 05/09  09:00:00,14449956.652933357 
 05/09  10:00:00,1720134.8427290563 
 05/09  11:00:00,0.0 
 05/09  12:00:00,0.0 
 05/09  13:00:00,0.0 
 05/09  14:00:00,0.0 
 05/09  15:00:00,0.0 
 05/09  16:00:00,0.0 
 05/09  17:00:00,0.0 
 05/09  18:00:00,0.0 
 05/09  19:00:00,0.0 
 05/09  20:00:00,0.0 
 05/09  21:00:00,0.0 
 05/09  22:00:00,0.0 
 05/09  23:00:00,0.0 
 05/09  24:00:00,0.0 
 05/10  01:00:00,0.0 
 05/10  02:00:00,0.0 
 05/10  03:00:00,0.0 
 05/10  04:00:00,0.0 
 05/10  05:00:00,3664398.0570956133 
 05/10  06:00:00,8116463.156810263 
 05/10  07:00:00,6132085.482518538 
 05/10  08:00:00,255589.30389387533 
 05/10  09:00:00,0.0 
 05/10  10:00:00,0.0 
 05/10  11:00:00,0.0 
 05/10  12:00:00,0.0 
 05/10  13:00:00,0.0 
 05/10  14:00:00,0.0 
 05/10  15:00:00,0.0 
 05/10  16:00:00,0.0 
 05/10  17:00:00,0.0 
 05/10  18:00:00,0.0 
 05/10  19:00:00,0.0 
 05/10  20:00:00,0.0 
 05/10  21:00:00,0.0 
 05/10  22:00:00,0.0 
 05/10  23:00:00,0.0 
 05/10  24:00:00,0.0 
 05/11  01:00:00,0.0 
 05/11  02:00:00,0.0 
 05/11  03:00:00,0.0 
 05/11  04:00:00,0.0 
 05/11  05:00:00,0.0 
 05/11  06:00:00,0.0 
 05/11  07:00:00,0.0 
 05/11  08:00:00,0.0 
 05/11  09:00:00,0.0 
 05/11  10:00:00,0.0 
 05/11  11:00:00,0.0 
 05/11  12:00:00,0.0 
 05/11  13:00:00,0.0 
 05/11  14:00:00,0.0 
 05/11  15:00:00,0.0 
 05/11  16:00:00,0.0 
 05/11  17:00:00,0.0 
 05/11  18:00:00,0.0 
 05/11  19:00:00,0.0 
 05/11  20:00:00,0.0 
 05/11  21:00:00,0.0 
 05/11  22:00:00,0.0 
 05/11  23:00:00,0.0 
 05/11  24:00:00,0.0 
 05/12  01:00:00,0.0 
 05/12  02:00:00,0.0 
 05/12  03:00:00,0.0 
 05/12  04:00:00,0.0 
 05/12  05:00:00,2548280.9032595023 
 05/12  06:00:00,2963160.877646995 
 05/12  07:00:00,1421374.93420362 
 05/12  08:00:00,3220592.2493496677 
 05/12  09:00:00,2449898.901243671 
 05/12  10:00:00,58937.74450100027 
 05/12  11:00:00,0.0 
 05/12  12:00:00,0.0 
 05/12  13:00:00,0.0 
 05/12  14:00:00,0.0 
 05/12  15:00:00,0.0 
 05/12  16:00:00,0.0 
 05/12  17:00:00,0.0 
 05/12  18:00:00,0.0 
 05/12  19:00:00,0.0 
 05/12  20:00:00,0.0 
 05/12  21:00:00,0.0 
 05/12  22:00:00,0.0 
 05/12  23:00:00,0.0 
 05/12  24:00:00,0.0 
 05/13  01:00:00,0.0 
 05/13  02:00:00,858781.8811827572 
 05/13  03:00:00,8389362.92334397 
 05/13  04:00:00,16106929.620473552 
 05/13  05:00:00,21510238.441420883 
 05/13  06:00:00,25265105.816473067 
 05/13  07:00:00,26293030.500512574 
 05/13  08:00:00,28670675.33204081 
 05/13  09:00:00,29665070.592002016 
 05/13  10:00:00,23883683.628476765 
 05/13  11:00:00,15040975.882280156 
 05/13  12:00:00,19397741.418791264 
 05/13  13:00:00,10206319.939221978 
 05/13  14:00:00,7308537.084214389 
 05/13  15:00:00,11474315.44298523 
 05/13  16:00:00,7816095.288418396 
 05/13  17:00:00,14974169.91714067 
 05/13  18:00:00,35917141.597178094 
 05/13  19:00:00,40471628.57640102 
 05/13  20:00:00,45870457.46306379 
 05/13  21:00:00,47996561.075903915 
 05/13  22:00:00,48899298.84658421 
 05/13  23:00:00,42571896.26630056 
 05/13  24:00:00,47525845.42593027 
 05/14  01:00:00,54825376.62814908 
 05/14  02:00:00,58846524.639496565 
 05/14  03:00:00,60962478.0863086 
 05/14  04:00:00,60862612.583503194 
 05/14  05:00:00,61414749.21596186 
 05/14  06:00:00,63060592.945136085 
 05/14  07:00:00,60390664.22915155 
 05/14  08:00:00,52247618.977034844 
 05/14  09:00:00,42143835.01829782 
 05/14  10:00:00,24373018.166322242 
 05/14  11:00:00,8332257.917543314 
 05/14  12:00:00,11261586.92912178 
 05/14  13:00:00,499172.6496570977 
 05/14  14:00:00,0.0 
 05/14  15:00:00,0.0 
 05/14  16:00:00,0.0 
 05/14  17:00:00,0.0 
 05/14  18:00:00,0.0 
 05/14  19:00:00,0.0 
 05/14  20:00:00,0.0 
 05/14  21:00:00,3535045.75292808 
 05/14  22:00:00,10000166.861071251 
 05/14  23:00:00,5338283.303370117 
 05/14  24:00:00,11415970.063220104 
 05/15  01:00:00,27470391.176477052 
 05/15  02:00:00,42137326.27072551 
 05/15  03:00:00,48907488.35675978 
 05/15  04:00:00,53835950.17964985 
 05/15  05:00:00,57906612.88776684 
 05/15  06:00:00,61682211.86990846 
 05/15  07:00:00,59288939.39675431 
 05/15  08:00:00,51167036.393036015 
 05/15  09:00:00,42578590.684634894 
 05/15  10:00:00,24256246.083822943 
 05/15  11:00:00,6895875.627185893 
 05/15  12:00:00,12588241.21371112 
 05/15  13:00:00,4206478.347600508 
 05/15  14:00:00,432051.4513939619 
 05/15  15:00:00,0.0 
 05/15  16:00:00,0.0 
 05/15  17:00:00,0.0 
 05/15  18:00:00,0.0 
 05/15  19:00:00,0.0 
 05/15  20:00:00,0.0 
 05/15  21:00:00,0.0 
 05/15  22:00:00,0.0 
 05/15  23:00:00,0.0 
 05/15  24:00:00,12527490.181488264 
 05/16  01:00:00,24113980.154287234 
 05/16  02:00:00,28782237.128528673 
 05/16  03:00:00,30915631.76181475 
 05/16  04:00:00,34190790.587545305 
 05/16  05:00:00,37440097.291660585 
 05/16  06:00:00,36657285.87222348 
 05/16  07:00:00,34095886.122330256 
 05/16  08:00:00,30068702.326858856 
 05/16  09:00:00,23238464.48245794 
 05/16  10:00:00,10035769.97178777 
 05/16  11:00:00,363393.91879797913 
 05/16  12:00:00,3819086.2307461677 
 05/16  13:00:00,0.0 
 05/16  14:00:00,0.0 
 05/16  15:00:00,0.0 
 05/16  16:00:00,0.0 
 05/16  17:00:00,0.0 
 05/16  18:00:00,0.0 
 05/16  19:00:00,0.0 
 05/16  20:00:00,0.0 
 05/16  21:00:00,0.0 
 05/16  22:00:00,0.0 
 05/16  23:00:00,0.0 
 05/16  24:00:00,8732981.247747084 
 05/17  01:00:00,19596825.273646228 
 05/17  02:00:00,20512510.978013698 
 05/17  03:00:00,24131817.648638435 
 05/17  04:00:00,31372183.256444268 
 05/17  05:00:00,39128179.91670706 
 05/17  06:00:00,44551371.24594553 
 05/17  07:00:00,44962513.43048271 
 05/17  08:00:00,36228431.85863464 
 05/17  09:00:00,22011429.625013635 
 05/17  10:00:00,4179414.388308185 
 05/17  11:00:00,0.0 
 05/17  12:00:00,0.0 
 05/17  13:00:00,0.0 
 05/17  14:00:00,0.0 
 05/17  15:00:00,0.0 
 05/17  16:00:00,0.0 
 05/17  17:00:00,0.0 
 05/17  18:00:00,0.0 
 05/17  19:00:00,0.0 
 05/17  20:00:00,0.0 
 05/17  21:00:00,0.0 
 05/17  22:00:00,0.0 
 05/17  23:00:00,0.0 
 05/17  24:00:00,6296635.623439215 
 05/18  01:00:00,14886392.451801617 
 05/18  02:00:00,18306913.381823454 
 05/18  03:00:00,22981586.45801016 
 05/18  04:00:00,31726409.74880874 
 05/18  05:00:00,39750435.60291148 
 05/18  06:00:00,44228710.87455419 
 05/18  07:00:00,39325540.419615954 
 05/18  08:00:00,27758036.862572495 
 05/18  09:00:00,15196403.359343324 
 05/18  10:00:00,1040521.6756274924 
 05/18  11:00:00,0.0 
 05/18  12:00:00,0.0 
 05/18  13:00:00,0.0 
 05/18  14:00:00,0.0 
 05/18  15:00:00,0.0 
 05/18  16:00:00,0.0 
 05/18  17:00:00,0.0 
 05/18  18:00:00,0.0 
 05/18  19:00:00,0.0 
 05/18  20:00:00,0.0 
 05/18  21:00:00,0.0 
 05/18  22:00:00,0.0 
 05/18  23:00:00,0.0 
 05/18  24:00:00,0.0 
 05/19  01:00:00,0.0 
 05/19  02:00:00,6034888.799856277 
 05/19  03:00:00,13899664.166336576 
 05/19  04:00:00,19590382.171759687 
 05/19  05:00:00,22949511.177930307 
 05/19  06:00:00,25619818.318098605 
 05/19  07:00:00,23845194.816913065 
 05/19  08:00:00,17885763.780725516 
 05/19  09:00:00,10970657.231335158 
 05/19  10:00:00,1244692.6191040082 
 05/19  11:00:00,0.0 
 05/19  12:00:00,0.0 
 05/19  13:00:00,0.0 
 05/19  14:00:00,0.0 
 05/19  15:00:00,0.0 
 05/19  16:00:00,0.0 
 05/19  17:00:00,0.0 
 05/19  18:00:00,0.0 
 05/19  19:00:00,0.0 
 05/19  20:00:00,0.0 
 05/19  21:00:00,0.0 
 05/19  22:00:00,0.0 
 05/19  23:00:00,0.0 
 05/19  24:00:00,0.0 
 05/20  01:00:00,0.0 
 05/20  02:00:00,0.0 
 05/20  03:00:00,0.0 
 05/20  04:00:00,1897563.081335323 
 05/20  05:00:00,7971286.915080459 
 05/20  06:00:00,10366145.860851416 
 05/20  07:00:00,8589081.561843935 
 05/20  08:00:00,3827103.201947431 
 05/20  09:00:00,390995.62387168413 
 05/20  10:00:00,0.0 
 05/20  11:00:00,0.0 
 05/20  12:00:00,0.0 
 05/20  13:00:00,0.0 
 05/20  14:00:00,0.0 
 05/20  15:00:00,0.0 
 05/20  16:00:00,0.0 
 05/20  17:00:00,0.0 
 05/20  18:00:00,0.0 
 05/20  19:00:00,0.0 
 05/20  20:00:00,0.0 
 05/20  21:00:00,0.0 
 05/20  22:00:00,0.0 
 05/20  23:00:00,0.0 
 05/20  24:00:00,0.0 
 05/21  01:00:00,0.0 
 05/21  02:00:00,0.0 
 05/21  03:00:00,0.0 
 05/21  04:00:00,0.0 
 05/21  05:00:00,4142139.8985023377 
 05/21  06:00:00,6786339.777897787 
 05/21  07:00:00,3397972.3269632086 
 05/21  08:00:00,0.0 
 05/21  09:00:00,0.0 
 05/21  10:00:00,0.0 
 05/21  11:00:00,0.0 
 05/21  12:00:00,0.0 
 05/21  13:00:00,0.0 
 05/21  14:00:00,0.0 
 05/21  15:00:00,0.0 
 05/21  16:00:00,0.0 
 05/21  17:00:00,0.0 
 05/21  18:00:00,0.0 
 05/21  19:00:00,0.0 
 05/21  20:00:00,0.0 
 05/21  21:00:00,0.0 
 05/21  22:00:00,0.0 
 05/21  23:00:00,0.0 
 05/21  24:00:00,0.0 
 05/22  01:00:00,0.0 
 05/22  02:00:00,0.0 
 05/22  03:00:00,0.0 
 05/22  04:00:00,0.0 
 05/22  05:00:00,0.0 
 05/22  06:00:00,0.0 
 05/22  07:00:00,0.0 
 05/22  08:00:00,0.0 
 05/22  09:00:00,0.0 
 05/22  10:00:00,0.0 
 05/22  11:00:00,0.0 
 05/22  12:00:00,0.0 
 05/22  13:00:00,0.0 
 05/22  14:00:00,0.0 
 05/22  15:00:00,0.0 
 05/22  16:00:00,0.0 
 05/22  17:00:00,0.0 
 05/22  18:00:00,0.0 
 05/22  19:00:00,0.0 
 05/22  20:00:00,0.0 
 05/22  21:00:00,0.0 
 05/22  22:00:00,0.0 
 05/22  23:00:00,0.0 
 05/22  24:00:00,0.0 
 05/23  01:00:00,0.0 
 05/23  02:00:00,0.0 
 05/23  03:00:00,0.0 
 05/23  04:00:00,0.0 
 05/23  05:00:00,0.0 
 05/23  06:00:00,0.0 
 05/23  07:00:00,0.0 
 05/23  08:00:00,0.0 
 05/23  09:00:00,0.0 
 05/23  10:00:00,0.0 
 05/23  11:00:00,0.0 
 05/23  12:00:00,0.0 
 05/23  13:00:00,0.0 
 05/23  14:00:00,0.0 
 05/23  15:00:00,0.0 
 05/23  16:00:00,0.0 
 05/23  17:00:00,0.0 
 05/23  18:00:00,0.0 
 05/23  19:00:00,0.0 
 05/23  20:00:00,0.0 
 05/23  21:00:00,0.0 
 05/23  22:00:00,0.0 
 05/23  23:00:00,0.0 
 05/23  24:00:00,0.0 
 05/24  01:00:00,0.0 
 05/24  02:00:00,0.0 
 05/24  03:00:00,0.0 
 05/24  04:00:00,0.0 
 05/24  05:00:00,0.0 
 05/24  06:00:00,0.0 
 05/24  07:00:00,0.0 
 05/24  08:00:00,0.0 
 05/24  09:00:00,0.0 
 05/24  10:00:00,0.0 
 05/24  11:00:00,0.0 
 05/24  12:00:00,0.0 
 05/24  13:00:00,0.0 
 05/24  14:00:00,0.0 
 05/24  15:00:00,0.0 
 05/24  16:00:00,0.0 
 05/24  17:00:00,0.0 
 05/24  18:00:00,0.0 
 05/24  19:00:00,0.0 
 05/24  20:00:00,0.0 
 05/24  21:00:00,0.0 
 05/24  22:00:00,0.0 
 05/24  23:00:00,0.0 
 05/24  24:00:00,0.0 
 05/25  01:00:00,0.0 
 05/25  02:00:00,0.0 
 05/25  03:00:00,0.0 
 05/25  04:00:00,0.0 
 05/25  05:00:00,0.0 
 05/25  06:00:00,0.0 
 05/25  07:00:00,0.0 
 05/25  08:00:00,0.0 
 05/25  09:00:00,0.0 
 05/25  10:00:00,0.0 
 05/25  11:00:00,0.0 
 05/25  12:00:00,0.0 
 05/25  13:00:00,0.0 
 05/25  14:00:00,0.0 
 05/25  15:00:00,0.0 
 05/25  16:00:00,0.0 
 05/25  17:00:00,0.0 
 05/25  18:00:00,0.0 
 05/25  19:00:00,0.0 
 05/25  20:00:00,0.0 
 05/25  21:00:00,0.0 
 05/25  22:00:00,0.0 
 05/25  23:00:00,0.0 
 05/25  24:00:00,0.0 
 05/26  01:00:00,0.0 
 05/26  02:00:00,0.0 
 05/26  03:00:00,0.0 
 05/26  04:00:00,0.0 
 05/26  05:00:00,0.0 
 05/26  06:00:00,0.0 
 05/26  07:00:00,0.0 
 05/26  08:00:00,0.0 
 05/26  09:00:00,0.0 
 05/26  10:00:00,0.0 
 05/26  11:00:00,0.0 
 05/26  12:00:00,0.0 
 05/26  13:00:00,0.0 
 05/26  14:00:00,0.0 
 05/26  15:00:00,0.0 
 05/26  16:00:00,0.0 
 05/26  17:00:00,0.0 
 05/26  18:00:00,0.0 
 05/26  19:00:00,0.0 
 05/26  20:00:00,0.0 
 05/26  21:00:00,0.0 
 05/26  22:00:00,0.0 
 05/26  23:00:00,0.0 
 05/26  24:00:00,0.0 
 05/27  01:00:00,0.0 
 05/27  02:00:00,0.0 
 05/27  03:00:00,0.0 
 05/27  04:00:00,0.0 
 05/27  05:00:00,0.0 
 05/27  06:00:00,0.0 
 05/27  07:00:00,0.0 
 05/27  08:00:00,0.0 
 05/27  09:00:00,0.0 
 05/27  10:00:00,0.0 
 05/27  11:00:00,0.0 
 05/27  12:00:00,0.0 
 05/27  13:00:00,0.0 
 05/27  14:00:00,0.0 
 05/27  15:00:00,0.0 
 05/27  16:00:00,0.0 
 05/27  17:00:00,0.0 
 05/27  18:00:00,0.0 
 05/27  19:00:00,0.0 
 05/27  20:00:00,0.0 
 05/27  21:00:00,0.0 
 05/27  22:00:00,0.0 
 05/27  23:00:00,0.0 
 05/27  24:00:00,0.0 
 05/28  01:00:00,0.0 
 05/28  02:00:00,0.0 
 05/28  03:00:00,0.0 
 05/28  04:00:00,0.0 
 05/28  05:00:00,0.0 
 05/28  06:00:00,0.0 
 05/28  07:00:00,0.0 
 05/28  08:00:00,0.0 
 05/28  09:00:00,0.0 
 05/28  10:00:00,0.0 
 05/28  11:00:00,0.0 
 05/28  12:00:00,0.0 
 05/28  13:00:00,0.0 
 05/28  14:00:00,0.0 
 05/28  15:00:00,0.0 
 05/28  16:00:00,0.0 
 05/28  17:00:00,0.0 
 05/28  18:00:00,0.0 
 05/28  19:00:00,0.0 
 05/28  20:00:00,0.0 
 05/28  21:00:00,0.0 
 05/28  22:00:00,0.0 
 05/28  23:00:00,0.0 
 05/28  24:00:00,0.0 
 05/29  01:00:00,0.0 
 05/29  02:00:00,1780077.7827664744 
 05/29  03:00:00,8740168.540749326 
 05/29  04:00:00,15718649.220866058 
 05/29  05:00:00,17375736.072505105 
 05/29  06:00:00,18793785.48680283 
 05/29  07:00:00,17037656.991075702 
 05/29  08:00:00,9937219.703316107 
 05/29  09:00:00,3932275.9203631897 
 05/29  10:00:00,6815.259980550037 
 05/29  11:00:00,0.0 
 05/29  12:00:00,0.0 
 05/29  13:00:00,0.0 
 05/29  14:00:00,0.0 
 05/29  15:00:00,0.0 
 05/29  16:00:00,0.0 
 05/29  17:00:00,0.0 
 05/29  18:00:00,0.0 
 05/29  19:00:00,0.0 
 05/29  20:00:00,0.0 
 05/29  21:00:00,0.0 
 05/29  22:00:00,0.0 
 05/29  23:00:00,0.0 
 05/29  24:00:00,0.0 
 05/30  01:00:00,0.0 
 05/30  02:00:00,0.0 
 05/30  03:00:00,0.0 
 05/30  04:00:00,0.0 
 05/30  05:00:00,1521348.1985193444 
 05/30  06:00:00,5603270.915206941 
 05/30  07:00:00,3507839.353940729 
 05/30  08:00:00,994.386184983887 
 05/30  09:00:00,0.0 
 05/30  10:00:00,0.0 
 05/30  11:00:00,0.0 
 05/30  12:00:00,0.0 
 05/30  13:00:00,0.0 
 05/30  14:00:00,0.0 
 05/30  15:00:00,0.0 
 05/30  16:00:00,0.0 
 05/30  17:00:00,0.0 
 05/30  18:00:00,0.0 
 05/30  19:00:00,0.0 
 05/30  20:00:00,0.0 
 05/30  21:00:00,0.0 
 05/30  22:00:00,0.0 
 05/30  23:00:00,0.0 
 05/30  24:00:00,0.0 
 05/31  01:00:00,0.0 
 05/31  02:00:00,0.0 
 05/31  03:00:00,0.0 
 05/31  04:00:00,0.0 
 05/31  05:00:00,0.0 
 05/31  06:00:00,0.0 
 05/31  07:00:00,0.0 
 05/31  08:00:00,0.0 
 05/31  09:00:00,0.0 
 05/31  10:00:00,0.0 
 05/31  11:00:00,0.0 
 05/31  12:00:00,0.0 
 05/31  13:00:00,0.0 
 05/31  14:00:00,0.0 
 05/31  15:00:00,0.0 
 05/31  16:00:00,0.0 
 05/31  17:00:00,0.0 
 05/31  18:00:00,0.0 
 05/31  19:00:00,0.0 
 05/31  20:00:00,0.0 
 05/31  21:00:00,0.0 
 05/31  22:00:00,0.0 
 05/31  23:00:00,0.0 
 05/31  24:00:00,3863891.743889032 
 06/01  01:00:00,14370326.493208576 
 06/01  02:00:00,19230825.084558878 
 06/01  03:00:00,22896529.813549433 
 06/01  04:00:00,28215256.44995724 
 06/01  05:00:00,33427707.56466994 
 06/01  06:00:00,37127728.05759086 
 06/01  07:00:00,32166868.012775972 
 06/01  08:00:00,21573803.294105504 
 06/01  09:00:00,9313734.561335433 
 06/01  10:00:00,38816.419628472075 
 06/01  11:00:00,0.0 
 06/01  12:00:00,0.0 
 06/01  13:00:00,0.0 
 06/01  14:00:00,0.0 
 06/01  15:00:00,0.0 
 06/01  16:00:00,0.0 
 06/01  17:00:00,0.0 
 06/01  18:00:00,0.0 
 06/01  19:00:00,0.0 
 06/01  20:00:00,0.0 
 06/01  21:00:00,0.0 
 06/01  22:00:00,0.0 
 06/01  23:00:00,0.0 
 06/01  24:00:00,0.0 
 06/02  01:00:00,0.0 
 06/02  02:00:00,555989.2700406723 
 06/02  03:00:00,6758412.995654717 
 06/02  04:00:00,14041308.048936166 
 06/02  05:00:00,19499112.461058263 
 06/02  06:00:00,21697976.14621301 
 06/02  07:00:00,16159193.385655737 
 06/02  08:00:00,7537997.628295608 
 06/02  09:00:00,1134874.9128046213 
 06/02  10:00:00,0.0 
 06/02  11:00:00,0.0 
 06/02  12:00:00,0.0 
 06/02  13:00:00,0.0 
 06/02  14:00:00,0.0 
 06/02  15:00:00,0.0 
 06/02  16:00:00,0.0 
 06/02  17:00:00,0.0 
 06/02  18:00:00,0.0 
 06/02  19:00:00,0.0 
 06/02  20:00:00,0.0 
 06/02  21:00:00,0.0 
 06/02  22:00:00,0.0 
 06/02  23:00:00,0.0 
 06/02  24:00:00,0.0 
 06/03  01:00:00,0.0 
 06/03  02:00:00,0.0 
 06/03  03:00:00,0.0 
 06/03  04:00:00,0.0 
 06/03  05:00:00,0.0 
 06/03  06:00:00,0.0 
 06/03  07:00:00,0.0 
 06/03  08:00:00,0.0 
 06/03  09:00:00,0.0 
 06/03  10:00:00,0.0 
 06/03  11:00:00,0.0 
 06/03  12:00:00,0.0 
 06/03  13:00:00,0.0 
 06/03  14:00:00,0.0 
 06/03  15:00:00,0.0 
 06/03  16:00:00,0.0 
 06/03  17:00:00,0.0 
 06/03  18:00:00,0.0 
 06/03  19:00:00,0.0 
 06/03  20:00:00,0.0 
 06/03  21:00:00,0.0 
 06/03  22:00:00,0.0 
 06/03  23:00:00,0.0 
 06/03  24:00:00,0.0 
 06/04  01:00:00,0.0 
 06/04  02:00:00,0.0 
 06/04  03:00:00,0.0 
 06/04  04:00:00,0.0 
 06/04  05:00:00,0.0 
 06/04  06:00:00,0.0 
 06/04  07:00:00,0.0 
 06/04  08:00:00,0.0 
 06/04  09:00:00,0.0 
 06/04  10:00:00,0.0 
 06/04  11:00:00,0.0 
 06/04  12:00:00,0.0 
 06/04  13:00:00,0.0 
 06/04  14:00:00,0.0 
 06/04  15:00:00,0.0 
 06/04  16:00:00,0.0 
 06/04  17:00:00,0.0 
 06/04  18:00:00,0.0 
 06/04  19:00:00,0.0 
 06/04  20:00:00,0.0 
 06/04  21:00:00,0.0 
 06/04  22:00:00,0.0 
 06/04  23:00:00,0.0 
 06/04  24:00:00,0.0 
 06/05  01:00:00,0.0 
 06/05  02:00:00,0.0 
 06/05  03:00:00,0.0 
 06/05  04:00:00,0.0 
 06/05  05:00:00,0.0 
 06/05  06:00:00,0.0 
 06/05  07:00:00,0.0 
 06/05  08:00:00,0.0 
 06/05  09:00:00,0.0 
 06/05  10:00:00,0.0 
 06/05  11:00:00,0.0 
 06/05  12:00:00,0.0 
 06/05  13:00:00,0.0 
 06/05  14:00:00,0.0 
 06/05  15:00:00,0.0 
 06/05  16:00:00,0.0 
 06/05  17:00:00,0.0 
 06/05  18:00:00,0.0 
 06/05  19:00:00,0.0 
 06/05  20:00:00,0.0 
 06/05  21:00:00,0.0 
 06/05  22:00:00,0.0 
 06/05  23:00:00,0.0 
 06/05  24:00:00,0.0 
 06/06  01:00:00,0.0 
 06/06  02:00:00,0.0 
 06/06  03:00:00,0.0 
 06/06  04:00:00,0.0 
 06/06  05:00:00,0.0 
 06/06  06:00:00,0.0 
 06/06  07:00:00,0.0 
 06/06  08:00:00,0.0 
 06/06  09:00:00,0.0 
 06/06  10:00:00,0.0 
 06/06  11:00:00,0.0 
 06/06  12:00:00,0.0 
 06/06  13:00:00,0.0 
 06/06  14:00:00,0.0 
 06/06  15:00:00,0.0 
 06/06  16:00:00,0.0 
 06/06  17:00:00,0.0 
 06/06  18:00:00,0.0 
 06/06  19:00:00,0.0 
 06/06  20:00:00,0.0 
 06/06  21:00:00,0.0 
 06/06  22:00:00,0.0 
 06/06  23:00:00,0.0 
 06/06  24:00:00,0.0 
 06/07  01:00:00,0.0 
 06/07  02:00:00,0.0 
 06/07  03:00:00,0.0 
 06/07  04:00:00,0.0 
 06/07  05:00:00,0.0 
 06/07  06:00:00,0.0 
 06/07  07:00:00,0.0 
 06/07  08:00:00,0.0 
 06/07  09:00:00,0.0 
 06/07  10:00:00,0.0 
 06/07  11:00:00,0.0 
 06/07  12:00:00,0.0 
 06/07  13:00:00,0.0 
 06/07  14:00:00,0.0 
 06/07  15:00:00,0.0 
 06/07  16:00:00,0.0 
 06/07  17:00:00,0.0 
 06/07  18:00:00,0.0 
 06/07  19:00:00,0.0 
 06/07  20:00:00,0.0 
 06/07  21:00:00,0.0 
 06/07  22:00:00,0.0 
 06/07  23:00:00,0.0 
 06/07  24:00:00,0.0 
 06/08  01:00:00,0.0 
 06/08  02:00:00,0.0 
 06/08  03:00:00,0.0 
 06/08  04:00:00,0.0 
 06/08  05:00:00,0.0 
 06/08  06:00:00,0.0 
 06/08  07:00:00,0.0 
 06/08  08:00:00,0.0 
 06/08  09:00:00,0.0 
 06/08  10:00:00,0.0 
 06/08  11:00:00,0.0 
 06/08  12:00:00,0.0 
 06/08  13:00:00,0.0 
 06/08  14:00:00,0.0 
 06/08  15:00:00,0.0 
 06/08  16:00:00,0.0 
 06/08  17:00:00,0.0 
 06/08  18:00:00,0.0 
 06/08  19:00:00,0.0 
 06/08  20:00:00,0.0 
 06/08  21:00:00,0.0 
 06/08  22:00:00,0.0 
 06/08  23:00:00,0.0 
 06/08  24:00:00,0.0 
 06/09  01:00:00,0.0 
 06/09  02:00:00,0.0 
 06/09  03:00:00,0.0 
 06/09  04:00:00,0.0 
 06/09  05:00:00,0.0 
 06/09  06:00:00,0.0 
 06/09  07:00:00,0.0 
 06/09  08:00:00,0.0 
 06/09  09:00:00,0.0 
 06/09  10:00:00,0.0 
 06/09  11:00:00,0.0 
 06/09  12:00:00,0.0 
 06/09  13:00:00,0.0 
 06/09  14:00:00,0.0 
 06/09  15:00:00,0.0 
 06/09  16:00:00,0.0 
 06/09  17:00:00,0.0 
 06/09  18:00:00,0.0 
 06/09  19:00:00,0.0 
 06/09  20:00:00,0.0 
 06/09  21:00:00,0.0 
 06/09  22:00:00,0.0 
 06/09  23:00:00,0.0 
 06/09  24:00:00,0.0 
 06/10  01:00:00,0.0 
 06/10  02:00:00,0.0 
 06/10  03:00:00,0.0 
 06/10  04:00:00,0.0 
 06/10  05:00:00,0.0 
 06/10  06:00:00,0.0 
 06/10  07:00:00,0.0 
 06/10  08:00:00,0.0 
 06/10  09:00:00,0.0 
 06/10  10:00:00,0.0 
 06/10  11:00:00,0.0 
 06/10  12:00:00,0.0 
 06/10  13:00:00,0.0 
 06/10  14:00:00,0.0 
 06/10  15:00:00,0.0 
 06/10  16:00:00,0.0 
 06/10  17:00:00,0.0 
 06/10  18:00:00,0.0 
 06/10  19:00:00,0.0 
 06/10  20:00:00,0.0 
 06/10  21:00:00,0.0 
 06/10  22:00:00,0.0 
 06/10  23:00:00,0.0 
 06/10  24:00:00,0.0 
 06/11  01:00:00,0.0 
 06/11  02:00:00,0.0 
 06/11  03:00:00,0.0 
 06/11  04:00:00,0.0 
 06/11  05:00:00,0.0 
 06/11  06:00:00,0.0 
 06/11  07:00:00,0.0 
 06/11  08:00:00,0.0 
 06/11  09:00:00,0.0 
 06/11  10:00:00,0.0 
 06/11  11:00:00,0.0 
 06/11  12:00:00,0.0 
 06/11  13:00:00,0.0 
 06/11  14:00:00,0.0 
 06/11  15:00:00,0.0 
 06/11  16:00:00,0.0 
 06/11  17:00:00,0.0 
 06/11  18:00:00,0.0 
 06/11  19:00:00,0.0 
 06/11  20:00:00,0.0 
 06/11  21:00:00,0.0 
 06/11  22:00:00,0.0 
 06/11  23:00:00,0.0 
 06/11  24:00:00,0.0 
 06/12  01:00:00,0.0 
 06/12  02:00:00,0.0 
 06/12  03:00:00,0.0 
 06/12  04:00:00,0.0 
 06/12  05:00:00,0.0 
 06/12  06:00:00,0.0 
 06/12  07:00:00,0.0 
 06/12  08:00:00,0.0 
 06/12  09:00:00,0.0 
 06/12  10:00:00,0.0 
 06/12  11:00:00,0.0 
 06/12  12:00:00,0.0 
 06/12  13:00:00,0.0 
 06/12  14:00:00,0.0 
 06/12  15:00:00,0.0 
 06/12  16:00:00,0.0 
 06/12  17:00:00,0.0 
 06/12  18:00:00,0.0 
 06/12  19:00:00,0.0 
 06/12  20:00:00,0.0 
 06/12  21:00:00,0.0 
 06/12  22:00:00,0.0 
 06/12  23:00:00,0.0 
 06/12  24:00:00,0.0 
 06/13  01:00:00,0.0 
 06/13  02:00:00,0.0 
 06/13  03:00:00,0.0 
 06/13  04:00:00,0.0 
 06/13  05:00:00,0.0 
 06/13  06:00:00,0.0 
 06/13  07:00:00,0.0 
 06/13  08:00:00,0.0 
 06/13  09:00:00,0.0 
 06/13  10:00:00,0.0 
 06/13  11:00:00,0.0 
 06/13  12:00:00,0.0 
 06/13  13:00:00,0.0 
 06/13  14:00:00,0.0 
 06/13  15:00:00,0.0 
 06/13  16:00:00,0.0 
 06/13  17:00:00,0.0 
 06/13  18:00:00,0.0 
 06/13  19:00:00,0.0 
 06/13  20:00:00,0.0 
 06/13  21:00:00,0.0 
 06/13  22:00:00,0.0 
 06/13  23:00:00,0.0 
 06/13  24:00:00,0.0 
 06/14  01:00:00,0.0 
 06/14  02:00:00,0.0 
 06/14  03:00:00,0.0 
 06/14  04:00:00,0.0 
 06/14  05:00:00,0.0 
 06/14  06:00:00,0.0 
 06/14  07:00:00,0.0 
 06/14  08:00:00,0.0 
 06/14  09:00:00,0.0 
 06/14  10:00:00,0.0 
 06/14  11:00:00,0.0 
 06/14  12:00:00,0.0 
 06/14  13:00:00,0.0 
 06/14  14:00:00,0.0 
 06/14  15:00:00,0.0 
 06/14  16:00:00,0.0 
 06/14  17:00:00,0.0 
 06/14  18:00:00,0.0 
 06/14  19:00:00,0.0 
 06/14  20:00:00,0.0 
 06/14  21:00:00,0.0 
 06/14  22:00:00,0.0 
 06/14  23:00:00,0.0 
 06/14  24:00:00,0.0 
 06/15  01:00:00,0.0 
 06/15  02:00:00,0.0 
 06/15  03:00:00,0.0 
 06/15  04:00:00,0.0 
 06/15  05:00:00,0.0 
 06/15  06:00:00,0.0 
 06/15  07:00:00,0.0 
 06/15  08:00:00,0.0 
 06/15  09:00:00,0.0 
 06/15  10:00:00,0.0 
 06/15  11:00:00,0.0 
 06/15  12:00:00,0.0 
 06/15  13:00:00,0.0 
 06/15  14:00:00,0.0 
 06/15  15:00:00,0.0 
 06/15  16:00:00,0.0 
 06/15  17:00:00,0.0 
 06/15  18:00:00,0.0 
 06/15  19:00:00,0.0 
 06/15  20:00:00,0.0 
 06/15  21:00:00,0.0 
 06/15  22:00:00,0.0 
 06/15  23:00:00,0.0 
 06/15  24:00:00,0.0 
 06/16  01:00:00,0.0 
 06/16  02:00:00,0.0 
 06/16  03:00:00,0.0 
 06/16  04:00:00,0.0 
 06/16  05:00:00,0.0 
 06/16  06:00:00,0.0 
 06/16  07:00:00,0.0 
 06/16  08:00:00,0.0 
 06/16  09:00:00,0.0 
 06/16  10:00:00,0.0 
 06/16  11:00:00,0.0 
 06/16  12:00:00,0.0 
 06/16  13:00:00,0.0 
 06/16  14:00:00,0.0 
 06/16  15:00:00,0.0 
 06/16  16:00:00,0.0 
 06/16  17:00:00,0.0 
 06/16  18:00:00,0.0 
 06/16  19:00:00,0.0 
 06/16  20:00:00,0.0 
 06/16  21:00:00,0.0 
 06/16  22:00:00,0.0 
 06/16  23:00:00,0.0 
 06/16  24:00:00,0.0 
 06/17  01:00:00,0.0 
 06/17  02:00:00,0.0 
 06/17  03:00:00,0.0 
 06/17  04:00:00,0.0 
 06/17  05:00:00,0.0 
 06/17  06:00:00,0.0 
 06/17  07:00:00,0.0 
 06/17  08:00:00,0.0 
 06/17  09:00:00,0.0 
 06/17  10:00:00,0.0 
 06/17  11:00:00,0.0 
 06/17  12:00:00,0.0 
 06/17  13:00:00,0.0 
 06/17  14:00:00,0.0 
 06/17  15:00:00,0.0 
 06/17  16:00:00,0.0 
 06/17  17:00:00,0.0 
 06/17  18:00:00,0.0 
 06/17  19:00:00,0.0 
 06/17  20:00:00,0.0 
 06/17  21:00:00,0.0 
 06/17  22:00:00,0.0 
 06/17  23:00:00,0.0 
 06/17  24:00:00,0.0 
 06/18  01:00:00,0.0 
 06/18  02:00:00,0.0 
 06/18  03:00:00,0.0 
 06/18  04:00:00,0.0 
 06/18  05:00:00,0.0 
 06/18  06:00:00,0.0 
 06/18  07:00:00,0.0 
 06/18  08:00:00,0.0 
 06/18  09:00:00,0.0 
 06/18  10:00:00,0.0 
 06/18  11:00:00,0.0 
 06/18  12:00:00,0.0 
 06/18  13:00:00,0.0 
 06/18  14:00:00,0.0 
 06/18  15:00:00,0.0 
 06/18  16:00:00,0.0 
 06/18  17:00:00,0.0 
 06/18  18:00:00,0.0 
 06/18  19:00:00,0.0 
 06/18  20:00:00,0.0 
 06/18  21:00:00,0.0 
 06/18  22:00:00,0.0 
 06/18  23:00:00,0.0 
 06/18  24:00:00,0.0 
 06/19  01:00:00,0.0 
 06/19  02:00:00,0.0 
 06/19  03:00:00,0.0 
 06/19  04:00:00,0.0 
 06/19  05:00:00,0.0 
 06/19  06:00:00,0.0 
 06/19  07:00:00,0.0 
 06/19  08:00:00,0.0 
 06/19  09:00:00,0.0 
 06/19  10:00:00,0.0 
 06/19  11:00:00,0.0 
 06/19  12:00:00,0.0 
 06/19  13:00:00,0.0 
 06/19  14:00:00,0.0 
 06/19  15:00:00,0.0 
 06/19  16:00:00,0.0 
 06/19  17:00:00,0.0 
 06/19  18:00:00,0.0 
 06/19  19:00:00,0.0 
 06/19  20:00:00,0.0 
 06/19  21:00:00,0.0 
 06/19  22:00:00,0.0 
 06/19  23:00:00,0.0 
 06/19  24:00:00,0.0 
 06/20  01:00:00,0.0 
 06/20  02:00:00,0.0 
 06/20  03:00:00,0.0 
 06/20  04:00:00,0.0 
 06/20  05:00:00,0.0 
 06/20  06:00:00,0.0 
 06/20  07:00:00,0.0 
 06/20  08:00:00,0.0 
 06/20  09:00:00,0.0 
 06/20  10:00:00,0.0 
 06/20  11:00:00,0.0 
 06/20  12:00:00,0.0 
 06/20  13:00:00,0.0 
 06/20  14:00:00,0.0 
 06/20  15:00:00,0.0 
 06/20  16:00:00,0.0 
 06/20  17:00:00,0.0 
 06/20  18:00:00,0.0 
 06/20  19:00:00,0.0 
 06/20  20:00:00,0.0 
 06/20  21:00:00,0.0 
 06/20  22:00:00,0.0 
 06/20  23:00:00,0.0 
 06/20  24:00:00,0.0 
 06/21  01:00:00,0.0 
 06/21  02:00:00,0.0 
 06/21  03:00:00,0.0 
 06/21  04:00:00,0.0 
 06/21  05:00:00,0.0 
 06/21  06:00:00,0.0 
 06/21  07:00:00,0.0 
 06/21  08:00:00,0.0 
 06/21  09:00:00,0.0 
 06/21  10:00:00,0.0 
 06/21  11:00:00,0.0 
 06/21  12:00:00,0.0 
 06/21  13:00:00,0.0 
 06/21  14:00:00,0.0 
 06/21  15:00:00,0.0 
 06/21  16:00:00,0.0 
 06/21  17:00:00,0.0 
 06/21  18:00:00,0.0 
 06/21  19:00:00,0.0 
 06/21  20:00:00,0.0 
 06/21  21:00:00,0.0 
 06/21  22:00:00,0.0 
 06/21  23:00:00,0.0 
 06/21  24:00:00,0.0 
 06/22  01:00:00,0.0 
 06/22  02:00:00,0.0 
 06/22  03:00:00,0.0 
 06/22  04:00:00,0.0 
 06/22  05:00:00,0.0 
 06/22  06:00:00,0.0 
 06/22  07:00:00,0.0 
 06/22  08:00:00,0.0 
 06/22  09:00:00,0.0 
 06/22  10:00:00,0.0 
 06/22  11:00:00,0.0 
 06/22  12:00:00,0.0 
 06/22  13:00:00,0.0 
 06/22  14:00:00,0.0 
 06/22  15:00:00,0.0 
 06/22  16:00:00,0.0 
 06/22  17:00:00,0.0 
 06/22  18:00:00,0.0 
 06/22  19:00:00,0.0 
 06/22  20:00:00,0.0 
 06/22  21:00:00,0.0 
 06/22  22:00:00,0.0 
 06/22  23:00:00,0.0 
 06/22  24:00:00,0.0 
 06/23  01:00:00,0.0 
 06/23  02:00:00,0.0 
 06/23  03:00:00,0.0 
 06/23  04:00:00,0.0 
 06/23  05:00:00,0.0 
 06/23  06:00:00,0.0 
 06/23  07:00:00,0.0 
 06/23  08:00:00,0.0 
 06/23  09:00:00,0.0 
 06/23  10:00:00,0.0 
 06/23  11:00:00,0.0 
 06/23  12:00:00,0.0 
 06/23  13:00:00,0.0 
 06/23  14:00:00,0.0 
 06/23  15:00:00,0.0 
 06/23  16:00:00,0.0 
 06/23  17:00:00,0.0 
 06/23  18:00:00,0.0 
 06/23  19:00:00,0.0 
 06/23  20:00:00,0.0 
 06/23  21:00:00,0.0 
 06/23  22:00:00,0.0 
 06/23  23:00:00,0.0 
 06/23  24:00:00,0.0 
 06/24  01:00:00,0.0 
 06/24  02:00:00,0.0 
 06/24  03:00:00,0.0 
 06/24  04:00:00,0.0 
 06/24  05:00:00,0.0 
 06/24  06:00:00,0.0 
 06/24  07:00:00,0.0 
 06/24  08:00:00,0.0 
 06/24  09:00:00,0.0 
 06/24  10:00:00,0.0 
 06/24  11:00:00,0.0 
 06/24  12:00:00,0.0 
 06/24  13:00:00,0.0 
 06/24  14:00:00,0.0 
 06/24  15:00:00,0.0 
 06/24  16:00:00,0.0 
 06/24  17:00:00,0.0 
 06/24  18:00:00,0.0 
 06/24  19:00:00,0.0 
 06/24  20:00:00,0.0 
 06/24  21:00:00,0.0 
 06/24  22:00:00,0.0 
 06/24  23:00:00,0.0 
 06/24  24:00:00,0.0 
 06/25  01:00:00,0.0 
 06/25  02:00:00,0.0 
 06/25  03:00:00,0.0 
 06/25  04:00:00,0.0 
 06/25  05:00:00,0.0 
 06/25  06:00:00,0.0 
 06/25  07:00:00,0.0 
 06/25  08:00:00,0.0 
 06/25  09:00:00,0.0 
 06/25  10:00:00,0.0 
 06/25  11:00:00,0.0 
 06/25  12:00:00,0.0 
 06/25  13:00:00,0.0 
 06/25  14:00:00,0.0 
 06/25  15:00:00,0.0 
 06/25  16:00:00,0.0 
 06/25  17:00:00,0.0 
 06/25  18:00:00,0.0 
 06/25  19:00:00,0.0 
 06/25  20:00:00,0.0 
 06/25  21:00:00,0.0 
 06/25  22:00:00,0.0 
 06/25  23:00:00,0.0 
 06/25  24:00:00,0.0 
 06/26  01:00:00,0.0 
 06/26  02:00:00,0.0 
 06/26  03:00:00,0.0 
 06/26  04:00:00,0.0 
 06/26  05:00:00,0.0 
 06/26  06:00:00,0.0 
 06/26  07:00:00,0.0 
 06/26  08:00:00,0.0 
 06/26  09:00:00,0.0 
 06/26  10:00:00,0.0 
 06/26  11:00:00,0.0 
 06/26  12:00:00,0.0 
 06/26  13:00:00,0.0 
 06/26  14:00:00,0.0 
 06/26  15:00:00,0.0 
 06/26  16:00:00,0.0 
 06/26  17:00:00,0.0 
 06/26  18:00:00,0.0 
 06/26  19:00:00,0.0 
 06/26  20:00:00,0.0 
 06/26  21:00:00,0.0 
 06/26  22:00:00,0.0 
 06/26  23:00:00,0.0 
 06/26  24:00:00,0.0 
 06/27  01:00:00,0.0 
 06/27  02:00:00,0.0 
 06/27  03:00:00,0.0 
 06/27  04:00:00,0.0 
 06/27  05:00:00,0.0 
 06/27  06:00:00,0.0 
 06/27  07:00:00,0.0 
 06/27  08:00:00,0.0 
 06/27  09:00:00,0.0 
 06/27  10:00:00,0.0 
 06/27  11:00:00,0.0 
 06/27  12:00:00,0.0 
 06/27  13:00:00,0.0 
 06/27  14:00:00,0.0 
 06/27  15:00:00,0.0 
 06/27  16:00:00,0.0 
 06/27  17:00:00,0.0 
 06/27  18:00:00,0.0 
 06/27  19:00:00,0.0 
 06/27  20:00:00,0.0 
 06/27  21:00:00,0.0 
 06/27  22:00:00,0.0 
 06/27  23:00:00,0.0 
 06/27  24:00:00,0.0 
 06/28  01:00:00,0.0 
 06/28  02:00:00,0.0 
 06/28  03:00:00,0.0 
 06/28  04:00:00,0.0 
 06/28  05:00:00,0.0 
 06/28  06:00:00,0.0 
 06/28  07:00:00,0.0 
 06/28  08:00:00,0.0 
 06/28  09:00:00,0.0 
 06/28  10:00:00,0.0 
 06/28  11:00:00,0.0 
 06/28  12:00:00,0.0 
 06/28  13:00:00,0.0 
 06/28  14:00:00,0.0 
 06/28  15:00:00,0.0 
 06/28  16:00:00,0.0 
 06/28  17:00:00,0.0 
 06/28  18:00:00,0.0 
 06/28  19:00:00,0.0 
 06/28  20:00:00,0.0 
 06/28  21:00:00,0.0 
 06/28  22:00:00,0.0 
 06/28  23:00:00,0.0 
 06/28  24:00:00,0.0 
 06/29  01:00:00,0.0 
 06/29  02:00:00,0.0 
 06/29  03:00:00,0.0 
 06/29  04:00:00,0.0 
 06/29  05:00:00,0.0 
 06/29  06:00:00,0.0 
 06/29  07:00:00,0.0 
 06/29  08:00:00,0.0 
 06/29  09:00:00,0.0 
 06/29  10:00:00,0.0 
 06/29  11:00:00,0.0 
 06/29  12:00:00,0.0 
 06/29  13:00:00,0.0 
 06/29  14:00:00,0.0 
 06/29  15:00:00,0.0 
 06/29  16:00:00,0.0 
 06/29  17:00:00,0.0 
 06/29  18:00:00,0.0 
 06/29  19:00:00,0.0 
 06/29  20:00:00,0.0 
 06/29  21:00:00,0.0 
 06/29  22:00:00,0.0 
 06/29  23:00:00,0.0 
 06/29  24:00:00,0.0 
 06/30  01:00:00,0.0 
 06/30  02:00:00,0.0 
 06/30  03:00:00,0.0 
 06/30  04:00:00,0.0 
 06/30  05:00:00,0.0 
 06/30  06:00:00,0.0 
 06/30  07:00:00,0.0 
 06/30  08:00:00,0.0 
 06/30  09:00:00,0.0 
 06/30  10:00:00,0.0 
 06/30  11:00:00,0.0 
 06/30  12:00:00,0.0 
 06/30  13:00:00,0.0 
 06/30  14:00:00,0.0 
 06/30  15:00:00,0.0 
 06/30  16:00:00,0.0 
 06/30  17:00:00,0.0 
 06/30  18:00:00,0.0 
 06/30  19:00:00,0.0 
 06/30  20:00:00,0.0 
 06/30  21:00:00,0.0 
 06/30  22:00:00,0.0 
 06/30  23:00:00,0.0 
 06/30  24:00:00,0.0 
 07/01  01:00:00,0.0 
 07/01  02:00:00,0.0 
 07/01  03:00:00,0.0 
 07/01  04:00:00,0.0 
 07/01  05:00:00,0.0 
 07/01  06:00:00,0.0 
 07/01  07:00:00,0.0 
 07/01  08:00:00,0.0 
 07/01  09:00:00,0.0 
 07/01  10:00:00,0.0 
 07/01  11:00:00,0.0 
 07/01  12:00:00,0.0 
 07/01  13:00:00,0.0 
 07/01  14:00:00,0.0 
 07/01  15:00:00,0.0 
 07/01  16:00:00,0.0 
 07/01  17:00:00,0.0 
 07/01  18:00:00,0.0 
 07/01  19:00:00,0.0 
 07/01  20:00:00,0.0 
 07/01  21:00:00,0.0 
 07/01  22:00:00,0.0 
 07/01  23:00:00,0.0 
 07/01  24:00:00,0.0 
 07/02  01:00:00,0.0 
 07/02  02:00:00,0.0 
 07/02  03:00:00,0.0 
 07/02  04:00:00,0.0 
 07/02  05:00:00,0.0 
 07/02  06:00:00,0.0 
 07/02  07:00:00,0.0 
 07/02  08:00:00,0.0 
 07/02  09:00:00,0.0 
 07/02  10:00:00,0.0 
 07/02  11:00:00,0.0 
 07/02  12:00:00,0.0 
 07/02  13:00:00,0.0 
 07/02  14:00:00,0.0 
 07/02  15:00:00,0.0 
 07/02  16:00:00,0.0 
 07/02  17:00:00,0.0 
 07/02  18:00:00,0.0 
 07/02  19:00:00,0.0 
 07/02  20:00:00,0.0 
 07/02  21:00:00,0.0 
 07/02  22:00:00,0.0 
 07/02  23:00:00,0.0 
 07/02  24:00:00,0.0 
 07/03  01:00:00,0.0 
 07/03  02:00:00,0.0 
 07/03  03:00:00,0.0 
 07/03  04:00:00,0.0 
 07/03  05:00:00,0.0 
 07/03  06:00:00,0.0 
 07/03  07:00:00,0.0 
 07/03  08:00:00,0.0 
 07/03  09:00:00,0.0 
 07/03  10:00:00,0.0 
 07/03  11:00:00,0.0 
 07/03  12:00:00,0.0 
 07/03  13:00:00,0.0 
 07/03  14:00:00,0.0 
 07/03  15:00:00,0.0 
 07/03  16:00:00,0.0 
 07/03  17:00:00,0.0 
 07/03  18:00:00,0.0 
 07/03  19:00:00,0.0 
 07/03  20:00:00,0.0 
 07/03  21:00:00,0.0 
 07/03  22:00:00,0.0 
 07/03  23:00:00,0.0 
 07/03  24:00:00,0.0 
 07/04  01:00:00,0.0 
 07/04  02:00:00,0.0 
 07/04  03:00:00,0.0 
 07/04  04:00:00,0.0 
 07/04  05:00:00,0.0 
 07/04  06:00:00,0.0 
 07/04  07:00:00,0.0 
 07/04  08:00:00,0.0 
 07/04  09:00:00,0.0 
 07/04  10:00:00,0.0 
 07/04  11:00:00,0.0 
 07/04  12:00:00,0.0 
 07/04  13:00:00,0.0 
 07/04  14:00:00,0.0 
 07/04  15:00:00,0.0 
 07/04  16:00:00,0.0 
 07/04  17:00:00,0.0 
 07/04  18:00:00,0.0 
 07/04  19:00:00,0.0 
 07/04  20:00:00,0.0 
 07/04  21:00:00,0.0 
 07/04  22:00:00,0.0 
 07/04  23:00:00,0.0 
 07/04  24:00:00,0.0 
 07/05  01:00:00,0.0 
 07/05  02:00:00,0.0 
 07/05  03:00:00,0.0 
 07/05  04:00:00,0.0 
 07/05  05:00:00,0.0 
 07/05  06:00:00,0.0 
 07/05  07:00:00,0.0 
 07/05  08:00:00,0.0 
 07/05  09:00:00,0.0 
 07/05  10:00:00,0.0 
 07/05  11:00:00,0.0 
 07/05  12:00:00,0.0 
 07/05  13:00:00,0.0 
 07/05  14:00:00,0.0 
 07/05  15:00:00,0.0 
 07/05  16:00:00,0.0 
 07/05  17:00:00,0.0 
 07/05  18:00:00,0.0 
 07/05  19:00:00,0.0 
 07/05  20:00:00,0.0 
 07/05  21:00:00,0.0 
 07/05  22:00:00,0.0 
 07/05  23:00:00,0.0 
 07/05  24:00:00,0.0 
 07/06  01:00:00,0.0 
 07/06  02:00:00,0.0 
 07/06  03:00:00,0.0 
 07/06  04:00:00,0.0 
 07/06  05:00:00,0.0 
 07/06  06:00:00,0.0 
 07/06  07:00:00,0.0 
 07/06  08:00:00,0.0 
 07/06  09:00:00,0.0 
 07/06  10:00:00,0.0 
 07/06  11:00:00,0.0 
 07/06  12:00:00,0.0 
 07/06  13:00:00,0.0 
 07/06  14:00:00,0.0 
 07/06  15:00:00,0.0 
 07/06  16:00:00,0.0 
 07/06  17:00:00,0.0 
 07/06  18:00:00,0.0 
 07/06  19:00:00,0.0 
 07/06  20:00:00,0.0 
 07/06  21:00:00,0.0 
 07/06  22:00:00,0.0 
 07/06  23:00:00,0.0 
 07/06  24:00:00,0.0 
 07/07  01:00:00,0.0 
 07/07  02:00:00,0.0 
 07/07  03:00:00,0.0 
 07/07  04:00:00,0.0 
 07/07  05:00:00,0.0 
 07/07  06:00:00,0.0 
 07/07  07:00:00,0.0 
 07/07  08:00:00,0.0 
 07/07  09:00:00,0.0 
 07/07  10:00:00,0.0 
 07/07  11:00:00,0.0 
 07/07  12:00:00,0.0 
 07/07  13:00:00,0.0 
 07/07  14:00:00,0.0 
 07/07  15:00:00,0.0 
 07/07  16:00:00,0.0 
 07/07  17:00:00,0.0 
 07/07  18:00:00,0.0 
 07/07  19:00:00,0.0 
 07/07  20:00:00,0.0 
 07/07  21:00:00,0.0 
 07/07  22:00:00,0.0 
 07/07  23:00:00,0.0 
 07/07  24:00:00,0.0 
 07/08  01:00:00,0.0 
 07/08  02:00:00,0.0 
 07/08  03:00:00,0.0 
 07/08  04:00:00,0.0 
 07/08  05:00:00,0.0 
 07/08  06:00:00,0.0 
 07/08  07:00:00,0.0 
 07/08  08:00:00,0.0 
 07/08  09:00:00,0.0 
 07/08  10:00:00,0.0 
 07/08  11:00:00,0.0 
 07/08  12:00:00,0.0 
 07/08  13:00:00,0.0 
 07/08  14:00:00,0.0 
 07/08  15:00:00,0.0 
 07/08  16:00:00,0.0 
 07/08  17:00:00,0.0 
 07/08  18:00:00,0.0 
 07/08  19:00:00,0.0 
 07/08  20:00:00,0.0 
 07/08  21:00:00,0.0 
 07/08  22:00:00,0.0 
 07/08  23:00:00,0.0 
 07/08  24:00:00,0.0 
 07/09  01:00:00,0.0 
 07/09  02:00:00,0.0 
 07/09  03:00:00,0.0 
 07/09  04:00:00,0.0 
 07/09  05:00:00,0.0 
 07/09  06:00:00,0.0 
 07/09  07:00:00,0.0 
 07/09  08:00:00,0.0 
 07/09  09:00:00,0.0 
 07/09  10:00:00,0.0 
 07/09  11:00:00,0.0 
 07/09  12:00:00,0.0 
 07/09  13:00:00,0.0 
 07/09  14:00:00,0.0 
 07/09  15:00:00,0.0 
 07/09  16:00:00,0.0 
 07/09  17:00:00,0.0 
 07/09  18:00:00,0.0 
 07/09  19:00:00,0.0 
 07/09  20:00:00,0.0 
 07/09  21:00:00,0.0 
 07/09  22:00:00,0.0 
 07/09  23:00:00,0.0 
 07/09  24:00:00,0.0 
 07/10  01:00:00,0.0 
 07/10  02:00:00,0.0 
 07/10  03:00:00,0.0 
 07/10  04:00:00,0.0 
 07/10  05:00:00,0.0 
 07/10  06:00:00,0.0 
 07/10  07:00:00,0.0 
 07/10  08:00:00,0.0 
 07/10  09:00:00,0.0 
 07/10  10:00:00,0.0 
 07/10  11:00:00,0.0 
 07/10  12:00:00,0.0 
 07/10  13:00:00,0.0 
 07/10  14:00:00,0.0 
 07/10  15:00:00,0.0 
 07/10  16:00:00,0.0 
 07/10  17:00:00,0.0 
 07/10  18:00:00,0.0 
 07/10  19:00:00,0.0 
 07/10  20:00:00,0.0 
 07/10  21:00:00,0.0 
 07/10  22:00:00,0.0 
 07/10  23:00:00,0.0 
 07/10  24:00:00,0.0 
 07/11  01:00:00,0.0 
 07/11  02:00:00,0.0 
 07/11  03:00:00,0.0 
 07/11  04:00:00,0.0 
 07/11  05:00:00,0.0 
 07/11  06:00:00,524543.6508320505 
 07/11  07:00:00,427503.0648795655 
 07/11  08:00:00,0.0 
 07/11  09:00:00,0.0 
 07/11  10:00:00,0.0 
 07/11  11:00:00,0.0 
 07/11  12:00:00,0.0 
 07/11  13:00:00,0.0 
 07/11  14:00:00,0.0 
 07/11  15:00:00,0.0 
 07/11  16:00:00,0.0 
 07/11  17:00:00,0.0 
 07/11  18:00:00,0.0 
 07/11  19:00:00,0.0 
 07/11  20:00:00,0.0 
 07/11  21:00:00,0.0 
 07/11  22:00:00,0.0 
 07/11  23:00:00,0.0 
 07/11  24:00:00,0.0 
 07/12  01:00:00,0.0 
 07/12  02:00:00,0.0 
 07/12  03:00:00,0.0 
 07/12  04:00:00,0.0 
 07/12  05:00:00,0.0 
 07/12  06:00:00,0.0 
 07/12  07:00:00,0.0 
 07/12  08:00:00,0.0 
 07/12  09:00:00,0.0 
 07/12  10:00:00,0.0 
 07/12  11:00:00,0.0 
 07/12  12:00:00,0.0 
 07/12  13:00:00,0.0 
 07/12  14:00:00,0.0 
 07/12  15:00:00,0.0 
 07/12  16:00:00,0.0 
 07/12  17:00:00,0.0 
 07/12  18:00:00,0.0 
 07/12  19:00:00,0.0 
 07/12  20:00:00,0.0 
 07/12  21:00:00,0.0 
 07/12  22:00:00,0.0 
 07/12  23:00:00,0.0 
 07/12  24:00:00,0.0 
 07/13  01:00:00,0.0 
 07/13  02:00:00,0.0 
 07/13  03:00:00,0.0 
 07/13  04:00:00,0.0 
 07/13  05:00:00,0.0 
 07/13  06:00:00,0.0 
 07/13  07:00:00,0.0 
 07/13  08:00:00,0.0 
 07/13  09:00:00,0.0 
 07/13  10:00:00,0.0 
 07/13  11:00:00,0.0 
 07/13  12:00:00,0.0 
 07/13  13:00:00,0.0 
 07/13  14:00:00,0.0 
 07/13  15:00:00,0.0 
 07/13  16:00:00,0.0 
 07/13  17:00:00,0.0 
 07/13  18:00:00,0.0 
 07/13  19:00:00,0.0 
 07/13  20:00:00,0.0 
 07/13  21:00:00,0.0 
 07/13  22:00:00,0.0 
 07/13  23:00:00,0.0 
 07/13  24:00:00,0.0 
 07/14  01:00:00,0.0 
 07/14  02:00:00,0.0 
 07/14  03:00:00,0.0 
 07/14  04:00:00,0.0 
 07/14  05:00:00,0.0 
 07/14  06:00:00,0.0 
 07/14  07:00:00,0.0 
 07/14  08:00:00,0.0 
 07/14  09:00:00,0.0 
 07/14  10:00:00,0.0 
 07/14  11:00:00,0.0 
 07/14  12:00:00,0.0 
 07/14  13:00:00,0.0 
 07/14  14:00:00,0.0 
 07/14  15:00:00,0.0 
 07/14  16:00:00,0.0 
 07/14  17:00:00,0.0 
 07/14  18:00:00,0.0 
 07/14  19:00:00,0.0 
 07/14  20:00:00,0.0 
 07/14  21:00:00,0.0 
 07/14  22:00:00,0.0 
 07/14  23:00:00,0.0 
 07/14  24:00:00,0.0 
 07/15  01:00:00,0.0 
 07/15  02:00:00,0.0 
 07/15  03:00:00,0.0 
 07/15  04:00:00,0.0 
 07/15  05:00:00,0.0 
 07/15  06:00:00,0.0 
 07/15  07:00:00,0.0 
 07/15  08:00:00,0.0 
 07/15  09:00:00,0.0 
 07/15  10:00:00,0.0 
 07/15  11:00:00,0.0 
 07/15  12:00:00,0.0 
 07/15  13:00:00,0.0 
 07/15  14:00:00,0.0 
 07/15  15:00:00,0.0 
 07/15  16:00:00,0.0 
 07/15  17:00:00,0.0 
 07/15  18:00:00,0.0 
 07/15  19:00:00,0.0 
 07/15  20:00:00,0.0 
 07/15  21:00:00,0.0 
 07/15  22:00:00,0.0 
 07/15  23:00:00,0.0 
 07/15  24:00:00,0.0 
 07/16  01:00:00,0.0 
 07/16  02:00:00,0.0 
 07/16  03:00:00,0.0 
 07/16  04:00:00,0.0 
 07/16  05:00:00,0.0 
 07/16  06:00:00,0.0 
 07/16  07:00:00,0.0 
 07/16  08:00:00,0.0 
 07/16  09:00:00,0.0 
 07/16  10:00:00,0.0 
 07/16  11:00:00,0.0 
 07/16  12:00:00,0.0 
 07/16  13:00:00,0.0 
 07/16  14:00:00,0.0 
 07/16  15:00:00,0.0 
 07/16  16:00:00,0.0 
 07/16  17:00:00,0.0 
 07/16  18:00:00,0.0 
 07/16  19:00:00,0.0 
 07/16  20:00:00,0.0 
 07/16  21:00:00,0.0 
 07/16  22:00:00,0.0 
 07/16  23:00:00,0.0 
 07/16  24:00:00,0.0 
 07/17  01:00:00,0.0 
 07/17  02:00:00,0.0 
 07/17  03:00:00,0.0 
 07/17  04:00:00,0.0 
 07/17  05:00:00,0.0 
 07/17  06:00:00,0.0 
 07/17  07:00:00,0.0 
 07/17  08:00:00,0.0 
 07/17  09:00:00,0.0 
 07/17  10:00:00,0.0 
 07/17  11:00:00,0.0 
 07/17  12:00:00,0.0 
 07/17  13:00:00,0.0 
 07/17  14:00:00,0.0 
 07/17  15:00:00,0.0 
 07/17  16:00:00,0.0 
 07/17  17:00:00,0.0 
 07/17  18:00:00,0.0 
 07/17  19:00:00,0.0 
 07/17  20:00:00,0.0 
 07/17  21:00:00,0.0 
 07/17  22:00:00,0.0 
 07/17  23:00:00,0.0 
 07/17  24:00:00,0.0 
 07/18  01:00:00,0.0 
 07/18  02:00:00,0.0 
 07/18  03:00:00,0.0 
 07/18  04:00:00,0.0 
 07/18  05:00:00,0.0 
 07/18  06:00:00,0.0 
 07/18  07:00:00,0.0 
 07/18  08:00:00,0.0 
 07/18  09:00:00,0.0 
 07/18  10:00:00,0.0 
 07/18  11:00:00,0.0 
 07/18  12:00:00,0.0 
 07/18  13:00:00,0.0 
 07/18  14:00:00,0.0 
 07/18  15:00:00,0.0 
 07/18  16:00:00,0.0 
 07/18  17:00:00,0.0 
 07/18  18:00:00,0.0 
 07/18  19:00:00,0.0 
 07/18  20:00:00,0.0 
 07/18  21:00:00,0.0 
 07/18  22:00:00,0.0 
 07/18  23:00:00,0.0 
 07/18  24:00:00,0.0 
 07/19  01:00:00,0.0 
 07/19  02:00:00,0.0 
 07/19  03:00:00,0.0 
 07/19  04:00:00,0.0 
 07/19  05:00:00,0.0 
 07/19  06:00:00,0.0 
 07/19  07:00:00,0.0 
 07/19  08:00:00,0.0 
 07/19  09:00:00,0.0 
 07/19  10:00:00,0.0 
 07/19  11:00:00,0.0 
 07/19  12:00:00,0.0 
 07/19  13:00:00,0.0 
 07/19  14:00:00,0.0 
 07/19  15:00:00,0.0 
 07/19  16:00:00,0.0 
 07/19  17:00:00,0.0 
 07/19  18:00:00,0.0 
 07/19  19:00:00,0.0 
 07/19  20:00:00,0.0 
 07/19  21:00:00,0.0 
 07/19  22:00:00,0.0 
 07/19  23:00:00,0.0 
 07/19  24:00:00,0.0 
 07/20  01:00:00,0.0 
 07/20  02:00:00,0.0 
 07/20  03:00:00,0.0 
 07/20  04:00:00,0.0 
 07/20  05:00:00,0.0 
 07/20  06:00:00,0.0 
 07/20  07:00:00,0.0 
 07/20  08:00:00,0.0 
 07/20  09:00:00,0.0 
 07/20  10:00:00,0.0 
 07/20  11:00:00,0.0 
 07/20  12:00:00,0.0 
 07/20  13:00:00,0.0 
 07/20  14:00:00,0.0 
 07/20  15:00:00,0.0 
 07/20  16:00:00,0.0 
 07/20  17:00:00,0.0 
 07/20  18:00:00,0.0 
 07/20  19:00:00,0.0 
 07/20  20:00:00,0.0 
 07/20  21:00:00,0.0 
 07/20  22:00:00,0.0 
 07/20  23:00:00,0.0 
 07/20  24:00:00,0.0 
 07/21  01:00:00,0.0 
 07/21  02:00:00,0.0 
 07/21  03:00:00,0.0 
 07/21  04:00:00,0.0 
 07/21  05:00:00,0.0 
 07/21  06:00:00,0.0 
 07/21  07:00:00,0.0 
 07/21  08:00:00,0.0 
 07/21  09:00:00,0.0 
 07/21  10:00:00,0.0 
 07/21  11:00:00,0.0 
 07/21  12:00:00,0.0 
 07/21  13:00:00,0.0 
 07/21  14:00:00,0.0 
 07/21  15:00:00,0.0 
 07/21  16:00:00,0.0 
 07/21  17:00:00,0.0 
 07/21  18:00:00,0.0 
 07/21  19:00:00,0.0 
 07/21  20:00:00,0.0 
 07/21  21:00:00,0.0 
 07/21  22:00:00,0.0 
 07/21  23:00:00,0.0 
 07/21  24:00:00,0.0 
 07/22  01:00:00,0.0 
 07/22  02:00:00,0.0 
 07/22  03:00:00,0.0 
 07/22  04:00:00,0.0 
 07/22  05:00:00,0.0 
 07/22  06:00:00,0.0 
 07/22  07:00:00,0.0 
 07/22  08:00:00,0.0 
 07/22  09:00:00,0.0 
 07/22  10:00:00,0.0 
 07/22  11:00:00,0.0 
 07/22  12:00:00,0.0 
 07/22  13:00:00,0.0 
 07/22  14:00:00,0.0 
 07/22  15:00:00,0.0 
 07/22  16:00:00,0.0 
 07/22  17:00:00,0.0 
 07/22  18:00:00,0.0 
 07/22  19:00:00,0.0 
 07/22  20:00:00,0.0 
 07/22  21:00:00,0.0 
 07/22  22:00:00,0.0 
 07/22  23:00:00,0.0 
 07/22  24:00:00,0.0 
 07/23  01:00:00,0.0 
 07/23  02:00:00,0.0 
 07/23  03:00:00,0.0 
 07/23  04:00:00,0.0 
 07/23  05:00:00,0.0 
 07/23  06:00:00,0.0 
 07/23  07:00:00,0.0 
 07/23  08:00:00,0.0 
 07/23  09:00:00,0.0 
 07/23  10:00:00,0.0 
 07/23  11:00:00,0.0 
 07/23  12:00:00,0.0 
 07/23  13:00:00,0.0 
 07/23  14:00:00,0.0 
 07/23  15:00:00,0.0 
 07/23  16:00:00,0.0 
 07/23  17:00:00,0.0 
 07/23  18:00:00,0.0 
 07/23  19:00:00,0.0 
 07/23  20:00:00,0.0 
 07/23  21:00:00,0.0 
 07/23  22:00:00,0.0 
 07/23  23:00:00,0.0 
 07/23  24:00:00,0.0 
 07/24  01:00:00,0.0 
 07/24  02:00:00,0.0 
 07/24  03:00:00,0.0 
 07/24  04:00:00,0.0 
 07/24  05:00:00,0.0 
 07/24  06:00:00,0.0 
 07/24  07:00:00,0.0 
 07/24  08:00:00,0.0 
 07/24  09:00:00,0.0 
 07/24  10:00:00,0.0 
 07/24  11:00:00,0.0 
 07/24  12:00:00,0.0 
 07/24  13:00:00,0.0 
 07/24  14:00:00,0.0 
 07/24  15:00:00,0.0 
 07/24  16:00:00,0.0 
 07/24  17:00:00,0.0 
 07/24  18:00:00,0.0 
 07/24  19:00:00,0.0 
 07/24  20:00:00,0.0 
 07/24  21:00:00,0.0 
 07/24  22:00:00,0.0 
 07/24  23:00:00,0.0 
 07/24  24:00:00,0.0 
 07/25  01:00:00,0.0 
 07/25  02:00:00,0.0 
 07/25  03:00:00,0.0 
 07/25  04:00:00,0.0 
 07/25  05:00:00,0.0 
 07/25  06:00:00,0.0 
 07/25  07:00:00,0.0 
 07/25  08:00:00,0.0 
 07/25  09:00:00,0.0 
 07/25  10:00:00,0.0 
 07/25  11:00:00,0.0 
 07/25  12:00:00,0.0 
 07/25  13:00:00,0.0 
 07/25  14:00:00,0.0 
 07/25  15:00:00,0.0 
 07/25  16:00:00,0.0 
 07/25  17:00:00,0.0 
 07/25  18:00:00,0.0 
 07/25  19:00:00,0.0 
 07/25  20:00:00,0.0 
 07/25  21:00:00,0.0 
 07/25  22:00:00,0.0 
 07/25  23:00:00,0.0 
 07/25  24:00:00,0.0 
 07/26  01:00:00,0.0 
 07/26  02:00:00,0.0 
 07/26  03:00:00,0.0 
 07/26  04:00:00,0.0 
 07/26  05:00:00,0.0 
 07/26  06:00:00,0.0 
 07/26  07:00:00,0.0 
 07/26  08:00:00,0.0 
 07/26  09:00:00,0.0 
 07/26  10:00:00,0.0 
 07/26  11:00:00,0.0 
 07/26  12:00:00,0.0 
 07/26  13:00:00,0.0 
 07/26  14:00:00,0.0 
 07/26  15:00:00,0.0 
 07/26  16:00:00,0.0 
 07/26  17:00:00,0.0 
 07/26  18:00:00,0.0 
 07/26  19:00:00,0.0 
 07/26  20:00:00,0.0 
 07/26  21:00:00,0.0 
 07/26  22:00:00,0.0 
 07/26  23:00:00,0.0 
 07/26  24:00:00,0.0 
 07/27  01:00:00,0.0 
 07/27  02:00:00,0.0 
 07/27  03:00:00,0.0 
 07/27  04:00:00,0.0 
 07/27  05:00:00,0.0 
 07/27  06:00:00,0.0 
 07/27  07:00:00,0.0 
 07/27  08:00:00,0.0 
 07/27  09:00:00,0.0 
 07/27  10:00:00,0.0 
 07/27  11:00:00,0.0 
 07/27  12:00:00,0.0 
 07/27  13:00:00,0.0 
 07/27  14:00:00,0.0 
 07/27  15:00:00,0.0 
 07/27  16:00:00,0.0 
 07/27  17:00:00,0.0 
 07/27  18:00:00,0.0 
 07/27  19:00:00,0.0 
 07/27  20:00:00,0.0 
 07/27  21:00:00,0.0 
 07/27  22:00:00,0.0 
 07/27  23:00:00,0.0 
 07/27  24:00:00,0.0 
 07/28  01:00:00,0.0 
 07/28  02:00:00,0.0 
 07/28  03:00:00,0.0 
 07/28  04:00:00,0.0 
 07/28  05:00:00,0.0 
 07/28  06:00:00,0.0 
 07/28  07:00:00,0.0 
 07/28  08:00:00,0.0 
 07/28  09:00:00,0.0 
 07/28  10:00:00,0.0 
 07/28  11:00:00,0.0 
 07/28  12:00:00,0.0 
 07/28  13:00:00,0.0 
 07/28  14:00:00,0.0 
 07/28  15:00:00,0.0 
 07/28  16:00:00,0.0 
 07/28  17:00:00,0.0 
 07/28  18:00:00,0.0 
 07/28  19:00:00,0.0 
 07/28  20:00:00,0.0 
 07/28  21:00:00,0.0 
 07/28  22:00:00,0.0 
 07/28  23:00:00,0.0 
 07/28  24:00:00,0.0 
 07/29  01:00:00,0.0 
 07/29  02:00:00,0.0 
 07/29  03:00:00,0.0 
 07/29  04:00:00,0.0 
 07/29  05:00:00,0.0 
 07/29  06:00:00,0.0 
 07/29  07:00:00,0.0 
 07/29  08:00:00,0.0 
 07/29  09:00:00,0.0 
 07/29  10:00:00,0.0 
 07/29  11:00:00,0.0 
 07/29  12:00:00,0.0 
 07/29  13:00:00,0.0 
 07/29  14:00:00,0.0 
 07/29  15:00:00,0.0 
 07/29  16:00:00,0.0 
 07/29  17:00:00,0.0 
 07/29  18:00:00,0.0 
 07/29  19:00:00,0.0 
 07/29  20:00:00,0.0 
 07/29  21:00:00,0.0 
 07/29  22:00:00,0.0 
 07/29  23:00:00,0.0 
 07/29  24:00:00,0.0 
 07/30  01:00:00,0.0 
 07/30  02:00:00,0.0 
 07/30  03:00:00,0.0 
 07/30  04:00:00,0.0 
 07/30  05:00:00,0.0 
 07/30  06:00:00,0.0 
 07/30  07:00:00,0.0 
 07/30  08:00:00,0.0 
 07/30  09:00:00,0.0 
 07/30  10:00:00,0.0 
 07/30  11:00:00,0.0 
 07/30  12:00:00,0.0 
 07/30  13:00:00,0.0 
 07/30  14:00:00,0.0 
 07/30  15:00:00,0.0 
 07/30  16:00:00,0.0 
 07/30  17:00:00,0.0 
 07/30  18:00:00,0.0 
 07/30  19:00:00,0.0 
 07/30  20:00:00,0.0 
 07/30  21:00:00,0.0 
 07/30  22:00:00,0.0 
 07/30  23:00:00,0.0 
 07/30  24:00:00,0.0 
 07/31  01:00:00,0.0 
 07/31  02:00:00,0.0 
 07/31  03:00:00,0.0 
 07/31  04:00:00,0.0 
 07/31  05:00:00,0.0 
 07/31  06:00:00,0.0 
 07/31  07:00:00,0.0 
 07/31  08:00:00,0.0 
 07/31  09:00:00,0.0 
 07/31  10:00:00,0.0 
 07/31  11:00:00,0.0 
 07/31  12:00:00,0.0 
 07/31  13:00:00,0.0 
 07/31  14:00:00,0.0 
 07/31  15:00:00,0.0 
 07/31  16:00:00,0.0 
 07/31  17:00:00,0.0 
 07/31  18:00:00,0.0 
 07/31  19:00:00,0.0 
 07/31  20:00:00,0.0 
 07/31  21:00:00,0.0 
 07/31  22:00:00,0.0 
 07/31  23:00:00,0.0 
 07/31  24:00:00,0.0 
 08/01  01:00:00,0.0 
 08/01  02:00:00,0.0 
 08/01  03:00:00,0.0 
 08/01  04:00:00,0.0 
 08/01  05:00:00,0.0 
 08/01  06:00:00,0.0 
 08/01  07:00:00,0.0 
 08/01  08:00:00,0.0 
 08/01  09:00:00,0.0 
 08/01  10:00:00,0.0 
 08/01  11:00:00,0.0 
 08/01  12:00:00,0.0 
 08/01  13:00:00,0.0 
 08/01  14:00:00,0.0 
 08/01  15:00:00,0.0 
 08/01  16:00:00,0.0 
 08/01  17:00:00,0.0 
 08/01  18:00:00,0.0 
 08/01  19:00:00,0.0 
 08/01  20:00:00,0.0 
 08/01  21:00:00,0.0 
 08/01  22:00:00,0.0 
 08/01  23:00:00,0.0 
 08/01  24:00:00,0.0 
 08/02  01:00:00,0.0 
 08/02  02:00:00,0.0 
 08/02  03:00:00,0.0 
 08/02  04:00:00,0.0 
 08/02  05:00:00,0.0 
 08/02  06:00:00,0.0 
 08/02  07:00:00,0.0 
 08/02  08:00:00,0.0 
 08/02  09:00:00,0.0 
 08/02  10:00:00,0.0 
 08/02  11:00:00,0.0 
 08/02  12:00:00,0.0 
 08/02  13:00:00,0.0 
 08/02  14:00:00,0.0 
 08/02  15:00:00,0.0 
 08/02  16:00:00,0.0 
 08/02  17:00:00,0.0 
 08/02  18:00:00,0.0 
 08/02  19:00:00,0.0 
 08/02  20:00:00,0.0 
 08/02  21:00:00,0.0 
 08/02  22:00:00,0.0 
 08/02  23:00:00,0.0 
 08/02  24:00:00,0.0 
 08/03  01:00:00,0.0 
 08/03  02:00:00,0.0 
 08/03  03:00:00,0.0 
 08/03  04:00:00,0.0 
 08/03  05:00:00,0.0 
 08/03  06:00:00,0.0 
 08/03  07:00:00,0.0 
 08/03  08:00:00,0.0 
 08/03  09:00:00,0.0 
 08/03  10:00:00,0.0 
 08/03  11:00:00,0.0 
 08/03  12:00:00,0.0 
 08/03  13:00:00,0.0 
 08/03  14:00:00,0.0 
 08/03  15:00:00,0.0 
 08/03  16:00:00,0.0 
 08/03  17:00:00,0.0 
 08/03  18:00:00,0.0 
 08/03  19:00:00,0.0 
 08/03  20:00:00,0.0 
 08/03  21:00:00,0.0 
 08/03  22:00:00,0.0 
 08/03  23:00:00,0.0 
 08/03  24:00:00,0.0 
 08/04  01:00:00,0.0 
 08/04  02:00:00,0.0 
 08/04  03:00:00,0.0 
 08/04  04:00:00,0.0 
 08/04  05:00:00,0.0 
 08/04  06:00:00,0.0 
 08/04  07:00:00,0.0 
 08/04  08:00:00,0.0 
 08/04  09:00:00,0.0 
 08/04  10:00:00,0.0 
 08/04  11:00:00,0.0 
 08/04  12:00:00,0.0 
 08/04  13:00:00,0.0 
 08/04  14:00:00,0.0 
 08/04  15:00:00,0.0 
 08/04  16:00:00,0.0 
 08/04  17:00:00,0.0 
 08/04  18:00:00,0.0 
 08/04  19:00:00,0.0 
 08/04  20:00:00,0.0 
 08/04  21:00:00,0.0 
 08/04  22:00:00,0.0 
 08/04  23:00:00,0.0 
 08/04  24:00:00,0.0 
 08/05  01:00:00,0.0 
 08/05  02:00:00,0.0 
 08/05  03:00:00,0.0 
 08/05  04:00:00,0.0 
 08/05  05:00:00,0.0 
 08/05  06:00:00,0.0 
 08/05  07:00:00,0.0 
 08/05  08:00:00,0.0 
 08/05  09:00:00,0.0 
 08/05  10:00:00,0.0 
 08/05  11:00:00,0.0 
 08/05  12:00:00,0.0 
 08/05  13:00:00,0.0 
 08/05  14:00:00,0.0 
 08/05  15:00:00,0.0 
 08/05  16:00:00,0.0 
 08/05  17:00:00,0.0 
 08/05  18:00:00,0.0 
 08/05  19:00:00,0.0 
 08/05  20:00:00,0.0 
 08/05  21:00:00,0.0 
 08/05  22:00:00,0.0 
 08/05  23:00:00,0.0 
 08/05  24:00:00,0.0 
 08/06  01:00:00,0.0 
 08/06  02:00:00,0.0 
 08/06  03:00:00,0.0 
 08/06  04:00:00,0.0 
 08/06  05:00:00,0.0 
 08/06  06:00:00,0.0 
 08/06  07:00:00,0.0 
 08/06  08:00:00,0.0 
 08/06  09:00:00,0.0 
 08/06  10:00:00,0.0 
 08/06  11:00:00,0.0 
 08/06  12:00:00,0.0 
 08/06  13:00:00,0.0 
 08/06  14:00:00,0.0 
 08/06  15:00:00,0.0 
 08/06  16:00:00,0.0 
 08/06  17:00:00,0.0 
 08/06  18:00:00,0.0 
 08/06  19:00:00,0.0 
 08/06  20:00:00,0.0 
 08/06  21:00:00,0.0 
 08/06  22:00:00,0.0 
 08/06  23:00:00,0.0 
 08/06  24:00:00,0.0 
 08/07  01:00:00,0.0 
 08/07  02:00:00,0.0 
 08/07  03:00:00,0.0 
 08/07  04:00:00,0.0 
 08/07  05:00:00,0.0 
 08/07  06:00:00,0.0 
 08/07  07:00:00,0.0 
 08/07  08:00:00,0.0 
 08/07  09:00:00,0.0 
 08/07  10:00:00,0.0 
 08/07  11:00:00,0.0 
 08/07  12:00:00,0.0 
 08/07  13:00:00,0.0 
 08/07  14:00:00,0.0 
 08/07  15:00:00,0.0 
 08/07  16:00:00,0.0 
 08/07  17:00:00,0.0 
 08/07  18:00:00,0.0 
 08/07  19:00:00,0.0 
 08/07  20:00:00,0.0 
 08/07  21:00:00,0.0 
 08/07  22:00:00,0.0 
 08/07  23:00:00,0.0 
 08/07  24:00:00,0.0 
 08/08  01:00:00,0.0 
 08/08  02:00:00,0.0 
 08/08  03:00:00,0.0 
 08/08  04:00:00,0.0 
 08/08  05:00:00,0.0 
 08/08  06:00:00,0.0 
 08/08  07:00:00,0.0 
 08/08  08:00:00,0.0 
 08/08  09:00:00,0.0 
 08/08  10:00:00,0.0 
 08/08  11:00:00,0.0 
 08/08  12:00:00,0.0 
 08/08  13:00:00,0.0 
 08/08  14:00:00,0.0 
 08/08  15:00:00,0.0 
 08/08  16:00:00,0.0 
 08/08  17:00:00,0.0 
 08/08  18:00:00,0.0 
 08/08  19:00:00,0.0 
 08/08  20:00:00,0.0 
 08/08  21:00:00,0.0 
 08/08  22:00:00,0.0 
 08/08  23:00:00,0.0 
 08/08  24:00:00,0.0 
 08/09  01:00:00,0.0 
 08/09  02:00:00,0.0 
 08/09  03:00:00,0.0 
 08/09  04:00:00,0.0 
 08/09  05:00:00,0.0 
 08/09  06:00:00,0.0 
 08/09  07:00:00,0.0 
 08/09  08:00:00,0.0 
 08/09  09:00:00,0.0 
 08/09  10:00:00,0.0 
 08/09  11:00:00,0.0 
 08/09  12:00:00,0.0 
 08/09  13:00:00,0.0 
 08/09  14:00:00,0.0 
 08/09  15:00:00,0.0 
 08/09  16:00:00,0.0 
 08/09  17:00:00,0.0 
 08/09  18:00:00,0.0 
 08/09  19:00:00,0.0 
 08/09  20:00:00,0.0 
 08/09  21:00:00,0.0 
 08/09  22:00:00,0.0 
 08/09  23:00:00,0.0 
 08/09  24:00:00,0.0 
 08/10  01:00:00,0.0 
 08/10  02:00:00,0.0 
 08/10  03:00:00,0.0 
 08/10  04:00:00,0.0 
 08/10  05:00:00,0.0 
 08/10  06:00:00,0.0 
 08/10  07:00:00,0.0 
 08/10  08:00:00,0.0 
 08/10  09:00:00,0.0 
 08/10  10:00:00,0.0 
 08/10  11:00:00,0.0 
 08/10  12:00:00,0.0 
 08/10  13:00:00,0.0 
 08/10  14:00:00,0.0 
 08/10  15:00:00,0.0 
 08/10  16:00:00,0.0 
 08/10  17:00:00,0.0 
 08/10  18:00:00,0.0 
 08/10  19:00:00,0.0 
 08/10  20:00:00,0.0 
 08/10  21:00:00,0.0 
 08/10  22:00:00,0.0 
 08/10  23:00:00,0.0 
 08/10  24:00:00,0.0 
 08/11  01:00:00,0.0 
 08/11  02:00:00,0.0 
 08/11  03:00:00,0.0 
 08/11  04:00:00,0.0 
 08/11  05:00:00,0.0 
 08/11  06:00:00,0.0 
 08/11  07:00:00,0.0 
 08/11  08:00:00,0.0 
 08/11  09:00:00,0.0 
 08/11  10:00:00,0.0 
 08/11  11:00:00,0.0 
 08/11  12:00:00,0.0 
 08/11  13:00:00,0.0 
 08/11  14:00:00,0.0 
 08/11  15:00:00,0.0 
 08/11  16:00:00,0.0 
 08/11  17:00:00,0.0 
 08/11  18:00:00,0.0 
 08/11  19:00:00,0.0 
 08/11  20:00:00,0.0 
 08/11  21:00:00,0.0 
 08/11  22:00:00,0.0 
 08/11  23:00:00,0.0 
 08/11  24:00:00,0.0 
 08/12  01:00:00,0.0 
 08/12  02:00:00,0.0 
 08/12  03:00:00,0.0 
 08/12  04:00:00,0.0 
 08/12  05:00:00,0.0 
 08/12  06:00:00,0.0 
 08/12  07:00:00,0.0 
 08/12  08:00:00,0.0 
 08/12  09:00:00,0.0 
 08/12  10:00:00,0.0 
 08/12  11:00:00,0.0 
 08/12  12:00:00,0.0 
 08/12  13:00:00,0.0 
 08/12  14:00:00,0.0 
 08/12  15:00:00,0.0 
 08/12  16:00:00,0.0 
 08/12  17:00:00,0.0 
 08/12  18:00:00,0.0 
 08/12  19:00:00,0.0 
 08/12  20:00:00,0.0 
 08/12  21:00:00,0.0 
 08/12  22:00:00,0.0 
 08/12  23:00:00,0.0 
 08/12  24:00:00,0.0 
 08/13  01:00:00,0.0 
 08/13  02:00:00,0.0 
 08/13  03:00:00,0.0 
 08/13  04:00:00,0.0 
 08/13  05:00:00,0.0 
 08/13  06:00:00,0.0 
 08/13  07:00:00,0.0 
 08/13  08:00:00,0.0 
 08/13  09:00:00,0.0 
 08/13  10:00:00,0.0 
 08/13  11:00:00,0.0 
 08/13  12:00:00,0.0 
 08/13  13:00:00,0.0 
 08/13  14:00:00,0.0 
 08/13  15:00:00,0.0 
 08/13  16:00:00,0.0 
 08/13  17:00:00,0.0 
 08/13  18:00:00,0.0 
 08/13  19:00:00,0.0 
 08/13  20:00:00,0.0 
 08/13  21:00:00,0.0 
 08/13  22:00:00,0.0 
 08/13  23:00:00,0.0 
 08/13  24:00:00,0.0 
 08/14  01:00:00,0.0 
 08/14  02:00:00,0.0 
 08/14  03:00:00,0.0 
 08/14  04:00:00,0.0 
 08/14  05:00:00,0.0 
 08/14  06:00:00,0.0 
 08/14  07:00:00,0.0 
 08/14  08:00:00,0.0 
 08/14  09:00:00,0.0 
 08/14  10:00:00,0.0 
 08/14  11:00:00,0.0 
 08/14  12:00:00,0.0 
 08/14  13:00:00,0.0 
 08/14  14:00:00,0.0 
 08/14  15:00:00,0.0 
 08/14  16:00:00,0.0 
 08/14  17:00:00,0.0 
 08/14  18:00:00,0.0 
 08/14  19:00:00,0.0 
 08/14  20:00:00,0.0 
 08/14  21:00:00,0.0 
 08/14  22:00:00,0.0 
 08/14  23:00:00,0.0 
 08/14  24:00:00,0.0 
 08/15  01:00:00,0.0 
 08/15  02:00:00,0.0 
 08/15  03:00:00,0.0 
 08/15  04:00:00,0.0 
 08/15  05:00:00,0.0 
 08/15  06:00:00,0.0 
 08/15  07:00:00,0.0 
 08/15  08:00:00,0.0 
 08/15  09:00:00,0.0 
 08/15  10:00:00,0.0 
 08/15  11:00:00,0.0 
 08/15  12:00:00,0.0 
 08/15  13:00:00,0.0 
 08/15  14:00:00,0.0 
 08/15  15:00:00,0.0 
 08/15  16:00:00,0.0 
 08/15  17:00:00,0.0 
 08/15  18:00:00,0.0 
 08/15  19:00:00,0.0 
 08/15  20:00:00,0.0 
 08/15  21:00:00,0.0 
 08/15  22:00:00,0.0 
 08/15  23:00:00,0.0 
 08/15  24:00:00,0.0 
 08/16  01:00:00,0.0 
 08/16  02:00:00,0.0 
 08/16  03:00:00,0.0 
 08/16  04:00:00,0.0 
 08/16  05:00:00,0.0 
 08/16  06:00:00,0.0 
 08/16  07:00:00,0.0 
 08/16  08:00:00,0.0 
 08/16  09:00:00,0.0 
 08/16  10:00:00,0.0 
 08/16  11:00:00,0.0 
 08/16  12:00:00,0.0 
 08/16  13:00:00,0.0 
 08/16  14:00:00,0.0 
 08/16  15:00:00,0.0 
 08/16  16:00:00,0.0 
 08/16  17:00:00,0.0 
 08/16  18:00:00,0.0 
 08/16  19:00:00,0.0 
 08/16  20:00:00,0.0 
 08/16  21:00:00,0.0 
 08/16  22:00:00,0.0 
 08/16  23:00:00,0.0 
 08/16  24:00:00,0.0 
 08/17  01:00:00,0.0 
 08/17  02:00:00,0.0 
 08/17  03:00:00,0.0 
 08/17  04:00:00,0.0 
 08/17  05:00:00,0.0 
 08/17  06:00:00,0.0 
 08/17  07:00:00,0.0 
 08/17  08:00:00,0.0 
 08/17  09:00:00,0.0 
 08/17  10:00:00,0.0 
 08/17  11:00:00,0.0 
 08/17  12:00:00,0.0 
 08/17  13:00:00,0.0 
 08/17  14:00:00,0.0 
 08/17  15:00:00,0.0 
 08/17  16:00:00,0.0 
 08/17  17:00:00,0.0 
 08/17  18:00:00,0.0 
 08/17  19:00:00,0.0 
 08/17  20:00:00,0.0 
 08/17  21:00:00,0.0 
 08/17  22:00:00,0.0 
 08/17  23:00:00,0.0 
 08/17  24:00:00,0.0 
 08/18  01:00:00,0.0 
 08/18  02:00:00,0.0 
 08/18  03:00:00,0.0 
 08/18  04:00:00,0.0 
 08/18  05:00:00,0.0 
 08/18  06:00:00,0.0 
 08/18  07:00:00,0.0 
 08/18  08:00:00,0.0 
 08/18  09:00:00,0.0 
 08/18  10:00:00,0.0 
 08/18  11:00:00,0.0 
 08/18  12:00:00,0.0 
 08/18  13:00:00,0.0 
 08/18  14:00:00,0.0 
 08/18  15:00:00,0.0 
 08/18  16:00:00,0.0 
 08/18  17:00:00,0.0 
 08/18  18:00:00,0.0 
 08/18  19:00:00,0.0 
 08/18  20:00:00,0.0 
 08/18  21:00:00,0.0 
 08/18  22:00:00,0.0 
 08/18  23:00:00,0.0 
 08/18  24:00:00,0.0 
 08/19  01:00:00,0.0 
 08/19  02:00:00,0.0 
 08/19  03:00:00,0.0 
 08/19  04:00:00,0.0 
 08/19  05:00:00,0.0 
 08/19  06:00:00,0.0 
 08/19  07:00:00,0.0 
 08/19  08:00:00,0.0 
 08/19  09:00:00,0.0 
 08/19  10:00:00,0.0 
 08/19  11:00:00,0.0 
 08/19  12:00:00,0.0 
 08/19  13:00:00,0.0 
 08/19  14:00:00,0.0 
 08/19  15:00:00,0.0 
 08/19  16:00:00,0.0 
 08/19  17:00:00,0.0 
 08/19  18:00:00,0.0 
 08/19  19:00:00,0.0 
 08/19  20:00:00,0.0 
 08/19  21:00:00,0.0 
 08/19  22:00:00,0.0 
 08/19  23:00:00,0.0 
 08/19  24:00:00,0.0 
 08/20  01:00:00,0.0 
 08/20  02:00:00,0.0 
 08/20  03:00:00,0.0 
 08/20  04:00:00,0.0 
 08/20  05:00:00,0.0 
 08/20  06:00:00,0.0 
 08/20  07:00:00,0.0 
 08/20  08:00:00,0.0 
 08/20  09:00:00,0.0 
 08/20  10:00:00,0.0 
 08/20  11:00:00,0.0 
 08/20  12:00:00,0.0 
 08/20  13:00:00,0.0 
 08/20  14:00:00,0.0 
 08/20  15:00:00,0.0 
 08/20  16:00:00,0.0 
 08/20  17:00:00,0.0 
 08/20  18:00:00,0.0 
 08/20  19:00:00,0.0 
 08/20  20:00:00,0.0 
 08/20  21:00:00,0.0 
 08/20  22:00:00,0.0 
 08/20  23:00:00,0.0 
 08/20  24:00:00,0.0 
 08/21  01:00:00,0.0 
 08/21  02:00:00,0.0 
 08/21  03:00:00,0.0 
 08/21  04:00:00,0.0 
 08/21  05:00:00,0.0 
 08/21  06:00:00,0.0 
 08/21  07:00:00,0.0 
 08/21  08:00:00,0.0 
 08/21  09:00:00,0.0 
 08/21  10:00:00,0.0 
 08/21  11:00:00,0.0 
 08/21  12:00:00,0.0 
 08/21  13:00:00,0.0 
 08/21  14:00:00,0.0 
 08/21  15:00:00,0.0 
 08/21  16:00:00,0.0 
 08/21  17:00:00,0.0 
 08/21  18:00:00,0.0 
 08/21  19:00:00,0.0 
 08/21  20:00:00,0.0 
 08/21  21:00:00,0.0 
 08/21  22:00:00,0.0 
 08/21  23:00:00,0.0 
 08/21  24:00:00,0.0 
 08/22  01:00:00,0.0 
 08/22  02:00:00,0.0 
 08/22  03:00:00,0.0 
 08/22  04:00:00,0.0 
 08/22  05:00:00,0.0 
 08/22  06:00:00,0.0 
 08/22  07:00:00,0.0 
 08/22  08:00:00,0.0 
 08/22  09:00:00,0.0 
 08/22  10:00:00,0.0 
 08/22  11:00:00,0.0 
 08/22  12:00:00,0.0 
 08/22  13:00:00,0.0 
 08/22  14:00:00,0.0 
 08/22  15:00:00,0.0 
 08/22  16:00:00,0.0 
 08/22  17:00:00,0.0 
 08/22  18:00:00,0.0 
 08/22  19:00:00,0.0 
 08/22  20:00:00,0.0 
 08/22  21:00:00,0.0 
 08/22  22:00:00,0.0 
 08/22  23:00:00,0.0 
 08/22  24:00:00,0.0 
 08/23  01:00:00,0.0 
 08/23  02:00:00,0.0 
 08/23  03:00:00,0.0 
 08/23  04:00:00,0.0 
 08/23  05:00:00,0.0 
 08/23  06:00:00,0.0 
 08/23  07:00:00,0.0 
 08/23  08:00:00,0.0 
 08/23  09:00:00,0.0 
 08/23  10:00:00,0.0 
 08/23  11:00:00,0.0 
 08/23  12:00:00,0.0 
 08/23  13:00:00,0.0 
 08/23  14:00:00,0.0 
 08/23  15:00:00,0.0 
 08/23  16:00:00,0.0 
 08/23  17:00:00,0.0 
 08/23  18:00:00,0.0 
 08/23  19:00:00,0.0 
 08/23  20:00:00,0.0 
 08/23  21:00:00,0.0 
 08/23  22:00:00,0.0 
 08/23  23:00:00,0.0 
 08/23  24:00:00,0.0 
 08/24  01:00:00,0.0 
 08/24  02:00:00,0.0 
 08/24  03:00:00,0.0 
 08/24  04:00:00,0.0 
 08/24  05:00:00,0.0 
 08/24  06:00:00,0.0 
 08/24  07:00:00,0.0 
 08/24  08:00:00,0.0 
 08/24  09:00:00,0.0 
 08/24  10:00:00,0.0 
 08/24  11:00:00,0.0 
 08/24  12:00:00,0.0 
 08/24  13:00:00,0.0 
 08/24  14:00:00,0.0 
 08/24  15:00:00,0.0 
 08/24  16:00:00,0.0 
 08/24  17:00:00,0.0 
 08/24  18:00:00,0.0 
 08/24  19:00:00,0.0 
 08/24  20:00:00,0.0 
 08/24  21:00:00,0.0 
 08/24  22:00:00,0.0 
 08/24  23:00:00,0.0 
 08/24  24:00:00,0.0 
 08/25  01:00:00,0.0 
 08/25  02:00:00,0.0 
 08/25  03:00:00,0.0 
 08/25  04:00:00,0.0 
 08/25  05:00:00,0.0 
 08/25  06:00:00,0.0 
 08/25  07:00:00,0.0 
 08/25  08:00:00,0.0 
 08/25  09:00:00,0.0 
 08/25  10:00:00,0.0 
 08/25  11:00:00,0.0 
 08/25  12:00:00,0.0 
 08/25  13:00:00,0.0 
 08/25  14:00:00,0.0 
 08/25  15:00:00,0.0 
 08/25  16:00:00,0.0 
 08/25  17:00:00,0.0 
 08/25  18:00:00,0.0 
 08/25  19:00:00,0.0 
 08/25  20:00:00,0.0 
 08/25  21:00:00,0.0 
 08/25  22:00:00,0.0 
 08/25  23:00:00,0.0 
 08/25  24:00:00,0.0 
 08/26  01:00:00,0.0 
 08/26  02:00:00,0.0 
 08/26  03:00:00,0.0 
 08/26  04:00:00,0.0 
 08/26  05:00:00,0.0 
 08/26  06:00:00,0.0 
 08/26  07:00:00,0.0 
 08/26  08:00:00,0.0 
 08/26  09:00:00,0.0 
 08/26  10:00:00,0.0 
 08/26  11:00:00,0.0 
 08/26  12:00:00,0.0 
 08/26  13:00:00,0.0 
 08/26  14:00:00,0.0 
 08/26  15:00:00,0.0 
 08/26  16:00:00,0.0 
 08/26  17:00:00,0.0 
 08/26  18:00:00,0.0 
 08/26  19:00:00,0.0 
 08/26  20:00:00,0.0 
 08/26  21:00:00,0.0 
 08/26  22:00:00,0.0 
 08/26  23:00:00,0.0 
 08/26  24:00:00,0.0 
 08/27  01:00:00,0.0 
 08/27  02:00:00,0.0 
 08/27  03:00:00,0.0 
 08/27  04:00:00,0.0 
 08/27  05:00:00,0.0 
 08/27  06:00:00,0.0 
 08/27  07:00:00,0.0 
 08/27  08:00:00,0.0 
 08/27  09:00:00,0.0 
 08/27  10:00:00,0.0 
 08/27  11:00:00,0.0 
 08/27  12:00:00,0.0 
 08/27  13:00:00,0.0 
 08/27  14:00:00,0.0 
 08/27  15:00:00,0.0 
 08/27  16:00:00,0.0 
 08/27  17:00:00,0.0 
 08/27  18:00:00,0.0 
 08/27  19:00:00,0.0 
 08/27  20:00:00,0.0 
 08/27  21:00:00,0.0 
 08/27  22:00:00,0.0 
 08/27  23:00:00,0.0 
 08/27  24:00:00,0.0 
 08/28  01:00:00,0.0 
 08/28  02:00:00,0.0 
 08/28  03:00:00,0.0 
 08/28  04:00:00,0.0 
 08/28  05:00:00,0.0 
 08/28  06:00:00,0.0 
 08/28  07:00:00,0.0 
 08/28  08:00:00,0.0 
 08/28  09:00:00,0.0 
 08/28  10:00:00,0.0 
 08/28  11:00:00,0.0 
 08/28  12:00:00,0.0 
 08/28  13:00:00,0.0 
 08/28  14:00:00,0.0 
 08/28  15:00:00,0.0 
 08/28  16:00:00,0.0 
 08/28  17:00:00,0.0 
 08/28  18:00:00,0.0 
 08/28  19:00:00,0.0 
 08/28  20:00:00,0.0 
 08/28  21:00:00,0.0 
 08/28  22:00:00,0.0 
 08/28  23:00:00,0.0 
 08/28  24:00:00,0.0 
 08/29  01:00:00,0.0 
 08/29  02:00:00,0.0 
 08/29  03:00:00,0.0 
 08/29  04:00:00,0.0 
 08/29  05:00:00,0.0 
 08/29  06:00:00,0.0 
 08/29  07:00:00,0.0 
 08/29  08:00:00,0.0 
 08/29  09:00:00,0.0 
 08/29  10:00:00,0.0 
 08/29  11:00:00,0.0 
 08/29  12:00:00,0.0 
 08/29  13:00:00,0.0 
 08/29  14:00:00,0.0 
 08/29  15:00:00,0.0 
 08/29  16:00:00,0.0 
 08/29  17:00:00,0.0 
 08/29  18:00:00,0.0 
 08/29  19:00:00,0.0 
 08/29  20:00:00,0.0 
 08/29  21:00:00,0.0 
 08/29  22:00:00,0.0 
 08/29  23:00:00,0.0 
 08/29  24:00:00,0.0 
 08/30  01:00:00,0.0 
 08/30  02:00:00,0.0 
 08/30  03:00:00,0.0 
 08/30  04:00:00,0.0 
 08/30  05:00:00,0.0 
 08/30  06:00:00,0.0 
 08/30  07:00:00,0.0 
 08/30  08:00:00,0.0 
 08/30  09:00:00,0.0 
 08/30  10:00:00,0.0 
 08/30  11:00:00,0.0 
 08/30  12:00:00,0.0 
 08/30  13:00:00,0.0 
 08/30  14:00:00,0.0 
 08/30  15:00:00,0.0 
 08/30  16:00:00,0.0 
 08/30  17:00:00,0.0 
 08/30  18:00:00,0.0 
 08/30  19:00:00,0.0 
 08/30  20:00:00,0.0 
 08/30  21:00:00,0.0 
 08/30  22:00:00,0.0 
 08/30  23:00:00,0.0 
 08/30  24:00:00,0.0 
 08/31  01:00:00,0.0 
 08/31  02:00:00,0.0 
 08/31  03:00:00,0.0 
 08/31  04:00:00,0.0 
 08/31  05:00:00,0.0 
 08/31  06:00:00,0.0 
 08/31  07:00:00,0.0 
 08/31  08:00:00,0.0 
 08/31  09:00:00,0.0 
 08/31  10:00:00,0.0 
 08/31  11:00:00,0.0 
 08/31  12:00:00,0.0 
 08/31  13:00:00,0.0 
 08/31  14:00:00,0.0 
 08/31  15:00:00,0.0 
 08/31  16:00:00,0.0 
 08/31  17:00:00,0.0 
 08/31  18:00:00,0.0 
 08/31  19:00:00,0.0 
 08/31  20:00:00,0.0 
 08/31  21:00:00,0.0 
 08/31  22:00:00,0.0 
 08/31  23:00:00,0.0 
 08/31  24:00:00,0.0 
 09/01  01:00:00,0.0 
 09/01  02:00:00,0.0 
 09/01  03:00:00,0.0 
 09/01  04:00:00,0.0 
 09/01  05:00:00,0.0 
 09/01  06:00:00,0.0 
 09/01  07:00:00,0.0 
 09/01  08:00:00,0.0 
 09/01  09:00:00,0.0 
 09/01  10:00:00,0.0 
 09/01  11:00:00,0.0 
 09/01  12:00:00,0.0 
 09/01  13:00:00,0.0 
 09/01  14:00:00,0.0 
 09/01  15:00:00,0.0 
 09/01  16:00:00,0.0 
 09/01  17:00:00,0.0 
 09/01  18:00:00,0.0 
 09/01  19:00:00,0.0 
 09/01  20:00:00,0.0 
 09/01  21:00:00,0.0 
 09/01  22:00:00,0.0 
 09/01  23:00:00,0.0 
 09/01  24:00:00,0.0 
 09/02  01:00:00,0.0 
 09/02  02:00:00,0.0 
 09/02  03:00:00,0.0 
 09/02  04:00:00,0.0 
 09/02  05:00:00,0.0 
 09/02  06:00:00,0.0 
 09/02  07:00:00,0.0 
 09/02  08:00:00,0.0 
 09/02  09:00:00,0.0 
 09/02  10:00:00,0.0 
 09/02  11:00:00,0.0 
 09/02  12:00:00,0.0 
 09/02  13:00:00,0.0 
 09/02  14:00:00,0.0 
 09/02  15:00:00,0.0 
 09/02  16:00:00,0.0 
 09/02  17:00:00,0.0 
 09/02  18:00:00,0.0 
 09/02  19:00:00,0.0 
 09/02  20:00:00,0.0 
 09/02  21:00:00,0.0 
 09/02  22:00:00,0.0 
 09/02  23:00:00,0.0 
 09/02  24:00:00,0.0 
 09/03  01:00:00,0.0 
 09/03  02:00:00,0.0 
 09/03  03:00:00,0.0 
 09/03  04:00:00,0.0 
 09/03  05:00:00,0.0 
 09/03  06:00:00,0.0 
 09/03  07:00:00,0.0 
 09/03  08:00:00,0.0 
 09/03  09:00:00,0.0 
 09/03  10:00:00,0.0 
 09/03  11:00:00,0.0 
 09/03  12:00:00,0.0 
 09/03  13:00:00,0.0 
 09/03  14:00:00,0.0 
 09/03  15:00:00,0.0 
 09/03  16:00:00,0.0 
 09/03  17:00:00,0.0 
 09/03  18:00:00,0.0 
 09/03  19:00:00,0.0 
 09/03  20:00:00,0.0 
 09/03  21:00:00,0.0 
 09/03  22:00:00,0.0 
 09/03  23:00:00,0.0 
 09/03  24:00:00,0.0 
 09/04  01:00:00,0.0 
 09/04  02:00:00,0.0 
 09/04  03:00:00,0.0 
 09/04  04:00:00,0.0 
 09/04  05:00:00,0.0 
 09/04  06:00:00,0.0 
 09/04  07:00:00,0.0 
 09/04  08:00:00,0.0 
 09/04  09:00:00,0.0 
 09/04  10:00:00,0.0 
 09/04  11:00:00,0.0 
 09/04  12:00:00,0.0 
 09/04  13:00:00,0.0 
 09/04  14:00:00,0.0 
 09/04  15:00:00,0.0 
 09/04  16:00:00,0.0 
 09/04  17:00:00,0.0 
 09/04  18:00:00,0.0 
 09/04  19:00:00,0.0 
 09/04  20:00:00,0.0 
 09/04  21:00:00,0.0 
 09/04  22:00:00,0.0 
 09/04  23:00:00,0.0 
 09/04  24:00:00,0.0 
 09/05  01:00:00,0.0 
 09/05  02:00:00,0.0 
 09/05  03:00:00,0.0 
 09/05  04:00:00,0.0 
 09/05  05:00:00,0.0 
 09/05  06:00:00,0.0 
 09/05  07:00:00,0.0 
 09/05  08:00:00,0.0 
 09/05  09:00:00,0.0 
 09/05  10:00:00,0.0 
 09/05  11:00:00,0.0 
 09/05  12:00:00,0.0 
 09/05  13:00:00,0.0 
 09/05  14:00:00,0.0 
 09/05  15:00:00,0.0 
 09/05  16:00:00,0.0 
 09/05  17:00:00,0.0 
 09/05  18:00:00,0.0 
 09/05  19:00:00,0.0 
 09/05  20:00:00,0.0 
 09/05  21:00:00,0.0 
 09/05  22:00:00,0.0 
 09/05  23:00:00,0.0 
 09/05  24:00:00,0.0 
 09/06  01:00:00,0.0 
 09/06  02:00:00,0.0 
 09/06  03:00:00,0.0 
 09/06  04:00:00,0.0 
 09/06  05:00:00,0.0 
 09/06  06:00:00,0.0 
 09/06  07:00:00,0.0 
 09/06  08:00:00,0.0 
 09/06  09:00:00,0.0 
 09/06  10:00:00,0.0 
 09/06  11:00:00,0.0 
 09/06  12:00:00,0.0 
 09/06  13:00:00,0.0 
 09/06  14:00:00,0.0 
 09/06  15:00:00,0.0 
 09/06  16:00:00,0.0 
 09/06  17:00:00,0.0 
 09/06  18:00:00,0.0 
 09/06  19:00:00,0.0 
 09/06  20:00:00,0.0 
 09/06  21:00:00,0.0 
 09/06  22:00:00,0.0 
 09/06  23:00:00,0.0 
 09/06  24:00:00,0.0 
 09/07  01:00:00,0.0 
 09/07  02:00:00,0.0 
 09/07  03:00:00,0.0 
 09/07  04:00:00,0.0 
 09/07  05:00:00,0.0 
 09/07  06:00:00,0.0 
 09/07  07:00:00,0.0 
 09/07  08:00:00,0.0 
 09/07  09:00:00,0.0 
 09/07  10:00:00,0.0 
 09/07  11:00:00,0.0 
 09/07  12:00:00,0.0 
 09/07  13:00:00,0.0 
 09/07  14:00:00,0.0 
 09/07  15:00:00,0.0 
 09/07  16:00:00,0.0 
 09/07  17:00:00,0.0 
 09/07  18:00:00,0.0 
 09/07  19:00:00,0.0 
 09/07  20:00:00,0.0 
 09/07  21:00:00,0.0 
 09/07  22:00:00,0.0 
 09/07  23:00:00,0.0 
 09/07  24:00:00,0.0 
 09/08  01:00:00,0.0 
 09/08  02:00:00,0.0 
 09/08  03:00:00,0.0 
 09/08  04:00:00,0.0 
 09/08  05:00:00,0.0 
 09/08  06:00:00,0.0 
 09/08  07:00:00,0.0 
 09/08  08:00:00,0.0 
 09/08  09:00:00,0.0 
 09/08  10:00:00,0.0 
 09/08  11:00:00,0.0 
 09/08  12:00:00,0.0 
 09/08  13:00:00,0.0 
 09/08  14:00:00,0.0 
 09/08  15:00:00,0.0 
 09/08  16:00:00,0.0 
 09/08  17:00:00,0.0 
 09/08  18:00:00,0.0 
 09/08  19:00:00,0.0 
 09/08  20:00:00,0.0 
 09/08  21:00:00,0.0 
 09/08  22:00:00,0.0 
 09/08  23:00:00,0.0 
 09/08  24:00:00,0.0 
 09/09  01:00:00,0.0 
 09/09  02:00:00,0.0 
 09/09  03:00:00,0.0 
 09/09  04:00:00,0.0 
 09/09  05:00:00,0.0 
 09/09  06:00:00,0.0 
 09/09  07:00:00,0.0 
 09/09  08:00:00,0.0 
 09/09  09:00:00,0.0 
 09/09  10:00:00,0.0 
 09/09  11:00:00,0.0 
 09/09  12:00:00,0.0 
 09/09  13:00:00,0.0 
 09/09  14:00:00,0.0 
 09/09  15:00:00,0.0 
 09/09  16:00:00,0.0 
 09/09  17:00:00,0.0 
 09/09  18:00:00,0.0 
 09/09  19:00:00,0.0 
 09/09  20:00:00,0.0 
 09/09  21:00:00,0.0 
 09/09  22:00:00,0.0 
 09/09  23:00:00,0.0 
 09/09  24:00:00,0.0 
 09/10  01:00:00,0.0 
 09/10  02:00:00,0.0 
 09/10  03:00:00,0.0 
 09/10  04:00:00,0.0 
 09/10  05:00:00,0.0 
 09/10  06:00:00,0.0 
 09/10  07:00:00,0.0 
 09/10  08:00:00,0.0 
 09/10  09:00:00,0.0 
 09/10  10:00:00,0.0 
 09/10  11:00:00,0.0 
 09/10  12:00:00,0.0 
 09/10  13:00:00,0.0 
 09/10  14:00:00,0.0 
 09/10  15:00:00,0.0 
 09/10  16:00:00,0.0 
 09/10  17:00:00,0.0 
 09/10  18:00:00,0.0 
 09/10  19:00:00,0.0 
 09/10  20:00:00,0.0 
 09/10  21:00:00,0.0 
 09/10  22:00:00,0.0 
 09/10  23:00:00,0.0 
 09/10  24:00:00,0.0 
 09/11  01:00:00,0.0 
 09/11  02:00:00,0.0 
 09/11  03:00:00,0.0 
 09/11  04:00:00,0.0 
 09/11  05:00:00,0.0 
 09/11  06:00:00,0.0 
 09/11  07:00:00,0.0 
 09/11  08:00:00,0.0 
 09/11  09:00:00,0.0 
 09/11  10:00:00,0.0 
 09/11  11:00:00,0.0 
 09/11  12:00:00,0.0 
 09/11  13:00:00,0.0 
 09/11  14:00:00,0.0 
 09/11  15:00:00,0.0 
 09/11  16:00:00,0.0 
 09/11  17:00:00,0.0 
 09/11  18:00:00,0.0 
 09/11  19:00:00,0.0 
 09/11  20:00:00,0.0 
 09/11  21:00:00,0.0 
 09/11  22:00:00,0.0 
 09/11  23:00:00,0.0 
 09/11  24:00:00,0.0 
 09/12  01:00:00,0.0 
 09/12  02:00:00,0.0 
 09/12  03:00:00,0.0 
 09/12  04:00:00,0.0 
 09/12  05:00:00,0.0 
 09/12  06:00:00,0.0 
 09/12  07:00:00,0.0 
 09/12  08:00:00,0.0 
 09/12  09:00:00,0.0 
 09/12  10:00:00,0.0 
 09/12  11:00:00,0.0 
 09/12  12:00:00,0.0 
 09/12  13:00:00,0.0 
 09/12  14:00:00,0.0 
 09/12  15:00:00,0.0 
 09/12  16:00:00,0.0 
 09/12  17:00:00,0.0 
 09/12  18:00:00,0.0 
 09/12  19:00:00,0.0 
 09/12  20:00:00,0.0 
 09/12  21:00:00,0.0 
 09/12  22:00:00,839490.812070854 
 09/12  23:00:00,7941757.725834986 
 09/12  24:00:00,13370950.774838334 
 09/13  01:00:00,16781747.58249605 
 09/13  02:00:00,19847908.78690216 
 09/13  03:00:00,23883184.369749554 
 09/13  04:00:00,29956253.858351547 
 09/13  05:00:00,35024001.66786982 
 09/13  06:00:00,37344726.0673895 
 09/13  07:00:00,38093839.45579799 
 09/13  08:00:00,36176659.71211027 
 09/13  09:00:00,27735826.109572664 
 09/13  10:00:00,7224335.369147827 
 09/13  11:00:00,0.0 
 09/13  12:00:00,0.0 
 09/13  13:00:00,0.0 
 09/13  14:00:00,0.0 
 09/13  15:00:00,0.0 
 09/13  16:00:00,0.0 
 09/13  17:00:00,0.0 
 09/13  18:00:00,0.0 
 09/13  19:00:00,0.0 
 09/13  20:00:00,0.0 
 09/13  21:00:00,0.0 
 09/13  22:00:00,0.0 
 09/13  23:00:00,0.0 
 09/13  24:00:00,0.0 
 09/14  01:00:00,0.0 
 09/14  02:00:00,442763.86725576594 
 09/14  03:00:00,1426929.0609283838 
 09/14  04:00:00,1524840.7348925248 
 09/14  05:00:00,741137.2575036949 
 09/14  06:00:00,507916.63827379234 
 09/14  07:00:00,3216233.4896280197 
 09/14  08:00:00,4923935.120837786 
 09/14  09:00:00,3890679.678466078 
 09/14  10:00:00,62908.28528464772 
 09/14  11:00:00,0.0 
 09/14  12:00:00,0.0 
 09/14  13:00:00,0.0 
 09/14  14:00:00,0.0 
 09/14  15:00:00,0.0 
 09/14  16:00:00,0.0 
 09/14  17:00:00,0.0 
 09/14  18:00:00,0.0 
 09/14  19:00:00,0.0 
 09/14  20:00:00,0.0 
 09/14  21:00:00,0.0 
 09/14  22:00:00,0.0 
 09/14  23:00:00,0.0 
 09/14  24:00:00,0.0 
 09/15  01:00:00,0.0 
 09/15  02:00:00,0.0 
 09/15  03:00:00,0.0 
 09/15  04:00:00,53762.758589023724 
 09/15  05:00:00,5659373.526290199 
 09/15  06:00:00,9575359.894631246 
 09/15  07:00:00,12274790.957235664 
 09/15  08:00:00,11858781.433516512 
 09/15  09:00:00,3930614.726348897 
 09/15  10:00:00,0.0 
 09/15  11:00:00,0.0 
 09/15  12:00:00,0.0 
 09/15  13:00:00,0.0 
 09/15  14:00:00,0.0 
 09/15  15:00:00,0.0 
 09/15  16:00:00,0.0 
 09/15  17:00:00,0.0 
 09/15  18:00:00,0.0 
 09/15  19:00:00,0.0 
 09/15  20:00:00,0.0 
 09/15  21:00:00,0.0 
 09/15  22:00:00,0.0 
 09/15  23:00:00,0.0 
 09/15  24:00:00,0.0 
 09/16  01:00:00,0.0 
 09/16  02:00:00,0.0 
 09/16  03:00:00,0.0 
 09/16  04:00:00,0.0 
 09/16  05:00:00,0.0 
 09/16  06:00:00,0.0 
 09/16  07:00:00,0.0 
 09/16  08:00:00,0.0 
 09/16  09:00:00,0.0 
 09/16  10:00:00,0.0 
 09/16  11:00:00,0.0 
 09/16  12:00:00,0.0 
 09/16  13:00:00,0.0 
 09/16  14:00:00,0.0 
 09/16  15:00:00,0.0 
 09/16  16:00:00,0.0 
 09/16  17:00:00,0.0 
 09/16  18:00:00,0.0 
 09/16  19:00:00,0.0 
 09/16  20:00:00,0.0 
 09/16  21:00:00,0.0 
 09/16  22:00:00,0.0 
 09/16  23:00:00,0.0 
 09/16  24:00:00,0.0 
 09/17  01:00:00,0.0 
 09/17  02:00:00,0.0 
 09/17  03:00:00,0.0 
 09/17  04:00:00,0.0 
 09/17  05:00:00,0.0 
 09/17  06:00:00,0.0 
 09/17  07:00:00,0.0 
 09/17  08:00:00,0.0 
 09/17  09:00:00,0.0 
 09/17  10:00:00,0.0 
 09/17  11:00:00,0.0 
 09/17  12:00:00,0.0 
 09/17  13:00:00,0.0 
 09/17  14:00:00,0.0 
 09/17  15:00:00,0.0 
 09/17  16:00:00,0.0 
 09/17  17:00:00,0.0 
 09/17  18:00:00,0.0 
 09/17  19:00:00,0.0 
 09/17  20:00:00,0.0 
 09/17  21:00:00,0.0 
 09/17  22:00:00,0.0 
 09/17  23:00:00,0.0 
 09/17  24:00:00,0.0 
 09/18  01:00:00,0.0 
 09/18  02:00:00,0.0 
 09/18  03:00:00,0.0 
 09/18  04:00:00,0.0 
 09/18  05:00:00,0.0 
 09/18  06:00:00,0.0 
 09/18  07:00:00,0.0 
 09/18  08:00:00,0.0 
 09/18  09:00:00,0.0 
 09/18  10:00:00,0.0 
 09/18  11:00:00,0.0 
 09/18  12:00:00,0.0 
 09/18  13:00:00,0.0 
 09/18  14:00:00,0.0 
 09/18  15:00:00,0.0 
 09/18  16:00:00,0.0 
 09/18  17:00:00,0.0 
 09/18  18:00:00,0.0 
 09/18  19:00:00,0.0 
 09/18  20:00:00,0.0 
 09/18  21:00:00,0.0 
 09/18  22:00:00,0.0 
 09/18  23:00:00,0.0 
 09/18  24:00:00,0.0 
 09/19  01:00:00,0.0 
 09/19  02:00:00,0.0 
 09/19  03:00:00,0.0 
 09/19  04:00:00,0.0 
 09/19  05:00:00,0.0 
 09/19  06:00:00,0.0 
 09/19  07:00:00,0.0 
 09/19  08:00:00,0.0 
 09/19  09:00:00,0.0 
 09/19  10:00:00,0.0 
 09/19  11:00:00,0.0 
 09/19  12:00:00,0.0 
 09/19  13:00:00,0.0 
 09/19  14:00:00,0.0 
 09/19  15:00:00,0.0 
 09/19  16:00:00,0.0 
 09/19  17:00:00,0.0 
 09/19  18:00:00,0.0 
 09/19  19:00:00,0.0 
 09/19  20:00:00,0.0 
 09/19  21:00:00,0.0 
 09/19  22:00:00,0.0 
 09/19  23:00:00,0.0 
 09/19  24:00:00,0.0 
 09/20  01:00:00,0.0 
 09/20  02:00:00,0.0 
 09/20  03:00:00,0.0 
 09/20  04:00:00,0.0 
 09/20  05:00:00,0.0 
 09/20  06:00:00,0.0 
 09/20  07:00:00,0.0 
 09/20  08:00:00,0.0 
 09/20  09:00:00,0.0 
 09/20  10:00:00,0.0 
 09/20  11:00:00,0.0 
 09/20  12:00:00,0.0 
 09/20  13:00:00,0.0 
 09/20  14:00:00,0.0 
 09/20  15:00:00,0.0 
 09/20  16:00:00,0.0 
 09/20  17:00:00,0.0 
 09/20  18:00:00,0.0 
 09/20  19:00:00,0.0 
 09/20  20:00:00,0.0 
 09/20  21:00:00,0.0 
 09/20  22:00:00,0.0 
 09/20  23:00:00,0.0 
 09/20  24:00:00,0.0 
 09/21  01:00:00,0.0 
 09/21  02:00:00,0.0 
 09/21  03:00:00,0.0 
 09/21  04:00:00,0.0 
 09/21  05:00:00,0.0 
 09/21  06:00:00,0.0 
 09/21  07:00:00,0.0 
 09/21  08:00:00,0.0 
 09/21  09:00:00,0.0 
 09/21  10:00:00,0.0 
 09/21  11:00:00,0.0 
 09/21  12:00:00,0.0 
 09/21  13:00:00,0.0 
 09/21  14:00:00,0.0 
 09/21  15:00:00,0.0 
 09/21  16:00:00,0.0 
 09/21  17:00:00,0.0 
 09/21  18:00:00,0.0 
 09/21  19:00:00,0.0 
 09/21  20:00:00,0.0 
 09/21  21:00:00,0.0 
 09/21  22:00:00,0.0 
 09/21  23:00:00,0.0 
 09/21  24:00:00,0.0 
 09/22  01:00:00,0.0 
 09/22  02:00:00,0.0 
 09/22  03:00:00,0.0 
 09/22  04:00:00,0.0 
 09/22  05:00:00,0.0 
 09/22  06:00:00,0.0 
 09/22  07:00:00,0.0 
 09/22  08:00:00,0.0 
 09/22  09:00:00,0.0 
 09/22  10:00:00,0.0 
 09/22  11:00:00,0.0 
 09/22  12:00:00,0.0 
 09/22  13:00:00,0.0 
 09/22  14:00:00,0.0 
 09/22  15:00:00,0.0 
 09/22  16:00:00,0.0 
 09/22  17:00:00,0.0 
 09/22  18:00:00,0.0 
 09/22  19:00:00,0.0 
 09/22  20:00:00,0.0 
 09/22  21:00:00,0.0 
 09/22  22:00:00,0.0 
 09/22  23:00:00,0.0 
 09/22  24:00:00,0.0 
 09/23  01:00:00,0.0 
 09/23  02:00:00,0.0 
 09/23  03:00:00,0.0 
 09/23  04:00:00,0.0 
 09/23  05:00:00,0.0 
 09/23  06:00:00,0.0 
 09/23  07:00:00,0.0 
 09/23  08:00:00,0.0 
 09/23  09:00:00,0.0 
 09/23  10:00:00,0.0 
 09/23  11:00:00,0.0 
 09/23  12:00:00,0.0 
 09/23  13:00:00,0.0 
 09/23  14:00:00,0.0 
 09/23  15:00:00,0.0 
 09/23  16:00:00,0.0 
 09/23  17:00:00,0.0 
 09/23  18:00:00,0.0 
 09/23  19:00:00,0.0 
 09/23  20:00:00,0.0 
 09/23  21:00:00,0.0 
 09/23  22:00:00,0.0 
 09/23  23:00:00,0.0 
 09/23  24:00:00,1991959.649944771 
 09/24  01:00:00,12714656.790886518 
 09/24  02:00:00,20417668.82571734 
 09/24  03:00:00,27509830.06099218 
 09/24  04:00:00,33995882.35954063 
 09/24  05:00:00,38554276.27375193 
 09/24  06:00:00,38871072.58845388 
 09/24  07:00:00,36442631.89823222 
 09/24  08:00:00,40214629.2214184 
 09/24  09:00:00,38322627.88386976 
 09/24  10:00:00,20456573.893752 
 09/24  11:00:00,5547339.790816186 
 09/24  12:00:00,8889906.689745214 
 09/24  13:00:00,0.0 
 09/24  14:00:00,0.0 
 09/24  15:00:00,0.0 
 09/24  16:00:00,0.0 
 09/24  17:00:00,0.0 
 09/24  18:00:00,0.0 
 09/24  19:00:00,0.0 
 09/24  20:00:00,0.0 
 09/24  21:00:00,0.0 
 09/24  22:00:00,1268804.3001774 
 09/24  23:00:00,7609547.835218324 
 09/24  24:00:00,11209319.287549866 
 09/25  01:00:00,15484849.992825605 
 09/25  02:00:00,15587699.429114722 
 09/25  03:00:00,11742743.467549168 
 09/25  04:00:00,11144551.877708362 
 09/25  05:00:00,16957459.71232164 
 09/25  06:00:00,22221223.496972702 
 09/25  07:00:00,23840004.583555065 
 09/25  08:00:00,23028404.322843466 
 09/25  09:00:00,17404277.761457466 
 09/25  10:00:00,5850512.837479147 
 09/25  11:00:00,0.0 
 09/25  12:00:00,727268.0477710906 
 09/25  13:00:00,0.0 
 09/25  14:00:00,0.0 
 09/25  15:00:00,0.0 
 09/25  16:00:00,0.0 
 09/25  17:00:00,0.0 
 09/25  18:00:00,0.0 
 09/25  19:00:00,0.0 
 09/25  20:00:00,0.0 
 09/25  21:00:00,0.0 
 09/25  22:00:00,4955446.023392701 
 09/25  23:00:00,4419.332650909199 
 09/25  24:00:00,0.0 
 09/26  01:00:00,2805276.8526393687 
 09/26  02:00:00,7197202.6072698645 
 09/26  03:00:00,13191244.53373498 
 09/26  04:00:00,24474681.259884402 
 09/26  05:00:00,33479465.73173285 
 09/26  06:00:00,37941989.865821816 
 09/26  07:00:00,41070791.53410013 
 09/26  08:00:00,39040476.86806724 
 09/26  09:00:00,30525931.400938965 
 09/26  10:00:00,12157654.945679314 
 09/26  11:00:00,8097.538281907329 
 09/26  12:00:00,248415.11663224082 
 09/26  13:00:00,0.0 
 09/26  14:00:00,0.0 
 09/26  15:00:00,0.0 
 09/26  16:00:00,0.0 
 09/26  17:00:00,0.0 
 09/26  18:00:00,0.0 
 09/26  19:00:00,0.0 
 09/26  20:00:00,0.0 
 09/26  21:00:00,0.0 
 09/26  22:00:00,0.0 
 09/26  23:00:00,0.0 
 09/26  24:00:00,3788748.960384121 
 09/27  01:00:00,10136944.815477148 
 09/27  02:00:00,13631843.035973633 
 09/27  03:00:00,18078391.095744565 
 09/27  04:00:00,23813507.809378438 
 09/27  05:00:00,28447432.711360212 
 09/27  06:00:00,32382560.518911768 
 09/27  07:00:00,36468186.44350372 
 09/27  08:00:00,35945989.71374358 
 09/27  09:00:00,27658018.367493507 
 09/27  10:00:00,9262554.432468116 
 09/27  11:00:00,0.0 
 09/27  12:00:00,0.0 
 09/27  13:00:00,0.0 
 09/27  14:00:00,0.0 
 09/27  15:00:00,0.0 
 09/27  16:00:00,0.0 
 09/27  17:00:00,0.0 
 09/27  18:00:00,0.0 
 09/27  19:00:00,0.0 
 09/27  20:00:00,0.0 
 09/27  21:00:00,0.0 
 09/27  22:00:00,0.0 
 09/27  23:00:00,0.0 
 09/27  24:00:00,0.0 
 09/28  01:00:00,0.0 
 09/28  02:00:00,0.0 
 09/28  03:00:00,0.0 
 09/28  04:00:00,0.0 
 09/28  05:00:00,0.0 
 09/28  06:00:00,0.0 
 09/28  07:00:00,2634930.063891504 
 09/28  08:00:00,10333010.3367473 
 09/28  09:00:00,13526944.842008878 
 09/28  10:00:00,2854131.4614156727 
 09/28  11:00:00,0.0 
 09/28  12:00:00,0.0 
 09/28  13:00:00,0.0 
 09/28  14:00:00,0.0 
 09/28  15:00:00,0.0 
 09/28  16:00:00,0.0 
 09/28  17:00:00,0.0 
 09/28  18:00:00,0.0 
 09/28  19:00:00,0.0 
 09/28  20:00:00,0.0 
 09/28  21:00:00,0.0 
 09/28  22:00:00,0.0 
 09/28  23:00:00,0.0 
 09/28  24:00:00,0.0 
 09/29  01:00:00,0.0 
 09/29  02:00:00,0.0 
 09/29  03:00:00,0.0 
 09/29  04:00:00,0.0 
 09/29  05:00:00,4254064.964168379 
 09/29  06:00:00,9923311.774553942 
 09/29  07:00:00,12398439.774118667 
 09/29  08:00:00,11365071.583552169 
 09/29  09:00:00,4538376.497976109 
 09/29  10:00:00,0.0 
 09/29  11:00:00,0.0 
 09/29  12:00:00,0.0 
 09/29  13:00:00,0.0 
 09/29  14:00:00,0.0 
 09/29  15:00:00,0.0 
 09/29  16:00:00,0.0 
 09/29  17:00:00,0.0 
 09/29  18:00:00,0.0 
 09/29  19:00:00,0.0 
 09/29  20:00:00,0.0 
 09/29  21:00:00,0.0 
 09/29  22:00:00,0.0 
 09/29  23:00:00,0.0 
 09/29  24:00:00,0.0 
 09/30  01:00:00,0.0 
 09/30  02:00:00,0.0 
 09/30  03:00:00,0.0 
 09/30  04:00:00,3984606.995700742 
 09/30  05:00:00,7462415.314855333 
 09/30  06:00:00,9765404.84630561 
 09/30  07:00:00,12977311.430856446 
 09/30  08:00:00,13404365.070861347 
 09/30  09:00:00,7964463.164322102 
 09/30  10:00:00,196595.88215996049 
 09/30  11:00:00,0.0 
 09/30  12:00:00,0.0 
 09/30  13:00:00,0.0 
 09/30  14:00:00,0.0 
 09/30  15:00:00,0.0 
 09/30  16:00:00,0.0 
 09/30  17:00:00,0.0 
 09/30  18:00:00,0.0 
 09/30  19:00:00,0.0 
 09/30  20:00:00,0.0 
 09/30  21:00:00,0.0 
 09/30  22:00:00,0.0 
 09/30  23:00:00,0.0 
 09/30  24:00:00,0.0 
 10/01  01:00:00,0.0 
 10/01  02:00:00,0.0 
 10/01  03:00:00,0.0 
 10/01  04:00:00,0.0 
 10/01  05:00:00,0.0 
 10/01  06:00:00,0.0 
 10/01  07:00:00,0.0 
 10/01  08:00:00,0.0 
 10/01  09:00:00,0.0 
 10/01  10:00:00,0.0 
 10/01  11:00:00,0.0 
 10/01  12:00:00,0.0 
 10/01  13:00:00,0.0 
 10/01  14:00:00,0.0 
 10/01  15:00:00,0.0 
 10/01  16:00:00,0.0 
 10/01  17:00:00,0.0 
 10/01  18:00:00,0.0 
 10/01  19:00:00,0.0 
 10/01  20:00:00,0.0 
 10/01  21:00:00,0.0 
 10/01  22:00:00,0.0 
 10/01  23:00:00,0.0 
 10/01  24:00:00,0.0 
 10/02  01:00:00,0.0 
 10/02  02:00:00,0.0 
 10/02  03:00:00,0.0 
 10/02  04:00:00,0.0 
 10/02  05:00:00,0.0 
 10/02  06:00:00,0.0 
 10/02  07:00:00,0.0 
 10/02  08:00:00,0.0 
 10/02  09:00:00,0.0 
 10/02  10:00:00,0.0 
 10/02  11:00:00,0.0 
 10/02  12:00:00,0.0 
 10/02  13:00:00,0.0 
 10/02  14:00:00,0.0 
 10/02  15:00:00,0.0 
 10/02  16:00:00,0.0 
 10/02  17:00:00,0.0 
 10/02  18:00:00,0.0 
 10/02  19:00:00,0.0 
 10/02  20:00:00,0.0 
 10/02  21:00:00,0.0 
 10/02  22:00:00,0.0 
 10/02  23:00:00,0.0 
 10/02  24:00:00,0.0 
 10/03  01:00:00,0.0 
 10/03  02:00:00,0.0 
 10/03  03:00:00,0.0 
 10/03  04:00:00,0.0 
 10/03  05:00:00,4825394.5007731905 
 10/03  06:00:00,9558867.761482041 
 10/03  07:00:00,13923760.053539857 
 10/03  08:00:00,15032859.043422736 
 10/03  09:00:00,7712992.720254721 
 10/03  10:00:00,97771.64977141657 
 10/03  11:00:00,0.0 
 10/03  12:00:00,0.0 
 10/03  13:00:00,0.0 
 10/03  14:00:00,0.0 
 10/03  15:00:00,0.0 
 10/03  16:00:00,0.0 
 10/03  17:00:00,0.0 
 10/03  18:00:00,0.0 
 10/03  19:00:00,0.0 
 10/03  20:00:00,0.0 
 10/03  21:00:00,0.0 
 10/03  22:00:00,0.0 
 10/03  23:00:00,0.0 
 10/03  24:00:00,0.0 
 10/04  01:00:00,0.0 
 10/04  02:00:00,0.0 
 10/04  03:00:00,1196763.1000424735 
 10/04  04:00:00,7077858.47688471 
 10/04  05:00:00,12596453.25342219 
 10/04  06:00:00,18802560.41229295 
 10/04  07:00:00,22220327.561003275 
 10/04  08:00:00,23616300.11882479 
 10/04  09:00:00,20177307.644997768 
 10/04  10:00:00,6681561.307919235 
 10/04  11:00:00,0.0 
 10/04  12:00:00,0.0 
 10/04  13:00:00,0.0 
 10/04  14:00:00,0.0 
 10/04  15:00:00,0.0 
 10/04  16:00:00,0.0 
 10/04  17:00:00,0.0 
 10/04  18:00:00,0.0 
 10/04  19:00:00,0.0 
 10/04  20:00:00,0.0 
 10/04  21:00:00,6312954.661709606 
 10/04  22:00:00,11233521.236884128 
 10/04  23:00:00,5897659.082567529 
 10/04  24:00:00,7591540.79508225 
 10/05  01:00:00,11081111.009539083 
 10/05  02:00:00,18162132.787656367 
 10/05  03:00:00,27490030.189816587 
 10/05  04:00:00,35150316.402191296 
 10/05  05:00:00,39657289.61669177 
 10/05  06:00:00,42151708.68297473 
 10/05  07:00:00,44092715.76078865 
 10/05  08:00:00,43549379.92268696 
 10/05  09:00:00,38013250.82255351 
 10/05  10:00:00,19882047.42869097 
 10/05  11:00:00,2211284.6581526566 
 10/05  12:00:00,0.0 
 10/05  13:00:00,0.0 
 10/05  14:00:00,0.0 
 10/05  15:00:00,0.0 
 10/05  16:00:00,0.0 
 10/05  17:00:00,0.0 
 10/05  18:00:00,0.0 
 10/05  19:00:00,0.0 
 10/05  20:00:00,0.0 
 10/05  21:00:00,792716.5587601019 
 10/05  22:00:00,9618504.58441344 
 10/05  23:00:00,18403818.359585203 
 10/05  24:00:00,14540841.86919483 
 10/06  01:00:00,19722618.18838853 
 10/06  02:00:00,20908346.459333368 
 10/06  03:00:00,20098193.48685367 
 10/06  04:00:00,22633229.43497454 
 10/06  05:00:00,27207661.03378432 
 10/06  06:00:00,30349136.72349374 
 10/06  07:00:00,33527742.61896266 
 10/06  08:00:00,33813927.44215785 
 10/06  09:00:00,29420259.115196075 
 10/06  10:00:00,17428697.510974742 
 10/06  11:00:00,3486204.5274380827 
 10/06  12:00:00,9311628.170072591 
 10/06  13:00:00,866216.6443429654 
 10/06  14:00:00,0.0 
 10/06  15:00:00,0.0 
 10/06  16:00:00,0.0 
 10/06  17:00:00,0.0 
 10/06  18:00:00,0.0 
 10/06  19:00:00,0.0 
 10/06  20:00:00,0.0 
 10/06  21:00:00,0.0 
 10/06  22:00:00,7217464.55287775 
 10/06  23:00:00,19321463.97888246 
 10/06  24:00:00,27082026.467393693 
 10/07  01:00:00,31267218.474771686 
 10/07  02:00:00,33566490.33552167 
 10/07  03:00:00,36575584.813730925 
 10/07  04:00:00,40858108.161356956 
 10/07  05:00:00,44188727.24046226 
 10/07  06:00:00,46955703.81035569 
 10/07  07:00:00,48541317.938274756 
 10/07  08:00:00,47829935.232728094 
 10/07  09:00:00,42227124.40707909 
 10/07  10:00:00,24957158.58096646 
 10/07  11:00:00,10573353.014024183 
 10/07  12:00:00,12224640.51535812 
 10/07  13:00:00,74316.37818063611 
 10/07  14:00:00,0.0 
 10/07  15:00:00,0.0 
 10/07  16:00:00,0.0 
 10/07  17:00:00,0.0 
 10/07  18:00:00,0.0 
 10/07  19:00:00,0.0 
 10/07  20:00:00,0.0 
 10/07  21:00:00,0.0 
 10/07  22:00:00,0.0 
 10/07  23:00:00,0.0 
 10/07  24:00:00,0.0 
 10/08  01:00:00,0.0 
 10/08  02:00:00,0.0 
 10/08  03:00:00,0.0 
 10/08  04:00:00,0.0 
 10/08  05:00:00,0.0 
 10/08  06:00:00,0.0 
 10/08  07:00:00,5294940.896112635 
 10/08  08:00:00,6413099.993086327 
 10/08  09:00:00,2776547.6462650113 
 10/08  10:00:00,3987.410560646095 
 10/08  11:00:00,0.0 
 10/08  12:00:00,0.0 
 10/08  13:00:00,0.0 
 10/08  14:00:00,0.0 
 10/08  15:00:00,0.0 
 10/08  16:00:00,0.0 
 10/08  17:00:00,0.0 
 10/08  18:00:00,0.0 
 10/08  19:00:00,0.0 
 10/08  20:00:00,0.0 
 10/08  21:00:00,0.0 
 10/08  22:00:00,0.0 
 10/08  23:00:00,0.0 
 10/08  24:00:00,0.0 
 10/09  01:00:00,0.0 
 10/09  02:00:00,0.0 
 10/09  03:00:00,0.0 
 10/09  04:00:00,0.0 
 10/09  05:00:00,0.0 
 10/09  06:00:00,0.0 
 10/09  07:00:00,0.0 
 10/09  08:00:00,0.0 
 10/09  09:00:00,0.0 
 10/09  10:00:00,0.0 
 10/09  11:00:00,0.0 
 10/09  12:00:00,0.0 
 10/09  13:00:00,0.0 
 10/09  14:00:00,0.0 
 10/09  15:00:00,0.0 
 10/09  16:00:00,0.0 
 10/09  17:00:00,0.0 
 10/09  18:00:00,0.0 
 10/09  19:00:00,0.0 
 10/09  20:00:00,0.0 
 10/09  21:00:00,0.0 
 10/09  22:00:00,0.0 
 10/09  23:00:00,0.0 
 10/09  24:00:00,0.0 
 10/10  01:00:00,0.0 
 10/10  02:00:00,0.0 
 10/10  03:00:00,0.0 
 10/10  04:00:00,0.0 
 10/10  05:00:00,0.0 
 10/10  06:00:00,0.0 
 10/10  07:00:00,0.0 
 10/10  08:00:00,0.0 
 10/10  09:00:00,0.0 
 10/10  10:00:00,0.0 
 10/10  11:00:00,0.0 
 10/10  12:00:00,0.0 
 10/10  13:00:00,0.0 
 10/10  14:00:00,0.0 
 10/10  15:00:00,0.0 
 10/10  16:00:00,0.0 
 10/10  17:00:00,0.0 
 10/10  18:00:00,0.0 
 10/10  19:00:00,0.0 
 10/10  20:00:00,0.0 
 10/10  21:00:00,0.0 
 10/10  22:00:00,0.0 
 10/10  23:00:00,0.0 
 10/10  24:00:00,0.0 
 10/11  01:00:00,0.0 
 10/11  02:00:00,0.0 
 10/11  03:00:00,0.0 
 10/11  04:00:00,0.0 
 10/11  05:00:00,0.0 
 10/11  06:00:00,0.0 
 10/11  07:00:00,0.0 
 10/11  08:00:00,0.0 
 10/11  09:00:00,0.0 
 10/11  10:00:00,0.0 
 10/11  11:00:00,0.0 
 10/11  12:00:00,0.0 
 10/11  13:00:00,0.0 
 10/11  14:00:00,0.0 
 10/11  15:00:00,0.0 
 10/11  16:00:00,0.0 
 10/11  17:00:00,0.0 
 10/11  18:00:00,0.0 
 10/11  19:00:00,0.0 
 10/11  20:00:00,0.0 
 10/11  21:00:00,0.0 
 10/11  22:00:00,0.0 
 10/11  23:00:00,0.0 
 10/11  24:00:00,0.0 
 10/12  01:00:00,0.0 
 10/12  02:00:00,0.0 
 10/12  03:00:00,0.0 
 10/12  04:00:00,0.0 
 10/12  05:00:00,0.0 
 10/12  06:00:00,0.0 
 10/12  07:00:00,0.0 
 10/12  08:00:00,0.0 
 10/12  09:00:00,0.0 
 10/12  10:00:00,0.0 
 10/12  11:00:00,0.0 
 10/12  12:00:00,0.0 
 10/12  13:00:00,0.0 
 10/12  14:00:00,0.0 
 10/12  15:00:00,0.0 
 10/12  16:00:00,0.0 
 10/12  17:00:00,0.0 
 10/12  18:00:00,0.0 
 10/12  19:00:00,0.0 
 10/12  20:00:00,0.0 
 10/12  21:00:00,0.0 
 10/12  22:00:00,0.0 
 10/12  23:00:00,0.0 
 10/12  24:00:00,0.0 
 10/13  01:00:00,0.0 
 10/13  02:00:00,0.0 
 10/13  03:00:00,0.0 
 10/13  04:00:00,0.0 
 10/13  05:00:00,0.0 
 10/13  06:00:00,0.0 
 10/13  07:00:00,0.0 
 10/13  08:00:00,0.0 
 10/13  09:00:00,0.0 
 10/13  10:00:00,0.0 
 10/13  11:00:00,0.0 
 10/13  12:00:00,0.0 
 10/13  13:00:00,0.0 
 10/13  14:00:00,0.0 
 10/13  15:00:00,0.0 
 10/13  16:00:00,0.0 
 10/13  17:00:00,0.0 
 10/13  18:00:00,0.0 
 10/13  19:00:00,0.0 
 10/13  20:00:00,0.0 
 10/13  21:00:00,0.0 
 10/13  22:00:00,0.0 
 10/13  23:00:00,0.0 
 10/13  24:00:00,0.0 
 10/14  01:00:00,0.0 
 10/14  02:00:00,0.0 
 10/14  03:00:00,0.0 
 10/14  04:00:00,0.0 
 10/14  05:00:00,0.0 
 10/14  06:00:00,0.0 
 10/14  07:00:00,0.0 
 10/14  08:00:00,0.0 
 10/14  09:00:00,0.0 
 10/14  10:00:00,0.0 
 10/14  11:00:00,0.0 
 10/14  12:00:00,0.0 
 10/14  13:00:00,0.0 
 10/14  14:00:00,0.0 
 10/14  15:00:00,0.0 
 10/14  16:00:00,0.0 
 10/14  17:00:00,0.0 
 10/14  18:00:00,0.0 
 10/14  19:00:00,0.0 
 10/14  20:00:00,0.0 
 10/14  21:00:00,0.0 
 10/14  22:00:00,0.0 
 10/14  23:00:00,0.0 
 10/14  24:00:00,0.0 
 10/15  01:00:00,0.0 
 10/15  02:00:00,0.0 
 10/15  03:00:00,0.0 
 10/15  04:00:00,0.0 
 10/15  05:00:00,0.0 
 10/15  06:00:00,0.0 
 10/15  07:00:00,0.0 
 10/15  08:00:00,0.0 
 10/15  09:00:00,0.0 
 10/15  10:00:00,0.0 
 10/15  11:00:00,0.0 
 10/15  12:00:00,0.0 
 10/15  13:00:00,0.0 
 10/15  14:00:00,0.0 
 10/15  15:00:00,0.0 
 10/15  16:00:00,0.0 
 10/15  17:00:00,0.0 
 10/15  18:00:00,0.0 
 10/15  19:00:00,0.0 
 10/15  20:00:00,0.0 
 10/15  21:00:00,0.0 
 10/15  22:00:00,0.0 
 10/15  23:00:00,0.0 
 10/15  24:00:00,0.0 
 10/16  01:00:00,0.0 
 10/16  02:00:00,0.0 
 10/16  03:00:00,0.0 
 10/16  04:00:00,0.0 
 10/16  05:00:00,0.0 
 10/16  06:00:00,0.0 
 10/16  07:00:00,0.0 
 10/16  08:00:00,0.0 
 10/16  09:00:00,0.0 
 10/16  10:00:00,0.0 
 10/16  11:00:00,0.0 
 10/16  12:00:00,0.0 
 10/16  13:00:00,0.0 
 10/16  14:00:00,0.0 
 10/16  15:00:00,0.0 
 10/16  16:00:00,0.0 
 10/16  17:00:00,0.0 
 10/16  18:00:00,0.0 
 10/16  19:00:00,0.0 
 10/16  20:00:00,0.0 
 10/16  21:00:00,0.0 
 10/16  22:00:00,0.0 
 10/16  23:00:00,0.0 
 10/16  24:00:00,0.0 
 10/17  01:00:00,0.0 
 10/17  02:00:00,0.0 
 10/17  03:00:00,0.0 
 10/17  04:00:00,0.0 
 10/17  05:00:00,0.0 
 10/17  06:00:00,0.0 
 10/17  07:00:00,0.0 
 10/17  08:00:00,0.0 
 10/17  09:00:00,0.0 
 10/17  10:00:00,0.0 
 10/17  11:00:00,0.0 
 10/17  12:00:00,0.0 
 10/17  13:00:00,0.0 
 10/17  14:00:00,0.0 
 10/17  15:00:00,0.0 
 10/17  16:00:00,0.0 
 10/17  17:00:00,0.0 
 10/17  18:00:00,0.0 
 10/17  19:00:00,0.0 
 10/17  20:00:00,0.0 
 10/17  21:00:00,0.0 
 10/17  22:00:00,0.0 
 10/17  23:00:00,0.0 
 10/17  24:00:00,0.0 
 10/18  01:00:00,0.0 
 10/18  02:00:00,0.0 
 10/18  03:00:00,0.0 
 10/18  04:00:00,0.0 
 10/18  05:00:00,0.0 
 10/18  06:00:00,0.0 
 10/18  07:00:00,0.0 
 10/18  08:00:00,0.0 
 10/18  09:00:00,0.0 
 10/18  10:00:00,0.0 
 10/18  11:00:00,0.0 
 10/18  12:00:00,0.0 
 10/18  13:00:00,0.0 
 10/18  14:00:00,0.0 
 10/18  15:00:00,0.0 
 10/18  16:00:00,0.0 
 10/18  17:00:00,0.0 
 10/18  18:00:00,0.0 
 10/18  19:00:00,0.0 
 10/18  20:00:00,0.0 
 10/18  21:00:00,0.0 
 10/18  22:00:00,0.0 
 10/18  23:00:00,0.0 
 10/18  24:00:00,0.0 
 10/19  01:00:00,0.0 
 10/19  02:00:00,0.0 
 10/19  03:00:00,0.0 
 10/19  04:00:00,0.0 
 10/19  05:00:00,0.0 
 10/19  06:00:00,0.0 
 10/19  07:00:00,0.0 
 10/19  08:00:00,0.0 
 10/19  09:00:00,0.0 
 10/19  10:00:00,0.0 
 10/19  11:00:00,0.0 
 10/19  12:00:00,0.0 
 10/19  13:00:00,0.0 
 10/19  14:00:00,0.0 
 10/19  15:00:00,0.0 
 10/19  16:00:00,0.0 
 10/19  17:00:00,0.0 
 10/19  18:00:00,0.0 
 10/19  19:00:00,0.0 
 10/19  20:00:00,0.0 
 10/19  21:00:00,0.0 
 10/19  22:00:00,0.0 
 10/19  23:00:00,0.0 
 10/19  24:00:00,0.0 
 10/20  01:00:00,0.0 
 10/20  02:00:00,0.0 
 10/20  03:00:00,0.0 
 10/20  04:00:00,0.0 
 10/20  05:00:00,0.0 
 10/20  06:00:00,0.0 
 10/20  07:00:00,0.0 
 10/20  08:00:00,0.0 
 10/20  09:00:00,0.0 
 10/20  10:00:00,0.0 
 10/20  11:00:00,0.0 
 10/20  12:00:00,0.0 
 10/20  13:00:00,0.0 
 10/20  14:00:00,0.0 
 10/20  15:00:00,0.0 
 10/20  16:00:00,0.0 
 10/20  17:00:00,0.0 
 10/20  18:00:00,0.0 
 10/20  19:00:00,0.0 
 10/20  20:00:00,0.0 
 10/20  21:00:00,0.0 
 10/20  22:00:00,0.0 
 10/20  23:00:00,0.0 
 10/20  24:00:00,0.0 
 10/21  01:00:00,0.0 
 10/21  02:00:00,0.0 
 10/21  03:00:00,0.0 
 10/21  04:00:00,0.0 
 10/21  05:00:00,0.0 
 10/21  06:00:00,0.0 
 10/21  07:00:00,0.0 
 10/21  08:00:00,0.0 
 10/21  09:00:00,0.0 
 10/21  10:00:00,0.0 
 10/21  11:00:00,0.0 
 10/21  12:00:00,0.0 
 10/21  13:00:00,0.0 
 10/21  14:00:00,0.0 
 10/21  15:00:00,0.0 
 10/21  16:00:00,0.0 
 10/21  17:00:00,0.0 
 10/21  18:00:00,0.0 
 10/21  19:00:00,0.0 
 10/21  20:00:00,0.0 
 10/21  21:00:00,0.0 
 10/21  22:00:00,0.0 
 10/21  23:00:00,0.0 
 10/21  24:00:00,0.0 
 10/22  01:00:00,0.0 
 10/22  02:00:00,0.0 
 10/22  03:00:00,0.0 
 10/22  04:00:00,0.0 
 10/22  05:00:00,0.0 
 10/22  06:00:00,0.0 
 10/22  07:00:00,0.0 
 10/22  08:00:00,0.0 
 10/22  09:00:00,0.0 
 10/22  10:00:00,0.0 
 10/22  11:00:00,0.0 
 10/22  12:00:00,0.0 
 10/22  13:00:00,0.0 
 10/22  14:00:00,0.0 
 10/22  15:00:00,0.0 
 10/22  16:00:00,0.0 
 10/22  17:00:00,0.0 
 10/22  18:00:00,11881313.24865895 
 10/22  19:00:00,19051855.99794101 
 10/22  20:00:00,20911176.029826008 
 10/22  21:00:00,24663537.60170262 
 10/22  22:00:00,29626487.0347 
 10/22  23:00:00,35335440.72380012 
 10/22  24:00:00,36799542.959591605 
 10/23  01:00:00,35174507.97627966 
 10/23  02:00:00,33192451.341679163 
 10/23  03:00:00,33155796.766875498 
 10/23  04:00:00,35216446.54215588 
 10/23  05:00:00,36777944.97926566 
 10/23  06:00:00,38796615.650939666 
 10/23  07:00:00,43713631.428264245 
 10/23  08:00:00,49542698.26579875 
 10/23  09:00:00,50570562.511580534 
 10/23  10:00:00,39544670.02963372 
 10/23  11:00:00,26470083.995533276 
 10/23  12:00:00,30806675.02960001 
 10/23  13:00:00,18329956.475542996 
 10/23  14:00:00,11318116.9736746 
 10/23  15:00:00,7084037.103362661 
 10/23  16:00:00,0.0 
 10/23  17:00:00,0.0 
 10/23  18:00:00,6581739.569156129 
 10/23  19:00:00,5099325.470609567 
 10/23  20:00:00,2886019.3831864977 
 10/23  21:00:00,8500019.012942374 
 10/23  22:00:00,14425150.487528276 
 10/23  23:00:00,21176670.83395394 
 10/23  24:00:00,23754685.133805383 
 10/24  01:00:00,24331406.894659087 
 10/24  02:00:00,25160780.782656904 
 10/24  03:00:00,27989459.21943204 
 10/24  04:00:00,33450969.00787989 
 10/24  05:00:00,38986150.036934204 
 10/24  06:00:00,43810248.56040661 
 10/24  07:00:00,47185660.56349066 
 10/24  08:00:00,49677759.65538311 
 10/24  09:00:00,45478205.34674521 
 10/24  10:00:00,26095396.62150506 
 10/24  11:00:00,8374767.317295098 
 10/24  12:00:00,12450740.298276978 
 10/24  13:00:00,1983910.6925803472 
 10/24  14:00:00,0.0 
 10/24  15:00:00,0.0 
 10/24  16:00:00,0.0 
 10/24  17:00:00,0.0 
 10/24  18:00:00,0.0 
 10/24  19:00:00,2245177.5802999036 
 10/24  20:00:00,6223711.521815462 
 10/24  21:00:00,11834392.487019533 
 10/24  22:00:00,20208493.855186086 
 10/24  23:00:00,28098873.235188775 
 10/24  24:00:00,34149558.1754105 
 10/25  01:00:00,39509190.33416456 
 10/25  02:00:00,42737442.40990466 
 10/25  03:00:00,45136112.944316775 
 10/25  04:00:00,49046479.37281834 
 10/25  05:00:00,55166046.180604115 
 10/25  06:00:00,60053465.17228567 
 10/25  07:00:00,64736749.02627147 
 10/25  08:00:00,70123413.1011016 
 10/25  09:00:00,64841035.35231923 
 10/25  10:00:00,47803421.62599284 
 10/25  11:00:00,32208218.19393919 
 10/25  12:00:00,36657142.275175594 
 10/25  13:00:00,26432302.447382268 
 10/25  14:00:00,21195886.913946528 
 10/25  15:00:00,18687766.24983091 
 10/25  16:00:00,4205176.391930203 
 10/25  17:00:00,2149634.386063367 
 10/25  18:00:00,20208240.459894788 
 10/25  19:00:00,30320646.078705043 
 10/25  20:00:00,44583936.40438098 
 10/25  21:00:00,53023918.35694662 
 10/25  22:00:00,52700729.85779588 
 10/25  23:00:00,41896867.039611 
 10/25  24:00:00,51478492.78629608 
 10/26  01:00:00,63902129.78832826 
 10/26  02:00:00,69144511.68973286 
 10/26  03:00:00,71584730.86155625 
 10/26  04:00:00,75654561.85689512 
 10/26  05:00:00,80025805.91112757 
 10/26  06:00:00,81775764.6103597 
 10/26  07:00:00,83594755.42142324 
 10/26  08:00:00,83602461.37380981 
 10/26  09:00:00,78195558.09915613 
 10/26  10:00:00,63015779.63923161 
 10/26  11:00:00,48374670.68299111 
 10/26  12:00:00,34470373.304172866 
 10/26  13:00:00,31479759.966135193 
 10/26  14:00:00,33780909.598594606 
 10/26  15:00:00,29031653.45059773 
 10/26  16:00:00,26743931.691001896 
 10/26  17:00:00,22081605.027889907 
 10/26  18:00:00,17015887.513150647 
 10/26  19:00:00,40841014.07785826 
 10/26  20:00:00,62208145.06956212 
 10/26  21:00:00,63087912.88410527 
 10/26  22:00:00,68321600.63230118 
 10/26  23:00:00,77964658.42951311 
 10/26  24:00:00,64852254.77593714 
 10/27  01:00:00,63965047.0599917 
 10/27  02:00:00,69932077.4910478 
 10/27  03:00:00,75434942.32726161 
 10/27  04:00:00,81115358.70607755 
 10/27  05:00:00,82857127.21127056 
 10/27  06:00:00,83138529.94408166 
 10/27  07:00:00,82654268.44754429 
 10/27  08:00:00,83095835.22376232 
 10/27  09:00:00,82596518.6046544 
 10/27  10:00:00,71411412.9310892 
 10/27  11:00:00,58465511.26079759 
 10/27  12:00:00,64782153.94678689 
 10/27  13:00:00,54265506.76052026 
 10/27  14:00:00,48604616.72535071 
 10/27  15:00:00,44289622.3898877 
 10/27  16:00:00,27397101.200423997 
 10/27  17:00:00,24745356.82909554 
 10/27  18:00:00,43184986.81524829 
 10/27  19:00:00,50756384.01724873 
 10/27  20:00:00,60647158.92465524 
 10/27  21:00:00,65382902.76065287 
 10/27  22:00:00,62664083.76248452 
 10/27  23:00:00,58037409.734978445 
 10/27  24:00:00,64767112.04326213 
 10/28  01:00:00,70102010.56692143 
 10/28  02:00:00,75325937.8019806 
 10/28  03:00:00,79369928.46473502 
 10/28  04:00:00,87413448.50753964 
 10/28  05:00:00,94461837.99487261 
 10/28  06:00:00,96366610.61071263 
 10/28  07:00:00,95641045.83581567 
 10/28  08:00:00,93928180.64884678 
 10/28  09:00:00,91596168.19669318 
 10/28  10:00:00,80240420.96658815 
 10/28  11:00:00,66388801.57128896 
 10/28  12:00:00,69909864.65970184 
 10/28  13:00:00,61214070.771997765 
 10/28  14:00:00,56840567.117779784 
 10/28  15:00:00,54683088.44529252 
 10/28  16:00:00,39104341.7637145 
 10/28  17:00:00,33679685.96102356 
 10/28  18:00:00,50848972.829677284 
 10/28  19:00:00,48941016.76964513 
 10/28  20:00:00,46910576.651496835 
 10/28  21:00:00,49161043.33694678 
 10/28  22:00:00,52395220.410498425 
 10/28  23:00:00,58460451.85678513 
 10/28  24:00:00,67405615.39331563 
 10/29  01:00:00,76522661.4858299 
 10/29  02:00:00,84072838.70784016 
 10/29  03:00:00,89285369.85774015 
 10/29  04:00:00,92748789.82377334 
 10/29  05:00:00,97190867.89266227 
 10/29  06:00:00,100268990.07609446 
 10/29  07:00:00,103944761.47876146 
 10/29  08:00:00,107347393.94760908 
 10/29  09:00:00,102237642.77688374 
 10/29  10:00:00,85329287.59986119 
 10/29  11:00:00,68644806.0881559 
 10/29  12:00:00,69775684.72668397 
 10/29  13:00:00,56532025.903889745 
 10/29  14:00:00,49433921.46092425 
 10/29  15:00:00,44112206.700691655 
 10/29  16:00:00,26495730.036476534 
 10/29  17:00:00,23762216.14738272 
 10/29  18:00:00,46209965.88167973 
 10/29  19:00:00,55111343.77721181 
 10/29  20:00:00,63294989.742668405 
 10/29  21:00:00,69138144.988129 
 10/29  22:00:00,72191245.40436839 
 10/29  23:00:00,73640034.6500329 
 10/29  24:00:00,79108457.73693323 
 10/30  01:00:00,87880628.16773735 
 10/30  02:00:00,95820250.96825886 
 10/30  03:00:00,101498336.12918012 
 10/30  04:00:00,106294856.08651887 
 10/30  05:00:00,109629723.8656758 
 10/30  06:00:00,110770082.40520042 
 10/30  07:00:00,112996567.57863131 
 10/30  08:00:00,114879567.69236055 
 10/30  09:00:00,110597246.05225354 
 10/30  10:00:00,87633221.90352471 
 10/30  11:00:00,66292004.12067169 
 10/30  12:00:00,67953797.56244814 
 10/30  13:00:00,53348175.17100829 
 10/30  14:00:00,44554105.9280196 
 10/30  15:00:00,38318422.32057788 
 10/30  16:00:00,20026100.147634815 
 10/30  17:00:00,15924101.720237384 
 10/30  18:00:00,35205185.11497492 
 10/30  19:00:00,38482085.386567585 
 10/30  20:00:00,40157656.68746182 
 10/30  21:00:00,46052315.03481798 
 10/30  22:00:00,60490487.76926541 
 10/30  23:00:00,75664989.03230943 
 10/30  24:00:00,85923649.76450011 
 10/31  01:00:00,90424079.5619494 
 10/31  02:00:00,93485914.69394128 
 10/31  03:00:00,97200723.189304 
 10/31  04:00:00,102629761.91279185 
 10/31  05:00:00,105833353.88266847 
 10/31  06:00:00,105616048.890524 
 10/31  07:00:00,107531445.86479105 
 10/31  08:00:00,108612368.40246698 
 10/31  09:00:00,104028338.32640061 
 10/31  10:00:00,83871537.66178411 
 10/31  11:00:00,63163570.82887406 
 10/31  12:00:00,63569448.094037384 
 10/31  13:00:00,48976180.12487025 
 10/31  14:00:00,40204785.9221621 
 10/31  15:00:00,33554187.85743071 
 10/31  16:00:00,14611429.238755256 
 10/31  17:00:00,11260914.736250065 
 10/31  18:00:00,31402574.231728308 
 10/31  19:00:00,32762031.52041512 
 10/31  20:00:00,34604599.21035392 
 10/31  21:00:00,44105247.74182421 
 10/31  22:00:00,57358512.390593 
 10/31  23:00:00,70127804.05517688 
 10/31  24:00:00,78701945.95308247 
 11/01  01:00:00,82095020.66052477 
 11/01  02:00:00,84780016.36889619 
 11/01  03:00:00,87869513.35515279 
 11/01  04:00:00,91867692.71165547 
 11/01  05:00:00,93200762.4364588 
 11/01  06:00:00,92519246.47715594 
 11/01  07:00:00,92815214.22304446 
 11/01  08:00:00,94225331.5369442 
 11/01  09:00:00,92319595.1456463 
 11/01  10:00:00,71133745.51675525 
 11/01  11:00:00,45782010.41769202 
 11/01  12:00:00,43027470.465979025 
 11/01  13:00:00,28887549.068863295 
 11/01  14:00:00,22194146.404795956 
 11/01  15:00:00,16610286.439112294 
 11/01  16:00:00,0.0 
 11/01  17:00:00,0.0 
 11/01  18:00:00,13075173.001851398 
 11/01  19:00:00,28184844.608916346 
 11/01  20:00:00,49785919.208598375 
 11/01  21:00:00,66712348.197699085 
 11/01  22:00:00,72720195.13311955 
 11/01  23:00:00,69420623.37206325 
 11/01  24:00:00,76085756.99074727 
 11/02  01:00:00,82271246.03848039 
 11/02  02:00:00,86375557.9625583 
 11/02  03:00:00,89745205.1120198 
 11/02  04:00:00,93076371.54418883 
 11/02  05:00:00,93478499.452059 
 11/02  06:00:00,93977550.43181072 
 11/02  07:00:00,97214702.35904405 
 11/02  08:00:00,100656884.24504007 
 11/02  09:00:00,100025284.89902341 
 11/02  10:00:00,76459191.98190705 
 11/02  11:00:00,46682939.42742719 
 11/02  12:00:00,25179275.722108465 
 11/02  13:00:00,17975358.982696805 
 11/02  14:00:00,17821348.362257708 
 11/02  15:00:00,11682670.518687762 
 11/02  16:00:00,8002160.4934512405 
 11/02  17:00:00,1427030.1285755122 
 11/02  18:00:00,1796745.8246624563 
 11/02  19:00:00,24515523.11871678 
 11/02  20:00:00,44776533.43233776 
 11/02  21:00:00,62522948.483403504 
 11/02  22:00:00,79679812.09734428 
 11/02  23:00:00,86836619.81105736 
 11/02  24:00:00,74059498.98284349 
 11/03  01:00:00,71076432.13668683 
 11/03  02:00:00,72437652.58673067 
 11/03  03:00:00,73500099.3559344 
 11/03  04:00:00,75448343.82187101 
 11/03  05:00:00,77441063.18959069 
 11/03  06:00:00,77098501.32590868 
 11/03  07:00:00,78007751.5999582 
 11/03  08:00:00,79872490.99389422 
 11/03  09:00:00,76744807.53914745 
 11/03  10:00:00,56968857.28484548 
 11/03  11:00:00,34782569.2494025 
 11/03  12:00:00,36626204.65680936 
 11/03  13:00:00,25045152.819216795 
 11/03  14:00:00,18303126.816574063 
 11/03  15:00:00,14293051.373886133 
 11/03  16:00:00,0.0 
 11/03  17:00:00,0.0 
 11/03  18:00:00,19818539.669932056 
 11/03  19:00:00,20592825.750933867 
 11/03  20:00:00,21189391.08512672 
 11/03  21:00:00,26957891.041107457 
 11/03  22:00:00,32284179.74189662 
 11/03  23:00:00,34231882.95198096 
 11/03  24:00:00,35348612.11563565 
 11/04  01:00:00,37402096.630465865 
 11/04  02:00:00,37701764.49835115 
 11/04  03:00:00,37278728.20788345 
 11/04  04:00:00,36730652.077772655 
 11/04  05:00:00,36615658.791277796 
 11/04  06:00:00,35021770.226000026 
 11/04  07:00:00,34378571.26411354 
 11/04  08:00:00,35558056.226315975 
 11/04  09:00:00,32609622.170018107 
 11/04  10:00:00,19249265.898914382 
 11/04  11:00:00,4770043.750953768 
 11/04  12:00:00,9662819.159053335 
 11/04  13:00:00,1932386.4819029113 
 11/04  14:00:00,201308.59995209612 
 11/04  15:00:00,0.0 
 11/04  16:00:00,0.0 
 11/04  17:00:00,0.0 
 11/04  18:00:00,0.0 
 11/04  19:00:00,0.0 
 11/04  20:00:00,1962466.179947625 
 11/04  21:00:00,3036213.4756948566 
 11/04  22:00:00,0.0 
 11/04  23:00:00,0.0 
 11/04  24:00:00,0.0 
 11/05  01:00:00,0.0 
 11/05  02:00:00,0.0 
 11/05  03:00:00,0.0 
 11/05  04:00:00,0.0 
 11/05  05:00:00,0.0 
 11/05  06:00:00,0.0 
 11/05  07:00:00,0.0 
 11/05  08:00:00,0.0 
 11/05  09:00:00,0.0 
 11/05  10:00:00,0.0 
 11/05  11:00:00,0.0 
 11/05  12:00:00,3556869.8668466415 
 11/05  13:00:00,5819006.636139331 
 11/05  14:00:00,4685824.7960370965 
 11/05  15:00:00,2191792.504604347 
 11/05  16:00:00,0.0 
 11/05  17:00:00,0.0 
 11/05  18:00:00,3822761.7118661525 
 11/05  19:00:00,2921338.8776675803 
 11/05  20:00:00,0.0 
 11/05  21:00:00,1555160.8922226587 
 11/05  22:00:00,3963851.6632528044 
 11/05  23:00:00,7052597.831310542 
 11/05  24:00:00,9474427.041363297 
 11/06  01:00:00,10571927.833164508 
 11/06  02:00:00,11328337.597308729 
 11/06  03:00:00,13721402.155278925 
 11/06  04:00:00,15618316.00575582 
 11/06  05:00:00,16236272.949885206 
 11/06  06:00:00,18622603.155522287 
 11/06  07:00:00,20034085.026380114 
 11/06  08:00:00,21020443.043023396 
 11/06  09:00:00,23097069.858388886 
 11/06  10:00:00,25035740.02347691 
 11/06  11:00:00,25511352.68612076 
 11/06  12:00:00,36556780.02950717 
 11/06  13:00:00,32660937.504887868 
 11/06  14:00:00,31187073.697916076 
 11/06  15:00:00,29917671.784079984 
 11/06  16:00:00,14507412.3164953 
 11/06  17:00:00,11999685.775165306 
 11/06  18:00:00,33663685.55309312 
 11/06  19:00:00,38638387.19127775 
 11/06  20:00:00,41507867.33063304 
 11/06  21:00:00,43031789.73675357 
 11/06  22:00:00,39644499.02232173 
 11/06  23:00:00,30500593.24207565 
 11/06  24:00:00,32044969.308121532 
 11/07  01:00:00,33494913.10983722 
 11/07  02:00:00,34621649.86500477 
 11/07  03:00:00,36090754.61142669 
 11/07  04:00:00,37516225.150653586 
 11/07  05:00:00,38629776.382388756 
 11/07  06:00:00,40485589.919158116 
 11/07  07:00:00,42602163.23029257 
 11/07  08:00:00,42909807.65933181 
 11/07  09:00:00,42526464.99800321 
 11/07  10:00:00,42632070.00112042 
 11/07  11:00:00,42462716.510049716 
 11/07  12:00:00,56334940.93035521 
 11/07  13:00:00,52095847.739165656 
 11/07  14:00:00,50316256.46878488 
 11/07  15:00:00,48485623.74431044 
 11/07  16:00:00,32284559.577681847 
 11/07  17:00:00,27771272.589249842 
 11/07  18:00:00,43522114.41454038 
 11/07  19:00:00,36496546.267415255 
 11/07  20:00:00,29305139.010245677 
 11/07  21:00:00,29916771.49169524 
 11/07  22:00:00,31054010.56350307 
 11/07  23:00:00,31684753.518511284 
 11/07  24:00:00,32615847.58450831 
 11/08  01:00:00,33610371.835847035 
 11/08  02:00:00,36354058.87924461 
 11/08  03:00:00,36786629.75578825 
 11/08  04:00:00,34307217.00065935 
 11/08  05:00:00,32552095.270387992 
 11/08  06:00:00,32962341.91171609 
 11/08  07:00:00,35156073.45218661 
 11/08  08:00:00,36323762.22844148 
 11/08  09:00:00,35921883.62790461 
 11/08  10:00:00,32779610.48422151 
 11/08  11:00:00,28948091.821428064 
 11/08  12:00:00,39316633.817138895 
 11/08  13:00:00,34204535.577602476 
 11/08  14:00:00,31648048.142588142 
 11/08  15:00:00,29899003.85776965 
 11/08  16:00:00,13961972.442791728 
 11/08  17:00:00,9472522.025941756 
 11/08  18:00:00,26398839.991979636 
 11/08  19:00:00,28605392.507149912 
 11/08  20:00:00,30748270.370074525 
 11/08  21:00:00,31432440.288915552 
 11/08  22:00:00,29067556.630454615 
 11/08  23:00:00,21981002.337449603 
 11/08  24:00:00,25832250.54441314 
 11/09  01:00:00,28549895.281824656 
 11/09  02:00:00,28583619.39465569 
 11/09  03:00:00,28309925.78593099 
 11/09  04:00:00,29800216.380589366 
 11/09  05:00:00,30356437.925148778 
 11/09  06:00:00,31865647.35326157 
 11/09  07:00:00,32307022.833354354 
 11/09  08:00:00,30513797.2071596 
 11/09  09:00:00,31419100.799621873 
 11/09  10:00:00,29690581.547911514 
 11/09  11:00:00,24952933.213030063 
 11/09  12:00:00,19418192.05829648 
 11/09  13:00:00,22589003.739674687 
 11/09  14:00:00,26626910.705711275 
 11/09  15:00:00,22768984.468675427 
 11/09  16:00:00,20265336.763413303 
 11/09  17:00:00,12835607.534605406 
 11/09  18:00:00,4789450.850142119 
 11/09  19:00:00,20546210.081484824 
 11/09  20:00:00,32528720.858248353 
 11/09  21:00:00,32695711.51722037 
 11/09  22:00:00,37287630.41677368 
 11/09  23:00:00,41096361.39945904 
 11/09  24:00:00,26745443.018398385 
 11/10  01:00:00,23579939.445539564 
 11/10  02:00:00,23156555.41555924 
 11/10  03:00:00,21934340.33003657 
 11/10  04:00:00,22185281.70203674 
 11/10  05:00:00,24768907.380598437 
 11/10  06:00:00,27408470.41372627 
 11/10  07:00:00,29797728.978954956 
 11/10  08:00:00,31103951.69958682 
 11/10  09:00:00,31362720.33793051 
 11/10  10:00:00,27301727.830250893 
 11/10  11:00:00,22226372.377864037 
 11/10  12:00:00,34803866.73271862 
 11/10  13:00:00,30924753.79464236 
 11/10  14:00:00,28374035.187587492 
 11/10  15:00:00,26308775.269313086 
 11/10  16:00:00,10245584.80619383 
 11/10  17:00:00,6248974.597108271 
 11/10  18:00:00,25240697.79925493 
 11/10  19:00:00,20718550.183934 
 11/10  20:00:00,14948445.521796428 
 11/10  21:00:00,16464233.165138423 
 11/10  22:00:00,17302277.82925365 
 11/10  23:00:00,18217655.552676976 
 11/10  24:00:00,18330351.387170494 
 11/11  01:00:00,19706385.0105484 
 11/11  02:00:00,21503785.26834792 
 11/11  03:00:00,22110747.066386558 
 11/11  04:00:00,23405047.592378613 
 11/11  05:00:00,25439139.36927163 
 11/11  06:00:00,26699677.749794632 
 11/11  07:00:00,28110452.833830874 
 11/11  08:00:00,30506292.083965614 
 11/11  09:00:00,32430741.505617693 
 11/11  10:00:00,29777586.496588405 
 11/11  11:00:00,21613059.7268593 
 11/11  12:00:00,29843129.976098474 
 11/11  13:00:00,20803006.414393313 
 11/11  14:00:00,13106823.2849265 
 11/11  15:00:00,7651245.94908671 
 11/11  16:00:00,0.0 
 11/11  17:00:00,0.0 
 11/11  18:00:00,9937286.315446068 
 11/11  19:00:00,13467493.989391465 
 11/11  20:00:00,12577495.839304851 
 11/11  21:00:00,17422534.720168635 
 11/11  22:00:00,23438840.11301953 
 11/11  23:00:00,28207536.84358257 
 11/11  24:00:00,32287061.73845034 
 11/12  01:00:00,36913974.36678429 
 11/12  02:00:00,38207680.89638567 
 11/12  03:00:00,35900088.61295816 
 11/12  04:00:00,34794142.506761365 
 11/12  05:00:00,34837298.64433813 
 11/12  06:00:00,34863431.66946313 
 11/12  07:00:00,35523231.67165496 
 11/12  08:00:00,37605280.75421818 
 11/12  09:00:00,38699010.473742574 
 11/12  10:00:00,33295737.76803534 
 11/12  11:00:00,25510027.53900562 
 11/12  12:00:00,34212286.81138515 
 11/12  13:00:00,24451606.648785483 
 11/12  14:00:00,17429089.44117562 
 11/12  15:00:00,14104835.870531622 
 11/12  16:00:00,0.0 
 11/12  17:00:00,0.0 
 11/12  18:00:00,21702683.002408035 
 11/12  19:00:00,29419673.972359024 
 11/12  20:00:00,35006192.370656066 
 11/12  21:00:00,37163090.877655566 
 11/12  22:00:00,33476023.594015934 
 11/12  23:00:00,22954080.23318241 
 11/12  24:00:00,23879358.51373624 
 11/13  01:00:00,24545504.65586982 
 11/13  02:00:00,24305143.03577675 
 11/13  03:00:00,26099123.171791717 
 11/13  04:00:00,29214632.7724401 
 11/13  05:00:00,30564810.064303644 
 11/13  06:00:00,30662951.729795825 
 11/13  07:00:00,31384568.557434533 
 11/13  08:00:00,32037003.92798558 
 11/13  09:00:00,33440157.39425768 
 11/13  10:00:00,34623897.58141805 
 11/13  11:00:00,36641382.03392239 
 11/13  12:00:00,52363749.31580834 
 11/13  13:00:00,49439508.3024571 
 11/13  14:00:00,47380867.767068915 
 11/13  15:00:00,46278215.85890134 
 11/13  16:00:00,30595735.018830746 
 11/13  17:00:00,24097574.473432638 
 11/13  18:00:00,39105936.306615636 
 11/13  19:00:00,41750172.19559381 
 11/13  20:00:00,44655368.63402299 
 11/13  21:00:00,43528866.38960671 
 11/13  22:00:00,37374461.45679094 
 11/13  23:00:00,27460146.599101722 
 11/13  24:00:00,31233185.26314553 
 11/14  01:00:00,33505211.34675171 
 11/14  02:00:00,33376046.56338149 
 11/14  03:00:00,33453072.22900631 
 11/14  04:00:00,35036636.46430706 
 11/14  05:00:00,37509624.51034491 
 11/14  06:00:00,37546252.22841615 
 11/14  07:00:00,37889098.79532453 
 11/14  08:00:00,38062647.0715429 
 11/14  09:00:00,37716181.53921452 
 11/14  10:00:00,34054233.18689804 
 11/14  11:00:00,28906925.167509217 
 11/14  12:00:00,39773036.5584612 
 11/14  13:00:00,34202988.56643455 
 11/14  14:00:00,30883521.926476296 
 11/14  15:00:00,26032133.420674995 
 11/14  16:00:00,8898409.141082224 
 11/14  17:00:00,7359607.663494791 
 11/14  18:00:00,31061166.26340409 
 11/14  19:00:00,34525692.74609678 
 11/14  20:00:00,34540795.241148695 
 11/14  21:00:00,37803957.18996988 
 11/14  22:00:00,41249753.37740095 
 11/14  23:00:00,42222448.335493445 
 11/14  24:00:00,46253788.06419242 
 11/15  01:00:00,52204477.06448521 
 11/15  02:00:00,56416066.420546666 
 11/15  03:00:00,59573254.451833844 
 11/15  04:00:00,63129327.99468739 
 11/15  05:00:00,64812252.302483775 
 11/15  06:00:00,64033871.8810522 
 11/15  07:00:00,64898544.59960048 
 11/15  08:00:00,65285319.51863801 
 11/15  09:00:00,60567505.69970306 
 11/15  10:00:00,49782368.27662472 
 11/15  11:00:00,39481172.259603634 
 11/15  12:00:00,49016812.12067676 
 11/15  13:00:00,44660243.50173008 
 11/15  14:00:00,40535539.479671896 
 11/15  15:00:00,36507909.776071064 
 11/15  16:00:00,22190453.631065067 
 11/15  17:00:00,20601466.896876387 
 11/15  18:00:00,38232085.953579746 
 11/15  19:00:00,38951647.127840765 
 11/15  20:00:00,39735660.98014384 
 11/15  21:00:00,40302207.97527207 
 11/15  22:00:00,36030959.30651882 
 11/15  23:00:00,25674083.271614652 
 11/15  24:00:00,28946032.931979932 
 11/16  01:00:00,32650688.90897069 
 11/16  02:00:00,34436383.96990586 
 11/16  03:00:00,34735622.79096942 
 11/16  04:00:00,33676275.12838987 
 11/16  05:00:00,33540039.68459121 
 11/16  06:00:00,34726791.57515753 
 11/16  07:00:00,38589445.40102687 
 11/16  08:00:00,41846581.21937828 
 11/16  09:00:00,43749560.83747955 
 11/16  10:00:00,37560011.91722216 
 11/16  11:00:00,26339490.37109355 
 11/16  12:00:00,16079265.415206108 
 11/16  13:00:00,19265423.14815496 
 11/16  14:00:00,27424043.20180966 
 11/16  15:00:00,26602357.595839005 
 11/16  16:00:00,27064349.235409223 
 11/16  17:00:00,24714509.696198467 
 11/16  18:00:00,18092985.529509813 
 11/16  19:00:00,34075800.740934044 
 11/16  20:00:00,48826469.632666 
 11/16  21:00:00,51030483.599368 
 11/16  22:00:00,54162465.73241672 
 11/16  23:00:00,60467104.63575753 
 11/16  24:00:00,53482759.00663811 
 11/17  01:00:00,56343682.34215058 
 11/17  02:00:00,61077874.335807756 
 11/17  03:00:00,66011057.788358875 
 11/17  04:00:00,70970781.43932365 
 11/17  05:00:00,75610037.46351084 
 11/17  06:00:00,76187375.27308215 
 11/17  07:00:00,73719508.80826372 
 11/17  08:00:00,72094930.88338912 
 11/17  09:00:00,69532497.04740427 
 11/17  10:00:00,60513548.89332656 
 11/17  11:00:00,52156917.263531975 
 11/17  12:00:00,66639479.39699837 
 11/17  13:00:00,68058281.89410016 
 11/17  14:00:00,70660232.15258738 
 11/17  15:00:00,70663878.99586587 
 11/17  16:00:00,56157895.94660879 
 11/17  17:00:00,53692221.81014841 
 11/17  18:00:00,70607246.99486406 
 11/17  19:00:00,72498621.21394698 
 11/17  20:00:00,74964567.4144658 
 11/17  21:00:00,75402670.05617043 
 11/17  22:00:00,69605870.79207309 
 11/17  23:00:00,62388194.68071708 
 11/17  24:00:00,65697603.07211049 
 11/18  01:00:00,67741410.57012364 
 11/18  02:00:00,69728093.33896302 
 11/18  03:00:00,69721908.28847784 
 11/18  04:00:00,68145228.56376179 
 11/18  05:00:00,67226599.36909166 
 11/18  06:00:00,68147312.15063024 
 11/18  07:00:00,68882283.55581047 
 11/18  08:00:00,70401273.29594591 
 11/18  09:00:00,74432458.29189196 
 11/18  10:00:00,70532728.98894693 
 11/18  11:00:00,61477281.611541 
 11/18  12:00:00,67787172.70002666 
 11/18  13:00:00,59374622.076548375 
 11/18  14:00:00,57160449.69052203 
 11/18  15:00:00,55629391.75544881 
 11/18  16:00:00,40416525.73318372 
 11/18  17:00:00,37417464.52329824 
 11/18  18:00:00,58905647.82411049 
 11/18  19:00:00,70303680.6491023 
 11/18  20:00:00,79906137.42874317 
 11/18  21:00:00,81691898.14638951 
 11/18  22:00:00,77229125.16744015 
 11/18  23:00:00,69205017.73138794 
 11/18  24:00:00,73250693.08804445 
 11/19  01:00:00,74972986.10015969 
 11/19  02:00:00,76288747.29902555 
 11/19  03:00:00,79344783.3948534 
 11/19  04:00:00,80316741.09066494 
 11/19  05:00:00,78995380.4133123 
 11/19  06:00:00,79596412.31924525 
 11/19  07:00:00,85636686.21163912 
 11/19  08:00:00,90452901.24927087 
 11/19  09:00:00,90508341.80791238 
 11/19  10:00:00,80333365.38822225 
 11/19  11:00:00,67038908.19377324 
 11/19  12:00:00,71853094.54530606 
 11/19  13:00:00,62179925.42618657 
 11/19  14:00:00,57428170.09207266 
 11/19  15:00:00,53294832.581896365 
 11/19  16:00:00,36218087.69439314 
 11/19  17:00:00,34676623.62017606 
 11/19  18:00:00,54704096.13267782 
 11/19  19:00:00,65814049.85669072 
 11/19  20:00:00,77942675.02587427 
 11/19  21:00:00,87254096.08801186 
 11/19  22:00:00,93477270.12959476 
 11/19  23:00:00,91186532.47242148 
 11/19  24:00:00,97935111.33771831 
 11/20  01:00:00,102401483.49315773 
 11/20  02:00:00,105420489.86948586 
 11/20  03:00:00,107620388.68358274 
 11/20  04:00:00,111710143.9993843 
 11/20  05:00:00,116128700.38076054 
 11/20  06:00:00,117579872.01174894 
 11/20  07:00:00,120239175.03976956 
 11/20  08:00:00,121206385.83670858 
 11/20  09:00:00,116921773.40396962 
 11/20  10:00:00,102199067.53560948 
 11/20  11:00:00,84969004.94496146 
 11/20  12:00:00,86080427.35272758 
 11/20  13:00:00,74516184.01470956 
 11/20  14:00:00,69309384.54924965 
 11/20  15:00:00,65354512.1814348 
 11/20  16:00:00,48118734.507507905 
 11/20  17:00:00,47044684.5926442 
 11/20  18:00:00,69413502.18647537 
 11/20  19:00:00,81663479.22304922 
 11/20  20:00:00,96267317.25323378 
 11/20  21:00:00,102746384.25578058 
 11/20  22:00:00,99627549.78899346 
 11/20  23:00:00,94037804.82265034 
 11/20  24:00:00,98554789.77497675 
 11/21  01:00:00,100765359.00841804 
 11/21  02:00:00,104563442.21797812 
 11/21  03:00:00,110573091.61301026 
 11/21  04:00:00,116868690.07066672 
 11/21  05:00:00,118921186.5105629 
 11/21  06:00:00,120046947.20190439 
 11/21  07:00:00,118755150.13409454 
 11/21  08:00:00,113879563.4396195 
 11/21  09:00:00,107320782.56280468 
 11/21  10:00:00,96562925.94085874 
 11/21  11:00:00,88750916.28019041 
 11/21  12:00:00,93765534.20236732 
 11/21  13:00:00,81658784.94314714 
 11/21  14:00:00,77500973.19959016 
 11/21  15:00:00,74562423.08595501 
 11/21  16:00:00,58681759.44476214 
 11/21  17:00:00,55617174.94946744 
 11/21  18:00:00,77246457.33017385 
 11/21  19:00:00,76548128.51473843 
 11/21  20:00:00,70168470.55727778 
 11/21  21:00:00,69253620.09563021 
 11/21  22:00:00,68978849.4967965 
 11/21  23:00:00,68405870.11485723 
 11/21  24:00:00,68369861.60094592 
 11/22  01:00:00,68846613.78441523 
 11/22  02:00:00,70243337.83460689 
 11/22  03:00:00,72038775.47434308 
 11/22  04:00:00,73752534.55966926 
 11/22  05:00:00,75065376.71906717 
 11/22  06:00:00,77699290.67187302 
 11/22  07:00:00,80745852.34704168 
 11/22  08:00:00,79837755.53609267 
 11/22  09:00:00,79396090.456435 
 11/22  10:00:00,77420565.31683512 
 11/22  11:00:00,74171538.13714051 
 11/22  12:00:00,83644205.02998687 
 11/22  13:00:00,74597561.11646728 
 11/22  14:00:00,69868403.36407149 
 11/22  15:00:00,65188884.426570505 
 11/22  16:00:00,46788558.075351596 
 11/22  17:00:00,42546213.42681474 
 11/22  18:00:00,64499983.185591966 
 11/22  19:00:00,71575872.89640167 
 11/22  20:00:00,75065202.4264468 
 11/22  21:00:00,73846185.41184488 
 11/22  22:00:00,67833192.19888473 
 11/22  23:00:00,56414193.24105217 
 11/22  24:00:00,57228314.78204113 
 11/23  01:00:00,57171069.607011765 
 11/23  02:00:00,55111474.00094311 
 11/23  03:00:00,55056534.89140948 
 11/23  04:00:00,56872718.87666218 
 11/23  05:00:00,57459357.02368033 
 11/23  06:00:00,57939883.19513274 
 11/23  07:00:00,60191906.10862572 
 11/23  08:00:00,62491574.3682626 
 11/23  09:00:00,66038244.21364255 
 11/23  10:00:00,62929385.33267133 
 11/23  11:00:00,57491790.82717916 
 11/23  12:00:00,51830021.44608152 
 11/23  13:00:00,52495014.15558101 
 11/23  14:00:00,55056820.574637674 
 11/23  15:00:00,49650093.09506456 
 11/23  16:00:00,47610536.410156205 
 11/23  17:00:00,43010719.486157194 
 11/23  18:00:00,38594987.28641051 
 11/23  19:00:00,58695290.787779495 
 11/23  20:00:00,72077304.93726991 
 11/23  21:00:00,71579807.11798681 
 11/23  22:00:00,73332284.6875033 
 11/23  23:00:00,76236430.83436964 
 11/23  24:00:00,64659157.27738284 
 11/24  01:00:00,64024324.080980994 
 11/24  02:00:00,68100945.0743332 
 11/24  03:00:00,71914862.77650444 
 11/24  04:00:00,75728244.22066471 
 11/24  05:00:00,76032242.0972458 
 11/24  06:00:00,75250906.01859027 
 11/24  07:00:00,74399592.34380622 
 11/24  08:00:00,72876201.4227382 
 11/24  09:00:00,73332868.84920917 
 11/24  10:00:00,70153912.46567073 
 11/24  11:00:00,66870499.26208368 
 11/24  12:00:00,73841897.01706865 
 11/24  13:00:00,63298328.04872479 
 11/24  14:00:00,59464953.35393278 
 11/24  15:00:00,55443557.79139005 
 11/24  16:00:00,38689658.80149705 
 11/24  17:00:00,36310395.754411705 
 11/24  18:00:00,62749755.760506384 
 11/24  19:00:00,65807499.63427471 
 11/24  20:00:00,62611598.624489434 
 11/24  21:00:00,60712096.83067503 
 11/24  22:00:00,54192690.28297028 
 11/24  23:00:00,52147665.437760204 
 11/24  24:00:00,55839230.32829769 
 11/25  01:00:00,58430440.88578841 
 11/25  02:00:00,59306940.72614461 
 11/25  03:00:00,58965007.50835945 
 11/25  04:00:00,62965460.08552119 
 11/25  05:00:00,66975628.7996174 
 11/25  06:00:00,65925553.056632794 
 11/25  07:00:00,64071214.65455611 
 11/25  08:00:00,63183651.868045166 
 11/25  09:00:00,64374775.76623788 
 11/25  10:00:00,63289962.60222914 
 11/25  11:00:00,60203529.43254502 
 11/25  12:00:00,68416947.47413485 
 11/25  13:00:00,59388778.43943097 
 11/25  14:00:00,56064502.56567699 
 11/25  15:00:00,55756276.449376635 
 11/25  16:00:00,44042653.04734118 
 11/25  17:00:00,43150439.80686085 
 11/25  18:00:00,61564948.76616548 
 11/25  19:00:00,65044719.03758257 
 11/25  20:00:00,69183399.41675097 
 11/25  21:00:00,71129552.87477031 
 11/25  22:00:00,66566389.916824326 
 11/25  23:00:00,57835484.49151149 
 11/25  24:00:00,59917279.86621287 
 11/26  01:00:00,61027060.101092 
 11/26  02:00:00,62083092.46960175 
 11/26  03:00:00,62337444.36396563 
 11/26  04:00:00,63420484.99148546 
 11/26  05:00:00,64687910.1758112 
 11/26  06:00:00,64167648.094524585 
 11/26  07:00:00,64442040.88991101 
 11/26  08:00:00,65300226.01073246 
 11/26  09:00:00,66653486.67611232 
 11/26  10:00:00,69031821.22883302 
 11/26  11:00:00,71042695.42318918 
 11/26  12:00:00,90847092.53563341 
 11/26  13:00:00,92920475.02988948 
 11/26  14:00:00,93585731.60030174 
 11/26  15:00:00,93503591.0204837 
 11/26  16:00:00,78970393.7093022 
 11/26  17:00:00,76825889.54408462 
 11/26  18:00:00,93572739.33418493 
 11/26  19:00:00,85798491.70141128 
 11/26  20:00:00,78583182.69828069 
 11/26  21:00:00,78007579.59680349 
 11/26  22:00:00,78237683.18530284 
 11/26  23:00:00,78262277.07783294 
 11/26  24:00:00,79247600.81214555 
 11/27  01:00:00,80775282.86031726 
 11/27  02:00:00,81323805.40565397 
 11/27  03:00:00,82995487.26132323 
 11/27  04:00:00,83430199.36541753 
 11/27  05:00:00,82493420.76377934 
 11/27  06:00:00,82623796.48032112 
 11/27  07:00:00,83043140.34838742 
 11/27  08:00:00,82332326.78665613 
 11/27  09:00:00,81666703.6999971 
 11/27  10:00:00,79991676.13253541 
 11/27  11:00:00,78000156.7597826 
 11/27  12:00:00,93475876.40118983 
 11/27  13:00:00,92425824.7479148 
 11/27  14:00:00,92199833.64735113 
 11/27  15:00:00,90458526.21207763 
 11/27  16:00:00,75191010.84850648 
 11/27  17:00:00,73029629.54362875 
 11/27  18:00:00,91033209.59402788 
 11/27  19:00:00,84861010.69823359 
 11/27  20:00:00,78281670.56045523 
 11/27  21:00:00,78780261.7992231 
 11/27  22:00:00,78532271.91074196 
 11/27  23:00:00,78290766.2317267 
 11/27  24:00:00,81189205.88107592 
 11/28  01:00:00,83820565.99539319 
 11/28  02:00:00,83670678.75752625 
 11/28  03:00:00,82730463.75904782 
 11/28  04:00:00,82153478.63962062 
 11/28  05:00:00,81841765.7749856 
 11/28  06:00:00,81155345.36536828 
 11/28  07:00:00,80806246.96468413 
 11/28  08:00:00,80792531.58289225 
 11/28  09:00:00,80383343.97194646 
 11/28  10:00:00,80277910.68216026 
 11/28  11:00:00,81877054.69525886 
 11/28  12:00:00,97566302.6611126 
 11/28  13:00:00,94778456.51886192 
 11/28  14:00:00,92565548.65991871 
 11/28  15:00:00,88509686.85582122 
 11/28  16:00:00,70629802.38591106 
 11/28  17:00:00,64709767.961732745 
 11/28  18:00:00,78799933.5200311 
 11/28  19:00:00,68183334.86910105 
 11/28  20:00:00,58645779.081644624 
 11/28  21:00:00,57878251.672529794 
 11/28  22:00:00,57196563.9016682 
 11/28  23:00:00,56500437.3261224 
 11/28  24:00:00,58211129.8187165 
 11/29  01:00:00,60126400.969276346 
 11/29  02:00:00,60082846.17195279 
 11/29  03:00:00,60041885.54394089 
 11/29  04:00:00,60399904.918512456 
 11/29  05:00:00,60721635.72293843 
 11/29  06:00:00,60340387.9498786 
 11/29  07:00:00,59227233.96919872 
 11/29  08:00:00,58497787.62532951 
 11/29  09:00:00,57631335.21009855 
 11/29  10:00:00,55878881.439353265 
 11/29  11:00:00,53955993.407225564 
 11/29  12:00:00,68459417.97278021 
 11/29  13:00:00,67688086.22670354 
 11/29  14:00:00,67153710.310904 
 11/29  15:00:00,64902041.0974847 
 11/29  16:00:00,48568706.65689174 
 11/29  17:00:00,44008065.34276838 
 11/29  18:00:00,59760921.72191204 
 11/29  19:00:00,60350405.47020156 
 11/29  20:00:00,60460004.45997267 
 11/29  21:00:00,58551079.21160418 
 11/29  22:00:00,52136810.6126345 
 11/29  23:00:00,40653658.34739483 
 11/29  24:00:00,39038455.20644314 
 11/30  01:00:00,38600019.12270491 
 11/30  02:00:00,38698285.23171189 
 11/30  03:00:00,38960804.93916111 
 11/30  04:00:00,39500533.91741936 
 11/30  05:00:00,39789642.228646696 
 11/30  06:00:00,40444791.46679482 
 11/30  07:00:00,40389487.21740881 
 11/30  08:00:00,40424429.44007792 
 11/30  09:00:00,41859871.37404627 
 11/30  10:00:00,41625945.1743569 
 11/30  11:00:00,40392604.79991375 
 11/30  12:00:00,40109085.002614155 
 11/30  13:00:00,48612649.04393647 
 11/30  14:00:00,57059056.91217303 
 11/30  15:00:00,56586909.83742101 
 11/30  16:00:00,56443262.650807664 
 11/30  17:00:00,48756274.61153646 
 11/30  18:00:00,34127294.08403055 
 11/30  19:00:00,42221731.80694696 
 11/30  20:00:00,51155262.08789195 
 11/30  21:00:00,50730060.78350887 
 11/30  22:00:00,50627936.019063786 
 11/30  23:00:00,50165656.25740613 
 11/30  24:00:00,35679212.36921057 
 12/01  01:00:00,32758962.848400816 
 12/01  02:00:00,31155526.289653733 
 12/01  03:00:00,28966592.321428027 
 12/01  04:00:00,28468961.408016298 
 12/01  05:00:00,28959033.53322786 
 12/01  06:00:00,29901836.747116733 
 12/01  07:00:00,30707568.015693177 
 12/01  08:00:00,31339644.691113126 
 12/01  09:00:00,33022640.392605234 
 12/01  10:00:00,31686169.16069251 
 12/01  11:00:00,24513910.00661853 
 12/01  12:00:00,31586224.812222347 
 12/01  13:00:00,24705073.340044823 
 12/01  14:00:00,22999741.024199154 
 12/01  15:00:00,28014168.451689746 
 12/01  16:00:00,20210054.05161968 
 12/01  17:00:00,20236220.92095546 
 12/01  18:00:00,40096104.099933505 
 12/01  19:00:00,44356773.066765115 
 12/01  20:00:00,46427177.73718166 
 12/01  21:00:00,47383796.841387294 
 12/01  22:00:00,42883738.930158556 
 12/01  23:00:00,32447525.639910974 
 12/01  24:00:00,37361913.61171086 
 12/02  01:00:00,41531423.48305628 
 12/02  02:00:00,43305029.50515209 
 12/02  03:00:00,45646267.41312182 
 12/02  04:00:00,47245820.50990009 
 12/02  05:00:00,48924328.230769984 
 12/02  06:00:00,50487749.599865966 
 12/02  07:00:00,51318507.645826876 
 12/02  08:00:00,51396672.69759151 
 12/02  09:00:00,52193411.40135659 
 12/02  10:00:00,52722276.09001045 
 12/02  11:00:00,53150817.61851911 
 12/02  12:00:00,70760906.591957 
 12/02  13:00:00,65968435.35300353 
 12/02  14:00:00,63982664.41450306 
 12/02  15:00:00,65428360.64129519 
 12/02  16:00:00,51059943.88289215 
 12/02  17:00:00,46633349.496345334 
 12/02  18:00:00,62365463.45716753 
 12/02  19:00:00,55849502.60519009 
 12/02  20:00:00,49923626.854445204 
 12/02  21:00:00,51174017.62600341 
 12/02  22:00:00,52885753.54089292 
 12/02  23:00:00,53378134.464728676 
 12/02  24:00:00,54853689.21752894 
 12/03  01:00:00,57530505.727936536 
 12/03  02:00:00,59701915.19847898 
 12/03  03:00:00,61454331.06196986 
 12/03  04:00:00,62932272.938486576 
 12/03  05:00:00,65557380.82486528 
 12/03  06:00:00,68510555.26031843 
 12/03  07:00:00,69218064.53566764 
 12/03  08:00:00,68955520.3187265 
 12/03  09:00:00,69663202.10286419 
 12/03  10:00:00,69850892.64762418 
 12/03  11:00:00,71146459.1478145 
 12/03  12:00:00,89485311.11619271 
 12/03  13:00:00,90410539.35426617 
 12/03  14:00:00,91271499.68664512 
 12/03  15:00:00,91530604.09974147 
 12/03  16:00:00,77737614.50115074 
 12/03  17:00:00,74440943.6531583 
 12/03  18:00:00,90494734.69977017 
 12/03  19:00:00,83420949.32613975 
 12/03  20:00:00,77304820.77433345 
 12/03  21:00:00,78234770.2306224 
 12/03  22:00:00,79660548.43967235 
 12/03  23:00:00,80153999.3508585 
 12/03  24:00:00,80857443.29637742 
 12/04  01:00:00,82104170.05212538 
 12/04  02:00:00,82329969.21466278 
 12/04  03:00:00,82520637.68023938 
 12/04  04:00:00,83065388.57052098 
 12/04  05:00:00,83177379.70292412 
 12/04  06:00:00,82176776.71916282 
 12/04  07:00:00,81155936.33679107 
 12/04  08:00:00,80831397.63017419 
 12/04  09:00:00,79651779.57833314 
 12/04  10:00:00,77700138.0165787 
 12/04  11:00:00,75421939.66884586 
 12/04  12:00:00,90748865.65701969 
 12/04  13:00:00,89519066.00756308 
 12/04  14:00:00,87054377.1212301 
 12/04  15:00:00,85668563.01234208 
 12/04  16:00:00,71032178.78490302 
 12/04  17:00:00,67555242.91763914 
 12/04  18:00:00,84126612.04169168 
 12/04  19:00:00,75981478.59993254 
 12/04  20:00:00,67833922.60014153 
 12/04  21:00:00,67416169.53474388 
 12/04  22:00:00,68179947.77659199 
 12/04  23:00:00,69198955.86854637 
 12/04  24:00:00,71599388.12124103 
 12/05  01:00:00,74162249.14871757 
 12/05  02:00:00,74698056.89364696 
 12/05  03:00:00,74484989.4688298 
 12/05  04:00:00,74287144.27956451 
 12/05  05:00:00,74790793.29701447 
 12/05  06:00:00,74850479.70959908 
 12/05  07:00:00,75386944.36499617 
 12/05  08:00:00,76206155.56690463 
 12/05  09:00:00,75933564.99320737 
 12/05  10:00:00,74787592.38805076 
 12/05  11:00:00,75890791.69622102 
 12/05  12:00:00,93551704.96316698 
 12/05  13:00:00,93455861.80316822 
 12/05  14:00:00,94056330.25691271 
 12/05  15:00:00,94115365.65396264 
 12/05  16:00:00,79355563.42469683 
 12/05  17:00:00,74183827.94621433 
 12/05  18:00:00,87899425.32139407 
 12/05  19:00:00,79139401.67741573 
 12/05  20:00:00,70448645.49641067 
 12/05  21:00:00,68927707.03311548 
 12/05  22:00:00,68056450.1839479 
 12/05  23:00:00,66382632.76159648 
 12/05  24:00:00,67508965.76438423 
 12/06  01:00:00,68290116.33867478 
 12/06  02:00:00,67561003.79695903 
 12/06  03:00:00,68200048.99711233 
 12/06  04:00:00,68505356.36321718 
 12/06  05:00:00,68083837.651754 
 12/06  06:00:00,68082373.09924777 
 12/06  07:00:00,67637187.92429867 
 12/06  08:00:00,66920454.09712214 
 12/06  09:00:00,66450628.86300241 
 12/06  10:00:00,67020959.44538796 
 12/06  11:00:00,68457974.6147604 
 12/06  12:00:00,80683576.7274112 
 12/06  13:00:00,75020424.44707173 
 12/06  14:00:00,73933594.43605974 
 12/06  15:00:00,72781011.67107552 
 12/06  16:00:00,56621296.45568013 
 12/06  17:00:00,52023532.61978714 
 12/06  18:00:00,68128162.68313126 
 12/06  19:00:00,69794248.14232048 
 12/06  20:00:00,72122323.0690266 
 12/06  21:00:00,72421851.4852431 
 12/06  22:00:00,68004109.86717904 
 12/06  23:00:00,58531958.84620276 
 12/06  24:00:00,59360815.540873796 
 12/07  01:00:00,59856059.899704225 
 12/07  02:00:00,61177854.44286915 
 12/07  03:00:00,62759870.104433134 
 12/07  04:00:00,64485440.6955699 
 12/07  05:00:00,66940634.697400086 
 12/07  06:00:00,69447351.3649407 
 12/07  07:00:00,72423044.92784695 
 12/07  08:00:00,75013461.15900914 
 12/07  09:00:00,77708564.76423497 
 12/07  10:00:00,79896805.43276425 
 12/07  11:00:00,81209067.17192727 
 12/07  12:00:00,76669341.38611893 
 12/07  13:00:00,79700531.29687852 
 12/07  14:00:00,87483033.50501488 
 12/07  15:00:00,87601471.09257576 
 12/07  16:00:00,86861357.72161293 
 12/07  17:00:00,80132379.9475172 
 12/07  18:00:00,68768137.64214882 
 12/07  19:00:00,80018919.20496275 
 12/07  20:00:00,91424852.78092459 
 12/07  21:00:00,92806477.20158742 
 12/07  22:00:00,94378483.02435838 
 12/07  23:00:00,96326668.43169567 
 12/07  24:00:00,85301276.59817347 
 12/08  01:00:00,86255436.88275903 
 12/08  02:00:00,91013163.5021842 
 12/08  03:00:00,96846231.09132658 
 12/08  04:00:00,101950846.63532317 
 12/08  05:00:00,106121672.77539419 
 12/08  06:00:00,108009990.70031522 
 12/08  07:00:00,109485719.35033132 
 12/08  08:00:00,113552311.48860693 
 12/08  09:00:00,116076954.01933655 
 12/08  10:00:00,107985383.6669064 
 12/08  11:00:00,92963165.23021816 
 12/08  12:00:00,95157507.5999426 
 12/08  13:00:00,85051560.6832268 
 12/08  14:00:00,80233256.23944147 
 12/08  15:00:00,77069803.67896055 
 12/08  16:00:00,62413150.66522107 
 12/08  17:00:00,63915600.78763599 
 12/08  18:00:00,89636108.78908896 
 12/08  19:00:00,101336395.44930196 
 12/08  20:00:00,108934036.49464872 
 12/08  21:00:00,110224718.39076817 
 12/08  22:00:00,107054349.76725227 
 12/08  23:00:00,99783807.49427488 
 12/08  24:00:00,103692138.59785448 
 12/09  01:00:00,104168426.67482361 
 12/09  02:00:00,101665260.6772746 
 12/09  03:00:00,98420901.0463318 
 12/09  04:00:00,97976050.9227491 
 12/09  05:00:00,98635767.42029087 
 12/09  06:00:00,97622509.14540057 
 12/09  07:00:00,93735297.62888889 
 12/09  08:00:00,88535461.89233966 
 12/09  09:00:00,89286037.96729152 
 12/09  10:00:00,88781767.84531084 
 12/09  11:00:00,84243209.30357707 
 12/09  12:00:00,94084202.20613137 
 12/09  13:00:00,87513880.95539893 
 12/09  14:00:00,83829016.55204363 
 12/09  15:00:00,81309621.9121459 
 12/09  16:00:00,67701660.96085422 
 12/09  17:00:00,69573432.31503654 
 12/09  18:00:00,93218312.38897853 
 12/09  19:00:00,99212316.23557016 
 12/09  20:00:00,99901898.60699403 
 12/09  21:00:00,98613814.84483145 
 12/09  22:00:00,97019220.85717279 
 12/09  23:00:00,95816921.78408372 
 12/09  24:00:00,99150901.60297348 
 12/10  01:00:00,104592334.8917594 
 12/10  02:00:00,115518716.57269515 
 12/10  03:00:00,120380674.06785694 
 12/10  04:00:00,125263503.02466403 
 12/10  05:00:00,129680555.55939765 
 12/10  06:00:00,130446478.29511923 
 12/10  07:00:00,132301407.9634059 
 12/10  08:00:00,134899643.96936777 
 12/10  09:00:00,135179028.49211726 
 12/10  10:00:00,125349860.80877046 
 12/10  11:00:00,111430282.10789706 
 12/10  12:00:00,114201829.76879999 
 12/10  13:00:00,102463657.9314671 
 12/10  14:00:00,97113528.78659272 
 12/10  15:00:00,92992250.33271207 
 12/10  16:00:00,76758054.06814584 
 12/10  17:00:00,72633044.23301505 
 12/10  18:00:00,89529962.1217479 
 12/10  19:00:00,93406138.47817568 
 12/10  20:00:00,97031874.17965215 
 12/10  21:00:00,101754855.47162059 
 12/10  22:00:00,108486818.03078517 
 12/10  23:00:00,116991944.93906751 
 12/10  24:00:00,127167900.95533685 
 12/11  01:00:00,135345798.16928816 
 12/11  02:00:00,141000361.1278061 
 12/11  03:00:00,145339333.582599 
 12/11  04:00:00,148174985.53259495 
 12/11  05:00:00,148829455.72135383 
 12/11  06:00:00,149340105.1144751 
 12/11  07:00:00,153295979.74656793 
 12/11  08:00:00,157316520.9014965 
 12/11  09:00:00,159228548.11278412 
 12/11  10:00:00,151233923.35170183 
 12/11  11:00:00,131727953.04916689 
 12/11  12:00:00,125432033.40624179 
 12/11  13:00:00,110774222.87869029 
 12/11  14:00:00,104101749.30540982 
 12/11  15:00:00,98536272.68678229 
 12/11  16:00:00,80812149.66556002 
 12/11  17:00:00,79940685.66068193 
 12/11  18:00:00,103625680.8185502 
 12/11  19:00:00,116502781.70516342 
 12/11  20:00:00,133115719.15674023 
 12/11  21:00:00,144135399.3956089 
 12/11  22:00:00,147724240.9421023 
 12/11  23:00:00,143401318.84562325 
 12/11  24:00:00,148891322.37944153 
 12/12  01:00:00,154422126.8084606 
 12/12  02:00:00,157640560.08158013 
 12/12  03:00:00,157523186.55482072 
 12/12  04:00:00,158318537.37647435 
 12/12  05:00:00,159787805.91822588 
 12/12  06:00:00,160329302.7278323 
 12/12  07:00:00,162195506.06845218 
 12/12  08:00:00,164745465.94627178 
 12/12  09:00:00,167181407.06723306 
 12/12  10:00:00,156755401.6691407 
 12/12  11:00:00,135074345.81681088 
 12/12  12:00:00,127792036.25940228 
 12/12  13:00:00,109477665.4299023 
 12/12  14:00:00,101207268.8969044 
 12/12  15:00:00,95222591.09387116 
 12/12  16:00:00,78207451.5530076 
 12/12  17:00:00,82562861.41791175 
 12/12  18:00:00,104465780.23645417 
 12/12  19:00:00,107019331.19910797 
 12/12  20:00:00,111285819.59446505 
 12/12  21:00:00,115630396.74236092 
 12/12  22:00:00,119151561.57737598 
 12/12  23:00:00,120410191.91546933 
 12/12  24:00:00,116397871.8233345 
 12/13  01:00:00,116033194.82273978 
 12/13  02:00:00,118888795.77288148 
 12/13  03:00:00,118797782.96791404 
 12/13  04:00:00,117630132.58815704 
 12/13  05:00:00,114979390.8501867 
 12/13  06:00:00,112194548.95546106 
 12/13  07:00:00,109396977.72174318 
 12/13  08:00:00,107709244.33583832 
 12/13  09:00:00,107339986.32851265 
 12/13  10:00:00,101805656.64917047 
 12/13  11:00:00,94784268.5523805 
 12/13  12:00:00,102504386.1322122 
 12/13  13:00:00,93176327.05363494 
 12/13  14:00:00,89327365.97348043 
 12/13  15:00:00,86943856.18948434 
 12/13  16:00:00,67003923.08743516 
 12/13  17:00:00,65648369.14889783 
 12/13  18:00:00,89100662.3516041 
 12/13  19:00:00,92476688.71423721 
 12/13  20:00:00,93824333.65354368 
 12/13  21:00:00,96648741.32638116 
 12/13  22:00:00,92735386.28851058 
 12/13  23:00:00,81272070.88308161 
 12/13  24:00:00,85547833.02784842 
 12/14  01:00:00,90902264.46463181 
 12/14  02:00:00,93530418.42845686 
 12/14  03:00:00,94166914.62728208 
 12/14  04:00:00,94687536.32117257 
 12/14  05:00:00,98315599.57110964 
 12/14  06:00:00,101477186.27260372 
 12/14  07:00:00,103007664.79167178 
 12/14  08:00:00,104098238.84587774 
 12/14  09:00:00,102397293.77369678 
 12/14  10:00:00,96450993.31328496 
 12/14  11:00:00,87997846.67294103 
 12/14  12:00:00,76238235.94599938 
 12/14  13:00:00,75015071.51276849 
 12/14  14:00:00,77500890.56498876 
 12/14  15:00:00,73593893.96213615 
 12/14  16:00:00,71943392.4799713 
 12/14  17:00:00,69406829.64949636 
 12/14  18:00:00,66210343.38354856 
 12/14  19:00:00,80792289.84703633 
 12/14  20:00:00,91334893.72622031 
 12/14  21:00:00,90882350.21185368 
 12/14  22:00:00,92528458.88693923 
 12/14  23:00:00,94482440.63017891 
 12/14  24:00:00,84088119.71204343 
 12/15  01:00:00,84891415.05138582 
 12/15  02:00:00,86977393.96697247 
 12/15  03:00:00,87607902.11841927 
 12/15  04:00:00,86923722.4128176 
 12/15  05:00:00,86817418.60512555 
 12/15  06:00:00,88303732.35258654 
 12/15  07:00:00,89945250.87359771 
 12/15  08:00:00,90208022.00663422 
 12/15  09:00:00,91196129.26176864 
 12/15  10:00:00,90064806.0474763 
 12/15  11:00:00,85919684.16418113 
 12/15  12:00:00,97059425.25922115 
 12/15  13:00:00,89971358.90280332 
 12/15  14:00:00,84498693.77416858 
 12/15  15:00:00,81221563.04544301 
 12/15  16:00:00,65950494.90847292 
 12/15  17:00:00,64868452.22490365 
 12/15  18:00:00,86359426.90593009 
 12/15  19:00:00,83976425.67039192 
 12/15  20:00:00,78918809.69179127 
 12/15  21:00:00,78433273.0884678 
 12/15  22:00:00,77954332.59158504 
 12/15  23:00:00,76415044.76383367 
 12/15  24:00:00,78259276.17288837 
 12/16  01:00:00,82641437.75849375 
 12/16  02:00:00,84302729.44251601 
 12/16  03:00:00,84891802.4249331 
 12/16  04:00:00,85101032.3105106 
 12/16  05:00:00,85659388.10795882 
 12/16  06:00:00,86163839.24640469 
 12/16  07:00:00,85918881.87529498 
 12/16  08:00:00,84489446.7844674 
 12/16  09:00:00,83057746.62976877 
 12/16  10:00:00,82985846.40958071 
 12/16  11:00:00,83154608.33919767 
 12/16  12:00:00,97064202.69153646 
 12/16  13:00:00,94014483.4653478 
 12/16  14:00:00,92579669.98813756 
 12/16  15:00:00,91161850.08944522 
 12/16  16:00:00,76564276.09029995 
 12/16  17:00:00,73645880.72650471 
 12/16  18:00:00,89245806.01012619 
 12/16  19:00:00,79596557.67898354 
 12/16  20:00:00,70590684.8820293 
 12/16  21:00:00,69328985.43240334 
 12/16  22:00:00,69250614.4400772 
 12/16  23:00:00,69035861.35280442 
 12/16  24:00:00,67814887.28433706 
 12/17  01:00:00,66135645.40767235 
 12/17  02:00:00,64540381.449942574 
 12/17  03:00:00,63206259.43849935 
 12/17  04:00:00,62684925.961168975 
 12/17  05:00:00,63227696.231323384 
 12/17  06:00:00,65773027.26719852 
 12/17  07:00:00,69458126.53470473 
 12/17  08:00:00,72640363.13698247 
 12/17  09:00:00,75185451.66588101 
 12/17  10:00:00,72021318.77815929 
 12/17  11:00:00,67907668.20101272 
 12/17  12:00:00,81703378.45285237 
 12/17  13:00:00,78054340.89412129 
 12/17  14:00:00,74895034.73251498 
 12/17  15:00:00,71741882.71846245 
 12/17  16:00:00,55458947.88298645 
 12/17  17:00:00,55280988.63511258 
 12/17  18:00:00,80503133.7128298 
 12/17  19:00:00,88378302.66248184 
 12/17  20:00:00,91805852.41710053 
 12/17  21:00:00,92019253.21921547 
 12/17  22:00:00,86627488.79133782 
 12/17  23:00:00,75003069.46011849 
 12/17  24:00:00,75525794.1674822 
 12/18  01:00:00,77179561.18420091 
 12/18  02:00:00,78826741.929968 
 12/18  03:00:00,82439940.25770582 
 12/18  04:00:00,85998599.08403094 
 12/18  05:00:00,89410306.0737763 
 12/18  06:00:00,91967325.38868491 
 12/18  07:00:00,92072986.32425575 
 12/18  08:00:00,94290400.81850776 
 12/18  09:00:00,95209162.61653638 
 12/18  10:00:00,94068816.05875546 
 12/18  11:00:00,89878476.82823715 
 12/18  12:00:00,96555833.29821938 
 12/18  13:00:00,89014656.34066284 
 12/18  14:00:00,84978601.48295999 
 12/18  15:00:00,80742755.4389643 
 12/18  16:00:00,65726568.90547894 
 12/18  17:00:00,66447181.34547703 
 12/18  18:00:00,92478316.8293064 
 12/18  19:00:00,101516334.0219298 
 12/18  20:00:00,105442062.59881863 
 12/18  21:00:00,110354471.08196782 
 12/18  22:00:00,108319421.63001505 
 12/18  23:00:00,99759196.8382397 
 12/18  24:00:00,103777960.09173898 
 12/19  01:00:00,106041903.18977872 
 12/19  02:00:00,107389165.54034051 
 12/19  03:00:00,108670514.83698817 
 12/19  04:00:00,110344211.22752073 
 12/19  05:00:00,110959098.2279163 
 12/19  06:00:00,111251337.59740989 
 12/19  07:00:00,113667658.29630175 
 12/19  08:00:00,115934984.00948326 
 12/19  09:00:00,118344213.41575149 
 12/19  10:00:00,111921399.01706503 
 12/19  11:00:00,98186212.29877271 
 12/19  12:00:00,100729004.23145077 
 12/19  13:00:00,90633975.77594651 
 12/19  14:00:00,86726433.64093615 
 12/19  15:00:00,84595864.12730214 
 12/19  16:00:00,70436973.71991786 
 12/19  17:00:00,69280653.44061786 
 12/19  18:00:00,92566151.16760336 
 12/19  19:00:00,99091291.84358871 
 12/19  20:00:00,104856480.05452329 
 12/19  21:00:00,108493677.40003474 
 12/19  22:00:00,104468984.91347575 
 12/19  23:00:00,90344141.36262098 
 12/19  24:00:00,89205170.31248684 
 12/20  01:00:00,88048877.91680606 
 12/20  02:00:00,88520611.96946552 
 12/20  03:00:00,92457627.5491636 
 12/20  04:00:00,96338671.1367194 
 12/20  05:00:00,100420335.06241465 
 12/20  06:00:00,102100787.71341315 
 12/20  07:00:00,104368266.33599153 
 12/20  08:00:00,105465874.51172876 
 12/20  09:00:00,104990796.80903381 
 12/20  10:00:00,100049577.36103053 
 12/20  11:00:00,92452823.1667002 
 12/20  12:00:00,102326078.36679007 
 12/20  13:00:00,95382345.73628582 
 12/20  14:00:00,88799901.24663351 
 12/20  15:00:00,85099139.0061479 
 12/20  16:00:00,69107261.47897792 
 12/20  17:00:00,66717134.66515392 
 12/20  18:00:00,93888035.57278065 
 12/20  19:00:00,105713845.48179892 
 12/20  20:00:00,107852809.25550735 
 12/20  21:00:00,106927963.7390124 
 12/20  22:00:00,106712135.31091134 
 12/20  23:00:00,99526871.92830569 
 12/20  24:00:00,101252835.49380465 
 12/21  01:00:00,105649018.54674768 
 12/21  02:00:00,110844219.85021201 
 12/21  03:00:00,111093614.2389883 
 12/21  04:00:00,112461053.46570164 
 12/21  05:00:00,116768579.45221202 
 12/21  06:00:00,111969344.54565774 
 12/21  07:00:00,106354431.40103911 
 12/21  08:00:00,104100875.16743743 
 12/21  09:00:00,101175552.90361851 
 12/21  10:00:00,100668988.06529531 
 12/21  11:00:00,101344683.213934 
 12/21  12:00:00,95176438.51722264 
 12/21  13:00:00,94899121.37817532 
 12/21  14:00:00,97704138.96454687 
 12/21  15:00:00,94101749.89149968 
 12/21  16:00:00,92923287.80547652 
 12/21  17:00:00,88749476.33539355 
 12/21  18:00:00,84855682.91752549 
 12/21  19:00:00,106225780.53719115 
 12/21  20:00:00,115984458.06985915 
 12/21  21:00:00,113402365.83677809 
 12/21  22:00:00,123964549.16336058 
 12/21  23:00:00,132107538.19797906 
 12/21  24:00:00,123054512.35487145 
 12/22  01:00:00,123641783.60176364 
 12/22  02:00:00,122964247.41876821 
 12/22  03:00:00,121921956.62229031 
 12/22  04:00:00,126409024.93188387 
 12/22  05:00:00,132902967.09841904 
 12/22  06:00:00,135443365.37616563 
 12/22  07:00:00,138284882.48267 
 12/22  08:00:00,140096626.66849864 
 12/22  09:00:00,144226255.92923015 
 12/22  10:00:00,142267889.6529798 
 12/22  11:00:00,129379121.45843491 
 12/22  12:00:00,130844247.3462002 
 12/22  13:00:00,121336858.47313622 
 12/22  14:00:00,116969810.50259194 
 12/22  15:00:00,114419454.91389559 
 12/22  16:00:00,98322267.23746474 
 12/22  17:00:00,97202585.95329726 
 12/22  18:00:00,119614526.4557673 
 12/22  19:00:00,112384026.00778875 
 12/22  20:00:00,101629469.7097121 
 12/22  21:00:00,110843796.95466402 
 12/22  22:00:00,122872519.26578167 
 12/22  23:00:00,122424506.88576767 
 12/22  24:00:00,117731340.49188098 
 12/23  01:00:00,117313247.95446157 
 12/23  02:00:00,118172479.90940256 
 12/23  03:00:00,120505425.77903944 
 12/23  04:00:00,124593077.34698918 
 12/23  05:00:00,126379209.74789728 
 12/23  06:00:00,126457850.96691446 
 12/23  07:00:00,123248461.94232926 
 12/23  08:00:00,119297014.48938915 
 12/23  09:00:00,121015113.04738422 
 12/23  10:00:00,124596924.63896787 
 12/23  11:00:00,121277418.73813765 
 12/23  12:00:00,127862556.18341862 
 12/23  13:00:00,118017369.2487438 
 12/23  14:00:00,110631778.1511758 
 12/23  15:00:00,103541461.54005316 
 12/23  16:00:00,86102147.89079307 
 12/23  17:00:00,92124072.51543349 
 12/23  18:00:00,120708556.1100383 
 12/23  19:00:00,124990856.69758987 
 12/23  20:00:00,123971039.26546276 
 12/23  21:00:00,125950167.4425152 
 12/23  22:00:00,127365557.88315144 
 12/23  23:00:00,120386802.19791822 
 12/23  24:00:00,120867925.24874485 
 12/24  01:00:00,119476155.34957695 
 12/24  02:00:00,119111541.71534088 
 12/24  03:00:00,122758148.22734472 
 12/24  04:00:00,127728754.97450112 
 12/24  05:00:00,128306766.32477435 
 12/24  06:00:00,124146454.71685812 
 12/24  07:00:00,119486484.87270549 
 12/24  08:00:00,116281387.23227245 
 12/24  09:00:00,116774730.19371523 
 12/24  10:00:00,119017435.49872684 
 12/24  11:00:00,115270223.20689659 
 12/24  12:00:00,122937048.2560322 
 12/24  13:00:00,114469774.99445674 
 12/24  14:00:00,108801672.01034592 
 12/24  15:00:00,105231539.17520078 
 12/24  16:00:00,90494471.10489056 
 12/24  17:00:00,91675527.51561084 
 12/24  18:00:00,116473322.9040786 
 12/24  19:00:00,112452499.93884811 
 12/24  20:00:00,104459535.7990003 
 12/24  21:00:00,100876362.5240426 
 12/24  22:00:00,98286732.22848424 
 12/24  23:00:00,100195687.09684658 
 12/24  24:00:00,102110219.23611426 
 12/25  01:00:00,103394205.61192681 
 12/25  02:00:00,104025766.78587177 
 12/25  03:00:00,105838976.36851004 
 12/25  04:00:00,110266070.66383123 
 12/25  05:00:00,108796733.45295817 
 12/25  06:00:00,105819983.85137162 
 12/25  07:00:00,110117199.49177703 
 12/25  08:00:00,113721815.50469804 
 12/25  09:00:00,116584547.92090395 
 12/25  10:00:00,111838124.13052417 
 12/25  11:00:00,103169468.71254648 
 12/25  12:00:00,108077406.45083715 
 12/25  13:00:00,96826186.25764078 
 12/25  14:00:00,92763766.06390837 
 12/25  15:00:00,90153608.36536601 
 12/25  16:00:00,75546820.69229954 
 12/25  17:00:00,74964505.87256752 
 12/25  18:00:00,100010475.93386282 
 12/25  19:00:00,100716526.60209692 
 12/25  20:00:00,93686806.4144522 
 12/25  21:00:00,92643111.55442877 
 12/25  22:00:00,95717053.53806584 
 12/25  23:00:00,100084521.34325056 
 12/25  24:00:00,101223115.36605224 
 12/26  01:00:00,102910107.73163061 
 12/26  02:00:00,104008862.93017049 
 12/26  03:00:00,103127016.44223411 
 12/26  04:00:00,103946536.27419575 
 12/26  05:00:00,106758826.1767092 
 12/26  06:00:00,110024301.2397591 
 12/26  07:00:00,116314149.02040152 
 12/26  08:00:00,121502876.76961671 
 12/26  09:00:00,120691451.24132785 
 12/26  10:00:00,116678422.98382497 
 12/26  11:00:00,112576562.65890221 
 12/26  12:00:00,120768993.60637386 
 12/26  13:00:00,111033075.09420094 
 12/26  14:00:00,106204435.49782573 
 12/26  15:00:00,101191124.03187972 
 12/26  16:00:00,84278904.47750263 
 12/26  17:00:00,83018887.99365409 
 12/26  18:00:00,103428045.2764716 
 12/26  19:00:00,111735462.23981045 
 12/26  20:00:00,127463953.00610268 
 12/26  21:00:00,139477642.98571616 
 12/26  22:00:00,141030306.52613765 
 12/26  23:00:00,136439124.58596295 
 12/26  24:00:00,143386113.41721913 
 12/27  01:00:00,148175412.79484823 
 12/27  02:00:00,149791988.9033648 
 12/27  03:00:00,153598832.84605864 
 12/27  04:00:00,160661479.250424 
 12/27  05:00:00,164107291.9860873 
 12/27  06:00:00,163122955.3576966 
 12/27  07:00:00,161959931.95422524 
 12/27  08:00:00,158547055.70932332 
 12/27  09:00:00,155160627.75468436 
 12/27  10:00:00,150130436.89194316 
 12/27  11:00:00,140138557.42405406 
 12/27  12:00:00,146079626.90179288 
 12/27  13:00:00,136429980.85767478 
 12/27  14:00:00,133247727.40042618 
 12/27  15:00:00,134018139.06843193 
 12/27  16:00:00,122364284.94344345 
 12/27  17:00:00,122697703.38107747 
 12/27  18:00:00,141667009.28829503 
 12/27  19:00:00,148863012.87052697 
 12/27  20:00:00,157021484.90352696 
 12/27  21:00:00,159767761.12543935 
 12/27  22:00:00,156388330.03557566 
 12/27  23:00:00,143852601.60959017 
 12/27  24:00:00,144285971.155787 
 12/28  01:00:00,145754577.77749866 
 12/28  02:00:00,143881338.99563962 
 12/28  03:00:00,141125133.2673729 
 12/28  04:00:00,138967850.56621727 
 12/28  05:00:00,140087202.64908093 
 12/28  06:00:00,142318865.47396818 
 12/28  07:00:00,145841926.63694912 
 12/28  08:00:00,149999294.04217246 
 12/28  09:00:00,152175061.5675409 
 12/28  10:00:00,149847403.75945652 
 12/28  11:00:00,146687224.02876976 
 12/28  12:00:00,142948222.11292252 
 12/28  13:00:00,149614573.6437081 
 12/28  14:00:00,156913302.48645228 
 12/28  15:00:00,151849946.1881889 
 12/28  16:00:00,146026824.28954685 
 12/28  17:00:00,137881667.86475605 
 12/28  18:00:00,127581295.72203891 
 12/28  19:00:00,141851711.29093257 
 12/28  20:00:00,158094823.5918032 
 12/28  21:00:00,157581275.26950383 
 12/28  22:00:00,154200413.1864444 
 12/28  23:00:00,149116655.3699352 
 12/28  24:00:00,133629408.00890099 
 12/29  01:00:00,142056940.55714965 
 12/29  02:00:00,153558564.21782887 
 12/29  03:00:00,157657267.59701225 
 12/29  04:00:00,161840429.08699882 
 12/29  05:00:00,167986895.67772818 
 12/29  06:00:00,170782033.30143094 
 12/29  07:00:00,172643850.4555778 
 12/29  08:00:00,175032690.24261332 
 12/29  09:00:00,175746827.7315704 
 12/29  10:00:00,166920117.3213779 
 12/29  11:00:00,152869420.3978199 
 12/29  12:00:00,154740024.54677463 
 12/29  13:00:00,141388856.22727332 
 12/29  14:00:00,136017961.0262543 
 12/29  15:00:00,132791665.7544072 
 12/29  16:00:00,116523640.19028457 
 12/29  17:00:00,110746478.33681566 
 12/29  18:00:00,126001084.34232599 
 12/29  19:00:00,149485717.97699508 
 12/29  20:00:00,174275565.7314191 
 12/29  21:00:00,181461978.4893923 
 12/29  22:00:00,181466357.43002412 
 12/29  23:00:00,171068870.43838507 
 12/29  24:00:00,174467553.91545036 
 12/30  01:00:00,180398132.718349 
 12/30  02:00:00,186792240.94588724 
 12/30  03:00:00,192090141.90596917 
 12/30  04:00:00,193580383.11303174 
 12/30  05:00:00,191910919.08297583 
 12/30  06:00:00,190511988.35542417 
 12/30  07:00:00,192055433.91737294 
 12/30  08:00:00,190261257.52920517 
 12/30  09:00:00,188334066.11145443 
 12/30  10:00:00,181029762.28600952 
 12/30  11:00:00,168425309.3041724 
 12/30  12:00:00,172265923.1004211 
 12/30  13:00:00,160892142.5628424 
 12/30  14:00:00,155304161.3534469 
 12/30  15:00:00,154412623.8215694 
 12/30  16:00:00,140529779.8413714 
 12/30  17:00:00,141534856.303584 
 12/30  18:00:00,166235710.96381378 
 12/30  19:00:00,166449702.42476127 
 12/30  20:00:00,164231607.19273007 
 12/30  21:00:00,170151911.28052035 
 12/30  22:00:00,177234790.31014684 
 12/30  23:00:00,181730577.79645118 
 12/30  24:00:00,184830648.22670698 
 12/31  01:00:00,186689100.0127677 
 12/31  02:00:00,186687215.26791272 
 12/31  03:00:00,184365421.14828253 
 12/31  04:00:00,182980755.78658235 
 12/31  05:00:00,182991265.12873614 
 12/31  06:00:00,182603446.35346118 
 12/31  07:00:00,186781682.61883572 
 12/31  08:00:00,189469211.91014323 
 12/31  09:00:00,188795340.66728926 
 12/31  10:00:00,181404901.051736 
 12/31  11:00:00,171866576.48259634 
 12/31  12:00:00,182913836.510715 
 12/31  13:00:00,180977490.00326923 
 12/31  14:00:00,180979183.03775507 
 12/31  15:00:00,178621587.30705196 
 12/31  16:00:00,161306470.7924406 
 12/31  17:00:00,157137093.33629093 
 12/31  18:00:00,177916280.26069966 
 12/31  19:00:00,184553341.16306773 
 12/31  20:00:00,191929133.969357 
 12/31  21:00:00,198899399.4694608 
 12/31  22:00:00,198490938.53859448 
 12/31  23:00:00,192135411.2688874 
 12/31  24:00:00,198442507.82588732 
