building_id,archetype_id,building_type,age_band,geometry_outcome,construction_period_provenance,idf_sha256,weather_sha256,eplus_return_code,severe_errors,fatal_errors,heating_kwh,floor_area_m2,eui_kwh_m2,run_seconds,platform,energyplus_version
27410,IT.MidClim.AB.01.Gen.ReEx.001.001,AB,IT.01,FALLBACK_PENDING_LAYOUT_MISSING_DWELLING_COUNT,IMPUTED_CENSUS_SECTION_CONSTRUCTION_PERIOD,511dd2e459a2ac0483ce5d1f1166db614719332164d2b57df7477bc1a120c699,ab631c6026e3f7cf5cfcff7c6a506eb84b6eeb62f1afa5703fc48ef0897e25fa,0,0,0,167788.225874,3754.5368,44.689461,1661,hostname=speed-35.encs.concordia.ca / kernel=Linux 5.14.0-687.39.1.el9_8.x86_64,"EnergyPlus, Version 23.1.0-87ed9199d4, YMD=2026.08.30 23:24"
27550,IT.MidClim.AB.01.Gen.ReEx.001.001,AB,IT.01,DWELLING_LAYOUT_EMITTED_IMPUTED_COUNT,IMPUTED_CENSUS_SECTION_CONSTRUCTION_PERIOD,ee68caf9129aedd5039bc7e5f80c35f5bf06421d6be81d74559e24adf9b96fb2,ab631c6026e3f7cf5cfcff7c6a506eb84b6eeb62f1afa5703fc48ef0897e25fa,0,0,0,24306.565554,589.2873,41.247394,127,hostname=speed-30.encs.concordia.ca / kernel=Linux 5.14.0-687.39.1.el9_8.x86_64,"EnergyPlus, Version 23.1.0-87ed9199d4, YMD=2026.08.30 23:24"
27610,IT.MidClim.AB.01.Gen.ReEx.001.001,AB,IT.01,FALLBACK_PENDING_LAYOUT_MISSING_DWELLING_COUNT,IMPUTED_CENSUS_SECTION_CONSTRUCTION_PERIOD,7cd34072ad02631cd76a7b5fdc1469292484a8d3d0675e669baf6a884bd08347,ab631c6026e3f7cf5cfcff7c6a506eb84b6eeb62f1afa5703fc48ef0897e25fa,0,0,0,,34570.7193,,7206,hostname=magic-node-06.encs.concordia.ca / kernel=Linux 5.14.0-687.39.1.el9_8.x86_64,"EnergyPlus, Version 23.1.0-87ed9199d4, YMD=2026.08.30 23:30"
27683,IT.MidClim.AB.01.Gen.ReEx.001.001,AB,IT.01,FALLBACK_PENDING_LAYOUT_MISSING_DWELLING_COUNT,IMPUTED_CENSUS_SECTION_CONSTRUCTION_PERIOD,648aab3dfde674ea54de4e77def028be66f754290b93768ab64aa89425819eaa,ab631c6026e3f7cf5cfcff7c6a506eb84b6eeb62f1afa5703fc48ef0897e25fa,0,0,0,323506.025582,7442.7051,43.466189,2596,hostname=magic-node-04.encs.concordia.ca / kernel=Linux 5.14.0-687.39.1.el9_8.x86_64,"EnergyPlus, Version 23.1.0-87ed9199d4, YMD=2026.08.30 23:30"
27746,IT.MidClim.MFH.01.Gen.ReEx.001.001,MFH,IT.01,DWELLING_LAYOUT_EMITTED_IMPUTED_COUNT,IMPUTED_CENSUS_SECTION_CONSTRUCTION_PERIOD,af0ff69983e5b5258cb72fddf017242526642ee6c057464bba6df67e19a8924c,ab631c6026e3f7cf5cfcff7c6a506eb84b6eeb62f1afa5703fc48ef0897e25fa,0,1,0,8006.086462,136.8679,58.49499,130,hostname=magic-node-02.encs.concordia.ca / kernel=Linux 5.14.0-687.39.1.el9_8.x86_64,"EnergyPlus, Version 23.1.0-87ed9199d4, YMD=2026.08.30 23:30"
27816,IT.MidClim.AB.01.Gen.ReEx.001.001,AB,IT.01,FALLBACK_PENDING_LAYOUT_MISSING_DWELLING_COUNT,IMPUTED_CENSUS_SECTION_CONSTRUCTION_PERIOD,9eb895bdbc1adb05eadacc0e9cf5375b6f922664805e170b4eeefec658fa4998,ab631c6026e3f7cf5cfcff7c6a506eb84b6eeb62f1afa5703fc48ef0897e25fa,0,0,0,19298.53329,574.6724,33.581799,36,hostname=speed-32.encs.concordia.ca / kernel=Linux 5.14.0-687.39.1.el9_8.x86_64,"EnergyPlus, Version 23.1.0-87ed9199d4, YMD=2026.08.30 23:31"
27931,IT.MidClim.AB.05.Gen.ReEx.001.001,AB,IT.05,FALLBACK_PENDING_LAYOUT_MISSING_DWELLING_COUNT,IMPUTED_CENSUS_SECTION_CONSTRUCTION_PERIOD,2ab06b90c1a54f6cc12218475368818a1299645658586d8282c25459a58e522e,ab631c6026e3f7cf5cfcff7c6a506eb84b6eeb62f1afa5703fc48ef0897e25fa,0,0,0,1241703.693,30520.057,40.684842,3392,hostname=speed-30.encs.concordia.ca / kernel=Linux 5.14.0-687.39.1.el9_8.x86_64,"EnergyPlus, Version 23.1.0-87ed9199d4, YMD=2026.08.30 23:31"
27997,IT.MidClim.AB.01.Gen.ReEx.001.001,AB,IT.01,FALLBACK_PENDING_LAYOUT_MISSING_DWELLING_COUNT,IMPUTED_CENSUS_SECTION_CONSTRUCTION_PERIOD,19f46caa88bf334ed243e400af565bdd988159ca089505152ed5e39b7c816f03,ab631c6026e3f7cf5cfcff7c6a506eb84b6eeb62f1afa5703fc48ef0897e25fa,0,0,0,245157.732795,5345.9009,45.859012,472,hostname=speed-15.encs.concordia.ca / kernel=Linux 5.14.0-687.39.1.el9_8.x86_64,"EnergyPlus, Version 23.1.0-87ed9199d4, YMD=2026.08.30 23:31"
28000,IT.MidClim.AB.01.Gen.ReEx.001.001,AB,IT.01,FALLBACK_PENDING_LAYOUT_MISSING_DWELLING_COUNT,IMPUTED_CENSUS_SECTION_CONSTRUCTION_PERIOD,ec0c7478ab9b40e2204954773d50902257841421b6b60e4f0c59090942d98ba8,ab631c6026e3f7cf5cfcff7c6a506eb84b6eeb62f1afa5703fc48ef0897e25fa,0,0,0,188276.918168,4458.1636,42.231945,447,hostname=antenna2.encs.concordia.ca / kernel=Linux 5.14.0-687.36.1.el9_8.x86_64,"EnergyPlus, Version 23.1.0-87ed9199d4, YMD=2026.08.30 23:31"
28004,IT.MidClim.AB.01.Gen.ReEx.001.001,AB,IT.01,DWELLING_LAYOUT_EMITTED_IMPUTED_COUNT,IMPUTED_CENSUS_SECTION_CONSTRUCTION_PERIOD,6da3ee2e323513bdee2a8fa11142ae91386b46d58efe7e5e690ad6aa35c6de6c,ab631c6026e3f7cf5cfcff7c6a506eb84b6eeb62f1afa5703fc48ef0897e25fa,0,0,0,63250.933999,1144.1525,55.281909,86,hostname=speed-32.encs.concordia.ca / kernel=Linux 5.14.0-687.39.1.el9_8.x86_64,"EnergyPlus, Version 23.1.0-87ed9199d4, YMD=2026.08.30 23:31"
28014,IT.MidClim.AB.01.Gen.ReEx.001.001,AB,IT.01,FALLBACK_PENDING_LAYOUT_MISSING_DWELLING_COUNT,IMPUTED_CENSUS_SECTION_CONSTRUCTION_PERIOD,cd8ca2b0060bc8fbb29a458f7c34ca6bb393a8815be15fd8396edb1adf4762a3,ab631c6026e3f7cf5cfcff7c6a506eb84b6eeb62f1afa5703fc48ef0897e25fa,0,0,0,130947.060867,2757.3574,47.490057,1556,hostname=speed-35.encs.concordia.ca / kernel=Linux 5.14.0-687.39.1.el9_8.x86_64,"EnergyPlus, Version 23.1.0-87ed9199d4, YMD=2026.08.30 23:32"
28020,IT.MidClim.MFH.01.Gen.ReEx.001.001,MFH,IT.01,DWELLING_LAYOUT_EMITTED_IMPUTED_COUNT,IMPUTED_CENSUS_SECTION_CONSTRUCTION_PERIOD,dabdf302fb6b839c03436dc1094dd1aceb6b52ae653b66053b6c30e75f873bb5,ab631c6026e3f7cf5cfcff7c6a506eb84b6eeb62f1afa5703fc48ef0897e25fa,1,2,1,,141.6,,3,hostname=wolsey.encs.concordia.ca / kernel=Linux 5.14.0-687.39.1.el9_8.x86_64,"EnergyPlus, Version 23.1.0-87ed9199d4, YMD=2026.08.30 23:32"
28025,IT.MidClim.AB.01.Gen.ReEx.001.001,AB,IT.01,FALLBACK_PENDING_LAYOUT_MISSING_DWELLING_COUNT,IMPUTED_CENSUS_SECTION_CONSTRUCTION_PERIOD,e66c030f456589fa696f8ca2bdea0fabb15cbbf6c54594a5f5df7927f7e019cf,ab631c6026e3f7cf5cfcff7c6a506eb84b6eeb62f1afa5703fc48ef0897e25fa,0,0,0,53607.079125,1266.7512,42.318554,310,hostname=wolsey.encs.concordia.ca / kernel=Linux 5.14.0-687.39.1.el9_8.x86_64,"EnergyPlus, Version 23.1.0-87ed9199d4, YMD=2026.08.30 23:32"
28026,IT.MidClim.AB.01.Gen.ReEx.001.001,AB,IT.01,FALLBACK_PENDING_LAYOUT_MISSING_DWELLING_COUNT,IMPUTED_CENSUS_SECTION_CONSTRUCTION_PERIOD,27d410d6f362d9902e7fef2a6309f2c2999defb4fd95c54da460a9ee272e5909,ab631c6026e3f7cf5cfcff7c6a506eb84b6eeb62f1afa5703fc48ef0897e25fa,0,0,0,84278.789397,1852.1513,45.503188,650,hostname=speed-09.encs.concordia.ca / kernel=Linux 5.14.0-687.39.1.el9_8.x86_64,"EnergyPlus, Version 23.1.0-87ed9199d4, YMD=2026.08.30 23:32"
28033,IT.MidClim.AB.01.Gen.ReEx.001.001,AB,IT.01,FALLBACK_PENDING_LAYOUT_MISSING_DWELLING_COUNT,IMPUTED_CENSUS_SECTION_CONSTRUCTION_PERIOD,43e21b9f4cf3d6ce4f1913339a2d77c94d1625eb82b8d4fdf75b1db4b4421de0,ab631c6026e3f7cf5cfcff7c6a506eb84b6eeb62f1afa5703fc48ef0897e25fa,0,0,0,118780.13644,2619.36,45.347007,4543,hostname=magic-node-02.encs.concordia.ca / kernel=Linux 5.14.0-687.39.1.el9_8.x86_64,"EnergyPlus, Version 23.1.0-87ed9199d4, YMD=2026.08.30 23:32"
28036,IT.MidClim.AB.01.Gen.ReEx.001.001,AB,IT.01,FALLBACK_PENDING_LAYOUT_MISSING_DWELLING_COUNT,IMPUTED_CENSUS_SECTION_CONSTRUCTION_PERIOD,9a0bab30c769969d007f36bfc80d24d2bd6a4167904ead956b33da8cc0e98346,ab631c6026e3f7cf5cfcff7c6a506eb84b6eeb62f1afa5703fc48ef0897e25fa,0,0,0,85309.521903,1644.5371,51.874489,150,hostname=speed-32.encs.concordia.ca / kernel=Linux 5.14.0-687.39.1.el9_8.x86_64,"EnergyPlus, Version 23.1.0-87ed9199d4, YMD=2026.08.30 23:33"
28050,IT.MidClim.AB.01.Gen.ReEx.001.001,AB,IT.01,DWELLING_LAYOUT_EMITTED_IMPUTED_COUNT,IMPUTED_CENSUS_SECTION_CONSTRUCTION_PERIOD,89d0a89aa085bb56cd5c08b19fa217a32cdab1b6eace4f6e3dddc20de3855c7e,ab631c6026e3f7cf5cfcff7c6a506eb84b6eeb62f1afa5703fc48ef0897e25fa,1,46,1,,2618.9118,,1,hostname=speed-09.encs.concordia.ca / kernel=Linux 5.14.0-687.39.1.el9_8.x86_64,"EnergyPlus, Version 23.1.0-87ed9199d4, YMD=2026.08.30 23:33"
28061,IT.MidClim.AB.01.Gen.ReEx.001.001,AB,IT.01,DWELLING_LAYOUT_EMITTED_IMPUTED_COUNT,IMPUTED_CENSUS_SECTION_CONSTRUCTION_PERIOD,f787f9abfecebdc03c730945d3dacb348d6ee0db8e32163d983ce173015d1c04,ab631c6026e3f7cf5cfcff7c6a506eb84b6eeb62f1afa5703fc48ef0897e25fa,1,21,1,,6769.1795,,2,hostname=speed-09.encs.concordia.ca / kernel=Linux 5.14.0-687.39.1.el9_8.x86_64,"EnergyPlus, Version 23.1.0-87ed9199d4, YMD=2026.08.30 23:33"
28074,IT.MidClim.AB.01.Gen.ReEx.001.001,AB,IT.01,FALLBACK_PENDING_LAYOUT_MISSING_DWELLING_COUNT,IMPUTED_CENSUS_SECTION_CONSTRUCTION_PERIOD,f119edb14b42dfe475a74b1e2eded2e0619815438194717f6ac4e2cef31cb178,ab631c6026e3f7cf5cfcff7c6a506eb84b6eeb62f1afa5703fc48ef0897e25fa,0,0,0,534488.555876,11946.3191,44.740857,132,hostname=speed-09.encs.concordia.ca / kernel=Linux 5.14.0-687.39.1.el9_8.x86_64,"EnergyPlus, Version 23.1.0-87ed9199d4, YMD=2026.08.30 23:33"
28081,IT.MidClim.AB.01.Gen.ReEx.001.001,AB,IT.01,DWELLING_LAYOUT_EMITTED_IMPUTED_COUNT,IMPUTED_CENSUS_SECTION_CONSTRUCTION_PERIOD,7592a65495d11196d160a2dbb5d9ea49c5b8a95f584e343c6bdc0b4e296bd1d8,ab631c6026e3f7cf5cfcff7c6a506eb84b6eeb62f1afa5703fc48ef0897e25fa,1,18,1,,5997.7958,,2,hostname=speed-36.encs.concordia.ca / kernel=Linux 5.14.0-687.39.1.el9_8.x86_64,"EnergyPlus, Version 23.1.0-87ed9199d4, YMD=2026.08.30 23:33"
28108,IT.MidClim.AB.01.Gen.ReEx.001.001,AB,IT.01,FALLBACK_PENDING_LAYOUT_MISSING_DWELLING_COUNT,IMPUTED_CENSUS_SECTION_CONSTRUCTION_PERIOD,3a23f6b790749ec0fb19e5b4c1348155045a215dc9fcde881dc09feecffa2b53,ab631c6026e3f7cf5cfcff7c6a506eb84b6eeb62f1afa5703fc48ef0897e25fa,0,0,0,219687.837621,5189.3475,42.334386,235,hostname=speed-36.encs.concordia.ca / kernel=Linux 5.14.0-687.39.1.el9_8.x86_64,"EnergyPlus, Version 23.1.0-87ed9199d4, YMD=2026.08.30 23:34"
28111,IT.MidClim.AB.05.Gen.ReEx.001.001,AB,IT.05,FALLBACK_PENDING_LAYOUT_MISSING_DWELLING_COUNT,IMPUTED_CENSUS_SECTION_CONSTRUCTION_PERIOD,9fee57ac5d3dac11650042ecaa59360fd39dd67ae03953478964113b0c63a9fa,ab631c6026e3f7cf5cfcff7c6a506eb84b6eeb62f1afa5703fc48ef0897e25fa,0,0,0,328241.64576,8967.0201,36.605432,35,hostname=stellar.encs.concordia.ca / kernel=Linux 5.14.0-687.39.1.el9_8.x86_64,"EnergyPlus, Version 23.1.0-87ed9199d4, YMD=2026.08.30 23:34"
28125,IT.MidClim.AB.01.Gen.ReEx.001.001,AB,IT.01,DWELLING_LAYOUT_EMITTED_IMPUTED_COUNT,IMPUTED_CENSUS_SECTION_CONSTRUCTION_PERIOD,0a56c5e2046b93367ea5237f297cdd577ea194a1c00d449dcaeb590033c9fa9a,ab631c6026e3f7cf5cfcff7c6a506eb84b6eeb62f1afa5703fc48ef0897e25fa,1,12,1,,6526.543,,4,hostname=stellar.encs.concordia.ca / kernel=Linux 5.14.0-687.39.1.el9_8.x86_64,"EnergyPlus, Version 23.1.0-87ed9199d4, YMD=2026.08.30 23:34"
28134,IT.MidClim.AB.01.Gen.ReEx.001.001,AB,IT.01,FALLBACK_PENDING_LAYOUT_MISSING_DWELLING_COUNT,IMPUTED_CENSUS_SECTION_CONSTRUCTION_PERIOD,97db8c02d27187f36220476beb50992e58e12cd7ae39d3a0b0289102928e7455,ab631c6026e3f7cf5cfcff7c6a506eb84b6eeb62f1afa5703fc48ef0897e25fa,0,0,0,182282.736664,3899.3581,46.746857,1232,hostname=stellar.encs.concordia.ca / kernel=Linux 5.14.0-687.39.1.el9_8.x86_64,"EnergyPlus, Version 23.1.0-87ed9199d4, YMD=2026.08.30 23:34"
28153,IT.MidClim.AB.01.Gen.ReEx.001.001,AB,IT.01,DWELLING_LAYOUT_EMITTED_IMPUTED_COUNT,IMPUTED_CENSUS_SECTION_CONSTRUCTION_PERIOD,228fa62cfdd4582a90c30303d2a90b7747f6afd566234bed151b66c69edcb65d,ab631c6026e3f7cf5cfcff7c6a506eb84b6eeb62f1afa5703fc48ef0897e25fa,1,40,1,,1010.6251,,3,hostname=speed-32.encs.concordia.ca / kernel=Linux 5.14.0-687.39.1.el9_8.x86_64,"EnergyPlus, Version 23.1.0-87ed9199d4, YMD=2026.08.30 23:40"
28175,IT.MidClim.AB.01.Gen.ReEx.001.001,AB,IT.01,FALLBACK_PENDING_LAYOUT_MISSING_DWELLING_COUNT,IMPUTED_CENSUS_SECTION_CONSTRUCTION_PERIOD,1fd3fe601947adae9c44531dee10807e9b3abcbf2eef48cbc0a2b9e046a75b81,ab631c6026e3f7cf5cfcff7c6a506eb84b6eeb62f1afa5703fc48ef0897e25fa,0,0,0,250094.337826,6580.925,38.002916,39,hostname=speed-32.encs.concordia.ca / kernel=Linux 5.14.0-687.39.1.el9_8.x86_64,"EnergyPlus, Version 23.1.0-87ed9199d4, YMD=2026.08.30 23:40"
28192,IT.MidClim.AB.01.Gen.ReEx.001.001,AB,IT.01,FALLBACK_PENDING_LAYOUT_MISSING_DWELLING_COUNT,IMPUTED_CENSUS_SECTION_CONSTRUCTION_PERIOD,0c5eff4c1df6ee9697c67131cd90b1c8997f0683795ccd99e0cf272ee8421333,ab631c6026e3f7cf5cfcff7c6a506eb84b6eeb62f1afa5703fc48ef0897e25fa,0,0,0,109635.934994,2638.0437,41.55956,764,hostname=speed-29.encs.concordia.ca / kernel=Linux 5.14.0-687.39.1.el9_8.x86_64,"EnergyPlus, Version 23.1.0-87ed9199d4, YMD=2026.08.30 23:40"
28205,IT.MidClim.AB.01.Gen.ReEx.001.001,AB,IT.01,DWELLING_LAYOUT_EMITTED_IMPUTED_COUNT,IMPUTED_CENSUS_SECTION_CONSTRUCTION_PERIOD,cf659a0eee69c42c81d27135f54c0676959e7c5063319eb3b43d7da34de5b33c,ab631c6026e3f7cf5cfcff7c6a506eb84b6eeb62f1afa5703fc48ef0897e25fa,0,0,0,245452.342038,6131.3147,40.032579,27,hostname=speed-32.encs.concordia.ca / kernel=Linux 5.14.0-687.39.1.el9_8.x86_64,"EnergyPlus, Version 23.1.0-87ed9199d4, YMD=2026.08.30 23:40"
28217,IT.MidClim.AB.05.Gen.ReEx.001.001,AB,IT.05,FALLBACK_PENDING_LAYOUT_MISSING_DWELLING_COUNT,IMPUTED_CENSUS_SECTION_CONSTRUCTION_PERIOD,75f23b19ff47e10c002e2fef6b19bd1659a7a80f4b406cccc672499b92a3843a,ab631c6026e3f7cf5cfcff7c6a506eb84b6eeb62f1afa5703fc48ef0897e25fa,0,0,0,338348.869903,9454.4863,35.787124,152,hostname=speed-32.encs.concordia.ca / kernel=Linux 5.14.0-687.39.1.el9_8.x86_64,"EnergyPlus, Version 23.1.0-87ed9199d4, YMD=2026.08.30 23:41"
28237,IT.MidClim.AB.01.Gen.ReEx.001.001,AB,IT.01,DWELLING_LAYOUT_EMITTED_IMPUTED_COUNT,IMPUTED_CENSUS_SECTION_CONSTRUCTION_PERIOD,97119225d3ac8e07693be0e0f2731e7eff4620a29209e06a49d4428d90339f14,ab631c6026e3f7cf5cfcff7c6a506eb84b6eeb62f1afa5703fc48ef0897e25fa,0,0,0,1586044.298049,38995.8536,40.672127,711,hostname=speed-09.encs.concordia.ca / kernel=Linux 5.14.0-687.39.1.el9_8.x86_64,"EnergyPlus, Version 23.1.0-87ed9199d4, YMD=2026.08.30 23:42"
28273,IT.MidClim.AB.01.Gen.ReEx.001.001,AB,IT.01,DWELLING_LAYOUT_EMITTED_IMPUTED_COUNT,IMPUTED_CENSUS_SECTION_CONSTRUCTION_PERIOD,c0c3c9d859bf897eb3959f408b86317cfe734e677acbcdf26b1dc268a4b526fe,ab631c6026e3f7cf5cfcff7c6a506eb84b6eeb62f1afa5703fc48ef0897e25fa,0,0,0,42615.763777,652.9443,65.267074,181,hostname=speed-15.encs.concordia.ca / kernel=Linux 5.14.0-687.39.1.el9_8.x86_64,"EnergyPlus, Version 23.1.0-87ed9199d4, YMD=2026.08.30 23:42"
28287,IT.MidClim.AB.01.Gen.ReEx.001.001,AB,IT.01,DWELLING_LAYOUT_EMITTED_IMPUTED_COUNT,IMPUTED_CENSUS_SECTION_CONSTRUCTION_PERIOD,806fe105911136918c70423df1f9a3190d89ab46cb6dde0901133884c5973af3,ab631c6026e3f7cf5cfcff7c6a506eb84b6eeb62f1afa5703fc48ef0897e25fa,0,0,0,720378.94811,16917.1015,42.582883,744,hostname=speed-09.encs.concordia.ca / kernel=Linux 5.14.0-687.39.1.el9_8.x86_64,"EnergyPlus, Version 23.1.0-87ed9199d4, YMD=2026.08.30 23:43"
28304,IT.MidClim.AB.01.Gen.ReEx.001.001,AB,IT.01,DWELLING_LAYOUT_EMITTED_IMPUTED_COUNT,IMPUTED_CENSUS_SECTION_CONSTRUCTION_PERIOD,8a731672b3dd7ac86d5567c5d2a00cedb2d0528798ddbfcb3a3aacc960d098bd,ab631c6026e3f7cf5cfcff7c6a506eb84b6eeb62f1afa5703fc48ef0897e25fa,1,28,1,,765.1607,,3,hostname=speed-36.encs.concordia.ca / kernel=Linux 5.14.0-687.39.1.el9_8.x86_64,"EnergyPlus, Version 23.1.0-87ed9199d4, YMD=2026.08.30 23:43"
28308,IT.MidClim.AB.01.Gen.ReEx.001.001,AB,IT.01,FALLBACK_PENDING_LAYOUT_MISSING_DWELLING_COUNT,IMPUTED_CENSUS_SECTION_CONSTRUCTION_PERIOD,3953570e09aa8492e593d7899ed61f89729cb706f9495db1c8b9f5fba4536350,ab631c6026e3f7cf5cfcff7c6a506eb84b6eeb62f1afa5703fc48ef0897e25fa,0,0,0,223340.093809,5304.5899,42.103178,552,hostname=speed-36.encs.concordia.ca / kernel=Linux 5.14.0-687.39.1.el9_8.x86_64,"EnergyPlus, Version 23.1.0-87ed9199d4, YMD=2026.08.30 23:43"
28333,IT.MidClim.AB.01.Gen.ReEx.001.001,AB,IT.01,FALLBACK_PENDING_LAYOUT_MISSING_DWELLING_COUNT,IMPUTED_CENSUS_SECTION_CONSTRUCTION_PERIOD,401335cfaa0f7ad2febb4af2d03de0ffc4b14ed0036a284294e00a6ac3df5af9,ab631c6026e3f7cf5cfcff7c6a506eb84b6eeb62f1afa5703fc48ef0897e25fa,0,0,0,116588.024751,2342.3235,49.774519,587,hostname=speed-32.encs.concordia.ca / kernel=Linux 5.14.0-687.39.1.el9_8.x86_64,"EnergyPlus, Version 23.1.0-87ed9199d4, YMD=2026.08.30 23:43"
28350,IT.MidClim.AB.05.Gen.ReEx.001.001,AB,IT.05,FALLBACK_PENDING_LAYOUT_MISSING_DWELLING_COUNT,IMPUTED_CENSUS_SECTION_CONSTRUCTION_PERIOD,7a6d8158ec923585cbbb6e77b0d93a8dcb2938505c1af362009d04a8dc227fb8,ab631c6026e3f7cf5cfcff7c6a506eb84b6eeb62f1afa5703fc48ef0897e25fa,0,0,0,682587.315098,17476.1819,39.058149,648,hostname=antenna2.encs.concordia.ca / kernel=Linux 5.14.0-687.36.1.el9_8.x86_64,"EnergyPlus, Version 23.1.0-87ed9199d4, YMD=2026.08.30 23:44"
28362,IT.MidClim.AB.01.Gen.ReEx.001.001,AB,IT.01,FALLBACK_PENDING_LAYOUT_MISSING_DWELLING_COUNT,IMPUTED_CENSUS_SECTION_CONSTRUCTION_PERIOD,5a6eebecff01bec98dd0243c1d04e676ae057dc514b4fa04e76bcb79cfdcc0c4,ab631c6026e3f7cf5cfcff7c6a506eb84b6eeb62f1afa5703fc48ef0897e25fa,0,0,0,116774.634791,2302.3859,50.718967,324,hostname=speed-34.encs.concordia.ca / kernel=Linux 5.14.0-687.39.1.el9_8.x86_64,"EnergyPlus, Version 23.1.0-87ed9199d4, YMD=2026.08.30 23:50"
28373,IT.MidClim.AB.01.Gen.ReEx.001.001,AB,IT.01,DWELLING_LAYOUT_EMITTED_IMPUTED_COUNT,IMPUTED_CENSUS_SECTION_CONSTRUCTION_PERIOD,4f8221cf692a1d82315af8ebb5838be5ab9cc1ad9ef4b4d4d23d90dfdd62ca14,ab631c6026e3f7cf5cfcff7c6a506eb84b6eeb62f1afa5703fc48ef0897e25fa,0,0,0,613471.603239,15670.7503,39.147558,383,hostname=wolsey.encs.concordia.ca / kernel=Linux 5.14.0-687.39.1.el9_8.x86_64,"EnergyPlus, Version 23.1.0-87ed9199d4, YMD=2026.08.30 23:51"
28380,IT.MidClim.AB.01.Gen.ReEx.001.001,AB,IT.01,DWELLING_LAYOUT_EMITTED_IMPUTED_COUNT,IMPUTED_CENSUS_SECTION_CONSTRUCTION_PERIOD,7982daa1eb5ef78465d78137b6921090235a1f453efbdeb86396b2c2ce4d0fa4,ab631c6026e3f7cf5cfcff7c6a506eb84b6eeb62f1afa5703fc48ef0897e25fa,1,13,1,,1020.222,,3,hostname=speed-15.encs.concordia.ca / kernel=Linux 5.14.0-687.39.1.el9_8.x86_64,"EnergyPlus, Version 23.1.0-87ed9199d4, YMD=2026.08.30 23:51"
28388,IT.MidClim.AB.01.Gen.ReEx.001.001,AB,IT.01,FALLBACK_PENDING_LAYOUT_MISSING_DWELLING_COUNT,IMPUTED_CENSUS_SECTION_CONSTRUCTION_PERIOD,88600b7fd9aeacca225ca2ce36ba66b62d9addd5fa0fdc168cfd3882a015c047,ab631c6026e3f7cf5cfcff7c6a506eb84b6eeb62f1afa5703fc48ef0897e25fa,0,0,0,85563.601117,1714.5846,49.9034,757,hostname=speed-15.encs.concordia.ca / kernel=Linux 5.14.0-687.39.1.el9_8.x86_64,"EnergyPlus, Version 23.1.0-87ed9199d4, YMD=2026.08.30 23:51"
28392,IT.MidClim.AB.01.Gen.ReEx.001.001,AB,IT.01,FALLBACK_PENDING_LAYOUT_MISSING_DWELLING_COUNT,IMPUTED_CENSUS_SECTION_CONSTRUCTION_PERIOD,81271c7b8545598721afc4b453e7132a598bfb3af54e8c4580d5652879836e7e,ab631c6026e3f7cf5cfcff7c6a506eb84b6eeb62f1afa5703fc48ef0897e25fa,0,0,0,383777.780464,7848.6733,48.897153,2797,hostname=speed-35.encs.concordia.ca / kernel=Linux 5.14.0-687.39.1.el9_8.x86_64,"EnergyPlus, Version 23.1.0-87ed9199d4, YMD=2026.08.30 23:52"
28454,IT.MidClim.AB.01.Gen.ReEx.001.001,AB,IT.01,FALLBACK_PENDING_LAYOUT_MISSING_DWELLING_COUNT,IMPUTED_CENSUS_SECTION_CONSTRUCTION_PERIOD,ef89851c5701eef8db6405b4a474c3a0b90c0bdb29066fe5dea9fe230c36826b,ab631c6026e3f7cf5cfcff7c6a506eb84b6eeb62f1afa5703fc48ef0897e25fa,0,0,0,199431.77616,4444.1185,44.875441,170,hostname=magic-node-10.encs.concordia.ca / kernel=Linux 5.14.0-687.39.1.el9_8.x86_64,"EnergyPlus, Version 23.1.0-87ed9199d4, YMD=2026.08.30 23:52"
28457,IT.MidClim.AB.05.Gen.ReEx.001.001,AB,IT.05,FALLBACK_PENDING_LAYOUT_MISSING_DWELLING_COUNT,IMPUTED_CENSUS_SECTION_CONSTRUCTION_PERIOD,3a268bf6ee6440b1d356ab2133950cc6f0d13db017ac729607df76ffa9a664a8,ab631c6026e3f7cf5cfcff7c6a506eb84b6eeb62f1afa5703fc48ef0897e25fa,0,0,0,306299.505243,7684.0125,39.861922,271,hostname=speed-36.encs.concordia.ca / kernel=Linux 5.14.0-687.39.1.el9_8.x86_64,"EnergyPlus, Version 23.1.0-87ed9199d4, YMD=2026.08.30 23:52"
28463,IT.MidClim.AB.01.Gen.ReEx.001.001,AB,IT.01,FALLBACK_PENDING_LAYOUT_MISSING_DWELLING_COUNT,IMPUTED_CENSUS_SECTION_CONSTRUCTION_PERIOD,a0937245e926fa0f451d85ee1824c1c02e269882d4a20edf3c6944f83da7fe68,ab631c6026e3f7cf5cfcff7c6a506eb84b6eeb62f1afa5703fc48ef0897e25fa,0,0,0,172392.53649,3965.9711,43.467926,1574,hostname=magic-node-03.encs.concordia.ca / kernel=Linux 5.14.0-687.39.1.el9_8.x86_64,"EnergyPlus, Version 23.1.0-87ed9199d4, YMD=2026.08.30 23:53"
28472,IT.MidClim.MFH.01.Gen.ReEx.001.001,MFH,IT.01,DWELLING_LAYOUT_EMITTED_IMPUTED_COUNT,IMPUTED_CENSUS_SECTION_CONSTRUCTION_PERIOD,f18d529918c608c2142f80c288176195396ccdf325f6c47786636f21e5b4cbb5,ab631c6026e3f7cf5cfcff7c6a506eb84b6eeb62f1afa5703fc48ef0897e25fa,0,0,0,16090.465162,313.2948,51.358864,10,hostname=speed-29.encs.concordia.ca / kernel=Linux 5.14.0-687.39.1.el9_8.x86_64,"EnergyPlus, Version 23.1.0-87ed9199d4, YMD=2026.08.30 23:53"
28473,IT.MidClim.AB.01.Gen.ReEx.001.001,AB,IT.01,DWELLING_LAYOUT_EMITTED_IMPUTED_COUNT,IMPUTED_CENSUS_SECTION_CONSTRUCTION_PERIOD,e04572fa80577f8dae6a759739cf8055aeef4b9ac1067e7e8ae53ec498a7cf6e,ab631c6026e3f7cf5cfcff7c6a506eb84b6eeb62f1afa5703fc48ef0897e25fa,1,12,1,,1099.6557,,2,hostname=speed-32.encs.concordia.ca / kernel=Linux 5.14.0-687.39.1.el9_8.x86_64,"EnergyPlus, Version 23.1.0-87ed9199d4, YMD=2026.08.30 23:53"
28517,IT.MidClim.AB.01.Gen.ReEx.001.001,AB,IT.01,FALLBACK_PENDING_LAYOUT_MISSING_DWELLING_COUNT,IMPUTED_CENSUS_SECTION_CONSTRUCTION_PERIOD,f6a18b619ca3eaa6a9949834eea887a4b291a0ed2be446a7caf00d31db5952cf,ab631c6026e3f7cf5cfcff7c6a506eb84b6eeb62f1afa5703fc48ef0897e25fa,0,0,0,63463.878728,1492.1968,42.530502,189,hostname=speed-32.encs.concordia.ca / kernel=Linux 5.14.0-687.39.1.el9_8.x86_64,"EnergyPlus, Version 23.1.0-87ed9199d4, YMD=2026.08.30 23:53"
28527,IT.MidClim.AB.01.Gen.ReEx.001.001,AB,IT.01,DWELLING_LAYOUT_EMITTED_IMPUTED_COUNT,IMPUTED_CENSUS_SECTION_CONSTRUCTION_PERIOD,79ea39bb4b95212649ab5ceba3851883caa0626ce479d4ee2352550655494887,ab631c6026e3f7cf5cfcff7c6a506eb84b6eeb62f1afa5703fc48ef0897e25fa,1,25,1,,5140.7053,,3,hostname=speed-29.encs.concordia.ca / kernel=Linux 5.14.0-687.39.1.el9_8.x86_64,"EnergyPlus, Version 23.1.0-87ed9199d4, YMD=2026.08.30 23:53"
28533,IT.MidClim.AB.05.Gen.ReEx.001.001,AB,IT.05,FALLBACK_PENDING_LAYOUT_MISSING_DWELLING_COUNT,IMPUTED_CENSUS_SECTION_CONSTRUCTION_PERIOD,547ab1310eaace32a768771b1d8d37492a5060ab00375045785e7697ebf6596c,ab631c6026e3f7cf5cfcff7c6a506eb84b6eeb62f1afa5703fc48ef0897e25fa,0,0,0,278692.234363,6808.836,40.930966,298,hostname=speed-29.encs.concordia.ca / kernel=Linux 5.14.0-687.39.1.el9_8.x86_64,"EnergyPlus, Version 23.1.0-87ed9199d4, YMD=2026.08.30 23:53"
28583,IT.MidClim.AB.01.Gen.ReEx.001.001,AB,IT.01,FALLBACK_PENDING_LAYOUT_MISSING_DWELLING_COUNT,IMPUTED_CENSUS_SECTION_CONSTRUCTION_PERIOD,1b295b4071183fa7339d047446ecbd83cf65621a6749a7ff7b2acf8729c2e595,ab631c6026e3f7cf5cfcff7c6a506eb84b6eeb62f1afa5703fc48ef0897e25fa,0,0,0,129104.729629,2491.2017,51.824278,995,hostname=speed-30.encs.concordia.ca / kernel=Linux 5.14.0-687.39.1.el9_8.x86_64,"EnergyPlus, Version 23.1.0-87ed9199d4, YMD=2026.08.30 23:54"
28589,IT.MidClim.AB.01.Gen.ReEx.001.001,AB,IT.01,FALLBACK_PENDING_LAYOUT_MISSING_DWELLING_COUNT,IMPUTED_CENSUS_SECTION_CONSTRUCTION_PERIOD,3a0becdc1cf825373256dec749020b588d43ad0944c272676c89af44e7bbe9c6,ab631c6026e3f7cf5cfcff7c6a506eb84b6eeb62f1afa5703fc48ef0897e25fa,0,0,0,675908.254291,14338.9797,47.137821,1545,hostname=speed-09.encs.concordia.ca / kernel=Linux 5.14.0-687.39.1.el9_8.x86_64,"EnergyPlus, Version 23.1.0-87ed9199d4, YMD=2026.08.30 23:54"
28590,IT.MidClim.AB.01.Gen.ReEx.001.001,AB,IT.01,FALLBACK_PENDING_LAYOUT_MISSING_DWELLING_COUNT,IMPUTED_CENSUS_SECTION_CONSTRUCTION_PERIOD,1f5f69732227d350c749fdf73d17f7a66f6f21314374f6877698eb43ce72c8dd,ab631c6026e3f7cf5cfcff7c6a506eb84b6eeb62f1afa5703fc48ef0897e25fa,0,0,0,276513.069205,6405.887,43.165462,223,hostname=antenna2.encs.concordia.ca / kernel=Linux 5.14.0-687.36.1.el9_8.x86_64,"EnergyPlus, Version 23.1.0-87ed9199d4, YMD=2026.08.31 00:00"
28593,IT.MidClim.AB.01.Gen.ReEx.001.001,AB,IT.01,FALLBACK_PENDING_LAYOUT_MISSING_DWELLING_COUNT,IMPUTED_CENSUS_SECTION_CONSTRUCTION_PERIOD,ee5e64dbdbfd1082f9b85acf201b2d60195bac7da4e4da79b65bc85cb757f2a4,ab631c6026e3f7cf5cfcff7c6a506eb84b6eeb62f1afa5703fc48ef0897e25fa,0,0,0,31972.848509,609.3202,52.472983,351,hostname=magic-node-10.encs.concordia.ca / kernel=Linux 5.14.0-687.39.1.el9_8.x86_64,"EnergyPlus, Version 23.1.0-87ed9199d4, YMD=2026.08.31 00:00"
28613,IT.MidClim.AB.01.Gen.ReEx.001.001,AB,IT.01,DWELLING_LAYOUT_EMITTED_IMPUTED_COUNT,IMPUTED_CENSUS_SECTION_CONSTRUCTION_PERIOD,902a2ae82526edd0151de8945cb3396fbe31de9602fa230d0ef4a9bf84f01d81,ab631c6026e3f7cf5cfcff7c6a506eb84b6eeb62f1afa5703fc48ef0897e25fa,0,0,0,120690.515143,2631.6523,45.861117,300,hostname=speed-34.encs.concordia.ca / kernel=Linux 5.14.0-687.39.1.el9_8.x86_64,"EnergyPlus, Version 23.1.0-87ed9199d4, YMD=2026.08.31 00:00"
28621,IT.MidClim.AB.01.Gen.ReEx.001.001,AB,IT.01,FALLBACK_PENDING_LAYOUT_MISSING_DWELLING_COUNT,IMPUTED_CENSUS_SECTION_CONSTRUCTION_PERIOD,4451fa12531314a288852b30b0268f140cb1101bdb35e7ba21d43f16313b7223,ab631c6026e3f7cf5cfcff7c6a506eb84b6eeb62f1afa5703fc48ef0897e25fa,0,0,0,135991.953368,2219.2411,61.278585,344,hostname=speed-32.encs.concordia.ca / kernel=Linux 5.14.0-687.39.1.el9_8.x86_64,"EnergyPlus, Version 23.1.0-87ed9199d4, YMD=2026.08.31 00:01"
28629,IT.MidClim.AB.01.Gen.ReEx.001.001,AB,IT.01,DWELLING_LAYOUT_EMITTED_IMPUTED_COUNT,IMPUTED_CENSUS_SECTION_CONSTRUCTION_PERIOD,71f49a9e4551ddc03d7fce6bccec906ef0035468fd9446b394062b4abdb85f54,ab631c6026e3f7cf5cfcff7c6a506eb84b6eeb62f1afa5703fc48ef0897e25fa,1,37,1,,25077.0166,,4,hostname=speed-43.encs.concordia.ca / kernel=Linux 5.14.0-687.39.1.el9_8.x86_64,"EnergyPlus, Version 23.1.0-87ed9199d4, YMD=2026.08.31 00:01"
28636,IT.MidClim.AB.01.Gen.ReEx.001.001,AB,IT.01,FALLBACK_PENDING_LAYOUT_MISSING_DWELLING_COUNT,IMPUTED_CENSUS_SECTION_CONSTRUCTION_PERIOD,f2d6a3f5ae550def4aee8e97007e5671e633367b2b09840fc0c32a2a565ff872,ab631c6026e3f7cf5cfcff7c6a506eb84b6eeb62f1afa5703fc48ef0897e25fa,0,0,0,113601.056385,2627.14,43.241341,362,hostname=speed-43.encs.concordia.ca / kernel=Linux 5.14.0-687.39.1.el9_8.x86_64,"EnergyPlus, Version 23.1.0-87ed9199d4, YMD=2026.08.31 00:01"
28651,IT.MidClim.AB.01.Gen.ReEx.001.001,AB,IT.01,FALLBACK_PENDING_LAYOUT_MISSING_DWELLING_COUNT,IMPUTED_CENSUS_SECTION_CONSTRUCTION_PERIOD,d384209034ef4de1b8c4491d665db5d22fe229bf470a9c735ac98bafb4830b78,ab631c6026e3f7cf5cfcff7c6a506eb84b6eeb62f1afa5703fc48ef0897e25fa,0,0,0,279162.790186,6524.5555,42.786484,1000,hostname=speed-15.encs.concordia.ca / kernel=Linux 5.14.0-687.39.1.el9_8.x86_64,"EnergyPlus, Version 23.1.0-87ed9199d4, YMD=2026.08.31 00:01"
28662,IT.MidClim.AB.01.Gen.ReEx.001.001,AB,IT.01,DWELLING_LAYOUT_EMITTED_IMPUTED_COUNT,IMPUTED_CENSUS_SECTION_CONSTRUCTION_PERIOD,3bcbe1f7107037dfdcc4fab0112a7c601ffbd78501dfb8a619d3fe35c4a49702,ab631c6026e3f7cf5cfcff7c6a506eb84b6eeb62f1afa5703fc48ef0897e25fa,0,0,0,62224.991763,1063.5298,58.507991,408,hostname=speed-34.encs.concordia.ca / kernel=Linux 5.14.0-687.39.1.el9_8.x86_64,"EnergyPlus, Version 23.1.0-87ed9199d4, YMD=2026.08.31 00:01"
28679,IT.MidClim.AB.01.Gen.ReEx.001.001,AB,IT.01,DWELLING_LAYOUT_EMITTED_IMPUTED_COUNT,IMPUTED_CENSUS_SECTION_CONSTRUCTION_PERIOD,0c70cebd9b314c0de013259860659ac3313c37f15f0508aaa56ee3e69a986d7d,ab631c6026e3f7cf5cfcff7c6a506eb84b6eeb62f1afa5703fc48ef0897e25fa,1,14,1,,349.7169,,3,hostname=wolsey.encs.concordia.ca / kernel=Linux 5.14.0-687.39.1.el9_8.x86_64,"EnergyPlus, Version 23.1.0-87ed9199d4, YMD=2026.08.31 00:02"
28685,IT.MidClim.AB.01.Gen.ReEx.001.001,AB,IT.01,DWELLING_LAYOUT_EMITTED_IMPUTED_COUNT,IMPUTED_CENSUS_SECTION_CONSTRUCTION_PERIOD,ca8750acf13992a423363de16c23e0962a7f023a0a9b2f5ca43b1e76a9f03ca9,ab631c6026e3f7cf5cfcff7c6a506eb84b6eeb62f1afa5703fc48ef0897e25fa,1,42,1,,2291.7557,,2,hostname=speed-36.encs.concordia.ca / kernel=Linux 5.14.0-687.39.1.el9_8.x86_64,"EnergyPlus, Version 23.1.0-87ed9199d4, YMD=2026.08.31 00:02"
28696,IT.MidClim.AB.01.Gen.ReEx.001.001,AB,IT.01,FALLBACK_PENDING_LAYOUT_MISSING_DWELLING_COUNT,IMPUTED_CENSUS_SECTION_CONSTRUCTION_PERIOD,2528f626a7af8a1c3919b9c53fab4cc61a75fcc23e6e0fd8a672dd4cfc4ed44c,ab631c6026e3f7cf5cfcff7c6a506eb84b6eeb62f1afa5703fc48ef0897e25fa,0,0,0,250228.819407,5237.1866,47.779245,868,hostname=wolsey.encs.concordia.ca / kernel=Linux 5.14.0-687.39.1.el9_8.x86_64,"EnergyPlus, Version 23.1.0-87ed9199d4, YMD=2026.08.31 00:02"
28700,IT.MidClim.AB.01.Gen.ReEx.001.001,AB,IT.01,FALLBACK_PENDING_LAYOUT_MISSING_DWELLING_COUNT,IMPUTED_CENSUS_SECTION_CONSTRUCTION_PERIOD,c27014be4c3ebe2d47c55d749944ccedb1e016a25a4e7d266089a28499037584,ab631c6026e3f7cf5cfcff7c6a506eb84b6eeb62f1afa5703fc48ef0897e25fa,0,0,0,41825.057161,842.3876,49.650609,528,hostname=speed-36.encs.concordia.ca / kernel=Linux 5.14.0-687.39.1.el9_8.x86_64,"EnergyPlus, Version 23.1.0-87ed9199d4, YMD=2026.08.31 00:02"
28708,IT.MidClim.AB.01.Gen.ReEx.001.001,AB,IT.01,FALLBACK_PENDING_LAYOUT_MISSING_DWELLING_COUNT,IMPUTED_CENSUS_SECTION_CONSTRUCTION_PERIOD,84085f5160f55d4bf22c58850305ce2efcdc4e6fce02323f9dcccb5df644dee3,ab631c6026e3f7cf5cfcff7c6a506eb84b6eeb62f1afa5703fc48ef0897e25fa,0,0,0,101981.746826,2146.8436,47.50311,532,hostname=speed-09.encs.concordia.ca / kernel=Linux 5.14.0-687.39.1.el9_8.x86_64,"EnergyPlus, Version 23.1.0-87ed9199d4, YMD=2026.08.31 00:03"
28712,IT.MidClim.AB.01.Gen.ReEx.001.001,AB,IT.01,DWELLING_LAYOUT_EMITTED_IMPUTED_COUNT,IMPUTED_CENSUS_SECTION_CONSTRUCTION_PERIOD,3c5d416a276614650a51762751185c49323874d28b443a9193642d8ffea11922,ab631c6026e3f7cf5cfcff7c6a506eb84b6eeb62f1afa5703fc48ef0897e25fa,0,0,0,105287.243292,1983.0126,53.094591,137,hostname=stellar.encs.concordia.ca / kernel=Linux 5.14.0-687.39.1.el9_8.x86_64,"EnergyPlus, Version 23.1.0-87ed9199d4, YMD=2026.08.31 00:03"
28713,IT.MidClim.AB.01.Gen.ReEx.001.001,AB,IT.01,DWELLING_LAYOUT_EMITTED_IMPUTED_COUNT,IMPUTED_CENSUS_SECTION_CONSTRUCTION_PERIOD,163245d47bcd83ee96ecb6efabcf179be9cc8062e1de4be5f2fb4a44ee005011,ab631c6026e3f7cf5cfcff7c6a506eb84b6eeb62f1afa5703fc48ef0897e25fa,0,1,0,392221.725452,4482.4921,87.500818,244,hostname=stellar.encs.concordia.ca / kernel=Linux 5.14.0-687.39.1.el9_8.x86_64,"EnergyPlus, Version 23.1.0-87ed9199d4, YMD=2026.08.31 00:04"
28719,IT.MidClim.MFH.01.Gen.ReEx.001.001,MFH,IT.01,DWELLING_LAYOUT_EMITTED_IMPUTED_COUNT,IMPUTED_CENSUS_SECTION_CONSTRUCTION_PERIOD,0a0534239e130476ddb7d4b69f73a9b07d0bacc1e8ee3343377fd55fdcb2f3a6,ab631c6026e3f7cf5cfcff7c6a506eb84b6eeb62f1afa5703fc48ef0897e25fa,1,7,1,,196.377,,3,hostname=antenna2.encs.concordia.ca / kernel=Linux 5.14.0-687.36.1.el9_8.x86_64,"EnergyPlus, Version 23.1.0-87ed9199d4, YMD=2026.08.31 00:04"
28721,IT.MidClim.AB.05.Gen.ReEx.001.001,AB,IT.05,FALLBACK_PENDING_LAYOUT_MISSING_DWELLING_COUNT,IMPUTED_CENSUS_SECTION_CONSTRUCTION_PERIOD,784c72c45b9b10342eaf94376373c773f84f810f35a05921fe2c3973b3abab03,ab631c6026e3f7cf5cfcff7c6a506eb84b6eeb62f1afa5703fc48ef0897e25fa,0,0,0,45453.296539,924.9769,49.139926,31,hostname=antenna2.encs.concordia.ca / kernel=Linux 5.14.0-687.36.1.el9_8.x86_64,"EnergyPlus, Version 23.1.0-87ed9199d4, YMD=2026.08.31 00:04"
28736,IT.MidClim.MFH.01.Gen.ReEx.001.001,MFH,IT.01,DWELLING_LAYOUT_EMITTED_IMPUTED_COUNT,IMPUTED_CENSUS_SECTION_CONSTRUCTION_PERIOD,49a650b08a6f493dcf4c10e950072e534b08e19acbfb80dad0a1034f621995c8,ab631c6026e3f7cf5cfcff7c6a506eb84b6eeb62f1afa5703fc48ef0897e25fa,1,2,1,,203.3076,,2,hostname=speed-15.encs.concordia.ca / kernel=Linux 5.14.0-687.39.1.el9_8.x86_64,"EnergyPlus, Version 23.1.0-87ed9199d4, YMD=2026.08.31 00:04"
28749,IT.MidClim.AB.01.Gen.ReEx.001.001,AB,IT.01,FALLBACK_PENDING_LAYOUT_MISSING_DWELLING_COUNT,IMPUTED_CENSUS_SECTION_CONSTRUCTION_PERIOD,7f72f4a1415677e38e865be3c020d340146a7e13fc2f2e700705184e5abd6727,ab631c6026e3f7cf5cfcff7c6a506eb84b6eeb62f1afa5703fc48ef0897e25fa,0,0,0,174704.845537,4570.5585,38.22396,437,hostname=speed-15.encs.concordia.ca / kernel=Linux 5.14.0-687.39.1.el9_8.x86_64,"EnergyPlus, Version 23.1.0-87ed9199d4, YMD=2026.08.31 00:04"
28754,IT.MidClim.AB.01.Gen.ReEx.001.001,AB,IT.01,FALLBACK_PENDING_LAYOUT_MISSING_DWELLING_COUNT,IMPUTED_CENSUS_SECTION_CONSTRUCTION_PERIOD,c60782d0d3446f13a8c1e9418ff14f2d6b3c9fa2b17d6ec9851abf94e869c5eb,ab631c6026e3f7cf5cfcff7c6a506eb84b6eeb62f1afa5703fc48ef0897e25fa,0,0,0,184764.431261,3566.4528,51.806218,2281,hostname=antenna2.encs.concordia.ca / kernel=Linux 5.14.0-687.36.1.el9_8.x86_64,"EnergyPlus, Version 23.1.0-87ed9199d4, YMD=2026.08.31 00:04"
28764,IT.MidClim.AB.01.Gen.ReEx.001.001,AB,IT.01,FALLBACK_PENDING_LAYOUT_MISSING_DWELLING_COUNT,IMPUTED_CENSUS_SECTION_CONSTRUCTION_PERIOD,28da951a5fe4fb6e2fd92c08c10f4d0128b870c0677ccb416baca22e4f0f7e79,ab631c6026e3f7cf5cfcff7c6a506eb84b6eeb62f1afa5703fc48ef0897e25fa,0,0,0,312284.189269,6748.8242,46.272385,3200,hostname=speed-34.encs.concordia.ca / kernel=Linux 5.14.0-687.39.1.el9_8.x86_64,"EnergyPlus, Version 23.1.0-87ed9199d4, YMD=2026.08.31 00:10"
28781,IT.MidClim.AB.01.Gen.ReEx.001.001,AB,IT.01,FALLBACK_PENDING_LAYOUT_MISSING_DWELLING_COUNT,IMPUTED_CENSUS_SECTION_CONSTRUCTION_PERIOD,8c024e10d94018085ee8c967ec2c99fe241d0b2aee3a5ce4f354525604052cab,ab631c6026e3f7cf5cfcff7c6a506eb84b6eeb62f1afa5703fc48ef0897e25fa,0,0,0,899447.021733,19048.9477,47.217675,2503,hostname=speed-43.encs.concordia.ca / kernel=Linux 5.14.0-687.39.1.el9_8.x86_64,"EnergyPlus, Version 23.1.0-87ed9199d4, YMD=2026.08.31 00:10"
28782,IT.MidClim.AB.01.Gen.ReEx.001.001,AB,IT.01,FALLBACK_PENDING_LAYOUT_MISSING_DWELLING_COUNT,IMPUTED_CENSUS_SECTION_CONSTRUCTION_PERIOD,a515dbc54ffbfdf0de6f6651f9526c920cae877fc2172364d05ddede562dd785,ab631c6026e3f7cf5cfcff7c6a506eb84b6eeb62f1afa5703fc48ef0897e25fa,0,0,0,167370.172021,3227.6234,51.855545,108,hostname=stellar.encs.concordia.ca / kernel=Linux 5.14.0-687.39.1.el9_8.x86_64,"EnergyPlus, Version 23.1.0-87ed9199d4, YMD=2026.08.31 00:10"
28784,IT.MidClim.AB.01.Gen.ReEx.001.001,AB,IT.01,DWELLING_LAYOUT_EMITTED_IMPUTED_COUNT,IMPUTED_CENSUS_SECTION_CONSTRUCTION_PERIOD,493b580d97adfe589a15d0452dc1ae86370a2c7cba6cd8636c19f1fe1b9fcd58,ab631c6026e3f7cf5cfcff7c6a506eb84b6eeb62f1afa5703fc48ef0897e25fa,1,20,1,,9906.0999,,2,hostname=speed-30.encs.concordia.ca / kernel=Linux 5.14.0-687.39.1.el9_8.x86_64,"EnergyPlus, Version 23.1.0-87ed9199d4, YMD=2026.08.31 00:10"
28787,IT.MidClim.AB.01.Gen.ReEx.001.001,AB,IT.01,FALLBACK_PENDING_LAYOUT_MISSING_DWELLING_COUNT,IMPUTED_CENSUS_SECTION_CONSTRUCTION_PERIOD,f41b11c529cb2db559a431069b0ee3275922e04d113790a0532834d4e6a841f8,ab631c6026e3f7cf5cfcff7c6a506eb84b6eeb62f1afa5703fc48ef0897e25fa,0,0,0,90357.769589,1691.2196,53.427579,133,hostname=speed-30.encs.concordia.ca / kernel=Linux 5.14.0-687.39.1.el9_8.x86_64,"EnergyPlus, Version 23.1.0-87ed9199d4, YMD=2026.08.31 00:10"
28835,IT.MidClim.AB.01.Gen.ReEx.001.001,AB,IT.01,FALLBACK_PENDING_LAYOUT_MISSING_DWELLING_COUNT,IMPUTED_CENSUS_SECTION_CONSTRUCTION_PERIOD,ebe82c4b1b5938d1872ed6ed421f4763bb0e2061757917198ee01dd272c6ec62,ab631c6026e3f7cf5cfcff7c6a506eb84b6eeb62f1afa5703fc48ef0897e25fa,0,0,0,266055.157427,5412.4695,49.155964,363,hostname=speed-29.encs.concordia.ca / kernel=Linux 5.14.0-687.39.1.el9_8.x86_64,"EnergyPlus, Version 23.1.0-87ed9199d4, YMD=2026.08.31 00:10"
28843,IT.MidClim.AB.01.Gen.ReEx.001.001,AB,IT.01,FALLBACK_PENDING_LAYOUT_MISSING_DWELLING_COUNT,IMPUTED_CENSUS_SECTION_CONSTRUCTION_PERIOD,dec2e3805862717f192227a28c7ef70c4f39f3d6cea247fae10d40b0cd10195f,ab631c6026e3f7cf5cfcff7c6a506eb84b6eeb62f1afa5703fc48ef0897e25fa,0,0,0,20040.13396,627.0479,31.959495,167,hostname=magic-node-08.encs.concordia.ca / kernel=Linux 5.14.0-687.39.1.el9_8.x86_64,"EnergyPlus, Version 23.1.0-87ed9199d4, YMD=2026.08.31 00:10"
28844,IT.MidClim.AB.01.Gen.ReEx.001.001,AB,IT.01,DWELLING_LAYOUT_EMITTED_IMPUTED_COUNT,IMPUTED_CENSUS_SECTION_CONSTRUCTION_PERIOD,b10907fe83a113c00267ad508970827bc3def84c0b44f61872846f2a0c1ac042,ab631c6026e3f7cf5cfcff7c6a506eb84b6eeb62f1afa5703fc48ef0897e25fa,0,0,0,100400.66437,1867.6868,53.756692,524,hostname=speed-32.encs.concordia.ca / kernel=Linux 5.14.0-687.39.1.el9_8.x86_64,"EnergyPlus, Version 23.1.0-87ed9199d4, YMD=2026.08.31 00:11"
28857,IT.MidClim.AB.01.Gen.ReEx.001.001,AB,IT.01,DWELLING_LAYOUT_EMITTED_IMPUTED_COUNT,IMPUTED_CENSUS_SECTION_CONSTRUCTION_PERIOD,4901dad295b8c71339698e71f9224d0e1c55629e6bf44990d206d3cafb3befbc,ab631c6026e3f7cf5cfcff7c6a506eb84b6eeb62f1afa5703fc48ef0897e25fa,1,16,1,,4680.2646,,2,hostname=speed-35.encs.concordia.ca / kernel=Linux 5.14.0-687.39.1.el9_8.x86_64,"EnergyPlus, Version 23.1.0-87ed9199d4, YMD=2026.08.31 00:11"
28859,IT.MidClim.AB.01.Gen.ReEx.001.001,AB,IT.01,FALLBACK_PENDING_LAYOUT_MISSING_DWELLING_COUNT,IMPUTED_CENSUS_SECTION_CONSTRUCTION_PERIOD,8e53614f5905cbce4aa155025b5f61f641131d45c178d0e6852e484e2b7d53fb,ab631c6026e3f7cf5cfcff7c6a506eb84b6eeb62f1afa5703fc48ef0897e25fa,0,0,0,507600.915539,12155.7292,41.758163,373,hostname=speed-35.encs.concordia.ca / kernel=Linux 5.14.0-687.39.1.el9_8.x86_64,"EnergyPlus, Version 23.1.0-87ed9199d4, YMD=2026.08.31 00:11"
28861,IT.MidClim.AB.01.Gen.ReEx.001.001,AB,IT.01,FALLBACK_PENDING_LAYOUT_MISSING_DWELLING_COUNT,IMPUTED_CENSUS_SECTION_CONSTRUCTION_PERIOD,826cc1407160d4e878fb02d1626a03d7dff4e94d9cfdb00fdb3df7657708b4f0,ab631c6026e3f7cf5cfcff7c6a506eb84b6eeb62f1afa5703fc48ef0897e25fa,0,0,0,38948.125908,886.8608,43.916842,304,hostname=speed-36.encs.concordia.ca / kernel=Linux 5.14.0-687.39.1.el9_8.x86_64,"EnergyPlus, Version 23.1.0-87ed9199d4, YMD=2026.08.31 00:11"
28864,IT.MidClim.AB.01.Gen.ReEx.001.001,AB,IT.01,FALLBACK_PENDING_LAYOUT_MISSING_DWELLING_COUNT,IMPUTED_CENSUS_SECTION_CONSTRUCTION_PERIOD,b1616757a21437619c1a8db508620966834cab8c0207a05863025d8d2ee1f66f,ab631c6026e3f7cf5cfcff7c6a506eb84b6eeb62f1afa5703fc48ef0897e25fa,0,0,0,167171.46177,3501.3162,47.74532,1465,hostname=speed-15.encs.concordia.ca / kernel=Linux 5.14.0-687.39.1.el9_8.x86_64,"EnergyPlus, Version 23.1.0-87ed9199d4, YMD=2026.08.31 00:11"
28873,IT.MidClim.AB.01.Gen.ReEx.001.001,AB,IT.01,FALLBACK_PENDING_LAYOUT_MISSING_DWELLING_COUNT,IMPUTED_CENSUS_SECTION_CONSTRUCTION_PERIOD,5e7c54dd8c7a76c75df93db497b49162591f22ba2688243462406581d68528e4,ab631c6026e3f7cf5cfcff7c6a506eb84b6eeb62f1afa5703fc48ef0897e25fa,0,0,0,76790.143116,1767.1606,43.45397,289,hostname=stellar.encs.concordia.ca / kernel=Linux 5.14.0-687.39.1.el9_8.x86_64,"EnergyPlus, Version 23.1.0-87ed9199d4, YMD=2026.08.31 00:12"
28891,IT.MidClim.AB.01.Gen.ReEx.001.001,AB,IT.01,FALLBACK_PENDING_LAYOUT_MISSING_DWELLING_COUNT,IMPUTED_CENSUS_SECTION_CONSTRUCTION_PERIOD,6657c4e7ef3df2ba3ca6d960c13deab5538f2e854ff1d165633d6500201ff5e5,ab631c6026e3f7cf5cfcff7c6a506eb84b6eeb62f1afa5703fc48ef0897e25fa,0,0,0,184641.310919,4145.3858,44.541406,739,hostname=speed-09.encs.concordia.ca / kernel=Linux 5.14.0-687.39.1.el9_8.x86_64,"EnergyPlus, Version 23.1.0-87ed9199d4, YMD=2026.08.31 00:12"
28903,IT.MidClim.AB.01.Gen.ReEx.001.001,AB,IT.01,DWELLING_LAYOUT_EMITTED_IMPUTED_COUNT,IMPUTED_CENSUS_SECTION_CONSTRUCTION_PERIOD,b324db678bf22e26059307691033e16031085bc97052946dfeb95010e4545d0c,ab631c6026e3f7cf5cfcff7c6a506eb84b6eeb62f1afa5703fc48ef0897e25fa,0,0,0,110449.496197,1231.0598,89.719034,1374,hostname=speed-30.encs.concordia.ca / kernel=Linux 5.14.0-687.39.1.el9_8.x86_64,"EnergyPlus, Version 23.1.0-87ed9199d4, YMD=2026.08.31 00:12"
28908,IT.MidClim.AB.01.Gen.ReEx.001.001,AB,IT.01,FALLBACK_PENDING_LAYOUT_MISSING_DWELLING_COUNT,IMPUTED_CENSUS_SECTION_CONSTRUCTION_PERIOD,b1a88dddd450e6929b341d5bba44487d03458f97483821685c1f11035eb425b0,ab631c6026e3f7cf5cfcff7c6a506eb84b6eeb62f1afa5703fc48ef0897e25fa,0,0,0,150318.975666,3469.1449,43.330267,1713,hostname=magic-node-08.encs.concordia.ca / kernel=Linux 5.14.0-687.39.1.el9_8.x86_64,"EnergyPlus, Version 23.1.0-87ed9199d4, YMD=2026.08.31 00:13"
28912,IT.MidClim.AB.01.Gen.ReEx.001.001,AB,IT.01,FALLBACK_PENDING_LAYOUT_MISSING_DWELLING_COUNT,IMPUTED_CENSUS_SECTION_CONSTRUCTION_PERIOD,68f2b9214736b918dab3347341efe026b67d894326eb1abde3d882c404a3088e,ab631c6026e3f7cf5cfcff7c6a506eb84b6eeb62f1afa5703fc48ef0897e25fa,0,0,0,99736.143583,2315.4543,43.074114,380,hostname=stellar.encs.concordia.ca / kernel=Linux 5.14.0-687.39.1.el9_8.x86_64,"EnergyPlus, Version 23.1.0-87ed9199d4, YMD=2026.08.31 00:13"
28917,IT.MidClim.AB.01.Gen.ReEx.001.001,AB,IT.01,DWELLING_LAYOUT_EMITTED_IMPUTED_COUNT,IMPUTED_CENSUS_SECTION_CONSTRUCTION_PERIOD,f60920f3cc6524571caf6d7d1a3127575b1d8051e0b90359bc52bd2e37714fe6,ab631c6026e3f7cf5cfcff7c6a506eb84b6eeb62f1afa5703fc48ef0897e25fa,1,22,1,,115.8765,,5,hostname=magic-node-04.encs.concordia.ca / kernel=Linux 5.14.0-687.39.1.el9_8.x86_64,"EnergyPlus, Version 23.1.0-87ed9199d4, YMD=2026.08.31 00:13"
28931,IT.MidClim.AB.01.Gen.ReEx.001.001,AB,IT.01,FALLBACK_PENDING_LAYOUT_MISSING_DWELLING_COUNT,IMPUTED_CENSUS_SECTION_CONSTRUCTION_PERIOD,ebca67deb3a90b88360f1d6be38a08012358a5339aad5a4b0a090be4dfc668e1,ab631c6026e3f7cf5cfcff7c6a506eb84b6eeb62f1afa5703fc48ef0897e25fa,0,0,0,76489.14556,1822.0278,41.98023,705,hostname=magic-node-04.encs.concordia.ca / kernel=Linux 5.14.0-687.39.1.el9_8.x86_64,"EnergyPlus, Version 23.1.0-87ed9199d4, YMD=2026.08.31 00:13"
28959,IT.MidClim.AB.01.Gen.ReEx.001.001,AB,IT.01,FALLBACK_PENDING_LAYOUT_MISSING_DWELLING_COUNT,IMPUTED_CENSUS_SECTION_CONSTRUCTION_PERIOD,593487a8232549df84571e08886961002cb6beda3a6cbdc8530cb139938d6b6a,ab631c6026e3f7cf5cfcff7c6a506eb84b6eeb62f1afa5703fc48ef0897e25fa,0,0,0,140428.364437,2508.5348,55.980234,3144,hostname=magic-node-10.encs.concordia.ca / kernel=Linux 5.14.0-687.39.1.el9_8.x86_64,"EnergyPlus, Version 23.1.0-87ed9199d4, YMD=2026.08.31 00:16"
28960,IT.MidClim.AB.01.Gen.ReEx.001.001,AB,IT.01,FALLBACK_PENDING_LAYOUT_MISSING_DWELLING_COUNT,IMPUTED_CENSUS_SECTION_CONSTRUCTION_PERIOD,88bd4d2d9f7b965ba0529442df0f44c45297de288da67551d996359f5cd33c37,ab631c6026e3f7cf5cfcff7c6a506eb84b6eeb62f1afa5703fc48ef0897e25fa,0,0,0,111379.38065,2395.4418,46.496384,1069,hostname=speed-36.encs.concordia.ca / kernel=Linux 5.14.0-687.39.1.el9_8.x86_64,"EnergyPlus, Version 23.1.0-87ed9199d4, YMD=2026.08.31 00:16"
28968,IT.MidClim.AB.01.Gen.ReEx.001.001,AB,IT.01,FALLBACK_PENDING_LAYOUT_MISSING_DWELLING_COUNT,IMPUTED_CENSUS_SECTION_CONSTRUCTION_PERIOD,f1d5947e853d13fed28a4726df68a801c3c72ea0f37ae90e63e5f31da864b6e3,ab631c6026e3f7cf5cfcff7c6a506eb84b6eeb62f1afa5703fc48ef0897e25fa,0,0,0,80730.094029,2102.7298,38.392995,1038,hostname=speed-29.encs.concordia.ca / kernel=Linux 5.14.0-687.39.1.el9_8.x86_64,"EnergyPlus, Version 23.1.0-87ed9199d4, YMD=2026.08.31 00:16"
28969,IT.MidClim.AB.01.Gen.ReEx.001.001,AB,IT.01,FALLBACK_PENDING_LAYOUT_MISSING_DWELLING_COUNT,IMPUTED_CENSUS_SECTION_CONSTRUCTION_PERIOD,5b068928d392682aeebf13bce9138f35be8eb005c40c45944acbd3d11533b6a9,ab631c6026e3f7cf5cfcff7c6a506eb84b6eeb62f1afa5703fc48ef0897e25fa,0,0,0,247293.915623,5186.4951,47.680353,1749,hostname=stellar.encs.concordia.ca / kernel=Linux 5.14.0-687.39.1.el9_8.x86_64,"EnergyPlus, Version 23.1.0-87ed9199d4, YMD=2026.08.31 00:17"
28971,IT.MidClim.AB.01.Gen.ReEx.001.001,AB,IT.01,FALLBACK_PENDING_LAYOUT_MISSING_DWELLING_COUNT,IMPUTED_CENSUS_SECTION_CONSTRUCTION_PERIOD,1c91a4b1320737f95ca77181434e88496298117aec8100e45e24f77816a9fa3a,ab631c6026e3f7cf5cfcff7c6a506eb84b6eeb62f1afa5703fc48ef0897e25fa,0,0,0,416300.569653,8475.0858,49.120514,389,hostname=wolsey.encs.concordia.ca / kernel=Linux 5.14.0-687.39.1.el9_8.x86_64,"EnergyPlus, Version 23.1.0-87ed9199d4, YMD=2026.08.31 00:17"
28980,IT.MidClim.AB.01.Gen.ReEx.001.001,AB,IT.01,DWELLING_LAYOUT_EMITTED_IMPUTED_COUNT,IMPUTED_CENSUS_SECTION_CONSTRUCTION_PERIOD,d183c6225c254c0b4dddaab89fdfac14c18ddc3163f5fc58d4755735401d8139,ab631c6026e3f7cf5cfcff7c6a506eb84b6eeb62f1afa5703fc48ef0897e25fa,1,5,1,,4454.9097,,3,hostname=speed-43.encs.concordia.ca / kernel=Linux 5.14.0-687.39.1.el9_8.x86_64,"EnergyPlus, Version 23.1.0-87ed9199d4, YMD=2026.08.31 00:17"
28989,IT.MidClim.AB.01.Gen.ReEx.001.001,AB,IT.01,FALLBACK_PENDING_LAYOUT_MISSING_DWELLING_COUNT,IMPUTED_CENSUS_SECTION_CONSTRUCTION_PERIOD,b34be4d1a8dcdc8e98944b601369cd6d9538f65ff2458235cf34bc5758a27fa1,ab631c6026e3f7cf5cfcff7c6a506eb84b6eeb62f1afa5703fc48ef0897e25fa,0,0,0,89574.94601,1776.648,50.417948,633,hostname=speed-29.encs.concordia.ca / kernel=Linux 5.14.0-687.39.1.el9_8.x86_64,"EnergyPlus, Version 23.1.0-87ed9199d4, YMD=2026.08.31 00:17"
28997,IT.MidClim.AB.01.Gen.ReEx.001.001,AB,IT.01,DWELLING_LAYOUT_EMITTED_IMPUTED_COUNT,IMPUTED_CENSUS_SECTION_CONSTRUCTION_PERIOD,df490b3c4f2a8f08b1b87814da376cc96e6dc2086de72dabb38730498427a31f,ab631c6026e3f7cf5cfcff7c6a506eb84b6eeb62f1afa5703fc48ef0897e25fa,1,12,1,,19844.2987,,4,hostname=speed-35.encs.concordia.ca / kernel=Linux 5.14.0-687.39.1.el9_8.x86_64,"EnergyPlus, Version 23.1.0-87ed9199d4, YMD=2026.08.31 00:17"
29006,IT.MidClim.MFH.01.Gen.ReEx.001.001,MFH,IT.01,DWELLING_LAYOUT_EMITTED_IMPUTED_COUNT,IMPUTED_CENSUS_SECTION_CONSTRUCTION_PERIOD,8932493000018136e0c2b0e1f7fc79869ab5482b6e06dd8aa20955550f469a1c,ab631c6026e3f7cf5cfcff7c6a506eb84b6eeb62f1afa5703fc48ef0897e25fa,0,0,0,31136.266433,518.5124,60.049222,337,hostname=speed-35.encs.concordia.ca / kernel=Linux 5.14.0-687.39.1.el9_8.x86_64,"EnergyPlus, Version 23.1.0-87ed9199d4, YMD=2026.08.31 00:17"
29010,IT.MidClim.AB.01.Gen.ReEx.001.001,AB,IT.01,DWELLING_LAYOUT_EMITTED_IMPUTED_COUNT,IMPUTED_CENSUS_SECTION_CONSTRUCTION_PERIOD,00b859dbfe496a7630f1689a5867e2a311727596045db8adc9e2bb3bd106deac,ab631c6026e3f7cf5cfcff7c6a506eb84b6eeb62f1afa5703fc48ef0897e25fa,0,0,0,1784698.46811,46825.4959,38.113819,1097,hostname=speed-15.encs.concordia.ca / kernel=Linux 5.14.0-687.39.1.el9_8.x86_64,"EnergyPlus, Version 23.1.0-87ed9199d4, YMD=2026.08.31 00:18"
29012,IT.MidClim.AB.01.Gen.ReEx.001.001,AB,IT.01,FALLBACK_PENDING_LAYOUT_MISSING_DWELLING_COUNT,IMPUTED_CENSUS_SECTION_CONSTRUCTION_PERIOD,07d33fc02ea128905d5a6ccf3b5a3f61b83255422e98c764a7b6a8ba34034eba,ab631c6026e3f7cf5cfcff7c6a506eb84b6eeb62f1afa5703fc48ef0897e25fa,0,0,0,71684.826557,1159.5355,61.82202,880,hostname=magic-node-03.encs.concordia.ca / kernel=Linux 5.14.0-687.39.1.el9_8.x86_64,"EnergyPlus, Version 23.1.0-87ed9199d4, YMD=2026.08.31 00:19"
29020,IT.MidClim.AB.01.Gen.ReEx.001.001,AB,IT.01,DWELLING_LAYOUT_EMITTED_IMPUTED_COUNT,IMPUTED_CENSUS_SECTION_CONSTRUCTION_PERIOD,4988528fa2d6e32f34cd2d40123920cc63f17546e654bbba30f0bdf10e77d0a8,ab631c6026e3f7cf5cfcff7c6a506eb84b6eeb62f1afa5703fc48ef0897e25fa,1,15,1,,1201.2764,,2,hostname=speed-32.encs.concordia.ca / kernel=Linux 5.14.0-687.39.1.el9_8.x86_64,"EnergyPlus, Version 23.1.0-87ed9199d4, YMD=2026.08.31 00:19"
29028,IT.MidClim.AB.01.Gen.ReEx.001.001,AB,IT.01,FALLBACK_PENDING_LAYOUT_MISSING_DWELLING_COUNT,IMPUTED_CENSUS_SECTION_CONSTRUCTION_PERIOD,754ba8dd47fdda847d5a3f1edf5614c128f70217f3b720d85b55450a26b883e6,ab631c6026e3f7cf5cfcff7c6a506eb84b6eeb62f1afa5703fc48ef0897e25fa,0,0,0,93928.699396,2152.2971,43.64114,1234,hostname=speed-32.encs.concordia.ca / kernel=Linux 5.14.0-687.39.1.el9_8.x86_64,"EnergyPlus, Version 23.1.0-87ed9199d4, YMD=2026.08.31 00:19"
29059,IT.MidClim.AB.05.Gen.ReEx.001.001,AB,IT.05,FALLBACK_PENDING_LAYOUT_MISSING_DWELLING_COUNT,IMPUTED_CENSUS_SECTION_CONSTRUCTION_PERIOD,ea73d316c84faccaae498eee6a349c3ef2b774c8ff1da833307fcd59dfbc8b61,ab631c6026e3f7cf5cfcff7c6a506eb84b6eeb62f1afa5703fc48ef0897e25fa,0,0,0,242467.097203,4653.265,52.106875,1168,hostname=speed-09.encs.concordia.ca / kernel=Linux 5.14.0-687.39.1.el9_8.x86_64,"EnergyPlus, Version 23.1.0-87ed9199d4, YMD=2026.08.31 00:20"
29079,IT.MidClim.MFH.01.Gen.ReEx.001.001,MFH,IT.01,DWELLING_LAYOUT_EMITTED_IMPUTED_COUNT,IMPUTED_CENSUS_SECTION_CONSTRUCTION_PERIOD,f398d063bf63ec6f2e2953ce92de0cb0cdf02f06ce7637ac61e1a889a4808a9b,ab631c6026e3f7cf5cfcff7c6a506eb84b6eeb62f1afa5703fc48ef0897e25fa,0,0,0,20469.289112,417.7421,48.999823,116,hostname=stellar.encs.concordia.ca / kernel=Linux 5.14.0-687.39.1.el9_8.x86_64,"EnergyPlus, Version 23.1.0-87ed9199d4, YMD=2026.08.31 00:20"
29081,IT.MidClim.AB.01.Gen.ReEx.001.001,AB,IT.01,FALLBACK_PENDING_LAYOUT_MISSING_DWELLING_COUNT,IMPUTED_CENSUS_SECTION_CONSTRUCTION_PERIOD,c01545a627d7d1ad4bac81f101ee83601ce13cb648c6dffd4ada2d213ab43a50,ab631c6026e3f7cf5cfcff7c6a506eb84b6eeb62f1afa5703fc48ef0897e25fa,0,0,0,78311.771414,1743.9061,44.905956,1156,hostname=speed-34.encs.concordia.ca / kernel=Linux 5.14.0-687.39.1.el9_8.x86_64,"EnergyPlus, Version 23.1.0-87ed9199d4, YMD=2026.08.31 00:21"
29085,IT.MidClim.MFH.01.Gen.ReEx.001.001,MFH,IT.01,DWELLING_LAYOUT_EMITTED_IMPUTED_COUNT,IMPUTED_CENSUS_SECTION_CONSTRUCTION_PERIOD,19d6a4d477d1624658322657867dfa938711bbdb6b718cadf85733ebeac57836,ab631c6026e3f7cf5cfcff7c6a506eb84b6eeb62f1afa5703fc48ef0897e25fa,0,0,0,82373.680266,1341.3382,61.411567,396,hostname=speed-09.encs.concordia.ca / kernel=Linux 5.14.0-687.39.1.el9_8.x86_64,"EnergyPlus, Version 23.1.0-87ed9199d4, YMD=2026.08.31 00:27"
29087,IT.MidClim.AB.01.Gen.ReEx.001.001,AB,IT.01,FALLBACK_PENDING_LAYOUT_MISSING_DWELLING_COUNT,IMPUTED_CENSUS_SECTION_CONSTRUCTION_PERIOD,98de8f49debfd25983a9cfcee2f0d4b316976d8babbe3347ce674056fdf81b2e,ab631c6026e3f7cf5cfcff7c6a506eb84b6eeb62f1afa5703fc48ef0897e25fa,0,0,0,159769.539032,3557.9193,44.90533,106,hostname=speed-30.encs.concordia.ca / kernel=Linux 5.14.0-687.39.1.el9_8.x86_64,"EnergyPlus, Version 23.1.0-87ed9199d4, YMD=2026.08.31 00:27"
29094,IT.MidClim.AB.01.Gen.ReEx.001.001,AB,IT.01,DWELLING_LAYOUT_EMITTED_IMPUTED_COUNT,IMPUTED_CENSUS_SECTION_CONSTRUCTION_PERIOD,388a2569782fde4059c0863aa5d7ee0519da5295ed254f592dd1d02b0a8ade7f,ab631c6026e3f7cf5cfcff7c6a506eb84b6eeb62f1afa5703fc48ef0897e25fa,0,0,0,167014.062883,2850.9446,58.582009,342,hostname=speed-29.encs.concordia.ca / kernel=Linux 5.14.0-687.39.1.el9_8.x86_64,"EnergyPlus, Version 23.1.0-87ed9199d4, YMD=2026.08.31 00:28"
29100,IT.MidClim.AB.01.Gen.ReEx.001.001,AB,IT.01,FALLBACK_PENDING_LAYOUT_MISSING_DWELLING_COUNT,IMPUTED_CENSUS_SECTION_CONSTRUCTION_PERIOD,2628bc1ce7add7a5858e81391057a51093ffafea101f612b6d9d7792049dcee6,ab631c6026e3f7cf5cfcff7c6a506eb84b6eeb62f1afa5703fc48ef0897e25fa,0,0,0,17004.563016,329.222,51.650749,1712,hostname=magic-node-09.encs.concordia.ca / kernel=Linux 5.14.0-687.39.1.el9_8.x86_64,"EnergyPlus, Version 23.1.0-87ed9199d4, YMD=2026.08.31 00:28"
29106,IT.MidClim.AB.01.Gen.ReEx.001.001,AB,IT.01,FALLBACK_PENDING_LAYOUT_MISSING_DWELLING_COUNT,IMPUTED_CENSUS_SECTION_CONSTRUCTION_PERIOD,6aee532b3d733de50b27f364f275214c2f9f7395b5cf8bf2275c525751170c0f,ab631c6026e3f7cf5cfcff7c6a506eb84b6eeb62f1afa5703fc48ef0897e25fa,0,0,0,65642.974311,1682.2552,39.020818,1076,hostname=speed-30.encs.concordia.ca / kernel=Linux 5.14.0-687.39.1.el9_8.x86_64,"EnergyPlus, Version 23.1.0-87ed9199d4, YMD=2026.08.31 00:29"
29108,IT.MidClim.AB.01.Gen.ReEx.001.001,AB,IT.01,DWELLING_LAYOUT_EMITTED_IMPUTED_COUNT,IMPUTED_CENSUS_SECTION_CONSTRUCTION_PERIOD,0d03671a84d556e1324eeb8a09150777bd70135f57708e01822fa41f97f01b19,ab631c6026e3f7cf5cfcff7c6a506eb84b6eeb62f1afa5703fc48ef0897e25fa,0,0,0,63891.854063,1358.8533,47.018949,637,hostname=wolsey.encs.concordia.ca / kernel=Linux 5.14.0-687.39.1.el9_8.x86_64,"EnergyPlus, Version 23.1.0-87ed9199d4, YMD=2026.08.31 00:29"
29109,IT.MidClim.AB.01.Gen.ReEx.001.001,AB,IT.01,FALLBACK_PENDING_LAYOUT_MISSING_DWELLING_COUNT,IMPUTED_CENSUS_SECTION_CONSTRUCTION_PERIOD,25b5f6d9497a8165cb5a2d8fed6dbd103323eac693ab173b94a1e5a7fd6a512b,ab631c6026e3f7cf5cfcff7c6a506eb84b6eeb62f1afa5703fc48ef0897e25fa,0,0,0,119241.521507,2316.0526,51.484807,1061,hostname=magic-node-04.encs.concordia.ca / kernel=Linux 5.14.0-687.39.1.el9_8.x86_64,"EnergyPlus, Version 23.1.0-87ed9199d4, YMD=2026.08.31 00:30"
29114,IT.MidClim.AB.01.Gen.ReEx.001.001,AB,IT.01,FALLBACK_PENDING_LAYOUT_MISSING_DWELLING_COUNT,IMPUTED_CENSUS_SECTION_CONSTRUCTION_PERIOD,b4992bd49dba874a569d540adc73a6a4d7c4498ea120887595abf3d896af9a8d,ab631c6026e3f7cf5cfcff7c6a506eb84b6eeb62f1afa5703fc48ef0897e25fa,0,0,0,113033.89245,2149.3072,52.59085,1724,hostname=speed-11.encs.concordia.ca / kernel=Linux 5.14.0-687.39.1.el9_8.x86_64,"EnergyPlus, Version 23.1.0-87ed9199d4, YMD=2026.08.31 00:30"
29116,IT.MidClim.MFH.01.Gen.ReEx.001.001,MFH,IT.01,DWELLING_LAYOUT_EMITTED_IMPUTED_COUNT,IMPUTED_CENSUS_SECTION_CONSTRUCTION_PERIOD,d120f7097a4d20eaa7065783c53db4de1070c7847bd541e56c5f31acf8050a7a,ab631c6026e3f7cf5cfcff7c6a506eb84b6eeb62f1afa5703fc48ef0897e25fa,0,0,0,10914.605489,187.741,58.136504,74,hostname=speed-15.encs.concordia.ca / kernel=Linux 5.14.0-687.39.1.el9_8.x86_64,"EnergyPlus, Version 23.1.0-87ed9199d4, YMD=2026.08.31 00:36"
29117,IT.MidClim.AB.01.Gen.ReEx.001.001,AB,IT.01,FALLBACK_PENDING_LAYOUT_MISSING_DWELLING_COUNT,IMPUTED_CENSUS_SECTION_CONSTRUCTION_PERIOD,9cc9e1a7e1ad83cf788da9d77cd3195d994046cb5c22eaad66b867f6cb4da220,ab631c6026e3f7cf5cfcff7c6a506eb84b6eeb62f1afa5703fc48ef0897e25fa,0,0,0,133915.959524,2744.8089,48.78881,1061,hostname=speed-29.encs.concordia.ca / kernel=Linux 5.14.0-687.39.1.el9_8.x86_64,"EnergyPlus, Version 23.1.0-87ed9199d4, YMD=2026.08.31 00:37"
29125,IT.MidClim.AB.01.Gen.ReEx.001.001,AB,IT.01,DWELLING_LAYOUT_EMITTED_IMPUTED_COUNT,IMPUTED_CENSUS_SECTION_CONSTRUCTION_PERIOD,10bff0f2cacea471246603a1f6072de3829c1dbf1b790c47c78fb1db0b12e1a7,ab631c6026e3f7cf5cfcff7c6a506eb84b6eeb62f1afa5703fc48ef0897e25fa,1,40,1,,1044.2043,,2,hostname=speed-15.encs.concordia.ca / kernel=Linux 5.14.0-687.39.1.el9_8.x86_64,"EnergyPlus, Version 23.1.0-87ed9199d4, YMD=2026.08.31 00:37"
29126,IT.MidClim.AB.01.Gen.ReEx.001.001,AB,IT.01,FALLBACK_PENDING_LAYOUT_MISSING_DWELLING_COUNT,IMPUTED_CENSUS_SECTION_CONSTRUCTION_PERIOD,4b81d5b52aa473e9c02098cfbc17410092480c26a658e4efa5b7b1681ab07faa,ab631c6026e3f7cf5cfcff7c6a506eb84b6eeb62f1afa5703fc48ef0897e25fa,0,0,0,227786.274056,5286.381,43.089265,1233,hostname=speed-15.encs.concordia.ca / kernel=Linux 5.14.0-687.39.1.el9_8.x86_64,"EnergyPlus, Version 23.1.0-87ed9199d4, YMD=2026.08.31 00:37"
29146,IT.MidClim.AB.01.Gen.ReEx.001.001,AB,IT.01,DWELLING_LAYOUT_EMITTED_IMPUTED_COUNT,IMPUTED_CENSUS_SECTION_CONSTRUCTION_PERIOD,bfd169e9a48352fbb9253636e74bcd83cac7e4e1cb8451a037d1fd9d6b7dd693,ab631c6026e3f7cf5cfcff7c6a506eb84b6eeb62f1afa5703fc48ef0897e25fa,0,0,0,30775.467638,306.1766,100.515414,1038,hostname=speed-35.encs.concordia.ca / kernel=Linux 5.14.0-687.39.1.el9_8.x86_64,"EnergyPlus, Version 23.1.0-87ed9199d4, YMD=2026.08.31 00:38"
29151,IT.MidClim.AB.01.Gen.ReEx.001.001,AB,IT.01,FALLBACK_PENDING_LAYOUT_MISSING_DWELLING_COUNT,IMPUTED_CENSUS_SECTION_CONSTRUCTION_PERIOD,07b153ebbc741a054e334c0b86ba2187bb76fd80ce1baefefdf151f1a49ec516,ab631c6026e3f7cf5cfcff7c6a506eb84b6eeb62f1afa5703fc48ef0897e25fa,0,0,0,114717.394757,2411.4847,47.571272,1959,hostname=speed-35.encs.concordia.ca / kernel=Linux 5.14.0-687.39.1.el9_8.x86_64,"EnergyPlus, Version 23.1.0-87ed9199d4, YMD=2026.08.31 00:39"
29171,IT.MidClim.AB.01.Gen.ReEx.001.001,AB,IT.01,FALLBACK_PENDING_LAYOUT_MISSING_DWELLING_COUNT,IMPUTED_CENSUS_SECTION_CONSTRUCTION_PERIOD,8a253a3d5627285335c6eea727fa6e259878fc576820fd7138465eb71bda630a,ab631c6026e3f7cf5cfcff7c6a506eb84b6eeb62f1afa5703fc48ef0897e25fa,0,0,0,76981.858177,1380.6616,55.757224,1702,hostname=magic-node-03.encs.concordia.ca / kernel=Linux 5.14.0-687.39.1.el9_8.x86_64,"EnergyPlus, Version 23.1.0-87ed9199d4, YMD=2026.08.31 00:39"
29180,IT.MidClim.AB.01.Gen.ReEx.001.001,AB,IT.01,FALLBACK_PENDING_LAYOUT_MISSING_DWELLING_COUNT,IMPUTED_CENSUS_SECTION_CONSTRUCTION_PERIOD,304b1b3a1e32632a0d2a071b82993f1b6298704d5081e1ba8d90466369f3d6c3,ab631c6026e3f7cf5cfcff7c6a506eb84b6eeb62f1afa5703fc48ef0897e25fa,0,0,0,84152.224965,1562.2655,53.865508,414,hostname=speed-09.encs.concordia.ca / kernel=Linux 5.14.0-687.39.1.el9_8.x86_64,"EnergyPlus, Version 23.1.0-87ed9199d4, YMD=2026.08.31 00:39"
29198,IT.MidClim.MFH.01.Gen.ReEx.001.001,MFH,IT.01,DWELLING_LAYOUT_EMITTED_IMPUTED_COUNT,IMPUTED_CENSUS_SECTION_CONSTRUCTION_PERIOD,1383bb9d3913f6d605400e263a68624b4560b482b16e0cc88aa68087c2e14387,ab631c6026e3f7cf5cfcff7c6a506eb84b6eeb62f1afa5703fc48ef0897e25fa,0,1,0,12985.580852,251.366,51.660053,955,hostname=speed-32.encs.concordia.ca / kernel=Linux 5.14.0-687.39.1.el9_8.x86_64,"EnergyPlus, Version 23.1.0-87ed9199d4, YMD=2026.08.31 00:39"
29201,IT.MidClim.AB.01.Gen.ReEx.001.001,AB,IT.01,FALLBACK_PENDING_LAYOUT_MISSING_DWELLING_COUNT,IMPUTED_CENSUS_SECTION_CONSTRUCTION_PERIOD,d518055fb8344391e58053f437f4eaf5e0d436d85293cea55b90cb452c4f5c4e,ab631c6026e3f7cf5cfcff7c6a506eb84b6eeb62f1afa5703fc48ef0897e25fa,0,0,0,225434.618197,5503.8526,40.959421,270,hostname=speed-08.encs.concordia.ca / kernel=Linux 5.14.0-687.39.1.el9_8.x86_64,"EnergyPlus, Version 23.1.0-87ed9199d4, YMD=2026.08.31 00:40"
29210,IT.MidClim.AB.01.Gen.ReEx.001.001,AB,IT.01,FALLBACK_PENDING_LAYOUT_MISSING_DWELLING_COUNT,IMPUTED_CENSUS_SECTION_CONSTRUCTION_PERIOD,5172a8878a5fc2d3ce661fc982e4efb4e41fbe112da3094915b1572276cc39ff,ab631c6026e3f7cf5cfcff7c6a506eb84b6eeb62f1afa5703fc48ef0897e25fa,0,0,0,150397.519728,3080.0345,48.829817,1821,hostname=speed-32.encs.concordia.ca / kernel=Linux 5.14.0-687.39.1.el9_8.x86_64,"EnergyPlus, Version 23.1.0-87ed9199d4, YMD=2026.08.31 00:40"
29211,IT.MidClim.AB.01.Gen.ReEx.001.001,AB,IT.01,FALLBACK_PENDING_LAYOUT_MISSING_DWELLING_COUNT,IMPUTED_CENSUS_SECTION_CONSTRUCTION_PERIOD,581a513836b15509920dcfff61d8035da338995f1ad61c68c99ea9e77a2beb8d,ab631c6026e3f7cf5cfcff7c6a506eb84b6eeb62f1afa5703fc48ef0897e25fa,0,0,0,64434.616134,1279.9823,50.34024,1273,hostname=wolsey.encs.concordia.ca / kernel=Linux 5.14.0-687.39.1.el9_8.x86_64,"EnergyPlus, Version 23.1.0-87ed9199d4, YMD=2026.08.31 00:40"
29213,IT.MidClim.AB.01.Gen.ReEx.001.001,AB,IT.01,FALLBACK_PENDING_LAYOUT_MISSING_DWELLING_COUNT,IMPUTED_CENSUS_SECTION_CONSTRUCTION_PERIOD,8a15a0467bff4b6fbb5e38350dddc5dfc403dd6aac0fd94536b6114aaf921960,ab631c6026e3f7cf5cfcff7c6a506eb84b6eeb62f1afa5703fc48ef0897e25fa,0,0,0,13020.185472,310.6182,41.917008,147,hostname=speed-34.encs.concordia.ca / kernel=Linux 5.14.0-687.39.1.el9_8.x86_64,"EnergyPlus, Version 23.1.0-87ed9199d4, YMD=2026.08.31 00:40"
29219,IT.MidClim.AB.01.Gen.ReEx.001.001,AB,IT.01,FALLBACK_PENDING_LAYOUT_MISSING_DWELLING_COUNT,IMPUTED_CENSUS_SECTION_CONSTRUCTION_PERIOD,2f30a803ec21500d5b18440920630444c6f3cec5360bde314783052da98b528e,ab631c6026e3f7cf5cfcff7c6a506eb84b6eeb62f1afa5703fc48ef0897e25fa,0,0,0,110230.730256,2305.9392,47.802965,1354,hostname=speed-11.encs.concordia.ca / kernel=Linux 5.14.0-687.39.1.el9_8.x86_64,"EnergyPlus, Version 23.1.0-87ed9199d4, YMD=2026.08.31 00:47"
29228,IT.MidClim.AB.05.Gen.ReEx.001.001,AB,IT.05,FALLBACK_PENDING_LAYOUT_MISSING_DWELLING_COUNT,IMPUTED_CENSUS_SECTION_CONSTRUCTION_PERIOD,f3969b856e7a734c27bb2bb7e87355d868d1c7906b173d118bebd2a3ead7c123,ab631c6026e3f7cf5cfcff7c6a506eb84b6eeb62f1afa5703fc48ef0897e25fa,0,0,0,25864.66861,399.0874,64.809534,28,hostname=speed-30.encs.concordia.ca / kernel=Linux 5.14.0-687.39.1.el9_8.x86_64,"EnergyPlus, Version 23.1.0-87ed9199d4, YMD=2026.08.31 00:47"
29232,IT.MidClim.AB.01.Gen.ReEx.001.001,AB,IT.01,FALLBACK_PENDING_LAYOUT_MISSING_DWELLING_COUNT,IMPUTED_CENSUS_SECTION_CONSTRUCTION_PERIOD,3734bbf50ce0cdfd273dbb8b443d4c6fd4f7b30b4d6a39eed229a5c4a4bd94b6,ab631c6026e3f7cf5cfcff7c6a506eb84b6eeb62f1afa5703fc48ef0897e25fa,0,0,0,236398.298657,5144.0248,45.955902,5002,hostname=magic-node-04.encs.concordia.ca / kernel=Linux 5.14.0-687.39.1.el9_8.x86_64,"EnergyPlus, Version 23.1.0-87ed9199d4, YMD=2026.08.31 00:47"
29235,IT.MidClim.AB.01.Gen.ReEx.001.001,AB,IT.01,FALLBACK_PENDING_LAYOUT_MISSING_DWELLING_COUNT,IMPUTED_CENSUS_SECTION_CONSTRUCTION_PERIOD,1166df298f254b1c9ec894421cfaa92fa09825f31f76b37252ea5f7b038a56aa,ab631c6026e3f7cf5cfcff7c6a506eb84b6eeb62f1afa5703fc48ef0897e25fa,0,0,0,73543.651315,1528.7773,48.10619,613,hostname=speed-34.encs.concordia.ca / kernel=Linux 5.14.0-687.39.1.el9_8.x86_64,"EnergyPlus, Version 23.1.0-87ed9199d4, YMD=2026.08.31 00:47"
29237,IT.MidClim.MFH.05.Gen.ReEx.001.001,MFH,IT.05,DWELLING_LAYOUT_EMITTED_IMPUTED_COUNT,IMPUTED_CENSUS_SECTION_CONSTRUCTION_PERIOD,334b991bce60d3a4c77838834d95f4b137dcd2390362ea12eb3ea7144f749452,ab631c6026e3f7cf5cfcff7c6a506eb84b6eeb62f1afa5703fc48ef0897e25fa,0,0,0,29401.503185,354.7471,82.880179,50,hostname=speed-30.encs.concordia.ca / kernel=Linux 5.14.0-687.39.1.el9_8.x86_64,"EnergyPlus, Version 23.1.0-87ed9199d4, YMD=2026.08.31 00:47"
29253,IT.MidClim.AB.01.Gen.ReEx.001.001,AB,IT.01,FALLBACK_PENDING_LAYOUT_MISSING_DWELLING_COUNT,IMPUTED_CENSUS_SECTION_CONSTRUCTION_PERIOD,5b3707f825005e2637cf1c0251b9ec58e476f460a33f391dd6cabcc277fa2766,ab631c6026e3f7cf5cfcff7c6a506eb84b6eeb62f1afa5703fc48ef0897e25fa,0,0,0,40597.561191,823.099,49.322817,271,hostname=magic-node-02.encs.concordia.ca / kernel=Linux 5.14.0-687.39.1.el9_8.x86_64,"EnergyPlus, Version 23.1.0-87ed9199d4, YMD=2026.08.31 00:48"
29256,IT.MidClim.AB.01.Gen.ReEx.001.001,AB,IT.01,DWELLING_LAYOUT_EMITTED_IMPUTED_COUNT,IMPUTED_CENSUS_SECTION_CONSTRUCTION_PERIOD,373d7b1ce00615a8e5d807a6a80d2b81f0cbb0344cb0b0e0354772119bd6e03f,ab631c6026e3f7cf5cfcff7c6a506eb84b6eeb62f1afa5703fc48ef0897e25fa,1,16,1,,8099.1142,,2,hostname=speed-30.encs.concordia.ca / kernel=Linux 5.14.0-687.39.1.el9_8.x86_64,"EnergyPlus, Version 23.1.0-87ed9199d4, YMD=2026.08.31 00:48"
29258,IT.MidClim.AB.01.Gen.ReEx.001.001,AB,IT.01,FALLBACK_PENDING_LAYOUT_MISSING_DWELLING_COUNT,IMPUTED_CENSUS_SECTION_CONSTRUCTION_PERIOD,281c87f021e9b84846222c1408888f3942975bde8b5da498f9f0f4f0de03b121,ab631c6026e3f7cf5cfcff7c6a506eb84b6eeb62f1afa5703fc48ef0897e25fa,0,0,0,68181.049353,1500.3714,45.442781,490,hostname=speed-30.encs.concordia.ca / kernel=Linux 5.14.0-687.39.1.el9_8.x86_64,"EnergyPlus, Version 23.1.0-87ed9199d4, YMD=2026.08.31 00:48"
29269,IT.MidClim.MFH.01.Gen.ReEx.001.001,MFH,IT.01,DWELLING_LAYOUT_EMITTED_IMPUTED_COUNT,IMPUTED_CENSUS_SECTION_CONSTRUCTION_PERIOD,d954539e6ed42b0fe69a3de3ce50593c09cd8f33e40990b4f55e25c588b7188a,ab631c6026e3f7cf5cfcff7c6a506eb84b6eeb62f1afa5703fc48ef0897e25fa,1,9,1,,278.1191,,2,hostname=stellar.encs.concordia.ca / kernel=Linux 5.14.0-687.39.1.el9_8.x86_64,"EnergyPlus, Version 23.1.0-87ed9199d4, YMD=2026.08.31 00:49"
29272,IT.MidClim.AB.01.Gen.ReEx.001.001,AB,IT.01,DWELLING_LAYOUT_EMITTED_IMPUTED_COUNT,IMPUTED_CENSUS_SECTION_CONSTRUCTION_PERIOD,e514535eb09f9897b556ed09bc885c74c24e2d9efaa378191fd14a8b3e6901fb,ab631c6026e3f7cf5cfcff7c6a506eb84b6eeb62f1afa5703fc48ef0897e25fa,0,0,0,56687.074945,1206.3185,46.991798,1080,hostname=stellar.encs.concordia.ca / kernel=Linux 5.14.0-687.39.1.el9_8.x86_64,"EnergyPlus, Version 23.1.0-87ed9199d4, YMD=2026.08.31 00:49"
29278,IT.MidClim.AB.05.Gen.ReEx.001.001,AB,IT.05,FALLBACK_PENDING_LAYOUT_MISSING_DWELLING_COUNT,IMPUTED_CENSUS_SECTION_CONSTRUCTION_PERIOD,1ab72b036fc5d0d30b4e64b9b47739640461467c5dabcb7293b358b4e18a2387,ab631c6026e3f7cf5cfcff7c6a506eb84b6eeb62f1afa5703fc48ef0897e25fa,0,0,0,114320.068065,2497.8111,45.7681,685,hostname=antenna2.encs.concordia.ca / kernel=Linux 5.14.0-687.36.1.el9_8.x86_64,"EnergyPlus, Version 23.1.0-87ed9199d4, YMD=2026.08.31 00:49"
29279,IT.MidClim.MFH.01.Gen.ReEx.001.001,MFH,IT.01,DWELLING_LAYOUT_EMITTED_IMPUTED_COUNT,IMPUTED_CENSUS_SECTION_CONSTRUCTION_PERIOD,e6a94b49d72f87320c2e9470ee132b681e84cde9a89244b9632d01f0288a66d1,ab631c6026e3f7cf5cfcff7c6a506eb84b6eeb62f1afa5703fc48ef0897e25fa,0,0,0,29534.698799,693.9017,42.563232,324,hostname=speed-08.encs.concordia.ca / kernel=Linux 5.14.0-687.39.1.el9_8.x86_64,"EnergyPlus, Version 23.1.0-87ed9199d4, YMD=2026.08.31 00:50"
29292,IT.MidClim.MFH.05.Gen.ReEx.001.001,MFH,IT.05,DWELLING_LAYOUT_EMITTED_IMPUTED_COUNT,IMPUTED_CENSUS_SECTION_CONSTRUCTION_PERIOD,c22fbc5d0275ed9d465587b5a13059ef327cd6684ab8d47c4362c6d7e5eac7ae,ab631c6026e3f7cf5cfcff7c6a506eb84b6eeb62f1afa5703fc48ef0897e25fa,0,0,0,32215.731665,372.457,86.49517,417,hostname=magic-node-02.encs.concordia.ca / kernel=Linux 5.14.0-687.39.1.el9_8.x86_64,"EnergyPlus, Version 23.1.0-87ed9199d4, YMD=2026.08.31 00:56"
29299,IT.MidClim.AB.01.Gen.ReEx.001.001,AB,IT.01,FALLBACK_PENDING_LAYOUT_MISSING_DWELLING_COUNT,IMPUTED_CENSUS_SECTION_CONSTRUCTION_PERIOD,960d6a0bf908626162c4e0f9f23081b9a89aa4403f70c49a96107481d83ebf93,ab631c6026e3f7cf5cfcff7c6a506eb84b6eeb62f1afa5703fc48ef0897e25fa,0,0,0,92061.351666,1808.7237,50.898516,878,hostname=magic-node-09.encs.concordia.ca / kernel=Linux 5.14.0-687.39.1.el9_8.x86_64,"EnergyPlus, Version 23.1.0-87ed9199d4, YMD=2026.08.31 00:57"
29320,IT.MidClim.MFH.01.Gen.ReEx.001.001,MFH,IT.01,DWELLING_LAYOUT_EMITTED_IMPUTED_COUNT,IMPUTED_CENSUS_SECTION_CONSTRUCTION_PERIOD,2bdaa839bc31d48609f4984fdb9eedc714f0dbdb6d5ad22451014ccb43471d02,ab631c6026e3f7cf5cfcff7c6a506eb84b6eeb62f1afa5703fc48ef0897e25fa,0,0,0,56984.449832,971.8595,58.634453,492,hostname=speed-30.encs.concordia.ca / kernel=Linux 5.14.0-687.39.1.el9_8.x86_64,"EnergyPlus, Version 23.1.0-87ed9199d4, YMD=2026.08.31 00:57"
29321,IT.MidClim.MFH.01.Gen.ReEx.001.001,MFH,IT.01,DWELLING_LAYOUT_EMITTED_IMPUTED_COUNT,IMPUTED_CENSUS_SECTION_CONSTRUCTION_PERIOD,fe9e58717f2e315563779f07ebf795ec001f7b61f7c42b9ba7f9bb415e8f0fee,ab631c6026e3f7cf5cfcff7c6a506eb84b6eeb62f1afa5703fc48ef0897e25fa,0,0,0,18003.123546,192.4986,93.5234,115,hostname=speed-36.encs.concordia.ca / kernel=Linux 5.14.0-687.39.1.el9_8.x86_64,"EnergyPlus, Version 23.1.0-87ed9199d4, YMD=2026.08.31 00:57"
29329,IT.MidClim.MFH.01.Gen.ReEx.001.001,MFH,IT.01,DWELLING_LAYOUT_EMITTED_IMPUTED_COUNT,IMPUTED_CENSUS_SECTION_CONSTRUCTION_PERIOD,bba7c11e8757d1eb1339ee4f674a019b077f1aa162a44347e82c9eb10d1f9a72,ab631c6026e3f7cf5cfcff7c6a506eb84b6eeb62f1afa5703fc48ef0897e25fa,0,0,0,19094.264872,389.4432,49.029653,1485,hostname=speed-30.encs.concordia.ca / kernel=Linux 5.14.0-687.39.1.el9_8.x86_64,"EnergyPlus, Version 23.1.0-87ed9199d4, YMD=2026.08.31 00:57"
29340,IT.MidClim.AB.01.Gen.ReEx.001.001,AB,IT.01,DWELLING_LAYOUT_EMITTED_IMPUTED_COUNT,IMPUTED_CENSUS_SECTION_CONSTRUCTION_PERIOD,99e40a6644ada122c2ce5f30b7f7e716055f777ac4260b9de28b0e8cf8eac0fb,ab631c6026e3f7cf5cfcff7c6a506eb84b6eeb62f1afa5703fc48ef0897e25fa,0,0,0,22595.939124,308.3175,73.28789,379,hostname=speed-34.encs.concordia.ca / kernel=Linux 5.14.0-687.39.1.el9_8.x86_64,"EnergyPlus, Version 23.1.0-87ed9199d4, YMD=2026.08.31 00:58"
29341,IT.MidClim.AB.01.Gen.ReEx.001.001,AB,IT.01,DWELLING_LAYOUT_EMITTED_IMPUTED_COUNT,IMPUTED_CENSUS_SECTION_CONSTRUCTION_PERIOD,708f14593db98294089b74702096492eff5c5c7f5a288f4502279aa4ecb6001b,ab631c6026e3f7cf5cfcff7c6a506eb84b6eeb62f1afa5703fc48ef0897e25fa,0,7,0,1148119.303433,14936.4924,76.866728,3199,hostname=speed-15.encs.concordia.ca / kernel=Linux 5.14.0-687.39.1.el9_8.x86_64,"EnergyPlus, Version 23.1.0-87ed9199d4, YMD=2026.08.31 00:58"
29346,IT.MidClim.MFH.01.Gen.ReEx.001.001,MFH,IT.01,DWELLING_LAYOUT_EMITTED_IMPUTED_COUNT,IMPUTED_CENSUS_SECTION_CONSTRUCTION_PERIOD,ff8a89e3c4906a7b652ecff1741610519da73dcd1e1f515d893e35398fe15529,ab631c6026e3f7cf5cfcff7c6a506eb84b6eeb62f1afa5703fc48ef0897e25fa,0,0,0,16756.72525,389.2928,43.044015,59,hostname=speed-11.encs.concordia.ca / kernel=Linux 5.14.0-687.39.1.el9_8.x86_64,"EnergyPlus, Version 23.1.0-87ed9199d4, YMD=2026.08.31 00:58"
29349,IT.MidClim.AB.01.Gen.ReEx.001.001,AB,IT.01,DWELLING_LAYOUT_EMITTED_IMPUTED_COUNT,IMPUTED_CENSUS_SECTION_CONSTRUCTION_PERIOD,1444bdd8312b224be715de2dce3322f53f8fd3274cd9c6ba414813b4c07d1dee,ab631c6026e3f7cf5cfcff7c6a506eb84b6eeb62f1afa5703fc48ef0897e25fa,0,0,0,195900.239742,3939.7933,49.723482,5776,hostname=magic-node-07.encs.concordia.ca / kernel=Linux 5.14.0-687.39.1.el9_8.x86_64,"EnergyPlus, Version 23.1.0-87ed9199d4, YMD=2026.08.31 00:59"
29360,IT.MidClim.AB.01.Gen.ReEx.001.001,AB,IT.01,FALLBACK_PENDING_LAYOUT_MISSING_DWELLING_COUNT,IMPUTED_CENSUS_SECTION_CONSTRUCTION_PERIOD,257f1ccbb8ef13d70f63289859dd6abbd83658aba972a1d3aa69f4fb60397740,ab631c6026e3f7cf5cfcff7c6a506eb84b6eeb62f1afa5703fc48ef0897e25fa,0,0,0,35116.698218,778.6175,45.101347,590,hostname=speed-32.encs.concordia.ca / kernel=Linux 5.14.0-687.39.1.el9_8.x86_64,"EnergyPlus, Version 23.1.0-87ed9199d4, YMD=2026.08.31 00:59"
29376,IT.MidClim.AB.05.Gen.ReEx.001.001,AB,IT.05,FALLBACK_PENDING_LAYOUT_MISSING_DWELLING_COUNT,IMPUTED_CENSUS_SECTION_CONSTRUCTION_PERIOD,e6341980b812588bb81c0eba871d112bc755e290158302c3a8abaabf3f3f4529,ab631c6026e3f7cf5cfcff7c6a506eb84b6eeb62f1afa5703fc48ef0897e25fa,0,0,0,215244.615376,4292.052,50.149582,1509,hostname=speed-36.encs.concordia.ca / kernel=Linux 5.14.0-687.39.1.el9_8.x86_64,"EnergyPlus, Version 23.1.0-87ed9199d4, YMD=2026.08.31 00:59"
29392,IT.MidClim.AB.01.Gen.ReEx.001.001,AB,IT.01,FALLBACK_PENDING_LAYOUT_MISSING_DWELLING_COUNT,IMPUTED_CENSUS_SECTION_CONSTRUCTION_PERIOD,755bbd4a1ca9a0370842ca4d94ec98eef98b78f0145595ceb5e641ca8aeaef9a,ab631c6026e3f7cf5cfcff7c6a506eb84b6eeb62f1afa5703fc48ef0897e25fa,0,0,0,22746.364848,388.0782,58.612838,529,hostname=speed-08.encs.concordia.ca / kernel=Linux 5.14.0-687.39.1.el9_8.x86_64,"EnergyPlus, Version 23.1.0-87ed9199d4, YMD=2026.08.31 00:59"
29397,IT.MidClim.AB.01.Gen.ReEx.001.001,AB,IT.01,FALLBACK_PENDING_LAYOUT_MISSING_DWELLING_COUNT,IMPUTED_CENSUS_SECTION_CONSTRUCTION_PERIOD,fc4d432fd74ad99935c1f057a5a47b8f1da2b659439f04bae0ff33a596a505e1,ab631c6026e3f7cf5cfcff7c6a506eb84b6eeb62f1afa5703fc48ef0897e25fa,0,0,0,90279.575463,1783.1604,50.628971,4494,hostname=speed-11.encs.concordia.ca / kernel=Linux 5.14.0-687.39.1.el9_8.x86_64,"EnergyPlus, Version 23.1.0-87ed9199d4, YMD=2026.08.31 00:59"
29404,IT.MidClim.MFH.01.Gen.ReEx.001.001,MFH,IT.01,DWELLING_LAYOUT_EMITTED_IMPUTED_COUNT,IMPUTED_CENSUS_SECTION_CONSTRUCTION_PERIOD,e5a8fd658918204702359518a00b8baadf290c3b473ffcb86dcb08025379ae91,ab631c6026e3f7cf5cfcff7c6a506eb84b6eeb62f1afa5703fc48ef0897e25fa,0,0,0,13846.153097,282.0493,49.091251,646,hostname=speed-09.encs.concordia.ca / kernel=Linux 5.14.0-687.39.1.el9_8.x86_64,"EnergyPlus, Version 23.1.0-87ed9199d4, YMD=2026.08.31 01:00"
29405,IT.MidClim.AB.01.Gen.ReEx.001.001,AB,IT.01,DWELLING_LAYOUT_EMITTED_IMPUTED_COUNT,IMPUTED_CENSUS_SECTION_CONSTRUCTION_PERIOD,7d35bd47592427f1ba42f82c8f1f9a9b41ae8faeafc8aeb54f23d95ec8d3c9aa,ab631c6026e3f7cf5cfcff7c6a506eb84b6eeb62f1afa5703fc48ef0897e25fa,1,6,1,,1620.8304,,3,hostname=antenna2.encs.concordia.ca / kernel=Linux 5.14.0-687.36.1.el9_8.x86_64,"EnergyPlus, Version 23.1.0-87ed9199d4, YMD=2026.08.31 01:00"
29410,IT.MidClim.AB.01.Gen.ReEx.001.001,AB,IT.01,DWELLING_LAYOUT_EMITTED_IMPUTED_COUNT,IMPUTED_CENSUS_SECTION_CONSTRUCTION_PERIOD,2982dc6ba7d51b7491ebbf4e67ff900af8fc3ad2304206c3fe7fd7dda1221cc8,ab631c6026e3f7cf5cfcff7c6a506eb84b6eeb62f1afa5703fc48ef0897e25fa,1,18,1,,718.4407,,3,hostname=antenna2.encs.concordia.ca / kernel=Linux 5.14.0-687.36.1.el9_8.x86_64,"EnergyPlus, Version 23.1.0-87ed9199d4, YMD=2026.08.31 01:00"
29411,IT.MidClim.MFH.01.Gen.ReEx.001.001,MFH,IT.01,DWELLING_LAYOUT_EMITTED_IMPUTED_COUNT,IMPUTED_CENSUS_SECTION_CONSTRUCTION_PERIOD,6a13c50480e57fe307035a710c1f749ad5dd3b510cbbfe037f8053204f9744e0,ab631c6026e3f7cf5cfcff7c6a506eb84b6eeb62f1afa5703fc48ef0897e25fa,0,0,0,92307.695586,2145.8109,43.017628,2538,hostname=antenna2.encs.concordia.ca / kernel=Linux 5.14.0-687.36.1.el9_8.x86_64,"EnergyPlus, Version 23.1.0-87ed9199d4, YMD=2026.08.31 01:00"
29413,IT.MidClim.AB.01.Gen.ReEx.001.001,AB,IT.01,FALLBACK_PENDING_LAYOUT_MISSING_DWELLING_COUNT,IMPUTED_CENSUS_SECTION_CONSTRUCTION_PERIOD,39dd676f35cbc8e708f347607f81d93a27b73a9ecc56d6cce71fd0905312e78a,ab631c6026e3f7cf5cfcff7c6a506eb84b6eeb62f1afa5703fc48ef0897e25fa,0,0,0,72334.998735,1207.3235,59.913518,40,hostname=speed-08.encs.concordia.ca / kernel=Linux 5.14.0-687.39.1.el9_8.x86_64,"EnergyPlus, Version 23.1.0-87ed9199d4, YMD=2026.08.31 01:06"
29417,IT.MidClim.AB.01.Gen.ReEx.001.001,AB,IT.01,DWELLING_LAYOUT_EMITTED_IMPUTED_COUNT,IMPUTED_CENSUS_SECTION_CONSTRUCTION_PERIOD,708f3cb9a677b932d6ba66fb296cda595993fb4e18cfb06704f3a6690d49ac6f,ab631c6026e3f7cf5cfcff7c6a506eb84b6eeb62f1afa5703fc48ef0897e25fa,1,35,1,,31767.0161,,5,hostname=magic-node-05.encs.concordia.ca / kernel=Linux 5.14.0-687.39.1.el9_8.x86_64,"EnergyPlus, Version 23.1.0-87ed9199d4, YMD=2026.08.31 01:07"
29425,IT.MidClim.AB.01.Gen.ReEx.001.001,AB,IT.01,FALLBACK_PENDING_LAYOUT_MISSING_DWELLING_COUNT,IMPUTED_CENSUS_SECTION_CONSTRUCTION_PERIOD,eccb6b4ca17cf2b80efd5f507984f8e207d7f9f0348f277e5efa87b8495194ba,ab631c6026e3f7cf5cfcff7c6a506eb84b6eeb62f1afa5703fc48ef0897e25fa,0,0,0,252193.945509,5571.6812,45.263528,2685,hostname=magic-node-05.encs.concordia.ca / kernel=Linux 5.14.0-687.39.1.el9_8.x86_64,"EnergyPlus, Version 23.1.0-87ed9199d4, YMD=2026.08.31 01:07"
29431,IT.MidClim.AB.01.Gen.ReEx.001.001,AB,IT.01,DWELLING_LAYOUT_EMITTED_IMPUTED_COUNT,IMPUTED_CENSUS_SECTION_CONSTRUCTION_PERIOD,aeee24aa15d4f1831644fce2e7fff309d130879587ab32584f7e834bbacdac0a,ab631c6026e3f7cf5cfcff7c6a506eb84b6eeb62f1afa5703fc48ef0897e25fa,1,14,1,,6684.879,,4,hostname=stellar.encs.concordia.ca / kernel=Linux 5.14.0-687.39.1.el9_8.x86_64,"EnergyPlus, Version 23.1.0-87ed9199d4, YMD=2026.08.31 01:07"
29437,IT.MidClim.AB.01.Gen.ReEx.001.001,AB,IT.01,FALLBACK_PENDING_LAYOUT_MISSING_DWELLING_COUNT,IMPUTED_CENSUS_SECTION_CONSTRUCTION_PERIOD,d4ca5c2c7ecc485ea01a1894753c3e292783e22614dd477cc764f93efd40ef40,ab631c6026e3f7cf5cfcff7c6a506eb84b6eeb62f1afa5703fc48ef0897e25fa,0,0,0,37987.700266,771.7655,49.221817,412,hostname=stellar.encs.concordia.ca / kernel=Linux 5.14.0-687.39.1.el9_8.x86_64,"EnergyPlus, Version 23.1.0-87ed9199d4, YMD=2026.08.31 01:07"
29439,IT.MidClim.MFH.01.Gen.ReEx.001.001,MFH,IT.01,DWELLING_LAYOUT_EMITTED_IMPUTED_COUNT,IMPUTED_CENSUS_SECTION_CONSTRUCTION_PERIOD,c3ac28b97aff33136331e0a02d721775c0507d0c0b587e81cea4b16320a41990,ab631c6026e3f7cf5cfcff7c6a506eb84b6eeb62f1afa5703fc48ef0897e25fa,0,0,0,54420.17338,814.4974,66.814422,225,hostname=speed-08.encs.concordia.ca / kernel=Linux 5.14.0-687.39.1.el9_8.x86_64,"EnergyPlus, Version 23.1.0-87ed9199d4, YMD=2026.08.31 01:07"
29443,IT.MidClim.AB.01.Gen.ReEx.001.001,AB,IT.01,FALLBACK_PENDING_LAYOUT_MISSING_DWELLING_COUNT,IMPUTED_CENSUS_SECTION_CONSTRUCTION_PERIOD,67ccd4511946378c815621548801ae33cd7383a97ef57b3ec7dc68ca78060c9c,ab631c6026e3f7cf5cfcff7c6a506eb84b6eeb62f1afa5703fc48ef0897e25fa,0,0,0,36328.732926,861.6558,42.161537,1088,hostname=magic-node-03.encs.concordia.ca / kernel=Linux 5.14.0-687.39.1.el9_8.x86_64,"EnergyPlus, Version 23.1.0-87ed9199d4, YMD=2026.08.31 01:07"
29444,IT.MidClim.AB.01.Gen.ReEx.001.001,AB,IT.01,FALLBACK_PENDING_LAYOUT_MISSING_DWELLING_COUNT,IMPUTED_CENSUS_SECTION_CONSTRUCTION_PERIOD,7dde5b494acc7f1f821a3bd18e4222cc1dd9fb0b5dca98b860cd8bf302bdd99d,ab631c6026e3f7cf5cfcff7c6a506eb84b6eeb62f1afa5703fc48ef0897e25fa,0,0,0,24073.744677,620.6614,38.787243,635,hostname=speed-35.encs.concordia.ca / kernel=Linux 5.14.0-687.39.1.el9_8.x86_64,"EnergyPlus, Version 23.1.0-87ed9199d4, YMD=2026.08.31 01:07"
29454,IT.MidClim.AB.01.Gen.ReEx.001.001,AB,IT.01,DWELLING_LAYOUT_EMITTED_IMPUTED_COUNT,IMPUTED_CENSUS_SECTION_CONSTRUCTION_PERIOD,2bc5ac53682e72dd5939708ae617c9f32a331ff207531d2e5ae2ee9413fd64a3,ab631c6026e3f7cf5cfcff7c6a506eb84b6eeb62f1afa5703fc48ef0897e25fa,0,1,0,1538935.828523,21185.5296,72.640895,3134,hostname=speed-09.encs.concordia.ca / kernel=Linux 5.14.0-687.39.1.el9_8.x86_64,"EnergyPlus, Version 23.1.0-87ed9199d4, YMD=2026.08.31 01:08"
29466,IT.MidClim.AB.01.Gen.ReEx.001.001,AB,IT.01,FALLBACK_PENDING_LAYOUT_MISSING_DWELLING_COUNT,IMPUTED_CENSUS_SECTION_CONSTRUCTION_PERIOD,2e5de30e87e9869ac9f79572394726a9d49b114328b4c8db82c75212285744d6,ab631c6026e3f7cf5cfcff7c6a506eb84b6eeb62f1afa5703fc48ef0897e25fa,0,0,0,47266.668533,882.523,53.558568,977,hostname=speed-08.encs.concordia.ca / kernel=Linux 5.14.0-687.39.1.el9_8.x86_64,"EnergyPlus, Version 23.1.0-87ed9199d4, YMD=2026.08.31 01:08"
29484,IT.MidClim.AB.01.Gen.ReEx.001.001,AB,IT.01,FALLBACK_PENDING_LAYOUT_MISSING_DWELLING_COUNT,IMPUTED_CENSUS_SECTION_CONSTRUCTION_PERIOD,70e8c1f345a42c103eb8fd85e3b686ad8d588ad3f2e89d483c8720f1a966368e,ab631c6026e3f7cf5cfcff7c6a506eb84b6eeb62f1afa5703fc48ef0897e25fa,0,0,0,38677.310905,866.458,44.638414,1016,hostname=speed-15.encs.concordia.ca / kernel=Linux 5.14.0-687.39.1.el9_8.x86_64,"EnergyPlus, Version 23.1.0-87ed9199d4, YMD=2026.08.31 01:08"
29485,IT.MidClim.AB.01.Gen.ReEx.001.001,AB,IT.01,FALLBACK_PENDING_LAYOUT_MISSING_DWELLING_COUNT,IMPUTED_CENSUS_SECTION_CONSTRUCTION_PERIOD,214b0b8f2cce4157dfbdbabcbce439ee694956e969a375312c50c9d05d2b51f5,ab631c6026e3f7cf5cfcff7c6a506eb84b6eeb62f1afa5703fc48ef0897e25fa,0,0,0,113239.064313,2114.2159,53.560785,1807,hostname=speed-29.encs.concordia.ca / kernel=Linux 5.14.0-687.39.1.el9_8.x86_64,"EnergyPlus, Version 23.1.0-87ed9199d4, YMD=2026.08.31 01:08"
29490,IT.MidClim.MFH.01.Gen.ReEx.001.001,MFH,IT.01,DWELLING_LAYOUT_EMITTED_IMPUTED_COUNT,IMPUTED_CENSUS_SECTION_CONSTRUCTION_PERIOD,0db077ac1bb0638208d75031db0a83a05d65bab6e63ca4b44afe81b87399813a,ab631c6026e3f7cf5cfcff7c6a506eb84b6eeb62f1afa5703fc48ef0897e25fa,0,1,0,36161.39036,394.3776,91.692303,118,hostname=magic-node-10.encs.concordia.ca / kernel=Linux 5.14.0-687.39.1.el9_8.x86_64,"EnergyPlus, Version 23.1.0-87ed9199d4, YMD=2026.08.31 01:08"
29497,IT.MidClim.MFH.01.Gen.ReEx.001.001,MFH,IT.01,DWELLING_LAYOUT_EMITTED_IMPUTED_COUNT,IMPUTED_CENSUS_SECTION_CONSTRUCTION_PERIOD,068fadcfa148e55f1d5389646ab34916d1f27c0acfc34ff0576980453a365891,ab631c6026e3f7cf5cfcff7c6a506eb84b6eeb62f1afa5703fc48ef0897e25fa,0,0,0,26269.553999,565.9989,46.41273,1545,hostname=speed-32.encs.concordia.ca / kernel=Linux 5.14.0-687.39.1.el9_8.x86_64,"EnergyPlus, Version 23.1.0-87ed9199d4, YMD=2026.08.31 01:09"
29502,IT.MidClim.MFH.01.Gen.ReEx.001.001,MFH,IT.01,DWELLING_LAYOUT_EMITTED_IMPUTED_COUNT,IMPUTED_CENSUS_SECTION_CONSTRUCTION_PERIOD,1c6e902506a54a00ae476434e946a0e87d177583496dd35324f8f50c8b915620,ab631c6026e3f7cf5cfcff7c6a506eb84b6eeb62f1afa5703fc48ef0897e25fa,0,0,0,20461.584491,253.3879,80.752019,68,hostname=speed-11.encs.concordia.ca / kernel=Linux 5.14.0-687.39.1.el9_8.x86_64,"EnergyPlus, Version 23.1.0-87ed9199d4, YMD=2026.08.31 01:09"
29513,IT.MidClim.MFH.01.Gen.ReEx.001.001,MFH,IT.01,DWELLING_LAYOUT_EMITTED_IMPUTED_COUNT,IMPUTED_CENSUS_SECTION_CONSTRUCTION_PERIOD,c7b399f3ba0ffef56fc1b94ca1a15f61f29a7d8fd35fcc353a0535f3df610dcc,ab631c6026e3f7cf5cfcff7c6a506eb84b6eeb62f1afa5703fc48ef0897e25fa,1,3,1,,155.6475,,2,hostname=speed-32.encs.concordia.ca / kernel=Linux 5.14.0-687.39.1.el9_8.x86_64,"EnergyPlus, Version 23.1.0-87ed9199d4, YMD=2026.08.31 01:10"
29523,IT.MidClim.AB.01.Gen.ReEx.001.001,AB,IT.01,FALLBACK_PENDING_LAYOUT_MISSING_DWELLING_COUNT,IMPUTED_CENSUS_SECTION_CONSTRUCTION_PERIOD,352cf63232f55ae032b9dd85375c83174c35146af92ac5a78800e6a28f9980d8,ab631c6026e3f7cf5cfcff7c6a506eb84b6eeb62f1afa5703fc48ef0897e25fa,0,0,0,,770.65,,7211,hostname=magic-node-10.encs.concordia.ca / kernel=Linux 5.14.0-687.39.1.el9_8.x86_64,"EnergyPlus, Version 23.1.0-87ed9199d4, YMD=2026.08.31 01:10"
29530,IT.MidClim.AB.01.Gen.ReEx.001.001,AB,IT.01,FALLBACK_PENDING_LAYOUT_MISSING_DWELLING_COUNT,IMPUTED_CENSUS_SECTION_CONSTRUCTION_PERIOD,ab994589be241fbf7506954db4816472a109d1011215a7a47274745529b59db4,ab631c6026e3f7cf5cfcff7c6a506eb84b6eeb62f1afa5703fc48ef0897e25fa,0,0,0,115421.286824,2360.2597,48.901944,3534,hostname=speed-32.encs.concordia.ca / kernel=Linux 5.14.0-687.39.1.el9_8.x86_64,"EnergyPlus, Version 23.1.0-87ed9199d4, YMD=2026.08.31 01:10"
29559,IT.MidClim.MFH.01.Gen.ReEx.001.001,MFH,IT.01,DWELLING_LAYOUT_EMITTED_IMPUTED_COUNT,IMPUTED_CENSUS_SECTION_CONSTRUCTION_PERIOD,3d6bb619ffb034c5e1ca527cbbcd0e01593385604d754ec97465f228f402d05d,ab631c6026e3f7cf5cfcff7c6a506eb84b6eeb62f1afa5703fc48ef0897e25fa,1,21,1,,286.6814,,4,hostname=magic-node-08.encs.concordia.ca / kernel=Linux 5.14.0-687.39.1.el9_8.x86_64,"EnergyPlus, Version 23.1.0-87ed9199d4, YMD=2026.08.31 01:10"
29582,IT.MidClim.AB.05.Gen.ReEx.001.001,AB,IT.05,DWELLING_LAYOUT_EMITTED_IMPUTED_COUNT,IMPUTED_CENSUS_SECTION_CONSTRUCTION_PERIOD,3b28d706e9ea2cadedfed09f7070cbdc0d229afe7b1f9b605b7ac3c413f29f7d,ab631c6026e3f7cf5cfcff7c6a506eb84b6eeb62f1afa5703fc48ef0897e25fa,0,0,0,27003.883851,388.9056,69.435575,115,hostname=speed-34.encs.concordia.ca / kernel=Linux 5.14.0-687.39.1.el9_8.x86_64,"EnergyPlus, Version 23.1.0-87ed9199d4, YMD=2026.08.31 01:10"
29583,IT.MidClim.AB.01.Gen.ReEx.001.001,AB,IT.01,FALLBACK_PENDING_LAYOUT_MISSING_DWELLING_COUNT,IMPUTED_CENSUS_SECTION_CONSTRUCTION_PERIOD,165612e59a0b44713f5eb6bb84a9c90c6ee8b194e1c05b5a25306f960112a9b9,ab631c6026e3f7cf5cfcff7c6a506eb84b6eeb62f1afa5703fc48ef0897e25fa,0,0,0,92027.997358,2287.3122,40.234122,354,hostname=magic-node-08.encs.concordia.ca / kernel=Linux 5.14.0-687.39.1.el9_8.x86_64,"EnergyPlus, Version 23.1.0-87ed9199d4, YMD=2026.08.31 01:10"
29587,IT.MidClim.AB.01.Gen.ReEx.001.001,AB,IT.01,FALLBACK_PENDING_LAYOUT_MISSING_DWELLING_COUNT,IMPUTED_CENSUS_SECTION_CONSTRUCTION_PERIOD,94bb22a7e0feb2aa6df089113e3b73a8d4001da4c1e4b639931cded708837bcf,ab631c6026e3f7cf5cfcff7c6a506eb84b6eeb62f1afa5703fc48ef0897e25fa,0,0,0,107465.256486,2058.75,52.199275,681,hostname=speed-34.encs.concordia.ca / kernel=Linux 5.14.0-687.39.1.el9_8.x86_64,"EnergyPlus, Version 23.1.0-87ed9199d4, YMD=2026.08.31 01:10"
29589,IT.MidClim.MFH.01.Gen.ReEx.001.001,MFH,IT.01,DWELLING_LAYOUT_EMITTED_IMPUTED_COUNT,IMPUTED_CENSUS_SECTION_CONSTRUCTION_PERIOD,ae8ed6fe25b680949c9ab67f563ce6831a48a7cf702ecc63567e2a499de9d1c4,ab631c6026e3f7cf5cfcff7c6a506eb84b6eeb62f1afa5703fc48ef0897e25fa,0,0,0,24181.446818,320.6888,75.404713,1803,hostname=speed-08.encs.concordia.ca / kernel=Linux 5.14.0-687.39.1.el9_8.x86_64,"EnergyPlus, Version 23.1.0-87ed9199d4, YMD=2026.08.31 01:11"
29600,IT.MidClim.AB.05.Gen.ReEx.001.001,AB,IT.05,DWELLING_LAYOUT_EMITTED_IMPUTED_COUNT,IMPUTED_CENSUS_SECTION_CONSTRUCTION_PERIOD,3e169033545eb7d042bb77a2944dd3acd96ea0a3f1182f503a7123044d5a7eb0,ab631c6026e3f7cf5cfcff7c6a506eb84b6eeb62f1afa5703fc48ef0897e25fa,0,0,0,173968.372643,4010.0526,43.383065,567,hostname=speed-29.encs.concordia.ca / kernel=Linux 5.14.0-687.39.1.el9_8.x86_64,"EnergyPlus, Version 23.1.0-87ed9199d4, YMD=2026.08.31 01:11"
29603,IT.MidClim.MFH.01.Gen.ReEx.001.001,MFH,IT.01,DWELLING_LAYOUT_EMITTED_IMPUTED_COUNT,IMPUTED_CENSUS_SECTION_CONSTRUCTION_PERIOD,5c2738de7d459e4367b03640f99bbfcc103e5bb86057a7fc10d3169f9acd7e16,ab631c6026e3f7cf5cfcff7c6a506eb84b6eeb62f1afa5703fc48ef0897e25fa,1,2,1,,112.2171,,2,hostname=speed-11.encs.concordia.ca / kernel=Linux 5.14.0-687.39.1.el9_8.x86_64,"EnergyPlus, Version 23.1.0-87ed9199d4, YMD=2026.08.31 01:11"
29605,IT.MidClim.AB.05.Gen.ReEx.001.001,AB,IT.05,FALLBACK_PENDING_LAYOUT_MISSING_DWELLING_COUNT,IMPUTED_CENSUS_SECTION_CONSTRUCTION_PERIOD,162cb7264a6dc303dee5ce3beffd5abf9ce8ac0f1b0f7a49bea0544d71a586ac,ab631c6026e3f7cf5cfcff7c6a506eb84b6eeb62f1afa5703fc48ef0897e25fa,0,0,0,129506.892272,3226.1335,40.143067,2741,hostname=speed-11.encs.concordia.ca / kernel=Linux 5.14.0-687.39.1.el9_8.x86_64,"EnergyPlus, Version 23.1.0-87ed9199d4, YMD=2026.08.31 01:11"
29606,IT.MidClim.AB.01.Gen.ReEx.001.001,AB,IT.01,FALLBACK_PENDING_LAYOUT_MISSING_DWELLING_COUNT,IMPUTED_CENSUS_SECTION_CONSTRUCTION_PERIOD,af90c6c0605fb1155cafdce517cdc39e9e5ed220b5fe476720d8b4153bfc2265,ab631c6026e3f7cf5cfcff7c6a506eb84b6eeb62f1afa5703fc48ef0897e25fa,0,0,0,49406.3268,921.0309,53.64242,5456,hostname=speed-09.encs.concordia.ca / kernel=Linux 5.14.0-687.39.1.el9_8.x86_64,"EnergyPlus, Version 23.1.0-87ed9199d4, YMD=2026.08.31 01:11"
29610,IT.MidClim.MFH.01.Gen.ReEx.001.001,MFH,IT.01,DWELLING_LAYOUT_EMITTED_IMPUTED_COUNT,IMPUTED_CENSUS_SECTION_CONSTRUCTION_PERIOD,12e788767072c2ced8210a39e836c0f46e22bbc53917d064aaaca2ce3f280fd3,ab631c6026e3f7cf5cfcff7c6a506eb84b6eeb62f1afa5703fc48ef0897e25fa,0,0,0,7839.814702,60.1231,130.396049,11,hostname=speed-34.encs.concordia.ca / kernel=Linux 5.14.0-687.39.1.el9_8.x86_64,"EnergyPlus, Version 23.1.0-87ed9199d4, YMD=2026.08.31 01:16"
29618,IT.MidClim.AB.01.Gen.ReEx.001.001,AB,IT.01,FALLBACK_PENDING_LAYOUT_MISSING_DWELLING_COUNT,IMPUTED_CENSUS_SECTION_CONSTRUCTION_PERIOD,e60cb545c3624c4741c7188dc1ec6fc39fc84aedfed710fb5046f95d4320c63b,ab631c6026e3f7cf5cfcff7c6a506eb84b6eeb62f1afa5703fc48ef0897e25fa,0,0,0,146032.487964,2800.653,52.1423,650,hostname=speed-34.encs.concordia.ca / kernel=Linux 5.14.0-687.39.1.el9_8.x86_64,"EnergyPlus, Version 23.1.0-87ed9199d4, YMD=2026.08.31 01:16"
29620,IT.MidClim.AB.01.Gen.ReEx.001.001,AB,IT.01,FALLBACK_PENDING_LAYOUT_MISSING_DWELLING_COUNT,IMPUTED_CENSUS_SECTION_CONSTRUCTION_PERIOD,fe68724ab2727fe1712633b0bdc5907aa064814ec4d2329d4be12a20b1d0fb7e,ab631c6026e3f7cf5cfcff7c6a506eb84b6eeb62f1afa5703fc48ef0897e25fa,0,0,0,48655.036571,936.8975,51.932081,409,hostname=magic-node-08.encs.concordia.ca / kernel=Linux 5.14.0-687.39.1.el9_8.x86_64,"EnergyPlus, Version 23.1.0-87ed9199d4, YMD=2026.08.31 01:16"
29629,IT.MidClim.AB.01.Gen.ReEx.001.001,AB,IT.01,FALLBACK_PENDING_LAYOUT_MISSING_DWELLING_COUNT,IMPUTED_CENSUS_SECTION_CONSTRUCTION_PERIOD,4bbd5c889e7905ece275d49fd9679e9bfbe72577a3b8b32789d083f1f4cd4b90,ab631c6026e3f7cf5cfcff7c6a506eb84b6eeb62f1afa5703fc48ef0897e25fa,0,0,0,91770.094712,2063.205,44.479388,171,hostname=speed-35.encs.concordia.ca / kernel=Linux 5.14.0-687.39.1.el9_8.x86_64,"EnergyPlus, Version 23.1.0-87ed9199d4, YMD=2026.08.31 01:16"
29633,IT.MidClim.MFH.01.Gen.ReEx.001.001,MFH,IT.01,DWELLING_LAYOUT_EMITTED_IMPUTED_COUNT,IMPUTED_CENSUS_SECTION_CONSTRUCTION_PERIOD,a3beeb46fafb24da3f65d7749fb633d893a890e2b65ac64d73d550bd7a9cc8f9,ab631c6026e3f7cf5cfcff7c6a506eb84b6eeb62f1afa5703fc48ef0897e25fa,1,12,1,,443.6386,,3,hostname=stellar.encs.concordia.ca / kernel=Linux 5.14.0-687.39.1.el9_8.x86_64,"EnergyPlus, Version 23.1.0-87ed9199d4, YMD=2026.08.31 01:17"
29634,IT.MidClim.MFH.01.Gen.ReEx.001.001,MFH,IT.01,DWELLING_LAYOUT_EMITTED_IMPUTED_COUNT,IMPUTED_CENSUS_SECTION_CONSTRUCTION_PERIOD,e3f158dbd94b638c4415d25e76856b68bdb9fa9d8a92c6e3bbfdd7cdb32aeff3,ab631c6026e3f7cf5cfcff7c6a506eb84b6eeb62f1afa5703fc48ef0897e25fa,0,1,0,21061.655385,239.505,87.93827,487,hostname=stellar.encs.concordia.ca / kernel=Linux 5.14.0-687.39.1.el9_8.x86_64,"EnergyPlus, Version 23.1.0-87ed9199d4, YMD=2026.08.31 01:17"
29638,IT.MidClim.MFH.01.Gen.ReEx.001.001,MFH,IT.01,DWELLING_LAYOUT_EMITTED_IMPUTED_COUNT,IMPUTED_CENSUS_SECTION_CONSTRUCTION_PERIOD,0cc877e16c67ac660a9937ae2aec69c7bf337a68c1a70654f0e42dc5f48c352e,ab631c6026e3f7cf5cfcff7c6a506eb84b6eeb62f1afa5703fc48ef0897e25fa,0,0,0,109924.035589,1824.7193,60.241614,321,hostname=speed-35.encs.concordia.ca / kernel=Linux 5.14.0-687.39.1.el9_8.x86_64,"EnergyPlus, Version 23.1.0-87ed9199d4, YMD=2026.08.31 01:18"
29643,IT.MidClim.AB.01.Gen.ReEx.001.001,AB,IT.01,FALLBACK_PENDING_LAYOUT_MISSING_DWELLING_COUNT,IMPUTED_CENSUS_SECTION_CONSTRUCTION_PERIOD,22c853d046d37f494a606e8b68f6a29aedae548361e2f387ac84e1483aa58e07,ab631c6026e3f7cf5cfcff7c6a506eb84b6eeb62f1afa5703fc48ef0897e25fa,0,0,0,66334.75196,1337.7963,49.585092,335,hostname=speed-35.encs.concordia.ca / kernel=Linux 5.14.0-687.39.1.el9_8.x86_64,"EnergyPlus, Version 23.1.0-87ed9199d4, YMD=2026.08.31 01:19"
29647,IT.MidClim.AB.01.Gen.ReEx.001.001,AB,IT.01,FALLBACK_PENDING_LAYOUT_MISSING_DWELLING_COUNT,IMPUTED_CENSUS_SECTION_CONSTRUCTION_PERIOD,c14cbc48f55866e7bc96cc4e721ef4f631e86ed0b1ed4b5e2437a68cca28804a,ab631c6026e3f7cf5cfcff7c6a506eb84b6eeb62f1afa5703fc48ef0897e25fa,0,0,0,277069.378467,6304.1077,43.95061,199,hostname=speed-36.encs.concordia.ca / kernel=Linux 5.14.0-687.39.1.el9_8.x86_64,"EnergyPlus, Version 23.1.0-87ed9199d4, YMD=2026.08.31 01:19"
29659,IT.MidClim.AB.01.Gen.ReEx.001.001,AB,IT.01,FALLBACK_PENDING_LAYOUT_MISSING_DWELLING_COUNT,IMPUTED_CENSUS_SECTION_CONSTRUCTION_PERIOD,3a4fefaeb73b09564552be041cee5cb86364bcb2894c60e6f3f46d910056910f,ab631c6026e3f7cf5cfcff7c6a506eb84b6eeb62f1afa5703fc48ef0897e25fa,0,0,0,192249.579369,4266.4497,45.060787,948,hostname=speed-29.encs.concordia.ca / kernel=Linux 5.14.0-687.39.1.el9_8.x86_64,"EnergyPlus, Version 23.1.0-87ed9199d4, YMD=2026.08.31 01:20"
29661,IT.MidClim.AB.01.Gen.ReEx.001.001,AB,IT.01,DWELLING_LAYOUT_EMITTED_IMPUTED_COUNT,IMPUTED_CENSUS_SECTION_CONSTRUCTION_PERIOD,9ebb8a0f4d48df0257e4b4f1ade4eee70500811892ff3ad8c3bcfe4f66b34cef,ab631c6026e3f7cf5cfcff7c6a506eb84b6eeb62f1afa5703fc48ef0897e25fa,1,10,1,,489.7316,,2,hostname=speed-34.encs.concordia.ca / kernel=Linux 5.14.0-687.39.1.el9_8.x86_64,"EnergyPlus, Version 23.1.0-87ed9199d4, YMD=2026.08.31 01:27"
29665,IT.MidClim.MFH.01.Gen.ReEx.001.001,MFH,IT.01,DWELLING_LAYOUT_EMITTED_IMPUTED_COUNT,IMPUTED_CENSUS_SECTION_CONSTRUCTION_PERIOD,caca36d7eabe2987ff5367b2c159bb7d8f2a842c2906c1bd8bfaa167a6f45266,ab631c6026e3f7cf5cfcff7c6a506eb84b6eeb62f1afa5703fc48ef0897e25fa,1,4,1,,422.7217,,2,hostname=speed-34.encs.concordia.ca / kernel=Linux 5.14.0-687.39.1.el9_8.x86_64,"EnergyPlus, Version 23.1.0-87ed9199d4, YMD=2026.08.31 01:27"
29680,IT.MidClim.TH.01.Gen.ReEx.001.001,TH,IT.01,DWELLING_LAYOUT_EMITTED_IMPUTED_COUNT,IMPUTED_CENSUS_SECTION_CONSTRUCTION_PERIOD,1bac954311048abffdcd23a49e242c16447d29828a7de3bff30df94214fb2d43,ab631c6026e3f7cf5cfcff7c6a506eb84b6eeb62f1afa5703fc48ef0897e25fa,0,0,0,6216.567898,28.1051,221.190029,696,hostname=speed-34.encs.concordia.ca / kernel=Linux 5.14.0-687.39.1.el9_8.x86_64,"EnergyPlus, Version 23.1.0-87ed9199d4, YMD=2026.08.31 01:27"
29684,IT.MidClim.MFH.01.Gen.ReEx.001.001,MFH,IT.01,DWELLING_LAYOUT_EMITTED_IMPUTED_COUNT,IMPUTED_CENSUS_SECTION_CONSTRUCTION_PERIOD,5a0f456070c69619e209faf1e484898e2cd15dcca2ec2b89a0b876e1a1a036e7,ab631c6026e3f7cf5cfcff7c6a506eb84b6eeb62f1afa5703fc48ef0897e25fa,0,0,0,32927.475342,478.4508,68.821027,3142,hostname=wolsey.encs.concordia.ca / kernel=Linux 5.14.0-687.39.1.el9_8.x86_64,"EnergyPlus, Version 23.1.0-87ed9199d4, YMD=2026.08.31 01:28"
29685,IT.MidClim.AB.05.Gen.ReEx.001.001,AB,IT.05,FALLBACK_PENDING_LAYOUT_MISSING_DWELLING_COUNT,IMPUTED_CENSUS_SECTION_CONSTRUCTION_PERIOD,295439ec6351ccca402c618d1d073af84b6cbdeee8643b82c40de7ce107f4b16,ab631c6026e3f7cf5cfcff7c6a506eb84b6eeb62f1afa5703fc48ef0897e25fa,0,0,0,272376.433726,7160.3474,38.039556,7129,hostname=magic-node-08.encs.concordia.ca / kernel=Linux 5.14.0-687.39.1.el9_8.x86_64,"EnergyPlus, Version 23.1.0-87ed9199d4, YMD=2026.08.31 01:28"
29688,IT.MidClim.AB.01.Gen.ReEx.001.001,AB,IT.01,DWELLING_LAYOUT_EMITTED_IMPUTED_COUNT,IMPUTED_CENSUS_SECTION_CONSTRUCTION_PERIOD,4c2a965afe71ddf7ac7d611ce41600c0c7070eeb78e9189d4d656f2e81d09239,ab631c6026e3f7cf5cfcff7c6a506eb84b6eeb62f1afa5703fc48ef0897e25fa,0,0,0,,200.9027,,7213,hostname=magic-node-02.encs.concordia.ca / kernel=Linux 5.14.0-687.39.1.el9_8.x86_64,"EnergyPlus, Version 23.1.0-87ed9199d4, YMD=2026.08.31 01:29"
29694,IT.MidClim.AB.01.Gen.ReEx.001.001,AB,IT.01,FALLBACK_PENDING_LAYOUT_MISSING_DWELLING_COUNT,IMPUTED_CENSUS_SECTION_CONSTRUCTION_PERIOD,8d8a4a564a3d7d6286c4cf3f6324c8764719a84f97d8ca77f401f697a64597af,ab631c6026e3f7cf5cfcff7c6a506eb84b6eeb62f1afa5703fc48ef0897e25fa,0,0,0,177786.974985,3590.2488,49.519402,847,hostname=stellar.encs.concordia.ca / kernel=Linux 5.14.0-687.39.1.el9_8.x86_64,"EnergyPlus, Version 23.1.0-87ed9199d4, YMD=2026.08.31 01:30"
29695,IT.MidClim.AB.01.Gen.ReEx.001.001,AB,IT.01,FALLBACK_PENDING_LAYOUT_MISSING_DWELLING_COUNT,IMPUTED_CENSUS_SECTION_CONSTRUCTION_PERIOD,bc5e9e6290d1a02be3fce6635c40852ee82ece07c7f416c37f0cdc902621bc21,ab631c6026e3f7cf5cfcff7c6a506eb84b6eeb62f1afa5703fc48ef0897e25fa,0,0,0,91668.580069,1975.3471,46.406315,137,hostname=magic-node-06.encs.concordia.ca / kernel=Linux 5.14.0-687.39.1.el9_8.x86_64,"EnergyPlus, Version 23.1.0-87ed9199d4, YMD=2026.08.31 01:30"
29701,IT.MidClim.AB.01.Gen.ReEx.001.001,AB,IT.01,FALLBACK_PENDING_LAYOUT_MISSING_DWELLING_COUNT,IMPUTED_CENSUS_SECTION_CONSTRUCTION_PERIOD,54162b89f9fe9f09a78cbc7be1fc0c5213ff04c8e65778db1b62a5b3fc896734,ab631c6026e3f7cf5cfcff7c6a506eb84b6eeb62f1afa5703fc48ef0897e25fa,0,0,0,93874.727408,2146.6762,43.730269,2010,hostname=speed-36.encs.concordia.ca / kernel=Linux 5.14.0-687.39.1.el9_8.x86_64,"EnergyPlus, Version 23.1.0-87ed9199d4, YMD=2026.08.31 01:36"
29702,IT.MidClim.AB.01.Gen.ReEx.001.001,AB,IT.01,FALLBACK_PENDING_LAYOUT_MISSING_DWELLING_COUNT,IMPUTED_CENSUS_SECTION_CONSTRUCTION_PERIOD,43944643d868ecd48364f0209d24ed7432d551ec35a94c168fb7c49af76caf28,ab631c6026e3f7cf5cfcff7c6a506eb84b6eeb62f1afa5703fc48ef0897e25fa,0,0,0,136764.85591,2623.7526,52.125668,926,hostname=magic-node-09.encs.concordia.ca / kernel=Linux 5.14.0-687.39.1.el9_8.x86_64,"EnergyPlus, Version 23.1.0-87ed9199d4, YMD=2026.08.31 01:38"
29706,IT.MidClim.AB.01.Gen.ReEx.001.001,AB,IT.01,DWELLING_LAYOUT_EMITTED_IMPUTED_COUNT,IMPUTED_CENSUS_SECTION_CONSTRUCTION_PERIOD,6a73195a249f7b4124f0b44c14a1ceb6ce26550bfca8ee04e33035c6031ff48a,ab631c6026e3f7cf5cfcff7c6a506eb84b6eeb62f1afa5703fc48ef0897e25fa,0,1,0,188157.760101,2011.5549,93.538466,795,hostname=speed-29.encs.concordia.ca / kernel=Linux 5.14.0-687.39.1.el9_8.x86_64,"EnergyPlus, Version 23.1.0-87ed9199d4, YMD=2026.08.31 01:38"
29718,IT.MidClim.AB.01.Gen.ReEx.001.001,AB,IT.01,FALLBACK_PENDING_LAYOUT_MISSING_DWELLING_COUNT,IMPUTED_CENSUS_SECTION_CONSTRUCTION_PERIOD,5261be683938d81c9550845551795da542b1eab7e007e141b4fcee4c49d753b5,ab631c6026e3f7cf5cfcff7c6a506eb84b6eeb62f1afa5703fc48ef0897e25fa,0,0,0,47443.64963,1419.327,33.426863,95,hostname=speed-34.encs.concordia.ca / kernel=Linux 5.14.0-687.39.1.el9_8.x86_64,"EnergyPlus, Version 23.1.0-87ed9199d4, YMD=2026.08.31 01:39"
29719,IT.MidClim.AB.01.Gen.ReEx.001.001,AB,IT.01,FALLBACK_PENDING_LAYOUT_MISSING_DWELLING_COUNT,IMPUTED_CENSUS_SECTION_CONSTRUCTION_PERIOD,64720b261d99b8076e27a47339da208c95ef97b59fd103db5c7760c15b31f601,ab631c6026e3f7cf5cfcff7c6a506eb84b6eeb62f1afa5703fc48ef0897e25fa,0,0,0,110431.160937,1981.6677,55.726377,1767,hostname=speed-35.encs.concordia.ca / kernel=Linux 5.14.0-687.39.1.el9_8.x86_64,"EnergyPlus, Version 23.1.0-87ed9199d4, YMD=2026.08.31 01:39"
29726,IT.MidClim.MFH.01.Gen.ReEx.001.001,MFH,IT.01,DWELLING_LAYOUT_EMITTED_IMPUTED_COUNT,IMPUTED_CENSUS_SECTION_CONSTRUCTION_PERIOD,c7d29570714af1014b1fdb23120358b98afd6c115868a1cb4c5b199f118804bf,ab631c6026e3f7cf5cfcff7c6a506eb84b6eeb62f1afa5703fc48ef0897e25fa,0,0,0,14976.372563,276.6502,54.134689,2526,hostname=speed-34.encs.concordia.ca / kernel=Linux 5.14.0-687.39.1.el9_8.x86_64,"EnergyPlus, Version 23.1.0-87ed9199d4, YMD=2026.08.31 01:39"
29727,IT.MidClim.MFH.01.Gen.ReEx.001.001,MFH,IT.01,DWELLING_LAYOUT_EMITTED_IMPUTED_COUNT,IMPUTED_CENSUS_SECTION_CONSTRUCTION_PERIOD,f450a6acc070abe1b4ca7567d11fcb65f4b28fd169a341d0b45bfa3c0f868fc3,ab631c6026e3f7cf5cfcff7c6a506eb84b6eeb62f1afa5703fc48ef0897e25fa,1,11,1,,112.4236,,2,hostname=speed-34.encs.concordia.ca / kernel=Linux 5.14.0-687.39.1.el9_8.x86_64,"EnergyPlus, Version 23.1.0-87ed9199d4, YMD=2026.08.31 01:40"
29735,IT.MidClim.AB.01.Gen.ReEx.001.001,AB,IT.01,FALLBACK_PENDING_LAYOUT_MISSING_DWELLING_COUNT,IMPUTED_CENSUS_SECTION_CONSTRUCTION_PERIOD,1d1831397ab7cabffb2abf10191e618624ea8d53761e3e70f140b18b721bd534,ab631c6026e3f7cf5cfcff7c6a506eb84b6eeb62f1afa5703fc48ef0897e25fa,0,0,0,94392.972725,1765.5431,53.463987,333,hostname=speed-34.encs.concordia.ca / kernel=Linux 5.14.0-687.39.1.el9_8.x86_64,"EnergyPlus, Version 23.1.0-87ed9199d4, YMD=2026.08.31 01:40"
29737,IT.MidClim.AB.01.Gen.ReEx.001.001,AB,IT.01,FALLBACK_PENDING_LAYOUT_MISSING_DWELLING_COUNT,IMPUTED_CENSUS_SECTION_CONSTRUCTION_PERIOD,f68c380cdbde9f262062746c19a0e695b535997b65efdb9cb99d3aeb1c9d7692,ab631c6026e3f7cf5cfcff7c6a506eb84b6eeb62f1afa5703fc48ef0897e25fa,0,0,0,148937.990246,3108.8447,47.907826,395,hostname=speed-08.encs.concordia.ca / kernel=Linux 5.14.0-687.39.1.el9_8.x86_64,"EnergyPlus, Version 23.1.0-87ed9199d4, YMD=2026.08.31 01:41"
29745,IT.MidClim.MFH.01.Gen.ReEx.001.001,MFH,IT.01,DWELLING_LAYOUT_EMITTED_IMPUTED_COUNT,IMPUTED_CENSUS_SECTION_CONSTRUCTION_PERIOD,1ef5103952e1a3919d2af88d6b53d6bb3bbce1a4dd96eba1afb0be85c49c0cc4,ab631c6026e3f7cf5cfcff7c6a506eb84b6eeb62f1afa5703fc48ef0897e25fa,0,0,0,57845.106585,892.2118,64.83338,171,hostname=magic-node-06.encs.concordia.ca / kernel=Linux 5.14.0-687.39.1.el9_8.x86_64,"EnergyPlus, Version 23.1.0-87ed9199d4, YMD=2026.08.31 01:46"
29765,IT.MidClim.MFH.01.Gen.ReEx.001.001,MFH,IT.01,DWELLING_LAYOUT_EMITTED_IMPUTED_COUNT,IMPUTED_CENSUS_SECTION_CONSTRUCTION_PERIOD,7fceb1deab04654ff2ff65b81df95e5235210aeeeed5600b86cfa0f2ca3dba11,ab631c6026e3f7cf5cfcff7c6a506eb84b6eeb62f1afa5703fc48ef0897e25fa,0,0,0,17511.345266,354.5347,49.392472,2986,hostname=speed-43.encs.concordia.ca / kernel=Linux 5.14.0-687.39.1.el9_8.x86_64,"EnergyPlus, Version 23.1.0-87ed9199d4, YMD=2026.08.31 01:47"
29770,IT.MidClim.AB.01.Gen.ReEx.001.001,AB,IT.01,DWELLING_LAYOUT_EMITTED_IMPUTED_COUNT,IMPUTED_CENSUS_SECTION_CONSTRUCTION_PERIOD,98583642dfbeaab044b8b119f8394838c5410f033e601af77f2172773421a9ba,ab631c6026e3f7cf5cfcff7c6a506eb84b6eeb62f1afa5703fc48ef0897e25fa,0,0,0,88678.542465,1366.2894,64.904655,367,hostname=speed-08.encs.concordia.ca / kernel=Linux 5.14.0-687.39.1.el9_8.x86_64,"EnergyPlus, Version 23.1.0-87ed9199d4, YMD=2026.08.31 01:48"
29777,IT.MidClim.AB.01.Gen.ReEx.001.001,AB,IT.01,DWELLING_LAYOUT_EMITTED_IMPUTED_COUNT,IMPUTED_CENSUS_SECTION_CONSTRUCTION_PERIOD,61343d3dacfae15ddfbcc7990b3309147328c6c223956669e24bd57aafc766ea,ab631c6026e3f7cf5cfcff7c6a506eb84b6eeb62f1afa5703fc48ef0897e25fa,0,0,0,26064.764303,474.0509,54.98305,2371,hostname=speed-08.encs.concordia.ca / kernel=Linux 5.14.0-687.39.1.el9_8.x86_64,"EnergyPlus, Version 23.1.0-87ed9199d4, YMD=2026.08.31 01:48"
29782,IT.MidClim.AB.01.Gen.ReEx.001.001,AB,IT.01,FALLBACK_PENDING_LAYOUT_MISSING_DWELLING_COUNT,IMPUTED_CENSUS_SECTION_CONSTRUCTION_PERIOD,6085cb6509d399432d95c0c8864f71eaa82ac20b951dffd6857e31caac9aa9ce,ab631c6026e3f7cf5cfcff7c6a506eb84b6eeb62f1afa5703fc48ef0897e25fa,0,0,0,50749.281512,1075.7963,47.17369,1037,hostname=speed-30.encs.concordia.ca / kernel=Linux 5.14.0-687.39.1.el9_8.x86_64,"EnergyPlus, Version 23.1.0-87ed9199d4, YMD=2026.08.31 01:49"
29788,IT.MidClim.AB.01.Gen.ReEx.001.001,AB,IT.01,FALLBACK_PENDING_LAYOUT_MISSING_DWELLING_COUNT,IMPUTED_CENSUS_SECTION_CONSTRUCTION_PERIOD,22c4968da4067d209bec87b6f5e84502a3a0e8e9c7e35d29eee8f8752f21fb08,ab631c6026e3f7cf5cfcff7c6a506eb84b6eeb62f1afa5703fc48ef0897e25fa,0,0,0,61657.688372,1224.9658,50.334212,70,hostname=magic-node-06.encs.concordia.ca / kernel=Linux 5.14.0-687.39.1.el9_8.x86_64,"EnergyPlus, Version 23.1.0-87ed9199d4, YMD=2026.08.31 01:49"
29793,IT.MidClim.AB.01.Gen.ReEx.001.001,AB,IT.01,DWELLING_LAYOUT_EMITTED_IMPUTED_COUNT,IMPUTED_CENSUS_SECTION_CONSTRUCTION_PERIOD,071f75d87a5439fb55963491f8272bf526da6499d559de53ca0f7348ba97a802,ab631c6026e3f7cf5cfcff7c6a506eb84b6eeb62f1afa5703fc48ef0897e25fa,0,1,0,640567.536967,13020.9633,49.195096,1197,hostname=speed-43.encs.concordia.ca / kernel=Linux 5.14.0-687.39.1.el9_8.x86_64,"EnergyPlus, Version 23.1.0-87ed9199d4, YMD=2026.08.31 01:50"
29801,IT.MidClim.AB.01.Gen.ReEx.001.001,AB,IT.01,FALLBACK_PENDING_LAYOUT_MISSING_DWELLING_COUNT,IMPUTED_CENSUS_SECTION_CONSTRUCTION_PERIOD,67a7089a502e2b2cbabb10152b218faff5510d8af703eba946d340c2ac502a6a,ab631c6026e3f7cf5cfcff7c6a506eb84b6eeb62f1afa5703fc48ef0897e25fa,0,0,0,208771.644835,4492.2584,46.47365,217,hostname=magic-node-06.encs.concordia.ca / kernel=Linux 5.14.0-687.39.1.el9_8.x86_64,"EnergyPlus, Version 23.1.0-87ed9199d4, YMD=2026.08.31 01:50"
29803,IT.MidClim.SFH.01.Gen.ReEx.001.001,SFH,IT.01,DWELLING_LAYOUT_EMITTED_IMPUTED_COUNT,IMPUTED_CENSUS_SECTION_CONSTRUCTION_PERIOD,3d5fc82023f6f7ad19c7cd4fee2bb687b1e6bb8934252bd51c489098f0bd9d6b,ab631c6026e3f7cf5cfcff7c6a506eb84b6eeb62f1afa5703fc48ef0897e25fa,0,0,0,6900.829701,26.0805,264.597293,882,hostname=speed-15.encs.concordia.ca / kernel=Linux 5.14.0-687.39.1.el9_8.x86_64,"EnergyPlus, Version 23.1.0-87ed9199d4, YMD=2026.08.31 01:50"
29807,IT.MidClim.AB.01.Gen.ReEx.001.001,AB,IT.01,FALLBACK_PENDING_LAYOUT_MISSING_DWELLING_COUNT,IMPUTED_CENSUS_SECTION_CONSTRUCTION_PERIOD,3b3fad2845d6aa632ff0244fff7bd9028dfbb980956d925b365b71bd76745b36,ab631c6026e3f7cf5cfcff7c6a506eb84b6eeb62f1afa5703fc48ef0897e25fa,0,0,0,67454.001286,1064.2648,63.380844,46,hostname=speed-32.encs.concordia.ca / kernel=Linux 5.14.0-687.39.1.el9_8.x86_64,"EnergyPlus, Version 23.1.0-87ed9199d4, YMD=2026.08.31 01:51"
29813,IT.MidClim.AB.01.Gen.ReEx.001.001,AB,IT.01,FALLBACK_PENDING_LAYOUT_MISSING_DWELLING_COUNT,IMPUTED_CENSUS_SECTION_CONSTRUCTION_PERIOD,fb564d8dbc98c54e4f9f9d09d3094421dfe19e5b2d023d7d08492736c8974ab4,ab631c6026e3f7cf5cfcff7c6a506eb84b6eeb62f1afa5703fc48ef0897e25fa,0,0,0,58365.802301,1410.3384,41.384254,2382,hostname=speed-15.encs.concordia.ca / kernel=Linux 5.14.0-687.39.1.el9_8.x86_64,"EnergyPlus, Version 23.1.0-87ed9199d4, YMD=2026.08.31 01:51"
29816,IT.MidClim.AB.01.Gen.ReEx.001.001,AB,IT.01,FALLBACK_PENDING_LAYOUT_MISSING_DWELLING_COUNT,IMPUTED_CENSUS_SECTION_CONSTRUCTION_PERIOD,6fe110f73163af16b79155c84e471d1c8ab33ba944c12f2421726eeacb5aa2bb,ab631c6026e3f7cf5cfcff7c6a506eb84b6eeb62f1afa5703fc48ef0897e25fa,0,0,0,68063.557052,1304.0429,52.194262,4368,hostname=magic-node-05.encs.concordia.ca / kernel=Linux 5.14.0-687.39.1.el9_8.x86_64,"EnergyPlus, Version 23.1.0-87ed9199d4, YMD=2026.08.31 01:51"
29821,IT.MidClim.AB.01.Gen.ReEx.001.001,AB,IT.01,FALLBACK_PENDING_LAYOUT_MISSING_DWELLING_COUNT,IMPUTED_CENSUS_SECTION_CONSTRUCTION_PERIOD,3b7846794476eeddc82807430e45102aa57bc8438009ec1a39b1ee149b172a7e,ab631c6026e3f7cf5cfcff7c6a506eb84b6eeb62f1afa5703fc48ef0897e25fa,0,0,0,65203.611338,1244.1878,52.406567,5441,hostname=speed-29.encs.concordia.ca / kernel=Linux 5.14.0-687.39.1.el9_8.x86_64,"EnergyPlus, Version 23.1.0-87ed9199d4, YMD=2026.08.31 01:52"
29822,IT.MidClim.AB.01.Gen.ReEx.001.001,AB,IT.01,FALLBACK_PENDING_LAYOUT_MISSING_DWELLING_COUNT,IMPUTED_CENSUS_SECTION_CONSTRUCTION_PERIOD,0907ca1328f6115fa068ed314099070156029337ba75bbf1a965cbc62ce018bb,ab631c6026e3f7cf5cfcff7c6a506eb84b6eeb62f1afa5703fc48ef0897e25fa,0,0,0,374108.648619,8190.2276,45.677442,3621,hostname=speed-32.encs.concordia.ca / kernel=Linux 5.14.0-687.39.1.el9_8.x86_64,"EnergyPlus, Version 23.1.0-87ed9199d4, YMD=2026.08.31 01:52"
29836,IT.MidClim.AB.01.Gen.ReEx.001.001,AB,IT.01,FALLBACK_PENDING_LAYOUT_MISSING_DWELLING_COUNT,IMPUTED_CENSUS_SECTION_CONSTRUCTION_PERIOD,4c87d30143b26a7f5615a0734cdbc1a5708f77173cddfd1227bfae0d38ffbc99,ab631c6026e3f7cf5cfcff7c6a506eb84b6eeb62f1afa5703fc48ef0897e25fa,0,0,0,113504.106551,2342.8493,48.447037,4192,hostname=speed-30.encs.concordia.ca / kernel=Linux 5.14.0-687.39.1.el9_8.x86_64,"EnergyPlus, Version 23.1.0-87ed9199d4, YMD=2026.08.31 01:53"
29855,IT.MidClim.AB.05.Gen.ReEx.001.001,AB,IT.05,FALLBACK_PENDING_LAYOUT_MISSING_DWELLING_COUNT,IMPUTED_CENSUS_SECTION_CONSTRUCTION_PERIOD,bed726a60bd7619477d03e9d29f61d80db076fa3769acb43ee4c9bbfd98dc25f,ab631c6026e3f7cf5cfcff7c6a506eb84b6eeb62f1afa5703fc48ef0897e25fa,0,0,0,42086.437295,1026.0834,41.016585,2811,hostname=magic-node-09.encs.concordia.ca / kernel=Linux 5.14.0-687.39.1.el9_8.x86_64,"EnergyPlus, Version 23.1.0-87ed9199d4, YMD=2026.08.31 01:54"
29858,IT.MidClim.AB.01.Gen.ReEx.001.001,AB,IT.01,FALLBACK_PENDING_LAYOUT_MISSING_DWELLING_COUNT,IMPUTED_CENSUS_SECTION_CONSTRUCTION_PERIOD,a378047b64e6ebddba3afb754095e6aa60df1fdc99ad46486a909a21f38ece69,ab631c6026e3f7cf5cfcff7c6a506eb84b6eeb62f1afa5703fc48ef0897e25fa,0,0,0,59433.365477,1075.9454,55.238273,3523,hostname=magic-node-06.encs.concordia.ca / kernel=Linux 5.14.0-687.39.1.el9_8.x86_64,"EnergyPlus, Version 23.1.0-87ed9199d4, YMD=2026.08.31 01:54"
29871,IT.MidClim.AB.01.Gen.ReEx.001.001,AB,IT.01,DWELLING_LAYOUT_EMITTED_IMPUTED_COUNT,IMPUTED_CENSUS_SECTION_CONSTRUCTION_PERIOD,6d1342933da8dac4a406bc6918b3e6ec57032d84bbfc31e253802466499778d6,ab631c6026e3f7cf5cfcff7c6a506eb84b6eeb62f1afa5703fc48ef0897e25fa,1,10,1,,16934.2441,,2,hostname=speed-08.encs.concordia.ca / kernel=Linux 5.14.0-687.39.1.el9_8.x86_64,"EnergyPlus, Version 23.1.0-87ed9199d4, YMD=2026.08.31 01:54"
29884,IT.MidClim.AB.01.Gen.ReEx.001.001,AB,IT.01,DWELLING_LAYOUT_EMITTED_IMPUTED_COUNT,IMPUTED_CENSUS_SECTION_CONSTRUCTION_PERIOD,5b403a98b81b56f0644261e2b87b4664b44d6e4fdcf5b0a3821ad19f4e59532a,ab631c6026e3f7cf5cfcff7c6a506eb84b6eeb62f1afa5703fc48ef0897e25fa,1,30,1,,1504.762,,2,hostname=speed-08.encs.concordia.ca / kernel=Linux 5.14.0-687.39.1.el9_8.x86_64,"EnergyPlus, Version 23.1.0-87ed9199d4, YMD=2026.08.31 01:54"
29885,IT.MidClim.AB.01.Gen.ReEx.001.001,AB,IT.01,DWELLING_LAYOUT_EMITTED_IMPUTED_COUNT,IMPUTED_CENSUS_SECTION_CONSTRUCTION_PERIOD,e192d7797b17f54771e12e2ef0d2758cbb1adc62d82296720d8f02eac335db17,ab631c6026e3f7cf5cfcff7c6a506eb84b6eeb62f1afa5703fc48ef0897e25fa,1,18,1,,4840.8005,,2,hostname=speed-08.encs.concordia.ca / kernel=Linux 5.14.0-687.39.1.el9_8.x86_64,"EnergyPlus, Version 23.1.0-87ed9199d4, YMD=2026.08.31 01:54"
29890,IT.MidClim.MFH.01.Gen.ReEx.001.001,MFH,IT.01,DWELLING_LAYOUT_EMITTED_IMPUTED_COUNT,IMPUTED_CENSUS_SECTION_CONSTRUCTION_PERIOD,134638621b2a8fd89c13671e2cb108c93c8167d023090009d87d56aca38f6394,ab631c6026e3f7cf5cfcff7c6a506eb84b6eeb62f1afa5703fc48ef0897e25fa,0,0,0,89619.188761,1486.7769,60.277496,28,hostname=speed-08.encs.concordia.ca / kernel=Linux 5.14.0-687.39.1.el9_8.x86_64,"EnergyPlus, Version 23.1.0-87ed9199d4, YMD=2026.08.31 01:54"
29891,IT.MidClim.AB.01.Gen.ReEx.001.001,AB,IT.01,FALLBACK_PENDING_LAYOUT_MISSING_DWELLING_COUNT,IMPUTED_CENSUS_SECTION_CONSTRUCTION_PERIOD,ed0ad476294f4b751d13ca4d6047c24ffe0da5937956b189b6ba5dae7bd5b28f,ab631c6026e3f7cf5cfcff7c6a506eb84b6eeb62f1afa5703fc48ef0897e25fa,0,0,0,160188.760253,3385.7351,47.312845,194,hostname=speed-34.encs.concordia.ca / kernel=Linux 5.14.0-687.39.1.el9_8.x86_64,"EnergyPlus, Version 23.1.0-87ed9199d4, YMD=2026.08.31 01:54"
29893,IT.MidClim.AB.01.Gen.ReEx.001.001,AB,IT.01,FALLBACK_PENDING_LAYOUT_MISSING_DWELLING_COUNT,IMPUTED_CENSUS_SECTION_CONSTRUCTION_PERIOD,2c2cc4833b90d97c48f7643bfe620a032dcce7bafee6770dc7bc7004b889fa82,ab631c6026e3f7cf5cfcff7c6a506eb84b6eeb62f1afa5703fc48ef0897e25fa,0,0,0,198633.518163,4685.5895,42.392429,216,hostname=speed-08.encs.concordia.ca / kernel=Linux 5.14.0-687.39.1.el9_8.x86_64,"EnergyPlus, Version 23.1.0-87ed9199d4, YMD=2026.08.31 01:55"
29896,IT.MidClim.AB.01.Gen.ReEx.001.001,AB,IT.01,FALLBACK_PENDING_LAYOUT_MISSING_DWELLING_COUNT,IMPUTED_CENSUS_SECTION_CONSTRUCTION_PERIOD,611ac2494bfc123d6ebb323b5732c00840855e79930a7462b8555fb7a3521a31,ab631c6026e3f7cf5cfcff7c6a506eb84b6eeb62f1afa5703fc48ef0897e25fa,0,0,0,54066.865217,932.676,57.969611,4079,hostname=magic-node-03.encs.concordia.ca / kernel=Linux 5.14.0-687.39.1.el9_8.x86_64,"EnergyPlus, Version 23.1.0-87ed9199d4, YMD=2026.08.31 01:55"
29897,IT.MidClim.SFH.01.Gen.ReEx.001.001,SFH,IT.01,DWELLING_LAYOUT_EMITTED_IMPUTED_COUNT,IMPUTED_CENSUS_SECTION_CONSTRUCTION_PERIOD,7c571ecf5988deb63c4381bdf9edf17c04cc528d6b56c61b1c54a48d450ea81f,ab631c6026e3f7cf5cfcff7c6a506eb84b6eeb62f1afa5703fc48ef0897e25fa,0,0,0,14238.618095,70.558,201.800194,821,hostname=stellar.encs.concordia.ca / kernel=Linux 5.14.0-687.39.1.el9_8.x86_64,"EnergyPlus, Version 23.1.0-87ed9199d4, YMD=2026.08.31 01:55"
29899,IT.MidClim.MFH.01.Gen.ReEx.001.001,MFH,IT.01,DWELLING_LAYOUT_EMITTED_IMPUTED_COUNT,IMPUTED_CENSUS_SECTION_CONSTRUCTION_PERIOD,c3f52e87f43e0a1aba2e67c6ac64a710bd9eb849431771aaae56227ddaf10157,ab631c6026e3f7cf5cfcff7c6a506eb84b6eeb62f1afa5703fc48ef0897e25fa,0,0,0,28241.930043,518.134,54.507,34,hostname=speed-34.encs.concordia.ca / kernel=Linux 5.14.0-687.39.1.el9_8.x86_64,"EnergyPlus, Version 23.1.0-87ed9199d4, YMD=2026.08.31 02:02"
29904,IT.MidClim.AB.01.Gen.ReEx.001.001,AB,IT.01,FALLBACK_PENDING_LAYOUT_MISSING_DWELLING_COUNT,IMPUTED_CENSUS_SECTION_CONSTRUCTION_PERIOD,d6b044066e3d5531a3406f869fa53c2e639e58f74b8fa1e7cb714341952b796e,ab631c6026e3f7cf5cfcff7c6a506eb84b6eeb62f1afa5703fc48ef0897e25fa,0,0,0,48701.059943,1282.3327,37.97849,41,hostname=speed-34.encs.concordia.ca / kernel=Linux 5.14.0-687.39.1.el9_8.x86_64,"EnergyPlus, Version 23.1.0-87ed9199d4, YMD=2026.08.31 02:02"
29917,IT.MidClim.AB.01.Gen.ReEx.001.001,AB,IT.01,DWELLING_LAYOUT_EMITTED_IMPUTED_COUNT,IMPUTED_CENSUS_SECTION_CONSTRUCTION_PERIOD,dc9ac26fb32d73b4562c3bc46c968938ea4b21841e5615e7d8812b2cf0fdf76c,ab631c6026e3f7cf5cfcff7c6a506eb84b6eeb62f1afa5703fc48ef0897e25fa,0,0,0,59011.318633,1107.6022,53.278441,641,hostname=speed-34.encs.concordia.ca / kernel=Linux 5.14.0-687.39.1.el9_8.x86_64,"EnergyPlus, Version 23.1.0-87ed9199d4, YMD=2026.08.31 02:03"
29928,IT.MidClim.SFH.01.Gen.ReEx.001.001,SFH,IT.01,DWELLING_LAYOUT_EMITTED_IMPUTED_COUNT,IMPUTED_CENSUS_SECTION_CONSTRUCTION_PERIOD,2c9f4222431a50ca30e77573556e1e3115dc4b6e2748373d8497cb4316d259ee,ab631c6026e3f7cf5cfcff7c6a506eb84b6eeb62f1afa5703fc48ef0897e25fa,0,0,0,6313.026866,29.851,211.484602,797,hostname=speed-29.encs.concordia.ca / kernel=Linux 5.14.0-687.39.1.el9_8.x86_64,"EnergyPlus, Version 23.1.0-87ed9199d4, YMD=2026.08.31 02:03"
29944,IT.MidClim.AB.01.Gen.ReEx.001.001,AB,IT.01,FALLBACK_PENDING_LAYOUT_MISSING_DWELLING_COUNT,IMPUTED_CENSUS_SECTION_CONSTRUCTION_PERIOD,1f0553e4e606bdad4230cf522d59d6ea06674699e3fb0ead876beba515d55e69,ab631c6026e3f7cf5cfcff7c6a506eb84b6eeb62f1afa5703fc48ef0897e25fa,0,0,0,191616.344154,4096.262,46.778342,4511,hostname=speed-15.encs.concordia.ca / kernel=Linux 5.14.0-687.39.1.el9_8.x86_64,"EnergyPlus, Version 23.1.0-87ed9199d4, YMD=2026.08.31 02:05"
29963,IT.MidClim.MFH.01.Gen.ReEx.001.001,MFH,IT.01,DWELLING_LAYOUT_EMITTED_IMPUTED_COUNT,IMPUTED_CENSUS_SECTION_CONSTRUCTION_PERIOD,20c34dde56b95c2b8b45658c0bd14c0cd489d5623b9ac59f80fef157ca922450,ab631c6026e3f7cf5cfcff7c6a506eb84b6eeb62f1afa5703fc48ef0897e25fa,1,5,1,,166.122,,3,hostname=speed-11.encs.concordia.ca / kernel=Linux 5.14.0-687.39.1.el9_8.x86_64,"EnergyPlus, Version 23.1.0-87ed9199d4, YMD=2026.08.31 02:05"
29965,IT.MidClim.AB.01.Gen.ReEx.001.001,AB,IT.01,FALLBACK_PENDING_LAYOUT_MISSING_DWELLING_COUNT,IMPUTED_CENSUS_SECTION_CONSTRUCTION_PERIOD,b453d1ff7823b6c4807c285bfb77906ae2364b330b187b1a8a7422809e900829,ab631c6026e3f7cf5cfcff7c6a506eb84b6eeb62f1afa5703fc48ef0897e25fa,0,0,0,87214.490201,1878.074,46.438261,3286,hostname=speed-11.encs.concordia.ca / kernel=Linux 5.14.0-687.39.1.el9_8.x86_64,"EnergyPlus, Version 23.1.0-87ed9199d4, YMD=2026.08.31 02:05"
29968,IT.MidClim.AB.01.Gen.ReEx.001.001,AB,IT.01,DWELLING_LAYOUT_EMITTED_IMPUTED_COUNT,IMPUTED_CENSUS_SECTION_CONSTRUCTION_PERIOD,b895d59daf7266e245a49e579cd68b86dd567dcb0451a6cdf819de12035e7b77,ab631c6026e3f7cf5cfcff7c6a506eb84b6eeb62f1afa5703fc48ef0897e25fa,0,0,0,76793.161283,1241.2516,61.867522,90,hostname=speed-36.encs.concordia.ca / kernel=Linux 5.14.0-687.39.1.el9_8.x86_64,"EnergyPlus, Version 23.1.0-87ed9199d4, YMD=2026.08.31 02:11"
29969,IT.MidClim.AB.01.Gen.ReEx.001.001,AB,IT.01,FALLBACK_PENDING_LAYOUT_MISSING_DWELLING_COUNT,IMPUTED_CENSUS_SECTION_CONSTRUCTION_PERIOD,e6876a47fe7877610f19f61ea4da854bcfd07e6fb79095414d791838bbec6abf,ab631c6026e3f7cf5cfcff7c6a506eb84b6eeb62f1afa5703fc48ef0897e25fa,0,0,0,260927.394503,6466.8231,40.348621,121,hostname=speed-36.encs.concordia.ca / kernel=Linux 5.14.0-687.39.1.el9_8.x86_64,"EnergyPlus, Version 23.1.0-87ed9199d4, YMD=2026.08.31 02:13"
29997,IT.MidClim.AB.01.Gen.ReEx.001.001,AB,IT.01,DWELLING_LAYOUT_EMITTED_IMPUTED_COUNT,IMPUTED_CENSUS_SECTION_CONSTRUCTION_PERIOD,a17efb3656c12315205040c87bdbf437390e0edc619765882eecf4be74f6ec64,ab631c6026e3f7cf5cfcff7c6a506eb84b6eeb62f1afa5703fc48ef0897e25fa,0,0,0,253165.34186,5012.1617,50.51021,2549,hostname=speed-32.encs.concordia.ca / kernel=Linux 5.14.0-687.39.1.el9_8.x86_64,"EnergyPlus, Version 23.1.0-87ed9199d4, YMD=2026.08.31 02:13"
30000,IT.MidClim.AB.01.Gen.ReEx.001.001,AB,IT.01,FALLBACK_PENDING_LAYOUT_MISSING_DWELLING_COUNT,IMPUTED_CENSUS_SECTION_CONSTRUCTION_PERIOD,b5baad1d38cdf06042c70a9872738a5d29741aaed0ad3a071c6aa28f473e379d,ab631c6026e3f7cf5cfcff7c6a506eb84b6eeb62f1afa5703fc48ef0897e25fa,0,0,0,162196.139123,3787.0537,42.82911,599,hostname=speed-35.encs.concordia.ca / kernel=Linux 5.14.0-687.39.1.el9_8.x86_64,"EnergyPlus, Version 23.1.0-87ed9199d4, YMD=2026.08.31 02:13"
30001,IT.MidClim.AB.01.Gen.ReEx.001.001,AB,IT.01,FALLBACK_PENDING_LAYOUT_MISSING_DWELLING_COUNT,IMPUTED_CENSUS_SECTION_CONSTRUCTION_PERIOD,778cd5c36b43c0f2c365e6044382497b4c32506d41f201fbdb3da80cf2ff1ae4,ab631c6026e3f7cf5cfcff7c6a506eb84b6eeb62f1afa5703fc48ef0897e25fa,0,0,0,83282.003902,1602.9824,51.954409,3396,hostname=speed-34.encs.concordia.ca / kernel=Linux 5.14.0-687.39.1.el9_8.x86_64,"EnergyPlus, Version 23.1.0-87ed9199d4, YMD=2026.08.31 02:13"
30004,IT.MidClim.AB.01.Gen.ReEx.001.001,AB,IT.01,FALLBACK_PENDING_LAYOUT_MISSING_DWELLING_COUNT,IMPUTED_CENSUS_SECTION_CONSTRUCTION_PERIOD,7b4dbc16320710d87bfc30a2a5758c1201c0a14f540cc1c55e9f7cf62540a61d,ab631c6026e3f7cf5cfcff7c6a506eb84b6eeb62f1afa5703fc48ef0897e25fa,0,0,0,39633.313924,804.4915,49.26505,3567,hostname=speed-11.encs.concordia.ca / kernel=Linux 5.14.0-687.39.1.el9_8.x86_64,"EnergyPlus, Version 23.1.0-87ed9199d4, YMD=2026.08.31 02:14"
30013,IT.MidClim.AB.01.Gen.ReEx.001.001,AB,IT.01,FALLBACK_PENDING_LAYOUT_MISSING_DWELLING_COUNT,IMPUTED_CENSUS_SECTION_CONSTRUCTION_PERIOD,fe2e871634897d2f7212552363b2d782fd98f638159ae7ef0ce5016de42098e2,ab631c6026e3f7cf5cfcff7c6a506eb84b6eeb62f1afa5703fc48ef0897e25fa,0,0,0,232362.51037,5033.5781,46.162492,3011,hostname=speed-36.encs.concordia.ca / kernel=Linux 5.14.0-687.39.1.el9_8.x86_64,"EnergyPlus, Version 23.1.0-87ed9199d4, YMD=2026.08.31 02:15"
30016,IT.MidClim.MFH.05.Gen.ReEx.001.001,MFH,IT.05,FALLBACK_PENDING_LAYOUT_MISSING_DWELLING_COUNT,IMPUTED_CENSUS_SECTION_CONSTRUCTION_PERIOD,a5b84a9ee4a97a8223bb27a537bfe3cf63b92014b4235a451094a6ee1d969d4c,ab631c6026e3f7cf5cfcff7c6a506eb84b6eeb62f1afa5703fc48ef0897e25fa,0,0,0,27479.263833,542.1709,50.683767,1520,hostname=stellar.encs.concordia.ca / kernel=Linux 5.14.0-687.39.1.el9_8.x86_64,"EnergyPlus, Version 23.1.0-87ed9199d4, YMD=2026.08.31 02:16"
30018,IT.MidClim.AB.01.Gen.ReEx.001.001,AB,IT.01,DWELLING_LAYOUT_EMITTED_IMPUTED_COUNT,IMPUTED_CENSUS_SECTION_CONSTRUCTION_PERIOD,983ab1c07d2fa56f7fd065992147f7255491945e8a52241bb3aab603b06a0f37,ab631c6026e3f7cf5cfcff7c6a506eb84b6eeb62f1afa5703fc48ef0897e25fa,0,0,0,48248.082396,1263.7932,38.177197,45,hostname=speed-34.encs.concordia.ca / kernel=Linux 5.14.0-687.39.1.el9_8.x86_64,"EnergyPlus, Version 23.1.0-87ed9199d4, YMD=2026.08.31 02:21"
30023,IT.MidClim.AB.01.Gen.ReEx.001.001,AB,IT.01,DWELLING_LAYOUT_EMITTED_IMPUTED_COUNT,IMPUTED_CENSUS_SECTION_CONSTRUCTION_PERIOD,90bf9ee09eeea92b6ded760e1e682e82732500bdad3914fa37c25cc55dff4555,ab631c6026e3f7cf5cfcff7c6a506eb84b6eeb62f1afa5703fc48ef0897e25fa,1,17,1,,2067.112,,3,hostname=speed-34.encs.concordia.ca / kernel=Linux 5.14.0-687.39.1.el9_8.x86_64,"EnergyPlus, Version 23.1.0-87ed9199d4, YMD=2026.08.31 02:22"
30025,IT.MidClim.AB.01.Gen.ReEx.001.001,AB,IT.01,FALLBACK_PENDING_LAYOUT_MISSING_DWELLING_COUNT,IMPUTED_CENSUS_SECTION_CONSTRUCTION_PERIOD,45a03c5eee093574b9696240f637644dc660e5c87e31e74648f472dff299e202,ab631c6026e3f7cf5cfcff7c6a506eb84b6eeb62f1afa5703fc48ef0897e25fa,0,0,0,349467.944746,7506.3112,46.556549,358,hostname=speed-34.encs.concordia.ca / kernel=Linux 5.14.0-687.39.1.el9_8.x86_64,"EnergyPlus, Version 23.1.0-87ed9199d4, YMD=2026.08.31 02:22"
30026,IT.MidClim.MFH.01.Gen.ReEx.001.001,MFH,IT.01,DWELLING_LAYOUT_EMITTED_IMPUTED_COUNT,IMPUTED_CENSUS_SECTION_CONSTRUCTION_PERIOD,aeddf47221614daf6a0a3d4e1ee82ec673cd5687975c9f3def77f0650c0dd8d2,ab631c6026e3f7cf5cfcff7c6a506eb84b6eeb62f1afa5703fc48ef0897e25fa,1,9,1,,817.6158,,2,hostname=speed-35.encs.concordia.ca / kernel=Linux 5.14.0-687.39.1.el9_8.x86_64,"EnergyPlus, Version 23.1.0-87ed9199d4, YMD=2026.08.31 02:23"
30030,IT.MidClim.AB.01.Gen.ReEx.001.001,AB,IT.01,FALLBACK_PENDING_LAYOUT_MISSING_DWELLING_COUNT,IMPUTED_CENSUS_SECTION_CONSTRUCTION_PERIOD,43f74d22c77d0dbc6b1c35e28e3acb273711ee222c7726e43d61640bba656798,ab631c6026e3f7cf5cfcff7c6a506eb84b6eeb62f1afa5703fc48ef0897e25fa,0,0,0,240860.406069,4951.8909,48.640087,2444,hostname=speed-35.encs.concordia.ca / kernel=Linux 5.14.0-687.39.1.el9_8.x86_64,"EnergyPlus, Version 23.1.0-87ed9199d4, YMD=2026.08.31 02:23"
30031,IT.MidClim.AB.01.Gen.ReEx.001.001,AB,IT.01,DWELLING_LAYOUT_EMITTED_IMPUTED_COUNT,IMPUTED_CENSUS_SECTION_CONSTRUCTION_PERIOD,d3d2447402b950881ad417b50498463ad013b052b5122ace5ecd16485de8add2,ab631c6026e3f7cf5cfcff7c6a506eb84b6eeb62f1afa5703fc48ef0897e25fa,0,0,0,32506.436572,537.5583,60.470532,3292,hostname=speed-09.encs.concordia.ca / kernel=Linux 5.14.0-687.39.1.el9_8.x86_64,"EnergyPlus, Version 23.1.0-87ed9199d4, YMD=2026.08.31 02:26"
30035,IT.MidClim.MFH.01.Gen.ReEx.001.001,MFH,IT.01,DWELLING_LAYOUT_EMITTED_IMPUTED_COUNT,IMPUTED_CENSUS_SECTION_CONSTRUCTION_PERIOD,af8327e1c50ea0ff86e2b5d4455d2bf93e3f80a0d951c7d039f175c6c4526766,ab631c6026e3f7cf5cfcff7c6a506eb84b6eeb62f1afa5703fc48ef0897e25fa,0,0,0,35922.318219,587.9975,61.092638,111,hostname=speed-43.encs.concordia.ca / kernel=Linux 5.14.0-687.39.1.el9_8.x86_64,"EnergyPlus, Version 23.1.0-87ed9199d4, YMD=2026.08.31 02:26"
30037,IT.MidClim.AB.01.Gen.ReEx.001.001,AB,IT.01,FALLBACK_PENDING_LAYOUT_MISSING_DWELLING_COUNT,IMPUTED_CENSUS_SECTION_CONSTRUCTION_PERIOD,c132d51e03806caadf50d4217306f898381a58fd424bc7bb8c37f6040373e609,ab631c6026e3f7cf5cfcff7c6a506eb84b6eeb62f1afa5703fc48ef0897e25fa,0,0,0,33902.789534,501.291,67.630956,410,hostname=speed-43.encs.concordia.ca / kernel=Linux 5.14.0-687.39.1.el9_8.x86_64,"EnergyPlus, Version 23.1.0-87ed9199d4, YMD=2026.08.31 02:27"
30038,IT.MidClim.AB.01.Gen.ReEx.001.001,AB,IT.01,FALLBACK_PENDING_LAYOUT_MISSING_DWELLING_COUNT,IMPUTED_CENSUS_SECTION_CONSTRUCTION_PERIOD,07ff232e5c3a4e9a5037edebadb6fbca6271b39cab8ffcc995c727c9d35a7999,ab631c6026e3f7cf5cfcff7c6a506eb84b6eeb62f1afa5703fc48ef0897e25fa,0,0,0,907899.421873,20768.7976,43.714588,130,hostname=speed-08.encs.concordia.ca / kernel=Linux 5.14.0-687.39.1.el9_8.x86_64,"EnergyPlus, Version 23.1.0-87ed9199d4, YMD=2026.08.31 02:28"
30042,IT.MidClim.AB.01.Gen.ReEx.001.001,AB,IT.01,FALLBACK_PENDING_LAYOUT_MISSING_DWELLING_COUNT,IMPUTED_CENSUS_SECTION_CONSTRUCTION_PERIOD,919e72a3c002d20983bad12276683dbe8f0f5eaf8bf5ee0b940d37312cd1a8e8,ab631c6026e3f7cf5cfcff7c6a506eb84b6eeb62f1afa5703fc48ef0897e25fa,0,0,0,35380.287434,805.1506,43.942447,1762,hostname=speed-34.encs.concordia.ca / kernel=Linux 5.14.0-687.39.1.el9_8.x86_64,"EnergyPlus, Version 23.1.0-87ed9199d4, YMD=2026.08.31 02:28"
30046,IT.MidClim.AB.01.Gen.ReEx.001.001,AB,IT.01,FALLBACK_PENDING_LAYOUT_MISSING_DWELLING_COUNT,IMPUTED_CENSUS_SECTION_CONSTRUCTION_PERIOD,6427ac6a0b89b514559f8779facf269d2c6c16a21d7e4fb6a1da7ad34cfcb5d9,ab631c6026e3f7cf5cfcff7c6a506eb84b6eeb62f1afa5703fc48ef0897e25fa,0,0,0,49539.022983,938.446,52.788358,2384,hostname=magic-node-04.encs.concordia.ca / kernel=Linux 5.14.0-687.39.1.el9_8.x86_64,"EnergyPlus, Version 23.1.0-87ed9199d4, YMD=2026.08.31 02:29"
30051,IT.MidClim.MFH.01.Gen.ReEx.001.001,MFH,IT.01,DWELLING_LAYOUT_EMITTED_IMPUTED_COUNT,IMPUTED_CENSUS_SECTION_CONSTRUCTION_PERIOD,627338b7df3153f3e87b3740144e606facf3f0540932f3741bc3c54095ded1ba,ab631c6026e3f7cf5cfcff7c6a506eb84b6eeb62f1afa5703fc48ef0897e25fa,0,0,0,39894.75063,924.2787,43.163118,37,hostname=speed-29.encs.concordia.ca / kernel=Linux 5.14.0-687.39.1.el9_8.x86_64,"EnergyPlus, Version 23.1.0-87ed9199d4, YMD=2026.08.31 02:29"
30056,IT.MidClim.AB.01.Gen.ReEx.001.001,AB,IT.01,DWELLING_LAYOUT_EMITTED_IMPUTED_COUNT,IMPUTED_CENSUS_SECTION_CONSTRUCTION_PERIOD,10fc5e22b824944f9eef8abe8ae2c68ccecb9fe9e26d49a9057542e5f2271714,ab631c6026e3f7cf5cfcff7c6a506eb84b6eeb62f1afa5703fc48ef0897e25fa,0,0,0,156158.955611,3053.1877,51.146202,1683,hostname=wolsey.encs.concordia.ca / kernel=Linux 5.14.0-687.39.1.el9_8.x86_64,"EnergyPlus, Version 23.1.0-87ed9199d4, YMD=2026.08.31 02:29"
30070,IT.MidClim.AB.01.Gen.ReEx.001.001,AB,IT.01,FALLBACK_PENDING_LAYOUT_MISSING_DWELLING_COUNT,IMPUTED_CENSUS_SECTION_CONSTRUCTION_PERIOD,828d12f866575c59d41d70ce373179b94b37e98808962aebf36b84e9f9eb0615,ab631c6026e3f7cf5cfcff7c6a506eb84b6eeb62f1afa5703fc48ef0897e25fa,0,0,0,73960.12737,1571.4238,47.065679,2823,hostname=speed-43.encs.concordia.ca / kernel=Linux 5.14.0-687.39.1.el9_8.x86_64,"EnergyPlus, Version 23.1.0-87ed9199d4, YMD=2026.08.31 02:29"
30072,IT.MidClim.AB.01.Gen.ReEx.001.001,AB,IT.01,FALLBACK_PENDING_LAYOUT_MISSING_DWELLING_COUNT,IMPUTED_CENSUS_SECTION_CONSTRUCTION_PERIOD,751e3e6230fc3389d2eee907d119b893dc2b564fef26592a33dcce0d53b7aeab,ab631c6026e3f7cf5cfcff7c6a506eb84b6eeb62f1afa5703fc48ef0897e25fa,0,0,0,266359.692139,6214.0152,42.864345,805,hostname=speed-43.encs.concordia.ca / kernel=Linux 5.14.0-687.39.1.el9_8.x86_64,"EnergyPlus, Version 23.1.0-87ed9199d4, YMD=2026.08.31 02:30"
30079,IT.MidClim.AB.01.Gen.ReEx.001.001,AB,IT.01,FALLBACK_PENDING_LAYOUT_MISSING_DWELLING_COUNT,IMPUTED_CENSUS_SECTION_CONSTRUCTION_PERIOD,2be1c8cf078c29a3e2af622d0e37513da820ba7fd1e7d4e5d370365441f4478d,ab631c6026e3f7cf5cfcff7c6a506eb84b6eeb62f1afa5703fc48ef0897e25fa,0,0,0,55090.109391,953.0133,57.806234,4148,hostname=speed-08.encs.concordia.ca / kernel=Linux 5.14.0-687.39.1.el9_8.x86_64,"EnergyPlus, Version 23.1.0-87ed9199d4, YMD=2026.08.31 02:30"
30083,IT.MidClim.AB.01.Gen.ReEx.001.001,AB,IT.01,DWELLING_LAYOUT_EMITTED_IMPUTED_COUNT,IMPUTED_CENSUS_SECTION_CONSTRUCTION_PERIOD,72a1da4dfe831d0ea3366b000fdb35efcc8c6de1aa8727f413ea23338b926539,ab631c6026e3f7cf5cfcff7c6a506eb84b6eeb62f1afa5703fc48ef0897e25fa,1,14,1,,844.0261,,4,hostname=magic-node-07.encs.concordia.ca / kernel=Linux 5.14.0-687.39.1.el9_8.x86_64,"EnergyPlus, Version 23.1.0-87ed9199d4, YMD=2026.08.31 02:37"
30090,IT.MidClim.AB.01.Gen.ReEx.001.001,AB,IT.01,DWELLING_LAYOUT_EMITTED_IMPUTED_COUNT,IMPUTED_CENSUS_SECTION_CONSTRUCTION_PERIOD,8ffecb42c3635599c7b1d194a2bdc3bdfa6e1890bbef2ab81d2c3d494f9b9f22,ab631c6026e3f7cf5cfcff7c6a506eb84b6eeb62f1afa5703fc48ef0897e25fa,0,0,0,2331460.006846,70099.7186,33.259192,128,hostname=magic-node-07.encs.concordia.ca / kernel=Linux 5.14.0-687.39.1.el9_8.x86_64,"EnergyPlus, Version 23.1.0-87ed9199d4, YMD=2026.08.31 02:37"
30103,IT.MidClim.AB.01.Gen.ReEx.001.001,AB,IT.01,DWELLING_LAYOUT_EMITTED_IMPUTED_COUNT,IMPUTED_CENSUS_SECTION_CONSTRUCTION_PERIOD,edbd33fcad1668548b216b177d9ec5c763cfe3384ba1a3a236fde642e15fe167,ab631c6026e3f7cf5cfcff7c6a506eb84b6eeb62f1afa5703fc48ef0897e25fa,1,18,1,,693.169,,3,hostname=antenna2.encs.concordia.ca / kernel=Linux 5.14.0-687.36.1.el9_8.x86_64,"EnergyPlus, Version 23.1.0-87ed9199d4, YMD=2026.08.31 02:37"
30116,IT.MidClim.MFH.05.Gen.ReEx.001.001,MFH,IT.05,FALLBACK_PENDING_LAYOUT_MISSING_DWELLING_COUNT,IMPUTED_CENSUS_SECTION_CONSTRUCTION_PERIOD,e6ecd0699a2b924417ae65eb3938913144325246759558cd1848b1f4d2aab961,ab631c6026e3f7cf5cfcff7c6a506eb84b6eeb62f1afa5703fc48ef0897e25fa,0,0,0,24817.119377,475.1079,52.234702,4439,hostname=antenna2.encs.concordia.ca / kernel=Linux 5.14.0-687.36.1.el9_8.x86_64,"EnergyPlus, Version 23.1.0-87ed9199d4, YMD=2026.08.31 02:37"
30127,IT.MidClim.AB.01.Gen.ReEx.001.001,AB,IT.01,FALLBACK_PENDING_LAYOUT_MISSING_DWELLING_COUNT,IMPUTED_CENSUS_SECTION_CONSTRUCTION_PERIOD,4108e6966c210c3d5ae482a6ed6600e1b6ef3e7c1a8b956954a2ab914fe6d357,ab631c6026e3f7cf5cfcff7c6a506eb84b6eeb62f1afa5703fc48ef0897e25fa,0,0,0,141734.400128,3218.3513,44.039443,178,hostname=speed-43.encs.concordia.ca / kernel=Linux 5.14.0-687.39.1.el9_8.x86_64,"EnergyPlus, Version 23.1.0-87ed9199d4, YMD=2026.08.31 02:37"
30130,IT.MidClim.AB.01.Gen.ReEx.001.001,AB,IT.01,FALLBACK_PENDING_LAYOUT_MISSING_DWELLING_COUNT,IMPUTED_CENSUS_SECTION_CONSTRUCTION_PERIOD,54dfe88450e0964bc0c62eab061f30c666d6c4febb4eb24a6b3923aac33c8d8b,ab631c6026e3f7cf5cfcff7c6a506eb84b6eeb62f1afa5703fc48ef0897e25fa,0,0,0,510390.957863,10605.2637,48.126192,1957,hostname=speed-43.encs.concordia.ca / kernel=Linux 5.14.0-687.39.1.el9_8.x86_64,"EnergyPlus, Version 23.1.0-87ed9199d4, YMD=2026.08.31 02:37"
30136,IT.MidClim.AB.01.Gen.ReEx.001.001,AB,IT.01,FALLBACK_PENDING_LAYOUT_MISSING_DWELLING_COUNT,IMPUTED_CENSUS_SECTION_CONSTRUCTION_PERIOD,b28659739972d691792d45c04da6ba98c773bdd2d918a860708ace6f8de630dc,ab631c6026e3f7cf5cfcff7c6a506eb84b6eeb62f1afa5703fc48ef0897e25fa,0,0,0,57676.46101,847.0278,68.09276,2852,hostname=magic-node-07.encs.concordia.ca / kernel=Linux 5.14.0-687.39.1.el9_8.x86_64,"EnergyPlus, Version 23.1.0-87ed9199d4, YMD=2026.08.31 02:39"
30139,IT.MidClim.MFH.05.Gen.ReEx.001.001,MFH,IT.05,FALLBACK_PENDING_LAYOUT_MISSING_DWELLING_COUNT,IMPUTED_CENSUS_SECTION_CONSTRUCTION_PERIOD,ee9254cd34dd95a6ecfc980eaf68009a1bed86907ce429515d600e7884154587,ab631c6026e3f7cf5cfcff7c6a506eb84b6eeb62f1afa5703fc48ef0897e25fa,0,0,0,34187.825508,855.4749,39.963564,1981,hostname=speed-43.encs.concordia.ca / kernel=Linux 5.14.0-687.39.1.el9_8.x86_64,"EnergyPlus, Version 23.1.0-87ed9199d4, YMD=2026.08.31 02:40"
30140,IT.MidClim.MFH.01.Gen.ReEx.001.001,MFH,IT.01,DWELLING_LAYOUT_EMITTED_IMPUTED_COUNT,IMPUTED_CENSUS_SECTION_CONSTRUCTION_PERIOD,947d2a819805b7e9886614e921b5a7b46a5c040776fc7213aba1ddf3305cba8e,ab631c6026e3f7cf5cfcff7c6a506eb84b6eeb62f1afa5703fc48ef0897e25fa,0,0,0,12818.635636,185.7972,68.99262,135,hostname=magic-node-09.encs.concordia.ca / kernel=Linux 5.14.0-687.39.1.el9_8.x86_64,"EnergyPlus, Version 23.1.0-87ed9199d4, YMD=2026.08.31 02:40"
30141,IT.MidClim.AB.01.Gen.ReEx.001.001,AB,IT.01,FALLBACK_PENDING_LAYOUT_MISSING_DWELLING_COUNT,IMPUTED_CENSUS_SECTION_CONSTRUCTION_PERIOD,e90c1310763caeb8c22d46e1274d6ea103208c9b585782d4bb4775d6efd5e9f4,ab631c6026e3f7cf5cfcff7c6a506eb84b6eeb62f1afa5703fc48ef0897e25fa,0,0,0,84518.273657,1599.5666,52.838234,2459,hostname=stellar.encs.concordia.ca / kernel=Linux 5.14.0-687.39.1.el9_8.x86_64,"EnergyPlus, Version 23.1.0-87ed9199d4, YMD=2026.08.31 02:41"
30143,IT.MidClim.MFH.01.Gen.ReEx.001.001,MFH,IT.01,DWELLING_LAYOUT_EMITTED_IMPUTED_COUNT,IMPUTED_CENSUS_SECTION_CONSTRUCTION_PERIOD,a56a3d18b487d44a7327b665dc7a031f996c19d3813653b2606657483ea351f5,ab631c6026e3f7cf5cfcff7c6a506eb84b6eeb62f1afa5703fc48ef0897e25fa,0,0,0,49558.280823,693.0578,71.506707,25,hostname=speed-43.encs.concordia.ca / kernel=Linux 5.14.0-687.39.1.el9_8.x86_64,"EnergyPlus, Version 23.1.0-87ed9199d4, YMD=2026.08.31 02:46"
30145,IT.MidClim.AB.01.Gen.ReEx.001.001,AB,IT.01,DWELLING_LAYOUT_EMITTED_IMPUTED_COUNT,IMPUTED_CENSUS_SECTION_CONSTRUCTION_PERIOD,9e23cb939df7707959cbcf09e563ad13a8e80591a92285785477c9bf4ee69b2e,ab631c6026e3f7cf5cfcff7c6a506eb84b6eeb62f1afa5703fc48ef0897e25fa,0,0,0,100560.872302,2196.9804,45.772312,2285,hostname=speed-08.encs.concordia.ca / kernel=Linux 5.14.0-687.39.1.el9_8.x86_64,"EnergyPlus, Version 23.1.0-87ed9199d4, YMD=2026.08.31 02:46"
30146,IT.MidClim.AB.01.Gen.ReEx.001.001,AB,IT.01,DWELLING_LAYOUT_EMITTED_IMPUTED_COUNT,IMPUTED_CENSUS_SECTION_CONSTRUCTION_PERIOD,fecaa96a5148861ff7f88cd670cb3c60cbbee207ded179f242ffd0adc2118207,ab631c6026e3f7cf5cfcff7c6a506eb84b6eeb62f1afa5703fc48ef0897e25fa,0,0,0,49606.767949,640.6165,77.435982,1401,hostname=speed-43.encs.concordia.ca / kernel=Linux 5.14.0-687.39.1.el9_8.x86_64,"EnergyPlus, Version 23.1.0-87ed9199d4, YMD=2026.08.31 02:46"
30152,IT.MidClim.AB.01.Gen.ReEx.001.001,AB,IT.01,FALLBACK_PENDING_LAYOUT_MISSING_DWELLING_COUNT,IMPUTED_CENSUS_SECTION_CONSTRUCTION_PERIOD,286536841348bfc90ba08b1b8fd147ea427a9c34752317fd35da7e2566ece83e,ab631c6026e3f7cf5cfcff7c6a506eb84b6eeb62f1afa5703fc48ef0897e25fa,0,0,0,40313.479661,599.3169,67.265715,30,hostname=speed-09.encs.concordia.ca / kernel=Linux 5.14.0-687.39.1.el9_8.x86_64,"EnergyPlus, Version 23.1.0-87ed9199d4, YMD=2026.08.31 02:49"
30155,IT.MidClim.AB.01.Gen.ReEx.001.001,AB,IT.01,FALLBACK_PENDING_LAYOUT_MISSING_DWELLING_COUNT,IMPUTED_CENSUS_SECTION_CONSTRUCTION_PERIOD,d4ef8badfca0992e950f2730b1497124cb1f7b5e6af780f13c2e9ee4412dedd6,ab631c6026e3f7cf5cfcff7c6a506eb84b6eeb62f1afa5703fc48ef0897e25fa,0,0,0,256320.784564,5891.1058,43.509791,79,hostname=speed-09.encs.concordia.ca / kernel=Linux 5.14.0-687.39.1.el9_8.x86_64,"EnergyPlus, Version 23.1.0-87ed9199d4, YMD=2026.08.31 02:50"
30163,IT.MidClim.MFH.01.Gen.ReEx.001.001,MFH,IT.01,DWELLING_LAYOUT_EMITTED_IMPUTED_COUNT,IMPUTED_CENSUS_SECTION_CONSTRUCTION_PERIOD,a9109485baf73b84a8a3a4af21f07da187348fc19ec8696df7d93d5e07153985,ab631c6026e3f7cf5cfcff7c6a506eb84b6eeb62f1afa5703fc48ef0897e25fa,0,0,0,55954.007566,867.4905,64.501003,1024,hostname=wolsey.encs.concordia.ca / kernel=Linux 5.14.0-687.39.1.el9_8.x86_64,"EnergyPlus, Version 23.1.0-87ed9199d4, YMD=2026.08.31 02:57"
30168,IT.MidClim.AB.01.Gen.ReEx.001.001,AB,IT.01,FALLBACK_PENDING_LAYOUT_MISSING_DWELLING_COUNT,IMPUTED_CENSUS_SECTION_CONSTRUCTION_PERIOD,6893fef81f0dac5c23753cc68e58ee109bd66274715d8ca720c005118b2f3c00,ab631c6026e3f7cf5cfcff7c6a506eb84b6eeb62f1afa5703fc48ef0897e25fa,0,0,0,70522.365663,1372.1298,51.396279,3074,hostname=speed-30.encs.concordia.ca / kernel=Linux 5.14.0-687.39.1.el9_8.x86_64,"EnergyPlus, Version 23.1.0-87ed9199d4, YMD=2026.08.31 02:58"
30169,IT.MidClim.TH.01.Gen.ReEx.001.001,TH,IT.01,DWELLING_LAYOUT_EMITTED_IMPUTED_COUNT,IMPUTED_CENSUS_SECTION_CONSTRUCTION_PERIOD,5faa3cb0f9535ce23941745f0022a6d997191703efe98294e2cfc243bc2480ec,ab631c6026e3f7cf5cfcff7c6a506eb84b6eeb62f1afa5703fc48ef0897e25fa,0,0,0,6949.375153,31.9355,217.606587,39,hostname=magic-node-09.encs.concordia.ca / kernel=Linux 5.14.0-687.39.1.el9_8.x86_64,"EnergyPlus, Version 23.1.0-87ed9199d4, YMD=2026.08.31 02:58"
30177,IT.MidClim.AB.01.Gen.ReEx.001.001,AB,IT.01,DWELLING_LAYOUT_EMITTED_IMPUTED_COUNT,IMPUTED_CENSUS_SECTION_CONSTRUCTION_PERIOD,e236a7726d2a5be3393d36be7c3cb0568eca40607c57ed9ca88ee5c77aeb14fb,ab631c6026e3f7cf5cfcff7c6a506eb84b6eeb62f1afa5703fc48ef0897e25fa,1,15,1,,255.5756,,3,hostname=magic-node-09.encs.concordia.ca / kernel=Linux 5.14.0-687.39.1.el9_8.x86_64,"EnergyPlus, Version 23.1.0-87ed9199d4, YMD=2026.08.31 02:58"
30184,IT.MidClim.AB.01.Gen.ReEx.001.001,AB,IT.01,DWELLING_LAYOUT_EMITTED_IMPUTED_COUNT,IMPUTED_CENSUS_SECTION_CONSTRUCTION_PERIOD,438e42733a39396bf1f8386a64409f9475122721b2d456cc29ca67ea6becfa35,ab631c6026e3f7cf5cfcff7c6a506eb84b6eeb62f1afa5703fc48ef0897e25fa,0,0,0,1531738.522401,39769.1375,38.515759,2964,hostname=magic-node-09.encs.concordia.ca / kernel=Linux 5.14.0-687.39.1.el9_8.x86_64,"EnergyPlus, Version 23.1.0-87ed9199d4, YMD=2026.08.31 02:58"
30186,IT.MidClim.AB.01.Gen.ReEx.001.001,AB,IT.01,FALLBACK_PENDING_LAYOUT_MISSING_DWELLING_COUNT,IMPUTED_CENSUS_SECTION_CONSTRUCTION_PERIOD,3bc51714cd958a9099d6dd2e019a38e941cc4027c702729e2971c4c11fe2fc91,ab631c6026e3f7cf5cfcff7c6a506eb84b6eeb62f1afa5703fc48ef0897e25fa,0,0,0,390775.538509,8555.7039,45.674271,2247,hostname=speed-09.encs.concordia.ca / kernel=Linux 5.14.0-687.39.1.el9_8.x86_64,"EnergyPlus, Version 23.1.0-87ed9199d4, YMD=2026.08.31 02:59"
30189,IT.MidClim.AB.01.Gen.ReEx.001.001,AB,IT.01,FALLBACK_PENDING_LAYOUT_MISSING_DWELLING_COUNT,IMPUTED_CENSUS_SECTION_CONSTRUCTION_PERIOD,b2f543d06208e1ecd2dd9c9b1847b1b7971e4b25b5688ba1b10d507e6b3ba6e8,ab631c6026e3f7cf5cfcff7c6a506eb84b6eeb62f1afa5703fc48ef0897e25fa,0,0,0,75927.227818,1228.3401,61.812871,2140,hostname=speed-32.encs.concordia.ca / kernel=Linux 5.14.0-687.39.1.el9_8.x86_64,"EnergyPlus, Version 23.1.0-87ed9199d4, YMD=2026.08.31 03:00"
30200,IT.MidClim.SFH.01.Gen.ReEx.001.001,SFH,IT.01,DWELLING_LAYOUT_EMITTED_IMPUTED_COUNT,IMPUTED_CENSUS_SECTION_CONSTRUCTION_PERIOD,3be9538a62a04f7d696fac7705d2856771e23872aa3acdac4eb7ff2242d1c25f,ab631c6026e3f7cf5cfcff7c6a506eb84b6eeb62f1afa5703fc48ef0897e25fa,0,0,0,9070.385726,38.6932,234.418082,11,hostname=speed-11.encs.concordia.ca / kernel=Linux 5.14.0-687.39.1.el9_8.x86_64,"EnergyPlus, Version 23.1.0-87ed9199d4, YMD=2026.08.31 03:00"
30210,IT.MidClim.MFH.01.Gen.ReEx.001.001,MFH,IT.01,DWELLING_LAYOUT_EMITTED_IMPUTED_COUNT,IMPUTED_CENSUS_SECTION_CONSTRUCTION_PERIOD,57060588d013a3544fa41cc15886b26bce70ab248b08a8194cffc19fe2b31234,ab631c6026e3f7cf5cfcff7c6a506eb84b6eeb62f1afa5703fc48ef0897e25fa,1,3,1,,426.9858,,2,hostname=speed-11.encs.concordia.ca / kernel=Linux 5.14.0-687.39.1.el9_8.x86_64,"EnergyPlus, Version 23.1.0-87ed9199d4, YMD=2026.08.31 03:00"
30217,IT.MidClim.AB.01.Gen.ReEx.001.001,AB,IT.01,FALLBACK_PENDING_LAYOUT_MISSING_DWELLING_COUNT,IMPUTED_CENSUS_SECTION_CONSTRUCTION_PERIOD,e8dd551c54ce249485c4a54ad43fb459e2ad96b71c91cdbdd50dcd2fb2be0da4,ab631c6026e3f7cf5cfcff7c6a506eb84b6eeb62f1afa5703fc48ef0897e25fa,0,0,0,23615.424115,615.9787,38.338053,79,hostname=speed-11.encs.concordia.ca / kernel=Linux 5.14.0-687.39.1.el9_8.x86_64,"EnergyPlus, Version 23.1.0-87ed9199d4, YMD=2026.08.31 03:00"
30221,IT.MidClim.AB.01.Gen.ReEx.001.001,AB,IT.01,FALLBACK_PENDING_LAYOUT_MISSING_DWELLING_COUNT,IMPUTED_CENSUS_SECTION_CONSTRUCTION_PERIOD,b687813774da4e13a63bea3b31434cbdb241cbc433e81845d16442933fee30cb,ab631c6026e3f7cf5cfcff7c6a506eb84b6eeb62f1afa5703fc48ef0897e25fa,0,0,0,66942.707111,1290.0566,51.891295,3022,hostname=speed-35.encs.concordia.ca / kernel=Linux 5.14.0-687.39.1.el9_8.x86_64,"EnergyPlus, Version 23.1.0-87ed9199d4, YMD=2026.08.31 03:06"
30226,IT.MidClim.AB.01.Gen.ReEx.001.001,AB,IT.01,FALLBACK_PENDING_LAYOUT_MISSING_DWELLING_COUNT,IMPUTED_CENSUS_SECTION_CONSTRUCTION_PERIOD,3f44d2b8f448762e03a3b9764f294cd099e7761379ab1ecce1337cc38d4707ad,ab631c6026e3f7cf5cfcff7c6a506eb84b6eeb62f1afa5703fc48ef0897e25fa,0,0,0,64614.071159,1409.1626,45.852814,3032,hostname=speed-30.encs.concordia.ca / kernel=Linux 5.14.0-687.39.1.el9_8.x86_64,"EnergyPlus, Version 23.1.0-87ed9199d4, YMD=2026.08.31 03:07"
30230,IT.MidClim.AB.01.Gen.ReEx.001.001,AB,IT.01,FALLBACK_PENDING_LAYOUT_MISSING_DWELLING_COUNT,IMPUTED_CENSUS_SECTION_CONSTRUCTION_PERIOD,ebd5f27f8bedd82fa60781658bfc9908924b4099bccfbb76a21585dcde1b5b17,ab631c6026e3f7cf5cfcff7c6a506eb84b6eeb62f1afa5703fc48ef0897e25fa,0,0,0,98473.686154,2376.2291,41.441158,874,hostname=speed-15.encs.concordia.ca / kernel=Linux 5.14.0-687.39.1.el9_8.x86_64,"EnergyPlus, Version 23.1.0-87ed9199d4, YMD=2026.08.31 03:08"
30232,IT.MidClim.AB.01.Gen.ReEx.001.001,AB,IT.01,FALLBACK_PENDING_LAYOUT_MISSING_DWELLING_COUNT,IMPUTED_CENSUS_SECTION_CONSTRUCTION_PERIOD,5287d4ddaaac396b6ece9709e27d4338e206c5de021b36088e9dc1238d06db85,ab631c6026e3f7cf5cfcff7c6a506eb84b6eeb62f1afa5703fc48ef0897e25fa,0,0,0,159041.846434,3197.9742,49.732061,1909,hostname=magic-node-04.encs.concordia.ca / kernel=Linux 5.14.0-687.39.1.el9_8.x86_64,"EnergyPlus, Version 23.1.0-87ed9199d4, YMD=2026.08.31 03:08"
30233,IT.MidClim.MFH.01.Gen.ReEx.001.001,MFH,IT.01,DWELLING_LAYOUT_EMITTED_IMPUTED_COUNT,IMPUTED_CENSUS_SECTION_CONSTRUCTION_PERIOD,00d14a121abef409ebdc1ceaf67fabeaa2914faa9cb8d856b0f8d6cfc18856d9,ab631c6026e3f7cf5cfcff7c6a506eb84b6eeb62f1afa5703fc48ef0897e25fa,1,2,1,,1069.1618,,4,hostname=magic-node-06.encs.concordia.ca / kernel=Linux 5.14.0-687.39.1.el9_8.x86_64,"EnergyPlus, Version 23.1.0-87ed9199d4, YMD=2026.08.31 03:09"
30240,IT.MidClim.AB.01.Gen.ReEx.001.001,AB,IT.01,FALLBACK_PENDING_LAYOUT_MISSING_DWELLING_COUNT,IMPUTED_CENSUS_SECTION_CONSTRUCTION_PERIOD,85c814cbbdc1754ab2ba8c691121fa5951734edceec84f1d37bf174277a68f6d,ab631c6026e3f7cf5cfcff7c6a506eb84b6eeb62f1afa5703fc48ef0897e25fa,0,0,0,63112.202808,1081.5921,58.351205,5955,hostname=magic-node-06.encs.concordia.ca / kernel=Linux 5.14.0-687.39.1.el9_8.x86_64,"EnergyPlus, Version 23.1.0-87ed9199d4, YMD=2026.08.31 03:09"
30241,IT.MidClim.AB.01.Gen.ReEx.001.001,AB,IT.01,FALLBACK_PENDING_LAYOUT_MISSING_DWELLING_COUNT,IMPUTED_CENSUS_SECTION_CONSTRUCTION_PERIOD,973c3986af45b11bed5420265070af95811daafe3cf999a95581e1bae9d8b19d,ab631c6026e3f7cf5cfcff7c6a506eb84b6eeb62f1afa5703fc48ef0897e25fa,0,0,0,37382.604621,835.8657,44.723219,297,hostname=speed-43.encs.concordia.ca / kernel=Linux 5.14.0-687.39.1.el9_8.x86_64,"EnergyPlus, Version 23.1.0-87ed9199d4, YMD=2026.08.31 03:10"
30244,IT.MidClim.AB.01.Gen.ReEx.001.001,AB,IT.01,FALLBACK_PENDING_LAYOUT_MISSING_DWELLING_COUNT,IMPUTED_CENSUS_SECTION_CONSTRUCTION_PERIOD,90ed9025ff2679ce75e8d87b4ef36c696fe593ae3a67ee15c6eb262d9597534b,ab631c6026e3f7cf5cfcff7c6a506eb84b6eeb62f1afa5703fc48ef0897e25fa,0,0,0,73716.839425,1248.2175,59.057688,89,hostname=speed-34.encs.concordia.ca / kernel=Linux 5.14.0-687.39.1.el9_8.x86_64,"EnergyPlus, Version 23.1.0-87ed9199d4, YMD=2026.08.31 03:10"
30253,IT.MidClim.AB.01.Gen.ReEx.001.001,AB,IT.01,FALLBACK_PENDING_LAYOUT_MISSING_DWELLING_COUNT,IMPUTED_CENSUS_SECTION_CONSTRUCTION_PERIOD,b4e4305606bdbf9dc5e6dc96b6f58ffa7cf2c90e96e767248c22d07621676013,ab631c6026e3f7cf5cfcff7c6a506eb84b6eeb62f1afa5703fc48ef0897e25fa,0,0,0,69274.694236,1171.7902,59.118684,49,hostname=speed-43.encs.concordia.ca / kernel=Linux 5.14.0-687.39.1.el9_8.x86_64,"EnergyPlus, Version 23.1.0-87ed9199d4, YMD=2026.08.31 03:10"
30259,IT.MidClim.MFH.01.Gen.ReEx.001.001,MFH,IT.01,DWELLING_LAYOUT_EMITTED_IMPUTED_COUNT,IMPUTED_CENSUS_SECTION_CONSTRUCTION_PERIOD,cda87f64341075b20ac7c3d9984cc373238260f587a422d22fd40943ccbc6826,ab631c6026e3f7cf5cfcff7c6a506eb84b6eeb62f1afa5703fc48ef0897e25fa,1,3,1,,815.5802,,4,hostname=magic-node-10.encs.concordia.ca / kernel=Linux 5.14.0-687.39.1.el9_8.x86_64,"EnergyPlus, Version 23.1.0-87ed9199d4, YMD=2026.08.31 03:11"
30261,IT.MidClim.MFH.01.Gen.ReEx.001.001,MFH,IT.01,DWELLING_LAYOUT_EMITTED_IMPUTED_COUNT,IMPUTED_CENSUS_SECTION_CONSTRUCTION_PERIOD,b93dd9709e9a3ddef7b59babec8541ff887efc4eee83092cf825589a6ac36ddc,ab631c6026e3f7cf5cfcff7c6a506eb84b6eeb62f1afa5703fc48ef0897e25fa,1,2,1,,534.812,,4,hostname=magic-node-10.encs.concordia.ca / kernel=Linux 5.14.0-687.39.1.el9_8.x86_64,"EnergyPlus, Version 23.1.0-87ed9199d4, YMD=2026.08.31 03:11"
30272,IT.MidClim.MFH.01.Gen.ReEx.001.001,MFH,IT.01,DWELLING_LAYOUT_EMITTED_IMPUTED_COUNT,IMPUTED_CENSUS_SECTION_CONSTRUCTION_PERIOD,0f475cecd866e4cd605a8593f785415e9fc6fd3460307397477453fb6f36b66a,ab631c6026e3f7cf5cfcff7c6a506eb84b6eeb62f1afa5703fc48ef0897e25fa,1,2,1,,358.2155,,3,hostname=magic-node-10.encs.concordia.ca / kernel=Linux 5.14.0-687.39.1.el9_8.x86_64,"EnergyPlus, Version 23.1.0-87ed9199d4, YMD=2026.08.31 03:11"
30277,IT.MidClim.MFH.01.Gen.ReEx.001.001,MFH,IT.01,DWELLING_LAYOUT_EMITTED_IMPUTED_COUNT,IMPUTED_CENSUS_SECTION_CONSTRUCTION_PERIOD,ecaa159a3346e9b8adfc8e11795d95fc1ac851c0cbdd35f438c1a1dfd30c3d73,ab631c6026e3f7cf5cfcff7c6a506eb84b6eeb62f1afa5703fc48ef0897e25fa,1,2,1,,394.1766,,3,hostname=magic-node-10.encs.concordia.ca / kernel=Linux 5.14.0-687.39.1.el9_8.x86_64,"EnergyPlus, Version 23.1.0-87ed9199d4, YMD=2026.08.31 03:11"
30278,IT.MidClim.MFH.05.Gen.ReEx.001.001,MFH,IT.05,FALLBACK_PENDING_LAYOUT_MISSING_DWELLING_COUNT,IMPUTED_CENSUS_SECTION_CONSTRUCTION_PERIOD,a1339ad6f92ecdfe49d0b741722b16b1c8c8cb3105e45f2bd47cba8e8fdbc751,ab631c6026e3f7cf5cfcff7c6a506eb84b6eeb62f1afa5703fc48ef0897e25fa,0,0,0,40779.639605,716.7913,56.891929,1562,hostname=speed-36.encs.concordia.ca / kernel=Linux 5.14.0-687.39.1.el9_8.x86_64,"EnergyPlus, Version 23.1.0-87ed9199d4, YMD=2026.08.31 03:11"
30282,IT.MidClim.MFH.01.Gen.ReEx.001.001,MFH,IT.01,DWELLING_LAYOUT_EMITTED_IMPUTED_COUNT,IMPUTED_CENSUS_SECTION_CONSTRUCTION_PERIOD,0ee351bb72347bca4d8ff78f4dc80c1f23d515d014e1013204cf335e8515d771,ab631c6026e3f7cf5cfcff7c6a506eb84b6eeb62f1afa5703fc48ef0897e25fa,0,0,0,26023.056361,483.1778,53.858137,6534,hostname=magic-node-10.encs.concordia.ca / kernel=Linux 5.14.0-687.39.1.el9_8.x86_64,"EnergyPlus, Version 23.1.0-87ed9199d4, YMD=2026.08.31 03:11"
30294,IT.MidClim.SFH.01.Gen.ReEx.001.001,SFH,IT.01,DWELLING_LAYOUT_EMITTED_IMPUTED_COUNT,IMPUTED_CENSUS_SECTION_CONSTRUCTION_PERIOD,1529311f058a1b9c609fbd8275746741bc000f9a8b97df81f8b206b2008a3e8c,ab631c6026e3f7cf5cfcff7c6a506eb84b6eeb62f1afa5703fc48ef0897e25fa,0,0,0,5905.966694,23.2445,254.080178,11,hostname=speed-43.encs.concordia.ca / kernel=Linux 5.14.0-687.39.1.el9_8.x86_64,"EnergyPlus, Version 23.1.0-87ed9199d4, YMD=2026.08.31 03:11"
30298,IT.MidClim.AB.01.Gen.ReEx.001.001,AB,IT.01,FALLBACK_PENDING_LAYOUT_MISSING_DWELLING_COUNT,IMPUTED_CENSUS_SECTION_CONSTRUCTION_PERIOD,d48e20cee94ab2cbf59bb551fbe564a343baf809e723e1a43b8e285518543f25,ab631c6026e3f7cf5cfcff7c6a506eb84b6eeb62f1afa5703fc48ef0897e25fa,0,0,0,92290.359783,1938.6079,47.606512,360,hostname=speed-43.encs.concordia.ca / kernel=Linux 5.14.0-687.39.1.el9_8.x86_64,"EnergyPlus, Version 23.1.0-87ed9199d4, YMD=2026.08.31 03:16"
30304,IT.MidClim.MFH.01.Gen.ReEx.001.001,MFH,IT.01,DWELLING_LAYOUT_EMITTED_IMPUTED_COUNT,IMPUTED_CENSUS_SECTION_CONSTRUCTION_PERIOD,abc7bbe461796a4949735e754a351d42553e780ca6ffa09434c24118ca40d96f,ab631c6026e3f7cf5cfcff7c6a506eb84b6eeb62f1afa5703fc48ef0897e25fa,0,0,0,65013.853435,952.0557,68.287867,75,hostname=speed-43.encs.concordia.ca / kernel=Linux 5.14.0-687.39.1.el9_8.x86_64,"EnergyPlus, Version 23.1.0-87ed9199d4, YMD=2026.08.31 03:16"
30306,IT.MidClim.AB.01.Gen.ReEx.001.001,AB,IT.01,DWELLING_LAYOUT_EMITTED_IMPUTED_COUNT,IMPUTED_CENSUS_SECTION_CONSTRUCTION_PERIOD,31c203586cd43ea00eb8b5ede8b3c4e4f4456a198522704e7617f8a490851d4c,ab631c6026e3f7cf5cfcff7c6a506eb84b6eeb62f1afa5703fc48ef0897e25fa,1,8,1,,395.7124,,3,hostname=speed-43.encs.concordia.ca / kernel=Linux 5.14.0-687.39.1.el9_8.x86_64,"EnergyPlus, Version 23.1.0-87ed9199d4, YMD=2026.08.31 03:17"
30308,IT.MidClim.MFH.01.Gen.ReEx.001.001,MFH,IT.01,DWELLING_LAYOUT_EMITTED_IMPUTED_COUNT,IMPUTED_CENSUS_SECTION_CONSTRUCTION_PERIOD,357c521fefc5389ea194c8b8c9fee7939c9f0d7197c10267b356c02634cf903d,ab631c6026e3f7cf5cfcff7c6a506eb84b6eeb62f1afa5703fc48ef0897e25fa,0,0,0,21273.412915,382.3753,55.634903,2958,hostname=speed-43.encs.concordia.ca / kernel=Linux 5.14.0-687.39.1.el9_8.x86_64,"EnergyPlus, Version 23.1.0-87ed9199d4, YMD=2026.08.31 03:17"
30311,IT.MidClim.MFH.01.Gen.ReEx.001.001,MFH,IT.01,DWELLING_LAYOUT_EMITTED_IMPUTED_COUNT,IMPUTED_CENSUS_SECTION_CONSTRUCTION_PERIOD,4f911e0fd8f64d06c74f0dbad22741ce28166daf8225e55c145cdb578613d352,ab631c6026e3f7cf5cfcff7c6a506eb84b6eeb62f1afa5703fc48ef0897e25fa,0,0,0,34409.392806,672.5738,51.160769,2014,hostname=speed-11.encs.concordia.ca / kernel=Linux 5.14.0-687.39.1.el9_8.x86_64,"EnergyPlus, Version 23.1.0-87ed9199d4, YMD=2026.08.31 03:17"
30319,IT.MidClim.AB.01.Gen.ReEx.001.001,AB,IT.01,FALLBACK_PENDING_LAYOUT_MISSING_DWELLING_COUNT,IMPUTED_CENSUS_SECTION_CONSTRUCTION_PERIOD,c1f12c8fc59fb84461f876c5e94a6e041ae3148fa89ef0223fa2e4ec97cbce58,ab631c6026e3f7cf5cfcff7c6a506eb84b6eeb62f1afa5703fc48ef0897e25fa,0,0,0,51680.515089,1545.8763,33.43121,476,hostname=speed-43.encs.concordia.ca / kernel=Linux 5.14.0-687.39.1.el9_8.x86_64,"EnergyPlus, Version 23.1.0-87ed9199d4, YMD=2026.08.31 03:18"
30320,IT.MidClim.AB.01.Gen.ReEx.001.001,AB,IT.01,DWELLING_LAYOUT_EMITTED_IMPUTED_COUNT,IMPUTED_CENSUS_SECTION_CONSTRUCTION_PERIOD,6f28d62c71c7fbcb37653e7c540a32e7bbfad495f2f13a4df2273efc1eb47d29,ab631c6026e3f7cf5cfcff7c6a506eb84b6eeb62f1afa5703fc48ef0897e25fa,0,0,0,201409.103357,3708.8471,54.305044,226,hostname=speed-11.encs.concordia.ca / kernel=Linux 5.14.0-687.39.1.el9_8.x86_64,"EnergyPlus, Version 23.1.0-87ed9199d4, YMD=2026.08.31 03:18"
30323,IT.MidClim.AB.01.Gen.ReEx.001.001,AB,IT.01,DWELLING_LAYOUT_EMITTED_IMPUTED_COUNT,IMPUTED_CENSUS_SECTION_CONSTRUCTION_PERIOD,507049ec809d3ce740cfc3eba18209c8d406c7da3df57f6e4e06eb4ed3a30040,ab631c6026e3f7cf5cfcff7c6a506eb84b6eeb62f1afa5703fc48ef0897e25fa,0,0,0,26506.023778,575.5165,46.056062,765,hostname=speed-15.encs.concordia.ca / kernel=Linux 5.14.0-687.39.1.el9_8.x86_64,"EnergyPlus, Version 23.1.0-87ed9199d4, YMD=2026.08.31 03:20"
30330,IT.MidClim.AB.01.Gen.ReEx.001.001,AB,IT.01,FALLBACK_PENDING_LAYOUT_MISSING_DWELLING_COUNT,IMPUTED_CENSUS_SECTION_CONSTRUCTION_PERIOD,18eebfc4eae2ad5da2e91ba34031450be228b78ee52377fb116370d431469ba2,ab631c6026e3f7cf5cfcff7c6a506eb84b6eeb62f1afa5703fc48ef0897e25fa,0,0,0,157302.943532,3138.7449,50.116511,2068,hostname=speed-09.encs.concordia.ca / kernel=Linux 5.14.0-687.39.1.el9_8.x86_64,"EnergyPlus, Version 23.1.0-87ed9199d4, YMD=2026.08.31 03:20"
30340,IT.MidClim.MFH.01.Gen.ReEx.001.001,MFH,IT.01,DWELLING_LAYOUT_EMITTED_IMPUTED_COUNT,IMPUTED_CENSUS_SECTION_CONSTRUCTION_PERIOD,c7687c8403342ad37405d7468cf496a8191fcb16dd6933862ce4dd6e34679054,ab631c6026e3f7cf5cfcff7c6a506eb84b6eeb62f1afa5703fc48ef0897e25fa,0,1,0,16425.679256,157.283,104.433914,2389,hostname=magic-node-03.encs.concordia.ca / kernel=Linux 5.14.0-687.39.1.el9_8.x86_64,"EnergyPlus, Version 23.1.0-87ed9199d4, YMD=2026.08.31 03:20"
30348,IT.MidClim.AB.01.Gen.ReEx.001.001,AB,IT.01,FALLBACK_PENDING_LAYOUT_MISSING_DWELLING_COUNT,IMPUTED_CENSUS_SECTION_CONSTRUCTION_PERIOD,15628c3f47e2ec00ec5c7d7df9e6ef36342344fe0712336065d3b810d8371f1e,ab631c6026e3f7cf5cfcff7c6a506eb84b6eeb62f1afa5703fc48ef0897e25fa,0,0,0,209313.75415,5026.7195,41.64023,622,hostname=speed-43.encs.concordia.ca / kernel=Linux 5.14.0-687.39.1.el9_8.x86_64,"EnergyPlus, Version 23.1.0-87ed9199d4, YMD=2026.08.31 03:21"
30354,IT.MidClim.MFH.01.Gen.ReEx.001.001,MFH,IT.01,DWELLING_LAYOUT_EMITTED_IMPUTED_COUNT,IMPUTED_CENSUS_SECTION_CONSTRUCTION_PERIOD,e3a5e0b66d8fdbf4b0c10b7cef749acd3044f2b2f568ac0e57747716826be2c1,ab631c6026e3f7cf5cfcff7c6a506eb84b6eeb62f1afa5703fc48ef0897e25fa,1,2,1,,921.8397,,2,hostname=wolsey.encs.concordia.ca / kernel=Linux 5.14.0-687.39.1.el9_8.x86_64,"EnergyPlus, Version 23.1.0-87ed9199d4, YMD=2026.08.31 03:26"
30356,IT.MidClim.AB.01.Gen.ReEx.001.001,AB,IT.01,FALLBACK_PENDING_LAYOUT_MISSING_DWELLING_COUNT,IMPUTED_CENSUS_SECTION_CONSTRUCTION_PERIOD,ce19e542149d52e769f0bb98e5cd91eb9dd19995b598b14c97c12f3f9dbfd6fd,ab631c6026e3f7cf5cfcff7c6a506eb84b6eeb62f1afa5703fc48ef0897e25fa,0,0,0,38632.762735,716.9191,53.8872,181,hostname=wolsey.encs.concordia.ca / kernel=Linux 5.14.0-687.39.1.el9_8.x86_64,"EnergyPlus, Version 23.1.0-87ed9199d4, YMD=2026.08.31 03:26"
30357,IT.MidClim.AB.01.Gen.ReEx.001.001,AB,IT.01,DWELLING_LAYOUT_EMITTED_IMPUTED_COUNT,IMPUTED_CENSUS_SECTION_CONSTRUCTION_PERIOD,fd880c4b81cc72d091e005e0ea925d7c73fae3a1924f066a036a1683ae9beb5e,ab631c6026e3f7cf5cfcff7c6a506eb84b6eeb62f1afa5703fc48ef0897e25fa,0,1,0,5998.386764,107.3113,55.897065,299,hostname=magic-node-07.encs.concordia.ca / kernel=Linux 5.14.0-687.39.1.el9_8.x86_64,"EnergyPlus, Version 23.1.0-87ed9199d4, YMD=2026.08.31 03:26"
30358,IT.MidClim.AB.01.Gen.ReEx.001.001,AB,IT.01,FALLBACK_PENDING_LAYOUT_MISSING_DWELLING_COUNT,IMPUTED_CENSUS_SECTION_CONSTRUCTION_PERIOD,d3fc028ffcacadf2f50eb0c68d3e89a5097cf0dca89f86ce508a0c7fa9991f8a,ab631c6026e3f7cf5cfcff7c6a506eb84b6eeb62f1afa5703fc48ef0897e25fa,0,0,0,89544.073231,1562.3004,57.315529,6813,hostname=magic-node-08.encs.concordia.ca / kernel=Linux 5.14.0-687.39.1.el9_8.x86_64,"EnergyPlus, Version 23.1.0-87ed9199d4, YMD=2026.08.31 03:27"
30362,IT.MidClim.MFH.01.Gen.ReEx.001.001,MFH,IT.01,DWELLING_LAYOUT_EMITTED_IMPUTED_COUNT,IMPUTED_CENSUS_SECTION_CONSTRUCTION_PERIOD,2afdd37c7f9c2084f85b5f0b96a9d1d1a9a14655b199a1bb4f303e048a091e1d,ab631c6026e3f7cf5cfcff7c6a506eb84b6eeb62f1afa5703fc48ef0897e25fa,0,0,0,27494.852851,496.9356,55.328805,70,hostname=speed-08.encs.concordia.ca / kernel=Linux 5.14.0-687.39.1.el9_8.x86_64,"EnergyPlus, Version 23.1.0-87ed9199d4, YMD=2026.08.31 03:27"
30368,IT.MidClim.AB.01.Gen.ReEx.001.001,AB,IT.01,DWELLING_LAYOUT_EMITTED_IMPUTED_COUNT,IMPUTED_CENSUS_SECTION_CONSTRUCTION_PERIOD,3cae6f409d5d51370ddbdb2b07ef7ecae0330b2245e9c8266e07a02733015177,ab631c6026e3f7cf5cfcff7c6a506eb84b6eeb62f1afa5703fc48ef0897e25fa,1,35,1,,10773.2816,,1,hostname=speed-34.encs.concordia.ca / kernel=Linux 5.14.0-687.39.1.el9_8.x86_64,"EnergyPlus, Version 23.1.0-87ed9199d4, YMD=2026.08.31 03:28"
30374,IT.MidClim.MFH.01.Gen.ReEx.001.001,MFH,IT.01,DWELLING_LAYOUT_EMITTED_IMPUTED_COUNT,IMPUTED_CENSUS_SECTION_CONSTRUCTION_PERIOD,4ab31a12c42723c0582eaabf5c2546e11ee6366dbb8e8ef381c4dfc10f66752d,ab631c6026e3f7cf5cfcff7c6a506eb84b6eeb62f1afa5703fc48ef0897e25fa,0,0,0,31462.683403,498.1896,63.154035,371,hostname=speed-34.encs.concordia.ca / kernel=Linux 5.14.0-687.39.1.el9_8.x86_64,"EnergyPlus, Version 23.1.0-87ed9199d4, YMD=2026.08.31 03:28"
30376,IT.MidClim.MFH.01.Gen.ReEx.001.001,MFH,IT.01,DWELLING_LAYOUT_EMITTED_IMPUTED_COUNT,IMPUTED_CENSUS_SECTION_CONSTRUCTION_PERIOD,f5bb85f5ec915f463f5bc49271940ed090c84f80f749fcebca2808e38c96f027,ab631c6026e3f7cf5cfcff7c6a506eb84b6eeb62f1afa5703fc48ef0897e25fa,0,0,0,38544.906817,462.3128,83.374085,1213,hostname=speed-43.encs.concordia.ca / kernel=Linux 5.14.0-687.39.1.el9_8.x86_64,"EnergyPlus, Version 23.1.0-87ed9199d4, YMD=2026.08.31 03:28"
30384,IT.MidClim.AB.01.Gen.ReEx.001.001,AB,IT.01,FALLBACK_PENDING_LAYOUT_MISSING_DWELLING_COUNT,IMPUTED_CENSUS_SECTION_CONSTRUCTION_PERIOD,9ef5ae0ac7c51c085e91165cde32b3ffc553b20690e39540f5bd8db6632cffe4,ab631c6026e3f7cf5cfcff7c6a506eb84b6eeb62f1afa5703fc48ef0897e25fa,0,0,0,34252.464345,1022.3163,33.504762,31,hostname=speed-08.encs.concordia.ca / kernel=Linux 5.14.0-687.39.1.el9_8.x86_64,"EnergyPlus, Version 23.1.0-87ed9199d4, YMD=2026.08.31 03:28"
30390,IT.MidClim.AB.01.Gen.ReEx.001.001,AB,IT.01,FALLBACK_PENDING_LAYOUT_MISSING_DWELLING_COUNT,IMPUTED_CENSUS_SECTION_CONSTRUCTION_PERIOD,494df5f9c614d297cd43cf9d74519bb72420f64003cfab1ed78b89698123e3ed,ab631c6026e3f7cf5cfcff7c6a506eb84b6eeb62f1afa5703fc48ef0897e25fa,0,0,0,143918.452918,3200.0472,44.973853,3548,hostname=speed-08.encs.concordia.ca / kernel=Linux 5.14.0-687.39.1.el9_8.x86_64,"EnergyPlus, Version 23.1.0-87ed9199d4, YMD=2026.08.31 03:29"
30399,IT.MidClim.AB.01.Gen.ReEx.001.001,AB,IT.01,FALLBACK_PENDING_LAYOUT_MISSING_DWELLING_COUNT,IMPUTED_CENSUS_SECTION_CONSTRUCTION_PERIOD,dbdeacce3e8982819426fa4d5959c4388ca21954ac52ecd4162dc8e704f0a4e2,ab631c6026e3f7cf5cfcff7c6a506eb84b6eeb62f1afa5703fc48ef0897e25fa,0,0,0,30237.24482,359.3586,84.14226,1713,hostname=speed-15.encs.concordia.ca / kernel=Linux 5.14.0-687.39.1.el9_8.x86_64,"EnergyPlus, Version 23.1.0-87ed9199d4, YMD=2026.08.31 03:29"
30407,IT.MidClim.AB.01.Gen.ReEx.001.001,AB,IT.01,FALLBACK_PENDING_LAYOUT_MISSING_DWELLING_COUNT,IMPUTED_CENSUS_SECTION_CONSTRUCTION_PERIOD,f993f76152db0cf8429b2131935cd88d1ae54843351f92f19d9cccf21fe5b541,ab631c6026e3f7cf5cfcff7c6a506eb84b6eeb62f1afa5703fc48ef0897e25fa,0,0,0,65653.992953,977.6018,67.158216,209,hostname=speed-29.encs.concordia.ca / kernel=Linux 5.14.0-687.39.1.el9_8.x86_64,"EnergyPlus, Version 23.1.0-87ed9199d4, YMD=2026.08.31 03:29"
30422,IT.MidClim.MFH.01.Gen.ReEx.001.001,MFH,IT.01,DWELLING_LAYOUT_EMITTED_IMPUTED_COUNT,IMPUTED_CENSUS_SECTION_CONSTRUCTION_PERIOD,82f784b6a4b99e45075f10c4489c5b16baf1605adfd017a46a4bf8c45360cf31,ab631c6026e3f7cf5cfcff7c6a506eb84b6eeb62f1afa5703fc48ef0897e25fa,0,0,0,10574.884077,183.8975,57.50423,327,hostname=stellar.encs.concordia.ca / kernel=Linux 5.14.0-687.39.1.el9_8.x86_64,"EnergyPlus, Version 23.1.0-87ed9199d4, YMD=2026.08.31 03:29"
30423,IT.MidClim.MFH.01.Gen.ReEx.001.001,MFH,IT.01,DWELLING_LAYOUT_EMITTED_IMPUTED_COUNT,IMPUTED_CENSUS_SECTION_CONSTRUCTION_PERIOD,6874e482a18339a8299c3a581bad29c81a128ec3090a65e3771140a2b794c192,ab631c6026e3f7cf5cfcff7c6a506eb84b6eeb62f1afa5703fc48ef0897e25fa,0,0,0,41142.996331,666.1555,61.76185,974,hostname=wolsey.encs.concordia.ca / kernel=Linux 5.14.0-687.39.1.el9_8.x86_64,"EnergyPlus, Version 23.1.0-87ed9199d4, YMD=2026.08.31 03:29"
30425,IT.MidClim.SFH.01.Gen.ReEx.001.001,SFH,IT.01,DWELLING_LAYOUT_EMITTED_IMPUTED_COUNT,IMPUTED_CENSUS_SECTION_CONSTRUCTION_PERIOD,f37eecc90f1850aac0f81051ca57241e0df913c7191ad30aa919f9c65ecf71ac,ab631c6026e3f7cf5cfcff7c6a506eb84b6eeb62f1afa5703fc48ef0897e25fa,0,0,0,31148.967204,187.0739,166.506216,12,hostname=speed-43.encs.concordia.ca / kernel=Linux 5.14.0-687.39.1.el9_8.x86_64,"EnergyPlus, Version 23.1.0-87ed9199d4, YMD=2026.08.31 03:29"
30427,IT.MidClim.AB.01.Gen.ReEx.001.001,AB,IT.01,FALLBACK_PENDING_LAYOUT_MISSING_DWELLING_COUNT,IMPUTED_CENSUS_SECTION_CONSTRUCTION_PERIOD,62ce8b731ef151f037a248c128058fdf1752c361fbef9330a511f5746ea407c9,ab631c6026e3f7cf5cfcff7c6a506eb84b6eeb62f1afa5703fc48ef0897e25fa,0,0,0,127111.976407,2422.4112,52.473328,430,hostname=speed-29.encs.concordia.ca / kernel=Linux 5.14.0-687.39.1.el9_8.x86_64,"EnergyPlus, Version 23.1.0-87ed9199d4, YMD=2026.08.31 03:29"
30429,IT.MidClim.AB.01.Gen.ReEx.001.001,AB,IT.01,FALLBACK_PENDING_LAYOUT_MISSING_DWELLING_COUNT,IMPUTED_CENSUS_SECTION_CONSTRUCTION_PERIOD,ab632b310a94b65415e4f730d0d5a3cbd7c29c0a0309f7fff297de5c0aa4e365,ab631c6026e3f7cf5cfcff7c6a506eb84b6eeb62f1afa5703fc48ef0897e25fa,0,0,0,66541.117796,1046.2211,63.601392,725,hostname=magic-node-02.encs.concordia.ca / kernel=Linux 5.14.0-687.39.1.el9_8.x86_64,"EnergyPlus, Version 23.1.0-87ed9199d4, YMD=2026.08.31 03:30"
30438,IT.MidClim.TH.01.Gen.ReEx.001.001,TH,IT.01,DWELLING_LAYOUT_EMITTED_IMPUTED_COUNT,IMPUTED_CENSUS_SECTION_CONSTRUCTION_PERIOD,b794a7edb2d42ec44b14eff833b5be01931f9d075d4a507e9ce7705f051a9d64,ab631c6026e3f7cf5cfcff7c6a506eb84b6eeb62f1afa5703fc48ef0897e25fa,0,0,0,5818.561206,30.8689,188.492664,1737,hostname=speed-09.encs.concordia.ca / kernel=Linux 5.14.0-687.39.1.el9_8.x86_64,"EnergyPlus, Version 23.1.0-87ed9199d4, YMD=2026.08.31 03:36"
30440,IT.MidClim.MFH.01.Gen.ReEx.001.001,MFH,IT.01,DWELLING_LAYOUT_EMITTED_IMPUTED_COUNT,IMPUTED_CENSUS_SECTION_CONSTRUCTION_PERIOD,c1336fd9fc80c37466201b45827873097bb098af782b0b2b6f63b3eebd458267,ab631c6026e3f7cf5cfcff7c6a506eb84b6eeb62f1afa5703fc48ef0897e25fa,0,0,0,33334.703162,738.4505,45.141419,3161,hostname=magic-node-01.encs.concordia.ca / kernel=Linux 5.14.0-687.39.1.el9_8.x86_64,"EnergyPlus, Version 23.1.0-87ed9199d4, YMD=2026.08.31 03:36"
30442,IT.MidClim.AB.01.Gen.ReEx.001.001,AB,IT.01,FALLBACK_PENDING_LAYOUT_MISSING_DWELLING_COUNT,IMPUTED_CENSUS_SECTION_CONSTRUCTION_PERIOD,1645b16fd7714b5f780ce32ee9ad4a84419481f605959d969acb6431bddba865,ab631c6026e3f7cf5cfcff7c6a506eb84b6eeb62f1afa5703fc48ef0897e25fa,0,0,0,243192.031368,4837.2649,50.274698,2895,hostname=speed-29.encs.concordia.ca / kernel=Linux 5.14.0-687.39.1.el9_8.x86_64,"EnergyPlus, Version 23.1.0-87ed9199d4, YMD=2026.08.31 03:37"
30445,IT.MidClim.AB.01.Gen.ReEx.001.001,AB,IT.01,DWELLING_LAYOUT_EMITTED_IMPUTED_COUNT,IMPUTED_CENSUS_SECTION_CONSTRUCTION_PERIOD,c70a91c5d845f0456d921c0616d59a80c3c5f4d72db06e6514fa3acc03edc6b7,ab631c6026e3f7cf5cfcff7c6a506eb84b6eeb62f1afa5703fc48ef0897e25fa,1,13,1,,1776.518,,3,hostname=speed-36.encs.concordia.ca / kernel=Linux 5.14.0-687.39.1.el9_8.x86_64,"EnergyPlus, Version 23.1.0-87ed9199d4, YMD=2026.08.31 03:37"
30452,IT.MidClim.MFH.01.Gen.ReEx.001.001,MFH,IT.01,DWELLING_LAYOUT_EMITTED_IMPUTED_COUNT,IMPUTED_CENSUS_SECTION_CONSTRUCTION_PERIOD,19b0dc73807aadd237aad7935643b81b3de89c80dd17414b41ae2c16b85a2a48,ab631c6026e3f7cf5cfcff7c6a506eb84b6eeb62f1afa5703fc48ef0897e25fa,0,0,0,30236.774769,326.9947,92.4687,2572,hostname=speed-36.encs.concordia.ca / kernel=Linux 5.14.0-687.39.1.el9_8.x86_64,"EnergyPlus, Version 23.1.0-87ed9199d4, YMD=2026.08.31 03:37"
30477,IT.MidClim.MFH.01.Gen.ReEx.001.001,MFH,IT.01,DWELLING_LAYOUT_EMITTED_IMPUTED_COUNT,IMPUTED_CENSUS_SECTION_CONSTRUCTION_PERIOD,8b641c008af3a92163b2df7901db957c15383f26a8278ef7bcd68480df8b027a,ab631c6026e3f7cf5cfcff7c6a506eb84b6eeb62f1afa5703fc48ef0897e25fa,0,1,0,14191.580102,135.2725,104.911051,2106,hostname=speed-43.encs.concordia.ca / kernel=Linux 5.14.0-687.39.1.el9_8.x86_64,"EnergyPlus, Version 23.1.0-87ed9199d4, YMD=2026.08.31 03:38"
30478,IT.MidClim.AB.01.Gen.ReEx.001.001,AB,IT.01,DWELLING_LAYOUT_EMITTED_IMPUTED_COUNT,IMPUTED_CENSUS_SECTION_CONSTRUCTION_PERIOD,7457ea1f5357ced3dfb9ff8474436498db4d5c8ea416377a292fbe6abc2d3c95,ab631c6026e3f7cf5cfcff7c6a506eb84b6eeb62f1afa5703fc48ef0897e25fa,0,0,0,42858.195267,517.0009,82.897719,207,hostname=magic-node-05.encs.concordia.ca / kernel=Linux 5.14.0-687.39.1.el9_8.x86_64,"EnergyPlus, Version 23.1.0-87ed9199d4, YMD=2026.08.31 03:38"
30485,IT.MidClim.AB.01.Gen.ReEx.001.001,AB,IT.01,FALLBACK_PENDING_LAYOUT_MISSING_DWELLING_COUNT,IMPUTED_CENSUS_SECTION_CONSTRUCTION_PERIOD,208186a25da3a7d072295597999ec365e425c514390b2d66b924cb336819cdd0,ab631c6026e3f7cf5cfcff7c6a506eb84b6eeb62f1afa5703fc48ef0897e25fa,0,0,0,101096.431569,1847.3322,54.725637,6547,hostname=magic-node-07.encs.concordia.ca / kernel=Linux 5.14.0-687.39.1.el9_8.x86_64,"EnergyPlus, Version 23.1.0-87ed9199d4, YMD=2026.08.31 03:38"
30487,IT.MidClim.MFH.01.Gen.ReEx.001.001,MFH,IT.01,DWELLING_LAYOUT_EMITTED_IMPUTED_COUNT,IMPUTED_CENSUS_SECTION_CONSTRUCTION_PERIOD,ec83b8112d55ef55624a66f374e03c185ffc9347ac4f3ecc5de6eae1d0319c5d,ab631c6026e3f7cf5cfcff7c6a506eb84b6eeb62f1afa5703fc48ef0897e25fa,0,0,0,53882.385561,778.8929,69.17817,1147,hostname=speed-29.encs.concordia.ca / kernel=Linux 5.14.0-687.39.1.el9_8.x86_64,"EnergyPlus, Version 23.1.0-87ed9199d4, YMD=2026.08.31 03:39"
30488,IT.MidClim.MFH.01.Gen.ReEx.001.001,MFH,IT.01,DWELLING_LAYOUT_EMITTED_IMPUTED_COUNT,IMPUTED_CENSUS_SECTION_CONSTRUCTION_PERIOD,dea966ff21f8b958967acadd6f432f0f4787a9c51f4c90e356b55b3d16a01ac3,ab631c6026e3f7cf5cfcff7c6a506eb84b6eeb62f1afa5703fc48ef0897e25fa,1,5,1,,421.3288,,3,hostname=stellar.encs.concordia.ca / kernel=Linux 5.14.0-687.39.1.el9_8.x86_64,"EnergyPlus, Version 23.1.0-87ed9199d4, YMD=2026.08.31 03:39"
30489,IT.MidClim.MFH.01.Gen.ReEx.001.001,MFH,IT.01,DWELLING_LAYOUT_EMITTED_IMPUTED_COUNT,IMPUTED_CENSUS_SECTION_CONSTRUCTION_PERIOD,d587418b6c6c8107c0c8833425412a3eceefa6bd77ee660b7b4b79d7524407ad,ab631c6026e3f7cf5cfcff7c6a506eb84b6eeb62f1afa5703fc48ef0897e25fa,0,0,0,7529.969355,138.488,54.372721,76,hostname=stellar.encs.concordia.ca / kernel=Linux 5.14.0-687.39.1.el9_8.x86_64,"EnergyPlus, Version 23.1.0-87ed9199d4, YMD=2026.08.31 03:39"
30496,IT.MidClim.AB.01.Gen.ReEx.001.001,AB,IT.01,FALLBACK_PENDING_LAYOUT_MISSING_DWELLING_COUNT,IMPUTED_CENSUS_SECTION_CONSTRUCTION_PERIOD,75e8642f01e7bff00ce9406267647ed457203bf95e0b92228d016b9afaf73f6b,ab631c6026e3f7cf5cfcff7c6a506eb84b6eeb62f1afa5703fc48ef0897e25fa,0,0,0,278697.736209,5731.966,48.621666,701,hostname=magic-node-04.encs.concordia.ca / kernel=Linux 5.14.0-687.39.1.el9_8.x86_64,"EnergyPlus, Version 23.1.0-87ed9199d4, YMD=2026.08.31 03:40"
30505,IT.MidClim.AB.01.Gen.ReEx.001.001,AB,IT.01,FALLBACK_PENDING_LAYOUT_MISSING_DWELLING_COUNT,IMPUTED_CENSUS_SECTION_CONSTRUCTION_PERIOD,2634f34552a05eeddb38e00278e4738edc3433d86a78412377c8f403f7168839,ab631c6026e3f7cf5cfcff7c6a506eb84b6eeb62f1afa5703fc48ef0897e25fa,0,0,0,113857.632513,2138.9587,53.230402,59,hostname=speed-08.encs.concordia.ca / kernel=Linux 5.14.0-687.39.1.el9_8.x86_64,"EnergyPlus, Version 23.1.0-87ed9199d4, YMD=2026.08.31 03:40"
30506,IT.MidClim.AB.01.Gen.ReEx.001.001,AB,IT.01,DWELLING_LAYOUT_EMITTED_IMPUTED_COUNT,IMPUTED_CENSUS_SECTION_CONSTRUCTION_PERIOD,09bddb11ab90fe0d90fe1dac9676430e9a7ccbd73fdd9f2f56d5db0225d36aea,ab631c6026e3f7cf5cfcff7c6a506eb84b6eeb62f1afa5703fc48ef0897e25fa,0,0,0,69246.62498,778.9733,88.894735,2748,hostname=speed-34.encs.concordia.ca / kernel=Linux 5.14.0-687.39.1.el9_8.x86_64,"EnergyPlus, Version 23.1.0-87ed9199d4, YMD=2026.08.31 03:40"
30508,IT.MidClim.AB.01.Gen.ReEx.001.001,AB,IT.01,FALLBACK_PENDING_LAYOUT_MISSING_DWELLING_COUNT,IMPUTED_CENSUS_SECTION_CONSTRUCTION_PERIOD,a12b54ddeb458853c204136f231ae54012f16a7ebe2625686711dc75ff33afbd,ab631c6026e3f7cf5cfcff7c6a506eb84b6eeb62f1afa5703fc48ef0897e25fa,0,0,0,102412.791355,1934.4106,52.942633,49,hostname=stellar.encs.concordia.ca / kernel=Linux 5.14.0-687.39.1.el9_8.x86_64,"EnergyPlus, Version 23.1.0-87ed9199d4, YMD=2026.08.31 03:41"
30510,IT.MidClim.AB.01.Gen.ReEx.001.001,AB,IT.01,FALLBACK_PENDING_LAYOUT_MISSING_DWELLING_COUNT,IMPUTED_CENSUS_SECTION_CONSTRUCTION_PERIOD,8475c12b26a6b9a4dfc30c64fdba6f1fbd58d35ca67bcdc056478a8e5dfe9967,ab631c6026e3f7cf5cfcff7c6a506eb84b6eeb62f1afa5703fc48ef0897e25fa,0,0,0,89390.492258,1558.2678,57.365295,348,hostname=speed-43.encs.concordia.ca / kernel=Linux 5.14.0-687.39.1.el9_8.x86_64,"EnergyPlus, Version 23.1.0-87ed9199d4, YMD=2026.08.31 03:47"
30530,IT.MidClim.MFH.01.Gen.ReEx.001.001,MFH,IT.01,DWELLING_LAYOUT_EMITTED_IMPUTED_COUNT,IMPUTED_CENSUS_SECTION_CONSTRUCTION_PERIOD,73f33ed4cc55d16f1a4c7a2874dc6c9239b5e8c72116fe11a9c0390e47173833,ab631c6026e3f7cf5cfcff7c6a506eb84b6eeb62f1afa5703fc48ef0897e25fa,0,0,0,34889.988544,462.7955,75.389645,1763,hostname=speed-32.encs.concordia.ca / kernel=Linux 5.14.0-687.39.1.el9_8.x86_64,"EnergyPlus, Version 23.1.0-87ed9199d4, YMD=2026.08.31 03:47"
30532,IT.MidClim.AB.01.Gen.ReEx.001.001,AB,IT.01,FALLBACK_PENDING_LAYOUT_MISSING_DWELLING_COUNT,IMPUTED_CENSUS_SECTION_CONSTRUCTION_PERIOD,903362e86b5d7aeee7472ee1138e05a8517f69676af0e2ee3fda4e5bf9364091,ab631c6026e3f7cf5cfcff7c6a506eb84b6eeb62f1afa5703fc48ef0897e25fa,0,0,0,268215.683264,5842.0218,45.911449,1107,hostname=magic-node-09.encs.concordia.ca / kernel=Linux 5.14.0-687.39.1.el9_8.x86_64,"EnergyPlus, Version 23.1.0-87ed9199d4, YMD=2026.08.31 03:48"
30533,IT.MidClim.MFH.01.Gen.ReEx.001.001,MFH,IT.01,DWELLING_LAYOUT_EMITTED_IMPUTED_COUNT,IMPUTED_CENSUS_SECTION_CONSTRUCTION_PERIOD,e9dac07999ef734022984478945c9e475dd5088e10113b003846cb5114c4a43e,ab631c6026e3f7cf5cfcff7c6a506eb84b6eeb62f1afa5703fc48ef0897e25fa,0,0,0,41087.601854,515.3307,79.730553,36,hostname=speed-43.encs.concordia.ca / kernel=Linux 5.14.0-687.39.1.el9_8.x86_64,"EnergyPlus, Version 23.1.0-87ed9199d4, YMD=2026.08.31 03:48"
30538,IT.MidClim.AB.01.Gen.ReEx.001.001,AB,IT.01,FALLBACK_PENDING_LAYOUT_MISSING_DWELLING_COUNT,IMPUTED_CENSUS_SECTION_CONSTRUCTION_PERIOD,43e5912287e305f91b3185d520c1fd4b3f69d51f8dd1297e337fc75cc5caaf16,ab631c6026e3f7cf5cfcff7c6a506eb84b6eeb62f1afa5703fc48ef0897e25fa,0,0,0,82629.199229,1487.4418,55.551215,913,hostname=speed-43.encs.concordia.ca / kernel=Linux 5.14.0-687.39.1.el9_8.x86_64,"EnergyPlus, Version 23.1.0-87ed9199d4, YMD=2026.08.31 03:49"
30540,IT.MidClim.AB.01.Gen.ReEx.001.001,AB,IT.01,FALLBACK_PENDING_LAYOUT_MISSING_DWELLING_COUNT,IMPUTED_CENSUS_SECTION_CONSTRUCTION_PERIOD,a96e12a90fea38fd8b0de1516ab0dc3ffb18dc16afa40e4ad58607a2014811aa,ab631c6026e3f7cf5cfcff7c6a506eb84b6eeb62f1afa5703fc48ef0897e25fa,0,0,0,147851.502999,3338.2215,44.290501,782,hostname=speed-15.encs.concordia.ca / kernel=Linux 5.14.0-687.39.1.el9_8.x86_64,"EnergyPlus, Version 23.1.0-87ed9199d4, YMD=2026.08.31 03:49"
30544,IT.MidClim.AB.01.Gen.ReEx.001.001,AB,IT.01,FALLBACK_PENDING_LAYOUT_MISSING_DWELLING_COUNT,IMPUTED_CENSUS_SECTION_CONSTRUCTION_PERIOD,d3c076657ae473c3e4aa1d4cb8dd59835492db5555b89bc1e4cc1207f7a4a20a,ab631c6026e3f7cf5cfcff7c6a506eb84b6eeb62f1afa5703fc48ef0897e25fa,0,0,0,1214423.587227,19956.1981,60.854456,101,hostname=stellar.encs.concordia.ca / kernel=Linux 5.14.0-687.39.1.el9_8.x86_64,"EnergyPlus, Version 23.1.0-87ed9199d4, YMD=2026.08.31 03:49"
30545,IT.MidClim.AB.01.Gen.ReEx.001.001,AB,IT.01,FALLBACK_PENDING_LAYOUT_MISSING_DWELLING_COUNT,IMPUTED_CENSUS_SECTION_CONSTRUCTION_PERIOD,f2b06b95b1a2ccfffdcf7f4d2ba175f82be899ccf28e0bf31e6787a5b959d787,ab631c6026e3f7cf5cfcff7c6a506eb84b6eeb62f1afa5703fc48ef0897e25fa,0,0,0,191659.571053,3883.1527,49.356692,86,hostname=speed-08.encs.concordia.ca / kernel=Linux 5.14.0-687.39.1.el9_8.x86_64,"EnergyPlus, Version 23.1.0-87ed9199d4, YMD=2026.08.31 03:50"
30546,IT.MidClim.MFH.01.Gen.ReEx.001.001,MFH,IT.01,DWELLING_LAYOUT_EMITTED_IMPUTED_COUNT,IMPUTED_CENSUS_SECTION_CONSTRUCTION_PERIOD,0d63248eeda83f3949979f30927a52460bbeebe7abfad98538f82f37ac2705c1,ab631c6026e3f7cf5cfcff7c6a506eb84b6eeb62f1afa5703fc48ef0897e25fa,1,3,1,,428.1233,,2,hostname=speed-11.encs.concordia.ca / kernel=Linux 5.14.0-687.39.1.el9_8.x86_64,"EnergyPlus, Version 23.1.0-87ed9199d4, YMD=2026.08.31 03:51"
30556,IT.MidClim.MFH.01.Gen.ReEx.001.001,MFH,IT.01,DWELLING_LAYOUT_EMITTED_IMPUTED_COUNT,IMPUTED_CENSUS_SECTION_CONSTRUCTION_PERIOD,e4b25d004467c3304f38f22297447c3c2b48491fba7429b63a77436a964d0b75,ab631c6026e3f7cf5cfcff7c6a506eb84b6eeb62f1afa5703fc48ef0897e25fa,1,4,1,,236.9538,,1,hostname=speed-11.encs.concordia.ca / kernel=Linux 5.14.0-687.39.1.el9_8.x86_64,"EnergyPlus, Version 23.1.0-87ed9199d4, YMD=2026.08.31 03:51"
30564,IT.MidClim.AB.01.Gen.ReEx.001.001,AB,IT.01,FALLBACK_PENDING_LAYOUT_MISSING_DWELLING_COUNT,IMPUTED_CENSUS_SECTION_CONSTRUCTION_PERIOD,3110bfc0394451a385e1bbf4008990957b1e70b7c2bfb05d605f8a5702b87034,ab631c6026e3f7cf5cfcff7c6a506eb84b6eeb62f1afa5703fc48ef0897e25fa,0,0,0,71621.136079,1486.64,48.176516,1403,hostname=speed-11.encs.concordia.ca / kernel=Linux 5.14.0-687.39.1.el9_8.x86_64,"EnergyPlus, Version 23.1.0-87ed9199d4, YMD=2026.08.31 03:51"
30568,IT.MidClim.MFH.01.Gen.ReEx.001.001,MFH,IT.01,DWELLING_LAYOUT_EMITTED_IMPUTED_COUNT,IMPUTED_CENSUS_SECTION_CONSTRUCTION_PERIOD,786b3c664bb85c018f368a7aa5963ce686579eef16d4fb71cf9582d41f7a63df,ab631c6026e3f7cf5cfcff7c6a506eb84b6eeb62f1afa5703fc48ef0897e25fa,0,0,0,68873.343174,1074.5971,64.092247,890,hostname=antenna2.encs.concordia.ca / kernel=Linux 5.14.0-687.36.1.el9_8.x86_64,"EnergyPlus, Version 23.1.0-87ed9199d4, YMD=2026.08.31 03:51"
30570,IT.MidClim.AB.01.Gen.ReEx.001.001,AB,IT.01,FALLBACK_PENDING_LAYOUT_MISSING_DWELLING_COUNT,IMPUTED_CENSUS_SECTION_CONSTRUCTION_PERIOD,3281f70b15a05b910b60da88edff667f21764427fad862b94234c70c03c9738b,ab631c6026e3f7cf5cfcff7c6a506eb84b6eeb62f1afa5703fc48ef0897e25fa,0,0,0,73043.257146,1494.0844,48.888307,1584,hostname=speed-11.encs.concordia.ca / kernel=Linux 5.14.0-687.39.1.el9_8.x86_64,"EnergyPlus, Version 23.1.0-87ed9199d4, YMD=2026.08.31 03:56"
30573,IT.MidClim.AB.01.Gen.ReEx.001.001,AB,IT.01,FALLBACK_PENDING_LAYOUT_MISSING_DWELLING_COUNT,IMPUTED_CENSUS_SECTION_CONSTRUCTION_PERIOD,3ac0d09c352f6d19b799f95d28ccf7fc2b92647397450366794686c92f07fcd8,ab631c6026e3f7cf5cfcff7c6a506eb84b6eeb62f1afa5703fc48ef0897e25fa,0,0,0,42712.071482,1275.972,33.474145,106,hostname=speed-35.encs.concordia.ca / kernel=Linux 5.14.0-687.39.1.el9_8.x86_64,"EnergyPlus, Version 23.1.0-87ed9199d4, YMD=2026.08.31 03:56"
30574,IT.MidClim.AB.01.Gen.ReEx.001.001,AB,IT.01,DWELLING_LAYOUT_EMITTED_IMPUTED_COUNT,IMPUTED_CENSUS_SECTION_CONSTRUCTION_PERIOD,5670caa622a21a8b138935482321e7175e5c2ac0576349b4db79ce92bebf01dc,ab631c6026e3f7cf5cfcff7c6a506eb84b6eeb62f1afa5703fc48ef0897e25fa,1,9,1,,427.6685,,2,hostname=wolsey.encs.concordia.ca / kernel=Linux 5.14.0-687.39.1.el9_8.x86_64,"EnergyPlus, Version 23.1.0-87ed9199d4, YMD=2026.08.31 03:57"
30575,IT.MidClim.AB.01.Gen.ReEx.001.001,AB,IT.01,FALLBACK_PENDING_LAYOUT_MISSING_DWELLING_COUNT,IMPUTED_CENSUS_SECTION_CONSTRUCTION_PERIOD,d8c9139ffa5e8da17eb46b3c02bf031269d917b5c80101c889abd112c37b5682,ab631c6026e3f7cf5cfcff7c6a506eb84b6eeb62f1afa5703fc48ef0897e25fa,0,0,0,79720.788919,1485.9987,53.647953,211,hostname=wolsey.encs.concordia.ca / kernel=Linux 5.14.0-687.39.1.el9_8.x86_64,"EnergyPlus, Version 23.1.0-87ed9199d4, YMD=2026.08.31 03:57"
30586,IT.MidClim.AB.01.Gen.ReEx.001.001,AB,IT.01,FALLBACK_PENDING_LAYOUT_MISSING_DWELLING_COUNT,IMPUTED_CENSUS_SECTION_CONSTRUCTION_PERIOD,93e04c93f8d1b0bcd65c4f0b2e4018f70a7577f4c72f2b4063f3e67fa067998a,ab631c6026e3f7cf5cfcff7c6a506eb84b6eeb62f1afa5703fc48ef0897e25fa,0,0,0,254723.594674,4822.4551,52.820314,658,hostname=speed-15.encs.concordia.ca / kernel=Linux 5.14.0-687.39.1.el9_8.x86_64,"EnergyPlus, Version 23.1.0-87ed9199d4, YMD=2026.08.31 03:57"
30593,IT.MidClim.AB.01.Gen.ReEx.001.001,AB,IT.01,FALLBACK_PENDING_LAYOUT_MISSING_DWELLING_COUNT,IMPUTED_CENSUS_SECTION_CONSTRUCTION_PERIOD,a62e333927bbd01026c3c51bb870006ba07660c31f75e613bcf5f0a45487ff08,ab631c6026e3f7cf5cfcff7c6a506eb84b6eeb62f1afa5703fc48ef0897e25fa,0,0,0,45499.436743,953.6292,47.711875,1475,hostname=magic-node-02.encs.concordia.ca / kernel=Linux 5.14.0-687.39.1.el9_8.x86_64,"EnergyPlus, Version 23.1.0-87ed9199d4, YMD=2026.08.31 03:57"
30594,IT.MidClim.AB.01.Gen.ReEx.001.001,AB,IT.01,FALLBACK_PENDING_LAYOUT_MISSING_DWELLING_COUNT,IMPUTED_CENSUS_SECTION_CONSTRUCTION_PERIOD,0987b664c9eeb952a49700767254d142405776b8533e3a36aef6d81a957025e2,ab631c6026e3f7cf5cfcff7c6a506eb84b6eeb62f1afa5703fc48ef0897e25fa,0,0,0,332874.850421,7618.5348,43.692765,481,hostname=speed-30.encs.concordia.ca / kernel=Linux 5.14.0-687.39.1.el9_8.x86_64,"EnergyPlus, Version 23.1.0-87ed9199d4, YMD=2026.08.31 03:58"
30596,IT.MidClim.MFH.01.Gen.ReEx.001.001,MFH,IT.01,DWELLING_LAYOUT_EMITTED_IMPUTED_COUNT,IMPUTED_CENSUS_SECTION_CONSTRUCTION_PERIOD,904d18898446ec2d35b0e3c64406d970e0449aabe50b2589ac5bae70b6d5f829,ab631c6026e3f7cf5cfcff7c6a506eb84b6eeb62f1afa5703fc48ef0897e25fa,0,0,0,12752.726664,267.5933,47.657122,430,hostname=speed-35.encs.concordia.ca / kernel=Linux 5.14.0-687.39.1.el9_8.x86_64,"EnergyPlus, Version 23.1.0-87ed9199d4, YMD=2026.08.31 03:58"
30597,IT.MidClim.MFH.01.Gen.ReEx.001.001,MFH,IT.01,DWELLING_LAYOUT_EMITTED_IMPUTED_COUNT,IMPUTED_CENSUS_SECTION_CONSTRUCTION_PERIOD,61611a633b773f02a4f25cd925d3439e65f8e30a9cfacd2830044b89997c78d3,ab631c6026e3f7cf5cfcff7c6a506eb84b6eeb62f1afa5703fc48ef0897e25fa,1,2,1,,550.4557,,2,hostname=speed-29.encs.concordia.ca / kernel=Linux 5.14.0-687.39.1.el9_8.x86_64,"EnergyPlus, Version 23.1.0-87ed9199d4, YMD=2026.08.31 03:58"
30611,IT.MidClim.AB.01.Gen.ReEx.001.001,AB,IT.01,FALLBACK_PENDING_LAYOUT_MISSING_DWELLING_COUNT,IMPUTED_CENSUS_SECTION_CONSTRUCTION_PERIOD,4d52eba7a82752829625e30e6d641e7d8be41cdcd8a02b8ae4399fbae245f180,ab631c6026e3f7cf5cfcff7c6a506eb84b6eeb62f1afa5703fc48ef0897e25fa,0,0,0,37858.777558,762.9379,49.622358,990,hostname=speed-29.encs.concordia.ca / kernel=Linux 5.14.0-687.39.1.el9_8.x86_64,"EnergyPlus, Version 23.1.0-87ed9199d4, YMD=2026.08.31 03:58"
30620,IT.MidClim.AB.01.Gen.ReEx.001.001,AB,IT.01,FALLBACK_PENDING_LAYOUT_MISSING_DWELLING_COUNT,IMPUTED_CENSUS_SECTION_CONSTRUCTION_PERIOD,09e931dcef9d1738d1a828a7c9e239d67f268dc2b2481018f5fc00dda236ab91,ab631c6026e3f7cf5cfcff7c6a506eb84b6eeb62f1afa5703fc48ef0897e25fa,0,0,0,76369.085816,1542.5409,49.508629,289,hostname=speed-08.encs.concordia.ca / kernel=Linux 5.14.0-687.39.1.el9_8.x86_64,"EnergyPlus, Version 23.1.0-87ed9199d4, YMD=2026.08.31 03:58"
30622,IT.MidClim.MFH.01.Gen.ReEx.001.001,MFH,IT.01,DWELLING_LAYOUT_EMITTED_IMPUTED_COUNT,IMPUTED_CENSUS_SECTION_CONSTRUCTION_PERIOD,2447024f0f7fc8082e0f2c006954b2335cf2d2c3c0b22f91f013589a19e40905,ab631c6026e3f7cf5cfcff7c6a506eb84b6eeb62f1afa5703fc48ef0897e25fa,0,0,0,78213.991662,1248.9481,62.623893,439,hostname=magic-node-03.encs.concordia.ca / kernel=Linux 5.14.0-687.39.1.el9_8.x86_64,"EnergyPlus, Version 23.1.0-87ed9199d4, YMD=2026.08.31 04:00"
30623,IT.MidClim.AB.01.Gen.ReEx.001.001,AB,IT.01,FALLBACK_PENDING_LAYOUT_MISSING_DWELLING_COUNT,IMPUTED_CENSUS_SECTION_CONSTRUCTION_PERIOD,7c489f9eefe3bcc725ea0845f25e5aa389304761e37192321e367fd755bfaa77,ab631c6026e3f7cf5cfcff7c6a506eb84b6eeb62f1afa5703fc48ef0897e25fa,0,0,0,253368.096291,5026.9805,50.401647,1489,hostname=wolsey.encs.concordia.ca / kernel=Linux 5.14.0-687.39.1.el9_8.x86_64,"EnergyPlus, Version 23.1.0-87ed9199d4, YMD=2026.08.31 04:00"
30631,IT.MidClim.MFH.01.Gen.ReEx.001.001,MFH,IT.01,DWELLING_LAYOUT_EMITTED_IMPUTED_COUNT,IMPUTED_CENSUS_SECTION_CONSTRUCTION_PERIOD,33437e976817f3c13fe724cbc106f062f51a5be49020ae0c09ba136e5021add6,ab631c6026e3f7cf5cfcff7c6a506eb84b6eeb62f1afa5703fc48ef0897e25fa,0,0,0,24073.193733,258.2402,93.220164,55,hostname=speed-09.encs.concordia.ca / kernel=Linux 5.14.0-687.39.1.el9_8.x86_64,"EnergyPlus, Version 23.1.0-87ed9199d4, YMD=2026.08.31 04:01"
30632,IT.MidClim.AB.01.Gen.ReEx.001.001,AB,IT.01,FALLBACK_PENDING_LAYOUT_MISSING_DWELLING_COUNT,IMPUTED_CENSUS_SECTION_CONSTRUCTION_PERIOD,7d139f67fc4cec0f9aaa430395c635c26237607aa3c0fda05da7ee47eb94cbad,ab631c6026e3f7cf5cfcff7c6a506eb84b6eeb62f1afa5703fc48ef0897e25fa,0,0,0,142257.676536,2719.8864,52.302801,263,hostname=magic-node-04.encs.concordia.ca / kernel=Linux 5.14.0-687.39.1.el9_8.x86_64,"EnergyPlus, Version 23.1.0-87ed9199d4, YMD=2026.08.31 04:01"
30646,IT.MidClim.AB.01.Gen.ReEx.001.001,AB,IT.01,FALLBACK_PENDING_LAYOUT_MISSING_DWELLING_COUNT,IMPUTED_CENSUS_SECTION_CONSTRUCTION_PERIOD,a62e38e7eafbc206eca305e75574efc38d6204f0c21310812ac519e70417fe42,ab631c6026e3f7cf5cfcff7c6a506eb84b6eeb62f1afa5703fc48ef0897e25fa,0,0,0,190562.647408,3777.867,50.441862,1596,hostname=speed-43.encs.concordia.ca / kernel=Linux 5.14.0-687.39.1.el9_8.x86_64,"EnergyPlus, Version 23.1.0-87ed9199d4, YMD=2026.08.31 04:06"
30649,IT.MidClim.AB.01.Gen.ReEx.001.001,AB,IT.01,FALLBACK_PENDING_LAYOUT_MISSING_DWELLING_COUNT,IMPUTED_CENSUS_SECTION_CONSTRUCTION_PERIOD,804d97822f942a025c8c8ec77b443f15753b3acc8e188e55f5805075540724c9,ab631c6026e3f7cf5cfcff7c6a506eb84b6eeb62f1afa5703fc48ef0897e25fa,0,0,0,213578.745715,5507.9963,38.776124,713,hostname=magic-node-09.encs.concordia.ca / kernel=Linux 5.14.0-687.39.1.el9_8.x86_64,"EnergyPlus, Version 23.1.0-87ed9199d4, YMD=2026.08.31 04:06"
30651,IT.MidClim.AB.01.Gen.ReEx.001.001,AB,IT.01,DWELLING_LAYOUT_EMITTED_IMPUTED_COUNT,IMPUTED_CENSUS_SECTION_CONSTRUCTION_PERIOD,3393a973236ca267754e6ea5a2077a703c583d3f1bd5eba31ff7e61d72860135,ab631c6026e3f7cf5cfcff7c6a506eb84b6eeb62f1afa5703fc48ef0897e25fa,0,0,0,68758.395676,1009.2712,68.126779,537,hostname=speed-09.encs.concordia.ca / kernel=Linux 5.14.0-687.39.1.el9_8.x86_64,"EnergyPlus, Version 23.1.0-87ed9199d4, YMD=2026.08.31 04:06"
30660,IT.MidClim.AB.01.Gen.ReEx.001.001,AB,IT.01,FALLBACK_PENDING_LAYOUT_MISSING_DWELLING_COUNT,IMPUTED_CENSUS_SECTION_CONSTRUCTION_PERIOD,67d9e73606a611b2a771d43312eb9211a0c3ea0f501dbeb76964633d61d9a4d4,ab631c6026e3f7cf5cfcff7c6a506eb84b6eeb62f1afa5703fc48ef0897e25fa,0,0,0,122062.811283,2154.7153,56.64916,3541,hostname=speed-08.encs.concordia.ca / kernel=Linux 5.14.0-687.39.1.el9_8.x86_64,"EnergyPlus, Version 23.1.0-87ed9199d4, YMD=2026.08.31 04:07"
30661,IT.MidClim.MFH.01.Gen.ReEx.001.001,MFH,IT.01,DWELLING_LAYOUT_EMITTED_IMPUTED_COUNT,IMPUTED_CENSUS_SECTION_CONSTRUCTION_PERIOD,64cb38e9eb4d2caa9bca74cc1e5e6e8b84477e88cd8451468aa9dc8496bf2e52,ab631c6026e3f7cf5cfcff7c6a506eb84b6eeb62f1afa5703fc48ef0897e25fa,0,0,0,35801.828394,547.2352,65.423109,1319,hostname=magic-node-04.encs.concordia.ca / kernel=Linux 5.14.0-687.39.1.el9_8.x86_64,"EnergyPlus, Version 23.1.0-87ed9199d4, YMD=2026.08.31 04:07"
30665,IT.MidClim.MFH.01.Gen.ReEx.001.001,MFH,IT.01,DWELLING_LAYOUT_EMITTED_IMPUTED_COUNT,IMPUTED_CENSUS_SECTION_CONSTRUCTION_PERIOD,867a5efc96983f13e3fa348de59dec81a76b7009b0d68608c8005784eb88b597,ab631c6026e3f7cf5cfcff7c6a506eb84b6eeb62f1afa5703fc48ef0897e25fa,0,0,0,84847.135454,1223.7337,69.33464,65,hostname=stellar.encs.concordia.ca / kernel=Linux 5.14.0-687.39.1.el9_8.x86_64,"EnergyPlus, Version 23.1.0-87ed9199d4, YMD=2026.08.31 04:07"
30686,IT.MidClim.AB.01.Gen.ReEx.001.001,AB,IT.01,FALLBACK_PENDING_LAYOUT_MISSING_DWELLING_COUNT,IMPUTED_CENSUS_SECTION_CONSTRUCTION_PERIOD,b8561829a769af25f4e46425f56566ec4755a3d01173ad33a2bf98eb3e7b344b,ab631c6026e3f7cf5cfcff7c6a506eb84b6eeb62f1afa5703fc48ef0897e25fa,0,0,0,929839.587902,22990.3696,40.444743,822,hostname=speed-09.encs.concordia.ca / kernel=Linux 5.14.0-687.39.1.el9_8.x86_64,"EnergyPlus, Version 23.1.0-87ed9199d4, YMD=2026.08.31 04:07"
30688,IT.MidClim.MFH.01.Gen.ReEx.001.001,MFH,IT.01,DWELLING_LAYOUT_EMITTED_IMPUTED_COUNT,IMPUTED_CENSUS_SECTION_CONSTRUCTION_PERIOD,f0f8ecc293c9f1d017c16e6bfbf9bd5798a96e305ca1b61f6438692e2a17c3a6,ab631c6026e3f7cf5cfcff7c6a506eb84b6eeb62f1afa5703fc48ef0897e25fa,0,0,0,10858.894434,166.2242,65.326796,1098,hostname=magic-node-03.encs.concordia.ca / kernel=Linux 5.14.0-687.39.1.el9_8.x86_64,"EnergyPlus, Version 23.1.0-87ed9199d4, YMD=2026.08.31 04:08"
30691,IT.MidClim.MFH.01.Gen.ReEx.001.001,MFH,IT.01,DWELLING_LAYOUT_EMITTED_IMPUTED_COUNT,IMPUTED_CENSUS_SECTION_CONSTRUCTION_PERIOD,b695465ed419b6f4e906d59ff50a4675c051febe9bf02cbac2976be913f7edef,ab631c6026e3f7cf5cfcff7c6a506eb84b6eeb62f1afa5703fc48ef0897e25fa,0,0,0,45002.725343,715.2332,62.920353,896,hostname=speed-15.encs.concordia.ca / kernel=Linux 5.14.0-687.39.1.el9_8.x86_64,"EnergyPlus, Version 23.1.0-87ed9199d4, YMD=2026.08.31 04:08"
30697,IT.MidClim.MFH.01.Gen.ReEx.001.001,MFH,IT.01,DWELLING_LAYOUT_EMITTED_IMPUTED_COUNT,IMPUTED_CENSUS_SECTION_CONSTRUCTION_PERIOD,8f65145938f8bcb45a4395d20546b22266ae3cdcafabacb375c665d4f8e45460,ab631c6026e3f7cf5cfcff7c6a506eb84b6eeb62f1afa5703fc48ef0897e25fa,0,0,0,181600.234314,3220.0817,56.396157,22,hostname=stellar.encs.concordia.ca / kernel=Linux 5.14.0-687.39.1.el9_8.x86_64,"EnergyPlus, Version 23.1.0-87ed9199d4, YMD=2026.08.31 04:09"
30702,IT.MidClim.MFH.01.Gen.ReEx.001.001,MFH,IT.01,DWELLING_LAYOUT_EMITTED_IMPUTED_COUNT,IMPUTED_CENSUS_SECTION_CONSTRUCTION_PERIOD,e8f617465e33e1ef6f1a23fb58ee872dc060fb9ec9441549909cc3a6dc1666cb,ab631c6026e3f7cf5cfcff7c6a506eb84b6eeb62f1afa5703fc48ef0897e25fa,0,1,0,32164.405956,382.3922,84.113656,263,hostname=stellar.encs.concordia.ca / kernel=Linux 5.14.0-687.39.1.el9_8.x86_64,"EnergyPlus, Version 23.1.0-87ed9199d4, YMD=2026.08.31 04:09"
30704,IT.MidClim.MFH.01.Gen.ReEx.001.001,MFH,IT.01,DWELLING_LAYOUT_EMITTED_IMPUTED_COUNT,IMPUTED_CENSUS_SECTION_CONSTRUCTION_PERIOD,e43e83d6c1b743f24fc0cf83738403ca9cc74a95166d30c7c873ed4566dacf8a,ab631c6026e3f7cf5cfcff7c6a506eb84b6eeb62f1afa5703fc48ef0897e25fa,1,2,1,,691.1051,,3,hostname=speed-30.encs.concordia.ca / kernel=Linux 5.14.0-687.39.1.el9_8.x86_64,"EnergyPlus, Version 23.1.0-87ed9199d4, YMD=2026.08.31 04:10"
30715,IT.MidClim.AB.01.Gen.ReEx.001.001,AB,IT.01,FALLBACK_PENDING_LAYOUT_MISSING_DWELLING_COUNT,IMPUTED_CENSUS_SECTION_CONSTRUCTION_PERIOD,d292bc79a4149bb5e9566e441dcd25bf26cd5bb7a2791fd13ac2fc180d3e3db8,ab631c6026e3f7cf5cfcff7c6a506eb84b6eeb62f1afa5703fc48ef0897e25fa,0,0,0,49119.458237,842.3509,58.312347,2124,hostname=speed-30.encs.concordia.ca / kernel=Linux 5.14.0-687.39.1.el9_8.x86_64,"EnergyPlus, Version 23.1.0-87ed9199d4, YMD=2026.08.31 04:10"
30718,IT.MidClim.SFH.01.Gen.ReEx.001.001,SFH,IT.01,DWELLING_LAYOUT_EMITTED_IMPUTED_COUNT,IMPUTED_CENSUS_SECTION_CONSTRUCTION_PERIOD,6c7d867f1001474ec1c91f4468c38b1d544d30128e7ac862ee9c081396601857,ab631c6026e3f7cf5cfcff7c6a506eb84b6eeb62f1afa5703fc48ef0897e25fa,0,0,0,39301.048904,254.0373,154.70582,52,hostname=speed-43.encs.concordia.ca / kernel=Linux 5.14.0-687.39.1.el9_8.x86_64,"EnergyPlus, Version 23.1.0-87ed9199d4, YMD=2026.08.31 04:11"
30719,IT.MidClim.MFH.01.Gen.ReEx.001.001,MFH,IT.01,DWELLING_LAYOUT_EMITTED_IMPUTED_COUNT,IMPUTED_CENSUS_SECTION_CONSTRUCTION_PERIOD,b8b14d0be400dbc538db95bad591738b27c25e94c092e2c5b0b59911758b6b37,ab631c6026e3f7cf5cfcff7c6a506eb84b6eeb62f1afa5703fc48ef0897e25fa,0,0,0,93369.54401,2286.8733,40.828473,54,hostname=antenna2.encs.concordia.ca / kernel=Linux 5.14.0-687.36.1.el9_8.x86_64,"EnergyPlus, Version 23.1.0-87ed9199d4, YMD=2026.08.31 04:16"
30722,IT.MidClim.MFH.01.Gen.ReEx.001.001,MFH,IT.01,DWELLING_LAYOUT_EMITTED_IMPUTED_COUNT,IMPUTED_CENSUS_SECTION_CONSTRUCTION_PERIOD,c758f8e793821aca7d765621b72b910fdd8936b6967014f67228a66bed476519,ab631c6026e3f7cf5cfcff7c6a506eb84b6eeb62f1afa5703fc48ef0897e25fa,0,0,0,46280.086972,640.8742,72.213996,938,hostname=speed-32.encs.concordia.ca / kernel=Linux 5.14.0-687.39.1.el9_8.x86_64,"EnergyPlus, Version 23.1.0-87ed9199d4, YMD=2026.08.31 04:16"
30741,IT.MidClim.AB.01.Gen.ReEx.001.001,AB,IT.01,FALLBACK_PENDING_LAYOUT_MISSING_DWELLING_COUNT,IMPUTED_CENSUS_SECTION_CONSTRUCTION_PERIOD,fee4ccc7505c10872ed7555042e098feb4d056d296c9815936670d1224320d73,ab631c6026e3f7cf5cfcff7c6a506eb84b6eeb62f1afa5703fc48ef0897e25fa,0,0,0,78159.193457,1644.0961,47.53931,274,hostname=speed-43.encs.concordia.ca / kernel=Linux 5.14.0-687.39.1.el9_8.x86_64,"EnergyPlus, Version 23.1.0-87ed9199d4, YMD=2026.08.31 04:16"
30742,IT.MidClim.AB.01.Gen.ReEx.001.001,AB,IT.01,FALLBACK_PENDING_LAYOUT_MISSING_DWELLING_COUNT,IMPUTED_CENSUS_SECTION_CONSTRUCTION_PERIOD,25aae514ecb4ef908aacc60e2f3f5bd551b46ee0402746be6151cff4d4d2abca,ab631c6026e3f7cf5cfcff7c6a506eb84b6eeb62f1afa5703fc48ef0897e25fa,0,0,0,160034.186971,3706.9931,43.170889,154,hostname=speed-15.encs.concordia.ca / kernel=Linux 5.14.0-687.39.1.el9_8.x86_64,"EnergyPlus, Version 23.1.0-87ed9199d4, YMD=2026.08.31 04:17"
30743,IT.MidClim.MFH.01.Gen.ReEx.001.001,MFH,IT.01,DWELLING_LAYOUT_EMITTED_IMPUTED_COUNT,IMPUTED_CENSUS_SECTION_CONSTRUCTION_PERIOD,33e38069e13452ed88b87dccc8e827947e567b5ff9e8d9e1a426ac662f1bfc50,ab631c6026e3f7cf5cfcff7c6a506eb84b6eeb62f1afa5703fc48ef0897e25fa,0,0,0,60608.172235,1772.0942,34.201439,261,hostname=speed-11.encs.concordia.ca / kernel=Linux 5.14.0-687.39.1.el9_8.x86_64,"EnergyPlus, Version 23.1.0-87ed9199d4, YMD=2026.08.31 04:17"
30747,IT.MidClim.AB.01.Gen.ReEx.001.001,AB,IT.01,DWELLING_LAYOUT_EMITTED_IMPUTED_COUNT,IMPUTED_CENSUS_SECTION_CONSTRUCTION_PERIOD,826dd17b275dfab672ba85dfba5c529c975605a4f8ca5755889c954471a1b4f8,ab631c6026e3f7cf5cfcff7c6a506eb84b6eeb62f1afa5703fc48ef0897e25fa,0,0,0,356047.636608,7409.6624,48.051803,101,hostname=speed-43.encs.concordia.ca / kernel=Linux 5.14.0-687.39.1.el9_8.x86_64,"EnergyPlus, Version 23.1.0-87ed9199d4, YMD=2026.08.31 04:17"
30752,IT.MidClim.AB.01.Gen.ReEx.001.001,AB,IT.01,DWELLING_LAYOUT_EMITTED_IMPUTED_COUNT,IMPUTED_CENSUS_SECTION_CONSTRUCTION_PERIOD,96ad53fb770434447bb148ed72c4b9fdf75c4ed50f071a517d7a84fc4e9b612b,ab631c6026e3f7cf5cfcff7c6a506eb84b6eeb62f1afa5703fc48ef0897e25fa,1,23,1,,7167.465,,3,hostname=antenna2.encs.concordia.ca / kernel=Linux 5.14.0-687.36.1.el9_8.x86_64,"EnergyPlus, Version 23.1.0-87ed9199d4, YMD=2026.08.31 04:17"
30766,IT.MidClim.AB.01.Gen.ReEx.001.001,AB,IT.01,DWELLING_LAYOUT_EMITTED_IMPUTED_COUNT,IMPUTED_CENSUS_SECTION_CONSTRUCTION_PERIOD,4c922815e3cae41ebf11c5f3ae17a4f9f1ca4128263cb6ec8855cc6e89052189,ab631c6026e3f7cf5cfcff7c6a506eb84b6eeb62f1afa5703fc48ef0897e25fa,0,0,0,385361.917114,7979.503,48.293975,788,hostname=antenna2.encs.concordia.ca / kernel=Linux 5.14.0-687.36.1.el9_8.x86_64,"EnergyPlus, Version 23.1.0-87ed9199d4, YMD=2026.08.31 04:17"
30771,IT.MidClim.AB.01.Gen.ReEx.001.001,AB,IT.01,FALLBACK_PENDING_LAYOUT_MISSING_DWELLING_COUNT,IMPUTED_CENSUS_SECTION_CONSTRUCTION_PERIOD,35ed70932490bdf5f84ec56a699f4a117912ec14d2ae60dfb3e48ccb4bf0d91e,ab631c6026e3f7cf5cfcff7c6a506eb84b6eeb62f1afa5703fc48ef0897e25fa,0,0,0,54284.556317,1079.0266,50.308821,2581,hostname=stellar.encs.concordia.ca / kernel=Linux 5.14.0-687.39.1.el9_8.x86_64,"EnergyPlus, Version 23.1.0-87ed9199d4, YMD=2026.08.31 04:18"
30775,IT.MidClim.AB.01.Gen.ReEx.001.001,AB,IT.01,FALLBACK_PENDING_LAYOUT_MISSING_DWELLING_COUNT,IMPUTED_CENSUS_SECTION_CONSTRUCTION_PERIOD,653e7ebbfffa0aaa43982af74fbbf9113d4f4adfd6ee5f65cd2eae84c949496f,ab631c6026e3f7cf5cfcff7c6a506eb84b6eeb62f1afa5703fc48ef0897e25fa,0,0,0,147102.036892,2798.822,52.558554,3768,hostname=magic-node-09.encs.concordia.ca / kernel=Linux 5.14.0-687.39.1.el9_8.x86_64,"EnergyPlus, Version 23.1.0-87ed9199d4, YMD=2026.08.31 04:18"
30781,IT.MidClim.AB.01.Gen.ReEx.001.001,AB,IT.01,FALLBACK_PENDING_LAYOUT_MISSING_DWELLING_COUNT,IMPUTED_CENSUS_SECTION_CONSTRUCTION_PERIOD,6592a9f0bca5d2d26b70f0c74475e1106598b147e7c23736f53885ebc29d9762,ab631c6026e3f7cf5cfcff7c6a506eb84b6eeb62f1afa5703fc48ef0897e25fa,0,0,0,71453.630118,1170.429,61.049094,547,hostname=speed-43.encs.concordia.ca / kernel=Linux 5.14.0-687.39.1.el9_8.x86_64,"EnergyPlus, Version 23.1.0-87ed9199d4, YMD=2026.08.31 04:19"
30789,IT.MidClim.AB.01.Gen.ReEx.001.001,AB,IT.01,FALLBACK_PENDING_LAYOUT_MISSING_DWELLING_COUNT,IMPUTED_CENSUS_SECTION_CONSTRUCTION_PERIOD,d2515333e1fcdcc63c9e125d10d000a0c12a973a5473e30d8ec810c8130506be,ab631c6026e3f7cf5cfcff7c6a506eb84b6eeb62f1afa5703fc48ef0897e25fa,0,0,0,168361.515717,3534.718,47.63082,142,hostname=speed-43.encs.concordia.ca / kernel=Linux 5.14.0-687.39.1.el9_8.x86_64,"EnergyPlus, Version 23.1.0-87ed9199d4, YMD=2026.08.31 04:19"
30798,IT.MidClim.AB.01.Gen.ReEx.001.001,AB,IT.01,DWELLING_LAYOUT_EMITTED_IMPUTED_COUNT,IMPUTED_CENSUS_SECTION_CONSTRUCTION_PERIOD,ba68ae05e80719d0431086a79e271980932aa5c28b329f50d9cd79959f16da5e,ab631c6026e3f7cf5cfcff7c6a506eb84b6eeb62f1afa5703fc48ef0897e25fa,1,15,1,,828.529,,4,hostname=speed-15.encs.concordia.ca / kernel=Linux 5.14.0-687.39.1.el9_8.x86_64,"EnergyPlus, Version 23.1.0-87ed9199d4, YMD=2026.08.31 04:19"
30800,IT.MidClim.AB.01.Gen.ReEx.001.001,AB,IT.01,FALLBACK_PENDING_LAYOUT_MISSING_DWELLING_COUNT,IMPUTED_CENSUS_SECTION_CONSTRUCTION_PERIOD,6ac33192237e10d187aa063f7f3c9464992f7b2ed04649a2c24e4d18bf75bc15,ab631c6026e3f7cf5cfcff7c6a506eb84b6eeb62f1afa5703fc48ef0897e25fa,0,0,0,67155.474156,1465.9689,45.809617,235,hostname=speed-09.encs.concordia.ca / kernel=Linux 5.14.0-687.39.1.el9_8.x86_64,"EnergyPlus, Version 23.1.0-87ed9199d4, YMD=2026.08.31 04:19"
30809,IT.MidClim.AB.01.Gen.ReEx.001.001,AB,IT.01,FALLBACK_PENDING_LAYOUT_MISSING_DWELLING_COUNT,IMPUTED_CENSUS_SECTION_CONSTRUCTION_PERIOD,eec1126d9a88bc35e87a56fdb759c463ba5ff71ca123d9d0f2211f6d6bf7b4e7,ab631c6026e3f7cf5cfcff7c6a506eb84b6eeb62f1afa5703fc48ef0897e25fa,0,0,0,75384.239531,1612.3905,46.753091,1887,hostname=speed-15.encs.concordia.ca / kernel=Linux 5.14.0-687.39.1.el9_8.x86_64,"EnergyPlus, Version 23.1.0-87ed9199d4, YMD=2026.08.31 04:19"
30810,IT.MidClim.AB.01.Gen.ReEx.001.001,AB,IT.01,FALLBACK_PENDING_LAYOUT_MISSING_DWELLING_COUNT,IMPUTED_CENSUS_SECTION_CONSTRUCTION_PERIOD,ecdac986c7eec44e4885c1a8f47134d4bd42a22fcf0787cdaed09af3fc4c5b14,ab631c6026e3f7cf5cfcff7c6a506eb84b6eeb62f1afa5703fc48ef0897e25fa,0,0,0,87743.953023,1770.9799,49.545426,374,hostname=speed-36.encs.concordia.ca / kernel=Linux 5.14.0-687.39.1.el9_8.x86_64,"EnergyPlus, Version 23.1.0-87ed9199d4, YMD=2026.08.31 04:20"
30817,IT.MidClim.AB.01.Gen.ReEx.001.001,AB,IT.01,FALLBACK_PENDING_LAYOUT_MISSING_DWELLING_COUNT,IMPUTED_CENSUS_SECTION_CONSTRUCTION_PERIOD,ed1b353092336b48293800d7a5e9417d4775f8f3ffbde7584d54312b317fb4f7,ab631c6026e3f7cf5cfcff7c6a506eb84b6eeb62f1afa5703fc48ef0897e25fa,0,0,0,49994.506584,866.141,57.720979,1385,hostname=speed-29.encs.concordia.ca / kernel=Linux 5.14.0-687.39.1.el9_8.x86_64,"EnergyPlus, Version 23.1.0-87ed9199d4, YMD=2026.08.31 04:20"
30821,IT.MidClim.AB.01.Gen.ReEx.001.001,AB,IT.01,FALLBACK_PENDING_LAYOUT_MISSING_DWELLING_COUNT,IMPUTED_CENSUS_SECTION_CONSTRUCTION_PERIOD,bee932f6f43c073aa46dff5f8a7a43901bda73946194d8fd3844400915d4c54b,ab631c6026e3f7cf5cfcff7c6a506eb84b6eeb62f1afa5703fc48ef0897e25fa,0,0,0,104306.635331,2141.7776,48.700965,1041,hostname=speed-35.encs.concordia.ca / kernel=Linux 5.14.0-687.39.1.el9_8.x86_64,"EnergyPlus, Version 23.1.0-87ed9199d4, YMD=2026.08.31 04:21"
30832,IT.MidClim.AB.01.Gen.ReEx.001.001,AB,IT.01,DWELLING_LAYOUT_EMITTED_IMPUTED_COUNT,IMPUTED_CENSUS_SECTION_CONSTRUCTION_PERIOD,30f02fd5b3685cf267ead35c86cd26af92476e4fb70eec68be0166bbbcc60242,ab631c6026e3f7cf5cfcff7c6a506eb84b6eeb62f1afa5703fc48ef0897e25fa,0,0,0,62679.931676,1000.1079,62.673169,898,hostname=speed-09.encs.concordia.ca / kernel=Linux 5.14.0-687.39.1.el9_8.x86_64,"EnergyPlus, Version 23.1.0-87ed9199d4, YMD=2026.08.31 04:26"
30833,IT.MidClim.AB.01.Gen.ReEx.001.001,AB,IT.01,FALLBACK_PENDING_LAYOUT_MISSING_DWELLING_COUNT,IMPUTED_CENSUS_SECTION_CONSTRUCTION_PERIOD,84f49708b1a3079c8f75dbbba39205d10d06613e3e609336566975c13aaaef5c,ab631c6026e3f7cf5cfcff7c6a506eb84b6eeb62f1afa5703fc48ef0897e25fa,0,0,0,92707.832715,1623.9265,57.088688,123,hostname=speed-43.encs.concordia.ca / kernel=Linux 5.14.0-687.39.1.el9_8.x86_64,"EnergyPlus, Version 23.1.0-87ed9199d4, YMD=2026.08.31 04:26"
30836,IT.MidClim.AB.01.Gen.ReEx.001.001,AB,IT.01,FALLBACK_PENDING_LAYOUT_MISSING_DWELLING_COUNT,IMPUTED_CENSUS_SECTION_CONSTRUCTION_PERIOD,f6fbd820e63c1ae2ddbcbcb130e2d9bb83ca87abb7329d966221cb0a12651303,ab631c6026e3f7cf5cfcff7c6a506eb84b6eeb62f1afa5703fc48ef0897e25fa,0,0,0,171331.231086,3278.4351,52.260065,3269,hostname=speed-34.encs.concordia.ca / kernel=Linux 5.14.0-687.39.1.el9_8.x86_64,"EnergyPlus, Version 23.1.0-87ed9199d4, YMD=2026.08.31 04:26"
30847,IT.MidClim.AB.01.Gen.ReEx.001.001,AB,IT.01,FALLBACK_PENDING_LAYOUT_MISSING_DWELLING_COUNT,IMPUTED_CENSUS_SECTION_CONSTRUCTION_PERIOD,8df23704515f863881178546a94d836f6b369201711c128b4d0e0eef0d400059,ab631c6026e3f7cf5cfcff7c6a506eb84b6eeb62f1afa5703fc48ef0897e25fa,0,0,0,207302.368727,4116.7212,50.356184,1970,hostname=speed-43.encs.concordia.ca / kernel=Linux 5.14.0-687.39.1.el9_8.x86_64,"EnergyPlus, Version 23.1.0-87ed9199d4, YMD=2026.08.31 04:28"
30850,IT.MidClim.AB.01.Gen.ReEx.001.001,AB,IT.01,DWELLING_LAYOUT_EMITTED_IMPUTED_COUNT,IMPUTED_CENSUS_SECTION_CONSTRUCTION_PERIOD,342c441d665e7791d9cfb5279d52921fd88079df3ba1567c6c6b09101a89d68e,ab631c6026e3f7cf5cfcff7c6a506eb84b6eeb62f1afa5703fc48ef0897e25fa,1,14,1,,288.3702,,2,hostname=speed-08.encs.concordia.ca / kernel=Linux 5.14.0-687.39.1.el9_8.x86_64,"EnergyPlus, Version 23.1.0-87ed9199d4, YMD=2026.08.31 04:28"
30854,IT.MidClim.AB.01.Gen.ReEx.001.001,AB,IT.01,FALLBACK_PENDING_LAYOUT_MISSING_DWELLING_COUNT,IMPUTED_CENSUS_SECTION_CONSTRUCTION_PERIOD,c9f094d014101ecb688913bf51cb0a112d3d291578042db68f7998182fae70a5,ab631c6026e3f7cf5cfcff7c6a506eb84b6eeb62f1afa5703fc48ef0897e25fa,0,0,0,77457.739482,1447.115,53.525628,2082,hostname=speed-08.encs.concordia.ca / kernel=Linux 5.14.0-687.39.1.el9_8.x86_64,"EnergyPlus, Version 23.1.0-87ed9199d4, YMD=2026.08.31 04:28"
30856,IT.MidClim.AB.01.Gen.ReEx.001.001,AB,IT.01,FALLBACK_PENDING_LAYOUT_MISSING_DWELLING_COUNT,IMPUTED_CENSUS_SECTION_CONSTRUCTION_PERIOD,eacb48ab1a718de7bc8f1a4e45bf65e79b35341d88f07d9299270fbe90a14470,ab631c6026e3f7cf5cfcff7c6a506eb84b6eeb62f1afa5703fc48ef0897e25fa,0,0,0,38218.140667,729.6629,52.377804,237,hostname=speed-43.encs.concordia.ca / kernel=Linux 5.14.0-687.39.1.el9_8.x86_64,"EnergyPlus, Version 23.1.0-87ed9199d4, YMD=2026.08.31 04:28"
30868,IT.MidClim.AB.01.Gen.ReEx.001.001,AB,IT.01,FALLBACK_PENDING_LAYOUT_MISSING_DWELLING_COUNT,IMPUTED_CENSUS_SECTION_CONSTRUCTION_PERIOD,488a34ccb5b8a56ba825f275a7c9a92f4cc5492a31abbc845ad98e73d9447274,ab631c6026e3f7cf5cfcff7c6a506eb84b6eeb62f1afa5703fc48ef0897e25fa,0,0,0,35651.74895,858.8495,41.511055,2283,hostname=speed-29.encs.concordia.ca / kernel=Linux 5.14.0-687.39.1.el9_8.x86_64,"EnergyPlus, Version 23.1.0-87ed9199d4, YMD=2026.08.31 04:29"
30869,IT.MidClim.AB.01.Gen.ReEx.001.001,AB,IT.01,FALLBACK_PENDING_LAYOUT_MISSING_DWELLING_COUNT,IMPUTED_CENSUS_SECTION_CONSTRUCTION_PERIOD,05c09b0a60d9b1e0f39eb74e528291e65b7c9f1b4d5373b171bc0882833969d8,ab631c6026e3f7cf5cfcff7c6a506eb84b6eeb62f1afa5703fc48ef0897e25fa,0,0,0,71083.202314,1768.0213,40.204947,85,hostname=speed-11.encs.concordia.ca / kernel=Linux 5.14.0-687.39.1.el9_8.x86_64,"EnergyPlus, Version 23.1.0-87ed9199d4, YMD=2026.08.31 04:29"
30872,IT.MidClim.MFH.01.Gen.ReEx.001.001,MFH,IT.01,DWELLING_LAYOUT_EMITTED_IMPUTED_COUNT,IMPUTED_CENSUS_SECTION_CONSTRUCTION_PERIOD,f0ed6ee73f9cc5163139b2ba98bf4596c109916d17120b376a3e200b59b577f1,ab631c6026e3f7cf5cfcff7c6a506eb84b6eeb62f1afa5703fc48ef0897e25fa,0,0,0,92150.449927,1536.1124,59.989393,6542,hostname=magic-node-04.encs.concordia.ca / kernel=Linux 5.14.0-687.39.1.el9_8.x86_64,"EnergyPlus, Version 23.1.0-87ed9199d4, YMD=2026.08.31 04:29"
30885,IT.MidClim.AB.01.Gen.ReEx.001.001,AB,IT.01,FALLBACK_PENDING_LAYOUT_MISSING_DWELLING_COUNT,IMPUTED_CENSUS_SECTION_CONSTRUCTION_PERIOD,dafdb41b58ce98bedc18c84327727915097c72ff8995c23df215ba8a6681a806,ab631c6026e3f7cf5cfcff7c6a506eb84b6eeb62f1afa5703fc48ef0897e25fa,0,0,0,359126.648654,8157.7316,44.022857,1118,hostname=magic-node-01.encs.concordia.ca / kernel=Linux 5.14.0-687.39.1.el9_8.x86_64,"EnergyPlus, Version 23.1.0-87ed9199d4, YMD=2026.08.31 04:29"
30886,IT.MidClim.AB.01.Gen.ReEx.001.001,AB,IT.01,FALLBACK_PENDING_LAYOUT_MISSING_DWELLING_COUNT,IMPUTED_CENSUS_SECTION_CONSTRUCTION_PERIOD,79abda818e800f1eca47fa1c5d4201af149f279f6af63ce8b49c9e27b8e0082e,ab631c6026e3f7cf5cfcff7c6a506eb84b6eeb62f1afa5703fc48ef0897e25fa,0,0,0,157197.459203,3144.5694,49.990138,665,hostname=speed-11.encs.concordia.ca / kernel=Linux 5.14.0-687.39.1.el9_8.x86_64,"EnergyPlus, Version 23.1.0-87ed9199d4, YMD=2026.08.31 04:29"
30893,IT.MidClim.MFH.01.Gen.ReEx.001.001,MFH,IT.01,DWELLING_LAYOUT_EMITTED_IMPUTED_COUNT,IMPUTED_CENSUS_SECTION_CONSTRUCTION_PERIOD,3ef70ef66df916501593a3aef67056631f1365092c777a84eca8e653c3ef37e9,ab631c6026e3f7cf5cfcff7c6a506eb84b6eeb62f1afa5703fc48ef0897e25fa,0,0,0,21747.537292,435.3031,49.959528,2901,hostname=antenna2.encs.concordia.ca / kernel=Linux 5.14.0-687.36.1.el9_8.x86_64,"EnergyPlus, Version 23.1.0-87ed9199d4, YMD=2026.08.31 04:30"
30899,IT.MidClim.MFH.01.Gen.ReEx.001.001,MFH,IT.01,DWELLING_LAYOUT_EMITTED_IMPUTED_COUNT,IMPUTED_CENSUS_SECTION_CONSTRUCTION_PERIOD,8e02e847f5813210049469af67cf2dcd246350ab320edcbabe438aee4a5064d1,ab631c6026e3f7cf5cfcff7c6a506eb84b6eeb62f1afa5703fc48ef0897e25fa,1,9,1,,861.2677,,5,hostname=magic-node-05.encs.concordia.ca / kernel=Linux 5.14.0-687.39.1.el9_8.x86_64,"EnergyPlus, Version 23.1.0-87ed9199d4, YMD=2026.08.31 04:30"
30902,IT.MidClim.AB.01.Gen.ReEx.001.001,AB,IT.01,FALLBACK_PENDING_LAYOUT_MISSING_DWELLING_COUNT,IMPUTED_CENSUS_SECTION_CONSTRUCTION_PERIOD,9227414deed084a306dfd9f1d6c9698d70bb6fdc452601dbf05c90a53323a990,ab631c6026e3f7cf5cfcff7c6a506eb84b6eeb62f1afa5703fc48ef0897e25fa,0,0,0,37338.706281,569.3635,65.579733,2784,hostname=magic-node-05.encs.concordia.ca / kernel=Linux 5.14.0-687.39.1.el9_8.x86_64,"EnergyPlus, Version 23.1.0-87ed9199d4, YMD=2026.08.31 04:30"
30905,IT.MidClim.AB.01.Gen.ReEx.001.001,AB,IT.01,FALLBACK_PENDING_LAYOUT_MISSING_DWELLING_COUNT,IMPUTED_CENSUS_SECTION_CONSTRUCTION_PERIOD,5e02e042c156a656b9e9cfa4a005e2c747d94c91a82763e5cdf9322fc39157d4,ab631c6026e3f7cf5cfcff7c6a506eb84b6eeb62f1afa5703fc48ef0897e25fa,0,0,0,48209.64646,1195.4365,40.32807,245,hostname=speed-11.encs.concordia.ca / kernel=Linux 5.14.0-687.39.1.el9_8.x86_64,"EnergyPlus, Version 23.1.0-87ed9199d4, YMD=2026.08.31 04:30"
30906,IT.MidClim.AB.01.Gen.ReEx.001.001,AB,IT.01,FALLBACK_PENDING_LAYOUT_MISSING_DWELLING_COUNT,IMPUTED_CENSUS_SECTION_CONSTRUCTION_PERIOD,550f787ea75d4251fe8f2ea82200a4404ae969a256aaa9f3c5c4ea0e07c2a317,ab631c6026e3f7cf5cfcff7c6a506eb84b6eeb62f1afa5703fc48ef0897e25fa,0,0,0,27098.504208,685.7673,39.515597,1861,hostname=speed-43.encs.concordia.ca / kernel=Linux 5.14.0-687.39.1.el9_8.x86_64,"EnergyPlus, Version 23.1.0-87ed9199d4, YMD=2026.08.31 04:36"
30912,IT.MidClim.AB.01.Gen.ReEx.001.001,AB,IT.01,FALLBACK_PENDING_LAYOUT_MISSING_DWELLING_COUNT,IMPUTED_CENSUS_SECTION_CONSTRUCTION_PERIOD,f5e896c08674811d567b68116c0aba086682eb1e3ad3bce61087852642239e97,ab631c6026e3f7cf5cfcff7c6a506eb84b6eeb62f1afa5703fc48ef0897e25fa,0,0,0,18599.276144,332.0774,56.008859,255,hostname=wolsey.encs.concordia.ca / kernel=Linux 5.14.0-687.39.1.el9_8.x86_64,"EnergyPlus, Version 23.1.0-87ed9199d4, YMD=2026.08.31 04:37"
30913,IT.MidClim.AB.01.Gen.ReEx.001.001,AB,IT.01,FALLBACK_PENDING_LAYOUT_MISSING_DWELLING_COUNT,IMPUTED_CENSUS_SECTION_CONSTRUCTION_PERIOD,5c97eeec278f78c7c45a6681276bc7644740b3c2c5f23d39f489549fdc6f94ca,ab631c6026e3f7cf5cfcff7c6a506eb84b6eeb62f1afa5703fc48ef0897e25fa,0,0,0,221455.844693,4081.3287,54.260723,68,hostname=speed-32.encs.concordia.ca / kernel=Linux 5.14.0-687.39.1.el9_8.x86_64,"EnergyPlus, Version 23.1.0-87ed9199d4, YMD=2026.08.31 04:37"
30915,IT.MidClim.AB.01.Gen.ReEx.001.001,AB,IT.01,FALLBACK_PENDING_LAYOUT_MISSING_DWELLING_COUNT,IMPUTED_CENSUS_SECTION_CONSTRUCTION_PERIOD,98d90aa32a7ab5aa9db7c7ec0b388e23867887486b0d92dd0b8e4936161eb3da,ab631c6026e3f7cf5cfcff7c6a506eb84b6eeb62f1afa5703fc48ef0897e25fa,0,0,0,,1695.1897,,7216,hostname=speed-11.encs.concordia.ca / kernel=Linux 5.14.0-687.39.1.el9_8.x86_64,"EnergyPlus, Version 23.1.0-87ed9199d4, YMD=2026.08.31 04:37"
30923,IT.MidClim.AB.01.Gen.ReEx.001.001,AB,IT.01,FALLBACK_PENDING_LAYOUT_MISSING_DWELLING_COUNT,IMPUTED_CENSUS_SECTION_CONSTRUCTION_PERIOD,10e49564af668b373cb3ae490816468b4faaf15d5504592d8487779ce1b9e9d5,ab631c6026e3f7cf5cfcff7c6a506eb84b6eeb62f1afa5703fc48ef0897e25fa,0,0,0,29882.57735,589.7252,50.672037,4303,hostname=speed-43.encs.concordia.ca / kernel=Linux 5.14.0-687.39.1.el9_8.x86_64,"EnergyPlus, Version 23.1.0-87ed9199d4, YMD=2026.08.31 04:38"
30925,IT.MidClim.AB.01.Gen.ReEx.001.001,AB,IT.01,FALLBACK_PENDING_LAYOUT_MISSING_DWELLING_COUNT,IMPUTED_CENSUS_SECTION_CONSTRUCTION_PERIOD,01bcc4264778d2ff5a699ba5ba56d60ee22b86a561084fbb4855343108d28e68,ab631c6026e3f7cf5cfcff7c6a506eb84b6eeb62f1afa5703fc48ef0897e25fa,0,0,0,48230.836194,973.8904,49.523885,5549,hostname=speed-35.encs.concordia.ca / kernel=Linux 5.14.0-687.39.1.el9_8.x86_64,"EnergyPlus, Version 23.1.0-87ed9199d4, YMD=2026.08.31 04:38"
30930,IT.MidClim.AB.01.Gen.ReEx.001.001,AB,IT.01,FALLBACK_PENDING_LAYOUT_MISSING_DWELLING_COUNT,IMPUTED_CENSUS_SECTION_CONSTRUCTION_PERIOD,4bd1816d59587a26e2a476ab08780d5c2c84c50350241c914785403b3e284f12,ab631c6026e3f7cf5cfcff7c6a506eb84b6eeb62f1afa5703fc48ef0897e25fa,0,0,0,37425.992522,713.601,52.446665,576,hostname=magic-node-03.encs.concordia.ca / kernel=Linux 5.14.0-687.39.1.el9_8.x86_64,"EnergyPlus, Version 23.1.0-87ed9199d4, YMD=2026.08.31 04:38"
30931,IT.MidClim.AB.01.Gen.ReEx.001.001,AB,IT.01,FALLBACK_PENDING_LAYOUT_MISSING_DWELLING_COUNT,IMPUTED_CENSUS_SECTION_CONSTRUCTION_PERIOD,fb9747df157082c46bad752460a65f1da073174a22338faead911f22173b56d0,ab631c6026e3f7cf5cfcff7c6a506eb84b6eeb62f1afa5703fc48ef0897e25fa,0,0,0,30053.629798,475.3142,63.228975,4309,hostname=speed-32.encs.concordia.ca / kernel=Linux 5.14.0-687.39.1.el9_8.x86_64,"EnergyPlus, Version 23.1.0-87ed9199d4, YMD=2026.08.31 04:38"
30932,IT.MidClim.AB.01.Gen.ReEx.001.001,AB,IT.01,FALLBACK_PENDING_LAYOUT_MISSING_DWELLING_COUNT,IMPUTED_CENSUS_SECTION_CONSTRUCTION_PERIOD,48571f2cbf3cfc8d1af24e6040ff09619b6d1702a0621c97ab7d99af8eacff07,ab631c6026e3f7cf5cfcff7c6a506eb84b6eeb62f1afa5703fc48ef0897e25fa,0,0,0,214551.185599,4499.7489,47.680702,914,hostname=speed-43.encs.concordia.ca / kernel=Linux 5.14.0-687.39.1.el9_8.x86_64,"EnergyPlus, Version 23.1.0-87ed9199d4, YMD=2026.08.31 04:39"
30935,IT.MidClim.MFH.01.Gen.ReEx.001.001,MFH,IT.01,DWELLING_LAYOUT_EMITTED_IMPUTED_COUNT,IMPUTED_CENSUS_SECTION_CONSTRUCTION_PERIOD,ad6cfb204b11733f8e80b446c0253bb9cac81cbdb2570cb62fd3f79018a15770,ab631c6026e3f7cf5cfcff7c6a506eb84b6eeb62f1afa5703fc48ef0897e25fa,0,0,0,27702.64727,651.0353,42.551682,815,hostname=speed-36.encs.concordia.ca / kernel=Linux 5.14.0-687.39.1.el9_8.x86_64,"EnergyPlus, Version 23.1.0-87ed9199d4, YMD=2026.08.31 04:39"
30936,IT.MidClim.AB.01.Gen.ReEx.001.001,AB,IT.01,FALLBACK_PENDING_LAYOUT_MISSING_DWELLING_COUNT,IMPUTED_CENSUS_SECTION_CONSTRUCTION_PERIOD,20985db79a927ee3fc7381d92993daa15b2bd35d45a7813a36b9c08ad88e8e82,ab631c6026e3f7cf5cfcff7c6a506eb84b6eeb62f1afa5703fc48ef0897e25fa,0,0,0,23024.799265,576.1084,39.966088,3018,hostname=speed-11.encs.concordia.ca / kernel=Linux 5.14.0-687.39.1.el9_8.x86_64,"EnergyPlus, Version 23.1.0-87ed9199d4, YMD=2026.08.31 04:40"
30939,IT.MidClim.AB.01.Gen.ReEx.001.001,AB,IT.01,FALLBACK_PENDING_LAYOUT_MISSING_DWELLING_COUNT,IMPUTED_CENSUS_SECTION_CONSTRUCTION_PERIOD,5897e5ab28edef00e17c06c5e819ae248480ae918e8d60929712c99fc23b35b3,ab631c6026e3f7cf5cfcff7c6a506eb84b6eeb62f1afa5703fc48ef0897e25fa,0,0,0,50321.290911,1061.7008,47.396866,5702,hostname=wolsey.encs.concordia.ca / kernel=Linux 5.14.0-687.39.1.el9_8.x86_64,"EnergyPlus, Version 23.1.0-87ed9199d4, YMD=2026.08.31 04:41"
30944,IT.MidClim.AB.01.Gen.ReEx.001.001,AB,IT.01,FALLBACK_PENDING_LAYOUT_MISSING_DWELLING_COUNT,IMPUTED_CENSUS_SECTION_CONSTRUCTION_PERIOD,84eb3816e97632441aaf2d95f03a982e5a3344a00036ee7e89367adc9ada6f1e,ab631c6026e3f7cf5cfcff7c6a506eb84b6eeb62f1afa5703fc48ef0897e25fa,0,0,0,41066.49947,883.117,46.501765,4586,hostname=speed-09.encs.concordia.ca / kernel=Linux 5.14.0-687.39.1.el9_8.x86_64,"EnergyPlus, Version 23.1.0-87ed9199d4, YMD=2026.08.31 04:41"
30945,IT.MidClim.AB.01.Gen.ReEx.001.001,AB,IT.01,FALLBACK_PENDING_LAYOUT_MISSING_DWELLING_COUNT,IMPUTED_CENSUS_SECTION_CONSTRUCTION_PERIOD,2d9e5b33458c4d45d33e967b06743edf5103967fe436908469a84748aad5f681,ab631c6026e3f7cf5cfcff7c6a506eb84b6eeb62f1afa5703fc48ef0897e25fa,0,0,0,93637.30137,2011.1026,46.560181,2881,hostname=magic-node-01.encs.concordia.ca / kernel=Linux 5.14.0-687.39.1.el9_8.x86_64,"EnergyPlus, Version 23.1.0-87ed9199d4, YMD=2026.08.31 04:48"
30946,IT.MidClim.AB.01.Gen.ReEx.001.001,AB,IT.01,FALLBACK_PENDING_LAYOUT_MISSING_DWELLING_COUNT,IMPUTED_CENSUS_SECTION_CONSTRUCTION_PERIOD,0e5f880a5b473a876f42c498b6e8f45052e21acaea6b8ee2cf8225ef49a50cfd,ab631c6026e3f7cf5cfcff7c6a506eb84b6eeb62f1afa5703fc48ef0897e25fa,0,0,0,79614.835721,1675.9026,47.505646,55,hostname=magic-node-03.encs.concordia.ca / kernel=Linux 5.14.0-687.39.1.el9_8.x86_64,"EnergyPlus, Version 23.1.0-87ed9199d4, YMD=2026.08.31 04:48"
30948,IT.MidClim.AB.01.Gen.ReEx.001.001,AB,IT.01,FALLBACK_PENDING_LAYOUT_MISSING_DWELLING_COUNT,IMPUTED_CENSUS_SECTION_CONSTRUCTION_PERIOD,b981717e314956e79fd53af1538a02f90bd4fb6bbdb1769c7da5facdf09692b1,ab631c6026e3f7cf5cfcff7c6a506eb84b6eeb62f1afa5703fc48ef0897e25fa,0,0,0,63180.42232,1415.1875,44.644559,5580,hostname=magic-node-06.encs.concordia.ca / kernel=Linux 5.14.0-687.39.1.el9_8.x86_64,"EnergyPlus, Version 23.1.0-87ed9199d4, YMD=2026.08.31 04:48"
30954,IT.MidClim.AB.01.Gen.ReEx.001.001,AB,IT.01,DWELLING_LAYOUT_EMITTED_IMPUTED_COUNT,IMPUTED_CENSUS_SECTION_CONSTRUCTION_PERIOD,bf570670f44efdd6ce484d99b3e085a0e24bb44fc402cd4296cf27d8f25c2f17,ab631c6026e3f7cf5cfcff7c6a506eb84b6eeb62f1afa5703fc48ef0897e25fa,0,0,0,,2513.5256,,7219,hostname=magic-node-03.encs.concordia.ca / kernel=Linux 5.14.0-687.39.1.el9_8.x86_64,"EnergyPlus, Version 23.1.0-87ed9199d4, YMD=2026.08.31 04:49"
30960,IT.MidClim.MFH.01.Gen.ReEx.001.001,MFH,IT.01,DWELLING_LAYOUT_EMITTED_IMPUTED_COUNT,IMPUTED_CENSUS_SECTION_CONSTRUCTION_PERIOD,9806dd3432dd5c6e420fab14afb1bf469413687cff6bdb1168d3e43ff3690320,ab631c6026e3f7cf5cfcff7c6a506eb84b6eeb62f1afa5703fc48ef0897e25fa,1,7,1,,629.9264,,2,hostname=speed-09.encs.concordia.ca / kernel=Linux 5.14.0-687.39.1.el9_8.x86_64,"EnergyPlus, Version 23.1.0-87ed9199d4, YMD=2026.08.31 04:49"
30963,IT.MidClim.AB.01.Gen.ReEx.001.001,AB,IT.01,FALLBACK_PENDING_LAYOUT_MISSING_DWELLING_COUNT,IMPUTED_CENSUS_SECTION_CONSTRUCTION_PERIOD,32c11299d0dc6449eb5a8d4278fb37a9604ee29ba7582238d1bbc24a9a0570c6,ab631c6026e3f7cf5cfcff7c6a506eb84b6eeb62f1afa5703fc48ef0897e25fa,0,0,0,121342.421305,2474.1182,49.044715,1284,hostname=speed-09.encs.concordia.ca / kernel=Linux 5.14.0-687.39.1.el9_8.x86_64,"EnergyPlus, Version 23.1.0-87ed9199d4, YMD=2026.08.31 04:49"
30968,IT.MidClim.AB.01.Gen.ReEx.001.001,AB,IT.01,FALLBACK_PENDING_LAYOUT_MISSING_DWELLING_COUNT,IMPUTED_CENSUS_SECTION_CONSTRUCTION_PERIOD,19eef67706279f29aecb306295de362ae8c2fbb74d567542c44d6f8f496da9b0,ab631c6026e3f7cf5cfcff7c6a506eb84b6eeb62f1afa5703fc48ef0897e25fa,0,0,0,106878.547436,1698.6301,62.920437,110,hostname=speed-29.encs.concordia.ca / kernel=Linux 5.14.0-687.39.1.el9_8.x86_64,"EnergyPlus, Version 23.1.0-87ed9199d4, YMD=2026.08.31 04:50"
30969,IT.MidClim.AB.01.Gen.ReEx.001.001,AB,IT.01,FALLBACK_PENDING_LAYOUT_MISSING_DWELLING_COUNT,IMPUTED_CENSUS_SECTION_CONSTRUCTION_PERIOD,2aa321dabc4de36bf680d53ccc1e01e2fc4ca4b3e448f208a78062ae441132ca,ab631c6026e3f7cf5cfcff7c6a506eb84b6eeb62f1afa5703fc48ef0897e25fa,0,0,0,237189.426031,4295.7707,55.214638,2349,hostname=speed-15.encs.concordia.ca / kernel=Linux 5.14.0-687.39.1.el9_8.x86_64,"EnergyPlus, Version 23.1.0-87ed9199d4, YMD=2026.08.31 04:50"
30970,IT.MidClim.AB.01.Gen.ReEx.001.001,AB,IT.01,FALLBACK_PENDING_LAYOUT_MISSING_DWELLING_COUNT,IMPUTED_CENSUS_SECTION_CONSTRUCTION_PERIOD,3b0d785b63081e2b8864b21346b81fadeb5d8177152ecce805959a2f7777f092,ab631c6026e3f7cf5cfcff7c6a506eb84b6eeb62f1afa5703fc48ef0897e25fa,0,0,0,111394.128375,2022.6321,55.073846,1040,hostname=speed-15.encs.concordia.ca / kernel=Linux 5.14.0-687.39.1.el9_8.x86_64,"EnergyPlus, Version 23.1.0-87ed9199d4, YMD=2026.08.31 04:51"
30971,IT.MidClim.AB.01.Gen.ReEx.001.001,AB,IT.01,DWELLING_LAYOUT_EMITTED_IMPUTED_COUNT,IMPUTED_CENSUS_SECTION_CONSTRUCTION_PERIOD,4068687aec27071299ca779c64077989449bbe4d8f1c3299c0884f2b60450ed8,ab631c6026e3f7cf5cfcff7c6a506eb84b6eeb62f1afa5703fc48ef0897e25fa,0,0,0,135896.155413,2199.4469,61.786513,4732,hostname=magic-node-02.encs.concordia.ca / kernel=Linux 5.14.0-687.39.1.el9_8.x86_64,"EnergyPlus, Version 23.1.0-87ed9199d4, YMD=2026.08.31 04:57"
30980,IT.MidClim.AB.01.Gen.ReEx.001.001,AB,IT.01,FALLBACK_PENDING_LAYOUT_MISSING_DWELLING_COUNT,IMPUTED_CENSUS_SECTION_CONSTRUCTION_PERIOD,6bf29ce90bd9448188a6b5e1efe79214c0ec8214ac3936424f5ffc75a1daabe9,ab631c6026e3f7cf5cfcff7c6a506eb84b6eeb62f1afa5703fc48ef0897e25fa,0,0,0,53747.740522,1092.4308,49.200133,4472,hostname=magic-node-10.encs.concordia.ca / kernel=Linux 5.14.0-687.39.1.el9_8.x86_64,"EnergyPlus, Version 23.1.0-87ed9199d4, YMD=2026.08.31 05:00"
30984,IT.MidClim.AB.01.Gen.ReEx.001.001,AB,IT.01,FALLBACK_PENDING_LAYOUT_MISSING_DWELLING_COUNT,IMPUTED_CENSUS_SECTION_CONSTRUCTION_PERIOD,ad69a622869927e260b4a153bd815e9b0e97f004a9ad7b09827a589806a91fa4,ab631c6026e3f7cf5cfcff7c6a506eb84b6eeb62f1afa5703fc48ef0897e25fa,0,0,0,34097.791034,620.1204,54.985759,1116,hostname=speed-43.encs.concordia.ca / kernel=Linux 5.14.0-687.39.1.el9_8.x86_64,"EnergyPlus, Version 23.1.0-87ed9199d4, YMD=2026.08.31 05:01"
30988,IT.MidClim.AB.01.Gen.ReEx.001.001,AB,IT.01,DWELLING_LAYOUT_EMITTED_IMPUTED_COUNT,IMPUTED_CENSUS_SECTION_CONSTRUCTION_PERIOD,e79a4f1b917f442ba6b30cfe754e3adaf6ba48e97fa3288a4f8e5dbf86d52ffb,ab631c6026e3f7cf5cfcff7c6a506eb84b6eeb62f1afa5703fc48ef0897e25fa,0,0,0,9894.021069,217.84,45.418753,85,hostname=speed-08.encs.concordia.ca / kernel=Linux 5.14.0-687.39.1.el9_8.x86_64,"EnergyPlus, Version 23.1.0-87ed9199d4, YMD=2026.08.31 05:06"
30992,IT.MidClim.AB.01.Gen.ReEx.001.001,AB,IT.01,FALLBACK_PENDING_LAYOUT_MISSING_DWELLING_COUNT,IMPUTED_CENSUS_SECTION_CONSTRUCTION_PERIOD,b490c4ad19faba6ff5f6d3b52102d47c8b9f41be8ed7bc3e284a7d027ece7e54,ab631c6026e3f7cf5cfcff7c6a506eb84b6eeb62f1afa5703fc48ef0897e25fa,0,0,0,25370.374958,518.8266,48.899526,462,hostname=speed-43.encs.concordia.ca / kernel=Linux 5.14.0-687.39.1.el9_8.x86_64,"EnergyPlus, Version 23.1.0-87ed9199d4, YMD=2026.08.31 05:06"
31001,IT.MidClim.MFH.01.Gen.ReEx.001.001,MFH,IT.01,DWELLING_LAYOUT_EMITTED_IMPUTED_COUNT,IMPUTED_CENSUS_SECTION_CONSTRUCTION_PERIOD,7c54755fdf94fca03323ba482512138cad2d69e0796822af9e09dd4a7549b106,ab631c6026e3f7cf5cfcff7c6a506eb84b6eeb62f1afa5703fc48ef0897e25fa,0,0,0,58358.399722,880.0875,66.30977,1183,hostname=speed-36.encs.concordia.ca / kernel=Linux 5.14.0-687.39.1.el9_8.x86_64,"EnergyPlus, Version 23.1.0-87ed9199d4, YMD=2026.08.31 05:06"
31003,IT.MidClim.AB.01.Gen.ReEx.001.001,AB,IT.01,DWELLING_LAYOUT_EMITTED_IMPUTED_COUNT,IMPUTED_CENSUS_SECTION_CONSTRUCTION_PERIOD,33e27482df155f7fe6db8e6afdfce527b5430cdcebc70472f30045128d6df404,ab631c6026e3f7cf5cfcff7c6a506eb84b6eeb62f1afa5703fc48ef0897e25fa,0,0,0,13057.340045,357.1355,36.561305,1280,hostname=speed-29.encs.concordia.ca / kernel=Linux 5.14.0-687.39.1.el9_8.x86_64,"EnergyPlus, Version 23.1.0-87ed9199d4, YMD=2026.08.31 05:06"
31004,IT.MidClim.AB.01.Gen.ReEx.001.001,AB,IT.01,FALLBACK_PENDING_LAYOUT_MISSING_DWELLING_COUNT,IMPUTED_CENSUS_SECTION_CONSTRUCTION_PERIOD,b0287f4d427fc60aa04a1eb99f1d555cd9410c735550973c4c63868e6a02ad68,ab631c6026e3f7cf5cfcff7c6a506eb84b6eeb62f1afa5703fc48ef0897e25fa,0,0,0,70108.846369,1142.6224,61.357843,368,hostname=speed-29.encs.concordia.ca / kernel=Linux 5.14.0-687.39.1.el9_8.x86_64,"EnergyPlus, Version 23.1.0-87ed9199d4, YMD=2026.08.31 05:07"
31005,IT.MidClim.AB.01.Gen.ReEx.001.001,AB,IT.01,FALLBACK_PENDING_LAYOUT_MISSING_DWELLING_COUNT,IMPUTED_CENSUS_SECTION_CONSTRUCTION_PERIOD,cba932963d099fa86694fed9901e2d5ad6a7dcc8ecdb97d1c97115a3b55dbdac,ab631c6026e3f7cf5cfcff7c6a506eb84b6eeb62f1afa5703fc48ef0897e25fa,0,0,0,29874.605654,609.317,49.029661,1786,hostname=speed-08.encs.concordia.ca / kernel=Linux 5.14.0-687.39.1.el9_8.x86_64,"EnergyPlus, Version 23.1.0-87ed9199d4, YMD=2026.08.31 05:07"
31015,IT.MidClim.AB.01.Gen.ReEx.001.001,AB,IT.01,FALLBACK_PENDING_LAYOUT_MISSING_DWELLING_COUNT,IMPUTED_CENSUS_SECTION_CONSTRUCTION_PERIOD,872751045b19421194290ec5b954b555a7cccd9c186444eb83b05e38e9613ec5,ab631c6026e3f7cf5cfcff7c6a506eb84b6eeb62f1afa5703fc48ef0897e25fa,0,0,0,82565.477659,1791.0723,46.09835,450,hostname=speed-08.encs.concordia.ca / kernel=Linux 5.14.0-687.39.1.el9_8.x86_64,"EnergyPlus, Version 23.1.0-87ed9199d4, YMD=2026.08.31 05:07"
31016,IT.MidClim.AB.01.Gen.ReEx.001.001,AB,IT.01,DWELLING_LAYOUT_EMITTED_IMPUTED_COUNT,IMPUTED_CENSUS_SECTION_CONSTRUCTION_PERIOD,3cd6154622855d9c52bfc0bdb8df52574ee7f4ebca7d17359a3af6fd2edab9c7,ab631c6026e3f7cf5cfcff7c6a506eb84b6eeb62f1afa5703fc48ef0897e25fa,1,24,1,,150.0963,,3,hostname=speed-43.encs.concordia.ca / kernel=Linux 5.14.0-687.39.1.el9_8.x86_64,"EnergyPlus, Version 23.1.0-87ed9199d4, YMD=2026.08.31 05:07"
31018,IT.MidClim.AB.01.Gen.ReEx.001.001,AB,IT.01,DWELLING_LAYOUT_EMITTED_IMPUTED_COUNT,IMPUTED_CENSUS_SECTION_CONSTRUCTION_PERIOD,4464d87517f49adacf627e2afa04673ef8de3cddfde1e61ac6f6b2317e3fc176,ab631c6026e3f7cf5cfcff7c6a506eb84b6eeb62f1afa5703fc48ef0897e25fa,1,21,1,,700.2799,,3,hostname=speed-43.encs.concordia.ca / kernel=Linux 5.14.0-687.39.1.el9_8.x86_64,"EnergyPlus, Version 23.1.0-87ed9199d4, YMD=2026.08.31 05:08"
31019,IT.MidClim.AB.01.Gen.ReEx.001.001,AB,IT.01,FALLBACK_PENDING_LAYOUT_MISSING_DWELLING_COUNT,IMPUTED_CENSUS_SECTION_CONSTRUCTION_PERIOD,7faf46420423ac2252d5a95b0acf9a18dae8e86b0d7fb0223ce29c3085d7a5d9,ab631c6026e3f7cf5cfcff7c6a506eb84b6eeb62f1afa5703fc48ef0897e25fa,0,0,0,387987.674815,8081.7022,48.008163,1885,hostname=speed-43.encs.concordia.ca / kernel=Linux 5.14.0-687.39.1.el9_8.x86_64,"EnergyPlus, Version 23.1.0-87ed9199d4, YMD=2026.08.31 05:08"
31022,IT.MidClim.AB.01.Gen.ReEx.001.001,AB,IT.01,FALLBACK_PENDING_LAYOUT_MISSING_DWELLING_COUNT,IMPUTED_CENSUS_SECTION_CONSTRUCTION_PERIOD,e59eb710ed5648204d3097eaee9cd6b5c075b92cf0b57c771160543dd45df93d,ab631c6026e3f7cf5cfcff7c6a506eb84b6eeb62f1afa5703fc48ef0897e25fa,0,0,0,70429.002968,1425.1528,49.418563,2260,hostname=speed-15.encs.concordia.ca / kernel=Linux 5.14.0-687.39.1.el9_8.x86_64,"EnergyPlus, Version 23.1.0-87ed9199d4, YMD=2026.08.31 05:08"
31029,IT.MidClim.AB.01.Gen.ReEx.001.001,AB,IT.01,FALLBACK_PENDING_LAYOUT_MISSING_DWELLING_COUNT,IMPUTED_CENSUS_SECTION_CONSTRUCTION_PERIOD,69a1c881068b3491b2e7662a3008d77c4c72264ef007e37219eb7bff820d5745,ab631c6026e3f7cf5cfcff7c6a506eb84b6eeb62f1afa5703fc48ef0897e25fa,0,0,0,37304.507304,595.2749,62.667697,614,hostname=speed-30.encs.concordia.ca / kernel=Linux 5.14.0-687.39.1.el9_8.x86_64,"EnergyPlus, Version 23.1.0-87ed9199d4, YMD=2026.08.31 05:10"
31035,IT.MidClim.AB.01.Gen.ReEx.001.001,AB,IT.01,FALLBACK_PENDING_LAYOUT_MISSING_DWELLING_COUNT,IMPUTED_CENSUS_SECTION_CONSTRUCTION_PERIOD,700204c6d92128c72b112544df260284bd396e50a0c6b1e73cccb9b9a598027e,ab631c6026e3f7cf5cfcff7c6a506eb84b6eeb62f1afa5703fc48ef0897e25fa,0,0,0,109494.160727,2188.675,50.027602,73,hostname=speed-09.encs.concordia.ca / kernel=Linux 5.14.0-687.39.1.el9_8.x86_64,"EnergyPlus, Version 23.1.0-87ed9199d4, YMD=2026.08.31 05:11"
31041,IT.MidClim.MFH.01.Gen.ReEx.001.001,MFH,IT.01,DWELLING_LAYOUT_EMITTED_IMPUTED_COUNT,IMPUTED_CENSUS_SECTION_CONSTRUCTION_PERIOD,39caae2ed9db174d0983eff3e3430284a6af2bfc50de3d8406b1d643060b9ee0,ab631c6026e3f7cf5cfcff7c6a506eb84b6eeb62f1afa5703fc48ef0897e25fa,0,0,0,34427.288209,440.8239,78.097599,88,hostname=magic-node-05.encs.concordia.ca / kernel=Linux 5.14.0-687.39.1.el9_8.x86_64,"EnergyPlus, Version 23.1.0-87ed9199d4, YMD=2026.08.31 05:17"
31050,IT.MidClim.AB.01.Gen.ReEx.001.001,AB,IT.01,DWELLING_LAYOUT_EMITTED_IMPUTED_COUNT,IMPUTED_CENSUS_SECTION_CONSTRUCTION_PERIOD,ddab69fc471ab3156ee449e298a1d255fbe54d76d6120d9836d2342c1b715509,ab631c6026e3f7cf5cfcff7c6a506eb84b6eeb62f1afa5703fc48ef0897e25fa,0,0,0,47497.963139,706.365,67.242804,1498,hostname=speed-08.encs.concordia.ca / kernel=Linux 5.14.0-687.39.1.el9_8.x86_64,"EnergyPlus, Version 23.1.0-87ed9199d4, YMD=2026.08.31 05:17"
31054,IT.MidClim.MFH.01.Gen.ReEx.001.001,MFH,IT.01,DWELLING_LAYOUT_EMITTED_IMPUTED_COUNT,IMPUTED_CENSUS_SECTION_CONSTRUCTION_PERIOD,30969606b561b37d38732bc2e93fa3274e22b01039c468209ad52ed4a2712a9c,ab631c6026e3f7cf5cfcff7c6a506eb84b6eeb62f1afa5703fc48ef0897e25fa,0,0,0,68452.936439,1563.0675,43.793973,2745,hostname=magic-node-05.encs.concordia.ca / kernel=Linux 5.14.0-687.39.1.el9_8.x86_64,"EnergyPlus, Version 23.1.0-87ed9199d4, YMD=2026.08.31 05:18"
31058,IT.MidClim.AB.01.Gen.ReEx.001.001,AB,IT.01,FALLBACK_PENDING_LAYOUT_MISSING_DWELLING_COUNT,IMPUTED_CENSUS_SECTION_CONSTRUCTION_PERIOD,ec08376c836eee12e964e4540dd882b3121d80f496fa4d644ae92a4117b81cca,ab631c6026e3f7cf5cfcff7c6a506eb84b6eeb62f1afa5703fc48ef0897e25fa,0,0,0,56347.323611,1080.7999,52.134834,1575,hostname=antenna2.encs.concordia.ca / kernel=Linux 5.14.0-687.36.1.el9_8.x86_64,"EnergyPlus, Version 23.1.0-87ed9199d4, YMD=2026.08.31 05:19"
31060,IT.MidClim.MFH.01.Gen.ReEx.001.001,MFH,IT.01,DWELLING_LAYOUT_EMITTED_IMPUTED_COUNT,IMPUTED_CENSUS_SECTION_CONSTRUCTION_PERIOD,e23434a108abf07e7dc276ec476c68276d8ba12e89e62ad1489eb971a95afa4d,ab631c6026e3f7cf5cfcff7c6a506eb84b6eeb62f1afa5703fc48ef0897e25fa,0,0,0,35673.084656,890.9427,40.039707,2356,hostname=speed-09.encs.concordia.ca / kernel=Linux 5.14.0-687.39.1.el9_8.x86_64,"EnergyPlus, Version 23.1.0-87ed9199d4, YMD=2026.08.31 05:19"
31067,IT.MidClim.AB.01.Gen.ReEx.001.001,AB,IT.01,DWELLING_LAYOUT_EMITTED_IMPUTED_COUNT,IMPUTED_CENSUS_SECTION_CONSTRUCTION_PERIOD,dd8846e70ad68bbf29aef4ca0f342722b4081387a76cd746617e43e1bca4586c,ab631c6026e3f7cf5cfcff7c6a506eb84b6eeb62f1afa5703fc48ef0897e25fa,0,0,0,572345.879911,12812.837,44.669723,286,hostname=speed-43.encs.concordia.ca / kernel=Linux 5.14.0-687.39.1.el9_8.x86_64,"EnergyPlus, Version 23.1.0-87ed9199d4, YMD=2026.08.31 05:19"
31069,IT.MidClim.AB.01.Gen.ReEx.001.001,AB,IT.01,FALLBACK_PENDING_LAYOUT_MISSING_DWELLING_COUNT,IMPUTED_CENSUS_SECTION_CONSTRUCTION_PERIOD,a18d42088981c9161c36e85734e982e30ba82087e0f083e566d1e43a1dba9c20,ab631c6026e3f7cf5cfcff7c6a506eb84b6eeb62f1afa5703fc48ef0897e25fa,0,0,0,259621.860517,5642.0396,46.015604,1601,hostname=speed-30.encs.concordia.ca / kernel=Linux 5.14.0-687.39.1.el9_8.x86_64,"EnergyPlus, Version 23.1.0-87ed9199d4, YMD=2026.08.31 05:20"
31070,IT.MidClim.TH.01.Gen.ReEx.001.001,TH,IT.01,DWELLING_LAYOUT_EMITTED_IMPUTED_COUNT,IMPUTED_CENSUS_SECTION_CONSTRUCTION_PERIOD,a67d7fea2168e322f998aab4e779788243f940a1c3078da08223ff6ce6fb0ab0,ab631c6026e3f7cf5cfcff7c6a506eb84b6eeb62f1afa5703fc48ef0897e25fa,0,0,0,66488.122182,490.5032,135.550843,728,hostname=magic-node-08.encs.concordia.ca / kernel=Linux 5.14.0-687.39.1.el9_8.x86_64,"EnergyPlus, Version 23.1.0-87ed9199d4, YMD=2026.08.31 05:20"
31074,IT.MidClim.AB.01.Gen.ReEx.001.001,AB,IT.01,FALLBACK_PENDING_LAYOUT_MISSING_DWELLING_COUNT,IMPUTED_CENSUS_SECTION_CONSTRUCTION_PERIOD,5251d844aed98104492602502ed6d9dc9e0eecd043db938c59ee2baaf3729949,ab631c6026e3f7cf5cfcff7c6a506eb84b6eeb62f1afa5703fc48ef0897e25fa,0,0,0,113935.370044,2103.9666,54.152651,1190,hostname=speed-34.encs.concordia.ca / kernel=Linux 5.14.0-687.39.1.el9_8.x86_64,"EnergyPlus, Version 23.1.0-87ed9199d4, YMD=2026.08.31 05:21"
31075,IT.MidClim.AB.01.Gen.ReEx.001.001,AB,IT.01,FALLBACK_PENDING_LAYOUT_MISSING_DWELLING_COUNT,IMPUTED_CENSUS_SECTION_CONSTRUCTION_PERIOD,2c70af61b760d0c08ff2bd6895a8b1b24adff2b4ab7ec76a1ec33670929babc5,ab631c6026e3f7cf5cfcff7c6a506eb84b6eeb62f1afa5703fc48ef0897e25fa,0,0,0,45781.675516,938.0012,48.807694,2761,hostname=speed-29.encs.concordia.ca / kernel=Linux 5.14.0-687.39.1.el9_8.x86_64,"EnergyPlus, Version 23.1.0-87ed9199d4, YMD=2026.08.31 05:21"
31077,IT.MidClim.AB.01.Gen.ReEx.001.001,AB,IT.01,DWELLING_LAYOUT_EMITTED_IMPUTED_COUNT,IMPUTED_CENSUS_SECTION_CONSTRUCTION_PERIOD,d3d5dbbabd2b37af566d312592879819c1e6642298e45b4b9fa49643be80d60e,ab631c6026e3f7cf5cfcff7c6a506eb84b6eeb62f1afa5703fc48ef0897e25fa,0,0,0,111128.866061,2197.5136,50.570275,608,hostname=stellar.encs.concordia.ca / kernel=Linux 5.14.0-687.39.1.el9_8.x86_64,"EnergyPlus, Version 23.1.0-87ed9199d4, YMD=2026.08.31 05:21"
31078,IT.MidClim.MFH.01.Gen.ReEx.001.001,MFH,IT.01,DWELLING_LAYOUT_EMITTED_IMPUTED_COUNT,IMPUTED_CENSUS_SECTION_CONSTRUCTION_PERIOD,4da6382d717887adb9b7de17c221b1fc3412fe57ee3a181311d5e0be4345791c,ab631c6026e3f7cf5cfcff7c6a506eb84b6eeb62f1afa5703fc48ef0897e25fa,1,4,1,,440.1308,,3,hostname=magic-node-09.encs.concordia.ca / kernel=Linux 5.14.0-687.39.1.el9_8.x86_64,"EnergyPlus, Version 23.1.0-87ed9199d4, YMD=2026.08.31 05:21"
31083,IT.MidClim.AB.01.Gen.ReEx.001.001,AB,IT.01,FALLBACK_PENDING_LAYOUT_MISSING_DWELLING_COUNT,IMPUTED_CENSUS_SECTION_CONSTRUCTION_PERIOD,37db8c552a1d39e554e2ad99b8df1ec5ce5d8b708b9884a3f1ef7dbade887e84,ab631c6026e3f7cf5cfcff7c6a506eb84b6eeb62f1afa5703fc48ef0897e25fa,0,0,0,,1760.6441,,7208,hostname=magic-node-09.encs.concordia.ca / kernel=Linux 5.14.0-687.39.1.el9_8.x86_64,"EnergyPlus, Version 23.1.0-87ed9199d4, YMD=2026.08.31 05:21"
31092,IT.MidClim.MFH.01.Gen.ReEx.001.001,MFH,IT.01,DWELLING_LAYOUT_EMITTED_IMPUTED_COUNT,IMPUTED_CENSUS_SECTION_CONSTRUCTION_PERIOD,07bfc555453f60fb0016b8398625fef2d86013961833b9f4085dd201a54e28b5,ab631c6026e3f7cf5cfcff7c6a506eb84b6eeb62f1afa5703fc48ef0897e25fa,0,0,0,16810.468456,251.0873,66.950692,191,hostname=speed-36.encs.concordia.ca / kernel=Linux 5.14.0-687.39.1.el9_8.x86_64,"EnergyPlus, Version 23.1.0-87ed9199d4, YMD=2026.08.31 05:26"
31094,IT.MidClim.AB.01.Gen.ReEx.001.001,AB,IT.01,DWELLING_LAYOUT_EMITTED_IMPUTED_COUNT,IMPUTED_CENSUS_SECTION_CONSTRUCTION_PERIOD,70904140736d8dab2850af4d1aeceea925717fc35ddef7ba4a0d2ab08942584f,ab631c6026e3f7cf5cfcff7c6a506eb84b6eeb62f1afa5703fc48ef0897e25fa,0,0,0,42158.968415,621.8196,67.799356,132,hostname=speed-43.encs.concordia.ca / kernel=Linux 5.14.0-687.39.1.el9_8.x86_64,"EnergyPlus, Version 23.1.0-87ed9199d4, YMD=2026.08.31 05:27"
31100,IT.MidClim.AB.01.Gen.ReEx.001.001,AB,IT.01,FALLBACK_PENDING_LAYOUT_MISSING_DWELLING_COUNT,IMPUTED_CENSUS_SECTION_CONSTRUCTION_PERIOD,84d283141c9cece443a5b1cb92dacd02a9c38c2b27eb6d315b3195b59e045c8b,ab631c6026e3f7cf5cfcff7c6a506eb84b6eeb62f1afa5703fc48ef0897e25fa,0,0,0,,712.9382,,7216,hostname=magic-node-07.encs.concordia.ca / kernel=Linux 5.14.0-687.39.1.el9_8.x86_64,"EnergyPlus, Version 23.1.0-87ed9199d4, YMD=2026.08.31 05:27"
31103,IT.MidClim.MFH.01.Gen.ReEx.001.001,MFH,IT.01,DWELLING_LAYOUT_EMITTED_IMPUTED_COUNT,IMPUTED_CENSUS_SECTION_CONSTRUCTION_PERIOD,cc543741c0353a28715844328b99ebb276bbf6359fe9feecd2cf791884843f39,ab631c6026e3f7cf5cfcff7c6a506eb84b6eeb62f1afa5703fc48ef0897e25fa,0,0,0,47622.845868,952.9015,49.976672,1193,hostname=speed-43.encs.concordia.ca / kernel=Linux 5.14.0-687.39.1.el9_8.x86_64,"EnergyPlus, Version 23.1.0-87ed9199d4, YMD=2026.08.31 05:27"
31105,IT.MidClim.AB.01.Gen.ReEx.001.001,AB,IT.01,FALLBACK_PENDING_LAYOUT_MISSING_DWELLING_COUNT,IMPUTED_CENSUS_SECTION_CONSTRUCTION_PERIOD,7609c7d4e32d197854b6b5d19ef7e6a80aff9e58f0bccaa21701e0c32dccd70b,ab631c6026e3f7cf5cfcff7c6a506eb84b6eeb62f1afa5703fc48ef0897e25fa,0,0,0,279190.750953,5776.2259,48.334458,1726,hostname=speed-29.encs.concordia.ca / kernel=Linux 5.14.0-687.39.1.el9_8.x86_64,"EnergyPlus, Version 23.1.0-87ed9199d4, YMD=2026.08.31 05:28"
31109,IT.MidClim.MFH.01.Gen.ReEx.001.001,MFH,IT.01,DWELLING_LAYOUT_EMITTED_IMPUTED_COUNT,IMPUTED_CENSUS_SECTION_CONSTRUCTION_PERIOD,e7dd87b5b50378c855be89dbd56762326e3e83ba9987a7a81797e7052cf33f14,ab631c6026e3f7cf5cfcff7c6a506eb84b6eeb62f1afa5703fc48ef0897e25fa,0,0,0,30170.001716,508.9681,59.276803,432,hostname=speed-36.encs.concordia.ca / kernel=Linux 5.14.0-687.39.1.el9_8.x86_64,"EnergyPlus, Version 23.1.0-87ed9199d4, YMD=2026.08.31 05:29"
31114,IT.MidClim.AB.01.Gen.ReEx.001.001,AB,IT.01,FALLBACK_PENDING_LAYOUT_MISSING_DWELLING_COUNT,IMPUTED_CENSUS_SECTION_CONSTRUCTION_PERIOD,6576caa4ed1df44d7b009580c0880c8b83fb67d7c337aa87f2e3321939e7f36c,ab631c6026e3f7cf5cfcff7c6a506eb84b6eeb62f1afa5703fc48ef0897e25fa,0,0,0,47541.975968,959.1729,49.565595,3007,hostname=speed-43.encs.concordia.ca / kernel=Linux 5.14.0-687.39.1.el9_8.x86_64,"EnergyPlus, Version 23.1.0-87ed9199d4, YMD=2026.08.31 05:29"
31115,IT.MidClim.AB.01.Gen.ReEx.001.001,AB,IT.01,FALLBACK_PENDING_LAYOUT_MISSING_DWELLING_COUNT,IMPUTED_CENSUS_SECTION_CONSTRUCTION_PERIOD,be3b61f16c975fc9845f3d156bf0ea424f96a5d97ba9576ca3adcd9f428d8fba,ab631c6026e3f7cf5cfcff7c6a506eb84b6eeb62f1afa5703fc48ef0897e25fa,0,0,0,38179.520022,801.3047,47.646694,5509,hostname=speed-15.encs.concordia.ca / kernel=Linux 5.14.0-687.39.1.el9_8.x86_64,"EnergyPlus, Version 23.1.0-87ed9199d4, YMD=2026.08.31 05:30"
31118,IT.MidClim.AB.01.Gen.ReEx.001.001,AB,IT.01,DWELLING_LAYOUT_EMITTED_IMPUTED_COUNT,IMPUTED_CENSUS_SECTION_CONSTRUCTION_PERIOD,7b169badf52d60faa8f3c1f0db050b4832797649192c2ba56f9574290a555fc1,ab631c6026e3f7cf5cfcff7c6a506eb84b6eeb62f1afa5703fc48ef0897e25fa,0,0,0,45286.829205,681.5583,66.446009,119,hostname=speed-11.encs.concordia.ca / kernel=Linux 5.14.0-687.39.1.el9_8.x86_64,"EnergyPlus, Version 23.1.0-87ed9199d4, YMD=2026.08.31 05:31"
31123,IT.MidClim.AB.01.Gen.ReEx.001.001,AB,IT.01,FALLBACK_PENDING_LAYOUT_MISSING_DWELLING_COUNT,IMPUTED_CENSUS_SECTION_CONSTRUCTION_PERIOD,b48facd1c612fd5abd99f9a4e49c4259e06b943f5524e503acfb3625e06c8591,ab631c6026e3f7cf5cfcff7c6a506eb84b6eeb62f1afa5703fc48ef0897e25fa,0,0,0,38200.800434,711.999,53.652885,2010,hostname=speed-11.encs.concordia.ca / kernel=Linux 5.14.0-687.39.1.el9_8.x86_64,"EnergyPlus, Version 23.1.0-87ed9199d4, YMD=2026.08.31 05:36"
31124,IT.MidClim.AB.01.Gen.ReEx.001.001,AB,IT.01,FALLBACK_PENDING_LAYOUT_MISSING_DWELLING_COUNT,IMPUTED_CENSUS_SECTION_CONSTRUCTION_PERIOD,426f38b77390222d45d6d79ede5ff1f152667522d6ff5e5d828baaefb5da8914,ab631c6026e3f7cf5cfcff7c6a506eb84b6eeb62f1afa5703fc48ef0897e25fa,0,0,0,87983.348744,2012.1868,43.725239,6236,hostname=speed-36.encs.concordia.ca / kernel=Linux 5.14.0-687.39.1.el9_8.x86_64,"EnergyPlus, Version 23.1.0-87ed9199d4, YMD=2026.08.31 05:36"
31126,IT.MidClim.AB.01.Gen.ReEx.001.001,AB,IT.01,FALLBACK_PENDING_LAYOUT_MISSING_DWELLING_COUNT,IMPUTED_CENSUS_SECTION_CONSTRUCTION_PERIOD,5d32f22f75719e8dddfadadf5a427ff8fff70989677a458660ad8b0aabe7eb41,ab631c6026e3f7cf5cfcff7c6a506eb84b6eeb62f1afa5703fc48ef0897e25fa,0,0,0,26162.268043,663.39,39.437236,3650,hostname=speed-08.encs.concordia.ca / kernel=Linux 5.14.0-687.39.1.el9_8.x86_64,"EnergyPlus, Version 23.1.0-87ed9199d4, YMD=2026.08.31 05:37"
31136,IT.MidClim.AB.01.Gen.ReEx.001.001,AB,IT.01,FALLBACK_PENDING_LAYOUT_MISSING_DWELLING_COUNT,IMPUTED_CENSUS_SECTION_CONSTRUCTION_PERIOD,8236edd81caa082ff7927731e5d80bfd8c0c6b7e794a6f2077161ef9e2710def,ab631c6026e3f7cf5cfcff7c6a506eb84b6eeb62f1afa5703fc48ef0897e25fa,0,0,0,235025.909982,4851.9888,48.439087,635,hostname=stellar.encs.concordia.ca / kernel=Linux 5.14.0-687.39.1.el9_8.x86_64,"EnergyPlus, Version 23.1.0-87ed9199d4, YMD=2026.08.31 05:37"
31137,IT.MidClim.AB.01.Gen.ReEx.001.001,AB,IT.01,FALLBACK_PENDING_LAYOUT_MISSING_DWELLING_COUNT,IMPUTED_CENSUS_SECTION_CONSTRUCTION_PERIOD,b0cc81add31d3d3ca30ee41ecbe0fb8ab8863fb1677ef28f7cb5eb3026bd2208,ab631c6026e3f7cf5cfcff7c6a506eb84b6eeb62f1afa5703fc48ef0897e25fa,0,0,0,104028.319306,1698.9522,61.230869,34,hostname=speed-43.encs.concordia.ca / kernel=Linux 5.14.0-687.39.1.el9_8.x86_64,"EnergyPlus, Version 23.1.0-87ed9199d4, YMD=2026.08.31 05:39"
31141,IT.MidClim.AB.01.Gen.ReEx.001.001,AB,IT.01,FALLBACK_PENDING_LAYOUT_MISSING_DWELLING_COUNT,IMPUTED_CENSUS_SECTION_CONSTRUCTION_PERIOD,5dd28c7c275cbfefee382c7fdf5143cbcdab8e1712d26d1bf2be2dbbf6a26371,ab631c6026e3f7cf5cfcff7c6a506eb84b6eeb62f1afa5703fc48ef0897e25fa,0,0,0,64164.601681,1540.4266,41.653787,794,hostname=speed-43.encs.concordia.ca / kernel=Linux 5.14.0-687.39.1.el9_8.x86_64,"EnergyPlus, Version 23.1.0-87ed9199d4, YMD=2026.08.31 05:40"
31142,IT.MidClim.AB.01.Gen.ReEx.001.001,AB,IT.01,FALLBACK_PENDING_LAYOUT_MISSING_DWELLING_COUNT,IMPUTED_CENSUS_SECTION_CONSTRUCTION_PERIOD,4dc975ad571bcbf15052ebaecdd79949759c0957a18dd3bcce9192d36a3f006d,ab631c6026e3f7cf5cfcff7c6a506eb84b6eeb62f1afa5703fc48ef0897e25fa,0,0,0,35281.241395,670.3921,52.62777,908,hostname=speed-34.encs.concordia.ca / kernel=Linux 5.14.0-687.39.1.el9_8.x86_64,"EnergyPlus, Version 23.1.0-87ed9199d4, YMD=2026.08.31 05:41"
31146,IT.MidClim.AB.01.Gen.ReEx.001.001,AB,IT.01,FALLBACK_PENDING_LAYOUT_MISSING_DWELLING_COUNT,IMPUTED_CENSUS_SECTION_CONSTRUCTION_PERIOD,52a2d9f8fead77676810ba2b22fa0fb9ad9273ec756682384840839fc59f0eaf,ab631c6026e3f7cf5cfcff7c6a506eb84b6eeb62f1afa5703fc48ef0897e25fa,0,0,0,47577.087296,825.8389,57.610615,1045,hostname=speed-08.encs.concordia.ca / kernel=Linux 5.14.0-687.39.1.el9_8.x86_64,"EnergyPlus, Version 23.1.0-87ed9199d4, YMD=2026.08.31 05:46"
31147,IT.MidClim.MFH.01.Gen.ReEx.001.001,MFH,IT.01,DWELLING_LAYOUT_EMITTED_IMPUTED_COUNT,IMPUTED_CENSUS_SECTION_CONSTRUCTION_PERIOD,c7cef1437116aae4286aab597b5331838cadf97ff8e317490455cc76dd423f15,ab631c6026e3f7cf5cfcff7c6a506eb84b6eeb62f1afa5703fc48ef0897e25fa,0,0,0,12574.679899,164.2093,76.577148,212,hostname=speed-32.encs.concordia.ca / kernel=Linux 5.14.0-687.39.1.el9_8.x86_64,"EnergyPlus, Version 23.1.0-87ed9199d4, YMD=2026.08.31 05:47"
31148,IT.MidClim.MFH.01.Gen.ReEx.001.001,MFH,IT.01,DWELLING_LAYOUT_EMITTED_IMPUTED_COUNT,IMPUTED_CENSUS_SECTION_CONSTRUCTION_PERIOD,8569f0d217a231841cea65db81af78952ce231929c7b072a481cc50bacd24a39,ab631c6026e3f7cf5cfcff7c6a506eb84b6eeb62f1afa5703fc48ef0897e25fa,0,1,0,41821.861755,503.235,83.106028,34,hostname=speed-30.encs.concordia.ca / kernel=Linux 5.14.0-687.39.1.el9_8.x86_64,"EnergyPlus, Version 23.1.0-87ed9199d4, YMD=2026.08.31 05:47"
31153,IT.MidClim.MFH.01.Gen.ReEx.001.001,MFH,IT.01,DWELLING_LAYOUT_EMITTED_IMPUTED_COUNT,IMPUTED_CENSUS_SECTION_CONSTRUCTION_PERIOD,0e5dff3a5b416d3978246659f306a4a0e535f1945ddc8a16d3b9804d9cd92cc3,ab631c6026e3f7cf5cfcff7c6a506eb84b6eeb62f1afa5703fc48ef0897e25fa,1,3,1,,72.0344,,4,hostname=stellar.encs.concordia.ca / kernel=Linux 5.14.0-687.39.1.el9_8.x86_64,"EnergyPlus, Version 23.1.0-87ed9199d4, YMD=2026.08.31 05:48"
31158,IT.MidClim.MFH.01.Gen.ReEx.001.001,MFH,IT.01,DWELLING_LAYOUT_EMITTED_IMPUTED_COUNT,IMPUTED_CENSUS_SECTION_CONSTRUCTION_PERIOD,12234eb806e521bace498dd7dad8cb35cb8bb2e21839927265f74b9b06d15af5,ab631c6026e3f7cf5cfcff7c6a506eb84b6eeb62f1afa5703fc48ef0897e25fa,0,0,0,,1387.3404,,7211,hostname=magic-node-08.encs.concordia.ca / kernel=Linux 5.14.0-687.39.1.el9_8.x86_64,"EnergyPlus, Version 23.1.0-87ed9199d4, YMD=2026.08.31 05:48"
31169,IT.MidClim.AB.01.Gen.ReEx.001.001,AB,IT.01,FALLBACK_PENDING_LAYOUT_MISSING_DWELLING_COUNT,IMPUTED_CENSUS_SECTION_CONSTRUCTION_PERIOD,b24d1285075e887b709cb8af55148312f11e5da5ca045cacf2302a43ca3d82d3,ab631c6026e3f7cf5cfcff7c6a506eb84b6eeb62f1afa5703fc48ef0897e25fa,0,0,0,196097.23296,3662.1807,53.546575,269,hostname=stellar.encs.concordia.ca / kernel=Linux 5.14.0-687.39.1.el9_8.x86_64,"EnergyPlus, Version 23.1.0-87ed9199d4, YMD=2026.08.31 05:48"
31182,IT.MidClim.AB.01.Gen.ReEx.001.001,AB,IT.01,FALLBACK_PENDING_LAYOUT_MISSING_DWELLING_COUNT,IMPUTED_CENSUS_SECTION_CONSTRUCTION_PERIOD,38ba2998c661de1a3f220b14ae665abe74bcb7e50087ac23112779fdefaeb2fa,ab631c6026e3f7cf5cfcff7c6a506eb84b6eeb62f1afa5703fc48ef0897e25fa,0,0,0,74107.471748,1391.4138,53.260555,2263,hostname=speed-30.encs.concordia.ca / kernel=Linux 5.14.0-687.39.1.el9_8.x86_64,"EnergyPlus, Version 23.1.0-87ed9199d4, YMD=2026.08.31 05:48"
31184,IT.MidClim.AB.01.Gen.ReEx.001.001,AB,IT.01,FALLBACK_PENDING_LAYOUT_MISSING_DWELLING_COUNT,IMPUTED_CENSUS_SECTION_CONSTRUCTION_PERIOD,b50e27c26fa1b4364c0c8e802b19f192ea4efa878198d734af99c0110ee7d8cf,ab631c6026e3f7cf5cfcff7c6a506eb84b6eeb62f1afa5703fc48ef0897e25fa,0,0,0,293746.480484,6023.9947,48.762739,3544,hostname=speed-15.encs.concordia.ca / kernel=Linux 5.14.0-687.39.1.el9_8.x86_64,"EnergyPlus, Version 23.1.0-87ed9199d4, YMD=2026.08.31 05:49"
31187,IT.MidClim.MFH.01.Gen.ReEx.001.001,MFH,IT.01,DWELLING_LAYOUT_EMITTED_IMPUTED_COUNT,IMPUTED_CENSUS_SECTION_CONSTRUCTION_PERIOD,b4ba63fac8ed9edbcec47713ec45dd84ad33d413d650e4d5e84d5feaae93568e,ab631c6026e3f7cf5cfcff7c6a506eb84b6eeb62f1afa5703fc48ef0897e25fa,1,10,1,,332.3996,,2,hostname=speed-30.encs.concordia.ca / kernel=Linux 5.14.0-687.39.1.el9_8.x86_64,"EnergyPlus, Version 23.1.0-87ed9199d4, YMD=2026.08.31 05:50"
31188,IT.MidClim.MFH.01.Gen.ReEx.001.001,MFH,IT.01,DWELLING_LAYOUT_EMITTED_IMPUTED_COUNT,IMPUTED_CENSUS_SECTION_CONSTRUCTION_PERIOD,b964296848b74a47eee405a3d731774b05c880fa5e542fae0216f098bdedfdc7,ab631c6026e3f7cf5cfcff7c6a506eb84b6eeb62f1afa5703fc48ef0897e25fa,0,0,0,63474.983742,960.5674,66.080718,600,hostname=speed-30.encs.concordia.ca / kernel=Linux 5.14.0-687.39.1.el9_8.x86_64,"EnergyPlus, Version 23.1.0-87ed9199d4, YMD=2026.08.31 05:50"
31192,IT.MidClim.MFH.01.Gen.ReEx.001.001,MFH,IT.01,DWELLING_LAYOUT_EMITTED_IMPUTED_COUNT,IMPUTED_CENSUS_SECTION_CONSTRUCTION_PERIOD,2edccb98d591df9b27b7784e8a5df82bd08d49b9419c6da06545f04bd89756e5,ab631c6026e3f7cf5cfcff7c6a506eb84b6eeb62f1afa5703fc48ef0897e25fa,0,0,0,81023.138717,1313.5786,61.681226,405,hostname=speed-32.encs.concordia.ca / kernel=Linux 5.14.0-687.39.1.el9_8.x86_64,"EnergyPlus, Version 23.1.0-87ed9199d4, YMD=2026.08.31 05:50"
31193,IT.MidClim.AB.01.Gen.ReEx.001.001,AB,IT.01,FALLBACK_PENDING_LAYOUT_MISSING_DWELLING_COUNT,IMPUTED_CENSUS_SECTION_CONSTRUCTION_PERIOD,3d27c274981c9ca90097eee66bf1f5ccfdb5b12f9faeee31af093a40cc55cef5,ab631c6026e3f7cf5cfcff7c6a506eb84b6eeb62f1afa5703fc48ef0897e25fa,0,0,0,19256.631628,376.3302,51.169509,1807,hostname=speed-32.encs.concordia.ca / kernel=Linux 5.14.0-687.39.1.el9_8.x86_64,"EnergyPlus, Version 23.1.0-87ed9199d4, YMD=2026.08.31 05:51"
31195,IT.MidClim.AB.01.Gen.ReEx.001.001,AB,IT.01,FALLBACK_PENDING_LAYOUT_MISSING_DWELLING_COUNT,IMPUTED_CENSUS_SECTION_CONSTRUCTION_PERIOD,1487a8bb4a70b7aeb2fe476e1bf5c84d071a482c435dbe24d4d9a7be18f6c81d,ab631c6026e3f7cf5cfcff7c6a506eb84b6eeb62f1afa5703fc48ef0897e25fa,0,0,0,10571.670873,118.6933,89.067124,22,hostname=speed-29.encs.concordia.ca / kernel=Linux 5.14.0-687.39.1.el9_8.x86_64,"EnergyPlus, Version 23.1.0-87ed9199d4, YMD=2026.08.31 05:57"
31200,IT.MidClim.AB.01.Gen.ReEx.001.001,AB,IT.01,FALLBACK_PENDING_LAYOUT_MISSING_DWELLING_COUNT,IMPUTED_CENSUS_SECTION_CONSTRUCTION_PERIOD,e901f627ae8af2d02b7d631855950f433971c50994043dc8db873deafa0bf07e,ab631c6026e3f7cf5cfcff7c6a506eb84b6eeb62f1afa5703fc48ef0897e25fa,0,0,0,81857.919871,1688.6173,48.476301,3099,hostname=speed-34.encs.concordia.ca / kernel=Linux 5.14.0-687.39.1.el9_8.x86_64,"EnergyPlus, Version 23.1.0-87ed9199d4, YMD=2026.08.31 05:57"
31209,IT.MidClim.AB.01.Gen.ReEx.001.001,AB,IT.01,FALLBACK_PENDING_LAYOUT_MISSING_DWELLING_COUNT,IMPUTED_CENSUS_SECTION_CONSTRUCTION_PERIOD,31a323842ca582dfaf1bbe63ccdbd352c1672f1c288e4dd5bb6b5f61140e33c2,ab631c6026e3f7cf5cfcff7c6a506eb84b6eeb62f1afa5703fc48ef0897e25fa,0,0,0,58397.25828,963.6154,60.602247,5921,hostname=speed-29.encs.concordia.ca / kernel=Linux 5.14.0-687.39.1.el9_8.x86_64,"EnergyPlus, Version 23.1.0-87ed9199d4, YMD=2026.08.31 05:57"
31213,IT.MidClim.AB.01.Gen.ReEx.001.001,AB,IT.01,DWELLING_LAYOUT_EMITTED_IMPUTED_COUNT,IMPUTED_CENSUS_SECTION_CONSTRUCTION_PERIOD,e729db08c34277cda04612c7d85804a53d3e137605c38f3f53268063c9777c5e,ab631c6026e3f7cf5cfcff7c6a506eb84b6eeb62f1afa5703fc48ef0897e25fa,0,1,0,53129.313439,588.6679,90.253458,1909,hostname=speed-32.encs.concordia.ca / kernel=Linux 5.14.0-687.39.1.el9_8.x86_64,"EnergyPlus, Version 23.1.0-87ed9199d4, YMD=2026.08.31 05:57"
31215,IT.MidClim.AB.01.Gen.ReEx.001.001,AB,IT.01,FALLBACK_PENDING_LAYOUT_MISSING_DWELLING_COUNT,IMPUTED_CENSUS_SECTION_CONSTRUCTION_PERIOD,474e0bee13a149f5776d212239419744d23cf19e3e0c4c416e658cf0158fac86,ab631c6026e3f7cf5cfcff7c6a506eb84b6eeb62f1afa5703fc48ef0897e25fa,0,0,0,58182.655869,1165.7763,49.908937,167,hostname=antenna2.encs.concordia.ca / kernel=Linux 5.14.0-687.36.1.el9_8.x86_64,"EnergyPlus, Version 23.1.0-87ed9199d4, YMD=2026.08.31 05:57"
31218,IT.MidClim.MFH.01.Gen.ReEx.001.001,MFH,IT.01,DWELLING_LAYOUT_EMITTED_IMPUTED_COUNT,IMPUTED_CENSUS_SECTION_CONSTRUCTION_PERIOD,c9abc32ec0a7cf2c747a23caa62f33ba51be9c440f5cc7a0f69c482e368f217e,ab631c6026e3f7cf5cfcff7c6a506eb84b6eeb62f1afa5703fc48ef0897e25fa,0,0,0,12782.88531,248.4256,51.455588,19,hostname=speed-09.encs.concordia.ca / kernel=Linux 5.14.0-687.39.1.el9_8.x86_64,"EnergyPlus, Version 23.1.0-87ed9199d4, YMD=2026.08.31 05:57"
31222,IT.MidClim.AB.01.Gen.ReEx.001.001,AB,IT.01,DWELLING_LAYOUT_EMITTED_IMPUTED_COUNT,IMPUTED_CENSUS_SECTION_CONSTRUCTION_PERIOD,8850da801861ba8ebed781b7bee7b5b4da6f203b8037a4ffb60f49f0918ffe90,ab631c6026e3f7cf5cfcff7c6a506eb84b6eeb62f1afa5703fc48ef0897e25fa,0,0,0,203751.376709,3718.8416,54.788937,241,hostname=speed-09.encs.concordia.ca / kernel=Linux 5.14.0-687.39.1.el9_8.x86_64,"EnergyPlus, Version 23.1.0-87ed9199d4, YMD=2026.08.31 05:58"
31223,IT.MidClim.MFH.01.Gen.ReEx.001.001,MFH,IT.01,DWELLING_LAYOUT_EMITTED_IMPUTED_COUNT,IMPUTED_CENSUS_SECTION_CONSTRUCTION_PERIOD,8b04a0043d65a4cd7ef8690e898562f585f70123eeba16dc269d802fd80f00f9,ab631c6026e3f7cf5cfcff7c6a506eb84b6eeb62f1afa5703fc48ef0897e25fa,0,0,0,25918.677496,320.2456,80.933751,1725,hostname=speed-09.encs.concordia.ca / kernel=Linux 5.14.0-687.39.1.el9_8.x86_64,"EnergyPlus, Version 23.1.0-87ed9199d4, YMD=2026.08.31 05:58"
31225,IT.MidClim.AB.01.Gen.ReEx.001.001,AB,IT.01,FALLBACK_PENDING_LAYOUT_MISSING_DWELLING_COUNT,IMPUTED_CENSUS_SECTION_CONSTRUCTION_PERIOD,a3b6f2b1003cdfd956f2d89406c1dab249369189577ad3fd86de988bb1011162,ab631c6026e3f7cf5cfcff7c6a506eb84b6eeb62f1afa5703fc48ef0897e25fa,0,0,0,182955.185202,3688.6225,49.599867,285,hostname=stellar.encs.concordia.ca / kernel=Linux 5.14.0-687.39.1.el9_8.x86_64,"EnergyPlus, Version 23.1.0-87ed9199d4, YMD=2026.08.31 05:58"
31229,IT.MidClim.AB.01.Gen.ReEx.001.001,AB,IT.01,DWELLING_LAYOUT_EMITTED_IMPUTED_COUNT,IMPUTED_CENSUS_SECTION_CONSTRUCTION_PERIOD,bd893b20a7ab13edb863a837b6d35440cbb70812b4a80e8d4ee0b6a523c54abd,ab631c6026e3f7cf5cfcff7c6a506eb84b6eeb62f1afa5703fc48ef0897e25fa,0,0,0,103713.75218,2016.2898,51.437919,2239,hostname=speed-43.encs.concordia.ca / kernel=Linux 5.14.0-687.39.1.el9_8.x86_64,"EnergyPlus, Version 23.1.0-87ed9199d4, YMD=2026.08.31 05:58"
31234,IT.MidClim.AB.01.Gen.ReEx.001.001,AB,IT.01,FALLBACK_PENDING_LAYOUT_MISSING_DWELLING_COUNT,IMPUTED_CENSUS_SECTION_CONSTRUCTION_PERIOD,3b53b1858e02a70d31e60a962f207e729dce22c59cdd70f6c991d7e813f27bde,ab631c6026e3f7cf5cfcff7c6a506eb84b6eeb62f1afa5703fc48ef0897e25fa,0,0,0,59535.251937,1150.0738,51.766462,68,hostname=antenna2.encs.concordia.ca / kernel=Linux 5.14.0-687.36.1.el9_8.x86_64,"EnergyPlus, Version 23.1.0-87ed9199d4, YMD=2026.08.31 06:00"
31237,IT.MidClim.AB.01.Gen.ReEx.001.001,AB,IT.01,FALLBACK_PENDING_LAYOUT_MISSING_DWELLING_COUNT,IMPUTED_CENSUS_SECTION_CONSTRUCTION_PERIOD,392bd26b2d1e5a187e2c9d3f22b7c0abc8e22ed1891b867ed456ffa0ff6ea58d,ab631c6026e3f7cf5cfcff7c6a506eb84b6eeb62f1afa5703fc48ef0897e25fa,0,0,0,68172.227426,1371.9848,49.688763,947,hostname=speed-30.encs.concordia.ca / kernel=Linux 5.14.0-687.39.1.el9_8.x86_64,"EnergyPlus, Version 23.1.0-87ed9199d4, YMD=2026.08.31 06:00"
31240,IT.MidClim.AB.01.Gen.ReEx.001.001,AB,IT.01,FALLBACK_PENDING_LAYOUT_MISSING_DWELLING_COUNT,IMPUTED_CENSUS_SECTION_CONSTRUCTION_PERIOD,44cadac7a9d499c275f5859fc51f27751570e77adaff928ee90a04901242131d,ab631c6026e3f7cf5cfcff7c6a506eb84b6eeb62f1afa5703fc48ef0897e25fa,0,0,0,136642.107002,3831.7529,35.660469,302,hostname=antenna2.encs.concordia.ca / kernel=Linux 5.14.0-687.36.1.el9_8.x86_64,"EnergyPlus, Version 23.1.0-87ed9199d4, YMD=2026.08.31 06:06"
31246,IT.MidClim.AB.01.Gen.ReEx.001.001,AB,IT.01,FALLBACK_PENDING_LAYOUT_MISSING_DWELLING_COUNT,IMPUTED_CENSUS_SECTION_CONSTRUCTION_PERIOD,5b48e0c2dd0d7e3b657b3e9a689d0566756a6cfb8b0994263636178537e73d2e,ab631c6026e3f7cf5cfcff7c6a506eb84b6eeb62f1afa5703fc48ef0897e25fa,0,0,0,24937.595381,415.812,59.973246,1923,hostname=speed-29.encs.concordia.ca / kernel=Linux 5.14.0-687.39.1.el9_8.x86_64,"EnergyPlus, Version 23.1.0-87ed9199d4, YMD=2026.08.31 06:07"
31247,IT.MidClim.AB.01.Gen.ReEx.001.001,AB,IT.01,FALLBACK_PENDING_LAYOUT_MISSING_DWELLING_COUNT,IMPUTED_CENSUS_SECTION_CONSTRUCTION_PERIOD,8064fe31a9e69db04efc4942188e1f500b61619990d764a3c6dd9d75e0075143,ab631c6026e3f7cf5cfcff7c6a506eb84b6eeb62f1afa5703fc48ef0897e25fa,0,0,0,190286.078541,4003.1977,47.53352,859,hostname=speed-09.encs.concordia.ca / kernel=Linux 5.14.0-687.39.1.el9_8.x86_64,"EnergyPlus, Version 23.1.0-87ed9199d4, YMD=2026.08.31 06:07"
31250,IT.MidClim.AB.01.Gen.ReEx.001.001,AB,IT.01,FALLBACK_PENDING_LAYOUT_MISSING_DWELLING_COUNT,IMPUTED_CENSUS_SECTION_CONSTRUCTION_PERIOD,892e0170e6e575348cc027ee735d4809560c1bff1e2f65a425e5864a3534b1be,ab631c6026e3f7cf5cfcff7c6a506eb84b6eeb62f1afa5703fc48ef0897e25fa,0,0,0,64134.051797,1030.8093,62.217184,627,hostname=stellar.encs.concordia.ca / kernel=Linux 5.14.0-687.39.1.el9_8.x86_64,"EnergyPlus, Version 23.1.0-87ed9199d4, YMD=2026.08.31 06:08"
31254,IT.MidClim.MFH.01.Gen.ReEx.001.001,MFH,IT.01,DWELLING_LAYOUT_EMITTED_IMPUTED_COUNT,IMPUTED_CENSUS_SECTION_CONSTRUCTION_PERIOD,b37d2c2f3dc9689c7b5f5e82753504eb94fafdfb118f125dff02e85909857d29,ab631c6026e3f7cf5cfcff7c6a506eb84b6eeb62f1afa5703fc48ef0897e25fa,0,0,0,42268.277087,483.13,87.488413,887,hostname=speed-08.encs.concordia.ca / kernel=Linux 5.14.0-687.39.1.el9_8.x86_64,"EnergyPlus, Version 23.1.0-87ed9199d4, YMD=2026.08.31 06:08"
31264,IT.MidClim.AB.01.Gen.ReEx.001.001,AB,IT.01,FALLBACK_PENDING_LAYOUT_MISSING_DWELLING_COUNT,IMPUTED_CENSUS_SECTION_CONSTRUCTION_PERIOD,0af4eef5445f614f58e29c028e2319d4756e9413c53e7bc76c7005b711dd18c4,ab631c6026e3f7cf5cfcff7c6a506eb84b6eeb62f1afa5703fc48ef0897e25fa,0,0,0,115227.686064,2594.2609,44.416383,2333,hostname=magic-node-05.encs.concordia.ca / kernel=Linux 5.14.0-687.39.1.el9_8.x86_64,"EnergyPlus, Version 23.1.0-87ed9199d4, YMD=2026.08.31 06:09"
31269,IT.MidClim.AB.01.Gen.ReEx.001.001,AB,IT.01,FALLBACK_PENDING_LAYOUT_MISSING_DWELLING_COUNT,IMPUTED_CENSUS_SECTION_CONSTRUCTION_PERIOD,f3538f93ef6660b2c1fff4dee582246920b535408cf18777ed341871f2fcdaae,ab631c6026e3f7cf5cfcff7c6a506eb84b6eeb62f1afa5703fc48ef0897e25fa,0,0,0,31429.076113,524.6157,59.90876,554,hostname=speed-11.encs.concordia.ca / kernel=Linux 5.14.0-687.39.1.el9_8.x86_64,"EnergyPlus, Version 23.1.0-87ed9199d4, YMD=2026.08.31 06:09"
31272,IT.MidClim.SFH.01.Gen.ReEx.001.001,SFH,IT.01,DWELLING_LAYOUT_EMITTED_IMPUTED_COUNT,IMPUTED_CENSUS_SECTION_CONSTRUCTION_PERIOD,4613d126112e7de7a5604c0e05667512e3f0d94bb3562fafe0af7d9b5f16793b,ab631c6026e3f7cf5cfcff7c6a506eb84b6eeb62f1afa5703fc48ef0897e25fa,0,0,0,6793.312624,58.5684,115.989384,8,hostname=speed-35.encs.concordia.ca / kernel=Linux 5.14.0-687.39.1.el9_8.x86_64,"EnergyPlus, Version 23.1.0-87ed9199d4, YMD=2026.08.31 06:11"
31276,IT.MidClim.MFH.01.Gen.ReEx.001.001,MFH,IT.01,DWELLING_LAYOUT_EMITTED_IMPUTED_COUNT,IMPUTED_CENSUS_SECTION_CONSTRUCTION_PERIOD,977412541773574db8f76400f1e09af4603815611d59fc1c8a8abd3b4fee060a,ab631c6026e3f7cf5cfcff7c6a506eb84b6eeb62f1afa5703fc48ef0897e25fa,1,3,1,,395.4567,,2,hostname=speed-35.encs.concordia.ca / kernel=Linux 5.14.0-687.39.1.el9_8.x86_64,"EnergyPlus, Version 23.1.0-87ed9199d4, YMD=2026.08.31 06:11"
31277,IT.MidClim.AB.01.Gen.ReEx.001.001,AB,IT.01,FALLBACK_PENDING_LAYOUT_MISSING_DWELLING_COUNT,IMPUTED_CENSUS_SECTION_CONSTRUCTION_PERIOD,4a0b83d5fd6cbe5d7f62e0c0666fb87d196fdf0d5ae32e3875ee16475423e624,ab631c6026e3f7cf5cfcff7c6a506eb84b6eeb62f1afa5703fc48ef0897e25fa,0,0,0,137797.775122,3009.5063,45.787502,3150,hostname=speed-35.encs.concordia.ca / kernel=Linux 5.14.0-687.39.1.el9_8.x86_64,"EnergyPlus, Version 23.1.0-87ed9199d4, YMD=2026.08.31 06:11"
31278,IT.MidClim.MFH.01.Gen.ReEx.001.001,MFH,IT.01,DWELLING_LAYOUT_EMITTED_IMPUTED_COUNT,IMPUTED_CENSUS_SECTION_CONSTRUCTION_PERIOD,1244f46e78dda9485fb20cf4cbb2dd7a857325493b7c5f03b041ab34c00d04f3,ab631c6026e3f7cf5cfcff7c6a506eb84b6eeb62f1afa5703fc48ef0897e25fa,1,2,1,,1083.2746,,2,hostname=wolsey.encs.concordia.ca / kernel=Linux 5.14.0-687.39.1.el9_8.x86_64,"EnergyPlus, Version 23.1.0-87ed9199d4, YMD=2026.08.31 06:16"
31281,IT.MidClim.AB.01.Gen.ReEx.001.001,AB,IT.01,FALLBACK_PENDING_LAYOUT_MISSING_DWELLING_COUNT,IMPUTED_CENSUS_SECTION_CONSTRUCTION_PERIOD,d62866cf8b851f4f08b68dc870a8a98144f9f1d90ca6c734550f205534cb1589,ab631c6026e3f7cf5cfcff7c6a506eb84b6eeb62f1afa5703fc48ef0897e25fa,0,0,0,23082.347978,339.5228,67.984677,1310,hostname=wolsey.encs.concordia.ca / kernel=Linux 5.14.0-687.39.1.el9_8.x86_64,"EnergyPlus, Version 23.1.0-87ed9199d4, YMD=2026.08.31 06:16"
31287,IT.MidClim.AB.01.Gen.ReEx.001.001,AB,IT.01,FALLBACK_PENDING_LAYOUT_MISSING_DWELLING_COUNT,IMPUTED_CENSUS_SECTION_CONSTRUCTION_PERIOD,66d95a269d93a86d242d568c2c1c767ec6ce33f0a4932b09976e9fb3ae5014a2,ab631c6026e3f7cf5cfcff7c6a506eb84b6eeb62f1afa5703fc48ef0897e25fa,0,0,0,19717.054593,389.3693,50.638442,1203,hostname=stellar.encs.concordia.ca / kernel=Linux 5.14.0-687.39.1.el9_8.x86_64,"EnergyPlus, Version 23.1.0-87ed9199d4, YMD=2026.08.31 06:18"
31289,IT.MidClim.AB.01.Gen.ReEx.001.001,AB,IT.01,FALLBACK_PENDING_LAYOUT_MISSING_DWELLING_COUNT,IMPUTED_CENSUS_SECTION_CONSTRUCTION_PERIOD,24908be7c32f36d5f491eb399df04a1d4ca226086c48226b0c72ce4f06e93426,ab631c6026e3f7cf5cfcff7c6a506eb84b6eeb62f1afa5703fc48ef0897e25fa,0,0,0,26199.725377,641.7707,40.824122,2431,hostname=magic-node-04.encs.concordia.ca / kernel=Linux 5.14.0-687.39.1.el9_8.x86_64,"EnergyPlus, Version 23.1.0-87ed9199d4, YMD=2026.08.31 06:18"
31292,IT.MidClim.AB.01.Gen.ReEx.001.001,AB,IT.01,FALLBACK_PENDING_LAYOUT_MISSING_DWELLING_COUNT,IMPUTED_CENSUS_SECTION_CONSTRUCTION_PERIOD,c80644d54d5d1ac99c8cc7a4dfccffd82525b722e1cd0730c06a72866272a7b3,ab631c6026e3f7cf5cfcff7c6a506eb84b6eeb62f1afa5703fc48ef0897e25fa,0,0,0,118790.220469,2485.4809,47.793657,638,hostname=speed-11.encs.concordia.ca / kernel=Linux 5.14.0-687.39.1.el9_8.x86_64,"EnergyPlus, Version 23.1.0-87ed9199d4, YMD=2026.08.31 06:19"
31293,IT.MidClim.AB.01.Gen.ReEx.001.001,AB,IT.01,FALLBACK_PENDING_LAYOUT_MISSING_DWELLING_COUNT,IMPUTED_CENSUS_SECTION_CONSTRUCTION_PERIOD,56ba5e55742ac5ec2f84e46febbda943acf87f222d63503e6bc3ef7337605035,ab631c6026e3f7cf5cfcff7c6a506eb84b6eeb62f1afa5703fc48ef0897e25fa,0,0,0,91882.418448,1597.0135,57.533902,490,hostname=speed-43.encs.concordia.ca / kernel=Linux 5.14.0-687.39.1.el9_8.x86_64,"EnergyPlus, Version 23.1.0-87ed9199d4, YMD=2026.08.31 06:19"
31294,IT.MidClim.MFH.01.Gen.ReEx.001.001,MFH,IT.01,DWELLING_LAYOUT_EMITTED_IMPUTED_COUNT,IMPUTED_CENSUS_SECTION_CONSTRUCTION_PERIOD,ddc0b8579d038b2e1b05e2e12e2131b2a9fa204272774a896180228d552a97ed,ab631c6026e3f7cf5cfcff7c6a506eb84b6eeb62f1afa5703fc48ef0897e25fa,0,0,0,56013.854344,942.4368,59.435131,1116,hostname=magic-node-02.encs.concordia.ca / kernel=Linux 5.14.0-687.39.1.el9_8.x86_64,"EnergyPlus, Version 23.1.0-87ed9199d4, YMD=2026.08.31 06:20"
31297,IT.MidClim.AB.01.Gen.ReEx.001.001,AB,IT.01,FALLBACK_PENDING_LAYOUT_MISSING_DWELLING_COUNT,IMPUTED_CENSUS_SECTION_CONSTRUCTION_PERIOD,9d7747b24a55714a8749742f1ca2f7d3c0118b1357a6e1f78862925644f258ab,ab631c6026e3f7cf5cfcff7c6a506eb84b6eeb62f1afa5703fc48ef0897e25fa,0,0,0,178994.093561,3425.2558,52.257146,1580,hostname=speed-32.encs.concordia.ca / kernel=Linux 5.14.0-687.39.1.el9_8.x86_64,"EnergyPlus, Version 23.1.0-87ed9199d4, YMD=2026.08.31 06:21"
31299,IT.MidClim.AB.01.Gen.ReEx.001.001,AB,IT.01,FALLBACK_PENDING_LAYOUT_MISSING_DWELLING_COUNT,IMPUTED_CENSUS_SECTION_CONSTRUCTION_PERIOD,e83cd2010f2501e8bc0ec5aacb3d757afeb6e650b6e431b71ec472849dc18f4e,ab631c6026e3f7cf5cfcff7c6a506eb84b6eeb62f1afa5703fc48ef0897e25fa,0,0,0,74567.01175,1801.0984,41.400854,581,hostname=speed-09.encs.concordia.ca / kernel=Linux 5.14.0-687.39.1.el9_8.x86_64,"EnergyPlus, Version 23.1.0-87ed9199d4, YMD=2026.08.31 06:27"
31301,IT.MidClim.AB.01.Gen.ReEx.001.001,AB,IT.01,DWELLING_LAYOUT_EMITTED_IMPUTED_COUNT,IMPUTED_CENSUS_SECTION_CONSTRUCTION_PERIOD,0137ee405e353b3a940ff285712573b61f7bc0cfbc2060228c32278c214f171f,ab631c6026e3f7cf5cfcff7c6a506eb84b6eeb62f1afa5703fc48ef0897e25fa,0,0,0,64266.216465,890.2411,72.189676,145,hostname=antenna2.encs.concordia.ca / kernel=Linux 5.14.0-687.36.1.el9_8.x86_64,"EnergyPlus, Version 23.1.0-87ed9199d4, YMD=2026.08.31 06:27"
31302,IT.MidClim.AB.01.Gen.ReEx.001.001,AB,IT.01,FALLBACK_PENDING_LAYOUT_MISSING_DWELLING_COUNT,IMPUTED_CENSUS_SECTION_CONSTRUCTION_PERIOD,b134fcb187a4f6672d397ad84d75cd0b1410d54d49515b258a8f7c4a268eb022,ab631c6026e3f7cf5cfcff7c6a506eb84b6eeb62f1afa5703fc48ef0897e25fa,0,0,0,,916.0315,,7209,hostname=magic-node-06.encs.concordia.ca / kernel=Linux 5.14.0-687.39.1.el9_8.x86_64,"EnergyPlus, Version 23.1.0-87ed9199d4, YMD=2026.08.31 06:27"
31304,IT.MidClim.AB.01.Gen.ReEx.001.001,AB,IT.01,FALLBACK_PENDING_LAYOUT_MISSING_DWELLING_COUNT,IMPUTED_CENSUS_SECTION_CONSTRUCTION_PERIOD,dd20fa8f31687a0752ccf2634f51764c42fbf085117afba74d9c771a09de62d3,ab631c6026e3f7cf5cfcff7c6a506eb84b6eeb62f1afa5703fc48ef0897e25fa,0,0,0,259847.11066,4510.3772,57.610949,3592,hostname=speed-30.encs.concordia.ca / kernel=Linux 5.14.0-687.39.1.el9_8.x86_64,"EnergyPlus, Version 23.1.0-87ed9199d4, YMD=2026.08.31 06:27"
31306,IT.MidClim.SFH.01.Gen.ReEx.001.001,SFH,IT.01,DWELLING_LAYOUT_EMITTED_IMPUTED_COUNT,IMPUTED_CENSUS_SECTION_CONSTRUCTION_PERIOD,7097946d9b1021388ff4802dfec8bfed298ba211a5edc56be42d6c75bed6374f,ab631c6026e3f7cf5cfcff7c6a506eb84b6eeb62f1afa5703fc48ef0897e25fa,0,0,0,7137.194,28.6013,249.540895,15,hostname=speed-43.encs.concordia.ca / kernel=Linux 5.14.0-687.39.1.el9_8.x86_64,"EnergyPlus, Version 23.1.0-87ed9199d4, YMD=2026.08.31 06:28"
31311,IT.MidClim.MFH.01.Gen.ReEx.001.001,MFH,IT.01,DWELLING_LAYOUT_EMITTED_IMPUTED_COUNT,IMPUTED_CENSUS_SECTION_CONSTRUCTION_PERIOD,e000a7298bb9d034555ffa96e4a5e315ebd4118b0ce3e738bfe3c2c4155aa979,ab631c6026e3f7cf5cfcff7c6a506eb84b6eeb62f1afa5703fc48ef0897e25fa,0,0,0,96181.406169,1593.7544,60.348951,339,hostname=speed-43.encs.concordia.ca / kernel=Linux 5.14.0-687.39.1.el9_8.x86_64,"EnergyPlus, Version 23.1.0-87ed9199d4, YMD=2026.08.31 06:28"
31312,IT.MidClim.AB.01.Gen.ReEx.001.001,AB,IT.01,FALLBACK_PENDING_LAYOUT_MISSING_DWELLING_COUNT,IMPUTED_CENSUS_SECTION_CONSTRUCTION_PERIOD,8ed48444bd1eb037f477c707dbfdffa3ee65e4047a42bd971751f1a22a4645cc,ab631c6026e3f7cf5cfcff7c6a506eb84b6eeb62f1afa5703fc48ef0897e25fa,0,0,0,171753.21662,3644.2345,47.130122,2520,hostname=speed-30.encs.concordia.ca / kernel=Linux 5.14.0-687.39.1.el9_8.x86_64,"EnergyPlus, Version 23.1.0-87ed9199d4, YMD=2026.08.31 06:29"
31319,IT.MidClim.AB.01.Gen.ReEx.001.001,AB,IT.01,FALLBACK_PENDING_LAYOUT_MISSING_DWELLING_COUNT,IMPUTED_CENSUS_SECTION_CONSTRUCTION_PERIOD,86116c782b5e4a4cb73c6adffd40ee8b5c25ed1ca36a4f38ced7abd6de090e69,ab631c6026e3f7cf5cfcff7c6a506eb84b6eeb62f1afa5703fc48ef0897e25fa,0,0,0,51387.913018,1080.6028,47.554858,1853,hostname=speed-11.encs.concordia.ca / kernel=Linux 5.14.0-687.39.1.el9_8.x86_64,"EnergyPlus, Version 23.1.0-87ed9199d4, YMD=2026.08.31 06:29"
31320,IT.MidClim.AB.01.Gen.ReEx.001.001,AB,IT.01,FALLBACK_PENDING_LAYOUT_MISSING_DWELLING_COUNT,IMPUTED_CENSUS_SECTION_CONSTRUCTION_PERIOD,92fe2d09245aa15535ddcec04dde6cd6a16ef7237cebc04cf17498166a5db995,ab631c6026e3f7cf5cfcff7c6a506eb84b6eeb62f1afa5703fc48ef0897e25fa,0,0,0,33116.692177,585.9891,56.514178,2336,hostname=antenna2.encs.concordia.ca / kernel=Linux 5.14.0-687.36.1.el9_8.x86_64,"EnergyPlus, Version 23.1.0-87ed9199d4, YMD=2026.08.31 06:30"
31323,IT.MidClim.MFH.01.Gen.ReEx.001.001,MFH,IT.01,DWELLING_LAYOUT_EMITTED_IMPUTED_COUNT,IMPUTED_CENSUS_SECTION_CONSTRUCTION_PERIOD,822b82c2b48493910161d326da5cca9a8e8d75136410e97d057ad610b4e798f5,ab631c6026e3f7cf5cfcff7c6a506eb84b6eeb62f1afa5703fc48ef0897e25fa,0,0,0,19001.623526,369.6249,51.407856,2714,hostname=magic-node-01.encs.concordia.ca / kernel=Linux 5.14.0-687.39.1.el9_8.x86_64,"EnergyPlus, Version 23.1.0-87ed9199d4, YMD=2026.08.31 06:30"
31326,IT.MidClim.MFH.01.Gen.ReEx.001.001,MFH,IT.01,DWELLING_LAYOUT_EMITTED_IMPUTED_COUNT,IMPUTED_CENSUS_SECTION_CONSTRUCTION_PERIOD,5d169339f542f474c644b74cd2ac95d1ee4c981c659498a048f05dbb4f1cd567,ab631c6026e3f7cf5cfcff7c6a506eb84b6eeb62f1afa5703fc48ef0897e25fa,0,0,0,57019.560146,1205.1655,47.312639,483,hostname=speed-41.encs.concordia.ca / kernel=Linux 5.14.0-687.39.1.el9_8.x86_64,"EnergyPlus, Version 23.1.0-87ed9199d4, YMD=2026.08.31 06:31"
31331,IT.MidClim.MFH.01.Gen.ReEx.001.001,MFH,IT.01,DWELLING_LAYOUT_EMITTED_IMPUTED_COUNT,IMPUTED_CENSUS_SECTION_CONSTRUCTION_PERIOD,c1ff80f3b1109732ea4495c268a95fbe065a54badcba6792d7fb68223b682c0b,ab631c6026e3f7cf5cfcff7c6a506eb84b6eeb62f1afa5703fc48ef0897e25fa,1,7,1,,1443.7944,,2,hostname=speed-09.encs.concordia.ca / kernel=Linux 5.14.0-687.39.1.el9_8.x86_64,"EnergyPlus, Version 23.1.0-87ed9199d4, YMD=2026.08.31 06:36"
31334,IT.MidClim.AB.01.Gen.ReEx.001.001,AB,IT.01,DWELLING_LAYOUT_EMITTED_IMPUTED_COUNT,IMPUTED_CENSUS_SECTION_CONSTRUCTION_PERIOD,b136efde0aebb06288a473b9ceff2ead1fd3e70efc9a479eba4ffc473de5148a,ab631c6026e3f7cf5cfcff7c6a506eb84b6eeb62f1afa5703fc48ef0897e25fa,1,39,1,,8173.6766,,2,hostname=speed-09.encs.concordia.ca / kernel=Linux 5.14.0-687.39.1.el9_8.x86_64,"EnergyPlus, Version 23.1.0-87ed9199d4, YMD=2026.08.31 06:36"
31336,IT.MidClim.MFH.01.Gen.ReEx.001.001,MFH,IT.01,DWELLING_LAYOUT_EMITTED_IMPUTED_COUNT,IMPUTED_CENSUS_SECTION_CONSTRUCTION_PERIOD,4190dd69f407f7185c0d9b0183ddd07e43944ef9039bfc94f2d1e69299b3ca46,ab631c6026e3f7cf5cfcff7c6a506eb84b6eeb62f1afa5703fc48ef0897e25fa,0,1,0,44985.793398,1233.1935,36.479104,682,hostname=speed-09.encs.concordia.ca / kernel=Linux 5.14.0-687.39.1.el9_8.x86_64,"EnergyPlus, Version 23.1.0-87ed9199d4, YMD=2026.08.31 06:36"
31340,IT.MidClim.AB.01.Gen.ReEx.001.001,AB,IT.01,FALLBACK_PENDING_LAYOUT_MISSING_DWELLING_COUNT,IMPUTED_CENSUS_SECTION_CONSTRUCTION_PERIOD,e72491351a6250546dee3a1ccd828ab8015395b12bdacbae771a3298f4e528ec,ab631c6026e3f7cf5cfcff7c6a506eb84b6eeb62f1afa5703fc48ef0897e25fa,0,0,0,27224.431079,691.8159,39.352133,1635,hostname=speed-43.encs.concordia.ca / kernel=Linux 5.14.0-687.39.1.el9_8.x86_64,"EnergyPlus, Version 23.1.0-87ed9199d4, YMD=2026.08.31 06:36"
31346,IT.MidClim.AB.01.Gen.ReEx.001.001,AB,IT.01,FALLBACK_PENDING_LAYOUT_MISSING_DWELLING_COUNT,IMPUTED_CENSUS_SECTION_CONSTRUCTION_PERIOD,5dbbbc6c30d2818374e07c24069a01e0c255d285beedf54b698b5cbcd26f0db5,ab631c6026e3f7cf5cfcff7c6a506eb84b6eeb62f1afa5703fc48ef0897e25fa,0,0,0,99595.465576,2098.017,47.471239,882,hostname=speed-08.encs.concordia.ca / kernel=Linux 5.14.0-687.39.1.el9_8.x86_64,"EnergyPlus, Version 23.1.0-87ed9199d4, YMD=2026.08.31 06:37"
31347,IT.MidClim.MFH.01.Gen.ReEx.001.001,MFH,IT.01,DWELLING_LAYOUT_EMITTED_IMPUTED_COUNT,IMPUTED_CENSUS_SECTION_CONSTRUCTION_PERIOD,5b9d65be910018a6bdf0cafe19cc99566802651c0cc9a9ba502601a2c9b874bd,ab631c6026e3f7cf5cfcff7c6a506eb84b6eeb62f1afa5703fc48ef0897e25fa,0,0,0,45141.96447,1102.2865,40.953023,820,hostname=speed-11.encs.concordia.ca / kernel=Linux 5.14.0-687.39.1.el9_8.x86_64,"EnergyPlus, Version 23.1.0-87ed9199d4, YMD=2026.08.31 06:38"
31348,IT.MidClim.MFH.01.Gen.ReEx.001.001,MFH,IT.01,DWELLING_LAYOUT_EMITTED_IMPUTED_COUNT,IMPUTED_CENSUS_SECTION_CONSTRUCTION_PERIOD,165b514ce18546ef84b3b0ec1fdde60a581f7f509d567ef76898d9d90b091b45,ab631c6026e3f7cf5cfcff7c6a506eb84b6eeb62f1afa5703fc48ef0897e25fa,0,0,0,26465.305794,364.0152,72.703848,1682,hostname=speed-08.encs.concordia.ca / kernel=Linux 5.14.0-687.39.1.el9_8.x86_64,"EnergyPlus, Version 23.1.0-87ed9199d4, YMD=2026.08.31 06:38"
31351,IT.MidClim.AB.01.Gen.ReEx.001.001,AB,IT.01,FALLBACK_PENDING_LAYOUT_MISSING_DWELLING_COUNT,IMPUTED_CENSUS_SECTION_CONSTRUCTION_PERIOD,2619ae3ed0a66710676a589bb2d768a20bd9576400ee7ed5d35b0ae346e74e9a,ab631c6026e3f7cf5cfcff7c6a506eb84b6eeb62f1afa5703fc48ef0897e25fa,0,0,0,50443.997273,1201.0111,42.001275,877,hostname=stellar.encs.concordia.ca / kernel=Linux 5.14.0-687.39.1.el9_8.x86_64,"EnergyPlus, Version 23.1.0-87ed9199d4, YMD=2026.08.31 06:38"
31352,IT.MidClim.TH.01.Gen.ReEx.001.001,TH,IT.01,DWELLING_LAYOUT_EMITTED_IMPUTED_COUNT,IMPUTED_CENSUS_SECTION_CONSTRUCTION_PERIOD,f9ff76e90e2e090451045d5a86571ee0f6a89825c1e7f829a9620e2c9e0e583b,ab631c6026e3f7cf5cfcff7c6a506eb84b6eeb62f1afa5703fc48ef0897e25fa,0,0,0,32710.874886,203.3217,160.88236,81,hostname=magic-node-02.encs.concordia.ca / kernel=Linux 5.14.0-687.39.1.el9_8.x86_64,"EnergyPlus, Version 23.1.0-87ed9199d4, YMD=2026.08.31 06:38"
31361,IT.MidClim.MFH.01.Gen.ReEx.001.001,MFH,IT.01,DWELLING_LAYOUT_EMITTED_IMPUTED_COUNT,IMPUTED_CENSUS_SECTION_CONSTRUCTION_PERIOD,335f0863da8ef10c3315f46616817ebd96054ba3844953f932024b3d0c01e245,ab631c6026e3f7cf5cfcff7c6a506eb84b6eeb62f1afa5703fc48ef0897e25fa,1,8,1,,557.9042,,2,hostname=wolsey.encs.concordia.ca / kernel=Linux 5.14.0-687.39.1.el9_8.x86_64,"EnergyPlus, Version 23.1.0-87ed9199d4, YMD=2026.08.31 06:38"
31363,IT.MidClim.MFH.01.Gen.ReEx.001.001,MFH,IT.01,DWELLING_LAYOUT_EMITTED_IMPUTED_COUNT,IMPUTED_CENSUS_SECTION_CONSTRUCTION_PERIOD,cc0fda95d2cd821a08989061af312f3fa35244ee844720da4bd6301fc3b13ff0,ab631c6026e3f7cf5cfcff7c6a506eb84b6eeb62f1afa5703fc48ef0897e25fa,0,0,0,88781.370453,1480.3652,59.972614,992,hostname=wolsey.encs.concordia.ca / kernel=Linux 5.14.0-687.39.1.el9_8.x86_64,"EnergyPlus, Version 23.1.0-87ed9199d4, YMD=2026.08.31 06:38"
31376,IT.MidClim.MFH.01.Gen.ReEx.001.001,MFH,IT.01,DWELLING_LAYOUT_EMITTED_IMPUTED_COUNT,IMPUTED_CENSUS_SECTION_CONSTRUCTION_PERIOD,31578a3105815d51083a2cee84856ad9d056acfae7d19b023c5a42f7e13b0acf,ab631c6026e3f7cf5cfcff7c6a506eb84b6eeb62f1afa5703fc48ef0897e25fa,0,0,0,142497.040046,3103.6505,45.912721,452,hostname=speed-29.encs.concordia.ca / kernel=Linux 5.14.0-687.39.1.el9_8.x86_64,"EnergyPlus, Version 23.1.0-87ed9199d4, YMD=2026.08.31 06:39"
31377,IT.MidClim.MFH.01.Gen.ReEx.001.001,MFH,IT.01,DWELLING_LAYOUT_EMITTED_IMPUTED_COUNT,IMPUTED_CENSUS_SECTION_CONSTRUCTION_PERIOD,dd621ee1695d8a5fa081b4fa5ec3cf82fa32bfcf59c884754007589072a742d7,ab631c6026e3f7cf5cfcff7c6a506eb84b6eeb62f1afa5703fc48ef0897e25fa,0,0,0,61720.274547,868.3207,71.080045,1549,hostname=speed-41.encs.concordia.ca / kernel=Linux 5.14.0-687.39.1.el9_8.x86_64,"EnergyPlus, Version 23.1.0-87ed9199d4, YMD=2026.08.31 06:39"
31378,IT.MidClim.MFH.01.Gen.ReEx.001.001,MFH,IT.01,DWELLING_LAYOUT_EMITTED_IMPUTED_COUNT,IMPUTED_CENSUS_SECTION_CONSTRUCTION_PERIOD,67d792a3e41c61797f018cc141647a3252de1f3f84e4b23eecdabff3750fd651,ab631c6026e3f7cf5cfcff7c6a506eb84b6eeb62f1afa5703fc48ef0897e25fa,0,0,0,12270.792641,117.3954,104.525328,351,hostname=magic-node-02.encs.concordia.ca / kernel=Linux 5.14.0-687.39.1.el9_8.x86_64,"EnergyPlus, Version 23.1.0-87ed9199d4, YMD=2026.08.31 06:40"
31384,IT.MidClim.AB.01.Gen.ReEx.001.001,AB,IT.01,FALLBACK_PENDING_LAYOUT_MISSING_DWELLING_COUNT,IMPUTED_CENSUS_SECTION_CONSTRUCTION_PERIOD,3f5a099945ba8643f7d1033a2393a1ecb735cfc8d827e5e4ff9fc1fe47af1447,ab631c6026e3f7cf5cfcff7c6a506eb84b6eeb62f1afa5703fc48ef0897e25fa,0,0,0,103862.15553,1687.6364,61.54297,77,hostname=magic-node-10.encs.concordia.ca / kernel=Linux 5.14.0-687.39.1.el9_8.x86_64,"EnergyPlus, Version 23.1.0-87ed9199d4, YMD=2026.08.31 06:40"
31386,IT.MidClim.AB.01.Gen.ReEx.001.001,AB,IT.01,FALLBACK_PENDING_LAYOUT_MISSING_DWELLING_COUNT,IMPUTED_CENSUS_SECTION_CONSTRUCTION_PERIOD,3c0bcd16eea2f3c402e92cff1787848c387cc42b271e501cd412947f980c38b7,ab631c6026e3f7cf5cfcff7c6a506eb84b6eeb62f1afa5703fc48ef0897e25fa,0,0,0,10021.798067,122.5474,81.778953,1864,hostname=magic-node-10.encs.concordia.ca / kernel=Linux 5.14.0-687.39.1.el9_8.x86_64,"EnergyPlus, Version 23.1.0-87ed9199d4, YMD=2026.08.31 06:41"
31393,IT.MidClim.AB.01.Gen.ReEx.001.001,AB,IT.01,DWELLING_LAYOUT_EMITTED_IMPUTED_COUNT,IMPUTED_CENSUS_SECTION_CONSTRUCTION_PERIOD,2e508c6b490902df728960f7e9de363fd4ff06b5035c12f466e6d345901ae56e,ab631c6026e3f7cf5cfcff7c6a506eb84b6eeb62f1afa5703fc48ef0897e25fa,0,0,0,91155.920183,1292.3582,70.534562,151,hostname=speed-29.encs.concordia.ca / kernel=Linux 5.14.0-687.39.1.el9_8.x86_64,"EnergyPlus, Version 23.1.0-87ed9199d4, YMD=2026.08.31 06:46"
31401,IT.MidClim.AB.01.Gen.ReEx.001.001,AB,IT.01,FALLBACK_PENDING_LAYOUT_MISSING_DWELLING_COUNT,IMPUTED_CENSUS_SECTION_CONSTRUCTION_PERIOD,9c5a372067abb16384edafcf612a40bd8bccacfa0b13aea44c31dca6d09a8199,ab631c6026e3f7cf5cfcff7c6a506eb84b6eeb62f1afa5703fc48ef0897e25fa,0,0,0,27049.38922,543.8249,49.739152,438,hostname=speed-09.encs.concordia.ca / kernel=Linux 5.14.0-687.39.1.el9_8.x86_64,"EnergyPlus, Version 23.1.0-87ed9199d4, YMD=2026.08.31 06:47"
31404,IT.MidClim.AB.01.Gen.ReEx.001.001,AB,IT.01,DWELLING_LAYOUT_EMITTED_IMPUTED_COUNT,IMPUTED_CENSUS_SECTION_CONSTRUCTION_PERIOD,9a12bf2d1ed32b1cfab80f8215950376815163e0e82c0d3c841d3bf5c55edf00,ab631c6026e3f7cf5cfcff7c6a506eb84b6eeb62f1afa5703fc48ef0897e25fa,1,9,1,,3115.6136,,2,hostname=speed-32.encs.concordia.ca / kernel=Linux 5.14.0-687.39.1.el9_8.x86_64,"EnergyPlus, Version 23.1.0-87ed9199d4, YMD=2026.08.31 06:47"
31408,IT.MidClim.MFH.01.Gen.ReEx.001.001,MFH,IT.01,DWELLING_LAYOUT_EMITTED_IMPUTED_COUNT,IMPUTED_CENSUS_SECTION_CONSTRUCTION_PERIOD,1295964c73dce5fd6e3e562988089b135ac130cd35f2abb7773ed9105b989068,ab631c6026e3f7cf5cfcff7c6a506eb84b6eeb62f1afa5703fc48ef0897e25fa,0,0,0,24748.736674,414.0179,59.776973,58,hostname=speed-32.encs.concordia.ca / kernel=Linux 5.14.0-687.39.1.el9_8.x86_64,"EnergyPlus, Version 23.1.0-87ed9199d4, YMD=2026.08.31 06:47"
31410,IT.MidClim.AB.01.Gen.ReEx.001.001,AB,IT.01,FALLBACK_PENDING_LAYOUT_MISSING_DWELLING_COUNT,IMPUTED_CENSUS_SECTION_CONSTRUCTION_PERIOD,7f14f8546620f108a01b7dec647f4ddbf203f6fa435cb022b6a4468d8e191ad0,ab631c6026e3f7cf5cfcff7c6a506eb84b6eeb62f1afa5703fc48ef0897e25fa,0,0,0,121436.396152,2663.0693,45.600164,2897,hostname=magic-node-02.encs.concordia.ca / kernel=Linux 5.14.0-687.39.1.el9_8.x86_64,"EnergyPlus, Version 23.1.0-87ed9199d4, YMD=2026.08.31 06:47"
31414,IT.MidClim.MFH.01.Gen.ReEx.001.001,MFH,IT.01,DWELLING_LAYOUT_EMITTED_IMPUTED_COUNT,IMPUTED_CENSUS_SECTION_CONSTRUCTION_PERIOD,a32046f091619d31631a06ef37b5aafbbbd684462a6f38dec1504638751edf55,ab631c6026e3f7cf5cfcff7c6a506eb84b6eeb62f1afa5703fc48ef0897e25fa,0,0,0,23967.699352,612.4304,39.135385,189,hostname=speed-09.encs.concordia.ca / kernel=Linux 5.14.0-687.39.1.el9_8.x86_64,"EnergyPlus, Version 23.1.0-87ed9199d4, YMD=2026.08.31 06:48"
31415,IT.MidClim.AB.01.Gen.ReEx.001.001,AB,IT.01,DWELLING_LAYOUT_EMITTED_IMPUTED_COUNT,IMPUTED_CENSUS_SECTION_CONSTRUCTION_PERIOD,924bdb6b748dbff5104afd2c7f40857fd76d863b19ab9b7ebfb020597cd0887f,ab631c6026e3f7cf5cfcff7c6a506eb84b6eeb62f1afa5703fc48ef0897e25fa,0,1,0,150963.596982,1577.5463,95.695193,4528,hostname=speed-32.encs.concordia.ca / kernel=Linux 5.14.0-687.39.1.el9_8.x86_64,"EnergyPlus, Version 23.1.0-87ed9199d4, YMD=2026.08.31 06:48"
31418,IT.MidClim.AB.01.Gen.ReEx.001.001,AB,IT.01,FALLBACK_PENDING_LAYOUT_MISSING_DWELLING_COUNT,IMPUTED_CENSUS_SECTION_CONSTRUCTION_PERIOD,2f1a175afb97ba979fb484be2e7ed28901730b44d0ed19a8132b51951c2f59e6,ab631c6026e3f7cf5cfcff7c6a506eb84b6eeb62f1afa5703fc48ef0897e25fa,0,0,0,51024.005031,973.3565,52.420675,4493,hostname=magic-node-05.encs.concordia.ca / kernel=Linux 5.14.0-687.39.1.el9_8.x86_64,"EnergyPlus, Version 23.1.0-87ed9199d4, YMD=2026.08.31 06:48"
31421,IT.MidClim.MFH.01.Gen.ReEx.001.001,MFH,IT.01,DWELLING_LAYOUT_EMITTED_IMPUTED_COUNT,IMPUTED_CENSUS_SECTION_CONSTRUCTION_PERIOD,3c75fd19b556440952fd69e7cd6fbba581f296d438e1bce0d46c27be30e2d481,ab631c6026e3f7cf5cfcff7c6a506eb84b6eeb62f1afa5703fc48ef0897e25fa,0,0,0,50302.558392,1283.4155,39.194289,1375,hostname=speed-15.encs.concordia.ca / kernel=Linux 5.14.0-687.39.1.el9_8.x86_64,"EnergyPlus, Version 23.1.0-87ed9199d4, YMD=2026.08.31 06:48"
31428,IT.MidClim.AB.01.Gen.ReEx.001.001,AB,IT.01,DWELLING_LAYOUT_EMITTED_IMPUTED_COUNT,IMPUTED_CENSUS_SECTION_CONSTRUCTION_PERIOD,0a6683ac3f3e775d1df9d28c96073daf9bd4d08bf1673340804ee6ee19476d9f,ab631c6026e3f7cf5cfcff7c6a506eb84b6eeb62f1afa5703fc48ef0897e25fa,1,21,1,,2743.9565,,3,hostname=speed-34.encs.concordia.ca / kernel=Linux 5.14.0-687.39.1.el9_8.x86_64,"EnergyPlus, Version 23.1.0-87ed9199d4, YMD=2026.08.31 06:49"
31429,IT.MidClim.AB.01.Gen.ReEx.001.001,AB,IT.01,FALLBACK_PENDING_LAYOUT_MISSING_DWELLING_COUNT,IMPUTED_CENSUS_SECTION_CONSTRUCTION_PERIOD,4830d7c01d106f03b82a8bc20aaf37bc4dcef1ae58544a0922d33d86eb9b271a,ab631c6026e3f7cf5cfcff7c6a506eb84b6eeb62f1afa5703fc48ef0897e25fa,0,0,0,116674.701966,2334.247,49.983871,1466,hostname=speed-34.encs.concordia.ca / kernel=Linux 5.14.0-687.39.1.el9_8.x86_64,"EnergyPlus, Version 23.1.0-87ed9199d4, YMD=2026.08.31 06:49"
31430,IT.MidClim.TH.01.Gen.ReEx.001.001,TH,IT.01,DWELLING_LAYOUT_EMITTED_IMPUTED_COUNT,IMPUTED_CENSUS_SECTION_CONSTRUCTION_PERIOD,cad6a66afcffa4740880599b63b49a3c6d561812002d52bbbad4b8f56a553fd5,ab631c6026e3f7cf5cfcff7c6a506eb84b6eeb62f1afa5703fc48ef0897e25fa,0,0,0,7256.598451,34.6614,209.356761,12,hostname=speed-43.encs.concordia.ca / kernel=Linux 5.14.0-687.39.1.el9_8.x86_64,"EnergyPlus, Version 23.1.0-87ed9199d4, YMD=2026.08.31 06:49"
31431,IT.MidClim.AB.01.Gen.ReEx.001.001,AB,IT.01,FALLBACK_PENDING_LAYOUT_MISSING_DWELLING_COUNT,IMPUTED_CENSUS_SECTION_CONSTRUCTION_PERIOD,0adc161cacfe6b00368b9f7e78d2d777f33434110881bcbafdcff0cbb535e168,ab631c6026e3f7cf5cfcff7c6a506eb84b6eeb62f1afa5703fc48ef0897e25fa,0,0,0,166527.681292,3029.0976,54.976004,5781,hostname=speed-29.encs.concordia.ca / kernel=Linux 5.14.0-687.39.1.el9_8.x86_64,"EnergyPlus, Version 23.1.0-87ed9199d4, YMD=2026.08.31 06:49"
31432,IT.MidClim.MFH.01.Gen.ReEx.001.001,MFH,IT.01,DWELLING_LAYOUT_EMITTED_IMPUTED_COUNT,IMPUTED_CENSUS_SECTION_CONSTRUCTION_PERIOD,77e1036fa3a467e0b7b548e51e6d6dc7eddee20d3e924a69ba0c90772d4a9685,ab631c6026e3f7cf5cfcff7c6a506eb84b6eeb62f1afa5703fc48ef0897e25fa,0,0,0,23408.759799,544.8692,42.962164,97,hostname=speed-43.encs.concordia.ca / kernel=Linux 5.14.0-687.39.1.el9_8.x86_64,"EnergyPlus, Version 23.1.0-87ed9199d4, YMD=2026.08.31 06:49"
31435,IT.MidClim.AB.01.Gen.ReEx.001.001,AB,IT.01,FALLBACK_PENDING_LAYOUT_MISSING_DWELLING_COUNT,IMPUTED_CENSUS_SECTION_CONSTRUCTION_PERIOD,f002907e0d4d256df5d8586d9d65977e25081dd716481724830b299ed10a610d,ab631c6026e3f7cf5cfcff7c6a506eb84b6eeb62f1afa5703fc48ef0897e25fa,0,0,0,67054.460189,1350.7199,49.643498,3189,hostname=magic-node-03.encs.concordia.ca / kernel=Linux 5.14.0-687.39.1.el9_8.x86_64,"EnergyPlus, Version 23.1.0-87ed9199d4, YMD=2026.08.31 06:49"
31440,IT.MidClim.AB.01.Gen.ReEx.001.001,AB,IT.01,FALLBACK_PENDING_LAYOUT_MISSING_DWELLING_COUNT,IMPUTED_CENSUS_SECTION_CONSTRUCTION_PERIOD,1177f9c35f9acec636c3c5ab0e6b7e58aa89e4dda55dc9bda4a91ae362b88e1a,ab631c6026e3f7cf5cfcff7c6a506eb84b6eeb62f1afa5703fc48ef0897e25fa,0,0,0,66131.566701,1314.5985,50.305524,960,hostname=speed-43.encs.concordia.ca / kernel=Linux 5.14.0-687.39.1.el9_8.x86_64,"EnergyPlus, Version 23.1.0-87ed9199d4, YMD=2026.08.31 06:51"
31443,IT.MidClim.AB.01.Gen.ReEx.001.001,AB,IT.01,FALLBACK_PENDING_LAYOUT_MISSING_DWELLING_COUNT,IMPUTED_CENSUS_SECTION_CONSTRUCTION_PERIOD,6974fd0ad1559a7c5086330ed8ff0abd294c8dc9b83bc7850f2c9e05b410c8da,ab631c6026e3f7cf5cfcff7c6a506eb84b6eeb62f1afa5703fc48ef0897e25fa,0,0,0,39627.522446,696.0105,56.935237,452,hostname=speed-09.encs.concordia.ca / kernel=Linux 5.14.0-687.39.1.el9_8.x86_64,"EnergyPlus, Version 23.1.0-87ed9199d4, YMD=2026.08.31 06:51"
31444,IT.MidClim.MFH.01.Gen.ReEx.001.001,MFH,IT.01,DWELLING_LAYOUT_EMITTED_IMPUTED_COUNT,IMPUTED_CENSUS_SECTION_CONSTRUCTION_PERIOD,7918054b7ff07dde4430500c41bd7db725c34b5606d282110062645003d1132b,ab631c6026e3f7cf5cfcff7c6a506eb84b6eeb62f1afa5703fc48ef0897e25fa,0,0,0,22677.996315,378.6998,59.883835,152,hostname=speed-09.encs.concordia.ca / kernel=Linux 5.14.0-687.39.1.el9_8.x86_64,"EnergyPlus, Version 23.1.0-87ed9199d4, YMD=2026.08.31 06:58"
31445,IT.MidClim.AB.01.Gen.ReEx.001.001,AB,IT.01,FALLBACK_PENDING_LAYOUT_MISSING_DWELLING_COUNT,IMPUTED_CENSUS_SECTION_CONSTRUCTION_PERIOD,59f7af9dcfd913ad2501b749f099a6eab9abd177fd4129b0eae79e821ac6d27f,ab631c6026e3f7cf5cfcff7c6a506eb84b6eeb62f1afa5703fc48ef0897e25fa,0,0,0,22742.783176,425.5508,53.443169,67,hostname=stellar.encs.concordia.ca / kernel=Linux 5.14.0-687.39.1.el9_8.x86_64,"EnergyPlus, Version 23.1.0-87ed9199d4, YMD=2026.08.31 06:58"
31447,IT.MidClim.AB.01.Gen.ReEx.001.001,AB,IT.01,FALLBACK_PENDING_LAYOUT_MISSING_DWELLING_COUNT,IMPUTED_CENSUS_SECTION_CONSTRUCTION_PERIOD,e3ccc9192ce88c3770465f164c68677332bff7087168f10293cf0c370013f8b8,ab631c6026e3f7cf5cfcff7c6a506eb84b6eeb62f1afa5703fc48ef0897e25fa,0,0,0,104205.164353,1718.7583,60.628166,2525,hostname=magic-node-04.encs.concordia.ca / kernel=Linux 5.14.0-687.39.1.el9_8.x86_64,"EnergyPlus, Version 23.1.0-87ed9199d4, YMD=2026.08.31 06:59"
31461,IT.MidClim.AB.01.Gen.ReEx.001.001,AB,IT.01,FALLBACK_PENDING_LAYOUT_MISSING_DWELLING_COUNT,IMPUTED_CENSUS_SECTION_CONSTRUCTION_PERIOD,a900e734fb70dcf376e0c3fe2590d27c8a025ccb428229dbff14499ac9a56bef,ab631c6026e3f7cf5cfcff7c6a506eb84b6eeb62f1afa5703fc48ef0897e25fa,0,0,0,63803.307368,1019.8878,62.559144,338,hostname=stellar.encs.concordia.ca / kernel=Linux 5.14.0-687.39.1.el9_8.x86_64,"EnergyPlus, Version 23.1.0-87ed9199d4, YMD=2026.08.31 07:00"
31462,IT.MidClim.MFH.01.Gen.ReEx.001.001,MFH,IT.01,DWELLING_LAYOUT_EMITTED_IMPUTED_COUNT,IMPUTED_CENSUS_SECTION_CONSTRUCTION_PERIOD,28fdd6fec46bb315c45fb1d34114037b00250425a8f4d1cc2d5420266b37ed0b,ab631c6026e3f7cf5cfcff7c6a506eb84b6eeb62f1afa5703fc48ef0897e25fa,0,0,0,35698.882725,493.4805,72.34102,41,hostname=speed-11.encs.concordia.ca / kernel=Linux 5.14.0-687.39.1.el9_8.x86_64,"EnergyPlus, Version 23.1.0-87ed9199d4, YMD=2026.08.31 07:00"
31463,IT.MidClim.AB.01.Gen.ReEx.001.001,AB,IT.01,FALLBACK_PENDING_LAYOUT_MISSING_DWELLING_COUNT,IMPUTED_CENSUS_SECTION_CONSTRUCTION_PERIOD,652a5d6b0f0c67ef212727311207e39e406148552526e77efc72522766a8f482,ab631c6026e3f7cf5cfcff7c6a506eb84b6eeb62f1afa5703fc48ef0897e25fa,0,0,0,89572.921521,1821.5195,49.174835,447,hostname=speed-09.encs.concordia.ca / kernel=Linux 5.14.0-687.39.1.el9_8.x86_64,"EnergyPlus, Version 23.1.0-87ed9199d4, YMD=2026.08.31 07:01"
31466,IT.MidClim.AB.01.Gen.ReEx.001.001,AB,IT.01,DWELLING_LAYOUT_EMITTED_IMPUTED_COUNT,IMPUTED_CENSUS_SECTION_CONSTRUCTION_PERIOD,e5652f187700a75381a1fd08961182606863671c84d8fe45686e76d73fdbfcec,ab631c6026e3f7cf5cfcff7c6a506eb84b6eeb62f1afa5703fc48ef0897e25fa,0,0,0,41284.624795,954.4301,43.255787,514,hostname=speed-11.encs.concordia.ca / kernel=Linux 5.14.0-687.39.1.el9_8.x86_64,"EnergyPlus, Version 23.1.0-87ed9199d4, YMD=2026.08.31 07:01"
31468,IT.MidClim.AB.03.Gen.ReEx.001.001,AB,IT.03,FALLBACK_PENDING_LAYOUT_MISSING_DWELLING_COUNT,IMPUTED_CENSUS_SECTION_CONSTRUCTION_PERIOD,1f2dd8342a4ef8ecfb6375b6c623bd10e6071db11cac311fb18cc2958343826d,ab631c6026e3f7cf5cfcff7c6a506eb84b6eeb62f1afa5703fc48ef0897e25fa,0,0,0,236159.469626,5026.7844,46.980226,126,hostname=speed-09.encs.concordia.ca / kernel=Linux 5.14.0-687.39.1.el9_8.x86_64,"EnergyPlus, Version 23.1.0-87ed9199d4, YMD=2026.08.31 07:06"
31470,IT.MidClim.AB.01.Gen.ReEx.001.001,AB,IT.01,DWELLING_LAYOUT_EMITTED_IMPUTED_COUNT,IMPUTED_CENSUS_SECTION_CONSTRUCTION_PERIOD,ac41e067558314d9bc627015d937b588a7a61feeda9af7fb8bb84ff7002b3d06,ab631c6026e3f7cf5cfcff7c6a506eb84b6eeb62f1afa5703fc48ef0897e25fa,0,0,0,85324.594003,1703.5114,50.08748,142,hostname=speed-43.encs.concordia.ca / kernel=Linux 5.14.0-687.39.1.el9_8.x86_64,"EnergyPlus, Version 23.1.0-87ed9199d4, YMD=2026.08.31 07:07"
31471,IT.MidClim.MFH.01.Gen.ReEx.001.001,MFH,IT.01,DWELLING_LAYOUT_EMITTED_IMPUTED_COUNT,IMPUTED_CENSUS_SECTION_CONSTRUCTION_PERIOD,89fb2fb0febf790f5ff748cd89722282002c0207853a9b5fe30efc700db35845,ab631c6026e3f7cf5cfcff7c6a506eb84b6eeb62f1afa5703fc48ef0897e25fa,1,4,1,,541.0045,,1,hostname=speed-15.encs.concordia.ca / kernel=Linux 5.14.0-687.39.1.el9_8.x86_64,"EnergyPlus, Version 23.1.0-87ed9199d4, YMD=2026.08.31 07:07"
31475,IT.MidClim.MFH.01.Gen.ReEx.001.001,MFH,IT.01,DWELLING_LAYOUT_EMITTED_IMPUTED_COUNT,IMPUTED_CENSUS_SECTION_CONSTRUCTION_PERIOD,2c5fd6d07fdd8883e4b47d4b2cfa15ea00c335eff00d23f4185dec7f3de07ca7,ab631c6026e3f7cf5cfcff7c6a506eb84b6eeb62f1afa5703fc48ef0897e25fa,0,0,0,15309.353089,355.7931,43.028808,314,hostname=speed-15.encs.concordia.ca / kernel=Linux 5.14.0-687.39.1.el9_8.x86_64,"EnergyPlus, Version 23.1.0-87ed9199d4, YMD=2026.08.31 07:07"
31478,IT.MidClim.MFH.01.Gen.ReEx.001.001,MFH,IT.01,DWELLING_LAYOUT_EMITTED_IMPUTED_COUNT,IMPUTED_CENSUS_SECTION_CONSTRUCTION_PERIOD,c0b9dd19cc9c020236227168658abee443c10fe25655f9ef8b225ca51cde540f,ab631c6026e3f7cf5cfcff7c6a506eb84b6eeb62f1afa5703fc48ef0897e25fa,1,3,1,,478.7296,,2,hostname=speed-09.encs.concordia.ca / kernel=Linux 5.14.0-687.39.1.el9_8.x86_64,"EnergyPlus, Version 23.1.0-87ed9199d4, YMD=2026.08.31 07:08"
31479,IT.MidClim.AB.01.Gen.ReEx.001.001,AB,IT.01,DWELLING_LAYOUT_EMITTED_IMPUTED_COUNT,IMPUTED_CENSUS_SECTION_CONSTRUCTION_PERIOD,b43efe8d05333aed31df99ba860f4c9760cc78c6799a49fac44da63ec61be876,ab631c6026e3f7cf5cfcff7c6a506eb84b6eeb62f1afa5703fc48ef0897e25fa,0,0,0,177360.747378,3539.0497,50.115359,229,hostname=speed-09.encs.concordia.ca / kernel=Linux 5.14.0-687.39.1.el9_8.x86_64,"EnergyPlus, Version 23.1.0-87ed9199d4, YMD=2026.08.31 07:08"
31481,IT.MidClim.AB.01.Gen.ReEx.001.001,AB,IT.01,FALLBACK_PENDING_LAYOUT_MISSING_DWELLING_COUNT,IMPUTED_CENSUS_SECTION_CONSTRUCTION_PERIOD,ad928abd15dc76a6ea061e6dd0f29ecaedfb41018619bf79c0a93a4152bba43a,ab631c6026e3f7cf5cfcff7c6a506eb84b6eeb62f1afa5703fc48ef0897e25fa,0,0,0,59046.388279,1042.7301,56.626723,624,hostname=speed-09.encs.concordia.ca / kernel=Linux 5.14.0-687.39.1.el9_8.x86_64,"EnergyPlus, Version 23.1.0-87ed9199d4, YMD=2026.08.31 07:09"
31482,IT.MidClim.AB.01.Gen.ReEx.001.001,AB,IT.01,FALLBACK_PENDING_LAYOUT_MISSING_DWELLING_COUNT,IMPUTED_CENSUS_SECTION_CONSTRUCTION_PERIOD,aaca3642808d0d035f89136f89fc96fa17d77eb7b672f9f31204f5460f62b6c1,ab631c6026e3f7cf5cfcff7c6a506eb84b6eeb62f1afa5703fc48ef0897e25fa,0,0,0,36250.220181,1083.4544,33.458003,990,hostname=antenna2.encs.concordia.ca / kernel=Linux 5.14.0-687.36.1.el9_8.x86_64,"EnergyPlus, Version 23.1.0-87ed9199d4, YMD=2026.08.31 07:09"
31483,IT.MidClim.AB.01.Gen.ReEx.001.001,AB,IT.01,FALLBACK_PENDING_LAYOUT_MISSING_DWELLING_COUNT,IMPUTED_CENSUS_SECTION_CONSTRUCTION_PERIOD,21ea46b263f13c82936f7431d3a5295d4d9c3ed6a482ec6bf95a64b65778920f,ab631c6026e3f7cf5cfcff7c6a506eb84b6eeb62f1afa5703fc48ef0897e25fa,0,0,0,21091.475425,444.3086,47.470329,431,hostname=speed-43.encs.concordia.ca / kernel=Linux 5.14.0-687.39.1.el9_8.x86_64,"EnergyPlus, Version 23.1.0-87ed9199d4, YMD=2026.08.31 07:09"
31487,IT.MidClim.TH.01.Gen.ReEx.001.001,TH,IT.01,DWELLING_LAYOUT_EMITTED_IMPUTED_COUNT,IMPUTED_CENSUS_SECTION_CONSTRUCTION_PERIOD,6bf5d3777651a4224bfd4cc4f96de282c1775de49c5772623b7cedff22d05f9c,ab631c6026e3f7cf5cfcff7c6a506eb84b6eeb62f1afa5703fc48ef0897e25fa,0,0,0,9435.565292,85.9599,109.767058,305,hostname=speed-43.encs.concordia.ca / kernel=Linux 5.14.0-687.39.1.el9_8.x86_64,"EnergyPlus, Version 23.1.0-87ed9199d4, YMD=2026.08.31 07:09"
31493,IT.MidClim.MFH.01.Gen.ReEx.001.001,MFH,IT.01,DWELLING_LAYOUT_EMITTED_IMPUTED_COUNT,IMPUTED_CENSUS_SECTION_CONSTRUCTION_PERIOD,6507af46c92fee6e48200e1fcf523b79968760c84e08a3afdc34f941d5cc17fe,ab631c6026e3f7cf5cfcff7c6a506eb84b6eeb62f1afa5703fc48ef0897e25fa,0,0,0,41169.285301,787.9913,52.245863,1243,hostname=speed-08.encs.concordia.ca / kernel=Linux 5.14.0-687.39.1.el9_8.x86_64,"EnergyPlus, Version 23.1.0-87ed9199d4, YMD=2026.08.31 07:09"
31499,IT.MidClim.AB.01.Gen.ReEx.001.001,AB,IT.01,DWELLING_LAYOUT_EMITTED_IMPUTED_COUNT,IMPUTED_CENSUS_SECTION_CONSTRUCTION_PERIOD,4315446b7a162e3fd7b79dcf9a71d9b85fc39f4738d09ba00813c7e9027aef05,ab631c6026e3f7cf5cfcff7c6a506eb84b6eeb62f1afa5703fc48ef0897e25fa,0,0,0,91933.636389,1621.7697,56.687233,956,hostname=speed-11.encs.concordia.ca / kernel=Linux 5.14.0-687.39.1.el9_8.x86_64,"EnergyPlus, Version 23.1.0-87ed9199d4, YMD=2026.08.31 07:09"
31502,IT.MidClim.AB.01.Gen.ReEx.001.001,AB,IT.01,DWELLING_LAYOUT_EMITTED_IMPUTED_COUNT,IMPUTED_CENSUS_SECTION_CONSTRUCTION_PERIOD,8f4652daea1e8e931ab7dba8f619563d34b68be4eba6f6ef74ebe1b2bc491865,ab631c6026e3f7cf5cfcff7c6a506eb84b6eeb62f1afa5703fc48ef0897e25fa,0,0,0,588588.227262,18492.4644,31.828545,2921,hostname=speed-30.encs.concordia.ca / kernel=Linux 5.14.0-687.39.1.el9_8.x86_64,"EnergyPlus, Version 23.1.0-87ed9199d4, YMD=2026.08.31 07:11"
31506,IT.MidClim.MFH.01.Gen.ReEx.001.001,MFH,IT.01,DWELLING_LAYOUT_EMITTED_IMPUTED_COUNT,IMPUTED_CENSUS_SECTION_CONSTRUCTION_PERIOD,1e21089b251849f4fc39740ea0f988092d4c1f85b8aeba7e580f9c30dd6ea977,ab631c6026e3f7cf5cfcff7c6a506eb84b6eeb62f1afa5703fc48ef0897e25fa,1,4,1,,85.6074,,2,hostname=wolsey.encs.concordia.ca / kernel=Linux 5.14.0-687.39.1.el9_8.x86_64,"EnergyPlus, Version 23.1.0-87ed9199d4, YMD=2026.08.31 07:16"
31507,IT.MidClim.MFH.01.Gen.ReEx.001.001,MFH,IT.01,DWELLING_LAYOUT_EMITTED_IMPUTED_COUNT,IMPUTED_CENSUS_SECTION_CONSTRUCTION_PERIOD,4725473e76313d2dd25c416f0f45db656cac3ad3777e942d9e655983c41f0e4e,ab631c6026e3f7cf5cfcff7c6a506eb84b6eeb62f1afa5703fc48ef0897e25fa,1,6,1,,565.3346,,3,hostname=wolsey.encs.concordia.ca / kernel=Linux 5.14.0-687.39.1.el9_8.x86_64,"EnergyPlus, Version 23.1.0-87ed9199d4, YMD=2026.08.31 07:16"
31512,IT.MidClim.AB.01.Gen.ReEx.001.001,AB,IT.01,DWELLING_LAYOUT_EMITTED_IMPUTED_COUNT,IMPUTED_CENSUS_SECTION_CONSTRUCTION_PERIOD,1a0664f0acab4f0e3b2c52942587cf8971afcdf307aa6ff986ec6047cca3da2a,ab631c6026e3f7cf5cfcff7c6a506eb84b6eeb62f1afa5703fc48ef0897e25fa,0,0,0,135015.98163,1936.9031,69.707143,1938,hostname=wolsey.encs.concordia.ca / kernel=Linux 5.14.0-687.39.1.el9_8.x86_64,"EnergyPlus, Version 23.1.0-87ed9199d4, YMD=2026.08.31 07:16"
31518,IT.MidClim.AB.01.Gen.ReEx.001.001,AB,IT.01,DWELLING_LAYOUT_EMITTED_IMPUTED_COUNT,IMPUTED_CENSUS_SECTION_CONSTRUCTION_PERIOD,b3f6ff0285b49817ed68019d1b7a4c1ea654c5efcd0f1c0ebfd8f2e8355374dc,ab631c6026e3f7cf5cfcff7c6a506eb84b6eeb62f1afa5703fc48ef0897e25fa,1,12,1,,1109.134,,4,hostname=magic-node-10.encs.concordia.ca / kernel=Linux 5.14.0-687.39.1.el9_8.x86_64,"EnergyPlus, Version 23.1.0-87ed9199d4, YMD=2026.08.31 07:17"
31519,IT.MidClim.MFH.01.Gen.ReEx.001.001,MFH,IT.01,DWELLING_LAYOUT_EMITTED_IMPUTED_COUNT,IMPUTED_CENSUS_SECTION_CONSTRUCTION_PERIOD,1c98484d57385d50fc78665e4266d23c0ccdac1128f9a63d193b9d300d4e93e0,ab631c6026e3f7cf5cfcff7c6a506eb84b6eeb62f1afa5703fc48ef0897e25fa,1,2,1,,836.0135,,3,hostname=magic-node-10.encs.concordia.ca / kernel=Linux 5.14.0-687.39.1.el9_8.x86_64,"EnergyPlus, Version 23.1.0-87ed9199d4, YMD=2026.08.31 07:17"
31525,IT.MidClim.AB.03.Gen.ReEx.001.001,AB,IT.03,FALLBACK_PENDING_LAYOUT_MISSING_DWELLING_COUNT,IMPUTED_CENSUS_SECTION_CONSTRUCTION_PERIOD,e08d5bb320fe292b324acc2fddad44e5fed98b4d738def22383e8d854b5fea97,ab631c6026e3f7cf5cfcff7c6a506eb84b6eeb62f1afa5703fc48ef0897e25fa,0,0,0,143420.967412,3064.5186,46.800488,128,hostname=magic-node-10.encs.concordia.ca / kernel=Linux 5.14.0-687.39.1.el9_8.x86_64,"EnergyPlus, Version 23.1.0-87ed9199d4, YMD=2026.08.31 07:17"
31528,IT.MidClim.AB.01.Gen.ReEx.001.001,AB,IT.01,FALLBACK_PENDING_LAYOUT_MISSING_DWELLING_COUNT,IMPUTED_CENSUS_SECTION_CONSTRUCTION_PERIOD,9bbd8a7cddea10cde60fcc97f6e8e8a80b6e859939e87b1857388534a8939162,ab631c6026e3f7cf5cfcff7c6a506eb84b6eeb62f1afa5703fc48ef0897e25fa,0,0,0,168481.985506,3807.0236,44.255566,1185,hostname=stellar.encs.concordia.ca / kernel=Linux 5.14.0-687.39.1.el9_8.x86_64,"EnergyPlus, Version 23.1.0-87ed9199d4, YMD=2026.08.31 07:17"
31529,IT.MidClim.MFH.01.Gen.ReEx.001.001,MFH,IT.01,DWELLING_LAYOUT_EMITTED_IMPUTED_COUNT,IMPUTED_CENSUS_SECTION_CONSTRUCTION_PERIOD,dcf3f65a1523839430762679c8ac9ba34bbff8152cf528609cf5318389817e6c,ab631c6026e3f7cf5cfcff7c6a506eb84b6eeb62f1afa5703fc48ef0897e25fa,0,0,0,27465.557984,709.3696,38.718262,1317,hostname=speed-15.encs.concordia.ca / kernel=Linux 5.14.0-687.39.1.el9_8.x86_64,"EnergyPlus, Version 23.1.0-87ed9199d4, YMD=2026.08.31 07:18"
31534,IT.MidClim.MFH.01.Gen.ReEx.001.001,MFH,IT.01,DWELLING_LAYOUT_EMITTED_IMPUTED_COUNT,IMPUTED_CENSUS_SECTION_CONSTRUCTION_PERIOD,d085645ba17055fccaddd30c733ef8f5437eda873771da395f21bfe28076e9b2,ab631c6026e3f7cf5cfcff7c6a506eb84b6eeb62f1afa5703fc48ef0897e25fa,1,8,1,,91.7968,,2,hostname=speed-08.encs.concordia.ca / kernel=Linux 5.14.0-687.39.1.el9_8.x86_64,"EnergyPlus, Version 23.1.0-87ed9199d4, YMD=2026.08.31 07:19"
31535,IT.MidClim.MFH.01.Gen.ReEx.001.001,MFH,IT.01,DWELLING_LAYOUT_EMITTED_IMPUTED_COUNT,IMPUTED_CENSUS_SECTION_CONSTRUCTION_PERIOD,7ca8c3fede1a29b8153c27e0c9a05c504be5df5f63bca602e86c3c4512a65e78,ab631c6026e3f7cf5cfcff7c6a506eb84b6eeb62f1afa5703fc48ef0897e25fa,0,0,0,8121.426985,93.1138,87.220444,1252,hostname=speed-08.encs.concordia.ca / kernel=Linux 5.14.0-687.39.1.el9_8.x86_64,"EnergyPlus, Version 23.1.0-87ed9199d4, YMD=2026.08.31 07:19"
31536,IT.MidClim.MFH.01.Gen.ReEx.001.001,MFH,IT.01,DWELLING_LAYOUT_EMITTED_IMPUTED_COUNT,IMPUTED_CENSUS_SECTION_CONSTRUCTION_PERIOD,50b59ae8a7c4706b84ad911de9562808b2a42a4c97c228fb2c1d841b56980a51,ab631c6026e3f7cf5cfcff7c6a506eb84b6eeb62f1afa5703fc48ef0897e25fa,0,0,0,49987.16397,1113.7729,44.88093,58,hostname=magic-node-10.encs.concordia.ca / kernel=Linux 5.14.0-687.39.1.el9_8.x86_64,"EnergyPlus, Version 23.1.0-87ed9199d4, YMD=2026.08.31 07:19"
31538,IT.MidClim.MFH.01.Gen.ReEx.001.001,MFH,IT.01,DWELLING_LAYOUT_EMITTED_IMPUTED_COUNT,IMPUTED_CENSUS_SECTION_CONSTRUCTION_PERIOD,b8bfaa11dca6525fb0bc6099994c8a8f98b67aa97c914913557677df842efc93,ab631c6026e3f7cf5cfcff7c6a506eb84b6eeb62f1afa5703fc48ef0897e25fa,1,2,1,,674.7299,,2,hostname=speed-09.encs.concordia.ca / kernel=Linux 5.14.0-687.39.1.el9_8.x86_64,"EnergyPlus, Version 23.1.0-87ed9199d4, YMD=2026.08.31 07:19"
31539,IT.MidClim.AB.01.Gen.ReEx.001.001,AB,IT.01,DWELLING_LAYOUT_EMITTED_IMPUTED_COUNT,IMPUTED_CENSUS_SECTION_CONSTRUCTION_PERIOD,00163d6621716b133d7414e9effe5f305b402fdb3dcdb7a82e4dd0d2523454ea,ab631c6026e3f7cf5cfcff7c6a506eb84b6eeb62f1afa5703fc48ef0897e25fa,0,1,0,361244.246098,3553.9264,101.646519,5626,hostname=speed-09.encs.concordia.ca / kernel=Linux 5.14.0-687.39.1.el9_8.x86_64,"EnergyPlus, Version 23.1.0-87ed9199d4, YMD=2026.08.31 07:19"
31540,IT.MidClim.MFH.01.Gen.ReEx.001.001,MFH,IT.01,DWELLING_LAYOUT_EMITTED_IMPUTED_COUNT,IMPUTED_CENSUS_SECTION_CONSTRUCTION_PERIOD,e06424a6f543b4d786eda54f6cc7d291027195cd25da2b1546c9b3ef0fc72bd9,ab631c6026e3f7cf5cfcff7c6a506eb84b6eeb62f1afa5703fc48ef0897e25fa,0,0,0,14532.950273,337.7685,43.026364,433,hostname=speed-15.encs.concordia.ca / kernel=Linux 5.14.0-687.39.1.el9_8.x86_64,"EnergyPlus, Version 23.1.0-87ed9199d4, YMD=2026.08.31 07:19"
31547,IT.MidClim.MFH.01.Gen.ReEx.001.001,MFH,IT.01,DWELLING_LAYOUT_EMITTED_IMPUTED_COUNT,IMPUTED_CENSUS_SECTION_CONSTRUCTION_PERIOD,9f9cbfa0a419f879f247e8dfa353217b59ccb7e5ba9588f4e76cdf3a1422c889,ab631c6026e3f7cf5cfcff7c6a506eb84b6eeb62f1afa5703fc48ef0897e25fa,0,0,0,92990.053464,1735.0985,53.59353,3115,hostname=magic-node-10.encs.concordia.ca / kernel=Linux 5.14.0-687.39.1.el9_8.x86_64,"EnergyPlus, Version 23.1.0-87ed9199d4, YMD=2026.08.31 07:20"
31550,IT.MidClim.AB.01.Gen.ReEx.001.001,AB,IT.01,FALLBACK_PENDING_LAYOUT_MISSING_DWELLING_COUNT,IMPUTED_CENSUS_SECTION_CONSTRUCTION_PERIOD,3607a0b412d8d26b449f5d21f199857464d3c0c08683450acbd3252bb17f20a4,ab631c6026e3f7cf5cfcff7c6a506eb84b6eeb62f1afa5703fc48ef0897e25fa,0,0,0,67921.500391,1478.4177,45.942023,1512,hostname=speed-36.encs.concordia.ca / kernel=Linux 5.14.0-687.39.1.el9_8.x86_64,"EnergyPlus, Version 23.1.0-87ed9199d4, YMD=2026.08.31 07:20"
31552,IT.MidClim.MFH.01.Gen.ReEx.001.001,MFH,IT.01,DWELLING_LAYOUT_EMITTED_IMPUTED_COUNT,IMPUTED_CENSUS_SECTION_CONSTRUCTION_PERIOD,5c59e2524f9560501f92888efef022eec6302918a8d5508cb95d3fcc31d9def3,ab631c6026e3f7cf5cfcff7c6a506eb84b6eeb62f1afa5703fc48ef0897e25fa,1,6,1,,375.2017,,3,hostname=speed-35.encs.concordia.ca / kernel=Linux 5.14.0-687.39.1.el9_8.x86_64,"EnergyPlus, Version 23.1.0-87ed9199d4, YMD=2026.08.31 07:21"
31561,IT.MidClim.AB.01.Gen.ReEx.001.001,AB,IT.01,FALLBACK_PENDING_LAYOUT_MISSING_DWELLING_COUNT,IMPUTED_CENSUS_SECTION_CONSTRUCTION_PERIOD,282bad218deffb7cd666ba4fd92452d38b7182dce108ae4bb899b3562ccc79e1,ab631c6026e3f7cf5cfcff7c6a506eb84b6eeb62f1afa5703fc48ef0897e25fa,0,0,0,54863.860837,843.7151,65.026525,252,hostname=speed-35.encs.concordia.ca / kernel=Linux 5.14.0-687.39.1.el9_8.x86_64,"EnergyPlus, Version 23.1.0-87ed9199d4, YMD=2026.08.31 07:21"
31562,IT.MidClim.MFH.01.Gen.ReEx.001.001,MFH,IT.01,DWELLING_LAYOUT_EMITTED_IMPUTED_COUNT,IMPUTED_CENSUS_SECTION_CONSTRUCTION_PERIOD,cd921abc8ca37eb316d591948aefc4279bc64d95b370d007d2c56af2c3e5878c,ab631c6026e3f7cf5cfcff7c6a506eb84b6eeb62f1afa5703fc48ef0897e25fa,0,0,0,37715.056899,485.76,77.641339,932,hostname=speed-43.encs.concordia.ca / kernel=Linux 5.14.0-687.39.1.el9_8.x86_64,"EnergyPlus, Version 23.1.0-87ed9199d4, YMD=2026.08.31 07:26"
31563,IT.MidClim.AB.01.Gen.ReEx.001.001,AB,IT.01,DWELLING_LAYOUT_EMITTED_IMPUTED_COUNT,IMPUTED_CENSUS_SECTION_CONSTRUCTION_PERIOD,09ae83bf31e82e2d55f6f96fa006eadb4273533610f14cb0dcadc357f802a9ff,ab631c6026e3f7cf5cfcff7c6a506eb84b6eeb62f1afa5703fc48ef0897e25fa,0,0,0,196794.050864,4693.9409,41.925123,2108,hostname=speed-15.encs.concordia.ca / kernel=Linux 5.14.0-687.39.1.el9_8.x86_64,"EnergyPlus, Version 23.1.0-87ed9199d4, YMD=2026.08.31 07:26"
31572,IT.MidClim.AB.01.Gen.ReEx.001.001,AB,IT.01,FALLBACK_PENDING_LAYOUT_MISSING_DWELLING_COUNT,IMPUTED_CENSUS_SECTION_CONSTRUCTION_PERIOD,eb4c1b69a5818b959958f2a09a190ab3cc5f7e7e25c2c602c59bf67dedfbb6b5,ab631c6026e3f7cf5cfcff7c6a506eb84b6eeb62f1afa5703fc48ef0897e25fa,0,0,0,80463.994749,1578.3725,50.979091,131,hostname=speed-30.encs.concordia.ca / kernel=Linux 5.14.0-687.39.1.el9_8.x86_64,"EnergyPlus, Version 23.1.0-87ed9199d4, YMD=2026.08.31 07:27"
31578,IT.MidClim.AB.01.Gen.ReEx.001.001,AB,IT.01,FALLBACK_PENDING_LAYOUT_MISSING_DWELLING_COUNT,IMPUTED_CENSUS_SECTION_CONSTRUCTION_PERIOD,c19fc3f73ffceb553b0923fb71b6e45ca68ee09b4f330fed578b9058808fb73f,ab631c6026e3f7cf5cfcff7c6a506eb84b6eeb62f1afa5703fc48ef0897e25fa,0,0,0,38665.184176,872.9062,44.294776,1283,hostname=magic-node-07.encs.concordia.ca / kernel=Linux 5.14.0-687.39.1.el9_8.x86_64,"EnergyPlus, Version 23.1.0-87ed9199d4, YMD=2026.08.31 07:28"
31579,IT.MidClim.AB.01.Gen.ReEx.001.001,AB,IT.01,DWELLING_LAYOUT_EMITTED_IMPUTED_COUNT,IMPUTED_CENSUS_SECTION_CONSTRUCTION_PERIOD,e3ca567a1a3a7afe70703ebd3801d043e302f2e91c1055988ccd3a60f9673db7,ab631c6026e3f7cf5cfcff7c6a506eb84b6eeb62f1afa5703fc48ef0897e25fa,1,13,1,,1163.3304,,3,hostname=speed-41.encs.concordia.ca / kernel=Linux 5.14.0-687.39.1.el9_8.x86_64,"EnergyPlus, Version 23.1.0-87ed9199d4, YMD=2026.08.31 07:28"
31585,IT.MidClim.MFH.01.Gen.ReEx.001.001,MFH,IT.01,DWELLING_LAYOUT_EMITTED_IMPUTED_COUNT,IMPUTED_CENSUS_SECTION_CONSTRUCTION_PERIOD,26f21d1ffea3814eab5bfefee7207b06e0aa3d86ad1bdb46ceb5cecf8717211f,ab631c6026e3f7cf5cfcff7c6a506eb84b6eeb62f1afa5703fc48ef0897e25fa,1,2,1,,1972.8411,,2,hostname=speed-41.encs.concordia.ca / kernel=Linux 5.14.0-687.39.1.el9_8.x86_64,"EnergyPlus, Version 23.1.0-87ed9199d4, YMD=2026.08.31 07:28"
31588,IT.MidClim.MFH.01.Gen.ReEx.001.001,MFH,IT.01,DWELLING_LAYOUT_EMITTED_IMPUTED_COUNT,IMPUTED_CENSUS_SECTION_CONSTRUCTION_PERIOD,284230d1e3b360c9c58ac966b24c1e552e791d12f4fa4a289486e953ae6c650c,ab631c6026e3f7cf5cfcff7c6a506eb84b6eeb62f1afa5703fc48ef0897e25fa,0,1,0,33695.339867,672.4236,50.110287,666,hostname=speed-41.encs.concordia.ca / kernel=Linux 5.14.0-687.39.1.el9_8.x86_64,"EnergyPlus, Version 23.1.0-87ed9199d4, YMD=2026.08.31 07:28"
31592,IT.MidClim.MFH.01.Gen.ReEx.001.001,MFH,IT.01,DWELLING_LAYOUT_EMITTED_IMPUTED_COUNT,IMPUTED_CENSUS_SECTION_CONSTRUCTION_PERIOD,095245fb3f4b8c84bdb8b16c5551726edf0820132afd51d9a558fc72bcff1a35,ab631c6026e3f7cf5cfcff7c6a506eb84b6eeb62f1afa5703fc48ef0897e25fa,0,0,0,46094.951597,684.6992,67.321463,1361,hostname=speed-34.encs.concordia.ca / kernel=Linux 5.14.0-687.39.1.el9_8.x86_64,"EnergyPlus, Version 23.1.0-87ed9199d4, YMD=2026.08.31 07:29"
31596,IT.MidClim.AB.01.Gen.ReEx.001.001,AB,IT.01,FALLBACK_PENDING_LAYOUT_MISSING_DWELLING_COUNT,IMPUTED_CENSUS_SECTION_CONSTRUCTION_PERIOD,9317ac55773d5cd36c016a25904342305aed8d81d598f7b6859bc44fa1345200,ab631c6026e3f7cf5cfcff7c6a506eb84b6eeb62f1afa5703fc48ef0897e25fa,0,0,0,111659.675784,2131.1975,52.392927,2703,hostname=speed-30.encs.concordia.ca / kernel=Linux 5.14.0-687.39.1.el9_8.x86_64,"EnergyPlus, Version 23.1.0-87ed9199d4, YMD=2026.08.31 07:30"
31597,IT.MidClim.AB.01.Gen.ReEx.001.001,AB,IT.01,FALLBACK_PENDING_LAYOUT_MISSING_DWELLING_COUNT,IMPUTED_CENSUS_SECTION_CONSTRUCTION_PERIOD,9def9e7a72c9dd046725d10b443bd8eb351e680039c659d189e666977d088616,ab631c6026e3f7cf5cfcff7c6a506eb84b6eeb62f1afa5703fc48ef0897e25fa,0,0,0,7518.481783,125.7934,59.768492,120,hostname=speed-08.encs.concordia.ca / kernel=Linux 5.14.0-687.39.1.el9_8.x86_64,"EnergyPlus, Version 23.1.0-87ed9199d4, YMD=2026.08.31 07:30"
31598,IT.MidClim.MFH.01.Gen.ReEx.001.001,MFH,IT.01,DWELLING_LAYOUT_EMITTED_IMPUTED_COUNT,IMPUTED_CENSUS_SECTION_CONSTRUCTION_PERIOD,2ad12bb1cc407ad413b41b776fa525322a225158230c045afbba9cbd3af5cbd3,ab631c6026e3f7cf5cfcff7c6a506eb84b6eeb62f1afa5703fc48ef0897e25fa,0,0,0,5860.295149,111.3115,52.647706,227,hostname=stellar.encs.concordia.ca / kernel=Linux 5.14.0-687.39.1.el9_8.x86_64,"EnergyPlus, Version 23.1.0-87ed9199d4, YMD=2026.08.31 07:37"
31600,IT.MidClim.TH.01.Gen.ReEx.001.001,TH,IT.01,DWELLING_LAYOUT_EMITTED_IMPUTED_COUNT,IMPUTED_CENSUS_SECTION_CONSTRUCTION_PERIOD,b0c622e37fa7edbe578e1c816060874d7d0cacc49c4298aa76dc842eed03cd36,ab631c6026e3f7cf5cfcff7c6a506eb84b6eeb62f1afa5703fc48ef0897e25fa,0,0,0,4170.707893,37.3886,111.550256,17,hostname=speed-29.encs.concordia.ca / kernel=Linux 5.14.0-687.39.1.el9_8.x86_64,"EnergyPlus, Version 23.1.0-87ed9199d4, YMD=2026.08.31 07:38"
31605,IT.MidClim.MFH.01.Gen.ReEx.001.001,MFH,IT.01,DWELLING_LAYOUT_EMITTED_IMPUTED_COUNT,IMPUTED_CENSUS_SECTION_CONSTRUCTION_PERIOD,3166607cf6de36fe5c139ff579c8c28ab9afddfb399e94269ecfc00d47bc0f3c,ab631c6026e3f7cf5cfcff7c6a506eb84b6eeb62f1afa5703fc48ef0897e25fa,1,4,1,,182.997,,2,hostname=speed-29.encs.concordia.ca / kernel=Linux 5.14.0-687.39.1.el9_8.x86_64,"EnergyPlus, Version 23.1.0-87ed9199d4, YMD=2026.08.31 07:39"
31607,IT.MidClim.MFH.01.Gen.ReEx.001.001,MFH,IT.01,DWELLING_LAYOUT_EMITTED_IMPUTED_COUNT,IMPUTED_CENSUS_SECTION_CONSTRUCTION_PERIOD,fb5a2a4ae331420caa8fb5caf2eed08618fac8624842adeec53a68bfe045b4be,ab631c6026e3f7cf5cfcff7c6a506eb84b6eeb62f1afa5703fc48ef0897e25fa,0,0,0,96678.576842,1822.0721,53.059688,345,hostname=speed-29.encs.concordia.ca / kernel=Linux 5.14.0-687.39.1.el9_8.x86_64,"EnergyPlus, Version 23.1.0-87ed9199d4, YMD=2026.08.31 07:39"
31608,IT.MidClim.MFH.01.Gen.ReEx.001.001,MFH,IT.01,DWELLING_LAYOUT_EMITTED_IMPUTED_COUNT,IMPUTED_CENSUS_SECTION_CONSTRUCTION_PERIOD,7e48adbfe43abf1bfd1ffdf807b0efab77c70f067a7385dfe386c19e5f117f95,ab631c6026e3f7cf5cfcff7c6a506eb84b6eeb62f1afa5703fc48ef0897e25fa,1,2,1,,845.7031,,2,hostname=speed-11.encs.concordia.ca / kernel=Linux 5.14.0-687.39.1.el9_8.x86_64,"EnergyPlus, Version 23.1.0-87ed9199d4, YMD=2026.08.31 07:39"
31610,IT.MidClim.AB.01.Gen.ReEx.001.001,AB,IT.01,DWELLING_LAYOUT_EMITTED_IMPUTED_COUNT,IMPUTED_CENSUS_SECTION_CONSTRUCTION_PERIOD,790e3bea22f83e80658f4f94c13d0e548f0e7dfaa86493a40755ff73e31e7cdb,ab631c6026e3f7cf5cfcff7c6a506eb84b6eeb62f1afa5703fc48ef0897e25fa,0,0,0,544368.013664,11910.6499,45.704308,1242,hostname=speed-11.encs.concordia.ca / kernel=Linux 5.14.0-687.39.1.el9_8.x86_64,"EnergyPlus, Version 23.1.0-87ed9199d4, YMD=2026.08.31 07:39"
31611,IT.MidClim.MFH.01.Gen.ReEx.001.001,MFH,IT.01,DWELLING_LAYOUT_EMITTED_IMPUTED_COUNT,IMPUTED_CENSUS_SECTION_CONSTRUCTION_PERIOD,b072a7a7b748418728f5ae792484f791d15a964428b6e251c65c6104d381f143,ab631c6026e3f7cf5cfcff7c6a506eb84b6eeb62f1afa5703fc48ef0897e25fa,0,0,0,37469.44143,765.7031,48.934687,73,hostname=magic-node-09.encs.concordia.ca / kernel=Linux 5.14.0-687.39.1.el9_8.x86_64,"EnergyPlus, Version 23.1.0-87ed9199d4, YMD=2026.08.31 07:39"
31615,IT.MidClim.AB.01.Gen.ReEx.001.001,AB,IT.01,FALLBACK_PENDING_LAYOUT_MISSING_DWELLING_COUNT,IMPUTED_CENSUS_SECTION_CONSTRUCTION_PERIOD,ef15f8655b4d005128c062754662a4e1d7fc181362133c1c52302745f767b2c4,ab631c6026e3f7cf5cfcff7c6a506eb84b6eeb62f1afa5703fc48ef0897e25fa,0,0,0,102276.385869,1753.7063,58.320134,29,hostname=speed-41.encs.concordia.ca / kernel=Linux 5.14.0-687.39.1.el9_8.x86_64,"EnergyPlus, Version 23.1.0-87ed9199d4, YMD=2026.08.31 07:39"
31620,IT.MidClim.MFH.01.Gen.ReEx.001.001,MFH,IT.01,DWELLING_LAYOUT_EMITTED_IMPUTED_COUNT,IMPUTED_CENSUS_SECTION_CONSTRUCTION_PERIOD,57e7966c30d4dbad46bd74e04009c774a8872472c1eefccaedfa5d8f0687d4c0,ab631c6026e3f7cf5cfcff7c6a506eb84b6eeb62f1afa5703fc48ef0897e25fa,1,1,1,,909.8989,,1,hostname=speed-08.encs.concordia.ca / kernel=Linux 5.14.0-687.39.1.el9_8.x86_64,"EnergyPlus, Version 23.1.0-87ed9199d4, YMD=2026.08.31 07:40"
31628,IT.MidClim.AB.01.Gen.ReEx.001.001,AB,IT.01,FALLBACK_PENDING_LAYOUT_MISSING_DWELLING_COUNT,IMPUTED_CENSUS_SECTION_CONSTRUCTION_PERIOD,a087e91e358c7edbe432cb81599622b01262efae2c106e9e6c907fa65ad3fbda,ab631c6026e3f7cf5cfcff7c6a506eb84b6eeb62f1afa5703fc48ef0897e25fa,0,0,0,73019.425977,1353.6959,53.94079,3404,hostname=speed-08.encs.concordia.ca / kernel=Linux 5.14.0-687.39.1.el9_8.x86_64,"EnergyPlus, Version 23.1.0-87ed9199d4, YMD=2026.08.31 07:40"
31636,IT.MidClim.AB.01.Gen.ReEx.001.001,AB,IT.01,FALLBACK_PENDING_LAYOUT_MISSING_DWELLING_COUNT,IMPUTED_CENSUS_SECTION_CONSTRUCTION_PERIOD,7817c6257dce3b895108497421f9f16bc17491bcc54a8d138ccbfff0e24f1e72,ab631c6026e3f7cf5cfcff7c6a506eb84b6eeb62f1afa5703fc48ef0897e25fa,0,0,0,67076.237555,1421.3955,47.190411,1304,hostname=speed-41.encs.concordia.ca / kernel=Linux 5.14.0-687.39.1.el9_8.x86_64,"EnergyPlus, Version 23.1.0-87ed9199d4, YMD=2026.08.31 07:40"
31637,IT.MidClim.MFH.01.Gen.ReEx.001.001,MFH,IT.01,DWELLING_LAYOUT_EMITTED_IMPUTED_COUNT,IMPUTED_CENSUS_SECTION_CONSTRUCTION_PERIOD,398656d2306e96b3315c86340b52f8b8458480a7acaed11135959912e7c30671,ab631c6026e3f7cf5cfcff7c6a506eb84b6eeb62f1afa5703fc48ef0897e25fa,1,4,1,,434.229,,2,hostname=speed-15.encs.concordia.ca / kernel=Linux 5.14.0-687.39.1.el9_8.x86_64,"EnergyPlus, Version 23.1.0-87ed9199d4, YMD=2026.08.31 07:40"
31640,IT.MidClim.TH.01.Gen.ReEx.001.001,TH,IT.01,DWELLING_LAYOUT_EMITTED_IMPUTED_COUNT,IMPUTED_CENSUS_SECTION_CONSTRUCTION_PERIOD,1039e4a4c25870462f4a25bb94d051b558811babc558d50dfa6bb8ccec2cd893,ab631c6026e3f7cf5cfcff7c6a506eb84b6eeb62f1afa5703fc48ef0897e25fa,0,0,0,3666.171612,33.2015,110.421867,14,hostname=speed-15.encs.concordia.ca / kernel=Linux 5.14.0-687.39.1.el9_8.x86_64,"EnergyPlus, Version 23.1.0-87ed9199d4, YMD=2026.08.31 07:40"
31644,IT.MidClim.AB.01.Gen.ReEx.001.001,AB,IT.01,FALLBACK_PENDING_LAYOUT_MISSING_DWELLING_COUNT,IMPUTED_CENSUS_SECTION_CONSTRUCTION_PERIOD,a3d5ef0f11cbe8d9a767b13939e72b40eed43b93cd53be70e0f386c2e6478f10,ab631c6026e3f7cf5cfcff7c6a506eb84b6eeb62f1afa5703fc48ef0897e25fa,0,0,0,34639.175533,697.9394,49.630635,1197,hostname=magic-node-09.encs.concordia.ca / kernel=Linux 5.14.0-687.39.1.el9_8.x86_64,"EnergyPlus, Version 23.1.0-87ed9199d4, YMD=2026.08.31 07:40"
31646,IT.MidClim.AB.03.Gen.ReEx.001.001,AB,IT.03,FALLBACK_PENDING_LAYOUT_MISSING_DWELLING_COUNT,IMPUTED_CENSUS_SECTION_CONSTRUCTION_PERIOD,2e63a575a650166f828907a982af324585b0a5b1b32dc1de9982661801edb86e,ab631c6026e3f7cf5cfcff7c6a506eb84b6eeb62f1afa5703fc48ef0897e25fa,0,0,0,195179.593489,4661.6697,41.869031,54,hostname=speed-15.encs.concordia.ca / kernel=Linux 5.14.0-687.39.1.el9_8.x86_64,"EnergyPlus, Version 23.1.0-87ed9199d4, YMD=2026.08.31 07:40"
31653,IT.MidClim.AB.01.Gen.ReEx.001.001,AB,IT.01,FALLBACK_PENDING_LAYOUT_MISSING_DWELLING_COUNT,IMPUTED_CENSUS_SECTION_CONSTRUCTION_PERIOD,6bee0da57a900c03fd8468235223c950f8210008ec0d86010f4756c0ce50d0de,ab631c6026e3f7cf5cfcff7c6a506eb84b6eeb62f1afa5703fc48ef0897e25fa,0,0,0,88502.811897,1311.3994,67.487305,1393,hostname=stellar.encs.concordia.ca / kernel=Linux 5.14.0-687.39.1.el9_8.x86_64,"EnergyPlus, Version 23.1.0-87ed9199d4, YMD=2026.08.31 07:40"
31655,IT.MidClim.MFH.01.Gen.ReEx.001.001,MFH,IT.01,DWELLING_LAYOUT_EMITTED_IMPUTED_COUNT,IMPUTED_CENSUS_SECTION_CONSTRUCTION_PERIOD,634295046e29bf797ec8e755110e503b019c3c1fd4f8a619d26ea59abf1ea087,ab631c6026e3f7cf5cfcff7c6a506eb84b6eeb62f1afa5703fc48ef0897e25fa,0,0,0,73551.824193,1861.5678,39.510688,3431,hostname=magic-node-04.encs.concordia.ca / kernel=Linux 5.14.0-687.39.1.el9_8.x86_64,"EnergyPlus, Version 23.1.0-87ed9199d4, YMD=2026.08.31 07:41"
31658,IT.MidClim.AB.01.Gen.ReEx.001.001,AB,IT.01,DWELLING_LAYOUT_EMITTED_IMPUTED_COUNT,IMPUTED_CENSUS_SECTION_CONSTRUCTION_PERIOD,6b7ea4e2e812cb86f948c53ea4e930429d6a16e7157fe0690b60bd670063936e,ab631c6026e3f7cf5cfcff7c6a506eb84b6eeb62f1afa5703fc48ef0897e25fa,0,0,0,16844.419327,222.2949,75.775105,240,hostname=speed-09.encs.concordia.ca / kernel=Linux 5.14.0-687.39.1.el9_8.x86_64,"EnergyPlus, Version 23.1.0-87ed9199d4, YMD=2026.08.31 07:41"
31659,IT.MidClim.AB.01.Gen.ReEx.001.001,AB,IT.01,FALLBACK_PENDING_LAYOUT_MISSING_DWELLING_COUNT,IMPUTED_CENSUS_SECTION_CONSTRUCTION_PERIOD,3d9b7214270b8f4b1f7e314f0f2184b6680269c55d54ae9ea193df22d5d1d1b8,ab631c6026e3f7cf5cfcff7c6a506eb84b6eeb62f1afa5703fc48ef0897e25fa,0,0,0,111928.850672,2808.2761,39.856783,2963,hostname=speed-08.encs.concordia.ca / kernel=Linux 5.14.0-687.39.1.el9_8.x86_64,"EnergyPlus, Version 23.1.0-87ed9199d4, YMD=2026.08.31 07:47"
31661,IT.MidClim.AB.01.Gen.ReEx.001.001,AB,IT.01,FALLBACK_PENDING_LAYOUT_MISSING_DWELLING_COUNT,IMPUTED_CENSUS_SECTION_CONSTRUCTION_PERIOD,4b3eea7045925ce2630edd0c4b645bf9c68f59a53c034b0272c46cbec94f5314,ab631c6026e3f7cf5cfcff7c6a506eb84b6eeb62f1afa5703fc48ef0897e25fa,0,0,0,57054.011518,1052.6512,54.200301,1254,hostname=speed-32.encs.concordia.ca / kernel=Linux 5.14.0-687.39.1.el9_8.x86_64,"EnergyPlus, Version 23.1.0-87ed9199d4, YMD=2026.08.31 07:48"
31663,IT.MidClim.AB.01.Gen.ReEx.001.001,AB,IT.01,FALLBACK_PENDING_LAYOUT_MISSING_DWELLING_COUNT,IMPUTED_CENSUS_SECTION_CONSTRUCTION_PERIOD,8ae292335af2a22dc693c0727da273ac49f0c5d4986d4d137506d9517952bbbd,ab631c6026e3f7cf5cfcff7c6a506eb84b6eeb62f1afa5703fc48ef0897e25fa,0,0,0,42410.464365,883.5321,48.001045,811,hostname=magic-node-08.encs.concordia.ca / kernel=Linux 5.14.0-687.39.1.el9_8.x86_64,"EnergyPlus, Version 23.1.0-87ed9199d4, YMD=2026.08.31 07:48"
31666,IT.MidClim.MFH.01.Gen.ReEx.001.001,MFH,IT.01,DWELLING_LAYOUT_EMITTED_IMPUTED_COUNT,IMPUTED_CENSUS_SECTION_CONSTRUCTION_PERIOD,46fe79cefb42d8242467ae7ef4493c256f0742f481d1e7b0a3038e2bb90da1b9,ab631c6026e3f7cf5cfcff7c6a506eb84b6eeb62f1afa5703fc48ef0897e25fa,1,2,1,,796.7694,,3,hostname=wolsey.encs.concordia.ca / kernel=Linux 5.14.0-687.39.1.el9_8.x86_64,"EnergyPlus, Version 23.1.0-87ed9199d4, YMD=2026.08.31 07:49"
31667,IT.MidClim.AB.01.Gen.ReEx.001.001,AB,IT.01,FALLBACK_PENDING_LAYOUT_MISSING_DWELLING_COUNT,IMPUTED_CENSUS_SECTION_CONSTRUCTION_PERIOD,dcfaa0187077791c20db78d20c34dd8d5c7f4172b028122928d8bab100ca4894,ab631c6026e3f7cf5cfcff7c6a506eb84b6eeb62f1afa5703fc48ef0897e25fa,0,0,0,94387.805065,1584.1103,59.584112,186,hostname=wolsey.encs.concordia.ca / kernel=Linux 5.14.0-687.39.1.el9_8.x86_64,"EnergyPlus, Version 23.1.0-87ed9199d4, YMD=2026.08.31 07:49"
31669,IT.MidClim.AB.01.Gen.ReEx.001.001,AB,IT.01,FALLBACK_PENDING_LAYOUT_MISSING_DWELLING_COUNT,IMPUTED_CENSUS_SECTION_CONSTRUCTION_PERIOD,7c88c67069ff20ce94507ad37dab194efb0353d4f80086f3fb28d127bda012df,ab631c6026e3f7cf5cfcff7c6a506eb84b6eeb62f1afa5703fc48ef0897e25fa,0,0,0,59049.319979,1206.4196,48.945922,2181,hostname=magic-node-07.encs.concordia.ca / kernel=Linux 5.14.0-687.39.1.el9_8.x86_64,"EnergyPlus, Version 23.1.0-87ed9199d4, YMD=2026.08.31 07:49"
31681,IT.MidClim.TH.01.Gen.ReEx.001.001,TH,IT.01,DWELLING_LAYOUT_EMITTED_IMPUTED_COUNT,IMPUTED_CENSUS_SECTION_CONSTRUCTION_PERIOD,cb4ab23d7174934c96fe560f34460110cb41fb42f2a15630dbeccec2831b55c9,ab631c6026e3f7cf5cfcff7c6a506eb84b6eeb62f1afa5703fc48ef0897e25fa,0,0,0,3334.113631,30.4093,109.641249,50,hostname=speed-35.encs.concordia.ca / kernel=Linux 5.14.0-687.39.1.el9_8.x86_64,"EnergyPlus, Version 23.1.0-87ed9199d4, YMD=2026.08.31 07:50"
31682,IT.MidClim.AB.01.Gen.ReEx.001.001,AB,IT.01,DWELLING_LAYOUT_EMITTED_IMPUTED_COUNT,IMPUTED_CENSUS_SECTION_CONSTRUCTION_PERIOD,e6d4ef878b4e43ea23dac9e594fdadaa71ae21d08cc072c9039eb5563298b9a0,ab631c6026e3f7cf5cfcff7c6a506eb84b6eeb62f1afa5703fc48ef0897e25fa,0,0,0,76241.398429,1095.4667,69.597185,455,hostname=speed-43.encs.concordia.ca / kernel=Linux 5.14.0-687.39.1.el9_8.x86_64,"EnergyPlus, Version 23.1.0-87ed9199d4, YMD=2026.08.31 07:50"
31686,IT.MidClim.AB.01.Gen.ReEx.001.001,AB,IT.01,FALLBACK_PENDING_LAYOUT_MISSING_DWELLING_COUNT,IMPUTED_CENSUS_SECTION_CONSTRUCTION_PERIOD,0fb8b3952490d301b50a1bd5e8aa108a453e5f2eadaf932fdc29a492c3537d32,ab631c6026e3f7cf5cfcff7c6a506eb84b6eeb62f1afa5703fc48ef0897e25fa,0,0,0,95911.821173,2066.7651,46.406735,306,hostname=magic-node-02.encs.concordia.ca / kernel=Linux 5.14.0-687.39.1.el9_8.x86_64,"EnergyPlus, Version 23.1.0-87ed9199d4, YMD=2026.08.31 07:50"
31701,IT.MidClim.AB.01.Gen.ReEx.001.001,AB,IT.01,FALLBACK_PENDING_LAYOUT_MISSING_DWELLING_COUNT,IMPUTED_CENSUS_SECTION_CONSTRUCTION_PERIOD,5d45662e71bbd561f6162f3ae43982ec77eeb6a44398458c41dd106546767866,ab631c6026e3f7cf5cfcff7c6a506eb84b6eeb62f1afa5703fc48ef0897e25fa,0,0,0,58887.012536,1255.7554,46.893696,562,hostname=speed-09.encs.concordia.ca / kernel=Linux 5.14.0-687.39.1.el9_8.x86_64,"EnergyPlus, Version 23.1.0-87ed9199d4, YMD=2026.08.31 07:50"
31706,IT.MidClim.MFH.01.Gen.ReEx.001.001,MFH,IT.01,DWELLING_LAYOUT_EMITTED_IMPUTED_COUNT,IMPUTED_CENSUS_SECTION_CONSTRUCTION_PERIOD,2768ea3491330444a4147a7370c1586a2d68029313382e8650c697076dec24d1,ab631c6026e3f7cf5cfcff7c6a506eb84b6eeb62f1afa5703fc48ef0897e25fa,1,6,1,,837.4803,,2,hostname=speed-35.encs.concordia.ca / kernel=Linux 5.14.0-687.39.1.el9_8.x86_64,"EnergyPlus, Version 23.1.0-87ed9199d4, YMD=2026.08.31 07:51"
31710,IT.MidClim.AB.01.Gen.ReEx.001.001,AB,IT.01,FALLBACK_PENDING_LAYOUT_MISSING_DWELLING_COUNT,IMPUTED_CENSUS_SECTION_CONSTRUCTION_PERIOD,0d1e454995aab6dfc542665e1526196742ffbc80d9c89aed8fe249060a030dcf,ab631c6026e3f7cf5cfcff7c6a506eb84b6eeb62f1afa5703fc48ef0897e25fa,0,0,0,22731.653956,410.3381,55.397376,146,hostname=speed-35.encs.concordia.ca / kernel=Linux 5.14.0-687.39.1.el9_8.x86_64,"EnergyPlus, Version 23.1.0-87ed9199d4, YMD=2026.08.31 07:51"
31712,IT.MidClim.MFH.01.Gen.ReEx.001.001,MFH,IT.01,DWELLING_LAYOUT_EMITTED_IMPUTED_COUNT,IMPUTED_CENSUS_SECTION_CONSTRUCTION_PERIOD,7cb9df2bf174f9eef30ebc6437a06ebd028b3288608be8b5b7732dd7062c7407,ab631c6026e3f7cf5cfcff7c6a506eb84b6eeb62f1afa5703fc48ef0897e25fa,0,0,0,25317.150071,498.7701,50.759158,351,hostname=speed-36.encs.concordia.ca / kernel=Linux 5.14.0-687.39.1.el9_8.x86_64,"EnergyPlus, Version 23.1.0-87ed9199d4, YMD=2026.08.31 07:56"
31715,IT.MidClim.MFH.01.Gen.ReEx.001.001,MFH,IT.01,DWELLING_LAYOUT_EMITTED_IMPUTED_COUNT,IMPUTED_CENSUS_SECTION_CONSTRUCTION_PERIOD,af013c5c8ea6e7b75bc804c9f099fde6db27c175df63cad48062610df5f2c1d9,ab631c6026e3f7cf5cfcff7c6a506eb84b6eeb62f1afa5703fc48ef0897e25fa,1,2,1,,433.0772,,2,hostname=speed-11.encs.concordia.ca / kernel=Linux 5.14.0-687.39.1.el9_8.x86_64,"EnergyPlus, Version 23.1.0-87ed9199d4, YMD=2026.08.31 07:56"
31716,IT.MidClim.AB.01.Gen.ReEx.001.001,AB,IT.01,FALLBACK_PENDING_LAYOUT_MISSING_DWELLING_COUNT,IMPUTED_CENSUS_SECTION_CONSTRUCTION_PERIOD,61f4bc82940b00a22db0fb2b76adc1729b41e3fef6a1ea4d909553c4b1dcd54e,ab631c6026e3f7cf5cfcff7c6a506eb84b6eeb62f1afa5703fc48ef0897e25fa,0,0,0,128642.319504,2391.2149,53.797891,207,hostname=speed-11.encs.concordia.ca / kernel=Linux 5.14.0-687.39.1.el9_8.x86_64,"EnergyPlus, Version 23.1.0-87ed9199d4, YMD=2026.08.31 07:56"
31731,IT.MidClim.AB.01.Gen.ReEx.001.001,AB,IT.01,FALLBACK_PENDING_LAYOUT_MISSING_DWELLING_COUNT,IMPUTED_CENSUS_SECTION_CONSTRUCTION_PERIOD,e3dbc901d64c726cd2fd99ee18ea7c7d0d4bb2d91ac1155c776abd69f2f1538f,ab631c6026e3f7cf5cfcff7c6a506eb84b6eeb62f1afa5703fc48ef0897e25fa,0,0,0,77773.240194,1384.9373,56.156506,1027,hostname=wolsey.encs.concordia.ca / kernel=Linux 5.14.0-687.39.1.el9_8.x86_64,"EnergyPlus, Version 23.1.0-87ed9199d4, YMD=2026.08.31 07:56"
31734,IT.MidClim.AB.01.Gen.ReEx.001.001,AB,IT.01,FALLBACK_PENDING_LAYOUT_MISSING_DWELLING_COUNT,IMPUTED_CENSUS_SECTION_CONSTRUCTION_PERIOD,15054665d056b9dbf9b47c72ac9bf23b3c6d6703aca86b7a1d39c273928ec90d,ab631c6026e3f7cf5cfcff7c6a506eb84b6eeb62f1afa5703fc48ef0897e25fa,0,0,0,103939.503784,1748.1742,59.456033,2737,hostname=antenna2.encs.concordia.ca / kernel=Linux 5.14.0-687.36.1.el9_8.x86_64,"EnergyPlus, Version 23.1.0-87ed9199d4, YMD=2026.08.31 07:57"
31739,IT.MidClim.MFH.01.Gen.ReEx.001.001,MFH,IT.01,DWELLING_LAYOUT_EMITTED_IMPUTED_COUNT,IMPUTED_CENSUS_SECTION_CONSTRUCTION_PERIOD,7433f037f955c6474b782e8a2fd82ac83b380e61ab0ca66206dd6a03d945add0,ab631c6026e3f7cf5cfcff7c6a506eb84b6eeb62f1afa5703fc48ef0897e25fa,1,6,1,,415.4214,,2,hostname=speed-34.encs.concordia.ca / kernel=Linux 5.14.0-687.39.1.el9_8.x86_64,"EnergyPlus, Version 23.1.0-87ed9199d4, YMD=2026.08.31 07:57"
31741,IT.MidClim.AB.01.Gen.ReEx.001.001,AB,IT.01,FALLBACK_PENDING_LAYOUT_MISSING_DWELLING_COUNT,IMPUTED_CENSUS_SECTION_CONSTRUCTION_PERIOD,e8d4440143c15637e2f5c78fe403773f8ba428202d2881edc5c30d2f91b16c1f,ab631c6026e3f7cf5cfcff7c6a506eb84b6eeb62f1afa5703fc48ef0897e25fa,1,8,1,,1996.3715,,2,hostname=speed-34.encs.concordia.ca / kernel=Linux 5.14.0-687.39.1.el9_8.x86_64,"EnergyPlus, Version 23.1.0-87ed9199d4, YMD=2026.08.31 07:57"
31744,IT.MidClim.MFH.01.Gen.ReEx.001.001,MFH,IT.01,DWELLING_LAYOUT_EMITTED_IMPUTED_COUNT,IMPUTED_CENSUS_SECTION_CONSTRUCTION_PERIOD,3f00b8e6559a8c5ca9bef20956a53941eda2849d0ec5c50fb4507c2546023c35,ab631c6026e3f7cf5cfcff7c6a506eb84b6eeb62f1afa5703fc48ef0897e25fa,1,3,1,,737.5609,,3,hostname=speed-34.encs.concordia.ca / kernel=Linux 5.14.0-687.39.1.el9_8.x86_64,"EnergyPlus, Version 23.1.0-87ed9199d4, YMD=2026.08.31 07:57"
31749,IT.MidClim.MFH.01.Gen.ReEx.001.001,MFH,IT.01,DWELLING_LAYOUT_EMITTED_IMPUTED_COUNT,IMPUTED_CENSUS_SECTION_CONSTRUCTION_PERIOD,bff7dfebbc7e2b892885b6ef1fc5a4464210f36a69389b36ac63549ed13bbdbb,ab631c6026e3f7cf5cfcff7c6a506eb84b6eeb62f1afa5703fc48ef0897e25fa,0,0,0,48283.757713,597.686,80.784488,1701,hostname=speed-34.encs.concordia.ca / kernel=Linux 5.14.0-687.39.1.el9_8.x86_64,"EnergyPlus, Version 23.1.0-87ed9199d4, YMD=2026.08.31 07:57"
31751,IT.MidClim.MFH.01.Gen.ReEx.001.001,MFH,IT.01,DWELLING_LAYOUT_EMITTED_IMPUTED_COUNT,IMPUTED_CENSUS_SECTION_CONSTRUCTION_PERIOD,4fec9c3661135db8a072a93d6f474af3d27f7b2e54006d7572a1b8001d51ab9b,ab631c6026e3f7cf5cfcff7c6a506eb84b6eeb62f1afa5703fc48ef0897e25fa,1,2,1,,664.6241,,1,hostname=speed-29.encs.concordia.ca / kernel=Linux 5.14.0-687.39.1.el9_8.x86_64,"EnergyPlus, Version 23.1.0-87ed9199d4, YMD=2026.08.31 07:58"
31753,IT.MidClim.AB.01.Gen.ReEx.001.001,AB,IT.01,FALLBACK_PENDING_LAYOUT_MISSING_DWELLING_COUNT,IMPUTED_CENSUS_SECTION_CONSTRUCTION_PERIOD,1677ecfe1e44d8a9e6dfa67ca3bc3d37986cfa610e45c5a8bda6a7adf0c0c037,ab631c6026e3f7cf5cfcff7c6a506eb84b6eeb62f1afa5703fc48ef0897e25fa,0,0,0,30306.15759,550.6844,55.033623,478,hostname=speed-15.encs.concordia.ca / kernel=Linux 5.14.0-687.39.1.el9_8.x86_64,"EnergyPlus, Version 23.1.0-87ed9199d4, YMD=2026.08.31 07:58"
31755,IT.MidClim.MFH.01.Gen.ReEx.001.001,MFH,IT.01,DWELLING_LAYOUT_EMITTED_IMPUTED_COUNT,IMPUTED_CENSUS_SECTION_CONSTRUCTION_PERIOD,a20d874c580978ec7de1d10dc1ae9f80d3a866b4a9f971b19d437d149df1e90d,ab631c6026e3f7cf5cfcff7c6a506eb84b6eeb62f1afa5703fc48ef0897e25fa,0,0,0,24697.210645,522.3519,47.28079,2344,hostname=speed-29.encs.concordia.ca / kernel=Linux 5.14.0-687.39.1.el9_8.x86_64,"EnergyPlus, Version 23.1.0-87ed9199d4, YMD=2026.08.31 07:58"
31761,IT.MidClim.AB.01.Gen.ReEx.001.001,AB,IT.01,FALLBACK_PENDING_LAYOUT_MISSING_DWELLING_COUNT,IMPUTED_CENSUS_SECTION_CONSTRUCTION_PERIOD,91a9f3a8f59ac2026a2f47e3671ed05cceba2d6577bd42f2bfae9bfdb8faacc4,ab631c6026e3f7cf5cfcff7c6a506eb84b6eeb62f1afa5703fc48ef0897e25fa,0,0,0,62199.219502,1002.1389,62.066466,589,hostname=speed-30.encs.concordia.ca / kernel=Linux 5.14.0-687.39.1.el9_8.x86_64,"EnergyPlus, Version 23.1.0-87ed9199d4, YMD=2026.08.31 07:59"
31762,IT.MidClim.MFH.01.Gen.ReEx.001.001,MFH,IT.01,DWELLING_LAYOUT_EMITTED_IMPUTED_COUNT,IMPUTED_CENSUS_SECTION_CONSTRUCTION_PERIOD,33bb68b2cb469aa9055814e56eed3b9649b67e4a8fc17e314351cf42ab30d561,ab631c6026e3f7cf5cfcff7c6a506eb84b6eeb62f1afa5703fc48ef0897e25fa,1,4,1,,346.9035,,3,hostname=speed-11.encs.concordia.ca / kernel=Linux 5.14.0-687.39.1.el9_8.x86_64,"EnergyPlus, Version 23.1.0-87ed9199d4, YMD=2026.08.31 08:00"
31765,IT.MidClim.MFH.01.Gen.ReEx.001.001,MFH,IT.01,DWELLING_LAYOUT_EMITTED_IMPUTED_COUNT,IMPUTED_CENSUS_SECTION_CONSTRUCTION_PERIOD,cc6e6c947458dab44d9c0aeb3402d2f3f7f5bdc4a6deb8dd8e44a455a32606a5,ab631c6026e3f7cf5cfcff7c6a506eb84b6eeb62f1afa5703fc48ef0897e25fa,0,0,0,18176.274239,412.0632,44.110404,2248,hostname=speed-11.encs.concordia.ca / kernel=Linux 5.14.0-687.39.1.el9_8.x86_64,"EnergyPlus, Version 23.1.0-87ed9199d4, YMD=2026.08.31 08:00"
31767,IT.MidClim.AB.01.Gen.ReEx.001.001,AB,IT.01,FALLBACK_PENDING_LAYOUT_MISSING_DWELLING_COUNT,IMPUTED_CENSUS_SECTION_CONSTRUCTION_PERIOD,c6163cfe0a5612d5524c99ee5cb662e2ed59565244dfea8879b945652af73390,ab631c6026e3f7cf5cfcff7c6a506eb84b6eeb62f1afa5703fc48ef0897e25fa,0,0,0,33137.331407,662.4867,50.019618,2859,hostname=speed-11.encs.concordia.ca / kernel=Linux 5.14.0-687.39.1.el9_8.x86_64,"EnergyPlus, Version 23.1.0-87ed9199d4, YMD=2026.08.31 08:00"
31768,IT.MidClim.MFH.01.Gen.ReEx.001.001,MFH,IT.01,DWELLING_LAYOUT_EMITTED_IMPUTED_COUNT,IMPUTED_CENSUS_SECTION_CONSTRUCTION_PERIOD,e0df197a4d651b9a4dd30dd28d71a039fa4757b80c55531ced6b9f344a87dad9,ab631c6026e3f7cf5cfcff7c6a506eb84b6eeb62f1afa5703fc48ef0897e25fa,0,0,0,41542.520824,677.3999,61.326435,994,hostname=speed-09.encs.concordia.ca / kernel=Linux 5.14.0-687.39.1.el9_8.x86_64,"EnergyPlus, Version 23.1.0-87ed9199d4, YMD=2026.08.31 08:00"
31771,IT.MidClim.MFH.01.Gen.ReEx.001.001,MFH,IT.01,DWELLING_LAYOUT_EMITTED_IMPUTED_COUNT,IMPUTED_CENSUS_SECTION_CONSTRUCTION_PERIOD,891b5630b39826c521d399ce408fc8d60f3d71dd567fa5925e174019f77c1ad9,ab631c6026e3f7cf5cfcff7c6a506eb84b6eeb62f1afa5703fc48ef0897e25fa,0,0,0,18457.753784,473.0325,39.020054,3289,hostname=speed-34.encs.concordia.ca / kernel=Linux 5.14.0-687.39.1.el9_8.x86_64,"EnergyPlus, Version 23.1.0-87ed9199d4, YMD=2026.08.31 08:00"
31773,IT.MidClim.AB.01.Gen.ReEx.001.001,AB,IT.01,FALLBACK_PENDING_LAYOUT_MISSING_DWELLING_COUNT,IMPUTED_CENSUS_SECTION_CONSTRUCTION_PERIOD,f59f008a2f6f7d69e9c653835ed3ef45e05fefce9d34cfd038103916978ffa1c,ab631c6026e3f7cf5cfcff7c6a506eb84b6eeb62f1afa5703fc48ef0897e25fa,0,0,0,59118.671672,1253.2959,47.170562,4820,hostname=magic-node-09.encs.concordia.ca / kernel=Linux 5.14.0-687.39.1.el9_8.x86_64,"EnergyPlus, Version 23.1.0-87ed9199d4, YMD=2026.08.31 08:00"
31774,IT.MidClim.AB.01.Gen.ReEx.001.001,AB,IT.01,FALLBACK_PENDING_LAYOUT_MISSING_DWELLING_COUNT,IMPUTED_CENSUS_SECTION_CONSTRUCTION_PERIOD,ea7b7cacf65f2d45d68a0e6e2991a6cc163cd59e912e8d481563a258e367095c,ab631c6026e3f7cf5cfcff7c6a506eb84b6eeb62f1afa5703fc48ef0897e25fa,0,0,0,124379.024965,2449.7635,50.77185,539,hostname=stellar.encs.concordia.ca / kernel=Linux 5.14.0-687.39.1.el9_8.x86_64,"EnergyPlus, Version 23.1.0-87ed9199d4, YMD=2026.08.31 08:06"
31778,IT.MidClim.AB.01.Gen.ReEx.001.001,AB,IT.01,DWELLING_LAYOUT_EMITTED_IMPUTED_COUNT,IMPUTED_CENSUS_SECTION_CONSTRUCTION_PERIOD,aba374c254a0909fefebe6cd12cd14203179138a0cdc68c33a881489743d6737,ab631c6026e3f7cf5cfcff7c6a506eb84b6eeb62f1afa5703fc48ef0897e25fa,0,1,0,303083.15893,2822.9994,107.362105,1732,hostname=speed-15.encs.concordia.ca / kernel=Linux 5.14.0-687.39.1.el9_8.x86_64,"EnergyPlus, Version 23.1.0-87ed9199d4, YMD=2026.08.31 08:07"
31780,IT.MidClim.AB.01.Gen.ReEx.001.001,AB,IT.01,FALLBACK_PENDING_LAYOUT_MISSING_DWELLING_COUNT,IMPUTED_CENSUS_SECTION_CONSTRUCTION_PERIOD,633251ace68e35ca16bdea2cf77291e37de31004479c39ca711d21f27492fbd8,ab631c6026e3f7cf5cfcff7c6a506eb84b6eeb62f1afa5703fc48ef0897e25fa,0,0,0,168294.195107,3298.8186,51.016505,3673,hostname=speed-32.encs.concordia.ca / kernel=Linux 5.14.0-687.39.1.el9_8.x86_64,"EnergyPlus, Version 23.1.0-87ed9199d4, YMD=2026.08.31 08:07"
31783,IT.MidClim.AB.01.Gen.ReEx.001.001,AB,IT.01,FALLBACK_PENDING_LAYOUT_MISSING_DWELLING_COUNT,IMPUTED_CENSUS_SECTION_CONSTRUCTION_PERIOD,df3495fe954a26d05da49b43c0780d66503ae50d5a1be6c3ca945ac3954114f1,ab631c6026e3f7cf5cfcff7c6a506eb84b6eeb62f1afa5703fc48ef0897e25fa,0,0,0,90044.616326,2049.0309,43.944977,380,hostname=magic-node-03.encs.concordia.ca / kernel=Linux 5.14.0-687.39.1.el9_8.x86_64,"EnergyPlus, Version 23.1.0-87ed9199d4, YMD=2026.08.31 08:09"
31785,IT.MidClim.TH.01.Gen.ReEx.001.001,TH,IT.01,DWELLING_LAYOUT_EMITTED_IMPUTED_COUNT,IMPUTED_CENSUS_SECTION_CONSTRUCTION_PERIOD,a32e4d3ea58dcdee3cd2e80fed89b4e7613a3cbb56d965fbbcd10e10458a92ed,ab631c6026e3f7cf5cfcff7c6a506eb84b6eeb62f1afa5703fc48ef0897e25fa,0,0,0,16319.890799,153.4941,106.322593,16,hostname=speed-32.encs.concordia.ca / kernel=Linux 5.14.0-687.39.1.el9_8.x86_64,"EnergyPlus, Version 23.1.0-87ed9199d4, YMD=2026.08.31 08:09"
31792,IT.MidClim.AB.01.Gen.ReEx.001.001,AB,IT.01,FALLBACK_PENDING_LAYOUT_MISSING_DWELLING_COUNT,IMPUTED_CENSUS_SECTION_CONSTRUCTION_PERIOD,8f4ceec37929cce80a869bb20e31aa280f1331fa65e247edd29333a2d24299b4,ab631c6026e3f7cf5cfcff7c6a506eb84b6eeb62f1afa5703fc48ef0897e25fa,0,0,0,25464.126132,479.4968,53.105935,860,hostname=speed-32.encs.concordia.ca / kernel=Linux 5.14.0-687.39.1.el9_8.x86_64,"EnergyPlus, Version 23.1.0-87ed9199d4, YMD=2026.08.31 08:09"
31793,IT.MidClim.MFH.01.Gen.ReEx.001.001,MFH,IT.01,DWELLING_LAYOUT_EMITTED_IMPUTED_COUNT,IMPUTED_CENSUS_SECTION_CONSTRUCTION_PERIOD,b3a286c09db98ab7fdfad0ecdaf9e97cb057e4cb9ad280e62b94503e179fafd6,ab631c6026e3f7cf5cfcff7c6a506eb84b6eeb62f1afa5703fc48ef0897e25fa,0,0,0,18287.687139,366.5667,49.889112,2028,hostname=speed-30.encs.concordia.ca / kernel=Linux 5.14.0-687.39.1.el9_8.x86_64,"EnergyPlus, Version 23.1.0-87ed9199d4, YMD=2026.08.31 08:09"
31801,IT.MidClim.AB.01.Gen.ReEx.001.001,AB,IT.01,DWELLING_LAYOUT_EMITTED_IMPUTED_COUNT,IMPUTED_CENSUS_SECTION_CONSTRUCTION_PERIOD,1a38ff2ec3c32611d59a7db52a8e893fa678056134498d6c129333f4644b63df,ab631c6026e3f7cf5cfcff7c6a506eb84b6eeb62f1afa5703fc48ef0897e25fa,0,0,0,316193.460084,6554.6911,48.239262,68,hostname=speed-41.encs.concordia.ca / kernel=Linux 5.14.0-687.39.1.el9_8.x86_64,"EnergyPlus, Version 23.1.0-87ed9199d4, YMD=2026.08.31 08:10"
31802,IT.MidClim.AB.01.Gen.ReEx.001.001,AB,IT.01,FALLBACK_PENDING_LAYOUT_MISSING_DWELLING_COUNT,IMPUTED_CENSUS_SECTION_CONSTRUCTION_PERIOD,6ceea55d936dfe0037550d4c1c24f4476b84ddf62f1f4953cc7614987409dbd7,ab631c6026e3f7cf5cfcff7c6a506eb84b6eeb62f1afa5703fc48ef0897e25fa,0,0,0,64128.096124,1126.6161,56.920983,553,hostname=speed-41.encs.concordia.ca / kernel=Linux 5.14.0-687.39.1.el9_8.x86_64,"EnergyPlus, Version 23.1.0-87ed9199d4, YMD=2026.08.31 08:11"
31811,IT.MidClim.AB.01.Gen.ReEx.001.001,AB,IT.01,FALLBACK_PENDING_LAYOUT_MISSING_DWELLING_COUNT,IMPUTED_CENSUS_SECTION_CONSTRUCTION_PERIOD,0f7d216d5c90bed591a20b46c9e5c3f41ac6ad2fa50f620a0b28ab5fc98b1ca2,ab631c6026e3f7cf5cfcff7c6a506eb84b6eeb62f1afa5703fc48ef0897e25fa,0,0,0,35465.75998,798.391,44.421543,1436,hostname=speed-09.encs.concordia.ca / kernel=Linux 5.14.0-687.39.1.el9_8.x86_64,"EnergyPlus, Version 23.1.0-87ed9199d4, YMD=2026.08.31 08:16"
31812,IT.MidClim.AB.01.Gen.ReEx.001.001,AB,IT.01,DWELLING_LAYOUT_EMITTED_IMPUTED_COUNT,IMPUTED_CENSUS_SECTION_CONSTRUCTION_PERIOD,8b894116e91c78fffe636c95b10db33dbd04c2d9d704b8174257db9a2d4963c5,ab631c6026e3f7cf5cfcff7c6a506eb84b6eeb62f1afa5703fc48ef0897e25fa,1,3,1,,2770.9931,,2,hostname=speed-30.encs.concordia.ca / kernel=Linux 5.14.0-687.39.1.el9_8.x86_64,"EnergyPlus, Version 23.1.0-87ed9199d4, YMD=2026.08.31 08:16"
31813,IT.MidClim.AB.01.Gen.ReEx.001.001,AB,IT.01,FALLBACK_PENDING_LAYOUT_MISSING_DWELLING_COUNT,IMPUTED_CENSUS_SECTION_CONSTRUCTION_PERIOD,ad4ed60c0fbfaffd7d4946aebb1ce023842abd2fbd6088e6c64a1235b91b87a0,ab631c6026e3f7cf5cfcff7c6a506eb84b6eeb62f1afa5703fc48ef0897e25fa,0,0,0,90284.899389,2167.6903,41.650276,1668,hostname=speed-30.encs.concordia.ca / kernel=Linux 5.14.0-687.39.1.el9_8.x86_64,"EnergyPlus, Version 23.1.0-87ed9199d4, YMD=2026.08.31 08:16"
31817,IT.MidClim.AB.01.Gen.ReEx.001.001,AB,IT.01,FALLBACK_PENDING_LAYOUT_MISSING_DWELLING_COUNT,IMPUTED_CENSUS_SECTION_CONSTRUCTION_PERIOD,3a37e9df29194b121404503c92c3d543645025114ea31d63b157bd453f0b87eb,ab631c6026e3f7cf5cfcff7c6a506eb84b6eeb62f1afa5703fc48ef0897e25fa,0,0,0,308032.69782,6070.5417,50.742209,386,hostname=speed-15.encs.concordia.ca / kernel=Linux 5.14.0-687.39.1.el9_8.x86_64,"EnergyPlus, Version 23.1.0-87ed9199d4, YMD=2026.08.31 08:17"
31818,IT.MidClim.MFH.01.Gen.ReEx.001.001,MFH,IT.01,DWELLING_LAYOUT_EMITTED_IMPUTED_COUNT,IMPUTED_CENSUS_SECTION_CONSTRUCTION_PERIOD,b6c73b9e635c3b57525da3e488bdb4dbe25bf7965512030154da27c0bbeaf797,ab631c6026e3f7cf5cfcff7c6a506eb84b6eeb62f1afa5703fc48ef0897e25fa,0,0,0,23998.645594,547.5345,43.830381,1256,hostname=stellar.encs.concordia.ca / kernel=Linux 5.14.0-687.39.1.el9_8.x86_64,"EnergyPlus, Version 23.1.0-87ed9199d4, YMD=2026.08.31 08:17"
31821,IT.MidClim.AB.01.Gen.ReEx.001.001,AB,IT.01,FALLBACK_PENDING_LAYOUT_MISSING_DWELLING_COUNT,IMPUTED_CENSUS_SECTION_CONSTRUCTION_PERIOD,c51739b3b498ed64e70fa295ab81cd0716d31a7c884bcb9fc3c1ba9a0664599e,ab631c6026e3f7cf5cfcff7c6a506eb84b6eeb62f1afa5703fc48ef0897e25fa,0,0,0,83940.45472,1513.1717,55.473186,3385,hostname=magic-node-03.encs.concordia.ca / kernel=Linux 5.14.0-687.39.1.el9_8.x86_64,"EnergyPlus, Version 23.1.0-87ed9199d4, YMD=2026.08.31 08:17"
31829,IT.MidClim.MFH.01.Gen.ReEx.001.001,MFH,IT.01,DWELLING_LAYOUT_EMITTED_IMPUTED_COUNT,IMPUTED_CENSUS_SECTION_CONSTRUCTION_PERIOD,c199caea10396e839e362cf869cfb39073ddcadd339f672647769012b50145e2,ab631c6026e3f7cf5cfcff7c6a506eb84b6eeb62f1afa5703fc48ef0897e25fa,0,0,0,27427.642897,570.4669,48.079289,586,hostname=speed-41.encs.concordia.ca / kernel=Linux 5.14.0-687.39.1.el9_8.x86_64,"EnergyPlus, Version 23.1.0-87ed9199d4, YMD=2026.08.31 08:20"
31831,IT.MidClim.TH.01.Gen.ReEx.001.001,TH,IT.01,DWELLING_LAYOUT_EMITTED_IMPUTED_COUNT,IMPUTED_CENSUS_SECTION_CONSTRUCTION_PERIOD,51ec2663131b3a8dcc8b55cd18e4fe4aeb8ad0df2d4a47c085482ff90442ef55,ab631c6026e3f7cf5cfcff7c6a506eb84b6eeb62f1afa5703fc48ef0897e25fa,0,0,0,6646.786935,27.8789,238.416399,11,hostname=speed-41.encs.concordia.ca / kernel=Linux 5.14.0-687.39.1.el9_8.x86_64,"EnergyPlus, Version 23.1.0-87ed9199d4, YMD=2026.08.31 08:20"
31832,IT.MidClim.AB.01.Gen.ReEx.001.001,AB,IT.01,FALLBACK_PENDING_LAYOUT_MISSING_DWELLING_COUNT,IMPUTED_CENSUS_SECTION_CONSTRUCTION_PERIOD,b7e4b1ce13eaa46c47dfb60cf426a5a2a1203e5eb606e42a35a40790b2741852,ab631c6026e3f7cf5cfcff7c6a506eb84b6eeb62f1afa5703fc48ef0897e25fa,0,0,0,97055.659188,2402.0679,40.405044,253,hostname=wolsey.encs.concordia.ca / kernel=Linux 5.14.0-687.39.1.el9_8.x86_64,"EnergyPlus, Version 23.1.0-87ed9199d4, YMD=2026.08.31 08:20"
31843,IT.MidClim.MFH.01.Gen.ReEx.001.001,MFH,IT.01,DWELLING_LAYOUT_EMITTED_IMPUTED_COUNT,IMPUTED_CENSUS_SECTION_CONSTRUCTION_PERIOD,c62335b6fa6271522a74541fdd5292355f8aa9d8d538f1c5766cde658660c988,ab631c6026e3f7cf5cfcff7c6a506eb84b6eeb62f1afa5703fc48ef0897e25fa,0,0,0,41756.198058,513.7518,81.276986,28,hostname=speed-41.encs.concordia.ca / kernel=Linux 5.14.0-687.39.1.el9_8.x86_64,"EnergyPlus, Version 23.1.0-87ed9199d4, YMD=2026.08.31 08:20"
31844,IT.MidClim.MFH.01.Gen.ReEx.001.001,MFH,IT.01,DWELLING_LAYOUT_EMITTED_IMPUTED_COUNT,IMPUTED_CENSUS_SECTION_CONSTRUCTION_PERIOD,1b8951a542a6e353cf6ce4e3ca151b5ad5cc2bf3de533891afb07b86eca3c6b4,ab631c6026e3f7cf5cfcff7c6a506eb84b6eeb62f1afa5703fc48ef0897e25fa,1,11,1,,852.5704,,4,hostname=magic-node-05.encs.concordia.ca / kernel=Linux 5.14.0-687.39.1.el9_8.x86_64,"EnergyPlus, Version 23.1.0-87ed9199d4, YMD=2026.08.31 08:20"
31845,IT.MidClim.AB.01.Gen.ReEx.001.001,AB,IT.01,DWELLING_LAYOUT_EMITTED_IMPUTED_COUNT,IMPUTED_CENSUS_SECTION_CONSTRUCTION_PERIOD,62eb8969e8275dcaa12d9dad673129dc8a96af01b8b3d21f99bd484dacd97e60,ab631c6026e3f7cf5cfcff7c6a506eb84b6eeb62f1afa5703fc48ef0897e25fa,0,0,0,89166.967148,1446.0564,61.662164,123,hostname=magic-node-05.encs.concordia.ca / kernel=Linux 5.14.0-687.39.1.el9_8.x86_64,"EnergyPlus, Version 23.1.0-87ed9199d4, YMD=2026.08.31 08:20"
31853,IT.MidClim.SFH.01.Gen.ReEx.001.001,SFH,IT.01,DWELLING_LAYOUT_EMITTED_IMPUTED_COUNT,IMPUTED_CENSUS_SECTION_CONSTRUCTION_PERIOD,cf358685c3c1e55ca16481b8c2a8c8a1983fe61dd00a0013a69e0f6ad8796509,ab631c6026e3f7cf5cfcff7c6a506eb84b6eeb62f1afa5703fc48ef0897e25fa,0,0,0,19986.871032,197.3642,101.268979,679,hostname=speed-41.encs.concordia.ca / kernel=Linux 5.14.0-687.39.1.el9_8.x86_64,"EnergyPlus, Version 23.1.0-87ed9199d4, YMD=2026.08.31 08:21"
31854,IT.MidClim.AB.01.Gen.ReEx.001.001,AB,IT.01,FALLBACK_PENDING_LAYOUT_MISSING_DWELLING_COUNT,IMPUTED_CENSUS_SECTION_CONSTRUCTION_PERIOD,866c7e8f95ef2ead9461a979b97750a9fde236aa892bfdb541bf15cb672d0dd0,ab631c6026e3f7cf5cfcff7c6a506eb84b6eeb62f1afa5703fc48ef0897e25fa,0,0,0,37099.779863,691.8847,53.621333,1559,hostname=speed-15.encs.concordia.ca / kernel=Linux 5.14.0-687.39.1.el9_8.x86_64,"EnergyPlus, Version 23.1.0-87ed9199d4, YMD=2026.08.31 08:27"
31856,IT.MidClim.AB.03.Gen.ReEx.001.001,AB,IT.03,FALLBACK_PENDING_LAYOUT_MISSING_DWELLING_COUNT,IMPUTED_CENSUS_SECTION_CONSTRUCTION_PERIOD,a2be54fc33053992591c999adcb349fde45497cb0f56c2e742f41854e66e9a5d,ab631c6026e3f7cf5cfcff7c6a506eb84b6eeb62f1afa5703fc48ef0897e25fa,0,0,0,113608.408703,2113.7522,53.747269,682,hostname=magic-node-06.encs.concordia.ca / kernel=Linux 5.14.0-687.39.1.el9_8.x86_64,"EnergyPlus, Version 23.1.0-87ed9199d4, YMD=2026.08.31 08:28"
31870,IT.MidClim.MFH.01.Gen.ReEx.001.001,MFH,IT.01,DWELLING_LAYOUT_EMITTED_IMPUTED_COUNT,IMPUTED_CENSUS_SECTION_CONSTRUCTION_PERIOD,546a55dd8444049038f3c986cb746ed08f1a62ad9e865da9d2fe2e636ed7c0e6,ab631c6026e3f7cf5cfcff7c6a506eb84b6eeb62f1afa5703fc48ef0897e25fa,0,0,0,14361.229907,301.6192,47.613779,2128,hostname=speed-36.encs.concordia.ca / kernel=Linux 5.14.0-687.39.1.el9_8.x86_64,"EnergyPlus, Version 23.1.0-87ed9199d4, YMD=2026.08.31 08:28"
31871,IT.MidClim.AB.01.Gen.ReEx.001.001,AB,IT.01,FALLBACK_PENDING_LAYOUT_MISSING_DWELLING_COUNT,IMPUTED_CENSUS_SECTION_CONSTRUCTION_PERIOD,9cc62074dcc56de9de688418850bc3f3f2f3ece9db5378fc4e2224913a8e75a9,ab631c6026e3f7cf5cfcff7c6a506eb84b6eeb62f1afa5703fc48ef0897e25fa,0,0,0,35847.09477,658.1978,54.462496,500,hostname=speed-41.encs.concordia.ca / kernel=Linux 5.14.0-687.39.1.el9_8.x86_64,"EnergyPlus, Version 23.1.0-87ed9199d4, YMD=2026.08.31 08:30"
31873,IT.MidClim.MFH.01.Gen.ReEx.001.001,MFH,IT.01,DWELLING_LAYOUT_EMITTED_IMPUTED_COUNT,IMPUTED_CENSUS_SECTION_CONSTRUCTION_PERIOD,c54976f7926b2d9082661a25f16b957e9a93f2d7fa099d76b5fdf44d38bee981,ab631c6026e3f7cf5cfcff7c6a506eb84b6eeb62f1afa5703fc48ef0897e25fa,0,0,0,11630.877352,474.4766,24.513068,684,hostname=magic-node-05.encs.concordia.ca / kernel=Linux 5.14.0-687.39.1.el9_8.x86_64,"EnergyPlus, Version 23.1.0-87ed9199d4, YMD=2026.08.31 08:30"
31879,IT.MidClim.MFH.01.Gen.ReEx.001.001,MFH,IT.01,DWELLING_LAYOUT_EMITTED_IMPUTED_COUNT,IMPUTED_CENSUS_SECTION_CONSTRUCTION_PERIOD,89012e2f731df24dbf96ff7773143892adf8859973d84182c3f92106ec6bf3f4,ab631c6026e3f7cf5cfcff7c6a506eb84b6eeb62f1afa5703fc48ef0897e25fa,1,7,1,,1173.0444,,2,hostname=speed-08.encs.concordia.ca / kernel=Linux 5.14.0-687.39.1.el9_8.x86_64,"EnergyPlus, Version 23.1.0-87ed9199d4, YMD=2026.08.31 08:36"
31881,IT.MidClim.AB.01.Gen.ReEx.001.001,AB,IT.01,FALLBACK_PENDING_LAYOUT_MISSING_DWELLING_COUNT,IMPUTED_CENSUS_SECTION_CONSTRUCTION_PERIOD,a4e06ca8f26b11be6cee7e767c8faca65afa4712d45ab9120bd670e5f69508fa,ab631c6026e3f7cf5cfcff7c6a506eb84b6eeb62f1afa5703fc48ef0897e25fa,0,0,0,132458.382669,3069.6771,43.150592,3107,hostname=speed-08.encs.concordia.ca / kernel=Linux 5.14.0-687.39.1.el9_8.x86_64,"EnergyPlus, Version 23.1.0-87ed9199d4, YMD=2026.08.31 08:36"
31887,IT.MidClim.AB.01.Gen.ReEx.001.001,AB,IT.01,FALLBACK_PENDING_LAYOUT_MISSING_DWELLING_COUNT,IMPUTED_CENSUS_SECTION_CONSTRUCTION_PERIOD,081c8e69a7602ecbfc7ed1f5e0c487ff9d6899dd0a707851f7a430f5c1024d03,ab631c6026e3f7cf5cfcff7c6a506eb84b6eeb62f1afa5703fc48ef0897e25fa,0,0,0,28158.831576,512.0225,54.995301,1231,hostname=speed-08.encs.concordia.ca / kernel=Linux 5.14.0-687.39.1.el9_8.x86_64,"EnergyPlus, Version 23.1.0-87ed9199d4, YMD=2026.08.31 08:36"
31888,IT.MidClim.AB.01.Gen.ReEx.001.001,AB,IT.01,DWELLING_LAYOUT_EMITTED_IMPUTED_COUNT,IMPUTED_CENSUS_SECTION_CONSTRUCTION_PERIOD,33ee25e301202fad1f17efc468251021026bd37b0df478ce5a7e0f83be5f346b,ab631c6026e3f7cf5cfcff7c6a506eb84b6eeb62f1afa5703fc48ef0897e25fa,1,16,1,,105.9262,,1,hostname=speed-32.encs.concordia.ca / kernel=Linux 5.14.0-687.39.1.el9_8.x86_64,"EnergyPlus, Version 23.1.0-87ed9199d4, YMD=2026.08.31 08:36"
31892,IT.MidClim.MFH.01.Gen.ReEx.001.001,MFH,IT.01,DWELLING_LAYOUT_EMITTED_IMPUTED_COUNT,IMPUTED_CENSUS_SECTION_CONSTRUCTION_PERIOD,338f7ede16483a703ff092b743c1892b921d1ffbae98f4b23b4aea97129a124e,ab631c6026e3f7cf5cfcff7c6a506eb84b6eeb62f1afa5703fc48ef0897e25fa,1,4,1,,627.636,,3,hostname=speed-32.encs.concordia.ca / kernel=Linux 5.14.0-687.39.1.el9_8.x86_64,"EnergyPlus, Version 23.1.0-87ed9199d4, YMD=2026.08.31 08:36"
31899,IT.MidClim.SFH.01.Gen.ReEx.001.001,SFH,IT.01,DWELLING_LAYOUT_EMITTED_IMPUTED_COUNT,IMPUTED_CENSUS_SECTION_CONSTRUCTION_PERIOD,2f4f97f3f5993aea4b6c5015017f55f5315d0ccb7d2e4a8cc0d6afab24554754,ab631c6026e3f7cf5cfcff7c6a506eb84b6eeb62f1afa5703fc48ef0897e25fa,0,0,0,3125.360769,20.5451,152.121955,5,hostname=speed-32.encs.concordia.ca / kernel=Linux 5.14.0-687.39.1.el9_8.x86_64,"EnergyPlus, Version 23.1.0-87ed9199d4, YMD=2026.08.31 08:36"
31900,IT.MidClim.AB.01.Gen.ReEx.001.001,AB,IT.01,FALLBACK_PENDING_LAYOUT_MISSING_DWELLING_COUNT,IMPUTED_CENSUS_SECTION_CONSTRUCTION_PERIOD,271cf5f8592a18e787c43dd31c5592de07c110126dcef250adfb498edd456486,ab631c6026e3f7cf5cfcff7c6a506eb84b6eeb62f1afa5703fc48ef0897e25fa,0,0,0,127800.939057,2574.0283,49.650169,220,hostname=speed-32.encs.concordia.ca / kernel=Linux 5.14.0-687.39.1.el9_8.x86_64,"EnergyPlus, Version 23.1.0-87ed9199d4, YMD=2026.08.31 08:37"
31903,IT.MidClim.MFH.01.Gen.ReEx.001.001,MFH,IT.01,DWELLING_LAYOUT_EMITTED_IMPUTED_COUNT,IMPUTED_CENSUS_SECTION_CONSTRUCTION_PERIOD,5bb333671b1fcbfc7cf541f64d10c9acaa07d89f5467f14ba6e5af2d6f2e3546,ab631c6026e3f7cf5cfcff7c6a506eb84b6eeb62f1afa5703fc48ef0897e25fa,0,0,0,19391.256437,447.3661,43.345386,3080,hostname=speed-29.encs.concordia.ca / kernel=Linux 5.14.0-687.39.1.el9_8.x86_64,"EnergyPlus, Version 23.1.0-87ed9199d4, YMD=2026.08.31 08:37"
31911,IT.MidClim.AB.01.Gen.ReEx.001.001,AB,IT.01,FALLBACK_PENDING_LAYOUT_MISSING_DWELLING_COUNT,IMPUTED_CENSUS_SECTION_CONSTRUCTION_PERIOD,0e7b6a49575584bdd4cc2cb48808d744e3bd457f6df37ef4c1578d71e677f07a,ab631c6026e3f7cf5cfcff7c6a506eb84b6eeb62f1afa5703fc48ef0897e25fa,0,0,0,59028.37664,1194.3708,49.422153,605,hostname=speed-41.encs.concordia.ca / kernel=Linux 5.14.0-687.39.1.el9_8.x86_64,"EnergyPlus, Version 23.1.0-87ed9199d4, YMD=2026.08.31 08:37"
31915,IT.MidClim.AB.01.Gen.ReEx.001.001,AB,IT.01,FALLBACK_PENDING_LAYOUT_MISSING_DWELLING_COUNT,IMPUTED_CENSUS_SECTION_CONSTRUCTION_PERIOD,a87f4e4f7c92bcb95bc9f8e3eeeb6d25393b8d58ee33f303c58f4b0ce8ae1228,ab631c6026e3f7cf5cfcff7c6a506eb84b6eeb62f1afa5703fc48ef0897e25fa,0,0,0,79379.569327,1671.7766,47.482163,4652,hostname=speed-11.encs.concordia.ca / kernel=Linux 5.14.0-687.39.1.el9_8.x86_64,"EnergyPlus, Version 23.1.0-87ed9199d4, YMD=2026.08.31 08:37"
31916,IT.MidClim.AB.01.Gen.ReEx.001.001,AB,IT.01,FALLBACK_PENDING_LAYOUT_MISSING_DWELLING_COUNT,IMPUTED_CENSUS_SECTION_CONSTRUCTION_PERIOD,6578f9e48099bba64fa3a730c394718deeccfc3bba1e886cbb6d54a6ada577c8,ab631c6026e3f7cf5cfcff7c6a506eb84b6eeb62f1afa5703fc48ef0897e25fa,0,0,0,90730.663824,1932.3878,46.952617,87,hostname=speed-41.encs.concordia.ca / kernel=Linux 5.14.0-687.39.1.el9_8.x86_64,"EnergyPlus, Version 23.1.0-87ed9199d4, YMD=2026.08.31 08:37"
31921,IT.MidClim.TH.01.Gen.ReEx.001.001,TH,IT.01,DWELLING_LAYOUT_EMITTED_IMPUTED_COUNT,IMPUTED_CENSUS_SECTION_CONSTRUCTION_PERIOD,7cc2a93bf70252c80d1459ed8de3c6dd9210b0f7d7ca023694763ad814b018b9,ab631c6026e3f7cf5cfcff7c6a506eb84b6eeb62f1afa5703fc48ef0897e25fa,0,0,0,12551.246276,58.5106,214.512349,58,hostname=speed-29.encs.concordia.ca / kernel=Linux 5.14.0-687.39.1.el9_8.x86_64,"EnergyPlus, Version 23.1.0-87ed9199d4, YMD=2026.08.31 08:37"
31923,IT.MidClim.TH.01.Gen.ReEx.001.001,TH,IT.01,DWELLING_LAYOUT_EMITTED_IMPUTED_COUNT,IMPUTED_CENSUS_SECTION_CONSTRUCTION_PERIOD,f91218bcf5775cae7119fde8ff5b8635e9c42ca2576bfba554cb135e5bcdf005,ab631c6026e3f7cf5cfcff7c6a506eb84b6eeb62f1afa5703fc48ef0897e25fa,0,0,0,10835.643687,68.6789,157.772528,1834,hostname=wolsey.encs.concordia.ca / kernel=Linux 5.14.0-687.39.1.el9_8.x86_64,"EnergyPlus, Version 23.1.0-87ed9199d4, YMD=2026.08.31 08:38"
31926,IT.MidClim.AB.03.Gen.ReEx.001.001,AB,IT.03,FALLBACK_PENDING_LAYOUT_MISSING_DWELLING_COUNT,IMPUTED_CENSUS_SECTION_CONSTRUCTION_PERIOD,05ff42c8d1a3372abfe8d2aac2e8f23e9dec83293679b9c68c73af094170656e,ab631c6026e3f7cf5cfcff7c6a506eb84b6eeb62f1afa5703fc48ef0897e25fa,0,0,0,128570.990909,2367.262,54.312109,26,hostname=stellar.encs.concordia.ca / kernel=Linux 5.14.0-687.39.1.el9_8.x86_64,"EnergyPlus, Version 23.1.0-87ed9199d4, YMD=2026.08.31 08:38"
31929,IT.MidClim.MFH.01.Gen.ReEx.001.001,MFH,IT.01,DWELLING_LAYOUT_EMITTED_IMPUTED_COUNT,IMPUTED_CENSUS_SECTION_CONSTRUCTION_PERIOD,e0ec7ba331c09bf1996a9065b6c1dc63378be5aa10609d3039a0ebf99263f32d,ab631c6026e3f7cf5cfcff7c6a506eb84b6eeb62f1afa5703fc48ef0897e25fa,1,2,1,,659.2623,,3,hostname=speed-41.encs.concordia.ca / kernel=Linux 5.14.0-687.39.1.el9_8.x86_64,"EnergyPlus, Version 23.1.0-87ed9199d4, YMD=2026.08.31 08:38"
31932,IT.MidClim.AB.01.Gen.ReEx.001.001,AB,IT.01,FALLBACK_PENDING_LAYOUT_MISSING_DWELLING_COUNT,IMPUTED_CENSUS_SECTION_CONSTRUCTION_PERIOD,88f0e59e66d85f5cb59f924f50c2fd07d395c585deb384acdc37703794479433,ab631c6026e3f7cf5cfcff7c6a506eb84b6eeb62f1afa5703fc48ef0897e25fa,0,0,0,30594.576169,611.4421,50.036751,681,hostname=speed-41.encs.concordia.ca / kernel=Linux 5.14.0-687.39.1.el9_8.x86_64,"EnergyPlus, Version 23.1.0-87ed9199d4, YMD=2026.08.31 08:38"
31934,IT.MidClim.AB.01.Gen.ReEx.001.001,AB,IT.01,FALLBACK_PENDING_LAYOUT_MISSING_DWELLING_COUNT,IMPUTED_CENSUS_SECTION_CONSTRUCTION_PERIOD,412a20832fbcc76b130d2ab3f09dc15b3170f508185355c5e3cd2f4bce8282a9,ab631c6026e3f7cf5cfcff7c6a506eb84b6eeb62f1afa5703fc48ef0897e25fa,0,0,0,47820.853747,824.4459,58.003629,494,hostname=magic-node-04.encs.concordia.ca / kernel=Linux 5.14.0-687.39.1.el9_8.x86_64,"EnergyPlus, Version 23.1.0-87ed9199d4, YMD=2026.08.31 08:38"
31939,IT.MidClim.MFH.01.Gen.ReEx.001.001,MFH,IT.01,DWELLING_LAYOUT_EMITTED_IMPUTED_COUNT,IMPUTED_CENSUS_SECTION_CONSTRUCTION_PERIOD,65074e4d9fcbc327ca49df38ce07673844b6ae48c04e1f41bfd4d98dc966ef49,ab631c6026e3f7cf5cfcff7c6a506eb84b6eeb62f1afa5703fc48ef0897e25fa,0,0,0,33485.591249,593.4569,56.424639,383,hostname=speed-29.encs.concordia.ca / kernel=Linux 5.14.0-687.39.1.el9_8.x86_64,"EnergyPlus, Version 23.1.0-87ed9199d4, YMD=2026.08.31 08:38"
31943,IT.MidClim.AB.01.Gen.ReEx.001.001,AB,IT.01,FALLBACK_PENDING_LAYOUT_MISSING_DWELLING_COUNT,IMPUTED_CENSUS_SECTION_CONSTRUCTION_PERIOD,f1a777eb6100ed4b287bafef4341bcb302daf1fb67f3e2bc0d96cce5f61758be,ab631c6026e3f7cf5cfcff7c6a506eb84b6eeb62f1afa5703fc48ef0897e25fa,0,0,0,62100.894211,1090.2407,56.960719,78,hostname=stellar.encs.concordia.ca / kernel=Linux 5.14.0-687.39.1.el9_8.x86_64,"EnergyPlus, Version 23.1.0-87ed9199d4, YMD=2026.08.31 08:38"
31948,IT.MidClim.MFH.01.Gen.ReEx.001.001,MFH,IT.01,DWELLING_LAYOUT_EMITTED_IMPUTED_COUNT,IMPUTED_CENSUS_SECTION_CONSTRUCTION_PERIOD,00302457cf8ce9e8061776adcfd3b05cd7fe18192921d88f2b31a6bbcaf4fb27,ab631c6026e3f7cf5cfcff7c6a506eb84b6eeb62f1afa5703fc48ef0897e25fa,0,0,0,58273.714775,1424.2376,40.915726,755,hostname=speed-41.encs.concordia.ca / kernel=Linux 5.14.0-687.39.1.el9_8.x86_64,"EnergyPlus, Version 23.1.0-87ed9199d4, YMD=2026.08.31 08:39"
31951,IT.MidClim.MFH.01.Gen.ReEx.001.001,MFH,IT.01,DWELLING_LAYOUT_EMITTED_IMPUTED_COUNT,IMPUTED_CENSUS_SECTION_CONSTRUCTION_PERIOD,2997832e1a24ba0c76774e2a2154b8e2e9fa9386026b1fbdc4b0c4ec83bc8256,ab631c6026e3f7cf5cfcff7c6a506eb84b6eeb62f1afa5703fc48ef0897e25fa,0,1,0,61451.799657,1080.432,56.877064,2743,hostname=magic-node-02.encs.concordia.ca / kernel=Linux 5.14.0-687.39.1.el9_8.x86_64,"EnergyPlus, Version 23.1.0-87ed9199d4, YMD=2026.08.31 08:39"
31952,IT.MidClim.AB.03.Gen.ReEx.001.001,AB,IT.03,FALLBACK_PENDING_LAYOUT_MISSING_DWELLING_COUNT,IMPUTED_CENSUS_SECTION_CONSTRUCTION_PERIOD,35c1ddaf497ad11823db49c133fba4995e23a6c873888305cee186ab99d21fc3,ab631c6026e3f7cf5cfcff7c6a506eb84b6eeb62f1afa5703fc48ef0897e25fa,0,0,0,88493.903194,1625.4809,54.441675,1859,hostname=magic-node-06.encs.concordia.ca / kernel=Linux 5.14.0-687.39.1.el9_8.x86_64,"EnergyPlus, Version 23.1.0-87ed9199d4, YMD=2026.08.31 08:39"
31957,IT.MidClim.AB.01.Gen.ReEx.001.001,AB,IT.01,FALLBACK_PENDING_LAYOUT_MISSING_DWELLING_COUNT,IMPUTED_CENSUS_SECTION_CONSTRUCTION_PERIOD,a89b21797512434354ed7af5ad18f2503c0fdbf42db316f0fe5a4d6e3b0e14ed,ab631c6026e3f7cf5cfcff7c6a506eb84b6eeb62f1afa5703fc48ef0897e25fa,0,0,0,35254.965835,664.2838,53.072145,459,hostname=stellar.encs.concordia.ca / kernel=Linux 5.14.0-687.39.1.el9_8.x86_64,"EnergyPlus, Version 23.1.0-87ed9199d4, YMD=2026.08.31 08:40"
31962,IT.MidClim.AB.01.Gen.ReEx.001.001,AB,IT.01,FALLBACK_PENDING_LAYOUT_MISSING_DWELLING_COUNT,IMPUTED_CENSUS_SECTION_CONSTRUCTION_PERIOD,9577fa39de80018cbaa42606fbe1aed394a96ea917ccd11c6f763ffbde2ea6a6,ab631c6026e3f7cf5cfcff7c6a506eb84b6eeb62f1afa5703fc48ef0897e25fa,0,0,0,89332.993222,1835.6047,48.666793,923,hostname=speed-32.encs.concordia.ca / kernel=Linux 5.14.0-687.39.1.el9_8.x86_64,"EnergyPlus, Version 23.1.0-87ed9199d4, YMD=2026.08.31 08:40"
31965,IT.MidClim.AB.01.Gen.ReEx.001.001,AB,IT.01,FALLBACK_PENDING_LAYOUT_MISSING_DWELLING_COUNT,IMPUTED_CENSUS_SECTION_CONSTRUCTION_PERIOD,410c8705bd08ac1cb83008126efe01de9e3db37c6381431cb5ad294b6413940f,ab631c6026e3f7cf5cfcff7c6a506eb84b6eeb62f1afa5703fc48ef0897e25fa,0,0,0,45527.699221,680.6422,66.889328,1330,hostname=speed-09.encs.concordia.ca / kernel=Linux 5.14.0-687.39.1.el9_8.x86_64,"EnergyPlus, Version 23.1.0-87ed9199d4, YMD=2026.08.31 08:40"
31966,IT.MidClim.AB.01.Gen.ReEx.001.001,AB,IT.01,DWELLING_LAYOUT_EMITTED_IMPUTED_COUNT,IMPUTED_CENSUS_SECTION_CONSTRUCTION_PERIOD,6c215f98de09f58ed56c99583faa5a5d1f9800ab5ff57145408eca1968608651,ab631c6026e3f7cf5cfcff7c6a506eb84b6eeb62f1afa5703fc48ef0897e25fa,1,4,1,,749.7613,,3,hostname=speed-29.encs.concordia.ca / kernel=Linux 5.14.0-687.39.1.el9_8.x86_64,"EnergyPlus, Version 23.1.0-87ed9199d4, YMD=2026.08.31 08:46"
31967,IT.MidClim.SFH.01.Gen.ReEx.001.001,SFH,IT.01,DWELLING_LAYOUT_EMITTED_IMPUTED_COUNT,IMPUTED_CENSUS_SECTION_CONSTRUCTION_PERIOD,9e66fd5c81a22d8f905f96121d39a31bbac366b7f62ba1fb97bc867e9f7585a5,ab631c6026e3f7cf5cfcff7c6a506eb84b6eeb62f1afa5703fc48ef0897e25fa,0,0,0,4699.056892,24.3062,193.3275,262,hostname=speed-29.encs.concordia.ca / kernel=Linux 5.14.0-687.39.1.el9_8.x86_64,"EnergyPlus, Version 23.1.0-87ed9199d4, YMD=2026.08.31 08:46"
31968,IT.MidClim.AB.01.Gen.ReEx.001.001,AB,IT.01,FALLBACK_PENDING_LAYOUT_MISSING_DWELLING_COUNT,IMPUTED_CENSUS_SECTION_CONSTRUCTION_PERIOD,6c4c9a6f4caa0315138c69f4cedd5ff8c4115bc9a6723ed2cc807ab6cca5a00d,ab631c6026e3f7cf5cfcff7c6a506eb84b6eeb62f1afa5703fc48ef0897e25fa,0,0,0,87057.750213,1693.809,51.397619,4466,hostname=magic-node-04.encs.concordia.ca / kernel=Linux 5.14.0-687.39.1.el9_8.x86_64,"EnergyPlus, Version 23.1.0-87ed9199d4, YMD=2026.08.31 08:46"
31971,IT.MidClim.AB.01.Gen.ReEx.001.001,AB,IT.01,FALLBACK_PENDING_LAYOUT_MISSING_DWELLING_COUNT,IMPUTED_CENSUS_SECTION_CONSTRUCTION_PERIOD,7ac894c238ff43a7e5221024c7cdd58fc97c8236023b510c498b5401bd5c73db,ab631c6026e3f7cf5cfcff7c6a506eb84b6eeb62f1afa5703fc48ef0897e25fa,0,0,0,82248.974309,1518.1713,54.176346,872,hostname=speed-41.encs.concordia.ca / kernel=Linux 5.14.0-687.39.1.el9_8.x86_64,"EnergyPlus, Version 23.1.0-87ed9199d4, YMD=2026.08.31 08:47"
31975,IT.MidClim.MFH.01.Gen.ReEx.001.001,MFH,IT.01,DWELLING_LAYOUT_EMITTED_IMPUTED_COUNT,IMPUTED_CENSUS_SECTION_CONSTRUCTION_PERIOD,4fd445ec203815a13964736f2eceaace9f8aafe995d4d5feb0affe6655e26378,ab631c6026e3f7cf5cfcff7c6a506eb84b6eeb62f1afa5703fc48ef0897e25fa,1,2,1,,1492.9954,,3,hostname=stellar.encs.concordia.ca / kernel=Linux 5.14.0-687.39.1.el9_8.x86_64,"EnergyPlus, Version 23.1.0-87ed9199d4, YMD=2026.08.31 08:47"
31977,IT.MidClim.AB.01.Gen.ReEx.001.001,AB,IT.01,FALLBACK_PENDING_LAYOUT_MISSING_DWELLING_COUNT,IMPUTED_CENSUS_SECTION_CONSTRUCTION_PERIOD,4148ba330c2e8e4dfe85da1cedc5c5c60aa15cd8b70ae413616e1f33f78b2df0,ab631c6026e3f7cf5cfcff7c6a506eb84b6eeb62f1afa5703fc48ef0897e25fa,0,0,0,31559.065677,731.2296,43.158901,642,hostname=stellar.encs.concordia.ca / kernel=Linux 5.14.0-687.39.1.el9_8.x86_64,"EnergyPlus, Version 23.1.0-87ed9199d4, YMD=2026.08.31 08:47"
31984,IT.MidClim.MFH.01.Gen.ReEx.001.001,MFH,IT.01,DWELLING_LAYOUT_EMITTED_IMPUTED_COUNT,IMPUTED_CENSUS_SECTION_CONSTRUCTION_PERIOD,372214be6794ff016a6d3ac523dd433b335fefc359a8616042c0f2ca30724967,ab631c6026e3f7cf5cfcff7c6a506eb84b6eeb62f1afa5703fc48ef0897e25fa,1,2,1,,913.1715,,2,hostname=speed-11.encs.concordia.ca / kernel=Linux 5.14.0-687.39.1.el9_8.x86_64,"EnergyPlus, Version 23.1.0-87ed9199d4, YMD=2026.08.31 08:47"
31989,IT.MidClim.MFH.01.Gen.ReEx.001.001,MFH,IT.01,DWELLING_LAYOUT_EMITTED_IMPUTED_COUNT,IMPUTED_CENSUS_SECTION_CONSTRUCTION_PERIOD,930395b6a47a12c8f6497aa72c89a627ffce741c27f13d3ff0ccfe7ca0935dac,ab631c6026e3f7cf5cfcff7c6a506eb84b6eeb62f1afa5703fc48ef0897e25fa,0,0,0,58642.837687,1493.974,39.252917,3896,hostname=speed-11.encs.concordia.ca / kernel=Linux 5.14.0-687.39.1.el9_8.x86_64,"EnergyPlus, Version 23.1.0-87ed9199d4, YMD=2026.08.31 08:47"
31996,IT.MidClim.AB.01.Gen.ReEx.001.001,AB,IT.01,FALLBACK_PENDING_LAYOUT_MISSING_DWELLING_COUNT,IMPUTED_CENSUS_SECTION_CONSTRUCTION_PERIOD,e44ee3e09440a99e64d26383fc0cdc7d0d2903a63cc8021f7292554b1377fc67,ab631c6026e3f7cf5cfcff7c6a506eb84b6eeb62f1afa5703fc48ef0897e25fa,0,0,0,47014.933466,710.1678,66.20257,2289,hostname=speed-15.encs.concordia.ca / kernel=Linux 5.14.0-687.39.1.el9_8.x86_64,"EnergyPlus, Version 23.1.0-87ed9199d4, YMD=2026.08.31 08:48"
31997,IT.MidClim.AB.01.Gen.ReEx.001.001,AB,IT.01,FALLBACK_PENDING_LAYOUT_MISSING_DWELLING_COUNT,IMPUTED_CENSUS_SECTION_CONSTRUCTION_PERIOD,bca8ffaf6075d0c7a347296e4b8feedc0a4692aacc4b949bce86135d4ae90eee,ab631c6026e3f7cf5cfcff7c6a506eb84b6eeb62f1afa5703fc48ef0897e25fa,0,0,0,25192.058577,479.0698,52.585361,2085,hostname=magic-node-05.encs.concordia.ca / kernel=Linux 5.14.0-687.39.1.el9_8.x86_64,"EnergyPlus, Version 23.1.0-87ed9199d4, YMD=2026.08.31 08:48"
31999,IT.MidClim.AB.01.Gen.ReEx.001.001,AB,IT.01,DWELLING_LAYOUT_EMITTED_IMPUTED_COUNT,IMPUTED_CENSUS_SECTION_CONSTRUCTION_PERIOD,58a1fbb473baf3fd31a87c2deea24c88d5a2caa16a9944fc9a63972ac2bd6ac2,ab631c6026e3f7cf5cfcff7c6a506eb84b6eeb62f1afa5703fc48ef0897e25fa,1,21,1,,10468.5804,,3,hostname=magic-node-10.encs.concordia.ca / kernel=Linux 5.14.0-687.39.1.el9_8.x86_64,"EnergyPlus, Version 23.1.0-87ed9199d4, YMD=2026.08.31 08:48"
32000,IT.MidClim.AB.03.Gen.ReEx.001.001,AB,IT.03,DWELLING_LAYOUT_EMITTED_IMPUTED_COUNT,IMPUTED_CENSUS_SECTION_CONSTRUCTION_PERIOD,88a1df4dfe028ed6ff35d6426c2c7dfa518ac6c4c616fd28add7587835222d64,ab631c6026e3f7cf5cfcff7c6a506eb84b6eeb62f1afa5703fc48ef0897e25fa,1,36,1,,1831.0089,,4,hostname=magic-node-10.encs.concordia.ca / kernel=Linux 5.14.0-687.39.1.el9_8.x86_64,"EnergyPlus, Version 23.1.0-87ed9199d4, YMD=2026.08.31 08:48"
32002,IT.MidClim.AB.01.Gen.ReEx.001.001,AB,IT.01,FALLBACK_PENDING_LAYOUT_MISSING_DWELLING_COUNT,IMPUTED_CENSUS_SECTION_CONSTRUCTION_PERIOD,1ceb1e3a54f648119321d943fb13a1d935d6a4e561b9654a665dc5a054357a71,ab631c6026e3f7cf5cfcff7c6a506eb84b6eeb62f1afa5703fc48ef0897e25fa,0,0,0,98697.17085,1766.1105,55.883916,42,hostname=speed-30.encs.concordia.ca / kernel=Linux 5.14.0-687.39.1.el9_8.x86_64,"EnergyPlus, Version 23.1.0-87ed9199d4, YMD=2026.08.31 08:48"
32004,IT.MidClim.MFH.01.Gen.ReEx.001.001,MFH,IT.01,DWELLING_LAYOUT_EMITTED_IMPUTED_COUNT,IMPUTED_CENSUS_SECTION_CONSTRUCTION_PERIOD,b08efd93fb9e8406c83f1a5857ec72f91d37df6a82699a4e612ea9b6253fb5f2,ab631c6026e3f7cf5cfcff7c6a506eb84b6eeb62f1afa5703fc48ef0897e25fa,1,4,1,,282.2192,,4,hostname=magic-node-10.encs.concordia.ca / kernel=Linux 5.14.0-687.39.1.el9_8.x86_64,"EnergyPlus, Version 23.1.0-87ed9199d4, YMD=2026.08.31 08:48"
32006,IT.MidClim.MFH.01.Gen.ReEx.001.001,MFH,IT.01,DWELLING_LAYOUT_EMITTED_IMPUTED_COUNT,IMPUTED_CENSUS_SECTION_CONSTRUCTION_PERIOD,44c6e85dbdf5542f7f9e8c4fc70da38fc83bc9d17737fdf91ae71f560cc3cba5,ab631c6026e3f7cf5cfcff7c6a506eb84b6eeb62f1afa5703fc48ef0897e25fa,1,3,1,,1113.6211,,4,hostname=magic-node-10.encs.concordia.ca / kernel=Linux 5.14.0-687.39.1.el9_8.x86_64,"EnergyPlus, Version 23.1.0-87ed9199d4, YMD=2026.08.31 08:48"
32008,IT.MidClim.AB.01.Gen.ReEx.001.001,AB,IT.01,FALLBACK_PENDING_LAYOUT_MISSING_DWELLING_COUNT,IMPUTED_CENSUS_SECTION_CONSTRUCTION_PERIOD,2df44fdba68131e698b5d1d5ef5a260b71254b454c2cdd6244b447c87fa022ee,ab631c6026e3f7cf5cfcff7c6a506eb84b6eeb62f1afa5703fc48ef0897e25fa,0,0,0,23663.103856,439.9496,53.785942,1572,hostname=magic-node-10.encs.concordia.ca / kernel=Linux 5.14.0-687.39.1.el9_8.x86_64,"EnergyPlus, Version 23.1.0-87ed9199d4, YMD=2026.08.31 08:48"
32010,IT.MidClim.MFH.01.Gen.ReEx.001.001,MFH,IT.01,DWELLING_LAYOUT_EMITTED_IMPUTED_COUNT,IMPUTED_CENSUS_SECTION_CONSTRUCTION_PERIOD,2bc987eaae1d0602e339daf980f6401dfaa8b3c918e9493f3939579831069425,ab631c6026e3f7cf5cfcff7c6a506eb84b6eeb62f1afa5703fc48ef0897e25fa,0,0,0,25052.040948,603.8394,41.48792,2477,hostname=speed-30.encs.concordia.ca / kernel=Linux 5.14.0-687.39.1.el9_8.x86_64,"EnergyPlus, Version 23.1.0-87ed9199d4, YMD=2026.08.31 08:49"
32013,IT.MidClim.MFH.01.Gen.ReEx.001.001,MFH,IT.01,DWELLING_LAYOUT_EMITTED_IMPUTED_COUNT,IMPUTED_CENSUS_SECTION_CONSTRUCTION_PERIOD,dfc1cac422121376a56660a7df0c63d0694ab103fd221943a8bfdb5782217ad8,ab631c6026e3f7cf5cfcff7c6a506eb84b6eeb62f1afa5703fc48ef0897e25fa,1,9,1,,989.5105,,3,hostname=speed-41.encs.concordia.ca / kernel=Linux 5.14.0-687.39.1.el9_8.x86_64,"EnergyPlus, Version 23.1.0-87ed9199d4, YMD=2026.08.31 08:49"
32015,IT.MidClim.MFH.01.Gen.ReEx.001.001,MFH,IT.01,DWELLING_LAYOUT_EMITTED_IMPUTED_COUNT,IMPUTED_CENSUS_SECTION_CONSTRUCTION_PERIOD,6f6f535eb78e00f82959dceab3d104dbff7faa0dc3e01c83bfea84900630cf0d,ab631c6026e3f7cf5cfcff7c6a506eb84b6eeb62f1afa5703fc48ef0897e25fa,0,0,0,32267.735359,596.7534,54.072143,1904,hostname=speed-41.encs.concordia.ca / kernel=Linux 5.14.0-687.39.1.el9_8.x86_64,"EnergyPlus, Version 23.1.0-87ed9199d4, YMD=2026.08.31 08:49"
32017,IT.MidClim.AB.01.Gen.ReEx.001.001,AB,IT.01,FALLBACK_PENDING_LAYOUT_MISSING_DWELLING_COUNT,IMPUTED_CENSUS_SECTION_CONSTRUCTION_PERIOD,b4aa8878062fe9b8590968649fc2e1fdf40c53faf3efc2e7fb398d869d56134d,ab631c6026e3f7cf5cfcff7c6a506eb84b6eeb62f1afa5703fc48ef0897e25fa,0,0,0,15045.748397,327.048,46.00471,1309,hostname=speed-29.encs.concordia.ca / kernel=Linux 5.14.0-687.39.1.el9_8.x86_64,"EnergyPlus, Version 23.1.0-87ed9199d4, YMD=2026.08.31 08:50"
32020,IT.MidClim.AB.01.Gen.ReEx.001.001,AB,IT.01,DWELLING_LAYOUT_EMITTED_IMPUTED_COUNT,IMPUTED_CENSUS_SECTION_CONSTRUCTION_PERIOD,ed61eef0eee17b5173747990fa3486d0bd9d8ec563a9f80578de8cc383ac1e31,ab631c6026e3f7cf5cfcff7c6a506eb84b6eeb62f1afa5703fc48ef0897e25fa,0,0,0,90112.066408,1794.9883,50.202036,112,hostname=speed-30.encs.concordia.ca / kernel=Linux 5.14.0-687.39.1.el9_8.x86_64,"EnergyPlus, Version 23.1.0-87ed9199d4, YMD=2026.08.31 08:51"
32022,IT.MidClim.MFH.01.Gen.ReEx.001.001,MFH,IT.01,DWELLING_LAYOUT_EMITTED_IMPUTED_COUNT,IMPUTED_CENSUS_SECTION_CONSTRUCTION_PERIOD,21ab7ef4098ba871f7bd3f7ab5f85f88d7b46f9d28cdd14e3cb3054b27ee7c13,ab631c6026e3f7cf5cfcff7c6a506eb84b6eeb62f1afa5703fc48ef0897e25fa,1,2,1,,511.6086,,4,hostname=magic-node-08.encs.concordia.ca / kernel=Linux 5.14.0-687.39.1.el9_8.x86_64,"EnergyPlus, Version 23.1.0-87ed9199d4, YMD=2026.08.31 08:51"
32024,IT.MidClim.AB.01.Gen.ReEx.001.001,AB,IT.01,FALLBACK_PENDING_LAYOUT_MISSING_DWELLING_COUNT,IMPUTED_CENSUS_SECTION_CONSTRUCTION_PERIOD,adf4d0afa665afee79ad9956ca8c27c43b6d12c2a7d2eddb1526c17d4114f5ed,ab631c6026e3f7cf5cfcff7c6a506eb84b6eeb62f1afa5703fc48ef0897e25fa,0,0,0,63344.419692,1358.3824,46.632244,3360,hostname=magic-node-08.encs.concordia.ca / kernel=Linux 5.14.0-687.39.1.el9_8.x86_64,"EnergyPlus, Version 23.1.0-87ed9199d4, YMD=2026.08.31 08:51"
32030,IT.MidClim.MFH.01.Gen.ReEx.001.001,MFH,IT.01,DWELLING_LAYOUT_EMITTED_IMPUTED_COUNT,IMPUTED_CENSUS_SECTION_CONSTRUCTION_PERIOD,f3aa1518c594a564cfab2d3330086dc87927a5fb0417eed24f1b0ab06d4ad70a,ab631c6026e3f7cf5cfcff7c6a506eb84b6eeb62f1afa5703fc48ef0897e25fa,0,0,0,28749.904055,577.8696,49.751543,1749,hostname=speed-41.encs.concordia.ca / kernel=Linux 5.14.0-687.39.1.el9_8.x86_64,"EnergyPlus, Version 23.1.0-87ed9199d4, YMD=2026.08.31 08:51"
32031,IT.MidClim.MFH.01.Gen.ReEx.001.001,MFH,IT.01,DWELLING_LAYOUT_EMITTED_IMPUTED_COUNT,IMPUTED_CENSUS_SECTION_CONSTRUCTION_PERIOD,f1954ff6fc69bca86bf0c82432aabc07e33d916496fe29d3ba80748e75aa7f0d,ab631c6026e3f7cf5cfcff7c6a506eb84b6eeb62f1afa5703fc48ef0897e25fa,0,0,0,30515.779401,768.8793,39.688647,802,hostname=speed-15.encs.concordia.ca / kernel=Linux 5.14.0-687.39.1.el9_8.x86_64,"EnergyPlus, Version 23.1.0-87ed9199d4, YMD=2026.08.31 08:52"
32035,IT.MidClim.AB.01.Gen.ReEx.001.001,AB,IT.01,FALLBACK_PENDING_LAYOUT_MISSING_DWELLING_COUNT,IMPUTED_CENSUS_SECTION_CONSTRUCTION_PERIOD,2e19c195f1132c88809b798b71b128c794beac01cb92d897a769a0d17c7f97f2,ab631c6026e3f7cf5cfcff7c6a506eb84b6eeb62f1afa5703fc48ef0897e25fa,0,0,0,114928.419414,2535.049,45.335778,1342,hostname=antenna2.encs.concordia.ca / kernel=Linux 5.14.0-687.36.1.el9_8.x86_64,"EnergyPlus, Version 23.1.0-87ed9199d4, YMD=2026.08.31 08:53"
32038,IT.MidClim.AB.01.Gen.ReEx.001.001,AB,IT.01,FALLBACK_PENDING_LAYOUT_MISSING_DWELLING_COUNT,IMPUTED_CENSUS_SECTION_CONSTRUCTION_PERIOD,bf29014984554584626b089833b65d965623cf2f511da3db7d991b7e936892fc,ab631c6026e3f7cf5cfcff7c6a506eb84b6eeb62f1afa5703fc48ef0897e25fa,0,0,0,78550.164574,1500.2392,52.358427,3059,hostname=speed-09.encs.concordia.ca / kernel=Linux 5.14.0-687.39.1.el9_8.x86_64,"EnergyPlus, Version 23.1.0-87ed9199d4, YMD=2026.08.31 08:53"
32041,IT.MidClim.AB.01.Gen.ReEx.001.001,AB,IT.01,DWELLING_LAYOUT_EMITTED_IMPUTED_COUNT,IMPUTED_CENSUS_SECTION_CONSTRUCTION_PERIOD,27be4ac9a2902368e8a2d9d8e8326ed29c5d996b9c1bace4330bf5da4e1cfeea,ab631c6026e3f7cf5cfcff7c6a506eb84b6eeb62f1afa5703fc48ef0897e25fa,0,0,0,342906.71879,7691.9311,44.580056,2627,hostname=speed-30.encs.concordia.ca / kernel=Linux 5.14.0-687.39.1.el9_8.x86_64,"EnergyPlus, Version 23.1.0-87ed9199d4, YMD=2026.08.31 08:53"
32043,IT.MidClim.AB.03.Gen.ReEx.001.001,AB,IT.03,FALLBACK_PENDING_LAYOUT_MISSING_DWELLING_COUNT,IMPUTED_CENSUS_SECTION_CONSTRUCTION_PERIOD,11ff949550d22c276bb685e6a458646d6c92d7c800e99f19d84956068bed734d,ab631c6026e3f7cf5cfcff7c6a506eb84b6eeb62f1afa5703fc48ef0897e25fa,0,0,0,76872.893046,1335.6498,57.554677,1676,hostname=speed-34.encs.concordia.ca / kernel=Linux 5.14.0-687.39.1.el9_8.x86_64,"EnergyPlus, Version 23.1.0-87ed9199d4, YMD=2026.08.31 08:55"
32045,IT.MidClim.AB.01.Gen.ReEx.001.001,AB,IT.01,DWELLING_LAYOUT_EMITTED_IMPUTED_COUNT,IMPUTED_CENSUS_SECTION_CONSTRUCTION_PERIOD,7a4feb4af844bd84c01c030e313b0a8f46ca8f5bc0091bb3689c6a5e659e225e,ab631c6026e3f7cf5cfcff7c6a506eb84b6eeb62f1afa5703fc48ef0897e25fa,0,0,0,28815.819823,558.7899,51.568255,157,hostname=speed-32.encs.concordia.ca / kernel=Linux 5.14.0-687.39.1.el9_8.x86_64,"EnergyPlus, Version 23.1.0-87ed9199d4, YMD=2026.08.31 08:56"
32046,IT.MidClim.MFH.01.Gen.ReEx.001.001,MFH,IT.01,DWELLING_LAYOUT_EMITTED_IMPUTED_COUNT,IMPUTED_CENSUS_SECTION_CONSTRUCTION_PERIOD,805cb5c07a54d5c44a592053ff7a39d79dc62d51451bc284f4b050771defc3a8,ab631c6026e3f7cf5cfcff7c6a506eb84b6eeb62f1afa5703fc48ef0897e25fa,1,4,1,,401.1158,,1,hostname=speed-08.encs.concordia.ca / kernel=Linux 5.14.0-687.39.1.el9_8.x86_64,"EnergyPlus, Version 23.1.0-87ed9199d4, YMD=2026.08.31 08:57"
32050,IT.MidClim.MFH.01.Gen.ReEx.001.001,MFH,IT.01,DWELLING_LAYOUT_EMITTED_IMPUTED_COUNT,IMPUTED_CENSUS_SECTION_CONSTRUCTION_PERIOD,c0ed2e215e5792fc2a1f7f5ff12431763b9c709e6535fa765286fb24c1ebf0a8,ab631c6026e3f7cf5cfcff7c6a506eb84b6eeb62f1afa5703fc48ef0897e25fa,1,2,1,,1050.144,,2,hostname=speed-08.encs.concordia.ca / kernel=Linux 5.14.0-687.39.1.el9_8.x86_64,"EnergyPlus, Version 23.1.0-87ed9199d4, YMD=2026.08.31 08:57"
32052,IT.MidClim.AB.01.Gen.ReEx.001.001,AB,IT.01,FALLBACK_PENDING_LAYOUT_MISSING_DWELLING_COUNT,IMPUTED_CENSUS_SECTION_CONSTRUCTION_PERIOD,e0333757ea653fd5114388030f3afe11edbd5ab2acb051448969cb20ee3cfc97,ab631c6026e3f7cf5cfcff7c6a506eb84b6eeb62f1afa5703fc48ef0897e25fa,0,0,0,44386.820754,900.7998,49.274901,1405,hostname=speed-08.encs.concordia.ca / kernel=Linux 5.14.0-687.39.1.el9_8.x86_64,"EnergyPlus, Version 23.1.0-87ed9199d4, YMD=2026.08.31 08:57"
32054,IT.MidClim.AB.01.Gen.ReEx.001.001,AB,IT.01,FALLBACK_PENDING_LAYOUT_MISSING_DWELLING_COUNT,IMPUTED_CENSUS_SECTION_CONSTRUCTION_PERIOD,aec34245ee93e945205c335410002057ba655e931caa52209ce3b74ad1b605b2,ab631c6026e3f7cf5cfcff7c6a506eb84b6eeb62f1afa5703fc48ef0897e25fa,0,0,0,100545.898789,1971.0429,51.011522,138,hostname=stellar.encs.concordia.ca / kernel=Linux 5.14.0-687.39.1.el9_8.x86_64,"EnergyPlus, Version 23.1.0-87ed9199d4, YMD=2026.08.31 08:58"
32055,IT.MidClim.AB.01.Gen.ReEx.001.001,AB,IT.01,DWELLING_LAYOUT_EMITTED_IMPUTED_COUNT,IMPUTED_CENSUS_SECTION_CONSTRUCTION_PERIOD,6c04fbc78315d856006eab82bd894ac7e9a1341c2960f2b3c74128db72a8b3bb,ab631c6026e3f7cf5cfcff7c6a506eb84b6eeb62f1afa5703fc48ef0897e25fa,0,0,0,24545.435563,389.1681,63.071551,817,hostname=speed-32.encs.concordia.ca / kernel=Linux 5.14.0-687.39.1.el9_8.x86_64,"EnergyPlus, Version 23.1.0-87ed9199d4, YMD=2026.08.31 08:58"
32056,IT.MidClim.AB.01.Gen.ReEx.001.001,AB,IT.01,FALLBACK_PENDING_LAYOUT_MISSING_DWELLING_COUNT,IMPUTED_CENSUS_SECTION_CONSTRUCTION_PERIOD,7b9351dfcceaf433f1e7102c407e8f746a45cf1a627d3b9307b1aa17ed9ff779,ab631c6026e3f7cf5cfcff7c6a506eb84b6eeb62f1afa5703fc48ef0897e25fa,0,0,0,76270.983745,1447.2168,52.701837,409,hostname=stellar.encs.concordia.ca / kernel=Linux 5.14.0-687.39.1.el9_8.x86_64,"EnergyPlus, Version 23.1.0-87ed9199d4, YMD=2026.08.31 09:00"
32062,IT.MidClim.AB.01.Gen.ReEx.001.001,AB,IT.01,FALLBACK_PENDING_LAYOUT_MISSING_DWELLING_COUNT,IMPUTED_CENSUS_SECTION_CONSTRUCTION_PERIOD,0be67d1a4a941d32b43debd032b5dced95a542ccfa1a571f3d406eb515e30ab9,ab631c6026e3f7cf5cfcff7c6a506eb84b6eeb62f1afa5703fc48ef0897e25fa,0,0,0,,1942.755,,7216,hostname=magic-node-01.encs.concordia.ca / kernel=Linux 5.14.0-687.39.1.el9_8.x86_64,"EnergyPlus, Version 23.1.0-87ed9199d4, YMD=2026.08.31 09:01"
32065,IT.MidClim.MFH.01.Gen.ReEx.001.001,MFH,IT.01,DWELLING_LAYOUT_EMITTED_IMPUTED_COUNT,IMPUTED_CENSUS_SECTION_CONSTRUCTION_PERIOD,747f9c4230413470661cdabc7adbcb927bb10252f07e2c19c1c549cc6ca3d5fd,ab631c6026e3f7cf5cfcff7c6a506eb84b6eeb62f1afa5703fc48ef0897e25fa,0,0,0,24665.574998,485.9655,50.755815,1588,hostname=magic-node-07.encs.concordia.ca / kernel=Linux 5.14.0-687.39.1.el9_8.x86_64,"EnergyPlus, Version 23.1.0-87ed9199d4, YMD=2026.08.31 09:01"
32073,IT.MidClim.AB.01.Gen.ReEx.001.001,AB,IT.01,FALLBACK_PENDING_LAYOUT_MISSING_DWELLING_COUNT,IMPUTED_CENSUS_SECTION_CONSTRUCTION_PERIOD,e6718d6c35bfff8b7ede0714abc54fcf31080ce030c177a944f4b399a3d0a29e,ab631c6026e3f7cf5cfcff7c6a506eb84b6eeb62f1afa5703fc48ef0897e25fa,0,0,0,327920.174125,6794.8063,48.260415,40,hostname=speed-35.encs.concordia.ca / kernel=Linux 5.14.0-687.39.1.el9_8.x86_64,"EnergyPlus, Version 23.1.0-87ed9199d4, YMD=2026.08.31 09:02"
32078,IT.MidClim.MFH.01.Gen.ReEx.001.001,MFH,IT.01,DWELLING_LAYOUT_EMITTED_IMPUTED_COUNT,IMPUTED_CENSUS_SECTION_CONSTRUCTION_PERIOD,1b29a8dbec2e44eea041d64c163c66d933dd9ea38d83833bfa43f7c9728d2ebb,ab631c6026e3f7cf5cfcff7c6a506eb84b6eeb62f1afa5703fc48ef0897e25fa,0,0,0,58713.075584,1215.9009,48.287715,2810,hostname=speed-35.encs.concordia.ca / kernel=Linux 5.14.0-687.39.1.el9_8.x86_64,"EnergyPlus, Version 23.1.0-87ed9199d4, YMD=2026.08.31 09:02"
32080,IT.MidClim.MFH.01.Gen.ReEx.001.001,MFH,IT.01,DWELLING_LAYOUT_EMITTED_IMPUTED_COUNT,IMPUTED_CENSUS_SECTION_CONSTRUCTION_PERIOD,1b9fa6db0ca7b8d891887f0b92bcb8bb2ea43af8d519c5db970bc9a29d97b73d,ab631c6026e3f7cf5cfcff7c6a506eb84b6eeb62f1afa5703fc48ef0897e25fa,1,2,1,,583.9471,,3,hostname=speed-41.encs.concordia.ca / kernel=Linux 5.14.0-687.39.1.el9_8.x86_64,"EnergyPlus, Version 23.1.0-87ed9199d4, YMD=2026.08.31 09:02"
32084,IT.MidClim.MFH.01.Gen.ReEx.001.001,MFH,IT.01,DWELLING_LAYOUT_EMITTED_IMPUTED_COUNT,IMPUTED_CENSUS_SECTION_CONSTRUCTION_PERIOD,99a9779a5fceeba620f06b5eef1afdb468b0808188032f32c101a0eab42cc5b4,ab631c6026e3f7cf5cfcff7c6a506eb84b6eeb62f1afa5703fc48ef0897e25fa,1,2,1,,1667.8635,,2,hostname=speed-41.encs.concordia.ca / kernel=Linux 5.14.0-687.39.1.el9_8.x86_64,"EnergyPlus, Version 23.1.0-87ed9199d4, YMD=2026.08.31 09:02"
32091,IT.MidClim.AB.01.Gen.ReEx.001.001,AB,IT.01,DWELLING_LAYOUT_EMITTED_IMPUTED_COUNT,IMPUTED_CENSUS_SECTION_CONSTRUCTION_PERIOD,019a56a8ecb5e41728289beada9be90d3da33f0c1366989ec9afd7d2255f421d,ab631c6026e3f7cf5cfcff7c6a506eb84b6eeb62f1afa5703fc48ef0897e25fa,0,0,0,59219.793165,926.3319,63.929347,702,hostname=speed-41.encs.concordia.ca / kernel=Linux 5.14.0-687.39.1.el9_8.x86_64,"EnergyPlus, Version 23.1.0-87ed9199d4, YMD=2026.08.31 09:02"
32092,IT.MidClim.MFH.01.Gen.ReEx.001.001,MFH,IT.01,DWELLING_LAYOUT_EMITTED_IMPUTED_COUNT,IMPUTED_CENSUS_SECTION_CONSTRUCTION_PERIOD,41b560dc881a431351ac4f813f535c1acdaaf022108d1b68a4af07c465a7c842,ab631c6026e3f7cf5cfcff7c6a506eb84b6eeb62f1afa5703fc48ef0897e25fa,0,0,0,28337.642094,307.2426,92.232139,1354,hostname=speed-36.encs.concordia.ca / kernel=Linux 5.14.0-687.39.1.el9_8.x86_64,"EnergyPlus, Version 23.1.0-87ed9199d4, YMD=2026.08.31 09:03"
32095,IT.MidClim.AB.01.Gen.ReEx.001.001,AB,IT.01,FALLBACK_PENDING_LAYOUT_MISSING_DWELLING_COUNT,IMPUTED_CENSUS_SECTION_CONSTRUCTION_PERIOD,9aeba93b4a79db857d69393a927c0b59faa1234e8d877047a20de3f9053c9dc9,ab631c6026e3f7cf5cfcff7c6a506eb84b6eeb62f1afa5703fc48ef0897e25fa,0,0,0,35842.44014,650.0085,55.141495,1509,hostname=speed-09.encs.concordia.ca / kernel=Linux 5.14.0-687.39.1.el9_8.x86_64,"EnergyPlus, Version 23.1.0-87ed9199d4, YMD=2026.08.31 09:06"
32106,IT.MidClim.MFH.01.Gen.ReEx.001.001,MFH,IT.01,DWELLING_LAYOUT_EMITTED_IMPUTED_COUNT,IMPUTED_CENSUS_SECTION_CONSTRUCTION_PERIOD,4bc31f24a2c44860230ecec7624b7ef995b3e7e4121c66b1577f2fac9fb89955,ab631c6026e3f7cf5cfcff7c6a506eb84b6eeb62f1afa5703fc48ef0897e25fa,1,2,1,,1024.3363,,4,hostname=stellar.encs.concordia.ca / kernel=Linux 5.14.0-687.39.1.el9_8.x86_64,"EnergyPlus, Version 23.1.0-87ed9199d4, YMD=2026.08.31 09:07"
32109,IT.MidClim.AB.01.Gen.ReEx.001.001,AB,IT.01,FALLBACK_PENDING_LAYOUT_MISSING_DWELLING_COUNT,IMPUTED_CENSUS_SECTION_CONSTRUCTION_PERIOD,896ffa33ad5174b33e57a43a4a372913f3c40cad80de9eeff2df737a9642afc7,ab631c6026e3f7cf5cfcff7c6a506eb84b6eeb62f1afa5703fc48ef0897e25fa,0,0,0,327891.885676,6750.0681,48.576086,23,hostname=stellar.encs.concordia.ca / kernel=Linux 5.14.0-687.39.1.el9_8.x86_64,"EnergyPlus, Version 23.1.0-87ed9199d4, YMD=2026.08.31 09:07"
32119,IT.MidClim.MFH.01.Gen.ReEx.001.001,MFH,IT.01,DWELLING_LAYOUT_EMITTED_IMPUTED_COUNT,IMPUTED_CENSUS_SECTION_CONSTRUCTION_PERIOD,bf30e7a9b138fbe308ba466573f98a7c273b67008ab6dfe1034ff48bef620674,ab631c6026e3f7cf5cfcff7c6a506eb84b6eeb62f1afa5703fc48ef0897e25fa,0,0,0,22044.826064,794.5753,27.744162,133,hostname=stellar.encs.concordia.ca / kernel=Linux 5.14.0-687.39.1.el9_8.x86_64,"EnergyPlus, Version 23.1.0-87ed9199d4, YMD=2026.08.31 09:08"
32121,IT.MidClim.AB.01.Gen.ReEx.001.001,AB,IT.01,FALLBACK_PENDING_LAYOUT_MISSING_DWELLING_COUNT,IMPUTED_CENSUS_SECTION_CONSTRUCTION_PERIOD,64f478833a30943d3b95805d096e86bef07870dcf60be783384f0b8caed3aa61,ab631c6026e3f7cf5cfcff7c6a506eb84b6eeb62f1afa5703fc48ef0897e25fa,0,0,0,83950.879494,1588.9155,52.835333,933,hostname=speed-15.encs.concordia.ca / kernel=Linux 5.14.0-687.39.1.el9_8.x86_64,"EnergyPlus, Version 23.1.0-87ed9199d4, YMD=2026.08.31 09:08"
32123,IT.MidClim.MFH.01.Gen.ReEx.001.001,MFH,IT.01,DWELLING_LAYOUT_EMITTED_IMPUTED_COUNT,IMPUTED_CENSUS_SECTION_CONSTRUCTION_PERIOD,5efea35a006eb87a716226852d480b84d674fc96814b68c9cfe7e16a6837dae7,ab631c6026e3f7cf5cfcff7c6a506eb84b6eeb62f1afa5703fc48ef0897e25fa,0,0,0,9422.83115,322.0977,29.254574,255,hostname=wolsey.encs.concordia.ca / kernel=Linux 5.14.0-687.39.1.el9_8.x86_64,"EnergyPlus, Version 23.1.0-87ed9199d4, YMD=2026.08.31 09:08"
32125,IT.MidClim.MFH.01.Gen.ReEx.001.001,MFH,IT.01,DWELLING_LAYOUT_EMITTED_IMPUTED_COUNT,IMPUTED_CENSUS_SECTION_CONSTRUCTION_PERIOD,80ee5b5e3cb7ac5f5e36754806a58a4fd362f9c4f1a55c30b99dc1ab1bdfc039,ab631c6026e3f7cf5cfcff7c6a506eb84b6eeb62f1afa5703fc48ef0897e25fa,0,0,0,36893.747448,457.8865,80.574001,990,hostname=stellar.encs.concordia.ca / kernel=Linux 5.14.0-687.39.1.el9_8.x86_64,"EnergyPlus, Version 23.1.0-87ed9199d4, YMD=2026.08.31 09:10"
32130,IT.MidClim.MFH.01.Gen.ReEx.001.001,MFH,IT.01,DWELLING_LAYOUT_EMITTED_IMPUTED_COUNT,IMPUTED_CENSUS_SECTION_CONSTRUCTION_PERIOD,8d1b5f46ac7bde9b034b6649075b49500945505a0df993361a7346937cf66563,ab631c6026e3f7cf5cfcff7c6a506eb84b6eeb62f1afa5703fc48ef0897e25fa,0,0,0,32257.545833,664.074,48.575228,2649,hostname=magic-node-06.encs.concordia.ca / kernel=Linux 5.14.0-687.39.1.el9_8.x86_64,"EnergyPlus, Version 23.1.0-87ed9199d4, YMD=2026.08.31 09:10"
32131,IT.MidClim.AB.01.Gen.ReEx.001.001,AB,IT.01,FALLBACK_PENDING_LAYOUT_MISSING_DWELLING_COUNT,IMPUTED_CENSUS_SECTION_CONSTRUCTION_PERIOD,50370f1dc0011f2a7724798647e75bebf82861a0cc49bbc9b3b4a67a13877bf5,ab631c6026e3f7cf5cfcff7c6a506eb84b6eeb62f1afa5703fc48ef0897e25fa,0,0,0,215001.86629,4158.1374,51.706292,34,hostname=speed-32.encs.concordia.ca / kernel=Linux 5.14.0-687.39.1.el9_8.x86_64,"EnergyPlus, Version 23.1.0-87ed9199d4, YMD=2026.08.31 09:12"
32135,IT.MidClim.AB.01.Gen.ReEx.001.001,AB,IT.01,FALLBACK_PENDING_LAYOUT_MISSING_DWELLING_COUNT,IMPUTED_CENSUS_SECTION_CONSTRUCTION_PERIOD,617cb1c4146ad0fb10fe42fcaff6cb764a4fe639d97a767853648386b08d2180,ab631c6026e3f7cf5cfcff7c6a506eb84b6eeb62f1afa5703fc48ef0897e25fa,0,0,0,29415.610369,449.3047,65.46918,1829,hostname=speed-29.encs.concordia.ca / kernel=Linux 5.14.0-687.39.1.el9_8.x86_64,"EnergyPlus, Version 23.1.0-87ed9199d4, YMD=2026.08.31 09:12"
32138,IT.MidClim.AB.01.Gen.ReEx.001.001,AB,IT.01,FALLBACK_PENDING_LAYOUT_MISSING_DWELLING_COUNT,IMPUTED_CENSUS_SECTION_CONSTRUCTION_PERIOD,23c4200d32cab6f6731ac6c5fc119b0d7f4a69482b8e3eabb8a13aec8328308b,ab631c6026e3f7cf5cfcff7c6a506eb84b6eeb62f1afa5703fc48ef0897e25fa,0,0,0,46576.841245,652.6358,71.367279,4319,hostname=speed-32.encs.concordia.ca / kernel=Linux 5.14.0-687.39.1.el9_8.x86_64,"EnergyPlus, Version 23.1.0-87ed9199d4, YMD=2026.08.31 09:12"
32142,IT.MidClim.AB.01.Gen.ReEx.001.001,AB,IT.01,FALLBACK_PENDING_LAYOUT_MISSING_DWELLING_COUNT,IMPUTED_CENSUS_SECTION_CONSTRUCTION_PERIOD,78c47250ae2544d253dd5daa075305c28d8f4c96bb8f4be8f35899cd13397905,ab631c6026e3f7cf5cfcff7c6a506eb84b6eeb62f1afa5703fc48ef0897e25fa,0,0,0,22190.593273,414.9026,53.483862,2363,hostname=wolsey.encs.concordia.ca / kernel=Linux 5.14.0-687.39.1.el9_8.x86_64,"EnergyPlus, Version 23.1.0-87ed9199d4, YMD=2026.08.31 09:13"
32144,IT.MidClim.AB.01.Gen.ReEx.001.001,AB,IT.01,DWELLING_LAYOUT_EMITTED_IMPUTED_COUNT,IMPUTED_CENSUS_SECTION_CONSTRUCTION_PERIOD,0f8caf346b401249621260bf2bd7b3b155f6c216a74f8148eee929a129df786e,ab631c6026e3f7cf5cfcff7c6a506eb84b6eeb62f1afa5703fc48ef0897e25fa,1,34,1,,1099.371,,5,hostname=magic-node-03.encs.concordia.ca / kernel=Linux 5.14.0-687.39.1.el9_8.x86_64,"EnergyPlus, Version 23.1.0-87ed9199d4, YMD=2026.08.31 09:13"
32146,IT.MidClim.AB.03.Gen.ReEx.001.001,AB,IT.03,DWELLING_LAYOUT_EMITTED_IMPUTED_COUNT,IMPUTED_CENSUS_SECTION_CONSTRUCTION_PERIOD,a1d715247d66f4a80093dd0326cd0b10fe2f18838c571c6be3ed191e1cdb7e71,ab631c6026e3f7cf5cfcff7c6a506eb84b6eeb62f1afa5703fc48ef0897e25fa,0,0,0,47673.046466,758.6016,62.843324,828,hostname=magic-node-03.encs.concordia.ca / kernel=Linux 5.14.0-687.39.1.el9_8.x86_64,"EnergyPlus, Version 23.1.0-87ed9199d4, YMD=2026.08.31 09:13"
32149,IT.MidClim.AB.01.Gen.ReEx.001.001,AB,IT.01,FALLBACK_PENDING_LAYOUT_MISSING_DWELLING_COUNT,IMPUTED_CENSUS_SECTION_CONSTRUCTION_PERIOD,e830a443f5d73f91aa7f7651a0679a0386b4091824b9f346cefa5e8b0238461d,ab631c6026e3f7cf5cfcff7c6a506eb84b6eeb62f1afa5703fc48ef0897e25fa,0,0,0,34957.102153,625.4431,55.891738,1164,hostname=speed-41.encs.concordia.ca / kernel=Linux 5.14.0-687.39.1.el9_8.x86_64,"EnergyPlus, Version 23.1.0-87ed9199d4, YMD=2026.08.31 09:14"
32151,IT.MidClim.AB.01.Gen.ReEx.001.001,AB,IT.01,DWELLING_LAYOUT_EMITTED_IMPUTED_COUNT,IMPUTED_CENSUS_SECTION_CONSTRUCTION_PERIOD,51fcd00917aae8c6aed2ee8325b49b113c76897415b1e02407e32040520cc825,ab631c6026e3f7cf5cfcff7c6a506eb84b6eeb62f1afa5703fc48ef0897e25fa,0,0,0,,865.5303,,7222,hostname=magic-node-10.encs.concordia.ca / kernel=Linux 5.14.0-687.39.1.el9_8.x86_64,"EnergyPlus, Version 23.1.0-87ed9199d4, YMD=2026.08.31 09:14"
32156,IT.MidClim.TH.01.Gen.ReEx.001.001,TH,IT.01,DWELLING_LAYOUT_EMITTED_IMPUTED_COUNT,IMPUTED_CENSUS_SECTION_CONSTRUCTION_PERIOD,dbce7f85e2395763033ad856446c36f26ab92dbd7423a9a8dbf9e30a60f29f27,ab631c6026e3f7cf5cfcff7c6a506eb84b6eeb62f1afa5703fc48ef0897e25fa,0,0,0,2272.823415,20.5941,110.362843,19,hostname=antenna2.encs.concordia.ca / kernel=Linux 5.14.0-687.36.1.el9_8.x86_64,"EnergyPlus, Version 23.1.0-87ed9199d4, YMD=2026.08.31 09:15"
32160,IT.MidClim.AB.01.Gen.ReEx.001.001,AB,IT.01,DWELLING_LAYOUT_EMITTED_IMPUTED_COUNT,IMPUTED_CENSUS_SECTION_CONSTRUCTION_PERIOD,5e87a930e24202cd3fcfc197b4f8f43aa732acdf773d5ae184ea628ff0bd1cd7,ab631c6026e3f7cf5cfcff7c6a506eb84b6eeb62f1afa5703fc48ef0897e25fa,0,0,0,46323.962033,742.2464,62.410491,2089,hostname=antenna2.encs.concordia.ca / kernel=Linux 5.14.0-687.36.1.el9_8.x86_64,"EnergyPlus, Version 23.1.0-87ed9199d4, YMD=2026.08.31 09:15"
32163,IT.MidClim.MFH.01.Gen.ReEx.001.001,MFH,IT.01,DWELLING_LAYOUT_EMITTED_IMPUTED_COUNT,IMPUTED_CENSUS_SECTION_CONSTRUCTION_PERIOD,547ed837d7e1036007ca606b2c170f78ed9761b82b129d8b86d5528e7e59d62f,ab631c6026e3f7cf5cfcff7c6a506eb84b6eeb62f1afa5703fc48ef0897e25fa,0,0,0,39531.419843,462.9395,85.392195,1271,hostname=speed-08.encs.concordia.ca / kernel=Linux 5.14.0-687.39.1.el9_8.x86_64,"EnergyPlus, Version 23.1.0-87ed9199d4, YMD=2026.08.31 09:20"
32165,IT.MidClim.AB.03.Gen.ReEx.001.001,AB,IT.03,DWELLING_LAYOUT_EMITTED_IMPUTED_COUNT,IMPUTED_CENSUS_SECTION_CONSTRUCTION_PERIOD,ec8d139684f9bda5c9d7e5f74c6e108bfa93087b30f9e48c1ad9008d27f72117,ab631c6026e3f7cf5cfcff7c6a506eb84b6eeb62f1afa5703fc48ef0897e25fa,0,0,0,208577.457755,3811.6128,54.721576,2540,hostname=speed-41.encs.concordia.ca / kernel=Linux 5.14.0-687.39.1.el9_8.x86_64,"EnergyPlus, Version 23.1.0-87ed9199d4, YMD=2026.08.31 09:20"
32166,IT.MidClim.MFH.01.Gen.ReEx.001.001,MFH,IT.01,DWELLING_LAYOUT_EMITTED_IMPUTED_COUNT,IMPUTED_CENSUS_SECTION_CONSTRUCTION_PERIOD,f989cad37b512aed6b5b4fff59ae072a3a06c2535f0d87e4f87b8662e117a3c7,ab631c6026e3f7cf5cfcff7c6a506eb84b6eeb62f1afa5703fc48ef0897e25fa,1,9,1,,478.9723,,3,hostname=magic-node-09.encs.concordia.ca / kernel=Linux 5.14.0-687.39.1.el9_8.x86_64,"EnergyPlus, Version 23.1.0-87ed9199d4, YMD=2026.08.31 09:21"
32167,IT.MidClim.MFH.01.Gen.ReEx.001.001,MFH,IT.01,DWELLING_LAYOUT_EMITTED_IMPUTED_COUNT,IMPUTED_CENSUS_SECTION_CONSTRUCTION_PERIOD,6d97cb8e773d644ba6de7bcef921f192a841ce623b7a5a1e4a233caffa3e4377,ab631c6026e3f7cf5cfcff7c6a506eb84b6eeb62f1afa5703fc48ef0897e25fa,0,0,0,34554.01795,1268.8036,27.233543,573,hostname=magic-node-09.encs.concordia.ca / kernel=Linux 5.14.0-687.39.1.el9_8.x86_64,"EnergyPlus, Version 23.1.0-87ed9199d4, YMD=2026.08.31 09:21"
32171,IT.MidClim.AB.01.Gen.ReEx.001.001,AB,IT.01,DWELLING_LAYOUT_EMITTED_IMPUTED_COUNT,IMPUTED_CENSUS_SECTION_CONSTRUCTION_PERIOD,b6a9cc2455db21506f32c0f7f1353e6ddacbf22d131bf60e704d04dfe6150583,ab631c6026e3f7cf5cfcff7c6a506eb84b6eeb62f1afa5703fc48ef0897e25fa,0,0,0,367660.414555,7776.54,47.278149,780,hostname=speed-41.encs.concordia.ca / kernel=Linux 5.14.0-687.39.1.el9_8.x86_64,"EnergyPlus, Version 23.1.0-87ed9199d4, YMD=2026.08.31 09:21"
32173,IT.MidClim.AB.01.Gen.ReEx.001.001,AB,IT.01,FALLBACK_PENDING_LAYOUT_MISSING_DWELLING_COUNT,IMPUTED_CENSUS_SECTION_CONSTRUCTION_PERIOD,5261da1ff59820f58a5447ed3ce2eab3001138736db19203549de9f1af76d253,ab631c6026e3f7cf5cfcff7c6a506eb84b6eeb62f1afa5703fc48ef0897e25fa,0,0,0,45951.69415,875.9778,52.457601,1128,hostname=magic.encs.concordia.ca / kernel=Linux 5.14.0-687.39.1.el9_8.x86_64,"EnergyPlus, Version 23.1.0-87ed9199d4, YMD=2026.08.31 09:23"
32175,IT.MidClim.AB.01.Gen.ReEx.001.001,AB,IT.01,FALLBACK_PENDING_LAYOUT_MISSING_DWELLING_COUNT,IMPUTED_CENSUS_SECTION_CONSTRUCTION_PERIOD,b0175e0ed8dd39ae0b918f9a40ef3f9f206957770f47be6e506dcc81616f1b6f,ab631c6026e3f7cf5cfcff7c6a506eb84b6eeb62f1afa5703fc48ef0897e25fa,0,0,0,92483.125166,1655.0411,55.879655,1847,hostname=magic-node-05.encs.concordia.ca / kernel=Linux 5.14.0-687.39.1.el9_8.x86_64,"EnergyPlus, Version 23.1.0-87ed9199d4, YMD=2026.08.31 09:23"
32176,IT.MidClim.AB.01.Gen.ReEx.001.001,AB,IT.01,FALLBACK_PENDING_LAYOUT_MISSING_DWELLING_COUNT,IMPUTED_CENSUS_SECTION_CONSTRUCTION_PERIOD,cc35a383f8c797b150e94e5b3f698026cb941408b927299d458f2b679ce167aa,ab631c6026e3f7cf5cfcff7c6a506eb84b6eeb62f1afa5703fc48ef0897e25fa,0,0,0,25771.813975,499.0315,51.643662,456,hostname=speed-34.encs.concordia.ca / kernel=Linux 5.14.0-687.39.1.el9_8.x86_64,"EnergyPlus, Version 23.1.0-87ed9199d4, YMD=2026.08.31 09:24"
32177,IT.MidClim.MFH.01.Gen.ReEx.001.001,MFH,IT.01,DWELLING_LAYOUT_EMITTED_IMPUTED_COUNT,IMPUTED_CENSUS_SECTION_CONSTRUCTION_PERIOD,72d30a851eddce7b0a20f28d045117dd6e2c784bee7f6600a39d191f5636d45e,ab631c6026e3f7cf5cfcff7c6a506eb84b6eeb62f1afa5703fc48ef0897e25fa,1,7,1,,794.0268,,3,hostname=magic-node-02.encs.concordia.ca / kernel=Linux 5.14.0-687.39.1.el9_8.x86_64,"EnergyPlus, Version 23.1.0-87ed9199d4, YMD=2026.08.31 09:24"
32183,IT.MidClim.AB.01.Gen.ReEx.001.001,AB,IT.01,FALLBACK_PENDING_LAYOUT_MISSING_DWELLING_COUNT,IMPUTED_CENSUS_SECTION_CONSTRUCTION_PERIOD,e8f391b7b5f3797bafbc2d944a250e8ca52e9f42d4ed894e40ed77530a197a78,ab631c6026e3f7cf5cfcff7c6a506eb84b6eeb62f1afa5703fc48ef0897e25fa,0,0,0,98804.57054,2116.5444,46.682021,3504,hostname=magic-node-02.encs.concordia.ca / kernel=Linux 5.14.0-687.39.1.el9_8.x86_64,"EnergyPlus, Version 23.1.0-87ed9199d4, YMD=2026.08.31 09:25"
32184,IT.MidClim.MFH.01.Gen.ReEx.001.001,MFH,IT.01,DWELLING_LAYOUT_EMITTED_IMPUTED_COUNT,IMPUTED_CENSUS_SECTION_CONSTRUCTION_PERIOD,e196d5ca6b39963cda184507a174f3398cbfbcb6d7d6f28e82a20002ae0241ad,ab631c6026e3f7cf5cfcff7c6a506eb84b6eeb62f1afa5703fc48ef0897e25fa,1,4,1,,448.7276,,3,hostname=speed-15.encs.concordia.ca / kernel=Linux 5.14.0-687.39.1.el9_8.x86_64,"EnergyPlus, Version 23.1.0-87ed9199d4, YMD=2026.08.31 09:26"
32185,IT.MidClim.AB.03.Gen.ReEx.001.001,AB,IT.03,FALLBACK_PENDING_LAYOUT_MISSING_DWELLING_COUNT,IMPUTED_CENSUS_SECTION_CONSTRUCTION_PERIOD,2680851342203d52e3bf0342fcf9fdd6136da67929109984a35a0a2fa55b8e1a,ab631c6026e3f7cf5cfcff7c6a506eb84b6eeb62f1afa5703fc48ef0897e25fa,0,0,0,102275.22249,1881.0358,54.371758,25,hostname=speed-15.encs.concordia.ca / kernel=Linux 5.14.0-687.39.1.el9_8.x86_64,"EnergyPlus, Version 23.1.0-87ed9199d4, YMD=2026.08.31 09:26"
32188,IT.MidClim.AB.01.Gen.ReEx.001.001,AB,IT.01,DWELLING_LAYOUT_EMITTED_IMPUTED_COUNT,IMPUTED_CENSUS_SECTION_CONSTRUCTION_PERIOD,ffa3d16ff1d35c63d0028885533e000e71cd56e3fdca00d14833b447597c9b86,ab631c6026e3f7cf5cfcff7c6a506eb84b6eeb62f1afa5703fc48ef0897e25fa,0,0,0,88107.546025,1125.306,78.296522,1235,hostname=speed-36.encs.concordia.ca / kernel=Linux 5.14.0-687.39.1.el9_8.x86_64,"EnergyPlus, Version 23.1.0-87ed9199d4, YMD=2026.08.31 09:26"
32191,IT.MidClim.AB.01.Gen.ReEx.001.001,AB,IT.01,FALLBACK_PENDING_LAYOUT_MISSING_DWELLING_COUNT,IMPUTED_CENSUS_SECTION_CONSTRUCTION_PERIOD,3ca9fee10c337ba81eca12a96e8a9c448d3e4e6f20730e4fd910550c3b80f50d,ab631c6026e3f7cf5cfcff7c6a506eb84b6eeb62f1afa5703fc48ef0897e25fa,0,0,0,18919.883652,324.5084,58.303217,1433,hostname=speed-15.encs.concordia.ca / kernel=Linux 5.14.0-687.39.1.el9_8.x86_64,"EnergyPlus, Version 23.1.0-87ed9199d4, YMD=2026.08.31 09:26"
32192,IT.MidClim.MFH.01.Gen.ReEx.001.001,MFH,IT.01,DWELLING_LAYOUT_EMITTED_IMPUTED_COUNT,IMPUTED_CENSUS_SECTION_CONSTRUCTION_PERIOD,ad55f57a037e48ca9ff4618c732e12bc7f7078398f92010f7b954a3db19eb532,ab631c6026e3f7cf5cfcff7c6a506eb84b6eeb62f1afa5703fc48ef0897e25fa,1,3,1,,336.8892,,3,hostname=stellar.encs.concordia.ca / kernel=Linux 5.14.0-687.39.1.el9_8.x86_64,"EnergyPlus, Version 23.1.0-87ed9199d4, YMD=2026.08.31 09:26"
32194,IT.MidClim.AB.01.Gen.ReEx.001.001,AB,IT.01,DWELLING_LAYOUT_EMITTED_IMPUTED_COUNT,IMPUTED_CENSUS_SECTION_CONSTRUCTION_PERIOD,b12f2ef6cc36228f40d2996167cf229fcfeddd48778947a946e5343c32cdbdb2,ab631c6026e3f7cf5cfcff7c6a506eb84b6eeb62f1afa5703fc48ef0897e25fa,1,48,1,,3956.3681,,4,hostname=stellar.encs.concordia.ca / kernel=Linux 5.14.0-687.39.1.el9_8.x86_64,"EnergyPlus, Version 23.1.0-87ed9199d4, YMD=2026.08.31 09:26"
32197,IT.MidClim.MFH.01.Gen.ReEx.001.001,MFH,IT.01,DWELLING_LAYOUT_EMITTED_IMPUTED_COUNT,IMPUTED_CENSUS_SECTION_CONSTRUCTION_PERIOD,2b118bf96279fa4505ebd770ebb8adc7f8625381485152f2ec175a01edfbda46,ab631c6026e3f7cf5cfcff7c6a506eb84b6eeb62f1afa5703fc48ef0897e25fa,0,0,0,41108.197624,801.192,51.308797,1022,hostname=stellar.encs.concordia.ca / kernel=Linux 5.14.0-687.39.1.el9_8.x86_64,"EnergyPlus, Version 23.1.0-87ed9199d4, YMD=2026.08.31 09:26"
32202,IT.MidClim.AB.01.Gen.ReEx.001.001,AB,IT.01,FALLBACK_PENDING_LAYOUT_MISSING_DWELLING_COUNT,IMPUTED_CENSUS_SECTION_CONSTRUCTION_PERIOD,de6db7e94ef15673d9433c7b689f35ef1238c3dff3cbd4a35f9a2a5bb30b60af,ab631c6026e3f7cf5cfcff7c6a506eb84b6eeb62f1afa5703fc48ef0897e25fa,0,0,0,91168.851024,1810.4443,50.35717,3580,hostname=magic-node-03.encs.concordia.ca / kernel=Linux 5.14.0-687.39.1.el9_8.x86_64,"EnergyPlus, Version 23.1.0-87ed9199d4, YMD=2026.08.31 09:27"
32207,IT.MidClim.MFH.01.Gen.ReEx.001.001,MFH,IT.01,DWELLING_LAYOUT_EMITTED_IMPUTED_COUNT,IMPUTED_CENSUS_SECTION_CONSTRUCTION_PERIOD,24beccb7bc9f2f48ace9561405ac0c8f0df04d7d88699dce59a1e870a8b703fe,ab631c6026e3f7cf5cfcff7c6a506eb84b6eeb62f1afa5703fc48ef0897e25fa,0,0,0,16761.500178,261.53,64.090162,822,hostname=speed-08.encs.concordia.ca / kernel=Linux 5.14.0-687.39.1.el9_8.x86_64,"EnergyPlus, Version 23.1.0-87ed9199d4, YMD=2026.08.31 09:28"
32208,IT.MidClim.AB.03.Gen.ReEx.001.001,AB,IT.03,FALLBACK_PENDING_LAYOUT_MISSING_DWELLING_COUNT,IMPUTED_CENSUS_SECTION_CONSTRUCTION_PERIOD,bebd5c0168d6be27d65e7e5240f930ae1b2cd4f6169cfe15090bcac567a2b8ad,ab631c6026e3f7cf5cfcff7c6a506eb84b6eeb62f1afa5703fc48ef0897e25fa,0,0,0,107604.563785,1926.5664,55.853026,2659,hostname=magic-node-07.encs.concordia.ca / kernel=Linux 5.14.0-687.39.1.el9_8.x86_64,"EnergyPlus, Version 23.1.0-87ed9199d4, YMD=2026.08.31 09:28"
32209,IT.MidClim.AB.03.Gen.ReEx.001.001,AB,IT.03,FALLBACK_PENDING_LAYOUT_MISSING_DWELLING_COUNT,IMPUTED_CENSUS_SECTION_CONSTRUCTION_PERIOD,1025b91a348a5b424e817dbe7071938215cd4b21227d0220066417a8b11413df,ab631c6026e3f7cf5cfcff7c6a506eb84b6eeb62f1afa5703fc48ef0897e25fa,0,0,0,90181.307343,1891.5332,47.676302,1816,hostname=speed-15.encs.concordia.ca / kernel=Linux 5.14.0-687.39.1.el9_8.x86_64,"EnergyPlus, Version 23.1.0-87ed9199d4, YMD=2026.08.31 09:28"
32210,IT.MidClim.AB.01.Gen.ReEx.001.001,AB,IT.01,FALLBACK_PENDING_LAYOUT_MISSING_DWELLING_COUNT,IMPUTED_CENSUS_SECTION_CONSTRUCTION_PERIOD,cbbe82c5ae63e72dad46d55db830edf6a04f39651f3eb1ee7dd147a6fa5c141f,ab631c6026e3f7cf5cfcff7c6a506eb84b6eeb62f1afa5703fc48ef0897e25fa,0,0,0,96234.477374,2003.1495,48.041585,509,hostname=speed-29.encs.concordia.ca / kernel=Linux 5.14.0-687.39.1.el9_8.x86_64,"EnergyPlus, Version 23.1.0-87ed9199d4, YMD=2026.08.31 09:30"
32211,IT.MidClim.AB.01.Gen.ReEx.001.001,AB,IT.01,FALLBACK_PENDING_LAYOUT_MISSING_DWELLING_COUNT,IMPUTED_CENSUS_SECTION_CONSTRUCTION_PERIOD,b81656f7f2a3be4ac1975a3acba7a54b6cfdf37f85f5c10f8a5ed31a96c85154,ab631c6026e3f7cf5cfcff7c6a506eb84b6eeb62f1afa5703fc48ef0897e25fa,0,0,0,194832.177167,4142.33,47.034441,1292,hostname=magic-node-09.encs.concordia.ca / kernel=Linux 5.14.0-687.39.1.el9_8.x86_64,"EnergyPlus, Version 23.1.0-87ed9199d4, YMD=2026.08.31 09:30"
32218,IT.MidClim.AB.01.Gen.ReEx.001.001,AB,IT.01,DWELLING_LAYOUT_EMITTED_IMPUTED_COUNT,IMPUTED_CENSUS_SECTION_CONSTRUCTION_PERIOD,aec3520b93efbfad4f61616f559ac8d820726ca94f1c400039404581d0ebbf7c,ab631c6026e3f7cf5cfcff7c6a506eb84b6eeb62f1afa5703fc48ef0897e25fa,0,0,0,120228.689045,2291.244,52.473106,1061,hostname=speed-41.encs.concordia.ca / kernel=Linux 5.14.0-687.39.1.el9_8.x86_64,"EnergyPlus, Version 23.1.0-87ed9199d4, YMD=2026.08.31 09:31"
32220,IT.MidClim.MFH.01.Gen.ReEx.001.001,MFH,IT.01,DWELLING_LAYOUT_EMITTED_IMPUTED_COUNT,IMPUTED_CENSUS_SECTION_CONSTRUCTION_PERIOD,f414add65a73b45cd5db0422f8df222dd35c2fa190f6c9f3b46c2be68afa27d6,ab631c6026e3f7cf5cfcff7c6a506eb84b6eeb62f1afa5703fc48ef0897e25fa,1,2,1,,241.6131,,2,hostname=speed-34.encs.concordia.ca / kernel=Linux 5.14.0-687.39.1.el9_8.x86_64,"EnergyPlus, Version 23.1.0-87ed9199d4, YMD=2026.08.31 09:31"
32227,IT.MidClim.TH.01.Gen.ReEx.001.001,TH,IT.01,DWELLING_LAYOUT_EMITTED_IMPUTED_COUNT,IMPUTED_CENSUS_SECTION_CONSTRUCTION_PERIOD,e71125dfe2509c3ec4767a3bf175cb3c5b31ba884a57e9d05fa1a60a36dd0e0d,ab631c6026e3f7cf5cfcff7c6a506eb84b6eeb62f1afa5703fc48ef0897e25fa,0,0,0,6148.869672,31.3942,195.860053,47,hostname=speed-34.encs.concordia.ca / kernel=Linux 5.14.0-687.39.1.el9_8.x86_64,"EnergyPlus, Version 23.1.0-87ed9199d4, YMD=2026.08.31 09:31"
32230,IT.MidClim.MFH.03.Gen.ReEx.001.001,MFH,IT.03,FALLBACK_PENDING_LAYOUT_MISSING_DWELLING_COUNT,IMPUTED_CENSUS_SECTION_CONSTRUCTION_PERIOD,832fc72ed3d284646b96f08d3c5f035a90314c4f11a54df7006843ffa2c6d423,ab631c6026e3f7cf5cfcff7c6a506eb84b6eeb62f1afa5703fc48ef0897e25fa,0,0,0,11553.029025,154.687,74.68649,422,hostname=speed-34.encs.concordia.ca / kernel=Linux 5.14.0-687.39.1.el9_8.x86_64,"EnergyPlus, Version 23.1.0-87ed9199d4, YMD=2026.08.31 09:32"
32233,IT.MidClim.MFH.01.Gen.ReEx.001.001,MFH,IT.01,DWELLING_LAYOUT_EMITTED_IMPUTED_COUNT,IMPUTED_CENSUS_SECTION_CONSTRUCTION_PERIOD,87201f80a9fbddfd375e3b54f15c0c58d001a4ff559f5dbb4afed8de1dd37558,ab631c6026e3f7cf5cfcff7c6a506eb84b6eeb62f1afa5703fc48ef0897e25fa,0,0,0,74181.757409,1270.6791,58.379616,233,hostname=speed-41.encs.concordia.ca / kernel=Linux 5.14.0-687.39.1.el9_8.x86_64,"EnergyPlus, Version 23.1.0-87ed9199d4, YMD=2026.08.31 09:34"
32243,IT.MidClim.MFH.01.Gen.ReEx.001.001,MFH,IT.01,DWELLING_LAYOUT_EMITTED_IMPUTED_COUNT,IMPUTED_CENSUS_SECTION_CONSTRUCTION_PERIOD,e01d1f285f4143a4744b9f4de0d5c0b901f4340d511bbe1b32d1c25ba076c2ad,ab631c6026e3f7cf5cfcff7c6a506eb84b6eeb62f1afa5703fc48ef0897e25fa,0,0,0,27262.363313,364.9587,74.699859,762,hostname=speed-41.encs.concordia.ca / kernel=Linux 5.14.0-687.39.1.el9_8.x86_64,"EnergyPlus, Version 23.1.0-87ed9199d4, YMD=2026.08.31 09:34"
32244,IT.MidClim.AB.03.Gen.ReEx.001.001,AB,IT.03,DWELLING_LAYOUT_EMITTED_IMPUTED_COUNT,IMPUTED_CENSUS_SECTION_CONSTRUCTION_PERIOD,f11328c846274bd1f78396ec1735dd45a204ab5355599f167661953acb72c1a4,ab631c6026e3f7cf5cfcff7c6a506eb84b6eeb62f1afa5703fc48ef0897e25fa,0,0,0,29541.296546,448.5969,65.852654,642,hostname=speed-24.encs.concordia.ca / kernel=Linux 5.14.0-687.39.1.el9_8.x86_64,"EnergyPlus, Version 23.1.0-87ed9199d4, YMD=2026.08.31 09:36"
32245,IT.MidClim.AB.03.Gen.ReEx.001.001,AB,IT.03,FALLBACK_PENDING_LAYOUT_MISSING_DWELLING_COUNT,IMPUTED_CENSUS_SECTION_CONSTRUCTION_PERIOD,be0427a2bcfe9193cd73f16f5be7084280cfaeeaa453b33cf396d8ee5c3bf683,ab631c6026e3f7cf5cfcff7c6a506eb84b6eeb62f1afa5703fc48ef0897e25fa,0,0,0,63481.063717,1213.8844,52.295807,3320,hostname=speed-41.encs.concordia.ca / kernel=Linux 5.14.0-687.39.1.el9_8.x86_64,"EnergyPlus, Version 23.1.0-87ed9199d4, YMD=2026.08.31 09:37"
32247,IT.MidClim.AB.01.Gen.ReEx.001.001,AB,IT.01,FALLBACK_PENDING_LAYOUT_MISSING_DWELLING_COUNT,IMPUTED_CENSUS_SECTION_CONSTRUCTION_PERIOD,9911208276892d16dde186b77fd0a5ccbacf24b3386c56f57a1616ffcf384343,ab631c6026e3f7cf5cfcff7c6a506eb84b6eeb62f1afa5703fc48ef0897e25fa,0,0,0,50199.092563,839.5544,59.792543,866,hostname=speed-24.encs.concordia.ca / kernel=Linux 5.14.0-687.39.1.el9_8.x86_64,"EnergyPlus, Version 23.1.0-87ed9199d4, YMD=2026.08.31 09:38"
32248,IT.MidClim.MFH.01.Gen.ReEx.001.001,MFH,IT.01,DWELLING_LAYOUT_EMITTED_IMPUTED_COUNT,IMPUTED_CENSUS_SECTION_CONSTRUCTION_PERIOD,006ab3d85dfe20065d2b184def4663b5cf456f3bbfa732ca483430c7f6a52a55,ab631c6026e3f7cf5cfcff7c6a506eb84b6eeb62f1afa5703fc48ef0897e25fa,0,0,0,3229.472259,107.3847,30.073858,490,hostname=speed-34.encs.concordia.ca / kernel=Linux 5.14.0-687.39.1.el9_8.x86_64,"EnergyPlus, Version 23.1.0-87ed9199d4, YMD=2026.08.31 09:39"
32251,IT.MidClim.AB.03.Gen.ReEx.001.001,AB,IT.03,FALLBACK_PENDING_LAYOUT_MISSING_DWELLING_COUNT,IMPUTED_CENSUS_SECTION_CONSTRUCTION_PERIOD,e792789845126253716b4dc4487ce8dea2cadf370710ca3485890ce153372d29,ab631c6026e3f7cf5cfcff7c6a506eb84b6eeb62f1afa5703fc48ef0897e25fa,0,0,0,45366.307243,782.3827,57.984804,824,hostname=magic.encs.concordia.ca / kernel=Linux 5.14.0-687.39.1.el9_8.x86_64,"EnergyPlus, Version 23.1.0-87ed9199d4, YMD=2026.08.31 09:41"
32257,IT.MidClim.AB.01.Gen.ReEx.001.001,AB,IT.01,DWELLING_LAYOUT_EMITTED_IMPUTED_COUNT,IMPUTED_CENSUS_SECTION_CONSTRUCTION_PERIOD,4abfda4c4f37d8c438c857cf0585a5cbfa37cbd2a7de762096f7661c71314dcf,ab631c6026e3f7cf5cfcff7c6a506eb84b6eeb62f1afa5703fc48ef0897e25fa,0,0,0,84084.2534,1216.9885,69.092069,605,hostname=speed-08.encs.concordia.ca / kernel=Linux 5.14.0-687.39.1.el9_8.x86_64,"EnergyPlus, Version 23.1.0-87ed9199d4, YMD=2026.08.31 09:41"
32258,IT.MidClim.TH.01.Gen.ReEx.001.001,TH,IT.01,DWELLING_LAYOUT_EMITTED_IMPUTED_COUNT,IMPUTED_CENSUS_SECTION_CONSTRUCTION_PERIOD,749e0242a52e1ea1aae52c8bb8ef06d9b35157a10a2344755d5e31d5c7b0c731,ab631c6026e3f7cf5cfcff7c6a506eb84b6eeb62f1afa5703fc48ef0897e25fa,0,0,0,5354.501929,49.676,107.788508,267,hostname=speed-08.encs.concordia.ca / kernel=Linux 5.14.0-687.39.1.el9_8.x86_64,"EnergyPlus, Version 23.1.0-87ed9199d4, YMD=2026.08.31 09:41"
32259,IT.MidClim.AB.03.Gen.ReEx.001.001,AB,IT.03,FALLBACK_PENDING_LAYOUT_MISSING_DWELLING_COUNT,IMPUTED_CENSUS_SECTION_CONSTRUCTION_PERIOD,b3b0f4e4f40f43be3dc2dab80670d501e41a799844b2b5f3bb58fb5093cfc1ca,ab631c6026e3f7cf5cfcff7c6a506eb84b6eeb62f1afa5703fc48ef0897e25fa,0,0,0,50680.697116,1431.8007,35.396475,649,hostname=speed-29.encs.concordia.ca / kernel=Linux 5.14.0-687.39.1.el9_8.x86_64,"EnergyPlus, Version 23.1.0-87ed9199d4, YMD=2026.08.31 09:43"
32261,IT.MidClim.AB.01.Gen.ReEx.001.001,AB,IT.01,FALLBACK_PENDING_LAYOUT_MISSING_DWELLING_COUNT,IMPUTED_CENSUS_SECTION_CONSTRUCTION_PERIOD,2cda6eb2d856853fc696e97229c79461e0cd2aeaf5c58bc5d7f081efb6e0c929,ab631c6026e3f7cf5cfcff7c6a506eb84b6eeb62f1afa5703fc48ef0897e25fa,0,0,0,80435.036733,1358.7641,59.197205,127,hostname=stellar.encs.concordia.ca / kernel=Linux 5.14.0-687.39.1.el9_8.x86_64,"EnergyPlus, Version 23.1.0-87ed9199d4, YMD=2026.08.31 09:43"
32263,IT.MidClim.MFH.01.Gen.ReEx.001.001,MFH,IT.01,DWELLING_LAYOUT_EMITTED_IMPUTED_COUNT,IMPUTED_CENSUS_SECTION_CONSTRUCTION_PERIOD,fa6f7bd388380d6a9b956cd03070f26f7b94aa5ca1828a4ee416938eb3b171fc,ab631c6026e3f7cf5cfcff7c6a506eb84b6eeb62f1afa5703fc48ef0897e25fa,0,0,0,25016.043426,352.0468,71.058858,1081,hostname=speed-29.encs.concordia.ca / kernel=Linux 5.14.0-687.39.1.el9_8.x86_64,"EnergyPlus, Version 23.1.0-87ed9199d4, YMD=2026.08.31 09:44"
32266,IT.MidClim.AB.01.Gen.ReEx.001.001,AB,IT.01,FALLBACK_PENDING_LAYOUT_MISSING_DWELLING_COUNT,IMPUTED_CENSUS_SECTION_CONSTRUCTION_PERIOD,4c5fd8591221e81f1b17b40344bc5ed3a1632ee6d2925f3ea721a8e792ccfbb8,ab631c6026e3f7cf5cfcff7c6a506eb84b6eeb62f1afa5703fc48ef0897e25fa,0,0,0,222890.486221,4769.6121,46.731365,1540,hostname=stellar.encs.concordia.ca / kernel=Linux 5.14.0-687.39.1.el9_8.x86_64,"EnergyPlus, Version 23.1.0-87ed9199d4, YMD=2026.08.31 09:46"
32272,IT.MidClim.MFH.01.Gen.ReEx.001.001,MFH,IT.01,DWELLING_LAYOUT_EMITTED_IMPUTED_COUNT,IMPUTED_CENSUS_SECTION_CONSTRUCTION_PERIOD,006829c41ca25c2f3d9b26ba5f82311516992575aef219e827bf7e023c86fc92,ab631c6026e3f7cf5cfcff7c6a506eb84b6eeb62f1afa5703fc48ef0897e25fa,0,0,0,19725.504026,219.9326,89.688859,13,hostname=speed-08.encs.concordia.ca / kernel=Linux 5.14.0-687.39.1.el9_8.x86_64,"EnergyPlus, Version 23.1.0-87ed9199d4, YMD=2026.08.31 09:46"
32277,IT.MidClim.AB.01.Gen.ReEx.001.001,AB,IT.01,DWELLING_LAYOUT_EMITTED_IMPUTED_COUNT,IMPUTED_CENSUS_SECTION_CONSTRUCTION_PERIOD,6aa46790231e2af72a09c297df482edbf27946d9d5d11c5bff81d81b1bf592cd,ab631c6026e3f7cf5cfcff7c6a506eb84b6eeb62f1afa5703fc48ef0897e25fa,1,24,1,,1391.9698,,3,hostname=speed-08.encs.concordia.ca / kernel=Linux 5.14.0-687.39.1.el9_8.x86_64,"EnergyPlus, Version 23.1.0-87ed9199d4, YMD=2026.08.31 09:46"
32278,IT.MidClim.AB.01.Gen.ReEx.001.001,AB,IT.01,FALLBACK_PENDING_LAYOUT_MISSING_DWELLING_COUNT,IMPUTED_CENSUS_SECTION_CONSTRUCTION_PERIOD,9fb0ff39555e3a60eca9fa66d94d471ed6c3e6f8171456c1c330078102bbcfeb,ab631c6026e3f7cf5cfcff7c6a506eb84b6eeb62f1afa5703fc48ef0897e25fa,0,0,0,45832.527722,1087.5075,42.144562,407,hostname=speed-08.encs.concordia.ca / kernel=Linux 5.14.0-687.39.1.el9_8.x86_64,"EnergyPlus, Version 23.1.0-87ed9199d4, YMD=2026.08.31 09:46"
32279,IT.MidClim.MFH.03.Gen.ReEx.001.001,MFH,IT.03,FALLBACK_PENDING_LAYOUT_MISSING_DWELLING_COUNT,IMPUTED_CENSUS_SECTION_CONSTRUCTION_PERIOD,f0e6b1203445f6fd4293760352588d2b5977b22a91988a03e8f703ab236e3310,ab631c6026e3f7cf5cfcff7c6a506eb84b6eeb62f1afa5703fc48ef0897e25fa,0,0,0,35406.069783,595.3972,59.466302,2144,hostname=speed-36.encs.concordia.ca / kernel=Linux 5.14.0-687.39.1.el9_8.x86_64,"EnergyPlus, Version 23.1.0-87ed9199d4, YMD=2026.08.31 09:47"
32280,IT.MidClim.AB.01.Gen.ReEx.001.001,AB,IT.01,FALLBACK_PENDING_LAYOUT_MISSING_DWELLING_COUNT,IMPUTED_CENSUS_SECTION_CONSTRUCTION_PERIOD,477100b4a1461b064c35e0139d920dad283ab15cf9977a2ac8fe431d37cae1ae,ab631c6026e3f7cf5cfcff7c6a506eb84b6eeb62f1afa5703fc48ef0897e25fa,0,0,0,61540.618655,958.425,64.210156,24,hostname=speed-41.encs.concordia.ca / kernel=Linux 5.14.0-687.39.1.el9_8.x86_64,"EnergyPlus, Version 23.1.0-87ed9199d4, YMD=2026.08.31 09:47"
32282,IT.MidClim.MFH.01.Gen.ReEx.001.001,MFH,IT.01,DWELLING_LAYOUT_EMITTED_IMPUTED_COUNT,IMPUTED_CENSUS_SECTION_CONSTRUCTION_PERIOD,c59cf300d219aa2201568017930565b399ca2477f45257bc001cb95ff68b3ac6,ab631c6026e3f7cf5cfcff7c6a506eb84b6eeb62f1afa5703fc48ef0897e25fa,0,0,0,14406.820139,169.0185,85.238126,4686,hostname=magic-node-08.encs.concordia.ca / kernel=Linux 5.14.0-687.39.1.el9_8.x86_64,"EnergyPlus, Version 23.1.0-87ed9199d4, YMD=2026.08.31 09:47"
32283,IT.MidClim.MFH.01.Gen.ReEx.001.001,MFH,IT.01,DWELLING_LAYOUT_EMITTED_IMPUTED_COUNT,IMPUTED_CENSUS_SECTION_CONSTRUCTION_PERIOD,35af77a8a462f118c48bc801a64dbd4a63f75ead54458388656d104f219f5457,ab631c6026e3f7cf5cfcff7c6a506eb84b6eeb62f1afa5703fc48ef0897e25fa,0,0,0,9473.810719,126.3754,74.965624,749,hostname=speed-41.encs.concordia.ca / kernel=Linux 5.14.0-687.39.1.el9_8.x86_64,"EnergyPlus, Version 23.1.0-87ed9199d4, YMD=2026.08.31 09:47"
32284,IT.MidClim.MFH.01.Gen.ReEx.001.001,MFH,IT.01,DWELLING_LAYOUT_EMITTED_IMPUTED_COUNT,IMPUTED_CENSUS_SECTION_CONSTRUCTION_PERIOD,eae497eab501579c41c1be523a8fa626c7e428e42990b93eb373617998bcb81e,ab631c6026e3f7cf5cfcff7c6a506eb84b6eeb62f1afa5703fc48ef0897e25fa,1,3,1,,361.4747,,3,hostname=speed-24.encs.concordia.ca / kernel=Linux 5.14.0-687.39.1.el9_8.x86_64,"EnergyPlus, Version 23.1.0-87ed9199d4, YMD=2026.08.31 09:47"
32289,IT.MidClim.AB.03.Gen.ReEx.001.001,AB,IT.03,FALLBACK_PENDING_LAYOUT_MISSING_DWELLING_COUNT,IMPUTED_CENSUS_SECTION_CONSTRUCTION_PERIOD,fa24168eb9b9845d4c92fcbcc0840845124f9b541ceed91845ef61dd31f19e22,ab631c6026e3f7cf5cfcff7c6a506eb84b6eeb62f1afa5703fc48ef0897e25fa,0,0,0,29740.515087,685.5226,43.383712,715,hostname=speed-24.encs.concordia.ca / kernel=Linux 5.14.0-687.39.1.el9_8.x86_64,"EnergyPlus, Version 23.1.0-87ed9199d4, YMD=2026.08.31 09:47"
32293,IT.MidClim.MFH.03.Gen.ReEx.001.001,MFH,IT.03,FALLBACK_PENDING_LAYOUT_MISSING_DWELLING_COUNT,IMPUTED_CENSUS_SECTION_CONSTRUCTION_PERIOD,19ba217d5399d60065236d6bd1ffb1bbca9efd9b7d55676f19303ce99485bdb9,ab631c6026e3f7cf5cfcff7c6a506eb84b6eeb62f1afa5703fc48ef0897e25fa,0,0,0,44059.625086,824.6896,53.425707,1676,hostname=speed-34.encs.concordia.ca / kernel=Linux 5.14.0-687.39.1.el9_8.x86_64,"EnergyPlus, Version 23.1.0-87ed9199d4, YMD=2026.08.31 09:47"
32300,IT.MidClim.MFH.01.Gen.ReEx.001.001,MFH,IT.01,DWELLING_LAYOUT_EMITTED_IMPUTED_COUNT,IMPUTED_CENSUS_SECTION_CONSTRUCTION_PERIOD,7fb2edf10e92669c2a30a4fb0eef389396bc2d3d4424e312290d8399e8c95f72,ab631c6026e3f7cf5cfcff7c6a506eb84b6eeb62f1afa5703fc48ef0897e25fa,0,0,0,24244.50609,262.7816,92.261049,1064,hostname=speed-41.encs.concordia.ca / kernel=Linux 5.14.0-687.39.1.el9_8.x86_64,"EnergyPlus, Version 23.1.0-87ed9199d4, YMD=2026.08.31 09:49"
32305,IT.MidClim.AB.01.Gen.ReEx.001.001,AB,IT.01,FALLBACK_PENDING_LAYOUT_MISSING_DWELLING_COUNT,IMPUTED_CENSUS_SECTION_CONSTRUCTION_PERIOD,15c2db0ecffa60c24e0b8802eca793c93be9e01e9d5d7ef5801d5b9e632e3644,ab631c6026e3f7cf5cfcff7c6a506eb84b6eeb62f1afa5703fc48ef0897e25fa,0,0,0,25950.753478,486.2613,53.367919,1215,hostname=speed-35.encs.concordia.ca / kernel=Linux 5.14.0-687.39.1.el9_8.x86_64,"EnergyPlus, Version 23.1.0-87ed9199d4, YMD=2026.08.31 09:49"
32306,IT.MidClim.MFH.03.Gen.ReEx.001.001,MFH,IT.03,DWELLING_LAYOUT_EMITTED_IMPUTED_COUNT,IMPUTED_CENSUS_SECTION_CONSTRUCTION_PERIOD,4d4eabc886b9926448c0fbe9ca303f4b3b793e8bdae53fcaf70a35b821994541,ab631c6026e3f7cf5cfcff7c6a506eb84b6eeb62f1afa5703fc48ef0897e25fa,0,0,0,4271.631855,88.0018,48.540278,317,hostname=speed-15.encs.concordia.ca / kernel=Linux 5.14.0-687.39.1.el9_8.x86_64,"EnergyPlus, Version 23.1.0-87ed9199d4, YMD=2026.08.31 09:50"
32309,IT.MidClim.MFH.01.Gen.ReEx.001.001,MFH,IT.01,DWELLING_LAYOUT_EMITTED_IMPUTED_COUNT,IMPUTED_CENSUS_SECTION_CONSTRUCTION_PERIOD,4d77416745010cfc6b566b5c253647de1fcafa59265cf75fc47247040f23b8d8,ab631c6026e3f7cf5cfcff7c6a506eb84b6eeb62f1afa5703fc48ef0897e25fa,1,2,1,,187.5908,,3,hostname=antenna2.encs.concordia.ca / kernel=Linux 5.14.0-687.36.1.el9_8.x86_64,"EnergyPlus, Version 23.1.0-87ed9199d4, YMD=2026.08.31 09:50"
32316,IT.MidClim.AB.03.Gen.ReEx.001.001,AB,IT.03,FALLBACK_PENDING_LAYOUT_MISSING_DWELLING_COUNT,IMPUTED_CENSUS_SECTION_CONSTRUCTION_PERIOD,1d21f47124e059f4bcf6b8d630eb62abe01ea98028fd8dad0dda0ec2ec89cae8,ab631c6026e3f7cf5cfcff7c6a506eb84b6eeb62f1afa5703fc48ef0897e25fa,0,0,0,49355.645556,967.0343,51.038154,1206,hostname=antenna2.encs.concordia.ca / kernel=Linux 5.14.0-687.36.1.el9_8.x86_64,"EnergyPlus, Version 23.1.0-87ed9199d4, YMD=2026.08.31 09:50"
32326,IT.MidClim.AB.03.Gen.ReEx.001.001,AB,IT.03,FALLBACK_PENDING_LAYOUT_MISSING_DWELLING_COUNT,IMPUTED_CENSUS_SECTION_CONSTRUCTION_PERIOD,8899df5e6a2152753cb427c4f669ee4b476cf292df463711a0a01aa5d7a1cb56,ab631c6026e3f7cf5cfcff7c6a506eb84b6eeb62f1afa5703fc48ef0897e25fa,0,0,0,117789.618791,2196.1523,53.63454,31,hostname=speed-08.encs.concordia.ca / kernel=Linux 5.14.0-687.39.1.el9_8.x86_64,"EnergyPlus, Version 23.1.0-87ed9199d4, YMD=2026.08.31 09:52"
32328,IT.MidClim.MFH.03.Gen.ReEx.001.001,MFH,IT.03,FALLBACK_PENDING_LAYOUT_MISSING_DWELLING_COUNT,IMPUTED_CENSUS_SECTION_CONSTRUCTION_PERIOD,02fd31e121dddc426b32eec50ca54ed0e5a2f4b2809bbe874533a770bc2d1ec5,ab631c6026e3f7cf5cfcff7c6a506eb84b6eeb62f1afa5703fc48ef0897e25fa,0,0,0,40762.510373,810.3512,50.302277,3231,hostname=magic-node-09.encs.concordia.ca / kernel=Linux 5.14.0-687.39.1.el9_8.x86_64,"EnergyPlus, Version 23.1.0-87ed9199d4, YMD=2026.08.31 09:52"
32334,IT.MidClim.MFH.01.Gen.ReEx.001.001,MFH,IT.01,DWELLING_LAYOUT_EMITTED_IMPUTED_COUNT,IMPUTED_CENSUS_SECTION_CONSTRUCTION_PERIOD,0ece009c4d5d85456626b7dab98ba60fe8310fb38454218ca7c444db0726e225,ab631c6026e3f7cf5cfcff7c6a506eb84b6eeb62f1afa5703fc48ef0897e25fa,0,0,0,18511.223723,354.1795,52.265091,1582,hostname=wolsey.encs.concordia.ca / kernel=Linux 5.14.0-687.39.1.el9_8.x86_64,"EnergyPlus, Version 23.1.0-87ed9199d4, YMD=2026.08.31 09:52"
32336,IT.MidClim.MFH.01.Gen.ReEx.001.001,MFH,IT.01,DWELLING_LAYOUT_EMITTED_IMPUTED_COUNT,IMPUTED_CENSUS_SECTION_CONSTRUCTION_PERIOD,54f0c97c8b6638c7ab78e0b9450101190df0ec03f886c7a9946bb7e7169ae6d6,ab631c6026e3f7cf5cfcff7c6a506eb84b6eeb62f1afa5703fc48ef0897e25fa,0,0,0,61870.288695,962.6258,64.272419,469,hostname=speed-08.encs.concordia.ca / kernel=Linux 5.14.0-687.39.1.el9_8.x86_64,"EnergyPlus, Version 23.1.0-87ed9199d4, YMD=2026.08.31 09:52"
32339,IT.MidClim.AB.01.Gen.ReEx.001.001,AB,IT.01,FALLBACK_PENDING_LAYOUT_MISSING_DWELLING_COUNT,IMPUTED_CENSUS_SECTION_CONSTRUCTION_PERIOD,80ac811c044af5ec16873a7b438ac2a22e1131e8cc0b4f0a7a900ed92fdf63d9,ab631c6026e3f7cf5cfcff7c6a506eb84b6eeb62f1afa5703fc48ef0897e25fa,0,0,0,382332.204663,7925.071,48.243379,1164,hostname=speed-11.encs.concordia.ca / kernel=Linux 5.14.0-687.39.1.el9_8.x86_64,"EnergyPlus, Version 23.1.0-87ed9199d4, YMD=2026.08.31 09:52"
32341,IT.MidClim.MFH.01.Gen.ReEx.001.001,MFH,IT.01,DWELLING_LAYOUT_EMITTED_IMPUTED_COUNT,IMPUTED_CENSUS_SECTION_CONSTRUCTION_PERIOD,d7e9153ca7c4cbecd73922dee9e02098f7bf0554d3a1095fdf874c037b3e31ab,ab631c6026e3f7cf5cfcff7c6a506eb84b6eeb62f1afa5703fc48ef0897e25fa,0,0,0,22331.545936,246.8456,90.467669,2314,hostname=speed-24.encs.concordia.ca / kernel=Linux 5.14.0-687.39.1.el9_8.x86_64,"EnergyPlus, Version 23.1.0-87ed9199d4, YMD=2026.08.31 09:53"
32343,IT.MidClim.AB.03.Gen.ReEx.001.001,AB,IT.03,FALLBACK_PENDING_LAYOUT_MISSING_DWELLING_COUNT,IMPUTED_CENSUS_SECTION_CONSTRUCTION_PERIOD,55744583f558392968e23730bad43587e83304c456f634200dd77b12fe28ec82,ab631c6026e3f7cf5cfcff7c6a506eb84b6eeb62f1afa5703fc48ef0897e25fa,0,0,0,25060.063125,318.2194,78.750897,168,hostname=speed-08.encs.concordia.ca / kernel=Linux 5.14.0-687.39.1.el9_8.x86_64,"EnergyPlus, Version 23.1.0-87ed9199d4, YMD=2026.08.31 09:53"
32345,IT.MidClim.AB.01.Gen.ReEx.001.001,AB,IT.01,FALLBACK_PENDING_LAYOUT_MISSING_DWELLING_COUNT,IMPUTED_CENSUS_SECTION_CONSTRUCTION_PERIOD,528796867715499442a84f199b3450c3a6bcf77e24cb236b6e7dc1ff82c1ca6f,ab631c6026e3f7cf5cfcff7c6a506eb84b6eeb62f1afa5703fc48ef0897e25fa,0,0,0,15879.322822,325.3547,48.806189,2223,hostname=magic-node-05.encs.concordia.ca / kernel=Linux 5.14.0-687.39.1.el9_8.x86_64,"EnergyPlus, Version 23.1.0-87ed9199d4, YMD=2026.08.31 09:53"
32347,IT.MidClim.AB.01.Gen.ReEx.001.001,AB,IT.01,DWELLING_LAYOUT_EMITTED_IMPUTED_COUNT,IMPUTED_CENSUS_SECTION_CONSTRUCTION_PERIOD,6271c026129eb11ea6be40cc3d374602902f5c31247b90a3c0fd71eddb4362c4,ab631c6026e3f7cf5cfcff7c6a506eb84b6eeb62f1afa5703fc48ef0897e25fa,1,20,1,,546.3003,,3,hostname=speed-29.encs.concordia.ca / kernel=Linux 5.14.0-687.39.1.el9_8.x86_64,"EnergyPlus, Version 23.1.0-87ed9199d4, YMD=2026.08.31 09:54"
32350,IT.MidClim.MFH.01.Gen.ReEx.001.001,MFH,IT.01,DWELLING_LAYOUT_EMITTED_IMPUTED_COUNT,IMPUTED_CENSUS_SECTION_CONSTRUCTION_PERIOD,142b85addb5bd4addbc262a593864962015ad87ce33fb94a8a4afa2628c79b30,ab631c6026e3f7cf5cfcff7c6a506eb84b6eeb62f1afa5703fc48ef0897e25fa,1,5,1,,541.2611,,2,hostname=speed-29.encs.concordia.ca / kernel=Linux 5.14.0-687.39.1.el9_8.x86_64,"EnergyPlus, Version 23.1.0-87ed9199d4, YMD=2026.08.31 09:54"
32355,IT.MidClim.AB.03.Gen.ReEx.001.001,AB,IT.03,FALLBACK_PENDING_LAYOUT_MISSING_DWELLING_COUNT,IMPUTED_CENSUS_SECTION_CONSTRUCTION_PERIOD,fea56e01d178ed3e06d15bc3b0d0c44c800121bacc9b64318f2bb6929cf2bcea,ab631c6026e3f7cf5cfcff7c6a506eb84b6eeb62f1afa5703fc48ef0897e25fa,0,0,0,775592.108425,21788.3026,35.59672,1009,hostname=speed-29.encs.concordia.ca / kernel=Linux 5.14.0-687.39.1.el9_8.x86_64,"EnergyPlus, Version 23.1.0-87ed9199d4, YMD=2026.08.31 09:54"
32356,IT.MidClim.AB.01.Gen.ReEx.001.001,AB,IT.01,DWELLING_LAYOUT_EMITTED_IMPUTED_COUNT,IMPUTED_CENSUS_SECTION_CONSTRUCTION_PERIOD,bbb9a98bf9ec49a00580d34c6055da82b03425db84f7a359845370c3ecbadc68,ab631c6026e3f7cf5cfcff7c6a506eb84b6eeb62f1afa5703fc48ef0897e25fa,0,0,0,108789.556246,1866.3378,58.290389,314,hostname=magic-node-06.encs.concordia.ca / kernel=Linux 5.14.0-687.39.1.el9_8.x86_64,"EnergyPlus, Version 23.1.0-87ed9199d4, YMD=2026.08.31 09:54"
32360,IT.MidClim.MFH.01.Gen.ReEx.001.001,MFH,IT.01,DWELLING_LAYOUT_EMITTED_IMPUTED_COUNT,IMPUTED_CENSUS_SECTION_CONSTRUCTION_PERIOD,7ad0f69f760f793b6d7e8f9fb00518e8d714af9d47412638553280d40766e9db,ab631c6026e3f7cf5cfcff7c6a506eb84b6eeb62f1afa5703fc48ef0897e25fa,0,0,0,98364.128318,1670.012,58.900252,2037,hostname=speed-11.encs.concordia.ca / kernel=Linux 5.14.0-687.39.1.el9_8.x86_64,"EnergyPlus, Version 23.1.0-87ed9199d4, YMD=2026.08.31 09:55"
32362,IT.MidClim.AB.03.Gen.ReEx.001.001,AB,IT.03,FALLBACK_PENDING_LAYOUT_MISSING_DWELLING_COUNT,IMPUTED_CENSUS_SECTION_CONSTRUCTION_PERIOD,687fa3c64850def0df52de75e49d4bcfc91d17350c633021730589f5bc758e49,ab631c6026e3f7cf5cfcff7c6a506eb84b6eeb62f1afa5703fc48ef0897e25fa,0,0,0,25225.534115,494.7895,50.982355,1292,hostname=magic.encs.concordia.ca / kernel=Linux 5.14.0-687.39.1.el9_8.x86_64,"EnergyPlus, Version 23.1.0-87ed9199d4, YMD=2026.08.31 09:55"
32363,IT.MidClim.MFH.01.Gen.ReEx.001.001,MFH,IT.01,DWELLING_LAYOUT_EMITTED_IMPUTED_COUNT,IMPUTED_CENSUS_SECTION_CONSTRUCTION_PERIOD,cbf4842a8c098a70f2c6bb8b75b07588e5538c31e6db1dafa44049665be6f7e1,ab631c6026e3f7cf5cfcff7c6a506eb84b6eeb62f1afa5703fc48ef0897e25fa,0,0,0,18274.855393,228.9998,79.802932,302,hostname=speed-15.encs.concordia.ca / kernel=Linux 5.14.0-687.39.1.el9_8.x86_64,"EnergyPlus, Version 23.1.0-87ed9199d4, YMD=2026.08.31 09:55"
32368,IT.MidClim.AB.03.Gen.ReEx.001.001,AB,IT.03,FALLBACK_PENDING_LAYOUT_MISSING_DWELLING_COUNT,IMPUTED_CENSUS_SECTION_CONSTRUCTION_PERIOD,7c5ae16b0ccaee7a2a94786fef4ec2aec68f9b793943a40b8461c06b44cb9870,ab631c6026e3f7cf5cfcff7c6a506eb84b6eeb62f1afa5703fc48ef0897e25fa,0,0,0,73617.997952,1402.9048,52.475405,1581,hostname=speed-08.encs.concordia.ca / kernel=Linux 5.14.0-687.39.1.el9_8.x86_64,"EnergyPlus, Version 23.1.0-87ed9199d4, YMD=2026.08.31 09:56"
32372,IT.MidClim.AB.03.Gen.ReEx.001.001,AB,IT.03,FALLBACK_PENDING_LAYOUT_MISSING_DWELLING_COUNT,IMPUTED_CENSUS_SECTION_CONSTRUCTION_PERIOD,e8d0773ed36d0e0b94a01fac7d5e93876ed1bd9e94b7da75359a1e1584699481,ab631c6026e3f7cf5cfcff7c6a506eb84b6eeb62f1afa5703fc48ef0897e25fa,0,0,0,68520.678259,1134.0511,60.421156,2668,hostname=speed-15.encs.concordia.ca / kernel=Linux 5.14.0-687.39.1.el9_8.x86_64,"EnergyPlus, Version 23.1.0-87ed9199d4, YMD=2026.08.31 09:58"
32374,IT.MidClim.MFH.01.Gen.ReEx.001.001,MFH,IT.01,DWELLING_LAYOUT_EMITTED_IMPUTED_COUNT,IMPUTED_CENSUS_SECTION_CONSTRUCTION_PERIOD,22deff5d20115ccf3731fd85e1f8a0e0ebd05d4389c1b033e5f1af02781b2137,ab631c6026e3f7cf5cfcff7c6a506eb84b6eeb62f1afa5703fc48ef0897e25fa,1,2,1,,692.9679,,2,hostname=speed-24.encs.concordia.ca / kernel=Linux 5.14.0-687.39.1.el9_8.x86_64,"EnergyPlus, Version 23.1.0-87ed9199d4, YMD=2026.08.31 09:59"
32376,IT.MidClim.MFH.01.Gen.ReEx.001.001,MFH,IT.01,DWELLING_LAYOUT_EMITTED_IMPUTED_COUNT,IMPUTED_CENSUS_SECTION_CONSTRUCTION_PERIOD,2aff99227b2c8d2cce78f1b5026d8ac1f3d1e166e1773c68c351c540724a9ddc,ab631c6026e3f7cf5cfcff7c6a506eb84b6eeb62f1afa5703fc48ef0897e25fa,0,0,0,9886.138866,141.1291,70.050322,2894,hostname=speed-24.encs.concordia.ca / kernel=Linux 5.14.0-687.39.1.el9_8.x86_64,"EnergyPlus, Version 23.1.0-87ed9199d4, YMD=2026.08.31 09:59"
32377,IT.MidClim.MFH.01.Gen.ReEx.001.001,MFH,IT.01,DWELLING_LAYOUT_EMITTED_IMPUTED_COUNT,IMPUTED_CENSUS_SECTION_CONSTRUCTION_PERIOD,10fa882888c3ba9bdaacfb6f7dd0c4de570982a36425f3d4a132854c8eeeedf3,ab631c6026e3f7cf5cfcff7c6a506eb84b6eeb62f1afa5703fc48ef0897e25fa,0,0,0,7482.501192,84.1699,88.897589,2842,hostname=magic-node-06.encs.concordia.ca / kernel=Linux 5.14.0-687.39.1.el9_8.x86_64,"EnergyPlus, Version 23.1.0-87ed9199d4, YMD=2026.08.31 09:59"
32380,IT.MidClim.AB.01.Gen.ReEx.001.001,AB,IT.01,FALLBACK_PENDING_LAYOUT_MISSING_DWELLING_COUNT,IMPUTED_CENSUS_SECTION_CONSTRUCTION_PERIOD,11162b9b9516d37c84c4cc87a834689529547e7a96d138c33bf8667ee88ea3d6,ab631c6026e3f7cf5cfcff7c6a506eb84b6eeb62f1afa5703fc48ef0897e25fa,0,0,0,21832.836451,419.5165,52.042855,432,hostname=speed-41.encs.concordia.ca / kernel=Linux 5.14.0-687.39.1.el9_8.x86_64,"EnergyPlus, Version 23.1.0-87ed9199d4, YMD=2026.08.31 10:00"
32385,IT.MidClim.MFH.01.Gen.ReEx.001.001,MFH,IT.01,DWELLING_LAYOUT_EMITTED_IMPUTED_COUNT,IMPUTED_CENSUS_SECTION_CONSTRUCTION_PERIOD,da5d40b8c9ba45a12d045e28757968499c9112b8feb6c296c97d9c81dac2199f,ab631c6026e3f7cf5cfcff7c6a506eb84b6eeb62f1afa5703fc48ef0897e25fa,0,0,0,19996.638819,401.6044,49.791882,101,hostname=speed-08.encs.concordia.ca / kernel=Linux 5.14.0-687.39.1.el9_8.x86_64,"EnergyPlus, Version 23.1.0-87ed9199d4, YMD=2026.08.31 10:00"
32387,IT.MidClim.MFH.01.Gen.ReEx.001.001,MFH,IT.01,DWELLING_LAYOUT_EMITTED_IMPUTED_COUNT,IMPUTED_CENSUS_SECTION_CONSTRUCTION_PERIOD,fb5858b99820cc8d15c66b61cc89c631e5c211b4e3606c4f0b89697a6255e8df,ab631c6026e3f7cf5cfcff7c6a506eb84b6eeb62f1afa5703fc48ef0897e25fa,0,0,0,82592.624543,1354.8674,60.959932,4934,hostname=speed-15.encs.concordia.ca / kernel=Linux 5.14.0-687.39.1.el9_8.x86_64,"EnergyPlus, Version 23.1.0-87ed9199d4, YMD=2026.08.31 10:00"
32388,IT.MidClim.AB.01.Gen.ReEx.001.001,AB,IT.01,FALLBACK_PENDING_LAYOUT_MISSING_DWELLING_COUNT,IMPUTED_CENSUS_SECTION_CONSTRUCTION_PERIOD,3453093ce46dd75d1d296cfe50dc8f39328208951c0c4b622c3e58cc73f5ff75,ab631c6026e3f7cf5cfcff7c6a506eb84b6eeb62f1afa5703fc48ef0897e25fa,0,0,0,,5876.346,,7201,hostname=magic-node-04.encs.concordia.ca / kernel=Linux 5.14.0-687.39.1.el9_8.x86_64,"EnergyPlus, Version 23.1.0-87ed9199d4, YMD=2026.08.31 10:01"
32390,IT.MidClim.AB.03.Gen.ReEx.001.001,AB,IT.03,FALLBACK_PENDING_LAYOUT_MISSING_DWELLING_COUNT,IMPUTED_CENSUS_SECTION_CONSTRUCTION_PERIOD,3692cf4bc1c02394c8d24bd6e69380b3ae618789081e18ef8d97293d8fe857d2,ab631c6026e3f7cf5cfcff7c6a506eb84b6eeb62f1afa5703fc48ef0897e25fa,0,0,0,20971.668436,347.396,60.368192,1997,hostname=speed-08.encs.concordia.ca / kernel=Linux 5.14.0-687.39.1.el9_8.x86_64,"EnergyPlus, Version 23.1.0-87ed9199d4, YMD=2026.08.31 10:02"
32391,IT.MidClim.AB.01.Gen.ReEx.001.001,AB,IT.01,FALLBACK_PENDING_LAYOUT_MISSING_DWELLING_COUNT,IMPUTED_CENSUS_SECTION_CONSTRUCTION_PERIOD,e7fbb0c6c0471dd4adb6212cddbdef6cf1fc472812dc4b0ae6972b63de2e682b,ab631c6026e3f7cf5cfcff7c6a506eb84b6eeb62f1afa5703fc48ef0897e25fa,0,0,0,28179.432692,657.6262,42.850228,675,hostname=speed-29.encs.concordia.ca / kernel=Linux 5.14.0-687.39.1.el9_8.x86_64,"EnergyPlus, Version 23.1.0-87ed9199d4, YMD=2026.08.31 10:02"
32392,IT.MidClim.AB.01.Gen.ReEx.001.001,AB,IT.01,FALLBACK_PENDING_LAYOUT_MISSING_DWELLING_COUNT,IMPUTED_CENSUS_SECTION_CONSTRUCTION_PERIOD,4de34b1aeb6a19ae3d43447194baa428980c99edfeae50e1155f46c867a912d7,ab631c6026e3f7cf5cfcff7c6a506eb84b6eeb62f1afa5703fc48ef0897e25fa,0,0,0,60708.019944,1209.7909,50.180589,3259,hostname=speed-41.encs.concordia.ca / kernel=Linux 5.14.0-687.39.1.el9_8.x86_64,"EnergyPlus, Version 23.1.0-87ed9199d4, YMD=2026.08.31 10:03"
32399,IT.MidClim.AB.01.Gen.ReEx.001.001,AB,IT.01,FALLBACK_PENDING_LAYOUT_MISSING_DWELLING_COUNT,IMPUTED_CENSUS_SECTION_CONSTRUCTION_PERIOD,6e3ea72984193e178609de87af62e7c90ce421e38abe83346381ebe0a93a3f5c,ab631c6026e3f7cf5cfcff7c6a506eb84b6eeb62f1afa5703fc48ef0897e25fa,0,0,0,53695.838405,1033.3714,51.9618,1970,hostname=speed-41.encs.concordia.ca / kernel=Linux 5.14.0-687.39.1.el9_8.x86_64,"EnergyPlus, Version 23.1.0-87ed9199d4, YMD=2026.08.31 10:06"
32400,IT.MidClim.AB.03.Gen.ReEx.001.001,AB,IT.03,FALLBACK_PENDING_LAYOUT_MISSING_DWELLING_COUNT,IMPUTED_CENSUS_SECTION_CONSTRUCTION_PERIOD,5866ddda39c6d9652553c025a223d97b0805efee0380ff95beddbb67294e5539,ab631c6026e3f7cf5cfcff7c6a506eb84b6eeb62f1afa5703fc48ef0897e25fa,0,0,0,78181.756248,1414.2657,55.280812,4158,hostname=speed-41.encs.concordia.ca / kernel=Linux 5.14.0-687.39.1.el9_8.x86_64,"EnergyPlus, Version 23.1.0-87ed9199d4, YMD=2026.08.31 10:07"
32401,IT.MidClim.TH.01.Gen.ReEx.001.001,TH,IT.01,DWELLING_LAYOUT_EMITTED_IMPUTED_COUNT,IMPUTED_CENSUS_SECTION_CONSTRUCTION_PERIOD,8d902b339af4734df7555b48473346662554b29d0d097cc562e9f2c90ee81acb,ab631c6026e3f7cf5cfcff7c6a506eb84b6eeb62f1afa5703fc48ef0897e25fa,0,0,0,4307.212949,40.2749,106.945342,19,hostname=speed-35.encs.concordia.ca / kernel=Linux 5.14.0-687.39.1.el9_8.x86_64,"EnergyPlus, Version 23.1.0-87ed9199d4, YMD=2026.08.31 10:09"
32408,IT.MidClim.AB.03.Gen.ReEx.001.001,AB,IT.03,FALLBACK_PENDING_LAYOUT_MISSING_DWELLING_COUNT,IMPUTED_CENSUS_SECTION_CONSTRUCTION_PERIOD,8be09e637d4dabf6e7d91ba074655e0f361407f67f53ba1f40797bcaf20e5412,ab631c6026e3f7cf5cfcff7c6a506eb84b6eeb62f1afa5703fc48ef0897e25fa,0,0,0,59759.631128,1304.7425,45.801858,2238,hostname=speed-35.encs.concordia.ca / kernel=Linux 5.14.0-687.39.1.el9_8.x86_64,"EnergyPlus, Version 23.1.0-87ed9199d4, YMD=2026.08.31 10:10"
32409,IT.MidClim.MFH.01.Gen.ReEx.001.001,MFH,IT.01,DWELLING_LAYOUT_EMITTED_IMPUTED_COUNT,IMPUTED_CENSUS_SECTION_CONSTRUCTION_PERIOD,d07019d9508565c40f47c0474095135f4281a1f0ff716f6f5cc50ca0b6b21c2c,ab631c6026e3f7cf5cfcff7c6a506eb84b6eeb62f1afa5703fc48ef0897e25fa,0,0,0,12916.172184,208.5406,61.936008,618,hostname=antenna2.encs.concordia.ca / kernel=Linux 5.14.0-687.36.1.el9_8.x86_64,"EnergyPlus, Version 23.1.0-87ed9199d4, YMD=2026.08.31 10:10"
32411,IT.MidClim.AB.03.Gen.ReEx.001.001,AB,IT.03,FALLBACK_PENDING_LAYOUT_MISSING_DWELLING_COUNT,IMPUTED_CENSUS_SECTION_CONSTRUCTION_PERIOD,ca282fc6718dd9738065c9c218171bbd5215187e982bb72a399a9a17cc5bcc66,ab631c6026e3f7cf5cfcff7c6a506eb84b6eeb62f1afa5703fc48ef0897e25fa,0,0,0,17245.221529,293.9762,58.661965,919,hostname=speed-29.encs.concordia.ca / kernel=Linux 5.14.0-687.39.1.el9_8.x86_64,"EnergyPlus, Version 23.1.0-87ed9199d4, YMD=2026.08.31 10:10"
32415,IT.MidClim.AB.01.Gen.ReEx.001.001,AB,IT.01,DWELLING_LAYOUT_EMITTED_IMPUTED_COUNT,IMPUTED_CENSUS_SECTION_CONSTRUCTION_PERIOD,c1e4d26a03123c339ff2cd4ecc473c821c8f171a0d65a2819b9af7d74d2d03eb,ab631c6026e3f7cf5cfcff7c6a506eb84b6eeb62f1afa5703fc48ef0897e25fa,0,1,0,123160.179222,1286.2301,95.752836,1765,hostname=stellar.encs.concordia.ca / kernel=Linux 5.14.0-687.39.1.el9_8.x86_64,"EnergyPlus, Version 23.1.0-87ed9199d4, YMD=2026.08.31 10:11"
32416,IT.MidClim.AB.01.Gen.ReEx.001.001,AB,IT.01,DWELLING_LAYOUT_EMITTED_IMPUTED_COUNT,IMPUTED_CENSUS_SECTION_CONSTRUCTION_PERIOD,b55e392cbb781e7a52832f93cf762ed9dbc808229b2f21efbd6846bb5f13b18e,ab631c6026e3f7cf5cfcff7c6a506eb84b6eeb62f1afa5703fc48ef0897e25fa,1,9,1,,1146.5775,,3,hostname=speed-11.encs.concordia.ca / kernel=Linux 5.14.0-687.39.1.el9_8.x86_64,"EnergyPlus, Version 23.1.0-87ed9199d4, YMD=2026.08.31 10:12"
32422,IT.MidClim.TH.03.Gen.ReEx.001.001,TH,IT.03,DWELLING_LAYOUT_EMITTED_IMPUTED_COUNT,IMPUTED_CENSUS_SECTION_CONSTRUCTION_PERIOD,f5eb10500ba0ddbfec822ad2640cd398d0de1918a27e81b189fd5ad768a8fd04,ab631c6026e3f7cf5cfcff7c6a506eb84b6eeb62f1afa5703fc48ef0897e25fa,0,0,0,3116.281221,39.8744,78.152429,46,hostname=speed-11.encs.concordia.ca / kernel=Linux 5.14.0-687.39.1.el9_8.x86_64,"EnergyPlus, Version 23.1.0-87ed9199d4, YMD=2026.08.31 10:12"
32423,IT.MidClim.MFH.01.Gen.ReEx.001.001,MFH,IT.01,DWELLING_LAYOUT_EMITTED_IMPUTED_COUNT,IMPUTED_CENSUS_SECTION_CONSTRUCTION_PERIOD,a3cc56a39456d12aa13ae47f80d28dc8f892cb83d48151ddac29b23aaaebb705,ab631c6026e3f7cf5cfcff7c6a506eb84b6eeb62f1afa5703fc48ef0897e25fa,1,8,1,,359.0182,,4,hostname=magic-node-07.encs.concordia.ca / kernel=Linux 5.14.0-687.39.1.el9_8.x86_64,"EnergyPlus, Version 23.1.0-87ed9199d4, YMD=2026.08.31 10:12"
32424,IT.MidClim.AB.01.Gen.ReEx.001.001,AB,IT.01,DWELLING_LAYOUT_EMITTED_IMPUTED_COUNT,IMPUTED_CENSUS_SECTION_CONSTRUCTION_PERIOD,78c55f39d6e8cb1e4dca7ae472c248411f2d12ed2f9e3775f03dd8cb8a8c7e9e,ab631c6026e3f7cf5cfcff7c6a506eb84b6eeb62f1afa5703fc48ef0897e25fa,1,25,1,,2217.4764,,4,hostname=magic-node-07.encs.concordia.ca / kernel=Linux 5.14.0-687.39.1.el9_8.x86_64,"EnergyPlus, Version 23.1.0-87ed9199d4, YMD=2026.08.31 10:12"
32425,IT.MidClim.AB.01.Gen.ReEx.001.001,AB,IT.01,DWELLING_LAYOUT_EMITTED_IMPUTED_COUNT,IMPUTED_CENSUS_SECTION_CONSTRUCTION_PERIOD,844b4c9da0730efed9555476176591cd9fc38edd363e2de468a8486f23528946,ab631c6026e3f7cf5cfcff7c6a506eb84b6eeb62f1afa5703fc48ef0897e25fa,1,4,1,,127.216,,4,hostname=magic-node-07.encs.concordia.ca / kernel=Linux 5.14.0-687.39.1.el9_8.x86_64,"EnergyPlus, Version 23.1.0-87ed9199d4, YMD=2026.08.31 10:12"
32435,IT.MidClim.AB.01.Gen.ReEx.001.001,AB,IT.01,FALLBACK_PENDING_LAYOUT_MISSING_DWELLING_COUNT,IMPUTED_CENSUS_SECTION_CONSTRUCTION_PERIOD,7abd0d1d88112579ae750c85189d19123e4fd83f6805d27e2a25f82169fd6d85,ab631c6026e3f7cf5cfcff7c6a506eb84b6eeb62f1afa5703fc48ef0897e25fa,0,0,0,39483.163888,769.9269,51.281705,2496,hostname=magic-node-07.encs.concordia.ca / kernel=Linux 5.14.0-687.39.1.el9_8.x86_64,"EnergyPlus, Version 23.1.0-87ed9199d4, YMD=2026.08.31 10:12"
32436,IT.MidClim.MFH.01.Gen.ReEx.001.001,MFH,IT.01,DWELLING_LAYOUT_EMITTED_IMPUTED_COUNT,IMPUTED_CENSUS_SECTION_CONSTRUCTION_PERIOD,45949b7f0cd24d5057cf2a16e0ef2c26265a6435e599c33a7c4728b78f6677c7,ab631c6026e3f7cf5cfcff7c6a506eb84b6eeb62f1afa5703fc48ef0897e25fa,1,5,1,,556.958,,2,hostname=speed-11.encs.concordia.ca / kernel=Linux 5.14.0-687.39.1.el9_8.x86_64,"EnergyPlus, Version 23.1.0-87ed9199d4, YMD=2026.08.31 10:12"
32437,IT.MidClim.AB.01.Gen.ReEx.001.001,AB,IT.01,DWELLING_LAYOUT_EMITTED_IMPUTED_COUNT,IMPUTED_CENSUS_SECTION_CONSTRUCTION_PERIOD,085fcb6fd9187233d99f96f2c185baee49391fc6259f1abb28f62bcf29700a04,ab631c6026e3f7cf5cfcff7c6a506eb84b6eeb62f1afa5703fc48ef0897e25fa,1,27,1,,712.2516,,2,hostname=speed-11.encs.concordia.ca / kernel=Linux 5.14.0-687.39.1.el9_8.x86_64,"EnergyPlus, Version 23.1.0-87ed9199d4, YMD=2026.08.31 10:13"
32444,IT.MidClim.MFH.01.Gen.ReEx.001.001,MFH,IT.01,DWELLING_LAYOUT_EMITTED_IMPUTED_COUNT,IMPUTED_CENSUS_SECTION_CONSTRUCTION_PERIOD,7031d7a5e884861326e0b22a942263b35dc1d096e56af4e87053247e687e5f11,ab631c6026e3f7cf5cfcff7c6a506eb84b6eeb62f1afa5703fc48ef0897e25fa,0,0,0,87615.805231,1405.0382,62.358308,451,hostname=speed-11.encs.concordia.ca / kernel=Linux 5.14.0-687.39.1.el9_8.x86_64,"EnergyPlus, Version 23.1.0-87ed9199d4, YMD=2026.08.31 10:13"
32446,IT.MidClim.MFH.01.Gen.ReEx.001.001,MFH,IT.01,DWELLING_LAYOUT_EMITTED_IMPUTED_COUNT,IMPUTED_CENSUS_SECTION_CONSTRUCTION_PERIOD,73a955fc474b255547d59d18782be96c1611aaf373ff1f7b06bc7d06a00a5683,ab631c6026e3f7cf5cfcff7c6a506eb84b6eeb62f1afa5703fc48ef0897e25fa,1,2,1,,964.0864,,2,hostname=speed-29.encs.concordia.ca / kernel=Linux 5.14.0-687.39.1.el9_8.x86_64,"EnergyPlus, Version 23.1.0-87ed9199d4, YMD=2026.08.31 10:13"
32447,IT.MidClim.AB.03.Gen.ReEx.001.001,AB,IT.03,FALLBACK_PENDING_LAYOUT_MISSING_DWELLING_COUNT,IMPUTED_CENSUS_SECTION_CONSTRUCTION_PERIOD,775390fc4760dab9b69a192626865d210d7cac9efdbd4daa358f816a88ee7de1,ab631c6026e3f7cf5cfcff7c6a506eb84b6eeb62f1afa5703fc48ef0897e25fa,0,0,0,83529.524847,1934.1102,43.187573,2147,hostname=speed-29.encs.concordia.ca / kernel=Linux 5.14.0-687.39.1.el9_8.x86_64,"EnergyPlus, Version 23.1.0-87ed9199d4, YMD=2026.08.31 10:13"
32448,IT.MidClim.MFH.01.Gen.ReEx.001.001,MFH,IT.01,DWELLING_LAYOUT_EMITTED_IMPUTED_COUNT,IMPUTED_CENSUS_SECTION_CONSTRUCTION_PERIOD,c39d84e7f50834ea7d56427cd4eb3c6a6a97de75deca7c94f320c1e252b972e0,ab631c6026e3f7cf5cfcff7c6a506eb84b6eeb62f1afa5703fc48ef0897e25fa,0,0,0,137156.043816,2440.1324,56.208443,4830,hostname=speed-35.encs.concordia.ca / kernel=Linux 5.14.0-687.39.1.el9_8.x86_64,"EnergyPlus, Version 23.1.0-87ed9199d4, YMD=2026.08.31 10:15"
32450,IT.MidClim.MFH.01.Gen.ReEx.001.001,MFH,IT.01,DWELLING_LAYOUT_EMITTED_IMPUTED_COUNT,IMPUTED_CENSUS_SECTION_CONSTRUCTION_PERIOD,1895ef6a4e8abbaf973916ac240e5be07b60dd0e216a442898d6aa1d1b6d44b8,ab631c6026e3f7cf5cfcff7c6a506eb84b6eeb62f1afa5703fc48ef0897e25fa,1,3,1,,390.4786,,3,hostname=magic.encs.concordia.ca / kernel=Linux 5.14.0-687.39.1.el9_8.x86_64,"EnergyPlus, Version 23.1.0-87ed9199d4, YMD=2026.08.31 10:17"
32453,IT.MidClim.MFH.03.Gen.ReEx.001.001,MFH,IT.03,DWELLING_LAYOUT_EMITTED_IMPUTED_COUNT,IMPUTED_CENSUS_SECTION_CONSTRUCTION_PERIOD,50a728652b87b69969a9cdd2002661c2feb4aa00020d5dcb5d1d97fecf143483,ab631c6026e3f7cf5cfcff7c6a506eb84b6eeb62f1afa5703fc48ef0897e25fa,0,1,0,7648.678967,110.7467,69.064622,168,hostname=magic.encs.concordia.ca / kernel=Linux 5.14.0-687.39.1.el9_8.x86_64,"EnergyPlus, Version 23.1.0-87ed9199d4, YMD=2026.08.31 10:17"
32454,IT.MidClim.AB.01.Gen.ReEx.001.001,AB,IT.01,FALLBACK_PENDING_LAYOUT_MISSING_DWELLING_COUNT,IMPUTED_CENSUS_SECTION_CONSTRUCTION_PERIOD,af21a8b7d5e39640ee893b14511c599c8ab43b570a34cef232e4b83754684c83,ab631c6026e3f7cf5cfcff7c6a506eb84b6eeb62f1afa5703fc48ef0897e25fa,0,0,0,23788.268128,466.7633,50.964307,96,hostname=wolsey.encs.concordia.ca / kernel=Linux 5.14.0-687.39.1.el9_8.x86_64,"EnergyPlus, Version 23.1.0-87ed9199d4, YMD=2026.08.31 10:18"
32466,IT.MidClim.TH.01.Gen.ReEx.001.001,TH,IT.01,DWELLING_LAYOUT_EMITTED_IMPUTED_COUNT,IMPUTED_CENSUS_SECTION_CONSTRUCTION_PERIOD,05ba68e3a46aa8c089442846a3c9b8460aa1926591233b2eabd7f7a089f124e5,ab631c6026e3f7cf5cfcff7c6a506eb84b6eeb62f1afa5703fc48ef0897e25fa,0,0,0,2721.618591,24.8365,109.581406,1192,hostname=magic.encs.concordia.ca / kernel=Linux 5.14.0-687.39.1.el9_8.x86_64,"EnergyPlus, Version 23.1.0-87ed9199d4, YMD=2026.08.31 10:19"
32467,IT.MidClim.MFH.01.Gen.ReEx.001.001,MFH,IT.01,DWELLING_LAYOUT_EMITTED_IMPUTED_COUNT,IMPUTED_CENSUS_SECTION_CONSTRUCTION_PERIOD,bdb3e2f75ec18acbb1b1653c98fa067a54a2cc4e76f23b993f5e26737996c997,ab631c6026e3f7cf5cfcff7c6a506eb84b6eeb62f1afa5703fc48ef0897e25fa,1,5,1,,400.1846,,2,hostname=wolsey.encs.concordia.ca / kernel=Linux 5.14.0-687.39.1.el9_8.x86_64,"EnergyPlus, Version 23.1.0-87ed9199d4, YMD=2026.08.31 10:20"
32468,IT.MidClim.AB.03.Gen.ReEx.001.001,AB,IT.03,DWELLING_LAYOUT_EMITTED_IMPUTED_COUNT,IMPUTED_CENSUS_SECTION_CONSTRUCTION_PERIOD,badb84d360e74c6aa265c47f168b8e01723a9b30b4b49a55b93791a095c3b119,ab631c6026e3f7cf5cfcff7c6a506eb84b6eeb62f1afa5703fc48ef0897e25fa,0,0,0,70793.274123,1208.8444,58.562768,622,hostname=wolsey.encs.concordia.ca / kernel=Linux 5.14.0-687.39.1.el9_8.x86_64,"EnergyPlus, Version 23.1.0-87ed9199d4, YMD=2026.08.31 10:20"
32469,IT.MidClim.AB.01.Gen.ReEx.001.001,AB,IT.01,FALLBACK_PENDING_LAYOUT_MISSING_DWELLING_COUNT,IMPUTED_CENSUS_SECTION_CONSTRUCTION_PERIOD,a9af47ba7407a5e255374d07b0176caaecf9edffed215e4dd844b507800f9b3b,ab631c6026e3f7cf5cfcff7c6a506eb84b6eeb62f1afa5703fc48ef0897e25fa,0,0,0,89544.515196,1568.0537,57.105516,555,hostname=speed-11.encs.concordia.ca / kernel=Linux 5.14.0-687.39.1.el9_8.x86_64,"EnergyPlus, Version 23.1.0-87ed9199d4, YMD=2026.08.31 10:20"
32471,IT.MidClim.MFH.01.Gen.ReEx.001.001,MFH,IT.01,DWELLING_LAYOUT_EMITTED_IMPUTED_COUNT,IMPUTED_CENSUS_SECTION_CONSTRUCTION_PERIOD,de3dc197c673f1e00a53f465a37e9f5de19030535fe7dc79d57f081daa9f69e9,ab631c6026e3f7cf5cfcff7c6a506eb84b6eeb62f1afa5703fc48ef0897e25fa,0,0,0,53056.858769,792.0202,66.989275,27,hostname=antenna2.encs.concordia.ca / kernel=Linux 5.14.0-687.36.1.el9_8.x86_64,"EnergyPlus, Version 23.1.0-87ed9199d4, YMD=2026.08.31 10:21"
32473,IT.MidClim.AB.01.Gen.ReEx.001.001,AB,IT.01,FALLBACK_PENDING_LAYOUT_MISSING_DWELLING_COUNT,IMPUTED_CENSUS_SECTION_CONSTRUCTION_PERIOD,fb66c65421a542d2e5157ae1f2522eac3cc890d37f5c67b827c847f73d46d9c8,ab631c6026e3f7cf5cfcff7c6a506eb84b6eeb62f1afa5703fc48ef0897e25fa,0,0,0,774551.760736,15127.4194,51.201844,2167,hostname=antenna2.encs.concordia.ca / kernel=Linux 5.14.0-687.36.1.el9_8.x86_64,"EnergyPlus, Version 23.1.0-87ed9199d4, YMD=2026.08.31 10:21"
32475,IT.MidClim.MFH.01.Gen.ReEx.001.001,MFH,IT.01,DWELLING_LAYOUT_EMITTED_IMPUTED_COUNT,IMPUTED_CENSUS_SECTION_CONSTRUCTION_PERIOD,ecffe5700e55d5cdb52b353796e5959500499c5d3bfa3a2cb65db18d88f1896b,ab631c6026e3f7cf5cfcff7c6a506eb84b6eeb62f1afa5703fc48ef0897e25fa,0,0,0,7179.351746,68.2035,105.263685,1491,hostname=speed-08.encs.concordia.ca / kernel=Linux 5.14.0-687.39.1.el9_8.x86_64,"EnergyPlus, Version 23.1.0-87ed9199d4, YMD=2026.08.31 10:22"
32479,IT.MidClim.MFH.01.Gen.ReEx.001.001,MFH,IT.01,DWELLING_LAYOUT_EMITTED_IMPUTED_COUNT,IMPUTED_CENSUS_SECTION_CONSTRUCTION_PERIOD,42bab0e3b6b46e30ecdecb0bea63613660739353ece20cfa6133bdbfa77c64ac,ab631c6026e3f7cf5cfcff7c6a506eb84b6eeb62f1afa5703fc48ef0897e25fa,0,1,0,22099.797187,240.7266,91.80455,121,hostname=stellar.encs.concordia.ca / kernel=Linux 5.14.0-687.39.1.el9_8.x86_64,"EnergyPlus, Version 23.1.0-87ed9199d4, YMD=2026.08.31 10:22"
32483,IT.MidClim.MFH.01.Gen.ReEx.001.001,MFH,IT.01,DWELLING_LAYOUT_EMITTED_IMPUTED_COUNT,IMPUTED_CENSUS_SECTION_CONSTRUCTION_PERIOD,3a98e353efaee697163bf4899eff986076d560a381402d587286c00b0f3285bb,ab631c6026e3f7cf5cfcff7c6a506eb84b6eeb62f1afa5703fc48ef0897e25fa,0,0,0,8059.589764,60.773,132.617935,646,hostname=magic-node-02.encs.concordia.ca / kernel=Linux 5.14.0-687.39.1.el9_8.x86_64,"EnergyPlus, Version 23.1.0-87ed9199d4, YMD=2026.08.31 10:23"
32486,IT.MidClim.AB.01.Gen.ReEx.001.001,AB,IT.01,FALLBACK_PENDING_LAYOUT_MISSING_DWELLING_COUNT,IMPUTED_CENSUS_SECTION_CONSTRUCTION_PERIOD,a8c192b89562b2b030ee51623dcb6bf9c631676d25e18a15a4f5150a214939e7,ab631c6026e3f7cf5cfcff7c6a506eb84b6eeb62f1afa5703fc48ef0897e25fa,0,0,0,33922.242923,522.377,64.93824,531,hostname=stellar.encs.concordia.ca / kernel=Linux 5.14.0-687.39.1.el9_8.x86_64,"EnergyPlus, Version 23.1.0-87ed9199d4, YMD=2026.08.31 10:24"
32487,IT.MidClim.MFH.01.Gen.ReEx.001.001,MFH,IT.01,DWELLING_LAYOUT_EMITTED_IMPUTED_COUNT,IMPUTED_CENSUS_SECTION_CONSTRUCTION_PERIOD,633e54f5f963ed1487e58ea6aaf680da9ad5e3f084e2d2a11bf691f39e7b3b67,ab631c6026e3f7cf5cfcff7c6a506eb84b6eeb62f1afa5703fc48ef0897e25fa,0,0,0,14565.694951,241.6111,60.285703,562,hostname=speed-42.encs.concordia.ca / kernel=Linux 5.14.0-687.41.1.el9_8.x86_64,"EnergyPlus, Version 23.1.0-87ed9199d4, YMD=2026.08.31 10:24"
32489,IT.MidClim.AB.01.Gen.ReEx.001.001,AB,IT.01,FALLBACK_PENDING_LAYOUT_MISSING_DWELLING_COUNT,IMPUTED_CENSUS_SECTION_CONSTRUCTION_PERIOD,a4151a231af13e4bc5e757843cb2088c594096204427219d43d9a5f98d7b1d56,ab631c6026e3f7cf5cfcff7c6a506eb84b6eeb62f1afa5703fc48ef0897e25fa,0,0,0,53412.524484,965.108,55.343572,1792,hostname=speed-29.encs.concordia.ca / kernel=Linux 5.14.0-687.39.1.el9_8.x86_64,"EnergyPlus, Version 23.1.0-87ed9199d4, YMD=2026.08.31 10:26"
32491,IT.MidClim.AB.01.Gen.ReEx.001.001,AB,IT.01,FALLBACK_PENDING_LAYOUT_MISSING_DWELLING_COUNT,IMPUTED_CENSUS_SECTION_CONSTRUCTION_PERIOD,d439e896c32daa86762fdd21dfb947070241a4601e74d2512ee91fb6479f27dc,ab631c6026e3f7cf5cfcff7c6a506eb84b6eeb62f1afa5703fc48ef0897e25fa,0,0,0,232502.253467,4865.2819,47.788033,2239,hostname=magic-node-03.encs.concordia.ca / kernel=Linux 5.14.0-687.39.1.el9_8.x86_64,"EnergyPlus, Version 23.1.0-87ed9199d4, YMD=2026.08.31 10:27"
32493,IT.MidClim.AB.03.Gen.ReEx.001.001,AB,IT.03,DWELLING_LAYOUT_EMITTED_IMPUTED_COUNT,IMPUTED_CENSUS_SECTION_CONSTRUCTION_PERIOD,5f1647e1fa84ade75d651433e5952ed0721b7dae9c345646c8f7da4359376472,ab631c6026e3f7cf5cfcff7c6a506eb84b6eeb62f1afa5703fc48ef0897e25fa,0,1,0,78046.068698,985.4639,79.197288,900,hostname=speed-11.encs.concordia.ca / kernel=Linux 5.14.0-687.39.1.el9_8.x86_64,"EnergyPlus, Version 23.1.0-87ed9199d4, YMD=2026.08.31 10:29"
32495,IT.MidClim.AB.03.Gen.ReEx.001.001,AB,IT.03,DWELLING_LAYOUT_EMITTED_IMPUTED_COUNT,IMPUTED_CENSUS_SECTION_CONSTRUCTION_PERIOD,6e816084df3ca84969f562bc9a8725d549f0a6edff9aec1e675075695a79b0fe,ab631c6026e3f7cf5cfcff7c6a506eb84b6eeb62f1afa5703fc48ef0897e25fa,0,0,0,64241.151878,537.1745,119.590844,5128,hostname=speed-11.encs.concordia.ca / kernel=Linux 5.14.0-687.39.1.el9_8.x86_64,"EnergyPlus, Version 23.1.0-87ed9199d4, YMD=2026.08.31 10:29"
32496,IT.MidClim.MFH.01.Gen.ReEx.001.001,MFH,IT.01,DWELLING_LAYOUT_EMITTED_IMPUTED_COUNT,IMPUTED_CENSUS_SECTION_CONSTRUCTION_PERIOD,bec6b88f7733e2524c11b63c63e39a981adc0cb3bb1b85b0434d0e7d45388b62,ab631c6026e3f7cf5cfcff7c6a506eb84b6eeb62f1afa5703fc48ef0897e25fa,1,5,1,,333.4374,,3,hostname=wolsey.encs.concordia.ca / kernel=Linux 5.14.0-687.39.1.el9_8.x86_64,"EnergyPlus, Version 23.1.0-87ed9199d4, YMD=2026.08.31 10:30"
32497,IT.MidClim.MFH.01.Gen.ReEx.001.001,MFH,IT.01,DWELLING_LAYOUT_EMITTED_IMPUTED_COUNT,IMPUTED_CENSUS_SECTION_CONSTRUCTION_PERIOD,93c769f00dca524faea8e98849d3022b41a076af132632dce81aadb29e7815e6,ab631c6026e3f7cf5cfcff7c6a506eb84b6eeb62f1afa5703fc48ef0897e25fa,1,7,1,,343.7438,,2,hostname=wolsey.encs.concordia.ca / kernel=Linux 5.14.0-687.39.1.el9_8.x86_64,"EnergyPlus, Version 23.1.0-87ed9199d4, YMD=2026.08.31 10:30"
32499,IT.MidClim.AB.01.Gen.ReEx.001.001,AB,IT.01,FALLBACK_PENDING_LAYOUT_MISSING_DWELLING_COUNT,IMPUTED_CENSUS_SECTION_CONSTRUCTION_PERIOD,1e67b80c2915f36f8928957d3d8d92632e648ba89778564cd18bb44337a6988a,ab631c6026e3f7cf5cfcff7c6a506eb84b6eeb62f1afa5703fc48ef0897e25fa,0,0,0,120275.255734,2161.7935,55.636792,91,hostname=magic-node-05.encs.concordia.ca / kernel=Linux 5.14.0-687.39.1.el9_8.x86_64,"EnergyPlus, Version 23.1.0-87ed9199d4, YMD=2026.08.31 10:30"
32501,IT.MidClim.AB.01.Gen.ReEx.001.001,AB,IT.01,DWELLING_LAYOUT_EMITTED_IMPUTED_COUNT,IMPUTED_CENSUS_SECTION_CONSTRUCTION_PERIOD,13fd6287f81cb30154972701201fce86083c5a6a3e88fb7a27aadc9ab59c1bbb,ab631c6026e3f7cf5cfcff7c6a506eb84b6eeb62f1afa5703fc48ef0897e25fa,0,0,0,236514.513494,4641.8676,50.952447,286,hostname=wolsey.encs.concordia.ca / kernel=Linux 5.14.0-687.39.1.el9_8.x86_64,"EnergyPlus, Version 23.1.0-87ed9199d4, YMD=2026.08.31 10:30"
32502,IT.MidClim.AB.03.Gen.ReEx.001.001,AB,IT.03,FALLBACK_PENDING_LAYOUT_MISSING_DWELLING_COUNT,IMPUTED_CENSUS_SECTION_CONSTRUCTION_PERIOD,791ab1358cb8636d0735bc1ce6addc8bc8dbb966215dd45969de9b044d207e3b,ab631c6026e3f7cf5cfcff7c6a506eb84b6eeb62f1afa5703fc48ef0897e25fa,0,0,0,200745.345136,4039.4919,49.695692,55,hostname=speed-24.encs.concordia.ca / kernel=Linux 5.14.0-687.39.1.el9_8.x86_64,"EnergyPlus, Version 23.1.0-87ed9199d4, YMD=2026.08.31 10:31"
32505,IT.MidClim.MFH.01.Gen.ReEx.001.001,MFH,IT.01,DWELLING_LAYOUT_EMITTED_IMPUTED_COUNT,IMPUTED_CENSUS_SECTION_CONSTRUCTION_PERIOD,e4a907a87386044fe6af4cb81e2a7b0a252d959b88a80a2852c30205ea04103b,ab631c6026e3f7cf5cfcff7c6a506eb84b6eeb62f1afa5703fc48ef0897e25fa,0,0,0,28983.510605,299.9346,96.632768,447,hostname=magic-node-05.encs.concordia.ca / kernel=Linux 5.14.0-687.39.1.el9_8.x86_64,"EnergyPlus, Version 23.1.0-87ed9199d4, YMD=2026.08.31 10:32"
32506,IT.MidClim.AB.01.Gen.ReEx.001.001,AB,IT.01,DWELLING_LAYOUT_EMITTED_IMPUTED_COUNT,IMPUTED_CENSUS_SECTION_CONSTRUCTION_PERIOD,4393a7332ded2e622a509565aaa0547589fa44a181fe6d9d6a87007c83906350,ab631c6026e3f7cf5cfcff7c6a506eb84b6eeb62f1afa5703fc48ef0897e25fa,0,0,0,56002.925823,1093.5777,51.210742,1472,hostname=speed-24.encs.concordia.ca / kernel=Linux 5.14.0-687.39.1.el9_8.x86_64,"EnergyPlus, Version 23.1.0-87ed9199d4, YMD=2026.08.31 10:32"
32521,IT.MidClim.SFH.01.Gen.ReEx.001.001,SFH,IT.01,DWELLING_LAYOUT_EMITTED_IMPUTED_COUNT,IMPUTED_CENSUS_SECTION_CONSTRUCTION_PERIOD,42fcf8472f8acf7b1a0bf9cac9226054e58948fd2fbbbd3b883b0ebdb4a67463,ab631c6026e3f7cf5cfcff7c6a506eb84b6eeb62f1afa5703fc48ef0897e25fa,0,0,0,20410.974608,121.8584,167.497477,129,hostname=wolsey.encs.concordia.ca / kernel=Linux 5.14.0-687.39.1.el9_8.x86_64,"EnergyPlus, Version 23.1.0-87ed9199d4, YMD=2026.08.31 10:33"
32523,IT.MidClim.AB.01.Gen.ReEx.001.001,AB,IT.01,FALLBACK_PENDING_LAYOUT_MISSING_DWELLING_COUNT,IMPUTED_CENSUS_SECTION_CONSTRUCTION_PERIOD,167afdbf37eea33a0b14bc2a351deef3f0b2b30deadc7691c7bdf670629af03a,ab631c6026e3f7cf5cfcff7c6a506eb84b6eeb62f1afa5703fc48ef0897e25fa,0,0,0,154561.134425,2744.9583,56.30728,260,hostname=stellar.encs.concordia.ca / kernel=Linux 5.14.0-687.39.1.el9_8.x86_64,"EnergyPlus, Version 23.1.0-87ed9199d4, YMD=2026.08.31 10:33"
32524,IT.MidClim.AB.01.Gen.ReEx.001.001,AB,IT.01,FALLBACK_PENDING_LAYOUT_MISSING_DWELLING_COUNT,IMPUTED_CENSUS_SECTION_CONSTRUCTION_PERIOD,d7c922b602f01b122cf0b1d555fdb24914f86719a0b460f1e1621558ad10d0ce,ab631c6026e3f7cf5cfcff7c6a506eb84b6eeb62f1afa5703fc48ef0897e25fa,0,0,0,67904.02753,1287.6497,52.734861,3663,hostname=magic-node-02.encs.concordia.ca / kernel=Linux 5.14.0-687.39.1.el9_8.x86_64,"EnergyPlus, Version 23.1.0-87ed9199d4, YMD=2026.08.31 10:34"
32526,IT.MidClim.AB.01.Gen.ReEx.001.001,AB,IT.01,DWELLING_LAYOUT_EMITTED_IMPUTED_COUNT,IMPUTED_CENSUS_SECTION_CONSTRUCTION_PERIOD,9ed5bd7ea9091f4893f1d41f5c1e1b4983f5f66e40172e464da4051ae4fd174e,ab631c6026e3f7cf5cfcff7c6a506eb84b6eeb62f1afa5703fc48ef0897e25fa,1,10,1,,1290.5308,,3,hostname=speed-42.encs.concordia.ca / kernel=Linux 5.14.0-687.41.1.el9_8.x86_64,"EnergyPlus, Version 23.1.0-87ed9199d4, YMD=2026.08.31 10:34"
32527,IT.MidClim.AB.01.Gen.ReEx.001.001,AB,IT.01,FALLBACK_PENDING_LAYOUT_MISSING_DWELLING_COUNT,IMPUTED_CENSUS_SECTION_CONSTRUCTION_PERIOD,82873b8d86eca1d9f138aa052cd12d3e747072371d9f8bff17bef890c9759b5d,ab631c6026e3f7cf5cfcff7c6a506eb84b6eeb62f1afa5703fc48ef0897e25fa,0,0,0,42719.057172,820.5949,52.058643,142,hostname=speed-42.encs.concordia.ca / kernel=Linux 5.14.0-687.41.1.el9_8.x86_64,"EnergyPlus, Version 23.1.0-87ed9199d4, YMD=2026.08.31 10:34"
32531,IT.MidClim.AB.01.Gen.ReEx.001.001,AB,IT.01,FALLBACK_PENDING_LAYOUT_MISSING_DWELLING_COUNT,IMPUTED_CENSUS_SECTION_CONSTRUCTION_PERIOD,4ca82d9592aff79e2659bcd5e71d57d37c10c5a3864543933158f9e6a6954cb7,ab631c6026e3f7cf5cfcff7c6a506eb84b6eeb62f1afa5703fc48ef0897e25fa,0,0,0,48119.102852,1017.1993,47.305482,2994,hostname=speed-08.encs.concordia.ca / kernel=Linux 5.14.0-687.39.1.el9_8.x86_64,"EnergyPlus, Version 23.1.0-87ed9199d4, YMD=2026.08.31 10:35"
32538,IT.MidClim.AB.01.Gen.ReEx.001.001,AB,IT.01,FALLBACK_PENDING_LAYOUT_MISSING_DWELLING_COUNT,IMPUTED_CENSUS_SECTION_CONSTRUCTION_PERIOD,0fd9fd11606ff8bac82870c84383ac5b2f5276f1f532e8b859e8fd35ebaf9d7a,ab631c6026e3f7cf5cfcff7c6a506eb84b6eeb62f1afa5703fc48ef0897e25fa,0,0,0,47571.85196,975.3515,48.774059,621,hostname=wolsey.encs.concordia.ca / kernel=Linux 5.14.0-687.39.1.el9_8.x86_64,"EnergyPlus, Version 23.1.0-87ed9199d4, YMD=2026.08.31 10:35"
32539,IT.MidClim.AB.01.Gen.ReEx.001.001,AB,IT.01,FALLBACK_PENDING_LAYOUT_MISSING_DWELLING_COUNT,IMPUTED_CENSUS_SECTION_CONSTRUCTION_PERIOD,a169c599dde909e0d0ee108a86835f4427477d208d4f21e054b10793eb8e15d4,ab631c6026e3f7cf5cfcff7c6a506eb84b6eeb62f1afa5703fc48ef0897e25fa,0,0,0,61166.265317,1046.0415,58.474033,225,hostname=wolsey.encs.concordia.ca / kernel=Linux 5.14.0-687.39.1.el9_8.x86_64,"EnergyPlus, Version 23.1.0-87ed9199d4, YMD=2026.08.31 10:35"
32540,IT.MidClim.MFH.03.Gen.ReEx.001.001,MFH,IT.03,FALLBACK_PENDING_LAYOUT_MISSING_DWELLING_COUNT,IMPUTED_CENSUS_SECTION_CONSTRUCTION_PERIOD,37b4f28b98989ad7bb54612b6df5fd84557b784567223e3d0dc20a2ab9d22a6f,ab631c6026e3f7cf5cfcff7c6a506eb84b6eeb62f1afa5703fc48ef0897e25fa,0,0,0,15566.288277,250.9479,62.02996,608,hostname=speed-42.encs.concordia.ca / kernel=Linux 5.14.0-687.41.1.el9_8.x86_64,"EnergyPlus, Version 23.1.0-87ed9199d4, YMD=2026.08.31 10:36"
32541,IT.MidClim.MFH.03.Gen.ReEx.001.001,MFH,IT.03,DWELLING_LAYOUT_EMITTED_IMPUTED_COUNT,IMPUTED_CENSUS_SECTION_CONSTRUCTION_PERIOD,bb945b562597a5d001e305ef3f5cb5b1ef3242ab206e6628ccc77851fcd799fd,ab631c6026e3f7cf5cfcff7c6a506eb84b6eeb62f1afa5703fc48ef0897e25fa,0,0,0,15750.335822,131.1581,120.086642,286,hostname=stellar.encs.concordia.ca / kernel=Linux 5.14.0-687.39.1.el9_8.x86_64,"EnergyPlus, Version 23.1.0-87ed9199d4, YMD=2026.08.31 10:38"
32544,IT.MidClim.AB.03.Gen.ReEx.001.001,AB,IT.03,FALLBACK_PENDING_LAYOUT_MISSING_DWELLING_COUNT,IMPUTED_CENSUS_SECTION_CONSTRUCTION_PERIOD,06fd4d55a8f8d8c462e57da7802efa7fcbb32795b2d9f362af52d4cb1f40729d,ab631c6026e3f7cf5cfcff7c6a506eb84b6eeb62f1afa5703fc48ef0897e25fa,0,0,0,19816.099054,397.2492,49.883295,2277,hostname=wolsey.encs.concordia.ca / kernel=Linux 5.14.0-687.39.1.el9_8.x86_64,"EnergyPlus, Version 23.1.0-87ed9199d4, YMD=2026.08.31 10:39"
32546,IT.MidClim.AB.01.Gen.ReEx.001.001,AB,IT.01,FALLBACK_PENDING_LAYOUT_MISSING_DWELLING_COUNT,IMPUTED_CENSUS_SECTION_CONSTRUCTION_PERIOD,f82b193f2c2a02fc2023c5d7008430bc8320cdc43f20953edd6510e8dc402daf,ab631c6026e3f7cf5cfcff7c6a506eb84b6eeb62f1afa5703fc48ef0897e25fa,0,0,0,141435.945998,2554.8737,55.359271,468,hostname=antenna2.encs.concordia.ca / kernel=Linux 5.14.0-687.36.1.el9_8.x86_64,"EnergyPlus, Version 23.1.0-87ed9199d4, YMD=2026.08.31 10:39"
32552,IT.MidClim.AB.03.Gen.ReEx.001.001,AB,IT.03,FALLBACK_PENDING_LAYOUT_MISSING_DWELLING_COUNT,IMPUTED_CENSUS_SECTION_CONSTRUCTION_PERIOD,f7ad5214700530eae13b461869930089151412af428593c4050f825529ebf7c3,ab631c6026e3f7cf5cfcff7c6a506eb84b6eeb62f1afa5703fc48ef0897e25fa,0,0,0,35412.564721,505.1916,70.097295,4754,hostname=magic.encs.concordia.ca / kernel=Linux 5.14.0-687.39.1.el9_8.x86_64,"EnergyPlus, Version 23.1.0-87ed9199d4, YMD=2026.08.31 10:39"
32553,IT.MidClim.AB.01.Gen.ReEx.001.001,AB,IT.01,DWELLING_LAYOUT_EMITTED_IMPUTED_COUNT,IMPUTED_CENSUS_SECTION_CONSTRUCTION_PERIOD,99e605f41908d9b0fda1d0018d94ce7fefe5e3ba8a6058be805e5d36f2e13033,ab631c6026e3f7cf5cfcff7c6a506eb84b6eeb62f1afa5703fc48ef0897e25fa,0,0,0,91393.822856,1138.7973,80.254689,5163,hostname=magic-node-05.encs.concordia.ca / kernel=Linux 5.14.0-687.39.1.el9_8.x86_64,"EnergyPlus, Version 23.1.0-87ed9199d4, YMD=2026.08.31 10:39"
32556,IT.MidClim.MFH.03.Gen.ReEx.001.001,MFH,IT.03,FALLBACK_PENDING_LAYOUT_MISSING_DWELLING_COUNT,IMPUTED_CENSUS_SECTION_CONSTRUCTION_PERIOD,9bb52cbcd23705a1c009af455f9f1a690e9574e7f5265c2a582a14547e99c511,ab631c6026e3f7cf5cfcff7c6a506eb84b6eeb62f1afa5703fc48ef0897e25fa,0,0,0,36962.499923,500.5661,73.841397,781,hostname=stellar.encs.concordia.ca / kernel=Linux 5.14.0-687.39.1.el9_8.x86_64,"EnergyPlus, Version 23.1.0-87ed9199d4, YMD=2026.08.31 10:41"
32568,IT.MidClim.AB.01.Gen.ReEx.001.001,AB,IT.01,FALLBACK_PENDING_LAYOUT_MISSING_DWELLING_COUNT,IMPUTED_CENSUS_SECTION_CONSTRUCTION_PERIOD,1a413ccfde0d5bf2c6d50b933199d0d83ed1798d524d9d2186d7cd8a95a856af,ab631c6026e3f7cf5cfcff7c6a506eb84b6eeb62f1afa5703fc48ef0897e25fa,0,0,0,69498.902343,1104.4852,62.92425,642,hostname=stellar.encs.concordia.ca / kernel=Linux 5.14.0-687.39.1.el9_8.x86_64,"EnergyPlus, Version 23.1.0-87ed9199d4, YMD=2026.08.31 10:42"
32569,IT.MidClim.MFH.01.Gen.ReEx.001.001,MFH,IT.01,DWELLING_LAYOUT_EMITTED_IMPUTED_COUNT,IMPUTED_CENSUS_SECTION_CONSTRUCTION_PERIOD,d1ffcc28b72cc160e7d0a4f52b020e44de6b545cf6881777ddcfd0a419872cde,ab631c6026e3f7cf5cfcff7c6a506eb84b6eeb62f1afa5703fc48ef0897e25fa,1,10,1,,523.8841,,3,hostname=speed-15.encs.concordia.ca / kernel=Linux 5.14.0-687.39.1.el9_8.x86_64,"EnergyPlus, Version 23.1.0-87ed9199d4, YMD=2026.08.31 10:43"
32578,IT.MidClim.AB.03.Gen.ReEx.001.001,AB,IT.03,FALLBACK_PENDING_LAYOUT_MISSING_DWELLING_COUNT,IMPUTED_CENSUS_SECTION_CONSTRUCTION_PERIOD,7fa0659917d9fb13b09ab75b2e70dd88a7b81961325ffa41e44ea344dc1f9a47,ab631c6026e3f7cf5cfcff7c6a506eb84b6eeb62f1afa5703fc48ef0897e25fa,0,0,0,53694.855554,1030.7376,52.093623,3337,hostname=speed-15.encs.concordia.ca / kernel=Linux 5.14.0-687.39.1.el9_8.x86_64,"EnergyPlus, Version 23.1.0-87ed9199d4, YMD=2026.08.31 10:43"
32582,IT.MidClim.MFH.01.Gen.ReEx.001.001,MFH,IT.01,DWELLING_LAYOUT_EMITTED_IMPUTED_COUNT,IMPUTED_CENSUS_SECTION_CONSTRUCTION_PERIOD,6288ffd0d49806852662ef444c08fccc19e60da36d2df208b6ea99db68828704,ab631c6026e3f7cf5cfcff7c6a506eb84b6eeb62f1afa5703fc48ef0897e25fa,1,10,1,,175.8366,,2,hostname=speed-11.encs.concordia.ca / kernel=Linux 5.14.0-687.39.1.el9_8.x86_64,"EnergyPlus, Version 23.1.0-87ed9199d4, YMD=2026.08.31 10:44"
32584,IT.MidClim.AB.01.Gen.ReEx.001.001,AB,IT.01,FALLBACK_PENDING_LAYOUT_MISSING_DWELLING_COUNT,IMPUTED_CENSUS_SECTION_CONSTRUCTION_PERIOD,685e9db233b640fd11a99cf8d61497ba68c6c7f351efd78bc56d746ef6618cb7,ab631c6026e3f7cf5cfcff7c6a506eb84b6eeb62f1afa5703fc48ef0897e25fa,0,0,0,51259.261999,1310.3596,39.118469,1535,hostname=speed-11.encs.concordia.ca / kernel=Linux 5.14.0-687.39.1.el9_8.x86_64,"EnergyPlus, Version 23.1.0-87ed9199d4, YMD=2026.08.31 10:44"
32589,IT.MidClim.AB.01.Gen.ReEx.001.001,AB,IT.01,DWELLING_LAYOUT_EMITTED_IMPUTED_COUNT,IMPUTED_CENSUS_SECTION_CONSTRUCTION_PERIOD,656d87d0f5a4b130d7a1b33487820c977001dda15cecbdfb8070ac99c828e288,ab631c6026e3f7cf5cfcff7c6a506eb84b6eeb62f1afa5703fc48ef0897e25fa,0,0,0,34291.323972,296.1143,115.80435,780,hostname=wolsey.encs.concordia.ca / kernel=Linux 5.14.0-687.39.1.el9_8.x86_64,"EnergyPlus, Version 23.1.0-87ed9199d4, YMD=2026.08.31 10:45"
32599,IT.MidClim.AB.01.Gen.ReEx.001.001,AB,IT.01,FALLBACK_PENDING_LAYOUT_MISSING_DWELLING_COUNT,IMPUTED_CENSUS_SECTION_CONSTRUCTION_PERIOD,302e62e6af6ec507a4a06e86cf36a566e58cb781c9417624e1c4ee88420efe31,ab631c6026e3f7cf5cfcff7c6a506eb84b6eeb62f1afa5703fc48ef0897e25fa,0,0,0,148575.459028,3243.5825,45.805975,2909,hostname=magic-node-09.encs.concordia.ca / kernel=Linux 5.14.0-687.39.1.el9_8.x86_64,"EnergyPlus, Version 23.1.0-87ed9199d4, YMD=2026.08.31 10:45"
32605,IT.MidClim.MFH.03.Gen.ReEx.001.001,MFH,IT.03,FALLBACK_PENDING_LAYOUT_MISSING_DWELLING_COUNT,IMPUTED_CENSUS_SECTION_CONSTRUCTION_PERIOD,56f97f6088f829c4146aaf65e021593d485100ab3553942edd58dd0f263ba0e3,ab631c6026e3f7cf5cfcff7c6a506eb84b6eeb62f1afa5703fc48ef0897e25fa,0,0,0,6903.822249,92.2947,74.801936,1444,hostname=magic.encs.concordia.ca / kernel=Linux 5.14.0-687.39.1.el9_8.x86_64,"EnergyPlus, Version 23.1.0-87ed9199d4, YMD=2026.08.31 10:46"
32607,IT.MidClim.MFH.01.Gen.ReEx.001.001,MFH,IT.01,DWELLING_LAYOUT_EMITTED_IMPUTED_COUNT,IMPUTED_CENSUS_SECTION_CONSTRUCTION_PERIOD,b5b545108e3289300e3efbe56b85e66efaf821aefa2290b8027aebed4d958b1d,ab631c6026e3f7cf5cfcff7c6a506eb84b6eeb62f1afa5703fc48ef0897e25fa,0,0,0,29567.622259,592.3523,49.915603,240,hostname=magic-node-06.encs.concordia.ca / kernel=Linux 5.14.0-687.39.1.el9_8.x86_64,"EnergyPlus, Version 23.1.0-87ed9199d4, YMD=2026.08.31 10:47"
32610,IT.MidClim.AB.03.Gen.ReEx.001.001,AB,IT.03,FALLBACK_PENDING_LAYOUT_MISSING_DWELLING_COUNT,IMPUTED_CENSUS_SECTION_CONSTRUCTION_PERIOD,7a80dd73ed8c260797030611cdbe24dd1db5a9c707f752866f55914892224b41,ab631c6026e3f7cf5cfcff7c6a506eb84b6eeb62f1afa5703fc48ef0897e25fa,0,0,0,32737.197709,586.7657,55.792623,604,hostname=speed-35.encs.concordia.ca / kernel=Linux 5.14.0-687.39.1.el9_8.x86_64,"EnergyPlus, Version 23.1.0-87ed9199d4, YMD=2026.08.31 10:47"
32614,IT.MidClim.MFH.01.Gen.ReEx.001.001,MFH,IT.01,DWELLING_LAYOUT_EMITTED_IMPUTED_COUNT,IMPUTED_CENSUS_SECTION_CONSTRUCTION_PERIOD,cb83f3a07705abb54fd05952ac3fb315d9ab0c6f2744d52220592b48f7909217,ab631c6026e3f7cf5cfcff7c6a506eb84b6eeb62f1afa5703fc48ef0897e25fa,1,7,1,,460.4453,,3,hostname=speed-11.encs.concordia.ca / kernel=Linux 5.14.0-687.39.1.el9_8.x86_64,"EnergyPlus, Version 23.1.0-87ed9199d4, YMD=2026.08.31 10:47"
32617,IT.MidClim.AB.01.Gen.ReEx.001.001,AB,IT.01,DWELLING_LAYOUT_EMITTED_IMPUTED_COUNT,IMPUTED_CENSUS_SECTION_CONSTRUCTION_PERIOD,a60c41a242c92fb79170a8dcb3eb622849755ea1202ca7e96bf41afd287343c8,ab631c6026e3f7cf5cfcff7c6a506eb84b6eeb62f1afa5703fc48ef0897e25fa,0,0,0,62669.109152,927.9122,67.537758,1279,hostname=speed-11.encs.concordia.ca / kernel=Linux 5.14.0-687.39.1.el9_8.x86_64,"EnergyPlus, Version 23.1.0-87ed9199d4, YMD=2026.08.31 10:47"
32622,IT.MidClim.AB.01.Gen.ReEx.001.001,AB,IT.01,FALLBACK_PENDING_LAYOUT_MISSING_DWELLING_COUNT,IMPUTED_CENSUS_SECTION_CONSTRUCTION_PERIOD,0f192a1f1461a0eba800f5fc9400b7bebd3198da0cdeff48d48ecf19cbbcd6fb,ab631c6026e3f7cf5cfcff7c6a506eb84b6eeb62f1afa5703fc48ef0897e25fa,0,0,0,25480.531416,394.1376,64.648822,955,hostname=antenna2.encs.concordia.ca / kernel=Linux 5.14.0-687.36.1.el9_8.x86_64,"EnergyPlus, Version 23.1.0-87ed9199d4, YMD=2026.08.31 10:47"
32625,IT.MidClim.MFH.01.Gen.ReEx.001.001,MFH,IT.01,DWELLING_LAYOUT_EMITTED_IMPUTED_COUNT,IMPUTED_CENSUS_SECTION_CONSTRUCTION_PERIOD,b050790ff1bb9568ee5d2311ff18dc89f582cdf3458b6caa68a8357dad441748,ab631c6026e3f7cf5cfcff7c6a506eb84b6eeb62f1afa5703fc48ef0897e25fa,0,0,0,34180.230666,699.4457,48.867597,41,hostname=speed-24.encs.concordia.ca / kernel=Linux 5.14.0-687.39.1.el9_8.x86_64,"EnergyPlus, Version 23.1.0-87ed9199d4, YMD=2026.08.31 10:47"
32627,IT.MidClim.AB.01.Gen.ReEx.001.001,AB,IT.01,FALLBACK_PENDING_LAYOUT_MISSING_DWELLING_COUNT,IMPUTED_CENSUS_SECTION_CONSTRUCTION_PERIOD,3dc9acedcfd70c28cfc547b4d197c4d56ed0384487a146c2ddd7ea8ed9524845,ab631c6026e3f7cf5cfcff7c6a506eb84b6eeb62f1afa5703fc48ef0897e25fa,0,0,0,79292.39639,1610.6358,49.230494,217,hostname=speed-24.encs.concordia.ca / kernel=Linux 5.14.0-687.39.1.el9_8.x86_64,"EnergyPlus, Version 23.1.0-87ed9199d4, YMD=2026.08.31 10:48"
32632,IT.MidClim.AB.01.Gen.ReEx.001.001,AB,IT.01,FALLBACK_PENDING_LAYOUT_MISSING_DWELLING_COUNT,IMPUTED_CENSUS_SECTION_CONSTRUCTION_PERIOD,5136fcf4b9daeae212b02d4bdfa5c9f692859fcfeab3d20a2a8457c7ce9ad64d,ab631c6026e3f7cf5cfcff7c6a506eb84b6eeb62f1afa5703fc48ef0897e25fa,0,0,0,24531.588785,560.708,43.751095,794,hostname=speed-31.encs.concordia.ca / kernel=Linux 5.14.0-687.39.1.el9_8.x86_64,"EnergyPlus, Version 23.1.0-87ed9199d4, YMD=2026.08.31 10:49"
32634,IT.MidClim.AB.01.Gen.ReEx.001.001,AB,IT.01,FALLBACK_PENDING_LAYOUT_MISSING_DWELLING_COUNT,IMPUTED_CENSUS_SECTION_CONSTRUCTION_PERIOD,f610ead4edbda2e5bc227a41450c9c56ec518ee8948cc136c6a16edaa4e98529,ab631c6026e3f7cf5cfcff7c6a506eb84b6eeb62f1afa5703fc48ef0897e25fa,0,0,0,85353.073424,1863.0677,45.813189,4277,hostname=magic-node-06.encs.concordia.ca / kernel=Linux 5.14.0-687.39.1.el9_8.x86_64,"EnergyPlus, Version 23.1.0-87ed9199d4, YMD=2026.08.31 10:51"
32639,IT.MidClim.AB.01.Gen.ReEx.001.001,AB,IT.01,FALLBACK_PENDING_LAYOUT_MISSING_DWELLING_COUNT,IMPUTED_CENSUS_SECTION_CONSTRUCTION_PERIOD,795dbe4de11a7df405777a5ee582a9eb0ad3716584ab4634750334d07a951da8,ab631c6026e3f7cf5cfcff7c6a506eb84b6eeb62f1afa5703fc48ef0897e25fa,0,0,0,54807.451015,1087.5467,50.395492,405,hostname=speed-24.encs.concordia.ca / kernel=Linux 5.14.0-687.39.1.el9_8.x86_64,"EnergyPlus, Version 23.1.0-87ed9199d4, YMD=2026.08.31 10:52"
32641,IT.MidClim.AB.01.Gen.ReEx.001.001,AB,IT.01,FALLBACK_PENDING_LAYOUT_MISSING_DWELLING_COUNT,IMPUTED_CENSUS_SECTION_CONSTRUCTION_PERIOD,895686a676dc7f524699835ee772a1ee04f80c846f83ec4535f7cc04ea45bf7c,ab631c6026e3f7cf5cfcff7c6a506eb84b6eeb62f1afa5703fc48ef0897e25fa,0,0,0,168120.671667,3130.5991,53.702396,147,hostname=speed-31.encs.concordia.ca / kernel=Linux 5.14.0-687.39.1.el9_8.x86_64,"EnergyPlus, Version 23.1.0-87ed9199d4, YMD=2026.08.31 10:53"
32643,IT.MidClim.MFH.03.Gen.ReEx.001.001,MFH,IT.03,FALLBACK_PENDING_LAYOUT_MISSING_DWELLING_COUNT,IMPUTED_CENSUS_SECTION_CONSTRUCTION_PERIOD,6adc6653ef3064dad5e103cbb77e15b6097fe01856f625d6c8018f2ac5b76ea2,ab631c6026e3f7cf5cfcff7c6a506eb84b6eeb62f1afa5703fc48ef0897e25fa,0,0,0,12605.684555,161.9262,77.848332,923,hostname=stellar.encs.concordia.ca / kernel=Linux 5.14.0-687.39.1.el9_8.x86_64,"EnergyPlus, Version 23.1.0-87ed9199d4, YMD=2026.08.31 10:54"
32649,IT.MidClim.AB.01.Gen.ReEx.001.001,AB,IT.01,FALLBACK_PENDING_LAYOUT_MISSING_DWELLING_COUNT,IMPUTED_CENSUS_SECTION_CONSTRUCTION_PERIOD,02fd7d85c2ddd3fad69d55b0395c22cde290dc79aa3aa4a96d8cc5b81136e872,ab631c6026e3f7cf5cfcff7c6a506eb84b6eeb62f1afa5703fc48ef0897e25fa,0,0,0,48306.657882,973.8252,49.60506,3880,hostname=magic-node-07.encs.concordia.ca / kernel=Linux 5.14.0-687.39.1.el9_8.x86_64,"EnergyPlus, Version 23.1.0-87ed9199d4, YMD=2026.08.31 10:54"
32651,IT.MidClim.AB.01.Gen.ReEx.001.001,AB,IT.01,FALLBACK_PENDING_LAYOUT_MISSING_DWELLING_COUNT,IMPUTED_CENSUS_SECTION_CONSTRUCTION_PERIOD,014d3030ab436a9da7addd7aff16de39b4e6edcc60c2127784bc2227a5edc5e3,ab631c6026e3f7cf5cfcff7c6a506eb84b6eeb62f1afa5703fc48ef0897e25fa,0,0,0,95406.210977,1697.1923,56.214143,1073,hostname=speed-31.encs.concordia.ca / kernel=Linux 5.14.0-687.39.1.el9_8.x86_64,"EnergyPlus, Version 23.1.0-87ed9199d4, YMD=2026.08.31 10:55"
32652,IT.MidClim.AB.01.Gen.ReEx.001.001,AB,IT.01,FALLBACK_PENDING_LAYOUT_MISSING_DWELLING_COUNT,IMPUTED_CENSUS_SECTION_CONSTRUCTION_PERIOD,9a0a0f9af298558a61d1b47e6fc26855427aa7dc10c1c02bfdffe8f66c440630,ab631c6026e3f7cf5cfcff7c6a506eb84b6eeb62f1afa5703fc48ef0897e25fa,0,0,0,51513.157922,1137.9993,45.266423,86,hostname=stellar.encs.concordia.ca / kernel=Linux 5.14.0-687.39.1.el9_8.x86_64,"EnergyPlus, Version 23.1.0-87ed9199d4, YMD=2026.08.31 10:56"
32653,IT.MidClim.AB.01.Gen.ReEx.001.001,AB,IT.01,DWELLING_LAYOUT_EMITTED_IMPUTED_COUNT,IMPUTED_CENSUS_SECTION_CONSTRUCTION_PERIOD,1c7333b7a6d4175ddfdbbd462576a44b509f2ff695b579d05188db84c5fb01f7,ab631c6026e3f7cf5cfcff7c6a506eb84b6eeb62f1afa5703fc48ef0897e25fa,0,0,0,151083.22535,2682.6384,56.318893,50,hostname=speed-24.encs.concordia.ca / kernel=Linux 5.14.0-687.39.1.el9_8.x86_64,"EnergyPlus, Version 23.1.0-87ed9199d4, YMD=2026.08.31 10:57"
32662,IT.MidClim.AB.01.Gen.ReEx.001.001,AB,IT.01,FALLBACK_PENDING_LAYOUT_MISSING_DWELLING_COUNT,IMPUTED_CENSUS_SECTION_CONSTRUCTION_PERIOD,97be11614d6e470c73f4bf3e72a6e9d9f0c8280e5e00be2bf7cb20d147cc7274,ab631c6026e3f7cf5cfcff7c6a506eb84b6eeb62f1afa5703fc48ef0897e25fa,0,0,0,62483.650822,1041.1521,60.013951,1301,hostname=speed-15.encs.concordia.ca / kernel=Linux 5.14.0-687.39.1.el9_8.x86_64,"EnergyPlus, Version 23.1.0-87ed9199d4, YMD=2026.08.31 10:57"
32663,IT.MidClim.AB.01.Gen.ReEx.001.001,AB,IT.01,FALLBACK_PENDING_LAYOUT_MISSING_DWELLING_COUNT,IMPUTED_CENSUS_SECTION_CONSTRUCTION_PERIOD,7d54c446dc76891b73d1571154285077da654a46763212996281281beb437d61,ab631c6026e3f7cf5cfcff7c6a506eb84b6eeb62f1afa5703fc48ef0897e25fa,0,0,0,53392.293607,986.583,54.1184,2431,hostname=speed-35.encs.concordia.ca / kernel=Linux 5.14.0-687.39.1.el9_8.x86_64,"EnergyPlus, Version 23.1.0-87ed9199d4, YMD=2026.08.31 10:57"
32664,IT.MidClim.AB.01.Gen.ReEx.001.001,AB,IT.01,FALLBACK_PENDING_LAYOUT_MISSING_DWELLING_COUNT,IMPUTED_CENSUS_SECTION_CONSTRUCTION_PERIOD,283b84bdb03b31ecc5de8d74d4f261fc2e8014e77deb6576e8e42a4ebb257a6c,ab631c6026e3f7cf5cfcff7c6a506eb84b6eeb62f1afa5703fc48ef0897e25fa,0,0,0,64023.774548,1136.5253,56.332907,846,hostname=stellar.encs.concordia.ca / kernel=Linux 5.14.0-687.39.1.el9_8.x86_64,"EnergyPlus, Version 23.1.0-87ed9199d4, YMD=2026.08.31 10:57"
32668,IT.MidClim.AB.01.Gen.ReEx.001.001,AB,IT.01,FALLBACK_PENDING_LAYOUT_MISSING_DWELLING_COUNT,IMPUTED_CENSUS_SECTION_CONSTRUCTION_PERIOD,39d00086be3a67aff99352fdfe35b7ef43b5a0ac59e87421e555ff7ece4a17cc,ab631c6026e3f7cf5cfcff7c6a506eb84b6eeb62f1afa5703fc48ef0897e25fa,0,0,0,49990.277484,928.4996,53.839848,1939,hostname=speed-24.encs.concordia.ca / kernel=Linux 5.14.0-687.39.1.el9_8.x86_64,"EnergyPlus, Version 23.1.0-87ed9199d4, YMD=2026.08.31 10:57"
32669,IT.MidClim.AB.01.Gen.ReEx.001.001,AB,IT.01,FALLBACK_PENDING_LAYOUT_MISSING_DWELLING_COUNT,IMPUTED_CENSUS_SECTION_CONSTRUCTION_PERIOD,484c88ceebc4bd0df7e7a8112515667364b00539d435cea1c2c2e20251ac9669,ab631c6026e3f7cf5cfcff7c6a506eb84b6eeb62f1afa5703fc48ef0897e25fa,0,0,0,20701.59806,433.3377,47.772437,436,hostname=antenna2.encs.concordia.ca / kernel=Linux 5.14.0-687.36.1.el9_8.x86_64,"EnergyPlus, Version 23.1.0-87ed9199d4, YMD=2026.08.31 10:58"
32685,IT.MidClim.MFH.03.Gen.ReEx.001.001,MFH,IT.03,DWELLING_LAYOUT_EMITTED_IMPUTED_COUNT,IMPUTED_CENSUS_SECTION_CONSTRUCTION_PERIOD,b39ce24828923bcd90466258d24c511b70b179914a45bfe3cef748135eea2ce2,ab631c6026e3f7cf5cfcff7c6a506eb84b6eeb62f1afa5703fc48ef0897e25fa,0,0,0,23884.077462,406.795,58.71281,1902,hostname=wolsey.encs.concordia.ca / kernel=Linux 5.14.0-687.39.1.el9_8.x86_64,"EnergyPlus, Version 23.1.0-87ed9199d4, YMD=2026.08.31 10:58"
32687,IT.MidClim.AB.01.Gen.ReEx.001.001,AB,IT.01,DWELLING_LAYOUT_EMITTED_IMPUTED_COUNT,IMPUTED_CENSUS_SECTION_CONSTRUCTION_PERIOD,ea652dadbe8e700b1da6509c3910f2cf62fe638796ff75746c18c745d444c223,ab631c6026e3f7cf5cfcff7c6a506eb84b6eeb62f1afa5703fc48ef0897e25fa,0,0,0,352398.195276,7357.9554,47.893494,73,hostname=speed-24.encs.concordia.ca / kernel=Linux 5.14.0-687.39.1.el9_8.x86_64,"EnergyPlus, Version 23.1.0-87ed9199d4, YMD=2026.08.31 10:58"
32694,IT.MidClim.AB.03.Gen.ReEx.001.001,AB,IT.03,FALLBACK_PENDING_LAYOUT_MISSING_DWELLING_COUNT,IMPUTED_CENSUS_SECTION_CONSTRUCTION_PERIOD,ad3347c5871156ca6c28e091a1b4f02b0970bbba22a6e31202849252c4446e69,ab631c6026e3f7cf5cfcff7c6a506eb84b6eeb62f1afa5703fc48ef0897e25fa,0,0,0,72345.736593,1388.6442,52.098109,503,hostname=speed-24.encs.concordia.ca / kernel=Linux 5.14.0-687.39.1.el9_8.x86_64,"EnergyPlus, Version 23.1.0-87ed9199d4, YMD=2026.08.31 11:00"
32702,IT.MidClim.MFH.03.Gen.ReEx.001.001,MFH,IT.03,FALLBACK_PENDING_LAYOUT_MISSING_DWELLING_COUNT,IMPUTED_CENSUS_SECTION_CONSTRUCTION_PERIOD,b0aebe935d9d3e9843c2f72c11cf1cbc285500f16b55bbb992bf07ebffad5034,ab631c6026e3f7cf5cfcff7c6a506eb84b6eeb62f1afa5703fc48ef0897e25fa,0,0,0,7901.764535,78.66,100.454672,1446,hostname=magic-node-01.encs.concordia.ca / kernel=Linux 5.14.0-687.39.1.el9_8.x86_64,"EnergyPlus, Version 23.1.0-87ed9199d4, YMD=2026.08.31 11:02"
32713,IT.MidClim.MFH.01.Gen.ReEx.001.001,MFH,IT.01,DWELLING_LAYOUT_EMITTED_IMPUTED_COUNT,IMPUTED_CENSUS_SECTION_CONSTRUCTION_PERIOD,41fb6f823575f8e85cf76799a9c74f173527d6a24107d2425ff414593b5bfcf2,ab631c6026e3f7cf5cfcff7c6a506eb84b6eeb62f1afa5703fc48ef0897e25fa,0,0,0,33265.044764,651.6612,51.046533,105,hostname=speed-31.encs.concordia.ca / kernel=Linux 5.14.0-687.39.1.el9_8.x86_64,"EnergyPlus, Version 23.1.0-87ed9199d4, YMD=2026.08.31 11:02"
32721,IT.MidClim.AB.01.Gen.ReEx.001.001,AB,IT.01,FALLBACK_PENDING_LAYOUT_MISSING_DWELLING_COUNT,IMPUTED_CENSUS_SECTION_CONSTRUCTION_PERIOD,2fbb64d46bf6aabe4390e11d4dbd8f61f9c1e476212f79e2be770bf7fa3d0640,ab631c6026e3f7cf5cfcff7c6a506eb84b6eeb62f1afa5703fc48ef0897e25fa,0,0,0,202382.881891,4218.0106,47.980648,46,hostname=antenna2.encs.concordia.ca / kernel=Linux 5.14.0-687.36.1.el9_8.x86_64,"EnergyPlus, Version 23.1.0-87ed9199d4, YMD=2026.08.31 11:03"
32723,IT.MidClim.AB.01.Gen.ReEx.001.001,AB,IT.01,FALLBACK_PENDING_LAYOUT_MISSING_DWELLING_COUNT,IMPUTED_CENSUS_SECTION_CONSTRUCTION_PERIOD,045f2e2625a01257d54db9f105f1d7404cef25a67f0e7483d243f611ee960739,ab631c6026e3f7cf5cfcff7c6a506eb84b6eeb62f1afa5703fc48ef0897e25fa,0,0,0,55585.639313,1004.8498,55.317361,366,hostname=antenna2.encs.concordia.ca / kernel=Linux 5.14.0-687.36.1.el9_8.x86_64,"EnergyPlus, Version 23.1.0-87ed9199d4, YMD=2026.08.31 11:04"
32724,IT.MidClim.AB.03.Gen.ReEx.001.001,AB,IT.03,FALLBACK_PENDING_LAYOUT_MISSING_DWELLING_COUNT,IMPUTED_CENSUS_SECTION_CONSTRUCTION_PERIOD,5de8adec4533f67f8be87890cf816fc1a8425ae0ae2f563ba23427243738d653,ab631c6026e3f7cf5cfcff7c6a506eb84b6eeb62f1afa5703fc48ef0897e25fa,0,0,0,23316.792406,442.0198,52.750561,1850,hostname=speed-31.encs.concordia.ca / kernel=Linux 5.14.0-687.39.1.el9_8.x86_64,"EnergyPlus, Version 23.1.0-87ed9199d4, YMD=2026.08.31 11:04"
32728,IT.MidClim.AB.01.Gen.ReEx.001.001,AB,IT.01,DWELLING_LAYOUT_EMITTED_IMPUTED_COUNT,IMPUTED_CENSUS_SECTION_CONSTRUCTION_PERIOD,64d3c3be6f764877dce31637dffcaad853904db25e29b3cd6bb7673523d32dc5,ab631c6026e3f7cf5cfcff7c6a506eb84b6eeb62f1afa5703fc48ef0897e25fa,0,0,0,112104.010661,1957.0892,57.280992,125,hostname=magic-node-03.encs.concordia.ca / kernel=Linux 5.14.0-687.39.1.el9_8.x86_64,"EnergyPlus, Version 23.1.0-87ed9199d4, YMD=2026.08.31 11:04"
32729,IT.MidClim.MFH.01.Gen.ReEx.001.001,MFH,IT.01,DWELLING_LAYOUT_EMITTED_IMPUTED_COUNT,IMPUTED_CENSUS_SECTION_CONSTRUCTION_PERIOD,52cea9a71e940754ace53da8f95433b8eb07e55493ed7e653d42424f54b0177f,ab631c6026e3f7cf5cfcff7c6a506eb84b6eeb62f1afa5703fc48ef0897e25fa,1,2,1,,1065.1652,,1,hostname=antenna2.encs.concordia.ca / kernel=Linux 5.14.0-687.36.1.el9_8.x86_64,"EnergyPlus, Version 23.1.0-87ed9199d4, YMD=2026.08.31 11:05"
32732,IT.MidClim.AB.01.Gen.ReEx.001.001,AB,IT.01,FALLBACK_PENDING_LAYOUT_MISSING_DWELLING_COUNT,IMPUTED_CENSUS_SECTION_CONSTRUCTION_PERIOD,6af1e57ea01ffc93dbf1b95ca245d1af39f9a67b04900f6e200a7ede551fc719,ab631c6026e3f7cf5cfcff7c6a506eb84b6eeb62f1afa5703fc48ef0897e25fa,0,0,0,77876.696138,1487.6553,52.348616,717,hostname=antenna2.encs.concordia.ca / kernel=Linux 5.14.0-687.36.1.el9_8.x86_64,"EnergyPlus, Version 23.1.0-87ed9199d4, YMD=2026.08.31 11:05"
32735,IT.MidClim.AB.01.Gen.ReEx.001.001,AB,IT.01,DWELLING_LAYOUT_EMITTED_IMPUTED_COUNT,IMPUTED_CENSUS_SECTION_CONSTRUCTION_PERIOD,e1f1a918899d97b423d46afb033186792a789984bba4f0117802614e27baabfe,ab631c6026e3f7cf5cfcff7c6a506eb84b6eeb62f1afa5703fc48ef0897e25fa,0,0,0,11072.106162,174.3411,63.508296,445,hostname=magic-node-08.encs.concordia.ca / kernel=Linux 5.14.0-687.39.1.el9_8.x86_64,"EnergyPlus, Version 23.1.0-87ed9199d4, YMD=2026.08.31 11:05"
32737,IT.MidClim.AB.01.Gen.ReEx.001.001,AB,IT.01,FALLBACK_PENDING_LAYOUT_MISSING_DWELLING_COUNT,IMPUTED_CENSUS_SECTION_CONSTRUCTION_PERIOD,0581fc81d5176952e02b60df16c0677011c5ad2beb98de3361e2bba295bb19bd,ab631c6026e3f7cf5cfcff7c6a506eb84b6eeb62f1afa5703fc48ef0897e25fa,0,0,0,,3792.6633,,7205,hostname=magic-node-03.encs.concordia.ca / kernel=Linux 5.14.0-687.39.1.el9_8.x86_64,"EnergyPlus, Version 23.1.0-87ed9199d4, YMD=2026.08.31 11:06"
32739,IT.MidClim.MFH.01.Gen.ReEx.001.001,MFH,IT.01,DWELLING_LAYOUT_EMITTED_IMPUTED_COUNT,IMPUTED_CENSUS_SECTION_CONSTRUCTION_PERIOD,320fea8c1ab2120f081e140395170da42e6c13df54671b25064be3207957c2f8,ab631c6026e3f7cf5cfcff7c6a506eb84b6eeb62f1afa5703fc48ef0897e25fa,0,0,0,8124.149662,96.9183,83.824723,183,hostname=speed-37.encs.concordia.ca / kernel=Linux 5.14.0-687.41.1.el9_8.x86_64,"EnergyPlus, Version 23.1.0-87ed9199d4, YMD=2026.08.31 11:08"
32754,IT.MidClim.AB.01.Gen.ReEx.001.001,AB,IT.01,DWELLING_LAYOUT_EMITTED_IMPUTED_COUNT,IMPUTED_CENSUS_SECTION_CONSTRUCTION_PERIOD,bc7aa933d3ca2b8bd7daa8be89d2cf558577e38edf6578de28135b76a1e8232b,ab631c6026e3f7cf5cfcff7c6a506eb84b6eeb62f1afa5703fc48ef0897e25fa,1,19,1,,6398.4322,,3,hostname=speed-37.encs.concordia.ca / kernel=Linux 5.14.0-687.41.1.el9_8.x86_64,"EnergyPlus, Version 23.1.0-87ed9199d4, YMD=2026.08.31 11:08"
32755,IT.MidClim.AB.01.Gen.ReEx.001.001,AB,IT.01,FALLBACK_PENDING_LAYOUT_MISSING_DWELLING_COUNT,IMPUTED_CENSUS_SECTION_CONSTRUCTION_PERIOD,c1024ee7c7908691518be116cc1c6896351167c8dafed4499b712cdc7c290e71,ab631c6026e3f7cf5cfcff7c6a506eb84b6eeb62f1afa5703fc48ef0897e25fa,0,0,0,84754.380729,1687.5963,50.221952,1287,hostname=speed-37.encs.concordia.ca / kernel=Linux 5.14.0-687.41.1.el9_8.x86_64,"EnergyPlus, Version 23.1.0-87ed9199d4, YMD=2026.08.31 11:08"
32756,IT.MidClim.MFH.01.Gen.ReEx.001.001,MFH,IT.01,DWELLING_LAYOUT_EMITTED_IMPUTED_COUNT,IMPUTED_CENSUS_SECTION_CONSTRUCTION_PERIOD,f1e7cd446fc5dcda6e2064b8917f9953442b78a18545f402ff492af7fa3096d9,ab631c6026e3f7cf5cfcff7c6a506eb84b6eeb62f1afa5703fc48ef0897e25fa,0,0,0,83520.679815,2205.1125,37.875927,573,hostname=speed-37.encs.concordia.ca / kernel=Linux 5.14.0-687.41.1.el9_8.x86_64,"EnergyPlus, Version 23.1.0-87ed9199d4, YMD=2026.08.31 11:09"
32758,IT.MidClim.AB.01.Gen.ReEx.001.001,AB,IT.01,FALLBACK_PENDING_LAYOUT_MISSING_DWELLING_COUNT,IMPUTED_CENSUS_SECTION_CONSTRUCTION_PERIOD,6f71830fcb912625e5485f56d5a8a920b0a9ef418a0a8b4bf81fcf7492d06bef,ab631c6026e3f7cf5cfcff7c6a506eb84b6eeb62f1afa5703fc48ef0897e25fa,0,0,0,33191.740245,612.1699,54.219817,511,hostname=speed-37.encs.concordia.ca / kernel=Linux 5.14.0-687.41.1.el9_8.x86_64,"EnergyPlus, Version 23.1.0-87ed9199d4, YMD=2026.08.31 11:09"
32760,IT.MidClim.AB.01.Gen.ReEx.001.001,AB,IT.01,FALLBACK_PENDING_LAYOUT_MISSING_DWELLING_COUNT,IMPUTED_CENSUS_SECTION_CONSTRUCTION_PERIOD,9d84e864d4cdc72201cb6326168fe4dc3e2c55aa8a33fe2cf018eab7dae3b68b,ab631c6026e3f7cf5cfcff7c6a506eb84b6eeb62f1afa5703fc48ef0897e25fa,0,0,0,38066.267581,868.3264,43.838662,33,hostname=speed-11.encs.concordia.ca / kernel=Linux 5.14.0-687.39.1.el9_8.x86_64,"EnergyPlus, Version 23.1.0-87ed9199d4, YMD=2026.08.31 11:10"
32763,IT.MidClim.AB.03.Gen.ReEx.001.001,AB,IT.03,FALLBACK_PENDING_LAYOUT_MISSING_DWELLING_COUNT,IMPUTED_CENSUS_SECTION_CONSTRUCTION_PERIOD,dbc5cfba272e8d1e7bb4f309aaba95d22490e8eb9a84bb37c2a144813fd4bfc0,ab631c6026e3f7cf5cfcff7c6a506eb84b6eeb62f1afa5703fc48ef0897e25fa,0,0,0,17706.081065,361.1753,49.02351,1401,hostname=speed-24.encs.concordia.ca / kernel=Linux 5.14.0-687.39.1.el9_8.x86_64,"EnergyPlus, Version 23.1.0-87ed9199d4, YMD=2026.08.31 11:10"
32766,IT.MidClim.AB.03.Gen.ReEx.001.001,AB,IT.03,FALLBACK_PENDING_LAYOUT_MISSING_DWELLING_COUNT,IMPUTED_CENSUS_SECTION_CONSTRUCTION_PERIOD,613212bf4b90d0939112ae3e999f67670b2bdb3d90b314c1e46012186db408aa,ab631c6026e3f7cf5cfcff7c6a506eb84b6eeb62f1afa5703fc48ef0897e25fa,0,0,0,31653.635922,702.1499,45.081023,118,hostname=speed-11.encs.concordia.ca / kernel=Linux 5.14.0-687.39.1.el9_8.x86_64,"EnergyPlus, Version 23.1.0-87ed9199d4, YMD=2026.08.31 11:10"
32769,IT.MidClim.AB.01.Gen.ReEx.001.001,AB,IT.01,FALLBACK_PENDING_LAYOUT_MISSING_DWELLING_COUNT,IMPUTED_CENSUS_SECTION_CONSTRUCTION_PERIOD,b7c34df82094bcd2b9ca1bcf4ec3936d5e9d415c9c66becc9b2c27ccc7194b9c,ab631c6026e3f7cf5cfcff7c6a506eb84b6eeb62f1afa5703fc48ef0897e25fa,0,0,0,43682.74069,776.0012,56.292105,615,hostname=speed-37.encs.concordia.ca / kernel=Linux 5.14.0-687.41.1.el9_8.x86_64,"EnergyPlus, Version 23.1.0-87ed9199d4, YMD=2026.08.31 11:11"
32774,IT.MidClim.AB.01.Gen.ReEx.001.001,AB,IT.01,DWELLING_LAYOUT_EMITTED_IMPUTED_COUNT,IMPUTED_CENSUS_SECTION_CONSTRUCTION_PERIOD,65efe03cf7598309958c98c4ba67971b0f2dd40785f3c8ca48e410426b779b4a,ab631c6026e3f7cf5cfcff7c6a506eb84b6eeb62f1afa5703fc48ef0897e25fa,0,0,0,22907.685,250.9494,91.28408,187,hostname=stellar.encs.concordia.ca / kernel=Linux 5.14.0-687.39.1.el9_8.x86_64,"EnergyPlus, Version 23.1.0-87ed9199d4, YMD=2026.08.31 11:11"
32776,IT.MidClim.AB.01.Gen.ReEx.001.001,AB,IT.01,FALLBACK_PENDING_LAYOUT_MISSING_DWELLING_COUNT,IMPUTED_CENSUS_SECTION_CONSTRUCTION_PERIOD,a08c0ff9e51f39541229a62c02092034aed47a3412db80a6c850cf71593932f2,ab631c6026e3f7cf5cfcff7c6a506eb84b6eeb62f1afa5703fc48ef0897e25fa,0,0,0,63009.828343,1396.9916,45.103942,105,hostname=speed-11.encs.concordia.ca / kernel=Linux 5.14.0-687.39.1.el9_8.x86_64,"EnergyPlus, Version 23.1.0-87ed9199d4, YMD=2026.08.31 11:12"
32781,IT.MidClim.AB.01.Gen.ReEx.001.001,AB,IT.01,FALLBACK_PENDING_LAYOUT_MISSING_DWELLING_COUNT,IMPUTED_CENSUS_SECTION_CONSTRUCTION_PERIOD,28351c6d33bb8390a2c346da0989977af32156eff1b20bda35b4f7e967cee4f8,ab631c6026e3f7cf5cfcff7c6a506eb84b6eeb62f1afa5703fc48ef0897e25fa,0,0,0,76384.230451,1316.2112,58.033415,55,hostname=magic-node-08.encs.concordia.ca / kernel=Linux 5.14.0-687.39.1.el9_8.x86_64,"EnergyPlus, Version 23.1.0-87ed9199d4, YMD=2026.08.31 11:13"
32790,IT.MidClim.AB.01.Gen.ReEx.001.001,AB,IT.01,FALLBACK_PENDING_LAYOUT_MISSING_DWELLING_COUNT,IMPUTED_CENSUS_SECTION_CONSTRUCTION_PERIOD,cfcc79fb1201ea3d22e1b117e26e8060ae99750ae6e40d90988a3789d7e1415d,ab631c6026e3f7cf5cfcff7c6a506eb84b6eeb62f1afa5703fc48ef0897e25fa,0,0,0,45213.678851,813.8481,55.555427,591,hostname=speed-31.encs.concordia.ca / kernel=Linux 5.14.0-687.39.1.el9_8.x86_64,"EnergyPlus, Version 23.1.0-87ed9199d4, YMD=2026.08.31 11:13"
32797,IT.MidClim.AB.01.Gen.ReEx.001.001,AB,IT.01,DWELLING_LAYOUT_EMITTED_IMPUTED_COUNT,IMPUTED_CENSUS_SECTION_CONSTRUCTION_PERIOD,546d2a28828cb777f3922b21856a5b4167b570205fc9c27e7afa19185935b533,ab631c6026e3f7cf5cfcff7c6a506eb84b6eeb62f1afa5703fc48ef0897e25fa,0,0,0,71510.640043,1143.0131,62.563272,1541,hostname=magic-node-08.encs.concordia.ca / kernel=Linux 5.14.0-687.39.1.el9_8.x86_64,"EnergyPlus, Version 23.1.0-87ed9199d4, YMD=2026.08.31 11:14"
32800,IT.MidClim.AB.03.Gen.ReEx.001.001,AB,IT.03,FALLBACK_PENDING_LAYOUT_MISSING_DWELLING_COUNT,IMPUTED_CENSUS_SECTION_CONSTRUCTION_PERIOD,ac35fda560b166710599d51c977bec98d85ed5cfbb8402b56b17d652899b2561,ab631c6026e3f7cf5cfcff7c6a506eb84b6eeb62f1afa5703fc48ef0897e25fa,0,0,0,63823.14975,1175.0102,54.317103,410,hostname=speed-11.encs.concordia.ca / kernel=Linux 5.14.0-687.39.1.el9_8.x86_64,"EnergyPlus, Version 23.1.0-87ed9199d4, YMD=2026.08.31 11:14"
32802,IT.MidClim.AB.01.Gen.ReEx.001.001,AB,IT.01,FALLBACK_PENDING_LAYOUT_MISSING_DWELLING_COUNT,IMPUTED_CENSUS_SECTION_CONSTRUCTION_PERIOD,1e5b795c090a4ecf3b045e2697c561e2d38ef2c4c2f233bb77efc63b4a46ef68,ab631c6026e3f7cf5cfcff7c6a506eb84b6eeb62f1afa5703fc48ef0897e25fa,0,0,0,81723.911454,1178.8075,69.327614,447,hostname=stellar.encs.concordia.ca / kernel=Linux 5.14.0-687.39.1.el9_8.x86_64,"EnergyPlus, Version 23.1.0-87ed9199d4, YMD=2026.08.31 11:14"
32803,IT.MidClim.AB.03.Gen.ReEx.001.001,AB,IT.03,FALLBACK_PENDING_LAYOUT_MISSING_DWELLING_COUNT,IMPUTED_CENSUS_SECTION_CONSTRUCTION_PERIOD,97dc98940f035271ae5b0e5ab965aa82f3eeb765470b2523b84198004dc6db18,ab631c6026e3f7cf5cfcff7c6a506eb84b6eeb62f1afa5703fc48ef0897e25fa,0,0,0,24920.116383,450.9272,55.264168,1394,hostname=speed-37.encs.concordia.ca / kernel=Linux 5.14.0-687.41.1.el9_8.x86_64,"EnergyPlus, Version 23.1.0-87ed9199d4, YMD=2026.08.31 11:15"
32804,IT.MidClim.MFH.01.Gen.ReEx.001.001,MFH,IT.01,DWELLING_LAYOUT_EMITTED_IMPUTED_COUNT,IMPUTED_CENSUS_SECTION_CONSTRUCTION_PERIOD,da5bf102002d04d9c98d3be4fa907ed1a54757e06839692192fc2a5ded2d0042,ab631c6026e3f7cf5cfcff7c6a506eb84b6eeb62f1afa5703fc48ef0897e25fa,0,0,0,44036.499445,723.4751,60.868024,37,hostname=magic-node-10.encs.concordia.ca / kernel=Linux 5.14.0-687.39.1.el9_8.x86_64,"EnergyPlus, Version 23.1.0-87ed9199d4, YMD=2026.08.31 11:16"
32808,IT.MidClim.MFH.01.Gen.ReEx.001.001,MFH,IT.01,DWELLING_LAYOUT_EMITTED_IMPUTED_COUNT,IMPUTED_CENSUS_SECTION_CONSTRUCTION_PERIOD,24d1e3e3d5dff48231716ce71e97d27fa2d936935b9fdf670ec7a5b6a2440483,ab631c6026e3f7cf5cfcff7c6a506eb84b6eeb62f1afa5703fc48ef0897e25fa,1,3,1,,1561.5964,,4,hostname=magic-node-10.encs.concordia.ca / kernel=Linux 5.14.0-687.39.1.el9_8.x86_64,"EnergyPlus, Version 23.1.0-87ed9199d4, YMD=2026.08.31 11:17"
32813,IT.MidClim.AB.03.Gen.ReEx.001.001,AB,IT.03,FALLBACK_PENDING_LAYOUT_MISSING_DWELLING_COUNT,IMPUTED_CENSUS_SECTION_CONSTRUCTION_PERIOD,829c0dd43d259e1c1ee7829dc5e2b68ff30bdce34706af8c54f75a419a737fce,ab631c6026e3f7cf5cfcff7c6a506eb84b6eeb62f1afa5703fc48ef0897e25fa,0,0,0,109292.425025,2028.0103,53.891455,858,hostname=magic-node-10.encs.concordia.ca / kernel=Linux 5.14.0-687.39.1.el9_8.x86_64,"EnergyPlus, Version 23.1.0-87ed9199d4, YMD=2026.08.31 11:17"
32816,IT.MidClim.AB.03.Gen.ReEx.001.001,AB,IT.03,FALLBACK_PENDING_LAYOUT_MISSING_DWELLING_COUNT,IMPUTED_CENSUS_SECTION_CONSTRUCTION_PERIOD,7912c4ac655550ab6109f5a45c81ede3acee8b414400a75f54becceefe8c7399,ab631c6026e3f7cf5cfcff7c6a506eb84b6eeb62f1afa5703fc48ef0897e25fa,0,0,0,29185.815773,526.0627,55.479729,560,hostname=stellar.encs.concordia.ca / kernel=Linux 5.14.0-687.39.1.el9_8.x86_64,"EnergyPlus, Version 23.1.0-87ed9199d4, YMD=2026.08.31 11:17"
32827,IT.MidClim.AB.01.Gen.ReEx.001.001,AB,IT.01,FALLBACK_PENDING_LAYOUT_MISSING_DWELLING_COUNT,IMPUTED_CENSUS_SECTION_CONSTRUCTION_PERIOD,1c44c7762b2af7f8216ad4b7ca6d326fc812154db3f841c0e1f64e5d9922bc8e,ab631c6026e3f7cf5cfcff7c6a506eb84b6eeb62f1afa5703fc48ef0897e25fa,0,0,0,126916.116856,2435.3584,52.113938,61,hostname=antenna2.encs.concordia.ca / kernel=Linux 5.14.0-687.36.1.el9_8.x86_64,"EnergyPlus, Version 23.1.0-87ed9199d4, YMD=2026.08.31 11:17"
32829,IT.MidClim.AB.01.Gen.ReEx.001.001,AB,IT.01,DWELLING_LAYOUT_EMITTED_IMPUTED_COUNT,IMPUTED_CENSUS_SECTION_CONSTRUCTION_PERIOD,847adb641c6cf5ba1c7f5026426f763bbfa71402be414a12837329b827f9056a,ab631c6026e3f7cf5cfcff7c6a506eb84b6eeb62f1afa5703fc48ef0897e25fa,0,1,0,27502.969221,243.1394,113.116053,408,hostname=speed-37.encs.concordia.ca / kernel=Linux 5.14.0-687.41.1.el9_8.x86_64,"EnergyPlus, Version 23.1.0-87ed9199d4, YMD=2026.08.31 11:18"
32833,IT.MidClim.MFH.01.Gen.ReEx.001.001,MFH,IT.01,DWELLING_LAYOUT_EMITTED_IMPUTED_COUNT,IMPUTED_CENSUS_SECTION_CONSTRUCTION_PERIOD,a38ac7cbb76e6687c656792313b162dd97f7025d9dcf55666e77deaf96d5d001,ab631c6026e3f7cf5cfcff7c6a506eb84b6eeb62f1afa5703fc48ef0897e25fa,1,2,1,,1196.3166,,3,hostname=antenna2.encs.concordia.ca / kernel=Linux 5.14.0-687.36.1.el9_8.x86_64,"EnergyPlus, Version 23.1.0-87ed9199d4, YMD=2026.08.31 11:18"
32840,IT.MidClim.MFH.03.Gen.ReEx.001.001,MFH,IT.03,FALLBACK_PENDING_LAYOUT_MISSING_DWELLING_COUNT,IMPUTED_CENSUS_SECTION_CONSTRUCTION_PERIOD,99ba914f8caa75211998af1d7f98247e6824205d89776116d2c74b29f8ac1582,ab631c6026e3f7cf5cfcff7c6a506eb84b6eeb62f1afa5703fc48ef0897e25fa,0,0,0,8977.892131,98.267,91.362229,325,hostname=antenna2.encs.concordia.ca / kernel=Linux 5.14.0-687.36.1.el9_8.x86_64,"EnergyPlus, Version 23.1.0-87ed9199d4, YMD=2026.08.31 11:18"
32844,IT.MidClim.MFH.01.Gen.ReEx.001.001,MFH,IT.01,DWELLING_LAYOUT_EMITTED_IMPUTED_COUNT,IMPUTED_CENSUS_SECTION_CONSTRUCTION_PERIOD,b024ac0de2867096e540c24cef31014d7120d90178314f61c3977be240d9e7d5,ab631c6026e3f7cf5cfcff7c6a506eb84b6eeb62f1afa5703fc48ef0897e25fa,0,0,0,38919.813491,463.8737,83.901746,44,hostname=speed-37.encs.concordia.ca / kernel=Linux 5.14.0-687.41.1.el9_8.x86_64,"EnergyPlus, Version 23.1.0-87ed9199d4, YMD=2026.08.31 11:19"
32848,IT.MidClim.MFH.03.Gen.ReEx.001.001,MFH,IT.03,FALLBACK_PENDING_LAYOUT_MISSING_DWELLING_COUNT,IMPUTED_CENSUS_SECTION_CONSTRUCTION_PERIOD,f84584cc9daebac64fdac34bb516e567489ba9ae82b874199c4f861063969fb4,ab631c6026e3f7cf5cfcff7c6a506eb84b6eeb62f1afa5703fc48ef0897e25fa,0,0,0,7203.395175,74.1849,97.100558,196,hostname=speed-37.encs.concordia.ca / kernel=Linux 5.14.0-687.41.1.el9_8.x86_64,"EnergyPlus, Version 23.1.0-87ed9199d4, YMD=2026.08.31 11:19"
32850,IT.MidClim.AB.01.Gen.ReEx.001.001,AB,IT.01,DWELLING_LAYOUT_EMITTED_IMPUTED_COUNT,IMPUTED_CENSUS_SECTION_CONSTRUCTION_PERIOD,3436de9f6f4090f3c1517db256bfe1f50c185f7c9f290306f7732d2b0063c744,ab631c6026e3f7cf5cfcff7c6a506eb84b6eeb62f1afa5703fc48ef0897e25fa,0,0,0,30029.300791,666.2211,45.074076,744,hostname=speed-37.encs.concordia.ca / kernel=Linux 5.14.0-687.41.1.el9_8.x86_64,"EnergyPlus, Version 23.1.0-87ed9199d4, YMD=2026.08.31 11:19"
32853,IT.MidClim.AB.03.Gen.ReEx.001.001,AB,IT.03,DWELLING_LAYOUT_EMITTED_IMPUTED_COUNT,IMPUTED_CENSUS_SECTION_CONSTRUCTION_PERIOD,2704f693ab0b4fc569c30fe88ae81bb1bdb1ed7aa08919ef1d3a57de7d885ccf,ab631c6026e3f7cf5cfcff7c6a506eb84b6eeb62f1afa5703fc48ef0897e25fa,0,0,0,55005.665966,669.0715,82.21194,2743,hostname=speed-11.encs.concordia.ca / kernel=Linux 5.14.0-687.39.1.el9_8.x86_64,"EnergyPlus, Version 23.1.0-87ed9199d4, YMD=2026.08.31 11:21"
32854,IT.MidClim.AB.01.Gen.ReEx.001.001,AB,IT.01,FALLBACK_PENDING_LAYOUT_MISSING_DWELLING_COUNT,IMPUTED_CENSUS_SECTION_CONSTRUCTION_PERIOD,2e33170c4a7c52b766df40a930e1a840c3db08ef0ddb875d2c060dcdf251991f,ab631c6026e3f7cf5cfcff7c6a506eb84b6eeb62f1afa5703fc48ef0897e25fa,0,0,0,196418.327521,3655.6745,53.729709,953,hostname=speed-37.encs.concordia.ca / kernel=Linux 5.14.0-687.41.1.el9_8.x86_64,"EnergyPlus, Version 23.1.0-87ed9199d4, YMD=2026.08.31 11:21"
32855,IT.MidClim.MFH.01.Gen.ReEx.001.001,MFH,IT.01,DWELLING_LAYOUT_EMITTED_IMPUTED_COUNT,IMPUTED_CENSUS_SECTION_CONSTRUCTION_PERIOD,2d4c4b4f579b4641de5bb2dd3ff53a51b6dc8795408a6a021fec78b96f096fc4,ab631c6026e3f7cf5cfcff7c6a506eb84b6eeb62f1afa5703fc48ef0897e25fa,0,0,0,127334.179936,3643.1022,34.95213,142,hostname=stellar.encs.concordia.ca / kernel=Linux 5.14.0-687.39.1.el9_8.x86_64,"EnergyPlus, Version 23.1.0-87ed9199d4, YMD=2026.08.31 11:22"
32859,IT.MidClim.AB.03.Gen.ReEx.001.001,AB,IT.03,DWELLING_LAYOUT_EMITTED_IMPUTED_COUNT,IMPUTED_CENSUS_SECTION_CONSTRUCTION_PERIOD,20da9482fa8070c5fa3ccfb7c3051c563d16109764ebf4169c20f6084530f02d,ab631c6026e3f7cf5cfcff7c6a506eb84b6eeb62f1afa5703fc48ef0897e25fa,0,1,0,122250.013533,1266.1298,96.554092,1586,hostname=speed-37.encs.concordia.ca / kernel=Linux 5.14.0-687.41.1.el9_8.x86_64,"EnergyPlus, Version 23.1.0-87ed9199d4, YMD=2026.08.31 11:22"
32860,IT.MidClim.AB.03.Gen.ReEx.001.001,AB,IT.03,FALLBACK_PENDING_LAYOUT_MISSING_DWELLING_COUNT,IMPUTED_CENSUS_SECTION_CONSTRUCTION_PERIOD,16e165ca6f1ec56cb4fbada535d1936f985e600b42116873ff8a5af59a47b0de,ab631c6026e3f7cf5cfcff7c6a506eb84b6eeb62f1afa5703fc48ef0897e25fa,0,0,0,106103.978759,1897.529,55.916921,1624,hostname=speed-15.encs.concordia.ca / kernel=Linux 5.14.0-687.39.1.el9_8.x86_64,"EnergyPlus, Version 23.1.0-87ed9199d4, YMD=2026.08.31 11:23"
32864,IT.MidClim.AB.01.Gen.ReEx.001.001,AB,IT.01,FALLBACK_PENDING_LAYOUT_MISSING_DWELLING_COUNT,IMPUTED_CENSUS_SECTION_CONSTRUCTION_PERIOD,3c15dabc242a204c8300d5e78cbc0f30f0d1eb516ebdf8296b6b568e269ef7ae,ab631c6026e3f7cf5cfcff7c6a506eb84b6eeb62f1afa5703fc48ef0897e25fa,0,0,0,68552.570988,1261.825,54.328113,122,hostname=speed-31.encs.concordia.ca / kernel=Linux 5.14.0-687.39.1.el9_8.x86_64,"EnergyPlus, Version 23.1.0-87ed9199d4, YMD=2026.08.31 11:23"
32882,IT.MidClim.AB.01.Gen.ReEx.001.001,AB,IT.01,FALLBACK_PENDING_LAYOUT_MISSING_DWELLING_COUNT,IMPUTED_CENSUS_SECTION_CONSTRUCTION_PERIOD,d1521bb7016e563e0fb3169b33c0853cef4411d95bf5b50051f84745829c74cb,ab631c6026e3f7cf5cfcff7c6a506eb84b6eeb62f1afa5703fc48ef0897e25fa,0,0,0,338617.803243,7080.9866,47.82071,212,hostname=antenna2.encs.concordia.ca / kernel=Linux 5.14.0-687.36.1.el9_8.x86_64,"EnergyPlus, Version 23.1.0-87ed9199d4, YMD=2026.08.31 11:23"
32883,IT.MidClim.AB.01.Gen.ReEx.001.001,AB,IT.01,DWELLING_LAYOUT_EMITTED_IMPUTED_COUNT,IMPUTED_CENSUS_SECTION_CONSTRUCTION_PERIOD,5db5e71c8ef954ec734774dd1bcf48e14dac88bf0a507aefdd9358afaae2a955,ab631c6026e3f7cf5cfcff7c6a506eb84b6eeb62f1afa5703fc48ef0897e25fa,1,16,1,,4540.662,,4,hostname=stellar.encs.concordia.ca / kernel=Linux 5.14.0-687.39.1.el9_8.x86_64,"EnergyPlus, Version 23.1.0-87ed9199d4, YMD=2026.08.31 11:24"
32891,IT.MidClim.AB.01.Gen.ReEx.001.001,AB,IT.01,FALLBACK_PENDING_LAYOUT_MISSING_DWELLING_COUNT,IMPUTED_CENSUS_SECTION_CONSTRUCTION_PERIOD,b36fadea70242c48d53312a341163370338cc94729cf03c0496f88277e698bf3,ab631c6026e3f7cf5cfcff7c6a506eb84b6eeb62f1afa5703fc48ef0897e25fa,0,0,0,113790.523406,2064.0328,55.130191,47,hostname=stellar.encs.concordia.ca / kernel=Linux 5.14.0-687.39.1.el9_8.x86_64,"EnergyPlus, Version 23.1.0-87ed9199d4, YMD=2026.08.31 11:24"
32895,IT.MidClim.AB.01.Gen.ReEx.001.001,AB,IT.01,FALLBACK_PENDING_LAYOUT_MISSING_DWELLING_COUNT,IMPUTED_CENSUS_SECTION_CONSTRUCTION_PERIOD,47455e391d667334993e04c5b103dcbc8d6a3d2cfd53815e45bd4cfd8eb312a1,ab631c6026e3f7cf5cfcff7c6a506eb84b6eeb62f1afa5703fc48ef0897e25fa,0,0,0,92825.581855,1851.0867,50.146534,399,hostname=speed-37.encs.concordia.ca / kernel=Linux 5.14.0-687.41.1.el9_8.x86_64,"EnergyPlus, Version 23.1.0-87ed9199d4, YMD=2026.08.31 11:25"
32904,IT.MidClim.MFH.03.Gen.ReEx.001.001,MFH,IT.03,DWELLING_LAYOUT_EMITTED_IMPUTED_COUNT,IMPUTED_CENSUS_SECTION_CONSTRUCTION_PERIOD,9229368f04c07f0b55e3cddec5e5ac71e4cffdf231f2ae7d2291f7fcdad0bf47,ab631c6026e3f7cf5cfcff7c6a506eb84b6eeb62f1afa5703fc48ef0897e25fa,0,0,0,28763.601703,381.1183,75.471584,915,hostname=speed-37.encs.concordia.ca / kernel=Linux 5.14.0-687.41.1.el9_8.x86_64,"EnergyPlus, Version 23.1.0-87ed9199d4, YMD=2026.08.31 11:25"
32909,IT.MidClim.MFH.01.Gen.ReEx.001.001,MFH,IT.01,DWELLING_LAYOUT_EMITTED_IMPUTED_COUNT,IMPUTED_CENSUS_SECTION_CONSTRUCTION_PERIOD,2b758f3b8bd390cc6997eec4ba74fb3c2030fd274054a6e3b902893970a5abbf,ab631c6026e3f7cf5cfcff7c6a506eb84b6eeb62f1afa5703fc48ef0897e25fa,0,0,0,104051.651228,2109.5898,49.323168,793,hostname=stellar.encs.concordia.ca / kernel=Linux 5.14.0-687.39.1.el9_8.x86_64,"EnergyPlus, Version 23.1.0-87ed9199d4, YMD=2026.08.31 11:25"
32911,IT.MidClim.MFH.03.Gen.ReEx.001.001,MFH,IT.03,FALLBACK_PENDING_LAYOUT_MISSING_DWELLING_COUNT,IMPUTED_CENSUS_SECTION_CONSTRUCTION_PERIOD,4e36f51f74e7d0715bf2c7f79343c1fda19f241931b5c7094bb5ee3e550f9dd5,ab631c6026e3f7cf5cfcff7c6a506eb84b6eeb62f1afa5703fc48ef0897e25fa,0,0,0,87147.655481,1570.7174,55.482708,1399,hostname=speed-31.encs.concordia.ca / kernel=Linux 5.14.0-687.39.1.el9_8.x86_64,"EnergyPlus, Version 23.1.0-87ed9199d4, YMD=2026.08.31 11:25"
32918,IT.MidClim.AB.01.Gen.ReEx.001.001,AB,IT.01,FALLBACK_PENDING_LAYOUT_MISSING_DWELLING_COUNT,IMPUTED_CENSUS_SECTION_CONSTRUCTION_PERIOD,7606e6c0c42be8e579abe20bacc5a4ca64971a7dff59eb4dece09aecb57af249,ab631c6026e3f7cf5cfcff7c6a506eb84b6eeb62f1afa5703fc48ef0897e25fa,0,0,0,74300.045318,1187.5042,62.568238,84,hostname=magic-node-01.encs.concordia.ca / kernel=Linux 5.14.0-687.39.1.el9_8.x86_64,"EnergyPlus, Version 23.1.0-87ed9199d4, YMD=2026.08.31 11:26"
32922,IT.MidClim.AB.01.Gen.ReEx.001.001,AB,IT.01,DWELLING_LAYOUT_EMITTED_IMPUTED_COUNT,IMPUTED_CENSUS_SECTION_CONSTRUCTION_PERIOD,ec0167d14f458df66d638de1dbb907ed54a41872d40c3976685a1effb0bc0a2c,ab631c6026e3f7cf5cfcff7c6a506eb84b6eeb62f1afa5703fc48ef0897e25fa,0,0,0,130740.43129,2208.7746,59.191387,470,hostname=stellar.encs.concordia.ca / kernel=Linux 5.14.0-687.39.1.el9_8.x86_64,"EnergyPlus, Version 23.1.0-87ed9199d4, YMD=2026.08.31 11:26"
32924,IT.MidClim.AB.01.Gen.ReEx.001.001,AB,IT.01,FALLBACK_PENDING_LAYOUT_MISSING_DWELLING_COUNT,IMPUTED_CENSUS_SECTION_CONSTRUCTION_PERIOD,cc8faec58aff98c5e3ebf944050cb7860dd668cca7ddee32ea7b6036e0ac5566,ab631c6026e3f7cf5cfcff7c6a506eb84b6eeb62f1afa5703fc48ef0897e25fa,0,0,0,73373.599904,1207.3843,60.770709,83,hostname=antenna2.encs.concordia.ca / kernel=Linux 5.14.0-687.36.1.el9_8.x86_64,"EnergyPlus, Version 23.1.0-87ed9199d4, YMD=2026.08.31 11:27"
32930,IT.MidClim.MFH.01.Gen.ReEx.001.001,MFH,IT.01,DWELLING_LAYOUT_EMITTED_IMPUTED_COUNT,IMPUTED_CENSUS_SECTION_CONSTRUCTION_PERIOD,6105505515a1adedd9df412d8e77902cab575768c13ae7603459999d0e9df987,ab631c6026e3f7cf5cfcff7c6a506eb84b6eeb62f1afa5703fc48ef0897e25fa,0,0,0,42755.861834,603.0016,70.905055,84,hostname=magic-node-01.encs.concordia.ca / kernel=Linux 5.14.0-687.39.1.el9_8.x86_64,"EnergyPlus, Version 23.1.0-87ed9199d4, YMD=2026.08.31 11:27"
32937,IT.MidClim.AB.01.Gen.ReEx.001.001,AB,IT.01,FALLBACK_PENDING_LAYOUT_MISSING_DWELLING_COUNT,IMPUTED_CENSUS_SECTION_CONSTRUCTION_PERIOD,13d3cdb34368cc2c2e2db27e6ad438e435b12c116d9bffb28c1110a38552e02c,ab631c6026e3f7cf5cfcff7c6a506eb84b6eeb62f1afa5703fc48ef0897e25fa,0,0,0,60682.742297,1232.4799,49.236294,739,hostname=antenna2.encs.concordia.ca / kernel=Linux 5.14.0-687.36.1.el9_8.x86_64,"EnergyPlus, Version 23.1.0-87ed9199d4, YMD=2026.08.31 11:28"
32938,IT.MidClim.AB.01.Gen.ReEx.001.001,AB,IT.01,FALLBACK_PENDING_LAYOUT_MISSING_DWELLING_COUNT,IMPUTED_CENSUS_SECTION_CONSTRUCTION_PERIOD,b9fe180ec7931974e3a1d9788c3647fefda86573809827a7efe2b9a7fa6a6fcb,ab631c6026e3f7cf5cfcff7c6a506eb84b6eeb62f1afa5703fc48ef0897e25fa,0,0,0,57231.06316,982.2188,58.267123,1245,hostname=magic-node-01.encs.concordia.ca / kernel=Linux 5.14.0-687.39.1.el9_8.x86_64,"EnergyPlus, Version 23.1.0-87ed9199d4, YMD=2026.08.31 11:29"
32942,IT.MidClim.AB.01.Gen.ReEx.001.001,AB,IT.01,FALLBACK_PENDING_LAYOUT_MISSING_DWELLING_COUNT,IMPUTED_CENSUS_SECTION_CONSTRUCTION_PERIOD,c813490e53a2f9f39fecb9d792546cc8f6d3de69a55e42b038c40b966908d201,ab631c6026e3f7cf5cfcff7c6a506eb84b6eeb62f1afa5703fc48ef0897e25fa,0,0,0,85899.651077,1493.7361,57.506578,52,hostname=speed-24.encs.concordia.ca / kernel=Linux 5.14.0-687.39.1.el9_8.x86_64,"EnergyPlus, Version 23.1.0-87ed9199d4, YMD=2026.08.31 11:29"
32946,IT.MidClim.AB.01.Gen.ReEx.001.001,AB,IT.01,DWELLING_LAYOUT_EMITTED_IMPUTED_COUNT,IMPUTED_CENSUS_SECTION_CONSTRUCTION_PERIOD,e680b8fb80723c2a0ac993087b7b3a66eb93cd8cd531a890dd387e25758f210a,ab631c6026e3f7cf5cfcff7c6a506eb84b6eeb62f1afa5703fc48ef0897e25fa,0,0,0,8034.630202,150.0267,53.554669,180,hostname=speed-37.encs.concordia.ca / kernel=Linux 5.14.0-687.41.1.el9_8.x86_64,"EnergyPlus, Version 23.1.0-87ed9199d4, YMD=2026.08.31 11:30"
32950,IT.MidClim.AB.01.Gen.ReEx.001.001,AB,IT.01,FALLBACK_PENDING_LAYOUT_MISSING_DWELLING_COUNT,IMPUTED_CENSUS_SECTION_CONSTRUCTION_PERIOD,8c37252ef6107989a5379434746fbd3c173f5c9eaadd8faee7d8fff7819426ec,ab631c6026e3f7cf5cfcff7c6a506eb84b6eeb62f1afa5703fc48ef0897e25fa,0,0,0,70813.46418,1210.2218,58.512798,40,hostname=wolsey.encs.concordia.ca / kernel=Linux 5.14.0-687.39.1.el9_8.x86_64,"EnergyPlus, Version 23.1.0-87ed9199d4, YMD=2026.08.31 11:30"
32952,IT.MidClim.MFH.01.Gen.ReEx.001.001,MFH,IT.01,DWELLING_LAYOUT_EMITTED_IMPUTED_COUNT,IMPUTED_CENSUS_SECTION_CONSTRUCTION_PERIOD,4c1160589360f8ee8d140d1cd5e90a798503a526e43074e2da213404640d862c,ab631c6026e3f7cf5cfcff7c6a506eb84b6eeb62f1afa5703fc48ef0897e25fa,0,0,0,33396.705404,542.9285,61.512161,104,hostname=speed-24.encs.concordia.ca / kernel=Linux 5.14.0-687.39.1.el9_8.x86_64,"EnergyPlus, Version 23.1.0-87ed9199d4, YMD=2026.08.31 11:30"
32955,IT.MidClim.AB.03.Gen.ReEx.001.001,AB,IT.03,FALLBACK_PENDING_LAYOUT_MISSING_DWELLING_COUNT,IMPUTED_CENSUS_SECTION_CONSTRUCTION_PERIOD,c66d51f4e427cc253ab3c61992a597fcf859826c9ea28bf79dddea540ee9b693,ab631c6026e3f7cf5cfcff7c6a506eb84b6eeb62f1afa5703fc48ef0897e25fa,0,0,0,41565.439826,910.0557,45.673512,631,hostname=wolsey.encs.concordia.ca / kernel=Linux 5.14.0-687.39.1.el9_8.x86_64,"EnergyPlus, Version 23.1.0-87ed9199d4, YMD=2026.08.31 11:31"
32960,IT.MidClim.AB.01.Gen.ReEx.001.001,AB,IT.01,FALLBACK_PENDING_LAYOUT_MISSING_DWELLING_COUNT,IMPUTED_CENSUS_SECTION_CONSTRUCTION_PERIOD,8538ebf0a0946d74b16687ebd0f24b52ea0b7c6883bbb31a932e4430aed48ddf,ab631c6026e3f7cf5cfcff7c6a506eb84b6eeb62f1afa5703fc48ef0897e25fa,0,0,0,60849.72257,1138.1356,53.464387,1167,hostname=magic-node-10.encs.concordia.ca / kernel=Linux 5.14.0-687.39.1.el9_8.x86_64,"EnergyPlus, Version 23.1.0-87ed9199d4, YMD=2026.08.31 11:31"
32961,IT.MidClim.AB.01.Gen.ReEx.001.001,AB,IT.01,FALLBACK_PENDING_LAYOUT_MISSING_DWELLING_COUNT,IMPUTED_CENSUS_SECTION_CONSTRUCTION_PERIOD,29912164a5af7577cd62accb01e9294607db0e88c980aebbe9cfc843a7ca6797,ab631c6026e3f7cf5cfcff7c6a506eb84b6eeb62f1afa5703fc48ef0897e25fa,0,0,0,128956.804698,2423.8437,53.203433,33,hostname=speed-37.encs.concordia.ca / kernel=Linux 5.14.0-687.41.1.el9_8.x86_64,"EnergyPlus, Version 23.1.0-87ed9199d4, YMD=2026.08.31 11:31"
32966,IT.MidClim.MFH.01.Gen.ReEx.001.001,MFH,IT.01,DWELLING_LAYOUT_EMITTED_IMPUTED_COUNT,IMPUTED_CENSUS_SECTION_CONSTRUCTION_PERIOD,a4d2b49a9754bdbaeb4af1eff8c5cb0b1934aa9fed62822f269036729f11165a,ab631c6026e3f7cf5cfcff7c6a506eb84b6eeb62f1afa5703fc48ef0897e25fa,0,0,0,63261.673159,1630.1481,38.807316,51,hostname=speed-37.encs.concordia.ca / kernel=Linux 5.14.0-687.41.1.el9_8.x86_64,"EnergyPlus, Version 23.1.0-87ed9199d4, YMD=2026.08.31 11:32"
32974,IT.MidClim.AB.01.Gen.ReEx.001.001,AB,IT.01,FALLBACK_PENDING_LAYOUT_MISSING_DWELLING_COUNT,IMPUTED_CENSUS_SECTION_CONSTRUCTION_PERIOD,c2cb080104b4c6d332a6298b7c130f789490d8c39a4e0a68f2e3c08218c74db9,ab631c6026e3f7cf5cfcff7c6a506eb84b6eeb62f1afa5703fc48ef0897e25fa,0,0,0,80114.922506,1378.4369,58.120123,36,hostname=speed-37.encs.concordia.ca / kernel=Linux 5.14.0-687.41.1.el9_8.x86_64,"EnergyPlus, Version 23.1.0-87ed9199d4, YMD=2026.08.31 11:32"
32981,IT.MidClim.AB.01.Gen.ReEx.001.001,AB,IT.01,FALLBACK_PENDING_LAYOUT_MISSING_DWELLING_COUNT,IMPUTED_CENSUS_SECTION_CONSTRUCTION_PERIOD,aed10f9eb3fb9f4961368869ba6be732b6b9984a2a254b8665f90ef0f1a484f6,ab631c6026e3f7cf5cfcff7c6a506eb84b6eeb62f1afa5703fc48ef0897e25fa,0,0,0,72522.633163,1417.8889,51.148319,956,hostname=speed-24.encs.concordia.ca / kernel=Linux 5.14.0-687.39.1.el9_8.x86_64,"EnergyPlus, Version 23.1.0-87ed9199d4, YMD=2026.08.31 11:32"
32997,IT.MidClim.MFH.03.Gen.ReEx.001.001,MFH,IT.03,DWELLING_LAYOUT_EMITTED_IMPUTED_COUNT,IMPUTED_CENSUS_SECTION_CONSTRUCTION_PERIOD,1fa136c69998e128604e7b818c557e6f9ed9fb1541897a759b08b7dd143c0457,ab631c6026e3f7cf5cfcff7c6a506eb84b6eeb62f1afa5703fc48ef0897e25fa,0,0,0,24449.577648,335.5497,72.864251,589,hostname=speed-37.encs.concordia.ca / kernel=Linux 5.14.0-687.41.1.el9_8.x86_64,"EnergyPlus, Version 23.1.0-87ed9199d4, YMD=2026.08.31 11:32"
33003,IT.MidClim.AB.01.Gen.ReEx.001.001,AB,IT.01,FALLBACK_PENDING_LAYOUT_MISSING_DWELLING_COUNT,IMPUTED_CENSUS_SECTION_CONSTRUCTION_PERIOD,83b9f8d613aab620de82615415633d8b721308b87611989cb1753f90b85f52f5,ab631c6026e3f7cf5cfcff7c6a506eb84b6eeb62f1afa5703fc48ef0897e25fa,0,0,0,89888.574598,1858.2833,48.371836,503,hostname=speed-37.encs.concordia.ca / kernel=Linux 5.14.0-687.41.1.el9_8.x86_64,"EnergyPlus, Version 23.1.0-87ed9199d4, YMD=2026.08.31 11:33"
33004,IT.MidClim.AB.01.Gen.ReEx.001.001,AB,IT.01,FALLBACK_PENDING_LAYOUT_MISSING_DWELLING_COUNT,IMPUTED_CENSUS_SECTION_CONSTRUCTION_PERIOD,6cc0e14692a04ed81b4a8b08f115685330975cbd47097fe0050b2fa5432418be,ab631c6026e3f7cf5cfcff7c6a506eb84b6eeb62f1afa5703fc48ef0897e25fa,0,0,0,59910.414764,1164.5763,51.443958,120,hostname=speed-37.encs.concordia.ca / kernel=Linux 5.14.0-687.41.1.el9_8.x86_64,"EnergyPlus, Version 23.1.0-87ed9199d4, YMD=2026.08.31 11:33"
33028,IT.MidClim.MFH.01.Gen.ReEx.001.001,MFH,IT.01,DWELLING_LAYOUT_EMITTED_IMPUTED_COUNT,IMPUTED_CENSUS_SECTION_CONSTRUCTION_PERIOD,05d554c387a9396bc17b4fbd408009f2f730ae58059946c6dfad60ec64861f97,ab631c6026e3f7cf5cfcff7c6a506eb84b6eeb62f1afa5703fc48ef0897e25fa,0,0,0,31960.755944,646.674,49.423289,38,hostname=speed-24.encs.concordia.ca / kernel=Linux 5.14.0-687.39.1.el9_8.x86_64,"EnergyPlus, Version 23.1.0-87ed9199d4, YMD=2026.08.31 11:34"
33034,IT.MidClim.MFH.03.Gen.ReEx.001.001,MFH,IT.03,FALLBACK_PENDING_LAYOUT_MISSING_DWELLING_COUNT,IMPUTED_CENSUS_SECTION_CONSTRUCTION_PERIOD,31af25adbff7f1ba47cb4c077f0c9ff2f2eaecd76cf05e324d42b2649bf3905e,ab631c6026e3f7cf5cfcff7c6a506eb84b6eeb62f1afa5703fc48ef0897e25fa,0,0,0,29102.097564,421.7225,69.007695,1164,hostname=magic-node-09.encs.concordia.ca / kernel=Linux 5.14.0-687.39.1.el9_8.x86_64,"EnergyPlus, Version 23.1.0-87ed9199d4, YMD=2026.08.31 11:34"
33040,IT.MidClim.TH.03.Gen.ReEx.001.001,TH,IT.03,DWELLING_LAYOUT_EMITTED_IMPUTED_COUNT,IMPUTED_CENSUS_SECTION_CONSTRUCTION_PERIOD,f075cdde8be29fae1867c0423f96bed15b8a9922a5367dd5eaa6060c521d6607,ab631c6026e3f7cf5cfcff7c6a506eb84b6eeb62f1afa5703fc48ef0897e25fa,0,0,0,14185.89719,68.8229,206.121759,221,hostname=stellar.encs.concordia.ca / kernel=Linux 5.14.0-687.39.1.el9_8.x86_64,"EnergyPlus, Version 23.1.0-87ed9199d4, YMD=2026.08.31 11:34"
33044,IT.MidClim.AB.01.Gen.ReEx.001.001,AB,IT.01,FALLBACK_PENDING_LAYOUT_MISSING_DWELLING_COUNT,IMPUTED_CENSUS_SECTION_CONSTRUCTION_PERIOD,ca994cae27d934df0e8d8911fa7254d1ab42290557e481eff5469c98ab9ed7b8,ab631c6026e3f7cf5cfcff7c6a506eb84b6eeb62f1afa5703fc48ef0897e25fa,0,0,0,54637.373763,857.972,63.682001,1025,hostname=speed-24.encs.concordia.ca / kernel=Linux 5.14.0-687.39.1.el9_8.x86_64,"EnergyPlus, Version 23.1.0-87ed9199d4, YMD=2026.08.31 11:34"
33047,IT.MidClim.MFH.03.Gen.ReEx.001.001,MFH,IT.03,FALLBACK_PENDING_LAYOUT_MISSING_DWELLING_COUNT,IMPUTED_CENSUS_SECTION_CONSTRUCTION_PERIOD,9f5427440f8af9d31e4bdc3699a388c78c9e1b04301b017fbcd02e63446142bd,ab631c6026e3f7cf5cfcff7c6a506eb84b6eeb62f1afa5703fc48ef0897e25fa,0,0,0,24492.026395,435.0316,56.299419,339,hostname=speed-31.encs.concordia.ca / kernel=Linux 5.14.0-687.39.1.el9_8.x86_64,"EnergyPlus, Version 23.1.0-87ed9199d4, YMD=2026.08.31 11:35"
33048,IT.MidClim.MFH.01.Gen.ReEx.001.001,MFH,IT.01,DWELLING_LAYOUT_EMITTED_IMPUTED_COUNT,IMPUTED_CENSUS_SECTION_CONSTRUCTION_PERIOD,347ffb3c41b8579a0d7fdb40e44647f396d809589b55f4ec71188b07436cd520,ab631c6026e3f7cf5cfcff7c6a506eb84b6eeb62f1afa5703fc48ef0897e25fa,0,0,0,51420.913748,1203.0005,42.743884,47,hostname=magic-node-02.encs.concordia.ca / kernel=Linux 5.14.0-687.39.1.el9_8.x86_64,"EnergyPlus, Version 23.1.0-87ed9199d4, YMD=2026.08.31 11:35"
33063,IT.MidClim.MFH.03.Gen.ReEx.001.001,MFH,IT.03,FALLBACK_PENDING_LAYOUT_MISSING_DWELLING_COUNT,IMPUTED_CENSUS_SECTION_CONSTRUCTION_PERIOD,e158f1dc8b3747fc24f4ac88e9f0e7159913bc052f5772f3e17c7fd76ffdabdb,ab631c6026e3f7cf5cfcff7c6a506eb84b6eeb62f1afa5703fc48ef0897e25fa,0,0,0,49334.297239,620.9714,79.446972,1667,hostname=speed-37.encs.concordia.ca / kernel=Linux 5.14.0-687.41.1.el9_8.x86_64,"EnergyPlus, Version 23.1.0-87ed9199d4, YMD=2026.08.31 11:35"
33066,IT.MidClim.AB.01.Gen.ReEx.001.001,AB,IT.01,FALLBACK_PENDING_LAYOUT_MISSING_DWELLING_COUNT,IMPUTED_CENSUS_SECTION_CONSTRUCTION_PERIOD,125a80653125f0956143db56f49503921695ba711c4c28b57a104556c95e147c,ab631c6026e3f7cf5cfcff7c6a506eb84b6eeb62f1afa5703fc48ef0897e25fa,0,0,0,60266.467854,944.0279,63.839711,187,hostname=magic-node-02.encs.concordia.ca / kernel=Linux 5.14.0-687.39.1.el9_8.x86_64,"EnergyPlus, Version 23.1.0-87ed9199d4, YMD=2026.08.31 11:36"
33067,IT.MidClim.AB.01.Gen.ReEx.001.001,AB,IT.01,FALLBACK_PENDING_LAYOUT_MISSING_DWELLING_COUNT,IMPUTED_CENSUS_SECTION_CONSTRUCTION_PERIOD,6d0fbf064bc8b36bc7e4d1cefeec67f0fe78d3dfaab397f5f3bc21db1ef2ff02,ab631c6026e3f7cf5cfcff7c6a506eb84b6eeb62f1afa5703fc48ef0897e25fa,0,0,0,40322.947393,614.2497,65.645856,113,hostname=speed-35.encs.concordia.ca / kernel=Linux 5.14.0-687.39.1.el9_8.x86_64,"EnergyPlus, Version 23.1.0-87ed9199d4, YMD=2026.08.31 11:36"
33069,IT.MidClim.MFH.01.Gen.ReEx.001.001,MFH,IT.01,DWELLING_LAYOUT_EMITTED_IMPUTED_COUNT,IMPUTED_CENSUS_SECTION_CONSTRUCTION_PERIOD,33badc9df7cd2dc94151d846e30724219789eea9b111ea1b98615e3312ef7d4b,ab631c6026e3f7cf5cfcff7c6a506eb84b6eeb62f1afa5703fc48ef0897e25fa,0,1,0,38401.419621,462.6522,83.002782,36,hostname=speed-37.encs.concordia.ca / kernel=Linux 5.14.0-687.41.1.el9_8.x86_64,"EnergyPlus, Version 23.1.0-87ed9199d4, YMD=2026.08.31 11:37"
33083,IT.MidClim.SFH.03.Gen.ReEx.001.001,SFH,IT.03,DWELLING_LAYOUT_EMITTED_IMPUTED_COUNT,IMPUTED_CENSUS_SECTION_CONSTRUCTION_PERIOD,30777b5f1383dbb094292c51c64b9e2aad4f3c22f4df36afec3c1b344c836e2b,ab631c6026e3f7cf5cfcff7c6a506eb84b6eeb62f1afa5703fc48ef0897e25fa,0,0,0,9643.175212,45.0248,214.174748,451,hostname=speed-35.encs.concordia.ca / kernel=Linux 5.14.0-687.39.1.el9_8.x86_64,"EnergyPlus, Version 23.1.0-87ed9199d4, YMD=2026.08.31 11:38"
33086,IT.MidClim.AB.01.Gen.ReEx.001.001,AB,IT.01,FALLBACK_PENDING_LAYOUT_MISSING_DWELLING_COUNT,IMPUTED_CENSUS_SECTION_CONSTRUCTION_PERIOD,39afdaacc7cb10582da88c9a968876c1ce45efc854978b3145c18ba707c89b41,ab631c6026e3f7cf5cfcff7c6a506eb84b6eeb62f1afa5703fc48ef0897e25fa,0,0,0,44907.327293,838.3615,53.565589,1202,hostname=speed-35.encs.concordia.ca / kernel=Linux 5.14.0-687.39.1.el9_8.x86_64,"EnergyPlus, Version 23.1.0-87ed9199d4, YMD=2026.08.31 11:38"
33091,IT.MidClim.MFH.01.Gen.ReEx.001.001,MFH,IT.01,DWELLING_LAYOUT_EMITTED_IMPUTED_COUNT,IMPUTED_CENSUS_SECTION_CONSTRUCTION_PERIOD,4d289b3b3d7fcef6680ef82b69321137de650abb64b3fe8c00f4afa5ace37f7b,ab631c6026e3f7cf5cfcff7c6a506eb84b6eeb62f1afa5703fc48ef0897e25fa,0,0,0,265643.852063,5141.5503,51.6661,78,hostname=stellar.encs.concordia.ca / kernel=Linux 5.14.0-687.39.1.el9_8.x86_64,"EnergyPlus, Version 23.1.0-87ed9199d4, YMD=2026.08.31 11:38"
33101,IT.MidClim.AB.01.Gen.ReEx.001.001,AB,IT.01,DWELLING_LAYOUT_EMITTED_IMPUTED_COUNT,IMPUTED_CENSUS_SECTION_CONSTRUCTION_PERIOD,06faad28aab418372fe38aacd28755155d49b4efd1bb18af94c5e1022b954b77,ab631c6026e3f7cf5cfcff7c6a506eb84b6eeb62f1afa5703fc48ef0897e25fa,0,0,0,148362.613809,2468.73,60.096735,47,hostname=speed-37.encs.concordia.ca / kernel=Linux 5.14.0-687.41.1.el9_8.x86_64,"EnergyPlus, Version 23.1.0-87ed9199d4, YMD=2026.08.31 11:38"
33109,IT.MidClim.MFH.01.Gen.ReEx.001.001,MFH,IT.01,DWELLING_LAYOUT_EMITTED_IMPUTED_COUNT,IMPUTED_CENSUS_SECTION_CONSTRUCTION_PERIOD,c49248caf3ba5ad991efafc52806e2171689cdb9251059aa9e88388edf837f7a,ab631c6026e3f7cf5cfcff7c6a506eb84b6eeb62f1afa5703fc48ef0897e25fa,1,4,1,,1310.5942,,2,hostname=speed-37.encs.concordia.ca / kernel=Linux 5.14.0-687.41.1.el9_8.x86_64,"EnergyPlus, Version 23.1.0-87ed9199d4, YMD=2026.08.31 11:38"
33112,IT.MidClim.AB.01.Gen.ReEx.001.001,AB,IT.01,FALLBACK_PENDING_LAYOUT_MISSING_DWELLING_COUNT,IMPUTED_CENSUS_SECTION_CONSTRUCTION_PERIOD,f7130b0238a6881c23244e609ee55a3177ce823284b086bebc6a60293c25dc26,ab631c6026e3f7cf5cfcff7c6a506eb84b6eeb62f1afa5703fc48ef0897e25fa,0,0,0,30512.952142,480.8162,63.460741,357,hostname=speed-37.encs.concordia.ca / kernel=Linux 5.14.0-687.41.1.el9_8.x86_64,"EnergyPlus, Version 23.1.0-87ed9199d4, YMD=2026.08.31 11:38"
33119,IT.MidClim.AB.01.Gen.ReEx.001.001,AB,IT.01,DWELLING_LAYOUT_EMITTED_IMPUTED_COUNT,IMPUTED_CENSUS_SECTION_CONSTRUCTION_PERIOD,74ec48e44aeeb544333bb9e1ce21490c155aa1563a44ed4cbcd1d354b62bdc2b,ab631c6026e3f7cf5cfcff7c6a506eb84b6eeb62f1afa5703fc48ef0897e25fa,0,0,0,99774.260722,1423.315,70.099915,458,hostname=stellar.encs.concordia.ca / kernel=Linux 5.14.0-687.39.1.el9_8.x86_64,"EnergyPlus, Version 23.1.0-87ed9199d4, YMD=2026.08.31 11:38"
33123,IT.MidClim.AB.01.Gen.ReEx.001.001,AB,IT.01,DWELLING_LAYOUT_EMITTED_IMPUTED_COUNT,IMPUTED_CENSUS_SECTION_CONSTRUCTION_PERIOD,1c84618013751452a0670d738640e3532391eff66e3e9c2f18d963ce73608b33,ab631c6026e3f7cf5cfcff7c6a506eb84b6eeb62f1afa5703fc48ef0897e25fa,0,1,0,80783.1768,953.4787,84.724679,236,hostname=speed-15.encs.concordia.ca / kernel=Linux 5.14.0-687.39.1.el9_8.x86_64,"EnergyPlus, Version 23.1.0-87ed9199d4, YMD=2026.08.31 11:39"
33128,IT.MidClim.MFH.01.Gen.ReEx.001.001,MFH,IT.01,DWELLING_LAYOUT_EMITTED_IMPUTED_COUNT,IMPUTED_CENSUS_SECTION_CONSTRUCTION_PERIOD,5f2b319116eb44be7e7ed1990c56cb4a584fe7329c1c34a8a13e80b52650deff,ab631c6026e3f7cf5cfcff7c6a506eb84b6eeb62f1afa5703fc48ef0897e25fa,0,0,0,14810.402711,180.9699,81.839039,56,hostname=magic-node-02.encs.concordia.ca / kernel=Linux 5.14.0-687.39.1.el9_8.x86_64,"EnergyPlus, Version 23.1.0-87ed9199d4, YMD=2026.08.31 11:39"
33130,IT.MidClim.AB.01.Gen.ReEx.001.001,AB,IT.01,FALLBACK_PENDING_LAYOUT_MISSING_DWELLING_COUNT,IMPUTED_CENSUS_SECTION_CONSTRUCTION_PERIOD,9afe76713c18694529a69097d2ca10f13e541a42118f30596783788652b625e7,ab631c6026e3f7cf5cfcff7c6a506eb84b6eeb62f1afa5703fc48ef0897e25fa,0,0,0,26273.576913,512.4259,51.272929,247,hostname=speed-37.encs.concordia.ca / kernel=Linux 5.14.0-687.41.1.el9_8.x86_64,"EnergyPlus, Version 23.1.0-87ed9199d4, YMD=2026.08.31 11:39"
33141,IT.MidClim.AB.01.Gen.ReEx.001.001,AB,IT.01,FALLBACK_PENDING_LAYOUT_MISSING_DWELLING_COUNT,IMPUTED_CENSUS_SECTION_CONSTRUCTION_PERIOD,acac243048fff278d7779aaafec793fa69e766a30c95b78f37a9efea9ecca7ed,ab631c6026e3f7cf5cfcff7c6a506eb84b6eeb62f1afa5703fc48ef0897e25fa,0,0,0,99888.661602,1844.3198,54.160163,442,hostname=stellar.encs.concordia.ca / kernel=Linux 5.14.0-687.39.1.el9_8.x86_64,"EnergyPlus, Version 23.1.0-87ed9199d4, YMD=2026.08.31 11:39"
33143,IT.MidClim.AB.01.Gen.ReEx.001.001,AB,IT.01,FALLBACK_PENDING_LAYOUT_MISSING_DWELLING_COUNT,IMPUTED_CENSUS_SECTION_CONSTRUCTION_PERIOD,92d36c38843d73136be7a09dfc0b3632cd260a78cd3ce571376c5ed28bb23c09,ab631c6026e3f7cf5cfcff7c6a506eb84b6eeb62f1afa5703fc48ef0897e25fa,0,0,0,33241.331597,584.658,56.856028,1151,hostname=magic-node-08.encs.concordia.ca / kernel=Linux 5.14.0-687.39.1.el9_8.x86_64,"EnergyPlus, Version 23.1.0-87ed9199d4, YMD=2026.08.31 11:39"
33153,IT.MidClim.AB.01.Gen.ReEx.001.001,AB,IT.01,FALLBACK_PENDING_LAYOUT_MISSING_DWELLING_COUNT,IMPUTED_CENSUS_SECTION_CONSTRUCTION_PERIOD,01a9a7b4b6ceb85219a0b7cd4186d3b31f48755a4e0940b60a8c6844442f343c,ab631c6026e3f7cf5cfcff7c6a506eb84b6eeb62f1afa5703fc48ef0897e25fa,0,0,0,20422.432596,342.5002,59.627506,766,hostname=magic-node-02.encs.concordia.ca / kernel=Linux 5.14.0-687.39.1.el9_8.x86_64,"EnergyPlus, Version 23.1.0-87ed9199d4, YMD=2026.08.31 11:40"
33167,IT.MidClim.MFH.01.Gen.ReEx.001.001,MFH,IT.01,DWELLING_LAYOUT_EMITTED_IMPUTED_COUNT,IMPUTED_CENSUS_SECTION_CONSTRUCTION_PERIOD,8745e8d9c468462e9d39e792b15f8d4af16871eb688217c263a9d03a307c2e03,ab631c6026e3f7cf5cfcff7c6a506eb84b6eeb62f1afa5703fc48ef0897e25fa,0,0,0,63360.214026,915.7535,69.189158,28,hostname=speed-37.encs.concordia.ca / kernel=Linux 5.14.0-687.41.1.el9_8.x86_64,"EnergyPlus, Version 23.1.0-87ed9199d4, YMD=2026.08.31 11:40"
33168,IT.MidClim.AB.01.Gen.ReEx.001.001,AB,IT.01,FALLBACK_PENDING_LAYOUT_MISSING_DWELLING_COUNT,IMPUTED_CENSUS_SECTION_CONSTRUCTION_PERIOD,24840fc47be83f1172e921153e724263344c78038a38a6a60b998594a24f5136,ab631c6026e3f7cf5cfcff7c6a506eb84b6eeb62f1afa5703fc48ef0897e25fa,0,0,0,89545.830056,1511.5881,59.239571,599,hostname=speed-31.encs.concordia.ca / kernel=Linux 5.14.0-687.39.1.el9_8.x86_64,"EnergyPlus, Version 23.1.0-87ed9199d4, YMD=2026.08.31 11:40"
33171,IT.MidClim.AB.01.Gen.ReEx.001.001,AB,IT.01,FALLBACK_PENDING_LAYOUT_MISSING_DWELLING_COUNT,IMPUTED_CENSUS_SECTION_CONSTRUCTION_PERIOD,90d1dc27ce9093ddef1b1e6eadc25ed49b9e66a56c6ac4a05ae741a9c9801450,ab631c6026e3f7cf5cfcff7c6a506eb84b6eeb62f1afa5703fc48ef0897e25fa,0,0,0,42255.666556,700.6319,60.310795,386,hostname=speed-37.encs.concordia.ca / kernel=Linux 5.14.0-687.41.1.el9_8.x86_64,"EnergyPlus, Version 23.1.0-87ed9199d4, YMD=2026.08.31 11:40"
33180,IT.MidClim.AB.01.Gen.ReEx.001.001,AB,IT.01,DWELLING_LAYOUT_EMITTED_IMPUTED_COUNT,IMPUTED_CENSUS_SECTION_CONSTRUCTION_PERIOD,e592f1fd4cd657dd05ed42a6a43f65082cb1f7ef914c8aeb36d14bb3faec3a40,ab631c6026e3f7cf5cfcff7c6a506eb84b6eeb62f1afa5703fc48ef0897e25fa,0,0,0,242816.853247,4765.2288,50.955969,217,hostname=antenna2.encs.concordia.ca / kernel=Linux 5.14.0-687.36.1.el9_8.x86_64,"EnergyPlus, Version 23.1.0-87ed9199d4, YMD=2026.08.31 11:41"
33184,IT.MidClim.AB.01.Gen.ReEx.001.001,AB,IT.01,FALLBACK_PENDING_LAYOUT_MISSING_DWELLING_COUNT,IMPUTED_CENSUS_SECTION_CONSTRUCTION_PERIOD,004edf49c5584f83de7241bfc6c7072b5aeac19e6bc59a857090ec06e4b94039,ab631c6026e3f7cf5cfcff7c6a506eb84b6eeb62f1afa5703fc48ef0897e25fa,0,0,0,104084.645308,1995.4177,52.161833,330,hostname=speed-37.encs.concordia.ca / kernel=Linux 5.14.0-687.41.1.el9_8.x86_64,"EnergyPlus, Version 23.1.0-87ed9199d4, YMD=2026.08.31 11:41"
33186,IT.MidClim.MFH.01.Gen.ReEx.001.001,MFH,IT.01,DWELLING_LAYOUT_EMITTED_IMPUTED_COUNT,IMPUTED_CENSUS_SECTION_CONSTRUCTION_PERIOD,6db4a8c1a0614fb4e1c5e658f801cbb18bb4f1aed5465f68a3569258b7f5fe48,ab631c6026e3f7cf5cfcff7c6a506eb84b6eeb62f1afa5703fc48ef0897e25fa,1,3,1,,854.1769,,3,hostname=speed-37.encs.concordia.ca / kernel=Linux 5.14.0-687.41.1.el9_8.x86_64,"EnergyPlus, Version 23.1.0-87ed9199d4, YMD=2026.08.31 11:41"
33191,IT.MidClim.AB.01.Gen.ReEx.001.001,AB,IT.01,FALLBACK_PENDING_LAYOUT_MISSING_DWELLING_COUNT,IMPUTED_CENSUS_SECTION_CONSTRUCTION_PERIOD,07c6736e1ec1aa74228df64e7a6d40877ed3cf9127e079a041ddedf44977610f,ab631c6026e3f7cf5cfcff7c6a506eb84b6eeb62f1afa5703fc48ef0897e25fa,0,0,0,189011.696812,3903.5029,48.421047,41,hostname=speed-37.encs.concordia.ca / kernel=Linux 5.14.0-687.41.1.el9_8.x86_64,"EnergyPlus, Version 23.1.0-87ed9199d4, YMD=2026.08.31 11:41"
33193,IT.MidClim.AB.01.Gen.ReEx.001.001,AB,IT.01,DWELLING_LAYOUT_EMITTED_IMPUTED_COUNT,IMPUTED_CENSUS_SECTION_CONSTRUCTION_PERIOD,38c2810ced8e98056a9e6ecf186431d9c80d8b6a8ac01680e82fd37d89b8dae3,ab631c6026e3f7cf5cfcff7c6a506eb84b6eeb62f1afa5703fc48ef0897e25fa,0,0,0,36477.690261,630.4023,57.864145,1011,hostname=antenna2.encs.concordia.ca / kernel=Linux 5.14.0-687.36.1.el9_8.x86_64,"EnergyPlus, Version 23.1.0-87ed9199d4, YMD=2026.08.31 11:42"
33196,IT.MidClim.MFH.01.Gen.ReEx.001.001,MFH,IT.01,DWELLING_LAYOUT_EMITTED_IMPUTED_COUNT,IMPUTED_CENSUS_SECTION_CONSTRUCTION_PERIOD,0110ee329354c9edb561239ac76d545d7775e35f763488dc5df006677d4539ca,ab631c6026e3f7cf5cfcff7c6a506eb84b6eeb62f1afa5703fc48ef0897e25fa,0,0,0,141793.908397,2180.3187,65.03357,143,hostname=speed-37.encs.concordia.ca / kernel=Linux 5.14.0-687.41.1.el9_8.x86_64,"EnergyPlus, Version 23.1.0-87ed9199d4, YMD=2026.08.31 11:42"
33207,IT.MidClim.MFH.01.Gen.ReEx.001.001,MFH,IT.01,DWELLING_LAYOUT_EMITTED_IMPUTED_COUNT,IMPUTED_CENSUS_SECTION_CONSTRUCTION_PERIOD,5c4adb287deb2fef3718f378fc24ad94294cdcc65c2fe7e676e6596da8309069,ab631c6026e3f7cf5cfcff7c6a506eb84b6eeb62f1afa5703fc48ef0897e25fa,1,2,1,,343.8092,,3,hostname=speed-15.encs.concordia.ca / kernel=Linux 5.14.0-687.39.1.el9_8.x86_64,"EnergyPlus, Version 23.1.0-87ed9199d4, YMD=2026.08.31 11:43"
33213,IT.MidClim.MFH.01.Gen.ReEx.001.001,MFH,IT.01,DWELLING_LAYOUT_EMITTED_IMPUTED_COUNT,IMPUTED_CENSUS_SECTION_CONSTRUCTION_PERIOD,a4453ee61188c31875a65322ca86b4d0698c2a2c4b6e17ba07cf5840b424ec65,ab631c6026e3f7cf5cfcff7c6a506eb84b6eeb62f1afa5703fc48ef0897e25fa,0,0,0,12274.979227,269.8005,45.496503,810,hostname=speed-15.encs.concordia.ca / kernel=Linux 5.14.0-687.39.1.el9_8.x86_64,"EnergyPlus, Version 23.1.0-87ed9199d4, YMD=2026.08.31 11:43"
33227,IT.MidClim.AB.01.Gen.ReEx.001.001,AB,IT.01,DWELLING_LAYOUT_EMITTED_IMPUTED_COUNT,IMPUTED_CENSUS_SECTION_CONSTRUCTION_PERIOD,18adb313dd15bbd505d813e35ab603c2e420629b82ae267c52633a3e939f6f38,ab631c6026e3f7cf5cfcff7c6a506eb84b6eeb62f1afa5703fc48ef0897e25fa,0,0,0,38155.862624,714.5807,53.396156,813,hostname=speed-37.encs.concordia.ca / kernel=Linux 5.14.0-687.41.1.el9_8.x86_64,"EnergyPlus, Version 23.1.0-87ed9199d4, YMD=2026.08.31 11:43"
33229,IT.MidClim.AB.01.Gen.ReEx.001.001,AB,IT.01,DWELLING_LAYOUT_EMITTED_IMPUTED_COUNT,IMPUTED_CENSUS_SECTION_CONSTRUCTION_PERIOD,87e9ac2214c76e07c3f64db9f48b8fa03c1498fa2c840f2c78c7a8942b5d06e0,ab631c6026e3f7cf5cfcff7c6a506eb84b6eeb62f1afa5703fc48ef0897e25fa,0,0,0,367623.25654,7879.3376,46.65662,82,hostname=speed-37.encs.concordia.ca / kernel=Linux 5.14.0-687.41.1.el9_8.x86_64,"EnergyPlus, Version 23.1.0-87ed9199d4, YMD=2026.08.31 11:44"
33231,IT.MidClim.SFH.01.Gen.ReEx.001.001,SFH,IT.01,DWELLING_LAYOUT_EMITTED_IMPUTED_COUNT,IMPUTED_CENSUS_SECTION_CONSTRUCTION_PERIOD,2ef0bff50d7058a4a2c293ff2d51c4ac36cb535d0c9cf8d541df2a809709b5be,ab631c6026e3f7cf5cfcff7c6a506eb84b6eeb62f1afa5703fc48ef0897e25fa,0,0,0,3800.347402,25.833,147.11212,35,hostname=antenna2.encs.concordia.ca / kernel=Linux 5.14.0-687.36.1.el9_8.x86_64,"EnergyPlus, Version 23.1.0-87ed9199d4, YMD=2026.08.31 11:44"
33241,IT.MidClim.AB.01.Gen.ReEx.001.001,AB,IT.01,DWELLING_LAYOUT_EMITTED_IMPUTED_COUNT,IMPUTED_CENSUS_SECTION_CONSTRUCTION_PERIOD,ef77f5fcfd3e620dc3455c09efd0c6255e3a2154544350da93bceb1a4906d619,ab631c6026e3f7cf5cfcff7c6a506eb84b6eeb62f1afa5703fc48ef0897e25fa,0,0,0,15202.583416,157.0813,96.781625,71,hostname=speed-37.encs.concordia.ca / kernel=Linux 5.14.0-687.41.1.el9_8.x86_64,"EnergyPlus, Version 23.1.0-87ed9199d4, YMD=2026.08.31 11:45"
33245,IT.MidClim.MFH.01.Gen.ReEx.001.001,MFH,IT.01,DWELLING_LAYOUT_EMITTED_IMPUTED_COUNT,IMPUTED_CENSUS_SECTION_CONSTRUCTION_PERIOD,d251bbb82662d0aeb122ed38f324e900fbcbded1c4aa2bfa05a295f8388be64f,ab631c6026e3f7cf5cfcff7c6a506eb84b6eeb62f1afa5703fc48ef0897e25fa,0,0,0,16284.757436,214.5029,75.918589,811,hostname=antenna2.encs.concordia.ca / kernel=Linux 5.14.0-687.36.1.el9_8.x86_64,"EnergyPlus, Version 23.1.0-87ed9199d4, YMD=2026.08.31 11:45"
33251,IT.MidClim.AB.01.Gen.ReEx.001.001,AB,IT.01,FALLBACK_PENDING_LAYOUT_MISSING_DWELLING_COUNT,IMPUTED_CENSUS_SECTION_CONSTRUCTION_PERIOD,3cdc3bf32a8e1c26b11b97ad014ca8b4d9997decfd61ba76130ea54811089a6f,ab631c6026e3f7cf5cfcff7c6a506eb84b6eeb62f1afa5703fc48ef0897e25fa,0,0,0,64742.061883,1152.2282,56.188576,138,hostname=speed-35.encs.concordia.ca / kernel=Linux 5.14.0-687.39.1.el9_8.x86_64,"EnergyPlus, Version 23.1.0-87ed9199d4, YMD=2026.08.31 11:45"
33255,IT.MidClim.MFH.01.Gen.ReEx.001.001,MFH,IT.01,DWELLING_LAYOUT_EMITTED_IMPUTED_COUNT,IMPUTED_CENSUS_SECTION_CONSTRUCTION_PERIOD,5ade4bd16b60b30deb78dd124b42e76377e742aece3f78d792c0ee269e8b8186,ab631c6026e3f7cf5cfcff7c6a506eb84b6eeb62f1afa5703fc48ef0897e25fa,0,0,0,54010.360564,1332.588,40.530427,59,hostname=speed-37.encs.concordia.ca / kernel=Linux 5.14.0-687.41.1.el9_8.x86_64,"EnergyPlus, Version 23.1.0-87ed9199d4, YMD=2026.08.31 11:45"
33260,IT.MidClim.AB.01.Gen.ReEx.001.001,AB,IT.01,FALLBACK_PENDING_LAYOUT_MISSING_DWELLING_COUNT,IMPUTED_CENSUS_SECTION_CONSTRUCTION_PERIOD,f17bc393cc056be3c7fe966e2a84b9fa4fe1b4dfe9543e3d6e4f5eb8cdb74d2f,ab631c6026e3f7cf5cfcff7c6a506eb84b6eeb62f1afa5703fc48ef0897e25fa,0,0,0,98734.230758,2170.3806,45.491667,202,hostname=speed-33.encs.concordia.ca / kernel=Linux 5.14.0-687.39.1.el9_8.x86_64,"EnergyPlus, Version 23.1.0-87ed9199d4, YMD=2026.08.31 11:46"
33261,IT.MidClim.AB.01.Gen.ReEx.001.001,AB,IT.01,DWELLING_LAYOUT_EMITTED_IMPUTED_COUNT,IMPUTED_CENSUS_SECTION_CONSTRUCTION_PERIOD,b500a7a143fff582e1549b2ba2a42e6816003bfbf0f58e8f11412fd0125b0056,ab631c6026e3f7cf5cfcff7c6a506eb84b6eeb62f1afa5703fc48ef0897e25fa,0,0,0,118348.903933,2313.865,51.147713,70,hostname=speed-33.encs.concordia.ca / kernel=Linux 5.14.0-687.39.1.el9_8.x86_64,"EnergyPlus, Version 23.1.0-87ed9199d4, YMD=2026.08.31 11:46"
33266,IT.MidClim.SFH.01.Gen.ReEx.001.001,SFH,IT.01,DWELLING_LAYOUT_EMITTED_IMPUTED_COUNT,IMPUTED_CENSUS_SECTION_CONSTRUCTION_PERIOD,fc527cdf5e6dea8f8db85deaf897b53b32fbcde5b28e9e276bc4be881765382f,ab631c6026e3f7cf5cfcff7c6a506eb84b6eeb62f1afa5703fc48ef0897e25fa,0,0,0,6829.123469,27.191,251.153818,9,hostname=stellar.encs.concordia.ca / kernel=Linux 5.14.0-687.39.1.el9_8.x86_64,"EnergyPlus, Version 23.1.0-87ed9199d4, YMD=2026.08.31 11:46"
33273,IT.MidClim.AB.01.Gen.ReEx.001.001,AB,IT.01,FALLBACK_PENDING_LAYOUT_MISSING_DWELLING_COUNT,IMPUTED_CENSUS_SECTION_CONSTRUCTION_PERIOD,4e10ef779bac53bfa4679260dee29fabc35822ff73ffc9b24881fb1f3f80de9e,ab631c6026e3f7cf5cfcff7c6a506eb84b6eeb62f1afa5703fc48ef0897e25fa,0,0,0,56902.177652,870.0864,65.398307,58,hostname=stellar.encs.concordia.ca / kernel=Linux 5.14.0-687.39.1.el9_8.x86_64,"EnergyPlus, Version 23.1.0-87ed9199d4, YMD=2026.08.31 11:46"
33278,IT.MidClim.MFH.01.Gen.ReEx.001.001,MFH,IT.01,DWELLING_LAYOUT_EMITTED_IMPUTED_COUNT,IMPUTED_CENSUS_SECTION_CONSTRUCTION_PERIOD,0eaff550fa0945fd5df01be774bec20176ea570d617dcaa7e9bb1574bfafecd1,ab631c6026e3f7cf5cfcff7c6a506eb84b6eeb62f1afa5703fc48ef0897e25fa,1,9,1,,279.6968,,3,hostname=stellar.encs.concordia.ca / kernel=Linux 5.14.0-687.39.1.el9_8.x86_64,"EnergyPlus, Version 23.1.0-87ed9199d4, YMD=2026.08.31 11:46"
33288,IT.MidClim.AB.01.Gen.ReEx.001.001,AB,IT.01,DWELLING_LAYOUT_EMITTED_IMPUTED_COUNT,IMPUTED_CENSUS_SECTION_CONSTRUCTION_PERIOD,2a0cdcafb679981a5b66f889f85db1ec53fc6fb744b2215b84e7f77abf424413,ab631c6026e3f7cf5cfcff7c6a506eb84b6eeb62f1afa5703fc48ef0897e25fa,0,0,0,107257.351156,1870.8657,57.330332,58,hostname=stellar.encs.concordia.ca / kernel=Linux 5.14.0-687.39.1.el9_8.x86_64,"EnergyPlus, Version 23.1.0-87ed9199d4, YMD=2026.08.31 11:46"
33298,IT.MidClim.MFH.01.Gen.ReEx.001.001,MFH,IT.01,DWELLING_LAYOUT_EMITTED_IMPUTED_COUNT,IMPUTED_CENSUS_SECTION_CONSTRUCTION_PERIOD,5d958cd4c6897daa2c6984614603e852102ae681327a8497a7b95825ef392c1d,ab631c6026e3f7cf5cfcff7c6a506eb84b6eeb62f1afa5703fc48ef0897e25fa,0,0,0,43917.728973,600.5162,73.133296,23,hostname=speed-37.encs.concordia.ca / kernel=Linux 5.14.0-687.41.1.el9_8.x86_64,"EnergyPlus, Version 23.1.0-87ed9199d4, YMD=2026.08.31 11:46"
33299,IT.MidClim.AB.01.Gen.ReEx.001.001,AB,IT.01,FALLBACK_PENDING_LAYOUT_MISSING_DWELLING_COUNT,IMPUTED_CENSUS_SECTION_CONSTRUCTION_PERIOD,4aeaee9d53b1a60828665629302a54560aa4ef9e02602cb2c53fe75a96eff6d6,ab631c6026e3f7cf5cfcff7c6a506eb84b6eeb62f1afa5703fc48ef0897e25fa,0,0,0,134939.749136,2612.8251,51.645152,40,hostname=speed-37.encs.concordia.ca / kernel=Linux 5.14.0-687.41.1.el9_8.x86_64,"EnergyPlus, Version 23.1.0-87ed9199d4, YMD=2026.08.31 11:47"
33303,IT.MidClim.SFH.01.Gen.ReEx.001.001,SFH,IT.01,DWELLING_LAYOUT_EMITTED_IMPUTED_COUNT,IMPUTED_CENSUS_SECTION_CONSTRUCTION_PERIOD,d8ecb08d60bf0be37cf1438c8ee7b29a5e8eb05bf3f582c9b5f0d69823f5a6b3,ab631c6026e3f7cf5cfcff7c6a506eb84b6eeb62f1afa5703fc48ef0897e25fa,0,0,0,13188.173576,74.5812,176.829732,32,hostname=speed-37.encs.concordia.ca / kernel=Linux 5.14.0-687.41.1.el9_8.x86_64,"EnergyPlus, Version 23.1.0-87ed9199d4, YMD=2026.08.31 11:47"
33320,IT.MidClim.AB.01.Gen.ReEx.001.001,AB,IT.01,DWELLING_LAYOUT_EMITTED_IMPUTED_COUNT,IMPUTED_CENSUS_SECTION_CONSTRUCTION_PERIOD,dab0925cbd65a4f78224b91ec5bf161a023aeb78041ad5843511849d36beea68,ab631c6026e3f7cf5cfcff7c6a506eb84b6eeb62f1afa5703fc48ef0897e25fa,1,14,1,,2410.0853,,3,hostname=speed-33.encs.concordia.ca / kernel=Linux 5.14.0-687.39.1.el9_8.x86_64,"EnergyPlus, Version 23.1.0-87ed9199d4, YMD=2026.08.31 11:47"
33327,IT.MidClim.AB.01.Gen.ReEx.001.001,AB,IT.01,FALLBACK_PENDING_LAYOUT_MISSING_DWELLING_COUNT,IMPUTED_CENSUS_SECTION_CONSTRUCTION_PERIOD,820919a7bbae30686bb8bc37d982fb99710195034c74c4ebae52a9234b9ff1d8,ab631c6026e3f7cf5cfcff7c6a506eb84b6eeb62f1afa5703fc48ef0897e25fa,0,0,0,236266.230901,4807.336,49.147018,237,hostname=speed-33.encs.concordia.ca / kernel=Linux 5.14.0-687.39.1.el9_8.x86_64,"EnergyPlus, Version 23.1.0-87ed9199d4, YMD=2026.08.31 11:47"
33329,IT.MidClim.AB.01.Gen.ReEx.001.001,AB,IT.01,FALLBACK_PENDING_LAYOUT_MISSING_DWELLING_COUNT,IMPUTED_CENSUS_SECTION_CONSTRUCTION_PERIOD,68a6963974119b39c3dea03946c2bce8a4ee6242ceada3a8526ea6f66bdb3bf8,ab631c6026e3f7cf5cfcff7c6a506eb84b6eeb62f1afa5703fc48ef0897e25fa,0,0,0,62727.654637,1003.6838,62.497427,65,hostname=stellar.encs.concordia.ca / kernel=Linux 5.14.0-687.39.1.el9_8.x86_64,"EnergyPlus, Version 23.1.0-87ed9199d4, YMD=2026.08.31 11:47"
33335,IT.MidClim.MFH.01.Gen.ReEx.001.001,MFH,IT.01,DWELLING_LAYOUT_EMITTED_IMPUTED_COUNT,IMPUTED_CENSUS_SECTION_CONSTRUCTION_PERIOD,72c0b5ab59f93eaccec3424826ed48a766156f6e0c880f6f5532c758d0dc06a2,ab631c6026e3f7cf5cfcff7c6a506eb84b6eeb62f1afa5703fc48ef0897e25fa,0,0,0,11906.189567,116.9889,101.771959,231,hostname=speed-35.encs.concordia.ca / kernel=Linux 5.14.0-687.39.1.el9_8.x86_64,"EnergyPlus, Version 23.1.0-87ed9199d4, YMD=2026.08.31 11:47"
33336,IT.MidClim.SFH.01.Gen.ReEx.001.001,SFH,IT.01,DWELLING_LAYOUT_EMITTED_IMPUTED_COUNT,IMPUTED_CENSUS_SECTION_CONSTRUCTION_PERIOD,7ff532e2b3ecb4803a850bd0f3dfb87faf650d9423aa8a12a2e6b9a9286a312e,ab631c6026e3f7cf5cfcff7c6a506eb84b6eeb62f1afa5703fc48ef0897e25fa,0,0,0,6554.46377,24.4634,267.929387,89,hostname=speed-37.encs.concordia.ca / kernel=Linux 5.14.0-687.41.1.el9_8.x86_64,"EnergyPlus, Version 23.1.0-87ed9199d4, YMD=2026.08.31 11:47"
33338,IT.MidClim.AB.01.Gen.ReEx.001.001,AB,IT.01,FALLBACK_PENDING_LAYOUT_MISSING_DWELLING_COUNT,IMPUTED_CENSUS_SECTION_CONSTRUCTION_PERIOD,f20f0bcbff180cf1f02251aaaa0e0010d1470d1e1a9a4e966a2d3ac6ee917dfb,ab631c6026e3f7cf5cfcff7c6a506eb84b6eeb62f1afa5703fc48ef0897e25fa,0,0,0,89150.990529,1621.4666,54.9817,160,hostname=stellar.encs.concordia.ca / kernel=Linux 5.14.0-687.39.1.el9_8.x86_64,"EnergyPlus, Version 23.1.0-87ed9199d4, YMD=2026.08.31 11:47"
33340,IT.MidClim.MFH.01.Gen.ReEx.001.001,MFH,IT.01,DWELLING_LAYOUT_EMITTED_IMPUTED_COUNT,IMPUTED_CENSUS_SECTION_CONSTRUCTION_PERIOD,6deac83f7fa63b52924d760a78f8593593867d747a4478cfab6b0b6f7bed97be,ab631c6026e3f7cf5cfcff7c6a506eb84b6eeb62f1afa5703fc48ef0897e25fa,1,8,1,,109.104,,2,hostname=speed-37.encs.concordia.ca / kernel=Linux 5.14.0-687.41.1.el9_8.x86_64,"EnergyPlus, Version 23.1.0-87ed9199d4, YMD=2026.08.31 11:48"
33353,IT.MidClim.AB.01.Gen.ReEx.001.001,AB,IT.01,DWELLING_LAYOUT_EMITTED_IMPUTED_COUNT,IMPUTED_CENSUS_SECTION_CONSTRUCTION_PERIOD,aa0b5caec7642c511cff0c7c40e7300e19e948959d6f4d759c59b7219061f75c,ab631c6026e3f7cf5cfcff7c6a506eb84b6eeb62f1afa5703fc48ef0897e25fa,1,3,1,,913.4467,,3,hostname=speed-37.encs.concordia.ca / kernel=Linux 5.14.0-687.41.1.el9_8.x86_64,"EnergyPlus, Version 23.1.0-87ed9199d4, YMD=2026.08.31 11:48"
33354,IT.MidClim.AB.01.Gen.ReEx.001.001,AB,IT.01,FALLBACK_PENDING_LAYOUT_MISSING_DWELLING_COUNT,IMPUTED_CENSUS_SECTION_CONSTRUCTION_PERIOD,82a506a0354c874b727a07310108948216c4248437c6540df1eaa2f0ff4818ad,ab631c6026e3f7cf5cfcff7c6a506eb84b6eeb62f1afa5703fc48ef0897e25fa,0,0,0,83825.04092,1576.0089,53.188177,42,hostname=speed-37.encs.concordia.ca / kernel=Linux 5.14.0-687.41.1.el9_8.x86_64,"EnergyPlus, Version 23.1.0-87ed9199d4, YMD=2026.08.31 11:48"
33359,IT.MidClim.AB.01.Gen.ReEx.001.001,AB,IT.01,FALLBACK_PENDING_LAYOUT_MISSING_DWELLING_COUNT,IMPUTED_CENSUS_SECTION_CONSTRUCTION_PERIOD,fa53fe243e181eb1f576a488676ed32bd22512bac43484fd65fd0c02b6e59a46,ab631c6026e3f7cf5cfcff7c6a506eb84b6eeb62f1afa5703fc48ef0897e25fa,0,0,0,105855.824039,2082.9133,50.821042,678,hostname=speed-24.encs.concordia.ca / kernel=Linux 5.14.0-687.39.1.el9_8.x86_64,"EnergyPlus, Version 23.1.0-87ed9199d4, YMD=2026.08.31 11:48"
33362,IT.MidClim.MFH.01.Gen.ReEx.001.001,MFH,IT.01,DWELLING_LAYOUT_EMITTED_IMPUTED_COUNT,IMPUTED_CENSUS_SECTION_CONSTRUCTION_PERIOD,9872f0199ee443dcf5ab09b31ae68d655ed7277268bb9edc1c40c11417993709,ab631c6026e3f7cf5cfcff7c6a506eb84b6eeb62f1afa5703fc48ef0897e25fa,1,2,1,,490.5068,,3,hostname=speed-37.encs.concordia.ca / kernel=Linux 5.14.0-687.41.1.el9_8.x86_64,"EnergyPlus, Version 23.1.0-87ed9199d4, YMD=2026.08.31 11:48"
33363,IT.MidClim.AB.01.Gen.ReEx.001.001,AB,IT.01,FALLBACK_PENDING_LAYOUT_MISSING_DWELLING_COUNT,IMPUTED_CENSUS_SECTION_CONSTRUCTION_PERIOD,5e1b582e3e921514dc6163395c93679ed60bcb7d82fee2d9e48c12f56dfb4c4e,ab631c6026e3f7cf5cfcff7c6a506eb84b6eeb62f1afa5703fc48ef0897e25fa,0,0,0,95658.285409,1778.2437,53.793687,402,hostname=speed-37.encs.concordia.ca / kernel=Linux 5.14.0-687.41.1.el9_8.x86_64,"EnergyPlus, Version 23.1.0-87ed9199d4, YMD=2026.08.31 11:48"
33377,IT.MidClim.AB.01.Gen.ReEx.001.001,AB,IT.01,DWELLING_LAYOUT_EMITTED_IMPUTED_COUNT,IMPUTED_CENSUS_SECTION_CONSTRUCTION_PERIOD,85e54919feb24e5dc8b040ad4fda308db0de9ab8abbf82ceef0be25d3930a854,ab631c6026e3f7cf5cfcff7c6a506eb84b6eeb62f1afa5703fc48ef0897e25fa,0,0,0,88672.250308,1354.6505,65.457659,52,hostname=speed-37.encs.concordia.ca / kernel=Linux 5.14.0-687.41.1.el9_8.x86_64,"EnergyPlus, Version 23.1.0-87ed9199d4, YMD=2026.08.31 11:48"
33378,IT.MidClim.AB.01.Gen.ReEx.001.001,AB,IT.01,FALLBACK_PENDING_LAYOUT_MISSING_DWELLING_COUNT,IMPUTED_CENSUS_SECTION_CONSTRUCTION_PERIOD,539cbfa55068bc0b10c19cb039f3c9b45a8b53febec70fcd80848b05e4bc732c,ab631c6026e3f7cf5cfcff7c6a506eb84b6eeb62f1afa5703fc48ef0897e25fa,0,0,0,70622.140644,1305.7401,54.085909,23,hostname=stellar.encs.concordia.ca / kernel=Linux 5.14.0-687.39.1.el9_8.x86_64,"EnergyPlus, Version 23.1.0-87ed9199d4, YMD=2026.08.31 11:48"
33388,IT.MidClim.AB.01.Gen.ReEx.001.001,AB,IT.01,FALLBACK_PENDING_LAYOUT_MISSING_DWELLING_COUNT,IMPUTED_CENSUS_SECTION_CONSTRUCTION_PERIOD,e49e5d18020cf5b70f032493c70f6adc4da140fc3a2b50fb0eb3214c4f83131c,ab631c6026e3f7cf5cfcff7c6a506eb84b6eeb62f1afa5703fc48ef0897e25fa,0,0,0,155949.550218,2862.381,54.482457,593,hostname=speed-31.encs.concordia.ca / kernel=Linux 5.14.0-687.39.1.el9_8.x86_64,"EnergyPlus, Version 23.1.0-87ed9199d4, YMD=2026.08.31 11:49"
33390,IT.MidClim.AB.01.Gen.ReEx.001.001,AB,IT.01,FALLBACK_PENDING_LAYOUT_MISSING_DWELLING_COUNT,IMPUTED_CENSUS_SECTION_CONSTRUCTION_PERIOD,7f573e20d812a81f487677eb4eb50510f61342a36c13ab7942ac0cbedf0e966f,ab631c6026e3f7cf5cfcff7c6a506eb84b6eeb62f1afa5703fc48ef0897e25fa,0,0,0,99318.843137,1757.6195,56.507591,28,hostname=stellar.encs.concordia.ca / kernel=Linux 5.14.0-687.39.1.el9_8.x86_64,"EnergyPlus, Version 23.1.0-87ed9199d4, YMD=2026.08.31 11:49"
33401,IT.MidClim.AB.01.Gen.ReEx.001.001,AB,IT.01,FALLBACK_PENDING_LAYOUT_MISSING_DWELLING_COUNT,IMPUTED_CENSUS_SECTION_CONSTRUCTION_PERIOD,c64b226106aecee3f03d8d817aa26445df6df7d457603da20ce406ab9a0617ab,ab631c6026e3f7cf5cfcff7c6a506eb84b6eeb62f1afa5703fc48ef0897e25fa,0,0,0,117081.898751,2183.2045,53.628462,69,hostname=speed-29.encs.concordia.ca / kernel=Linux 5.14.0-687.39.1.el9_8.x86_64,"EnergyPlus, Version 23.1.0-87ed9199d4, YMD=2026.08.31 11:49"
33412,IT.MidClim.AB.01.Gen.ReEx.001.001,AB,IT.01,FALLBACK_PENDING_LAYOUT_MISSING_DWELLING_COUNT,IMPUTED_CENSUS_SECTION_CONSTRUCTION_PERIOD,ecd998b41888c88e7a91160a986b04c1ff5be445fd2ef230ab9865d4a4d766b0,ab631c6026e3f7cf5cfcff7c6a506eb84b6eeb62f1afa5703fc48ef0897e25fa,0,0,0,62827.022392,1009.3753,62.243471,50,hostname=speed-29.encs.concordia.ca / kernel=Linux 5.14.0-687.39.1.el9_8.x86_64,"EnergyPlus, Version 23.1.0-87ed9199d4, YMD=2026.08.31 11:49"
33413,IT.MidClim.AB.01.Gen.ReEx.001.001,AB,IT.01,DWELLING_LAYOUT_EMITTED_IMPUTED_COUNT,IMPUTED_CENSUS_SECTION_CONSTRUCTION_PERIOD,671a87474eb7a991ccb4a4bbe5f683af774a7e2c439ec86d5c6b73d8ad2cdf27,ab631c6026e3f7cf5cfcff7c6a506eb84b6eeb62f1afa5703fc48ef0897e25fa,0,0,0,173677.179868,3290.9721,52.773823,81,hostname=speed-33.encs.concordia.ca / kernel=Linux 5.14.0-687.39.1.el9_8.x86_64,"EnergyPlus, Version 23.1.0-87ed9199d4, YMD=2026.08.31 11:49"
33446,IT.MidClim.AB.01.Gen.ReEx.001.001,AB,IT.01,DWELLING_LAYOUT_EMITTED_IMPUTED_COUNT,IMPUTED_CENSUS_SECTION_CONSTRUCTION_PERIOD,7d3f4d8d147356467c0e2b6e9c82d0abe7f404ce8e9f1037f03875bedc9ed70d,ab631c6026e3f7cf5cfcff7c6a506eb84b6eeb62f1afa5703fc48ef0897e25fa,0,0,0,96440.64163,1497.1625,64.415614,14,hostname=speed-37.encs.concordia.ca / kernel=Linux 5.14.0-687.41.1.el9_8.x86_64,"EnergyPlus, Version 23.1.0-87ed9199d4, YMD=2026.08.31 11:49"
33450,IT.MidClim.AB.01.Gen.ReEx.001.001,AB,IT.01,FALLBACK_PENDING_LAYOUT_MISSING_DWELLING_COUNT,IMPUTED_CENSUS_SECTION_CONSTRUCTION_PERIOD,87553abc01f91911db5270a15921601341bcfebcb822d5d8fedef21c0af5e317,ab631c6026e3f7cf5cfcff7c6a506eb84b6eeb62f1afa5703fc48ef0897e25fa,0,0,0,75721.688316,1501.0878,50.444543,174,hostname=magic-node-01.encs.concordia.ca / kernel=Linux 5.14.0-687.39.1.el9_8.x86_64,"EnergyPlus, Version 23.1.0-87ed9199d4, YMD=2026.08.31 11:49"
33470,IT.MidClim.AB.01.Gen.ReEx.001.001,AB,IT.01,DWELLING_LAYOUT_EMITTED_IMPUTED_COUNT,IMPUTED_CENSUS_SECTION_CONSTRUCTION_PERIOD,a48af641efcb4b588e5432852c9674890128d63fbf6b53bd36d0092dfcc975af,ab631c6026e3f7cf5cfcff7c6a506eb84b6eeb62f1afa5703fc48ef0897e25fa,0,1,0,126272.087949,1543.1807,81.82586,110,hostname=speed-37.encs.concordia.ca / kernel=Linux 5.14.0-687.41.1.el9_8.x86_64,"EnergyPlus, Version 23.1.0-87ed9199d4, YMD=2026.08.31 11:49"
33471,IT.MidClim.AB.01.Gen.ReEx.001.001,AB,IT.01,FALLBACK_PENDING_LAYOUT_MISSING_DWELLING_COUNT,IMPUTED_CENSUS_SECTION_CONSTRUCTION_PERIOD,2f5999d38086a3eccf39583662951b08557c04dcd4790cd4e0ab07ca35d5dbe8,ab631c6026e3f7cf5cfcff7c6a506eb84b6eeb62f1afa5703fc48ef0897e25fa,0,0,0,65231.739193,1106.4746,58.954574,22,hostname=speed-15.encs.concordia.ca / kernel=Linux 5.14.0-687.39.1.el9_8.x86_64,"EnergyPlus, Version 23.1.0-87ed9199d4, YMD=2026.08.31 11:50"
33473,IT.MidClim.AB.01.Gen.ReEx.001.001,AB,IT.01,FALLBACK_PENDING_LAYOUT_MISSING_DWELLING_COUNT,IMPUTED_CENSUS_SECTION_CONSTRUCTION_PERIOD,27a0015c78b359640fbe1686abef3758a641a86697b5e911739cfb3c190213ab,ab631c6026e3f7cf5cfcff7c6a506eb84b6eeb62f1afa5703fc48ef0897e25fa,0,0,0,145873.318195,2871.7337,50.796255,40,hostname=speed-29.encs.concordia.ca / kernel=Linux 5.14.0-687.39.1.el9_8.x86_64,"EnergyPlus, Version 23.1.0-87ed9199d4, YMD=2026.08.31 11:50"
33482,IT.MidClim.AB.01.Gen.ReEx.001.001,AB,IT.01,FALLBACK_PENDING_LAYOUT_MISSING_DWELLING_COUNT,IMPUTED_CENSUS_SECTION_CONSTRUCTION_PERIOD,0cee25ea3cd32f770980cdc2b184cbb6fc58de8ed20289b66b32cc2d7cf1a0bf,ab631c6026e3f7cf5cfcff7c6a506eb84b6eeb62f1afa5703fc48ef0897e25fa,0,0,0,96059.712963,1763.174,54.481131,31,hostname=speed-29.encs.concordia.ca / kernel=Linux 5.14.0-687.39.1.el9_8.x86_64,"EnergyPlus, Version 23.1.0-87ed9199d4, YMD=2026.08.31 11:50"
33487,IT.MidClim.AB.01.Gen.ReEx.001.001,AB,IT.01,DWELLING_LAYOUT_EMITTED_IMPUTED_COUNT,IMPUTED_CENSUS_SECTION_CONSTRUCTION_PERIOD,e79e52ca40bb93643260480aa9890fadae0cbb74aa0d709ebd99226b52fca137,ab631c6026e3f7cf5cfcff7c6a506eb84b6eeb62f1afa5703fc48ef0897e25fa,0,0,0,146785.848332,2471.0602,59.401972,16,hostname=stellar.encs.concordia.ca / kernel=Linux 5.14.0-687.39.1.el9_8.x86_64,"EnergyPlus, Version 23.1.0-87ed9199d4, YMD=2026.08.31 11:50"
33500,IT.MidClim.AB.01.Gen.ReEx.001.001,AB,IT.01,DWELLING_LAYOUT_EMITTED_IMPUTED_COUNT,IMPUTED_CENSUS_SECTION_CONSTRUCTION_PERIOD,5fe687ad2fde986abf595ec0a44cc54ffe275de58507d7d0d32be2ed59dc39b4,ab631c6026e3f7cf5cfcff7c6a506eb84b6eeb62f1afa5703fc48ef0897e25fa,0,1,0,242384.067386,2530.8948,95.770108,1025,hostname=speed-15.encs.concordia.ca / kernel=Linux 5.14.0-687.39.1.el9_8.x86_64,"EnergyPlus, Version 23.1.0-87ed9199d4, YMD=2026.08.31 11:50"
33580,IT.MidClim.MFH.01.Gen.ReEx.001.001,MFH,IT.01,DWELLING_LAYOUT_EMITTED_IMPUTED_COUNT,IMPUTED_CENSUS_SECTION_CONSTRUCTION_PERIOD,6a1713e9263a60bdb44e1de65519bd5f391ebdce204c68bbe08d3cb550582a3f,ab631c6026e3f7cf5cfcff7c6a506eb84b6eeb62f1afa5703fc48ef0897e25fa,1,7,1,,699.6245,,2,hostname=speed-31.encs.concordia.ca / kernel=Linux 5.14.0-687.39.1.el9_8.x86_64,"EnergyPlus, Version 23.1.0-87ed9199d4, YMD=2026.08.31 11:50"
33617,IT.MidClim.AB.01.Gen.ReEx.001.001,AB,IT.01,FALLBACK_PENDING_LAYOUT_MISSING_DWELLING_COUNT,IMPUTED_CENSUS_SECTION_CONSTRUCTION_PERIOD,3fc530fc6cec952358387de62445d9f51e8449dbe45486ca084523e9476a7e64,ab631c6026e3f7cf5cfcff7c6a506eb84b6eeb62f1afa5703fc48ef0897e25fa,0,0,0,150855.400379,3017.7777,49.988904,101,hostname=speed-31.encs.concordia.ca / kernel=Linux 5.14.0-687.39.1.el9_8.x86_64,"EnergyPlus, Version 23.1.0-87ed9199d4, YMD=2026.08.31 11:50"
33632,IT.MidClim.AB.01.Gen.ReEx.001.001,AB,IT.01,FALLBACK_PENDING_LAYOUT_MISSING_DWELLING_COUNT,IMPUTED_CENSUS_SECTION_CONSTRUCTION_PERIOD,f955347e43ccc370621bf90afaf3d9e852dda9a281d44a6726d1668a001f86f9,ab631c6026e3f7cf5cfcff7c6a506eb84b6eeb62f1afa5703fc48ef0897e25fa,0,0,0,111417.020488,1995.5608,55.832436,56,hostname=stellar.encs.concordia.ca / kernel=Linux 5.14.0-687.39.1.el9_8.x86_64,"EnergyPlus, Version 23.1.0-87ed9199d4, YMD=2026.08.31 11:50"
81068,IT.MidClim.MFH.01.Gen.ReEx.001.001,MFH,IT.01,DWELLING_LAYOUT_EMITTED_IMPUTED_COUNT,IMPUTED_CENSUS_SECTION_CONSTRUCTION_PERIOD,60e4ae2604f6cc19df37534ddd17bb9f33db75f7c44d0c12be27f90016e0955a,ab631c6026e3f7cf5cfcff7c6a506eb84b6eeb62f1afa5703fc48ef0897e25fa,0,0,0,7537.934077,61.3819,122.803857,55,hostname=magic-node-10.encs.concordia.ca / kernel=Linux 5.14.0-687.39.1.el9_8.x86_64,"EnergyPlus, Version 23.1.0-87ed9199d4, YMD=2026.08.31 11:51"
81069,IT.MidClim.MFH.01.Gen.ReEx.001.001,MFH,IT.01,DWELLING_LAYOUT_EMITTED_IMPUTED_COUNT,IMPUTED_CENSUS_SECTION_CONSTRUCTION_PERIOD,3dfada84cd39f3ea58498fb6c50c643df14b553c66480707efb88a8b66944f92,ab631c6026e3f7cf5cfcff7c6a506eb84b6eeb62f1afa5703fc48ef0897e25fa,0,0,0,15610.085475,469.7854,33.22812,149,hostname=speed-29.encs.concordia.ca / kernel=Linux 5.14.0-687.39.1.el9_8.x86_64,"EnergyPlus, Version 23.1.0-87ed9199d4, YMD=2026.08.31 11:51"
81070,IT.MidClim.MFH.01.Gen.ReEx.001.001,MFH,IT.01,DWELLING_LAYOUT_EMITTED_IMPUTED_COUNT,IMPUTED_CENSUS_SECTION_CONSTRUCTION_PERIOD,149b2c2b09928546850c5a43e308acbf5fb766de2563968983936e3ca7525906,ab631c6026e3f7cf5cfcff7c6a506eb84b6eeb62f1afa5703fc48ef0897e25fa,0,0,0,5559.068508,107.3545,51.782352,11,hostname=speed-33.encs.concordia.ca / kernel=Linux 5.14.0-687.39.1.el9_8.x86_64,"EnergyPlus, Version 23.1.0-87ed9199d4, YMD=2026.08.31 11:51"
81071,IT.MidClim.MFH.01.Gen.ReEx.001.001,MFH,IT.01,DWELLING_LAYOUT_EMITTED_IMPUTED_COUNT,IMPUTED_CENSUS_SECTION_CONSTRUCTION_PERIOD,29d0f4b94ddd32c52507512106f64e1aeaec7e67abe2ec1763f02be0a82135df,ab631c6026e3f7cf5cfcff7c6a506eb84b6eeb62f1afa5703fc48ef0897e25fa,0,0,0,9183.005498,69.3157,132.480888,677,hostname=speed-29.encs.concordia.ca / kernel=Linux 5.14.0-687.39.1.el9_8.x86_64,"EnergyPlus, Version 23.1.0-87ed9199d4, YMD=2026.08.31 11:51"
81072,IT.MidClim.MFH.01.Gen.ReEx.001.001,MFH,IT.01,DWELLING_LAYOUT_EMITTED_IMPUTED_COUNT,IMPUTED_CENSUS_SECTION_CONSTRUCTION_PERIOD,2514fe273ff70c164bd0bb1e6ee202aeed7f27d91b34b30205c3b12d38cf223c,ab631c6026e3f7cf5cfcff7c6a506eb84b6eeb62f1afa5703fc48ef0897e25fa,0,1,0,12744.089234,103.5372,123.087057,1156,hostname=speed-33.encs.concordia.ca / kernel=Linux 5.14.0-687.39.1.el9_8.x86_64,"EnergyPlus, Version 23.1.0-87ed9199d4, YMD=2026.08.31 11:51"
81082,IT.MidClim.MFH.01.Gen.ReEx.001.001,MFH,IT.01,DWELLING_LAYOUT_EMITTED_IMPUTED_COUNT,IMPUTED_CENSUS_SECTION_CONSTRUCTION_PERIOD,3e98b81068ae26e72700cf4d1d7a1e201b87941385bdfb5f43a0ad32a12350b2,ab631c6026e3f7cf5cfcff7c6a506eb84b6eeb62f1afa5703fc48ef0897e25fa,0,0,0,3722.158082,71.6733,51.932283,25,hostname=speed-33.encs.concordia.ca / kernel=Linux 5.14.0-687.39.1.el9_8.x86_64,"EnergyPlus, Version 23.1.0-87ed9199d4, YMD=2026.08.31 11:51"
81093,IT.MidClim.MFH.03.Gen.ReEx.001.001,MFH,IT.03,FALLBACK_PENDING_LAYOUT_MISSING_DWELLING_COUNT,IMPUTED_CENSUS_SECTION_CONSTRUCTION_PERIOD,b062c493f9b938e5620562c411252aa7efa65d6b6bc327a385153ea02a5fce51,ab631c6026e3f7cf5cfcff7c6a506eb84b6eeb62f1afa5703fc48ef0897e25fa,0,0,0,4052.331864,88.5893,45.742904,39,hostname=speed-35.encs.concordia.ca / kernel=Linux 5.14.0-687.39.1.el9_8.x86_64,"EnergyPlus, Version 23.1.0-87ed9199d4, YMD=2026.08.31 11:51"
81108,IT.MidClim.SFH.01.Gen.ReEx.001.001,SFH,IT.01,DWELLING_LAYOUT_EMITTED_IMPUTED_COUNT,IMPUTED_CENSUS_SECTION_CONSTRUCTION_PERIOD,a9b415de41eb9a0a71d081ec9a87b6623a5afccaee304e6a29a66f36b88d5e10,ab631c6026e3f7cf5cfcff7c6a506eb84b6eeb62f1afa5703fc48ef0897e25fa,0,0,0,4977.948918,38.3496,129.804455,7,hostname=speed-36.encs.concordia.ca / kernel=Linux 5.14.0-687.39.1.el9_8.x86_64,"EnergyPlus, Version 23.1.0-87ed9199d4, YMD=2026.08.31 11:51"
87518,IT.MidClim.MFH.01.Gen.ReEx.001.001,MFH,IT.01,DWELLING_LAYOUT_EMITTED_IMPUTED_COUNT,IMPUTED_CENSUS_SECTION_CONSTRUCTION_PERIOD,3aa10113cf87ddd3c4746a80ae5a6a315d16efe13655b7a4c98ac064235333c0,ab631c6026e3f7cf5cfcff7c6a506eb84b6eeb62f1afa5703fc48ef0897e25fa,1,10,1,,102.9196,,3,hostname=stellar.encs.concordia.ca / kernel=Linux 5.14.0-687.39.1.el9_8.x86_64,"EnergyPlus, Version 23.1.0-87ed9199d4, YMD=2026.08.31 11:51"
87525,IT.MidClim.MFH.01.Gen.ReEx.001.001,MFH,IT.01,DWELLING_LAYOUT_EMITTED_IMPUTED_COUNT,IMPUTED_CENSUS_SECTION_CONSTRUCTION_PERIOD,d16611d66bef4babb8ad042dde7219730443494c1801783937b80ff6f49fe045,ab631c6026e3f7cf5cfcff7c6a506eb84b6eeb62f1afa5703fc48ef0897e25fa,1,2,1,,257.5811,,3,hostname=stellar.encs.concordia.ca / kernel=Linux 5.14.0-687.39.1.el9_8.x86_64,"EnergyPlus, Version 23.1.0-87ed9199d4, YMD=2026.08.31 11:51"
87531,IT.MidClim.AB.01.Gen.ReEx.001.001,AB,IT.01,FALLBACK_PENDING_LAYOUT_MISSING_DWELLING_COUNT,IMPUTED_CENSUS_SECTION_CONSTRUCTION_PERIOD,58893ce88e7cf701215983978f7f066533e1a4dff5bd73133f63e9e806db1828,ab631c6026e3f7cf5cfcff7c6a506eb84b6eeb62f1afa5703fc48ef0897e25fa,0,0,0,238054.933539,4979.3152,47.80877,2102,hostname=speed-36.encs.concordia.ca / kernel=Linux 5.14.0-687.39.1.el9_8.x86_64,"EnergyPlus, Version 23.1.0-87ed9199d4, YMD=2026.08.31 11:51"
87532,IT.MidClim.AB.01.Gen.ReEx.001.001,AB,IT.01,FALLBACK_PENDING_LAYOUT_MISSING_DWELLING_COUNT,IMPUTED_CENSUS_SECTION_CONSTRUCTION_PERIOD,ca5425f7fd5cf30cdc703a555e89a0aabef78fc18f210c59de20dac577b3ee8d,ab631c6026e3f7cf5cfcff7c6a506eb84b6eeb62f1afa5703fc48ef0897e25fa,0,0,0,28845.328105,739.0727,39.029081,880,hostname=speed-33.encs.concordia.ca / kernel=Linux 5.14.0-687.39.1.el9_8.x86_64,"EnergyPlus, Version 23.1.0-87ed9199d4, YMD=2026.08.31 11:51"
87563,IT.MidClim.MFH.01.Gen.ReEx.001.001,MFH,IT.01,DWELLING_LAYOUT_EMITTED_IMPUTED_COUNT,IMPUTED_CENSUS_SECTION_CONSTRUCTION_PERIOD,9df4c0841e6f80b50d6f937b124bf8d4b3fa685ca6c22acd95589e2b0fd077ed,ab631c6026e3f7cf5cfcff7c6a506eb84b6eeb62f1afa5703fc48ef0897e25fa,0,0,0,16096.262202,226.7288,70.993461,134,hostname=speed-24.encs.concordia.ca / kernel=Linux 5.14.0-687.39.1.el9_8.x86_64,"EnergyPlus, Version 23.1.0-87ed9199d4, YMD=2026.08.31 11:51"
87566,IT.MidClim.AB.03.Gen.ReEx.001.001,AB,IT.03,FALLBACK_PENDING_LAYOUT_MISSING_DWELLING_COUNT,IMPUTED_CENSUS_SECTION_CONSTRUCTION_PERIOD,c427cffe742b81e4c7d33c182d4ec8be97bb7c0739ad098dca9f3944f9754eb0,ab631c6026e3f7cf5cfcff7c6a506eb84b6eeb62f1afa5703fc48ef0897e25fa,0,0,0,237794.614564,6132.0319,38.77909,1786,hostname=stellar.encs.concordia.ca / kernel=Linux 5.14.0-687.39.1.el9_8.x86_64,"EnergyPlus, Version 23.1.0-87ed9199d4, YMD=2026.08.31 11:51"
87569,IT.MidClim.TH.01.Gen.ReEx.001.001,TH,IT.01,DWELLING_LAYOUT_EMITTED_IMPUTED_COUNT,IMPUTED_CENSUS_SECTION_CONSTRUCTION_PERIOD,bc2d612f02524a653dc4e71d83aebce4d62211ec585a4fb800b464e83f6fa00f,ab631c6026e3f7cf5cfcff7c6a506eb84b6eeb62f1afa5703fc48ef0897e25fa,0,0,0,11800.509201,68.3509,172.645996,334,hostname=magic-node-10.encs.concordia.ca / kernel=Linux 5.14.0-687.39.1.el9_8.x86_64,"EnergyPlus, Version 23.1.0-87ed9199d4, YMD=2026.08.31 11:51"
91523,IT.MidClim.AB.01.Gen.ReEx.001.001,AB,IT.01,FALLBACK_PENDING_LAYOUT_MISSING_DWELLING_COUNT,IMPUTED_CENSUS_SECTION_CONSTRUCTION_PERIOD,06e1a5079b685cb7709e1ec3e6152e4f698a9d2ef9bf2c76e8c87b8887e65485,ab631c6026e3f7cf5cfcff7c6a506eb84b6eeb62f1afa5703fc48ef0897e25fa,0,0,0,744081.729955,12144.433,61.269368,2353,hostname=speed-35.encs.concordia.ca / kernel=Linux 5.14.0-687.39.1.el9_8.x86_64,"EnergyPlus, Version 23.1.0-87ed9199d4, YMD=2026.08.31 11:52"
92782,IT.MidClim.TH.01.Gen.ReEx.001.001,TH,IT.01,DWELLING_LAYOUT_EMITTED_IMPUTED_COUNT,IMPUTED_CENSUS_SECTION_CONSTRUCTION_PERIOD,d72cc0d1ee8e0c5f6848e7191e980ca75624394d0b0d9feb03354aaa081d6b32,ab631c6026e3f7cf5cfcff7c6a506eb84b6eeb62f1afa5703fc48ef0897e25fa,0,0,0,4071.747227,36.3926,111.883933,47,hostname=speed-31.encs.concordia.ca / kernel=Linux 5.14.0-687.39.1.el9_8.x86_64,"EnergyPlus, Version 23.1.0-87ed9199d4, YMD=2026.08.31 11:52"
92784,IT.MidClim.TH.01.Gen.ReEx.001.001,TH,IT.01,DWELLING_LAYOUT_EMITTED_IMPUTED_COUNT,IMPUTED_CENSUS_SECTION_CONSTRUCTION_PERIOD,f9890c5989b4a824d9fbd92c47eceab75bdd37ecf1acd81125dedc0c2283c534,ab631c6026e3f7cf5cfcff7c6a506eb84b6eeb62f1afa5703fc48ef0897e25fa,0,0,0,2382.940583,21.3944,111.38151,324,hostname=magic-node-01.encs.concordia.ca / kernel=Linux 5.14.0-687.39.1.el9_8.x86_64,"EnergyPlus, Version 23.1.0-87ed9199d4, YMD=2026.08.31 11:52"
92787,IT.MidClim.MFH.01.Gen.ReEx.001.001,MFH,IT.01,DWELLING_LAYOUT_EMITTED_IMPUTED_COUNT,IMPUTED_CENSUS_SECTION_CONSTRUCTION_PERIOD,0e455bd35abda51ba8c2601a7003d44462975084796f22d08266653199e0a5b0,ab631c6026e3f7cf5cfcff7c6a506eb84b6eeb62f1afa5703fc48ef0897e25fa,1,2,1,,94.6697,,3,hostname=magic-node-02.encs.concordia.ca / kernel=Linux 5.14.0-687.39.1.el9_8.x86_64,"EnergyPlus, Version 23.1.0-87ed9199d4, YMD=2026.08.31 11:52"
92789,IT.MidClim.MFH.01.Gen.ReEx.001.001,MFH,IT.01,DWELLING_LAYOUT_EMITTED_IMPUTED_COUNT,IMPUTED_CENSUS_SECTION_CONSTRUCTION_PERIOD,f73d1e03f946e0176b2beb2d4cadaa4e3f83f8ef37628af8a967e5a2099f146c,ab631c6026e3f7cf5cfcff7c6a506eb84b6eeb62f1afa5703fc48ef0897e25fa,1,4,1,,786.1417,,2,hostname=magic-node-02.encs.concordia.ca / kernel=Linux 5.14.0-687.39.1.el9_8.x86_64,"EnergyPlus, Version 23.1.0-87ed9199d4, YMD=2026.08.31 11:52"
92792,IT.MidClim.MFH.01.Gen.ReEx.001.001,MFH,IT.01,DWELLING_LAYOUT_EMITTED_IMPUTED_COUNT,IMPUTED_CENSUS_SECTION_CONSTRUCTION_PERIOD,2c8116dedd8c6f86176e04b4142c5646ad5247e83e54060059206e0de7b10bea,ab631c6026e3f7cf5cfcff7c6a506eb84b6eeb62f1afa5703fc48ef0897e25fa,1,2,1,,95.017,,3,hostname=magic-node-02.encs.concordia.ca / kernel=Linux 5.14.0-687.39.1.el9_8.x86_64,"EnergyPlus, Version 23.1.0-87ed9199d4, YMD=2026.08.31 11:52"
92798,IT.MidClim.MFH.01.Gen.ReEx.001.001,MFH,IT.01,DWELLING_LAYOUT_EMITTED_IMPUTED_COUNT,IMPUTED_CENSUS_SECTION_CONSTRUCTION_PERIOD,2356a3dea372406b598fbf929cae90dc9e44aeebd0b35cd8a60e3a6c6db9b8dc,ab631c6026e3f7cf5cfcff7c6a506eb84b6eeb62f1afa5703fc48ef0897e25fa,1,4,1,,87.758,,3,hostname=magic-node-02.encs.concordia.ca / kernel=Linux 5.14.0-687.39.1.el9_8.x86_64,"EnergyPlus, Version 23.1.0-87ed9199d4, YMD=2026.08.31 11:52"
92800,IT.MidClim.TH.01.Gen.ReEx.001.001,TH,IT.01,DWELLING_LAYOUT_EMITTED_IMPUTED_COUNT,IMPUTED_CENSUS_SECTION_CONSTRUCTION_PERIOD,0b6f04309f28d4b73bff56ed0d95cc4fac6389b1f6f6b5ec82938f4d774398cc,ab631c6026e3f7cf5cfcff7c6a506eb84b6eeb62f1afa5703fc48ef0897e25fa,0,0,0,5359.588444,22.3683,239.606427,49,hostname=magic-node-02.encs.concordia.ca / kernel=Linux 5.14.0-687.39.1.el9_8.x86_64,"EnergyPlus, Version 23.1.0-87ed9199d4, YMD=2026.08.31 11:53"
92801,IT.MidClim.AB.01.Gen.ReEx.001.001,AB,IT.01,FALLBACK_PENDING_LAYOUT_MISSING_DWELLING_COUNT,IMPUTED_CENSUS_SECTION_CONSTRUCTION_PERIOD,3122c76259a2f31b35474e1a74e929cfefcdbe0c4fed6378e4f08b5055fbb224,ab631c6026e3f7cf5cfcff7c6a506eb84b6eeb62f1afa5703fc48ef0897e25fa,0,0,0,4757.429126,130.7992,36.372005,58,hostname=speed-31.encs.concordia.ca / kernel=Linux 5.14.0-687.39.1.el9_8.x86_64,"EnergyPlus, Version 23.1.0-87ed9199d4, YMD=2026.08.31 11:53"
92802,IT.MidClim.TH.01.Gen.ReEx.001.001,TH,IT.01,DWELLING_LAYOUT_EMITTED_IMPUTED_COUNT,IMPUTED_CENSUS_SECTION_CONSTRUCTION_PERIOD,880a48d81d3ae37034a0040a369a49f1ce00a4dd169fb194a44be38c8a8d31ab,ab631c6026e3f7cf5cfcff7c6a506eb84b6eeb62f1afa5703fc48ef0897e25fa,0,0,0,2180.654166,22.1236,98.566877,17,hostname=speed-29.encs.concordia.ca / kernel=Linux 5.14.0-687.39.1.el9_8.x86_64,"EnergyPlus, Version 23.1.0-87ed9199d4, YMD=2026.08.31 11:53"
92803,IT.MidClim.TH.01.Gen.ReEx.001.001,TH,IT.01,DWELLING_LAYOUT_EMITTED_IMPUTED_COUNT,IMPUTED_CENSUS_SECTION_CONSTRUCTION_PERIOD,57ecba83e4c56179adf939d4b6c3d733f5f69a6d63e89c2efe7e2b0216355305,ab631c6026e3f7cf5cfcff7c6a506eb84b6eeb62f1afa5703fc48ef0897e25fa,0,0,0,3204.67601,22.9282,139.770065,33,hostname=magic-node-02.encs.concordia.ca / kernel=Linux 5.14.0-687.39.1.el9_8.x86_64,"EnergyPlus, Version 23.1.0-87ed9199d4, YMD=2026.08.31 11:53"
92808,IT.MidClim.AB.01.Gen.ReEx.001.001,AB,IT.01,FALLBACK_PENDING_LAYOUT_MISSING_DWELLING_COUNT,IMPUTED_CENSUS_SECTION_CONSTRUCTION_PERIOD,05e310b213d3e85f50a40c8793a0540bf01e1ca0e28200150c9c9b32edff6542,ab631c6026e3f7cf5cfcff7c6a506eb84b6eeb62f1afa5703fc48ef0897e25fa,0,0,0,12289.455783,341.264,36.01158,22,hostname=speed-29.encs.concordia.ca / kernel=Linux 5.14.0-687.39.1.el9_8.x86_64,"EnergyPlus, Version 23.1.0-87ed9199d4, YMD=2026.08.31 11:53"
92809,IT.MidClim.MFH.01.Gen.ReEx.001.001,MFH,IT.01,DWELLING_LAYOUT_EMITTED_IMPUTED_COUNT,IMPUTED_CENSUS_SECTION_CONSTRUCTION_PERIOD,20fe11edd06d21b9f2cf21d931a301d782b76da4732acdc8548f6981d6807048,ab631c6026e3f7cf5cfcff7c6a506eb84b6eeb62f1afa5703fc48ef0897e25fa,0,0,0,2696.590237,102.8051,26.230121,53,hostname=magic-node-09.encs.concordia.ca / kernel=Linux 5.14.0-687.39.1.el9_8.x86_64,"EnergyPlus, Version 23.1.0-87ed9199d4, YMD=2026.08.31 11:53"
92813,IT.MidClim.AB.01.Gen.ReEx.001.001,AB,IT.01,FALLBACK_PENDING_LAYOUT_MISSING_DWELLING_COUNT,IMPUTED_CENSUS_SECTION_CONSTRUCTION_PERIOD,58a17e6e7306ed9cd01dac319882efe873e329d030e01cc4b78efed6f8c2bf74,ab631c6026e3f7cf5cfcff7c6a506eb84b6eeb62f1afa5703fc48ef0897e25fa,0,0,0,70667.142454,1150.2627,61.435655,1564,hostname=speed-24.encs.concordia.ca / kernel=Linux 5.14.0-687.39.1.el9_8.x86_64,"EnergyPlus, Version 23.1.0-87ed9199d4, YMD=2026.08.31 11:54"
92820,IT.MidClim.AB.01.Gen.ReEx.001.001,AB,IT.01,FALLBACK_PENDING_LAYOUT_MISSING_DWELLING_COUNT,IMPUTED_CENSUS_SECTION_CONSTRUCTION_PERIOD,14c74581b56e34682fc7475400a1c31241f296560e120a455edad7d8d9d27e53,ab631c6026e3f7cf5cfcff7c6a506eb84b6eeb62f1afa5703fc48ef0897e25fa,0,0,0,5659.314597,155.9822,36.281798,512,hostname=speed-31.encs.concordia.ca / kernel=Linux 5.14.0-687.39.1.el9_8.x86_64,"EnergyPlus, Version 23.1.0-87ed9199d4, YMD=2026.08.31 11:54"
92821,IT.MidClim.AB.01.Gen.ReEx.001.001,AB,IT.01,FALLBACK_PENDING_LAYOUT_MISSING_DWELLING_COUNT,IMPUTED_CENSUS_SECTION_CONSTRUCTION_PERIOD,132456fdb5fc3d5a657bf4d4fc98bcb3f9195b9a38d68fc2254357bc267cd274,ab631c6026e3f7cf5cfcff7c6a506eb84b6eeb62f1afa5703fc48ef0897e25fa,0,0,0,53446.502633,1291.3824,41.387046,1813,hostname=speed-29.encs.concordia.ca / kernel=Linux 5.14.0-687.39.1.el9_8.x86_64,"EnergyPlus, Version 23.1.0-87ed9199d4, YMD=2026.08.31 11:54"
92824,IT.MidClim.AB.01.Gen.ReEx.001.001,AB,IT.01,FALLBACK_PENDING_LAYOUT_MISSING_DWELLING_COUNT,IMPUTED_CENSUS_SECTION_CONSTRUCTION_PERIOD,84a3fff5d6faaf541ff6f4955dbb2924b9708dd6ca2b6ce3ba626103f89d566b,ab631c6026e3f7cf5cfcff7c6a506eb84b6eeb62f1afa5703fc48ef0897e25fa,0,0,0,34433.743715,428.2824,80.399624,4763,hostname=magic-node-02.encs.concordia.ca / kernel=Linux 5.14.0-687.39.1.el9_8.x86_64,"EnergyPlus, Version 23.1.0-87ed9199d4, YMD=2026.08.31 11:54"
92910,IT.MidClim.AB.01.Gen.ReEx.001.001,AB,IT.01,FALLBACK_PENDING_LAYOUT_MISSING_DWELLING_COUNT,IMPUTED_CENSUS_SECTION_CONSTRUCTION_PERIOD,9e004c1d0bbe7acf0b321176382194ee8f3853c006d0c4a2e156147fe756037d,ab631c6026e3f7cf5cfcff7c6a506eb84b6eeb62f1afa5703fc48ef0897e25fa,0,0,0,4124.204849,112.9877,36.501361,171,hostname=magic-node-09.encs.concordia.ca / kernel=Linux 5.14.0-687.39.1.el9_8.x86_64,"EnergyPlus, Version 23.1.0-87ed9199d4, YMD=2026.08.31 11:54"
92912,IT.MidClim.MFH.01.Gen.ReEx.001.001,MFH,IT.01,DWELLING_LAYOUT_EMITTED_IMPUTED_COUNT,IMPUTED_CENSUS_SECTION_CONSTRUCTION_PERIOD,6082c2debe216c00ee1aa008544d5c9fa885abe1d63a58bebc5ebcac00a30b61,ab631c6026e3f7cf5cfcff7c6a506eb84b6eeb62f1afa5703fc48ef0897e25fa,1,9,1,,80.8901,,3,hostname=speed-11.encs.concordia.ca / kernel=Linux 5.14.0-687.39.1.el9_8.x86_64,"EnergyPlus, Version 23.1.0-87ed9199d4, YMD=2026.08.31 11:55"
92916,IT.MidClim.AB.01.Gen.ReEx.001.001,AB,IT.01,FALLBACK_PENDING_LAYOUT_MISSING_DWELLING_COUNT,IMPUTED_CENSUS_SECTION_CONSTRUCTION_PERIOD,a6300f2a74644d8ab14de08e6d1c47e4f0f8a6364c74ca4366562d733a69bb74,ab631c6026e3f7cf5cfcff7c6a506eb84b6eeb62f1afa5703fc48ef0897e25fa,0,0,0,12557.957035,227.6388,55.166154,646,hostname=speed-11.encs.concordia.ca / kernel=Linux 5.14.0-687.39.1.el9_8.x86_64,"EnergyPlus, Version 23.1.0-87ed9199d4, YMD=2026.08.31 11:55"
92919,IT.MidClim.AB.01.Gen.ReEx.001.001,AB,IT.01,DWELLING_LAYOUT_EMITTED_IMPUTED_COUNT,IMPUTED_CENSUS_SECTION_CONSTRUCTION_PERIOD,730159b5ffef636c2ad3af94044adf43551db9b2c1d1eef4ba62bc1d27734432,ab631c6026e3f7cf5cfcff7c6a506eb84b6eeb62f1afa5703fc48ef0897e25fa,0,0,0,14126.69851,233.3598,60.536127,368,hostname=speed-36.encs.concordia.ca / kernel=Linux 5.14.0-687.39.1.el9_8.x86_64,"EnergyPlus, Version 23.1.0-87ed9199d4, YMD=2026.08.31 11:55"
92920,IT.MidClim.AB.01.Gen.ReEx.001.001,AB,IT.01,FALLBACK_PENDING_LAYOUT_MISSING_DWELLING_COUNT,IMPUTED_CENSUS_SECTION_CONSTRUCTION_PERIOD,fbf4d25bb831b8d0a15448af580128e68cc54de95550c28d3fda1cf7feea6b56,ab631c6026e3f7cf5cfcff7c6a506eb84b6eeb62f1afa5703fc48ef0897e25fa,0,0,0,14736.684908,218.9713,67.299618,92,hostname=speed-15.encs.concordia.ca / kernel=Linux 5.14.0-687.39.1.el9_8.x86_64,"EnergyPlus, Version 23.1.0-87ed9199d4, YMD=2026.08.31 11:56"
92921,IT.MidClim.MFH.01.Gen.ReEx.001.001,MFH,IT.01,DWELLING_LAYOUT_EMITTED_IMPUTED_COUNT,IMPUTED_CENSUS_SECTION_CONSTRUCTION_PERIOD,04e03d32737415a1326a1f5ba6936b2139f2e805c05f3db33baf7c3d431f55cb,ab631c6026e3f7cf5cfcff7c6a506eb84b6eeb62f1afa5703fc48ef0897e25fa,0,0,0,4502.469523,127.4737,35.320772,113,hostname=stellar.encs.concordia.ca / kernel=Linux 5.14.0-687.39.1.el9_8.x86_64,"EnergyPlus, Version 23.1.0-87ed9199d4, YMD=2026.08.31 11:56"
92922,IT.MidClim.MFH.01.Gen.ReEx.001.001,MFH,IT.01,DWELLING_LAYOUT_EMITTED_IMPUTED_COUNT,IMPUTED_CENSUS_SECTION_CONSTRUCTION_PERIOD,12e215fc6a5979ba8e752f52e8b353d5eb18ac97c244d47f7633e86ba721bab1,ab631c6026e3f7cf5cfcff7c6a506eb84b6eeb62f1afa5703fc48ef0897e25fa,0,1,0,3366.450445,88.3367,38.109307,903,hostname=magic-node-10.encs.concordia.ca / kernel=Linux 5.14.0-687.39.1.el9_8.x86_64,"EnergyPlus, Version 23.1.0-87ed9199d4, YMD=2026.08.31 11:57"
92924,IT.MidClim.AB.01.Gen.ReEx.001.001,AB,IT.01,FALLBACK_PENDING_LAYOUT_MISSING_DWELLING_COUNT,IMPUTED_CENSUS_SECTION_CONSTRUCTION_PERIOD,91c190d21fe5985cb03bfa64677af53d29b5233704d516d0905c4f32fd37fd00,ab631c6026e3f7cf5cfcff7c6a506eb84b6eeb62f1afa5703fc48ef0897e25fa,0,0,0,22290.495503,619.8089,35.963497,81,hostname=magic-node-09.encs.concordia.ca / kernel=Linux 5.14.0-687.39.1.el9_8.x86_64,"EnergyPlus, Version 23.1.0-87ed9199d4, YMD=2026.08.31 11:57"
92926,IT.MidClim.MFH.01.Gen.ReEx.001.001,MFH,IT.01,DWELLING_LAYOUT_EMITTED_IMPUTED_COUNT,IMPUTED_CENSUS_SECTION_CONSTRUCTION_PERIOD,c85849cc4afbc811dae92ddc0193f5d9798900107f40263c1a39f0f8dc41f0f5,ab631c6026e3f7cf5cfcff7c6a506eb84b6eeb62f1afa5703fc48ef0897e25fa,0,0,0,22777.412401,532.1331,42.803976,381,hostname=magic-node-01.encs.concordia.ca / kernel=Linux 5.14.0-687.39.1.el9_8.x86_64,"EnergyPlus, Version 23.1.0-87ed9199d4, YMD=2026.08.31 11:58"
92928,IT.MidClim.MFH.01.Gen.ReEx.001.001,MFH,IT.01,DWELLING_LAYOUT_EMITTED_IMPUTED_COUNT,IMPUTED_CENSUS_SECTION_CONSTRUCTION_PERIOD,3e8e907028524c45e6d2232de1f3c24d880fcb82c5e211be924e2d65cdf1abfe,ab631c6026e3f7cf5cfcff7c6a506eb84b6eeb62f1afa5703fc48ef0897e25fa,0,0,0,6792.225364,131.4914,51.655282,15,hostname=speed-15.encs.concordia.ca / kernel=Linux 5.14.0-687.39.1.el9_8.x86_64,"EnergyPlus, Version 23.1.0-87ed9199d4, YMD=2026.08.31 11:58"
92930,IT.MidClim.TH.01.Gen.ReEx.001.001,TH,IT.01,DWELLING_LAYOUT_EMITTED_IMPUTED_COUNT,IMPUTED_CENSUS_SECTION_CONSTRUCTION_PERIOD,68c8f9cfc340b72a7a044c15006889dcb329edcbf40cdab1da1261317096bee0,ab631c6026e3f7cf5cfcff7c6a506eb84b6eeb62f1afa5703fc48ef0897e25fa,0,0,0,3453.269825,27.3792,126.127492,219,hostname=speed-35.encs.concordia.ca / kernel=Linux 5.14.0-687.39.1.el9_8.x86_64,"EnergyPlus, Version 23.1.0-87ed9199d4, YMD=2026.08.31 11:58"
92937,IT.MidClim.AB.01.Gen.ReEx.001.001,AB,IT.01,DWELLING_LAYOUT_EMITTED_IMPUTED_COUNT,IMPUTED_CENSUS_SECTION_CONSTRUCTION_PERIOD,8e78a6674cfefb1a4949cb6baf9eb80cce9f5585cf55e8d6a7d5685298222149,ab631c6026e3f7cf5cfcff7c6a506eb84b6eeb62f1afa5703fc48ef0897e25fa,0,0,0,187472.629704,3507.6578,53.44667,531,hostname=speed-15.encs.concordia.ca / kernel=Linux 5.14.0-687.39.1.el9_8.x86_64,"EnergyPlus, Version 23.1.0-87ed9199d4, YMD=2026.08.31 11:58"
92938,IT.MidClim.TH.01.Gen.ReEx.001.001,TH,IT.01,DWELLING_LAYOUT_EMITTED_IMPUTED_COUNT,IMPUTED_CENSUS_SECTION_CONSTRUCTION_PERIOD,9c3af22d41d5fb93853dcdbd838cddb534f472ca8d4cdae47b6fcac263ea4622,ab631c6026e3f7cf5cfcff7c6a506eb84b6eeb62f1afa5703fc48ef0897e25fa,0,0,0,3931.793033,34.6248,113.554245,16,hostname=speed-37.encs.concordia.ca / kernel=Linux 5.14.0-687.41.1.el9_8.x86_64,"EnergyPlus, Version 23.1.0-87ed9199d4, YMD=2026.08.31 11:58"
92941,IT.MidClim.MFH.01.Gen.ReEx.001.001,MFH,IT.01,DWELLING_LAYOUT_EMITTED_IMPUTED_COUNT,IMPUTED_CENSUS_SECTION_CONSTRUCTION_PERIOD,f44fcde482e6f2c9159d0ba50163181ee225cf348e394d98391960898271eb1c,ab631c6026e3f7cf5cfcff7c6a506eb84b6eeb62f1afa5703fc48ef0897e25fa,1,2,1,,382.7547,,2,hostname=speed-37.encs.concordia.ca / kernel=Linux 5.14.0-687.41.1.el9_8.x86_64,"EnergyPlus, Version 23.1.0-87ed9199d4, YMD=2026.08.31 11:58"
92942,IT.MidClim.MFH.01.Gen.ReEx.001.001,MFH,IT.01,DWELLING_LAYOUT_EMITTED_IMPUTED_COUNT,IMPUTED_CENSUS_SECTION_CONSTRUCTION_PERIOD,de318964cf6702198d9b9edcd2f8f420bdc48b29688ad3c76f74deb2929df4a2,ab631c6026e3f7cf5cfcff7c6a506eb84b6eeb62f1afa5703fc48ef0897e25fa,0,0,0,10299.926926,134.1452,76.781927,995,hostname=speed-37.encs.concordia.ca / kernel=Linux 5.14.0-687.41.1.el9_8.x86_64,"EnergyPlus, Version 23.1.0-87ed9199d4, YMD=2026.08.31 11:58"
92950,IT.MidClim.MFH.01.Gen.ReEx.001.001,MFH,IT.01,DWELLING_LAYOUT_EMITTED_IMPUTED_COUNT,IMPUTED_CENSUS_SECTION_CONSTRUCTION_PERIOD,53307cad1c25aef279d811122a28670cd8c03f0dfbcbc6f2d1d250568886595a,ab631c6026e3f7cf5cfcff7c6a506eb84b6eeb62f1afa5703fc48ef0897e25fa,1,9,1,,559.7668,,4,hostname=magic-node-08.encs.concordia.ca / kernel=Linux 5.14.0-687.39.1.el9_8.x86_64,"EnergyPlus, Version 23.1.0-87ed9199d4, YMD=2026.08.31 11:58"
92968,IT.MidClim.MFH.01.Gen.ReEx.001.001,MFH,IT.01,DWELLING_LAYOUT_EMITTED_IMPUTED_COUNT,IMPUTED_CENSUS_SECTION_CONSTRUCTION_PERIOD,59e8d9e140af2e226e122effcfba5e0369f0a3ecafdfedec61b9c4f002885457,ab631c6026e3f7cf5cfcff7c6a506eb84b6eeb62f1afa5703fc48ef0897e25fa,1,4,1,,122.932,,2,hostname=speed-31.encs.concordia.ca / kernel=Linux 5.14.0-687.39.1.el9_8.x86_64,"EnergyPlus, Version 23.1.0-87ed9199d4, YMD=2026.08.31 11:58"
92973,IT.MidClim.TH.01.Gen.ReEx.001.001,TH,IT.01,DWELLING_LAYOUT_EMITTED_IMPUTED_COUNT,IMPUTED_CENSUS_SECTION_CONSTRUCTION_PERIOD,af100656c8df7bdb64b413f2716bb02d0fdd5a4cb968c9e4531c762c7add8246,ab631c6026e3f7cf5cfcff7c6a506eb84b6eeb62f1afa5703fc48ef0897e25fa,0,0,0,4396.333504,62.0171,70.889053,915,hostname=magic-node-08.encs.concordia.ca / kernel=Linux 5.14.0-687.39.1.el9_8.x86_64,"EnergyPlus, Version 23.1.0-87ed9199d4, YMD=2026.08.31 11:58"
92974,IT.MidClim.AB.01.Gen.ReEx.001.001,AB,IT.01,DWELLING_LAYOUT_EMITTED_IMPUTED_COUNT,IMPUTED_CENSUS_SECTION_CONSTRUCTION_PERIOD,ab4da8d8a28c5b770f6ace28ef541535086542d6092ad1086827447e1b0aac21,ab631c6026e3f7cf5cfcff7c6a506eb84b6eeb62f1afa5703fc48ef0897e25fa,1,14,1,,1420.0824,,2,hostname=speed-31.encs.concordia.ca / kernel=Linux 5.14.0-687.39.1.el9_8.x86_64,"EnergyPlus, Version 23.1.0-87ed9199d4, YMD=2026.08.31 11:58"
92979,IT.MidClim.AB.01.Gen.ReEx.001.001,AB,IT.01,FALLBACK_PENDING_LAYOUT_MISSING_DWELLING_COUNT,IMPUTED_CENSUS_SECTION_CONSTRUCTION_PERIOD,c322cc5943b2e29be5fecc306fa0c3bfcb3012e47781b1d68fd5ed2dc221c891,ab631c6026e3f7cf5cfcff7c6a506eb84b6eeb62f1afa5703fc48ef0897e25fa,0,0,0,16302.311195,332.7945,48.98612,411,hostname=speed-37.encs.concordia.ca / kernel=Linux 5.14.0-687.41.1.el9_8.x86_64,"EnergyPlus, Version 23.1.0-87ed9199d4, YMD=2026.08.31 11:58"
92981,IT.MidClim.MFH.01.Gen.ReEx.001.001,MFH,IT.01,DWELLING_LAYOUT_EMITTED_IMPUTED_COUNT,IMPUTED_CENSUS_SECTION_CONSTRUCTION_PERIOD,3e87cbf6368db06e007b7a2f32dce32ce1085472405308bf180a7baff2fe7daf,ab631c6026e3f7cf5cfcff7c6a506eb84b6eeb62f1afa5703fc48ef0897e25fa,0,0,0,8532.957123,68.4372,124.683025,643,hostname=magic-node-09.encs.concordia.ca / kernel=Linux 5.14.0-687.39.1.el9_8.x86_64,"EnergyPlus, Version 23.1.0-87ed9199d4, YMD=2026.08.31 11:58"
92983,IT.MidClim.MFH.01.Gen.ReEx.001.001,MFH,IT.01,DWELLING_LAYOUT_EMITTED_IMPUTED_COUNT,IMPUTED_CENSUS_SECTION_CONSTRUCTION_PERIOD,eab05542f8d729eca57b79b5aeeec2b9d93944fd61c40f2cafbb43a3f9fe1f1f,ab631c6026e3f7cf5cfcff7c6a506eb84b6eeb62f1afa5703fc48ef0897e25fa,0,0,0,3641.389608,70.1032,51.943272,851,hostname=speed-31.encs.concordia.ca / kernel=Linux 5.14.0-687.39.1.el9_8.x86_64,"EnergyPlus, Version 23.1.0-87ed9199d4, YMD=2026.08.31 11:58"
93002,IT.MidClim.MFH.01.Gen.ReEx.001.001,MFH,IT.01,DWELLING_LAYOUT_EMITTED_IMPUTED_COUNT,IMPUTED_CENSUS_SECTION_CONSTRUCTION_PERIOD,e5629bda923116d48a1b716bf906c690ac88c61a9ed362f4586d1694d70a2ce4,ab631c6026e3f7cf5cfcff7c6a506eb84b6eeb62f1afa5703fc48ef0897e25fa,0,1,0,35424.225581,420.4762,84.247873,60,hostname=stellar.encs.concordia.ca / kernel=Linux 5.14.0-687.39.1.el9_8.x86_64,"EnergyPlus, Version 23.1.0-87ed9199d4, YMD=2026.08.31 11:59"
93003,IT.MidClim.MFH.01.Gen.ReEx.001.001,MFH,IT.01,DWELLING_LAYOUT_EMITTED_IMPUTED_COUNT,IMPUTED_CENSUS_SECTION_CONSTRUCTION_PERIOD,b020bc1a8c7b7eb3e9807c2a8e1a51fdb40d4de44420f0cebd2d8ec02652cf96,ab631c6026e3f7cf5cfcff7c6a506eb84b6eeb62f1afa5703fc48ef0897e25fa,0,0,0,14507.636113,151.6344,95.675098,62,hostname=magic-node-07.encs.concordia.ca / kernel=Linux 5.14.0-687.39.1.el9_8.x86_64,"EnergyPlus, Version 23.1.0-87ed9199d4, YMD=2026.08.31 11:59"
93207,IT.MidClim.AB.01.Gen.ReEx.001.001,AB,IT.01,FALLBACK_PENDING_LAYOUT_MISSING_DWELLING_COUNT,IMPUTED_CENSUS_SECTION_CONSTRUCTION_PERIOD,cd759903570b28027df1e002534d466c6da64a12a221ce02ad084dc9ef1f4299,ab631c6026e3f7cf5cfcff7c6a506eb84b6eeb62f1afa5703fc48ef0897e25fa,0,0,0,5628.140971,166.4353,33.815789,454,hostname=antenna2.encs.concordia.ca / kernel=Linux 5.14.0-687.36.1.el9_8.x86_64,"EnergyPlus, Version 23.1.0-87ed9199d4, YMD=2026.08.31 11:59"
93239,IT.MidClim.AB.01.Gen.ReEx.001.001,AB,IT.01,FALLBACK_PENDING_LAYOUT_MISSING_DWELLING_COUNT,IMPUTED_CENSUS_SECTION_CONSTRUCTION_PERIOD,12853a466fae70128dfb7884ccf4884d0a10143fb41dc228e9360f5130420ed2,ab631c6026e3f7cf5cfcff7c6a506eb84b6eeb62f1afa5703fc48ef0897e25fa,0,0,0,18733.931267,401.8903,46.61454,1153,hostname=speed-24.encs.concordia.ca / kernel=Linux 5.14.0-687.39.1.el9_8.x86_64,"EnergyPlus, Version 23.1.0-87ed9199d4, YMD=2026.08.31 11:59"
93241,IT.MidClim.MFH.01.Gen.ReEx.001.001,MFH,IT.01,DWELLING_LAYOUT_EMITTED_IMPUTED_COUNT,IMPUTED_CENSUS_SECTION_CONSTRUCTION_PERIOD,d136e1a24a122a5ef544b842668e6e5d4ebfedfe4f3e711251469e6d75e96bb9,ab631c6026e3f7cf5cfcff7c6a506eb84b6eeb62f1afa5703fc48ef0897e25fa,0,0,0,6818.834651,93.6713,72.795346,1168,hostname=stellar.encs.concordia.ca / kernel=Linux 5.14.0-687.39.1.el9_8.x86_64,"EnergyPlus, Version 23.1.0-87ed9199d4, YMD=2026.08.31 12:00"
93380,IT.MidClim.AB.01.Gen.ReEx.001.001,AB,IT.01,DWELLING_LAYOUT_EMITTED_IMPUTED_COUNT,IMPUTED_CENSUS_SECTION_CONSTRUCTION_PERIOD,31bd694fef7b208e1ef3d9f5ead2d9c724765dd3f854c9ffcd9e3c528e7fbaaf,ab631c6026e3f7cf5cfcff7c6a506eb84b6eeb62f1afa5703fc48ef0897e25fa,0,0,0,29181.292304,326.6884,89.324544,210,hostname=magic-node-07.encs.concordia.ca / kernel=Linux 5.14.0-687.39.1.el9_8.x86_64,"EnergyPlus, Version 23.1.0-87ed9199d4, YMD=2026.08.31 12:00"
93382,IT.MidClim.AB.05.Gen.ReEx.001.001,AB,IT.05,FALLBACK_PENDING_LAYOUT_MISSING_DWELLING_COUNT,IMPUTED_CENSUS_SECTION_CONSTRUCTION_PERIOD,81c5f3b785538a78070db49ddbdae1c0b39a2eeacc06fceb8c25c88e707fbfcf,ab631c6026e3f7cf5cfcff7c6a506eb84b6eeb62f1afa5703fc48ef0897e25fa,0,0,0,7309.317697,131.8366,55.44225,29,hostname=speed-37.encs.concordia.ca / kernel=Linux 5.14.0-687.41.1.el9_8.x86_64,"EnergyPlus, Version 23.1.0-87ed9199d4, YMD=2026.08.31 12:01"
93385,IT.MidClim.AB.05.Gen.ReEx.001.001,AB,IT.05,FALLBACK_PENDING_LAYOUT_MISSING_DWELLING_COUNT,IMPUTED_CENSUS_SECTION_CONSTRUCTION_PERIOD,1c3e39469dd628cc9daaec7e4cf4ab9c95cb03ea766e471979e6460196da89fd,ab631c6026e3f7cf5cfcff7c6a506eb84b6eeb62f1afa5703fc48ef0897e25fa,0,0,0,19092.16804,301.2732,63.371611,639,hostname=magic-node-04.encs.concordia.ca / kernel=Linux 5.14.0-687.39.1.el9_8.x86_64,"EnergyPlus, Version 23.1.0-87ed9199d4, YMD=2026.08.31 12:01"
93386,IT.MidClim.MFH.05.Gen.ReEx.001.001,MFH,IT.05,DWELLING_LAYOUT_EMITTED_IMPUTED_COUNT,IMPUTED_CENSUS_SECTION_CONSTRUCTION_PERIOD,e5f48eef7332478343fee26192008dbb2129d34b1cfd1511af9cc05d4c85bb98,ab631c6026e3f7cf5cfcff7c6a506eb84b6eeb62f1afa5703fc48ef0897e25fa,1,12,1,,223.6303,,2,hostname=speed-36.encs.concordia.ca / kernel=Linux 5.14.0-687.39.1.el9_8.x86_64,"EnergyPlus, Version 23.1.0-87ed9199d4, YMD=2026.08.31 12:01"
93387,IT.MidClim.AB.01.Gen.ReEx.001.001,AB,IT.01,FALLBACK_PENDING_LAYOUT_MISSING_DWELLING_COUNT,IMPUTED_CENSUS_SECTION_CONSTRUCTION_PERIOD,9868f63032030877a3cb1e90d6a75a1c4bb72b7994f69ce2fab66d8544629266,ab631c6026e3f7cf5cfcff7c6a506eb84b6eeb62f1afa5703fc48ef0897e25fa,0,0,0,16986.004555,254.0052,66.872665,2815,hostname=speed-36.encs.concordia.ca / kernel=Linux 5.14.0-687.39.1.el9_8.x86_64,"EnergyPlus, Version 23.1.0-87ed9199d4, YMD=2026.08.31 12:01"
93388,IT.MidClim.MFH.01.Gen.ReEx.001.001,MFH,IT.01,DWELLING_LAYOUT_EMITTED_IMPUTED_COUNT,IMPUTED_CENSUS_SECTION_CONSTRUCTION_PERIOD,622488aafcf72fd7759b36b4571b7a49f4a7d5c559afcb24a86219aff7ee0e63,ab631c6026e3f7cf5cfcff7c6a506eb84b6eeb62f1afa5703fc48ef0897e25fa,0,0,0,40300.674215,431.8055,93.330618,3388,hostname=speed-35.encs.concordia.ca / kernel=Linux 5.14.0-687.39.1.el9_8.x86_64,"EnergyPlus, Version 23.1.0-87ed9199d4, YMD=2026.08.31 12:01"
93398,IT.MidClim.MFH.01.Gen.ReEx.001.001,MFH,IT.01,DWELLING_LAYOUT_EMITTED_IMPUTED_COUNT,IMPUTED_CENSUS_SECTION_CONSTRUCTION_PERIOD,1ae5f6bed20dc5c776237f9f0cd3cee40667e2cf8a232936606c61233d03286a,ab631c6026e3f7cf5cfcff7c6a506eb84b6eeb62f1afa5703fc48ef0897e25fa,0,1,0,23570.114149,278.4198,84.656745,208,hostname=speed-29.encs.concordia.ca / kernel=Linux 5.14.0-687.39.1.el9_8.x86_64,"EnergyPlus, Version 23.1.0-87ed9199d4, YMD=2026.08.31 12:02"
93401,IT.MidClim.MFH.01.Gen.ReEx.001.001,MFH,IT.01,DWELLING_LAYOUT_EMITTED_IMPUTED_COUNT,IMPUTED_CENSUS_SECTION_CONSTRUCTION_PERIOD,47e6b661d70b80c32b2b0ac377e312d41beed5aee13daa5b19f7975c5cf04704,ab631c6026e3f7cf5cfcff7c6a506eb84b6eeb62f1afa5703fc48ef0897e25fa,0,0,0,3090.384774,128.6395,24.023607,44,hostname=magic-node-06.encs.concordia.ca / kernel=Linux 5.14.0-687.39.1.el9_8.x86_64,"EnergyPlus, Version 23.1.0-87ed9199d4, YMD=2026.08.31 12:02"
93404,IT.MidClim.TH.01.Gen.ReEx.001.001,TH,IT.01,DWELLING_LAYOUT_EMITTED_IMPUTED_COUNT,IMPUTED_CENSUS_SECTION_CONSTRUCTION_PERIOD,328859a7424ec521598a41b7c89636ceaa933791b57ce53c47d356d27f38ca5d,ab631c6026e3f7cf5cfcff7c6a506eb84b6eeb62f1afa5703fc48ef0897e25fa,0,0,0,4155.90487,28.1476,147.646864,971,hostname=speed-31.encs.concordia.ca / kernel=Linux 5.14.0-687.39.1.el9_8.x86_64,"EnergyPlus, Version 23.1.0-87ed9199d4, YMD=2026.08.31 12:02"
93406,IT.MidClim.AB.01.Gen.ReEx.001.001,AB,IT.01,DWELLING_LAYOUT_EMITTED_IMPUTED_COUNT,IMPUTED_CENSUS_SECTION_CONSTRUCTION_PERIOD,6d293ea099920c0e163fbd957a3421f2f6afd6c108e9b5ffb570aef556ee8dd7,ab631c6026e3f7cf5cfcff7c6a506eb84b6eeb62f1afa5703fc48ef0897e25fa,0,0,0,36253.314117,798.8382,45.382549,97,hostname=antenna2.encs.concordia.ca / kernel=Linux 5.14.0-687.36.1.el9_8.x86_64,"EnergyPlus, Version 23.1.0-87ed9199d4, YMD=2026.08.31 12:03"
93407,IT.MidClim.AB.01.Gen.ReEx.001.001,AB,IT.01,DWELLING_LAYOUT_EMITTED_IMPUTED_COUNT,IMPUTED_CENSUS_SECTION_CONSTRUCTION_PERIOD,2fab48a1568d9a425a832a87b84f04bc3ac4ba50ba1d9b9d21643ce8303ca7b0,ab631c6026e3f7cf5cfcff7c6a506eb84b6eeb62f1afa5703fc48ef0897e25fa,0,0,0,42598.48484,807.8857,52.728356,197,hostname=magic-node-06.encs.concordia.ca / kernel=Linux 5.14.0-687.39.1.el9_8.x86_64,"EnergyPlus, Version 23.1.0-87ed9199d4, YMD=2026.08.31 12:03"
93408,IT.MidClim.AB.01.Gen.ReEx.001.001,AB,IT.01,DWELLING_LAYOUT_EMITTED_IMPUTED_COUNT,IMPUTED_CENSUS_SECTION_CONSTRUCTION_PERIOD,bd98c8ce59c8ba1e86249bd656174252402098a47e6de69a1ec0bba75c5174c6,ab631c6026e3f7cf5cfcff7c6a506eb84b6eeb62f1afa5703fc48ef0897e25fa,1,3,1,,289.088,,4,hostname=magic-node-07.encs.concordia.ca / kernel=Linux 5.14.0-687.39.1.el9_8.x86_64,"EnergyPlus, Version 23.1.0-87ed9199d4, YMD=2026.08.31 12:03"
93409,IT.MidClim.AB.01.Gen.ReEx.001.001,AB,IT.01,DWELLING_LAYOUT_EMITTED_IMPUTED_COUNT,IMPUTED_CENSUS_SECTION_CONSTRUCTION_PERIOD,7d4f942005e19a772a3a160027356538a91c3c75efcffcf8f1f155d52bb44478,ab631c6026e3f7cf5cfcff7c6a506eb84b6eeb62f1afa5703fc48ef0897e25fa,0,0,0,64179.608036,1053.424,60.924763,839,hostname=magic-node-07.encs.concordia.ca / kernel=Linux 5.14.0-687.39.1.el9_8.x86_64,"EnergyPlus, Version 23.1.0-87ed9199d4, YMD=2026.08.31 12:03"
93410,IT.MidClim.TH.01.Gen.ReEx.001.001,TH,IT.01,DWELLING_LAYOUT_EMITTED_IMPUTED_COUNT,IMPUTED_CENSUS_SECTION_CONSTRUCTION_PERIOD,de62734199233a16b77a828d757531a2ba0f38f7df1d67a952a05df8b9ae6335,ab631c6026e3f7cf5cfcff7c6a506eb84b6eeb62f1afa5703fc48ef0897e25fa,0,0,0,2779.801507,25.5924,108.618242,66,hostname=magic-node-01.encs.concordia.ca / kernel=Linux 5.14.0-687.39.1.el9_8.x86_64,"EnergyPlus, Version 23.1.0-87ed9199d4, YMD=2026.08.31 12:04"
93412,IT.MidClim.AB.01.Gen.ReEx.001.001,AB,IT.01,DWELLING_LAYOUT_EMITTED_IMPUTED_COUNT,IMPUTED_CENSUS_SECTION_CONSTRUCTION_PERIOD,0f7817e6354a8b8ca556757e860587eebe8c32180f95ae5b2fa684a6bc5e8148,ab631c6026e3f7cf5cfcff7c6a506eb84b6eeb62f1afa5703fc48ef0897e25fa,0,0,0,26948.977863,371.436,72.553489,293,hostname=antenna2.encs.concordia.ca / kernel=Linux 5.14.0-687.36.1.el9_8.x86_64,"EnergyPlus, Version 23.1.0-87ed9199d4, YMD=2026.08.31 12:04"
93414,IT.MidClim.AB.01.Gen.ReEx.001.001,AB,IT.01,DWELLING_LAYOUT_EMITTED_IMPUTED_COUNT,IMPUTED_CENSUS_SECTION_CONSTRUCTION_PERIOD,2982c1a8714123d57d6e8439e5aa59daed27244ad59da95141069ff506cc7067,ab631c6026e3f7cf5cfcff7c6a506eb84b6eeb62f1afa5703fc48ef0897e25fa,1,73,1,,795.2642,,4,hostname=magic-node-01.encs.concordia.ca / kernel=Linux 5.14.0-687.39.1.el9_8.x86_64,"EnergyPlus, Version 23.1.0-87ed9199d4, YMD=2026.08.31 12:05"
93415,IT.MidClim.MFH.01.Gen.ReEx.001.001,MFH,IT.01,DWELLING_LAYOUT_EMITTED_IMPUTED_COUNT,IMPUTED_CENSUS_SECTION_CONSTRUCTION_PERIOD,32d3535f273972b95990e23cf50cd18ad3e5bc346eb8ebfce4c2984d379ca9ad,ab631c6026e3f7cf5cfcff7c6a506eb84b6eeb62f1afa5703fc48ef0897e25fa,0,1,0,7527.060013,87.8987,85.633349,1790,hostname=magic-node-01.encs.concordia.ca / kernel=Linux 5.14.0-687.39.1.el9_8.x86_64,"EnergyPlus, Version 23.1.0-87ed9199d4, YMD=2026.08.31 12:05"
93416,IT.MidClim.AB.03.Gen.ReEx.001.001,AB,IT.03,FALLBACK_PENDING_LAYOUT_MISSING_DWELLING_COUNT,IMPUTED_CENSUS_SECTION_CONSTRUCTION_PERIOD,443f5b3ecddf15cdad5a7884ff20d63c7ff29f9950b702f66350bfdbb764393f,ab631c6026e3f7cf5cfcff7c6a506eb84b6eeb62f1afa5703fc48ef0897e25fa,0,0,0,26781.278322,520.9005,51.413424,912,hostname=magic.encs.concordia.ca / kernel=Linux 5.14.0-687.39.1.el9_8.x86_64,"EnergyPlus, Version 23.1.0-87ed9199d4, YMD=2026.08.31 12:05"
93417,IT.MidClim.TH.03.Gen.ReEx.001.001,TH,IT.03,DWELLING_LAYOUT_EMITTED_IMPUTED_COUNT,IMPUTED_CENSUS_SECTION_CONSTRUCTION_PERIOD,4f2aca7ca21c8c1dcb0a24af14cdc32535df2a87a8869d97e8e84ccf45d2fa0a,ab631c6026e3f7cf5cfcff7c6a506eb84b6eeb62f1afa5703fc48ef0897e25fa,0,0,0,6725.479429,24.7639,271.584017,135,hostname=speed-29.encs.concordia.ca / kernel=Linux 5.14.0-687.39.1.el9_8.x86_64,"EnergyPlus, Version 23.1.0-87ed9199d4, YMD=2026.08.31 12:05"
94279,IT.MidClim.AB.01.Gen.ReEx.001.001,AB,IT.01,DWELLING_LAYOUT_EMITTED_IMPUTED_COUNT,IMPUTED_CENSUS_SECTION_CONSTRUCTION_PERIOD,31d8b4889302b7f318216daf50a7a10e09b2f22e9cdb265847d638b244fd83a5,ab631c6026e3f7cf5cfcff7c6a506eb84b6eeb62f1afa5703fc48ef0897e25fa,0,0,0,26961.60702,487.9571,55.254052,3083,hostname=magic-node-05.encs.concordia.ca / kernel=Linux 5.14.0-687.39.1.el9_8.x86_64,"EnergyPlus, Version 23.1.0-87ed9199d4, YMD=2026.08.31 12:05"
94302,IT.MidClim.SFH.01.Gen.ReEx.001.001,SFH,IT.01,DWELLING_LAYOUT_EMITTED_IMPUTED_COUNT,IMPUTED_CENSUS_SECTION_CONSTRUCTION_PERIOD,e1978d881016d6fea4d74146dcedd158aa3fedb6b61485e673073ef0a590959a,ab631c6026e3f7cf5cfcff7c6a506eb84b6eeb62f1afa5703fc48ef0897e25fa,0,0,0,7442.166988,59.9924,124.05183,22,hostname=speed-11.encs.concordia.ca / kernel=Linux 5.14.0-687.39.1.el9_8.x86_64,"EnergyPlus, Version 23.1.0-87ed9199d4, YMD=2026.08.31 12:06"
94721,IT.MidClim.TH.01.Gen.ReEx.001.001,TH,IT.01,DWELLING_LAYOUT_EMITTED_IMPUTED_COUNT,IMPUTED_CENSUS_SECTION_CONSTRUCTION_PERIOD,f991fdd595b9c8581907d14a550fab35bb84569aca761b1e538fa98d7bd95121,ab631c6026e3f7cf5cfcff7c6a506eb84b6eeb62f1afa5703fc48ef0897e25fa,0,0,0,2599.454295,22.687,114.579023,972,hostname=magic-node-06.encs.concordia.ca / kernel=Linux 5.14.0-687.39.1.el9_8.x86_64,"EnergyPlus, Version 23.1.0-87ed9199d4, YMD=2026.08.31 12:06"
94724,IT.MidClim.TH.01.Gen.ReEx.001.001,TH,IT.01,DWELLING_LAYOUT_EMITTED_IMPUTED_COUNT,IMPUTED_CENSUS_SECTION_CONSTRUCTION_PERIOD,405653ec2065cee43390e81bc963eefc3dd54bc1dee3555c5209fb8947c5c3b1,ab631c6026e3f7cf5cfcff7c6a506eb84b6eeb62f1afa5703fc48ef0897e25fa,0,0,0,3612.514093,23.6954,152.456346,213,hostname=speed-11.encs.concordia.ca / kernel=Linux 5.14.0-687.39.1.el9_8.x86_64,"EnergyPlus, Version 23.1.0-87ed9199d4, YMD=2026.08.31 12:06"
95376,IT.MidClim.AB.01.Gen.ReEx.001.001,AB,IT.01,FALLBACK_PENDING_LAYOUT_MISSING_DWELLING_COUNT,IMPUTED_CENSUS_SECTION_CONSTRUCTION_PERIOD,f21c5bc327d618ec039a8dba37c99a05cb0e3ed224085e3e2949172a0a261fb8,ab631c6026e3f7cf5cfcff7c6a506eb84b6eeb62f1afa5703fc48ef0897e25fa,0,0,0,5571.946377,153.2445,36.359846,15,hostname=speed-33.encs.concordia.ca / kernel=Linux 5.14.0-687.39.1.el9_8.x86_64,"EnergyPlus, Version 23.1.0-87ed9199d4, YMD=2026.08.31 12:06"
95507,IT.MidClim.AB.01.Gen.ReEx.001.001,AB,IT.01,FALLBACK_PENDING_LAYOUT_MISSING_DWELLING_COUNT,IMPUTED_CENSUS_SECTION_CONSTRUCTION_PERIOD,4baab58265e4048311c6acbf7d8d5e201b0a74a91c38695fd7f4fbf33119c67d,ab631c6026e3f7cf5cfcff7c6a506eb84b6eeb62f1afa5703fc48ef0897e25fa,0,1,0,264812.546209,5240.7322,50.529685,971,hostname=antenna2.encs.concordia.ca / kernel=Linux 5.14.0-687.36.1.el9_8.x86_64,"EnergyPlus, Version 23.1.0-87ed9199d4, YMD=2026.08.31 12:06"
95591,IT.MidClim.AB.01.Gen.ReEx.001.001,AB,IT.01,FALLBACK_PENDING_LAYOUT_MISSING_DWELLING_COUNT,IMPUTED_CENSUS_SECTION_CONSTRUCTION_PERIOD,170bba4cad5107a994d841f0f82a7d03a96d403b97c8684c5dacfaa8fee5d241,ab631c6026e3f7cf5cfcff7c6a506eb84b6eeb62f1afa5703fc48ef0897e25fa,0,0,0,105890.587077,2027.7464,52.220824,3595,hostname=speed-33.encs.concordia.ca / kernel=Linux 5.14.0-687.39.1.el9_8.x86_64,"EnergyPlus, Version 23.1.0-87ed9199d4, YMD=2026.08.31 12:06"
95592,IT.MidClim.MFH.01.Gen.ReEx.001.001,MFH,IT.01,DWELLING_LAYOUT_EMITTED_IMPUTED_COUNT,IMPUTED_CENSUS_SECTION_CONSTRUCTION_PERIOD,8ddd832cdc44d6636f113e020baade98c3ed302311a6329864e67a30c1912b44,ab631c6026e3f7cf5cfcff7c6a506eb84b6eeb62f1afa5703fc48ef0897e25fa,0,0,0,69881.9411,1590.6364,43.933322,1841,hostname=speed-11.encs.concordia.ca / kernel=Linux 5.14.0-687.39.1.el9_8.x86_64,"EnergyPlus, Version 23.1.0-87ed9199d4, YMD=2026.08.31 12:07"
95593,IT.MidClim.MFH.01.Gen.ReEx.001.001,MFH,IT.01,DWELLING_LAYOUT_EMITTED_IMPUTED_COUNT,IMPUTED_CENSUS_SECTION_CONSTRUCTION_PERIOD,1336271928ca5e1666c2c37195dd25c093c4a62e8be14e1889643613f5499ced,ab631c6026e3f7cf5cfcff7c6a506eb84b6eeb62f1afa5703fc48ef0897e25fa,1,7,1,,167.381,,3,hostname=speed-15.encs.concordia.ca / kernel=Linux 5.14.0-687.39.1.el9_8.x86_64,"EnergyPlus, Version 23.1.0-87ed9199d4, YMD=2026.08.31 12:07"
95738,IT.MidClim.AB.01.Gen.ReEx.001.001,AB,IT.01,FALLBACK_PENDING_LAYOUT_MISSING_DWELLING_COUNT,IMPUTED_CENSUS_SECTION_CONSTRUCTION_PERIOD,628034e8798716956811472ee0e5eddc9ba8ec4d4d5f39f7711040b44b3725af,ab631c6026e3f7cf5cfcff7c6a506eb84b6eeb62f1afa5703fc48ef0897e25fa,0,0,0,859735.82978,21479.6386,40.025619,525,hostname=speed-15.encs.concordia.ca / kernel=Linux 5.14.0-687.39.1.el9_8.x86_64,"EnergyPlus, Version 23.1.0-87ed9199d4, YMD=2026.08.31 12:07"
95739,IT.MidClim.AB.01.Gen.ReEx.001.001,AB,IT.01,FALLBACK_PENDING_LAYOUT_MISSING_DWELLING_COUNT,IMPUTED_CENSUS_SECTION_CONSTRUCTION_PERIOD,b90581476e7261ab5ed0d5069c00ee7f28be135ff89d3cb16169ceb266b008ef,ab631c6026e3f7cf5cfcff7c6a506eb84b6eeb62f1afa5703fc48ef0897e25fa,0,0,0,461528.188043,10440.8105,44.204249,1148,hostname=speed-15.encs.concordia.ca / kernel=Linux 5.14.0-687.39.1.el9_8.x86_64,"EnergyPlus, Version 23.1.0-87ed9199d4, YMD=2026.08.31 12:07"
95957,IT.MidClim.MFH.03.Gen.ReEx.001.001,MFH,IT.03,FALLBACK_PENDING_LAYOUT_MISSING_DWELLING_COUNT,IMPUTED_CENSUS_SECTION_CONSTRUCTION_PERIOD,3bb1969a0cad292104e375e174a287fdf93ac2d0cd2b3d8b53395246a8e4d680,ab631c6026e3f7cf5cfcff7c6a506eb84b6eeb62f1afa5703fc48ef0897e25fa,0,0,0,9200.839324,74.6855,123.194453,866,hostname=speed-29.encs.concordia.ca / kernel=Linux 5.14.0-687.39.1.el9_8.x86_64,"EnergyPlus, Version 23.1.0-87ed9199d4, YMD=2026.08.31 12:08"
95976,IT.MidClim.AB.01.Gen.ReEx.001.001,AB,IT.01,FALLBACK_PENDING_LAYOUT_MISSING_DWELLING_COUNT,IMPUTED_CENSUS_SECTION_CONSTRUCTION_PERIOD,32d9ff25f69e561ca68398d1e9b6510c18740666929ce288de2f123bd4312d2f,ab631c6026e3f7cf5cfcff7c6a506eb84b6eeb62f1afa5703fc48ef0897e25fa,0,0,0,362952.898684,7296.4634,49.743674,800,hostname=antenna2.encs.concordia.ca / kernel=Linux 5.14.0-687.36.1.el9_8.x86_64,"EnergyPlus, Version 23.1.0-87ed9199d4, YMD=2026.08.31 12:09"
96501,IT.MidClim.MFH.05.Gen.ReEx.001.001,MFH,IT.05,DWELLING_LAYOUT_EMITTED_IMPUTED_COUNT,IMPUTED_CENSUS_SECTION_CONSTRUCTION_PERIOD,e19d952cd6bffbf59b2b8628f88ac36a95a839bd401fb9813ee62e8b141e45a7,ab631c6026e3f7cf5cfcff7c6a506eb84b6eeb62f1afa5703fc48ef0897e25fa,0,0,0,53502.595358,693.3807,77.161933,333,hostname=magic-node-09.encs.concordia.ca / kernel=Linux 5.14.0-687.39.1.el9_8.x86_64,"EnergyPlus, Version 23.1.0-87ed9199d4, YMD=2026.08.31 12:09"
