Date/Time,EU_CELL_ZONE IDEAL LOADS AIR SYSTEM:Zone Ideal Loads Zone Total Heating Energy [J](Hourly) 
 01/01  01:00:00,139121493.45504218 
 01/01  02:00:00,144754658.48400918 
 01/01  03:00:00,145156047.3841754 
 01/01  04:00:00,147273881.5120383 
 01/01  05:00:00,149494512.29044226 
 01/01  06:00:00,148845336.97889644 
 01/01  07:00:00,148175366.4495524 
 01/01  08:00:00,162224224.2705217 
 01/01  09:00:00,158337721.9330283 
 01/01  10:00:00,161007165.0196261 
 01/01  11:00:00,151243987.86966228 
 01/01  12:00:00,142322845.14836523 
 01/01  13:00:00,128763913.3386484 
 01/01  14:00:00,129303033.12268992 
 01/01  15:00:00,119300390.09297055 
 01/01  16:00:00,114212565.25620562 
 01/01  17:00:00,109266763.56249402 
 01/01  18:00:00,120915448.38952044 
 01/01  19:00:00,123235039.35531384 
 01/01  20:00:00,117307003.35512045 
 01/01  21:00:00,118872785.27135703 
 01/01  22:00:00,121071996.00301541 
 01/01  23:00:00,126194182.49474858 
 01/01  24:00:00,131115071.28350386 
 01/02  01:00:00,131557486.14169116 
 01/02  02:00:00,131362718.27743806 
 01/02  03:00:00,132857597.45503712 
 01/02  04:00:00,142804489.00015265 
 01/02  05:00:00,154360473.69455758 
 01/02  06:00:00,159251489.71701202 
 01/02  07:00:00,160840720.80379683 
 01/02  08:00:00,169576219.25425887 
 01/02  09:00:00,151293309.66499305 
 01/02  10:00:00,147473089.61870196 
 01/02  11:00:00,145723367.52367234 
 01/02  12:00:00,147822903.92059216 
 01/02  13:00:00,137784556.29734743 
 01/02  14:00:00,139378644.63521907 
 01/02  15:00:00,129949125.89290223 
 01/02  16:00:00,124772713.66829735 
 01/02  17:00:00,119990022.95167434 
 01/02  18:00:00,117894210.58738117 
 01/02  19:00:00,131145619.82516743 
 01/02  20:00:00,124487768.04920931 
 01/02  21:00:00,125787011.95632656 
 01/02  22:00:00,125635331.7221321 
 01/02  23:00:00,128371275.27105302 
 01/02  24:00:00,131025326.03560236 
 01/03  01:00:00,132655591.76756263 
 01/03  02:00:00,136689749.73762256 
 01/03  03:00:00,139632463.21670905 
 01/03  04:00:00,144057127.36607027 
 01/03  05:00:00,150259030.08904475 
 01/03  06:00:00,155607066.3748633 
 01/03  07:00:00,156788382.4435915 
 01/03  08:00:00,166918844.1211783 
 01/03  09:00:00,151162310.4348477 
 01/03  10:00:00,148915918.57242838 
 01/03  11:00:00,144805688.0253487 
 01/03  12:00:00,141852445.4970901 
 01/03  13:00:00,130448378.13369258 
 01/03  14:00:00,131785594.49077354 
 01/03  15:00:00,121806091.06248605 
 01/03  16:00:00,119232187.91418497 
 01/03  17:00:00,119068328.56707999 
 01/03  18:00:00,120959094.30747014 
 01/03  19:00:00,120876025.98017776 
 01/03  20:00:00,118762706.8847951 
 01/03  21:00:00,117246878.11496206 
 01/03  22:00:00,115539698.77996309 
 01/03  23:00:00,114873766.00274952 
 01/03  24:00:00,118514865.89953439 
 01/04  01:00:00,122117160.38012733 
 01/04  02:00:00,122977869.31208925 
 01/04  03:00:00,120795644.43253477 
 01/04  04:00:00,120574661.22904675 
 01/04  05:00:00,120341706.2174888 
 01/04  06:00:00,119113561.30087323 
 01/04  07:00:00,118021622.64696866 
 01/04  08:00:00,129631840.01908927 
 01/04  09:00:00,124109564.5431354 
 01/04  10:00:00,126619702.47215818 
 01/04  11:00:00,119341223.6794237 
 01/04  12:00:00,115370342.24151818 
 01/04  13:00:00,107455045.25141585 
 01/04  14:00:00,110860303.83680202 
 01/04  15:00:00,102938657.17374492 
 01/04  16:00:00,101976540.740228 
 01/04  17:00:00,101669238.6129002 
 01/04  18:00:00,114212040.12827799 
 01/04  19:00:00,110968626.54887937 
 01/04  20:00:00,99922738.91070339 
 01/04  21:00:00,98312519.67418104 
 01/04  22:00:00,99090574.95029226 
 01/04  23:00:00,102694790.01842654 
 01/04  24:00:00,109809235.12957175 
 01/05  01:00:00,114513577.2225264 
 01/05  02:00:00,111915573.03598073 
 01/05  03:00:00,109341769.03791583 
 01/05  04:00:00,110358505.40929337 
 01/05  05:00:00,111206962.42117746 
 01/05  06:00:00,110936328.52654508 
 01/05  07:00:00,111030629.43876852 
 01/05  08:00:00,124523512.90902609 
 01/05  09:00:00,119252155.16315241 
 01/05  10:00:00,123867213.7426191 
 01/05  11:00:00,115941455.78461015 
 01/05  12:00:00,108898023.2192195 
 01/05  13:00:00,96821540.89786181 
 01/05  14:00:00,96192566.32001029 
 01/05  15:00:00,86152754.72444144 
 01/05  16:00:00,83926106.93800841 
 01/05  17:00:00,82750024.9638637 
 01/05  18:00:00,97520526.64893676 
 01/05  19:00:00,103833854.54951513 
 01/05  20:00:00,100546658.5308465 
 01/05  21:00:00,102527102.50075439 
 01/05  22:00:00,105111598.27748755 
 01/05  23:00:00,110301252.59281527 
 01/05  24:00:00,115361313.28839718 
 01/06  01:00:00,118330568.07321036 
 01/06  02:00:00,120317801.94273195 
 01/06  03:00:00,123396526.88801438 
 01/06  04:00:00,127929792.0726024 
 01/06  05:00:00,136502657.9772171 
 01/06  06:00:00,143578812.45876664 
 01/06  07:00:00,143225428.96625262 
 01/06  08:00:00,154249573.03825474 
 01/06  09:00:00,146649267.10098457 
 01/06  10:00:00,148725755.18423322 
 01/06  11:00:00,142317697.1231626 
 01/06  12:00:00,139361267.68372536 
 01/06  13:00:00,130353157.68313056 
 01/06  14:00:00,132795545.22337562 
 01/06  15:00:00,126654307.58906254 
 01/06  16:00:00,124820268.33818829 
 01/06  17:00:00,121471797.194963 
 01/06  18:00:00,135159908.52447784 
 01/06  19:00:00,140301662.40403745 
 01/06  20:00:00,138791528.97435376 
 01/06  21:00:00,143434891.89298436 
 01/06  22:00:00,145884212.0951248 
 01/06  23:00:00,151222352.95536637 
 01/06  24:00:00,156200682.86913043 
 01/07  01:00:00,160361307.76516393 
 01/07  02:00:00,167078495.062986 
 01/07  03:00:00,170225514.11196557 
 01/07  04:00:00,165131329.00804645 
 01/07  05:00:00,159710993.07682225 
 01/07  06:00:00,159866961.75459105 
 01/07  07:00:00,162000592.2167552 
 01/07  08:00:00,176300474.5876243 
 01/07  09:00:00,171967251.1985292 
 01/07  10:00:00,177031241.61151513 
 01/07  11:00:00,172295988.53154114 
 01/07  12:00:00,173766703.5074613 
 01/07  13:00:00,169078141.68948218 
 01/07  14:00:00,173724863.3083859 
 01/07  15:00:00,168000996.06308627 
 01/07  16:00:00,169058004.76714882 
 01/07  17:00:00,168295993.76603228 
 01/07  18:00:00,180167951.2166872 
 01/07  19:00:00,179469773.18279433 
 01/07  20:00:00,169630826.9554651 
 01/07  21:00:00,169424237.8897472 
 01/07  22:00:00,171027341.4119517 
 01/07  23:00:00,173460594.72846416 
 01/07  24:00:00,174579574.22204372 
 01/08  01:00:00,176763398.75089055 
 01/08  02:00:00,178800532.87324554 
 01/08  03:00:00,179695817.61056513 
 01/08  04:00:00,184747598.00126305 
 01/08  05:00:00,191354301.14266536 
 01/08  06:00:00,194587716.6939832 
 01/08  07:00:00,196141164.01238984 
 01/08  08:00:00,212119264.49892652 
 01/08  09:00:00,209741290.34541273 
 01/08  10:00:00,214027211.17492267 
 01/08  11:00:00,206530706.14242068 
 01/08  12:00:00,197182271.87443882 
 01/08  13:00:00,182771271.3563857 
 01/08  14:00:00,183725380.0054263 
 01/08  15:00:00,174209249.0971998 
 01/08  16:00:00,172501725.91725743 
 01/08  17:00:00,172025826.89577785 
 01/08  18:00:00,186814595.483199 
 01/08  19:00:00,191394728.16495597 
 01/08  20:00:00,188397615.52122742 
 01/08  21:00:00,192589574.2723577 
 01/08  22:00:00,195518680.6995461 
 01/08  23:00:00,199354817.22059044 
 01/08  24:00:00,202453860.17460144 
 01/09  01:00:00,203714708.81517512 
 01/09  02:00:00,204462449.8772927 
 01/09  03:00:00,205566232.57309073 
 01/09  04:00:00,208856746.24849218 
 01/09  05:00:00,215854021.7039514 
 01/09  06:00:00,220363301.60578257 
 01/09  07:00:00,222059560.17054865 
 01/09  08:00:00,235521591.71897766 
 01/09  09:00:00,220409901.6063062 
 01/09  10:00:00,216550160.84458402 
 01/09  11:00:00,210611796.71964908 
 01/09  12:00:00,205839813.1484508 
 01/09  13:00:00,190895804.56091338 
 01/09  14:00:00,191532667.6379495 
 01/09  15:00:00,183948869.7693554 
 01/09  16:00:00,181479651.5366833 
 01/09  17:00:00,178790331.03382295 
 01/09  18:00:00,179231847.95330417 
 01/09  19:00:00,195814959.2684664 
 01/09  20:00:00,196231594.4430963 
 01/09  21:00:00,205496902.98431686 
 01/09  22:00:00,207428583.5629842 
 01/09  23:00:00,213127552.31799138 
 01/09  24:00:00,223409333.78108418 
 01/10  01:00:00,229291147.13552752 
 01/10  02:00:00,232187840.13592562 
 01/10  03:00:00,231540970.117057 
 01/10  04:00:00,229557696.2461508 
 01/10  05:00:00,233549520.35415685 
 01/10  06:00:00,239520681.18177634 
 01/10  07:00:00,241415039.9977704 
 01/10  08:00:00,254789054.65851054 
 01/10  09:00:00,242158938.89233702 
 01/10  10:00:00,241886844.0941314 
 01/10  11:00:00,238368443.39266938 
 01/10  12:00:00,230108633.35482046 
 01/10  13:00:00,212206889.23182535 
 01/10  14:00:00,211124568.0201987 
 01/10  15:00:00,199855465.17558774 
 01/10  16:00:00,196914705.68775478 
 01/10  17:00:00,196982828.0257267 
 01/10  18:00:00,199288665.11666065 
 01/10  19:00:00,206741775.70091596 
 01/10  20:00:00,211531708.33586848 
 01/10  21:00:00,211705956.04191393 
 01/10  22:00:00,216048965.3015168 
 01/10  23:00:00,220288140.9950423 
 01/10  24:00:00,221056865.1914306 
 01/11  01:00:00,220534759.52585354 
 01/11  02:00:00,220370382.32541063 
 01/11  03:00:00,221078619.46958888 
 01/11  04:00:00,227682706.3328495 
 01/11  05:00:00,230888299.31089252 
 01/11  06:00:00,230008317.70458087 
 01/11  07:00:00,229595030.75898987 
 01/11  08:00:00,240091052.0572847 
 01/11  09:00:00,238380544.63774177 
 01/11  10:00:00,246284153.463251 
 01/11  11:00:00,236825824.22998682 
 01/11  12:00:00,220048594.28702524 
 01/11  13:00:00,200300013.7499576 
 01/11  14:00:00,197935978.24041635 
 01/11  15:00:00,184032573.00724763 
 01/11  16:00:00,177615082.95483172 
 01/11  17:00:00,173335291.78452632 
 01/11  18:00:00,188651558.1252595 
 01/11  19:00:00,202597209.1508906 
 01/11  20:00:00,207537735.80615804 
 01/11  21:00:00,216138891.9511639 
 01/11  22:00:00,217857026.86194503 
 01/11  23:00:00,210789177.3495834 
 01/11  24:00:00,212072976.1825837 
 01/12  01:00:00,216994524.52349105 
 01/12  02:00:00,214390004.11146894 
 01/12  03:00:00,210933916.5774612 
 01/12  04:00:00,206039400.75009868 
 01/12  05:00:00,197947659.56512487 
 01/12  06:00:00,195011643.8933124 
 01/12  07:00:00,195695737.14059174 
 01/12  08:00:00,208639145.53856036 
 01/12  09:00:00,202801637.54658085 
 01/12  10:00:00,203603810.6748834 
 01/12  11:00:00,193800472.24814692 
 01/12  12:00:00,187523846.2804152 
 01/12  13:00:00,176278180.43667236 
 01/12  14:00:00,177134322.06211305 
 01/12  15:00:00,167316586.0202774 
 01/12  16:00:00,162256031.8870799 
 01/12  17:00:00,157479219.76897722 
 01/12  18:00:00,168658536.31464815 
 01/12  19:00:00,166158839.8200003 
 01/12  20:00:00,156768996.75876272 
 01/12  21:00:00,158088172.32364595 
 01/12  22:00:00,159590767.2750153 
 01/12  23:00:00,163170390.6382571 
 01/12  24:00:00,160309807.76641166 
 01/13  01:00:00,158671466.67308533 
 01/13  02:00:00,164794607.62843934 
 01/13  03:00:00,167500826.18752584 
 01/13  04:00:00,167576543.35202387 
 01/13  05:00:00,166030368.98223522 
 01/13  06:00:00,165149931.100989 
 01/13  07:00:00,166048466.30952784 
 01/13  08:00:00,179794026.79051 
 01/13  09:00:00,175324713.68284947 
 01/13  10:00:00,178561413.50935638 
 01/13  11:00:00,168997677.64993683 
 01/13  12:00:00,155829775.63477117 
 01/13  13:00:00,140325918.6960138 
 01/13  14:00:00,141830495.98444802 
 01/13  15:00:00,133703894.21064346 
 01/13  16:00:00,130316133.04252559 
 01/13  17:00:00,125186397.92145868 
 01/13  18:00:00,135038423.92462307 
 01/13  19:00:00,132018874.3857532 
 01/13  20:00:00,120329245.76584646 
 01/13  21:00:00,116138122.25739256 
 01/13  22:00:00,112565398.22950658 
 01/13  23:00:00,114094782.19986558 
 01/13  24:00:00,115965122.73176813 
 01/14  01:00:00,116056732.26921797 
 01/14  02:00:00,113915368.79813647 
 01/14  03:00:00,104443818.21134318 
 01/14  04:00:00,95745889.9803567 
 01/14  05:00:00,94076146.79047453 
 01/14  06:00:00,94980691.46439473 
 01/14  07:00:00,96907872.88647686 
 01/14  08:00:00,111045796.046174 
 01/14  09:00:00,104902139.09231815 
 01/14  10:00:00,109285772.50358751 
 01/14  11:00:00,104505323.32742007 
 01/14  12:00:00,101507285.42356583 
 01/14  13:00:00,92522067.44466133 
 01/14  14:00:00,94804899.88737543 
 01/14  15:00:00,85526065.69420993 
 01/14  16:00:00,82686965.25291786 
 01/14  17:00:00,83480342.93651503 
 01/14  18:00:00,101064791.3826818 
 01/14  19:00:00,106081528.07968423 
 01/14  20:00:00,100811675.11061722 
 01/14  21:00:00,104005126.50485243 
 01/14  22:00:00,105372787.47248015 
 01/14  23:00:00,111375450.24663487 
 01/14  24:00:00,119501598.67480151 
 01/15  01:00:00,125931990.81819165 
 01/15  02:00:00,138568623.59315014 
 01/15  03:00:00,151545264.22130552 
 01/15  04:00:00,162201971.44562453 
 01/15  05:00:00,168786137.07082444 
 01/15  06:00:00,159721866.97757658 
 01/15  07:00:00,150342872.772941 
 01/15  08:00:00,163783880.72695285 
 01/15  09:00:00,163685093.9581055 
 01/15  10:00:00,174147288.68974793 
 01/15  11:00:00,167251933.7053251 
 01/15  12:00:00,148216532.35574153 
 01/15  13:00:00,125029955.39395446 
 01/15  14:00:00,123266392.65182266 
 01/15  15:00:00,113140883.11490257 
 01/15  16:00:00,108359940.58778702 
 01/15  17:00:00,103971438.99048114 
 01/15  18:00:00,117549585.25175844 
 01/15  19:00:00,123232979.82128435 
 01/15  20:00:00,122244533.05313747 
 01/15  21:00:00,126483828.02742693 
 01/15  22:00:00,129999777.3785276 
 01/15  23:00:00,136565324.77335265 
 01/15  24:00:00,146395757.33607355 
 01/16  01:00:00,153753189.33637437 
 01/16  02:00:00,155228049.08712026 
 01/16  03:00:00,151389940.32453614 
 01/16  04:00:00,149168559.47435215 
 01/16  05:00:00,146753212.54204622 
 01/16  06:00:00,142802496.6388707 
 01/16  07:00:00,141882344.74873656 
 01/16  08:00:00,151963740.38316646 
 01/16  09:00:00,136435923.81475383 
 01/16  10:00:00,134233309.70683268 
 01/16  11:00:00,132413852.89541137 
 01/16  12:00:00,133220233.41367763 
 01/16  13:00:00,118087002.03857253 
 01/16  14:00:00,116277224.88297184 
 01/16  15:00:00,107787908.74708937 
 01/16  16:00:00,103600042.54997401 
 01/16  17:00:00,98130870.93017817 
 01/16  18:00:00,95058611.94419575 
 01/16  19:00:00,105377320.00735612 
 01/16  20:00:00,93732568.59133743 
 01/16  21:00:00,93149737.09831762 
 01/16  22:00:00,93010846.80022334 
 01/16  23:00:00,94779433.6455605 
 01/16  24:00:00,100082523.0808734 
 01/17  01:00:00,102380053.71747783 
 01/17  02:00:00,101715123.49784872 
 01/17  03:00:00,101781980.67588061 
 01/17  04:00:00,103191301.74067505 
 01/17  05:00:00,100435081.18860154 
 01/17  06:00:00,97265935.57059173 
 01/17  07:00:00,97009391.01627602 
 01/17  08:00:00,109410584.54428819 
 01/17  09:00:00,95451309.85129413 
 01/17  10:00:00,93963289.74080217 
 01/17  11:00:00,93042244.3152959 
 01/17  12:00:00,93741317.542777 
 01/17  13:00:00,82101011.28429747 
 01/17  14:00:00,82955404.50580801 
 01/17  15:00:00,82926710.36773661 
 01/17  16:00:00,71110478.8606878 
 01/17  17:00:00,67232687.10456508 
 01/17  18:00:00,66253144.590129964 
 01/17  19:00:00,69410445.22588293 
 01/17  20:00:00,73459240.79437625 
 01/17  21:00:00,78343337.1442815 
 01/17  22:00:00,82447124.25405274 
 01/17  23:00:00,86981027.65364622 
 01/17  24:00:00,94067943.1405179 
 01/18  01:00:00,96641620.17133242 
 01/18  02:00:00,96628018.94877353 
 01/18  03:00:00,97876326.04331648 
 01/18  04:00:00,104994723.8787872 
 01/18  05:00:00,112150739.12261721 
 01/18  06:00:00,112424272.60503417 
 01/18  07:00:00,111411346.36291613 
 01/18  08:00:00,124018941.14827867 
 01/18  09:00:00,118208658.45889968 
 01/18  10:00:00,120751293.05657603 
 01/18  11:00:00,117042306.14360821 
 01/18  12:00:00,111693933.15714042 
 01/18  13:00:00,96878234.20930293 
 01/18  14:00:00,95707855.20645677 
 01/18  15:00:00,83826431.2332898 
 01/18  16:00:00,78403589.55117649 
 01/18  17:00:00,72397931.57454516 
 01/18  18:00:00,83723995.59217136 
 01/18  19:00:00,85497205.75458321 
 01/18  20:00:00,80893133.11643727 
 01/18  21:00:00,84818767.74876018 
 01/18  22:00:00,85985790.08662176 
 01/18  23:00:00,86004299.68445903 
 01/18  24:00:00,87986303.4981783 
 01/19  01:00:00,88321018.76950546 
 01/19  02:00:00,86826377.50545204 
 01/19  03:00:00,86358069.82152686 
 01/19  04:00:00,85905217.10602467 
 01/19  05:00:00,87595632.95539612 
 01/19  06:00:00,88731667.8709774 
 01/19  07:00:00,87953697.88762252 
 01/19  08:00:00,100542661.24754152 
 01/19  09:00:00,95229514.76056021 
 01/19  10:00:00,97488590.44488077 
 01/19  11:00:00,89946833.76792717 
 01/19  12:00:00,83137017.49673471 
 01/19  13:00:00,71312924.86137426 
 01/19  14:00:00,75507384.74198553 
 01/19  15:00:00,69792397.23242353 
 01/19  16:00:00,70457354.91918187 
 01/19  17:00:00,70058358.02544972 
 01/19  18:00:00,82628016.72670537 
 01/19  19:00:00,84106348.71727829 
 01/19  20:00:00,80172335.19410124 
 01/19  21:00:00,84053539.12193245 
 01/19  22:00:00,88122845.59883127 
 01/19  23:00:00,96755399.17670874 
 01/19  24:00:00,103565452.42516008 
 01/20  01:00:00,105886871.34595409 
 01/20  02:00:00,106557962.67665589 
 01/20  03:00:00,111770642.77889982 
 01/20  04:00:00,121300938.20838225 
 01/20  05:00:00,124033081.60553543 
 01/20  06:00:00,123373820.02250093 
 01/20  07:00:00,123578505.43188007 
 01/20  08:00:00,135362205.9847325 
 01/20  09:00:00,130177067.27749856 
 01/20  10:00:00,132947348.78928731 
 01/20  11:00:00,124180108.91986936 
 01/20  12:00:00,116597754.09466887 
 01/20  13:00:00,103557132.11695705 
 01/20  14:00:00,99911544.92065962 
 01/20  15:00:00,83563707.12526357 
 01/20  16:00:00,76974020.98765711 
 01/20  17:00:00,73552422.53756821 
 01/20  18:00:00,85665932.52383325 
 01/20  19:00:00,94785005.05509435 
 01/20  20:00:00,100428887.8110955 
 01/20  21:00:00,103657603.0428174 
 01/20  22:00:00,102106026.66953708 
 01/20  23:00:00,113925678.63395473 
 01/20  24:00:00,123275416.62507516 
 01/21  01:00:00,128821520.15611738 
 01/21  02:00:00,138589888.07080325 
 01/21  03:00:00,140910810.23260692 
 01/21  04:00:00,145706655.35613155 
 01/21  05:00:00,155612590.74270755 
 01/21  06:00:00,159325104.61479107 
 01/21  07:00:00,164567201.94164512 
 01/21  08:00:00,185314573.63129723 
 01/21  09:00:00,184182291.67672932 
 01/21  10:00:00,188250884.62164605 
 01/21  11:00:00,171649686.192472 
 01/21  12:00:00,145832327.91806722 
 01/21  13:00:00,121939284.85605282 
 01/21  14:00:00,120480216.95017652 
 01/21  15:00:00,108723046.47325736 
 01/21  16:00:00,102473132.83789977 
 01/21  17:00:00,96369230.97715324 
 01/21  18:00:00,108041991.51635504 
 01/21  19:00:00,113027926.66137904 
 01/21  20:00:00,116908036.12694865 
 01/21  21:00:00,129183695.14298983 
 01/21  22:00:00,131239511.56522627 
 01/21  23:00:00,127640113.92525217 
 01/21  24:00:00,129686131.9949671 
 01/22  01:00:00,134735538.57233763 
 01/22  02:00:00,136350321.61302587 
 01/22  03:00:00,139257279.50472832 
 01/22  04:00:00,144323221.04205245 
 01/22  05:00:00,151260937.2324817 
 01/22  06:00:00,157422951.74519637 
 01/22  07:00:00,162617349.02166378 
 01/22  08:00:00,185425395.65497485 
 01/22  09:00:00,187515238.16679904 
 01/22  10:00:00,189469578.41771534 
 01/22  11:00:00,174825114.33201107 
 01/22  12:00:00,156627986.93898913 
 01/22  13:00:00,135469192.72050646 
 01/22  14:00:00,132200713.25055 
 01/22  15:00:00,120108041.09100108 
 01/22  16:00:00,111039109.73654 
 01/22  17:00:00,101535762.0475969 
 01/22  18:00:00,110717720.24474128 
 01/22  19:00:00,110031685.18347976 
 01/22  20:00:00,100887189.27332194 
 01/22  21:00:00,107781898.97812626 
 01/22  22:00:00,116846895.33051087 
 01/22  23:00:00,120274499.97114325 
 01/22  24:00:00,122746014.00017677 
 01/23  01:00:00,124291780.74200581 
 01/23  02:00:00,125085148.42746632 
 01/23  03:00:00,124396475.54327384 
 01/23  04:00:00,123343726.31999311 
 01/23  05:00:00,121145611.34416676 
 01/23  06:00:00,119096792.6920749 
 01/23  07:00:00,118978065.65500277 
 01/23  08:00:00,131874332.57049844 
 01/23  09:00:00,118912473.81500113 
 01/23  10:00:00,118349631.68694529 
 01/23  11:00:00,115768458.01635677 
 01/23  12:00:00,111270936.24168882 
 01/23  13:00:00,97541799.91229829 
 01/23  14:00:00,99945571.6831538 
 01/23  15:00:00,91457649.52970557 
 01/23  16:00:00,88723727.04446943 
 01/23  17:00:00,85822158.82281062 
 01/23  18:00:00,85600402.63804308 
 01/23  19:00:00,104286666.99517988 
 01/23  20:00:00,102179860.18016806 
 01/23  21:00:00,106026493.89606729 
 01/23  22:00:00,109571683.79891974 
 01/23  23:00:00,114659398.95256454 
 01/23  24:00:00,118463831.4849002 
 01/24  01:00:00,124000991.72248243 
 01/24  02:00:00,128447592.68645385 
 01/24  03:00:00,131030592.04020771 
 01/24  04:00:00,131961850.99224493 
 01/24  05:00:00,132951238.49495035 
 01/24  06:00:00,135668189.44808853 
 01/24  07:00:00,136478589.99840003 
 01/24  08:00:00,151553758.11318865 
 01/24  09:00:00,140486563.84994602 
 01/24  10:00:00,139137351.72606942 
 01/24  11:00:00,133798350.62555814 
 01/24  12:00:00,128248592.67100178 
 01/24  13:00:00,110252464.42473862 
 01/24  14:00:00,104891997.54046893 
 01/24  15:00:00,100168713.87043588 
 01/24  16:00:00,86695786.0443616 
 01/24  17:00:00,81211923.3648784 
 01/24  18:00:00,78974110.43568434 
 01/24  19:00:00,84029365.25587924 
 01/24  20:00:00,89673801.99696858 
 01/24  21:00:00,94388884.27624097 
 01/24  22:00:00,99948088.06735715 
 01/24  23:00:00,107206016.76510938 
 01/24  24:00:00,112612383.59719613 
 01/25  01:00:00,115450489.28448951 
 01/25  02:00:00,120124724.41879638 
 01/25  03:00:00,124215470.09480609 
 01/25  04:00:00,129639187.65360758 
 01/25  05:00:00,136956077.9238956 
 01/25  06:00:00,142122384.66210297 
 01/25  07:00:00,147264353.88538972 
 01/25  08:00:00,166462080.3537669 
 01/25  09:00:00,163521852.6559634 
 01/25  10:00:00,167272821.32148308 
 01/25  11:00:00,156737406.34620124 
 01/25  12:00:00,142215600.31996927 
 01/25  13:00:00,125256299.45438819 
 01/25  14:00:00,125373169.89847669 
 01/25  15:00:00,116492950.52087957 
 01/25  16:00:00,112967626.02982427 
 01/25  17:00:00,110262065.8269961 
 01/25  18:00:00,124606501.87993339 
 01/25  19:00:00,128556669.54945913 
 01/25  20:00:00,123955962.19214448 
 01/25  21:00:00,128238622.84147534 
 01/25  22:00:00,132653563.7981911 
 01/25  23:00:00,139462121.91481245 
 01/25  24:00:00,147443413.40571326 
 01/26  01:00:00,152701086.96974352 
 01/26  02:00:00,159186444.37492204 
 01/26  03:00:00,165733349.86462164 
 01/26  04:00:00,170325385.1032192 
 01/26  05:00:00,171106083.42174888 
 01/26  06:00:00,169762792.0068291 
 01/26  07:00:00,169023423.71842754 
 01/26  08:00:00,180191588.73662564 
 01/26  09:00:00,174472199.5540632 
 01/26  10:00:00,178871330.86508465 
 01/26  11:00:00,170579274.37128875 
 01/26  12:00:00,155972367.1925709 
 01/26  13:00:00,136971954.5794348 
 01/26  14:00:00,135625720.4186939 
 01/26  15:00:00,124082534.01482001 
 01/26  16:00:00,116885152.13523269 
 01/26  17:00:00,107366425.20192778 
 01/26  18:00:00,115508312.70712407 
 01/26  19:00:00,120164091.49042143 
 01/26  20:00:00,119919419.77804069 
 01/26  21:00:00,127178317.48499347 
 01/26  22:00:00,134673638.86389744 
 01/26  23:00:00,149772947.4763304 
 01/26  24:00:00,158134756.21141377 
 01/27  01:00:00,158146992.9298658 
 01/27  02:00:00,160852961.9065292 
 01/27  03:00:00,163560901.51090318 
 01/27  04:00:00,166562530.9256897 
 01/27  05:00:00,169221282.33367318 
 01/27  06:00:00,170546710.87160474 
 01/27  07:00:00,170665336.02463344 
 01/27  08:00:00,184267089.02000934 
 01/27  09:00:00,180894661.66699225 
 01/27  10:00:00,186694416.37279692 
 01/27  11:00:00,180287841.8768344 
 01/27  12:00:00,178393927.61513108 
 01/27  13:00:00,173158506.6746916 
 01/27  14:00:00,177929793.40752319 
 01/27  15:00:00,170711661.17866233 
 01/27  16:00:00,167312320.2139819 
 01/27  17:00:00,161508771.2530398 
 01/27  18:00:00,172019588.86890876 
 01/27  19:00:00,171474458.45539927 
 01/27  20:00:00,160707715.56884256 
 01/27  21:00:00,161451179.9226236 
 01/27  22:00:00,168124960.14912185 
 01/27  23:00:00,177579620.74122408 
 01/27  24:00:00,187277291.0704391 
 01/28  01:00:00,194367152.707191 
 01/28  02:00:00,200007981.91895825 
 01/28  03:00:00,206524096.06525254 
 01/28  04:00:00,216498904.31052592 
 01/28  05:00:00,226272354.44158027 
 01/28  06:00:00,228074420.75178987 
 01/28  07:00:00,227177965.3097058 
 01/28  08:00:00,242159194.92351103 
 01/28  09:00:00,240211951.31969365 
 01/28  10:00:00,242889299.48922312 
 01/28  11:00:00,223966626.37649587 
 01/28  12:00:00,190930129.16285077 
 01/28  13:00:00,159224674.58203366 
 01/28  14:00:00,152890445.4053909 
 01/28  15:00:00,136985965.1114398 
 01/28  16:00:00,123016341.42349528 
 01/28  17:00:00,110076604.62840179 
 01/28  18:00:00,119507234.92322536 
 01/28  19:00:00,126842355.79384458 
 01/28  20:00:00,131060725.39155658 
 01/28  21:00:00,139449203.75779212 
 01/28  22:00:00,143171770.31972852 
 01/28  23:00:00,153305235.19137236 
 01/28  24:00:00,166842254.9910801 
 01/29  01:00:00,176829466.98186713 
 01/29  02:00:00,183998905.77327943 
 01/29  03:00:00,189211214.8899002 
 01/29  04:00:00,196430337.03751943 
 01/29  05:00:00,196243419.17581066 
 01/29  06:00:00,190834539.69327733 
 01/29  07:00:00,185925787.72549382 
 01/29  08:00:00,197183493.83295345 
 01/29  09:00:00,199692306.24257058 
 01/29  10:00:00,203056047.8235193 
 01/29  11:00:00,183722822.33294246 
 01/29  12:00:00,157622452.9140237 
 01/29  13:00:00,130794198.2204339 
 01/29  14:00:00,127096934.44638047 
 01/29  15:00:00,112922631.36713071 
 01/29  16:00:00,100706424.65189213 
 01/29  17:00:00,89640592.90189053 
 01/29  18:00:00,101161740.91494381 
 01/29  19:00:00,107992929.2570806 
 01/29  20:00:00,108657681.35525808 
 01/29  21:00:00,112554618.60917366 
 01/29  22:00:00,114788317.26311451 
 01/29  23:00:00,121979798.01864009 
 01/29  24:00:00,126670137.81371042 
 01/30  01:00:00,127895760.55150802 
 01/30  02:00:00,130121186.82769905 
 01/30  03:00:00,136330003.3533816 
 01/30  04:00:00,145425102.97791868 
 01/30  05:00:00,150960278.02045238 
 01/30  06:00:00,152938801.06567946 
 01/30  07:00:00,154337911.65538692 
 01/30  08:00:00,167678072.59920207 
 01/30  09:00:00,154371226.7905305 
 01/30  10:00:00,153098282.54556757 
 01/30  11:00:00,147576234.00407234 
 01/30  12:00:00,136782861.95858544 
 01/30  13:00:00,115834676.3420174 
 01/30  14:00:00,112914036.52115552 
 01/30  15:00:00,101143508.90754737 
 01/30  16:00:00,95727085.86645935 
 01/30  17:00:00,91063485.62432706 
 01/30  18:00:00,89408133.67648433 
 01/30  19:00:00,105774135.4410483 
 01/30  20:00:00,103919940.07577503 
 01/30  21:00:00,110529900.9625287 
 01/30  22:00:00,119092167.68019572 
 01/30  23:00:00,128289461.73173507 
 01/30  24:00:00,128642990.414275 
 01/31  01:00:00,128745144.3879278 
 01/31  02:00:00,135797887.31124783 
 01/31  03:00:00,141327347.74463135 
 01/31  04:00:00,148858995.92237598 
 01/31  05:00:00,155211591.8470546 
 01/31  06:00:00,158859097.09260198 
 01/31  07:00:00,161952879.5248453 
 01/31  08:00:00,177295091.3713706 
 01/31  09:00:00,167481723.22318497 
 01/31  10:00:00,164664769.9218984 
 01/31  11:00:00,154058735.1933844 
 01/31  12:00:00,139792236.0345045 
 01/31  13:00:00,116989467.23701873 
 01/31  14:00:00,112038291.43430932 
 01/31  15:00:00,97608641.09509309 
 01/31  16:00:00,92915333.12887578 
 01/31  17:00:00,91488951.89261788 
 01/31  18:00:00,92322511.39042749 
 01/31  19:00:00,97920711.996856 
 01/31  20:00:00,104433493.20958056 
 01/31  21:00:00,109531787.71055873 
 01/31  22:00:00,113807928.44383536 
 01/31  23:00:00,121869911.92742133 
 01/31  24:00:00,129202839.59749985 
 02/01  01:00:00,132958976.24676688 
 02/01  02:00:00,138587839.62503746 
 02/01  03:00:00,148825615.4580881 
 02/01  04:00:00,159538286.42041206 
 02/01  05:00:00,162511726.5720107 
 02/01  06:00:00,166676933.1206235 
 02/01  07:00:00,176457658.50262693 
 02/01  08:00:00,193639843.513226 
 02/01  09:00:00,187875367.71615744 
 02/01  10:00:00,184486286.31851858 
 02/01  11:00:00,164310349.01599938 
 02/01  12:00:00,146103907.2794249 
 02/01  13:00:00,128534537.78175066 
 02/01  14:00:00,127781027.72261092 
 02/01  15:00:00,116387370.22782916 
 02/01  16:00:00,109900141.39818427 
 02/01  17:00:00,104221993.27044538 
 02/01  18:00:00,115153494.43362397 
 02/01  19:00:00,123876011.96854794 
 02/01  20:00:00,129301577.14307089 
 02/01  21:00:00,141970249.97344637 
 02/01  22:00:00,153674484.30911812 
 02/01  23:00:00,169973216.7392608 
 02/01  24:00:00,182758726.39132366 
 02/02  01:00:00,187443119.29306898 
 02/02  02:00:00,192215348.458992 
 02/02  03:00:00,196806070.74687284 
 02/02  04:00:00,206356210.37917757 
 02/02  05:00:00,214372488.48269022 
 02/02  06:00:00,217586479.09999883 
 02/02  07:00:00,220376716.8942473 
 02/02  08:00:00,234899566.42567107 
 02/02  09:00:00,232331187.31830168 
 02/02  10:00:00,228113445.74961308 
 02/02  11:00:00,204000972.63322303 
 02/02  12:00:00,174560040.71842897 
 02/02  13:00:00,146598553.87583694 
 02/02  14:00:00,143599848.07183465 
 02/02  15:00:00,130402446.53549814 
 02/02  16:00:00,119582341.40960313 
 02/02  17:00:00,108901100.86571431 
 02/02  18:00:00,117857875.7470764 
 02/02  19:00:00,118740424.49704805 
 02/02  20:00:00,110600669.20176958 
 02/02  21:00:00,117325499.08759499 
 02/02  22:00:00,130015480.31679563 
 02/02  23:00:00,157824476.6216069 
 02/02  24:00:00,185891127.69380894 
 02/03  01:00:00,197499839.0860692 
 02/03  02:00:00,203389010.20175746 
 02/03  03:00:00,207308626.35218978 
 02/03  04:00:00,215371070.9428783 
 02/03  05:00:00,221412198.31826302 
 02/03  06:00:00,222680636.57998925 
 02/03  07:00:00,222590613.6638525 
 02/03  08:00:00,234809864.35365513 
 02/03  09:00:00,231280917.21624455 
 02/03  10:00:00,228648023.6548402 
 02/03  11:00:00,207469483.6580056 
 02/03  12:00:00,172956824.07261425 
 02/03  13:00:00,138038708.44037578 
 02/03  14:00:00,132196550.79776822 
 02/03  15:00:00,116515572.61434752 
 02/03  16:00:00,100725414.62470841 
 02/03  17:00:00,86183286.81084833 
 02/03  18:00:00,94697655.7867622 
 02/03  19:00:00,93825169.23533225 
 02/03  20:00:00,84315744.22584443 
 02/03  21:00:00,97448581.74888098 
 02/03  22:00:00,114216998.59999259 
 02/03  23:00:00,124673895.88346057 
 02/03  24:00:00,131390803.75321564 
 02/04  01:00:00,130695732.3838913 
 02/04  02:00:00,125653317.46666957 
 02/04  03:00:00,127670221.80528677 
 02/04  04:00:00,130052081.09464765 
 02/04  05:00:00,125634292.61196184 
 02/04  06:00:00,124135838.27647462 
 02/04  07:00:00,124888586.81156299 
 02/04  08:00:00,138749808.0072008 
 02/04  09:00:00,136529296.3019356 
 02/04  10:00:00,140879197.20042187 
 02/04  11:00:00,131764346.19558561 
 02/04  12:00:00,124562948.42788729 
 02/04  13:00:00,114175620.64441076 
 02/04  14:00:00,117625225.09666745 
 02/04  15:00:00,110808379.09209754 
 02/04  16:00:00,105754456.52225967 
 02/04  17:00:00,99704220.37247679 
 02/04  18:00:00,112115668.1041273 
 02/04  19:00:00,109657323.14588767 
 02/04  20:00:00,96607574.66919518 
 02/04  21:00:00,93571278.88687211 
 02/04  22:00:00,91390652.56724434 
 02/04  23:00:00,92194943.07728319 
 02/04  24:00:00,91065984.05226694 
 02/05  01:00:00,87862602.89355206 
 02/05  02:00:00,87389859.08442454 
 02/05  03:00:00,87533144.77273664 
 02/05  04:00:00,91433440.11692213 
 02/05  05:00:00,98633607.31021148 
 02/05  06:00:00,102861949.96156567 
 02/05  07:00:00,106488275.53914152 
 02/05  08:00:00,122942955.66801967 
 02/05  09:00:00,120928098.73666544 
 02/05  10:00:00,122890530.80938335 
 02/05  11:00:00,111580673.70940334 
 02/05  12:00:00,104878816.40893057 
 02/05  13:00:00,93202537.44874854 
 02/05  14:00:00,92945128.34434168 
 02/05  15:00:00,81190544.61920728 
 02/05  16:00:00,75886228.02490963 
 02/05  17:00:00,70302288.37531814 
 02/05  18:00:00,82374235.75523187 
 02/05  19:00:00,85819046.02027003 
 02/05  20:00:00,82621898.3335656 
 02/05  21:00:00,88926949.11508927 
 02/05  22:00:00,94291523.27825855 
 02/05  23:00:00,101127783.22000408 
 02/05  24:00:00,106907012.19164252 
 02/06  01:00:00,110463030.38935062 
 02/06  02:00:00,114721584.5347722 
 02/06  03:00:00,116547695.6874108 
 02/06  04:00:00,120296774.09510759 
 02/06  05:00:00,126875709.10917364 
 02/06  06:00:00,131317946.75219338 
 02/06  07:00:00,134674746.64236233 
 02/06  08:00:00,150390381.6503579 
 02/06  09:00:00,137231648.7236482 
 02/06  10:00:00,132965153.55894175 
 02/06  11:00:00,126393191.92153297 
 02/06  12:00:00,115382226.72426353 
 02/06  13:00:00,92248020.40853027 
 02/06  14:00:00,87276919.60045654 
 02/06  15:00:00,72523844.98414133 
 02/06  16:00:00,64100760.19382825 
 02/06  17:00:00,59115779.69060906 
 02/06  18:00:00,58718421.73110206 
 02/06  19:00:00,77578649.92231806 
 02/06  20:00:00,83631256.93913767 
 02/06  21:00:00,95569407.60116275 
 02/06  22:00:00,96613394.0743341 
 02/06  23:00:00,101482707.61449325 
 02/06  24:00:00,118956028.81374307 
 02/07  01:00:00,132838713.01014622 
 02/07  02:00:00,137543314.38231325 
 02/07  03:00:00,143946449.10057524 
 02/07  04:00:00,154299318.74831086 
 02/07  05:00:00,162673819.47475463 
 02/07  06:00:00,164560138.01944187 
 02/07  07:00:00,168539078.32593945 
 02/07  08:00:00,187130340.13309255 
 02/07  09:00:00,175596909.5759679 
 02/07  10:00:00,167249337.8860272 
 02/07  11:00:00,154156169.96465644 
 02/07  12:00:00,142132928.42058125 
 02/07  13:00:00,117736557.59519534 
 02/07  14:00:00,112239860.03928116 
 02/07  15:00:00,109257881.3365357 
 02/07  16:00:00,93391157.13359497 
 02/07  17:00:00,87749773.16576989 
 02/07  18:00:00,86168139.76722543 
 02/07  19:00:00,89538309.02560674 
 02/07  20:00:00,94737066.14096396 
 02/07  21:00:00,102718176.00100452 
 02/07  22:00:00,104193590.62276426 
 02/07  23:00:00,109076736.08954558 
 02/07  24:00:00,118546672.43038137 
 02/08  01:00:00,121170138.38452514 
 02/08  02:00:00,121269165.18092923 
 02/08  03:00:00,120025996.79076023 
 02/08  04:00:00,119970580.35606325 
 02/08  05:00:00,117887665.83658811 
 02/08  06:00:00,116004037.61003295 
 02/08  07:00:00,115917228.79696168 
 02/08  08:00:00,128889208.5167454 
 02/08  09:00:00,124807651.846174 
 02/08  10:00:00,128296650.15304084 
 02/08  11:00:00,122119829.12229115 
 02/08  12:00:00,119601658.40543965 
 02/08  13:00:00,110549916.5432192 
 02/08  14:00:00,112526572.61577067 
 02/08  15:00:00,101986563.84378755 
 02/08  16:00:00,97750652.01347005 
 02/08  17:00:00,93346745.83266814 
 02/08  18:00:00,102332947.52474926 
 02/08  19:00:00,102778203.33659156 
 02/08  20:00:00,99060076.84253603 
 02/08  21:00:00,103222614.245032 
 02/08  22:00:00,105699144.68423498 
 02/08  23:00:00,111642708.31631292 
 02/08  24:00:00,121161133.80698936 
 02/09  01:00:00,127409983.2234591 
 02/09  02:00:00,129991313.03470242 
 02/09  03:00:00,131454252.25120996 
 02/09  04:00:00,135571132.48060393 
 02/09  05:00:00,139893292.3522457 
 02/09  06:00:00,143061330.04708076 
 02/09  07:00:00,143723665.7247079 
 02/09  08:00:00,156596519.85316852 
 02/09  09:00:00,154397048.74470264 
 02/09  10:00:00,154373452.7361648 
 02/09  11:00:00,135682172.7717857 
 02/09  12:00:00,120924903.57967877 
 02/09  13:00:00,108353168.19439337 
 02/09  14:00:00,111597886.29669963 
 02/09  15:00:00,102677239.5842616 
 02/09  16:00:00,98698972.43041414 
 02/09  17:00:00,95510695.75660554 
 02/09  18:00:00,108777215.12757364 
 02/09  19:00:00,114727531.40683664 
 02/09  20:00:00,117621468.1778059 
 02/09  21:00:00,128176317.22964144 
 02/09  22:00:00,135708299.52942196 
 02/09  23:00:00,147202629.74901983 
 02/09  24:00:00,157967114.59562707 
 02/10  01:00:00,164924849.4076966 
 02/10  02:00:00,172078983.14151138 
 02/10  03:00:00,180179429.69013107 
 02/10  04:00:00,188792701.41388127 
 02/10  05:00:00,197189060.8981525 
 02/10  06:00:00,201857764.63892013 
 02/10  07:00:00,201748620.9342746 
 02/10  08:00:00,215397406.06113067 
 02/10  09:00:00,207861840.3544711 
 02/10  10:00:00,204773798.38626838 
 02/10  11:00:00,187729866.95192114 
 02/10  12:00:00,168378948.68775588 
 02/10  13:00:00,148575151.0616093 
 02/10  14:00:00,146593372.63709697 
 02/10  15:00:00,134846910.395745 
 02/10  16:00:00,129083204.66703255 
 02/10  17:00:00,122245422.40817337 
 02/10  18:00:00,131821769.23826616 
 02/10  19:00:00,133986652.74246623 
 02/10  20:00:00,124423261.48105344 
 02/10  21:00:00,122898127.070564 
 02/10  22:00:00,128070628.46362725 
 02/10  23:00:00,141929966.20848572 
 02/10  24:00:00,149844558.7024032 
 02/11  01:00:00,150383381.8490316 
 02/11  02:00:00,154173836.33516484 
 02/11  03:00:00,160822933.38676947 
 02/11  04:00:00,175000267.03592628 
 02/11  05:00:00,195991228.04682583 
 02/11  06:00:00,211133584.78697214 
 02/11  07:00:00,219375275.99419928 
 02/11  08:00:00,236134810.4004404 
 02/11  09:00:00,226050385.16781086 
 02/11  10:00:00,215490231.51263732 
 02/11  11:00:00,195172550.98172307 
 02/11  12:00:00,180249573.5454715 
 02/11  13:00:00,165617602.27607468 
 02/11  14:00:00,167042987.3286475 
 02/11  15:00:00,157238643.14900923 
 02/11  16:00:00,153936712.20240018 
 02/11  17:00:00,152588254.96885714 
 02/11  18:00:00,165441535.8909544 
 02/11  19:00:00,168466913.70476493 
 02/11  20:00:00,166735771.8667805 
 02/11  21:00:00,172679451.76961562 
 02/11  22:00:00,178622411.19857815 
 02/11  23:00:00,190385747.1061554 
 02/11  24:00:00,201928642.2106344 
 02/12  01:00:00,206172747.62360096 
 02/12  02:00:00,206923529.82547116 
 02/12  03:00:00,207987825.79533234 
 02/12  04:00:00,214553130.60967207 
 02/12  05:00:00,225486546.4561982 
 02/12  06:00:00,232321034.92491317 
 02/12  07:00:00,232427260.37615374 
 02/12  08:00:00,247553467.27364165 
 02/12  09:00:00,247081852.7032857 
 02/12  10:00:00,240074365.28924057 
 02/12  11:00:00,217044333.51617736 
 02/12  12:00:00,194681497.91987327 
 02/12  13:00:00,169913062.26158634 
 02/12  14:00:00,165127233.31098986 
 02/12  15:00:00,148988614.45024487 
 02/12  16:00:00,139359476.89096633 
 02/12  17:00:00,133233902.46554461 
 02/12  18:00:00,145589199.45982665 
 02/12  19:00:00,149282911.83753902 
 02/12  20:00:00,149631365.83520892 
 02/12  21:00:00,155917001.36337602 
 02/12  22:00:00,157391787.15603027 
 02/12  23:00:00,164487090.81652454 
 02/12  24:00:00,173577885.73298204 
 02/13  01:00:00,180855431.87343398 
 02/13  02:00:00,187916742.3499406 
 02/13  03:00:00,193226122.52333114 
 02/13  04:00:00,198255922.3331935 
 02/13  05:00:00,204024135.74121267 
 02/13  06:00:00,208333211.9829429 
 02/13  07:00:00,211256214.8282483 
 02/13  08:00:00,226670809.019072 
 02/13  09:00:00,215771021.84176674 
 02/13  10:00:00,211639895.50524825 
 02/13  11:00:00,201248814.7887343 
 02/13  12:00:00,194113816.24757054 
 02/13  13:00:00,178620930.18613604 
 02/13  14:00:00,177364119.8623368 
 02/13  15:00:00,164130071.0337382 
 02/13  16:00:00,157049684.99034807 
 02/13  17:00:00,150383969.91485724 
 02/13  18:00:00,145282945.28803 
 02/13  19:00:00,160594498.055157 
 02/13  20:00:00,158921932.3146323 
 02/13  21:00:00,164141071.88160065 
 02/13  22:00:00,169430506.5393605 
 02/13  23:00:00,179482028.11243963 
 02/13  24:00:00,191661228.19813544 
 02/14  01:00:00,200392343.00704804 
 02/14  02:00:00,207671557.7919154 
 02/14  03:00:00,214813592.3110575 
 02/14  04:00:00,224112952.61427745 
 02/14  05:00:00,233138157.28781515 
 02/14  06:00:00,237275110.5092816 
 02/14  07:00:00,238089283.02280998 
 02/14  08:00:00,253754844.49638054 
 02/14  09:00:00,235740706.4919185 
 02/14  10:00:00,225035737.84701476 
 02/14  11:00:00,215932577.6845352 
 02/14  12:00:00,204452830.4032818 
 02/14  13:00:00,184705315.8070022 
 02/14  14:00:00,181774990.93595362 
 02/14  15:00:00,178461826.58068022 
 02/14  16:00:00,163137977.49691027 
 02/14  17:00:00,155051192.85409194 
 02/14  18:00:00,151880752.3688581 
 02/14  19:00:00,159494200.68135113 
 02/14  20:00:00,162857764.14407477 
 02/14  21:00:00,158782735.12296036 
 02/14  22:00:00,170472540.84064773 
 02/14  23:00:00,186299426.25638697 
 02/14  24:00:00,194622981.1610394 
 02/15  01:00:00,200859739.7969104 
 02/15  02:00:00,199252961.19187108 
 02/15  03:00:00,193320524.96796608 
 02/15  04:00:00,190620901.9905814 
 02/15  05:00:00,187872658.62446576 
 02/15  06:00:00,185193557.60177273 
 02/15  07:00:00,184558152.86768723 
 02/15  08:00:00,197763570.587424 
 02/15  09:00:00,193589010.87793833 
 02/15  10:00:00,196937112.49820265 
 02/15  11:00:00,188363557.3786519 
 02/15  12:00:00,181607209.73022568 
 02/15  13:00:00,172274085.32182857 
 02/15  14:00:00,176514263.23967645 
 02/15  15:00:00,170231476.60367492 
 02/15  16:00:00,170535577.7865585 
 02/15  17:00:00,169792589.61051682 
 02/15  18:00:00,184291239.92941898 
 02/15  19:00:00,184977134.2233328 
 02/15  20:00:00,175484437.75963083 
 02/15  21:00:00,175145353.0601099 
 02/15  22:00:00,175242974.15073892 
 02/15  23:00:00,176138839.39779738 
 02/15  24:00:00,174769330.420563 
 02/16  01:00:00,172651852.736068 
 02/16  02:00:00,171172748.61890584 
 02/16  03:00:00,169263126.5126372 
 02/16  04:00:00,169132466.32701278 
 02/16  05:00:00,169249912.15653926 
 02/16  06:00:00,168627739.52420536 
 02/16  07:00:00,168445514.6470332 
 02/16  08:00:00,180767560.9906298 
 02/16  09:00:00,175312336.02193996 
 02/16  10:00:00,175862206.37647805 
 02/16  11:00:00,165620543.07099044 
 02/16  12:00:00,158724235.52131972 
 02/16  13:00:00,147499689.63179186 
 02/16  14:00:00,148889507.86600193 
 02/16  15:00:00,139294913.91376883 
 02/16  16:00:00,133997742.22895153 
 02/16  17:00:00,126376611.22330964 
 02/16  18:00:00,135065382.96892518 
 02/16  19:00:00,131445318.78395225 
 02/16  20:00:00,119350648.60443635 
 02/16  21:00:00,118699883.71419868 
 02/16  22:00:00,118542355.72000162 
 02/16  23:00:00,119298399.4962392 
 02/16  24:00:00,118269754.62042174 
 02/17  01:00:00,116045982.54144748 
 02/17  02:00:00,114940002.47355495 
 02/17  03:00:00,112836032.698406 
 02/17  04:00:00,111712322.26379864 
 02/17  05:00:00,112168056.23555125 
 02/17  06:00:00,112270053.19946007 
 02/17  07:00:00,112055605.15720008 
 02/17  08:00:00,126169084.92099139 
 02/17  09:00:00,121970520.29465133 
 02/17  10:00:00,125585932.22954708 
 02/17  11:00:00,118893172.91697091 
 02/17  12:00:00,116109862.4152721 
 02/17  13:00:00,108492533.98081675 
 02/17  14:00:00,110831893.8385126 
 02/17  15:00:00,99991970.85841094 
 02/17  16:00:00,96453908.7676028 
 02/17  17:00:00,98458652.58106148 
 02/17  18:00:00,114011436.59762475 
 02/17  19:00:00,113810434.30638763 
 02/17  20:00:00,105422594.48150674 
 02/17  21:00:00,106711123.70251952 
 02/17  22:00:00,109291160.553837 
 02/17  23:00:00,113291942.24176672 
 02/17  24:00:00,116264663.68875295 
 02/18  01:00:00,117708328.28552033 
 02/18  02:00:00,119181350.08115128 
 02/18  03:00:00,122237646.86953083 
 02/18  04:00:00,126916111.80173355 
 02/18  05:00:00,135559133.29928282 
 02/18  06:00:00,140735244.10903943 
 02/18  07:00:00,145678253.40043923 
 02/18  08:00:00,164180558.71698543 
 02/18  09:00:00,159644497.83495677 
 02/18  10:00:00,161697880.19897756 
 02/18  11:00:00,152079020.91587183 
 02/18  12:00:00,141063133.675648 
 02/18  13:00:00,127956616.71021433 
 02/18  14:00:00,130736044.13480233 
 02/18  15:00:00,121317678.62665832 
 02/18  16:00:00,115892804.42792062 
 02/18  17:00:00,108945079.5624842 
 02/18  18:00:00,119096457.41663085 
 02/18  19:00:00,119471156.46186577 
 02/18  20:00:00,113019111.15701184 
 02/18  21:00:00,115633476.66758887 
 02/18  22:00:00,117689369.06462345 
 02/18  23:00:00,122940431.26672405 
 02/18  24:00:00,128965081.22420299 
 02/19  01:00:00,132302223.24162455 
 02/19  02:00:00,133153816.53928335 
 02/19  03:00:00,133096740.86594486 
 02/19  04:00:00,134755083.74696112 
 02/19  05:00:00,136958587.16065547 
 02/19  06:00:00,137412446.23857418 
 02/19  07:00:00,136899691.9444431 
 02/19  08:00:00,150204923.34206632 
 02/19  09:00:00,145562575.34436643 
 02/19  10:00:00,148498120.7653762 
 02/19  11:00:00,138925878.49819207 
 02/19  12:00:00,131910005.40445958 
 02/19  13:00:00,123771061.25913085 
 02/19  14:00:00,128488959.41957647 
 02/19  15:00:00,120000912.99488924 
 02/19  16:00:00,115116490.68192466 
 02/19  17:00:00,109180803.04605594 
 02/19  18:00:00,122857586.74447131 
 02/19  19:00:00,129489634.68349119 
 02/19  20:00:00,127682085.58737084 
 02/19  21:00:00,137628742.00541666 
 02/19  22:00:00,148560315.45166823 
 02/19  23:00:00,161753789.4394876 
 02/19  24:00:00,170672707.26271954 
 02/20  01:00:00,172925968.3356492 
 02/20  02:00:00,174163979.32153288 
 02/20  03:00:00,174857438.38003767 
 02/20  04:00:00,177757170.38605714 
 02/20  05:00:00,184128267.27038333 
 02/20  06:00:00,187979062.7325805 
 02/20  07:00:00,190923942.11389408 
 02/20  08:00:00,206660357.413392 
 02/20  09:00:00,195860283.15017018 
 02/20  10:00:00,185831984.0267479 
 02/20  11:00:00,169373141.9104889 
 02/20  12:00:00,157076710.49751896 
 02/20  13:00:00,134370215.43466845 
 02/20  14:00:00,128875758.18776104 
 02/20  15:00:00,115881377.23814858 
 02/20  16:00:00,111236266.93607384 
 02/20  17:00:00,107907577.27652642 
 02/20  18:00:00,107419512.53324139 
 02/20  19:00:00,122422592.24817981 
 02/20  20:00:00,116347412.59085795 
 02/20  21:00:00,122524169.18632255 
 02/20  22:00:00,130116687.09179018 
 02/20  23:00:00,144974574.73230004 
 02/20  24:00:00,158726358.00834072 
 02/21  01:00:00,165228509.93104398 
 02/21  02:00:00,167543243.5376123 
 02/21  03:00:00,164576434.71107015 
 02/21  04:00:00,156239890.28871906 
 02/21  05:00:00,150656314.9015162 
 02/21  06:00:00,154037827.42696172 
 02/21  07:00:00,156880613.21936724 
 02/21  08:00:00,170130378.93432721 
 02/21  09:00:00,157708268.67159685 
 02/21  10:00:00,159540016.35349542 
 02/21  11:00:00,162908747.261872 
 02/21  12:00:00,168719895.33545977 
 02/21  13:00:00,158779933.17017066 
 02/21  14:00:00,156983752.74223447 
 02/21  15:00:00,152837960.91312116 
 02/21  16:00:00,136731415.44793254 
 02/21  17:00:00,127307557.76975067 
 02/21  18:00:00,117829124.18811978 
 02/21  19:00:00,113448762.69521041 
 02/21  20:00:00,113092434.19908208 
 02/21  21:00:00,113886615.15896747 
 02/21  22:00:00,114401499.93171433 
 02/21  23:00:00,114727489.11815213 
 02/21  24:00:00,116441285.3447142 
 02/22  01:00:00,116475407.56506227 
 02/22  02:00:00,115450146.88146652 
 02/22  03:00:00,114315729.51236126 
 02/22  04:00:00,112384577.88600005 
 02/22  05:00:00,109972345.63692878 
 02/22  06:00:00,108008649.84070444 
 02/22  07:00:00,107230824.27137344 
 02/22  08:00:00,120294361.93247165 
 02/22  09:00:00,113740324.83831088 
 02/22  10:00:00,113644487.37947544 
 02/22  11:00:00,103260838.48414037 
 02/22  12:00:00,94102954.95437698 
 02/22  13:00:00,84291889.13425133 
 02/22  14:00:00,87700880.25158809 
 02/22  15:00:00,74545253.45410052 
 02/22  16:00:00,70103251.14879072 
 02/22  17:00:00,70868491.25174932 
 02/22  18:00:00,84096211.97753486 
 02/22  19:00:00,87820112.37744585 
 02/22  20:00:00,83246512.83846027 
 02/22  21:00:00,86090049.83570024 
 02/22  22:00:00,89042910.30294874 
 02/22  23:00:00,93214410.26045473 
 02/22  24:00:00,98416081.01160082 
 02/23  01:00:00,100213994.06955795 
 02/23  02:00:00,101413158.36384249 
 02/23  03:00:00,104018482.1125735 
 02/23  04:00:00,106589918.57861531 
 02/23  05:00:00,106637526.838084 
 02/23  06:00:00,105816064.46200469 
 02/23  07:00:00,105696348.88177094 
 02/23  08:00:00,119904458.93951249 
 02/23  09:00:00,115973391.33264749 
 02/23  10:00:00,114438853.03242183 
 02/23  11:00:00,101844689.17241378 
 02/23  12:00:00,93277509.4761993 
 02/23  13:00:00,80506036.81244242 
 02/23  14:00:00,81908128.38294941 
 02/23  15:00:00,73451632.03398329 
 02/23  16:00:00,72846155.11814246 
 02/23  17:00:00,75149326.56149535 
 02/23  18:00:00,91630208.22779095 
 02/23  19:00:00,95608137.0777739 
 02/23  20:00:00,90042771.25757086 
 02/23  21:00:00,92579068.24093416 
 02/23  22:00:00,95869465.15484813 
 02/23  23:00:00,99806590.54029049 
 02/23  24:00:00,101088825.7571761 
 02/24  01:00:00,99107305.8732031 
 02/24  02:00:00,98182674.00228503 
 02/24  03:00:00,99267345.43824434 
 02/24  04:00:00,100715936.99801207 
 02/24  05:00:00,102680759.34660462 
 02/24  06:00:00,104022103.06848364 
 02/24  07:00:00,103941018.76406933 
 02/24  08:00:00,118972061.38424797 
 02/24  09:00:00,117777463.55235888 
 02/24  10:00:00,118361769.30721384 
 02/24  11:00:00,106260920.90706344 
 02/24  12:00:00,94227997.09794095 
 02/24  13:00:00,77099288.41090608 
 02/24  14:00:00,77240822.11219288 
 02/24  15:00:00,66622343.07758825 
 02/24  16:00:00,62308464.193434075 
 02/24  17:00:00,59599265.45704563 
 02/24  18:00:00,71794244.42230774 
 02/24  19:00:00,71390658.04450712 
 02/24  20:00:00,63119131.94663009 
 02/24  21:00:00,64708161.77866976 
 02/24  22:00:00,66297918.116086796 
 02/24  23:00:00,69929973.9410388 
 02/24  24:00:00,72695490.13350073 
 02/25  01:00:00,73350778.75244123 
 02/25  02:00:00,73834822.88766053 
 02/25  03:00:00,76024965.64275381 
 02/25  04:00:00,78785032.21468167 
 02/25  05:00:00,82165789.5880751 
 02/25  06:00:00,84627943.22290358 
 02/25  07:00:00,86229143.3695755 
 02/25  08:00:00,100348908.4434068 
 02/25  09:00:00,96402713.70822932 
 02/25  10:00:00,98407905.21926825 
 02/25  11:00:00,89152932.15426476 
 02/25  12:00:00,85123122.79233906 
 02/25  13:00:00,74435997.57437317 
 02/25  14:00:00,76433106.91651534 
 02/25  15:00:00,67551562.80345824 
 02/25  16:00:00,61750672.18599916 
 02/25  17:00:00,58977622.508279115 
 02/25  18:00:00,72641266.1320723 
 02/25  19:00:00,73174114.95907544 
 02/25  20:00:00,64856803.690429784 
 02/25  21:00:00,67615852.86580761 
 02/25  22:00:00,73658513.90195642 
 02/25  23:00:00,81879753.4316769 
 02/25  24:00:00,88854324.51235874 
 02/26  01:00:00,90962259.93218745 
 02/26  02:00:00,91029445.12283956 
 02/26  03:00:00,92092791.94610167 
 02/26  04:00:00,96711020.47835836 
 02/26  05:00:00,107251483.92116643 
 02/26  06:00:00,115551754.3043981 
 02/26  07:00:00,120400961.83613795 
 02/26  08:00:00,137557369.46428174 
 02/26  09:00:00,137894298.8541079 
 02/26  10:00:00,137396446.14542237 
 02/26  11:00:00,118450382.48517919 
 02/26  12:00:00,102053508.83407755 
 02/26  13:00:00,84233392.80987446 
 02/26  14:00:00,84220880.09407037 
 02/26  15:00:00,74688010.44669 
 02/26  16:00:00,71015773.59523152 
 02/26  17:00:00,67650267.74168819 
 02/26  18:00:00,80562491.48722664 
 02/26  19:00:00,82573273.01917107 
 02/26  20:00:00,76870666.25935942 
 02/26  21:00:00,83136903.60426845 
 02/26  22:00:00,88970398.75974813 
 02/26  23:00:00,95201358.51406445 
 02/26  24:00:00,100054754.66003963 
 02/27  01:00:00,100165764.01241976 
 02/27  02:00:00,98558335.39065497 
 02/27  03:00:00,95518416.63028224 
 02/27  04:00:00,93661283.27344367 
 02/27  05:00:00,92268113.4066697 
 02/27  06:00:00,92270201.62253448 
 02/27  07:00:00,93322718.45896569 
 02/27  08:00:00,105366031.04257001 
 02/27  09:00:00,89810451.637254 
 02/27  10:00:00,83145595.38434678 
 02/27  11:00:00,77736420.54812063 
 02/27  12:00:00,73547791.26276562 
 02/27  13:00:00,53725008.9195699 
 02/27  14:00:00,45696520.1532581 
 02/27  15:00:00,28978878.75717745 
 02/27  16:00:00,21003081.812045384 
 02/27  17:00:00,18282667.866339136 
 02/27  18:00:00,12096554.896722166 
 02/27  19:00:00,15331092.937894212 
 02/27  20:00:00,3631849.558023247 
 02/27  21:00:00,9958548.944326455 
 02/27  22:00:00,16694807.468737405 
 02/27  23:00:00,31756565.109427948 
 02/27  24:00:00,53319016.088512525 
 02/28  01:00:00,67865467.60433063 
 02/28  02:00:00,75953388.82049102 
 02/28  03:00:00,80467222.63498832 
 02/28  04:00:00,87940244.78516868 
 02/28  05:00:00,97643272.52499181 
 02/28  06:00:00,103344314.64318174 
 02/28  07:00:00,107389683.42603031 
 02/28  08:00:00,125569456.41136718 
 02/28  09:00:00,117405203.84785408 
 02/28  10:00:00,116832525.7819271 
 02/28  11:00:00,111310433.0494852 
 02/28  12:00:00,106918644.91254538 
 02/28  13:00:00,90505130.9199274 
 02/28  14:00:00,88901250.0645733 
 02/28  15:00:00,86565368.54545853 
 02/28  16:00:00,71699258.99466577 
 02/28  17:00:00,66855934.57167058 
 02/28  18:00:00,65287412.595996544 
 02/28  19:00:00,69666604.58448386 
 02/28  20:00:00,74582572.29113132 
 02/28  21:00:00,81485136.09570931 
 02/28  22:00:00,93609147.44616322 
 02/28  23:00:00,102720910.51610208 
 02/28  24:00:00,106411440.72802968 
 03/01  01:00:00,108118652.34138395 
 03/01  02:00:00,111066946.66269237 
 03/01  03:00:00,114249104.52159686 
 03/01  04:00:00,115791083.5011912 
 03/01  05:00:00,115596042.0658688 
 03/01  06:00:00,115829661.31548007 
 03/01  07:00:00,118002265.81031448 
 03/01  08:00:00,133383194.21840292 
 03/01  09:00:00,129689873.481901 
 03/01  10:00:00,130720870.68497318 
 03/01  11:00:00,120864791.82398447 
 03/01  12:00:00,108686961.1075986 
 03/01  13:00:00,90033956.17506666 
 03/01  14:00:00,90879766.66427334 
 03/01  15:00:00,81027392.33755575 
 03/01  16:00:00,74229890.1464648 
 03/01  17:00:00,69737022.3401304 
 03/01  18:00:00,81633387.62095611 
 03/01  19:00:00,82682262.28797357 
 03/01  20:00:00,77932549.61599532 
 03/01  21:00:00,86517998.69663447 
 03/01  22:00:00,97912735.62806828 
 03/01  23:00:00,108095371.87260778 
 03/01  24:00:00,111365034.54106873 
 03/02  01:00:00,120006178.28807664 
 03/02  02:00:00,133676923.5231501 
 03/02  03:00:00,140119824.4353588 
 03/02  04:00:00,144813198.1397957 
 03/02  05:00:00,146154553.35481936 
 03/02  06:00:00,145434943.72830132 
 03/02  07:00:00,148166325.08014405 
 03/02  08:00:00,164483665.26690984 
 03/02  09:00:00,161654116.80037674 
 03/02  10:00:00,158392246.73278984 
 03/02  11:00:00,138251589.66279766 
 03/02  12:00:00,110662477.1502063 
 03/02  13:00:00,83039341.61604275 
 03/02  14:00:00,79803520.4754749 
 03/02  15:00:00,66077659.45620965 
 03/02  16:00:00,59143930.768186554 
 03/02  17:00:00,54125345.60144471 
 03/02  18:00:00,65759558.254256964 
 03/02  19:00:00,68199848.37671793 
 03/02  20:00:00,65423598.33989334 
 03/02  21:00:00,68422243.72746597 
 03/02  22:00:00,69671241.80470242 
 03/02  23:00:00,81918975.65097325 
 03/02  24:00:00,98519923.76274975 
 03/03  01:00:00,108580804.74770853 
 03/03  02:00:00,112225272.05924973 
 03/03  03:00:00,113081512.922312 
 03/03  04:00:00,116388104.01476602 
 03/03  05:00:00,118424687.52087495 
 03/03  06:00:00,118021644.0301472 
 03/03  07:00:00,117860087.68839796 
 03/03  08:00:00,130978891.68043491 
 03/03  09:00:00,126536193.64173341 
 03/03  10:00:00,128679365.87304088 
 03/03  11:00:00,118913457.4400011 
 03/03  12:00:00,109665398.65905872 
 03/03  13:00:00,96076778.21794285 
 03/03  14:00:00,95916593.02682957 
 03/03  15:00:00,82586083.68575221 
 03/03  16:00:00,75192149.23985848 
 03/03  17:00:00,68943928.26787873 
 03/03  18:00:00,81323944.60508096 
 03/03  19:00:00,83045999.83970544 
 03/03  20:00:00,78689546.37514207 
 03/03  21:00:00,86573547.93528435 
 03/03  22:00:00,93012244.7430169 
 03/03  23:00:00,102131917.79317561 
 03/03  24:00:00,111643956.70583056 
 03/04  01:00:00,114204212.67911686 
 03/04  02:00:00,113245661.5303083 
 03/04  03:00:00,115507465.87254582 
 03/04  04:00:00,121711619.39381267 
 03/04  05:00:00,125564921.73568231 
 03/04  06:00:00,127431933.60539041 
 03/04  07:00:00,133567673.75381553 
 03/04  08:00:00,152209141.53256986 
 03/04  09:00:00,150491413.59525445 
 03/04  10:00:00,148310928.19514868 
 03/04  11:00:00,129067264.88507576 
 03/04  12:00:00,108048056.75316463 
 03/04  13:00:00,82267506.28887595 
 03/04  14:00:00,75667881.48212439 
 03/04  15:00:00,62021747.422246635 
 03/04  16:00:00,56838412.980157554 
 03/04  17:00:00,51317814.103712924 
 03/04  18:00:00,61077349.878354646 
 03/04  19:00:00,61804946.88885391 
 03/04  20:00:00,58506039.66333918 
 03/04  21:00:00,66265913.14645974 
 03/04  22:00:00,70618591.57734403 
 03/04  23:00:00,72058414.85710186 
 03/04  24:00:00,76119778.15623906 
 03/05  01:00:00,83909575.73015419 
 03/05  02:00:00,91514547.21914971 
 03/05  03:00:00,99589687.13417143 
 03/05  04:00:00,105037065.64845948 
 03/05  05:00:00,107436064.46835104 
 03/05  06:00:00,108777346.71389823 
 03/05  07:00:00,107465163.23636252 
 03/05  08:00:00,119497359.61599778 
 03/05  09:00:00,116923577.92655069 
 03/05  10:00:00,123907690.9578445 
 03/05  11:00:00,119474739.22817466 
 03/05  12:00:00,111782493.93875867 
 03/05  13:00:00,96995940.70186763 
 03/05  14:00:00,98654568.10885027 
 03/05  15:00:00,90179702.84404746 
 03/05  16:00:00,89362534.04066898 
 03/05  17:00:00,91450905.98763166 
 03/05  18:00:00,109565651.89508486 
 03/05  19:00:00,114952446.4498567 
 03/05  20:00:00,109350650.58005431 
 03/05  21:00:00,111616421.73338155 
 03/05  22:00:00,116183681.95659202 
 03/05  23:00:00,125145281.66420847 
 03/05  24:00:00,131382181.30027631 
 03/06  01:00:00,133310825.12926884 
 03/06  02:00:00,137908563.11307448 
 03/06  03:00:00,144490235.99899548 
 03/06  04:00:00,150775041.70555955 
 03/06  05:00:00,155282613.88258347 
 03/06  06:00:00,157653062.40496734 
 03/06  07:00:00,159506467.82485908 
 03/06  08:00:00,174209537.30247757 
 03/06  09:00:00,160631801.17488778 
 03/06  10:00:00,158529876.9021328 
 03/06  11:00:00,156313895.25770953 
 03/06  12:00:00,157278323.98450372 
 03/06  13:00:00,146427875.11172906 
 03/06  14:00:00,147038940.2879965 
 03/06  15:00:00,137728350.05769265 
 03/06  16:00:00,134015939.0442483 
 03/06  17:00:00,127375533.05319816 
 03/06  18:00:00,122547888.90005495 
 03/06  19:00:00,134355403.07144162 
 03/06  20:00:00,125463285.84821895 
 03/06  21:00:00,125918849.9414661 
 03/06  22:00:00,127004585.85470982 
 03/06  23:00:00,128491844.94100595 
 03/06  24:00:00,132918846.25648864 
 03/07  01:00:00,137103011.92849746 
 03/07  02:00:00,137806604.08599067 
 03/07  03:00:00,138526983.9533332 
 03/07  04:00:00,142277164.29504856 
 03/07  05:00:00,144897476.7716552 
 03/07  06:00:00,144903564.29977137 
 03/07  07:00:00,144475045.3036564 
 03/07  08:00:00,158798275.2900395 
 03/07  09:00:00,148071188.07214534 
 03/07  10:00:00,147920607.6045253 
 03/07  11:00:00,145460922.44030306 
 03/07  12:00:00,142643521.5654177 
 03/07  13:00:00,127689023.1888357 
 03/07  14:00:00,124820223.74520771 
 03/07  15:00:00,111267097.32012707 
 03/07  16:00:00,105033398.33518913 
 03/07  17:00:00,99332417.63100517 
 03/07  18:00:00,95683280.51699284 
 03/07  19:00:00,96375035.71024755 
 03/07  20:00:00,97352716.38607535 
 03/07  21:00:00,100194361.8138432 
 03/07  22:00:00,106869013.50113818 
 03/07  23:00:00,113737787.16333626 
 03/07  24:00:00,120304416.11179923 
 03/08  01:00:00,127434180.49755187 
 03/08  02:00:00,134876259.25595444 
 03/08  03:00:00,139613360.4252155 
 03/08  04:00:00,145736970.7042807 
 03/08  05:00:00,158144533.84590307 
 03/08  06:00:00,167472604.32415625 
 03/08  07:00:00,172808342.14415494 
 03/08  08:00:00,191875779.51661167 
 03/08  09:00:00,193161551.2245055 
 03/08  10:00:00,198756481.1494008 
 03/08  11:00:00,190523923.67142424 
 03/08  12:00:00,182312465.65124476 
 03/08  13:00:00,167743638.09870464 
 03/08  14:00:00,166994966.05167633 
 03/08  15:00:00,155448026.4889872 
 03/08  16:00:00,150491755.28683564 
 03/08  17:00:00,146501552.96758127 
 03/08  18:00:00,159038299.59909695 
 03/08  19:00:00,162604562.37960696 
 03/08  20:00:00,157517414.05065772 
 03/08  21:00:00,163049897.00790036 
 03/08  22:00:00,170373659.91661522 
 03/08  23:00:00,180963996.4763828 
 03/08  24:00:00,190450644.43868333 
 03/09  01:00:00,196459212.7829329 
 03/09  02:00:00,201407945.78754482 
 03/09  03:00:00,202420978.4820971 
 03/09  04:00:00,200831991.08551306 
 03/09  05:00:00,199891748.87070897 
 03/09  06:00:00,198983516.58540064 
 03/09  07:00:00,198113484.36067602 
 03/09  08:00:00,211292714.35355002 
 03/09  09:00:00,208116785.7373917 
 03/09  10:00:00,200364284.13855317 
 03/09  11:00:00,178790880.91368055 
 03/09  12:00:00,163501447.05465174 
 03/09  13:00:00,143607996.9739827 
 03/09  14:00:00,140824691.65795043 
 03/09  15:00:00,128572096.15455918 
 03/09  16:00:00,120402661.65990026 
 03/09  17:00:00,113087143.2639508 
 03/09  18:00:00,123672881.14123958 
 03/09  19:00:00,125796876.89116645 
 03/09  20:00:00,121987431.4262147 
 03/09  21:00:00,128069783.67494537 
 03/09  22:00:00,135218227.65634784 
 03/09  23:00:00,150570627.3667512 
 03/09  24:00:00,165861588.2857573 
 03/10  01:00:00,173805205.13024157 
 03/10  02:00:00,181569899.00266936 
 03/10  03:00:00,189690664.044344 
 03/10  04:00:00,199586707.0361746 
 03/10  05:00:00,209714867.4671345 
 03/10  06:00:00,209366280.70800498 
 03/10  07:00:00,205248770.01525727 
 03/10  08:00:00,216275686.06878132 
 03/10  09:00:00,209395667.3916918 
 03/10  10:00:00,201561931.91637775 
 03/10  11:00:00,180949409.4098747 
 03/10  12:00:00,164956956.1345969 
 03/10  13:00:00,148401119.91940743 
 03/10  14:00:00,149842357.06128874 
 03/10  15:00:00,139955391.37729484 
 03/10  16:00:00,134530941.54610524 
 03/10  17:00:00,127052096.87842347 
 03/10  18:00:00,137595670.91425583 
 03/10  19:00:00,139431823.4393092 
 03/10  20:00:00,133681830.4011282 
 03/10  21:00:00,141767043.52537537 
 03/10  22:00:00,155081106.55368993 
 03/10  23:00:00,171013275.54159358 
 03/10  24:00:00,185487848.1467073 
 03/11  01:00:00,196007578.15918428 
 03/11  02:00:00,200195038.5742596 
 03/11  03:00:00,201431758.78170687 
 03/11  04:00:00,205586634.5396282 
 03/11  05:00:00,213261327.0945432 
 03/11  06:00:00,218825437.76713315 
 03/11  07:00:00,220017660.95714182 
 03/11  08:00:00,231672327.66371033 
 03/11  09:00:00,226836197.65071288 
 03/11  10:00:00,215377245.3841542 
 03/11  11:00:00,191062416.18619823 
 03/11  12:00:00,177244850.1315247 
 03/11  13:00:00,158142272.45592946 
 03/11  14:00:00,155024451.23132893 
 03/11  15:00:00,142899929.442659 
 03/11  16:00:00,135289259.17154983 
 03/11  17:00:00,128640053.389097 
 03/11  18:00:00,139130863.64981925 
 03/11  19:00:00,138664607.84738484 
 03/11  20:00:00,130010995.6172173 
 03/11  21:00:00,131954944.42873748 
 03/11  22:00:00,136610677.00755 
 03/11  23:00:00,146393768.39409447 
 03/11  24:00:00,158410577.47048187 
 03/12  01:00:00,166934616.66855842 
 03/12  02:00:00,174807904.61775148 
 03/12  03:00:00,180105892.4989296 
 03/12  04:00:00,184509870.28425586 
 03/12  05:00:00,187205843.77852052 
 03/12  06:00:00,187538708.033859 
 03/12  07:00:00,186947275.88010228 
 03/12  08:00:00,199172260.99048606 
 03/12  09:00:00,192789843.8866485 
 03/12  10:00:00,188787755.7400119 
 03/12  11:00:00,173843298.7467725 
 03/12  12:00:00,163109089.3359497 
 03/12  13:00:00,148895425.43273228 
 03/12  14:00:00,149969685.26994985 
 03/12  15:00:00,141298476.81079003 
 03/12  16:00:00,135655379.73843834 
 03/12  17:00:00,128800935.69144098 
 03/12  18:00:00,141256620.28929955 
 03/12  19:00:00,141589456.6222646 
 03/12  20:00:00,132153104.06683552 
 03/12  21:00:00,134673059.27781546 
 03/12  22:00:00,140127714.19500065 
 03/12  23:00:00,150162854.1017853 
 03/12  24:00:00,157336809.79876152 
 03/13  01:00:00,162220573.82485968 
 03/13  02:00:00,171390946.55753496 
 03/13  03:00:00,182361994.0631677 
 03/13  04:00:00,194129317.06978324 
 03/13  05:00:00,204017727.5824216 
 03/13  06:00:00,208508654.94532827 
 03/13  07:00:00,211305976.40508223 
 03/13  08:00:00,224715482.08364442 
 03/13  09:00:00,207596189.13713098 
 03/13  10:00:00,189898518.76886943 
 03/13  11:00:00,167757102.33644718 
 03/13  12:00:00,154051924.8649938 
 03/13  13:00:00,131377366.9564581 
 03/13  14:00:00,126273976.1991793 
 03/13  15:00:00,111740368.25555584 
 03/13  16:00:00,102012823.33331661 
 03/13  17:00:00,93824782.47592022 
 03/13  18:00:00,91171400.92160654 
 03/13  19:00:00,104868401.54149573 
 03/13  20:00:00,98490915.49446824 
 03/13  21:00:00,104876323.68309976 
 03/13  22:00:00,114681138.3541274 
 03/13  23:00:00,129253450.89969143 
 03/13  24:00:00,141155456.30408326 
 03/14  01:00:00,148245574.4230479 
 03/14  02:00:00,156395184.86411145 
 03/14  03:00:00,162045783.39122784 
 03/14  04:00:00,169050280.07367116 
 03/14  05:00:00,177901361.69300953 
 03/14  06:00:00,183360811.94637722 
 03/14  07:00:00,187690023.81632864 
 03/14  08:00:00,204836683.10402632 
 03/14  09:00:00,192290970.38084063 
 03/14  10:00:00,178203906.80992702 
 03/14  11:00:00,159200314.89015588 
 03/14  12:00:00,143613301.47862536 
 03/14  13:00:00,120592543.27034932 
 03/14  14:00:00,115026717.56792611 
 03/14  15:00:00,108692379.45606259 
 03/14  16:00:00,89694110.15707019 
 03/14  17:00:00,79494429.21504697 
 03/14  18:00:00,74057224.58741452 
 03/14  19:00:00,73983569.18841216 
 03/14  20:00:00,83356929.92388797 
 03/14  21:00:00,98730833.71844874 
 03/14  22:00:00,111321451.4781117 
 03/14  23:00:00,124138902.68916848 
 03/14  24:00:00,135821776.19317994 
 03/15  01:00:00,146108031.09521207 
 03/15  02:00:00,159230237.41829258 
 03/15  03:00:00,170229452.6063885 
 03/15  04:00:00,182313486.84790754 
 03/15  05:00:00,195527151.26019022 
 03/15  06:00:00,202951439.11452535 
 03/15  07:00:00,206405190.57331872 
 03/15  08:00:00,221591693.1492188 
 03/15  09:00:00,216278365.70252845 
 03/15  10:00:00,199469066.25616932 
 03/15  11:00:00,167352617.45994645 
 03/15  12:00:00,132156774.9887736 
 03/15  13:00:00,97588889.62400179 
 03/15  14:00:00,91808964.89415888 
 03/15  15:00:00,75970191.68695524 
 03/15  16:00:00,62006880.620081246 
 03/15  17:00:00,48381056.050435506 
 03/15  18:00:00,55569182.70602392 
 03/15  19:00:00,53658135.17015067 
 03/15  20:00:00,41387510.735735886 
 03/15  21:00:00,47557220.88644444 
 03/15  22:00:00,67550849.66890758 
 03/15  23:00:00,84677964.01284154 
 03/15  24:00:00,100213565.71032661 
 03/16  01:00:00,126603961.91339119 
 03/16  02:00:00,144227130.3082596 
 03/16  03:00:00,149166490.9405268 
 03/16  04:00:00,161756454.8739433 
 03/16  05:00:00,172712942.50069356 
 03/16  06:00:00,176840864.46913525 
 03/16  07:00:00,180956496.7182588 
 03/16  08:00:00,199114281.9269213 
 03/16  09:00:00,196371233.45298818 
 03/16  10:00:00,178062188.89281413 
 03/16  11:00:00,144438170.37330323 
 03/16  12:00:00,109630644.02118295 
 03/16  13:00:00,76067544.09373552 
 03/16  14:00:00,70434213.48084195 
 03/16  15:00:00,54877788.29842801 
 03/16  16:00:00,43056423.71872481 
 03/16  17:00:00,31008675.647992115 
 03/16  18:00:00,39065131.04335024 
 03/16  19:00:00,41653399.41629707 
 03/16  20:00:00,34309730.38717818 
 03/16  21:00:00,35226958.603763826 
 03/16  22:00:00,42430826.7135929 
 03/16  23:00:00,57691251.67675924 
 03/16  24:00:00,71765205.13466506 
 03/17  01:00:00,76497971.90850575 
 03/17  02:00:00,81875272.15388557 
 03/17  03:00:00,91633927.50907022 
 03/17  04:00:00,109279676.62428136 
 03/17  05:00:00,129114128.95043954 
 03/17  06:00:00,145595819.52743542 
 03/17  07:00:00,157470232.207386 
 03/17  08:00:00,176757925.5198191 
 03/17  09:00:00,173776853.18017644 
 03/17  10:00:00,155686487.6337471 
 03/17  11:00:00,122587899.01551789 
 03/17  12:00:00,93050959.3979524 
 03/17  13:00:00,64755171.66903193 
 03/17  14:00:00,62269901.22314383 
 03/17  15:00:00,48773219.47869644 
 03/17  16:00:00,37078400.24358882 
 03/17  17:00:00,25271122.408278987 
 03/17  18:00:00,32514164.553959765 
 03/17  19:00:00,33550102.298210338 
 03/17  20:00:00,28935566.562241983 
 03/17  21:00:00,30105757.171088923 
 03/17  22:00:00,32545981.073427238 
 03/17  23:00:00,47529536.799683735 
 03/17  24:00:00,68847124.35182863 
 03/18  01:00:00,70882373.71469586 
 03/18  02:00:00,73307121.96705426 
 03/18  03:00:00,86786191.3206226 
 03/18  04:00:00,100899324.59469317 
 03/18  05:00:00,112039397.38390645 
 03/18  06:00:00,116418806.12507762 
 03/18  07:00:00,118137874.08888431 
 03/18  08:00:00,133129999.96267807 
 03/18  09:00:00,127157103.44315381 
 03/18  10:00:00,119353708.9039325 
 03/18  11:00:00,101145033.71759526 
 03/18  12:00:00,86532790.32870337 
 03/18  13:00:00,70279412.07168773 
 03/18  14:00:00,69985699.7662694 
 03/18  15:00:00,56637781.263767086 
 03/18  16:00:00,42559069.43260913 
 03/18  17:00:00,26457183.475468554 
 03/18  18:00:00,31758028.89657665 
 03/18  19:00:00,29141106.7987439 
 03/18  20:00:00,21911186.27421189 
 03/18  21:00:00,31277466.384618495 
 03/18  22:00:00,39848368.20134194 
 03/18  23:00:00,51694907.77850407 
 03/18  24:00:00,57280634.618932515 
 03/19  01:00:00,57503908.44269396 
 03/19  02:00:00,62415792.75194183 
 03/19  03:00:00,69302130.63785882 
 03/19  04:00:00,76012443.94514729 
 03/19  05:00:00,77563487.77728193 
 03/19  06:00:00,80980273.54686877 
 03/19  07:00:00,86761864.47369252 
 03/19  08:00:00,106755463.90440184 
 03/19  09:00:00,105858378.18727988 
 03/19  10:00:00,99798703.64346005 
 03/19  11:00:00,80128955.88842738 
 03/19  12:00:00,71535243.31935583 
 03/19  13:00:00,60486678.07630819 
 03/19  14:00:00,65117117.12765922 
 03/19  15:00:00,60369365.66664828 
 03/19  16:00:00,55124683.279529855 
 03/19  17:00:00,46668029.422280185 
 03/19  18:00:00,55391258.528589346 
 03/19  19:00:00,49428598.433857776 
 03/19  20:00:00,34818774.31045703 
 03/19  21:00:00,38995376.07394372 
 03/19  22:00:00,46473331.84232618 
 03/19  23:00:00,49824992.17215406 
 03/19  24:00:00,55331874.85922476 
 03/20  01:00:00,58903859.70707587 
 03/20  02:00:00,59421733.9370919 
 03/20  03:00:00,61385380.106022626 
 03/20  04:00:00,63817906.14260437 
 03/20  05:00:00,64969325.11518998 
 03/20  06:00:00,64575955.54276083 
 03/20  07:00:00,61518340.27093456 
 03/20  08:00:00,71548633.26698998 
 03/20  09:00:00,59174954.332432434 
 03/20  10:00:00,54250541.321747124 
 03/20  11:00:00,44994956.65972013 
 03/20  12:00:00,41223881.877420686 
 03/20  13:00:00,25817658.41091382 
 03/20  14:00:00,23897043.43926323 
 03/20  15:00:00,15582953.511976626 
 03/20  16:00:00,15854587.671763042 
 03/20  17:00:00,18073904.709991418 
 03/20  18:00:00,19072897.840631343 
 03/20  19:00:00,31423914.168058306 
 03/20  20:00:00,22816991.39127267 
 03/20  21:00:00,26186414.567399275 
 03/20  22:00:00,31129459.490579084 
 03/20  23:00:00,38905352.4488079 
 03/20  24:00:00,49596520.0663634 
 03/21  01:00:00,59293289.339821674 
 03/21  02:00:00,67840500.61675046 
 03/21  03:00:00,70144840.49919885 
 03/21  04:00:00,70953581.0808824 
 03/21  05:00:00,74398610.76462795 
 03/21  06:00:00,80589908.53377338 
 03/21  07:00:00,90056027.3349365 
 03/21  08:00:00,106049868.25283092 
 03/21  09:00:00,90170820.94870901 
 03/21  10:00:00,85002276.74426803 
 03/21  11:00:00,75953959.15684679 
 03/21  12:00:00,65141761.27717562 
 03/21  13:00:00,46129978.117390506 
 03/21  14:00:00,44507841.384142585 
 03/21  15:00:00,41901852.34256257 
 03/21  16:00:00,26451866.843445577 
 03/21  17:00:00,23520090.220506407 
 03/21  18:00:00,21621376.257568263 
 03/21  19:00:00,22812742.6798653 
 03/21  20:00:00,29962970.52483744 
 03/21  21:00:00,39851426.32159869 
 03/21  22:00:00,43415372.75734751 
 03/21  23:00:00,49989001.29212943 
 03/21  24:00:00,57109758.320691854 
 03/22  01:00:00,58006702.962551996 
 03/22  02:00:00,60761706.94527536 
 03/22  03:00:00,65658317.00210445 
 03/22  04:00:00,72837417.75039756 
 03/22  05:00:00,83393087.77091406 
 03/22  06:00:00,93570582.35484944 
 03/22  07:00:00,98623286.7877545 
 03/22  08:00:00,113124518.6778411 
 03/22  09:00:00,107682769.02864681 
 03/22  10:00:00,99712029.62431397 
 03/22  11:00:00,80751990.44687815 
 03/22  12:00:00,65747188.05111746 
 03/22  13:00:00,46341434.68980671 
 03/22  14:00:00,44442732.67999868 
 03/22  15:00:00,32498750.139411613 
 03/22  16:00:00,21989222.583193537 
 03/22  17:00:00,9649053.318939034 
 03/22  18:00:00,18530028.429841112 
 03/22  19:00:00,18220830.34160659 
 03/22  20:00:00,13385909.703590255 
 03/22  21:00:00,26133217.06468711 
 03/22  22:00:00,37480057.37226543 
 03/22  23:00:00,55308629.9663173 
 03/22  24:00:00,66578678.1789589 
 03/23  01:00:00,66185157.52735122 
 03/23  02:00:00,72004858.46365605 
 03/23  03:00:00,79205388.21122384 
 03/23  04:00:00,90468966.90194269 
 03/23  05:00:00,100798024.97523996 
 03/23  06:00:00,103164187.78816833 
 03/23  07:00:00,104766398.60055757 
 03/23  08:00:00,122519591.16943604 
 03/23  09:00:00,119915559.81189145 
 03/23  10:00:00,108992482.00303511 
 03/23  11:00:00,83960726.30846234 
 03/23  12:00:00,60731822.12674673 
 03/23  13:00:00,38276679.49121052 
 03/23  14:00:00,36908330.84506496 
 03/23  15:00:00,23631526.181380007 
 03/23  16:00:00,17574302.64665927 
 03/23  17:00:00,12906387.042403815 
 03/23  18:00:00,24730420.762450695 
 03/23  19:00:00,25661031.86085579 
 03/23  20:00:00,21839308.02899123 
 03/23  21:00:00,25034670.331660602 
 03/23  22:00:00,25233685.79780442 
 03/23  23:00:00,31903894.271086298 
 03/23  24:00:00,41103244.23205778 
 03/24  01:00:00,51902078.160953246 
 03/24  02:00:00,63464896.40765159 
 03/24  03:00:00,61053798.43353219 
 03/24  04:00:00,58449097.43603892 
 03/24  05:00:00,68433253.35917631 
 03/24  06:00:00,76340169.14859708 
 03/24  07:00:00,78799763.03189778 
 03/24  08:00:00,90939034.94187307 
 03/24  09:00:00,85284374.87275712 
 03/24  10:00:00,84661153.73754348 
 03/24  11:00:00,71291409.02303408 
 03/24  12:00:00,59151185.77875383 
 03/24  13:00:00,40836432.96948828 
 03/24  14:00:00,38962360.27296373 
 03/24  15:00:00,28153945.575748447 
 03/24  16:00:00,22771187.573745564 
 03/24  17:00:00,17015391.6721739 
 03/24  18:00:00,28028920.7316078 
 03/24  19:00:00,36052554.31706471 
 03/24  20:00:00,37393352.264359586 
 03/24  21:00:00,41789634.88110219 
 03/24  22:00:00,46292509.33658337 
 03/24  23:00:00,57776063.47849947 
 03/24  24:00:00,67393014.86135958 
 03/25  01:00:00,70186719.93457435 
 03/25  02:00:00,72195220.05546683 
 03/25  03:00:00,74098269.61023758 
 03/25  04:00:00,77837796.69458713 
 03/25  05:00:00,82225610.94597968 
 03/25  06:00:00,85295550.85286179 
 03/25  07:00:00,87883945.83297423 
 03/25  08:00:00,105138827.44267091 
 03/25  09:00:00,104097847.98317638 
 03/25  10:00:00,104562876.48565254 
 03/25  11:00:00,90974323.4671086 
 03/25  12:00:00,83528819.93637739 
 03/25  13:00:00,75062304.95502083 
 03/25  14:00:00,80176776.84280477 
 03/25  15:00:00,74679751.21788533 
 03/25  16:00:00,78546719.41062362 
 03/25  17:00:00,84245287.59906474 
 03/25  18:00:00,103689354.99040183 
 03/25  19:00:00,106897351.24452575 
 03/25  20:00:00,97911241.40762432 
 03/25  21:00:00,97725545.99141607 
 03/25  22:00:00,98906498.17298567 
 03/25  23:00:00,103532181.77510348 
 03/25  24:00:00,109497581.09697306 
 03/26  01:00:00,114318698.55675605 
 03/26  02:00:00,117737706.83859742 
 03/26  03:00:00,120470814.49907549 
 03/26  04:00:00,126709387.19663773 
 03/26  05:00:00,133576951.42078651 
 03/26  06:00:00,138252330.1134203 
 03/26  07:00:00,142397070.06448844 
 03/26  08:00:00,157859517.7419415 
 03/26  09:00:00,151819193.40890786 
 03/26  10:00:00,144523399.20871943 
 03/26  11:00:00,127108678.71806349 
 03/26  12:00:00,113917202.83247975 
 03/26  13:00:00,96151132.24098364 
 03/26  14:00:00,94164522.30048686 
 03/26  15:00:00,84003445.217875 
 03/26  16:00:00,81521169.16599545 
 03/26  17:00:00,77711966.1451221 
 03/26  18:00:00,88734704.88081005 
 03/26  19:00:00,86505585.0661767 
 03/26  20:00:00,78447979.50611632 
 03/26  21:00:00,82433646.64176196 
 03/26  22:00:00,86529984.13028318 
 03/26  23:00:00,93708987.66863294 
 03/26  24:00:00,101751096.98415875 
 03/27  01:00:00,106683509.51355062 
 03/27  02:00:00,108509542.53489453 
 03/27  03:00:00,109209054.71888869 
 03/27  04:00:00,112161635.9638299 
 03/27  05:00:00,118322753.38626598 
 03/27  06:00:00,120848214.38065489 
 03/27  07:00:00,123659152.9505848 
 03/27  08:00:00,141084142.36130437 
 03/27  09:00:00,127050701.00557275 
 03/27  10:00:00,114196140.48029697 
 03/27  11:00:00,101502331.74499173 
 03/27  12:00:00,93772913.55101229 
 03/27  13:00:00,75996888.5228154 
 03/27  14:00:00,73684958.92124425 
 03/27  15:00:00,58854163.024272285 
 03/27  16:00:00,48582339.101857856 
 03/27  17:00:00,40096880.56972077 
 03/27  18:00:00,35833724.85906833 
 03/27  19:00:00,47126214.80670772 
 03/27  20:00:00,39641824.146074355 
 03/27  21:00:00,45429023.39886044 
 03/27  22:00:00,49536011.76851039 
 03/27  23:00:00,57198593.92427288 
 03/27  24:00:00,69220500.0200287 
 03/28  01:00:00,82936914.51012401 
 03/28  02:00:00,96500017.83692968 
 03/28  03:00:00,111374430.380228 
 03/28  04:00:00,125527235.8136166 
 03/28  05:00:00,131691810.61356887 
 03/28  06:00:00,131768336.89372183 
 03/28  07:00:00,131089010.84568012 
 03/28  08:00:00,144743203.6524315 
 03/28  09:00:00,130977366.43499212 
 03/28  10:00:00,114924017.2287598 
 03/28  11:00:00,94689394.79768722 
 03/28  12:00:00,78356228.62572855 
 03/28  13:00:00,53464082.95409341 
 03/28  14:00:00,49235467.3234467 
 03/28  15:00:00,45540299.864583924 
 03/28  16:00:00,28085974.899735563 
 03/28  17:00:00,19814714.920904536 
 03/28  18:00:00,15642602.043494685 
 03/28  19:00:00,15247683.331270482 
 03/28  20:00:00,20369765.361153405 
 03/28  21:00:00,31601740.180909194 
 03/28  22:00:00,44830920.45627547 
 03/28  23:00:00,56670912.94300795 
 03/28  24:00:00,60854387.22631009 
 03/29  01:00:00,73539885.3548973 
 03/29  02:00:00,89031876.62690875 
 03/29  03:00:00,93755048.62939674 
 03/29  04:00:00,96942277.98129871 
 03/29  05:00:00,100423386.80274409 
 03/29  06:00:00,102770234.82470062 
 03/29  07:00:00,102971247.59767832 
 03/29  08:00:00,116011876.7847925 
 03/29  09:00:00,111123079.62892188 
 03/29  10:00:00,102706059.72596833 
 03/29  11:00:00,82518807.84087831 
 03/29  12:00:00,75266095.80354822 
 03/29  13:00:00,64738674.209205166 
 03/29  14:00:00,66602917.98874902 
 03/29  15:00:00,58136902.34483422 
 03/29  16:00:00,54003781.1463441 
 03/29  17:00:00,51007341.645122364 
 03/29  18:00:00,65551478.34546018 
 03/29  19:00:00,67432201.22694951 
 03/29  20:00:00,59261854.36902631 
 03/29  21:00:00,59873978.29356194 
 03/29  22:00:00,60262331.92404295 
 03/29  23:00:00,66145053.869550936 
 03/29  24:00:00,72113707.77672638 
 03/30  01:00:00,74596929.79215741 
 03/30  02:00:00,79547902.12775253 
 03/30  03:00:00,87688213.37936388 
 03/30  04:00:00,99140843.16284345 
 03/30  05:00:00,107968019.90740286 
 03/30  06:00:00,112618738.16257447 
 03/30  07:00:00,116278372.02850108 
 03/30  08:00:00,131237398.88922185 
 03/30  09:00:00,126066542.21985254 
 03/30  10:00:00,124787236.10169886 
 03/30  11:00:00,111939682.83876821 
 03/30  12:00:00,100861706.12189159 
 03/30  13:00:00,86304393.99693772 
 03/30  14:00:00,87591215.88873366 
 03/30  15:00:00,75868671.26798399 
 03/30  16:00:00,66878109.944032125 
 03/30  17:00:00,56620885.60399334 
 03/30  18:00:00,65352700.45327347 
 03/30  19:00:00,67256162.67878838 
 03/30  20:00:00,61113072.49391772 
 03/30  21:00:00,64752845.65640282 
 03/30  22:00:00,72941419.67773555 
 03/30  23:00:00,85420695.21642113 
 03/30  24:00:00,93047814.45606935 
 03/31  01:00:00,97146637.15392359 
 03/31  02:00:00,102704742.66475603 
 03/31  03:00:00,107822465.04882345 
 03/31  04:00:00,116776111.12934385 
 03/31  05:00:00,130350042.79183212 
 03/31  06:00:00,139729417.53384328 
 03/31  07:00:00,146043549.89631903 
 03/31  08:00:00,163543563.77735522 
 03/31  09:00:00,154564776.321358 
 03/31  10:00:00,139386970.65924656 
 03/31  11:00:00,116446527.04520784 
 03/31  12:00:00,100459825.88497269 
 03/31  13:00:00,79531504.6694223 
 03/31  14:00:00,77846490.5705923 
 03/31  15:00:00,68140977.63538451 
 03/31  16:00:00,62222414.28934964 
 03/31  17:00:00,55222303.89607303 
 03/31  18:00:00,64673609.6696344 
 03/31  19:00:00,64646538.88426316 
 03/31  20:00:00,57360636.874956876 
 03/31  21:00:00,62052592.193007976 
 03/31  22:00:00,69775899.3212842 
 03/31  23:00:00,80498068.72070171 
 03/31  24:00:00,88740527.3044473 
 04/01  01:00:00,91906935.07315789 
 04/01  02:00:00,93897404.06680886 
 04/01  03:00:00,98138784.89195213 
 04/01  04:00:00,105290588.81769706 
 04/01  05:00:00,112601311.49519701 
 04/01  06:00:00,121959568.04872142 
 04/01  07:00:00,131661771.36156178 
 04/01  08:00:00,150233624.88405275 
 04/01  09:00:00,143129128.24129757 
 04/01  10:00:00,135244709.2322767 
 04/01  11:00:00,118359237.13569348 
 04/01  12:00:00,104976562.93597649 
 04/01  13:00:00,86821905.55508739 
 04/01  14:00:00,85952330.09710343 
 04/01  15:00:00,75568660.19060232 
 04/01  16:00:00,68556008.74741174 
 04/01  17:00:00,61922320.31859772 
 04/01  18:00:00,72079150.07912515 
 04/01  19:00:00,71137120.014206 
 04/01  20:00:00,63520299.64761237 
 04/01  21:00:00,71560276.16032404 
 04/01  22:00:00,84072969.00335056 
 04/01  23:00:00,99210101.71661147 
 04/01  24:00:00,113888224.9933746 
 04/02  01:00:00,121799388.32288074 
 04/02  02:00:00,128088700.59149498 
 04/02  03:00:00,139599203.84449846 
 04/02  04:00:00,149822597.46920276 
 04/02  05:00:00,155857520.39221352 
 04/02  06:00:00,161161027.77470714 
 04/02  07:00:00,167545669.78200024 
 04/02  08:00:00,185680929.91064227 
 04/02  09:00:00,176448435.88149014 
 04/02  10:00:00,155869960.58581543 
 04/02  11:00:00,125236477.82211255 
 04/02  12:00:00,104075139.10643229 
 04/02  13:00:00,82771478.36006619 
 04/02  14:00:00,79623208.95367604 
 04/02  15:00:00,66160624.85418977 
 04/02  16:00:00,54896587.33714864 
 04/02  17:00:00,44135721.844671816 
 04/02  18:00:00,52831230.44092149 
 04/02  19:00:00,50550903.33344761 
 04/02  20:00:00,43963417.33527646 
 04/02  21:00:00,51312206.09313846 
 04/02  22:00:00,64848199.025801845 
 04/02  23:00:00,80990768.78322153 
 04/02  24:00:00,95118636.96004099 
 04/03  01:00:00,105976641.34157275 
 04/03  02:00:00,112525750.5004004 
 04/03  03:00:00,120354381.65981285 
 04/03  04:00:00,129626320.49332242 
 04/03  05:00:00,135131248.51869187 
 04/03  06:00:00,138010244.82570076 
 04/03  07:00:00,140689352.2652399 
 04/03  08:00:00,155982939.9215148 
 04/03  09:00:00,137403019.04084563 
 04/03  10:00:00,121232183.91075589 
 04/03  11:00:00,105708225.93565734 
 04/03  12:00:00,99241945.01118474 
 04/03  13:00:00,82518101.55124375 
 04/03  14:00:00,79804552.78323966 
 04/03  15:00:00,69942765.45930666 
 04/03  16:00:00,67620971.50189799 
 04/03  17:00:00,71171054.20714854 
 04/03  18:00:00,76901869.36718482 
 04/03  19:00:00,91683199.5512215 
 04/03  20:00:00,82749157.06861623 
 04/03  21:00:00,87168255.08473237 
 04/03  22:00:00,96613922.23912102 
 04/03  23:00:00,107045384.51489663 
 04/03  24:00:00,115706841.69555992 
 04/04  01:00:00,123072312.03636657 
 04/04  02:00:00,133878288.25956078 
 04/04  03:00:00,142806293.09524179 
 04/04  04:00:00,148849251.451147 
 04/04  05:00:00,156476292.70491472 
 04/04  06:00:00,162280177.92628622 
 04/04  07:00:00,165470319.2465751 
 04/04  08:00:00,177988382.66838053 
 04/04  09:00:00,159045967.4309285 
 04/04  10:00:00,139287415.3389044 
 04/04  11:00:00,119024126.55568263 
 04/04  12:00:00,107514877.7611219 
 04/04  13:00:00,87298264.88586761 
 04/04  14:00:00,83825194.8933419 
 04/04  15:00:00,70215066.36482121 
 04/04  16:00:00,61562057.43035048 
 04/04  17:00:00,54232137.751191355 
 04/04  18:00:00,49966092.26164509 
 04/04  19:00:00,50143728.943234354 
 04/04  20:00:00,54713117.32968113 
 04/04  21:00:00,65434696.73020426 
 04/04  22:00:00,80376034.41384783 
 04/04  23:00:00,95137899.7913715 
 04/04  24:00:00,111605190.20613696 
 04/05  01:00:00,120863199.18499564 
 04/05  02:00:00,124059064.52658409 
 04/05  03:00:00,130569500.69136809 
 04/05  04:00:00,137216873.69673792 
 04/05  05:00:00,142681215.3656033 
 04/05  06:00:00,147089193.30146062 
 04/05  07:00:00,151608765.1822655 
 04/05  08:00:00,169276945.93330938 
 04/05  09:00:00,165240438.4958847 
 04/05  10:00:00,148519105.01856202 
 04/05  11:00:00,114485061.9823344 
 04/05  12:00:00,85076836.48684913 
 04/05  13:00:00,58155502.94628142 
 04/05  14:00:00,54319003.16638146 
 04/05  15:00:00,40993926.0915993 
 04/05  16:00:00,32338748.70167618 
 04/05  17:00:00,23153008.328490425 
 04/05  18:00:00,32069860.561165795 
 04/05  19:00:00,33737018.52747594 
 04/05  20:00:00,30907247.39328143 
 04/05  21:00:00,34615684.95731108 
 04/05  22:00:00,42306367.816110514 
 04/05  23:00:00,59969602.042433456 
 04/05  24:00:00,72617392.20720656 
 04/06  01:00:00,75788793.37423687 
 04/06  02:00:00,85824027.98764026 
 04/06  03:00:00,102307043.222575 
 04/06  04:00:00,118169298.18814768 
 04/06  05:00:00,130627627.78093578 
 04/06  06:00:00,136757345.41426814 
 04/06  07:00:00,140677237.15929195 
 04/06  08:00:00,158018142.68405524 
 04/06  09:00:00,149217824.24524373 
 04/06  10:00:00,126161025.86202216 
 04/06  11:00:00,96131473.15103272 
 04/06  12:00:00,77942742.31902918 
 04/06  13:00:00,57926020.07170095 
 04/06  14:00:00,55535957.9005432 
 04/06  15:00:00,41560700.475107186 
 04/06  16:00:00,30806429.07434679 
 04/06  17:00:00,19983901.60582988 
 04/06  18:00:00,28499140.11325466 
 04/06  19:00:00,27730262.535325125 
 04/06  20:00:00,20769919.31369123 
 04/06  21:00:00,29750852.15998935 
 04/06  22:00:00,36503888.7585904 
 04/06  23:00:00,45080364.27906093 
 04/06  24:00:00,54397326.94508517 
 04/07  01:00:00,53631087.66384891 
 04/07  02:00:00,55697076.50384572 
 04/07  03:00:00,65278547.185726754 
 04/07  04:00:00,75851800.67289229 
 04/07  05:00:00,85854736.28018075 
 04/07  06:00:00,88447289.42185615 
 04/07  07:00:00,86914447.25109294 
 04/07  08:00:00,100118647.34203336 
 04/07  09:00:00,95483870.2595608 
 04/07  10:00:00,91775567.935973 
 04/07  11:00:00,74409367.03033899 
 04/07  12:00:00,63432777.27659842 
 04/07  13:00:00,48670020.561938055 
 04/07  14:00:00,48734838.51664946 
 04/07  15:00:00,39318853.04262549 
 04/07  16:00:00,35366993.3609571 
 04/07  17:00:00,31213729.73134602 
 04/07  18:00:00,44001242.24739585 
 04/07  19:00:00,44641164.11075882 
 04/07  20:00:00,36256505.57647602 
 04/07  21:00:00,41023753.11069625 
 04/07  22:00:00,50506380.78579814 
 04/07  23:00:00,66223972.76717452 
 04/07  24:00:00,81468530.37706698 
 04/08  01:00:00,92691492.88870655 
 04/08  02:00:00,104767817.48466639 
 04/08  03:00:00,119770880.67667043 
 04/08  04:00:00,134996407.3677615 
 04/08  05:00:00,147587865.91544846 
 04/08  06:00:00,155773145.7968204 
 04/08  07:00:00,160975449.515629 
 04/08  08:00:00,177918657.9992762 
 04/08  09:00:00,168353286.33804646 
 04/08  10:00:00,144811921.7376394 
 04/08  11:00:00,112105606.8056592 
 04/08  12:00:00,88075462.7139755 
 04/08  13:00:00,62397976.75527558 
 04/08  14:00:00,57004402.05970824 
 04/08  15:00:00,41035233.04108512 
 04/08  16:00:00,29043138.1464104 
 04/08  17:00:00,17536216.14985649 
 04/08  18:00:00,23970555.786881924 
 04/08  19:00:00,19550629.26630266 
 04/08  20:00:00,10155708.093856774 
 04/08  21:00:00,20837007.7007528 
 04/08  22:00:00,34459677.22829715 
 04/08  23:00:00,46403533.24474055 
 04/08  24:00:00,61954050.830718346 
 04/09  01:00:00,75617050.37358019 
 04/09  02:00:00,87725534.30183156 
 04/09  03:00:00,102302593.42854764 
 04/09  04:00:00,116786279.52865764 
 04/09  05:00:00,127190368.28544708 
 04/09  06:00:00,134399643.08043644 
 04/09  07:00:00,139672713.76819348 
 04/09  08:00:00,156477454.67999968 
 04/09  09:00:00,150092390.61745656 
 04/09  10:00:00,133019961.21878707 
 04/09  11:00:00,104874362.62270759 
 04/09  12:00:00,81336273.60558312 
 04/09  13:00:00,56306382.183506675 
 04/09  14:00:00,54133204.98471118 
 04/09  15:00:00,41665402.763259985 
 04/09  16:00:00,31635979.41291319 
 04/09  17:00:00,20920295.26861219 
 04/09  18:00:00,28922507.92840702 
 04/09  19:00:00,25547492.373534232 
 04/09  20:00:00,15319878.254829558 
 04/09  21:00:00,25202195.402788408 
 04/09  22:00:00,42897757.531116076 
 04/09  23:00:00,57555880.66411496 
 04/09  24:00:00,69554432.69176196 
 04/10  01:00:00,68641121.40259431 
 04/10  02:00:00,75046841.03088066 
 04/10  03:00:00,86403080.29567675 
 04/10  04:00:00,102911017.05993362 
 04/10  05:00:00,119674429.49198206 
 04/10  06:00:00,124595960.3410547 
 04/10  07:00:00,128597339.77462126 
 04/10  08:00:00,143577232.36704397 
 04/10  09:00:00,125437970.49285497 
 04/10  10:00:00,99142576.25915247 
 04/10  11:00:00,70305095.580842 
 04/10  12:00:00,56257865.611489326 
 04/10  13:00:00,36437088.46447163 
 04/10  14:00:00,32601728.196985435 
 04/10  15:00:00,18552256.023895603 
 04/10  16:00:00,8450358.94893708 
 04/10  17:00:00,485510.36810913356 
 04/10  18:00:00,0.0 
 04/10  19:00:00,2551871.363579482 
 04/10  20:00:00,0.0 
 04/10  21:00:00,0.0 
 04/10  22:00:00,7975535.278216436 
 04/10  23:00:00,22777473.937182143 
 04/10  24:00:00,37167641.44703612 
 04/11  01:00:00,49537930.036218986 
 04/11  02:00:00,62494899.152587965 
 04/11  03:00:00,80048908.7531399 
 04/11  04:00:00,103059656.33318895 
 04/11  05:00:00,119809080.46107295 
 04/11  06:00:00,128628123.38081342 
 04/11  07:00:00,136772416.70570466 
 04/11  08:00:00,154551461.51492596 
 04/11  09:00:00,132130597.28664029 
 04/11  10:00:00,102513219.28475197 
 04/11  11:00:00,74704667.74232519 
 04/11  12:00:00,55015984.70482063 
 04/11  13:00:00,29797333.647579037 
 04/11  14:00:00,24651893.608958755 
 04/11  15:00:00,18279408.123593222 
 04/11  16:00:00,1267014.871909318 
 04/11  17:00:00,0.0 
 04/11  18:00:00,0.0 
 04/11  19:00:00,0.0 
 04/11  20:00:00,0.0 
 04/11  21:00:00,2010147.9477812536 
 04/11  22:00:00,19999566.786829256 
 04/11  23:00:00,39578956.826277904 
 04/11  24:00:00,53992803.26055946 
 04/12  01:00:00,63944569.254376896 
 04/12  02:00:00,68667965.60931414 
 04/12  03:00:00,70543229.37445053 
 04/12  04:00:00,76938562.4042463 
 04/12  05:00:00,86603329.09687467 
 04/12  06:00:00,93659768.6275526 
 04/12  07:00:00,98368994.15058377 
 04/12  08:00:00,115760728.33601731 
 04/12  09:00:00,109510500.0264518 
 04/12  10:00:00,94643477.66850777 
 04/12  11:00:00,70289112.17331894 
 04/12  12:00:00,53683888.20353036 
 04/12  13:00:00,33587401.428243294 
 04/12  14:00:00,31291513.556603007 
 04/12  15:00:00,19189883.880951036 
 04/12  16:00:00,13036630.477718474 
 04/12  17:00:00,10818799.376002815 
 04/12  18:00:00,27698724.773433574 
 04/12  19:00:00,38072713.63485177 
 04/12  20:00:00,38029054.35555366 
 04/12  21:00:00,43584776.53496855 
 04/12  22:00:00,51822599.960848235 
 04/12  23:00:00,65761987.024459295 
 04/12  24:00:00,79457429.6967785 
 04/13  01:00:00,90350006.82268338 
 04/13  02:00:00,99253026.50537527 
 04/13  03:00:00,107758721.33252639 
 04/13  04:00:00,115806073.9417936 
 04/13  05:00:00,120993937.39779931 
 04/13  06:00:00,123089924.86122018 
 04/13  07:00:00,123708238.54343197 
 04/13  08:00:00,137887585.07268184 
 04/13  09:00:00,134969506.96716142 
 04/13  10:00:00,135189492.9511994 
 04/13  11:00:00,123353450.99863821 
 04/13  12:00:00,113706588.61732852 
 04/13  13:00:00,99829252.96558857 
 04/13  14:00:00,101465506.47311464 
 04/13  15:00:00,92872670.02258791 
 04/13  16:00:00,89111882.43153675 
 04/13  17:00:00,85693424.42133282 
 04/13  18:00:00,99674667.91628297 
 04/13  19:00:00,101121266.86908185 
 04/13  20:00:00,91520059.8072582 
 04/13  21:00:00,89749142.75538841 
 04/13  22:00:00,90549887.39929308 
 04/13  23:00:00,95993640.355777 
 04/13  24:00:00,98769881.53105007 
 04/14  01:00:00,98652156.38098465 
 04/14  02:00:00,98792678.41805246 
 04/14  03:00:00,99893662.00475033 
 04/14  04:00:00,102569149.93239528 
 04/14  05:00:00,103094577.93011011 
 04/14  06:00:00,102963870.74442321 
 04/14  07:00:00,103969588.0539326 
 04/14  08:00:00,117955755.75087014 
 04/14  09:00:00,114583842.0643018 
 04/14  10:00:00,114680230.91381007 
 04/14  11:00:00,101923009.41081211 
 04/14  12:00:00,93382471.99231271 
 04/14  13:00:00,80359840.25592914 
 04/14  14:00:00,80534796.53642592 
 04/14  15:00:00,67962881.57327504 
 04/14  16:00:00,61798224.11582113 
 04/14  17:00:00,58759847.64499641 
 04/14  18:00:00,73271665.170418 
 04/14  19:00:00,74694137.22034137 
 04/14  20:00:00,65447582.187162116 
 04/14  21:00:00,67384179.26763004 
 04/14  22:00:00,69571843.50765744 
 04/14  23:00:00,74264587.38277133 
 04/14  24:00:00,76952933.55334306 
 04/15  01:00:00,77374236.29147305 
 04/15  02:00:00,79639750.48473199 
 04/15  03:00:00,82025191.13884546 
 04/15  04:00:00,85738582.01720335 
 04/15  05:00:00,88114970.09548992 
 04/15  06:00:00,88601129.13336252 
 04/15  07:00:00,89476276.82409908 
 04/15  08:00:00,103662377.33020946 
 04/15  09:00:00,101334928.43720657 
 04/15  10:00:00,103344378.83197318 
 04/15  11:00:00,93410669.68802324 
 04/15  12:00:00,83786848.33342217 
 04/15  13:00:00,68363156.2236295 
 04/15  14:00:00,66662714.79625187 
 04/15  15:00:00,53710110.856485106 
 04/15  16:00:00,49976370.40175112 
 04/15  17:00:00,42079925.0290598 
 04/15  18:00:00,48707895.00775331 
 04/15  19:00:00,46992767.60592338 
 04/15  20:00:00,37202594.92858393 
 04/15  21:00:00,43144311.28089379 
 04/15  22:00:00,43459841.441062436 
 04/15  23:00:00,46793613.46556111 
 04/15  24:00:00,62703355.99207218 
 04/16  01:00:00,73208766.3973017 
 04/16  02:00:00,76399295.24882367 
 04/16  03:00:00,79477053.7540216 
 04/16  04:00:00,80678263.19545901 
 04/16  05:00:00,80294250.64275116 
 04/16  06:00:00,81613303.42909738 
 04/16  07:00:00,82125189.75631338 
 04/16  08:00:00,93926201.18609981 
 04/16  09:00:00,87812864.14127317 
 04/16  10:00:00,83118066.72922337 
 04/16  11:00:00,67914462.25603062 
 04/16  12:00:00,58035785.24654852 
 04/16  13:00:00,42593543.84131362 
 04/16  14:00:00,41525721.136761956 
 04/16  15:00:00,29267885.15674789 
 04/16  16:00:00,24630708.39594109 
 04/16  17:00:00,20780696.81379036 
 04/16  18:00:00,33588472.53160475 
 04/16  19:00:00,40517530.57918449 
 04/16  20:00:00,39241086.92361142 
 04/16  21:00:00,45930268.7452042 
 04/16  22:00:00,52099587.35854408 
 04/16  23:00:00,59660470.10458931 
 04/16  24:00:00,68754172.29555057 
 04/17  01:00:00,73637138.21677326 
 04/17  02:00:00,71666967.29075995 
 04/17  03:00:00,71153178.44254398 
 04/17  04:00:00,74599026.49079657 
 04/17  05:00:00,75971167.70545144 
 04/17  06:00:00,77494385.03697133 
 04/17  07:00:00,80097470.65504418 
 04/17  08:00:00,94437435.23857689 
 04/17  09:00:00,82082491.94545193 
 04/17  10:00:00,81172378.84948565 
 04/17  11:00:00,79177959.0202297 
 04/17  12:00:00,82223791.64075983 
 04/17  13:00:00,75106137.85739452 
 04/17  14:00:00,76285189.49100366 
 04/17  15:00:00,63681802.81323902 
 04/17  16:00:00,59228310.382767245 
 04/17  17:00:00,52462180.920663334 
 04/17  18:00:00,46649644.194399536 
 04/17  19:00:00,57372013.924284555 
 04/17  20:00:00,51627654.51981526 
 04/17  21:00:00,61122644.681784965 
 04/17  22:00:00,70178297.86856936 
 04/17  23:00:00,77520375.86084679 
 04/17  24:00:00,77540764.08329399 
 04/18  01:00:00,75464108.6152823 
 04/18  02:00:00,75285209.1156148 
 04/18  03:00:00,78822637.80572169 
 04/18  04:00:00,82753773.62442753 
 04/18  05:00:00,81951292.12045169 
 04/18  06:00:00,80188086.66874667 
 04/18  07:00:00,81611489.77695356 
 04/18  08:00:00,97541338.5205997 
 04/18  09:00:00,83808870.1791873 
 04/18  10:00:00,75702931.13908684 
 04/18  11:00:00,68240676.33360134 
 04/18  12:00:00,64747800.14051702 
 04/18  13:00:00,50847068.42845705 
 04/18  14:00:00,53861504.43222189 
 04/18  15:00:00,48047906.63175937 
 04/18  16:00:00,47100804.40038045 
 04/18  17:00:00,46715296.85814012 
 04/18  18:00:00,52378913.990731984 
 04/18  19:00:00,57288141.52812349 
 04/18  20:00:00,56366960.9337902 
 04/18  21:00:00,60340880.97431133 
 04/18  22:00:00,65009060.6085191 
 04/18  23:00:00,73379277.01832888 
 04/18  24:00:00,80120610.80656968 
 04/19  01:00:00,79909756.5383507 
 04/19  02:00:00,82220803.53505692 
 04/19  03:00:00,82733155.31700724 
 04/19  04:00:00,83287372.72349295 
 04/19  05:00:00,85866302.75043593 
 04/19  06:00:00,88393342.44223066 
 04/19  07:00:00,88432452.58318052 
 04/19  08:00:00,101273921.4276516 
 04/19  09:00:00,97425873.63650781 
 04/19  10:00:00,91591184.78508946 
 04/19  11:00:00,74137628.67555729 
 04/19  12:00:00,62455189.66610399 
 04/19  13:00:00,44971630.93066427 
 04/19  14:00:00,43308219.7185815 
 04/19  15:00:00,32368120.636519924 
 04/19  16:00:00,24180517.6045181 
 04/19  17:00:00,15359214.682627892 
 04/19  18:00:00,25954690.82292899 
 04/19  19:00:00,24349795.125974786 
 04/19  20:00:00,14614219.73021678 
 04/19  21:00:00,22706859.4495864 
 04/19  22:00:00,29560798.17077624 
 04/19  23:00:00,36186693.63661507 
 04/19  24:00:00,46986400.845622316 
 04/20  01:00:00,54276502.318832584 
 04/20  02:00:00,58399444.17879108 
 04/20  03:00:00,73902023.0946911 
 04/20  04:00:00,89504595.2708164 
 04/20  05:00:00,96069828.10549605 
 04/20  06:00:00,101682047.74514541 
 04/20  07:00:00,103775994.72504216 
 04/20  08:00:00,115244973.98073453 
 04/20  09:00:00,107337372.69821312 
 04/20  10:00:00,89901943.34746315 
 04/20  11:00:00,59020451.24859226 
 04/20  12:00:00,36752069.12251152 
 04/20  13:00:00,13443802.237052727 
 04/20  14:00:00,10139264.568095528 
 04/20  15:00:00,0.0 
 04/20  16:00:00,0.0 
 04/20  17:00:00,0.0 
 04/20  18:00:00,0.0 
 04/20  19:00:00,0.0 
 04/20  20:00:00,0.0 
 04/20  21:00:00,0.0 
 04/20  22:00:00,0.0 
 04/20  23:00:00,2181941.401272244 
 04/20  24:00:00,26239601.166169837 
 04/21  01:00:00,45842925.57841911 
 04/21  02:00:00,54620839.20677312 
 04/21  03:00:00,62051823.91480739 
 04/21  04:00:00,69186233.15835667 
 04/21  05:00:00,73801778.6195985 
 04/21  06:00:00,77178910.96668342 
 04/21  07:00:00,78439207.25410351 
 04/21  08:00:00,90312776.62013611 
 04/21  09:00:00,82113312.2761948 
 04/21  10:00:00,66723895.14258078 
 04/21  11:00:00,40076772.87312245 
 04/21  12:00:00,22812146.089545276 
 04/21  13:00:00,2830126.9976237793 
 04/21  14:00:00,609156.4360436168 
 04/21  15:00:00,0.0 
 04/21  16:00:00,0.0 
 04/21  17:00:00,0.0 
 04/21  18:00:00,0.0 
 04/21  19:00:00,0.0 
 04/21  20:00:00,0.0 
 04/21  21:00:00,0.0 
 04/21  22:00:00,2481190.8549474785 
 04/21  23:00:00,9267267.946141167 
 04/21  24:00:00,20911025.53109833 
 04/22  01:00:00,29475324.872516956 
 04/22  02:00:00,31406254.82767343 
 04/22  03:00:00,32116363.52238455 
 04/22  04:00:00,33821813.32671511 
 04/22  05:00:00,37685864.34417215 
 04/22  06:00:00,39350686.37647012 
 04/22  07:00:00,40415205.234092645 
 04/22  08:00:00,57826408.879915684 
 04/22  09:00:00,55401242.669959165 
 04/22  10:00:00,55912403.57414783 
 04/22  11:00:00,44431011.071195126 
 04/22  12:00:00,31807162.14264001 
 04/22  13:00:00,15388898.267376073 
 04/22  14:00:00,15522765.50302991 
 04/22  15:00:00,4759750.67158055 
 04/22  16:00:00,1007354.2346452713 
 04/22  17:00:00,82788.19321410266 
 04/22  18:00:00,14411834.536039783 
 04/22  19:00:00,19134280.25412754 
 04/22  20:00:00,14742644.374872323 
 04/22  21:00:00,18546213.69614034 
 04/22  22:00:00,23125360.38565475 
 04/22  23:00:00,30189992.781290494 
 04/22  24:00:00,40577596.11803166 
 04/23  01:00:00,48913214.437758826 
 04/23  02:00:00,54635115.54005907 
 04/23  03:00:00,60074160.009779915 
 04/23  04:00:00,65708248.881524295 
 04/23  05:00:00,67825541.76882525 
 04/23  06:00:00,69270365.70452663 
 04/23  07:00:00,69899165.4602824 
 04/23  08:00:00,83253726.39103475 
 04/23  09:00:00,74489273.35829559 
 04/23  10:00:00,62259873.39034768 
 04/23  11:00:00,41041097.28105355 
 04/23  12:00:00,28090760.14538915 
 04/23  13:00:00,13186717.428642757 
 04/23  14:00:00,13653331.283827117 
 04/23  15:00:00,4266447.775131197 
 04/23  16:00:00,788513.9995919424 
 04/23  17:00:00,0.0 
 04/23  18:00:00,2885993.1712627527 
 04/23  19:00:00,2678540.0787249673 
 04/23  20:00:00,0.0 
 04/23  21:00:00,0.0 
 04/23  22:00:00,2239849.8282597517 
 04/23  23:00:00,13027299.436455186 
 04/23  24:00:00,23918858.32008339 
 04/24  01:00:00,31174610.929929037 
 04/24  02:00:00,37114929.82454114 
 04/24  03:00:00,47587558.71749986 
 04/24  04:00:00,62526269.41307614 
 04/24  05:00:00,74898184.20738077 
 04/24  06:00:00,82927937.27910471 
 04/24  07:00:00,87450237.11526725 
 04/24  08:00:00,100538715.44953229 
 04/24  09:00:00,79514985.17780523 
 04/24  10:00:00,56380100.66918013 
 04/24  11:00:00,36754171.60852743 
 04/24  12:00:00,28087497.012345742 
 04/24  13:00:00,8618159.976298444 
 04/24  14:00:00,5759649.961845764 
 04/24  15:00:00,0.0 
 04/24  16:00:00,0.0 
 04/24  17:00:00,0.0 
 04/24  18:00:00,0.0 
 04/24  19:00:00,0.0 
 04/24  20:00:00,0.0 
 04/24  21:00:00,0.0 
 04/24  22:00:00,0.0 
 04/24  23:00:00,0.0 
 04/24  24:00:00,0.0 
 04/25  01:00:00,3898745.396925055 
 04/25  02:00:00,15669273.411332024 
 04/25  03:00:00,29492792.664983727 
 04/25  04:00:00,39432111.258057736 
 04/25  05:00:00,49015290.94605005 
 04/25  06:00:00,57290970.17484665 
 04/25  07:00:00,62861224.29831536 
 04/25  08:00:00,77676062.7686484 
 04/25  09:00:00,57500196.30982314 
 04/25  10:00:00,32958950.653185327 
 04/25  11:00:00,9815158.245192505 
 04/25  12:00:00,2116972.927261144 
 04/25  13:00:00,0.0 
 04/25  14:00:00,0.0 
 04/25  15:00:00,0.0 
 04/25  16:00:00,0.0 
 04/25  17:00:00,0.0 
 04/25  18:00:00,0.0 
 04/25  19:00:00,0.0 
 04/25  20:00:00,0.0 
 04/25  21:00:00,0.0 
 04/25  22:00:00,0.0 
 04/25  23:00:00,0.0 
 04/25  24:00:00,0.0 
 04/26  01:00:00,0.0 
 04/26  02:00:00,0.0 
 04/26  03:00:00,12457895.25878902 
 04/26  04:00:00,28442488.94946547 
 04/26  05:00:00,37235240.39866494 
 04/26  06:00:00,40485837.89014918 
 04/26  07:00:00,43001117.573025316 
 04/26  08:00:00,57880811.21430717 
 04/26  09:00:00,50230490.665713035 
 04/26  10:00:00,31974634.01214083 
 04/26  11:00:00,3449168.127043429 
 04/26  12:00:00,0.0 
 04/26  13:00:00,0.0 
 04/26  14:00:00,0.0 
 04/26  15:00:00,0.0 
 04/26  16:00:00,0.0 
 04/26  17:00:00,0.0 
 04/26  18:00:00,0.0 
 04/26  19:00:00,0.0 
 04/26  20:00:00,0.0 
 04/26  21:00:00,0.0 
 04/26  22:00:00,0.0 
 04/26  23:00:00,0.0 
 04/26  24:00:00,0.0 
 04/27  01:00:00,0.0 
 04/27  02:00:00,0.0 
 04/27  03:00:00,867680.99467383 
 04/27  04:00:00,14880378.811838562 
 04/27  05:00:00,29366739.29316067 
 04/27  06:00:00,38918356.989570096 
 04/27  07:00:00,42377761.7997556 
 04/27  08:00:00,56529957.64770663 
 04/27  09:00:00,45708425.375136964 
 04/27  10:00:00,23828933.011377055 
 04/27  11:00:00,0.0 
 04/27  12:00:00,0.0 
 04/27  13:00:00,0.0 
 04/27  14:00:00,0.0 
 04/27  15:00:00,0.0 
 04/27  16:00:00,0.0 
 04/27  17:00:00,0.0 
 04/27  18:00:00,0.0 
 04/27  19:00:00,0.0 
 04/27  20:00:00,0.0 
 04/27  21:00:00,0.0 
 04/27  22:00:00,0.0 
 04/27  23:00:00,0.0 
 04/27  24:00:00,0.0 
 04/28  01:00:00,0.0 
 04/28  02:00:00,0.0 
 04/28  03:00:00,0.0 
 04/28  04:00:00,0.0 
 04/28  05:00:00,0.0 
 04/28  06:00:00,1018778.0127375852 
 04/28  07:00:00,9495043.729962757 
 04/28  08:00:00,27963523.425069526 
 04/28  09:00:00,21774462.269591313 
 04/28  10:00:00,7935626.18866861 
 04/28  11:00:00,0.0 
 04/28  12:00:00,0.0 
 04/28  13:00:00,0.0 
 04/28  14:00:00,0.0 
 04/28  15:00:00,0.0 
 04/28  16:00:00,0.0 
 04/28  17:00:00,0.0 
 04/28  18:00:00,0.0 
 04/28  19:00:00,0.0 
 04/28  20:00:00,0.0 
 04/28  21:00:00,0.0 
 04/28  22:00:00,0.0 
 04/28  23:00:00,0.0 
 04/28  24:00:00,0.0 
 04/29  01:00:00,0.0 
 04/29  02:00:00,0.0 
 04/29  03:00:00,0.0 
 04/29  04:00:00,0.0 
 04/29  05:00:00,0.0 
 04/29  06:00:00,0.0 
 04/29  07:00:00,0.0 
 04/29  08:00:00,16697715.833385613 
 04/29  09:00:00,13007543.68037641 
 04/29  10:00:00,5803438.704378334 
 04/29  11:00:00,0.0 
 04/29  12:00:00,0.0 
 04/29  13:00:00,0.0 
 04/29  14:00:00,0.0 
 04/29  15:00:00,0.0 
 04/29  16:00:00,0.0 
 04/29  17:00:00,0.0 
 04/29  18:00:00,0.0 
 04/29  19:00:00,0.0 
 04/29  20:00:00,0.0 
 04/29  21:00:00,0.0 
 04/29  22:00:00,0.0 
 04/29  23:00:00,0.0 
 04/29  24:00:00,0.0 
 04/30  01:00:00,0.0 
 04/30  02:00:00,0.0 
 04/30  03:00:00,1306488.7105857488 
 04/30  04:00:00,14463130.205549207 
 04/30  05:00:00,26073774.69346781 
 04/30  06:00:00,32986530.94698263 
 04/30  07:00:00,36480911.43682281 
 04/30  08:00:00,48586548.27129238 
 04/30  09:00:00,40446761.20921239 
 04/30  10:00:00,24319161.63662909 
 04/30  11:00:00,80501.46894324571 
 04/30  12:00:00,0.0 
 04/30  13:00:00,0.0 
 04/30  14:00:00,0.0 
 04/30  15:00:00,0.0 
 04/30  16:00:00,0.0 
 04/30  17:00:00,0.0 
 04/30  18:00:00,0.0 
 04/30  19:00:00,0.0 
 04/30  20:00:00,0.0 
 04/30  21:00:00,0.0 
 04/30  22:00:00,0.0 
 04/30  23:00:00,0.0 
 04/30  24:00:00,0.0 
 05/01  01:00:00,0.0 
 05/01  02:00:00,0.0 
 05/01  03:00:00,1772877.9850864438 
 05/01  04:00:00,11440551.23253793 
 05/01  05:00:00,18863535.756959464 
 05/01  06:00:00,23307769.236235812 
 05/01  07:00:00,26461613.703412265 
 05/01  08:00:00,43730028.71367275 
 05/01  09:00:00,30637314.459026273 
 05/01  10:00:00,20016915.183028825 
 05/01  11:00:00,7856174.422629574 
 05/01  12:00:00,3984983.912294288 
 05/01  13:00:00,0.0 
 05/01  14:00:00,0.0 
 05/01  15:00:00,0.0 
 05/01  16:00:00,0.0 
 05/01  17:00:00,0.0 
 05/01  18:00:00,0.0 
 05/01  19:00:00,0.0 
 05/01  20:00:00,0.0 
 05/01  21:00:00,0.0 
 05/01  22:00:00,2651820.44886339 
 05/01  23:00:00,14674048.02179772 
 05/01  24:00:00,26336891.490312148 
 05/02  01:00:00,35622188.30260383 
 05/02  02:00:00,39912330.40427651 
 05/02  03:00:00,45057905.78732025 
 05/02  04:00:00,54575303.1509091 
 05/02  05:00:00,63381681.58589777 
 05/02  06:00:00,69358810.21570325 
 05/02  07:00:00,75700099.35427961 
 05/02  08:00:00,90381865.96741536 
 05/02  09:00:00,70261521.0124218 
 05/02  10:00:00,49085341.413055934 
 05/02  11:00:00,27925185.3902687 
 05/02  12:00:00,18647622.80193048 
 05/02  13:00:00,1748136.3980403752 
 05/02  14:00:00,287391.2873230409 
 05/02  15:00:00,0.0 
 05/02  16:00:00,0.0 
 05/02  17:00:00,0.0 
 05/02  18:00:00,0.0 
 05/02  19:00:00,0.0 
 05/02  20:00:00,0.0 
 05/02  21:00:00,0.0 
 05/02  22:00:00,0.0 
 05/02  23:00:00,4509623.556327866 
 05/02  24:00:00,19023863.763767693 
 05/03  01:00:00,26393615.05366259 
 05/03  02:00:00,32015509.88198226 
 05/03  03:00:00,40315822.46850967 
 05/03  04:00:00,52445486.825321674 
 05/03  05:00:00,65295791.88794981 
 05/03  06:00:00,75420479.80178298 
 05/03  07:00:00,85310102.29786651 
 05/03  08:00:00,105931031.06577462 
 05/03  09:00:00,103552127.9470962 
 05/03  10:00:00,99563573.15770583 
 05/03  11:00:00,81366927.62324458 
 05/03  12:00:00,69758484.19717377 
 05/03  13:00:00,56127902.6383047 
 05/03  14:00:00,57864312.04449887 
 05/03  15:00:00,50902682.300646864 
 05/03  16:00:00,49753983.65877572 
 05/03  17:00:00,48722706.704950616 
 05/03  18:00:00,65007221.56421518 
 05/03  19:00:00,71338463.22109136 
 05/03  20:00:00,67714026.92611502 
 05/03  21:00:00,73889862.22862823 
 05/03  22:00:00,82650195.17612353 
 05/03  23:00:00,93715398.08667241 
 05/03  24:00:00,106786781.18833858 
 05/04  01:00:00,117380029.3870897 
 05/04  02:00:00,124379274.15559651 
 05/04  03:00:00,130230115.77345923 
 05/04  04:00:00,134462847.0687631 
 05/04  05:00:00,134367227.2556035 
 05/04  06:00:00,132233260.46110079 
 05/04  07:00:00,131416376.96097401 
 05/04  08:00:00,143361284.10372826 
 05/04  09:00:00,135143019.4536008 
 05/04  10:00:00,128166490.96880056 
 05/04  11:00:00,110162158.05225277 
 05/04  12:00:00,102016563.72735909 
 05/04  13:00:00,90054479.99401632 
 05/04  14:00:00,92533465.07370259 
 05/04  15:00:00,85468724.13442539 
 05/04  16:00:00,81668570.50604759 
 05/04  17:00:00,79721912.33391805 
 05/04  18:00:00,93451175.54401903 
 05/04  19:00:00,94974260.24709544 
 05/04  20:00:00,89698335.99613698 
 05/04  21:00:00,95350752.82649747 
 05/04  22:00:00,101648200.17847681 
 05/04  23:00:00,109779481.33826628 
 05/04  24:00:00,119224474.13502282 
 05/05  01:00:00,124833689.84273903 
 05/05  02:00:00,127059118.08610572 
 05/05  03:00:00,129263391.18370053 
 05/05  04:00:00,132762939.0077888 
 05/05  05:00:00,131787585.02838115 
 05/05  06:00:00,128038891.80506893 
 05/05  07:00:00,126907220.91694324 
 05/05  08:00:00,140757514.63639215 
 05/05  09:00:00,134780195.51435372 
 05/05  10:00:00,125847352.52100925 
 05/05  11:00:00,104696873.20016742 
 05/05  12:00:00,88675826.74993443 
 05/05  13:00:00,71758886.0027796 
 05/05  14:00:00,71443060.53724451 
 05/05  15:00:00,60979275.75119745 
 05/05  16:00:00,57652661.45170376 
 05/05  17:00:00,53028118.88940402 
 05/05  18:00:00,64237989.32230762 
 05/05  19:00:00,65493759.586771935 
 05/05  20:00:00,59690413.82573865 
 05/05  21:00:00,64990611.12571193 
 05/05  22:00:00,74509607.7746296 
 05/05  23:00:00,89547302.66807614 
 05/05  24:00:00,104693208.39824975 
 05/06  01:00:00,115434799.26962936 
 05/06  02:00:00,127250933.58496368 
 05/06  03:00:00,139837349.8648499 
 05/06  04:00:00,146003269.69021067 
 05/06  05:00:00,150292975.82169247 
 05/06  06:00:00,159266049.07024667 
 05/06  07:00:00,167057023.6741972 
 05/06  08:00:00,178384539.575604 
 05/06  09:00:00,164701827.25013685 
 05/06  10:00:00,139394540.6264068 
 05/06  11:00:00,105359601.09351794 
 05/06  12:00:00,85310961.88960285 
 05/06  13:00:00,64656623.75153666 
 05/06  14:00:00,61777074.003866114 
 05/06  15:00:00,48166580.74474184 
 05/06  16:00:00,36998130.544180706 
 05/06  17:00:00,24445087.20243591 
 05/06  18:00:00,30728944.42666036 
 05/06  19:00:00,26620391.946509775 
 05/06  20:00:00,16013122.759844538 
 05/06  21:00:00,19034101.72150412 
 05/06  22:00:00,23980110.106841978 
 05/06  23:00:00,46641016.409646414 
 05/06  24:00:00,70439793.30200018 
 05/07  01:00:00,77232545.80081338 
 05/07  02:00:00,78930946.10429889 
 05/07  03:00:00,83502750.63964564 
 05/07  04:00:00,97323628.45515916 
 05/07  05:00:00,107263232.41198519 
 05/07  06:00:00,110227986.60581724 
 05/07  07:00:00,113968103.57439567 
 05/07  08:00:00,124816214.15422666 
 05/07  09:00:00,117220703.16468972 
 05/07  10:00:00,106303961.52148384 
 05/07  11:00:00,78959446.71543269 
 05/07  12:00:00,60414570.84128852 
 05/07  13:00:00,40691427.198035836 
 05/07  14:00:00,38891647.471222326 
 05/07  15:00:00,28139720.290494133 
 05/07  16:00:00,27096831.371176418 
 05/07  17:00:00,28656579.135342367 
 05/07  18:00:00,44137628.83513881 
 05/07  19:00:00,47206945.20895779 
 05/07  20:00:00,42047235.85871082 
 05/07  21:00:00,47213234.02519967 
 05/07  22:00:00,50721776.30095801 
 05/07  23:00:00,61314512.92344503 
 05/07  24:00:00,72577906.01172158 
 05/08  01:00:00,82393790.35781899 
 05/08  02:00:00,90593527.82276562 
 05/08  03:00:00,95359555.86043523 
 05/08  04:00:00,103685681.1317547 
 05/08  05:00:00,106840277.98772122 
 05/08  06:00:00,106537109.53867221 
 05/08  07:00:00,104226574.31527954 
 05/08  08:00:00,114230894.1709893 
 05/08  09:00:00,96706334.54540797 
 05/08  10:00:00,83068852.6497021 
 05/08  11:00:00,68848350.71049666 
 05/08  12:00:00,65864893.137624554 
 05/08  13:00:00,52438086.42533455 
 05/08  14:00:00,48387404.61517163 
 05/08  15:00:00,35401096.28122064 
 05/08  16:00:00,31823187.944311198 
 05/08  17:00:00,30784933.91154008 
 05/08  18:00:00,32191973.890356313 
 05/08  19:00:00,45749000.339498706 
 05/08  20:00:00,34941197.79480208 
 05/08  21:00:00,34604046.10556063 
 05/08  22:00:00,38538799.57549138 
 05/08  23:00:00,45300258.017010584 
 05/08  24:00:00,54532178.529662654 
 05/09  01:00:00,61063977.708682574 
 05/09  02:00:00,62146581.436194666 
 05/09  03:00:00,64150848.10696165 
 05/09  04:00:00,64165320.866981804 
 05/09  05:00:00,61969679.7480718 
 05/09  06:00:00,61509926.85406837 
 05/09  07:00:00,61733526.79271956 
 05/09  08:00:00,76207420.56329826 
 05/09  09:00:00,64789512.894570716 
 05/09  10:00:00,60397228.58620992 
 05/09  11:00:00,54132019.98681041 
 05/09  12:00:00,53138141.53285959 
 05/09  13:00:00,42373957.51372458 
 05/09  14:00:00,43080492.9637572 
 05/09  15:00:00,41984735.13265847 
 05/09  16:00:00,31480255.947299656 
 05/09  17:00:00,29624330.401650064 
 05/09  18:00:00,31057731.20318398 
 05/09  19:00:00,28880354.533075806 
 05/09  20:00:00,26825209.430397518 
 05/09  21:00:00,32414385.1889231 
 05/09  22:00:00,41926185.5549315 
 05/09  23:00:00,53804327.493229225 
 05/09  24:00:00,61978419.9822066 
 05/10  01:00:00,65817751.642118596 
 05/10  02:00:00,67152192.15327469 
 05/10  03:00:00,71222279.33378953 
 05/10  04:00:00,76809420.35232937 
 05/10  05:00:00,76719456.12835991 
 05/10  06:00:00,74666346.18678577 
 05/10  07:00:00,74362465.38415581 
 05/10  08:00:00,90719163.0365434 
 05/10  09:00:00,88479303.01891534 
 05/10  10:00:00,81864378.83356784 
 05/10  11:00:00,61925478.66279457 
 05/10  12:00:00,53891625.995274 
 05/10  13:00:00,44556529.488395296 
 05/10  14:00:00,46703459.93510374 
 05/10  15:00:00,37781420.82689294 
 05/10  16:00:00,33690279.075217545 
 05/10  17:00:00,27285552.84052121 
 05/10  18:00:00,38497810.04479509 
 05/10  19:00:00,36486940.469258465 
 05/10  20:00:00,25748701.852865513 
 05/10  21:00:00,29908586.83903178 
 05/10  22:00:00,38140898.728541054 
 05/10  23:00:00,54107085.537900485 
 05/10  24:00:00,70946974.25589737 
 05/11  01:00:00,80641179.02212524 
 05/11  02:00:00,87905471.37443599 
 05/11  03:00:00,96293653.60970482 
 05/11  04:00:00,105132993.5943415 
 05/11  05:00:00,107995620.71754226 
 05/11  06:00:00,108454666.45022397 
 05/11  07:00:00,110147995.46134041 
 05/11  08:00:00,124250182.10510707 
 05/11  09:00:00,113378832.77311882 
 05/11  10:00:00,95714159.07915127 
 05/11  11:00:00,70324464.11176193 
 05/11  12:00:00,57783005.450856335 
 05/11  13:00:00,42813299.13901765 
 05/11  14:00:00,44411642.46736193 
 05/11  15:00:00,36554490.18351254 
 05/11  16:00:00,31775048.587933723 
 05/11  17:00:00,29009975.29808498 
 05/11  18:00:00,45072647.9217139 
 05/11  19:00:00,48430214.9410225 
 05/11  20:00:00,38352057.53280795 
 05/11  21:00:00,39659928.8320072 
 05/11  22:00:00,50898164.51828398 
 05/11  23:00:00,66554151.753965035 
 05/11  24:00:00,77820838.02062434 
 05/12  01:00:00,80555878.89316127 
 05/12  02:00:00,80757129.47830766 
 05/12  03:00:00,83419152.17845768 
 05/12  04:00:00,87351956.63321257 
 05/12  05:00:00,89404925.41661878 
 05/12  06:00:00,89883548.33549936 
 05/12  07:00:00,92293260.87720272 
 05/12  08:00:00,107107147.27242514 
 05/12  09:00:00,100036345.23299116 
 05/12  10:00:00,93883474.46037702 
 05/12  11:00:00,77845392.2826199 
 05/12  12:00:00,72283418.43281499 
 05/12  13:00:00,59615078.67817912 
 05/12  14:00:00,57842763.15113573 
 05/12  15:00:00,47504691.63157165 
 05/12  16:00:00,49974202.322014004 
 05/12  17:00:00,51101176.04659632 
 05/12  18:00:00,57104761.7943112 
 05/12  19:00:00,54463520.960542575 
 05/12  20:00:00,50494302.162540644 
 05/12  21:00:00,57022122.727455765 
 05/12  22:00:00,61826397.154206514 
 05/12  23:00:00,71764479.1033428 
 05/12  24:00:00,83048370.15815434 
 05/13  01:00:00,91168823.14806996 
 05/13  02:00:00,93812887.89230326 
 05/13  03:00:00,97577861.62683646 
 05/13  04:00:00,105365189.17816755 
 05/13  05:00:00,106534876.29903153 
 05/13  06:00:00,109982435.6239585 
 05/13  07:00:00,115752889.67209542 
 05/13  08:00:00,125990381.18181925 
 05/13  09:00:00,114938634.4308531 
 05/13  10:00:00,106205392.92569032 
 05/13  11:00:00,86537852.82760698 
 05/13  12:00:00,78586672.42151275 
 05/13  13:00:00,68218509.12750898 
 05/13  14:00:00,73034204.303114 
 05/13  15:00:00,67319712.37066045 
 05/13  16:00:00,64047137.249059975 
 05/13  17:00:00,61951768.524156936 
 05/13  18:00:00,84412135.92298068 
 05/13  19:00:00,91216410.07031828 
 05/13  20:00:00,80899272.86375393 
 05/13  21:00:00,81791090.84885055 
 05/13  22:00:00,89930456.70264982 
 05/13  23:00:00,101963432.10094617 
 05/13  24:00:00,106407498.72362298 
 05/14  01:00:00,107839690.8667614 
 05/14  02:00:00,111315235.43018395 
 05/14  03:00:00,117128566.01202585 
 05/14  04:00:00,125220404.61955257 
 05/14  05:00:00,130338456.82598993 
 05/14  06:00:00,130024806.28757532 
 05/14  07:00:00,131757096.20917562 
 05/14  08:00:00,146785862.19848177 
 05/14  09:00:00,140520857.64633003 
 05/14  10:00:00,132224553.67856413 
 05/14  11:00:00,111856327.37539299 
 05/14  12:00:00,98767421.14958672 
 05/14  13:00:00,81540214.89374176 
 05/14  14:00:00,79446702.802699 
 05/14  15:00:00,65401802.27408287 
 05/14  16:00:00,56891435.02636655 
 05/14  17:00:00,51537392.13605271 
 05/14  18:00:00,66632311.820446536 
 05/14  19:00:00,70586117.69587529 
 05/14  20:00:00,63198535.8467511 
 05/14  21:00:00,65490639.5659583 
 05/14  22:00:00,69193465.34663863 
 05/14  23:00:00,74336916.80873403 
 05/14  24:00:00,82633649.89379203 
 05/15  01:00:00,88119494.74015833 
 05/15  02:00:00,88404220.9437853 
 05/15  03:00:00,91523413.85550699 
 05/15  04:00:00,98103073.36691873 
 05/15  05:00:00,104111128.37855282 
 05/15  06:00:00,110352482.97298725 
 05/15  07:00:00,115290719.21901277 
 05/15  08:00:00,127185774.46009621 
 05/15  09:00:00,107450527.09049347 
 05/15  10:00:00,92369912.09958488 
 05/15  11:00:00,77468593.5828545 
 05/15  12:00:00,71210526.60014635 
 05/15  13:00:00,55298124.410199896 
 05/15  14:00:00,53463206.00747341 
 05/15  15:00:00,41822396.54671349 
 05/15  16:00:00,36585498.593915164 
 05/15  17:00:00,31317849.802613594 
 05/15  18:00:00,30049087.57399792 
 05/15  19:00:00,41585557.78144339 
 05/15  20:00:00,31062963.489323724 
 05/15  21:00:00,35830996.38667665 
 05/15  22:00:00,49690963.379532404 
 05/15  23:00:00,70657757.45777099 
 05/15  24:00:00,86837953.05445 
 05/16  01:00:00,93461238.10315683 
 05/16  02:00:00,97751514.51109298 
 05/16  03:00:00,106839795.69777259 
 05/16  04:00:00,119947910.09077194 
 05/16  05:00:00,129888779.53396903 
 05/16  06:00:00,136799693.98310244 
 05/16  07:00:00,142651597.3729337 
 05/16  08:00:00,150807751.26590016 
 05/16  09:00:00,124540313.40776044 
 05/16  10:00:00,101033462.38615248 
 05/16  11:00:00,79532263.7835087 
 05/16  12:00:00,69799924.99380174 
 05/16  13:00:00,51044715.798658445 
 05/16  14:00:00,46954682.8356082 
 05/16  15:00:00,41579079.479873165 
 05/16  16:00:00,22647129.561276246 
 05/16  17:00:00,12713597.629332345 
 05/16  18:00:00,6489651.917790715 
 05/16  19:00:00,1882850.8176682633 
 05/16  20:00:00,0.0 
 05/16  21:00:00,5096246.55735672 
 05/16  22:00:00,20607458.001606762 
 05/16  23:00:00,36770692.88324247 
 05/16  24:00:00,52614160.11890923 
 05/17  01:00:00,67804957.66443464 
 05/17  02:00:00,77648204.39133891 
 05/17  03:00:00,88090356.34709312 
 05/17  04:00:00,99709904.10680036 
 05/17  05:00:00,108579002.95014547 
 05/17  06:00:00,114994022.76413721 
 05/17  07:00:00,120507234.68270774 
 05/17  08:00:00,130141067.83059648 
 05/17  09:00:00,114806711.24649133 
 05/17  10:00:00,90891447.56240007 
 05/17  11:00:00,55687804.37343547 
 05/17  12:00:00,32255726.810420692 
 05/17  13:00:00,9183070.406771686 
 05/17  14:00:00,5446741.306134455 
 05/17  15:00:00,0.0 
 05/17  16:00:00,0.0 
 05/17  17:00:00,0.0 
 05/17  18:00:00,0.0 
 05/17  19:00:00,0.0 
 05/17  20:00:00,0.0 
 05/17  21:00:00,0.0 
 05/17  22:00:00,0.0 
 05/17  23:00:00,0.0 
 05/17  24:00:00,4939774.183177098 
 05/18  01:00:00,19996930.276108034 
 05/18  02:00:00,30801318.807621673 
 05/18  03:00:00,43614956.721947834 
 05/18  04:00:00,60408156.557335764 
 05/18  05:00:00,71984180.9367697 
 05/18  06:00:00,78775357.46774001 
 05/18  07:00:00,85696774.87276083 
 05/18  08:00:00,98742718.36796807 
 05/18  09:00:00,86945540.71889411 
 05/18  10:00:00,59148377.18139532 
 05/18  11:00:00,22600460.077368118 
 05/18  12:00:00,4178942.262744159 
 05/18  13:00:00,0.0 
 05/18  14:00:00,0.0 
 05/18  15:00:00,0.0 
 05/18  16:00:00,0.0 
 05/18  17:00:00,0.0 
 05/18  18:00:00,0.0 
 05/18  19:00:00,0.0 
 05/18  20:00:00,0.0 
 05/18  21:00:00,0.0 
 05/18  22:00:00,0.0 
 05/18  23:00:00,0.0 
 05/18  24:00:00,0.0 
 05/19  01:00:00,0.0 
 05/19  02:00:00,0.0 
 05/19  03:00:00,4585188.779640932 
 05/19  04:00:00,22565377.888194133 
 05/19  05:00:00,36323291.20557636 
 05/19  06:00:00,43154413.316563286 
 05/19  07:00:00,51037922.82506515 
 05/19  08:00:00,66151459.8880697 
 05/19  09:00:00,54047914.13269794 
 05/19  10:00:00,29610974.096469462 
 05/19  11:00:00,138365.0581381051 
 05/19  12:00:00,0.0 
 05/19  13:00:00,0.0 
 05/19  14:00:00,0.0 
 05/19  15:00:00,0.0 
 05/19  16:00:00,0.0 
 05/19  17:00:00,0.0 
 05/19  18:00:00,0.0 
 05/19  19:00:00,0.0 
 05/19  20:00:00,0.0 
 05/19  21:00:00,0.0 
 05/19  22:00:00,0.0 
 05/19  23:00:00,0.0 
 05/19  24:00:00,0.0 
 05/20  01:00:00,0.0 
 05/20  02:00:00,0.0 
 05/20  03:00:00,0.0 
 05/20  04:00:00,7516373.13970963 
 05/20  05:00:00,23218745.033322077 
 05/20  06:00:00,32732382.03334634 
 05/20  07:00:00,39780120.37132866 
 05/20  08:00:00,55664601.01486941 
 05/20  09:00:00,50896801.00735466 
 05/20  10:00:00,38311885.154568195 
 05/20  11:00:00,13493825.170081899 
 05/20  12:00:00,1615751.4791789465 
 05/20  13:00:00,0.0 
 05/20  14:00:00,0.0 
 05/20  15:00:00,0.0 
 05/20  16:00:00,0.0 
 05/20  17:00:00,0.0 
 05/20  18:00:00,0.0 
 05/20  19:00:00,0.0 
 05/20  20:00:00,0.0 
 05/20  21:00:00,0.0 
 05/20  22:00:00,0.0 
 05/20  23:00:00,0.0 
 05/20  24:00:00,0.0 
 05/21  01:00:00,0.0 
 05/21  02:00:00,0.0 
 05/21  03:00:00,0.0 
 05/21  04:00:00,7777885.426691396 
 05/21  05:00:00,16805433.901756782 
 05/21  06:00:00,20970375.688736547 
 05/21  07:00:00,28127877.46614501 
 05/21  08:00:00,42800938.87885596 
 05/21  09:00:00,34800497.76418554 
 05/21  10:00:00,15552205.00495703 
 05/21  11:00:00,0.0 
 05/21  12:00:00,0.0 
 05/21  13:00:00,0.0 
 05/21  14:00:00,0.0 
 05/21  15:00:00,0.0 
 05/21  16:00:00,0.0 
 05/21  17:00:00,0.0 
 05/21  18:00:00,0.0 
 05/21  19:00:00,0.0 
 05/21  20:00:00,0.0 
 05/21  21:00:00,0.0 
 05/21  22:00:00,0.0 
 05/21  23:00:00,0.0 
 05/21  24:00:00,0.0 
 05/22  01:00:00,0.0 
 05/22  02:00:00,0.0 
 05/22  03:00:00,0.0 
 05/22  04:00:00,0.0 
 05/22  05:00:00,1086758.8076275773 
 05/22  06:00:00,11506086.328924913 
 05/22  07:00:00,22938570.939945336 
 05/22  08:00:00,34175424.1103268 
 05/22  09:00:00,9173901.352010855 
 05/22  10:00:00,160066.13379026533 
 05/22  11:00:00,0.0 
 05/22  12:00:00,0.0 
 05/22  13:00:00,0.0 
 05/22  14:00:00,0.0 
 05/22  15:00:00,0.0 
 05/22  16:00:00,0.0 
 05/22  17:00:00,0.0 
 05/22  18:00:00,0.0 
 05/22  19:00:00,0.0 
 05/22  20:00:00,0.0 
 05/22  21:00:00,0.0 
 05/22  22:00:00,0.0 
 05/22  23:00:00,0.0 
 05/22  24:00:00,0.0 
 05/23  01:00:00,0.0 
 05/23  02:00:00,0.0 
 05/23  03:00:00,0.0 
 05/23  04:00:00,0.0 
 05/23  05:00:00,0.0 
 05/23  06:00:00,0.0 
 05/23  07:00:00,0.0 
 05/23  08:00:00,0.0 
 05/23  09:00:00,0.0 
 05/23  10:00:00,0.0 
 05/23  11:00:00,0.0 
 05/23  12:00:00,0.0 
 05/23  13:00:00,0.0 
 05/23  14:00:00,0.0 
 05/23  15:00:00,0.0 
 05/23  16:00:00,0.0 
 05/23  17:00:00,0.0 
 05/23  18:00:00,0.0 
 05/23  19:00:00,0.0 
 05/23  20:00:00,0.0 
 05/23  21:00:00,0.0 
 05/23  22:00:00,0.0 
 05/23  23:00:00,0.0 
 05/23  24:00:00,0.0 
 05/24  01:00:00,0.0 
 05/24  02:00:00,0.0 
 05/24  03:00:00,0.0 
 05/24  04:00:00,0.0 
 05/24  05:00:00,0.0 
 05/24  06:00:00,0.0 
 05/24  07:00:00,0.0 
 05/24  08:00:00,2570478.089244012 
 05/24  09:00:00,797357.6123037608 
 05/24  10:00:00,660980.4532765761 
 05/24  11:00:00,0.0 
 05/24  12:00:00,0.0 
 05/24  13:00:00,0.0 
 05/24  14:00:00,0.0 
 05/24  15:00:00,0.0 
 05/24  16:00:00,0.0 
 05/24  17:00:00,0.0 
 05/24  18:00:00,0.0 
 05/24  19:00:00,0.0 
 05/24  20:00:00,0.0 
 05/24  21:00:00,0.0 
 05/24  22:00:00,0.0 
 05/24  23:00:00,0.0 
 05/24  24:00:00,0.0 
 05/25  01:00:00,0.0 
 05/25  02:00:00,0.0 
 05/25  03:00:00,0.0 
 05/25  04:00:00,0.0 
 05/25  05:00:00,0.0 
 05/25  06:00:00,0.0 
 05/25  07:00:00,0.0 
 05/25  08:00:00,87813.34533974295 
 05/25  09:00:00,0.0 
 05/25  10:00:00,0.0 
 05/25  11:00:00,0.0 
 05/25  12:00:00,0.0 
 05/25  13:00:00,0.0 
 05/25  14:00:00,0.0 
 05/25  15:00:00,0.0 
 05/25  16:00:00,0.0 
 05/25  17:00:00,0.0 
 05/25  18:00:00,0.0 
 05/25  19:00:00,0.0 
 05/25  20:00:00,0.0 
 05/25  21:00:00,0.0 
 05/25  22:00:00,0.0 
 05/25  23:00:00,0.0 
 05/25  24:00:00,0.0 
 05/26  01:00:00,0.0 
 05/26  02:00:00,2769028.7060167994 
 05/26  03:00:00,12527684.455741152 
 05/26  04:00:00,24263888.368899338 
 05/26  05:00:00,30926536.945184417 
 05/26  06:00:00,32932319.104038686 
 05/26  07:00:00,34867627.09868249 
 05/26  08:00:00,47627675.35975442 
 05/26  09:00:00,40771838.56196601 
 05/26  10:00:00,28688199.85211132 
 05/26  11:00:00,4767171.201382577 
 05/26  12:00:00,1508.5471504717136 
 05/26  13:00:00,0.0 
 05/26  14:00:00,0.0 
 05/26  15:00:00,0.0 
 05/26  16:00:00,0.0 
 05/26  17:00:00,0.0 
 05/26  18:00:00,0.0 
 05/26  19:00:00,0.0 
 05/26  20:00:00,0.0 
 05/26  21:00:00,0.0 
 05/26  22:00:00,0.0 
 05/26  23:00:00,0.0 
 05/26  24:00:00,0.0 
 05/27  01:00:00,0.0 
 05/27  02:00:00,1621920.894575247 
 05/27  03:00:00,10953789.403675113 
 05/27  04:00:00,20522225.034729116 
 05/27  05:00:00,28920025.869466253 
 05/27  06:00:00,34132930.146589674 
 05/27  07:00:00,39988435.20378925 
 05/27  08:00:00,51753721.10685983 
 05/27  09:00:00,41099911.606935374 
 05/27  10:00:00,26002961.033428 
 05/27  11:00:00,2320637.122749584 
 05/27  12:00:00,0.0 
 05/27  13:00:00,0.0 
 05/27  14:00:00,0.0 
 05/27  15:00:00,0.0 
 05/27  16:00:00,0.0 
 05/27  17:00:00,0.0 
 05/27  18:00:00,0.0 
 05/27  19:00:00,0.0 
 05/27  20:00:00,0.0 
 05/27  21:00:00,0.0 
 05/27  22:00:00,0.0 
 05/27  23:00:00,0.0 
 05/27  24:00:00,0.0 
 05/28  01:00:00,9280459.54644056 
 05/28  02:00:00,16783907.8704265 
 05/28  03:00:00,24841504.421057254 
 05/28  04:00:00,34540537.30977942 
 05/28  05:00:00,37936471.61968992 
 05/28  06:00:00,37038717.34755708 
 05/28  07:00:00,38703723.824819654 
 05/28  08:00:00,51200169.6695081 
 05/28  09:00:00,41659772.91997536 
 05/28  10:00:00,33194014.08233716 
 05/28  11:00:00,15891448.23698946 
 05/28  12:00:00,6085299.674796139 
 05/28  13:00:00,0.0 
 05/28  14:00:00,0.0 
 05/28  15:00:00,0.0 
 05/28  16:00:00,0.0 
 05/28  17:00:00,0.0 
 05/28  18:00:00,0.0 
 05/28  19:00:00,0.0 
 05/28  20:00:00,0.0 
 05/28  21:00:00,0.0 
 05/28  22:00:00,0.0 
 05/28  23:00:00,1215577.2079051472 
 05/28  24:00:00,15365141.573931279 
 05/29  01:00:00,27614166.39517369 
 05/29  02:00:00,35895861.78013697 
 05/29  03:00:00,49106596.51249732 
 05/29  04:00:00,62996690.92329035 
 05/29  05:00:00,70132326.2874951 
 05/29  06:00:00,73733085.4720392 
 05/29  07:00:00,77286185.34677769 
 05/29  08:00:00,86013931.96977513 
 05/29  09:00:00,58782722.36235554 
 05/29  10:00:00,33172590.676754177 
 05/29  11:00:00,10188800.391301876 
 05/29  12:00:00,1977825.8049314143 
 05/29  13:00:00,0.0 
 05/29  14:00:00,0.0 
 05/29  15:00:00,0.0 
 05/29  16:00:00,0.0 
 05/29  17:00:00,0.0 
 05/29  18:00:00,0.0 
 05/29  19:00:00,0.0 
 05/29  20:00:00,0.0 
 05/29  21:00:00,0.0 
 05/29  22:00:00,0.0 
 05/29  23:00:00,0.0 
 05/29  24:00:00,0.0 
 05/30  01:00:00,0.0 
 05/30  02:00:00,0.0 
 05/30  03:00:00,4579947.159510722 
 05/30  04:00:00,17580119.177656237 
 05/30  05:00:00,24698373.375428706 
 05/30  06:00:00,29177701.933529913 
 05/30  07:00:00,34856526.53559074 
 05/30  08:00:00,44576726.97750013 
 05/30  09:00:00,17046990.04939537 
 05/30  10:00:00,1108390.212213993 
 05/30  11:00:00,0.0 
 05/30  12:00:00,0.0 
 05/30  13:00:00,0.0 
 05/30  14:00:00,0.0 
 05/30  15:00:00,0.0 
 05/30  16:00:00,0.0 
 05/30  17:00:00,0.0 
 05/30  18:00:00,0.0 
 05/30  19:00:00,0.0 
 05/30  20:00:00,0.0 
 05/30  21:00:00,0.0 
 05/30  22:00:00,0.0 
 05/30  23:00:00,0.0 
 05/30  24:00:00,0.0 
 05/31  01:00:00,0.0 
 05/31  02:00:00,0.0 
 05/31  03:00:00,0.0 
 05/31  04:00:00,0.0 
 05/31  05:00:00,0.0 
 05/31  06:00:00,0.0 
 05/31  07:00:00,0.0 
 05/31  08:00:00,0.0 
 05/31  09:00:00,0.0 
 05/31  10:00:00,0.0 
 05/31  11:00:00,0.0 
 05/31  12:00:00,0.0 
 05/31  13:00:00,0.0 
 05/31  14:00:00,0.0 
 05/31  15:00:00,0.0 
 05/31  16:00:00,0.0 
 05/31  17:00:00,0.0 
 05/31  18:00:00,0.0 
 05/31  19:00:00,0.0 
 05/31  20:00:00,0.0 
 05/31  21:00:00,0.0 
 05/31  22:00:00,0.0 
 05/31  23:00:00,0.0 
 05/31  24:00:00,0.0 
 06/01  01:00:00,0.0 
 06/01  02:00:00,0.0 
 06/01  03:00:00,0.0 
 06/01  04:00:00,0.0 
 06/01  05:00:00,0.0 
 06/01  06:00:00,0.0 
 06/01  07:00:00,0.0 
 06/01  08:00:00,0.0 
 06/01  09:00:00,0.0 
 06/01  10:00:00,0.0 
 06/01  11:00:00,0.0 
 06/01  12:00:00,0.0 
 06/01  13:00:00,0.0 
 06/01  14:00:00,0.0 
 06/01  15:00:00,0.0 
 06/01  16:00:00,0.0 
 06/01  17:00:00,0.0 
 06/01  18:00:00,0.0 
 06/01  19:00:00,0.0 
 06/01  20:00:00,0.0 
 06/01  21:00:00,0.0 
 06/01  22:00:00,0.0 
 06/01  23:00:00,0.0 
 06/01  24:00:00,0.0 
 06/02  01:00:00,0.0 
 06/02  02:00:00,0.0 
 06/02  03:00:00,0.0 
 06/02  04:00:00,0.0 
 06/02  05:00:00,0.0 
 06/02  06:00:00,0.0 
 06/02  07:00:00,0.0 
 06/02  08:00:00,0.0 
 06/02  09:00:00,0.0 
 06/02  10:00:00,0.0 
 06/02  11:00:00,0.0 
 06/02  12:00:00,0.0 
 06/02  13:00:00,0.0 
 06/02  14:00:00,0.0 
 06/02  15:00:00,0.0 
 06/02  16:00:00,0.0 
 06/02  17:00:00,0.0 
 06/02  18:00:00,0.0 
 06/02  19:00:00,0.0 
 06/02  20:00:00,0.0 
 06/02  21:00:00,0.0 
 06/02  22:00:00,0.0 
 06/02  23:00:00,0.0 
 06/02  24:00:00,0.0 
 06/03  01:00:00,0.0 
 06/03  02:00:00,0.0 
 06/03  03:00:00,0.0 
 06/03  04:00:00,0.0 
 06/03  05:00:00,0.0 
 06/03  06:00:00,0.0 
 06/03  07:00:00,0.0 
 06/03  08:00:00,0.0 
 06/03  09:00:00,0.0 
 06/03  10:00:00,0.0 
 06/03  11:00:00,0.0 
 06/03  12:00:00,0.0 
 06/03  13:00:00,0.0 
 06/03  14:00:00,0.0 
 06/03  15:00:00,0.0 
 06/03  16:00:00,0.0 
 06/03  17:00:00,0.0 
 06/03  18:00:00,0.0 
 06/03  19:00:00,0.0 
 06/03  20:00:00,0.0 
 06/03  21:00:00,0.0 
 06/03  22:00:00,0.0 
 06/03  23:00:00,0.0 
 06/03  24:00:00,0.0 
 06/04  01:00:00,0.0 
 06/04  02:00:00,0.0 
 06/04  03:00:00,0.0 
 06/04  04:00:00,0.0 
 06/04  05:00:00,0.0 
 06/04  06:00:00,0.0 
 06/04  07:00:00,0.0 
 06/04  08:00:00,0.0 
 06/04  09:00:00,0.0 
 06/04  10:00:00,0.0 
 06/04  11:00:00,0.0 
 06/04  12:00:00,0.0 
 06/04  13:00:00,0.0 
 06/04  14:00:00,0.0 
 06/04  15:00:00,0.0 
 06/04  16:00:00,0.0 
 06/04  17:00:00,0.0 
 06/04  18:00:00,0.0 
 06/04  19:00:00,0.0 
 06/04  20:00:00,0.0 
 06/04  21:00:00,0.0 
 06/04  22:00:00,0.0 
 06/04  23:00:00,0.0 
 06/04  24:00:00,0.0 
 06/05  01:00:00,0.0 
 06/05  02:00:00,0.0 
 06/05  03:00:00,0.0 
 06/05  04:00:00,0.0 
 06/05  05:00:00,0.0 
 06/05  06:00:00,0.0 
 06/05  07:00:00,0.0 
 06/05  08:00:00,0.0 
 06/05  09:00:00,0.0 
 06/05  10:00:00,0.0 
 06/05  11:00:00,0.0 
 06/05  12:00:00,0.0 
 06/05  13:00:00,0.0 
 06/05  14:00:00,0.0 
 06/05  15:00:00,0.0 
 06/05  16:00:00,0.0 
 06/05  17:00:00,0.0 
 06/05  18:00:00,0.0 
 06/05  19:00:00,0.0 
 06/05  20:00:00,0.0 
 06/05  21:00:00,0.0 
 06/05  22:00:00,0.0 
 06/05  23:00:00,0.0 
 06/05  24:00:00,0.0 
 06/06  01:00:00,0.0 
 06/06  02:00:00,0.0 
 06/06  03:00:00,0.0 
 06/06  04:00:00,0.0 
 06/06  05:00:00,0.0 
 06/06  06:00:00,0.0 
 06/06  07:00:00,0.0 
 06/06  08:00:00,0.0 
 06/06  09:00:00,0.0 
 06/06  10:00:00,0.0 
 06/06  11:00:00,0.0 
 06/06  12:00:00,0.0 
 06/06  13:00:00,0.0 
 06/06  14:00:00,0.0 
 06/06  15:00:00,0.0 
 06/06  16:00:00,0.0 
 06/06  17:00:00,0.0 
 06/06  18:00:00,0.0 
 06/06  19:00:00,0.0 
 06/06  20:00:00,0.0 
 06/06  21:00:00,0.0 
 06/06  22:00:00,0.0 
 06/06  23:00:00,0.0 
 06/06  24:00:00,0.0 
 06/07  01:00:00,0.0 
 06/07  02:00:00,0.0 
 06/07  03:00:00,0.0 
 06/07  04:00:00,0.0 
 06/07  05:00:00,0.0 
 06/07  06:00:00,0.0 
 06/07  07:00:00,0.0 
 06/07  08:00:00,0.0 
 06/07  09:00:00,0.0 
 06/07  10:00:00,0.0 
 06/07  11:00:00,0.0 
 06/07  12:00:00,0.0 
 06/07  13:00:00,0.0 
 06/07  14:00:00,0.0 
 06/07  15:00:00,0.0 
 06/07  16:00:00,0.0 
 06/07  17:00:00,0.0 
 06/07  18:00:00,0.0 
 06/07  19:00:00,0.0 
 06/07  20:00:00,0.0 
 06/07  21:00:00,0.0 
 06/07  22:00:00,0.0 
 06/07  23:00:00,0.0 
 06/07  24:00:00,0.0 
 06/08  01:00:00,0.0 
 06/08  02:00:00,0.0 
 06/08  03:00:00,0.0 
 06/08  04:00:00,0.0 
 06/08  05:00:00,0.0 
 06/08  06:00:00,0.0 
 06/08  07:00:00,0.0 
 06/08  08:00:00,0.0 
 06/08  09:00:00,0.0 
 06/08  10:00:00,0.0 
 06/08  11:00:00,0.0 
 06/08  12:00:00,0.0 
 06/08  13:00:00,0.0 
 06/08  14:00:00,0.0 
 06/08  15:00:00,0.0 
 06/08  16:00:00,0.0 
 06/08  17:00:00,0.0 
 06/08  18:00:00,0.0 
 06/08  19:00:00,0.0 
 06/08  20:00:00,0.0 
 06/08  21:00:00,0.0 
 06/08  22:00:00,0.0 
 06/08  23:00:00,0.0 
 06/08  24:00:00,0.0 
 06/09  01:00:00,0.0 
 06/09  02:00:00,0.0 
 06/09  03:00:00,0.0 
 06/09  04:00:00,0.0 
 06/09  05:00:00,0.0 
 06/09  06:00:00,3899778.204157285 
 06/09  07:00:00,10632728.801099934 
 06/09  08:00:00,28615276.863274097 
 06/09  09:00:00,27574599.484290466 
 06/09  10:00:00,32803087.038040176 
 06/09  11:00:00,26891617.280872248 
 06/09  12:00:00,27444134.316795815 
 06/09  13:00:00,23681041.535473138 
 06/09  14:00:00,28736915.343030337 
 06/09  15:00:00,23441718.054018065 
 06/09  16:00:00,22686659.831009783 
 06/09  17:00:00,20999964.884619147 
 06/09  18:00:00,35676347.89111941 
 06/09  19:00:00,34602602.62952579 
 06/09  20:00:00,20562351.082015328 
 06/09  21:00:00,18976069.190077927 
 06/09  22:00:00,24947684.53966859 
 06/09  23:00:00,35138301.899623185 
 06/09  24:00:00,41967285.481770545 
 06/10  01:00:00,46172541.525861435 
 06/10  02:00:00,51091245.82190348 
 06/10  03:00:00,56107247.40230703 
 06/10  04:00:00,61855573.46815925 
 06/10  05:00:00,64063858.574573025 
 06/10  06:00:00,63007667.700598955 
 06/10  07:00:00,62066585.960074835 
 06/10  08:00:00,74641167.13964424 
 06/10  09:00:00,68415194.81200576 
 06/10  10:00:00,64626929.35303519 
 06/10  11:00:00,49149859.6445797 
 06/10  12:00:00,40589084.354756266 
 06/10  13:00:00,28608855.810375873 
 06/10  14:00:00,29513781.442430597 
 06/10  15:00:00,19558613.601840395 
 06/10  16:00:00,14373340.335550835 
 06/10  17:00:00,5815538.929957012 
 06/10  18:00:00,15820363.442161562 
 06/10  19:00:00,20770754.10975708 
 06/10  20:00:00,14116369.051568374 
 06/10  21:00:00,14491803.703959066 
 06/10  22:00:00,18435599.728002388 
 06/10  23:00:00,26512697.59238474 
 06/10  24:00:00,34424129.99699815 
 06/11  01:00:00,39915224.05227025 
 06/11  02:00:00,44170844.74165778 
 06/11  03:00:00,49327455.629995085 
 06/11  04:00:00,55174952.65787291 
 06/11  05:00:00,57119070.733357504 
 06/11  06:00:00,57970543.049055085 
 06/11  07:00:00,58194517.36552805 
 06/11  08:00:00,71719576.05504484 
 06/11  09:00:00,67816281.76986033 
 06/11  10:00:00,64426939.04200184 
 06/11  11:00:00,46525450.95385123 
 06/11  12:00:00,36135239.70720152 
 06/11  13:00:00,21917269.76593916 
 06/11  14:00:00,20967792.718718622 
 06/11  15:00:00,9834851.231881754 
 06/11  16:00:00,5976995.40465055 
 06/11  17:00:00,3326529.137982067 
 06/11  18:00:00,14575484.096059054 
 06/11  19:00:00,12431850.288955424 
 06/11  20:00:00,1640441.8320595287 
 06/11  21:00:00,3692182.3839582503 
 06/11  22:00:00,8278588.054801059 
 06/11  23:00:00,15787247.983146481 
 06/11  24:00:00,21937929.87718043 
 06/12  01:00:00,23981864.740526013 
 06/12  02:00:00,25249159.081996616 
 06/12  03:00:00,30086368.28616627 
 06/12  04:00:00,37113998.58184622 
 06/12  05:00:00,40839448.02311979 
 06/12  06:00:00,41598904.74800714 
 06/12  07:00:00,43202274.49771984 
 06/12  08:00:00,58374925.50231458 
 06/12  09:00:00,46010721.681614436 
 06/12  10:00:00,43614394.7676249 
 06/12  11:00:00,41027671.86186315 
 06/12  12:00:00,42549681.13396196 
 06/12  13:00:00,29628647.997110315 
 06/12  14:00:00,27981080.363466267 
 06/12  15:00:00,18892593.596527357 
 06/12  16:00:00,14994109.268193996 
 06/12  17:00:00,9561209.80635232 
 06/12  18:00:00,8412262.918271042 
 06/12  19:00:00,18762594.403847635 
 06/12  20:00:00,8351765.484752353 
 06/12  21:00:00,13470606.41504646 
 06/12  22:00:00,18829609.852321424 
 06/12  23:00:00,26355072.541727923 
 06/12  24:00:00,32707204.534279827 
 06/13  01:00:00,34798942.66199491 
 06/13  02:00:00,36213478.86959642 
 06/13  03:00:00,38932411.442992575 
 06/13  04:00:00,43403587.45554197 
 06/13  05:00:00,44717510.78891484 
 06/13  06:00:00,44671637.830965996 
 06/13  07:00:00,45379557.49591592 
 06/13  08:00:00,57488422.281901866 
 06/13  09:00:00,39770013.16705618 
 06/13  10:00:00,27769551.59864815 
 06/13  11:00:00,14896054.913261777 
 06/13  12:00:00,9621551.537136383 
 06/13  13:00:00,0.0 
 06/13  14:00:00,0.0 
 06/13  15:00:00,0.0 
 06/13  16:00:00,0.0 
 06/13  17:00:00,0.0 
 06/13  18:00:00,0.0 
 06/13  19:00:00,0.0 
 06/13  20:00:00,0.0 
 06/13  21:00:00,0.0 
 06/13  22:00:00,0.0 
 06/13  23:00:00,0.0 
 06/13  24:00:00,0.0 
 06/14  01:00:00,764882.8967960319 
 06/14  02:00:00,6069229.547915643 
 06/14  03:00:00,12648211.17211663 
 06/14  04:00:00,19968137.899584092 
 06/14  05:00:00,25701751.767647512 
 06/14  06:00:00,31700847.204753406 
 06/14  07:00:00,36295146.8727908 
 06/14  08:00:00,47886244.27852485 
 06/14  09:00:00,39705944.710289545 
 06/14  10:00:00,32411495.56746134 
 06/14  11:00:00,10965988.283390788 
 06/14  12:00:00,1015301.306572929 
 06/14  13:00:00,0.0 
 06/14  14:00:00,0.0 
 06/14  15:00:00,0.0 
 06/14  16:00:00,0.0 
 06/14  17:00:00,0.0 
 06/14  18:00:00,0.0 
 06/14  19:00:00,0.0 
 06/14  20:00:00,0.0 
 06/14  21:00:00,0.0 
 06/14  22:00:00,0.0 
 06/14  23:00:00,0.0 
 06/14  24:00:00,902893.5862490558 
 06/15  01:00:00,10754392.743292138 
 06/15  02:00:00,17793978.492399726 
 06/15  03:00:00,27388870.942646764 
 06/15  04:00:00,38692541.09955775 
 06/15  05:00:00,48391527.59809451 
 06/15  06:00:00,57874208.78363553 
 06/15  07:00:00,65912955.0855087 
 06/15  08:00:00,76036229.13229531 
 06/15  09:00:00,63576823.530207574 
 06/15  10:00:00,55372943.63146189 
 06/15  11:00:00,35929820.14617655 
 06/15  12:00:00,24817089.38395148 
 06/15  13:00:00,12097672.214990865 
 06/15  14:00:00,14456383.882387508 
 06/15  15:00:00,6153378.785281407 
 06/15  16:00:00,6305458.009651945 
 06/15  17:00:00,6283109.049883181 
 06/15  18:00:00,17375515.5293491 
 06/15  19:00:00,16524629.999105748 
 06/15  20:00:00,10160952.030351108 
 06/15  21:00:00,15405166.778152425 
 06/15  22:00:00,24259011.221796297 
 06/15  23:00:00,36909263.4048318 
 06/15  24:00:00,47755580.088268064 
 06/16  01:00:00,54986851.799477585 
 06/16  02:00:00,62343190.081551984 
 06/16  03:00:00,72068806.83927642 
 06/16  04:00:00,83073136.71672258 
 06/16  05:00:00,88409028.4969703 
 06/16  06:00:00,90621890.51422016 
 06/16  07:00:00,93515449.17664261 
 06/16  08:00:00,99800175.69703028 
 06/16  09:00:00,83789239.1779557 
 06/16  10:00:00,72836118.791683 
 06/16  11:00:00,51460324.79492597 
 06/16  12:00:00,41597562.94825652 
 06/16  13:00:00,31204667.30469307 
 06/16  14:00:00,36525744.71134132 
 06/16  15:00:00,29523001.661961675 
 06/16  16:00:00,27484886.408020943 
 06/16  17:00:00,24977722.67497588 
 06/16  18:00:00,37329908.19939222 
 06/16  19:00:00,34649648.685921654 
 06/16  20:00:00,22593859.913336165 
 06/16  21:00:00,22863730.965419933 
 06/16  22:00:00,27176157.690964304 
 06/16  23:00:00,40444817.441749275 
 06/16  24:00:00,50894672.1532327 
 06/17  01:00:00,58197372.290434375 
 06/17  02:00:00,64793359.801327676 
 06/17  03:00:00,71181435.75746283 
 06/17  04:00:00,81522559.67702377 
 06/17  05:00:00,82384894.833973 
 06/17  06:00:00,83040785.03339082 
 06/17  07:00:00,88031521.52032854 
 06/17  08:00:00,94908339.02933851 
 06/17  09:00:00,77564398.75264373 
 06/17  10:00:00,59670449.72403926 
 06/17  11:00:00,33866200.46872289 
 06/17  12:00:00,18178963.111901414 
 06/17  13:00:00,681088.8541007065 
 06/17  14:00:00,0.0 
 06/17  15:00:00,0.0 
 06/17  16:00:00,0.0 
 06/17  17:00:00,0.0 
 06/17  18:00:00,0.0 
 06/17  19:00:00,0.0 
 06/17  20:00:00,0.0 
 06/17  21:00:00,0.0 
 06/17  22:00:00,0.0 
 06/17  23:00:00,0.0 
 06/17  24:00:00,0.0 
 06/18  01:00:00,0.0 
 06/18  02:00:00,837492.9122021771 
 06/18  03:00:00,7738483.157468414 
 06/18  04:00:00,16062687.175524885 
 06/18  05:00:00,23464269.846393403 
 06/18  06:00:00,28636231.463124823 
 06/18  07:00:00,33193837.71874047 
 06/18  08:00:00,45077404.364537895 
 06/18  09:00:00,33798126.97102684 
 06/18  10:00:00,21207617.983336337 
 06/18  11:00:00,277324.624902138 
 06/18  12:00:00,0.0 
 06/18  13:00:00,0.0 
 06/18  14:00:00,0.0 
 06/18  15:00:00,0.0 
 06/18  16:00:00,0.0 
 06/18  17:00:00,0.0 
 06/18  18:00:00,0.0 
 06/18  19:00:00,0.0 
 06/18  20:00:00,0.0 
 06/18  21:00:00,0.0 
 06/18  22:00:00,0.0 
 06/18  23:00:00,0.0 
 06/18  24:00:00,0.0 
 06/19  01:00:00,0.0 
 06/19  02:00:00,0.0 
 06/19  03:00:00,3882050.467923435 
 06/19  04:00:00,11648119.585412798 
 06/19  05:00:00,15706715.830696443 
 06/19  06:00:00,19899948.682738572 
 06/19  07:00:00,24159251.152269114 
 06/19  08:00:00,37837429.62215538 
 06/19  09:00:00,20551770.575151432 
 06/19  10:00:00,7386075.499668961 
 06/19  11:00:00,0.0 
 06/19  12:00:00,0.0 
 06/19  13:00:00,0.0 
 06/19  14:00:00,0.0 
 06/19  15:00:00,0.0 
 06/19  16:00:00,0.0 
 06/19  17:00:00,0.0 
 06/19  18:00:00,0.0 
 06/19  19:00:00,0.0 
 06/19  20:00:00,0.0 
 06/19  21:00:00,0.0 
 06/19  22:00:00,0.0 
 06/19  23:00:00,0.0 
 06/19  24:00:00,0.0 
 06/20  01:00:00,0.0 
 06/20  02:00:00,0.0 
 06/20  03:00:00,5747936.166748766 
 06/20  04:00:00,16847060.761423863 
 06/20  05:00:00,22604694.03918637 
 06/20  06:00:00,26815603.757614158 
 06/20  07:00:00,31905418.669938274 
 06/20  08:00:00,42482741.18665089 
 06/20  09:00:00,22040123.02521367 
 06/20  10:00:00,10564198.030488847 
 06/20  11:00:00,585254.9261528067 
 06/20  12:00:00,475868.56027554034 
 06/20  13:00:00,0.0 
 06/20  14:00:00,0.0 
 06/20  15:00:00,0.0 
 06/20  16:00:00,0.0 
 06/20  17:00:00,0.0 
 06/20  18:00:00,0.0 
 06/20  19:00:00,0.0 
 06/20  20:00:00,0.0 
 06/20  21:00:00,0.0 
 06/20  22:00:00,0.0 
 06/20  23:00:00,0.0 
 06/20  24:00:00,3952980.1209750585 
 06/21  01:00:00,17279199.432867106 
 06/21  02:00:00,27810763.304452166 
 06/21  03:00:00,45090037.81805861 
 06/21  04:00:00,64583603.491048306 
 06/21  05:00:00,76657723.21848898 
 06/21  06:00:00,81568959.63194603 
 06/21  07:00:00,84219558.4599387 
 06/21  08:00:00,95274354.49235295 
 06/21  09:00:00,83991275.66743961 
 06/21  10:00:00,67676904.38921152 
 06/21  11:00:00,41125307.18355324 
 06/21  12:00:00,20908039.574329767 
 06/21  13:00:00,339603.02500423277 
 06/21  14:00:00,0.0 
 06/21  15:00:00,0.0 
 06/21  16:00:00,0.0 
 06/21  17:00:00,0.0 
 06/21  18:00:00,0.0 
 06/21  19:00:00,0.0 
 06/21  20:00:00,0.0 
 06/21  21:00:00,0.0 
 06/21  22:00:00,0.0 
 06/21  23:00:00,0.0 
 06/21  24:00:00,0.0 
 06/22  01:00:00,0.0 
 06/22  02:00:00,0.0 
 06/22  03:00:00,1285975.8298905334 
 06/22  04:00:00,13505732.79259595 
 06/22  05:00:00,23164508.2019522 
 06/22  06:00:00,28548388.628431026 
 06/22  07:00:00,34211006.05277739 
 06/22  08:00:00,43911435.69943711 
 06/22  09:00:00,29205381.87710886 
 06/22  10:00:00,11239323.233142717 
 06/22  11:00:00,0.0 
 06/22  12:00:00,0.0 
 06/22  13:00:00,0.0 
 06/22  14:00:00,0.0 
 06/22  15:00:00,0.0 
 06/22  16:00:00,0.0 
 06/22  17:00:00,0.0 
 06/22  18:00:00,0.0 
 06/22  19:00:00,0.0 
 06/22  20:00:00,0.0 
 06/22  21:00:00,0.0 
 06/22  22:00:00,0.0 
 06/22  23:00:00,0.0 
 06/22  24:00:00,0.0 
 06/23  01:00:00,0.0 
 06/23  02:00:00,0.0 
 06/23  03:00:00,0.0 
 06/23  04:00:00,0.0 
 06/23  05:00:00,0.0 
 06/23  06:00:00,0.0 
 06/23  07:00:00,0.0 
 06/23  08:00:00,0.0 
 06/23  09:00:00,0.0 
 06/23  10:00:00,0.0 
 06/23  11:00:00,0.0 
 06/23  12:00:00,0.0 
 06/23  13:00:00,0.0 
 06/23  14:00:00,0.0 
 06/23  15:00:00,0.0 
 06/23  16:00:00,0.0 
 06/23  17:00:00,0.0 
 06/23  18:00:00,0.0 
 06/23  19:00:00,0.0 
 06/23  20:00:00,0.0 
 06/23  21:00:00,0.0 
 06/23  22:00:00,0.0 
 06/23  23:00:00,0.0 
 06/23  24:00:00,0.0 
 06/24  01:00:00,0.0 
 06/24  02:00:00,0.0 
 06/24  03:00:00,0.0 
 06/24  04:00:00,0.0 
 06/24  05:00:00,0.0 
 06/24  06:00:00,0.0 
 06/24  07:00:00,0.0 
 06/24  08:00:00,0.0 
 06/24  09:00:00,0.0 
 06/24  10:00:00,0.0 
 06/24  11:00:00,0.0 
 06/24  12:00:00,0.0 
 06/24  13:00:00,0.0 
 06/24  14:00:00,0.0 
 06/24  15:00:00,0.0 
 06/24  16:00:00,0.0 
 06/24  17:00:00,0.0 
 06/24  18:00:00,0.0 
 06/24  19:00:00,0.0 
 06/24  20:00:00,0.0 
 06/24  21:00:00,0.0 
 06/24  22:00:00,0.0 
 06/24  23:00:00,0.0 
 06/24  24:00:00,0.0 
 06/25  01:00:00,0.0 
 06/25  02:00:00,0.0 
 06/25  03:00:00,0.0 
 06/25  04:00:00,0.0 
 06/25  05:00:00,0.0 
 06/25  06:00:00,0.0 
 06/25  07:00:00,0.0 
 06/25  08:00:00,0.0 
 06/25  09:00:00,0.0 
 06/25  10:00:00,0.0 
 06/25  11:00:00,0.0 
 06/25  12:00:00,0.0 
 06/25  13:00:00,0.0 
 06/25  14:00:00,0.0 
 06/25  15:00:00,0.0 
 06/25  16:00:00,0.0 
 06/25  17:00:00,0.0 
 06/25  18:00:00,0.0 
 06/25  19:00:00,0.0 
 06/25  20:00:00,0.0 
 06/25  21:00:00,0.0 
 06/25  22:00:00,0.0 
 06/25  23:00:00,0.0 
 06/25  24:00:00,0.0 
 06/26  01:00:00,0.0 
 06/26  02:00:00,0.0 
 06/26  03:00:00,0.0 
 06/26  04:00:00,0.0 
 06/26  05:00:00,0.0 
 06/26  06:00:00,0.0 
 06/26  07:00:00,0.0 
 06/26  08:00:00,0.0 
 06/26  09:00:00,0.0 
 06/26  10:00:00,0.0 
 06/26  11:00:00,0.0 
 06/26  12:00:00,0.0 
 06/26  13:00:00,0.0 
 06/26  14:00:00,0.0 
 06/26  15:00:00,0.0 
 06/26  16:00:00,0.0 
 06/26  17:00:00,0.0 
 06/26  18:00:00,0.0 
 06/26  19:00:00,0.0 
 06/26  20:00:00,0.0 
 06/26  21:00:00,0.0 
 06/26  22:00:00,0.0 
 06/26  23:00:00,0.0 
 06/26  24:00:00,0.0 
 06/27  01:00:00,0.0 
 06/27  02:00:00,0.0 
 06/27  03:00:00,0.0 
 06/27  04:00:00,0.0 
 06/27  05:00:00,0.0 
 06/27  06:00:00,0.0 
 06/27  07:00:00,0.0 
 06/27  08:00:00,0.0 
 06/27  09:00:00,0.0 
 06/27  10:00:00,0.0 
 06/27  11:00:00,0.0 
 06/27  12:00:00,0.0 
 06/27  13:00:00,0.0 
 06/27  14:00:00,0.0 
 06/27  15:00:00,0.0 
 06/27  16:00:00,0.0 
 06/27  17:00:00,0.0 
 06/27  18:00:00,0.0 
 06/27  19:00:00,0.0 
 06/27  20:00:00,0.0 
 06/27  21:00:00,0.0 
 06/27  22:00:00,0.0 
 06/27  23:00:00,0.0 
 06/27  24:00:00,0.0 
 06/28  01:00:00,0.0 
 06/28  02:00:00,0.0 
 06/28  03:00:00,0.0 
 06/28  04:00:00,0.0 
 06/28  05:00:00,0.0 
 06/28  06:00:00,0.0 
 06/28  07:00:00,0.0 
 06/28  08:00:00,0.0 
 06/28  09:00:00,0.0 
 06/28  10:00:00,0.0 
 06/28  11:00:00,0.0 
 06/28  12:00:00,0.0 
 06/28  13:00:00,0.0 
 06/28  14:00:00,0.0 
 06/28  15:00:00,0.0 
 06/28  16:00:00,0.0 
 06/28  17:00:00,0.0 
 06/28  18:00:00,0.0 
 06/28  19:00:00,0.0 
 06/28  20:00:00,0.0 
 06/28  21:00:00,0.0 
 06/28  22:00:00,0.0 
 06/28  23:00:00,0.0 
 06/28  24:00:00,0.0 
 06/29  01:00:00,0.0 
 06/29  02:00:00,0.0 
 06/29  03:00:00,0.0 
 06/29  04:00:00,0.0 
 06/29  05:00:00,0.0 
 06/29  06:00:00,0.0 
 06/29  07:00:00,0.0 
 06/29  08:00:00,0.0 
 06/29  09:00:00,0.0 
 06/29  10:00:00,0.0 
 06/29  11:00:00,0.0 
 06/29  12:00:00,0.0 
 06/29  13:00:00,0.0 
 06/29  14:00:00,0.0 
 06/29  15:00:00,0.0 
 06/29  16:00:00,0.0 
 06/29  17:00:00,0.0 
 06/29  18:00:00,0.0 
 06/29  19:00:00,0.0 
 06/29  20:00:00,0.0 
 06/29  21:00:00,0.0 
 06/29  22:00:00,0.0 
 06/29  23:00:00,0.0 
 06/29  24:00:00,0.0 
 06/30  01:00:00,0.0 
 06/30  02:00:00,0.0 
 06/30  03:00:00,0.0 
 06/30  04:00:00,0.0 
 06/30  05:00:00,0.0 
 06/30  06:00:00,0.0 
 06/30  07:00:00,0.0 
 06/30  08:00:00,0.0 
 06/30  09:00:00,0.0 
 06/30  10:00:00,0.0 
 06/30  11:00:00,0.0 
 06/30  12:00:00,0.0 
 06/30  13:00:00,0.0 
 06/30  14:00:00,0.0 
 06/30  15:00:00,0.0 
 06/30  16:00:00,0.0 
 06/30  17:00:00,0.0 
 06/30  18:00:00,0.0 
 06/30  19:00:00,0.0 
 06/30  20:00:00,0.0 
 06/30  21:00:00,0.0 
 06/30  22:00:00,0.0 
 06/30  23:00:00,0.0 
 06/30  24:00:00,0.0 
 07/01  01:00:00,0.0 
 07/01  02:00:00,0.0 
 07/01  03:00:00,0.0 
 07/01  04:00:00,0.0 
 07/01  05:00:00,0.0 
 07/01  06:00:00,0.0 
 07/01  07:00:00,0.0 
 07/01  08:00:00,0.0 
 07/01  09:00:00,0.0 
 07/01  10:00:00,0.0 
 07/01  11:00:00,0.0 
 07/01  12:00:00,0.0 
 07/01  13:00:00,0.0 
 07/01  14:00:00,0.0 
 07/01  15:00:00,0.0 
 07/01  16:00:00,0.0 
 07/01  17:00:00,0.0 
 07/01  18:00:00,0.0 
 07/01  19:00:00,0.0 
 07/01  20:00:00,0.0 
 07/01  21:00:00,0.0 
 07/01  22:00:00,0.0 
 07/01  23:00:00,0.0 
 07/01  24:00:00,0.0 
 07/02  01:00:00,0.0 
 07/02  02:00:00,0.0 
 07/02  03:00:00,0.0 
 07/02  04:00:00,0.0 
 07/02  05:00:00,0.0 
 07/02  06:00:00,0.0 
 07/02  07:00:00,0.0 
 07/02  08:00:00,0.0 
 07/02  09:00:00,0.0 
 07/02  10:00:00,0.0 
 07/02  11:00:00,0.0 
 07/02  12:00:00,0.0 
 07/02  13:00:00,0.0 
 07/02  14:00:00,0.0 
 07/02  15:00:00,0.0 
 07/02  16:00:00,0.0 
 07/02  17:00:00,0.0 
 07/02  18:00:00,0.0 
 07/02  19:00:00,0.0 
 07/02  20:00:00,0.0 
 07/02  21:00:00,0.0 
 07/02  22:00:00,0.0 
 07/02  23:00:00,0.0 
 07/02  24:00:00,0.0 
 07/03  01:00:00,0.0 
 07/03  02:00:00,0.0 
 07/03  03:00:00,0.0 
 07/03  04:00:00,0.0 
 07/03  05:00:00,0.0 
 07/03  06:00:00,0.0 
 07/03  07:00:00,0.0 
 07/03  08:00:00,0.0 
 07/03  09:00:00,0.0 
 07/03  10:00:00,0.0 
 07/03  11:00:00,0.0 
 07/03  12:00:00,0.0 
 07/03  13:00:00,0.0 
 07/03  14:00:00,0.0 
 07/03  15:00:00,0.0 
 07/03  16:00:00,0.0 
 07/03  17:00:00,0.0 
 07/03  18:00:00,0.0 
 07/03  19:00:00,0.0 
 07/03  20:00:00,0.0 
 07/03  21:00:00,0.0 
 07/03  22:00:00,0.0 
 07/03  23:00:00,0.0 
 07/03  24:00:00,0.0 
 07/04  01:00:00,0.0 
 07/04  02:00:00,0.0 
 07/04  03:00:00,0.0 
 07/04  04:00:00,0.0 
 07/04  05:00:00,0.0 
 07/04  06:00:00,0.0 
 07/04  07:00:00,0.0 
 07/04  08:00:00,0.0 
 07/04  09:00:00,0.0 
 07/04  10:00:00,0.0 
 07/04  11:00:00,0.0 
 07/04  12:00:00,0.0 
 07/04  13:00:00,0.0 
 07/04  14:00:00,0.0 
 07/04  15:00:00,0.0 
 07/04  16:00:00,0.0 
 07/04  17:00:00,0.0 
 07/04  18:00:00,0.0 
 07/04  19:00:00,0.0 
 07/04  20:00:00,0.0 
 07/04  21:00:00,0.0 
 07/04  22:00:00,0.0 
 07/04  23:00:00,0.0 
 07/04  24:00:00,0.0 
 07/05  01:00:00,0.0 
 07/05  02:00:00,0.0 
 07/05  03:00:00,0.0 
 07/05  04:00:00,0.0 
 07/05  05:00:00,0.0 
 07/05  06:00:00,0.0 
 07/05  07:00:00,0.0 
 07/05  08:00:00,0.0 
 07/05  09:00:00,0.0 
 07/05  10:00:00,0.0 
 07/05  11:00:00,0.0 
 07/05  12:00:00,0.0 
 07/05  13:00:00,0.0 
 07/05  14:00:00,0.0 
 07/05  15:00:00,0.0 
 07/05  16:00:00,0.0 
 07/05  17:00:00,0.0 
 07/05  18:00:00,0.0 
 07/05  19:00:00,0.0 
 07/05  20:00:00,0.0 
 07/05  21:00:00,0.0 
 07/05  22:00:00,0.0 
 07/05  23:00:00,0.0 
 07/05  24:00:00,0.0 
 07/06  01:00:00,0.0 
 07/06  02:00:00,0.0 
 07/06  03:00:00,0.0 
 07/06  04:00:00,0.0 
 07/06  05:00:00,0.0 
 07/06  06:00:00,0.0 
 07/06  07:00:00,0.0 
 07/06  08:00:00,0.0 
 07/06  09:00:00,0.0 
 07/06  10:00:00,0.0 
 07/06  11:00:00,0.0 
 07/06  12:00:00,0.0 
 07/06  13:00:00,0.0 
 07/06  14:00:00,0.0 
 07/06  15:00:00,0.0 
 07/06  16:00:00,0.0 
 07/06  17:00:00,0.0 
 07/06  18:00:00,0.0 
 07/06  19:00:00,0.0 
 07/06  20:00:00,0.0 
 07/06  21:00:00,0.0 
 07/06  22:00:00,0.0 
 07/06  23:00:00,0.0 
 07/06  24:00:00,0.0 
 07/07  01:00:00,0.0 
 07/07  02:00:00,0.0 
 07/07  03:00:00,0.0 
 07/07  04:00:00,0.0 
 07/07  05:00:00,0.0 
 07/07  06:00:00,0.0 
 07/07  07:00:00,0.0 
 07/07  08:00:00,0.0 
 07/07  09:00:00,0.0 
 07/07  10:00:00,0.0 
 07/07  11:00:00,0.0 
 07/07  12:00:00,0.0 
 07/07  13:00:00,0.0 
 07/07  14:00:00,0.0 
 07/07  15:00:00,0.0 
 07/07  16:00:00,0.0 
 07/07  17:00:00,0.0 
 07/07  18:00:00,0.0 
 07/07  19:00:00,0.0 
 07/07  20:00:00,0.0 
 07/07  21:00:00,0.0 
 07/07  22:00:00,0.0 
 07/07  23:00:00,0.0 
 07/07  24:00:00,0.0 
 07/08  01:00:00,0.0 
 07/08  02:00:00,0.0 
 07/08  03:00:00,0.0 
 07/08  04:00:00,0.0 
 07/08  05:00:00,0.0 
 07/08  06:00:00,0.0 
 07/08  07:00:00,0.0 
 07/08  08:00:00,0.0 
 07/08  09:00:00,0.0 
 07/08  10:00:00,0.0 
 07/08  11:00:00,0.0 
 07/08  12:00:00,0.0 
 07/08  13:00:00,0.0 
 07/08  14:00:00,0.0 
 07/08  15:00:00,0.0 
 07/08  16:00:00,0.0 
 07/08  17:00:00,0.0 
 07/08  18:00:00,0.0 
 07/08  19:00:00,0.0 
 07/08  20:00:00,0.0 
 07/08  21:00:00,0.0 
 07/08  22:00:00,0.0 
 07/08  23:00:00,0.0 
 07/08  24:00:00,0.0 
 07/09  01:00:00,0.0 
 07/09  02:00:00,0.0 
 07/09  03:00:00,0.0 
 07/09  04:00:00,0.0 
 07/09  05:00:00,0.0 
 07/09  06:00:00,0.0 
 07/09  07:00:00,0.0 
 07/09  08:00:00,0.0 
 07/09  09:00:00,0.0 
 07/09  10:00:00,0.0 
 07/09  11:00:00,0.0 
 07/09  12:00:00,0.0 
 07/09  13:00:00,0.0 
 07/09  14:00:00,0.0 
 07/09  15:00:00,0.0 
 07/09  16:00:00,0.0 
 07/09  17:00:00,0.0 
 07/09  18:00:00,0.0 
 07/09  19:00:00,0.0 
 07/09  20:00:00,0.0 
 07/09  21:00:00,0.0 
 07/09  22:00:00,0.0 
 07/09  23:00:00,0.0 
 07/09  24:00:00,0.0 
 07/10  01:00:00,0.0 
 07/10  02:00:00,0.0 
 07/10  03:00:00,0.0 
 07/10  04:00:00,0.0 
 07/10  05:00:00,0.0 
 07/10  06:00:00,0.0 
 07/10  07:00:00,0.0 
 07/10  08:00:00,0.0 
 07/10  09:00:00,0.0 
 07/10  10:00:00,0.0 
 07/10  11:00:00,0.0 
 07/10  12:00:00,0.0 
 07/10  13:00:00,0.0 
 07/10  14:00:00,0.0 
 07/10  15:00:00,0.0 
 07/10  16:00:00,0.0 
 07/10  17:00:00,0.0 
 07/10  18:00:00,0.0 
 07/10  19:00:00,0.0 
 07/10  20:00:00,0.0 
 07/10  21:00:00,0.0 
 07/10  22:00:00,0.0 
 07/10  23:00:00,0.0 
 07/10  24:00:00,0.0 
 07/11  01:00:00,0.0 
 07/11  02:00:00,0.0 
 07/11  03:00:00,0.0 
 07/11  04:00:00,0.0 
 07/11  05:00:00,0.0 
 07/11  06:00:00,0.0 
 07/11  07:00:00,0.0 
 07/11  08:00:00,0.0 
 07/11  09:00:00,0.0 
 07/11  10:00:00,0.0 
 07/11  11:00:00,0.0 
 07/11  12:00:00,0.0 
 07/11  13:00:00,0.0 
 07/11  14:00:00,0.0 
 07/11  15:00:00,0.0 
 07/11  16:00:00,0.0 
 07/11  17:00:00,0.0 
 07/11  18:00:00,0.0 
 07/11  19:00:00,0.0 
 07/11  20:00:00,0.0 
 07/11  21:00:00,0.0 
 07/11  22:00:00,0.0 
 07/11  23:00:00,0.0 
 07/11  24:00:00,0.0 
 07/12  01:00:00,0.0 
 07/12  02:00:00,0.0 
 07/12  03:00:00,0.0 
 07/12  04:00:00,0.0 
 07/12  05:00:00,0.0 
 07/12  06:00:00,0.0 
 07/12  07:00:00,0.0 
 07/12  08:00:00,0.0 
 07/12  09:00:00,0.0 
 07/12  10:00:00,0.0 
 07/12  11:00:00,0.0 
 07/12  12:00:00,0.0 
 07/12  13:00:00,0.0 
 07/12  14:00:00,0.0 
 07/12  15:00:00,0.0 
 07/12  16:00:00,0.0 
 07/12  17:00:00,0.0 
 07/12  18:00:00,0.0 
 07/12  19:00:00,0.0 
 07/12  20:00:00,0.0 
 07/12  21:00:00,0.0 
 07/12  22:00:00,0.0 
 07/12  23:00:00,0.0 
 07/12  24:00:00,0.0 
 07/13  01:00:00,0.0 
 07/13  02:00:00,0.0 
 07/13  03:00:00,0.0 
 07/13  04:00:00,0.0 
 07/13  05:00:00,0.0 
 07/13  06:00:00,0.0 
 07/13  07:00:00,0.0 
 07/13  08:00:00,0.0 
 07/13  09:00:00,0.0 
 07/13  10:00:00,0.0 
 07/13  11:00:00,0.0 
 07/13  12:00:00,0.0 
 07/13  13:00:00,0.0 
 07/13  14:00:00,0.0 
 07/13  15:00:00,0.0 
 07/13  16:00:00,0.0 
 07/13  17:00:00,0.0 
 07/13  18:00:00,0.0 
 07/13  19:00:00,0.0 
 07/13  20:00:00,0.0 
 07/13  21:00:00,0.0 
 07/13  22:00:00,0.0 
 07/13  23:00:00,0.0 
 07/13  24:00:00,0.0 
 07/14  01:00:00,0.0 
 07/14  02:00:00,0.0 
 07/14  03:00:00,0.0 
 07/14  04:00:00,0.0 
 07/14  05:00:00,0.0 
 07/14  06:00:00,0.0 
 07/14  07:00:00,0.0 
 07/14  08:00:00,0.0 
 07/14  09:00:00,0.0 
 07/14  10:00:00,0.0 
 07/14  11:00:00,0.0 
 07/14  12:00:00,0.0 
 07/14  13:00:00,0.0 
 07/14  14:00:00,0.0 
 07/14  15:00:00,0.0 
 07/14  16:00:00,0.0 
 07/14  17:00:00,0.0 
 07/14  18:00:00,0.0 
 07/14  19:00:00,0.0 
 07/14  20:00:00,0.0 
 07/14  21:00:00,0.0 
 07/14  22:00:00,0.0 
 07/14  23:00:00,0.0 
 07/14  24:00:00,0.0 
 07/15  01:00:00,0.0 
 07/15  02:00:00,0.0 
 07/15  03:00:00,0.0 
 07/15  04:00:00,0.0 
 07/15  05:00:00,0.0 
 07/15  06:00:00,0.0 
 07/15  07:00:00,0.0 
 07/15  08:00:00,0.0 
 07/15  09:00:00,0.0 
 07/15  10:00:00,0.0 
 07/15  11:00:00,0.0 
 07/15  12:00:00,0.0 
 07/15  13:00:00,0.0 
 07/15  14:00:00,0.0 
 07/15  15:00:00,0.0 
 07/15  16:00:00,0.0 
 07/15  17:00:00,0.0 
 07/15  18:00:00,0.0 
 07/15  19:00:00,0.0 
 07/15  20:00:00,0.0 
 07/15  21:00:00,0.0 
 07/15  22:00:00,0.0 
 07/15  23:00:00,0.0 
 07/15  24:00:00,0.0 
 07/16  01:00:00,0.0 
 07/16  02:00:00,0.0 
 07/16  03:00:00,0.0 
 07/16  04:00:00,0.0 
 07/16  05:00:00,0.0 
 07/16  06:00:00,0.0 
 07/16  07:00:00,0.0 
 07/16  08:00:00,0.0 
 07/16  09:00:00,0.0 
 07/16  10:00:00,0.0 
 07/16  11:00:00,0.0 
 07/16  12:00:00,0.0 
 07/16  13:00:00,0.0 
 07/16  14:00:00,0.0 
 07/16  15:00:00,0.0 
 07/16  16:00:00,0.0 
 07/16  17:00:00,0.0 
 07/16  18:00:00,0.0 
 07/16  19:00:00,0.0 
 07/16  20:00:00,0.0 
 07/16  21:00:00,0.0 
 07/16  22:00:00,0.0 
 07/16  23:00:00,0.0 
 07/16  24:00:00,0.0 
 07/17  01:00:00,0.0 
 07/17  02:00:00,0.0 
 07/17  03:00:00,0.0 
 07/17  04:00:00,0.0 
 07/17  05:00:00,0.0 
 07/17  06:00:00,0.0 
 07/17  07:00:00,0.0 
 07/17  08:00:00,0.0 
 07/17  09:00:00,0.0 
 07/17  10:00:00,0.0 
 07/17  11:00:00,0.0 
 07/17  12:00:00,0.0 
 07/17  13:00:00,0.0 
 07/17  14:00:00,0.0 
 07/17  15:00:00,0.0 
 07/17  16:00:00,0.0 
 07/17  17:00:00,0.0 
 07/17  18:00:00,0.0 
 07/17  19:00:00,0.0 
 07/17  20:00:00,0.0 
 07/17  21:00:00,0.0 
 07/17  22:00:00,0.0 
 07/17  23:00:00,0.0 
 07/17  24:00:00,0.0 
 07/18  01:00:00,0.0 
 07/18  02:00:00,0.0 
 07/18  03:00:00,0.0 
 07/18  04:00:00,0.0 
 07/18  05:00:00,0.0 
 07/18  06:00:00,0.0 
 07/18  07:00:00,0.0 
 07/18  08:00:00,0.0 
 07/18  09:00:00,0.0 
 07/18  10:00:00,0.0 
 07/18  11:00:00,0.0 
 07/18  12:00:00,0.0 
 07/18  13:00:00,0.0 
 07/18  14:00:00,0.0 
 07/18  15:00:00,0.0 
 07/18  16:00:00,0.0 
 07/18  17:00:00,0.0 
 07/18  18:00:00,0.0 
 07/18  19:00:00,0.0 
 07/18  20:00:00,0.0 
 07/18  21:00:00,0.0 
 07/18  22:00:00,0.0 
 07/18  23:00:00,0.0 
 07/18  24:00:00,0.0 
 07/19  01:00:00,0.0 
 07/19  02:00:00,0.0 
 07/19  03:00:00,0.0 
 07/19  04:00:00,0.0 
 07/19  05:00:00,0.0 
 07/19  06:00:00,0.0 
 07/19  07:00:00,0.0 
 07/19  08:00:00,0.0 
 07/19  09:00:00,0.0 
 07/19  10:00:00,0.0 
 07/19  11:00:00,0.0 
 07/19  12:00:00,0.0 
 07/19  13:00:00,0.0 
 07/19  14:00:00,0.0 
 07/19  15:00:00,0.0 
 07/19  16:00:00,0.0 
 07/19  17:00:00,0.0 
 07/19  18:00:00,0.0 
 07/19  19:00:00,0.0 
 07/19  20:00:00,0.0 
 07/19  21:00:00,0.0 
 07/19  22:00:00,0.0 
 07/19  23:00:00,0.0 
 07/19  24:00:00,0.0 
 07/20  01:00:00,0.0 
 07/20  02:00:00,0.0 
 07/20  03:00:00,0.0 
 07/20  04:00:00,0.0 
 07/20  05:00:00,0.0 
 07/20  06:00:00,0.0 
 07/20  07:00:00,0.0 
 07/20  08:00:00,0.0 
 07/20  09:00:00,0.0 
 07/20  10:00:00,0.0 
 07/20  11:00:00,0.0 
 07/20  12:00:00,0.0 
 07/20  13:00:00,0.0 
 07/20  14:00:00,0.0 
 07/20  15:00:00,0.0 
 07/20  16:00:00,0.0 
 07/20  17:00:00,0.0 
 07/20  18:00:00,0.0 
 07/20  19:00:00,0.0 
 07/20  20:00:00,0.0 
 07/20  21:00:00,0.0 
 07/20  22:00:00,0.0 
 07/20  23:00:00,0.0 
 07/20  24:00:00,0.0 
 07/21  01:00:00,0.0 
 07/21  02:00:00,0.0 
 07/21  03:00:00,0.0 
 07/21  04:00:00,0.0 
 07/21  05:00:00,0.0 
 07/21  06:00:00,0.0 
 07/21  07:00:00,0.0 
 07/21  08:00:00,0.0 
 07/21  09:00:00,0.0 
 07/21  10:00:00,0.0 
 07/21  11:00:00,0.0 
 07/21  12:00:00,0.0 
 07/21  13:00:00,0.0 
 07/21  14:00:00,0.0 
 07/21  15:00:00,0.0 
 07/21  16:00:00,0.0 
 07/21  17:00:00,0.0 
 07/21  18:00:00,0.0 
 07/21  19:00:00,0.0 
 07/21  20:00:00,0.0 
 07/21  21:00:00,0.0 
 07/21  22:00:00,0.0 
 07/21  23:00:00,0.0 
 07/21  24:00:00,0.0 
 07/22  01:00:00,0.0 
 07/22  02:00:00,0.0 
 07/22  03:00:00,0.0 
 07/22  04:00:00,0.0 
 07/22  05:00:00,0.0 
 07/22  06:00:00,0.0 
 07/22  07:00:00,0.0 
 07/22  08:00:00,0.0 
 07/22  09:00:00,0.0 
 07/22  10:00:00,0.0 
 07/22  11:00:00,0.0 
 07/22  12:00:00,0.0 
 07/22  13:00:00,0.0 
 07/22  14:00:00,0.0 
 07/22  15:00:00,0.0 
 07/22  16:00:00,0.0 
 07/22  17:00:00,0.0 
 07/22  18:00:00,0.0 
 07/22  19:00:00,0.0 
 07/22  20:00:00,0.0 
 07/22  21:00:00,0.0 
 07/22  22:00:00,0.0 
 07/22  23:00:00,0.0 
 07/22  24:00:00,0.0 
 07/23  01:00:00,0.0 
 07/23  02:00:00,0.0 
 07/23  03:00:00,0.0 
 07/23  04:00:00,0.0 
 07/23  05:00:00,0.0 
 07/23  06:00:00,0.0 
 07/23  07:00:00,0.0 
 07/23  08:00:00,0.0 
 07/23  09:00:00,0.0 
 07/23  10:00:00,0.0 
 07/23  11:00:00,0.0 
 07/23  12:00:00,0.0 
 07/23  13:00:00,0.0 
 07/23  14:00:00,0.0 
 07/23  15:00:00,0.0 
 07/23  16:00:00,0.0 
 07/23  17:00:00,0.0 
 07/23  18:00:00,0.0 
 07/23  19:00:00,0.0 
 07/23  20:00:00,0.0 
 07/23  21:00:00,0.0 
 07/23  22:00:00,0.0 
 07/23  23:00:00,0.0 
 07/23  24:00:00,0.0 
 07/24  01:00:00,0.0 
 07/24  02:00:00,0.0 
 07/24  03:00:00,0.0 
 07/24  04:00:00,0.0 
 07/24  05:00:00,0.0 
 07/24  06:00:00,0.0 
 07/24  07:00:00,0.0 
 07/24  08:00:00,0.0 
 07/24  09:00:00,0.0 
 07/24  10:00:00,0.0 
 07/24  11:00:00,0.0 
 07/24  12:00:00,0.0 
 07/24  13:00:00,0.0 
 07/24  14:00:00,0.0 
 07/24  15:00:00,0.0 
 07/24  16:00:00,0.0 
 07/24  17:00:00,0.0 
 07/24  18:00:00,0.0 
 07/24  19:00:00,0.0 
 07/24  20:00:00,0.0 
 07/24  21:00:00,0.0 
 07/24  22:00:00,0.0 
 07/24  23:00:00,0.0 
 07/24  24:00:00,0.0 
 07/25  01:00:00,0.0 
 07/25  02:00:00,0.0 
 07/25  03:00:00,0.0 
 07/25  04:00:00,0.0 
 07/25  05:00:00,0.0 
 07/25  06:00:00,0.0 
 07/25  07:00:00,0.0 
 07/25  08:00:00,0.0 
 07/25  09:00:00,0.0 
 07/25  10:00:00,0.0 
 07/25  11:00:00,0.0 
 07/25  12:00:00,0.0 
 07/25  13:00:00,0.0 
 07/25  14:00:00,0.0 
 07/25  15:00:00,0.0 
 07/25  16:00:00,0.0 
 07/25  17:00:00,0.0 
 07/25  18:00:00,0.0 
 07/25  19:00:00,0.0 
 07/25  20:00:00,0.0 
 07/25  21:00:00,0.0 
 07/25  22:00:00,0.0 
 07/25  23:00:00,0.0 
 07/25  24:00:00,0.0 
 07/26  01:00:00,0.0 
 07/26  02:00:00,0.0 
 07/26  03:00:00,0.0 
 07/26  04:00:00,0.0 
 07/26  05:00:00,0.0 
 07/26  06:00:00,0.0 
 07/26  07:00:00,0.0 
 07/26  08:00:00,0.0 
 07/26  09:00:00,0.0 
 07/26  10:00:00,0.0 
 07/26  11:00:00,0.0 
 07/26  12:00:00,0.0 
 07/26  13:00:00,0.0 
 07/26  14:00:00,0.0 
 07/26  15:00:00,0.0 
 07/26  16:00:00,0.0 
 07/26  17:00:00,0.0 
 07/26  18:00:00,0.0 
 07/26  19:00:00,0.0 
 07/26  20:00:00,0.0 
 07/26  21:00:00,0.0 
 07/26  22:00:00,0.0 
 07/26  23:00:00,0.0 
 07/26  24:00:00,0.0 
 07/27  01:00:00,0.0 
 07/27  02:00:00,0.0 
 07/27  03:00:00,0.0 
 07/27  04:00:00,0.0 
 07/27  05:00:00,0.0 
 07/27  06:00:00,0.0 
 07/27  07:00:00,0.0 
 07/27  08:00:00,0.0 
 07/27  09:00:00,0.0 
 07/27  10:00:00,0.0 
 07/27  11:00:00,0.0 
 07/27  12:00:00,0.0 
 07/27  13:00:00,0.0 
 07/27  14:00:00,0.0 
 07/27  15:00:00,0.0 
 07/27  16:00:00,0.0 
 07/27  17:00:00,0.0 
 07/27  18:00:00,0.0 
 07/27  19:00:00,0.0 
 07/27  20:00:00,0.0 
 07/27  21:00:00,0.0 
 07/27  22:00:00,0.0 
 07/27  23:00:00,0.0 
 07/27  24:00:00,0.0 
 07/28  01:00:00,0.0 
 07/28  02:00:00,0.0 
 07/28  03:00:00,0.0 
 07/28  04:00:00,0.0 
 07/28  05:00:00,0.0 
 07/28  06:00:00,0.0 
 07/28  07:00:00,0.0 
 07/28  08:00:00,0.0 
 07/28  09:00:00,0.0 
 07/28  10:00:00,0.0 
 07/28  11:00:00,0.0 
 07/28  12:00:00,0.0 
 07/28  13:00:00,0.0 
 07/28  14:00:00,0.0 
 07/28  15:00:00,0.0 
 07/28  16:00:00,0.0 
 07/28  17:00:00,0.0 
 07/28  18:00:00,0.0 
 07/28  19:00:00,0.0 
 07/28  20:00:00,0.0 
 07/28  21:00:00,0.0 
 07/28  22:00:00,0.0 
 07/28  23:00:00,0.0 
 07/28  24:00:00,0.0 
 07/29  01:00:00,0.0 
 07/29  02:00:00,0.0 
 07/29  03:00:00,0.0 
 07/29  04:00:00,0.0 
 07/29  05:00:00,0.0 
 07/29  06:00:00,0.0 
 07/29  07:00:00,0.0 
 07/29  08:00:00,0.0 
 07/29  09:00:00,0.0 
 07/29  10:00:00,0.0 
 07/29  11:00:00,0.0 
 07/29  12:00:00,0.0 
 07/29  13:00:00,0.0 
 07/29  14:00:00,0.0 
 07/29  15:00:00,0.0 
 07/29  16:00:00,0.0 
 07/29  17:00:00,0.0 
 07/29  18:00:00,0.0 
 07/29  19:00:00,0.0 
 07/29  20:00:00,0.0 
 07/29  21:00:00,0.0 
 07/29  22:00:00,0.0 
 07/29  23:00:00,0.0 
 07/29  24:00:00,0.0 
 07/30  01:00:00,0.0 
 07/30  02:00:00,0.0 
 07/30  03:00:00,0.0 
 07/30  04:00:00,0.0 
 07/30  05:00:00,0.0 
 07/30  06:00:00,0.0 
 07/30  07:00:00,0.0 
 07/30  08:00:00,0.0 
 07/30  09:00:00,0.0 
 07/30  10:00:00,0.0 
 07/30  11:00:00,0.0 
 07/30  12:00:00,0.0 
 07/30  13:00:00,0.0 
 07/30  14:00:00,0.0 
 07/30  15:00:00,0.0 
 07/30  16:00:00,0.0 
 07/30  17:00:00,0.0 
 07/30  18:00:00,0.0 
 07/30  19:00:00,0.0 
 07/30  20:00:00,0.0 
 07/30  21:00:00,0.0 
 07/30  22:00:00,0.0 
 07/30  23:00:00,0.0 
 07/30  24:00:00,0.0 
 07/31  01:00:00,0.0 
 07/31  02:00:00,0.0 
 07/31  03:00:00,0.0 
 07/31  04:00:00,0.0 
 07/31  05:00:00,0.0 
 07/31  06:00:00,0.0 
 07/31  07:00:00,0.0 
 07/31  08:00:00,0.0 
 07/31  09:00:00,0.0 
 07/31  10:00:00,0.0 
 07/31  11:00:00,0.0 
 07/31  12:00:00,0.0 
 07/31  13:00:00,0.0 
 07/31  14:00:00,0.0 
 07/31  15:00:00,0.0 
 07/31  16:00:00,0.0 
 07/31  17:00:00,0.0 
 07/31  18:00:00,0.0 
 07/31  19:00:00,0.0 
 07/31  20:00:00,0.0 
 07/31  21:00:00,0.0 
 07/31  22:00:00,0.0 
 07/31  23:00:00,0.0 
 07/31  24:00:00,0.0 
 08/01  01:00:00,0.0 
 08/01  02:00:00,0.0 
 08/01  03:00:00,0.0 
 08/01  04:00:00,0.0 
 08/01  05:00:00,0.0 
 08/01  06:00:00,0.0 
 08/01  07:00:00,0.0 
 08/01  08:00:00,0.0 
 08/01  09:00:00,0.0 
 08/01  10:00:00,0.0 
 08/01  11:00:00,0.0 
 08/01  12:00:00,0.0 
 08/01  13:00:00,0.0 
 08/01  14:00:00,0.0 
 08/01  15:00:00,0.0 
 08/01  16:00:00,0.0 
 08/01  17:00:00,0.0 
 08/01  18:00:00,0.0 
 08/01  19:00:00,0.0 
 08/01  20:00:00,0.0 
 08/01  21:00:00,0.0 
 08/01  22:00:00,0.0 
 08/01  23:00:00,0.0 
 08/01  24:00:00,0.0 
 08/02  01:00:00,0.0 
 08/02  02:00:00,0.0 
 08/02  03:00:00,0.0 
 08/02  04:00:00,0.0 
 08/02  05:00:00,0.0 
 08/02  06:00:00,0.0 
 08/02  07:00:00,0.0 
 08/02  08:00:00,0.0 
 08/02  09:00:00,0.0 
 08/02  10:00:00,0.0 
 08/02  11:00:00,0.0 
 08/02  12:00:00,0.0 
 08/02  13:00:00,0.0 
 08/02  14:00:00,0.0 
 08/02  15:00:00,0.0 
 08/02  16:00:00,0.0 
 08/02  17:00:00,0.0 
 08/02  18:00:00,0.0 
 08/02  19:00:00,0.0 
 08/02  20:00:00,0.0 
 08/02  21:00:00,0.0 
 08/02  22:00:00,0.0 
 08/02  23:00:00,0.0 
 08/02  24:00:00,0.0 
 08/03  01:00:00,0.0 
 08/03  02:00:00,0.0 
 08/03  03:00:00,0.0 
 08/03  04:00:00,0.0 
 08/03  05:00:00,0.0 
 08/03  06:00:00,0.0 
 08/03  07:00:00,0.0 
 08/03  08:00:00,0.0 
 08/03  09:00:00,0.0 
 08/03  10:00:00,0.0 
 08/03  11:00:00,0.0 
 08/03  12:00:00,0.0 
 08/03  13:00:00,0.0 
 08/03  14:00:00,0.0 
 08/03  15:00:00,0.0 
 08/03  16:00:00,0.0 
 08/03  17:00:00,0.0 
 08/03  18:00:00,0.0 
 08/03  19:00:00,0.0 
 08/03  20:00:00,0.0 
 08/03  21:00:00,0.0 
 08/03  22:00:00,0.0 
 08/03  23:00:00,0.0 
 08/03  24:00:00,0.0 
 08/04  01:00:00,0.0 
 08/04  02:00:00,0.0 
 08/04  03:00:00,0.0 
 08/04  04:00:00,0.0 
 08/04  05:00:00,0.0 
 08/04  06:00:00,0.0 
 08/04  07:00:00,0.0 
 08/04  08:00:00,0.0 
 08/04  09:00:00,0.0 
 08/04  10:00:00,0.0 
 08/04  11:00:00,0.0 
 08/04  12:00:00,0.0 
 08/04  13:00:00,0.0 
 08/04  14:00:00,0.0 
 08/04  15:00:00,0.0 
 08/04  16:00:00,0.0 
 08/04  17:00:00,0.0 
 08/04  18:00:00,0.0 
 08/04  19:00:00,0.0 
 08/04  20:00:00,0.0 
 08/04  21:00:00,0.0 
 08/04  22:00:00,0.0 
 08/04  23:00:00,0.0 
 08/04  24:00:00,0.0 
 08/05  01:00:00,0.0 
 08/05  02:00:00,0.0 
 08/05  03:00:00,0.0 
 08/05  04:00:00,0.0 
 08/05  05:00:00,0.0 
 08/05  06:00:00,0.0 
 08/05  07:00:00,0.0 
 08/05  08:00:00,0.0 
 08/05  09:00:00,0.0 
 08/05  10:00:00,0.0 
 08/05  11:00:00,0.0 
 08/05  12:00:00,0.0 
 08/05  13:00:00,0.0 
 08/05  14:00:00,0.0 
 08/05  15:00:00,0.0 
 08/05  16:00:00,0.0 
 08/05  17:00:00,0.0 
 08/05  18:00:00,0.0 
 08/05  19:00:00,0.0 
 08/05  20:00:00,0.0 
 08/05  21:00:00,0.0 
 08/05  22:00:00,0.0 
 08/05  23:00:00,0.0 
 08/05  24:00:00,0.0 
 08/06  01:00:00,0.0 
 08/06  02:00:00,0.0 
 08/06  03:00:00,0.0 
 08/06  04:00:00,0.0 
 08/06  05:00:00,0.0 
 08/06  06:00:00,0.0 
 08/06  07:00:00,0.0 
 08/06  08:00:00,0.0 
 08/06  09:00:00,0.0 
 08/06  10:00:00,0.0 
 08/06  11:00:00,0.0 
 08/06  12:00:00,0.0 
 08/06  13:00:00,0.0 
 08/06  14:00:00,0.0 
 08/06  15:00:00,0.0 
 08/06  16:00:00,0.0 
 08/06  17:00:00,0.0 
 08/06  18:00:00,0.0 
 08/06  19:00:00,0.0 
 08/06  20:00:00,0.0 
 08/06  21:00:00,0.0 
 08/06  22:00:00,0.0 
 08/06  23:00:00,0.0 
 08/06  24:00:00,0.0 
 08/07  01:00:00,0.0 
 08/07  02:00:00,0.0 
 08/07  03:00:00,0.0 
 08/07  04:00:00,0.0 
 08/07  05:00:00,0.0 
 08/07  06:00:00,0.0 
 08/07  07:00:00,0.0 
 08/07  08:00:00,0.0 
 08/07  09:00:00,0.0 
 08/07  10:00:00,0.0 
 08/07  11:00:00,0.0 
 08/07  12:00:00,0.0 
 08/07  13:00:00,0.0 
 08/07  14:00:00,0.0 
 08/07  15:00:00,0.0 
 08/07  16:00:00,0.0 
 08/07  17:00:00,0.0 
 08/07  18:00:00,0.0 
 08/07  19:00:00,0.0 
 08/07  20:00:00,0.0 
 08/07  21:00:00,0.0 
 08/07  22:00:00,0.0 
 08/07  23:00:00,0.0 
 08/07  24:00:00,0.0 
 08/08  01:00:00,0.0 
 08/08  02:00:00,0.0 
 08/08  03:00:00,0.0 
 08/08  04:00:00,0.0 
 08/08  05:00:00,0.0 
 08/08  06:00:00,0.0 
 08/08  07:00:00,0.0 
 08/08  08:00:00,0.0 
 08/08  09:00:00,0.0 
 08/08  10:00:00,0.0 
 08/08  11:00:00,0.0 
 08/08  12:00:00,0.0 
 08/08  13:00:00,0.0 
 08/08  14:00:00,0.0 
 08/08  15:00:00,0.0 
 08/08  16:00:00,0.0 
 08/08  17:00:00,0.0 
 08/08  18:00:00,0.0 
 08/08  19:00:00,0.0 
 08/08  20:00:00,0.0 
 08/08  21:00:00,0.0 
 08/08  22:00:00,0.0 
 08/08  23:00:00,0.0 
 08/08  24:00:00,0.0 
 08/09  01:00:00,0.0 
 08/09  02:00:00,0.0 
 08/09  03:00:00,0.0 
 08/09  04:00:00,0.0 
 08/09  05:00:00,0.0 
 08/09  06:00:00,0.0 
 08/09  07:00:00,0.0 
 08/09  08:00:00,0.0 
 08/09  09:00:00,0.0 
 08/09  10:00:00,0.0 
 08/09  11:00:00,0.0 
 08/09  12:00:00,0.0 
 08/09  13:00:00,0.0 
 08/09  14:00:00,0.0 
 08/09  15:00:00,0.0 
 08/09  16:00:00,0.0 
 08/09  17:00:00,0.0 
 08/09  18:00:00,0.0 
 08/09  19:00:00,0.0 
 08/09  20:00:00,0.0 
 08/09  21:00:00,0.0 
 08/09  22:00:00,0.0 
 08/09  23:00:00,0.0 
 08/09  24:00:00,0.0 
 08/10  01:00:00,0.0 
 08/10  02:00:00,0.0 
 08/10  03:00:00,0.0 
 08/10  04:00:00,0.0 
 08/10  05:00:00,0.0 
 08/10  06:00:00,0.0 
 08/10  07:00:00,0.0 
 08/10  08:00:00,0.0 
 08/10  09:00:00,0.0 
 08/10  10:00:00,0.0 
 08/10  11:00:00,0.0 
 08/10  12:00:00,0.0 
 08/10  13:00:00,0.0 
 08/10  14:00:00,0.0 
 08/10  15:00:00,0.0 
 08/10  16:00:00,0.0 
 08/10  17:00:00,0.0 
 08/10  18:00:00,0.0 
 08/10  19:00:00,0.0 
 08/10  20:00:00,0.0 
 08/10  21:00:00,0.0 
 08/10  22:00:00,0.0 
 08/10  23:00:00,0.0 
 08/10  24:00:00,0.0 
 08/11  01:00:00,0.0 
 08/11  02:00:00,0.0 
 08/11  03:00:00,0.0 
 08/11  04:00:00,0.0 
 08/11  05:00:00,0.0 
 08/11  06:00:00,0.0 
 08/11  07:00:00,0.0 
 08/11  08:00:00,0.0 
 08/11  09:00:00,0.0 
 08/11  10:00:00,0.0 
 08/11  11:00:00,0.0 
 08/11  12:00:00,0.0 
 08/11  13:00:00,0.0 
 08/11  14:00:00,0.0 
 08/11  15:00:00,0.0 
 08/11  16:00:00,0.0 
 08/11  17:00:00,0.0 
 08/11  18:00:00,0.0 
 08/11  19:00:00,0.0 
 08/11  20:00:00,0.0 
 08/11  21:00:00,0.0 
 08/11  22:00:00,0.0 
 08/11  23:00:00,0.0 
 08/11  24:00:00,0.0 
 08/12  01:00:00,0.0 
 08/12  02:00:00,0.0 
 08/12  03:00:00,0.0 
 08/12  04:00:00,0.0 
 08/12  05:00:00,0.0 
 08/12  06:00:00,0.0 
 08/12  07:00:00,0.0 
 08/12  08:00:00,0.0 
 08/12  09:00:00,0.0 
 08/12  10:00:00,0.0 
 08/12  11:00:00,0.0 
 08/12  12:00:00,0.0 
 08/12  13:00:00,0.0 
 08/12  14:00:00,0.0 
 08/12  15:00:00,0.0 
 08/12  16:00:00,0.0 
 08/12  17:00:00,0.0 
 08/12  18:00:00,0.0 
 08/12  19:00:00,0.0 
 08/12  20:00:00,0.0 
 08/12  21:00:00,0.0 
 08/12  22:00:00,0.0 
 08/12  23:00:00,0.0 
 08/12  24:00:00,0.0 
 08/13  01:00:00,0.0 
 08/13  02:00:00,0.0 
 08/13  03:00:00,0.0 
 08/13  04:00:00,0.0 
 08/13  05:00:00,0.0 
 08/13  06:00:00,0.0 
 08/13  07:00:00,0.0 
 08/13  08:00:00,0.0 
 08/13  09:00:00,0.0 
 08/13  10:00:00,0.0 
 08/13  11:00:00,0.0 
 08/13  12:00:00,0.0 
 08/13  13:00:00,0.0 
 08/13  14:00:00,0.0 
 08/13  15:00:00,0.0 
 08/13  16:00:00,0.0 
 08/13  17:00:00,0.0 
 08/13  18:00:00,0.0 
 08/13  19:00:00,0.0 
 08/13  20:00:00,0.0 
 08/13  21:00:00,0.0 
 08/13  22:00:00,0.0 
 08/13  23:00:00,0.0 
 08/13  24:00:00,0.0 
 08/14  01:00:00,0.0 
 08/14  02:00:00,0.0 
 08/14  03:00:00,0.0 
 08/14  04:00:00,0.0 
 08/14  05:00:00,0.0 
 08/14  06:00:00,0.0 
 08/14  07:00:00,0.0 
 08/14  08:00:00,1378989.5159566426 
 08/14  09:00:00,0.0 
 08/14  10:00:00,0.0 
 08/14  11:00:00,0.0 
 08/14  12:00:00,0.0 
 08/14  13:00:00,0.0 
 08/14  14:00:00,0.0 
 08/14  15:00:00,0.0 
 08/14  16:00:00,0.0 
 08/14  17:00:00,0.0 
 08/14  18:00:00,0.0 
 08/14  19:00:00,0.0 
 08/14  20:00:00,0.0 
 08/14  21:00:00,0.0 
 08/14  22:00:00,0.0 
 08/14  23:00:00,0.0 
 08/14  24:00:00,0.0 
 08/15  01:00:00,0.0 
 08/15  02:00:00,0.0 
 08/15  03:00:00,0.0 
 08/15  04:00:00,0.0 
 08/15  05:00:00,0.0 
 08/15  06:00:00,0.0 
 08/15  07:00:00,0.0 
 08/15  08:00:00,10156966.555700453 
 08/15  09:00:00,0.0 
 08/15  10:00:00,0.0 
 08/15  11:00:00,0.0 
 08/15  12:00:00,0.0 
 08/15  13:00:00,0.0 
 08/15  14:00:00,0.0 
 08/15  15:00:00,0.0 
 08/15  16:00:00,0.0 
 08/15  17:00:00,0.0 
 08/15  18:00:00,0.0 
 08/15  19:00:00,0.0 
 08/15  20:00:00,0.0 
 08/15  21:00:00,0.0 
 08/15  22:00:00,0.0 
 08/15  23:00:00,0.0 
 08/15  24:00:00,0.0 
 08/16  01:00:00,0.0 
 08/16  02:00:00,0.0 
 08/16  03:00:00,0.0 
 08/16  04:00:00,0.0 
 08/16  05:00:00,0.0 
 08/16  06:00:00,0.0 
 08/16  07:00:00,0.0 
 08/16  08:00:00,0.0 
 08/16  09:00:00,0.0 
 08/16  10:00:00,0.0 
 08/16  11:00:00,0.0 
 08/16  12:00:00,0.0 
 08/16  13:00:00,0.0 
 08/16  14:00:00,0.0 
 08/16  15:00:00,0.0 
 08/16  16:00:00,0.0 
 08/16  17:00:00,0.0 
 08/16  18:00:00,0.0 
 08/16  19:00:00,0.0 
 08/16  20:00:00,0.0 
 08/16  21:00:00,0.0 
 08/16  22:00:00,0.0 
 08/16  23:00:00,0.0 
 08/16  24:00:00,0.0 
 08/17  01:00:00,0.0 
 08/17  02:00:00,0.0 
 08/17  03:00:00,0.0 
 08/17  04:00:00,0.0 
 08/17  05:00:00,0.0 
 08/17  06:00:00,0.0 
 08/17  07:00:00,0.0 
 08/17  08:00:00,0.0 
 08/17  09:00:00,0.0 
 08/17  10:00:00,0.0 
 08/17  11:00:00,0.0 
 08/17  12:00:00,0.0 
 08/17  13:00:00,0.0 
 08/17  14:00:00,0.0 
 08/17  15:00:00,0.0 
 08/17  16:00:00,0.0 
 08/17  17:00:00,0.0 
 08/17  18:00:00,0.0 
 08/17  19:00:00,0.0 
 08/17  20:00:00,0.0 
 08/17  21:00:00,0.0 
 08/17  22:00:00,0.0 
 08/17  23:00:00,0.0 
 08/17  24:00:00,0.0 
 08/18  01:00:00,0.0 
 08/18  02:00:00,0.0 
 08/18  03:00:00,0.0 
 08/18  04:00:00,0.0 
 08/18  05:00:00,0.0 
 08/18  06:00:00,0.0 
 08/18  07:00:00,0.0 
 08/18  08:00:00,0.0 
 08/18  09:00:00,0.0 
 08/18  10:00:00,0.0 
 08/18  11:00:00,0.0 
 08/18  12:00:00,0.0 
 08/18  13:00:00,0.0 
 08/18  14:00:00,0.0 
 08/18  15:00:00,0.0 
 08/18  16:00:00,0.0 
 08/18  17:00:00,0.0 
 08/18  18:00:00,0.0 
 08/18  19:00:00,0.0 
 08/18  20:00:00,0.0 
 08/18  21:00:00,0.0 
 08/18  22:00:00,0.0 
 08/18  23:00:00,0.0 
 08/18  24:00:00,0.0 
 08/19  01:00:00,0.0 
 08/19  02:00:00,0.0 
 08/19  03:00:00,0.0 
 08/19  04:00:00,0.0 
 08/19  05:00:00,0.0 
 08/19  06:00:00,0.0 
 08/19  07:00:00,0.0 
 08/19  08:00:00,0.0 
 08/19  09:00:00,0.0 
 08/19  10:00:00,0.0 
 08/19  11:00:00,0.0 
 08/19  12:00:00,0.0 
 08/19  13:00:00,0.0 
 08/19  14:00:00,0.0 
 08/19  15:00:00,0.0 
 08/19  16:00:00,0.0 
 08/19  17:00:00,0.0 
 08/19  18:00:00,0.0 
 08/19  19:00:00,0.0 
 08/19  20:00:00,0.0 
 08/19  21:00:00,0.0 
 08/19  22:00:00,0.0 
 08/19  23:00:00,0.0 
 08/19  24:00:00,0.0 
 08/20  01:00:00,0.0 
 08/20  02:00:00,0.0 
 08/20  03:00:00,0.0 
 08/20  04:00:00,0.0 
 08/20  05:00:00,0.0 
 08/20  06:00:00,0.0 
 08/20  07:00:00,0.0 
 08/20  08:00:00,0.0 
 08/20  09:00:00,0.0 
 08/20  10:00:00,0.0 
 08/20  11:00:00,0.0 
 08/20  12:00:00,0.0 
 08/20  13:00:00,0.0 
 08/20  14:00:00,0.0 
 08/20  15:00:00,0.0 
 08/20  16:00:00,0.0 
 08/20  17:00:00,0.0 
 08/20  18:00:00,0.0 
 08/20  19:00:00,0.0 
 08/20  20:00:00,0.0 
 08/20  21:00:00,0.0 
 08/20  22:00:00,0.0 
 08/20  23:00:00,0.0 
 08/20  24:00:00,0.0 
 08/21  01:00:00,0.0 
 08/21  02:00:00,0.0 
 08/21  03:00:00,0.0 
 08/21  04:00:00,0.0 
 08/21  05:00:00,0.0 
 08/21  06:00:00,0.0 
 08/21  07:00:00,0.0 
 08/21  08:00:00,0.0 
 08/21  09:00:00,0.0 
 08/21  10:00:00,0.0 
 08/21  11:00:00,0.0 
 08/21  12:00:00,0.0 
 08/21  13:00:00,0.0 
 08/21  14:00:00,0.0 
 08/21  15:00:00,0.0 
 08/21  16:00:00,0.0 
 08/21  17:00:00,0.0 
 08/21  18:00:00,0.0 
 08/21  19:00:00,0.0 
 08/21  20:00:00,0.0 
 08/21  21:00:00,0.0 
 08/21  22:00:00,0.0 
 08/21  23:00:00,0.0 
 08/21  24:00:00,0.0 
 08/22  01:00:00,0.0 
 08/22  02:00:00,0.0 
 08/22  03:00:00,0.0 
 08/22  04:00:00,0.0 
 08/22  05:00:00,0.0 
 08/22  06:00:00,0.0 
 08/22  07:00:00,0.0 
 08/22  08:00:00,0.0 
 08/22  09:00:00,0.0 
 08/22  10:00:00,0.0 
 08/22  11:00:00,0.0 
 08/22  12:00:00,0.0 
 08/22  13:00:00,0.0 
 08/22  14:00:00,0.0 
 08/22  15:00:00,0.0 
 08/22  16:00:00,0.0 
 08/22  17:00:00,0.0 
 08/22  18:00:00,0.0 
 08/22  19:00:00,0.0 
 08/22  20:00:00,0.0 
 08/22  21:00:00,0.0 
 08/22  22:00:00,0.0 
 08/22  23:00:00,0.0 
 08/22  24:00:00,0.0 
 08/23  01:00:00,0.0 
 08/23  02:00:00,0.0 
 08/23  03:00:00,0.0 
 08/23  04:00:00,0.0 
 08/23  05:00:00,0.0 
 08/23  06:00:00,0.0 
 08/23  07:00:00,0.0 
 08/23  08:00:00,0.0 
 08/23  09:00:00,0.0 
 08/23  10:00:00,0.0 
 08/23  11:00:00,0.0 
 08/23  12:00:00,0.0 
 08/23  13:00:00,0.0 
 08/23  14:00:00,0.0 
 08/23  15:00:00,0.0 
 08/23  16:00:00,0.0 
 08/23  17:00:00,0.0 
 08/23  18:00:00,0.0 
 08/23  19:00:00,0.0 
 08/23  20:00:00,0.0 
 08/23  21:00:00,0.0 
 08/23  22:00:00,0.0 
 08/23  23:00:00,0.0 
 08/23  24:00:00,0.0 
 08/24  01:00:00,0.0 
 08/24  02:00:00,0.0 
 08/24  03:00:00,0.0 
 08/24  04:00:00,0.0 
 08/24  05:00:00,0.0 
 08/24  06:00:00,0.0 
 08/24  07:00:00,0.0 
 08/24  08:00:00,0.0 
 08/24  09:00:00,0.0 
 08/24  10:00:00,0.0 
 08/24  11:00:00,0.0 
 08/24  12:00:00,0.0 
 08/24  13:00:00,0.0 
 08/24  14:00:00,0.0 
 08/24  15:00:00,0.0 
 08/24  16:00:00,0.0 
 08/24  17:00:00,0.0 
 08/24  18:00:00,0.0 
 08/24  19:00:00,0.0 
 08/24  20:00:00,0.0 
 08/24  21:00:00,0.0 
 08/24  22:00:00,0.0 
 08/24  23:00:00,0.0 
 08/24  24:00:00,0.0 
 08/25  01:00:00,0.0 
 08/25  02:00:00,0.0 
 08/25  03:00:00,0.0 
 08/25  04:00:00,0.0 
 08/25  05:00:00,0.0 
 08/25  06:00:00,0.0 
 08/25  07:00:00,0.0 
 08/25  08:00:00,0.0 
 08/25  09:00:00,0.0 
 08/25  10:00:00,0.0 
 08/25  11:00:00,0.0 
 08/25  12:00:00,0.0 
 08/25  13:00:00,0.0 
 08/25  14:00:00,0.0 
 08/25  15:00:00,0.0 
 08/25  16:00:00,0.0 
 08/25  17:00:00,0.0 
 08/25  18:00:00,0.0 
 08/25  19:00:00,0.0 
 08/25  20:00:00,0.0 
 08/25  21:00:00,0.0 
 08/25  22:00:00,0.0 
 08/25  23:00:00,0.0 
 08/25  24:00:00,0.0 
 08/26  01:00:00,0.0 
 08/26  02:00:00,0.0 
 08/26  03:00:00,0.0 
 08/26  04:00:00,0.0 
 08/26  05:00:00,0.0 
 08/26  06:00:00,0.0 
 08/26  07:00:00,0.0 
 08/26  08:00:00,0.0 
 08/26  09:00:00,0.0 
 08/26  10:00:00,0.0 
 08/26  11:00:00,0.0 
 08/26  12:00:00,0.0 
 08/26  13:00:00,0.0 
 08/26  14:00:00,0.0 
 08/26  15:00:00,0.0 
 08/26  16:00:00,0.0 
 08/26  17:00:00,0.0 
 08/26  18:00:00,0.0 
 08/26  19:00:00,0.0 
 08/26  20:00:00,0.0 
 08/26  21:00:00,0.0 
 08/26  22:00:00,0.0 
 08/26  23:00:00,0.0 
 08/26  24:00:00,0.0 
 08/27  01:00:00,0.0 
 08/27  02:00:00,0.0 
 08/27  03:00:00,0.0 
 08/27  04:00:00,0.0 
 08/27  05:00:00,0.0 
 08/27  06:00:00,0.0 
 08/27  07:00:00,0.0 
 08/27  08:00:00,0.0 
 08/27  09:00:00,0.0 
 08/27  10:00:00,0.0 
 08/27  11:00:00,0.0 
 08/27  12:00:00,0.0 
 08/27  13:00:00,0.0 
 08/27  14:00:00,0.0 
 08/27  15:00:00,0.0 
 08/27  16:00:00,0.0 
 08/27  17:00:00,0.0 
 08/27  18:00:00,0.0 
 08/27  19:00:00,0.0 
 08/27  20:00:00,0.0 
 08/27  21:00:00,0.0 
 08/27  22:00:00,0.0 
 08/27  23:00:00,0.0 
 08/27  24:00:00,0.0 
 08/28  01:00:00,0.0 
 08/28  02:00:00,0.0 
 08/28  03:00:00,0.0 
 08/28  04:00:00,0.0 
 08/28  05:00:00,0.0 
 08/28  06:00:00,0.0 
 08/28  07:00:00,0.0 
 08/28  08:00:00,0.0 
 08/28  09:00:00,0.0 
 08/28  10:00:00,0.0 
 08/28  11:00:00,0.0 
 08/28  12:00:00,0.0 
 08/28  13:00:00,0.0 
 08/28  14:00:00,0.0 
 08/28  15:00:00,0.0 
 08/28  16:00:00,0.0 
 08/28  17:00:00,0.0 
 08/28  18:00:00,0.0 
 08/28  19:00:00,0.0 
 08/28  20:00:00,0.0 
 08/28  21:00:00,0.0 
 08/28  22:00:00,0.0 
 08/28  23:00:00,0.0 
 08/28  24:00:00,0.0 
 08/29  01:00:00,0.0 
 08/29  02:00:00,0.0 
 08/29  03:00:00,0.0 
 08/29  04:00:00,0.0 
 08/29  05:00:00,0.0 
 08/29  06:00:00,0.0 
 08/29  07:00:00,0.0 
 08/29  08:00:00,0.0 
 08/29  09:00:00,0.0 
 08/29  10:00:00,0.0 
 08/29  11:00:00,0.0 
 08/29  12:00:00,0.0 
 08/29  13:00:00,0.0 
 08/29  14:00:00,0.0 
 08/29  15:00:00,0.0 
 08/29  16:00:00,0.0 
 08/29  17:00:00,0.0 
 08/29  18:00:00,0.0 
 08/29  19:00:00,0.0 
 08/29  20:00:00,0.0 
 08/29  21:00:00,0.0 
 08/29  22:00:00,0.0 
 08/29  23:00:00,0.0 
 08/29  24:00:00,0.0 
 08/30  01:00:00,0.0 
 08/30  02:00:00,0.0 
 08/30  03:00:00,0.0 
 08/30  04:00:00,0.0 
 08/30  05:00:00,0.0 
 08/30  06:00:00,0.0 
 08/30  07:00:00,0.0 
 08/30  08:00:00,0.0 
 08/30  09:00:00,0.0 
 08/30  10:00:00,0.0 
 08/30  11:00:00,0.0 
 08/30  12:00:00,0.0 
 08/30  13:00:00,0.0 
 08/30  14:00:00,0.0 
 08/30  15:00:00,0.0 
 08/30  16:00:00,0.0 
 08/30  17:00:00,0.0 
 08/30  18:00:00,0.0 
 08/30  19:00:00,0.0 
 08/30  20:00:00,0.0 
 08/30  21:00:00,0.0 
 08/30  22:00:00,0.0 
 08/30  23:00:00,0.0 
 08/30  24:00:00,0.0 
 08/31  01:00:00,0.0 
 08/31  02:00:00,0.0 
 08/31  03:00:00,0.0 
 08/31  04:00:00,0.0 
 08/31  05:00:00,0.0 
 08/31  06:00:00,0.0 
 08/31  07:00:00,0.0 
 08/31  08:00:00,0.0 
 08/31  09:00:00,0.0 
 08/31  10:00:00,0.0 
 08/31  11:00:00,0.0 
 08/31  12:00:00,0.0 
 08/31  13:00:00,0.0 
 08/31  14:00:00,0.0 
 08/31  15:00:00,0.0 
 08/31  16:00:00,0.0 
 08/31  17:00:00,0.0 
 08/31  18:00:00,0.0 
 08/31  19:00:00,0.0 
 08/31  20:00:00,0.0 
 08/31  21:00:00,0.0 
 08/31  22:00:00,0.0 
 08/31  23:00:00,0.0 
 08/31  24:00:00,0.0 
 09/01  01:00:00,0.0 
 09/01  02:00:00,0.0 
 09/01  03:00:00,0.0 
 09/01  04:00:00,0.0 
 09/01  05:00:00,0.0 
 09/01  06:00:00,0.0 
 09/01  07:00:00,0.0 
 09/01  08:00:00,0.0 
 09/01  09:00:00,0.0 
 09/01  10:00:00,0.0 
 09/01  11:00:00,0.0 
 09/01  12:00:00,0.0 
 09/01  13:00:00,0.0 
 09/01  14:00:00,0.0 
 09/01  15:00:00,0.0 
 09/01  16:00:00,0.0 
 09/01  17:00:00,0.0 
 09/01  18:00:00,0.0 
 09/01  19:00:00,0.0 
 09/01  20:00:00,0.0 
 09/01  21:00:00,0.0 
 09/01  22:00:00,0.0 
 09/01  23:00:00,0.0 
 09/01  24:00:00,0.0 
 09/02  01:00:00,0.0 
 09/02  02:00:00,0.0 
 09/02  03:00:00,0.0 
 09/02  04:00:00,0.0 
 09/02  05:00:00,0.0 
 09/02  06:00:00,0.0 
 09/02  07:00:00,0.0 
 09/02  08:00:00,0.0 
 09/02  09:00:00,0.0 
 09/02  10:00:00,0.0 
 09/02  11:00:00,0.0 
 09/02  12:00:00,0.0 
 09/02  13:00:00,0.0 
 09/02  14:00:00,0.0 
 09/02  15:00:00,0.0 
 09/02  16:00:00,0.0 
 09/02  17:00:00,0.0 
 09/02  18:00:00,0.0 
 09/02  19:00:00,0.0 
 09/02  20:00:00,0.0 
 09/02  21:00:00,0.0 
 09/02  22:00:00,0.0 
 09/02  23:00:00,0.0 
 09/02  24:00:00,0.0 
 09/03  01:00:00,0.0 
 09/03  02:00:00,0.0 
 09/03  03:00:00,0.0 
 09/03  04:00:00,0.0 
 09/03  05:00:00,0.0 
 09/03  06:00:00,0.0 
 09/03  07:00:00,0.0 
 09/03  08:00:00,0.0 
 09/03  09:00:00,0.0 
 09/03  10:00:00,0.0 
 09/03  11:00:00,0.0 
 09/03  12:00:00,0.0 
 09/03  13:00:00,0.0 
 09/03  14:00:00,0.0 
 09/03  15:00:00,0.0 
 09/03  16:00:00,0.0 
 09/03  17:00:00,0.0 
 09/03  18:00:00,0.0 
 09/03  19:00:00,0.0 
 09/03  20:00:00,0.0 
 09/03  21:00:00,0.0 
 09/03  22:00:00,0.0 
 09/03  23:00:00,0.0 
 09/03  24:00:00,0.0 
 09/04  01:00:00,0.0 
 09/04  02:00:00,0.0 
 09/04  03:00:00,0.0 
 09/04  04:00:00,0.0 
 09/04  05:00:00,0.0 
 09/04  06:00:00,0.0 
 09/04  07:00:00,0.0 
 09/04  08:00:00,0.0 
 09/04  09:00:00,0.0 
 09/04  10:00:00,0.0 
 09/04  11:00:00,0.0 
 09/04  12:00:00,0.0 
 09/04  13:00:00,0.0 
 09/04  14:00:00,0.0 
 09/04  15:00:00,0.0 
 09/04  16:00:00,0.0 
 09/04  17:00:00,0.0 
 09/04  18:00:00,0.0 
 09/04  19:00:00,0.0 
 09/04  20:00:00,0.0 
 09/04  21:00:00,0.0 
 09/04  22:00:00,0.0 
 09/04  23:00:00,0.0 
 09/04  24:00:00,0.0 
 09/05  01:00:00,0.0 
 09/05  02:00:00,0.0 
 09/05  03:00:00,0.0 
 09/05  04:00:00,0.0 
 09/05  05:00:00,0.0 
 09/05  06:00:00,0.0 
 09/05  07:00:00,0.0 
 09/05  08:00:00,0.0 
 09/05  09:00:00,0.0 
 09/05  10:00:00,0.0 
 09/05  11:00:00,0.0 
 09/05  12:00:00,0.0 
 09/05  13:00:00,0.0 
 09/05  14:00:00,0.0 
 09/05  15:00:00,0.0 
 09/05  16:00:00,0.0 
 09/05  17:00:00,0.0 
 09/05  18:00:00,0.0 
 09/05  19:00:00,0.0 
 09/05  20:00:00,0.0 
 09/05  21:00:00,0.0 
 09/05  22:00:00,0.0 
 09/05  23:00:00,0.0 
 09/05  24:00:00,0.0 
 09/06  01:00:00,0.0 
 09/06  02:00:00,0.0 
 09/06  03:00:00,0.0 
 09/06  04:00:00,0.0 
 09/06  05:00:00,0.0 
 09/06  06:00:00,0.0 
 09/06  07:00:00,0.0 
 09/06  08:00:00,0.0 
 09/06  09:00:00,0.0 
 09/06  10:00:00,0.0 
 09/06  11:00:00,0.0 
 09/06  12:00:00,0.0 
 09/06  13:00:00,0.0 
 09/06  14:00:00,0.0 
 09/06  15:00:00,0.0 
 09/06  16:00:00,0.0 
 09/06  17:00:00,0.0 
 09/06  18:00:00,0.0 
 09/06  19:00:00,0.0 
 09/06  20:00:00,0.0 
 09/06  21:00:00,0.0 
 09/06  22:00:00,0.0 
 09/06  23:00:00,0.0 
 09/06  24:00:00,0.0 
 09/07  01:00:00,0.0 
 09/07  02:00:00,0.0 
 09/07  03:00:00,0.0 
 09/07  04:00:00,0.0 
 09/07  05:00:00,0.0 
 09/07  06:00:00,0.0 
 09/07  07:00:00,0.0 
 09/07  08:00:00,0.0 
 09/07  09:00:00,0.0 
 09/07  10:00:00,0.0 
 09/07  11:00:00,0.0 
 09/07  12:00:00,0.0 
 09/07  13:00:00,0.0 
 09/07  14:00:00,0.0 
 09/07  15:00:00,0.0 
 09/07  16:00:00,0.0 
 09/07  17:00:00,0.0 
 09/07  18:00:00,0.0 
 09/07  19:00:00,0.0 
 09/07  20:00:00,0.0 
 09/07  21:00:00,0.0 
 09/07  22:00:00,0.0 
 09/07  23:00:00,0.0 
 09/07  24:00:00,0.0 
 09/08  01:00:00,0.0 
 09/08  02:00:00,0.0 
 09/08  03:00:00,0.0 
 09/08  04:00:00,0.0 
 09/08  05:00:00,0.0 
 09/08  06:00:00,0.0 
 09/08  07:00:00,0.0 
 09/08  08:00:00,20582350.332212623 
 09/08  09:00:00,17011730.056091085 
 09/08  10:00:00,7887353.912290978 
 09/08  11:00:00,0.0 
 09/08  12:00:00,0.0 
 09/08  13:00:00,0.0 
 09/08  14:00:00,0.0 
 09/08  15:00:00,0.0 
 09/08  16:00:00,0.0 
 09/08  17:00:00,0.0 
 09/08  18:00:00,0.0 
 09/08  19:00:00,0.0 
 09/08  20:00:00,0.0 
 09/08  21:00:00,0.0 
 09/08  22:00:00,0.0 
 09/08  23:00:00,0.0 
 09/08  24:00:00,0.0 
 09/09  01:00:00,0.0 
 09/09  02:00:00,0.0 
 09/09  03:00:00,1728894.8804022395 
 09/09  04:00:00,13985179.41070064 
 09/09  05:00:00,22210174.16929237 
 09/09  06:00:00,23774147.072924048 
 09/09  07:00:00,25900526.81281624 
 09/09  08:00:00,45173540.46806755 
 09/09  09:00:00,42361324.7798762 
 09/09  10:00:00,26466368.8832572 
 09/09  11:00:00,1085547.9685161961 
 09/09  12:00:00,0.0 
 09/09  13:00:00,0.0 
 09/09  14:00:00,0.0 
 09/09  15:00:00,0.0 
 09/09  16:00:00,0.0 
 09/09  17:00:00,0.0 
 09/09  18:00:00,0.0 
 09/09  19:00:00,0.0 
 09/09  20:00:00,0.0 
 09/09  21:00:00,0.0 
 09/09  22:00:00,0.0 
 09/09  23:00:00,0.0 
 09/09  24:00:00,0.0 
 09/10  01:00:00,0.0 
 09/10  02:00:00,0.0 
 09/10  03:00:00,0.0 
 09/10  04:00:00,0.0 
 09/10  05:00:00,6462534.281696916 
 09/10  06:00:00,17115085.558092672 
 09/10  07:00:00,23572572.825178847 
 09/10  08:00:00,41239357.85557752 
 09/10  09:00:00,36125092.95042894 
 09/10  10:00:00,19942746.18825645 
 09/10  11:00:00,0.0 
 09/10  12:00:00,0.0 
 09/10  13:00:00,0.0 
 09/10  14:00:00,0.0 
 09/10  15:00:00,0.0 
 09/10  16:00:00,0.0 
 09/10  17:00:00,0.0 
 09/10  18:00:00,0.0 
 09/10  19:00:00,0.0 
 09/10  20:00:00,0.0 
 09/10  21:00:00,0.0 
 09/10  22:00:00,0.0 
 09/10  23:00:00,0.0 
 09/10  24:00:00,0.0 
 09/11  01:00:00,0.0 
 09/11  02:00:00,0.0 
 09/11  03:00:00,0.0 
 09/11  04:00:00,0.0 
 09/11  05:00:00,0.0 
 09/11  06:00:00,0.0 
 09/11  07:00:00,4604186.477437383 
 09/11  08:00:00,26441247.442522332 
 09/11  09:00:00,10708471.88846378 
 09/11  10:00:00,292670.4113428364 
 09/11  11:00:00,0.0 
 09/11  12:00:00,0.0 
 09/11  13:00:00,0.0 
 09/11  14:00:00,0.0 
 09/11  15:00:00,0.0 
 09/11  16:00:00,0.0 
 09/11  17:00:00,0.0 
 09/11  18:00:00,0.0 
 09/11  19:00:00,0.0 
 09/11  20:00:00,0.0 
 09/11  21:00:00,0.0 
 09/11  22:00:00,0.0 
 09/11  23:00:00,0.0 
 09/11  24:00:00,0.0 
 09/12  01:00:00,0.0 
 09/12  02:00:00,0.0 
 09/12  03:00:00,0.0 
 09/12  04:00:00,0.0 
 09/12  05:00:00,0.0 
 09/12  06:00:00,0.0 
 09/12  07:00:00,0.0 
 09/12  08:00:00,0.0 
 09/12  09:00:00,0.0 
 09/12  10:00:00,0.0 
 09/12  11:00:00,0.0 
 09/12  12:00:00,0.0 
 09/12  13:00:00,0.0 
 09/12  14:00:00,0.0 
 09/12  15:00:00,0.0 
 09/12  16:00:00,0.0 
 09/12  17:00:00,0.0 
 09/12  18:00:00,0.0 
 09/12  19:00:00,0.0 
 09/12  20:00:00,0.0 
 09/12  21:00:00,0.0 
 09/12  22:00:00,0.0 
 09/12  23:00:00,0.0 
 09/12  24:00:00,0.0 
 09/13  01:00:00,0.0 
 09/13  02:00:00,0.0 
 09/13  03:00:00,0.0 
 09/13  04:00:00,0.0 
 09/13  05:00:00,0.0 
 09/13  06:00:00,0.0 
 09/13  07:00:00,0.0 
 09/13  08:00:00,0.0 
 09/13  09:00:00,0.0 
 09/13  10:00:00,0.0 
 09/13  11:00:00,0.0 
 09/13  12:00:00,0.0 
 09/13  13:00:00,0.0 
 09/13  14:00:00,0.0 
 09/13  15:00:00,0.0 
 09/13  16:00:00,0.0 
 09/13  17:00:00,0.0 
 09/13  18:00:00,0.0 
 09/13  19:00:00,0.0 
 09/13  20:00:00,0.0 
 09/13  21:00:00,0.0 
 09/13  22:00:00,0.0 
 09/13  23:00:00,0.0 
 09/13  24:00:00,0.0 
 09/14  01:00:00,0.0 
 09/14  02:00:00,0.0 
 09/14  03:00:00,0.0 
 09/14  04:00:00,0.0 
 09/14  05:00:00,0.0 
 09/14  06:00:00,0.0 
 09/14  07:00:00,0.0 
 09/14  08:00:00,0.0 
 09/14  09:00:00,0.0 
 09/14  10:00:00,0.0 
 09/14  11:00:00,0.0 
 09/14  12:00:00,0.0 
 09/14  13:00:00,0.0 
 09/14  14:00:00,0.0 
 09/14  15:00:00,0.0 
 09/14  16:00:00,0.0 
 09/14  17:00:00,0.0 
 09/14  18:00:00,0.0 
 09/14  19:00:00,0.0 
 09/14  20:00:00,0.0 
 09/14  21:00:00,0.0 
 09/14  22:00:00,0.0 
 09/14  23:00:00,0.0 
 09/14  24:00:00,0.0 
 09/15  01:00:00,0.0 
 09/15  02:00:00,0.0 
 09/15  03:00:00,0.0 
 09/15  04:00:00,0.0 
 09/15  05:00:00,0.0 
 09/15  06:00:00,0.0 
 09/15  07:00:00,0.0 
 09/15  08:00:00,0.0 
 09/15  09:00:00,0.0 
 09/15  10:00:00,0.0 
 09/15  11:00:00,0.0 
 09/15  12:00:00,0.0 
 09/15  13:00:00,0.0 
 09/15  14:00:00,0.0 
 09/15  15:00:00,0.0 
 09/15  16:00:00,0.0 
 09/15  17:00:00,0.0 
 09/15  18:00:00,0.0 
 09/15  19:00:00,0.0 
 09/15  20:00:00,0.0 
 09/15  21:00:00,0.0 
 09/15  22:00:00,0.0 
 09/15  23:00:00,0.0 
 09/15  24:00:00,0.0 
 09/16  01:00:00,0.0 
 09/16  02:00:00,0.0 
 09/16  03:00:00,0.0 
 09/16  04:00:00,0.0 
 09/16  05:00:00,0.0 
 09/16  06:00:00,0.0 
 09/16  07:00:00,0.0 
 09/16  08:00:00,0.0 
 09/16  09:00:00,0.0 
 09/16  10:00:00,0.0 
 09/16  11:00:00,0.0 
 09/16  12:00:00,0.0 
 09/16  13:00:00,0.0 
 09/16  14:00:00,0.0 
 09/16  15:00:00,0.0 
 09/16  16:00:00,0.0 
 09/16  17:00:00,0.0 
 09/16  18:00:00,0.0 
 09/16  19:00:00,0.0 
 09/16  20:00:00,0.0 
 09/16  21:00:00,0.0 
 09/16  22:00:00,0.0 
 09/16  23:00:00,0.0 
 09/16  24:00:00,0.0 
 09/17  01:00:00,0.0 
 09/17  02:00:00,0.0 
 09/17  03:00:00,0.0 
 09/17  04:00:00,0.0 
 09/17  05:00:00,0.0 
 09/17  06:00:00,0.0 
 09/17  07:00:00,0.0 
 09/17  08:00:00,0.0 
 09/17  09:00:00,0.0 
 09/17  10:00:00,0.0 
 09/17  11:00:00,0.0 
 09/17  12:00:00,0.0 
 09/17  13:00:00,0.0 
 09/17  14:00:00,0.0 
 09/17  15:00:00,0.0 
 09/17  16:00:00,0.0 
 09/17  17:00:00,0.0 
 09/17  18:00:00,0.0 
 09/17  19:00:00,0.0 
 09/17  20:00:00,0.0 
 09/17  21:00:00,0.0 
 09/17  22:00:00,0.0 
 09/17  23:00:00,0.0 
 09/17  24:00:00,0.0 
 09/18  01:00:00,0.0 
 09/18  02:00:00,0.0 
 09/18  03:00:00,0.0 
 09/18  04:00:00,0.0 
 09/18  05:00:00,1775540.8421444823 
 09/18  06:00:00,5786958.903410845 
 09/18  07:00:00,8380389.087371181 
 09/18  08:00:00,24111418.370748825 
 09/18  09:00:00,12397977.232868958 
 09/18  10:00:00,8824425.933623176 
 09/18  11:00:00,3138487.4076432316 
 09/18  12:00:00,1634165.7008452925 
 09/18  13:00:00,0.0 
 09/18  14:00:00,0.0 
 09/18  15:00:00,0.0 
 09/18  16:00:00,0.0 
 09/18  17:00:00,0.0 
 09/18  18:00:00,0.0 
 09/18  19:00:00,0.0 
 09/18  20:00:00,0.0 
 09/18  21:00:00,0.0 
 09/18  22:00:00,0.0 
 09/18  23:00:00,0.0 
 09/18  24:00:00,0.0 
 09/19  01:00:00,0.0 
 09/19  02:00:00,520055.6005600257 
 09/19  03:00:00,9065319.783521129 
 09/19  04:00:00,17821340.68258165 
 09/19  05:00:00,23922667.424037565 
 09/19  06:00:00,29714496.37067635 
 09/19  07:00:00,35784220.40177188 
 09/19  08:00:00,54066315.16890846 
 09/19  09:00:00,38819326.506744325 
 09/19  10:00:00,21323849.44823517 
 09/19  11:00:00,3809575.4058214487 
 09/19  12:00:00,379584.8055707873 
 09/19  13:00:00,0.0 
 09/19  14:00:00,0.0 
 09/19  15:00:00,0.0 
 09/19  16:00:00,0.0 
 09/19  17:00:00,0.0 
 09/19  18:00:00,0.0 
 09/19  19:00:00,0.0 
 09/19  20:00:00,0.0 
 09/19  21:00:00,0.0 
 09/19  22:00:00,0.0 
 09/19  23:00:00,0.0 
 09/19  24:00:00,0.0 
 09/20  01:00:00,0.0 
 09/20  02:00:00,0.0 
 09/20  03:00:00,0.0 
 09/20  04:00:00,0.0 
 09/20  05:00:00,2709427.142179047 
 09/20  06:00:00,5316868.966167793 
 09/20  07:00:00,7633272.206004651 
 09/20  08:00:00,22454766.49015036 
 09/20  09:00:00,17044116.434931535 
 09/20  10:00:00,12590734.638184054 
 09/20  11:00:00,0.0 
 09/20  12:00:00,0.0 
 09/20  13:00:00,0.0 
 09/20  14:00:00,0.0 
 09/20  15:00:00,0.0 
 09/20  16:00:00,0.0 
 09/20  17:00:00,0.0 
 09/20  18:00:00,0.0 
 09/20  19:00:00,0.0 
 09/20  20:00:00,0.0 
 09/20  21:00:00,0.0 
 09/20  22:00:00,0.0 
 09/20  23:00:00,0.0 
 09/20  24:00:00,2556653.0068702884 
 09/21  01:00:00,6465934.192932991 
 09/21  02:00:00,8503196.15326199 
 09/21  03:00:00,14674642.095735567 
 09/21  04:00:00,19906858.7697524 
 09/21  05:00:00,24109251.55898603 
 09/21  06:00:00,27711352.444736134 
 09/21  07:00:00,30163045.71442291 
 09/21  08:00:00,45545564.09863851 
 09/21  09:00:00,41710070.46575463 
 09/21  10:00:00,33115071.691561617 
 09/21  11:00:00,11598923.285193313 
 09/21  12:00:00,1316944.3236267893 
 09/21  13:00:00,0.0 
 09/21  14:00:00,0.0 
 09/21  15:00:00,0.0 
 09/21  16:00:00,0.0 
 09/21  17:00:00,0.0 
 09/21  18:00:00,0.0 
 09/21  19:00:00,0.0 
 09/21  20:00:00,0.0 
 09/21  21:00:00,0.0 
 09/21  22:00:00,0.0 
 09/21  23:00:00,0.0 
 09/21  24:00:00,0.0 
 09/22  01:00:00,0.0 
 09/22  02:00:00,0.0 
 09/22  03:00:00,0.0 
 09/22  04:00:00,6794226.3581080595 
 09/22  05:00:00,16514754.747044332 
 09/22  06:00:00,19682195.527640764 
 09/22  07:00:00,21339857.111053836 
 09/22  08:00:00,35293791.47347977 
 09/22  09:00:00,28158385.573778924 
 09/22  10:00:00,16121813.344018184 
 09/22  11:00:00,0.0 
 09/22  12:00:00,0.0 
 09/22  13:00:00,0.0 
 09/22  14:00:00,0.0 
 09/22  15:00:00,0.0 
 09/22  16:00:00,0.0 
 09/22  17:00:00,0.0 
 09/22  18:00:00,0.0 
 09/22  19:00:00,0.0 
 09/22  20:00:00,0.0 
 09/22  21:00:00,0.0 
 09/22  22:00:00,0.0 
 09/22  23:00:00,0.0 
 09/22  24:00:00,0.0 
 09/23  01:00:00,0.0 
 09/23  02:00:00,0.0 
 09/23  03:00:00,0.0 
 09/23  04:00:00,0.0 
 09/23  05:00:00,0.0 
 09/23  06:00:00,0.0 
 09/23  07:00:00,0.0 
 09/23  08:00:00,0.0 
 09/23  09:00:00,0.0 
 09/23  10:00:00,0.0 
 09/23  11:00:00,0.0 
 09/23  12:00:00,0.0 
 09/23  13:00:00,0.0 
 09/23  14:00:00,0.0 
 09/23  15:00:00,0.0 
 09/23  16:00:00,0.0 
 09/23  17:00:00,0.0 
 09/23  18:00:00,0.0 
 09/23  19:00:00,0.0 
 09/23  20:00:00,0.0 
 09/23  21:00:00,0.0 
 09/23  22:00:00,0.0 
 09/23  23:00:00,0.0 
 09/23  24:00:00,0.0 
 09/24  01:00:00,0.0 
 09/24  02:00:00,0.0 
 09/24  03:00:00,0.0 
 09/24  04:00:00,6136187.364047882 
 09/24  05:00:00,14597073.018513223 
 09/24  06:00:00,17215799.404292453 
 09/24  07:00:00,18634337.40252585 
 09/24  08:00:00,35219300.86727485 
 09/24  09:00:00,30327884.50814261 
 09/24  10:00:00,20218862.979882587 
 09/24  11:00:00,660361.5337339696 
 09/24  12:00:00,0.0 
 09/24  13:00:00,0.0 
 09/24  14:00:00,0.0 
 09/24  15:00:00,0.0 
 09/24  16:00:00,0.0 
 09/24  17:00:00,0.0 
 09/24  18:00:00,0.0 
 09/24  19:00:00,0.0 
 09/24  20:00:00,0.0 
 09/24  21:00:00,0.0 
 09/24  22:00:00,0.0 
 09/24  23:00:00,0.0 
 09/24  24:00:00,0.0 
 09/25  01:00:00,2862623.241488915 
 09/25  02:00:00,10531236.429267785 
 09/25  03:00:00,20075261.43967024 
 09/25  04:00:00,28407952.049911056 
 09/25  05:00:00,35613620.83478042 
 09/25  06:00:00,42590977.075226225 
 09/25  07:00:00,50568164.17051847 
 09/25  08:00:00,70454847.51607838 
 09/25  09:00:00,56072116.40939626 
 09/25  10:00:00,40539494.346693 
 09/25  11:00:00,25907472.727956377 
 09/25  12:00:00,19807268.88177423 
 09/25  13:00:00,3234628.632302466 
 09/25  14:00:00,1623257.7405342367 
 09/25  15:00:00,0.0 
 09/25  16:00:00,0.0 
 09/25  17:00:00,0.0 
 09/25  18:00:00,0.0 
 09/25  19:00:00,0.0 
 09/25  20:00:00,0.0 
 09/25  21:00:00,0.0 
 09/25  22:00:00,0.0 
 09/25  23:00:00,8848487.981558893 
 09/25  24:00:00,20494627.00521735 
 09/26  01:00:00,31384507.16120407 
 09/26  02:00:00,38800896.88283875 
 09/26  03:00:00,47475909.89074406 
 09/26  04:00:00,60451849.647984296 
 09/26  05:00:00,74026657.8998274 
 09/26  06:00:00,84468795.58244202 
 09/26  07:00:00,90959770.20557305 
 09/26  08:00:00,109099670.79792109 
 09/26  09:00:00,92531932.6785217 
 09/26  10:00:00,71811838.84754194 
 09/26  11:00:00,54167267.60063404 
 09/26  12:00:00,45047964.493723296 
 09/26  13:00:00,25463343.069510266 
 09/26  14:00:00,22661918.323650014 
 09/26  15:00:00,17618361.9602588 
 09/26  16:00:00,1294069.668690674 
 09/26  17:00:00,0.0 
 09/26  18:00:00,0.0 
 09/26  19:00:00,0.0 
 09/26  20:00:00,689917.6374606555 
 09/26  21:00:00,6735642.008048518 
 09/26  22:00:00,15026855.35477727 
 09/26  23:00:00,31415284.655086543 
 09/26  24:00:00,47047580.252172366 
 09/27  01:00:00,56232298.85163915 
 09/27  02:00:00,63444547.93018195 
 09/27  03:00:00,71806263.84168011 
 09/27  04:00:00,81061667.56876472 
 09/27  05:00:00,92755533.094913 
 09/27  06:00:00,101903631.52609253 
 09/27  07:00:00,106539830.36331365 
 09/27  08:00:00,123327949.00106 
 09/27  09:00:00,117452230.29127309 
 09/27  10:00:00,99020709.84387378 
 09/27  11:00:00,66804639.17474374 
 09/27  12:00:00,39056587.72358867 
 09/27  13:00:00,11331069.34540698 
 09/27  14:00:00,7470117.919848987 
 09/27  15:00:00,0.0 
 09/27  16:00:00,0.0 
 09/27  17:00:00,0.0 
 09/27  18:00:00,0.0 
 09/27  19:00:00,0.0 
 09/27  20:00:00,0.0 
 09/27  21:00:00,0.0 
 09/27  22:00:00,0.0 
 09/27  23:00:00,450959.196512564 
 09/27  24:00:00,18868426.44408066 
 09/28  01:00:00,26548880.000636872 
 09/28  02:00:00,31975180.090031315 
 09/28  03:00:00,46245684.48390566 
 09/28  04:00:00,59865979.202178665 
 09/28  05:00:00,69926212.17463866 
 09/28  06:00:00,76998757.38586073 
 09/28  07:00:00,82752597.02996758 
 09/28  08:00:00,101768211.44269404 
 09/28  09:00:00,96096309.07882184 
 09/28  10:00:00,75666151.33618814 
 09/28  11:00:00,41380727.2192787 
 09/28  12:00:00,14972215.72514613 
 09/28  13:00:00,0.0 
 09/28  14:00:00,0.0 
 09/28  15:00:00,0.0 
 09/28  16:00:00,0.0 
 09/28  17:00:00,0.0 
 09/28  18:00:00,0.0 
 09/28  19:00:00,0.0 
 09/28  20:00:00,0.0 
 09/28  21:00:00,0.0 
 09/28  22:00:00,0.0 
 09/28  23:00:00,0.0 
 09/28  24:00:00,2648703.0750641716 
 09/29  01:00:00,17413159.85922814 
 09/29  02:00:00,29131507.45801593 
 09/29  03:00:00,39615061.44597259 
 09/29  04:00:00,52579332.942040265 
 09/29  05:00:00,68170890.80088049 
 09/29  06:00:00,78455695.31731325 
 09/29  07:00:00,83144325.59182231 
 09/29  08:00:00,100073163.61884005 
 09/29  09:00:00,92388570.50418313 
 09/29  10:00:00,69427206.76274276 
 09/29  11:00:00,35010317.61515716 
 09/29  12:00:00,8443086.819477856 
 09/29  13:00:00,0.0 
 09/29  14:00:00,0.0 
 09/29  15:00:00,0.0 
 09/29  16:00:00,0.0 
 09/29  17:00:00,0.0 
 09/29  18:00:00,0.0 
 09/29  19:00:00,0.0 
 09/29  20:00:00,0.0 
 09/29  21:00:00,0.0 
 09/29  22:00:00,0.0 
 09/29  23:00:00,0.0 
 09/29  24:00:00,0.0 
 09/30  01:00:00,0.0 
 09/30  02:00:00,0.0 
 09/30  03:00:00,7163937.509862555 
 09/30  04:00:00,24416786.13928501 
 09/30  05:00:00,37339267.87234044 
 09/30  06:00:00,46239029.5386509 
 09/30  07:00:00,52999052.79172082 
 09/30  08:00:00,70915279.55302103 
 09/30  09:00:00,68178338.11522333 
 09/30  10:00:00,50898571.894020215 
 09/30  11:00:00,20273697.951480992 
 09/30  12:00:00,2620853.07034204 
 09/30  13:00:00,0.0 
 09/30  14:00:00,0.0 
 09/30  15:00:00,0.0 
 09/30  16:00:00,0.0 
 09/30  17:00:00,0.0 
 09/30  18:00:00,0.0 
 09/30  19:00:00,0.0 
 09/30  20:00:00,0.0 
 09/30  21:00:00,0.0 
 09/30  22:00:00,0.0 
 09/30  23:00:00,0.0 
 09/30  24:00:00,0.0 
 10/01  01:00:00,0.0 
 10/01  02:00:00,3364031.3340245984 
 10/01  03:00:00,18974918.242598057 
 10/01  04:00:00,33893692.190111876 
 10/01  05:00:00,40112700.532270975 
 10/01  06:00:00,44211204.30078904 
 10/01  07:00:00,52482470.69186645 
 10/01  08:00:00,73501958.83521973 
 10/01  09:00:00,70839625.78626542 
 10/01  10:00:00,53811294.88853004 
 10/01  11:00:00,24166501.887069624 
 10/01  12:00:00,4526193.957276608 
 10/01  13:00:00,0.0 
 10/01  14:00:00,0.0 
 10/01  15:00:00,0.0 
 10/01  16:00:00,0.0 
 10/01  17:00:00,0.0 
 10/01  18:00:00,0.0 
 10/01  19:00:00,0.0 
 10/01  20:00:00,0.0 
 10/01  21:00:00,0.0 
 10/01  22:00:00,0.0 
 10/01  23:00:00,0.0 
 10/01  24:00:00,0.0 
 10/02  01:00:00,0.0 
 10/02  02:00:00,346731.24126798945 
 10/02  03:00:00,6787156.191550358 
 10/02  04:00:00,16872691.15030789 
 10/02  05:00:00,25682034.41517505 
 10/02  06:00:00,31893451.942682847 
 10/02  07:00:00,38280205.59315677 
 10/02  08:00:00,57184401.89188533 
 10/02  09:00:00,51458711.0454743 
 10/02  10:00:00,35227675.71331346 
 10/02  11:00:00,10160744.558059866 
 10/02  12:00:00,1349493.296976923 
 10/02  13:00:00,0.0 
 10/02  14:00:00,0.0 
 10/02  15:00:00,0.0 
 10/02  16:00:00,0.0 
 10/02  17:00:00,0.0 
 10/02  18:00:00,0.0 
 10/02  19:00:00,0.0 
 10/02  20:00:00,0.0 
 10/02  21:00:00,0.0 
 10/02  22:00:00,0.0 
 10/02  23:00:00,0.0 
 10/02  24:00:00,0.0 
 10/03  01:00:00,4769811.641463347 
 10/03  02:00:00,12804102.739247635 
 10/03  03:00:00,18404631.552197587 
 10/03  04:00:00,25711141.786709268 
 10/03  05:00:00,33255014.5253196 
 10/03  06:00:00,36526842.653240934 
 10/03  07:00:00,39080279.60570396 
 10/03  08:00:00,56392986.70143943 
 10/03  09:00:00,42618420.918091446 
 10/03  10:00:00,27670827.133154944 
 10/03  11:00:00,12175761.797815178 
 10/03  12:00:00,12705348.742989056 
 10/03  13:00:00,5212056.528765453 
 10/03  14:00:00,6674656.477297262 
 10/03  15:00:00,4460367.064892106 
 10/03  16:00:00,0.0 
 10/03  17:00:00,0.0 
 10/03  18:00:00,0.0 
 10/03  19:00:00,0.0 
 10/03  20:00:00,0.0 
 10/03  21:00:00,0.0 
 10/03  22:00:00,1950804.9079878023 
 10/03  23:00:00,9951854.36814552 
 10/03  24:00:00,18179657.706687413 
 10/04  01:00:00,22864690.239174455 
 10/04  02:00:00,26974566.09846235 
 10/04  03:00:00,32755758.972463097 
 10/04  04:00:00,41229078.03618401 
 10/04  05:00:00,46985400.1793098 
 10/04  06:00:00,48275307.54630166 
 10/04  07:00:00,50126345.47028383 
 10/04  08:00:00,63966313.95128696 
 10/04  09:00:00,57807718.6598159 
 10/04  10:00:00,54980244.92397233 
 10/04  11:00:00,39878033.19284328 
 10/04  12:00:00,24445432.651863333 
 10/04  13:00:00,6653966.97118861 
 10/04  14:00:00,7853116.341238947 
 10/04  15:00:00,0.0 
 10/04  16:00:00,0.0 
 10/04  17:00:00,0.0 
 10/04  18:00:00,0.0 
 10/04  19:00:00,1462951.1174975778 
 10/04  20:00:00,0.0 
 10/04  21:00:00,5052769.032977905 
 10/04  22:00:00,9530507.338906476 
 10/04  23:00:00,18126932.458348423 
 10/04  24:00:00,36328263.79225853 
 10/05  01:00:00,50223882.56370686 
 10/05  02:00:00,58358523.79246174 
 10/05  03:00:00,68470204.91494456 
 10/05  04:00:00,81584988.74545988 
 10/05  05:00:00,94848304.78584856 
 10/05  06:00:00,105884420.46878117 
 10/05  07:00:00,111781323.63410427 
 10/05  08:00:00,128162859.41808367 
 10/05  09:00:00,122605588.64370893 
 10/05  10:00:00,102947767.66495055 
 10/05  11:00:00,70580247.3807199 
 10/05  12:00:00,42700034.85476414 
 10/05  13:00:00,14968122.308194613 
 10/05  14:00:00,12381701.883171137 
 10/05  15:00:00,628359.105123079 
 10/05  16:00:00,0.0 
 10/05  17:00:00,0.0 
 10/05  18:00:00,0.0 
 10/05  19:00:00,0.0 
 10/05  20:00:00,128284.43194006105 
 10/05  21:00:00,6412538.179605688 
 10/05  22:00:00,6096477.851500351 
 10/05  23:00:00,12877270.714016736 
 10/05  24:00:00,23810231.248174246 
 10/06  01:00:00,30376285.138046134 
 10/06  02:00:00,35059720.13272173 
 10/06  03:00:00,40358051.75395453 
 10/06  04:00:00,48658020.67947802 
 10/06  05:00:00,59148612.867436185 
 10/06  06:00:00,66425286.53589807 
 10/06  07:00:00,70869583.87981182 
 10/06  08:00:00,89928872.65093356 
 10/06  09:00:00,93354989.09538099 
 10/06  10:00:00,81061908.7461827 
 10/06  11:00:00,50121452.78846602 
 10/06  12:00:00,22559219.755534783 
 10/06  13:00:00,0.0 
 10/06  14:00:00,0.0 
 10/06  15:00:00,0.0 
 10/06  16:00:00,0.0 
 10/06  17:00:00,0.0 
 10/06  18:00:00,0.0 
 10/06  19:00:00,0.0 
 10/06  20:00:00,0.0 
 10/06  21:00:00,0.0 
 10/06  22:00:00,0.0 
 10/06  23:00:00,857119.6836851652 
 10/06  24:00:00,11842305.137830473 
 10/07  01:00:00,16229779.17127423 
 10/07  02:00:00,21472452.29043137 
 10/07  03:00:00,29665587.197168812 
 10/07  04:00:00,32856671.13296685 
 10/07  05:00:00,35557493.02599973 
 10/07  06:00:00,39484678.078471325 
 10/07  07:00:00,42430023.143256865 
 10/07  08:00:00,58939760.83998696 
 10/07  09:00:00,54629764.72336255 
 10/07  10:00:00,44056706.76549344 
 10/07  11:00:00,22936335.87340764 
 10/07  12:00:00,5458235.532870842 
 10/07  13:00:00,0.0 
 10/07  14:00:00,0.0 
 10/07  15:00:00,0.0 
 10/07  16:00:00,0.0 
 10/07  17:00:00,0.0 
 10/07  18:00:00,0.0 
 10/07  19:00:00,0.0 
 10/07  20:00:00,0.0 
 10/07  21:00:00,0.0 
 10/07  22:00:00,0.0 
 10/07  23:00:00,0.0 
 10/07  24:00:00,0.0 
 10/08  01:00:00,143614.88062158463 
 10/08  02:00:00,4252982.26074425 
 10/08  03:00:00,10652602.737790834 
 10/08  04:00:00,16433146.270629264 
 10/08  05:00:00,18678993.05765787 
 10/08  06:00:00,18035984.53434182 
 10/08  07:00:00,15716455.752986077 
 10/08  08:00:00,29303346.161290783 
 10/08  09:00:00,26412083.696700532 
 10/08  10:00:00,23357425.60178923 
 10/08  11:00:00,8498356.094940893 
 10/08  12:00:00,931169.4246892934 
 10/08  13:00:00,0.0 
 10/08  14:00:00,0.0 
 10/08  15:00:00,0.0 
 10/08  16:00:00,0.0 
 10/08  17:00:00,0.0 
 10/08  18:00:00,0.0 
 10/08  19:00:00,0.0 
 10/08  20:00:00,0.0 
 10/08  21:00:00,0.0 
 10/08  22:00:00,0.0 
 10/08  23:00:00,0.0 
 10/08  24:00:00,0.0 
 10/09  01:00:00,0.0 
 10/09  02:00:00,0.0 
 10/09  03:00:00,0.0 
 10/09  04:00:00,0.0 
 10/09  05:00:00,0.0 
 10/09  06:00:00,0.0 
 10/09  07:00:00,0.0 
 10/09  08:00:00,7701003.234719241 
 10/09  09:00:00,0.0 
 10/09  10:00:00,0.0 
 10/09  11:00:00,0.0 
 10/09  12:00:00,8647373.967832513 
 10/09  13:00:00,14881300.058416044 
 10/09  14:00:00,21956837.51436963 
 10/09  15:00:00,14317796.871047178 
 10/09  16:00:00,11635691.65834553 
 10/09  17:00:00,13541361.43599346 
 10/09  18:00:00,18250434.830574494 
 10/09  19:00:00,36567806.0254304 
 10/09  20:00:00,32256490.825150613 
 10/09  21:00:00,36284454.907643765 
 10/09  22:00:00,39923605.422828496 
 10/09  23:00:00,49185908.62862873 
 10/09  24:00:00,60742377.235149845 
 10/10  01:00:00,67989635.23953149 
 10/10  02:00:00,72409023.9025539 
 10/10  03:00:00,75441791.17643851 
 10/10  04:00:00,80454482.93540679 
 10/10  05:00:00,83066034.0658524 
 10/10  06:00:00,84272380.60217941 
 10/10  07:00:00,86485198.46477935 
 10/10  08:00:00,100099304.47069086 
 10/10  09:00:00,86350406.59616385 
 10/10  10:00:00,82513098.02515998 
 10/10  11:00:00,75532442.9981193 
 10/10  12:00:00,64932482.239692256 
 10/10  13:00:00,44691613.91259686 
 10/10  14:00:00,44679308.40756836 
 10/10  15:00:00,43466980.507828966 
 10/10  16:00:00,29144983.460372966 
 10/10  17:00:00,22984323.626438238 
 10/10  18:00:00,21062349.07399966 
 10/10  19:00:00,25512580.465112966 
 10/10  20:00:00,32733981.0162952 
 10/10  21:00:00,38328267.42089542 
 10/10  22:00:00,44850911.64649544 
 10/10  23:00:00,57245126.33738652 
 10/10  24:00:00,60603802.2006722 
 10/11  01:00:00,58573535.12484867 
 10/11  02:00:00,62945433.59539862 
 10/11  03:00:00,70825770.1550181 
 10/11  04:00:00,79398917.874921 
 10/11  05:00:00,81945278.84905797 
 10/11  06:00:00,82272168.16503933 
 10/11  07:00:00,83812008.64651823 
 10/11  08:00:00,97640925.47503605 
 10/11  09:00:00,87202500.7401402 
 10/11  10:00:00,79919474.82170293 
 10/11  11:00:00,65198843.43383447 
 10/11  12:00:00,52285207.70415037 
 10/11  13:00:00,37088795.182718225 
 10/11  14:00:00,36845884.57609772 
 10/11  15:00:00,26216409.9101746 
 10/11  16:00:00,25247516.63612929 
 10/11  17:00:00,23229977.84245997 
 10/11  18:00:00,35654535.40276726 
 10/11  19:00:00,35574829.77581599 
 10/11  20:00:00,31513638.385454625 
 10/11  21:00:00,36698358.45479829 
 10/11  22:00:00,39655906.49302287 
 10/11  23:00:00,45539742.999494664 
 10/11  24:00:00,48823327.331990495 
 10/12  01:00:00,51525429.971616514 
 10/12  02:00:00,54476190.139232785 
 10/12  03:00:00,58822499.16880986 
 10/12  04:00:00,64649500.70007218 
 10/12  05:00:00,67961201.9027063 
 10/12  06:00:00,68633539.95730992 
 10/12  07:00:00,70405091.43766312 
 10/12  08:00:00,86289165.71297275 
 10/12  09:00:00,82312214.0530739 
 10/12  10:00:00,77899993.04750581 
 10/12  11:00:00,57464352.35098854 
 10/12  12:00:00,40494737.595482714 
 10/12  13:00:00,22347896.123233262 
 10/12  14:00:00,25043089.477912873 
 10/12  15:00:00,19662288.371845663 
 10/12  16:00:00,16426771.432754517 
 10/12  17:00:00,11762477.35393824 
 10/12  18:00:00,22280182.308447257 
 10/12  19:00:00,21068597.072442956 
 10/12  20:00:00,12326412.414927619 
 10/12  21:00:00,17637122.129734278 
 10/12  22:00:00,24532300.861907415 
 10/12  23:00:00,32127538.276775047 
 10/12  24:00:00,41624518.591470465 
 10/13  01:00:00,47342940.74045382 
 10/13  02:00:00,49292377.99353793 
 10/13  03:00:00,52515504.52099697 
 10/13  04:00:00,59256024.6542849 
 10/13  05:00:00,67653245.50500816 
 10/13  06:00:00,73708396.81632432 
 10/13  07:00:00,75372810.98123617 
 10/13  08:00:00,87677938.23248729 
 10/13  09:00:00,81749794.19598836 
 10/13  10:00:00,71870991.39225812 
 10/13  11:00:00,47061275.71704583 
 10/13  12:00:00,28289160.976693813 
 10/13  13:00:00,9931842.634918798 
 10/13  14:00:00,8704808.986313686 
 10/13  15:00:00,0.0 
 10/13  16:00:00,0.0 
 10/13  17:00:00,0.0 
 10/13  18:00:00,0.0 
 10/13  19:00:00,215071.3542345562 
 10/13  20:00:00,0.0 
 10/13  21:00:00,1023991.9784310157 
 10/13  22:00:00,7945388.444727135 
 10/13  23:00:00,19108968.07582753 
 10/13  24:00:00,26886281.222152803 
 10/14  01:00:00,32938193.51150607 
 10/14  02:00:00,39414578.85404863 
 10/14  03:00:00,44656671.83606148 
 10/14  04:00:00,55988734.819829255 
 10/14  05:00:00,67294815.22741911 
 10/14  06:00:00,74308957.66015738 
 10/14  07:00:00,79781402.1118307 
 10/14  08:00:00,97575776.14315507 
 10/14  09:00:00,94736041.07264255 
 10/14  10:00:00,82731787.1520431 
 10/14  11:00:00,54693490.64164063 
 10/14  12:00:00,31158073.199059814 
 10/14  13:00:00,8299562.043991826 
 10/14  14:00:00,6375747.504248517 
 10/14  15:00:00,0.0 
 10/14  16:00:00,0.0 
 10/14  17:00:00,0.0 
 10/14  18:00:00,0.0 
 10/14  19:00:00,522953.6179405404 
 10/14  20:00:00,1611376.73467946 
 10/14  21:00:00,8343616.261372541 
 10/14  22:00:00,13372529.967934709 
 10/14  23:00:00,32008690.582293913 
 10/14  24:00:00,48165264.88355471 
 10/15  01:00:00,54921368.210100584 
 10/15  02:00:00,63846876.17642508 
 10/15  03:00:00,76894094.24076182 
 10/15  04:00:00,89299553.14789458 
 10/15  05:00:00,100321292.08048962 
 10/15  06:00:00,108837593.0216646 
 10/15  07:00:00,113910270.42519368 
 10/15  08:00:00,131611144.72272329 
 10/15  09:00:00,127755598.23698924 
 10/15  10:00:00,115240021.74130356 
 10/15  11:00:00,86475954.97871056 
 10/15  12:00:00,61282874.95699232 
 10/15  13:00:00,36992810.097026974 
 10/15  14:00:00,34247731.968546815 
 10/15  15:00:00,21641505.612189826 
 10/15  16:00:00,14250253.585522471 
 10/15  17:00:00,6130930.353087047 
 10/15  18:00:00,15632459.940156272 
 10/15  19:00:00,19774033.281562593 
 10/15  20:00:00,16854657.487009376 
 10/15  21:00:00,27878434.59234975 
 10/15  22:00:00,39123837.92989101 
 10/15  23:00:00,54084152.7404872 
 10/15  24:00:00,68784394.56070806 
 10/16  01:00:00,77497818.6707731 
 10/16  02:00:00,86178196.15448153 
 10/16  03:00:00,97436295.7306354 
 10/16  04:00:00,110307418.349895 
 10/16  05:00:00,122373017.99005796 
 10/16  06:00:00,129983328.02996698 
 10/16  07:00:00,133114434.96595728 
 10/16  08:00:00,147979614.50650397 
 10/16  09:00:00,134035038.32454297 
 10/16  10:00:00,120442231.85291032 
 10/16  11:00:00,101395075.93347192 
 10/16  12:00:00,81813777.2361684 
 10/16  13:00:00,55864616.806263685 
 10/16  14:00:00,52159965.949196875 
 10/16  15:00:00,38201080.736161046 
 10/16  16:00:00,29439565.56391362 
 10/16  17:00:00,21852499.525828566 
 10/16  18:00:00,18054702.825179495 
 10/16  19:00:00,37441956.08319623 
 10/16  20:00:00,39022788.24135728 
 10/16  21:00:00,45835046.02995683 
 10/16  22:00:00,51095687.07582117 
 10/16  23:00:00,57498141.31418292 
 10/16  24:00:00,67011423.79352389 
 10/17  01:00:00,77619556.17785856 
 10/17  02:00:00,87036328.79731263 
 10/17  03:00:00,98046715.36357754 
 10/17  04:00:00,107737442.36306514 
 10/17  05:00:00,115043770.86800589 
 10/17  06:00:00,120062353.6582304 
 10/17  07:00:00,122138687.89024632 
 10/17  08:00:00,136855667.2728568 
 10/17  09:00:00,124230231.40213346 
 10/17  10:00:00,111857380.87286349 
 10/17  11:00:00,93919769.40548143 
 10/17  12:00:00,79739822.30843428 
 10/17  13:00:00,58039567.29618409 
 10/17  14:00:00,55077384.41001365 
 10/17  15:00:00,51137013.80738364 
 10/17  16:00:00,35277095.72064565 
 10/17  17:00:00,29011552.28535834 
 10/17  18:00:00,26710432.32370718 
 10/17  19:00:00,34981909.38888142 
 10/17  20:00:00,45095640.6189222 
 10/17  21:00:00,51753898.24888112 
 10/17  22:00:00,60779679.735868834 
 10/17  23:00:00,73721979.06006595 
 10/17  24:00:00,90598036.9963048 
 10/18  01:00:00,105483571.97091572 
 10/18  02:00:00,115469543.72118971 
 10/18  03:00:00,125454321.88466516 
 10/18  04:00:00,135741341.19211605 
 10/18  05:00:00,148649628.99733943 
 10/18  06:00:00,158958566.91123503 
 10/18  07:00:00,163485917.10959557 
 10/18  08:00:00,181240685.78739548 
 10/18  09:00:00,178004885.5858629 
 10/18  10:00:00,159884911.47708455 
 10/18  11:00:00,126759820.17498249 
 10/18  12:00:00,97724766.65531921 
 10/18  13:00:00,68184199.88971566 
 10/18  14:00:00,62692415.59036727 
 10/18  15:00:00,47803383.41871252 
 10/18  16:00:00,38083301.444485135 
 10/18  17:00:00,28411283.39560063 
 10/18  18:00:00,36496445.22372853 
 10/18  19:00:00,41902415.986719325 
 10/18  20:00:00,46668534.44355517 
 10/18  21:00:00,57086945.80672753 
 10/18  22:00:00,64580111.00924456 
 10/18  23:00:00,80655296.55041738 
 10/18  24:00:00,99380378.67552833 
 10/19  01:00:00,111080114.9767476 
 10/19  02:00:00,118967802.27971631 
 10/19  03:00:00,130222861.36000356 
 10/19  04:00:00,143469412.87837353 
 10/19  05:00:00,152567104.96545208 
 10/19  06:00:00,157790222.11302665 
 10/19  07:00:00,161596083.77060476 
 10/19  08:00:00,178596923.11445874 
 10/19  09:00:00,175625933.5270764 
 10/19  10:00:00,157729443.1977075 
 10/19  11:00:00,124126864.00045459 
 10/19  12:00:00,90668523.83617748 
 10/19  13:00:00,57673416.359666064 
 10/19  14:00:00,51396911.9279029 
 10/19  15:00:00,35088618.613882504 
 10/19  16:00:00,21590692.540513292 
 10/19  17:00:00,6138606.219739945 
 10/19  18:00:00,10950766.877813637 
 10/19  19:00:00,17592701.563915096 
 10/19  20:00:00,24929108.315862544 
 10/19  21:00:00,37121286.136725985 
 10/19  22:00:00,46244132.57737274 
 10/19  23:00:00,67067712.337457635 
 10/19  24:00:00,86948899.29201008 
 10/20  01:00:00,102291614.21839055 
 10/20  02:00:00,115211620.54623508 
 10/20  03:00:00,123421086.03121808 
 10/20  04:00:00,132771048.23144004 
 10/20  05:00:00,143492677.5939341 
 10/20  06:00:00,151762425.8008634 
 10/20  07:00:00,156985734.29626814 
 10/20  08:00:00,174738603.53782412 
 10/20  09:00:00,171207963.59882486 
 10/20  10:00:00,147472915.67570066 
 10/20  11:00:00,108700092.03456262 
 10/20  12:00:00,72072449.24838322 
 10/20  13:00:00,35449804.287381575 
 10/20  14:00:00,28783975.124649107 
 10/20  15:00:00,13924298.958660128 
 10/20  16:00:00,3687595.723016211 
 10/20  17:00:00,0.0 
 10/20  18:00:00,0.0 
 10/20  19:00:00,8701370.011943195 
 10/20  20:00:00,13180980.69511147 
 10/20  21:00:00,14776568.86474133 
 10/20  22:00:00,20868468.392655965 
 10/20  23:00:00,56150180.227042615 
 10/20  24:00:00,86253044.94695507 
 10/21  01:00:00,91849267.04308772 
 10/21  02:00:00,96300540.73813567 
 10/21  03:00:00,106115174.33035636 
 10/21  04:00:00,114491382.94712704 
 10/21  05:00:00,123955461.2586321 
 10/21  06:00:00,134133745.93532927 
 10/21  07:00:00,139378667.28095427 
 10/21  08:00:00,155708242.43270653 
 10/21  09:00:00,152602769.9800404 
 10/21  10:00:00,135650283.76142597 
 10/21  11:00:00,103516735.4072712 
 10/21  12:00:00,71125728.08209017 
 10/21  13:00:00,39182392.405250154 
 10/21  14:00:00,35519744.129224695 
 10/21  15:00:00,21383659.04891751 
 10/21  16:00:00,10290437.809569402 
 10/21  17:00:00,591084.4416480745 
 10/21  18:00:00,6129502.185418981 
 10/21  19:00:00,13900136.806705747 
 10/21  20:00:00,11378404.662505932 
 10/21  21:00:00,14340529.258045334 
 10/21  22:00:00,24839242.362716433 
 10/21  23:00:00,45135154.82015199 
 10/21  24:00:00,70174328.78042011 
 10/22  01:00:00,87375849.53900875 
 10/22  02:00:00,96892417.85390498 
 10/22  03:00:00,105742197.52735873 
 10/22  04:00:00,113153996.07173154 
 10/22  05:00:00,118397491.74104376 
 10/22  06:00:00,122157822.39732094 
 10/22  07:00:00,126087298.45860332 
 10/22  08:00:00,142470195.43549016 
 10/22  09:00:00,140139747.53372243 
 10/22  10:00:00,125930899.11553065 
 10/22  11:00:00,96154832.9231183 
 10/22  12:00:00,67373502.64024523 
 10/22  13:00:00,37251853.25215773 
 10/22  14:00:00,33038727.93545622 
 10/22  15:00:00,18936963.570214856 
 10/22  16:00:00,10310354.38722015 
 10/22  17:00:00,4446807.353406446 
 10/22  18:00:00,17563553.751794852 
 10/22  19:00:00,25419604.398464393 
 10/22  20:00:00,27223675.417836983 
 10/22  21:00:00,31791827.075394534 
 10/22  22:00:00,32191202.39679676 
 10/22  23:00:00,36227303.12729386 
 10/22  24:00:00,43699152.60889095 
 10/23  01:00:00,51531728.43292966 
 10/23  02:00:00,60928043.17903376 
 10/23  03:00:00,72512361.75602098 
 10/23  04:00:00,81468343.59662034 
 10/23  05:00:00,91769243.20346977 
 10/23  06:00:00,102677376.20334241 
 10/23  07:00:00,110976593.64352858 
 10/23  08:00:00,131241146.35452282 
 10/23  09:00:00,120571243.45071739 
 10/23  10:00:00,103922793.66164297 
 10/23  11:00:00,79053829.64335962 
 10/23  12:00:00,58145842.19629864 
 10/23  13:00:00,32109952.904182788 
 10/23  14:00:00,27715052.17304242 
 10/23  15:00:00,14569787.957012944 
 10/23  16:00:00,6652494.802028268 
 10/23  17:00:00,260242.51584423473 
 10/23  18:00:00,0.0 
 10/23  19:00:00,19667409.45811841 
 10/23  20:00:00,28125899.072694235 
 10/23  21:00:00,39650180.78031483 
 10/23  22:00:00,46850390.68055228 
 10/23  23:00:00,53415299.99753322 
 10/23  24:00:00,66868208.93646595 
 10/24  01:00:00,74055429.36967814 
 10/24  02:00:00,74418351.40097304 
 10/24  03:00:00,80256549.01276354 
 10/24  04:00:00,91736185.97388735 
 10/24  05:00:00,107258050.59638213 
 10/24  06:00:00,117200308.14149582 
 10/24  07:00:00,121956067.1167622 
 10/24  08:00:00,139931916.43779987 
 10/24  09:00:00,128432365.58669105 
 10/24  10:00:00,111254768.99172804 
 10/24  11:00:00,87078622.7954399 
 10/24  12:00:00,63808407.440358 
 10/24  13:00:00,33643159.02711534 
 10/24  14:00:00,26709114.56016308 
 10/24  15:00:00,20721648.786011823 
 10/24  16:00:00,2583522.3654488805 
 10/24  17:00:00,0.0 
 10/24  18:00:00,0.0 
 10/24  19:00:00,0.0 
 10/24  20:00:00,0.0 
 10/24  21:00:00,2229159.3116741977 
 10/24  22:00:00,7307732.540345577 
 10/24  23:00:00,15154753.867659148 
 10/24  24:00:00,23571729.34100954 
 10/25  01:00:00,28661170.537913896 
 10/25  02:00:00,31687677.496207755 
 10/25  03:00:00,33195005.291296545 
 10/25  04:00:00,35577914.949683346 
 10/25  05:00:00,39029949.410306446 
 10/25  06:00:00,41699412.31124443 
 10/25  07:00:00,44183267.285659164 
 10/25  08:00:00,62511558.862730116 
 10/25  09:00:00,66112928.422704495 
 10/25  10:00:00,70865582.47475702 
 10/25  11:00:00,59741672.69755552 
 10/25  12:00:00,51348022.130983666 
 10/25  13:00:00,39538956.79030406 
 10/25  14:00:00,41563950.114452094 
 10/25  15:00:00,32296167.685892366 
 10/25  16:00:00,29619580.66862718 
 10/25  17:00:00,28293173.956975713 
 10/25  18:00:00,43419615.544583365 
 10/25  19:00:00,52889374.5105969 
 10/25  20:00:00,54600299.94619708 
 10/25  21:00:00,62257990.41449677 
 10/25  22:00:00,71999205.61253366 
 10/25  23:00:00,92011844.20044193 
 10/25  24:00:00,113575985.78767589 
 10/26  01:00:00,124294699.57730895 
 10/26  02:00:00,133182349.76408023 
 10/26  03:00:00,148676831.67652547 
 10/26  04:00:00,163937577.47280708 
 10/26  05:00:00,175692970.47302783 
 10/26  06:00:00,184554589.8599939 
 10/26  07:00:00,188873946.08419508 
 10/26  08:00:00,204117615.81512266 
 10/26  09:00:00,200188432.40052283 
 10/26  10:00:00,177776859.85595468 
 10/26  11:00:00,138664392.52539277 
 10/26  12:00:00,102835991.32506317 
 10/26  13:00:00,67087366.350279815 
 10/26  14:00:00,58959004.40578947 
 10/26  15:00:00,40619542.685290664 
 10/26  16:00:00,25280932.961077042 
 10/26  17:00:00,10041464.137309292 
 10/26  18:00:00,16595022.972861724 
 10/26  19:00:00,24959803.479468767 
 10/26  20:00:00,38248142.86822043 
 10/26  21:00:00,60858588.57736689 
 10/26  22:00:00,72549021.9951664 
 10/26  23:00:00,87672048.23551276 
 10/26  24:00:00,107623285.4658268 
 10/27  01:00:00,123087881.1792489 
 10/27  02:00:00,133576046.01099882 
 10/27  03:00:00,143426944.3901795 
 10/27  04:00:00,155371622.34421286 
 10/27  05:00:00,167057773.29295376 
 10/27  06:00:00,176572817.94543317 
 10/27  07:00:00,182509101.5779875 
 10/27  08:00:00,198078366.8682322 
 10/27  09:00:00,194521736.09407765 
 10/27  10:00:00,169291651.61637864 
 10/27  11:00:00,127087240.37399244 
 10/27  12:00:00,87527295.20185342 
 10/27  13:00:00,48886217.53152281 
 10/27  14:00:00,41642626.14233228 
 10/27  15:00:00,25917872.306229956 
 10/27  16:00:00,12590834.135788258 
 10/27  17:00:00,799288.2660122705 
 10/27  18:00:00,7538974.161915562 
 10/27  19:00:00,25629651.750130963 
 10/27  20:00:00,41218119.17720307 
 10/27  21:00:00,49172943.41418542 
 10/27  22:00:00,42007336.772114776 
 10/27  23:00:00,46367595.64580937 
 10/27  24:00:00,59639012.07251105 
 10/28  01:00:00,73368578.91541138 
 10/28  02:00:00,89251358.72836997 
 10/28  03:00:00,101354589.76823014 
 10/28  04:00:00,107620169.18373246 
 10/28  05:00:00,110353013.63078815 
 10/28  06:00:00,111389438.55260642 
 10/28  07:00:00,111556615.8418732 
 10/28  08:00:00,124694073.77585137 
 10/28  09:00:00,119422037.88822015 
 10/28  10:00:00,109348039.11627913 
 10/28  11:00:00,91018184.51220767 
 10/28  12:00:00,64398011.79563678 
 10/28  13:00:00,32798067.051751975 
 10/28  14:00:00,29270400.27724574 
 10/28  15:00:00,15169688.573998578 
 10/28  16:00:00,5279134.5234221425 
 10/28  17:00:00,0.0 
 10/28  18:00:00,2973793.1011065957 
 10/28  19:00:00,19631633.810298294 
 10/28  20:00:00,29420926.253864408 
 10/28  21:00:00,26565312.485868 
 10/28  22:00:00,25725548.474550385 
 10/28  23:00:00,38385843.41287563 
 10/28  24:00:00,51874505.45866702 
 10/29  01:00:00,59548215.02347469 
 10/29  02:00:00,62899301.08123794 
 10/29  03:00:00,66202709.38358986 
 10/29  04:00:00,70165397.62772596 
 10/29  05:00:00,72310184.40956126 
 10/29  06:00:00,78982465.78775673 
 10/29  07:00:00,90728794.22821018 
 10/29  08:00:00,112021375.46651949 
 10/29  09:00:00,108843091.5902533 
 10/29  10:00:00,101899638.21814997 
 10/29  11:00:00,81650482.69022964 
 10/29  12:00:00,57847881.301927686 
 10/29  13:00:00,31432945.729948953 
 10/29  14:00:00,26724946.95372706 
 10/29  15:00:00,12903279.510890497 
 10/29  16:00:00,8660785.310891107 
 10/29  17:00:00,4536660.2040837165 
 10/29  18:00:00,14794389.272206323 
 10/29  19:00:00,28637438.958079867 
 10/29  20:00:00,40697663.72106406 
 10/29  21:00:00,53366964.06870249 
 10/29  22:00:00,59611930.110012524 
 10/29  23:00:00,63841130.20860316 
 10/29  24:00:00,73053035.5451137 
 10/30  01:00:00,82399867.44227272 
 10/30  02:00:00,84607275.5435284 
 10/30  03:00:00,85199821.99557328 
 10/30  04:00:00,86467627.33306068 
 10/30  05:00:00,85534367.67512411 
 10/30  06:00:00,85437261.78221986 
 10/30  07:00:00,86328741.56262212 
 10/30  08:00:00,100554294.8831388 
 10/30  09:00:00,87555384.9674609 
 10/30  10:00:00,85846116.98010613 
 10/30  11:00:00,85294676.4130437 
 10/30  12:00:00,91571074.00509563 
 10/30  13:00:00,83069347.40041 
 10/30  14:00:00,83102877.88084413 
 10/30  15:00:00,75954728.42341037 
 10/30  16:00:00,74606431.6904377 
 10/30  17:00:00,73988236.98472315 
 10/30  18:00:00,75161011.95392218 
 10/30  19:00:00,86111483.5868976 
 10/30  20:00:00,74057889.24685583 
 10/30  21:00:00,71684287.87220097 
 10/30  22:00:00,71316595.54387665 
 10/30  23:00:00,75206861.26724762 
 10/30  24:00:00,79157828.58233023 
 10/31  01:00:00,79787483.62373725 
 10/31  02:00:00,77335564.12672988 
 10/31  03:00:00,75567347.94842747 
 10/31  04:00:00,77636134.55295795 
 10/31  05:00:00,81704563.16730832 
 10/31  06:00:00,83958451.75320643 
 10/31  07:00:00,85775361.97455956 
 10/31  08:00:00,101008645.19913799 
 10/31  09:00:00,89463984.7958736 
 10/31  10:00:00,87919907.75355557 
 10/31  11:00:00,84493885.64920215 
 10/31  12:00:00,84173280.90680471 
 10/31  13:00:00,70715168.63919678 
 10/31  14:00:00,70289065.61556062 
 10/31  15:00:00,69006400.89937466 
 10/31  16:00:00,55886086.12202138 
 10/31  17:00:00,54643937.26827829 
 10/31  18:00:00,55244894.20069209 
 10/31  19:00:00,58656074.87362413 
 10/31  20:00:00,61336870.69080556 
 10/31  21:00:00,60954078.34033286 
 10/31  22:00:00,61051378.30428972 
 10/31  23:00:00,64773452.94541094 
 10/31  24:00:00,71210693.4411157 
 11/01  01:00:00,75000682.41901325 
 11/01  02:00:00,75400725.16961865 
 11/01  03:00:00,74971979.2173534 
 11/01  04:00:00,76194692.45753118 
 11/01  05:00:00,76521054.94351186 
 11/01  06:00:00,75649946.52952956 
 11/01  07:00:00,75039658.97914988 
 11/01  08:00:00,87853083.3968637 
 11/01  09:00:00,82772497.50283335 
 11/01  10:00:00,79969284.58304684 
 11/01  11:00:00,65183246.86600053 
 11/01  12:00:00,51958114.50997236 
 11/01  13:00:00,35151889.67514429 
 11/01  14:00:00,38261277.823269024 
 11/01  15:00:00,30952199.54619514 
 11/01  16:00:00,26175774.63278014 
 11/01  17:00:00,22784889.46177564 
 11/01  18:00:00,36629324.58631676 
 11/01  19:00:00,43037171.50674909 
 11/01  20:00:00,41683605.61011059 
 11/01  21:00:00,45131382.71028009 
 11/01  22:00:00,47787451.63374609 
 11/01  23:00:00,54796656.17512434 
 11/01  24:00:00,64077677.518640235 
 11/02  01:00:00,68316175.55140065 
 11/02  02:00:00,68770168.1587704 
 11/02  03:00:00,71048946.85150956 
 11/02  04:00:00,80446943.4044276 
 11/02  05:00:00,90869897.8813877 
 11/02  06:00:00,89243177.99488056 
 11/02  07:00:00,86591824.18493186 
 11/02  08:00:00,102791375.62045425 
 11/02  09:00:00,105212097.29805802 
 11/02  10:00:00,102059997.91507277 
 11/02  11:00:00,80416492.6621301 
 11/02  12:00:00,63175563.44068539 
 11/02  13:00:00,43000057.3661003 
 11/02  14:00:00,41286813.73808405 
 11/02  15:00:00,29133097.95607627 
 11/02  16:00:00,22387383.14784989 
 11/02  17:00:00,14692168.805740993 
 11/02  18:00:00,24100050.560790293 
 11/02  19:00:00,34426645.61870734 
 11/02  20:00:00,41020751.51251539 
 11/02  21:00:00,48204200.20896 
 11/02  22:00:00,55536364.63520513 
 11/02  23:00:00,72622083.91218264 
 11/02  24:00:00,86352990.39009227 
 11/03  01:00:00,92847357.51224132 
 11/03  02:00:00,99280388.68150526 
 11/03  03:00:00,105764612.44045578 
 11/03  04:00:00,116298851.22387072 
 11/03  05:00:00,126104953.80825455 
 11/03  06:00:00,131010404.12346768 
 11/03  07:00:00,135505349.36398697 
 11/03  08:00:00,151299244.94185975 
 11/03  09:00:00,149341666.38051525 
 11/03  10:00:00,135969487.33742014 
 11/03  11:00:00,103042362.07566898 
 11/03  12:00:00,69065240.31065576 
 11/03  13:00:00,36153233.17175342 
 11/03  14:00:00,30062110.078210875 
 11/03  15:00:00,13847889.734183474 
 11/03  16:00:00,2854761.7856761906 
 11/03  17:00:00,0.0 
 11/03  18:00:00,0.0 
 11/03  19:00:00,0.0 
 11/03  20:00:00,0.0 
 11/03  21:00:00,4908168.75409662 
 11/03  22:00:00,25079172.336742297 
 11/03  23:00:00,45820785.06160938 
 11/03  24:00:00,61957524.42555522 
 11/04  01:00:00,70343583.16301315 
 11/04  02:00:00,76180257.02752659 
 11/04  03:00:00,81304090.65471663 
 11/04  04:00:00,90153527.7276004 
 11/04  05:00:00,99661413.48442735 
 11/04  06:00:00,104533287.88351429 
 11/04  07:00:00,106467724.72172195 
 11/04  08:00:00,120623863.49386363 
 11/04  09:00:00,116750952.91488323 
 11/04  10:00:00,104831449.13197812 
 11/04  11:00:00,76150525.3295306 
 11/04  12:00:00,47609383.40931464 
 11/04  13:00:00,18858011.799688 
 11/04  14:00:00,15323961.756978093 
 11/04  15:00:00,3083923.5212030355 
 11/04  16:00:00,0.0 
 11/04  17:00:00,0.0 
 11/04  18:00:00,0.0 
 11/04  19:00:00,147600.8869669517 
 11/04  20:00:00,0.0 
 11/04  21:00:00,3607518.6476044008 
 11/04  22:00:00,10722012.92306059 
 11/04  23:00:00,28691313.886302292 
 11/04  24:00:00,52517814.1522001 
 11/05  01:00:00,67740677.75364886 
 11/05  02:00:00,74969544.4403235 
 11/05  03:00:00,79942160.25761084 
 11/05  04:00:00,88207328.21032728 
 11/05  05:00:00,93862761.32865451 
 11/05  06:00:00,95056057.99637394 
 11/05  07:00:00,96841611.34509994 
 11/05  08:00:00,111691981.22882734 
 11/05  09:00:00,109012436.82398167 
 11/05  10:00:00,101080728.23298632 
 11/05  11:00:00,78371803.90306678 
 11/05  12:00:00,53581041.94595911 
 11/05  13:00:00,27554967.394931044 
 11/05  14:00:00,26731273.997236572 
 11/05  15:00:00,16478602.850332275 
 11/05  16:00:00,8704955.38595966 
 11/05  17:00:00,497933.1547680544 
 11/05  18:00:00,6916855.34138916 
 11/05  19:00:00,14127044.30656785 
 11/05  20:00:00,15767253.409417555 
 11/05  21:00:00,25627641.81701518 
 11/05  22:00:00,38421208.61786142 
 11/05  23:00:00,48989692.300040305 
 11/05  24:00:00,56925819.77152991 
 11/06  01:00:00,64140803.29448573 
 11/06  02:00:00,70945946.06456386 
 11/06  03:00:00,81508684.31693277 
 11/06  04:00:00,88833839.3969928 
 11/06  05:00:00,93368334.38681982 
 11/06  06:00:00,98734683.92201382 
 11/06  07:00:00,101882080.64620276 
 11/06  08:00:00,117394345.23433569 
 11/06  09:00:00,107011146.16732752 
 11/06  10:00:00,100485379.80993024 
 11/06  11:00:00,88648655.47262195 
 11/06  12:00:00,73654160.67730814 
 11/06  13:00:00,48695057.60825917 
 11/06  14:00:00,44813797.77592459 
 11/06  15:00:00,30372608.030952152 
 11/06  16:00:00,19031183.715663854 
 11/06  17:00:00,9224176.262896705 
 11/06  18:00:00,6573694.322210354 
 11/06  19:00:00,29044151.60620764 
 11/06  20:00:00,33945376.52302017 
 11/06  21:00:00,44833238.34199109 
 11/06  22:00:00,55175510.45986666 
 11/06  23:00:00,69918575.50566666 
 11/06  24:00:00,78103130.65848227 
 11/07  01:00:00,81051605.2020956 
 11/07  02:00:00,89108292.18475398 
 11/07  03:00:00,95770712.54154764 
 11/07  04:00:00,101084551.7520886 
 11/07  05:00:00,103068377.27723539 
 11/07  06:00:00,101379923.77163158 
 11/07  07:00:00,100543650.07051568 
 11/07  08:00:00,113463542.81255206 
 11/07  09:00:00,104020125.61149974 
 11/07  10:00:00,94359155.94752325 
 11/07  11:00:00,76420402.59537305 
 11/07  12:00:00,69063477.61185336 
 11/07  13:00:00,52930860.65975883 
 11/07  14:00:00,50724978.74810893 
 11/07  15:00:00,49899918.575859025 
 11/07  16:00:00,43138204.224353015 
 11/07  17:00:00,49528544.75239642 
 11/07  18:00:00,55425629.67636703 
 11/07  19:00:00,63415726.23971061 
 11/07  20:00:00,74400334.08597878 
 11/07  21:00:00,83213073.39107165 
 11/07  22:00:00,90081440.52219091 
 11/07  23:00:00,100570697.44522774 
 11/07  24:00:00,105777682.45838153 
 11/08  01:00:00,105136068.27763872 
 11/08  02:00:00,113195548.2171525 
 11/08  03:00:00,126994540.40408978 
 11/08  04:00:00,135079339.16828874 
 11/08  05:00:00,134237156.5492024 
 11/08  06:00:00,129347248.14347667 
 11/08  07:00:00,125362811.6346024 
 11/08  08:00:00,135572337.120722 
 11/08  09:00:00,130447692.88873973 
 11/08  10:00:00,128963836.57154977 
 11/08  11:00:00,113813046.34710287 
 11/08  12:00:00,100777192.01814783 
 11/08  13:00:00,84166766.39251769 
 11/08  14:00:00,84638842.01796317 
 11/08  15:00:00,77490125.59582716 
 11/08  16:00:00,76437201.58849254 
 11/08  17:00:00,74199185.02287635 
 11/08  18:00:00,86171870.01319674 
 11/08  19:00:00,86115684.07532465 
 11/08  20:00:00,75287500.7781098 
 11/08  21:00:00,70916959.27734753 
 11/08  22:00:00,69326024.02628419 
 11/08  23:00:00,72554465.37577072 
 11/08  24:00:00,75840273.80722412 
 11/09  01:00:00,78292161.09829922 
 11/09  02:00:00,81649318.3285356 
 11/09  03:00:00,81702193.58225897 
 11/09  04:00:00,82180575.90739138 
 11/09  05:00:00,83782972.99493864 
 11/09  06:00:00,83966612.18307918 
 11/09  07:00:00,84531651.25277695 
 11/09  08:00:00,97673973.92079715 
 11/09  09:00:00,93255443.2406273 
 11/09  10:00:00,98428380.90671517 
 11/09  11:00:00,91298174.47979458 
 11/09  12:00:00,81630690.0092426 
 11/09  13:00:00,68823917.9405981 
 11/09  14:00:00,71529317.64118066 
 11/09  15:00:00,61141952.16435129 
 11/09  16:00:00,58126723.033985354 
 11/09  17:00:00,57752260.73122514 
 11/09  18:00:00,72644843.91882263 
 11/09  19:00:00,77898657.27698828 
 11/09  20:00:00,73669622.96573824 
 11/09  21:00:00,75823275.53924288 
 11/09  22:00:00,77962643.42701334 
 11/09  23:00:00,83077542.4401738 
 11/09  24:00:00,90318993.38483368 
 11/10  01:00:00,94360193.07298078 
 11/10  02:00:00,95749539.32959814 
 11/10  03:00:00,97429185.3244832 
 11/10  04:00:00,101431296.0274707 
 11/10  05:00:00,105015366.71814224 
 11/10  06:00:00,105958850.31539568 
 11/10  07:00:00,105492110.95618053 
 11/10  08:00:00,119493450.35598573 
 11/10  09:00:00,115798112.64753826 
 11/10  10:00:00,115283199.1595315 
 11/10  11:00:00,102607108.89669773 
 11/10  12:00:00,91566738.95949478 
 11/10  13:00:00,77470801.61806603 
 11/10  14:00:00,78933595.44055392 
 11/10  15:00:00,69230103.78573358 
 11/10  16:00:00,67113630.65189151 
 11/10  17:00:00,65249370.15312575 
 11/10  18:00:00,78770443.26622021 
 11/10  19:00:00,86335362.59965485 
 11/10  20:00:00,88243433.11892302 
 11/10  21:00:00,96044327.96296269 
 11/10  22:00:00,102009547.83531024 
 11/10  23:00:00,111272712.10048643 
 11/10  24:00:00,125002876.0940993 
 11/11  01:00:00,140923603.858167 
 11/11  02:00:00,151754762.00821808 
 11/11  03:00:00,156489041.8337032 
 11/11  04:00:00,162046809.1415587 
 11/11  05:00:00,168175898.59583983 
 11/11  06:00:00,172130626.8212949 
 11/11  07:00:00,174992669.5544244 
 11/11  08:00:00,189083077.2181502 
 11/11  09:00:00,182743171.26492542 
 11/11  10:00:00,172009524.1294556 
 11/11  11:00:00,145462914.42933932 
 11/11  12:00:00,117694232.50192605 
 11/11  13:00:00,89752745.09985667 
 11/11  14:00:00,84542589.74532565 
 11/11  15:00:00,66810585.700145006 
 11/11  16:00:00,56392962.647438675 
 11/11  17:00:00,50009988.506940454 
 11/11  18:00:00,61403521.91073507 
 11/11  19:00:00,69012422.14676064 
 11/11  20:00:00,70852436.43612836 
 11/11  21:00:00,78698384.85393257 
 11/11  22:00:00,85885535.41055958 
 11/11  23:00:00,92796969.00789927 
 11/11  24:00:00,100290009.96965864 
 11/12  01:00:00,105482309.81591973 
 11/12  02:00:00,111565473.73808528 
 11/12  03:00:00,115442599.95695424 
 11/12  04:00:00,115775283.03217286 
 11/12  05:00:00,116236318.18393904 
 11/12  06:00:00,115491947.03381617 
 11/12  07:00:00,116462353.2157495 
 11/12  08:00:00,133940488.65212989 
 11/12  09:00:00,133324464.736357 
 11/12  10:00:00,132123368.04782589 
 11/12  11:00:00,118749873.1634741 
 11/12  12:00:00,100706845.31692313 
 11/12  13:00:00,80460484.96320629 
 11/12  14:00:00,80860991.10942005 
 11/12  15:00:00,67288192.02901766 
 11/12  16:00:00,56813515.63980038 
 11/12  17:00:00,44957928.01729456 
 11/12  18:00:00,53275927.500910364 
 11/12  19:00:00,64299065.183205955 
 11/12  20:00:00,69292262.53556532 
 11/12  21:00:00,77597431.7701976 
 11/12  22:00:00,86285554.67262827 
 11/12  23:00:00,89574767.05095862 
 11/12  24:00:00,94046238.21851146 
 11/13  01:00:00,99916368.90943326 
 11/13  02:00:00,101900151.69001049 
 11/13  03:00:00,104736470.87454507 
 11/13  04:00:00,110957858.80595417 
 11/13  05:00:00,112616244.04611465 
 11/13  06:00:00,109615673.92643422 
 11/13  07:00:00,111973152.08663751 
 11/13  08:00:00,128567404.69680214 
 11/13  09:00:00,114295601.78724186 
 11/13  10:00:00,109825790.2922701 
 11/13  11:00:00,106731190.05577298 
 11/13  12:00:00,105297929.62407738 
 11/13  13:00:00,93805394.80643822 
 11/13  14:00:00,97417135.45724362 
 11/13  15:00:00,88818263.00414567 
 11/13  16:00:00,84583684.56972855 
 11/13  17:00:00,78491626.54332289 
 11/13  18:00:00,75844108.4448957 
 11/13  19:00:00,92553467.22287731 
 11/13  20:00:00,89526905.30309376 
 11/13  21:00:00,93159068.44553405 
 11/13  22:00:00,92980702.03181747 
 11/13  23:00:00,95621481.81659743 
 11/13  24:00:00,100322438.6504834 
 11/14  01:00:00,99934285.44655412 
 11/14  02:00:00,100417533.02759619 
 11/14  03:00:00,102114551.46303391 
 11/14  04:00:00,104809485.72762185 
 11/14  05:00:00,106693447.25121024 
 11/14  06:00:00,106417801.49554342 
 11/14  07:00:00,107689675.51885551 
 11/14  08:00:00,122116916.42502044 
 11/14  09:00:00,108188083.33993539 
 11/14  10:00:00,102266917.6901863 
 11/14  11:00:00,97418232.11894569 
 11/14  12:00:00,100628920.99071658 
 11/14  13:00:00,92515658.76677436 
 11/14  14:00:00,96433481.20316501 
 11/14  15:00:00,96347167.78020889 
 11/14  16:00:00,84072178.27679493 
 11/14  17:00:00,81834593.8341692 
 11/14  18:00:00,80927896.65025857 
 11/14  19:00:00,83409302.37444237 
 11/14  20:00:00,84601021.70399025 
 11/14  21:00:00,83441987.22911601 
 11/14  22:00:00,85299128.37641945 
 11/14  23:00:00,93985351.82836829 
 11/14  24:00:00,102104121.74288692 
 11/15  01:00:00,107773517.65672493 
 11/15  02:00:00,112563833.10102984 
 11/15  03:00:00,115755355.8202707 
 11/15  04:00:00,121144528.2383199 
 11/15  05:00:00,127984355.7466013 
 11/15  06:00:00,134704221.80301476 
 11/15  07:00:00,140591730.80886424 
 11/15  08:00:00,161798110.01305607 
 11/15  09:00:00,163335278.50957534 
 11/15  10:00:00,159886828.53799644 
 11/15  11:00:00,141130614.86091447 
 11/15  12:00:00,123434287.22361702 
 11/15  13:00:00,103329784.46100257 
 11/15  14:00:00,101491163.64440243 
 11/15  15:00:00,89813870.30654205 
 11/15  16:00:00,83926580.05451255 
 11/15  17:00:00,80832196.27921736 
 11/15  18:00:00,94232674.47524673 
 11/15  19:00:00,101008056.1255263 
 11/15  20:00:00,102869810.84669565 
 11/15  21:00:00,112364440.8926948 
 11/15  22:00:00,123004184.20982552 
 11/15  23:00:00,133577211.20281339 
 11/15  24:00:00,140421470.68562353 
 11/16  01:00:00,143978120.86272022 
 11/16  02:00:00,147951254.19078338 
 11/16  03:00:00,154088401.3999431 
 11/16  04:00:00,163656559.55617183 
 11/16  05:00:00,170322057.05159172 
 11/16  06:00:00,171656760.42938024 
 11/16  07:00:00,170841067.43059582 
 11/16  08:00:00,185844786.5786278 
 11/16  09:00:00,183943515.25417912 
 11/16  10:00:00,178215653.81042024 
 11/16  11:00:00,159187627.05231327 
 11/16  12:00:00,136559172.42355567 
 11/16  13:00:00,110658390.51365456 
 11/16  14:00:00,107679805.40762804 
 11/16  15:00:00,95842959.24639715 
 11/16  16:00:00,89309115.11135207 
 11/16  17:00:00,83779708.74883676 
 11/16  18:00:00,96651003.28629024 
 11/16  19:00:00,106374240.76722217 
 11/16  20:00:00,106108799.87361959 
 11/16  21:00:00,111278219.41116077 
 11/16  22:00:00,119940806.96320073 
 11/16  23:00:00,131014910.6968477 
 11/16  24:00:00,141836534.27388844 
 11/17  01:00:00,148035138.925698 
 11/17  02:00:00,149915375.28491881 
 11/17  03:00:00,148025855.24400172 
 11/17  04:00:00,141907633.1127522 
 11/17  05:00:00,132965957.77321146 
 11/17  06:00:00,127849538.44670483 
 11/17  07:00:00,127938183.0483288 
 11/17  08:00:00,142278176.88726974 
 11/17  09:00:00,138453962.97747487 
 11/17  10:00:00,140449311.32457063 
 11/17  11:00:00,131571335.6408369 
 11/17  12:00:00,127153707.50183964 
 11/17  13:00:00,117847432.83090168 
 11/17  14:00:00,119960567.02473891 
 11/17  15:00:00,109205058.90212643 
 11/17  16:00:00,99815195.01185937 
 11/17  17:00:00,90670142.2992081 
 11/17  18:00:00,98812481.0112586 
 11/17  19:00:00,103525645.56410727 
 11/17  20:00:00,108209091.29974636 
 11/17  21:00:00,115286085.31345004 
 11/17  22:00:00,116178099.17508623 
 11/17  23:00:00,125873641.19747503 
 11/17  24:00:00,136748066.93214208 
 11/18  01:00:00,145634872.19037697 
 11/18  02:00:00,149733349.31495824 
 11/18  03:00:00,148001830.57759428 
 11/18  04:00:00,151644407.03527725 
 11/18  05:00:00,158206205.37896657 
 11/18  06:00:00,161962767.04980674 
 11/18  07:00:00,161657200.4407801 
 11/18  08:00:00,171409399.08969012 
 11/18  09:00:00,165778151.65629286 
 11/18  10:00:00,160503466.89110333 
 11/18  11:00:00,139574980.01929548 
 11/18  12:00:00,119925283.45634592 
 11/18  13:00:00,99684005.9972089 
 11/18  14:00:00,98359241.61374307 
 11/18  15:00:00,87205379.83440742 
 11/18  16:00:00,80994969.03211 
 11/18  17:00:00,75507444.4819508 
 11/18  18:00:00,89852744.31383751 
 11/18  19:00:00,100937660.12097445 
 11/18  20:00:00,97266639.19189893 
 11/18  21:00:00,98620315.69749011 
 11/18  22:00:00,103621878.49440281 
 11/18  23:00:00,115595483.64041783 
 11/18  24:00:00,128296265.98090985 
 11/19  01:00:00,135707522.51107848 
 11/19  02:00:00,141682537.81020316 
 11/19  03:00:00,148791689.23566526 
 11/19  04:00:00,157523988.03881103 
 11/19  05:00:00,158528690.58764377 
 11/19  06:00:00,157262661.03820178 
 11/19  07:00:00,156239075.75269017 
 11/19  08:00:00,165953070.81763202 
 11/19  09:00:00,158430300.34701675 
 11/19  10:00:00,161828922.62627885 
 11/19  11:00:00,153347700.07391557 
 11/19  12:00:00,138740835.15630493 
 11/19  13:00:00,122768569.77522177 
 11/19  14:00:00,123199277.59878895 
 11/19  15:00:00,110495762.90581794 
 11/19  16:00:00,102168119.11897804 
 11/19  17:00:00,94885266.67702821 
 11/19  18:00:00,105399221.50092515 
 11/19  19:00:00,106874271.53176494 
 11/19  20:00:00,101074927.7122781 
 11/19  21:00:00,102618161.96532081 
 11/19  22:00:00,104807197.39983065 
 11/19  23:00:00,109033795.26106335 
 11/19  24:00:00,114688866.35286067 
 11/20  01:00:00,118277902.17669371 
 11/20  02:00:00,120504658.8048983 
 11/20  03:00:00,120172195.97988114 
 11/20  04:00:00,118656442.5856454 
 11/20  05:00:00,115960307.93503526 
 11/20  06:00:00,112998625.25967783 
 11/20  07:00:00,111456928.90547329 
 11/20  08:00:00,122952212.74463448 
 11/20  09:00:00,108096006.11063406 
 11/20  10:00:00,107617328.72414728 
 11/20  11:00:00,107602044.00067954 
 11/20  12:00:00,105359059.76998006 
 11/20  13:00:00,89320549.18161555 
 11/20  14:00:00,88123483.08021587 
 11/20  15:00:00,76183960.98572746 
 11/20  16:00:00,70954606.34569098 
 11/20  17:00:00,67287372.74584316 
 11/20  18:00:00,66968865.44020811 
 11/20  19:00:00,87765156.54539819 
 11/20  20:00:00,88039859.91077098 
 11/20  21:00:00,94163013.2504974 
 11/20  22:00:00,99116735.19118863 
 11/20  23:00:00,104867149.51053703 
 11/20  24:00:00,109847839.81273614 
 11/21  01:00:00,111981564.05784827 
 11/21  02:00:00,113501689.83015347 
 11/21  03:00:00,113925679.16333675 
 11/21  04:00:00,114279227.16372623 
 11/21  05:00:00,117137198.54410896 
 11/21  06:00:00,121187117.07733926 
 11/21  07:00:00,123602341.12555535 
 11/21  08:00:00,137798085.80138803 
 11/21  09:00:00,124879395.883373 
 11/21  10:00:00,121595120.21112768 
 11/21  11:00:00,116169181.756897 
 11/21  12:00:00,109331370.62726103 
 11/21  13:00:00,91278025.32193297 
 11/21  14:00:00,91522286.33514425 
 11/21  15:00:00,92432979.8975947 
 11/21  16:00:00,80546898.543559 
 11/21  17:00:00,78589242.62833406 
 11/21  18:00:00,79287867.73940805 
 11/21  19:00:00,87658057.51724996 
 11/21  20:00:00,96229241.52361035 
 11/21  21:00:00,99210493.16733566 
 11/21  22:00:00,103043416.80859524 
 11/21  23:00:00,109097040.0985336 
 11/21  24:00:00,111885321.27523333 
 11/22  01:00:00,111580309.98083653 
 11/22  02:00:00,113897762.07498513 
 11/22  03:00:00,118064669.5958299 
 11/22  04:00:00,123746757.93307194 
 11/22  05:00:00,131074536.68321486 
 11/22  06:00:00,135688166.50268397 
 11/22  07:00:00,134978386.30557275 
 11/22  08:00:00,146886152.7442229 
 11/22  09:00:00,146183797.50413504 
 11/22  10:00:00,150036530.675982 
 11/22  11:00:00,136007123.9010643 
 11/22  12:00:00,119979122.37175328 
 11/22  13:00:00,101648409.52228726 
 11/22  14:00:00,101373495.20839657 
 11/22  15:00:00,91151884.74945854 
 11/22  16:00:00,88358222.11758684 
 11/22  17:00:00,85750750.28358361 
 11/22  18:00:00,98404194.50326532 
 11/22  19:00:00,107324988.7102886 
 11/22  20:00:00,110050228.98589851 
 11/22  21:00:00,116096013.14301345 
 11/22  22:00:00,121533258.46688475 
 11/22  23:00:00,127934297.77543262 
 11/22  24:00:00,128692694.79651116 
 11/23  01:00:00,130730785.56336017 
 11/23  02:00:00,135083117.3208275 
 11/23  03:00:00,136890651.33932766 
 11/23  04:00:00,144757019.1408997 
 11/23  05:00:00,153317129.8138326 
 11/23  06:00:00,150421240.56306112 
 11/23  07:00:00,146065536.73994252 
 11/23  08:00:00,160889933.83035657 
 11/23  09:00:00,158485466.92896023 
 11/23  10:00:00,161575956.99441034 
 11/23  11:00:00,150341695.983469 
 11/23  12:00:00,132158492.20573822 
 11/23  13:00:00,110659023.7527964 
 11/23  14:00:00,107130878.24978682 
 11/23  15:00:00,92804359.65541604 
 11/23  16:00:00,85775251.50219378 
 11/23  17:00:00,81509736.77322567 
 11/23  18:00:00,96044175.60829523 
 11/23  19:00:00,106429290.50776507 
 11/23  20:00:00,109375761.55479036 
 11/23  21:00:00,114657466.96711603 
 11/23  22:00:00,114986201.44565302 
 11/23  23:00:00,116745580.8243076 
 11/23  24:00:00,122599811.81017585 
 11/24  01:00:00,127333338.34953356 
 11/24  02:00:00,132556937.32380979 
 11/24  03:00:00,142457038.66311684 
 11/24  04:00:00,155251095.45238483 
 11/24  05:00:00,166982981.42149913 
 11/24  06:00:00,173817689.61142632 
 11/24  07:00:00,176846975.13838348 
 11/24  08:00:00,193615433.4003192 
 11/24  09:00:00,191771591.53728133 
 11/24  10:00:00,189388091.35804093 
 11/24  11:00:00,168843029.55122617 
 11/24  12:00:00,141948268.22767562 
 11/24  13:00:00,115081880.21858037 
 11/24  14:00:00,111481640.69959506 
 11/24  15:00:00,98658244.94914524 
 11/24  16:00:00,91652897.66527349 
 11/24  17:00:00,85492606.23109767 
 11/24  18:00:00,99432482.36395726 
 11/24  19:00:00,107352358.4946021 
 11/24  20:00:00,99739584.4553624 
 11/24  21:00:00,100153177.11431275 
 11/24  22:00:00,115146209.7194023 
 11/24  23:00:00,140449542.902472 
 11/24  24:00:00,158203978.96219504 
 11/25  01:00:00,165938600.03564003 
 11/25  02:00:00,172039786.227719 
 11/25  03:00:00,176982438.7551645 
 11/25  04:00:00,187594936.5711571 
 11/25  05:00:00,199983803.58900556 
 11/25  06:00:00,207267907.78954887 
 11/25  07:00:00,211750740.51729605 
 11/25  08:00:00,227038502.14445928 
 11/25  09:00:00,224663481.82532635 
 11/25  10:00:00,219389306.71827 
 11/25  11:00:00,195797087.25382045 
 11/25  12:00:00,161761763.91301146 
 11/25  13:00:00,127251622.84424046 
 11/25  14:00:00,121373998.95975414 
 11/25  15:00:00,106550850.8349967 
 11/25  16:00:00,97676567.40839107 
 11/25  17:00:00,89168873.99388291 
 11/25  18:00:00,102674180.76751326 
 11/25  19:00:00,116021181.58762431 
 11/25  20:00:00,122392740.18503278 
 11/25  21:00:00,132349009.07174394 
 11/25  22:00:00,137540471.4397773 
 11/25  23:00:00,148960524.4276149 
 11/25  24:00:00,163762065.77349067 
 11/26  01:00:00,169680862.68338326 
 11/26  02:00:00,167750679.0511369 
 11/26  03:00:00,166901929.90841675 
 11/26  04:00:00,174098651.29075176 
 11/26  05:00:00,187176641.1654076 
 11/26  06:00:00,197675417.03062034 
 11/26  07:00:00,203633918.85409042 
 11/26  08:00:00,220783530.7882213 
 11/26  09:00:00,219136307.2219671 
 11/26  10:00:00,214114816.21649677 
 11/26  11:00:00,190316577.539083 
 11/26  12:00:00,165190404.42871088 
 11/26  13:00:00,140859479.95420134 
 11/26  14:00:00,139555395.29226142 
 11/26  15:00:00,128225366.99072203 
 11/26  16:00:00,121628463.9900086 
 11/26  17:00:00,115771892.0005932 
 11/26  18:00:00,128315902.33859162 
 11/26  19:00:00,143414535.2547985 
 11/26  20:00:00,151296140.23097575 
 11/26  21:00:00,156038119.50539196 
 11/26  22:00:00,157613103.35100803 
 11/26  23:00:00,161486433.39559376 
 11/26  24:00:00,165110616.26145804 
 11/27  01:00:00,168553199.3422443 
 11/27  02:00:00,173643333.23857796 
 11/27  03:00:00,178343484.46838725 
 11/27  04:00:00,187458195.8351272 
 11/27  05:00:00,198465926.30739278 
 11/27  06:00:00,206547736.97409952 
 11/27  07:00:00,212623947.60378942 
 11/27  08:00:00,228554305.8440612 
 11/27  09:00:00,216345967.38595954 
 11/27  10:00:00,209482136.86354247 
 11/27  11:00:00,197998239.0765798 
 11/27  12:00:00,182418210.08117366 
 11/27  13:00:00,157596561.40648708 
 11/27  14:00:00,153790224.22912312 
 11/27  15:00:00,140151859.16276643 
 11/27  16:00:00,132758074.6574063 
 11/27  17:00:00,126545620.3235225 
 11/27  18:00:00,127286318.24850062 
 11/27  19:00:00,148559026.53620046 
 11/27  20:00:00,149196467.84741744 
 11/27  21:00:00,155639156.24690446 
 11/27  22:00:00,159079236.3912067 
 11/27  23:00:00,164075141.9224245 
 11/27  24:00:00,169911829.99360698 
 11/28  01:00:00,175386767.61882222 
 11/28  02:00:00,181127908.01798064 
 11/28  03:00:00,187205394.1602588 
 11/28  04:00:00,194356269.9287579 
 11/28  05:00:00,205904767.6721539 
 11/28  06:00:00,213861448.60080522 
 11/28  07:00:00,211474600.23128486 
 11/28  08:00:00,218905720.21924487 
 11/28  09:00:00,201729874.31851667 
 11/28  10:00:00,198034686.5620395 
 11/28  11:00:00,190783293.92140853 
 11/28  12:00:00,175720880.65032747 
 11/28  13:00:00,150021931.57267958 
 11/28  14:00:00,143737143.97037277 
 11/28  15:00:00,137157979.7212176 
 11/28  16:00:00,121252124.07233348 
 11/28  17:00:00,118369472.67682058 
 11/28  18:00:00,119990853.7336303 
 11/28  19:00:00,137431757.45948118 
 11/28  20:00:00,148442053.63715747 
 11/28  21:00:00,148969523.20026514 
 11/28  22:00:00,157191144.31116074 
 11/28  23:00:00,170670792.2345699 
 11/28  24:00:00,182625596.22640428 
 11/29  01:00:00,189084721.98887953 
 11/29  02:00:00,192895667.83381292 
 11/29  03:00:00,196857059.6711835 
 11/29  04:00:00,204705169.3118513 
 11/29  05:00:00,209996827.14970362 
 11/29  06:00:00,215003566.6440127 
 11/29  07:00:00,224581157.44411469 
 11/29  08:00:00,242351524.8320767 
 11/29  09:00:00,234486722.38707745 
 11/29  10:00:00,229837641.65508038 
 11/29  11:00:00,215109697.6474436 
 11/29  12:00:00,200379415.35305762 
 11/29  13:00:00,182292797.52175662 
 11/29  14:00:00,182856931.11178112 
 11/29  15:00:00,174555976.08668822 
 11/29  16:00:00,171961528.97037923 
 11/29  17:00:00,170235326.97020358 
 11/29  18:00:00,183636258.96560404 
 11/29  19:00:00,183409676.36086592 
 11/29  20:00:00,174824179.6166892 
 11/29  21:00:00,175169875.77724683 
 11/29  22:00:00,174985027.12092298 
 11/29  23:00:00,176687781.1892038 
 11/29  24:00:00,176424060.30286855 
 11/30  01:00:00,173792465.15126306 
 11/30  02:00:00,170954364.92756167 
 11/30  03:00:00,168121405.2301909 
 11/30  04:00:00,166472769.0591634 
 11/30  05:00:00,161956123.71411768 
 11/30  06:00:00,156825779.289456 
 11/30  07:00:00,157266986.35868144 
 11/30  08:00:00,175505324.65928078 
 11/30  09:00:00,172847429.4405318 
 11/30  10:00:00,169922388.02325022 
 11/30  11:00:00,157189091.58997253 
 11/30  12:00:00,149269232.2036279 
 11/30  13:00:00,135179363.65168527 
 11/30  14:00:00,135848619.7534975 
 11/30  15:00:00,129085805.93931109 
 11/30  16:00:00,131948766.25144053 
 11/30  17:00:00,133944866.85632339 
 11/30  18:00:00,146363205.98524415 
 11/30  19:00:00,147053783.81847128 
 11/30  20:00:00,139833984.3407787 
 11/30  21:00:00,140762935.83849263 
 11/30  22:00:00,142300909.9372065 
 11/30  23:00:00,147725492.89870995 
 11/30  24:00:00,153293590.86632365 
 12/01  01:00:00,157211400.32774663 
 12/01  02:00:00,160293229.29609433 
 12/01  03:00:00,159106077.32767197 
 12/01  04:00:00,156803400.5360167 
 12/01  05:00:00,158247616.4792165 
 12/01  06:00:00,159332055.53217882 
 12/01  07:00:00,158374487.02483863 
 12/01  08:00:00,171489507.41020665 
 12/01  09:00:00,166654464.81825018 
 12/01  10:00:00,170194289.71449754 
 12/01  11:00:00,162728094.98196954 
 12/01  12:00:00,153835270.80751184 
 12/01  13:00:00,140376633.41590795 
 12/01  14:00:00,141144569.18400568 
 12/01  15:00:00,130676558.14204444 
 12/01  16:00:00,126491665.84674841 
 12/01  17:00:00,124739842.1414494 
 12/01  18:00:00,138853839.02741346 
 12/01  19:00:00,145243047.94375166 
 12/01  20:00:00,141764623.27378753 
 12/01  21:00:00,142715609.21522337 
 12/01  22:00:00,145593014.5181443 
 12/01  23:00:00,152732264.90349892 
 12/01  24:00:00,157074118.9695768 
 12/02  01:00:00,157832740.25529814 
 12/02  02:00:00,160807959.6774491 
 12/02  03:00:00,162049955.72137153 
 12/02  04:00:00,162591281.4995411 
 12/02  05:00:00,162856249.22111526 
 12/02  06:00:00,163861322.66122544 
 12/02  07:00:00,168155211.86348075 
 12/02  08:00:00,184328750.308819 
 12/02  09:00:00,179424569.28432766 
 12/02  10:00:00,179364996.97363794 
 12/02  11:00:00,169954913.56635678 
 12/02  12:00:00,157742133.58627573 
 12/02  13:00:00,139926802.73169604 
 12/02  14:00:00,141779573.6824185 
 12/02  15:00:00,134035473.33672169 
 12/02  16:00:00,134199761.73041439 
 12/02  17:00:00,134236792.34916446 
 12/02  18:00:00,148738361.65641338 
 12/02  19:00:00,155142262.37968335 
 12/02  20:00:00,152960277.04595184 
 12/02  21:00:00,159300836.56646144 
 12/02  22:00:00,166100077.28896055 
 12/02  23:00:00,170418779.48371634 
 12/02  24:00:00,169604961.29749295 
 12/03  01:00:00,170231161.14789402 
 12/03  02:00:00,173111586.36733967 
 12/03  03:00:00,173008744.16140315 
 12/03  04:00:00,173960586.63042456 
 12/03  05:00:00,179502006.6475516 
 12/03  06:00:00,183037603.46864128 
 12/03  07:00:00,184042958.65063262 
 12/03  08:00:00,199533999.62703386 
 12/03  09:00:00,199547233.43221626 
 12/03  10:00:00,203753046.09198967 
 12/03  11:00:00,193022989.737244 
 12/03  12:00:00,179873859.5772327 
 12/03  13:00:00,162537140.46645233 
 12/03  14:00:00,163105036.82273576 
 12/03  15:00:00,152885100.6227017 
 12/03  16:00:00,146641602.56575114 
 12/03  17:00:00,139849203.1337676 
 12/03  18:00:00,152585789.9321105 
 12/03  19:00:00,167346447.63897067 
 12/03  20:00:00,173978495.7360551 
 12/03  21:00:00,178172614.4725553 
 12/03  22:00:00,179064726.45527977 
 12/03  23:00:00,182695770.92373565 
 12/03  24:00:00,190311927.17047685 
 12/04  01:00:00,197412139.57211173 
 12/04  02:00:00,200974122.9225228 
 12/04  03:00:00,203285990.1898317 
 12/04  04:00:00,211796318.79280198 
 12/04  05:00:00,224643230.81150863 
 12/04  06:00:00,230624835.9194077 
 12/04  07:00:00,232432891.3383356 
 12/04  08:00:00,252175165.04440722 
 12/04  09:00:00,242185737.33584937 
 12/04  10:00:00,234834070.28467184 
 12/04  11:00:00,222830607.1591567 
 12/04  12:00:00,209941753.53010687 
 12/04  13:00:00,189717662.59138724 
 12/04  14:00:00,187533781.2872621 
 12/04  15:00:00,175103676.654665 
 12/04  16:00:00,167865400.5589853 
 12/04  17:00:00,160548111.30482608 
 12/04  18:00:00,155254396.8521837 
 12/04  19:00:00,179712768.24691975 
 12/04  20:00:00,180980513.69218343 
 12/04  21:00:00,176509798.7532181 
 12/04  22:00:00,171586932.13768458 
 12/04  23:00:00,171007714.61165214 
 12/04  24:00:00,175282999.3992041 
 12/05  01:00:00,177683718.84659165 
 12/05  02:00:00,178723755.8059268 
 12/05  03:00:00,178111121.73155737 
 12/05  04:00:00,177827247.27157322 
 12/05  05:00:00,178099589.68369964 
 12/05  06:00:00,178228788.344849 
 12/05  07:00:00,176224466.56636453 
 12/05  08:00:00,184690282.80347303 
 12/05  09:00:00,171810348.4993272 
 12/05  10:00:00,170301419.44114193 
 12/05  11:00:00,165297799.17614156 
 12/05  12:00:00,164211461.286973 
 12/05  13:00:00,152780445.5504189 
 12/05  14:00:00,152252012.60858867 
 12/05  15:00:00,150724667.06204054 
 12/05  16:00:00,137590371.99799365 
 12/05  17:00:00,130570971.79231437 
 12/05  18:00:00,125754025.41750436 
 12/05  19:00:00,125664404.16152443 
 12/05  20:00:00,124579595.18334296 
 12/05  21:00:00,120408218.60053141 
 12/05  22:00:00,115739048.96351247 
 12/05  23:00:00,112915497.88836998 
 12/05  24:00:00,108955141.73041694 
 12/06  01:00:00,102231688.51705801 
 12/06  02:00:00,95826598.04956087 
 12/06  03:00:00,91055781.21214145 
 12/06  04:00:00,87008646.13292144 
 12/06  05:00:00,78674974.12752311 
 12/06  06:00:00,71154301.35165991 
 12/06  07:00:00,68229287.65163985 
 12/06  08:00:00,80479849.01664983 
 12/06  09:00:00,75811913.89376938 
 12/06  10:00:00,77704074.4792293 
 12/06  11:00:00,67943255.41175115 
 12/06  12:00:00,57502453.876906894 
 12/06  13:00:00,43699398.65653228 
 12/06  14:00:00,43918805.7121495 
 12/06  15:00:00,35725572.111123495 
 12/06  16:00:00,37082402.250643045 
 12/06  17:00:00,37939982.50885068 
 12/06  18:00:00,51813720.304741986 
 12/06  19:00:00,56283362.77578394 
 12/06  20:00:00,52559652.77433823 
 12/06  21:00:00,53070494.938477725 
 12/06  22:00:00,52108060.14806729 
 12/06  23:00:00,55205665.39764041 
 12/06  24:00:00,58394552.76684333 
 12/07  01:00:00,58731368.457056284 
 12/07  02:00:00,58593790.75192411 
 12/07  03:00:00,57210498.50084077 
 12/07  04:00:00,57058056.67555266 
 12/07  05:00:00,57878209.922040425 
 12/07  06:00:00,57583354.66881698 
 12/07  07:00:00,56888517.818458416 
 12/07  08:00:00,69984159.03308293 
 12/07  09:00:00,65535131.64672621 
 12/07  10:00:00,70034046.47506608 
 12/07  11:00:00,64642981.132578894 
 12/07  12:00:00,66256439.37275535 
 12/07  13:00:00,62294379.487299316 
 12/07  14:00:00,66473557.4236837 
 12/07  15:00:00,59809996.00972881 
 12/07  16:00:00,59046672.291671865 
 12/07  17:00:00,58431532.45774635 
 12/07  18:00:00,70091583.1031053 
 12/07  19:00:00,67156291.6989645 
 12/07  20:00:00,56131548.46205525 
 12/07  21:00:00,56574809.86126634 
 12/07  22:00:00,58052177.49397421 
 12/07  23:00:00,58042260.763274215 
 12/07  24:00:00,55577728.65769436 
 12/08  01:00:00,54049558.66310749 
 12/08  02:00:00,54711004.724980496 
 12/08  03:00:00,53747050.20909724 
 12/08  04:00:00,52424780.58832557 
 12/08  05:00:00,56276372.68141714 
 12/08  06:00:00,61346695.977463916 
 12/08  07:00:00,62047766.04629433 
 12/08  08:00:00,75665230.84044708 
 12/08  09:00:00,73277525.93444294 
 12/08  10:00:00,77596566.81085536 
 12/08  11:00:00,68573859.92883104 
 12/08  12:00:00,62174518.30480581 
 12/08  13:00:00,53164258.901514456 
 12/08  14:00:00,56237604.97202339 
 12/08  15:00:00,46100348.28620665 
 12/08  16:00:00,44970560.35849627 
 12/08  17:00:00,46441748.33021858 
 12/08  18:00:00,61408886.61245832 
 12/08  19:00:00,63205937.17248209 
 12/08  20:00:00,55949799.93474317 
 12/08  21:00:00,58173151.65502539 
 12/08  22:00:00,62132315.63938449 
 12/08  23:00:00,65208520.95355477 
 12/08  24:00:00,67354660.27141377 
 12/09  01:00:00,68023900.97133309 
 12/09  02:00:00,68074337.89501214 
 12/09  03:00:00,68506754.1574919 
 12/09  04:00:00,71110482.58405596 
 12/09  05:00:00,74187747.86405069 
 12/09  06:00:00,74052006.10707678 
 12/09  07:00:00,73007103.81011382 
 12/09  08:00:00,85081727.61671689 
 12/09  09:00:00,81545897.12523699 
 12/09  10:00:00,88707194.81757618 
 12/09  11:00:00,78724794.77978083 
 12/09  12:00:00,67569611.20296435 
 12/09  13:00:00,55026739.14184668 
 12/09  14:00:00,57679495.23832229 
 12/09  15:00:00,50649421.5688483 
 12/09  16:00:00,47875068.84397019 
 12/09  17:00:00,45377044.56937592 
 12/09  18:00:00,57456616.0461561 
 12/09  19:00:00,65232084.1642777 
 12/09  20:00:00,64353542.90770595 
 12/09  21:00:00,66520770.559403345 
 12/09  22:00:00,69584845.6616382 
 12/09  23:00:00,75149493.34623887 
 12/09  24:00:00,80004766.7012959 
 12/10  01:00:00,82531658.64966045 
 12/10  02:00:00,85111918.15814346 
 12/10  03:00:00,88476120.55922806 
 12/10  04:00:00,93096871.62354976 
 12/10  05:00:00,94523542.39069931 
 12/10  06:00:00,94666471.88725427 
 12/10  07:00:00,97227787.60782377 
 12/10  08:00:00,113551032.95589511 
 12/10  09:00:00,111102806.19896442 
 12/10  10:00:00,115414284.11394653 
 12/10  11:00:00,105642636.1557637 
 12/10  12:00:00,85799179.02192134 
 12/10  13:00:00,63700643.985844955 
 12/10  14:00:00,62533985.19716214 
 12/10  15:00:00,49385512.592934914 
 12/10  16:00:00,41366975.90620121 
 12/10  17:00:00,35025452.201572426 
 12/10  18:00:00,47930062.44902486 
 12/10  19:00:00,54125475.53879499 
 12/10  20:00:00,59092324.43945049 
 12/10  21:00:00,69217972.27973503 
 12/10  22:00:00,75053346.80402564 
 12/10  23:00:00,81948197.39539441 
 12/10  24:00:00,90281198.86681597 
 12/11  01:00:00,98315242.32858257 
 12/11  02:00:00,104770353.93100539 
 12/11  03:00:00,109221205.15546793 
 12/11  04:00:00,113190422.25155349 
 12/11  05:00:00,117293697.8104946 
 12/11  06:00:00,117472062.74568452 
 12/11  07:00:00,115107083.99385118 
 12/11  08:00:00,127127389.07239689 
 12/11  09:00:00,114727622.09902951 
 12/11  10:00:00,113640081.60975207 
 12/11  11:00:00,112847750.21861686 
 12/11  12:00:00,105376086.11181852 
 12/11  13:00:00,85420406.62173504 
 12/11  14:00:00,83618848.85266325 
 12/11  15:00:00,70504746.51467264 
 12/11  16:00:00,63356068.23929837 
 12/11  17:00:00,60430396.9004989 
 12/11  18:00:00,62624401.401028134 
 12/11  19:00:00,80104107.57544869 
 12/11  20:00:00,73323059.07171385 
 12/11  21:00:00,74821130.59406328 
 12/11  22:00:00,78497925.93379599 
 12/11  23:00:00,93743566.53309894 
 12/11  24:00:00,109545145.0865333 
 12/12  01:00:00,115503610.92810914 
 12/12  02:00:00,117501643.16264206 
 12/12  03:00:00,119915439.6944869 
 12/12  04:00:00,125538917.2000027 
 12/12  05:00:00,133200692.9607361 
 12/12  06:00:00,140326437.34139553 
 12/12  07:00:00,144542491.6111629 
 12/12  08:00:00,162767934.45591512 
 12/12  09:00:00,153946843.90149236 
 12/12  10:00:00,153113640.91628042 
 12/12  11:00:00,147339810.24008098 
 12/12  12:00:00,136028063.5149489 
 12/12  13:00:00,115018022.31388718 
 12/12  14:00:00,110720220.32233371 
 12/12  15:00:00,102493460.06789066 
 12/12  16:00:00,81995274.02904443 
 12/12  17:00:00,73355804.39511234 
 12/12  18:00:00,73007200.3650209 
 12/12  19:00:00,84975164.02678321 
 12/12  20:00:00,85950855.49676086 
 12/12  21:00:00,80783044.93589346 
 12/12  22:00:00,88181155.6045754 
 12/12  23:00:00,101004419.58278821 
 12/12  24:00:00,111754736.88298477 
 12/13  01:00:00,115336185.25629076 
 12/13  02:00:00,114417787.61589676 
 12/13  03:00:00,115181619.29256883 
 12/13  04:00:00,118283550.63401003 
 12/13  05:00:00,120049353.8488346 
 12/13  06:00:00,121519501.49530298 
 12/13  07:00:00,122821287.30599473 
 12/13  08:00:00,136709970.48810905 
 12/13  09:00:00,130418606.20457588 
 12/13  10:00:00,130428100.43366155 
 12/13  11:00:00,119538817.0493026 
 12/13  12:00:00,100820725.54734695 
 12/13  13:00:00,75904084.70410606 
 12/13  14:00:00,70571125.42586097 
 12/13  15:00:00,58191977.77387148 
 12/13  16:00:00,52273318.619806066 
 12/13  17:00:00,46431918.54506293 
 12/13  18:00:00,57504119.95086959 
 12/13  19:00:00,58466071.121989936 
 12/13  20:00:00,51108541.059878856 
 12/13  21:00:00,53743659.5843533 
 12/13  22:00:00,60336876.97634393 
 12/13  23:00:00,73486614.67194422 
 12/13  24:00:00,88655764.4091447 
 12/14  01:00:00,99329580.58891481 
 12/14  02:00:00,101336235.83282581 
 12/14  03:00:00,102232958.31954065 
 12/14  04:00:00,111042059.26524976 
 12/14  05:00:00,120954573.91801587 
 12/14  06:00:00,123847062.29222786 
 12/14  07:00:00,121943579.00784633 
 12/14  08:00:00,134675839.09660566 
 12/14  09:00:00,133881760.75466762 
 12/14  10:00:00,142115187.3659994 
 12/14  11:00:00,136344173.26294532 
 12/14  12:00:00,122307180.15690489 
 12/14  13:00:00,101281975.6735403 
 12/14  14:00:00,98479718.03584944 
 12/14  15:00:00,85991505.3348405 
 12/14  16:00:00,77915969.21429655 
 12/14  17:00:00,70544992.76137239 
 12/14  18:00:00,85465182.6915242 
 12/14  19:00:00,105978163.23742718 
 12/14  20:00:00,114649881.98886791 
 12/14  21:00:00,119279579.69541861 
 12/14  22:00:00,125284223.38355209 
 12/14  23:00:00,140044900.11370715 
 12/14  24:00:00,154846553.07553813 
 12/15  01:00:00,162494267.78198612 
 12/15  02:00:00,168882299.06710532 
 12/15  03:00:00,173263284.59925088 
 12/15  04:00:00,177280708.5562323 
 12/15  05:00:00,180030376.05933115 
 12/15  06:00:00,179269493.9211736 
 12/15  07:00:00,178841411.83255154 
 12/15  08:00:00,190678045.56546944 
 12/15  09:00:00,184379453.40832227 
 12/15  10:00:00,183893839.6697097 
 12/15  11:00:00,171680617.66448647 
 12/15  12:00:00,161606960.39016005 
 12/15  13:00:00,147003175.71190026 
 12/15  14:00:00,148024780.93319252 
 12/15  15:00:00,139141186.6439367 
 12/15  16:00:00,137015431.9725385 
 12/15  17:00:00,135991450.00752035 
 12/15  18:00:00,151516236.39934424 
 12/15  19:00:00,161139353.4416002 
 12/15  20:00:00,161522576.8588158 
 12/15  21:00:00,167122756.3890102 
 12/15  22:00:00,173253617.12812155 
 12/15  23:00:00,184799716.6754082 
 12/15  24:00:00,197006966.5958583 
 12/16  01:00:00,202624798.1622926 
 12/16  02:00:00,206609974.95571476 
 12/16  03:00:00,212954846.35722703 
 12/16  04:00:00,218634856.12395227 
 12/16  05:00:00,222132869.04038808 
 12/16  06:00:00,226059000.92056355 
 12/16  07:00:00,232957020.309906 
 12/16  08:00:00,251642261.77642447 
 12/16  09:00:00,249534571.2430479 
 12/16  10:00:00,247486553.23759776 
 12/16  11:00:00,225419372.05078766 
 12/16  12:00:00,200778701.1177735 
 12/16  13:00:00,178669597.7823914 
 12/16  14:00:00,177336700.03212422 
 12/16  15:00:00,165457428.19845277 
 12/16  16:00:00,157521311.25357404 
 12/16  17:00:00,148691608.16758284 
 12/16  18:00:00,158101678.14815095 
 12/16  19:00:00,159975505.6660852 
 12/16  20:00:00,160126952.57924506 
 12/16  21:00:00,173918594.13440362 
 12/16  22:00:00,187084965.4444935 
 12/16  23:00:00,200120378.63683057 
 12/16  24:00:00,209194595.10513693 
 12/17  01:00:00,213682368.57838142 
 12/17  02:00:00,217136769.82584572 
 12/17  03:00:00,220011018.8277825 
 12/17  04:00:00,229146049.10600078 
 12/17  05:00:00,240712448.69779566 
 12/17  06:00:00,241098244.24118027 
 12/17  07:00:00,239727820.8041563 
 12/17  08:00:00,257671067.5087028 
 12/17  09:00:00,257122883.28181827 
 12/17  10:00:00,258799789.4651341 
 12/17  11:00:00,241859648.2867236 
 12/17  12:00:00,213131766.18589208 
 12/17  13:00:00,184476375.0059461 
 12/17  14:00:00,179306472.9985201 
 12/17  15:00:00,161780912.98589882 
 12/17  16:00:00,145979485.88838074 
 12/17  17:00:00,133927119.66144451 
 12/17  18:00:00,152348289.478575 
 12/17  19:00:00,176822169.5941353 
 12/17  20:00:00,180168858.339888 
 12/17  21:00:00,173730589.68246683 
 12/17  22:00:00,172016780.9280534 
 12/17  23:00:00,185571193.72722584 
 12/17  24:00:00,203668096.92078015 
 12/18  01:00:00,207424477.3931298 
 12/18  02:00:00,202704299.0404316 
 12/18  03:00:00,202206985.39293304 
 12/18  04:00:00,211835577.092401 
 12/18  05:00:00,218718427.6339566 
 12/18  06:00:00,217202162.3043639 
 12/18  07:00:00,215647631.57093117 
 12/18  08:00:00,230617911.36152205 
 12/18  09:00:00,222317366.1282262 
 12/18  10:00:00,223133921.06064498 
 12/18  11:00:00,214403034.84868288 
 12/18  12:00:00,193763718.07063353 
 12/18  13:00:00,163645717.05370888 
 12/18  14:00:00,158199957.16263074 
 12/18  15:00:00,146596932.09639683 
 12/18  16:00:00,140718493.79369253 
 12/18  17:00:00,136221113.4423247 
 12/18  18:00:00,134754946.38478103 
 12/18  19:00:00,151081957.86527705 
 12/18  20:00:00,141629595.33714774 
 12/18  21:00:00,142262764.54523316 
 12/18  22:00:00,144018931.42148605 
 12/18  23:00:00,145920616.73261577 
 12/18  24:00:00,150269547.4655406 
 12/19  01:00:00,150678973.21167344 
 12/19  02:00:00,149821141.69935012 
 12/19  03:00:00,147885450.55861264 
 12/19  04:00:00,147459140.14306056 
 12/19  05:00:00,147139074.73146254 
 12/19  06:00:00,144840406.06344342 
 12/19  07:00:00,143806361.16330987 
 12/19  08:00:00,157021879.70954695 
 12/19  09:00:00,143796756.7116557 
 12/19  10:00:00,143378124.0372453 
 12/19  11:00:00,142807624.4837344 
 12/19  12:00:00,138117282.26290026 
 12/19  13:00:00,119926120.14599256 
 12/19  14:00:00,116779326.17715587 
 12/19  15:00:00,111940439.65684696 
 12/19  16:00:00,94695835.08806498 
 12/19  17:00:00,89456816.57654834 
 12/19  18:00:00,92526652.82904142 
 12/19  19:00:00,107490721.02331078 
 12/19  20:00:00,121447416.48419403 
 12/19  21:00:00,128607478.31119575 
 12/19  22:00:00,135811996.03175035 
 12/19  23:00:00,145609616.49651474 
 12/19  24:00:00,153049468.84740695 
 12/20  01:00:00,157499312.80128443 
 12/20  02:00:00,163307209.46357128 
 12/20  03:00:00,164747204.70378187 
 12/20  04:00:00,161725516.43365124 
 12/20  05:00:00,160259387.01030797 
 12/20  06:00:00,164238616.1338738 
 12/20  07:00:00,164761088.69599757 
 12/20  08:00:00,176314448.01584154 
 12/20  09:00:00,171130108.8372358 
 12/20  10:00:00,172069634.61898708 
 12/20  11:00:00,160331488.51654378 
 12/20  12:00:00,146430876.5849827 
 12/20  13:00:00,130030943.67095684 
 12/20  14:00:00,130643422.91425534 
 12/20  15:00:00,120626915.22659764 
 12/20  16:00:00,116476157.22230665 
 12/20  17:00:00,111688711.50921825 
 12/20  18:00:00,122510220.14134361 
 12/20  19:00:00,126911979.4462724 
 12/20  20:00:00,120169419.45604913 
 12/20  21:00:00,124200048.62086435 
 12/20  22:00:00,130713034.02835777 
 12/20  23:00:00,137465188.51263553 
 12/20  24:00:00,139341125.83932945 
 12/21  01:00:00,136050759.21641898 
 12/21  02:00:00,134041895.24806805 
 12/21  03:00:00,131961491.61282893 
 12/21  04:00:00,131513198.3046847 
 12/21  05:00:00,129518567.2979141 
 12/21  06:00:00,127765519.05676675 
 12/21  07:00:00,126120285.99986735 
 12/21  08:00:00,137237434.37739024 
 12/21  09:00:00,128002099.57733642 
 12/21  10:00:00,127091360.67367098 
 12/21  11:00:00,114068102.57838072 
 12/21  12:00:00,101854836.93650107 
 12/21  13:00:00,87446711.34251851 
 12/21  14:00:00,86399868.34299299 
 12/21  15:00:00,76823760.79121186 
 12/21  16:00:00,74589091.06186116 
 12/21  17:00:00,72326487.83085737 
 12/21  18:00:00,85259948.53554523 
 12/21  19:00:00,85927523.52477652 
 12/21  20:00:00,77478699.51809067 
 12/21  21:00:00,77862653.48883127 
 12/21  22:00:00,78017031.12906033 
 12/21  23:00:00,80857088.92845352 
 12/21  24:00:00,83058364.8946402 
 12/22  01:00:00,82723930.96322261 
 12/22  02:00:00,80608261.74480972 
 12/22  03:00:00,78632687.29226802 
 12/22  04:00:00,79771433.96558717 
 12/22  05:00:00,81726333.65748759 
 12/22  06:00:00,82941904.99086964 
 12/22  07:00:00,81666101.18551295 
 12/22  08:00:00,93160606.1793504 
 12/22  09:00:00,90760159.32664576 
 12/22  10:00:00,101054735.23271728 
 12/22  11:00:00,96645049.54424144 
 12/22  12:00:00,91172190.9011594 
 12/22  13:00:00,82118119.6339724 
 12/22  14:00:00,85942470.40859073 
 12/22  15:00:00,79796164.6769171 
 12/22  16:00:00,80776980.52564237 
 12/22  17:00:00,83675933.92414317 
 12/22  18:00:00,98613913.14811774 
 12/22  19:00:00,98365178.84722655 
 12/22  20:00:00,89605999.22513466 
 12/22  21:00:00,90286667.63312818 
 12/22  22:00:00,91076781.76209019 
 12/22  23:00:00,93149635.72101335 
 12/22  24:00:00,99085078.12988167 
 12/23  01:00:00,103034606.94965412 
 12/23  02:00:00,103003974.35703062 
 12/23  03:00:00,102358844.74438407 
 12/23  04:00:00,105132994.18412864 
 12/23  05:00:00,110496385.17084426 
 12/23  06:00:00,113011449.50136113 
 12/23  07:00:00,114395160.67363377 
 12/23  08:00:00,128652523.60817574 
 12/23  09:00:00,125084004.83388868 
 12/23  10:00:00,133634431.41099949 
 12/23  11:00:00,126664762.08778572 
 12/23  12:00:00,120485609.53680465 
 12/23  13:00:00,111804922.075706 
 12/23  14:00:00,114151487.79527038 
 12/23  15:00:00,106851289.37972121 
 12/23  16:00:00,108818787.53498374 
 12/23  17:00:00,111713624.53338097 
 12/23  18:00:00,127760292.22963794 
 12/23  19:00:00,131454145.73719278 
 12/23  20:00:00,126087775.04237144 
 12/23  21:00:00,129324299.59955184 
 12/23  22:00:00,132473943.84801705 
 12/23  23:00:00,138459112.41500258 
 12/23  24:00:00,144721517.747833 
 12/24  01:00:00,147492939.96366045 
 12/24  02:00:00,150273421.74410027 
 12/24  03:00:00,153284954.56425637 
 12/24  04:00:00,158718704.29460028 
 12/24  05:00:00,165731994.59351477 
 12/24  06:00:00,168071556.64157516 
 12/24  07:00:00,169015011.71806443 
 12/24  08:00:00,184121885.1251865 
 12/24  09:00:00,180812596.8261894 
 12/24  10:00:00,183932522.4848782 
 12/24  11:00:00,175201392.56786436 
 12/24  12:00:00,165739068.96843496 
 12/24  13:00:00,150995363.9435917 
 12/24  14:00:00,151886203.93338326 
 12/24  15:00:00,142966908.2057316 
 12/24  16:00:00,140555575.82875538 
 12/24  17:00:00,138029303.43218574 
 12/24  18:00:00,151017797.3648093 
 12/24  19:00:00,159899237.75361472 
 12/24  20:00:00,165579665.16112188 
 12/24  21:00:00,165223427.61097464 
 12/24  22:00:00,161703248.243259 
 12/24  23:00:00,170957931.021348 
 12/24  24:00:00,177381908.25165176 
 12/25  01:00:00,180281020.628484 
 12/25  02:00:00,181560837.9185028 
 12/25  03:00:00,178942913.38918272 
 12/25  04:00:00,179800854.9494615 
 12/25  05:00:00,191663313.16392022 
 12/25  06:00:00,205232774.044022 
 12/25  07:00:00,210942131.94842637 
 12/25  08:00:00,226935255.4530239 
 12/25  09:00:00,215818145.83724546 
 12/25  10:00:00,214228030.20912397 
 12/25  11:00:00,203536081.85752067 
 12/25  12:00:00,186419630.02429476 
 12/25  13:00:00,163387683.63079622 
 12/25  14:00:00,160651435.24825224 
 12/25  15:00:00,147928689.55135575 
 12/25  16:00:00,142673895.2605236 
 12/25  17:00:00,138925529.7298756 
 12/25  18:00:00,139406669.71396348 
 12/25  19:00:00,159086438.31716108 
 12/25  20:00:00,155392165.59788293 
 12/25  21:00:00,160019885.3236251 
 12/25  22:00:00,168868918.69517773 
 12/25  23:00:00,186655288.15978757 
 12/25  24:00:00,207964719.92363995 
 12/26  01:00:00,219535257.59774867 
 12/26  02:00:00,224891240.15969303 
 12/26  03:00:00,229481955.02732658 
 12/26  04:00:00,235972434.13090473 
 12/26  05:00:00,243012643.91907462 
 12/26  06:00:00,247310257.4605442 
 12/26  07:00:00,251087719.28368592 
 12/26  08:00:00,266595561.9745994 
 12/26  09:00:00,254904146.17735925 
 12/26  10:00:00,251787365.26986787 
 12/26  11:00:00,238194954.6932159 
 12/26  12:00:00,214848544.9438798 
 12/26  13:00:00,185353258.45027208 
 12/26  14:00:00,178429317.28745168 
 12/26  15:00:00,170607772.24755138 
 12/26  16:00:00,147887253.99943247 
 12/26  17:00:00,136350206.93286422 
 12/26  18:00:00,139224991.2777168 
 12/26  19:00:00,160419348.11256295 
 12/26  20:00:00,171991425.09891868 
 12/26  21:00:00,170665567.80104727 
 12/26  22:00:00,175385056.62984622 
 12/26  23:00:00,189497697.5593527 
 12/26  24:00:00,212212574.87545598 
 12/27  01:00:00,223756887.72681624 
 12/27  02:00:00,217757218.34614107 
 12/27  03:00:00,212231321.25138268 
 12/27  04:00:00,217577319.49113905 
 12/27  05:00:00,222134360.21930358 
 12/27  06:00:00,221683579.79622 
 12/27  07:00:00,224924108.12040314 
 12/27  08:00:00,243357662.79731354 
 12/27  09:00:00,240363069.88575715 
 12/27  10:00:00,238326092.77539447 
 12/27  11:00:00,223156449.6698141 
 12/27  12:00:00,199365274.27475885 
 12/27  13:00:00,174260149.73337993 
 12/27  14:00:00,172187181.01168713 
 12/27  15:00:00,158584385.83437198 
 12/27  16:00:00,146226216.15984097 
 12/27  17:00:00,135372614.43611217 
 12/27  18:00:00,151934071.48753238 
 12/27  19:00:00,161773663.3148539 
 12/27  20:00:00,154186057.16496202 
 12/27  21:00:00,154668240.42702526 
 12/27  22:00:00,160092304.36961433 
 12/27  23:00:00,167823755.52430877 
 12/27  24:00:00,174704334.48295403 
 12/28  01:00:00,178440126.5050385 
 12/28  02:00:00,180773032.95153758 
 12/28  03:00:00,184142531.5370037 
 12/28  04:00:00,190224686.39014575 
 12/28  05:00:00,192495643.76979282 
 12/28  06:00:00,192452952.52237087 
 12/28  07:00:00,197057091.4816202 
 12/28  08:00:00,217900753.43442366 
 12/28  09:00:00,217923225.41002738 
 12/28  10:00:00,213424343.31956133 
 12/28  11:00:00,195229849.95184943 
 12/28  12:00:00,174837749.2806057 
 12/28  13:00:00,152664803.82047904 
 12/28  14:00:00,151722409.27825335 
 12/28  15:00:00,139703426.53942463 
 12/28  16:00:00,130616574.7477935 
 12/28  17:00:00,121948575.89332421 
 12/28  18:00:00,130602940.10139854 
 12/28  19:00:00,131505916.61272003 
 12/28  20:00:00,127870321.73405166 
 12/28  21:00:00,131536987.72001202 
 12/28  22:00:00,134795259.31394225 
 12/28  23:00:00,148547426.87857583 
 12/28  24:00:00,161803648.1090779 
 12/29  01:00:00,165315164.6569261 
 12/29  02:00:00,164795084.35990703 
 12/29  03:00:00,162431813.93405947 
 12/29  04:00:00,163981618.71939528 
 12/29  05:00:00,163642633.25200772 
 12/29  06:00:00,161875316.2148691 
 12/29  07:00:00,164028554.02792096 
 12/29  08:00:00,178702952.47975793 
 12/29  09:00:00,177103522.0510784 
 12/29  10:00:00,184732179.656777 
 12/29  11:00:00,172888347.85870385 
 12/29  12:00:00,145986184.44840124 
 12/29  13:00:00,117283900.13165027 
 12/29  14:00:00,111528351.68130721 
 12/29  15:00:00,97483897.12008342 
 12/29  16:00:00,88314387.19863318 
 12/29  17:00:00,80321307.93243042 
 12/29  18:00:00,91698714.07329507 
 12/29  19:00:00,94977703.72204196 
 12/29  20:00:00,95713010.07976072 
 12/29  21:00:00,104696887.04161881 
 12/29  22:00:00,108762874.71419388 
 12/29  23:00:00,117519262.26058033 
 12/29  24:00:00,126937651.6447934 
 12/30  01:00:00,131222737.60242134 
 12/30  02:00:00,135053249.92115784 
 12/30  03:00:00,137177247.50152525 
 12/30  04:00:00,143168546.5874053 
 12/30  05:00:00,150443232.38434926 
 12/30  06:00:00,154575459.5130055 
 12/30  07:00:00,159168251.03031906 
 12/30  08:00:00,175394516.8462837 
 12/30  09:00:00,171400923.98863918 
 12/30  10:00:00,174370580.83932847 
 12/30  11:00:00,162383062.06234527 
 12/30  12:00:00,145482079.69498953 
 12/30  13:00:00,127871318.20195204 
 12/30  14:00:00,130424775.53087202 
 12/30  15:00:00,123259528.4023591 
 12/30  16:00:00,115954803.04043956 
 12/30  17:00:00,107598114.94925548 
 12/30  18:00:00,120074728.20154017 
 12/30  19:00:00,121146417.34148675 
 12/30  20:00:00,111195990.8818196 
 12/30  21:00:00,110433007.2793736 
 12/30  22:00:00,112684403.81777453 
 12/30  23:00:00,117204335.84562382 
 12/30  24:00:00,116027284.82146393 
 12/31  01:00:00,113731454.37512709 
 12/31  02:00:00,114872472.42832503 
 12/31  03:00:00,114791742.75535938 
 12/31  04:00:00,116163634.849513 
 12/31  05:00:00,117760094.37509798 
 12/31  06:00:00,116911229.64181553 
 12/31  07:00:00,116586119.93090628 
 12/31  08:00:00,130420137.0585036 
 12/31  09:00:00,126452571.39564048 
 12/31  10:00:00,130502984.06826107 
 12/31  11:00:00,122147200.95741957 
 12/31  12:00:00,114529503.70136158 
 12/31  13:00:00,104202635.5949826 
 12/31  14:00:00,108010218.35187238 
 12/31  15:00:00,100806900.93447015 
 12/31  16:00:00,98508690.75342977 
 12/31  17:00:00,94774591.35601874 
 12/31  18:00:00,105951552.13492723 
 12/31  19:00:00,107666391.52751802 
 12/31  20:00:00,104214484.45802793 
 12/31  21:00:00,109141026.44447099 
 12/31  22:00:00,112896880.14807643 
 12/31  23:00:00,117152672.28488386 
 12/31  24:00:00,121324142.88909043 
