Date/Time,EU_CELL_ZONE IDEAL LOADS AIR SYSTEM:Zone Ideal Loads Zone Total Heating Energy [J](Hourly) 
 01/01  01:00:00,188134300.41009164 
 01/01  02:00:00,196795053.7804334 
 01/01  03:00:00,196803837.3368327 
 01/01  04:00:00,199322366.87018517 
 01/01  05:00:00,201653117.31515566 
 01/01  06:00:00,201004983.31936565 
 01/01  07:00:00,199879271.78073663 
 01/01  08:00:00,200221716.8353608 
 01/01  09:00:00,213363224.58835477 
 01/01  10:00:00,210421257.83876052 
 01/01  11:00:00,205651789.19128585 
 01/01  12:00:00,189099146.87356988 
 01/01  13:00:00,175082450.00647062 
 01/01  14:00:00,166324957.96845296 
 01/01  15:00:00,167702043.07822818 
 01/01  16:00:00,156079531.86892486 
 01/01  17:00:00,150974515.96210238 
 01/01  18:00:00,148113468.85944718 
 01/01  19:00:00,152464567.0357031 
 01/01  20:00:00,157983435.1017671 
 01/01  21:00:00,160095982.89934692 
 01/01  22:00:00,162782276.15581158 
 01/01  23:00:00,169975541.89151683 
 01/01  24:00:00,176198017.6052436 
 01/02  01:00:00,177275612.90863204 
 01/02  02:00:00,178376311.73149884 
 01/02  03:00:00,181085049.3869738 
 01/02  04:00:00,194759486.72681642 
 01/02  05:00:00,223185241.47485584 
 01/02  06:00:00,228905848.6106272 
 01/02  07:00:00,229958752.72884896 
 01/02  08:00:00,223573669.23854098 
 01/02  09:00:00,217171424.1323101 
 01/02  10:00:00,212098895.80240977 
 01/02  11:00:00,208728829.36567876 
 01/02  12:00:00,199774165.05698517 
 01/02  13:00:00,190626513.11154592 
 01/02  14:00:00,186755666.5979927 
 01/02  15:00:00,183196737.5542601 
 01/02  16:00:00,176524931.28141555 
 01/02  17:00:00,170422684.6274178 
 01/02  18:00:00,167831111.34563816 
 01/02  19:00:00,170522597.75427267 
 01/02  20:00:00,176319383.28195688 
 01/02  21:00:00,178964853.79073572 
 01/02  22:00:00,179692662.09410957 
 01/02  23:00:00,183326456.88280568 
 01/02  24:00:00,185926355.43277726 
 01/03  01:00:00,187228316.90206298 
 01/03  02:00:00,193426032.67883107 
 01/03  03:00:00,198761142.37499753 
 01/03  04:00:00,205080823.63275266 
 01/03  05:00:00,213056964.54688436 
 01/03  06:00:00,220395200.49931833 
 01/03  07:00:00,222265817.166158 
 01/03  08:00:00,216771999.83670512 
 01/03  09:00:00,213278729.89918548 
 01/03  10:00:00,210835117.26061592 
 01/03  11:00:00,204754105.11733758 
 01/03  12:00:00,190770808.23258877 
 01/03  13:00:00,181000761.40060967 
 01/03  14:00:00,176990714.85189912 
 01/03  15:00:00,172854672.73589808 
 01/03  16:00:00,169548190.30710423 
 01/03  17:00:00,169270944.27808923 
 01/03  18:00:00,171758755.8088024 
 01/03  19:00:00,171718266.19327837 
 01/03  20:00:00,169035145.2984085 
 01/03  21:00:00,167162687.1908967 
 01/03  22:00:00,165073840.93962696 
 01/03  23:00:00,164315129.5230154 
 01/03  24:00:00,169195744.9655514 
 01/04  01:00:00,173974831.68221304 
 01/04  02:00:00,175193348.73021355 
 01/04  03:00:00,172434525.7671403 
 01/04  04:00:00,169962992.3161051 
 01/04  05:00:00,158821082.25492486 
 01/04  06:00:00,157216328.99721295 
 01/04  07:00:00,155908986.01081637 
 01/04  08:00:00,153619275.02488902 
 01/04  09:00:00,165320263.1199494 
 01/04  10:00:00,162789403.77756006 
 01/04  11:00:00,162035220.61841834 
 01/04  12:00:00,152674064.17856082 
 01/04  13:00:00,146081941.41987932 
 01/04  14:00:00,140422937.43191966 
 01/04  15:00:00,143270451.15349802 
 01/04  16:00:00,135646653.11738306 
 01/04  17:00:00,135311481.72185698 
 01/04  18:00:00,134360836.38999465 
 01/04  19:00:00,133149834.57779047 
 01/04  20:00:00,133467414.02712731 
 01/04  21:00:00,132458051.96986851 
 01/04  22:00:00,134351588.1396092 
 01/04  23:00:00,139170550.40288144 
 01/04  24:00:00,147628824.20869127 
 01/05  01:00:00,153055889.34398717 
 01/05  02:00:00,149646492.88505805 
 01/05  03:00:00,146270820.27391613 
 01/05  04:00:00,147550276.61552894 
 01/05  05:00:00,148654820.39959988 
 01/05  06:00:00,148219991.18473864 
 01/05  07:00:00,148319232.46864146 
 01/05  08:00:00,148423733.69345713 
 01/05  09:00:00,160412798.97158262 
 01/05  10:00:00,160538838.8773542 
 01/05  11:00:00,160623094.8530364 
 01/05  12:00:00,148676477.6325028 
 01/05  13:00:00,137923326.63493618 
 01/05  14:00:00,128318731.23421095 
 01/05  15:00:00,128982034.27741998 
 01/05  16:00:00,120068072.06394686 
 01/05  17:00:00,116506112.84380147 
 01/05  18:00:00,115374062.01698233 
 01/05  19:00:00,125617283.63908702 
 01/05  20:00:00,135912237.13816762 
 01/05  21:00:00,138484615.8755278 
 01/05  22:00:00,141842769.40583467 
 01/05  23:00:00,148591045.38299417 
 01/05  24:00:00,157232671.3052066 
 01/06  01:00:00,163564388.05595446 
 01/06  02:00:00,167049290.1581473 
 01/06  03:00:00,171222483.65114743 
 01/06  04:00:00,176705774.52884504 
 01/06  05:00:00,187103940.92253438 
 01/06  06:00:00,195822138.92636803 
 01/06  07:00:00,195215541.8173874 
 01/06  08:00:00,192211941.51815194 
 01/06  09:00:00,201510033.38539088 
 01/06  10:00:00,198548048.827303 
 01/06  11:00:00,198792588.16311026 
 01/06  12:00:00,190741006.93742597 
 01/06  13:00:00,182646108.84192643 
 01/06  14:00:00,175272697.71824998 
 01/06  15:00:00,180073252.43073338 
 01/06  16:00:00,170954652.5960823 
 01/06  17:00:00,165898753.50513425 
 01/06  18:00:00,166726999.10662737 
 01/06  19:00:00,177660472.96969584 
 01/06  20:00:00,190784584.94671 
 01/06  21:00:00,196478827.77053878 
 01/06  22:00:00,198437431.52034396 
 01/06  23:00:00,204724217.30491936 
 01/06  24:00:00,210194912.48945746 
 01/07  01:00:00,213843298.37674093 
 01/07  02:00:00,221739452.89804295 
 01/07  03:00:00,225568093.07485503 
 01/07  04:00:00,217827296.4226087 
 01/07  05:00:00,209806986.16899994 
 01/07  06:00:00,209701745.13190952 
 01/07  07:00:00,212268613.8981545 
 01/07  08:00:00,213319533.52756482 
 01/07  09:00:00,226430026.9200938 
 01/07  10:00:00,227127289.06309184 
 01/07  11:00:00,229614538.81139696 
 01/07  12:00:00,227077802.15883332 
 01/07  13:00:00,224562872.89986026 
 01/07  14:00:00,220409624.37294486 
 01/07  15:00:00,226082269.53283402 
 01/07  16:00:00,220969142.23477793 
 01/07  17:00:00,220065643.30115157 
 01/07  18:00:00,218127081.40662897 
 01/07  19:00:00,220145927.3527939 
 01/07  20:00:00,221929430.15804484 
 01/07  21:00:00,221623796.2556007 
 01/07  22:00:00,223688480.5770486 
 01/07  23:00:00,226894620.8192968 
 01/07  24:00:00,228499677.09944618 
 01/08  01:00:00,231446249.24831393 
 01/08  02:00:00,234207435.70231473 
 01/08  03:00:00,235471256.46518 
 01/08  04:00:00,241943116.86966872 
 01/08  05:00:00,250193448.26491904 
 01/08  06:00:00,254025076.90641642 
 01/08  07:00:00,255800585.50208774 
 01/08  08:00:00,261601968.19632843 
 01/08  09:00:00,279510661.45087576 
 01/08  10:00:00,279200461.57532275 
 01/08  11:00:00,277840545.4412511 
 01/08  12:00:00,261858087.29432952 
 01/08  13:00:00,246487825.6671822 
 01/08  14:00:00,235623977.0487437 
 01/08  15:00:00,235425038.40475935 
 01/08  16:00:00,227369755.7757213 
 01/08  17:00:00,226737921.6263935 
 01/08  18:00:00,229650810.6310783 
 01/08  19:00:00,240981890.32399648 
 01/08  20:00:00,252902350.2212657 
 01/08  21:00:00,258666095.52801284 
 01/08  22:00:00,262350500.6299842 
 01/08  23:00:00,267193631.96740386 
 01/08  24:00:00,270489559.11486065 
 01/09  01:00:00,271440116.6186268 
 01/09  02:00:00,272703727.34473926 
 01/09  03:00:00,274398335.8231936 
 01/09  04:00:00,278454333.21257967 
 01/09  05:00:00,300196131.90258324 
 01/09  06:00:00,305734862.2002248 
 01/09  07:00:00,307711571.76435137 
 01/09  08:00:00,307689125.73686737 
 01/09  09:00:00,305372366.81018823 
 01/09  10:00:00,300363068.5739922 
 01/09  11:00:00,292210491.11723906 
 01/09  12:00:00,275932714.7983917 
 01/09  13:00:00,261767170.9994805 
 01/09  14:00:00,257483480.75878826 
 01/09  15:00:00,256412794.72083893 
 01/09  16:00:00,253153966.40986213 
 01/09  17:00:00,250238029.75264087 
 01/09  18:00:00,251417955.99347466 
 01/09  19:00:00,259222703.01653388 
 01/09  20:00:00,274871632.6062771 
 01/09  21:00:00,286898552.2962034 
 01/09  22:00:00,289325292.32973707 
 01/09  23:00:00,296496782.56117433 
 01/09  24:00:00,309331094.68099463 
 01/10  01:00:00,316521339.3427739 
 01/10  02:00:00,320004249.5551626 
 01/10  03:00:00,319052946.9026185 
 01/10  04:00:00,316408080.87808347 
 01/10  05:00:00,321277658.14107764 
 01/10  06:00:00,328637639.231011 
 01/10  07:00:00,330848314.9359054 
 01/10  08:00:00,330100274.9346952 
 01/10  09:00:00,329177698.4948157 
 01/10  10:00:00,326132077.8862241 
 01/10  11:00:00,319380889.5559487 
 01/10  12:00:00,300178802.37241733 
 01/10  13:00:00,283770700.0542533 
 01/10  14:00:00,275990056.575419 
 01/10  15:00:00,269755429.19411975 
 01/10  16:00:00,266218561.4451217 
 01/10  17:00:00,266367265.3495212 
 01/10  18:00:00,269379578.66773224 
 01/10  19:00:00,278857471.82998395 
 01/10  20:00:00,284869917.5110454 
 01/10  21:00:00,285004891.1641131 
 01/10  22:00:00,290455721.9826853 
 01/10  23:00:00,295736203.4197536 
 01/10  24:00:00,296713979.54182756 
 01/11  01:00:00,295982170.05556 
 01/11  02:00:00,295713129.70178586 
 01/11  03:00:00,298067985.2969275 
 01/11  04:00:00,305583412.2074908 
 01/11  05:00:00,298766278.8134775 
 01/11  06:00:00,296982264.4424896 
 01/11  07:00:00,295909289.1054715 
 01/11  08:00:00,292056096.28818995 
 01/11  09:00:00,309571669.95032 
 01/11  10:00:00,315780948.17164224 
 01/11  11:00:00,313773456.87631464 
 01/11  12:00:00,288232629.76608306 
 01/11  13:00:00,267452172.38859984 
 01/11  14:00:00,254929169.1150774 
 01/11  15:00:00,249553573.81330547 
 01/11  16:00:00,235823761.2290718 
 01/11  17:00:00,231530013.449966 
 01/11  18:00:00,233007476.5141952 
 01/11  19:00:00,253121044.9560093 
 01/11  20:00:00,273496353.1858123 
 01/11  21:00:00,284482044.8492146 
 01/11  22:00:00,284760661.6393582 
 01/11  23:00:00,272365408.0898143 
 01/11  24:00:00,272569837.97131276 
 01/12  01:00:00,278635437.07259405 
 01/12  02:00:00,275110413.55198073 
 01/12  03:00:00,270547284.000835 
 01/12  04:00:00,264133578.71779823 
 01/12  05:00:00,253672180.5051863 
 01/12  06:00:00,249885776.15487394 
 01/12  07:00:00,250865671.85925117 
 01/12  08:00:00,250356659.44551742 
 01/12  09:00:00,261785883.2597381 
 01/12  10:00:00,257169331.23302785 
 01/12  11:00:00,253284329.61761737 
 01/12  12:00:00,240953116.48154747 
 01/12  13:00:00,230192463.73037598 
 01/12  14:00:00,221397674.00887665 
 01/12  15:00:00,221967484.79489577 
 01/12  16:00:00,209136947.69005132 
 01/12  17:00:00,203201663.12449232 
 01/12  18:00:00,200568613.84323233 
 01/12  19:00:00,200434579.77225646 
 01/12  20:00:00,204508541.1878921 
 01/12  21:00:00,207118183.37518084 
 01/12  22:00:00,211181966.47908783 
 01/12  23:00:00,217872675.61787704 
 01/12  24:00:00,213119117.58997104 
 01/13  01:00:00,210242145.10673076 
 01/13  02:00:00,218188273.0830601 
 01/13  03:00:00,222040401.58910912 
 01/13  04:00:00,222398628.62939692 
 01/13  05:00:00,220717150.43262923 
 01/13  06:00:00,219766763.72598252 
 01/13  07:00:00,220940628.55795568 
 01/13  08:00:00,220758584.21058205 
 01/13  09:00:00,231196221.98508286 
 01/13  10:00:00,227724675.08895314 
 01/13  11:00:00,223847409.23022082 
 01/13  12:00:00,202354579.5079296 
 01/13  13:00:00,185909014.83220357 
 01/13  14:00:00,177797378.7854971 
 01/13  15:00:00,180384278.39465094 
 01/13  16:00:00,169578535.2557795 
 01/13  17:00:00,163071748.50896305 
 01/13  18:00:00,158702992.72789285 
 01/13  19:00:00,157866920.46990103 
 01/13  20:00:00,157460766.49093413 
 01/13  21:00:00,152259645.02736762 
 01/13  22:00:00,147822125.85067803 
 01/13  23:00:00,150023800.1047067 
 01/13  24:00:00,152735320.35497177 
 01/14  01:00:00,153054512.92772847 
 01/14  02:00:00,150500409.8615332 
 01/14  03:00:00,138310685.03321812 
 01/14  04:00:00,127205260.09241185 
 01/14  05:00:00,126264811.39554413 
 01/14  06:00:00,127622660.77639301 
 01/14  07:00:00,130491569.50609106 
 01/14  08:00:00,133813210.26597482 
 01/14  09:00:00,146602934.00213686 
 01/14  10:00:00,146220295.55488113 
 01/14  11:00:00,148764647.5338655 
 01/14  12:00:00,142747842.07086128 
 01/14  13:00:00,135900188.98032376 
 01/14  14:00:00,128071671.07873462 
 01/14  15:00:00,127226860.77567774 
 01/14  16:00:00,115973547.27352268 
 01/14  17:00:00,117849578.48038234 
 01/14  18:00:00,124480041.88107735 
 01/14  19:00:00,135334322.03750223 
 01/14  20:00:00,144129285.276524 
 01/14  21:00:00,148208588.71946952 
 01/14  22:00:00,150085904.42588452 
 01/14  23:00:00,158785966.92532685 
 01/14  24:00:00,170350302.6976348 
 01/15  01:00:00,178884857.83320844 
 01/15  02:00:00,194455381.31232166 
 01/15  03:00:00,210576199.56007162 
 01/15  04:00:00,223710325.32791293 
 01/15  05:00:00,230528809.04837048 
 01/15  06:00:00,216153334.42476103 
 01/15  07:00:00,200448814.9143096 
 01/15  08:00:00,198198338.09681916 
 01/15  09:00:00,216428370.54129902 
 01/15  10:00:00,223735179.37459177 
 01/15  11:00:00,223142695.73075563 
 01/15  12:00:00,194996106.31964862 
 01/15  13:00:00,168553080.4726525 
 01/15  14:00:00,155368602.63763672 
 01/15  15:00:00,155336114.67514977 
 01/15  16:00:00,142842859.9834556 
 01/15  17:00:00,137341154.08632517 
 01/15  18:00:00,138550741.593773 
 01/15  19:00:00,148598997.13330814 
 01/15  20:00:00,160786646.9962252 
 01/15  21:00:00,166219626.3375796 
 01/15  22:00:00,170799533.39177072 
 01/15  23:00:00,179275016.53596032 
 01/15  24:00:00,192872544.7546788 
 01/16  01:00:00,202197684.5981778 
 01/16  02:00:00,204112872.15668052 
 01/16  03:00:00,199849556.59803563 
 01/16  04:00:00,196865150.55482763 
 01/16  05:00:00,205762688.99794337 
 01/16  06:00:00,199771685.16301093 
 01/16  07:00:00,198520702.1150904 
 01/16  08:00:00,194204926.24881735 
 01/16  09:00:00,191426903.1932478 
 01/16  10:00:00,188612919.7527154 
 01/16  11:00:00,186203828.85608858 
 01/16  12:00:00,178741098.9946051 
 01/16  13:00:00,165132389.35066757 
 01/16  14:00:00,157162345.36239693 
 01/16  15:00:00,154989912.33003405 
 01/16  16:00:00,149625676.53088826 
 01/16  17:00:00,142570874.076194 
 01/16  18:00:00,138696749.69209504 
 01/16  19:00:00,137626171.81746447 
 01/16  20:00:00,137081771.3387637 
 01/16  21:00:00,136405947.151913 
 01/16  22:00:00,136392530.31280917 
 01/16  23:00:00,138786831.64881882 
 01/16  24:00:00,145796913.07849595 
 01/17  01:00:00,148925736.735405 
 01/17  02:00:00,148117621.84126112 
 01/17  03:00:00,148272750.33640397 
 01/17  04:00:00,148056070.75227028 
 01/17  05:00:00,146723113.40982467 
 01/17  06:00:00,142527630.59055692 
 01/17  07:00:00,142231277.8668531 
 01/17  08:00:00,140955407.02806595 
 01/17  09:00:00,140245976.46046188 
 01/17  10:00:00,138329929.89770132 
 01/17  11:00:00,137098471.2917674 
 01/17  12:00:00,129444877.88002783 
 01/17  13:00:00,120211814.5263115 
 01/17  14:00:00,115641209.88756147 
 01/17  15:00:00,112852348.91358814 
 01/17  16:00:00,109344606.78045967 
 01/17  17:00:00,104503230.3744518 
 01/17  18:00:00,103379766.78436027 
 01/17  19:00:00,107589048.2429468 
 01/17  20:00:00,112923783.04505643 
 01/17  21:00:00,120312872.34821369 
 01/17  22:00:00,126628444.26970449 
 01/17  23:00:00,133354369.81129886 
 01/17  24:00:00,143220378.22596762 
 01/18  01:00:00,146617811.7574618 
 01/18  02:00:00,146548865.24149263 
 01/18  03:00:00,149091531.0725383 
 01/18  04:00:00,154274696.94311684 
 01/18  05:00:00,150397920.06394866 
 01/18  06:00:00,150619446.85537916 
 01/18  07:00:00,149115317.47153628 
 01/18  08:00:00,147876917.32000378 
 01/18  09:00:00,158999366.89336434 
 01/18  10:00:00,156334837.07537994 
 01/18  11:00:00,160037253.41765445 
 01/18  12:00:00,150930675.78806537 
 01/18  13:00:00,138308792.54368922 
 01/18  14:00:00,127734359.09927604 
 01/18  15:00:00,125345914.43384758 
 01/18  16:00:00,111745422.43224601 
 01/18  17:00:00,103149359.012928 
 01/18  18:00:00,98806089.65118198 
 01/18  19:00:00,102121700.12479706 
 01/18  20:00:00,112755387.9694271 
 01/18  21:00:00,120442263.4821768 
 01/18  22:00:00,121306079.05170456 
 01/18  23:00:00,119680302.07079287 
 01/18  24:00:00,120067623.08232912 
 01/19  01:00:00,119606818.8451586 
 01/19  02:00:00,117588888.91768458 
 01/19  03:00:00,116910791.9897272 
 01/19  04:00:00,116252330.15568838 
 01/19  05:00:00,118360006.20818637 
 01/19  06:00:00,119784319.37295792 
 01/19  07:00:00,118701323.7416239 
 01/19  08:00:00,117608563.23740818 
 01/19  09:00:00,129529781.47910163 
 01/19  10:00:00,126622544.60856219 
 01/19  11:00:00,125443232.26787546 
 01/19  12:00:00,112345142.16141583 
 01/19  13:00:00,100713978.70487452 
 01/19  14:00:00,95991252.53486018 
 01/19  15:00:00,101615691.90141453 
 01/19  16:00:00,97012736.25682545 
 01/19  17:00:00,98953285.60415058 
 01/19  18:00:00,99835136.71753219 
 01/19  19:00:00,105829972.68294708 
 01/19  20:00:00,115886520.35379672 
 01/19  21:00:00,120767797.74220411 
 01/19  22:00:00,126111397.89145938 
 01/19  23:00:00,136863753.60978356 
 01/19  24:00:00,145116503.8885966 
 01/20  01:00:00,148328833.8332632 
 01/20  02:00:00,149623003.7399667 
 01/20  03:00:00,157035994.3030397 
 01/20  04:00:00,169365315.8117243 
 01/20  05:00:00,172228492.42972374 
 01/20  06:00:00,170655652.07200623 
 01/20  07:00:00,170493724.7194035 
 01/20  08:00:00,167861775.2210647 
 01/20  09:00:00,178552847.30889207 
 01/20  10:00:00,174580771.54750097 
 01/20  11:00:00,170093263.15469489 
 01/20  12:00:00,155115779.47238153 
 01/20  13:00:00,142716121.92421526 
 01/20  14:00:00,128748881.23962763 
 01/20  15:00:00,121845236.23967968 
 01/20  16:00:00,109259055.84149489 
 01/20  17:00:00,106615744.9231717 
 01/20  18:00:00,105592742.66086462 
 01/20  19:00:00,120236468.34204756 
 01/20  20:00:00,141289844.46532834 
 01/20  21:00:00,146330548.16221583 
 01/20  22:00:00,146216670.08598992 
 01/20  23:00:00,162597810.16528544 
 01/20  24:00:00,175029091.6370146 
 01/21  01:00:00,181873111.71264178 
 01/21  02:00:00,193918483.4840292 
 01/21  03:00:00,196701202.6582878 
 01/21  04:00:00,201162967.42028087 
 01/21  05:00:00,212531324.01621407 
 01/21  06:00:00,215691305.63273785 
 01/21  07:00:00,218765131.29218403 
 01/21  08:00:00,225985537.62552804 
 01/21  09:00:00,242785635.80894056 
 01/21  10:00:00,241818490.095114 
 01/21  11:00:00,228575662.72179788 
 01/21  12:00:00,190721557.4287654 
 01/21  13:00:00,163473752.70878795 
 01/21  14:00:00,151379945.3451041 
 01/21  15:00:00,149287883.39844427 
 01/21  16:00:00,134889849.4632538 
 01/21  17:00:00,128177312.42521763 
 01/21  18:00:00,128374089.53624776 
 01/21  19:00:00,140710185.89876568 
 01/21  20:00:00,161892153.35875452 
 01/21  21:00:00,176994722.67069247 
 01/21  22:00:00,179576192.0460408 
 01/21  23:00:00,175027759.7088138 
 01/21  24:00:00,176099220.6604198 
 01/22  01:00:00,182863600.63640133 
 01/22  02:00:00,185680859.83371395 
 01/22  03:00:00,186993428.479717 
 01/22  04:00:00,190710238.5197622 
 01/22  05:00:00,198674619.95474845 
 01/22  06:00:00,207283816.1248973 
 01/22  07:00:00,215706456.04515147 
 01/22  08:00:00,229191619.32468602 
 01/22  09:00:00,251171644.3861796 
 01/22  10:00:00,247727802.0279647 
 01/22  11:00:00,236510975.10011625 
 01/22  12:00:00,207544992.04391605 
 01/22  13:00:00,183404291.49839944 
 01/22  14:00:00,170101386.96431547 
 01/22  15:00:00,169425716.19972926 
 01/22  16:00:00,150400132.99191418 
 01/22  17:00:00,135054492.21677077 
 01/22  18:00:00,128338764.0859916 
 01/22  19:00:00,131426458.96675313 
 01/22  20:00:00,134085484.37415037 
 01/22  21:00:00,142298607.04836443 
 01/22  22:00:00,154114512.90628192 
 01/22  23:00:00,158661671.2990966 
 01/22  24:00:00,161985860.12067482 
 01/23  01:00:00,164068677.30266988 
 01/23  02:00:00,165099932.20855168 
 01/23  03:00:00,164260064.92107463 
 01/23  04:00:00,162869157.80447963 
 01/23  05:00:00,173066221.38661847 
 01/23  06:00:00,170418072.6286618 
 01/23  07:00:00,170343033.33256093 
 01/23  08:00:00,169763768.26572254 
 01/23  09:00:00,170305804.21361834 
 01/23  10:00:00,169675608.36231637 
 01/23  11:00:00,166375001.930695 
 01/23  12:00:00,152044346.12143627 
 01/23  13:00:00,141310394.26784322 
 01/23  14:00:00,140502873.26746494 
 01/23  15:00:00,139007257.497143 
 01/23  16:00:00,134921472.15650564 
 01/23  17:00:00,130772129.05952068 
 01/23  18:00:00,130601736.18133052 
 01/23  19:00:00,141009525.85699147 
 01/23  20:00:00,153406404.53243002 
 01/23  21:00:00,159014607.73867083 
 01/23  22:00:00,163574802.3539171 
 01/23  23:00:00,169622994.41117692 
 01/23  24:00:00,175385574.31695092 
 01/24  01:00:00,183203503.63683018 
 01/24  02:00:00,188779889.8736274 
 01/24  03:00:00,191565711.00962812 
 01/24  04:00:00,192324225.4902253 
 01/24  05:00:00,193757669.66452727 
 01/24  06:00:00,197005494.35084382 
 01/24  07:00:00,197602106.72594184 
 01/24  08:00:00,199896111.40971023 
 01/24  09:00:00,203026393.06952778 
 01/24  10:00:00,201156675.561931 
 01/24  11:00:00,194109419.5534222 
 01/24  12:00:00,178462020.63098437 
 01/24  13:00:00,160924582.69464606 
 01/24  14:00:00,148661631.76948124 
 01/24  15:00:00,138554534.14232633 
 01/24  16:00:00,132347229.92595106 
 01/24  17:00:00,125596606.41516922 
 01/24  18:00:00,123053108.2671664 
 01/24  19:00:00,130261736.52245595 
 01/24  20:00:00,138520233.39916795 
 01/24  21:00:00,145564328.48642048 
 01/24  22:00:00,152987793.19011605 
 01/24  23:00:00,162484912.83608818 
 01/24  24:00:00,169141744.4272774 
 01/25  01:00:00,172607375.14779273 
 01/25  02:00:00,178611328.16096798 
 01/25  03:00:00,183861907.49958262 
 01/25  04:00:00,188922588.39061138 
 01/25  05:00:00,188461542.79632893 
 01/25  06:00:00,195684842.7471397 
 01/25  07:00:00,202065284.08265334 
 01/25  08:00:00,210200563.8359892 
 01/25  09:00:00,225323105.51764676 
 01/25  10:00:00,222730867.72138745 
 01/25  11:00:00,216485466.14584264 
 01/25  12:00:00,193100598.93316263 
 01/25  13:00:00,174459266.00083756 
 01/25  14:00:00,162839065.9761358 
 01/25  15:00:00,163298630.32486686 
 01/25  16:00:00,151397372.10449505 
 01/25  17:00:00,147254776.9334093 
 01/25  18:00:00,148610684.4467483 
 01/25  19:00:00,158355102.21676543 
 01/25  20:00:00,168288946.70606264 
 01/25  21:00:00,174368010.48174286 
 01/25  22:00:00,180574890.4017654 
 01/25  23:00:00,188123163.00555095 
 01/25  24:00:00,197158540.30791727 
 01/26  01:00:00,202758588.7259896 
 01/26  02:00:00,210077140.49105644 
 01/26  03:00:00,218118452.20630494 
 01/26  04:00:00,223714251.93178895 
 01/26  05:00:00,224438025.54213452 
 01/26  06:00:00,222376294.84210613 
 01/26  07:00:00,221134084.71044028 
 01/26  08:00:00,218013701.40384063 
 01/26  09:00:00,230837626.53522286 
 01/26  10:00:00,232021278.53677532 
 01/26  11:00:00,230930684.5423141 
 01/26  12:00:00,207654394.92584372 
 01/26  13:00:00,187531345.02421528 
 01/26  14:00:00,177281399.46376374 
 01/26  15:00:00,177611599.31295335 
 01/26  16:00:00,163794854.67150038 
 01/26  17:00:00,152060617.5055432 
 01/26  18:00:00,145769045.21685258 
 01/26  19:00:00,154951353.93675876 
 01/26  20:00:00,169283325.79153493 
 01/26  21:00:00,178847383.63318402 
 01/26  22:00:00,187804611.36723492 
 01/26  23:00:00,205813440.16896087 
 01/26  24:00:00,215790077.82716504 
 01/27  01:00:00,215422553.57484084 
 01/27  02:00:00,218669751.89158413 
 01/27  03:00:00,222178066.3845103 
 01/27  04:00:00,225727531.65703186 
 01/27  05:00:00,228166044.642753 
 01/27  06:00:00,229203219.55466133 
 01/27  07:00:00,229191056.19661584 
 01/27  08:00:00,229499078.85454446 
 01/27  09:00:00,244276154.64239034 
 01/27  10:00:00,245869669.6389792 
 01/27  11:00:00,245987093.0281015 
 01/27  12:00:00,239223125.39920413 
 01/27  13:00:00,235205774.720977 
 01/27  14:00:00,228365030.68391034 
 01/27  15:00:00,230917945.02977982 
 01/27  16:00:00,219625421.57709694 
 01/27  17:00:00,211210483.10179913 
 01/27  18:00:00,207275073.0596959 
 01/27  19:00:00,210140378.05833644 
 01/27  20:00:00,212861883.64863253 
 01/27  21:00:00,216671702.10607833 
 01/27  22:00:00,227049238.15877116 
 01/27  23:00:00,239531831.80935016 
 01/27  24:00:00,251704927.01604807 
 01/28  01:00:00,260501360.7648736 
 01/28  02:00:00,267478787.89649925 
 01/28  03:00:00,275540182.39704466 
 01/28  04:00:00,287987904.521955 
 01/28  05:00:00,300076927.6830646 
 01/28  06:00:00,301642970.0630215 
 01/28  07:00:00,299430726.7986421 
 01/28  08:00:00,301669890.0445654 
 01/28  09:00:00,318342308.53836316 
 01/28  10:00:00,315840629.1254294 
 01/28  11:00:00,300226372.1003618 
 01/28  12:00:00,254264677.85447562 
 01/28  13:00:00,218342315.74101385 
 01/28  14:00:00,200227195.8757657 
 01/28  15:00:00,193662536.1235135 
 01/28  16:00:00,170671331.1587504 
 01/28  17:00:00,154818824.61079118 
 01/28  18:00:00,150210092.07664892 
 01/28  19:00:00,162045222.714616 
 01/28  20:00:00,181766292.64425522 
 01/28  21:00:00,192271338.06061321 
 01/28  22:00:00,196397898.67659032 
 01/28  23:00:00,208738579.067892 
 01/28  24:00:00,225915601.263634 
 01/29  01:00:00,238906119.58044955 
 01/29  02:00:00,247251920.54531944 
 01/29  03:00:00,253431141.86076373 
 01/29  04:00:00,262384881.8593063 
 01/29  05:00:00,261964333.35734317 
 01/29  06:00:00,255142325.05235782 
 01/29  07:00:00,248764493.74947816 
 01/29  08:00:00,245884078.07753247 
 01/29  09:00:00,267341589.66116592 
 01/29  10:00:00,265228349.4656819 
 01/29  11:00:00,249094487.16977525 
 01/29  12:00:00,211447603.27062955 
 01/29  13:00:00,181484899.4593895 
 01/29  14:00:00,167948257.1419233 
 01/29  15:00:00,163574149.5953638 
 01/29  16:00:00,140617488.12491328 
 01/29  17:00:00,125036884.49692072 
 01/29  18:00:00,123313135.53365363 
 01/29  19:00:00,136031721.10609776 
 01/29  20:00:00,150636118.1968032 
 01/29  21:00:00,155501921.72877926 
 01/29  22:00:00,158441352.14771602 
 01/29  23:00:00,167073042.49007368 
 01/29  24:00:00,174426875.93123448 
 01/30  01:00:00,178035584.85050276 
 01/30  02:00:00,180576902.3381778 
 01/30  03:00:00,188119944.64482746 
 01/30  04:00:00,200356444.94915527 
 01/30  05:00:00,220293235.47936854 
 01/30  06:00:00,221809366.32091248 
 01/30  07:00:00,222457364.77900875 
 01/30  08:00:00,221390598.16711557 
 01/30  09:00:00,220905298.04628584 
 01/30  10:00:00,219414342.5643255 
 01/30  11:00:00,212960741.68307012 
 01/30  12:00:00,192943643.7285279 
 01/30  13:00:00,172354578.83644903 
 01/30  14:00:00,161157198.89517304 
 01/30  15:00:00,153691340.58273596 
 01/30  16:00:00,146627411.66815886 
 01/30  17:00:00,140436517.78469247 
 01/30  18:00:00,138679283.19372863 
 01/30  19:00:00,145909489.36308756 
 01/30  20:00:00,158143764.12850547 
 01/30  21:00:00,166937764.5296466 
 01/30  22:00:00,178118414.696736 
 01/30  23:00:00,190612632.09867382 
 01/30  24:00:00,191946682.883433 
 01/31  01:00:00,192822320.31806648 
 01/31  02:00:00,202731996.58435994 
 01/31  03:00:00,210195350.5901963 
 01/31  04:00:00,219003807.34727 
 01/31  05:00:00,226953238.27298012 
 01/31  06:00:00,231887526.29077834 
 01/31  07:00:00,235632132.88738737 
 01/31  08:00:00,237875341.52036232 
 01/31  09:00:00,242175569.4871084 
 01/31  10:00:00,237738191.82827613 
 01/31  11:00:00,223515225.94577378 
 01/31  12:00:00,196433947.54606017 
 01/31  13:00:00,172569071.95824504 
 01/31  14:00:00,159846925.7314025 
 01/31  15:00:00,149362420.3352943 
 01/31  16:00:00,143321876.59732622 
 01/31  17:00:00,142028440.11906597 
 01/31  18:00:00,143575238.6790123 
 01/31  19:00:00,151424561.32701248 
 01/31  20:00:00,160398321.89399576 
 01/31  21:00:00,167403809.71329457 
 01/31  22:00:00,172849331.83301622 
 01/31  23:00:00,182216076.7624454 
 01/31  24:00:00,191063693.35206714 
 02/01  01:00:00,196580034.00894752 
 02/01  02:00:00,204795430.22491878 
 02/01  03:00:00,218659732.7862746 
 02/01  04:00:00,229923356.61709654 
 02/01  05:00:00,222782828.28251076 
 02/01  06:00:00,228354114.9267918 
 02/01  07:00:00,240427263.98900002 
 02/01  08:00:00,244879779.30416298 
 02/01  09:00:00,254396527.03736624 
 02/01  10:00:00,244272205.26049095 
 02/01  11:00:00,228381869.2048375 
 02/01  12:00:00,201659257.34963983 
 02/01  13:00:00,183451159.46442923 
 02/01  14:00:00,172594796.70927206 
 02/01  15:00:00,171105337.34616655 
 02/01  16:00:00,156649646.6716159 
 02/01  17:00:00,149769252.24603638 
 02/01  18:00:00,146899779.46045434 
 02/01  19:00:00,160633733.19806004 
 02/01  20:00:00,181524552.99628446 
 02/01  21:00:00,197493160.45363265 
 02/01  22:00:00,212041402.62847468 
 02/01  23:00:00,232436409.96439233 
 02/01  24:00:00,248398293.31276974 
 02/02  01:00:00,254067236.8035941 
 02/02  02:00:00,259193638.47822 
 02/02  03:00:00,263009032.13462058 
 02/02  04:00:00,273965950.83524954 
 02/02  05:00:00,283750014.5118323 
 02/02  06:00:00,286860189.2639891 
 02/02  07:00:00,289231419.10176206 
 02/02  08:00:00,290243679.54417586 
 02/02  09:00:00,306235150.594966 
 02/02  10:00:00,295731325.15752167 
 02/02  11:00:00,274079474.7366149 
 02/02  12:00:00,233756390.69650483 
 02/02  13:00:00,203041254.17737162 
 02/02  14:00:00,189493131.1388374 
 02/02  15:00:00,185955108.09911016 
 02/02  16:00:00,166238905.23199043 
 02/02  17:00:00,153169259.99220097 
 02/02  18:00:00,148034414.82797924 
 02/02  19:00:00,152623669.08285627 
 02/02  20:00:00,156965425.00165913 
 02/02  21:00:00,165692393.03886566 
 02/02  22:00:00,181818448.75707963 
 02/02  23:00:00,216582561.19362116 
 02/02  24:00:00,251785510.27543432 
 02/03  01:00:00,266245124.78147846 
 02/03  02:00:00,273390192.7593312 
 02/03  03:00:00,278017793.59121376 
 02/03  04:00:00,287851003.12359023 
 02/03  05:00:00,295058614.74586475 
 02/03  06:00:00,296226568.10316664 
 02/03  07:00:00,295744888.11937344 
 02/03  08:00:00,293880469.6406763 
 02/03  09:00:00,307732544.73244506 
 02/03  10:00:00,297532141.5808294 
 02/03  11:00:00,277228500.14037246 
 02/03  12:00:00,228437089.60994303 
 02/03  13:00:00,188431641.32241794 
 02/03  14:00:00,172088470.0388077 
 02/03  15:00:00,167127517.70936686 
 02/03  16:00:00,141321186.27169567 
 02/03  17:00:00,122264297.35066685 
 02/03  18:00:00,115891692.01672368 
 02/03  19:00:00,118052204.0443423 
 02/03  20:00:00,119543092.47824949 
 02/03  21:00:00,132798538.13473937 
 02/03  22:00:00,152220226.67802 
 02/03  23:00:00,165733025.22094616 
 02/03  24:00:00,174418495.76496077 
 02/04  01:00:00,173585250.24245143 
 02/04  02:00:00,167131632.3921231 
 02/04  03:00:00,169606696.48627198 
 02/04  04:00:00,172587952.2878084 
 02/04  05:00:00,166777111.70716062 
 02/04  06:00:00,164719666.41838968 
 02/04  07:00:00,165677056.32827413 
 02/04  08:00:00,166159728.58704418 
 02/04  09:00:00,182019947.37149668 
 02/04  10:00:00,181642935.59070066 
 02/04  11:00:00,178388473.0184747 
 02/04  12:00:00,164551829.4010347 
 02/04  13:00:00,154551084.19810456 
 02/04  14:00:00,148919121.64405307 
 02/04  15:00:00,154149873.51190886 
 02/04  16:00:00,142041713.02453336 
 02/04  17:00:00,133324485.37001814 
 02/04  18:00:00,131227126.9359109 
 02/04  19:00:00,130946306.77748543 
 02/04  20:00:00,128567732.80394416 
 02/04  21:00:00,124649644.59785083 
 02/04  22:00:00,121861083.79023601 
 02/04  23:00:00,123007742.50643556 
 02/04  24:00:00,122719126.0359581 
 02/05  01:00:00,119540948.8859406 
 02/05  02:00:00,119788206.75031044 
 02/05  03:00:00,119059278.47570337 
 02/05  04:00:00,123718856.2329508 
 02/05  05:00:00,134800882.13105124 
 02/05  06:00:00,141077320.4766102 
 02/05  07:00:00,147363438.67174762 
 02/05  08:00:00,152466422.98420691 
 02/05  09:00:00,168753780.20501676 
 02/05  10:00:00,165864168.36148894 
 02/05  11:00:00,160756707.62273183 
 02/05  12:00:00,148319409.80387068 
 02/05  13:00:00,136327584.57284033 
 02/05  14:00:00,125968265.83661868 
 02/05  15:00:00,124254089.88979448 
 02/05  16:00:00,109543225.45594345 
 02/05  17:00:00,101888028.23488398 
 02/05  18:00:00,100772156.26437263 
 02/05  19:00:00,108791316.51720062 
 02/05  20:00:00,119648763.34240608 
 02/05  21:00:00,128040548.74113518 
 02/05  22:00:00,134796530.7740585 
 02/05  23:00:00,143050845.47097072 
 02/05  24:00:00,150715895.3313298 
 02/06  01:00:00,155567102.84883374 
 02/06  02:00:00,160592281.29805323 
 02/06  03:00:00,162333765.30976844 
 02/06  04:00:00,167254524.71446526 
 02/06  05:00:00,189320590.96376348 
 02/06  06:00:00,195083156.99398324 
 02/06  07:00:00,198562221.73711285 
 02/06  08:00:00,200535732.855745 
 02/06  09:00:00,200397362.1393628 
 02/06  10:00:00,194684072.67826912 
 02/06  11:00:00,185812561.71954182 
 02/06  12:00:00,163657239.22703758 
 02/06  13:00:00,139972347.9570869 
 02/06  14:00:00,127468748.73611237 
 02/06  15:00:00,117878618.73213622 
 02/06  16:00:00,107885768.04163228 
 02/06  17:00:00,102111659.15477769 
 02/06  18:00:00,102899493.6322696 
 02/06  19:00:00,113223609.10508668 
 02/06  20:00:00,134718622.56955495 
 02/06  21:00:00,149322850.32833806 
 02/06  22:00:00,149652354.50721747 
 02/06  23:00:00,155964005.65898466 
 02/06  24:00:00,180094627.4403574 
 02/07  01:00:00,198015691.2933448 
 02/07  02:00:00,202446562.972897 
 02/07  03:00:00,208873828.73621085 
 02/07  04:00:00,219744809.44115323 
 02/07  05:00:00,233003881.11621222 
 02/07  06:00:00,236039391.26942712 
 02/07  07:00:00,241651349.08774126 
 02/07  08:00:00,247914240.86537933 
 02/07  09:00:00,246655729.1190638 
 02/07  10:00:00,232534962.10027662 
 02/07  11:00:00,215155305.49240392 
 02/07  12:00:00,190734769.8179809 
 02/07  13:00:00,164882921.8362119 
 02/07  14:00:00,151915530.36836293 
 02/07  15:00:00,145270147.5577829 
 02/07  16:00:00,136531207.32366174 
 02/07  17:00:00,129496563.0451729 
 02/07  18:00:00,127708727.22287688 
 02/07  19:00:00,132203438.49005848 
 02/07  20:00:00,141849714.90864572 
 02/07  21:00:00,153866652.23882264 
 02/07  22:00:00,153545226.12967592 
 02/07  23:00:00,158553592.79726627 
 02/07  24:00:00,170794545.74544987 
 02/08  01:00:00,174146833.84435314 
 02/08  02:00:00,174299095.75644213 
 02/08  03:00:00,172660253.803855 
 02/08  04:00:00,170325070.6688559 
 02/08  05:00:00,156736025.2802911 
 02/08  06:00:00,154203000.45902702 
 02/08  07:00:00,154121301.40520653 
 02/08  08:00:00,153535159.6820509 
 02/08  09:00:00,167067548.1226975 
 02/08  10:00:00,165800773.16747648 
 02/08  11:00:00,166424218.64049727 
 02/08  12:00:00,158777331.37243152 
 02/08  13:00:00,150645296.7162311 
 02/08  14:00:00,143018455.62148398 
 02/08  15:00:00,142369411.0030458 
 02/08  16:00:00,130398869.309009 
 02/08  17:00:00,127130987.61062302 
 02/08  18:00:00,124939378.43123008 
 02/08  19:00:00,129971744.25911155 
 02/08  20:00:00,139790389.17684868 
 02/08  21:00:00,144034444.57103127 
 02/08  22:00:00,146514584.8911929 
 02/08  23:00:00,154234967.1729124 
 02/08  24:00:00,166958061.20407513 
 02/09  01:00:00,175349105.9701915 
 02/09  02:00:00,178215216.72334224 
 02/09  03:00:00,180575047.98498392 
 02/09  04:00:00,187162844.650818 
 02/09  05:00:00,193201454.6789358 
 02/09  06:00:00,197212014.46643946 
 02/09  07:00:00,197977725.6982062 
 02/09  08:00:00,196735272.4044811 
 02/09  09:00:00,212256701.95755824 
 02/09  10:00:00,206651579.39572832 
 02/09  11:00:00,190170212.94671562 
 02/09  12:00:00,165857954.62744302 
 02/09  13:00:00,154396583.7031595 
 02/09  14:00:00,149809943.62561274 
 02/09  15:00:00,151561229.5103212 
 02/09  16:00:00,139737410.0065151 
 02/09  17:00:00,135996662.20289132 
 02/09  18:00:00,136616151.80205637 
 02/09  19:00:00,147542064.8884807 
 02/09  20:00:00,165403637.88675845 
 02/09  21:00:00,178782270.19098654 
 02/09  22:00:00,188815386.509952 
 02/09  23:00:00,203768994.1742641 
 02/09  24:00:00,217416861.50054365 
 02/10  01:00:00,226193045.44118047 
 02/10  02:00:00,235723742.41924703 
 02/10  03:00:00,246251788.66284698 
 02/10  04:00:00,256315779.21401468 
 02/10  05:00:00,265477928.08091354 
 02/10  06:00:00,270149741.6816276 
 02/10  07:00:00,266660740.10103032 
 02/10  08:00:00,264125449.26075724 
 02/10  09:00:00,272776485.9333116 
 02/10  10:00:00,262609882.67856696 
 02/10  11:00:00,248941693.97699502 
 02/10  12:00:00,219511113.73920843 
 02/10  13:00:00,197585613.00448164 
 02/10  14:00:00,185924438.35165146 
 02/10  15:00:00,184780661.14291444 
 02/10  16:00:00,170206406.548717 
 02/10  17:00:00,160974020.10283408 
 02/10  18:00:00,156363442.28999272 
 02/10  19:00:00,161928714.4872342 
 02/10  20:00:00,164349159.21032923 
 02/10  21:00:00,162841643.85593504 
 02/10  22:00:00,169693782.14366668 
 02/10  23:00:00,187604445.7393026 
 02/10  24:00:00,197704560.95100155 
 02/11  01:00:00,199994353.5135867 
 02/11  02:00:00,208300485.4191085 
 02/11  03:00:00,219178555.3203578 
 02/11  04:00:00,238411451.50666127 
 02/11  05:00:00,265496814.97007743 
 02/11  06:00:00,284460124.55492383 
 02/11  07:00:00,294589132.554713 
 02/11  08:00:00,298537233.7284553 
 02/11  09:00:00,304153719.3677486 
 02/11  10:00:00,284136080.68618613 
 02/11  11:00:00,265237614.01260513 
 02/11  12:00:00,240340182.0063703 
 02/11  13:00:00,224720269.87832513 
 02/11  14:00:00,216710644.9712618 
 02/11  15:00:00,217550535.65640298 
 02/11  16:00:00,206961737.06141502 
 02/11  17:00:00,204894625.06179997 
 02/11  18:00:00,202861684.4409997 
 02/11  19:00:00,209261603.3758915 
 02/11  20:00:00,224676553.51546812 
 02/11  21:00:00,234658769.1978097 
 02/11  22:00:00,242179956.50333622 
 02/11  23:00:00,257102046.62804574 
 02/11  24:00:00,271526451.25709057 
 02/12  01:00:00,276657065.9420064 
 02/12  02:00:00,277514862.812472 
 02/12  03:00:00,278591429.99633 
 02/12  04:00:00,286553332.21199346 
 02/12  05:00:00,299993545.05087143 
 02/12  06:00:00,308300900.1891242 
 02/12  07:00:00,308231481.654076 
 02/12  08:00:00,310050945.50777036 
 02/12  09:00:00,327832061.2981715 
 02/12  10:00:00,312977587.81258535 
 02/12  11:00:00,291676394.50560135 
 02/12  12:00:00,256675614.99726588 
 02/12  13:00:00,227307258.7601132 
 02/12  14:00:00,212297781.24162802 
 02/12  15:00:00,203653963.30105838 
 02/12  16:00:00,182468588.42807835 
 02/12  17:00:00,174124243.62785557 
 02/12  18:00:00,172992701.5644421 
 02/12  19:00:00,180873773.5651104 
 02/12  20:00:00,195928795.09015277 
 02/12  21:00:00,204283133.83233732 
 02/12  22:00:00,206417369.73553762 
 02/12  23:00:00,215683902.56667826 
 02/12  24:00:00,227396750.84728926 
 02/13  01:00:00,237589382.19233015 
 02/13  02:00:00,248768096.94244257 
 02/13  03:00:00,257160135.29647306 
 02/13  04:00:00,264070238.22831044 
 02/13  05:00:00,284788291.92572325 
 02/13  06:00:00,290379527.50148094 
 02/13  07:00:00,293943687.0792255 
 02/13  08:00:00,296658049.8598638 
 02/13  09:00:00,299956112.1333354 
 02/13  10:00:00,294476535.0659087 
 02/13  11:00:00,280724444.13769305 
 02/13  12:00:00,262713779.7096268 
 02/13  13:00:00,248404157.4714147 
 02/13  14:00:00,240388482.01912925 
 02/13  15:00:00,230648631.31262738 
 02/13  16:00:00,221472330.12227476 
 02/13  17:00:00,212420000.5600692 
 02/13  18:00:00,206359991.1584378 
 02/13  19:00:00,213283485.29791406 
 02/13  20:00:00,226669949.0148035 
 02/13  21:00:00,234144891.57091147 
 02/13  22:00:00,241273414.442065 
 02/13  23:00:00,254662867.08419323 
 02/13  24:00:00,270820692.512956 
 02/14  01:00:00,282131700.5046162 
 02/14  02:00:00,291207420.25647104 
 02/14  03:00:00,300032083.4576682 
 02/14  04:00:00,309415693.4678492 
 02/14  05:00:00,322716563.5983552 
 02/14  06:00:00,327672891.13028985 
 02/14  07:00:00,328452049.8239405 
 02/14  08:00:00,330936800.14953 
 02/14  09:00:00,324841876.4809065 
 02/14  10:00:00,310934053.6680426 
 02/14  11:00:00,299210308.3790909 
 02/14  12:00:00,274461544.10268646 
 02/14  13:00:00,253715354.0381251 
 02/14  14:00:00,243263281.481068 
 02/14  15:00:00,233876085.39690533 
 02/14  16:00:00,224571915.6691728 
 02/14  17:00:00,214436763.02558184 
 02/14  18:00:00,210662443.46312732 
 02/14  19:00:00,220372529.4528045 
 02/14  20:00:00,225006752.91615185 
 02/14  21:00:00,220360816.5485558 
 02/14  22:00:00,235465863.5114445 
 02/14  23:00:00,255763340.2540651 
 02/14  24:00:00,266433447.26685223 
 02/15  01:00:00,274367308.3700426 
 02/15  02:00:00,272371381.5554716 
 02/15  03:00:00,264763545.49606082 
 02/15  04:00:00,259082337.34559095 
 02/15  05:00:00,244510629.49802127 
 02/15  06:00:00,240950675.28637084 
 02/15  07:00:00,240084326.22497755 
 02/15  08:00:00,239760851.4464972 
 02/15  09:00:00,253071700.49757117 
 02/15  10:00:00,251508530.4463883 
 02/15  11:00:00,248963426.94794798 
 02/15  12:00:00,235818697.00643528 
 02/15  13:00:00,227330978.5269171 
 02/15  14:00:00,222787354.36514786 
 02/15  15:00:00,227674474.7786107 
 02/15  16:00:00,221550243.5910544 
 02/15  17:00:00,220607082.3093102 
 02/15  18:00:00,222052659.18830216 
 02/15  19:00:00,225895410.0673051 
 02/15  20:00:00,228118418.26147717 
 02/15  21:00:00,227756349.69071245 
 02/15  22:00:00,227827904.33970055 
 02/15  23:00:00,229023152.59408778 
 02/15  24:00:00,227291635.54805273 
 02/16  01:00:00,224609362.8229099 
 02/16  02:00:00,222744374.12987077 
 02/16  03:00:00,220331519.16315567 
 02/16  04:00:00,220178127.78338644 
 02/16  05:00:00,220377133.94481146 
 02/16  06:00:00,219609075.2568289 
 02/16  07:00:00,219437023.52600342 
 02/16  08:00:00,218135694.68511376 
 02/16  09:00:00,229967315.36070693 
 02/16  10:00:00,224904478.58636376 
 02/16  11:00:00,220356188.40201643 
 02/16  12:00:00,207044835.78107405 
 02/16  13:00:00,196119294.9917371 
 02/16  14:00:00,187881057.79270783 
 02/16  15:00:00,188624174.5664221 
 02/16  16:00:00,175352347.15426308 
 02/16  17:00:00,165601947.75134698 
 02/16  18:00:00,159642671.26336905 
 02/16  19:00:00,158001544.75966465 
 02/16  20:00:00,157030356.0926731 
 02/16  21:00:00,156362792.13986668 
 02/16  22:00:00,156394634.55337092 
 02/16  23:00:00,158538734.40359107 
 02/16  24:00:00,158194126.63529336 
 02/17  01:00:00,154504924.37927586 
 02/17  02:00:00,152424473.69334358 
 02/17  03:00:00,149771201.6041192 
 02/17  04:00:00,148410478.2463253 
 02/17  05:00:00,149141952.1358756 
 02/17  06:00:00,149422129.22912997 
 02/17  07:00:00,149241870.05031127 
 02/17  08:00:00,150206853.3466453 
 02/17  09:00:00,163693986.71468577 
 02/17  10:00:00,162611492.25009355 
 02/17  11:00:00,162602567.63602948 
 02/17  12:00:00,156927187.51568532 
 02/17  13:00:00,153122840.37049407 
 02/17  14:00:00,146839269.3377683 
 02/17  15:00:00,145535874.20671758 
 02/17  16:00:00,135070430.81262535 
 02/17  17:00:00,138110146.61771065 
 02/17  18:00:00,140100496.10952982 
 02/17  19:00:00,142375395.26624694 
 02/17  20:00:00,145926952.56768847 
 02/17  21:00:00,147013156.88861915 
 02/17  22:00:00,151078345.89907682 
 02/17  23:00:00,157031565.83532605 
 02/17  24:00:00,161236516.47335622 
 02/18  01:00:00,163363575.40591887 
 02/18  02:00:00,164294895.08165634 
 02/18  03:00:00,167030912.8814964 
 02/18  04:00:00,171890186.84063107 
 02/18  05:00:00,183555785.24657992 
 02/18  06:00:00,189981417.229671 
 02/18  07:00:00,195855211.52390775 
 02/18  08:00:00,201290148.50439614 
 02/18  09:00:00,212604189.82579753 
 02/18  10:00:00,209180556.04070932 
 02/18  11:00:00,205274010.1271165 
 02/18  12:00:00,186655736.08555508 
 02/18  13:00:00,173275330.5638185 
 02/18  14:00:00,166699961.64036056 
 02/18  15:00:00,167586702.67417756 
 02/18  16:00:00,154132997.51327506 
 02/18  17:00:00,145302762.46720615 
 02/18  18:00:00,141319317.98074806 
 02/18  19:00:00,144762058.49564165 
 02/18  20:00:00,150953659.4516036 
 02/18  21:00:00,154457839.70871145 
 02/18  22:00:00,157191030.96039364 
 02/18  23:00:00,164015692.08911064 
 02/18  24:00:00,171692397.34757107 
 02/19  01:00:00,175896500.4255079 
 02/19  02:00:00,177002729.28468892 
 02/19  03:00:00,177752332.25385997 
 02/19  04:00:00,180696005.10427243 
 02/19  05:00:00,182669358.46895579 
 02/19  06:00:00,182440447.59969264 
 02/19  07:00:00,181654618.83211833 
 02/19  08:00:00,181332879.51567093 
 02/19  09:00:00,194051090.8040083 
 02/19  10:00:00,191979602.32387263 
 02/19  11:00:00,188118966.95715356 
 02/19  12:00:00,174652812.98654032 
 02/19  13:00:00,167824062.41611174 
 02/19  14:00:00,166119777.7245223 
 02/19  15:00:00,171084611.68437672 
 02/19  16:00:00,160454696.36901507 
 02/19  17:00:00,153729307.6114527 
 02/19  18:00:00,153035737.63046345 
 02/19  19:00:00,163768704.85616258 
 02/19  20:00:00,176321951.7575674 
 02/19  21:00:00,189636661.24337244 
 02/19  22:00:00,204163883.41486207 
 02/19  23:00:00,221839241.2282894 
 02/19  24:00:00,232668055.41392604 
 02/20  01:00:00,234502929.55657622 
 02/20  02:00:00,236789237.16264516 
 02/20  03:00:00,238225607.31098387 
 02/20  04:00:00,241607896.63524842 
 02/20  05:00:00,262521955.4665878 
 02/20  06:00:00,267132500.76357898 
 02/20  07:00:00,270556182.808123 
 02/20  08:00:00,272754406.02356374 
 02/20  09:00:00,275282722.6136147 
 02/20  10:00:00,262187279.81950244 
 02/20  11:00:00,241682907.16882673 
 02/20  12:00:00,217548807.0955019 
 02/20  13:00:00,192444860.1716584 
 02/20  14:00:00,175800518.18087143 
 02/20  15:00:00,166641295.53232622 
 02/20  16:00:00,161699547.26796722 
 02/20  17:00:00,159076622.87072405 
 02/20  18:00:00,160457736.281723 
 02/20  19:00:00,166310536.46190634 
 02/20  20:00:00,174770456.43270415 
 02/20  21:00:00,183992135.37366754 
 02/20  22:00:00,189304435.9028889 
 02/20  23:00:00,204872139.21077144 
 02/20  24:00:00,222432508.33392015 
 02/21  01:00:00,230681188.28787273 
 02/21  02:00:00,233536279.33070636 
 02/21  03:00:00,229531675.91483217 
 02/21  04:00:00,218645811.69185358 
 02/21  05:00:00,211309470.13921452 
 02/21  06:00:00,216304995.39055786 
 02/21  07:00:00,219768250.162487 
 02/21  08:00:00,218705678.06915498 
 02/21  09:00:00,219807626.4583774 
 02/21  10:00:00,222029690.74038896 
 02/21  11:00:00,226276839.01556733 
 02/21  12:00:00,225061578.33371168 
 02/21  13:00:00,217855917.10571897 
 02/21  14:00:00,209625913.24797046 
 02/21  15:00:00,201364135.3926496 
 02/21  16:00:00,192058904.41732377 
 02/21  17:00:00,179855713.49092224 
 02/21  18:00:00,167618700.08500028 
 02/21  19:00:00,162055901.5162692 
 02/21  20:00:00,161744656.95851064 
 02/21  21:00:00,162930435.64965048 
 02/21  22:00:00,163783347.63591105 
 02/21  23:00:00,164330971.89307928 
 02/21  24:00:00,166671389.32899892 
 02/22  01:00:00,166897793.95504624 
 02/22  02:00:00,165656515.5502202 
 02/22  03:00:00,164318723.96646905 
 02/22  04:00:00,159723212.23328173 
 02/22  05:00:00,145789741.68586668 
 02/22  06:00:00,143415115.3776866 
 02/22  07:00:00,142541885.00017178 
 02/22  08:00:00,142256315.0106786 
 02/22  09:00:00,152711487.28633463 
 02/22  10:00:00,146855583.8246438 
 02/22  11:00:00,142182421.386499 
 02/22  12:00:00,126034878.74473576 
 02/22  13:00:00,118795242.26918209 
 02/22  14:00:00,116130731.14686848 
 02/22  15:00:00,113719526.88949576 
 02/22  16:00:00,102447516.09749082 
 02/22  17:00:00,103281259.3794693 
 02/22  18:00:00,100034172.51558731 
 02/22  19:00:00,106577795.25835575 
 02/22  20:00:00,114974610.21360177 
 02/22  21:00:00,120403397.8580447 
 02/22  22:00:00,124904916.84176983 
 02/22  23:00:00,130113251.84135579 
 02/22  24:00:00,137462415.88700762 
 02/23  01:00:00,138577351.70141757 
 02/23  02:00:00,139367155.2718441 
 02/23  03:00:00,142609603.89240378 
 02/23  04:00:00,145809052.31900236 
 02/23  05:00:00,144776724.88826948 
 02/23  06:00:00,143623836.7508353 
 02/23  07:00:00,143266315.90580174 
 02/23  08:00:00,143313261.67652017 
 02/23  09:00:00,156912180.9045924 
 02/23  10:00:00,148931850.85190696 
 02/23  11:00:00,142783176.2460011 
 02/23  12:00:00,129729763.42203075 
 02/23  13:00:00,117166709.43903777 
 02/23  14:00:00,108636073.88785937 
 02/23  15:00:00,110201307.17192349 
 02/23  16:00:00,102399593.73845004 
 02/23  17:00:00,105323270.44017743 
 02/23  18:00:00,109250433.66112228 
 02/23  19:00:00,118568121.74152738 
 02/23  20:00:00,125686548.04771829 
 02/23  21:00:00,127822846.91098295 
 02/23  22:00:00,133324328.53200133 
 02/23  23:00:00,138229633.34863168 
 02/23  24:00:00,137786793.69283322 
 02/24  01:00:00,134251990.04438782 
 02/24  02:00:00,132873589.17208253 
 02/24  03:00:00,134096570.00647056 
 02/24  04:00:00,135913307.07868844 
 02/24  05:00:00,138397099.33318236 
 02/24  06:00:00,141004026.9421652 
 02/24  07:00:00,140736624.3443562 
 02/24  08:00:00,142853286.8462659 
 02/24  09:00:00,162532657.98399568 
 02/24  10:00:00,159444253.51055747 
 02/24  11:00:00,153583550.9064329 
 02/24  12:00:00,133340869.46591131 
 02/24  13:00:00,112675032.1512784 
 02/24  14:00:00,101665210.5574336 
 02/24  15:00:00,99922014.03053583 
 02/24  16:00:00,86863462.86818485 
 02/24  17:00:00,83250626.57786857 
 02/24  18:00:00,84153780.76343632 
 02/24  19:00:00,88128374.90025298 
 02/24  20:00:00,92040692.6175507 
 02/24  21:00:00,95189308.64211549 
 02/24  22:00:00,97772385.51901148 
 02/24  23:00:00,100731423.95157596 
 02/24  24:00:00,101848745.05912338 
 02/25  01:00:00,101885075.28053273 
 02/25  02:00:00,102505227.41406539 
 02/25  03:00:00,107610750.88253342 
 02/25  04:00:00,112687821.33992678 
 02/25  05:00:00,114653777.04965068 
 02/25  06:00:00,116280481.72327666 
 02/25  07:00:00,119240002.13853008 
 02/25  08:00:00,120005442.58781414 
 02/25  09:00:00,132748828.86051592 
 02/25  10:00:00,129435711.87320586 
 02/25  11:00:00,126038501.53460394 
 02/25  12:00:00,116372442.847979 
 02/25  13:00:00,105965477.88882968 
 02/25  14:00:00,99290557.65910944 
 02/25  15:00:00,100696894.10343601 
 02/25  16:00:00,85768985.70531777 
 02/25  17:00:00,82219754.2195567 
 02/25  18:00:00,86340795.67059605 
 02/25  19:00:00,93056122.11951506 
 02/25  20:00:00,95530179.87432308 
 02/25  21:00:00,97097396.04242623 
 02/25  22:00:00,103145406.06186594 
 02/25  23:00:00,112931204.35281219 
 02/25  24:00:00,122877524.51369686 
 02/26  01:00:00,127096252.9177177 
 02/26  02:00:00,127119196.02098015 
 02/26  03:00:00,129563294.50785616 
 02/26  04:00:00,136581969.95140243 
 02/26  05:00:00,151333561.32850468 
 02/26  06:00:00,162709368.04958436 
 02/26  07:00:00,168874188.602293 
 02/26  08:00:00,173408898.19492176 
 02/26  09:00:00,189765386.6180326 
 02/26  10:00:00,180298823.05155277 
 02/26  11:00:00,163270056.38586202 
 02/26  12:00:00,137664084.01226485 
 02/26  13:00:00,118374008.89574645 
 02/26  14:00:00,108298840.64768982 
 02/26  15:00:00,109103323.92718284 
 02/26  16:00:00,98030592.7603643 
 02/26  17:00:00,93957478.28224698 
 02/26  18:00:00,93530392.39465714 
 02/26  19:00:00,99173472.7670171 
 02/26  20:00:00,106288148.8310181 
 02/26  21:00:00,116098738.21008816 
 02/26  22:00:00,123429782.08558276 
 02/26  23:00:00,129952434.69122747 
 02/26  24:00:00,135992239.81177756 
 02/27  01:00:00,135866671.8433042 
 02/27  02:00:00,133663536.40444975 
 02/27  03:00:00,129612777.42246698 
 02/27  04:00:00,127025037.06121545 
 02/27  05:00:00,138126907.06196457 
 02/27  06:00:00,137952167.80084535 
 02/27  07:00:00,139195831.77678505 
 02/27  08:00:00,137343938.57309633 
 02/27  09:00:00,134594969.9487944 
 02/27  10:00:00,125888588.6743247 
 02/27  11:00:00,118800349.10132153 
 02/27  12:00:00,104782359.62576711 
 02/27  13:00:00,85124167.65361933 
 02/27  14:00:00,70582278.48606482 
 02/27  15:00:00,59034061.10530966 
 02/27  16:00:00,49059544.03464841 
 02/27  17:00:00,45668754.27821169 
 02/27  18:00:00,38310577.75638854 
 02/27  19:00:00,27827026.117869776 
 02/27  20:00:00,28712053.521970015 
 02/27  21:00:00,38669292.78524006 
 02/27  22:00:00,45201039.221663445 
 02/27  23:00:00,65168216.925944224 
 02/27  24:00:00,94281554.11064917 
 02/28  01:00:00,112297502.15505677 
 02/28  02:00:00,123801398.39809406 
 02/28  03:00:00,129616530.66709314 
 02/28  04:00:00,139295216.37564802 
 02/28  05:00:00,151579107.02765548 
 02/28  06:00:00,159333180.72132662 
 02/28  07:00:00,166548500.99075925 
 02/28  08:00:00,173735970.9211304 
 02/28  09:00:00,180406676.6908984 
 02/28  10:00:00,179002588.78541934 
 02/28  11:00:00,171381492.42004818 
 02/28  12:00:00,156434546.83985746 
 02/28  13:00:00,140054248.10752752 
 02/28  14:00:00,133836769.11335675 
 02/28  15:00:00,128319593.84427978 
 02/28  16:00:00,120171096.88732187 
 02/28  17:00:00,113766263.06947489 
 02/28  18:00:00,109539792.87408555 
 02/28  19:00:00,114545777.41296284 
 02/28  20:00:00,120760766.90891302 
 02/28  21:00:00,127580860.74894758 
 02/28  22:00:00,142084447.0607717 
 02/28  23:00:00,153692464.36910203 
 02/28  24:00:00,158248163.07595518 
 03/01  01:00:00,160165425.3690079 
 03/01  02:00:00,163515237.56033084 
 03/01  03:00:00,167101096.99547946 
 03/01  04:00:00,166558455.36089346 
 03/01  05:00:00,155237382.94211724 
 03/01  06:00:00,155310492.63831383 
 03/01  07:00:00,160042056.57316363 
 03/01  08:00:00,164973719.0966326 
 03/01  09:00:00,179241017.16781488 
 03/01  10:00:00,174851497.76878947 
 03/01  11:00:00,171058930.38549215 
 03/01  12:00:00,149254645.7642877 
 03/01  13:00:00,126303497.88789618 
 03/01  14:00:00,118166419.03995986 
 03/01  15:00:00,120355623.38566078 
 03/01  16:00:00,105400736.39674202 
 03/01  17:00:00,99866455.62778828 
 03/01  18:00:00,98084449.06512061 
 03/01  19:00:00,100389451.8056931 
 03/01  20:00:00,106990395.7386735 
 03/01  21:00:00,117993439.1717447 
 03/01  22:00:00,132538810.26200658 
 03/01  23:00:00,146511434.83415076 
 03/01  24:00:00,150620081.67826185 
 03/02  01:00:00,160832383.9079744 
 03/02  02:00:00,179175441.95980278 
 03/02  03:00:00,188072934.1204385 
 03/02  04:00:00,195120154.0143609 
 03/02  05:00:00,195646573.51820964 
 03/02  06:00:00,192669607.66619217 
 03/02  07:00:00,195860585.99557987 
 03/02  08:00:00,199321611.28278875 
 03/02  09:00:00,214218674.40137073 
 03/02  10:00:00,204064748.50416315 
 03/02  11:00:00,186621813.01036397 
 03/02  12:00:00,146967554.3163917 
 03/02  13:00:00,115397984.6472834 
 03/02  14:00:00,101270052.22413683 
 03/02  15:00:00,96899517.68186876 
 03/02  16:00:00,81916396.56408049 
 03/02  17:00:00,75866797.75157817 
 03/02  18:00:00,74041089.81459732 
 03/02  19:00:00,80171819.61440732 
 03/02  20:00:00,91019238.044707 
 03/02  21:00:00,95343116.02412379 
 03/02  22:00:00,97415208.41406763 
 03/02  23:00:00,113201950.58870432 
 03/02  24:00:00,134404578.15947637 
 03/03  01:00:00,147207932.68899018 
 03/03  02:00:00,151790201.76539007 
 03/03  03:00:00,152807571.23425657 
 03/03  04:00:00,156945116.56986675 
 03/03  05:00:00,159389989.55710605 
 03/03  06:00:00,158629369.400927 
 03/03  07:00:00,158246639.6858244 
 03/03  08:00:00,157662618.8537681 
 03/03  09:00:00,170486398.14772308 
 03/03  10:00:00,167249778.5294303 
 03/03  11:00:00,163091471.35042655 
 03/03  12:00:00,146579241.7979729 
 03/03  13:00:00,132500439.84873047 
 03/03  14:00:00,123206208.57436493 
 03/03  15:00:00,120133689.70682299 
 03/03  16:00:00,104503762.90692016 
 03/03  17:00:00,98227846.46325155 
 03/03  18:00:00,97709785.85079661 
 03/03  19:00:00,103052261.05751385 
 03/03  20:00:00,113177685.22666009 
 03/03  21:00:00,124094617.0345846 
 03/03  22:00:00,132368134.6867852 
 03/03  23:00:00,143974965.39311072 
 03/03  24:00:00,156118989.43419874 
 03/04  01:00:00,159415247.06285226 
 03/04  02:00:00,158372806.49872845 
 03/04  03:00:00,161077436.3612315 
 03/04  04:00:00,168409394.40252268 
 03/04  05:00:00,171388665.71343496 
 03/04  06:00:00,174049642.39184478 
 03/04  07:00:00,183848384.95049995 
 03/04  08:00:00,190784066.95972776 
 03/04  09:00:00,206898822.37401912 
 03/04  10:00:00,197915568.7054478 
 03/04  11:00:00,181893997.1258278 
 03/04  12:00:00,151079096.0250041 
 03/04  13:00:00,121338644.21290639 
 03/04  14:00:00,101657977.12672196 
 03/04  15:00:00,93983588.26368487 
 03/04  16:00:00,78734395.14694542 
 03/04  17:00:00,71856069.29956935 
 03/04  18:00:00,67363016.05040526 
 03/04  19:00:00,71158837.7243035 
 03/04  20:00:00,82384716.11751506 
 03/04  21:00:00,93466801.65544233 
 03/04  22:00:00,98228215.22609748 
 03/04  23:00:00,99441110.34845148 
 03/04  24:00:00,104865914.50956847 
 03/05  01:00:00,115007681.29877417 
 03/05  02:00:00,124846318.79420777 
 03/05  03:00:00,135289762.42681077 
 03/05  04:00:00,142319541.9533888 
 03/05  05:00:00,145292916.89464092 
 03/05  06:00:00,146907682.63073254 
 03/05  07:00:00,145135954.8883842 
 03/05  08:00:00,143219013.69529727 
 03/05  09:00:00,158554925.12141842 
 03/05  10:00:00,161690259.10920873 
 03/05  11:00:00,164416359.80590495 
 03/05  12:00:00,150197640.20129448 
 03/05  13:00:00,134822539.59590676 
 03/05  14:00:00,126815861.6662461 
 03/05  15:00:00,128928434.62281401 
 03/05  16:00:00,121364602.5584561 
 03/05  17:00:00,123986110.41739956 
 03/05  18:00:00,129864192.01510604 
 03/05  19:00:00,139549956.19600582 
 03/05  20:00:00,146641415.1163769 
 03/05  21:00:00,149513632.46366984 
 03/05  22:00:00,155356043.37932795 
 03/05  23:00:00,166830353.87103978 
 03/05  24:00:00,174722843.2475322 
 03/06  01:00:00,177049579.85552114 
 03/06  02:00:00,182818687.29247084 
 03/06  03:00:00,191089033.91586953 
 03/06  04:00:00,199013572.4391197 
 03/06  05:00:00,217674212.30707443 
 03/06  06:00:00,220487223.51211664 
 03/06  07:00:00,222647949.5247701 
 03/06  08:00:00,224116302.1377918 
 03/06  09:00:00,223707197.2273122 
 03/06  10:00:00,220749172.5159005 
 03/06  11:00:00,217635563.00140488 
 03/06  12:00:00,210076819.76513115 
 03/06  13:00:00,201855072.29684755 
 03/06  14:00:00,196860590.30896193 
 03/06  15:00:00,193510640.37762463 
 03/06  16:00:00,188860826.89632264 
 03/06  17:00:00,180414690.0642655 
 03/06  18:00:00,174313916.7415858 
 03/06  19:00:00,175179890.3062181 
 03/06  20:00:00,178176007.85885897 
 03/06  21:00:00,178885209.0353577 
 03/06  22:00:00,180331525.99380085 
 03/06  23:00:00,182329514.7138308 
 03/06  24:00:00,187966481.48398763 
 03/07  01:00:00,193299854.83244026 
 03/07  02:00:00,194211216.9419057 
 03/07  03:00:00,195067119.52125525 
 03/07  04:00:00,200842723.76526743 
 03/07  05:00:00,205039551.55528653 
 03/07  06:00:00,205025556.94537964 
 03/07  07:00:00,203585015.24808863 
 03/07  08:00:00,203865051.9911117 
 03/07  09:00:00,208118867.686157 
 03/07  10:00:00,209400388.8488648 
 03/07  11:00:00,206837609.30809522 
 03/07  12:00:00,192914457.40914765 
 03/07  13:00:00,178015662.99860537 
 03/07  14:00:00,168551878.4853518 
 03/07  15:00:00,159800339.91629863 
 03/07  16:00:00,151887397.65478685 
 03/07  17:00:00,144732272.6433726 
 03/07  18:00:00,140178072.60497934 
 03/07  19:00:00,141119524.7530095 
 03/07  20:00:00,142509423.19205293 
 03/07  21:00:00,147240695.49786168 
 03/07  22:00:00,158094881.19481763 
 03/07  23:00:00,167048645.20188445 
 03/07  24:00:00,175466751.21025136 
 03/08  01:00:00,184820474.28712013 
 03/08  02:00:00,193967666.42781398 
 03/08  03:00:00,200070584.53983703 
 03/08  04:00:00,204829656.9916221 
 03/08  05:00:00,209255225.91274258 
 03/08  06:00:00,222192503.57594833 
 03/08  07:00:00,230346122.14786556 
 03/08  08:00:00,238923404.08646184 
 03/08  09:00:00,260402587.09175208 
 03/08  10:00:00,263593442.0228756 
 03/08  11:00:00,262835717.80659235 
 03/08  12:00:00,247030552.48622933 
 03/08  13:00:00,229761878.55585656 
 03/08  14:00:00,216981847.3418721 
 03/08  15:00:00,215069034.05944502 
 03/08  16:00:00,202152607.64993957 
 03/08  17:00:00,196108926.2224163 
 03/08  18:00:00,194469895.92217225 
 03/08  19:00:00,200989260.52081898 
 03/08  20:00:00,208045222.18764237 
 03/08  21:00:00,215248274.3382 
 03/08  22:00:00,224707063.66224873 
 03/08  23:00:00,238284104.77553624 
 03/08  24:00:00,250248869.17694274 
 03/09  01:00:00,257671227.68918216 
 03/09  02:00:00,267255252.3513077 
 03/09  03:00:00,271339437.5668475 
 03/09  04:00:00,269129776.3003279 
 03/09  05:00:00,267626123.7587057 
 03/09  06:00:00,265731952.94538057 
 03/09  07:00:00,264385651.82398024 
 03/09  08:00:00,264752842.01207548 
 03/09  09:00:00,279132980.70961815 
 03/09  10:00:00,263597261.21280724 
 03/09  11:00:00,245524052.00248784 
 03/09  12:00:00,222757697.64823323 
 03/09  13:00:00,201809450.2136942 
 03/09  14:00:00,188550416.31346008 
 03/09  15:00:00,186198485.3780166 
 03/09  16:00:00,169655456.4163689 
 03/09  17:00:00,160672544.26655018 
 03/09  18:00:00,157401142.01915675 
 03/09  19:00:00,163207429.71242052 
 03/09  20:00:00,172918009.22189343 
 03/09  21:00:00,180978769.37655768 
 03/09  22:00:00,189496318.99267265 
 03/09  23:00:00,208176396.5469219 
 03/09  24:00:00,227355549.3968579 
 03/10  01:00:00,237240945.16350222 
 03/10  02:00:00,246772009.59074128 
 03/10  03:00:00,256625942.1963377 
 03/10  04:00:00,269246329.182202 
 03/10  05:00:00,281567697.20111495 
 03/10  06:00:00,280298962.28327304 
 03/10  07:00:00,273875036.63574785 
 03/10  08:00:00,269494478.6074169 
 03/10  09:00:00,279286458.75084484 
 03/10  10:00:00,263633774.6741514 
 03/10  11:00:00,245972957.57319197 
 03/10  12:00:00,220884297.77372748 
 03/10  13:00:00,203017657.59058967 
 03/10  14:00:00,194945565.35140303 
 03/10  15:00:00,195191779.8035889 
 03/10  16:00:00,181835779.3541498 
 03/10  17:00:00,171716615.2226034 
 03/10  18:00:00,166806142.5891888 
 03/10  19:00:00,172284353.46376505 
 03/10  20:00:00,181698398.2213432 
 03/10  21:00:00,194489752.3339385 
 03/10  22:00:00,212697010.94145355 
 03/10  23:00:00,233192313.68527058 
 03/10  24:00:00,251306934.00147182 
 03/11  01:00:00,264405599.77776712 
 03/11  02:00:00,269507715.72319216 
 03/11  03:00:00,270826686.92392933 
 03/11  04:00:00,275811588.1774966 
 03/11  05:00:00,285186583.36372113 
 03/11  06:00:00,291818805.3030328 
 03/11  07:00:00,293022605.4745214 
 03/11  08:00:00,290492301.5601622 
 03/11  09:00:00,302703038.709123 
 03/11  10:00:00,282321652.66733295 
 03/11  11:00:00,260110435.97117355 
 03/11  12:00:00,238522454.55447072 
 03/11  13:00:00,216188634.32791257 
 03/11  14:00:00,197823702.10770708 
 03/11  15:00:00,193014759.8208768 
 03/11  16:00:00,176836858.39230233 
 03/11  17:00:00,168530639.25305915 
 03/11  18:00:00,165041783.75701433 
 03/11  19:00:00,167495486.8840186 
 03/11  20:00:00,171972594.19229853 
 03/11  21:00:00,176865630.18442976 
 03/11  22:00:00,185041114.37894955 
 03/11  23:00:00,199004773.74963439 
 03/11  24:00:00,214024655.5289829 
 03/12  01:00:00,224631048.73805657 
 03/12  02:00:00,234753613.47948694 
 03/12  03:00:00,241144800.81752554 
 03/12  04:00:00,246577681.59646147 
 03/12  05:00:00,249986755.5334788 
 03/12  06:00:00,250587785.2368819 
 03/12  07:00:00,249607784.52217838 
 03/12  08:00:00,247611663.1785345 
 03/12  09:00:00,257739312.36290196 
 03/12  10:00:00,246830888.20092806 
 03/12  11:00:00,236058304.3003716 
 03/12  12:00:00,214906138.48164764 
 03/12  13:00:00,198032760.39170277 
 03/12  14:00:00,189353266.78695497 
 03/12  15:00:00,191264044.4973919 
 03/12  16:00:00,177600355.7340187 
 03/12  17:00:00,169052792.86261192 
 03/12  18:00:00,168929539.28889093 
 03/12  19:00:00,172280657.57720703 
 03/12  20:00:00,175540193.74049106 
 03/12  21:00:00,180358092.98823506 
 03/12  22:00:00,188355817.78477576 
 03/12  23:00:00,202555713.07297167 
 03/12  24:00:00,212773222.40420192 
 03/13  01:00:00,219903086.45048255 
 03/13  02:00:00,231832102.86677355 
 03/13  03:00:00,245560833.92290142 
 03/13  04:00:00,260228729.2084756 
 03/13  05:00:00,285170321.79579926 
 03/13  06:00:00,290208913.79673624 
 03/13  07:00:00,292895985.5637165 
 03/13  08:00:00,292137323.56054443 
 03/13  09:00:00,286540744.03812873 
 03/13  10:00:00,262916507.32557005 
 03/13  11:00:00,234351371.33055717 
 03/13  12:00:00,208048332.95113546 
 03/13  13:00:00,184116488.50073513 
 03/13  14:00:00,173088508.66758028 
 03/13  15:00:00,163345027.39644295 
 03/13  16:00:00,153295644.5078695 
 03/13  17:00:00,144418229.43524095 
 03/13  18:00:00,140252606.30573088 
 03/13  19:00:00,142379678.9618301 
 03/13  20:00:00,148297473.61550882 
 03/13  21:00:00,157902893.52318808 
 03/13  22:00:00,171095856.08029497 
 03/13  23:00:00,189798033.38006684 
 03/13  24:00:00,205409285.83634627 
 03/14  01:00:00,215032384.9074953 
 03/14  02:00:00,225786125.35104525 
 03/14  03:00:00,233056456.43038929 
 03/14  04:00:00,241731337.3369537 
 03/14  05:00:00,252724810.18553472 
 03/14  06:00:00,259358663.7147352 
 03/14  07:00:00,264926112.37806398 
 03/14  08:00:00,269719562.6455457 
 03/14  09:00:00,271058928.0323984 
 03/14  10:00:00,252865434.17414433 
 03/14  11:00:00,228415002.3455002 
 03/14  12:00:00,201462477.2385221 
 03/14  13:00:00,178860936.0423283 
 03/14  14:00:00,165309163.53364593 
 03/14  15:00:00,153753381.3812943 
 03/14  16:00:00,141754834.99276277 
 03/14  17:00:00,130102879.02707715 
 03/14  18:00:00,124163575.03066762 
 03/14  19:00:00,124404455.09211144 
 03/14  20:00:00,136362087.38156754 
 03/14  21:00:00,156252185.77344197 
 03/14  22:00:00,172711642.62888598 
 03/14  23:00:00,188954185.90609816 
 03/14  24:00:00,203595271.65980893 
 03/15  01:00:00,216346665.95307454 
 03/15  02:00:00,232610873.3988926 
 03/15  03:00:00,246233570.67469704 
 03/15  04:00:00,258978508.82706574 
 03/15  05:00:00,264443911.46474963 
 03/15  06:00:00,273390738.4040592 
 03/15  07:00:00,277264206.83773327 
 03/15  08:00:00,279005439.73838085 
 03/15  09:00:00,290553287.7684618 
 03/15  10:00:00,263296094.554946 
 03/15  11:00:00,231255498.27862352 
 03/15  12:00:00,182810759.1299882 
 03/15  13:00:00,142710974.30500072 
 03/15  14:00:00,125666512.53126507 
 03/15  15:00:00,118872660.32399355 
 03/15  16:00:00,95155227.18828714 
 03/15  17:00:00,78316370.63352683 
 03/15  18:00:00,70965830.67755605 
 03/15  19:00:00,71781781.92530748 
 03/15  20:00:00,71345998.74421276 
 03/15  21:00:00,79989316.902533 
 03/15  22:00:00,105169592.92156084 
 03/15  23:00:00,125822876.55825327 
 03/15  24:00:00,145396719.35558817 
 03/16  01:00:00,179271934.93546155 
 03/16  02:00:00,202221193.77871895 
 03/16  03:00:00,208139097.4172536 
 03/16  04:00:00,222519041.9358454 
 03/16  05:00:00,235243630.20934045 
 03/16  06:00:00,239801563.07597244 
 03/16  07:00:00,244967772.77350467 
 03/16  08:00:00,251834243.90614247 
 03/16  09:00:00,266859888.1558585 
 03/16  10:00:00,237215486.59050012 
 03/16  11:00:00,203269377.70514256 
 03/16  12:00:00,155324241.4097189 
 03/16  13:00:00,115959559.60226446 
 03/16  14:00:00,97878443.50333825 
 03/16  15:00:00,90219042.91734943 
 03/16  16:00:00,67529538.94486162 
 03/16  17:00:00,49577697.86464584 
 03/16  18:00:00,42225841.963406175 
 03/16  19:00:00,50192261.884995714 
 03/16  20:00:00,56613856.81131509 
 03/16  21:00:00,56699612.93524902 
 03/16  22:00:00,64435241.96732878 
 03/16  23:00:00,83847982.37142505 
 03/16  24:00:00,101677295.28367366 
 03/17  01:00:00,107743821.41644765 
 03/17  02:00:00,114666438.14181885 
 03/17  03:00:00,127078541.89465727 
 03/17  04:00:00,151628692.2462862 
 03/17  05:00:00,179611951.45305935 
 03/17  06:00:00,202772115.60587126 
 03/17  07:00:00,218916757.4547645 
 03/17  08:00:00,225982433.592572 
 03/17  09:00:00,240452843.94926268 
 03/17  10:00:00,211690279.30890337 
 03/17  11:00:00,178447829.83333352 
 03/17  12:00:00,136589217.79398283 
 03/17  13:00:00,104099099.9699459 
 03/17  14:00:00,90878122.7441147 
 03/17  15:00:00,86587821.01180659 
 03/17  16:00:00,64653349.42371866 
 03/17  17:00:00,48322870.91862692 
 03/17  18:00:00,39363791.34336726 
 03/17  19:00:00,44419746.775636055 
 03/17  20:00:00,54398634.9161363 
 03/17  21:00:00,54956055.42344739 
 03/17  22:00:00,55694933.31719622 
 03/17  23:00:00,72635549.3882116 
 03/17  24:00:00,98499796.12024078 
 03/18  01:00:00,101179440.86514054 
 03/18  02:00:00,104177534.35137041 
 03/18  03:00:00,121193768.45854695 
 03/18  04:00:00,139096738.88050175 
 03/18  05:00:00,153205598.75638345 
 03/18  06:00:00,158584172.26140845 
 03/18  07:00:00,160480157.84813702 
 03/18  08:00:00,162151398.83707026 
 03/18  09:00:00,172917562.89375377 
 03/18  10:00:00,156716853.0142776 
 03/18  11:00:00,141631492.15601677 
 03/18  12:00:00,118339735.82503647 
 03/18  13:00:00,100848296.55739343 
 03/18  14:00:00,90263865.99819328 
 03/18  15:00:00,88721583.63165316 
 03/18  16:00:00,67934813.87254333 
 03/18  17:00:00,49728461.30436907 
 03/18  18:00:00,39851035.50329322 
 03/18  19:00:00,39133424.98246286 
 03/18  20:00:00,43991525.13661209 
 03/18  21:00:00,54565588.31635238 
 03/18  22:00:00,62286988.66676039 
 03/18  23:00:00,76185384.81635316 
 03/18  24:00:00,83277726.4692779 
 03/19  01:00:00,85222178.57342273 
 03/19  02:00:00,95425084.3923369 
 03/19  03:00:00,104882673.86442438 
 03/19  04:00:00,111304799.06701557 
 03/19  05:00:00,110206281.59130695 
 03/19  06:00:00,112844285.71528736 
 03/19  07:00:00,122974258.81274374 
 03/19  08:00:00,130820066.38547784 
 03/19  09:00:00,145712155.37205148 
 03/19  10:00:00,131657287.241335 
 03/19  11:00:00,114559685.71819884 
 03/19  12:00:00,98837042.97121571 
 03/19  13:00:00,87981068.1945896 
 03/19  14:00:00,83565365.626207 
 03/19  15:00:00,90291799.47363062 
 03/19  16:00:00,77169288.79718083 
 03/19  17:00:00,66532462.1583322 
 03/19  18:00:00,60687824.787983924 
 03/19  19:00:00,59047395.78476071 
 03/19  20:00:00,54626050.8630418 
 03/19  21:00:00,57477205.06978892 
 03/19  22:00:00,67069506.7462281 
 03/19  23:00:00,71519421.99873571 
 03/19  24:00:00,78740608.08224052 
 03/20  01:00:00,83454454.05382758 
 03/20  02:00:00,84116983.6319472 
 03/20  03:00:00,86653552.44903526 
 03/20  04:00:00,89805953.77240047 
 03/20  05:00:00,104415025.0309022 
 03/20  06:00:00,103939567.6882731 
 03/20  07:00:00,99931266.46424998 
 03/20  08:00:00,95508008.26164846 
 03/20  09:00:00,98642527.99615955 
 03/20  10:00:00,94819462.4711837 
 03/20  11:00:00,82170232.56636097 
 03/20  12:00:00,69320328.26115148 
 03/20  13:00:00,54521924.85448895 
 03/20  14:00:00,44524153.77275321 
 03/20  15:00:00,42565166.44027338 
 03/20  16:00:00,43158030.06186288 
 03/20  17:00:00,46161901.2853658 
 03/20  18:00:00,47620847.620445326 
 03/20  19:00:00,49151059.49739337 
 03/20  20:00:00,52499502.00432587 
 03/20  21:00:00,56842577.506505355 
 03/20  22:00:00,63038232.828401744 
 03/20  23:00:00,72774021.77965172 
 03/20  24:00:00,76569172.75515816 
 03/21  01:00:00,86648789.68340762 
 03/21  02:00:00,97721244.19410491 
 03/21  03:00:00,100570467.0316995 
 03/21  04:00:00,100611391.09383285 
 03/21  05:00:00,117881906.767734 
 03/21  06:00:00,125615160.19707522 
 03/21  07:00:00,137598793.61522567 
 03/21  08:00:00,140690606.66969657 
 03/21  09:00:00,137169121.93890712 
 03/21  10:00:00,130189727.93652628 
 03/21  11:00:00,118254837.21185304 
 03/21  12:00:00,95553649.51341075 
 03/21  13:00:00,76865076.58210048 
 03/21  14:00:00,69055182.5190368 
 03/21  15:00:00,62883686.10650426 
 03/21  16:00:00,54776052.93126824 
 03/21  17:00:00,51120730.744469464 
 03/21  18:00:00,48983498.251379535 
 03/21  19:00:00,50544763.51906626 
 03/21  20:00:00,59669116.502455644 
 03/21  21:00:00,72214380.70871499 
 03/21  22:00:00,76998653.99103121 
 03/21  23:00:00,85537122.30443956 
 03/21  24:00:00,94715775.2737757 
 03/22  01:00:00,95840176.64893277 
 03/22  02:00:00,99375745.51988006 
 03/22  03:00:00,108442248.24812144 
 03/22  04:00:00,118462378.57527 
 03/22  05:00:00,121671068.43435979 
 03/22  06:00:00,135247448.96604854 
 03/22  07:00:00,142290980.95495448 
 03/22  08:00:00,143572544.3399757 
 03/22  09:00:00,154593690.65513033 
 03/22  10:00:00,137604187.18697497 
 03/22  11:00:00,119173893.6821526 
 03/22  12:00:00,95335367.10238434 
 03/22  13:00:00,75837243.59538662 
 03/22  14:00:00,63993629.104273506 
 03/22  15:00:00,62009556.81722642 
 03/22  16:00:00,42505401.58048652 
 03/22  17:00:00,26905864.35278667 
 03/22  18:00:00,21477980.499752797 
 03/22  19:00:00,24860347.704191003 
 03/22  20:00:00,33320775.597296827 
 03/22  21:00:00,50088394.60649821 
 03/22  22:00:00,65397496.70493101 
 03/22  23:00:00,88239462.7491169 
 03/22  24:00:00,103650789.62323429 
 03/23  01:00:00,102559269.9650523 
 03/23  02:00:00,106597905.23642807 
 03/23  03:00:00,113000829.77398391 
 03/23  04:00:00,126393312.45914358 
 03/23  05:00:00,139339670.78308684 
 03/23  06:00:00,141985894.4723497 
 03/23  07:00:00,143620001.04263186 
 03/23  08:00:00,148827361.60696545 
 03/23  09:00:00,163939701.66834632 
 03/23  10:00:00,143622581.72193858 
 03/23  11:00:00,119576539.46827222 
 03/23  12:00:00,85248935.05640909 
 03/23  13:00:00,59951292.04854763 
 03/23  14:00:00,48050652.09661163 
 03/23  15:00:00,44131277.33958913 
 03/23  16:00:00,30262085.192065872 
 03/23  17:00:00,24740131.562425476 
 03/23  18:00:00,22992650.583756447 
 03/23  19:00:00,27072982.29691977 
 03/23  20:00:00,38232396.636763394 
 03/23  21:00:00,44391065.66911993 
 03/23  22:00:00,44421168.47993278 
 03/23  23:00:00,53293629.33609254 
 03/23  24:00:00,65971165.71257632 
 03/24  01:00:00,80546321.18970525 
 03/24  02:00:00,96438874.12244973 
 03/24  03:00:00,93941848.45318541 
 03/24  04:00:00,90862014.26704414 
 03/24  05:00:00,104200603.10373196 
 03/24  06:00:00,115178187.37889254 
 03/24  07:00:00,118136585.51198667 
 03/24  08:00:00,115831721.71395466 
 03/24  09:00:00,126498783.19958827 
 03/24  10:00:00,118216711.19226603 
 03/24  11:00:00,108557352.35097885 
 03/24  12:00:00,90140646.73092313 
 03/24  13:00:00,71523063.64093322 
 03/24  14:00:00,59145858.78565842 
 03/24  15:00:00,58873678.60728099 
 03/24  16:00:00,45607654.92446647 
 03/24  17:00:00,36730281.95073833 
 03/24  18:00:00,32148132.18430843 
 03/24  19:00:00,45260090.920350686 
 03/24  20:00:00,61876384.29613231 
 03/24  21:00:00,66387412.70679822 
 03/24  22:00:00,69853245.68744162 
 03/24  23:00:00,84700512.83370483 
 03/24  24:00:00,97919008.30662906 
 03/25  01:00:00,102802674.27841264 
 03/25  02:00:00,106566619.24709015 
 03/25  03:00:00,107566383.88186097 
 03/25  04:00:00,111868434.22617859 
 03/25  05:00:00,119538061.30454546 
 03/25  06:00:00,124649567.68054116 
 03/25  07:00:00,127467877.84890291 
 03/25  08:00:00,131961445.74394368 
 03/25  09:00:00,149552429.87067005 
 03/25  10:00:00,144234025.54087248 
 03/25  11:00:00,133215367.12362453 
 03/25  12:00:00,116646351.7245669 
 03/25  13:00:00,108131678.25696759 
 03/25  14:00:00,104280556.63245118 
 03/25  15:00:00,109870884.25050506 
 03/25  16:00:00,108130020.75686641 
 03/25  17:00:00,115420062.94361642 
 03/25  18:00:00,123200302.09941079 
 03/25  19:00:00,130152647.18274152 
 03/25  20:00:00,132910974.45118499 
 03/25  21:00:00,132567507.75922224 
 03/25  22:00:00,135588727.4101785 
 03/25  23:00:00,144203549.24510682 
 03/25  24:00:00,153614009.79325914 
 03/26  01:00:00,159985127.3485535 
 03/26  02:00:00,164045274.01180568 
 03/26  03:00:00,167687731.12652725 
 03/26  04:00:00,175484572.4642367 
 03/26  05:00:00,184157148.86904073 
 03/26  06:00:00,190178607.16596746 
 03/26  07:00:00,195222501.595798 
 03/26  08:00:00,196807662.27699482 
 03/26  09:00:00,206887937.1398908 
 03/26  10:00:00,190726497.67080498 
 03/26  11:00:00,175354834.44611916 
 03/26  12:00:00,154886769.54854903 
 03/26  13:00:00,134731380.64797315 
 03/26  14:00:00,121214268.94800243 
 03/26  15:00:00,122174455.44893953 
 03/26  16:00:00,113411470.28293927 
 03/26  17:00:00,109457061.29389551 
 03/26  18:00:00,104650253.38535306 
 03/26  19:00:00,105563062.75287588 
 03/26  20:00:00,111136695.42898442 
 03/26  21:00:00,114785593.2612637 
 03/26  22:00:00,119271960.77731764 
 03/26  23:00:00,129684994.56281093 
 03/26  24:00:00,141904284.54692498 
 03/27  01:00:00,148589804.77145058 
 03/27  02:00:00,151901587.85301253 
 03/27  03:00:00,153949509.40455154 
 03/27  04:00:00,157724091.4397151 
 03/27  05:00:00,178065927.68742236 
 03/27  06:00:00,180832737.58444944 
 03/27  07:00:00,184283269.9803138 
 03/27  08:00:00,189176415.2140429 
 03/27  09:00:00,188184789.69945446 
 03/27  10:00:00,171698348.85067028 
 03/27  11:00:00,155443727.762238 
 03/27  12:00:00,137733877.65724364 
 03/27  13:00:00,122215270.72223036 
 03/27  14:00:00,112731663.60675648 
 03/27  15:00:00,98284245.87200938 
 03/27  16:00:00,82824778.43845993 
 03/27  17:00:00,73130609.0446172 
 03/27  18:00:00,68841995.31200594 
 03/27  19:00:00,68085756.76878482 
 03/27  20:00:00,71777671.46930853 
 03/27  21:00:00,79371229.75390549 
 03/27  22:00:00,85003522.79427518 
 03/27  23:00:00,97478995.88761675 
 03/27  24:00:00,114433400.90664542 
 03/28  01:00:00,131922533.40712643 
 03/28  02:00:00,151922090.83813626 
 03/28  03:00:00,172711987.98816386 
 03/28  04:00:00,190156404.32113525 
 03/28  05:00:00,197148554.03557748 
 03/28  06:00:00,195069610.60747275 
 03/28  07:00:00,190833429.45192736 
 03/28  08:00:00,189307735.15834174 
 03/28  09:00:00,188419333.42334756 
 03/28  10:00:00,167358724.44639167 
 03/28  11:00:00,140976632.3196384 
 03/28  12:00:00,111337718.69419947 
 03/28  13:00:00,85371013.73236969 
 03/28  14:00:00,74202598.97801708 
 03/28  15:00:00,67813260.9112761 
 03/28  16:00:00,61022328.10815516 
 03/28  17:00:00,54217592.59382567 
 03/28  18:00:00,50273591.911629744 
 03/28  19:00:00,50255733.28917981 
 03/28  20:00:00,57143464.506802715 
 03/28  21:00:00,71222657.34938368 
 03/28  22:00:00,87320881.65778598 
 03/28  23:00:00,102861154.57667993 
 03/28  24:00:00,108902239.40506831 
 03/29  01:00:00,123139233.77189875 
 03/29  02:00:00,139375967.41028824 
 03/29  03:00:00,143777931.86589292 
 03/29  04:00:00,145364938.23602083 
 03/29  05:00:00,138613286.87143075 
 03/29  06:00:00,142248090.46486965 
 03/29  07:00:00,144179864.2976088 
 03/29  08:00:00,145460942.03401396 
 03/29  09:00:00,157594419.67597333 
 03/29  10:00:00,138475113.7599368 
 03/29  11:00:00,119666906.33239348 
 03/29  12:00:00,107901825.12152952 
 03/29  13:00:00,99978277.8354295 
 03/29  14:00:00,92061931.99409977 
 03/29  15:00:00,91252951.38022582 
 03/29  16:00:00,77315411.72137113 
 03/29  17:00:00,75385674.29512359 
 03/29  18:00:00,79439281.19806021 
 03/29  19:00:00,85688391.7811415 
 03/29  20:00:00,89256026.55278967 
 03/29  21:00:00,88390745.66441946 
 03/29  22:00:00,86568034.72074375 
 03/29  23:00:00,93076271.22126943 
 03/29  24:00:00,102410821.31276953 
 03/30  01:00:00,107754456.75467074 
 03/30  02:00:00,116235548.08706196 
 03/30  03:00:00,129053397.88933107 
 03/30  04:00:00,144786723.93788072 
 03/30  05:00:00,154953584.162983 
 03/30  06:00:00,160042240.85264102 
 03/30  07:00:00,164771354.9049903 
 03/30  08:00:00,166032199.17886585 
 03/30  09:00:00,176195144.0543027 
 03/30  10:00:00,167337544.52114984 
 03/30  11:00:00,159018682.49711624 
 03/30  12:00:00,140949071.56909138 
 03/30  13:00:00,126456771.76100147 
 03/30  14:00:00,118428894.308225 
 03/30  15:00:00,116384115.70042601 
 03/30  16:00:00,97640413.68827437 
 03/30  17:00:00,83433657.57102427 
 03/30  18:00:00,77653176.0740176 
 03/30  19:00:00,84712184.79056877 
 03/30  20:00:00,93029598.85911089 
 03/30  21:00:00,99051560.59323281 
 03/30  22:00:00,109678681.85047084 
 03/30  23:00:00,125186435.13349283 
 03/30  24:00:00,134058658.45184824 
 03/31  01:00:00,139622574.690109 
 03/31  02:00:00,147877992.80230284 
 03/31  03:00:00,155216798.0399209 
 03/31  04:00:00,167646061.52431136 
 03/31  05:00:00,185174746.24792263 
 03/31  06:00:00,196090222.8890196 
 03/31  07:00:00,202784794.07438388 
 03/31  08:00:00,207610709.18095267 
 03/31  09:00:00,212968742.96450934 
 03/31  10:00:00,184597121.2725638 
 03/31  11:00:00,164255082.92998618 
 03/31  12:00:00,141164720.11480114 
 03/31  13:00:00,118059324.56597158 
 03/31  14:00:00,105950137.69765598 
 03/31  15:00:00,103774509.4508772 
 03/31  16:00:00,87231981.40176237 
 03/31  17:00:00,80241317.69417702 
 03/31  18:00:00,77608901.83336398 
 03/31  19:00:00,81206373.39434941 
 03/31  20:00:00,87630656.59792393 
 03/31  21:00:00,94754329.37648727 
 03/31  22:00:00,103074548.00035046 
 03/31  23:00:00,113433198.45673476 
 03/31  24:00:00,122300226.43014064 
 04/01  01:00:00,126204053.74125023 
 04/01  02:00:00,128626794.7345872 
 04/01  03:00:00,134039340.71231434 
 04/01  04:00:00,143308498.01254225 
 04/01  05:00:00,152736313.0799183 
 04/01  06:00:00,164634543.79889867 
 04/01  07:00:00,177807821.05250466 
 04/01  08:00:00,184979853.01616716 
 04/01  09:00:00,194460760.882452 
 04/01  10:00:00,177466448.07538474 
 04/01  11:00:00,163379509.89200726 
 04/01  12:00:00,141659825.83659434 
 04/01  13:00:00,123028698.081421 
 04/01  14:00:00,112944343.76729202 
 04/01  15:00:00,112795721.61621714 
 04/01  16:00:00,97684391.97607476 
 04/01  17:00:00,89585534.97870296 
 04/01  18:00:00,85774025.17456365 
 04/01  19:00:00,88469353.56232183 
 04/01  20:00:00,94880883.05648929 
 04/01  21:00:00,106954774.60620123 
 04/01  22:00:00,122465502.43747337 
 04/01  23:00:00,141088436.51331216 
 04/01  24:00:00,160323958.3603756 
 04/02  01:00:00,170684638.34439135 
 04/02  02:00:00,179131397.975358 
 04/02  03:00:00,193855068.06002256 
 04/02  04:00:00,205213720.7799005 
 04/02  05:00:00,210946501.1592852 
 04/02  06:00:00,216259487.9928439 
 04/02  07:00:00,223437488.9435544 
 04/02  08:00:00,229662980.6951565 
 04/02  09:00:00,237161300.8237958 
 04/02  10:00:00,206740126.23557213 
 04/02  11:00:00,178886438.28981844 
 04/02  12:00:00,148618509.52085468 
 04/02  13:00:00,125093226.42094734 
 04/02  14:00:00,110147265.17496958 
 04/02  15:00:00,105670731.85080008 
 04/02  16:00:00,83553373.70134503 
 04/02  17:00:00,69478022.63639581 
 04/02  18:00:00,64414744.77595802 
 04/02  19:00:00,64193508.3257101 
 04/02  20:00:00,71759334.187118 
 04/02  21:00:00,82944241.396438 
 04/02  22:00:00,101191793.25547838 
 04/02  23:00:00,122517024.89815235 
 04/02  24:00:00,139085500.41747388 
 04/03  01:00:00,150107084.86307958 
 04/03  02:00:00,157234329.46694973 
 04/03  03:00:00,167481706.06618044 
 04/03  04:00:00,179151873.8239505 
 04/03  05:00:00,198207373.8870872 
 04/03  06:00:00,200442478.8890909 
 04/03  07:00:00,203569508.98300672 
 04/03  08:00:00,206149716.69122562 
 04/03  09:00:00,198415083.1317521 
 04/03  10:00:00,175628166.9916008 
 04/03  11:00:00,154461882.36398572 
 04/03  12:00:00,137307413.5644226 
 04/03  13:00:00,121607101.94232488 
 04/03  14:00:00,112543127.35799257 
 04/03  15:00:00,108704123.53063744 
 04/03  16:00:00,105941422.80875841 
 04/03  17:00:00,110578375.53502087 
 04/03  18:00:00,117854294.8556337 
 04/03  19:00:00,122354674.11528216 
 04/03  20:00:00,126954483.58677332 
 04/03  21:00:00,132544262.97729455 
 04/03  22:00:00,145054059.96265885 
 04/03  23:00:00,161198485.03146973 
 04/03  24:00:00,162819563.17168787 
 04/04  01:00:00,170357679.9616808 
 04/04  02:00:00,184466953.19720837 
 04/04  03:00:00,196371333.2007735 
 04/04  04:00:00,204689006.03167555 
 04/04  05:00:00,227738232.03180742 
 04/04  06:00:00,235489458.82830247 
 04/04  07:00:00,239759711.01470587 
 04/04  08:00:00,238346864.56236896 
 04/04  09:00:00,230933482.930155 
 04/04  10:00:00,205829243.48907045 
 04/04  11:00:00,180228265.39766687 
 04/04  12:00:00,156519174.02216572 
 04/04  13:00:00,135317688.62761483 
 04/04  14:00:00,123956056.56942773 
 04/04  15:00:00,114364532.14552374 
 04/04  16:00:00,104916199.19543383 
 04/04  17:00:00,98375478.46567875 
 04/04  18:00:00,94274293.93386398 
 04/04  19:00:00,94889327.23241954 
 04/04  20:00:00,100909132.56006509 
 04/04  21:00:00,115008691.94468759 
 04/04  22:00:00,134618713.67602566 
 04/04  23:00:00,153791661.83880043 
 04/04  24:00:00,174861374.2014424 
 04/05  01:00:00,186580099.14055112 
 04/05  02:00:00,190619310.34603292 
 04/05  03:00:00,198689152.57263923 
 04/05  04:00:00,204566958.67655328 
 04/05  05:00:00,200171362.1501816 
 04/05  06:00:00,205307492.58682048 
 04/05  07:00:00,210538863.57533312 
 04/05  08:00:00,215452230.97070703 
 04/05  09:00:00,228091639.3802605 
 04/05  10:00:00,199691005.5943838 
 04/05  11:00:00,162353045.53254625 
 04/05  12:00:00,117068959.46999766 
 04/05  13:00:00,85700934.56669594 
 04/05  14:00:00,70616879.89748597 
 04/05  15:00:00,65774400.67776705 
 04/05  16:00:00,48512547.55616571 
 04/05  17:00:00,37244828.30336628 
 04/05  18:00:00,31981392.560793404 
 04/05  19:00:00,37229855.95116005 
 04/05  20:00:00,49690633.315474726 
 04/05  21:00:00,57711361.8671186 
 04/05  22:00:00,69893790.31272279 
 04/05  23:00:00,93718977.75207777 
 04/05  24:00:00,110533485.97646841 
 04/06  01:00:00,115961520.57109115 
 04/06  02:00:00,129936397.22018337 
 04/06  03:00:00,151078057.71703655 
 04/06  04:00:00,170469545.5434464 
 04/06  05:00:00,184990956.49689254 
 04/06  06:00:00,192472948.76405782 
 04/06  07:00:00,198042018.82168075 
 04/06  08:00:00,203132645.2688598 
 04/06  09:00:00,210399771.27030367 
 04/06  10:00:00,175584939.50788012 
 04/06  11:00:00,145843813.3677063 
 04/06  12:00:00,118190895.14309013 
 04/06  13:00:00,95961588.1071304 
 04/06  14:00:00,82106192.37376957 
 04/06  15:00:00,75615712.28029713 
 04/06  16:00:00,54481702.23764713 
 04/06  17:00:00,40391158.12233396 
 04/06  18:00:00,33787572.749461964 
 04/06  19:00:00,33081422.421041597 
 04/06  20:00:00,36146180.679155596 
 04/06  21:00:00,47693279.8000221 
 04/06  22:00:00,56674761.55469581 
 04/06  23:00:00,67631680.62738745 
 04/06  24:00:00,79364435.18652406 
 04/07  01:00:00,78551021.58360809 
 04/07  02:00:00,83816024.72072673 
 04/07  03:00:00,98938193.17728186 
 04/07  04:00:00,113364890.34133236 
 04/07  05:00:00,126290632.77792755 
 04/07  06:00:00,128951116.64575352 
 04/07  07:00:00,126351249.97914577 
 04/07  08:00:00,125972405.6859204 
 04/07  09:00:00,139244267.37575826 
 04/07  10:00:00,129595990.52843638 
 04/07  11:00:00,116499592.27860615 
 04/07  12:00:00,98102048.65410131 
 04/07  13:00:00,81641054.9377714 
 04/07  14:00:00,70914873.25494793 
 04/07  15:00:00,71786147.75920253 
 04/07  16:00:00,59888418.649176225 
 04/07  17:00:00,54422111.00170095 
 04/07  18:00:00,53256902.1482902 
 04/07  19:00:00,56602775.952294454 
 04/07  20:00:00,62925759.94442554 
 04/07  21:00:00,72100314.43671563 
 04/07  22:00:00,85055215.64678235 
 04/07  23:00:00,105506025.43727618 
 04/07  24:00:00,125167813.200078 
 04/08  01:00:00,139505936.9296942 
 04/08  02:00:00,154771631.77319208 
 04/08  03:00:00,173484557.9624588 
 04/08  04:00:00,192349796.68737745 
 04/08  05:00:00,207885408.73233932 
 04/08  06:00:00,217758248.6562301 
 04/08  07:00:00,223793768.8097613 
 04/08  08:00:00,227668710.14240655 
 04/08  09:00:00,233714996.57713753 
 04/08  10:00:00,198101051.05602363 
 04/08  11:00:00,165011769.05895293 
 04/08  12:00:00,129798287.96070388 
 04/08  13:00:00,100424054.49977948 
 04/08  14:00:00,83439345.09399775 
 04/08  15:00:00,76034580.30214079 
 04/08  16:00:00,54339174.24350305 
 04/08  17:00:00,39866866.89947254 
 04/08  18:00:00,31278477.46939977 
 04/08  19:00:00,28863768.725560397 
 04/08  20:00:00,31582651.790341303 
 04/08  21:00:00,45911164.10693861 
 04/08  22:00:00,64129672.785979584 
 04/08  23:00:00,79982229.601465 
 04/08  24:00:00,100278666.90081313 
 04/09  01:00:00,118107503.4143467 
 04/09  02:00:00,133699089.99376017 
 04/09  03:00:00,152228996.5340871 
 04/09  04:00:00,170321584.4349996 
 04/09  05:00:00,183026475.54017302 
 04/09  06:00:00,191707416.36981672 
 04/09  07:00:00,197882676.19848448 
 04/09  08:00:00,201677630.4782582 
 04/09  09:00:00,211889881.46253428 
 04/09  10:00:00,184420562.05039462 
 04/09  11:00:00,156807861.53462034 
 04/09  12:00:00,122121227.0703863 
 04/09  13:00:00,93535189.85487452 
 04/09  14:00:00,80666355.22058916 
 04/09  15:00:00,77717081.67546283 
 04/09  16:00:00,58516479.610300556 
 04/09  17:00:00,44980296.13024428 
 04/09  18:00:00,38298683.83446674 
 04/09  19:00:00,37135451.67268779 
 04/09  20:00:00,38465588.02737824 
 04/09  21:00:00,51650266.00052548 
 04/09  22:00:00,75107974.03380579 
 04/09  23:00:00,93587603.28330892 
 04/09  24:00:00,108005545.97761077 
 04/10  01:00:00,106325193.11335595 
 04/10  02:00:00,114521459.04523337 
 04/10  03:00:00,129805119.50511801 
 04/10  04:00:00,150991988.41706294 
 04/10  05:00:00,184773242.85757944 
 04/10  06:00:00,190648309.12944588 
 04/10  07:00:00,196023208.82587105 
 04/10  08:00:00,198233539.81651032 
 04/10  09:00:00,191938646.0480421 
 04/10  10:00:00,158301942.51867828 
 04/10  11:00:00,121355073.8519885 
 04/10  12:00:00,95104790.24394022 
 04/10  13:00:00,75531173.27539645 
 04/10  14:00:00,64756048.09801667 
 04/10  15:00:00,55333789.60466792 
 04/10  16:00:00,42072901.571426146 
 04/10  17:00:00,29133253.797118027 
 04/10  18:00:00,21875447.59141988 
 04/10  19:00:00,21648149.33318339 
 04/10  20:00:00,28024991.22737416 
 04/10  21:00:00,33279168.650609307 
 04/10  22:00:00,45246932.10491021 
 04/10  23:00:00,64351265.856066056 
 04/10  24:00:00,72248629.7650465 
 04/11  01:00:00,86181454.02062339 
 04/11  02:00:00,103041912.05773312 
 04/11  03:00:00,125728738.7469056 
 04/11  04:00:00,154909988.7223955 
 04/11  05:00:00,188729404.28941524 
 04/11  06:00:00,199451458.29051405 
 04/11  07:00:00,209257841.00359893 
 04/11  08:00:00,214187822.95388976 
 04/11  09:00:00,202265562.97460097 
 04/11  10:00:00,164265385.76271954 
 04/11  11:00:00,128209998.10030887 
 04/11  12:00:00,94185555.24641684 
 04/11  13:00:00,67505774.30772427 
 04/11  14:00:00,55138726.48552753 
 04/11  15:00:00,44166984.443343945 
 04/11  16:00:00,32130114.471914776 
 04/11  17:00:00,21678278.475180313 
 04/11  18:00:00,14982327.681873402 
 04/11  19:00:00,14020200.390540564 
 04/11  20:00:00,18901413.80676561 
 04/11  21:00:00,37812470.425356686 
 04/11  22:00:00,65085330.9682423 
 04/11  23:00:00,90695835.95316367 
 04/11  24:00:00,109265092.0527494 
 04/12  01:00:00,121869548.8159136 
 04/12  02:00:00,127480396.55204552 
 04/12  03:00:00,129144386.14391354 
 04/12  04:00:00,134499661.39647353 
 04/12  05:00:00,135464645.3572368 
 04/12  06:00:00,144020447.76348245 
 04/12  07:00:00,148880246.22608107 
 04/12  08:00:00,152864731.0135438 
 04/12  09:00:00,163830492.95674455 
 04/12  10:00:00,138471206.17386016 
 04/12  11:00:00,115315120.37967347 
 04/12  12:00:00,89512660.80523713 
 04/12  13:00:00,66063887.68729374 
 04/12  14:00:00,51825108.32560802 
 04/12  15:00:00,48458645.35925169 
 04/12  16:00:00,33484984.85655687 
 04/12  17:00:00,30392257.863904633 
 04/12  18:00:00,32892256.76573448 
 04/12  19:00:00,47192416.7858247 
 04/12  20:00:00,62517503.566111356 
 04/12  21:00:00,71177351.40733501 
 04/12  22:00:00,81095229.71735188 
 04/12  23:00:00,97514880.01899949 
 04/12  24:00:00,114105018.23996541 
 04/13  01:00:00,128157207.1773732 
 04/13  02:00:00,140934488.71206817 
 04/13  03:00:00,151618600.48435542 
 04/13  04:00:00,162698522.4658415 
 04/13  05:00:00,169412100.14099836 
 04/13  06:00:00,169302879.85191405 
 04/13  07:00:00,168163612.94989377 
 04/13  08:00:00,168633298.68425193 
 04/13  09:00:00,183140141.72741485 
 04/13  10:00:00,177142388.73744026 
 04/13  11:00:00,170005372.24837673 
 04/13  12:00:00,152819579.82196918 
 04/13  13:00:00,138211102.24667752 
 04/13  14:00:00,129953226.6410891 
 04/13  15:00:00,131701945.68748775 
 04/13  16:00:00,120213218.04082318 
 04/13  17:00:00,115754090.3740391 
 04/13  18:00:00,116492945.95317683 
 04/13  19:00:00,121309634.81430748 
 04/13  20:00:00,123446621.14995706 
 04/13  21:00:00,121225954.98362002 
 04/13  22:00:00,122237855.83012159 
 04/13  23:00:00,129306869.46671824 
 04/13  24:00:00,132933218.1541828 
 04/14  01:00:00,132684122.12415902 
 04/14  02:00:00,132912303.60018027 
 04/14  03:00:00,134305705.0195293 
 04/14  04:00:00,137781143.77807173 
 04/14  05:00:00,138463472.3303736 
 04/14  06:00:00,138220619.17831305 
 04/14  07:00:00,139484559.33182433 
 04/14  08:00:00,140221695.18289316 
 04/14  09:00:00,154619625.7335278 
 04/14  10:00:00,148901045.5365949 
 04/14  11:00:00,140926928.70124048 
 04/14  12:00:00,125474150.63607654 
 04/14  13:00:00,112194262.48148131 
 04/14  14:00:00,103269323.49971597 
 04/14  15:00:00,99968873.26766118 
 04/14  16:00:00,85885877.99135554 
 04/14  17:00:00,83223930.8571416 
 04/14  18:00:00,84787014.7995079 
 04/14  19:00:00,89678256.53437379 
 04/14  20:00:00,91328471.61552958 
 04/14  21:00:00,93093944.4554824 
 04/14  22:00:00,96066351.10545093 
 04/14  23:00:00,102182270.81413278 
 04/14  24:00:00,105672012.47708851 
 04/15  01:00:00,106185720.26836386 
 04/15  02:00:00,109177431.37865311 
 04/15  03:00:00,112331522.65672007 
 04/15  04:00:00,117183231.13917875 
 04/15  05:00:00,120295618.54847959 
 04/15  06:00:00,120864371.44592847 
 04/15  07:00:00,121949571.35634819 
 04/15  08:00:00,122894935.49789701 
 04/15  09:00:00,138624336.4447935 
 04/15  10:00:00,135309169.4148166 
 04/15  11:00:00,130953335.22756785 
 04/15  12:00:00,114094549.09555215 
 04/15  13:00:00,98781053.34074487 
 04/15  14:00:00,86356261.14979073 
 04/15  15:00:00,83766847.81702468 
 04/15  16:00:00,75310556.43951184 
 04/15  17:00:00,66673320.49534594 
 04/15  18:00:00,58774708.3893779 
 04/15  19:00:00,59801625.29658254 
 04/15  20:00:00,60898565.08551118 
 04/15  21:00:00,67852629.38590002 
 04/15  22:00:00,68972784.60595272 
 04/15  23:00:00,73410604.70922227 
 04/15  24:00:00,93969134.97826031 
 04/16  01:00:00,107821232.208625 
 04/16  02:00:00,112376761.99734779 
 04/16  03:00:00,114479618.11486831 
 04/16  04:00:00,114897116.94043678 
 04/16  05:00:00,115445167.85566902 
 04/16  06:00:00,117528915.26621251 
 04/16  07:00:00,116703418.49057579 
 04/16  08:00:00,113287341.7076873 
 04/16  09:00:00,122950908.94551617 
 04/16  10:00:00,112944677.2451981 
 04/16  11:00:00,104841257.11636937 
 04/16  12:00:00,87368284.93898778 
 04/16  13:00:00,70443716.35016954 
 04/16  14:00:00,59016097.40799561 
 04/16  15:00:00,56344454.08019264 
 04/16  16:00:00,42779754.980531536 
 04/16  17:00:00,35998245.26890222 
 04/16  18:00:00,34488835.01578242 
 04/16  19:00:00,46092860.60106964 
 04/16  20:00:00,58472638.02833611 
 04/16  21:00:00,68049899.28579906 
 04/16  22:00:00,78577677.51720387 
 04/16  23:00:00,89014017.54969344 
 04/16  24:00:00,98512322.68842337 
 04/17  01:00:00,103344449.13334247 
 04/17  02:00:00,100603380.46352418 
 04/17  03:00:00,99717139.82221636 
 04/17  04:00:00,104060549.16653453 
 04/17  05:00:00,118754413.57448141 
 04/17  06:00:00,120580059.56523032 
 04/17  07:00:00,123830201.24224702 
 04/17  08:00:00,124999369.9139696 
 04/17  09:00:00,126192052.39996073 
 04/17  10:00:00,124936904.07425779 
 04/17  11:00:00,122255397.49070841 
 04/17  12:00:00,117441980.36957486 
 04/17  13:00:00,113892992.76319751 
 04/17  14:00:00,109458722.18273264 
 04/17  15:00:00,101728354.437903 
 04/17  16:00:00,95988366.77830298 
 04/17  17:00:00,87277009.20427302 
 04/17  18:00:00,81029398.28618076 
 04/17  19:00:00,81542440.46385932 
 04/17  20:00:00,88633248.872765 
 04/17  21:00:00,101803910.50077628 
 04/17  22:00:00,113405643.09518325 
 04/17  23:00:00,121152533.33728094 
 04/17  24:00:00,120215262.81286013 
 04/18  01:00:00,117356866.16042522 
 04/18  02:00:00,118059282.59374574 
 04/18  03:00:00,122472459.77097249 
 04/18  04:00:00,126733890.99492043 
 04/18  05:00:00,125586346.72285883 
 04/18  06:00:00,124090362.0443284 
 04/18  07:00:00,127453973.81915791 
 04/18  08:00:00,131343618.6266281 
 04/18  09:00:00,130154831.1030514 
 04/18  10:00:00,119057516.49263161 
 04/18  11:00:00,109406169.07795864 
 04/18  12:00:00,96404155.33945447 
 04/18  13:00:00,83189277.4339145 
 04/18  14:00:00,80332584.86384481 
 04/18  15:00:00,82604549.95745091 
 04/18  16:00:00,81437137.80903591 
 04/18  17:00:00,80046774.41845743 
 04/18  18:00:00,89293463.44659404 
 04/18  19:00:00,97452075.65768358 
 04/18  20:00:00,97528984.5298135 
 04/18  21:00:00,103256024.55134778 
 04/18  22:00:00,109077278.33139844 
 04/18  23:00:00,119736682.63888858 
 04/18  24:00:00,128390234.81307197 
 04/19  01:00:00,128092473.06867765 
 04/19  02:00:00,131799746.02250472 
 04/19  03:00:00,133814073.16794617 
 04/19  04:00:00,132808085.76584858 
 04/19  05:00:00,125118262.89153782 
 04/19  06:00:00,126246409.50487639 
 04/19  07:00:00,122650596.4046562 
 04/19  08:00:00,120138379.25046149 
 04/19  09:00:00,133772341.72341101 
 04/19  10:00:00,120267467.16039245 
 04/19  11:00:00,106229481.9371055 
 04/19  12:00:00,86796155.65092385 
 04/19  13:00:00,68052706.70297341 
 04/19  14:00:00,55945238.19197281 
 04/19  15:00:00,55002074.5243437 
 04/19  16:00:00,38356078.35916285 
 04/19  17:00:00,27564928.784923654 
 04/19  18:00:00,25931833.70183293 
 04/19  19:00:00,29885586.89078896 
 04/19  20:00:00,33900659.606836416 
 04/19  21:00:00,46364926.16130836 
 04/19  22:00:00,56240917.537818536 
 04/19  23:00:00,64687512.83023465 
 04/19  24:00:00,75417007.28815731 
 04/20  01:00:00,80635151.32936385 
 04/20  02:00:00,84946774.4909697 
 04/20  03:00:00,104767853.26965785 
 04/20  04:00:00,124762012.96185967 
 04/20  05:00:00,133050071.87788099 
 04/20  06:00:00,140030223.9850261 
 04/20  07:00:00,142401074.60960823 
 04/20  08:00:00,139504101.63684168 
 04/20  09:00:00,147682854.58748615 
 04/20  10:00:00,118955426.18666787 
 04/20  11:00:00,87507597.72858828 
 04/20  12:00:00,54866571.25184677 
 04/20  13:00:00,28813948.54400363 
 04/20  14:00:00,14669564.700931018 
 04/20  15:00:00,12000058.888837976 
 04/20  16:00:00,361530.9811507934 
 04/20  17:00:00,0.0 
 04/20  18:00:00,0.0 
 04/20  19:00:00,0.0 
 04/20  20:00:00,0.0 
 04/20  21:00:00,1331332.3336148984 
 04/20  22:00:00,4146452.902491996 
 04/20  23:00:00,21251847.79094523 
 04/20  24:00:00,56568142.472338885 
 04/21  01:00:00,82332832.32044718 
 04/21  02:00:00,93930449.32388021 
 04/21  03:00:00,101630698.59485483 
 04/21  04:00:00,107430582.31621018 
 04/21  05:00:00,112777815.6396982 
 04/21  06:00:00,116463942.19373432 
 04/21  07:00:00,115923735.17484933 
 04/21  08:00:00,111659794.60202368 
 04/21  09:00:00,118365905.2547228 
 04/21  10:00:00,92112626.66549648 
 04/21  11:00:00,66076652.622821175 
 04/21  12:00:00,39434201.41994935 
 04/21  13:00:00,17218118.102719814 
 04/21  14:00:00,3935157.9051853158 
 04/21  15:00:00,1508001.4111726312 
 04/21  16:00:00,0.0 
 04/21  17:00:00,0.0 
 04/21  18:00:00,0.0 
 04/21  19:00:00,0.0 
 04/21  20:00:00,0.0 
 04/21  21:00:00,6322054.262890422 
 04/21  22:00:00,16402523.617318403 
 04/21  23:00:00,24799865.53809032 
 04/21  24:00:00,39496083.935759336 
 04/22  01:00:00,50434009.37964998 
 04/22  02:00:00,52902578.62282922 
 04/22  03:00:00,53747400.666894406 
 04/22  04:00:00,55759039.80500865 
 04/22  05:00:00,60385698.56751611 
 04/22  06:00:00,62239324.61751056 
 04/22  07:00:00,64368952.43774605 
 04/22  08:00:00,70169112.4687545 
 04/22  09:00:00,84555882.92233546 
 04/22  10:00:00,78299232.25932702 
 04/22  11:00:00,71927482.93631324 
 04/22  12:00:00,51518458.47569611 
 04/22  13:00:00,35117651.636879705 
 04/22  14:00:00,27289467.469034124 
 04/22  15:00:00,27893349.81241854 
 04/22  16:00:00,17039875.971607074 
 04/22  17:00:00,15828848.349378435 
 04/22  18:00:00,17276843.333104767 
 04/22  19:00:00,25705778.23212527 
 04/22  20:00:00,34433129.34231235 
 04/22  21:00:00,39813253.87988782 
 04/22  22:00:00,44955735.048264146 
 04/22  23:00:00,53746010.69554201 
 04/22  24:00:00,68395681.85583529 
 04/23  01:00:00,80215376.1367832 
 04/23  02:00:00,87615611.65258886 
 04/23  03:00:00,94646335.90559755 
 04/23  04:00:00,102400949.95145974 
 04/23  05:00:00,105252851.5528644 
 04/23  06:00:00,106860468.01054579 
 04/23  07:00:00,107814204.70874596 
 04/23  08:00:00,107704400.8877526 
 04/23  09:00:00,115420167.81467097 
 04/23  10:00:00,93570691.62151955 
 04/23  11:00:00,73947647.0644212 
 04/23  12:00:00,52381610.8101318 
 04/23  13:00:00,36550932.29803423 
 04/23  14:00:00,26782406.347806826 
 04/23  15:00:00,27471752.505153924 
 04/23  16:00:00,15648522.985301517 
 04/23  17:00:00,9172777.871526022 
 04/23  18:00:00,4764786.945518805 
 04/23  19:00:00,6386137.379680715 
 04/23  20:00:00,10191572.680238228 
 04/23  21:00:00,11998672.321193632 
 04/23  22:00:00,21416606.88351137 
 04/23  23:00:00,35738156.97018172 
 04/23  24:00:00,50303741.76447175 
 04/24  01:00:00,59755902.85209495 
 04/24  02:00:00,67218535.89444882 
 04/24  03:00:00,80734890.93685082 
 04/24  04:00:00,99923065.98715201 
 04/24  05:00:00,129060601.4582713 
 04/24  06:00:00,139049921.11277282 
 04/24  07:00:00,144582849.14306855 
 04/24  08:00:00,144583832.21006256 
 04/24  09:00:00,134775530.32503188 
 04/24  10:00:00,104465520.96798432 
 04/24  11:00:00,78568598.32705837 
 04/24  12:00:00,58397147.121301115 
 04/24  13:00:00,38209277.460618034 
 04/24  14:00:00,27820304.953257546 
 04/24  15:00:00,19008558.518538963 
 04/24  16:00:00,8307803.581614001 
 04/24  17:00:00,1509710.7665455202 
 04/24  18:00:00,0.0 
 04/24  19:00:00,0.0 
 04/24  20:00:00,3669866.196862771 
 04/24  21:00:00,16710604.326943181 
 04/24  22:00:00,30363018.284754608 
 04/24  23:00:00,29286288.687838905 
 04/24  24:00:00,19488284.85549021 
 04/25  01:00:00,25144961.323606484 
 04/25  02:00:00,38219557.23869435 
 04/25  03:00:00,55335178.91119453 
 04/25  04:00:00,67579163.40447494 
 04/25  05:00:00,93339033.74440545 
 04/25  06:00:00,105018603.34542325 
 04/25  07:00:00,112844605.91910042 
 04/25  08:00:00,114627291.31101762 
 04/25  09:00:00,107003485.59406628 
 04/25  10:00:00,76571634.4444378 
 04/25  11:00:00,46461394.2639307 
 04/25  12:00:00,22763733.200424816 
 04/25  13:00:00,4287694.688200881 
 04/25  14:00:00,0.0 
 04/25  15:00:00,0.0 
 04/25  16:00:00,0.0 
 04/25  17:00:00,0.0 
 04/25  18:00:00,0.0 
 04/25  19:00:00,0.0 
 04/25  20:00:00,0.0 
 04/25  21:00:00,0.0 
 04/25  22:00:00,0.0 
 04/25  23:00:00,5072117.353365349 
 04/25  24:00:00,23790053.885238487 
 04/26  01:00:00,34630658.86919926 
 04/26  02:00:00,46380103.81499648 
 04/26  03:00:00,66044186.30195934 
 04/26  04:00:00,83796809.82278074 
 04/26  05:00:00,84570195.31728809 
 04/26  06:00:00,87675475.28642875 
 04/26  07:00:00,90473039.50618634 
 04/26  08:00:00,92180780.33440252 
 04/26  09:00:00,99510939.92480825 
 04/26  10:00:00,68172130.69799966 
 04/26  11:00:00,36024004.00828369 
 04/26  12:00:00,7187180.167789722 
 04/26  13:00:00,0.0 
 04/26  14:00:00,0.0 
 04/26  15:00:00,0.0 
 04/26  16:00:00,0.0 
 04/26  17:00:00,0.0 
 04/26  18:00:00,0.0 
 04/26  19:00:00,0.0 
 04/26  20:00:00,0.0 
 04/26  21:00:00,0.0 
 04/26  22:00:00,0.0 
 04/26  23:00:00,0.0 
 04/26  24:00:00,0.0 
 04/27  01:00:00,848056.2860255828 
 04/27  02:00:00,11899235.679341633 
 04/27  03:00:00,28204593.416700263 
 04/27  04:00:00,47246250.0521331 
 04/27  05:00:00,65884095.13400759 
 04/27  06:00:00,78044902.91442862 
 04/27  07:00:00,82243501.58535533 
 04/27  08:00:00,83593061.62622488 
 04/27  09:00:00,89144958.18698075 
 04/27  10:00:00,55104345.78142092 
 04/27  11:00:00,24309498.938737858 
 04/27  12:00:00,1810676.9651939627 
 04/27  13:00:00,0.0 
 04/27  14:00:00,0.0 
 04/27  15:00:00,0.0 
 04/27  16:00:00,0.0 
 04/27  17:00:00,0.0 
 04/27  18:00:00,0.0 
 04/27  19:00:00,0.0 
 04/27  20:00:00,0.0 
 04/27  21:00:00,0.0 
 04/27  22:00:00,0.0 
 04/27  23:00:00,0.0 
 04/27  24:00:00,0.0 
 04/28  01:00:00,0.0 
 04/28  02:00:00,0.0 
 04/28  03:00:00,0.0 
 04/28  04:00:00,3284981.974343641 
 04/28  05:00:00,20058941.50860276 
 04/28  06:00:00,35843167.54930748 
 04/28  07:00:00,47763735.83491397 
 04/28  08:00:00,53849415.34119286 
 04/28  09:00:00,63244029.91306473 
 04/28  10:00:00,35509922.27308417 
 04/28  11:00:00,13046025.926166285 
 04/28  12:00:00,435433.4939880297 
 04/28  13:00:00,0.0 
 04/28  14:00:00,0.0 
 04/28  15:00:00,0.0 
 04/28  16:00:00,0.0 
 04/28  17:00:00,0.0 
 04/28  18:00:00,0.0 
 04/28  19:00:00,0.0 
 04/28  20:00:00,0.0 
 04/28  21:00:00,0.0 
 04/28  22:00:00,0.0 
 04/28  23:00:00,0.0 
 04/28  24:00:00,0.0 
 04/29  01:00:00,0.0 
 04/29  02:00:00,0.0 
 04/29  03:00:00,0.0 
 04/29  04:00:00,0.0 
 04/29  05:00:00,9262656.444358883 
 04/29  06:00:00,23361721.46548438 
 04/29  07:00:00,33149384.35528991 
 04/29  08:00:00,38121563.12160725 
 04/29  09:00:00,48986699.93214019 
 04/29  10:00:00,30269632.198630843 
 04/29  11:00:00,14048398.560226943 
 04/29  12:00:00,870853.4323583823 
 04/29  13:00:00,0.0 
 04/29  14:00:00,0.0 
 04/29  15:00:00,0.0 
 04/29  16:00:00,0.0 
 04/29  17:00:00,0.0 
 04/29  18:00:00,0.0 
 04/29  19:00:00,0.0 
 04/29  20:00:00,0.0 
 04/29  21:00:00,0.0 
 04/29  22:00:00,0.0 
 04/29  23:00:00,0.0 
 04/29  24:00:00,0.0 
 04/30  01:00:00,7605995.001006766 
 04/30  02:00:00,25089057.75540427 
 04/30  03:00:00,41725506.83019123 
 04/30  04:00:00,57660140.78342729 
 04/30  05:00:00,71744653.93313533 
 04/30  06:00:00,80130810.1639802 
 04/30  07:00:00,84641667.68923716 
 04/30  08:00:00,82398169.22903402 
 04/30  09:00:00,87922951.65804045 
 04/30  10:00:00,55221362.491168 
 04/30  11:00:00,24563155.816771068 
 04/30  12:00:00,3953049.161384942 
 04/30  13:00:00,0.0 
 04/30  14:00:00,0.0 
 04/30  15:00:00,0.0 
 04/30  16:00:00,0.0 
 04/30  17:00:00,0.0 
 04/30  18:00:00,0.0 
 04/30  19:00:00,0.0 
 04/30  20:00:00,0.0 
 04/30  21:00:00,0.0 
 04/30  22:00:00,0.0 
 04/30  23:00:00,4970597.829807388 
 04/30  24:00:00,16147406.04520622 
 05/01  01:00:00,17229173.78151821 
 05/01  02:00:00,20078088.94941886 
 05/01  03:00:00,28187593.17815249 
 05/01  04:00:00,42429344.38715353 
 05/01  05:00:00,66017541.80836796 
 05/01  06:00:00,71353380.92371063 
 05/01  07:00:00,73458823.44537246 
 05/01  08:00:00,76974876.5812945 
 05/01  09:00:00,77511680.77357508 
 05/01  10:00:00,63770738.69094883 
 05/01  11:00:00,47461469.294556685 
 05/01  12:00:00,32976967.40707193 
 05/01  13:00:00,22687309.099739566 
 05/01  14:00:00,17180882.07231509 
 05/01  15:00:00,11423008.28008333 
 05/01  16:00:00,2968454.00653244 
 05/01  17:00:00,3536714.3427961157 
 05/01  18:00:00,12651786.254475035 
 05/01  19:00:00,20272415.14978039 
 05/01  20:00:00,24939330.281307247 
 05/01  21:00:00,30589784.56473565 
 05/01  22:00:00,44194946.54464989 
 05/01  23:00:00,59344224.08716742 
 05/01  24:00:00,74141989.61618546 
 05/02  01:00:00,85657473.32442902 
 05/02  02:00:00,89984785.14199604 
 05/02  03:00:00,94722435.12719776 
 05/02  04:00:00,100601534.35440105 
 05/02  05:00:00,111204300.02262045 
 05/02  06:00:00,118986602.02722846 
 05/02  07:00:00,127861160.6843616 
 05/02  08:00:00,131685357.8880015 
 05/02  09:00:00,124389491.52952302 
 05/02  10:00:00,96423144.18731692 
 05/02  11:00:00,68417407.74477991 
 05/02  12:00:00,47367843.86154295 
 05/02  13:00:00,30089203.995020386 
 05/02  14:00:00,21355042.3940913 
 05/02  15:00:00,15147554.912062023 
 05/02  16:00:00,8702365.551621212 
 05/02  17:00:00,2771302.771558624 
 05/02  18:00:00,179012.1143773198 
 05/02  19:00:00,2621472.226382559 
 05/02  20:00:00,6409362.664181565 
 05/02  21:00:00,14013128.096662126 
 05/02  22:00:00,27223230.22528012 
 05/02  23:00:00,45671694.18601881 
 05/02  24:00:00,63903358.62993625 
 05/03  01:00:00,73167197.17586492 
 05/03  02:00:00,79744453.17204106 
 05/03  03:00:00,89877133.01288778 
 05/03  04:00:00,102496958.61784217 
 05/03  05:00:00,105097266.09297627 
 05/03  06:00:00,115766781.40395527 
 05/03  07:00:00,128417630.9754672 
 05/03  08:00:00,138835363.53424922 
 05/03  09:00:00,155191539.12764382 
 05/03  10:00:00,144502806.091962 
 05/03  11:00:00,128757720.13604242 
 05/03  12:00:00,109481873.65286547 
 05/03  13:00:00,96385878.69864234 
 05/03  14:00:00,88088581.17663234 
 05/03  15:00:00,91147365.92610107 
 05/03  16:00:00,82327575.10051551 
 05/03  17:00:00,79713755.3207349 
 05/03  18:00:00,82002723.44485423 
 05/03  19:00:00,93722970.1236397 
 05/03  20:00:00,104381579.08515799 
 05/03  21:00:00,112716369.26547758 
 05/03  22:00:00,124288840.2596364 
 05/03  23:00:00,137987708.74669778 
 05/03  24:00:00,154185711.1212682 
 05/04  01:00:00,168065543.44467822 
 05/04  02:00:00,178360387.62562943 
 05/04  03:00:00,185806300.95858514 
 05/04  04:00:00,190924833.90325284 
 05/04  05:00:00,189593843.7960208 
 05/04  06:00:00,185248372.0212934 
 05/04  07:00:00,183799569.70244846 
 05/04  08:00:00,181984798.49180725 
 05/04  09:00:00,190365465.4101561 
 05/04  10:00:00,174951716.1419437 
 05/04  11:00:00,157607639.06369862 
 05/04  12:00:00,139861228.3676813 
 05/04  13:00:00,127102406.90413323 
 05/04  14:00:00,121130383.2036551 
 05/04  15:00:00,124882649.30750549 
 05/04  16:00:00,112616095.67321508 
 05/04  17:00:00,111368317.79752079 
 05/04  18:00:00,112996537.30318722 
 05/04  19:00:00,119311470.84235984 
 05/04  20:00:00,128595332.30558951 
 05/04  21:00:00,137545064.42717388 
 05/04  22:00:00,147258163.83053625 
 05/04  23:00:00,156723030.00063294 
 05/04  24:00:00,167820951.17041612 
 05/05  01:00:00,174948863.20941728 
 05/05  02:00:00,177151393.52140749 
 05/05  03:00:00,179522168.27841955 
 05/05  04:00:00,183731852.4274185 
 05/05  05:00:00,181559793.7950126 
 05/05  06:00:00,174659515.93691874 
 05/05  07:00:00,172583200.59265602 
 05/05  08:00:00,173501265.14608636 
 05/05  09:00:00,183716466.3316629 
 05/05  10:00:00,167589602.97393784 
 05/05  11:00:00,151486554.35463905 
 05/05  12:00:00,126529291.94862014 
 05/05  13:00:00,108224185.75690387 
 05/05  14:00:00,96450419.79602453 
 05/05  15:00:00,94597106.63046545 
 05/05  16:00:00,83937854.49218376 
 05/05  17:00:00,78163802.41061488 
 05/05  18:00:00,76309599.91353531 
 05/05  19:00:00,82767050.56565416 
 05/05  20:00:00,92097245.10614555 
 05/05  21:00:00,101454580.9938435 
 05/05  22:00:00,114966213.38593836 
 05/05  23:00:00,134482704.95597646 
 05/05  24:00:00,153975196.1237255 
 05/06  01:00:00,167647945.3728139 
 05/06  02:00:00,182321218.68710917 
 05/06  03:00:00,197912164.18254572 
 05/06  04:00:00,205441362.54070887 
 05/06  05:00:00,210519800.57645082 
 05/06  06:00:00,221417154.1708755 
 05/06  07:00:00,230791360.2948043 
 05/06  08:00:00,227699591.94755858 
 05/06  09:00:00,228704353.08269218 
 05/06  10:00:00,190954239.4470815 
 05/06  11:00:00,156068060.71836427 
 05/06  12:00:00,125967573.8433136 
 05/06  13:00:00,103001406.10247926 
 05/06  14:00:00,88736232.63208586 
 05/06  15:00:00,83889838.35626882 
 05/06  16:00:00,63321311.71514988 
 05/06  17:00:00,47149905.65527026 
 05/06  18:00:00,37481672.17413944 
 05/06  19:00:00,35248650.82213286 
 05/06  20:00:00,36250905.98188338 
 05/06  21:00:00,40356555.58063112 
 05/06  22:00:00,47400194.42885018 
 05/06  23:00:00,76353581.39409111 
 05/06  24:00:00,106260536.14118002 
 05/07  01:00:00,115849041.57191932 
 05/07  02:00:00,118780806.24261928 
 05/07  03:00:00,124701684.50315109 
 05/07  04:00:00,142753124.16987753 
 05/07  05:00:00,155028942.63391298 
 05/07  06:00:00,157940782.03935286 
 05/07  07:00:00,160873511.4474212 
 05/07  08:00:00,155387425.61004254 
 05/07  09:00:00,163322757.95432544 
 05/07  10:00:00,144594124.4228885 
 05/07  11:00:00,119863795.6839358 
 05/07  12:00:00,89953641.45338185 
 05/07  13:00:00,67080018.10972318 
 05/07  14:00:00,54625567.06292479 
 05/07  15:00:00,52140594.915397204 
 05/07  16:00:00,44325933.27212414 
 05/07  17:00:00,47878370.0699687 
 05/07  18:00:00,51286605.24680632 
 05/07  19:00:00,57591709.22141114 
 05/07  20:00:00,65687058.85129294 
 05/07  21:00:00,75455086.02404526 
 05/07  22:00:00,82166852.32986496 
 05/07  23:00:00,95923603.60997427 
 05/07  24:00:00,110680130.90494424 
 05/08  01:00:00,123483529.06980878 
 05/08  02:00:00,134434983.20241028 
 05/08  03:00:00,140863538.03067964 
 05/08  04:00:00,151341580.47891802 
 05/08  05:00:00,167695984.48908022 
 05/08  06:00:00,166153206.41861445 
 05/08  07:00:00,162007734.61936232 
 05/08  08:00:00,156771793.07684252 
 05/08  09:00:00,150288877.94778493 
 05/08  10:00:00,132035654.67755687 
 05/08  11:00:00,114242003.22037268 
 05/08  12:00:00,102257069.28433856 
 05/08  13:00:00,89939073.4393293 
 05/08  14:00:00,76443795.19933231 
 05/08  15:00:00,66917020.55916746 
 05/08  16:00:00,62410245.062483005 
 05/08  17:00:00,61081663.95833202 
 05/08  18:00:00,62898844.126704134 
 05/08  19:00:00,67074564.091396205 
 05/08  20:00:00,67589068.19070163 
 05/08  21:00:00,66330357.7478916 
 05/08  22:00:00,71309089.69354872 
 05/08  23:00:00,79800279.74421279 
 05/08  24:00:00,91396228.63561583 
 05/09  01:00:00,99730925.50866225 
 05/09  02:00:00,101239715.44786692 
 05/09  03:00:00,103883312.62458844 
 05/09  04:00:00,103984569.93592517 
 05/09  05:00:00,101077627.84243688 
 05/09  06:00:00,100328053.1964889 
 05/09  07:00:00,100475839.02476084 
 05/09  08:00:00,101718371.55774403 
 05/09  09:00:00,106017611.83722763 
 05/09  10:00:00,103193198.19816087 
 05/09  11:00:00,96797171.79114242 
 05/09  12:00:00,87631489.3729471 
 05/09  13:00:00,79739823.45334329 
 05/09  14:00:00,74199976.03817719 
 05/09  15:00:00,68711391.6011039 
 05/09  16:00:00,66936424.87133417 
 05/09  17:00:00,65870947.76603686 
 05/09  18:00:00,67674802.07761993 
 05/09  19:00:00,63215536.71367172 
 05/09  20:00:00,60825360.659475446 
 05/09  21:00:00,70057655.90986462 
 05/09  22:00:00,83213247.8340769 
 05/09  23:00:00,98846979.12250471 
 05/09  24:00:00,109407432.85345215 
 05/10  01:00:00,114112788.0519533 
 05/10  02:00:00,115723624.59940355 
 05/10  03:00:00,120822273.28905737 
 05/10  04:00:00,125433300.14835486 
 05/10  05:00:00,114042439.78631327 
 05/10  06:00:00,110864304.25568087 
 05/10  07:00:00,109966097.21289973 
 05/10  08:00:00,113075926.91081549 
 05/10  09:00:00,128459551.00932024 
 05/10  10:00:00,114244544.81388459 
 05/10  11:00:00,97163438.12748462 
 05/10  12:00:00,83203666.48067032 
 05/10  13:00:00,75047138.5159699 
 05/10  14:00:00,67485466.60321565 
 05/10  15:00:00,69674350.0885645 
 05/10  16:00:00,59171938.28578976 
 05/10  17:00:00,51385342.08417606 
 05/10  18:00:00,48833728.37034892 
 05/10  19:00:00,49475443.690569155 
 05/10  20:00:00,49955105.08906819 
 05/10  21:00:00,55583544.78907428 
 05/10  22:00:00,66157472.719238 
 05/10  23:00:00,85946988.99932306 
 05/10  24:00:00,105587786.42573525 
 05/11  01:00:00,117531935.3788057 
 05/11  02:00:00,127333281.21687557 
 05/11  03:00:00,137883907.4767443 
 05/11  04:00:00,149007704.59629798 
 05/11  05:00:00,151546886.4844592 
 05/11  06:00:00,151702275.35950747 
 05/11  07:00:00,153391333.8788735 
 05/11  08:00:00,153834921.8756163 
 05/11  09:00:00,160137023.58578235 
 05/11  10:00:00,133773371.04069783 
 05/11  11:00:00,110077618.75117554 
 05/11  12:00:00,88580302.24504057 
 05/11  13:00:00,69606326.75373664 
 05/11  14:00:00,62185605.92854653 
 05/11  15:00:00,68051225.88569292 
 05/11  16:00:00,56055605.26685547 
 05/11  17:00:00,53134878.258983515 
 05/11  18:00:00,56520831.75577997 
 05/11  19:00:00,63452585.01094144 
 05/11  20:00:00,64936332.3598315 
 05/11  21:00:00,67090952.55092242 
 05/11  22:00:00,82161449.80035037 
 05/11  23:00:00,102799033.76427384 
 05/11  24:00:00,116978050.90233907 
 05/12  01:00:00,120556561.12996253 
 05/12  02:00:00,120680869.43421969 
 05/12  03:00:00,123756615.795791 
 05/12  04:00:00,128910400.80815932 
 05/12  05:00:00,131371050.82650056 
 05/12  06:00:00,131760556.8928744 
 05/12  07:00:00,134290388.99485257 
 05/12  08:00:00,134436583.25486472 
 05/12  09:00:00,143317369.6714511 
 05/12  10:00:00,126861529.91448621 
 05/12  11:00:00,113262209.56735928 
 05/12  12:00:00,104773292.75222227 
 05/12  13:00:00,93698704.68214735 
 05/12  14:00:00,81624958.33586806 
 05/12  15:00:00,81860975.00237015 
 05/12  16:00:00,78617072.56936738 
 05/12  17:00:00,79866397.05592564 
 05/12  18:00:00,70246803.4585066 
 05/12  19:00:00,70364183.72814517 
 05/12  20:00:00,81371297.29157044 
 05/12  21:00:00,90920329.12048374 
 05/12  22:00:00,96912219.10013919 
 05/12  23:00:00,109197668.36609147 
 05/12  24:00:00,122893909.66867839 
 05/13  01:00:00,132895841.47959606 
 05/13  02:00:00,136445812.25913674 
 05/13  03:00:00,141314191.32353905 
 05/13  04:00:00,151261516.79861763 
 05/13  05:00:00,153418854.3530835 
 05/13  06:00:00,158245586.03353658 
 05/13  07:00:00,164780608.99425584 
 05/13  08:00:00,160092049.41911575 
 05/13  09:00:00,165004175.63710228 
 05/13  10:00:00,147523449.7638664 
 05/13  11:00:00,129898926.77936864 
 05/13  12:00:00,115207652.38997556 
 05/13  13:00:00,105027642.48873988 
 05/13  14:00:00,100214414.14102964 
 05/13  15:00:00,104898893.7788117 
 05/13  16:00:00,94428116.64778209 
 05/13  17:00:00,91906032.07164975 
 05/13  18:00:00,103538249.59228103 
 05/13  19:00:00,116313432.16478656 
 05/13  20:00:00,118126097.97380356 
 05/13  21:00:00,117986909.80492824 
 05/13  22:00:00,127061493.17090625 
 05/13  23:00:00,143264769.38023642 
 05/13  24:00:00,150055879.73792997 
 05/14  01:00:00,152325753.4757097 
 05/14  02:00:00,156650134.06195897 
 05/14  03:00:00,164307747.56611186 
 05/14  04:00:00,175323013.32268086 
 05/14  05:00:00,182436094.67103302 
 05/14  06:00:00,182992455.7491131 
 05/14  07:00:00,184884918.37109187 
 05/14  08:00:00,185764567.32393786 
 05/14  09:00:00,196315830.17191553 
 05/14  10:00:00,180595194.0509462 
 05/14  11:00:00,162614189.2776514 
 05/14  12:00:00,140759839.6739895 
 05/14  13:00:00,122204854.7346386 
 05/14  14:00:00,109068854.49277174 
 05/14  15:00:00,102791996.84337558 
 05/14  16:00:00,83895056.24697147 
 05/14  17:00:00,76442084.10314749 
 05/14  18:00:00,78523044.08415394 
 05/14  19:00:00,86234459.05162553 
 05/14  20:00:00,90892060.35120289 
 05/14  21:00:00,94714724.8955541 
 05/14  22:00:00,100305914.74620749 
 05/14  23:00:00,107506734.87334651 
 05/14  24:00:00,118338713.44236799 
 05/15  01:00:00,126272304.98212078 
 05/15  02:00:00,128046732.06401342 
 05/15  03:00:00,132452608.35854188 
 05/15  04:00:00,141000894.5894584 
 05/15  05:00:00,162180928.49977732 
 05/15  06:00:00,170367337.60437798 
 05/15  07:00:00,177020722.3382224 
 05/15  08:00:00,175590637.55341464 
 05/15  09:00:00,167475231.92382857 
 05/15  10:00:00,146913212.65488812 
 05/15  11:00:00,126077882.27573386 
 05/15  12:00:00,108476642.66265357 
 05/15  13:00:00,92665135.23203671 
 05/15  14:00:00,85226011.06052071 
 05/15  15:00:00,79577831.50138393 
 05/15  16:00:00,72733691.57421657 
 05/15  17:00:00,66283998.282319315 
 05/15  18:00:00,64825496.321017124 
 05/15  19:00:00,66074923.49699389 
 05/15  20:00:00,67043693.15391232 
 05/15  21:00:00,74663546.45952691 
 05/15  22:00:00,95438244.50491631 
 05/15  23:00:00,123600570.84733728 
 05/15  24:00:00,144507343.66045767 
 05/16  01:00:00,153133576.80614033 
 05/16  02:00:00,157986159.1779256 
 05/16  03:00:00,169505578.14295962 
 05/16  04:00:00,184161066.97806653 
 05/16  05:00:00,198444607.91701064 
 05/16  06:00:00,206750801.0796848 
 05/16  07:00:00,213705652.52722123 
 05/16  08:00:00,206656538.90852833 
 05/16  09:00:00,190179762.0132541 
 05/16  10:00:00,160188594.23769656 
 05/16  11:00:00,132613113.09874761 
 05/16  12:00:00,111546660.83925827 
 05/16  13:00:00,93236700.96897295 
 05/16  14:00:00,82268947.41805482 
 05/16  15:00:00,72630634.26683916 
 05/16  16:00:00,60033424.17150559 
 05/16  17:00:00,47562307.42774378 
 05/16  18:00:00,39871672.54145053 
 05/16  19:00:00,34312545.214710385 
 05/16  20:00:00,31974892.337561503 
 05/16  21:00:00,39314982.31336662 
 05/16  22:00:00,59780072.42454737 
 05/16  23:00:00,81081269.03412148 
 05/16  24:00:00,101578438.57915217 
 05/17  01:00:00,121224902.96367672 
 05/17  02:00:00,134009914.69856319 
 05/17  03:00:00,147387020.06999922 
 05/17  04:00:00,159890961.37534827 
 05/17  05:00:00,159943761.71538925 
 05/17  06:00:00,167675682.80604732 
 05/17  07:00:00,174153377.29427376 
 05/17  08:00:00,169039076.5977837 
 05/17  09:00:00,167936017.50850865 
 05/17  10:00:00,131289035.51775733 
 05/17  11:00:00,94405092.0621374 
 05/17  12:00:00,59769951.27523692 
 05/17  13:00:00,33675754.04115968 
 05/17  14:00:00,18803182.73590532 
 05/17  15:00:00,14223673.12934515 
 05/17  16:00:00,455170.3183570644 
 05/17  17:00:00,0.0 
 05/17  18:00:00,0.0 
 05/17  19:00:00,0.0 
 05/17  20:00:00,0.0 
 05/17  21:00:00,0.0 
 05/17  22:00:00,0.0 
 05/17  23:00:00,13079553.265174538 
 05/17  24:00:00,34211308.78842348 
 05/18  01:00:00,54083473.54963526 
 05/18  02:00:00,68563117.54452917 
 05/18  03:00:00,85249199.85139072 
 05/18  04:00:00,106739737.9132003 
 05/18  05:00:00,121098964.15354846 
 05/18  06:00:00,129014711.32803857 
 05/18  07:00:00,136990485.6320949 
 05/18  08:00:00,135653279.77560365 
 05/18  09:00:00,137688225.08719486 
 05/18  10:00:00,94778517.5859763 
 05/18  11:00:00,55442187.48705795 
 05/18  12:00:00,22884876.053992428 
 05/18  13:00:00,219814.08345181256 
 05/18  14:00:00,0.0 
 05/18  15:00:00,0.0 
 05/18  16:00:00,0.0 
 05/18  17:00:00,0.0 
 05/18  18:00:00,0.0 
 05/18  19:00:00,0.0 
 05/18  20:00:00,0.0 
 05/18  21:00:00,0.0 
 05/18  22:00:00,0.0 
 05/18  23:00:00,0.0 
 05/18  24:00:00,0.0 
 05/19  01:00:00,9311017.194266163 
 05/19  02:00:00,22775844.67360022 
 05/19  03:00:00,37418907.129024185 
 05/19  04:00:00,61316002.542003095 
 05/19  05:00:00,80944261.82562128 
 05/19  06:00:00,90027160.27875957 
 05/19  07:00:00,101057627.09568311 
 05/19  08:00:00,103545319.14579293 
 05/19  09:00:00,105524947.32472159 
 05/19  10:00:00,66432766.523657456 
 05/19  11:00:00,30595758.714805633 
 05/19  12:00:00,4827590.16279846 
 05/19  13:00:00,0.0 
 05/19  14:00:00,0.0 
 05/19  15:00:00,0.0 
 05/19  16:00:00,0.0 
 05/19  17:00:00,0.0 
 05/19  18:00:00,0.0 
 05/19  19:00:00,0.0 
 05/19  20:00:00,0.0 
 05/19  21:00:00,0.0 
 05/19  22:00:00,0.0 
 05/19  23:00:00,0.0 
 05/19  24:00:00,0.0 
 05/20  01:00:00,587989.694713941 
 05/20  02:00:00,12797054.05847953 
 05/20  03:00:00,31507499.64022518 
 05/20  04:00:00,53210411.621582374 
 05/20  05:00:00,70882044.04225269 
 05/20  06:00:00,82553231.35798718 
 05/20  07:00:00,91455636.84159616 
 05/20  08:00:00,94851286.9631328 
 05/20  09:00:00,106557996.31728609 
 05/20  10:00:00,82782987.2403587 
 05/20  11:00:00,57155017.85338149 
 05/20  12:00:00,28085316.449805226 
 05/20  13:00:00,3834313.2128914003 
 05/20  14:00:00,0.0 
 05/20  15:00:00,0.0 
 05/20  16:00:00,0.0 
 05/20  17:00:00,0.0 
 05/20  18:00:00,0.0 
 05/20  19:00:00,0.0 
 05/20  20:00:00,0.0 
 05/20  21:00:00,0.0 
 05/20  22:00:00,0.0 
 05/20  23:00:00,0.0 
 05/20  24:00:00,0.0 
 05/21  01:00:00,1087551.8317652517 
 05/21  02:00:00,11972607.28549714 
 05/21  03:00:00,30904060.400750216 
 05/21  04:00:00,51808402.30712963 
 05/21  05:00:00,61215697.81762125 
 05/21  06:00:00,65877614.89900441 
 05/21  07:00:00,74986939.21422435 
 05/21  08:00:00,76598180.22810365 
 05/21  09:00:00,83947720.43730918 
 05/21  10:00:00,50729219.80974143 
 05/21  11:00:00,19535249.16920968 
 05/21  12:00:00,1416046.8696026132 
 05/21  13:00:00,0.0 
 05/21  14:00:00,0.0 
 05/21  15:00:00,0.0 
 05/21  16:00:00,0.0 
 05/21  17:00:00,0.0 
 05/21  18:00:00,0.0 
 05/21  19:00:00,0.0 
 05/21  20:00:00,0.0 
 05/21  21:00:00,0.0 
 05/21  22:00:00,0.0 
 05/21  23:00:00,0.0 
 05/21  24:00:00,0.0 
 05/22  01:00:00,0.0 
 05/22  02:00:00,0.0 
 05/22  03:00:00,12957938.546481622 
 05/22  04:00:00,35731541.80704042 
 05/22  05:00:00,61829172.994071074 
 05/22  06:00:00,72160642.85323487 
 05/22  07:00:00,85201582.83463901 
 05/22  08:00:00,81238583.62989452 
 05/22  09:00:00,64697324.106465764 
 05/22  10:00:00,37700116.81780218 
 05/22  11:00:00,15826116.0017933 
 05/22  12:00:00,2377982.071138965 
 05/22  13:00:00,0.0 
 05/22  14:00:00,0.0 
 05/22  15:00:00,0.0 
 05/22  16:00:00,0.0 
 05/22  17:00:00,0.0 
 05/22  18:00:00,0.0 
 05/22  19:00:00,0.0 
 05/22  20:00:00,0.0 
 05/22  21:00:00,0.0 
 05/22  22:00:00,0.0 
 05/22  23:00:00,0.0 
 05/22  24:00:00,0.0 
 05/23  01:00:00,0.0 
 05/23  02:00:00,0.0 
 05/23  03:00:00,0.0 
 05/23  04:00:00,3411942.1474322677 
 05/23  05:00:00,26996999.334443603 
 05/23  06:00:00,42098897.17113976 
 05/23  07:00:00,50621339.37763089 
 05/23  08:00:00,50343911.62990086 
 05/23  09:00:00,44844731.3482422 
 05/23  10:00:00,25995602.53887376 
 05/23  11:00:00,8331356.679580919 
 05/23  12:00:00,455521.33788663195 
 05/23  13:00:00,0.0 
 05/23  14:00:00,0.0 
 05/23  15:00:00,0.0 
 05/23  16:00:00,0.0 
 05/23  17:00:00,0.0 
 05/23  18:00:00,0.0 
 05/23  19:00:00,0.0 
 05/23  20:00:00,0.0 
 05/23  21:00:00,0.0 
 05/23  22:00:00,0.0 
 05/23  23:00:00,0.0 
 05/23  24:00:00,0.0 
 05/24  01:00:00,0.0 
 05/24  02:00:00,0.0 
 05/24  03:00:00,0.0 
 05/24  04:00:00,16215093.090142181 
 05/24  05:00:00,25212479.33671852 
 05/24  06:00:00,37392785.74249149 
 05/24  07:00:00,47705929.237794966 
 05/24  08:00:00,47662591.16756198 
 05/24  09:00:00,56553108.871131584 
 05/24  10:00:00,36534712.69906876 
 05/24  11:00:00,15356423.850814264 
 05/24  12:00:00,842699.0642123042 
 05/24  13:00:00,0.0 
 05/24  14:00:00,0.0 
 05/24  15:00:00,0.0 
 05/24  16:00:00,0.0 
 05/24  17:00:00,0.0 
 05/24  18:00:00,0.0 
 05/24  19:00:00,0.0 
 05/24  20:00:00,0.0 
 05/24  21:00:00,0.0 
 05/24  22:00:00,0.0 
 05/24  23:00:00,0.0 
 05/24  24:00:00,0.0 
 05/25  01:00:00,0.0 
 05/25  02:00:00,0.0 
 05/25  03:00:00,0.0 
 05/25  04:00:00,1381014.5530523965 
 05/25  05:00:00,10437327.286970932 
 05/25  06:00:00,20113730.46469238 
 05/25  07:00:00,29500329.056166 
 05/25  08:00:00,31686245.491615728 
 05/25  09:00:00,43269433.49858051 
 05/25  10:00:00,29296054.974020034 
 05/25  11:00:00,14621779.487815965 
 05/25  12:00:00,1678636.6055123974 
 05/25  13:00:00,0.0 
 05/25  14:00:00,0.0 
 05/25  15:00:00,0.0 
 05/25  16:00:00,0.0 
 05/25  17:00:00,0.0 
 05/25  18:00:00,0.0 
 05/25  19:00:00,0.0 
 05/25  20:00:00,0.0 
 05/25  21:00:00,0.0 
 05/25  22:00:00,0.0 
 05/25  23:00:00,2231090.9531237436 
 05/25  24:00:00,20063161.513024766 
 05/26  01:00:00,37345637.00519175 
 05/26  02:00:00,47469918.95201829 
 05/26  03:00:00,58159571.51208579 
 05/26  04:00:00,73272507.87542729 
 05/26  05:00:00,80694051.20580065 
 05/26  06:00:00,82095072.54191855 
 05/26  07:00:00,83129286.18012923 
 05/26  08:00:00,80475316.09134133 
 05/26  09:00:00,88465522.67843992 
 05/26  10:00:00,64949121.70118747 
 05/26  11:00:00,40115664.946360804 
 05/26  12:00:00,15775451.140489046 
 05/26  13:00:00,101171.22198228026 
 05/26  14:00:00,0.0 
 05/26  15:00:00,0.0 
 05/26  16:00:00,0.0 
 05/26  17:00:00,0.0 
 05/26  18:00:00,0.0 
 05/26  19:00:00,0.0 
 05/26  20:00:00,0.0 
 05/26  21:00:00,0.0 
 05/26  22:00:00,0.0 
 05/26  23:00:00,0.0 
 05/26  24:00:00,506855.44349796843 
 05/27  01:00:00,13405576.91031449 
 05/27  02:00:00,29694786.158049904 
 05/27  03:00:00,40781519.92358125 
 05/27  04:00:00,53971470.02386248 
 05/27  05:00:00,64821345.07047087 
 05/27  06:00:00,70778761.28393094 
 05/27  07:00:00,78762840.40277886 
 05/27  08:00:00,76583466.8668817 
 05/27  09:00:00,78485952.99069755 
 05/27  10:00:00,50897910.46869594 
 05/27  11:00:00,27490150.258119047 
 05/27  12:00:00,7749524.994374348 
 05/27  13:00:00,0.0 
 05/27  14:00:00,0.0 
 05/27  15:00:00,0.0 
 05/27  16:00:00,0.0 
 05/27  17:00:00,0.0 
 05/27  18:00:00,0.0 
 05/27  19:00:00,0.0 
 05/27  20:00:00,0.0 
 05/27  21:00:00,0.0 
 05/27  22:00:00,0.0 
 05/27  23:00:00,4821676.241214783 
 05/27  24:00:00,25146293.374310378 
 05/28  01:00:00,39961835.35951905 
 05/28  02:00:00,50199134.281733684 
 05/28  03:00:00,61417209.495146245 
 05/28  04:00:00,74672495.10176091 
 05/28  05:00:00,78388846.7831941 
 05/28  06:00:00,75945691.0303447 
 05/28  07:00:00,77157648.80796787 
 05/28  08:00:00,75193558.66525644 
 05/28  09:00:00,80229618.04457144 
 05/28  10:00:00,61829678.27738599 
 05/28  11:00:00,46733183.78774592 
 05/28  12:00:00,29106858.448410444 
 05/28  13:00:00,16792223.744755846 
 05/28  14:00:00,6728058.3963364735 
 05/28  15:00:00,6706225.251741674 
 05/28  16:00:00,0.0 
 05/28  17:00:00,0.0 
 05/28  18:00:00,0.0 
 05/28  19:00:00,0.0 
 05/28  20:00:00,0.0 
 05/28  21:00:00,925945.4512921977 
 05/28  22:00:00,10726895.399068624 
 05/28  23:00:00,25580847.966234293 
 05/28  24:00:00,45307625.20446657 
 05/29  01:00:00,61425189.225397825 
 05/29  02:00:00,72521335.37221955 
 05/29  03:00:00,90258528.56897002 
 05/29  04:00:00,108286256.07011802 
 05/29  05:00:00,129884980.56068319 
 05/29  06:00:00,133764173.70657775 
 05/29  07:00:00,136873472.00879723 
 05/29  08:00:00,129474161.12350643 
 05/29  09:00:00,109974677.84951305 
 05/29  10:00:00,75008371.40500599 
 05/29  11:00:00,44565085.0148665 
 05/29  12:00:00,20947035.947979335 
 05/29  13:00:00,2129976.487444807 
 05/29  14:00:00,0.0 
 05/29  15:00:00,0.0 
 05/29  16:00:00,0.0 
 05/29  17:00:00,0.0 
 05/29  18:00:00,0.0 
 05/29  19:00:00,0.0 
 05/29  20:00:00,0.0 
 05/29  21:00:00,0.0 
 05/29  22:00:00,0.0 
 05/29  23:00:00,0.0 
 05/29  24:00:00,12654736.8078894 
 05/30  01:00:00,32889822.03529092 
 05/30  02:00:00,43732333.297214575 
 05/30  03:00:00,58722448.44202318 
 05/30  04:00:00,72260828.97409391 
 05/30  05:00:00,83199581.32228059 
 05/30  06:00:00,88859909.63180669 
 05/30  07:00:00,96148502.36626452 
 05/30  08:00:00,90302533.60765955 
 05/30  09:00:00,70141982.5113569 
 05/30  10:00:00,35092455.712419815 
 05/30  11:00:00,6464716.131681902 
 05/30  12:00:00,0.0 
 05/30  13:00:00,0.0 
 05/30  14:00:00,0.0 
 05/30  15:00:00,0.0 
 05/30  16:00:00,0.0 
 05/30  17:00:00,0.0 
 05/30  18:00:00,0.0 
 05/30  19:00:00,0.0 
 05/30  20:00:00,0.0 
 05/30  21:00:00,0.0 
 05/30  22:00:00,0.0 
 05/30  23:00:00,0.0 
 05/30  24:00:00,0.0 
 05/31  01:00:00,0.0 
 05/31  02:00:00,0.0 
 05/31  03:00:00,0.0 
 05/31  04:00:00,2392896.865840699 
 05/31  05:00:00,3362047.2510248423 
 05/31  06:00:00,14127359.920811294 
 05/31  07:00:00,25362328.114221185 
 05/31  08:00:00,24048984.48887423 
 05/31  09:00:00,25892114.42715571 
 05/31  10:00:00,5218891.339898786 
 05/31  11:00:00,0.0 
 05/31  12:00:00,0.0 
 05/31  13:00:00,0.0 
 05/31  14:00:00,0.0 
 05/31  15:00:00,0.0 
 05/31  16:00:00,0.0 
 05/31  17:00:00,0.0 
 05/31  18:00:00,0.0 
 05/31  19:00:00,0.0 
 05/31  20:00:00,0.0 
 05/31  21:00:00,0.0 
 05/31  22:00:00,0.0 
 05/31  23:00:00,0.0 
 05/31  24:00:00,0.0 
 06/01  01:00:00,0.0 
 06/01  02:00:00,0.0 
 06/01  03:00:00,0.0 
 06/01  04:00:00,0.0 
 06/01  05:00:00,0.0 
 06/01  06:00:00,0.0 
 06/01  07:00:00,0.0 
 06/01  08:00:00,0.0 
 06/01  09:00:00,0.0 
 06/01  10:00:00,0.0 
 06/01  11:00:00,0.0 
 06/01  12:00:00,0.0 
 06/01  13:00:00,0.0 
 06/01  14:00:00,0.0 
 06/01  15:00:00,0.0 
 06/01  16:00:00,0.0 
 06/01  17:00:00,0.0 
 06/01  18:00:00,0.0 
 06/01  19:00:00,0.0 
 06/01  20:00:00,0.0 
 06/01  21:00:00,0.0 
 06/01  22:00:00,0.0 
 06/01  23:00:00,0.0 
 06/01  24:00:00,0.0 
 06/02  01:00:00,0.0 
 06/02  02:00:00,0.0 
 06/02  03:00:00,0.0 
 06/02  04:00:00,0.0 
 06/02  05:00:00,0.0 
 06/02  06:00:00,0.0 
 06/02  07:00:00,0.0 
 06/02  08:00:00,0.0 
 06/02  09:00:00,0.0 
 06/02  10:00:00,0.0 
 06/02  11:00:00,0.0 
 06/02  12:00:00,0.0 
 06/02  13:00:00,0.0 
 06/02  14:00:00,0.0 
 06/02  15:00:00,0.0 
 06/02  16:00:00,0.0 
 06/02  17:00:00,0.0 
 06/02  18:00:00,0.0 
 06/02  19:00:00,0.0 
 06/02  20:00:00,0.0 
 06/02  21:00:00,0.0 
 06/02  22:00:00,0.0 
 06/02  23:00:00,0.0 
 06/02  24:00:00,0.0 
 06/03  01:00:00,0.0 
 06/03  02:00:00,0.0 
 06/03  03:00:00,0.0 
 06/03  04:00:00,0.0 
 06/03  05:00:00,0.0 
 06/03  06:00:00,0.0 
 06/03  07:00:00,0.0 
 06/03  08:00:00,0.0 
 06/03  09:00:00,0.0 
 06/03  10:00:00,0.0 
 06/03  11:00:00,0.0 
 06/03  12:00:00,0.0 
 06/03  13:00:00,0.0 
 06/03  14:00:00,0.0 
 06/03  15:00:00,0.0 
 06/03  16:00:00,0.0 
 06/03  17:00:00,0.0 
 06/03  18:00:00,0.0 
 06/03  19:00:00,0.0 
 06/03  20:00:00,0.0 
 06/03  21:00:00,0.0 
 06/03  22:00:00,0.0 
 06/03  23:00:00,0.0 
 06/03  24:00:00,0.0 
 06/04  01:00:00,0.0 
 06/04  02:00:00,0.0 
 06/04  03:00:00,0.0 
 06/04  04:00:00,0.0 
 06/04  05:00:00,0.0 
 06/04  06:00:00,0.0 
 06/04  07:00:00,0.0 
 06/04  08:00:00,0.0 
 06/04  09:00:00,0.0 
 06/04  10:00:00,0.0 
 06/04  11:00:00,0.0 
 06/04  12:00:00,0.0 
 06/04  13:00:00,0.0 
 06/04  14:00:00,0.0 
 06/04  15:00:00,0.0 
 06/04  16:00:00,0.0 
 06/04  17:00:00,0.0 
 06/04  18:00:00,0.0 
 06/04  19:00:00,0.0 
 06/04  20:00:00,0.0 
 06/04  21:00:00,0.0 
 06/04  22:00:00,0.0 
 06/04  23:00:00,0.0 
 06/04  24:00:00,0.0 
 06/05  01:00:00,0.0 
 06/05  02:00:00,0.0 
 06/05  03:00:00,0.0 
 06/05  04:00:00,0.0 
 06/05  05:00:00,0.0 
 06/05  06:00:00,0.0 
 06/05  07:00:00,0.0 
 06/05  08:00:00,0.0 
 06/05  09:00:00,0.0 
 06/05  10:00:00,0.0 
 06/05  11:00:00,0.0 
 06/05  12:00:00,0.0 
 06/05  13:00:00,0.0 
 06/05  14:00:00,0.0 
 06/05  15:00:00,0.0 
 06/05  16:00:00,0.0 
 06/05  17:00:00,0.0 
 06/05  18:00:00,0.0 
 06/05  19:00:00,0.0 
 06/05  20:00:00,0.0 
 06/05  21:00:00,0.0 
 06/05  22:00:00,0.0 
 06/05  23:00:00,0.0 
 06/05  24:00:00,0.0 
 06/06  01:00:00,0.0 
 06/06  02:00:00,0.0 
 06/06  03:00:00,0.0 
 06/06  04:00:00,0.0 
 06/06  05:00:00,0.0 
 06/06  06:00:00,0.0 
 06/06  07:00:00,0.0 
 06/06  08:00:00,0.0 
 06/06  09:00:00,0.0 
 06/06  10:00:00,0.0 
 06/06  11:00:00,0.0 
 06/06  12:00:00,0.0 
 06/06  13:00:00,0.0 
 06/06  14:00:00,0.0 
 06/06  15:00:00,0.0 
 06/06  16:00:00,0.0 
 06/06  17:00:00,0.0 
 06/06  18:00:00,0.0 
 06/06  19:00:00,0.0 
 06/06  20:00:00,0.0 
 06/06  21:00:00,0.0 
 06/06  22:00:00,0.0 
 06/06  23:00:00,0.0 
 06/06  24:00:00,0.0 
 06/07  01:00:00,0.0 
 06/07  02:00:00,0.0 
 06/07  03:00:00,0.0 
 06/07  04:00:00,0.0 
 06/07  05:00:00,0.0 
 06/07  06:00:00,0.0 
 06/07  07:00:00,1327908.746051509 
 06/07  08:00:00,2596501.707890269 
 06/07  09:00:00,15368223.318767104 
 06/07  10:00:00,4068218.711972621 
 06/07  11:00:00,0.0 
 06/07  12:00:00,0.0 
 06/07  13:00:00,0.0 
 06/07  14:00:00,0.0 
 06/07  15:00:00,0.0 
 06/07  16:00:00,0.0 
 06/07  17:00:00,0.0 
 06/07  18:00:00,0.0 
 06/07  19:00:00,0.0 
 06/07  20:00:00,0.0 
 06/07  21:00:00,0.0 
 06/07  22:00:00,0.0 
 06/07  23:00:00,0.0 
 06/07  24:00:00,0.0 
 06/08  01:00:00,0.0 
 06/08  02:00:00,0.0 
 06/08  03:00:00,0.0 
 06/08  04:00:00,0.0 
 06/08  05:00:00,0.0 
 06/08  06:00:00,0.0 
 06/08  07:00:00,4910032.169504953 
 06/08  08:00:00,8403171.329302223 
 06/08  09:00:00,17370674.526518304 
 06/08  10:00:00,4439539.741238743 
 06/08  11:00:00,0.0 
 06/08  12:00:00,0.0 
 06/08  13:00:00,0.0 
 06/08  14:00:00,0.0 
 06/08  15:00:00,0.0 
 06/08  16:00:00,0.0 
 06/08  17:00:00,0.0 
 06/08  18:00:00,0.0 
 06/08  19:00:00,0.0 
 06/08  20:00:00,0.0 
 06/08  21:00:00,0.0 
 06/08  22:00:00,0.0 
 06/08  23:00:00,0.0 
 06/08  24:00:00,3153062.6320066396 
 06/09  01:00:00,14669156.59180769 
 06/09  02:00:00,19533800.19511264 
 06/09  03:00:00,25727302.672149327 
 06/09  04:00:00,34496777.84625145 
 06/09  05:00:00,39823876.12617589 
 06/09  06:00:00,42986685.27662285 
 06/09  07:00:00,48659483.13268393 
 06/09  08:00:00,52700875.83152669 
 06/09  09:00:00,68540878.86993308 
 06/09  10:00:00,68241412.00273266 
 06/09  11:00:00,67807658.86992905 
 06/09  12:00:00,62416568.05243984 
 06/09  13:00:00,59208602.45569252 
 06/09  14:00:00,53828693.55453213 
 06/09  15:00:00,58268569.60786402 
 06/09  16:00:00,49136222.352696575 
 06/09  17:00:00,45372430.158200435 
 06/09  18:00:00,45666540.35756506 
 06/09  19:00:00,46121749.246678114 
 06/09  20:00:00,41489946.64266582 
 06/09  21:00:00,39734095.710393 
 06/09  22:00:00,49945397.33995937 
 06/09  23:00:00,64883099.61532732 
 06/09  24:00:00,74055019.54947467 
 06/10  01:00:00,79601681.54621212 
 06/10  02:00:00,86178922.61837533 
 06/10  03:00:00,92809156.94635822 
 06/10  04:00:00,100017698.03178719 
 06/10  05:00:00,102244489.51205438 
 06/10  06:00:00,99626598.09353825 
 06/10  07:00:00,97174001.34177317 
 06/10  08:00:00,95942885.9991237 
 06/10  09:00:00,106832877.56520712 
 06/10  10:00:00,95942752.41554606 
 06/10  11:00:00,84477610.09661222 
 06/10  12:00:00,68366462.38040346 
 06/10  13:00:00,56145217.00390994 
 06/10  14:00:00,47415976.81209824 
 06/10  15:00:00,47598579.36431605 
 06/10  16:00:00,34444789.60016722 
 06/10  17:00:00,23270999.093317803 
 06/10  18:00:00,18942971.63348389 
 06/10  19:00:00,28316973.118837826 
 06/10  20:00:00,34462578.14627175 
 06/10  21:00:00,35578155.25574576 
 06/10  22:00:00,40518513.20845652 
 06/10  23:00:00,51059386.44476705 
 06/10  24:00:00,61345869.50267978 
 06/11  01:00:00,67688096.7397446 
 06/11  02:00:00,73137547.92619328 
 06/11  03:00:00,80594315.3583777 
 06/11  04:00:00,88608878.05801038 
 06/11  05:00:00,90554995.47461668 
 06/11  06:00:00,90673439.41669267 
 06/11  07:00:00,90587724.39307584 
 06/11  08:00:00,89510989.72776741 
 06/11  09:00:00,103526695.34384857 
 06/11  10:00:00,93181403.02072173 
 06/11  11:00:00,75743429.89314856 
 06/11  12:00:00,59385710.36149229 
 06/11  13:00:00,47256757.09605284 
 06/11  14:00:00,34948648.41247721 
 06/11  15:00:00,31946828.212752253 
 06/11  16:00:00,18838875.85465077 
 06/11  17:00:00,14505319.41737855 
 06/11  18:00:00,13332780.11721948 
 06/11  19:00:00,14238467.166678261 
 06/11  20:00:00,14241228.82501624 
 06/11  21:00:00,18265132.163551703 
 06/11  22:00:00,24877375.741498195 
 06/11  23:00:00,33407174.725150622 
 06/11  24:00:00,40733154.71127551 
 06/12  01:00:00,42374407.503625154 
 06/12  02:00:00,42974275.83900691 
 06/12  03:00:00,48970329.321208164 
 06/12  04:00:00,57872689.63304231 
 06/12  05:00:00,75555986.52598333 
 06/12  06:00:00,76387106.07141963 
 06/12  07:00:00,78281141.63542968 
 06/12  08:00:00,80416733.54087067 
 06/12  09:00:00,81536712.15097828 
 06/12  10:00:00,78267451.84260482 
 06/12  11:00:00,74759807.01431993 
 06/12  12:00:00,68091305.44647788 
 06/12  13:00:00,57319399.306759186 
 06/12  14:00:00,49504891.26993382 
 06/12  15:00:00,46483510.40405093 
 06/12  16:00:00,41636396.58738255 
 06/12  17:00:00,34788968.54725202 
 06/12  18:00:00,34371370.241986156 
 06/12  19:00:00,33371500.31553201 
 06/12  20:00:00,33513869.83624207 
 06/12  21:00:00,40013312.66794618 
 06/12  22:00:00,46857996.567879684 
 06/12  23:00:00,56427201.83394498 
 06/12  24:00:00,64582624.97825353 
 06/13  01:00:00,68462542.34032254 
 06/13  02:00:00,71462302.97804411 
 06/13  03:00:00,75082129.44455485 
 06/13  04:00:00,81739474.31378059 
 06/13  05:00:00,84743091.57344003 
 06/13  06:00:00,85566934.61103833 
 06/13  07:00:00,86871436.91910358 
 06/13  08:00:00,85748833.9351064 
 06/13  09:00:00,80326466.65686235 
 06/13  10:00:00,65460758.8997058 
 06/13  11:00:00,49287070.28085968 
 06/13  12:00:00,33582780.62220019 
 06/13  13:00:00,22664530.937548675 
 06/13  14:00:00,16226051.85184926 
 06/13  15:00:00,6461223.126454571 
 06/13  16:00:00,50460.52726880881 
 06/13  17:00:00,0.0 
 06/13  18:00:00,0.0 
 06/13  19:00:00,0.0 
 06/13  20:00:00,0.0 
 06/13  21:00:00,0.0 
 06/13  22:00:00,2245253.4910228453 
 06/13  23:00:00,15868457.442449454 
 06/13  24:00:00,31692413.451073214 
 06/14  01:00:00,42029043.23309342 
 06/14  02:00:00,49089209.87431321 
 06/14  03:00:00,58626250.441054255 
 06/14  04:00:00,67448418.51560518 
 06/14  05:00:00,63853886.467554 
 06/14  06:00:00,69924663.38519983 
 06/14  07:00:00,74231071.10699467 
 06/14  08:00:00,70031437.57296747 
 06/14  09:00:00,75387660.11632198 
 06/14  10:00:00,58543145.71186212 
 06/14  11:00:00,38908229.461708166 
 06/14  12:00:00,17443854.368669823 
 06/14  13:00:00,4638265.164420207 
 06/14  14:00:00,0.0 
 06/14  15:00:00,0.0 
 06/14  16:00:00,0.0 
 06/14  17:00:00,0.0 
 06/14  18:00:00,0.0 
 06/14  19:00:00,0.0 
 06/14  20:00:00,0.0 
 06/14  21:00:00,0.0 
 06/14  22:00:00,0.0 
 06/14  23:00:00,4620543.635449734 
 06/14  24:00:00,25677358.381794896 
 06/15  01:00:00,41472778.173045695 
 06/15  02:00:00,52035738.90919408 
 06/15  03:00:00,65755688.10194498 
 06/15  04:00:00,80783964.42272177 
 06/15  05:00:00,92795240.6063543 
 06/15  06:00:00,104178310.9105508 
 06/15  07:00:00,114218710.11519481 
 06/15  08:00:00,108873167.38465567 
 06/15  09:00:00,109989256.87725915 
 06/15  10:00:00,92732384.39051835 
 06/15  11:00:00,75382404.40399753 
 06/15  12:00:00,55133805.15843456 
 06/15  13:00:00,40923461.80156467 
 06/15  14:00:00,32893932.191604882 
 06/15  15:00:00,34708573.38685513 
 06/15  16:00:00,28281018.82069308 
 06/15  17:00:00,27860908.49284222 
 06/15  18:00:00,22425769.38229051 
 06/15  19:00:00,21153699.722304836 
 06/15  20:00:00,29331242.855476726 
 06/15  21:00:00,39813299.7661866 
 06/15  22:00:00,52927052.833150685 
 06/15  23:00:00,69307281.3377581 
 06/15  24:00:00,82374897.63428883 
 06/16  01:00:00,91272288.38774209 
 06/16  02:00:00,101092664.02071247 
 06/16  03:00:00,114490900.46986403 
 06/16  04:00:00,129022435.291732 
 06/16  05:00:00,135481962.75115576 
 06/16  06:00:00,137178891.58752945 
 06/16  07:00:00,139370183.05777872 
 06/16  08:00:00,128172659.82276626 
 06/16  09:00:00,123939366.11027385 
 06/16  10:00:00,102129622.6947358 
 06/16  11:00:00,81226770.89929974 
 06/16  12:00:00,63015901.75813413 
 06/16  13:00:00,52932789.233247235 
 06/16  14:00:00,49352144.986062065 
 06/16  15:00:00,53296289.60414495 
 06/16  16:00:00,44266500.45611901 
 06/16  17:00:00,41137662.89804599 
 06/16  18:00:00,39751930.384143785 
 06/16  19:00:00,39352139.66668298 
 06/16  20:00:00,38414614.32705517 
 06/16  21:00:00,38988403.92607298 
 06/16  22:00:00,45719995.07847035 
 06/16  23:00:00,65072290.21091463 
 06/16  24:00:00,80412380.52061442 
 06/17  01:00:00,90002718.99263711 
 06/17  02:00:00,98680880.95695478 
 06/17  03:00:00,106843831.93976519 
 06/17  04:00:00,118131537.73937151 
 06/17  05:00:00,117843672.54545768 
 06/17  06:00:00,117314829.90784779 
 06/17  07:00:00,122485465.47176231 
 06/17  08:00:00,113705110.27341974 
 06/17  09:00:00,109794931.03484143 
 06/17  10:00:00,82128537.85122605 
 06/17  11:00:00,58573360.749300614 
 06/17  12:00:00,35871804.052185714 
 06/17  13:00:00,15202902.124054568 
 06/17  14:00:00,1880798.531473009 
 06/17  15:00:00,664858.9036443271 
 06/17  16:00:00,0.0 
 06/17  17:00:00,0.0 
 06/17  18:00:00,0.0 
 06/17  19:00:00,0.0 
 06/17  20:00:00,0.0 
 06/17  21:00:00,0.0 
 06/17  22:00:00,0.0 
 06/17  23:00:00,0.0 
 06/17  24:00:00,2754607.6558869565 
 06/18  01:00:00,13966749.409544175 
 06/18  02:00:00,21261694.661108233 
 06/18  03:00:00,32247670.256231133 
 06/18  04:00:00,44371588.49542974 
 06/18  05:00:00,54635769.2016556 
 06/18  06:00:00,62116872.214251466 
 06/18  07:00:00,68075857.17010364 
 06/18  08:00:00,65771634.32913534 
 06/18  09:00:00,69315850.45840813 
 06/18  10:00:00,46209092.70659988 
 06/18  11:00:00,24466113.50319934 
 06/18  12:00:00,3596267.470049614 
 06/18  13:00:00,0.0 
 06/18  14:00:00,0.0 
 06/18  15:00:00,0.0 
 06/18  16:00:00,0.0 
 06/18  17:00:00,0.0 
 06/18  18:00:00,0.0 
 06/18  19:00:00,0.0 
 06/18  20:00:00,0.0 
 06/18  21:00:00,0.0 
 06/18  22:00:00,0.0 
 06/18  23:00:00,0.0 
 06/18  24:00:00,625059.5880433568 
 06/19  01:00:00,9929286.525828533 
 06/19  02:00:00,22434059.348673098 
 06/19  03:00:00,35749170.19719727 
 06/19  04:00:00,45484319.888355255 
 06/19  05:00:00,64706375.65181705 
 06/19  06:00:00,71032466.69746816 
 06/19  07:00:00,76821595.4967325 
 06/19  08:00:00,77240805.49189985 
 06/19  09:00:00,71727579.44374087 
 06/19  10:00:00,52976391.832972094 
 06/19  11:00:00,33834595.179747 
 06/19  12:00:00,14500705.10862762 
 06/19  13:00:00,193963.3994542994 
 06/19  14:00:00,0.0 
 06/19  15:00:00,0.0 
 06/19  16:00:00,0.0 
 06/19  17:00:00,0.0 
 06/19  18:00:00,0.0 
 06/19  19:00:00,0.0 
 06/19  20:00:00,0.0 
 06/19  21:00:00,0.0 
 06/19  22:00:00,0.0 
 06/19  23:00:00,4509292.108712392 
 06/19  24:00:00,22114528.27014201 
 06/20  01:00:00,35937930.668079205 
 06/20  02:00:00,48601686.669336714 
 06/20  03:00:00,64033471.41149417 
 06/20  04:00:00,76716866.69783594 
 06/20  05:00:00,83380534.06725733 
 06/20  06:00:00,88407907.95257083 
 06/20  07:00:00,94416789.19210978 
 06/20  08:00:00,89250875.05999288 
 06/20  09:00:00,78217105.90401429 
 06/20  10:00:00,61413013.07865681 
 06/20  11:00:00,45862747.34522636 
 06/20  12:00:00,33395210.63362474 
 06/20  13:00:00,21842332.416420877 
 06/20  14:00:00,13416711.286726851 
 06/20  15:00:00,6250792.971608508 
 06/20  16:00:00,845390.0781572679 
 06/20  17:00:00,0.0 
 06/20  18:00:00,0.0 
 06/20  19:00:00,0.0 
 06/20  20:00:00,0.0 
 06/20  21:00:00,2207990.2274996624 
 06/20  22:00:00,15240550.512600157 
 06/20  23:00:00,36177921.42249827 
 06/20  24:00:00,58917331.14084382 
 06/21  01:00:00,75393552.5269371 
 06/21  02:00:00,89237686.84994903 
 06/21  03:00:00,111375101.07033257 
 06/21  04:00:00,133303050.71192688 
 06/21  05:00:00,136261898.66865203 
 06/21  06:00:00,140668637.1523763 
 06/21  07:00:00,142172449.2159829 
 06/21  08:00:00,137276723.16955712 
 06/21  09:00:00,139675721.34100246 
 06/21  10:00:00,111306974.39510524 
 06/21  11:00:00,84261561.35462557 
 06/21  12:00:00,52501688.00005251 
 06/21  13:00:00,26053749.29369538 
 06/21  14:00:00,10555875.930360135 
 06/21  15:00:00,4883045.809341409 
 06/21  16:00:00,0.0 
 06/21  17:00:00,0.0 
 06/21  18:00:00,0.0 
 06/21  19:00:00,0.0 
 06/21  20:00:00,0.0 
 06/21  21:00:00,0.0 
 06/21  22:00:00,0.0 
 06/21  23:00:00,0.0 
 06/21  24:00:00,0.0 
 06/22  01:00:00,9682334.875010164 
 06/22  02:00:00,21948439.73187036 
 06/22  03:00:00,33308850.620706927 
 06/22  04:00:00,50546153.39981705 
 06/22  05:00:00,63505640.24538896 
 06/22  06:00:00,71259640.29178861 
 06/22  07:00:00,78712062.87943114 
 06/22  08:00:00,73226946.13440716 
 06/22  09:00:00,71748899.09842278 
 06/22  10:00:00,40213118.28889854 
 06/22  11:00:00,11718316.67608316 
 06/22  12:00:00,0.0 
 06/22  13:00:00,0.0 
 06/22  14:00:00,0.0 
 06/22  15:00:00,0.0 
 06/22  16:00:00,0.0 
 06/22  17:00:00,0.0 
 06/22  18:00:00,0.0 
 06/22  19:00:00,0.0 
 06/22  20:00:00,0.0 
 06/22  21:00:00,0.0 
 06/22  22:00:00,0.0 
 06/22  23:00:00,0.0 
 06/22  24:00:00,0.0 
 06/23  01:00:00,0.0 
 06/23  02:00:00,0.0 
 06/23  03:00:00,0.0 
 06/23  04:00:00,0.0 
 06/23  05:00:00,0.0 
 06/23  06:00:00,6768412.313035573 
 06/23  07:00:00,22723053.406122424 
 06/23  08:00:00,25396396.55681416 
 06/23  09:00:00,29898235.646095846 
 06/23  10:00:00,7026032.533117267 
 06/23  11:00:00,0.0 
 06/23  12:00:00,0.0 
 06/23  13:00:00,0.0 
 06/23  14:00:00,0.0 
 06/23  15:00:00,0.0 
 06/23  16:00:00,0.0 
 06/23  17:00:00,0.0 
 06/23  18:00:00,0.0 
 06/23  19:00:00,0.0 
 06/23  20:00:00,0.0 
 06/23  21:00:00,0.0 
 06/23  22:00:00,0.0 
 06/23  23:00:00,0.0 
 06/23  24:00:00,0.0 
 06/24  01:00:00,0.0 
 06/24  02:00:00,0.0 
 06/24  03:00:00,0.0 
 06/24  04:00:00,0.0 
 06/24  05:00:00,0.0 
 06/24  06:00:00,0.0 
 06/24  07:00:00,0.0 
 06/24  08:00:00,0.0 
 06/24  09:00:00,0.0 
 06/24  10:00:00,0.0 
 06/24  11:00:00,0.0 
 06/24  12:00:00,0.0 
 06/24  13:00:00,0.0 
 06/24  14:00:00,0.0 
 06/24  15:00:00,0.0 
 06/24  16:00:00,0.0 
 06/24  17:00:00,0.0 
 06/24  18:00:00,0.0 
 06/24  19:00:00,0.0 
 06/24  20:00:00,0.0 
 06/24  21:00:00,0.0 
 06/24  22:00:00,0.0 
 06/24  23:00:00,0.0 
 06/24  24:00:00,0.0 
 06/25  01:00:00,0.0 
 06/25  02:00:00,0.0 
 06/25  03:00:00,0.0 
 06/25  04:00:00,0.0 
 06/25  05:00:00,0.0 
 06/25  06:00:00,0.0 
 06/25  07:00:00,0.0 
 06/25  08:00:00,0.0 
 06/25  09:00:00,0.0 
 06/25  10:00:00,0.0 
 06/25  11:00:00,0.0 
 06/25  12:00:00,0.0 
 06/25  13:00:00,0.0 
 06/25  14:00:00,0.0 
 06/25  15:00:00,0.0 
 06/25  16:00:00,0.0 
 06/25  17:00:00,0.0 
 06/25  18:00:00,0.0 
 06/25  19:00:00,0.0 
 06/25  20:00:00,0.0 
 06/25  21:00:00,0.0 
 06/25  22:00:00,0.0 
 06/25  23:00:00,0.0 
 06/25  24:00:00,0.0 
 06/26  01:00:00,0.0 
 06/26  02:00:00,0.0 
 06/26  03:00:00,0.0 
 06/26  04:00:00,0.0 
 06/26  05:00:00,0.0 
 06/26  06:00:00,0.0 
 06/26  07:00:00,0.0 
 06/26  08:00:00,0.0 
 06/26  09:00:00,0.0 
 06/26  10:00:00,0.0 
 06/26  11:00:00,0.0 
 06/26  12:00:00,0.0 
 06/26  13:00:00,0.0 
 06/26  14:00:00,0.0 
 06/26  15:00:00,0.0 
 06/26  16:00:00,0.0 
 06/26  17:00:00,0.0 
 06/26  18:00:00,0.0 
 06/26  19:00:00,0.0 
 06/26  20:00:00,0.0 
 06/26  21:00:00,0.0 
 06/26  22:00:00,0.0 
 06/26  23:00:00,0.0 
 06/26  24:00:00,0.0 
 06/27  01:00:00,0.0 
 06/27  02:00:00,0.0 
 06/27  03:00:00,0.0 
 06/27  04:00:00,0.0 
 06/27  05:00:00,0.0 
 06/27  06:00:00,647333.1660462893 
 06/27  07:00:00,8065207.547156701 
 06/27  08:00:00,9950723.896108778 
 06/27  09:00:00,5868871.46576416 
 06/27  10:00:00,333632.525588572 
 06/27  11:00:00,0.0 
 06/27  12:00:00,0.0 
 06/27  13:00:00,0.0 
 06/27  14:00:00,0.0 
 06/27  15:00:00,0.0 
 06/27  16:00:00,0.0 
 06/27  17:00:00,0.0 
 06/27  18:00:00,0.0 
 06/27  19:00:00,0.0 
 06/27  20:00:00,0.0 
 06/27  21:00:00,0.0 
 06/27  22:00:00,0.0 
 06/27  23:00:00,0.0 
 06/27  24:00:00,0.0 
 06/28  01:00:00,0.0 
 06/28  02:00:00,0.0 
 06/28  03:00:00,0.0 
 06/28  04:00:00,0.0 
 06/28  05:00:00,0.0 
 06/28  06:00:00,0.0 
 06/28  07:00:00,0.0 
 06/28  08:00:00,0.0 
 06/28  09:00:00,441223.55361882364 
 06/28  10:00:00,0.0 
 06/28  11:00:00,0.0 
 06/28  12:00:00,0.0 
 06/28  13:00:00,0.0 
 06/28  14:00:00,0.0 
 06/28  15:00:00,0.0 
 06/28  16:00:00,0.0 
 06/28  17:00:00,0.0 
 06/28  18:00:00,0.0 
 06/28  19:00:00,0.0 
 06/28  20:00:00,0.0 
 06/28  21:00:00,0.0 
 06/28  22:00:00,0.0 
 06/28  23:00:00,0.0 
 06/28  24:00:00,0.0 
 06/29  01:00:00,0.0 
 06/29  02:00:00,0.0 
 06/29  03:00:00,0.0 
 06/29  04:00:00,0.0 
 06/29  05:00:00,0.0 
 06/29  06:00:00,0.0 
 06/29  07:00:00,0.0 
 06/29  08:00:00,0.0 
 06/29  09:00:00,0.0 
 06/29  10:00:00,0.0 
 06/29  11:00:00,0.0 
 06/29  12:00:00,0.0 
 06/29  13:00:00,0.0 
 06/29  14:00:00,0.0 
 06/29  15:00:00,0.0 
 06/29  16:00:00,0.0 
 06/29  17:00:00,0.0 
 06/29  18:00:00,0.0 
 06/29  19:00:00,0.0 
 06/29  20:00:00,0.0 
 06/29  21:00:00,0.0 
 06/29  22:00:00,0.0 
 06/29  23:00:00,0.0 
 06/29  24:00:00,0.0 
 06/30  01:00:00,0.0 
 06/30  02:00:00,0.0 
 06/30  03:00:00,0.0 
 06/30  04:00:00,0.0 
 06/30  05:00:00,0.0 
 06/30  06:00:00,0.0 
 06/30  07:00:00,0.0 
 06/30  08:00:00,0.0 
 06/30  09:00:00,0.0 
 06/30  10:00:00,0.0 
 06/30  11:00:00,0.0 
 06/30  12:00:00,0.0 
 06/30  13:00:00,0.0 
 06/30  14:00:00,0.0 
 06/30  15:00:00,0.0 
 06/30  16:00:00,0.0 
 06/30  17:00:00,0.0 
 06/30  18:00:00,0.0 
 06/30  19:00:00,0.0 
 06/30  20:00:00,0.0 
 06/30  21:00:00,0.0 
 06/30  22:00:00,0.0 
 06/30  23:00:00,0.0 
 06/30  24:00:00,0.0 
 07/01  01:00:00,0.0 
 07/01  02:00:00,0.0 
 07/01  03:00:00,0.0 
 07/01  04:00:00,0.0 
 07/01  05:00:00,0.0 
 07/01  06:00:00,0.0 
 07/01  07:00:00,0.0 
 07/01  08:00:00,0.0 
 07/01  09:00:00,0.0 
 07/01  10:00:00,0.0 
 07/01  11:00:00,0.0 
 07/01  12:00:00,0.0 
 07/01  13:00:00,0.0 
 07/01  14:00:00,0.0 
 07/01  15:00:00,0.0 
 07/01  16:00:00,0.0 
 07/01  17:00:00,0.0 
 07/01  18:00:00,0.0 
 07/01  19:00:00,0.0 
 07/01  20:00:00,0.0 
 07/01  21:00:00,0.0 
 07/01  22:00:00,0.0 
 07/01  23:00:00,0.0 
 07/01  24:00:00,0.0 
 07/02  01:00:00,0.0 
 07/02  02:00:00,0.0 
 07/02  03:00:00,0.0 
 07/02  04:00:00,0.0 
 07/02  05:00:00,0.0 
 07/02  06:00:00,0.0 
 07/02  07:00:00,0.0 
 07/02  08:00:00,0.0 
 07/02  09:00:00,0.0 
 07/02  10:00:00,0.0 
 07/02  11:00:00,0.0 
 07/02  12:00:00,0.0 
 07/02  13:00:00,0.0 
 07/02  14:00:00,0.0 
 07/02  15:00:00,0.0 
 07/02  16:00:00,0.0 
 07/02  17:00:00,0.0 
 07/02  18:00:00,0.0 
 07/02  19:00:00,0.0 
 07/02  20:00:00,0.0 
 07/02  21:00:00,0.0 
 07/02  22:00:00,0.0 
 07/02  23:00:00,0.0 
 07/02  24:00:00,0.0 
 07/03  01:00:00,0.0 
 07/03  02:00:00,0.0 
 07/03  03:00:00,0.0 
 07/03  04:00:00,0.0 
 07/03  05:00:00,0.0 
 07/03  06:00:00,0.0 
 07/03  07:00:00,0.0 
 07/03  08:00:00,0.0 
 07/03  09:00:00,0.0 
 07/03  10:00:00,0.0 
 07/03  11:00:00,0.0 
 07/03  12:00:00,0.0 
 07/03  13:00:00,0.0 
 07/03  14:00:00,0.0 
 07/03  15:00:00,0.0 
 07/03  16:00:00,0.0 
 07/03  17:00:00,0.0 
 07/03  18:00:00,0.0 
 07/03  19:00:00,0.0 
 07/03  20:00:00,0.0 
 07/03  21:00:00,0.0 
 07/03  22:00:00,0.0 
 07/03  23:00:00,0.0 
 07/03  24:00:00,0.0 
 07/04  01:00:00,0.0 
 07/04  02:00:00,0.0 
 07/04  03:00:00,0.0 
 07/04  04:00:00,0.0 
 07/04  05:00:00,0.0 
 07/04  06:00:00,0.0 
 07/04  07:00:00,0.0 
 07/04  08:00:00,0.0 
 07/04  09:00:00,0.0 
 07/04  10:00:00,0.0 
 07/04  11:00:00,0.0 
 07/04  12:00:00,0.0 
 07/04  13:00:00,0.0 
 07/04  14:00:00,0.0 
 07/04  15:00:00,0.0 
 07/04  16:00:00,0.0 
 07/04  17:00:00,0.0 
 07/04  18:00:00,0.0 
 07/04  19:00:00,0.0 
 07/04  20:00:00,0.0 
 07/04  21:00:00,0.0 
 07/04  22:00:00,0.0 
 07/04  23:00:00,0.0 
 07/04  24:00:00,0.0 
 07/05  01:00:00,0.0 
 07/05  02:00:00,0.0 
 07/05  03:00:00,0.0 
 07/05  04:00:00,0.0 
 07/05  05:00:00,0.0 
 07/05  06:00:00,0.0 
 07/05  07:00:00,0.0 
 07/05  08:00:00,0.0 
 07/05  09:00:00,0.0 
 07/05  10:00:00,0.0 
 07/05  11:00:00,0.0 
 07/05  12:00:00,0.0 
 07/05  13:00:00,0.0 
 07/05  14:00:00,0.0 
 07/05  15:00:00,0.0 
 07/05  16:00:00,0.0 
 07/05  17:00:00,0.0 
 07/05  18:00:00,0.0 
 07/05  19:00:00,0.0 
 07/05  20:00:00,0.0 
 07/05  21:00:00,0.0 
 07/05  22:00:00,0.0 
 07/05  23:00:00,0.0 
 07/05  24:00:00,0.0 
 07/06  01:00:00,0.0 
 07/06  02:00:00,0.0 
 07/06  03:00:00,0.0 
 07/06  04:00:00,0.0 
 07/06  05:00:00,0.0 
 07/06  06:00:00,0.0 
 07/06  07:00:00,0.0 
 07/06  08:00:00,0.0 
 07/06  09:00:00,0.0 
 07/06  10:00:00,0.0 
 07/06  11:00:00,0.0 
 07/06  12:00:00,0.0 
 07/06  13:00:00,0.0 
 07/06  14:00:00,0.0 
 07/06  15:00:00,0.0 
 07/06  16:00:00,0.0 
 07/06  17:00:00,0.0 
 07/06  18:00:00,0.0 
 07/06  19:00:00,0.0 
 07/06  20:00:00,0.0 
 07/06  21:00:00,0.0 
 07/06  22:00:00,0.0 
 07/06  23:00:00,0.0 
 07/06  24:00:00,0.0 
 07/07  01:00:00,0.0 
 07/07  02:00:00,0.0 
 07/07  03:00:00,0.0 
 07/07  04:00:00,0.0 
 07/07  05:00:00,0.0 
 07/07  06:00:00,0.0 
 07/07  07:00:00,0.0 
 07/07  08:00:00,0.0 
 07/07  09:00:00,0.0 
 07/07  10:00:00,0.0 
 07/07  11:00:00,0.0 
 07/07  12:00:00,0.0 
 07/07  13:00:00,0.0 
 07/07  14:00:00,0.0 
 07/07  15:00:00,0.0 
 07/07  16:00:00,0.0 
 07/07  17:00:00,0.0 
 07/07  18:00:00,0.0 
 07/07  19:00:00,0.0 
 07/07  20:00:00,0.0 
 07/07  21:00:00,0.0 
 07/07  22:00:00,0.0 
 07/07  23:00:00,0.0 
 07/07  24:00:00,0.0 
 07/08  01:00:00,0.0 
 07/08  02:00:00,0.0 
 07/08  03:00:00,0.0 
 07/08  04:00:00,0.0 
 07/08  05:00:00,0.0 
 07/08  06:00:00,0.0 
 07/08  07:00:00,0.0 
 07/08  08:00:00,0.0 
 07/08  09:00:00,0.0 
 07/08  10:00:00,0.0 
 07/08  11:00:00,0.0 
 07/08  12:00:00,0.0 
 07/08  13:00:00,0.0 
 07/08  14:00:00,0.0 
 07/08  15:00:00,0.0 
 07/08  16:00:00,0.0 
 07/08  17:00:00,0.0 
 07/08  18:00:00,0.0 
 07/08  19:00:00,0.0 
 07/08  20:00:00,0.0 
 07/08  21:00:00,0.0 
 07/08  22:00:00,0.0 
 07/08  23:00:00,0.0 
 07/08  24:00:00,0.0 
 07/09  01:00:00,0.0 
 07/09  02:00:00,0.0 
 07/09  03:00:00,0.0 
 07/09  04:00:00,0.0 
 07/09  05:00:00,0.0 
 07/09  06:00:00,0.0 
 07/09  07:00:00,0.0 
 07/09  08:00:00,0.0 
 07/09  09:00:00,0.0 
 07/09  10:00:00,0.0 
 07/09  11:00:00,0.0 
 07/09  12:00:00,0.0 
 07/09  13:00:00,0.0 
 07/09  14:00:00,0.0 
 07/09  15:00:00,0.0 
 07/09  16:00:00,0.0 
 07/09  17:00:00,0.0 
 07/09  18:00:00,0.0 
 07/09  19:00:00,0.0 
 07/09  20:00:00,0.0 
 07/09  21:00:00,0.0 
 07/09  22:00:00,0.0 
 07/09  23:00:00,0.0 
 07/09  24:00:00,0.0 
 07/10  01:00:00,0.0 
 07/10  02:00:00,0.0 
 07/10  03:00:00,0.0 
 07/10  04:00:00,0.0 
 07/10  05:00:00,0.0 
 07/10  06:00:00,0.0 
 07/10  07:00:00,0.0 
 07/10  08:00:00,0.0 
 07/10  09:00:00,0.0 
 07/10  10:00:00,0.0 
 07/10  11:00:00,0.0 
 07/10  12:00:00,0.0 
 07/10  13:00:00,0.0 
 07/10  14:00:00,0.0 
 07/10  15:00:00,0.0 
 07/10  16:00:00,0.0 
 07/10  17:00:00,0.0 
 07/10  18:00:00,0.0 
 07/10  19:00:00,0.0 
 07/10  20:00:00,0.0 
 07/10  21:00:00,0.0 
 07/10  22:00:00,0.0 
 07/10  23:00:00,0.0 
 07/10  24:00:00,0.0 
 07/11  01:00:00,0.0 
 07/11  02:00:00,0.0 
 07/11  03:00:00,0.0 
 07/11  04:00:00,0.0 
 07/11  05:00:00,0.0 
 07/11  06:00:00,0.0 
 07/11  07:00:00,0.0 
 07/11  08:00:00,0.0 
 07/11  09:00:00,0.0 
 07/11  10:00:00,0.0 
 07/11  11:00:00,0.0 
 07/11  12:00:00,0.0 
 07/11  13:00:00,0.0 
 07/11  14:00:00,0.0 
 07/11  15:00:00,0.0 
 07/11  16:00:00,0.0 
 07/11  17:00:00,0.0 
 07/11  18:00:00,0.0 
 07/11  19:00:00,0.0 
 07/11  20:00:00,0.0 
 07/11  21:00:00,0.0 
 07/11  22:00:00,0.0 
 07/11  23:00:00,0.0 
 07/11  24:00:00,0.0 
 07/12  01:00:00,0.0 
 07/12  02:00:00,0.0 
 07/12  03:00:00,0.0 
 07/12  04:00:00,0.0 
 07/12  05:00:00,0.0 
 07/12  06:00:00,0.0 
 07/12  07:00:00,0.0 
 07/12  08:00:00,0.0 
 07/12  09:00:00,0.0 
 07/12  10:00:00,0.0 
 07/12  11:00:00,0.0 
 07/12  12:00:00,0.0 
 07/12  13:00:00,0.0 
 07/12  14:00:00,0.0 
 07/12  15:00:00,0.0 
 07/12  16:00:00,0.0 
 07/12  17:00:00,0.0 
 07/12  18:00:00,0.0 
 07/12  19:00:00,0.0 
 07/12  20:00:00,0.0 
 07/12  21:00:00,0.0 
 07/12  22:00:00,0.0 
 07/12  23:00:00,0.0 
 07/12  24:00:00,0.0 
 07/13  01:00:00,0.0 
 07/13  02:00:00,0.0 
 07/13  03:00:00,0.0 
 07/13  04:00:00,0.0 
 07/13  05:00:00,0.0 
 07/13  06:00:00,0.0 
 07/13  07:00:00,0.0 
 07/13  08:00:00,0.0 
 07/13  09:00:00,0.0 
 07/13  10:00:00,0.0 
 07/13  11:00:00,0.0 
 07/13  12:00:00,0.0 
 07/13  13:00:00,0.0 
 07/13  14:00:00,0.0 
 07/13  15:00:00,0.0 
 07/13  16:00:00,0.0 
 07/13  17:00:00,0.0 
 07/13  18:00:00,0.0 
 07/13  19:00:00,0.0 
 07/13  20:00:00,0.0 
 07/13  21:00:00,0.0 
 07/13  22:00:00,0.0 
 07/13  23:00:00,0.0 
 07/13  24:00:00,0.0 
 07/14  01:00:00,0.0 
 07/14  02:00:00,0.0 
 07/14  03:00:00,0.0 
 07/14  04:00:00,0.0 
 07/14  05:00:00,0.0 
 07/14  06:00:00,0.0 
 07/14  07:00:00,0.0 
 07/14  08:00:00,0.0 
 07/14  09:00:00,0.0 
 07/14  10:00:00,0.0 
 07/14  11:00:00,0.0 
 07/14  12:00:00,0.0 
 07/14  13:00:00,0.0 
 07/14  14:00:00,0.0 
 07/14  15:00:00,0.0 
 07/14  16:00:00,0.0 
 07/14  17:00:00,0.0 
 07/14  18:00:00,0.0 
 07/14  19:00:00,0.0 
 07/14  20:00:00,0.0 
 07/14  21:00:00,0.0 
 07/14  22:00:00,0.0 
 07/14  23:00:00,0.0 
 07/14  24:00:00,0.0 
 07/15  01:00:00,0.0 
 07/15  02:00:00,0.0 
 07/15  03:00:00,0.0 
 07/15  04:00:00,0.0 
 07/15  05:00:00,0.0 
 07/15  06:00:00,0.0 
 07/15  07:00:00,0.0 
 07/15  08:00:00,0.0 
 07/15  09:00:00,0.0 
 07/15  10:00:00,0.0 
 07/15  11:00:00,0.0 
 07/15  12:00:00,0.0 
 07/15  13:00:00,0.0 
 07/15  14:00:00,0.0 
 07/15  15:00:00,0.0 
 07/15  16:00:00,0.0 
 07/15  17:00:00,0.0 
 07/15  18:00:00,0.0 
 07/15  19:00:00,0.0 
 07/15  20:00:00,0.0 
 07/15  21:00:00,0.0 
 07/15  22:00:00,0.0 
 07/15  23:00:00,0.0 
 07/15  24:00:00,0.0 
 07/16  01:00:00,0.0 
 07/16  02:00:00,0.0 
 07/16  03:00:00,0.0 
 07/16  04:00:00,0.0 
 07/16  05:00:00,0.0 
 07/16  06:00:00,0.0 
 07/16  07:00:00,0.0 
 07/16  08:00:00,42158.506224746816 
 07/16  09:00:00,3210412.0019908296 
 07/16  10:00:00,0.0 
 07/16  11:00:00,0.0 
 07/16  12:00:00,0.0 
 07/16  13:00:00,0.0 
 07/16  14:00:00,0.0 
 07/16  15:00:00,0.0 
 07/16  16:00:00,0.0 
 07/16  17:00:00,0.0 
 07/16  18:00:00,0.0 
 07/16  19:00:00,0.0 
 07/16  20:00:00,0.0 
 07/16  21:00:00,0.0 
 07/16  22:00:00,0.0 
 07/16  23:00:00,0.0 
 07/16  24:00:00,0.0 
 07/17  01:00:00,0.0 
 07/17  02:00:00,0.0 
 07/17  03:00:00,0.0 
 07/17  04:00:00,0.0 
 07/17  05:00:00,0.0 
 07/17  06:00:00,0.0 
 07/17  07:00:00,0.0 
 07/17  08:00:00,0.0 
 07/17  09:00:00,0.0 
 07/17  10:00:00,0.0 
 07/17  11:00:00,0.0 
 07/17  12:00:00,0.0 
 07/17  13:00:00,0.0 
 07/17  14:00:00,0.0 
 07/17  15:00:00,0.0 
 07/17  16:00:00,0.0 
 07/17  17:00:00,0.0 
 07/17  18:00:00,0.0 
 07/17  19:00:00,0.0 
 07/17  20:00:00,0.0 
 07/17  21:00:00,0.0 
 07/17  22:00:00,0.0 
 07/17  23:00:00,0.0 
 07/17  24:00:00,0.0 
 07/18  01:00:00,0.0 
 07/18  02:00:00,0.0 
 07/18  03:00:00,0.0 
 07/18  04:00:00,0.0 
 07/18  05:00:00,0.0 
 07/18  06:00:00,0.0 
 07/18  07:00:00,0.0 
 07/18  08:00:00,0.0 
 07/18  09:00:00,0.0 
 07/18  10:00:00,0.0 
 07/18  11:00:00,0.0 
 07/18  12:00:00,0.0 
 07/18  13:00:00,0.0 
 07/18  14:00:00,0.0 
 07/18  15:00:00,0.0 
 07/18  16:00:00,0.0 
 07/18  17:00:00,0.0 
 07/18  18:00:00,0.0 
 07/18  19:00:00,0.0 
 07/18  20:00:00,0.0 
 07/18  21:00:00,0.0 
 07/18  22:00:00,0.0 
 07/18  23:00:00,0.0 
 07/18  24:00:00,0.0 
 07/19  01:00:00,0.0 
 07/19  02:00:00,0.0 
 07/19  03:00:00,0.0 
 07/19  04:00:00,0.0 
 07/19  05:00:00,0.0 
 07/19  06:00:00,0.0 
 07/19  07:00:00,0.0 
 07/19  08:00:00,0.0 
 07/19  09:00:00,0.0 
 07/19  10:00:00,0.0 
 07/19  11:00:00,0.0 
 07/19  12:00:00,0.0 
 07/19  13:00:00,0.0 
 07/19  14:00:00,0.0 
 07/19  15:00:00,0.0 
 07/19  16:00:00,0.0 
 07/19  17:00:00,0.0 
 07/19  18:00:00,0.0 
 07/19  19:00:00,0.0 
 07/19  20:00:00,0.0 
 07/19  21:00:00,0.0 
 07/19  22:00:00,0.0 
 07/19  23:00:00,0.0 
 07/19  24:00:00,0.0 
 07/20  01:00:00,0.0 
 07/20  02:00:00,0.0 
 07/20  03:00:00,0.0 
 07/20  04:00:00,0.0 
 07/20  05:00:00,0.0 
 07/20  06:00:00,0.0 
 07/20  07:00:00,0.0 
 07/20  08:00:00,0.0 
 07/20  09:00:00,0.0 
 07/20  10:00:00,0.0 
 07/20  11:00:00,0.0 
 07/20  12:00:00,0.0 
 07/20  13:00:00,0.0 
 07/20  14:00:00,0.0 
 07/20  15:00:00,0.0 
 07/20  16:00:00,0.0 
 07/20  17:00:00,0.0 
 07/20  18:00:00,0.0 
 07/20  19:00:00,0.0 
 07/20  20:00:00,0.0 
 07/20  21:00:00,0.0 
 07/20  22:00:00,0.0 
 07/20  23:00:00,0.0 
 07/20  24:00:00,0.0 
 07/21  01:00:00,0.0 
 07/21  02:00:00,0.0 
 07/21  03:00:00,0.0 
 07/21  04:00:00,0.0 
 07/21  05:00:00,0.0 
 07/21  06:00:00,0.0 
 07/21  07:00:00,0.0 
 07/21  08:00:00,0.0 
 07/21  09:00:00,0.0 
 07/21  10:00:00,0.0 
 07/21  11:00:00,0.0 
 07/21  12:00:00,0.0 
 07/21  13:00:00,0.0 
 07/21  14:00:00,0.0 
 07/21  15:00:00,0.0 
 07/21  16:00:00,0.0 
 07/21  17:00:00,0.0 
 07/21  18:00:00,0.0 
 07/21  19:00:00,0.0 
 07/21  20:00:00,0.0 
 07/21  21:00:00,0.0 
 07/21  22:00:00,0.0 
 07/21  23:00:00,0.0 
 07/21  24:00:00,0.0 
 07/22  01:00:00,0.0 
 07/22  02:00:00,0.0 
 07/22  03:00:00,0.0 
 07/22  04:00:00,0.0 
 07/22  05:00:00,0.0 
 07/22  06:00:00,0.0 
 07/22  07:00:00,0.0 
 07/22  08:00:00,0.0 
 07/22  09:00:00,0.0 
 07/22  10:00:00,0.0 
 07/22  11:00:00,0.0 
 07/22  12:00:00,0.0 
 07/22  13:00:00,0.0 
 07/22  14:00:00,0.0 
 07/22  15:00:00,0.0 
 07/22  16:00:00,0.0 
 07/22  17:00:00,0.0 
 07/22  18:00:00,0.0 
 07/22  19:00:00,0.0 
 07/22  20:00:00,0.0 
 07/22  21:00:00,0.0 
 07/22  22:00:00,0.0 
 07/22  23:00:00,0.0 
 07/22  24:00:00,0.0 
 07/23  01:00:00,0.0 
 07/23  02:00:00,0.0 
 07/23  03:00:00,0.0 
 07/23  04:00:00,0.0 
 07/23  05:00:00,0.0 
 07/23  06:00:00,0.0 
 07/23  07:00:00,0.0 
 07/23  08:00:00,0.0 
 07/23  09:00:00,0.0 
 07/23  10:00:00,0.0 
 07/23  11:00:00,0.0 
 07/23  12:00:00,0.0 
 07/23  13:00:00,0.0 
 07/23  14:00:00,0.0 
 07/23  15:00:00,0.0 
 07/23  16:00:00,0.0 
 07/23  17:00:00,0.0 
 07/23  18:00:00,0.0 
 07/23  19:00:00,0.0 
 07/23  20:00:00,0.0 
 07/23  21:00:00,0.0 
 07/23  22:00:00,0.0 
 07/23  23:00:00,0.0 
 07/23  24:00:00,0.0 
 07/24  01:00:00,0.0 
 07/24  02:00:00,0.0 
 07/24  03:00:00,0.0 
 07/24  04:00:00,0.0 
 07/24  05:00:00,0.0 
 07/24  06:00:00,0.0 
 07/24  07:00:00,0.0 
 07/24  08:00:00,0.0 
 07/24  09:00:00,0.0 
 07/24  10:00:00,0.0 
 07/24  11:00:00,0.0 
 07/24  12:00:00,0.0 
 07/24  13:00:00,0.0 
 07/24  14:00:00,0.0 
 07/24  15:00:00,0.0 
 07/24  16:00:00,0.0 
 07/24  17:00:00,0.0 
 07/24  18:00:00,0.0 
 07/24  19:00:00,0.0 
 07/24  20:00:00,0.0 
 07/24  21:00:00,0.0 
 07/24  22:00:00,0.0 
 07/24  23:00:00,0.0 
 07/24  24:00:00,0.0 
 07/25  01:00:00,0.0 
 07/25  02:00:00,0.0 
 07/25  03:00:00,0.0 
 07/25  04:00:00,0.0 
 07/25  05:00:00,0.0 
 07/25  06:00:00,0.0 
 07/25  07:00:00,0.0 
 07/25  08:00:00,0.0 
 07/25  09:00:00,0.0 
 07/25  10:00:00,0.0 
 07/25  11:00:00,0.0 
 07/25  12:00:00,0.0 
 07/25  13:00:00,0.0 
 07/25  14:00:00,0.0 
 07/25  15:00:00,0.0 
 07/25  16:00:00,0.0 
 07/25  17:00:00,0.0 
 07/25  18:00:00,0.0 
 07/25  19:00:00,0.0 
 07/25  20:00:00,0.0 
 07/25  21:00:00,0.0 
 07/25  22:00:00,0.0 
 07/25  23:00:00,0.0 
 07/25  24:00:00,0.0 
 07/26  01:00:00,0.0 
 07/26  02:00:00,0.0 
 07/26  03:00:00,0.0 
 07/26  04:00:00,0.0 
 07/26  05:00:00,0.0 
 07/26  06:00:00,0.0 
 07/26  07:00:00,0.0 
 07/26  08:00:00,0.0 
 07/26  09:00:00,0.0 
 07/26  10:00:00,0.0 
 07/26  11:00:00,0.0 
 07/26  12:00:00,0.0 
 07/26  13:00:00,0.0 
 07/26  14:00:00,0.0 
 07/26  15:00:00,0.0 
 07/26  16:00:00,0.0 
 07/26  17:00:00,0.0 
 07/26  18:00:00,0.0 
 07/26  19:00:00,0.0 
 07/26  20:00:00,0.0 
 07/26  21:00:00,0.0 
 07/26  22:00:00,0.0 
 07/26  23:00:00,0.0 
 07/26  24:00:00,0.0 
 07/27  01:00:00,0.0 
 07/27  02:00:00,0.0 
 07/27  03:00:00,0.0 
 07/27  04:00:00,0.0 
 07/27  05:00:00,0.0 
 07/27  06:00:00,0.0 
 07/27  07:00:00,0.0 
 07/27  08:00:00,0.0 
 07/27  09:00:00,0.0 
 07/27  10:00:00,0.0 
 07/27  11:00:00,0.0 
 07/27  12:00:00,0.0 
 07/27  13:00:00,0.0 
 07/27  14:00:00,0.0 
 07/27  15:00:00,0.0 
 07/27  16:00:00,0.0 
 07/27  17:00:00,0.0 
 07/27  18:00:00,0.0 
 07/27  19:00:00,0.0 
 07/27  20:00:00,0.0 
 07/27  21:00:00,0.0 
 07/27  22:00:00,0.0 
 07/27  23:00:00,0.0 
 07/27  24:00:00,0.0 
 07/28  01:00:00,0.0 
 07/28  02:00:00,0.0 
 07/28  03:00:00,0.0 
 07/28  04:00:00,0.0 
 07/28  05:00:00,0.0 
 07/28  06:00:00,0.0 
 07/28  07:00:00,0.0 
 07/28  08:00:00,0.0 
 07/28  09:00:00,0.0 
 07/28  10:00:00,0.0 
 07/28  11:00:00,0.0 
 07/28  12:00:00,0.0 
 07/28  13:00:00,0.0 
 07/28  14:00:00,0.0 
 07/28  15:00:00,0.0 
 07/28  16:00:00,0.0 
 07/28  17:00:00,0.0 
 07/28  18:00:00,0.0 
 07/28  19:00:00,0.0 
 07/28  20:00:00,0.0 
 07/28  21:00:00,0.0 
 07/28  22:00:00,0.0 
 07/28  23:00:00,0.0 
 07/28  24:00:00,0.0 
 07/29  01:00:00,0.0 
 07/29  02:00:00,0.0 
 07/29  03:00:00,0.0 
 07/29  04:00:00,0.0 
 07/29  05:00:00,0.0 
 07/29  06:00:00,0.0 
 07/29  07:00:00,0.0 
 07/29  08:00:00,0.0 
 07/29  09:00:00,0.0 
 07/29  10:00:00,0.0 
 07/29  11:00:00,0.0 
 07/29  12:00:00,0.0 
 07/29  13:00:00,0.0 
 07/29  14:00:00,0.0 
 07/29  15:00:00,0.0 
 07/29  16:00:00,0.0 
 07/29  17:00:00,0.0 
 07/29  18:00:00,0.0 
 07/29  19:00:00,0.0 
 07/29  20:00:00,0.0 
 07/29  21:00:00,0.0 
 07/29  22:00:00,0.0 
 07/29  23:00:00,0.0 
 07/29  24:00:00,0.0 
 07/30  01:00:00,0.0 
 07/30  02:00:00,0.0 
 07/30  03:00:00,0.0 
 07/30  04:00:00,0.0 
 07/30  05:00:00,0.0 
 07/30  06:00:00,0.0 
 07/30  07:00:00,0.0 
 07/30  08:00:00,0.0 
 07/30  09:00:00,0.0 
 07/30  10:00:00,0.0 
 07/30  11:00:00,0.0 
 07/30  12:00:00,0.0 
 07/30  13:00:00,0.0 
 07/30  14:00:00,0.0 
 07/30  15:00:00,0.0 
 07/30  16:00:00,0.0 
 07/30  17:00:00,0.0 
 07/30  18:00:00,0.0 
 07/30  19:00:00,0.0 
 07/30  20:00:00,0.0 
 07/30  21:00:00,0.0 
 07/30  22:00:00,0.0 
 07/30  23:00:00,0.0 
 07/30  24:00:00,0.0 
 07/31  01:00:00,0.0 
 07/31  02:00:00,0.0 
 07/31  03:00:00,0.0 
 07/31  04:00:00,0.0 
 07/31  05:00:00,0.0 
 07/31  06:00:00,0.0 
 07/31  07:00:00,0.0 
 07/31  08:00:00,0.0 
 07/31  09:00:00,0.0 
 07/31  10:00:00,0.0 
 07/31  11:00:00,0.0 
 07/31  12:00:00,0.0 
 07/31  13:00:00,0.0 
 07/31  14:00:00,0.0 
 07/31  15:00:00,0.0 
 07/31  16:00:00,0.0 
 07/31  17:00:00,0.0 
 07/31  18:00:00,0.0 
 07/31  19:00:00,0.0 
 07/31  20:00:00,0.0 
 07/31  21:00:00,0.0 
 07/31  22:00:00,0.0 
 07/31  23:00:00,0.0 
 07/31  24:00:00,0.0 
 08/01  01:00:00,0.0 
 08/01  02:00:00,0.0 
 08/01  03:00:00,0.0 
 08/01  04:00:00,0.0 
 08/01  05:00:00,0.0 
 08/01  06:00:00,0.0 
 08/01  07:00:00,0.0 
 08/01  08:00:00,0.0 
 08/01  09:00:00,0.0 
 08/01  10:00:00,0.0 
 08/01  11:00:00,0.0 
 08/01  12:00:00,0.0 
 08/01  13:00:00,0.0 
 08/01  14:00:00,0.0 
 08/01  15:00:00,0.0 
 08/01  16:00:00,0.0 
 08/01  17:00:00,0.0 
 08/01  18:00:00,0.0 
 08/01  19:00:00,0.0 
 08/01  20:00:00,0.0 
 08/01  21:00:00,0.0 
 08/01  22:00:00,0.0 
 08/01  23:00:00,0.0 
 08/01  24:00:00,0.0 
 08/02  01:00:00,0.0 
 08/02  02:00:00,0.0 
 08/02  03:00:00,0.0 
 08/02  04:00:00,0.0 
 08/02  05:00:00,0.0 
 08/02  06:00:00,0.0 
 08/02  07:00:00,0.0 
 08/02  08:00:00,0.0 
 08/02  09:00:00,0.0 
 08/02  10:00:00,0.0 
 08/02  11:00:00,0.0 
 08/02  12:00:00,0.0 
 08/02  13:00:00,0.0 
 08/02  14:00:00,0.0 
 08/02  15:00:00,0.0 
 08/02  16:00:00,0.0 
 08/02  17:00:00,0.0 
 08/02  18:00:00,0.0 
 08/02  19:00:00,0.0 
 08/02  20:00:00,0.0 
 08/02  21:00:00,0.0 
 08/02  22:00:00,0.0 
 08/02  23:00:00,0.0 
 08/02  24:00:00,0.0 
 08/03  01:00:00,0.0 
 08/03  02:00:00,0.0 
 08/03  03:00:00,0.0 
 08/03  04:00:00,0.0 
 08/03  05:00:00,0.0 
 08/03  06:00:00,0.0 
 08/03  07:00:00,0.0 
 08/03  08:00:00,0.0 
 08/03  09:00:00,0.0 
 08/03  10:00:00,0.0 
 08/03  11:00:00,0.0 
 08/03  12:00:00,0.0 
 08/03  13:00:00,0.0 
 08/03  14:00:00,0.0 
 08/03  15:00:00,0.0 
 08/03  16:00:00,0.0 
 08/03  17:00:00,0.0 
 08/03  18:00:00,0.0 
 08/03  19:00:00,0.0 
 08/03  20:00:00,0.0 
 08/03  21:00:00,0.0 
 08/03  22:00:00,0.0 
 08/03  23:00:00,0.0 
 08/03  24:00:00,0.0 
 08/04  01:00:00,0.0 
 08/04  02:00:00,0.0 
 08/04  03:00:00,0.0 
 08/04  04:00:00,0.0 
 08/04  05:00:00,0.0 
 08/04  06:00:00,0.0 
 08/04  07:00:00,0.0 
 08/04  08:00:00,0.0 
 08/04  09:00:00,0.0 
 08/04  10:00:00,0.0 
 08/04  11:00:00,0.0 
 08/04  12:00:00,0.0 
 08/04  13:00:00,0.0 
 08/04  14:00:00,0.0 
 08/04  15:00:00,0.0 
 08/04  16:00:00,0.0 
 08/04  17:00:00,0.0 
 08/04  18:00:00,0.0 
 08/04  19:00:00,0.0 
 08/04  20:00:00,0.0 
 08/04  21:00:00,0.0 
 08/04  22:00:00,0.0 
 08/04  23:00:00,0.0 
 08/04  24:00:00,0.0 
 08/05  01:00:00,0.0 
 08/05  02:00:00,0.0 
 08/05  03:00:00,0.0 
 08/05  04:00:00,0.0 
 08/05  05:00:00,0.0 
 08/05  06:00:00,0.0 
 08/05  07:00:00,0.0 
 08/05  08:00:00,0.0 
 08/05  09:00:00,0.0 
 08/05  10:00:00,0.0 
 08/05  11:00:00,0.0 
 08/05  12:00:00,0.0 
 08/05  13:00:00,0.0 
 08/05  14:00:00,0.0 
 08/05  15:00:00,0.0 
 08/05  16:00:00,0.0 
 08/05  17:00:00,0.0 
 08/05  18:00:00,0.0 
 08/05  19:00:00,0.0 
 08/05  20:00:00,0.0 
 08/05  21:00:00,0.0 
 08/05  22:00:00,0.0 
 08/05  23:00:00,0.0 
 08/05  24:00:00,0.0 
 08/06  01:00:00,0.0 
 08/06  02:00:00,0.0 
 08/06  03:00:00,0.0 
 08/06  04:00:00,0.0 
 08/06  05:00:00,0.0 
 08/06  06:00:00,0.0 
 08/06  07:00:00,0.0 
 08/06  08:00:00,0.0 
 08/06  09:00:00,6843773.315781564 
 08/06  10:00:00,783879.1867838474 
 08/06  11:00:00,0.0 
 08/06  12:00:00,0.0 
 08/06  13:00:00,0.0 
 08/06  14:00:00,0.0 
 08/06  15:00:00,0.0 
 08/06  16:00:00,0.0 
 08/06  17:00:00,0.0 
 08/06  18:00:00,0.0 
 08/06  19:00:00,0.0 
 08/06  20:00:00,0.0 
 08/06  21:00:00,0.0 
 08/06  22:00:00,0.0 
 08/06  23:00:00,0.0 
 08/06  24:00:00,0.0 
 08/07  01:00:00,0.0 
 08/07  02:00:00,0.0 
 08/07  03:00:00,0.0 
 08/07  04:00:00,0.0 
 08/07  05:00:00,0.0 
 08/07  06:00:00,0.0 
 08/07  07:00:00,0.0 
 08/07  08:00:00,0.0 
 08/07  09:00:00,0.0 
 08/07  10:00:00,0.0 
 08/07  11:00:00,0.0 
 08/07  12:00:00,0.0 
 08/07  13:00:00,0.0 
 08/07  14:00:00,0.0 
 08/07  15:00:00,0.0 
 08/07  16:00:00,0.0 
 08/07  17:00:00,0.0 
 08/07  18:00:00,0.0 
 08/07  19:00:00,0.0 
 08/07  20:00:00,0.0 
 08/07  21:00:00,0.0 
 08/07  22:00:00,0.0 
 08/07  23:00:00,0.0 
 08/07  24:00:00,0.0 
 08/08  01:00:00,0.0 
 08/08  02:00:00,0.0 
 08/08  03:00:00,0.0 
 08/08  04:00:00,0.0 
 08/08  05:00:00,0.0 
 08/08  06:00:00,0.0 
 08/08  07:00:00,0.0 
 08/08  08:00:00,0.0 
 08/08  09:00:00,0.0 
 08/08  10:00:00,0.0 
 08/08  11:00:00,0.0 
 08/08  12:00:00,0.0 
 08/08  13:00:00,0.0 
 08/08  14:00:00,0.0 
 08/08  15:00:00,0.0 
 08/08  16:00:00,0.0 
 08/08  17:00:00,0.0 
 08/08  18:00:00,0.0 
 08/08  19:00:00,0.0 
 08/08  20:00:00,0.0 
 08/08  21:00:00,0.0 
 08/08  22:00:00,0.0 
 08/08  23:00:00,0.0 
 08/08  24:00:00,0.0 
 08/09  01:00:00,0.0 
 08/09  02:00:00,0.0 
 08/09  03:00:00,0.0 
 08/09  04:00:00,0.0 
 08/09  05:00:00,0.0 
 08/09  06:00:00,0.0 
 08/09  07:00:00,0.0 
 08/09  08:00:00,0.0 
 08/09  09:00:00,0.0 
 08/09  10:00:00,0.0 
 08/09  11:00:00,0.0 
 08/09  12:00:00,0.0 
 08/09  13:00:00,0.0 
 08/09  14:00:00,0.0 
 08/09  15:00:00,0.0 
 08/09  16:00:00,0.0 
 08/09  17:00:00,0.0 
 08/09  18:00:00,0.0 
 08/09  19:00:00,0.0 
 08/09  20:00:00,0.0 
 08/09  21:00:00,0.0 
 08/09  22:00:00,0.0 
 08/09  23:00:00,0.0 
 08/09  24:00:00,0.0 
 08/10  01:00:00,0.0 
 08/10  02:00:00,0.0 
 08/10  03:00:00,0.0 
 08/10  04:00:00,0.0 
 08/10  05:00:00,0.0 
 08/10  06:00:00,0.0 
 08/10  07:00:00,0.0 
 08/10  08:00:00,0.0 
 08/10  09:00:00,0.0 
 08/10  10:00:00,0.0 
 08/10  11:00:00,0.0 
 08/10  12:00:00,0.0 
 08/10  13:00:00,0.0 
 08/10  14:00:00,0.0 
 08/10  15:00:00,0.0 
 08/10  16:00:00,0.0 
 08/10  17:00:00,0.0 
 08/10  18:00:00,0.0 
 08/10  19:00:00,0.0 
 08/10  20:00:00,0.0 
 08/10  21:00:00,0.0 
 08/10  22:00:00,0.0 
 08/10  23:00:00,0.0 
 08/10  24:00:00,0.0 
 08/11  01:00:00,0.0 
 08/11  02:00:00,0.0 
 08/11  03:00:00,0.0 
 08/11  04:00:00,0.0 
 08/11  05:00:00,0.0 
 08/11  06:00:00,0.0 
 08/11  07:00:00,0.0 
 08/11  08:00:00,0.0 
 08/11  09:00:00,0.0 
 08/11  10:00:00,0.0 
 08/11  11:00:00,0.0 
 08/11  12:00:00,0.0 
 08/11  13:00:00,0.0 
 08/11  14:00:00,0.0 
 08/11  15:00:00,0.0 
 08/11  16:00:00,0.0 
 08/11  17:00:00,0.0 
 08/11  18:00:00,0.0 
 08/11  19:00:00,0.0 
 08/11  20:00:00,0.0 
 08/11  21:00:00,0.0 
 08/11  22:00:00,0.0 
 08/11  23:00:00,0.0 
 08/11  24:00:00,0.0 
 08/12  01:00:00,0.0 
 08/12  02:00:00,0.0 
 08/12  03:00:00,0.0 
 08/12  04:00:00,0.0 
 08/12  05:00:00,0.0 
 08/12  06:00:00,0.0 
 08/12  07:00:00,0.0 
 08/12  08:00:00,0.0 
 08/12  09:00:00,0.0 
 08/12  10:00:00,0.0 
 08/12  11:00:00,0.0 
 08/12  12:00:00,0.0 
 08/12  13:00:00,0.0 
 08/12  14:00:00,0.0 
 08/12  15:00:00,0.0 
 08/12  16:00:00,0.0 
 08/12  17:00:00,0.0 
 08/12  18:00:00,0.0 
 08/12  19:00:00,0.0 
 08/12  20:00:00,0.0 
 08/12  21:00:00,0.0 
 08/12  22:00:00,0.0 
 08/12  23:00:00,0.0 
 08/12  24:00:00,0.0 
 08/13  01:00:00,0.0 
 08/13  02:00:00,0.0 
 08/13  03:00:00,0.0 
 08/13  04:00:00,0.0 
 08/13  05:00:00,0.0 
 08/13  06:00:00,0.0 
 08/13  07:00:00,0.0 
 08/13  08:00:00,0.0 
 08/13  09:00:00,1880320.3650629148 
 08/13  10:00:00,865783.2220139913 
 08/13  11:00:00,0.0 
 08/13  12:00:00,0.0 
 08/13  13:00:00,0.0 
 08/13  14:00:00,0.0 
 08/13  15:00:00,0.0 
 08/13  16:00:00,0.0 
 08/13  17:00:00,0.0 
 08/13  18:00:00,0.0 
 08/13  19:00:00,0.0 
 08/13  20:00:00,0.0 
 08/13  21:00:00,0.0 
 08/13  22:00:00,0.0 
 08/13  23:00:00,0.0 
 08/13  24:00:00,0.0 
 08/14  01:00:00,0.0 
 08/14  02:00:00,0.0 
 08/14  03:00:00,0.0 
 08/14  04:00:00,6594101.523291821 
 08/14  05:00:00,38534449.535535336 
 08/14  06:00:00,51769972.0807321 
 08/14  07:00:00,60153404.55282134 
 08/14  08:00:00,67334211.57023443 
 08/14  09:00:00,68103884.14955415 
 08/14  10:00:00,48363292.816958524 
 08/14  11:00:00,27700112.153882876 
 08/14  12:00:00,8876647.618924212 
 08/14  13:00:00,0.0 
 08/14  14:00:00,0.0 
 08/14  15:00:00,0.0 
 08/14  16:00:00,0.0 
 08/14  17:00:00,0.0 
 08/14  18:00:00,0.0 
 08/14  19:00:00,0.0 
 08/14  20:00:00,0.0 
 08/14  21:00:00,0.0 
 08/14  22:00:00,0.0 
 08/14  23:00:00,0.0 
 08/14  24:00:00,0.0 
 08/15  01:00:00,0.0 
 08/15  02:00:00,203477.9792492744 
 08/15  03:00:00,10171927.059655685 
 08/15  04:00:00,27309270.18097717 
 08/15  05:00:00,44335971.3015743 
 08/15  06:00:00,56371900.37113218 
 08/15  07:00:00,66058619.59683736 
 08/15  08:00:00,69668094.0469155 
 08/15  09:00:00,62496769.109772205 
 08/15  10:00:00,33331844.031041875 
 08/15  11:00:00,6459812.897301769 
 08/15  12:00:00,0.0 
 08/15  13:00:00,0.0 
 08/15  14:00:00,0.0 
 08/15  15:00:00,0.0 
 08/15  16:00:00,0.0 
 08/15  17:00:00,0.0 
 08/15  18:00:00,0.0 
 08/15  19:00:00,0.0 
 08/15  20:00:00,0.0 
 08/15  21:00:00,0.0 
 08/15  22:00:00,0.0 
 08/15  23:00:00,0.0 
 08/15  24:00:00,0.0 
 08/16  01:00:00,0.0 
 08/16  02:00:00,0.0 
 08/16  03:00:00,0.0 
 08/16  04:00:00,0.0 
 08/16  05:00:00,585218.74203271 
 08/16  06:00:00,7523663.967918127 
 08/16  07:00:00,13547684.5044332 
 08/16  08:00:00,18504464.87776103 
 08/16  09:00:00,35144603.97142377 
 08/16  10:00:00,18264957.79019863 
 08/16  11:00:00,354788.09214552166 
 08/16  12:00:00,0.0 
 08/16  13:00:00,0.0 
 08/16  14:00:00,0.0 
 08/16  15:00:00,0.0 
 08/16  16:00:00,0.0 
 08/16  17:00:00,0.0 
 08/16  18:00:00,0.0 
 08/16  19:00:00,0.0 
 08/16  20:00:00,0.0 
 08/16  21:00:00,0.0 
 08/16  22:00:00,0.0 
 08/16  23:00:00,0.0 
 08/16  24:00:00,0.0 
 08/17  01:00:00,0.0 
 08/17  02:00:00,0.0 
 08/17  03:00:00,0.0 
 08/17  04:00:00,0.0 
 08/17  05:00:00,0.0 
 08/17  06:00:00,0.0 
 08/17  07:00:00,0.0 
 08/17  08:00:00,2085022.076871735 
 08/17  09:00:00,13318659.7463524 
 08/17  10:00:00,2191315.7694700523 
 08/17  11:00:00,0.0 
 08/17  12:00:00,0.0 
 08/17  13:00:00,0.0 
 08/17  14:00:00,0.0 
 08/17  15:00:00,0.0 
 08/17  16:00:00,0.0 
 08/17  17:00:00,0.0 
 08/17  18:00:00,0.0 
 08/17  19:00:00,0.0 
 08/17  20:00:00,0.0 
 08/17  21:00:00,0.0 
 08/17  22:00:00,0.0 
 08/17  23:00:00,0.0 
 08/17  24:00:00,0.0 
 08/18  01:00:00,0.0 
 08/18  02:00:00,0.0 
 08/18  03:00:00,0.0 
 08/18  04:00:00,0.0 
 08/18  05:00:00,0.0 
 08/18  06:00:00,0.0 
 08/18  07:00:00,0.0 
 08/18  08:00:00,0.0 
 08/18  09:00:00,0.0 
 08/18  10:00:00,0.0 
 08/18  11:00:00,0.0 
 08/18  12:00:00,0.0 
 08/18  13:00:00,0.0 
 08/18  14:00:00,0.0 
 08/18  15:00:00,0.0 
 08/18  16:00:00,0.0 
 08/18  17:00:00,0.0 
 08/18  18:00:00,0.0 
 08/18  19:00:00,0.0 
 08/18  20:00:00,0.0 
 08/18  21:00:00,0.0 
 08/18  22:00:00,0.0 
 08/18  23:00:00,0.0 
 08/18  24:00:00,0.0 
 08/19  01:00:00,0.0 
 08/19  02:00:00,0.0 
 08/19  03:00:00,0.0 
 08/19  04:00:00,0.0 
 08/19  05:00:00,0.0 
 08/19  06:00:00,0.0 
 08/19  07:00:00,0.0 
 08/19  08:00:00,0.0 
 08/19  09:00:00,0.0 
 08/19  10:00:00,0.0 
 08/19  11:00:00,0.0 
 08/19  12:00:00,0.0 
 08/19  13:00:00,0.0 
 08/19  14:00:00,0.0 
 08/19  15:00:00,0.0 
 08/19  16:00:00,0.0 
 08/19  17:00:00,0.0 
 08/19  18:00:00,0.0 
 08/19  19:00:00,0.0 
 08/19  20:00:00,0.0 
 08/19  21:00:00,0.0 
 08/19  22:00:00,0.0 
 08/19  23:00:00,0.0 
 08/19  24:00:00,0.0 
 08/20  01:00:00,0.0 
 08/20  02:00:00,0.0 
 08/20  03:00:00,0.0 
 08/20  04:00:00,0.0 
 08/20  05:00:00,0.0 
 08/20  06:00:00,0.0 
 08/20  07:00:00,3624307.353193173 
 08/20  08:00:00,10041092.719516914 
 08/20  09:00:00,18548384.44139706 
 08/20  10:00:00,2100222.611162765 
 08/20  11:00:00,0.0 
 08/20  12:00:00,0.0 
 08/20  13:00:00,0.0 
 08/20  14:00:00,0.0 
 08/20  15:00:00,0.0 
 08/20  16:00:00,0.0 
 08/20  17:00:00,0.0 
 08/20  18:00:00,0.0 
 08/20  19:00:00,0.0 
 08/20  20:00:00,0.0 
 08/20  21:00:00,0.0 
 08/20  22:00:00,0.0 
 08/20  23:00:00,0.0 
 08/20  24:00:00,0.0 
 08/21  01:00:00,0.0 
 08/21  02:00:00,0.0 
 08/21  03:00:00,0.0 
 08/21  04:00:00,0.0 
 08/21  05:00:00,0.0 
 08/21  06:00:00,0.0 
 08/21  07:00:00,0.0 
 08/21  08:00:00,0.0 
 08/21  09:00:00,0.0 
 08/21  10:00:00,0.0 
 08/21  11:00:00,0.0 
 08/21  12:00:00,0.0 
 08/21  13:00:00,0.0 
 08/21  14:00:00,0.0 
 08/21  15:00:00,0.0 
 08/21  16:00:00,0.0 
 08/21  17:00:00,0.0 
 08/21  18:00:00,0.0 
 08/21  19:00:00,0.0 
 08/21  20:00:00,0.0 
 08/21  21:00:00,0.0 
 08/21  22:00:00,0.0 
 08/21  23:00:00,0.0 
 08/21  24:00:00,0.0 
 08/22  01:00:00,0.0 
 08/22  02:00:00,0.0 
 08/22  03:00:00,0.0 
 08/22  04:00:00,0.0 
 08/22  05:00:00,0.0 
 08/22  06:00:00,0.0 
 08/22  07:00:00,0.0 
 08/22  08:00:00,0.0 
 08/22  09:00:00,0.0 
 08/22  10:00:00,0.0 
 08/22  11:00:00,0.0 
 08/22  12:00:00,0.0 
 08/22  13:00:00,0.0 
 08/22  14:00:00,0.0 
 08/22  15:00:00,0.0 
 08/22  16:00:00,0.0 
 08/22  17:00:00,0.0 
 08/22  18:00:00,0.0 
 08/22  19:00:00,0.0 
 08/22  20:00:00,0.0 
 08/22  21:00:00,0.0 
 08/22  22:00:00,0.0 
 08/22  23:00:00,0.0 
 08/22  24:00:00,0.0 
 08/23  01:00:00,0.0 
 08/23  02:00:00,0.0 
 08/23  03:00:00,0.0 
 08/23  04:00:00,0.0 
 08/23  05:00:00,0.0 
 08/23  06:00:00,0.0 
 08/23  07:00:00,0.0 
 08/23  08:00:00,0.0 
 08/23  09:00:00,0.0 
 08/23  10:00:00,0.0 
 08/23  11:00:00,0.0 
 08/23  12:00:00,0.0 
 08/23  13:00:00,0.0 
 08/23  14:00:00,0.0 
 08/23  15:00:00,0.0 
 08/23  16:00:00,0.0 
 08/23  17:00:00,0.0 
 08/23  18:00:00,0.0 
 08/23  19:00:00,0.0 
 08/23  20:00:00,0.0 
 08/23  21:00:00,0.0 
 08/23  22:00:00,0.0 
 08/23  23:00:00,0.0 
 08/23  24:00:00,0.0 
 08/24  01:00:00,0.0 
 08/24  02:00:00,0.0 
 08/24  03:00:00,0.0 
 08/24  04:00:00,0.0 
 08/24  05:00:00,0.0 
 08/24  06:00:00,0.0 
 08/24  07:00:00,0.0 
 08/24  08:00:00,0.0 
 08/24  09:00:00,0.0 
 08/24  10:00:00,0.0 
 08/24  11:00:00,0.0 
 08/24  12:00:00,0.0 
 08/24  13:00:00,0.0 
 08/24  14:00:00,0.0 
 08/24  15:00:00,0.0 
 08/24  16:00:00,0.0 
 08/24  17:00:00,0.0 
 08/24  18:00:00,0.0 
 08/24  19:00:00,0.0 
 08/24  20:00:00,0.0 
 08/24  21:00:00,0.0 
 08/24  22:00:00,0.0 
 08/24  23:00:00,0.0 
 08/24  24:00:00,0.0 
 08/25  01:00:00,0.0 
 08/25  02:00:00,0.0 
 08/25  03:00:00,0.0 
 08/25  04:00:00,0.0 
 08/25  05:00:00,0.0 
 08/25  06:00:00,0.0 
 08/25  07:00:00,0.0 
 08/25  08:00:00,0.0 
 08/25  09:00:00,0.0 
 08/25  10:00:00,0.0 
 08/25  11:00:00,0.0 
 08/25  12:00:00,0.0 
 08/25  13:00:00,0.0 
 08/25  14:00:00,0.0 
 08/25  15:00:00,0.0 
 08/25  16:00:00,0.0 
 08/25  17:00:00,0.0 
 08/25  18:00:00,0.0 
 08/25  19:00:00,0.0 
 08/25  20:00:00,0.0 
 08/25  21:00:00,0.0 
 08/25  22:00:00,0.0 
 08/25  23:00:00,0.0 
 08/25  24:00:00,0.0 
 08/26  01:00:00,0.0 
 08/26  02:00:00,0.0 
 08/26  03:00:00,0.0 
 08/26  04:00:00,0.0 
 08/26  05:00:00,0.0 
 08/26  06:00:00,0.0 
 08/26  07:00:00,0.0 
 08/26  08:00:00,0.0 
 08/26  09:00:00,0.0 
 08/26  10:00:00,0.0 
 08/26  11:00:00,0.0 
 08/26  12:00:00,0.0 
 08/26  13:00:00,0.0 
 08/26  14:00:00,0.0 
 08/26  15:00:00,0.0 
 08/26  16:00:00,0.0 
 08/26  17:00:00,0.0 
 08/26  18:00:00,0.0 
 08/26  19:00:00,0.0 
 08/26  20:00:00,0.0 
 08/26  21:00:00,0.0 
 08/26  22:00:00,0.0 
 08/26  23:00:00,0.0 
 08/26  24:00:00,0.0 
 08/27  01:00:00,0.0 
 08/27  02:00:00,0.0 
 08/27  03:00:00,0.0 
 08/27  04:00:00,0.0 
 08/27  05:00:00,0.0 
 08/27  06:00:00,0.0 
 08/27  07:00:00,0.0 
 08/27  08:00:00,0.0 
 08/27  09:00:00,0.0 
 08/27  10:00:00,0.0 
 08/27  11:00:00,0.0 
 08/27  12:00:00,0.0 
 08/27  13:00:00,0.0 
 08/27  14:00:00,0.0 
 08/27  15:00:00,0.0 
 08/27  16:00:00,0.0 
 08/27  17:00:00,0.0 
 08/27  18:00:00,0.0 
 08/27  19:00:00,0.0 
 08/27  20:00:00,0.0 
 08/27  21:00:00,0.0 
 08/27  22:00:00,0.0 
 08/27  23:00:00,0.0 
 08/27  24:00:00,0.0 
 08/28  01:00:00,0.0 
 08/28  02:00:00,0.0 
 08/28  03:00:00,0.0 
 08/28  04:00:00,0.0 
 08/28  05:00:00,0.0 
 08/28  06:00:00,0.0 
 08/28  07:00:00,0.0 
 08/28  08:00:00,0.0 
 08/28  09:00:00,0.0 
 08/28  10:00:00,0.0 
 08/28  11:00:00,0.0 
 08/28  12:00:00,0.0 
 08/28  13:00:00,0.0 
 08/28  14:00:00,0.0 
 08/28  15:00:00,0.0 
 08/28  16:00:00,0.0 
 08/28  17:00:00,0.0 
 08/28  18:00:00,0.0 
 08/28  19:00:00,0.0 
 08/28  20:00:00,0.0 
 08/28  21:00:00,0.0 
 08/28  22:00:00,0.0 
 08/28  23:00:00,0.0 
 08/28  24:00:00,0.0 
 08/29  01:00:00,0.0 
 08/29  02:00:00,0.0 
 08/29  03:00:00,0.0 
 08/29  04:00:00,0.0 
 08/29  05:00:00,0.0 
 08/29  06:00:00,0.0 
 08/29  07:00:00,0.0 
 08/29  08:00:00,0.0 
 08/29  09:00:00,0.0 
 08/29  10:00:00,0.0 
 08/29  11:00:00,0.0 
 08/29  12:00:00,0.0 
 08/29  13:00:00,0.0 
 08/29  14:00:00,0.0 
 08/29  15:00:00,0.0 
 08/29  16:00:00,0.0 
 08/29  17:00:00,0.0 
 08/29  18:00:00,0.0 
 08/29  19:00:00,0.0 
 08/29  20:00:00,0.0 
 08/29  21:00:00,0.0 
 08/29  22:00:00,0.0 
 08/29  23:00:00,0.0 
 08/29  24:00:00,0.0 
 08/30  01:00:00,0.0 
 08/30  02:00:00,0.0 
 08/30  03:00:00,0.0 
 08/30  04:00:00,0.0 
 08/30  05:00:00,0.0 
 08/30  06:00:00,0.0 
 08/30  07:00:00,0.0 
 08/30  08:00:00,3240352.722314454 
 08/30  09:00:00,12689146.346215134 
 08/30  10:00:00,218115.36913655 
 08/30  11:00:00,0.0 
 08/30  12:00:00,0.0 
 08/30  13:00:00,0.0 
 08/30  14:00:00,0.0 
 08/30  15:00:00,0.0 
 08/30  16:00:00,0.0 
 08/30  17:00:00,0.0 
 08/30  18:00:00,0.0 
 08/30  19:00:00,0.0 
 08/30  20:00:00,0.0 
 08/30  21:00:00,0.0 
 08/30  22:00:00,0.0 
 08/30  23:00:00,0.0 
 08/30  24:00:00,0.0 
 08/31  01:00:00,0.0 
 08/31  02:00:00,0.0 
 08/31  03:00:00,0.0 
 08/31  04:00:00,0.0 
 08/31  05:00:00,0.0 
 08/31  06:00:00,0.0 
 08/31  07:00:00,0.0 
 08/31  08:00:00,0.0 
 08/31  09:00:00,2370058.2059406443 
 08/31  10:00:00,142467.53564140527 
 08/31  11:00:00,0.0 
 08/31  12:00:00,0.0 
 08/31  13:00:00,0.0 
 08/31  14:00:00,0.0 
 08/31  15:00:00,0.0 
 08/31  16:00:00,0.0 
 08/31  17:00:00,0.0 
 08/31  18:00:00,0.0 
 08/31  19:00:00,0.0 
 08/31  20:00:00,0.0 
 08/31  21:00:00,0.0 
 08/31  22:00:00,0.0 
 08/31  23:00:00,0.0 
 08/31  24:00:00,0.0 
 09/01  01:00:00,0.0 
 09/01  02:00:00,0.0 
 09/01  03:00:00,0.0 
 09/01  04:00:00,0.0 
 09/01  05:00:00,0.0 
 09/01  06:00:00,0.0 
 09/01  07:00:00,0.0 
 09/01  08:00:00,0.0 
 09/01  09:00:00,0.0 
 09/01  10:00:00,0.0 
 09/01  11:00:00,0.0 
 09/01  12:00:00,0.0 
 09/01  13:00:00,0.0 
 09/01  14:00:00,0.0 
 09/01  15:00:00,0.0 
 09/01  16:00:00,0.0 
 09/01  17:00:00,0.0 
 09/01  18:00:00,0.0 
 09/01  19:00:00,0.0 
 09/01  20:00:00,0.0 
 09/01  21:00:00,0.0 
 09/01  22:00:00,0.0 
 09/01  23:00:00,0.0 
 09/01  24:00:00,0.0 
 09/02  01:00:00,0.0 
 09/02  02:00:00,0.0 
 09/02  03:00:00,0.0 
 09/02  04:00:00,0.0 
 09/02  05:00:00,0.0 
 09/02  06:00:00,418597.26688280934 
 09/02  07:00:00,5211420.377022133 
 09/02  08:00:00,9851694.955733234 
 09/02  09:00:00,25853963.150625467 
 09/02  10:00:00,13668292.404220337 
 09/02  11:00:00,566494.9064621818 
 09/02  12:00:00,0.0 
 09/02  13:00:00,0.0 
 09/02  14:00:00,0.0 
 09/02  15:00:00,0.0 
 09/02  16:00:00,0.0 
 09/02  17:00:00,0.0 
 09/02  18:00:00,0.0 
 09/02  19:00:00,0.0 
 09/02  20:00:00,0.0 
 09/02  21:00:00,0.0 
 09/02  22:00:00,0.0 
 09/02  23:00:00,0.0 
 09/02  24:00:00,0.0 
 09/03  01:00:00,0.0 
 09/03  02:00:00,0.0 
 09/03  03:00:00,0.0 
 09/03  04:00:00,0.0 
 09/03  05:00:00,0.0 
 09/03  06:00:00,0.0 
 09/03  07:00:00,3742860.912297049 
 09/03  08:00:00,11753574.385982646 
 09/03  09:00:00,24487478.114385657 
 09/03  10:00:00,6623042.462626461 
 09/03  11:00:00,0.0 
 09/03  12:00:00,0.0 
 09/03  13:00:00,0.0 
 09/03  14:00:00,0.0 
 09/03  15:00:00,0.0 
 09/03  16:00:00,0.0 
 09/03  17:00:00,0.0 
 09/03  18:00:00,0.0 
 09/03  19:00:00,0.0 
 09/03  20:00:00,0.0 
 09/03  21:00:00,0.0 
 09/03  22:00:00,0.0 
 09/03  23:00:00,0.0 
 09/03  24:00:00,0.0 
 09/04  01:00:00,0.0 
 09/04  02:00:00,0.0 
 09/04  03:00:00,0.0 
 09/04  04:00:00,0.0 
 09/04  05:00:00,0.0 
 09/04  06:00:00,0.0 
 09/04  07:00:00,0.0 
 09/04  08:00:00,2795580.343446345 
 09/04  09:00:00,3866921.8088644557 
 09/04  10:00:00,0.0 
 09/04  11:00:00,0.0 
 09/04  12:00:00,0.0 
 09/04  13:00:00,0.0 
 09/04  14:00:00,0.0 
 09/04  15:00:00,0.0 
 09/04  16:00:00,0.0 
 09/04  17:00:00,0.0 
 09/04  18:00:00,0.0 
 09/04  19:00:00,0.0 
 09/04  20:00:00,0.0 
 09/04  21:00:00,0.0 
 09/04  22:00:00,0.0 
 09/04  23:00:00,0.0 
 09/04  24:00:00,0.0 
 09/05  01:00:00,0.0 
 09/05  02:00:00,0.0 
 09/05  03:00:00,0.0 
 09/05  04:00:00,0.0 
 09/05  05:00:00,0.0 
 09/05  06:00:00,0.0 
 09/05  07:00:00,0.0 
 09/05  08:00:00,0.0 
 09/05  09:00:00,0.0 
 09/05  10:00:00,0.0 
 09/05  11:00:00,0.0 
 09/05  12:00:00,0.0 
 09/05  13:00:00,0.0 
 09/05  14:00:00,0.0 
 09/05  15:00:00,0.0 
 09/05  16:00:00,0.0 
 09/05  17:00:00,0.0 
 09/05  18:00:00,0.0 
 09/05  19:00:00,0.0 
 09/05  20:00:00,0.0 
 09/05  21:00:00,0.0 
 09/05  22:00:00,0.0 
 09/05  23:00:00,0.0 
 09/05  24:00:00,0.0 
 09/06  01:00:00,0.0 
 09/06  02:00:00,0.0 
 09/06  03:00:00,0.0 
 09/06  04:00:00,0.0 
 09/06  05:00:00,0.0 
 09/06  06:00:00,0.0 
 09/06  07:00:00,0.0 
 09/06  08:00:00,0.0 
 09/06  09:00:00,0.0 
 09/06  10:00:00,0.0 
 09/06  11:00:00,0.0 
 09/06  12:00:00,0.0 
 09/06  13:00:00,0.0 
 09/06  14:00:00,0.0 
 09/06  15:00:00,0.0 
 09/06  16:00:00,0.0 
 09/06  17:00:00,0.0 
 09/06  18:00:00,0.0 
 09/06  19:00:00,0.0 
 09/06  20:00:00,0.0 
 09/06  21:00:00,0.0 
 09/06  22:00:00,0.0 
 09/06  23:00:00,0.0 
 09/06  24:00:00,0.0 
 09/07  01:00:00,0.0 
 09/07  02:00:00,0.0 
 09/07  03:00:00,0.0 
 09/07  04:00:00,0.0 
 09/07  05:00:00,0.0 
 09/07  06:00:00,0.0 
 09/07  07:00:00,0.0 
 09/07  08:00:00,0.0 
 09/07  09:00:00,0.0 
 09/07  10:00:00,0.0 
 09/07  11:00:00,0.0 
 09/07  12:00:00,0.0 
 09/07  13:00:00,0.0 
 09/07  14:00:00,0.0 
 09/07  15:00:00,0.0 
 09/07  16:00:00,0.0 
 09/07  17:00:00,0.0 
 09/07  18:00:00,0.0 
 09/07  19:00:00,0.0 
 09/07  20:00:00,0.0 
 09/07  21:00:00,0.0 
 09/07  22:00:00,0.0 
 09/07  23:00:00,0.0 
 09/07  24:00:00,0.0 
 09/08  01:00:00,579680.4456902901 
 09/08  02:00:00,6734008.241049608 
 09/08  03:00:00,18178226.48523973 
 09/08  04:00:00,33611724.88274404 
 09/08  05:00:00,44622598.82784606 
 09/08  06:00:00,50248272.743007004 
 09/08  07:00:00,56777935.360835515 
 09/08  08:00:00,65284541.50757857 
 09/08  09:00:00,75348161.03513554 
 09/08  10:00:00,54120370.08043039 
 09/08  11:00:00,39740061.44179004 
 09/08  12:00:00,20095113.48231034 
 09/08  13:00:00,2775342.8635668824 
 09/08  14:00:00,0.0 
 09/08  15:00:00,0.0 
 09/08  16:00:00,0.0 
 09/08  17:00:00,0.0 
 09/08  18:00:00,0.0 
 09/08  19:00:00,0.0 
 09/08  20:00:00,0.0 
 09/08  21:00:00,0.0 
 09/08  22:00:00,0.0 
 09/08  23:00:00,0.0 
 09/08  24:00:00,18599064.025317192 
 09/09  01:00:00,32485364.13078052 
 09/09  02:00:00,35191938.470673084 
 09/09  03:00:00,44142869.47665119 
 09/09  04:00:00,58035113.24924733 
 09/09  05:00:00,66978791.73294953 
 09/09  06:00:00,67966704.10636744 
 09/09  07:00:00,69392184.5676408 
 09/09  08:00:00,76858672.05704387 
 09/09  09:00:00,92026935.7922899 
 09/09  10:00:00,64077800.86507401 
 09/09  11:00:00,35909165.133475706 
 09/09  12:00:00,9620937.499897277 
 09/09  13:00:00,0.0 
 09/09  14:00:00,0.0 
 09/09  15:00:00,0.0 
 09/09  16:00:00,0.0 
 09/09  17:00:00,0.0 
 09/09  18:00:00,0.0 
 09/09  19:00:00,0.0 
 09/09  20:00:00,0.0 
 09/09  21:00:00,0.0 
 09/09  22:00:00,0.0 
 09/09  23:00:00,0.0 
 09/09  24:00:00,0.0 
 09/10  01:00:00,0.0 
 09/10  02:00:00,4865537.424591905 
 09/10  03:00:00,18323223.437597588 
 09/10  04:00:00,34866423.45091333 
 09/10  05:00:00,50352569.72133319 
 09/10  06:00:00,62323739.27413737 
 09/10  07:00:00,70136696.84779753 
 09/10  08:00:00,75414919.79174043 
 09/10  09:00:00,86637979.81981549 
 09/10  10:00:00,57088582.7856559 
 09/10  11:00:00,27047077.72548079 
 09/10  12:00:00,2568208.8066814584 
 09/10  13:00:00,0.0 
 09/10  14:00:00,0.0 
 09/10  15:00:00,0.0 
 09/10  16:00:00,0.0 
 09/10  17:00:00,0.0 
 09/10  18:00:00,0.0 
 09/10  19:00:00,0.0 
 09/10  20:00:00,0.0 
 09/10  21:00:00,0.0 
 09/10  22:00:00,0.0 
 09/10  23:00:00,0.0 
 09/10  24:00:00,0.0 
 09/11  01:00:00,0.0 
 09/11  02:00:00,0.0 
 09/11  03:00:00,2728223.28903334 
 09/11  04:00:00,18995710.185834404 
 09/11  05:00:00,46471898.84682863 
 09/11  06:00:00,57463947.40726574 
 09/11  07:00:00,65738690.2987988 
 09/11  08:00:00,72146656.55810282 
 09/11  09:00:00,65212424.09005207 
 09/11  10:00:00,30428987.73476871 
 09/11  11:00:00,2623035.242704628 
 09/11  12:00:00,0.0 
 09/11  13:00:00,0.0 
 09/11  14:00:00,0.0 
 09/11  15:00:00,0.0 
 09/11  16:00:00,0.0 
 09/11  17:00:00,0.0 
 09/11  18:00:00,0.0 
 09/11  19:00:00,0.0 
 09/11  20:00:00,0.0 
 09/11  21:00:00,0.0 
 09/11  22:00:00,0.0 
 09/11  23:00:00,0.0 
 09/11  24:00:00,0.0 
 09/12  01:00:00,0.0 
 09/12  02:00:00,0.0 
 09/12  03:00:00,0.0 
 09/12  04:00:00,4768216.15506378 
 09/12  05:00:00,21648150.180270884 
 09/12  06:00:00,32243236.44469863 
 09/12  07:00:00,38614310.49897136 
 09/12  08:00:00,42687437.74339137 
 09/12  09:00:00,40222715.08139904 
 09/12  10:00:00,14873783.096021531 
 09/12  11:00:00,0.0 
 09/12  12:00:00,0.0 
 09/12  13:00:00,0.0 
 09/12  14:00:00,0.0 
 09/12  15:00:00,0.0 
 09/12  16:00:00,0.0 
 09/12  17:00:00,0.0 
 09/12  18:00:00,0.0 
 09/12  19:00:00,0.0 
 09/12  20:00:00,0.0 
 09/12  21:00:00,0.0 
 09/12  22:00:00,0.0 
 09/12  23:00:00,0.0 
 09/12  24:00:00,0.0 
 09/13  01:00:00,0.0 
 09/13  02:00:00,0.0 
 09/13  03:00:00,0.0 
 09/13  04:00:00,0.0 
 09/13  05:00:00,0.0 
 09/13  06:00:00,0.0 
 09/13  07:00:00,0.0 
 09/13  08:00:00,0.0 
 09/13  09:00:00,14933459.301965952 
 09/13  10:00:00,2835792.794087366 
 09/13  11:00:00,0.0 
 09/13  12:00:00,0.0 
 09/13  13:00:00,0.0 
 09/13  14:00:00,0.0 
 09/13  15:00:00,0.0 
 09/13  16:00:00,0.0 
 09/13  17:00:00,0.0 
 09/13  18:00:00,0.0 
 09/13  19:00:00,0.0 
 09/13  20:00:00,0.0 
 09/13  21:00:00,0.0 
 09/13  22:00:00,0.0 
 09/13  23:00:00,0.0 
 09/13  24:00:00,0.0 
 09/14  01:00:00,0.0 
 09/14  02:00:00,0.0 
 09/14  03:00:00,0.0 
 09/14  04:00:00,0.0 
 09/14  05:00:00,0.0 
 09/14  06:00:00,0.0 
 09/14  07:00:00,2022436.762517842 
 09/14  08:00:00,15542598.233383276 
 09/14  09:00:00,32796509.792159624 
 09/14  10:00:00,9376515.287207007 
 09/14  11:00:00,0.0 
 09/14  12:00:00,0.0 
 09/14  13:00:00,0.0 
 09/14  14:00:00,0.0 
 09/14  15:00:00,0.0 
 09/14  16:00:00,0.0 
 09/14  17:00:00,0.0 
 09/14  18:00:00,0.0 
 09/14  19:00:00,0.0 
 09/14  20:00:00,0.0 
 09/14  21:00:00,0.0 
 09/14  22:00:00,0.0 
 09/14  23:00:00,0.0 
 09/14  24:00:00,0.0 
 09/15  01:00:00,0.0 
 09/15  02:00:00,0.0 
 09/15  03:00:00,0.0 
 09/15  04:00:00,0.0 
 09/15  05:00:00,0.0 
 09/15  06:00:00,0.0 
 09/15  07:00:00,678911.3012660877 
 09/15  08:00:00,7979695.520248333 
 09/15  09:00:00,22321394.79277949 
 09/15  10:00:00,5058672.349006729 
 09/15  11:00:00,0.0 
 09/15  12:00:00,0.0 
 09/15  13:00:00,0.0 
 09/15  14:00:00,0.0 
 09/15  15:00:00,0.0 
 09/15  16:00:00,0.0 
 09/15  17:00:00,0.0 
 09/15  18:00:00,0.0 
 09/15  19:00:00,0.0 
 09/15  20:00:00,0.0 
 09/15  21:00:00,0.0 
 09/15  22:00:00,0.0 
 09/15  23:00:00,0.0 
 09/15  24:00:00,0.0 
 09/16  01:00:00,0.0 
 09/16  02:00:00,0.0 
 09/16  03:00:00,0.0 
 09/16  04:00:00,0.0 
 09/16  05:00:00,0.0 
 09/16  06:00:00,0.0 
 09/16  07:00:00,0.0 
 09/16  08:00:00,0.0 
 09/16  09:00:00,0.0 
 09/16  10:00:00,0.0 
 09/16  11:00:00,0.0 
 09/16  12:00:00,0.0 
 09/16  13:00:00,0.0 
 09/16  14:00:00,0.0 
 09/16  15:00:00,0.0 
 09/16  16:00:00,0.0 
 09/16  17:00:00,0.0 
 09/16  18:00:00,0.0 
 09/16  19:00:00,0.0 
 09/16  20:00:00,0.0 
 09/16  21:00:00,0.0 
 09/16  22:00:00,0.0 
 09/16  23:00:00,0.0 
 09/16  24:00:00,0.0 
 09/17  01:00:00,0.0 
 09/17  02:00:00,0.0 
 09/17  03:00:00,0.0 
 09/17  04:00:00,0.0 
 09/17  05:00:00,0.0 
 09/17  06:00:00,4295041.213329008 
 09/17  07:00:00,9172124.610924209 
 09/17  08:00:00,10799779.405346245 
 09/17  09:00:00,23613960.491538852 
 09/17  10:00:00,17778474.264010414 
 09/17  11:00:00,11168532.62317276 
 09/17  12:00:00,1257711.674313806 
 09/17  13:00:00,0.0 
 09/17  14:00:00,0.0 
 09/17  15:00:00,0.0 
 09/17  16:00:00,0.0 
 09/17  17:00:00,0.0 
 09/17  18:00:00,0.0 
 09/17  19:00:00,0.0 
 09/17  20:00:00,0.0 
 09/17  21:00:00,0.0 
 09/17  22:00:00,0.0 
 09/17  23:00:00,6321742.196380464 
 09/17  24:00:00,13354719.457051555 
 09/18  01:00:00,17980300.79146646 
 09/18  02:00:00,22300208.26973047 
 09/18  03:00:00,24987555.780867524 
 09/18  04:00:00,30027474.626796506 
 09/18  05:00:00,49576283.59366432 
 09/18  06:00:00,55421366.45048446 
 09/18  07:00:00,59309794.22603084 
 09/18  08:00:00,61936519.361230426 
 09/18  09:00:00,62540622.384603284 
 09/18  10:00:00,56020739.519348644 
 09/18  11:00:00,46823521.78026462 
 09/18  12:00:00,31327830.93449719 
 09/18  13:00:00,18264367.648701385 
 09/18  14:00:00,14397062.08299205 
 09/18  15:00:00,10015259.819538904 
 09/18  16:00:00,2167114.779697778 
 09/18  17:00:00,0.0 
 09/18  18:00:00,0.0 
 09/18  19:00:00,0.0 
 09/18  20:00:00,0.0 
 09/18  21:00:00,0.0 
 09/18  22:00:00,2192952.1914927405 
 09/18  23:00:00,14839587.159892496 
 09/18  24:00:00,28729909.13370301 
 09/19  01:00:00,38519514.12643001 
 09/19  02:00:00,47173522.22802938 
 09/19  03:00:00,59104460.48674779 
 09/19  04:00:00,70148613.69749682 
 09/19  05:00:00,77996693.32102741 
 09/19  06:00:00,84939338.33539525 
 09/19  07:00:00,91699313.99018444 
 09/19  08:00:00,96758048.55255672 
 09/19  09:00:00,93056980.5007969 
 09/19  10:00:00,68920551.24025668 
 09/19  11:00:00,45155693.17729675 
 09/19  12:00:00,20009401.413022533 
 09/19  13:00:00,858334.6752745332 
 09/19  14:00:00,0.0 
 09/19  15:00:00,0.0 
 09/19  16:00:00,0.0 
 09/19  17:00:00,0.0 
 09/19  18:00:00,0.0 
 09/19  19:00:00,0.0 
 09/19  20:00:00,0.0 
 09/19  21:00:00,0.0 
 09/19  22:00:00,0.0 
 09/19  23:00:00,0.0 
 09/19  24:00:00,1075963.9011986204 
 09/20  01:00:00,18619870.667676058 
 09/20  02:00:00,33520306.438038137 
 09/20  03:00:00,44260711.24516649 
 09/20  04:00:00,50203973.76000811 
 09/20  05:00:00,42719398.11085199 
 09/20  06:00:00,43991422.59229131 
 09/20  07:00:00,45075546.27651216 
 09/20  08:00:00,45167261.58804565 
 09/20  09:00:00,54223273.06057572 
 09/20  10:00:00,39768299.93355078 
 09/20  11:00:00,27368913.828337625 
 09/20  12:00:00,12266310.812768029 
 09/20  13:00:00,3635952.0697282045 
 09/20  14:00:00,0.0 
 09/20  15:00:00,0.0 
 09/20  16:00:00,0.0 
 09/20  17:00:00,0.0 
 09/20  18:00:00,0.0 
 09/20  19:00:00,0.0 
 09/20  20:00:00,792448.6390815116 
 09/20  21:00:00,2075796.8076510122 
 09/20  22:00:00,8510316.8216474 
 09/20  23:00:00,18540558.13140484 
 09/20  24:00:00,26322098.144570857 
 09/21  01:00:00,31450344.13149034 
 09/21  02:00:00,36522816.70705442 
 09/21  03:00:00,44671572.785297506 
 09/21  04:00:00,50635931.55860021 
 09/21  05:00:00,55173271.73378407 
 09/21  06:00:00,59435011.893741645 
 09/21  07:00:00,59966436.724821515 
 09/21  08:00:00,59694337.6337763 
 09/21  09:00:00,71529763.52839814 
 09/21  10:00:00,53012983.768151954 
 09/21  11:00:00,33353165.885865748 
 09/21  12:00:00,11669394.74213751 
 09/21  13:00:00,0.0 
 09/21  14:00:00,0.0 
 09/21  15:00:00,0.0 
 09/21  16:00:00,0.0 
 09/21  17:00:00,0.0 
 09/21  18:00:00,0.0 
 09/21  19:00:00,0.0 
 09/21  20:00:00,0.0 
 09/21  21:00:00,0.0 
 09/21  22:00:00,0.0 
 09/21  23:00:00,0.0 
 09/21  24:00:00,0.0 
 09/22  01:00:00,0.0 
 09/22  02:00:00,5670298.778417485 
 09/22  03:00:00,26609802.218945082 
 09/22  04:00:00,44548407.34501837 
 09/22  05:00:00,55365091.11474456 
 09/22  06:00:00,54242552.62139325 
 09/22  07:00:00,52181971.73748405 
 09/22  08:00:00,52639222.563364625 
 09/22  09:00:00,61331850.86821087 
 09/22  10:00:00,38956420.92899487 
 09/22  11:00:00,17264169.396070067 
 09/22  12:00:00,815212.173403264 
 09/22  13:00:00,0.0 
 09/22  14:00:00,0.0 
 09/22  15:00:00,0.0 
 09/22  16:00:00,0.0 
 09/22  17:00:00,0.0 
 09/22  18:00:00,0.0 
 09/22  19:00:00,0.0 
 09/22  20:00:00,0.0 
 09/22  21:00:00,0.0 
 09/22  22:00:00,0.0 
 09/22  23:00:00,0.0 
 09/22  24:00:00,0.0 
 09/23  01:00:00,0.0 
 09/23  02:00:00,0.0 
 09/23  03:00:00,0.0 
 09/23  04:00:00,0.0 
 09/23  05:00:00,0.0 
 09/23  06:00:00,0.0 
 09/23  07:00:00,0.0 
 09/23  08:00:00,694069.2848653067 
 09/23  09:00:00,19648794.051577687 
 09/23  10:00:00,14942104.452548444 
 09/23  11:00:00,6115941.528739455 
 09/23  12:00:00,0.0 
 09/23  13:00:00,0.0 
 09/23  14:00:00,0.0 
 09/23  15:00:00,0.0 
 09/23  16:00:00,0.0 
 09/23  17:00:00,0.0 
 09/23  18:00:00,0.0 
 09/23  19:00:00,0.0 
 09/23  20:00:00,0.0 
 09/23  21:00:00,0.0 
 09/23  22:00:00,0.0 
 09/23  23:00:00,825306.7094709026 
 09/23  24:00:00,2637954.4548733276 
 09/24  01:00:00,3654204.3859533384 
 09/24  02:00:00,10005297.665397102 
 09/24  03:00:00,23829635.716506537 
 09/24  04:00:00,42954069.90973978 
 09/24  05:00:00,55039982.05621587 
 09/24  06:00:00,57725003.25850858 
 09/24  07:00:00,58723667.19369988 
 09/24  08:00:00,61900089.30715819 
 09/24  09:00:00,73857424.26418015 
 09/24  10:00:00,53288971.99126507 
 09/24  11:00:00,33808403.26285341 
 09/24  12:00:00,11474893.957405595 
 09/24  13:00:00,0.0 
 09/24  14:00:00,0.0 
 09/24  15:00:00,0.0 
 09/24  16:00:00,0.0 
 09/24  17:00:00,0.0 
 09/24  18:00:00,0.0 
 09/24  19:00:00,0.0 
 09/24  20:00:00,0.0 
 09/24  21:00:00,0.0 
 09/24  22:00:00,0.0 
 09/24  23:00:00,5130624.77956944 
 09/24  24:00:00,24285631.951019622 
 09/25  01:00:00,38449237.328571185 
 09/25  02:00:00,47882739.867970355 
 09/25  03:00:00,60754258.26254623 
 09/25  04:00:00,72284393.39332211 
 09/25  05:00:00,94393820.6704861 
 09/25  06:00:00,102575591.4101043 
 09/25  07:00:00,111734642.7933917 
 09/25  08:00:00,118809595.65427572 
 09/25  09:00:00,116226761.54863459 
 09/25  10:00:00,94877495.60156108 
 09/25  11:00:00,74704362.46461804 
 09/25  12:00:00,57117262.80536147 
 09/25  13:00:00,40477030.31716417 
 09/25  14:00:00,31455428.43199095 
 09/25  15:00:00,24504900.75949179 
 09/25  16:00:00,17205606.883638922 
 09/25  17:00:00,11217185.238754401 
 09/25  18:00:00,8765937.131699372 
 09/25  19:00:00,13297120.550619043 
 09/25  20:00:00,22783140.796993244 
 09/25  21:00:00,31052014.355312727 
 09/25  22:00:00,40969655.562993556 
 09/25  23:00:00,54874441.84162663 
 09/25  24:00:00,58124045.30852937 
 09/26  01:00:00,69631507.91544887 
 09/26  02:00:00,79220228.73907748 
 09/26  03:00:00,89737309.2496999 
 09/26  04:00:00,105806250.7747725 
 09/26  05:00:00,134930488.3428791 
 09/26  06:00:00,146921206.69919947 
 09/26  07:00:00,155002056.8961957 
 09/26  08:00:00,160704578.71139002 
 09/26  09:00:00,155831056.3824154 
 09/26  10:00:00,128423434.0706473 
 09/26  11:00:00,105006836.11999132 
 09/26  12:00:00,84168973.47475964 
 09/26  13:00:00,64287841.74055983 
 09/26  14:00:00,54619408.38580195 
 09/26  15:00:00,45056484.15333111 
 09/26  16:00:00,34292507.629392296 
 09/26  17:00:00,24820406.94154323 
 09/26  18:00:00,20208804.83066265 
 09/26  19:00:00,24120887.93185033 
 09/26  20:00:00,36052038.73836537 
 09/26  21:00:00,46044324.509185806 
 09/26  22:00:00,56813992.98011079 
 09/26  23:00:00,77997033.37696403 
 09/26  24:00:00,98053780.97395088 
 09/27  01:00:00,109802098.86600403 
 09/27  02:00:00,117860024.03034157 
 09/27  03:00:00,125138123.26312667 
 09/27  04:00:00,130478242.5020809 
 09/27  05:00:00,133455666.91661951 
 09/27  06:00:00,145356958.0739253 
 09/27  07:00:00,150640203.18937498 
 09/27  08:00:00,154991350.60895395 
 09/27  09:00:00,165542598.98073876 
 09/27  10:00:00,134932181.82596907 
 09/27  11:00:00,100782711.993808 
 09/27  12:00:00,60923130.210156724 
 09/27  13:00:00,29745348.227114767 
 09/27  14:00:00,14713743.63793151 
 09/27  15:00:00,10754361.056387682 
 09/27  16:00:00,0.0 
 09/27  17:00:00,0.0 
 09/27  18:00:00,0.0 
 09/27  19:00:00,0.0 
 09/27  20:00:00,0.0 
 09/27  21:00:00,0.0 
 09/27  22:00:00,0.0 
 09/27  23:00:00,14318500.172074547 
 09/27  24:00:00,46947290.17973819 
 09/28  01:00:00,58314612.64069912 
 09/28  02:00:00,65466469.66226274 
 09/28  03:00:00,83579677.3234755 
 09/28  04:00:00,101158659.6113622 
 09/28  05:00:00,114352912.14459826 
 09/28  06:00:00,123746152.77460197 
 09/28  07:00:00,131583632.93937007 
 09/28  08:00:00,138639012.90025738 
 09/28  09:00:00,149510073.18835902 
 09/28  10:00:00,116707417.24799235 
 09/28  11:00:00,80297129.18536171 
 09/28  12:00:00,41276166.58047075 
 09/28  13:00:00,12095742.466706749 
 09/28  14:00:00,317562.46459479444 
 09/28  15:00:00,0.0 
 09/28  16:00:00,0.0 
 09/28  17:00:00,0.0 
 09/28  18:00:00,0.0 
 09/28  19:00:00,0.0 
 09/28  20:00:00,0.0 
 09/28  21:00:00,0.0 
 09/28  22:00:00,0.0 
 09/28  23:00:00,10908104.835126664 
 09/28  24:00:00,33587950.5760103 
 09/29  01:00:00,53017321.06325183 
 09/29  02:00:00,69477600.71168076 
 09/29  03:00:00,83919209.93423627 
 09/29  04:00:00,100648546.6479967 
 09/29  05:00:00,120143317.08350103 
 09/29  06:00:00,131736851.32259348 
 09/29  07:00:00,134774528.63287714 
 09/29  08:00:00,135860216.3142118 
 09/29  09:00:00,141922762.05018544 
 09/29  10:00:00,105653770.77706361 
 09/29  11:00:00,69309886.14433517 
 09/29  12:00:00,26052371.654534306 
 09/29  13:00:00,0.0 
 09/29  14:00:00,0.0 
 09/29  15:00:00,0.0 
 09/29  16:00:00,0.0 
 09/29  17:00:00,0.0 
 09/29  18:00:00,0.0 
 09/29  19:00:00,0.0 
 09/29  20:00:00,0.0 
 09/29  21:00:00,0.0 
 09/29  22:00:00,0.0 
 09/29  23:00:00,0.0 
 09/29  24:00:00,3429027.3075603414 
 09/30  01:00:00,9495337.67228747 
 09/30  02:00:00,21763391.986222707 
 09/30  03:00:00,39482373.589322686 
 09/30  04:00:00,63240800.38402561 
 09/30  05:00:00,80328153.25136566 
 09/30  06:00:00,91654455.3895236 
 09/30  07:00:00,99774847.57581252 
 09/30  08:00:00,104885070.68983984 
 09/30  09:00:00,120505346.49831991 
 09/30  10:00:00,91920542.68485147 
 09/30  11:00:00,59375707.06986931 
 09/30  12:00:00,21780176.997897424 
 09/30  13:00:00,0.0 
 09/30  14:00:00,0.0 
 09/30  15:00:00,0.0 
 09/30  16:00:00,0.0 
 09/30  17:00:00,0.0 
 09/30  18:00:00,0.0 
 09/30  19:00:00,0.0 
 09/30  20:00:00,0.0 
 09/30  21:00:00,0.0 
 09/30  22:00:00,0.0 
 09/30  23:00:00,0.0 
 09/30  24:00:00,3860604.0813200525 
 10/01  01:00:00,18798382.212188117 
 10/01  02:00:00,34030177.50807878 
 10/01  03:00:00,51237875.79225817 
 10/01  04:00:00,72398849.34601137 
 10/01  05:00:00,84474523.37663852 
 10/01  06:00:00,91625275.54130527 
 10/01  07:00:00,102310789.073392 
 10/01  08:00:00,111124716.63665454 
 10/01  09:00:00,124169707.50284907 
 10/01  10:00:00,94978853.61649875 
 10/01  11:00:00,64430848.57566477 
 10/01  12:00:00,27611339.052708264 
 10/01  13:00:00,551574.1649833275 
 10/01  14:00:00,0.0 
 10/01  15:00:00,0.0 
 10/01  16:00:00,0.0 
 10/01  17:00:00,0.0 
 10/01  18:00:00,0.0 
 10/01  19:00:00,0.0 
 10/01  20:00:00,0.0 
 10/01  21:00:00,0.0 
 10/01  22:00:00,0.0 
 10/01  23:00:00,10586750.003732799 
 10/01  24:00:00,22605020.599313688 
 10/02  01:00:00,25087792.135229137 
 10/02  02:00:00,33463574.54450161 
 10/02  03:00:00,42960409.063482575 
 10/02  04:00:00,56571526.65136704 
 10/02  05:00:00,81474996.29050143 
 10/02  06:00:00,89117497.95322274 
 10/02  07:00:00,96512709.80499394 
 10/02  08:00:00,102535159.83363907 
 10/02  09:00:00,111254239.02889216 
 10/02  10:00:00,88905815.57419956 
 10/02  11:00:00,54774525.995160624 
 10/02  12:00:00,23081866.45570093 
 10/02  13:00:00,661242.123562214 
 10/02  14:00:00,0.0 
 10/02  15:00:00,0.0 
 10/02  16:00:00,0.0 
 10/02  17:00:00,0.0 
 10/02  18:00:00,0.0 
 10/02  19:00:00,0.0 
 10/02  20:00:00,0.0 
 10/02  21:00:00,0.0 
 10/02  22:00:00,85836.7329710629 
 10/02  23:00:00,19531489.457025763 
 10/02  24:00:00,43816679.40157856 
 10/03  01:00:00,60283077.79481022 
 10/03  02:00:00,69126443.02540042 
 10/03  03:00:00,76112468.26409063 
 10/03  04:00:00,84266802.57486203 
 10/03  05:00:00,91070301.2774841 
 10/03  06:00:00,91902672.38304731 
 10/03  07:00:00,92841990.62890385 
 10/03  08:00:00,95034770.91255908 
 10/03  09:00:00,91768844.15568222 
 10/03  10:00:00,70484614.25132799 
 10/03  11:00:00,48508968.50798012 
 10/03  12:00:00,39020011.15511007 
 10/03  13:00:00,33900012.74008665 
 10/03  14:00:00,29081472.275378767 
 10/03  15:00:00,23675065.187692735 
 10/03  16:00:00,17789722.59380424 
 10/03  17:00:00,18096281.21882351 
 10/03  18:00:00,18685947.595884934 
 10/03  19:00:00,20060775.490562513 
 10/03  20:00:00,23743463.18429865 
 10/03  21:00:00,26130699.906351667 
 10/03  22:00:00,30509170.821117237 
 10/03  23:00:00,39871424.5826122 
 10/03  24:00:00,52769432.52117258 
 10/04  01:00:00,61942297.70341163 
 10/04  02:00:00,67771980.93396634 
 10/04  03:00:00,74539542.36187854 
 10/04  04:00:00,83657502.72821908 
 10/04  05:00:00,80605204.59154198 
 10/04  06:00:00,81272291.95985703 
 10/04  07:00:00,83439845.47401471 
 10/04  08:00:00,84293064.73861702 
 10/04  09:00:00,94856833.55821012 
 10/04  10:00:00,85421779.49410908 
 10/04  11:00:00,74014932.4836971 
 10/04  12:00:00,47419248.85830938 
 10/04  13:00:00,26399577.972355906 
 10/04  14:00:00,17517192.36481731 
 10/04  15:00:00,17582350.869411416 
 10/04  16:00:00,4476359.184301598 
 10/04  17:00:00,22754.71614289563 
 10/04  18:00:00,0.0 
 10/04  19:00:00,3262491.1413873313 
 10/04  20:00:00,13740967.199394386 
 10/04  21:00:00,26598777.076711588 
 10/04  22:00:00,32948152.05664442 
 10/04  23:00:00,44476045.901747905 
 10/04  24:00:00,68546061.16709647 
 10/05  01:00:00,87572141.78373283 
 10/05  02:00:00,98676863.67863126 
 10/05  03:00:00,111616852.64592892 
 10/05  04:00:00,127635057.59863618 
 10/05  05:00:00,144249884.00269434 
 10/05  06:00:00,158338816.78064892 
 10/05  07:00:00,165265438.41727382 
 10/05  08:00:00,167244910.4167236 
 10/05  09:00:00,178461061.26755843 
 10/05  10:00:00,147485240.61286035 
 10/05  11:00:00,113119098.06082599 
 10/05  12:00:00,72408119.16472672 
 10/05  13:00:00,40756006.28636117 
 10/05  14:00:00,27746105.027768005 
 10/05  15:00:00,23954565.548817106 
 10/05  16:00:00,6934486.243134052 
 10/05  17:00:00,32514.742410904728 
 10/05  18:00:00,0.0 
 10/05  19:00:00,0.0 
 10/05  20:00:00,10427495.127840156 
 10/05  21:00:00,24489779.17827114 
 10/05  22:00:00,25732416.781282216 
 10/05  23:00:00,35254423.429401845 
 10/05  24:00:00,50100588.672353506 
 10/06  01:00:00,59250835.61817325 
 10/06  02:00:00,65836793.555721834 
 10/06  03:00:00,72759678.1898152 
 10/06  04:00:00,83144307.69345865 
 10/06  05:00:00,97298427.4104029 
 10/06  06:00:00,107198573.11235616 
 10/06  07:00:00,113275115.20429057 
 10/06  08:00:00,119684252.41657545 
 10/06  09:00:00,141101003.52203962 
 10/06  10:00:00,118867746.76200236 
 10/06  11:00:00,87571050.92368504 
 10/06  12:00:00,48521467.03027992 
 10/06  13:00:00,17403810.15349988 
 10/06  14:00:00,3852997.7416659705 
 10/06  15:00:00,597433.7549763615 
 10/06  16:00:00,0.0 
 10/06  17:00:00,0.0 
 10/06  18:00:00,0.0 
 10/06  19:00:00,0.0 
 10/06  20:00:00,0.0 
 10/06  21:00:00,0.0 
 10/06  22:00:00,0.0 
 10/06  23:00:00,15762154.106740003 
 10/06  24:00:00,35098166.95317506 
 10/07  01:00:00,43031504.88536465 
 10/07  02:00:00,51684602.42405164 
 10/07  03:00:00,64036230.43669258 
 10/07  04:00:00,68861955.0175904 
 10/07  05:00:00,71799826.23222698 
 10/07  06:00:00,76288276.7618129 
 10/07  07:00:00,79490527.96337073 
 10/07  08:00:00,83296424.97443852 
 10/07  09:00:00,96306033.69168492 
 10/07  10:00:00,75606338.6499943 
 10/07  11:00:00,56039033.403340384 
 10/07  12:00:00,23648627.310836192 
 10/07  13:00:00,0.0 
 10/07  14:00:00,0.0 
 10/07  15:00:00,0.0 
 10/07  16:00:00,0.0 
 10/07  17:00:00,0.0 
 10/07  18:00:00,0.0 
 10/07  19:00:00,0.0 
 10/07  20:00:00,0.0 
 10/07  21:00:00,0.0 
 10/07  22:00:00,0.0 
 10/07  23:00:00,0.0 
 10/07  24:00:00,11131959.937443165 
 10/08  01:00:00,22414682.5199295 
 10/08  02:00:00,28975173.18186014 
 10/08  03:00:00,38188368.80992126 
 10/08  04:00:00,43433135.669387154 
 10/08  05:00:00,43571899.68852449 
 10/08  06:00:00,42309354.23387265 
 10/08  07:00:00,38600877.35719797 
 10/08  08:00:00,37952493.37492422 
 10/08  09:00:00,52212365.0590027 
 10/08  10:00:00,41814682.33179533 
 10/08  11:00:00,30514552.35992434 
 10/08  12:00:00,10565595.527172472 
 10/08  13:00:00,0.0 
 10/08  14:00:00,0.0 
 10/08  15:00:00,0.0 
 10/08  16:00:00,0.0 
 10/08  17:00:00,0.0 
 10/08  18:00:00,0.0 
 10/08  19:00:00,0.0 
 10/08  20:00:00,0.0 
 10/08  21:00:00,0.0 
 10/08  22:00:00,0.0 
 10/08  23:00:00,0.0 
 10/08  24:00:00,0.0 
 10/09  01:00:00,0.0 
 10/09  02:00:00,0.0 
 10/09  03:00:00,0.0 
 10/09  04:00:00,2850972.005791508 
 10/09  05:00:00,24892974.886710178 
 10/09  06:00:00,28796001.587639704 
 10/09  07:00:00,29057289.188176032 
 10/09  08:00:00,30406609.044425927 
 10/09  09:00:00,31767356.86538334 
 10/09  10:00:00,30968947.913210284 
 10/09  11:00:00,29445293.44856772 
 10/09  12:00:00,38182501.43998387 
 10/09  13:00:00,50213315.94489966 
 10/09  14:00:00,52838358.882780045 
 10/09  15:00:00,50683146.18058235 
 10/09  16:00:00,46339779.377551146 
 10/09  17:00:00,47882216.44664608 
 10/09  18:00:00,53301062.60625275 
 10/09  19:00:00,61894481.39685566 
 10/09  20:00:00,73416618.88913037 
 10/09  21:00:00,80917718.3313548 
 10/09  22:00:00,84454744.32483873 
 10/09  23:00:00,95784223.77289106 
 10/09  24:00:00,110943212.32008949 
 10/10  01:00:00,120352437.32642986 
 10/10  02:00:00,126079374.51822552 
 10/10  03:00:00,129435994.99597174 
 10/10  04:00:00,135392164.28351015 
 10/10  05:00:00,138539254.86183432 
 10/10  06:00:00,139943738.92086935 
 10/10  07:00:00,141685599.66709277 
 10/10  08:00:00,140263112.4510631 
 10/10  09:00:00,138012920.69439262 
 10/10  10:00:00,132343343.08690844 
 10/10  11:00:00,122918171.35337703 
 10/10  12:00:00,99996380.477739 
 10/10  13:00:00,79961252.54988997 
 10/10  14:00:00,75170128.59279843 
 10/10  15:00:00,71607753.19656827 
 10/10  16:00:00,65085812.28159821 
 10/10  17:00:00,57134947.43945793 
 10/10  18:00:00,54407814.40879813 
 10/10  19:00:00,59702885.544251546 
 10/10  20:00:00,69239243.85985601 
 10/10  21:00:00,77333937.4583804 
 10/10  22:00:00,86111264.7985336 
 10/10  23:00:00,102228081.0203669 
 10/10  24:00:00,105448611.6325306 
 10/11  01:00:00,102751298.27028382 
 10/11  02:00:00,109870991.93204853 
 10/11  03:00:00,120587310.01471019 
 10/11  04:00:00,127696410.32547891 
 10/11  05:00:00,118993155.2646866 
 10/11  06:00:00,118952898.37893948 
 10/11  07:00:00,121863898.79452915 
 10/11  08:00:00,123760865.68160094 
 10/11  09:00:00,125368143.3853444 
 10/11  10:00:00,106977253.66837822 
 10/11  11:00:00,98095025.81981742 
 10/11  12:00:00,77030469.16249886 
 10/11  13:00:00,59585158.79924822 
 10/11  14:00:00,49219019.049249254 
 10/11  15:00:00,48618919.782988265 
 10/11  16:00:00,40901093.04357323 
 10/11  17:00:00,38339706.47911826 
 10/11  18:00:00,38123765.88372061 
 10/11  19:00:00,41966660.37159636 
 10/11  20:00:00,52057048.70929818 
 10/11  21:00:00,61162271.29515931 
 10/11  22:00:00,67141572.97123861 
 10/11  23:00:00,74960551.23542415 
 10/11  24:00:00,80032414.1211195 
 10/12  01:00:00,84595897.0794027 
 10/12  02:00:00,88551404.38330114 
 10/12  03:00:00,93831489.42039035 
 10/12  04:00:00,99744999.29930738 
 10/12  05:00:00,101682016.70293804 
 10/12  06:00:00,99487715.19441569 
 10/12  07:00:00,99922879.75081906 
 10/12  08:00:00,102785283.44029045 
 10/12  09:00:00,116235300.46164694 
 10/12  10:00:00,104386871.48466946 
 10/12  11:00:00,86373088.55383581 
 10/12  12:00:00,61442501.1795344 
 10/12  13:00:00,41737447.31163491 
 10/12  14:00:00,34046609.43417455 
 10/12  15:00:00,39997084.04191683 
 10/12  16:00:00,29472635.894881614 
 10/12  17:00:00,23763733.77163707 
 10/12  18:00:00,20274122.88640947 
 10/12  19:00:00,21691686.914308786 
 10/12  20:00:00,24982846.643887848 
 10/12  21:00:00,31798105.02747504 
 10/12  22:00:00,42513288.06175698 
 10/12  23:00:00,56227321.07749922 
 10/12  24:00:00,71213684.47188953 
 10/13  01:00:00,79462935.8304506 
 10/13  02:00:00,82315710.28721872 
 10/13  03:00:00,86739610.63289183 
 10/13  04:00:00,95562883.0135059 
 10/13  05:00:00,106365411.3730407 
 10/13  06:00:00,114054841.77191623 
 10/13  07:00:00,116055915.37379338 
 10/13  08:00:00,115067311.47052625 
 10/13  09:00:00,125939558.21731745 
 10/13  10:00:00,106641102.80089808 
 10/13  11:00:00,83011256.0248052 
 10/13  12:00:00,54851946.682243146 
 10/13  13:00:00,35146967.14691146 
 10/13  14:00:00,21084804.593778543 
 10/13  15:00:00,14900333.27601885 
 10/13  16:00:00,812293.2211563342 
 10/13  17:00:00,0.0 
 10/13  18:00:00,0.0 
 10/13  19:00:00,10936.2567455275 
 10/13  20:00:00,6845767.211441417 
 10/13  21:00:00,16125231.133315923 
 10/13  22:00:00,26356903.875836954 
 10/13  23:00:00,40360429.560765564 
 10/13  24:00:00,50634585.675056465 
 10/14  01:00:00,59487980.9823115 
 10/14  02:00:00,69001578.41363995 
 10/14  03:00:00,76144030.98491302 
 10/14  04:00:00,90809317.94843833 
 10/14  05:00:00,105722690.81506231 
 10/14  06:00:00,115102490.77081409 
 10/14  07:00:00,122671832.8932203 
 10/14  08:00:00,127909575.05465144 
 10/14  09:00:00,142741066.84424046 
 10/14  10:00:00,121622616.66088295 
 10/14  11:00:00,93720955.19356503 
 10/14  12:00:00,58778392.22706351 
 10/14  13:00:00,32778696.998135112 
 10/14  14:00:00,20686231.85899537 
 10/14  15:00:00,18766025.985166315 
 10/14  16:00:00,5226925.863727718 
 10/14  17:00:00,84132.34411437297 
 10/14  18:00:00,0.0 
 10/14  19:00:00,4021323.747430346 
 10/14  20:00:00,21583281.016216964 
 10/14  21:00:00,32491257.867352586 
 10/14  22:00:00,39704251.107254654 
 10/14  23:00:00,65047368.22367488 
 10/14  24:00:00,86987749.07762863 
 10/15  01:00:00,95780915.89517528 
 10/15  02:00:00,107274372.91192432 
 10/15  03:00:00,123867972.13344617 
 10/15  04:00:00,139444005.95245937 
 10/15  05:00:00,152881150.5733307 
 10/15  06:00:00,163006608.9734527 
 10/15  07:00:00,168721589.3730542 
 10/15  08:00:00,173416635.11239374 
 10/15  09:00:00,186606129.44182885 
 10/15  10:00:00,164376603.95241827 
 10/15  11:00:00,135505233.2476058 
 10/15  12:00:00,98454207.52699664 
 10/15  13:00:00,70544197.27820753 
 10/15  14:00:00,56739701.00697675 
 10/15  15:00:00,53447728.69583582 
 10/15  16:00:00,37547026.925878674 
 10/15  17:00:00,27357169.48033059 
 10/15  18:00:00,22674696.19301803 
 10/15  19:00:00,30928336.315794885 
 10/15  20:00:00,42012360.13590117 
 10/15  21:00:00,56907792.655784674 
 10/15  22:00:00,71794821.08521914 
 10/15  23:00:00,91146095.24936937 
 10/15  24:00:00,110230260.39874914 
 10/16  01:00:00,121423657.98056154 
 10/16  02:00:00,132370440.30515976 
 10/16  03:00:00,146513212.68442667 
 10/16  04:00:00,162603472.536116 
 10/16  05:00:00,190473231.7441287 
 10/16  06:00:00,199675058.58809543 
 10/16  07:00:00,203126923.54445624 
 10/16  08:00:00,204382492.85009125 
 10/16  09:00:00,203150722.80490798 
 10/16  10:00:00,185488394.2603586 
 10/16  11:00:00,160813998.30224374 
 10/16  12:00:00,126918163.21606445 
 10/16  13:00:00,99258945.23267387 
 10/16  14:00:00,88708833.92310274 
 10/16  15:00:00,79481906.07579514 
 10/16  16:00:00,68461504.99872263 
 10/16  17:00:00,59013651.7176687 
 10/16  18:00:00,54578644.18304939 
 10/16  19:00:00,65138110.07554481 
 10/16  20:00:00,82100694.31138726 
 10/16  21:00:00,91735128.47995858 
 10/16  22:00:00,98848628.41220729 
 10/16  23:00:00,107223912.94555837 
 10/16  24:00:00,119433678.60919392 
 10/17  01:00:00,133008066.01586396 
 10/17  02:00:00,145015034.71406478 
 10/17  03:00:00,158334590.58558518 
 10/17  04:00:00,169858948.5785398 
 10/17  05:00:00,178731651.31584552 
 10/17  06:00:00,184705988.18366998 
 10/17  07:00:00,186934416.1109629 
 10/17  08:00:00,187727697.93323776 
 10/17  09:00:00,188342584.4029425 
 10/17  10:00:00,172832781.18178716 
 10/17  11:00:00,149359010.7409306 
 10/17  12:00:00,123592741.83373074 
 10/17  13:00:00,102573464.37403661 
 10/17  14:00:00,93003860.15503232 
 10/17  15:00:00,85219816.0314083 
 10/17  16:00:00,76504624.75832158 
 10/17  17:00:00,68717359.83280356 
 10/17  18:00:00,66104186.87998244 
 10/17  19:00:00,77158609.32242481 
 10/17  20:00:00,90692812.95501605 
 10/17  21:00:00,99505635.13047332 
 10/17  22:00:00,111228909.06391126 
 10/17  23:00:00,128073412.6637817 
 10/17  24:00:00,149781755.026617 
 10/18  01:00:00,168724425.067867 
 10/18  02:00:00,181343674.77570432 
 10/18  03:00:00,193709520.00590736 
 10/18  04:00:00,204131668.0502317 
 10/18  05:00:00,209062376.1547684 
 10/18  06:00:00,221595372.64245018 
 10/18  07:00:00,226732584.2014603 
 10/18  08:00:00,231608923.68450356 
 10/18  09:00:00,245681420.4610542 
 10/18  10:00:00,216799659.91448978 
 10/18  11:00:00,183357675.19909057 
 10/18  12:00:00,142079996.1552476 
 10/18  13:00:00,108067058.03730416 
 10/18  14:00:00,91075732.94444858 
 10/18  15:00:00,85114527.35341074 
 10/18  16:00:00,66409977.3850698 
 10/18  17:00:00,54306120.86298592 
 10/18  18:00:00,47843791.34295536 
 10/18  19:00:00,58097678.24148389 
 10/18  20:00:00,79087061.93870273 
 10/18  21:00:00,92857131.80575258 
 10/18  22:00:00,102756257.68434995 
 10/18  23:00:00,123448534.2354979 
 10/18  24:00:00,147399607.53918874 
 10/19  01:00:00,162288793.83928445 
 10/19  02:00:00,172094269.64072326 
 10/19  03:00:00,185846353.6732483 
 10/19  04:00:00,202196831.9743645 
 10/19  05:00:00,213300250.45241597 
 10/19  06:00:00,219447594.14198887 
 10/19  07:00:00,223789196.63193 
 10/19  08:00:00,227831048.7084824 
 10/19  09:00:00,242254158.26955426 
 10/19  10:00:00,213679338.6974706 
 10/19  11:00:00,179621890.788243 
 10/19  12:00:00,132544274.54284677 
 10/19  13:00:00,93943443.85275197 
 10/19  14:00:00,75970702.11013101 
 10/19  15:00:00,68278829.34267932 
 10/19  16:00:00,44800061.36402468 
 10/19  17:00:00,25432795.370404772 
 10/19  18:00:00,14913213.054538097 
 10/19  19:00:00,26505075.617216878 
 10/19  20:00:00,50843009.030899465 
 10/19  21:00:00,67286051.58118398 
 10/19  22:00:00,79577649.36287801 
 10/19  23:00:00,106702846.51683055 
 10/19  24:00:00,132348249.40597188 
 10/20  01:00:00,151843671.10311818 
 10/20  02:00:00,168071643.45986167 
 10/20  03:00:00,178243376.5527078 
 10/20  04:00:00,189754653.76843935 
 10/20  05:00:00,202871385.6875599 
 10/20  06:00:00,212834359.86548707 
 10/20  07:00:00,218307327.42567226 
 10/20  08:00:00,222268149.69827998 
 10/20  09:00:00,234976095.88134292 
 10/20  10:00:00,197980376.3533542 
 10/20  11:00:00,158371838.69812262 
 10/20  12:00:00,108019176.73629898 
 10/20  13:00:00,64512000.661425136 
 10/20  14:00:00,46634643.73314748 
 10/20  15:00:00,41328574.39981469 
 10/20  16:00:00,21505526.53369446 
 10/20  17:00:00,8493659.301320964 
 10/20  18:00:00,1961595.7106363028 
 10/20  19:00:00,16528749.628380826 
 10/20  20:00:00,37351396.17006794 
 10/20  21:00:00,40271357.22102426 
 10/20  22:00:00,48612863.08674045 
 10/20  23:00:00,94216693.39826399 
 10/20  24:00:00,132856900.71137635 
 10/21  01:00:00,140105836.44337893 
 10/21  02:00:00,145841149.2367375 
 10/21  03:00:00,158142033.05295783 
 10/21  04:00:00,168353538.09696946 
 10/21  05:00:00,179654525.1440583 
 10/21  06:00:00,191861230.76231736 
 10/21  07:00:00,197829944.2124613 
 10/21  08:00:00,200865398.59267354 
 10/21  09:00:00,215029996.96706313 
 10/21  10:00:00,187562826.69643497 
 10/21  11:00:00,154861876.26018324 
 10/21  12:00:00,108618601.59993331 
 10/21  13:00:00,70804476.23019272 
 10/21  14:00:00,55964117.671999 
 10/21  15:00:00,50951789.449146256 
 10/21  16:00:00,30541537.475462366 
 10/21  17:00:00,16357859.024157165 
 10/21  18:00:00,10299122.128868464 
 10/21  19:00:00,22453987.65098724 
 10/21  20:00:00,34169108.52088791 
 10/21  21:00:00,38653075.277962394 
 10/21  22:00:00,52800822.0669273 
 10/21  23:00:00,79304649.39571345 
 10/21  24:00:00,111515998.02900678 
 10/22  01:00:00,133552761.09271485 
 10/22  02:00:00,145737345.6050842 
 10/22  03:00:00,156882158.7347887 
 10/22  04:00:00,166044622.1276623 
 10/22  05:00:00,172277503.90080732 
 10/22  06:00:00,176613569.060537 
 10/22  07:00:00,180378444.40536758 
 10/22  08:00:00,182556009.59327284 
 10/22  09:00:00,196976931.06120527 
 10/22  10:00:00,172216381.8126335 
 10/22  11:00:00,142077205.74106482 
 10/22  12:00:00,98278068.72502722 
 10/22  13:00:00,60156968.14461912 
 10/22  14:00:00,43619494.28144936 
 10/22  15:00:00,38543943.266401805 
 10/22  16:00:00,21324733.969933935 
 10/22  17:00:00,14253457.4238924 
 10/22  18:00:00,14107666.624309089 
 10/22  19:00:00,26895343.886389367 
 10/22  20:00:00,43513826.4197091 
 10/22  21:00:00,49773543.8196458 
 10/22  22:00:00,51869911.698262244 
 10/22  23:00:00,59151038.3442269 
 10/22  24:00:00,70719741.02737273 
 10/23  01:00:00,80958070.92379346 
 10/23  02:00:00,90339309.66680077 
 10/23  03:00:00,103587225.76083566 
 10/23  04:00:00,115018882.51178078 
 10/23  05:00:00,142736607.46439987 
 10/23  06:00:00,159194694.69193766 
 10/23  07:00:00,170370970.55484822 
 10/23  08:00:00,176989724.24062705 
 10/23  09:00:00,180594125.95552224 
 10/23  10:00:00,161719900.0826522 
 10/23  11:00:00,131750412.21106118 
 10/23  12:00:00,97142518.29290807 
 10/23  13:00:00,69250783.50247139 
 10/23  14:00:00,57759253.967266865 
 10/23  15:00:00,49517211.54490043 
 10/23  16:00:00,39627193.79547893 
 10/23  17:00:00,29988666.215503998 
 10/23  18:00:00,27043441.421875406 
 10/23  19:00:00,44449883.647092305 
 10/23  20:00:00,68167197.86590266 
 10/23  21:00:00,81414092.88841279 
 10/23  22:00:00,88184136.23312464 
 10/23  23:00:00,94018758.27293591 
 10/23  24:00:00,110142525.4080744 
 10/24  01:00:00,119221598.45984581 
 10/24  02:00:00,120468921.49603534 
 10/24  03:00:00,131356344.18536028 
 10/24  04:00:00,149787587.44061816 
 10/24  05:00:00,168488988.5504622 
 10/24  06:00:00,179076686.98390853 
 10/24  07:00:00,184762860.42060432 
 10/24  08:00:00,190421476.0144413 
 10/24  09:00:00,191723009.16470486 
 10/24  10:00:00,170585237.81064117 
 10/24  11:00:00,141858856.51870474 
 10/24  12:00:00,103674077.55705923 
 10/24  13:00:00,70364976.8147156 
 10/24  14:00:00,54656167.44347853 
 10/24  15:00:00,43381366.56840319 
 10/24  16:00:00,29697528.1445074 
 10/24  17:00:00,14527251.552339949 
 10/24  18:00:00,8904833.880610624 
 10/24  19:00:00,16201379.544882871 
 10/24  20:00:00,23593412.49786797 
 10/24  21:00:00,27722305.5428898 
 10/24  22:00:00,33913017.415046245 
 10/24  23:00:00,43777994.72190848 
 10/24  24:00:00,54440363.341988966 
 10/25  01:00:00,60792497.228530385 
 10/25  02:00:00,64640729.44719389 
 10/25  03:00:00,66565328.271954335 
 10/25  04:00:00,67415216.16510895 
 10/25  05:00:00,61043323.37702746 
 10/25  06:00:00,65769418.45596714 
 10/25  07:00:00,69041849.3602079 
 10/25  08:00:00,77060223.41559513 
 10/25  09:00:00,103966525.09914586 
 10/25  10:00:00,105551836.53097668 
 10/25  11:00:00,100898101.80851103 
 10/25  12:00:00,87003634.30520709 
 10/25  13:00:00,76018177.4378116 
 10/25  14:00:00,68819389.04031089 
 10/25  15:00:00,69777450.78949331 
 10/25  16:00:00,59873231.24277116 
 10/25  17:00:00,58487177.05582178 
 10/25  18:00:00,61079306.28485989 
 10/25  19:00:00,76630386.80191931 
 10/25  20:00:00,92960780.96462463 
 10/25  21:00:00,102372112.20447472 
 10/25  22:00:00,114809228.71655045 
 10/25  23:00:00,139675571.18207717 
 10/25  24:00:00,167197278.43118384 
 10/26  01:00:00,181144523.59440053 
 10/26  02:00:00,191745607.06423217 
 10/26  03:00:00,210580074.95451742 
 10/26  04:00:00,229054052.5549819 
 10/26  05:00:00,243086144.60176647 
 10/26  06:00:00,253478319.33481055 
 10/26  07:00:00,258132685.2648174 
 10/26  08:00:00,259674615.02621084 
 10/26  09:00:00,272714725.5365024 
 10/26  10:00:00,238362222.7851373 
 10/26  11:00:00,197601021.86076882 
 10/26  12:00:00,147543233.77812263 
 10/26  13:00:00,105482163.9188106 
 10/26  14:00:00,85377930.99751 
 10/26  15:00:00,75239515.8819313 
 10/26  16:00:00,49620005.833184384 
 10/26  17:00:00,30249200.499945343 
 10/26  18:00:00,21463006.587802526 
 10/26  19:00:00,36138573.040040754 
 10/26  20:00:00,68690839.10915217 
 10/26  21:00:00,97964923.43403836 
 10/26  22:00:00,113383198.27496815 
 10/26  23:00:00,133107247.59659627 
 10/26  24:00:00,158641434.38408896 
 10/27  01:00:00,178026063.00407597 
 10/27  02:00:00,190942575.27663323 
 10/27  03:00:00,201907344.6959874 
 10/27  04:00:00,214816316.2467944 
 10/27  05:00:00,227731378.160222 
 10/27  06:00:00,239417785.20075107 
 10/27  07:00:00,247431120.91010055 
 10/27  08:00:00,249637624.9978911 
 10/27  09:00:00,264134890.1245169 
 10/27  10:00:00,227493551.58753133 
 10/27  11:00:00,182966682.5172478 
 10/27  12:00:00,128109480.96297978 
 10/27  13:00:00,82137310.39789157 
 10/27  14:00:00,63080797.11618213 
 10/27  15:00:00,56375001.79999233 
 10/27  16:00:00,32571339.47322626 
 10/27  17:00:00,14170659.490123555 
 10/27  18:00:00,9150840.592119412 
 10/27  19:00:00,35183671.78768676 
 10/27  20:00:00,69060670.68967213 
 10/27  21:00:00,77688251.20433274 
 10/27  22:00:00,66996944.00075341 
 10/27  23:00:00,71812260.26007019 
 10/27  24:00:00,88545487.25923812 
 10/28  01:00:00,105785501.03633225 
 10/28  02:00:00,125854474.91285953 
 10/28  03:00:00,141120194.27439368 
 10/28  04:00:00,148815593.5634192 
 10/28  05:00:00,151903003.50307354 
 10/28  06:00:00,152864765.7112083 
 10/28  07:00:00,152634421.53472584 
 10/28  08:00:00,151843205.61836004 
 10/28  09:00:00,163369691.17639512 
 10/28  10:00:00,144358452.5050007 
 10/28  11:00:00,129201606.14316659 
 10/28  12:00:00,91122776.35300416 
 10/28  13:00:00,55440749.5061411 
 10/28  14:00:00,42473490.945768885 
 10/28  15:00:00,39676114.07672551 
 10/28  16:00:00,23023475.663686626 
 10/28  17:00:00,11142064.880968668 
 10/28  18:00:00,7542776.338636608 
 10/28  19:00:00,30796345.446509242 
 10/28  20:00:00,56999070.39071226 
 10/28  21:00:00,51745457.07024529 
 10/28  22:00:00,48886290.625106886 
 10/28  23:00:00,64513969.01187594 
 10/28  24:00:00,81919425.61209647 
 10/29  01:00:00,91897951.61684981 
 10/29  02:00:00,94897280.06103183 
 10/29  03:00:00,98016677.32794337 
 10/29  04:00:00,102944332.32884097 
 10/29  05:00:00,105477040.83767337 
 10/29  06:00:00,113711659.58942702 
 10/29  07:00:00,128478264.91282879 
 10/29  08:00:00,138358555.19451612 
 10/29  09:00:00,152755520.32588896 
 10/29  10:00:00,137439070.42784524 
 10/29  11:00:00,119517939.86358546 
 10/29  12:00:00,86640937.36146352 
 10/29  13:00:00,57725753.409328654 
 10/29  14:00:00,39242647.573879056 
 10/29  15:00:00,32636014.339472644 
 10/29  16:00:00,20780787.921060316 
 10/29  17:00:00,15599690.882607004 
 10/29  18:00:00,12762200.183961669 
 10/29  19:00:00,34091470.12942781 
 10/29  20:00:00,62399402.82857265 
 10/29  21:00:00,77424151.1829329 
 10/29  22:00:00,88852176.4171469 
 10/29  23:00:00,97931585.80055527 
 10/29  24:00:00,110718661.9595683 
 10/30  01:00:00,123210433.37960854 
 10/30  02:00:00,125723043.67752694 
 10/30  03:00:00,125353736.76469037 
 10/30  04:00:00,123103988.3234975 
 10/30  05:00:00,132097468.35622604 
 10/30  06:00:00,131563312.34912777 
 10/30  07:00:00,132386934.72462691 
 10/30  08:00:00,134046126.2415057 
 10/30  09:00:00,134160384.94461565 
 10/30  10:00:00,130865000.97096126 
 10/30  11:00:00,130919401.24424832 
 10/30  12:00:00,132493742.14355503 
 10/30  13:00:00,128667585.96584813 
 10/30  14:00:00,121634185.66980317 
 10/30  15:00:00,118801312.50112906 
 10/30  16:00:00,115972841.36078286 
 10/30  17:00:00,114883649.72138499 
 10/30  18:00:00,116322534.54065597 
 10/30  19:00:00,115982418.32628472 
 10/30  20:00:00,116531787.65905818 
 10/30  21:00:00,116848971.19148369 
 10/30  22:00:00,117729621.16364834 
 10/30  23:00:00,122448877.97010177 
 10/30  24:00:00,127371007.60232583 
 10/31  01:00:00,127172343.07335363 
 10/31  02:00:00,122376492.83121258 
 10/31  03:00:00,119408926.71851625 
 10/31  04:00:00,120998791.95288981 
 10/31  05:00:00,125392920.28299417 
 10/31  06:00:00,130032353.70465964 
 10/31  07:00:00,133985779.16203447 
 10/31  08:00:00,134664660.12353063 
 10/31  09:00:00,135486056.88454753 
 10/31  10:00:00,133384480.3478244 
 10/31  11:00:00,129750142.90181835 
 10/31  12:00:00,123754252.57187057 
 10/31  13:00:00,114574082.78484096 
 10/31  14:00:00,108237822.43790041 
 10/31  15:00:00,103815969.14121976 
 10/31  16:00:00,98926477.4325445 
 10/31  17:00:00,97738630.28336829 
 10/31  18:00:00,99100496.10373463 
 10/31  19:00:00,104051713.17890657 
 10/31  20:00:00,106137766.61469275 
 10/31  21:00:00,103302734.08698888 
 10/31  22:00:00,101383623.96264201 
 10/31  23:00:00,105007975.79492348 
 10/31  24:00:00,115979306.26450276 
 11/01  01:00:00,124328900.91460165 
 11/01  02:00:00,124484517.33665958 
 11/01  03:00:00,122206420.97051077 
 11/01  04:00:00,120163284.63996057 
 11/01  05:00:00,108933419.85267895 
 11/01  06:00:00,106589309.49999717 
 11/01  07:00:00,104746254.79855503 
 11/01  08:00:00,105560531.9305787 
 11/01  09:00:00,120811956.97721311 
 11/01  10:00:00,112344798.56732285 
 11/01  11:00:00,102849604.37970775 
 11/01  12:00:00,81822013.90243517 
 11/01  13:00:00,61991749.66192145 
 11/01  14:00:00,56027147.912884444 
 11/01  15:00:00,61041588.38753516 
 11/01  16:00:00,47901689.13281337 
 11/01  17:00:00,42957747.11559836 
 11/01  18:00:00,44666556.95090552 
 11/01  19:00:00,57838115.13875923 
 11/01  20:00:00,71662300.12291718 
 11/01  21:00:00,75151855.07194439 
 11/01  22:00:00,76902201.26250592 
 11/01  23:00:00,87416675.26959136 
 11/01  24:00:00,101142197.29341942 
 11/02  01:00:00,107289027.2808781 
 11/02  02:00:00,108496086.60415974 
 11/02  03:00:00,111409504.41796252 
 11/02  04:00:00,123421325.52170448 
 11/02  05:00:00,136686929.57322943 
 11/02  06:00:00,134543312.2672984 
 11/02  07:00:00,130987069.54685509 
 11/02  08:00:00,134358349.62428924 
 11/02  09:00:00,155947674.9270511 
 11/02  10:00:00,144867918.0295631 
 11/02  11:00:00,124988865.97404478 
 11/02  12:00:00,99382647.90664008 
 11/02  13:00:00,77370611.05002771 
 11/02  14:00:00,63956010.46071915 
 11/02  15:00:00,60383002.00416231 
 11/02  16:00:00,46227377.89102252 
 11/02  17:00:00,37337222.70500528 
 11/02  18:00:00,32431496.783740755 
 11/02  19:00:00,48747793.888029315 
 11/02  20:00:00,71875294.88274625 
 11/02  21:00:00,81491218.95322746 
 11/02  22:00:00,91177636.26209307 
 11/02  23:00:00,113255240.84109892 
 11/02  24:00:00,130869212.43854974 
 11/03  01:00:00,139078546.78189924 
 11/03  02:00:00,147170347.21716294 
 11/03  03:00:00,155199505.28378 
 11/03  04:00:00,168177276.74943858 
 11/03  05:00:00,180163465.67882428 
 11/03  06:00:00,185951528.15058678 
 11/03  07:00:00,191197078.05449337 
 11/03  08:00:00,193779890.76325127 
 11/03  09:00:00,209515795.90442204 
 11/03  10:00:00,186647316.60471234 
 11/03  11:00:00,152961472.58166212 
 11/03  12:00:00,104853159.71994244 
 11/03  13:00:00,65960571.69681124 
 11/03  14:00:00,48080220.561526895 
 11/03  15:00:00,40388704.31589367 
 11/03  16:00:00,18844520.508126296 
 11/03  17:00:00,4107123.9237115136 
 11/03  18:00:00,0.0 
 11/03  19:00:00,61847.17648214428 
 11/03  20:00:00,4968011.859695194 
 11/03  21:00:00,25921749.05173034 
 11/03  22:00:00,53217062.350801304 
 11/03  23:00:00,80173702.75254984 
 11/03  24:00:00,101190002.70860237 
 11/04  01:00:00,112089872.64344916 
 11/04  02:00:00,119498371.04545671 
 11/04  03:00:00,125869204.21707815 
 11/04  04:00:00,136895832.43132663 
 11/04  05:00:00,148681205.3458016 
 11/04  06:00:00,154480428.33878255 
 11/04  07:00:00,156472354.49816498 
 11/04  08:00:00,156967808.29556954 
 11/04  09:00:00,170296928.7682371 
 11/04  10:00:00,149020836.9556301 
 11/04  11:00:00,120488204.45380047 
 11/04  12:00:00,79119485.46494617 
 11/04  13:00:00,45391752.2212932 
 11/04  14:00:00,30669484.692489497 
 11/04  15:00:00,27971729.20675372 
 11/04  16:00:00,10014871.13770681 
 11/04  17:00:00,315259.2176699429 
 11/04  18:00:00,0.0 
 11/04  19:00:00,3513414.946626022 
 11/04  20:00:00,16705777.216083964 
 11/04  21:00:00,26185708.844856244 
 11/04  22:00:00,35354580.35753587 
 11/04  23:00:00,58796931.28754724 
 11/04  24:00:00,89675451.34731323 
 11/05  01:00:00,109266875.26116833 
 11/05  02:00:00,118501432.02953708 
 11/05  03:00:00,124721949.27858245 
 11/05  04:00:00,135041400.260194 
 11/05  05:00:00,141900944.8471317 
 11/05  06:00:00,142949722.1316424 
 11/05  07:00:00,144758770.45823207 
 11/05  08:00:00,146115239.25557667 
 11/05  09:00:00,160965809.84171912 
 11/05  10:00:00,144679848.32461017 
 11/05  11:00:00,123764141.5153521 
 11/05  12:00:00,87250229.88214377 
 11/05  13:00:00,57021190.47381361 
 11/05  14:00:00,45750255.158083454 
 11/05  15:00:00,45560895.43000735 
 11/05  16:00:00,29208990.218290932 
 11/05  17:00:00,16846679.03687011 
 11/05  18:00:00,11108690.085997146 
 11/05  19:00:00,22424040.82852869 
 11/05  20:00:00,39219635.55433467 
 11/05  21:00:00,52377023.357770965 
 11/05  22:00:00,69260175.34158903 
 11/05  23:00:00,83251751.9391349 
 11/05  24:00:00,93133824.61912543 
 11/06  01:00:00,101952355.95007603 
 11/06  02:00:00,110664066.86918576 
 11/06  03:00:00,124650912.95468095 
 11/06  04:00:00,134439011.38679335 
 11/06  05:00:00,151914693.02356333 
 11/06  06:00:00,157356391.0283091 
 11/06  07:00:00,160941891.84271932 
 11/06  08:00:00,162808824.56353146 
 11/06  09:00:00,165006597.0115891 
 11/06  10:00:00,154359526.79700154 
 11/06  11:00:00,138954053.7291664 
 11/06  12:00:00,111582616.61432828 
 11/06  13:00:00,84781588.16632365 
 11/06  14:00:00,74342806.36658414 
 11/06  15:00:00,64350744.669819504 
 11/06  16:00:00,49596777.94154553 
 11/06  17:00:00,36703527.911232494 
 11/06  18:00:00,33498636.14969667 
 11/06  19:00:00,48476877.09079623 
 11/06  20:00:00,70056207.60511775 
 11/06  21:00:00,85587289.65388273 
 11/06  22:00:00,98492307.93422411 
 11/06  23:00:00,114034190.90274979 
 11/06  24:00:00,122753499.06291099 
 11/07  01:00:00,126479131.82465841 
 11/07  02:00:00,136746524.03588212 
 11/07  03:00:00,145192673.06614786 
 11/07  04:00:00,151863834.5316856 
 11/07  05:00:00,154171049.66061074 
 11/07  06:00:00,151650586.10979235 
 11/07  07:00:00,151144763.4370163 
 11/07  08:00:00,152740357.57249093 
 11/07  09:00:00,160382284.0359534 
 11/07  10:00:00,148861057.6548566 
 11/07  11:00:00,122763109.73723194 
 11/07  12:00:00,101282298.3944833 
 11/07  13:00:00,85503189.9267482 
 11/07  14:00:00,77010575.88682155 
 11/07  15:00:00,73177726.60902275 
 11/07  16:00:00,75902640.36692774 
 11/07  17:00:00,84015420.90511374 
 11/07  18:00:00,92784476.0298851 
 11/07  19:00:00,107125575.34013446 
 11/07  20:00:00,124299523.30806553 
 11/07  21:00:00,136753424.9981545 
 11/07  22:00:00,146930218.66396546 
 11/07  23:00:00,161104238.710024 
 11/07  24:00:00,168016004.25643313 
 11/08  01:00:00,166645247.06855366 
 11/08  02:00:00,174362207.92595807 
 11/08  03:00:00,190241736.4685732 
 11/08  04:00:00,198109021.80564028 
 11/08  05:00:00,183293595.78317937 
 11/08  06:00:00,174474390.99355346 
 11/08  07:00:00,168916508.67409667 
 11/08  08:00:00,165367837.05682153 
 11/08  09:00:00,180551310.70098785 
 11/08  10:00:00,174628844.6537869 
 11/08  11:00:00,163023615.12838 
 11/08  12:00:00,140646298.4157959 
 11/08  13:00:00,121175890.12603128 
 11/08  14:00:00,109845925.59055664 
 11/08  15:00:00,112587554.98961651 
 11/08  16:00:00,104617269.30068603 
 11/08  17:00:00,101513656.96196398 
 11/08  18:00:00,99496575.37271741 
 11/08  19:00:00,102290152.18740468 
 11/08  20:00:00,102856962.43049318 
 11/08  21:00:00,97355064.28313243 
 11/08  22:00:00,96459547.34516583 
 11/08  23:00:00,101781059.59793778 
 11/08  24:00:00,106199327.07367858 
 11/09  01:00:00,109547399.64516051 
 11/09  02:00:00,114073243.61059774 
 11/09  03:00:00,114284980.1855797 
 11/09  04:00:00,113979182.04409802 
 11/09  05:00:00,116191055.21490616 
 11/09  06:00:00,116303221.15273663 
 11/09  07:00:00,117134087.30248693 
 11/09  08:00:00,116666924.74258916 
 11/09  09:00:00,130615716.03234172 
 11/09  10:00:00,134509041.5207476 
 11/09  11:00:00,135939268.73355326 
 11/09  12:00:00,120282522.04822889 
 11/09  13:00:00,107947934.88266662 
 11/09  14:00:00,101843899.69019838 
 11/09  15:00:00,101926681.58480377 
 11/09  16:00:00,91211948.29140548 
 11/09  17:00:00,90317462.13602504 
 11/09  18:00:00,92565055.63767174 
 11/09  19:00:00,102296025.72267173 
 11/09  20:00:00,111582397.43164274 
 11/09  21:00:00,114779168.2026974 
 11/09  22:00:00,117850013.60878262 
 11/09  23:00:00,124395183.27454047 
 11/09  24:00:00,132635895.21946539 
 11/10  01:00:00,136660698.86954895 
 11/10  02:00:00,138847311.91143748 
 11/10  03:00:00,142424986.51308423 
 11/10  04:00:00,148071216.35690093 
 11/10  05:00:00,151034772.91359836 
 11/10  06:00:00,149998299.73004526 
 11/10  07:00:00,148496819.59096003 
 11/10  08:00:00,148903060.485145 
 11/10  09:00:00,162712120.70620438 
 11/10  10:00:00,157155777.62959954 
 11/10  11:00:00,150374801.24158776 
 11/10  12:00:00,132760747.84937127 
 11/10  13:00:00,118967031.55724253 
 11/10  14:00:00,110800486.99683063 
 11/10  15:00:00,111057307.22145504 
 11/10  16:00:00,101698130.27995312 
 11/10  17:00:00,99881976.21358944 
 11/10  18:00:00,100974078.7688616 
 11/10  19:00:00,114141772.6026478 
 11/10  20:00:00,131645951.03691077 
 11/10  21:00:00,142260954.2715755 
 11/10  22:00:00,149889813.79154518 
 11/10  23:00:00,161650396.56415066 
 11/10  24:00:00,178810662.83984295 
 11/11  01:00:00,198437649.02280644 
 11/11  02:00:00,211770886.41883433 
 11/11  03:00:00,217351819.7769524 
 11/11  04:00:00,223943594.49358723 
 11/11  05:00:00,231169441.78716564 
 11/11  06:00:00,234673011.24202272 
 11/11  07:00:00,236641107.78277478 
 11/11  08:00:00,235724472.8724815 
 11/11  09:00:00,242930970.10870978 
 11/11  10:00:00,222054310.88657302 
 11/11  11:00:00,198575293.0914215 
 11/11  12:00:00,161543983.26977462 
 11/11  13:00:00,131024308.16463776 
 11/11  14:00:00,115464616.0761892 
 11/11  15:00:00,104890522.8143927 
 11/11  16:00:00,84279481.98877524 
 11/11  17:00:00,77533546.14860845 
 11/11  18:00:00,75644726.24529633 
 11/11  19:00:00,87536778.35068896 
 11/11  20:00:00,104538517.48812449 
 11/11  21:00:00,115899747.69635752 
 11/11  22:00:00,125252504.15323946 
 11/11  23:00:00,133391023.2430106 
 11/11  24:00:00,141636795.93842813 
 11/12  01:00:00,147743218.67187032 
 11/12  02:00:00,156268086.29204988 
 11/12  03:00:00,161620234.483494 
 11/12  04:00:00,162315316.11350966 
 11/12  05:00:00,163099843.0333553 
 11/12  06:00:00,161628748.94050848 
 11/12  07:00:00,162369983.94806868 
 11/12  08:00:00,167692811.84837958 
 11/12  09:00:00,185175613.18539488 
 11/12  10:00:00,177273725.17065883 
 11/12  11:00:00,168322471.63331026 
 11/12  12:00:00,139455707.01851755 
 11/12  13:00:00,117088772.10309084 
 11/12  14:00:00,109267345.1291928 
 11/12  15:00:00,105665337.06650017 
 11/12  16:00:00,85913791.77925974 
 11/12  17:00:00,70704505.71335885 
 11/12  18:00:00,64263923.7059303 
 11/12  19:00:00,81433194.59684327 
 11/12  20:00:00,103479042.84608127 
 11/12  21:00:00,115350847.00287184 
 11/12  22:00:00,126249125.68705542 
 11/12  23:00:00,130309588.85068645 
 11/12  24:00:00,135688543.54014578 
 11/13  01:00:00,142442616.79330173 
 11/13  02:00:00,144338951.22431627 
 11/13  03:00:00,147256611.35359162 
 11/13  04:00:00,153138414.18798664 
 11/13  05:00:00,165710273.888096 
 11/13  06:00:00,160650388.33316067 
 11/13  07:00:00,163350798.10967964 
 11/13  08:00:00,167257804.53795102 
 11/13  09:00:00,165947258.49412048 
 11/13  10:00:00,159868172.76138365 
 11/13  11:00:00,155615435.2525104 
 11/13  12:00:00,144945131.27343833 
 11/13  13:00:00,135800412.0478854 
 11/13  14:00:00,135697616.09173077 
 11/13  15:00:00,134248772.63789436 
 11/13  16:00:00,130879553.88815494 
 11/13  17:00:00,125360154.0275669 
 11/13  18:00:00,123047931.29497357 
 11/13  19:00:00,130821916.51201946 
 11/13  20:00:00,141100883.60815972 
 11/13  21:00:00,145622564.91356176 
 11/13  22:00:00,145529528.86933208 
 11/13  23:00:00,149216056.84654608 
 11/13  24:00:00,143974471.18928975 
 11/14  01:00:00,140776187.39365646 
 11/14  02:00:00,140992854.74132657 
 11/14  03:00:00,142892746.52785528 
 11/14  04:00:00,145332926.3802785 
 11/14  05:00:00,159966108.43493605 
 11/14  06:00:00,158784342.22211674 
 11/14  07:00:00,159691811.44199172 
 11/14  08:00:00,160930957.46752068 
 11/14  09:00:00,159222721.876259 
 11/14  10:00:00,150558943.37933677 
 11/14  11:00:00,144024191.06931144 
 11/14  12:00:00,139321763.18984523 
 11/14  13:00:00,134435099.2879732 
 11/14  14:00:00,133618133.42390043 
 11/14  15:00:00,130639357.79022098 
 11/14  16:00:00,126271455.62160818 
 11/14  17:00:00,123329889.59519085 
 11/14  18:00:00,122089760.92670634 
 11/14  19:00:00,125333778.02340296 
 11/14  20:00:00,127018906.42582902 
 11/14  21:00:00,127301588.665271 
 11/14  22:00:00,132763303.45125046 
 11/14  23:00:00,145355008.42758572 
 11/14  24:00:00,155705905.22530252 
 11/15  01:00:00,163478963.64752588 
 11/15  02:00:00,170266012.80838755 
 11/15  03:00:00,174455856.40099338 
 11/15  04:00:00,179297053.6452286 
 11/15  05:00:00,177909003.27779403 
 11/15  06:00:00,187479996.27841112 
 11/15  07:00:00,195879589.57735482 
 11/15  08:00:00,206112864.42363086 
 11/15  09:00:00,226528368.71580374 
 11/15  10:00:00,216346704.77906522 
 11/15  11:00:00,200275029.21242425 
 11/15  12:00:00,171877883.79398516 
 11/15  13:00:00,147222263.16868705 
 11/15  14:00:00,132421121.78391764 
 11/15  15:00:00,131242850.44555295 
 11/15  16:00:00,119071829.87600163 
 11/15  17:00:00,116581655.52432553 
 11/15  18:00:00,117981504.21007745 
 11/15  19:00:00,130390526.5883484 
 11/15  20:00:00,148045787.3548357 
 11/15  21:00:00,160705652.18485183 
 11/15  22:00:00,174121631.39084262 
 11/15  23:00:00,187289483.81754676 
 11/15  24:00:00,195795605.34019434 
 11/16  01:00:00,200126685.81409433 
 11/16  02:00:00,204916314.14516935 
 11/16  03:00:00,212444611.58653724 
 11/16  04:00:00,223683710.39831814 
 11/16  05:00:00,230111129.2340692 
 11/16  06:00:00,229383248.9997639 
 11/16  07:00:00,225434096.22692743 
 11/16  08:00:00,227702643.44840708 
 11/16  09:00:00,246423982.53438705 
 11/16  10:00:00,234037459.67556992 
 11/16  11:00:00,218939173.02060443 
 11/16  12:00:00,183072127.07027075 
 11/16  13:00:00,149894957.50278372 
 11/16  14:00:00,136953777.465274 
 11/16  15:00:00,138323687.59194708 
 11/16  16:00:00,123808097.92599288 
 11/16  17:00:00,117725934.79799816 
 11/16  18:00:00,119098275.50514206 
 11/16  19:00:00,130808232.16885298 
 11/16  20:00:00,141655919.22408712 
 11/16  21:00:00,149325052.99229106 
 11/16  22:00:00,162541336.1067888 
 11/16  23:00:00,176688386.25731152 
 11/16  24:00:00,189533498.72155568 
 11/17  01:00:00,199622752.37434104 
 11/17  02:00:00,202361389.99741632 
 11/17  03:00:00,196808573.21255645 
 11/17  04:00:00,187317517.07184786 
 11/17  05:00:00,175465808.97498333 
 11/17  06:00:00,168600171.60146356 
 11/17  07:00:00,168542195.0851524 
 11/17  08:00:00,169646739.11229047 
 11/17  09:00:00,183496798.0398937 
 11/17  10:00:00,180264574.90207124 
 11/17  11:00:00,177338634.90341035 
 11/17  12:00:00,167297987.19437185 
 11/17  13:00:00,158882414.68944433 
 11/17  14:00:00,151532934.66321006 
 11/17  15:00:00,150688904.01722634 
 11/17  16:00:00,133159088.12316199 
 11/17  17:00:00,124776286.36871928 
 11/17  18:00:00,120511293.03752221 
 11/17  19:00:00,130368642.40814216 
 11/17  20:00:00,151257001.55353013 
 11/17  21:00:00,160403944.18476415 
 11/17  22:00:00,162488678.82405713 
 11/17  23:00:00,176287939.64702833 
 11/17  24:00:00,190043648.25319695 
 11/18  01:00:00,200025970.97089982 
 11/18  02:00:00,204551835.79204535 
 11/18  03:00:00,202150477.05088413 
 11/18  04:00:00,207337314.3770765 
 11/18  05:00:00,216768532.52353644 
 11/18  06:00:00,221859426.94949093 
 11/18  07:00:00,220277092.62163857 
 11/18  08:00:00,214189528.51350963 
 11/18  09:00:00,226537630.68566298 
 11/18  10:00:00,214535710.18793178 
 11/18  11:00:00,195990042.96004042 
 11/18  12:00:00,165593297.3549901 
 11/18  13:00:00,142380323.58758935 
 11/18  14:00:00,129397881.06859094 
 11/18  15:00:00,126163762.53295983 
 11/18  16:00:00,110165096.38542794 
 11/18  17:00:00,103718352.4316229 
 11/18  18:00:00,106092444.01385432 
 11/18  19:00:00,122970799.507083 
 11/18  20:00:00,131722467.84446566 
 11/18  21:00:00,133777873.52998164 
 11/18  22:00:00,140171394.2824421 
 11/18  23:00:00,154807977.26836148 
 11/18  24:00:00,171031819.7637266 
 11/19  01:00:00,181986152.66492862 
 11/19  02:00:00,189377743.40394533 
 11/19  03:00:00,197027159.94381407 
 11/19  04:00:00,208022819.37144285 
 11/19  05:00:00,209049253.58774707 
 11/19  06:00:00,207075224.30393806 
 11/19  07:00:00,205542624.63553646 
 11/19  08:00:00,200556219.15995312 
 11/19  09:00:00,209475282.89069122 
 11/19  10:00:00,207812037.73012295 
 11/19  11:00:00,205284771.93270934 
 11/19  12:00:00,181938185.83089688 
 11/19  13:00:00,164770831.02701747 
 11/19  14:00:00,156134785.8390028 
 11/19  15:00:00,155399953.65277848 
 11/19  16:00:00,138295613.35857025 
 11/19  17:00:00,127858063.92881832 
 11/19  18:00:00,124428979.3899961 
 11/19  19:00:00,130525392.26520893 
 11/19  20:00:00,139042743.53317478 
 11/19  21:00:00,141889044.70520315 
 11/19  22:00:00,145415494.01985845 
 11/19  23:00:00,150882454.1360778 
 11/19  24:00:00,158029685.29095066 
 11/20  01:00:00,162775875.28932562 
 11/20  02:00:00,164490461.7659361 
 11/20  03:00:00,161407875.06653273 
 11/20  04:00:00,157994703.22882533 
 11/20  05:00:00,167426757.85904896 
 11/20  06:00:00,163418975.4277081 
 11/20  07:00:00,161327368.5889028 
 11/20  08:00:00,158756336.26339233 
 11/20  09:00:00,156767368.95321727 
 11/20  10:00:00,157747021.45399663 
 11/20  11:00:00,160452067.56496418 
 11/20  12:00:00,150500496.7711559 
 11/20  13:00:00,136507363.76993507 
 11/20  14:00:00,129700969.0692018 
 11/20  15:00:00,122907966.64608058 
 11/20  16:00:00,117272308.07380395 
 11/20  17:00:00,113243357.46061882 
 11/20  18:00:00,113594109.49128409 
 11/20  19:00:00,126949334.33145523 
 11/20  20:00:00,142199545.10252422 
 11/20  21:00:00,150088103.56149846 
 11/20  22:00:00,157285919.21863073 
 11/20  23:00:00,165767106.50483477 
 11/20  24:00:00,172225713.1697318 
 11/21  01:00:00,173538618.89528543 
 11/21  02:00:00,173451738.3444329 
 11/21  03:00:00,172042097.26850486 
 11/21  04:00:00,171661818.32520992 
 11/21  05:00:00,175836532.0209994 
 11/21  06:00:00,180112539.58607006 
 11/21  07:00:00,181496280.52810237 
 11/21  08:00:00,180693392.75234398 
 11/21  09:00:00,180211905.03758305 
 11/21  10:00:00,175626982.13274384 
 11/21  11:00:00,169263355.04673538 
 11/21  12:00:00,154593959.60701954 
 11/21  13:00:00,139259916.9553946 
 11/21  14:00:00,134078706.88679299 
 11/21  15:00:00,133080219.52948622 
 11/21  16:00:00,130058268.5866864 
 11/21  17:00:00,127588535.40878429 
 11/21  18:00:00,128235861.3484495 
 11/21  19:00:00,138788146.87106216 
 11/21  20:00:00,148387966.5290306 
 11/21  21:00:00,150257439.0061275 
 11/21  22:00:00,154440582.24831393 
 11/21  23:00:00,161223543.24842784 
 11/21  24:00:00,164796061.53653035 
 11/22  01:00:00,165014247.64820886 
 11/22  02:00:00,167895022.52805313 
 11/22  03:00:00,173858186.04299125 
 11/22  04:00:00,180944218.51415405 
 11/22  05:00:00,180680251.60029805 
 11/22  06:00:00,186245834.35667148 
 11/22  07:00:00,184365684.344659 
 11/22  08:00:00,180486130.99503964 
 11/22  09:00:00,198292539.84020507 
 11/22  10:00:00,198666844.9151574 
 11/22  11:00:00,189913524.3750724 
 11/22  12:00:00,165486929.08891013 
 11/22  13:00:00,144284350.16671905 
 11/22  14:00:00,131859969.81281707 
 11/22  15:00:00,131132146.72649397 
 11/22  16:00:00,122659915.54167333 
 11/22  17:00:00,120951744.35188895 
 11/22  18:00:00,120278311.14079328 
 11/22  19:00:00,134971769.87275708 
 11/22  20:00:00,153291059.07489476 
 11/22  21:00:00,161285645.83988285 
 11/22  22:00:00,167883463.5402356 
 11/22  23:00:00,176049309.69300944 
 11/22  24:00:00,175943403.18180156 
 11/23  01:00:00,177328499.41212386 
 11/23  02:00:00,182742334.40947616 
 11/23  03:00:00,184243139.17151618 
 11/23  04:00:00,192700777.79659992 
 11/23  05:00:00,202738161.41802865 
 11/23  06:00:00,198788551.9710298 
 11/23  07:00:00,193780571.85362834 
 11/23  08:00:00,197990384.48252088 
 11/23  09:00:00,215327266.77864298 
 11/23  10:00:00,213434723.71567437 
 11/23  11:00:00,207275086.5852049 
 11/23  12:00:00,180345667.16874766 
 11/23  13:00:00,157621431.81132454 
 11/23  14:00:00,142386060.66304153 
 11/23  15:00:00,134389641.8213582 
 11/23  16:00:00,116481068.15631135 
 11/23  17:00:00,111473659.49242175 
 11/23  18:00:00,116026529.92334928 
 11/23  19:00:00,134655101.27016217 
 11/23  20:00:00,153341167.1748797 
 11/23  21:00:00,159811661.32482335 
 11/23  22:00:00,159901950.86999568 
 11/23  23:00:00,161305162.32831213 
 11/23  24:00:00,168201847.79524592 
 11/24  01:00:00,175373063.62039512 
 11/24  02:00:00,183315810.02421036 
 11/24  03:00:00,196418398.43521592 
 11/24  04:00:00,213490000.72996995 
 11/24  05:00:00,228783598.8671417 
 11/24  06:00:00,237231741.85779846 
 11/24  07:00:00,240777905.9087876 
 11/24  08:00:00,244729272.46396023 
 11/24  09:00:00,260788733.3439389 
 11/24  10:00:00,251779794.67322516 
 11/24  11:00:00,234013268.27833638 
 11/24  12:00:00,195695279.1668309 
 11/24  13:00:00,165184627.08131874 
 11/24  14:00:00,150108973.999904 
 11/24  15:00:00,145563714.2507509 
 11/24  16:00:00,130442094.29661271 
 11/24  17:00:00,124185855.61499467 
 11/24  18:00:00,124748961.83750387 
 11/24  19:00:00,138299828.55280656 
 11/24  20:00:00,144136545.39602196 
 11/24  21:00:00,144262561.65700552 
 11/24  22:00:00,163542413.70573336 
 11/24  23:00:00,195976175.75809896 
 11/24  24:00:00,217783348.4776725 
 11/25  01:00:00,227525649.63517043 
 11/25  02:00:00,235581365.97035968 
 11/25  03:00:00,241647882.926608 
 11/25  04:00:00,254807316.1515076 
 11/25  05:00:00,270133620.2829541 
 11/25  06:00:00,278903710.7696496 
 11/25  07:00:00,282768681.6235525 
 11/25  08:00:00,280821904.2924796 
 11/25  09:00:00,294463560.6445486 
 11/25  10:00:00,282783745.96856296 
 11/25  11:00:00,261776854.81512377 
 11/25  12:00:00,212689010.78838864 
 11/25  13:00:00,170097720.2426363 
 11/25  14:00:00,151711858.22879106 
 11/25  15:00:00,145851470.82207885 
 11/25  16:00:00,128363914.5276026 
 11/25  17:00:00,119120649.55421478 
 11/25  18:00:00,122054247.5484362 
 11/25  19:00:00,141212506.01785812 
 11/25  20:00:00,162246892.7190723 
 11/25  21:00:00,175286273.95733905 
 11/25  22:00:00,182111807.62086725 
 11/25  23:00:00,198388257.7093444 
 11/25  24:00:00,220474557.71504313 
 11/26  01:00:00,230535329.1580584 
 11/26  02:00:00,228328862.0547133 
 11/26  03:00:00,226618034.27735013 
 11/26  04:00:00,236237346.63332176 
 11/26  05:00:00,250973996.0815022 
 11/26  06:00:00,264430843.54670432 
 11/26  07:00:00,273592337.0362351 
 11/26  08:00:00,278041666.9931831 
 11/26  09:00:00,294330358.51578075 
 11/26  10:00:00,281941991.1977314 
 11/26  11:00:00,260084374.81678766 
 11/26  12:00:00,224227004.56570387 
 11/26  13:00:00,197380894.89867407 
 11/26  14:00:00,185963655.80384278 
 11/26  15:00:00,184084998.11786798 
 11/26  16:00:00,166228211.81936213 
 11/26  17:00:00,154845364.0016193 
 11/26  18:00:00,152424410.72962913 
 11/26  19:00:00,174774239.1004303 
 11/26  20:00:00,199292844.93906564 
 11/26  21:00:00,205478084.57235894 
 11/26  22:00:00,207581428.16508624 
 11/26  23:00:00,212591818.0804857 
 11/26  24:00:00,217230811.50621903 
 11/27  01:00:00,221559502.70648196 
 11/27  02:00:00,228016301.56392545 
 11/27  03:00:00,233954255.28624332 
 11/27  04:00:00,245467869.42178193 
 11/27  05:00:00,273181112.87204117 
 11/27  06:00:00,284605709.01882 
 11/27  07:00:00,291208481.7341093 
 11/27  08:00:00,292943818.59357446 
 11/27  09:00:00,294124675.27884585 
 11/27  10:00:00,285042960.89699644 
 11/27  11:00:00,270080203.22513413 
 11/27  12:00:00,241252719.04709643 
 11/27  13:00:00,215069828.0092038 
 11/27  14:00:00,204518614.7049904 
 11/27  15:00:00,195784438.88969633 
 11/27  16:00:00,186558894.53537586 
 11/27  17:00:00,178977377.85722756 
 11/27  18:00:00,180092462.03808966 
 11/27  19:00:00,193453741.39907143 
 11/27  20:00:00,209105513.15982273 
 11/27  21:00:00,217655172.2087484 
 11/27  22:00:00,222270471.18115127 
 11/27  23:00:00,228806224.54822513 
 11/27  24:00:00,236310336.1956997 
 11/28  01:00:00,244127643.1517781 
 11/28  02:00:00,253822022.56749266 
 11/28  03:00:00,264047229.92652303 
 11/28  04:00:00,274539977.68483984 
 11/28  05:00:00,289569194.06589174 
 11/28  06:00:00,298655708.8730332 
 11/28  07:00:00,294183074.30824214 
 11/28  08:00:00,285398050.2007165 
 11/28  09:00:00,279060144.0972294 
 11/28  10:00:00,273258678.89509445 
 11/28  11:00:00,264731095.22965524 
 11/28  12:00:00,238997527.02278796 
 11/28  13:00:00,213338227.53368264 
 11/28  14:00:00,198571195.87382674 
 11/28  15:00:00,184461408.0418604 
 11/28  16:00:00,175097297.55603644 
 11/28  17:00:00,173135312.30672255 
 11/28  18:00:00,176012861.10654658 
 11/28  19:00:00,199197033.4700301 
 11/28  20:00:00,214515077.3152028 
 11/28  21:00:00,215567236.80012876 
 11/28  22:00:00,225768360.8193741 
 11/28  23:00:00,242678725.33852947 
 11/28  24:00:00,258113904.89376536 
 11/29  01:00:00,266669939.28994176 
 11/29  02:00:00,271942638.4740022 
 11/29  03:00:00,277629110.30522525 
 11/29  04:00:00,285717142.7845098 
 11/29  05:00:00,280799427.5802636 
 11/29  06:00:00,285610035.3083968 
 11/29  07:00:00,297008071.1904352 
 11/29  08:00:00,300358777.5170659 
 11/29  09:00:00,306938011.96517736 
 11/29  10:00:00,294873192.8569451 
 11/29  11:00:00,283491957.70843154 
 11/29  12:00:00,259152333.18403292 
 11/29  13:00:00,239328862.79010645 
 11/29  14:00:00,229947484.7545362 
 11/29  15:00:00,232247803.20539233 
 11/29  16:00:00,222403627.96863884 
 11/29  17:00:00,220170644.03803855 
 11/29  18:00:00,220246591.83863744 
 11/29  19:00:00,223814648.62639472 
 11/29  20:00:00,227200510.2808952 
 11/29  21:00:00,227006276.6555669 
 11/29  22:00:00,226845562.09406894 
 11/29  23:00:00,229109360.1574806 
 11/29  24:00:00,228824485.80601627 
 11/30  01:00:00,225465298.79039767 
 11/30  02:00:00,221828155.5966826 
 11/30  03:00:00,218241343.30771616 
 11/30  04:00:00,216184494.70368117 
 11/30  05:00:00,210411140.7833791 
 11/30  06:00:00,203888976.2396034 
 11/30  07:00:00,204559297.68934527 
 11/30  08:00:00,210959001.66721854 
 11/30  09:00:00,226503421.85092765 
 11/30  10:00:00,216886437.59389198 
 11/30  11:00:00,209024957.7295954 
 11/30  12:00:00,194530542.92946646 
 11/30  13:00:00,181057054.73421016 
 11/30  14:00:00,173575950.4829089 
 11/30  15:00:00,177949305.9899465 
 11/30  16:00:00,173710469.95400438 
 11/30  17:00:00,175650316.06955805 
 11/30  18:00:00,175515331.31644517 
 11/30  19:00:00,181460629.7526563 
 11/30  20:00:00,188675477.4337225 
 11/30  21:00:00,190553598.1877838 
 11/30  22:00:00,191339437.92225707 
 11/30  23:00:00,196802348.57616127 
 11/30  24:00:00,204583142.28504032 
 12/01  01:00:00,211206532.6099804 
 12/01  02:00:00,214604626.2268913 
 12/01  03:00:00,211994293.62975997 
 12/01  04:00:00,208225865.16536462 
 12/01  05:00:00,209380591.0033511 
 12/01  06:00:00,209773742.9053191 
 12/01  07:00:00,207642636.43670893 
 12/01  08:00:00,207082558.69420046 
 12/01  09:00:00,219525852.60124215 
 12/01  10:00:00,219043744.47396192 
 12/01  11:00:00,217929774.2116624 
 12/01  12:00:00,202973613.8288548 
 12/01  13:00:00,191167919.00639284 
 12/01  14:00:00,183409492.50192454 
 12/01  15:00:00,183896495.01159203 
 12/01  16:00:00,172142755.63755262 
 12/01  17:00:00,170178382.48550645 
 12/01  18:00:00,171435153.76228744 
 12/01  19:00:00,182663126.05549425 
 12/01  20:00:00,192697904.8341111 
 12/01  21:00:00,194084066.78239012 
 12/01  22:00:00,197108257.37148258 
 12/01  23:00:00,205208007.11612275 
 12/01  24:00:00,211204797.55865794 
 12/02  01:00:00,211937465.0597767 
 12/02  02:00:00,213772040.9175886 
 12/02  03:00:00,214305201.3368422 
 12/02  04:00:00,214808809.45847255 
 12/02  05:00:00,215023797.30856964 
 12/02  06:00:00,215220008.68749467 
 12/02  07:00:00,220708699.74619794 
 12/02  08:00:00,224871607.54565588 
 12/02  09:00:00,237213305.56566042 
 12/02  10:00:00,232767437.96522036 
 12/02  11:00:00,231040042.00569165 
 12/02  12:00:00,211962747.94639498 
 12/02  13:00:00,192326250.0504751 
 12/02  14:00:00,184993761.96634328 
 12/02  15:00:00,189138627.98850703 
 12/02  16:00:00,183118299.00877917 
 12/02  17:00:00,184226961.10803732 
 12/02  18:00:00,187666197.99962884 
 12/02  19:00:00,199626369.37062728 
 12/02  20:00:00,210858115.99416754 
 12/02  21:00:00,217380073.34697384 
 12/02  22:00:00,222531498.46539232 
 12/02  23:00:00,225116453.7011535 
 12/02  24:00:00,222894528.44181556 
 12/03  01:00:00,223136488.2578515 
 12/03  02:00:00,226383736.99799144 
 12/03  03:00:00,225957435.52246958 
 12/03  04:00:00,226915214.04911613 
 12/03  05:00:00,235414539.7421169 
 12/03  06:00:00,242290172.3702801 
 12/03  07:00:00,244943600.40526435 
 12/03  08:00:00,248629616.8134974 
 12/03  09:00:00,268441373.4285354 
 12/03  10:00:00,268501545.17814916 
 12/03  11:00:00,263406041.80528533 
 12/03  12:00:00,242504288.54639968 
 12/03  13:00:00,224229816.12891078 
 12/03  14:00:00,215041778.89317584 
 12/03  15:00:00,215159545.89840245 
 12/03  16:00:00,201037254.8735822 
 12/03  17:00:00,192919584.43422362 
 12/03  18:00:00,192420876.29789257 
 12/03  19:00:00,213635994.48183483 
 12/03  20:00:00,235853261.57727742 
 12/03  21:00:00,241113376.73303387 
 12/03  22:00:00,242149054.91939557 
 12/03  23:00:00,246632586.17691168 
 12/03  24:00:00,256140858.1933546 
 12/04  01:00:00,264775663.4552061 
 12/04  02:00:00,268959105.7456838 
 12/04  03:00:00,271625110.2739322 
 12/04  04:00:00,282116126.51869833 
 12/04  05:00:00,311153506.80492854 
 12/04  06:00:00,318416167.53210723 
 12/04  07:00:00,316404644.0344391 
 12/04  08:00:00,320601209.99505126 
 12/04  09:00:00,324500305.09130204 
 12/04  10:00:00,314660226.172992 
 12/04  11:00:00,300522204.23812187 
 12/04  12:00:00,279522686.5107414 
 12/04  13:00:00,262131860.89261818 
 12/04  14:00:00,252726422.9200678 
 12/04  15:00:00,243565537.09451446 
 12/04  16:00:00,233768246.45505723 
 12/04  17:00:00,222699700.68086308 
 12/04  18:00:00,214442092.50390682 
 12/04  19:00:00,231411505.74970448 
 12/04  20:00:00,247275562.5991385 
 12/04  21:00:00,241672143.1489323 
 12/04  22:00:00,235534930.11261258 
 12/04  23:00:00,234920647.9904491 
 12/04  24:00:00,240497319.8181597 
 12/05  01:00:00,243727266.0792119 
 12/05  02:00:00,245072758.63389373 
 12/05  03:00:00,244241354.73992318 
 12/05  04:00:00,243718754.9225959 
 12/05  05:00:00,243977598.11827594 
 12/05  06:00:00,244026377.220665 
 12/05  07:00:00,241602696.6981154 
 12/05  08:00:00,235391578.34544158 
 12/05  09:00:00,236078923.64758393 
 12/05  10:00:00,234077447.33702344 
 12/05  11:00:00,227492186.39423463 
 12/05  12:00:00,217371814.906286 
 12/05  13:00:00,208417457.74751747 
 12/05  14:00:00,202093165.070121 
 12/05  15:00:00,197433386.84435835 
 12/05  16:00:00,192183976.97096103 
 12/05  17:00:00,183233899.8168774 
 12/05  18:00:00,177114804.1724953 
 12/05  19:00:00,177059077.40049243 
 12/05  20:00:00,175876093.3164955 
 12/05  21:00:00,170647969.6584826 
 12/05  22:00:00,164751058.62614736 
 12/05  23:00:00,161268497.31005582 
 12/05  24:00:00,156317988.12148255 
 12/06  01:00:00,147792445.6569207 
 12/06  02:00:00,139681941.38684943 
 12/06  03:00:00,133680460.06748317 
 12/06  04:00:00,126444975.29276769 
 12/06  05:00:00,104841708.58968134 
 12/06  06:00:00,95201398.55609258 
 12/06  07:00:00,91644423.41129306 
 12/06  08:00:00,90425659.74811788 
 12/06  09:00:00,103507489.86408782 
 12/06  10:00:00,100407297.08591004 
 12/06  11:00:00,96606667.86301292 
 12/06  12:00:00,81549612.98770243 
 12/06  13:00:00,70506179.15771012 
 12/06  14:00:00,60362475.95008585 
 12/06  15:00:00,62592462.43110169 
 12/06  16:00:00,58818920.17431795 
 12/06  17:00:00,58976420.94932041 
 12/06  18:00:00,59978360.37198217 
 12/06  19:00:00,67490028.03781517 
 12/06  20:00:00,75109342.63398145 
 12/06  21:00:00,75897017.91444097 
 12/06  22:00:00,74651999.16957383 
 12/06  23:00:00,78639332.53243619 
 12/06  24:00:00,82864606.87436636 
 12/07  01:00:00,83335941.88200465 
 12/07  02:00:00,83178308.28500503 
 12/07  03:00:00,81327986.43892568 
 12/07  04:00:00,81012930.36651722 
 12/07  05:00:00,82077556.67309548 
 12/07  06:00:00,81722372.2627433 
 12/07  07:00:00,80830850.24445635 
 12/07  08:00:00,80441223.55325761 
 12/07  09:00:00,93519469.21535297 
 12/07  10:00:00,93533786.77373172 
 12/07  11:00:00,95252065.44518481 
 12/07  12:00:00,92938213.1080498 
 12/07  13:00:00,91385586.62821133 
 12/07  14:00:00,86627400.42830688 
 12/07  15:00:00,92021867.6767069 
 12/07  16:00:00,84433147.49371505 
 12/07  17:00:00,82671056.82111649 
 12/07  18:00:00,80413444.04872933 
 12/07  19:00:00,79408766.32256803 
 12/07  20:00:00,79629752.77061683 
 12/07  21:00:00,80198884.21500276 
 12/07  22:00:00,82130457.19142649 
 12/07  23:00:00,82171738.11412464 
 12/07  24:00:00,78915192.10373431 
 12/08  01:00:00,76859416.76855797 
 12/08  02:00:00,77787118.89252007 
 12/08  03:00:00,76596665.66221094 
 12/08  04:00:00,75889094.45206739 
 12/08  05:00:00,84203843.49601299 
 12/08  06:00:00,91574488.91936475 
 12/08  07:00:00,91425303.34286559 
 12/08  08:00:00,90833987.05374543 
 12/08  09:00:00,105786454.67007533 
 12/08  10:00:00,104526420.9690402 
 12/08  11:00:00,102318069.94693728 
 12/08  12:00:00,92796594.93508677 
 12/08  13:00:00,84578920.8106676 
 12/08  14:00:00,75326739.86749263 
 12/08  15:00:00,74761636.4341409 
 12/08  16:00:00,66677798.3866397 
 12/08  17:00:00,68644447.0334233 
 12/08  18:00:00,71681823.53484973 
 12/08  19:00:00,75684755.75444381 
 12/08  20:00:00,79766138.10711874 
 12/08  21:00:00,82642592.18233953 
 12/08  22:00:00,87717178.43468899 
 12/08  23:00:00,91631435.4015208 
 12/08  24:00:00,94271629.56332222 
 12/09  01:00:00,96014216.23633541 
 12/09  02:00:00,96909091.14174147 
 12/09  03:00:00,96403811.28743003 
 12/09  04:00:00,98783297.38945453 
 12/09  05:00:00,102625868.86900118 
 12/09  06:00:00,103294311.12089954 
 12/09  07:00:00,103465040.46450366 
 12/09  08:00:00,101598504.31155246 
 12/09  09:00:00,115079037.21240649 
 12/09  10:00:00,117520044.82970889 
 12/09  11:00:00,112288707.92519653 
 12/09  12:00:00,94531284.66476394 
 12/09  13:00:00,81872184.20328611 
 12/09  14:00:00,74282456.6342315 
 12/09  15:00:00,78174740.00326826 
 12/09  16:00:00,68148723.85194269 
 12/09  17:00:00,66155411.822848536 
 12/09  18:00:00,66351906.74278669 
 12/09  19:00:00,81302333.19363086 
 12/09  20:00:00,95972842.61939907 
 12/09  21:00:00,98200815.37770762 
 12/09  22:00:00,100910657.20756027 
 12/09  23:00:00,107573674.00028361 
 12/09  24:00:00,113075117.69680417 
 12/10  01:00:00,116320605.85008854 
 12/10  02:00:00,121212216.64821644 
 12/10  03:00:00,126718553.29918917 
 12/10  04:00:00,132560708.81204915 
 12/10  05:00:00,134065047.54993506 
 12/10  06:00:00,134447462.78046197 
 12/10  07:00:00,138204669.78972274 
 12/10  08:00:00,142393015.01994094 
 12/10  09:00:00,158174785.05891564 
 12/10  10:00:00,158343466.4809689 
 12/10  11:00:00,155223543.39034674 
 12/10  12:00:00,125247518.55226383 
 12/10  13:00:00,100786145.04786386 
 12/10  14:00:00,90031381.19503772 
 12/10  15:00:00,83693427.60330215 
 12/10  16:00:00,62778155.63577415 
 12/10  17:00:00,52886572.302936696 
 12/10  18:00:00,52985593.85065262 
 12/10  19:00:00,63508186.853405334 
 12/10  20:00:00,84186981.192256 
 12/10  21:00:00,99485078.33421524 
 12/10  22:00:00,108322725.95452183 
 12/10  23:00:00,116791082.76177657 
 12/10  24:00:00,126362358.06580955 
 12/11  01:00:00,137634813.49770084 
 12/11  02:00:00,148153204.75304788 
 12/11  03:00:00,154199127.09330243 
 12/11  04:00:00,158859110.66549182 
 12/11  05:00:00,176674547.39097667 
 12/11  06:00:00,176791051.9037357 
 12/11  07:00:00,173853189.0346255 
 12/11  08:00:00,171876379.0764384 
 12/11  09:00:00,172906837.9774381 
 12/11  10:00:00,171173612.00957435 
 12/11  11:00:00,168536000.87330562 
 12/11  12:00:00,148298802.9322026 
 12/11  13:00:00,127642984.1982329 
 12/11  14:00:00,119579385.24039763 
 12/11  15:00:00,110313503.51773664 
 12/11  16:00:00,101376218.01950678 
 12/11  17:00:00,99450157.52510895 
 12/11  18:00:00,104438871.52010576 
 12/11  19:00:00,113888833.64959608 
 12/11  20:00:00,117544706.60249814 
 12/11  21:00:00,116560467.76047723 
 12/11  22:00:00,120464905.69355442 
 12/11  23:00:00,141182036.4290629 
 12/11  24:00:00,150670978.79247227 
 12/12  01:00:00,156276216.24419275 
 12/12  02:00:00,159626883.74225038 
 12/12  03:00:00,164227833.0926225 
 12/12  04:00:00,170232876.4530464 
 12/12  05:00:00,190812206.07870868 
 12/12  06:00:00,199693958.2493117 
 12/12  07:00:00,204887908.60205305 
 12/12  08:00:00,210828886.76456752 
 12/12  09:00:00,216422638.84474483 
 12/12  10:00:00,215030238.258453 
 12/12  11:00:00,207199776.50472108 
 12/12  12:00:00,183658910.94272014 
 12/12  13:00:00,163094050.6586741 
 12/12  14:00:00,154324660.76592666 
 12/12  15:00:00,142276696.15354955 
 12/12  16:00:00,127307352.5094586 
 12/12  17:00:00,117151810.1826989 
 12/12  18:00:00,117722466.95393372 
 12/12  19:00:00,132462686.3475044 
 12/12  20:00:00,130533926.767652 
 12/12  21:00:00,122048503.96948175 
 12/12  22:00:00,131710664.38577281 
 12/12  23:00:00,148437238.82170868 
 12/12  24:00:00,162424953.5545987 
 12/13  01:00:00,167056741.13097635 
 12/13  02:00:00,165837500.03678238 
 12/13  03:00:00,166764595.44996056 
 12/13  04:00:00,168597457.1722035 
 12/13  05:00:00,159971003.49152642 
 12/13  06:00:00,161779484.96669993 
 12/13  07:00:00,163362682.51989847 
 12/13  08:00:00,163838403.4164815 
 12/13  09:00:00,174388196.86797655 
 12/13  10:00:00,168438851.8024923 
 12/13  11:00:00,162860504.36429238 
 12/13  12:00:00,134260395.53062484 
 12/13  13:00:00,105746031.6028033 
 12/13  14:00:00,88860132.90610774 
 12/13  15:00:00,86150943.48642051 
 12/13  16:00:00,72369742.31792536 
 12/13  17:00:00,65162145.84069889 
 12/13  18:00:00,62537024.464334965 
 12/13  19:00:00,66833904.59376909 
 12/13  20:00:00,73057866.74481165 
 12/13  21:00:00,77705143.65727103 
 12/13  22:00:00,87790466.97059935 
 12/13  23:00:00,106893448.56236656 
 12/13  24:00:00,126782499.54192328 
 12/14  01:00:00,140263474.59424865 
 12/14  02:00:00,142899217.60741854 
 12/14  03:00:00,144281702.31297213 
 12/14  04:00:00,156060865.24776608 
 12/14  05:00:00,169158333.41838866 
 12/14  06:00:00,172392175.36672157 
 12/14  07:00:00,168908049.62007517 
 12/14  08:00:00,167404947.68069965 
 12/14  09:00:00,183915220.75325254 
 12/14  10:00:00,187682705.4998891 
 12/14  11:00:00,190283936.64500427 
 12/14  12:00:00,171218510.18772316 
 12/14  13:00:00,149591021.9524656 
 12/14  14:00:00,136235591.0042768 
 12/14  15:00:00,133525645.01982456 
 12/14  16:00:00,117063077.44084269 
 12/14  17:00:00,108005912.23577312 
 12/14  18:00:00,109983351.81990336 
 12/14  19:00:00,139305493.54761907 
 12/14  20:00:00,164918799.65974084 
 12/14  21:00:00,170866004.77375752 
 12/14  22:00:00,178410099.0438935 
 12/14  23:00:00,196805000.55131298 
 12/14  24:00:00,215206144.79287666 
 12/15  01:00:00,224500820.69903135 
 12/15  02:00:00,232176893.40912738 
 12/15  03:00:00,237380860.9084561 
 12/15  04:00:00,242197905.3412862 
 12/15  05:00:00,245404728.49517998 
 12/15  06:00:00,243466966.4283009 
 12/15  07:00:00,240755434.51340267 
 12/15  08:00:00,237507936.99362537 
 12/15  09:00:00,248558565.01514035 
 12/15  10:00:00,242973803.30422768 
 12/15  11:00:00,236963630.36764327 
 12/15  12:00:00,220814760.19597003 
 12/15  13:00:00,206191608.4128285 
 12/15  14:00:00,197617284.87299946 
 12/15  15:00:00,199433702.37788758 
 12/15  16:00:00,190482692.05142242 
 12/15  17:00:00,189415120.03891855 
 12/15  18:00:00,192314241.2409981 
 12/15  19:00:00,207096440.87348214 
 12/15  20:00:00,221337300.41613618 
 12/15  21:00:00,228236458.41831484 
 12/15  22:00:00,235778773.17762673 
 12/15  23:00:00,250096462.5928668 
 12/15  24:00:00,265195789.89258435 
 12/16  01:00:00,271419179.5826895 
 12/16  02:00:00,275683598.2070525 
 12/16  03:00:00,283379947.7442416 
 12/16  04:00:00,290230146.8553127 
 12/16  05:00:00,294287227.09135526 
 12/16  06:00:00,298861980.7261529 
 12/16  07:00:00,307719101.3004565 
 12/16  08:00:00,314456260.60629046 
 12/16  09:00:00,329715056.7270074 
 12/16  10:00:00,321307514.6775033 
 12/16  11:00:00,302197091.5726037 
 12/16  12:00:00,267034779.56671628 
 12/16  13:00:00,243128645.6118811 
 12/16  14:00:00,231787518.55999053 
 12/16  15:00:00,230037436.66130868 
 12/16  16:00:00,214072341.25786772 
 12/16  17:00:00,203361773.31487882 
 12/16  18:00:00,198864250.19234255 
 12/16  19:00:00,204366976.50591883 
 12/16  20:00:00,218341635.43851283 
 12/16  21:00:00,235407908.8094062 
 12/16  22:00:00,251864675.9344472 
 12/16  23:00:00,268209789.41354325 
 12/16  24:00:00,279471953.3391338 
 12/17  01:00:00,284928706.5137728 
 12/17  02:00:00,289123509.44500077 
 12/17  03:00:00,292565674.70595974 
 12/17  04:00:00,303921010.73128486 
 12/17  05:00:00,318263983.15978163 
 12/17  06:00:00,318524949.7717334 
 12/17  07:00:00,316574015.55156106 
 12/17  08:00:00,322046513.81965756 
 12/17  09:00:00,339834045.96265405 
 12/17  10:00:00,336099395.43210757 
 12/17  11:00:00,323010203.997444 
 12/17  12:00:00,282278730.2344843 
 12/17  13:00:00,249846151.01151454 
 12/17  14:00:00,233807329.04412788 
 12/17  15:00:00,225150187.15242878 
 12/17  16:00:00,199273831.28880027 
 12/17  17:00:00,184535896.4580572 
 12/17  18:00:00,191318264.15623233 
 12/17  19:00:00,224975915.05319774 
 12/17  20:00:00,243402281.5980254 
 12/17  21:00:00,235534734.2096086 
 12/17  22:00:00,233446391.97383416 
 12/17  23:00:00,250654983.0946801 
 12/17  24:00:00,273413709.5302581 
 12/18  01:00:00,277981940.9605255 
 12/18  02:00:00,270470664.4709304 
 12/18  03:00:00,267258066.92738545 
 12/18  04:00:00,277608036.40146756 
 12/18  05:00:00,297815586.42669344 
 12/18  06:00:00,295676767.72424316 
 12/18  07:00:00,294745048.88672805 
 12/18  08:00:00,297819296.3636322 
 12/18  09:00:00,305259663.50673217 
 12/18  10:00:00,306301842.51038635 
 12/18  11:00:00,295225336.7112512 
 12/18  12:00:00,260905755.5199852 
 12/18  13:00:00,228469401.50191247 
 12/18  14:00:00,216798819.48272303 
 12/18  15:00:00,211239829.7435202 
 12/18  16:00:00,202757838.76830882 
 12/18  17:00:00,196064216.3688897 
 12/18  18:00:00,193721271.03616637 
 12/18  19:00:00,199651569.87505162 
 12/18  20:00:00,201568003.60540012 
 12/18  21:00:00,202464983.1118724 
 12/18  22:00:00,204876290.66510162 
 12/18  23:00:00,206809436.89488593 
 12/18  24:00:00,211047963.5453012 
 12/19  01:00:00,210831970.71640003 
 12/19  02:00:00,209608964.5497114 
 12/19  03:00:00,207009501.7084066 
 12/19  04:00:00,206385237.97625592 
 12/19  05:00:00,205945212.0335683 
 12/19  06:00:00,202944667.0779995 
 12/19  07:00:00,201605501.93455824 
 12/19  08:00:00,201370285.66309497 
 12/19  09:00:00,202484581.82751393 
 12/19  10:00:00,203422781.63337463 
 12/19  11:00:00,203287744.41516364 
 12/19  12:00:00,188484414.03140807 
 12/19  13:00:00,171712947.96625265 
 12/19  14:00:00,162474397.9684748 
 12/19  15:00:00,151875512.04894274 
 12/19  16:00:00,142166032.2391581 
 12/19  17:00:00,138159775.35155797 
 12/19  18:00:00,143705360.43744156 
 12/19  19:00:00,164094125.2948443 
 12/19  20:00:00,182357767.8539806 
 12/19  21:00:00,191610365.7169909 
 12/19  22:00:00,200399999.43505558 
 12/19  23:00:00,212619929.82605544 
 12/19  24:00:00,221802289.22829607 
 12/20  01:00:00,227039655.88449702 
 12/20  02:00:00,234587391.19115356 
 12/20  03:00:00,236187066.73100013 
 12/20  04:00:00,229576847.229388 
 12/20  05:00:00,216342312.51945528 
 12/20  06:00:00,220520097.18570364 
 12/20  07:00:00,219708009.3998842 
 12/20  08:00:00,216307001.19582185 
 12/20  09:00:00,228218433.02775398 
 12/20  10:00:00,221820110.61723998 
 12/20  11:00:00,213747927.41239515 
 12/20  12:00:00,191211112.33463398 
 12/20  13:00:00,173584172.7501942 
 12/20  14:00:00,164291712.5918748 
 12/20  15:00:00,164497749.49180478 
 12/20  16:00:00,152878134.09094837 
 12/20  17:00:00,147008460.78248605 
 12/20  18:00:00,143957847.13617113 
 12/20  19:00:00,152597766.00352 
 12/20  20:00:00,158491821.9538133 
 12/20  21:00:00,164759821.9661893 
 12/20  22:00:00,174149178.2929149 
 12/20  23:00:00,182142294.35901085 
 12/20  24:00:00,183894387.5853082 
 12/21  01:00:00,179613774.17390442 
 12/21  02:00:00,176976919.0072841 
 12/21  03:00:00,174287851.11052483 
 12/21  04:00:00,173638970.7791815 
 12/21  05:00:00,170982443.4071884 
 12/21  06:00:00,168632347.18601412 
 12/21  07:00:00,166558734.08588293 
 12/21  08:00:00,163626976.09967446 
 12/21  09:00:00,170558896.39438647 
 12/21  10:00:00,163517863.11396253 
 12/21  11:00:00,155187143.7185362 
 12/21  12:00:00,134869311.5970039 
 12/21  13:00:00,119795389.61011969 
 12/21  14:00:00,108425796.52384415 
 12/21  15:00:00,109295309.22145407 
 12/21  16:00:00,101156169.19022289 
 12/21  17:00:00,99353693.67923746 
 12/21  18:00:00,99061974.02008796 
 12/21  19:00:00,103928457.87191679 
 12/21  20:00:00,106620612.44470054 
 12/21  21:00:00,105789025.6427627 
 12/21  22:00:00,106154325.07487462 
 12/21  23:00:00,110013509.65933079 
 12/21  24:00:00,113011253.64934418 
 12/22  01:00:00,112610943.36483361 
 12/22  02:00:00,109950026.98327792 
 12/22  03:00:00,107432430.09423243 
 12/22  04:00:00,109031911.1046097 
 12/22  05:00:00,111736037.9729974 
 12/22  06:00:00,113414340.43738991 
 12/22  07:00:00,111819355.34354419 
 12/22  08:00:00,109351806.53251588 
 12/22  09:00:00,126078774.40509732 
 12/22  10:00:00,135896425.60587487 
 12/22  11:00:00,137842397.26666743 
 12/22  12:00:00,124599519.04840828 
 12/22  13:00:00,116487823.01780242 
 12/22  14:00:00,111191515.47892612 
 12/22  15:00:00,116142505.55905607 
 12/22  16:00:00,110872273.1128013 
 12/22  17:00:00,114731400.38330351 
 12/22  18:00:00,116852183.83900793 
 12/22  19:00:00,119419171.44136837 
 12/22  20:00:00,123484071.76760466 
 12/22  21:00:00,125129302.75794582 
 12/22  22:00:00,125227585.2993943 
 12/22  23:00:00,126999429.65125123 
 12/22  24:00:00,136326276.50655234 
 12/23  01:00:00,142189367.59428164 
 12/23  02:00:00,141495328.92068323 
 12/23  03:00:00,139593856.03765878 
 12/23  04:00:00,142283599.28207555 
 12/23  05:00:00,149218996.8305672 
 12/23  06:00:00,152419746.83886817 
 12/23  07:00:00,154998666.03772363 
 12/23  08:00:00,156823811.23403296 
 12/23  09:00:00,171619741.86774346 
 12/23  10:00:00,176801272.44974372 
 12/23  11:00:00,174897999.58205956 
 12/23  12:00:00,164018704.00094303 
 12/23  13:00:00,156180270.1725693 
 12/23  14:00:00,147127716.89356625 
 12/23  15:00:00,150565962.1888321 
 12/23  16:00:00,146630727.20884758 
 12/23  17:00:00,150435263.49916655 
 12/23  18:00:00,153706708.77310446 
 12/23  19:00:00,161160026.06804374 
 12/23  20:00:00,168521271.0566588 
 12/23  21:00:00,172586396.54705578 
 12/23  22:00:00,177448663.09104988 
 12/23  23:00:00,187069519.60182548 
 12/23  24:00:00,196941880.4243156 
 12/24  01:00:00,201758737.09040317 
 12/24  02:00:00,206179623.08631045 
 12/24  03:00:00,210944650.66066352 
 12/24  04:00:00,217246735.7284821 
 12/24  05:00:00,224600822.31011903 
 12/24  06:00:00,226698617.00829348 
 12/24  07:00:00,227412188.35905868 
 12/24  08:00:00,229565902.0742422 
 12/24  09:00:00,245027822.90292233 
 12/24  10:00:00,243976511.7201568 
 12/24  11:00:00,241281660.62544903 
 12/24  12:00:00,224826903.25357977 
 12/24  13:00:00,209275616.78626788 
 12/24  14:00:00,200682110.58021313 
 12/24  15:00:00,202822673.35113087 
 12/24  16:00:00,193457179.32152164 
 12/24  17:00:00,189436110.01733413 
 12/24  18:00:00,187826615.93737733 
 12/24  19:00:00,202416008.97655082 
 12/24  20:00:00,224673325.04101044 
 12/24  21:00:00,224595602.4338807 
 12/24  22:00:00,220131591.72747907 
 12/24  23:00:00,230979566.02932966 
 12/24  24:00:00,235295606.92600375 
 12/25  01:00:00,236071749.2200907 
 12/25  02:00:00,237441529.15727675 
 12/25  03:00:00,233787124.108521 
 12/25  04:00:00,235450046.00417906 
 12/25  05:00:00,264117030.29397786 
 12/25  06:00:00,281138510.92706704 
 12/25  07:00:00,287302480.5919979 
 12/25  08:00:00,290430641.49370027 
 12/25  09:00:00,293739970.18006694 
 12/25  10:00:00,292533318.547794 
 12/25  11:00:00,280605514.8208308 
 12/25  12:00:00,251884546.815763 
 12/25  13:00:00,228467705.9473577 
 12/25  14:00:00,218092787.08160576 
 12/25  15:00:00,209091383.61675 
 12/25  16:00:00,201949773.83225757 
 12/25  17:00:00,196823447.23599118 
 12/25  18:00:00,196215087.9916882 
 12/25  19:00:00,206597338.88188577 
 12/25  20:00:00,216337697.45572612 
 12/25  21:00:00,223919575.47997504 
 12/25  22:00:00,238899078.7949696 
 12/25  23:00:00,264105254.63669223 
 12/25  24:00:00,291391612.05513686 
 12/26  01:00:00,305817041.6479408 
 12/26  02:00:00,312379766.427465 
 12/26  03:00:00,317918389.48524517 
 12/26  04:00:00,325786568.77231765 
 12/26  05:00:00,334243777.1519839 
 12/26  06:00:00,339267557.81831104 
 12/26  07:00:00,343634627.576819 
 12/26  08:00:00,345894624.3905733 
 12/26  09:00:00,347591146.38368285 
 12/26  10:00:00,343281198.5190437 
 12/26  11:00:00,325865148.38389695 
 12/26  12:00:00,287968179.020431 
 12/26  13:00:00,256824150.52643213 
 12/26  14:00:00,242922623.2083667 
 12/26  15:00:00,230941368.13300607 
 12/26  16:00:00,214247456.43690404 
 12/26  17:00:00,199589953.83453754 
 12/26  18:00:00,203430662.57416826 
 12/26  19:00:00,230459212.523599 
 12/26  20:00:00,245115533.81696832 
 12/26  21:00:00,243588405.54695866 
 12/26  22:00:00,249573231.93071622 
 12/26  23:00:00,267317338.3551589 
 12/26  24:00:00,295836512.70609355 
 12/27  01:00:00,309663211.9801635 
 12/27  02:00:00,299351316.2147973 
 12/27  03:00:00,289790497.3767733 
 12/27  04:00:00,294979939.0203604 
 12/27  05:00:00,291053671.86266524 
 12/27  06:00:00,290661955.21380675 
 12/27  07:00:00,296075281.97069305 
 12/27  08:00:00,302899735.4882375 
 12/27  09:00:00,316388874.0134431 
 12/27  10:00:00,307130606.25073284 
 12/27  11:00:00,295682942.5327231 
 12/27  12:00:00,259061972.85823202 
 12/27  13:00:00,230779151.03006616 
 12/27  14:00:00,218975180.89095664 
 12/27  15:00:00,213875544.83864257 
 12/27  16:00:00,191433442.79615095 
 12/27  17:00:00,176918383.00289062 
 12/27  18:00:00,180129932.00662285 
 12/27  19:00:00,195774501.50058857 
 12/27  20:00:00,200742762.75389692 
 12/27  21:00:00,201474534.08935785 
 12/27  22:00:00,208515796.08385992 
 12/27  23:00:00,218517065.40837196 
 12/27  24:00:00,227369627.12772012 
 12/28  01:00:00,232137155.28826824 
 12/28  02:00:00,235062603.34267825 
 12/28  03:00:00,239273890.10960093 
 12/28  04:00:00,246909338.7725464 
 12/28  05:00:00,249675221.98208046 
 12/28  06:00:00,250927758.974735 
 12/28  07:00:00,258378430.3041355 
 12/28  08:00:00,268646532.54129833 
 12/28  09:00:00,287477753.8546085 
 12/28  10:00:00,274314121.45920384 
 12/28  11:00:00,258333132.63359126 
 12/28  12:00:00,227841323.44136152 
 12/28  13:00:00,204383233.89268315 
 12/28  14:00:00,193831114.10203245 
 12/28  15:00:00,192148120.57566306 
 12/28  16:00:00,174170204.69417095 
 12/28  17:00:00,161819843.79770708 
 12/28  18:00:00,154541318.51589924 
 12/28  19:00:00,158843436.6359498 
 12/28  20:00:00,169365342.80196482 
 12/28  21:00:00,174250673.058142 
 12/28  22:00:00,178621663.93515232 
 12/28  23:00:00,195523054.7000596 
 12/28  24:00:00,211734674.15631863 
 12/29  01:00:00,216149909.07302055 
 12/29  02:00:00,215440935.27031323 
 12/29  03:00:00,212237393.52691782 
 12/29  04:00:00,214028077.2182491 
 12/29  05:00:00,213438045.30464375 
 12/29  06:00:00,213363832.28437024 
 12/29  07:00:00,219559488.26429358 
 12/29  08:00:00,222557512.66631487 
 12/29  09:00:00,239289738.08110973 
 12/29  10:00:00,243853314.7909 
 12/29  11:00:00,237261739.5375693 
 12/29  12:00:00,197959662.23885015 
 12/29  13:00:00,164689115.89888245 
 12/29  14:00:00,146949528.51764426 
 12/29  15:00:00,142201971.5057037 
 12/29  16:00:00,124784691.60943925 
 12/29  17:00:00,115614964.63306351 
 12/29  18:00:00,112736200.52495071 
 12/29  19:00:00,116805116.35214153 
 12/29  20:00:00,129069853.88563162 
 12/29  21:00:00,139863295.23723635 
 12/29  22:00:00,146115778.54860464 
 12/29  23:00:00,157403808.4892588 
 12/29  24:00:00,168829699.83286622 
 12/30  01:00:00,174323075.2604234 
 12/30  02:00:00,180114527.04876325 
 12/30  03:00:00,182711370.35776448 
 12/30  04:00:00,190486750.79678884 
 12/30  05:00:00,199634330.37209576 
 12/30  06:00:00,204926429.73698744 
 12/30  07:00:00,210510347.6301144 
 12/30  08:00:00,213149230.90348238 
 12/30  09:00:00,226535327.78249183 
 12/30  10:00:00,224296426.98548222 
 12/30  11:00:00,217148077.55197695 
 12/30  12:00:00,190728127.00816828 
 12/30  13:00:00,171601934.91857895 
 12/30  14:00:00,164834999.50775528 
 12/30  15:00:00,170154196.38691503 
 12/30  16:00:00,155006906.8187416 
 12/30  17:00:00,142757724.20977104 
 12/30  18:00:00,140733071.9915786 
 12/30  19:00:00,144955285.25254685 
 12/30  20:00:00,146636628.96965358 
 12/30  21:00:00,145719662.89614135 
 12/30  22:00:00,148769433.81056345 
 12/30  23:00:00,154752128.6506731 
 12/30  24:00:00,153315796.94707727 
 12/31  01:00:00,150343232.8511161 
 12/31  02:00:00,151876716.53624946 
 12/31  03:00:00,151889863.50572747 
 12/31  04:00:00,153699501.27129045 
 12/31  05:00:00,155760175.47040904 
 12/31  06:00:00,154636275.66544798 
 12/31  07:00:00,154148169.270833 
 12/31  08:00:00,154698184.97776586 
 12/31  09:00:00,168359208.47289002 
 12/31  10:00:00,167846967.35600495 
 12/31  11:00:00,165689009.14454916 
 12/31  12:00:00,151434673.66017446 
 12/31  13:00:00,141630539.0835994 
 12/31  14:00:00,136468727.93802828 
 12/31  15:00:00,140167556.97210914 
 12/31  16:00:00,130785230.39950475 
 12/31  17:00:00,126032383.76691782 
 12/31  18:00:00,124221179.82361583 
 12/31  19:00:00,130298607.40040553 
 12/31  20:00:00,141680456.80547464 
 12/31  21:00:00,149703829.27811277 
 12/31  22:00:00,154080920.97216427 
 12/31  23:00:00,158141873.9997085 
 12/31  24:00:00,162898263.74276233 
