cell_id,archetype_id,survey_fold,sensitivity_f,replicate,class,completed,completion_status,return_code,severe_count,fatal_count,heating_kwh,runtime_s,marker_psy,marker_inside_hb,marker_calchb,idf_sha256,error
es__ES.ME.AB.01.Gen.ReEx.001.001__f000,ES.ME.AB.01.Gen.ReEx.001.001,es,0.0,1,ATTEMPTED,True,COMPLETED,0,0,0,177989.4834858776,3.762,True,False,False,00c4c17c4b451b9432a974a4174aded4fa97870659b45f3c401a1713f9eb93f8,
es__ES.ME.AB.01.Gen.ReEx.001.001__f000,ES.ME.AB.01.Gen.ReEx.001.001,es,0.0,2,ATTEMPTED,True,COMPLETED,0,0,0,177989.4834858776,3.343,True,False,False,b6cbe3fd08aa1e452bc92b70f5d62502e4fb745d2e133d42f1cbb85e40b720af,
es__ES.ME.AB.01.Gen.ReEx.001.001__f000,ES.ME.AB.01.Gen.ReEx.001.001,es,0.0,3,ATTEMPTED,True,COMPLETED,0,0,0,177989.4834858776,3.391,True,False,False,63ad1c56e9f9a2e8fd130b3f5c3ed77d6dd71b12f5e3aa9ba5718ce1e4bb1c00,
es__ES.ME.AB.01.Gen.ReEx.001.001__f015,ES.ME.AB.01.Gen.ReEx.001.001,es,0.15,1,ATTEMPTED,True,COMPLETED,0,0,0,177950.49749415537,3.689,True,False,False,c0369e46934815f1d2298e7d53f973c59b2b61943a296269306d39ea82c96733,
es__ES.ME.AB.01.Gen.ReEx.001.001__f015,ES.ME.AB.01.Gen.ReEx.001.001,es,0.15,2,ATTEMPTED,True,COMPLETED,0,0,0,177950.49749415537,3.694,True,False,False,1406d58400641e249fc9df89eeecbf3613f3b222e831e66547c79f33fbcbbf97,
es__ES.ME.AB.01.Gen.ReEx.001.001__f015,ES.ME.AB.01.Gen.ReEx.001.001,es,0.15,3,ATTEMPTED,True,COMPLETED,0,0,0,177950.49749415537,3.621,True,False,False,255056d6eed0ccf3564d09b2eebe496cb89e7b6617b25e7c2b46a98165ba947c,
es__ES.ME.AB.01.Gen.ReEx.001.001__f030,ES.ME.AB.01.Gen.ReEx.001.001,es,0.3,1,ATTEMPTED,True,COMPLETED,0,0,0,177913.93695266882,3.675,True,False,False,4b618287931a657a834e1a80672c22d88ad86e1f0f1baa48e44171a67c28bfe9,
es__ES.ME.AB.01.Gen.ReEx.001.001__f030,ES.ME.AB.01.Gen.ReEx.001.001,es,0.3,2,ATTEMPTED,True,COMPLETED,0,0,0,177913.93695266882,3.499,True,False,False,28c981ec34b23d5dfc890760d72251bf2ade4c5c477d8cc0d13eac77c3fa654e,
es__ES.ME.AB.01.Gen.ReEx.001.001__f030,ES.ME.AB.01.Gen.ReEx.001.001,es,0.3,3,ATTEMPTED,True,COMPLETED,0,0,0,177913.93695266882,3.522,True,False,False,4fda5d53520790bde17ee7064bcfba72e856466fb4579a6563aaaeff1f0ed32d,
es__ES.ME.AB.01.Gen.ReEx.001.001__f050,ES.ME.AB.01.Gen.ReEx.001.001,es,0.5,1,ATTEMPTED,True,COMPLETED,0,0,0,177869.0993277026,3.507,True,False,False,83c85545e5bc59003f886400e8c7ba673a13048afd3e43f5e1b0352f19758b84,
es__ES.ME.AB.01.Gen.ReEx.001.001__f050,ES.ME.AB.01.Gen.ReEx.001.001,es,0.5,2,ATTEMPTED,True,COMPLETED,0,0,0,177869.0993277026,3.668,True,False,False,2efa7a1621f07716fedc408497cc406a47564a0e5e7a75663d5f9fd1b8730080,
es__ES.ME.AB.01.Gen.ReEx.001.001__f050,ES.ME.AB.01.Gen.ReEx.001.001,es,0.5,3,ATTEMPTED,True,COMPLETED,0,0,0,177869.0993277026,3.6,True,False,False,a35fd240b189e0e603e19f8cdd3fc9ca91e5a85a1ec40db6259f5dffe735793a,
es__ES.ME.AB.01.Gen.ReEx.001.001__f100,ES.ME.AB.01.Gen.ReEx.001.001,es,1.0,1,ATTEMPTED,True,COMPLETED,0,0,0,177776.2592533343,3.664,True,False,False,1e4fb4552b4996d0790e3b613ee829632ee8eb7550c1dd39e4e034c778fd5a4d,
es__ES.ME.AB.01.Gen.ReEx.001.001__f100,ES.ME.AB.01.Gen.ReEx.001.001,es,1.0,2,ATTEMPTED,True,COMPLETED,0,0,0,177776.2592533343,3.699,True,False,False,97f34538a1ae1cb1c214247777bf15047ee6823817d40f34d028b67834cfc3e5,
es__ES.ME.AB.01.Gen.ReEx.001.001__f100,ES.ME.AB.01.Gen.ReEx.001.001,es,1.0,3,ATTEMPTED,True,COMPLETED,0,0,0,177776.2592533343,3.858,True,False,False,02a530583758ded8f51dab7440008f87613ce904a83f70e7362685b052eebc75,
es__ES.ME.AB.02.Gen.ReEx.001.001__f000,ES.ME.AB.02.Gen.ReEx.001.001,es,0.0,1,ATTEMPTED,True,COMPLETED,0,0,0,201800.75587402759,4.085,True,False,False,c7190205bb8f2a6723e2c2042965abfa71ecaf2a93b95395a0c961f547e106fd,
es__ES.ME.AB.02.Gen.ReEx.001.001__f000,ES.ME.AB.02.Gen.ReEx.001.001,es,0.0,2,ATTEMPTED,True,COMPLETED,0,0,0,201800.75587402759,3.877,True,False,False,b49a74ee1acf86a138b6d3504fceef15f0ee466d39c1523671aa1029a70d92ad,
es__ES.ME.AB.02.Gen.ReEx.001.001__f000,ES.ME.AB.02.Gen.ReEx.001.001,es,0.0,3,ATTEMPTED,False,ENGINE_FAILED,1,27,1,None,2.884,True,True,False,1e272f53f424b5fece6033b522e337e25b7fa4187529c3570b52d5c676826f37,
es__ES.ME.AB.02.Gen.ReEx.001.001__f015,ES.ME.AB.02.Gen.ReEx.001.001,es,0.15,1,ATTEMPTED,False,ENGINE_FAILED,1,1,1,None,0.653,False,False,False,d65d160686973ad611f6b82159f2be2bde38d48b2e9b5d239206a657a869fc00,
es__ES.ME.AB.02.Gen.ReEx.001.001__f015,ES.ME.AB.02.Gen.ReEx.001.001,es,0.15,2,ATTEMPTED,True,COMPLETED,0,0,0,215808.00332439807,3.966,True,False,False,e8c65b01f7466eead82f29d27642869803229c2f35f2aefc949c057c02d38ab9,
es__ES.ME.AB.02.Gen.ReEx.001.001__f015,ES.ME.AB.02.Gen.ReEx.001.001,es,0.15,3,ATTEMPTED,False,ENGINE_FAILED,1,27,1,None,2.668,True,True,False,781dd2e181e9bf60922f1944b807102d3c17c689e8d18cec7b280ae47892291b,
es__ES.ME.AB.02.Gen.ReEx.001.001__f030,ES.ME.AB.02.Gen.ReEx.001.001,es,0.3,1,ATTEMPTED,True,COMPLETED,0,0,0,215723.81240959678,4.117,True,False,False,edb87411a12b396ac5e47ee1072c2eb0a4d05d6bb1f7680d205b17807543cdfe,
es__ES.ME.AB.02.Gen.ReEx.001.001__f030,ES.ME.AB.02.Gen.ReEx.001.001,es,0.3,2,ATTEMPTED,False,ENGINE_FAILED,1,1,1,None,0.576,False,False,False,e7eb14c98a405794c885fcb775a6b696febe5b4fb48dd8d41b5b9b15bc5a29fc,
es__ES.ME.AB.02.Gen.ReEx.001.001__f030,ES.ME.AB.02.Gen.ReEx.001.001,es,0.3,3,ATTEMPTED,False,ENGINE_FAILED,1,23,1,None,2.699,True,True,False,2e1dba092bc9dcaec5660d3fdf4a64b93f3c509cc7c9ba895aac95da842295c8,
es__ES.ME.AB.02.Gen.ReEx.001.001__f050,ES.ME.AB.02.Gen.ReEx.001.001,es,0.5,1,ATTEMPTED,False,ENGINE_FAILED,1,1,1,None,0.637,False,False,False,6f917d126376bd53689b1fc187c838a14f51b0cc030709dd6a177cc5c8ed61ed,
es__ES.ME.AB.02.Gen.ReEx.001.001__f050,ES.ME.AB.02.Gen.ReEx.001.001,es,0.5,2,ATTEMPTED,True,COMPLETED,0,0,0,210947.0925702523,4.05,True,False,False,4b00d1225a8ae524538576d414c63c21bf0cf94d51970c3416bf6b9584e6f0b9,
es__ES.ME.AB.02.Gen.ReEx.001.001__f050,ES.ME.AB.02.Gen.ReEx.001.001,es,0.5,3,ATTEMPTED,True,COMPLETED,0,0,0,208638.7356512499,4.037,True,False,False,909d3ac371a2eab099a523f899c73be5520d238d55fc8e3494ddf865f5899283,
es__ES.ME.AB.02.Gen.ReEx.001.001__f100,ES.ME.AB.02.Gen.ReEx.001.001,es,1.0,1,ATTEMPTED,True,COMPLETED,0,0,0,206083.66191018463,4.04,True,False,False,2bedfab286efecfdfd8615f1767a168edb7b44d7aec63b78ff01c9d30637e00b,
es__ES.ME.AB.02.Gen.ReEx.001.001__f100,ES.ME.AB.02.Gen.ReEx.001.001,es,1.0,2,ATTEMPTED,False,ENGINE_FAILED,1,1,1,None,0.614,False,False,False,a170f5906dfa3a1814ecface5ca607eb6083b750d5401682373cfeb1433eadf1,
es__ES.ME.AB.02.Gen.ReEx.001.001__f100,ES.ME.AB.02.Gen.ReEx.001.001,es,1.0,3,ATTEMPTED,True,COMPLETED,0,0,0,209044.87772346888,3.958,True,False,False,c69824d5b17ee468109107ab0bc30f6787ecbc4dc5cd751ab91d74472b6200b1,
es__ES.ME.AB.03.Gen.ReEx.001.001__f000,ES.ME.AB.03.Gen.ReEx.001.001,es,0.0,1,ATTEMPTED,True,COMPLETED,0,0,0,110965.89276036432,3.929,True,False,False,9fb351f01340ecb638a3bda8814c3941a9d06d09964d5bc55dcd7ac1c9b51d68,
es__ES.ME.AB.03.Gen.ReEx.001.001__f000,ES.ME.AB.03.Gen.ReEx.001.001,es,0.0,2,ATTEMPTED,False,ENGINE_FAILED,1,1,1,None,0.523,False,False,False,bf95466a0642e0e05f251b02d0a3d4a2140b954a7c74679dd24acd064f6ca36d,
es__ES.ME.AB.03.Gen.ReEx.001.001__f000,ES.ME.AB.03.Gen.ReEx.001.001,es,0.0,3,ATTEMPTED,True,COMPLETED,0,0,0,107039.24971755367,4.113,True,False,False,b87a6b9490cbaa2698e8016b030010ff8928f284e802e2b6866540c173da127d,
es__ES.ME.AB.03.Gen.ReEx.001.001__f015,ES.ME.AB.03.Gen.ReEx.001.001,es,0.15,1,ATTEMPTED,False,ENGINE_FAILED,1,1,1,None,0.471,False,False,False,3a6479df260f59781c013e46060dfe090a17c621669d2384420df6799d2ca7ff,
es__ES.ME.AB.03.Gen.ReEx.001.001__f015,ES.ME.AB.03.Gen.ReEx.001.001,es,0.15,2,ATTEMPTED,False,ENGINE_FAILED,1,1,1,None,0.474,False,False,False,020021beff1579c7fc2385940c62746a3d221da545dd7d6c96c77d04c5bce231,
es__ES.ME.AB.03.Gen.ReEx.001.001__f015,ES.ME.AB.03.Gen.ReEx.001.001,es,0.15,3,ATTEMPTED,False,ENGINE_FAILED,1,1,1,None,0.492,False,False,False,73fca4029a4780705d9593725cd82833229afab9da1990aab28cadf9e0138566,
es__ES.ME.AB.03.Gen.ReEx.001.001__f030,ES.ME.AB.03.Gen.ReEx.001.001,es,0.3,1,ATTEMPTED,False,ENGINE_FAILED,1,1,1,None,0.44,False,False,False,e7d177c695966d680a7b126326150eb9dc91d1d000bfee64df9c38ae80ab6a51,
es__ES.ME.AB.03.Gen.ReEx.001.001__f030,ES.ME.AB.03.Gen.ReEx.001.001,es,0.3,2,ATTEMPTED,True,COMPLETED,0,0,0,114105.68284219746,3.856,True,False,False,419269536c73587b4cf5da944f1c6589a7fed86afe91d6fd9d2717fb4e95d822,
es__ES.ME.AB.03.Gen.ReEx.001.001__f030,ES.ME.AB.03.Gen.ReEx.001.001,es,0.3,3,ATTEMPTED,True,COMPLETED,0,0,0,109177.04476617345,3.825,True,False,False,39178791e9cb7eda1839dd1f8bf79389c4e16214392ebf3eba7fbd024e806ab1,
es__ES.ME.AB.03.Gen.ReEx.001.001__f050,ES.ME.AB.03.Gen.ReEx.001.001,es,0.5,1,ATTEMPTED,True,COMPLETED,0,0,0,114091.20287991215,3.825,True,False,False,f2c132974fa83080c1a9f4f18c66425652bffdef283bcaec27c8ddb279b1a358,
es__ES.ME.AB.03.Gen.ReEx.001.001__f050,ES.ME.AB.03.Gen.ReEx.001.001,es,0.5,2,ATTEMPTED,False,ENGINE_FAILED,1,1,1,None,0.438,False,False,False,7b5214191fdac1200933281c1be59a9eb1ea453f6711f4ba8f951528091d40bd,
es__ES.ME.AB.03.Gen.ReEx.001.001__f050,ES.ME.AB.03.Gen.ReEx.001.001,es,0.5,3,ATTEMPTED,False,ENGINE_FAILED,1,1,1,None,0.466,False,False,False,9418af4991cb39b25c252aef323a43889cfdc0366544d68528b14c0fd36af6b3,
es__ES.ME.AB.03.Gen.ReEx.001.001__f100,ES.ME.AB.03.Gen.ReEx.001.001,es,1.0,1,ATTEMPTED,True,COMPLETED,0,0,0,113808.40655231083,3.773,True,False,False,20dc0bf0c61830a2e3d2cdb32ffe0068a2e65d475e77425667ea11ebfb297699,
es__ES.ME.AB.03.Gen.ReEx.001.001__f100,ES.ME.AB.03.Gen.ReEx.001.001,es,1.0,2,ATTEMPTED,False,ENGINE_FAILED,1,1,1,None,0.459,False,False,False,6a6f8fd4c7a49ee032790228bb8c388afc022a8bfa69ef002a416c80bca7a726,
es__ES.ME.AB.03.Gen.ReEx.001.001__f100,ES.ME.AB.03.Gen.ReEx.001.001,es,1.0,3,ATTEMPTED,True,COMPLETED,0,0,0,114069.93678311445,3.922,True,False,False,348a8b0137bb7a0bfd5bed571900a43bf506724ad2b1c83e09da3ec25cd8fe75,
es__ES.ME.AB.04.Gen.ReEx.001.001__f000,ES.ME.AB.04.Gen.ReEx.001.001,es,0.0,1,ATTEMPTED,True,COMPLETED,0,0,0,161347.73957082207,3.387,True,False,False,7efee5a3e1ce6513048bbfde07029ce2390fe5da598498d563756378730464d2,
es__ES.ME.AB.04.Gen.ReEx.001.001__f000,ES.ME.AB.04.Gen.ReEx.001.001,es,0.0,2,ATTEMPTED,False,ENGINE_FAILED,1,1,1,None,0.432,False,False,False,3ba31c5f3e390ebc0f29f5bb6c3d1987a1392c09536bc5153d0e62060bffbfc0,
es__ES.ME.AB.04.Gen.ReEx.001.001__f000,ES.ME.AB.04.Gen.ReEx.001.001,es,0.0,3,ATTEMPTED,True,COMPLETED,0,0,0,161347.73957082207,3.374,True,False,False,c3b325243725fdc545a397685ea27945b2a0347237b706951592dee50a5bc776,
es__ES.ME.AB.04.Gen.ReEx.001.001__f015,ES.ME.AB.04.Gen.ReEx.001.001,es,0.15,1,ATTEMPTED,True,COMPLETED,0,0,0,160446.58513559392,3.367,True,False,False,33698ecfa442c4cade69510c8142fbb170fb451c7c7c9cdab3449d63a1b20a32,
es__ES.ME.AB.04.Gen.ReEx.001.001__f015,ES.ME.AB.04.Gen.ReEx.001.001,es,0.15,2,ATTEMPTED,True,COMPLETED,0,0,0,161355.02718367876,3.431,True,False,False,421004a33524e77453191251f97caf5df92ae19a79d4afe97b87c3dbc7cce20e,
es__ES.ME.AB.04.Gen.ReEx.001.001__f015,ES.ME.AB.04.Gen.ReEx.001.001,es,0.15,3,ATTEMPTED,True,COMPLETED,0,0,0,161355.02718367876,3.185,True,False,False,c6a826fa793ca18996dbb14cfc9aa31daadec5a3072b95eec2318ea31e14d16b,
es__ES.ME.AB.04.Gen.ReEx.001.001__f030,ES.ME.AB.04.Gen.ReEx.001.001,es,0.3,1,ATTEMPTED,False,ENGINE_FAILED,1,1,1,None,0.43,False,False,False,3820dcc57b3986a01c9c093932f99cda3c222716778e16a22cacca57d8de5101,
es__ES.ME.AB.04.Gen.ReEx.001.001__f030,ES.ME.AB.04.Gen.ReEx.001.001,es,0.3,2,ATTEMPTED,True,COMPLETED,0,0,0,161366.2250152916,3.369,True,False,False,eae1f339bf5655b9eb190bf1212f0210f224fbe05a506e62904fc3e902eaa5cc,
es__ES.ME.AB.04.Gen.ReEx.001.001__f030,ES.ME.AB.04.Gen.ReEx.001.001,es,0.3,3,ATTEMPTED,True,COMPLETED,0,0,0,161366.2250152916,3.367,True,False,False,f8f18ade1b336df3256c66afc705104234067fd06ec76659707622cda182d2d0,
es__ES.ME.AB.04.Gen.ReEx.001.001__f050,ES.ME.AB.04.Gen.ReEx.001.001,es,0.5,1,ATTEMPTED,True,COMPLETED,0,0,0,159144.06631394994,3.399,True,False,False,f405ee675b9851e502081cb589e7f04b3585df7ec25ed908e0ba1fe6ff4b6a6e,
es__ES.ME.AB.04.Gen.ReEx.001.001__f050,ES.ME.AB.04.Gen.ReEx.001.001,es,0.5,2,ATTEMPTED,True,COMPLETED,0,0,0,160306.53963183044,3.583,True,False,False,dd996e75b9ff3602477e2e47ebd769db7488c253c565ae7294a474494303f0e7,
es__ES.ME.AB.04.Gen.ReEx.001.001__f050,ES.ME.AB.04.Gen.ReEx.001.001,es,0.5,3,ATTEMPTED,True,COMPLETED,0,0,0,161388.07720982475,3.413,True,False,False,15eb19bf32a8c5896964dd4f6d36537f66ba7313a575da4a0e2575f0720800a5,
es__ES.ME.AB.04.Gen.ReEx.001.001__f100,ES.ME.AB.04.Gen.ReEx.001.001,es,1.0,1,ATTEMPTED,True,COMPLETED,0,0,0,161475.88274040632,3.417,True,False,False,c161a1d59af57c347eb1fe5c7746b565a55d6cf194a6b3cf6ddf630afe818ebb,
es__ES.ME.AB.04.Gen.ReEx.001.001__f100,ES.ME.AB.04.Gen.ReEx.001.001,es,1.0,2,ATTEMPTED,True,COMPLETED,0,0,0,161475.88274040632,3.316,True,False,False,c0f2494197ec9c1a3d324233f9619b7d8bfc3b70c9401b137bf87569506be000,
es__ES.ME.AB.04.Gen.ReEx.001.001__f100,ES.ME.AB.04.Gen.ReEx.001.001,es,1.0,3,ATTEMPTED,True,COMPLETED,0,0,0,161475.88274040632,3.225,True,False,False,c4db26ea8cd173cab536b4ce3633e3563ac99eab8afa96cbf817fc2a08e54192,
es__ES.ME.AB.05.Gen.ReEx.001.001__f000,ES.ME.AB.05.Gen.ReEx.001.001,es,0.0,1,ATTEMPTED,True,COMPLETED,0,0,0,118631.42774038628,3.621,True,False,False,6e1c7e1e8646324c5f6df1ae0f99371c661d859e55d1fffc82383d5d3c2a6bcb,
es__ES.ME.AB.05.Gen.ReEx.001.001__f000,ES.ME.AB.05.Gen.ReEx.001.001,es,0.0,2,ATTEMPTED,True,COMPLETED,0,0,0,118631.42774038628,3.459,True,False,False,b0cec2c5fac60b5c3a697c872e862c8b1d4fe8880e206f7cd849e1c578e8af72,
es__ES.ME.AB.05.Gen.ReEx.001.001__f000,ES.ME.AB.05.Gen.ReEx.001.001,es,0.0,3,ATTEMPTED,True,COMPLETED,0,0,0,118631.42774038628,3.612,True,False,False,df9e187cad139e0914f90260738ec0fa94ce75799a07591f7f0ca3515f3f8e1c,
es__ES.ME.AB.05.Gen.ReEx.001.001__f015,ES.ME.AB.05.Gen.ReEx.001.001,es,0.15,1,ATTEMPTED,True,COMPLETED,0,0,0,118613.91491357746,3.63,True,False,False,1db1f441c6d0b3e070819cd0f964d183c31cb64f17b382e500f27e8a5fa48fa8,
es__ES.ME.AB.05.Gen.ReEx.001.001__f015,ES.ME.AB.05.Gen.ReEx.001.001,es,0.15,2,ATTEMPTED,True,COMPLETED,0,0,0,118613.91491357746,3.597,True,False,False,e212b1930f7157578a444d5f6e79a2b148b22fea1ee556b9b8b741a504d29df1,
es__ES.ME.AB.05.Gen.ReEx.001.001__f015,ES.ME.AB.05.Gen.ReEx.001.001,es,0.15,3,ATTEMPTED,True,COMPLETED,0,0,0,118613.91491357746,3.713,True,False,False,f8f088da436ca12734a85af1612666ff805eb42232f8294da26985af0d209679,
es__ES.ME.AB.05.Gen.ReEx.001.001__f030,ES.ME.AB.05.Gen.ReEx.001.001,es,0.3,1,ATTEMPTED,True,COMPLETED,0,0,0,118600.47922193602,3.718,True,False,False,61cad6d691b4bdae7639c6442c6403a73c685fc514c9be20116f8bbcdd1d1aca,
es__ES.ME.AB.05.Gen.ReEx.001.001__f030,ES.ME.AB.05.Gen.ReEx.001.001,es,0.3,2,ATTEMPTED,True,COMPLETED,0,0,0,118600.47922193602,3.616,True,False,False,03aef6a5959929c60123e99b3a4fa79bc0e301f031041192e9101a720e19217f,
es__ES.ME.AB.05.Gen.ReEx.001.001__f030,ES.ME.AB.05.Gen.ReEx.001.001,es,0.3,3,ATTEMPTED,True,COMPLETED,0,0,0,118600.47922193602,3.872,True,False,False,6838c7bbad3f989702561180352f73511300bf7a46f36a54ba976f3b009cf44f,
es__ES.ME.AB.05.Gen.ReEx.001.001__f050,ES.ME.AB.05.Gen.ReEx.001.001,es,0.5,1,ATTEMPTED,True,COMPLETED,0,0,0,118393.72703576321,4.308,True,False,False,c1c60e8ea88b16190a8b974ab9d4e9bfa18a1084990e820058fe541704148b18,
es__ES.ME.AB.05.Gen.ReEx.001.001__f050,ES.ME.AB.05.Gen.ReEx.001.001,es,0.5,2,ATTEMPTED,True,COMPLETED,0,0,0,118587.96405518925,4.345,True,False,False,b1ce755bfcc27069107d14499ca56e46fff381b716adf0e9090c5c81f9971c20,
es__ES.ME.AB.05.Gen.ReEx.001.001__f050,ES.ME.AB.05.Gen.ReEx.001.001,es,0.5,3,ATTEMPTED,False,ENGINE_FAILED,1,1,1,None,0.47,False,False,False,a9bb4c137b67faa263c0b2e8683ccfd49041d9100b43423152bd250e88b6fdd8,
es__ES.ME.AB.05.Gen.ReEx.001.001__f100,ES.ME.AB.05.Gen.ReEx.001.001,es,1.0,1,ATTEMPTED,True,COMPLETED,0,0,0,118583.67446246721,4.486,True,False,False,1bda7bfb71a96a14fa2fb411f3d2ef5ac7c150ec76c332d18944435325549fd9,
es__ES.ME.AB.05.Gen.ReEx.001.001__f100,ES.ME.AB.05.Gen.ReEx.001.001,es,1.0,2,ATTEMPTED,True,COMPLETED,0,0,0,118583.67446246721,4.487,True,False,False,97fdee0beb4e9aa069d93f21cda21b9dc5bbece261c54d48ad4d4b429af58a21,
es__ES.ME.AB.05.Gen.ReEx.001.001__f100,ES.ME.AB.05.Gen.ReEx.001.001,es,1.0,3,ATTEMPTED,True,COMPLETED,0,0,0,118583.67446246721,4.418,True,False,False,1ee0659b7d0870f12e53320b32183ab713bb6755b27be82f2745335e9ae75b2f,
es__ES.ME.AB.06.Gen.ReEx.001.001__f000,ES.ME.AB.06.Gen.ReEx.001.001,es,0.0,1,ATTEMPTED,True,COMPLETED,0,0,0,1760354.2698609754,4.63,True,False,False,4abd9491a28330b0c782c9d96d34f2470a354ad4ccff698958c26fef9dbf409f,
es__ES.ME.AB.06.Gen.ReEx.001.001__f000,ES.ME.AB.06.Gen.ReEx.001.001,es,0.0,2,ATTEMPTED,True,COMPLETED,0,0,0,1760354.2698609754,4.721,True,False,False,1c8189ae9b9c290d26ea03d96f34a3bdcae30dee7851fa484564b49d47cfcd80,
es__ES.ME.AB.06.Gen.ReEx.001.001__f000,ES.ME.AB.06.Gen.ReEx.001.001,es,0.0,3,ATTEMPTED,True,COMPLETED,0,0,0,1760354.2698609754,4.607,True,False,False,b214bea3efabec2bb8d958e2bf92e929679d4ceacfbc9f12893d31853af1f27e,
es__ES.ME.AB.06.Gen.ReEx.001.001__f015,ES.ME.AB.06.Gen.ReEx.001.001,es,0.15,1,ATTEMPTED,True,COMPLETED,0,0,0,1760083.2960034062,4.539,True,False,False,d56d6152ccbe4b9e0cef5194342f6d21d4d5efc1b8d4399278d22385b81bdf6c,
es__ES.ME.AB.06.Gen.ReEx.001.001__f015,ES.ME.AB.06.Gen.ReEx.001.001,es,0.15,2,ATTEMPTED,True,COMPLETED,0,0,0,1760083.2960034062,4.688,True,False,False,73b02e87d89e3cad8da1a275a2c56e86ce6415090fb5419b5db1ec6642e6bdb1,
es__ES.ME.AB.06.Gen.ReEx.001.001__f015,ES.ME.AB.06.Gen.ReEx.001.001,es,0.15,3,ATTEMPTED,True,COMPLETED,0,0,0,1759193.8314329523,4.731,True,False,False,4fb8f6ee33e224a204f207eb7ca6f7c22150df8755e9679c195e43324687935b,
es__ES.ME.AB.06.Gen.ReEx.001.001__f030,ES.ME.AB.06.Gen.ReEx.001.001,es,0.3,1,ATTEMPTED,True,COMPLETED,0,0,0,1759831.0475974185,4.572,True,False,False,0f2f2a88d42d13b100137287f19cb9a5e50d75a4c07d03a20c2fb4648d773afd,
es__ES.ME.AB.06.Gen.ReEx.001.001__f030,ES.ME.AB.06.Gen.ReEx.001.001,es,0.3,2,ATTEMPTED,True,COMPLETED,0,0,0,1759831.0475974185,4.664,True,False,False,ec404e23dfa99e3a5196c592ff43b418258791c57d0759a79568c5dd11798479,
es__ES.ME.AB.06.Gen.ReEx.001.001__f030,ES.ME.AB.06.Gen.ReEx.001.001,es,0.3,3,ATTEMPTED,True,COMPLETED,0,0,0,1759831.0475974185,4.683,True,False,False,1ecf859fdab2a2a7b31bb9ea4eda922128b2974c2b7d8493cece4578899a4f92,
es__ES.ME.AB.06.Gen.ReEx.001.001__f050,ES.ME.AB.06.Gen.ReEx.001.001,es,0.5,1,ATTEMPTED,True,COMPLETED,0,0,0,1759527.06926504,4.857,True,False,False,41f9d6750ea720a5aadce5f3ec9383737729f0f3e3303d85f8456f679baaaf30,
es__ES.ME.AB.06.Gen.ReEx.001.001__f050,ES.ME.AB.06.Gen.ReEx.001.001,es,0.5,2,ATTEMPTED,True,COMPLETED,0,0,0,1759527.06926504,4.672,True,False,False,6bd0f3a492e16965c7537233ec1f99cc902c6e8b0cdd5406fc1c963b5dfb1c7b,
es__ES.ME.AB.06.Gen.ReEx.001.001__f050,ES.ME.AB.06.Gen.ReEx.001.001,es,0.5,3,ATTEMPTED,True,COMPLETED,0,0,0,1759527.06926504,4.6,True,False,False,d0ff00d5c24a54178510f4fb940a50e9ca1e9bd0c0c3d1db482f5d22ba754af1,
es__ES.ME.AB.06.Gen.ReEx.001.001__f100,ES.ME.AB.06.Gen.ReEx.001.001,es,1.0,1,ATTEMPTED,True,COMPLETED,0,0,0,1758919.8244163266,4.665,True,False,False,ff2634b97ad7c299445913f898455ede56a1952814bd6b58f87e6d7342de988c,
es__ES.ME.AB.06.Gen.ReEx.001.001__f100,ES.ME.AB.06.Gen.ReEx.001.001,es,1.0,2,ATTEMPTED,True,COMPLETED,0,0,0,1758919.8244163266,4.573,True,False,False,19748fdfc05c92e6a2e7be2ccd64013b038cbbf7da57923bde177e4ce04c8253,
es__ES.ME.AB.06.Gen.ReEx.001.001__f100,ES.ME.AB.06.Gen.ReEx.001.001,es,1.0,3,ATTEMPTED,True,COMPLETED,0,0,0,1758919.8244163266,4.621,True,False,False,b6f1fbb621797d8e28ac2ad9a4d881879916f920a251f260490dfdceeaf8205d,
es__ES.ME.MFH.01.Gen.ReEx.001.001__f000,ES.ME.MFH.01.Gen.ReEx.001.001,es,0.0,1,ATTEMPTED,True,COMPLETED,0,0,0,97013.66146941375,4.505,True,False,False,5e6ba4cfa5b7690bcd11073c54ee7604e4773d816278214972a9f1a82cae3c85,
es__ES.ME.MFH.01.Gen.ReEx.001.001__f000,ES.ME.MFH.01.Gen.ReEx.001.001,es,0.0,2,ATTEMPTED,True,COMPLETED,0,0,0,93863.18539663547,4.563,True,False,False,b819abe6b2f015a28791c34f295806fb1b85863db16138e398c4c5ca00a1fb5f,
es__ES.ME.MFH.01.Gen.ReEx.001.001__f000,ES.ME.MFH.01.Gen.ReEx.001.001,es,0.0,3,ATTEMPTED,False,ENGINE_FAILED,1,29,1,None,2.919,True,True,False,f6b5d61aaa1302d0ccf9ecbff4147de5da26b8ffc44d79c2d1db03209dadeac7,
es__ES.ME.MFH.01.Gen.ReEx.001.001__f015,ES.ME.MFH.01.Gen.ReEx.001.001,es,0.15,1,ATTEMPTED,True,COMPLETED,0,0,0,102843.6857046811,4.536,True,False,False,2470fe8c39637310bff5bbf2671106b98fc892e41e4882845c1ceab0dbaef46c,
es__ES.ME.MFH.01.Gen.ReEx.001.001__f015,ES.ME.MFH.01.Gen.ReEx.001.001,es,0.15,2,ATTEMPTED,True,COMPLETED,0,0,0,102843.6857046811,4.633,True,False,False,9d8cac0e23864fc27877aff19cdfb1621fa2492d0bae82be5c753b25ec79baad,
es__ES.ME.MFH.01.Gen.ReEx.001.001__f015,ES.ME.MFH.01.Gen.ReEx.001.001,es,0.15,3,ATTEMPTED,True,COMPLETED,0,0,0,99517.40564727518,4.51,True,False,False,73c709ca2ace21e6e23509d1d7ca9650337f0149e0f6686fee5c656397238a33,
es__ES.ME.MFH.01.Gen.ReEx.001.001__f030,ES.ME.MFH.01.Gen.ReEx.001.001,es,0.3,1,ATTEMPTED,True,COMPLETED,0,0,0,96634.19382558239,4.513,True,False,False,34eff98c58ab67c6fc6c8f0e5c7dc6898e765a74dd6012076cdd631179705d62,
es__ES.ME.MFH.01.Gen.ReEx.001.001__f030,ES.ME.MFH.01.Gen.ReEx.001.001,es,0.3,2,ATTEMPTED,True,COMPLETED,0,0,0,99482.79899550218,4.6,True,False,False,9e71497b281e8fe2d221a61dcd9c5f6964df3d6e4d9becf531f661ab989a8525,
es__ES.ME.MFH.01.Gen.ReEx.001.001__f030,ES.ME.MFH.01.Gen.ReEx.001.001,es,0.3,3,ATTEMPTED,True,COMPLETED,0,0,0,99448.06169117482,4.544,True,False,False,fdea5e475ed88149cdf2045d48402711a5e0e85c85234c40b5ba0ec70a3dce1f,
es__ES.ME.MFH.01.Gen.ReEx.001.001__f050,ES.ME.MFH.01.Gen.ReEx.001.001,es,0.5,1,ATTEMPTED,False,ENGINE_FAILED,1,1,1,None,0.544,False,False,False,054f9325d1a7f28e93580f45bfe540b96683fe62323282ed2a0d602f551a128c,
es__ES.ME.MFH.01.Gen.ReEx.001.001__f050,ES.ME.MFH.01.Gen.ReEx.001.001,es,0.5,2,ATTEMPTED,True,COMPLETED,0,0,0,96887.6995364483,4.54,True,False,False,804343a818d9fe57de1df6f399858e75448587add789bf9755674acef5b4796b,
es__ES.ME.MFH.01.Gen.ReEx.001.001__f050,ES.ME.MFH.01.Gen.ReEx.001.001,es,0.5,3,ATTEMPTED,True,COMPLETED,0,0,0,102592.64324996792,4.504,True,False,False,e2bde684b01aeda34f48fe34e3b5be6947fcf386db4b9b7742e2e42b70dfe9ea,
es__ES.ME.MFH.01.Gen.ReEx.001.001__f100,ES.ME.MFH.01.Gen.ReEx.001.001,es,1.0,1,ATTEMPTED,True,COMPLETED,0,0,0,102505.77820187598,4.351,True,False,False,9d2fe43ec95090c56b57917271bc6ffc91bab97252926fe67904a07d3ef396fb,
es__ES.ME.MFH.01.Gen.ReEx.001.001__f100,ES.ME.MFH.01.Gen.ReEx.001.001,es,1.0,2,ATTEMPTED,True,COMPLETED,0,0,0,98490.67817190214,4.322,True,False,False,b54b5078ae450bf07c453efa4fffb29dc06cc968a5c0395c71bc5c9b7b319253,
es__ES.ME.MFH.01.Gen.ReEx.001.001__f100,ES.ME.MFH.01.Gen.ReEx.001.001,es,1.0,3,ATTEMPTED,True,COMPLETED,0,0,0,96474.58344840577,4.445,True,False,False,b1e85da30bf436b1ee0cdd16d271a3ffde00ec9e858594f59d4cae5e0e84758d,
es__ES.ME.MFH.02.Gen.ReEx.001.001__f000,ES.ME.MFH.02.Gen.ReEx.001.001,es,0.0,1,ATTEMPTED,True,COMPLETED,0,0,0,104087.80081538917,3.941,True,False,False,0f3a32dc3bbd38b48421f583af5607ce9dc78b928ef69219ad91566311d71317,
es__ES.ME.MFH.02.Gen.ReEx.001.001__f000,ES.ME.MFH.02.Gen.ReEx.001.001,es,0.0,2,ATTEMPTED,False,ENGINE_FAILED,1,1,1,None,0.56,False,False,False,c4394800e3ed1678abf8226289da0155395b8954afd7da28b772f739037f7af9,
es__ES.ME.MFH.02.Gen.ReEx.001.001__f000,ES.ME.MFH.02.Gen.ReEx.001.001,es,0.0,3,ATTEMPTED,True,COMPLETED,0,0,0,104087.80081538917,4.059,True,False,False,c3fdc7479fa980acea3e2fe029710066573090ee49462ec351373fef723cb5d9,
es__ES.ME.MFH.02.Gen.ReEx.001.001__f015,ES.ME.MFH.02.Gen.ReEx.001.001,es,0.15,1,ATTEMPTED,True,COMPLETED,0,0,0,103145.52129680413,3.979,True,False,False,8c0b8836df8fa880d48d1738d3875cb9b867f211836a34dfd6bde689bf16ba9e,
es__ES.ME.MFH.02.Gen.ReEx.001.001__f015,ES.ME.MFH.02.Gen.ReEx.001.001,es,0.15,2,ATTEMPTED,True,COMPLETED,0,0,0,104046.15711995967,3.999,True,False,False,d71165cf6b315f7c569091b97a12d187a5ff70d1aa3c131246bb43a295e243fb,
es__ES.ME.MFH.02.Gen.ReEx.001.001__f015,ES.ME.MFH.02.Gen.ReEx.001.001,es,0.15,3,ATTEMPTED,True,COMPLETED,0,0,0,103921.1060005124,3.987,True,False,False,e8ad0f13a99c95cb1c5a18bc96a8fbe3f98ee542b8739d351f36974e11be4c51,
es__ES.ME.MFH.02.Gen.ReEx.001.001__f030,ES.ME.MFH.02.Gen.ReEx.001.001,es,0.3,1,ATTEMPTED,True,COMPLETED,0,0,0,104010.17652846794,4.194,True,False,False,e398305be4729cb017d5a70c3dde51a1c34d73e9ba0df0ae8454daa788e2b40e,
es__ES.ME.MFH.02.Gen.ReEx.001.001__f030,ES.ME.MFH.02.Gen.ReEx.001.001,es,0.3,2,ATTEMPTED,True,COMPLETED,0,0,0,104010.17652846794,4.152,True,False,False,dc4a9a82cb9f48725cd53b45d74661b9d0b5fc0994879b19c5f38127878cd843,
es__ES.ME.MFH.02.Gen.ReEx.001.001__f030,ES.ME.MFH.02.Gen.ReEx.001.001,es,0.3,3,ATTEMPTED,False,ENGINE_FAILED,1,1,1,None,0.598,False,False,False,843584a7d79b5ec6cb5f8316bcf99b20def2030a5cdaa6868470bb8f20695c60,
es__ES.ME.MFH.02.Gen.ReEx.001.001__f050,ES.ME.MFH.02.Gen.ReEx.001.001,es,0.5,1,ATTEMPTED,True,COMPLETED,0,0,0,103348.70608228471,3.972,True,False,False,e56a434b23582b46a667c68297fb493917d053a79296e7afcc950365fc0025cf,
es__ES.ME.MFH.02.Gen.ReEx.001.001__f050,ES.ME.MFH.02.Gen.ReEx.001.001,es,0.5,2,ATTEMPTED,True,COMPLETED,0,0,0,103970.8229176971,4.132,True,False,False,9abba4f35fafedb38216a735b7398e19223b9fb3e6a1301b587fb0f972b434d1,
es__ES.ME.MFH.02.Gen.ReEx.001.001__f050,ES.ME.MFH.02.Gen.ReEx.001.001,es,0.5,3,ATTEMPTED,True,COMPLETED,0,0,0,103970.8229176971,4.056,True,False,False,7d4ed84322231a028281c58883f9f6dfe7be3a90749d1d368a140809e4031b43,
es__ES.ME.MFH.02.Gen.ReEx.001.001__f100,ES.ME.MFH.02.Gen.ReEx.001.001,es,1.0,1,ATTEMPTED,True,COMPLETED,0,0,0,103913.9320026043,4.104,True,False,False,9978a3bfba01ae733efa053fd99443c442170da0b4afc8eec435522fdeec341d,
es__ES.ME.MFH.02.Gen.ReEx.001.001__f100,ES.ME.MFH.02.Gen.ReEx.001.001,es,1.0,2,ATTEMPTED,True,COMPLETED,0,0,0,54225.447549041055,4.38,True,False,False,9a06827b552c1a8b91b13b359b47af84d1bf8c215ca30f7b4d523055ca1d2b51,
es__ES.ME.MFH.02.Gen.ReEx.001.001__f100,ES.ME.MFH.02.Gen.ReEx.001.001,es,1.0,3,ATTEMPTED,True,COMPLETED,0,0,0,103285.60370109332,4.099,True,False,False,525dc863ee86c0c52c90c794665cb964b40046cf5f07005693ae471e9c0b3038,
es__ES.ME.MFH.03.Gen.ReEx.001.001__f000,ES.ME.MFH.03.Gen.ReEx.001.001,es,0.0,1,ATTEMPTED,True,COMPLETED,0,0,0,231518.08880980956,3.979,True,False,False,a72afd147b190694ad46c8c9a0b83a1f7e4aa7de543c51031350d83a754977f3,
es__ES.ME.MFH.03.Gen.ReEx.001.001__f000,ES.ME.MFH.03.Gen.ReEx.001.001,es,0.0,2,ATTEMPTED,False,ENGINE_FAILED,1,1,1,None,0.619,False,False,False,6bdf243bdb414512b91b4229ad2aeae63f5c537edd9a72d3c2c0f8f0ecc4ebce,
es__ES.ME.MFH.03.Gen.ReEx.001.001__f000,ES.ME.MFH.03.Gen.ReEx.001.001,es,0.0,3,ATTEMPTED,False,ENGINE_FAILED,1,1,1,None,0.597,False,False,False,30332c6a4840a4219f18029f5111b1443bc6c9cf97ffd230df8cddb1c07bdc24,
es__ES.ME.MFH.03.Gen.ReEx.001.001__f015,ES.ME.MFH.03.Gen.ReEx.001.001,es,0.15,1,ATTEMPTED,False,ENGINE_FAILED,1,1,1,None,0.541,False,False,False,449e26aae636548f8f8b2b7366f795a3c192fe24c491716501fde7ff7fa8ea4c,
es__ES.ME.MFH.03.Gen.ReEx.001.001__f015,ES.ME.MFH.03.Gen.ReEx.001.001,es,0.15,2,ATTEMPTED,True,COMPLETED,0,0,0,231558.58226858862,4.125,True,False,False,c1d7cfb5418afd1522c22dbe54aa0f2265bb1b81084e0613da2e8e219fb8ffdb,
es__ES.ME.MFH.03.Gen.ReEx.001.001__f015,ES.ME.MFH.03.Gen.ReEx.001.001,es,0.15,3,ATTEMPTED,True,COMPLETED,0,0,0,231558.58226858862,4.121,True,False,False,7cd8feecd4b72d90aff14fb71dc50fa24365ad0e598717892eee9ecaa127304b,
es__ES.ME.MFH.03.Gen.ReEx.001.001__f030,ES.ME.MFH.03.Gen.ReEx.001.001,es,0.3,1,ATTEMPTED,True,COMPLETED,0,0,0,231333.30371425088,4.012,True,False,False,e69e28affbe6c3d0a3e9c7e317d49c3cc841b5dd1eaa52d3933235707652796f,
es__ES.ME.MFH.03.Gen.ReEx.001.001__f030,ES.ME.MFH.03.Gen.ReEx.001.001,es,0.3,2,ATTEMPTED,True,COMPLETED,0,0,0,231610.68197899696,3.978,True,False,False,2eaf46f7c09c39afdefc23b5facf28ff34bd213427920ad8c13cc8008406f29d,
es__ES.ME.MFH.03.Gen.ReEx.001.001__f030,ES.ME.MFH.03.Gen.ReEx.001.001,es,0.3,3,ATTEMPTED,False,ENGINE_FAILED,1,21,1,None,2.605,True,True,False,0912610def25d83c829e40121467b48ac95254f1c288afe6d1c3b6ad312e2146,
es__ES.ME.MFH.03.Gen.ReEx.001.001__f050,ES.ME.MFH.03.Gen.ReEx.001.001,es,0.5,1,ATTEMPTED,True,COMPLETED,0,0,0,231698.62952494062,3.915,True,False,False,3934a5bd0dc00d1a1acc1a2c3ad26507e30fee177533d779a16b4199849c67ea,
es__ES.ME.MFH.03.Gen.ReEx.001.001__f050,ES.ME.MFH.03.Gen.ReEx.001.001,es,0.5,2,ATTEMPTED,False,ENGINE_FAILED,1,1,1,None,0.578,False,False,False,14b7b7e639bee088b051aa0b96cdc0eb6fbff088b886e02457a0d55ed5b94c61,
es__ES.ME.MFH.03.Gen.ReEx.001.001__f050,ES.ME.MFH.03.Gen.ReEx.001.001,es,0.5,3,ATTEMPTED,True,COMPLETED,0,0,0,231698.62952494062,3.966,True,False,False,c3638a96521ae90d947b939217f5f09cebf156bc491bbc3314c607ceda393ed9,
es__ES.ME.MFH.03.Gen.ReEx.001.001__f100,ES.ME.MFH.03.Gen.ReEx.001.001,es,1.0,1,ATTEMPTED,True,COMPLETED,0,0,0,232024.22347332578,4.127,True,False,False,ecb708d841b2dd36392e5701536fda1ab60c3fd62d637aac1989ae2454c57e6a,
es__ES.ME.MFH.03.Gen.ReEx.001.001__f100,ES.ME.MFH.03.Gen.ReEx.001.001,es,1.0,2,ATTEMPTED,True,COMPLETED,0,0,0,232024.22347332578,4.101,True,False,False,b3eec90bbb0e0c542c01f379c6fd166cb7d80304e96b361362ea41044f38aee2,
es__ES.ME.MFH.03.Gen.ReEx.001.001__f100,ES.ME.MFH.03.Gen.ReEx.001.001,es,1.0,3,ATTEMPTED,False,ENGINE_FAILED,1,1,1,None,0.557,False,False,False,896dab26826d3ab16c9c6a9085ea583c876eabeadcee23e79787a16f58b52742,
es__ES.ME.MFH.04.Gen.ReEx.001.001__f000,ES.ME.MFH.04.Gen.ReEx.001.001,es,0.0,1,ATTEMPTED,True,COMPLETED,0,0,0,221701.89699119123,3.961,True,False,False,f3b8a5bfb7c97fced75891ad84d21d9763fb33a6ff9269d732fa74172d8cd35e,
es__ES.ME.MFH.04.Gen.ReEx.001.001__f000,ES.ME.MFH.04.Gen.ReEx.001.001,es,0.0,2,ATTEMPTED,True,COMPLETED,0,0,0,225682.82191350017,4.084,True,False,False,e6705a19dab6b0019fff2e4403df9f14248dcbcad82f51246a447ce78426ddad,
es__ES.ME.MFH.04.Gen.ReEx.001.001__f000,ES.ME.MFH.04.Gen.ReEx.001.001,es,0.0,3,ATTEMPTED,True,COMPLETED,0,0,0,225682.82191350017,4.02,True,False,False,67a119976b235b12019606a3644525b56c9a5353e9cd01e5704fa5518cf110e3,
es__ES.ME.MFH.04.Gen.ReEx.001.001__f015,ES.ME.MFH.04.Gen.ReEx.001.001,es,0.15,1,ATTEMPTED,True,COMPLETED,0,0,0,225678.70299171188,4.132,True,False,False,a9e5608272cfe372050ec9af3a4f490a8636648de708d2d4fe20ff62081679f6,
es__ES.ME.MFH.04.Gen.ReEx.001.001__f015,ES.ME.MFH.04.Gen.ReEx.001.001,es,0.15,2,ATTEMPTED,True,COMPLETED,0,0,0,223158.0118176065,3.971,True,False,False,312731028ebd744da96f1c66e834a94208bfb54366c21d71edef7c186e8cfe35,
es__ES.ME.MFH.04.Gen.ReEx.001.001__f015,ES.ME.MFH.04.Gen.ReEx.001.001,es,0.15,3,ATTEMPTED,True,COMPLETED,0,0,0,225678.70299171188,3.938,True,False,False,74de67c162ad4104242ff0debaadbe38bb2f1fea30bc37f567b57f9baa72dd17,
es__ES.ME.MFH.04.Gen.ReEx.001.001__f030,ES.ME.MFH.04.Gen.ReEx.001.001,es,0.3,1,ATTEMPTED,True,COMPLETED,0,0,0,225676.25869865553,4.045,True,False,False,841aed2d2d1c365b9b21dc941801637b2f1b9af51bb16f8d91acd868cddf6987,
es__ES.ME.MFH.04.Gen.ReEx.001.001__f030,ES.ME.MFH.04.Gen.ReEx.001.001,es,0.3,2,ATTEMPTED,True,COMPLETED,0,0,0,225676.25869865553,4.136,True,False,False,40adb84e26780b3e67ea102b55a6ef33b7c041e0f65767c60d09c5694371abe6,
es__ES.ME.MFH.04.Gen.ReEx.001.001__f030,ES.ME.MFH.04.Gen.ReEx.001.001,es,0.3,3,ATTEMPTED,True,COMPLETED,0,0,0,225676.25869865553,4.027,True,False,False,5198d419038027b61d28dd9b0187d321c7e04fa695b18ae4cc4576029dbe1bba,
es__ES.ME.MFH.04.Gen.ReEx.001.001__f050,ES.ME.MFH.04.Gen.ReEx.001.001,es,0.5,1,ATTEMPTED,True,COMPLETED,0,0,0,225675.5737487647,3.976,True,False,False,806c2c0f77b5914248a5034d3b2c9d05cc4d75da4fcb4e3379735a57ced75c76,
es__ES.ME.MFH.04.Gen.ReEx.001.001__f050,ES.ME.MFH.04.Gen.ReEx.001.001,es,0.5,2,ATTEMPTED,True,COMPLETED,0,0,0,225675.5737487647,4.005,True,False,False,501f189de6624a0b6b75a40654a5d4c407d48f8edc003c2d01343e056021791f,
es__ES.ME.MFH.04.Gen.ReEx.001.001__f050,ES.ME.MFH.04.Gen.ReEx.001.001,es,0.5,3,ATTEMPTED,True,COMPLETED,0,0,0,225191.27997921128,4.075,True,False,False,b00e94f89f1dc041bba084d1434907b3e24f0b0a0dd9ff11ea2749627859a58e,
es__ES.ME.MFH.04.Gen.ReEx.001.001__f100,ES.ME.MFH.04.Gen.ReEx.001.001,es,1.0,1,ATTEMPTED,True,COMPLETED,0,0,0,225127.11387402282,4.242,True,False,False,c4babca7ca1325f1f0ca620d0820f1d25a715819b084a7e06b437a8616b8ee29,
es__ES.ME.MFH.04.Gen.ReEx.001.001__f100,ES.ME.MFH.04.Gen.ReEx.001.001,es,1.0,2,ATTEMPTED,False,ENGINE_FAILED,1,1,1,None,0.594,False,False,True,b2376535dade0b2472460e280ca247f12a173e09e4a0c1bed1d6fa4b5d03235d,
es__ES.ME.MFH.04.Gen.ReEx.001.001__f100,ES.ME.MFH.04.Gen.ReEx.001.001,es,1.0,3,ATTEMPTED,True,COMPLETED,0,0,0,225686.01444399857,4.133,True,False,False,76e76094b0f7159fc8df43673a62ce269b46eef19c89e326de88de63e277c0c7,
es__ES.ME.MFH.05.Gen.ReEx.001.001__f000,ES.ME.MFH.05.Gen.ReEx.001.001,es,0.0,1,BUILD_REFUSED,,,,,,,0.027,False,False,False,,ValueError: TABULA directional window areas disagree materially with A_Window_1
es__ES.ME.MFH.05.Gen.ReEx.001.001__f000,ES.ME.MFH.05.Gen.ReEx.001.001,es,0.0,2,BUILD_REFUSED,,,,,,,0.026,False,False,False,,ValueError: TABULA directional window areas disagree materially with A_Window_1
es__ES.ME.MFH.05.Gen.ReEx.001.001__f000,ES.ME.MFH.05.Gen.ReEx.001.001,es,0.0,3,BUILD_REFUSED,,,,,,,0.027,False,False,False,,ValueError: TABULA directional window areas disagree materially with A_Window_1
es__ES.ME.MFH.05.Gen.ReEx.001.001__f015,ES.ME.MFH.05.Gen.ReEx.001.001,es,0.15,1,BUILD_REFUSED,,,,,,,0.033,False,False,False,,ValueError: TABULA directional window areas disagree materially with A_Window_1
es__ES.ME.MFH.05.Gen.ReEx.001.001__f015,ES.ME.MFH.05.Gen.ReEx.001.001,es,0.15,2,BUILD_REFUSED,,,,,,,0.032,False,False,False,,ValueError: TABULA directional window areas disagree materially with A_Window_1
es__ES.ME.MFH.05.Gen.ReEx.001.001__f015,ES.ME.MFH.05.Gen.ReEx.001.001,es,0.15,3,BUILD_REFUSED,,,,,,,0.033,False,False,False,,ValueError: TABULA directional window areas disagree materially with A_Window_1
es__ES.ME.MFH.05.Gen.ReEx.001.001__f030,ES.ME.MFH.05.Gen.ReEx.001.001,es,0.3,1,BUILD_REFUSED,,,,,,,0.032,False,False,False,,ValueError: TABULA directional window areas disagree materially with A_Window_1
es__ES.ME.MFH.05.Gen.ReEx.001.001__f030,ES.ME.MFH.05.Gen.ReEx.001.001,es,0.3,2,BUILD_REFUSED,,,,,,,0.031,False,False,False,,ValueError: TABULA directional window areas disagree materially with A_Window_1
es__ES.ME.MFH.05.Gen.ReEx.001.001__f030,ES.ME.MFH.05.Gen.ReEx.001.001,es,0.3,3,BUILD_REFUSED,,,,,,,0.033,False,False,False,,ValueError: TABULA directional window areas disagree materially with A_Window_1
es__ES.ME.MFH.05.Gen.ReEx.001.001__f050,ES.ME.MFH.05.Gen.ReEx.001.001,es,0.5,1,BUILD_REFUSED,,,,,,,0.03,False,False,False,,ValueError: TABULA directional window areas disagree materially with A_Window_1
es__ES.ME.MFH.05.Gen.ReEx.001.001__f050,ES.ME.MFH.05.Gen.ReEx.001.001,es,0.5,2,BUILD_REFUSED,,,,,,,0.031,False,False,False,,ValueError: TABULA directional window areas disagree materially with A_Window_1
es__ES.ME.MFH.05.Gen.ReEx.001.001__f050,ES.ME.MFH.05.Gen.ReEx.001.001,es,0.5,3,BUILD_REFUSED,,,,,,,0.029,False,False,False,,ValueError: TABULA directional window areas disagree materially with A_Window_1
es__ES.ME.MFH.05.Gen.ReEx.001.001__f100,ES.ME.MFH.05.Gen.ReEx.001.001,es,1.0,1,BUILD_REFUSED,,,,,,,0.03,False,False,False,,ValueError: TABULA directional window areas disagree materially with A_Window_1
es__ES.ME.MFH.05.Gen.ReEx.001.001__f100,ES.ME.MFH.05.Gen.ReEx.001.001,es,1.0,2,BUILD_REFUSED,,,,,,,0.033,False,False,False,,ValueError: TABULA directional window areas disagree materially with A_Window_1
es__ES.ME.MFH.05.Gen.ReEx.001.001__f100,ES.ME.MFH.05.Gen.ReEx.001.001,es,1.0,3,BUILD_REFUSED,,,,,,,0.033,False,False,False,,ValueError: TABULA directional window areas disagree materially with A_Window_1
es__ES.ME.MFH.06.Gen.ReEx.001.001__f000,ES.ME.MFH.06.Gen.ReEx.001.001,es,0.0,1,ATTEMPTED,True,COMPLETED,0,0,0,90854.34769215222,3.867,True,False,False,21c91fae166717124687e71d9acab4daaa1db9a0ea16fab2cbe5fef98a59544f,
es__ES.ME.MFH.06.Gen.ReEx.001.001__f000,ES.ME.MFH.06.Gen.ReEx.001.001,es,0.0,2,ATTEMPTED,True,COMPLETED,0,0,0,91254.00396835814,3.882,True,False,False,3da243000cd0af6e5163a42cad45621e889ab46f065f869d9eee0e326a4bfcf5,
es__ES.ME.MFH.06.Gen.ReEx.001.001__f000,ES.ME.MFH.06.Gen.ReEx.001.001,es,0.0,3,ATTEMPTED,True,COMPLETED,0,0,0,91254.00601859942,3.939,True,False,False,e4ee3b054a3b8689c5941a0d06c5652a2e8ae57ad63b176cb1e5c6f189f185fd,
es__ES.ME.MFH.06.Gen.ReEx.001.001__f015,ES.ME.MFH.06.Gen.ReEx.001.001,es,0.15,1,ATTEMPTED,True,COMPLETED,0,0,0,91042.51094043607,3.948,True,False,False,7037f9aca360fff88e107a3fac46fc7ed4a9f4c8b5bb0b382ba374aeb0840be6,
es__ES.ME.MFH.06.Gen.ReEx.001.001__f015,ES.ME.MFH.06.Gen.ReEx.001.001,es,0.15,2,ATTEMPTED,True,COMPLETED,0,0,0,91042.51094043587,3.936,True,False,False,06c1602ff72d0320ed418cbdff372d3340e9d766c471a8b55f0841625cbd29cb,
es__ES.ME.MFH.06.Gen.ReEx.001.001__f015,ES.ME.MFH.06.Gen.ReEx.001.001,es,0.15,3,ATTEMPTED,True,COMPLETED,0,0,0,91242.87029512155,4.022,True,False,False,4fe05a094e6d0eb6cda8026786aeea025e6f8cd6c7a83884d5e4d049d418f3fd,
es__ES.ME.MFH.06.Gen.ReEx.001.001__f030,ES.ME.MFH.06.Gen.ReEx.001.001,es,0.3,1,ATTEMPTED,True,COMPLETED,0,0,0,91235.73671245587,3.904,True,False,False,7c6396ffa30fb308551d13d49035ebba3676b2e9ddfb83310507d110f18ff280,
es__ES.ME.MFH.06.Gen.ReEx.001.001__f030,ES.ME.MFH.06.Gen.ReEx.001.001,es,0.3,2,ATTEMPTED,True,COMPLETED,0,0,0,91235.73877613166,4.019,True,False,False,4ed277bd17b58a58fe693b6fff0125f2aa3723bde407257554e50e487eec2e07,
es__ES.ME.MFH.06.Gen.ReEx.001.001__f030,ES.ME.MFH.06.Gen.ReEx.001.001,es,0.3,3,ATTEMPTED,True,COMPLETED,0,0,0,91235.73671245587,3.995,True,False,False,5d8b4599315dc19a1d1c1491c81d6c56ebb9bd226d38d2006cc14dc7b5e55477,
es__ES.ME.MFH.06.Gen.ReEx.001.001__f050,ES.ME.MFH.06.Gen.ReEx.001.001,es,0.5,1,ATTEMPTED,False,ENGINE_FAILED,1,1,1,None,0.543,False,False,False,4aae99b19bab8761c7445151a66e8966fe5b898c4f5c3d878ff97596b7156706,
es__ES.ME.MFH.06.Gen.ReEx.001.001__f050,ES.ME.MFH.06.Gen.ReEx.001.001,es,0.5,2,ATTEMPTED,True,COMPLETED,0,0,0,91233.46817113846,3.8,True,False,False,0ffe04cd0a92907f516ff2436546e1f9347bbdf9bdf9df2e142b07a15cb35a87,
es__ES.ME.MFH.06.Gen.ReEx.001.001__f050,ES.ME.MFH.06.Gen.ReEx.001.001,es,0.5,3,ATTEMPTED,True,COMPLETED,0,0,0,91233.4683060568,4.095,True,False,False,2f74d5e4fd63316649801b0a1a44f041620a9541893be5b9a457d5d2340115ad,
es__ES.ME.MFH.06.Gen.ReEx.001.001__f100,ES.ME.MFH.06.Gen.ReEx.001.001,es,1.0,1,ATTEMPTED,False,ENGINE_FAILED,1,1,1,None,0.646,False,False,False,46ebdf3e414d3f89ea815934d0376b0d9d9c221152ca5c14b72bbacf41abecae,
es__ES.ME.MFH.06.Gen.ReEx.001.001__f100,ES.ME.MFH.06.Gen.ReEx.001.001,es,1.0,2,ATTEMPTED,True,COMPLETED,0,0,0,91264.87866896736,4.299,True,False,False,315de6dedddf6de2454854f2e8ce666c994d1dae9bf6623ddafffe394814172c,
es__ES.ME.MFH.06.Gen.ReEx.001.001__f100,ES.ME.MFH.06.Gen.ReEx.001.001,es,1.0,3,ATTEMPTED,True,COMPLETED,0,0,0,91264.87879532005,4.446,True,False,False,e7b0ab6a2fd6fce3854f28cd51c583c3ffa9667f22877ea36eb8bea5cd08adb1,
es__ES.ME.SFH.01.Gen.ReEx.001.001__f000,ES.ME.SFH.01.Gen.ReEx.001.001,es,0.0,1,ATTEMPTED,False,ENGINE_FAILED,1,1,1,None,0.653,False,False,False,7ed8fd4abd2d8de1429b8acf39682fe206dcb5c8791b7a7d12fcbc35947cace8,
es__ES.ME.SFH.01.Gen.ReEx.001.001__f000,ES.ME.SFH.01.Gen.ReEx.001.001,es,0.0,2,ATTEMPTED,True,COMPLETED,0,0,0,7796.687543580722,4.229,True,False,False,d4ad38a998934b35bc6fe4d5ebec4f98d6624cea388788959222ec60217daae0,
es__ES.ME.SFH.01.Gen.ReEx.001.001__f000,ES.ME.SFH.01.Gen.ReEx.001.001,es,0.0,3,ATTEMPTED,True,COMPLETED,0,0,0,7811.758932258852,4.195,True,False,False,c6b5ad29a5a82edf9ac6cf06886b8084e92be93ac8ecce16c63b46e5e96161ec,
es__ES.ME.SFH.01.Gen.ReEx.001.001__f015,ES.ME.SFH.01.Gen.ReEx.001.001,es,0.15,1,ATTEMPTED,True,COMPLETED,0,0,0,8131.416685332092,4.101,True,False,False,1f6560197d94d6703e9007edbc6ab4c3c258d1d68efa832d434191e8abefb5d7,
es__ES.ME.SFH.01.Gen.ReEx.001.001__f015,ES.ME.SFH.01.Gen.ReEx.001.001,es,0.15,2,ATTEMPTED,True,COMPLETED,0,0,0,7776.021967561172,4.08,True,False,False,e2cbf7f1c9a4bf1c63f6f40947b9c3ebb3407c86526c56ed7c1998ca848cf00b,
es__ES.ME.SFH.01.Gen.ReEx.001.001__f015,ES.ME.SFH.01.Gen.ReEx.001.001,es,0.15,3,ATTEMPTED,True,COMPLETED,0,0,0,8131.416685332092,4.066,True,False,False,95518e89efa763d3b20da5c828a1018f4932130b29cdfb888ff9cc271aad83ce,
es__ES.ME.SFH.01.Gen.ReEx.001.001__f030,ES.ME.SFH.01.Gen.ReEx.001.001,es,0.3,1,ATTEMPTED,True,COMPLETED,0,0,0,7187.067837090737,4.198,True,False,False,5dc980407b93e733e53edaa6097fc02dcf8990df2ea0eede335908bde9b5b91f,
es__ES.ME.SFH.01.Gen.ReEx.001.001__f030,ES.ME.SFH.01.Gen.ReEx.001.001,es,0.3,2,ATTEMPTED,True,COMPLETED,0,0,0,8127.422618338742,4.072,True,False,False,bac936c4a494ab1a5e8cd1026fe6b4246b7705b3345639daed9a3bd9dc354cf6,
es__ES.ME.SFH.01.Gen.ReEx.001.001__f030,ES.ME.SFH.01.Gen.ReEx.001.001,es,0.3,3,ATTEMPTED,True,COMPLETED,0,0,0,7786.4327201445185,4.027,True,False,False,266f91cb816a856211af255847957fec28fba45196cf7d0149808dc3bb5edb73,
es__ES.ME.SFH.01.Gen.ReEx.001.001__f050,ES.ME.SFH.01.Gen.ReEx.001.001,es,0.5,1,ATTEMPTED,False,ENGINE_FAILED,1,1,1,None,0.582,False,False,False,21ca050a6ef2eb4e29ac106a126585d11569f5d49e00a8435f83110e23fd7249,
es__ES.ME.SFH.01.Gen.ReEx.001.001__f050,ES.ME.SFH.01.Gen.ReEx.001.001,es,0.5,2,ATTEMPTED,True,COMPLETED,0,0,0,7956.773021241115,3.934,True,False,False,f35a550ad360e0b42f6d4f938998514b47505f2652077a45ae5646c1c1ae3f5d,
es__ES.ME.SFH.01.Gen.ReEx.001.001__f050,ES.ME.SFH.01.Gen.ReEx.001.001,es,0.5,3,ATTEMPTED,True,COMPLETED,0,0,0,7956.773021241115,4.081,True,False,False,a35b63e42ee2f7682c0ea41b3d540bf91b707f1730ca55caf17cd35f494e9257,
es__ES.ME.SFH.01.Gen.ReEx.001.001__f100,ES.ME.SFH.01.Gen.ReEx.001.001,es,1.0,1,ATTEMPTED,True,COMPLETED,0,0,0,8114.502862375592,4.269,True,False,False,966686d583efdd887829a80955979a60c7646e2816cb5b5c77792e9a5a0fb66c,
es__ES.ME.SFH.01.Gen.ReEx.001.001__f100,ES.ME.SFH.01.Gen.ReEx.001.001,es,1.0,2,ATTEMPTED,True,COMPLETED,0,0,0,8114.502862375592,4.099,True,False,False,c060dc8c95462893b42aae2ada63869ad556bbe390b513a576a45e4381ba9a48,
es__ES.ME.SFH.01.Gen.ReEx.001.001__f100,ES.ME.SFH.01.Gen.ReEx.001.001,es,1.0,3,ATTEMPTED,True,COMPLETED,0,0,0,7770.152702724234,4.247,True,False,False,5907f869813eeefb2835cfcd77cb5f1f8de685fab0fecb9d5ab5a3cf3cd5742b,
es__ES.ME.SFH.02.Gen.ReEx.001.001__f000,ES.ME.SFH.02.Gen.ReEx.001.001,es,0.0,1,ATTEMPTED,True,COMPLETED,0,0,0,45498.557536483604,4.914,True,False,False,c1e181deefa84780c7a628ffbca11660a046b63f486d6147b89da155f7e5aeb8,
es__ES.ME.SFH.02.Gen.ReEx.001.001__f000,ES.ME.SFH.02.Gen.ReEx.001.001,es,0.0,2,ATTEMPTED,True,COMPLETED,0,0,0,45498.557536483604,4.845,True,False,False,4efc4c5158008a851f50b9782aef0fa6697e48dc706117f6c56d94e959fb5a7e,
es__ES.ME.SFH.02.Gen.ReEx.001.001__f000,ES.ME.SFH.02.Gen.ReEx.001.001,es,0.0,3,ATTEMPTED,True,COMPLETED,0,0,0,45498.557536483604,4.619,True,False,False,5f5b4ab3e57849ff4021d98e337a6928ed9fa7fad6d98b5453211209873595fb,
es__ES.ME.SFH.02.Gen.ReEx.001.001__f015,ES.ME.SFH.02.Gen.ReEx.001.001,es,0.15,1,ATTEMPTED,True,COMPLETED,0,0,0,45495.14309971226,4.84,True,False,False,2eebd9c21fb4d529ff6ae963593b86a7285173fc601d8c1f553b126cbc55bcc7,
es__ES.ME.SFH.02.Gen.ReEx.001.001__f015,ES.ME.SFH.02.Gen.ReEx.001.001,es,0.15,2,ATTEMPTED,True,COMPLETED,0,0,0,45495.14309971226,4.841,True,False,False,e6131362c68e55274ecf0177d9a6d922d998ec3d213e5feaee0e3ca2b069e98e,
es__ES.ME.SFH.02.Gen.ReEx.001.001__f015,ES.ME.SFH.02.Gen.ReEx.001.001,es,0.15,3,ATTEMPTED,False,ENGINE_FAILED,1,35,1,None,3.165,True,True,False,ca9f3c81bf7823d33cc0aeb33c0a87bd89d7bce06abe4a920d10c64e4010dd60,
es__ES.ME.SFH.02.Gen.ReEx.001.001__f030,ES.ME.SFH.02.Gen.ReEx.001.001,es,0.3,1,ATTEMPTED,True,COMPLETED,0,0,0,45492.08235596586,4.718,True,False,False,0f749d7bf054a140137eeac03bafd76d6b140ad542b5e7aa7b29e19357ca8b32,
es__ES.ME.SFH.02.Gen.ReEx.001.001__f030,ES.ME.SFH.02.Gen.ReEx.001.001,es,0.3,2,ATTEMPTED,True,COMPLETED,0,0,0,45492.08235596586,4.604,True,False,False,c9e1ba6e1d4b338da03715f0c646cdc445af12f0dfa2383e9e512cbb9024476c,
es__ES.ME.SFH.02.Gen.ReEx.001.001__f030,ES.ME.SFH.02.Gen.ReEx.001.001,es,0.3,3,ATTEMPTED,True,COMPLETED,0,0,0,45492.08235596586,4.667,True,False,False,2984354d1c077b24f40284036ff0492d41ff52042a664f3b8c74993d78d55eb3,
es__ES.ME.SFH.02.Gen.ReEx.001.001__f050,ES.ME.SFH.02.Gen.ReEx.001.001,es,0.5,1,ATTEMPTED,True,COMPLETED,0,0,0,45488.55749219891,4.656,True,False,False,f82b2d72a42ed530d05be3b2ff92b87afb006fb16b9091a5e2b69df48ef41542,
es__ES.ME.SFH.02.Gen.ReEx.001.001__f050,ES.ME.SFH.02.Gen.ReEx.001.001,es,0.5,2,ATTEMPTED,True,COMPLETED,0,0,0,45488.55749219891,4.831,True,False,False,0d48cdd32b0635151d23917100bf5a7f668d16e5430a0273363b574231109ae8,
es__ES.ME.SFH.02.Gen.ReEx.001.001__f050,ES.ME.SFH.02.Gen.ReEx.001.001,es,0.5,3,ATTEMPTED,True,COMPLETED,0,0,0,45488.55749219891,4.76,True,False,False,5be66f911ab068987f6abbffa04e6975fe7f3cfbf7ac793f4629c434a47f5edb,
es__ES.ME.SFH.02.Gen.ReEx.001.001__f100,ES.ME.SFH.02.Gen.ReEx.001.001,es,1.0,1,ATTEMPTED,True,COMPLETED,0,0,0,43246.17606902251,4.953,True,False,False,d3dad82bedf816496f4dde1f85d5a366f8552e328092536c8a731cdcc227b662,
es__ES.ME.SFH.02.Gen.ReEx.001.001__f100,ES.ME.SFH.02.Gen.ReEx.001.001,es,1.0,2,ATTEMPTED,True,COMPLETED,0,0,0,45483.21879979559,4.898,True,False,False,bc82793632082aa89e00a79691f40a66b6d1521b8c319342f81ed54c53a6cae4,
es__ES.ME.SFH.02.Gen.ReEx.001.001__f100,ES.ME.SFH.02.Gen.ReEx.001.001,es,1.0,3,ATTEMPTED,True,COMPLETED,0,0,0,41474.92575695758,4.797,True,False,False,0a4c47efc34ebee3cec3b87792f7fc34bc4940bb1c4375d0a235761d93fc61d8,
es__ES.ME.SFH.03.Gen.ReEx.001.001__f000,ES.ME.SFH.03.Gen.ReEx.001.001,es,0.0,1,ATTEMPTED,True,COMPLETED,0,0,0,89607.79075075345,4.21,True,False,False,12d6d8d0dc5d41f951fa5a115e054336b509c3bde8e535a48f556248f3ffb809,
es__ES.ME.SFH.03.Gen.ReEx.001.001__f000,ES.ME.SFH.03.Gen.ReEx.001.001,es,0.0,2,ATTEMPTED,True,COMPLETED,0,0,0,89607.79075075345,4.354,True,False,False,3fd751c66ba4ca9651754f7fbb3546e5cf5e965a617e8791af212ed85fc508cb,
es__ES.ME.SFH.03.Gen.ReEx.001.001__f000,ES.ME.SFH.03.Gen.ReEx.001.001,es,0.0,3,ATTEMPTED,True,COMPLETED,0,0,0,89023.71134378751,4.241,True,False,False,3483da9070443532fd65e175ec3664be6a751ba719f77c56e86c89e6dea69547,
es__ES.ME.SFH.03.Gen.ReEx.001.001__f015,ES.ME.SFH.03.Gen.ReEx.001.001,es,0.15,1,ATTEMPTED,True,COMPLETED,0,0,0,89589.27695211512,4.431,True,False,False,a5eb4c7f7ffa3dad6c102ec38b8ea18f4617f6e27cf75a049590aa5f3196fcfd,
es__ES.ME.SFH.03.Gen.ReEx.001.001__f015,ES.ME.SFH.03.Gen.ReEx.001.001,es,0.15,2,ATTEMPTED,True,COMPLETED,0,0,0,89589.27695211512,4.239,True,False,False,11933a3e1d708721714afa13e2711b99f6c459d95e45065b3798b2d38158985d,
es__ES.ME.SFH.03.Gen.ReEx.001.001__f015,ES.ME.SFH.03.Gen.ReEx.001.001,es,0.15,3,ATTEMPTED,False,ENGINE_FAILED,1,27,1,None,2.854,True,True,False,0937808d232aab0833a716d73d70bebd736816ccf94f53f4c10fcff6aaa2743f,
es__ES.ME.SFH.03.Gen.ReEx.001.001__f030,ES.ME.SFH.03.Gen.ReEx.001.001,es,0.3,1,ATTEMPTED,True,COMPLETED,0,0,0,89572.76422319448,4.113,True,False,False,022731fa2ab84dee0b2c6edd67b1797fe80c54eab69b07d7dd695f6d2318f25f,
es__ES.ME.SFH.03.Gen.ReEx.001.001__f030,ES.ME.SFH.03.Gen.ReEx.001.001,es,0.3,2,ATTEMPTED,True,COMPLETED,0,0,0,89572.76422319448,4.341,True,False,False,d825958fc71d8e9af5b3210705556987ad7c7a02507d00558143c56baffd35b6,
es__ES.ME.SFH.03.Gen.ReEx.001.001__f030,ES.ME.SFH.03.Gen.ReEx.001.001,es,0.3,3,ATTEMPTED,True,COMPLETED,0,0,0,89572.76422319448,4.399,True,False,False,c5929d713a272a5b80bdac32679cae315cfaab7ea2023427fdebd27ad5e93790,
es__ES.ME.SFH.03.Gen.ReEx.001.001__f050,ES.ME.SFH.03.Gen.ReEx.001.001,es,0.5,1,ATTEMPTED,True,COMPLETED,0,0,0,89554.55859636387,4.23,True,False,False,6b97c2e5010bfe2ee9d5b98495f9aeb12a449c52bbea17c6e9228cb2456d9497,
es__ES.ME.SFH.03.Gen.ReEx.001.001__f050,ES.ME.SFH.03.Gen.ReEx.001.001,es,0.5,2,ATTEMPTED,True,COMPLETED,0,0,0,89554.55859636387,4.574,True,False,False,4e4f96e98f8abae6868efa60e393d620d603f4af0f955f9a09a4eb011b7b11a0,
es__ES.ME.SFH.03.Gen.ReEx.001.001__f050,ES.ME.SFH.03.Gen.ReEx.001.001,es,0.5,3,ATTEMPTED,True,COMPLETED,0,0,0,89554.55859636387,4.315,True,False,False,f483462a1f3f6381903ff24417cd972816b20ff4e2f400c00f36d013d174afbc,
es__ES.ME.SFH.03.Gen.ReEx.001.001__f100,ES.ME.SFH.03.Gen.ReEx.001.001,es,1.0,1,ATTEMPTED,True,COMPLETED,0,0,0,89529.76411397291,4.157,True,False,False,c4ddd2b936cb1df8e78c90205156bc4eead6c161f05be386d701ce582df8b76b,
es__ES.ME.SFH.03.Gen.ReEx.001.001__f100,ES.ME.SFH.03.Gen.ReEx.001.001,es,1.0,2,ATTEMPTED,True,COMPLETED,0,0,0,89529.76411397291,4.123,True,False,False,163b920260f1fc6736d2b46fb1e886e875fc1c278997fb4921aab2eb3d77576f,
es__ES.ME.SFH.03.Gen.ReEx.001.001__f100,ES.ME.SFH.03.Gen.ReEx.001.001,es,1.0,3,ATTEMPTED,True,COMPLETED,0,0,0,89529.76411397291,4.132,True,False,False,82bca8af7c2b7601984d1d5d1625a505cbde81778915d00345e006da59afc552,
es__ES.ME.SFH.04.Gen.ReEx.001.001__f000,ES.ME.SFH.04.Gen.ReEx.001.001,es,0.0,1,ATTEMPTED,True,COMPLETED,0,0,0,33656.81781208779,4.089,True,False,False,3dc7e5dfd92cf3ed37cec9c0a7c1ba2d6e1583eaa254db42b0d64513169736e9,
es__ES.ME.SFH.04.Gen.ReEx.001.001__f000,ES.ME.SFH.04.Gen.ReEx.001.001,es,0.0,2,ATTEMPTED,True,COMPLETED,0,0,0,33656.81781208779,4.181,True,False,False,f3075c545c8a57c0f6e1f4baeceb9c9e4cd496074e91e265ad1f35cd0c3a5fb1,
es__ES.ME.SFH.04.Gen.ReEx.001.001__f000,ES.ME.SFH.04.Gen.ReEx.001.001,es,0.0,3,ATTEMPTED,True,COMPLETED,0,0,0,33656.81781208779,4.157,True,False,False,2f27f16c570fbb203c8d65406160d42f633a5dd3c634952e47453828b1d87c11,
es__ES.ME.SFH.04.Gen.ReEx.001.001__f015,ES.ME.SFH.04.Gen.ReEx.001.001,es,0.15,1,ATTEMPTED,False,ENGINE_FAILED,1,1,1,None,0.52,False,False,False,6fd0372fe5e14db5b5ff0dcc5c5f87d56d62127711070146872e2ea66d2dc152,
es__ES.ME.SFH.04.Gen.ReEx.001.001__f015,ES.ME.SFH.04.Gen.ReEx.001.001,es,0.15,2,ATTEMPTED,True,COMPLETED,0,0,0,33642.21520296092,4.138,True,False,False,0cc0bf00e9620da20257bc10e33d8d73cab37a22a6a49ea4722d73b04a5c7e53,
es__ES.ME.SFH.04.Gen.ReEx.001.001__f015,ES.ME.SFH.04.Gen.ReEx.001.001,es,0.15,3,ATTEMPTED,True,COMPLETED,0,0,0,33642.21520296092,4.157,True,False,False,62cb7ae2ac5668f8a1f126e6185289b1f160883e549a8f8ea9763c11b4a44cb0,
es__ES.ME.SFH.04.Gen.ReEx.001.001__f030,ES.ME.SFH.04.Gen.ReEx.001.001,es,0.3,1,ATTEMPTED,True,COMPLETED,0,0,0,33628.16426581136,4.116,True,False,False,759bf2d11804d70b7722924475bdaeaf133072977f06effda7d24706e477126c,
es__ES.ME.SFH.04.Gen.ReEx.001.001__f030,ES.ME.SFH.04.Gen.ReEx.001.001,es,0.3,2,ATTEMPTED,True,COMPLETED,0,0,0,33628.16426581136,4.273,True,False,False,7ba2300d1cd470ba8854281fec765834231f0509324070a0eaeed0600e9c94f4,
es__ES.ME.SFH.04.Gen.ReEx.001.001__f030,ES.ME.SFH.04.Gen.ReEx.001.001,es,0.3,3,ATTEMPTED,True,COMPLETED,0,0,0,33628.16426581136,4.082,True,False,False,8e44eb61baacbb7321143cc383d3a1e783f62ec107ef268d1b1cd2e683b26795,
es__ES.ME.SFH.04.Gen.ReEx.001.001__f050,ES.ME.SFH.04.Gen.ReEx.001.001,es,0.5,1,ATTEMPTED,True,COMPLETED,0,0,0,33610.12778548643,4.124,True,False,False,692c8fe5354c101d7f0e0606df154042a1473bd94514eec899b31a4a9aa6c579,
es__ES.ME.SFH.04.Gen.ReEx.001.001__f050,ES.ME.SFH.04.Gen.ReEx.001.001,es,0.5,2,ATTEMPTED,True,COMPLETED,0,0,0,33610.12778548643,4.03,True,False,False,60e247168e56b41353b51a3132843fa8fee6c216b6b1ae9fc53c3292a5e0b285,
es__ES.ME.SFH.04.Gen.ReEx.001.001__f050,ES.ME.SFH.04.Gen.ReEx.001.001,es,0.5,3,ATTEMPTED,True,COMPLETED,0,0,0,33610.12778548643,4.11,True,False,False,ae4a453f679b5daeb3bec7ad6e411f96e4df90df05769714f73bc5261b37db23,
es__ES.ME.SFH.04.Gen.ReEx.001.001__f100,ES.ME.SFH.04.Gen.ReEx.001.001,es,1.0,1,ATTEMPTED,True,COMPLETED,0,0,0,33569.025129600224,4.461,True,False,False,c8fa6e2cd3d7074070fdb8420ad4f986b784795ccfcc853be5b06c09e15f00b3,
es__ES.ME.SFH.04.Gen.ReEx.001.001__f100,ES.ME.SFH.04.Gen.ReEx.001.001,es,1.0,2,ATTEMPTED,True,COMPLETED,0,0,0,33569.025129600224,4.105,True,False,False,c312846f30fd9249179080d606d6cd52120937f25e10c78352fb5c8c31afcd43,
es__ES.ME.SFH.04.Gen.ReEx.001.001__f100,ES.ME.SFH.04.Gen.ReEx.001.001,es,1.0,3,ATTEMPTED,True,COMPLETED,0,0,0,33569.025129600224,4.249,True,False,False,ca4853fe89c410aebb09b347f63168130b39e7dd7743535c14e95b4b3f148185,
es__ES.ME.SFH.05.Gen.ReEx.001.001__f000,ES.ME.SFH.05.Gen.ReEx.001.001,es,0.0,1,ATTEMPTED,True,COMPLETED,0,0,0,25673.202766591032,4.519,True,False,False,609e8f00a7aaac9754d6b8822f5a255560cce6c201f657254f2286e27ac5f075,
es__ES.ME.SFH.05.Gen.ReEx.001.001__f000,ES.ME.SFH.05.Gen.ReEx.001.001,es,0.0,2,ATTEMPTED,True,COMPLETED,0,0,0,20265.830564745014,4.563,True,False,False,692a1ce873088fdfe834368d921625ab610efa349316110c9fb44d8ccb0ef414,
es__ES.ME.SFH.05.Gen.ReEx.001.001__f000,ES.ME.SFH.05.Gen.ReEx.001.001,es,0.0,3,ATTEMPTED,True,COMPLETED,0,0,0,25673.202766591032,5.085,True,False,False,78879f7fcbc248fa283cb7d6ef4057202d324529b29711b722fcda94d89126f6,
es__ES.ME.SFH.05.Gen.ReEx.001.001__f015,ES.ME.SFH.05.Gen.ReEx.001.001,es,0.15,1,ATTEMPTED,True,COMPLETED,0,0,0,21598.730324041706,4.587,True,False,False,41ee40966802a52e3cae2f3eaf436e7fce46464af8effad7ef197359257473c1,
es__ES.ME.SFH.05.Gen.ReEx.001.001__f015,ES.ME.SFH.05.Gen.ReEx.001.001,es,0.15,2,ATTEMPTED,True,COMPLETED,0,0,0,21577.060805201112,4.66,True,False,False,a2f172ad8685a1a745a0382a0238170da27bc4cb72f65865705d261d2d5c82e4,
es__ES.ME.SFH.05.Gen.ReEx.001.001__f015,ES.ME.SFH.05.Gen.ReEx.001.001,es,0.15,3,ATTEMPTED,False,ENGINE_FAILED,1,1,1,None,0.514,False,False,False,3cd4757af13aedfcf27c8198f588104df9b94473e4c706ccb18f3051be9c633b,
es__ES.ME.SFH.05.Gen.ReEx.001.001__f030,ES.ME.SFH.05.Gen.ReEx.001.001,es,0.3,1,ATTEMPTED,False,ENGINE_FAILED,1,1,1,None,0.529,False,False,False,f7b9b7282b8301e1cca394a3c8ac8ffabee482a7bd1f6592f6ce14ee06243e2f,
es__ES.ME.SFH.05.Gen.ReEx.001.001__f030,ES.ME.SFH.05.Gen.ReEx.001.001,es,0.3,2,ATTEMPTED,True,COMPLETED,0,0,0,20698.558444733746,4.695,True,False,False,2a318a39dee05bce6d6d3d6e0aafd15e40bfbdde400f253fa976c7993c048a13,
es__ES.ME.SFH.05.Gen.ReEx.001.001__f030,ES.ME.SFH.05.Gen.ReEx.001.001,es,0.3,3,ATTEMPTED,True,COMPLETED,0,0,0,22153.287072187864,4.678,True,False,False,59c2bed0255fb4354d484b2659a34a7e32377baabffab000a882ea2ab8b6f6ef,
es__ES.ME.SFH.05.Gen.ReEx.001.001__f050,ES.ME.SFH.05.Gen.ReEx.001.001,es,0.5,1,ATTEMPTED,True,COMPLETED,0,0,0,17464.6751763373,4.76,True,False,False,ae363cf1295e81f8a15b347df172ee8676c9509a1c03ccb067f6347962936c84,
es__ES.ME.SFH.05.Gen.ReEx.001.001__f050,ES.ME.SFH.05.Gen.ReEx.001.001,es,0.5,2,ATTEMPTED,True,COMPLETED,0,0,0,25653.04242137096,4.536,True,False,False,030b5e4b452f5c1d7b3bdb2937a3ba69f83ec8b123ee2ef02d9b30a363f7758a,
es__ES.ME.SFH.05.Gen.ReEx.001.001__f050,ES.ME.SFH.05.Gen.ReEx.001.001,es,0.5,3,ATTEMPTED,True,COMPLETED,0,0,0,25371.156975053684,4.698,True,False,False,f96afcf13b895c913456dfed0565c6cd10984db08f838ac87103e650420ea52e,
es__ES.ME.SFH.05.Gen.ReEx.001.001__f100,ES.ME.SFH.05.Gen.ReEx.001.001,es,1.0,1,ATTEMPTED,True,COMPLETED,0,0,0,21528.056644413213,4.759,True,False,False,c96968ecb54dd21ce36761fc911b85507326f8fbca1000c261f28429226c91c6,
es__ES.ME.SFH.05.Gen.ReEx.001.001__f100,ES.ME.SFH.05.Gen.ReEx.001.001,es,1.0,2,ATTEMPTED,True,COMPLETED,0,0,0,25636.946793319123,4.485,True,False,False,d8102dd9cc7473f39686c78d5970a95e178fb9b8e48aa49c610fe9a132f72005,
es__ES.ME.SFH.05.Gen.ReEx.001.001__f100,ES.ME.SFH.05.Gen.ReEx.001.001,es,1.0,3,ATTEMPTED,True,COMPLETED,0,0,0,21528.056644413213,4.631,True,False,False,8e11281a48088b67ccf26c818c75e2331e87287aabbfe5eb936214d30ae1af0f,
es__ES.ME.SFH.06.Gen.ReEx.001.001__f000,ES.ME.SFH.06.Gen.ReEx.001.001,es,0.0,1,ATTEMPTED,True,COMPLETED,0,0,0,12640.975630443363,4.861,True,False,False,6507d757d553f5eabe8bcc063b860ead69a9d27067bcaad3170cb0f6c7980521,
es__ES.ME.SFH.06.Gen.ReEx.001.001__f000,ES.ME.SFH.06.Gen.ReEx.001.001,es,0.0,2,ATTEMPTED,True,COMPLETED,0,0,0,12640.975630443363,4.454,True,False,False,79e9d1762da245a068c9c8ebfc8320a99a4d1825cdb5a61f1faa3e06ed184b97,
es__ES.ME.SFH.06.Gen.ReEx.001.001__f000,ES.ME.SFH.06.Gen.ReEx.001.001,es,0.0,3,ATTEMPTED,True,COMPLETED,0,0,0,12640.975630443363,4.448,True,False,False,0578ec3071cb8e15dffaed8cc54b3b8505002422a11fcb35bb133d3413611c97,
es__ES.ME.SFH.06.Gen.ReEx.001.001__f015,ES.ME.SFH.06.Gen.ReEx.001.001,es,0.15,1,ATTEMPTED,True,COMPLETED,0,0,0,12634.982299787187,4.458,True,False,False,31c6048ee0235b4f27d53661a05435ade691e1e74ddae7d8c4b05c3a5b4d6b61,
es__ES.ME.SFH.06.Gen.ReEx.001.001__f015,ES.ME.SFH.06.Gen.ReEx.001.001,es,0.15,2,ATTEMPTED,True,COMPLETED,0,0,0,12634.982299787187,4.47,True,False,False,23d386cb5b20b58b2a12d6b7126c2d4b74264ad4cc84111cea23636e2c390d31,
es__ES.ME.SFH.06.Gen.ReEx.001.001__f015,ES.ME.SFH.06.Gen.ReEx.001.001,es,0.15,3,ATTEMPTED,True,COMPLETED,0,0,0,12634.982299787187,4.393,True,False,False,db1a2a7b83ef55f1e93c257a910ed78e188a7b4a8f3fda8c64e08942e9a3ae97,
es__ES.ME.SFH.06.Gen.ReEx.001.001__f030,ES.ME.SFH.06.Gen.ReEx.001.001,es,0.3,1,ATTEMPTED,True,COMPLETED,0,0,0,12629.97707214422,4.236,True,False,False,67283863e51041c016ed6c7218df7edfef12fe007be3cde90bb9bdf18e93162e,
es__ES.ME.SFH.06.Gen.ReEx.001.001__f030,ES.ME.SFH.06.Gen.ReEx.001.001,es,0.3,2,ATTEMPTED,True,COMPLETED,0,0,0,12629.97707214422,4.376,True,False,False,b93509e12a7bb540dc81bdc9568ea42eefab19b08e25577ac84bfc9a200ea5be,
es__ES.ME.SFH.06.Gen.ReEx.001.001__f030,ES.ME.SFH.06.Gen.ReEx.001.001,es,0.3,3,ATTEMPTED,True,COMPLETED,0,0,0,12629.97707214422,4.464,True,False,False,1fc820078f4d6bc3e1fc5ba882bd13eb7045c0980a70cd172d305ce0b50835a0,
es__ES.ME.SFH.06.Gen.ReEx.001.001__f050,ES.ME.SFH.06.Gen.ReEx.001.001,es,0.5,1,ATTEMPTED,True,COMPLETED,0,0,0,12625.199290206232,4.414,True,False,False,c6c4a991e0fbc0878a0a06e9493b3a4d540b323b6f83b082b8cccfb1c1292d1f,
es__ES.ME.SFH.06.Gen.ReEx.001.001__f050,ES.ME.SFH.06.Gen.ReEx.001.001,es,0.5,2,ATTEMPTED,False,ENGINE_FAILED,1,21,1,None,2.762,True,True,False,69fa18e5ca3325ed171998c65aff3fb5efa03f0c15b88dd0e90661528f3d8f98,
es__ES.ME.SFH.06.Gen.ReEx.001.001__f050,ES.ME.SFH.06.Gen.ReEx.001.001,es,0.5,3,ATTEMPTED,True,COMPLETED,0,0,0,12625.199290206232,4.419,True,False,False,e39f097c8f747aa30ad76b388bf94d9cedf49b79c1c201f80d2fd12679c718cc,
es__ES.ME.SFH.06.Gen.ReEx.001.001__f100,ES.ME.SFH.06.Gen.ReEx.001.001,es,1.0,1,ATTEMPTED,True,COMPLETED,0,0,0,12622.073696350395,4.367,True,False,False,949e5ae2e4f600395eb74a4d0b668263b332d22ae5e313d4fadd13c84d38a5d3,
es__ES.ME.SFH.06.Gen.ReEx.001.001__f100,ES.ME.SFH.06.Gen.ReEx.001.001,es,1.0,2,ATTEMPTED,True,COMPLETED,0,0,0,12622.073696350395,4.47,True,False,False,08f7aca5c70bb38d38ca4c6cf492d21325e195dfab0525b80ff30300d7a76d1a,
es__ES.ME.SFH.06.Gen.ReEx.001.001__f100,ES.ME.SFH.06.Gen.ReEx.001.001,es,1.0,3,ATTEMPTED,True,COMPLETED,0,0,0,12333.764628656496,4.388,True,False,False,17517633e5ec09970eaa689d24112c48b0d8da31d7665a63681159ebf6a657bf,
es__ES.ME.TH.01.Gen.ReEx.001.001__f000,ES.ME.TH.01.Gen.ReEx.001.001,es,0.0,1,BUILD_REFUSED,,,,,,,0.026,False,False,False,,ValueError: S0 openings require an exterior (b=1) Wall_1 host
es__ES.ME.TH.01.Gen.ReEx.001.001__f000,ES.ME.TH.01.Gen.ReEx.001.001,es,0.0,2,BUILD_REFUSED,,,,,,,0.031,False,False,False,,ValueError: S0 openings require an exterior (b=1) Wall_1 host
es__ES.ME.TH.01.Gen.ReEx.001.001__f000,ES.ME.TH.01.Gen.ReEx.001.001,es,0.0,3,BUILD_REFUSED,,,,,,,0.028,False,False,False,,ValueError: S0 openings require an exterior (b=1) Wall_1 host
es__ES.ME.TH.01.Gen.ReEx.001.001__f015,ES.ME.TH.01.Gen.ReEx.001.001,es,0.15,1,BUILD_REFUSED,,,,,,,0.036,False,False,False,,ValueError: S0 openings require an exterior (b=1) Wall_1 host
es__ES.ME.TH.01.Gen.ReEx.001.001__f015,ES.ME.TH.01.Gen.ReEx.001.001,es,0.15,2,BUILD_REFUSED,,,,,,,0.032,False,False,False,,ValueError: S0 openings require an exterior (b=1) Wall_1 host
es__ES.ME.TH.01.Gen.ReEx.001.001__f015,ES.ME.TH.01.Gen.ReEx.001.001,es,0.15,3,BUILD_REFUSED,,,,,,,0.034,False,False,False,,ValueError: S0 openings require an exterior (b=1) Wall_1 host
es__ES.ME.TH.01.Gen.ReEx.001.001__f030,ES.ME.TH.01.Gen.ReEx.001.001,es,0.3,1,BUILD_REFUSED,,,,,,,0.032,False,False,False,,ValueError: S0 openings require an exterior (b=1) Wall_1 host
es__ES.ME.TH.01.Gen.ReEx.001.001__f030,ES.ME.TH.01.Gen.ReEx.001.001,es,0.3,2,BUILD_REFUSED,,,,,,,0.031,False,False,False,,ValueError: S0 openings require an exterior (b=1) Wall_1 host
es__ES.ME.TH.01.Gen.ReEx.001.001__f030,ES.ME.TH.01.Gen.ReEx.001.001,es,0.3,3,BUILD_REFUSED,,,,,,,0.034,False,False,False,,ValueError: S0 openings require an exterior (b=1) Wall_1 host
es__ES.ME.TH.01.Gen.ReEx.001.001__f050,ES.ME.TH.01.Gen.ReEx.001.001,es,0.5,1,BUILD_REFUSED,,,,,,,0.037,False,False,False,,ValueError: S0 openings require an exterior (b=1) Wall_1 host
es__ES.ME.TH.01.Gen.ReEx.001.001__f050,ES.ME.TH.01.Gen.ReEx.001.001,es,0.5,2,BUILD_REFUSED,,,,,,,0.031,False,False,False,,ValueError: S0 openings require an exterior (b=1) Wall_1 host
es__ES.ME.TH.01.Gen.ReEx.001.001__f050,ES.ME.TH.01.Gen.ReEx.001.001,es,0.5,3,BUILD_REFUSED,,,,,,,0.035,False,False,False,,ValueError: S0 openings require an exterior (b=1) Wall_1 host
es__ES.ME.TH.01.Gen.ReEx.001.001__f100,ES.ME.TH.01.Gen.ReEx.001.001,es,1.0,1,BUILD_REFUSED,,,,,,,0.033,False,False,False,,ValueError: S0 openings require an exterior (b=1) Wall_1 host
es__ES.ME.TH.01.Gen.ReEx.001.001__f100,ES.ME.TH.01.Gen.ReEx.001.001,es,1.0,2,BUILD_REFUSED,,,,,,,0.035,False,False,False,,ValueError: S0 openings require an exterior (b=1) Wall_1 host
es__ES.ME.TH.01.Gen.ReEx.001.001__f100,ES.ME.TH.01.Gen.ReEx.001.001,es,1.0,3,BUILD_REFUSED,,,,,,,0.033,False,False,False,,ValueError: S0 openings require an exterior (b=1) Wall_1 host
es__ES.ME.TH.02.Gen.ReEx.001.001__f000,ES.ME.TH.02.Gen.ReEx.001.001,es,0.0,1,ATTEMPTED,True,COMPLETED,0,0,0,39392.229962183155,4.317,True,False,False,24c644a68aba9461e29793de162fe8943ae68b115031e5124fedf062117399a5,
es__ES.ME.TH.02.Gen.ReEx.001.001__f000,ES.ME.TH.02.Gen.ReEx.001.001,es,0.0,2,ATTEMPTED,True,COMPLETED,0,0,0,39392.229962183155,4.353,True,False,False,39143ee2e6ccec1936555db1461b00ca4c9b347bf3329d2978b923e6ed100c23,
es__ES.ME.TH.02.Gen.ReEx.001.001__f000,ES.ME.TH.02.Gen.ReEx.001.001,es,0.0,3,ATTEMPTED,True,COMPLETED,0,0,0,39392.229962183155,4.342,True,False,False,2fb117282eec9a3c63f1b95ea5b891c80f61fca7d93a01e2a88ad92b4199c360,
es__ES.ME.TH.02.Gen.ReEx.001.001__f015,ES.ME.TH.02.Gen.ReEx.001.001,es,0.15,1,ATTEMPTED,True,COMPLETED,0,0,0,39384.03381461765,4.394,True,False,False,b191f2fe409979012698a36ea4a0c1fadb576bdc86ddf66d90ce31046b4753f3,
es__ES.ME.TH.02.Gen.ReEx.001.001__f015,ES.ME.TH.02.Gen.ReEx.001.001,es,0.15,2,ATTEMPTED,True,COMPLETED,0,0,0,39384.03381461765,4.286,True,False,False,270cd05cf67017026952db351c72d7f559b37ee41a3be796911ff91f1bf1ce53,
es__ES.ME.TH.02.Gen.ReEx.001.001__f015,ES.ME.TH.02.Gen.ReEx.001.001,es,0.15,3,ATTEMPTED,True,COMPLETED,0,0,0,39384.03381461765,4.331,True,False,False,2863c9a52908b482cae075f90c571e1fda31af33bdb8bb32b7f8251147296227,
es__ES.ME.TH.02.Gen.ReEx.001.001__f030,ES.ME.TH.02.Gen.ReEx.001.001,es,0.3,1,ATTEMPTED,True,COMPLETED,0,0,0,39376.03710782048,4.348,True,False,False,07a6f68ec04b51dc5c42b0f185c7c723f26bfc6746ccbc206b3dec4a6616e359,
es__ES.ME.TH.02.Gen.ReEx.001.001__f030,ES.ME.TH.02.Gen.ReEx.001.001,es,0.3,2,ATTEMPTED,True,COMPLETED,0,0,0,38857.64359942059,4.415,True,False,False,632e02b0664f718a4f9bf56d5722e62954b3518a29f7fda8c63046babb41fa7f,
es__ES.ME.TH.02.Gen.ReEx.001.001__f030,ES.ME.TH.02.Gen.ReEx.001.001,es,0.3,3,ATTEMPTED,True,COMPLETED,0,0,0,39376.03710782048,4.731,True,False,False,e962007292228a60f92c0d919cf45abdc0645c8229c181c9c4b28ce41f58c855,
es__ES.ME.TH.02.Gen.ReEx.001.001__f050,ES.ME.TH.02.Gen.ReEx.001.001,es,0.5,1,ATTEMPTED,False,ENGINE_FAILED,1,1,1,None,0.595,False,False,False,35b0f5290ca24c7addb92f770302fa4cce8b290f8747bf115a467953bfc3e433,
es__ES.ME.TH.02.Gen.ReEx.001.001__f050,ES.ME.TH.02.Gen.ReEx.001.001,es,0.5,2,ATTEMPTED,True,COMPLETED,0,0,0,39365.71085761167,4.589,True,False,False,3dde6ea47519418c718971919c81c15a0e3b963baafc03b0207f99befd8f0468,
es__ES.ME.TH.02.Gen.ReEx.001.001__f050,ES.ME.TH.02.Gen.ReEx.001.001,es,0.5,3,ATTEMPTED,True,COMPLETED,0,0,0,39187.71517126321,4.628,True,False,False,a3227a8e8222a798afb7fed9a5d26b25a0eb4097cfdfa8aa0749638021805687,
es__ES.ME.TH.02.Gen.ReEx.001.001__f100,ES.ME.TH.02.Gen.ReEx.001.001,es,1.0,1,ATTEMPTED,True,COMPLETED,0,0,0,39341.564336243566,4.615,True,False,False,f137384c2842fbbd854fcb1a8c4bfb3ff1f0cb2b7bda0f2bab1ddbbc71441e43,
es__ES.ME.TH.02.Gen.ReEx.001.001__f100,ES.ME.TH.02.Gen.ReEx.001.001,es,1.0,2,ATTEMPTED,True,COMPLETED,0,0,0,39341.564336243566,4.653,True,False,False,8fa96d28c797d641e236c2fdd5b2adb4fc5ffed73f488372c1e47bbac9d4199a,
es__ES.ME.TH.02.Gen.ReEx.001.001__f100,ES.ME.TH.02.Gen.ReEx.001.001,es,1.0,3,ATTEMPTED,True,COMPLETED,0,0,0,39341.564336243566,4.65,True,False,False,611aeb1c587e453124d147f88207702a0727feec7d1dab0c2a95184a786eb68a,
es__ES.ME.TH.03.Gen.ReEx.001.001__f000,ES.ME.TH.03.Gen.ReEx.001.001,es,0.0,1,ATTEMPTED,True,COMPLETED,0,0,0,22118.183143292867,4.868,True,False,False,22c3a231f4568f773f568be12489a823c0e5d79c7d6cc916c8af6e7ddcb6331b,
es__ES.ME.TH.03.Gen.ReEx.001.001__f000,ES.ME.TH.03.Gen.ReEx.001.001,es,0.0,2,ATTEMPTED,True,COMPLETED,0,0,0,22118.183143292867,4.644,True,False,False,4136753c7ccfecc206e19bbde0359ee97329d2b723adfa5dccde96cb499d0687,
es__ES.ME.TH.03.Gen.ReEx.001.001__f000,ES.ME.TH.03.Gen.ReEx.001.001,es,0.0,3,ATTEMPTED,True,COMPLETED,0,0,0,22118.183143292867,4.694,True,False,False,895abef7abc735916caddfb572036f6f8561d57f95322038054fc8962381c690,
es__ES.ME.TH.03.Gen.ReEx.001.001__f015,ES.ME.TH.03.Gen.ReEx.001.001,es,0.15,1,ATTEMPTED,True,COMPLETED,0,0,0,22116.97623899346,4.708,True,False,False,b4131b360a8e501aa3353f0cd4002b0f5e6ebe4388257c540fa1e1e446e5a1cc,
es__ES.ME.TH.03.Gen.ReEx.001.001__f015,ES.ME.TH.03.Gen.ReEx.001.001,es,0.15,2,ATTEMPTED,True,COMPLETED,0,0,0,22116.97623899346,4.7,True,False,False,3280b4cc20903fd0328c3ddbf6c96fa2358aafbb77dd473a9a6a93df6244a074,
es__ES.ME.TH.03.Gen.ReEx.001.001__f015,ES.ME.TH.03.Gen.ReEx.001.001,es,0.15,3,ATTEMPTED,True,COMPLETED,0,0,0,22116.97623899346,4.611,True,False,False,17ed86bb2afe21cd26c988bdd51008d84c2651a734105b578f1684ba7c4c5f42,
es__ES.ME.TH.03.Gen.ReEx.001.001__f030,ES.ME.TH.03.Gen.ReEx.001.001,es,0.3,1,ATTEMPTED,True,COMPLETED,0,0,0,22115.818241544213,4.67,True,False,False,d0b67d1b8794ca1843b20e9121b5af09ccc3d48c0f9d62db50c34a5cdbb6998c,
es__ES.ME.TH.03.Gen.ReEx.001.001__f030,ES.ME.TH.03.Gen.ReEx.001.001,es,0.3,2,ATTEMPTED,True,COMPLETED,0,0,0,22115.818241544213,4.613,True,False,False,40bf5bc6fc9ce3a1fda9638cab18b8cf805dbfc31141d0b2b9681f5409393941,
es__ES.ME.TH.03.Gen.ReEx.001.001__f030,ES.ME.TH.03.Gen.ReEx.001.001,es,0.3,3,ATTEMPTED,True,COMPLETED,0,0,0,22115.818241544213,4.731,True,False,False,49434fb09c51a11931235a1495787734102b705a650bc10c5b71b52542aa6ebe,
es__ES.ME.TH.03.Gen.ReEx.001.001__f050,ES.ME.TH.03.Gen.ReEx.001.001,es,0.5,1,ATTEMPTED,True,COMPLETED,0,0,0,22114.340571058045,4.692,True,False,False,5742e3244acb823991e1325c88bff918c170a92f17fe40b49aab849400dd7215,
es__ES.ME.TH.03.Gen.ReEx.001.001__f050,ES.ME.TH.03.Gen.ReEx.001.001,es,0.5,2,ATTEMPTED,True,COMPLETED,0,0,0,22114.340571058045,4.611,True,False,False,bd586e87320172fd4803ec01434acf4211255084c6702925931f2226672ff484,
es__ES.ME.TH.03.Gen.ReEx.001.001__f050,ES.ME.TH.03.Gen.ReEx.001.001,es,0.5,3,ATTEMPTED,True,COMPLETED,0,0,0,22114.340571058045,4.715,True,False,False,50ec9daeb21323cc8563b5660a20e06ca8db667e7541224834b1a2b72af14e71,
es__ES.ME.TH.03.Gen.ReEx.001.001__f100,ES.ME.TH.03.Gen.ReEx.001.001,es,1.0,1,ATTEMPTED,True,COMPLETED,0,0,0,22111.108603364086,4.609,True,False,False,665487d2db01e2b0d0f11c3bf64debc7951f2cc3e9e6c6e25eda71bac6efc0d3,
es__ES.ME.TH.03.Gen.ReEx.001.001__f100,ES.ME.TH.03.Gen.ReEx.001.001,es,1.0,2,ATTEMPTED,True,COMPLETED,0,0,0,22111.108603364086,4.595,True,False,False,c30b5e248180c48b80222d00bfb62e3d9662c942ee4468e7d26df32ed32889e1,
es__ES.ME.TH.03.Gen.ReEx.001.001__f100,ES.ME.TH.03.Gen.ReEx.001.001,es,1.0,3,ATTEMPTED,True,COMPLETED,0,0,0,22111.108603364086,4.482,True,False,False,3ee83b7b4ac22fde3f2537704fe26ca58c76ad397d3de9c5afa9e8939ad74dee,
es__ES.ME.TH.04.Gen.ReEx.001.001__f000,ES.ME.TH.04.Gen.ReEx.001.001,es,0.0,1,ATTEMPTED,True,COMPLETED,0,0,0,36864.59124336357,4.006,True,False,False,d37bf002027364a65f003135d2e178e72e6b8c404c4b200594ae3c18dc995d7a,
es__ES.ME.TH.04.Gen.ReEx.001.001__f000,ES.ME.TH.04.Gen.ReEx.001.001,es,0.0,2,ATTEMPTED,True,COMPLETED,0,0,0,36461.2445356527,4.017,True,False,False,decfc3444c23a9dd4cded6c1853b6a369c18b478b420dc480879f85db8c185e1,
es__ES.ME.TH.04.Gen.ReEx.001.001__f000,ES.ME.TH.04.Gen.ReEx.001.001,es,0.0,3,ATTEMPTED,True,COMPLETED,0,0,0,36864.59124336357,4.192,True,False,False,755f2478339b1f3f58ff93bce815e97fa79b24ea0477ecdd5d104f63289f7374,
es__ES.ME.TH.04.Gen.ReEx.001.001__f015,ES.ME.TH.04.Gen.ReEx.001.001,es,0.15,1,ATTEMPTED,False,ENGINE_FAILED,1,1,1,None,0.595,False,False,False,e39d0678333f8b19d846a44f0ec23d1a6b1c743e177868497a910ad9e24e023e,
es__ES.ME.TH.04.Gen.ReEx.001.001__f015,ES.ME.TH.04.Gen.ReEx.001.001,es,0.15,2,ATTEMPTED,False,ENGINE_FAILED,1,1,1,None,0.595,False,False,False,f13749bab7bbd20fc4e54794aa7b839f0f9763c470c83444aa0b4f978beb4498,
es__ES.ME.TH.04.Gen.ReEx.001.001__f015,ES.ME.TH.04.Gen.ReEx.001.001,es,0.15,3,ATTEMPTED,True,COMPLETED,0,0,0,36467.70421032249,4.065,True,False,False,888a2be8b8d49f9d56ffb1580243ead2d5d927c492369cce93d00ab1d509239c,
es__ES.ME.TH.04.Gen.ReEx.001.001__f030,ES.ME.TH.04.Gen.ReEx.001.001,es,0.3,1,ATTEMPTED,True,COMPLETED,0,0,0,36864.825735885956,4.129,True,False,False,e5c2545e27866deb9b3ee5cbc04368aeb44a91c4cdde270350730047b5f1112d,
es__ES.ME.TH.04.Gen.ReEx.001.001__f030,ES.ME.TH.04.Gen.ReEx.001.001,es,0.3,2,ATTEMPTED,False,ENGINE_FAILED,1,1,1,None,0.593,False,False,False,8f8cf3e81adbf061820dc534ad50a471d75f2898d4b929019a719d7c5ee9af48,
es__ES.ME.TH.04.Gen.ReEx.001.001__f030,ES.ME.TH.04.Gen.ReEx.001.001,es,0.3,3,ATTEMPTED,True,COMPLETED,0,0,0,36103.07220622486,4.119,True,False,False,aeb94642bbd9c4eb812cff4081cf9441c1c25f6c7968dca09369b7090197f6bd,
es__ES.ME.TH.04.Gen.ReEx.001.001__f050,ES.ME.TH.04.Gen.ReEx.001.001,es,0.5,1,ATTEMPTED,True,COMPLETED,0,0,0,36865.69785802133,4.069,True,False,False,4c047699b5b17996787d3e69f3cf7747a031ce0f95081e2708b418fe019527f0,
es__ES.ME.TH.04.Gen.ReEx.001.001__f050,ES.ME.TH.04.Gen.ReEx.001.001,es,0.5,2,ATTEMPTED,True,COMPLETED,0,0,0,36865.69785802133,4.13,True,False,False,fc929dd0151b076e8084787ac7a3e5ea3a7a4deb918f12e12d193c72a17a49ee,
es__ES.ME.TH.04.Gen.ReEx.001.001__f050,ES.ME.TH.04.Gen.ReEx.001.001,es,0.5,3,ATTEMPTED,True,COMPLETED,0,0,0,36865.69785802133,4.003,True,False,False,6f9cd60fc0f3946b26ec5c1ff1ac72d00626d2c28bfa8a125180ce2aa888cf63,
es__ES.ME.TH.04.Gen.ReEx.001.001__f100,ES.ME.TH.04.Gen.ReEx.001.001,es,1.0,1,ATTEMPTED,True,COMPLETED,0,0,0,36869.666059148825,3.943,True,False,False,57c9ef6b17e5d98bce54d3948752cb4def0833981dce3184e50a5aaa30e82175,
es__ES.ME.TH.04.Gen.ReEx.001.001__f100,ES.ME.TH.04.Gen.ReEx.001.001,es,1.0,2,ATTEMPTED,True,COMPLETED,0,0,0,36617.562723219075,3.995,True,False,False,cd26d4029d6b1661e1dbf330e624c8a1f7754bc5fcfda7bb337075c8fd3bc98f,
es__ES.ME.TH.04.Gen.ReEx.001.001__f100,ES.ME.TH.04.Gen.ReEx.001.001,es,1.0,3,ATTEMPTED,False,ENGINE_FAILED,1,21,1,None,2.764,True,True,False,054ce808dee0f40574b2b41189572820bf503fe28d17836ed3d59cda66b0bb42,
es__ES.ME.TH.05.Gen.ReEx.001.001__f000,ES.ME.TH.05.Gen.ReEx.001.001,es,0.0,1,ATTEMPTED,True,COMPLETED,0,0,0,16973.64121111822,3.917,True,False,False,18bfae2dcd07eacb556db3db8da00ae4fe5c4d9ed74513e2c3d1adb425ff0629,
es__ES.ME.TH.05.Gen.ReEx.001.001__f000,ES.ME.TH.05.Gen.ReEx.001.001,es,0.0,2,ATTEMPTED,True,COMPLETED,0,0,0,16973.64121111822,3.9,True,False,False,76190329bc53ca51d1240c79fb809647a4f5607d513edba100183c14eec2d8ae,
es__ES.ME.TH.05.Gen.ReEx.001.001__f000,ES.ME.TH.05.Gen.ReEx.001.001,es,0.0,3,ATTEMPTED,True,COMPLETED,0,0,0,16599.800457206158,3.918,True,False,False,9cb351b560aca6a94f7a182a699f3fb191dbcf259064887095ce33b3e412075a,
es__ES.ME.TH.05.Gen.ReEx.001.001__f015,ES.ME.TH.05.Gen.ReEx.001.001,es,0.15,1,ATTEMPTED,True,COMPLETED,0,0,0,16968.393556649993,3.924,True,False,False,eeedd799dfaf3afb2898dc29242bdbf1aee24f3f429fcfd90d3eea0068e77dee,
es__ES.ME.TH.05.Gen.ReEx.001.001__f015,ES.ME.TH.05.Gen.ReEx.001.001,es,0.15,2,ATTEMPTED,False,ENGINE_FAILED,1,1,1,None,0.542,False,False,False,a22a984d2d83818b6d8c8b2bc579509dc899b645647439d273d0ee0a2b777697,
es__ES.ME.TH.05.Gen.ReEx.001.001__f015,ES.ME.TH.05.Gen.ReEx.001.001,es,0.15,3,ATTEMPTED,True,COMPLETED,0,0,0,16968.393556649993,3.95,True,False,False,3f9ff8575c5318d07e0430568d615f7922bcef7f0058d7b54b49c96f0eaa25e7,
es__ES.ME.TH.05.Gen.ReEx.001.001__f030,ES.ME.TH.05.Gen.ReEx.001.001,es,0.3,1,ATTEMPTED,True,COMPLETED,0,0,0,16964.251499743677,3.948,True,False,False,7e009a68d41a1925f6834b582d648c0bdd69a65e30489066a2b867a78d0c9642,
es__ES.ME.TH.05.Gen.ReEx.001.001__f030,ES.ME.TH.05.Gen.ReEx.001.001,es,0.3,2,ATTEMPTED,True,COMPLETED,0,0,0,16964.251499743677,3.894,True,False,False,10ce959ad27c4be6b79192684904d24d4ea479d6b02647632ab246d10e84e327,
es__ES.ME.TH.05.Gen.ReEx.001.001__f030,ES.ME.TH.05.Gen.ReEx.001.001,es,0.3,3,ATTEMPTED,True,COMPLETED,0,0,0,16964.251499743677,3.921,True,False,False,6beaa95bcd50871afda86a02dc44e1c8ad23f516b032b2152d7028eb61497948,
es__ES.ME.TH.05.Gen.ReEx.001.001__f050,ES.ME.TH.05.Gen.ReEx.001.001,es,0.5,1,ATTEMPTED,False,ENGINE_FAILED,1,1,1,None,0.536,False,False,False,772376d408654235a90206ee1db1f6e9b6799a67c05a2d4e15276f34287f461e,
es__ES.ME.TH.05.Gen.ReEx.001.001__f050,ES.ME.TH.05.Gen.ReEx.001.001,es,0.5,2,ATTEMPTED,True,COMPLETED,0,0,0,16960.40592794378,3.989,True,False,False,dbabcf8136e73813a6bdeb16883453fff0f0f79fff10c6f38c3a73470cfc0438,
es__ES.ME.TH.05.Gen.ReEx.001.001__f050,ES.ME.TH.05.Gen.ReEx.001.001,es,0.5,3,ATTEMPTED,True,COMPLETED,0,0,0,16499.976096412873,4.079,True,False,False,60abd1f76872be8dc1494ac2a147e38e88130a1b108239de9fcf53852a30ef88,
es__ES.ME.TH.05.Gen.ReEx.001.001__f100,ES.ME.TH.05.Gen.ReEx.001.001,es,1.0,1,ATTEMPTED,True,COMPLETED,0,0,0,16960.12891234637,4.037,True,False,False,bd0e9e4df656ca7f5e600f7ccc51a332887ad027953a33196444247aa9e7f392,
es__ES.ME.TH.05.Gen.ReEx.001.001__f100,ES.ME.TH.05.Gen.ReEx.001.001,es,1.0,2,ATTEMPTED,True,COMPLETED,0,0,0,16960.12891234637,3.866,True,False,False,b95e0434c269f464c2b4f2f4f10d80f823f490dd4849ba15440689235a425d22,
es__ES.ME.TH.05.Gen.ReEx.001.001__f100,ES.ME.TH.05.Gen.ReEx.001.001,es,1.0,3,ATTEMPTED,True,COMPLETED,0,0,0,16645.537294778744,3.962,True,False,False,415330579df87fea05586fcc3748a2015796939f38f99b59d7b4a51185f3aaa6,
es__ES.ME.TH.06.Gen.ReEx.001.001__f000,ES.ME.TH.06.Gen.ReEx.001.001,es,0.0,1,ATTEMPTED,True,COMPLETED,0,0,0,8502.092195243138,4.234,True,False,False,8bf6fe5147e2430489112a61c5c031d710c9fe3a839272e845289b5fb210d22c,
es__ES.ME.TH.06.Gen.ReEx.001.001__f000,ES.ME.TH.06.Gen.ReEx.001.001,es,0.0,2,ATTEMPTED,True,COMPLETED,0,0,0,8502.092195243138,4.214,True,False,False,4892ab2c9cd126c93d963600e8017efe534cf8f5b5ad23f61792947aab68b310,
es__ES.ME.TH.06.Gen.ReEx.001.001__f000,ES.ME.TH.06.Gen.ReEx.001.001,es,0.0,3,ATTEMPTED,True,COMPLETED,0,0,0,8502.092195243138,4.141,True,False,False,bbad3cf80364c0fd07e12ecf4c37d2b45a965f9d9d60f5fe082883ef35d88ffb,
es__ES.ME.TH.06.Gen.ReEx.001.001__f015,ES.ME.TH.06.Gen.ReEx.001.001,es,0.15,1,ATTEMPTED,True,COMPLETED,0,0,0,8498.394975049547,4.139,True,False,False,8798950535286157abcfd8a3ddd7010cfa0aa106e29e625c8cd2c9fc5704e8df,
es__ES.ME.TH.06.Gen.ReEx.001.001__f015,ES.ME.TH.06.Gen.ReEx.001.001,es,0.15,2,ATTEMPTED,True,COMPLETED,0,0,0,8498.394975049547,4.211,True,False,False,f9bdf83fcc4e2489e8376769236e87046fc288e08fc6ecdf7aba9f2b55974692,
es__ES.ME.TH.06.Gen.ReEx.001.001__f015,ES.ME.TH.06.Gen.ReEx.001.001,es,0.15,3,ATTEMPTED,True,COMPLETED,0,0,0,8498.394975049547,4.143,True,False,False,e29b1a87360edca52ebe910fe1e789e2747ecffc2ad3019811cdbbb1c3b3e88b,
es__ES.ME.TH.06.Gen.ReEx.001.001__f030,ES.ME.TH.06.Gen.ReEx.001.001,es,0.3,1,ATTEMPTED,False,ENGINE_FAILED,1,1,1,None,0.61,False,False,False,dfd48292db218f97febb2eda6afb8b950b456833d8fcea1d955c73c5113a4447,
es__ES.ME.TH.06.Gen.ReEx.001.001__f030,ES.ME.TH.06.Gen.ReEx.001.001,es,0.3,2,ATTEMPTED,True,COMPLETED,0,0,0,8495.164754396546,4.134,True,False,False,92e11a260fa1c1aa3e2fe4324ad8910e8ceed7ea31636c8363a71e10f7d5c310,
es__ES.ME.TH.06.Gen.ReEx.001.001__f030,ES.ME.TH.06.Gen.ReEx.001.001,es,0.3,3,ATTEMPTED,True,COMPLETED,0,0,0,8495.164754396546,4.108,True,False,False,dc47fc947af5f9bbbb8c46bda5d5c66b5753006dd4bfde94c572108556f19823,
es__ES.ME.TH.06.Gen.ReEx.001.001__f050,ES.ME.TH.06.Gen.ReEx.001.001,es,0.5,1,ATTEMPTED,True,COMPLETED,0,0,0,8491.544194449492,4.005,True,False,False,1b2ec82f84ea0237f154059b6da651715bb9600a05a6404e37618450cee730e7,
es__ES.ME.TH.06.Gen.ReEx.001.001__f050,ES.ME.TH.06.Gen.ReEx.001.001,es,0.5,2,ATTEMPTED,True,COMPLETED,0,0,0,8491.544194449492,4.005,True,False,False,812618146ed48b641b26307f8a8bfcd25b0ccf34e255b421e829e9e3c1436043,
es__ES.ME.TH.06.Gen.ReEx.001.001__f050,ES.ME.TH.06.Gen.ReEx.001.001,es,0.5,3,ATTEMPTED,True,COMPLETED,0,0,0,8491.544194449492,4.096,True,False,False,a9a78ea33ab366a63ddb683082cd301ba2f8ec2ca7da96d8a8b92669a64403cc,
es__ES.ME.TH.06.Gen.ReEx.001.001__f100,ES.ME.TH.06.Gen.ReEx.001.001,es,1.0,1,ATTEMPTED,True,COMPLETED,0,0,0,8486.532844385672,4.093,True,False,False,b2f7e098dfbdee99d796f096c69c5bd2e4be8a06e3d85db5c03e223e0e672527,
es__ES.ME.TH.06.Gen.ReEx.001.001__f100,ES.ME.TH.06.Gen.ReEx.001.001,es,1.0,2,ATTEMPTED,True,COMPLETED,0,0,0,8486.532844385672,3.91,True,False,False,fabb3d1e53aa7dd36f26969d79d416a14a74c81ee93e10a4584473f880683291,
es__ES.ME.TH.06.Gen.ReEx.001.001__f100,ES.ME.TH.06.Gen.ReEx.001.001,es,1.0,3,ATTEMPTED,True,COMPLETED,0,0,0,8486.532844385672,3.983,True,False,False,c8e34301b365d621f7db0bd6b8803234d3ebf1be17244ee36dadd23670c86dd2,
uk__GB.ENG.AB.01.ApartmentBuildings.SyAv.001.001__f000,GB.ENG.AB.01.ApartmentBuildings.SyAv.001.001,uk,0.0,1,BUILD_REFUSED,,,,,,,0.028,False,False,False,,ValueError: S0 openings require an exterior (b=1) Wall_1 host
uk__GB.ENG.AB.01.ApartmentBuildings.SyAv.001.001__f000,GB.ENG.AB.01.ApartmentBuildings.SyAv.001.001,uk,0.0,2,BUILD_REFUSED,,,,,,,0.029,False,False,False,,ValueError: S0 openings require an exterior (b=1) Wall_1 host
uk__GB.ENG.AB.01.ApartmentBuildings.SyAv.001.001__f000,GB.ENG.AB.01.ApartmentBuildings.SyAv.001.001,uk,0.0,3,BUILD_REFUSED,,,,,,,0.027,False,False,False,,ValueError: S0 openings require an exterior (b=1) Wall_1 host
uk__GB.ENG.AB.01.ApartmentBuildings.SyAv.001.001__f015,GB.ENG.AB.01.ApartmentBuildings.SyAv.001.001,uk,0.15,1,BUILD_REFUSED,,,,,,,0.037,False,False,False,,ValueError: S0 openings require an exterior (b=1) Wall_1 host
uk__GB.ENG.AB.01.ApartmentBuildings.SyAv.001.001__f015,GB.ENG.AB.01.ApartmentBuildings.SyAv.001.001,uk,0.15,2,BUILD_REFUSED,,,,,,,0.034,False,False,False,,ValueError: S0 openings require an exterior (b=1) Wall_1 host
uk__GB.ENG.AB.01.ApartmentBuildings.SyAv.001.001__f015,GB.ENG.AB.01.ApartmentBuildings.SyAv.001.001,uk,0.15,3,BUILD_REFUSED,,,,,,,0.033,False,False,False,,ValueError: S0 openings require an exterior (b=1) Wall_1 host
uk__GB.ENG.AB.01.ApartmentBuildings.SyAv.001.001__f030,GB.ENG.AB.01.ApartmentBuildings.SyAv.001.001,uk,0.3,1,BUILD_REFUSED,,,,,,,0.039,False,False,False,,ValueError: S0 openings require an exterior (b=1) Wall_1 host
uk__GB.ENG.AB.01.ApartmentBuildings.SyAv.001.001__f030,GB.ENG.AB.01.ApartmentBuildings.SyAv.001.001,uk,0.3,2,BUILD_REFUSED,,,,,,,0.039,False,False,False,,ValueError: S0 openings require an exterior (b=1) Wall_1 host
uk__GB.ENG.AB.01.ApartmentBuildings.SyAv.001.001__f030,GB.ENG.AB.01.ApartmentBuildings.SyAv.001.001,uk,0.3,3,BUILD_REFUSED,,,,,,,0.031,False,False,False,,ValueError: S0 openings require an exterior (b=1) Wall_1 host
uk__GB.ENG.AB.01.ApartmentBuildings.SyAv.001.001__f050,GB.ENG.AB.01.ApartmentBuildings.SyAv.001.001,uk,0.5,1,BUILD_REFUSED,,,,,,,0.033,False,False,False,,ValueError: S0 openings require an exterior (b=1) Wall_1 host
uk__GB.ENG.AB.01.ApartmentBuildings.SyAv.001.001__f050,GB.ENG.AB.01.ApartmentBuildings.SyAv.001.001,uk,0.5,2,BUILD_REFUSED,,,,,,,0.036,False,False,False,,ValueError: S0 openings require an exterior (b=1) Wall_1 host
uk__GB.ENG.AB.01.ApartmentBuildings.SyAv.001.001__f050,GB.ENG.AB.01.ApartmentBuildings.SyAv.001.001,uk,0.5,3,BUILD_REFUSED,,,,,,,0.032,False,False,False,,ValueError: S0 openings require an exterior (b=1) Wall_1 host
uk__GB.ENG.AB.01.ApartmentBuildings.SyAv.001.001__f100,GB.ENG.AB.01.ApartmentBuildings.SyAv.001.001,uk,1.0,1,BUILD_REFUSED,,,,,,,0.032,False,False,False,,ValueError: S0 openings require an exterior (b=1) Wall_1 host
uk__GB.ENG.AB.01.ApartmentBuildings.SyAv.001.001__f100,GB.ENG.AB.01.ApartmentBuildings.SyAv.001.001,uk,1.0,2,BUILD_REFUSED,,,,,,,0.032,False,False,False,,ValueError: S0 openings require an exterior (b=1) Wall_1 host
uk__GB.ENG.AB.01.ApartmentBuildings.SyAv.001.001__f100,GB.ENG.AB.01.ApartmentBuildings.SyAv.001.001,uk,1.0,3,BUILD_REFUSED,,,,,,,0.033,False,False,False,,ValueError: S0 openings require an exterior (b=1) Wall_1 host
uk__GB.ENG.AB.02-03.ApartmentBuildings.SyAv.002.001__f000,GB.ENG.AB.02-03.ApartmentBuildings.SyAv.002.001,uk,0.0,1,BUILD_REFUSED,,,,,,,0.027,False,False,False,,ValueError: S0 openings require an exterior (b=1) Wall_1 host
uk__GB.ENG.AB.02-03.ApartmentBuildings.SyAv.002.001__f000,GB.ENG.AB.02-03.ApartmentBuildings.SyAv.002.001,uk,0.0,2,BUILD_REFUSED,,,,,,,0.029,False,False,False,,ValueError: S0 openings require an exterior (b=1) Wall_1 host
uk__GB.ENG.AB.02-03.ApartmentBuildings.SyAv.002.001__f000,GB.ENG.AB.02-03.ApartmentBuildings.SyAv.002.001,uk,0.0,3,BUILD_REFUSED,,,,,,,0.028,False,False,False,,ValueError: S0 openings require an exterior (b=1) Wall_1 host
uk__GB.ENG.AB.02-03.ApartmentBuildings.SyAv.002.001__f015,GB.ENG.AB.02-03.ApartmentBuildings.SyAv.002.001,uk,0.15,1,BUILD_REFUSED,,,,,,,0.032,False,False,False,,ValueError: S0 openings require an exterior (b=1) Wall_1 host
uk__GB.ENG.AB.02-03.ApartmentBuildings.SyAv.002.001__f015,GB.ENG.AB.02-03.ApartmentBuildings.SyAv.002.001,uk,0.15,2,BUILD_REFUSED,,,,,,,0.03,False,False,False,,ValueError: S0 openings require an exterior (b=1) Wall_1 host
uk__GB.ENG.AB.02-03.ApartmentBuildings.SyAv.002.001__f015,GB.ENG.AB.02-03.ApartmentBuildings.SyAv.002.001,uk,0.15,3,BUILD_REFUSED,,,,,,,0.087,False,False,False,,ValueError: S0 openings require an exterior (b=1) Wall_1 host
uk__GB.ENG.AB.02-03.ApartmentBuildings.SyAv.002.001__f030,GB.ENG.AB.02-03.ApartmentBuildings.SyAv.002.001,uk,0.3,1,BUILD_REFUSED,,,,,,,0.031,False,False,False,,ValueError: S0 openings require an exterior (b=1) Wall_1 host
uk__GB.ENG.AB.02-03.ApartmentBuildings.SyAv.002.001__f030,GB.ENG.AB.02-03.ApartmentBuildings.SyAv.002.001,uk,0.3,2,BUILD_REFUSED,,,,,,,0.031,False,False,False,,ValueError: S0 openings require an exterior (b=1) Wall_1 host
uk__GB.ENG.AB.02-03.ApartmentBuildings.SyAv.002.001__f030,GB.ENG.AB.02-03.ApartmentBuildings.SyAv.002.001,uk,0.3,3,BUILD_REFUSED,,,,,,,0.032,False,False,False,,ValueError: S0 openings require an exterior (b=1) Wall_1 host
uk__GB.ENG.AB.02-03.ApartmentBuildings.SyAv.002.001__f050,GB.ENG.AB.02-03.ApartmentBuildings.SyAv.002.001,uk,0.5,1,BUILD_REFUSED,,,,,,,0.033,False,False,False,,ValueError: S0 openings require an exterior (b=1) Wall_1 host
uk__GB.ENG.AB.02-03.ApartmentBuildings.SyAv.002.001__f050,GB.ENG.AB.02-03.ApartmentBuildings.SyAv.002.001,uk,0.5,2,BUILD_REFUSED,,,,,,,0.034,False,False,False,,ValueError: S0 openings require an exterior (b=1) Wall_1 host
uk__GB.ENG.AB.02-03.ApartmentBuildings.SyAv.002.001__f050,GB.ENG.AB.02-03.ApartmentBuildings.SyAv.002.001,uk,0.5,3,BUILD_REFUSED,,,,,,,0.032,False,False,False,,ValueError: S0 openings require an exterior (b=1) Wall_1 host
uk__GB.ENG.AB.02-03.ApartmentBuildings.SyAv.002.001__f100,GB.ENG.AB.02-03.ApartmentBuildings.SyAv.002.001,uk,1.0,1,BUILD_REFUSED,,,,,,,0.084,False,False,False,,ValueError: S0 openings require an exterior (b=1) Wall_1 host
uk__GB.ENG.AB.02-03.ApartmentBuildings.SyAv.002.001__f100,GB.ENG.AB.02-03.ApartmentBuildings.SyAv.002.001,uk,1.0,2,BUILD_REFUSED,,,,,,,0.031,False,False,False,,ValueError: S0 openings require an exterior (b=1) Wall_1 host
uk__GB.ENG.AB.02-03.ApartmentBuildings.SyAv.002.001__f100,GB.ENG.AB.02-03.ApartmentBuildings.SyAv.002.001,uk,1.0,3,BUILD_REFUSED,,,,,,,0.034,False,False,False,,ValueError: S0 openings require an exterior (b=1) Wall_1 host
uk__GB.ENG.AB.03.Gen.ReEx.001.001__f000,GB.ENG.AB.03.Gen.ReEx.001.001,uk,0.0,1,ATTEMPTED,True,COMPLETED,0,0,0,429473.85527543706,3.95,False,False,False,04d5824814d2ab6e8793379384cacc4cb0a6bea57fc91b87576ad0b25e97bd9c,
uk__GB.ENG.AB.03.Gen.ReEx.001.001__f000,GB.ENG.AB.03.Gen.ReEx.001.001,uk,0.0,2,ATTEMPTED,True,COMPLETED,0,0,0,429473.85527543706,3.893,False,False,False,d2573115016fecdb506413eafaeed0cb00a3517b4d0dd002169a0c54de75a2bd,
uk__GB.ENG.AB.03.Gen.ReEx.001.001__f000,GB.ENG.AB.03.Gen.ReEx.001.001,uk,0.0,3,ATTEMPTED,True,COMPLETED,0,0,0,429473.85527543706,4.059,False,False,False,f436d54d48fff033691225cb6bb7c9b0139267306a7e0501b84b8b61f11dc4ea,
uk__GB.ENG.AB.03.Gen.ReEx.001.001__f015,GB.ENG.AB.03.Gen.ReEx.001.001,uk,0.15,1,ATTEMPTED,True,COMPLETED,0,0,0,429392.13799432793,3.915,False,False,False,72f66e29d667181109bec4b147ee97dfcbbb2e21a1d94c16ace87681bec2258b,
uk__GB.ENG.AB.03.Gen.ReEx.001.001__f015,GB.ENG.AB.03.Gen.ReEx.001.001,uk,0.15,2,ATTEMPTED,True,COMPLETED,0,0,0,429392.13799432793,4.078,False,False,False,9128cf34721bdcec9393f3b9607179c4ed9581c89d0342209d51be7ead57ad9c,
uk__GB.ENG.AB.03.Gen.ReEx.001.001__f015,GB.ENG.AB.03.Gen.ReEx.001.001,uk,0.15,3,ATTEMPTED,True,COMPLETED,0,0,0,429392.13799432793,3.913,False,False,False,0b2bb9b02f20dc29755152f936e2aa0f3e216d19e0237e8fe05472a301cc79dc,
uk__GB.ENG.AB.03.Gen.ReEx.001.001__f030,GB.ENG.AB.03.Gen.ReEx.001.001,uk,0.3,1,ATTEMPTED,True,COMPLETED,0,0,0,429317.3883704744,3.993,False,False,False,9485365c789b203f348da318ed18d7296b6238536415e813c1a72d8f13f32eec,
uk__GB.ENG.AB.03.Gen.ReEx.001.001__f030,GB.ENG.AB.03.Gen.ReEx.001.001,uk,0.3,2,ATTEMPTED,True,COMPLETED,0,0,0,429317.3883704744,3.989,False,False,False,75c41c4da4e63410ffe4b90d0480ed5c11a7643af3dec6e7e0e80b4e28170719,
uk__GB.ENG.AB.03.Gen.ReEx.001.001__f030,GB.ENG.AB.03.Gen.ReEx.001.001,uk,0.3,3,ATTEMPTED,True,COMPLETED,0,0,0,429317.3883704744,4.0,False,False,False,1aaf55f86268feb5ebf1ceeded18daa0b9f5aab742237ec975a53781e26f4a6b,
uk__GB.ENG.AB.03.Gen.ReEx.001.001__f050,GB.ENG.AB.03.Gen.ReEx.001.001,uk,0.5,1,ATTEMPTED,True,COMPLETED,0,0,0,429228.3912597699,4.167,False,False,False,2936591a07b81f16bbab5ca527c7295e16a6ce0f4d3b1a5343764397dcec40b5,
uk__GB.ENG.AB.03.Gen.ReEx.001.001__f050,GB.ENG.AB.03.Gen.ReEx.001.001,uk,0.5,2,ATTEMPTED,False,ENGINE_FAILED,1,1,1,None,0.516,False,False,False,b79da5514d9e1c67eb05698a37d0bbe069f2562122839ad8557fcb40bf8b3d6d,
uk__GB.ENG.AB.03.Gen.ReEx.001.001__f050,GB.ENG.AB.03.Gen.ReEx.001.001,uk,0.5,3,ATTEMPTED,True,COMPLETED,0,0,0,429228.3912597699,3.994,False,False,False,929007930af1a5dc3d828e534b254740c6d180c0e39b393679e2c9109f7b4c3b,
uk__GB.ENG.AB.03.Gen.ReEx.001.001__f100,GB.ENG.AB.03.Gen.ReEx.001.001,uk,1.0,1,ATTEMPTED,True,COMPLETED,0,0,0,429061.3701589201,4.021,False,False,False,2b7152e8887da632e0cfab4b56cc2979f2268229a39e76fd1ca4a12b102c656c,
uk__GB.ENG.AB.03.Gen.ReEx.001.001__f100,GB.ENG.AB.03.Gen.ReEx.001.001,uk,1.0,2,ATTEMPTED,True,COMPLETED,0,0,0,429061.3701589201,4.006,False,False,False,507a9b977a505302f85c5deac17799fca603c02fa87d5a76bad18f1bb9adbeba,
uk__GB.ENG.AB.03.Gen.ReEx.001.001__f100,GB.ENG.AB.03.Gen.ReEx.001.001,uk,1.0,3,ATTEMPTED,False,ENGINE_FAILED,1,1,1,None,0.528,False,False,False,5ea9e010557ba15f458a92f3241ecdc37d46239ef1f53a5159f32da73a9a43d1,
uk__GB.ENG.AB.04-08.ApartmentBuildings.SyAv.005.001__f000,GB.ENG.AB.04-08.ApartmentBuildings.SyAv.005.001,uk,0.0,1,BUILD_REFUSED,,,,,,,0.03,False,False,False,,ValueError: S0 openings require an exterior (b=1) Wall_1 host
uk__GB.ENG.AB.04-08.ApartmentBuildings.SyAv.005.001__f000,GB.ENG.AB.04-08.ApartmentBuildings.SyAv.005.001,uk,0.0,2,BUILD_REFUSED,,,,,,,0.028,False,False,False,,ValueError: S0 openings require an exterior (b=1) Wall_1 host
uk__GB.ENG.AB.04-08.ApartmentBuildings.SyAv.005.001__f000,GB.ENG.AB.04-08.ApartmentBuildings.SyAv.005.001,uk,0.0,3,BUILD_REFUSED,,,,,,,0.03,False,False,False,,ValueError: S0 openings require an exterior (b=1) Wall_1 host
uk__GB.ENG.AB.04-08.ApartmentBuildings.SyAv.005.001__f015,GB.ENG.AB.04-08.ApartmentBuildings.SyAv.005.001,uk,0.15,1,BUILD_REFUSED,,,,,,,0.033,False,False,False,,ValueError: S0 openings require an exterior (b=1) Wall_1 host
uk__GB.ENG.AB.04-08.ApartmentBuildings.SyAv.005.001__f015,GB.ENG.AB.04-08.ApartmentBuildings.SyAv.005.001,uk,0.15,2,BUILD_REFUSED,,,,,,,0.033,False,False,False,,ValueError: S0 openings require an exterior (b=1) Wall_1 host
uk__GB.ENG.AB.04-08.ApartmentBuildings.SyAv.005.001__f015,GB.ENG.AB.04-08.ApartmentBuildings.SyAv.005.001,uk,0.15,3,BUILD_REFUSED,,,,,,,0.033,False,False,False,,ValueError: S0 openings require an exterior (b=1) Wall_1 host
uk__GB.ENG.AB.04-08.ApartmentBuildings.SyAv.005.001__f030,GB.ENG.AB.04-08.ApartmentBuildings.SyAv.005.001,uk,0.3,1,BUILD_REFUSED,,,,,,,0.032,False,False,False,,ValueError: S0 openings require an exterior (b=1) Wall_1 host
uk__GB.ENG.AB.04-08.ApartmentBuildings.SyAv.005.001__f030,GB.ENG.AB.04-08.ApartmentBuildings.SyAv.005.001,uk,0.3,2,BUILD_REFUSED,,,,,,,0.028,False,False,False,,ValueError: S0 openings require an exterior (b=1) Wall_1 host
uk__GB.ENG.AB.04-08.ApartmentBuildings.SyAv.005.001__f030,GB.ENG.AB.04-08.ApartmentBuildings.SyAv.005.001,uk,0.3,3,BUILD_REFUSED,,,,,,,0.031,False,False,False,,ValueError: S0 openings require an exterior (b=1) Wall_1 host
uk__GB.ENG.AB.04-08.ApartmentBuildings.SyAv.005.001__f050,GB.ENG.AB.04-08.ApartmentBuildings.SyAv.005.001,uk,0.5,1,BUILD_REFUSED,,,,,,,0.038,False,False,False,,ValueError: S0 openings require an exterior (b=1) Wall_1 host
uk__GB.ENG.AB.04-08.ApartmentBuildings.SyAv.005.001__f050,GB.ENG.AB.04-08.ApartmentBuildings.SyAv.005.001,uk,0.5,2,BUILD_REFUSED,,,,,,,0.029,False,False,False,,ValueError: S0 openings require an exterior (b=1) Wall_1 host
uk__GB.ENG.AB.04-08.ApartmentBuildings.SyAv.005.001__f050,GB.ENG.AB.04-08.ApartmentBuildings.SyAv.005.001,uk,0.5,3,BUILD_REFUSED,,,,,,,0.03,False,False,False,,ValueError: S0 openings require an exterior (b=1) Wall_1 host
uk__GB.ENG.AB.04-08.ApartmentBuildings.SyAv.005.001__f100,GB.ENG.AB.04-08.ApartmentBuildings.SyAv.005.001,uk,1.0,1,BUILD_REFUSED,,,,,,,0.031,False,False,False,,ValueError: S0 openings require an exterior (b=1) Wall_1 host
uk__GB.ENG.AB.04-08.ApartmentBuildings.SyAv.005.001__f100,GB.ENG.AB.04-08.ApartmentBuildings.SyAv.005.001,uk,1.0,2,BUILD_REFUSED,,,,,,,0.033,False,False,False,,ValueError: S0 openings require an exterior (b=1) Wall_1 host
uk__GB.ENG.AB.04-08.ApartmentBuildings.SyAv.005.001__f100,GB.ENG.AB.04-08.ApartmentBuildings.SyAv.005.001,uk,1.0,3,BUILD_REFUSED,,,,,,,0.03,False,False,False,,ValueError: S0 openings require an exterior (b=1) Wall_1 host
uk__GB.ENG.AB.04.Gen.ReEx.001.001__f000,GB.ENG.AB.04.Gen.ReEx.001.001,uk,0.0,1,ATTEMPTED,True,COMPLETED,0,0,0,433452.7570771275,4.199,False,False,False,7cd2ad7fc0680bab5ce9c5e95d30cd0d45bfbe624b7c1918ae85fd8d4910710c,
uk__GB.ENG.AB.04.Gen.ReEx.001.001__f000,GB.ENG.AB.04.Gen.ReEx.001.001,uk,0.0,2,ATTEMPTED,True,COMPLETED,0,0,0,433452.7570771275,4.067,False,False,False,567393945c4912a8d3aab4d0effd613f621e45dcbacaadc72798024b5a41e472,
uk__GB.ENG.AB.04.Gen.ReEx.001.001__f000,GB.ENG.AB.04.Gen.ReEx.001.001,uk,0.0,3,ATTEMPTED,True,COMPLETED,0,0,0,433452.7570771275,4.091,False,False,False,4615ef2ad2b628a5e4981597686d8a9d15076e4b11412b6a699b3913d80575b5,
uk__GB.ENG.AB.04.Gen.ReEx.001.001__f015,GB.ENG.AB.04.Gen.ReEx.001.001,uk,0.15,1,ATTEMPTED,True,COMPLETED,0,0,0,433347.314318405,3.947,False,False,False,f76dac2fe6184227b12dad6d5b9aac7abbed5f8ead30dd30b393bbeda7a6bf11,
uk__GB.ENG.AB.04.Gen.ReEx.001.001__f015,GB.ENG.AB.04.Gen.ReEx.001.001,uk,0.15,2,ATTEMPTED,True,COMPLETED,0,0,0,433347.314318405,4.169,False,False,False,aa74e70aa18f87eefa703cde065454f34b26d4cee8b08f8d2a25bba52bcdd180,
uk__GB.ENG.AB.04.Gen.ReEx.001.001__f015,GB.ENG.AB.04.Gen.ReEx.001.001,uk,0.15,3,ATTEMPTED,True,COMPLETED,0,0,0,433347.314318405,4.064,False,False,False,3a94718afd6dc13ba261dbe1592e6bd8c9ced534ff363633b46d33e48463810e,
uk__GB.ENG.AB.04.Gen.ReEx.001.001__f030,GB.ENG.AB.04.Gen.ReEx.001.001,uk,0.3,1,ATTEMPTED,True,COMPLETED,0,0,0,433252.1658912537,4.07,False,False,False,2c406d108572b7e207c0b2ccd3d828ff20cb8ed159b759d3ddb185b0a73a5792,
uk__GB.ENG.AB.04.Gen.ReEx.001.001__f030,GB.ENG.AB.04.Gen.ReEx.001.001,uk,0.3,2,ATTEMPTED,True,COMPLETED,0,0,0,433252.1658912537,4.042,False,False,False,36e03c004028191dda8216e75825188e0d32ec2df5d7fd72dd08545379923bcb,
uk__GB.ENG.AB.04.Gen.ReEx.001.001__f030,GB.ENG.AB.04.Gen.ReEx.001.001,uk,0.3,3,ATTEMPTED,True,COMPLETED,0,0,0,433252.1658912537,4.004,False,False,False,fa17e4c6c8036a476bfbfdb63365af004effae4f6adf8aeda3a0406fa7ed89e2,
uk__GB.ENG.AB.04.Gen.ReEx.001.001__f050,GB.ENG.AB.04.Gen.ReEx.001.001,uk,0.5,1,ATTEMPTED,True,COMPLETED,0,0,0,433140.81512082176,3.98,False,False,False,c4d1ccc426510c8c2d388fbe2acb29859d407b2b1ce664be8e632c5a4836f7ce,
uk__GB.ENG.AB.04.Gen.ReEx.001.001__f050,GB.ENG.AB.04.Gen.ReEx.001.001,uk,0.5,2,ATTEMPTED,True,COMPLETED,0,0,0,433140.81512082176,4.041,False,False,False,ca31b6197238a94e7e17a5ccd10981599595c40c36c7532a8e812071d55804eb,
uk__GB.ENG.AB.04.Gen.ReEx.001.001__f050,GB.ENG.AB.04.Gen.ReEx.001.001,uk,0.5,3,ATTEMPTED,True,COMPLETED,0,0,0,433140.81512082176,4.125,False,False,False,94d75801e5f83aae930bb5a278f86928083eff9aa66f1653a1cdd50c3f0a6d3c,
uk__GB.ENG.AB.04.Gen.ReEx.001.001__f100,GB.ENG.AB.04.Gen.ReEx.001.001,uk,1.0,1,ATTEMPTED,True,COMPLETED,0,28,0,89797.19053931667,5.043,False,True,False,9bd7217695ba11740cf06d2e41e15b5093932722c30557dce6ee47a4dd4dc9b9,
uk__GB.ENG.AB.04.Gen.ReEx.001.001__f100,GB.ENG.AB.04.Gen.ReEx.001.001,uk,1.0,2,ATTEMPTED,True,COMPLETED,0,0,0,432915.0504708593,4.057,False,False,False,1b47a9879275f271efb3d272845917c93b1da2f6f2c9ab8d7e5012ca1ea9b7e8,
uk__GB.ENG.AB.04.Gen.ReEx.001.001__f100,GB.ENG.AB.04.Gen.ReEx.001.001,uk,1.0,3,ATTEMPTED,True,COMPLETED,0,0,0,432915.0504708593,4.206,False,False,False,5b5c2c989a9fa4d255de8ed218c13afe02b2f1f68d3a925157f04f34ce20ac70,
uk__GB.ENG.AB.07.Gen.ReEx.001.001__f000,GB.ENG.AB.07.Gen.ReEx.001.001,uk,0.0,1,ATTEMPTED,True,COMPLETED,0,0,0,182846.79105148962,4.092,False,False,False,4edcdc0bc7dea3b607cee1ff7f81ba8e4ff74ac2c70217761a6afd61cb66b46e,
uk__GB.ENG.AB.07.Gen.ReEx.001.001__f000,GB.ENG.AB.07.Gen.ReEx.001.001,uk,0.0,2,ATTEMPTED,True,COMPLETED,0,0,0,182846.79105148962,4.033,False,False,False,4a37f5def3584c891491abaf5a8410bfd870778dcdac06d45807f84407b117d0,
uk__GB.ENG.AB.07.Gen.ReEx.001.001__f000,GB.ENG.AB.07.Gen.ReEx.001.001,uk,0.0,3,ATTEMPTED,True,COMPLETED,0,0,0,182846.79105148962,4.073,False,False,False,dfbb23678f31de805417836155ab968b66dc1a1e9dabbecdff4296b45007ad7d,
uk__GB.ENG.AB.07.Gen.ReEx.001.001__f015,GB.ENG.AB.07.Gen.ReEx.001.001,uk,0.15,1,ATTEMPTED,True,COMPLETED,0,0,0,182812.52516586694,4.091,False,False,False,058ae150f737dc8f613d6d9b58002351f2f72d454dc42a724ccfd9fff078efdf,
uk__GB.ENG.AB.07.Gen.ReEx.001.001__f015,GB.ENG.AB.07.Gen.ReEx.001.001,uk,0.15,2,ATTEMPTED,True,COMPLETED,0,0,0,182812.52516586694,4.085,False,False,False,3adafc42090a5a424dd7db547e8fa3266af4680e2f947a4a6200a20470bf73f0,
uk__GB.ENG.AB.07.Gen.ReEx.001.001__f015,GB.ENG.AB.07.Gen.ReEx.001.001,uk,0.15,3,ATTEMPTED,True,COMPLETED,0,0,0,182812.52516586694,4.157,False,False,False,91713024595dbf6a0cdc2c5a655f9c4cbb749f38a029380d26a4c942fb33d50e,
uk__GB.ENG.AB.07.Gen.ReEx.001.001__f030,GB.ENG.AB.07.Gen.ReEx.001.001,uk,0.3,1,ATTEMPTED,True,COMPLETED,0,0,0,182800.0586284427,4.392,False,False,False,0610da0ddae5dd5b7e38b7da052c8172fee08005dad5df48e6543df33629e43d,
uk__GB.ENG.AB.07.Gen.ReEx.001.001__f030,GB.ENG.AB.07.Gen.ReEx.001.001,uk,0.3,2,ATTEMPTED,True,COMPLETED,0,0,0,182800.0586284427,4.288,False,False,False,ec4d21e689057513cf7183eb76305ac53d3ccbb331abb1615ca1159495c29a49,
uk__GB.ENG.AB.07.Gen.ReEx.001.001__f030,GB.ENG.AB.07.Gen.ReEx.001.001,uk,0.3,3,ATTEMPTED,True,COMPLETED,0,0,0,182800.0586284427,4.174,False,False,False,81d5f05cc13479deaaeb1297f7975092fb95cc27f8632634a5a0b9939efc1120,
uk__GB.ENG.AB.07.Gen.ReEx.001.001__f050,GB.ENG.AB.07.Gen.ReEx.001.001,uk,0.5,1,ATTEMPTED,True,COMPLETED,0,0,0,182815.2599370705,4.124,False,False,False,cf90033bdce1b78c49e326bc4c39d38dc7fc65811fa31fd8cdd732d32d7a66bf,
uk__GB.ENG.AB.07.Gen.ReEx.001.001__f050,GB.ENG.AB.07.Gen.ReEx.001.001,uk,0.5,2,ATTEMPTED,True,COMPLETED,0,0,0,182815.2599370705,4.193,False,False,False,254a3649ce90d405519a3a18f5cd3ccf0ec9b7e112f1b35bd189f1ea843e12f9,
uk__GB.ENG.AB.07.Gen.ReEx.001.001__f050,GB.ENG.AB.07.Gen.ReEx.001.001,uk,0.5,3,ATTEMPTED,True,COMPLETED,0,0,0,182815.2599370705,4.23,False,False,False,a323de383df29a226744bdd537aa1443f14c5d64855bf115c614c06977cf0f17,
uk__GB.ENG.AB.07.Gen.ReEx.001.001__f100,GB.ENG.AB.07.Gen.ReEx.001.001,uk,1.0,1,ATTEMPTED,True,COMPLETED,0,0,0,183011.94178256433,4.391,False,False,False,06c4527e93d5d1f653fe14b4b7870deb6387ab6f13eb89da542f7c7892e0e5c5,
uk__GB.ENG.AB.07.Gen.ReEx.001.001__f100,GB.ENG.AB.07.Gen.ReEx.001.001,uk,1.0,2,ATTEMPTED,True,COMPLETED,0,0,0,183011.94178256433,4.369,False,False,False,c60656fa882042a2c94ca1591cee282deb7d16220157e56b279a00623bccb61e,
uk__GB.ENG.AB.07.Gen.ReEx.001.001__f100,GB.ENG.AB.07.Gen.ReEx.001.001,uk,1.0,3,ATTEMPTED,True,COMPLETED,0,0,0,183011.94178256433,4.718,False,False,False,836f78ea17e791a2cfb43f55d45f20d84e0330e0c278da51892c4fc23829b9ce,
uk__GB.ENG.MFH.01.Gen.ReEx.001.001__f000,GB.ENG.MFH.01.Gen.ReEx.001.001,uk,0.0,1,ATTEMPTED,True,COMPLETED,0,0,0,62758.92130167764,4.27,False,False,False,7086daccb5cc0671b7ff6f4599a4da2be24bfbc7fc996d0b5940afcc91fa7fba,
uk__GB.ENG.MFH.01.Gen.ReEx.001.001__f000,GB.ENG.MFH.01.Gen.ReEx.001.001,uk,0.0,2,ATTEMPTED,True,COMPLETED,0,0,0,62758.92130167764,4.242,False,False,False,e29fc2e0e2d8522f631d3980c6adc225b2ad0a9eb4b3c5ed5d3ae1fdf2981b21,
uk__GB.ENG.MFH.01.Gen.ReEx.001.001__f000,GB.ENG.MFH.01.Gen.ReEx.001.001,uk,0.0,3,ATTEMPTED,True,COMPLETED,0,0,0,62758.92130167764,4.304,False,False,False,2781e96c0a275194a42c2a729d014f6d36426f4c5235e7faceffcad8e9758486,
uk__GB.ENG.MFH.01.Gen.ReEx.001.001__f015,GB.ENG.MFH.01.Gen.ReEx.001.001,uk,0.15,1,ATTEMPTED,True,COMPLETED,0,0,0,62707.70889149942,4.19,False,False,False,f267548e8252d7ff43b63ae27a2eaf740d9df03f54af00d8922188d086ab47b9,
uk__GB.ENG.MFH.01.Gen.ReEx.001.001__f015,GB.ENG.MFH.01.Gen.ReEx.001.001,uk,0.15,2,ATTEMPTED,True,COMPLETED,0,0,0,62707.70889149942,4.283,False,False,False,6a12c48fced5c9b2b0a8359f6ecbd95da2ce75b8fec44834cb89d0f8ca37c41d,
uk__GB.ENG.MFH.01.Gen.ReEx.001.001__f015,GB.ENG.MFH.01.Gen.ReEx.001.001,uk,0.15,3,ATTEMPTED,True,COMPLETED,0,0,0,62707.70889149942,4.263,False,False,False,6db4d0f3e2ab2929aef35cd0905d55df50983b4f9a33d922fc29dc8f68eb09ed,
uk__GB.ENG.MFH.01.Gen.ReEx.001.001__f030,GB.ENG.MFH.01.Gen.ReEx.001.001,uk,0.3,1,ATTEMPTED,True,COMPLETED,0,0,0,62666.95100113877,4.265,False,False,False,e5044a4a964ada285248d6bb775e995a568c0268e356297c99e86f0f5df16696,
uk__GB.ENG.MFH.01.Gen.ReEx.001.001__f030,GB.ENG.MFH.01.Gen.ReEx.001.001,uk,0.3,2,ATTEMPTED,True,COMPLETED,0,0,0,62666.95100113877,4.199,False,False,False,a6ca26f62751ed29c065a14627d013e49ce0f5c181550424148a90e1876034ce,
uk__GB.ENG.MFH.01.Gen.ReEx.001.001__f030,GB.ENG.MFH.01.Gen.ReEx.001.001,uk,0.3,3,ATTEMPTED,True,COMPLETED,0,0,0,62666.95100113877,4.365,False,False,False,ff5daf82d5b6250fea9cdee5f6eaf894804205b6ef739d926791d30345e38671,
uk__GB.ENG.MFH.01.Gen.ReEx.001.001__f050,GB.ENG.MFH.01.Gen.ReEx.001.001,uk,0.5,1,ATTEMPTED,True,COMPLETED,0,0,0,62628.69568480155,4.188,False,False,False,cce480518d2d55492d29ea3b9f81c7f38360533cda773d7585f0fd8b932203f7,
uk__GB.ENG.MFH.01.Gen.ReEx.001.001__f050,GB.ENG.MFH.01.Gen.ReEx.001.001,uk,0.5,2,ATTEMPTED,True,COMPLETED,0,0,0,62628.69568480155,4.345,False,False,False,cb3928656053f9df859c8677593d5c78517e0668ef400fbc5c3d38ca663bf474,
uk__GB.ENG.MFH.01.Gen.ReEx.001.001__f050,GB.ENG.MFH.01.Gen.ReEx.001.001,uk,0.5,3,ATTEMPTED,True,COMPLETED,0,0,0,62628.69568480155,4.433,False,False,False,76618c610476ddc07aef5f1bc413fcd789d365fa91639f365a53008a3b39e18a,
uk__GB.ENG.MFH.01.Gen.ReEx.001.001__f100,GB.ENG.MFH.01.Gen.ReEx.001.001,uk,1.0,1,ATTEMPTED,True,COMPLETED,0,0,0,62628.88591178987,4.191,False,False,False,b36a145eeecfa0050d3aef56d02ce0eb29691f8ef8457b3713ea48c520d60de8,
uk__GB.ENG.MFH.01.Gen.ReEx.001.001__f100,GB.ENG.MFH.01.Gen.ReEx.001.001,uk,1.0,2,ATTEMPTED,True,COMPLETED,0,0,0,62628.88591178987,4.197,False,False,False,2534fe1f394611fff6dc793e6f0ac1c1e61ab88430639241cc2af1b171621cfb,
uk__GB.ENG.MFH.01.Gen.ReEx.001.001__f100,GB.ENG.MFH.01.Gen.ReEx.001.001,uk,1.0,3,ATTEMPTED,True,COMPLETED,0,0,0,62628.88591178987,4.227,False,False,False,fea3c80d002234f11a8e772ea92ec4d8ea2f2ceaf8c6932cf71687149ab60bd0,
uk__GB.ENG.MFH.02.Gen.ReEx.001.001__f000,GB.ENG.MFH.02.Gen.ReEx.001.001,uk,0.0,1,ATTEMPTED,True,COMPLETED,0,0,0,76623.27199506588,4.259,False,False,False,a807d3cdd67674e937e991118fa9c6ca7ef7f6abe30fab93f20cbbde8528cc1d,
uk__GB.ENG.MFH.02.Gen.ReEx.001.001__f000,GB.ENG.MFH.02.Gen.ReEx.001.001,uk,0.0,2,ATTEMPTED,True,COMPLETED,0,0,0,76623.27199506588,4.11,False,False,False,971647b9c699c1485f4724978dd76c8842d7cc483bd12927ea7a4d2d2199e073,
uk__GB.ENG.MFH.02.Gen.ReEx.001.001__f000,GB.ENG.MFH.02.Gen.ReEx.001.001,uk,0.0,3,ATTEMPTED,True,COMPLETED,0,0,0,76623.27199506588,4.181,False,False,False,ac149546fd098affb3c77ecc62d5d0fc06a012b94437d7f4b0a8b56777995dde,
uk__GB.ENG.MFH.02.Gen.ReEx.001.001__f015,GB.ENG.MFH.02.Gen.ReEx.001.001,uk,0.15,1,ATTEMPTED,True,COMPLETED,0,0,0,76586.99265695593,4.041,False,False,False,51caff2e1eb10e632148da584c0385227ea242f986dba9479691c86b7c28a752,
uk__GB.ENG.MFH.02.Gen.ReEx.001.001__f015,GB.ENG.MFH.02.Gen.ReEx.001.001,uk,0.15,2,ATTEMPTED,True,COMPLETED,0,0,0,76586.99265695593,4.1,False,False,False,a1b2b8cc25558cc4d5a4ce6ba747b42a123a009a4d640b8a100a682cb973bd6d,
uk__GB.ENG.MFH.02.Gen.ReEx.001.001__f015,GB.ENG.MFH.02.Gen.ReEx.001.001,uk,0.15,3,ATTEMPTED,True,COMPLETED,0,0,0,76586.99265695593,4.21,False,False,False,7efc26c17393723299129ccdaab6108bd18ed9361f88bbe78079e17300bfe5a5,
uk__GB.ENG.MFH.02.Gen.ReEx.001.001__f030,GB.ENG.MFH.02.Gen.ReEx.001.001,uk,0.3,1,ATTEMPTED,True,COMPLETED,0,0,0,76559.5791540972,4.107,False,False,False,c4dcb03357937f819f484a5604f40be4079e7ccfba159ef71ebea55b9452b470,
uk__GB.ENG.MFH.02.Gen.ReEx.001.001__f030,GB.ENG.MFH.02.Gen.ReEx.001.001,uk,0.3,2,ATTEMPTED,True,COMPLETED,0,0,0,76559.5791540972,4.161,False,False,False,6fc53c1a90b20c3f2488ffabab034922c5b6021d208014199030f4f7fbef286f,
uk__GB.ENG.MFH.02.Gen.ReEx.001.001__f030,GB.ENG.MFH.02.Gen.ReEx.001.001,uk,0.3,3,ATTEMPTED,True,COMPLETED,0,0,0,76559.5791540972,4.042,False,False,False,abaf7375bd8fcc1b691a0d372b36567ab9616c3051ac452974540d0164d0a731,
uk__GB.ENG.MFH.02.Gen.ReEx.001.001__f050,GB.ENG.MFH.02.Gen.ReEx.001.001,uk,0.5,1,ATTEMPTED,True,COMPLETED,0,0,0,76536.20590876075,4.325,False,False,False,7fb3a5871ce7aece96501859b54911a02342aa32f1772d6a88e1402480f40cd9,
uk__GB.ENG.MFH.02.Gen.ReEx.001.001__f050,GB.ENG.MFH.02.Gen.ReEx.001.001,uk,0.5,2,ATTEMPTED,True,COMPLETED,0,0,0,76536.20590876075,4.167,False,False,False,00ce19b89ae616e38292c4dcdb95ab5f84ad7f9fb1c3a95bae19b664d6565f93,
uk__GB.ENG.MFH.02.Gen.ReEx.001.001__f050,GB.ENG.MFH.02.Gen.ReEx.001.001,uk,0.5,3,ATTEMPTED,True,COMPLETED,0,0,0,76536.20590876075,4.191,False,False,False,3a3ca6b558ce4474191f869a9765cddfd92c9be4df942d08bf0016902ebb93a3,
uk__GB.ENG.MFH.02.Gen.ReEx.001.001__f100,GB.ENG.MFH.02.Gen.ReEx.001.001,uk,1.0,1,ATTEMPTED,True,COMPLETED,0,0,0,76544.08753018823,4.154,False,False,False,4dfdd508f6a357bcf108b73ab91d98bf2b1d4f9b3d6037a4d2a4ed1625d08327,
uk__GB.ENG.MFH.02.Gen.ReEx.001.001__f100,GB.ENG.MFH.02.Gen.ReEx.001.001,uk,1.0,2,ATTEMPTED,True,COMPLETED,0,0,0,76544.08753018823,4.097,False,False,False,01224c52b3e3854ba153865fabf1faa3036d9de5b1846d6846f658f243b184b4,
uk__GB.ENG.MFH.02.Gen.ReEx.001.001__f100,GB.ENG.MFH.02.Gen.ReEx.001.001,uk,1.0,3,ATTEMPTED,True,COMPLETED,0,0,0,76544.08753018823,4.091,False,False,False,a173eb7a5818ba16d51ac0323873ea15cfc8d1c3e3147d78b42135d89024bbe8,
uk__GB.ENG.MFH.03.Gen.ReEx.001.001__f000,GB.ENG.MFH.03.Gen.ReEx.001.001,uk,0.0,1,ATTEMPTED,True,COMPLETED,0,0,0,72393.47054949056,4.035,False,False,False,ced6e995fe7f89b0cb1b4cca985b3cf5686586546cbb914346baeb7e14b8992f,
uk__GB.ENG.MFH.03.Gen.ReEx.001.001__f000,GB.ENG.MFH.03.Gen.ReEx.001.001,uk,0.0,2,ATTEMPTED,True,COMPLETED,0,0,0,72393.47054949056,4.122,False,False,False,18becaef65c940b32d866ed7c3827708203d627e7f047b6726ca3cf46ba9c8a2,
uk__GB.ENG.MFH.03.Gen.ReEx.001.001__f000,GB.ENG.MFH.03.Gen.ReEx.001.001,uk,0.0,3,ATTEMPTED,True,COMPLETED,0,0,0,72393.47054949056,4.292,False,False,False,44072d8e497854e08887c67b3d9fa148c33bff3c049adba7103dcff2d6ef6cb1,
uk__GB.ENG.MFH.03.Gen.ReEx.001.001__f015,GB.ENG.MFH.03.Gen.ReEx.001.001,uk,0.15,1,ATTEMPTED,True,COMPLETED,0,0,0,72394.70354548245,4.13,False,False,False,138febf28eb41f6274b051208b9acfc28bb87ba489bd3545b111f09f8bf545a1,
uk__GB.ENG.MFH.03.Gen.ReEx.001.001__f015,GB.ENG.MFH.03.Gen.ReEx.001.001,uk,0.15,2,ATTEMPTED,True,COMPLETED,0,0,0,72394.70354548245,4.102,False,False,False,18cf248e96e42059381cfe7ed7a5d0ea8d3918e030b3f4984adcede9c1e6abea,
uk__GB.ENG.MFH.03.Gen.ReEx.001.001__f015,GB.ENG.MFH.03.Gen.ReEx.001.001,uk,0.15,3,ATTEMPTED,True,COMPLETED,0,0,0,72394.70354548245,4.073,False,False,False,36e80bc8a7afb4bf11ba9c1379c554238ec46dd729560f6d2a4b2871009e24de,
uk__GB.ENG.MFH.03.Gen.ReEx.001.001__f030,GB.ENG.MFH.03.Gen.ReEx.001.001,uk,0.3,1,ATTEMPTED,True,COMPLETED,0,0,0,72399.04180977796,4.477,False,False,False,7ef5a57323b93dfc022876609c451965b635a933df45de3de3f31099c27f8e52,
uk__GB.ENG.MFH.03.Gen.ReEx.001.001__f030,GB.ENG.MFH.03.Gen.ReEx.001.001,uk,0.3,2,ATTEMPTED,True,COMPLETED,0,0,0,72399.04180977796,4.087,False,False,False,f6844e5c1ce7a7956f284b275a9ce7622a21c42a6c797b6bf248820e6c1f2666,
uk__GB.ENG.MFH.03.Gen.ReEx.001.001__f030,GB.ENG.MFH.03.Gen.ReEx.001.001,uk,0.3,3,ATTEMPTED,True,COMPLETED,0,0,0,72399.04180977796,4.129,False,False,False,4bfb5a364a1008b38fbd60c01737c9962be5ec481861c52708984bccbcfb994e,
uk__GB.ENG.MFH.03.Gen.ReEx.001.001__f050,GB.ENG.MFH.03.Gen.ReEx.001.001,uk,0.5,1,ATTEMPTED,True,COMPLETED,0,0,0,72409.70250262567,4.054,False,False,False,5e2f53c4edab68ca1bb62309ab90d5b42de1824e04614eab00ee10ebf386c8ea,
uk__GB.ENG.MFH.03.Gen.ReEx.001.001__f050,GB.ENG.MFH.03.Gen.ReEx.001.001,uk,0.5,2,ATTEMPTED,True,COMPLETED,0,0,0,72409.70250262567,4.115,False,False,False,c67a783518cf7fe27c7082775887950f13f4c90bbc7af7ebebbe2b808a985f76,
uk__GB.ENG.MFH.03.Gen.ReEx.001.001__f050,GB.ENG.MFH.03.Gen.ReEx.001.001,uk,0.5,3,ATTEMPTED,True,COMPLETED,0,0,0,72409.70250262567,4.069,False,False,False,129dffdbe2c2a10eb672a0dcafbf08335ad1f3d1eb6c3e226bc33051ddce3097,
uk__GB.ENG.MFH.03.Gen.ReEx.001.001__f100,GB.ENG.MFH.03.Gen.ReEx.001.001,uk,1.0,1,ATTEMPTED,True,COMPLETED,0,0,0,72462.57886397447,4.058,False,False,False,40420b8fb1eecc24af6afd6db69fae4954103b26928b23cef290c24afc8a5e7a,
uk__GB.ENG.MFH.03.Gen.ReEx.001.001__f100,GB.ENG.MFH.03.Gen.ReEx.001.001,uk,1.0,2,ATTEMPTED,True,COMPLETED,0,0,0,72462.57886397447,3.968,False,False,False,900c2b246049d0f943811d41b3615cc0fd47b68f4f21be590a3533d83f67d362,
uk__GB.ENG.MFH.03.Gen.ReEx.001.001__f100,GB.ENG.MFH.03.Gen.ReEx.001.001,uk,1.0,3,ATTEMPTED,True,COMPLETED,0,0,0,72462.57886397447,3.949,False,False,False,6904ac0afdee7f3dc5a21d423deddfe7b2ce58a096428408219c35159627d5c4,
uk__GB.ENG.MFH.04.Gen.ReEx.001.001__f000,GB.ENG.MFH.04.Gen.ReEx.001.001,uk,0.0,1,ATTEMPTED,True,COMPLETED,0,0,0,72826.947529362,4.147,False,False,False,b04e57c8c4c50112c1ca881fcd4a0a7f549a89ed0dfae42bebea54ab81b591ae,
uk__GB.ENG.MFH.04.Gen.ReEx.001.001__f000,GB.ENG.MFH.04.Gen.ReEx.001.001,uk,0.0,2,ATTEMPTED,True,COMPLETED,0,0,0,72826.947529362,3.967,False,False,False,6eb958600a8e3da88b8e505a8ca69dbc1a58a6eb6f16d36d386fc1590d241ab9,
uk__GB.ENG.MFH.04.Gen.ReEx.001.001__f000,GB.ENG.MFH.04.Gen.ReEx.001.001,uk,0.0,3,ATTEMPTED,True,COMPLETED,0,0,0,72826.947529362,4.079,False,False,False,f7bb272622ba59edd2e326ffead9f07a11ec4f80af5a2bd79712e2e4fbbaf564,
uk__GB.ENG.MFH.04.Gen.ReEx.001.001__f015,GB.ENG.MFH.04.Gen.ReEx.001.001,uk,0.15,1,ATTEMPTED,True,COMPLETED,0,0,0,72818.6782622873,3.999,False,False,False,bc4ed31777645329a87738a88466ce651c75699835f0a5bcc625220fe8df10c4,
uk__GB.ENG.MFH.04.Gen.ReEx.001.001__f015,GB.ENG.MFH.04.Gen.ReEx.001.001,uk,0.15,2,ATTEMPTED,True,COMPLETED,0,0,0,72818.6782622873,4.079,False,False,False,8eadb18977dd1d20bcfed8b666f7ea1e533c3755f40bf380c630799aef0a043c,
uk__GB.ENG.MFH.04.Gen.ReEx.001.001__f015,GB.ENG.MFH.04.Gen.ReEx.001.001,uk,0.15,3,ATTEMPTED,True,COMPLETED,0,0,0,72818.6782622873,4.02,False,False,False,e16193544dc0448d230c84c6b6a73857bb32f78bbd2d13160208c5e0b54a1b5f,
uk__GB.ENG.MFH.04.Gen.ReEx.001.001__f030,GB.ENG.MFH.04.Gen.ReEx.001.001,uk,0.3,1,ATTEMPTED,True,COMPLETED,0,0,0,72812.28122685604,3.971,False,False,False,d93081b754e28f6bb70393933354157eacf34d35e16a6a6019dcb3978a260978,
uk__GB.ENG.MFH.04.Gen.ReEx.001.001__f030,GB.ENG.MFH.04.Gen.ReEx.001.001,uk,0.3,2,ATTEMPTED,True,COMPLETED,0,0,0,72812.28122685604,4.126,False,False,False,423ebad0d2480ca113fd5a7051d5a7d6416bf02f8750afe592297a639c99fe9a,
uk__GB.ENG.MFH.04.Gen.ReEx.001.001__f030,GB.ENG.MFH.04.Gen.ReEx.001.001,uk,0.3,3,ATTEMPTED,True,COMPLETED,0,0,0,72812.28122685604,4.1,False,False,False,157f8bc9070b48cfe0b4a047ac85684e599df2dfc60b707922adc3bb3a81d472,
uk__GB.ENG.MFH.04.Gen.ReEx.001.001__f050,GB.ENG.MFH.04.Gen.ReEx.001.001,uk,0.5,1,ATTEMPTED,True,COMPLETED,0,0,0,72805.4852560632,4.147,False,False,False,d732334d8e224a653b578bc79854d57aaf4fdab592ded53d6be10eaf25ec71d6,
uk__GB.ENG.MFH.04.Gen.ReEx.001.001__f050,GB.ENG.MFH.04.Gen.ReEx.001.001,uk,0.5,2,ATTEMPTED,True,COMPLETED,0,0,0,72805.4852560632,3.993,False,False,False,72e656f8e5e2e0a3d5a40e1b71ffb6c763471fa1e6419d4334120754a0f5da84,
uk__GB.ENG.MFH.04.Gen.ReEx.001.001__f050,GB.ENG.MFH.04.Gen.ReEx.001.001,uk,0.5,3,ATTEMPTED,True,COMPLETED,0,0,0,72805.4852560632,4.09,False,False,False,f88cbfdc2222538afab9cfbd5932880ceec427f1cd9794df646d2aca35e2c5a2,
uk__GB.ENG.MFH.04.Gen.ReEx.001.001__f100,GB.ENG.MFH.04.Gen.ReEx.001.001,uk,1.0,1,ATTEMPTED,True,COMPLETED,0,0,0,72794.5182966387,4.058,False,False,False,ca2263b2f1577e4293a4b1a5bf83286f2adeccba0705a27969d4c5e131da6c52,
uk__GB.ENG.MFH.04.Gen.ReEx.001.001__f100,GB.ENG.MFH.04.Gen.ReEx.001.001,uk,1.0,2,ATTEMPTED,True,COMPLETED,0,0,0,72794.5182966387,4.095,False,False,False,67922e2d4fb146a98b98fcd243bb7c221c41eb309882d0a7f9f94bbe7ad61aca,
uk__GB.ENG.MFH.04.Gen.ReEx.001.001__f100,GB.ENG.MFH.04.Gen.ReEx.001.001,uk,1.0,3,ATTEMPTED,True,COMPLETED,0,0,0,72794.5182966387,4.045,False,False,False,47350d3724c5052bd5169f4a6fe7eb8098d1347cdb786fe9cf02a586cac31c61,
uk__GB.ENG.MFH.05.Gen.ReEx.001.001__f000,GB.ENG.MFH.05.Gen.ReEx.001.001,uk,0.0,1,ATTEMPTED,True,COMPLETED,0,0,0,64524.1213466971,4.014,False,False,False,c1a1d09ab2910fd989060489974d7c1767443dad7e4a19b9bf8dfab68c4150f4,
uk__GB.ENG.MFH.05.Gen.ReEx.001.001__f000,GB.ENG.MFH.05.Gen.ReEx.001.001,uk,0.0,2,ATTEMPTED,True,COMPLETED,0,0,0,64524.1213466971,3.913,False,False,False,35fa2ed88cd2993de3cb78461e40ed4447127ca224059f45dd1edda13cc9259e,
uk__GB.ENG.MFH.05.Gen.ReEx.001.001__f000,GB.ENG.MFH.05.Gen.ReEx.001.001,uk,0.0,3,ATTEMPTED,True,COMPLETED,0,0,0,64524.1213466971,3.969,False,False,False,a1e394e76bcf8969cc803bd197b37f1ac6a905cfd105ddf22d18882072fa224f,
uk__GB.ENG.MFH.05.Gen.ReEx.001.001__f015,GB.ENG.MFH.05.Gen.ReEx.001.001,uk,0.15,1,ATTEMPTED,True,COMPLETED,0,0,0,64507.96339426879,3.926,False,False,False,ae1539e9c4bf8ef0ed811ea1684dcaec7299d008966fe67cfc82e379a6b8599a,
uk__GB.ENG.MFH.05.Gen.ReEx.001.001__f015,GB.ENG.MFH.05.Gen.ReEx.001.001,uk,0.15,2,ATTEMPTED,True,COMPLETED,0,0,0,64507.96339426879,3.933,False,False,False,3061297e56f9cf8d898a30c834fae27e5edac53f5033188e6b0471bebff1a7c8,
uk__GB.ENG.MFH.05.Gen.ReEx.001.001__f015,GB.ENG.MFH.05.Gen.ReEx.001.001,uk,0.15,3,ATTEMPTED,True,COMPLETED,0,0,0,64507.96339426879,3.944,False,False,False,ffa31fd1be9a5a8b065bb4fe710ad436a5f4b491925124e226db353980298451,
uk__GB.ENG.MFH.05.Gen.ReEx.001.001__f030,GB.ENG.MFH.05.Gen.ReEx.001.001,uk,0.3,1,ATTEMPTED,True,COMPLETED,0,0,0,64493.50597220759,4.131,False,False,False,8085abc8da3ebd8510972681c89aeae8762504d90dd14c4be120c436db93480f,
uk__GB.ENG.MFH.05.Gen.ReEx.001.001__f030,GB.ENG.MFH.05.Gen.ReEx.001.001,uk,0.3,2,ATTEMPTED,True,COMPLETED,0,0,0,64493.50597220759,4.09,False,False,False,301dfbd1ba3a03ab122729f99ad161ff8ce9ec2aa15dee11e0b9e78e3e0db671,
uk__GB.ENG.MFH.05.Gen.ReEx.001.001__f030,GB.ENG.MFH.05.Gen.ReEx.001.001,uk,0.3,3,ATTEMPTED,True,COMPLETED,0,0,0,64493.50597220759,4.122,False,False,False,83bcc105c6413bcbbf1ac3a71b57f13b150a01b90ac02cb2801957817b665922,
uk__GB.ENG.MFH.05.Gen.ReEx.001.001__f050,GB.ENG.MFH.05.Gen.ReEx.001.001,uk,0.5,1,ATTEMPTED,True,COMPLETED,0,0,0,64476.57442650997,4.004,False,False,False,ddf85358ed8f791a5e718457f7080655a2ba3f09a9d5893a66c46598bb089f0e,
uk__GB.ENG.MFH.05.Gen.ReEx.001.001__f050,GB.ENG.MFH.05.Gen.ReEx.001.001,uk,0.5,2,ATTEMPTED,True,COMPLETED,0,0,0,64476.57442650997,4.115,False,False,False,f58a360461e794a225e5675cade0557ad19614c8c9ec3e133117ad8016f1a0a0,
uk__GB.ENG.MFH.05.Gen.ReEx.001.001__f050,GB.ENG.MFH.05.Gen.ReEx.001.001,uk,0.5,3,ATTEMPTED,True,COMPLETED,0,0,0,64476.57442650997,4.112,False,False,False,0a627c3d6f1b4749062c7efc36bfcb8030e22975357e335b3dfb10f6a3e17e77,
uk__GB.ENG.MFH.05.Gen.ReEx.001.001__f100,GB.ENG.MFH.05.Gen.ReEx.001.001,uk,1.0,1,ATTEMPTED,True,COMPLETED,0,0,0,64445.056247542605,4.053,False,False,False,eb87b0398b6a5f4e230639ae7129afcaa78bd20a83744347aa228507109208ab,
uk__GB.ENG.MFH.05.Gen.ReEx.001.001__f100,GB.ENG.MFH.05.Gen.ReEx.001.001,uk,1.0,2,ATTEMPTED,True,COMPLETED,0,0,0,64445.056247542605,4.053,False,False,False,5c6ef76005d9f6142e6ffaecb51dfc171c498750bf3b68e09ed8a34d3ee248be,
uk__GB.ENG.MFH.05.Gen.ReEx.001.001__f100,GB.ENG.MFH.05.Gen.ReEx.001.001,uk,1.0,3,ATTEMPTED,True,COMPLETED,0,0,0,64445.056247542605,4.147,False,False,False,5d4eec9d7a6da06ba1419060e475f3e5a88634f62e08a8d7312778eb82de4521,
uk__GB.ENG.MFH.06.Gen.ReEx.001.001__f000,GB.ENG.MFH.06.Gen.ReEx.001.001,uk,0.0,1,ATTEMPTED,True,COMPLETED,0,0,0,67027.39900601115,4.053,False,False,False,9c715260945c9a38051539868eb0767b7634f5dfa94788ecf49075a77eeba4c2,
uk__GB.ENG.MFH.06.Gen.ReEx.001.001__f000,GB.ENG.MFH.06.Gen.ReEx.001.001,uk,0.0,2,ATTEMPTED,True,COMPLETED,0,0,0,67027.39900601115,3.976,False,False,False,b979391dcdca89c7776982c548287b486f7516f619090e6f1edbdcc8da3503a2,
uk__GB.ENG.MFH.06.Gen.ReEx.001.001__f000,GB.ENG.MFH.06.Gen.ReEx.001.001,uk,0.0,3,ATTEMPTED,True,COMPLETED,0,0,0,67027.39900601115,3.979,False,False,False,49733596f9db75300ad1be1a609ed6bbedf375b6a1a2247184cd62df36f21922,
uk__GB.ENG.MFH.06.Gen.ReEx.001.001__f015,GB.ENG.MFH.06.Gen.ReEx.001.001,uk,0.15,1,ATTEMPTED,True,COMPLETED,0,0,0,67010.22319893252,3.975,False,False,False,1685f18551b35a24aafc53313b4e38e663d1e6041f9591321a5848c00018d971,
uk__GB.ENG.MFH.06.Gen.ReEx.001.001__f015,GB.ENG.MFH.06.Gen.ReEx.001.001,uk,0.15,2,ATTEMPTED,True,COMPLETED,0,0,0,67010.22319893252,3.984,False,False,False,a026dfb5740de830020fc75c397883e5f11e32fcd5c8ab28fda4c9f67f8765aa,
uk__GB.ENG.MFH.06.Gen.ReEx.001.001__f015,GB.ENG.MFH.06.Gen.ReEx.001.001,uk,0.15,3,ATTEMPTED,True,COMPLETED,0,0,0,67010.22319893252,4.078,False,False,False,fcb8be2b90f5dcf6be76229a9ebcbd276e183dbc42e3e4f816e840c0c3ced556,
uk__GB.ENG.MFH.06.Gen.ReEx.001.001__f030,GB.ENG.MFH.06.Gen.ReEx.001.001,uk,0.3,1,ATTEMPTED,True,COMPLETED,0,0,0,66998.56350009056,4.119,False,False,False,e600ff22d8567ef4bd17ec6b8ce04e50db2d45befbbe51ccde742f0d30747487,
uk__GB.ENG.MFH.06.Gen.ReEx.001.001__f030,GB.ENG.MFH.06.Gen.ReEx.001.001,uk,0.3,2,ATTEMPTED,True,COMPLETED,0,0,0,66998.56350009056,4.112,False,False,False,7073bab86ba8adc2fb2cb658474da46a913de703383442cac8a7bb7ebacca6ff,
uk__GB.ENG.MFH.06.Gen.ReEx.001.001__f030,GB.ENG.MFH.06.Gen.ReEx.001.001,uk,0.3,3,ATTEMPTED,True,COMPLETED,0,0,0,66998.56350009056,4.175,False,False,False,a311fd2af04c398097c337b37cd575afd60eb3e84ecb7217ac5492cbf71c37ae,
uk__GB.ENG.MFH.06.Gen.ReEx.001.001__f050,GB.ENG.MFH.06.Gen.ReEx.001.001,uk,0.5,1,ATTEMPTED,True,COMPLETED,0,0,0,66991.06690535124,4.055,False,False,False,7a7645d9f9683e20433f74c046987931feb2920b40078e3def8f0fa682491991,
uk__GB.ENG.MFH.06.Gen.ReEx.001.001__f050,GB.ENG.MFH.06.Gen.ReEx.001.001,uk,0.5,2,ATTEMPTED,True,COMPLETED,0,0,0,66991.06690535124,4.215,False,False,False,9d8b067c55ef49863fd4f5befbf7d22b712195d315a853283471a79744b7c493,
uk__GB.ENG.MFH.06.Gen.ReEx.001.001__f050,GB.ENG.MFH.06.Gen.ReEx.001.001,uk,0.5,3,ATTEMPTED,True,COMPLETED,0,0,0,66991.06690535124,4.075,False,False,False,e37bf2cfeade4c218c6659f608d83a43d54a77038d834957c6eb5d648be0dd3d,
uk__GB.ENG.MFH.06.Gen.ReEx.001.001__f100,GB.ENG.MFH.06.Gen.ReEx.001.001,uk,1.0,1,ATTEMPTED,True,COMPLETED,0,0,0,67003.82024741246,4.293,False,False,False,322782217c93c8c9097e5283ee8dfd2f723486e43d190df0b36023fa19da0a0c,
uk__GB.ENG.MFH.06.Gen.ReEx.001.001__f100,GB.ENG.MFH.06.Gen.ReEx.001.001,uk,1.0,2,ATTEMPTED,True,COMPLETED,0,0,0,67003.82024741246,4.127,False,False,False,f9ea6611153e1fc34c412ab7d97920c32b8e574110407cfe942a13ea81dad7a0,
uk__GB.ENG.MFH.06.Gen.ReEx.001.001__f100,GB.ENG.MFH.06.Gen.ReEx.001.001,uk,1.0,3,ATTEMPTED,True,COMPLETED,0,0,0,67003.82024741246,4.094,False,False,False,6931529f83396c84b39c30da926b0ead07a6b4507fccaa34b5a3291b9b01e620,
uk__GB.ENG.MFH.07.Gen.ReEx.001.001__f000,GB.ENG.MFH.07.Gen.ReEx.001.001,uk,0.0,1,ATTEMPTED,True,COMPLETED,0,0,0,51988.10297369662,4.014,False,False,False,7b8602be4ec0dedf70f6cf029e733f2b33e5b6d751be19c46f3cc281e78c0d9c,
uk__GB.ENG.MFH.07.Gen.ReEx.001.001__f000,GB.ENG.MFH.07.Gen.ReEx.001.001,uk,0.0,2,ATTEMPTED,True,COMPLETED,0,0,0,51988.10297369662,4.052,False,False,False,47325507287ea1a8496b77572a8328f4456c4199e9fc194d0fa1c8c1d9755089,
uk__GB.ENG.MFH.07.Gen.ReEx.001.001__f000,GB.ENG.MFH.07.Gen.ReEx.001.001,uk,0.0,3,ATTEMPTED,False,ENGINE_FAILED,1,1,1,None,0.53,False,False,False,56e293288f0e9c612b657124b768c5e7a94494083fa07758dd1f555932e90192,
uk__GB.ENG.MFH.07.Gen.ReEx.001.001__f015,GB.ENG.MFH.07.Gen.ReEx.001.001,uk,0.15,1,ATTEMPTED,True,COMPLETED,0,0,0,51944.89013020708,4.183,False,False,False,f09ee73c46095d577f5a823645df62e894ae426fbeff2e4d57e0a3ec32d9dacc,
uk__GB.ENG.MFH.07.Gen.ReEx.001.001__f015,GB.ENG.MFH.07.Gen.ReEx.001.001,uk,0.15,2,ATTEMPTED,True,COMPLETED,0,0,0,51944.89013020708,4.218,False,False,False,7e95ecadcea2cc061fda75031239ad53124a7a57c42ee7f500c3bf0eacdeb7bd,
uk__GB.ENG.MFH.07.Gen.ReEx.001.001__f015,GB.ENG.MFH.07.Gen.ReEx.001.001,uk,0.15,3,ATTEMPTED,True,COMPLETED,0,0,0,51944.89013020708,4.293,False,False,False,aef7e2596c836ea332080bfd85b977fd5f5fd3e9207e029481c2102ff8d90c35,
uk__GB.ENG.MFH.07.Gen.ReEx.001.001__f030,GB.ENG.MFH.07.Gen.ReEx.001.001,uk,0.3,1,ATTEMPTED,True,COMPLETED,0,0,0,51927.85883791065,4.423,False,False,False,a21b4594d9d4e685fb6c9981ea023a66d2f389bcf583082346d9b412bd25731e,
uk__GB.ENG.MFH.07.Gen.ReEx.001.001__f030,GB.ENG.MFH.07.Gen.ReEx.001.001,uk,0.3,2,ATTEMPTED,True,COMPLETED,0,0,0,51927.85883791065,4.227,False,False,False,e439fc8f9fffd92b075e8911cb744eefa07ee644dab555a31cc1860cf06adae9,
uk__GB.ENG.MFH.07.Gen.ReEx.001.001__f030,GB.ENG.MFH.07.Gen.ReEx.001.001,uk,0.3,3,ATTEMPTED,True,COMPLETED,0,0,0,51927.85883791065,4.22,False,False,False,a014244c900d5235cfcbb7de4042614b7e0d3c453211e62251ae75c4e34ab31d,
uk__GB.ENG.MFH.07.Gen.ReEx.001.001__f050,GB.ENG.MFH.07.Gen.ReEx.001.001,uk,0.5,1,ATTEMPTED,False,ENGINE_FAILED,1,1,1,None,0.597,False,False,False,2335ca7f88d22bd8c0450883488f976cced84efd8b15eca2b5ca2c230c75e400,
uk__GB.ENG.MFH.07.Gen.ReEx.001.001__f050,GB.ENG.MFH.07.Gen.ReEx.001.001,uk,0.5,2,ATTEMPTED,True,COMPLETED,0,0,0,51945.40152668856,4.177,False,False,False,95551703443d01c25fdda807841fb17b84487d8592e8e44d93f2b63b6415beb4,
uk__GB.ENG.MFH.07.Gen.ReEx.001.001__f050,GB.ENG.MFH.07.Gen.ReEx.001.001,uk,0.5,3,ATTEMPTED,True,COMPLETED,0,0,0,51804.00811642357,4.271,False,False,False,5b8f494037324c58f458d6537f0c34d4cc3f733e1a4a5c25a7daf7fd2fb90067,
uk__GB.ENG.MFH.07.Gen.ReEx.001.001__f100,GB.ENG.MFH.07.Gen.ReEx.001.001,uk,1.0,1,ATTEMPTED,True,COMPLETED,0,0,0,52181.12037963729,4.08,False,False,False,fc177c99738dd344b1920bb97aa6acc766fdd44395e130cd1f03a45cf922cff2,
uk__GB.ENG.MFH.07.Gen.ReEx.001.001__f100,GB.ENG.MFH.07.Gen.ReEx.001.001,uk,1.0,2,ATTEMPTED,True,COMPLETED,0,0,0,52181.12037963729,4.148,False,False,False,85253719e6441fc9e1fe9104065e0ded69568cb24782806568c733931d475afe,
uk__GB.ENG.MFH.07.Gen.ReEx.001.001__f100,GB.ENG.MFH.07.Gen.ReEx.001.001,uk,1.0,3,ATTEMPTED,False,ENGINE_FAILED,1,1,1,None,0.543,False,False,False,2a2749d0ce44cf4bc5cb8115b28fc626586865e7dc26ebd9e5628523fe324c3e,
uk__GB.ENG.MFH.08.Gen.ReEx.001.001__f000,GB.ENG.MFH.08.Gen.ReEx.001.001,uk,0.0,1,ATTEMPTED,True,COMPLETED,0,0,0,47841.18166966478,4.175,False,False,False,5ad2a13875ba9f4344b8554d37ef5ec9d782db3ad4a25440100ebf85451ecfe6,
uk__GB.ENG.MFH.08.Gen.ReEx.001.001__f000,GB.ENG.MFH.08.Gen.ReEx.001.001,uk,0.0,2,ATTEMPTED,True,COMPLETED,0,0,0,47841.18166966478,4.267,False,False,False,66822947704e6ee74098745e4046e290399c59337686b23a89cdcdb96b083c89,
uk__GB.ENG.MFH.08.Gen.ReEx.001.001__f000,GB.ENG.MFH.08.Gen.ReEx.001.001,uk,0.0,3,ATTEMPTED,False,ENGINE_FAILED,1,1,1,None,0.593,False,False,False,7f8ee9096a4afbe057d1f4f3778ca0887d9172e1b3946b0f364a182613251bdd,
uk__GB.ENG.MFH.08.Gen.ReEx.001.001__f015,GB.ENG.MFH.08.Gen.ReEx.001.001,uk,0.15,1,ATTEMPTED,True,COMPLETED,0,0,0,47814.290033156605,4.437,False,False,False,61f51439153864b019a2c318b1c8278967bf08e2c3789c7d9b08a3835054ce70,
uk__GB.ENG.MFH.08.Gen.ReEx.001.001__f015,GB.ENG.MFH.08.Gen.ReEx.001.001,uk,0.15,2,ATTEMPTED,True,COMPLETED,0,0,0,47814.290033156605,4.341,False,False,False,0a43f4d299e6e0e4dc0f625987257c2f9720af3c90b9c329e940beea5d88c42f,
uk__GB.ENG.MFH.08.Gen.ReEx.001.001__f015,GB.ENG.MFH.08.Gen.ReEx.001.001,uk,0.15,3,ATTEMPTED,True,COMPLETED,0,0,0,47814.290033156605,4.284,False,False,False,410b54e1b7203f91bba9b57323c0cc84aec2081a32392906d7e9e00beaa0921f,
uk__GB.ENG.MFH.08.Gen.ReEx.001.001__f030,GB.ENG.MFH.08.Gen.ReEx.001.001,uk,0.3,1,ATTEMPTED,True,COMPLETED,0,0,0,47790.517518708475,4.344,False,False,False,0395ca489842a08d922e22578e7b0f9604743c4bc543939e35d70284f3b105cc,
uk__GB.ENG.MFH.08.Gen.ReEx.001.001__f030,GB.ENG.MFH.08.Gen.ReEx.001.001,uk,0.3,2,ATTEMPTED,True,COMPLETED,0,0,0,47790.517518708475,4.529,False,False,False,d5dcec4f89b626f974f5f594e645936bc47bc6db50e07856760e4a0bf194a680,
uk__GB.ENG.MFH.08.Gen.ReEx.001.001__f030,GB.ENG.MFH.08.Gen.ReEx.001.001,uk,0.3,3,ATTEMPTED,True,COMPLETED,0,0,0,47790.517518708475,4.403,False,False,False,8179778fca080c595ccd32862f4d5ab3ddab722af90d553b254fc0e58eb3c2db,
uk__GB.ENG.MFH.08.Gen.ReEx.001.001__f050,GB.ENG.MFH.08.Gen.ReEx.001.001,uk,0.5,1,ATTEMPTED,True,COMPLETED,0,0,0,47764.116478057585,4.344,False,False,False,15be728450dfa7d192aae37dc56e9f2ffe8a95a82fe0d45391cc6735d563eb97,
uk__GB.ENG.MFH.08.Gen.ReEx.001.001__f050,GB.ENG.MFH.08.Gen.ReEx.001.001,uk,0.5,2,ATTEMPTED,True,COMPLETED,0,0,0,47764.116478057585,4.252,False,False,False,9a4465cb822739777cb2e8d7bfcd88dc9c4534e2d4c7ffa943353d60a892ad82,
uk__GB.ENG.MFH.08.Gen.ReEx.001.001__f050,GB.ENG.MFH.08.Gen.ReEx.001.001,uk,0.5,3,ATTEMPTED,True,COMPLETED,0,0,0,47764.116478057585,4.385,False,False,False,50a5ee30f77deee127ecf306838950cac977ee00e3c5cdd5c59c8a871307eaaf,
uk__GB.ENG.MFH.08.Gen.ReEx.001.001__f100,GB.ENG.MFH.08.Gen.ReEx.001.001,uk,1.0,1,ATTEMPTED,True,COMPLETED,0,0,0,47725.25002761188,4.385,False,False,False,e669243889e9f8a93f51294a91fe7da23fc256a3d1b9012952e350f16c2c4610,
uk__GB.ENG.MFH.08.Gen.ReEx.001.001__f100,GB.ENG.MFH.08.Gen.ReEx.001.001,uk,1.0,2,ATTEMPTED,True,COMPLETED,0,0,0,47725.25002761188,4.344,False,False,False,5dd0eb30cb7207c619d1e4f622ac75d5356f2ec9c76661dff4dd3110ed1f09f8,
uk__GB.ENG.MFH.08.Gen.ReEx.001.001__f100,GB.ENG.MFH.08.Gen.ReEx.001.001,uk,1.0,3,ATTEMPTED,True,COMPLETED,0,0,0,47725.25002761188,4.351,False,False,False,52544b513f6e811e19a85041fe237c8adca88cb729f38942de9766847c4f0933,
uk__GB.ENG.SFH.01.Detached.SyAv.001.001__f000,GB.ENG.SFH.01.Detached.SyAv.001.001,uk,0.0,1,BUILD_REFUSED,,,,,,,0.03,False,False,False,,ValueError: S0 openings require an exterior (b=1) Wall_1 host
uk__GB.ENG.SFH.01.Detached.SyAv.001.001__f000,GB.ENG.SFH.01.Detached.SyAv.001.001,uk,0.0,2,BUILD_REFUSED,,,,,,,0.09,False,False,False,,ValueError: S0 openings require an exterior (b=1) Wall_1 host
uk__GB.ENG.SFH.01.Detached.SyAv.001.001__f000,GB.ENG.SFH.01.Detached.SyAv.001.001,uk,0.0,3,BUILD_REFUSED,,,,,,,0.041,False,False,False,,ValueError: S0 openings require an exterior (b=1) Wall_1 host
uk__GB.ENG.SFH.01.Detached.SyAv.001.001__f015,GB.ENG.SFH.01.Detached.SyAv.001.001,uk,0.15,1,BUILD_REFUSED,,,,,,,0.036,False,False,False,,ValueError: S0 openings require an exterior (b=1) Wall_1 host
uk__GB.ENG.SFH.01.Detached.SyAv.001.001__f015,GB.ENG.SFH.01.Detached.SyAv.001.001,uk,0.15,2,BUILD_REFUSED,,,,,,,0.03,False,False,False,,ValueError: S0 openings require an exterior (b=1) Wall_1 host
uk__GB.ENG.SFH.01.Detached.SyAv.001.001__f015,GB.ENG.SFH.01.Detached.SyAv.001.001,uk,0.15,3,BUILD_REFUSED,,,,,,,0.033,False,False,False,,ValueError: S0 openings require an exterior (b=1) Wall_1 host
uk__GB.ENG.SFH.01.Detached.SyAv.001.001__f030,GB.ENG.SFH.01.Detached.SyAv.001.001,uk,0.3,1,BUILD_REFUSED,,,,,,,0.033,False,False,False,,ValueError: S0 openings require an exterior (b=1) Wall_1 host
uk__GB.ENG.SFH.01.Detached.SyAv.001.001__f030,GB.ENG.SFH.01.Detached.SyAv.001.001,uk,0.3,2,BUILD_REFUSED,,,,,,,0.038,False,False,False,,ValueError: S0 openings require an exterior (b=1) Wall_1 host
uk__GB.ENG.SFH.01.Detached.SyAv.001.001__f030,GB.ENG.SFH.01.Detached.SyAv.001.001,uk,0.3,3,BUILD_REFUSED,,,,,,,0.034,False,False,False,,ValueError: S0 openings require an exterior (b=1) Wall_1 host
uk__GB.ENG.SFH.01.Detached.SyAv.001.001__f050,GB.ENG.SFH.01.Detached.SyAv.001.001,uk,0.5,1,BUILD_REFUSED,,,,,,,0.039,False,False,False,,ValueError: S0 openings require an exterior (b=1) Wall_1 host
uk__GB.ENG.SFH.01.Detached.SyAv.001.001__f050,GB.ENG.SFH.01.Detached.SyAv.001.001,uk,0.5,2,BUILD_REFUSED,,,,,,,0.036,False,False,False,,ValueError: S0 openings require an exterior (b=1) Wall_1 host
uk__GB.ENG.SFH.01.Detached.SyAv.001.001__f050,GB.ENG.SFH.01.Detached.SyAv.001.001,uk,0.5,3,BUILD_REFUSED,,,,,,,0.035,False,False,False,,ValueError: S0 openings require an exterior (b=1) Wall_1 host
uk__GB.ENG.SFH.01.Detached.SyAv.001.001__f100,GB.ENG.SFH.01.Detached.SyAv.001.001,uk,1.0,1,BUILD_REFUSED,,,,,,,0.032,False,False,False,,ValueError: S0 openings require an exterior (b=1) Wall_1 host
uk__GB.ENG.SFH.01.Detached.SyAv.001.001__f100,GB.ENG.SFH.01.Detached.SyAv.001.001,uk,1.0,2,BUILD_REFUSED,,,,,,,0.031,False,False,False,,ValueError: S0 openings require an exterior (b=1) Wall_1 host
uk__GB.ENG.SFH.01.Detached.SyAv.001.001__f100,GB.ENG.SFH.01.Detached.SyAv.001.001,uk,1.0,3,BUILD_REFUSED,,,,,,,0.034,False,False,False,,ValueError: S0 openings require an exterior (b=1) Wall_1 host
uk__GB.ENG.SFH.01.Gen.ReEx.001.001__f000,GB.ENG.SFH.01.Gen.ReEx.001.001,uk,0.0,1,BUILD_REFUSED,,,,,,,0.03,False,False,False,,ValueError: S0 openings require an exterior (b=1) Wall_1 host
uk__GB.ENG.SFH.01.Gen.ReEx.001.001__f000,GB.ENG.SFH.01.Gen.ReEx.001.001,uk,0.0,2,BUILD_REFUSED,,,,,,,0.03,False,False,False,,ValueError: S0 openings require an exterior (b=1) Wall_1 host
uk__GB.ENG.SFH.01.Gen.ReEx.001.001__f000,GB.ENG.SFH.01.Gen.ReEx.001.001,uk,0.0,3,BUILD_REFUSED,,,,,,,0.027,False,False,False,,ValueError: S0 openings require an exterior (b=1) Wall_1 host
uk__GB.ENG.SFH.01.Gen.ReEx.001.001__f015,GB.ENG.SFH.01.Gen.ReEx.001.001,uk,0.15,1,BUILD_REFUSED,,,,,,,0.035,False,False,False,,ValueError: S0 openings require an exterior (b=1) Wall_1 host
uk__GB.ENG.SFH.01.Gen.ReEx.001.001__f015,GB.ENG.SFH.01.Gen.ReEx.001.001,uk,0.15,2,BUILD_REFUSED,,,,,,,0.03,False,False,False,,ValueError: S0 openings require an exterior (b=1) Wall_1 host
uk__GB.ENG.SFH.01.Gen.ReEx.001.001__f015,GB.ENG.SFH.01.Gen.ReEx.001.001,uk,0.15,3,BUILD_REFUSED,,,,,,,0.05,False,False,False,,ValueError: S0 openings require an exterior (b=1) Wall_1 host
uk__GB.ENG.SFH.01.Gen.ReEx.001.001__f030,GB.ENG.SFH.01.Gen.ReEx.001.001,uk,0.3,1,BUILD_REFUSED,,,,,,,0.031,False,False,False,,ValueError: S0 openings require an exterior (b=1) Wall_1 host
uk__GB.ENG.SFH.01.Gen.ReEx.001.001__f030,GB.ENG.SFH.01.Gen.ReEx.001.001,uk,0.3,2,BUILD_REFUSED,,,,,,,0.032,False,False,False,,ValueError: S0 openings require an exterior (b=1) Wall_1 host
uk__GB.ENG.SFH.01.Gen.ReEx.001.001__f030,GB.ENG.SFH.01.Gen.ReEx.001.001,uk,0.3,3,BUILD_REFUSED,,,,,,,0.03,False,False,False,,ValueError: S0 openings require an exterior (b=1) Wall_1 host
uk__GB.ENG.SFH.01.Gen.ReEx.001.001__f050,GB.ENG.SFH.01.Gen.ReEx.001.001,uk,0.5,1,BUILD_REFUSED,,,,,,,0.033,False,False,False,,ValueError: S0 openings require an exterior (b=1) Wall_1 host
uk__GB.ENG.SFH.01.Gen.ReEx.001.001__f050,GB.ENG.SFH.01.Gen.ReEx.001.001,uk,0.5,2,BUILD_REFUSED,,,,,,,0.035,False,False,False,,ValueError: S0 openings require an exterior (b=1) Wall_1 host
uk__GB.ENG.SFH.01.Gen.ReEx.001.001__f050,GB.ENG.SFH.01.Gen.ReEx.001.001,uk,0.5,3,BUILD_REFUSED,,,,,,,0.034,False,False,False,,ValueError: S0 openings require an exterior (b=1) Wall_1 host
uk__GB.ENG.SFH.01.Gen.ReEx.001.001__f100,GB.ENG.SFH.01.Gen.ReEx.001.001,uk,1.0,1,BUILD_REFUSED,,,,,,,0.036,False,False,False,,ValueError: S0 openings require an exterior (b=1) Wall_1 host
uk__GB.ENG.SFH.01.Gen.ReEx.001.001__f100,GB.ENG.SFH.01.Gen.ReEx.001.001,uk,1.0,2,BUILD_REFUSED,,,,,,,0.03,False,False,False,,ValueError: S0 openings require an exterior (b=1) Wall_1 host
uk__GB.ENG.SFH.01.Gen.ReEx.001.001__f100,GB.ENG.SFH.01.Gen.ReEx.001.001,uk,1.0,3,BUILD_REFUSED,,,,,,,0.036,False,False,False,,ValueError: S0 openings require an exterior (b=1) Wall_1 host
uk__GB.ENG.SFH.02-03.Detached.SyAv.002.001__f000,GB.ENG.SFH.02-03.Detached.SyAv.002.001,uk,0.0,1,BUILD_REFUSED,,,,,,,0.031,False,False,False,,ValueError: S0 openings require an exterior (b=1) Wall_1 host
uk__GB.ENG.SFH.02-03.Detached.SyAv.002.001__f000,GB.ENG.SFH.02-03.Detached.SyAv.002.001,uk,0.0,2,BUILD_REFUSED,,,,,,,0.026,False,False,False,,ValueError: S0 openings require an exterior (b=1) Wall_1 host
uk__GB.ENG.SFH.02-03.Detached.SyAv.002.001__f000,GB.ENG.SFH.02-03.Detached.SyAv.002.001,uk,0.0,3,BUILD_REFUSED,,,,,,,0.036,False,False,False,,ValueError: S0 openings require an exterior (b=1) Wall_1 host
uk__GB.ENG.SFH.02-03.Detached.SyAv.002.001__f015,GB.ENG.SFH.02-03.Detached.SyAv.002.001,uk,0.15,1,BUILD_REFUSED,,,,,,,0.03,False,False,False,,ValueError: S0 openings require an exterior (b=1) Wall_1 host
uk__GB.ENG.SFH.02-03.Detached.SyAv.002.001__f015,GB.ENG.SFH.02-03.Detached.SyAv.002.001,uk,0.15,2,BUILD_REFUSED,,,,,,,0.032,False,False,False,,ValueError: S0 openings require an exterior (b=1) Wall_1 host
uk__GB.ENG.SFH.02-03.Detached.SyAv.002.001__f015,GB.ENG.SFH.02-03.Detached.SyAv.002.001,uk,0.15,3,BUILD_REFUSED,,,,,,,0.029,False,False,False,,ValueError: S0 openings require an exterior (b=1) Wall_1 host
uk__GB.ENG.SFH.02-03.Detached.SyAv.002.001__f030,GB.ENG.SFH.02-03.Detached.SyAv.002.001,uk,0.3,1,BUILD_REFUSED,,,,,,,0.034,False,False,False,,ValueError: S0 openings require an exterior (b=1) Wall_1 host
uk__GB.ENG.SFH.02-03.Detached.SyAv.002.001__f030,GB.ENG.SFH.02-03.Detached.SyAv.002.001,uk,0.3,2,BUILD_REFUSED,,,,,,,0.037,False,False,False,,ValueError: S0 openings require an exterior (b=1) Wall_1 host
uk__GB.ENG.SFH.02-03.Detached.SyAv.002.001__f030,GB.ENG.SFH.02-03.Detached.SyAv.002.001,uk,0.3,3,BUILD_REFUSED,,,,,,,0.032,False,False,False,,ValueError: S0 openings require an exterior (b=1) Wall_1 host
uk__GB.ENG.SFH.02-03.Detached.SyAv.002.001__f050,GB.ENG.SFH.02-03.Detached.SyAv.002.001,uk,0.5,1,BUILD_REFUSED,,,,,,,0.035,False,False,False,,ValueError: S0 openings require an exterior (b=1) Wall_1 host
uk__GB.ENG.SFH.02-03.Detached.SyAv.002.001__f050,GB.ENG.SFH.02-03.Detached.SyAv.002.001,uk,0.5,2,BUILD_REFUSED,,,,,,,0.029,False,False,False,,ValueError: S0 openings require an exterior (b=1) Wall_1 host
uk__GB.ENG.SFH.02-03.Detached.SyAv.002.001__f050,GB.ENG.SFH.02-03.Detached.SyAv.002.001,uk,0.5,3,BUILD_REFUSED,,,,,,,0.029,False,False,False,,ValueError: S0 openings require an exterior (b=1) Wall_1 host
uk__GB.ENG.SFH.02-03.Detached.SyAv.002.001__f100,GB.ENG.SFH.02-03.Detached.SyAv.002.001,uk,1.0,1,BUILD_REFUSED,,,,,,,0.036,False,False,False,,ValueError: S0 openings require an exterior (b=1) Wall_1 host
uk__GB.ENG.SFH.02-03.Detached.SyAv.002.001__f100,GB.ENG.SFH.02-03.Detached.SyAv.002.001,uk,1.0,2,BUILD_REFUSED,,,,,,,0.032,False,False,False,,ValueError: S0 openings require an exterior (b=1) Wall_1 host
uk__GB.ENG.SFH.02-03.Detached.SyAv.002.001__f100,GB.ENG.SFH.02-03.Detached.SyAv.002.001,uk,1.0,3,BUILD_REFUSED,,,,,,,0.033,False,False,False,,ValueError: S0 openings require an exterior (b=1) Wall_1 host
uk__GB.ENG.SFH.02.Gen.ReEx.001.001__f000,GB.ENG.SFH.02.Gen.ReEx.001.001,uk,0.0,1,BUILD_REFUSED,,,,,,,0.092,False,False,False,,ValueError: S0 openings require an exterior (b=1) Wall_1 host
uk__GB.ENG.SFH.02.Gen.ReEx.001.001__f000,GB.ENG.SFH.02.Gen.ReEx.001.001,uk,0.0,2,BUILD_REFUSED,,,,,,,0.032,False,False,False,,ValueError: S0 openings require an exterior (b=1) Wall_1 host
uk__GB.ENG.SFH.02.Gen.ReEx.001.001__f000,GB.ENG.SFH.02.Gen.ReEx.001.001,uk,0.0,3,BUILD_REFUSED,,,,,,,0.028,False,False,False,,ValueError: S0 openings require an exterior (b=1) Wall_1 host
uk__GB.ENG.SFH.02.Gen.ReEx.001.001__f015,GB.ENG.SFH.02.Gen.ReEx.001.001,uk,0.15,1,BUILD_REFUSED,,,,,,,0.032,False,False,False,,ValueError: S0 openings require an exterior (b=1) Wall_1 host
uk__GB.ENG.SFH.02.Gen.ReEx.001.001__f015,GB.ENG.SFH.02.Gen.ReEx.001.001,uk,0.15,2,BUILD_REFUSED,,,,,,,0.031,False,False,False,,ValueError: S0 openings require an exterior (b=1) Wall_1 host
uk__GB.ENG.SFH.02.Gen.ReEx.001.001__f015,GB.ENG.SFH.02.Gen.ReEx.001.001,uk,0.15,3,BUILD_REFUSED,,,,,,,0.034,False,False,False,,ValueError: S0 openings require an exterior (b=1) Wall_1 host
uk__GB.ENG.SFH.02.Gen.ReEx.001.001__f030,GB.ENG.SFH.02.Gen.ReEx.001.001,uk,0.3,1,BUILD_REFUSED,,,,,,,0.031,False,False,False,,ValueError: S0 openings require an exterior (b=1) Wall_1 host
uk__GB.ENG.SFH.02.Gen.ReEx.001.001__f030,GB.ENG.SFH.02.Gen.ReEx.001.001,uk,0.3,2,BUILD_REFUSED,,,,,,,0.034,False,False,False,,ValueError: S0 openings require an exterior (b=1) Wall_1 host
uk__GB.ENG.SFH.02.Gen.ReEx.001.001__f030,GB.ENG.SFH.02.Gen.ReEx.001.001,uk,0.3,3,BUILD_REFUSED,,,,,,,0.057,False,False,False,,ValueError: S0 openings require an exterior (b=1) Wall_1 host
uk__GB.ENG.SFH.02.Gen.ReEx.001.001__f050,GB.ENG.SFH.02.Gen.ReEx.001.001,uk,0.5,1,BUILD_REFUSED,,,,,,,0.051,False,False,False,,ValueError: S0 openings require an exterior (b=1) Wall_1 host
uk__GB.ENG.SFH.02.Gen.ReEx.001.001__f050,GB.ENG.SFH.02.Gen.ReEx.001.001,uk,0.5,2,BUILD_REFUSED,,,,,,,0.032,False,False,False,,ValueError: S0 openings require an exterior (b=1) Wall_1 host
uk__GB.ENG.SFH.02.Gen.ReEx.001.001__f050,GB.ENG.SFH.02.Gen.ReEx.001.001,uk,0.5,3,BUILD_REFUSED,,,,,,,0.03,False,False,False,,ValueError: S0 openings require an exterior (b=1) Wall_1 host
uk__GB.ENG.SFH.02.Gen.ReEx.001.001__f100,GB.ENG.SFH.02.Gen.ReEx.001.001,uk,1.0,1,BUILD_REFUSED,,,,,,,0.033,False,False,False,,ValueError: S0 openings require an exterior (b=1) Wall_1 host
uk__GB.ENG.SFH.02.Gen.ReEx.001.001__f100,GB.ENG.SFH.02.Gen.ReEx.001.001,uk,1.0,2,BUILD_REFUSED,,,,,,,0.03,False,False,False,,ValueError: S0 openings require an exterior (b=1) Wall_1 host
uk__GB.ENG.SFH.02.Gen.ReEx.001.001__f100,GB.ENG.SFH.02.Gen.ReEx.001.001,uk,1.0,3,BUILD_REFUSED,,,,,,,0.03,False,False,False,,ValueError: S0 openings require an exterior (b=1) Wall_1 host
uk__GB.ENG.SFH.03.Gen.ReEx.001.001__f000,GB.ENG.SFH.03.Gen.ReEx.001.001,uk,0.0,1,BUILD_REFUSED,,,,,,,0.031,False,False,False,,ValueError: S0 openings require an exterior (b=1) Wall_1 host
uk__GB.ENG.SFH.03.Gen.ReEx.001.001__f000,GB.ENG.SFH.03.Gen.ReEx.001.001,uk,0.0,2,BUILD_REFUSED,,,,,,,0.028,False,False,False,,ValueError: S0 openings require an exterior (b=1) Wall_1 host
uk__GB.ENG.SFH.03.Gen.ReEx.001.001__f000,GB.ENG.SFH.03.Gen.ReEx.001.001,uk,0.0,3,BUILD_REFUSED,,,,,,,0.027,False,False,False,,ValueError: S0 openings require an exterior (b=1) Wall_1 host
uk__GB.ENG.SFH.03.Gen.ReEx.001.001__f015,GB.ENG.SFH.03.Gen.ReEx.001.001,uk,0.15,1,BUILD_REFUSED,,,,,,,0.033,False,False,False,,ValueError: S0 openings require an exterior (b=1) Wall_1 host
uk__GB.ENG.SFH.03.Gen.ReEx.001.001__f015,GB.ENG.SFH.03.Gen.ReEx.001.001,uk,0.15,2,BUILD_REFUSED,,,,,,,0.034,False,False,False,,ValueError: S0 openings require an exterior (b=1) Wall_1 host
uk__GB.ENG.SFH.03.Gen.ReEx.001.001__f015,GB.ENG.SFH.03.Gen.ReEx.001.001,uk,0.15,3,BUILD_REFUSED,,,,,,,0.032,False,False,False,,ValueError: S0 openings require an exterior (b=1) Wall_1 host
uk__GB.ENG.SFH.03.Gen.ReEx.001.001__f030,GB.ENG.SFH.03.Gen.ReEx.001.001,uk,0.3,1,BUILD_REFUSED,,,,,,,0.031,False,False,False,,ValueError: S0 openings require an exterior (b=1) Wall_1 host
uk__GB.ENG.SFH.03.Gen.ReEx.001.001__f030,GB.ENG.SFH.03.Gen.ReEx.001.001,uk,0.3,2,BUILD_REFUSED,,,,,,,0.031,False,False,False,,ValueError: S0 openings require an exterior (b=1) Wall_1 host
uk__GB.ENG.SFH.03.Gen.ReEx.001.001__f030,GB.ENG.SFH.03.Gen.ReEx.001.001,uk,0.3,3,BUILD_REFUSED,,,,,,,0.032,False,False,False,,ValueError: S0 openings require an exterior (b=1) Wall_1 host
uk__GB.ENG.SFH.03.Gen.ReEx.001.001__f050,GB.ENG.SFH.03.Gen.ReEx.001.001,uk,0.5,1,BUILD_REFUSED,,,,,,,0.031,False,False,False,,ValueError: S0 openings require an exterior (b=1) Wall_1 host
uk__GB.ENG.SFH.03.Gen.ReEx.001.001__f050,GB.ENG.SFH.03.Gen.ReEx.001.001,uk,0.5,2,BUILD_REFUSED,,,,,,,0.036,False,False,False,,ValueError: S0 openings require an exterior (b=1) Wall_1 host
uk__GB.ENG.SFH.03.Gen.ReEx.001.001__f050,GB.ENG.SFH.03.Gen.ReEx.001.001,uk,0.5,3,BUILD_REFUSED,,,,,,,0.039,False,False,False,,ValueError: S0 openings require an exterior (b=1) Wall_1 host
uk__GB.ENG.SFH.03.Gen.ReEx.001.001__f100,GB.ENG.SFH.03.Gen.ReEx.001.001,uk,1.0,1,BUILD_REFUSED,,,,,,,0.034,False,False,False,,ValueError: S0 openings require an exterior (b=1) Wall_1 host
uk__GB.ENG.SFH.03.Gen.ReEx.001.001__f100,GB.ENG.SFH.03.Gen.ReEx.001.001,uk,1.0,2,BUILD_REFUSED,,,,,,,0.028,False,False,False,,ValueError: S0 openings require an exterior (b=1) Wall_1 host
uk__GB.ENG.SFH.03.Gen.ReEx.001.001__f100,GB.ENG.SFH.03.Gen.ReEx.001.001,uk,1.0,3,BUILD_REFUSED,,,,,,,0.038,False,False,False,,ValueError: S0 openings require an exterior (b=1) Wall_1 host
uk__GB.ENG.SFH.04-08.Detached.SyAv.005.001__f000,GB.ENG.SFH.04-08.Detached.SyAv.005.001,uk,0.0,1,BUILD_REFUSED,,,,,,,0.03,False,False,False,,ValueError: S0 openings require an exterior (b=1) Wall_1 host
uk__GB.ENG.SFH.04-08.Detached.SyAv.005.001__f000,GB.ENG.SFH.04-08.Detached.SyAv.005.001,uk,0.0,2,BUILD_REFUSED,,,,,,,0.037,False,False,False,,ValueError: S0 openings require an exterior (b=1) Wall_1 host
uk__GB.ENG.SFH.04-08.Detached.SyAv.005.001__f000,GB.ENG.SFH.04-08.Detached.SyAv.005.001,uk,0.0,3,BUILD_REFUSED,,,,,,,0.086,False,False,False,,ValueError: S0 openings require an exterior (b=1) Wall_1 host
uk__GB.ENG.SFH.04-08.Detached.SyAv.005.001__f015,GB.ENG.SFH.04-08.Detached.SyAv.005.001,uk,0.15,1,BUILD_REFUSED,,,,,,,0.033,False,False,False,,ValueError: S0 openings require an exterior (b=1) Wall_1 host
uk__GB.ENG.SFH.04-08.Detached.SyAv.005.001__f015,GB.ENG.SFH.04-08.Detached.SyAv.005.001,uk,0.15,2,BUILD_REFUSED,,,,,,,0.032,False,False,False,,ValueError: S0 openings require an exterior (b=1) Wall_1 host
uk__GB.ENG.SFH.04-08.Detached.SyAv.005.001__f015,GB.ENG.SFH.04-08.Detached.SyAv.005.001,uk,0.15,3,BUILD_REFUSED,,,,,,,0.033,False,False,False,,ValueError: S0 openings require an exterior (b=1) Wall_1 host
uk__GB.ENG.SFH.04-08.Detached.SyAv.005.001__f030,GB.ENG.SFH.04-08.Detached.SyAv.005.001,uk,0.3,1,BUILD_REFUSED,,,,,,,0.031,False,False,False,,ValueError: S0 openings require an exterior (b=1) Wall_1 host
uk__GB.ENG.SFH.04-08.Detached.SyAv.005.001__f030,GB.ENG.SFH.04-08.Detached.SyAv.005.001,uk,0.3,2,BUILD_REFUSED,,,,,,,0.032,False,False,False,,ValueError: S0 openings require an exterior (b=1) Wall_1 host
uk__GB.ENG.SFH.04-08.Detached.SyAv.005.001__f030,GB.ENG.SFH.04-08.Detached.SyAv.005.001,uk,0.3,3,BUILD_REFUSED,,,,,,,0.035,False,False,False,,ValueError: S0 openings require an exterior (b=1) Wall_1 host
uk__GB.ENG.SFH.04-08.Detached.SyAv.005.001__f050,GB.ENG.SFH.04-08.Detached.SyAv.005.001,uk,0.5,1,BUILD_REFUSED,,,,,,,0.036,False,False,False,,ValueError: S0 openings require an exterior (b=1) Wall_1 host
uk__GB.ENG.SFH.04-08.Detached.SyAv.005.001__f050,GB.ENG.SFH.04-08.Detached.SyAv.005.001,uk,0.5,2,BUILD_REFUSED,,,,,,,0.034,False,False,False,,ValueError: S0 openings require an exterior (b=1) Wall_1 host
uk__GB.ENG.SFH.04-08.Detached.SyAv.005.001__f050,GB.ENG.SFH.04-08.Detached.SyAv.005.001,uk,0.5,3,BUILD_REFUSED,,,,,,,0.031,False,False,False,,ValueError: S0 openings require an exterior (b=1) Wall_1 host
uk__GB.ENG.SFH.04-08.Detached.SyAv.005.001__f100,GB.ENG.SFH.04-08.Detached.SyAv.005.001,uk,1.0,1,BUILD_REFUSED,,,,,,,0.037,False,False,False,,ValueError: S0 openings require an exterior (b=1) Wall_1 host
uk__GB.ENG.SFH.04-08.Detached.SyAv.005.001__f100,GB.ENG.SFH.04-08.Detached.SyAv.005.001,uk,1.0,2,BUILD_REFUSED,,,,,,,0.037,False,False,False,,ValueError: S0 openings require an exterior (b=1) Wall_1 host
uk__GB.ENG.SFH.04-08.Detached.SyAv.005.001__f100,GB.ENG.SFH.04-08.Detached.SyAv.005.001,uk,1.0,3,BUILD_REFUSED,,,,,,,0.033,False,False,False,,ValueError: S0 openings require an exterior (b=1) Wall_1 host
uk__GB.ENG.SFH.04.Gen.ReEx.001.001__f000,GB.ENG.SFH.04.Gen.ReEx.001.001,uk,0.0,1,BUILD_REFUSED,,,,,,,0.026,False,False,False,,ValueError: S0 openings require an exterior (b=1) Wall_1 host
uk__GB.ENG.SFH.04.Gen.ReEx.001.001__f000,GB.ENG.SFH.04.Gen.ReEx.001.001,uk,0.0,2,BUILD_REFUSED,,,,,,,0.032,False,False,False,,ValueError: S0 openings require an exterior (b=1) Wall_1 host
uk__GB.ENG.SFH.04.Gen.ReEx.001.001__f000,GB.ENG.SFH.04.Gen.ReEx.001.001,uk,0.0,3,BUILD_REFUSED,,,,,,,0.031,False,False,False,,ValueError: S0 openings require an exterior (b=1) Wall_1 host
uk__GB.ENG.SFH.04.Gen.ReEx.001.001__f015,GB.ENG.SFH.04.Gen.ReEx.001.001,uk,0.15,1,BUILD_REFUSED,,,,,,,0.095,False,False,False,,ValueError: S0 openings require an exterior (b=1) Wall_1 host
uk__GB.ENG.SFH.04.Gen.ReEx.001.001__f015,GB.ENG.SFH.04.Gen.ReEx.001.001,uk,0.15,2,BUILD_REFUSED,,,,,,,0.034,False,False,False,,ValueError: S0 openings require an exterior (b=1) Wall_1 host
uk__GB.ENG.SFH.04.Gen.ReEx.001.001__f015,GB.ENG.SFH.04.Gen.ReEx.001.001,uk,0.15,3,BUILD_REFUSED,,,,,,,0.029,False,False,False,,ValueError: S0 openings require an exterior (b=1) Wall_1 host
uk__GB.ENG.SFH.04.Gen.ReEx.001.001__f030,GB.ENG.SFH.04.Gen.ReEx.001.001,uk,0.3,1,BUILD_REFUSED,,,,,,,0.037,False,False,False,,ValueError: S0 openings require an exterior (b=1) Wall_1 host
uk__GB.ENG.SFH.04.Gen.ReEx.001.001__f030,GB.ENG.SFH.04.Gen.ReEx.001.001,uk,0.3,2,BUILD_REFUSED,,,,,,,0.036,False,False,False,,ValueError: S0 openings require an exterior (b=1) Wall_1 host
uk__GB.ENG.SFH.04.Gen.ReEx.001.001__f030,GB.ENG.SFH.04.Gen.ReEx.001.001,uk,0.3,3,BUILD_REFUSED,,,,,,,0.036,False,False,False,,ValueError: S0 openings require an exterior (b=1) Wall_1 host
uk__GB.ENG.SFH.04.Gen.ReEx.001.001__f050,GB.ENG.SFH.04.Gen.ReEx.001.001,uk,0.5,1,BUILD_REFUSED,,,,,,,0.035,False,False,False,,ValueError: S0 openings require an exterior (b=1) Wall_1 host
uk__GB.ENG.SFH.04.Gen.ReEx.001.001__f050,GB.ENG.SFH.04.Gen.ReEx.001.001,uk,0.5,2,BUILD_REFUSED,,,,,,,0.033,False,False,False,,ValueError: S0 openings require an exterior (b=1) Wall_1 host
uk__GB.ENG.SFH.04.Gen.ReEx.001.001__f050,GB.ENG.SFH.04.Gen.ReEx.001.001,uk,0.5,3,BUILD_REFUSED,,,,,,,0.031,False,False,False,,ValueError: S0 openings require an exterior (b=1) Wall_1 host
uk__GB.ENG.SFH.04.Gen.ReEx.001.001__f100,GB.ENG.SFH.04.Gen.ReEx.001.001,uk,1.0,1,BUILD_REFUSED,,,,,,,0.03,False,False,False,,ValueError: S0 openings require an exterior (b=1) Wall_1 host
uk__GB.ENG.SFH.04.Gen.ReEx.001.001__f100,GB.ENG.SFH.04.Gen.ReEx.001.001,uk,1.0,2,BUILD_REFUSED,,,,,,,0.038,False,False,False,,ValueError: S0 openings require an exterior (b=1) Wall_1 host
uk__GB.ENG.SFH.04.Gen.ReEx.001.001__f100,GB.ENG.SFH.04.Gen.ReEx.001.001,uk,1.0,3,BUILD_REFUSED,,,,,,,0.037,False,False,False,,ValueError: S0 openings require an exterior (b=1) Wall_1 host
uk__GB.ENG.SFH.05.Gen.ReEx.001.001__f000,GB.ENG.SFH.05.Gen.ReEx.001.001,uk,0.0,1,BUILD_REFUSED,,,,,,,0.023,False,False,False,,ValueError: S0 openings require an exterior (b=1) Wall_1 host
uk__GB.ENG.SFH.05.Gen.ReEx.001.001__f000,GB.ENG.SFH.05.Gen.ReEx.001.001,uk,0.0,2,BUILD_REFUSED,,,,,,,0.03,False,False,False,,ValueError: S0 openings require an exterior (b=1) Wall_1 host
uk__GB.ENG.SFH.05.Gen.ReEx.001.001__f000,GB.ENG.SFH.05.Gen.ReEx.001.001,uk,0.0,3,BUILD_REFUSED,,,,,,,0.03,False,False,False,,ValueError: S0 openings require an exterior (b=1) Wall_1 host
uk__GB.ENG.SFH.05.Gen.ReEx.001.001__f015,GB.ENG.SFH.05.Gen.ReEx.001.001,uk,0.15,1,BUILD_REFUSED,,,,,,,0.036,False,False,False,,ValueError: S0 openings require an exterior (b=1) Wall_1 host
uk__GB.ENG.SFH.05.Gen.ReEx.001.001__f015,GB.ENG.SFH.05.Gen.ReEx.001.001,uk,0.15,2,BUILD_REFUSED,,,,,,,0.033,False,False,False,,ValueError: S0 openings require an exterior (b=1) Wall_1 host
uk__GB.ENG.SFH.05.Gen.ReEx.001.001__f015,GB.ENG.SFH.05.Gen.ReEx.001.001,uk,0.15,3,BUILD_REFUSED,,,,,,,0.04,False,False,False,,ValueError: S0 openings require an exterior (b=1) Wall_1 host
uk__GB.ENG.SFH.05.Gen.ReEx.001.001__f030,GB.ENG.SFH.05.Gen.ReEx.001.001,uk,0.3,1,BUILD_REFUSED,,,,,,,0.033,False,False,False,,ValueError: S0 openings require an exterior (b=1) Wall_1 host
uk__GB.ENG.SFH.05.Gen.ReEx.001.001__f030,GB.ENG.SFH.05.Gen.ReEx.001.001,uk,0.3,2,BUILD_REFUSED,,,,,,,0.029,False,False,False,,ValueError: S0 openings require an exterior (b=1) Wall_1 host
uk__GB.ENG.SFH.05.Gen.ReEx.001.001__f030,GB.ENG.SFH.05.Gen.ReEx.001.001,uk,0.3,3,BUILD_REFUSED,,,,,,,0.037,False,False,False,,ValueError: S0 openings require an exterior (b=1) Wall_1 host
uk__GB.ENG.SFH.05.Gen.ReEx.001.001__f050,GB.ENG.SFH.05.Gen.ReEx.001.001,uk,0.5,1,BUILD_REFUSED,,,,,,,0.034,False,False,False,,ValueError: S0 openings require an exterior (b=1) Wall_1 host
uk__GB.ENG.SFH.05.Gen.ReEx.001.001__f050,GB.ENG.SFH.05.Gen.ReEx.001.001,uk,0.5,2,BUILD_REFUSED,,,,,,,0.03,False,False,False,,ValueError: S0 openings require an exterior (b=1) Wall_1 host
uk__GB.ENG.SFH.05.Gen.ReEx.001.001__f050,GB.ENG.SFH.05.Gen.ReEx.001.001,uk,0.5,3,BUILD_REFUSED,,,,,,,0.03,False,False,False,,ValueError: S0 openings require an exterior (b=1) Wall_1 host
uk__GB.ENG.SFH.05.Gen.ReEx.001.001__f100,GB.ENG.SFH.05.Gen.ReEx.001.001,uk,1.0,1,BUILD_REFUSED,,,,,,,0.056,False,False,False,,ValueError: S0 openings require an exterior (b=1) Wall_1 host
uk__GB.ENG.SFH.05.Gen.ReEx.001.001__f100,GB.ENG.SFH.05.Gen.ReEx.001.001,uk,1.0,2,BUILD_REFUSED,,,,,,,0.06,False,False,False,,ValueError: S0 openings require an exterior (b=1) Wall_1 host
uk__GB.ENG.SFH.05.Gen.ReEx.001.001__f100,GB.ENG.SFH.05.Gen.ReEx.001.001,uk,1.0,3,BUILD_REFUSED,,,,,,,0.03,False,False,False,,ValueError: S0 openings require an exterior (b=1) Wall_1 host
uk__GB.ENG.SFH.06.Gen.ReEx.001.001__f000,GB.ENG.SFH.06.Gen.ReEx.001.001,uk,0.0,1,BUILD_REFUSED,,,,,,,0.029,False,False,False,,ValueError: S0 openings require an exterior (b=1) Wall_1 host
uk__GB.ENG.SFH.06.Gen.ReEx.001.001__f000,GB.ENG.SFH.06.Gen.ReEx.001.001,uk,0.0,2,BUILD_REFUSED,,,,,,,0.028,False,False,False,,ValueError: S0 openings require an exterior (b=1) Wall_1 host
uk__GB.ENG.SFH.06.Gen.ReEx.001.001__f000,GB.ENG.SFH.06.Gen.ReEx.001.001,uk,0.0,3,BUILD_REFUSED,,,,,,,0.029,False,False,False,,ValueError: S0 openings require an exterior (b=1) Wall_1 host
uk__GB.ENG.SFH.06.Gen.ReEx.001.001__f015,GB.ENG.SFH.06.Gen.ReEx.001.001,uk,0.15,1,BUILD_REFUSED,,,,,,,0.03,False,False,False,,ValueError: S0 openings require an exterior (b=1) Wall_1 host
uk__GB.ENG.SFH.06.Gen.ReEx.001.001__f015,GB.ENG.SFH.06.Gen.ReEx.001.001,uk,0.15,2,BUILD_REFUSED,,,,,,,0.032,False,False,False,,ValueError: S0 openings require an exterior (b=1) Wall_1 host
uk__GB.ENG.SFH.06.Gen.ReEx.001.001__f015,GB.ENG.SFH.06.Gen.ReEx.001.001,uk,0.15,3,BUILD_REFUSED,,,,,,,0.036,False,False,False,,ValueError: S0 openings require an exterior (b=1) Wall_1 host
uk__GB.ENG.SFH.06.Gen.ReEx.001.001__f030,GB.ENG.SFH.06.Gen.ReEx.001.001,uk,0.3,1,BUILD_REFUSED,,,,,,,0.032,False,False,False,,ValueError: S0 openings require an exterior (b=1) Wall_1 host
uk__GB.ENG.SFH.06.Gen.ReEx.001.001__f030,GB.ENG.SFH.06.Gen.ReEx.001.001,uk,0.3,2,BUILD_REFUSED,,,,,,,0.033,False,False,False,,ValueError: S0 openings require an exterior (b=1) Wall_1 host
uk__GB.ENG.SFH.06.Gen.ReEx.001.001__f030,GB.ENG.SFH.06.Gen.ReEx.001.001,uk,0.3,3,BUILD_REFUSED,,,,,,,0.036,False,False,False,,ValueError: S0 openings require an exterior (b=1) Wall_1 host
uk__GB.ENG.SFH.06.Gen.ReEx.001.001__f050,GB.ENG.SFH.06.Gen.ReEx.001.001,uk,0.5,1,BUILD_REFUSED,,,,,,,0.032,False,False,False,,ValueError: S0 openings require an exterior (b=1) Wall_1 host
uk__GB.ENG.SFH.06.Gen.ReEx.001.001__f050,GB.ENG.SFH.06.Gen.ReEx.001.001,uk,0.5,2,BUILD_REFUSED,,,,,,,0.034,False,False,False,,ValueError: S0 openings require an exterior (b=1) Wall_1 host
uk__GB.ENG.SFH.06.Gen.ReEx.001.001__f050,GB.ENG.SFH.06.Gen.ReEx.001.001,uk,0.5,3,BUILD_REFUSED,,,,,,,0.031,False,False,False,,ValueError: S0 openings require an exterior (b=1) Wall_1 host
uk__GB.ENG.SFH.06.Gen.ReEx.001.001__f100,GB.ENG.SFH.06.Gen.ReEx.001.001,uk,1.0,1,BUILD_REFUSED,,,,,,,0.034,False,False,False,,ValueError: S0 openings require an exterior (b=1) Wall_1 host
uk__GB.ENG.SFH.06.Gen.ReEx.001.001__f100,GB.ENG.SFH.06.Gen.ReEx.001.001,uk,1.0,2,BUILD_REFUSED,,,,,,,0.032,False,False,False,,ValueError: S0 openings require an exterior (b=1) Wall_1 host
uk__GB.ENG.SFH.06.Gen.ReEx.001.001__f100,GB.ENG.SFH.06.Gen.ReEx.001.001,uk,1.0,3,BUILD_REFUSED,,,,,,,0.028,False,False,False,,ValueError: S0 openings require an exterior (b=1) Wall_1 host
uk__GB.ENG.SFH.07.Gen.ReEx.001.001__f000,GB.ENG.SFH.07.Gen.ReEx.001.001,uk,0.0,1,BUILD_REFUSED,,,,,,,0.029,False,False,False,,ValueError: S0 openings require an exterior (b=1) Wall_1 host
uk__GB.ENG.SFH.07.Gen.ReEx.001.001__f000,GB.ENG.SFH.07.Gen.ReEx.001.001,uk,0.0,2,BUILD_REFUSED,,,,,,,0.027,False,False,False,,ValueError: S0 openings require an exterior (b=1) Wall_1 host
uk__GB.ENG.SFH.07.Gen.ReEx.001.001__f000,GB.ENG.SFH.07.Gen.ReEx.001.001,uk,0.0,3,BUILD_REFUSED,,,,,,,0.031,False,False,False,,ValueError: S0 openings require an exterior (b=1) Wall_1 host
uk__GB.ENG.SFH.07.Gen.ReEx.001.001__f015,GB.ENG.SFH.07.Gen.ReEx.001.001,uk,0.15,1,BUILD_REFUSED,,,,,,,0.027,False,False,False,,ValueError: S0 openings require an exterior (b=1) Wall_1 host
uk__GB.ENG.SFH.07.Gen.ReEx.001.001__f015,GB.ENG.SFH.07.Gen.ReEx.001.001,uk,0.15,2,BUILD_REFUSED,,,,,,,0.037,False,False,False,,ValueError: S0 openings require an exterior (b=1) Wall_1 host
uk__GB.ENG.SFH.07.Gen.ReEx.001.001__f015,GB.ENG.SFH.07.Gen.ReEx.001.001,uk,0.15,3,BUILD_REFUSED,,,,,,,0.037,False,False,False,,ValueError: S0 openings require an exterior (b=1) Wall_1 host
uk__GB.ENG.SFH.07.Gen.ReEx.001.001__f030,GB.ENG.SFH.07.Gen.ReEx.001.001,uk,0.3,1,BUILD_REFUSED,,,,,,,0.028,False,False,False,,ValueError: S0 openings require an exterior (b=1) Wall_1 host
uk__GB.ENG.SFH.07.Gen.ReEx.001.001__f030,GB.ENG.SFH.07.Gen.ReEx.001.001,uk,0.3,2,BUILD_REFUSED,,,,,,,0.029,False,False,False,,ValueError: S0 openings require an exterior (b=1) Wall_1 host
uk__GB.ENG.SFH.07.Gen.ReEx.001.001__f030,GB.ENG.SFH.07.Gen.ReEx.001.001,uk,0.3,3,BUILD_REFUSED,,,,,,,0.031,False,False,False,,ValueError: S0 openings require an exterior (b=1) Wall_1 host
uk__GB.ENG.SFH.07.Gen.ReEx.001.001__f050,GB.ENG.SFH.07.Gen.ReEx.001.001,uk,0.5,1,BUILD_REFUSED,,,,,,,0.032,False,False,False,,ValueError: S0 openings require an exterior (b=1) Wall_1 host
uk__GB.ENG.SFH.07.Gen.ReEx.001.001__f050,GB.ENG.SFH.07.Gen.ReEx.001.001,uk,0.5,2,BUILD_REFUSED,,,,,,,0.031,False,False,False,,ValueError: S0 openings require an exterior (b=1) Wall_1 host
uk__GB.ENG.SFH.07.Gen.ReEx.001.001__f050,GB.ENG.SFH.07.Gen.ReEx.001.001,uk,0.5,3,BUILD_REFUSED,,,,,,,0.034,False,False,False,,ValueError: S0 openings require an exterior (b=1) Wall_1 host
uk__GB.ENG.SFH.07.Gen.ReEx.001.001__f100,GB.ENG.SFH.07.Gen.ReEx.001.001,uk,1.0,1,BUILD_REFUSED,,,,,,,0.036,False,False,False,,ValueError: S0 openings require an exterior (b=1) Wall_1 host
uk__GB.ENG.SFH.07.Gen.ReEx.001.001__f100,GB.ENG.SFH.07.Gen.ReEx.001.001,uk,1.0,2,BUILD_REFUSED,,,,,,,0.034,False,False,False,,ValueError: S0 openings require an exterior (b=1) Wall_1 host
uk__GB.ENG.SFH.07.Gen.ReEx.001.001__f100,GB.ENG.SFH.07.Gen.ReEx.001.001,uk,1.0,3,BUILD_REFUSED,,,,,,,0.06,False,False,False,,ValueError: S0 openings require an exterior (b=1) Wall_1 host
uk__GB.ENG.SFH.08.Gen.ReEx.001.001__f000,GB.ENG.SFH.08.Gen.ReEx.001.001,uk,0.0,1,BUILD_REFUSED,,,,,,,0.029,False,False,False,,ValueError: S0 openings require an exterior (b=1) Wall_1 host
uk__GB.ENG.SFH.08.Gen.ReEx.001.001__f000,GB.ENG.SFH.08.Gen.ReEx.001.001,uk,0.0,2,BUILD_REFUSED,,,,,,,0.03,False,False,False,,ValueError: S0 openings require an exterior (b=1) Wall_1 host
uk__GB.ENG.SFH.08.Gen.ReEx.001.001__f000,GB.ENG.SFH.08.Gen.ReEx.001.001,uk,0.0,3,BUILD_REFUSED,,,,,,,0.025,False,False,False,,ValueError: S0 openings require an exterior (b=1) Wall_1 host
uk__GB.ENG.SFH.08.Gen.ReEx.001.001__f015,GB.ENG.SFH.08.Gen.ReEx.001.001,uk,0.15,1,BUILD_REFUSED,,,,,,,0.034,False,False,False,,ValueError: S0 openings require an exterior (b=1) Wall_1 host
uk__GB.ENG.SFH.08.Gen.ReEx.001.001__f015,GB.ENG.SFH.08.Gen.ReEx.001.001,uk,0.15,2,BUILD_REFUSED,,,,,,,0.033,False,False,False,,ValueError: S0 openings require an exterior (b=1) Wall_1 host
uk__GB.ENG.SFH.08.Gen.ReEx.001.001__f015,GB.ENG.SFH.08.Gen.ReEx.001.001,uk,0.15,3,BUILD_REFUSED,,,,,,,0.029,False,False,False,,ValueError: S0 openings require an exterior (b=1) Wall_1 host
uk__GB.ENG.SFH.08.Gen.ReEx.001.001__f030,GB.ENG.SFH.08.Gen.ReEx.001.001,uk,0.3,1,BUILD_REFUSED,,,,,,,0.031,False,False,False,,ValueError: S0 openings require an exterior (b=1) Wall_1 host
uk__GB.ENG.SFH.08.Gen.ReEx.001.001__f030,GB.ENG.SFH.08.Gen.ReEx.001.001,uk,0.3,2,BUILD_REFUSED,,,,,,,0.029,False,False,False,,ValueError: S0 openings require an exterior (b=1) Wall_1 host
uk__GB.ENG.SFH.08.Gen.ReEx.001.001__f030,GB.ENG.SFH.08.Gen.ReEx.001.001,uk,0.3,3,BUILD_REFUSED,,,,,,,0.032,False,False,False,,ValueError: S0 openings require an exterior (b=1) Wall_1 host
uk__GB.ENG.SFH.08.Gen.ReEx.001.001__f050,GB.ENG.SFH.08.Gen.ReEx.001.001,uk,0.5,1,BUILD_REFUSED,,,,,,,0.034,False,False,False,,ValueError: S0 openings require an exterior (b=1) Wall_1 host
uk__GB.ENG.SFH.08.Gen.ReEx.001.001__f050,GB.ENG.SFH.08.Gen.ReEx.001.001,uk,0.5,2,BUILD_REFUSED,,,,,,,0.032,False,False,False,,ValueError: S0 openings require an exterior (b=1) Wall_1 host
uk__GB.ENG.SFH.08.Gen.ReEx.001.001__f050,GB.ENG.SFH.08.Gen.ReEx.001.001,uk,0.5,3,BUILD_REFUSED,,,,,,,0.032,False,False,False,,ValueError: S0 openings require an exterior (b=1) Wall_1 host
uk__GB.ENG.SFH.08.Gen.ReEx.001.001__f100,GB.ENG.SFH.08.Gen.ReEx.001.001,uk,1.0,1,BUILD_REFUSED,,,,,,,0.039,False,False,False,,ValueError: S0 openings require an exterior (b=1) Wall_1 host
uk__GB.ENG.SFH.08.Gen.ReEx.001.001__f100,GB.ENG.SFH.08.Gen.ReEx.001.001,uk,1.0,2,BUILD_REFUSED,,,,,,,0.029,False,False,False,,ValueError: S0 openings require an exterior (b=1) Wall_1 host
uk__GB.ENG.SFH.08.Gen.ReEx.001.001__f100,GB.ENG.SFH.08.Gen.ReEx.001.001,uk,1.0,3,BUILD_REFUSED,,,,,,,0.035,False,False,False,,ValueError: S0 openings require an exterior (b=1) Wall_1 host
uk__GB.ENG.TH.01.Gen.ReEx.001.001__f000,GB.ENG.TH.01.Gen.ReEx.001.001,uk,0.0,1,ATTEMPTED,True,COMPLETED,0,0,0,21257.41445334942,4.273,False,False,False,7ae18dea483549fc13d25cf9e25abcb070b9ed83031a2a4e377f45e4e9cad5a5,
uk__GB.ENG.TH.01.Gen.ReEx.001.001__f000,GB.ENG.TH.01.Gen.ReEx.001.001,uk,0.0,2,ATTEMPTED,True,COMPLETED,0,0,0,21257.41445334942,4.326,False,False,False,9edaacb5d0ed8031412079374e8c65401cd605ad649e0bb03f516d1d9720ce7a,
uk__GB.ENG.TH.01.Gen.ReEx.001.001__f000,GB.ENG.TH.01.Gen.ReEx.001.001,uk,0.0,3,ATTEMPTED,True,COMPLETED,0,0,0,21119.675944027353,4.249,False,False,False,55f88cf0806bfdd401bfb4a82015a69fbc1f393fae8625ea84dc3107112b0a8a,
uk__GB.ENG.TH.01.Gen.ReEx.001.001__f015,GB.ENG.TH.01.Gen.ReEx.001.001,uk,0.15,1,ATTEMPTED,True,COMPLETED,0,0,0,21248.107910084927,4.333,False,False,False,433b4dc886cd084b0d56535cf18bd225da6a54de823aac929c6803eed30197c9,
uk__GB.ENG.TH.01.Gen.ReEx.001.001__f015,GB.ENG.TH.01.Gen.ReEx.001.001,uk,0.15,2,ATTEMPTED,False,ENGINE_FAILED,1,1,1,None,0.632,False,False,False,29cd7612df617f52867f6323ee223329cec82ba83ca18f5bb4a29d130709947f,
uk__GB.ENG.TH.01.Gen.ReEx.001.001__f015,GB.ENG.TH.01.Gen.ReEx.001.001,uk,0.15,3,ATTEMPTED,True,COMPLETED,0,0,0,21248.107910084927,4.318,False,False,False,89893cacdb82ae76f82ad94239834f06c09ff2776ec5c24ba0717a14561fe49a,
uk__GB.ENG.TH.01.Gen.ReEx.001.001__f030,GB.ENG.TH.01.Gen.ReEx.001.001,uk,0.3,1,ATTEMPTED,True,COMPLETED,0,0,0,21239.89829675158,4.363,False,False,False,8782dc9ed91a6818683a075a0d34b5262c1f7adf25f0640a47dbcb56abb6b373,
uk__GB.ENG.TH.01.Gen.ReEx.001.001__f030,GB.ENG.TH.01.Gen.ReEx.001.001,uk,0.3,2,ATTEMPTED,True,COMPLETED,0,0,0,21239.89829675158,4.306,False,False,False,37203165ae1ee5c79c9ed1c2a942a0e0e9c339dd827c4c7a9e5531bac921c03b,
uk__GB.ENG.TH.01.Gen.ReEx.001.001__f030,GB.ENG.TH.01.Gen.ReEx.001.001,uk,0.3,3,ATTEMPTED,True,COMPLETED,0,0,0,21239.89829675158,4.032,False,False,False,58307aeef421ed55b21a403e4b30c7d21fe1bfb627cf655d3f3ef13fc8693978,
uk__GB.ENG.TH.01.Gen.ReEx.001.001__f050,GB.ENG.TH.01.Gen.ReEx.001.001,uk,0.5,1,ATTEMPTED,True,COMPLETED,0,0,0,21230.61735710802,4.089,False,False,False,75cb44acb6f7bf72bb33dd37416fe3c46f788007096ac99e3b17d7a051532647,
uk__GB.ENG.TH.01.Gen.ReEx.001.001__f050,GB.ENG.TH.01.Gen.ReEx.001.001,uk,0.5,2,ATTEMPTED,True,COMPLETED,0,0,0,21230.61735710802,4.017,False,False,False,bd782cf6ff57969e3b99eefc533ee0633a9da1249fec6a263cea6d8cf4242669,
uk__GB.ENG.TH.01.Gen.ReEx.001.001__f050,GB.ENG.TH.01.Gen.ReEx.001.001,uk,0.5,3,ATTEMPTED,True,COMPLETED,0,0,0,21230.61735710802,4.084,False,False,False,09586bb3cf72c295702cd20d7d75e53ab9366dca474656a0f745c3a3692202b9,
uk__GB.ENG.TH.01.Gen.ReEx.001.001__f100,GB.ENG.TH.01.Gen.ReEx.001.001,uk,1.0,1,ATTEMPTED,True,COMPLETED,0,0,0,21216.090534636198,4.033,False,False,False,35ca3c5322baf8c44b626826eb04c532c0cfa1c1cea8ee06649f3ad12787ed30,
uk__GB.ENG.TH.01.Gen.ReEx.001.001__f100,GB.ENG.TH.01.Gen.ReEx.001.001,uk,1.0,2,ATTEMPTED,True,COMPLETED,0,0,0,21216.090534636198,4.132,False,False,False,6303668577da65c8de5ef0c843404dcec7991ce10ee31b9bfbdf2475148af9ed,
uk__GB.ENG.TH.01.Gen.ReEx.001.001__f100,GB.ENG.TH.01.Gen.ReEx.001.001,uk,1.0,3,ATTEMPTED,True,COMPLETED,0,0,0,21216.090534636198,4.083,False,False,False,1af4cf116953513f2dc0c7008a5cd9a7bdce7a7841451ab4ed9538f7b402f9d7,
uk__GB.ENG.TH.01.Terraced.SyAv.001.001__f000,GB.ENG.TH.01.Terraced.SyAv.001.001,uk,0.0,1,BUILD_REFUSED,,,,,,,0.026,False,False,False,,ValueError: S0 openings require an exterior (b=1) Wall_1 host
uk__GB.ENG.TH.01.Terraced.SyAv.001.001__f000,GB.ENG.TH.01.Terraced.SyAv.001.001,uk,0.0,2,BUILD_REFUSED,,,,,,,0.024,False,False,False,,ValueError: S0 openings require an exterior (b=1) Wall_1 host
uk__GB.ENG.TH.01.Terraced.SyAv.001.001__f000,GB.ENG.TH.01.Terraced.SyAv.001.001,uk,0.0,3,BUILD_REFUSED,,,,,,,0.029,False,False,False,,ValueError: S0 openings require an exterior (b=1) Wall_1 host
uk__GB.ENG.TH.01.Terraced.SyAv.001.001__f015,GB.ENG.TH.01.Terraced.SyAv.001.001,uk,0.15,1,BUILD_REFUSED,,,,,,,0.031,False,False,False,,ValueError: S0 openings require an exterior (b=1) Wall_1 host
uk__GB.ENG.TH.01.Terraced.SyAv.001.001__f015,GB.ENG.TH.01.Terraced.SyAv.001.001,uk,0.15,2,BUILD_REFUSED,,,,,,,0.035,False,False,False,,ValueError: S0 openings require an exterior (b=1) Wall_1 host
uk__GB.ENG.TH.01.Terraced.SyAv.001.001__f015,GB.ENG.TH.01.Terraced.SyAv.001.001,uk,0.15,3,BUILD_REFUSED,,,,,,,0.029,False,False,False,,ValueError: S0 openings require an exterior (b=1) Wall_1 host
uk__GB.ENG.TH.01.Terraced.SyAv.001.001__f030,GB.ENG.TH.01.Terraced.SyAv.001.001,uk,0.3,1,BUILD_REFUSED,,,,,,,0.029,False,False,False,,ValueError: S0 openings require an exterior (b=1) Wall_1 host
uk__GB.ENG.TH.01.Terraced.SyAv.001.001__f030,GB.ENG.TH.01.Terraced.SyAv.001.001,uk,0.3,2,BUILD_REFUSED,,,,,,,0.029,False,False,False,,ValueError: S0 openings require an exterior (b=1) Wall_1 host
uk__GB.ENG.TH.01.Terraced.SyAv.001.001__f030,GB.ENG.TH.01.Terraced.SyAv.001.001,uk,0.3,3,BUILD_REFUSED,,,,,,,0.028,False,False,False,,ValueError: S0 openings require an exterior (b=1) Wall_1 host
uk__GB.ENG.TH.01.Terraced.SyAv.001.001__f050,GB.ENG.TH.01.Terraced.SyAv.001.001,uk,0.5,1,BUILD_REFUSED,,,,,,,0.084,False,False,False,,ValueError: S0 openings require an exterior (b=1) Wall_1 host
uk__GB.ENG.TH.01.Terraced.SyAv.001.001__f050,GB.ENG.TH.01.Terraced.SyAv.001.001,uk,0.5,2,BUILD_REFUSED,,,,,,,0.031,False,False,False,,ValueError: S0 openings require an exterior (b=1) Wall_1 host
uk__GB.ENG.TH.01.Terraced.SyAv.001.001__f050,GB.ENG.TH.01.Terraced.SyAv.001.001,uk,0.5,3,BUILD_REFUSED,,,,,,,0.036,False,False,False,,ValueError: S0 openings require an exterior (b=1) Wall_1 host
uk__GB.ENG.TH.01.Terraced.SyAv.001.001__f100,GB.ENG.TH.01.Terraced.SyAv.001.001,uk,1.0,1,BUILD_REFUSED,,,,,,,0.03,False,False,False,,ValueError: S0 openings require an exterior (b=1) Wall_1 host
uk__GB.ENG.TH.01.Terraced.SyAv.001.001__f100,GB.ENG.TH.01.Terraced.SyAv.001.001,uk,1.0,2,BUILD_REFUSED,,,,,,,0.032,False,False,False,,ValueError: S0 openings require an exterior (b=1) Wall_1 host
uk__GB.ENG.TH.01.Terraced.SyAv.001.001__f100,GB.ENG.TH.01.Terraced.SyAv.001.001,uk,1.0,3,BUILD_REFUSED,,,,,,,0.032,False,False,False,,ValueError: S0 openings require an exterior (b=1) Wall_1 host
uk__GB.ENG.TH.02-03.Terraced.SyAv.002.001__f000,GB.ENG.TH.02-03.Terraced.SyAv.002.001,uk,0.0,1,BUILD_REFUSED,,,,,,,0.049,False,False,False,,ValueError: S0 openings require an exterior (b=1) Wall_1 host
uk__GB.ENG.TH.02-03.Terraced.SyAv.002.001__f000,GB.ENG.TH.02-03.Terraced.SyAv.002.001,uk,0.0,2,BUILD_REFUSED,,,,,,,0.03,False,False,False,,ValueError: S0 openings require an exterior (b=1) Wall_1 host
uk__GB.ENG.TH.02-03.Terraced.SyAv.002.001__f000,GB.ENG.TH.02-03.Terraced.SyAv.002.001,uk,0.0,3,BUILD_REFUSED,,,,,,,0.035,False,False,False,,ValueError: S0 openings require an exterior (b=1) Wall_1 host
uk__GB.ENG.TH.02-03.Terraced.SyAv.002.001__f015,GB.ENG.TH.02-03.Terraced.SyAv.002.001,uk,0.15,1,BUILD_REFUSED,,,,,,,0.03,False,False,False,,ValueError: S0 openings require an exterior (b=1) Wall_1 host
uk__GB.ENG.TH.02-03.Terraced.SyAv.002.001__f015,GB.ENG.TH.02-03.Terraced.SyAv.002.001,uk,0.15,2,BUILD_REFUSED,,,,,,,0.028,False,False,False,,ValueError: S0 openings require an exterior (b=1) Wall_1 host
uk__GB.ENG.TH.02-03.Terraced.SyAv.002.001__f015,GB.ENG.TH.02-03.Terraced.SyAv.002.001,uk,0.15,3,BUILD_REFUSED,,,,,,,0.03,False,False,False,,ValueError: S0 openings require an exterior (b=1) Wall_1 host
uk__GB.ENG.TH.02-03.Terraced.SyAv.002.001__f030,GB.ENG.TH.02-03.Terraced.SyAv.002.001,uk,0.3,1,BUILD_REFUSED,,,,,,,0.036,False,False,False,,ValueError: S0 openings require an exterior (b=1) Wall_1 host
uk__GB.ENG.TH.02-03.Terraced.SyAv.002.001__f030,GB.ENG.TH.02-03.Terraced.SyAv.002.001,uk,0.3,2,BUILD_REFUSED,,,,,,,0.033,False,False,False,,ValueError: S0 openings require an exterior (b=1) Wall_1 host
uk__GB.ENG.TH.02-03.Terraced.SyAv.002.001__f030,GB.ENG.TH.02-03.Terraced.SyAv.002.001,uk,0.3,3,BUILD_REFUSED,,,,,,,0.03,False,False,False,,ValueError: S0 openings require an exterior (b=1) Wall_1 host
uk__GB.ENG.TH.02-03.Terraced.SyAv.002.001__f050,GB.ENG.TH.02-03.Terraced.SyAv.002.001,uk,0.5,1,BUILD_REFUSED,,,,,,,0.028,False,False,False,,ValueError: S0 openings require an exterior (b=1) Wall_1 host
uk__GB.ENG.TH.02-03.Terraced.SyAv.002.001__f050,GB.ENG.TH.02-03.Terraced.SyAv.002.001,uk,0.5,2,BUILD_REFUSED,,,,,,,0.033,False,False,False,,ValueError: S0 openings require an exterior (b=1) Wall_1 host
uk__GB.ENG.TH.02-03.Terraced.SyAv.002.001__f050,GB.ENG.TH.02-03.Terraced.SyAv.002.001,uk,0.5,3,BUILD_REFUSED,,,,,,,0.029,False,False,False,,ValueError: S0 openings require an exterior (b=1) Wall_1 host
uk__GB.ENG.TH.02-03.Terraced.SyAv.002.001__f100,GB.ENG.TH.02-03.Terraced.SyAv.002.001,uk,1.0,1,BUILD_REFUSED,,,,,,,0.032,False,False,False,,ValueError: S0 openings require an exterior (b=1) Wall_1 host
uk__GB.ENG.TH.02-03.Terraced.SyAv.002.001__f100,GB.ENG.TH.02-03.Terraced.SyAv.002.001,uk,1.0,2,BUILD_REFUSED,,,,,,,0.028,False,False,False,,ValueError: S0 openings require an exterior (b=1) Wall_1 host
uk__GB.ENG.TH.02-03.Terraced.SyAv.002.001__f100,GB.ENG.TH.02-03.Terraced.SyAv.002.001,uk,1.0,3,BUILD_REFUSED,,,,,,,0.039,False,False,False,,ValueError: S0 openings require an exterior (b=1) Wall_1 host
uk__GB.ENG.TH.02.Gen.ReEx.001.001__f000,GB.ENG.TH.02.Gen.ReEx.001.001,uk,0.0,1,ATTEMPTED,True,COMPLETED,0,0,0,20762.949443108046,4.109,False,False,False,5456c48184854242b8baf25b241c07652466f0952461155972cefa6893e0a594,
uk__GB.ENG.TH.02.Gen.ReEx.001.001__f000,GB.ENG.TH.02.Gen.ReEx.001.001,uk,0.0,2,ATTEMPTED,True,COMPLETED,0,0,0,20762.949443108046,4.067,False,False,False,d88135f3a740d70c9b27e185cd331ff9af5f3d9b0811f1d44abb0cee65cc3421,
uk__GB.ENG.TH.02.Gen.ReEx.001.001__f000,GB.ENG.TH.02.Gen.ReEx.001.001,uk,0.0,3,ATTEMPTED,False,ENGINE_FAILED,1,1,1,None,0.622,False,False,False,69848bf6710d5c9e8b1cf3612a6a878759188c2344ce44ce822ff38c1c300427,
uk__GB.ENG.TH.02.Gen.ReEx.001.001__f015,GB.ENG.TH.02.Gen.ReEx.001.001,uk,0.15,1,ATTEMPTED,True,COMPLETED,0,0,0,20762.12193038211,4.152,False,False,False,5ea4df8e0464cc9c25c126a6a8d02c0c5bd5b7d4c12ae60457217080c1c4367c,
uk__GB.ENG.TH.02.Gen.ReEx.001.001__f015,GB.ENG.TH.02.Gen.ReEx.001.001,uk,0.15,2,ATTEMPTED,True,COMPLETED,0,0,0,20762.12193038211,4.073,False,False,False,61b9929111a0e06dd25a248c7ba47a047e5ef1b665ebcd5fefdbcdf0f3efb317,
uk__GB.ENG.TH.02.Gen.ReEx.001.001__f015,GB.ENG.TH.02.Gen.ReEx.001.001,uk,0.15,3,ATTEMPTED,True,COMPLETED,0,0,0,20624.839759516533,4.023,False,False,False,79d0a7ca12956aba30eba8da62f31220806d9d26a9ced43c76b512a2bac8c147,
uk__GB.ENG.TH.02.Gen.ReEx.001.001__f030,GB.ENG.TH.02.Gen.ReEx.001.001,uk,0.3,1,ATTEMPTED,True,COMPLETED,0,0,0,20761.404003384665,4.145,False,False,False,e1c1cc605144cc5a57cd29cd736555c85125ab7a35cfac25493e659a04d85c4e,
uk__GB.ENG.TH.02.Gen.ReEx.001.001__f030,GB.ENG.TH.02.Gen.ReEx.001.001,uk,0.3,2,ATTEMPTED,True,COMPLETED,0,0,0,20761.404003384665,4.01,False,False,False,2130198ffeb36f892a96c05e4844c741a4e277d7363b116387c8ce94db8688c7,
uk__GB.ENG.TH.02.Gen.ReEx.001.001__f030,GB.ENG.TH.02.Gen.ReEx.001.001,uk,0.3,3,ATTEMPTED,True,COMPLETED,0,0,0,20761.404003384665,4.073,False,False,False,c03677efdb24e87ac92f3b3b518dd4e6cb56a6f6f12d53d315fa05ce9d159a80,
uk__GB.ENG.TH.02.Gen.ReEx.001.001__f050,GB.ENG.TH.02.Gen.ReEx.001.001,uk,0.5,1,ATTEMPTED,True,COMPLETED,0,0,0,20760.629953740157,4.04,False,False,False,cbf8eda42ed4190ae64f2384741e028e376826a1bbccb1f725f11c51892d6fc3,
uk__GB.ENG.TH.02.Gen.ReEx.001.001__f050,GB.ENG.TH.02.Gen.ReEx.001.001,uk,0.5,2,ATTEMPTED,True,COMPLETED,0,0,0,20760.629953740157,4.093,False,False,False,b3ef7a492cd3ec6d8b29249b3e43114d4e77f3f1e86e79506bd7412b53eab024,
uk__GB.ENG.TH.02.Gen.ReEx.001.001__f050,GB.ENG.TH.02.Gen.ReEx.001.001,uk,0.5,3,ATTEMPTED,True,COMPLETED,0,0,0,20760.629953740157,4.158,False,False,False,08d3d73467dd0a2255c0f249f4c4c9c2314ed9d21f8dbb18ce5c10ff6f00816e,
uk__GB.ENG.TH.02.Gen.ReEx.001.001__f100,GB.ENG.TH.02.Gen.ReEx.001.001,uk,1.0,1,ATTEMPTED,True,COMPLETED,0,0,0,20759.64101799972,4.057,False,False,False,632cded79619507cfe46854783e4a86293910bd94096c1c372e50c3e893e7793,
uk__GB.ENG.TH.02.Gen.ReEx.001.001__f100,GB.ENG.TH.02.Gen.ReEx.001.001,uk,1.0,2,ATTEMPTED,True,COMPLETED,0,0,0,20759.64101799972,3.999,False,False,False,b7dbf69570b9d748443d2ca18c103d5e05a302cac3f431d0e33ea149ea8a8cb0,
uk__GB.ENG.TH.02.Gen.ReEx.001.001__f100,GB.ENG.TH.02.Gen.ReEx.001.001,uk,1.0,3,ATTEMPTED,False,ENGINE_FAILED,1,1,1,None,0.592,False,False,False,e5e57ce4a659e2ad8487da083395ddff1e2cd6fa7f2ccd7e68f49294173f8402,
uk__GB.ENG.TH.03.Gen.ReEx.001.001__f000,GB.ENG.TH.03.Gen.ReEx.001.001,uk,0.0,1,ATTEMPTED,True,COMPLETED,0,0,0,18341.59347355943,4.144,False,False,False,36a789ac1e83485d4c18f3e2ae64912fb4e577e62fa0431bf2a3bc1579b392f8,
uk__GB.ENG.TH.03.Gen.ReEx.001.001__f000,GB.ENG.TH.03.Gen.ReEx.001.001,uk,0.0,2,ATTEMPTED,True,COMPLETED,0,0,0,18341.59347355943,4.182,False,False,False,3355bfe4e15058642906fd7cefbab6841cb4bca76f60b85a37519c227e6e96f6,
uk__GB.ENG.TH.03.Gen.ReEx.001.001__f000,GB.ENG.TH.03.Gen.ReEx.001.001,uk,0.0,3,ATTEMPTED,True,COMPLETED,0,0,0,18341.59347355943,4.185,False,False,False,d2b00fb9a04649d34a63b423164edea83fd09b7969950f2a1c5d6d344ada01cf,
uk__GB.ENG.TH.03.Gen.ReEx.001.001__f015,GB.ENG.TH.03.Gen.ReEx.001.001,uk,0.15,1,ATTEMPTED,True,COMPLETED,0,0,0,18337.717784028224,4.298,False,False,False,1b51571464bc14a57c532e80e95615db5108c2459dc42342762096343a34a13e,
uk__GB.ENG.TH.03.Gen.ReEx.001.001__f015,GB.ENG.TH.03.Gen.ReEx.001.001,uk,0.15,2,ATTEMPTED,True,COMPLETED,0,0,0,18337.717784028224,4.274,False,False,False,a114d45b6665e6460145c00eda118bbecd798b8f419a59a7b14dcfddf919495c,
uk__GB.ENG.TH.03.Gen.ReEx.001.001__f015,GB.ENG.TH.03.Gen.ReEx.001.001,uk,0.15,3,ATTEMPTED,True,COMPLETED,0,0,0,18337.717784028224,4.174,False,False,False,88c7c5f498c7a817620b490f517308a26fbac2238d3cda342e32c8e6eed3bad9,
uk__GB.ENG.TH.03.Gen.ReEx.001.001__f030,GB.ENG.TH.03.Gen.ReEx.001.001,uk,0.3,1,ATTEMPTED,True,COMPLETED,0,0,0,18334.274402219296,4.113,False,False,False,f5f00dd4908aa3ea3ef607d034b5286c247c1006c7afa97b8dbf855f799a1759,
uk__GB.ENG.TH.03.Gen.ReEx.001.001__f030,GB.ENG.TH.03.Gen.ReEx.001.001,uk,0.3,2,ATTEMPTED,True,COMPLETED,0,0,0,17876.530413542867,4.168,False,False,False,474815e2a8ff8d054dd4f40539277de2effbbba4cf7e215255980f0cd3db94f4,
uk__GB.ENG.TH.03.Gen.ReEx.001.001__f030,GB.ENG.TH.03.Gen.ReEx.001.001,uk,0.3,3,ATTEMPTED,True,COMPLETED,0,0,0,18334.274402219296,4.091,False,False,False,c2a0dd83ac34524e98a82a3dd6bc1725cfa4e8faf44e66701852caf3ce5d33ad,
uk__GB.ENG.TH.03.Gen.ReEx.001.001__f050,GB.ENG.TH.03.Gen.ReEx.001.001,uk,0.5,1,ATTEMPTED,True,COMPLETED,0,0,0,18330.33124022362,4.08,False,False,False,07dafc404b6bd8c2a47623a80b86f35f6312bf5e5a7fdbc541060fdda94da44c,
uk__GB.ENG.TH.03.Gen.ReEx.001.001__f050,GB.ENG.TH.03.Gen.ReEx.001.001,uk,0.5,2,ATTEMPTED,True,COMPLETED,0,0,0,18330.33124022362,4.013,False,False,False,de04577613c6f77545d817fd3a487621014c4350457d779bcdb9751bbc2ffd51,
uk__GB.ENG.TH.03.Gen.ReEx.001.001__f050,GB.ENG.TH.03.Gen.ReEx.001.001,uk,0.5,3,ATTEMPTED,True,COMPLETED,0,0,0,18330.33124022362,4.052,False,False,False,30835e29f570190b35ab4520b1d5fb69f44376f111ccc9ce65b1b2908c92c7f2,
uk__GB.ENG.TH.03.Gen.ReEx.001.001__f100,GB.ENG.TH.03.Gen.ReEx.001.001,uk,1.0,1,ATTEMPTED,True,COMPLETED,0,0,0,18323.70803696875,3.955,False,False,False,57785dac5809738ff485e03d4672e10d7c753ecdc0e2cbce5f036f96075dd709,
uk__GB.ENG.TH.03.Gen.ReEx.001.001__f100,GB.ENG.TH.03.Gen.ReEx.001.001,uk,1.0,2,ATTEMPTED,True,COMPLETED,0,0,0,18323.70803696875,4.105,False,False,False,3c0708f6514e416f3453ea7acdd43925ccd7ac73da146b14fba2e5ea3c3f8ef6,
uk__GB.ENG.TH.03.Gen.ReEx.001.001__f100,GB.ENG.TH.03.Gen.ReEx.001.001,uk,1.0,3,ATTEMPTED,True,COMPLETED,0,0,0,18323.70803696875,4.148,False,False,False,ba6f774814f874d77a510b44aafc91978c0358f215635ea05fa4323c9fca6f92,
uk__GB.ENG.TH.04-08.Terraced.SyAv.005.001__f000,GB.ENG.TH.04-08.Terraced.SyAv.005.001,uk,0.0,1,BUILD_REFUSED,,,,,,,0.027,False,False,False,,ValueError: S0 openings require an exterior (b=1) Wall_1 host
uk__GB.ENG.TH.04-08.Terraced.SyAv.005.001__f000,GB.ENG.TH.04-08.Terraced.SyAv.005.001,uk,0.0,2,BUILD_REFUSED,,,,,,,0.029,False,False,False,,ValueError: S0 openings require an exterior (b=1) Wall_1 host
uk__GB.ENG.TH.04-08.Terraced.SyAv.005.001__f000,GB.ENG.TH.04-08.Terraced.SyAv.005.001,uk,0.0,3,BUILD_REFUSED,,,,,,,0.028,False,False,False,,ValueError: S0 openings require an exterior (b=1) Wall_1 host
uk__GB.ENG.TH.04-08.Terraced.SyAv.005.001__f015,GB.ENG.TH.04-08.Terraced.SyAv.005.001,uk,0.15,1,BUILD_REFUSED,,,,,,,0.034,False,False,False,,ValueError: S0 openings require an exterior (b=1) Wall_1 host
uk__GB.ENG.TH.04-08.Terraced.SyAv.005.001__f015,GB.ENG.TH.04-08.Terraced.SyAv.005.001,uk,0.15,2,BUILD_REFUSED,,,,,,,0.03,False,False,False,,ValueError: S0 openings require an exterior (b=1) Wall_1 host
uk__GB.ENG.TH.04-08.Terraced.SyAv.005.001__f015,GB.ENG.TH.04-08.Terraced.SyAv.005.001,uk,0.15,3,BUILD_REFUSED,,,,,,,0.036,False,False,False,,ValueError: S0 openings require an exterior (b=1) Wall_1 host
uk__GB.ENG.TH.04-08.Terraced.SyAv.005.001__f030,GB.ENG.TH.04-08.Terraced.SyAv.005.001,uk,0.3,1,BUILD_REFUSED,,,,,,,0.032,False,False,False,,ValueError: S0 openings require an exterior (b=1) Wall_1 host
uk__GB.ENG.TH.04-08.Terraced.SyAv.005.001__f030,GB.ENG.TH.04-08.Terraced.SyAv.005.001,uk,0.3,2,BUILD_REFUSED,,,,,,,0.03,False,False,False,,ValueError: S0 openings require an exterior (b=1) Wall_1 host
uk__GB.ENG.TH.04-08.Terraced.SyAv.005.001__f030,GB.ENG.TH.04-08.Terraced.SyAv.005.001,uk,0.3,3,BUILD_REFUSED,,,,,,,0.031,False,False,False,,ValueError: S0 openings require an exterior (b=1) Wall_1 host
uk__GB.ENG.TH.04-08.Terraced.SyAv.005.001__f050,GB.ENG.TH.04-08.Terraced.SyAv.005.001,uk,0.5,1,BUILD_REFUSED,,,,,,,0.034,False,False,False,,ValueError: S0 openings require an exterior (b=1) Wall_1 host
uk__GB.ENG.TH.04-08.Terraced.SyAv.005.001__f050,GB.ENG.TH.04-08.Terraced.SyAv.005.001,uk,0.5,2,BUILD_REFUSED,,,,,,,0.032,False,False,False,,ValueError: S0 openings require an exterior (b=1) Wall_1 host
uk__GB.ENG.TH.04-08.Terraced.SyAv.005.001__f050,GB.ENG.TH.04-08.Terraced.SyAv.005.001,uk,0.5,3,BUILD_REFUSED,,,,,,,0.037,False,False,False,,ValueError: S0 openings require an exterior (b=1) Wall_1 host
uk__GB.ENG.TH.04-08.Terraced.SyAv.005.001__f100,GB.ENG.TH.04-08.Terraced.SyAv.005.001,uk,1.0,1,BUILD_REFUSED,,,,,,,0.034,False,False,False,,ValueError: S0 openings require an exterior (b=1) Wall_1 host
uk__GB.ENG.TH.04-08.Terraced.SyAv.005.001__f100,GB.ENG.TH.04-08.Terraced.SyAv.005.001,uk,1.0,2,BUILD_REFUSED,,,,,,,0.031,False,False,False,,ValueError: S0 openings require an exterior (b=1) Wall_1 host
uk__GB.ENG.TH.04-08.Terraced.SyAv.005.001__f100,GB.ENG.TH.04-08.Terraced.SyAv.005.001,uk,1.0,3,BUILD_REFUSED,,,,,,,0.033,False,False,False,,ValueError: S0 openings require an exterior (b=1) Wall_1 host
uk__GB.ENG.TH.04.Gen.ReEx.001.001__f000,GB.ENG.TH.04.Gen.ReEx.001.001,uk,0.0,1,ATTEMPTED,True,COMPLETED,0,0,0,14573.35096926412,4.156,False,False,False,a1ef7d4eb38b407a67f11d460d1c77617e909d9f767247c9fb704ff58e88e86e,
uk__GB.ENG.TH.04.Gen.ReEx.001.001__f000,GB.ENG.TH.04.Gen.ReEx.001.001,uk,0.0,2,ATTEMPTED,False,ENGINE_FAILED,1,29,1,None,2.645,False,True,False,dc9ff2f2c771e458397fd118323e5b9359f75fc2e41fd67437ad83f8f7c45d50,
uk__GB.ENG.TH.04.Gen.ReEx.001.001__f000,GB.ENG.TH.04.Gen.ReEx.001.001,uk,0.0,3,ATTEMPTED,True,COMPLETED,0,0,0,14993.62264486178,4.064,False,False,False,57c4effa0073757c485f7ec9ebf2b478d03f951c9217fcc92bc599ceb115c0f6,
uk__GB.ENG.TH.04.Gen.ReEx.001.001__f015,GB.ENG.TH.04.Gen.ReEx.001.001,uk,0.15,1,ATTEMPTED,True,COMPLETED,0,0,0,14989.692261072774,4.074,False,False,False,fa0f67d75c12ec54123e353c7eef4e0027692f1552f7ff5d3ab4a76df1be5d97,
uk__GB.ENG.TH.04.Gen.ReEx.001.001__f015,GB.ENG.TH.04.Gen.ReEx.001.001,uk,0.15,2,ATTEMPTED,True,COMPLETED,0,0,0,14989.692261072774,3.981,False,False,False,9da19a04c04edcb921340315edf1acd3d0f74c839b0db0011491dc3275f788d7,
uk__GB.ENG.TH.04.Gen.ReEx.001.001__f015,GB.ENG.TH.04.Gen.ReEx.001.001,uk,0.15,3,ATTEMPTED,True,COMPLETED,0,0,0,14989.692261072774,3.914,False,False,False,66ce9763d6f43cd5dcd8b3e85792132dd627c91900abc213c9f619af05389dd2,
uk__GB.ENG.TH.04.Gen.ReEx.001.001__f030,GB.ENG.TH.04.Gen.ReEx.001.001,uk,0.3,1,ATTEMPTED,True,COMPLETED,0,0,0,14986.023955385526,4.201,False,False,False,c2dfcaae70e7c441fe7ecb03701229d2323b95b346a4df2db2964c720fa3205f,
uk__GB.ENG.TH.04.Gen.ReEx.001.001__f030,GB.ENG.TH.04.Gen.ReEx.001.001,uk,0.3,2,ATTEMPTED,True,COMPLETED,0,0,0,14986.023955385526,4.083,False,False,False,841a418fcb175b5031ef15a702c54fcb6a6083d79e077367a9358785ad609487,
uk__GB.ENG.TH.04.Gen.ReEx.001.001__f030,GB.ENG.TH.04.Gen.ReEx.001.001,uk,0.3,3,ATTEMPTED,True,COMPLETED,0,0,0,14986.023955385526,4.246,False,False,False,cfdd3657df9edc4f6be30f629b28d8548870382063fb7c82461b3bfc9b3a7f0b,
uk__GB.ENG.TH.04.Gen.ReEx.001.001__f050,GB.ENG.TH.04.Gen.ReEx.001.001,uk,0.5,1,ATTEMPTED,True,COMPLETED,0,0,0,14837.60376050029,3.941,False,False,False,895a89bf4b9448d073fc9797ff29f0c89498fcb426418c6f759b559d8c1d6632,
uk__GB.ENG.TH.04.Gen.ReEx.001.001__f050,GB.ENG.TH.04.Gen.ReEx.001.001,uk,0.5,2,ATTEMPTED,True,COMPLETED,0,0,0,14837.60376050029,4.084,False,False,False,4312ca730d2e22fac96c2c5489554a3cdd17b13cdfc64b5a10f02b761ea02de9,
uk__GB.ENG.TH.04.Gen.ReEx.001.001__f050,GB.ENG.TH.04.Gen.ReEx.001.001,uk,0.5,3,ATTEMPTED,True,COMPLETED,0,0,0,14981.56389530597,4.017,False,False,False,1fde114195626e6dda55d9458acb027b9edf689173ee1cd7b098d8afc4788bd3,
uk__GB.ENG.TH.04.Gen.ReEx.001.001__f100,GB.ENG.TH.04.Gen.ReEx.001.001,uk,1.0,1,ATTEMPTED,True,COMPLETED,0,0,0,14972.491595015654,4.086,False,False,False,2da10970ae650c76019f5e962f3acd0f58d96fb961411c38b67702f85e5ea6fc,
uk__GB.ENG.TH.04.Gen.ReEx.001.001__f100,GB.ENG.TH.04.Gen.ReEx.001.001,uk,1.0,2,ATTEMPTED,True,COMPLETED,0,0,0,14972.491595015654,4.104,False,False,False,5c586761afd01408effdcfb614b0a0a26e28ae942d8982131bff91502b7522d2,
uk__GB.ENG.TH.04.Gen.ReEx.001.001__f100,GB.ENG.TH.04.Gen.ReEx.001.001,uk,1.0,3,ATTEMPTED,True,COMPLETED,0,0,0,14972.491595015654,4.003,False,False,False,243c25d0e21ab9ed3fdc0fcf6b0cd727674ff4e19180ceb4ef000e1e497217b5,
uk__GB.ENG.TH.05.Gen.ReEx.001.001__f000,GB.ENG.TH.05.Gen.ReEx.001.001,uk,0.0,1,ATTEMPTED,True,COMPLETED,0,0,0,11632.994774105451,4.038,False,False,False,7d338e0989827aa31323ec80e05487a69c4c2581f9958630998b5dbc1903a737,
uk__GB.ENG.TH.05.Gen.ReEx.001.001__f000,GB.ENG.TH.05.Gen.ReEx.001.001,uk,0.0,2,ATTEMPTED,True,COMPLETED,0,0,0,11632.994774105451,4.069,False,False,False,193d2e5ccc6aac98a1312433ba417085479343642b602c1a9280a7ca21bd2418,
uk__GB.ENG.TH.05.Gen.ReEx.001.001__f000,GB.ENG.TH.05.Gen.ReEx.001.001,uk,0.0,3,ATTEMPTED,True,COMPLETED,0,0,0,11632.994774105451,4.133,False,False,False,a9c927896e7729ac08173b18c525c0c692cba9e5dbd2f1a3784dbf971bd420ce,
uk__GB.ENG.TH.05.Gen.ReEx.001.001__f015,GB.ENG.TH.05.Gen.ReEx.001.001,uk,0.15,1,ATTEMPTED,True,COMPLETED,0,0,0,11632.375029833287,4.082,False,False,False,2b521dc8b50db8afb154da08f7eb943a730f59cdaea65a612a0c0a5972d2de7e,
uk__GB.ENG.TH.05.Gen.ReEx.001.001__f015,GB.ENG.TH.05.Gen.ReEx.001.001,uk,0.15,2,ATTEMPTED,True,COMPLETED,0,0,0,11632.375029833287,4.185,False,False,False,9e1225350ff9e9d3515fcc7cb61565e0a1f9fd9388044163f71a25bf93e4fec6,
uk__GB.ENG.TH.05.Gen.ReEx.001.001__f015,GB.ENG.TH.05.Gen.ReEx.001.001,uk,0.15,3,ATTEMPTED,True,COMPLETED,0,0,0,11632.375029833287,4.187,False,False,False,0e2721807ce3d40773571c9555af3aa00e94c322a88cb7438167c64371ba863d,
uk__GB.ENG.TH.05.Gen.ReEx.001.001__f030,GB.ENG.TH.05.Gen.ReEx.001.001,uk,0.3,1,ATTEMPTED,True,COMPLETED,0,0,0,11631.860114446808,4.025,False,False,False,5d9a58e0156b30cf3aced771198eb303dd26b812e0de9b8f8e0a7894f8ec8a9c,
uk__GB.ENG.TH.05.Gen.ReEx.001.001__f030,GB.ENG.TH.05.Gen.ReEx.001.001,uk,0.3,2,ATTEMPTED,True,COMPLETED,0,0,0,11631.860114446808,4.109,False,False,False,7bdb44794ee7f3b2f28fdb263f596baaf63e1a68c3e05595964b343af126139b,
uk__GB.ENG.TH.05.Gen.ReEx.001.001__f030,GB.ENG.TH.05.Gen.ReEx.001.001,uk,0.3,3,ATTEMPTED,True,COMPLETED,0,0,0,11631.860114446808,4.091,False,False,False,a5469492afeb1954420ba8487dea0a45b96591001c4e0d979a6b5c1e22407f3b,
uk__GB.ENG.TH.05.Gen.ReEx.001.001__f050,GB.ENG.TH.05.Gen.ReEx.001.001,uk,0.5,1,ATTEMPTED,True,COMPLETED,0,0,0,11631.380505046482,4.152,False,False,False,433c51d2e27e0703c27461e63a95e2eb0b178312605622b5e28e9262012b47f6,
uk__GB.ENG.TH.05.Gen.ReEx.001.001__f050,GB.ENG.TH.05.Gen.ReEx.001.001,uk,0.5,2,ATTEMPTED,False,ENGINE_FAILED,1,1,1,None,0.538,False,False,False,91f0eeaca8fb6159fdb7ff7c6b22312d33a16e3bd2930b1ef8c3a568c134244b,
uk__GB.ENG.TH.05.Gen.ReEx.001.001__f050,GB.ENG.TH.05.Gen.ReEx.001.001,uk,0.5,3,ATTEMPTED,False,ENGINE_FAILED,1,1,1,None,0.589,False,False,False,9683d5f434d64d65c72e9db96d99a79c7b0515d493cfb27f30aee943e9c86ba3,
uk__GB.ENG.TH.05.Gen.ReEx.001.001__f100,GB.ENG.TH.05.Gen.ReEx.001.001,uk,1.0,1,ATTEMPTED,True,COMPLETED,0,0,0,11631.296824867532,4.054,False,False,False,590d1d143383d7d6b1675a71a0e7aaa8f4b5720808b3217cea4d67198cd66f9d,
uk__GB.ENG.TH.05.Gen.ReEx.001.001__f100,GB.ENG.TH.05.Gen.ReEx.001.001,uk,1.0,2,ATTEMPTED,True,COMPLETED,0,0,0,11631.296824867532,4.063,False,False,False,ca6190317b0b133963338d39c3d1ad48b67241e63031fb137e1f274176d703f0,
uk__GB.ENG.TH.05.Gen.ReEx.001.001__f100,GB.ENG.TH.05.Gen.ReEx.001.001,uk,1.0,3,ATTEMPTED,True,COMPLETED,0,0,0,11122.856629413229,4.231,False,False,False,0dae5fdfd52acab25f67b7fd74519589c7818e875fd65c207322b4672a54ecb1,
uk__GB.ENG.TH.06.Gen.ReEx.001.001__f000,GB.ENG.TH.06.Gen.ReEx.001.001,uk,0.0,1,ATTEMPTED,True,COMPLETED,0,0,0,11373.503818649151,4.184,False,False,False,5c6dbac486e46a12310211948e942a02de5d55ef41605f5e26fa67557d4180d7,
uk__GB.ENG.TH.06.Gen.ReEx.001.001__f000,GB.ENG.TH.06.Gen.ReEx.001.001,uk,0.0,2,ATTEMPTED,True,COMPLETED,0,0,0,11373.503818649151,4.159,False,False,False,79a8bcd6560030b4c1c422af8781aada20815d9f4d3e46f177008c2e4c42be73,
uk__GB.ENG.TH.06.Gen.ReEx.001.001__f000,GB.ENG.TH.06.Gen.ReEx.001.001,uk,0.0,3,ATTEMPTED,True,COMPLETED,0,0,0,11373.503818649151,4.119,False,False,False,8e9bc2ead28680cda6c65157dbcad7b7251101ac979c2085fa45c194c87a51fc,
uk__GB.ENG.TH.06.Gen.ReEx.001.001__f015,GB.ENG.TH.06.Gen.ReEx.001.001,uk,0.15,1,ATTEMPTED,True,COMPLETED,0,0,0,11370.287283318949,4.321,False,False,False,28a1e4564faceef4b247f0bb0787b795a68e4ff28c640dad3aa13fe19341f5fd,
uk__GB.ENG.TH.06.Gen.ReEx.001.001__f015,GB.ENG.TH.06.Gen.ReEx.001.001,uk,0.15,2,ATTEMPTED,True,COMPLETED,0,0,0,11370.287283318949,4.169,False,False,False,53a51f3522e78b13877530b5caca051e8c1df93ce520ef39767e2eb32a84390e,
uk__GB.ENG.TH.06.Gen.ReEx.001.001__f015,GB.ENG.TH.06.Gen.ReEx.001.001,uk,0.15,3,ATTEMPTED,True,COMPLETED,0,0,0,11370.287283318949,4.172,False,False,False,481df3d724fe6655be9d347e8a0638c295591d0b0ba98765b925528349de3f41,
uk__GB.ENG.TH.06.Gen.ReEx.001.001__f030,GB.ENG.TH.06.Gen.ReEx.001.001,uk,0.3,1,ATTEMPTED,True,COMPLETED,0,0,0,11368.319665244182,4.258,False,False,False,da17b801b37bb048a77ed64468d5dadae885545daa6839461924f5260f4d0695,
uk__GB.ENG.TH.06.Gen.ReEx.001.001__f030,GB.ENG.TH.06.Gen.ReEx.001.001,uk,0.3,2,ATTEMPTED,True,COMPLETED,0,0,0,11368.319665244182,4.168,False,False,False,570196778efeef194187047ae8cdbb42711b07c19dd4f3c1016e7c129f34d221,
uk__GB.ENG.TH.06.Gen.ReEx.001.001__f030,GB.ENG.TH.06.Gen.ReEx.001.001,uk,0.3,3,ATTEMPTED,True,COMPLETED,0,0,0,11368.319665244182,4.189,False,False,False,4c16f77d002579de3a2857305414772555dc53f7fdb4d4a4ef2b834eb29f2df6,
uk__GB.ENG.TH.06.Gen.ReEx.001.001__f050,GB.ENG.TH.06.Gen.ReEx.001.001,uk,0.5,1,ATTEMPTED,True,COMPLETED,0,0,0,11367.666148401519,4.129,False,False,False,f5fe6303dc685a33f47600041ae510889aa641846a7939112b53fb1d9f6235ad,
uk__GB.ENG.TH.06.Gen.ReEx.001.001__f050,GB.ENG.TH.06.Gen.ReEx.001.001,uk,0.5,2,ATTEMPTED,True,COMPLETED,0,0,0,11367.666148401519,4.201,False,False,False,021e4db580b3fc12f2430856adb84452f9abc9627b7f8f1f88d1b60c95a8ca8f,
uk__GB.ENG.TH.06.Gen.ReEx.001.001__f050,GB.ENG.TH.06.Gen.ReEx.001.001,uk,0.5,3,ATTEMPTED,True,COMPLETED,0,0,0,11367.666148401519,4.26,False,False,False,acb9a53afd659b3fb2f757c344ab2ff1a22f0f07f1d96cfa1ce01059c3c6e0ad,
uk__GB.ENG.TH.06.Gen.ReEx.001.001__f100,GB.ENG.TH.06.Gen.ReEx.001.001,uk,1.0,1,ATTEMPTED,True,COMPLETED,0,0,0,11375.90603955016,4.326,False,False,False,9729dfba48afc0e954893b1e3020bdb6f95e1b9549cddfa2b2bc5acc49fcb5f8,
uk__GB.ENG.TH.06.Gen.ReEx.001.001__f100,GB.ENG.TH.06.Gen.ReEx.001.001,uk,1.0,2,ATTEMPTED,True,COMPLETED,0,0,0,11375.90603955016,4.667,False,False,False,7e388ddf63f91caa77be2b12c4ac4b6420f6ad432c57b5fb1d70d2f6528e1148,
uk__GB.ENG.TH.06.Gen.ReEx.001.001__f100,GB.ENG.TH.06.Gen.ReEx.001.001,uk,1.0,3,ATTEMPTED,True,COMPLETED,0,0,0,11375.90603955016,4.361,False,False,False,b6cc9e05a33ad6e1a7d365250855bbd8b6fd03577a22a6ebbc5b27acd81e71a8,
uk__GB.ENG.TH.07.Gen.ReEx.001.001__f000,GB.ENG.TH.07.Gen.ReEx.001.001,uk,0.0,1,ATTEMPTED,True,COMPLETED,0,0,0,6704.597233074402,4.413,False,False,False,31837c827ad72290a5af93d65ff9a04b577dc345146a24809bbdb959b22e6548,
uk__GB.ENG.TH.07.Gen.ReEx.001.001__f000,GB.ENG.TH.07.Gen.ReEx.001.001,uk,0.0,2,ATTEMPTED,True,COMPLETED,0,0,0,6704.597233074402,4.402,False,False,False,45c22889dc732cf2e89f8ed8ca4bae500a7d28199b027d3c2ca98d1dfddefafe,
uk__GB.ENG.TH.07.Gen.ReEx.001.001__f000,GB.ENG.TH.07.Gen.ReEx.001.001,uk,0.0,3,ATTEMPTED,True,COMPLETED,0,0,0,6704.597233074402,4.411,False,False,False,284487e0162c2ff8af34011671e1d64697d8514e67c55c9316a7b00ab5616c90,
uk__GB.ENG.TH.07.Gen.ReEx.001.001__f015,GB.ENG.TH.07.Gen.ReEx.001.001,uk,0.15,1,ATTEMPTED,True,COMPLETED,0,0,0,6694.603540248026,4.304,False,False,False,2f618e0988a24d15b7bbd8272916193af80282a66ff9822f94a6ea5384a7b41b,
uk__GB.ENG.TH.07.Gen.ReEx.001.001__f015,GB.ENG.TH.07.Gen.ReEx.001.001,uk,0.15,2,ATTEMPTED,True,COMPLETED,0,0,0,6694.603540248026,4.281,False,False,False,54b1fef4aaddd0e3a91e967ee3f31cbd157e9d1181d4f118436738c6c022dfb2,
uk__GB.ENG.TH.07.Gen.ReEx.001.001__f015,GB.ENG.TH.07.Gen.ReEx.001.001,uk,0.15,3,ATTEMPTED,True,COMPLETED,0,0,0,6694.603540248026,4.35,False,False,False,f6fd8de2523d80d09cd25db268d57020f036f734354e0d4dcd116707e0a7d94f,
uk__GB.ENG.TH.07.Gen.ReEx.001.001__f030,GB.ENG.TH.07.Gen.ReEx.001.001,uk,0.3,1,ATTEMPTED,False,ENGINE_FAILED,1,1,1,None,0.581,False,False,False,4eb7045dc0545fa0407482e536bd48e63f0b0a7ecdd3b0fb44224e5b629d64f1,
uk__GB.ENG.TH.07.Gen.ReEx.001.001__f030,GB.ENG.TH.07.Gen.ReEx.001.001,uk,0.3,2,ATTEMPTED,True,COMPLETED,0,0,0,6687.032145639371,4.325,False,False,False,3a45b28611b0c584f9e01f7fce0ebd199c1521b414cd5719b74014085c7d04ff,
uk__GB.ENG.TH.07.Gen.ReEx.001.001__f030,GB.ENG.TH.07.Gen.ReEx.001.001,uk,0.3,3,ATTEMPTED,True,COMPLETED,0,0,0,6687.032145639371,4.356,False,False,False,f4ca4596fa32110f81bc2f257ba959f06f4b989964b71b900bf33519023b9586,
uk__GB.ENG.TH.07.Gen.ReEx.001.001__f050,GB.ENG.TH.07.Gen.ReEx.001.001,uk,0.5,1,ATTEMPTED,True,COMPLETED,0,0,0,6680.952743964731,4.325,False,False,False,62677f0321ff37e2aa031bb19bd2d0001305ffc5fc10fcd200efd787bcc2769c,
uk__GB.ENG.TH.07.Gen.ReEx.001.001__f050,GB.ENG.TH.07.Gen.ReEx.001.001,uk,0.5,2,ATTEMPTED,True,COMPLETED,0,0,0,6680.952743964731,4.135,False,False,False,6f47a1ed579ac8892a234cf48138f4a7bcde88a9cfa0713d35aa16fd3527a223,
uk__GB.ENG.TH.07.Gen.ReEx.001.001__f050,GB.ENG.TH.07.Gen.ReEx.001.001,uk,0.5,3,ATTEMPTED,True,COMPLETED,0,0,0,6680.952743964731,4.214,False,False,False,3e7130374c5980995992f4d9bbaeefb472ca3744353ed334b391134bfbdf7bed,
uk__GB.ENG.TH.07.Gen.ReEx.001.001__f100,GB.ENG.TH.07.Gen.ReEx.001.001,uk,1.0,1,ATTEMPTED,True,COMPLETED,0,0,0,6687.317234567773,4.234,False,False,False,212d4c012cfbb1bf9f6fb053dc9239c0b1eb2e41eb392282523f88356f389535,
uk__GB.ENG.TH.07.Gen.ReEx.001.001__f100,GB.ENG.TH.07.Gen.ReEx.001.001,uk,1.0,2,ATTEMPTED,True,COMPLETED,0,0,0,6687.317234567773,4.338,False,False,False,5d6e98622a03acd96ec2307d693781d76fb66e95fe4b27f2a279c826cdf819e1,
uk__GB.ENG.TH.07.Gen.ReEx.001.001__f100,GB.ENG.TH.07.Gen.ReEx.001.001,uk,1.0,3,ATTEMPTED,True,COMPLETED,0,0,0,6687.317234567773,4.495,False,False,False,8234c33597d0350babc8052eff0d747df9a60fc8927dda2681584bd7549d633f,
uk__GB.ENG.TH.08.Gen.ReEx.001.001__f000,GB.ENG.TH.08.Gen.ReEx.001.001,uk,0.0,1,ATTEMPTED,True,COMPLETED,0,0,0,5822.115766784758,4.401,False,False,False,01bbe72d0b33297e2f2c3d4587861715fdd00543f8aa62c916619f72d0905004,
uk__GB.ENG.TH.08.Gen.ReEx.001.001__f000,GB.ENG.TH.08.Gen.ReEx.001.001,uk,0.0,2,ATTEMPTED,True,COMPLETED,0,0,0,6245.203007170692,4.284,False,False,False,22650eb5d0a84dd2407d16756edc17c9d5f83c506440e8a172411b1f74f07242,
uk__GB.ENG.TH.08.Gen.ReEx.001.001__f000,GB.ENG.TH.08.Gen.ReEx.001.001,uk,0.0,3,ATTEMPTED,True,COMPLETED,0,0,0,6245.203007170692,4.22,False,False,False,979d8de37f05c2f4be2f48b00135375a199f6c074f63989546030976b7e4c077,
uk__GB.ENG.TH.08.Gen.ReEx.001.001__f015,GB.ENG.TH.08.Gen.ReEx.001.001,uk,0.15,1,ATTEMPTED,True,COMPLETED,0,0,0,6242.8994442783105,4.133,False,False,False,070a15062a290791199165baa9ab94bc9e47b9093d58e4a7be3434cd608c85ff,
uk__GB.ENG.TH.08.Gen.ReEx.001.001__f015,GB.ENG.TH.08.Gen.ReEx.001.001,uk,0.15,2,ATTEMPTED,True,COMPLETED,0,0,0,6242.8994442783105,4.317,False,False,False,3466ab1c3de0a2645b42222ec5701295ac9d5595343b9c91e7350716a88a31d6,
uk__GB.ENG.TH.08.Gen.ReEx.001.001__f015,GB.ENG.TH.08.Gen.ReEx.001.001,uk,0.15,3,ATTEMPTED,True,COMPLETED,0,0,0,6242.8994442783105,4.063,False,False,False,9d71d8d4c8b0263d92f6fd74c013915639314c0b6df8bb95c20e76b8208449fa,
uk__GB.ENG.TH.08.Gen.ReEx.001.001__f030,GB.ENG.TH.08.Gen.ReEx.001.001,uk,0.3,1,ATTEMPTED,True,COMPLETED,0,0,0,6241.347035787778,4.173,False,False,False,0b73344d3f436cc5f5b648076e304d13f921d556680e76f6b2a5993c7e9575ed,
uk__GB.ENG.TH.08.Gen.ReEx.001.001__f030,GB.ENG.TH.08.Gen.ReEx.001.001,uk,0.3,2,ATTEMPTED,True,COMPLETED,0,0,0,6241.347035787778,4.168,False,False,False,efda71f91d7aa8327b98d01b6bafa8c444420254cc9a3a6d885d74d533a04e02,
uk__GB.ENG.TH.08.Gen.ReEx.001.001__f030,GB.ENG.TH.08.Gen.ReEx.001.001,uk,0.3,3,ATTEMPTED,True,COMPLETED,0,0,0,6093.691141790215,4.229,False,False,False,9604cf381ae516a021b0345f396cb3978e5c21aee25a41cc806480aa019197c6,
uk__GB.ENG.TH.08.Gen.ReEx.001.001__f050,GB.ENG.TH.08.Gen.ReEx.001.001,uk,0.5,1,ATTEMPTED,True,COMPLETED,0,0,0,6240.215459730621,4.135,False,False,False,2d3183edf8acfb080dba7b1239d3a15fb3fddc3b377ad07a476ad8d38981d0a0,
uk__GB.ENG.TH.08.Gen.ReEx.001.001__f050,GB.ENG.TH.08.Gen.ReEx.001.001,uk,0.5,2,ATTEMPTED,True,COMPLETED,0,0,0,6240.215459730621,4.313,False,False,False,b20cdc697fb1e02026274beeef0f504221e18a408dd265bf3224d398c030c7f8,
uk__GB.ENG.TH.08.Gen.ReEx.001.001__f050,GB.ENG.TH.08.Gen.ReEx.001.001,uk,0.5,3,ATTEMPTED,True,COMPLETED,0,0,0,6240.215459730621,4.31,False,False,False,39af1d5e5598765e9e5724d28b8b703f3d3eaa165677fcd62e5d1a561c5f0f30,
uk__GB.ENG.TH.08.Gen.ReEx.001.001__f100,GB.ENG.TH.08.Gen.ReEx.001.001,uk,1.0,1,ATTEMPTED,True,COMPLETED,0,0,0,6241.816180207175,4.241,False,False,False,8a6487e02a2036354ef5775e08dc861efc1daa306fbc6dc63699d54bc186b651,
uk__GB.ENG.TH.08.Gen.ReEx.001.001__f100,GB.ENG.TH.08.Gen.ReEx.001.001,uk,1.0,2,ATTEMPTED,True,COMPLETED,0,0,0,6241.816180207175,4.23,False,False,False,1e764d6b5764de6bc9ca94f9cf8cb5353e8a63e00a9e1a2373d83db7ecb3792d,
uk__GB.ENG.TH.08.Gen.ReEx.001.001__f100,GB.ENG.TH.08.Gen.ReEx.001.001,uk,1.0,3,ATTEMPTED,True,COMPLETED,0,0,0,6241.816180207175,4.193,False,False,False,d99683ab21c7e57830c197c8951a047fd20daa3a68dc7f14b520142b747d1999,
it__IT.MidClim.AB.01.Gen.ReEx.001.001__f000,IT.MidClim.AB.01.Gen.ReEx.001.001,it,0.0,1,ATTEMPTED,True,COMPLETED,0,0,0,93290.1368156589,4.178,False,False,False,635cc81021845bfd5789f6b13e53bdbd619119115269dfc7a11088941f36dffb,
it__IT.MidClim.AB.01.Gen.ReEx.001.001__f000,IT.MidClim.AB.01.Gen.ReEx.001.001,it,0.0,2,ATTEMPTED,True,COMPLETED,0,0,0,93290.1368156589,4.152,False,False,False,efb886ec5c1264a45c451717566fc1dcbe30aa1ce4090adf14c2b4c287822b4c,
it__IT.MidClim.AB.01.Gen.ReEx.001.001__f000,IT.MidClim.AB.01.Gen.ReEx.001.001,it,0.0,3,ATTEMPTED,True,COMPLETED,0,0,0,93290.1368156589,4.107,False,False,False,2106f2c0c184e355993b8e86c30a45519c163643c41d7984b2ae6d51642c4a0f,
it__IT.MidClim.AB.01.Gen.ReEx.001.001__f015,IT.MidClim.AB.01.Gen.ReEx.001.001,it,0.15,1,ATTEMPTED,True,COMPLETED,0,0,0,93265.49585744369,4.377,False,False,False,f4aa59974c265b40fba537693b5110b3df2d3a56c4cadedbea988769cc030db6,
it__IT.MidClim.AB.01.Gen.ReEx.001.001__f015,IT.MidClim.AB.01.Gen.ReEx.001.001,it,0.15,2,ATTEMPTED,True,COMPLETED,0,0,0,93265.49585744369,4.192,False,False,False,f23365d8afc979b5ad8fa28b139b02c81cccda113f26dfc5c2096761eb830d5c,
it__IT.MidClim.AB.01.Gen.ReEx.001.001__f015,IT.MidClim.AB.01.Gen.ReEx.001.001,it,0.15,3,ATTEMPTED,True,COMPLETED,0,0,0,93265.49585744369,4.231,False,False,False,6b5e8d7d5ac4c4048f557445ac3d76a51536c2c6a687a28cc65cfc3953a542dc,
it__IT.MidClim.AB.01.Gen.ReEx.001.001__f030,IT.MidClim.AB.01.Gen.ReEx.001.001,it,0.3,1,ATTEMPTED,True,COMPLETED,0,0,0,93241.6910943281,4.125,False,False,False,f8d539503993dd1044de3a678af31b7f3ea2f746b080e9a67871affd7222e00a,
it__IT.MidClim.AB.01.Gen.ReEx.001.001__f030,IT.MidClim.AB.01.Gen.ReEx.001.001,it,0.3,2,ATTEMPTED,True,COMPLETED,0,0,0,93241.6910943281,4.041,False,False,False,1316f266713ebe0531e1e3815922eab0b085721481973756e7dd8f9a4012191e,
it__IT.MidClim.AB.01.Gen.ReEx.001.001__f030,IT.MidClim.AB.01.Gen.ReEx.001.001,it,0.3,3,ATTEMPTED,True,COMPLETED,0,0,0,93241.6910943281,4.125,False,False,False,929aeeed068cae5213c71003f72df8484f36d04e40f0d66738e4b0b454026904,
it__IT.MidClim.AB.01.Gen.ReEx.001.001__f050,IT.MidClim.AB.01.Gen.ReEx.001.001,it,0.5,1,ATTEMPTED,True,COMPLETED,0,0,0,93211.42645472022,4.11,False,False,False,784683fd40025fde8b02457a6772ca2dff0cc258b463eed1c5b1bbe6126d9478,
it__IT.MidClim.AB.01.Gen.ReEx.001.001__f050,IT.MidClim.AB.01.Gen.ReEx.001.001,it,0.5,2,ATTEMPTED,True,COMPLETED,0,0,0,93211.42645472022,4.229,False,False,False,e076f9b6a62b3ddc7812282d2a7e796df0636796edaa294a7f94ccc55fc750d2,
it__IT.MidClim.AB.01.Gen.ReEx.001.001__f050,IT.MidClim.AB.01.Gen.ReEx.001.001,it,0.5,3,ATTEMPTED,True,COMPLETED,0,0,0,93211.42645472022,4.244,False,False,False,6fd028045b16fb0103603a21454947b8e28b0e38180b93658711127b5c76ddc5,
it__IT.MidClim.AB.01.Gen.ReEx.001.001__f100,IT.MidClim.AB.01.Gen.ReEx.001.001,it,1.0,1,ATTEMPTED,True,COMPLETED,0,0,0,93042.41996802448,4.301,False,False,False,c4369f215496fe2ae516fdb890a3f881d45c6967ac66fb07d0c13e52fefb74fb,
it__IT.MidClim.AB.01.Gen.ReEx.001.001__f100,IT.MidClim.AB.01.Gen.ReEx.001.001,it,1.0,2,ATTEMPTED,True,COMPLETED,0,0,0,93143.20149030579,4.369,False,False,False,05db8e44414e760b04a57a3ba58d46fc4a3bc8a6827782003427dcf63623a50a,
it__IT.MidClim.AB.01.Gen.ReEx.001.001__f100,IT.MidClim.AB.01.Gen.ReEx.001.001,it,1.0,3,ATTEMPTED,True,COMPLETED,0,0,0,93143.20149030579,4.092,False,False,False,6b8e66b73c54b0996cbc74428379f36dc78f0afb3a8f8e47c1e87466d369da18,
it__IT.MidClim.AB.02.Gen.ReEx.001.001__f000,IT.MidClim.AB.02.Gen.ReEx.001.001,it,0.0,1,ATTEMPTED,True,COMPLETED,0,0,0,368801.5874569613,4.933,False,False,False,5f8ec9f96ba733d3adaff05dc91766a9e5dd154e1ed692941b75c68973fba0c0,
it__IT.MidClim.AB.02.Gen.ReEx.001.001__f000,IT.MidClim.AB.02.Gen.ReEx.001.001,it,0.0,2,ATTEMPTED,True,COMPLETED,0,0,0,368801.5874569613,4.727,False,False,False,84a40f35e18092c78c3d090068d4addffe47473f6204b60d605d9f9ab64bb402,
it__IT.MidClim.AB.02.Gen.ReEx.001.001__f000,IT.MidClim.AB.02.Gen.ReEx.001.001,it,0.0,3,ATTEMPTED,True,COMPLETED,0,0,0,368801.5874569613,4.858,False,False,False,58c72b70f123d95c34090cae98902cf7aeed3db583a2a3902bc61b7e9294cd52,
it__IT.MidClim.AB.02.Gen.ReEx.001.001__f015,IT.MidClim.AB.02.Gen.ReEx.001.001,it,0.15,1,ATTEMPTED,True,COMPLETED,0,0,0,368667.20520939154,4.739,False,False,False,3a2faf414d2d48dc5bbb6bfb3b7d640f3148d6afc86b0c7b2a60726083be9340,
it__IT.MidClim.AB.02.Gen.ReEx.001.001__f015,IT.MidClim.AB.02.Gen.ReEx.001.001,it,0.15,2,ATTEMPTED,True,COMPLETED,0,0,0,368667.20520939154,4.84,False,False,False,09d5ad62550fe81b78764e6ffa3feac98e3f7b261d68e773261f4af5cad7e814,
it__IT.MidClim.AB.02.Gen.ReEx.001.001__f015,IT.MidClim.AB.02.Gen.ReEx.001.001,it,0.15,3,ATTEMPTED,True,COMPLETED,0,0,0,368667.20520939154,4.975,False,False,False,587d7b60c0b27052aecb66186c0fcf9cb636bf07e370ae99c1528809d6ecd59b,
it__IT.MidClim.AB.02.Gen.ReEx.001.001__f030,IT.MidClim.AB.02.Gen.ReEx.001.001,it,0.3,1,ATTEMPTED,False,ENGINE_FAILED,1,37,1,None,3.025,False,True,False,621a79a8e30cfe921bd90a208d38ea7835fea95c8df34752cdabcb44f376711a,
it__IT.MidClim.AB.02.Gen.ReEx.001.001__f030,IT.MidClim.AB.02.Gen.ReEx.001.001,it,0.3,2,ATTEMPTED,True,COMPLETED,0,0,0,368537.49263716454,4.839,False,False,False,58334e38a38a587f4bac2d53facb9a9c52068bff169034798ad47997674c31d7,
it__IT.MidClim.AB.02.Gen.ReEx.001.001__f030,IT.MidClim.AB.02.Gen.ReEx.001.001,it,0.3,3,ATTEMPTED,True,COMPLETED,0,0,0,368537.49263716454,4.773,False,False,False,830f5797506d54e23de137764d445b02b98412dd7e5e488f11760e3f664e5105,
it__IT.MidClim.AB.02.Gen.ReEx.001.001__f050,IT.MidClim.AB.02.Gen.ReEx.001.001,it,0.5,1,ATTEMPTED,True,COMPLETED,0,0,0,368372.3914815033,4.795,False,False,False,248d59b1a6585ad5a3ec53eca4ca6e9904df90e53892adadd1f2dee601b14715,
it__IT.MidClim.AB.02.Gen.ReEx.001.001__f050,IT.MidClim.AB.02.Gen.ReEx.001.001,it,0.5,2,ATTEMPTED,True,COMPLETED,0,0,0,368372.3914815033,4.92,False,False,False,8a81508e7c7343f5f2e6d7b2df0e1aa25e2595a532428c48687009420b510ab2,
it__IT.MidClim.AB.02.Gen.ReEx.001.001__f050,IT.MidClim.AB.02.Gen.ReEx.001.001,it,0.5,3,ATTEMPTED,True,COMPLETED,0,0,0,368194.3699947707,5.024,False,False,False,670daa191b3d31daeaee21b406a47b1b0d89555ab9b8e5e326d13407653ea6f3,
it__IT.MidClim.AB.02.Gen.ReEx.001.001__f100,IT.MidClim.AB.02.Gen.ReEx.001.001,it,1.0,1,ATTEMPTED,True,COMPLETED,0,0,0,367996.3798164515,5.1,False,False,False,73d39aa89b563354b37fe6d94b87d2e951d312569b0106a3324a78864ba3a7a9,
it__IT.MidClim.AB.02.Gen.ReEx.001.001__f100,IT.MidClim.AB.02.Gen.ReEx.001.001,it,1.0,2,ATTEMPTED,True,COMPLETED,0,0,0,367996.3798164515,4.934,False,False,False,7f47ed9893fbcfc2e523bb382daa26e6040227cc1449df1ea8fa097a62c36c0d,
it__IT.MidClim.AB.02.Gen.ReEx.001.001__f100,IT.MidClim.AB.02.Gen.ReEx.001.001,it,1.0,3,ATTEMPTED,True,COMPLETED,0,0,0,367996.3798164515,4.845,False,False,False,ffaa02cfd39759d19bf89ba4f9ebc414a1f54539baf0c417b0f96258cd38c353,
it__IT.MidClim.AB.03.Gen.ReEx.001.001__f000,IT.MidClim.AB.03.Gen.ReEx.001.001,it,0.0,1,ATTEMPTED,True,COMPLETED,0,0,0,233511.54074689272,4.253,False,False,False,8cd79f7655a60498c5c40fd52d43ec141b8897e227ee562daba53774d15ccad6,
it__IT.MidClim.AB.03.Gen.ReEx.001.001__f000,IT.MidClim.AB.03.Gen.ReEx.001.001,it,0.0,2,ATTEMPTED,True,COMPLETED,0,0,0,233511.54074689272,4.288,False,False,False,85f564efbb56a2d6e9757ac5a671fa24e8d3d66bd517a25e75776dec8d74aee5,
it__IT.MidClim.AB.03.Gen.ReEx.001.001__f000,IT.MidClim.AB.03.Gen.ReEx.001.001,it,0.0,3,ATTEMPTED,True,COMPLETED,0,0,0,233511.54074689272,4.136,False,False,False,915b6ef78877f707d707b69a20a60b0f010632ddd779de2de6499aeb5dd7b465,
it__IT.MidClim.AB.03.Gen.ReEx.001.001__f015,IT.MidClim.AB.03.Gen.ReEx.001.001,it,0.15,1,ATTEMPTED,True,COMPLETED,0,0,0,233424.52648470926,4.266,False,False,False,e5df63dcd77566dbebdd75502d39a3e4911d236555b171a185c526c86209509b,
it__IT.MidClim.AB.03.Gen.ReEx.001.001__f015,IT.MidClim.AB.03.Gen.ReEx.001.001,it,0.15,2,ATTEMPTED,True,COMPLETED,0,0,0,233424.52648470926,4.178,False,False,False,1217c34866423c6d2b172578ec6fe8f5f7c60ad872d85acf33012e7b39a22667,
it__IT.MidClim.AB.03.Gen.ReEx.001.001__f015,IT.MidClim.AB.03.Gen.ReEx.001.001,it,0.15,3,ATTEMPTED,True,COMPLETED,0,0,0,233424.52648470926,4.105,False,False,False,f964b19ce51bad1f972c41e9d03cf78204f1702824eca295818b790780bdd7f0,
it__IT.MidClim.AB.03.Gen.ReEx.001.001__f030,IT.MidClim.AB.03.Gen.ReEx.001.001,it,0.3,1,ATTEMPTED,True,COMPLETED,0,0,0,233341.0944505169,4.021,False,False,False,5d93a1af7a03726e21dec87236a4a2335be0bc05354836c47bef0ac83667036f,
it__IT.MidClim.AB.03.Gen.ReEx.001.001__f030,IT.MidClim.AB.03.Gen.ReEx.001.001,it,0.3,2,ATTEMPTED,True,COMPLETED,0,0,0,233341.0944505169,4.235,False,False,False,2239d6002f334bc6d5fafdee9b98bb8ad4806cc1a6f59d6245f171af6a011166,
it__IT.MidClim.AB.03.Gen.ReEx.001.001__f030,IT.MidClim.AB.03.Gen.ReEx.001.001,it,0.3,3,ATTEMPTED,True,COMPLETED,0,0,0,233341.0944505169,4.19,False,False,False,43c940d4128ae558c21a90f4af462dbe08dd2893bf52fce5b3bf758f3ad43842,
it__IT.MidClim.AB.03.Gen.ReEx.001.001__f050,IT.MidClim.AB.03.Gen.ReEx.001.001,it,0.5,1,ATTEMPTED,True,COMPLETED,0,0,0,232969.7779223171,4.162,False,False,False,a61dfeae65756cd8dc7a08817dd2474766acab03c531ee8841adc36ea2ff3ead,
it__IT.MidClim.AB.03.Gen.ReEx.001.001__f050,IT.MidClim.AB.03.Gen.ReEx.001.001,it,0.5,2,ATTEMPTED,True,COMPLETED,0,0,0,233235.27472468434,4.049,False,False,False,3c5ef1ae18492ba43153aa47fbdbc8de60d3c0c13d20f3e6c45b417cf5b09b30,
it__IT.MidClim.AB.03.Gen.ReEx.001.001__f050,IT.MidClim.AB.03.Gen.ReEx.001.001,it,0.5,3,ATTEMPTED,True,COMPLETED,0,0,0,233235.27472468434,3.944,False,False,False,44cdaf771b69521568ce113e6e3f2cb9508fdc9b5398fb30b2e6a6f2184eaf8a,
it__IT.MidClim.AB.03.Gen.ReEx.001.001__f100,IT.MidClim.AB.03.Gen.ReEx.001.001,it,1.0,1,ATTEMPTED,True,COMPLETED,0,0,0,232999.14871661158,3.983,False,False,False,8d52c120f5964c7736fc4ea79f42692b2c9efd4851012d7299517ff7e73a2b25,
it__IT.MidClim.AB.03.Gen.ReEx.001.001__f100,IT.MidClim.AB.03.Gen.ReEx.001.001,it,1.0,2,ATTEMPTED,True,COMPLETED,0,0,0,232999.14871661158,4.176,False,False,False,6150cfc66c4df22af5eaafbe625d2b71dc90b435926cbcea88b6d3304bfaaffe,
it__IT.MidClim.AB.03.Gen.ReEx.001.001__f100,IT.MidClim.AB.03.Gen.ReEx.001.001,it,1.0,3,ATTEMPTED,True,COMPLETED,0,0,0,232999.14871661158,4.02,False,False,False,b243bfbad5a9ee4385fe3eea55a0cd7814dfbe7c523bacdb09a03eefc6b8d02c,
it__IT.MidClim.AB.04.Gen.ReEx.001.001__f000,IT.MidClim.AB.04.Gen.ReEx.001.001,it,0.0,1,ATTEMPTED,True,COMPLETED,0,0,0,172817.0246466558,4.028,False,False,False,1041c5f42f8b959db528814ec24ccb6a895a760faa2b2fd03e73e774af751839,
it__IT.MidClim.AB.04.Gen.ReEx.001.001__f000,IT.MidClim.AB.04.Gen.ReEx.001.001,it,0.0,2,ATTEMPTED,True,COMPLETED,0,0,0,172817.0246466558,3.852,False,False,False,150b2a32c058814d3b315f9ca8cc25176c398e6a06da8b7f5a4cab6776e71063,
it__IT.MidClim.AB.04.Gen.ReEx.001.001__f000,IT.MidClim.AB.04.Gen.ReEx.001.001,it,0.0,3,ATTEMPTED,False,ENGINE_FAILED,1,1,1,None,0.535,False,False,False,154a4dc7ab5d0f6d68707c7d5f37ff093b0b41bac8227aee2e37c91f8c5b77b7,
it__IT.MidClim.AB.04.Gen.ReEx.001.001__f015,IT.MidClim.AB.04.Gen.ReEx.001.001,it,0.15,1,ATTEMPTED,True,COMPLETED,0,0,0,172752.95774970631,4.109,False,False,False,db4e70231acdda6a92db71b097d8bbf3658f72502bfb54fa77b742d227b164e5,
it__IT.MidClim.AB.04.Gen.ReEx.001.001__f015,IT.MidClim.AB.04.Gen.ReEx.001.001,it,0.15,2,ATTEMPTED,True,COMPLETED,0,0,0,172752.95774970631,3.993,False,False,False,2ea343075fb68831ab33b990975c7d85c5f8ae5932a3c603da9c00b2dc728939,
it__IT.MidClim.AB.04.Gen.ReEx.001.001__f015,IT.MidClim.AB.04.Gen.ReEx.001.001,it,0.15,3,ATTEMPTED,True,COMPLETED,0,0,0,172752.95774970631,4.03,False,False,False,382a973683e673b575fcfec740b8c55faa050de183fccffd7a0519084ba706c1,
it__IT.MidClim.AB.04.Gen.ReEx.001.001__f030,IT.MidClim.AB.04.Gen.ReEx.001.001,it,0.3,1,ATTEMPTED,True,COMPLETED,0,0,0,171917.03480084692,4.032,False,False,False,9761a3b82ce9c1129cefe24c59f521c5684f21709de25a5a72969f33d85ede33,
it__IT.MidClim.AB.04.Gen.ReEx.001.001__f030,IT.MidClim.AB.04.Gen.ReEx.001.001,it,0.3,2,ATTEMPTED,True,COMPLETED,0,0,0,172696.30727328837,3.916,False,False,False,fbe6744cd6850da5bee14993d40430aaa48d57ff0f1d1e32fedbfe9d8524325d,
it__IT.MidClim.AB.04.Gen.ReEx.001.001__f030,IT.MidClim.AB.04.Gen.ReEx.001.001,it,0.3,3,ATTEMPTED,True,COMPLETED,0,0,0,172696.30727328837,3.907,False,False,False,2f038d579bccaac80463a84574ef50ac046c84003e3d61784a1be59e7736c540,
it__IT.MidClim.AB.04.Gen.ReEx.001.001__f050,IT.MidClim.AB.04.Gen.ReEx.001.001,it,0.5,1,ATTEMPTED,True,COMPLETED,0,0,0,170196.68261131673,4.056,False,False,False,ea022fb405e63d55e7b8e05307b86201d815950b24cb4a8de7422aac5cf4d326,
it__IT.MidClim.AB.04.Gen.ReEx.001.001__f050,IT.MidClim.AB.04.Gen.ReEx.001.001,it,0.5,2,ATTEMPTED,True,COMPLETED,0,0,0,172631.96260407582,4.086,False,False,False,2a0840ca25021a016b96fd88c32463d81b9dd63174e8cb252533702ee9050282,
it__IT.MidClim.AB.04.Gen.ReEx.001.001__f050,IT.MidClim.AB.04.Gen.ReEx.001.001,it,0.5,3,ATTEMPTED,True,COMPLETED,0,0,0,172631.96260407582,4.115,False,False,False,1b45c60ada1721b0428d28120084dae71b6b4210700eeec8a681ad6e14fa366b,
it__IT.MidClim.AB.04.Gen.ReEx.001.001__f100,IT.MidClim.AB.04.Gen.ReEx.001.001,it,1.0,1,ATTEMPTED,True,COMPLETED,0,0,0,172527.94711934504,4.214,False,False,False,0a751041bd8aaa66166f25a12b83a14caadb795e105c499e73f46e217babdc61,
it__IT.MidClim.AB.04.Gen.ReEx.001.001__f100,IT.MidClim.AB.04.Gen.ReEx.001.001,it,1.0,2,ATTEMPTED,False,ENGINE_FAILED,1,1,1,None,0.524,False,False,False,a981bf1b4daa24aaaca7550422db0cd1c0cc4521dc1d41eb4e0a2fcb9c3834a2,
it__IT.MidClim.AB.04.Gen.ReEx.001.001__f100,IT.MidClim.AB.04.Gen.ReEx.001.001,it,1.0,3,ATTEMPTED,False,ENGINE_FAILED,1,1,1,None,0.522,False,False,False,11064df055855054ec152ce2e65bc1eabd8fb83a9133998e80a3d1a500d3bb38,
it__IT.MidClim.AB.05.Gen.ReEx.001.001__f000,IT.MidClim.AB.05.Gen.ReEx.001.001,it,0.0,1,ATTEMPTED,True,COMPLETED,0,0,0,306891.17890650383,4.875,False,False,False,3bf0835487adbf7336eb2111b58e3e2509b75df66e3d2152a2aeb6d648e0067c,
it__IT.MidClim.AB.05.Gen.ReEx.001.001__f000,IT.MidClim.AB.05.Gen.ReEx.001.001,it,0.0,2,ATTEMPTED,True,COMPLETED,0,0,0,306891.17890650383,4.658,False,False,False,ea764e6609e8012177d3174202396f5634c6a4418337258390b586cedcb1d87a,
it__IT.MidClim.AB.05.Gen.ReEx.001.001__f000,IT.MidClim.AB.05.Gen.ReEx.001.001,it,0.0,3,ATTEMPTED,True,COMPLETED,0,0,0,306891.17890650383,4.9,False,False,False,42f129112074376f0b21824d787a0c35b0f8593b84fc6ef4399fb953d9c7e2b4,
it__IT.MidClim.AB.05.Gen.ReEx.001.001__f015,IT.MidClim.AB.05.Gen.ReEx.001.001,it,0.15,1,ATTEMPTED,True,COMPLETED,0,0,0,306857.99216803396,4.779,False,False,False,ea971990981fc1fde331bb62bdffda4205c1dc47d8b3dc693302f5a5dfcfff53,
it__IT.MidClim.AB.05.Gen.ReEx.001.001__f015,IT.MidClim.AB.05.Gen.ReEx.001.001,it,0.15,2,ATTEMPTED,True,COMPLETED,0,0,0,306857.99216803396,4.885,False,False,False,27d377f05c7d51e90e312bf04c44d4a5c141f281f0f0c94e4c512a47d2070799,
it__IT.MidClim.AB.05.Gen.ReEx.001.001__f015,IT.MidClim.AB.05.Gen.ReEx.001.001,it,0.15,3,ATTEMPTED,True,COMPLETED,0,0,0,306857.99216803396,4.883,False,False,False,632c22dc19dfdab0029e44b336dd83a6f0d6cf67897e9ee81baaa084be2c5048,
it__IT.MidClim.AB.05.Gen.ReEx.001.001__f030,IT.MidClim.AB.05.Gen.ReEx.001.001,it,0.3,1,ATTEMPTED,True,COMPLETED,0,0,0,306830.2151557878,4.938,False,False,False,f572f962822ae172dc70d58835cbf33e57deeb1ab247ef349564d6002d9f1fab,
it__IT.MidClim.AB.05.Gen.ReEx.001.001__f030,IT.MidClim.AB.05.Gen.ReEx.001.001,it,0.3,2,ATTEMPTED,True,COMPLETED,0,0,0,306830.2151557878,4.821,False,False,False,cb34fca3b98478e728aa91821086a8ec4ab2336b3b8ed072e11fa599c3c806c1,
it__IT.MidClim.AB.05.Gen.ReEx.001.001__f030,IT.MidClim.AB.05.Gen.ReEx.001.001,it,0.3,3,ATTEMPTED,True,COMPLETED,0,0,0,306830.2151557878,4.716,False,False,False,fd7b795ad5f64b576b999af6320c6207aad312a447828c7253cc347d82b4898d,
it__IT.MidClim.AB.05.Gen.ReEx.001.001__f050,IT.MidClim.AB.05.Gen.ReEx.001.001,it,0.5,1,ATTEMPTED,True,COMPLETED,0,0,0,306802.1950676471,5.052,False,False,False,998d7c2893146ac2dd2616799bae5bdd71d7dc9618b947cd4667d2e4de6e2c5d,
it__IT.MidClim.AB.05.Gen.ReEx.001.001__f050,IT.MidClim.AB.05.Gen.ReEx.001.001,it,0.5,2,ATTEMPTED,True,COMPLETED,0,0,0,306802.1950676471,5.004,False,False,False,54017a32669f94ca551e55a41cbfe880a12a695bb11a235d191f05fd10c37fca,
it__IT.MidClim.AB.05.Gen.ReEx.001.001__f050,IT.MidClim.AB.05.Gen.ReEx.001.001,it,0.5,3,ATTEMPTED,True,COMPLETED,0,0,0,306802.1950676471,4.895,False,False,False,8d6747b40018f69132f0e4b380afcb4a7951aaf736dab3686443fc3d52313e19,
it__IT.MidClim.AB.05.Gen.ReEx.001.001__f100,IT.MidClim.AB.05.Gen.ReEx.001.001,it,1.0,1,ATTEMPTED,True,COMPLETED,0,0,0,306781.7344347036,4.921,False,False,False,8bcd757a10a070eb1b9de5572c8076f7b4d546168fc07e8d2c8341cc41054653,
it__IT.MidClim.AB.05.Gen.ReEx.001.001__f100,IT.MidClim.AB.05.Gen.ReEx.001.001,it,1.0,2,ATTEMPTED,True,COMPLETED,0,0,0,306781.7344347036,4.948,False,False,False,8fb16d2c368cc915b3338dbd431fb8d69662d61c9b5a304bec2c1a4bf904b931,
it__IT.MidClim.AB.05.Gen.ReEx.001.001__f100,IT.MidClim.AB.05.Gen.ReEx.001.001,it,1.0,3,ATTEMPTED,True,COMPLETED,0,0,0,306781.7344347036,5.275,False,False,False,ee0cdfc2b5b13de1b3f096f0ab37694dd8751d708b6553383fb62d082c1f3af2,
it__IT.MidClim.AB.06.Gen.ReEx.001.001__f000,IT.MidClim.AB.06.Gen.ReEx.001.001,it,0.0,1,ATTEMPTED,True,COMPLETED,0,0,0,242286.84184412097,4.942,False,False,False,f00b01e74505f453c52165e5324cc52c878bc74555dcb61a15a6e6782a0f7724,
it__IT.MidClim.AB.06.Gen.ReEx.001.001__f000,IT.MidClim.AB.06.Gen.ReEx.001.001,it,0.0,2,ATTEMPTED,True,COMPLETED,0,0,0,236914.80987042136,5.038,False,False,False,2dd379adb611582911ef4c6f286542832c3be46fcfb8a750688171e24c77b247,
it__IT.MidClim.AB.06.Gen.ReEx.001.001__f000,IT.MidClim.AB.06.Gen.ReEx.001.001,it,0.0,3,ATTEMPTED,True,COMPLETED,0,0,0,242286.84184412097,4.879,False,False,False,d7a0765e381768c401cea15315e550c6ea3ff45cb16ae094c93d1eb4c5961ade,
it__IT.MidClim.AB.06.Gen.ReEx.001.001__f015,IT.MidClim.AB.06.Gen.ReEx.001.001,it,0.15,1,ATTEMPTED,False,ENGINE_FAILED,1,1,1,None,0.578,False,False,False,8db840bfce020c8d2ea7613a41e7b786ea7538c3e80d8b966731b797229aab3e,
it__IT.MidClim.AB.06.Gen.ReEx.001.001__f015,IT.MidClim.AB.06.Gen.ReEx.001.001,it,0.15,2,ATTEMPTED,False,ENGINE_FAILED,1,1,1,None,0.586,False,False,False,a404eed8e3a162b9e40725cc522befba418ca373e3f36c07cb80a853d0311d37,
it__IT.MidClim.AB.06.Gen.ReEx.001.001__f015,IT.MidClim.AB.06.Gen.ReEx.001.001,it,0.15,3,ATTEMPTED,False,ENGINE_FAILED,1,1,1,None,0.611,False,False,False,e42bfdc8d8bd16ed5aa2a967d7a43b1323d233ec7a449f54c2203ee914b57c15,
it__IT.MidClim.AB.06.Gen.ReEx.001.001__f030,IT.MidClim.AB.06.Gen.ReEx.001.001,it,0.3,1,ATTEMPTED,False,ENGINE_FAILED,1,1,1,None,0.682,False,False,False,8f5f9dfc21342c3a1fa65653e2cbdcfaabd89f394b2520ade6f56cc052900fed,
it__IT.MidClim.AB.06.Gen.ReEx.001.001__f030,IT.MidClim.AB.06.Gen.ReEx.001.001,it,0.3,2,ATTEMPTED,True,COMPLETED,0,0,0,235853.01026238562,4.998,False,False,False,81ae7f586eb5f0bdf82e64607f4277bec50d871e0f93d3bcd6926d4fec31d53e,
it__IT.MidClim.AB.06.Gen.ReEx.001.001__f030,IT.MidClim.AB.06.Gen.ReEx.001.001,it,0.3,3,ATTEMPTED,True,COMPLETED,0,0,0,242025.38859285053,4.961,False,False,False,8d59982707d501d1bf99251603756d267f688ad21b2da357d4a6f20d43e45461,
it__IT.MidClim.AB.06.Gen.ReEx.001.001__f050,IT.MidClim.AB.06.Gen.ReEx.001.001,it,0.5,1,ATTEMPTED,False,ENGINE_FAILED,1,1,1,None,0.616,False,False,False,0f2a2301a4bef5130a91b82825d63af7546520ef622390c82a68079cff62adc3,
it__IT.MidClim.AB.06.Gen.ReEx.001.001__f050,IT.MidClim.AB.06.Gen.ReEx.001.001,it,0.5,2,ATTEMPTED,False,ENGINE_FAILED,1,1,1,None,0.652,False,False,False,a638299421a41cafed9bced4f8facedafe1cb7249d33abecf0733bc538cc695a,
it__IT.MidClim.AB.06.Gen.ReEx.001.001__f050,IT.MidClim.AB.06.Gen.ReEx.001.001,it,0.5,3,ATTEMPTED,False,ENGINE_FAILED,1,25,1,None,1.331,False,True,False,38a43673cf860d4c207228d0cda86357d708a86bcaaff1800c91f895627026fd,
it__IT.MidClim.AB.06.Gen.ReEx.001.001__f100,IT.MidClim.AB.06.Gen.ReEx.001.001,it,1.0,1,ATTEMPTED,False,ENGINE_FAILED,1,1,1,None,0.664,False,False,False,7c137c50075b926a939ddb7efdec5f65e61a35ce5ec3883f8795ebd90d9afd8d,
it__IT.MidClim.AB.06.Gen.ReEx.001.001__f100,IT.MidClim.AB.06.Gen.ReEx.001.001,it,1.0,2,ATTEMPTED,False,ENGINE_FAILED,1,1,1,None,0.606,False,False,False,99e723ad4856ed4645cb825eef37b64e00c8ec89a59579a07b7d8bbca5bfc558,
it__IT.MidClim.AB.06.Gen.ReEx.001.001__f100,IT.MidClim.AB.06.Gen.ReEx.001.001,it,1.0,3,ATTEMPTED,False,ENGINE_FAILED,1,1,1,None,0.697,False,False,False,816a269fab67a0096aca8c85b6f7beec467a5158e880a6bf63d5189f774ed182,
it__IT.MidClim.AB.07.Gen.ReEx.001.001__f000,IT.MidClim.AB.07.Gen.ReEx.001.001,it,0.0,1,ATTEMPTED,True,COMPLETED,0,0,0,220192.16708907954,4.267,False,False,False,46b2c7d3dd735f7ccd4727b314ecefe39457340921bfbe782c85879593da9737,
it__IT.MidClim.AB.07.Gen.ReEx.001.001__f000,IT.MidClim.AB.07.Gen.ReEx.001.001,it,0.0,2,ATTEMPTED,True,COMPLETED,0,0,0,220192.16708907954,4.299,False,False,False,49762bcacc9dfd54d2d2e8987056179edeb99f79996b99ce0f76ef838bbcbe06,
it__IT.MidClim.AB.07.Gen.ReEx.001.001__f000,IT.MidClim.AB.07.Gen.ReEx.001.001,it,0.0,3,ATTEMPTED,True,COMPLETED,0,0,0,220192.16708907954,4.175,False,False,False,02a6f2d12307cf8cd9a101a43b8b2f6a9d63e0663abac7adf2782e110c64965d,
it__IT.MidClim.AB.07.Gen.ReEx.001.001__f015,IT.MidClim.AB.07.Gen.ReEx.001.001,it,0.15,1,ATTEMPTED,True,COMPLETED,0,0,0,220032.323214152,4.408,False,False,False,1035e15b1648eb742bf451011b68bce928001a015da81a3c0f59a1e9be4d238d,
it__IT.MidClim.AB.07.Gen.ReEx.001.001__f015,IT.MidClim.AB.07.Gen.ReEx.001.001,it,0.15,2,ATTEMPTED,True,COMPLETED,0,0,0,220032.323214152,4.564,False,False,False,e0273f14c3c98dd287cf271d2be97c8c883bba58335fdbf524f23cf652c640f0,
it__IT.MidClim.AB.07.Gen.ReEx.001.001__f015,IT.MidClim.AB.07.Gen.ReEx.001.001,it,0.15,3,ATTEMPTED,True,COMPLETED,0,0,0,220032.323214152,4.446,False,False,False,30beb36a578dcf05a6eb8553cce2667bd571a4e2c38dee0289bbbadeb41937f8,
it__IT.MidClim.AB.07.Gen.ReEx.001.001__f030,IT.MidClim.AB.07.Gen.ReEx.001.001,it,0.3,1,ATTEMPTED,True,COMPLETED,0,0,0,219888.00714228215,4.165,False,False,False,f58dd1581495947243574ec8aa3476cd47621745aca0e42caa8ef0f5a8eff20c,
it__IT.MidClim.AB.07.Gen.ReEx.001.001__f030,IT.MidClim.AB.07.Gen.ReEx.001.001,it,0.3,2,ATTEMPTED,True,COMPLETED,0,0,0,219888.00714228215,4.422,False,False,False,23e5296f5b49ae567974cc89e0606700b2aef4794647d4b050dc3328dcad3aad,
it__IT.MidClim.AB.07.Gen.ReEx.001.001__f030,IT.MidClim.AB.07.Gen.ReEx.001.001,it,0.3,3,ATTEMPTED,True,COMPLETED,0,0,0,219888.00714228215,4.485,False,False,False,eeca8867bebb366343efcb5066ec3196bd6c3f6ff6a56103e8ac85a018e085d9,
it__IT.MidClim.AB.07.Gen.ReEx.001.001__f050,IT.MidClim.AB.07.Gen.ReEx.001.001,it,0.5,1,ATTEMPTED,True,COMPLETED,0,0,0,219720.77467590664,4.457,False,False,False,fa2b6c5839308956efe05c4e57b9af02a71f6898206366e66f8fc943fef9e7e0,
it__IT.MidClim.AB.07.Gen.ReEx.001.001__f050,IT.MidClim.AB.07.Gen.ReEx.001.001,it,0.5,2,ATTEMPTED,True,COMPLETED,0,0,0,219720.77467590664,4.356,False,False,False,833c7222bf38e8f729630fa75f372715ae960d2da237323f5bb09809296f1b41,
it__IT.MidClim.AB.07.Gen.ReEx.001.001__f050,IT.MidClim.AB.07.Gen.ReEx.001.001,it,0.5,3,ATTEMPTED,True,COMPLETED,0,0,0,219720.77467590664,4.288,False,False,False,7b6457227aaf8f01f00cee7d39c2ec7e2d68cdf71159284eff7717dd4e29c161,
it__IT.MidClim.AB.07.Gen.ReEx.001.001__f100,IT.MidClim.AB.07.Gen.ReEx.001.001,it,1.0,1,ATTEMPTED,True,COMPLETED,0,0,0,219438.1672075933,4.359,False,False,False,f0fb1c78704454e2a9b9ceb0f0cfab6e973194d68a1455fadaeeb34686afa622,
it__IT.MidClim.AB.07.Gen.ReEx.001.001__f100,IT.MidClim.AB.07.Gen.ReEx.001.001,it,1.0,2,ATTEMPTED,True,COMPLETED,0,0,0,219438.1672075933,4.334,False,False,False,685a3ea8e01ab3f18763237fe593be2d2185ec756203da018f5d1a8648844dae,
it__IT.MidClim.AB.07.Gen.ReEx.001.001__f100,IT.MidClim.AB.07.Gen.ReEx.001.001,it,1.0,3,ATTEMPTED,True,COMPLETED,0,0,0,219438.1672075933,4.631,False,False,False,9afaa86f52dfb73793daa07923ee745276dc7507fafba0e0fccad21ba0ac55bb,
it__IT.MidClim.AB.08.Gen.ReEx.001.001__f000,IT.MidClim.AB.08.Gen.ReEx.001.001,it,0.0,1,ATTEMPTED,False,ENGINE_FAILED,1,1,1,None,0.567,False,False,False,21cca5ccbe4ce1751c1eb79480cb342bcf2d2a37d83c999e61baa420f0c6d7b6,
it__IT.MidClim.AB.08.Gen.ReEx.001.001__f000,IT.MidClim.AB.08.Gen.ReEx.001.001,it,0.0,2,ATTEMPTED,True,COMPLETED,0,0,0,87902.32657928666,5.084,False,False,False,0931a1030908bcfb748bd6bd982a8ddd0c8bf1e9c048b383323e71d261934f09,
it__IT.MidClim.AB.08.Gen.ReEx.001.001__f000,IT.MidClim.AB.08.Gen.ReEx.001.001,it,0.0,3,ATTEMPTED,True,COMPLETED,0,0,0,97829.23361969173,5.114,False,False,False,834d310c7771d2ec525caf1e4fc178f624ed2190a0d3a2d6fbcd9378b7bfac3a,
it__IT.MidClim.AB.08.Gen.ReEx.001.001__f015,IT.MidClim.AB.08.Gen.ReEx.001.001,it,0.15,1,ATTEMPTED,True,COMPLETED,0,0,0,97680.44955893024,5.02,False,False,False,66901a65f577b67bc0bee2f268c4afeca19847725aac2d7078050d0b163ea412,
it__IT.MidClim.AB.08.Gen.ReEx.001.001__f015,IT.MidClim.AB.08.Gen.ReEx.001.001,it,0.15,2,ATTEMPTED,True,COMPLETED,0,0,0,97483.77211044301,5.241,False,False,False,c155ca017d24e8bcd34faeb6fc136bfca5b34798d992935c7743b335f2f87436,
it__IT.MidClim.AB.08.Gen.ReEx.001.001__f015,IT.MidClim.AB.08.Gen.ReEx.001.001,it,0.15,3,ATTEMPTED,False,ENGINE_FAILED,1,1,1,None,0.58,False,False,False,b6dd5b800820644af6ad8e708a55887bce109feb322aae94930686d51184eecf,
it__IT.MidClim.AB.08.Gen.ReEx.001.001__f030,IT.MidClim.AB.08.Gen.ReEx.001.001,it,0.3,1,ATTEMPTED,True,COMPLETED,0,0,0,89489.18663787354,5.257,False,False,False,a65fc04139f59b4a439105a25efec8826c312caf24eef13444f2052ae2840dec,
it__IT.MidClim.AB.08.Gen.ReEx.001.001__f030,IT.MidClim.AB.08.Gen.ReEx.001.001,it,0.3,2,ATTEMPTED,True,COMPLETED,0,0,0,93608.1361181895,4.916,False,False,False,0dd7b2eb3abf29eaf02f307b53f62b4f07b37477dfcf8b6ec4b3f9d723f5c659,
it__IT.MidClim.AB.08.Gen.ReEx.001.001__f030,IT.MidClim.AB.08.Gen.ReEx.001.001,it,0.3,3,ATTEMPTED,False,ENGINE_FAILED,1,1,1,None,0.931,False,False,False,da284aac2c6851c95a19800b8c07d0d2f7fa65da0a9cbd4235d10564d842cd52,
it__IT.MidClim.AB.08.Gen.ReEx.001.001__f050,IT.MidClim.AB.08.Gen.ReEx.001.001,it,0.5,1,ATTEMPTED,False,ENGINE_FAILED,1,1,1,None,0.759,False,False,False,68182b419abb1bd022b2d058ccfe39cd68ded3b86f27bb1c1d69e454970634d8,
it__IT.MidClim.AB.08.Gen.ReEx.001.001__f050,IT.MidClim.AB.08.Gen.ReEx.001.001,it,0.5,2,ATTEMPTED,True,COMPLETED,0,0,0,92533.31225330867,4.578,False,False,False,f1c69bc9720e3aba637d76b072ccfddc059d7a257fb1e28ef66ec305931024c8,
it__IT.MidClim.AB.08.Gen.ReEx.001.001__f050,IT.MidClim.AB.08.Gen.ReEx.001.001,it,0.5,3,ATTEMPTED,True,COMPLETED,0,0,0,93038.89920088257,4.617,False,False,False,796520142e83b4557bdac1ca24d435b86cd01536adc1aad0d5c71d3e7b7fd00e,
it__IT.MidClim.AB.08.Gen.ReEx.001.001__f100,IT.MidClim.AB.08.Gen.ReEx.001.001,it,1.0,1,ATTEMPTED,True,COMPLETED,0,0,0,93176.96168032357,4.67,False,False,False,351dddba581ac582ffef4a07708c54a7666e70b1c8c0061db3c453221285ecfd,
it__IT.MidClim.AB.08.Gen.ReEx.001.001__f100,IT.MidClim.AB.08.Gen.ReEx.001.001,it,1.0,2,ATTEMPTED,True,COMPLETED,0,0,0,88416.05349936127,4.741,False,False,False,bf94fd17177acdf51ff64c27fb6a212069d19ee540a085731ebd201fa86ad764,
it__IT.MidClim.AB.08.Gen.ReEx.001.001__f100,IT.MidClim.AB.08.Gen.ReEx.001.001,it,1.0,3,ATTEMPTED,True,COMPLETED,0,0,0,97157.24705093807,4.865,False,False,False,1399485164f4b125b0e182e09e4a98e6c2facf739e0ff0e4d4917b3e232f6ae8,
it__IT.MidClim.MFH-AB.01-03.Gen.ReEx.001.001__f000,IT.MidClim.MFH-AB.01-03.Gen.ReEx.001.001,it,0.0,1,BUILD_REFUSED,,,,,,,0.028,False,False,False,,ValueError: S0 openings require an exterior (b=1) Wall_1 host
it__IT.MidClim.MFH-AB.01-03.Gen.ReEx.001.001__f000,IT.MidClim.MFH-AB.01-03.Gen.ReEx.001.001,it,0.0,2,BUILD_REFUSED,,,,,,,0.028,False,False,False,,ValueError: S0 openings require an exterior (b=1) Wall_1 host
it__IT.MidClim.MFH-AB.01-03.Gen.ReEx.001.001__f000,IT.MidClim.MFH-AB.01-03.Gen.ReEx.001.001,it,0.0,3,BUILD_REFUSED,,,,,,,0.026,False,False,False,,ValueError: S0 openings require an exterior (b=1) Wall_1 host
it__IT.MidClim.MFH-AB.01-03.Gen.ReEx.001.001__f015,IT.MidClim.MFH-AB.01-03.Gen.ReEx.001.001,it,0.15,1,BUILD_REFUSED,,,,,,,0.051,False,False,False,,ValueError: S0 openings require an exterior (b=1) Wall_1 host
it__IT.MidClim.MFH-AB.01-03.Gen.ReEx.001.001__f015,IT.MidClim.MFH-AB.01-03.Gen.ReEx.001.001,it,0.15,2,BUILD_REFUSED,,,,,,,0.03,False,False,False,,ValueError: S0 openings require an exterior (b=1) Wall_1 host
it__IT.MidClim.MFH-AB.01-03.Gen.ReEx.001.001__f015,IT.MidClim.MFH-AB.01-03.Gen.ReEx.001.001,it,0.15,3,BUILD_REFUSED,,,,,,,0.037,False,False,False,,ValueError: S0 openings require an exterior (b=1) Wall_1 host
it__IT.MidClim.MFH-AB.01-03.Gen.ReEx.001.001__f030,IT.MidClim.MFH-AB.01-03.Gen.ReEx.001.001,it,0.3,1,BUILD_REFUSED,,,,,,,0.043,False,False,False,,ValueError: S0 openings require an exterior (b=1) Wall_1 host
it__IT.MidClim.MFH-AB.01-03.Gen.ReEx.001.001__f030,IT.MidClim.MFH-AB.01-03.Gen.ReEx.001.001,it,0.3,2,BUILD_REFUSED,,,,,,,0.035,False,False,False,,ValueError: S0 openings require an exterior (b=1) Wall_1 host
it__IT.MidClim.MFH-AB.01-03.Gen.ReEx.001.001__f030,IT.MidClim.MFH-AB.01-03.Gen.ReEx.001.001,it,0.3,3,BUILD_REFUSED,,,,,,,0.03,False,False,False,,ValueError: S0 openings require an exterior (b=1) Wall_1 host
it__IT.MidClim.MFH-AB.01-03.Gen.ReEx.001.001__f050,IT.MidClim.MFH-AB.01-03.Gen.ReEx.001.001,it,0.5,1,BUILD_REFUSED,,,,,,,0.032,False,False,False,,ValueError: S0 openings require an exterior (b=1) Wall_1 host
it__IT.MidClim.MFH-AB.01-03.Gen.ReEx.001.001__f050,IT.MidClim.MFH-AB.01-03.Gen.ReEx.001.001,it,0.5,2,BUILD_REFUSED,,,,,,,0.335,False,False,False,,ValueError: S0 openings require an exterior (b=1) Wall_1 host
it__IT.MidClim.MFH-AB.01-03.Gen.ReEx.001.001__f050,IT.MidClim.MFH-AB.01-03.Gen.ReEx.001.001,it,0.5,3,BUILD_REFUSED,,,,,,,0.331,False,False,False,,ValueError: S0 openings require an exterior (b=1) Wall_1 host
it__IT.MidClim.MFH-AB.01-03.Gen.ReEx.001.001__f100,IT.MidClim.MFH-AB.01-03.Gen.ReEx.001.001,it,1.0,1,BUILD_REFUSED,,,,,,,0.03,False,False,False,,ValueError: S0 openings require an exterior (b=1) Wall_1 host
it__IT.MidClim.MFH-AB.01-03.Gen.ReEx.001.001__f100,IT.MidClim.MFH-AB.01-03.Gen.ReEx.001.001,it,1.0,2,BUILD_REFUSED,,,,,,,0.038,False,False,False,,ValueError: S0 openings require an exterior (b=1) Wall_1 host
it__IT.MidClim.MFH-AB.01-03.Gen.ReEx.001.001__f100,IT.MidClim.MFH-AB.01-03.Gen.ReEx.001.001,it,1.0,3,BUILD_REFUSED,,,,,,,0.034,False,False,False,,ValueError: S0 openings require an exterior (b=1) Wall_1 host
it__IT.MidClim.MFH-AB.04-05.Gen.ReEx.001.001__f000,IT.MidClim.MFH-AB.04-05.Gen.ReEx.001.001,it,0.0,1,BUILD_REFUSED,,,,,,,0.029,False,False,False,,ValueError: S0 openings require an exterior (b=1) Wall_1 host
it__IT.MidClim.MFH-AB.04-05.Gen.ReEx.001.001__f000,IT.MidClim.MFH-AB.04-05.Gen.ReEx.001.001,it,0.0,2,BUILD_REFUSED,,,,,,,0.028,False,False,False,,ValueError: S0 openings require an exterior (b=1) Wall_1 host
it__IT.MidClim.MFH-AB.04-05.Gen.ReEx.001.001__f000,IT.MidClim.MFH-AB.04-05.Gen.ReEx.001.001,it,0.0,3,BUILD_REFUSED,,,,,,,0.025,False,False,False,,ValueError: S0 openings require an exterior (b=1) Wall_1 host
it__IT.MidClim.MFH-AB.04-05.Gen.ReEx.001.001__f015,IT.MidClim.MFH-AB.04-05.Gen.ReEx.001.001,it,0.15,1,BUILD_REFUSED,,,,,,,0.036,False,False,False,,ValueError: S0 openings require an exterior (b=1) Wall_1 host
it__IT.MidClim.MFH-AB.04-05.Gen.ReEx.001.001__f015,IT.MidClim.MFH-AB.04-05.Gen.ReEx.001.001,it,0.15,2,BUILD_REFUSED,,,,,,,0.036,False,False,False,,ValueError: S0 openings require an exterior (b=1) Wall_1 host
it__IT.MidClim.MFH-AB.04-05.Gen.ReEx.001.001__f015,IT.MidClim.MFH-AB.04-05.Gen.ReEx.001.001,it,0.15,3,BUILD_REFUSED,,,,,,,0.043,False,False,False,,ValueError: S0 openings require an exterior (b=1) Wall_1 host
it__IT.MidClim.MFH-AB.04-05.Gen.ReEx.001.001__f030,IT.MidClim.MFH-AB.04-05.Gen.ReEx.001.001,it,0.3,1,BUILD_REFUSED,,,,,,,0.029,False,False,False,,ValueError: S0 openings require an exterior (b=1) Wall_1 host
it__IT.MidClim.MFH-AB.04-05.Gen.ReEx.001.001__f030,IT.MidClim.MFH-AB.04-05.Gen.ReEx.001.001,it,0.3,2,BUILD_REFUSED,,,,,,,0.03,False,False,False,,ValueError: S0 openings require an exterior (b=1) Wall_1 host
it__IT.MidClim.MFH-AB.04-05.Gen.ReEx.001.001__f030,IT.MidClim.MFH-AB.04-05.Gen.ReEx.001.001,it,0.3,3,BUILD_REFUSED,,,,,,,0.038,False,False,False,,ValueError: S0 openings require an exterior (b=1) Wall_1 host
it__IT.MidClim.MFH-AB.04-05.Gen.ReEx.001.001__f050,IT.MidClim.MFH-AB.04-05.Gen.ReEx.001.001,it,0.5,1,BUILD_REFUSED,,,,,,,0.037,False,False,False,,ValueError: S0 openings require an exterior (b=1) Wall_1 host
it__IT.MidClim.MFH-AB.04-05.Gen.ReEx.001.001__f050,IT.MidClim.MFH-AB.04-05.Gen.ReEx.001.001,it,0.5,2,BUILD_REFUSED,,,,,,,0.059,False,False,False,,ValueError: S0 openings require an exterior (b=1) Wall_1 host
it__IT.MidClim.MFH-AB.04-05.Gen.ReEx.001.001__f050,IT.MidClim.MFH-AB.04-05.Gen.ReEx.001.001,it,0.5,3,BUILD_REFUSED,,,,,,,0.03,False,False,False,,ValueError: S0 openings require an exterior (b=1) Wall_1 host
it__IT.MidClim.MFH-AB.04-05.Gen.ReEx.001.001__f100,IT.MidClim.MFH-AB.04-05.Gen.ReEx.001.001,it,1.0,1,BUILD_REFUSED,,,,,,,0.03,False,False,False,,ValueError: S0 openings require an exterior (b=1) Wall_1 host
it__IT.MidClim.MFH-AB.04-05.Gen.ReEx.001.001__f100,IT.MidClim.MFH-AB.04-05.Gen.ReEx.001.001,it,1.0,2,BUILD_REFUSED,,,,,,,0.03,False,False,False,,ValueError: S0 openings require an exterior (b=1) Wall_1 host
it__IT.MidClim.MFH-AB.04-05.Gen.ReEx.001.001__f100,IT.MidClim.MFH-AB.04-05.Gen.ReEx.001.001,it,1.0,3,BUILD_REFUSED,,,,,,,0.032,False,False,False,,ValueError: S0 openings require an exterior (b=1) Wall_1 host
it__IT.MidClim.MFH-AB.06.Gen.ReEx.001.001__f000,IT.MidClim.MFH-AB.06.Gen.ReEx.001.001,it,0.0,1,ATTEMPTED,False,ENGINE_FAILED,1,1,1,None,0.558,False,False,False,b03fc29ec67ccd6deb8b2a6037fdca147215a9eb3618f7d656b2beb3e60deb1b,
it__IT.MidClim.MFH-AB.06.Gen.ReEx.001.001__f000,IT.MidClim.MFH-AB.06.Gen.ReEx.001.001,it,0.0,2,ATTEMPTED,True,COMPLETED,0,0,0,100930.33742507389,5.084,False,False,False,393e54456fc5e7cb92cd2a05e469a932a76cb1ec8c4c1b75f1a01af209bfe136,
it__IT.MidClim.MFH-AB.06.Gen.ReEx.001.001__f000,IT.MidClim.MFH-AB.06.Gen.ReEx.001.001,it,0.0,3,ATTEMPTED,True,COMPLETED,0,0,0,100930.33742507389,4.795,False,False,False,a8a28f771b84acb59ec2e838e1d84136041aa6028192e3224402f99477fef083,
it__IT.MidClim.MFH-AB.06.Gen.ReEx.001.001__f015,IT.MidClim.MFH-AB.06.Gen.ReEx.001.001,it,0.15,1,ATTEMPTED,True,COMPLETED,0,0,0,93408.81334584128,4.6,False,False,False,a7995ed71f00a2ac53656f5fb5fca45abe490c8393de86afb71762bbfeae5db6,
it__IT.MidClim.MFH-AB.06.Gen.ReEx.001.001__f015,IT.MidClim.MFH-AB.06.Gen.ReEx.001.001,it,0.15,2,ATTEMPTED,True,COMPLETED,0,0,0,100681.54739508417,4.456,False,False,False,3101327e553f10f41ffa91ddf46b6066829b8953610b50377f755c1c237afe98,
it__IT.MidClim.MFH-AB.06.Gen.ReEx.001.001__f015,IT.MidClim.MFH-AB.06.Gen.ReEx.001.001,it,0.15,3,ATTEMPTED,False,ENGINE_FAILED,1,23,1,None,1.392,False,True,False,3a3e4313cebb23a666a92ca2e8afeb32a549d6bac3b8dd51e3ac5370ed472779,
it__IT.MidClim.MFH-AB.06.Gen.ReEx.001.001__f030,IT.MidClim.MFH-AB.06.Gen.ReEx.001.001,it,0.3,1,ATTEMPTED,False,ENGINE_FAILED,1,33,1,None,3.135,False,True,False,6e538a88d2cd64346dfa547d5d308730fac03b170cea51f17a69b5f9f025b3b9,
it__IT.MidClim.MFH-AB.06.Gen.ReEx.001.001__f030,IT.MidClim.MFH-AB.06.Gen.ReEx.001.001,it,0.3,2,ATTEMPTED,True,COMPLETED,0,0,0,100847.94304035201,5.049,False,False,False,a8128631b843841e44c18939a923667c9a7e3d91487c42c129e503c2f424a853,
it__IT.MidClim.MFH-AB.06.Gen.ReEx.001.001__f030,IT.MidClim.MFH-AB.06.Gen.ReEx.001.001,it,0.3,3,ATTEMPTED,False,ENGINE_FAILED,1,1,1,None,0.555,False,False,True,828e979880ade2794865531fda7dc5b3240f581d435e2fc2cd4fd0473c56406c,
it__IT.MidClim.MFH-AB.06.Gen.ReEx.001.001__f050,IT.MidClim.MFH-AB.06.Gen.ReEx.001.001,it,0.5,1,ATTEMPTED,True,COMPLETED,0,0,0,97781.9836407513,4.869,False,False,False,c2561c5bdad09c6a90a6d6094c3014493414b80449f2513f926f8e9ed85a3da4,
it__IT.MidClim.MFH-AB.06.Gen.ReEx.001.001__f050,IT.MidClim.MFH-AB.06.Gen.ReEx.001.001,it,0.5,2,ATTEMPTED,False,ENGINE_FAILED,1,1,1,None,0.566,False,False,False,751413caf35cc661c1d1f1d7d4574bb278eec0f7fd34160d3b87cc8d5c39ef6a,
it__IT.MidClim.MFH-AB.06.Gen.ReEx.001.001__f050,IT.MidClim.MFH-AB.06.Gen.ReEx.001.001,it,0.5,3,ATTEMPTED,True,COMPLETED,0,0,0,100798.9843291362,5.14,False,False,False,1844ca674d4a9779ef12619ec1126bf209de8f32cc8a40dc1b0bacc4dd753da1,
it__IT.MidClim.MFH-AB.06.Gen.ReEx.001.001__f100,IT.MidClim.MFH-AB.06.Gen.ReEx.001.001,it,1.0,1,ATTEMPTED,True,COMPLETED,0,0,0,100699.01098229153,4.484,False,False,False,dbd51421b52eb0b938f9907912a2e91a15d3671d2bbc20f9f9645a27ef7a75d0,
it__IT.MidClim.MFH-AB.06.Gen.ReEx.001.001__f100,IT.MidClim.MFH-AB.06.Gen.ReEx.001.001,it,1.0,2,ATTEMPTED,True,COMPLETED,0,0,0,100699.01098229153,4.553,False,False,False,98bca317b90b644c52afcef34682906c69e4e645b60546d44d704473375845b8,
it__IT.MidClim.MFH-AB.06.Gen.ReEx.001.001__f100,IT.MidClim.MFH-AB.06.Gen.ReEx.001.001,it,1.0,3,ATTEMPTED,False,ENGINE_FAILED,1,1,1,None,0.53,False,False,False,a8b05c780d34683f3a14c6c8337e6acb41919b574ca0eec5fb8db2a6f546da74,
it__IT.MidClim.MFH-AB.07.Gen.ReEx.001.001__f000,IT.MidClim.MFH-AB.07.Gen.ReEx.001.001,it,0.0,1,ATTEMPTED,False,ENGINE_FAILED,1,37,1,None,0.854,False,True,False,4aedfa0e65afa6b7e605c1781dad9a07bb66d245cc11cc14b4d3f0b23d6fa3fb,
it__IT.MidClim.MFH-AB.07.Gen.ReEx.001.001__f000,IT.MidClim.MFH-AB.07.Gen.ReEx.001.001,it,0.0,2,ATTEMPTED,True,COMPLETED,0,0,0,74439.19485834216,4.629,False,False,False,63dd1b35b4e8a683cd0d40dcb9ba8f8aa1eb37cdec444bbc9285361635c99832,
it__IT.MidClim.MFH-AB.07.Gen.ReEx.001.001__f000,IT.MidClim.MFH-AB.07.Gen.ReEx.001.001,it,0.0,3,ATTEMPTED,True,COMPLETED,0,0,0,74439.19485834216,4.644,False,False,False,413f7106173251066b67be0cbb1f56199f09cd0fc7d6cad3c51f2d2618d60025,
it__IT.MidClim.MFH-AB.07.Gen.ReEx.001.001__f015,IT.MidClim.MFH-AB.07.Gen.ReEx.001.001,it,0.15,1,ATTEMPTED,True,COMPLETED,0,0,0,74376.53631469917,4.657,False,False,False,38789f2974b3823ebfa4148535ad9b99feab653aff5f1d88a40bc3f0526642ca,
it__IT.MidClim.MFH-AB.07.Gen.ReEx.001.001__f015,IT.MidClim.MFH-AB.07.Gen.ReEx.001.001,it,0.15,2,ATTEMPTED,True,COMPLETED,0,0,0,74376.53631469917,4.596,False,False,False,36d3055c479c8955e605571b7cf8b2de841e37bdccb9e5a5c12e043f5bdd86a9,
it__IT.MidClim.MFH-AB.07.Gen.ReEx.001.001__f015,IT.MidClim.MFH-AB.07.Gen.ReEx.001.001,it,0.15,3,ATTEMPTED,True,COMPLETED,0,0,0,74376.53631469917,4.621,False,False,False,cfc018d8255f719f54a11a6698f79b9024cae9b29b13a9531b1957872a967fab,
it__IT.MidClim.MFH-AB.07.Gen.ReEx.001.001__f030,IT.MidClim.MFH-AB.07.Gen.ReEx.001.001,it,0.3,1,ATTEMPTED,True,COMPLETED,0,0,0,74317.8265534568,4.703,False,False,False,97326920bb5d8e7f64e783998b44c5e8ea7aa26dac6d21299c737b00fb2799d6,
it__IT.MidClim.MFH-AB.07.Gen.ReEx.001.001__f030,IT.MidClim.MFH-AB.07.Gen.ReEx.001.001,it,0.3,2,ATTEMPTED,True,COMPLETED,0,0,0,74317.8265534568,4.606,False,False,False,a63944e51c116afca9d19ebf74bfe3df70671b2c6c1b812a4a7c3116f349e198,
it__IT.MidClim.MFH-AB.07.Gen.ReEx.001.001__f030,IT.MidClim.MFH-AB.07.Gen.ReEx.001.001,it,0.3,3,ATTEMPTED,True,COMPLETED,0,0,0,74317.8265534568,4.756,False,False,False,f3f05ba0c7a547315271478bde8649b0a281dd5628abae26be51c25f31673f03,
it__IT.MidClim.MFH-AB.07.Gen.ReEx.001.001__f050,IT.MidClim.MFH-AB.07.Gen.ReEx.001.001,it,0.5,1,ATTEMPTED,True,COMPLETED,0,0,0,74245.7792805056,4.635,False,False,False,28c413bcd237e701886ffe328d1be7865399d3d4247ef4001057265797ec00ca,
it__IT.MidClim.MFH-AB.07.Gen.ReEx.001.001__f050,IT.MidClim.MFH-AB.07.Gen.ReEx.001.001,it,0.5,2,ATTEMPTED,True,COMPLETED,0,0,0,74245.7792805056,4.74,False,False,False,6134206e02710ae8749395a3951921adb30ef138fb9dbbf74628559662b74c4c,
it__IT.MidClim.MFH-AB.07.Gen.ReEx.001.001__f050,IT.MidClim.MFH-AB.07.Gen.ReEx.001.001,it,0.5,3,ATTEMPTED,True,COMPLETED,0,0,0,74245.7792805056,4.721,False,False,False,a93682782b242d85fb372a04d8910526e6e28345d1dbb8218c6fa9f7c6d01e71,
it__IT.MidClim.MFH-AB.07.Gen.ReEx.001.001__f100,IT.MidClim.MFH-AB.07.Gen.ReEx.001.001,it,1.0,1,ATTEMPTED,True,COMPLETED,0,0,0,74097.42417404153,4.545,False,False,False,6b756b6d0a3320ad537d61b634b4ec57aa2900369965148baade40e94583ed82,
it__IT.MidClim.MFH-AB.07.Gen.ReEx.001.001__f100,IT.MidClim.MFH-AB.07.Gen.ReEx.001.001,it,1.0,2,ATTEMPTED,True,COMPLETED,0,0,0,74097.42417404153,4.658,False,False,False,44910ea5a902b6f5a20d7fe3611ea054e289f221b41660284578fb41501c2a76,
it__IT.MidClim.MFH-AB.07.Gen.ReEx.001.001__f100,IT.MidClim.MFH-AB.07.Gen.ReEx.001.001,it,1.0,3,ATTEMPTED,True,COMPLETED,0,0,0,73885.25868405362,4.677,False,False,False,7152e3b78b51376ab4f452e34da7ab0f472232d218d1201068dd7ee85e555eeb,
it__IT.MidClim.MFH-AB.08.Gen.ReEx.001.001__f000,IT.MidClim.MFH-AB.08.Gen.ReEx.001.001,it,0.0,1,ATTEMPTED,True,COMPLETED,0,0,0,37416.79977805436,3.777,False,False,False,4f71b7b545c8431a33a55396b3a8e848cbfc4dbb4672f2edd7304a9908101298,
it__IT.MidClim.MFH-AB.08.Gen.ReEx.001.001__f000,IT.MidClim.MFH-AB.08.Gen.ReEx.001.001,it,0.0,2,ATTEMPTED,True,COMPLETED,0,0,0,37128.43542811441,3.861,False,False,False,3484e58b8c45ab2496e473c928b67922589588ca3104824700271bbfbb93a2ba,
it__IT.MidClim.MFH-AB.08.Gen.ReEx.001.001__f000,IT.MidClim.MFH-AB.08.Gen.ReEx.001.001,it,0.0,3,ATTEMPTED,True,COMPLETED,0,0,0,37416.79977805436,3.834,False,False,False,9cedaf46e119123bcaea59d290434edac83e25c28482904abd03c2bbd51b3c2b,
it__IT.MidClim.MFH-AB.08.Gen.ReEx.001.001__f015,IT.MidClim.MFH-AB.08.Gen.ReEx.001.001,it,0.15,1,ATTEMPTED,True,COMPLETED,0,0,0,37388.111586383675,3.819,False,False,False,83e9226cdcaf93a02af3ca968c78db8ff3dd0f33eeed255a96e07fa394d98b19,
it__IT.MidClim.MFH-AB.08.Gen.ReEx.001.001__f015,IT.MidClim.MFH-AB.08.Gen.ReEx.001.001,it,0.15,2,ATTEMPTED,True,COMPLETED,0,0,0,37388.111586383675,3.807,False,False,False,2031beda4b45bf8d9a62f4ce08b5aa01f39108c13f87042026ff18bcdf04b7c3,
it__IT.MidClim.MFH-AB.08.Gen.ReEx.001.001__f015,IT.MidClim.MFH-AB.08.Gen.ReEx.001.001,it,0.15,3,ATTEMPTED,True,COMPLETED,0,0,0,37388.111586383675,3.667,False,False,False,8843884175c03fce1adce8cf1bbd3c779c0793d3de7916222f71ebc03a8bfc8f,
it__IT.MidClim.MFH-AB.08.Gen.ReEx.001.001__f030,IT.MidClim.MFH-AB.08.Gen.ReEx.001.001,it,0.3,1,ATTEMPTED,True,COMPLETED,0,0,0,37067.04227176275,3.789,False,False,False,7a873fd5f75218a28b3eba5453fd873f64eb6b564150a680851924f77524ee8e,
it__IT.MidClim.MFH-AB.08.Gen.ReEx.001.001__f030,IT.MidClim.MFH-AB.08.Gen.ReEx.001.001,it,0.3,2,ATTEMPTED,True,COMPLETED,0,0,0,37362.944983541565,3.836,False,False,False,8276c2367faf17010d95cd5ae1a6cb0e9f1c26dfd7603cd2a1f7584a8d96bd58,
it__IT.MidClim.MFH-AB.08.Gen.ReEx.001.001__f030,IT.MidClim.MFH-AB.08.Gen.ReEx.001.001,it,0.3,3,ATTEMPTED,True,COMPLETED,0,0,0,37362.944983541565,3.775,False,False,False,026a0873797536b148bf7780f8971c12a863230c8ee3ebce8ed341deffaeff6d,
it__IT.MidClim.MFH-AB.08.Gen.ReEx.001.001__f050,IT.MidClim.MFH-AB.08.Gen.ReEx.001.001,it,0.5,1,ATTEMPTED,True,COMPLETED,0,0,0,37334.54135751823,3.814,False,False,False,dec434a65d7b42098570c3da8fbe4d126460c5de911a350cb2c5c343f8c572ec,
it__IT.MidClim.MFH-AB.08.Gen.ReEx.001.001__f050,IT.MidClim.MFH-AB.08.Gen.ReEx.001.001,it,0.5,2,ATTEMPTED,False,ENGINE_FAILED,1,1,1,None,0.531,False,False,False,42e387c0855a4a1a209033ae2aabf37faf42c1239855b7f92bd62d4311a6040a,
it__IT.MidClim.MFH-AB.08.Gen.ReEx.001.001__f050,IT.MidClim.MFH-AB.08.Gen.ReEx.001.001,it,0.5,3,ATTEMPTED,False,ENGINE_FAILED,1,1,1,None,0.535,False,False,False,991945c7471f1995ba693c8cced36db5c8ecbea96da1cdba8f4d07f340abf32f,
it__IT.MidClim.MFH-AB.08.Gen.ReEx.001.001__f100,IT.MidClim.MFH-AB.08.Gen.ReEx.001.001,it,1.0,1,ATTEMPTED,True,COMPLETED,0,0,0,36569.72260288415,3.886,False,False,False,ff0ba3e5d3451b300179b38c9f2a19c8599019feb0173de42fa90b17813c9f59,
it__IT.MidClim.MFH-AB.08.Gen.ReEx.001.001__f100,IT.MidClim.MFH-AB.08.Gen.ReEx.001.001,it,1.0,2,ATTEMPTED,True,COMPLETED,0,0,0,37289.06965930364,3.87,False,False,False,af79d0774a94bb21f00c318e76a0a056125a61346b7c013e005a234f420b5a7f,
it__IT.MidClim.MFH-AB.08.Gen.ReEx.001.001__f100,IT.MidClim.MFH-AB.08.Gen.ReEx.001.001,it,1.0,3,ATTEMPTED,True,COMPLETED,0,0,0,35822.926329288304,3.95,False,False,False,6cfdba5e927522dad6d5cfc9aef95e60e2bc270034fe37014510c9cbfeab686c,
it__IT.MidClim.MFH.01.Gen.ReEx.001.001__f000,IT.MidClim.MFH.01.Gen.ReEx.001.001,it,0.0,1,ATTEMPTED,True,COMPLETED,0,0,0,86177.98858411948,4.096,False,False,False,6eb7a6a7baf8be9c36f0fe22b71de68a00fd62f7bcd803ab3ffdd6e0a08fb702,
it__IT.MidClim.MFH.01.Gen.ReEx.001.001__f000,IT.MidClim.MFH.01.Gen.ReEx.001.001,it,0.0,2,ATTEMPTED,True,COMPLETED,0,0,0,86177.98858411948,4.044,False,False,False,c5cd898633818b1c2e2abcd0810d559530c6136b47efc1d03eae14ab49aa81e7,
it__IT.MidClim.MFH.01.Gen.ReEx.001.001__f000,IT.MidClim.MFH.01.Gen.ReEx.001.001,it,0.0,3,ATTEMPTED,True,COMPLETED,0,0,0,86177.98858411948,4.084,False,False,False,bb7a305cdf2c231024c11e11baa731b6ef00494065d95172c843af50e941a154,
it__IT.MidClim.MFH.01.Gen.ReEx.001.001__f015,IT.MidClim.MFH.01.Gen.ReEx.001.001,it,0.15,1,ATTEMPTED,True,COMPLETED,0,0,0,86121.83115238554,3.995,False,False,False,716964eba66a1e799b7e9e2dc622d2cf1e0370cc03080bf33874807736cf17a1,
it__IT.MidClim.MFH.01.Gen.ReEx.001.001__f015,IT.MidClim.MFH.01.Gen.ReEx.001.001,it,0.15,2,ATTEMPTED,True,COMPLETED,0,0,0,86121.83115238554,4.079,False,False,False,9a802cac69f0d6cd47ed08e075d47bb5701fb15193e18e2c2211a9f1d8a980ff,
it__IT.MidClim.MFH.01.Gen.ReEx.001.001__f015,IT.MidClim.MFH.01.Gen.ReEx.001.001,it,0.15,3,ATTEMPTED,True,COMPLETED,0,0,0,86121.83115238554,4.17,False,False,False,d99e2ee2c4d425de696b3fa9a6b6548969a953b6886f68ebd3b8774004317668,
it__IT.MidClim.MFH.01.Gen.ReEx.001.001__f030,IT.MidClim.MFH.01.Gen.ReEx.001.001,it,0.3,1,ATTEMPTED,True,COMPLETED,0,0,0,86067.74195585471,4.031,False,False,False,197403765d9f546975bbf719dd3af1811e709c79d65b5c3706a25da678895dc2,
it__IT.MidClim.MFH.01.Gen.ReEx.001.001__f030,IT.MidClim.MFH.01.Gen.ReEx.001.001,it,0.3,2,ATTEMPTED,True,COMPLETED,0,0,0,86067.74195585471,3.971,False,False,False,9ead50c8152bc6361cd986fa37deac5cd9b99ff3c2c8dd14c60966c40d1bd7b9,
it__IT.MidClim.MFH.01.Gen.ReEx.001.001__f030,IT.MidClim.MFH.01.Gen.ReEx.001.001,it,0.3,3,ATTEMPTED,True,COMPLETED,0,0,0,86067.74195585471,4.149,False,False,False,1d69a83820df7971f21b2a3252adc59a0c33f5114e1961b08db8f1be40427fdd,
it__IT.MidClim.MFH.01.Gen.ReEx.001.001__f050,IT.MidClim.MFH.01.Gen.ReEx.001.001,it,0.5,1,ATTEMPTED,True,COMPLETED,0,0,0,85998.75610852876,4.067,False,False,False,bb1cd1fe581c393d78162d3cc7dc668d96d0fe44251e9854eeeffae812659fd7,
it__IT.MidClim.MFH.01.Gen.ReEx.001.001__f050,IT.MidClim.MFH.01.Gen.ReEx.001.001,it,0.5,2,ATTEMPTED,True,COMPLETED,0,0,0,85998.75610852876,4.255,False,False,False,27cff6dfe74d3b7d6a075f28f77c1a710abab3a9abfda2c375e6aafdb53608f1,
it__IT.MidClim.MFH.01.Gen.ReEx.001.001__f050,IT.MidClim.MFH.01.Gen.ReEx.001.001,it,0.5,3,ATTEMPTED,True,COMPLETED,0,0,0,85998.75610852876,4.246,False,False,False,3e2c42b47829fcd7dcc803f0411b971be3c94e7c3891e4fe1eba4ff87888456f,
it__IT.MidClim.MFH.01.Gen.ReEx.001.001__f100,IT.MidClim.MFH.01.Gen.ReEx.001.001,it,1.0,1,ATTEMPTED,True,COMPLETED,0,0,0,85841.08050002334,4.105,False,False,False,d92bb31c1ab5969f8e0c7a9d6778995b3c2851dc85a0fc16b14f993ad76d4799,
it__IT.MidClim.MFH.01.Gen.ReEx.001.001__f100,IT.MidClim.MFH.01.Gen.ReEx.001.001,it,1.0,2,ATTEMPTED,False,ENGINE_FAILED,1,29,1,None,2.779,False,True,False,0a3362b8c9e7bbbeb26439c481d4b426ea49bd201b9e840806237f6485fe30ff,
it__IT.MidClim.MFH.01.Gen.ReEx.001.001__f100,IT.MidClim.MFH.01.Gen.ReEx.001.001,it,1.0,3,ATTEMPTED,True,COMPLETED,0,0,0,85841.08050002334,4.062,False,False,False,edc7be23fb1963c5ca8e13f77ff709e1ccd1aa648f347cd5b93dc8207e84e0a4,
it__IT.MidClim.MFH.02.Gen.ReEx.001.001__f000,IT.MidClim.MFH.02.Gen.ReEx.001.001,it,0.0,1,ATTEMPTED,True,COMPLETED,0,0,0,115802.89401049774,4.429,False,False,False,b34df52eee0114268cd6d5879295f23919cf0b4cfa6353dfe0c41e0269e0a600,
it__IT.MidClim.MFH.02.Gen.ReEx.001.001__f000,IT.MidClim.MFH.02.Gen.ReEx.001.001,it,0.0,2,ATTEMPTED,True,COMPLETED,0,0,0,115802.89401049774,4.36,False,False,False,10f4f85d5d71880fabc9ff5a0e6d4e8ce00df258570d440d6b39bb8ce1ffefbf,
it__IT.MidClim.MFH.02.Gen.ReEx.001.001__f000,IT.MidClim.MFH.02.Gen.ReEx.001.001,it,0.0,3,ATTEMPTED,True,COMPLETED,0,0,0,115802.89401049774,4.296,False,False,False,b2a511aa7790a4198e51bc145508e159a1253020f9a217e316facf3d99d86815,
it__IT.MidClim.MFH.02.Gen.ReEx.001.001__f015,IT.MidClim.MFH.02.Gen.ReEx.001.001,it,0.15,1,ATTEMPTED,True,COMPLETED,0,0,0,115746.52068699483,4.531,False,False,False,d9b27117ef551060769a77b97a165d98b76299b2ae39581b2e2a6def89c0862a,
it__IT.MidClim.MFH.02.Gen.ReEx.001.001__f015,IT.MidClim.MFH.02.Gen.ReEx.001.001,it,0.15,2,ATTEMPTED,True,COMPLETED,0,0,0,115746.52068699483,4.818,False,False,False,33695ce02ec79e012e3be383043c7e53b4e9a2f5e98a3d947eb393fba1459643,
it__IT.MidClim.MFH.02.Gen.ReEx.001.001__f015,IT.MidClim.MFH.02.Gen.ReEx.001.001,it,0.15,3,ATTEMPTED,False,ENGINE_FAILED,1,29,1,None,2.649,False,True,False,f390b0ef2bdb06078f66e37ccfc593ab20567225ee4db4574a7651ffcd55e1d6,
it__IT.MidClim.MFH.02.Gen.ReEx.001.001__f030,IT.MidClim.MFH.02.Gen.ReEx.001.001,it,0.3,1,ATTEMPTED,True,COMPLETED,0,0,0,115692.19878136643,4.305,False,False,False,06e9cba96caf3ddc95fa01a91c6626e7a19d02cc2d6594b5a0d73654500c4577,
it__IT.MidClim.MFH.02.Gen.ReEx.001.001__f030,IT.MidClim.MFH.02.Gen.ReEx.001.001,it,0.3,2,ATTEMPTED,True,COMPLETED,0,0,0,115562.66707377617,4.323,False,False,False,e563308f40a3283bd30bba50114dce78515c200f99f3fba2db43053d219fb0b8,
it__IT.MidClim.MFH.02.Gen.ReEx.001.001__f030,IT.MidClim.MFH.02.Gen.ReEx.001.001,it,0.3,3,ATTEMPTED,True,COMPLETED,0,0,0,115692.19878136643,4.443,False,False,False,e7f5aa870b3f8b3b36f9745898279154ed2b16a629fae453d1d648052756a2ba,
it__IT.MidClim.MFH.02.Gen.ReEx.001.001__f050,IT.MidClim.MFH.02.Gen.ReEx.001.001,it,0.5,1,ATTEMPTED,True,COMPLETED,0,0,0,115622.78306494074,4.539,False,False,False,d74eed2d90b592bd7ac149a35b980aff97faf2306ba6825d89c938e0dfa20933,
it__IT.MidClim.MFH.02.Gen.ReEx.001.001__f050,IT.MidClim.MFH.02.Gen.ReEx.001.001,it,0.5,2,ATTEMPTED,True,COMPLETED,0,0,0,115622.78306494074,4.521,False,False,False,fbe949e28cfbbe93208306220cd6a782a7951afa4fe3c074c06f58c09bbff8f4,
it__IT.MidClim.MFH.02.Gen.ReEx.001.001__f050,IT.MidClim.MFH.02.Gen.ReEx.001.001,it,0.5,3,ATTEMPTED,True,COMPLETED,0,0,0,115622.78306494074,4.646,False,False,False,f7fd7aa693cfc95cd601e40c6362d76c89c0c47d0ba09d9f5035afd0397bdbf8,
it__IT.MidClim.MFH.02.Gen.ReEx.001.001__f100,IT.MidClim.MFH.02.Gen.ReEx.001.001,it,1.0,1,ATTEMPTED,True,COMPLETED,0,0,0,115464.58886107727,4.587,False,False,False,59e01b27b634c7e82bb0e3f740d4f9d72555a3d93a07ad4aa485092e7b4746b4,
it__IT.MidClim.MFH.02.Gen.ReEx.001.001__f100,IT.MidClim.MFH.02.Gen.ReEx.001.001,it,1.0,2,ATTEMPTED,True,COMPLETED,0,0,0,115334.45805394361,4.506,False,False,False,0c5aa0dd3b3645bca8ad9e23364421ea28a67350e65dfabd24b9a34599bacb46,
it__IT.MidClim.MFH.02.Gen.ReEx.001.001__f100,IT.MidClim.MFH.02.Gen.ReEx.001.001,it,1.0,3,ATTEMPTED,True,COMPLETED,0,0,0,115464.58886107727,4.457,False,False,False,e8ba4da68f0e2b3ff153d0b9c1fbb89f8e6ea128eedf5a98234dc84ecf918c75,
it__IT.MidClim.MFH.03.Gen.ReEx.001.001__f000,IT.MidClim.MFH.03.Gen.ReEx.001.001,it,0.0,1,ATTEMPTED,False,ENGINE_FAILED,1,1,1,None,0.567,False,False,False,7fa9413e5b33eb97478aaa2b2272f061e2974cb7ebbb3f1e0b257c2a14dd4d36,
it__IT.MidClim.MFH.03.Gen.ReEx.001.001__f000,IT.MidClim.MFH.03.Gen.ReEx.001.001,it,0.0,2,ATTEMPTED,True,COMPLETED,0,0,0,140947.0113410835,4.83,False,False,False,458f8d841aba465a95c064d7c2ec19bd479993d591d8a6bfc0e04e30320f0d7b,
it__IT.MidClim.MFH.03.Gen.ReEx.001.001__f000,IT.MidClim.MFH.03.Gen.ReEx.001.001,it,0.0,3,ATTEMPTED,True,COMPLETED,0,0,0,147000.4434526493,4.797,False,False,False,4c4d0dc6b36b342b971e1a7dcf3e0d85132a3ce34ba1807b16b866bda5d2ee87,
it__IT.MidClim.MFH.03.Gen.ReEx.001.001__f015,IT.MidClim.MFH.03.Gen.ReEx.001.001,it,0.15,1,ATTEMPTED,False,ENGINE_FAILED,1,1,1,None,0.659,False,False,False,0ee4323b7c46431075c84de258d162d89550adee35131474432c3e25cf73f980,
it__IT.MidClim.MFH.03.Gen.ReEx.001.001__f015,IT.MidClim.MFH.03.Gen.ReEx.001.001,it,0.15,2,ATTEMPTED,True,COMPLETED,0,0,0,147122.19942093932,4.872,False,False,False,c17eff290229d5942af02d2f5a5f9849a8887d9ddcd7fa6575de26509fbaecf8,
it__IT.MidClim.MFH.03.Gen.ReEx.001.001__f015,IT.MidClim.MFH.03.Gen.ReEx.001.001,it,0.15,3,ATTEMPTED,False,ENGINE_FAILED,1,1,1,None,0.547,False,False,False,1baf6e7f12a3afab1368490b0de37c947bf9e479a2e423faaaf3763dc3a3aa89,
it__IT.MidClim.MFH.03.Gen.ReEx.001.001__f030,IT.MidClim.MFH.03.Gen.ReEx.001.001,it,0.3,1,ATTEMPTED,True,COMPLETED,0,0,0,146874.56491254966,4.691,False,False,False,bdb490150221f913f1f885d298768b6f00f106cc360f5b78d95da4b588593601,
it__IT.MidClim.MFH.03.Gen.ReEx.001.001__f030,IT.MidClim.MFH.03.Gen.ReEx.001.001,it,0.3,2,ATTEMPTED,False,ENGINE_FAILED,1,1,1,None,0.56,False,False,False,51b27234dd1f51b376f242e823d9cd238cff05b8b1015dcee3dcb03c3485d5d0,
it__IT.MidClim.MFH.03.Gen.ReEx.001.001__f030,IT.MidClim.MFH.03.Gen.ReEx.001.001,it,0.3,3,ATTEMPTED,True,COMPLETED,0,0,0,144059.6570916073,4.875,False,False,False,0ef2bb76182f14a1cdd25583071af42a2371cbb551eddb366721935ff1befff0,
it__IT.MidClim.MFH.03.Gen.ReEx.001.001__f050,IT.MidClim.MFH.03.Gen.ReEx.001.001,it,0.5,1,ATTEMPTED,False,ENGINE_FAILED,1,33,1,None,3.086,False,True,False,38fbb48d930506729bd0b23cf22adb852509bfb3fc127c588bae290f32c1c8ca,
it__IT.MidClim.MFH.03.Gen.ReEx.001.001__f050,IT.MidClim.MFH.03.Gen.ReEx.001.001,it,0.5,2,ATTEMPTED,False,ENGINE_FAILED,1,1,1,None,0.592,False,False,False,b57d42f622c4c8eabcee4c9b44882e3bc0d0356a07951347c8ef50077ab6765c,
it__IT.MidClim.MFH.03.Gen.ReEx.001.001__f050,IT.MidClim.MFH.03.Gen.ReEx.001.001,it,0.5,3,ATTEMPTED,True,COMPLETED,0,0,0,146986.8068994171,5.604,False,False,False,5259760bd33539a9a52fa0d05ede48e62d6ed8d93981306c8cb2c798ab027a31,
it__IT.MidClim.MFH.03.Gen.ReEx.001.001__f100,IT.MidClim.MFH.03.Gen.ReEx.001.001,it,1.0,1,ATTEMPTED,True,COMPLETED,0,0,0,140545.82154533544,4.93,False,False,False,a1f3f984484ab9fd40fe993519838a35fe0a04ffe92543cf3087e986bd226684,
it__IT.MidClim.MFH.03.Gen.ReEx.001.001__f100,IT.MidClim.MFH.03.Gen.ReEx.001.001,it,1.0,2,ATTEMPTED,False,ENGINE_FAILED,1,1,1,None,0.714,False,False,False,f634913d25b668e8ad1056e3b20ec30c3e4cdff0b64bf6474d1822ba199f3669,
it__IT.MidClim.MFH.03.Gen.ReEx.001.001__f100,IT.MidClim.MFH.03.Gen.ReEx.001.001,it,1.0,3,ATTEMPTED,False,ENGINE_FAILED,1,1,1,None,0.763,False,False,False,671dcc7a6bf4fa46facd9ff7e37d684b9169105d12214a003346b903323c5e21,
it__IT.MidClim.MFH.04.Gen.ReEx.001.001__f000,IT.MidClim.MFH.04.Gen.ReEx.001.001,it,0.0,1,ATTEMPTED,True,COMPLETED,0,0,0,99213.28748031145,4.18,False,False,False,cbadeb9cb4a446f69db5e1bde37831290fe0afdf950411d3aaf6e50e4d877347,
it__IT.MidClim.MFH.04.Gen.ReEx.001.001__f000,IT.MidClim.MFH.04.Gen.ReEx.001.001,it,0.0,2,ATTEMPTED,True,COMPLETED,0,0,0,99213.28748031145,4.082,False,False,False,98f5ec26c81d24076a2eb18cf1cdf167a0e6077ef45e23db62cd7a6e2e507faf,
it__IT.MidClim.MFH.04.Gen.ReEx.001.001__f000,IT.MidClim.MFH.04.Gen.ReEx.001.001,it,0.0,3,ATTEMPTED,True,COMPLETED,0,0,0,99213.28748031145,4.123,False,False,False,220b95a50a621ba69e14bfcb1d50ae0cc19ddeb90e985fc01bdedcebbcfb26b0,
it__IT.MidClim.MFH.04.Gen.ReEx.001.001__f015,IT.MidClim.MFH.04.Gen.ReEx.001.001,it,0.15,1,ATTEMPTED,True,COMPLETED,0,0,0,99147.09011081548,4.25,False,False,False,916ff1ed433183a74b396a943b27e13368e73423ca10d72a4df41cfff11fe128,
it__IT.MidClim.MFH.04.Gen.ReEx.001.001__f015,IT.MidClim.MFH.04.Gen.ReEx.001.001,it,0.15,2,ATTEMPTED,True,COMPLETED,0,0,0,99147.09011081548,4.076,False,False,False,7f74df4c7d9f916fada6ccfb976a823a22075e349149a315335aa3e5db843df8,
it__IT.MidClim.MFH.04.Gen.ReEx.001.001__f015,IT.MidClim.MFH.04.Gen.ReEx.001.001,it,0.15,3,ATTEMPTED,True,COMPLETED,0,0,0,99147.09011081548,4.174,False,False,False,d1ed630ba488c93f9bd39c7c7a01c71e7813ebb97b09f24f81c6e10810fde358,
it__IT.MidClim.MFH.04.Gen.ReEx.001.001__f030,IT.MidClim.MFH.04.Gen.ReEx.001.001,it,0.3,1,ATTEMPTED,False,ENGINE_FAILED,1,1,1,None,0.644,False,False,False,21cba5b8c0526fd351b836d951dfe3aaa914350f87395561e31ff17d117cfe57,
it__IT.MidClim.MFH.04.Gen.ReEx.001.001__f030,IT.MidClim.MFH.04.Gen.ReEx.001.001,it,0.3,2,ATTEMPTED,True,COMPLETED,0,0,0,99084.14019349084,4.171,False,False,False,b1e1db3547b76c6414736e1802dbfa934b367826c8ced5e66a4c3b977321084f,
it__IT.MidClim.MFH.04.Gen.ReEx.001.001__f030,IT.MidClim.MFH.04.Gen.ReEx.001.001,it,0.3,3,ATTEMPTED,True,COMPLETED,0,0,0,97188.07089693304,4.198,False,False,False,847b135ffadc60132a0bbb919b40cc4e9fa9ee80e5f845103482e6b8d4788e67,
it__IT.MidClim.MFH.04.Gen.ReEx.001.001__f050,IT.MidClim.MFH.04.Gen.ReEx.001.001,it,0.5,1,ATTEMPTED,True,COMPLETED,0,0,0,99004.91231965563,4.057,False,False,False,9b7db87564fd41925a039062e2df019ac76790d65af01e6c0639f78401a2588d,
it__IT.MidClim.MFH.04.Gen.ReEx.001.001__f050,IT.MidClim.MFH.04.Gen.ReEx.001.001,it,0.5,2,ATTEMPTED,True,COMPLETED,0,0,0,99004.91231965563,4.132,False,False,False,7799c67d465191f27607b3d050f33ffdf614586f5d288ab7e199f4ee1b73e51b,
it__IT.MidClim.MFH.04.Gen.ReEx.001.001__f050,IT.MidClim.MFH.04.Gen.ReEx.001.001,it,0.5,3,ATTEMPTED,False,ENGINE_FAILED,1,1,1,None,0.517,False,False,False,a897588e6f3435a33a910637c297dc2b188a39e8cb9ab9c46b8eeb5e93fd19d6,
it__IT.MidClim.MFH.04.Gen.ReEx.001.001__f100,IT.MidClim.MFH.04.Gen.ReEx.001.001,it,1.0,1,ATTEMPTED,False,ENGINE_FAILED,1,1,1,None,0.548,False,False,False,bce99bc1738f50a880828fc4819a2526956f64977af1a03f1c893d185df573b1,
it__IT.MidClim.MFH.04.Gen.ReEx.001.001__f100,IT.MidClim.MFH.04.Gen.ReEx.001.001,it,1.0,2,ATTEMPTED,True,COMPLETED,0,0,0,98837.33034047876,4.101,False,False,False,3873bce79562933a15e0b9195ef8601cc9ee9daa02d6f1d313a693f4e712e37b,
it__IT.MidClim.MFH.04.Gen.ReEx.001.001__f100,IT.MidClim.MFH.04.Gen.ReEx.001.001,it,1.0,3,ATTEMPTED,True,COMPLETED,0,0,0,98837.33034047876,4.516,False,False,False,0ca1cdae949a888af6d8bea5ab7f286e52e40c64bf8a2a2f8ed4c50d8b01f799,
it__IT.MidClim.MFH.05.Gen.ReEx.001.001__f000,IT.MidClim.MFH.05.Gen.ReEx.001.001,it,0.0,1,ATTEMPTED,False,ENGINE_FAILED,1,1,1,None,0.572,False,False,False,d00e1eb061607bc1a4e99042adb89fdf1e2808d169af5041c95667ab4cdd43b5,
it__IT.MidClim.MFH.05.Gen.ReEx.001.001__f000,IT.MidClim.MFH.05.Gen.ReEx.001.001,it,0.0,2,ATTEMPTED,True,COMPLETED,0,0,0,100157.01157930202,4.174,False,False,False,bc617f6219dd218a6f5e00add7d2aef6bef9014e983078a07eeb66d46b631f74,
it__IT.MidClim.MFH.05.Gen.ReEx.001.001__f000,IT.MidClim.MFH.05.Gen.ReEx.001.001,it,0.0,3,ATTEMPTED,True,COMPLETED,0,0,0,100157.01157930202,4.008,False,False,False,6dbeac2def3447f267ebf37606f8aaffffa4469f8cf0921591c220eff19c4fdd,
it__IT.MidClim.MFH.05.Gen.ReEx.001.001__f015,IT.MidClim.MFH.05.Gen.ReEx.001.001,it,0.15,1,ATTEMPTED,True,COMPLETED,0,0,0,100096.98538112949,3.99,False,False,False,055e58c248f4995c8549b5a7edf856eb5cf4a7ce409a406dbbbc3fb1809c3a58,
it__IT.MidClim.MFH.05.Gen.ReEx.001.001__f015,IT.MidClim.MFH.05.Gen.ReEx.001.001,it,0.15,2,ATTEMPTED,True,COMPLETED,0,0,0,100096.98538112949,3.971,False,False,False,6ba9cc16ca0f2f861ea5a096cc32a9c376941066f572952fe99638e845bb698f,
it__IT.MidClim.MFH.05.Gen.ReEx.001.001__f015,IT.MidClim.MFH.05.Gen.ReEx.001.001,it,0.15,3,ATTEMPTED,True,COMPLETED,0,0,0,99976.9643947316,4.107,False,False,False,8eb4bcd5bf52a9e189a634caf084dac9100bf637f8248d00bca2ef9a1695d45a,
it__IT.MidClim.MFH.05.Gen.ReEx.001.001__f030,IT.MidClim.MFH.05.Gen.ReEx.001.001,it,0.3,1,ATTEMPTED,True,COMPLETED,0,0,0,100039.85750358622,4.138,False,False,False,428b105fdc5d03b737a7f850e96c0a62a6afbdb0126dd472b1c5b3f46c366a3c,
it__IT.MidClim.MFH.05.Gen.ReEx.001.001__f030,IT.MidClim.MFH.05.Gen.ReEx.001.001,it,0.3,2,ATTEMPTED,False,ENGINE_FAILED,1,25,1,None,2.81,False,True,False,9296d385752d502304114d8b03c6accf3764e1901fb4123fb920676580951dfd,
it__IT.MidClim.MFH.05.Gen.ReEx.001.001__f030,IT.MidClim.MFH.05.Gen.ReEx.001.001,it,0.3,3,ATTEMPTED,True,COMPLETED,0,0,0,100039.85750358622,4.065,False,False,False,83d17902d88f06ee5582f80f5f6fd767d4b205502097aae279a002dad6bf2306,
it__IT.MidClim.MFH.05.Gen.ReEx.001.001__f050,IT.MidClim.MFH.05.Gen.ReEx.001.001,it,0.5,1,ATTEMPTED,True,COMPLETED,0,0,0,99968.50728985369,4.142,False,False,False,917964660a918aaba340c9b941f33132e5519234c21221f40d10ba6d105ca9cc,
it__IT.MidClim.MFH.05.Gen.ReEx.001.001__f050,IT.MidClim.MFH.05.Gen.ReEx.001.001,it,0.5,2,ATTEMPTED,True,COMPLETED,0,0,0,99968.50728985369,3.824,False,False,False,877dc9224513b9d5fab89bc7622fbf1f9b6c80926485a5a29d5cf88b661a98d4,
it__IT.MidClim.MFH.05.Gen.ReEx.001.001__f050,IT.MidClim.MFH.05.Gen.ReEx.001.001,it,0.5,3,ATTEMPTED,True,COMPLETED,0,0,0,98697.86792512036,3.917,False,False,False,cd67a562986898c6fedf9ff9780575082c2105e7b158859923183c4705eb48c8,
it__IT.MidClim.MFH.05.Gen.ReEx.001.001__f100,IT.MidClim.MFH.05.Gen.ReEx.001.001,it,1.0,1,ATTEMPTED,True,COMPLETED,0,0,0,99819.2868044431,3.896,False,False,False,34acaf72b0fa34448550cbd0357d61771657a39e37ab3192a2faf8fae15ab784,
it__IT.MidClim.MFH.05.Gen.ReEx.001.001__f100,IT.MidClim.MFH.05.Gen.ReEx.001.001,it,1.0,2,ATTEMPTED,True,COMPLETED,0,0,0,97800.91908907138,3.971,False,False,False,eefae01e6779243bf1fc6126e0bba4316d98ad1faa7545c4c52a6bd82e359f05,
it__IT.MidClim.MFH.05.Gen.ReEx.001.001__f100,IT.MidClim.MFH.05.Gen.ReEx.001.001,it,1.0,3,ATTEMPTED,True,COMPLETED,0,0,0,99819.2868044431,4.045,False,False,False,d381a4c7d52a6367ab5dee19900eefe95d395b528b452dde6cd12cd97c94fe82,
it__IT.MidClim.MFH.06.Gen.ReEx.001.001__f000,IT.MidClim.MFH.06.Gen.ReEx.001.001,it,0.0,1,ATTEMPTED,False,ENGINE_FAILED,1,1,1,None,0.639,False,False,False,08588b41a2f9fc958f69a566dc9f9b8c3ec60d5f17d076ea223d432f46eb000d,
it__IT.MidClim.MFH.06.Gen.ReEx.001.001__f000,IT.MidClim.MFH.06.Gen.ReEx.001.001,it,0.0,2,ATTEMPTED,True,COMPLETED,0,0,0,106104.94236315406,4.664,False,False,False,ab314cd9820fec365e52ae7e86cab874ac65eb2dd8ae3ecef339d8a7bfb90119,
it__IT.MidClim.MFH.06.Gen.ReEx.001.001__f000,IT.MidClim.MFH.06.Gen.ReEx.001.001,it,0.0,3,ATTEMPTED,True,COMPLETED,0,0,0,105898.87343285304,4.607,False,False,False,a5d91c45a62fb909e4376502fd4e18dccb8c3d2db115bea62e7a9cac43f929c7,
it__IT.MidClim.MFH.06.Gen.ReEx.001.001__f015,IT.MidClim.MFH.06.Gen.ReEx.001.001,it,0.15,1,ATTEMPTED,True,COMPLETED,0,0,0,106016.59938084034,4.92,False,False,False,660c7dc9d5b8f2c80fcfb42f61851e7f4b43c97297c11dd00f090e868fba0906,
it__IT.MidClim.MFH.06.Gen.ReEx.001.001__f015,IT.MidClim.MFH.06.Gen.ReEx.001.001,it,0.15,2,ATTEMPTED,True,COMPLETED,0,0,0,98498.95206779956,4.663,False,False,False,b3b77da4f5ecf740aa5c464803e477d0e12e9e76e85109a9c95e033d60f9ee31,
it__IT.MidClim.MFH.06.Gen.ReEx.001.001__f015,IT.MidClim.MFH.06.Gen.ReEx.001.001,it,0.15,3,ATTEMPTED,False,ENGINE_FAILED,1,27,1,None,1.342,False,True,False,597062b0750184f01720bd83aae1af7691bb0a61ac345832397f52a3caa73788,
it__IT.MidClim.MFH.06.Gen.ReEx.001.001__f030,IT.MidClim.MFH.06.Gen.ReEx.001.001,it,0.3,1,ATTEMPTED,False,ENGINE_FAILED,1,1,1,None,0.684,False,False,False,51a53676d0033fbc5335dc220c7be7373fedd16bcc3919fe46c0164f8a2da774,
it__IT.MidClim.MFH.06.Gen.ReEx.001.001__f030,IT.MidClim.MFH.06.Gen.ReEx.001.001,it,0.3,2,ATTEMPTED,True,COMPLETED,0,0,0,105937.28781059825,5.246,False,False,False,3f9eb08c8919cd5cecebf895774317b1102f4feb708c4bcf080ee354c8600dae,
it__IT.MidClim.MFH.06.Gen.ReEx.001.001__f030,IT.MidClim.MFH.06.Gen.ReEx.001.001,it,0.3,3,ATTEMPTED,False,ENGINE_FAILED,1,1,1,None,0.555,False,False,False,f2332f4b5205b2f1fa1e8da61b6293e03223d1c4de0b2746ecf9fb8401841f7e,
it__IT.MidClim.MFH.06.Gen.ReEx.001.001__f050,IT.MidClim.MFH.06.Gen.ReEx.001.001,it,0.5,1,ATTEMPTED,False,ENGINE_FAILED,1,1,1,None,0.574,False,False,False,d2e737ddf66e73a19df69b2aab3e479152f1b735e7c6501eaf1f502aaf6f986d,
it__IT.MidClim.MFH.06.Gen.ReEx.001.001__f050,IT.MidClim.MFH.06.Gen.ReEx.001.001,it,0.5,2,ATTEMPTED,True,COMPLETED,0,0,0,105843.37715930399,4.453,False,False,False,dd8df0f7d0224e91b5cfb817648c5833049b6aeeddbb32680f7f11812b8c1c1e,
it__IT.MidClim.MFH.06.Gen.ReEx.001.001__f050,IT.MidClim.MFH.06.Gen.ReEx.001.001,it,0.5,3,ATTEMPTED,False,ENGINE_FAILED,1,1,1,None,0.542,False,False,False,0a276971c29f70667ce58129c36c141f394db0ab09957d9009789a6f03bef883,
it__IT.MidClim.MFH.06.Gen.ReEx.001.001__f100,IT.MidClim.MFH.06.Gen.ReEx.001.001,it,1.0,1,ATTEMPTED,True,COMPLETED,0,0,0,105448.15619906937,4.528,False,False,False,8330b273deb74b7a3fb57942de9fe5b2cdfab320dbc4d0fe8fe703a286988700,
it__IT.MidClim.MFH.06.Gen.ReEx.001.001__f100,IT.MidClim.MFH.06.Gen.ReEx.001.001,it,1.0,2,ATTEMPTED,True,COMPLETED,0,0,0,97983.08162767252,4.398,False,False,False,73416646166a4e841420e359e2054517a6a606740349d20289b17447435cedb6,
it__IT.MidClim.MFH.06.Gen.ReEx.001.001__f100,IT.MidClim.MFH.06.Gen.ReEx.001.001,it,1.0,3,ATTEMPTED,True,COMPLETED,0,0,0,105659.14930425263,4.491,False,False,False,aaff868740111f1b4fde17d1caa66f796c4696c60a804b74d1e4fa603f391b16,
it__IT.MidClim.MFH.07.Gen.ReEx.001.001__f000,IT.MidClim.MFH.07.Gen.ReEx.001.001,it,0.0,1,ATTEMPTED,True,COMPLETED,0,0,0,77125.65284128417,4.488,False,False,False,bd443b63c78e7f453c1f15b991f65dccf8aa02bea130eec5ea927da1a761cfad,
it__IT.MidClim.MFH.07.Gen.ReEx.001.001__f000,IT.MidClim.MFH.07.Gen.ReEx.001.001,it,0.0,2,ATTEMPTED,True,COMPLETED,0,0,0,77125.65284128417,4.618,False,False,False,c1fd6070324759a8162d9d71c78566f6e7023ca50e7d77b184f04e7c6c71bb3b,
it__IT.MidClim.MFH.07.Gen.ReEx.001.001__f000,IT.MidClim.MFH.07.Gen.ReEx.001.001,it,0.0,3,ATTEMPTED,True,COMPLETED,0,0,0,77125.65284128417,4.508,False,False,False,d8713e8dce4dfe4726ded40be5596a8e4b2d7fcf7842f57ed7dddbf941991859,
it__IT.MidClim.MFH.07.Gen.ReEx.001.001__f015,IT.MidClim.MFH.07.Gen.ReEx.001.001,it,0.15,1,ATTEMPTED,True,COMPLETED,0,0,0,76850.25293367212,4.782,False,False,False,3055906bd92a276e79b3eb4464ee524e9cf6ee8bd9ca6438693c9bc6dd08e8e6,
it__IT.MidClim.MFH.07.Gen.ReEx.001.001__f015,IT.MidClim.MFH.07.Gen.ReEx.001.001,it,0.15,2,ATTEMPTED,True,COMPLETED,0,0,0,77057.26727114692,4.583,False,False,False,3225e81095e0ba2c0cc9e3e72a3e0e7c815b9480b4adb1a8f62002c5f1f15133,
it__IT.MidClim.MFH.07.Gen.ReEx.001.001__f015,IT.MidClim.MFH.07.Gen.ReEx.001.001,it,0.15,3,ATTEMPTED,True,COMPLETED,0,0,0,77057.26727114692,4.582,False,False,False,e6a8d1b82e03479c1611aefd1fd57ad62a52551b371d616c2e17af4aa332261d,
it__IT.MidClim.MFH.07.Gen.ReEx.001.001__f030,IT.MidClim.MFH.07.Gen.ReEx.001.001,it,0.3,1,ATTEMPTED,True,COMPLETED,0,0,0,76995.59411939471,4.623,False,False,False,ca7d49a61b0af20eea22040b6bbb91efb98a1288acfd41fcc72a1a13478b5823,
it__IT.MidClim.MFH.07.Gen.ReEx.001.001__f030,IT.MidClim.MFH.07.Gen.ReEx.001.001,it,0.3,2,ATTEMPTED,True,COMPLETED,0,0,0,76995.59411939471,4.596,False,False,False,456c33e79eea541ab7cc394645a0ee9018f0f7685f1ecdb88e636b448d8f19af,
it__IT.MidClim.MFH.07.Gen.ReEx.001.001__f030,IT.MidClim.MFH.07.Gen.ReEx.001.001,it,0.3,3,ATTEMPTED,True,COMPLETED,0,0,0,76995.59411939471,4.738,False,False,False,723fa6d9ab6eb16bcf1d6869b80afb49898561c924695caab9dc0ec58d715f10,
it__IT.MidClim.MFH.07.Gen.ReEx.001.001__f050,IT.MidClim.MFH.07.Gen.ReEx.001.001,it,0.5,1,ATTEMPTED,True,COMPLETED,0,0,0,76924.4453310833,4.71,False,False,False,dd54e06858878e80eab240bf808fd116c81518f1ff47d904e07a86590f8d62ef,
it__IT.MidClim.MFH.07.Gen.ReEx.001.001__f050,IT.MidClim.MFH.07.Gen.ReEx.001.001,it,0.5,2,ATTEMPTED,True,COMPLETED,0,0,0,76924.4453310833,4.743,False,False,False,22807efbcd7f52a8de6f38e7efbdd83bb374f82ff661eb7dcc98870fc19e497f,
it__IT.MidClim.MFH.07.Gen.ReEx.001.001__f050,IT.MidClim.MFH.07.Gen.ReEx.001.001,it,0.5,3,ATTEMPTED,True,COMPLETED,0,0,0,76924.4453310833,4.778,False,False,False,a3fdd4959aed18e5a7844c34d5aa2eaf5e3ca26910b184f2faf8f44be2e6448c,
it__IT.MidClim.MFH.07.Gen.ReEx.001.001__f100,IT.MidClim.MFH.07.Gen.ReEx.001.001,it,1.0,1,ATTEMPTED,True,COMPLETED,0,0,0,76803.8178947541,4.623,False,False,False,b2e3894cfda6c274e49eff4567ae2b260e4fe349ca6d5cf112434416a2780e9c,
it__IT.MidClim.MFH.07.Gen.ReEx.001.001__f100,IT.MidClim.MFH.07.Gen.ReEx.001.001,it,1.0,2,ATTEMPTED,True,COMPLETED,0,0,0,76803.8178947541,4.665,False,False,False,7e9a1fe7a5f3ab739aed51cb5258e96e2e56b198c8d8c2ace0ecd5e391a275d6,
it__IT.MidClim.MFH.07.Gen.ReEx.001.001__f100,IT.MidClim.MFH.07.Gen.ReEx.001.001,it,1.0,3,ATTEMPTED,True,COMPLETED,0,0,0,76803.8178947541,4.65,False,False,False,330fe9afee7dbda8e6160f53dd547b70000761332f620dcb1722711bc9242fed,
it__IT.MidClim.MFH.08.Gen.ReEx.001.001__f000,IT.MidClim.MFH.08.Gen.ReEx.001.001,it,0.0,1,ATTEMPTED,False,ENGINE_FAILED,1,1,1,None,0.547,False,False,False,faef6b8499cb7ed1b33d75f2ba485bd6dae413e677a3a5d7582b79e97485d735,
it__IT.MidClim.MFH.08.Gen.ReEx.001.001__f000,IT.MidClim.MFH.08.Gen.ReEx.001.001,it,0.0,2,ATTEMPTED,False,ENGINE_FAILED,1,19,1,None,2.585,False,True,False,a08162a8234ee3c5385dd3d585a44571c7f7cf09b7369d7c65a7853b54a3b353,
it__IT.MidClim.MFH.08.Gen.ReEx.001.001__f000,IT.MidClim.MFH.08.Gen.ReEx.001.001,it,0.0,3,ATTEMPTED,True,COMPLETED,0,0,0,38150.271034174926,3.763,False,False,False,bd3687f28752d080f32d80a360f185a172c55b2efe081988b7c34b4072ec2baa,
it__IT.MidClim.MFH.08.Gen.ReEx.001.001__f015,IT.MidClim.MFH.08.Gen.ReEx.001.001,it,0.15,1,ATTEMPTED,True,COMPLETED,0,0,0,38103.32592912066,3.925,False,False,False,073728b544910d9c736f08df884bd645da9baceaa5f7aff684ad51522a78d667,
it__IT.MidClim.MFH.08.Gen.ReEx.001.001__f015,IT.MidClim.MFH.08.Gen.ReEx.001.001,it,0.15,2,ATTEMPTED,True,COMPLETED,0,0,0,37807.82580047169,3.938,False,False,False,84eba3ca544a088f86ffb4c36bc3cd3d1c6c430b53b529235983d66da8d30e84,
it__IT.MidClim.MFH.08.Gen.ReEx.001.001__f015,IT.MidClim.MFH.08.Gen.ReEx.001.001,it,0.15,3,ATTEMPTED,False,ENGINE_FAILED,1,1,1,None,0.541,False,False,False,5e8c613cdc6927e606d589d48c5382f5d2bb7614186305f37c7b83a6e9f5e989,
it__IT.MidClim.MFH.08.Gen.ReEx.001.001__f030,IT.MidClim.MFH.08.Gen.ReEx.001.001,it,0.3,1,ATTEMPTED,False,ENGINE_FAILED,1,1,1,None,0.53,False,False,False,e0c90c47d8410ab9446c28ba85489faa15170852e2e9ed3e1c2df1dc06cf9a31,
it__IT.MidClim.MFH.08.Gen.ReEx.001.001__f030,IT.MidClim.MFH.08.Gen.ReEx.001.001,it,0.3,2,ATTEMPTED,True,COMPLETED,0,0,0,37341.572792718754,3.86,False,False,False,f4bdb8b69fe8db40b7fec1bbbaf43347d1168a6399fe3538c766a8db86615072,
it__IT.MidClim.MFH.08.Gen.ReEx.001.001__f030,IT.MidClim.MFH.08.Gen.ReEx.001.001,it,0.3,3,ATTEMPTED,True,COMPLETED,0,0,0,38060.496758084904,3.8,False,False,False,5798621878e729edd53df858e6bf65bf3afa7541055a2b6f498db4bab33169eb,
it__IT.MidClim.MFH.08.Gen.ReEx.001.001__f050,IT.MidClim.MFH.08.Gen.ReEx.001.001,it,0.5,1,ATTEMPTED,True,COMPLETED,0,0,0,38009.76698369066,3.862,False,False,False,14d7f8147bec2ac4481f2c1e08bf8d63cc9e4145bc66761b6b41dcc8f89b6941,
it__IT.MidClim.MFH.08.Gen.ReEx.001.001__f050,IT.MidClim.MFH.08.Gen.ReEx.001.001,it,0.5,2,ATTEMPTED,True,COMPLETED,0,0,0,38009.76698369066,3.824,False,False,False,09118d2a64f50bbc8631f22b7e9e7ff85f147703284d748aab4be8ba22c273f7,
it__IT.MidClim.MFH.08.Gen.ReEx.001.001__f050,IT.MidClim.MFH.08.Gen.ReEx.001.001,it,0.5,3,ATTEMPTED,True,COMPLETED,0,0,0,37719.91547819615,3.824,False,False,False,2958b733818f44cac0d509163067afb69ff7c8edc088a2a7c92659c0b15ecada,
it__IT.MidClim.MFH.08.Gen.ReEx.001.001__f100,IT.MidClim.MFH.08.Gen.ReEx.001.001,it,1.0,1,ATTEMPTED,True,COMPLETED,0,0,0,37458.16176008827,3.892,False,False,False,29ae1d9bde85f34252bade5e1140be947ef73fcb85ac74f439038ad88e3ee5d1,
it__IT.MidClim.MFH.08.Gen.ReEx.001.001__f100,IT.MidClim.MFH.08.Gen.ReEx.001.001,it,1.0,2,ATTEMPTED,True,COMPLETED,0,0,0,37920.81472036847,3.973,False,False,False,01d3eb3bedaa86fe973cfc911c3aa0705f9fdd74ff12cce436d52bc77c0d889b,
it__IT.MidClim.MFH.08.Gen.ReEx.001.001__f100,IT.MidClim.MFH.08.Gen.ReEx.001.001,it,1.0,3,ATTEMPTED,False,ENGINE_FAILED,1,1,1,None,0.583,False,False,False,7d531a7aed8de95ecb07ab5d3acfce0bcdba46727c9dfc08e8e8df323990d644,
it__IT.MidClim.SFH-TH.01-03.Gen.ReEx.001.001__f000,IT.MidClim.SFH-TH.01-03.Gen.ReEx.001.001,it,0.0,1,BUILD_REFUSED,,,,,,,0.031,False,False,False,,ValueError: S0 openings require an exterior (b=1) Wall_1 host
it__IT.MidClim.SFH-TH.01-03.Gen.ReEx.001.001__f000,IT.MidClim.SFH-TH.01-03.Gen.ReEx.001.001,it,0.0,2,BUILD_REFUSED,,,,,,,0.032,False,False,False,,ValueError: S0 openings require an exterior (b=1) Wall_1 host
it__IT.MidClim.SFH-TH.01-03.Gen.ReEx.001.001__f000,IT.MidClim.SFH-TH.01-03.Gen.ReEx.001.001,it,0.0,3,BUILD_REFUSED,,,,,,,0.027,False,False,False,,ValueError: S0 openings require an exterior (b=1) Wall_1 host
it__IT.MidClim.SFH-TH.01-03.Gen.ReEx.001.001__f015,IT.MidClim.SFH-TH.01-03.Gen.ReEx.001.001,it,0.15,1,BUILD_REFUSED,,,,,,,0.034,False,False,False,,ValueError: S0 openings require an exterior (b=1) Wall_1 host
it__IT.MidClim.SFH-TH.01-03.Gen.ReEx.001.001__f015,IT.MidClim.SFH-TH.01-03.Gen.ReEx.001.001,it,0.15,2,BUILD_REFUSED,,,,,,,0.037,False,False,False,,ValueError: S0 openings require an exterior (b=1) Wall_1 host
it__IT.MidClim.SFH-TH.01-03.Gen.ReEx.001.001__f015,IT.MidClim.SFH-TH.01-03.Gen.ReEx.001.001,it,0.15,3,BUILD_REFUSED,,,,,,,0.033,False,False,False,,ValueError: S0 openings require an exterior (b=1) Wall_1 host
it__IT.MidClim.SFH-TH.01-03.Gen.ReEx.001.001__f030,IT.MidClim.SFH-TH.01-03.Gen.ReEx.001.001,it,0.3,1,BUILD_REFUSED,,,,,,,0.029,False,False,False,,ValueError: S0 openings require an exterior (b=1) Wall_1 host
it__IT.MidClim.SFH-TH.01-03.Gen.ReEx.001.001__f030,IT.MidClim.SFH-TH.01-03.Gen.ReEx.001.001,it,0.3,2,BUILD_REFUSED,,,,,,,0.033,False,False,False,,ValueError: S0 openings require an exterior (b=1) Wall_1 host
it__IT.MidClim.SFH-TH.01-03.Gen.ReEx.001.001__f030,IT.MidClim.SFH-TH.01-03.Gen.ReEx.001.001,it,0.3,3,BUILD_REFUSED,,,,,,,0.029,False,False,False,,ValueError: S0 openings require an exterior (b=1) Wall_1 host
it__IT.MidClim.SFH-TH.01-03.Gen.ReEx.001.001__f050,IT.MidClim.SFH-TH.01-03.Gen.ReEx.001.001,it,0.5,1,BUILD_REFUSED,,,,,,,0.034,False,False,False,,ValueError: S0 openings require an exterior (b=1) Wall_1 host
it__IT.MidClim.SFH-TH.01-03.Gen.ReEx.001.001__f050,IT.MidClim.SFH-TH.01-03.Gen.ReEx.001.001,it,0.5,2,BUILD_REFUSED,,,,,,,0.035,False,False,False,,ValueError: S0 openings require an exterior (b=1) Wall_1 host
it__IT.MidClim.SFH-TH.01-03.Gen.ReEx.001.001__f050,IT.MidClim.SFH-TH.01-03.Gen.ReEx.001.001,it,0.5,3,BUILD_REFUSED,,,,,,,0.029,False,False,False,,ValueError: S0 openings require an exterior (b=1) Wall_1 host
it__IT.MidClim.SFH-TH.01-03.Gen.ReEx.001.001__f100,IT.MidClim.SFH-TH.01-03.Gen.ReEx.001.001,it,1.0,1,BUILD_REFUSED,,,,,,,0.033,False,False,False,,ValueError: S0 openings require an exterior (b=1) Wall_1 host
it__IT.MidClim.SFH-TH.01-03.Gen.ReEx.001.001__f100,IT.MidClim.SFH-TH.01-03.Gen.ReEx.001.001,it,1.0,2,BUILD_REFUSED,,,,,,,0.029,False,False,False,,ValueError: S0 openings require an exterior (b=1) Wall_1 host
it__IT.MidClim.SFH-TH.01-03.Gen.ReEx.001.001__f100,IT.MidClim.SFH-TH.01-03.Gen.ReEx.001.001,it,1.0,3,BUILD_REFUSED,,,,,,,0.036,False,False,False,,ValueError: S0 openings require an exterior (b=1) Wall_1 host
it__IT.MidClim.SFH-TH.04-05.Gen.ReEx.001.001__f000,IT.MidClim.SFH-TH.04-05.Gen.ReEx.001.001,it,0.0,1,BUILD_REFUSED,,,,,,,0.026,False,False,False,,ValueError: S0 openings require an exterior (b=1) Wall_1 host
it__IT.MidClim.SFH-TH.04-05.Gen.ReEx.001.001__f000,IT.MidClim.SFH-TH.04-05.Gen.ReEx.001.001,it,0.0,2,BUILD_REFUSED,,,,,,,0.025,False,False,False,,ValueError: S0 openings require an exterior (b=1) Wall_1 host
it__IT.MidClim.SFH-TH.04-05.Gen.ReEx.001.001__f000,IT.MidClim.SFH-TH.04-05.Gen.ReEx.001.001,it,0.0,3,BUILD_REFUSED,,,,,,,0.033,False,False,False,,ValueError: S0 openings require an exterior (b=1) Wall_1 host
it__IT.MidClim.SFH-TH.04-05.Gen.ReEx.001.001__f015,IT.MidClim.SFH-TH.04-05.Gen.ReEx.001.001,it,0.15,1,BUILD_REFUSED,,,,,,,0.032,False,False,False,,ValueError: S0 openings require an exterior (b=1) Wall_1 host
it__IT.MidClim.SFH-TH.04-05.Gen.ReEx.001.001__f015,IT.MidClim.SFH-TH.04-05.Gen.ReEx.001.001,it,0.15,2,BUILD_REFUSED,,,,,,,0.03,False,False,False,,ValueError: S0 openings require an exterior (b=1) Wall_1 host
it__IT.MidClim.SFH-TH.04-05.Gen.ReEx.001.001__f015,IT.MidClim.SFH-TH.04-05.Gen.ReEx.001.001,it,0.15,3,BUILD_REFUSED,,,,,,,0.036,False,False,False,,ValueError: S0 openings require an exterior (b=1) Wall_1 host
it__IT.MidClim.SFH-TH.04-05.Gen.ReEx.001.001__f030,IT.MidClim.SFH-TH.04-05.Gen.ReEx.001.001,it,0.3,1,BUILD_REFUSED,,,,,,,0.031,False,False,False,,ValueError: S0 openings require an exterior (b=1) Wall_1 host
it__IT.MidClim.SFH-TH.04-05.Gen.ReEx.001.001__f030,IT.MidClim.SFH-TH.04-05.Gen.ReEx.001.001,it,0.3,2,BUILD_REFUSED,,,,,,,0.032,False,False,False,,ValueError: S0 openings require an exterior (b=1) Wall_1 host
it__IT.MidClim.SFH-TH.04-05.Gen.ReEx.001.001__f030,IT.MidClim.SFH-TH.04-05.Gen.ReEx.001.001,it,0.3,3,BUILD_REFUSED,,,,,,,0.031,False,False,False,,ValueError: S0 openings require an exterior (b=1) Wall_1 host
it__IT.MidClim.SFH-TH.04-05.Gen.ReEx.001.001__f050,IT.MidClim.SFH-TH.04-05.Gen.ReEx.001.001,it,0.5,1,BUILD_REFUSED,,,,,,,0.032,False,False,False,,ValueError: S0 openings require an exterior (b=1) Wall_1 host
it__IT.MidClim.SFH-TH.04-05.Gen.ReEx.001.001__f050,IT.MidClim.SFH-TH.04-05.Gen.ReEx.001.001,it,0.5,2,BUILD_REFUSED,,,,,,,0.029,False,False,False,,ValueError: S0 openings require an exterior (b=1) Wall_1 host
it__IT.MidClim.SFH-TH.04-05.Gen.ReEx.001.001__f050,IT.MidClim.SFH-TH.04-05.Gen.ReEx.001.001,it,0.5,3,BUILD_REFUSED,,,,,,,0.029,False,False,False,,ValueError: S0 openings require an exterior (b=1) Wall_1 host
it__IT.MidClim.SFH-TH.04-05.Gen.ReEx.001.001__f100,IT.MidClim.SFH-TH.04-05.Gen.ReEx.001.001,it,1.0,1,BUILD_REFUSED,,,,,,,0.036,False,False,False,,ValueError: S0 openings require an exterior (b=1) Wall_1 host
it__IT.MidClim.SFH-TH.04-05.Gen.ReEx.001.001__f100,IT.MidClim.SFH-TH.04-05.Gen.ReEx.001.001,it,1.0,2,BUILD_REFUSED,,,,,,,0.031,False,False,False,,ValueError: S0 openings require an exterior (b=1) Wall_1 host
it__IT.MidClim.SFH-TH.04-05.Gen.ReEx.001.001__f100,IT.MidClim.SFH-TH.04-05.Gen.ReEx.001.001,it,1.0,3,BUILD_REFUSED,,,,,,,0.03,False,False,False,,ValueError: S0 openings require an exterior (b=1) Wall_1 host
it__IT.MidClim.SFH-TH.06.Gen.ReEx.001.001__f000,IT.MidClim.SFH-TH.06.Gen.ReEx.001.001,it,0.0,1,ATTEMPTED,True,COMPLETED,0,0,0,22168.37655277945,4.403,False,False,False,94d4b48872ad1acf09ee5e7f275fd3f1616d69072f2d7e75d9d8d55f10fe6037,
it__IT.MidClim.SFH-TH.06.Gen.ReEx.001.001__f000,IT.MidClim.SFH-TH.06.Gen.ReEx.001.001,it,0.0,2,ATTEMPTED,False,ENGINE_FAILED,1,33,1,None,2.677,False,True,False,a30cff5ea4bd8cb3f05b15fb5c87132aec5f504ec6ee2ada04c5c6ee44261d10,
it__IT.MidClim.SFH-TH.06.Gen.ReEx.001.001__f000,IT.MidClim.SFH-TH.06.Gen.ReEx.001.001,it,0.0,3,ATTEMPTED,True,COMPLETED,0,0,0,20270.44212993885,4.44,False,False,False,67cf738337cc8e212b4e0c8de1513f74525fd1d9cf1045be4b9a48406ee2bb83,
it__IT.MidClim.SFH-TH.06.Gen.ReEx.001.001__f015,IT.MidClim.SFH-TH.06.Gen.ReEx.001.001,it,0.15,1,ATTEMPTED,True,COMPLETED,0,0,0,16789.963289796226,4.505,False,False,False,2f09e142ffade2fd0572af223f8af25bc942b589d051b6166d471d4a2f417392,
it__IT.MidClim.SFH-TH.06.Gen.ReEx.001.001__f015,IT.MidClim.SFH-TH.06.Gen.ReEx.001.001,it,0.15,2,ATTEMPTED,True,COMPLETED,0,0,0,18204.686509494444,4.495,False,False,False,bf6cd3c40f7cf54b2979eee3a98c9029bb1ec03b27efeca88d472cae21282abc,
it__IT.MidClim.SFH-TH.06.Gen.ReEx.001.001__f015,IT.MidClim.SFH-TH.06.Gen.ReEx.001.001,it,0.15,3,ATTEMPTED,False,ENGINE_FAILED,1,1,1,None,0.634,False,False,False,96d9ec33b537f338576df511cdd6a177a6d0c6bac5f1ddd0a8061f2f4602b257,
it__IT.MidClim.SFH-TH.06.Gen.ReEx.001.001__f030,IT.MidClim.SFH-TH.06.Gen.ReEx.001.001,it,0.3,1,ATTEMPTED,True,COMPLETED,0,0,0,18792.86771510201,4.529,False,False,False,d6f1f75cc56457e16efb2a5bf452d395cee974cbee76c344ce2222b496c0c0d3,
it__IT.MidClim.SFH-TH.06.Gen.ReEx.001.001__f030,IT.MidClim.SFH-TH.06.Gen.ReEx.001.001,it,0.3,2,ATTEMPTED,False,ENGINE_FAILED,1,1,1,None,0.535,False,False,False,5f9cb02bcdc2d6b80a55a21d835cb427a70ae07c9e7ae076644d7cb9606c9be8,
it__IT.MidClim.SFH-TH.06.Gen.ReEx.001.001__f030,IT.MidClim.SFH-TH.06.Gen.ReEx.001.001,it,0.3,3,ATTEMPTED,False,ENGINE_FAILED,1,1,1,None,0.544,False,False,False,299f6bd97d42271967aba34cd5f3f5bacbbcf23dd1bc48ff50ca2fa00a008658,
it__IT.MidClim.SFH-TH.06.Gen.ReEx.001.001__f050,IT.MidClim.SFH-TH.06.Gen.ReEx.001.001,it,0.5,1,ATTEMPTED,True,COMPLETED,0,0,0,18196.2835105665,4.502,False,False,False,39709bc0cdd97c49a2b8cd52dff76ea3914f964b7b0d79f27214a1babdd77bc9,
it__IT.MidClim.SFH-TH.06.Gen.ReEx.001.001__f050,IT.MidClim.SFH-TH.06.Gen.ReEx.001.001,it,0.5,2,ATTEMPTED,True,COMPLETED,0,0,0,22173.382608849366,4.392,False,False,False,90b485dcddb799fb7d416fdf655677e9d503e208981ad9f0684f95a65ce89ce4,
it__IT.MidClim.SFH-TH.06.Gen.ReEx.001.001__f050,IT.MidClim.SFH-TH.06.Gen.ReEx.001.001,it,0.5,3,ATTEMPTED,False,ENGINE_FAILED,1,1,1,None,0.534,False,False,False,215efecaf916532052b43f971e9e48a6880072066192c488dda1425da33781b2,
it__IT.MidClim.SFH-TH.06.Gen.ReEx.001.001__f100,IT.MidClim.SFH-TH.06.Gen.ReEx.001.001,it,1.0,1,ATTEMPTED,True,COMPLETED,0,0,0,18300.38405645051,4.429,False,False,False,875054710ab12499009bf97fe4cb64db179dde7f204a6d7c08ec92e8b64bef6b,
it__IT.MidClim.SFH-TH.06.Gen.ReEx.001.001__f100,IT.MidClim.SFH-TH.06.Gen.ReEx.001.001,it,1.0,2,ATTEMPTED,True,COMPLETED,0,0,0,18189.742626500123,4.457,False,False,False,b91e7c800a8768fed53f526970a922c87c218f2ab4f7f43080b0686a86259834,
it__IT.MidClim.SFH-TH.06.Gen.ReEx.001.001__f100,IT.MidClim.SFH-TH.06.Gen.ReEx.001.001,it,1.0,3,ATTEMPTED,True,COMPLETED,0,0,0,20271.247161953008,4.43,False,False,False,8f4a5838ed56fba5b329fbceafeb9c8de2e74ff07e00fa01dd2232368a1d9b2d,
it__IT.MidClim.SFH-TH.07.Gen.ReEx.001.001__f000,IT.MidClim.SFH-TH.07.Gen.ReEx.001.001,it,0.0,1,ATTEMPTED,True,COMPLETED,0,0,0,12883.144031133968,4.489,False,False,False,323562a39cf6663e4e25afa9e4bbd0b69148350908e37f59f411eb6b0e2c33b0,
it__IT.MidClim.SFH-TH.07.Gen.ReEx.001.001__f000,IT.MidClim.SFH-TH.07.Gen.ReEx.001.001,it,0.0,2,ATTEMPTED,True,COMPLETED,0,0,0,11428.346543576936,4.536,False,False,False,1b88b82014096f63ea28e7e5f9b3b83093e7bdc47b190bdebe84f5b9ca827381,
it__IT.MidClim.SFH-TH.07.Gen.ReEx.001.001__f000,IT.MidClim.SFH-TH.07.Gen.ReEx.001.001,it,0.0,3,ATTEMPTED,True,COMPLETED,0,0,0,11894.12033044962,4.451,False,False,False,f04592700670cc5a6ad079e268c6610ac961da510581b9979c89066225615d65,
it__IT.MidClim.SFH-TH.07.Gen.ReEx.001.001__f015,IT.MidClim.SFH-TH.07.Gen.ReEx.001.001,it,0.15,1,ATTEMPTED,True,COMPLETED,0,0,0,14959.55231684166,4.42,False,False,False,3e0dce4eed8321b8c99a443d7966bb6defb3dbc294983a8ba04678c26f076328,
it__IT.MidClim.SFH-TH.07.Gen.ReEx.001.001__f015,IT.MidClim.SFH-TH.07.Gen.ReEx.001.001,it,0.15,2,ATTEMPTED,True,COMPLETED,0,0,0,14794.867896240527,4.67,False,False,False,4e0805280fc72ba1c2d2b44d0924246232e4b6fd66199c4f3b3b269c5d7e833f,
it__IT.MidClim.SFH-TH.07.Gen.ReEx.001.001__f015,IT.MidClim.SFH-TH.07.Gen.ReEx.001.001,it,0.15,3,ATTEMPTED,True,COMPLETED,0,0,0,11317.84102393584,4.761,False,False,False,238b1bca6e52d5cb01d2cddc61a2e286e8dc21b6714599f621323a1a4c3b6606,
it__IT.MidClim.SFH-TH.07.Gen.ReEx.001.001__f030,IT.MidClim.SFH-TH.07.Gen.ReEx.001.001,it,0.3,1,ATTEMPTED,True,COMPLETED,0,0,0,11407.09342784538,4.598,False,False,False,86b7d6fbe46163802e7d11d61e095cd0abca7e069cd30f423b82e8bacadecbc7,
it__IT.MidClim.SFH-TH.07.Gen.ReEx.001.001__f030,IT.MidClim.SFH-TH.07.Gen.ReEx.001.001,it,0.3,2,ATTEMPTED,True,COMPLETED,0,0,0,11307.323057533216,4.564,False,False,False,a9098fea4d3393f90e60615345bfb238269e76cf2bc30b76f929cec5659782ec,
it__IT.MidClim.SFH-TH.07.Gen.ReEx.001.001__f030,IT.MidClim.SFH-TH.07.Gen.ReEx.001.001,it,0.3,3,ATTEMPTED,True,COMPLETED,0,0,0,10174.629027058789,4.592,False,False,False,9ed05d592bc1bbca26e47e064fba4a30ac834aa0354e93e6a7d0600d3d067c95,
it__IT.MidClim.SFH-TH.07.Gen.ReEx.001.001__f050,IT.MidClim.SFH-TH.07.Gen.ReEx.001.001,it,0.5,1,ATTEMPTED,True,COMPLETED,0,0,0,12249.023780652298,4.948,False,False,False,7542719422c08f8d9b3fd054e49f7342b320691bd55b206ae938e1908e5320a3,
it__IT.MidClim.SFH-TH.07.Gen.ReEx.001.001__f050,IT.MidClim.SFH-TH.07.Gen.ReEx.001.001,it,0.5,2,ATTEMPTED,False,ENGINE_FAILED,1,1,1,None,0.561,False,False,False,5614ede4df5749bb48cf228ed45d8cc495cf2f74eaf0e917fb4cc2675b6fed5f,
it__IT.MidClim.SFH-TH.07.Gen.ReEx.001.001__f050,IT.MidClim.SFH-TH.07.Gen.ReEx.001.001,it,0.5,3,ATTEMPTED,True,COMPLETED,0,0,0,12850.339226105738,4.569,False,False,False,5708df62b8c5c55372a1dfc7710c171d0986c9d40e884660ab5fe4a409e4cbe7,
it__IT.MidClim.SFH-TH.07.Gen.ReEx.001.001__f100,IT.MidClim.SFH-TH.07.Gen.ReEx.001.001,it,1.0,1,ATTEMPTED,True,COMPLETED,0,0,0,13140.935053024219,4.592,False,False,False,c436c0527ca4ede10f7c1c9bfaa53a6020fc91e3526e361f1e64af68d8d96612,
it__IT.MidClim.SFH-TH.07.Gen.ReEx.001.001__f100,IT.MidClim.SFH-TH.07.Gen.ReEx.001.001,it,1.0,2,ATTEMPTED,True,COMPLETED,0,0,0,14757.749579335225,4.544,False,False,False,5fcff35f9567013c1f6214964ddaa40da0fad23bf1a78b94a31d467ba050b6dd,
it__IT.MidClim.SFH-TH.07.Gen.ReEx.001.001__f100,IT.MidClim.SFH-TH.07.Gen.ReEx.001.001,it,1.0,3,ATTEMPTED,True,COMPLETED,0,0,0,10128.978083661083,4.672,False,False,False,9719bc8fcc88099cb7c5533c0d53883e202a3e43529c1964c0d175baec24b094,
it__IT.MidClim.SFH-TH.08.Gen.ReEx.001.001__f000,IT.MidClim.SFH-TH.08.Gen.ReEx.001.001,it,0.0,1,ATTEMPTED,True,COMPLETED,0,0,0,8669.43885645289,4.48,False,False,False,e7e08992121c6065ec22205661fc4115d48ad30064ca5e06c6be4388ad01844b,
it__IT.MidClim.SFH-TH.08.Gen.ReEx.001.001__f000,IT.MidClim.SFH-TH.08.Gen.ReEx.001.001,it,0.0,2,ATTEMPTED,True,COMPLETED,0,0,0,8669.43885645289,4.573,False,False,False,db964bc3b623c6d85f6b4e7c38f5b7ab59463e87120aa42eea5c66da6c964b40,
it__IT.MidClim.SFH-TH.08.Gen.ReEx.001.001__f000,IT.MidClim.SFH-TH.08.Gen.ReEx.001.001,it,0.0,3,ATTEMPTED,True,COMPLETED,0,0,0,8669.43885645289,4.341,False,False,False,51094f92dbe415dba3882c52ce93a2d9527454a6964c8bf6c090bd33c56e92ef,
it__IT.MidClim.SFH-TH.08.Gen.ReEx.001.001__f015,IT.MidClim.SFH-TH.08.Gen.ReEx.001.001,it,0.15,1,ATTEMPTED,True,COMPLETED,0,0,0,8664.964399791394,4.52,False,False,False,1177ed176db62813316426adeda7b92c630ef2df5f642d599accd5491e4acb68,
it__IT.MidClim.SFH-TH.08.Gen.ReEx.001.001__f015,IT.MidClim.SFH-TH.08.Gen.ReEx.001.001,it,0.15,2,ATTEMPTED,True,COMPLETED,0,0,0,8664.964399791394,4.778,False,False,False,3030d38aff62a9d76e553d8880f030e96e9f1abd3b12cc460f97487daa614d28,
it__IT.MidClim.SFH-TH.08.Gen.ReEx.001.001__f015,IT.MidClim.SFH-TH.08.Gen.ReEx.001.001,it,0.15,3,ATTEMPTED,True,COMPLETED,0,0,0,8664.964399791394,4.503,False,False,False,d3074a0ef8ade313ac345308733115abe3f845f8466ae198dfeb770353c03f2b,
it__IT.MidClim.SFH-TH.08.Gen.ReEx.001.001__f030,IT.MidClim.SFH-TH.08.Gen.ReEx.001.001,it,0.3,1,ATTEMPTED,True,COMPLETED,0,0,0,8663.90323925477,4.339,False,False,False,c88d53d1cbc652b2bc2f6e597e8c76ce2522b42e96647c68dc705dc548804bbb,
it__IT.MidClim.SFH-TH.08.Gen.ReEx.001.001__f030,IT.MidClim.SFH-TH.08.Gen.ReEx.001.001,it,0.3,2,ATTEMPTED,True,COMPLETED,0,0,0,8663.90323925477,4.368,False,False,False,b600ccd1199f274bd60aef49a552d403436d91f1ce94c31be2e4bf93ce048212,
it__IT.MidClim.SFH-TH.08.Gen.ReEx.001.001__f030,IT.MidClim.SFH-TH.08.Gen.ReEx.001.001,it,0.3,3,ATTEMPTED,True,COMPLETED,0,0,0,8663.90323925477,4.614,False,False,False,f881e26578ae8c31de6676f6e4165fc577de0194888d49b41dfaf2968b34a619,
it__IT.MidClim.SFH-TH.08.Gen.ReEx.001.001__f050,IT.MidClim.SFH-TH.08.Gen.ReEx.001.001,it,0.5,1,ATTEMPTED,True,COMPLETED,0,0,0,8668.45769314136,4.374,False,False,False,d932a37cb66b7b11076dc31894be39f1918824db400bd0e7e07e0590f5772d5b,
it__IT.MidClim.SFH-TH.08.Gen.ReEx.001.001__f050,IT.MidClim.SFH-TH.08.Gen.ReEx.001.001,it,0.5,2,ATTEMPTED,True,COMPLETED,0,0,0,8668.45769314136,4.087,False,False,False,95c4893105f0c2230107b98875533a6003ae7203c8d961f1b5b7eadc88cc63d6,
it__IT.MidClim.SFH-TH.08.Gen.ReEx.001.001__f050,IT.MidClim.SFH-TH.08.Gen.ReEx.001.001,it,0.5,3,ATTEMPTED,True,COMPLETED,0,0,0,8668.45769314136,4.119,False,False,False,8b136cda0e0f4043417ffdc8f1620e07407fe10697960fb6bbf8205a4b8773c1,
it__IT.MidClim.SFH-TH.08.Gen.ReEx.001.001__f100,IT.MidClim.SFH-TH.08.Gen.ReEx.001.001,it,1.0,1,ATTEMPTED,True,COMPLETED,0,0,0,8708.595818701975,4.238,False,False,False,cfc402eb8e08b0e80001052fa916b0e894b62767c121b2fcbe2c49bf0c9c6e78,
it__IT.MidClim.SFH-TH.08.Gen.ReEx.001.001__f100,IT.MidClim.SFH-TH.08.Gen.ReEx.001.001,it,1.0,2,ATTEMPTED,True,COMPLETED,0,0,0,8708.595818701975,4.282,False,False,False,0a5e3c2f5efda1490bd33bb9014fe688eee87b8165aa456a117d0b8cf7d6b065,
it__IT.MidClim.SFH-TH.08.Gen.ReEx.001.001__f100,IT.MidClim.SFH-TH.08.Gen.ReEx.001.001,it,1.0,3,ATTEMPTED,True,COMPLETED,0,0,0,8708.595818701975,4.176,False,False,False,d935f3b0d57a9bfb0f25938c1b637ed1c956c73fcd9e73a493b1ed0c7861a28d,
it__IT.MidClim.SFH.01.Gen.ReEx.001.001__f000,IT.MidClim.SFH.01.Gen.ReEx.001.001,it,0.0,1,ATTEMPTED,False,ENGINE_FAILED,1,31,1,None,2.729,False,True,False,14e04f54843491a0181053e8df065ad60966f5f3aeab7a22bcde3b9acdf788b1,
it__IT.MidClim.SFH.01.Gen.ReEx.001.001__f000,IT.MidClim.SFH.01.Gen.ReEx.001.001,it,0.0,2,ATTEMPTED,True,COMPLETED,0,0,0,24119.968652410233,4.433,False,False,False,4ef03f0427072cb84515da1a45d65617fab44c57a6d6022671830b66a4300bf0,
it__IT.MidClim.SFH.01.Gen.ReEx.001.001__f000,IT.MidClim.SFH.01.Gen.ReEx.001.001,it,0.0,3,ATTEMPTED,True,COMPLETED,0,0,0,21142.97826596435,4.476,False,False,False,ced472b718dcd696a89577ec606684461682f8f03434b3d68fbb4cb5f2e45faf,
it__IT.MidClim.SFH.01.Gen.ReEx.001.001__f015,IT.MidClim.SFH.01.Gen.ReEx.001.001,it,0.15,1,ATTEMPTED,True,COMPLETED,0,0,0,26095.49091802182,4.579,False,False,False,3f020cbc1970312e8de4605eb5fba2b3f26fcc786adc15b8c52450d1c2308a16,
it__IT.MidClim.SFH.01.Gen.ReEx.001.001__f015,IT.MidClim.SFH.01.Gen.ReEx.001.001,it,0.15,2,ATTEMPTED,False,ENGINE_FAILED,1,1,1,None,0.552,False,False,False,b2d31de6609c2e27bf67af72f32f99339ed6b1647a5364ba678231cf416bd254,
it__IT.MidClim.SFH.01.Gen.ReEx.001.001__f015,IT.MidClim.SFH.01.Gen.ReEx.001.001,it,0.15,3,ATTEMPTED,True,COMPLETED,0,0,0,21132.205803315806,4.651,False,False,False,2895ea22c525dbeb8fdcb42d6cf9b302729cb3dc21551279fab640385447b852,
it__IT.MidClim.SFH.01.Gen.ReEx.001.001__f030,IT.MidClim.SFH.01.Gen.ReEx.001.001,it,0.3,1,ATTEMPTED,False,ENGINE_FAILED,1,1,1,None,0.532,False,False,False,635781a3fe20f5252bd4dd5e04a45f7a73daa56cda615a1130c855a5a2244946,
it__IT.MidClim.SFH.01.Gen.ReEx.001.001__f030,IT.MidClim.SFH.01.Gen.ReEx.001.001,it,0.3,2,ATTEMPTED,True,COMPLETED,0,0,0,21121.562931246805,4.552,False,False,False,3e497f640d36fa5eedb14369b6aa17bed55634088eec6231d467f01e3f28dd05,
it__IT.MidClim.SFH.01.Gen.ReEx.001.001__f030,IT.MidClim.SFH.01.Gen.ReEx.001.001,it,0.3,3,ATTEMPTED,True,COMPLETED,0,0,0,24454.778607773846,4.52,False,False,False,59e3f26c106e132acb0cbcf99416a40989ff5a593e307a506f83b45035ffd2f7,
it__IT.MidClim.SFH.01.Gen.ReEx.001.001__f050,IT.MidClim.SFH.01.Gen.ReEx.001.001,it,0.5,1,ATTEMPTED,True,COMPLETED,0,0,0,26081.618494559312,4.5,False,False,False,454dd372d946dcfa69feb6cad8ba9c6497ed209824507410515a8426a1f3646d,
it__IT.MidClim.SFH.01.Gen.ReEx.001.001__f050,IT.MidClim.SFH.01.Gen.ReEx.001.001,it,0.5,2,ATTEMPTED,True,COMPLETED,0,0,0,21107.589698302356,4.75,False,False,False,20259fac80178cec2dbfa523e09003c86d5eba05636a24bde5ad06c09ff1074a,
it__IT.MidClim.SFH.01.Gen.ReEx.001.001__f050,IT.MidClim.SFH.01.Gen.ReEx.001.001,it,0.5,3,ATTEMPTED,False,ENGINE_FAILED,1,1,1,None,0.526,False,False,False,41f57af371fdf491c865cbf47598daa46e2550c85513b13f14c5652a16dd7b2f,
it__IT.MidClim.SFH.01.Gen.ReEx.001.001__f100,IT.MidClim.SFH.01.Gen.ReEx.001.001,it,1.0,1,ATTEMPTED,True,COMPLETED,0,0,0,23018.991331475416,4.46,False,False,False,f907d2e088e47ef337c343ba70e0fdac06a6af5d625666e6a036f58ffa19cc0a,
it__IT.MidClim.SFH.01.Gen.ReEx.001.001__f100,IT.MidClim.SFH.01.Gen.ReEx.001.001,it,1.0,2,ATTEMPTED,False,ENGINE_FAILED,1,1,1,None,0.535,False,False,False,9fa7e3714b5d8f7b60ee6258b0bd2b7477a3b82fdc8f5e1a6634bf850d1018f9,
it__IT.MidClim.SFH.01.Gen.ReEx.001.001__f100,IT.MidClim.SFH.01.Gen.ReEx.001.001,it,1.0,3,ATTEMPTED,True,COMPLETED,0,0,0,21073.696589695715,4.579,False,False,False,91990dea43ff27f0e46690f68d8757e4c6465e3210d2d09c8b553146cd5c69fc,
it__IT.MidClim.SFH.02.Gen.ReEx.001.001__f000,IT.MidClim.SFH.02.Gen.ReEx.001.001,it,0.0,1,ATTEMPTED,True,COMPLETED,0,0,0,21708.002665360786,4.389,False,False,False,3f85976f5dd99ab2b31d843f22a13ef3fdb6e2eac0b3ea667bd8ee567b53b2b9,
it__IT.MidClim.SFH.02.Gen.ReEx.001.001__f000,IT.MidClim.SFH.02.Gen.ReEx.001.001,it,0.0,2,ATTEMPTED,True,COMPLETED,0,0,0,19705.14130829254,4.513,False,False,False,a9439ea2a42882b417486633ff4dde46fc1b19adac178ac1accd751fef05c4fe,
it__IT.MidClim.SFH.02.Gen.ReEx.001.001__f000,IT.MidClim.SFH.02.Gen.ReEx.001.001,it,0.0,3,ATTEMPTED,True,COMPLETED,0,0,0,18539.097192665893,4.46,False,False,False,f5ffca04399756fa5fc81447ea7785eace380afb4d8f856f09b3687c5c66bb8a,
it__IT.MidClim.SFH.02.Gen.ReEx.001.001__f015,IT.MidClim.SFH.02.Gen.ReEx.001.001,it,0.15,1,ATTEMPTED,False,ENGINE_FAILED,1,1,1,None,0.649,False,False,False,0fc51c77d1cb35dc1f2ac92d165eb160d2ab116306aaab76e20d5d97906d5643,
it__IT.MidClim.SFH.02.Gen.ReEx.001.001__f015,IT.MidClim.SFH.02.Gen.ReEx.001.001,it,0.15,2,ATTEMPTED,True,COMPLETED,0,0,0,23276.51237804147,4.779,False,False,False,521bfce8b166a909bd7d67d2ab17156ad206696a62034581bb8979348269c479,
it__IT.MidClim.SFH.02.Gen.ReEx.001.001__f015,IT.MidClim.SFH.02.Gen.ReEx.001.001,it,0.15,3,ATTEMPTED,True,COMPLETED,0,0,0,20403.086962622652,4.436,False,False,False,b0fd497d47d508d5bd4e3f2668c251b14dc723543908547257f1675048111617,
it__IT.MidClim.SFH.02.Gen.ReEx.001.001__f030,IT.MidClim.SFH.02.Gen.ReEx.001.001,it,0.3,1,ATTEMPTED,True,COMPLETED,0,0,0,23276.284650936792,4.436,False,False,False,cf8be6f6beade85ba0ee12449654024b7590caf9c1dff0fea0c85287dcaba12c,
it__IT.MidClim.SFH.02.Gen.ReEx.001.001__f030,IT.MidClim.SFH.02.Gen.ReEx.001.001,it,0.3,2,ATTEMPTED,True,COMPLETED,0,0,0,21730.898509758168,4.435,False,False,False,9ecdcffcfc9ab4cc80309980ff1d68f763c807fd1b572fe587ff00a9d7b2b55b,
it__IT.MidClim.SFH.02.Gen.ReEx.001.001__f030,IT.MidClim.SFH.02.Gen.ReEx.001.001,it,0.3,3,ATTEMPTED,True,COMPLETED,0,0,0,20792.164056083126,4.444,False,False,False,e1ee0af5b616bb3cfd0a74a593530de6ad5fda3a925ddeb363c77d813911d48d,
it__IT.MidClim.SFH.02.Gen.ReEx.001.001__f050,IT.MidClim.SFH.02.Gen.ReEx.001.001,it,0.5,1,ATTEMPTED,True,COMPLETED,0,0,0,19703.95275684414,4.377,False,False,False,543a36f0a7ca7dff3d87c89cd7c82f5387cebf5c466bf8b6f048504e11fb9dec,
it__IT.MidClim.SFH.02.Gen.ReEx.001.001__f050,IT.MidClim.SFH.02.Gen.ReEx.001.001,it,0.5,2,ATTEMPTED,True,COMPLETED,0,0,0,23276.007347861654,4.369,False,False,False,c3a7b1842ae2fd547561725cfaec5f8a3bf29365533ca7af575677eeb6329bae,
it__IT.MidClim.SFH.02.Gen.ReEx.001.001__f050,IT.MidClim.SFH.02.Gen.ReEx.001.001,it,0.5,3,ATTEMPTED,True,COMPLETED,0,0,0,18537.90828916068,4.452,False,False,False,915db295e4156b7974f02fb5818cc558a94c0377f7d417496844518373699296,
it__IT.MidClim.SFH.02.Gen.ReEx.001.001__f100,IT.MidClim.SFH.02.Gen.ReEx.001.001,it,1.0,1,ATTEMPTED,False,ENGINE_FAILED,1,31,1,None,2.606,False,True,False,95a19d9e16a1dfe685c5968cb11b65c55cc9caa9ff7934f5a10e73f5266f54eb,
it__IT.MidClim.SFH.02.Gen.ReEx.001.001__f100,IT.MidClim.SFH.02.Gen.ReEx.001.001,it,1.0,2,ATTEMPTED,True,COMPLETED,0,0,0,23123.089232243976,4.368,False,False,False,891773f4e4903cc172268a53d6ed616a140db69f004a2a8df4e13743e39aad73,
it__IT.MidClim.SFH.02.Gen.ReEx.001.001__f100,IT.MidClim.SFH.02.Gen.ReEx.001.001,it,1.0,3,ATTEMPTED,False,ENGINE_FAILED,1,1,1,None,0.538,False,False,False,4f6f0003733933ef185813e0737dfd220ad76e240e6995c3adbcf56a4b16418a,
it__IT.MidClim.SFH.03.Gen.ReEx.001.001__f000,IT.MidClim.SFH.03.Gen.ReEx.001.001,it,0.0,1,ATTEMPTED,True,COMPLETED,0,0,0,19543.845945614572,4.291,False,False,False,3a446d88105472490b4b3d34afaffa1aa47d3e34c858849f3da0d8255a2e601e,
it__IT.MidClim.SFH.03.Gen.ReEx.001.001__f000,IT.MidClim.SFH.03.Gen.ReEx.001.001,it,0.0,2,ATTEMPTED,True,COMPLETED,0,0,0,21564.482618223406,4.335,False,False,False,58ffb9d9029bb356dc8824f9dd9a0d38171d062bced5caa03c219a2c0277ab14,
it__IT.MidClim.SFH.03.Gen.ReEx.001.001__f000,IT.MidClim.SFH.03.Gen.ReEx.001.001,it,0.0,3,ATTEMPTED,True,COMPLETED,0,0,0,22955.34267300915,4.354,False,False,False,af9553476e697f06e061a48f968a6e205b936f90a34ac46e170046e15a31c7f8,
it__IT.MidClim.SFH.03.Gen.ReEx.001.001__f015,IT.MidClim.SFH.03.Gen.ReEx.001.001,it,0.15,1,ATTEMPTED,True,COMPLETED,0,0,0,21200.146687912456,4.256,False,False,False,12dbfad697bcdd0a9d2603597f6e51ff0b569dabb435e49f0c978dfe2c6c17f0,
it__IT.MidClim.SFH.03.Gen.ReEx.001.001__f015,IT.MidClim.SFH.03.Gen.ReEx.001.001,it,0.15,2,ATTEMPTED,True,COMPLETED,0,0,0,20237.61520951149,4.497,False,False,False,9ba593cb88c008941c4c2c7d76ee0d845ef3757f3c2fd6a0c0a95ed964ed5017,
it__IT.MidClim.SFH.03.Gen.ReEx.001.001__f015,IT.MidClim.SFH.03.Gen.ReEx.001.001,it,0.15,3,ATTEMPTED,True,COMPLETED,0,0,0,20237.61520951149,4.48,False,False,False,e2a38ab3181b7271f1e9e570da91f518383dac2d9e39c561e214cc218940e3db,
it__IT.MidClim.SFH.03.Gen.ReEx.001.001__f030,IT.MidClim.SFH.03.Gen.ReEx.001.001,it,0.3,1,ATTEMPTED,True,COMPLETED,0,0,0,21197.401404380827,4.368,False,False,False,0ed27ba3ccf9080c055d43dc1c891562c14c4ee2f49b43504f45a6ad1dd1ab25,
it__IT.MidClim.SFH.03.Gen.ReEx.001.001__f030,IT.MidClim.SFH.03.Gen.ReEx.001.001,it,0.3,2,ATTEMPTED,True,COMPLETED,0,0,0,18374.565473146333,4.551,False,False,False,0e97a37faaafc22825e957d937d71dc83a207701415c659b548c2f8b60da6ddd,
it__IT.MidClim.SFH.03.Gen.ReEx.001.001__f030,IT.MidClim.SFH.03.Gen.ReEx.001.001,it,0.3,3,ATTEMPTED,True,COMPLETED,0,0,0,23101.236360797666,4.481,False,False,False,d8b6e6bcc85a7ec40cb88b1583fc776f645a5600098eb405a416ecb29e6d20a5,
it__IT.MidClim.SFH.03.Gen.ReEx.001.001__f050,IT.MidClim.SFH.03.Gen.ReEx.001.001,it,0.5,1,ATTEMPTED,True,COMPLETED,0,0,0,19535.23918006765,4.598,False,False,False,2f9c665c38c6c0312ad20379e3d6e7d54f1b24e40413c1664169c903a79739b0,
it__IT.MidClim.SFH.03.Gen.ReEx.001.001__f050,IT.MidClim.SFH.03.Gen.ReEx.001.001,it,0.5,2,ATTEMPTED,True,COMPLETED,0,0,0,20389.78005485228,4.465,False,False,False,d27b1398b361cd9e0ef732fe063a06e03219f412f7ee6ad4397f989c70c3305f,
it__IT.MidClim.SFH.03.Gen.ReEx.001.001__f050,IT.MidClim.SFH.03.Gen.ReEx.001.001,it,0.5,3,ATTEMPTED,True,COMPLETED,0,0,0,21194.070037441692,4.408,False,False,False,b78e1a913dd4c297e157db72affd0d65ad37b1c67695a81befac5c738b3b969c,
it__IT.MidClim.SFH.03.Gen.ReEx.001.001__f100,IT.MidClim.SFH.03.Gen.ReEx.001.001,it,1.0,1,ATTEMPTED,False,ENGINE_FAILED,1,1,1,None,0.614,False,False,False,167a3c60d9546661ff5a7a9e4ef4b3b13f670035832407337471955007b115b9,
it__IT.MidClim.SFH.03.Gen.ReEx.001.001__f100,IT.MidClim.SFH.03.Gen.ReEx.001.001,it,1.0,2,ATTEMPTED,False,ENGINE_FAILED,1,1,1,None,0.524,False,False,False,3e4949dcbff83a70b990b3813f3d683b3101d2c587df81c025e207f8c90a284b,
it__IT.MidClim.SFH.03.Gen.ReEx.001.001__f100,IT.MidClim.SFH.03.Gen.ReEx.001.001,it,1.0,3,ATTEMPTED,True,COMPLETED,0,0,0,20224.84398975435,4.429,False,False,False,f8f3974667e914f5a7b018fdbc59ac0f53156d2be08be6bbd6663d96019477f4,
it__IT.MidClim.SFH.04.Gen.ReEx.001.001__f000,IT.MidClim.SFH.04.Gen.ReEx.001.001,it,0.0,1,ATTEMPTED,False,ENGINE_FAILED,1,1,1,None,0.509,False,False,False,9d869f353df2e22259c5f6809b7d9c7d9586d8633f1b36c19de81f11e6f2c4c5,
it__IT.MidClim.SFH.04.Gen.ReEx.001.001__f000,IT.MidClim.SFH.04.Gen.ReEx.001.001,it,0.0,2,ATTEMPTED,False,ENGINE_FAILED,1,33,1,None,2.659,False,True,False,3f7c704b43af4e533ca71bfaabe93fa8d4f80463d65d6807509b205199a48fd4,
it__IT.MidClim.SFH.04.Gen.ReEx.001.001__f000,IT.MidClim.SFH.04.Gen.ReEx.001.001,it,0.0,3,ATTEMPTED,True,COMPLETED,0,0,0,23228.321343391657,4.363,False,False,False,64523c05e4526ced9e30f57def3b3b8f05ce57c6adff26d685c8efc41c5390af,
it__IT.MidClim.SFH.04.Gen.ReEx.001.001__f015,IT.MidClim.SFH.04.Gen.ReEx.001.001,it,0.15,1,ATTEMPTED,True,COMPLETED,0,0,0,26572.219445230377,4.23,False,False,False,400863d2803cd5bb053c5130edb9401592a93b54809428dd688e5bb913b92664,
it__IT.MidClim.SFH.04.Gen.ReEx.001.001__f015,IT.MidClim.SFH.04.Gen.ReEx.001.001,it,0.15,2,ATTEMPTED,True,COMPLETED,0,0,0,28226.716132947855,4.439,False,False,False,a9c192f34219ae2c7fc0f8663247c63cda354ce4c236cc5e6244de3bd9d2157d,
it__IT.MidClim.SFH.04.Gen.ReEx.001.001__f015,IT.MidClim.SFH.04.Gen.ReEx.001.001,it,0.15,3,ATTEMPTED,True,COMPLETED,0,0,0,25159.71007742019,4.555,False,False,False,70af0924f35669447dbb9dad153f4bf714fc113502423d1fcb7946c08f438441,
it__IT.MidClim.SFH.04.Gen.ReEx.001.001__f030,IT.MidClim.SFH.04.Gen.ReEx.001.001,it,0.3,1,ATTEMPTED,False,ENGINE_FAILED,1,33,1,None,2.825,False,True,False,678aaa9efc3e78d9c9f0f674fd4c7220069ba48396d66d7b0936938bb0158cbd,
it__IT.MidClim.SFH.04.Gen.ReEx.001.001__f030,IT.MidClim.SFH.04.Gen.ReEx.001.001,it,0.3,2,ATTEMPTED,True,COMPLETED,0,0,0,25350.629810019276,4.457,False,False,False,824dba543426c6c1befde5bf7371bbd9e2f196a3d8706bf64dc7d8162f1729cd,
it__IT.MidClim.SFH.04.Gen.ReEx.001.001__f030,IT.MidClim.SFH.04.Gen.ReEx.001.001,it,0.3,3,ATTEMPTED,True,COMPLETED,0,0,0,24522.337748022746,4.653,False,False,False,55902533acf09b08c0616a652df716ba3b6ff115d204906e7f9ffaa759925756,
it__IT.MidClim.SFH.04.Gen.ReEx.001.001__f050,IT.MidClim.SFH.04.Gen.ReEx.001.001,it,0.5,1,ATTEMPTED,True,COMPLETED,0,0,0,28185.420628570497,4.742,False,False,False,28cb28fc80e4a105107e11d30f2b93e8ea663f84f95e69a6009d2db06e01e22f,
it__IT.MidClim.SFH.04.Gen.ReEx.001.001__f050,IT.MidClim.SFH.04.Gen.ReEx.001.001,it,0.5,2,ATTEMPTED,False,ENGINE_FAILED,1,1,1,None,0.588,False,False,False,c8eb57a1a658d6f5b7839a5ed84c1f9a12aa93f5472bac4f3eff54b4900d41d4,
it__IT.MidClim.SFH.04.Gen.ReEx.001.001__f050,IT.MidClim.SFH.04.Gen.ReEx.001.001,it,0.5,3,ATTEMPTED,True,COMPLETED,0,0,0,24495.81075060539,4.49,False,False,False,21150040bb9b58ab6af329a8294c58c3a181bce6ba98c698ffbfaa9095a7e035,
it__IT.MidClim.SFH.04.Gen.ReEx.001.001__f100,IT.MidClim.SFH.04.Gen.ReEx.001.001,it,1.0,1,ATTEMPTED,True,COMPLETED,0,0,0,26480.636683413362,4.276,False,False,False,873a8963827b88f67a7aa2aab87e844f1e5c2355db661910a5cb05d4b12490c0,
it__IT.MidClim.SFH.04.Gen.ReEx.001.001__f100,IT.MidClim.SFH.04.Gen.ReEx.001.001,it,1.0,2,ATTEMPTED,False,ENGINE_FAILED,1,33,1,None,2.656,False,True,False,15b3b4a2dc7eb5aca15d6adf9f1ef45550755d17c57569b25e5058ffde66c774,
it__IT.MidClim.SFH.04.Gen.ReEx.001.001__f100,IT.MidClim.SFH.04.Gen.ReEx.001.001,it,1.0,3,ATTEMPTED,True,COMPLETED,0,0,0,25268.768671213144,4.35,False,False,False,7d02da94dedd059274d267994679427f9c819fe5fd8ad25d2e03c40a1d11e789,
it__IT.MidClim.SFH.05.Gen.ReEx.001.001__f000,IT.MidClim.SFH.05.Gen.ReEx.001.001,it,0.0,1,ATTEMPTED,True,COMPLETED,0,0,0,27981.52280888952,4.374,False,False,False,7a36f35b433ce8ab2fa252826187b19709b0afeaf7a2dee1d6af532875c0bd9e,
it__IT.MidClim.SFH.05.Gen.ReEx.001.001__f000,IT.MidClim.SFH.05.Gen.ReEx.001.001,it,0.0,2,ATTEMPTED,True,COMPLETED,0,0,0,31126.58917424006,4.318,False,False,False,9328f7bea5de7f15b351552a515348e89cd2973fe519b819e7197a42efcdcbe9,
it__IT.MidClim.SFH.05.Gen.ReEx.001.001__f000,IT.MidClim.SFH.05.Gen.ReEx.001.001,it,0.0,3,ATTEMPTED,True,COMPLETED,0,0,0,27981.52280888952,4.443,False,False,False,b6f1bc5ea71381ae117a299235ee9b123392562ce078c584478a089b81150d1c,
it__IT.MidClim.SFH.05.Gen.ReEx.001.001__f015,IT.MidClim.SFH.05.Gen.ReEx.001.001,it,0.15,1,ATTEMPTED,True,COMPLETED,0,0,0,27978.273382110754,4.361,False,False,False,4312914070e91c8e79952c3444d23fe2a57374fa88ed81c07aa0725cfd82251f,
it__IT.MidClim.SFH.05.Gen.ReEx.001.001__f015,IT.MidClim.SFH.05.Gen.ReEx.001.001,it,0.15,2,ATTEMPTED,True,COMPLETED,0,0,0,25934.21904253707,4.356,False,False,False,2f5ff25225f31ba764b51587d5a2974b3dba8f8cbf277c04f6cd278c523819ac,
it__IT.MidClim.SFH.05.Gen.ReEx.001.001__f015,IT.MidClim.SFH.05.Gen.ReEx.001.001,it,0.15,3,ATTEMPTED,True,COMPLETED,0,0,0,25934.21904253707,4.486,False,False,False,6f8ea05dc563944ca9f115632c15e2ba1690c1c5cf74cef005ab17ece1eb2811,
it__IT.MidClim.SFH.05.Gen.ReEx.001.001__f030,IT.MidClim.SFH.05.Gen.ReEx.001.001,it,0.3,1,ATTEMPTED,True,COMPLETED,0,0,0,27336.52119827974,4.411,False,False,False,9bb54fc2ebfe00014ad172b23339b315b6322c63b7fef87dc515dbb656d5b1e0,
it__IT.MidClim.SFH.05.Gen.ReEx.001.001__f030,IT.MidClim.SFH.05.Gen.ReEx.001.001,it,0.3,2,ATTEMPTED,True,COMPLETED,0,0,0,25930.757133181723,4.483,False,False,False,c8e8ad70bcca020b6ef80c3a80edf45bf81aac7bef71dc734306fc3779607bde,
it__IT.MidClim.SFH.05.Gen.ReEx.001.001__f030,IT.MidClim.SFH.05.Gen.ReEx.001.001,it,0.3,3,ATTEMPTED,True,COMPLETED,0,0,0,28168.00250889241,4.4,False,False,False,08f304a7c163d71622be8807ee5a1c00bf38ab2ae8e60fdc6814f6c62c75a253,
it__IT.MidClim.SFH.05.Gen.ReEx.001.001__f050,IT.MidClim.SFH.05.Gen.ReEx.001.001,it,0.5,1,ATTEMPTED,True,COMPLETED,0,0,0,29039.71391923782,4.382,False,False,False,bdd163b644c97e395fe5721f9d0db0d5249ad649446cebac3243714c816e20c7,
it__IT.MidClim.SFH.05.Gen.ReEx.001.001__f050,IT.MidClim.SFH.05.Gen.ReEx.001.001,it,0.5,2,ATTEMPTED,False,ENGINE_FAILED,1,33,1,None,2.717,False,True,False,efce4d3f02909b4f469d65b7c96e7bfdbdd1c2485bf0293fbb42552bbd785f62,
it__IT.MidClim.SFH.05.Gen.ReEx.001.001__f050,IT.MidClim.SFH.05.Gen.ReEx.001.001,it,0.5,3,ATTEMPTED,False,ENGINE_FAILED,1,1,1,None,0.541,False,False,False,84f1d61277c24a5816bd9fc274f6dbe12d2b3ef1376fe2e7a031b00409e86d03,
it__IT.MidClim.SFH.05.Gen.ReEx.001.001__f100,IT.MidClim.SFH.05.Gen.ReEx.001.001,it,1.0,1,ATTEMPTED,True,COMPLETED,0,0,0,25915.071860949574,4.383,False,False,False,8f20f11956641c4efdf38373417eaeb9a879c11342f2892521e9b6464b0b7129,
it__IT.MidClim.SFH.05.Gen.ReEx.001.001__f100,IT.MidClim.SFH.05.Gen.ReEx.001.001,it,1.0,2,ATTEMPTED,True,COMPLETED,0,0,0,29369.52368423994,4.437,False,False,False,ac13f0da92b36cf62342fe5548a8e2890d54be02557a2502f5ee0ce781ceca71,
it__IT.MidClim.SFH.05.Gen.ReEx.001.001__f100,IT.MidClim.SFH.05.Gen.ReEx.001.001,it,1.0,3,ATTEMPTED,True,COMPLETED,0,0,0,27960.69670094428,4.364,False,False,False,66d499b61e555002c157962014704742b8e7e9ca14a0ccc74f502498b66b1f67,
it__IT.MidClim.SFH.06.Gen.ReEx.001.001__f000,IT.MidClim.SFH.06.Gen.ReEx.001.001,it,0.0,1,ATTEMPTED,True,COMPLETED,0,0,0,20039.440645278268,4.427,False,False,False,bbc3d7e9ba5911a88f81a5a6a9d1dd45efd45f1f14db9863ae97fb3f07d3605e,
it__IT.MidClim.SFH.06.Gen.ReEx.001.001__f000,IT.MidClim.SFH.06.Gen.ReEx.001.001,it,0.0,2,ATTEMPTED,True,COMPLETED,0,0,0,17996.79737719753,4.53,False,False,False,b5eb6c4a83c016131a19c1363c50370b3e89718aa1add66c68d323b26b580e94,
it__IT.MidClim.SFH.06.Gen.ReEx.001.001__f000,IT.MidClim.SFH.06.Gen.ReEx.001.001,it,0.0,3,ATTEMPTED,True,COMPLETED,0,0,0,16603.384961089374,4.425,False,False,False,881e651295ee9780d315e5bfb8d1e99f465a20d1dcba49aed2e7e9fadcfce6c0,
it__IT.MidClim.SFH.06.Gen.ReEx.001.001__f015,IT.MidClim.SFH.06.Gen.ReEx.001.001,it,0.15,1,ATTEMPTED,True,COMPLETED,0,0,0,21905.726784149414,4.387,False,False,False,c7b7969b61b4b8f8c33d98a1c5a131c413ac72079986ae0ddfde875084c214eb,
it__IT.MidClim.SFH.06.Gen.ReEx.001.001__f015,IT.MidClim.SFH.06.Gen.ReEx.001.001,it,0.15,2,ATTEMPTED,True,COMPLETED,0,0,0,19696.3224356708,4.38,False,False,False,44760d93712ff311f7bfd68597bb084793d7490ce040982490047798704a288c,
it__IT.MidClim.SFH.06.Gen.ReEx.001.001__f015,IT.MidClim.SFH.06.Gen.ReEx.001.001,it,0.15,3,ATTEMPTED,True,COMPLETED,0,0,0,18581.197265474886,4.322,False,False,False,a1f44cdcacca1b869ceae70e8fe48917270807dbab81a0e8a53909c61bf07456,
it__IT.MidClim.SFH.06.Gen.ReEx.001.001__f030,IT.MidClim.SFH.06.Gen.ReEx.001.001,it,0.3,1,ATTEMPTED,True,COMPLETED,0,0,0,18774.872615223063,4.431,False,False,False,9888360b708470b1b06df4584d528fad0087900961b0e48fcd44e23645095034,
it__IT.MidClim.SFH.06.Gen.ReEx.001.001__f030,IT.MidClim.SFH.06.Gen.ReEx.001.001,it,0.3,2,ATTEMPTED,True,COMPLETED,0,0,0,17984.508865411895,4.429,False,False,False,f182264d87fb47622b605ff8d86aef960d954dae4a30736987f0bebbf1a3d1fd,
it__IT.MidClim.SFH.06.Gen.ReEx.001.001__f030,IT.MidClim.SFH.06.Gen.ReEx.001.001,it,0.3,3,ATTEMPTED,True,COMPLETED,0,0,0,18574.751441932924,4.448,False,False,False,9f04405b95975cc5152e5dac6f54131181e506a0be04aed5fda79d7183d7f332,
it__IT.MidClim.SFH.06.Gen.ReEx.001.001__f050,IT.MidClim.SFH.06.Gen.ReEx.001.001,it,0.5,1,ATTEMPTED,True,COMPLETED,0,0,0,17976.618302925424,4.652,False,False,False,8fb9c7f3dac9a96f5e63385ee9ed2bc58b6801ec5559d258e386006f564e1e62,
it__IT.MidClim.SFH.06.Gen.ReEx.001.001__f050,IT.MidClim.SFH.06.Gen.ReEx.001.001,it,0.5,2,ATTEMPTED,True,COMPLETED,0,0,0,16582.876045562632,4.635,False,False,False,407387f6092381661d028d804d09a8d124b77312ba895a968a0239d199de1d8c,
it__IT.MidClim.SFH.06.Gen.ReEx.001.001__f050,IT.MidClim.SFH.06.Gen.ReEx.001.001,it,0.5,3,ATTEMPTED,True,COMPLETED,0,0,0,16582.876045562632,4.587,False,False,False,fc038848e33994ca478a245870d4119bbfc8cd05d70fc0930f6955f49eea1b6b,
it__IT.MidClim.SFH.06.Gen.ReEx.001.001__f100,IT.MidClim.SFH.06.Gen.ReEx.001.001,it,1.0,1,ATTEMPTED,True,COMPLETED,0,0,0,16563.521219970466,4.46,False,False,False,14c8f73273e36f7c557eec78fd1c63d647326f4d69c18794a1b334727972aa56,
it__IT.MidClim.SFH.06.Gen.ReEx.001.001__f100,IT.MidClim.SFH.06.Gen.ReEx.001.001,it,1.0,2,ATTEMPTED,True,COMPLETED,0,0,0,18769.96489637785,4.565,False,False,False,e13b9030a8171926091db5b960cd4863410a86ee5fdcd161959781fee30f3a9f,
it__IT.MidClim.SFH.06.Gen.ReEx.001.001__f100,IT.MidClim.SFH.06.Gen.ReEx.001.001,it,1.0,3,ATTEMPTED,True,COMPLETED,0,0,0,21878.380238582573,4.434,False,False,False,d9caba2a68148793ad808e6764a1fd6447a5ab85d5d05ec1aee587d0aab973e3,
it__IT.MidClim.SFH.07.Gen.ReEx.001.001__f000,IT.MidClim.SFH.07.Gen.ReEx.001.001,it,0.0,1,ATTEMPTED,True,COMPLETED,0,0,0,11709.661873294688,4.561,False,False,False,2ac5d763245f070b29569303710382f2eeb34da4cda648339f1b6b51916d5c4a,
it__IT.MidClim.SFH.07.Gen.ReEx.001.001__f000,IT.MidClim.SFH.07.Gen.ReEx.001.001,it,0.0,2,ATTEMPTED,False,ENGINE_FAILED,1,33,1,None,2.858,False,True,False,86b59d9986195b8a2c0c6c9caa560d01ffac3b408ca67ed157d50fdae5f7dad6,
it__IT.MidClim.SFH.07.Gen.ReEx.001.001__f000,IT.MidClim.SFH.07.Gen.ReEx.001.001,it,0.0,3,ATTEMPTED,True,COMPLETED,0,0,0,11709.661873294688,4.516,False,False,False,eb46c0a10dad87953419b1e23036c8679c0ecfd24a6f4ebc3a0467ddfa60ca8a,
it__IT.MidClim.SFH.07.Gen.ReEx.001.001__f015,IT.MidClim.SFH.07.Gen.ReEx.001.001,it,0.15,1,ATTEMPTED,True,COMPLETED,0,0,0,13257.337463431171,4.505,False,False,False,bab63c1364a41d27427b9704fa980b564364e5755596e73957dc82f777c116fa,
it__IT.MidClim.SFH.07.Gen.ReEx.001.001__f015,IT.MidClim.SFH.07.Gen.ReEx.001.001,it,0.15,2,ATTEMPTED,True,COMPLETED,0,0,0,15328.5587898789,4.41,False,False,False,9cccc3198b6f6617bde48c610b61c3fd4d237af385e8586037bb08caf366737b,
it__IT.MidClim.SFH.07.Gen.ReEx.001.001__f015,IT.MidClim.SFH.07.Gen.ReEx.001.001,it,0.15,3,ATTEMPTED,True,COMPLETED,0,0,0,15165.428941991575,4.448,False,False,False,60e6502aeefbe73d2d0d6f029dbe83f2a2e73133ab6e0474c2169e010033b942,
it__IT.MidClim.SFH.07.Gen.ReEx.001.001__f030,IT.MidClim.SFH.07.Gen.ReEx.001.001,it,0.3,1,ATTEMPTED,True,COMPLETED,0,0,0,10551.65248159854,4.601,False,False,False,64fc7b7cef11e2b9119cb8626df374377f0f002160e02175e1926f9ec0ec8ce0,
it__IT.MidClim.SFH.07.Gen.ReEx.001.001__f030,IT.MidClim.SFH.07.Gen.ReEx.001.001,it,0.3,2,ATTEMPTED,True,COMPLETED,0,0,0,13585.349745232956,4.534,False,False,False,084ed6ce620ad6c1df55e313134c6cd1e52096f5fd99a3ef91fdfb4869e2a06c,
it__IT.MidClim.SFH.07.Gen.ReEx.001.001__f030,IT.MidClim.SFH.07.Gen.ReEx.001.001,it,0.3,3,ATTEMPTED,False,ENGINE_FAILED,1,1,1,None,0.561,False,False,False,291989eb1c54baf4cb4dc78192ef28867fd45cf540cf1594b46e7b4612e124c7,
it__IT.MidClim.SFH.07.Gen.ReEx.001.001__f050,IT.MidClim.SFH.07.Gen.ReEx.001.001,it,0.5,1,ATTEMPTED,False,ENGINE_FAILED,1,1,1,None,0.579,False,False,False,5d97876df4bce91701248c298d344d8cb51610b05ec0caef702c86d7c3f5d283,
it__IT.MidClim.SFH.07.Gen.ReEx.001.001__f050,IT.MidClim.SFH.07.Gen.ReEx.001.001,it,0.5,2,ATTEMPTED,False,ENGINE_FAILED,1,1,1,None,0.585,False,False,False,f1c1929fbfc1decd8343bf300b13e6bf88caefc3cc78360965d7ea2b1f1a3a30,
it__IT.MidClim.SFH.07.Gen.ReEx.001.001__f050,IT.MidClim.SFH.07.Gen.ReEx.001.001,it,0.5,3,ATTEMPTED,True,COMPLETED,0,0,0,13235.077203738882,4.603,False,False,False,0b5e0d687fd51efd0f1b41cbcc0e1255a84d9d11d281c35289a14f0bd7589ce0,
it__IT.MidClim.SFH.07.Gen.ReEx.001.001__f100,IT.MidClim.SFH.07.Gen.ReEx.001.001,it,1.0,1,ATTEMPTED,False,ENGINE_FAILED,1,33,1,None,2.76,False,True,False,02d00ddb774b2091e41e5dab434e72dde7d30440d9571534e4dc44a2c8ec91c5,
it__IT.MidClim.SFH.07.Gen.ReEx.001.001__f100,IT.MidClim.SFH.07.Gen.ReEx.001.001,it,1.0,2,ATTEMPTED,False,ENGINE_FAILED,1,1,1,None,0.564,False,False,False,34c1282c5052d63220685380d30306deb7dc6fe005b11a4f702803485c3d6844,
it__IT.MidClim.SFH.07.Gen.ReEx.001.001__f100,IT.MidClim.SFH.07.Gen.ReEx.001.001,it,1.0,3,ATTEMPTED,False,ENGINE_FAILED,1,1,1,None,0.577,False,False,False,8eca66214a5737119996f6bb88fa4a55620c50d50568aaa66dd6acff74580cbc,
it__IT.MidClim.SFH.08.Gen.ReEx.001.001__f000,IT.MidClim.SFH.08.Gen.ReEx.001.001,it,0.0,1,ATTEMPTED,True,COMPLETED,0,0,0,8650.204372328306,4.336,False,False,False,9a314c702dd98b1d232c47a3630f69f2cdd6a5d2bbefc942838263652797a793,
it__IT.MidClim.SFH.08.Gen.ReEx.001.001__f000,IT.MidClim.SFH.08.Gen.ReEx.001.001,it,0.0,2,ATTEMPTED,True,COMPLETED,0,0,0,8650.204372328306,4.386,False,False,False,66dba5dc611bc71bb48b5e632a9a9c4bddad17d1f5ca0a463fd80cc5fa44ea11,
it__IT.MidClim.SFH.08.Gen.ReEx.001.001__f000,IT.MidClim.SFH.08.Gen.ReEx.001.001,it,0.0,3,ATTEMPTED,True,COMPLETED,0,0,0,8650.204372328306,4.355,False,False,False,ffe4199dd765425086bdf4e862fb8fd56048956515bc72ca6580e4f3219f7e53,
it__IT.MidClim.SFH.08.Gen.ReEx.001.001__f015,IT.MidClim.SFH.08.Gen.ReEx.001.001,it,0.15,1,ATTEMPTED,True,COMPLETED,0,0,0,8643.316776378239,4.193,False,False,False,230ea0ba3bf703f26e91c3441ac7308c3535efa5136297e1024533ca1cee0984,
it__IT.MidClim.SFH.08.Gen.ReEx.001.001__f015,IT.MidClim.SFH.08.Gen.ReEx.001.001,it,0.15,2,ATTEMPTED,True,COMPLETED,0,0,0,8643.316776378239,4.22,False,False,False,8fb1ede1a383e095b8a1194bd446ee073bc88c5b3e8cafa2c9e17d1cb10ca660,
it__IT.MidClim.SFH.08.Gen.ReEx.001.001__f015,IT.MidClim.SFH.08.Gen.ReEx.001.001,it,0.15,3,ATTEMPTED,True,COMPLETED,0,0,0,8643.316776378239,4.223,False,False,False,19f620390d57e9954e2bcdb40de85174b95992ef655f740fe866de8442b858c8,
it__IT.MidClim.SFH.08.Gen.ReEx.001.001__f030,IT.MidClim.SFH.08.Gen.ReEx.001.001,it,0.3,1,ATTEMPTED,True,COMPLETED,0,0,0,8639.473808427934,4.397,False,False,False,8aba81bdcb0e5ca3935e93469e0757daaede5d024af14efb0ef7731161d3a9d3,
it__IT.MidClim.SFH.08.Gen.ReEx.001.001__f030,IT.MidClim.SFH.08.Gen.ReEx.001.001,it,0.3,2,ATTEMPTED,True,COMPLETED,0,0,0,8639.473808427934,4.262,False,False,False,3b08215d158225bec305616d8e0855cd08392e73cec02b3e40a684e616d91802,
it__IT.MidClim.SFH.08.Gen.ReEx.001.001__f030,IT.MidClim.SFH.08.Gen.ReEx.001.001,it,0.3,3,ATTEMPTED,True,COMPLETED,0,0,0,8639.473808427934,4.231,False,False,False,206f9fdcdb009c6ad35ece73c82ede840d8ca7353369ab0a3d687c22096256bd,
it__IT.MidClim.SFH.08.Gen.ReEx.001.001__f050,IT.MidClim.SFH.08.Gen.ReEx.001.001,it,0.5,1,ATTEMPTED,True,COMPLETED,0,0,0,8639.64254043158,4.149,False,False,False,d6f1badb6089d787b78327e8eb4d03ba1d10aa26e9b8a6cc391007df1ce6715c,
it__IT.MidClim.SFH.08.Gen.ReEx.001.001__f050,IT.MidClim.SFH.08.Gen.ReEx.001.001,it,0.5,2,ATTEMPTED,True,COMPLETED,0,0,0,8639.64254043158,4.22,False,False,False,7deaeb5f79352cadcba43acf969094af33a08a51cb269d4b66e7ab28c2078396,
it__IT.MidClim.SFH.08.Gen.ReEx.001.001__f050,IT.MidClim.SFH.08.Gen.ReEx.001.001,it,0.5,3,ATTEMPTED,True,COMPLETED,0,0,0,8639.64254043158,4.256,False,False,False,a6e0ad592f07f08bf8aa2f4405fe7b80378af282ddb20f877d7e50fc540c0148,
it__IT.MidClim.SFH.08.Gen.ReEx.001.001__f100,IT.MidClim.SFH.08.Gen.ReEx.001.001,it,1.0,1,ATTEMPTED,True,COMPLETED,0,0,0,8663.062436426047,4.204,False,False,False,e2d378547334c1322d1db4d53867f92bf5ed853efc1415624112874e838f5e20,
it__IT.MidClim.SFH.08.Gen.ReEx.001.001__f100,IT.MidClim.SFH.08.Gen.ReEx.001.001,it,1.0,2,ATTEMPTED,True,COMPLETED,0,0,0,8663.062436426047,4.28,False,False,False,93904bdbdf9c5502cafbc2d906ec89c9fb02a8fb69f8f7a5a080f7b42e97e8f8,
it__IT.MidClim.SFH.08.Gen.ReEx.001.001__f100,IT.MidClim.SFH.08.Gen.ReEx.001.001,it,1.0,3,ATTEMPTED,True,COMPLETED,0,0,0,8663.062436426047,4.258,False,False,False,8a95211091cd5bab5a13c5252d167b16df917ed9530fb900f0b3b9df02bf2b46,
it__IT.MidClim.TH.01.Gen.ReEx.001.001__f000,IT.MidClim.TH.01.Gen.ReEx.001.001,it,0.0,1,ATTEMPTED,True,COMPLETED,0,0,0,15590.416645677797,4.131,False,False,False,f3cc9f1f927e0b26f0b7b5d8bf36661249961521c3ae777510fda6c4ae29092f,
it__IT.MidClim.TH.01.Gen.ReEx.001.001__f000,IT.MidClim.TH.01.Gen.ReEx.001.001,it,0.0,2,ATTEMPTED,True,COMPLETED,0,0,0,15590.416645677797,4.0,False,False,False,33aab4db7d039e1ba2eeef56fd46638550ca74bc72244c57519cc1a2b2431fbc,
it__IT.MidClim.TH.01.Gen.ReEx.001.001__f000,IT.MidClim.TH.01.Gen.ReEx.001.001,it,0.0,3,ATTEMPTED,True,COMPLETED,0,0,0,15590.416645677797,4.089,False,False,False,c32eba714705e23338dd400888b03fc3a4369afd567fcb9623a4a7a0813012aa,
it__IT.MidClim.TH.01.Gen.ReEx.001.001__f015,IT.MidClim.TH.01.Gen.ReEx.001.001,it,0.15,1,ATTEMPTED,True,COMPLETED,0,0,0,15584.55631829376,3.981,False,False,False,bde94ab4f0f3fe6cd0ce6f481d928db821b3569ed6b2069d4a830655552e4945,
it__IT.MidClim.TH.01.Gen.ReEx.001.001__f015,IT.MidClim.TH.01.Gen.ReEx.001.001,it,0.15,2,ATTEMPTED,True,COMPLETED,0,0,0,15584.55631829376,4.109,False,False,False,6de87df28669d40e80e0361d091eb7e251276729d055c0ca5c31c6baf6d80900,
it__IT.MidClim.TH.01.Gen.ReEx.001.001__f015,IT.MidClim.TH.01.Gen.ReEx.001.001,it,0.15,3,ATTEMPTED,True,COMPLETED,0,0,0,15584.55631829376,4.046,False,False,False,5d6b2f28f2d1e326a0e77ba0007877b92702bce00448eac96a7a5d380169d7b1,
it__IT.MidClim.TH.01.Gen.ReEx.001.001__f030,IT.MidClim.TH.01.Gen.ReEx.001.001,it,0.3,1,ATTEMPTED,True,COMPLETED,0,0,0,15578.901594588273,4.012,False,False,False,c8a821e08f57a50d15c4fbf2788272f9d854469043a00a23ef58ee9bba3d2432,
it__IT.MidClim.TH.01.Gen.ReEx.001.001__f030,IT.MidClim.TH.01.Gen.ReEx.001.001,it,0.3,2,ATTEMPTED,True,COMPLETED,0,0,0,15578.901594588273,4.062,False,False,False,bf8158e697aa102bbb7b936442a8223913a695ca2f72420363ddb0b19a01fdf6,
it__IT.MidClim.TH.01.Gen.ReEx.001.001__f030,IT.MidClim.TH.01.Gen.ReEx.001.001,it,0.3,3,ATTEMPTED,True,COMPLETED,0,0,0,15578.901594588273,3.978,False,False,False,9cf5613796d449d2db0ec74d3580d68af435d1220b124fba93a8b0fb4fc688c6,
it__IT.MidClim.TH.01.Gen.ReEx.001.001__f050,IT.MidClim.TH.01.Gen.ReEx.001.001,it,0.5,1,ATTEMPTED,True,COMPLETED,0,0,0,15571.677906837538,4.036,False,False,False,bad9fb98228c58363dbc37f2e7b835fa569aaa93c18845eec29a702e2dfbd14d,
it__IT.MidClim.TH.01.Gen.ReEx.001.001__f050,IT.MidClim.TH.01.Gen.ReEx.001.001,it,0.5,2,ATTEMPTED,True,COMPLETED,0,0,0,15571.677906837538,3.991,False,False,False,ced46e04b40ca4150cf7eb26d4dd176fa56ec11ae6cbcf56c94bc35dfe552525,
it__IT.MidClim.TH.01.Gen.ReEx.001.001__f050,IT.MidClim.TH.01.Gen.ReEx.001.001,it,0.5,3,ATTEMPTED,True,COMPLETED,0,0,0,15571.677906837538,3.979,False,False,False,c03e8f2d7c49be72e0ef8d7c20d78e0502477e4a32e97a9061d4801b8fce0400,
it__IT.MidClim.TH.01.Gen.ReEx.001.001__f100,IT.MidClim.TH.01.Gen.ReEx.001.001,it,1.0,1,ATTEMPTED,True,COMPLETED,0,0,0,15555.367610793828,3.932,False,False,False,8d8d7b6c801e85e84a66ea53762d4b151b11b006081c15ac50b79a9b5198b591,
it__IT.MidClim.TH.01.Gen.ReEx.001.001__f100,IT.MidClim.TH.01.Gen.ReEx.001.001,it,1.0,2,ATTEMPTED,True,COMPLETED,0,0,0,15555.367610793828,4.018,False,False,False,e7707c0da44bf49ea6437a24b97b487208c7b1b9241f3bbe1aad9813c33b31ef,
it__IT.MidClim.TH.01.Gen.ReEx.001.001__f100,IT.MidClim.TH.01.Gen.ReEx.001.001,it,1.0,3,ATTEMPTED,True,COMPLETED,0,0,0,15555.367610793828,4.064,False,False,False,f62e4edf855c1dc01a5348463c75e1f9b17d92f5c1c2beda740b321e8e350494,
it__IT.MidClim.TH.02.Gen.ReEx.001.001__f000,IT.MidClim.TH.02.Gen.ReEx.001.001,it,0.0,1,ATTEMPTED,False,ENGINE_FAILED,1,29,1,None,2.694,False,True,False,ba1c8204d514f9738beb8cabcc13b910aa6636ec6fc87e940979ee2e1893b3d1,
it__IT.MidClim.TH.02.Gen.ReEx.001.001__f000,IT.MidClim.TH.02.Gen.ReEx.001.001,it,0.0,2,ATTEMPTED,True,COMPLETED,0,0,0,16050.998259276475,4.138,False,False,False,23d83695ea239e0d6b31e51ec7083c2ef62deaeffbb240d43ac57502c4e90206,
it__IT.MidClim.TH.02.Gen.ReEx.001.001__f000,IT.MidClim.TH.02.Gen.ReEx.001.001,it,0.0,3,ATTEMPTED,True,COMPLETED,0,0,0,16050.998259276475,4.163,False,False,False,26628075b83b6352aa8225d9f6363173bb0479875c0a16d729a436e1caae428e,
it__IT.MidClim.TH.02.Gen.ReEx.001.001__f015,IT.MidClim.TH.02.Gen.ReEx.001.001,it,0.15,1,ATTEMPTED,True,COMPLETED,0,0,0,16040.199211562543,4.115,False,False,False,011e4790c8c56241e87982dd19a536d2220c954c5fa8670122bacfba33cc9749,
it__IT.MidClim.TH.02.Gen.ReEx.001.001__f015,IT.MidClim.TH.02.Gen.ReEx.001.001,it,0.15,2,ATTEMPTED,True,COMPLETED,0,0,0,16040.199211562543,3.998,False,False,False,e2c1c743a53da1a2971970399866b3a38b81518cc5c252c958dcc2bb84c8a196,
it__IT.MidClim.TH.02.Gen.ReEx.001.001__f015,IT.MidClim.TH.02.Gen.ReEx.001.001,it,0.15,3,ATTEMPTED,True,COMPLETED,0,0,0,16040.199211562543,4.105,False,False,False,20cb36c3fc736154bf9368931b8feedd29cf6d498cd777f6c92305c20654a3de,
it__IT.MidClim.TH.02.Gen.ReEx.001.001__f030,IT.MidClim.TH.02.Gen.ReEx.001.001,it,0.3,1,ATTEMPTED,True,COMPLETED,0,0,0,16030.291907465227,4.045,False,False,False,7645a4109823a9a4263ed856511049c220bde375c036d4c50804e6d912acb23f,
it__IT.MidClim.TH.02.Gen.ReEx.001.001__f030,IT.MidClim.TH.02.Gen.ReEx.001.001,it,0.3,2,ATTEMPTED,True,COMPLETED,0,0,0,16030.291907465227,3.985,False,False,False,53e9c1597bfc806748cd7a96bace1b19a2090a0dd7041cd81ebfc227306cf85a,
it__IT.MidClim.TH.02.Gen.ReEx.001.001__f030,IT.MidClim.TH.02.Gen.ReEx.001.001,it,0.3,3,ATTEMPTED,True,COMPLETED,0,0,0,15932.07079831564,4.177,False,False,False,499e78eb8f16df4b93de9e586a7f03ecee670d213427511e7268bcd4d648436a,
it__IT.MidClim.TH.02.Gen.ReEx.001.001__f050,IT.MidClim.TH.02.Gen.ReEx.001.001,it,0.5,1,ATTEMPTED,True,COMPLETED,0,0,0,16018.549486007172,4.026,False,False,False,9f000b5fb532cc510bf3af690ef22e01d40deef542178ae1e386e67b82349ff7,
it__IT.MidClim.TH.02.Gen.ReEx.001.001__f050,IT.MidClim.TH.02.Gen.ReEx.001.001,it,0.5,2,ATTEMPTED,True,COMPLETED,0,0,0,16018.549486007172,3.974,False,False,False,fea546e5cc88a9edddda511744c5b50d918edc7d9a7faa9f7589e8dae1470c85,
it__IT.MidClim.TH.02.Gen.ReEx.001.001__f050,IT.MidClim.TH.02.Gen.ReEx.001.001,it,0.5,3,ATTEMPTED,True,COMPLETED,0,0,0,16018.549486007172,4.089,False,False,False,9d2cdbe881a9393fab3031feeaa186daa58edacc419931179eeadab142df7663,
it__IT.MidClim.TH.02.Gen.ReEx.001.001__f100,IT.MidClim.TH.02.Gen.ReEx.001.001,it,1.0,1,ATTEMPTED,True,COMPLETED,0,0,0,15996.203122823856,4.013,False,False,False,64b03fc7e3fd8e170c75b53017e236bd1e9ac5b1b68ae58265f3d9eed38e04f9,
it__IT.MidClim.TH.02.Gen.ReEx.001.001__f100,IT.MidClim.TH.02.Gen.ReEx.001.001,it,1.0,2,ATTEMPTED,True,COMPLETED,0,0,0,15996.203122823856,3.998,False,False,False,6341bce17e99d0a2561fb16635ec5457e77abaa4c16c07cb8f3c347c11116ac5,
it__IT.MidClim.TH.02.Gen.ReEx.001.001__f100,IT.MidClim.TH.02.Gen.ReEx.001.001,it,1.0,3,ATTEMPTED,True,COMPLETED,0,0,0,15996.203122823856,4.006,False,False,False,945c5cfa4e9c55bb3d2a44e517f062678649105f2fbdfbe16445d6b4fdd6ba74,
it__IT.MidClim.TH.03.Gen.ReEx.001.001__f000,IT.MidClim.TH.03.Gen.ReEx.001.001,it,0.0,1,ATTEMPTED,False,ENGINE_FAILED,1,29,1,None,2.635,False,True,False,88d9355e205b79790fe5943ed5f9e135909d9835dca4ce6058bc79c4bdd5a91a,
it__IT.MidClim.TH.03.Gen.ReEx.001.001__f000,IT.MidClim.TH.03.Gen.ReEx.001.001,it,0.0,2,ATTEMPTED,True,COMPLETED,0,0,0,13033.882302845885,3.923,False,False,False,5b25ec6e9ad9220260fbb1c50eb13f467a6b1ff8584cc40d9ac1dd1b5b3358e3,
it__IT.MidClim.TH.03.Gen.ReEx.001.001__f000,IT.MidClim.TH.03.Gen.ReEx.001.001,it,0.0,3,ATTEMPTED,True,COMPLETED,0,0,0,13033.882302845885,3.957,False,False,False,05c029852153d275e3838bb75ffaf78a3fae792ea951ec1c5557e18c904287c1,
it__IT.MidClim.TH.03.Gen.ReEx.001.001__f015,IT.MidClim.TH.03.Gen.ReEx.001.001,it,0.15,1,ATTEMPTED,True,COMPLETED,0,0,0,13024.876615541456,4.009,False,False,False,74e8332722ad5a9bc137fc35261ca5794b4f8e37caf52623f4f724c8cf8fd327,
it__IT.MidClim.TH.03.Gen.ReEx.001.001__f015,IT.MidClim.TH.03.Gen.ReEx.001.001,it,0.15,2,ATTEMPTED,True,COMPLETED,0,0,0,13024.876615541456,4.031,False,False,False,7bc6e5e1c6eb2e8c4b17fbc70b7c5c945caa3e6aaa3a8ce1a9be6ddd1e32a499,
it__IT.MidClim.TH.03.Gen.ReEx.001.001__f015,IT.MidClim.TH.03.Gen.ReEx.001.001,it,0.15,3,ATTEMPTED,True,COMPLETED,0,0,0,13024.876615541456,4.043,False,False,False,29f60a2d6f354b25245b231a009320d2d9a99753029745e34700780bdd24334a,
it__IT.MidClim.TH.03.Gen.ReEx.001.001__f030,IT.MidClim.TH.03.Gen.ReEx.001.001,it,0.3,1,ATTEMPTED,True,COMPLETED,0,0,0,13016.33648351056,3.997,False,False,False,dc8e11c98d4e9f9458aa0191320702db95f2b842a32c7b2fd05071fd2f735dfa,
it__IT.MidClim.TH.03.Gen.ReEx.001.001__f030,IT.MidClim.TH.03.Gen.ReEx.001.001,it,0.3,2,ATTEMPTED,True,COMPLETED,0,0,0,13016.33648351056,4.005,False,False,False,7b2e142a19479a66928911cb24161ab1643330d5a758d9f62c42f04e413e2d71,
it__IT.MidClim.TH.03.Gen.ReEx.001.001__f030,IT.MidClim.TH.03.Gen.ReEx.001.001,it,0.3,3,ATTEMPTED,True,COMPLETED,0,0,0,13016.33648351056,3.947,False,False,False,7cda03033d7a8e6734a4d65c20247a3243e0bc76e00aed043f9febe84f9c1180,
it__IT.MidClim.TH.03.Gen.ReEx.001.001__f050,IT.MidClim.TH.03.Gen.ReEx.001.001,it,0.5,1,ATTEMPTED,True,COMPLETED,0,0,0,13005.713598808983,4.031,False,False,False,449b527d3c85bd025bbd79bafb22ae5f4f89ab452dd1f5eb52560f82759c559b,
it__IT.MidClim.TH.03.Gen.ReEx.001.001__f050,IT.MidClim.TH.03.Gen.ReEx.001.001,it,0.5,2,ATTEMPTED,True,COMPLETED,0,0,0,13005.713598808983,4.038,False,False,False,51fd8bdcbe80b9a3bb4e2500704dda2aef45171e2bf487cc481a8f4e21b89d6f,
it__IT.MidClim.TH.03.Gen.ReEx.001.001__f050,IT.MidClim.TH.03.Gen.ReEx.001.001,it,0.5,3,ATTEMPTED,True,COMPLETED,0,0,0,13005.713598808983,3.987,False,False,False,fedf276ac84722102d44c5e1b6e1705751c4df2a32fb08781ae90caffbad3947,
it__IT.MidClim.TH.03.Gen.ReEx.001.001__f100,IT.MidClim.TH.03.Gen.ReEx.001.001,it,1.0,1,ATTEMPTED,True,COMPLETED,0,0,0,12983.758807014596,3.941,False,False,False,c9518559224ba6d6ef6f4a6eb7d74f100ebd817497aef25ff5abf297a5d7499b,
it__IT.MidClim.TH.03.Gen.ReEx.001.001__f100,IT.MidClim.TH.03.Gen.ReEx.001.001,it,1.0,2,ATTEMPTED,True,COMPLETED,0,0,0,12983.758807014596,4.057,False,False,False,f62a431c68ce7b0daeaa2eb83d507031c822e0e59c6f944198e2c7d5766dd3f9,
it__IT.MidClim.TH.03.Gen.ReEx.001.001__f100,IT.MidClim.TH.03.Gen.ReEx.001.001,it,1.0,3,ATTEMPTED,True,COMPLETED,0,0,0,12983.758807014596,4.032,False,False,False,0c5daffbf5ba536d1f6da2a15528908f1f9196244076ff27ffebd2d933763e61,
it__IT.MidClim.TH.04.Gen.ReEx.001.001__f000,IT.MidClim.TH.04.Gen.ReEx.001.001,it,0.0,1,ATTEMPTED,True,COMPLETED,0,0,0,12542.593328779103,4.001,False,False,False,e792d4535c3798b7053c716af27b9dddd8972c37c784147e62f492eabd9f8569,
it__IT.MidClim.TH.04.Gen.ReEx.001.001__f000,IT.MidClim.TH.04.Gen.ReEx.001.001,it,0.0,2,ATTEMPTED,True,COMPLETED,0,0,0,12542.593328779103,4.294,False,False,False,18e0f3095453c09b46006ce30d2a6ae0f7b6ae966662d32404d4b40a9f8c295c,
it__IT.MidClim.TH.04.Gen.ReEx.001.001__f000,IT.MidClim.TH.04.Gen.ReEx.001.001,it,0.0,3,ATTEMPTED,True,COMPLETED,0,0,0,12542.593328779103,4.097,False,False,False,2854f870b281965c00fe002106b9f1d7ab5da978a387de415f4a545b2cd60b45,
it__IT.MidClim.TH.04.Gen.ReEx.001.001__f015,IT.MidClim.TH.04.Gen.ReEx.001.001,it,0.15,1,ATTEMPTED,True,COMPLETED,0,0,0,12540.272152145426,4.044,False,False,False,33ebb5779505f03824e62a28689ef4290f9ea7a07597a8cd8a169a56ef27979c,
it__IT.MidClim.TH.04.Gen.ReEx.001.001__f015,IT.MidClim.TH.04.Gen.ReEx.001.001,it,0.15,2,ATTEMPTED,True,COMPLETED,0,0,0,12540.272152145426,4.026,False,False,False,e248312f48a67eb5651419e058ce14985dc682dcdf8d323822245a97ee235b6e,
it__IT.MidClim.TH.04.Gen.ReEx.001.001__f015,IT.MidClim.TH.04.Gen.ReEx.001.001,it,0.15,3,ATTEMPTED,True,COMPLETED,0,0,0,12540.272152145426,4.032,False,False,False,3d7fa0077724c29b1307d396e2839c509ce97f324515184dae1c3e3af93806e3,
it__IT.MidClim.TH.04.Gen.ReEx.001.001__f030,IT.MidClim.TH.04.Gen.ReEx.001.001,it,0.3,1,ATTEMPTED,True,COMPLETED,0,0,0,12538.09533560977,3.987,False,False,False,21f6b29dd349fedce581cdc836e71c341567df52d77a9b9c3444bf0bfb5919bf,
it__IT.MidClim.TH.04.Gen.ReEx.001.001__f030,IT.MidClim.TH.04.Gen.ReEx.001.001,it,0.3,2,ATTEMPTED,True,COMPLETED,0,0,0,12538.09533560977,4.044,False,False,False,bef49398f8a7ccd534bc37aa0b7478f073e55327b917a71d557eb7b80bbfafc3,
it__IT.MidClim.TH.04.Gen.ReEx.001.001__f030,IT.MidClim.TH.04.Gen.ReEx.001.001,it,0.3,3,ATTEMPTED,True,COMPLETED,0,0,0,12538.09533560977,4.022,False,False,False,b80af8c94dc88f77681af0fe5c4362e8da84b83591800dca39a3d235ee4d2ba6,
it__IT.MidClim.TH.04.Gen.ReEx.001.001__f050,IT.MidClim.TH.04.Gen.ReEx.001.001,it,0.5,1,ATTEMPTED,True,COMPLETED,0,0,0,12535.416888437025,4.0,False,False,False,1fc4608d476a28f0d442516a4ab4ed90d59d2c490be556133f8b3d6410a9aa55,
it__IT.MidClim.TH.04.Gen.ReEx.001.001__f050,IT.MidClim.TH.04.Gen.ReEx.001.001,it,0.5,2,ATTEMPTED,True,COMPLETED,0,0,0,12535.416888437025,4.046,False,False,False,6e36ba043f230ed52d2c3c4c3c014c66d318580e86146299549df0fbf8bbe967,
it__IT.MidClim.TH.04.Gen.ReEx.001.001__f050,IT.MidClim.TH.04.Gen.ReEx.001.001,it,0.5,3,ATTEMPTED,True,COMPLETED,0,0,0,12535.416888437025,4.097,False,False,False,b48d2e84b2da0eab7757df10930dae6a72d2f1925b5937918fbc6b39b90d90c2,
it__IT.MidClim.TH.04.Gen.ReEx.001.001__f100,IT.MidClim.TH.04.Gen.ReEx.001.001,it,1.0,1,ATTEMPTED,True,COMPLETED,0,0,0,12529.9501600749,4.037,False,False,False,14fb5f74b9a371edd052fc3fde2f23db0d7fe1a201bc45130f50f32683fc8c13,
it__IT.MidClim.TH.04.Gen.ReEx.001.001__f100,IT.MidClim.TH.04.Gen.ReEx.001.001,it,1.0,2,ATTEMPTED,True,COMPLETED,0,0,0,12529.9501600749,4.113,False,False,False,1e05cf9d75e01e9a32907b7d4dcc3ba5216ba53dd5b0a95f0e1aa3fbd8b70693,
it__IT.MidClim.TH.04.Gen.ReEx.001.001__f100,IT.MidClim.TH.04.Gen.ReEx.001.001,it,1.0,3,ATTEMPTED,True,COMPLETED,0,0,0,12529.9501600749,4.043,False,False,False,534ac8561373ec06832a52b47e9ee05d90b7ab9fed4cc19cdc0b1176e0f43975,
it__IT.MidClim.TH.05.Gen.ReEx.001.001__f000,IT.MidClim.TH.05.Gen.ReEx.001.001,it,0.0,1,ATTEMPTED,True,COMPLETED,0,0,0,12435.985908221104,4.081,False,False,False,ff723ea451cf83700cf177ee9e417c91893028d9bf0057c695b25c939fdb2ccb,
it__IT.MidClim.TH.05.Gen.ReEx.001.001__f000,IT.MidClim.TH.05.Gen.ReEx.001.001,it,0.0,2,ATTEMPTED,True,COMPLETED,0,0,0,12435.985908221104,3.968,False,False,False,dca1aab7ca905267d7e598f58538aed2093fe3eb26df6dc1220c46e453aa2eca,
it__IT.MidClim.TH.05.Gen.ReEx.001.001__f000,IT.MidClim.TH.05.Gen.ReEx.001.001,it,0.0,3,ATTEMPTED,True,COMPLETED,0,0,0,12435.985908221104,3.978,False,False,False,ba9ad8883c5ca5e56a468a0916e6da47717f103b9809aeef175609eaadf01d5e,
it__IT.MidClim.TH.05.Gen.ReEx.001.001__f015,IT.MidClim.TH.05.Gen.ReEx.001.001,it,0.15,1,ATTEMPTED,True,COMPLETED,0,0,0,12427.601890060814,3.95,False,False,False,dbd9792d80600fd31b0bc6a16fc670ce166499828f3eee6def7a0779b1c3f416,
it__IT.MidClim.TH.05.Gen.ReEx.001.001__f015,IT.MidClim.TH.05.Gen.ReEx.001.001,it,0.15,2,ATTEMPTED,True,COMPLETED,0,0,0,12427.601890060814,3.944,False,False,False,7409b8a4dd19a05fedc41c16bcf9267ebbc10d28b023068e95dc0a32d21d7b99,
it__IT.MidClim.TH.05.Gen.ReEx.001.001__f015,IT.MidClim.TH.05.Gen.ReEx.001.001,it,0.15,3,ATTEMPTED,True,COMPLETED,0,0,0,12427.601890060814,4.024,False,False,False,23050851df9cab39b4cc4d5949df01dbcf4f158644bcb7a657f5a13c08ddf978,
it__IT.MidClim.TH.05.Gen.ReEx.001.001__f030,IT.MidClim.TH.05.Gen.ReEx.001.001,it,0.3,1,ATTEMPTED,True,COMPLETED,0,0,0,12419.62875242038,4.012,False,False,False,5c7c86ae5c674f8990ad8539c2bec11dfd50533c34ddf590fdb5a68ea387b3a9,
it__IT.MidClim.TH.05.Gen.ReEx.001.001__f030,IT.MidClim.TH.05.Gen.ReEx.001.001,it,0.3,2,ATTEMPTED,True,COMPLETED,0,0,0,12419.62875242038,3.962,False,False,False,7c288098563d2d7e27bc9e57c4eedd7cabbec7ab51c691b29b53593dea0da377,
it__IT.MidClim.TH.05.Gen.ReEx.001.001__f030,IT.MidClim.TH.05.Gen.ReEx.001.001,it,0.3,3,ATTEMPTED,True,COMPLETED,0,0,0,12419.62875242038,4.077,False,False,False,1e3c9c586f0b01fa687bc323c85fd0926c1f932de7f62696f3789131d30f57b6,
it__IT.MidClim.TH.05.Gen.ReEx.001.001__f050,IT.MidClim.TH.05.Gen.ReEx.001.001,it,0.5,1,ATTEMPTED,True,COMPLETED,0,0,0,12409.639760386597,3.978,False,False,False,1d419dce3c86e72507c46789a9de1261b4b24a8a6f1f0e4dfd4133fd6f7f6f0f,
it__IT.MidClim.TH.05.Gen.ReEx.001.001__f050,IT.MidClim.TH.05.Gen.ReEx.001.001,it,0.5,2,ATTEMPTED,True,COMPLETED,0,0,0,12409.639760386597,4.038,False,False,False,49d27f5fb3d12c082216642ef63e89fe2251cdb63a16688dbcb2f68301feac03,
it__IT.MidClim.TH.05.Gen.ReEx.001.001__f050,IT.MidClim.TH.05.Gen.ReEx.001.001,it,0.5,3,ATTEMPTED,True,COMPLETED,0,0,0,12409.639760386597,4.118,False,False,False,249415d2adc22ba68a17e868e2e61788d6caff6ec6c40c2cf1227700ba9d4539,
it__IT.MidClim.TH.05.Gen.ReEx.001.001__f100,IT.MidClim.TH.05.Gen.ReEx.001.001,it,1.0,1,ATTEMPTED,True,COMPLETED,0,0,0,12388.520672653187,4.097,False,False,False,eb0a99b3172fc4b7e76563441c7dfa558f5896c4293ddfbc7e1fa852f8192c67,
it__IT.MidClim.TH.05.Gen.ReEx.001.001__f100,IT.MidClim.TH.05.Gen.ReEx.001.001,it,1.0,2,ATTEMPTED,True,COMPLETED,0,0,0,12388.520672653187,4.005,False,False,False,45f2ab2c4b1e5a475c21c50c792727da58f876c5d594b9dc69bc50938e8fb277,
it__IT.MidClim.TH.05.Gen.ReEx.001.001__f100,IT.MidClim.TH.05.Gen.ReEx.001.001,it,1.0,3,ATTEMPTED,True,COMPLETED,0,0,0,12388.520672653187,4.354,False,False,False,353b9c3dc6d374cdbd8dc0937f43218fc458d94ec1668347355278aea9602b84,
it__IT.MidClim.TH.06.Gen.ReEx.001.001__f000,IT.MidClim.TH.06.Gen.ReEx.001.001,it,0.0,1,ATTEMPTED,False,ENGINE_FAILED,1,33,1,None,2.849,False,True,False,5f24412596be50ef527c7702e34e3fd303eb0a3d065167550ea282601f1d8672,
it__IT.MidClim.TH.06.Gen.ReEx.001.001__f000,IT.MidClim.TH.06.Gen.ReEx.001.001,it,0.0,2,ATTEMPTED,True,COMPLETED,0,0,0,10490.553884478972,4.555,False,False,False,ef98816be6060594e52de0ba406ffc7174f407d6d0e9c8125d41b5ddfe8f9f68,
it__IT.MidClim.TH.06.Gen.ReEx.001.001__f000,IT.MidClim.TH.06.Gen.ReEx.001.001,it,0.0,3,ATTEMPTED,False,ENGINE_FAILED,1,33,1,None,2.731,False,True,False,fe19df4de1ff9f262fec71d6654b02eb3915f8f3649365dbdcf308cce9da8050,
it__IT.MidClim.TH.06.Gen.ReEx.001.001__f015,IT.MidClim.TH.06.Gen.ReEx.001.001,it,0.15,1,ATTEMPTED,True,COMPLETED,0,0,0,11995.196293643015,5.112,False,False,False,393bff02a1cf53c6a23f43a8140c5d6ce6d2b6713c632673cb3addf745368d2e,
it__IT.MidClim.TH.06.Gen.ReEx.001.001__f015,IT.MidClim.TH.06.Gen.ReEx.001.001,it,0.15,2,ATTEMPTED,True,COMPLETED,0,0,0,9427.116668502598,4.45,False,False,False,16ce5907b95de69da75387e40dd08f08b0ee9583de1dfb09cd45b3b9e0dffd7f,
it__IT.MidClim.TH.06.Gen.ReEx.001.001__f015,IT.MidClim.TH.06.Gen.ReEx.001.001,it,0.15,3,ATTEMPTED,True,COMPLETED,0,0,0,9427.116668502598,4.684,False,False,False,3501f31a69b9c0e1cddc31a767bc6ebbeccac91418f6ba5e550ea554d300c09c,
it__IT.MidClim.TH.06.Gen.ReEx.001.001__f030,IT.MidClim.TH.06.Gen.ReEx.001.001,it,0.3,1,ATTEMPTED,True,COMPLETED,0,0,0,10059.81784445536,4.483,False,False,False,f5973ed722f570b689fd8a113dd91a0263a4dae1e20cb3b5a52ea7eaeedc9b5f,
it__IT.MidClim.TH.06.Gen.ReEx.001.001__f030,IT.MidClim.TH.06.Gen.ReEx.001.001,it,0.3,2,ATTEMPTED,True,COMPLETED,0,0,0,9419.620034385372,4.495,False,False,False,72814d7a1d955c68d33ccb18b6a36b6ec989d21ecaf4fc90ca77c2e12636b017,
it__IT.MidClim.TH.06.Gen.ReEx.001.001__f030,IT.MidClim.TH.06.Gen.ReEx.001.001,it,0.3,3,ATTEMPTED,True,COMPLETED,0,0,0,10059.81784445536,4.411,False,False,False,81be3899ca9f142724224d832635fbb8e956f22591e5fcaddc387d8efffe8de0,
it__IT.MidClim.TH.06.Gen.ReEx.001.001__f050,IT.MidClim.TH.06.Gen.ReEx.001.001,it,0.5,1,ATTEMPTED,True,COMPLETED,0,0,0,11824.146893652529,4.471,False,False,False,495c78f519b375c7e9eb83ec562de5b3c000743fd44cabc2a1568db5f34d7c53,
it__IT.MidClim.TH.06.Gen.ReEx.001.001__f050,IT.MidClim.TH.06.Gen.ReEx.001.001,it,0.5,2,ATTEMPTED,False,ENGINE_FAILED,1,1,1,None,0.53,False,False,False,487a8e98414fa74c0062427b579d67ec47589d79611af33bcef3b97f0ad10dc8,
it__IT.MidClim.TH.06.Gen.ReEx.001.001__f050,IT.MidClim.TH.06.Gen.ReEx.001.001,it,0.5,3,ATTEMPTED,True,COMPLETED,0,0,0,9287.389173440544,4.586,False,False,False,ed49b6cdfc41e553de2d5607801ca385405be309322a4b8698b62a2332cd1ec7,
it__IT.MidClim.TH.06.Gen.ReEx.001.001__f100,IT.MidClim.TH.06.Gen.ReEx.001.001,it,1.0,1,ATTEMPTED,True,COMPLETED,0,0,0,11964.26701563442,4.423,False,False,False,5d8230fd7e4d6fa38177bc31d740ab2a1297b50349d1911b57d84cb9cbdb4e43,
it__IT.MidClim.TH.06.Gen.ReEx.001.001__f100,IT.MidClim.TH.06.Gen.ReEx.001.001,it,1.0,2,ATTEMPTED,False,ENGINE_FAILED,1,29,1,None,2.842,False,True,False,afa214665f11c2a0ef7027d709dc3735bcd82729e1e6a3c44f7c33f12db5034e,
it__IT.MidClim.TH.06.Gen.ReEx.001.001__f100,IT.MidClim.TH.06.Gen.ReEx.001.001,it,1.0,3,ATTEMPTED,False,ENGINE_FAILED,1,1,1,None,0.574,False,False,False,6a18adaf8ab6b567daa569ab685e6f714522cc77ce7a069f6d5af9a1ae9d9c47,
it__IT.MidClim.TH.07.Gen.ReEx.001.001__f000,IT.MidClim.TH.07.Gen.ReEx.001.001,it,0.0,1,ATTEMPTED,True,COMPLETED,0,0,0,8115.396260219351,4.586,False,False,False,6b601e38abf792181ce1a6ac8807f7dd5634ea20eb3a4ae8d8b0551495a66af2,
it__IT.MidClim.TH.07.Gen.ReEx.001.001__f000,IT.MidClim.TH.07.Gen.ReEx.001.001,it,0.0,2,ATTEMPTED,False,ENGINE_FAILED,1,31,1,None,3.197,False,True,False,5386789c3493f406ee94ef95ed4c4eaed5fe0f707bf9ecebe2516eb9490a5821,
it__IT.MidClim.TH.07.Gen.ReEx.001.001__f000,IT.MidClim.TH.07.Gen.ReEx.001.001,it,0.0,3,ATTEMPTED,True,COMPLETED,0,0,0,9870.19193820385,4.51,False,False,False,cafbda975d08b9851fab4883e7d111dc690fc21e5667b6b5705ef5b382a9fd75,
it__IT.MidClim.TH.07.Gen.ReEx.001.001__f015,IT.MidClim.TH.07.Gen.ReEx.001.001,it,0.15,1,ATTEMPTED,True,COMPLETED,0,0,0,7263.120555678882,4.702,False,False,False,d28ecf41d6a48c77a30112ab1beb48f35a0d8dd58b8206b91c58fdbb2552960f,
it__IT.MidClim.TH.07.Gen.ReEx.001.001__f015,IT.MidClim.TH.07.Gen.ReEx.001.001,it,0.15,2,ATTEMPTED,True,COMPLETED,0,0,0,8391.356850142354,4.565,False,False,False,8e8a3fcc6b3c2df35f8dea19005f2022244dd55e9f09f6d5e9158c555b77638d,
it__IT.MidClim.TH.07.Gen.ReEx.001.001__f015,IT.MidClim.TH.07.Gen.ReEx.001.001,it,0.15,3,ATTEMPTED,True,COMPLETED,0,0,0,7391.020053841219,4.59,False,False,False,eb10747a3028fc9d180a017b8cccd532e265cab494281dab286ed09d631efa77,
it__IT.MidClim.TH.07.Gen.ReEx.001.001__f030,IT.MidClim.TH.07.Gen.ReEx.001.001,it,0.3,1,ATTEMPTED,False,ENGINE_FAILED,1,33,1,None,3.08,False,True,False,f8d7e93a3656e3595fc0005a12f7e4f2743387f2755d3db8383f5cb09afb6168,
it__IT.MidClim.TH.07.Gen.ReEx.001.001__f030,IT.MidClim.TH.07.Gen.ReEx.001.001,it,0.3,2,ATTEMPTED,True,COMPLETED,0,0,0,6390.568382892152,4.505,False,False,False,8875173d7b6bb9e75da2ce173100f6050f73f82d1405264a0db8cb51d90802e1,
it__IT.MidClim.TH.07.Gen.ReEx.001.001__f030,IT.MidClim.TH.07.Gen.ReEx.001.001,it,0.3,3,ATTEMPTED,False,ENGINE_FAILED,1,1,1,None,0.607,False,False,False,8593308e0af933ede3f99e53d2cef557f7d3bf4758265fdfde934560d433e6c9,
it__IT.MidClim.TH.07.Gen.ReEx.001.001__f050,IT.MidClim.TH.07.Gen.ReEx.001.001,it,0.5,1,ATTEMPTED,False,ENGINE_FAILED,1,1,1,None,0.551,False,False,False,65553b660dbcbcb0c7c0c3d47c275897e2d44b39a1f0094b680ceec952860f99,
it__IT.MidClim.TH.07.Gen.ReEx.001.001__f050,IT.MidClim.TH.07.Gen.ReEx.001.001,it,0.5,2,ATTEMPTED,False,ENGINE_FAILED,1,1,1,None,0.545,False,False,False,441be6cf90cdb1a52b4907f911d520e095ee24f6f2d59fe01b6fd1c6c106d116,
it__IT.MidClim.TH.07.Gen.ReEx.001.001__f050,IT.MidClim.TH.07.Gen.ReEx.001.001,it,0.5,3,ATTEMPTED,True,COMPLETED,0,0,0,7249.724762516042,4.345,False,False,False,b53c17fb15ad07d388f338f2aaca184bdf8b44f95eaa719bfdebd942ba432c85,
it__IT.MidClim.TH.07.Gen.ReEx.001.001__f100,IT.MidClim.TH.07.Gen.ReEx.001.001,it,1.0,1,ATTEMPTED,True,COMPLETED,0,0,0,7231.971660334205,4.338,False,False,False,d44d6c96c725e98c19d19eb0aae8875cd51a6d5a42ffcdc9ebd0382ed06aba7d,
it__IT.MidClim.TH.07.Gen.ReEx.001.001__f100,IT.MidClim.TH.07.Gen.ReEx.001.001,it,1.0,2,ATTEMPTED,True,COMPLETED,0,0,0,7231.971660334205,4.427,False,False,False,570d35b037fa63e1ee770f25339440b03cb052054f3cc8c9af6440b8c5f71d2b,
it__IT.MidClim.TH.07.Gen.ReEx.001.001__f100,IT.MidClim.TH.07.Gen.ReEx.001.001,it,1.0,3,ATTEMPTED,True,COMPLETED,0,0,0,8079.383969677149,4.258,False,False,False,4e50c16cd6d32381d4057e472102ad0db9eec281b06ab454fd90df50805968ce,
it__IT.MidClim.TH.08.Gen.ReEx.001.001__f000,IT.MidClim.TH.08.Gen.ReEx.001.001,it,0.0,1,ATTEMPTED,True,COMPLETED,0,0,0,6884.077053961464,4.195,False,False,False,36fde4019f0b316b20ed29eb036b60ab29355e9f64b7d10b1b0ba03275aacb20,
it__IT.MidClim.TH.08.Gen.ReEx.001.001__f000,IT.MidClim.TH.08.Gen.ReEx.001.001,it,0.0,2,ATTEMPTED,True,COMPLETED,0,0,0,6884.077053961464,4.192,False,False,False,ec51ed4828eb40da73d341903e0450d9460ce2158e658f1dbc9bd35c39ea1885,
it__IT.MidClim.TH.08.Gen.ReEx.001.001__f000,IT.MidClim.TH.08.Gen.ReEx.001.001,it,0.0,3,ATTEMPTED,True,COMPLETED,0,0,0,6884.077053961464,4.155,False,False,False,d0bb682d111de61edf54e39c67d04ea3380190ae0bf8ed6f11300c0570565575,
it__IT.MidClim.TH.08.Gen.ReEx.001.001__f015,IT.MidClim.TH.08.Gen.ReEx.001.001,it,0.15,1,ATTEMPTED,True,COMPLETED,0,0,0,6883.912718256292,4.143,False,False,False,5d6eb9859c77d15afb9d2685392276dc5f9ec58ad2796620fa9244baffa483da,
it__IT.MidClim.TH.08.Gen.ReEx.001.001__f015,IT.MidClim.TH.08.Gen.ReEx.001.001,it,0.15,2,ATTEMPTED,True,COMPLETED,0,0,0,6883.912718256292,4.078,False,False,False,c9ff72f5ccdb5a545f62891a97d24d1a2ffe3b0c91a81b9dcc03e8348b2c7b4c,
it__IT.MidClim.TH.08.Gen.ReEx.001.001__f015,IT.MidClim.TH.08.Gen.ReEx.001.001,it,0.15,3,ATTEMPTED,True,COMPLETED,0,0,0,6883.912718256292,4.1,False,False,False,443d6bf448c14016ce5506f5a5905779f9c0e4022a43bd5e225e41958eeaf939,
it__IT.MidClim.TH.08.Gen.ReEx.001.001__f030,IT.MidClim.TH.08.Gen.ReEx.001.001,it,0.3,1,ATTEMPTED,True,COMPLETED,0,0,0,6883.770823312267,3.892,False,False,False,9ce79b23e01dc5de11b2e0d12c128ffbf431d14668bc370ff49d72511b6b6d24,
it__IT.MidClim.TH.08.Gen.ReEx.001.001__f030,IT.MidClim.TH.08.Gen.ReEx.001.001,it,0.3,2,ATTEMPTED,False,ENGINE_FAILED,1,1,1,None,0.55,False,False,False,35170c0c8dab04ca96ae75e24d68c5d07d6daa9eac18d4d9a6a4284efb39e957,
it__IT.MidClim.TH.08.Gen.ReEx.001.001__f030,IT.MidClim.TH.08.Gen.ReEx.001.001,it,0.3,3,ATTEMPTED,True,COMPLETED,0,0,0,6883.770823312267,3.803,False,False,False,28c972a9be68c1e19e5598ec3f2650bce954a3d1f91dc425c1107d2b3edacbaa,
it__IT.MidClim.TH.08.Gen.ReEx.001.001__f050,IT.MidClim.TH.08.Gen.ReEx.001.001,it,0.5,1,ATTEMPTED,True,COMPLETED,0,0,0,6883.621303665676,3.878,False,False,False,3ddf51ac36fb005be3d99520a07ea8f41262d8ef461fb9b183106eb3d072d763,
it__IT.MidClim.TH.08.Gen.ReEx.001.001__f050,IT.MidClim.TH.08.Gen.ReEx.001.001,it,0.5,2,ATTEMPTED,True,COMPLETED,0,0,0,6883.621303665676,3.803,False,False,False,1de2172fffb049f4726d13a32b28a27c98dde4616c755f7a5228a60d1a6b60ed,
it__IT.MidClim.TH.08.Gen.ReEx.001.001__f050,IT.MidClim.TH.08.Gen.ReEx.001.001,it,0.5,3,ATTEMPTED,True,COMPLETED,0,0,0,6883.621303665676,3.618,False,False,False,7e8be4e1d12c57859ebc16372301e58dbd139bb53b67e91b4874059a63a1f244,
it__IT.MidClim.TH.08.Gen.ReEx.001.001__f100,IT.MidClim.TH.08.Gen.ReEx.001.001,it,1.0,1,ATTEMPTED,True,COMPLETED,0,0,0,6883.449003590125,3.581,False,False,False,332049551dd2cd47eeaba4800889005bb56c7841fbf79ab86242afb25b927f6e,
it__IT.MidClim.TH.08.Gen.ReEx.001.001__f100,IT.MidClim.TH.08.Gen.ReEx.001.001,it,1.0,2,ATTEMPTED,True,COMPLETED,0,0,0,6883.449003590125,3.581,False,False,False,8bdaa6d0bce0ce0682418e1b650ac899446fb512006d0ab14732ca8aeffe99c1,
it__IT.MidClim.TH.08.Gen.ReEx.001.001__f100,IT.MidClim.TH.08.Gen.ReEx.001.001,it,1.0,3,ATTEMPTED,True,COMPLETED,0,0,0,6883.449003590125,3.565,False,False,False,87c14b00aa3341bd371d9387afd03d1747ab10a4b59f581bb22416c07f3f9af3,
