Time,RELATION_12700585_F0_WHOLE:ANNUALSIZINGPERIOD:Des Heat Load [W],RELATION_12700585_F0_WHOLE:ANNUALSIZINGPERIOD:Des Sens Cool Load [W],RELATION_12700585_F0_WHOLE:ANNUALSIZINGPERIOD:Des Heat Mass Flow [kg/s],RELATION_12700585_F0_WHOLE:ANNUALSIZINGPERIOD:Des Cool Mass Flow [kg/s],RELATION_12700585_F0_WHOLE::Des Latent Heat Load [W],RELATION_12700585_F0_WHOLE::Des Latent Cool Load [W],RELATION_12700585_F0_WHOLE::Des Latent Heat Mass Flow [kg/s],RELATION_12700585_F0_WHOLE::Des Latent Cool Mass Flow [kg/s],RELATION_12700585_F0_WHOLE::Des Heat Load No DOAS [W],RELATION_12700585_F0_WHOLE::Des Sens Cool Load No DOAS [W],RELATION_12700585_F0_WHOLE::Des Latent Heat Load No DOAS [W],RELATION_12700585_F0_WHOLE::Des Latent Cool Load No DOAS [W],RELATION_12700585_F0_WHOLE:ANNUALSIZINGPERIOD:Heating Zone Temperature [C],RELATION_12700585_F0_WHOLE:ANNUALSIZINGPERIOD:Heating Zone Relative Humidity [%],RELATION_12700585_F0_WHOLE:ANNUALSIZINGPERIOD:Cooling Zone Temperature [C],RELATION_12700585_F0_WHOLE:ANNUALSIZINGPERIOD:Cooling Zone Relative Humidity [%],RELATION_12700585_F1_WHOLE:ANNUALSIZINGPERIOD:Des Heat Load [W],RELATION_12700585_F1_WHOLE:ANNUALSIZINGPERIOD:Des Sens Cool Load [W],RELATION_12700585_F1_WHOLE:ANNUALSIZINGPERIOD:Des Heat Mass Flow [kg/s],RELATION_12700585_F1_WHOLE:ANNUALSIZINGPERIOD:Des Cool Mass Flow [kg/s],RELATION_12700585_F1_WHOLE::Des Latent Heat Load [W],RELATION_12700585_F1_WHOLE::Des Latent Cool Load [W],RELATION_12700585_F1_WHOLE::Des Latent Heat Mass Flow [kg/s],RELATION_12700585_F1_WHOLE::Des Latent Cool Mass Flow [kg/s],RELATION_12700585_F1_WHOLE::Des Heat Load No DOAS [W],RELATION_12700585_F1_WHOLE::Des Sens Cool Load No DOAS [W],RELATION_12700585_F1_WHOLE::Des Latent Heat Load No DOAS [W],RELATION_12700585_F1_WHOLE::Des Latent Cool Load No DOAS [W],RELATION_12700585_F1_WHOLE:ANNUALSIZINGPERIOD:Heating Zone Temperature [C],RELATION_12700585_F1_WHOLE:ANNUALSIZINGPERIOD:Heating Zone Relative Humidity [%],RELATION_12700585_F1_WHOLE:ANNUALSIZINGPERIOD:Cooling Zone Temperature [C],RELATION_12700585_F1_WHOLE:ANNUALSIZINGPERIOD:Cooling Zone Relative Humidity [%],RELATION_12700585_F2_WHOLE:ANNUALSIZINGPERIOD:Des Heat Load [W],RELATION_12700585_F2_WHOLE:ANNUALSIZINGPERIOD:Des Sens Cool Load [W],RELATION_12700585_F2_WHOLE:ANNUALSIZINGPERIOD:Des Heat Mass Flow [kg/s],RELATION_12700585_F2_WHOLE:ANNUALSIZINGPERIOD:Des Cool Mass Flow [kg/s],RELATION_12700585_F2_WHOLE::Des Latent Heat Load [W],RELATION_12700585_F2_WHOLE::Des Latent Cool Load [W],RELATION_12700585_F2_WHOLE::Des Latent Heat Mass Flow [kg/s],RELATION_12700585_F2_WHOLE::Des Latent Cool Mass Flow [kg/s],RELATION_12700585_F2_WHOLE::Des Heat Load No DOAS [W],RELATION_12700585_F2_WHOLE::Des Sens Cool Load No DOAS [W],RELATION_12700585_F2_WHOLE::Des Latent Heat Load No DOAS [W],RELATION_12700585_F2_WHOLE::Des Latent Cool Load No DOAS [W],RELATION_12700585_F2_WHOLE:ANNUALSIZINGPERIOD:Heating Zone Temperature [C],RELATION_12700585_F2_WHOLE:ANNUALSIZINGPERIOD:Heating Zone Relative Humidity [%],RELATION_12700585_F2_WHOLE:ANNUALSIZINGPERIOD:Cooling Zone Temperature [C],RELATION_12700585_F2_WHOLE:ANNUALSIZINGPERIOD:Cooling Zone Relative Humidity [%],RELATION_12700585_F3_WHOLE:ANNUALSIZINGPERIOD:Des Heat Load [W],RELATION_12700585_F3_WHOLE:ANNUALSIZINGPERIOD:Des Sens Cool Load [W],RELATION_12700585_F3_WHOLE:ANNUALSIZINGPERIOD:Des Heat Mass Flow [kg/s],RELATION_12700585_F3_WHOLE:ANNUALSIZINGPERIOD:Des Cool Mass Flow [kg/s],RELATION_12700585_F3_WHOLE::Des Latent Heat Load [W],RELATION_12700585_F3_WHOLE::Des Latent Cool Load [W],RELATION_12700585_F3_WHOLE::Des Latent Heat Mass Flow [kg/s],RELATION_12700585_F3_WHOLE::Des Latent Cool Mass Flow [kg/s],RELATION_12700585_F3_WHOLE::Des Heat Load No DOAS [W],RELATION_12700585_F3_WHOLE::Des Sens Cool Load No DOAS [W],RELATION_12700585_F3_WHOLE::Des Latent Heat Load No DOAS [W],RELATION_12700585_F3_WHOLE::Des Latent Cool Load No DOAS [W],RELATION_12700585_F3_WHOLE:ANNUALSIZINGPERIOD:Heating Zone Temperature [C],RELATION_12700585_F3_WHOLE:ANNUALSIZINGPERIOD:Heating Zone Relative Humidity [%],RELATION_12700585_F3_WHOLE:ANNUALSIZINGPERIOD:Cooling Zone Temperature [C],RELATION_12700585_F3_WHOLE:ANNUALSIZINGPERIOD:Cooling Zone Relative Humidity [%],RELATION_12700585_F4_WHOLE:ANNUALSIZINGPERIOD:Des Heat Load [W],RELATION_12700585_F4_WHOLE:ANNUALSIZINGPERIOD:Des Sens Cool Load [W],RELATION_12700585_F4_WHOLE:ANNUALSIZINGPERIOD:Des Heat Mass Flow [kg/s],RELATION_12700585_F4_WHOLE:ANNUALSIZINGPERIOD:Des Cool Mass Flow [kg/s],RELATION_12700585_F4_WHOLE::Des Latent Heat Load [W],RELATION_12700585_F4_WHOLE::Des Latent Cool Load [W],RELATION_12700585_F4_WHOLE::Des Latent Heat Mass Flow [kg/s],RELATION_12700585_F4_WHOLE::Des Latent Cool Mass Flow [kg/s],RELATION_12700585_F4_WHOLE::Des Heat Load No DOAS [W],RELATION_12700585_F4_WHOLE::Des Sens Cool Load No DOAS [W],RELATION_12700585_F4_WHOLE::Des Latent Heat Load No DOAS [W],RELATION_12700585_F4_WHOLE::Des Latent Cool Load No DOAS [W],RELATION_12700585_F4_WHOLE:ANNUALSIZINGPERIOD:Heating Zone Temperature [C],RELATION_12700585_F4_WHOLE:ANNUALSIZINGPERIOD:Heating Zone Relative Humidity [%],RELATION_12700585_F4_WHOLE:ANNUALSIZINGPERIOD:Cooling Zone Temperature [C],RELATION_12700585_F4_WHOLE:ANNUALSIZINGPERIOD:Cooling Zone Relative Humidity [%],RELATION_12700585_F5_WHOLE:ANNUALSIZINGPERIOD:Des Heat Load [W],RELATION_12700585_F5_WHOLE:ANNUALSIZINGPERIOD:Des Sens Cool Load [W],RELATION_12700585_F5_WHOLE:ANNUALSIZINGPERIOD:Des Heat Mass Flow [kg/s],RELATION_12700585_F5_WHOLE:ANNUALSIZINGPERIOD:Des Cool Mass Flow [kg/s],RELATION_12700585_F5_WHOLE::Des Latent Heat Load [W],RELATION_12700585_F5_WHOLE::Des Latent Cool Load [W],RELATION_12700585_F5_WHOLE::Des Latent Heat Mass Flow [kg/s],RELATION_12700585_F5_WHOLE::Des Latent Cool Mass Flow [kg/s],RELATION_12700585_F5_WHOLE::Des Heat Load No DOAS [W],RELATION_12700585_F5_WHOLE::Des Sens Cool Load No DOAS [W],RELATION_12700585_F5_WHOLE::Des Latent Heat Load No DOAS [W],RELATION_12700585_F5_WHOLE::Des Latent Cool Load No DOAS [W],RELATION_12700585_F5_WHOLE:ANNUALSIZINGPERIOD:Heating Zone Temperature [C],RELATION_12700585_F5_WHOLE:ANNUALSIZINGPERIOD:Heating Zone Relative Humidity [%],RELATION_12700585_F5_WHOLE:ANNUALSIZINGPERIOD:Cooling Zone Temperature [C],RELATION_12700585_F5_WHOLE:ANNUALSIZINGPERIOD:Cooling Zone Relative Humidity [%]
00:10:00,1.317013E+04,0.000000E+00,4.304057E-01,0.000000E+00,0.000000E+00,0.000000E+00,0.000000E+00,0.000000E+00,0.000000E+00,0.000000E+00,0.000000E+00,0.000000E+00,1.999160E+01,3.377386E+01,2.810318E+01,1.747149E+01,1.291356E+04,0.000000E+00,4.220210E-01,0.000000E+00,0.000000E+00,0.000000E+00,0.000000E+00,0.000000E+00,0.000000E+00,0.000000E+00,0.000000E+00,0.000000E+00,1.999161E+01,3.358649E+01,3.166806E+01,1.422262E+01,1.290156E+04,0.000000E+00,4.216290E-01,0.000000E+00,0.000000E+00,0.000000E+00,0.000000E+00,0.000000E+00,0.000000E+00,0.000000E+00,0.000000E+00,0.000000E+00,1.999161E+01,3.358914E+01,3.296408E+01,1.321555E+01,1.301064E+04,0.000000E+00,4.251935E-01,0.000000E+00,0.000000E+00,0.000000E+00,0.000000E+00,0.000000E+00,0.000000E+00,0.000000E+00,0.000000E+00,0.000000E+00,1.999159E+01,3.367518E+01,3.361371E+01,1.274117E+01,1.399338E+04,0.000000E+00,4.573078E-01,0.000000E+00,0.000000E+00,0.000000E+00,0.000000E+00,0.000000E+00,0.000000E+00,0.000000E+00,0.000000E+00,0.000000E+00,1.999145E+01,3.433635E+01,3.434599E+01,1.222887E+01,2.704083E+04,0.000000E+00,8.836673E-01,0.000000E+00,0.000000E+00,0.000000E+00,0.000000E+00,0.000000E+00,0.000000E+00,0.000000E+00,0.000000E+00,0.000000E+00,1.999025E+01,3.989383E+01,3.395798E+01,1.249238E+01
00:20:00,1.333073E+04,0.000000E+00,4.356522E-01,0.000000E+00,0.000000E+00,0.000000E+00,0.000000E+00,0.000000E+00,0.000000E+00,0.000000E+00,0.000000E+00,0.000000E+00,1.999163E+01,3.387745E+01,2.803379E+01,1.754618E+01,1.308621E+04,0.000000E+00,4.276614E-01,0.000000E+00,0.000000E+00,0.000000E+00,0.000000E+00,0.000000E+00,0.000000E+00,0.000000E+00,0.000000E+00,0.000000E+00,1.999164E+01,3.369867E+01,3.159272E+01,1.428831E+01,1.307884E+04,0.000000E+00,4.274206E-01,0.000000E+00,0.000000E+00,0.000000E+00,0.000000E+00,0.000000E+00,0.000000E+00,0.000000E+00,0.000000E+00,0.000000E+00,1.999163E+01,3.370197E+01,3.288848E+01,1.327677E+01,1.319071E+04,0.000000E+00,4.310760E-01,0.000000E+00,0.000000E+00,0.000000E+00,0.000000E+00,0.000000E+00,0.000000E+00,0.000000E+00,0.000000E+00,0.000000E+00,1.999161E+01,3.378750E+01,3.353715E+01,1.280089E+01,1.417713E+04,0.000000E+00,4.633106E-01,0.000000E+00,0.000000E+00,0.000000E+00,0.000000E+00,0.000000E+00,0.000000E+00,0.000000E+00,0.000000E+00,0.000000E+00,1.999148E+01,3.444726E+01,3.425337E+01,1.229723E+01,2.723208E+04,0.000000E+00,8.899130E-01,0.000000E+00,0.000000E+00,0.000000E+00,0.000000E+00,0.000000E+00,0.000000E+00,0.000000E+00,0.000000E+00,0.000000E+00,1.999029E+01,3.998561E+01,3.377446E+01,1.262669E+01
00:30:00,1.345492E+04,0.000000E+00,4.397088E-01,0.000000E+00,0.000000E+00,0.000000E+00,0.000000E+00,0.000000E+00,0.000000E+00,0.000000E+00,0.000000E+00,0.000000E+00,1.999165E+01,3.396354E+01,2.796605E+01,1.762290E+01,1.322186E+04,0.000000E+00,4.320926E-01,0.000000E+00,0.000000E+00,0.000000E+00,0.000000E+00,0.000000E+00,0.000000E+00,0.000000E+00,0.000000E+00,0.000000E+00,1.999166E+01,3.379250E+01,3.151948E+01,1.435522E+01,1.321897E+04,0.000000E+00,4.319983E-01,0.000000E+00,0.000000E+00,0.000000E+00,0.000000E+00,0.000000E+00,0.000000E+00,0.000000E+00,0.000000E+00,0.000000E+00,1.999165E+01,3.379638E+01,3.281533E+01,1.333880E+01,1.333346E+04,0.000000E+00,4.357395E-01,0.000000E+00,0.000000E+00,0.000000E+00,0.000000E+00,0.000000E+00,0.000000E+00,0.000000E+00,0.000000E+00,0.000000E+00,1.999163E+01,3.388145E+01,3.346368E+01,1.286092E+01,1.432248E+04,0.000000E+00,4.680588E-01,0.000000E+00,0.000000E+00,0.000000E+00,0.000000E+00,0.000000E+00,0.000000E+00,0.000000E+00,0.000000E+00,0.000000E+00,1.999150E+01,3.453984E+01,3.416326E+01,1.236640E+01,2.736452E+04,0.000000E+00,8.942376E-01,0.000000E+00,0.000000E+00,0.000000E+00,0.000000E+00,0.000000E+00,0.000000E+00,0.000000E+00,0.000000E+00,0.000000E+00,1.999033E+01,4.005730E+01,3.360297E+01,1.275616E+01
00:40:00,1.354229E+04,0.000000E+00,4.425627E-01,0.000000E+00,0.000000E+00,0.000000E+00,0.000000E+00,0.000000E+00,0.000000E+00,0.000000E+00,0.000000E+00,0.000000E+00,1.999166E+01,3.403360E+01,2.789907E+01,1.769970E+01,1.332006E+04,0.000000E+00,4.353004E-01,0.000000E+00,0.000000E+00,0.000000E+00,0.000000E+00,0.000000E+00,0.000000E+00,0.000000E+00,0.000000E+00,0.000000E+00,1.999167E+01,3.386952E+01,3.144735E+01,1.442180E+01,1.332150E+04,0.000000E+00,4.353475E-01,0.000000E+00,0.000000E+00,0.000000E+00,0.000000E+00,0.000000E+00,0.000000E+00,0.000000E+00,0.000000E+00,0.000000E+00,1.999166E+01,3.387390E+01,3.274362E+01,1.340024E+01,1.343846E+04,0.000000E+00,4.391694E-01,0.000000E+00,0.000000E+00,0.000000E+00,0.000000E+00,0.000000E+00,0.000000E+00,0.000000E+00,0.000000E+00,0.000000E+00,1.999165E+01,3.395855E+01,3.339198E+01,1.292012E+01,1.442894E+04,0.000000E+00,4.715363E-01,0.000000E+00,0.000000E+00,0.000000E+00,0.000000E+00,0.000000E+00,0.000000E+00,0.000000E+00,0.000000E+00,0.000000E+00,1.999151E+01,3.461579E+01,3.407466E+01,1.243503E+01,2.743729E+04,0.000000E+00,8.966130E-01,0.000000E+00,0.000000E+00,0.000000E+00,0.000000E+00,0.000000E+00,0.000000E+00,0.000000E+00,0.000000E+00,0.000000E+00,1.999035E+01,4.011262E+01,3.343851E+01,1.288209E+01
00:50:00,1.359258E+04,0.000000E+00,4.442049E-01,0.000000E+00,0.000000E+00,0.000000E+00,0.000000E+00,0.000000E+00,0.000000E+00,0.000000E+00,0.000000E+00,0.000000E+00,1.999166E+01,3.409142E+01,2.783198E+01,1.777703E+01,1.338052E+04,0.000000E+00,4.372751E-01,0.000000E+00,0.000000E+00,0.000000E+00,0.000000E+00,0.000000E+00,0.000000E+00,0.000000E+00,0.000000E+00,0.000000E+00,1.999167E+01,3.393362E+01,3.137531E+01,1.448852E+01,1.338614E+04,0.000000E+00,4.374585E-01,0.000000E+00,0.000000E+00,0.000000E+00,0.000000E+00,0.000000E+00,0.000000E+00,0.000000E+00,0.000000E+00,0.000000E+00,1.999167E+01,3.393844E+01,3.267230E+01,1.346153E+01,1.350540E+04,0.000000E+00,4.413557E-01,0.000000E+00,0.000000E+00,0.000000E+00,0.000000E+00,0.000000E+00,0.000000E+00,0.000000E+00,0.000000E+00,0.000000E+00,1.999165E+01,3.402272E+01,3.332070E+01,1.297911E+01,1.449619E+04,0.000000E+00,4.737327E-01,0.000000E+00,0.000000E+00,0.000000E+00,0.000000E+00,0.000000E+00,0.000000E+00,0.000000E+00,0.000000E+00,0.000000E+00,1.999152E+01,3.467910E+01,3.398643E+01,1.250362E+01,2.744981E+04,0.000000E+00,8.970194E-01,0.000000E+00,0.000000E+00,0.000000E+00,0.000000E+00,0.000000E+00,0.000000E+00,0.000000E+00,0.000000E+00,0.000000E+00,1.999036E+01,4.015718E+01,3.327686E+01,1.300709E+01
01:00:00,1.360550E+04,0.000000E+00,4.446262E-01,0.000000E+00,0.000000E+00,0.000000E+00,0.000000E+00,0.000000E+00,0.000000E+00,0.000000E+00,0.000000E+00,0.000000E+00,1.999166E+01,3.414048E+01,2.776402E+01,1.785577E+01,1.340294E+04,0.000000E+00,4.380065E-01,0.000000E+00,0.000000E+00,0.000000E+00,0.000000E+00,0.000000E+00,0.000000E+00,0.000000E+00,0.000000E+00,0.000000E+00,1.999167E+01,3.398843E+01,3.130262E+01,1.455608E+01,1.341256E+04,0.000000E+00,4.383211E-01,0.000000E+00,0.000000E+00,0.000000E+00,0.000000E+00,0.000000E+00,0.000000E+00,0.000000E+00,0.000000E+00,0.000000E+00,1.999167E+01,3.399363E+01,3.260074E+01,1.352324E+01,1.353397E+04,0.000000E+00,4.422882E-01,0.000000E+00,0.000000E+00,0.000000E+00,0.000000E+00,0.000000E+00,0.000000E+00,0.000000E+00,0.000000E+00,0.000000E+00,1.999165E+01,3.407761E+01,3.324910E+01,1.303856E+01,1.452390E+04,0.000000E+00,4.746369E-01,0.000000E+00,0.000000E+00,0.000000E+00,0.000000E+00,0.000000E+00,0.000000E+00,0.000000E+00,0.000000E+00,0.000000E+00,1.999152E+01,3.473341E+01,3.389787E+01,1.257273E+01,2.740143E+04,0.000000E+00,8.954361E-01,0.000000E+00,0.000000E+00,0.000000E+00,0.000000E+00,0.000000E+00,0.000000E+00,0.000000E+00,0.000000E+00,0.000000E+00,1.999037E+01,4.019527E+01,3.311633E+01,1.313247E+01
01:10:00,1.366345E+04,0.000000E+00,4.465200E-01,0.000000E+00,0.000000E+00,0.000000E+00,0.000000E+00,0.000000E+00,0.000000E+00,0.000000E+00,0.000000E+00,0.000000E+00,1.999166E+01,3.418325E+01,2.769570E+01,1.793543E+01,1.346591E+04,0.000000E+00,4.400645E-01,0.000000E+00,0.000000E+00,0.000000E+00,0.000000E+00,0.000000E+00,0.000000E+00,0.000000E+00,0.000000E+00,0.000000E+00,1.999167E+01,3.403650E+01,3.122896E+01,1.462481E+01,1.347598E+04,0.000000E+00,4.403936E-01,0.000000E+00,0.000000E+00,0.000000E+00,0.000000E+00,0.000000E+00,0.000000E+00,0.000000E+00,0.000000E+00,0.000000E+00,1.999166E+01,3.404206E+01,3.252865E+01,1.358564E+01,1.359790E+04,0.000000E+00,4.443777E-01,0.000000E+00,0.000000E+00,0.000000E+00,0.000000E+00,0.000000E+00,0.000000E+00,0.000000E+00,0.000000E+00,0.000000E+00,1.999165E+01,3.412578E+01,3.317687E+01,1.309871E+01,1.459449E+04,0.000000E+00,4.769441E-01,0.000000E+00,0.000000E+00,0.000000E+00,0.000000E+00,0.000000E+00,0.000000E+00,0.000000E+00,0.000000E+00,0.000000E+00,1.999151E+01,3.478128E+01,3.380869E+01,1.264263E+01,2.753669E+04,0.000000E+00,8.998567E-01,0.000000E+00,0.000000E+00,0.000000E+00,0.000000E+00,0.000000E+00,0.000000E+00,0.000000E+00,0.000000E+00,0.000000E+00,1.999036E+01,4.022943E+01,3.295667E+01,1.325843E+01
01:20:00,1.372245E+04,0.000000E+00,4.484482E-01,0.000000E+00,0.000000E+00,0.000000E+00,0.000000E+00,0.000000E+00,0.000000E+00,0.000000E+00,0.000000E+00,0.000000E+00,1.999165E+01,3.421876E+01,2.759251E+01,1.807963E+01,1.352987E+04,0.000000E+00,4.421550E-01,0.000000E+00,0.000000E+00,0.000000E+00,0.000000E+00,0.000000E+00,0.000000E+00,0.000000E+00,0.000000E+00,0.000000E+00,1.999166E+01,3.407698E+01,3.111933E+01,1.474652E+01,1.354039E+04,0.000000E+00,4.424987E-01,0.000000E+00,0.000000E+00,0.000000E+00,0.000000E+00,0.000000E+00,0.000000E+00,0.000000E+00,0.000000E+00,0.000000E+00,1.999165E+01,3.408288E+01,3.242064E+01,1.369696E+01,1.366283E+04,0.000000E+00,4.464996E-01,0.000000E+00,0.000000E+00,0.000000E+00,0.000000E+00,0.000000E+00,0.000000E+00,0.000000E+00,0.000000E+00,0.000000E+00,1.999163E+01,3.416637E+01,3.306904E+01,1.320570E+01,1.466601E+04,0.000000E+00,4.792813E-01,0.000000E+00,0.000000E+00,0.000000E+00,0.000000E+00,0.000000E+00,0.000000E+00,0.000000E+00,0.000000E+00,0.000000E+00,1.999150E+01,3.482183E+01,3.368371E+01,1.275796E+01,2.767378E+04,0.000000E+00,9.043368E-01,0.000000E+00,0.000000E+00,0.000000E+00,0.000000E+00,0.000000E+00,0.000000E+00,0.000000E+00,0.000000E+00,0.000000E+00,1.999035E+01,4.025885E+01,3.275701E+01,1.343640E+01
01:30:00,1.378227E+04,0.000000E+00,4.504029E-01,0.000000E+00,0.000000E+00,0.000000E+00,0.000000E+00,0.000000E+00,0.000000E+00,0.000000E+00,0.000000E+00,0.000000E+00,1.999163E+01,3.424711E+01,2.744754E+01,1.830781E+01,1.359460E+04,0.000000E+00,4.442701E-01,0.000000E+00,0.000000E+00,0.000000E+00,0.000000E+00,0.000000E+00,0.000000E+00,0.000000E+00,0.000000E+00,0.000000E+00,1.999164E+01,3.411004E+01,3.096607E+01,1.493766E+01,1.360557E+04,0.000000E+00,4.446285E-01,0.000000E+00,0.000000E+00,0.000000E+00,0.000000E+00,0.000000E+00,0.000000E+00,0.000000E+00,0.000000E+00,0.000000E+00,1.999164E+01,3.411625E+01,3.226871E+01,1.387271E+01,1.372851E+04,0.000000E+00,4.486461E-01,0.000000E+00,0.000000E+00,0.000000E+00,0.000000E+00,0.000000E+00,0.000000E+00,0.000000E+00,0.000000E+00,0.000000E+00,1.999162E+01,3.419956E+01,3.291903E+01,1.337336E+01,1.473820E+04,0.000000E+00,4.816404E-01,0.000000E+00,0.000000E+00,0.000000E+00,0.000000E+00,0.000000E+00,0.000000E+00,0.000000E+00,0.000000E+00,0.000000E+00,1.999148E+01,3.485520E+01,3.351622E+01,1.293232E+01,2.781195E+04,0.000000E+00,9.088522E-01,0.000000E+00,0.000000E+00,0.000000E+00,0.000000E+00,0.000000E+00,0.000000E+00,0.000000E+00,0.000000E+00,0.000000E+00,1.999033E+01,4.028374E+01,3.251321E+01,1.367962E+01
01:40:00,1.384301E+04,0.000000E+00,4.523878E-01,0.000000E+00,0.000000E+00,0.000000E+00,0.000000E+00,0.000000E+00,0.000000E+00,0.000000E+00,0.000000E+00,0.000000E+00,1.999161E+01,3.426947E+01,2.727373E+01,1.860394E+01,1.366021E+04,0.000000E+00,4.464141E-01,0.000000E+00,0.000000E+00,0.000000E+00,0.000000E+00,0.000000E+00,0.000000E+00,0.000000E+00,0.000000E+00,0.000000E+00,1.999162E+01,3.413688E+01,3.078283E+01,1.518486E+01,1.367163E+04,0.000000E+00,4.467874E-01,0.000000E+00,0.000000E+00,0.000000E+00,0.000000E+00,0.000000E+00,0.000000E+00,0.000000E+00,0.000000E+00,0.000000E+00,1.999162E+01,3.414340E+01,3.208575E+01,1.410113E+01,1.379509E+04,0.000000E+00,4.508217E-01,0.000000E+00,0.000000E+00,0.000000E+00,0.000000E+00,0.000000E+00,0.000000E+00,0.000000E+00,0.000000E+00,0.000000E+00,1.999160E+01,3.422656E+01,3.274146E+01,1.358900E+01,1.481123E+04,0.000000E+00,4.840267E-01,0.000000E+00,0.000000E+00,0.000000E+00,0.000000E+00,0.000000E+00,0.000000E+00,0.000000E+00,0.000000E+00,0.000000E+00,1.999146E+01,3.488263E+01,3.332075E+01,1.315371E+01,2.795154E+04,0.000000E+00,9.134135E-01,0.000000E+00,0.000000E+00,0.000000E+00,0.000000E+00,0.000000E+00,0.000000E+00,0.000000E+00,0.000000E+00,0.000000E+00,1.999031E+01,4.030508E+01,3.224365E+01,1.397319E+01
01:50:00,1.390468E+04,0.000000E+00,4.544032E-01,0.000000E+00,0.000000E+00,0.000000E+00,0.000000E+00,0.000000E+00,0.000000E+00,0.000000E+00,0.000000E+00,0.000000E+00,1.999159E+01,3.428730E+01,2.708435E+01,1.894537E+01,1.372671E+04,0.000000E+00,4.485872E-01,0.000000E+00,0.000000E+00,0.000000E+00,0.000000E+00,0.000000E+00,0.000000E+00,0.000000E+00,0.000000E+00,0.000000E+00,1.999160E+01,3.415899E+01,3.058507E+01,1.546798E+01,1.373859E+04,0.000000E+00,4.489755E-01,0.000000E+00,0.000000E+00,0.000000E+00,0.000000E+00,0.000000E+00,0.000000E+00,0.000000E+00,0.000000E+00,0.000000E+00,1.999159E+01,3.416580E+01,3.188577E+01,1.436479E+01,1.386256E+04,0.000000E+00,4.530266E-01,0.000000E+00,0.000000E+00,0.000000E+00,0.000000E+00,0.000000E+00,0.000000E+00,0.000000E+00,0.000000E+00,0.000000E+00,1.999158E+01,3.424886E+01,3.255158E+01,1.383470E+01,1.488510E+04,0.000000E+00,4.864406E-01,0.000000E+00,0.000000E+00,0.000000E+00,0.000000E+00,0.000000E+00,0.000000E+00,0.000000E+00,0.000000E+00,0.000000E+00,1.999144E+01,3.490554E+01,3.311258E+01,1.340492E+01,2.809259E+04,0.000000E+00,9.180223E-01,0.000000E+00,0.000000E+00,0.000000E+00,0.000000E+00,0.000000E+00,0.000000E+00,0.000000E+00,0.000000E+00,0.000000E+00,1.999029E+01,4.032400E+01,3.196328E+01,1.429953E+01
02:00:00,1.396731E+04,0.000000E+00,4.564495E-01,0.000000E+00,0.000000E+00,0.000000E+00,0.000000E+00,0.000000E+00,0.000000E+00,0.000000E+00,0.000000E+00,0.000000E+00,1.999157E+01,3.430179E+01,2.688672E+01,1.931505E+01,1.379412E+04,0.000000E+00,4.507900E-01,0.000000E+00,0.000000E+00,0.000000E+00,0.000000E+00,0.000000E+00,0.000000E+00,0.000000E+00,0.000000E+00,0.000000E+00,1.999157E+01,3.417759E+01,3.038207E+01,1.577134E+01,1.380647E+04,0.000000E+00,4.511935E-01,0.000000E+00,0.000000E+00,0.000000E+00,0.000000E+00,0.000000E+00,0.000000E+00,0.000000E+00,0.000000E+00,0.000000E+00,1.999157E+01,3.418471E+01,3.168327E+01,1.464494E+01,1.393095E+04,0.000000E+00,4.552613E-01,0.000000E+00,0.000000E+00,0.000000E+00,0.000000E+00,0.000000E+00,0.000000E+00,0.000000E+00,0.000000E+00,0.000000E+00,1.999155E+01,3.426768E+01,3.235732E+01,1.409742E+01,1.495984E+04,0.000000E+00,4.888828E-01,0.000000E+00,0.000000E+00,0.000000E+00,0.000000E+00,0.000000E+00,0.000000E+00,0.000000E+00,0.000000E+00,0.000000E+00,1.999142E+01,3.492515E+01,3.289962E+01,1.367344E+01,2.823518E+04,0.000000E+00,9.226815E-01,0.000000E+00,0.000000E+00,0.000000E+00,0.000000E+00,0.000000E+00,0.000000E+00,0.000000E+00,0.000000E+00,0.000000E+00,1.999027E+01,4.034130E+01,3.167780E+01,1.464738E+01
02:10:00,1.402629E+04,0.000000E+00,4.583769E-01,0.000000E+00,0.000000E+00,0.000000E+00,0.000000E+00,0.000000E+00,0.000000E+00,0.000000E+00,0.000000E+00,0.000000E+00,1.999154E+01,3.431385E+01,2.668735E+01,1.969778E+01,1.385778E+04,0.000000E+00,4.528700E-01,0.000000E+00,0.000000E+00,0.000000E+00,0.000000E+00,0.000000E+00,0.000000E+00,0.000000E+00,0.000000E+00,0.000000E+00,1.999155E+01,3.419361E+01,3.017694E+01,1.608558E+01,1.387060E+04,0.000000E+00,4.532888E-01,0.000000E+00,0.000000E+00,0.000000E+00,0.000000E+00,0.000000E+00,0.000000E+00,0.000000E+00,0.000000E+00,0.000000E+00,1.999155E+01,3.420101E+01,3.148296E+01,1.493140E+01,1.399558E+04,0.000000E+00,4.573728E-01,0.000000E+00,0.000000E+00,0.000000E+00,0.000000E+00,0.000000E+00,0.000000E+00,0.000000E+00,0.000000E+00,0.000000E+00,1.999153E+01,3.428393E+01,3.216065E+01,1.436962E+01,1.503048E+04,0.000000E+00,4.911912E-01,0.000000E+00,0.000000E+00,0.000000E+00,0.000000E+00,0.000000E+00,0.000000E+00,0.000000E+00,0.000000E+00,0.000000E+00,1.999139E+01,3.494233E+01,3.268390E+01,1.395199E+01,2.836922E+04,0.000000E+00,9.270611E-01,0.000000E+00,0.000000E+00,0.000000E+00,0.000000E+00,0.000000E+00,0.000000E+00,0.000000E+00,0.000000E+00,0.000000E+00,1.999024E+01,4.035747E+01,3.138779E+01,1.501045E+01
02:20:00,1.408154E+04,0.000000E+00,4.601821E-01,0.000000E+00,0.000000E+00,0.000000E+00,0.000000E+00,0.000000E+00,0.000000E+00,0.000000E+00,0.000000E+00,0.000000E+00,1.999152E+01,3.432688E+01,2.652703E+01,2.001404E+01,1.391759E+04,0.000000E+00,4.548242E-01,0.000000E+00,0.000000E+00,0.000000E+00,0.000000E+00,0.000000E+00,0.000000E+00,0.000000E+00,0.000000E+00,0.000000E+00,1.999153E+01,3.421042E+01,3.000869E+01,1.634821E+01,1.393086E+04,0.000000E+00,4.552580E-01,0.000000E+00,0.000000E+00,0.000000E+00,0.000000E+00,0.000000E+00,0.000000E+00,0.000000E+00,0.000000E+00,0.000000E+00,1.999153E+01,3.421812E+01,3.132175E+01,1.516799E+01,1.405632E+04,0.000000E+00,4.593576E-01,0.000000E+00,0.000000E+00,0.000000E+00,0.000000E+00,0.000000E+00,0.000000E+00,0.000000E+00,0.000000E+00,0.000000E+00,1.999151E+01,3.430100E+01,3.199968E+01,1.459659E+01,1.509693E+04,0.000000E+00,4.933622E-01,0.000000E+00,0.000000E+00,0.000000E+00,0.000000E+00,0.000000E+00,0.000000E+00,0.000000E+00,0.000000E+00,0.000000E+00,1.999137E+01,3.496038E+01,3.250423E+01,1.418695E+01,2.849388E+04,0.000000E+00,9.311342E-01,0.000000E+00,0.000000E+00,0.000000E+00,0.000000E+00,0.000000E+00,0.000000E+00,0.000000E+00,0.000000E+00,0.000000E+00,1.999023E+01,4.037473E+01,3.114531E+01,1.531929E+01
02:30:00,1.413314E+04,0.000000E+00,4.618681E-01,0.000000E+00,0.000000E+00,0.000000E+00,0.000000E+00,0.000000E+00,0.000000E+00,0.000000E+00,0.000000E+00,0.000000E+00,1.999151E+01,3.434244E+01,2.641255E+01,2.023716E+01,1.397366E+04,0.000000E+00,4.566562E-01,0.000000E+00,0.000000E+00,0.000000E+00,0.000000E+00,0.000000E+00,0.000000E+00,0.000000E+00,0.000000E+00,0.000000E+00,1.999152E+01,3.422957E+01,2.988425E+01,1.653745E+01,1.398739E+04,0.000000E+00,4.571050E-01,0.000000E+00,0.000000E+00,0.000000E+00,0.000000E+00,0.000000E+00,0.000000E+00,0.000000E+00,0.000000E+00,0.000000E+00,1.999151E+01,3.423755E+01,3.120337E+01,1.533736E+01,1.411330E+04,0.000000E+00,4.612195E-01,0.000000E+00,0.000000E+00,0.000000E+00,0.000000E+00,0.000000E+00,0.000000E+00,0.000000E+00,0.000000E+00,0.000000E+00,1.999150E+01,3.432042E+01,3.187964E+01,1.476053E+01,1.515930E+04,0.000000E+00,4.954002E-01,0.000000E+00,0.000000E+00,0.000000E+00,0.000000E+00,0.000000E+00,0.000000E+00,0.000000E+00,0.000000E+00,0.000000E+00,1.999136E+01,3.498075E+01,3.236617E+01,1.436058E+01,2.860945E+04,0.000000E+00,9.349103E-01,0.000000E+00,0.000000E+00,0.000000E+00,0.000000E+00,0.000000E+00,0.000000E+00,0.000000E+00,0.000000E+00,0.000000E+00,1.999022E+01,4.039364E+01,3.095553E+01,1.555381E+01
02:40:00,1.418109E+04,0.000000E+00,4.634346E-01,0.000000E+00,0.000000E+00,0.000000E+00,0.000000E+00,0.000000E+00,0.000000E+00,0.000000E+00,0.000000E+00,0.000000E+00,1.999150E+01,3.436040E+01,2.632766E+01,2.038298E+01,1.402598E+04,0.000000E+00,4.583659E-01,0.000000E+00,0.000000E+00,0.000000E+00,0.000000E+00,0.000000E+00,0.000000E+00,0.000000E+00,0.000000E+00,0.000000E+00,1.999151E+01,3.425100E+01,2.978832E+01,1.666501E+01,1.404017E+04,0.000000E+00,4.588295E-01,0.000000E+00,0.000000E+00,0.000000E+00,0.000000E+00,0.000000E+00,0.000000E+00,0.000000E+00,0.000000E+00,0.000000E+00,1.999150E+01,3.425926E+01,3.111074E+01,1.545190E+01,1.416652E+04,0.000000E+00,4.629583E-01,0.000000E+00,0.000000E+00,0.000000E+00,0.000000E+00,0.000000E+00,0.000000E+00,0.000000E+00,0.000000E+00,0.000000E+00,1.999148E+01,3.434211E+01,3.178449E+01,1.487249E+01,1.521760E+04,0.000000E+00,4.973050E-01,0.000000E+00,0.000000E+00,0.000000E+00,0.000000E+00,0.000000E+00,0.000000E+00,0.000000E+00,0.000000E+00,0.000000E+00,1.999135E+01,3.500336E+01,3.225351E+01,1.448354E+01,2.871590E+04,0.000000E+00,9.383883E-01,0.000000E+00,0.000000E+00,0.000000E+00,0.000000E+00,0.000000E+00,0.000000E+00,0.000000E+00,0.000000E+00,0.000000E+00,1.999021E+01,4.041375E+01,3.079485E+01,1.573124E+01
02:50:00,1.422537E+04,0.000000E+00,4.648816E-01,0.000000E+00,0.000000E+00,0.000000E+00,0.000000E+00,0.000000E+00,0.000000E+00,0.000000E+00,0.000000E+00,0.000000E+00,1.999149E+01,3.438006E+01,2.625550E+01,2.047550E+01,1.407456E+04,0.000000E+00,4.599531E-01,0.000000E+00,0.000000E+00,0.000000E+00,0.000000E+00,0.000000E+00,0.000000E+00,0.000000E+00,0.000000E+00,0.000000E+00,1.999149E+01,3.427403E+01,2.970465E+01,1.674954E+01,1.408920E+04,0.000000E+00,4.604316E-01,0.000000E+00,0.000000E+00,0.000000E+00,0.000000E+00,0.000000E+00,0.000000E+00,0.000000E+00,0.000000E+00,0.000000E+00,1.999149E+01,3.428257E+01,3.102798E+01,1.552860E+01,1.421597E+04,0.000000E+00,4.645740E-01,0.000000E+00,0.000000E+00,0.000000E+00,0.000000E+00,0.000000E+00,0.000000E+00,0.000000E+00,0.000000E+00,0.000000E+00,1.999147E+01,3.436541E+01,3.169890E+01,1.494829E+01,1.527181E+04,0.000000E+00,4.990764E-01,0.000000E+00,0.000000E+00,0.000000E+00,0.000000E+00,0.000000E+00,0.000000E+00,0.000000E+00,0.000000E+00,0.000000E+00,1.999133E+01,3.502748E+01,3.215066E+01,1.457128E+01,2.881323E+04,0.000000E+00,9.415683E-01,0.000000E+00,0.000000E+00,0.000000E+00,0.000000E+00,0.000000E+00,0.000000E+00,0.000000E+00,0.000000E+00,0.000000E+00,1.999020E+01,4.043435E+01,3.064400E+01,1.587128E+01
03:00:00,1.426601E+04,0.000000E+00,4.662092E-01,0.000000E+00,0.000000E+00,0.000000E+00,0.000000E+00,0.000000E+00,0.000000E+00,0.000000E+00,0.000000E+00,0.000000E+00,1.999148E+01,3.440075E+01,2.618693E+01,2.053096E+01,1.411939E+04,0.000000E+00,4.614178E-01,0.000000E+00,0.000000E+00,0.000000E+00,0.000000E+00,0.000000E+00,0.000000E+00,0.000000E+00,0.000000E+00,0.000000E+00,1.999148E+01,3.429800E+01,2.962437E+01,1.680388E+01,1.413448E+04,0.000000E+00,4.619111E-01,0.000000E+00,0.000000E+00,0.000000E+00,0.000000E+00,0.000000E+00,0.000000E+00,0.000000E+00,0.000000E+00,0.000000E+00,1.999148E+01,3.430682E+01,3.094739E+01,1.557833E+01,1.426165E+04,0.000000E+00,4.660666E-01,0.000000E+00,0.000000E+00,0.000000E+00,0.000000E+00,0.000000E+00,0.000000E+00,0.000000E+00,0.000000E+00,0.000000E+00,1.999146E+01,3.438965E+01,3.161539E+01,1.499818E+01,1.532195E+04,0.000000E+00,5.007146E-01,0.000000E+00,0.000000E+00,0.000000E+00,0.000000E+00,0.000000E+00,0.000000E+00,0.000000E+00,0.000000E+00,0.000000E+00,1.999132E+01,3.505245E+01,3.204994E+01,1.463384E+01,2.890144E+04,0.000000E+00,9.444504E-01,0.000000E+00,0.000000E+00,0.000000E+00,0.000000E+00,0.000000E+00,0.000000E+00,0.000000E+00,0.000000E+00,0.000000E+00,1.999020E+01,4.045494E+01,3.049539E+01,1.598453E+01
03:10:00,1.431554E+04,0.000000E+00,4.678278E-01,0.000000E+00,0.000000E+00,0.000000E+00,0.000000E+00,0.000000E+00,0.000000E+00,0.000000E+00,0.000000E+00,0.000000E+00,1.999147E+01,3.442199E+01,2.611909E+01,2.055735E+01,1.417323E+04,0.000000E+00,4.631773E-01,0.000000E+00,0.000000E+00,0.000000E+00,0.000000E+00,0.000000E+00,0.000000E+00,0.000000E+00,0.000000E+00,0.000000E+00,1.999147E+01,3.432245E+01,2.954463E+01,1.683449E+01,1.418880E+04,0.000000E+00,4.636859E-01,0.000000E+00,0.000000E+00,0.000000E+00,0.000000E+00,0.000000E+00,0.000000E+00,0.000000E+00,0.000000E+00,0.000000E+00,1.999147E+01,3.433154E+01,3.086699E+01,1.560630E+01,1.431638E+04,0.000000E+00,4.678551E-01,0.000000E+00,0.000000E+00,0.000000E+00,0.000000E+00,0.000000E+00,0.000000E+00,0.000000E+00,0.000000E+00,0.000000E+00,1.999145E+01,3.441435E+01,3.153202E+01,1.502717E+01,1.538141E+04,0.000000E+00,5.026576E-01,0.000000E+00,0.000000E+00,0.000000E+00,0.000000E+00,0.000000E+00,0.000000E+00,0.000000E+00,0.000000E+00,0.000000E+00,1.999131E+01,3.507780E+01,3.194940E+01,1.467607E+01,2.900463E+04,0.000000E+00,9.478225E-01,0.000000E+00,0.000000E+00,0.000000E+00,0.000000E+00,0.000000E+00,0.000000E+00,0.000000E+00,0.000000E+00,0.000000E+00,1.999019E+01,4.047524E+01,3.034800E+01,1.607519E+01
03:20:00,1.437440E+04,0.000000E+00,4.697511E-01,0.000000E+00,0.000000E+00,0.000000E+00,0.000000E+00,0.000000E+00,0.000000E+00,0.000000E+00,0.000000E+00,0.000000E+00,1.999143E+01,3.444741E+01,2.604709E+01,2.063955E+01,1.423654E+04,0.000000E+00,4.652461E-01,0.000000E+00,0.000000E+00,0.000000E+00,0.000000E+00,0.000000E+00,0.000000E+00,0.000000E+00,0.000000E+00,0.000000E+00,1.999143E+01,3.435111E+01,2.946039E+01,1.691166E+01,1.425262E+04,0.000000E+00,4.657712E-01,0.000000E+00,0.000000E+00,0.000000E+00,0.000000E+00,0.000000E+00,0.000000E+00,0.000000E+00,0.000000E+00,0.000000E+00,1.999143E+01,3.436048E+01,3.078210E+01,1.567757E+01,1.438066E+04,0.000000E+00,4.699554E-01,0.000000E+00,0.000000E+00,0.000000E+00,0.000000E+00,0.000000E+00,0.000000E+00,0.000000E+00,0.000000E+00,0.000000E+00,1.999141E+01,3.444326E+01,3.144409E+01,1.509799E+01,1.545071E+04,0.000000E+00,5.049219E-01,0.000000E+00,0.000000E+00,0.000000E+00,0.000000E+00,0.000000E+00,0.000000E+00,0.000000E+00,0.000000E+00,0.000000E+00,1.999127E+01,3.510721E+01,3.184410E+01,1.475949E+01,2.912491E+04,0.000000E+00,9.517524E-01,0.000000E+00,0.000000E+00,0.000000E+00,0.000000E+00,0.000000E+00,0.000000E+00,0.000000E+00,0.000000E+00,0.000000E+00,1.999015E+01,4.049939E+01,3.019166E+01,1.621528E+01
03:30:00,1.444243E+04,0.000000E+00,4.719740E-01,0.000000E+00,0.000000E+00,0.000000E+00,0.000000E+00,0.000000E+00,0.000000E+00,0.000000E+00,0.000000E+00,0.000000E+00,1.999139E+01,3.447838E+01,2.597017E+01,2.082120E+01,1.430913E+04,0.000000E+00,4.676180E-01,0.000000E+00,0.000000E+00,0.000000E+00,0.000000E+00,0.000000E+00,0.000000E+00,0.000000E+00,0.000000E+00,0.000000E+00,1.999139E+01,3.438546E+01,2.937080E+01,1.707160E+01,1.432575E+04,0.000000E+00,4.681608E-01,0.000000E+00,0.000000E+00,0.000000E+00,0.000000E+00,0.000000E+00,0.000000E+00,0.000000E+00,0.000000E+00,0.000000E+00,1.999139E+01,3.439512E+01,3.069204E+01,1.582566E+01,1.445429E+04,0.000000E+00,4.723612E-01,0.000000E+00,0.000000E+00,0.000000E+00,0.000000E+00,0.000000E+00,0.000000E+00,0.000000E+00,0.000000E+00,0.000000E+00,1.999137E+01,3.447785E+01,3.135096E+01,1.524299E+01,1.552962E+04,0.000000E+00,5.075004E-01,0.000000E+00,0.000000E+00,0.000000E+00,0.000000E+00,0.000000E+00,0.000000E+00,0.000000E+00,0.000000E+00,0.000000E+00,1.999123E+01,3.514210E+01,3.173333E+01,1.491597E+01,2.926184E+04,0.000000E+00,9.562266E-01,0.000000E+00,0.000000E+00,0.000000E+00,0.000000E+00,0.000000E+00,0.000000E+00,0.000000E+00,0.000000E+00,0.000000E+00,1.999012E+01,4.052884E+01,3.002510E+01,1.644079E+01
03:40:00,1.451971E+04,0.000000E+00,4.744991E-01,0.000000E+00,0.000000E+00,0.000000E+00,0.000000E+00,0.000000E+00,0.000000E+00,0.000000E+00,0.000000E+00,0.000000E+00,1.999135E+01,3.451411E+01,2.589010E+01,2.110567E+01,1.439108E+04,0.000000E+00,4.702956E-01,0.000000E+00,0.000000E+00,0.000000E+00,0.000000E+00,0.000000E+00,0.000000E+00,0.000000E+00,0.000000E+00,0.000000E+00,1.999135E+01,3.442467E+01,2.927767E+01,1.731717E+01,1.440827E+04,0.000000E+00,4.708573E-01,0.000000E+00,0.000000E+00,0.000000E+00,0.000000E+00,0.000000E+00,0.000000E+00,0.000000E+00,0.000000E+00,0.000000E+00,1.999135E+01,3.443463E+01,3.059866E+01,1.605321E+01,1.453734E+04,0.000000E+00,4.750750E-01,0.000000E+00,0.000000E+00,0.000000E+00,0.000000E+00,0.000000E+00,0.000000E+00,0.000000E+00,0.000000E+00,0.000000E+00,1.999133E+01,3.451728E+01,3.125447E+01,1.546472E+01,1.561824E+04,0.000000E+00,5.103961E-01,0.000000E+00,0.000000E+00,0.000000E+00,0.000000E+00,0.000000E+00,0.000000E+00,0.000000E+00,0.000000E+00,0.000000E+00,1.999120E+01,3.518161E+01,3.161900E+01,1.514816E+01,2.941570E+04,0.000000E+00,9.612539E-01,0.000000E+00,0.000000E+00,0.000000E+00,0.000000E+00,0.000000E+00,0.000000E+00,0.000000E+00,0.000000E+00,0.000000E+00,1.999009E+01,4.056234E+01,2.985323E+01,1.675280E+01
03:50:00,1.460630E+04,0.000000E+00,4.773282E-01,0.000000E+00,0.000000E+00,0.000000E+00,0.000000E+00,0.000000E+00,0.000000E+00,0.000000E+00,0.000000E+00,0.000000E+00,1.999132E+01,3.455310E+01,2.580864E+01,2.147990E+01,1.448245E+04,0.000000E+00,4.732808E-01,0.000000E+00,0.000000E+00,0.000000E+00,0.000000E+00,0.000000E+00,0.000000E+00,0.000000E+00,0.000000E+00,0.000000E+00,1.999132E+01,3.446720E+01,2.918284E+01,1.763764E+01,1.450025E+04,0.000000E+00,4.738625E-01,0.000000E+00,0.000000E+00,0.000000E+00,0.000000E+00,0.000000E+00,0.000000E+00,0.000000E+00,0.000000E+00,0.000000E+00,1.999131E+01,3.447749E+01,3.050368E+01,1.635025E+01,1.462989E+04,0.000000E+00,4.780987E-01,0.000000E+00,0.000000E+00,0.000000E+00,0.000000E+00,0.000000E+00,0.000000E+00,0.000000E+00,0.000000E+00,0.000000E+00,1.999130E+01,3.456004E+01,3.115633E+01,1.575362E+01,1.571665E+04,0.000000E+00,5.136114E-01,0.000000E+00,0.000000E+00,0.000000E+00,0.000000E+00,0.000000E+00,0.000000E+00,0.000000E+00,0.000000E+00,0.000000E+00,1.999116E+01,3.522422E+01,3.150294E+01,1.544682E+01,2.958665E+04,0.000000E+00,9.668395E-01,0.000000E+00,0.000000E+00,0.000000E+00,0.000000E+00,0.000000E+00,0.000000E+00,0.000000E+00,0.000000E+00,0.000000E+00,1.999007E+01,4.059800E+01,2.968008E+01,1.713986E+01
04:00:00,1.470224E+04,0.000000E+00,4.804629E-01,0.000000E+00,0.000000E+00,0.000000E+00,0.000000E+00,0.000000E+00,0.000000E+00,0.000000E+00,0.000000E+00,0.000000E+00,1.999128E+01,3.459403E+01,2.572673E+01,2.192910E+01,1.458328E+04,0.000000E+00,4.765755E-01,0.000000E+00,0.000000E+00,0.000000E+00,0.000000E+00,0.000000E+00,0.000000E+00,0.000000E+00,0.000000E+00,0.000000E+00,1.999129E+01,3.451170E+01,2.908729E+01,1.802077E+01,1.460172E+04,0.000000E+00,4.771782E-01,0.000000E+00,0.000000E+00,0.000000E+00,0.000000E+00,0.000000E+00,0.000000E+00,0.000000E+00,0.000000E+00,0.000000E+00,1.999128E+01,3.452231E+01,3.040797E+01,1.670549E+01,1.473197E+04,0.000000E+00,4.814343E-01,0.000000E+00,0.000000E+00,0.000000E+00,0.000000E+00,0.000000E+00,0.000000E+00,0.000000E+00,0.000000E+00,0.000000E+00,1.999126E+01,3.460474E+01,3.105738E+01,1.609884E+01,1.582490E+04,0.000000E+00,5.171484E-01,0.000000E+00,0.000000E+00,0.000000E+00,0.000000E+00,0.000000E+00,0.000000E+00,0.000000E+00,0.000000E+00,0.000000E+00,1.999113E+01,3.526857E+01,3.138605E+01,1.580138E+01,2.977487E+04,0.000000E+00,9.729894E-01,0.000000E+00,0.000000E+00,0.000000E+00,0.000000E+00,0.000000E+00,0.000000E+00,0.000000E+00,0.000000E+00,0.000000E+00,1.999004E+01,4.063440E+01,2.950724E+01,1.759032E+01
04:10:00,1.479185E+04,0.000000E+00,4.833910E-01,0.000000E+00,0.000000E+00,0.000000E+00,0.000000E+00,0.000000E+00,0.000000E+00,0.000000E+00,0.000000E+00,0.000000E+00,1.999125E+01,3.463599E+01,2.564463E+01,2.244127E+01,1.467767E+04,0.000000E+00,4.796596E-01,0.000000E+00,0.000000E+00,0.000000E+00,0.000000E+00,0.000000E+00,0.000000E+00,0.000000E+00,0.000000E+00,0.000000E+00,1.999126E+01,3.455722E+01,2.899129E+01,1.845669E+01,1.469677E+04,0.000000E+00,4.802836E-01,0.000000E+00,0.000000E+00,0.000000E+00,0.000000E+00,0.000000E+00,0.000000E+00,0.000000E+00,0.000000E+00,0.000000E+00,1.999125E+01,3.456817E+01,3.031174E+01,1.710978E+01,1.482761E+04,0.000000E+00,4.845592E-01,0.000000E+00,0.000000E+00,0.000000E+00,0.000000E+00,0.000000E+00,0.000000E+00,0.000000E+00,0.000000E+00,0.000000E+00,1.999123E+01,3.465045E+01,3.095783E+01,1.649156E+01,1.592638E+04,0.000000E+00,5.204642E-01,0.000000E+00,0.000000E+00,0.000000E+00,0.000000E+00,0.000000E+00,0.000000E+00,0.000000E+00,0.000000E+00,0.000000E+00,1.999110E+01,3.531375E+01,3.126860E+01,1.620332E+01,2.995216E+04,0.000000E+00,9.787819E-01,0.000000E+00,0.000000E+00,0.000000E+00,0.000000E+00,0.000000E+00,0.000000E+00,0.000000E+00,0.000000E+00,0.000000E+00,1.999002E+01,4.067076E+01,2.933494E+01,1.809530E+01
04:20:00,1.487460E+04,0.000000E+00,4.860946E-01,0.000000E+00,0.000000E+00,0.000000E+00,0.000000E+00,0.000000E+00,0.000000E+00,0.000000E+00,0.000000E+00,0.000000E+00,1.999125E+01,3.467601E+01,2.556233E+01,2.305912E+01,1.476501E+04,0.000000E+00,4.825132E-01,0.000000E+00,0.000000E+00,0.000000E+00,0.000000E+00,0.000000E+00,0.000000E+00,0.000000E+00,0.000000E+00,0.000000E+00,1.999125E+01,3.460070E+01,2.889482E+01,1.898099E+01,1.478473E+04,0.000000E+00,4.831576E-01,0.000000E+00,0.000000E+00,0.000000E+00,0.000000E+00,0.000000E+00,0.000000E+00,0.000000E+00,0.000000E+00,0.000000E+00,1.999124E+01,3.461198E+01,3.021494E+01,1.759626E+01,1.491613E+04,0.000000E+00,4.874516E-01,0.000000E+00,0.000000E+00,0.000000E+00,0.000000E+00,0.000000E+00,0.000000E+00,0.000000E+00,0.000000E+00,0.000000E+00,1.999123E+01,3.469413E+01,3.085762E+01,1.696383E+01,1.602041E+04,0.000000E+00,5.235366E-01,0.000000E+00,0.000000E+00,0.000000E+00,0.000000E+00,0.000000E+00,0.000000E+00,0.000000E+00,0.000000E+00,0.000000E+00,1.999110E+01,3.535677E+01,3.115051E+01,1.668430E+01,3.011623E+04,0.000000E+00,9.841428E-01,0.000000E+00,0.000000E+00,0.000000E+00,0.000000E+00,0.000000E+00,0.000000E+00,0.000000E+00,0.000000E+00,0.000000E+00,1.999002E+01,4.070422E+01,2.916212E+01,1.869160E+01
04:30:00,1.495070E+04,0.000000E+00,4.885813E-01,0.000000E+00,0.000000E+00,0.000000E+00,0.000000E+00,0.000000E+00,0.000000E+00,0.000000E+00,0.000000E+00,0.000000E+00,1.999124E+01,3.471279E+01,2.547980E+01,2.380250E+01,1.484555E+04,0.000000E+00,4.851451E-01,0.000000E+00,0.000000E+00,0.000000E+00,0.000000E+00,0.000000E+00,0.000000E+00,0.000000E+00,0.000000E+00,0.000000E+00,1.999124E+01,3.464080E+01,2.879784E+01,1.961035E+01,1.486588E+04,0.000000E+00,4.858091E-01,0.000000E+00,0.000000E+00,0.000000E+00,0.000000E+00,0.000000E+00,0.000000E+00,0.000000E+00,0.000000E+00,0.000000E+00,1.999123E+01,3.465239E+01,3.011755E+01,1.818041E+01,1.499782E+04,0.000000E+00,4.901205E-01,0.000000E+00,0.000000E+00,0.000000E+00,0.000000E+00,0.000000E+00,0.000000E+00,0.000000E+00,0.000000E+00,0.000000E+00,1.999122E+01,3.473440E+01,3.075673E+01,1.753060E+01,1.610730E+04,0.000000E+00,5.263755E-01,0.000000E+00,0.000000E+00,0.000000E+00,0.000000E+00,0.000000E+00,0.000000E+00,0.000000E+00,0.000000E+00,0.000000E+00,1.999109E+01,3.539634E+01,3.103175E+01,1.725933E+01,3.026770E+04,0.000000E+00,9.890919E-01,0.000000E+00,0.000000E+00,0.000000E+00,0.000000E+00,0.000000E+00,0.000000E+00,0.000000E+00,0.000000E+00,0.000000E+00,1.999002E+01,4.073377E+01,2.898855E+01,1.939710E+01
04:40:00,1.502012E+04,0.000000E+00,4.908494E-01,0.000000E+00,0.000000E+00,0.000000E+00,0.000000E+00,0.000000E+00,0.000000E+00,0.000000E+00,0.000000E+00,0.000000E+00,1.999123E+01,3.474654E+01,2.539707E+01,2.466690E+01,1.491926E+04,0.000000E+00,4.875535E-01,0.000000E+00,0.000000E+00,0.000000E+00,0.000000E+00,0.000000E+00,0.000000E+00,0.000000E+00,0.000000E+00,0.000000E+00,1.999123E+01,3.467771E+01,2.870039E+01,2.034115E+01,1.494017E+04,0.000000E+00,4.882365E-01,0.000000E+00,0.000000E+00,0.000000E+00,0.000000E+00,0.000000E+00,0.000000E+00,0.000000E+00,0.000000E+00,0.000000E+00,1.999122E+01,3.468961E+01,3.001961E+01,1.885880E+01,1.507261E+04,0.000000E+00,4.925644E-01,0.000000E+00,0.000000E+00,0.000000E+00,0.000000E+00,0.000000E+00,0.000000E+00,0.000000E+00,0.000000E+00,0.000000E+00,1.999121E+01,3.477148E+01,3.065521E+01,1.818864E+01,1.618699E+04,0.000000E+00,5.289794E-01,0.000000E+00,0.000000E+00,0.000000E+00,0.000000E+00,0.000000E+00,0.000000E+00,0.000000E+00,0.000000E+00,0.000000E+00,1.999108E+01,3.543274E+01,3.091238E+01,1.792547E+01,3.040641E+04,0.000000E+00,9.936245E-01,0.000000E+00,0.000000E+00,0.000000E+00,0.000000E+00,0.000000E+00,0.000000E+00,0.000000E+00,0.000000E+00,0.000000E+00,1.999002E+01,4.076015E+01,2.881468E+01,2.020914E+01
04:50:00,1.508283E+04,0.000000E+00,4.928984E-01,0.000000E+00,0.000000E+00,0.000000E+00,0.000000E+00,0.000000E+00,0.000000E+00,0.000000E+00,0.000000E+00,0.000000E+00,1.999122E+01,3.477795E+01,2.531418E+01,2.563741E+01,1.498612E+04,0.000000E+00,4.897380E-01,0.000000E+00,0.000000E+00,0.000000E+00,0.000000E+00,0.000000E+00,0.000000E+00,0.000000E+00,0.000000E+00,0.000000E+00,1.999122E+01,3.471217E+01,2.860253E+01,2.116115E+01,1.500758E+04,0.000000E+00,4.904392E-01,0.000000E+00,0.000000E+00,0.000000E+00,0.000000E+00,0.000000E+00,0.000000E+00,0.000000E+00,0.000000E+00,0.000000E+00,1.999121E+01,3.472436E+01,2.992119E+01,1.962003E+01,1.514049E+04,0.000000E+00,4.947826E-01,0.000000E+00,0.000000E+00,0.000000E+00,0.000000E+00,0.000000E+00,0.000000E+00,0.000000E+00,0.000000E+00,0.000000E+00,1.999120E+01,3.480609E+01,3.055313E+01,1.892694E+01,1.625946E+04,0.000000E+00,5.313474E-01,0.000000E+00,0.000000E+00,0.000000E+00,0.000000E+00,0.000000E+00,0.000000E+00,0.000000E+00,0.000000E+00,0.000000E+00,1.999107E+01,3.546670E+01,3.079247E+01,1.867209E+01,3.053234E+04,0.000000E+00,9.977392E-01,0.000000E+00,0.000000E+00,0.000000E+00,0.000000E+00,0.000000E+00,0.000000E+00,0.000000E+00,0.000000E+00,0.000000E+00,1.999001E+01,4.078441E+01,2.864091E+01,2.111643E+01
05:00:00,1.513881E+04,0.000000E+00,4.947277E-01,0.000000E+00,0.000000E+00,0.000000E+00,0.000000E+00,0.000000E+00,0.000000E+00,0.000000E+00,0.000000E+00,0.000000E+00,1.999121E+01,3.480765E+01,2.523115E+01,2.669806E+01,1.504610E+04,0.000000E+00,4.916978E-01,0.000000E+00,0.000000E+00,0.000000E+00,0.000000E+00,0.000000E+00,0.000000E+00,0.000000E+00,0.000000E+00,0.000000E+00,1.999121E+01,3.474481E+01,2.850428E+01,2.205720E+01,1.506809E+04,0.000000E+00,4.924166E-01,0.000000E+00,0.000000E+00,0.000000E+00,0.000000E+00,0.000000E+00,0.000000E+00,0.000000E+00,0.000000E+00,0.000000E+00,1.999120E+01,3.475728E+01,2.982231E+01,2.045185E+01,1.520145E+04,0.000000E+00,4.967745E-01,0.000000E+00,0.000000E+00,0.000000E+00,0.000000E+00,0.000000E+00,0.000000E+00,0.000000E+00,0.000000E+00,0.000000E+00,1.999118E+01,3.483890E+01,3.045053E+01,1.973370E+01,1.632469E+04,0.000000E+00,5.334788E-01,0.000000E+00,0.000000E+00,0.000000E+00,0.000000E+00,0.000000E+00,0.000000E+00,0.000000E+00,0.000000E+00,0.000000E+00,1.999106E+01,3.549889E+01,3.067206E+01,1.948779E+01,3.064541E+04,0.000000E+00,1.001434E+00,0.000000E+00,0.000000E+00,0.000000E+00,0.000000E+00,0.000000E+00,0.000000E+00,0.000000E+00,0.000000E+00,0.000000E+00,1.999001E+01,4.080737E+01,2.846740E+01,2.210676E+01
05:10:00,1.519120E+04,0.000000E+00,4.964396E-01,0.000000E+00,0.000000E+00,0.000000E+00,0.000000E+00,0.000000E+00,0.000000E+00,0.000000E+00,0.000000E+00,0.000000E+00,1.999119E+01,3.483605E+01,2.514799E+01,2.783505E+01,1.510241E+04,0.000000E+00,4.935380E-01,0.000000E+00,0.000000E+00,0.000000E+00,0.000000E+00,0.000000E+00,0.000000E+00,0.000000E+00,0.000000E+00,0.000000E+00,1.999119E+01,3.477608E+01,2.840567E+01,2.301797E+01,1.512493E+04,0.000000E+00,4.942738E-01,0.000000E+00,0.000000E+00,0.000000E+00,0.000000E+00,0.000000E+00,0.000000E+00,0.000000E+00,0.000000E+00,0.000000E+00,1.999119E+01,3.478883E+01,2.972300E+01,2.134370E+01,1.525872E+04,0.000000E+00,4.986458E-01,0.000000E+00,0.000000E+00,0.000000E+00,0.000000E+00,0.000000E+00,0.000000E+00,0.000000E+00,0.000000E+00,0.000000E+00,1.999117E+01,3.487033E+01,3.034741E+01,2.059878E+01,1.638609E+04,0.000000E+00,5.354851E-01,0.000000E+00,0.000000E+00,0.000000E+00,0.000000E+00,0.000000E+00,0.000000E+00,0.000000E+00,0.000000E+00,0.000000E+00,1.999104E+01,3.552975E+01,3.055120E+01,2.036268E+01,3.075161E+04,0.000000E+00,1.004904E+00,0.000000E+00,0.000000E+00,0.000000E+00,0.000000E+00,0.000000E+00,0.000000E+00,0.000000E+00,0.000000E+00,0.000000E+00,1.999000E+01,4.082945E+01,2.829416E+01,2.316966E+01
05:20:00,1.524002E+04,0.000000E+00,4.980347E-01,0.000000E+00,0.000000E+00,0.000000E+00,0.000000E+00,0.000000E+00,0.000000E+00,0.000000E+00,0.000000E+00,0.000000E+00,1.999119E+01,3.486051E+01,2.506657E+01,2.895445E+01,1.515507E+04,0.000000E+00,4.952588E-01,0.000000E+00,0.000000E+00,0.000000E+00,0.000000E+00,0.000000E+00,0.000000E+00,0.000000E+00,0.000000E+00,0.000000E+00,1.999119E+01,3.480331E+01,2.830865E+01,2.396520E+01,1.517810E+04,0.000000E+00,4.960113E-01,0.000000E+00,0.000000E+00,0.000000E+00,0.000000E+00,0.000000E+00,0.000000E+00,0.000000E+00,0.000000E+00,0.000000E+00,1.999119E+01,3.481634E+01,2.962516E+01,2.222285E+01,1.531231E+04,0.000000E+00,5.003969E-01,0.000000E+00,0.000000E+00,0.000000E+00,0.000000E+00,0.000000E+00,0.000000E+00,0.000000E+00,0.000000E+00,0.000000E+00,1.999117E+01,3.489775E+01,3.024571E+01,2.145189E+01,1.644364E+04,0.000000E+00,5.373658E-01,0.000000E+00,0.000000E+00,0.000000E+00,0.000000E+00,0.000000E+00,0.000000E+00,0.000000E+00,0.000000E+00,0.000000E+00,1.999104E+01,3.555666E+01,3.043182E+01,2.122734E+01,3.085125E+04,0.000000E+00,1.008160E+00,0.000000E+00,0.000000E+00,0.000000E+00,0.000000E+00,0.000000E+00,0.000000E+00,0.000000E+00,0.000000E+00,0.000000E+00,1.999000E+01,4.084818E+01,2.812297E+01,2.422712E+01
05:30:00,1.528517E+04,0.000000E+00,4.995102E-01,0.000000E+00,0.000000E+00,0.000000E+00,0.000000E+00,0.000000E+00,0.000000E+00,0.000000E+00,0.000000E+00,0.000000E+00,1.999119E+01,3.488004E+01,2.498717E+01,3.000413E+01,1.520396E+04,0.000000E+00,4.968563E-01,0.000000E+00,0.000000E+00,0.000000E+00,0.000000E+00,0.000000E+00,0.000000E+00,0.000000E+00,0.000000E+00,0.000000E+00,1.999119E+01,3.482549E+01,2.821355E+01,2.485535E+01,1.522749E+04,0.000000E+00,4.976250E-01,0.000000E+00,0.000000E+00,0.000000E+00,0.000000E+00,0.000000E+00,0.000000E+00,0.000000E+00,0.000000E+00,0.000000E+00,1.999118E+01,3.483879E+01,2.952903E+01,2.304898E+01,1.536209E+04,0.000000E+00,5.020236E-01,0.000000E+00,0.000000E+00,0.000000E+00,0.000000E+00,0.000000E+00,0.000000E+00,0.000000E+00,0.000000E+00,0.000000E+00,1.999116E+01,3.492011E+01,3.014563E+01,2.225408E+01,1.649721E+04,0.000000E+00,5.391161E-01,0.000000E+00,0.000000E+00,0.000000E+00,0.000000E+00,0.000000E+00,0.000000E+00,0.000000E+00,0.000000E+00,0.000000E+00,1.999104E+01,3.557865E+01,3.031416E+01,2.204312E+01,3.094409E+04,0.000000E+00,1.011194E+00,0.000000E+00,0.000000E+00,0.000000E+00,0.000000E+00,0.000000E+00,0.000000E+00,0.000000E+00,0.000000E+00,0.000000E+00,1.998999E+01,4.086281E+01,2.795384E+01,2.523526E+01
05:40:00,1.532667E+04,0.000000E+00,5.008661E-01,0.000000E+00,0.000000E+00,0.000000E+00,0.000000E+00,0.000000E+00,0.000000E+00,0.000000E+00,0.000000E+00,0.000000E+00,1.999118E+01,3.489521E+01,2.490903E+01,3.097388E+01,1.524907E+04,0.000000E+00,4.983304E-01,0.000000E+00,0.000000E+00,0.000000E+00,0.000000E+00,0.000000E+00,0.000000E+00,0.000000E+00,0.000000E+00,0.000000E+00,1.999118E+01,3.484319E+01,2.811960E+01,2.567992E+01,1.527308E+04,0.000000E+00,4.991148E-01,0.000000E+00,0.000000E+00,0.000000E+00,0.000000E+00,0.000000E+00,0.000000E+00,0.000000E+00,0.000000E+00,0.000000E+00,1.999118E+01,3.485674E+01,2.943381E+01,2.381431E+01,1.540807E+04,0.000000E+00,5.035259E-01,0.000000E+00,0.000000E+00,0.000000E+00,0.000000E+00,0.000000E+00,0.000000E+00,0.000000E+00,0.000000E+00,0.000000E+00,1.999116E+01,3.493801E+01,3.004636E+01,2.299783E+01,1.654678E+04,0.000000E+00,5.407359E-01,0.000000E+00,0.000000E+00,0.000000E+00,0.000000E+00,0.000000E+00,0.000000E+00,0.000000E+00,0.000000E+00,0.000000E+00,1.999103E+01,3.559628E+01,3.019740E+01,2.280240E+01,3.103017E+04,0.000000E+00,1.014007E+00,0.000000E+00,0.000000E+00,0.000000E+00,0.000000E+00,0.000000E+00,0.000000E+00,0.000000E+00,0.000000E+00,0.000000E+00,1.998999E+01,4.087416E+01,2.778593E+01,2.618484E+01
05:50:00,1.536431E+04,0.000000E+00,5.020960E-01,0.000000E+00,0.000000E+00,0.000000E+00,0.000000E+00,0.000000E+00,0.000000E+00,0.000000E+00,0.000000E+00,0.000000E+00,1.999117E+01,3.490712E+01,2.483140E+01,3.187169E+01,1.529015E+04,0.000000E+00,4.996726E-01,0.000000E+00,0.000000E+00,0.000000E+00,0.000000E+00,0.000000E+00,0.000000E+00,0.000000E+00,0.000000E+00,0.000000E+00,1.999117E+01,3.485751E+01,2.802600E+01,2.644559E+01,1.531461E+04,0.000000E+00,5.004719E-01,0.000000E+00,0.000000E+00,0.000000E+00,0.000000E+00,0.000000E+00,0.000000E+00,0.000000E+00,0.000000E+00,0.000000E+00,1.999117E+01,3.487132E+01,2.933873E+01,2.452503E+01,1.544995E+04,0.000000E+00,5.048945E-01,0.000000E+00,0.000000E+00,0.000000E+00,0.000000E+00,0.000000E+00,0.000000E+00,0.000000E+00,0.000000E+00,0.000000E+00,1.999115E+01,3.495254E+01,2.994717E+01,2.368912E+01,1.659202E+04,0.000000E+00,5.422143E-01,0.000000E+00,0.000000E+00,0.000000E+00,0.000000E+00,0.000000E+00,0.000000E+00,0.000000E+00,0.000000E+00,0.000000E+00,1.999102E+01,3.561068E+01,3.008079E+01,2.351100E+01,3.110906E+04,0.000000E+00,1.016584E+00,0.000000E+00,0.000000E+00,0.000000E+00,0.000000E+00,0.000000E+00,0.000000E+00,0.000000E+00,0.000000E+00,0.000000E+00,1.998998E+01,4.088342E+01,2.761857E+01,2.708173E+01
06:00:00,1.539840E+04,0.000000E+00,5.032100E-01,0.000000E+00,0.000000E+00,0.000000E+00,0.000000E+00,0.000000E+00,0.000000E+00,0.000000E+00,0.000000E+00,0.000000E+00,1.999116E+01,3.491662E+01,2.475386E+01,3.270844E+01,1.532760E+04,0.000000E+00,5.008963E-01,0.000000E+00,0.000000E+00,0.000000E+00,0.000000E+00,0.000000E+00,0.000000E+00,0.000000E+00,0.000000E+00,0.000000E+00,1.999116E+01,3.486930E+01,2.793232E+01,2.716149E+01,1.535250E+04,0.000000E+00,5.017100E-01,0.000000E+00,0.000000E+00,0.000000E+00,0.000000E+00,0.000000E+00,0.000000E+00,0.000000E+00,0.000000E+00,0.000000E+00,1.999116E+01,3.488334E+01,2.924345E+01,2.518961E+01,1.548818E+04,0.000000E+00,5.061438E-01,0.000000E+00,0.000000E+00,0.000000E+00,0.000000E+00,0.000000E+00,0.000000E+00,0.000000E+00,0.000000E+00,0.000000E+00,1.999114E+01,3.496453E+01,2.984772E+01,2.433610E+01,1.663347E+04,0.000000E+00,5.435688E-01,0.000000E+00,0.000000E+00,0.000000E+00,0.000000E+00,0.000000E+00,0.000000E+00,0.000000E+00,0.000000E+00,0.000000E+00,1.999101E+01,3.562263E+01,2.996396E+01,2.417690E+01,3.118144E+04,0.000000E+00,1.018949E+00,0.000000E+00,0.000000E+00,0.000000E+00,0.000000E+00,0.000000E+00,0.000000E+00,0.000000E+00,0.000000E+00,0.000000E+00,1.998997E+01,4.089132E+01,2.745152E+01,2.793434E+01
06:10:00,1.543360E+04,0.000000E+00,5.043602E-01,0.000000E+00,0.000000E+00,0.000000E+00,0.000000E+00,0.000000E+00,0.000000E+00,0.000000E+00,0.000000E+00,0.000000E+00,1.999115E+01,3.492453E+01,2.467619E+01,3.349308E+01,1.536608E+04,0.000000E+00,5.021537E-01,0.000000E+00,0.000000E+00,0.000000E+00,0.000000E+00,0.000000E+00,0.000000E+00,0.000000E+00,0.000000E+00,0.000000E+00,1.999115E+01,3.487942E+01,2.783828E+01,2.783521E+01,1.539140E+04,0.000000E+00,5.029813E-01,0.000000E+00,0.000000E+00,0.000000E+00,0.000000E+00,0.000000E+00,0.000000E+00,0.000000E+00,0.000000E+00,0.000000E+00,1.999114E+01,3.489369E+01,2.914768E+01,2.581513E+01,1.552741E+04,0.000000E+00,5.074256E-01,0.000000E+00,0.000000E+00,0.000000E+00,0.000000E+00,0.000000E+00,0.000000E+00,0.000000E+00,0.000000E+00,0.000000E+00,1.999113E+01,3.497486E+01,2.974769E+01,2.494566E+01,1.667590E+04,0.000000E+00,5.449552E-01,0.000000E+00,0.000000E+00,0.000000E+00,0.000000E+00,0.000000E+00,0.000000E+00,0.000000E+00,0.000000E+00,0.000000E+00,1.999100E+01,3.563303E+01,2.984662E+01,2.480681E+01,3.125584E+04,0.000000E+00,1.021380E+00,0.000000E+00,0.000000E+00,0.000000E+00,0.000000E+00,0.000000E+00,0.000000E+00,0.000000E+00,0.000000E+00,0.000000E+00,1.998996E+01,4.089853E+01,2.728454E+01,2.874973E+01
06:20:00,1.547011E+04,0.000000E+00,5.055532E-01,0.000000E+00,0.000000E+00,0.000000E+00,0.000000E+00,0.000000E+00,0.000000E+00,0.000000E+00,0.000000E+00,0.000000E+00,1.999113E+01,3.493273E+01,2.460431E+01,3.420787E+01,1.540582E+04,0.000000E+00,5.034522E-01,0.000000E+00,0.000000E+00,0.000000E+00,0.000000E+00,0.000000E+00,0.000000E+00,0.000000E+00,0.000000E+00,0.000000E+00,1.999113E+01,3.488979E+01,2.775001E+01,2.845182E+01,1.543156E+04,0.000000E+00,5.042933E-01,0.000000E+00,0.000000E+00,0.000000E+00,0.000000E+00,0.000000E+00,0.000000E+00,0.000000E+00,0.000000E+00,0.000000E+00,1.999113E+01,3.490429E+01,2.905757E+01,2.638785E+01,1.556789E+04,0.000000E+00,5.087481E-01,0.000000E+00,0.000000E+00,0.000000E+00,0.000000E+00,0.000000E+00,0.000000E+00,0.000000E+00,0.000000E+00,0.000000E+00,1.999111E+01,3.498545E+01,2.965326E+01,2.550449E+01,1.671960E+04,0.000000E+00,5.463830E-01,0.000000E+00,0.000000E+00,0.000000E+00,0.000000E+00,0.000000E+00,0.000000E+00,0.000000E+00,0.000000E+00,0.000000E+00,1.999098E+01,3.564376E+01,2.973517E+01,2.538705E+01,3.133312E+04,0.000000E+00,1.023906E+00,0.000000E+00,0.000000E+00,0.000000E+00,0.000000E+00,0.000000E+00,0.000000E+00,0.000000E+00,0.000000E+00,0.000000E+00,1.998994E+01,4.090691E+01,2.712876E+01,2.950324E+01
06:30:00,1.550790E+04,0.000000E+00,5.067880E-01,0.000000E+00,0.000000E+00,0.000000E+00,0.000000E+00,0.000000E+00,0.000000E+00,0.000000E+00,0.000000E+00,0.000000E+00,1.999112E+01,3.494205E+01,2.453931E+01,3.484868E+01,1.544679E+04,0.000000E+00,5.047910E-01,0.000000E+00,0.000000E+00,0.000000E+00,0.000000E+00,0.000000E+00,0.000000E+00,0.000000E+00,0.000000E+00,0.000000E+00,1.999112E+01,3.490123E+01,2.766875E+01,2.900760E+01,1.547294E+04,0.000000E+00,5.056454E-01,0.000000E+00,0.000000E+00,0.000000E+00,0.000000E+00,0.000000E+00,0.000000E+00,0.000000E+00,0.000000E+00,0.000000E+00,1.999111E+01,3.491595E+01,2.897403E+01,2.690484E+01,1.560959E+04,0.000000E+00,5.101106E-01,0.000000E+00,0.000000E+00,0.000000E+00,0.000000E+00,0.000000E+00,0.000000E+00,0.000000E+00,0.000000E+00,0.000000E+00,1.999109E+01,3.499710E+01,2.956534E+01,2.600980E+01,1.676454E+04,0.000000E+00,5.478516E-01,0.000000E+00,0.000000E+00,0.000000E+00,0.000000E+00,0.000000E+00,0.000000E+00,0.000000E+00,0.000000E+00,0.000000E+00,1.999097E+01,3.565560E+01,2.963067E+01,2.591445E+01,3.141321E+04,0.000000E+00,1.026522E+00,0.000000E+00,0.000000E+00,0.000000E+00,0.000000E+00,0.000000E+00,0.000000E+00,0.000000E+00,0.000000E+00,0.000000E+00,1.998992E+01,4.091705E+01,2.698547E+01,3.018946E+01
06:40:00,1.554699E+04,0.000000E+00,5.080652E-01,0.000000E+00,0.000000E+00,0.000000E+00,0.000000E+00,0.000000E+00,0.000000E+00,0.000000E+00,0.000000E+00,0.000000E+00,1.999110E+01,3.495242E+01,2.447882E+01,3.542384E+01,1.548902E+04,0.000000E+00,5.061708E-01,0.000000E+00,0.000000E+00,0.000000E+00,0.000000E+00,0.000000E+00,0.000000E+00,0.000000E+00,0.000000E+00,0.000000E+00,1.999110E+01,3.491369E+01,2.759214E+01,2.950931E+01,1.551557E+04,0.000000E+00,5.070382E-01,0.000000E+00,0.000000E+00,0.000000E+00,0.000000E+00,0.000000E+00,0.000000E+00,0.000000E+00,0.000000E+00,0.000000E+00,1.999109E+01,3.492862E+01,2.889454E+01,2.737268E+01,1.565253E+04,0.000000E+00,5.115138E-01,0.000000E+00,0.000000E+00,0.000000E+00,0.000000E+00,0.000000E+00,0.000000E+00,0.000000E+00,0.000000E+00,0.000000E+00,1.999108E+01,3.500976E+01,2.948138E+01,2.646795E+01,1.681076E+04,0.000000E+00,5.493616E-01,0.000000E+00,0.000000E+00,0.000000E+00,0.000000E+00,0.000000E+00,0.000000E+00,0.000000E+00,0.000000E+00,0.000000E+00,1.999095E+01,3.566847E+01,2.953056E+01,2.639515E+01,3.149619E+04,0.000000E+00,1.029233E+00,0.000000E+00,0.000000E+00,0.000000E+00,0.000000E+00,0.000000E+00,0.000000E+00,0.000000E+00,0.000000E+00,0.000000E+00,1.998991E+01,4.092851E+01,2.684963E+01,3.081901E+01
06:50:00,1.558758E+04,0.000000E+00,5.093915E-01,0.000000E+00,0.000000E+00,0.000000E+00,0.000000E+00,0.000000E+00,0.000000E+00,0.000000E+00,0.000000E+00,0.000000E+00,1.999108E+01,3.496350E+01,2.442471E+01,3.593512E+01,1.553277E+04,0.000000E+00,5.076002E-01,0.000000E+00,0.000000E+00,0.000000E+00,0.000000E+00,0.000000E+00,0.000000E+00,0.000000E+00,0.000000E+00,0.000000E+00,1.999108E+01,3.492681E+01,2.752184E+01,2.995880E+01,1.555972E+04,0.000000E+00,5.084807E-01,0.000000E+00,0.000000E+00,0.000000E+00,0.000000E+00,0.000000E+00,0.000000E+00,0.000000E+00,0.000000E+00,0.000000E+00,1.999108E+01,3.494195E+01,2.882111E+01,2.779262E+01,1.569700E+04,0.000000E+00,5.129668E-01,0.000000E+00,0.000000E+00,0.000000E+00,0.000000E+00,0.000000E+00,0.000000E+00,0.000000E+00,0.000000E+00,0.000000E+00,1.999106E+01,3.502307E+01,2.940337E+01,2.688016E+01,1.685859E+04,0.000000E+00,5.509245E-01,0.000000E+00,0.000000E+00,0.000000E+00,0.000000E+00,0.000000E+00,0.000000E+00,0.000000E+00,0.000000E+00,0.000000E+00,1.999093E+01,3.568198E+01,2.943720E+01,2.682969E+01,3.158250E+04,0.000000E+00,1.032054E+00,0.000000E+00,0.000000E+00,0.000000E+00,0.000000E+00,0.000000E+00,0.000000E+00,0.000000E+00,0.000000E+00,0.000000E+00,1.998990E+01,4.094066E+01,2.673716E+01,3.136656E+01
07:00:00,1.562938E+04,0.000000E+00,5.107570E-01,0.000000E+00,0.000000E+00,0.000000E+00,0.000000E+00,0.000000E+00,0.000000E+00,0.000000E+00,0.000000E+00,0.000000E+00,1.999107E+01,3.497497E+01,2.437699E+01,3.638810E+01,1.557764E+04,0.000000E+00,5.090662E-01,0.000000E+00,0.000000E+00,0.000000E+00,0.000000E+00,0.000000E+00,0.000000E+00,0.000000E+00,0.000000E+00,0.000000E+00,1.999107E+01,3.494027E+01,2.745793E+01,3.036062E+01,1.560497E+04,0.000000E+00,5.099594E-01,0.000000E+00,0.000000E+00,0.000000E+00,0.000000E+00,0.000000E+00,0.000000E+00,0.000000E+00,0.000000E+00,0.000000E+00,1.999106E+01,3.495562E+01,2.875390E+01,2.816878E+01,1.574257E+04,0.000000E+00,5.144557E-01,0.000000E+00,0.000000E+00,0.000000E+00,0.000000E+00,0.000000E+00,0.000000E+00,0.000000E+00,0.000000E+00,0.000000E+00,1.999104E+01,3.503671E+01,2.933152E+01,2.725035E+01,1.690752E+04,0.000000E+00,5.525230E-01,0.000000E+00,0.000000E+00,0.000000E+00,0.000000E+00,0.000000E+00,0.000000E+00,0.000000E+00,0.000000E+00,0.000000E+00,1.999092E+01,3.569580E+01,2.935096E+01,2.722152E+01,3.167156E+04,0.000000E+00,1.034963E+00,0.000000E+00,0.000000E+00,0.000000E+00,0.000000E+00,0.000000E+00,0.000000E+00,0.000000E+00,0.000000E+00,0.000000E+00,1.998988E+01,4.095303E+01,2.664975E+01,3.183172E+01
07:10:00,1.566447E+04,0.000000E+00,5.119035E-01,0.000000E+00,0.000000E+00,0.000000E+00,0.000000E+00,0.000000E+00,0.000000E+00,0.000000E+00,0.000000E+00,0.000000E+00,1.999105E+01,3.498662E+01,2.433368E+01,3.679218E+01,1.561562E+04,0.000000E+00,5.103072E-01,0.000000E+00,0.000000E+00,0.000000E+00,0.000000E+00,0.000000E+00,0.000000E+00,0.000000E+00,0.000000E+00,0.000000E+00,1.999105E+01,3.495387E+01,2.739851E+01,3.072227E+01,1.564332E+04,0.000000E+00,5.112124E-01,0.000000E+00,0.000000E+00,0.000000E+00,0.000000E+00,0.000000E+00,0.000000E+00,0.000000E+00,0.000000E+00,0.000000E+00,1.999105E+01,3.496941E+01,2.869093E+01,2.850825E+01,1.578122E+04,0.000000E+00,5.157186E-01,0.000000E+00,0.000000E+00,0.000000E+00,0.000000E+00,0.000000E+00,0.000000E+00,0.000000E+00,0.000000E+00,0.000000E+00,1.999103E+01,3.505049E+01,2.926386E+01,2.758531E+01,1.694926E+04,0.000000E+00,5.538866E-01,0.000000E+00,0.000000E+00,0.000000E+00,0.000000E+00,0.000000E+00,0.000000E+00,0.000000E+00,0.000000E+00,0.000000E+00,1.999090E+01,3.570973E+01,2.926987E+01,2.757728E+01,3.174842E+04,0.000000E+00,1.037474E+00,0.000000E+00,0.000000E+00,0.000000E+00,0.000000E+00,0.000000E+00,0.000000E+00,0.000000E+00,0.000000E+00,0.000000E+00,1.998987E+01,4.096538E+01,2.657789E+01,3.223506E+01
07:20:00,1.569279E+04,0.000000E+00,5.128289E-01,0.000000E+00,0.000000E+00,0.000000E+00,0.000000E+00,0.000000E+00,0.000000E+00,0.000000E+00,0.000000E+00,0.000000E+00,1.999106E+01,3.499962E+01,2.430416E+01,3.713218E+01,1.564671E+04,0.000000E+00,5.113228E-01,0.000000E+00,0.000000E+00,0.000000E+00,0.000000E+00,0.000000E+00,0.000000E+00,0.000000E+00,0.000000E+00,0.000000E+00,1.999106E+01,3.496870E+01,2.735331E+01,3.103080E+01,1.567476E+04,0.000000E+00,5.122395E-01,0.000000E+00,0.000000E+00,0.000000E+00,0.000000E+00,0.000000E+00,0.000000E+00,0.000000E+00,0.000000E+00,0.000000E+00,1.999105E+01,3.498443E+01,2.864179E+01,2.879944E+01,1.581294E+04,0.000000E+00,5.167549E-01,0.000000E+00,0.000000E+00,0.000000E+00,0.000000E+00,0.000000E+00,0.000000E+00,0.000000E+00,0.000000E+00,0.000000E+00,1.999104E+01,3.506549E+01,2.921004E+01,2.787380E+01,1.698375E+04,0.000000E+00,5.550137E-01,0.000000E+00,0.000000E+00,0.000000E+00,0.000000E+00,0.000000E+00,0.000000E+00,0.000000E+00,0.000000E+00,0.000000E+00,1.999091E+01,3.572489E+01,2.920371E+01,2.788537E+01,3.181207E+04,0.000000E+00,1.039554E+00,0.000000E+00,0.000000E+00,0.000000E+00,0.000000E+00,0.000000E+00,0.000000E+00,0.000000E+00,0.000000E+00,0.000000E+00,1.998988E+01,4.097843E+01,2.653040E+01,3.256368E+01
07:30:00,1.571423E+04,0.000000E+00,5.135293E-01,0.000000E+00,0.000000E+00,0.000000E+00,0.000000E+00,0.000000E+00,0.000000E+00,0.000000E+00,0.000000E+00,0.000000E+00,1.999107E+01,3.501443E+01,2.428941E+01,3.740985E+01,1.567071E+04,0.000000E+00,5.121071E-01,0.000000E+00,0.000000E+00,0.000000E+00,0.000000E+00,0.000000E+00,0.000000E+00,0.000000E+00,0.000000E+00,0.000000E+00,1.999107E+01,3.498522E+01,2.732354E+01,3.128723E+01,1.569909E+04,0.000000E+00,5.130344E-01,0.000000E+00,0.000000E+00,0.000000E+00,0.000000E+00,0.000000E+00,0.000000E+00,0.000000E+00,0.000000E+00,0.000000E+00,1.999106E+01,3.500113E+01,2.860709E+01,2.904430E+01,1.583752E+04,0.000000E+00,5.175579E-01,0.000000E+00,0.000000E+00,0.000000E+00,0.000000E+00,0.000000E+00,0.000000E+00,0.000000E+00,0.000000E+00,0.000000E+00,1.999104E+01,3.508219E+01,2.917060E+01,2.811780E+01,1.701077E+04,0.000000E+00,5.558966E-01,0.000000E+00,0.000000E+00,0.000000E+00,0.000000E+00,0.000000E+00,0.000000E+00,0.000000E+00,0.000000E+00,0.000000E+00,1.999092E+01,3.574174E+01,2.915306E+01,2.814752E+01,3.186239E+04,0.000000E+00,1.041198E+00,0.000000E+00,0.000000E+00,0.000000E+00,0.000000E+00,0.000000E+00,0.000000E+00,0.000000E+00,0.000000E+00,0.000000E+00,1.998989E+01,4.099221E+01,2.650552E+01,3.282368E+01
07:40:00,1.572898E+04,0.000000E+00,5.140114E-01,0.000000E+00,0.000000E+00,0.000000E+00,0.000000E+00,0.000000E+00,0.000000E+00,0.000000E+00,0.000000E+00,0.000000E+00,1.999108E+01,3.503072E+01,2.428463E+01,3.763895E+01,1.568791E+04,0.000000E+00,5.126692E-01,0.000000E+00,0.000000E+00,0.000000E+00,0.000000E+00,0.000000E+00,0.000000E+00,0.000000E+00,0.000000E+00,0.000000E+00,1.999108E+01,3.500311E+01,2.730432E+01,3.150283E+01,1.571660E+04,0.000000E+00,5.136066E-01,0.000000E+00,0.000000E+00,0.000000E+00,0.000000E+00,0.000000E+00,0.000000E+00,0.000000E+00,0.000000E+00,0.000000E+00,1.999107E+01,3.501918E+01,2.858178E+01,2.925355E+01,1.585525E+04,0.000000E+00,5.181374E-01,0.000000E+00,0.000000E+00,0.000000E+00,0.000000E+00,0.000000E+00,0.000000E+00,0.000000E+00,0.000000E+00,0.000000E+00,1.999105E+01,3.510024E+01,2.914046E+01,2.832768E+01,1.703066E+04,0.000000E+00,5.565466E-01,0.000000E+00,0.000000E+00,0.000000E+00,0.000000E+00,0.000000E+00,0.000000E+00,0.000000E+00,0.000000E+00,0.000000E+00,1.999093E+01,3.575990E+01,2.911272E+01,2.837420E+01,3.189972E+04,0.000000E+00,1.042418E+00,0.000000E+00,0.000000E+00,0.000000E+00,0.000000E+00,0.000000E+00,0.000000E+00,0.000000E+00,0.000000E+00,0.000000E+00,1.998990E+01,4.100634E+01,2.649493E+01,3.303336E+01
07:50:00,1.573683E+04,0.000000E+00,5.142678E-01,0.000000E+00,0.000000E+00,0.000000E+00,0.000000E+00,0.000000E+00,0.000000E+00,0.000000E+00,0.000000E+00,0.000000E+00,1.999109E+01,3.504814E+01,2.430983E+01,3.777665E+01,1.569802E+04,0.000000E+00,5.129997E-01,0.000000E+00,0.000000E+00,0.000000E+00,0.000000E+00,0.000000E+00,0.000000E+00,0.000000E+00,0.000000E+00,0.000000E+00,1.999109E+01,3.502203E+01,2.731452E+01,3.164465E+01,1.572699E+04,0.000000E+00,5.139463E-01,0.000000E+00,0.000000E+00,0.000000E+00,0.000000E+00,0.000000E+00,0.000000E+00,0.000000E+00,0.000000E+00,0.000000E+00,1.999108E+01,3.503826E+01,2.858627E+01,2.939427E+01,1.586584E+04,0.000000E+00,5.184834E-01,0.000000E+00,0.000000E+00,0.000000E+00,0.000000E+00,0.000000E+00,0.000000E+00,0.000000E+00,0.000000E+00,0.000000E+00,1.999106E+01,3.511932E+01,2.913960E+01,2.847238E+01,1.704307E+04,0.000000E+00,5.569521E-01,0.000000E+00,0.000000E+00,0.000000E+00,0.000000E+00,0.000000E+00,0.000000E+00,0.000000E+00,0.000000E+00,0.000000E+00,1.999094E+01,3.577905E+01,2.910330E+01,2.853311E+01,3.192360E+04,0.000000E+00,1.043198E+00,0.000000E+00,0.000000E+00,0.000000E+00,0.000000E+00,0.000000E+00,0.000000E+00,0.000000E+00,0.000000E+00,0.000000E+00,1.998991E+01,4.102063E+01,2.656604E+01,3.306321E+01
08:00:00,1.573777E+04,0.000000E+00,5.142988E-01,0.000000E+00,0.000000E+00,0.000000E+00,0.000000E+00,0.000000E+00,0.000000E+00,0.000000E+00,0.000000E+00,0.000000E+00,1.999110E+01,3.506621E+01,2.437469E+01,3.780298E+01,1.570105E+04,0.000000E+00,5.130985E-01,0.000000E+00,0.000000E+00,0.000000E+00,0.000000E+00,0.000000E+00,0.000000E+00,0.000000E+00,0.000000E+00,0.000000E+00,1.999110E+01,3.504153E+01,2.736378E+01,3.169624E+01,1.573027E+04,0.000000E+00,5.140535E-01,0.000000E+00,0.000000E+00,0.000000E+00,0.000000E+00,0.000000E+00,0.000000E+00,0.000000E+00,0.000000E+00,0.000000E+00,1.999109E+01,3.505791E+01,2.863122E+01,2.944954E+01,1.586928E+04,0.000000E+00,5.185958E-01,0.000000E+00,0.000000E+00,0.000000E+00,0.000000E+00,0.000000E+00,0.000000E+00,0.000000E+00,0.000000E+00,0.000000E+00,1.999107E+01,3.513895E+01,2.917883E+01,2.853526E+01,1.704800E+04,0.000000E+00,5.571132E-01,0.000000E+00,0.000000E+00,0.000000E+00,0.000000E+00,0.000000E+00,0.000000E+00,0.000000E+00,0.000000E+00,0.000000E+00,1.999095E+01,3.579869E+01,2.913674E+01,2.860554E+01,3.193403E+04,0.000000E+00,1.043539E+00,0.000000E+00,0.000000E+00,0.000000E+00,0.000000E+00,0.000000E+00,0.000000E+00,0.000000E+00,0.000000E+00,0.000000E+00,1.998993E+01,4.103484E+01,2.673725E+01,3.287989E+01
08:10:00,1.574320E+04,0.000000E+00,5.144764E-01,0.000000E+00,0.000000E+00,0.000000E+00,0.000000E+00,0.000000E+00,0.000000E+00,0.000000E+00,0.000000E+00,0.000000E+00,1.999111E+01,3.508463E+01,2.445971E+01,3.776444E+01,1.570856E+04,0.000000E+00,5.133442E-01,0.000000E+00,0.000000E+00,0.000000E+00,0.000000E+00,0.000000E+00,0.000000E+00,0.000000E+00,0.000000E+00,0.000000E+00,1.999111E+01,3.506129E+01,2.743223E+01,3.169620E+01,1.573804E+04,0.000000E+00,5.143074E-01,0.000000E+00,0.000000E+00,0.000000E+00,0.000000E+00,0.000000E+00,0.000000E+00,0.000000E+00,0.000000E+00,0.000000E+00,1.999110E+01,3.507781E+01,2.869445E+01,2.945875E+01,1.587719E+04,0.000000E+00,5.188547E-01,0.000000E+00,0.000000E+00,0.000000E+00,0.000000E+00,0.000000E+00,0.000000E+00,0.000000E+00,0.000000E+00,0.000000E+00,1.999109E+01,3.515883E+01,2.923613E+01,2.855403E+01,1.705745E+04,0.000000E+00,5.574223E-01,0.000000E+00,0.000000E+00,0.000000E+00,0.000000E+00,0.000000E+00,0.000000E+00,0.000000E+00,0.000000E+00,0.000000E+00,1.999096E+01,3.581852E+01,2.919143E+01,2.862854E+01,3.195155E+04,0.000000E+00,1.044112E+00,0.000000E+00,0.000000E+00,0.000000E+00,0.000000E+00,0.000000E+00,0.000000E+00,0.000000E+00,0.000000E+00,0.000000E+00,1.998994E+01,4.104885E+01,2.696747E+01,3.256838E+01
08:20:00,1.575337E+04,0.000000E+00,5.148087E-01,0.000000E+00,0.000000E+00,0.000000E+00,0.000000E+00,0.000000E+00,0.000000E+00,0.000000E+00,0.000000E+00,0.000000E+00,1.999111E+01,3.510197E+01,2.455960E+01,3.773665E+01,1.572082E+04,0.000000E+00,5.137449E-01,0.000000E+00,0.000000E+00,0.000000E+00,0.000000E+00,0.000000E+00,0.000000E+00,0.000000E+00,0.000000E+00,0.000000E+00,1.999110E+01,3.507995E+01,2.751657E+01,3.170443E+01,1.575055E+04,0.000000E+00,5.147163E-01,0.000000E+00,0.000000E+00,0.000000E+00,0.000000E+00,0.000000E+00,0.000000E+00,0.000000E+00,0.000000E+00,0.000000E+00,1.999110E+01,3.509659E+01,2.877172E+01,2.947929E+01,1.588986E+04,0.000000E+00,5.192686E-01,0.000000E+00,0.000000E+00,0.000000E+00,0.000000E+00,0.000000E+00,0.000000E+00,0.000000E+00,0.000000E+00,0.000000E+00,1.999108E+01,3.517759E+01,2.930777E+01,2.858347E+01,1.707177E+04,0.000000E+00,5.578903E-01,0.000000E+00,0.000000E+00,0.000000E+00,0.000000E+00,0.000000E+00,0.000000E+00,0.000000E+00,0.000000E+00,0.000000E+00,1.999095E+01,3.583714E+01,2.926469E+01,2.865525E+01,3.197778E+04,0.000000E+00,1.044970E+00,0.000000E+00,0.000000E+00,0.000000E+00,0.000000E+00,0.000000E+00,0.000000E+00,0.000000E+00,0.000000E+00,0.000000E+00,1.998994E+01,4.106171E+01,2.723729E+01,3.222407E+01
08:30:00,1.576832E+04,0.000000E+00,5.152975E-01,0.000000E+00,0.000000E+00,0.000000E+00,0.000000E+00,0.000000E+00,0.000000E+00,0.000000E+00,0.000000E+00,0.000000E+00,1.999110E+01,3.511772E+01,2.467145E+01,3.776082E+01,1.573792E+04,0.000000E+00,5.143038E-01,0.000000E+00,0.000000E+00,0.000000E+00,0.000000E+00,0.000000E+00,0.000000E+00,0.000000E+00,0.000000E+00,0.000000E+00,1.999110E+01,3.509703E+01,2.761462E+01,3.175428E+01,1.576791E+04,0.000000E+00,5.152837E-01,0.000000E+00,0.000000E+00,0.000000E+00,0.000000E+00,0.000000E+00,0.000000E+00,0.000000E+00,0.000000E+00,0.000000E+00,1.999109E+01,3.511380E+01,2.886084E+01,2.954225E+01,1.590739E+04,0.000000E+00,5.198416E-01,0.000000E+00,0.000000E+00,0.000000E+00,0.000000E+00,0.000000E+00,0.000000E+00,0.000000E+00,0.000000E+00,0.000000E+00,1.999108E+01,3.519475E+01,2.939168E+01,2.865359E+01,1.709111E+04,0.000000E+00,5.585225E-01,0.000000E+00,0.000000E+00,0.000000E+00,0.000000E+00,0.000000E+00,0.000000E+00,0.000000E+00,0.000000E+00,0.000000E+00,1.999095E+01,3.585410E+01,2.935413E+01,2.871622E+01,3.201275E+04,0.000000E+00,1.046113E+00,0.000000E+00,0.000000E+00,0.000000E+00,0.000000E+00,0.000000E+00,0.000000E+00,0.000000E+00,0.000000E+00,0.000000E+00,1.998994E+01,4.107339E+01,2.752868E+01,3.191155E+01
08:40:00,1.578787E+04,0.000000E+00,5.159364E-01,0.000000E+00,0.000000E+00,0.000000E+00,0.000000E+00,0.000000E+00,0.000000E+00,0.000000E+00,0.000000E+00,0.000000E+00,1.999110E+01,3.513200E+01,2.480598E+01,3.784376E+01,1.575959E+04,0.000000E+00,5.150122E-01,0.000000E+00,0.000000E+00,0.000000E+00,0.000000E+00,0.000000E+00,0.000000E+00,0.000000E+00,0.000000E+00,0.000000E+00,1.999109E+01,3.511266E+01,2.773617E+01,3.185397E+01,1.578984E+04,0.000000E+00,5.160006E-01,0.000000E+00,0.000000E+00,0.000000E+00,0.000000E+00,0.000000E+00,0.000000E+00,0.000000E+00,0.000000E+00,0.000000E+00,1.999109E+01,3.512955E+01,2.897345E+01,2.965238E+01,1.592950E+04,0.000000E+00,5.205642E-01,0.000000E+00,0.000000E+00,0.000000E+00,0.000000E+00,0.000000E+00,0.000000E+00,0.000000E+00,0.000000E+00,0.000000E+00,1.999107E+01,3.521045E+01,2.949949E+01,2.876911E+01,1.711515E+04,0.000000E+00,5.593079E-01,0.000000E+00,0.000000E+00,0.000000E+00,0.000000E+00,0.000000E+00,0.000000E+00,0.000000E+00,0.000000E+00,0.000000E+00,1.999095E+01,3.586956E+01,2.947243E+01,2.881445E+01,3.205615E+04,0.000000E+00,1.047531E+00,0.000000E+00,0.000000E+00,0.000000E+00,0.000000E+00,0.000000E+00,0.000000E+00,0.000000E+00,0.000000E+00,0.000000E+00,1.998993E+01,4.108420E+01,2.785280E+01,3.163567E+01
08:50:00,1.581001E+04,0.000000E+00,5.166599E-01,0.000000E+00,0.000000E+00,0.000000E+00,0.000000E+00,0.000000E+00,0.000000E+00,0.000000E+00,0.000000E+00,0.000000E+00,1.999109E+01,3.514514E+01,2.493409E+01,3.790438E+01,1.578405E+04,0.000000E+00,5.158113E-01,0.000000E+00,0.000000E+00,0.000000E+00,0.000000E+00,0.000000E+00,0.000000E+00,0.000000E+00,0.000000E+00,0.000000E+00,1.999109E+01,3.512715E+01,2.785363E+01,3.193101E+01,1.581466E+04,0.000000E+00,5.168116E-01,0.000000E+00,0.000000E+00,0.000000E+00,0.000000E+00,0.000000E+00,0.000000E+00,0.000000E+00,0.000000E+00,0.000000E+00,1.999108E+01,3.514417E+01,2.908638E+01,2.973412E+01,1.595457E+04,0.000000E+00,5.213835E-01,0.000000E+00,0.000000E+00,0.000000E+00,0.000000E+00,0.000000E+00,0.000000E+00,0.000000E+00,0.000000E+00,0.000000E+00,1.999107E+01,3.522501E+01,2.960898E+01,2.885501E+01,1.714212E+04,0.000000E+00,5.601893E-01,0.000000E+00,0.000000E+00,0.000000E+00,0.000000E+00,0.000000E+00,0.000000E+00,0.000000E+00,0.000000E+00,0.000000E+00,1.999094E+01,3.588390E+01,2.959235E+01,2.888307E+01,3.209793E+04,0.000000E+00,1.048897E+00,0.000000E+00,0.000000E+00,0.000000E+00,0.000000E+00,0.000000E+00,0.000000E+00,0.000000E+00,0.000000E+00,0.000000E+00,1.998993E+01,4.109446E+01,2.814949E+01,3.138353E+01
09:00:00,1.583520E+04,0.000000E+00,5.174830E-01,0.000000E+00,0.000000E+00,0.000000E+00,0.000000E+00,0.000000E+00,0.000000E+00,0.000000E+00,0.000000E+00,0.000000E+00,1.999109E+01,3.515625E+01,2.510952E+01,3.806299E+01,1.581155E+04,0.000000E+00,5.167101E-01,0.000000E+00,0.000000E+00,0.000000E+00,0.000000E+00,0.000000E+00,0.000000E+00,0.000000E+00,0.000000E+00,0.000000E+00,1.999109E+01,3.513968E+01,2.801144E+01,3.210610E+01,1.584257E+04,0.000000E+00,5.177239E-01,0.000000E+00,0.000000E+00,0.000000E+00,0.000000E+00,0.000000E+00,0.000000E+00,0.000000E+00,0.000000E+00,0.000000E+00,1.999108E+01,3.515688E+01,2.923119E+01,2.992264E+01,1.598277E+04,0.000000E+00,5.223051E-01,0.000000E+00,0.000000E+00,0.000000E+00,0.000000E+00,0.000000E+00,0.000000E+00,0.000000E+00,0.000000E+00,0.000000E+00,1.999106E+01,3.523770E+01,2.974861E+01,2.904774E+01,1.717209E+04,0.000000E+00,5.611689E-01,0.000000E+00,0.000000E+00,0.000000E+00,0.000000E+00,0.000000E+00,0.000000E+00,0.000000E+00,0.000000E+00,0.000000E+00,1.999094E+01,3.589633E+01,2.974646E+01,2.905170E+01,3.214083E+04,0.000000E+00,1.050299E+00,0.000000E+00,0.000000E+00,0.000000E+00,0.000000E+00,0.000000E+00,0.000000E+00,0.000000E+00,0.000000E+00,0.000000E+00,1.998994E+01,4.110109E+01,2.855380E+01,3.110858E+01
09:10:00,1.583987E+04,0.000000E+00,5.176356E-01,0.000000E+00,0.000000E+00,0.000000E+00,0.000000E+00,0.000000E+00,0.000000E+00,0.000000E+00,0.000000E+00,0.000000E+00,1.999109E+01,3.516534E+01,2.528688E+01,3.826123E+01,1.581845E+04,0.000000E+00,5.169354E-01,0.000000E+00,0.000000E+00,0.000000E+00,0.000000E+00,0.000000E+00,0.000000E+00,0.000000E+00,0.000000E+00,0.000000E+00,1.999108E+01,3.515016E+01,2.816660E+01,3.232376E+01,1.584995E+04,0.000000E+00,5.179649E-01,0.000000E+00,0.000000E+00,0.000000E+00,0.000000E+00,0.000000E+00,0.000000E+00,0.000000E+00,0.000000E+00,0.000000E+00,1.999108E+01,3.516758E+01,2.937139E+01,3.015452E+01,1.599045E+04,0.000000E+00,5.225558E-01,0.000000E+00,0.000000E+00,0.000000E+00,0.000000E+00,0.000000E+00,0.000000E+00,0.000000E+00,0.000000E+00,0.000000E+00,1.999106E+01,3.524843E+01,2.988436E+01,2.928145E+01,1.718076E+04,0.000000E+00,5.614522E-01,0.000000E+00,0.000000E+00,0.000000E+00,0.000000E+00,0.000000E+00,0.000000E+00,0.000000E+00,0.000000E+00,0.000000E+00,1.999094E+01,3.590670E+01,2.989800E+01,2.925888E+01,3.214524E+04,0.000000E+00,1.050443E+00,0.000000E+00,0.000000E+00,0.000000E+00,0.000000E+00,0.000000E+00,0.000000E+00,0.000000E+00,0.000000E+00,0.000000E+00,1.998994E+01,4.110422E+01,2.896035E+01,3.086922E+01
09:20:00,1.582293E+04,0.000000E+00,5.170819E-01,0.000000E+00,0.000000E+00,0.000000E+00,0.000000E+00,0.000000E+00,0.000000E+00,0.000000E+00,0.000000E+00,0.000000E+00,1.999114E+01,3.517450E+01,2.550271E+01,3.840044E+01,1.580339E+04,0.000000E+00,5.164436E-01,0.000000E+00,0.000000E+00,0.000000E+00,0.000000E+00,0.000000E+00,0.000000E+00,0.000000E+00,0.000000E+00,0.000000E+00,1.999114E+01,3.516063E+01,2.836598E+01,3.248266E+01,1.583536E+04,0.000000E+00,5.174883E-01,0.000000E+00,0.000000E+00,0.000000E+00,0.000000E+00,0.000000E+00,0.000000E+00,0.000000E+00,0.000000E+00,0.000000E+00,1.999113E+01,3.517832E+01,2.955471E+01,3.033447E+01,1.597611E+04,0.000000E+00,5.220876E-01,0.000000E+00,0.000000E+00,0.000000E+00,0.000000E+00,0.000000E+00,0.000000E+00,0.000000E+00,0.000000E+00,0.000000E+00,1.999112E+01,3.525925E+01,3.006383E+01,2.946411E+01,1.716658E+04,0.000000E+00,5.609888E-01,0.000000E+00,0.000000E+00,0.000000E+00,0.000000E+00,0.000000E+00,0.000000E+00,0.000000E+00,0.000000E+00,0.000000E+00,1.999099E+01,3.591724E+01,3.009713E+01,2.940826E+01,3.210721E+04,0.000000E+00,1.049200E+00,0.000000E+00,0.000000E+00,0.000000E+00,0.000000E+00,0.000000E+00,0.000000E+00,0.000000E+00,0.000000E+00,0.000000E+00,1.998999E+01,4.110659E+01,2.945581E+01,3.049910E+01
09:30:00,1.578445E+04,0.000000E+00,5.158248E-01,0.000000E+00,0.000000E+00,0.000000E+00,0.000000E+00,0.000000E+00,0.000000E+00,0.000000E+00,0.000000E+00,0.000000E+00,1.999120E+01,3.518460E+01,2.574987E+01,3.848520E+01,1.576644E+04,0.000000E+00,5.152361E-01,0.000000E+00,0.000000E+00,0.000000E+00,0.000000E+00,0.000000E+00,0.000000E+00,0.000000E+00,0.000000E+00,0.000000E+00,1.999120E+01,3.517181E+01,2.861429E+01,3.256365E+01,1.579884E+04,0.000000E+00,5.162949E-01,0.000000E+00,0.000000E+00,0.000000E+00,0.000000E+00,0.000000E+00,0.000000E+00,0.000000E+00,0.000000E+00,0.000000E+00,1.999119E+01,3.518978E+01,2.978273E+01,3.044996E+01,1.593979E+04,0.000000E+00,5.209007E-01,0.000000E+00,0.000000E+00,0.000000E+00,0.000000E+00,0.000000E+00,0.000000E+00,0.000000E+00,0.000000E+00,0.000000E+00,1.999118E+01,3.527085E+01,3.028646E+01,2.958708E+01,1.712950E+04,0.000000E+00,5.597774E-01,0.000000E+00,0.000000E+00,0.000000E+00,0.000000E+00,0.000000E+00,0.000000E+00,0.000000E+00,0.000000E+00,0.000000E+00,1.999105E+01,3.592876E+01,3.034287E+01,2.949208E+01,3.202702E+04,0.000000E+00,1.046581E+00,0.000000E+00,0.000000E+00,0.000000E+00,0.000000E+00,0.000000E+00,0.000000E+00,0.000000E+00,0.000000E+00,0.000000E+00,1.999005E+01,4.110897E+01,3.002564E+01,3.002079E+01
09:40:00,1.567041E+04,0.000000E+00,5.120987E-01,0.000000E+00,0.000000E+00,0.000000E+00,0.000000E+00,0.000000E+00,0.000000E+00,0.000000E+00,0.000000E+00,0.000000E+00,1.999126E+01,3.519565E+01,2.601211E+01,3.854536E+01,1.565482E+04,0.000000E+00,5.115890E-01,0.000000E+00,0.000000E+00,0.000000E+00,0.000000E+00,0.000000E+00,0.000000E+00,0.000000E+00,0.000000E+00,0.000000E+00,1.999126E+01,3.518368E+01,2.890186E+01,3.257872E+01,1.568983E+04,0.000000E+00,5.127331E-01,0.000000E+00,0.000000E+00,0.000000E+00,0.000000E+00,0.000000E+00,0.000000E+00,0.000000E+00,0.000000E+00,0.000000E+00,1.999125E+01,3.520189E+01,3.004380E+01,3.051524E+01,1.583225E+04,0.000000E+00,5.173871E-01,0.000000E+00,0.000000E+00,0.000000E+00,0.000000E+00,0.000000E+00,0.000000E+00,0.000000E+00,0.000000E+00,0.000000E+00,1.999124E+01,3.528313E+01,3.054046E+01,2.966435E+01,1.701686E+04,0.000000E+00,5.560970E-01,0.000000E+00,0.000000E+00,0.000000E+00,0.000000E+00,0.000000E+00,0.000000E+00,0.000000E+00,0.000000E+00,0.000000E+00,1.999111E+01,3.594110E+01,3.062272E+01,2.952570E+01,3.176776E+04,0.000000E+00,1.038109E+00,0.000000E+00,0.000000E+00,0.000000E+00,0.000000E+00,0.000000E+00,0.000000E+00,0.000000E+00,0.000000E+00,0.000000E+00,1.999011E+01,4.111137E+01,3.061555E+01,2.952694E+01
09:50:00,1.548491E+04,0.000000E+00,5.060377E-01,0.000000E+00,0.000000E+00,0.000000E+00,0.000000E+00,0.000000E+00,0.000000E+00,0.000000E+00,0.000000E+00,0.000000E+00,1.999149E+01,3.517816E+01,2.628256E+01,3.859025E+01,1.547041E+04,0.000000E+00,5.055639E-01,0.000000E+00,0.000000E+00,0.000000E+00,0.000000E+00,0.000000E+00,0.000000E+00,0.000000E+00,0.000000E+00,0.000000E+00,1.999149E+01,3.516743E+01,2.921982E+01,3.253960E+01,1.550898E+04,0.000000E+00,5.068241E-01,0.000000E+00,0.000000E+00,0.000000E+00,0.000000E+00,0.000000E+00,0.000000E+00,0.000000E+00,0.000000E+00,0.000000E+00,1.999147E+01,3.518709E+01,3.033687E+01,3.052714E+01,1.565345E+04,0.000000E+00,5.115450E-01,0.000000E+00,0.000000E+00,0.000000E+00,0.000000E+00,0.000000E+00,0.000000E+00,0.000000E+00,0.000000E+00,0.000000E+00,1.999145E+01,3.526939E+01,3.082306E+01,2.969560E+01,1.682819E+04,0.000000E+00,5.499323E-01,0.000000E+00,0.000000E+00,0.000000E+00,0.000000E+00,0.000000E+00,0.000000E+00,0.000000E+00,0.000000E+00,0.000000E+00,1.999132E+01,3.592702E+01,3.093247E+01,2.951151E+01,3.132087E+04,0.000000E+00,1.023508E+00,0.000000E+00,0.000000E+00,0.000000E+00,0.000000E+00,0.000000E+00,0.000000E+00,0.000000E+00,0.000000E+00,0.000000E+00,1.999040E+01,4.107105E+01,3.119494E+01,2.906465E+01
10:00:00,1.523184E+04,0.000000E+00,4.977691E-01,0.000000E+00,0.000000E+00,0.000000E+00,0.000000E+00,0.000000E+00,0.000000E+00,0.000000E+00,0.000000E+00,0.000000E+00,1.999168E+01,3.512194E+01,2.653946E+01,3.866365E+01,1.521725E+04,0.000000E+00,4.972921E-01,0.000000E+00,0.000000E+00,0.000000E+00,0.000000E+00,0.000000E+00,0.000000E+00,0.000000E+00,0.000000E+00,0.000000E+00,1.999168E+01,3.511205E+01,2.952879E+01,3.251559E+01,1.526016E+04,0.000000E+00,4.986942E-01,0.000000E+00,0.000000E+00,0.000000E+00,0.000000E+00,0.000000E+00,0.000000E+00,0.000000E+00,0.000000E+00,0.000000E+00,1.999167E+01,3.513424E+01,3.064657E+01,3.050810E+01,1.540708E+04,0.000000E+00,5.034953E-01,0.000000E+00,0.000000E+00,0.000000E+00,0.000000E+00,0.000000E+00,0.000000E+00,0.000000E+00,0.000000E+00,0.000000E+00,1.999164E+01,3.521851E+01,3.111975E+01,2.970107E+01,1.656692E+04,0.000000E+00,5.413959E-01,0.000000E+00,0.000000E+00,0.000000E+00,0.000000E+00,0.000000E+00,0.000000E+00,0.000000E+00,0.000000E+00,0.000000E+00,1.999151E+01,3.587515E+01,3.125722E+01,2.947044E+01,3.068437E+04,0.000000E+00,1.002713E+00,0.000000E+00,0.000000E+00,0.000000E+00,0.000000E+00,0.000000E+00,0.000000E+00,0.000000E+00,0.000000E+00,0.000000E+00,1.999067E+01,4.097023E+01,3.175422E+01,2.864359E+01
10:10:00,1.489624E+04,0.000000E+00,4.868037E-01,0.000000E+00,0.000000E+00,0.000000E+00,0.000000E+00,0.000000E+00,0.000000E+00,0.000000E+00,0.000000E+00,0.000000E+00,1.999185E+01,3.503353E+01,2.676455E+01,3.879873E+01,1.487948E+04,0.000000E+00,4.862559E-01,0.000000E+00,0.000000E+00,0.000000E+00,0.000000E+00,0.000000E+00,0.000000E+00,0.000000E+00,0.000000E+00,0.000000E+00,1.999185E+01,3.502358E+01,2.980422E+01,3.254534E+01,1.492769E+04,0.000000E+00,4.878315E-01,0.000000E+00,0.000000E+00,0.000000E+00,0.000000E+00,0.000000E+00,0.000000E+00,0.000000E+00,0.000000E+00,0.000000E+00,1.999184E+01,3.504888E+01,3.094086E+01,3.050741E+01,1.507762E+04,0.000000E+00,4.927308E-01,0.000000E+00,0.000000E+00,0.000000E+00,0.000000E+00,0.000000E+00,0.000000E+00,0.000000E+00,0.000000E+00,0.000000E+00,1.999181E+01,3.513570E+01,3.140631E+01,2.971526E+01,1.621702E+04,0.000000E+00,5.299636E-01,0.000000E+00,0.000000E+00,0.000000E+00,0.000000E+00,0.000000E+00,0.000000E+00,0.000000E+00,0.000000E+00,0.000000E+00,1.999168E+01,3.579065E+01,3.157018E+01,2.944102E+01,2.983705E+04,0.000000E+00,9.750285E-01,0.000000E+00,0.000000E+00,0.000000E+00,0.000000E+00,0.000000E+00,0.000000E+00,0.000000E+00,0.000000E+00,0.000000E+00,1.999090E+01,4.081754E+01,3.228712E+01,2.826545E+01
10:20:00,1.450057E+04,0.000000E+00,4.738758E-01,0.000000E+00,0.000000E+00,0.000000E+00,0.000000E+00,0.000000E+00,0.000000E+00,0.000000E+00,0.000000E+00,0.000000E+00,1.999211E+01,3.490519E+01,2.692824E+01,3.904690E+01,1.447922E+04,0.000000E+00,4.731783E-01,0.000000E+00,0.000000E+00,0.000000E+00,0.000000E+00,0.000000E+00,0.000000E+00,0.000000E+00,0.000000E+00,0.000000E+00,1.999212E+01,3.489370E+01,3.001045E+01,3.268136E+01,1.453275E+04,0.000000E+00,4.749272E-01,0.000000E+00,0.000000E+00,0.000000E+00,0.000000E+00,0.000000E+00,0.000000E+00,0.000000E+00,0.000000E+00,0.000000E+00,1.999210E+01,3.492255E+01,3.116658E+01,3.060413E+01,1.468549E+04,0.000000E+00,4.799185E-01,0.000000E+00,0.000000E+00,0.000000E+00,0.000000E+00,0.000000E+00,0.000000E+00,0.000000E+00,0.000000E+00,0.000000E+00,1.999207E+01,3.501247E+01,3.163031E+01,2.981371E+01,1.579834E+04,0.000000E+00,5.162839E-01,0.000000E+00,0.000000E+00,0.000000E+00,0.000000E+00,0.000000E+00,0.000000E+00,0.000000E+00,0.000000E+00,0.000000E+00,1.999194E+01,3.566562E+01,3.181728E+01,2.950056E+01,2.879861E+04,0.000000E+00,9.411000E-01,0.000000E+00,0.000000E+00,0.000000E+00,0.000000E+00,0.000000E+00,0.000000E+00,0.000000E+00,0.000000E+00,0.000000E+00,1.999118E+01,4.061298E+01,3.275127E+01,2.798265E+01
10:30:00,1.404794E+04,0.000000E+00,4.590869E-01,0.000000E+00,0.000000E+00,0.000000E+00,0.000000E+00,0.000000E+00,0.000000E+00,0.000000E+00,0.000000E+00,0.000000E+00,1.999228E+01,3.474872E+01,2.704788E+01,3.936578E+01,1.401994E+04,0.000000E+00,4.581717E-01,0.000000E+00,0.000000E+00,0.000000E+00,0.000000E+00,0.000000E+00,0.000000E+00,0.000000E+00,0.000000E+00,0.000000E+00,1.999229E+01,3.473388E+01,3.015825E+01,3.290074E+01,1.407894E+04,0.000000E+00,4.600995E-01,0.000000E+00,0.000000E+00,0.000000E+00,0.000000E+00,0.000000E+00,0.000000E+00,0.000000E+00,0.000000E+00,0.000000E+00,1.999227E+01,3.476607E+01,3.133050E+01,3.078363E+01,1.423437E+04,0.000000E+00,4.651786E-01,0.000000E+00,0.000000E+00,0.000000E+00,0.000000E+00,0.000000E+00,0.000000E+00,0.000000E+00,0.000000E+00,0.000000E+00,1.999224E+01,3.485915E+01,3.179789E+01,2.998329E+01,1.531436E+04,0.000000E+00,5.004705E-01,0.000000E+00,0.000000E+00,0.000000E+00,0.000000E+00,0.000000E+00,0.000000E+00,0.000000E+00,0.000000E+00,0.000000E+00,1.999211E+01,3.551007E+01,3.200640E+01,2.963279E+01,2.757135E+04,0.000000E+00,9.010012E-01,0.000000E+00,0.000000E+00,0.000000E+00,0.000000E+00,0.000000E+00,0.000000E+00,0.000000E+00,0.000000E+00,0.000000E+00,1.999140E+01,4.036819E+01,3.316895E+01,2.775376E+01
10:40:00,1.358511E+04,0.000000E+00,4.439643E-01,0.000000E+00,0.000000E+00,0.000000E+00,0.000000E+00,0.000000E+00,0.000000E+00,0.000000E+00,0.000000E+00,0.000000E+00,1.999244E+01,3.457594E+01,2.714829E+01,3.970331E+01,1.354650E+04,0.000000E+00,4.427025E-01,0.000000E+00,0.000000E+00,0.000000E+00,0.000000E+00,0.000000E+00,0.000000E+00,0.000000E+00,0.000000E+00,0.000000E+00,1.999246E+01,3.455621E+01,3.027714E+01,3.315235E+01,1.360887E+04,0.000000E+00,4.447408E-01,0.000000E+00,0.000000E+00,0.000000E+00,0.000000E+00,0.000000E+00,0.000000E+00,0.000000E+00,0.000000E+00,0.000000E+00,1.999244E+01,3.459137E+01,3.146169E+01,3.099923E+01,1.376546E+04,0.000000E+00,4.498576E-01,0.000000E+00,0.000000E+00,0.000000E+00,0.000000E+00,0.000000E+00,0.000000E+00,0.000000E+00,0.000000E+00,0.000000E+00,1.999241E+01,3.468743E+01,3.193464E+01,3.018451E+01,1.480899E+04,0.000000E+00,4.839582E-01,0.000000E+00,0.000000E+00,0.000000E+00,0.000000E+00,0.000000E+00,0.000000E+00,0.000000E+00,0.000000E+00,0.000000E+00,1.999228E+01,3.533534E+01,3.216608E+01,2.979356E+01,2.627510E+04,0.000000E+00,8.586483E-01,0.000000E+00,0.000000E+00,0.000000E+00,0.000000E+00,0.000000E+00,0.000000E+00,0.000000E+00,0.000000E+00,0.000000E+00,1.999161E+01,4.009366E+01,3.356804E+01,2.753697E+01
10:50:00,1.309168E+04,0.000000E+00,4.278416E-01,0.000000E+00,0.000000E+00,0.000000E+00,0.000000E+00,0.000000E+00,0.000000E+00,0.000000E+00,0.000000E+00,0.000000E+00,1.999262E+01,3.438858E+01,2.723463E+01,4.005176E+01,1.303946E+04,0.000000E+00,4.261351E-01,0.000000E+00,0.000000E+00,0.000000E+00,0.000000E+00,0.000000E+00,0.000000E+00,0.000000E+00,0.000000E+00,0.000000E+00,1.999264E+01,3.436238E+01,3.037791E+01,3.341959E+01,1.310423E+04,0.000000E+00,4.282515E-01,0.000000E+00,0.000000E+00,0.000000E+00,0.000000E+00,0.000000E+00,0.000000E+00,0.000000E+00,0.000000E+00,0.000000E+00,1.999262E+01,3.440018E+01,3.157054E+01,3.123630E+01,1.326105E+04,0.000000E+00,4.333762E-01,0.000000E+00,0.000000E+00,0.000000E+00,0.000000E+00,0.000000E+00,0.000000E+00,0.000000E+00,0.000000E+00,0.000000E+00,1.999259E+01,3.449905E+01,3.204917E+01,3.040621E+01,1.426432E+04,0.000000E+00,4.661614E-01,0.000000E+00,0.000000E+00,0.000000E+00,0.000000E+00,0.000000E+00,0.000000E+00,0.000000E+00,0.000000E+00,0.000000E+00,1.999247E+01,3.514287E+01,3.230548E+01,2.997076E+01,2.490102E+04,0.000000E+00,8.137512E-01,0.000000E+00,0.000000E+00,0.000000E+00,0.000000E+00,0.000000E+00,0.000000E+00,0.000000E+00,0.000000E+00,0.000000E+00,1.999184E+01,3.978819E+01,3.393886E+01,2.734933E+01
11:00:00,1.259425E+04,0.000000E+00,4.115882E-01,0.000000E+00,0.000000E+00,0.000000E+00,0.000000E+00,0.000000E+00,0.000000E+00,0.000000E+00,0.000000E+00,0.000000E+00,1.999285E+01,3.417546E+01,2.731144E+01,4.040387E+01,1.252561E+04,0.000000E+00,4.093451E-01,0.000000E+00,0.000000E+00,0.000000E+00,0.000000E+00,0.000000E+00,0.000000E+00,0.000000E+00,0.000000E+00,0.000000E+00,1.999289E+01,3.414062E+01,3.046693E+01,3.369321E+01,1.259109E+04,0.000000E+00,4.114848E-01,0.000000E+00,0.000000E+00,0.000000E+00,0.000000E+00,0.000000E+00,0.000000E+00,0.000000E+00,0.000000E+00,0.000000E+00,1.999287E+01,3.418087E+01,3.166429E+01,3.148491E+01,1.274672E+04,0.000000E+00,4.165704E-01,0.000000E+00,0.000000E+00,0.000000E+00,0.000000E+00,0.000000E+00,0.000000E+00,0.000000E+00,0.000000E+00,0.000000E+00,1.999284E+01,3.428253E+01,3.214857E+01,3.063893E+01,1.370540E+04,0.000000E+00,4.478987E-01,0.000000E+00,0.000000E+00,0.000000E+00,0.000000E+00,0.000000E+00,0.000000E+00,0.000000E+00,0.000000E+00,0.000000E+00,1.999271E+01,3.492123E+01,3.243174E+01,3.015493E+01,2.347192E+04,0.000000E+00,7.670552E-01,0.000000E+00,0.000000E+00,0.000000E+00,0.000000E+00,0.000000E+00,0.000000E+00,0.000000E+00,0.000000E+00,0.000000E+00,1.999213E+01,3.943949E+01,3.429120E+01,2.717740E+01
11:10:00,1.209210E+04,0.000000E+00,3.951799E-01,0.000000E+00,0.000000E+00,0.000000E+00,0.000000E+00,0.000000E+00,0.000000E+00,0.000000E+00,0.000000E+00,0.000000E+00,1.999296E+01,3.395045E+01,2.739539E+01,4.070576E+01,1.200564E+04,0.000000E+00,3.923547E-01,0.000000E+00,0.000000E+00,0.000000E+00,0.000000E+00,0.000000E+00,0.000000E+00,0.000000E+00,0.000000E+00,0.000000E+00,1.999300E+01,3.390472E+01,3.056202E+01,3.392683E+01,1.207172E+04,0.000000E+00,3.945139E-01,0.000000E+00,0.000000E+00,0.000000E+00,0.000000E+00,0.000000E+00,0.000000E+00,0.000000E+00,0.000000E+00,0.000000E+00,1.999299E+01,3.394677E+01,3.176244E+01,3.169908E+01,1.222315E+04,0.000000E+00,3.994624E-01,0.000000E+00,0.000000E+00,0.000000E+00,0.000000E+00,0.000000E+00,0.000000E+00,0.000000E+00,0.000000E+00,0.000000E+00,1.999296E+01,3.405076E+01,3.225183E+01,3.083898E+01,1.313046E+04,0.000000E+00,4.291123E-01,0.000000E+00,0.000000E+00,0.000000E+00,0.000000E+00,0.000000E+00,0.000000E+00,0.000000E+00,0.000000E+00,0.000000E+00,1.999284E+01,3.468229E+01,3.256389E+01,3.030298E+01,2.197386E+04,0.000000E+00,7.181047E-01,0.000000E+00,0.000000E+00,0.000000E+00,0.000000E+00,0.000000E+00,0.000000E+00,0.000000E+00,0.000000E+00,0.000000E+00,1.999237E+01,3.905169E+01,3.465444E+01,2.696708E+01
11:20:00,1.156095E+04,0.000000E+00,3.778238E-01,0.000000E+00,0.000000E+00,0.000000E+00,0.000000E+00,0.000000E+00,0.000000E+00,0.000000E+00,0.000000E+00,0.000000E+00,1.999321E+01,3.371442E+01,2.752520E+01,4.079555E+01,1.145482E+04,0.000000E+00,3.743557E-01,0.000000E+00,0.000000E+00,0.000000E+00,0.000000E+00,0.000000E+00,0.000000E+00,0.000000E+00,0.000000E+00,0.000000E+00,1.999325E+01,3.365607E+01,3.070477E+01,3.398149E+01,1.151948E+04,0.000000E+00,3.764685E-01,0.000000E+00,0.000000E+00,0.000000E+00,0.000000E+00,0.000000E+00,0.000000E+00,0.000000E+00,0.000000E+00,0.000000E+00,1.999322E+01,3.370024E+01,3.190866E+01,3.174577E+01,1.166781E+04,0.000000E+00,3.813157E-01,0.000000E+00,0.000000E+00,0.000000E+00,0.000000E+00,0.000000E+00,0.000000E+00,0.000000E+00,0.000000E+00,0.000000E+00,1.999320E+01,3.380516E+01,3.240388E+01,3.087499E+01,1.252167E+04,0.000000E+00,4.092191E-01,0.000000E+00,0.000000E+00,0.000000E+00,0.000000E+00,0.000000E+00,0.000000E+00,0.000000E+00,0.000000E+00,0.000000E+00,1.999311E+01,3.442582E+01,3.274548E+01,3.028867E+01,2.039594E+04,0.000000E+00,6.665439E-01,0.000000E+00,0.000000E+00,0.000000E+00,0.000000E+00,0.000000E+00,0.000000E+00,0.000000E+00,0.000000E+00,0.000000E+00,1.999277E+01,3.861352E+01,3.507837E+01,2.660062E+01
11:30:00,1.098741E+04,0.000000E+00,3.590822E-01,0.000000E+00,0.000000E+00,0.000000E+00,0.000000E+00,0.000000E+00,0.000000E+00,0.000000E+00,0.000000E+00,0.000000E+00,1.999351E+01,3.346256E+01,2.769053E+01,4.066564E+01,1.085962E+04,0.000000E+00,3.549062E-01,0.000000E+00,0.000000E+00,0.000000E+00,0.000000E+00,0.000000E+00,0.000000E+00,0.000000E+00,0.000000E+00,0.000000E+00,1.999357E+01,3.338945E+01,3.088715E+01,3.384610E+01,1.092232E+04,0.000000E+00,3.569551E-01,0.000000E+00,0.000000E+00,0.000000E+00,0.000000E+00,0.000000E+00,0.000000E+00,0.000000E+00,0.000000E+00,0.000000E+00,1.999355E+01,3.343472E+01,3.209654E+01,3.161166E+01,1.106645E+04,0.000000E+00,3.616651E-01,0.000000E+00,0.000000E+00,0.000000E+00,0.000000E+00,0.000000E+00,0.000000E+00,0.000000E+00,0.000000E+00,0.000000E+00,1.999351E+01,3.354103E+01,3.260156E+01,3.072850E+01,1.186138E+04,0.000000E+00,3.876429E-01,0.000000E+00,0.000000E+00,0.000000E+00,0.000000E+00,0.000000E+00,0.000000E+00,0.000000E+00,0.000000E+00,0.000000E+00,1.999340E+01,3.414917E+01,3.297060E+01,3.009939E+01,1.872786E+04,0.000000E+00,6.120362E-01,0.000000E+00,0.000000E+00,0.000000E+00,0.000000E+00,0.000000E+00,0.000000E+00,0.000000E+00,0.000000E+00,0.000000E+00,1.999317E+01,3.811825E+01,3.554615E+01,2.608919E+01
11:40:00,1.041553E+04,0.000000E+00,3.403950E-01,0.000000E+00,0.000000E+00,0.000000E+00,0.000000E+00,0.000000E+00,0.000000E+00,0.000000E+00,0.000000E+00,0.000000E+00,1.999385E+01,3.318339E+01,2.786753E+01,4.037395E+01,1.026562E+04,0.000000E+00,3.354961E-01,0.000000E+00,0.000000E+00,0.000000E+00,0.000000E+00,0.000000E+00,0.000000E+00,0.000000E+00,0.000000E+00,0.000000E+00,1.999391E+01,3.309327E+01,3.108425E+01,3.357037E+01,1.032511E+04,0.000000E+00,3.374404E-01,0.000000E+00,0.000000E+00,0.000000E+00,0.000000E+00,0.000000E+00,0.000000E+00,0.000000E+00,0.000000E+00,0.000000E+00,1.999390E+01,3.313907E+01,3.230009E+01,3.134489E+01,1.046402E+04,0.000000E+00,3.419798E-01,0.000000E+00,0.000000E+00,0.000000E+00,0.000000E+00,0.000000E+00,0.000000E+00,0.000000E+00,0.000000E+00,0.000000E+00,1.999386E+01,3.324692E+01,3.281730E+01,3.044919E+01,1.119876E+04,0.000000E+00,3.659906E-01,0.000000E+00,0.000000E+00,0.000000E+00,0.000000E+00,0.000000E+00,0.000000E+00,0.000000E+00,0.000000E+00,0.000000E+00,1.999376E+01,3.384021E+01,3.321706E+01,2.977536E+01,1.707737E+04,0.000000E+00,5.581034E-01,0.000000E+00,0.000000E+00,0.000000E+00,0.000000E+00,0.000000E+00,0.000000E+00,0.000000E+00,0.000000E+00,0.000000E+00,1.999363E+01,3.755583E+01,3.602707E+01,2.548451E+01
11:50:00,9.868480E+03,0.000000E+00,3.225192E-01,0.000000E+00,0.000000E+00,0.000000E+00,0.000000E+00,0.000000E+00,0.000000E+00,0.000000E+00,0.000000E+00,0.000000E+00,1.999404E+01,3.288757E+01,2.804050E+01,3.995908E+01,9.698136E+03,0.000000E+00,3.169526E-01,0.000000E+00,0.000000E+00,0.000000E+00,0.000000E+00,0.000000E+00,0.000000E+00,0.000000E+00,0.000000E+00,0.000000E+00,1.999411E+01,3.277889E+01,3.127763E+01,3.319142E+01,9.753808E+03,0.000000E+00,3.187718E-01,0.000000E+00,0.000000E+00,0.000000E+00,0.000000E+00,0.000000E+00,0.000000E+00,0.000000E+00,0.000000E+00,0.000000E+00,1.999410E+01,3.282447E+01,3.249963E+01,3.098213E+01,9.886706E+03,0.000000E+00,3.231148E-01,0.000000E+00,0.000000E+00,0.000000E+00,0.000000E+00,0.000000E+00,0.000000E+00,0.000000E+00,0.000000E+00,0.000000E+00,1.999407E+01,3.293354E+01,3.302778E+01,3.007914E+01,1.056017E+04,0.000000E+00,3.451236E-01,0.000000E+00,0.000000E+00,0.000000E+00,0.000000E+00,0.000000E+00,0.000000E+00,0.000000E+00,0.000000E+00,0.000000E+00,1.999397E+01,3.351039E+01,3.346521E+01,2.935236E+01,1.548047E+04,0.000000E+00,5.059206E-01,0.000000E+00,0.000000E+00,0.000000E+00,0.000000E+00,0.000000E+00,0.000000E+00,0.000000E+00,0.000000E+00,0.000000E+00,1.999390E+01,3.695504E+01,3.650111E+01,2.481995E+01
12:00:00,9.315273E+03,0.000000E+00,3.044417E-01,0.000000E+00,0.000000E+00,0.000000E+00,0.000000E+00,0.000000E+00,0.000000E+00,0.000000E+00,0.000000E+00,0.000000E+00,1.999424E+01,3.258197E+01,2.821213E+01,3.941394E+01,9.125520E+03,0.000000E+00,2.982408E-01,0.000000E+00,0.000000E+00,0.000000E+00,0.000000E+00,0.000000E+00,0.000000E+00,0.000000E+00,0.000000E+00,0.000000E+00,1.999432E+01,3.245426E+01,3.146986E+01,3.270410E+01,9.177380E+03,0.000000E+00,2.999355E-01,0.000000E+00,0.000000E+00,0.000000E+00,0.000000E+00,0.000000E+00,0.000000E+00,0.000000E+00,0.000000E+00,0.000000E+00,1.999430E+01,3.249922E+01,3.269743E+01,3.051926E+01,9.304055E+03,0.000000E+00,3.040752E-01,0.000000E+00,0.000000E+00,0.000000E+00,0.000000E+00,0.000000E+00,0.000000E+00,0.000000E+00,0.000000E+00,0.000000E+00,1.999427E+01,3.260903E+01,3.323445E+01,2.961570E+01,9.915667E+03,0.000000E+00,3.240628E-01,0.000000E+00,0.000000E+00,0.000000E+00,0.000000E+00,0.000000E+00,0.000000E+00,0.000000E+00,0.000000E+00,0.000000E+00,1.999418E+01,3.316772E+01,3.371262E+01,2.883519E+01,1.391724E+04,0.000000E+00,4.548378E-01,0.000000E+00,0.000000E+00,0.000000E+00,0.000000E+00,0.000000E+00,0.000000E+00,0.000000E+00,0.000000E+00,0.000000E+00,1.999420E+01,3.632862E+01,3.697402E+01,2.409037E+01
12:10:00,8.840628E+03,0.000000E+00,2.889318E-01,0.000000E+00,0.000000E+00,0.000000E+00,0.000000E+00,0.000000E+00,0.000000E+00,0.000000E+00,0.000000E+00,0.000000E+00,1.999444E+01,3.226561E+01,2.837208E+01,3.878575E+01,8.633291E+03,0.000000E+00,2.821562E-01,0.000000E+00,0.000000E+00,0.000000E+00,0.000000E+00,0.000000E+00,0.000000E+00,0.000000E+00,0.000000E+00,0.000000E+00,1.999453E+01,3.211840E+01,3.165066E+01,3.214758E+01,8.679992E+03,0.000000E+00,2.836823E-01,0.000000E+00,0.000000E+00,0.000000E+00,0.000000E+00,0.000000E+00,0.000000E+00,0.000000E+00,0.000000E+00,0.000000E+00,1.999452E+01,3.216240E+01,3.288349E+01,2.999224E+01,8.802044E+03,0.000000E+00,2.876710E-01,0.000000E+00,0.000000E+00,0.000000E+00,0.000000E+00,0.000000E+00,0.000000E+00,0.000000E+00,0.000000E+00,0.000000E+00,1.999449E+01,3.227243E+01,3.342851E+01,2.909180E+01,9.356802E+03,0.000000E+00,3.058007E-01,0.000000E+00,0.000000E+00,0.000000E+00,0.000000E+00,0.000000E+00,0.000000E+00,0.000000E+00,0.000000E+00,0.000000E+00,1.999440E+01,3.281070E+01,3.394824E+01,2.826019E+01,1.253966E+04,0.000000E+00,4.098213E-01,0.000000E+00,0.000000E+00,0.000000E+00,0.000000E+00,0.000000E+00,0.000000E+00,0.000000E+00,0.000000E+00,0.000000E+00,1.999451E+01,3.567242E+01,3.742959E+01,2.333450E+01
12:20:00,8.435696E+03,0.000000E+00,2.756997E-01,0.000000E+00,0.000000E+00,0.000000E+00,0.000000E+00,0.000000E+00,0.000000E+00,0.000000E+00,0.000000E+00,0.000000E+00,1.999445E+01,3.195872E+01,2.848287E+01,3.826000E+01,8.213134E+03,0.000000E+00,2.684265E-01,0.000000E+00,0.000000E+00,0.000000E+00,0.000000E+00,0.000000E+00,0.000000E+00,0.000000E+00,0.000000E+00,0.000000E+00,1.999454E+01,3.179253E+01,3.177985E+01,3.167966E+01,8.256337E+03,0.000000E+00,2.698384E-01,0.000000E+00,0.000000E+00,0.000000E+00,0.000000E+00,0.000000E+00,0.000000E+00,0.000000E+00,0.000000E+00,0.000000E+00,1.999452E+01,3.183539E+01,3.301695E+01,2.954915E+01,8.372025E+03,0.000000E+00,2.736191E-01,0.000000E+00,0.000000E+00,0.000000E+00,0.000000E+00,0.000000E+00,0.000000E+00,0.000000E+00,0.000000E+00,0.000000E+00,1.999449E+01,3.194517E+01,3.356907E+01,2.865088E+01,8.870111E+03,0.000000E+00,2.898968E-01,0.000000E+00,0.000000E+00,0.000000E+00,0.000000E+00,0.000000E+00,0.000000E+00,0.000000E+00,0.000000E+00,0.000000E+00,1.999442E+01,3.246072E+01,3.412914E+01,2.776985E+01,1.133446E+04,0.000000E+00,3.704369E-01,0.000000E+00,0.000000E+00,0.000000E+00,0.000000E+00,0.000000E+00,0.000000E+00,0.000000E+00,0.000000E+00,0.000000E+00,1.999459E+01,3.501225E+01,3.780768E+01,2.268957E+01
12:30:00,8.107734E+03,0.000000E+00,2.649827E-01,0.000000E+00,0.000000E+00,0.000000E+00,0.000000E+00,0.000000E+00,0.000000E+00,0.000000E+00,0.000000E+00,0.000000E+00,1.999451E+01,3.166232E+01,2.855931E+01,3.784472E+01,7.871687E+03,0.000000E+00,2.572687E-01,0.000000E+00,0.000000E+00,0.000000E+00,0.000000E+00,0.000000E+00,0.000000E+00,0.000000E+00,0.000000E+00,0.000000E+00,1.999460E+01,3.147761E+01,3.187094E+01,3.130988E+01,7.911199E+03,0.000000E+00,2.585600E-01,0.000000E+00,0.000000E+00,0.000000E+00,0.000000E+00,0.000000E+00,0.000000E+00,0.000000E+00,0.000000E+00,0.000000E+00,1.999459E+01,3.151934E+01,3.311064E+01,2.920016E+01,8.020773E+03,0.000000E+00,2.621409E-01,0.000000E+00,0.000000E+00,0.000000E+00,0.000000E+00,0.000000E+00,0.000000E+00,0.000000E+00,0.000000E+00,0.000000E+00,1.999456E+01,3.162849E+01,3.366855E+01,2.830346E+01,8.465573E+03,0.000000E+00,2.766774E-01,0.000000E+00,0.000000E+00,0.000000E+00,0.000000E+00,0.000000E+00,0.000000E+00,0.000000E+00,0.000000E+00,0.000000E+00,1.999450E+01,3.211878E+01,3.426589E+01,2.737658E+01,1.031707E+04,0.000000E+00,3.371893E-01,0.000000E+00,0.000000E+00,0.000000E+00,0.000000E+00,0.000000E+00,0.000000E+00,0.000000E+00,0.000000E+00,0.000000E+00,1.999474E+01,3.435224E+01,3.813315E+01,2.214396E+01
12:40:00,7.825951E+03,0.000000E+00,2.557743E-01,0.000000E+00,0.000000E+00,0.000000E+00,0.000000E+00,0.000000E+00,0.000000E+00,0.000000E+00,0.000000E+00,0.000000E+00,1.999458E+01,3.136968E+01,2.861498E+01,3.752827E+01,7.577285E+03,0.000000E+00,2.476479E-01,0.000000E+00,0.000000E+00,0.000000E+00,0.000000E+00,0.000000E+00,0.000000E+00,0.000000E+00,0.000000E+00,0.000000E+00,1.999468E+01,3.116633E+01,3.193733E+01,3.102922E+01,7.613549E+03,0.000000E+00,2.488331E-01,0.000000E+00,0.000000E+00,0.000000E+00,0.000000E+00,0.000000E+00,0.000000E+00,0.000000E+00,0.000000E+00,0.000000E+00,1.999467E+01,3.120680E+01,3.317865E+01,2.893592E+01,7.716978E+03,0.000000E+00,2.522132E-01,0.000000E+00,0.000000E+00,0.000000E+00,0.000000E+00,0.000000E+00,0.000000E+00,0.000000E+00,0.000000E+00,0.000000E+00,1.999464E+01,3.131492E+01,3.374105E+01,2.804036E+01,8.108742E+03,0.000000E+00,2.650165E-01,0.000000E+00,0.000000E+00,0.000000E+00,0.000000E+00,0.000000E+00,0.000000E+00,0.000000E+00,0.000000E+00,0.000000E+00,1.999460E+01,3.177703E+01,3.436870E+01,2.707667E+01,9.448440E+03,0.000000E+00,3.088024E-01,0.000000E+00,0.000000E+00,0.000000E+00,0.000000E+00,0.000000E+00,0.000000E+00,0.000000E+00,0.000000E+00,0.000000E+00,1.999485E+01,3.368920E+01,3.839580E+01,2.171554E+01
12:50:00,7.575068E+03,0.000000E+00,2.475756E-01,0.000000E+00,0.000000E+00,0.000000E+00,0.000000E+00,0.000000E+00,0.000000E+00,0.000000E+00,0.000000E+00,0.000000E+00,1.999463E+01,3.107936E+01,2.865507E+01,3.729066E+01,7.313427E+03,0.000000E+00,2.390251E-01,0.000000E+00,0.000000E+00,0.000000E+00,0.000000E+00,0.000000E+00,0.000000E+00,0.000000E+00,0.000000E+00,0.000000E+00,1.999474E+01,3.085684E+01,3.198585E+01,3.081808E+01,7.346447E+03,0.000000E+00,2.401042E-01,0.000000E+00,0.000000E+00,0.000000E+00,0.000000E+00,0.000000E+00,0.000000E+00,0.000000E+00,0.000000E+00,0.000000E+00,1.999474E+01,3.089577E+01,3.322836E+01,2.873721E+01,7.444138E+03,0.000000E+00,2.432968E-01,0.000000E+00,0.000000E+00,0.000000E+00,0.000000E+00,0.000000E+00,0.000000E+00,0.000000E+00,0.000000E+00,0.000000E+00,1.999471E+01,3.100220E+01,3.379463E+01,2.784185E+01,7.786667E+03,0.000000E+00,2.544912E-01,0.000000E+00,0.000000E+00,0.000000E+00,0.000000E+00,0.000000E+00,0.000000E+00,0.000000E+00,0.000000E+00,0.000000E+00,1.999468E+01,3.143321E+01,3.444804E+01,2.684672E+01,8.701811E+03,0.000000E+00,2.844019E-01,0.000000E+00,0.000000E+00,0.000000E+00,0.000000E+00,0.000000E+00,0.000000E+00,0.000000E+00,0.000000E+00,0.000000E+00,1.999468E+01,3.304786E+01,3.861040E+01,2.137669E+01
13:00:00,7.353779E+03,0.000000E+00,2.403439E-01,0.000000E+00,0.000000E+00,0.000000E+00,0.000000E+00,0.000000E+00,0.000000E+00,0.000000E+00,0.000000E+00,0.000000E+00,1.999474E+01,3.078245E+01,2.870075E+01,3.700726E+01,7.079043E+03,0.000000E+00,2.313655E-01,0.000000E+00,0.000000E+00,0.000000E+00,0.000000E+00,0.000000E+00,0.000000E+00,0.000000E+00,0.000000E+00,0.000000E+00,1.999486E+01,3.053984E+01,3.204199E+01,3.056581E+01,7.108841E+03,0.000000E+00,2.323393E-01,0.000000E+00,0.000000E+00,0.000000E+00,0.000000E+00,0.000000E+00,0.000000E+00,0.000000E+00,0.000000E+00,0.000000E+00,1.999485E+01,3.057697E+01,3.328626E+01,2.849930E+01,7.200956E+03,0.000000E+00,2.353496E-01,0.000000E+00,0.000000E+00,0.000000E+00,0.000000E+00,0.000000E+00,0.000000E+00,0.000000E+00,0.000000E+00,0.000000E+00,1.999482E+01,3.068149E+01,3.385784E+01,2.760326E+01,7.497613E+03,0.000000E+00,2.450449E-01,0.000000E+00,0.000000E+00,0.000000E+00,0.000000E+00,0.000000E+00,0.000000E+00,0.000000E+00,0.000000E+00,0.000000E+00,1.999479E+01,3.108081E+01,3.454484E+01,2.656731E+01,8.070727E+03,0.000000E+00,2.637772E-01,0.000000E+00,0.000000E+00,0.000000E+00,0.000000E+00,0.000000E+00,0.000000E+00,0.000000E+00,0.000000E+00,0.000000E+00,1.999490E+01,3.242279E+01,3.887430E+01,2.096741E+01
13:10:00,7.110530E+03,0.000000E+00,2.323943E-01,0.000000E+00,0.000000E+00,0.000000E+00,0.000000E+00,0.000000E+00,0.000000E+00,0.000000E+00,0.000000E+00,0.000000E+00,1.999484E+01,3.047264E+01,2.874374E+01,3.674672E+01,6.821756E+03,0.000000E+00,2.229570E-01,0.000000E+00,0.000000E+00,0.000000E+00,0.000000E+00,0.000000E+00,0.000000E+00,0.000000E+00,0.000000E+00,0.000000E+00,1.999497E+01,3.020853E+01,3.209481E+01,3.033402E+01,6.848150E+03,0.000000E+00,2.238196E-01,0.000000E+00,0.000000E+00,0.000000E+00,0.000000E+00,0.000000E+00,0.000000E+00,0.000000E+00,0.000000E+00,0.000000E+00,1.999496E+01,3.024350E+01,3.334082E+01,2.828064E+01,6.934599E+03,0.000000E+00,2.266448E-01,0.000000E+00,0.000000E+00,0.000000E+00,0.000000E+00,0.000000E+00,0.000000E+00,0.000000E+00,0.000000E+00,0.000000E+00,1.999494E+01,3.034588E+01,3.391799E+01,2.738305E+01,7.187228E+03,0.000000E+00,2.349012E-01,0.000000E+00,0.000000E+00,0.000000E+00,0.000000E+00,0.000000E+00,0.000000E+00,0.000000E+00,0.000000E+00,0.000000E+00,1.999492E+01,3.071344E+01,3.463826E+01,2.630705E+01,7.475397E+03,0.000000E+00,2.443207E-01,0.000000E+00,0.000000E+00,0.000000E+00,0.000000E+00,0.000000E+00,0.000000E+00,0.000000E+00,0.000000E+00,0.000000E+00,1.999513E+01,3.180022E+01,3.912534E+01,2.058966E+01
13:20:00,6.856141E+03,0.000000E+00,2.240807E-01,0.000000E+00,0.000000E+00,0.000000E+00,0.000000E+00,0.000000E+00,0.000000E+00,0.000000E+00,0.000000E+00,0.000000E+00,1.999494E+01,3.015281E+01,2.879764E+01,3.646001E+01,6.550928E+03,0.000000E+00,2.141061E-01,0.000000E+00,0.000000E+00,0.000000E+00,0.000000E+00,0.000000E+00,0.000000E+00,0.000000E+00,0.000000E+00,0.000000E+00,1.999508E+01,2.986598E+01,3.215805E+01,3.008233E+01,6.573623E+03,0.000000E+00,2.148478E-01,0.000000E+00,0.000000E+00,0.000000E+00,0.000000E+00,0.000000E+00,0.000000E+00,0.000000E+00,0.000000E+00,0.000000E+00,1.999508E+01,2.989852E+01,3.340517E+01,2.804464E+01,6.654622E+03,0.000000E+00,2.174949E-01,0.000000E+00,0.000000E+00,0.000000E+00,0.000000E+00,0.000000E+00,0.000000E+00,0.000000E+00,0.000000E+00,0.000000E+00,1.999505E+01,2.999855E+01,3.398729E+01,2.714726E+01,6.867152E+03,0.000000E+00,2.244408E-01,0.000000E+00,0.000000E+00,0.000000E+00,0.000000E+00,0.000000E+00,0.000000E+00,0.000000E+00,0.000000E+00,0.000000E+00,1.999504E+01,3.033441E+01,3.473894E+01,2.603556E+01,6.920301E+03,0.000000E+00,2.261792E-01,0.000000E+00,0.000000E+00,0.000000E+00,0.000000E+00,0.000000E+00,0.000000E+00,0.000000E+00,0.000000E+00,0.000000E+00,1.999534E+01,3.117817E+01,3.937671E+01,2.021623E+01
13:30:00,6.591584E+03,0.000000E+00,2.154347E-01,0.000000E+00,0.000000E+00,0.000000E+00,0.000000E+00,0.000000E+00,0.000000E+00,0.000000E+00,0.000000E+00,0.000000E+00,1.999506E+01,2.982481E+01,2.887353E+01,3.611289E+01,6.269731E+03,0.000000E+00,2.049163E-01,0.000000E+00,0.000000E+00,0.000000E+00,0.000000E+00,0.000000E+00,0.000000E+00,0.000000E+00,0.000000E+00,0.000000E+00,1.999522E+01,2.951260E+01,3.224358E+01,2.978153E+01,6.288696E+03,0.000000E+00,2.055361E-01,0.000000E+00,0.000000E+00,0.000000E+00,0.000000E+00,0.000000E+00,0.000000E+00,0.000000E+00,0.000000E+00,0.000000E+00,1.999521E+01,2.954248E+01,3.349118E+01,2.776422E+01,6.364403E+03,0.000000E+00,2.080103E-01,0.000000E+00,0.000000E+00,0.000000E+00,0.000000E+00,0.000000E+00,0.000000E+00,0.000000E+00,0.000000E+00,0.000000E+00,1.999519E+01,2.964021E+01,3.407753E+01,2.686980E+01,6.540671E+03,0.000000E+00,2.137712E-01,0.000000E+00,0.000000E+00,0.000000E+00,0.000000E+00,0.000000E+00,0.000000E+00,0.000000E+00,0.000000E+00,0.000000E+00,1.999517E+01,2.994521E+01,3.485851E+01,2.572816E+01,6.401096E+03,0.000000E+00,2.092107E-01,0.000000E+00,0.000000E+00,0.000000E+00,0.000000E+00,0.000000E+00,0.000000E+00,0.000000E+00,0.000000E+00,0.000000E+00,1.999560E+01,3.055117E+01,3.964009E+01,1.982808E+01
13:40:00,6.314211E+03,0.000000E+00,2.063700E-01,0.000000E+00,0.000000E+00,0.000000E+00,0.000000E+00,0.000000E+00,0.000000E+00,0.000000E+00,0.000000E+00,0.000000E+00,1.999522E+01,2.948698E+01,2.897035E+01,3.570601E+01,5.975670E+03,0.000000E+00,1.953062E-01,0.000000E+00,0.000000E+00,0.000000E+00,0.000000E+00,0.000000E+00,0.000000E+00,0.000000E+00,0.000000E+00,0.000000E+00,1.999539E+01,2.914736E+01,3.235114E+01,2.943084E+01,5.991207E+03,0.000000E+00,1.958139E-01,0.000000E+00,0.000000E+00,0.000000E+00,0.000000E+00,0.000000E+00,0.000000E+00,0.000000E+00,0.000000E+00,0.000000E+00,1.999539E+01,2.917439E+01,3.359894E+01,2.743801E+01,6.062343E+03,0.000000E+00,1.981387E-01,0.000000E+00,0.000000E+00,0.000000E+00,0.000000E+00,0.000000E+00,0.000000E+00,0.000000E+00,0.000000E+00,0.000000E+00,1.999536E+01,2.926976E+01,3.418921E+01,2.654878E+01,6.207530E+03,0.000000E+00,2.028838E-01,0.000000E+00,0.000000E+00,0.000000E+00,0.000000E+00,0.000000E+00,0.000000E+00,0.000000E+00,0.000000E+00,0.000000E+00,1.999535E+01,2.954438E+01,3.499843E+01,2.538180E+01,5.881187E+03,0.000000E+00,1.922192E-01,0.000000E+00,0.000000E+00,0.000000E+00,0.000000E+00,0.000000E+00,0.000000E+00,0.000000E+00,0.000000E+00,0.000000E+00,1.999588E+01,2.991501E+01,3.991517E+01,1.942482E+01
13:50:00,6.034660E+03,0.000000E+00,1.972341E-01,0.000000E+00,0.000000E+00,0.000000E+00,0.000000E+00,0.000000E+00,0.000000E+00,0.000000E+00,0.000000E+00,0.000000E+00,1.999536E+01,2.914035E+01,2.907742E+01,3.526383E+01,5.679679E+03,0.000000E+00,1.856329E-01,0.000000E+00,0.000000E+00,0.000000E+00,0.000000E+00,0.000000E+00,0.000000E+00,0.000000E+00,0.000000E+00,0.000000E+00,1.999554E+01,2.877201E+01,3.247034E+01,2.904953E+01,5.691885E+03,0.000000E+00,1.860318E-01,0.000000E+00,0.000000E+00,0.000000E+00,0.000000E+00,0.000000E+00,0.000000E+00,0.000000E+00,0.000000E+00,0.000000E+00,1.999554E+01,2.879618E+01,3.371850E+01,2.708316E+01,5.758469E+03,0.000000E+00,1.882079E-01,0.000000E+00,0.000000E+00,0.000000E+00,0.000000E+00,0.000000E+00,0.000000E+00,0.000000E+00,0.000000E+00,0.000000E+00,1.999551E+01,2.888927E+01,3.431270E+01,2.620025E+01,5.874903E+03,0.000000E+00,1.920133E-01,0.000000E+00,0.000000E+00,0.000000E+00,0.000000E+00,0.000000E+00,0.000000E+00,0.000000E+00,0.000000E+00,0.000000E+00,1.999551E+01,2.913468E+01,3.514959E+01,2.501111E+01,5.384455E+03,0.000000E+00,1.759855E-01,0.000000E+00,0.000000E+00,0.000000E+00,0.000000E+00,0.000000E+00,0.000000E+00,0.000000E+00,0.000000E+00,0.000000E+00,1.999610E+01,2.927654E+01,4.018544E+01,1.902471E+01
14:00:00,5.754085E+03,0.000000E+00,1.880647E-01,0.000000E+00,0.000000E+00,0.000000E+00,0.000000E+00,0.000000E+00,0.000000E+00,0.000000E+00,0.000000E+00,0.000000E+00,1.999550E+01,2.878508E+01,2.918710E+01,3.480432E+01,5.383318E+03,0.000000E+00,1.759476E-01,0.000000E+00,0.000000E+00,0.000000E+00,0.000000E+00,0.000000E+00,0.000000E+00,0.000000E+00,0.000000E+00,0.000000E+00,1.999570E+01,2.838709E+01,3.259331E+01,2.865268E+01,5.392513E+03,0.000000E+00,1.762481E-01,0.000000E+00,0.000000E+00,0.000000E+00,0.000000E+00,0.000000E+00,0.000000E+00,0.000000E+00,0.000000E+00,0.000000E+00,1.999569E+01,2.840839E+01,3.384204E+01,2.671354E+01,5.455022E+03,0.000000E+00,1.782910E-01,0.000000E+00,0.000000E+00,0.000000E+00,0.000000E+00,0.000000E+00,0.000000E+00,0.000000E+00,0.000000E+00,0.000000E+00,1.999567E+01,2.849930E+01,3.444021E+01,2.583754E+01,5.547066E+03,0.000000E+00,1.812992E-01,0.000000E+00,0.000000E+00,0.000000E+00,0.000000E+00,0.000000E+00,0.000000E+00,0.000000E+00,0.000000E+00,0.000000E+00,1.999566E+01,2.871685E+01,3.530425E+01,2.462875E+01,4.908104E+03,0.000000E+00,1.604177E-01,0.000000E+00,0.000000E+00,0.000000E+00,0.000000E+00,0.000000E+00,0.000000E+00,0.000000E+00,0.000000E+00,0.000000E+00,1.999627E+01,2.864099E+01,4.044389E+01,1.863551E+01
14:10:00,5.478757E+03,0.000000E+00,1.790667E-01,0.000000E+00,0.000000E+00,0.000000E+00,0.000000E+00,0.000000E+00,0.000000E+00,0.000000E+00,0.000000E+00,0.000000E+00,1.999565E+01,2.842034E+01,2.929685E+01,3.433428E+01,5.092838E+03,0.000000E+00,1.664544E-01,0.000000E+00,0.000000E+00,0.000000E+00,0.000000E+00,0.000000E+00,0.000000E+00,0.000000E+00,0.000000E+00,0.000000E+00,1.999586E+01,2.799180E+01,3.271706E+01,2.824657E+01,5.099319E+03,0.000000E+00,1.666662E-01,0.000000E+00,0.000000E+00,0.000000E+00,0.000000E+00,0.000000E+00,0.000000E+00,0.000000E+00,0.000000E+00,0.000000E+00,1.999585E+01,2.801020E+01,3.396649E+01,2.633509E+01,5.158261E+03,0.000000E+00,1.685925E-01,0.000000E+00,0.000000E+00,0.000000E+00,0.000000E+00,0.000000E+00,0.000000E+00,0.000000E+00,0.000000E+00,0.000000E+00,1.999583E+01,2.809901E+01,3.456860E+01,2.546651E+01,5.230497E+03,0.000000E+00,1.709534E-01,0.000000E+00,0.000000E+00,0.000000E+00,0.000000E+00,0.000000E+00,0.000000E+00,0.000000E+00,0.000000E+00,0.000000E+00,1.999582E+01,2.829070E+01,3.545908E+01,2.424054E+01,4.459525E+03,0.000000E+00,1.457574E-01,0.000000E+00,0.000000E+00,0.000000E+00,0.000000E+00,0.000000E+00,0.000000E+00,0.000000E+00,0.000000E+00,0.000000E+00,1.999669E+01,2.800141E+01,4.069140E+01,1.825646E+01
14:20:00,5.209686E+03,0.000000E+00,1.702733E-01,0.000000E+00,0.000000E+00,0.000000E+00,0.000000E+00,0.000000E+00,0.000000E+00,0.000000E+00,0.000000E+00,0.000000E+00,1.999578E+01,2.804321E+01,2.940511E+01,3.386769E+01,4.811410E+03,0.000000E+00,1.572570E-01,0.000000E+00,0.000000E+00,0.000000E+00,0.000000E+00,0.000000E+00,0.000000E+00,0.000000E+00,0.000000E+00,0.000000E+00,1.999599E+01,2.758359E+01,3.284040E+01,2.784219E+01,4.815541E+03,0.000000E+00,1.573920E-01,0.000000E+00,0.000000E+00,0.000000E+00,0.000000E+00,0.000000E+00,0.000000E+00,0.000000E+00,0.000000E+00,0.000000E+00,1.999599E+01,2.759913E+01,3.409097E+01,2.595765E+01,4.871173E+03,0.000000E+00,1.592101E-01,0.000000E+00,0.000000E+00,0.000000E+00,0.000000E+00,0.000000E+00,0.000000E+00,0.000000E+00,0.000000E+00,0.000000E+00,1.999597E+01,2.768603E+01,3.469722E+01,2.509633E+01,4.927277E+03,0.000000E+00,1.610438E-01,0.000000E+00,0.000000E+00,0.000000E+00,0.000000E+00,0.000000E+00,0.000000E+00,0.000000E+00,0.000000E+00,0.000000E+00,1.999595E+01,2.785451E+01,3.561384E+01,2.385468E+01,4.045768E+03,0.000000E+00,1.322352E-01,0.000000E+00,0.000000E+00,0.000000E+00,0.000000E+00,0.000000E+00,0.000000E+00,0.000000E+00,0.000000E+00,0.000000E+00,1.999695E+01,2.735604E+01,4.093736E+01,1.788396E+01
14:30:00,4.950203E+03,0.000000E+00,1.617931E-01,0.000000E+00,0.000000E+00,0.000000E+00,0.000000E+00,0.000000E+00,0.000000E+00,0.000000E+00,0.000000E+00,0.000000E+00,1.999592E+01,2.765203E+01,2.951174E+01,3.341080E+01,4.540870E+03,0.000000E+00,1.484154E-01,0.000000E+00,0.000000E+00,0.000000E+00,0.000000E+00,0.000000E+00,0.000000E+00,0.000000E+00,0.000000E+00,0.000000E+00,1.999613E+01,2.716103E+01,3.296311E+01,2.744493E+01,4.542991E+03,0.000000E+00,1.484847E-01,0.000000E+00,0.000000E+00,0.000000E+00,0.000000E+00,0.000000E+00,0.000000E+00,0.000000E+00,0.000000E+00,0.000000E+00,1.999613E+01,2.717381E+01,3.421533E+01,2.558618E+01,4.595798E+03,0.000000E+00,1.502105E-01,0.000000E+00,0.000000E+00,0.000000E+00,0.000000E+00,0.000000E+00,0.000000E+00,0.000000E+00,0.000000E+00,0.000000E+00,1.999610E+01,2.725900E+01,3.482600E+01,2.473170E+01,4.640542E+03,0.000000E+00,1.516728E-01,0.000000E+00,0.000000E+00,0.000000E+00,0.000000E+00,0.000000E+00,0.000000E+00,0.000000E+00,0.000000E+00,0.000000E+00,1.999608E+01,2.740722E+01,3.576862E+01,2.347540E+01,3.668556E+03,0.000000E+00,1.199071E-01,0.000000E+00,0.000000E+00,0.000000E+00,0.000000E+00,0.000000E+00,0.000000E+00,0.000000E+00,0.000000E+00,0.000000E+00,1.999718E+01,2.670511E+01,4.118301E+01,1.752002E+01
14:40:00,4.702750E+03,0.000000E+00,1.537060E-01,0.000000E+00,0.000000E+00,0.000000E+00,0.000000E+00,0.000000E+00,0.000000E+00,0.000000E+00,0.000000E+00,0.000000E+00,1.999605E+01,2.724718E+01,2.961616E+01,3.296591E+01,4.283747E+03,0.000000E+00,1.400121E-01,0.000000E+00,0.000000E+00,0.000000E+00,0.000000E+00,0.000000E+00,0.000000E+00,0.000000E+00,0.000000E+00,0.000000E+00,1.999627E+01,2.672468E+01,3.308424E+01,2.705725E+01,4.284022E+03,0.000000E+00,1.400211E-01,0.000000E+00,0.000000E+00,0.000000E+00,0.000000E+00,0.000000E+00,0.000000E+00,0.000000E+00,0.000000E+00,0.000000E+00,1.999626E+01,2.673481E+01,3.433851E+01,2.522315E+01,4.334250E+03,0.000000E+00,1.416627E-01,0.000000E+00,0.000000E+00,0.000000E+00,0.000000E+00,0.000000E+00,0.000000E+00,0.000000E+00,0.000000E+00,0.000000E+00,1.999624E+01,2.681850E+01,3.495386E+01,2.437508E+01,4.371644E+03,0.000000E+00,1.428848E-01,0.000000E+00,0.000000E+00,0.000000E+00,0.000000E+00,0.000000E+00,0.000000E+00,0.000000E+00,0.000000E+00,0.000000E+00,1.999620E+01,2.694959E+01,3.592232E+01,2.310497E+01,3.330639E+03,0.000000E+00,1.088632E-01,0.000000E+00,0.000000E+00,0.000000E+00,0.000000E+00,0.000000E+00,0.000000E+00,0.000000E+00,0.000000E+00,0.000000E+00,1.999739E+01,2.605109E+01,4.142388E+01,1.716922E+01
14:50:00,4.468615E+03,0.000000E+00,1.460541E-01,0.000000E+00,0.000000E+00,0.000000E+00,0.000000E+00,0.000000E+00,0.000000E+00,0.000000E+00,0.000000E+00,0.000000E+00,1.999615E+01,2.683403E+01,2.971931E+01,3.253032E+01,4.041556E+03,0.000000E+00,1.320969E-01,0.000000E+00,0.000000E+00,0.000000E+00,0.000000E+00,0.000000E+00,0.000000E+00,0.000000E+00,0.000000E+00,0.000000E+00,1.999637E+01,2.628017E+01,3.320449E+01,2.667734E+01,4.040287E+03,0.000000E+00,1.320554E-01,0.000000E+00,0.000000E+00,0.000000E+00,0.000000E+00,0.000000E+00,0.000000E+00,0.000000E+00,0.000000E+00,0.000000E+00,1.999636E+01,2.628776E+01,3.446102E+01,2.486712E+01,4.088258E+03,0.000000E+00,1.336232E-01,0.000000E+00,0.000000E+00,0.000000E+00,0.000000E+00,0.000000E+00,0.000000E+00,0.000000E+00,0.000000E+00,0.000000E+00,1.999634E+01,2.637012E+01,3.508116E+01,2.402526E+01,4.122714E+03,0.000000E+00,1.347493E-01,0.000000E+00,0.000000E+00,0.000000E+00,0.000000E+00,0.000000E+00,0.000000E+00,0.000000E+00,0.000000E+00,0.000000E+00,1.999628E+01,2.648773E+01,3.607499E+01,2.274263E+01,3.031643E+03,0.000000E+00,9.909120E-02,0.000000E+00,0.000000E+00,0.000000E+00,0.000000E+00,0.000000E+00,0.000000E+00,0.000000E+00,0.000000E+00,0.000000E+00,1.999751E+01,2.540962E+01,4.165476E+01,1.683529E+01
15:00:00,4.249682E+03,0.000000E+00,1.388990E-01,0.000000E+00,0.000000E+00,0.000000E+00,0.000000E+00,0.000000E+00,0.000000E+00,0.000000E+00,0.000000E+00,0.000000E+00,1.999625E+01,2.641603E+01,2.982136E+01,3.210245E+01,3.816499E+03,0.000000E+00,1.247415E-01,0.000000E+00,0.000000E+00,0.000000E+00,0.000000E+00,0.000000E+00,0.000000E+00,0.000000E+00,0.000000E+00,0.000000E+00,1.999647E+01,2.583129E+01,3.332400E+01,2.630390E+01,3.814117E+03,0.000000E+00,1.246636E-01,0.000000E+00,0.000000E+00,0.000000E+00,0.000000E+00,0.000000E+00,0.000000E+00,0.000000E+00,0.000000E+00,0.000000E+00,1.999646E+01,2.583648E+01,3.458302E+01,2.451690E+01,3.860056E+03,0.000000E+00,1.261650E-01,0.000000E+00,0.000000E+00,0.000000E+00,0.000000E+00,0.000000E+00,0.000000E+00,0.000000E+00,0.000000E+00,0.000000E+00,1.999644E+01,2.591768E+01,3.520803E+01,2.368114E+01,3.896080E+03,0.000000E+00,1.273423E-01,0.000000E+00,0.000000E+00,0.000000E+00,0.000000E+00,0.000000E+00,0.000000E+00,0.000000E+00,0.000000E+00,0.000000E+00,1.999635E+01,2.602582E+01,3.622658E+01,2.238748E+01,2.782498E+03,0.000000E+00,9.094847E-02,0.000000E+00,0.000000E+00,0.000000E+00,0.000000E+00,0.000000E+00,0.000000E+00,0.000000E+00,0.000000E+00,0.000000E+00,1.999761E+01,2.479086E+01,4.187431E+01,1.651806E+01
15:10:00,4.025900E+03,0.000000E+00,1.315853E-01,0.000000E+00,0.000000E+00,0.000000E+00,0.000000E+00,0.000000E+00,0.000000E+00,0.000000E+00,0.000000E+00,0.000000E+00,1.999635E+01,2.599497E+01,2.992194E+01,3.168187E+01,3.588845E+03,0.000000E+00,1.173011E-01,0.000000E+00,0.000000E+00,0.000000E+00,0.000000E+00,0.000000E+00,0.000000E+00,0.000000E+00,0.000000E+00,0.000000E+00,1.999656E+01,2.538024E+01,3.344241E+01,2.593657E+01,3.586041E+03,0.000000E+00,1.172094E-01,0.000000E+00,0.000000E+00,0.000000E+00,0.000000E+00,0.000000E+00,0.000000E+00,0.000000E+00,0.000000E+00,0.000000E+00,1.999654E+01,2.538330E+01,3.470414E+01,2.417216E+01,3.629852E+03,0.000000E+00,1.186413E-01,0.000000E+00,0.000000E+00,0.000000E+00,0.000000E+00,0.000000E+00,0.000000E+00,0.000000E+00,0.000000E+00,0.000000E+00,1.999652E+01,2.546339E+01,3.533410E+01,2.334238E+01,3.669514E+03,0.000000E+00,1.199374E-01,0.000000E+00,0.000000E+00,0.000000E+00,0.000000E+00,0.000000E+00,0.000000E+00,0.000000E+00,0.000000E+00,0.000000E+00,1.999637E+01,2.556711E+01,3.637666E+01,2.203920E+01,2.551242E+03,0.000000E+00,8.339015E-02,0.000000E+00,0.000000E+00,0.000000E+00,0.000000E+00,0.000000E+00,0.000000E+00,0.000000E+00,0.000000E+00,0.000000E+00,1.999769E+01,2.419992E+01,4.208301E+01,1.621588E+01
15:20:00,3.800260E+03,0.000000E+00,1.242108E-01,0.000000E+00,0.000000E+00,0.000000E+00,0.000000E+00,0.000000E+00,0.000000E+00,0.000000E+00,0.000000E+00,0.000000E+00,1.999654E+01,2.557139E+01,3.003203E+01,3.123954E+01,3.363887E+03,0.000000E+00,1.099488E-01,0.000000E+00,0.000000E+00,0.000000E+00,0.000000E+00,0.000000E+00,0.000000E+00,0.000000E+00,0.000000E+00,0.000000E+00,1.999673E+01,2.492798E+01,3.357128E+01,2.555108E+01,3.359067E+03,0.000000E+00,1.097913E-01,0.000000E+00,0.000000E+00,0.000000E+00,0.000000E+00,0.000000E+00,0.000000E+00,0.000000E+00,0.000000E+00,0.000000E+00,1.999670E+01,2.492962E+01,3.483616E+01,2.381011E+01,3.401390E+03,0.000000E+00,1.111745E-01,0.000000E+00,0.000000E+00,0.000000E+00,0.000000E+00,0.000000E+00,0.000000E+00,0.000000E+00,0.000000E+00,0.000000E+00,1.999668E+01,2.500851E+01,3.547135E+01,2.298680E+01,3.443491E+03,0.000000E+00,1.125503E-01,0.000000E+00,0.000000E+00,0.000000E+00,0.000000E+00,0.000000E+00,0.000000E+00,0.000000E+00,0.000000E+00,0.000000E+00,1.999659E+01,2.511127E+01,3.653782E+01,2.167617E+01,2.341400E+03,0.000000E+00,7.653163E-02,0.000000E+00,0.000000E+00,0.000000E+00,0.000000E+00,0.000000E+00,0.000000E+00,0.000000E+00,0.000000E+00,0.000000E+00,1.999789E+01,2.363097E+01,4.230013E+01,1.590710E+01
15:30:00,3.572973E+03,0.000000E+00,1.167825E-01,0.000000E+00,0.000000E+00,0.000000E+00,0.000000E+00,0.000000E+00,0.000000E+00,0.000000E+00,0.000000E+00,0.000000E+00,1.999672E+01,2.514699E+01,3.015289E+01,3.076799E+01,3.138698E+03,0.000000E+00,1.025889E-01,0.000000E+00,0.000000E+00,0.000000E+00,0.000000E+00,0.000000E+00,0.000000E+00,0.000000E+00,0.000000E+00,0.000000E+00,1.999684E+01,2.447880E+01,3.371216E+01,2.514100E+01,3.130024E+03,0.000000E+00,1.023054E-01,0.000000E+00,0.000000E+00,0.000000E+00,0.000000E+00,0.000000E+00,0.000000E+00,0.000000E+00,0.000000E+00,0.000000E+00,1.999692E+01,2.447751E+01,3.498065E+01,2.342476E+01,3.171223E+03,0.000000E+00,1.036519E-01,0.000000E+00,0.000000E+00,0.000000E+00,0.000000E+00,0.000000E+00,0.000000E+00,0.000000E+00,0.000000E+00,0.000000E+00,1.999687E+01,2.455577E+01,3.562139E+01,2.260857E+01,3.216146E+03,0.000000E+00,1.051200E-01,0.000000E+00,0.000000E+00,0.000000E+00,0.000000E+00,0.000000E+00,0.000000E+00,0.000000E+00,0.000000E+00,0.000000E+00,1.999688E+01,2.465721E+01,3.671186E+01,2.129273E+01,2.152951E+03,0.000000E+00,7.037228E-02,0.000000E+00,0.000000E+00,0.000000E+00,0.000000E+00,0.000000E+00,0.000000E+00,0.000000E+00,0.000000E+00,0.000000E+00,1.999806E+01,2.308386E+01,4.252735E+01,1.558763E+01
15:40:00,3.348489E+03,0.000000E+00,1.094457E-01,0.000000E+00,0.000000E+00,0.000000E+00,0.000000E+00,0.000000E+00,0.000000E+00,0.000000E+00,0.000000E+00,0.000000E+00,1.999690E+01,2.472223E+01,3.027879E+01,3.027574E+01,2.915617E+03,0.000000E+00,9.529791E-02,0.000000E+00,0.000000E+00,0.000000E+00,0.000000E+00,0.000000E+00,0.000000E+00,0.000000E+00,0.000000E+00,0.000000E+00,1.999713E+01,2.403103E+01,3.385933E+01,2.471322E+01,2.902747E+03,0.000000E+00,9.487726E-02,0.000000E+00,0.000000E+00,0.000000E+00,0.000000E+00,0.000000E+00,0.000000E+00,0.000000E+00,0.000000E+00,0.000000E+00,1.999721E+01,2.402425E+01,3.513190E+01,2.302246E+01,2.943034E+03,0.000000E+00,9.619400E-02,0.000000E+00,0.000000E+00,0.000000E+00,0.000000E+00,0.000000E+00,0.000000E+00,0.000000E+00,0.000000E+00,0.000000E+00,1.999717E+01,2.410246E+01,3.577849E+01,2.221388E+01,2.991043E+03,0.000000E+00,9.776295E-02,0.000000E+00,0.000000E+00,0.000000E+00,0.000000E+00,0.000000E+00,0.000000E+00,0.000000E+00,0.000000E+00,0.000000E+00,1.999716E+01,2.420248E+01,3.689292E+01,2.089487E+01,1.992994E+03,0.000000E+00,6.514416E-02,0.000000E+00,0.000000E+00,0.000000E+00,0.000000E+00,0.000000E+00,0.000000E+00,0.000000E+00,0.000000E+00,0.000000E+00,1.999820E+01,2.256076E+01,4.275573E+01,1.526399E+01
15:50:00,3.127473E+03,0.000000E+00,1.022223E-01,0.000000E+00,0.000000E+00,0.000000E+00,0.000000E+00,0.000000E+00,0.000000E+00,0.000000E+00,0.000000E+00,0.000000E+00,1.999703E+01,2.430552E+01,3.040507E+01,2.977068E+01,2.695236E+03,0.000000E+00,8.809514E-02,0.000000E+00,0.000000E+00,0.000000E+00,0.000000E+00,0.000000E+00,0.000000E+00,0.000000E+00,0.000000E+00,0.000000E+00,1.999735E+01,2.359020E+01,3.400785E+01,2.427448E+01,2.677578E+03,0.000000E+00,8.751802E-02,0.000000E+00,0.000000E+00,0.000000E+00,0.000000E+00,0.000000E+00,0.000000E+00,0.000000E+00,0.000000E+00,0.000000E+00,1.999741E+01,2.357636E+01,3.528493E+01,2.260953E+01,2.717280E+03,0.000000E+00,8.881562E-02,0.000000E+00,0.000000E+00,0.000000E+00,0.000000E+00,0.000000E+00,0.000000E+00,0.000000E+00,0.000000E+00,0.000000E+00,1.999737E+01,2.365494E+01,3.593756E+01,2.180893E+01,2.768486E+03,0.000000E+00,9.048912E-02,0.000000E+00,0.000000E+00,0.000000E+00,0.000000E+00,0.000000E+00,0.000000E+00,0.000000E+00,0.000000E+00,0.000000E+00,1.999734E+01,2.375460E+01,3.707544E+01,2.048896E+01,1.860728E+03,0.000000E+00,6.082107E-02,0.000000E+00,0.000000E+00,0.000000E+00,0.000000E+00,0.000000E+00,0.000000E+00,0.000000E+00,0.000000E+00,0.000000E+00,1.999819E+01,2.208637E+01,4.297511E+01,1.494397E+01
16:00:00,2.911473E+03,0.000000E+00,9.516277E-02,0.000000E+00,0.000000E+00,0.000000E+00,0.000000E+00,0.000000E+00,0.000000E+00,0.000000E+00,0.000000E+00,0.000000E+00,1.999716E+01,2.390139E+01,3.052648E+01,2.926154E+01,2.478506E+03,0.000000E+00,8.101167E-02,0.000000E+00,0.000000E+00,0.000000E+00,0.000000E+00,0.000000E+00,0.000000E+00,0.000000E+00,0.000000E+00,0.000000E+00,1.999753E+01,2.315959E+01,3.415205E+01,2.383237E+01,2.455496E+03,0.000000E+00,8.025964E-02,0.000000E+00,0.000000E+00,0.000000E+00,0.000000E+00,0.000000E+00,0.000000E+00,0.000000E+00,0.000000E+00,0.000000E+00,1.999759E+01,2.313795E+01,3.543402E+01,2.219309E+01,2.494945E+03,0.000000E+00,8.154900E-02,0.000000E+00,0.000000E+00,0.000000E+00,0.000000E+00,0.000000E+00,0.000000E+00,0.000000E+00,0.000000E+00,0.000000E+00,1.999755E+01,2.321725E+01,3.609283E+01,2.140063E+01,2.548354E+03,0.000000E+00,8.329455E-02,0.000000E+00,0.000000E+00,0.000000E+00,0.000000E+00,0.000000E+00,0.000000E+00,0.000000E+00,0.000000E+00,0.000000E+00,1.999751E+01,2.331877E+01,3.725345E+01,2.008163E+01,1.755712E+03,0.000000E+00,5.738862E-02,0.000000E+00,0.000000E+00,0.000000E+00,0.000000E+00,0.000000E+00,0.000000E+00,0.000000E+00,0.000000E+00,0.000000E+00,1.999815E+01,2.167443E+01,4.317870E+01,1.463229E+01
16:10:00,2.735630E+03,0.000000E+00,8.941576E-02,0.000000E+00,0.000000E+00,0.000000E+00,0.000000E+00,0.000000E+00,0.000000E+00,0.000000E+00,0.000000E+00,0.000000E+00,1.999727E+01,2.351209E+01,3.064660E+01,2.874189E+01,2.299207E+03,0.000000E+00,7.515165E-02,0.000000E+00,0.000000E+00,0.000000E+00,0.000000E+00,0.000000E+00,0.000000E+00,0.000000E+00,0.000000E+00,0.000000E+00,1.999769E+01,2.274119E+01,3.429518E+01,2.338230E+01,2.269486E+03,0.000000E+00,7.418031E-02,0.000000E+00,0.000000E+00,0.000000E+00,0.000000E+00,0.000000E+00,0.000000E+00,0.000000E+00,0.000000E+00,0.000000E+00,1.999775E+01,2.271148E+01,3.558212E+01,2.176927E+01,2.308847E+03,0.000000E+00,7.546675E-02,0.000000E+00,0.000000E+00,0.000000E+00,0.000000E+00,0.000000E+00,0.000000E+00,0.000000E+00,0.000000E+00,0.000000E+00,1.999771E+01,2.279177E+01,3.624701E+01,2.098560E+01,2.365321E+03,0.000000E+00,7.731256E-02,0.000000E+00,0.000000E+00,0.000000E+00,0.000000E+00,0.000000E+00,0.000000E+00,0.000000E+00,0.000000E+00,0.000000E+00,1.999765E+01,2.289782E+01,3.742929E+01,1.967006E+01,1.718171E+03,0.000000E+00,5.616169E-02,0.000000E+00,0.000000E+00,0.000000E+00,0.000000E+00,0.000000E+00,0.000000E+00,0.000000E+00,0.000000E+00,0.000000E+00,1.999808E+01,2.132905E+01,4.336985E+01,1.432565E+01
16:20:00,2.603450E+03,0.000000E+00,8.509573E-02,0.000000E+00,0.000000E+00,0.000000E+00,0.000000E+00,0.000000E+00,0.000000E+00,0.000000E+00,0.000000E+00,0.000000E+00,1.999725E+01,2.322014E+01,3.075394E+01,2.822829E+01,2.158947E+03,0.000000E+00,7.056755E-02,0.000000E+00,0.000000E+00,0.000000E+00,0.000000E+00,0.000000E+00,0.000000E+00,0.000000E+00,0.000000E+00,0.000000E+00,1.999772E+01,2.241805E+01,3.442559E+01,2.293753E+01,2.123598E+03,0.000000E+00,6.941227E-02,0.000000E+00,0.000000E+00,0.000000E+00,0.000000E+00,0.000000E+00,0.000000E+00,0.000000E+00,0.000000E+00,0.000000E+00,1.999778E+01,2.237978E+01,3.571792E+01,2.134991E+01,2.162303E+03,0.000000E+00,7.067727E-02,0.000000E+00,0.000000E+00,0.000000E+00,0.000000E+00,0.000000E+00,0.000000E+00,0.000000E+00,0.000000E+00,0.000000E+00,1.999774E+01,2.246088E+01,3.638906E+01,2.057482E+01,2.225727E+03,0.000000E+00,7.275029E-02,0.000000E+00,0.000000E+00,0.000000E+00,0.000000E+00,0.000000E+00,0.000000E+00,0.000000E+00,0.000000E+00,0.000000E+00,1.999767E+01,2.257416E+01,3.759186E+01,1.926449E+01,1.748485E+03,0.000000E+00,5.715255E-02,0.000000E+00,0.000000E+00,0.000000E+00,0.000000E+00,0.000000E+00,0.000000E+00,0.000000E+00,0.000000E+00,0.000000E+00,1.999786E+01,2.113304E+01,4.353524E+01,1.403225E+01
16:30:00,2.521214E+03,0.000000E+00,8.240803E-02,0.000000E+00,0.000000E+00,0.000000E+00,0.000000E+00,0.000000E+00,0.000000E+00,0.000000E+00,0.000000E+00,0.000000E+00,1.999720E+01,2.307272E+01,3.084901E+01,2.771866E+01,2.067642E+03,0.000000E+00,6.758350E-02,0.000000E+00,0.000000E+00,0.000000E+00,0.000000E+00,0.000000E+00,0.000000E+00,0.000000E+00,0.000000E+00,0.000000E+00,1.999770E+01,2.223909E+01,3.454325E+01,2.249709E+01,2.028186E+03,0.000000E+00,6.629398E-02,0.000000E+00,0.000000E+00,0.000000E+00,0.000000E+00,0.000000E+00,0.000000E+00,0.000000E+00,0.000000E+00,0.000000E+00,1.999777E+01,2.219185E+01,3.584088E+01,2.093470E+01,2.065999E+03,0.000000E+00,6.752986E-02,0.000000E+00,0.000000E+00,0.000000E+00,0.000000E+00,0.000000E+00,0.000000E+00,0.000000E+00,0.000000E+00,0.000000E+00,1.999773E+01,2.227326E+01,3.651804E+01,2.016848E+01,2.138410E+03,0.000000E+00,6.989657E-02,0.000000E+00,0.000000E+00,0.000000E+00,0.000000E+00,0.000000E+00,0.000000E+00,0.000000E+00,0.000000E+00,0.000000E+00,1.999764E+01,2.239636E+01,3.773963E+01,1.886556E+01,1.849243E+03,0.000000E+00,6.044580E-02,0.000000E+00,0.000000E+00,0.000000E+00,0.000000E+00,0.000000E+00,0.000000E+00,0.000000E+00,0.000000E+00,0.000000E+00,1.999758E+01,2.113189E+01,4.367357E+01,1.375177E+01
16:40:00,2.459204E+03,0.000000E+00,8.038128E-02,0.000000E+00,0.000000E+00,0.000000E+00,0.000000E+00,0.000000E+00,0.000000E+00,0.000000E+00,0.000000E+00,0.000000E+00,1.999713E+01,2.308057E+01,3.093687E+01,2.720526E+01,1.996083E+03,0.000000E+00,6.524471E-02,0.000000E+00,0.000000E+00,0.000000E+00,0.000000E+00,0.000000E+00,0.000000E+00,0.000000E+00,0.000000E+00,0.000000E+00,1.999762E+01,2.221746E+01,3.465317E+01,2.205492E+01,1.952222E+03,0.000000E+00,6.381116E-02,0.000000E+00,0.000000E+00,0.000000E+00,0.000000E+00,0.000000E+00,0.000000E+00,0.000000E+00,0.000000E+00,0.000000E+00,1.999770E+01,2.216120E+01,3.595591E+01,2.051820E+01,1.989243E+03,0.000000E+00,6.502116E-02,0.000000E+00,0.000000E+00,0.000000E+00,0.000000E+00,0.000000E+00,0.000000E+00,0.000000E+00,0.000000E+00,0.000000E+00,1.999766E+01,2.224240E+01,3.663871E+01,1.976150E+01,2.074030E+03,0.000000E+00,6.779242E-02,0.000000E+00,0.000000E+00,0.000000E+00,0.000000E+00,0.000000E+00,0.000000E+00,0.000000E+00,0.000000E+00,0.000000E+00,1.999755E+01,2.237785E+01,3.787719E+01,1.846861E+01,1.984972E+03,0.000000E+00,6.488197E-02,0.000000E+00,0.000000E+00,0.000000E+00,0.000000E+00,0.000000E+00,0.000000E+00,0.000000E+00,0.000000E+00,0.000000E+00,1.999724E+01,2.133153E+01,4.379111E+01,1.347928E+01
16:50:00,2.454983E+03,0.000000E+00,8.024340E-02,0.000000E+00,0.000000E+00,0.000000E+00,0.000000E+00,0.000000E+00,0.000000E+00,0.000000E+00,0.000000E+00,0.000000E+00,1.999721E+01,2.320974E+01,3.102101E+01,2.668376E+01,1.984951E+03,0.000000E+00,6.488098E-02,0.000000E+00,0.000000E+00,0.000000E+00,0.000000E+00,0.000000E+00,0.000000E+00,0.000000E+00,0.000000E+00,0.000000E+00,1.999770E+01,2.231853E+01,3.475926E+01,2.160711E+01,1.937376E+03,0.000000E+00,6.332605E-02,0.000000E+00,0.000000E+00,0.000000E+00,0.000000E+00,0.000000E+00,0.000000E+00,0.000000E+00,0.000000E+00,0.000000E+00,1.999778E+01,2.225309E+01,3.606720E+01,2.009649E+01,1.973518E+03,0.000000E+00,6.450732E-02,0.000000E+00,0.000000E+00,0.000000E+00,0.000000E+00,0.000000E+00,0.000000E+00,0.000000E+00,0.000000E+00,0.000000E+00,1.999775E+01,2.233391E+01,3.675552E+01,1.934984E+01,2.072437E+03,0.000000E+00,6.774043E-02,0.000000E+00,0.000000E+00,0.000000E+00,0.000000E+00,0.000000E+00,0.000000E+00,0.000000E+00,0.000000E+00,0.000000E+00,1.999760E+01,2.248628E+01,3.800930E+01,1.806950E+01,2.219173E+03,0.000000E+00,7.253659E-02,0.000000E+00,0.000000E+00,0.000000E+00,0.000000E+00,0.000000E+00,0.000000E+00,0.000000E+00,0.000000E+00,0.000000E+00,1.999695E+01,2.169980E+01,4.389231E+01,1.321171E+01
17:00:00,2.514317E+03,0.000000E+00,8.218271E-02,0.000000E+00,0.000000E+00,0.000000E+00,0.000000E+00,0.000000E+00,0.000000E+00,0.000000E+00,0.000000E+00,0.000000E+00,1.999701E+01,2.347027E+01,3.110981E+01,2.614284E+01,2.037802E+03,0.000000E+00,6.660846E-02,0.000000E+00,0.000000E+00,0.000000E+00,0.000000E+00,0.000000E+00,0.000000E+00,0.000000E+00,0.000000E+00,0.000000E+00,1.999751E+01,2.255660E+01,3.486932E+01,2.114550E+01,1.987755E+03,0.000000E+00,6.497274E-02,0.000000E+00,0.000000E+00,0.000000E+00,0.000000E+00,0.000000E+00,0.000000E+00,0.000000E+00,0.000000E+00,0.000000E+00,1.999759E+01,2.248277E+01,3.618192E+01,1.966276E+01,2.022940E+03,0.000000E+00,6.612276E-02,0.000000E+00,0.000000E+00,0.000000E+00,0.000000E+00,0.000000E+00,0.000000E+00,0.000000E+00,0.000000E+00,0.000000E+00,1.999755E+01,2.256303E+01,3.687515E+01,1.892748E+01,2.135334E+03,0.000000E+00,6.979624E-02,0.000000E+00,0.000000E+00,0.000000E+00,0.000000E+00,0.000000E+00,0.000000E+00,0.000000E+00,0.000000E+00,0.000000E+00,1.999738E+01,2.273597E+01,3.814223E+01,1.766296E+01,2.559866E+03,0.000000E+00,8.367162E-02,0.000000E+00,0.000000E+00,0.000000E+00,0.000000E+00,0.000000E+00,0.000000E+00,0.000000E+00,0.000000E+00,0.000000E+00,1.999638E+01,2.227445E+01,4.398303E+01,1.294520E+01
17:10:00,2.671886E+03,0.000000E+00,8.733275E-02,0.000000E+00,0.000000E+00,0.000000E+00,0.000000E+00,0.000000E+00,0.000000E+00,0.000000E+00,0.000000E+00,0.000000E+00,1.999683E+01,2.387095E+01,3.120644E+01,2.557963E+01,2.189280E+03,0.000000E+00,7.155950E-02,0.000000E+00,0.000000E+00,0.000000E+00,0.000000E+00,0.000000E+00,0.000000E+00,0.000000E+00,0.000000E+00,0.000000E+00,1.999723E+01,2.294111E+01,3.498729E+01,2.066701E+01,2.141751E+03,0.000000E+00,7.000614E-02,0.000000E+00,0.000000E+00,0.000000E+00,0.000000E+00,0.000000E+00,0.000000E+00,0.000000E+00,0.000000E+00,0.000000E+00,1.999731E+01,2.286094E+01,3.630427E+01,1.921389E+01,2.176888E+03,0.000000E+00,7.115454E-02,0.000000E+00,0.000000E+00,0.000000E+00,0.000000E+00,0.000000E+00,0.000000E+00,0.000000E+00,0.000000E+00,0.000000E+00,1.999728E+01,2.294037E+01,3.700195E+01,1.849126E+01,2.306366E+03,0.000000E+00,7.538635E-02,0.000000E+00,0.000000E+00,0.000000E+00,0.000000E+00,0.000000E+00,0.000000E+00,0.000000E+00,0.000000E+00,0.000000E+00,1.999708E+01,2.313379E+01,3.828054E+01,1.724577E+01,3.072688E+03,0.000000E+00,1.004321E-01,0.000000E+00,0.000000E+00,0.000000E+00,0.000000E+00,0.000000E+00,0.000000E+00,0.000000E+00,0.000000E+00,0.000000E+00,1.999580E+01,2.307357E+01,4.406847E+01,1.267658E+01
17:20:00,2.939611E+03,0.000000E+00,9.608290E-02,0.000000E+00,0.000000E+00,0.000000E+00,0.000000E+00,0.000000E+00,0.000000E+00,0.000000E+00,0.000000E+00,0.000000E+00,1.999629E+01,2.434763E+01,3.129992E+01,2.503564E+01,2.444117E+03,0.000000E+00,7.988851E-02,0.000000E+00,0.000000E+00,0.000000E+00,0.000000E+00,0.000000E+00,0.000000E+00,0.000000E+00,0.000000E+00,0.000000E+00,1.999657E+01,2.340850E+01,3.510251E+01,2.020472E+01,2.397939E+03,0.000000E+00,7.837932E-02,0.000000E+00,0.000000E+00,0.000000E+00,0.000000E+00,0.000000E+00,0.000000E+00,0.000000E+00,0.000000E+00,0.000000E+00,1.999665E+01,2.332813E+01,3.642401E+01,1.878015E+01,2.436610E+03,0.000000E+00,7.964322E-02,0.000000E+00,0.000000E+00,0.000000E+00,0.000000E+00,0.000000E+00,0.000000E+00,0.000000E+00,0.000000E+00,0.000000E+00,1.999661E+01,2.340688E+01,3.712599E+01,1.806996E+01,2.595556E+03,0.000000E+00,8.483810E-02,0.000000E+00,0.000000E+00,0.000000E+00,0.000000E+00,0.000000E+00,0.000000E+00,0.000000E+00,0.000000E+00,0.000000E+00,1.999644E+01,2.362241E+01,3.841443E+01,1.684452E+01,3.770277E+03,0.000000E+00,1.232305E-01,0.000000E+00,0.000000E+00,0.000000E+00,0.000000E+00,0.000000E+00,0.000000E+00,0.000000E+00,0.000000E+00,0.000000E+00,1.999472E+01,2.405268E+01,4.413364E+01,1.242825E+01
17:30:00,2.938715E+03,0.000000E+00,9.605294E-02,0.000000E+00,0.000000E+00,0.000000E+00,0.000000E+00,0.000000E+00,0.000000E+00,0.000000E+00,0.000000E+00,0.000000E+00,1.999569E+01,2.486952E+01,3.138667E+01,2.452932E+01,2.433754E+03,0.000000E+00,7.954916E-02,0.000000E+00,0.000000E+00,0.000000E+00,0.000000E+00,0.000000E+00,0.000000E+00,0.000000E+00,0.000000E+00,0.000000E+00,1.999591E+01,2.392202E+01,3.521115E+01,1.977377E+01,2.394167E+03,0.000000E+00,7.825536E-02,0.000000E+00,0.000000E+00,0.000000E+00,0.000000E+00,0.000000E+00,0.000000E+00,0.000000E+00,0.000000E+00,0.000000E+00,1.999588E+01,2.384330E+01,3.653727E+01,1.837567E+01,2.436840E+03,0.000000E+00,7.965009E-02,0.000000E+00,0.000000E+00,0.000000E+00,0.000000E+00,0.000000E+00,0.000000E+00,0.000000E+00,0.000000E+00,0.000000E+00,1.999587E+01,2.392433E+01,3.724334E+01,1.767722E+01,2.621494E+03,0.000000E+00,8.568517E-02,0.000000E+00,0.000000E+00,0.000000E+00,0.000000E+00,0.000000E+00,0.000000E+00,0.000000E+00,0.000000E+00,0.000000E+00,1.999575E+01,2.417353E+01,3.853979E+01,1.647195E+01,4.264398E+03,0.000000E+00,1.393778E-01,0.000000E+00,0.000000E+00,0.000000E+00,0.000000E+00,0.000000E+00,0.000000E+00,0.000000E+00,0.000000E+00,0.000000E+00,1.999367E+01,2.516987E+01,4.417425E+01,1.220927E+01
17:40:00,3.050787E+03,0.000000E+00,9.971626E-02,0.000000E+00,0.000000E+00,0.000000E+00,0.000000E+00,0.000000E+00,0.000000E+00,0.000000E+00,0.000000E+00,0.000000E+00,1.999741E+01,2.506971E+01,3.147363E+01,2.405277E+01,2.556934E+03,0.000000E+00,8.357556E-02,0.000000E+00,0.000000E+00,0.000000E+00,0.000000E+00,0.000000E+00,0.000000E+00,0.000000E+00,0.000000E+00,0.000000E+00,1.999782E+01,2.410794E+01,3.531987E+01,1.936823E+01,2.519101E+03,0.000000E+00,8.233906E-02,0.000000E+00,0.000000E+00,0.000000E+00,0.000000E+00,0.000000E+00,0.000000E+00,0.000000E+00,0.000000E+00,0.000000E+00,1.999781E+01,2.403449E+01,3.665043E+01,1.799524E+01,2.566513E+03,0.000000E+00,8.388868E-02,0.000000E+00,0.000000E+00,0.000000E+00,0.000000E+00,0.000000E+00,0.000000E+00,0.000000E+00,0.000000E+00,0.000000E+00,1.999776E+01,2.412038E+01,3.736012E+01,1.730826E+01,2.776967E+03,0.000000E+00,9.076700E-02,0.000000E+00,0.000000E+00,0.000000E+00,0.000000E+00,0.000000E+00,0.000000E+00,0.000000E+00,0.000000E+00,0.000000E+00,1.999755E+01,2.440760E+01,3.866226E+01,1.612394E+01,4.970359E+03,0.000000E+00,1.624499E-01,0.000000E+00,0.000000E+00,0.000000E+00,0.000000E+00,0.000000E+00,0.000000E+00,0.000000E+00,0.000000E+00,0.000000E+00,1.999489E+01,2.603489E+01,4.419822E+01,1.201504E+01
17:50:00,3.800199E+03,0.000000E+00,1.242108E-01,0.000000E+00,0.000000E+00,0.000000E+00,0.000000E+00,0.000000E+00,0.000000E+00,0.000000E+00,0.000000E+00,0.000000E+00,1.999665E+01,2.512174E+01,3.156211E+01,2.360132E+01,3.228231E+03,0.000000E+00,1.055172E-01,0.000000E+00,0.000000E+00,0.000000E+00,0.000000E+00,0.000000E+00,0.000000E+00,0.000000E+00,0.000000E+00,0.000000E+00,1.999714E+01,2.416542E+01,3.543000E+01,1.898419E+01,3.235747E+03,0.000000E+00,1.057631E-01,0.000000E+00,0.000000E+00,0.000000E+00,0.000000E+00,0.000000E+00,0.000000E+00,0.000000E+00,0.000000E+00,0.000000E+00,1.999719E+01,2.409342E+01,3.676488E+01,1.763516E+01,3.264134E+03,0.000000E+00,1.066908E-01,0.000000E+00,0.000000E+00,0.000000E+00,0.000000E+00,0.000000E+00,0.000000E+00,0.000000E+00,0.000000E+00,0.000000E+00,1.999712E+01,2.418503E+01,3.747780E+01,1.695943E+01,3.580114E+03,0.000000E+00,1.170180E-01,0.000000E+00,0.000000E+00,0.000000E+00,0.000000E+00,0.000000E+00,0.000000E+00,0.000000E+00,0.000000E+00,0.000000E+00,1.999682E+01,2.451050E+01,3.878340E+01,1.579684E+01,6.825638E+03,0.000000E+00,2.230827E-01,0.000000E+00,0.000000E+00,0.000000E+00,0.000000E+00,0.000000E+00,0.000000E+00,0.000000E+00,0.000000E+00,0.000000E+00,1.999377E+01,2.682762E+01,4.420633E+01,1.184313E+01
18:00:00,4.598679E+03,0.000000E+00,1.503038E-01,0.000000E+00,0.000000E+00,0.000000E+00,0.000000E+00,0.000000E+00,0.000000E+00,0.000000E+00,0.000000E+00,0.000000E+00,1.999274E+01,2.571711E+01,3.165040E+01,2.317354E+01,4.034757E+03,0.000000E+00,1.318735E-01,0.000000E+00,0.000000E+00,0.000000E+00,0.000000E+00,0.000000E+00,0.000000E+00,0.000000E+00,0.000000E+00,0.000000E+00,1.999286E+01,2.471985E+01,3.554002E+01,1.862012E+01,4.041732E+03,0.000000E+00,1.321016E-01,0.000000E+00,0.000000E+00,0.000000E+00,0.000000E+00,0.000000E+00,0.000000E+00,0.000000E+00,0.000000E+00,0.000000E+00,1.999280E+01,2.468946E+01,3.687923E+01,1.729382E+01,4.077200E+03,0.000000E+00,1.332607E-01,0.000000E+00,0.000000E+00,0.000000E+00,0.000000E+00,0.000000E+00,0.000000E+00,0.000000E+00,0.000000E+00,0.000000E+00,1.999282E+01,2.476150E+01,3.759512E+01,1.662897E+01,4.457437E+03,0.000000E+00,1.456874E-01,0.000000E+00,0.000000E+00,0.000000E+00,0.000000E+00,0.000000E+00,0.000000E+00,0.000000E+00,0.000000E+00,0.000000E+00,1.999248E+01,2.518926E+01,3.890237E+01,1.548851E+01,8.801744E+03,0.000000E+00,2.876477E-01,0.000000E+00,0.000000E+00,0.000000E+00,0.000000E+00,0.000000E+00,0.000000E+00,0.000000E+00,0.000000E+00,0.000000E+00,1.998783E+01,2.851057E+01,4.419925E+01,1.169080E+01
18:10:00,5.350226E+03,0.000000E+00,1.748627E-01,0.000000E+00,0.000000E+00,0.000000E+00,0.000000E+00,0.000000E+00,0.000000E+00,0.000000E+00,0.000000E+00,0.000000E+00,1.999279E+01,2.661314E+01,3.173687E+01,2.276828E+01,4.789054E+03,0.000000E+00,1.565227E-01,0.000000E+00,0.000000E+00,0.000000E+00,0.000000E+00,0.000000E+00,0.000000E+00,0.000000E+00,0.000000E+00,0.000000E+00,1.999289E+01,2.563456E+01,3.564840E+01,1.827484E+01,4.792960E+03,0.000000E+00,1.566504E-01,0.000000E+00,0.000000E+00,0.000000E+00,0.000000E+00,0.000000E+00,0.000000E+00,0.000000E+00,0.000000E+00,0.000000E+00,1.999291E+01,2.562232E+01,3.699207E+01,1.696997E+01,4.832985E+03,0.000000E+00,1.579584E-01,0.000000E+00,0.000000E+00,0.000000E+00,0.000000E+00,0.000000E+00,0.000000E+00,0.000000E+00,0.000000E+00,0.000000E+00,1.999288E+01,2.568622E+01,3.771079E+01,1.631557E+01,5.277998E+03,0.000000E+00,1.725016E-01,0.000000E+00,0.000000E+00,0.000000E+00,0.000000E+00,0.000000E+00,0.000000E+00,0.000000E+00,0.000000E+00,0.000000E+00,1.999256E+01,2.619853E+01,3.901820E+01,1.519734E+01,1.064145E+04,0.000000E+00,3.477549E-01,0.000000E+00,0.000000E+00,0.000000E+00,0.000000E+00,0.000000E+00,0.000000E+00,0.000000E+00,0.000000E+00,0.000000E+00,1.998801E+01,3.056320E+01,4.417871E+01,1.155511E+01
18:20:00,6.054529E+03,0.000000E+00,1.978775E-01,0.000000E+00,0.000000E+00,0.000000E+00,0.000000E+00,0.000000E+00,0.000000E+00,0.000000E+00,0.000000E+00,0.000000E+00,1.999273E+01,2.753468E+01,3.181500E+01,2.239721E+01,5.506474E+03,0.000000E+00,1.799663E-01,0.000000E+00,0.000000E+00,0.000000E+00,0.000000E+00,0.000000E+00,0.000000E+00,0.000000E+00,0.000000E+00,0.000000E+00,1.999279E+01,2.661232E+01,3.574827E+01,1.795781E+01,5.509444E+03,0.000000E+00,1.800636E-01,0.000000E+00,0.000000E+00,0.000000E+00,0.000000E+00,0.000000E+00,0.000000E+00,0.000000E+00,0.000000E+00,0.000000E+00,1.999282E+01,2.659842E+01,3.709643E+01,1.667244E+01,5.551199E+03,0.000000E+00,1.814281E-01,0.000000E+00,0.000000E+00,0.000000E+00,0.000000E+00,0.000000E+00,0.000000E+00,0.000000E+00,0.000000E+00,0.000000E+00,1.999279E+01,2.666325E+01,3.781793E+01,1.602758E+01,6.049724E+03,0.000000E+00,1.977195E-01,0.000000E+00,0.000000E+00,0.000000E+00,0.000000E+00,0.000000E+00,0.000000E+00,0.000000E+00,0.000000E+00,0.000000E+00,1.999251E+01,2.723137E+01,3.912401E+01,1.493098E+01,1.237154E+04,0.000000E+00,4.042817E-01,0.000000E+00,0.000000E+00,0.000000E+00,0.000000E+00,0.000000E+00,0.000000E+00,0.000000E+00,0.000000E+00,0.000000E+00,1.998872E+01,3.241371E+01,4.414113E+01,1.143987E+01
18:30:00,7.079857E+03,0.000000E+00,2.313850E-01,0.000000E+00,0.000000E+00,0.000000E+00,0.000000E+00,0.000000E+00,0.000000E+00,0.000000E+00,0.000000E+00,0.000000E+00,1.999270E+01,2.836658E+01,3.188564E+01,2.205993E+01,6.543587E+03,0.000000E+00,2.138592E-01,0.000000E+00,0.000000E+00,0.000000E+00,0.000000E+00,0.000000E+00,0.000000E+00,0.000000E+00,0.000000E+00,0.000000E+00,1.999274E+01,2.751206E+01,3.584055E+01,1.766860E+01,6.541235E+03,0.000000E+00,2.137825E-01,0.000000E+00,0.000000E+00,0.000000E+00,0.000000E+00,0.000000E+00,0.000000E+00,0.000000E+00,0.000000E+00,0.000000E+00,1.999277E+01,2.748961E+01,3.719372E+01,1.640036E+01,6.584868E+03,0.000000E+00,2.152083E-01,0.000000E+00,0.000000E+00,0.000000E+00,0.000000E+00,0.000000E+00,0.000000E+00,0.000000E+00,0.000000E+00,0.000000E+00,1.999274E+01,2.755847E+01,3.791675E+01,1.576521E+01,7.141517E+03,0.000000E+00,2.333989E-01,0.000000E+00,0.000000E+00,0.000000E+00,0.000000E+00,0.000000E+00,0.000000E+00,0.000000E+00,0.000000E+00,0.000000E+00,1.999249E+01,2.816067E+01,3.921978E+01,1.468978E+01,1.436651E+04,0.000000E+00,4.694681E-01,0.000000E+00,0.000000E+00,0.000000E+00,0.000000E+00,0.000000E+00,0.000000E+00,0.000000E+00,0.000000E+00,0.000000E+00,1.998938E+01,3.387580E+01,4.408827E+01,1.134459E+01
18:40:00,8.065261E+03,0.000000E+00,2.635863E-01,0.000000E+00,0.000000E+00,0.000000E+00,0.000000E+00,0.000000E+00,0.000000E+00,0.000000E+00,0.000000E+00,0.000000E+00,1.999266E+01,2.909171E+01,3.195028E+01,2.175281E+01,7.523953E+03,0.000000E+00,2.458961E-01,0.000000E+00,0.000000E+00,0.000000E+00,0.000000E+00,0.000000E+00,0.000000E+00,0.000000E+00,0.000000E+00,0.000000E+00,1.999269E+01,2.830296E+01,3.592700E+01,1.740396E+01,7.522238E+03,0.000000E+00,2.458403E-01,0.000000E+00,0.000000E+00,0.000000E+00,0.000000E+00,0.000000E+00,0.000000E+00,0.000000E+00,0.000000E+00,0.000000E+00,1.999271E+01,2.827273E+01,3.728394E+01,1.615231E+01,7.567361E+03,0.000000E+00,2.473147E-01,0.000000E+00,0.000000E+00,0.000000E+00,0.000000E+00,0.000000E+00,0.000000E+00,0.000000E+00,0.000000E+00,0.000000E+00,1.999269E+01,2.834529E+01,3.800811E+01,1.552627E+01,8.180882E+03,0.000000E+00,2.673634E-01,0.000000E+00,0.000000E+00,0.000000E+00,0.000000E+00,0.000000E+00,0.000000E+00,0.000000E+00,0.000000E+00,0.000000E+00,1.999247E+01,2.896817E+01,3.930636E+01,1.447163E+01,1.622555E+04,0.000000E+00,5.302115E-01,0.000000E+00,0.000000E+00,0.000000E+00,0.000000E+00,0.000000E+00,0.000000E+00,0.000000E+00,0.000000E+00,0.000000E+00,1.998989E+01,3.498311E+01,4.402180E+01,1.126754E+01
18:50:00,8.447410E+03,0.000000E+00,2.760701E-01,0.000000E+00,0.000000E+00,0.000000E+00,0.000000E+00,0.000000E+00,0.000000E+00,0.000000E+00,0.000000E+00,0.000000E+00,1.999261E+01,2.972713E+01,3.200387E+01,2.147928E+01,7.990709E+03,0.000000E+00,2.611451E-01,0.000000E+00,0.000000E+00,0.000000E+00,0.000000E+00,0.000000E+00,0.000000E+00,0.000000E+00,0.000000E+00,0.000000E+00,1.999263E+01,2.899841E+01,3.600194E+01,1.716698E+01,7.946349E+03,0.000000E+00,2.596955E-01,0.000000E+00,0.000000E+00,0.000000E+00,0.000000E+00,0.000000E+00,0.000000E+00,0.000000E+00,0.000000E+00,0.000000E+00,1.999265E+01,2.896331E+01,3.736216E+01,1.593034E+01,8.017144E+03,0.000000E+00,2.620089E-01,0.000000E+00,0.000000E+00,0.000000E+00,0.000000E+00,0.000000E+00,0.000000E+00,0.000000E+00,0.000000E+00,0.000000E+00,1.999262E+01,2.903826E+01,3.808752E+01,1.531236E+01,8.607976E+03,0.000000E+00,2.813155E-01,0.000000E+00,0.000000E+00,0.000000E+00,0.000000E+00,0.000000E+00,0.000000E+00,0.000000E+00,0.000000E+00,0.000000E+00,1.999242E+01,2.967369E+01,3.937917E+01,1.427804E+01,1.694570E+04,0.000000E+00,5.537359E-01,0.000000E+00,0.000000E+00,0.000000E+00,0.000000E+00,0.000000E+00,0.000000E+00,0.000000E+00,0.000000E+00,0.000000E+00,1.999024E+01,3.583146E+01,4.392909E+01,1.121480E+01
19:00:00,8.806088E+03,0.000000E+00,2.877917E-01,0.000000E+00,0.000000E+00,0.000000E+00,0.000000E+00,0.000000E+00,0.000000E+00,0.000000E+00,0.000000E+00,0.000000E+00,1.999255E+01,3.029160E+01,3.204638E+01,2.123644E+01,8.350738E+03,0.000000E+00,2.729108E-01,0.000000E+00,0.000000E+00,0.000000E+00,0.000000E+00,0.000000E+00,0.000000E+00,0.000000E+00,0.000000E+00,0.000000E+00,1.999256E+01,2.961750E+01,3.606451E+01,1.695597E+01,8.309275E+03,0.000000E+00,2.715559E-01,0.000000E+00,0.000000E+00,0.000000E+00,0.000000E+00,0.000000E+00,0.000000E+00,0.000000E+00,0.000000E+00,0.000000E+00,1.999257E+01,2.958002E+01,3.742823E+01,1.573229E+01,8.380092E+03,0.000000E+00,2.738700E-01,0.000000E+00,0.000000E+00,0.000000E+00,0.000000E+00,0.000000E+00,0.000000E+00,0.000000E+00,0.000000E+00,0.000000E+00,1.999255E+01,2.965625E+01,3.815469E+01,1.512148E+01,8.991956E+03,0.000000E+00,2.938640E-01,0.000000E+00,0.000000E+00,0.000000E+00,0.000000E+00,0.000000E+00,0.000000E+00,0.000000E+00,0.000000E+00,0.000000E+00,1.999237E+01,3.029879E+01,3.943777E+01,1.410718E+01,1.754450E+04,0.000000E+00,5.733112E-01,0.000000E+00,0.000000E+00,0.000000E+00,0.000000E+00,0.000000E+00,0.000000E+00,0.000000E+00,0.000000E+00,0.000000E+00,1.999047E+01,3.650224E+01,4.380936E+01,1.118554E+01
19:10:00,9.119314E+03,0.000000E+00,2.980277E-01,0.000000E+00,0.000000E+00,0.000000E+00,0.000000E+00,0.000000E+00,0.000000E+00,0.000000E+00,0.000000E+00,0.000000E+00,1.999247E+01,3.079766E+01,3.208002E+01,2.101914E+01,8.673146E+03,0.000000E+00,2.834468E-01,0.000000E+00,0.000000E+00,0.000000E+00,0.000000E+00,0.000000E+00,0.000000E+00,0.000000E+00,0.000000E+00,0.000000E+00,1.999248E+01,3.017374E+01,3.611691E+01,1.676679E+01,8.633190E+03,0.000000E+00,2.821412E-01,0.000000E+00,0.000000E+00,0.000000E+00,0.000000E+00,0.000000E+00,0.000000E+00,0.000000E+00,0.000000E+00,0.000000E+00,1.999249E+01,3.013559E+01,3.748443E+01,1.555420E+01,8.706119E+03,0.000000E+00,2.845243E-01,0.000000E+00,0.000000E+00,0.000000E+00,0.000000E+00,0.000000E+00,0.000000E+00,0.000000E+00,0.000000E+00,0.000000E+00,1.999247E+01,3.021235E+01,3.821178E+01,1.494994E+01,9.334540E+03,0.000000E+00,3.050595E-01,0.000000E+00,0.000000E+00,0.000000E+00,0.000000E+00,0.000000E+00,0.000000E+00,0.000000E+00,0.000000E+00,0.000000E+00,1.999230E+01,3.085797E+01,3.948443E+01,1.395553E+01,1.809306E+04,0.000000E+00,5.912451E-01,0.000000E+00,0.000000E+00,0.000000E+00,0.000000E+00,0.000000E+00,0.000000E+00,0.000000E+00,0.000000E+00,0.000000E+00,1.999060E+01,3.704817E+01,4.366990E+01,1.117449E+01
19:20:00,9.365475E+03,0.000000E+00,3.060724E-01,0.000000E+00,0.000000E+00,0.000000E+00,0.000000E+00,0.000000E+00,0.000000E+00,0.000000E+00,0.000000E+00,0.000000E+00,1.999266E+01,3.122829E+01,3.210826E+01,2.079598E+01,8.926978E+03,0.000000E+00,2.917421E-01,0.000000E+00,0.000000E+00,0.000000E+00,0.000000E+00,0.000000E+00,0.000000E+00,0.000000E+00,0.000000E+00,0.000000E+00,1.999268E+01,3.064860E+01,3.616272E+01,1.657397E+01,8.888348E+03,0.000000E+00,2.904798E-01,0.000000E+00,0.000000E+00,0.000000E+00,0.000000E+00,0.000000E+00,0.000000E+00,0.000000E+00,0.000000E+00,0.000000E+00,1.999269E+01,3.061056E+01,3.753416E+01,1.537258E+01,8.963010E+03,0.000000E+00,2.929196E-01,0.000000E+00,0.000000E+00,0.000000E+00,0.000000E+00,0.000000E+00,0.000000E+00,0.000000E+00,0.000000E+00,0.000000E+00,1.999267E+01,3.068747E+01,3.826214E+01,1.477516E+01,9.606212E+03,0.000000E+00,3.139380E-01,0.000000E+00,0.000000E+00,0.000000E+00,0.000000E+00,0.000000E+00,0.000000E+00,0.000000E+00,0.000000E+00,0.000000E+00,1.999251E+01,3.133342E+01,3.952276E+01,1.380173E+01,1.853510E+04,0.000000E+00,6.056972E-01,0.000000E+00,0.000000E+00,0.000000E+00,0.000000E+00,0.000000E+00,0.000000E+00,0.000000E+00,0.000000E+00,0.000000E+00,1.999094E+01,3.747553E+01,4.351893E+01,1.116200E+01
19:30:00,9.547786E+03,0.000000E+00,3.120308E-01,0.000000E+00,0.000000E+00,0.000000E+00,0.000000E+00,0.000000E+00,0.000000E+00,0.000000E+00,0.000000E+00,0.000000E+00,1.999284E+01,3.157973E+01,3.212942E+01,2.055400E+01,9.116192E+03,0.000000E+00,2.979261E-01,0.000000E+00,0.000000E+00,0.000000E+00,0.000000E+00,0.000000E+00,0.000000E+00,0.000000E+00,0.000000E+00,0.000000E+00,1.999287E+01,3.103755E+01,3.620043E+01,1.636684E+01,9.078603E+03,0.000000E+00,2.966977E-01,0.000000E+00,0.000000E+00,0.000000E+00,0.000000E+00,0.000000E+00,0.000000E+00,0.000000E+00,0.000000E+00,0.000000E+00,1.999287E+01,3.099991E+01,3.757590E+01,1.517749E+01,9.154689E+03,0.000000E+00,2.991841E-01,0.000000E+00,0.000000E+00,0.000000E+00,0.000000E+00,0.000000E+00,0.000000E+00,0.000000E+00,0.000000E+00,0.000000E+00,1.999285E+01,3.107672E+01,3.830432E+01,1.458748E+01,9.810847E+03,0.000000E+00,3.206260E-01,0.000000E+00,0.000000E+00,0.000000E+00,0.000000E+00,0.000000E+00,0.000000E+00,0.000000E+00,0.000000E+00,0.000000E+00,1.999270E+01,3.172140E+01,3.955180E+01,1.363632E+01,1.887785E+04,0.000000E+00,6.169039E-01,0.000000E+00,0.000000E+00,0.000000E+00,0.000000E+00,0.000000E+00,0.000000E+00,0.000000E+00,0.000000E+00,0.000000E+00,1.999122E+01,3.779620E+01,4.336001E+01,1.113758E+01
19:40:00,9.664911E+03,0.000000E+00,3.158591E-01,0.000000E+00,0.000000E+00,0.000000E+00,0.000000E+00,0.000000E+00,0.000000E+00,0.000000E+00,0.000000E+00,0.000000E+00,1.999299E+01,3.186225E+01,3.213863E+01,2.029619E+01,9.239136E+03,0.000000E+00,3.019445E-01,0.000000E+00,0.000000E+00,0.000000E+00,0.000000E+00,0.000000E+00,0.000000E+00,0.000000E+00,0.000000E+00,0.000000E+00,1.999302E+01,3.135131E+01,3.622501E+01,1.614784E+01,9.202340E+03,0.000000E+00,3.007421E-01,0.000000E+00,0.000000E+00,0.000000E+00,0.000000E+00,0.000000E+00,0.000000E+00,0.000000E+00,0.000000E+00,0.000000E+00,1.999303E+01,3.131411E+01,3.760469E+01,1.497108E+01,9.279573E+03,0.000000E+00,3.032659E-01,0.000000E+00,0.000000E+00,0.000000E+00,0.000000E+00,0.000000E+00,0.000000E+00,0.000000E+00,0.000000E+00,0.000000E+00,1.999301E+01,3.139068E+01,3.833357E+01,1.438881E+01,9.946711E+03,0.000000E+00,3.250668E-01,0.000000E+00,0.000000E+00,0.000000E+00,0.000000E+00,0.000000E+00,0.000000E+00,0.000000E+00,0.000000E+00,0.000000E+00,1.999285E+01,3.203339E+01,3.956748E+01,1.346051E+01,1.911667E+04,0.000000E+00,6.247133E-01,0.000000E+00,0.000000E+00,0.000000E+00,0.000000E+00,0.000000E+00,0.000000E+00,0.000000E+00,0.000000E+00,0.000000E+00,1.999144E+01,3.803342E+01,4.318553E+01,1.110392E+01
19:50:00,9.716216E+03,0.000000E+00,3.175366E-01,0.000000E+00,0.000000E+00,0.000000E+00,0.000000E+00,0.000000E+00,0.000000E+00,0.000000E+00,0.000000E+00,0.000000E+00,1.999311E+01,3.209056E+01,3.210276E+01,2.006274E+01,9.295173E+03,0.000000E+00,3.037768E-01,0.000000E+00,0.000000E+00,0.000000E+00,0.000000E+00,0.000000E+00,0.000000E+00,0.000000E+00,0.000000E+00,0.000000E+00,1.999315E+01,3.160561E+01,3.620359E+01,1.594783E+01,9.258909E+03,0.000000E+00,3.025917E-01,0.000000E+00,0.000000E+00,0.000000E+00,0.000000E+00,0.000000E+00,0.000000E+00,0.000000E+00,0.000000E+00,0.000000E+00,1.999316E+01,3.156883E+01,3.758861E+01,1.478099E+01,9.337003E+03,0.000000E+00,3.051437E-01,0.000000E+00,0.000000E+00,0.000000E+00,0.000000E+00,0.000000E+00,0.000000E+00,0.000000E+00,0.000000E+00,0.000000E+00,1.999314E+01,3.164511E+01,3.831878E+01,1.420496E+01,1.001307E+04,0.000000E+00,3.272366E-01,0.000000E+00,0.000000E+00,0.000000E+00,0.000000E+00,0.000000E+00,0.000000E+00,0.000000E+00,0.000000E+00,0.000000E+00,1.999298E+01,3.228571E+01,3.954086E+01,1.329672E+01,1.924909E+04,0.000000E+00,6.290454E-01,0.000000E+00,0.000000E+00,0.000000E+00,0.000000E+00,0.000000E+00,0.000000E+00,0.000000E+00,0.000000E+00,0.000000E+00,1.999160E+01,3.821144E+01,4.294267E+01,1.109294E+01
20:00:00,9.701019E+03,0.000000E+00,3.170411E-01,0.000000E+00,0.000000E+00,0.000000E+00,0.000000E+00,0.000000E+00,0.000000E+00,0.000000E+00,0.000000E+00,0.000000E+00,1.999321E+01,3.227784E+01,3.206767E+01,1.979450E+01,9.283540E+03,0.000000E+00,3.033978E-01,0.000000E+00,0.000000E+00,0.000000E+00,0.000000E+00,0.000000E+00,0.000000E+00,0.000000E+00,0.000000E+00,0.000000E+00,1.999326E+01,3.181462E+01,3.618198E+01,1.572106E+01,9.247523E+03,0.000000E+00,3.022208E-01,0.000000E+00,0.000000E+00,0.000000E+00,0.000000E+00,0.000000E+00,0.000000E+00,0.000000E+00,0.000000E+00,0.000000E+00,1.999327E+01,3.177828E+01,3.757174E+01,1.456658E+01,9.326174E+03,0.000000E+00,3.047910E-01,0.000000E+00,0.000000E+00,0.000000E+00,0.000000E+00,0.000000E+00,0.000000E+00,0.000000E+00,0.000000E+00,0.000000E+00,1.999325E+01,3.185423E+01,3.830223E+01,1.399845E+01,1.000902E+04,0.000000E+00,3.271056E-01,0.000000E+00,0.000000E+00,0.000000E+00,0.000000E+00,0.000000E+00,0.000000E+00,0.000000E+00,0.000000E+00,0.000000E+00,1.999309E+01,3.249296E+01,3.950758E+01,1.311483E+01,1.927255E+04,0.000000E+00,6.298163E-01,0.000000E+00,0.000000E+00,0.000000E+00,0.000000E+00,0.000000E+00,0.000000E+00,0.000000E+00,0.000000E+00,0.000000E+00,1.999172E+01,3.834930E+01,4.263527E+01,1.109858E+01
20:10:00,9.694669E+03,0.000000E+00,3.168351E-01,0.000000E+00,0.000000E+00,0.000000E+00,0.000000E+00,0.000000E+00,0.000000E+00,0.000000E+00,0.000000E+00,0.000000E+00,1.999330E+01,3.243402E+01,3.199235E+01,1.965032E+01,9.280652E+03,0.000000E+00,3.033049E-01,0.000000E+00,0.000000E+00,0.000000E+00,0.000000E+00,0.000000E+00,0.000000E+00,0.000000E+00,0.000000E+00,0.000000E+00,1.999335E+01,3.198913E+01,3.611812E+01,1.559377E+01,9.244775E+03,0.000000E+00,3.021324E-01,0.000000E+00,0.000000E+00,0.000000E+00,0.000000E+00,0.000000E+00,0.000000E+00,0.000000E+00,0.000000E+00,0.000000E+00,1.999336E+01,3.195321E+01,3.751388E+01,1.444312E+01,9.323931E+03,0.000000E+00,3.047192E-01,0.000000E+00,0.000000E+00,0.000000E+00,0.000000E+00,0.000000E+00,0.000000E+00,0.000000E+00,0.000000E+00,0.000000E+00,1.999334E+01,3.202887E+01,3.824617E+01,1.387806E+01,1.001395E+04,0.000000E+00,3.272682E-01,0.000000E+00,0.000000E+00,0.000000E+00,0.000000E+00,0.000000E+00,0.000000E+00,0.000000E+00,0.000000E+00,0.000000E+00,1.999318E+01,3.266611E+01,3.944045E+01,1.300920E+01,1.931145E+04,0.000000E+00,6.310918E-01,0.000000E+00,0.000000E+00,0.000000E+00,0.000000E+00,0.000000E+00,0.000000E+00,0.000000E+00,0.000000E+00,0.000000E+00,1.999181E+01,3.845990E+01,4.231900E+01,1.115279E+01
20:20:00,9.700802E+03,0.000000E+00,3.170367E-01,0.000000E+00,0.000000E+00,0.000000E+00,0.000000E+00,0.000000E+00,0.000000E+00,0.000000E+00,0.000000E+00,0.000000E+00,1.999332E+01,3.256358E+01,3.189689E+01,1.941080E+01,9.290528E+03,0.000000E+00,3.036288E-01,0.000000E+00,0.000000E+00,0.000000E+00,0.000000E+00,0.000000E+00,0.000000E+00,0.000000E+00,0.000000E+00,0.000000E+00,1.999338E+01,3.213452E+01,3.603420E+01,1.539015E+01,9.254850E+03,0.000000E+00,3.024628E-01,0.000000E+00,0.000000E+00,0.000000E+00,0.000000E+00,0.000000E+00,0.000000E+00,0.000000E+00,0.000000E+00,0.000000E+00,1.999339E+01,3.209905E+01,3.743582E+01,1.424893E+01,9.334569E+03,0.000000E+00,3.050680E-01,0.000000E+00,0.000000E+00,0.000000E+00,0.000000E+00,0.000000E+00,0.000000E+00,0.000000E+00,0.000000E+00,0.000000E+00,1.999337E+01,3.217443E+01,3.816883E+01,1.369043E+01,1.003228E+04,0.000000E+00,3.278686E-01,0.000000E+00,0.000000E+00,0.000000E+00,0.000000E+00,0.000000E+00,0.000000E+00,0.000000E+00,0.000000E+00,0.000000E+00,1.999321E+01,3.281078E+01,3.934289E+01,1.284650E+01,1.937740E+04,0.000000E+00,6.332501E-01,0.000000E+00,0.000000E+00,0.000000E+00,0.000000E+00,0.000000E+00,0.000000E+00,0.000000E+00,0.000000E+00,0.000000E+00,1.999183E+01,3.855217E+01,4.190956E+01,1.119404E+01
20:30:00,9.718658E+03,0.000000E+00,3.176211E-01,0.000000E+00,0.000000E+00,0.000000E+00,0.000000E+00,0.000000E+00,0.000000E+00,0.000000E+00,0.000000E+00,0.000000E+00,1.999334E+01,3.267071E+01,3.174802E+01,1.932098E+01,9.312406E+03,0.000000E+00,3.043447E-01,0.000000E+00,0.000000E+00,0.000000E+00,0.000000E+00,0.000000E+00,0.000000E+00,0.000000E+00,0.000000E+00,0.000000E+00,1.999340E+01,3.225567E+01,3.589390E+01,1.530696E+01,9.276994E+03,0.000000E+00,3.031874E-01,0.000000E+00,0.000000E+00,0.000000E+00,0.000000E+00,0.000000E+00,0.000000E+00,0.000000E+00,0.000000E+00,0.000000E+00,1.999340E+01,3.222068E+01,3.730335E+01,1.416448E+01,9.357341E+03,0.000000E+00,3.058131E-01,0.000000E+00,0.000000E+00,0.000000E+00,0.000000E+00,0.000000E+00,0.000000E+00,0.000000E+00,0.000000E+00,0.000000E+00,1.999338E+01,3.229584E+01,3.804092E+01,1.360527E+01,1.006326E+04,0.000000E+00,3.288818E-01,0.000000E+00,0.000000E+00,0.000000E+00,0.000000E+00,0.000000E+00,0.000000E+00,0.000000E+00,0.000000E+00,0.000000E+00,1.999322E+01,3.293200E+01,3.919485E+01,1.277946E+01,1.946869E+04,0.000000E+00,6.362358E-01,0.000000E+00,0.000000E+00,0.000000E+00,0.000000E+00,0.000000E+00,0.000000E+00,0.000000E+00,0.000000E+00,0.000000E+00,1.999183E+01,3.863269E+01,4.144691E+01,1.132030E+01
20:40:00,9.748222E+03,0.000000E+00,3.185880E-01,0.000000E+00,0.000000E+00,0.000000E+00,0.000000E+00,0.000000E+00,0.000000E+00,0.000000E+00,0.000000E+00,0.000000E+00,1.999335E+01,3.275952E+01,3.128271E+01,1.956039E+01,9.346280E+03,0.000000E+00,3.054524E-01,0.000000E+00,0.000000E+00,0.000000E+00,0.000000E+00,0.000000E+00,0.000000E+00,0.000000E+00,0.000000E+00,0.000000E+00,1.999341E+01,3.235709E+01,3.543078E+01,1.548145E+01,9.311222E+03,0.000000E+00,3.043067E-01,0.000000E+00,0.000000E+00,0.000000E+00,0.000000E+00,0.000000E+00,0.000000E+00,0.000000E+00,0.000000E+00,0.000000E+00,1.999341E+01,3.232263E+01,3.685677E+01,1.430896E+01,9.392271E+03,0.000000E+00,3.069553E-01,0.000000E+00,0.000000E+00,0.000000E+00,0.000000E+00,0.000000E+00,0.000000E+00,0.000000E+00,0.000000E+00,0.000000E+00,1.999339E+01,3.239763E+01,3.760555E+01,1.373374E+01,1.010692E+04,0.000000E+00,3.303095E-01,0.000000E+00,0.000000E+00,0.000000E+00,0.000000E+00,0.000000E+00,0.000000E+00,0.000000E+00,0.000000E+00,0.000000E+00,1.999323E+01,3.303431E+01,3.873630E+01,1.291351E+01,1.958591E+04,0.000000E+00,6.400680E-01,0.000000E+00,0.000000E+00,0.000000E+00,0.000000E+00,0.000000E+00,0.000000E+00,0.000000E+00,0.000000E+00,0.000000E+00,1.999183E+01,3.870514E+01,4.052552E+01,1.171894E+01
20:50:00,9.789580E+03,0.000000E+00,3.199400E-01,0.000000E+00,0.000000E+00,0.000000E+00,0.000000E+00,0.000000E+00,0.000000E+00,0.000000E+00,0.000000E+00,0.000000E+00,1.999335E+01,3.283368E+01,3.096096E+01,1.957073E+01,9.392173E+03,0.000000E+00,3.069527E-01,0.000000E+00,0.000000E+00,0.000000E+00,0.000000E+00,0.000000E+00,0.000000E+00,0.000000E+00,0.000000E+00,0.000000E+00,1.999341E+01,3.244269E+01,3.509781E+01,1.548961E+01,9.357533E+03,0.000000E+00,3.058207E-01,0.000000E+00,0.000000E+00,0.000000E+00,0.000000E+00,0.000000E+00,0.000000E+00,0.000000E+00,0.000000E+00,0.000000E+00,1.999342E+01,3.240883E+01,3.653142E+01,1.430745E+01,9.439344E+03,0.000000E+00,3.084942E-01,0.000000E+00,0.000000E+00,0.000000E+00,0.000000E+00,0.000000E+00,0.000000E+00,0.000000E+00,0.000000E+00,0.000000E+00,1.999340E+01,3.248374E+01,3.728118E+01,1.373006E+01,1.016326E+04,0.000000E+00,3.321513E-01,0.000000E+00,0.000000E+00,0.000000E+00,0.000000E+00,0.000000E+00,0.000000E+00,0.000000E+00,0.000000E+00,0.000000E+00,1.999323E+01,3.312159E+01,3.837481E+01,1.293389E+01,1.972939E+04,0.000000E+00,6.447574E-01,0.000000E+00,0.000000E+00,0.000000E+00,0.000000E+00,0.000000E+00,0.000000E+00,0.000000E+00,0.000000E+00,0.000000E+00,1.999181E+01,3.877162E+01,3.982854E+01,1.194695E+01
21:00:00,9.842834E+03,0.000000E+00,3.216807E-01,0.000000E+00,0.000000E+00,0.000000E+00,0.000000E+00,0.000000E+00,0.000000E+00,0.000000E+00,0.000000E+00,0.000000E+00,1.999335E+01,3.289629E+01,3.087242E+01,1.951377E+01,9.450178E+03,0.000000E+00,3.088487E-01,0.000000E+00,0.000000E+00,0.000000E+00,0.000000E+00,0.000000E+00,0.000000E+00,0.000000E+00,0.000000E+00,0.000000E+00,1.999341E+01,3.251575E+01,3.500289E+01,1.544720E+01,9.416009E+03,0.000000E+00,3.077320E-01,0.000000E+00,0.000000E+00,0.000000E+00,0.000000E+00,0.000000E+00,0.000000E+00,0.000000E+00,0.000000E+00,0.000000E+00,1.999341E+01,3.248251E+01,3.643847E+01,1.426582E+01,9.498641E+03,0.000000E+00,3.104324E-01,0.000000E+00,0.000000E+00,0.000000E+00,0.000000E+00,0.000000E+00,0.000000E+00,0.000000E+00,0.000000E+00,0.000000E+00,1.999339E+01,3.255742E+01,3.718760E+01,1.369012E+01,1.023239E+04,0.000000E+00,3.344108E-01,0.000000E+00,0.000000E+00,0.000000E+00,0.000000E+00,0.000000E+00,0.000000E+00,0.000000E+00,0.000000E+00,0.000000E+00,1.999323E+01,3.319700E+01,3.826322E+01,1.290823E+01,1.989962E+04,0.000000E+00,6.503210E-01,0.000000E+00,0.000000E+00,0.000000E+00,0.000000E+00,0.000000E+00,0.000000E+00,0.000000E+00,0.000000E+00,0.000000E+00,1.999180E+01,3.883350E+01,3.961885E+01,1.198552E+01
21:10:00,9.904725E+03,0.000000E+00,3.237035E-01,0.000000E+00,0.000000E+00,0.000000E+00,0.000000E+00,0.000000E+00,0.000000E+00,0.000000E+00,0.000000E+00,0.000000E+00,1.999334E+01,3.294983E+01,3.078437E+01,1.943095E+01,9.517106E+03,0.000000E+00,3.110361E-01,0.000000E+00,0.000000E+00,0.000000E+00,0.000000E+00,0.000000E+00,0.000000E+00,0.000000E+00,0.000000E+00,0.000000E+00,1.999340E+01,3.257884E+01,3.490783E+01,1.538476E+01,9.483507E+03,0.000000E+00,3.099381E-01,0.000000E+00,0.000000E+00,0.000000E+00,0.000000E+00,0.000000E+00,0.000000E+00,0.000000E+00,0.000000E+00,0.000000E+00,1.999341E+01,3.254626E+01,3.634592E+01,1.420524E+01,9.567053E+03,0.000000E+00,3.126683E-01,0.000000E+00,0.000000E+00,0.000000E+00,0.000000E+00,0.000000E+00,0.000000E+00,0.000000E+00,0.000000E+00,0.000000E+00,1.999339E+01,3.262122E+01,3.709460E+01,1.363185E+01,1.031129E+04,0.000000E+00,3.369895E-01,0.000000E+00,0.000000E+00,0.000000E+00,0.000000E+00,0.000000E+00,0.000000E+00,0.000000E+00,0.000000E+00,0.000000E+00,1.999322E+01,3.326301E+01,3.814771E+01,1.286837E+01,2.009366E+04,0.000000E+00,6.566620E-01,0.000000E+00,0.000000E+00,0.000000E+00,0.000000E+00,0.000000E+00,0.000000E+00,0.000000E+00,0.000000E+00,0.000000E+00,1.999179E+01,3.889177E+01,3.939021E+01,1.202074E+01
21:20:00,9.975150E+03,0.000000E+00,3.260051E-01,0.000000E+00,0.000000E+00,0.000000E+00,0.000000E+00,0.000000E+00,0.000000E+00,0.000000E+00,0.000000E+00,0.000000E+00,1.999330E+01,3.301373E+01,3.069466E+01,1.940599E+01,9.592759E+03,0.000000E+00,3.135085E-01,0.000000E+00,0.000000E+00,0.000000E+00,0.000000E+00,0.000000E+00,0.000000E+00,0.000000E+00,0.000000E+00,0.000000E+00,1.999336E+01,3.265182E+01,3.481456E+01,1.536535E+01,9.559794E+03,0.000000E+00,3.124312E-01,0.000000E+00,0.000000E+00,0.000000E+00,0.000000E+00,0.000000E+00,0.000000E+00,0.000000E+00,0.000000E+00,0.000000E+00,1.999336E+01,3.261992E+01,3.625409E+01,1.418532E+01,9.644334E+03,0.000000E+00,3.151939E-01,0.000000E+00,0.000000E+00,0.000000E+00,0.000000E+00,0.000000E+00,0.000000E+00,0.000000E+00,0.000000E+00,0.000000E+00,1.999334E+01,3.269500E+01,3.700200E+01,1.361289E+01,1.039971E+04,0.000000E+00,3.398792E-01,0.000000E+00,0.000000E+00,0.000000E+00,0.000000E+00,0.000000E+00,0.000000E+00,0.000000E+00,0.000000E+00,0.000000E+00,1.999317E+01,3.333954E+01,3.803544E+01,1.286362E+01,2.031227E+04,0.000000E+00,6.638060E-01,0.000000E+00,0.000000E+00,0.000000E+00,0.000000E+00,0.000000E+00,0.000000E+00,0.000000E+00,0.000000E+00,0.000000E+00,1.999172E+01,3.896738E+01,3.917491E+01,1.208251E+01
21:30:00,1.005419E+04,0.000000E+00,3.285881E-01,0.000000E+00,0.000000E+00,0.000000E+00,0.000000E+00,0.000000E+00,0.000000E+00,0.000000E+00,0.000000E+00,0.000000E+00,1.999326E+01,3.309682E+01,3.053171E+01,1.934850E+01,9.677200E+03,0.000000E+00,3.162681E-01,0.000000E+00,0.000000E+00,0.000000E+00,0.000000E+00,0.000000E+00,0.000000E+00,0.000000E+00,0.000000E+00,0.000000E+00,1.999332E+01,3.274383E+01,3.464230E+01,1.532294E+01,9.644926E+03,0.000000E+00,3.152133E-01,0.000000E+00,0.000000E+00,0.000000E+00,0.000000E+00,0.000000E+00,0.000000E+00,0.000000E+00,0.000000E+00,0.000000E+00,1.999332E+01,3.271268E+01,3.608208E+01,1.414438E+01,9.730524E+03,0.000000E+00,3.180106E-01,0.000000E+00,0.000000E+00,0.000000E+00,0.000000E+00,0.000000E+00,0.000000E+00,0.000000E+00,0.000000E+00,0.000000E+00,1.999330E+01,3.278791E+01,3.682665E+01,1.357529E+01,1.049778E+04,0.000000E+00,3.430840E-01,0.000000E+00,0.000000E+00,0.000000E+00,0.000000E+00,0.000000E+00,0.000000E+00,0.000000E+00,0.000000E+00,0.000000E+00,1.999313E+01,3.343566E+01,3.782558E+01,1.285113E+01,2.055703E+04,0.000000E+00,6.718040E-01,0.000000E+00,0.000000E+00,0.000000E+00,0.000000E+00,0.000000E+00,0.000000E+00,0.000000E+00,0.000000E+00,0.000000E+00,1.999165E+01,3.906868E+01,3.881462E+01,1.216828E+01
21:40:00,1.014196E+04,0.000000E+00,3.314564E-01,0.000000E+00,0.000000E+00,0.000000E+00,0.000000E+00,0.000000E+00,0.000000E+00,0.000000E+00,0.000000E+00,0.000000E+00,1.999323E+01,3.319807E+01,3.035120E+01,1.922095E+01,9.770500E+03,0.000000E+00,3.193171E-01,0.000000E+00,0.000000E+00,0.000000E+00,0.000000E+00,0.000000E+00,0.000000E+00,0.000000E+00,0.000000E+00,0.000000E+00,1.999328E+01,3.285396E+01,3.444642E+01,1.522971E+01,9.738941E+03,0.000000E+00,3.182857E-01,0.000000E+00,0.000000E+00,0.000000E+00,0.000000E+00,0.000000E+00,0.000000E+00,0.000000E+00,0.000000E+00,0.000000E+00,1.999329E+01,3.282364E+01,3.588325E+01,1.405882E+01,9.825677E+03,0.000000E+00,3.211202E-01,0.000000E+00,0.000000E+00,0.000000E+00,0.000000E+00,0.000000E+00,0.000000E+00,0.000000E+00,0.000000E+00,0.000000E+00,1.999327E+01,3.289904E+01,3.662091E+01,1.349739E+01,1.060559E+04,0.000000E+00,3.466073E-01,0.000000E+00,0.000000E+00,0.000000E+00,0.000000E+00,0.000000E+00,0.000000E+00,0.000000E+00,0.000000E+00,0.000000E+00,1.999309E+01,3.355025E+01,3.757127E+01,1.281008E+01,2.082951E+04,0.000000E+00,6.807079E-01,0.000000E+00,0.000000E+00,0.000000E+00,0.000000E+00,0.000000E+00,0.000000E+00,0.000000E+00,0.000000E+00,0.000000E+00,1.999161E+01,3.919210E+01,3.843182E+01,1.221347E+01
21:50:00,1.023836E+04,0.000000E+00,3.346066E-01,0.000000E+00,0.000000E+00,0.000000E+00,0.000000E+00,0.000000E+00,0.000000E+00,0.000000E+00,0.000000E+00,0.000000E+00,1.999320E+01,3.331274E+01,3.022364E+01,1.909404E+01,9.872579E+03,0.000000E+00,3.226529E-01,0.000000E+00,0.000000E+00,0.000000E+00,0.000000E+00,0.000000E+00,0.000000E+00,0.000000E+00,0.000000E+00,0.000000E+00,1.999326E+01,3.297751E+01,3.430423E+01,1.513799E+01,9.841798E+03,0.000000E+00,3.216470E-01,0.000000E+00,0.000000E+00,0.000000E+00,0.000000E+00,0.000000E+00,0.000000E+00,0.000000E+00,0.000000E+00,0.000000E+00,1.999326E+01,3.294806E+01,3.573635E+01,1.397654E+01,9.929743E+03,0.000000E+00,3.245209E-01,0.000000E+00,0.000000E+00,0.000000E+00,0.000000E+00,0.000000E+00,0.000000E+00,0.000000E+00,0.000000E+00,0.000000E+00,1.999324E+01,3.302366E+01,3.646625E+01,1.342348E+01,1.072322E+04,0.000000E+00,3.504510E-01,0.000000E+00,0.000000E+00,0.000000E+00,0.000000E+00,0.000000E+00,0.000000E+00,0.000000E+00,0.000000E+00,0.000000E+00,1.999307E+01,3.367837E+01,3.737718E+01,1.276659E+01,2.113112E+04,0.000000E+00,6.905635E-01,0.000000E+00,0.000000E+00,0.000000E+00,0.000000E+00,0.000000E+00,0.000000E+00,0.000000E+00,0.000000E+00,0.000000E+00,1.999158E+01,3.933035E+01,3.817408E+01,1.221400E+01
22:00:00,1.034334E+04,0.000000E+00,3.380372E-01,0.000000E+00,0.000000E+00,0.000000E+00,0.000000E+00,0.000000E+00,0.000000E+00,0.000000E+00,0.000000E+00,0.000000E+00,1.999319E+01,3.343618E+01,3.011750E+01,1.899542E+01,9.983395E+03,0.000000E+00,3.262742E-01,0.000000E+00,0.000000E+00,0.000000E+00,0.000000E+00,0.000000E+00,0.000000E+00,0.000000E+00,0.000000E+00,0.000000E+00,1.999324E+01,3.310982E+01,3.418453E+01,1.506845E+01,9.953428E+03,0.000000E+00,3.252949E-01,0.000000E+00,0.000000E+00,0.000000E+00,0.000000E+00,0.000000E+00,0.000000E+00,0.000000E+00,0.000000E+00,0.000000E+00,1.999324E+01,3.308130E+01,3.561106E+01,1.391564E+01,1.004266E+04,0.000000E+00,3.282108E-01,0.000000E+00,0.000000E+00,0.000000E+00,0.000000E+00,0.000000E+00,0.000000E+00,0.000000E+00,0.000000E+00,0.000000E+00,1.999322E+01,3.315708E+01,3.633126E+01,1.337161E+01,1.085063E+04,0.000000E+00,3.546148E-01,0.000000E+00,0.000000E+00,0.000000E+00,0.000000E+00,0.000000E+00,0.000000E+00,0.000000E+00,0.000000E+00,0.000000E+00,1.999305E+01,3.381526E+01,3.722070E+01,1.273162E+01,2.146279E+04,0.000000E+00,7.014016E-01,0.000000E+00,0.000000E+00,0.000000E+00,0.000000E+00,0.000000E+00,0.000000E+00,0.000000E+00,0.000000E+00,0.000000E+00,1.999156E+01,3.947718E+01,3.796234E+01,1.221713E+01
22:10:00,1.046875E+04,0.000000E+00,3.421356E-01,0.000000E+00,0.000000E+00,0.000000E+00,0.000000E+00,0.000000E+00,0.000000E+00,0.000000E+00,0.000000E+00,0.000000E+00,1.999317E+01,3.356494E+01,2.997844E+01,1.887569E+01,1.011491E+04,0.000000E+00,3.305722E-01,0.000000E+00,0.000000E+00,0.000000E+00,0.000000E+00,0.000000E+00,0.000000E+00,0.000000E+00,0.000000E+00,0.000000E+00,1.999322E+01,3.324740E+01,3.402646E+01,1.498596E+01,1.008582E+04,0.000000E+00,3.296213E-01,0.000000E+00,0.000000E+00,0.000000E+00,0.000000E+00,0.000000E+00,0.000000E+00,0.000000E+00,0.000000E+00,0.000000E+00,1.999322E+01,3.321983E+01,3.544164E+01,1.384690E+01,1.017639E+04,0.000000E+00,3.325812E-01,0.000000E+00,0.000000E+00,0.000000E+00,0.000000E+00,0.000000E+00,0.000000E+00,0.000000E+00,0.000000E+00,0.000000E+00,1.999320E+01,3.329578E+01,3.615161E+01,1.331241E+01,1.099901E+04,0.000000E+00,3.594637E-01,0.000000E+00,0.000000E+00,0.000000E+00,0.000000E+00,0.000000E+00,0.000000E+00,0.000000E+00,0.000000E+00,0.000000E+00,1.999303E+01,3.395734E+01,3.702134E+01,1.268822E+01,2.181984E+04,0.000000E+00,7.130689E-01,0.000000E+00,0.000000E+00,0.000000E+00,0.000000E+00,0.000000E+00,0.000000E+00,0.000000E+00,0.000000E+00,0.000000E+00,1.999155E+01,3.962832E+01,3.768587E+01,1.222672E+01
22:20:00,1.061546E+04,0.000000E+00,3.469297E-01,0.000000E+00,0.000000E+00,0.000000E+00,0.000000E+00,0.000000E+00,0.000000E+00,0.000000E+00,0.000000E+00,0.000000E+00,1.999309E+01,3.368991E+01,2.985007E+01,1.874646E+01,1.026803E+04,0.000000E+00,3.355758E-01,0.000000E+00,0.000000E+00,0.000000E+00,0.000000E+00,0.000000E+00,0.000000E+00,0.000000E+00,0.000000E+00,0.000000E+00,1.999313E+01,3.338153E+01,3.387616E+01,1.489851E+01,1.023987E+04,0.000000E+00,3.346554E-01,0.000000E+00,0.000000E+00,0.000000E+00,0.000000E+00,0.000000E+00,0.000000E+00,0.000000E+00,0.000000E+00,0.000000E+00,1.999313E+01,3.335497E+01,3.528230E+01,1.377183E+01,1.033181E+04,0.000000E+00,3.376601E-01,0.000000E+00,0.000000E+00,0.000000E+00,0.000000E+00,0.000000E+00,0.000000E+00,0.000000E+00,0.000000E+00,0.000000E+00,1.999311E+01,3.343102E+01,3.598433E+01,1.324544E+01,1.116912E+04,0.000000E+00,3.650227E-01,0.000000E+00,0.000000E+00,0.000000E+00,0.000000E+00,0.000000E+00,0.000000E+00,0.000000E+00,0.000000E+00,0.000000E+00,1.999294E+01,3.409527E+01,3.684230E+01,1.263193E+01,2.219965E+04,0.000000E+00,7.254803E-01,0.000000E+00,0.000000E+00,0.000000E+00,0.000000E+00,0.000000E+00,0.000000E+00,0.000000E+00,0.000000E+00,0.000000E+00,1.999151E+01,3.976897E+01,3.742639E+01,1.222606E+01
22:30:00,1.078359E+04,0.000000E+00,3.524240E-01,0.000000E+00,0.000000E+00,0.000000E+00,0.000000E+00,0.000000E+00,0.000000E+00,0.000000E+00,0.000000E+00,0.000000E+00,1.999300E+01,3.380686E+01,2.973373E+01,1.859817E+01,1.044289E+04,0.000000E+00,3.412899E-01,0.000000E+00,0.000000E+00,0.000000E+00,0.000000E+00,0.000000E+00,0.000000E+00,0.000000E+00,0.000000E+00,0.000000E+00,1.999304E+01,3.350814E+01,3.373526E+01,1.479811E+01,1.041570E+04,0.000000E+00,3.404014E-01,0.000000E+00,0.000000E+00,0.000000E+00,0.000000E+00,0.000000E+00,0.000000E+00,0.000000E+00,0.000000E+00,0.000000E+00,1.999304E+01,3.348267E+01,3.514008E+01,1.367893E+01,1.050905E+04,0.000000E+00,3.434521E-01,0.000000E+00,0.000000E+00,0.000000E+00,0.000000E+00,0.000000E+00,0.000000E+00,0.000000E+00,0.000000E+00,0.000000E+00,1.999302E+01,3.355874E+01,3.583456E+01,1.316105E+01,1.136106E+04,0.000000E+00,3.712948E-01,0.000000E+00,0.000000E+00,0.000000E+00,0.000000E+00,0.000000E+00,0.000000E+00,0.000000E+00,0.000000E+00,0.000000E+00,1.999285E+01,3.422472E+01,3.668496E+01,1.255613E+01,2.260143E+04,0.000000E+00,7.386097E-01,0.000000E+00,0.000000E+00,0.000000E+00,0.000000E+00,0.000000E+00,0.000000E+00,0.000000E+00,0.000000E+00,0.000000E+00,1.999146E+01,3.989322E+01,3.718666E+01,1.220767E+01
22:40:00,1.097338E+04,0.000000E+00,3.586260E-01,0.000000E+00,0.000000E+00,0.000000E+00,0.000000E+00,0.000000E+00,0.000000E+00,0.000000E+00,0.000000E+00,0.000000E+00,1.999291E+01,3.391532E+01,2.962438E+01,1.843446E+01,1.063971E+04,0.000000E+00,3.477215E-01,0.000000E+00,0.000000E+00,0.000000E+00,0.000000E+00,0.000000E+00,0.000000E+00,0.000000E+00,0.000000E+00,0.000000E+00,1.999294E+01,3.362668E+01,3.360410E+01,1.468302E+01,1.061355E+04,0.000000E+00,3.468667E-01,0.000000E+00,0.000000E+00,0.000000E+00,0.000000E+00,0.000000E+00,0.000000E+00,0.000000E+00,0.000000E+00,0.000000E+00,1.999294E+01,3.360237E+01,3.501112E+01,1.356986E+01,1.070830E+04,0.000000E+00,3.499631E-01,0.000000E+00,0.000000E+00,0.000000E+00,0.000000E+00,0.000000E+00,0.000000E+00,0.000000E+00,0.000000E+00,0.000000E+00,1.999292E+01,3.367839E+01,3.569981E+01,1.305982E+01,1.157494E+04,0.000000E+00,3.782841E-01,0.000000E+00,0.000000E+00,0.000000E+00,0.000000E+00,0.000000E+00,0.000000E+00,0.000000E+00,0.000000E+00,0.000000E+00,1.999276E+01,3.434521E+01,3.654186E+01,1.246476E+01,2.302381E+04,0.000000E+00,7.524119E-01,0.000000E+00,0.000000E+00,0.000000E+00,0.000000E+00,0.000000E+00,0.000000E+00,0.000000E+00,0.000000E+00,0.000000E+00,1.999140E+01,4.000236E+01,3.695845E+01,1.217558E+01
22:50:00,1.118508E+04,0.000000E+00,3.655439E-01,0.000000E+00,0.000000E+00,0.000000E+00,0.000000E+00,0.000000E+00,0.000000E+00,0.000000E+00,0.000000E+00,0.000000E+00,1.999282E+01,3.401627E+01,2.951702E+01,1.826166E+01,1.085876E+04,0.000000E+00,3.548797E-01,0.000000E+00,0.000000E+00,0.000000E+00,0.000000E+00,0.000000E+00,0.000000E+00,0.000000E+00,0.000000E+00,0.000000E+00,1.999285E+01,3.373794E+01,3.347993E+01,1.455636E+01,1.083365E+04,0.000000E+00,3.540591E-01,0.000000E+00,0.000000E+00,0.000000E+00,0.000000E+00,0.000000E+00,0.000000E+00,0.000000E+00,0.000000E+00,0.000000E+00,1.999285E+01,3.371481E+01,3.488821E+01,1.345085E+01,1.092982E+04,0.000000E+00,3.572017E-01,0.000000E+00,0.000000E+00,0.000000E+00,0.000000E+00,0.000000E+00,0.000000E+00,0.000000E+00,0.000000E+00,0.000000E+00,1.999283E+01,3.379072E+01,3.557409E+01,1.294685E+01,1.181094E+04,0.000000E+00,3.859961E-01,0.000000E+00,0.000000E+00,0.000000E+00,0.000000E+00,0.000000E+00,0.000000E+00,0.000000E+00,0.000000E+00,0.000000E+00,1.999267E+01,3.445772E+01,3.640565E+01,1.236358E+01,2.346561E+04,0.000000E+00,7.668487E-01,0.000000E+00,0.000000E+00,0.000000E+00,0.000000E+00,0.000000E+00,0.000000E+00,0.000000E+00,0.000000E+00,0.000000E+00,1.999134E+01,4.009998E+01,3.673368E+01,1.213571E+01
23:00:00,1.141894E+04,0.000000E+00,3.731856E-01,0.000000E+00,0.000000E+00,0.000000E+00,0.000000E+00,0.000000E+00,0.000000E+00,0.000000E+00,0.000000E+00,0.000000E+00,1.999272E+01,3.410937E+01,2.941020E+01,1.808276E+01,1.110030E+04,0.000000E+00,3.627725E-01,0.000000E+00,0.000000E+00,0.000000E+00,0.000000E+00,0.000000E+00,0.000000E+00,0.000000E+00,0.000000E+00,0.000000E+00,1.999275E+01,3.384139E+01,3.336035E+01,1.442133E+01,1.107628E+04,0.000000E+00,3.619878E-01,0.000000E+00,0.000000E+00,0.000000E+00,0.000000E+00,0.000000E+00,0.000000E+00,0.000000E+00,0.000000E+00,0.000000E+00,1.999275E+01,3.381945E+01,3.476671E+01,1.332650E+01,1.117387E+04,0.000000E+00,3.651769E-01,0.000000E+00,0.000000E+00,0.000000E+00,0.000000E+00,0.000000E+00,0.000000E+00,0.000000E+00,0.000000E+00,0.000000E+00,1.999273E+01,3.389519E+01,3.545275E+01,1.282659E+01,1.206928E+04,0.000000E+00,3.944380E-01,0.000000E+00,0.000000E+00,0.000000E+00,0.000000E+00,0.000000E+00,0.000000E+00,0.000000E+00,0.000000E+00,0.000000E+00,1.999258E+01,3.456191E+01,3.627373E+01,1.225541E+01,2.392608E+04,0.000000E+00,7.818957E-01,0.000000E+00,0.000000E+00,0.000000E+00,0.000000E+00,0.000000E+00,0.000000E+00,0.000000E+00,0.000000E+00,0.000000E+00,1.999127E+01,4.018782E+01,3.650977E+01,1.209066E+01
23:10:00,1.166034E+04,0.000000E+00,3.810738E-01,0.000000E+00,0.000000E+00,0.000000E+00,0.000000E+00,0.000000E+00,0.000000E+00,0.000000E+00,0.000000E+00,0.000000E+00,1.999263E+01,3.419259E+01,2.930189E+01,1.790101E+01,1.134953E+04,0.000000E+00,3.709165E-01,0.000000E+00,0.000000E+00,0.000000E+00,0.000000E+00,0.000000E+00,0.000000E+00,0.000000E+00,0.000000E+00,0.000000E+00,1.999265E+01,3.393488E+01,3.324213E+01,1.428154E+01,1.132664E+04,0.000000E+00,3.701685E-01,0.000000E+00,0.000000E+00,0.000000E+00,0.000000E+00,0.000000E+00,0.000000E+00,0.000000E+00,0.000000E+00,0.000000E+00,1.999265E+01,3.391413E+01,3.464558E+01,1.319847E+01,1.142564E+04,0.000000E+00,3.734036E-01,0.000000E+00,0.000000E+00,0.000000E+00,0.000000E+00,0.000000E+00,0.000000E+00,0.000000E+00,0.000000E+00,0.000000E+00,1.999263E+01,3.398967E+01,3.533183E+01,1.270276E+01,1.233515E+04,0.000000E+00,4.031254E-01,0.000000E+00,0.000000E+00,0.000000E+00,0.000000E+00,0.000000E+00,0.000000E+00,0.000000E+00,0.000000E+00,0.000000E+00,1.999248E+01,3.465580E+01,3.614378E+01,1.214266E+01,2.439136E+04,0.000000E+00,7.970992E-01,0.000000E+00,0.000000E+00,0.000000E+00,0.000000E+00,0.000000E+00,0.000000E+00,0.000000E+00,0.000000E+00,0.000000E+00,1.999119E+01,4.026539E+01,3.628707E+01,1.204094E+01
23:20:00,1.190858E+04,0.000000E+00,3.891855E-01,0.000000E+00,0.000000E+00,0.000000E+00,0.000000E+00,0.000000E+00,0.000000E+00,0.000000E+00,0.000000E+00,0.000000E+00,1.999251E+01,3.428385E+01,2.918864E+01,1.775156E+01,1.160573E+04,0.000000E+00,3.792883E-01,0.000000E+00,0.000000E+00,0.000000E+00,0.000000E+00,0.000000E+00,0.000000E+00,0.000000E+00,0.000000E+00,0.000000E+00,1.999253E+01,3.403639E+01,3.312094E+01,1.416605E+01,1.158398E+04,0.000000E+00,3.785775E-01,0.000000E+00,0.000000E+00,0.000000E+00,0.000000E+00,0.000000E+00,0.000000E+00,0.000000E+00,0.000000E+00,0.000000E+00,1.999253E+01,3.401682E+01,3.452251E+01,1.309222E+01,1.168439E+04,0.000000E+00,3.818586E-01,0.000000E+00,0.000000E+00,0.000000E+00,0.000000E+00,0.000000E+00,0.000000E+00,0.000000E+00,0.000000E+00,0.000000E+00,1.999251E+01,3.409213E+01,3.521035E+01,1.259898E+01,1.260785E+04,0.000000E+00,4.120363E-01,0.000000E+00,0.000000E+00,0.000000E+00,0.000000E+00,0.000000E+00,0.000000E+00,0.000000E+00,0.000000E+00,0.000000E+00,1.999236E+01,3.475722E+01,3.601161E+01,1.205015E+01,2.486109E+04,0.000000E+00,8.124479E-01,0.000000E+00,0.000000E+00,0.000000E+00,0.000000E+00,0.000000E+00,0.000000E+00,0.000000E+00,0.000000E+00,0.000000E+00,1.999111E+01,4.034835E+01,3.606201E+01,1.201081E+01
23:30:00,1.216391E+04,0.000000E+00,3.975285E-01,0.000000E+00,0.000000E+00,0.000000E+00,0.000000E+00,0.000000E+00,0.000000E+00,0.000000E+00,0.000000E+00,0.000000E+00,1.999239E+01,3.439070E+01,2.906890E+01,1.765233E+01,1.186918E+04,0.000000E+00,3.878966E-01,0.000000E+00,0.000000E+00,0.000000E+00,0.000000E+00,0.000000E+00,0.000000E+00,0.000000E+00,0.000000E+00,0.000000E+00,1.999241E+01,3.415356E+01,3.299517E+01,1.408941E+01,1.184860E+04,0.000000E+00,3.872241E-01,0.000000E+00,0.000000E+00,0.000000E+00,0.000000E+00,0.000000E+00,0.000000E+00,0.000000E+00,0.000000E+00,0.000000E+00,1.999241E+01,3.413519E+01,3.439673E+01,1.302062E+01,1.195041E+04,0.000000E+00,3.905512E-01,0.000000E+00,0.000000E+00,0.000000E+00,0.000000E+00,0.000000E+00,0.000000E+00,0.000000E+00,0.000000E+00,0.000000E+00,1.999239E+01,3.421022E+01,3.508795E+01,1.252740E+01,1.288769E+04,0.000000E+00,4.211803E-01,0.000000E+00,0.000000E+00,0.000000E+00,0.000000E+00,0.000000E+00,0.000000E+00,0.000000E+00,0.000000E+00,0.000000E+00,1.999225E+01,3.487365E+01,3.587576E+01,1.199025E+01,2.533564E+04,0.000000E+00,8.279540E-01,0.000000E+00,0.000000E+00,0.000000E+00,0.000000E+00,0.000000E+00,0.000000E+00,0.000000E+00,0.000000E+00,0.000000E+00,1.999102E+01,4.044208E+01,3.583336E+01,1.201281E+01
23:40:00,1.242639E+04,0.000000E+00,4.061053E-01,0.000000E+00,0.000000E+00,0.000000E+00,0.000000E+00,0.000000E+00,0.000000E+00,0.000000E+00,0.000000E+00,0.000000E+00,1.999228E+01,3.451081E+01,2.894387E+01,1.760309E+01,1.213997E+04,0.000000E+00,3.967449E-01,0.000000E+00,0.000000E+00,0.000000E+00,0.000000E+00,0.000000E+00,0.000000E+00,0.000000E+00,0.000000E+00,0.000000E+00,1.999230E+01,3.428405E+01,3.286461E+01,1.405258E+01,1.212060E+04,0.000000E+00,3.961121E-01,0.000000E+00,0.000000E+00,0.000000E+00,0.000000E+00,0.000000E+00,0.000000E+00,0.000000E+00,0.000000E+00,0.000000E+00,1.999230E+01,3.426689E+01,3.426865E+01,1.298413E+01,1.222384E+04,0.000000E+00,3.994857E-01,0.000000E+00,0.000000E+00,0.000000E+00,0.000000E+00,0.000000E+00,0.000000E+00,0.000000E+00,0.000000E+00,0.000000E+00,1.999228E+01,3.434159E+01,3.496444E+01,1.248885E+01,1.317480E+04,0.000000E+00,4.305617E-01,0.000000E+00,0.000000E+00,0.000000E+00,0.000000E+00,0.000000E+00,0.000000E+00,0.000000E+00,0.000000E+00,0.000000E+00,1.999214E+01,3.500268E+01,3.573680E+01,1.196329E+01,2.581526E+04,0.000000E+00,8.436254E-01,0.000000E+00,0.000000E+00,0.000000E+00,0.000000E+00,0.000000E+00,0.000000E+00,0.000000E+00,0.000000E+00,0.000000E+00,1.999095E+01,4.054327E+01,3.560212E+01,1.204750E+01
23:50:00,1.269610E+04,0.000000E+00,4.149179E-01,0.000000E+00,0.000000E+00,0.000000E+00,0.000000E+00,0.000000E+00,0.000000E+00,0.000000E+00,0.000000E+00,0.000000E+00,1.999218E+01,3.463837E+01,2.881711E+01,1.759459E+01,1.241818E+04,0.000000E+00,4.058356E-01,0.000000E+00,0.000000E+00,0.000000E+00,0.000000E+00,0.000000E+00,0.000000E+00,0.000000E+00,0.000000E+00,0.000000E+00,1.999219E+01,3.442200E+01,3.273174E+01,1.404899E+01,1.240008E+04,0.000000E+00,4.052442E-01,0.000000E+00,0.000000E+00,0.000000E+00,0.000000E+00,0.000000E+00,0.000000E+00,0.000000E+00,0.000000E+00,0.000000E+00,1.999219E+01,3.440607E+01,3.413888E+01,1.297801E+01,1.250476E+04,0.000000E+00,4.086649E-01,0.000000E+00,0.000000E+00,0.000000E+00,0.000000E+00,0.000000E+00,0.000000E+00,0.000000E+00,0.000000E+00,0.000000E+00,1.999218E+01,3.448039E+01,3.483972E+01,1.247922E+01,1.346928E+04,0.000000E+00,4.401840E-01,0.000000E+00,0.000000E+00,0.000000E+00,0.000000E+00,0.000000E+00,0.000000E+00,0.000000E+00,0.000000E+00,0.000000E+00,1.999204E+01,3.513846E+01,3.559562E+01,1.196475E+01,2.630018E+04,0.000000E+00,8.594702E-01,0.000000E+00,0.000000E+00,0.000000E+00,0.000000E+00,0.000000E+00,0.000000E+00,0.000000E+00,0.000000E+00,0.000000E+00,1.999088E+01,4.064637E+01,3.536941E+01,1.211062E+01
24:00:00,1.297309E+04,0.000000E+00,4.239689E-01,0.000000E+00,0.000000E+00,0.000000E+00,0.000000E+00,0.000000E+00,0.000000E+00,0.000000E+00,0.000000E+00,0.000000E+00,1.999209E+01,3.476808E+01,2.868972E+01,1.761908E+01,1.270390E+04,0.000000E+00,4.151718E-01,0.000000E+00,0.000000E+00,0.000000E+00,0.000000E+00,0.000000E+00,0.000000E+00,0.000000E+00,0.000000E+00,0.000000E+00,1.999210E+01,3.456206E+01,3.259790E+01,1.407222E+01,1.268714E+04,0.000000E+00,4.146239E-01,0.000000E+00,0.000000E+00,0.000000E+00,0.000000E+00,0.000000E+00,0.000000E+00,0.000000E+00,0.000000E+00,0.000000E+00,1.999210E+01,3.454737E+01,3.400739E+01,1.299726E+01,1.279328E+04,0.000000E+00,4.180926E-01,0.000000E+00,0.000000E+00,0.000000E+00,0.000000E+00,0.000000E+00,0.000000E+00,0.000000E+00,0.000000E+00,0.000000E+00,1.999208E+01,3.462125E+01,3.471356E+01,1.249381E+01,1.377125E+04,0.000000E+00,4.500510E-01,0.000000E+00,0.000000E+00,0.000000E+00,0.000000E+00,0.000000E+00,0.000000E+00,0.000000E+00,0.000000E+00,0.000000E+00,1.999195E+01,3.527573E+01,3.545257E+01,1.198976E+01,2.679068E+04,0.000000E+00,8.754971E-01,0.000000E+00,0.000000E+00,0.000000E+00,0.000000E+00,0.000000E+00,0.000000E+00,0.000000E+00,0.000000E+00,0.000000E+00,1.999083E+01,4.074716E+01,3.513561E+01,1.219762E+01
Peak,1.583987E+04,0.000000E+00,5.176356E-01,0.000000E+00,0.000000E+00,0.000000E+00,0.000000E+00,0.000000E+00,0.000000E+00,0.000000E+00,0.000000E+00,0.000000E+00,,,,,1.581845E+04,0.000000E+00,5.169354E-01,0.000000E+00,0.000000E+00,0.000000E+00,0.000000E+00,0.000000E+00,0.000000E+00,0.000000E+00,0.000000E+00,0.000000E+00,,,,,1.584995E+04,0.000000E+00,5.179649E-01,0.000000E+00,0.000000E+00,0.000000E+00,0.000000E+00,0.000000E+00,0.000000E+00,0.000000E+00,0.000000E+00,0.000000E+00,,,,,1.599045E+04,0.000000E+00,5.225558E-01,0.000000E+00,0.000000E+00,0.000000E+00,0.000000E+00,0.000000E+00,0.000000E+00,0.000000E+00,0.000000E+00,0.000000E+00,,,,,1.718076E+04,0.000000E+00,5.614522E-01,0.000000E+00,0.000000E+00,0.000000E+00,0.000000E+00,0.000000E+00,0.000000E+00,0.000000E+00,0.000000E+00,0.000000E+00,,,,,3.214524E+04,0.000000E+00,1.050443E+00,0.000000E+00,0.000000E+00,0.000000E+00,0.000000E+00,0.000000E+00,0.000000E+00,0.000000E+00,0.000000E+00,0.000000E+00,,,,

Peak Vol Flow (m3/s),,,4.622335E-01,0.000000E+00,,,0.000000E+00,0.000000E+00,,,,,,,,,,,4.616081E-01,0.000000E+00,,,0.000000E+00,0.000000E+00,,,,,,,,,,,4.625274E-01,0.000000E+00,,,0.000000E+00,0.000000E+00,,,,,,,,,,,4.666270E-01,0.000000E+00,,,0.000000E+00,0.000000E+00,,,,,,,,,,,5.013604E-01,0.000000E+00,,,0.000000E+00,0.000000E+00,,,,,,,,,,,9.380145E-01,0.000000E+00,,,0.000000E+00,0.000000E+00,,,,,,,,
