Program Version,EnergyPlus, Version 23.1.0-87ed9199d4, YMD=2026.07.26 13:41,
   ************* Beginning Zone Sizing Calculations
   ** Warning ** ProcessScheduleInput: Schedule:Constant="VAV_POD_1 MAX OA FRACTION", Blank Schedule Type Limits Name input -- will not be validated.
   ** Warning ** ProcessScheduleInput: Schedule:Constant="VAV_POD_2 MAX OA FRACTION", Blank Schedule Type Limits Name input -- will not be validated.
   ** Warning ** ProcessScheduleInput: Schedule:Constant="VAV_POD_3 MAX OA FRACTION", Blank Schedule Type Limits Name input -- will not be validated.
   ** Warning ** ProcessScheduleInput: Schedule:Constant="VAV_OTHER MAX OA FRACTION", Blank Schedule Type Limits Name input -- will not be validated.
   ** Warning ** SetUpZoneGeometry: Entered Ceiling Height for Zone="GYM_ZN_1_FLR_1" significantly different from calculated Ceiling Height
   **   ~~~   ** SetUpZoneGeometry: Entered Ceiling Height=4.00, Calculated Ceiling Height=8.00, entered height will be used in calculations.
   ** Warning ** SetUpZoneGeometry: Entered Ceiling Height for Zone="AUX_GYM_ZN_1_FLR_1" significantly different from calculated Ceiling Height
   **   ~~~   ** SetUpZoneGeometry: Entered Ceiling Height=4.00, Calculated Ceiling Height=8.00, entered height will be used in calculations.
   ** Warning ** SetUpZoneGeometry: Entered Ceiling Height for Zone="AUDITORIUM_ZN_1_FLR_1" significantly different from calculated Ceiling Height
   **   ~~~   ** SetUpZoneGeometry: Entered Ceiling Height=4.00, Calculated Ceiling Height=8.00, entered height will be used in calculations.
   ************* Note that the following warning(s) may/will occur if you have not enclosed your zone completely.
   ** Warning ** Entered Volume entered for Zone="CORNER_CLASS_1_POD_1_ZN_1_FLR_1" significantly different from calculated Volume
   **   ~~~   ** Entered Zone Volume value=396.00, Calculated Zone Volume value=198.00, entered volume will be used in calculations.
   ** Warning ** Entered Volume entered for Zone="CORNER_CLASS_1_POD_1_ZN_1_FLR_2" significantly different from calculated Volume
   **   ~~~   ** Entered Zone Volume value=396.00, Calculated Zone Volume value=198.00, entered volume will be used in calculations.
   ** Warning ** Entered Volume entered for Zone="MULT_CLASS_1_POD_1_ZN_1_FLR_1" significantly different from calculated Volume
   **   ~~~   ** Entered Zone Volume value=1908.00, Calculated Zone Volume value=954.00, entered volume will be used in calculations.
   ** Warning ** Entered Volume entered for Zone="MULT_CLASS_1_POD_1_ZN_1_FLR_2" significantly different from calculated Volume
   **   ~~~   ** Entered Zone Volume value=1908.00, Calculated Zone Volume value=954.00, entered volume will be used in calculations.
   ** Warning ** Entered Volume entered for Zone="CORRIDOR_POD_1_ZN_1_FLR_1" significantly different from calculated Volume
   **   ~~~   ** Entered Zone Volume value=1280.00, Calculated Zone Volume value=640.00, entered volume will be used in calculations.
   ** Warning ** Entered Volume entered for Zone="CORRIDOR_POD_1_ZN_1_FLR_2" significantly different from calculated Volume
   **   ~~~   ** Entered Zone Volume value=1280.00, Calculated Zone Volume value=640.00, entered volume will be used in calculations.
   ** Warning ** Entered Volume entered for Zone="CORNER_CLASS_2_POD_1_ZN_1_FLR_1" significantly different from calculated Volume
   **   ~~~   ** Entered Zone Volume value=396.00, Calculated Zone Volume value=198.00, entered volume will be used in calculations.
   ** Warning ** Entered Volume entered for Zone="CORNER_CLASS_2_POD_1_ZN_1_FLR_2" significantly different from calculated Volume
   **   ~~~   ** Entered Zone Volume value=396.00, Calculated Zone Volume value=198.00, entered volume will be used in calculations.
   ** Warning ** Entered Volume entered for Zone="MULT_CLASS_2_POD_1_ZN_1_FLR_1" significantly different from calculated Volume
   **   ~~~   ** Entered Zone Volume value=1908.00, Calculated Zone Volume value=954.00, entered volume will be used in calculations.
   ** Warning ** Entered Volume entered for Zone="MULT_CLASS_2_POD_1_ZN_1_FLR_2" significantly different from calculated Volume
   **   ~~~   ** Entered Zone Volume value=1908.00, Calculated Zone Volume value=954.00, entered volume will be used in calculations.
   ** Warning ** Entered Volume entered for Zone="CORNER_CLASS_1_POD_2_ZN_1_FLR_1" significantly different from calculated Volume
   **   ~~~   ** Entered Zone Volume value=396.00, Calculated Zone Volume value=198.00, entered volume will be used in calculations.
   ** Warning ** Entered Volume entered for Zone="CORNER_CLASS_1_POD_2_ZN_1_FLR_2" significantly different from calculated Volume
   **   ~~~   ** Entered Zone Volume value=396.00, Calculated Zone Volume value=198.00, entered volume will be used in calculations.
   ** Warning ** Entered Volume entered for Zone="MULT_CLASS_1_POD_2_ZN_1_FLR_1" significantly different from calculated Volume
   **   ~~~   ** Entered Zone Volume value=1908.00, Calculated Zone Volume value=954.00, entered volume will be used in calculations.
   ** Warning ** Entered Volume entered for Zone="MULT_CLASS_1_POD_2_ZN_1_FLR_2" significantly different from calculated Volume
   **   ~~~   ** Entered Zone Volume value=1908.00, Calculated Zone Volume value=954.00, entered volume will be used in calculations.
   ** Warning ** Entered Volume entered for Zone="CORRIDOR_POD_2_ZN_1_FLR_1" significantly different from calculated Volume
   **   ~~~   ** Entered Zone Volume value=1280.00, Calculated Zone Volume value=640.00, entered volume will be used in calculations.
   ** Warning ** Entered Volume entered for Zone="CORRIDOR_POD_2_ZN_1_FLR_2" significantly different from calculated Volume
   **   ~~~   ** Entered Zone Volume value=1280.00, Calculated Zone Volume value=640.00, entered volume will be used in calculations.
   ** Warning ** Entered Volume entered for Zone="CORNER_CLASS_2_POD_2_ZN_1_FLR_1" significantly different from calculated Volume
   **   ~~~   ** Entered Zone Volume value=396.00, Calculated Zone Volume value=198.00, entered volume will be used in calculations.
   ** Warning ** Entered Volume entered for Zone="CORNER_CLASS_2_POD_2_ZN_1_FLR_2" significantly different from calculated Volume
   **   ~~~   ** Entered Zone Volume value=396.00, Calculated Zone Volume value=198.00, entered volume will be used in calculations.
   ** Warning ** Entered Volume entered for Zone="MULT_CLASS_2_POD_2_ZN_1_FLR_1" significantly different from calculated Volume
   **   ~~~   ** Entered Zone Volume value=1908.00, Calculated Zone Volume value=954.00, entered volume will be used in calculations.
   ** Warning ** Entered Volume entered for Zone="MULT_CLASS_2_POD_2_ZN_1_FLR_2" significantly different from calculated Volume
   **   ~~~   ** Entered Zone Volume value=1908.00, Calculated Zone Volume value=954.00, entered volume will be used in calculations.
   ** Warning ** Entered Volume entered for Zone="CORNER_CLASS_1_POD_3_ZN_1_FLR_1" significantly different from calculated Volume
   **   ~~~   ** Entered Zone Volume value=396.00, Calculated Zone Volume value=198.00, entered volume will be used in calculations.
   ** Warning ** Entered Volume entered for Zone="CORNER_CLASS_1_POD_3_ZN_1_FLR_2" significantly different from calculated Volume
   **   ~~~   ** Entered Zone Volume value=396.00, Calculated Zone Volume value=198.00, entered volume will be used in calculations.
   ** Warning ** Entered Volume entered for Zone="MULT_CLASS_1_POD_3_ZN_1_FLR_1" significantly different from calculated Volume
   **   ~~~   ** Entered Zone Volume value=1908.00, Calculated Zone Volume value=954.00, entered volume will be used in calculations.
   ** Warning ** Entered Volume entered for Zone="MULT_CLASS_1_POD_3_ZN_1_FLR_2" significantly different from calculated Volume
   **   ~~~   ** Entered Zone Volume value=1908.00, Calculated Zone Volume value=954.00, entered volume will be used in calculations.
   ** Warning ** Entered Volume entered for Zone="CORRIDOR_POD_3_ZN_1_FLR_1" significantly different from calculated Volume
   **   ~~~   ** Entered Zone Volume value=1280.00, Calculated Zone Volume value=640.00, entered volume will be used in calculations.
   ** Warning ** Entered Volume entered for Zone="CORRIDOR_POD_3_ZN_1_FLR_2" significantly different from calculated Volume
   **   ~~~   ** Entered Zone Volume value=1280.00, Calculated Zone Volume value=640.00, entered volume will be used in calculations.
   ** Warning ** Entered Volume entered for Zone="CORNER_CLASS_2_POD_3_ZN_1_FLR_1" significantly different from calculated Volume
   **   ~~~   ** Entered Zone Volume value=396.00, Calculated Zone Volume value=198.00, entered volume will be used in calculations.
   ** Warning ** Entered Volume entered for Zone="CORNER_CLASS_2_POD_3_ZN_1_FLR_2" significantly different from calculated Volume
   **   ~~~   ** Entered Zone Volume value=396.00, Calculated Zone Volume value=198.00, entered volume will be used in calculations.
   ** Warning ** Entered Volume entered for Zone="MULT_CLASS_2_POD_3_ZN_1_FLR_1" significantly different from calculated Volume
   **   ~~~   ** Entered Zone Volume value=1908.00, Calculated Zone Volume value=954.00, entered volume will be used in calculations.
   ** Warning ** Entered Volume entered for Zone="MULT_CLASS_2_POD_3_ZN_1_FLR_2" significantly different from calculated Volume
   **   ~~~   ** Entered Zone Volume value=1908.00, Calculated Zone Volume value=954.00, entered volume will be used in calculations.
   ** Warning ** Entered Volume entered for Zone="MAIN_CORRIDOR_ZN_1_FLR_1" significantly different from calculated Volume
   **   ~~~   ** Entered Zone Volume value=4560.00, Calculated Zone Volume value=2280.00, entered volume will be used in calculations.
   ** Warning ** Entered Volume entered for Zone="MAIN_CORRIDOR_ZN_1_FLR_2" significantly different from calculated Volume
   **   ~~~   ** Entered Zone Volume value=4560.00, Calculated Zone Volume value=2280.00, entered volume will be used in calculations.
   ** Warning ** Entered Volume entered for Zone="LOBBY_ZN_1_FLR_1" significantly different from calculated Volume
   **   ~~~   ** Entered Zone Volume value=840.00, Calculated Zone Volume value=420.00, entered volume will be used in calculations.
   ** Warning ** Entered Volume entered for Zone="LOBBY_ZN_1_FLR_2" significantly different from calculated Volume
   **   ~~~   ** Entered Zone Volume value=840.00, Calculated Zone Volume value=420.00, entered volume will be used in calculations.
   ** Warning ** Entered Volume entered for Zone="BATHROOMS_ZN_1_FLR_1" significantly different from calculated Volume
   **   ~~~   ** Entered Zone Volume value=840.00, Calculated Zone Volume value=420.00, entered volume will be used in calculations.
   ** Warning ** Entered Volume entered for Zone="BATHROOMS_ZN_1_FLR_2" significantly different from calculated Volume
   **   ~~~   ** Entered Zone Volume value=840.00, Calculated Zone Volume value=420.00, entered volume will be used in calculations.
   ** Warning ** Entered Volume entered for Zone="OFFICES_ZN_1_FLR_1" significantly different from calculated Volume
   **   ~~~   ** Entered Zone Volume value=2128.00, Calculated Zone Volume value=1064.00, entered volume will be used in calculations.
   ** Warning ** Entered Volume entered for Zone="OFFICES_ZN_1_FLR_2" significantly different from calculated Volume
   **   ~~~   ** Entered Zone Volume value=2128.00, Calculated Zone Volume value=1064.00, entered volume will be used in calculations.
   ** Warning ** Entered Volume entered for Zone="GYM_ZN_1_FLR_1" significantly different from calculated Volume
   **   ~~~   ** Entered Zone Volume value=15808.00, Calculated Zone Volume value=7904.00, entered volume will be used in calculations.
   ** Warning ** Entered Volume entered for Zone="AUX_GYM_ZN_1_FLR_1" significantly different from calculated Volume
   **   ~~~   ** Entered Zone Volume value=9984.00, Calculated Zone Volume value=4992.00, entered volume will be used in calculations.
   ** Warning ** Entered Volume entered for Zone="AUDITORIUM_ZN_1_FLR_1" significantly different from calculated Volume
   **   ~~~   ** Entered Zone Volume value=7904.00, Calculated Zone Volume value=3952.00, entered volume will be used in calculations.
   ** Warning ** Entered Volume entered for Zone="KITCHEN_ZN_1_FLR_1" significantly different from calculated Volume
   **   ~~~   ** Entered Zone Volume value=864.00, Calculated Zone Volume value=432.00, entered volume will be used in calculations.
   ** Warning ** Entered Volume entered for Zone="LIBRARY_MEDIA_CENTER_ZN_1_FLR_2" significantly different from calculated Volume
   **   ~~~   ** Entered Zone Volume value=3360.00, Calculated Zone Volume value=1680.00, entered volume will be used in calculations.
   ** Warning ** Entered Volume entered for Zone="CAFETERIA_ZN_1_FLR_1" significantly different from calculated Volume
   **   ~~~   ** Entered Zone Volume value=2496.00, Calculated Zone Volume value=1248.00, entered volume will be used in calculations.
   ** Warning ** Entered Volume entered for Zone="MECH_ZN_1_FLR_1" significantly different from calculated Volume
   **   ~~~   ** Entered Zone Volume value=1368.00, Calculated Zone Volume value=684.00, entered volume will be used in calculations.
   ** Warning ** Entered Volume entered for Zone="MECH_ZN_1_FLR_2" significantly different from calculated Volume
   **   ~~~   ** Entered Zone Volume value=1368.00, Calculated Zone Volume value=684.00, entered volume will be used in calculations.
   ** Warning ** CheckUsedConstructions: There are 26 nominally unused constructions in input.
   **   ~~~   ** Each Unused construction is shown.
   ************* Construction=AIR_WALL
   ************* Construction=DROPCEILING
   ************* Construction=OPAQUEDOOR
   ************* Construction=ATTICROOFDECK
   ************* Construction=EXT_SLAB_8IN_WITH_CARPET
   ************* Construction=EXT_SLAB_8IN
   ************* Construction=EXT_SLAB_6IN_WITH_CARPET
   ************* Construction=EXT_SLAB_6IN
   ************* Construction=BASEMENT_WALL
   ************* Construction=INT_WOOD_FLOOR
   ************* Construction=EXT_SOFFIT_FLOOR
   ************* Construction=RES_ROOF
   ************* Construction=SEMIHEATED_ROOF
   ************* Construction=NONRES_EXT_WALL_MID
   ************* Construction=RES_EXT_WALL_GRD
   ************* Construction=RES_EXT_WALL_MID
   ************* Construction=RES_EXT_WALL_TOP
   ************* Construction=SEMIHEATED_EXT_WALL_GRD
   ************* Construction=SEMIHEATED_EXT_WALL_MID
   ************* Construction=SEMIHEATED_EXT_WALL_TOP
   ************* Construction=NONRES_FLOOR
   ************* Construction=RES_FLOOR
   ************* Construction=SEMIHEATED_FLOOR
   ************* Construction=NONRES_FLOOR_CEILING
   ************* Construction=RES_FLOOR_CEILING
   ************* Construction=SEMIHEATED_FLOOR_CEILING
   ** Warning ** GetDaylightingControls: Fraction of zone or space controlled by the Daylighting reference points is < 1.0.
   **   ~~~   ** ..discovered in Daylighting:Controls="CORNER_CLASS_1_POD_1_ZN_1_FLR_1_DAYLCTRL", only 0.760 of the zone or space is controlled.
   ** Warning ** GetDaylightingControls: Fraction of zone or space controlled by the Daylighting reference points is < 1.0.
   **   ~~~   ** ..discovered in Daylighting:Controls="MULT_CLASS_1_POD_1_ZN_1_FLR_1_DAYLCTRL", only 0.560 of the zone or space is controlled.
   ** Warning ** GetDaylightingControls: Fraction of zone or space controlled by the Daylighting reference points is < 1.0.
   **   ~~~   ** ..discovered in Daylighting:Controls="CORNER_CLASS_2_POD_1_ZN_1_FLR_1_DAYLCTRL", only 0.760 of the zone or space is controlled.
   ** Warning ** GetDaylightingControls: Fraction of zone or space controlled by the Daylighting reference points is < 1.0.
   **   ~~~   ** ..discovered in Daylighting:Controls="MULT_CLASS_2_POD_1_ZN_1_FLR_1_DAYLCTRL", only 0.560 of the zone or space is controlled.
   ** Warning ** GetDaylightingControls: Fraction of zone or space controlled by the Daylighting reference points is < 1.0.
   **   ~~~   ** ..discovered in Daylighting:Controls="CORNER_CLASS_1_POD_1_ZN_1_FLR_2_DAYLCTRL", only 0.760 of the zone or space is controlled.
   ** Warning ** GetDaylightingControls: Fraction of zone or space controlled by the Daylighting reference points is < 1.0.
   **   ~~~   ** ..discovered in Daylighting:Controls="MULT_CLASS_1_POD_1_ZN_1_FLR_2_DAYLCTRL", only 0.560 of the zone or space is controlled.
   ** Warning ** GetDaylightingControls: Fraction of zone or space controlled by the Daylighting reference points is < 1.0.
   **   ~~~   ** ..discovered in Daylighting:Controls="CORNER_CLASS_2_POD_1_ZN_1_FLR_2_DAYLCTRL", only 0.760 of the zone or space is controlled.
   ** Warning ** GetDaylightingControls: Fraction of zone or space controlled by the Daylighting reference points is < 1.0.
   **   ~~~   ** ..discovered in Daylighting:Controls="MULT_CLASS_2_POD_1_ZN_1_FLR_2_DAYLCTRL", only 0.560 of the zone or space is controlled.
   ** Warning ** GetDaylightingControls: Fraction of zone or space controlled by the Daylighting reference points is < 1.0.
   **   ~~~   ** ..discovered in Daylighting:Controls="CORNER_CLASS_1_POD_2_ZN_1_FLR_1_DAYLCTRL", only 0.760 of the zone or space is controlled.
   ** Warning ** GetDaylightingControls: Fraction of zone or space controlled by the Daylighting reference points is < 1.0.
   **   ~~~   ** ..discovered in Daylighting:Controls="MULT_CLASS_1_POD_2_ZN_1_FLR_1_DAYLCTRL", only 0.560 of the zone or space is controlled.
   ** Warning ** GetDaylightingControls: Fraction of zone or space controlled by the Daylighting reference points is < 1.0.
   **   ~~~   ** ..discovered in Daylighting:Controls="CORNER_CLASS_2_POD_2_ZN_1_FLR_1_DAYLCTRL", only 0.760 of the zone or space is controlled.
   ** Warning ** GetDaylightingControls: Fraction of zone or space controlled by the Daylighting reference points is < 1.0.
   **   ~~~   ** ..discovered in Daylighting:Controls="MULT_CLASS_2_POD_2_ZN_1_FLR_1_DAYLCTRL", only 0.560 of the zone or space is controlled.
   ** Warning ** GetDaylightingControls: Fraction of zone or space controlled by the Daylighting reference points is < 1.0.
   **   ~~~   ** ..discovered in Daylighting:Controls="CORNER_CLASS_1_POD_2_ZN_1_FLR_2_DAYLCTRL", only 0.760 of the zone or space is controlled.
   ** Warning ** GetDaylightingControls: Fraction of zone or space controlled by the Daylighting reference points is < 1.0.
   **   ~~~   ** ..discovered in Daylighting:Controls="MULT_CLASS_1_POD_2_ZN_1_FLR_2_DAYLCTRL", only 0.560 of the zone or space is controlled.
   ** Warning ** GetDaylightingControls: Fraction of zone or space controlled by the Daylighting reference points is < 1.0.
   **   ~~~   ** ..discovered in Daylighting:Controls="CORNER_CLASS_2_POD_2_ZN_1_FLR_2_DAYLCTRL", only 0.760 of the zone or space is controlled.
   ** Warning ** GetDaylightingControls: Fraction of zone or space controlled by the Daylighting reference points is < 1.0.
   **   ~~~   ** ..discovered in Daylighting:Controls="MULT_CLASS_2_POD_2_ZN_1_FLR_2_DAYLCTRL", only 0.560 of the zone or space is controlled.
   ** Warning ** GetDaylightingControls: Fraction of zone or space controlled by the Daylighting reference points is < 1.0.
   **   ~~~   ** ..discovered in Daylighting:Controls="CORNER_CLASS_1_POD_3_ZN_1_FLR_1_DAYLCTRL", only 0.760 of the zone or space is controlled.
   ** Warning ** GetDaylightingControls: Fraction of zone or space controlled by the Daylighting reference points is < 1.0.
   **   ~~~   ** ..discovered in Daylighting:Controls="MULT_CLASS_1_POD_3_ZN_1_FLR_1_DAYLCTRL", only 0.560 of the zone or space is controlled.
   ** Warning ** GetDaylightingControls: Fraction of zone or space controlled by the Daylighting reference points is < 1.0.
   **   ~~~   ** ..discovered in Daylighting:Controls="CORNER_CLASS_2_POD_3_ZN_1_FLR_1_DAYLCTRL", only 0.760 of the zone or space is controlled.
   ** Warning ** GetDaylightingControls: Fraction of zone or space controlled by the Daylighting reference points is < 1.0.
   **   ~~~   ** ..discovered in Daylighting:Controls="MULT_CLASS_2_POD_3_ZN_1_FLR_1_DAYLCTRL", only 0.560 of the zone or space is controlled.
   ** Warning ** GetDaylightingControls: Fraction of zone or space controlled by the Daylighting reference points is < 1.0.
   **   ~~~   ** ..discovered in Daylighting:Controls="CORNER_CLASS_1_POD_3_ZN_1_FLR_2_DAYLCTRL", only 0.760 of the zone or space is controlled.
   ** Warning ** GetDaylightingControls: Fraction of zone or space controlled by the Daylighting reference points is < 1.0.
   **   ~~~   ** ..discovered in Daylighting:Controls="MULT_CLASS_1_POD_3_ZN_1_FLR_2_DAYLCTRL", only 0.560 of the zone or space is controlled.
   ** Warning ** GetDaylightingControls: Fraction of zone or space controlled by the Daylighting reference points is < 1.0.
   **   ~~~   ** ..discovered in Daylighting:Controls="CORNER_CLASS_2_POD_3_ZN_1_FLR_2_DAYLCTRL", only 0.760 of the zone or space is controlled.
   ** Warning ** GetDaylightingControls: Fraction of zone or space controlled by the Daylighting reference points is < 1.0.
   **   ~~~   ** ..discovered in Daylighting:Controls="MULT_CLASS_2_POD_3_ZN_1_FLR_2_DAYLCTRL", only 0.560 of the zone or space is controlled.
   ** Warning ** GetDaylightingControls: Fraction of zone or space controlled by the Daylighting reference points is < 1.0.
   **   ~~~   ** ..discovered in Daylighting:Controls="LOBBY_ZN_1_FLR_1_DAYLCTRL", only 0.360 of the zone or space is controlled.
   ** Warning ** GetDaylightingControls: Fraction of zone or space controlled by the Daylighting reference points is < 1.0.
   **   ~~~   ** ..discovered in Daylighting:Controls="LOBBY_ZN_1_FLR_2_DAYLCTRL", only 0.360 of the zone or space is controlled.
   ** Warning ** GetDaylightingControls: Fraction of zone or space controlled by the Daylighting reference points is < 1.0.
   **   ~~~   ** ..discovered in Daylighting:Controls="OFFICES_ZN_1_FLR_1_DAYLCTRL", only 0.440 of the zone or space is controlled.
   ** Warning ** GetDaylightingControls: Fraction of zone or space controlled by the Daylighting reference points is < 1.0.
   **   ~~~   ** ..discovered in Daylighting:Controls="OFFICES_ZN_1_FLR_2_DAYLCTRL", only 0.440 of the zone or space is controlled.
   ** Warning ** GetDaylightingControls: Fraction of zone or space controlled by the Daylighting reference points is < 1.0.
   **   ~~~   ** ..discovered in Daylighting:Controls="CAFETERIA_ZN_1_FLR_1_DAYLCTRL", only 0.360 of the zone or space is controlled.
   ** Warning ** GetDaylightingControls: Fraction of zone or space controlled by the Daylighting reference points is < 1.0.
   **   ~~~   ** ..discovered in Daylighting:Controls="LIBRARY_MEDIA_CENTER_ZN_1_FLR_2_DAYLCTRL", only 0.320 of the zone or space is controlled.
   ** Warning ** GetDaylightingControls: Fraction of zone or space controlled by the Daylighting reference points is < 1.0.
   **   ~~~   ** ..discovered in Daylighting:Controls="AUDITORIUM_ZN_1_FLR_1_DAYLCTRL", only 0.250 of the zone or space is controlled.
   ** Warning ** GetSimpleAirModelInputs: ZoneInfiltration:DesignFlowRate="GYM_ZN_1_FLR_1_INFILTRATION", Design Flow Rate Calculation Method specifies Flow Rate per Exterior Surface Area, but Exterior Wall Area = 0.  0 Infiltration will result.
   ** Warning ** GetSimpleAirModelInputs: ZoneInfiltration:DesignFlowRate="MECH_ZN_1_FLR_2_INFILTRATION", Design Flow Rate Calculation Method specifies Flow Rate per Exterior Surface Area, but Exterior Wall Area = 0.  0 Infiltration will result.
   ** Warning ** GeneratorController constructor ElectricLoadCenter:Generators, Availability Schedule for Generator:PVWatts 'PV_MODULE' will be be ignored (runs all the time).
   ** Warning ** Calculated design heating load for zone=KITCHEN_ZN_1_FLR_1 is zero.
   **   ~~~   ** Check Sizing:Zone and ZoneControl:Thermostat inputs.
   ** Warning ** Calculated design heating load for zone=MECH_ZN_1_FLR_1 is zero.
   **   ~~~   ** Check Sizing:Zone and ZoneControl:Thermostat inputs.
   ************* Beginning System Sizing Calculations
   ************* Beginning Plant Sizing Calculations
   ************* SizeHVACSingleDuct: Potential issue with equipment sizing for AirTerminal:SingleDuct:VAV:Reheat = "CORNER_CLASS_1_POD_1_ZN_1_FLR_1 VAV BOX COMPONENT".
   **   ~~~   ** User-Specified Minimum Cooling Air Flow Fraction of 0.71200
   **   ~~~   ** differs from Design Size Minimum Cooling Air Flow Fraction of 0.13097
   **   ~~~   ** This may, or may not, indicate mismatched component sizes.
   **   ~~~   ** Verify that the value entered is intended and is consistent with other components.
   ************* SizeHVACSingleDuct: Potential issue with equipment sizing for AirTerminal:SingleDuct:VAV:Reheat = "CORNER_CLASS_1_POD_1_ZN_1_FLR_1 VAV BOX COMPONENT".
   **   ~~~   ** User-Specified Maximum Flow Fraction during Reheat of 0.50000 []
   **   ~~~   ** differs from Design Size Maximum Flow Fraction during Reheat of 0.71200 []
   **   ~~~   ** This may, or may not, indicate mismatched component sizes.
   **   ~~~   ** Verify that the value entered is intended and is consistent with other components.
   ************* SizeHVACSingleDuct: Potential issue with equipment sizing for AirTerminal:SingleDuct:VAV:Reheat = "CORNER_CLASS_1_POD_1_ZN_1_FLR_2 VAV BOX COMPONENT".
   **   ~~~   ** User-Specified Minimum Cooling Air Flow Fraction of 0.57100
   **   ~~~   ** differs from Design Size Minimum Cooling Air Flow Fraction of 0.10323
   **   ~~~   ** This may, or may not, indicate mismatched component sizes.
   **   ~~~   ** Verify that the value entered is intended and is consistent with other components.
   ************* SizeHVACSingleDuct: Potential issue with equipment sizing for AirTerminal:SingleDuct:VAV:Reheat = "CORNER_CLASS_1_POD_1_ZN_1_FLR_2 VAV BOX COMPONENT".
   **   ~~~   ** User-Specified Maximum Flow Fraction during Reheat of 0.50000 []
   **   ~~~   ** differs from Design Size Maximum Flow Fraction during Reheat of 0.57100 []
   **   ~~~   ** This may, or may not, indicate mismatched component sizes.
   **   ~~~   ** Verify that the value entered is intended and is consistent with other components.
   ************* SizeHVACSingleDuct: Potential issue with equipment sizing for AirTerminal:SingleDuct:VAV:Reheat = "MULT_CLASS_1_POD_1_ZN_1_FLR_1 VAV BOX COMPONENT".
   **   ~~~   ** User-Specified Minimum Cooling Air Flow Fraction of 0.91100
   **   ~~~   ** differs from Design Size Minimum Cooling Air Flow Fraction of 0.17276
   **   ~~~   ** This may, or may not, indicate mismatched component sizes.
   **   ~~~   ** Verify that the value entered is intended and is consistent with other components.
   ************* SizeHVACSingleDuct: Potential issue with equipment sizing for AirTerminal:SingleDuct:VAV:Reheat = "MULT_CLASS_1_POD_1_ZN_1_FLR_1 VAV BOX COMPONENT".
   **   ~~~   ** User-Specified Maximum Flow Fraction during Reheat of 0.50000 []
   **   ~~~   ** differs from Design Size Maximum Flow Fraction during Reheat of 0.91100 []
   **   ~~~   ** This may, or may not, indicate mismatched component sizes.
   **   ~~~   ** Verify that the value entered is intended and is consistent with other components.
   ************* SizeHVACSingleDuct: Potential issue with equipment sizing for AirTerminal:SingleDuct:VAV:Reheat = "MULT_CLASS_1_POD_1_ZN_1_FLR_2 VAV BOX COMPONENT".
   **   ~~~   ** User-Specified Minimum Cooling Air Flow Fraction of 0.72300
   **   ~~~   ** differs from Design Size Minimum Cooling Air Flow Fraction of 0.13830
   **   ~~~   ** This may, or may not, indicate mismatched component sizes.
   **   ~~~   ** Verify that the value entered is intended and is consistent with other components.
   ************* SizeHVACSingleDuct: Potential issue with equipment sizing for AirTerminal:SingleDuct:VAV:Reheat = "MULT_CLASS_1_POD_1_ZN_1_FLR_2 VAV BOX COMPONENT".
   **   ~~~   ** User-Specified Maximum Flow Fraction during Reheat of 0.50000 []
   **   ~~~   ** differs from Design Size Maximum Flow Fraction during Reheat of 0.72300 []
   **   ~~~   ** This may, or may not, indicate mismatched component sizes.
   **   ~~~   ** Verify that the value entered is intended and is consistent with other components.
   ************* SizeHVACSingleDuct: Potential issue with equipment sizing for AirTerminal:SingleDuct:VAV:Reheat = "CORRIDOR_POD_1_ZN_1_FLR_1 VAV BOX COMPONENT".
   **   ~~~   ** User-Specified Minimum Cooling Air Flow Fraction of 0.26300
   **   ~~~   ** differs from Design Size Minimum Cooling Air Flow Fraction of 0.32216
   **   ~~~   ** This may, or may not, indicate mismatched component sizes.
   **   ~~~   ** Verify that the value entered is intended and is consistent with other components.
   ************* SizeHVACSingleDuct: Potential issue with equipment sizing for AirTerminal:SingleDuct:VAV:Reheat = "CORRIDOR_POD_1_ZN_1_FLR_1 VAV BOX COMPONENT".
   **   ~~~   ** User-Specified Maximum Flow Fraction during Reheat of 0.50000 []
   **   ~~~   ** differs from Design Size Maximum Flow Fraction during Reheat of 0.85910 []
   **   ~~~   ** This may, or may not, indicate mismatched component sizes.
   **   ~~~   ** Verify that the value entered is intended and is consistent with other components.
   ************* SizeHVACSingleDuct: Potential issue with equipment sizing for AirTerminal:SingleDuct:VAV:Reheat = "CORRIDOR_POD_1_ZN_1_FLR_2 VAV BOX COMPONENT".
   **   ~~~   ** User-Specified Minimum Cooling Air Flow Fraction of 0.22700
   **   ~~~   ** differs from Design Size Minimum Cooling Air Flow Fraction of 0.29192
   **   ~~~   ** This may, or may not, indicate mismatched component sizes.
   **   ~~~   ** Verify that the value entered is intended and is consistent with other components.
   ************* SizeHVACSingleDuct: Potential issue with equipment sizing for AirTerminal:SingleDuct:VAV:Reheat = "CORRIDOR_POD_1_ZN_1_FLR_2 VAV BOX COMPONENT".
   **   ~~~   ** User-Specified Maximum Flow Fraction during Reheat of 0.50000 []
   **   ~~~   ** differs from Design Size Maximum Flow Fraction during Reheat of 0.77846 []
   **   ~~~   ** This may, or may not, indicate mismatched component sizes.
   **   ~~~   ** Verify that the value entered is intended and is consistent with other components.
   ************* SizeHVACSingleDuct: Potential issue with equipment sizing for AirTerminal:SingleDuct:VAV:Reheat = "CORNER_CLASS_2_POD_1_ZN_1_FLR_1 VAV BOX COMPONENT".
   **   ~~~   ** User-Specified Minimum Cooling Air Flow Fraction of 0.77100
   **   ~~~   ** differs from Design Size Minimum Cooling Air Flow Fraction of 0.14482
   **   ~~~   ** This may, or may not, indicate mismatched component sizes.
   **   ~~~   ** Verify that the value entered is intended and is consistent with other components.
   ************* SizeHVACSingleDuct: Potential issue with equipment sizing for AirTerminal:SingleDuct:VAV:Reheat = "CORNER_CLASS_2_POD_1_ZN_1_FLR_1 VAV BOX COMPONENT".
   **   ~~~   ** User-Specified Maximum Flow Fraction during Reheat of 0.50000 []
   **   ~~~   ** differs from Design Size Maximum Flow Fraction during Reheat of 0.77100 []
   **   ~~~   ** This may, or may not, indicate mismatched component sizes.
   **   ~~~   ** Verify that the value entered is intended and is consistent with other components.
   ************* SizeHVACSingleDuct: Potential issue with equipment sizing for AirTerminal:SingleDuct:VAV:Reheat = "CORNER_CLASS_2_POD_1_ZN_1_FLR_2 VAV BOX COMPONENT".
   **   ~~~   ** User-Specified Minimum Cooling Air Flow Fraction of 0.61300
   **   ~~~   ** differs from Design Size Minimum Cooling Air Flow Fraction of 0.11264
   **   ~~~   ** This may, or may not, indicate mismatched component sizes.
   **   ~~~   ** Verify that the value entered is intended and is consistent with other components.
   ************* SizeHVACSingleDuct: Potential issue with equipment sizing for AirTerminal:SingleDuct:VAV:Reheat = "CORNER_CLASS_2_POD_1_ZN_1_FLR_2 VAV BOX COMPONENT".
   **   ~~~   ** User-Specified Maximum Flow Fraction during Reheat of 0.50000 []
   **   ~~~   ** differs from Design Size Maximum Flow Fraction during Reheat of 0.61300 []
   **   ~~~   ** This may, or may not, indicate mismatched component sizes.
   **   ~~~   ** Verify that the value entered is intended and is consistent with other components.
   ************* SizeHVACSingleDuct: Potential issue with equipment sizing for AirTerminal:SingleDuct:VAV:Reheat = "MULT_CLASS_2_POD_1_ZN_1_FLR_1 VAV BOX COMPONENT".
   **   ~~~   ** User-Specified Minimum Cooling Air Flow Fraction of 0.93700
   **   ~~~   ** differs from Design Size Minimum Cooling Air Flow Fraction of 0.17970
   **   ~~~   ** This may, or may not, indicate mismatched component sizes.
   **   ~~~   ** Verify that the value entered is intended and is consistent with other components.
   ************* SizeHVACSingleDuct: Potential issue with equipment sizing for AirTerminal:SingleDuct:VAV:Reheat = "MULT_CLASS_2_POD_1_ZN_1_FLR_1 VAV BOX COMPONENT".
   **   ~~~   ** User-Specified Maximum Flow Fraction during Reheat of 0.50000 []
   **   ~~~   ** differs from Design Size Maximum Flow Fraction during Reheat of 0.93700 []
   **   ~~~   ** This may, or may not, indicate mismatched component sizes.
   **   ~~~   ** Verify that the value entered is intended and is consistent with other components.
   ************* SizeHVACSingleDuct: Potential issue with equipment sizing for AirTerminal:SingleDuct:VAV:Reheat = "MULT_CLASS_2_POD_1_ZN_1_FLR_2 VAV BOX COMPONENT".
   **   ~~~   ** User-Specified Minimum Cooling Air Flow Fraction of 0.82400
   **   ~~~   ** differs from Design Size Minimum Cooling Air Flow Fraction of 0.15798
   **   ~~~   ** This may, or may not, indicate mismatched component sizes.
   **   ~~~   ** Verify that the value entered is intended and is consistent with other components.
   ************* SizeHVACSingleDuct: Potential issue with equipment sizing for AirTerminal:SingleDuct:VAV:Reheat = "MULT_CLASS_2_POD_1_ZN_1_FLR_2 VAV BOX COMPONENT".
   **   ~~~   ** User-Specified Maximum Flow Fraction during Reheat of 0.50000 []
   **   ~~~   ** differs from Design Size Maximum Flow Fraction during Reheat of 0.82400 []
   **   ~~~   ** This may, or may not, indicate mismatched component sizes.
   **   ~~~   ** Verify that the value entered is intended and is consistent with other components.
   ************* SizeHVACSingleDuct: Potential issue with equipment sizing for AirTerminal:SingleDuct:VAV:Reheat = "CORNER_CLASS_1_POD_2_ZN_1_FLR_1 VAV BOX COMPONENT".
   **   ~~~   ** User-Specified Minimum Cooling Air Flow Fraction of 0.72200
   **   ~~~   ** differs from Design Size Minimum Cooling Air Flow Fraction of 0.13340
   **   ~~~   ** This may, or may not, indicate mismatched component sizes.
   **   ~~~   ** Verify that the value entered is intended and is consistent with other components.
   ************* SizeHVACSingleDuct: Potential issue with equipment sizing for AirTerminal:SingleDuct:VAV:Reheat = "CORNER_CLASS_1_POD_2_ZN_1_FLR_1 VAV BOX COMPONENT".
   **   ~~~   ** User-Specified Maximum Flow Fraction during Reheat of 0.50000 []
   **   ~~~   ** differs from Design Size Maximum Flow Fraction during Reheat of 0.72200 []
   **   ~~~   ** This may, or may not, indicate mismatched component sizes.
   **   ~~~   ** Verify that the value entered is intended and is consistent with other components.
   ************* SizeHVACSingleDuct: Potential issue with equipment sizing for AirTerminal:SingleDuct:VAV:Reheat = "CORNER_CLASS_1_POD_2_ZN_1_FLR_2 VAV BOX COMPONENT".
   **   ~~~   ** User-Specified Minimum Cooling Air Flow Fraction of 0.57400
   **   ~~~   ** differs from Design Size Minimum Cooling Air Flow Fraction of 0.10443
   **   ~~~   ** This may, or may not, indicate mismatched component sizes.
   **   ~~~   ** Verify that the value entered is intended and is consistent with other components.
   ************* SizeHVACSingleDuct: Potential issue with equipment sizing for AirTerminal:SingleDuct:VAV:Reheat = "CORNER_CLASS_1_POD_2_ZN_1_FLR_2 VAV BOX COMPONENT".
   **   ~~~   ** User-Specified Maximum Flow Fraction during Reheat of 0.50000 []
   **   ~~~   ** differs from Design Size Maximum Flow Fraction during Reheat of 0.57400 []
   **   ~~~   ** This may, or may not, indicate mismatched component sizes.
   **   ~~~   ** Verify that the value entered is intended and is consistent with other components.
   ************* SizeHVACSingleDuct: Potential issue with equipment sizing for AirTerminal:SingleDuct:VAV:Reheat = "MULT_CLASS_1_POD_2_ZN_1_FLR_1 VAV BOX COMPONENT".
   **   ~~~   ** User-Specified Minimum Cooling Air Flow Fraction of 0.92400
   **   ~~~   ** differs from Design Size Minimum Cooling Air Flow Fraction of 0.17626
   **   ~~~   ** This may, or may not, indicate mismatched component sizes.
   **   ~~~   ** Verify that the value entered is intended and is consistent with other components.
   ************* SizeHVACSingleDuct: Potential issue with equipment sizing for AirTerminal:SingleDuct:VAV:Reheat = "MULT_CLASS_1_POD_2_ZN_1_FLR_1 VAV BOX COMPONENT".
   **   ~~~   ** User-Specified Maximum Flow Fraction during Reheat of 0.50000 []
   **   ~~~   ** differs from Design Size Maximum Flow Fraction during Reheat of 0.92400 []
   **   ~~~   ** This may, or may not, indicate mismatched component sizes.
   **   ~~~   ** Verify that the value entered is intended and is consistent with other components.
   ************* SizeHVACSingleDuct: Potential issue with equipment sizing for AirTerminal:SingleDuct:VAV:Reheat = "MULT_CLASS_1_POD_2_ZN_1_FLR_2 VAV BOX COMPONENT".
   **   ~~~   ** User-Specified Minimum Cooling Air Flow Fraction of 0.73000
   **   ~~~   ** differs from Design Size Minimum Cooling Air Flow Fraction of 0.14169
   **   ~~~   ** This may, or may not, indicate mismatched component sizes.
   **   ~~~   ** Verify that the value entered is intended and is consistent with other components.
   ************* SizeHVACSingleDuct: Potential issue with equipment sizing for AirTerminal:SingleDuct:VAV:Reheat = "MULT_CLASS_1_POD_2_ZN_1_FLR_2 VAV BOX COMPONENT".
   **   ~~~   ** User-Specified Maximum Flow Fraction during Reheat of 0.50000 []
   **   ~~~   ** differs from Design Size Maximum Flow Fraction during Reheat of 0.73000 []
   **   ~~~   ** This may, or may not, indicate mismatched component sizes.
   **   ~~~   ** Verify that the value entered is intended and is consistent with other components.
   ************* SizeHVACSingleDuct: Potential issue with equipment sizing for AirTerminal:SingleDuct:VAV:Reheat = "CORRIDOR_POD_2_ZN_1_FLR_1 VAV BOX COMPONENT".
   **   ~~~   ** User-Specified Minimum Cooling Air Flow Fraction of 0.26400
   **   ~~~   ** differs from Design Size Minimum Cooling Air Flow Fraction of 0.32452
   **   ~~~   ** This may, or may not, indicate mismatched component sizes.
   **   ~~~   ** Verify that the value entered is intended and is consistent with other components.
   ************* SizeHVACSingleDuct: Potential issue with equipment sizing for AirTerminal:SingleDuct:VAV:Reheat = "CORRIDOR_POD_2_ZN_1_FLR_1 VAV BOX COMPONENT".
   **   ~~~   ** User-Specified Maximum Flow Fraction during Reheat of 0.50000 []
   **   ~~~   ** differs from Design Size Maximum Flow Fraction during Reheat of 0.86537 []
   **   ~~~   ** This may, or may not, indicate mismatched component sizes.
   **   ~~~   ** Verify that the value entered is intended and is consistent with other components.
   ************* SizeHVACSingleDuct: Potential issue with equipment sizing for AirTerminal:SingleDuct:VAV:Reheat = "CORRIDOR_POD_2_ZN_1_FLR_2 VAV BOX COMPONENT".
   **   ~~~   ** User-Specified Minimum Cooling Air Flow Fraction of 0.22700
   **   ~~~   ** differs from Design Size Minimum Cooling Air Flow Fraction of 0.29361
   **   ~~~   ** This may, or may not, indicate mismatched component sizes.
   **   ~~~   ** Verify that the value entered is intended and is consistent with other components.
   ************* SizeHVACSingleDuct: Potential issue with equipment sizing for AirTerminal:SingleDuct:VAV:Reheat = "CORRIDOR_POD_2_ZN_1_FLR_2 VAV BOX COMPONENT".
   **   ~~~   ** User-Specified Maximum Flow Fraction during Reheat of 0.50000 []
   **   ~~~   ** differs from Design Size Maximum Flow Fraction during Reheat of 0.78295 []
   **   ~~~   ** This may, or may not, indicate mismatched component sizes.
   **   ~~~   ** Verify that the value entered is intended and is consistent with other components.
   ************* SizeHVACSingleDuct: Potential issue with equipment sizing for AirTerminal:SingleDuct:VAV:Reheat = "CORNER_CLASS_2_POD_2_ZN_1_FLR_1 VAV BOX COMPONENT".
   **   ~~~   ** User-Specified Minimum Cooling Air Flow Fraction of 0.77100
   **   ~~~   ** differs from Design Size Minimum Cooling Air Flow Fraction of 0.14480
   **   ~~~   ** This may, or may not, indicate mismatched component sizes.
   **   ~~~   ** Verify that the value entered is intended and is consistent with other components.
   ************* SizeHVACSingleDuct: Potential issue with equipment sizing for AirTerminal:SingleDuct:VAV:Reheat = "CORNER_CLASS_2_POD_2_ZN_1_FLR_1 VAV BOX COMPONENT".
   **   ~~~   ** User-Specified Maximum Flow Fraction during Reheat of 0.50000 []
   **   ~~~   ** differs from Design Size Maximum Flow Fraction during Reheat of 0.77100 []
   **   ~~~   ** This may, or may not, indicate mismatched component sizes.
   **   ~~~   ** Verify that the value entered is intended and is consistent with other components.
   ************* SizeHVACSingleDuct: Potential issue with equipment sizing for AirTerminal:SingleDuct:VAV:Reheat = "CORNER_CLASS_2_POD_2_ZN_1_FLR_2 VAV BOX COMPONENT".
   **   ~~~   ** User-Specified Minimum Cooling Air Flow Fraction of 0.61300
   **   ~~~   ** differs from Design Size Minimum Cooling Air Flow Fraction of 0.11255
   **   ~~~   ** This may, or may not, indicate mismatched component sizes.
   **   ~~~   ** Verify that the value entered is intended and is consistent with other components.
   ************* SizeHVACSingleDuct: Potential issue with equipment sizing for AirTerminal:SingleDuct:VAV:Reheat = "CORNER_CLASS_2_POD_2_ZN_1_FLR_2 VAV BOX COMPONENT".
   **   ~~~   ** User-Specified Maximum Flow Fraction during Reheat of 0.50000 []
   **   ~~~   ** differs from Design Size Maximum Flow Fraction during Reheat of 0.61300 []
   **   ~~~   ** This may, or may not, indicate mismatched component sizes.
   **   ~~~   ** Verify that the value entered is intended and is consistent with other components.
   ************* SizeHVACSingleDuct: Potential issue with equipment sizing for AirTerminal:SingleDuct:VAV:Reheat = "MULT_CLASS_2_POD_2_ZN_1_FLR_1 VAV BOX COMPONENT".
   **   ~~~   ** User-Specified Minimum Cooling Air Flow Fraction of 0.93700
   **   ~~~   ** differs from Design Size Minimum Cooling Air Flow Fraction of 0.17972
   **   ~~~   ** This may, or may not, indicate mismatched component sizes.
   **   ~~~   ** Verify that the value entered is intended and is consistent with other components.
   ************* SizeHVACSingleDuct: Potential issue with equipment sizing for AirTerminal:SingleDuct:VAV:Reheat = "MULT_CLASS_2_POD_2_ZN_1_FLR_1 VAV BOX COMPONENT".
   **   ~~~   ** User-Specified Maximum Flow Fraction during Reheat of 0.50000 []
   **   ~~~   ** differs from Design Size Maximum Flow Fraction during Reheat of 0.93700 []
   **   ~~~   ** This may, or may not, indicate mismatched component sizes.
   **   ~~~   ** Verify that the value entered is intended and is consistent with other components.
   ************* SizeHVACSingleDuct: Potential issue with equipment sizing for AirTerminal:SingleDuct:VAV:Reheat = "MULT_CLASS_2_POD_2_ZN_1_FLR_2 VAV BOX COMPONENT".
   **   ~~~   ** User-Specified Minimum Cooling Air Flow Fraction of 0.82400
   **   ~~~   ** differs from Design Size Minimum Cooling Air Flow Fraction of 0.15783
   **   ~~~   ** This may, or may not, indicate mismatched component sizes.
   **   ~~~   ** Verify that the value entered is intended and is consistent with other components.
   ************* SizeHVACSingleDuct: Potential issue with equipment sizing for AirTerminal:SingleDuct:VAV:Reheat = "MULT_CLASS_2_POD_2_ZN_1_FLR_2 VAV BOX COMPONENT".
   **   ~~~   ** User-Specified Maximum Flow Fraction during Reheat of 0.50000 []
   **   ~~~   ** differs from Design Size Maximum Flow Fraction during Reheat of 0.82400 []
   **   ~~~   ** This may, or may not, indicate mismatched component sizes.
   **   ~~~   ** Verify that the value entered is intended and is consistent with other components.
   ************* SizeHVACSingleDuct: Potential issue with equipment sizing for AirTerminal:SingleDuct:VAV:Reheat = "CORNER_CLASS_1_POD_3_ZN_1_FLR_1 VAV BOX COMPONENT".
   **   ~~~   ** User-Specified Minimum Cooling Air Flow Fraction of 0.72100
   **   ~~~   ** differs from Design Size Minimum Cooling Air Flow Fraction of 0.13318
   **   ~~~   ** This may, or may not, indicate mismatched component sizes.
   **   ~~~   ** Verify that the value entered is intended and is consistent with other components.
   ************* SizeHVACSingleDuct: Potential issue with equipment sizing for AirTerminal:SingleDuct:VAV:Reheat = "CORNER_CLASS_1_POD_3_ZN_1_FLR_1 VAV BOX COMPONENT".
   **   ~~~   ** User-Specified Maximum Flow Fraction during Reheat of 0.50000 []
   **   ~~~   ** differs from Design Size Maximum Flow Fraction during Reheat of 0.72100 []
   **   ~~~   ** This may, or may not, indicate mismatched component sizes.
   **   ~~~   ** Verify that the value entered is intended and is consistent with other components.
   ************* SizeHVACSingleDuct: Potential issue with equipment sizing for AirTerminal:SingleDuct:VAV:Reheat = "CORNER_CLASS_1_POD_3_ZN_1_FLR_2 VAV BOX COMPONENT".
   **   ~~~   ** User-Specified Minimum Cooling Air Flow Fraction of 0.57100
   **   ~~~   ** differs from Design Size Minimum Cooling Air Flow Fraction of 0.10390
   **   ~~~   ** This may, or may not, indicate mismatched component sizes.
   **   ~~~   ** Verify that the value entered is intended and is consistent with other components.
   ************* SizeHVACSingleDuct: Potential issue with equipment sizing for AirTerminal:SingleDuct:VAV:Reheat = "CORNER_CLASS_1_POD_3_ZN_1_FLR_2 VAV BOX COMPONENT".
   **   ~~~   ** User-Specified Maximum Flow Fraction during Reheat of 0.50000 []
   **   ~~~   ** differs from Design Size Maximum Flow Fraction during Reheat of 0.57100 []
   **   ~~~   ** This may, or may not, indicate mismatched component sizes.
   **   ~~~   ** Verify that the value entered is intended and is consistent with other components.
   ************* SizeHVACSingleDuct: Potential issue with equipment sizing for AirTerminal:SingleDuct:VAV:Reheat = "MULT_CLASS_1_POD_3_ZN_1_FLR_1 VAV BOX COMPONENT".
   **   ~~~   ** User-Specified Minimum Cooling Air Flow Fraction of 0.91300
   **   ~~~   ** differs from Design Size Minimum Cooling Air Flow Fraction of 0.17429
   **   ~~~   ** This may, or may not, indicate mismatched component sizes.
   **   ~~~   ** Verify that the value entered is intended and is consistent with other components.
   ************* SizeHVACSingleDuct: Potential issue with equipment sizing for AirTerminal:SingleDuct:VAV:Reheat = "MULT_CLASS_1_POD_3_ZN_1_FLR_1 VAV BOX COMPONENT".
   **   ~~~   ** User-Specified Maximum Flow Fraction during Reheat of 0.50000 []
   **   ~~~   ** differs from Design Size Maximum Flow Fraction during Reheat of 0.91300 []
   **   ~~~   ** This may, or may not, indicate mismatched component sizes.
   **   ~~~   ** Verify that the value entered is intended and is consistent with other components.
   ************* SizeHVACSingleDuct: Potential issue with equipment sizing for AirTerminal:SingleDuct:VAV:Reheat = "MULT_CLASS_1_POD_3_ZN_1_FLR_2 VAV BOX COMPONENT".
   **   ~~~   ** User-Specified Minimum Cooling Air Flow Fraction of 0.64900
   **   ~~~   ** differs from Design Size Minimum Cooling Air Flow Fraction of 0.13721
   **   ~~~   ** This may, or may not, indicate mismatched component sizes.
   **   ~~~   ** Verify that the value entered is intended and is consistent with other components.
   ************* SizeHVACSingleDuct: Potential issue with equipment sizing for AirTerminal:SingleDuct:VAV:Reheat = "MULT_CLASS_1_POD_3_ZN_1_FLR_2 VAV BOX COMPONENT".
   **   ~~~   ** User-Specified Maximum Flow Fraction during Reheat of 0.50000 []
   **   ~~~   ** differs from Design Size Maximum Flow Fraction during Reheat of 0.64900 []
   **   ~~~   ** This may, or may not, indicate mismatched component sizes.
   **   ~~~   ** Verify that the value entered is intended and is consistent with other components.
   ************* SizeHVACSingleDuct: Potential issue with equipment sizing for AirTerminal:SingleDuct:VAV:Reheat = "CORRIDOR_POD_3_ZN_1_FLR_1 VAV BOX COMPONENT".
   **   ~~~   ** User-Specified Minimum Cooling Air Flow Fraction of 0.26000
   **   ~~~   ** differs from Design Size Minimum Cooling Air Flow Fraction of 0.31844
   **   ~~~   ** This may, or may not, indicate mismatched component sizes.
   **   ~~~   ** Verify that the value entered is intended and is consistent with other components.
   ************* SizeHVACSingleDuct: Potential issue with equipment sizing for AirTerminal:SingleDuct:VAV:Reheat = "CORRIDOR_POD_3_ZN_1_FLR_1 VAV BOX COMPONENT".
   **   ~~~   ** User-Specified Maximum Flow Fraction during Reheat of 0.50000 []
   **   ~~~   ** differs from Design Size Maximum Flow Fraction during Reheat of 0.84918 []
   **   ~~~   ** This may, or may not, indicate mismatched component sizes.
   **   ~~~   ** Verify that the value entered is intended and is consistent with other components.
   ************* SizeHVACSingleDuct: Potential issue with equipment sizing for AirTerminal:SingleDuct:VAV:Reheat = "CORRIDOR_POD_3_ZN_1_FLR_2 VAV BOX COMPONENT".
   **   ~~~   ** User-Specified Minimum Cooling Air Flow Fraction of 0.21600
   **   ~~~   ** differs from Design Size Minimum Cooling Air Flow Fraction of 0.27658
   **   ~~~   ** This may, or may not, indicate mismatched component sizes.
   **   ~~~   ** Verify that the value entered is intended and is consistent with other components.
   ************* SizeHVACSingleDuct: Potential issue with equipment sizing for AirTerminal:SingleDuct:VAV:Reheat = "CORRIDOR_POD_3_ZN_1_FLR_2 VAV BOX COMPONENT".
   **   ~~~   ** User-Specified Maximum Flow Fraction during Reheat of 0.50000 []
   **   ~~~   ** differs from Design Size Maximum Flow Fraction during Reheat of 0.73755 []
   **   ~~~   ** This may, or may not, indicate mismatched component sizes.
   **   ~~~   ** Verify that the value entered is intended and is consistent with other components.
   ************* SizeHVACSingleDuct: Potential issue with equipment sizing for AirTerminal:SingleDuct:VAV:Reheat = "CORNER_CLASS_2_POD_3_ZN_1_FLR_1 VAV BOX COMPONENT".
   **   ~~~   ** User-Specified Minimum Cooling Air Flow Fraction of 0.76100
   **   ~~~   ** differs from Design Size Minimum Cooling Air Flow Fraction of 0.14191
   **   ~~~   ** This may, or may not, indicate mismatched component sizes.
   **   ~~~   ** Verify that the value entered is intended and is consistent with other components.
   ************* SizeHVACSingleDuct: Potential issue with equipment sizing for AirTerminal:SingleDuct:VAV:Reheat = "CORNER_CLASS_2_POD_3_ZN_1_FLR_1 VAV BOX COMPONENT".
   **   ~~~   ** User-Specified Maximum Flow Fraction during Reheat of 0.50000 []
   **   ~~~   ** differs from Design Size Maximum Flow Fraction during Reheat of 0.76100 []
   **   ~~~   ** This may, or may not, indicate mismatched component sizes.
   **   ~~~   ** Verify that the value entered is intended and is consistent with other components.
   ************* SizeHVACSingleDuct: Potential issue with equipment sizing for AirTerminal:SingleDuct:VAV:Reheat = "CORNER_CLASS_2_POD_3_ZN_1_FLR_2 VAV BOX COMPONENT".
   **   ~~~   ** User-Specified Minimum Cooling Air Flow Fraction of 0.60800
   **   ~~~   ** differs from Design Size Minimum Cooling Air Flow Fraction of 0.11078
   **   ~~~   ** This may, or may not, indicate mismatched component sizes.
   **   ~~~   ** Verify that the value entered is intended and is consistent with other components.
   ************* SizeHVACSingleDuct: Potential issue with equipment sizing for AirTerminal:SingleDuct:VAV:Reheat = "CORNER_CLASS_2_POD_3_ZN_1_FLR_2 VAV BOX COMPONENT".
   **   ~~~   ** User-Specified Maximum Flow Fraction during Reheat of 0.50000 []
   **   ~~~   ** differs from Design Size Maximum Flow Fraction during Reheat of 0.60800 []
   **   ~~~   ** This may, or may not, indicate mismatched component sizes.
   **   ~~~   ** Verify that the value entered is intended and is consistent with other components.
   ************* SizeHVACSingleDuct: Potential issue with equipment sizing for AirTerminal:SingleDuct:VAV:Reheat = "MULT_CLASS_2_POD_3_ZN_1_FLR_1 VAV BOX COMPONENT".
   **   ~~~   ** User-Specified Minimum Cooling Air Flow Fraction of 0.90300
   **   ~~~   ** differs from Design Size Minimum Cooling Air Flow Fraction of 0.17093
   **   ~~~   ** This may, or may not, indicate mismatched component sizes.
   **   ~~~   ** Verify that the value entered is intended and is consistent with other components.
   ************* SizeHVACSingleDuct: Potential issue with equipment sizing for AirTerminal:SingleDuct:VAV:Reheat = "MULT_CLASS_2_POD_3_ZN_1_FLR_1 VAV BOX COMPONENT".
   **   ~~~   ** User-Specified Maximum Flow Fraction during Reheat of 0.50000 []
   **   ~~~   ** differs from Design Size Maximum Flow Fraction during Reheat of 0.90300 []
   **   ~~~   ** This may, or may not, indicate mismatched component sizes.
   **   ~~~   ** Verify that the value entered is intended and is consistent with other components.
   ************* SizeHVACSingleDuct: Potential issue with equipment sizing for AirTerminal:SingleDuct:VAV:Reheat = "MULT_CLASS_2_POD_3_ZN_1_FLR_2 VAV BOX COMPONENT".
   **   ~~~   ** User-Specified Minimum Cooling Air Flow Fraction of 0.72200
   **   ~~~   ** differs from Design Size Minimum Cooling Air Flow Fraction of 0.13291
   **   ~~~   ** This may, or may not, indicate mismatched component sizes.
   **   ~~~   ** Verify that the value entered is intended and is consistent with other components.
   ************* SizeHVACSingleDuct: Potential issue with equipment sizing for AirTerminal:SingleDuct:VAV:Reheat = "MULT_CLASS_2_POD_3_ZN_1_FLR_2 VAV BOX COMPONENT".
   **   ~~~   ** User-Specified Maximum Flow Fraction during Reheat of 0.50000 []
   **   ~~~   ** differs from Design Size Maximum Flow Fraction during Reheat of 0.72200 []
   **   ~~~   ** This may, or may not, indicate mismatched component sizes.
   **   ~~~   ** Verify that the value entered is intended and is consistent with other components.
   ************* SizeHVACSingleDuct: Potential issue with equipment sizing for AirTerminal:SingleDuct:VAV:Reheat = "MAIN_CORRIDOR_ZN_1_FLR_1 VAV BOX COMPONENT".
   **   ~~~   ** User-Specified Minimum Cooling Air Flow Fraction of 0.31000
   **   ~~~   ** differs from Design Size Minimum Cooling Air Flow Fraction of 0.36638
   **   ~~~   ** This may, or may not, indicate mismatched component sizes.
   **   ~~~   ** Verify that the value entered is intended and is consistent with other components.
   ************* SizeHVACSingleDuct: Potential issue with equipment sizing for AirTerminal:SingleDuct:VAV:Reheat = "MAIN_CORRIDOR_ZN_1_FLR_1 VAV BOX COMPONENT".
   **   ~~~   ** User-Specified Maximum Flow Fraction during Reheat of 0.50000 []
   **   ~~~   ** differs from Design Size Maximum Flow Fraction during Reheat of 0.97701 []
   **   ~~~   ** This may, or may not, indicate mismatched component sizes.
   **   ~~~   ** Verify that the value entered is intended and is consistent with other components.
   ************* SizeHVACSingleDuct: Potential issue with equipment sizing for AirTerminal:SingleDuct:VAV:Reheat = "MAIN_CORRIDOR_ZN_1_FLR_2 VAV BOX COMPONENT".
   **   ~~~   ** User-Specified Minimum Cooling Air Flow Fraction of 0.23600
   **   ~~~   ** differs from Design Size Minimum Cooling Air Flow Fraction of 0.31098
   **   ~~~   ** This may, or may not, indicate mismatched component sizes.
   **   ~~~   ** Verify that the value entered is intended and is consistent with other components.
   ************* SizeHVACSingleDuct: Potential issue with equipment sizing for AirTerminal:SingleDuct:VAV:Reheat = "MAIN_CORRIDOR_ZN_1_FLR_2 VAV BOX COMPONENT".
   **   ~~~   ** User-Specified Maximum Flow Fraction during Reheat of 0.50000 []
   **   ~~~   ** differs from Design Size Maximum Flow Fraction during Reheat of 0.82928 []
   **   ~~~   ** This may, or may not, indicate mismatched component sizes.
   **   ~~~   ** Verify that the value entered is intended and is consistent with other components.
   ************* SizeHVACSingleDuct: Potential issue with equipment sizing for AirTerminal:SingleDuct:VAV:Reheat = "LOBBY_ZN_1_FLR_1 VAV BOX COMPONENT".
   **   ~~~   ** User-Specified Minimum Cooling Air Flow Fraction of 0.40700
   **   ~~~   ** differs from Design Size Minimum Cooling Air Flow Fraction of 0.25100
   **   ~~~   ** This may, or may not, indicate mismatched component sizes.
   **   ~~~   ** Verify that the value entered is intended and is consistent with other components.
   ************* SizeHVACSingleDuct: Potential issue with equipment sizing for AirTerminal:SingleDuct:VAV:Reheat = "LOBBY_ZN_1_FLR_1 VAV BOX COMPONENT".
   **   ~~~   ** User-Specified Maximum Flow Fraction during Reheat of 0.50000 []
   **   ~~~   ** differs from Design Size Maximum Flow Fraction during Reheat of 0.66932 []
   **   ~~~   ** This may, or may not, indicate mismatched component sizes.
   **   ~~~   ** Verify that the value entered is intended and is consistent with other components.
   ************* SizeHVACSingleDuct: Potential issue with equipment sizing for AirTerminal:SingleDuct:VAV:Reheat = "LOBBY_ZN_1_FLR_2 VAV BOX COMPONENT".
   **   ~~~   ** User-Specified Minimum Cooling Air Flow Fraction of 0.29800
   **   ~~~   ** differs from Design Size Minimum Cooling Air Flow Fraction of 0.20434
   **   ~~~   ** This may, or may not, indicate mismatched component sizes.
   **   ~~~   ** Verify that the value entered is intended and is consistent with other components.
   ************* SizeHVACSingleDuct: Potential issue with equipment sizing for AirTerminal:SingleDuct:VAV:Reheat = "BATHROOMS_ZN_1_FLR_1 VAV BOX COMPONENT".
   **   ~~~   ** User-Specified Minimum Cooling Air Flow Fraction of 1.00000E-002
   **   ~~~   ** differs from Design Size Minimum Cooling Air Flow Fraction of 0.38971
   **   ~~~   ** This may, or may not, indicate mismatched component sizes.
   **   ~~~   ** Verify that the value entered is intended and is consistent with other components.
   ************* SizeHVACSingleDuct: Potential issue with equipment sizing for AirTerminal:SingleDuct:VAV:Reheat = "BATHROOMS_ZN_1_FLR_1 VAV BOX COMPONENT".
   **   ~~~   ** User-Specified Maximum Flow Fraction during Reheat of 0.50000 []
   **   ~~~   ** differs from Design Size Maximum Flow Fraction during Reheat of 1.00000 []
   **   ~~~   ** This may, or may not, indicate mismatched component sizes.
   **   ~~~   ** Verify that the value entered is intended and is consistent with other components.
   ************* SizeHVACSingleDuct: Potential issue with equipment sizing for AirTerminal:SingleDuct:VAV:Reheat = "BATHROOMS_ZN_1_FLR_2 VAV BOX COMPONENT".
   **   ~~~   ** User-Specified Minimum Cooling Air Flow Fraction of 1.00000E-002
   **   ~~~   ** differs from Design Size Minimum Cooling Air Flow Fraction of 0.29191
   **   ~~~   ** This may, or may not, indicate mismatched component sizes.
   **   ~~~   ** Verify that the value entered is intended and is consistent with other components.
   ************* SizeHVACSingleDuct: Potential issue with equipment sizing for AirTerminal:SingleDuct:VAV:Reheat = "BATHROOMS_ZN_1_FLR_2 VAV BOX COMPONENT".
   **   ~~~   ** User-Specified Maximum Flow Fraction during Reheat of 0.50000 []
   **   ~~~   ** differs from Design Size Maximum Flow Fraction during Reheat of 0.77842 []
   **   ~~~   ** This may, or may not, indicate mismatched component sizes.
   **   ~~~   ** Verify that the value entered is intended and is consistent with other components.
   ************* SizeHVACSingleDuct: Potential issue with equipment sizing for AirTerminal:SingleDuct:VAV:Reheat = "OFFICES_ZN_1_FLR_1 VAV BOX COMPONENT".
   **   ~~~   ** User-Specified Maximum Flow Fraction during Reheat of 0.50000 []
   **   ~~~   ** differs from Design Size Maximum Flow Fraction during Reheat of 0.73330 []
   **   ~~~   ** This may, or may not, indicate mismatched component sizes.
   **   ~~~   ** Verify that the value entered is intended and is consistent with other components.
   ************* SizeHVACSingleDuct: Potential issue with equipment sizing for AirTerminal:SingleDuct:VAV:Reheat = "OFFICES_ZN_1_FLR_2 VAV BOX COMPONENT".
   **   ~~~   ** User-Specified Maximum Flow Fraction during Reheat of 0.50000 []
   **   ~~~   ** differs from Design Size Maximum Flow Fraction during Reheat of 0.56258 []
   **   ~~~   ** This may, or may not, indicate mismatched component sizes.
   **   ~~~   ** Verify that the value entered is intended and is consistent with other components.
   ************* SizeHVACSingleDuct: Potential issue with equipment sizing for AirTerminal:SingleDuct:VAV:Reheat = "LIBRARY_MEDIA_CENTER_ZN_1_FLR_2 VAV BOX COMPONENT".
   **   ~~~   ** User-Specified Minimum Cooling Air Flow Fraction of 0.31900
   **   ~~~   ** differs from Design Size Minimum Cooling Air Flow Fraction of 0.15778
   **   ~~~   ** This may, or may not, indicate mismatched component sizes.
   **   ~~~   ** Verify that the value entered is intended and is consistent with other components.
   ************* SizeHVACSingleDuct: Potential issue with equipment sizing for AirTerminal:SingleDuct:VAV:Reheat = "LIBRARY_MEDIA_CENTER_ZN_1_FLR_2 VAV BOX COMPONENT".
   **   ~~~   ** User-Specified Maximum Flow Fraction during Reheat of 0.50000 []
   **   ~~~   ** differs from Design Size Maximum Flow Fraction during Reheat of 0.42076 []
   **   ~~~   ** This may, or may not, indicate mismatched component sizes.
   **   ~~~   ** Verify that the value entered is intended and is consistent with other components.
   ************* SizeHVACSingleDuct: Potential issue with equipment sizing for AirTerminal:SingleDuct:VAV:Reheat = "MECH_ZN_1_FLR_1 VAV BOX COMPONENT".
   **   ~~~   ** User-Specified Minimum Cooling Air Flow Fraction of 1.00000E-002
   **   ~~~   ** differs from Design Size Minimum Cooling Air Flow Fraction of 0.32160
   **   ~~~   ** This may, or may not, indicate mismatched component sizes.
   **   ~~~   ** Verify that the value entered is intended and is consistent with other components.
   ************* SizeHVACSingleDuct: Potential issue with equipment sizing for AirTerminal:SingleDuct:VAV:Reheat = "MECH_ZN_1_FLR_1 VAV BOX COMPONENT".
   **   ~~~   ** User-Specified Maximum Flow Fraction during Reheat of 0.50000 []
   **   ~~~   ** differs from Design Size Maximum Flow Fraction during Reheat of 0.85761 []
   **   ~~~   ** This may, or may not, indicate mismatched component sizes.
   **   ~~~   ** Verify that the value entered is intended and is consistent with other components.
   ************* SizeHVACSingleDuct: Potential issue with equipment sizing for AirTerminal:SingleDuct:VAV:Reheat = "MECH_ZN_1_FLR_2 VAV BOX COMPONENT".
   **   ~~~   ** User-Specified Minimum Cooling Air Flow Fraction of 1.00000E-002
   **   ~~~   ** differs from Design Size Minimum Cooling Air Flow Fraction of 0.41532
   **   ~~~   ** This may, or may not, indicate mismatched component sizes.
   **   ~~~   ** Verify that the value entered is intended and is consistent with other components.
   ************* SizeHVACSingleDuct: Potential issue with equipment sizing for AirTerminal:SingleDuct:VAV:Reheat = "MECH_ZN_1_FLR_2 VAV BOX COMPONENT".
   **   ~~~   ** User-Specified Maximum Flow Fraction during Reheat of 0.50000 []
   **   ~~~   ** differs from Design Size Maximum Flow Fraction during Reheat of 1.00000 []
   **   ~~~   ** This may, or may not, indicate mismatched component sizes.
   **   ~~~   ** Verify that the value entered is intended and is consistent with other components.
   ** Warning ** Controller:MechanicalVentilation="VAV_POD_1_DCV", Zone OA/person rate
   **   ~~~   ** For Zone="CORRIDOR_POD_1_ZN_1_FLR_1".
   **   ~~~   ** Zone outside air per person rate not set in Design Specification Outdoor Air Object="SZ DSOA CORRIDOR_POD_1_ZN_1_FLR_1".
   ** Warning ** Controller:MechanicalVentilation="VAV_POD_1_DCV", Zone OA/person rate
   **   ~~~   ** For Zone="CORRIDOR_POD_1_ZN_1_FLR_2".
   **   ~~~   ** Zone outside air per person rate not set in Design Specification Outdoor Air Object="SZ DSOA CORRIDOR_POD_1_ZN_1_FLR_2".
   ** Warning ** Controller:MechanicalVentilation="VAV_POD_2_DCV", Zone OA/person rate
   **   ~~~   ** For Zone="CORRIDOR_POD_2_ZN_1_FLR_1".
   **   ~~~   ** Zone outside air per person rate not set in Design Specification Outdoor Air Object="SZ DSOA CORRIDOR_POD_2_ZN_1_FLR_1".
   ** Warning ** Controller:MechanicalVentilation="VAV_POD_2_DCV", Zone OA/person rate
   **   ~~~   ** For Zone="CORRIDOR_POD_2_ZN_1_FLR_2".
   **   ~~~   ** Zone outside air per person rate not set in Design Specification Outdoor Air Object="SZ DSOA CORRIDOR_POD_2_ZN_1_FLR_2".
   ** Warning ** Controller:MechanicalVentilation="VAV_POD_3_DCV", Zone OA/person rate
   **   ~~~   ** For Zone="CORRIDOR_POD_3_ZN_1_FLR_1".
   **   ~~~   ** Zone outside air per person rate not set in Design Specification Outdoor Air Object="SZ DSOA CORRIDOR_POD_3_ZN_1_FLR_1".
   ** Warning ** Controller:MechanicalVentilation="VAV_POD_3_DCV", Zone OA/person rate
   **   ~~~   ** For Zone="CORRIDOR_POD_3_ZN_1_FLR_2".
   **   ~~~   ** Zone outside air per person rate not set in Design Specification Outdoor Air Object="SZ DSOA CORRIDOR_POD_3_ZN_1_FLR_2".
   ** Warning ** Controller:MechanicalVentilation="VAV_OTHER_DCV", Zone OA/person rate
   **   ~~~   ** For Zone="MAIN_CORRIDOR_ZN_1_FLR_1".
   **   ~~~   ** Zone outside air per person rate not set in Design Specification Outdoor Air Object="SZ DSOA MAIN_CORRIDOR_ZN_1_FLR_1".
   ** Warning ** Controller:MechanicalVentilation="VAV_OTHER_DCV", Zone OA/person rate
   **   ~~~   ** For Zone="MAIN_CORRIDOR_ZN_1_FLR_2".
   **   ~~~   ** Zone outside air per person rate not set in Design Specification Outdoor Air Object="SZ DSOA MAIN_CORRIDOR_ZN_1_FLR_2".
   ** Warning ** Controller:MechanicalVentilation="VAV_OTHER_DCV", Zone OA/person rate
   **   ~~~   ** For Zone="LOBBY_ZN_1_FLR_1".
   **   ~~~   ** Zone outside air per person rate not set in Design Specification Outdoor Air Object="SZ DSOA LOBBY_ZN_1_FLR_1".
   ** Warning ** Controller:MechanicalVentilation="VAV_OTHER_DCV", Zone OA/person rate
   **   ~~~   ** For Zone="LOBBY_ZN_1_FLR_2".
   **   ~~~   ** Zone outside air per person rate not set in Design Specification Outdoor Air Object="SZ DSOA LOBBY_ZN_1_FLR_2".
   ** Warning ** Controller:MechanicalVentilation="VAV_OTHER_DCV", Zone OA/person rate
   **   ~~~   ** For Zone="BATHROOMS_ZN_1_FLR_1".
   **   ~~~   ** Zone outside air per person rate not set in Design Specification Outdoor Air Object="SZ DSOA BATHROOMS_ZN_1_FLR_1".
   ** Warning ** Controller:MechanicalVentilation="VAV_OTHER_DCV", Zone OA/person rate
   **   ~~~   ** For Zone="BATHROOMS_ZN_1_FLR_2".
   **   ~~~   ** Zone outside air per person rate not set in Design Specification Outdoor Air Object="SZ DSOA BATHROOMS_ZN_1_FLR_2".
   ** Warning ** Controller:MechanicalVentilation="VAV_OTHER_DCV", Zone OA/person rate
   **   ~~~   ** For Zone="OFFICES_ZN_1_FLR_1".
   **   ~~~   ** Zone outside air per person rate not set in Design Specification Outdoor Air Object="SZ DSOA OFFICES_ZN_1_FLR_1".
   ** Warning ** Controller:MechanicalVentilation="VAV_OTHER_DCV", Zone OA/person rate
   **   ~~~   ** For Zone="OFFICES_ZN_1_FLR_2".
   **   ~~~   ** Zone outside air per person rate not set in Design Specification Outdoor Air Object="SZ DSOA OFFICES_ZN_1_FLR_2".
   ** Warning ** Controller:MechanicalVentilation="VAV_OTHER_DCV", Zone OA/person rate
   **   ~~~   ** For Zone="LIBRARY_MEDIA_CENTER_ZN_1_FLR_2".
   **   ~~~   ** Zone outside air per person rate not set in Design Specification Outdoor Air Object="SZ DSOA LIBRARY_MEDIA_CENTER_ZN_1_FLR_2".
   ** Warning ** Controller:MechanicalVentilation="VAV_OTHER_DCV", Zone OA/person rate
   **   ~~~   ** For Zone="MECH_ZN_1_FLR_1".
   **   ~~~   ** Zone outside air per person rate not set in Design Specification Outdoor Air Object="SZ DSOA MECH_ZN_1_FLR_1".
   ** Warning ** Controller:MechanicalVentilation="VAV_OTHER_DCV", Zone OA/person rate
   **   ~~~   ** For Zone="MECH_ZN_1_FLR_2".
   **   ~~~   ** Zone outside air per person rate not set in Design Specification Outdoor Air Object="SZ DSOA MECH_ZN_1_FLR_2".
   ** Warning ** In calculating the design coil UA for Coil:Cooling:Water VAV_POD_1 COOLING COIL
   **   ~~~   ** the coil bypass factor is unrealistically large;
   **   ~~~   ** The initial design conditions are: Tair,in = 30.3000
   **   ~~~   **                                    Wair,in = 1.336696E-002
   **   ~~~   **                                    Twater,in = 6.6700
   **   ~~~   **                                    Tair,out = 10.9200
   **   ~~~   **                                    Wair,out = 8.500000E-003
   ** Warning ** In calculating the design coil UA for Coil:Cooling:Water VAV_POD_2 COOLING COIL
   **   ~~~   ** the coil bypass factor is unrealistically large;
   **   ~~~   ** The initial design conditions are: Tair,in = 30.3000
   **   ~~~   **                                    Wair,in = 1.336696E-002
   **   ~~~   **                                    Twater,in = 6.6700
   **   ~~~   **                                    Tair,out = 10.9200
   **   ~~~   **                                    Wair,out = 8.500000E-003
   ** Warning ** In calculating the design coil UA for Coil:Cooling:Water VAV_POD_3 COOLING COIL
   **   ~~~   ** the coil bypass factor is unrealistically large;
   **   ~~~   ** The initial design conditions are: Tair,in = 30.3000
   **   ~~~   **                                    Wair,in = 1.336696E-002
   **   ~~~   **                                    Twater,in = 6.6700
   **   ~~~   **                                    Tair,out = 10.9200
   **   ~~~   **                                    Wair,out = 8.500000E-003
   ** Warning ** In calculating the design coil UA for Coil:Cooling:Water VAV_OTHER COOLING COIL
   **   ~~~   ** the coil bypass factor is unrealistically large;
   **   ~~~   ** The initial design conditions are: Tair,in = 26.4643
   **   ~~~   **                                    Wair,in = 1.085523E-002
   **   ~~~   **                                    Twater,in = 6.6700
   **   ~~~   **                                    Tair,out = 10.9115
   **   ~~~   **                                    Wair,out = 8.500000E-003
   ************* SizeDXCoil: Potential issue with equipment sizing for Coil:Cooling:DX:MultiSpeed PSZ-AC_3:7 COOLING COIL
   **   ~~~   ** User-Specified Speed 2 Gross Rated Cooling COP [m3/s] = 9.54857
   **   ~~~   ** differs from Design Size Speed 2 Gross Rated Cooling COP [m3/s] = 5.49577
   **   ~~~   ** This may, or may not, indicate mismatched component sizes.
   **   ~~~   ** Verify that the value entered is intended and is consistent with other components.
   ************* SizeDXCoil: Potential issue with equipment sizing for Coil:Cooling:DX:MultiSpeed PSZ-AC_3:7 COOLING COIL
   **   ~~~   ** User-Specified Speed 1 Rated Air Flow Rate [m3/s] = 6.36571
   **   ~~~   ** differs from Design Size Speed 1 Rated Air Flow Rate [m3/s] = 2.74789
   **   ~~~   ** This may, or may not, indicate mismatched component sizes.
   **   ~~~   ** Verify that the value entered is intended and is consistent with other components.
   ************* SizeDXCoil: Potential issue with equipment sizing for Coil:Cooling:DX:MultiSpeed PSZ-AC_3:7 COOLING COIL
   **   ~~~   ** User-Specified Speed 1 Rated Evaporative Condenser Pump Power Consumption [W] = 237113.67000
   **   ~~~   ** differs from Design Size Speed 1 Rated Evaporative Condenser Pump Power Consumption [W] = 158062.73796
   **   ~~~   ** This may, or may not, indicate mismatched component sizes.
   **   ~~~   ** Verify that the value entered is intended and is consistent with other components.
   ************* SizeDXCoil: Potential issue with equipment sizing for Coil:Cooling:DX:MultiSpeed PSZ-AC_3:7 COOLING COIL
   **   ~~~   ** User-Specified Speed 1 Gross Rated Total Cooling Capacity [W] = 118556.83500
   **   ~~~   ** differs from Design Size Speed 1 Gross Rated Total Cooling Capacity [W] = 79031.36898
   **   ~~~   ** This may, or may not, indicate mismatched component sizes.
   **   ~~~   ** Verify that the value entered is intended and is consistent with other components.
   ** Warning ** The Standard Ratings is calculated for Coil:Cooling:DX:MultiSpeed = PSZ-AC_3:7 COOLING COIL but not at the AHRI test condition due to curve out of bound.
   **   ~~~   **  Review the Standard Ratings calculations in the Engineering Reference for this coil type. Also, use Output:Diagnostics, DisplayExtraWarnings for further guidance.
   **   ~~~   ** CheckCurveLimitsForStandardRatings: The max and/or min limits specified in the corresponding curve objects
   **   ~~~   **  do not include the AHRI test conditions required to calculate one or more of the Standard Rating values.
   **   ~~~   ** Coil:Cooling:DX:MultiSpeed=PSZ-AC_3:7 COOLING COIL:  The Seasonal Energy Efficiency Ratio (SEER) calculated is not at the AHRI test condition.
   **   ~~~   **  Check limits in Total Cooling Capacity Function of Temperature Curve, Curve Type = Curve:Biquadratic, Curve Name = LGDX_CAPFT
   **   ~~~   **  Check limits in Energy Input Ratio Function of Temperature Curve, Curve Type = Curve:Biquadratic, Curve Name = LGDX_EIRFT
   ** Warning ** The Standard Ratings is calculated for Coil:Cooling:DX:MultiSpeed = PSZ-AC_3:7 COOLING COIL but not at the AHRI test condition due to curve out of bound.
   **   ~~~   **  Review the Standard Ratings calculations in the Engineering Reference for this coil type. Also, use Output:Diagnostics, DisplayExtraWarnings for further guidance.
   **   ~~~   ** CheckCurveLimitsForStandardRatings: The max and/or min limits specified in the corresponding curve objects
   **   ~~~   **  do not include the AHRI test conditions required to calculate one or more of the Standard Rating values.
   **   ~~~   ** Coil:Cooling:DX:MultiSpeed=PSZ-AC_3:7 COOLING COIL:  The Seasonal Energy Efficiency Ratio (SEER) calculated is not at the AHRI test condition.
   **   ~~~   **  Check limits in Total Cooling Capacity Function of Temperature Curve, Curve Type = Curve:Biquadratic, Curve Name = LGDX_CAPFT
   **   ~~~   **  Check limits in Energy Input Ratio Function of Temperature Curve, Curve Type = Curve:Biquadratic, Curve Name = LGDX_EIRFT
   ************* SizeDXCoil: Potential issue with equipment sizing for Coil:Cooling:DX:MultiSpeed PSZ-AC_1:5 COOLING COIL
   **   ~~~   ** User-Specified Speed 2 Gross Rated Cooling COP [m3/s] = 8.21077
   **   ~~~   ** differs from Design Size Speed 2 Gross Rated Cooling COP [m3/s] = 4.61513
   **   ~~~   ** This may, or may not, indicate mismatched component sizes.
   **   ~~~   ** Verify that the value entered is intended and is consistent with other components.
   ************* SizeDXCoil: Potential issue with equipment sizing for Coil:Cooling:DX:MultiSpeed PSZ-AC_1:5 COOLING COIL
   **   ~~~   ** User-Specified Speed 1 Rated Air Flow Rate [m3/s] = 5.47385
   **   ~~~   ** differs from Design Size Speed 1 Rated Air Flow Rate [m3/s] = 2.30757
   **   ~~~   ** This may, or may not, indicate mismatched component sizes.
   **   ~~~   ** Verify that the value entered is intended and is consistent with other components.
   ************* SizeDXCoil: Potential issue with equipment sizing for Coil:Cooling:DX:MultiSpeed PSZ-AC_1:5 COOLING COIL
   **   ~~~   ** User-Specified Speed 1 Rated Evaporative Condenser Pump Power Consumption [W] = 203892.95000
   **   ~~~   ** differs from Design Size Speed 1 Rated Evaporative Condenser Pump Power Consumption [W] = 135917.39778
   **   ~~~   ** This may, or may not, indicate mismatched component sizes.
   **   ~~~   ** Verify that the value entered is intended and is consistent with other components.
   ************* SizeDXCoil: Potential issue with equipment sizing for Coil:Cooling:DX:MultiSpeed PSZ-AC_1:5 COOLING COIL
   **   ~~~   ** User-Specified Speed 1 Gross Rated Total Cooling Capacity [W] = 101946.47500
   **   ~~~   ** differs from Design Size Speed 1 Gross Rated Total Cooling Capacity [W] = 67958.69889
   **   ~~~   ** This may, or may not, indicate mismatched component sizes.
   **   ~~~   ** Verify that the value entered is intended and is consistent with other components.
   ** Warning ** The Standard Ratings is calculated for Coil:Cooling:DX:MultiSpeed = PSZ-AC_1:5 COOLING COIL but not at the AHRI test condition due to curve out of bound.
   **   ~~~   **  Review the Standard Ratings calculations in the Engineering Reference for this coil type. Also, use Output:Diagnostics, DisplayExtraWarnings for further guidance.
   **   ~~~   ** CheckCurveLimitsForStandardRatings: The max and/or min limits specified in the corresponding curve objects
   **   ~~~   **  do not include the AHRI test conditions required to calculate one or more of the Standard Rating values.
   **   ~~~   ** Coil:Cooling:DX:MultiSpeed=PSZ-AC_1:5 COOLING COIL:  The Seasonal Energy Efficiency Ratio (SEER) calculated is not at the AHRI test condition.
   **   ~~~   **  Check limits in Total Cooling Capacity Function of Temperature Curve, Curve Type = Curve:Biquadratic, Curve Name = LGDX_CAPFT
   **   ~~~   **  Check limits in Energy Input Ratio Function of Temperature Curve, Curve Type = Curve:Biquadratic, Curve Name = LGDX_EIRFT
   ** Warning ** The Standard Ratings is calculated for Coil:Cooling:DX:MultiSpeed = PSZ-AC_1:5 COOLING COIL but not at the AHRI test condition due to curve out of bound.
   **   ~~~   **  Review the Standard Ratings calculations in the Engineering Reference for this coil type. Also, use Output:Diagnostics, DisplayExtraWarnings for further guidance.
   **   ~~~   ** CheckCurveLimitsForStandardRatings: The max and/or min limits specified in the corresponding curve objects
   **   ~~~   **  do not include the AHRI test conditions required to calculate one or more of the Standard Rating values.
   **   ~~~   ** Coil:Cooling:DX:MultiSpeed=PSZ-AC_1:5 COOLING COIL:  The Seasonal Energy Efficiency Ratio (SEER) calculated is not at the AHRI test condition.
   **   ~~~   **  Check limits in Total Cooling Capacity Function of Temperature Curve, Curve Type = Curve:Biquadratic, Curve Name = LGDX_CAPFT
   **   ~~~   **  Check limits in Energy Input Ratio Function of Temperature Curve, Curve Type = Curve:Biquadratic, Curve Name = LGDX_EIRFT
   ************* SizeDXCoil: Potential issue with equipment sizing for Coil:Cooling:DX:MultiSpeed PSZ-AC_2:6 COOLING COIL
   **   ~~~   ** User-Specified Speed 2 Gross Rated Cooling COP [m3/s] = 6.66805
   **   ~~~   ** differs from Design Size Speed 2 Gross Rated Cooling COP [m3/s] = 3.98055
   **   ~~~   ** This may, or may not, indicate mismatched component sizes.
   **   ~~~   ** Verify that the value entered is intended and is consistent with other components.
   ************* SizeDXCoil: Potential issue with equipment sizing for Coil:Cooling:DX:MultiSpeed PSZ-AC_2:6 COOLING COIL
   **   ~~~   ** User-Specified Speed 1 Rated Air Flow Rate [m3/s] = 4.44537
   **   ~~~   ** differs from Design Size Speed 1 Rated Air Flow Rate [m3/s] = 1.99028
   **   ~~~   ** This may, or may not, indicate mismatched component sizes.
   **   ~~~   ** Verify that the value entered is intended and is consistent with other components.
   ************* SizeDXCoil: Potential issue with equipment sizing for Coil:Cooling:DX:MultiSpeed PSZ-AC_2:6 COOLING COIL
   **   ~~~   ** User-Specified Speed 1 Rated Evaporative Condenser Pump Power Consumption [W] = 158147.48000
   **   ~~~   ** differs from Design Size Speed 1 Rated Evaporative Condenser Pump Power Consumption [W] = 110379.90399
   **   ~~~   ** This may, or may not, indicate mismatched component sizes.
   **   ~~~   ** Verify that the value entered is intended and is consistent with other components.
   ************* SizeDXCoil: Potential issue with equipment sizing for Coil:Cooling:DX:MultiSpeed PSZ-AC_2:6 COOLING COIL
   **   ~~~   ** User-Specified Speed 1 Gross Rated Total Cooling Capacity [W] = 79073.74000
   **   ~~~   ** differs from Design Size Speed 1 Gross Rated Total Cooling Capacity [W] = 55189.95199
   **   ~~~   ** This may, or may not, indicate mismatched component sizes.
   **   ~~~   ** Verify that the value entered is intended and is consistent with other components.
   ** Warning ** The Standard Ratings is calculated for Coil:Cooling:DX:MultiSpeed = PSZ-AC_2:6 COOLING COIL but not at the AHRI test condition due to curve out of bound.
   **   ~~~   **  Review the Standard Ratings calculations in the Engineering Reference for this coil type. Also, use Output:Diagnostics, DisplayExtraWarnings for further guidance.
   **   ~~~   ** CheckCurveLimitsForStandardRatings: The max and/or min limits specified in the corresponding curve objects
   **   ~~~   **  do not include the AHRI test conditions required to calculate one or more of the Standard Rating values.
   **   ~~~   ** Coil:Cooling:DX:MultiSpeed=PSZ-AC_2:6 COOLING COIL:  The Seasonal Energy Efficiency Ratio (SEER) calculated is not at the AHRI test condition.
   **   ~~~   **  Check limits in Total Cooling Capacity Function of Temperature Curve, Curve Type = Curve:Biquadratic, Curve Name = LGDX_CAPFT
   **   ~~~   **  Check limits in Energy Input Ratio Function of Temperature Curve, Curve Type = Curve:Biquadratic, Curve Name = LGDX_EIRFT
   ** Warning ** The Standard Ratings is calculated for Coil:Cooling:DX:MultiSpeed = PSZ-AC_2:6 COOLING COIL but not at the AHRI test condition due to curve out of bound.
   **   ~~~   **  Review the Standard Ratings calculations in the Engineering Reference for this coil type. Also, use Output:Diagnostics, DisplayExtraWarnings for further guidance.
   **   ~~~   ** CheckCurveLimitsForStandardRatings: The max and/or min limits specified in the corresponding curve objects
   **   ~~~   **  do not include the AHRI test conditions required to calculate one or more of the Standard Rating values.
   **   ~~~   ** Coil:Cooling:DX:MultiSpeed=PSZ-AC_2:6 COOLING COIL:  The Seasonal Energy Efficiency Ratio (SEER) calculated is not at the AHRI test condition.
   **   ~~~   **  Check limits in Total Cooling Capacity Function of Temperature Curve, Curve Type = Curve:Biquadratic, Curve Name = LGDX_CAPFT
   **   ~~~   **  Check limits in Energy Input Ratio Function of Temperature Curve, Curve Type = Curve:Biquadratic, Curve Name = LGDX_EIRFT
   ************* SizeDXCoil: Potential issue with equipment sizing for Coil:Cooling:DX:MultiSpeed PSZ-AC_4:8 COOLING COIL
   **   ~~~   ** User-Specified Speed 2 Gross Rated Cooling COP [m3/s] = 1.90575
   **   ~~~   ** differs from Design Size Speed 2 Gross Rated Cooling COP [m3/s] = 1.13781
   **   ~~~   ** This may, or may not, indicate mismatched component sizes.
   **   ~~~   ** Verify that the value entered is intended and is consistent with other components.
   ************* SizeDXCoil: Potential issue with equipment sizing for Coil:Cooling:DX:MultiSpeed PSZ-AC_4:8 COOLING COIL
   **   ~~~   ** User-Specified Speed 1 Rated Air Flow Rate [m3/s] = 1.27050
   **   ~~~   ** differs from Design Size Speed 1 Rated Air Flow Rate [m3/s] = 0.56890
   **   ~~~   ** This may, or may not, indicate mismatched component sizes.
   **   ~~~   ** Verify that the value entered is intended and is consistent with other components.
   ************* SizeDXCoil: Potential issue with equipment sizing for Coil:Cooling:DX:MultiSpeed PSZ-AC_4:8 COOLING COIL
   **   ~~~   ** User-Specified Speed 1 Rated Evaporative Condenser Pump Power Consumption [W] = 45788.86000
   **   ~~~   ** differs from Design Size Speed 1 Rated Evaporative Condenser Pump Power Consumption [W] = 31546.92932
   **   ~~~   ** This may, or may not, indicate mismatched component sizes.
   **   ~~~   ** Verify that the value entered is intended and is consistent with other components.
   ************* SizeDXCoil: Potential issue with equipment sizing for Coil:Cooling:DX:MultiSpeed PSZ-AC_4:8 COOLING COIL
   **   ~~~   ** User-Specified Speed 1 Gross Rated Total Cooling Capacity [W] = 22894.43000
   **   ~~~   ** differs from Design Size Speed 1 Gross Rated Total Cooling Capacity [W] = 15773.46466
   **   ~~~   ** This may, or may not, indicate mismatched component sizes.
   **   ~~~   ** Verify that the value entered is intended and is consistent with other components.
   ** Warning ** The Standard Ratings is calculated for Coil:Cooling:DX:MultiSpeed = PSZ-AC_4:8 COOLING COIL but not at the AHRI test condition due to curve out of bound.
   **   ~~~   **  Review the Standard Ratings calculations in the Engineering Reference for this coil type. Also, use Output:Diagnostics, DisplayExtraWarnings for further guidance.
   **   ~~~   ** CheckCurveLimitsForStandardRatings: The max and/or min limits specified in the corresponding curve objects
   **   ~~~   **  do not include the AHRI test conditions required to calculate one or more of the Standard Rating values.
   **   ~~~   ** Coil:Cooling:DX:MultiSpeed=PSZ-AC_4:8 COOLING COIL:  The Seasonal Energy Efficiency Ratio (SEER) calculated is not at the AHRI test condition.
   **   ~~~   **  Check limits in Total Cooling Capacity Function of Temperature Curve, Curve Type = Curve:Biquadratic, Curve Name = LGDX_CAPFT
   **   ~~~   **  Check limits in Energy Input Ratio Function of Temperature Curve, Curve Type = Curve:Biquadratic, Curve Name = LGDX_EIRFT
   ** Warning ** The Standard Ratings is calculated for Coil:Cooling:DX:MultiSpeed = PSZ-AC_4:8 COOLING COIL but not at the AHRI test condition due to curve out of bound.
   **   ~~~   **  Review the Standard Ratings calculations in the Engineering Reference for this coil type. Also, use Output:Diagnostics, DisplayExtraWarnings for further guidance.
   **   ~~~   ** CheckCurveLimitsForStandardRatings: The max and/or min limits specified in the corresponding curve objects
   **   ~~~   **  do not include the AHRI test conditions required to calculate one or more of the Standard Rating values.
   **   ~~~   ** Coil:Cooling:DX:MultiSpeed=PSZ-AC_4:8 COOLING COIL:  The Seasonal Energy Efficiency Ratio (SEER) calculated is not at the AHRI test condition.
   **   ~~~   **  Check limits in Total Cooling Capacity Function of Temperature Curve, Curve Type = Curve:Biquadratic, Curve Name = LGDX_CAPFT
   **   ~~~   **  Check limits in Energy Input Ratio Function of Temperature Curve, Curve Type = Curve:Biquadratic, Curve Name = LGDX_EIRFT
   ************* SizeDXCoil: Potential issue with equipment sizing for Coil:Cooling:DX:MultiSpeed PSZ-AC_5:9 COOLING COIL
   **   ~~~   ** User-Specified Speed 2 Gross Rated Cooling COP [m3/s] = 4.54816
   **   ~~~   ** differs from Design Size Speed 2 Gross Rated Cooling COP [m3/s] = 2.47782
   **   ~~~   ** This may, or may not, indicate mismatched component sizes.
   **   ~~~   ** Verify that the value entered is intended and is consistent with other components.
   ************* SizeDXCoil: Potential issue with equipment sizing for Coil:Cooling:DX:MultiSpeed PSZ-AC_5:9 COOLING COIL
   **   ~~~   ** User-Specified Speed 1 Rated Air Flow Rate [m3/s] = 3.03211
   **   ~~~   ** differs from Design Size Speed 1 Rated Air Flow Rate [m3/s] = 1.23891
   **   ~~~   ** This may, or may not, indicate mismatched component sizes.
   **   ~~~   ** Verify that the value entered is intended and is consistent with other components.
   ************* SizeDXCoil: Potential issue with equipment sizing for Coil:Cooling:DX:MultiSpeed PSZ-AC_5:9 COOLING COIL
   **   ~~~   ** User-Specified Speed 1 Rated Evaporative Condenser Pump Power Consumption [W] = 112941.66000
   **   ~~~   ** differs from Design Size Speed 1 Rated Evaporative Condenser Pump Power Consumption [W] = 75288.19732
   **   ~~~   ** This may, or may not, indicate mismatched component sizes.
   **   ~~~   ** Verify that the value entered is intended and is consistent with other components.
   ************* SizeDXCoil: Potential issue with equipment sizing for Coil:Cooling:DX:MultiSpeed PSZ-AC_5:9 COOLING COIL
   **   ~~~   ** User-Specified Speed 1 Gross Rated Total Cooling Capacity [W] = 56470.83000
   **   ~~~   ** differs from Design Size Speed 1 Gross Rated Total Cooling Capacity [W] = 37644.09866
   **   ~~~   ** This may, or may not, indicate mismatched component sizes.
   **   ~~~   ** Verify that the value entered is intended and is consistent with other components.
   ** Warning ** The Standard Ratings is calculated for Coil:Cooling:DX:MultiSpeed = PSZ-AC_5:9 COOLING COIL but not at the AHRI test condition due to curve out of bound.
   **   ~~~   **  Review the Standard Ratings calculations in the Engineering Reference for this coil type. Also, use Output:Diagnostics, DisplayExtraWarnings for further guidance.
   **   ~~~   ** CheckCurveLimitsForStandardRatings: The max and/or min limits specified in the corresponding curve objects
   **   ~~~   **  do not include the AHRI test conditions required to calculate one or more of the Standard Rating values.
   **   ~~~   ** Coil:Cooling:DX:MultiSpeed=PSZ-AC_5:9 COOLING COIL:  The Seasonal Energy Efficiency Ratio (SEER) calculated is not at the AHRI test condition.
   **   ~~~   **  Check limits in Total Cooling Capacity Function of Temperature Curve, Curve Type = Curve:Biquadratic, Curve Name = LGDX_CAPFT
   **   ~~~   **  Check limits in Energy Input Ratio Function of Temperature Curve, Curve Type = Curve:Biquadratic, Curve Name = LGDX_EIRFT
   ** Warning ** The Standard Ratings is calculated for Coil:Cooling:DX:MultiSpeed = PSZ-AC_5:9 COOLING COIL but not at the AHRI test condition due to curve out of bound.
   **   ~~~   **  Review the Standard Ratings calculations in the Engineering Reference for this coil type. Also, use Output:Diagnostics, DisplayExtraWarnings for further guidance.
   **   ~~~   ** CheckCurveLimitsForStandardRatings: The max and/or min limits specified in the corresponding curve objects
   **   ~~~   **  do not include the AHRI test conditions required to calculate one or more of the Standard Rating values.
   **   ~~~   ** Coil:Cooling:DX:MultiSpeed=PSZ-AC_5:9 COOLING COIL:  The Seasonal Energy Efficiency Ratio (SEER) calculated is not at the AHRI test condition.
   **   ~~~   **  Check limits in Total Cooling Capacity Function of Temperature Curve, Curve Type = Curve:Biquadratic, Curve Name = LGDX_CAPFT
   **   ~~~   **  Check limits in Energy Input Ratio Function of Temperature Curve, Curve Type = Curve:Biquadratic, Curve Name = LGDX_EIRFT
   ** Warning ** For zone=KITCHEN_ZN_1_FLR_1 return air cooling by refrigerated cases will be applied to the zone air.
   **   ~~~   **   This zone has no return air or is served by an on/off HVAC system.
   ** Warning ** Coil:Cooling:DX:MultiSpeed "PSZ-AC_5:9 COOLING COIL" - Air volume flow rate per watt of rated total cooling capacity is out of range at speed 2.
   **   ~~~   **  During Warmup, Environment=BUFFALO.NIAGARA.INTL.AP_NY_USA ANN CLG .4% CONDNS DB=>MWB, at Simulation time=07/21 00:00 - 00:10
   **   ~~~   ** Expected range for VolumeFlowPerRatedTotalCapacity=[2.684E-005--6.713E-005] Current value is 2.240E-005 m3/s/W
   **   ~~~   ** Possible causes include inconsistent air flow rates in system components or
   **   ~~~   ** inconsistent supply air fan operation modes in coil and unitary system objects.
   ** Warning ** Coil:Cooling:DX:MultiSpeed "PSZ-AC_3:7 COOLING COIL" - Air volume flow rate per watt of rated total cooling capacity is out of range at speed 2.
   **   ~~~   **  During Warmup, Environment=BUFFALO.NIAGARA.INTL.AP_NY_USA ANN CLG .4% CONDNS DB=>MWB, at Simulation time=07/21 23:50 - 24:00
   **   ~~~   ** Expected range for VolumeFlowPerRatedTotalCapacity=[2.684E-005--6.713E-005] Current value is 2.404E-005 m3/s/W
   **   ~~~   ** Possible causes include inconsistent air flow rates in system components or
   **   ~~~   ** inconsistent supply air fan operation modes in coil and unitary system objects.
   ** Warning ** Coil:Cooling:DX:MultiSpeed "PSZ-AC_4:8 COOLING COIL" - Air volume flow rate per watt of rated total cooling capacity is out of range at speed 2.
   **   ~~~   **  During Warmup, Environment=BUFFALO.NIAGARA.INTL.AP_NY_USA ANN CLG .4% CONDNS DB=>MWB, at Simulation time=07/21 23:50 - 24:00
   **   ~~~   ** Expected range for VolumeFlowPerRatedTotalCapacity=[2.684E-005--6.713E-005] Current value is 2.575E-005 m3/s/W
   **   ~~~   ** Possible causes include inconsistent air flow rates in system components or
   **   ~~~   ** inconsistent supply air fan operation modes in coil and unitary system objects.
   ************* Testing Individual Branch Integrity
   ************* All Branches passed integrity testing
   ************* Testing Individual Supply Air Path Integrity
   ************* All Supply Air Paths passed integrity testing
   ************* Testing Individual Return Air Path Integrity
   ************* All Return Air Paths passed integrity testing
   ************* No node connection errors were found.
   ************* Beginning Simulation
   ** Severe  ** CheckWarmupConvergence: Loads Initialization, Zone="CORNER_CLASS_1_POD_1_ZN_1_FLR_2" did not converge after 25 warmup days.
   **   ~~~   ** See Warmup Convergence Information in .eio file for details.
   **   ~~~   ** ...Environment(RunPeriod)="RUNPERIOD 1"
   **   ~~~   ** ..Max Temp Comparison = 3.56E-003 vs Temperature Convergence Tolerance=0.20 - Pass Convergence
   **   ~~~   ** ..Min Temp Comparison = 5.28E-004 vs Temperature Convergence Tolerance=0.20 - Pass Convergence
   **   ~~~   ** ..Max Heat Load Comparison = 4.9063E-002 vs Loads Convergence Tolerance=4.00E-002 - Fail Convergence
   **   ~~~   ** ..Max Cool Load Comparison = 0.0000 vs Loads Convergence Tolerance=4.00E-002 - Pass Convergence
   ** Severe  ** CheckWarmupConvergence: Loads Initialization, Zone="MULT_CLASS_1_POD_1_ZN_1_FLR_2" did not converge after 25 warmup days.
   **   ~~~   ** ...Environment(RunPeriod)="RUNPERIOD 1"
   **   ~~~   ** ..Max Temp Comparison = 8.89E-003 vs Temperature Convergence Tolerance=0.20 - Pass Convergence
   **   ~~~   ** ..Min Temp Comparison = 6.26E-004 vs Temperature Convergence Tolerance=0.20 - Pass Convergence
   **   ~~~   ** ..Max Heat Load Comparison = 4.9624E-002 vs Loads Convergence Tolerance=4.00E-002 - Fail Convergence
   **   ~~~   ** ..Max Cool Load Comparison = 3.0377E-002 vs Loads Convergence Tolerance=4.00E-002 - Pass Convergence
   ** Severe  ** CheckWarmupConvergence: Loads Initialization, Zone="CORNER_CLASS_1_POD_2_ZN_1_FLR_2" did not converge after 25 warmup days.
   **   ~~~   ** ...Environment(RunPeriod)="RUNPERIOD 1"
   **   ~~~   ** ..Max Temp Comparison = 2.72E-003 vs Temperature Convergence Tolerance=0.20 - Pass Convergence
   **   ~~~   ** ..Min Temp Comparison = 8.30E-004 vs Temperature Convergence Tolerance=0.20 - Pass Convergence
   **   ~~~   ** ..Max Heat Load Comparison = 4.7245E-002 vs Loads Convergence Tolerance=4.00E-002 - Fail Convergence
   **   ~~~   ** ..Max Cool Load Comparison = 0.0000 vs Loads Convergence Tolerance=4.00E-002 - Pass Convergence
   ** Severe  ** CheckWarmupConvergence: Loads Initialization, Zone="MULT_CLASS_1_POD_2_ZN_1_FLR_2" did not converge after 25 warmup days.
   **   ~~~   ** ...Environment(RunPeriod)="RUNPERIOD 1"
   **   ~~~   ** ..Max Temp Comparison = 6.97E-004 vs Temperature Convergence Tolerance=0.20 - Pass Convergence
   **   ~~~   ** ..Min Temp Comparison = 4.93E-004 vs Temperature Convergence Tolerance=0.20 - Pass Convergence
   **   ~~~   ** ..Max Heat Load Comparison = 4.6628E-002 vs Loads Convergence Tolerance=4.00E-002 - Fail Convergence
   **   ~~~   ** ..Max Cool Load Comparison = 0.0000 vs Loads Convergence Tolerance=4.00E-002 - Pass Convergence
   ** Severe  ** CheckWarmupConvergence: Loads Initialization, Zone="CORNER_CLASS_1_POD_3_ZN_1_FLR_2" did not converge after 25 warmup days.
   **   ~~~   ** ...Environment(RunPeriod)="RUNPERIOD 1"
   **   ~~~   ** ..Max Temp Comparison = 1.59E-004 vs Temperature Convergence Tolerance=0.20 - Pass Convergence
   **   ~~~   ** ..Min Temp Comparison = 1.31E-004 vs Temperature Convergence Tolerance=0.20 - Pass Convergence
   **   ~~~   ** ..Max Heat Load Comparison = 4.2503E-002 vs Loads Convergence Tolerance=4.00E-002 - Fail Convergence
   **   ~~~   ** ..Max Cool Load Comparison = 0.0000 vs Loads Convergence Tolerance=4.00E-002 - Pass Convergence
   ** Severe  ** CheckWarmupConvergence: Loads Initialization, Zone="MULT_CLASS_1_POD_3_ZN_1_FLR_2" did not converge after 25 warmup days.
   **   ~~~   ** ...Environment(RunPeriod)="RUNPERIOD 1"
   **   ~~~   ** ..Max Temp Comparison = 1.23E-002 vs Temperature Convergence Tolerance=0.20 - Pass Convergence
   **   ~~~   ** ..Min Temp Comparison = 7.38E-004 vs Temperature Convergence Tolerance=0.20 - Pass Convergence
   **   ~~~   ** ..Max Heat Load Comparison = 5.3924E-002 vs Loads Convergence Tolerance=4.00E-002 - Fail Convergence
   **   ~~~   ** ..Max Cool Load Comparison = 2.8600E-002 vs Loads Convergence Tolerance=4.00E-002 - Pass Convergence
   ** Severe  ** CheckWarmupConvergence: Loads Initialization, Zone="MULT_CLASS_2_POD_3_ZN_1_FLR_2" did not converge after 25 warmup days.
   **   ~~~   ** ...Environment(RunPeriod)="RUNPERIOD 1"
   **   ~~~   ** ..Max Temp Comparison = 8.73E-004 vs Temperature Convergence Tolerance=0.20 - Pass Convergence
   **   ~~~   ** ..Min Temp Comparison = 5.02E-004 vs Temperature Convergence Tolerance=0.20 - Pass Convergence
   **   ~~~   ** ..Max Heat Load Comparison = 4.9030E-002 vs Loads Convergence Tolerance=4.00E-002 - Fail Convergence
   **   ~~~   ** ..Max Cool Load Comparison = 0.0000 vs Loads Convergence Tolerance=4.00E-002 - Pass Convergence
   ** Severe  ** CheckWarmupConvergence: Loads Initialization, Zone="MAIN_CORRIDOR_ZN_1_FLR_2" did not converge after 25 warmup days.
   **   ~~~   ** ...Environment(RunPeriod)="RUNPERIOD 1"
   **   ~~~   ** ..Max Temp Comparison = 2.53E-004 vs Temperature Convergence Tolerance=0.20 - Pass Convergence
   **   ~~~   ** ..Min Temp Comparison = 6.37E-004 vs Temperature Convergence Tolerance=0.20 - Pass Convergence
   **   ~~~   ** ..Max Heat Load Comparison = 7.0965E-002 vs Loads Convergence Tolerance=4.00E-002 - Fail Convergence
   **   ~~~   ** ..Max Cool Load Comparison = 0.0000 vs Loads Convergence Tolerance=4.00E-002 - Pass Convergence
   ** Severe  ** CheckWarmupConvergence: Loads Initialization, Zone="LOBBY_ZN_1_FLR_1" did not converge after 25 warmup days.
   **   ~~~   ** ...Environment(RunPeriod)="RUNPERIOD 1"
   **   ~~~   ** ..Max Temp Comparison = 5.11E-004 vs Temperature Convergence Tolerance=0.20 - Pass Convergence
   **   ~~~   ** ..Min Temp Comparison = 4.01E-004 vs Temperature Convergence Tolerance=0.20 - Pass Convergence
   **   ~~~   ** ..Max Heat Load Comparison = 0.1171 vs Loads Convergence Tolerance=4.00E-002 - Fail Convergence
   **   ~~~   ** ..Max Cool Load Comparison = 0.0000 vs Loads Convergence Tolerance=4.00E-002 - Pass Convergence
   ** Severe  ** CheckWarmupConvergence: Loads Initialization, Zone="LOBBY_ZN_1_FLR_2" did not converge after 25 warmup days.
   **   ~~~   ** ...Environment(RunPeriod)="RUNPERIOD 1"
   **   ~~~   ** ..Max Temp Comparison = 1.12E-003 vs Temperature Convergence Tolerance=0.20 - Pass Convergence
   **   ~~~   ** ..Min Temp Comparison = 3.41E-004 vs Temperature Convergence Tolerance=0.20 - Pass Convergence
   **   ~~~   ** ..Max Heat Load Comparison = 0.1512 vs Loads Convergence Tolerance=4.00E-002 - Fail Convergence
   **   ~~~   ** ..Max Cool Load Comparison = 0.0000 vs Loads Convergence Tolerance=4.00E-002 - Pass Convergence
   ** Severe  ** CheckWarmupConvergence: Loads Initialization, Zone="OFFICES_ZN_1_FLR_1" did not converge after 25 warmup days.
   **   ~~~   ** ...Environment(RunPeriod)="RUNPERIOD 1"
   **   ~~~   ** ..Max Temp Comparison = 1.88E-003 vs Temperature Convergence Tolerance=0.20 - Pass Convergence
   **   ~~~   ** ..Min Temp Comparison = 2.06E-003 vs Temperature Convergence Tolerance=0.20 - Pass Convergence
   **   ~~~   ** ..Max Heat Load Comparison = 0.1063 vs Loads Convergence Tolerance=4.00E-002 - Fail Convergence
   **   ~~~   ** ..Max Cool Load Comparison = 0.0000 vs Loads Convergence Tolerance=4.00E-002 - Pass Convergence
   ** Severe  ** CheckWarmupConvergence: Loads Initialization, Zone="OFFICES_ZN_1_FLR_2" did not converge after 25 warmup days.
   **   ~~~   ** ...Environment(RunPeriod)="RUNPERIOD 1"
   **   ~~~   ** ..Max Temp Comparison = 1.38E-004 vs Temperature Convergence Tolerance=0.20 - Pass Convergence
   **   ~~~   ** ..Min Temp Comparison = 2.53E-003 vs Temperature Convergence Tolerance=0.20 - Pass Convergence
   **   ~~~   ** ..Max Heat Load Comparison = 0.1269 vs Loads Convergence Tolerance=4.00E-002 - Fail Convergence
   **   ~~~   ** ..Max Cool Load Comparison = 0.0000 vs Loads Convergence Tolerance=4.00E-002 - Pass Convergence
   ** Severe  ** CheckWarmupConvergence: Loads Initialization, Zone="GYM_ZN_1_FLR_1" did not converge after 25 warmup days.
   **   ~~~   ** ...Environment(RunPeriod)="RUNPERIOD 1"
   **   ~~~   ** ..Max Temp Comparison = 9.13E-003 vs Temperature Convergence Tolerance=0.20 - Pass Convergence
   **   ~~~   ** ..Min Temp Comparison = 1.82E-002 vs Temperature Convergence Tolerance=0.20 - Pass Convergence
   **   ~~~   ** ..Max Heat Load Comparison = 0.3231 vs Loads Convergence Tolerance=4.00E-002 - Fail Convergence
   **   ~~~   ** ..Max Cool Load Comparison = 1.2469E-003 vs Loads Convergence Tolerance=4.00E-002 - Pass Convergence
   ** Severe  ** CheckWarmupConvergence: Loads Initialization, Zone="AUX_GYM_ZN_1_FLR_1" did not converge after 25 warmup days.
   **   ~~~   ** ...Environment(RunPeriod)="RUNPERIOD 1"
   **   ~~~   ** ..Max Temp Comparison = 0.13 vs Temperature Convergence Tolerance=0.20 - Pass Convergence
   **   ~~~   ** ..Min Temp Comparison = 0.14 vs Temperature Convergence Tolerance=0.20 - Pass Convergence
   **   ~~~   ** ..Max Heat Load Comparison = 7.6742E-002 vs Loads Convergence Tolerance=4.00E-002 - Fail Convergence
   **   ~~~   ** ..Max Cool Load Comparison = 5.5188E-004 vs Loads Convergence Tolerance=4.00E-002 - Pass Convergence
   ** Severe  ** CheckWarmupConvergence: Loads Initialization, Zone="AUDITORIUM_ZN_1_FLR_1" did not converge after 25 warmup days.
   **   ~~~   ** ...Environment(RunPeriod)="RUNPERIOD 1"
   **   ~~~   ** ..Max Temp Comparison = 1.14E-002 vs Temperature Convergence Tolerance=0.20 - Pass Convergence
   **   ~~~   ** ..Min Temp Comparison = 1.18E-002 vs Temperature Convergence Tolerance=0.20 - Pass Convergence
   **   ~~~   ** ..Max Heat Load Comparison = 0.1176 vs Loads Convergence Tolerance=4.00E-002 - Fail Convergence
   **   ~~~   ** ..Max Cool Load Comparison = 2.7616E-004 vs Loads Convergence Tolerance=4.00E-002 - Pass Convergence
   ** Severe  ** CheckWarmupConvergence: Loads Initialization, Zone="LIBRARY_MEDIA_CENTER_ZN_1_FLR_2" did not converge after 25 warmup days.
   **   ~~~   ** ...Environment(RunPeriod)="RUNPERIOD 1"
   **   ~~~   ** ..Max Temp Comparison = 3.38E-003 vs Temperature Convergence Tolerance=0.20 - Pass Convergence
   **   ~~~   ** ..Min Temp Comparison = 3.25E-003 vs Temperature Convergence Tolerance=0.20 - Pass Convergence
   **   ~~~   ** ..Max Heat Load Comparison = 0.1333 vs Loads Convergence Tolerance=4.00E-002 - Fail Convergence
   **   ~~~   ** ..Max Cool Load Comparison = 0.0000 vs Loads Convergence Tolerance=4.00E-002 - Pass Convergence
   ** Severe  ** CheckWarmupConvergence: Loads Initialization, Zone="MECH_ZN_1_FLR_2" did not converge after 25 warmup days.
   **   ~~~   ** ...Environment(RunPeriod)="RUNPERIOD 1"
   **   ~~~   ** ..Max Temp Comparison = 1.05E-003 vs Temperature Convergence Tolerance=0.20 - Pass Convergence
   **   ~~~   ** ..Min Temp Comparison = 4.64E-004 vs Temperature Convergence Tolerance=0.20 - Pass Convergence
   **   ~~~   ** ..Max Heat Load Comparison = 0.2821 vs Loads Convergence Tolerance=4.00E-002 - Fail Convergence
   **   ~~~   ** ..Max Cool Load Comparison = 0.0000 vs Loads Convergence Tolerance=4.00E-002 - Pass Convergence
   ** Warning ** In Output:Table:Monthly 'SpaceGainsMonthly' invalid Variable or Meter Name 'ZONE HOT WATER EQUIPMENT TOTAL HEATING ENERGY'
   ** Warning ** In Output:Table:Monthly 'SpaceGainsMonthly' invalid Variable or Meter Name 'ZONE STEAM EQUIPMENT TOTAL HEATING ENERGY'
   ** Warning ** In Output:Table:Monthly 'SpaceGainsMonthly' invalid Variable or Meter Name 'ZONE OTHER EQUIPMENT TOTAL HEATING ENERGY'
   ** Warning ** In Output:Table:Monthly 'PeakSpaceGainsMonthly' invalid Variable or Meter Name 'ZONE HOT WATER EQUIPMENT TOTAL HEATING ENERGY'
   ** Warning ** In Output:Table:Monthly 'PeakSpaceGainsMonthly' invalid Variable or Meter Name 'ZONE STEAM EQUIPMENT TOTAL HEATING ENERGY'
   ** Warning ** In Output:Table:Monthly 'PeakSpaceGainsMonthly' invalid Variable or Meter Name 'ZONE OTHER EQUIPMENT TOTAL HEATING ENERGY'
   ** Warning ** In Output:Table:Monthly 'SpaceGainComponentsAtCoolingPeakMonthly' invalid Variable or Meter Name 'ZONE HOT WATER EQUIPMENT TOTAL HEATING ENERGY'
   ** Warning ** In Output:Table:Monthly 'SpaceGainComponentsAtCoolingPeakMonthly' invalid Variable or Meter Name 'ZONE STEAM EQUIPMENT TOTAL HEATING ENERGY'
   ** Warning ** In Output:Table:Monthly 'SpaceGainComponentsAtCoolingPeakMonthly' invalid Variable or Meter Name 'ZONE OTHER EQUIPMENT TOTAL HEATING ENERGY'
   ** Warning ** In Output:Table:Monthly 'EnergyConsumptionElectricityGeneratedPropaneMonthly' invalid Variable or Meter Name 'PROPANE:FACILITY'
   ** Warning ** In Output:Table:Monthly 'EnergyConsumptionElectricityGeneratedPropaneMonthly' invalid Variable or Meter Name 'PROPANE:FACILITY'
   ** Warning ** In Output:Table:Monthly 'EnergyConsumptionDieselFuelOilMonthly' invalid Variable or Meter Name 'DIESEL:FACILITY'
   ** Warning ** In Output:Table:Monthly 'EnergyConsumptionDieselFuelOilMonthly' invalid Variable or Meter Name 'DIESEL:FACILITY'
   ** Warning ** In Output:Table:Monthly 'EnergyConsumptionDieselFuelOilMonthly' invalid Variable or Meter Name 'FUELOILNO1:FACILITY'
   ** Warning ** In Output:Table:Monthly 'EnergyConsumptionDieselFuelOilMonthly' invalid Variable or Meter Name 'FUELOILNO1:FACILITY'
   ** Warning ** In Output:Table:Monthly 'EnergyConsumptionDieselFuelOilMonthly' invalid Variable or Meter Name 'FUELOILNO2:FACILITY'
   ** Warning ** In Output:Table:Monthly 'EnergyConsumptionDieselFuelOilMonthly' invalid Variable or Meter Name 'FUELOILNO2:FACILITY'
   ** Warning ** In Output:Table:Monthly 'EnergyConsumptionDistrictHeatingCoolingMonthly' invalid Variable or Meter Name 'DISTRICTCOOLING:FACILITY'
   ** Warning ** In Output:Table:Monthly 'EnergyConsumptionDistrictHeatingCoolingMonthly' invalid Variable or Meter Name 'DISTRICTCOOLING:FACILITY'
   ** Warning ** In Output:Table:Monthly 'EnergyConsumptionDistrictHeatingCoolingMonthly' invalid Variable or Meter Name 'DISTRICTHEATING:FACILITY'
   ** Warning ** In Output:Table:Monthly 'EnergyConsumptionDistrictHeatingCoolingMonthly' invalid Variable or Meter Name 'DISTRICTHEATING:FACILITY'
   ** Warning ** In Output:Table:Monthly 'EnergyConsumptionCoalGasolineMonthly' invalid Variable or Meter Name 'COAL:FACILITY'
   ** Warning ** In Output:Table:Monthly 'EnergyConsumptionCoalGasolineMonthly' invalid Variable or Meter Name 'COAL:FACILITY'
   ** Warning ** In Output:Table:Monthly 'EnergyConsumptionCoalGasolineMonthly' invalid Variable or Meter Name 'GASOLINE:FACILITY'
   ** Warning ** In Output:Table:Monthly 'EnergyConsumptionCoalGasolineMonthly' invalid Variable or Meter Name 'GASOLINE:FACILITY'
   ** Warning ** In Output:Table:Monthly 'EnergyConsumptionOtherFuelsMonthly' invalid Variable or Meter Name 'OTHERFUEL1:FACILITY'
   ** Warning ** In Output:Table:Monthly 'EnergyConsumptionOtherFuelsMonthly' invalid Variable or Meter Name 'OTHERFUEL1:FACILITY'
   ** Warning ** In Output:Table:Monthly 'EnergyConsumptionOtherFuelsMonthly' invalid Variable or Meter Name 'OTHERFUEL2:FACILITY'
   ** Warning ** In Output:Table:Monthly 'EnergyConsumptionOtherFuelsMonthly' invalid Variable or Meter Name 'OTHERFUEL2:FACILITY'
   ** Warning ** In Output:Table:Monthly 'EndUseEnergyConsumptionElectricityMonthly' invalid Variable or Meter Name 'HEATREJECTION:ELECTRICITY'
   ** Warning ** In Output:Table:Monthly 'EndUseEnergyConsumptionElectricityMonthly' invalid Variable or Meter Name 'HUMIDIFIER:ELECTRICITY'
   ** Warning ** In Output:Table:Monthly 'EndUseEnergyConsumptionNaturalGasMonthly' invalid Variable or Meter Name 'EXTERIOREQUIPMENT:NATURALGAS'
   ** Warning ** In Output:Table:Monthly 'EndUseEnergyConsumptionNaturalGasMonthly' invalid Variable or Meter Name 'COOLING:NATURALGAS'
   ** Warning ** In Output:Table:Monthly 'EndUseEnergyConsumptionNaturalGasMonthly' invalid Variable or Meter Name 'COGENERATION:NATURALGAS'
   ** Warning ** In Output:Table:Monthly 'EndUseEnergyConsumptionNaturalGasMonthly' invalid Variable or Meter Name 'HUMIDIFIER:NATURALGAS'
   ** Warning ** In Output:Table:Monthly 'EndUseEnergyConsumptionDieselMonthly' invalid Variable or Meter Name 'EXTERIOREQUIPMENT:DIESEL'
   ** Warning ** In Output:Table:Monthly 'EndUseEnergyConsumptionDieselMonthly' invalid Variable or Meter Name 'COOLING:DIESEL'
   ** Warning ** In Output:Table:Monthly 'EndUseEnergyConsumptionDieselMonthly' invalid Variable or Meter Name 'HEATING:DIESEL'
   ** Warning ** In Output:Table:Monthly 'EndUseEnergyConsumptionDieselMonthly' invalid Variable or Meter Name 'WATERSYSTEMS:DIESEL'
   ** Warning ** In Output:Table:Monthly 'EndUseEnergyConsumptionDieselMonthly' invalid Variable or Meter Name 'COGENERATION:DIESEL'
   ** Warning ** In Output:Table:Monthly 'EndUseEnergyConsumptionFuelOilMonthly' invalid Variable or Meter Name 'EXTERIOREQUIPMENT:FUELOILNO1'
   ** Warning ** In Output:Table:Monthly 'EndUseEnergyConsumptionFuelOilMonthly' invalid Variable or Meter Name 'COOLING:FUELOILNO1'
   ** Warning ** In Output:Table:Monthly 'EndUseEnergyConsumptionFuelOilMonthly' invalid Variable or Meter Name 'HEATING:FUELOILNO1'
   ** Warning ** In Output:Table:Monthly 'EndUseEnergyConsumptionFuelOilMonthly' invalid Variable or Meter Name 'WATERSYSTEMS:FUELOILNO1'
   ** Warning ** In Output:Table:Monthly 'EndUseEnergyConsumptionFuelOilMonthly' invalid Variable or Meter Name 'COGENERATION:FUELOILNO1'
   ** Warning ** In Output:Table:Monthly 'EndUseEnergyConsumptionFuelOilMonthly' invalid Variable or Meter Name 'EXTERIOREQUIPMENT:FUELOILNO2'
   ** Warning ** In Output:Table:Monthly 'EndUseEnergyConsumptionFuelOilMonthly' invalid Variable or Meter Name 'COOLING:FUELOILNO2'
   ** Warning ** In Output:Table:Monthly 'EndUseEnergyConsumptionFuelOilMonthly' invalid Variable or Meter Name 'HEATING:FUELOILNO2'
   ** Warning ** In Output:Table:Monthly 'EndUseEnergyConsumptionFuelOilMonthly' invalid Variable or Meter Name 'WATERSYSTEMS:FUELOILNO2'
   ** Warning ** In Output:Table:Monthly 'EndUseEnergyConsumptionFuelOilMonthly' invalid Variable or Meter Name 'COGENERATION:FUELOILNO2'
   ** Warning ** In Output:Table:Monthly 'EndUseEnergyConsumptionCoalMonthly' invalid Variable or Meter Name 'EXTERIOREQUIPMENT:COAL'
   ** Warning ** In Output:Table:Monthly 'EndUseEnergyConsumptionCoalMonthly' invalid Variable or Meter Name 'HEATING:COAL'
   ** Warning ** In Output:Table:Monthly 'EndUseEnergyConsumptionCoalMonthly' invalid Variable or Meter Name 'WATERSYSTEMS:COAL'
   ** Warning ** In Output:Table:Monthly 'EndUseEnergyConsumptionPropaneMonthly' invalid Variable or Meter Name 'EXTERIOREQUIPMENT:PROPANE'
   ** Warning ** In Output:Table:Monthly 'EndUseEnergyConsumptionPropaneMonthly' invalid Variable or Meter Name 'COOLING:PROPANE'
   ** Warning ** In Output:Table:Monthly 'EndUseEnergyConsumptionPropaneMonthly' invalid Variable or Meter Name 'HEATING:PROPANE'
   ** Warning ** In Output:Table:Monthly 'EndUseEnergyConsumptionPropaneMonthly' invalid Variable or Meter Name 'WATERSYSTEMS:PROPANE'
   ** Warning ** In Output:Table:Monthly 'EndUseEnergyConsumptionPropaneMonthly' invalid Variable or Meter Name 'COGENERATION:PROPANE'
   ** Warning ** In Output:Table:Monthly 'EndUseEnergyConsumptionPropaneMonthly' invalid Variable or Meter Name 'HUMIDIFIER:PROPANE'
   ** Warning ** In Output:Table:Monthly 'EndUseEnergyConsumptionGasolineMonthly' invalid Variable or Meter Name 'EXTERIOREQUIPMENT:GASOLINE'
   ** Warning ** In Output:Table:Monthly 'EndUseEnergyConsumptionGasolineMonthly' invalid Variable or Meter Name 'COOLING:GASOLINE'
   ** Warning ** In Output:Table:Monthly 'EndUseEnergyConsumptionGasolineMonthly' invalid Variable or Meter Name 'HEATING:GASOLINE'
   ** Warning ** In Output:Table:Monthly 'EndUseEnergyConsumptionGasolineMonthly' invalid Variable or Meter Name 'WATERSYSTEMS:GASOLINE'
   ** Warning ** In Output:Table:Monthly 'EndUseEnergyConsumptionGasolineMonthly' invalid Variable or Meter Name 'COGENERATION:GASOLINE'
   ** Warning ** In Output:Table:Monthly 'EndUseEnergyConsumptionOtherFuelsMonthly' invalid Variable or Meter Name 'EXTERIOREQUIPMENT:OTHERFUEL1'
   ** Warning ** In Output:Table:Monthly 'EndUseEnergyConsumptionOtherFuelsMonthly' invalid Variable or Meter Name 'COOLING:OTHERFUEL1'
   ** Warning ** In Output:Table:Monthly 'EndUseEnergyConsumptionOtherFuelsMonthly' invalid Variable or Meter Name 'HEATING:OTHERFUEL1'
   ** Warning ** In Output:Table:Monthly 'EndUseEnergyConsumptionOtherFuelsMonthly' invalid Variable or Meter Name 'WATERSYSTEMS:OTHERFUEL1'
   ** Warning ** In Output:Table:Monthly 'EndUseEnergyConsumptionOtherFuelsMonthly' invalid Variable or Meter Name 'COGENERATION:OTHERFUEL1'
   ** Warning ** In Output:Table:Monthly 'EndUseEnergyConsumptionOtherFuelsMonthly' invalid Variable or Meter Name 'EXTERIOREQUIPMENT:OTHERFUEL2'
   ** Warning ** In Output:Table:Monthly 'EndUseEnergyConsumptionOtherFuelsMonthly' invalid Variable or Meter Name 'COOLING:OTHERFUEL2'
   ** Warning ** In Output:Table:Monthly 'EndUseEnergyConsumptionOtherFuelsMonthly' invalid Variable or Meter Name 'HEATING:OTHERFUEL2'
   ** Warning ** In Output:Table:Monthly 'EndUseEnergyConsumptionOtherFuelsMonthly' invalid Variable or Meter Name 'WATERSYSTEMS:OTHERFUEL2'
   ** Warning ** In Output:Table:Monthly 'EndUseEnergyConsumptionOtherFuelsMonthly' invalid Variable or Meter Name 'COGENERATION:OTHERFUEL2'
   ** Warning ** In Output:Table:Monthly 'PeakEnergyEndUseElectricityPart2Monthly' invalid Variable or Meter Name 'HEATREJECTION:ELECTRICITY'
   ** Warning ** In Output:Table:Monthly 'PeakEnergyEndUseElectricityPart2Monthly' invalid Variable or Meter Name 'HUMIDIFIER:ELECTRICITY'
   ** Warning ** In Output:Table:Monthly 'ElectricComponentsOfPeakDemandMonthly' invalid Variable or Meter Name 'HEATREJECTION:ELECTRICITY'
   ** Warning ** In Output:Table:Monthly 'PeakEnergyEndUseNaturalGasMonthly' invalid Variable or Meter Name 'EXTERIOREQUIPMENT:NATURALGAS'
   ** Warning ** In Output:Table:Monthly 'PeakEnergyEndUseNaturalGasMonthly' invalid Variable or Meter Name 'COOLING:NATURALGAS'
   ** Warning ** In Output:Table:Monthly 'PeakEnergyEndUseNaturalGasMonthly' invalid Variable or Meter Name 'COGENERATION:NATURALGAS'
   ** Warning ** In Output:Table:Monthly 'PeakEnergyEndUseDieselMonthly' invalid Variable or Meter Name 'EXTERIOREQUIPMENT:DIESEL'
   ** Warning ** In Output:Table:Monthly 'PeakEnergyEndUseDieselMonthly' invalid Variable or Meter Name 'COOLING:DIESEL'
   ** Warning ** In Output:Table:Monthly 'PeakEnergyEndUseDieselMonthly' invalid Variable or Meter Name 'HEATING:DIESEL'
   ** Warning ** In Output:Table:Monthly 'PeakEnergyEndUseDieselMonthly' invalid Variable or Meter Name 'WATERSYSTEMS:DIESEL'
   ** Warning ** In Output:Table:Monthly 'PeakEnergyEndUseDieselMonthly' invalid Variable or Meter Name 'COGENERATION:DIESEL'
   ** Warning ** In Output:Table:Monthly 'PeakEnergyEndUseFuelOilMonthly' invalid Variable or Meter Name 'EXTERIOREQUIPMENT:FUELOILNO1'
   ** Warning ** In Output:Table:Monthly 'PeakEnergyEndUseFuelOilMonthly' invalid Variable or Meter Name 'COOLING:FUELOILNO1'
   ** Warning ** In Output:Table:Monthly 'PeakEnergyEndUseFuelOilMonthly' invalid Variable or Meter Name 'HEATING:FUELOILNO1'
   ** Warning ** In Output:Table:Monthly 'PeakEnergyEndUseFuelOilMonthly' invalid Variable or Meter Name 'WATERSYSTEMS:FUELOILNO1'
   ** Warning ** In Output:Table:Monthly 'PeakEnergyEndUseFuelOilMonthly' invalid Variable or Meter Name 'COGENERATION:FUELOILNO1'
   ** Warning ** In Output:Table:Monthly 'PeakEnergyEndUseFuelOilMonthly' invalid Variable or Meter Name 'EXTERIOREQUIPMENT:FUELOILNO2'
   ** Warning ** In Output:Table:Monthly 'PeakEnergyEndUseFuelOilMonthly' invalid Variable or Meter Name 'COOLING:FUELOILNO2'
   ** Warning ** In Output:Table:Monthly 'PeakEnergyEndUseFuelOilMonthly' invalid Variable or Meter Name 'HEATING:FUELOILNO2'
   ** Warning ** In Output:Table:Monthly 'PeakEnergyEndUseFuelOilMonthly' invalid Variable or Meter Name 'WATERSYSTEMS:FUELOILNO2'
   ** Warning ** In Output:Table:Monthly 'PeakEnergyEndUseFuelOilMonthly' invalid Variable or Meter Name 'COGENERATION:FUELOILNO2'
   ** Warning ** In Output:Table:Monthly 'PeakEnergyEndUseCoalMonthly' invalid Variable or Meter Name 'EXTERIOREQUIPMENT:COAL'
   ** Warning ** In Output:Table:Monthly 'PeakEnergyEndUseCoalMonthly' invalid Variable or Meter Name 'HEATING:COAL'
   ** Warning ** In Output:Table:Monthly 'PeakEnergyEndUseCoalMonthly' invalid Variable or Meter Name 'WATERSYSTEMS:COAL'
   ** Warning ** In Output:Table:Monthly 'PeakEnergyEndUsePropaneMonthly' invalid Variable or Meter Name 'EXTERIOREQUIPMENT:PROPANE'
   ** Warning ** In Output:Table:Monthly 'PeakEnergyEndUsePropaneMonthly' invalid Variable or Meter Name 'COOLING:PROPANE'
   ** Warning ** In Output:Table:Monthly 'PeakEnergyEndUsePropaneMonthly' invalid Variable or Meter Name 'HEATING:PROPANE'
   ** Warning ** In Output:Table:Monthly 'PeakEnergyEndUsePropaneMonthly' invalid Variable or Meter Name 'WATERSYSTEMS:PROPANE'
   ** Warning ** In Output:Table:Monthly 'PeakEnergyEndUsePropaneMonthly' invalid Variable or Meter Name 'COGENERATION:PROPANE'
   ** Warning ** In Output:Table:Monthly 'PeakEnergyEndUseGasolineMonthly' invalid Variable or Meter Name 'EXTERIOREQUIPMENT:GASOLINE'
   ** Warning ** In Output:Table:Monthly 'PeakEnergyEndUseGasolineMonthly' invalid Variable or Meter Name 'COOLING:GASOLINE'
   ** Warning ** In Output:Table:Monthly 'PeakEnergyEndUseGasolineMonthly' invalid Variable or Meter Name 'HEATING:GASOLINE'
   ** Warning ** In Output:Table:Monthly 'PeakEnergyEndUseGasolineMonthly' invalid Variable or Meter Name 'WATERSYSTEMS:GASOLINE'
   ** Warning ** In Output:Table:Monthly 'PeakEnergyEndUseGasolineMonthly' invalid Variable or Meter Name 'COGENERATION:GASOLINE'
   ** Warning ** In Output:Table:Monthly 'PeakEnergyEndUseOtherFuelsMonthly' invalid Variable or Meter Name 'EXTERIOREQUIPMENT:OTHERFUEL1'
   ** Warning ** In Output:Table:Monthly 'PeakEnergyEndUseOtherFuelsMonthly' invalid Variable or Meter Name 'COOLING:OTHERFUEL1'
   ** Warning ** In Output:Table:Monthly 'PeakEnergyEndUseOtherFuelsMonthly' invalid Variable or Meter Name 'HEATING:OTHERFUEL1'
   ** Warning ** In Output:Table:Monthly 'PeakEnergyEndUseOtherFuelsMonthly' invalid Variable or Meter Name 'WATERSYSTEMS:OTHERFUEL1'
   ** Warning ** In Output:Table:Monthly 'PeakEnergyEndUseOtherFuelsMonthly' invalid Variable or Meter Name 'COGENERATION:OTHERFUEL1'
   ** Warning ** In Output:Table:Monthly 'PeakEnergyEndUseOtherFuelsMonthly' invalid Variable or Meter Name 'EXTERIOREQUIPMENT:OTHERFUEL2'
   ** Warning ** In Output:Table:Monthly 'PeakEnergyEndUseOtherFuelsMonthly' invalid Variable or Meter Name 'COOLING:OTHERFUEL2'
   ** Warning ** In Output:Table:Monthly 'PeakEnergyEndUseOtherFuelsMonthly' invalid Variable or Meter Name 'HEATING:OTHERFUEL2'
   ** Warning ** In Output:Table:Monthly 'PeakEnergyEndUseOtherFuelsMonthly' invalid Variable or Meter Name 'WATERSYSTEMS:OTHERFUEL2'
   ** Warning ** In Output:Table:Monthly 'PeakEnergyEndUseOtherFuelsMonthly' invalid Variable or Meter Name 'COGENERATION:OTHERFUEL2'
   ** Warning ** In Output:Table:Monthly 'UnglazedTranspiredSolarCollectorSummaryMonthly' invalid Variable or Meter Name 'SOLAR COLLECTOR SYSTEM EFFICIENCY'
   ** Warning ** In Output:Table:Monthly 'UnglazedTranspiredSolarCollectorSummaryMonthly' invalid Variable or Meter Name 'SOLAR COLLECTOR SYSTEM EFFICIENCY'
   ** Warning ** In Output:Table:Monthly 'UnglazedTranspiredSolarCollectorSummaryMonthly' invalid Variable or Meter Name 'SOLAR COLLECTOR OUTSIDE FACE SUCTION VELOCITY'
   ** Warning ** In Output:Table:Monthly 'UnglazedTranspiredSolarCollectorSummaryMonthly' invalid Variable or Meter Name 'SOLAR COLLECTOR SENSIBLE HEATING RATE'
   ** Warning ** In Output:Table:Monthly 'TowerReportMonthly' invalid Variable or Meter Name 'COOLING TOWER FAN ELECTRICITY ENERGY'
   ** Warning ** In Output:Table:Monthly 'TowerReportMonthly' invalid Variable or Meter Name 'COOLING TOWER FAN ELECTRICITY ENERGY'
   ** Warning ** In Output:Table:Monthly 'TowerReportMonthly' invalid Variable or Meter Name 'COOLING TOWER FAN ELECTRICITY RATE'
   ** Warning ** In Output:Table:Monthly 'TowerReportMonthly' invalid Variable or Meter Name 'COOLING TOWER HEAT TRANSFER RATE'
   ** Warning ** In Output:Table:Monthly 'TowerReportMonthly' invalid Variable or Meter Name 'COOLING TOWER INLET TEMPERATURE'
   ** Warning ** In Output:Table:Monthly 'TowerReportMonthly' invalid Variable or Meter Name 'COOLING TOWER OUTLET TEMPERATURE'
   ** Warning ** In Output:Table:Monthly 'TowerReportMonthly' invalid Variable or Meter Name 'COOLING TOWER MASS FLOW RATE'
   ** Warning ** In Output:Table:Monthly 'BoilerReportMonthly' invalid Variable or Meter Name 'BOILER GAS CONSUMPTION'
   ** Warning ** In Output:Table:Monthly 'BoilerReportMonthly' invalid Variable or Meter Name 'BOILER GAS CONSUMPTION RATE'
   ** Warning ** In Output:Table:Monthly 'WindowACReportMonthly' invalid Variable or Meter Name 'ZONE WINDOW AIR CONDITIONER TOTAL COOLING ENERGY'
   ** Warning ** In Output:Table:Monthly 'WindowACReportMonthly' invalid Variable or Meter Name 'ZONE WINDOW AIR CONDITIONER ELECTRICITY ENERGY'
   ** Warning ** In Output:Table:Monthly 'WindowACReportMonthly' invalid Variable or Meter Name 'ZONE WINDOW AIR CONDITIONER TOTAL COOLING ENERGY'
   ** Warning ** In Output:Table:Monthly 'WindowACReportMonthly' invalid Variable or Meter Name 'ZONE WINDOW AIR CONDITIONER SENSIBLE COOLING ENERGY'
   ** Warning ** In Output:Table:Monthly 'WindowACReportMonthly' invalid Variable or Meter Name 'ZONE WINDOW AIR CONDITIONER LATENT COOLING ENERGY'
   ** Warning ** In Output:Table:Monthly 'WindowACReportMonthly' invalid Variable or Meter Name 'ZONE WINDOW AIR CONDITIONER TOTAL COOLING RATE'
   ** Warning ** In Output:Table:Monthly 'WindowACReportMonthly' invalid Variable or Meter Name 'ZONE WINDOW AIR CONDITIONER SENSIBLE COOLING RATE'
   ** Warning ** In Output:Table:Monthly 'WindowACReportMonthly' invalid Variable or Meter Name 'ZONE WINDOW AIR CONDITIONER LATENT COOLING RATE'
   ** Warning ** In Output:Table:Monthly 'WindowACReportMonthly' invalid Variable or Meter Name 'ZONE WINDOW AIR CONDITIONER ELECTRICITY RATE'
   ** Warning ** In Output:Table:Monthly 'WaterHeaterReportMonthly' invalid Variable or Meter Name 'WATER HEATER BURNER HEATING ENERGY'
   ** Warning ** In Output:Table:Monthly 'WaterHeaterReportMonthly' invalid Variable or Meter Name 'WATER HEATER GAS CONSUMPTION'
   ** Warning ** In Output:Table:Monthly 'WaterHeaterReportMonthly' invalid Variable or Meter Name 'WATER HEATER LOSS DEMAND ENERGY'
   ** Warning ** In Output:Table:Monthly 'WaterHeaterReportMonthly' invalid Variable or Meter Name 'WATER HEATER HEAT RECOVERY SUPPLY ENERGY'
   ** Warning ** In Output:Table:Monthly 'WaterHeaterReportMonthly' invalid Variable or Meter Name 'WATER HEATER SOURCE ENERGY'
   ** Warning ** In Output:Table:Monthly 'GeneratorReportMonthly' invalid Variable or Meter Name 'GENERATOR PRODUCED AC ELECTRICITY ENERGY'
   ** Warning ** In Output:Table:Monthly 'GeneratorReportMonthly' invalid Variable or Meter Name 'GENERATOR DIESEL CONSUMPTION'
   ** Warning ** In Output:Table:Monthly 'GeneratorReportMonthly' invalid Variable or Meter Name 'GENERATOR GAS CONSUMPTION'
   ** Warning ** In Output:Table:Monthly 'GeneratorReportMonthly' invalid Variable or Meter Name 'GENERATOR PRODUCED AC ELECTRICITY ENERGY'
   ** Warning ** In Output:Table:Monthly 'GeneratorReportMonthly' invalid Variable or Meter Name 'GENERATOR TOTAL HEAT RECOVERY'
   ** Warning ** In Output:Table:Monthly 'GeneratorReportMonthly' invalid Variable or Meter Name 'GENERATOR JACKET HEAT RECOVERY ENERGY'
   ** Warning ** In Output:Table:Monthly 'GeneratorReportMonthly' invalid Variable or Meter Name 'GENERATOR LUBE HEAT RECOVERY'
   ** Warning ** In Output:Table:Monthly 'GeneratorReportMonthly' invalid Variable or Meter Name 'GENERATOR EXHAUST HEAT RECOVERY ENERGY'
   ** Warning ** In Output:Table:Monthly 'GeneratorReportMonthly' invalid Variable or Meter Name 'GENERATOR EXHAUST AIR TEMPERATURE'
   ** Warning ** In Output:Table:Monthly 'AirLoopSystemEnergyAndWaterUseMonthly' invalid Variable or Meter Name 'AIR SYSTEM NATURAL GAS ENERGY'
   ** Warning ** In Output:Table:Monthly 'AirLoopSystemComponentEnergyUseMonthly' invalid Variable or Meter Name 'AIR SYSTEM HEATING COIL NATURAL GAS ENERGY'
   ** Warning ** In Output:Table:Monthly 'AirLoopSystemComponentEnergyUseMonthly' invalid Variable or Meter Name 'AIR SYSTEM HUMIDIFIER NATURAL GAS ENERGY'
   ** Warning ** Processing Monthly Tabular Reports: SpaceGainsMonthly
   **   ~~~   ** ..Variable name=ZONE HOT WATER EQUIPMENT TOTAL HEATING ENERGY not valid for this simulation.
   **   ~~~   ** ..Variables not valid for this simulation will have "[Invalid/Undefined]" in the Units Column of the Table Report.
   ** Warning ** Processing Monthly Tabular Reports: SpaceGainsMonthly
   **   ~~~   ** ..Variable name=ZONE STEAM EQUIPMENT TOTAL HEATING ENERGY not valid for this simulation.
   ** Warning ** Processing Monthly Tabular Reports: SpaceGainsMonthly
   **   ~~~   ** ..Variable name=ZONE OTHER EQUIPMENT TOTAL HEATING ENERGY not valid for this simulation.
   ** Warning ** Processing Monthly Tabular Reports: SpaceGainsMonthly
   **   ~~~   ** ..Variable name=ZONE GAS EQUIPMENT TOTAL HEATING ENERGY not valid for this simulation.
   **   ~~~   ** ..i.e., Variable name=CORNER_CLASS_1_POD_1_ZN_1_FLR_1:ZONE GAS EQUIPMENT TOTAL HEATING ENERGY not valid for this simulation.
   ** Warning ** Processing Monthly Tabular Reports: SpaceGainsMonthly
   **   ~~~   ** ..Variable name=ZONE HOT WATER EQUIPMENT TOTAL HEATING ENERGY not valid for this simulation.
   **   ~~~   ** ..i.e., Variable name=CORNER_CLASS_1_POD_1_ZN_1_FLR_1:ZONE HOT WATER EQUIPMENT TOTAL HEATING ENERGY not valid for this simulation.
   ** Warning ** Processing Monthly Tabular Reports: SpaceGainsMonthly
   **   ~~~   ** ..Variable name=ZONE STEAM EQUIPMENT TOTAL HEATING ENERGY not valid for this simulation.
   **   ~~~   ** ..i.e., Variable name=CORNER_CLASS_1_POD_1_ZN_1_FLR_1:ZONE STEAM EQUIPMENT TOTAL HEATING ENERGY not valid for this simulation.
   ** Warning ** Processing Monthly Tabular Reports: SpaceGainsMonthly
   **   ~~~   ** ..Variable name=ZONE OTHER EQUIPMENT TOTAL HEATING ENERGY not valid for this simulation.
   **   ~~~   ** ..i.e., Variable name=CORNER_CLASS_1_POD_1_ZN_1_FLR_1:ZONE OTHER EQUIPMENT TOTAL HEATING ENERGY not valid for this simulation.
   ** Warning ** Processing Monthly Tabular Reports: SpaceGainsMonthly
   **   ~~~   ** ..Variable name=ZONE GAS EQUIPMENT TOTAL HEATING ENERGY not valid for this simulation.
   **   ~~~   ** ..i.e., Variable name=CORNER_CLASS_1_POD_1_ZN_1_FLR_2:ZONE GAS EQUIPMENT TOTAL HEATING ENERGY not valid for this simulation.
   ** Warning ** Processing Monthly Tabular Reports: SpaceGainsMonthly
   **   ~~~   ** ..Variable name=ZONE HOT WATER EQUIPMENT TOTAL HEATING ENERGY not valid for this simulation.
   **   ~~~   ** ..i.e., Variable name=CORNER_CLASS_1_POD_1_ZN_1_FLR_2:ZONE HOT WATER EQUIPMENT TOTAL HEATING ENERGY not valid for this simulation.
   ** Warning ** Processing Monthly Tabular Reports: SpaceGainsMonthly
   **   ~~~   ** ..Variable name=ZONE STEAM EQUIPMENT TOTAL HEATING ENERGY not valid for this simulation.
   **   ~~~   ** ..i.e., Variable name=CORNER_CLASS_1_POD_1_ZN_1_FLR_2:ZONE STEAM EQUIPMENT TOTAL HEATING ENERGY not valid for this simulation.
   ** Warning ** Processing Monthly Tabular Reports: SpaceGainsMonthly
   **   ~~~   ** ..Variable name=ZONE OTHER EQUIPMENT TOTAL HEATING ENERGY not valid for this simulation.
   **   ~~~   ** ..i.e., Variable name=CORNER_CLASS_1_POD_1_ZN_1_FLR_2:ZONE OTHER EQUIPMENT TOTAL HEATING ENERGY not valid for this simulation.
   ** Warning ** Processing Monthly Tabular Reports: SpaceGainsMonthly
   **   ~~~   ** ..Variable name=ZONE GAS EQUIPMENT TOTAL HEATING ENERGY not valid for this simulation.
   **   ~~~   ** ..i.e., Variable name=MULT_CLASS_1_POD_1_ZN_1_FLR_1:ZONE GAS EQUIPMENT TOTAL HEATING ENERGY not valid for this simulation.
   ** Warning ** Processing Monthly Tabular Reports: SpaceGainsMonthly
   **   ~~~   ** ..Variable name=ZONE HOT WATER EQUIPMENT TOTAL HEATING ENERGY not valid for this simulation.
   **   ~~~   ** ..i.e., Variable name=MULT_CLASS_1_POD_1_ZN_1_FLR_1:ZONE HOT WATER EQUIPMENT TOTAL HEATING ENERGY not valid for this simulation.
   ** Warning ** Processing Monthly Tabular Reports: SpaceGainsMonthly
   **   ~~~   ** ..Variable name=ZONE STEAM EQUIPMENT TOTAL HEATING ENERGY not valid for this simulation.
   **   ~~~   ** ..i.e., Variable name=MULT_CLASS_1_POD_1_ZN_1_FLR_1:ZONE STEAM EQUIPMENT TOTAL HEATING ENERGY not valid for this simulation.
   ** Warning ** Processing Monthly Tabular Reports: SpaceGainsMonthly
   **   ~~~   ** ..Variable name=ZONE OTHER EQUIPMENT TOTAL HEATING ENERGY not valid for this simulation.
   **   ~~~   ** ..i.e., Variable name=MULT_CLASS_1_POD_1_ZN_1_FLR_1:ZONE OTHER EQUIPMENT TOTAL HEATING ENERGY not valid for this simulation.
   ** Warning ** Processing Monthly Tabular Reports: SpaceGainsMonthly
   **   ~~~   ** ..Variable name=ZONE GAS EQUIPMENT TOTAL HEATING ENERGY not valid for this simulation.
   **   ~~~   ** ..i.e., Variable name=MULT_CLASS_1_POD_1_ZN_1_FLR_2:ZONE GAS EQUIPMENT TOTAL HEATING ENERGY not valid for this simulation.
   ** Warning ** Processing Monthly Tabular Reports: SpaceGainsMonthly
   **   ~~~   ** ..Variable name=ZONE HOT WATER EQUIPMENT TOTAL HEATING ENERGY not valid for this simulation.
   **   ~~~   ** ..i.e., Variable name=MULT_CLASS_1_POD_1_ZN_1_FLR_2:ZONE HOT WATER EQUIPMENT TOTAL HEATING ENERGY not valid for this simulation.
   ** Warning ** Processing Monthly Tabular Reports: SpaceGainsMonthly
   **   ~~~   ** ..Variable name=ZONE STEAM EQUIPMENT TOTAL HEATING ENERGY not valid for this simulation.
   **   ~~~   ** ..i.e., Variable name=MULT_CLASS_1_POD_1_ZN_1_FLR_2:ZONE STEAM EQUIPMENT TOTAL HEATING ENERGY not valid for this simulation.
   ** Warning ** Processing Monthly Tabular Reports: SpaceGainsMonthly
   **   ~~~   ** ..Variable name=ZONE OTHER EQUIPMENT TOTAL HEATING ENERGY not valid for this simulation.
   **   ~~~   ** ..i.e., Variable name=MULT_CLASS_1_POD_1_ZN_1_FLR_2:ZONE OTHER EQUIPMENT TOTAL HEATING ENERGY not valid for this simulation.
   ** Warning ** Processing Monthly Tabular Reports: SpaceGainsMonthly
   **   ~~~   ** ..Variable name=ZONE GAS EQUIPMENT TOTAL HEATING ENERGY not valid for this simulation.
   **   ~~~   ** ..i.e., Variable name=CORRIDOR_POD_1_ZN_1_FLR_1:ZONE GAS EQUIPMENT TOTAL HEATING ENERGY not valid for this simulation.
   ** Warning ** Processing Monthly Tabular Reports: SpaceGainsMonthly
   **   ~~~   ** ..Variable name=ZONE HOT WATER EQUIPMENT TOTAL HEATING ENERGY not valid for this simulation.
   **   ~~~   ** ..i.e., Variable name=CORRIDOR_POD_1_ZN_1_FLR_1:ZONE HOT WATER EQUIPMENT TOTAL HEATING ENERGY not valid for this simulation.
   ** Warning ** Processing Monthly Tabular Reports: SpaceGainsMonthly
   **   ~~~   ** ..Variable name=ZONE STEAM EQUIPMENT TOTAL HEATING ENERGY not valid for this simulation.
   **   ~~~   ** ..i.e., Variable name=CORRIDOR_POD_1_ZN_1_FLR_1:ZONE STEAM EQUIPMENT TOTAL HEATING ENERGY not valid for this simulation.
   ** Warning ** Processing Monthly Tabular Reports: SpaceGainsMonthly
   **   ~~~   ** ..Variable name=ZONE OTHER EQUIPMENT TOTAL HEATING ENERGY not valid for this simulation.
   **   ~~~   ** ..i.e., Variable name=CORRIDOR_POD_1_ZN_1_FLR_1:ZONE OTHER EQUIPMENT TOTAL HEATING ENERGY not valid for this simulation.
   ** Warning ** Processing Monthly Tabular Reports: SpaceGainsMonthly
   **   ~~~   ** ..Variable name=ZONE GAS EQUIPMENT TOTAL HEATING ENERGY not valid for this simulation.
   **   ~~~   ** ..i.e., Variable name=CORRIDOR_POD_1_ZN_1_FLR_2:ZONE GAS EQUIPMENT TOTAL HEATING ENERGY not valid for this simulation.
   ** Warning ** Processing Monthly Tabular Reports: SpaceGainsMonthly
   **   ~~~   ** ..Variable name=ZONE HOT WATER EQUIPMENT TOTAL HEATING ENERGY not valid for this simulation.
   **   ~~~   ** ..i.e., Variable name=CORRIDOR_POD_1_ZN_1_FLR_2:ZONE HOT WATER EQUIPMENT TOTAL HEATING ENERGY not valid for this simulation.
   ** Warning ** Processing Monthly Tabular Reports: SpaceGainsMonthly
   **   ~~~   ** ..Variable name=ZONE STEAM EQUIPMENT TOTAL HEATING ENERGY not valid for this simulation.
   **   ~~~   ** ..i.e., Variable name=CORRIDOR_POD_1_ZN_1_FLR_2:ZONE STEAM EQUIPMENT TOTAL HEATING ENERGY not valid for this simulation.
   ** Warning ** Processing Monthly Tabular Reports: SpaceGainsMonthly
   **   ~~~   ** ..Variable name=ZONE OTHER EQUIPMENT TOTAL HEATING ENERGY not valid for this simulation.
   **   ~~~   ** ..i.e., Variable name=CORRIDOR_POD_1_ZN_1_FLR_2:ZONE OTHER EQUIPMENT TOTAL HEATING ENERGY not valid for this simulation.
   ** Warning ** Processing Monthly Tabular Reports: SpaceGainsMonthly
   **   ~~~   ** ..Variable name=ZONE GAS EQUIPMENT TOTAL HEATING ENERGY not valid for this simulation.
   **   ~~~   ** ..i.e., Variable name=CORNER_CLASS_2_POD_1_ZN_1_FLR_1:ZONE GAS EQUIPMENT TOTAL HEATING ENERGY not valid for this simulation.
   ** Warning ** Processing Monthly Tabular Reports: SpaceGainsMonthly
   **   ~~~   ** ..Variable name=ZONE HOT WATER EQUIPMENT TOTAL HEATING ENERGY not valid for this simulation.
   **   ~~~   ** ..i.e., Variable name=CORNER_CLASS_2_POD_1_ZN_1_FLR_1:ZONE HOT WATER EQUIPMENT TOTAL HEATING ENERGY not valid for this simulation.
   ** Warning ** Processing Monthly Tabular Reports: SpaceGainsMonthly
   **   ~~~   ** ..Variable name=ZONE STEAM EQUIPMENT TOTAL HEATING ENERGY not valid for this simulation.
   **   ~~~   ** ..i.e., Variable name=CORNER_CLASS_2_POD_1_ZN_1_FLR_1:ZONE STEAM EQUIPMENT TOTAL HEATING ENERGY not valid for this simulation.
   ** Warning ** Processing Monthly Tabular Reports: SpaceGainsMonthly
   **   ~~~   ** ..Variable name=ZONE OTHER EQUIPMENT TOTAL HEATING ENERGY not valid for this simulation.
   **   ~~~   ** ..i.e., Variable name=CORNER_CLASS_2_POD_1_ZN_1_FLR_1:ZONE OTHER EQUIPMENT TOTAL HEATING ENERGY not valid for this simulation.
   ** Warning ** Processing Monthly Tabular Reports: SpaceGainsMonthly
   **   ~~~   ** ..Variable name=ZONE GAS EQUIPMENT TOTAL HEATING ENERGY not valid for this simulation.
   **   ~~~   ** ..i.e., Variable name=CORNER_CLASS_2_POD_1_ZN_1_FLR_2:ZONE GAS EQUIPMENT TOTAL HEATING ENERGY not valid for this simulation.
   ** Warning ** Processing Monthly Tabular Reports: SpaceGainsMonthly
   **   ~~~   ** ..Variable name=ZONE HOT WATER EQUIPMENT TOTAL HEATING ENERGY not valid for this simulation.
   **   ~~~   ** ..i.e., Variable name=CORNER_CLASS_2_POD_1_ZN_1_FLR_2:ZONE HOT WATER EQUIPMENT TOTAL HEATING ENERGY not valid for this simulation.
   ** Warning ** Processing Monthly Tabular Reports: SpaceGainsMonthly
   **   ~~~   ** ..Variable name=ZONE STEAM EQUIPMENT TOTAL HEATING ENERGY not valid for this simulation.
   **   ~~~   ** ..i.e., Variable name=CORNER_CLASS_2_POD_1_ZN_1_FLR_2:ZONE STEAM EQUIPMENT TOTAL HEATING ENERGY not valid for this simulation.
   ** Warning ** Processing Monthly Tabular Reports: SpaceGainsMonthly
   **   ~~~   ** ..Variable name=ZONE OTHER EQUIPMENT TOTAL HEATING ENERGY not valid for this simulation.
   **   ~~~   ** ..i.e., Variable name=CORNER_CLASS_2_POD_1_ZN_1_FLR_2:ZONE OTHER EQUIPMENT TOTAL HEATING ENERGY not valid for this simulation.
   ** Warning ** Processing Monthly Tabular Reports: SpaceGainsMonthly
   **   ~~~   ** ..Variable name=ZONE GAS EQUIPMENT TOTAL HEATING ENERGY not valid for this simulation.
   **   ~~~   ** ..i.e., Variable name=MULT_CLASS_2_POD_1_ZN_1_FLR_1:ZONE GAS EQUIPMENT TOTAL HEATING ENERGY not valid for this simulation.
   ** Warning ** Processing Monthly Tabular Reports: SpaceGainsMonthly
   **   ~~~   ** ..Variable name=ZONE HOT WATER EQUIPMENT TOTAL HEATING ENERGY not valid for this simulation.
   **   ~~~   ** ..i.e., Variable name=MULT_CLASS_2_POD_1_ZN_1_FLR_1:ZONE HOT WATER EQUIPMENT TOTAL HEATING ENERGY not valid for this simulation.
   ** Warning ** Processing Monthly Tabular Reports: SpaceGainsMonthly
   **   ~~~   ** ..Variable name=ZONE STEAM EQUIPMENT TOTAL HEATING ENERGY not valid for this simulation.
   **   ~~~   ** ..i.e., Variable name=MULT_CLASS_2_POD_1_ZN_1_FLR_1:ZONE STEAM EQUIPMENT TOTAL HEATING ENERGY not valid for this simulation.
   ** Warning ** Processing Monthly Tabular Reports: SpaceGainsMonthly
   **   ~~~   ** ..Variable name=ZONE OTHER EQUIPMENT TOTAL HEATING ENERGY not valid for this simulation.
   **   ~~~   ** ..i.e., Variable name=MULT_CLASS_2_POD_1_ZN_1_FLR_1:ZONE OTHER EQUIPMENT TOTAL HEATING ENERGY not valid for this simulation.
   ** Warning ** Processing Monthly Tabular Reports: SpaceGainsMonthly
   **   ~~~   ** ..Variable name=ZONE GAS EQUIPMENT TOTAL HEATING ENERGY not valid for this simulation.
   **   ~~~   ** ..i.e., Variable name=MULT_CLASS_2_POD_1_ZN_1_FLR_2:ZONE GAS EQUIPMENT TOTAL HEATING ENERGY not valid for this simulation.
   ** Warning ** Processing Monthly Tabular Reports: SpaceGainsMonthly
   **   ~~~   ** ..Variable name=ZONE HOT WATER EQUIPMENT TOTAL HEATING ENERGY not valid for this simulation.
   **   ~~~   ** ..i.e., Variable name=MULT_CLASS_2_POD_1_ZN_1_FLR_2:ZONE HOT WATER EQUIPMENT TOTAL HEATING ENERGY not valid for this simulation.
   ** Warning ** Processing Monthly Tabular Reports: SpaceGainsMonthly
   **   ~~~   ** ..Variable name=ZONE STEAM EQUIPMENT TOTAL HEATING ENERGY not valid for this simulation.
   **   ~~~   ** ..i.e., Variable name=MULT_CLASS_2_POD_1_ZN_1_FLR_2:ZONE STEAM EQUIPMENT TOTAL HEATING ENERGY not valid for this simulation.
   ** Warning ** Processing Monthly Tabular Reports: SpaceGainsMonthly
   **   ~~~   ** ..Variable name=ZONE OTHER EQUIPMENT TOTAL HEATING ENERGY not valid for this simulation.
   **   ~~~   ** ..i.e., Variable name=MULT_CLASS_2_POD_1_ZN_1_FLR_2:ZONE OTHER EQUIPMENT TOTAL HEATING ENERGY not valid for this simulation.
   ** Warning ** Processing Monthly Tabular Reports: SpaceGainsMonthly
   **   ~~~   ** ..Variable name=ZONE GAS EQUIPMENT TOTAL HEATING ENERGY not valid for this simulation.
   **   ~~~   ** ..i.e., Variable name=CORNER_CLASS_1_POD_2_ZN_1_FLR_1:ZONE GAS EQUIPMENT TOTAL HEATING ENERGY not valid for this simulation.
   ** Warning ** Processing Monthly Tabular Reports: SpaceGainsMonthly
   **   ~~~   ** ..Variable name=ZONE HOT WATER EQUIPMENT TOTAL HEATING ENERGY not valid for this simulation.
   **   ~~~   ** ..i.e., Variable name=CORNER_CLASS_1_POD_2_ZN_1_FLR_1:ZONE HOT WATER EQUIPMENT TOTAL HEATING ENERGY not valid for this simulation.
   ** Warning ** Processing Monthly Tabular Reports: SpaceGainsMonthly
   **   ~~~   ** ..Variable name=ZONE STEAM EQUIPMENT TOTAL HEATING ENERGY not valid for this simulation.
   **   ~~~   ** ..i.e., Variable name=CORNER_CLASS_1_POD_2_ZN_1_FLR_1:ZONE STEAM EQUIPMENT TOTAL HEATING ENERGY not valid for this simulation.
   ** Warning ** Processing Monthly Tabular Reports: SpaceGainsMonthly
   **   ~~~   ** ..Variable name=ZONE OTHER EQUIPMENT TOTAL HEATING ENERGY not valid for this simulation.
   **   ~~~   ** ..i.e., Variable name=CORNER_CLASS_1_POD_2_ZN_1_FLR_1:ZONE OTHER EQUIPMENT TOTAL HEATING ENERGY not valid for this simulation.
   ** Warning ** Processing Monthly Tabular Reports: SpaceGainsMonthly
   **   ~~~   ** ..Variable name=ZONE GAS EQUIPMENT TOTAL HEATING ENERGY not valid for this simulation.
   **   ~~~   ** ..i.e., Variable name=CORNER_CLASS_1_POD_2_ZN_1_FLR_2:ZONE GAS EQUIPMENT TOTAL HEATING ENERGY not valid for this simulation.
   ** Warning ** Processing Monthly Tabular Reports: SpaceGainsMonthly
   **   ~~~   ** ..Variable name=ZONE HOT WATER EQUIPMENT TOTAL HEATING ENERGY not valid for this simulation.
   **   ~~~   ** ..i.e., Variable name=CORNER_CLASS_1_POD_2_ZN_1_FLR_2:ZONE HOT WATER EQUIPMENT TOTAL HEATING ENERGY not valid for this simulation.
   ** Warning ** Processing Monthly Tabular Reports: SpaceGainsMonthly
   **   ~~~   ** ..Variable name=ZONE STEAM EQUIPMENT TOTAL HEATING ENERGY not valid for this simulation.
   **   ~~~   ** ..i.e., Variable name=CORNER_CLASS_1_POD_2_ZN_1_FLR_2:ZONE STEAM EQUIPMENT TOTAL HEATING ENERGY not valid for this simulation.
   ** Warning ** Processing Monthly Tabular Reports: SpaceGainsMonthly
   **   ~~~   ** ..Variable name=ZONE OTHER EQUIPMENT TOTAL HEATING ENERGY not valid for this simulation.
   **   ~~~   ** ..i.e., Variable name=CORNER_CLASS_1_POD_2_ZN_1_FLR_2:ZONE OTHER EQUIPMENT TOTAL HEATING ENERGY not valid for this simulation.
   ** Warning ** Processing Monthly Tabular Reports: SpaceGainsMonthly
   **   ~~~   ** ..Variable name=ZONE GAS EQUIPMENT TOTAL HEATING ENERGY not valid for this simulation.
   **   ~~~   ** ..i.e., Variable name=MULT_CLASS_1_POD_2_ZN_1_FLR_1:ZONE GAS EQUIPMENT TOTAL HEATING ENERGY not valid for this simulation.
   ** Warning ** Processing Monthly Tabular Reports: SpaceGainsMonthly
   **   ~~~   ** ..Variable name=ZONE HOT WATER EQUIPMENT TOTAL HEATING ENERGY not valid for this simulation.
   **   ~~~   ** ..i.e., Variable name=MULT_CLASS_1_POD_2_ZN_1_FLR_1:ZONE HOT WATER EQUIPMENT TOTAL HEATING ENERGY not valid for this simulation.
   ** Warning ** Processing Monthly Tabular Reports: SpaceGainsMonthly
   **   ~~~   ** ..Variable name=ZONE STEAM EQUIPMENT TOTAL HEATING ENERGY not valid for this simulation.
   **   ~~~   ** ..i.e., Variable name=MULT_CLASS_1_POD_2_ZN_1_FLR_1:ZONE STEAM EQUIPMENT TOTAL HEATING ENERGY not valid for this simulation.
   ** Warning ** Processing Monthly Tabular Reports: SpaceGainsMonthly
   **   ~~~   ** ..Variable name=ZONE OTHER EQUIPMENT TOTAL HEATING ENERGY not valid for this simulation.
   **   ~~~   ** ..i.e., Variable name=MULT_CLASS_1_POD_2_ZN_1_FLR_1:ZONE OTHER EQUIPMENT TOTAL HEATING ENERGY not valid for this simulation.
   ** Warning ** Processing Monthly Tabular Reports: SpaceGainsMonthly
   **   ~~~   ** ..Variable name=ZONE GAS EQUIPMENT TOTAL HEATING ENERGY not valid for this simulation.
   **   ~~~   ** ..i.e., Variable name=MULT_CLASS_1_POD_2_ZN_1_FLR_2:ZONE GAS EQUIPMENT TOTAL HEATING ENERGY not valid for this simulation.
   ** Warning ** Processing Monthly Tabular Reports: SpaceGainsMonthly
   **   ~~~   ** ..Variable name=ZONE HOT WATER EQUIPMENT TOTAL HEATING ENERGY not valid for this simulation.
   **   ~~~   ** ..i.e., Variable name=MULT_CLASS_1_POD_2_ZN_1_FLR_2:ZONE HOT WATER EQUIPMENT TOTAL HEATING ENERGY not valid for this simulation.
   ** Warning ** Processing Monthly Tabular Reports: SpaceGainsMonthly
   **   ~~~   ** ..Variable name=ZONE STEAM EQUIPMENT TOTAL HEATING ENERGY not valid for this simulation.
   **   ~~~   ** ..i.e., Variable name=MULT_CLASS_1_POD_2_ZN_1_FLR_2:ZONE STEAM EQUIPMENT TOTAL HEATING ENERGY not valid for this simulation.
   ** Warning ** Processing Monthly Tabular Reports: SpaceGainsMonthly
   **   ~~~   ** ..Variable name=ZONE OTHER EQUIPMENT TOTAL HEATING ENERGY not valid for this simulation.
   **   ~~~   ** ..i.e., Variable name=MULT_CLASS_1_POD_2_ZN_1_FLR_2:ZONE OTHER EQUIPMENT TOTAL HEATING ENERGY not valid for this simulation.
   ** Warning ** Processing Monthly Tabular Reports: SpaceGainsMonthly
   **   ~~~   ** ..Variable name=ZONE GAS EQUIPMENT TOTAL HEATING ENERGY not valid for this simulation.
   **   ~~~   ** ..i.e., Variable name=CORRIDOR_POD_2_ZN_1_FLR_1:ZONE GAS EQUIPMENT TOTAL HEATING ENERGY not valid for this simulation.
   ** Warning ** Processing Monthly Tabular Reports: SpaceGainsMonthly
   **   ~~~   ** ..Variable name=ZONE HOT WATER EQUIPMENT TOTAL HEATING ENERGY not valid for this simulation.
   **   ~~~   ** ..i.e., Variable name=CORRIDOR_POD_2_ZN_1_FLR_1:ZONE HOT WATER EQUIPMENT TOTAL HEATING ENERGY not valid for this simulation.
   ** Warning ** Processing Monthly Tabular Reports: SpaceGainsMonthly
   **   ~~~   ** ..Variable name=ZONE STEAM EQUIPMENT TOTAL HEATING ENERGY not valid for this simulation.
   **   ~~~   ** ..i.e., Variable name=CORRIDOR_POD_2_ZN_1_FLR_1:ZONE STEAM EQUIPMENT TOTAL HEATING ENERGY not valid for this simulation.
   ** Warning ** Processing Monthly Tabular Reports: SpaceGainsMonthly
   **   ~~~   ** ..Variable name=ZONE OTHER EQUIPMENT TOTAL HEATING ENERGY not valid for this simulation.
   **   ~~~   ** ..i.e., Variable name=CORRIDOR_POD_2_ZN_1_FLR_1:ZONE OTHER EQUIPMENT TOTAL HEATING ENERGY not valid for this simulation.
   ** Warning ** Processing Monthly Tabular Reports: SpaceGainsMonthly
   **   ~~~   ** ..Variable name=ZONE GAS EQUIPMENT TOTAL HEATING ENERGY not valid for this simulation.
   **   ~~~   ** ..i.e., Variable name=CORRIDOR_POD_2_ZN_1_FLR_2:ZONE GAS EQUIPMENT TOTAL HEATING ENERGY not valid for this simulation.
   ** Warning ** Processing Monthly Tabular Reports: SpaceGainsMonthly
   **   ~~~   ** ..Variable name=ZONE HOT WATER EQUIPMENT TOTAL HEATING ENERGY not valid for this simulation.
   **   ~~~   ** ..i.e., Variable name=CORRIDOR_POD_2_ZN_1_FLR_2:ZONE HOT WATER EQUIPMENT TOTAL HEATING ENERGY not valid for this simulation.
   ** Warning ** Processing Monthly Tabular Reports: SpaceGainsMonthly
   **   ~~~   ** ..Variable name=ZONE STEAM EQUIPMENT TOTAL HEATING ENERGY not valid for this simulation.
   **   ~~~   ** ..i.e., Variable name=CORRIDOR_POD_2_ZN_1_FLR_2:ZONE STEAM EQUIPMENT TOTAL HEATING ENERGY not valid for this simulation.
   ** Warning ** Processing Monthly Tabular Reports: SpaceGainsMonthly
   **   ~~~   ** ..Variable name=ZONE OTHER EQUIPMENT TOTAL HEATING ENERGY not valid for this simulation.
   **   ~~~   ** ..i.e., Variable name=CORRIDOR_POD_2_ZN_1_FLR_2:ZONE OTHER EQUIPMENT TOTAL HEATING ENERGY not valid for this simulation.
   ** Warning ** Processing Monthly Tabular Reports: SpaceGainsMonthly
   **   ~~~   ** ..Variable name=ZONE GAS EQUIPMENT TOTAL HEATING ENERGY not valid for this simulation.
   **   ~~~   ** ..i.e., Variable name=CORNER_CLASS_2_POD_2_ZN_1_FLR_1:ZONE GAS EQUIPMENT TOTAL HEATING ENERGY not valid for this simulation.
   ** Warning ** Processing Monthly Tabular Reports: SpaceGainsMonthly
   **   ~~~   ** ..Variable name=ZONE HOT WATER EQUIPMENT TOTAL HEATING ENERGY not valid for this simulation.
   **   ~~~   ** ..i.e., Variable name=CORNER_CLASS_2_POD_2_ZN_1_FLR_1:ZONE HOT WATER EQUIPMENT TOTAL HEATING ENERGY not valid for this simulation.
   ** Warning ** Processing Monthly Tabular Reports: SpaceGainsMonthly
   **   ~~~   ** ..Variable name=ZONE STEAM EQUIPMENT TOTAL HEATING ENERGY not valid for this simulation.
   **   ~~~   ** ..i.e., Variable name=CORNER_CLASS_2_POD_2_ZN_1_FLR_1:ZONE STEAM EQUIPMENT TOTAL HEATING ENERGY not valid for this simulation.
   ** Warning ** Processing Monthly Tabular Reports: SpaceGainsMonthly
   **   ~~~   ** ..Variable name=ZONE OTHER EQUIPMENT TOTAL HEATING ENERGY not valid for this simulation.
   **   ~~~   ** ..i.e., Variable name=CORNER_CLASS_2_POD_2_ZN_1_FLR_1:ZONE OTHER EQUIPMENT TOTAL HEATING ENERGY not valid for this simulation.
   ** Warning ** Processing Monthly Tabular Reports: SpaceGainsMonthly
   **   ~~~   ** ..Variable name=ZONE GAS EQUIPMENT TOTAL HEATING ENERGY not valid for this simulation.
   **   ~~~   ** ..i.e., Variable name=CORNER_CLASS_2_POD_2_ZN_1_FLR_2:ZONE GAS EQUIPMENT TOTAL HEATING ENERGY not valid for this simulation.
   ** Warning ** Processing Monthly Tabular Reports: SpaceGainsMonthly
   **   ~~~   ** ..Variable name=ZONE HOT WATER EQUIPMENT TOTAL HEATING ENERGY not valid for this simulation.
   **   ~~~   ** ..i.e., Variable name=CORNER_CLASS_2_POD_2_ZN_1_FLR_2:ZONE HOT WATER EQUIPMENT TOTAL HEATING ENERGY not valid for this simulation.
   ** Warning ** Processing Monthly Tabular Reports: SpaceGainsMonthly
   **   ~~~   ** ..Variable name=ZONE STEAM EQUIPMENT TOTAL HEATING ENERGY not valid for this simulation.
   **   ~~~   ** ..i.e., Variable name=CORNER_CLASS_2_POD_2_ZN_1_FLR_2:ZONE STEAM EQUIPMENT TOTAL HEATING ENERGY not valid for this simulation.
   ** Warning ** Processing Monthly Tabular Reports: SpaceGainsMonthly
   **   ~~~   ** ..Variable name=ZONE OTHER EQUIPMENT TOTAL HEATING ENERGY not valid for this simulation.
   **   ~~~   ** ..i.e., Variable name=CORNER_CLASS_2_POD_2_ZN_1_FLR_2:ZONE OTHER EQUIPMENT TOTAL HEATING ENERGY not valid for this simulation.
   ** Warning ** Processing Monthly Tabular Reports: SpaceGainsMonthly
   **   ~~~   ** ..Variable name=ZONE GAS EQUIPMENT TOTAL HEATING ENERGY not valid for this simulation.
   **   ~~~   ** ..i.e., Variable name=MULT_CLASS_2_POD_2_ZN_1_FLR_1:ZONE GAS EQUIPMENT TOTAL HEATING ENERGY not valid for this simulation.
   ** Warning ** Processing Monthly Tabular Reports: SpaceGainsMonthly
   **   ~~~   ** ..Variable name=ZONE HOT WATER EQUIPMENT TOTAL HEATING ENERGY not valid for this simulation.
   **   ~~~   ** ..i.e., Variable name=MULT_CLASS_2_POD_2_ZN_1_FLR_1:ZONE HOT WATER EQUIPMENT TOTAL HEATING ENERGY not valid for this simulation.
   ** Warning ** Processing Monthly Tabular Reports: SpaceGainsMonthly
   **   ~~~   ** ..Variable name=ZONE STEAM EQUIPMENT TOTAL HEATING ENERGY not valid for this simulation.
   **   ~~~   ** ..i.e., Variable name=MULT_CLASS_2_POD_2_ZN_1_FLR_1:ZONE STEAM EQUIPMENT TOTAL HEATING ENERGY not valid for this simulation.
   ** Warning ** Processing Monthly Tabular Reports: SpaceGainsMonthly
   **   ~~~   ** ..Variable name=ZONE OTHER EQUIPMENT TOTAL HEATING ENERGY not valid for this simulation.
   **   ~~~   ** ..i.e., Variable name=MULT_CLASS_2_POD_2_ZN_1_FLR_1:ZONE OTHER EQUIPMENT TOTAL HEATING ENERGY not valid for this simulation.
   ** Warning ** Processing Monthly Tabular Reports: SpaceGainsMonthly
   **   ~~~   ** ..Variable name=ZONE GAS EQUIPMENT TOTAL HEATING ENERGY not valid for this simulation.
   **   ~~~   ** ..i.e., Variable name=MULT_CLASS_2_POD_2_ZN_1_FLR_2:ZONE GAS EQUIPMENT TOTAL HEATING ENERGY not valid for this simulation.
   ** Warning ** Processing Monthly Tabular Reports: SpaceGainsMonthly
   **   ~~~   ** ..Variable name=ZONE HOT WATER EQUIPMENT TOTAL HEATING ENERGY not valid for this simulation.
   **   ~~~   ** ..i.e., Variable name=MULT_CLASS_2_POD_2_ZN_1_FLR_2:ZONE HOT WATER EQUIPMENT TOTAL HEATING ENERGY not valid for this simulation.
   ** Warning ** Processing Monthly Tabular Reports: SpaceGainsMonthly
   **   ~~~   ** ..Variable name=ZONE STEAM EQUIPMENT TOTAL HEATING ENERGY not valid for this simulation.
   **   ~~~   ** ..i.e., Variable name=MULT_CLASS_2_POD_2_ZN_1_FLR_2:ZONE STEAM EQUIPMENT TOTAL HEATING ENERGY not valid for this simulation.
   ** Warning ** Processing Monthly Tabular Reports: SpaceGainsMonthly
   **   ~~~   ** ..Variable name=ZONE OTHER EQUIPMENT TOTAL HEATING ENERGY not valid for this simulation.
   **   ~~~   ** ..i.e., Variable name=MULT_CLASS_2_POD_2_ZN_1_FLR_2:ZONE OTHER EQUIPMENT TOTAL HEATING ENERGY not valid for this simulation.
   ** Warning ** Processing Monthly Tabular Reports: SpaceGainsMonthly
   **   ~~~   ** ..Variable name=ZONE GAS EQUIPMENT TOTAL HEATING ENERGY not valid for this simulation.
   **   ~~~   ** ..i.e., Variable name=CORNER_CLASS_1_POD_3_ZN_1_FLR_1:ZONE GAS EQUIPMENT TOTAL HEATING ENERGY not valid for this simulation.
   ** Warning ** Processing Monthly Tabular Reports: SpaceGainsMonthly
   **   ~~~   ** ..Variable name=ZONE HOT WATER EQUIPMENT TOTAL HEATING ENERGY not valid for this simulation.
   **   ~~~   ** ..i.e., Variable name=CORNER_CLASS_1_POD_3_ZN_1_FLR_1:ZONE HOT WATER EQUIPMENT TOTAL HEATING ENERGY not valid for this simulation.
   ** Warning ** Processing Monthly Tabular Reports: SpaceGainsMonthly
   **   ~~~   ** ..Variable name=ZONE STEAM EQUIPMENT TOTAL HEATING ENERGY not valid for this simulation.
   **   ~~~   ** ..i.e., Variable name=CORNER_CLASS_1_POD_3_ZN_1_FLR_1:ZONE STEAM EQUIPMENT TOTAL HEATING ENERGY not valid for this simulation.
   ** Warning ** Processing Monthly Tabular Reports: SpaceGainsMonthly
   **   ~~~   ** ..Variable name=ZONE OTHER EQUIPMENT TOTAL HEATING ENERGY not valid for this simulation.
   **   ~~~   ** ..i.e., Variable name=CORNER_CLASS_1_POD_3_ZN_1_FLR_1:ZONE OTHER EQUIPMENT TOTAL HEATING ENERGY not valid for this simulation.
   ** Warning ** Processing Monthly Tabular Reports: SpaceGainsMonthly
   **   ~~~   ** ..Variable name=ZONE GAS EQUIPMENT TOTAL HEATING ENERGY not valid for this simulation.
   **   ~~~   ** ..i.e., Variable name=CORNER_CLASS_1_POD_3_ZN_1_FLR_2:ZONE GAS EQUIPMENT TOTAL HEATING ENERGY not valid for this simulation.
   ** Warning ** Processing Monthly Tabular Reports: SpaceGainsMonthly
   **   ~~~   ** ..Variable name=ZONE HOT WATER EQUIPMENT TOTAL HEATING ENERGY not valid for this simulation.
   **   ~~~   ** ..i.e., Variable name=CORNER_CLASS_1_POD_3_ZN_1_FLR_2:ZONE HOT WATER EQUIPMENT TOTAL HEATING ENERGY not valid for this simulation.
   ** Warning ** Processing Monthly Tabular Reports: SpaceGainsMonthly
   **   ~~~   ** ..Variable name=ZONE STEAM EQUIPMENT TOTAL HEATING ENERGY not valid for this simulation.
   **   ~~~   ** ..i.e., Variable name=CORNER_CLASS_1_POD_3_ZN_1_FLR_2:ZONE STEAM EQUIPMENT TOTAL HEATING ENERGY not valid for this simulation.
   ** Warning ** Processing Monthly Tabular Reports: SpaceGainsMonthly
   **   ~~~   ** ..Variable name=ZONE OTHER EQUIPMENT TOTAL HEATING ENERGY not valid for this simulation.
   **   ~~~   ** ..i.e., Variable name=CORNER_CLASS_1_POD_3_ZN_1_FLR_2:ZONE OTHER EQUIPMENT TOTAL HEATING ENERGY not valid for this simulation.
   ** Warning ** Processing Monthly Tabular Reports: SpaceGainsMonthly
   **   ~~~   ** ..Variable name=ZONE GAS EQUIPMENT TOTAL HEATING ENERGY not valid for this simulation.
   **   ~~~   ** ..i.e., Variable name=MULT_CLASS_1_POD_3_ZN_1_FLR_1:ZONE GAS EQUIPMENT TOTAL HEATING ENERGY not valid for this simulation.
   ** Warning ** Processing Monthly Tabular Reports: SpaceGainsMonthly
   **   ~~~   ** ..Variable name=ZONE HOT WATER EQUIPMENT TOTAL HEATING ENERGY not valid for this simulation.
   **   ~~~   ** ..i.e., Variable name=MULT_CLASS_1_POD_3_ZN_1_FLR_1:ZONE HOT WATER EQUIPMENT TOTAL HEATING ENERGY not valid for this simulation.
   ** Warning ** Processing Monthly Tabular Reports: SpaceGainsMonthly
   **   ~~~   ** ..Variable name=ZONE STEAM EQUIPMENT TOTAL HEATING ENERGY not valid for this simulation.
   **   ~~~   ** ..i.e., Variable name=MULT_CLASS_1_POD_3_ZN_1_FLR_1:ZONE STEAM EQUIPMENT TOTAL HEATING ENERGY not valid for this simulation.
   ** Warning ** Processing Monthly Tabular Reports: SpaceGainsMonthly
   **   ~~~   ** ..Variable name=ZONE OTHER EQUIPMENT TOTAL HEATING ENERGY not valid for this simulation.
   **   ~~~   ** ..i.e., Variable name=MULT_CLASS_1_POD_3_ZN_1_FLR_1:ZONE OTHER EQUIPMENT TOTAL HEATING ENERGY not valid for this simulation.
   ** Warning ** Processing Monthly Tabular Reports: SpaceGainsMonthly
   **   ~~~   ** ..Variable name=ZONE GAS EQUIPMENT TOTAL HEATING ENERGY not valid for this simulation.
   **   ~~~   ** ..i.e., Variable name=MULT_CLASS_1_POD_3_ZN_1_FLR_2:ZONE GAS EQUIPMENT TOTAL HEATING ENERGY not valid for this simulation.
   ** Warning ** Processing Monthly Tabular Reports: SpaceGainsMonthly
   **   ~~~   ** ..Variable name=ZONE HOT WATER EQUIPMENT TOTAL HEATING ENERGY not valid for this simulation.
   **   ~~~   ** ..i.e., Variable name=MULT_CLASS_1_POD_3_ZN_1_FLR_2:ZONE HOT WATER EQUIPMENT TOTAL HEATING ENERGY not valid for this simulation.
   ** Warning ** Processing Monthly Tabular Reports: SpaceGainsMonthly
   **   ~~~   ** ..Variable name=ZONE STEAM EQUIPMENT TOTAL HEATING ENERGY not valid for this simulation.
   **   ~~~   ** ..i.e., Variable name=MULT_CLASS_1_POD_3_ZN_1_FLR_2:ZONE STEAM EQUIPMENT TOTAL HEATING ENERGY not valid for this simulation.
   ** Warning ** Processing Monthly Tabular Reports: SpaceGainsMonthly
   **   ~~~   ** ..Variable name=ZONE OTHER EQUIPMENT TOTAL HEATING ENERGY not valid for this simulation.
   **   ~~~   ** ..i.e., Variable name=MULT_CLASS_1_POD_3_ZN_1_FLR_2:ZONE OTHER EQUIPMENT TOTAL HEATING ENERGY not valid for this simulation.
   ** Warning ** Processing Monthly Tabular Reports: SpaceGainsMonthly
   **   ~~~   ** ..Variable name=ZONE GAS EQUIPMENT TOTAL HEATING ENERGY not valid for this simulation.
   **   ~~~   ** ..i.e., Variable name=CORRIDOR_POD_3_ZN_1_FLR_1:ZONE GAS EQUIPMENT TOTAL HEATING ENERGY not valid for this simulation.
   ** Warning ** Processing Monthly Tabular Reports: SpaceGainsMonthly
   **   ~~~   ** ..Variable name=ZONE HOT WATER EQUIPMENT TOTAL HEATING ENERGY not valid for this simulation.
   **   ~~~   ** ..i.e., Variable name=CORRIDOR_POD_3_ZN_1_FLR_1:ZONE HOT WATER EQUIPMENT TOTAL HEATING ENERGY not valid for this simulation.
   ** Warning ** Processing Monthly Tabular Reports: SpaceGainsMonthly
   **   ~~~   ** ..Variable name=ZONE STEAM EQUIPMENT TOTAL HEATING ENERGY not valid for this simulation.
   **   ~~~   ** ..i.e., Variable name=CORRIDOR_POD_3_ZN_1_FLR_1:ZONE STEAM EQUIPMENT TOTAL HEATING ENERGY not valid for this simulation.
   ** Warning ** Processing Monthly Tabular Reports: SpaceGainsMonthly
   **   ~~~   ** ..Variable name=ZONE OTHER EQUIPMENT TOTAL HEATING ENERGY not valid for this simulation.
   **   ~~~   ** ..i.e., Variable name=CORRIDOR_POD_3_ZN_1_FLR_1:ZONE OTHER EQUIPMENT TOTAL HEATING ENERGY not valid for this simulation.
   ** Warning ** Processing Monthly Tabular Reports: SpaceGainsMonthly
   **   ~~~   ** ..Variable name=ZONE GAS EQUIPMENT TOTAL HEATING ENERGY not valid for this simulation.
   **   ~~~   ** ..i.e., Variable name=CORRIDOR_POD_3_ZN_1_FLR_2:ZONE GAS EQUIPMENT TOTAL HEATING ENERGY not valid for this simulation.
   ** Warning ** Processing Monthly Tabular Reports: SpaceGainsMonthly
   **   ~~~   ** ..Variable name=ZONE HOT WATER EQUIPMENT TOTAL HEATING ENERGY not valid for this simulation.
   **   ~~~   ** ..i.e., Variable name=CORRIDOR_POD_3_ZN_1_FLR_2:ZONE HOT WATER EQUIPMENT TOTAL HEATING ENERGY not valid for this simulation.
   ** Warning ** Processing Monthly Tabular Reports: SpaceGainsMonthly
   **   ~~~   ** ..Variable name=ZONE STEAM EQUIPMENT TOTAL HEATING ENERGY not valid for this simulation.
   **   ~~~   ** ..i.e., Variable name=CORRIDOR_POD_3_ZN_1_FLR_2:ZONE STEAM EQUIPMENT TOTAL HEATING ENERGY not valid for this simulation.
   ** Warning ** Processing Monthly Tabular Reports: SpaceGainsMonthly
   **   ~~~   ** ..Variable name=ZONE OTHER EQUIPMENT TOTAL HEATING ENERGY not valid for this simulation.
   **   ~~~   ** ..i.e., Variable name=CORRIDOR_POD_3_ZN_1_FLR_2:ZONE OTHER EQUIPMENT TOTAL HEATING ENERGY not valid for this simulation.
   ** Warning ** Processing Monthly Tabular Reports: SpaceGainsMonthly
   **   ~~~   ** ..Variable name=ZONE GAS EQUIPMENT TOTAL HEATING ENERGY not valid for this simulation.
   **   ~~~   ** ..i.e., Variable name=CORNER_CLASS_2_POD_3_ZN_1_FLR_1:ZONE GAS EQUIPMENT TOTAL HEATING ENERGY not valid for this simulation.
   ** Warning ** Processing Monthly Tabular Reports: SpaceGainsMonthly
   **   ~~~   ** ..Variable name=ZONE HOT WATER EQUIPMENT TOTAL HEATING ENERGY not valid for this simulation.
   **   ~~~   ** ..i.e., Variable name=CORNER_CLASS_2_POD_3_ZN_1_FLR_1:ZONE HOT WATER EQUIPMENT TOTAL HEATING ENERGY not valid for this simulation.
   ** Warning ** Processing Monthly Tabular Reports: SpaceGainsMonthly
   **   ~~~   ** ..Variable name=ZONE STEAM EQUIPMENT TOTAL HEATING ENERGY not valid for this simulation.
   **   ~~~   ** ..i.e., Variable name=CORNER_CLASS_2_POD_3_ZN_1_FLR_1:ZONE STEAM EQUIPMENT TOTAL HEATING ENERGY not valid for this simulation.
   ** Warning ** Processing Monthly Tabular Reports: SpaceGainsMonthly
   **   ~~~   ** ..Variable name=ZONE OTHER EQUIPMENT TOTAL HEATING ENERGY not valid for this simulation.
   **   ~~~   ** ..i.e., Variable name=CORNER_CLASS_2_POD_3_ZN_1_FLR_1:ZONE OTHER EQUIPMENT TOTAL HEATING ENERGY not valid for this simulation.
   ** Warning ** Processing Monthly Tabular Reports: SpaceGainsMonthly
   **   ~~~   ** ..Variable name=ZONE GAS EQUIPMENT TOTAL HEATING ENERGY not valid for this simulation.
   **   ~~~   ** ..i.e., Variable name=CORNER_CLASS_2_POD_3_ZN_1_FLR_2:ZONE GAS EQUIPMENT TOTAL HEATING ENERGY not valid for this simulation.
   ** Warning ** Processing Monthly Tabular Reports: SpaceGainsMonthly
   **   ~~~   ** ..Variable name=ZONE HOT WATER EQUIPMENT TOTAL HEATING ENERGY not valid for this simulation.
   **   ~~~   ** ..i.e., Variable name=CORNER_CLASS_2_POD_3_ZN_1_FLR_2:ZONE HOT WATER EQUIPMENT TOTAL HEATING ENERGY not valid for this simulation.
   ** Warning ** Processing Monthly Tabular Reports: SpaceGainsMonthly
   **   ~~~   ** ..Variable name=ZONE STEAM EQUIPMENT TOTAL HEATING ENERGY not valid for this simulation.
   **   ~~~   ** ..i.e., Variable name=CORNER_CLASS_2_POD_3_ZN_1_FLR_2:ZONE STEAM EQUIPMENT TOTAL HEATING ENERGY not valid for this simulation.
   ** Warning ** Processing Monthly Tabular Reports: SpaceGainsMonthly
   **   ~~~   ** ..Variable name=ZONE OTHER EQUIPMENT TOTAL HEATING ENERGY not valid for this simulation.
   **   ~~~   ** ..i.e., Variable name=CORNER_CLASS_2_POD_3_ZN_1_FLR_2:ZONE OTHER EQUIPMENT TOTAL HEATING ENERGY not valid for this simulation.
   ** Warning ** Processing Monthly Tabular Reports: SpaceGainsMonthly
   **   ~~~   ** ..Variable name=ZONE GAS EQUIPMENT TOTAL HEATING ENERGY not valid for this simulation.
   **   ~~~   ** ..i.e., Variable name=MULT_CLASS_2_POD_3_ZN_1_FLR_1:ZONE GAS EQUIPMENT TOTAL HEATING ENERGY not valid for this simulation.
   ** Warning ** Processing Monthly Tabular Reports: SpaceGainsMonthly
   **   ~~~   ** ..Variable name=ZONE HOT WATER EQUIPMENT TOTAL HEATING ENERGY not valid for this simulation.
   **   ~~~   ** ..i.e., Variable name=MULT_CLASS_2_POD_3_ZN_1_FLR_1:ZONE HOT WATER EQUIPMENT TOTAL HEATING ENERGY not valid for this simulation.
   ** Warning ** Processing Monthly Tabular Reports: SpaceGainsMonthly
   **   ~~~   ** ..Variable name=ZONE STEAM EQUIPMENT TOTAL HEATING ENERGY not valid for this simulation.
   **   ~~~   ** ..i.e., Variable name=MULT_CLASS_2_POD_3_ZN_1_FLR_1:ZONE STEAM EQUIPMENT TOTAL HEATING ENERGY not valid for this simulation.
   ** Warning ** Processing Monthly Tabular Reports: SpaceGainsMonthly
   **   ~~~   ** ..Variable name=ZONE OTHER EQUIPMENT TOTAL HEATING ENERGY not valid for this simulation.
   **   ~~~   ** ..i.e., Variable name=MULT_CLASS_2_POD_3_ZN_1_FLR_1:ZONE OTHER EQUIPMENT TOTAL HEATING ENERGY not valid for this simulation.
   ** Warning ** Processing Monthly Tabular Reports: SpaceGainsMonthly
   **   ~~~   ** ..Variable name=ZONE GAS EQUIPMENT TOTAL HEATING ENERGY not valid for this simulation.
   **   ~~~   ** ..i.e., Variable name=MULT_CLASS_2_POD_3_ZN_1_FLR_2:ZONE GAS EQUIPMENT TOTAL HEATING ENERGY not valid for this simulation.
   ** Warning ** Processing Monthly Tabular Reports: SpaceGainsMonthly
   **   ~~~   ** ..Variable name=ZONE HOT WATER EQUIPMENT TOTAL HEATING ENERGY not valid for this simulation.
   **   ~~~   ** ..i.e., Variable name=MULT_CLASS_2_POD_3_ZN_1_FLR_2:ZONE HOT WATER EQUIPMENT TOTAL HEATING ENERGY not valid for this simulation.
   ** Warning ** Processing Monthly Tabular Reports: SpaceGainsMonthly
   **   ~~~   ** ..Variable name=ZONE STEAM EQUIPMENT TOTAL HEATING ENERGY not valid for this simulation.
   **   ~~~   ** ..i.e., Variable name=MULT_CLASS_2_POD_3_ZN_1_FLR_2:ZONE STEAM EQUIPMENT TOTAL HEATING ENERGY not valid for this simulation.
   ** Warning ** Processing Monthly Tabular Reports: SpaceGainsMonthly
   **   ~~~   ** ..Variable name=ZONE OTHER EQUIPMENT TOTAL HEATING ENERGY not valid for this simulation.
   **   ~~~   ** ..i.e., Variable name=MULT_CLASS_2_POD_3_ZN_1_FLR_2:ZONE OTHER EQUIPMENT TOTAL HEATING ENERGY not valid for this simulation.
   ** Warning ** Processing Monthly Tabular Reports: SpaceGainsMonthly
   **   ~~~   ** ..Variable name=ZONE GAS EQUIPMENT TOTAL HEATING ENERGY not valid for this simulation.
   **   ~~~   ** ..i.e., Variable name=MAIN_CORRIDOR_ZN_1_FLR_1:ZONE GAS EQUIPMENT TOTAL HEATING ENERGY not valid for this simulation.
   ** Warning ** Processing Monthly Tabular Reports: SpaceGainsMonthly
   **   ~~~   ** ..Variable name=ZONE HOT WATER EQUIPMENT TOTAL HEATING ENERGY not valid for this simulation.
   **   ~~~   ** ..i.e., Variable name=MAIN_CORRIDOR_ZN_1_FLR_1:ZONE HOT WATER EQUIPMENT TOTAL HEATING ENERGY not valid for this simulation.
   ** Warning ** Processing Monthly Tabular Reports: SpaceGainsMonthly
   **   ~~~   ** ..Variable name=ZONE STEAM EQUIPMENT TOTAL HEATING ENERGY not valid for this simulation.
   **   ~~~   ** ..i.e., Variable name=MAIN_CORRIDOR_ZN_1_FLR_1:ZONE STEAM EQUIPMENT TOTAL HEATING ENERGY not valid for this simulation.
   ** Warning ** Processing Monthly Tabular Reports: SpaceGainsMonthly
   **   ~~~   ** ..Variable name=ZONE OTHER EQUIPMENT TOTAL HEATING ENERGY not valid for this simulation.
   **   ~~~   ** ..i.e., Variable name=MAIN_CORRIDOR_ZN_1_FLR_1:ZONE OTHER EQUIPMENT TOTAL HEATING ENERGY not valid for this simulation.
   ** Warning ** Processing Monthly Tabular Reports: SpaceGainsMonthly
   **   ~~~   ** ..Variable name=ZONE GAS EQUIPMENT TOTAL HEATING ENERGY not valid for this simulation.
   **   ~~~   ** ..i.e., Variable name=MAIN_CORRIDOR_ZN_1_FLR_2:ZONE GAS EQUIPMENT TOTAL HEATING ENERGY not valid for this simulation.
   ** Warning ** Processing Monthly Tabular Reports: SpaceGainsMonthly
   **   ~~~   ** ..Variable name=ZONE HOT WATER EQUIPMENT TOTAL HEATING ENERGY not valid for this simulation.
   **   ~~~   ** ..i.e., Variable name=MAIN_CORRIDOR_ZN_1_FLR_2:ZONE HOT WATER EQUIPMENT TOTAL HEATING ENERGY not valid for this simulation.
   ** Warning ** Processing Monthly Tabular Reports: SpaceGainsMonthly
   **   ~~~   ** ..Variable name=ZONE STEAM EQUIPMENT TOTAL HEATING ENERGY not valid for this simulation.
   **   ~~~   ** ..i.e., Variable name=MAIN_CORRIDOR_ZN_1_FLR_2:ZONE STEAM EQUIPMENT TOTAL HEATING ENERGY not valid for this simulation.
   ** Warning ** Processing Monthly Tabular Reports: SpaceGainsMonthly
   **   ~~~   ** ..Variable name=ZONE OTHER EQUIPMENT TOTAL HEATING ENERGY not valid for this simulation.
   **   ~~~   ** ..i.e., Variable name=MAIN_CORRIDOR_ZN_1_FLR_2:ZONE OTHER EQUIPMENT TOTAL HEATING ENERGY not valid for this simulation.
   ** Warning ** Processing Monthly Tabular Reports: SpaceGainsMonthly
   **   ~~~   ** ..Variable name=ZONE GAS EQUIPMENT TOTAL HEATING ENERGY not valid for this simulation.
   **   ~~~   ** ..i.e., Variable name=LOBBY_ZN_1_FLR_1:ZONE GAS EQUIPMENT TOTAL HEATING ENERGY not valid for this simulation.
   ** Warning ** Processing Monthly Tabular Reports: SpaceGainsMonthly
   **   ~~~   ** ..Variable name=ZONE HOT WATER EQUIPMENT TOTAL HEATING ENERGY not valid for this simulation.
   **   ~~~   ** ..i.e., Variable name=LOBBY_ZN_1_FLR_1:ZONE HOT WATER EQUIPMENT TOTAL HEATING ENERGY not valid for this simulation.
   ** Warning ** Processing Monthly Tabular Reports: SpaceGainsMonthly
   **   ~~~   ** ..Variable name=ZONE STEAM EQUIPMENT TOTAL HEATING ENERGY not valid for this simulation.
   **   ~~~   ** ..i.e., Variable name=LOBBY_ZN_1_FLR_1:ZONE STEAM EQUIPMENT TOTAL HEATING ENERGY not valid for this simulation.
   ** Warning ** Processing Monthly Tabular Reports: SpaceGainsMonthly
   **   ~~~   ** ..Variable name=ZONE OTHER EQUIPMENT TOTAL HEATING ENERGY not valid for this simulation.
   **   ~~~   ** ..i.e., Variable name=LOBBY_ZN_1_FLR_1:ZONE OTHER EQUIPMENT TOTAL HEATING ENERGY not valid for this simulation.
   ** Warning ** Processing Monthly Tabular Reports: SpaceGainsMonthly
   **   ~~~   ** ..Variable name=ZONE GAS EQUIPMENT TOTAL HEATING ENERGY not valid for this simulation.
   **   ~~~   ** ..i.e., Variable name=LOBBY_ZN_1_FLR_2:ZONE GAS EQUIPMENT TOTAL HEATING ENERGY not valid for this simulation.
   ** Warning ** Processing Monthly Tabular Reports: SpaceGainsMonthly
   **   ~~~   ** ..Variable name=ZONE HOT WATER EQUIPMENT TOTAL HEATING ENERGY not valid for this simulation.
   **   ~~~   ** ..i.e., Variable name=LOBBY_ZN_1_FLR_2:ZONE HOT WATER EQUIPMENT TOTAL HEATING ENERGY not valid for this simulation.
   ** Warning ** Processing Monthly Tabular Reports: SpaceGainsMonthly
   **   ~~~   ** ..Variable name=ZONE STEAM EQUIPMENT TOTAL HEATING ENERGY not valid for this simulation.
   **   ~~~   ** ..i.e., Variable name=LOBBY_ZN_1_FLR_2:ZONE STEAM EQUIPMENT TOTAL HEATING ENERGY not valid for this simulation.
   ** Warning ** Processing Monthly Tabular Reports: SpaceGainsMonthly
   **   ~~~   ** ..Variable name=ZONE OTHER EQUIPMENT TOTAL HEATING ENERGY not valid for this simulation.
   **   ~~~   ** ..i.e., Variable name=LOBBY_ZN_1_FLR_2:ZONE OTHER EQUIPMENT TOTAL HEATING ENERGY not valid for this simulation.
   ** Warning ** Processing Monthly Tabular Reports: SpaceGainsMonthly
   **   ~~~   ** ..Variable name=ZONE GAS EQUIPMENT TOTAL HEATING ENERGY not valid for this simulation.
   **   ~~~   ** ..i.e., Variable name=BATHROOMS_ZN_1_FLR_1:ZONE GAS EQUIPMENT TOTAL HEATING ENERGY not valid for this simulation.
   ** Warning ** Processing Monthly Tabular Reports: SpaceGainsMonthly
   **   ~~~   ** ..Variable name=ZONE HOT WATER EQUIPMENT TOTAL HEATING ENERGY not valid for this simulation.
   **   ~~~   ** ..i.e., Variable name=BATHROOMS_ZN_1_FLR_1:ZONE HOT WATER EQUIPMENT TOTAL HEATING ENERGY not valid for this simulation.
   ** Warning ** Processing Monthly Tabular Reports: SpaceGainsMonthly
   **   ~~~   ** ..Variable name=ZONE STEAM EQUIPMENT TOTAL HEATING ENERGY not valid for this simulation.
   **   ~~~   ** ..i.e., Variable name=BATHROOMS_ZN_1_FLR_1:ZONE STEAM EQUIPMENT TOTAL HEATING ENERGY not valid for this simulation.
   ** Warning ** Processing Monthly Tabular Reports: SpaceGainsMonthly
   **   ~~~   ** ..Variable name=ZONE OTHER EQUIPMENT TOTAL HEATING ENERGY not valid for this simulation.
   **   ~~~   ** ..i.e., Variable name=BATHROOMS_ZN_1_FLR_1:ZONE OTHER EQUIPMENT TOTAL HEATING ENERGY not valid for this simulation.
   ** Warning ** Processing Monthly Tabular Reports: SpaceGainsMonthly
   **   ~~~   ** ..Variable name=ZONE GAS EQUIPMENT TOTAL HEATING ENERGY not valid for this simulation.
   **   ~~~   ** ..i.e., Variable name=BATHROOMS_ZN_1_FLR_2:ZONE GAS EQUIPMENT TOTAL HEATING ENERGY not valid for this simulation.
   ** Warning ** Processing Monthly Tabular Reports: SpaceGainsMonthly
   **   ~~~   ** ..Variable name=ZONE HOT WATER EQUIPMENT TOTAL HEATING ENERGY not valid for this simulation.
   **   ~~~   ** ..i.e., Variable name=BATHROOMS_ZN_1_FLR_2:ZONE HOT WATER EQUIPMENT TOTAL HEATING ENERGY not valid for this simulation.
   ** Warning ** Processing Monthly Tabular Reports: SpaceGainsMonthly
   **   ~~~   ** ..Variable name=ZONE STEAM EQUIPMENT TOTAL HEATING ENERGY not valid for this simulation.
   **   ~~~   ** ..i.e., Variable name=BATHROOMS_ZN_1_FLR_2:ZONE STEAM EQUIPMENT TOTAL HEATING ENERGY not valid for this simulation.
   ** Warning ** Processing Monthly Tabular Reports: SpaceGainsMonthly
   **   ~~~   ** ..Variable name=ZONE OTHER EQUIPMENT TOTAL HEATING ENERGY not valid for this simulation.
   **   ~~~   ** ..i.e., Variable name=BATHROOMS_ZN_1_FLR_2:ZONE OTHER EQUIPMENT TOTAL HEATING ENERGY not valid for this simulation.
   ** Warning ** Processing Monthly Tabular Reports: SpaceGainsMonthly
   **   ~~~   ** ..Variable name=ZONE GAS EQUIPMENT TOTAL HEATING ENERGY not valid for this simulation.
   **   ~~~   ** ..i.e., Variable name=OFFICES_ZN_1_FLR_1:ZONE GAS EQUIPMENT TOTAL HEATING ENERGY not valid for this simulation.
   ** Warning ** Processing Monthly Tabular Reports: SpaceGainsMonthly
   **   ~~~   ** ..Variable name=ZONE HOT WATER EQUIPMENT TOTAL HEATING ENERGY not valid for this simulation.
   **   ~~~   ** ..i.e., Variable name=OFFICES_ZN_1_FLR_1:ZONE HOT WATER EQUIPMENT TOTAL HEATING ENERGY not valid for this simulation.
   ** Warning ** Processing Monthly Tabular Reports: SpaceGainsMonthly
   **   ~~~   ** ..Variable name=ZONE STEAM EQUIPMENT TOTAL HEATING ENERGY not valid for this simulation.
   **   ~~~   ** ..i.e., Variable name=OFFICES_ZN_1_FLR_1:ZONE STEAM EQUIPMENT TOTAL HEATING ENERGY not valid for this simulation.
   ** Warning ** Processing Monthly Tabular Reports: SpaceGainsMonthly
   **   ~~~   ** ..Variable name=ZONE OTHER EQUIPMENT TOTAL HEATING ENERGY not valid for this simulation.
   **   ~~~   ** ..i.e., Variable name=OFFICES_ZN_1_FLR_1:ZONE OTHER EQUIPMENT TOTAL HEATING ENERGY not valid for this simulation.
   ** Warning ** Processing Monthly Tabular Reports: SpaceGainsMonthly
   **   ~~~   ** ..Variable name=ZONE GAS EQUIPMENT TOTAL HEATING ENERGY not valid for this simulation.
   **   ~~~   ** ..i.e., Variable name=OFFICES_ZN_1_FLR_2:ZONE GAS EQUIPMENT TOTAL HEATING ENERGY not valid for this simulation.
   ** Warning ** Processing Monthly Tabular Reports: SpaceGainsMonthly
   **   ~~~   ** ..Variable name=ZONE HOT WATER EQUIPMENT TOTAL HEATING ENERGY not valid for this simulation.
   **   ~~~   ** ..i.e., Variable name=OFFICES_ZN_1_FLR_2:ZONE HOT WATER EQUIPMENT TOTAL HEATING ENERGY not valid for this simulation.
   ** Warning ** Processing Monthly Tabular Reports: SpaceGainsMonthly
   **   ~~~   ** ..Variable name=ZONE STEAM EQUIPMENT TOTAL HEATING ENERGY not valid for this simulation.
   **   ~~~   ** ..i.e., Variable name=OFFICES_ZN_1_FLR_2:ZONE STEAM EQUIPMENT TOTAL HEATING ENERGY not valid for this simulation.
   ** Warning ** Processing Monthly Tabular Reports: SpaceGainsMonthly
   **   ~~~   ** ..Variable name=ZONE OTHER EQUIPMENT TOTAL HEATING ENERGY not valid for this simulation.
   **   ~~~   ** ..i.e., Variable name=OFFICES_ZN_1_FLR_2:ZONE OTHER EQUIPMENT TOTAL HEATING ENERGY not valid for this simulation.
   ** Warning ** Processing Monthly Tabular Reports: SpaceGainsMonthly
   **   ~~~   ** ..Variable name=ZONE GAS EQUIPMENT TOTAL HEATING ENERGY not valid for this simulation.
   **   ~~~   ** ..i.e., Variable name=GYM_ZN_1_FLR_1:ZONE GAS EQUIPMENT TOTAL HEATING ENERGY not valid for this simulation.
   ** Warning ** Processing Monthly Tabular Reports: SpaceGainsMonthly
   **   ~~~   ** ..Variable name=ZONE HOT WATER EQUIPMENT TOTAL HEATING ENERGY not valid for this simulation.
   **   ~~~   ** ..i.e., Variable name=GYM_ZN_1_FLR_1:ZONE HOT WATER EQUIPMENT TOTAL HEATING ENERGY not valid for this simulation.
   ** Warning ** Processing Monthly Tabular Reports: SpaceGainsMonthly
   **   ~~~   ** ..Variable name=ZONE STEAM EQUIPMENT TOTAL HEATING ENERGY not valid for this simulation.
   **   ~~~   ** ..i.e., Variable name=GYM_ZN_1_FLR_1:ZONE STEAM EQUIPMENT TOTAL HEATING ENERGY not valid for this simulation.
   ** Warning ** Processing Monthly Tabular Reports: SpaceGainsMonthly
   **   ~~~   ** ..Variable name=ZONE OTHER EQUIPMENT TOTAL HEATING ENERGY not valid for this simulation.
   **   ~~~   ** ..i.e., Variable name=GYM_ZN_1_FLR_1:ZONE OTHER EQUIPMENT TOTAL HEATING ENERGY not valid for this simulation.
   ** Warning ** Processing Monthly Tabular Reports: SpaceGainsMonthly
   **   ~~~   ** ..Variable name=ZONE GAS EQUIPMENT TOTAL HEATING ENERGY not valid for this simulation.
   **   ~~~   ** ..i.e., Variable name=AUX_GYM_ZN_1_FLR_1:ZONE GAS EQUIPMENT TOTAL HEATING ENERGY not valid for this simulation.
   ** Warning ** Processing Monthly Tabular Reports: SpaceGainsMonthly
   **   ~~~   ** ..Variable name=ZONE HOT WATER EQUIPMENT TOTAL HEATING ENERGY not valid for this simulation.
   **   ~~~   ** ..i.e., Variable name=AUX_GYM_ZN_1_FLR_1:ZONE HOT WATER EQUIPMENT TOTAL HEATING ENERGY not valid for this simulation.
   ** Warning ** Processing Monthly Tabular Reports: SpaceGainsMonthly
   **   ~~~   ** ..Variable name=ZONE STEAM EQUIPMENT TOTAL HEATING ENERGY not valid for this simulation.
   **   ~~~   ** ..i.e., Variable name=AUX_GYM_ZN_1_FLR_1:ZONE STEAM EQUIPMENT TOTAL HEATING ENERGY not valid for this simulation.
   ** Warning ** Processing Monthly Tabular Reports: SpaceGainsMonthly
   **   ~~~   ** ..Variable name=ZONE OTHER EQUIPMENT TOTAL HEATING ENERGY not valid for this simulation.
   **   ~~~   ** ..i.e., Variable name=AUX_GYM_ZN_1_FLR_1:ZONE OTHER EQUIPMENT TOTAL HEATING ENERGY not valid for this simulation.
   ** Warning ** Processing Monthly Tabular Reports: SpaceGainsMonthly
   **   ~~~   ** ..Variable name=ZONE GAS EQUIPMENT TOTAL HEATING ENERGY not valid for this simulation.
   **   ~~~   ** ..i.e., Variable name=AUDITORIUM_ZN_1_FLR_1:ZONE GAS EQUIPMENT TOTAL HEATING ENERGY not valid for this simulation.
   ** Warning ** Processing Monthly Tabular Reports: SpaceGainsMonthly
   **   ~~~   ** ..Variable name=ZONE HOT WATER EQUIPMENT TOTAL HEATING ENERGY not valid for this simulation.
   **   ~~~   ** ..i.e., Variable name=AUDITORIUM_ZN_1_FLR_1:ZONE HOT WATER EQUIPMENT TOTAL HEATING ENERGY not valid for this simulation.
   ** Warning ** Processing Monthly Tabular Reports: SpaceGainsMonthly
   **   ~~~   ** ..Variable name=ZONE STEAM EQUIPMENT TOTAL HEATING ENERGY not valid for this simulation.
   **   ~~~   ** ..i.e., Variable name=AUDITORIUM_ZN_1_FLR_1:ZONE STEAM EQUIPMENT TOTAL HEATING ENERGY not valid for this simulation.
   ** Warning ** Processing Monthly Tabular Reports: SpaceGainsMonthly
   **   ~~~   ** ..Variable name=ZONE OTHER EQUIPMENT TOTAL HEATING ENERGY not valid for this simulation.
   **   ~~~   ** ..i.e., Variable name=AUDITORIUM_ZN_1_FLR_1:ZONE OTHER EQUIPMENT TOTAL HEATING ENERGY not valid for this simulation.
   ** Warning ** Processing Monthly Tabular Reports: SpaceGainsMonthly
   **   ~~~   ** ..Variable name=ZONE HOT WATER EQUIPMENT TOTAL HEATING ENERGY not valid for this simulation.
   **   ~~~   ** ..i.e., Variable name=KITCHEN_ZN_1_FLR_1:ZONE HOT WATER EQUIPMENT TOTAL HEATING ENERGY not valid for this simulation.
   ** Warning ** Processing Monthly Tabular Reports: SpaceGainsMonthly
   **   ~~~   ** ..Variable name=ZONE STEAM EQUIPMENT TOTAL HEATING ENERGY not valid for this simulation.
   **   ~~~   ** ..i.e., Variable name=KITCHEN_ZN_1_FLR_1:ZONE STEAM EQUIPMENT TOTAL HEATING ENERGY not valid for this simulation.
   ** Warning ** Processing Monthly Tabular Reports: SpaceGainsMonthly
   **   ~~~   ** ..Variable name=ZONE OTHER EQUIPMENT TOTAL HEATING ENERGY not valid for this simulation.
   **   ~~~   ** ..i.e., Variable name=KITCHEN_ZN_1_FLR_1:ZONE OTHER EQUIPMENT TOTAL HEATING ENERGY not valid for this simulation.
   ** Warning ** Processing Monthly Tabular Reports: SpaceGainsMonthly
   **   ~~~   ** ..Variable name=ZONE GAS EQUIPMENT TOTAL HEATING ENERGY not valid for this simulation.
   **   ~~~   ** ..i.e., Variable name=LIBRARY_MEDIA_CENTER_ZN_1_FLR_2:ZONE GAS EQUIPMENT TOTAL HEATING ENERGY not valid for this simulation.
   ** Warning ** Processing Monthly Tabular Reports: SpaceGainsMonthly
   **   ~~~   ** ..Variable name=ZONE HOT WATER EQUIPMENT TOTAL HEATING ENERGY not valid for this simulation.
   **   ~~~   ** ..i.e., Variable name=LIBRARY_MEDIA_CENTER_ZN_1_FLR_2:ZONE HOT WATER EQUIPMENT TOTAL HEATING ENERGY not valid for this simulation.
   ** Warning ** Processing Monthly Tabular Reports: SpaceGainsMonthly
   **   ~~~   ** ..Variable name=ZONE STEAM EQUIPMENT TOTAL HEATING ENERGY not valid for this simulation.
   **   ~~~   ** ..i.e., Variable name=LIBRARY_MEDIA_CENTER_ZN_1_FLR_2:ZONE STEAM EQUIPMENT TOTAL HEATING ENERGY not valid for this simulation.
   ** Warning ** Processing Monthly Tabular Reports: SpaceGainsMonthly
   **   ~~~   ** ..Variable name=ZONE OTHER EQUIPMENT TOTAL HEATING ENERGY not valid for this simulation.
   **   ~~~   ** ..i.e., Variable name=LIBRARY_MEDIA_CENTER_ZN_1_FLR_2:ZONE OTHER EQUIPMENT TOTAL HEATING ENERGY not valid for this simulation.
   ** Warning ** Processing Monthly Tabular Reports: SpaceGainsMonthly
   **   ~~~   ** ..Variable name=ZONE GAS EQUIPMENT TOTAL HEATING ENERGY not valid for this simulation.
   **   ~~~   ** ..i.e., Variable name=CAFETERIA_ZN_1_FLR_1:ZONE GAS EQUIPMENT TOTAL HEATING ENERGY not valid for this simulation.
   ** Warning ** Processing Monthly Tabular Reports: SpaceGainsMonthly
   **   ~~~   ** ..Variable name=ZONE HOT WATER EQUIPMENT TOTAL HEATING ENERGY not valid for this simulation.
   **   ~~~   ** ..i.e., Variable name=CAFETERIA_ZN_1_FLR_1:ZONE HOT WATER EQUIPMENT TOTAL HEATING ENERGY not valid for this simulation.
   ** Warning ** Processing Monthly Tabular Reports: SpaceGainsMonthly
   **   ~~~   ** ..Variable name=ZONE STEAM EQUIPMENT TOTAL HEATING ENERGY not valid for this simulation.
   **   ~~~   ** ..i.e., Variable name=CAFETERIA_ZN_1_FLR_1:ZONE STEAM EQUIPMENT TOTAL HEATING ENERGY not valid for this simulation.
   ** Warning ** Processing Monthly Tabular Reports: SpaceGainsMonthly
   **   ~~~   ** ..Variable name=ZONE OTHER EQUIPMENT TOTAL HEATING ENERGY not valid for this simulation.
   **   ~~~   ** ..i.e., Variable name=CAFETERIA_ZN_1_FLR_1:ZONE OTHER EQUIPMENT TOTAL HEATING ENERGY not valid for this simulation.
   ** Warning ** Processing Monthly Tabular Reports: SpaceGainsMonthly
   **   ~~~   ** ..Variable name=ZONE GAS EQUIPMENT TOTAL HEATING ENERGY not valid for this simulation.
   **   ~~~   ** ..i.e., Variable name=MECH_ZN_1_FLR_1:ZONE GAS EQUIPMENT TOTAL HEATING ENERGY not valid for this simulation.
   ** Warning ** Processing Monthly Tabular Reports: SpaceGainsMonthly
   **   ~~~   ** ..Variable name=ZONE HOT WATER EQUIPMENT TOTAL HEATING ENERGY not valid for this simulation.
   **   ~~~   ** ..i.e., Variable name=MECH_ZN_1_FLR_1:ZONE HOT WATER EQUIPMENT TOTAL HEATING ENERGY not valid for this simulation.
   ** Warning ** Processing Monthly Tabular Reports: SpaceGainsMonthly
   **   ~~~   ** ..Variable name=ZONE STEAM EQUIPMENT TOTAL HEATING ENERGY not valid for this simulation.
   **   ~~~   ** ..i.e., Variable name=MECH_ZN_1_FLR_1:ZONE STEAM EQUIPMENT TOTAL HEATING ENERGY not valid for this simulation.
   ** Warning ** Processing Monthly Tabular Reports: SpaceGainsMonthly
   **   ~~~   ** ..Variable name=ZONE OTHER EQUIPMENT TOTAL HEATING ENERGY not valid for this simulation.
   **   ~~~   ** ..i.e., Variable name=MECH_ZN_1_FLR_1:ZONE OTHER EQUIPMENT TOTAL HEATING ENERGY not valid for this simulation.
   ** Warning ** Processing Monthly Tabular Reports: SpaceGainsMonthly
   **   ~~~   ** ..Variable name=ZONE INFILTRATION SENSIBLE HEAT GAIN ENERGY not valid for this simulation.
   **   ~~~   ** ..i.e., Variable name=MECH_ZN_1_FLR_1:ZONE INFILTRATION SENSIBLE HEAT GAIN ENERGY not valid for this simulation.
   ** Warning ** Processing Monthly Tabular Reports: SpaceGainsMonthly
   **   ~~~   ** ..Variable name=ZONE INFILTRATION SENSIBLE HEAT LOSS ENERGY not valid for this simulation.
   **   ~~~   ** ..i.e., Variable name=MECH_ZN_1_FLR_1:ZONE INFILTRATION SENSIBLE HEAT LOSS ENERGY not valid for this simulation.
   ** Warning ** Processing Monthly Tabular Reports: SpaceGainsMonthly
   **   ~~~   ** ..Variable name=ZONE GAS EQUIPMENT TOTAL HEATING ENERGY not valid for this simulation.
   **   ~~~   ** ..i.e., Variable name=MECH_ZN_1_FLR_2:ZONE GAS EQUIPMENT TOTAL HEATING ENERGY not valid for this simulation.
   ** Warning ** Processing Monthly Tabular Reports: SpaceGainsMonthly
   **   ~~~   ** ..Variable name=ZONE HOT WATER EQUIPMENT TOTAL HEATING ENERGY not valid for this simulation.
   **   ~~~   ** ..i.e., Variable name=MECH_ZN_1_FLR_2:ZONE HOT WATER EQUIPMENT TOTAL HEATING ENERGY not valid for this simulation.
   ** Warning ** Processing Monthly Tabular Reports: SpaceGainsMonthly
   **   ~~~   ** ..Variable name=ZONE STEAM EQUIPMENT TOTAL HEATING ENERGY not valid for this simulation.
   **   ~~~   ** ..i.e., Variable name=MECH_ZN_1_FLR_2:ZONE STEAM EQUIPMENT TOTAL HEATING ENERGY not valid for this simulation.
   ** Warning ** Processing Monthly Tabular Reports: SpaceGainsMonthly
   **   ~~~   ** ..Variable name=ZONE OTHER EQUIPMENT TOTAL HEATING ENERGY not valid for this simulation.
   **   ~~~   ** ..i.e., Variable name=MECH_ZN_1_FLR_2:ZONE OTHER EQUIPMENT TOTAL HEATING ENERGY not valid for this simulation.
   ** Warning ** Processing Monthly Tabular Reports: PeakSpaceGainsMonthly
   **   ~~~   ** ..Variable name=ZONE HOT WATER EQUIPMENT TOTAL HEATING ENERGY not valid for this simulation.
   ** Warning ** Processing Monthly Tabular Reports: PeakSpaceGainsMonthly
   **   ~~~   ** ..Variable name=ZONE STEAM EQUIPMENT TOTAL HEATING ENERGY not valid for this simulation.
   ** Warning ** Processing Monthly Tabular Reports: PeakSpaceGainsMonthly
   **   ~~~   ** ..Variable name=ZONE OTHER EQUIPMENT TOTAL HEATING ENERGY not valid for this simulation.
   ** Warning ** Processing Monthly Tabular Reports: PeakSpaceGainsMonthly
   **   ~~~   ** ..Variable name=ZONE GAS EQUIPMENT TOTAL HEATING ENERGY not valid for this simulation.
   **   ~~~   ** ..i.e., Variable name=CORNER_CLASS_1_POD_1_ZN_1_FLR_1:ZONE GAS EQUIPMENT TOTAL HEATING ENERGY not valid for this simulation.
   ** Warning ** Processing Monthly Tabular Reports: PeakSpaceGainsMonthly
   **   ~~~   ** ..Variable name=ZONE HOT WATER EQUIPMENT TOTAL HEATING ENERGY not valid for this simulation.
   **   ~~~   ** ..i.e., Variable name=CORNER_CLASS_1_POD_1_ZN_1_FLR_1:ZONE HOT WATER EQUIPMENT TOTAL HEATING ENERGY not valid for this simulation.
   ** Warning ** Processing Monthly Tabular Reports: PeakSpaceGainsMonthly
   **   ~~~   ** ..Variable name=ZONE STEAM EQUIPMENT TOTAL HEATING ENERGY not valid for this simulation.
   **   ~~~   ** ..i.e., Variable name=CORNER_CLASS_1_POD_1_ZN_1_FLR_1:ZONE STEAM EQUIPMENT TOTAL HEATING ENERGY not valid for this simulation.
   ** Warning ** Processing Monthly Tabular Reports: PeakSpaceGainsMonthly
   **   ~~~   ** ..Variable name=ZONE OTHER EQUIPMENT TOTAL HEATING ENERGY not valid for this simulation.
   **   ~~~   ** ..i.e., Variable name=CORNER_CLASS_1_POD_1_ZN_1_FLR_1:ZONE OTHER EQUIPMENT TOTAL HEATING ENERGY not valid for this simulation.
   ** Warning ** Processing Monthly Tabular Reports: PeakSpaceGainsMonthly
   **   ~~~   ** ..Variable name=ZONE GAS EQUIPMENT TOTAL HEATING ENERGY not valid for this simulation.
   **   ~~~   ** ..i.e., Variable name=CORNER_CLASS_1_POD_1_ZN_1_FLR_2:ZONE GAS EQUIPMENT TOTAL HEATING ENERGY not valid for this simulation.
   ** Warning ** Processing Monthly Tabular Reports: PeakSpaceGainsMonthly
   **   ~~~   ** ..Variable name=ZONE HOT WATER EQUIPMENT TOTAL HEATING ENERGY not valid for this simulation.
   **   ~~~   ** ..i.e., Variable name=CORNER_CLASS_1_POD_1_ZN_1_FLR_2:ZONE HOT WATER EQUIPMENT TOTAL HEATING ENERGY not valid for this simulation.
   ** Warning ** Processing Monthly Tabular Reports: PeakSpaceGainsMonthly
   **   ~~~   ** ..Variable name=ZONE STEAM EQUIPMENT TOTAL HEATING ENERGY not valid for this simulation.
   **   ~~~   ** ..i.e., Variable name=CORNER_CLASS_1_POD_1_ZN_1_FLR_2:ZONE STEAM EQUIPMENT TOTAL HEATING ENERGY not valid for this simulation.
   ** Warning ** Processing Monthly Tabular Reports: PeakSpaceGainsMonthly
   **   ~~~   ** ..Variable name=ZONE OTHER EQUIPMENT TOTAL HEATING ENERGY not valid for this simulation.
   **   ~~~   ** ..i.e., Variable name=CORNER_CLASS_1_POD_1_ZN_1_FLR_2:ZONE OTHER EQUIPMENT TOTAL HEATING ENERGY not valid for this simulation.
   ** Warning ** Processing Monthly Tabular Reports: PeakSpaceGainsMonthly
   **   ~~~   ** ..Variable name=ZONE GAS EQUIPMENT TOTAL HEATING ENERGY not valid for this simulation.
   **   ~~~   ** ..i.e., Variable name=MULT_CLASS_1_POD_1_ZN_1_FLR_1:ZONE GAS EQUIPMENT TOTAL HEATING ENERGY not valid for this simulation.
   ** Warning ** Processing Monthly Tabular Reports: PeakSpaceGainsMonthly
   **   ~~~   ** ..Variable name=ZONE HOT WATER EQUIPMENT TOTAL HEATING ENERGY not valid for this simulation.
   **   ~~~   ** ..i.e., Variable name=MULT_CLASS_1_POD_1_ZN_1_FLR_1:ZONE HOT WATER EQUIPMENT TOTAL HEATING ENERGY not valid for this simulation.
   ** Warning ** Processing Monthly Tabular Reports: PeakSpaceGainsMonthly
   **   ~~~   ** ..Variable name=ZONE STEAM EQUIPMENT TOTAL HEATING ENERGY not valid for this simulation.
   **   ~~~   ** ..i.e., Variable name=MULT_CLASS_1_POD_1_ZN_1_FLR_1:ZONE STEAM EQUIPMENT TOTAL HEATING ENERGY not valid for this simulation.
   ** Warning ** Processing Monthly Tabular Reports: PeakSpaceGainsMonthly
   **   ~~~   ** ..Variable name=ZONE OTHER EQUIPMENT TOTAL HEATING ENERGY not valid for this simulation.
   **   ~~~   ** ..i.e., Variable name=MULT_CLASS_1_POD_1_ZN_1_FLR_1:ZONE OTHER EQUIPMENT TOTAL HEATING ENERGY not valid for this simulation.
   ** Warning ** Processing Monthly Tabular Reports: PeakSpaceGainsMonthly
   **   ~~~   ** ..Variable name=ZONE GAS EQUIPMENT TOTAL HEATING ENERGY not valid for this simulation.
   **   ~~~   ** ..i.e., Variable name=MULT_CLASS_1_POD_1_ZN_1_FLR_2:ZONE GAS EQUIPMENT TOTAL HEATING ENERGY not valid for this simulation.
   ** Warning ** Processing Monthly Tabular Reports: PeakSpaceGainsMonthly
   **   ~~~   ** ..Variable name=ZONE HOT WATER EQUIPMENT TOTAL HEATING ENERGY not valid for this simulation.
   **   ~~~   ** ..i.e., Variable name=MULT_CLASS_1_POD_1_ZN_1_FLR_2:ZONE HOT WATER EQUIPMENT TOTAL HEATING ENERGY not valid for this simulation.
   ** Warning ** Processing Monthly Tabular Reports: PeakSpaceGainsMonthly
   **   ~~~   ** ..Variable name=ZONE STEAM EQUIPMENT TOTAL HEATING ENERGY not valid for this simulation.
   **   ~~~   ** ..i.e., Variable name=MULT_CLASS_1_POD_1_ZN_1_FLR_2:ZONE STEAM EQUIPMENT TOTAL HEATING ENERGY not valid for this simulation.
   ** Warning ** Processing Monthly Tabular Reports: PeakSpaceGainsMonthly
   **   ~~~   ** ..Variable name=ZONE OTHER EQUIPMENT TOTAL HEATING ENERGY not valid for this simulation.
   **   ~~~   ** ..i.e., Variable name=MULT_CLASS_1_POD_1_ZN_1_FLR_2:ZONE OTHER EQUIPMENT TOTAL HEATING ENERGY not valid for this simulation.
   ** Warning ** Processing Monthly Tabular Reports: PeakSpaceGainsMonthly
   **   ~~~   ** ..Variable name=ZONE GAS EQUIPMENT TOTAL HEATING ENERGY not valid for this simulation.
   **   ~~~   ** ..i.e., Variable name=CORRIDOR_POD_1_ZN_1_FLR_1:ZONE GAS EQUIPMENT TOTAL HEATING ENERGY not valid for this simulation.
   ** Warning ** Processing Monthly Tabular Reports: PeakSpaceGainsMonthly
   **   ~~~   ** ..Variable name=ZONE HOT WATER EQUIPMENT TOTAL HEATING ENERGY not valid for this simulation.
   **   ~~~   ** ..i.e., Variable name=CORRIDOR_POD_1_ZN_1_FLR_1:ZONE HOT WATER EQUIPMENT TOTAL HEATING ENERGY not valid for this simulation.
   ** Warning ** Processing Monthly Tabular Reports: PeakSpaceGainsMonthly
   **   ~~~   ** ..Variable name=ZONE STEAM EQUIPMENT TOTAL HEATING ENERGY not valid for this simulation.
   **   ~~~   ** ..i.e., Variable name=CORRIDOR_POD_1_ZN_1_FLR_1:ZONE STEAM EQUIPMENT TOTAL HEATING ENERGY not valid for this simulation.
   ** Warning ** Processing Monthly Tabular Reports: PeakSpaceGainsMonthly
   **   ~~~   ** ..Variable name=ZONE OTHER EQUIPMENT TOTAL HEATING ENERGY not valid for this simulation.
   **   ~~~   ** ..i.e., Variable name=CORRIDOR_POD_1_ZN_1_FLR_1:ZONE OTHER EQUIPMENT TOTAL HEATING ENERGY not valid for this simulation.
   ** Warning ** Processing Monthly Tabular Reports: PeakSpaceGainsMonthly
   **   ~~~   ** ..Variable name=ZONE GAS EQUIPMENT TOTAL HEATING ENERGY not valid for this simulation.
   **   ~~~   ** ..i.e., Variable name=CORRIDOR_POD_1_ZN_1_FLR_2:ZONE GAS EQUIPMENT TOTAL HEATING ENERGY not valid for this simulation.
   ** Warning ** Processing Monthly Tabular Reports: PeakSpaceGainsMonthly
   **   ~~~   ** ..Variable name=ZONE HOT WATER EQUIPMENT TOTAL HEATING ENERGY not valid for this simulation.
   **   ~~~   ** ..i.e., Variable name=CORRIDOR_POD_1_ZN_1_FLR_2:ZONE HOT WATER EQUIPMENT TOTAL HEATING ENERGY not valid for this simulation.
   ** Warning ** Processing Monthly Tabular Reports: PeakSpaceGainsMonthly
   **   ~~~   ** ..Variable name=ZONE STEAM EQUIPMENT TOTAL HEATING ENERGY not valid for this simulation.
   **   ~~~   ** ..i.e., Variable name=CORRIDOR_POD_1_ZN_1_FLR_2:ZONE STEAM EQUIPMENT TOTAL HEATING ENERGY not valid for this simulation.
   ** Warning ** Processing Monthly Tabular Reports: PeakSpaceGainsMonthly
   **   ~~~   ** ..Variable name=ZONE OTHER EQUIPMENT TOTAL HEATING ENERGY not valid for this simulation.
   **   ~~~   ** ..i.e., Variable name=CORRIDOR_POD_1_ZN_1_FLR_2:ZONE OTHER EQUIPMENT TOTAL HEATING ENERGY not valid for this simulation.
   ** Warning ** Processing Monthly Tabular Reports: PeakSpaceGainsMonthly
   **   ~~~   ** ..Variable name=ZONE GAS EQUIPMENT TOTAL HEATING ENERGY not valid for this simulation.
   **   ~~~   ** ..i.e., Variable name=CORNER_CLASS_2_POD_1_ZN_1_FLR_1:ZONE GAS EQUIPMENT TOTAL HEATING ENERGY not valid for this simulation.
   ** Warning ** Processing Monthly Tabular Reports: PeakSpaceGainsMonthly
   **   ~~~   ** ..Variable name=ZONE HOT WATER EQUIPMENT TOTAL HEATING ENERGY not valid for this simulation.
   **   ~~~   ** ..i.e., Variable name=CORNER_CLASS_2_POD_1_ZN_1_FLR_1:ZONE HOT WATER EQUIPMENT TOTAL HEATING ENERGY not valid for this simulation.
   ** Warning ** Processing Monthly Tabular Reports: PeakSpaceGainsMonthly
   **   ~~~   ** ..Variable name=ZONE STEAM EQUIPMENT TOTAL HEATING ENERGY not valid for this simulation.
   **   ~~~   ** ..i.e., Variable name=CORNER_CLASS_2_POD_1_ZN_1_FLR_1:ZONE STEAM EQUIPMENT TOTAL HEATING ENERGY not valid for this simulation.
   ** Warning ** Processing Monthly Tabular Reports: PeakSpaceGainsMonthly
   **   ~~~   ** ..Variable name=ZONE OTHER EQUIPMENT TOTAL HEATING ENERGY not valid for this simulation.
   **   ~~~   ** ..i.e., Variable name=CORNER_CLASS_2_POD_1_ZN_1_FLR_1:ZONE OTHER EQUIPMENT TOTAL HEATING ENERGY not valid for this simulation.
   ** Warning ** Processing Monthly Tabular Reports: PeakSpaceGainsMonthly
   **   ~~~   ** ..Variable name=ZONE GAS EQUIPMENT TOTAL HEATING ENERGY not valid for this simulation.
   **   ~~~   ** ..i.e., Variable name=CORNER_CLASS_2_POD_1_ZN_1_FLR_2:ZONE GAS EQUIPMENT TOTAL HEATING ENERGY not valid for this simulation.
   ** Warning ** Processing Monthly Tabular Reports: PeakSpaceGainsMonthly
   **   ~~~   ** ..Variable name=ZONE HOT WATER EQUIPMENT TOTAL HEATING ENERGY not valid for this simulation.
   **   ~~~   ** ..i.e., Variable name=CORNER_CLASS_2_POD_1_ZN_1_FLR_2:ZONE HOT WATER EQUIPMENT TOTAL HEATING ENERGY not valid for this simulation.
   ** Warning ** Processing Monthly Tabular Reports: PeakSpaceGainsMonthly
   **   ~~~   ** ..Variable name=ZONE STEAM EQUIPMENT TOTAL HEATING ENERGY not valid for this simulation.
   **   ~~~   ** ..i.e., Variable name=CORNER_CLASS_2_POD_1_ZN_1_FLR_2:ZONE STEAM EQUIPMENT TOTAL HEATING ENERGY not valid for this simulation.
   ** Warning ** Processing Monthly Tabular Reports: PeakSpaceGainsMonthly
   **   ~~~   ** ..Variable name=ZONE OTHER EQUIPMENT TOTAL HEATING ENERGY not valid for this simulation.
   **   ~~~   ** ..i.e., Variable name=CORNER_CLASS_2_POD_1_ZN_1_FLR_2:ZONE OTHER EQUIPMENT TOTAL HEATING ENERGY not valid for this simulation.
   ** Warning ** Processing Monthly Tabular Reports: PeakSpaceGainsMonthly
   **   ~~~   ** ..Variable name=ZONE GAS EQUIPMENT TOTAL HEATING ENERGY not valid for this simulation.
   **   ~~~   ** ..i.e., Variable name=MULT_CLASS_2_POD_1_ZN_1_FLR_1:ZONE GAS EQUIPMENT TOTAL HEATING ENERGY not valid for this simulation.
   ** Warning ** Processing Monthly Tabular Reports: PeakSpaceGainsMonthly
   **   ~~~   ** ..Variable name=ZONE HOT WATER EQUIPMENT TOTAL HEATING ENERGY not valid for this simulation.
   **   ~~~   ** ..i.e., Variable name=MULT_CLASS_2_POD_1_ZN_1_FLR_1:ZONE HOT WATER EQUIPMENT TOTAL HEATING ENERGY not valid for this simulation.
   ** Warning ** Processing Monthly Tabular Reports: PeakSpaceGainsMonthly
   **   ~~~   ** ..Variable name=ZONE STEAM EQUIPMENT TOTAL HEATING ENERGY not valid for this simulation.
   **   ~~~   ** ..i.e., Variable name=MULT_CLASS_2_POD_1_ZN_1_FLR_1:ZONE STEAM EQUIPMENT TOTAL HEATING ENERGY not valid for this simulation.
   ** Warning ** Processing Monthly Tabular Reports: PeakSpaceGainsMonthly
   **   ~~~   ** ..Variable name=ZONE OTHER EQUIPMENT TOTAL HEATING ENERGY not valid for this simulation.
   **   ~~~   ** ..i.e., Variable name=MULT_CLASS_2_POD_1_ZN_1_FLR_1:ZONE OTHER EQUIPMENT TOTAL HEATING ENERGY not valid for this simulation.
   ** Warning ** Processing Monthly Tabular Reports: PeakSpaceGainsMonthly
   **   ~~~   ** ..Variable name=ZONE GAS EQUIPMENT TOTAL HEATING ENERGY not valid for this simulation.
   **   ~~~   ** ..i.e., Variable name=MULT_CLASS_2_POD_1_ZN_1_FLR_2:ZONE GAS EQUIPMENT TOTAL HEATING ENERGY not valid for this simulation.
   ** Warning ** Processing Monthly Tabular Reports: PeakSpaceGainsMonthly
   **   ~~~   ** ..Variable name=ZONE HOT WATER EQUIPMENT TOTAL HEATING ENERGY not valid for this simulation.
   **   ~~~   ** ..i.e., Variable name=MULT_CLASS_2_POD_1_ZN_1_FLR_2:ZONE HOT WATER EQUIPMENT TOTAL HEATING ENERGY not valid for this simulation.
   ** Warning ** Processing Monthly Tabular Reports: PeakSpaceGainsMonthly
   **   ~~~   ** ..Variable name=ZONE STEAM EQUIPMENT TOTAL HEATING ENERGY not valid for this simulation.
   **   ~~~   ** ..i.e., Variable name=MULT_CLASS_2_POD_1_ZN_1_FLR_2:ZONE STEAM EQUIPMENT TOTAL HEATING ENERGY not valid for this simulation.
   ** Warning ** Processing Monthly Tabular Reports: PeakSpaceGainsMonthly
   **   ~~~   ** ..Variable name=ZONE OTHER EQUIPMENT TOTAL HEATING ENERGY not valid for this simulation.
   **   ~~~   ** ..i.e., Variable name=MULT_CLASS_2_POD_1_ZN_1_FLR_2:ZONE OTHER EQUIPMENT TOTAL HEATING ENERGY not valid for this simulation.
   ** Warning ** Processing Monthly Tabular Reports: PeakSpaceGainsMonthly
   **   ~~~   ** ..Variable name=ZONE GAS EQUIPMENT TOTAL HEATING ENERGY not valid for this simulation.
   **   ~~~   ** ..i.e., Variable name=CORNER_CLASS_1_POD_2_ZN_1_FLR_1:ZONE GAS EQUIPMENT TOTAL HEATING ENERGY not valid for this simulation.
   ** Warning ** Processing Monthly Tabular Reports: PeakSpaceGainsMonthly
   **   ~~~   ** ..Variable name=ZONE HOT WATER EQUIPMENT TOTAL HEATING ENERGY not valid for this simulation.
   **   ~~~   ** ..i.e., Variable name=CORNER_CLASS_1_POD_2_ZN_1_FLR_1:ZONE HOT WATER EQUIPMENT TOTAL HEATING ENERGY not valid for this simulation.
   ** Warning ** Processing Monthly Tabular Reports: PeakSpaceGainsMonthly
   **   ~~~   ** ..Variable name=ZONE STEAM EQUIPMENT TOTAL HEATING ENERGY not valid for this simulation.
   **   ~~~   ** ..i.e., Variable name=CORNER_CLASS_1_POD_2_ZN_1_FLR_1:ZONE STEAM EQUIPMENT TOTAL HEATING ENERGY not valid for this simulation.
   ** Warning ** Processing Monthly Tabular Reports: PeakSpaceGainsMonthly
   **   ~~~   ** ..Variable name=ZONE OTHER EQUIPMENT TOTAL HEATING ENERGY not valid for this simulation.
   **   ~~~   ** ..i.e., Variable name=CORNER_CLASS_1_POD_2_ZN_1_FLR_1:ZONE OTHER EQUIPMENT TOTAL HEATING ENERGY not valid for this simulation.
   ** Warning ** Processing Monthly Tabular Reports: PeakSpaceGainsMonthly
   **   ~~~   ** ..Variable name=ZONE GAS EQUIPMENT TOTAL HEATING ENERGY not valid for this simulation.
   **   ~~~   ** ..i.e., Variable name=CORNER_CLASS_1_POD_2_ZN_1_FLR_2:ZONE GAS EQUIPMENT TOTAL HEATING ENERGY not valid for this simulation.
   ** Warning ** Processing Monthly Tabular Reports: PeakSpaceGainsMonthly
   **   ~~~   ** ..Variable name=ZONE HOT WATER EQUIPMENT TOTAL HEATING ENERGY not valid for this simulation.
   **   ~~~   ** ..i.e., Variable name=CORNER_CLASS_1_POD_2_ZN_1_FLR_2:ZONE HOT WATER EQUIPMENT TOTAL HEATING ENERGY not valid for this simulation.
   ** Warning ** Processing Monthly Tabular Reports: PeakSpaceGainsMonthly
   **   ~~~   ** ..Variable name=ZONE STEAM EQUIPMENT TOTAL HEATING ENERGY not valid for this simulation.
   **   ~~~   ** ..i.e., Variable name=CORNER_CLASS_1_POD_2_ZN_1_FLR_2:ZONE STEAM EQUIPMENT TOTAL HEATING ENERGY not valid for this simulation.
   ** Warning ** Processing Monthly Tabular Reports: PeakSpaceGainsMonthly
   **   ~~~   ** ..Variable name=ZONE OTHER EQUIPMENT TOTAL HEATING ENERGY not valid for this simulation.
   **   ~~~   ** ..i.e., Variable name=CORNER_CLASS_1_POD_2_ZN_1_FLR_2:ZONE OTHER EQUIPMENT TOTAL HEATING ENERGY not valid for this simulation.
   ** Warning ** Processing Monthly Tabular Reports: PeakSpaceGainsMonthly
   **   ~~~   ** ..Variable name=ZONE GAS EQUIPMENT TOTAL HEATING ENERGY not valid for this simulation.
   **   ~~~   ** ..i.e., Variable name=MULT_CLASS_1_POD_2_ZN_1_FLR_1:ZONE GAS EQUIPMENT TOTAL HEATING ENERGY not valid for this simulation.
   ** Warning ** Processing Monthly Tabular Reports: PeakSpaceGainsMonthly
   **   ~~~   ** ..Variable name=ZONE HOT WATER EQUIPMENT TOTAL HEATING ENERGY not valid for this simulation.
   **   ~~~   ** ..i.e., Variable name=MULT_CLASS_1_POD_2_ZN_1_FLR_1:ZONE HOT WATER EQUIPMENT TOTAL HEATING ENERGY not valid for this simulation.
   ** Warning ** Processing Monthly Tabular Reports: PeakSpaceGainsMonthly
   **   ~~~   ** ..Variable name=ZONE STEAM EQUIPMENT TOTAL HEATING ENERGY not valid for this simulation.
   **   ~~~   ** ..i.e., Variable name=MULT_CLASS_1_POD_2_ZN_1_FLR_1:ZONE STEAM EQUIPMENT TOTAL HEATING ENERGY not valid for this simulation.
   ** Warning ** Processing Monthly Tabular Reports: PeakSpaceGainsMonthly
   **   ~~~   ** ..Variable name=ZONE OTHER EQUIPMENT TOTAL HEATING ENERGY not valid for this simulation.
   **   ~~~   ** ..i.e., Variable name=MULT_CLASS_1_POD_2_ZN_1_FLR_1:ZONE OTHER EQUIPMENT TOTAL HEATING ENERGY not valid for this simulation.
   ** Warning ** Processing Monthly Tabular Reports: PeakSpaceGainsMonthly
   **   ~~~   ** ..Variable name=ZONE GAS EQUIPMENT TOTAL HEATING ENERGY not valid for this simulation.
   **   ~~~   ** ..i.e., Variable name=MULT_CLASS_1_POD_2_ZN_1_FLR_2:ZONE GAS EQUIPMENT TOTAL HEATING ENERGY not valid for this simulation.
   ** Warning ** Processing Monthly Tabular Reports: PeakSpaceGainsMonthly
   **   ~~~   ** ..Variable name=ZONE HOT WATER EQUIPMENT TOTAL HEATING ENERGY not valid for this simulation.
   **   ~~~   ** ..i.e., Variable name=MULT_CLASS_1_POD_2_ZN_1_FLR_2:ZONE HOT WATER EQUIPMENT TOTAL HEATING ENERGY not valid for this simulation.
   ** Warning ** Processing Monthly Tabular Reports: PeakSpaceGainsMonthly
   **   ~~~   ** ..Variable name=ZONE STEAM EQUIPMENT TOTAL HEATING ENERGY not valid for this simulation.
   **   ~~~   ** ..i.e., Variable name=MULT_CLASS_1_POD_2_ZN_1_FLR_2:ZONE STEAM EQUIPMENT TOTAL HEATING ENERGY not valid for this simulation.
   ** Warning ** Processing Monthly Tabular Reports: PeakSpaceGainsMonthly
   **   ~~~   ** ..Variable name=ZONE OTHER EQUIPMENT TOTAL HEATING ENERGY not valid for this simulation.
   **   ~~~   ** ..i.e., Variable name=MULT_CLASS_1_POD_2_ZN_1_FLR_2:ZONE OTHER EQUIPMENT TOTAL HEATING ENERGY not valid for this simulation.
   ** Warning ** Processing Monthly Tabular Reports: PeakSpaceGainsMonthly
   **   ~~~   ** ..Variable name=ZONE GAS EQUIPMENT TOTAL HEATING ENERGY not valid for this simulation.
   **   ~~~   ** ..i.e., Variable name=CORRIDOR_POD_2_ZN_1_FLR_1:ZONE GAS EQUIPMENT TOTAL HEATING ENERGY not valid for this simulation.
   ** Warning ** Processing Monthly Tabular Reports: PeakSpaceGainsMonthly
   **   ~~~   ** ..Variable name=ZONE HOT WATER EQUIPMENT TOTAL HEATING ENERGY not valid for this simulation.
   **   ~~~   ** ..i.e., Variable name=CORRIDOR_POD_2_ZN_1_FLR_1:ZONE HOT WATER EQUIPMENT TOTAL HEATING ENERGY not valid for this simulation.
   ** Warning ** Processing Monthly Tabular Reports: PeakSpaceGainsMonthly
   **   ~~~   ** ..Variable name=ZONE STEAM EQUIPMENT TOTAL HEATING ENERGY not valid for this simulation.
   **   ~~~   ** ..i.e., Variable name=CORRIDOR_POD_2_ZN_1_FLR_1:ZONE STEAM EQUIPMENT TOTAL HEATING ENERGY not valid for this simulation.
   ** Warning ** Processing Monthly Tabular Reports: PeakSpaceGainsMonthly
   **   ~~~   ** ..Variable name=ZONE OTHER EQUIPMENT TOTAL HEATING ENERGY not valid for this simulation.
   **   ~~~   ** ..i.e., Variable name=CORRIDOR_POD_2_ZN_1_FLR_1:ZONE OTHER EQUIPMENT TOTAL HEATING ENERGY not valid for this simulation.
   ** Warning ** Processing Monthly Tabular Reports: PeakSpaceGainsMonthly
   **   ~~~   ** ..Variable name=ZONE GAS EQUIPMENT TOTAL HEATING ENERGY not valid for this simulation.
   **   ~~~   ** ..i.e., Variable name=CORRIDOR_POD_2_ZN_1_FLR_2:ZONE GAS EQUIPMENT TOTAL HEATING ENERGY not valid for this simulation.
   ** Warning ** Processing Monthly Tabular Reports: PeakSpaceGainsMonthly
   **   ~~~   ** ..Variable name=ZONE HOT WATER EQUIPMENT TOTAL HEATING ENERGY not valid for this simulation.
   **   ~~~   ** ..i.e., Variable name=CORRIDOR_POD_2_ZN_1_FLR_2:ZONE HOT WATER EQUIPMENT TOTAL HEATING ENERGY not valid for this simulation.
   ** Warning ** Processing Monthly Tabular Reports: PeakSpaceGainsMonthly
   **   ~~~   ** ..Variable name=ZONE STEAM EQUIPMENT TOTAL HEATING ENERGY not valid for this simulation.
   **   ~~~   ** ..i.e., Variable name=CORRIDOR_POD_2_ZN_1_FLR_2:ZONE STEAM EQUIPMENT TOTAL HEATING ENERGY not valid for this simulation.
   ** Warning ** Processing Monthly Tabular Reports: PeakSpaceGainsMonthly
   **   ~~~   ** ..Variable name=ZONE OTHER EQUIPMENT TOTAL HEATING ENERGY not valid for this simulation.
   **   ~~~   ** ..i.e., Variable name=CORRIDOR_POD_2_ZN_1_FLR_2:ZONE OTHER EQUIPMENT TOTAL HEATING ENERGY not valid for this simulation.
   ** Warning ** Processing Monthly Tabular Reports: PeakSpaceGainsMonthly
   **   ~~~   ** ..Variable name=ZONE GAS EQUIPMENT TOTAL HEATING ENERGY not valid for this simulation.
   **   ~~~   ** ..i.e., Variable name=CORNER_CLASS_2_POD_2_ZN_1_FLR_1:ZONE GAS EQUIPMENT TOTAL HEATING ENERGY not valid for this simulation.
   ** Warning ** Processing Monthly Tabular Reports: PeakSpaceGainsMonthly
   **   ~~~   ** ..Variable name=ZONE HOT WATER EQUIPMENT TOTAL HEATING ENERGY not valid for this simulation.
   **   ~~~   ** ..i.e., Variable name=CORNER_CLASS_2_POD_2_ZN_1_FLR_1:ZONE HOT WATER EQUIPMENT TOTAL HEATING ENERGY not valid for this simulation.
   ** Warning ** Processing Monthly Tabular Reports: PeakSpaceGainsMonthly
   **   ~~~   ** ..Variable name=ZONE STEAM EQUIPMENT TOTAL HEATING ENERGY not valid for this simulation.
   **   ~~~   ** ..i.e., Variable name=CORNER_CLASS_2_POD_2_ZN_1_FLR_1:ZONE STEAM EQUIPMENT TOTAL HEATING ENERGY not valid for this simulation.
   ** Warning ** Processing Monthly Tabular Reports: PeakSpaceGainsMonthly
   **   ~~~   ** ..Variable name=ZONE OTHER EQUIPMENT TOTAL HEATING ENERGY not valid for this simulation.
   **   ~~~   ** ..i.e., Variable name=CORNER_CLASS_2_POD_2_ZN_1_FLR_1:ZONE OTHER EQUIPMENT TOTAL HEATING ENERGY not valid for this simulation.
   ** Warning ** Processing Monthly Tabular Reports: PeakSpaceGainsMonthly
   **   ~~~   ** ..Variable name=ZONE GAS EQUIPMENT TOTAL HEATING ENERGY not valid for this simulation.
   **   ~~~   ** ..i.e., Variable name=CORNER_CLASS_2_POD_2_ZN_1_FLR_2:ZONE GAS EQUIPMENT TOTAL HEATING ENERGY not valid for this simulation.
   ** Warning ** Processing Monthly Tabular Reports: PeakSpaceGainsMonthly
   **   ~~~   ** ..Variable name=ZONE HOT WATER EQUIPMENT TOTAL HEATING ENERGY not valid for this simulation.
   **   ~~~   ** ..i.e., Variable name=CORNER_CLASS_2_POD_2_ZN_1_FLR_2:ZONE HOT WATER EQUIPMENT TOTAL HEATING ENERGY not valid for this simulation.
   ** Warning ** Processing Monthly Tabular Reports: PeakSpaceGainsMonthly
   **   ~~~   ** ..Variable name=ZONE STEAM EQUIPMENT TOTAL HEATING ENERGY not valid for this simulation.
   **   ~~~   ** ..i.e., Variable name=CORNER_CLASS_2_POD_2_ZN_1_FLR_2:ZONE STEAM EQUIPMENT TOTAL HEATING ENERGY not valid for this simulation.
   ** Warning ** Processing Monthly Tabular Reports: PeakSpaceGainsMonthly
   **   ~~~   ** ..Variable name=ZONE OTHER EQUIPMENT TOTAL HEATING ENERGY not valid for this simulation.
   **   ~~~   ** ..i.e., Variable name=CORNER_CLASS_2_POD_2_ZN_1_FLR_2:ZONE OTHER EQUIPMENT TOTAL HEATING ENERGY not valid for this simulation.
   ** Warning ** Processing Monthly Tabular Reports: PeakSpaceGainsMonthly
   **   ~~~   ** ..Variable name=ZONE GAS EQUIPMENT TOTAL HEATING ENERGY not valid for this simulation.
   **   ~~~   ** ..i.e., Variable name=MULT_CLASS_2_POD_2_ZN_1_FLR_1:ZONE GAS EQUIPMENT TOTAL HEATING ENERGY not valid for this simulation.
   ** Warning ** Processing Monthly Tabular Reports: PeakSpaceGainsMonthly
   **   ~~~   ** ..Variable name=ZONE HOT WATER EQUIPMENT TOTAL HEATING ENERGY not valid for this simulation.
   **   ~~~   ** ..i.e., Variable name=MULT_CLASS_2_POD_2_ZN_1_FLR_1:ZONE HOT WATER EQUIPMENT TOTAL HEATING ENERGY not valid for this simulation.
   ** Warning ** Processing Monthly Tabular Reports: PeakSpaceGainsMonthly
   **   ~~~   ** ..Variable name=ZONE STEAM EQUIPMENT TOTAL HEATING ENERGY not valid for this simulation.
   **   ~~~   ** ..i.e., Variable name=MULT_CLASS_2_POD_2_ZN_1_FLR_1:ZONE STEAM EQUIPMENT TOTAL HEATING ENERGY not valid for this simulation.
   ** Warning ** Processing Monthly Tabular Reports: PeakSpaceGainsMonthly
   **   ~~~   ** ..Variable name=ZONE OTHER EQUIPMENT TOTAL HEATING ENERGY not valid for this simulation.
   **   ~~~   ** ..i.e., Variable name=MULT_CLASS_2_POD_2_ZN_1_FLR_1:ZONE OTHER EQUIPMENT TOTAL HEATING ENERGY not valid for this simulation.
   ** Warning ** Processing Monthly Tabular Reports: PeakSpaceGainsMonthly
   **   ~~~   ** ..Variable name=ZONE GAS EQUIPMENT TOTAL HEATING ENERGY not valid for this simulation.
   **   ~~~   ** ..i.e., Variable name=MULT_CLASS_2_POD_2_ZN_1_FLR_2:ZONE GAS EQUIPMENT TOTAL HEATING ENERGY not valid for this simulation.
   ** Warning ** Processing Monthly Tabular Reports: PeakSpaceGainsMonthly
   **   ~~~   ** ..Variable name=ZONE HOT WATER EQUIPMENT TOTAL HEATING ENERGY not valid for this simulation.
   **   ~~~   ** ..i.e., Variable name=MULT_CLASS_2_POD_2_ZN_1_FLR_2:ZONE HOT WATER EQUIPMENT TOTAL HEATING ENERGY not valid for this simulation.
   ** Warning ** Processing Monthly Tabular Reports: PeakSpaceGainsMonthly
   **   ~~~   ** ..Variable name=ZONE STEAM EQUIPMENT TOTAL HEATING ENERGY not valid for this simulation.
   **   ~~~   ** ..i.e., Variable name=MULT_CLASS_2_POD_2_ZN_1_FLR_2:ZONE STEAM EQUIPMENT TOTAL HEATING ENERGY not valid for this simulation.
   ** Warning ** Processing Monthly Tabular Reports: PeakSpaceGainsMonthly
   **   ~~~   ** ..Variable name=ZONE OTHER EQUIPMENT TOTAL HEATING ENERGY not valid for this simulation.
   **   ~~~   ** ..i.e., Variable name=MULT_CLASS_2_POD_2_ZN_1_FLR_2:ZONE OTHER EQUIPMENT TOTAL HEATING ENERGY not valid for this simulation.
   ** Warning ** Processing Monthly Tabular Reports: PeakSpaceGainsMonthly
   **   ~~~   ** ..Variable name=ZONE GAS EQUIPMENT TOTAL HEATING ENERGY not valid for this simulation.
   **   ~~~   ** ..i.e., Variable name=CORNER_CLASS_1_POD_3_ZN_1_FLR_1:ZONE GAS EQUIPMENT TOTAL HEATING ENERGY not valid for this simulation.
   ** Warning ** Processing Monthly Tabular Reports: PeakSpaceGainsMonthly
   **   ~~~   ** ..Variable name=ZONE HOT WATER EQUIPMENT TOTAL HEATING ENERGY not valid for this simulation.
   **   ~~~   ** ..i.e., Variable name=CORNER_CLASS_1_POD_3_ZN_1_FLR_1:ZONE HOT WATER EQUIPMENT TOTAL HEATING ENERGY not valid for this simulation.
   ** Warning ** Processing Monthly Tabular Reports: PeakSpaceGainsMonthly
   **   ~~~   ** ..Variable name=ZONE STEAM EQUIPMENT TOTAL HEATING ENERGY not valid for this simulation.
   **   ~~~   ** ..i.e., Variable name=CORNER_CLASS_1_POD_3_ZN_1_FLR_1:ZONE STEAM EQUIPMENT TOTAL HEATING ENERGY not valid for this simulation.
   ** Warning ** Processing Monthly Tabular Reports: PeakSpaceGainsMonthly
   **   ~~~   ** ..Variable name=ZONE OTHER EQUIPMENT TOTAL HEATING ENERGY not valid for this simulation.
   **   ~~~   ** ..i.e., Variable name=CORNER_CLASS_1_POD_3_ZN_1_FLR_1:ZONE OTHER EQUIPMENT TOTAL HEATING ENERGY not valid for this simulation.
   ** Warning ** Processing Monthly Tabular Reports: PeakSpaceGainsMonthly
   **   ~~~   ** ..Variable name=ZONE GAS EQUIPMENT TOTAL HEATING ENERGY not valid for this simulation.
   **   ~~~   ** ..i.e., Variable name=CORNER_CLASS_1_POD_3_ZN_1_FLR_2:ZONE GAS EQUIPMENT TOTAL HEATING ENERGY not valid for this simulation.
   ** Warning ** Processing Monthly Tabular Reports: PeakSpaceGainsMonthly
   **   ~~~   ** ..Variable name=ZONE HOT WATER EQUIPMENT TOTAL HEATING ENERGY not valid for this simulation.
   **   ~~~   ** ..i.e., Variable name=CORNER_CLASS_1_POD_3_ZN_1_FLR_2:ZONE HOT WATER EQUIPMENT TOTAL HEATING ENERGY not valid for this simulation.
   ** Warning ** Processing Monthly Tabular Reports: PeakSpaceGainsMonthly
   **   ~~~   ** ..Variable name=ZONE STEAM EQUIPMENT TOTAL HEATING ENERGY not valid for this simulation.
   **   ~~~   ** ..i.e., Variable name=CORNER_CLASS_1_POD_3_ZN_1_FLR_2:ZONE STEAM EQUIPMENT TOTAL HEATING ENERGY not valid for this simulation.
   ** Warning ** Processing Monthly Tabular Reports: PeakSpaceGainsMonthly
   **   ~~~   ** ..Variable name=ZONE OTHER EQUIPMENT TOTAL HEATING ENERGY not valid for this simulation.
   **   ~~~   ** ..i.e., Variable name=CORNER_CLASS_1_POD_3_ZN_1_FLR_2:ZONE OTHER EQUIPMENT TOTAL HEATING ENERGY not valid for this simulation.
   ** Warning ** Processing Monthly Tabular Reports: PeakSpaceGainsMonthly
   **   ~~~   ** ..Variable name=ZONE GAS EQUIPMENT TOTAL HEATING ENERGY not valid for this simulation.
   **   ~~~   ** ..i.e., Variable name=MULT_CLASS_1_POD_3_ZN_1_FLR_1:ZONE GAS EQUIPMENT TOTAL HEATING ENERGY not valid for this simulation.
   ** Warning ** Processing Monthly Tabular Reports: PeakSpaceGainsMonthly
   **   ~~~   ** ..Variable name=ZONE HOT WATER EQUIPMENT TOTAL HEATING ENERGY not valid for this simulation.
   **   ~~~   ** ..i.e., Variable name=MULT_CLASS_1_POD_3_ZN_1_FLR_1:ZONE HOT WATER EQUIPMENT TOTAL HEATING ENERGY not valid for this simulation.
   ** Warning ** Processing Monthly Tabular Reports: PeakSpaceGainsMonthly
   **   ~~~   ** ..Variable name=ZONE STEAM EQUIPMENT TOTAL HEATING ENERGY not valid for this simulation.
   **   ~~~   ** ..i.e., Variable name=MULT_CLASS_1_POD_3_ZN_1_FLR_1:ZONE STEAM EQUIPMENT TOTAL HEATING ENERGY not valid for this simulation.
   ** Warning ** Processing Monthly Tabular Reports: PeakSpaceGainsMonthly
   **   ~~~   ** ..Variable name=ZONE OTHER EQUIPMENT TOTAL HEATING ENERGY not valid for this simulation.
   **   ~~~   ** ..i.e., Variable name=MULT_CLASS_1_POD_3_ZN_1_FLR_1:ZONE OTHER EQUIPMENT TOTAL HEATING ENERGY not valid for this simulation.
   ** Warning ** Processing Monthly Tabular Reports: PeakSpaceGainsMonthly
   **   ~~~   ** ..Variable name=ZONE GAS EQUIPMENT TOTAL HEATING ENERGY not valid for this simulation.
   **   ~~~   ** ..i.e., Variable name=MULT_CLASS_1_POD_3_ZN_1_FLR_2:ZONE GAS EQUIPMENT TOTAL HEATING ENERGY not valid for this simulation.
   ** Warning ** Processing Monthly Tabular Reports: PeakSpaceGainsMonthly
   **   ~~~   ** ..Variable name=ZONE HOT WATER EQUIPMENT TOTAL HEATING ENERGY not valid for this simulation.
   **   ~~~   ** ..i.e., Variable name=MULT_CLASS_1_POD_3_ZN_1_FLR_2:ZONE HOT WATER EQUIPMENT TOTAL HEATING ENERGY not valid for this simulation.
   ** Warning ** Processing Monthly Tabular Reports: PeakSpaceGainsMonthly
   **   ~~~   ** ..Variable name=ZONE STEAM EQUIPMENT TOTAL HEATING ENERGY not valid for this simulation.
   **   ~~~   ** ..i.e., Variable name=MULT_CLASS_1_POD_3_ZN_1_FLR_2:ZONE STEAM EQUIPMENT TOTAL HEATING ENERGY not valid for this simulation.
   ** Warning ** Processing Monthly Tabular Reports: PeakSpaceGainsMonthly
   **   ~~~   ** ..Variable name=ZONE OTHER EQUIPMENT TOTAL HEATING ENERGY not valid for this simulation.
   **   ~~~   ** ..i.e., Variable name=MULT_CLASS_1_POD_3_ZN_1_FLR_2:ZONE OTHER EQUIPMENT TOTAL HEATING ENERGY not valid for this simulation.
   ** Warning ** Processing Monthly Tabular Reports: PeakSpaceGainsMonthly
   **   ~~~   ** ..Variable name=ZONE GAS EQUIPMENT TOTAL HEATING ENERGY not valid for this simulation.
   **   ~~~   ** ..i.e., Variable name=CORRIDOR_POD_3_ZN_1_FLR_1:ZONE GAS EQUIPMENT TOTAL HEATING ENERGY not valid for this simulation.
   ** Warning ** Processing Monthly Tabular Reports: PeakSpaceGainsMonthly
   **   ~~~   ** ..Variable name=ZONE HOT WATER EQUIPMENT TOTAL HEATING ENERGY not valid for this simulation.
   **   ~~~   ** ..i.e., Variable name=CORRIDOR_POD_3_ZN_1_FLR_1:ZONE HOT WATER EQUIPMENT TOTAL HEATING ENERGY not valid for this simulation.
   ** Warning ** Processing Monthly Tabular Reports: PeakSpaceGainsMonthly
   **   ~~~   ** ..Variable name=ZONE STEAM EQUIPMENT TOTAL HEATING ENERGY not valid for this simulation.
   **   ~~~   ** ..i.e., Variable name=CORRIDOR_POD_3_ZN_1_FLR_1:ZONE STEAM EQUIPMENT TOTAL HEATING ENERGY not valid for this simulation.
   ** Warning ** Processing Monthly Tabular Reports: PeakSpaceGainsMonthly
   **   ~~~   ** ..Variable name=ZONE OTHER EQUIPMENT TOTAL HEATING ENERGY not valid for this simulation.
   **   ~~~   ** ..i.e., Variable name=CORRIDOR_POD_3_ZN_1_FLR_1:ZONE OTHER EQUIPMENT TOTAL HEATING ENERGY not valid for this simulation.
   ** Warning ** Processing Monthly Tabular Reports: PeakSpaceGainsMonthly
   **   ~~~   ** ..Variable name=ZONE GAS EQUIPMENT TOTAL HEATING ENERGY not valid for this simulation.
   **   ~~~   ** ..i.e., Variable name=CORRIDOR_POD_3_ZN_1_FLR_2:ZONE GAS EQUIPMENT TOTAL HEATING ENERGY not valid for this simulation.
   ** Warning ** Processing Monthly Tabular Reports: PeakSpaceGainsMonthly
   **   ~~~   ** ..Variable name=ZONE HOT WATER EQUIPMENT TOTAL HEATING ENERGY not valid for this simulation.
   **   ~~~   ** ..i.e., Variable name=CORRIDOR_POD_3_ZN_1_FLR_2:ZONE HOT WATER EQUIPMENT TOTAL HEATING ENERGY not valid for this simulation.
   ** Warning ** Processing Monthly Tabular Reports: PeakSpaceGainsMonthly
   **   ~~~   ** ..Variable name=ZONE STEAM EQUIPMENT TOTAL HEATING ENERGY not valid for this simulation.
   **   ~~~   ** ..i.e., Variable name=CORRIDOR_POD_3_ZN_1_FLR_2:ZONE STEAM EQUIPMENT TOTAL HEATING ENERGY not valid for this simulation.
   ** Warning ** Processing Monthly Tabular Reports: PeakSpaceGainsMonthly
   **   ~~~   ** ..Variable name=ZONE OTHER EQUIPMENT TOTAL HEATING ENERGY not valid for this simulation.
   **   ~~~   ** ..i.e., Variable name=CORRIDOR_POD_3_ZN_1_FLR_2:ZONE OTHER EQUIPMENT TOTAL HEATING ENERGY not valid for this simulation.
   ** Warning ** Processing Monthly Tabular Reports: PeakSpaceGainsMonthly
   **   ~~~   ** ..Variable name=ZONE GAS EQUIPMENT TOTAL HEATING ENERGY not valid for this simulation.
   **   ~~~   ** ..i.e., Variable name=CORNER_CLASS_2_POD_3_ZN_1_FLR_1:ZONE GAS EQUIPMENT TOTAL HEATING ENERGY not valid for this simulation.
   ** Warning ** Processing Monthly Tabular Reports: PeakSpaceGainsMonthly
   **   ~~~   ** ..Variable name=ZONE HOT WATER EQUIPMENT TOTAL HEATING ENERGY not valid for this simulation.
   **   ~~~   ** ..i.e., Variable name=CORNER_CLASS_2_POD_3_ZN_1_FLR_1:ZONE HOT WATER EQUIPMENT TOTAL HEATING ENERGY not valid for this simulation.
   ** Warning ** Processing Monthly Tabular Reports: PeakSpaceGainsMonthly
   **   ~~~   ** ..Variable name=ZONE STEAM EQUIPMENT TOTAL HEATING ENERGY not valid for this simulation.
   **   ~~~   ** ..i.e., Variable name=CORNER_CLASS_2_POD_3_ZN_1_FLR_1:ZONE STEAM EQUIPMENT TOTAL HEATING ENERGY not valid for this simulation.
   ** Warning ** Processing Monthly Tabular Reports: PeakSpaceGainsMonthly
   **   ~~~   ** ..Variable name=ZONE OTHER EQUIPMENT TOTAL HEATING ENERGY not valid for this simulation.
   **   ~~~   ** ..i.e., Variable name=CORNER_CLASS_2_POD_3_ZN_1_FLR_1:ZONE OTHER EQUIPMENT TOTAL HEATING ENERGY not valid for this simulation.
   ** Warning ** Processing Monthly Tabular Reports: PeakSpaceGainsMonthly
   **   ~~~   ** ..Variable name=ZONE GAS EQUIPMENT TOTAL HEATING ENERGY not valid for this simulation.
   **   ~~~   ** ..i.e., Variable name=CORNER_CLASS_2_POD_3_ZN_1_FLR_2:ZONE GAS EQUIPMENT TOTAL HEATING ENERGY not valid for this simulation.
   ** Warning ** Processing Monthly Tabular Reports: PeakSpaceGainsMonthly
   **   ~~~   ** ..Variable name=ZONE HOT WATER EQUIPMENT TOTAL HEATING ENERGY not valid for this simulation.
   **   ~~~   ** ..i.e., Variable name=CORNER_CLASS_2_POD_3_ZN_1_FLR_2:ZONE HOT WATER EQUIPMENT TOTAL HEATING ENERGY not valid for this simulation.
   ** Warning ** Processing Monthly Tabular Reports: PeakSpaceGainsMonthly
   **   ~~~   ** ..Variable name=ZONE STEAM EQUIPMENT TOTAL HEATING ENERGY not valid for this simulation.
   **   ~~~   ** ..i.e., Variable name=CORNER_CLASS_2_POD_3_ZN_1_FLR_2:ZONE STEAM EQUIPMENT TOTAL HEATING ENERGY not valid for this simulation.
   ** Warning ** Processing Monthly Tabular Reports: PeakSpaceGainsMonthly
   **   ~~~   ** ..Variable name=ZONE OTHER EQUIPMENT TOTAL HEATING ENERGY not valid for this simulation.
   **   ~~~   ** ..i.e., Variable name=CORNER_CLASS_2_POD_3_ZN_1_FLR_2:ZONE OTHER EQUIPMENT TOTAL HEATING ENERGY not valid for this simulation.
   ** Warning ** Processing Monthly Tabular Reports: PeakSpaceGainsMonthly
   **   ~~~   ** ..Variable name=ZONE GAS EQUIPMENT TOTAL HEATING ENERGY not valid for this simulation.
   **   ~~~   ** ..i.e., Variable name=MULT_CLASS_2_POD_3_ZN_1_FLR_1:ZONE GAS EQUIPMENT TOTAL HEATING ENERGY not valid for this simulation.
   ** Warning ** Processing Monthly Tabular Reports: PeakSpaceGainsMonthly
   **   ~~~   ** ..Variable name=ZONE HOT WATER EQUIPMENT TOTAL HEATING ENERGY not valid for this simulation.
   **   ~~~   ** ..i.e., Variable name=MULT_CLASS_2_POD_3_ZN_1_FLR_1:ZONE HOT WATER EQUIPMENT TOTAL HEATING ENERGY not valid for this simulation.
   ** Warning ** Processing Monthly Tabular Reports: PeakSpaceGainsMonthly
   **   ~~~   ** ..Variable name=ZONE STEAM EQUIPMENT TOTAL HEATING ENERGY not valid for this simulation.
   **   ~~~   ** ..i.e., Variable name=MULT_CLASS_2_POD_3_ZN_1_FLR_1:ZONE STEAM EQUIPMENT TOTAL HEATING ENERGY not valid for this simulation.
   ** Warning ** Processing Monthly Tabular Reports: PeakSpaceGainsMonthly
   **   ~~~   ** ..Variable name=ZONE OTHER EQUIPMENT TOTAL HEATING ENERGY not valid for this simulation.
   **   ~~~   ** ..i.e., Variable name=MULT_CLASS_2_POD_3_ZN_1_FLR_1:ZONE OTHER EQUIPMENT TOTAL HEATING ENERGY not valid for this simulation.
   ** Warning ** Processing Monthly Tabular Reports: PeakSpaceGainsMonthly
   **   ~~~   ** ..Variable name=ZONE GAS EQUIPMENT TOTAL HEATING ENERGY not valid for this simulation.
   **   ~~~   ** ..i.e., Variable name=MULT_CLASS_2_POD_3_ZN_1_FLR_2:ZONE GAS EQUIPMENT TOTAL HEATING ENERGY not valid for this simulation.
   ** Warning ** Processing Monthly Tabular Reports: PeakSpaceGainsMonthly
   **   ~~~   ** ..Variable name=ZONE HOT WATER EQUIPMENT TOTAL HEATING ENERGY not valid for this simulation.
   **   ~~~   ** ..i.e., Variable name=MULT_CLASS_2_POD_3_ZN_1_FLR_2:ZONE HOT WATER EQUIPMENT TOTAL HEATING ENERGY not valid for this simulation.
   ** Warning ** Processing Monthly Tabular Reports: PeakSpaceGainsMonthly
   **   ~~~   ** ..Variable name=ZONE STEAM EQUIPMENT TOTAL HEATING ENERGY not valid for this simulation.
   **   ~~~   ** ..i.e., Variable name=MULT_CLASS_2_POD_3_ZN_1_FLR_2:ZONE STEAM EQUIPMENT TOTAL HEATING ENERGY not valid for this simulation.
   ** Warning ** Processing Monthly Tabular Reports: PeakSpaceGainsMonthly
   **   ~~~   ** ..Variable name=ZONE OTHER EQUIPMENT TOTAL HEATING ENERGY not valid for this simulation.
   **   ~~~   ** ..i.e., Variable name=MULT_CLASS_2_POD_3_ZN_1_FLR_2:ZONE OTHER EQUIPMENT TOTAL HEATING ENERGY not valid for this simulation.
   ** Warning ** Processing Monthly Tabular Reports: PeakSpaceGainsMonthly
   **   ~~~   ** ..Variable name=ZONE GAS EQUIPMENT TOTAL HEATING ENERGY not valid for this simulation.
   **   ~~~   ** ..i.e., Variable name=MAIN_CORRIDOR_ZN_1_FLR_1:ZONE GAS EQUIPMENT TOTAL HEATING ENERGY not valid for this simulation.
   ** Warning ** Processing Monthly Tabular Reports: PeakSpaceGainsMonthly
   **   ~~~   ** ..Variable name=ZONE HOT WATER EQUIPMENT TOTAL HEATING ENERGY not valid for this simulation.
   **   ~~~   ** ..i.e., Variable name=MAIN_CORRIDOR_ZN_1_FLR_1:ZONE HOT WATER EQUIPMENT TOTAL HEATING ENERGY not valid for this simulation.
   ** Warning ** Processing Monthly Tabular Reports: PeakSpaceGainsMonthly
   **   ~~~   ** ..Variable name=ZONE STEAM EQUIPMENT TOTAL HEATING ENERGY not valid for this simulation.
   **   ~~~   ** ..i.e., Variable name=MAIN_CORRIDOR_ZN_1_FLR_1:ZONE STEAM EQUIPMENT TOTAL HEATING ENERGY not valid for this simulation.
   ** Warning ** Processing Monthly Tabular Reports: PeakSpaceGainsMonthly
   **   ~~~   ** ..Variable name=ZONE OTHER EQUIPMENT TOTAL HEATING ENERGY not valid for this simulation.
   **   ~~~   ** ..i.e., Variable name=MAIN_CORRIDOR_ZN_1_FLR_1:ZONE OTHER EQUIPMENT TOTAL HEATING ENERGY not valid for this simulation.
   ** Warning ** Processing Monthly Tabular Reports: PeakSpaceGainsMonthly
   **   ~~~   ** ..Variable name=ZONE GAS EQUIPMENT TOTAL HEATING ENERGY not valid for this simulation.
   **   ~~~   ** ..i.e., Variable name=MAIN_CORRIDOR_ZN_1_FLR_2:ZONE GAS EQUIPMENT TOTAL HEATING ENERGY not valid for this simulation.
   ** Warning ** Processing Monthly Tabular Reports: PeakSpaceGainsMonthly
   **   ~~~   ** ..Variable name=ZONE HOT WATER EQUIPMENT TOTAL HEATING ENERGY not valid for this simulation.
   **   ~~~   ** ..i.e., Variable name=MAIN_CORRIDOR_ZN_1_FLR_2:ZONE HOT WATER EQUIPMENT TOTAL HEATING ENERGY not valid for this simulation.
   ** Warning ** Processing Monthly Tabular Reports: PeakSpaceGainsMonthly
   **   ~~~   ** ..Variable name=ZONE STEAM EQUIPMENT TOTAL HEATING ENERGY not valid for this simulation.
   **   ~~~   ** ..i.e., Variable name=MAIN_CORRIDOR_ZN_1_FLR_2:ZONE STEAM EQUIPMENT TOTAL HEATING ENERGY not valid for this simulation.
   ** Warning ** Processing Monthly Tabular Reports: PeakSpaceGainsMonthly
   **   ~~~   ** ..Variable name=ZONE OTHER EQUIPMENT TOTAL HEATING ENERGY not valid for this simulation.
   **   ~~~   ** ..i.e., Variable name=MAIN_CORRIDOR_ZN_1_FLR_2:ZONE OTHER EQUIPMENT TOTAL HEATING ENERGY not valid for this simulation.
   ** Warning ** Processing Monthly Tabular Reports: PeakSpaceGainsMonthly
   **   ~~~   ** ..Variable name=ZONE GAS EQUIPMENT TOTAL HEATING ENERGY not valid for this simulation.
   **   ~~~   ** ..i.e., Variable name=LOBBY_ZN_1_FLR_1:ZONE GAS EQUIPMENT TOTAL HEATING ENERGY not valid for this simulation.
   ** Warning ** Processing Monthly Tabular Reports: PeakSpaceGainsMonthly
   **   ~~~   ** ..Variable name=ZONE HOT WATER EQUIPMENT TOTAL HEATING ENERGY not valid for this simulation.
   **   ~~~   ** ..i.e., Variable name=LOBBY_ZN_1_FLR_1:ZONE HOT WATER EQUIPMENT TOTAL HEATING ENERGY not valid for this simulation.
   ** Warning ** Processing Monthly Tabular Reports: PeakSpaceGainsMonthly
   **   ~~~   ** ..Variable name=ZONE STEAM EQUIPMENT TOTAL HEATING ENERGY not valid for this simulation.
   **   ~~~   ** ..i.e., Variable name=LOBBY_ZN_1_FLR_1:ZONE STEAM EQUIPMENT TOTAL HEATING ENERGY not valid for this simulation.
   ** Warning ** Processing Monthly Tabular Reports: PeakSpaceGainsMonthly
   **   ~~~   ** ..Variable name=ZONE OTHER EQUIPMENT TOTAL HEATING ENERGY not valid for this simulation.
   **   ~~~   ** ..i.e., Variable name=LOBBY_ZN_1_FLR_1:ZONE OTHER EQUIPMENT TOTAL HEATING ENERGY not valid for this simulation.
   ** Warning ** Processing Monthly Tabular Reports: PeakSpaceGainsMonthly
   **   ~~~   ** ..Variable name=ZONE GAS EQUIPMENT TOTAL HEATING ENERGY not valid for this simulation.
   **   ~~~   ** ..i.e., Variable name=LOBBY_ZN_1_FLR_2:ZONE GAS EQUIPMENT TOTAL HEATING ENERGY not valid for this simulation.
   ** Warning ** Processing Monthly Tabular Reports: PeakSpaceGainsMonthly
   **   ~~~   ** ..Variable name=ZONE HOT WATER EQUIPMENT TOTAL HEATING ENERGY not valid for this simulation.
   **   ~~~   ** ..i.e., Variable name=LOBBY_ZN_1_FLR_2:ZONE HOT WATER EQUIPMENT TOTAL HEATING ENERGY not valid for this simulation.
   ** Warning ** Processing Monthly Tabular Reports: PeakSpaceGainsMonthly
   **   ~~~   ** ..Variable name=ZONE STEAM EQUIPMENT TOTAL HEATING ENERGY not valid for this simulation.
   **   ~~~   ** ..i.e., Variable name=LOBBY_ZN_1_FLR_2:ZONE STEAM EQUIPMENT TOTAL HEATING ENERGY not valid for this simulation.
   ** Warning ** Processing Monthly Tabular Reports: PeakSpaceGainsMonthly
   **   ~~~   ** ..Variable name=ZONE OTHER EQUIPMENT TOTAL HEATING ENERGY not valid for this simulation.
   **   ~~~   ** ..i.e., Variable name=LOBBY_ZN_1_FLR_2:ZONE OTHER EQUIPMENT TOTAL HEATING ENERGY not valid for this simulation.
   ** Warning ** Processing Monthly Tabular Reports: PeakSpaceGainsMonthly
   **   ~~~   ** ..Variable name=ZONE GAS EQUIPMENT TOTAL HEATING ENERGY not valid for this simulation.
   **   ~~~   ** ..i.e., Variable name=BATHROOMS_ZN_1_FLR_1:ZONE GAS EQUIPMENT TOTAL HEATING ENERGY not valid for this simulation.
   ** Warning ** Processing Monthly Tabular Reports: PeakSpaceGainsMonthly
   **   ~~~   ** ..Variable name=ZONE HOT WATER EQUIPMENT TOTAL HEATING ENERGY not valid for this simulation.
   **   ~~~   ** ..i.e., Variable name=BATHROOMS_ZN_1_FLR_1:ZONE HOT WATER EQUIPMENT TOTAL HEATING ENERGY not valid for this simulation.
   ** Warning ** Processing Monthly Tabular Reports: PeakSpaceGainsMonthly
   **   ~~~   ** ..Variable name=ZONE STEAM EQUIPMENT TOTAL HEATING ENERGY not valid for this simulation.
   **   ~~~   ** ..i.e., Variable name=BATHROOMS_ZN_1_FLR_1:ZONE STEAM EQUIPMENT TOTAL HEATING ENERGY not valid for this simulation.
   ** Warning ** Processing Monthly Tabular Reports: PeakSpaceGainsMonthly
   **   ~~~   ** ..Variable name=ZONE OTHER EQUIPMENT TOTAL HEATING ENERGY not valid for this simulation.
   **   ~~~   ** ..i.e., Variable name=BATHROOMS_ZN_1_FLR_1:ZONE OTHER EQUIPMENT TOTAL HEATING ENERGY not valid for this simulation.
   ** Warning ** Processing Monthly Tabular Reports: PeakSpaceGainsMonthly
   **   ~~~   ** ..Variable name=ZONE GAS EQUIPMENT TOTAL HEATING ENERGY not valid for this simulation.
   **   ~~~   ** ..i.e., Variable name=BATHROOMS_ZN_1_FLR_2:ZONE GAS EQUIPMENT TOTAL HEATING ENERGY not valid for this simulation.
   ** Warning ** Processing Monthly Tabular Reports: PeakSpaceGainsMonthly
   **   ~~~   ** ..Variable name=ZONE HOT WATER EQUIPMENT TOTAL HEATING ENERGY not valid for this simulation.
   **   ~~~   ** ..i.e., Variable name=BATHROOMS_ZN_1_FLR_2:ZONE HOT WATER EQUIPMENT TOTAL HEATING ENERGY not valid for this simulation.
   ** Warning ** Processing Monthly Tabular Reports: PeakSpaceGainsMonthly
   **   ~~~   ** ..Variable name=ZONE STEAM EQUIPMENT TOTAL HEATING ENERGY not valid for this simulation.
   **   ~~~   ** ..i.e., Variable name=BATHROOMS_ZN_1_FLR_2:ZONE STEAM EQUIPMENT TOTAL HEATING ENERGY not valid for this simulation.
   ** Warning ** Processing Monthly Tabular Reports: PeakSpaceGainsMonthly
   **   ~~~   ** ..Variable name=ZONE OTHER EQUIPMENT TOTAL HEATING ENERGY not valid for this simulation.
   **   ~~~   ** ..i.e., Variable name=BATHROOMS_ZN_1_FLR_2:ZONE OTHER EQUIPMENT TOTAL HEATING ENERGY not valid for this simulation.
   ** Warning ** Processing Monthly Tabular Reports: PeakSpaceGainsMonthly
   **   ~~~   ** ..Variable name=ZONE GAS EQUIPMENT TOTAL HEATING ENERGY not valid for this simulation.
   **   ~~~   ** ..i.e., Variable name=OFFICES_ZN_1_FLR_1:ZONE GAS EQUIPMENT TOTAL HEATING ENERGY not valid for this simulation.
   ** Warning ** Processing Monthly Tabular Reports: PeakSpaceGainsMonthly
   **   ~~~   ** ..Variable name=ZONE HOT WATER EQUIPMENT TOTAL HEATING ENERGY not valid for this simulation.
   **   ~~~   ** ..i.e., Variable name=OFFICES_ZN_1_FLR_1:ZONE HOT WATER EQUIPMENT TOTAL HEATING ENERGY not valid for this simulation.
   ** Warning ** Processing Monthly Tabular Reports: PeakSpaceGainsMonthly
   **   ~~~   ** ..Variable name=ZONE STEAM EQUIPMENT TOTAL HEATING ENERGY not valid for this simulation.
   **   ~~~   ** ..i.e., Variable name=OFFICES_ZN_1_FLR_1:ZONE STEAM EQUIPMENT TOTAL HEATING ENERGY not valid for this simulation.
   ** Warning ** Processing Monthly Tabular Reports: PeakSpaceGainsMonthly
   **   ~~~   ** ..Variable name=ZONE OTHER EQUIPMENT TOTAL HEATING ENERGY not valid for this simulation.
   **   ~~~   ** ..i.e., Variable name=OFFICES_ZN_1_FLR_1:ZONE OTHER EQUIPMENT TOTAL HEATING ENERGY not valid for this simulation.
   ** Warning ** Processing Monthly Tabular Reports: PeakSpaceGainsMonthly
   **   ~~~   ** ..Variable name=ZONE GAS EQUIPMENT TOTAL HEATING ENERGY not valid for this simulation.
   **   ~~~   ** ..i.e., Variable name=OFFICES_ZN_1_FLR_2:ZONE GAS EQUIPMENT TOTAL HEATING ENERGY not valid for this simulation.
   ** Warning ** Processing Monthly Tabular Reports: PeakSpaceGainsMonthly
   **   ~~~   ** ..Variable name=ZONE HOT WATER EQUIPMENT TOTAL HEATING ENERGY not valid for this simulation.
   **   ~~~   ** ..i.e., Variable name=OFFICES_ZN_1_FLR_2:ZONE HOT WATER EQUIPMENT TOTAL HEATING ENERGY not valid for this simulation.
   ** Warning ** Processing Monthly Tabular Reports: PeakSpaceGainsMonthly
   **   ~~~   ** ..Variable name=ZONE STEAM EQUIPMENT TOTAL HEATING ENERGY not valid for this simulation.
   **   ~~~   ** ..i.e., Variable name=OFFICES_ZN_1_FLR_2:ZONE STEAM EQUIPMENT TOTAL HEATING ENERGY not valid for this simulation.
   ** Warning ** Processing Monthly Tabular Reports: PeakSpaceGainsMonthly
   **   ~~~   ** ..Variable name=ZONE OTHER EQUIPMENT TOTAL HEATING ENERGY not valid for this simulation.
   **   ~~~   ** ..i.e., Variable name=OFFICES_ZN_1_FLR_2:ZONE OTHER EQUIPMENT TOTAL HEATING ENERGY not valid for this simulation.
   ** Warning ** Processing Monthly Tabular Reports: PeakSpaceGainsMonthly
   **   ~~~   ** ..Variable name=ZONE GAS EQUIPMENT TOTAL HEATING ENERGY not valid for this simulation.
   **   ~~~   ** ..i.e., Variable name=GYM_ZN_1_FLR_1:ZONE GAS EQUIPMENT TOTAL HEATING ENERGY not valid for this simulation.
   ** Warning ** Processing Monthly Tabular Reports: PeakSpaceGainsMonthly
   **   ~~~   ** ..Variable name=ZONE HOT WATER EQUIPMENT TOTAL HEATING ENERGY not valid for this simulation.
   **   ~~~   ** ..i.e., Variable name=GYM_ZN_1_FLR_1:ZONE HOT WATER EQUIPMENT TOTAL HEATING ENERGY not valid for this simulation.
   ** Warning ** Processing Monthly Tabular Reports: PeakSpaceGainsMonthly
   **   ~~~   ** ..Variable name=ZONE STEAM EQUIPMENT TOTAL HEATING ENERGY not valid for this simulation.
   **   ~~~   ** ..i.e., Variable name=GYM_ZN_1_FLR_1:ZONE STEAM EQUIPMENT TOTAL HEATING ENERGY not valid for this simulation.
   ** Warning ** Processing Monthly Tabular Reports: PeakSpaceGainsMonthly
   **   ~~~   ** ..Variable name=ZONE OTHER EQUIPMENT TOTAL HEATING ENERGY not valid for this simulation.
   **   ~~~   ** ..i.e., Variable name=GYM_ZN_1_FLR_1:ZONE OTHER EQUIPMENT TOTAL HEATING ENERGY not valid for this simulation.
   ** Warning ** Processing Monthly Tabular Reports: PeakSpaceGainsMonthly
   **   ~~~   ** ..Variable name=ZONE GAS EQUIPMENT TOTAL HEATING ENERGY not valid for this simulation.
   **   ~~~   ** ..i.e., Variable name=AUX_GYM_ZN_1_FLR_1:ZONE GAS EQUIPMENT TOTAL HEATING ENERGY not valid for this simulation.
   ** Warning ** Processing Monthly Tabular Reports: PeakSpaceGainsMonthly
   **   ~~~   ** ..Variable name=ZONE HOT WATER EQUIPMENT TOTAL HEATING ENERGY not valid for this simulation.
   **   ~~~   ** ..i.e., Variable name=AUX_GYM_ZN_1_FLR_1:ZONE HOT WATER EQUIPMENT TOTAL HEATING ENERGY not valid for this simulation.
   ** Warning ** Processing Monthly Tabular Reports: PeakSpaceGainsMonthly
   **   ~~~   ** ..Variable name=ZONE STEAM EQUIPMENT TOTAL HEATING ENERGY not valid for this simulation.
   **   ~~~   ** ..i.e., Variable name=AUX_GYM_ZN_1_FLR_1:ZONE STEAM EQUIPMENT TOTAL HEATING ENERGY not valid for this simulation.
   ** Warning ** Processing Monthly Tabular Reports: PeakSpaceGainsMonthly
   **   ~~~   ** ..Variable name=ZONE OTHER EQUIPMENT TOTAL HEATING ENERGY not valid for this simulation.
   **   ~~~   ** ..i.e., Variable name=AUX_GYM_ZN_1_FLR_1:ZONE OTHER EQUIPMENT TOTAL HEATING ENERGY not valid for this simulation.
   ** Warning ** Processing Monthly Tabular Reports: PeakSpaceGainsMonthly
   **   ~~~   ** ..Variable name=ZONE GAS EQUIPMENT TOTAL HEATING ENERGY not valid for this simulation.
   **   ~~~   ** ..i.e., Variable name=AUDITORIUM_ZN_1_FLR_1:ZONE GAS EQUIPMENT TOTAL HEATING ENERGY not valid for this simulation.
   ** Warning ** Processing Monthly Tabular Reports: PeakSpaceGainsMonthly
   **   ~~~   ** ..Variable name=ZONE HOT WATER EQUIPMENT TOTAL HEATING ENERGY not valid for this simulation.
   **   ~~~   ** ..i.e., Variable name=AUDITORIUM_ZN_1_FLR_1:ZONE HOT WATER EQUIPMENT TOTAL HEATING ENERGY not valid for this simulation.
   ** Warning ** Processing Monthly Tabular Reports: PeakSpaceGainsMonthly
   **   ~~~   ** ..Variable name=ZONE STEAM EQUIPMENT TOTAL HEATING ENERGY not valid for this simulation.
   **   ~~~   ** ..i.e., Variable name=AUDITORIUM_ZN_1_FLR_1:ZONE STEAM EQUIPMENT TOTAL HEATING ENERGY not valid for this simulation.
   ** Warning ** Processing Monthly Tabular Reports: PeakSpaceGainsMonthly
   **   ~~~   ** ..Variable name=ZONE OTHER EQUIPMENT TOTAL HEATING ENERGY not valid for this simulation.
   **   ~~~   ** ..i.e., Variable name=AUDITORIUM_ZN_1_FLR_1:ZONE OTHER EQUIPMENT TOTAL HEATING ENERGY not valid for this simulation.
   ** Warning ** Processing Monthly Tabular Reports: PeakSpaceGainsMonthly
   **   ~~~   ** ..Variable name=ZONE HOT WATER EQUIPMENT TOTAL HEATING ENERGY not valid for this simulation.
   **   ~~~   ** ..i.e., Variable name=KITCHEN_ZN_1_FLR_1:ZONE HOT WATER EQUIPMENT TOTAL HEATING ENERGY not valid for this simulation.
   ** Warning ** Processing Monthly Tabular Reports: PeakSpaceGainsMonthly
   **   ~~~   ** ..Variable name=ZONE STEAM EQUIPMENT TOTAL HEATING ENERGY not valid for this simulation.
   **   ~~~   ** ..i.e., Variable name=KITCHEN_ZN_1_FLR_1:ZONE STEAM EQUIPMENT TOTAL HEATING ENERGY not valid for this simulation.
   ** Warning ** Processing Monthly Tabular Reports: PeakSpaceGainsMonthly
   **   ~~~   ** ..Variable name=ZONE OTHER EQUIPMENT TOTAL HEATING ENERGY not valid for this simulation.
   **   ~~~   ** ..i.e., Variable name=KITCHEN_ZN_1_FLR_1:ZONE OTHER EQUIPMENT TOTAL HEATING ENERGY not valid for this simulation.
   ** Warning ** Processing Monthly Tabular Reports: PeakSpaceGainsMonthly
   **   ~~~   ** ..Variable name=ZONE GAS EQUIPMENT TOTAL HEATING ENERGY not valid for this simulation.
   **   ~~~   ** ..i.e., Variable name=LIBRARY_MEDIA_CENTER_ZN_1_FLR_2:ZONE GAS EQUIPMENT TOTAL HEATING ENERGY not valid for this simulation.
   ** Warning ** Processing Monthly Tabular Reports: PeakSpaceGainsMonthly
   **   ~~~   ** ..Variable name=ZONE HOT WATER EQUIPMENT TOTAL HEATING ENERGY not valid for this simulation.
   **   ~~~   ** ..i.e., Variable name=LIBRARY_MEDIA_CENTER_ZN_1_FLR_2:ZONE HOT WATER EQUIPMENT TOTAL HEATING ENERGY not valid for this simulation.
   ** Warning ** Processing Monthly Tabular Reports: PeakSpaceGainsMonthly
   **   ~~~   ** ..Variable name=ZONE STEAM EQUIPMENT TOTAL HEATING ENERGY not valid for this simulation.
   **   ~~~   ** ..i.e., Variable name=LIBRARY_MEDIA_CENTER_ZN_1_FLR_2:ZONE STEAM EQUIPMENT TOTAL HEATING ENERGY not valid for this simulation.
   ** Warning ** Processing Monthly Tabular Reports: PeakSpaceGainsMonthly
   **   ~~~   ** ..Variable name=ZONE OTHER EQUIPMENT TOTAL HEATING ENERGY not valid for this simulation.
   **   ~~~   ** ..i.e., Variable name=LIBRARY_MEDIA_CENTER_ZN_1_FLR_2:ZONE OTHER EQUIPMENT TOTAL HEATING ENERGY not valid for this simulation.
   ** Warning ** Processing Monthly Tabular Reports: PeakSpaceGainsMonthly
   **   ~~~   ** ..Variable name=ZONE GAS EQUIPMENT TOTAL HEATING ENERGY not valid for this simulation.
   **   ~~~   ** ..i.e., Variable name=CAFETERIA_ZN_1_FLR_1:ZONE GAS EQUIPMENT TOTAL HEATING ENERGY not valid for this simulation.
   ** Warning ** Processing Monthly Tabular Reports: PeakSpaceGainsMonthly
   **   ~~~   ** ..Variable name=ZONE HOT WATER EQUIPMENT TOTAL HEATING ENERGY not valid for this simulation.
   **   ~~~   ** ..i.e., Variable name=CAFETERIA_ZN_1_FLR_1:ZONE HOT WATER EQUIPMENT TOTAL HEATING ENERGY not valid for this simulation.
   ** Warning ** Processing Monthly Tabular Reports: PeakSpaceGainsMonthly
   **   ~~~   ** ..Variable name=ZONE STEAM EQUIPMENT TOTAL HEATING ENERGY not valid for this simulation.
   **   ~~~   ** ..i.e., Variable name=CAFETERIA_ZN_1_FLR_1:ZONE STEAM EQUIPMENT TOTAL HEATING ENERGY not valid for this simulation.
   ** Warning ** Processing Monthly Tabular Reports: PeakSpaceGainsMonthly
   **   ~~~   ** ..Variable name=ZONE OTHER EQUIPMENT TOTAL HEATING ENERGY not valid for this simulation.
   **   ~~~   ** ..i.e., Variable name=CAFETERIA_ZN_1_FLR_1:ZONE OTHER EQUIPMENT TOTAL HEATING ENERGY not valid for this simulation.
   ** Warning ** Processing Monthly Tabular Reports: PeakSpaceGainsMonthly
   **   ~~~   ** ..Variable name=ZONE GAS EQUIPMENT TOTAL HEATING ENERGY not valid for this simulation.
   **   ~~~   ** ..i.e., Variable name=MECH_ZN_1_FLR_1:ZONE GAS EQUIPMENT TOTAL HEATING ENERGY not valid for this simulation.
   ** Warning ** Processing Monthly Tabular Reports: PeakSpaceGainsMonthly
   **   ~~~   ** ..Variable name=ZONE HOT WATER EQUIPMENT TOTAL HEATING ENERGY not valid for this simulation.
   **   ~~~   ** ..i.e., Variable name=MECH_ZN_1_FLR_1:ZONE HOT WATER EQUIPMENT TOTAL HEATING ENERGY not valid for this simulation.
   ** Warning ** Processing Monthly Tabular Reports: PeakSpaceGainsMonthly
   **   ~~~   ** ..Variable name=ZONE STEAM EQUIPMENT TOTAL HEATING ENERGY not valid for this simulation.
   **   ~~~   ** ..i.e., Variable name=MECH_ZN_1_FLR_1:ZONE STEAM EQUIPMENT TOTAL HEATING ENERGY not valid for this simulation.
   ** Warning ** Processing Monthly Tabular Reports: PeakSpaceGainsMonthly
   **   ~~~   ** ..Variable name=ZONE OTHER EQUIPMENT TOTAL HEATING ENERGY not valid for this simulation.
   **   ~~~   ** ..i.e., Variable name=MECH_ZN_1_FLR_1:ZONE OTHER EQUIPMENT TOTAL HEATING ENERGY not valid for this simulation.
   ** Warning ** Processing Monthly Tabular Reports: PeakSpaceGainsMonthly
   **   ~~~   ** ..Variable name=ZONE INFILTRATION SENSIBLE HEAT GAIN ENERGY not valid for this simulation.
   **   ~~~   ** ..i.e., Variable name=MECH_ZN_1_FLR_1:ZONE INFILTRATION SENSIBLE HEAT GAIN ENERGY not valid for this simulation.
   ** Warning ** Processing Monthly Tabular Reports: PeakSpaceGainsMonthly
   **   ~~~   ** ..Variable name=ZONE INFILTRATION SENSIBLE HEAT LOSS ENERGY not valid for this simulation.
   **   ~~~   ** ..i.e., Variable name=MECH_ZN_1_FLR_1:ZONE INFILTRATION SENSIBLE HEAT LOSS ENERGY not valid for this simulation.
   ** Warning ** Processing Monthly Tabular Reports: PeakSpaceGainsMonthly
   **   ~~~   ** ..Variable name=ZONE GAS EQUIPMENT TOTAL HEATING ENERGY not valid for this simulation.
   **   ~~~   ** ..i.e., Variable name=MECH_ZN_1_FLR_2:ZONE GAS EQUIPMENT TOTAL HEATING ENERGY not valid for this simulation.
   ** Warning ** Processing Monthly Tabular Reports: PeakSpaceGainsMonthly
   **   ~~~   ** ..Variable name=ZONE HOT WATER EQUIPMENT TOTAL HEATING ENERGY not valid for this simulation.
   **   ~~~   ** ..i.e., Variable name=MECH_ZN_1_FLR_2:ZONE HOT WATER EQUIPMENT TOTAL HEATING ENERGY not valid for this simulation.
   ** Warning ** Processing Monthly Tabular Reports: PeakSpaceGainsMonthly
   **   ~~~   ** ..Variable name=ZONE STEAM EQUIPMENT TOTAL HEATING ENERGY not valid for this simulation.
   **   ~~~   ** ..i.e., Variable name=MECH_ZN_1_FLR_2:ZONE STEAM EQUIPMENT TOTAL HEATING ENERGY not valid for this simulation.
   ** Warning ** Processing Monthly Tabular Reports: PeakSpaceGainsMonthly
   **   ~~~   ** ..Variable name=ZONE OTHER EQUIPMENT TOTAL HEATING ENERGY not valid for this simulation.
   **   ~~~   ** ..i.e., Variable name=MECH_ZN_1_FLR_2:ZONE OTHER EQUIPMENT TOTAL HEATING ENERGY not valid for this simulation.
   ** Warning ** Processing Monthly Tabular Reports: SpaceGainComponentsAtCoolingPeakMonthly
   **   ~~~   ** ..Variable name=ZONE HOT WATER EQUIPMENT TOTAL HEATING ENERGY not valid for this simulation.
   ** Warning ** Processing Monthly Tabular Reports: SpaceGainComponentsAtCoolingPeakMonthly
   **   ~~~   ** ..Variable name=ZONE STEAM EQUIPMENT TOTAL HEATING ENERGY not valid for this simulation.
   ** Warning ** Processing Monthly Tabular Reports: SpaceGainComponentsAtCoolingPeakMonthly
   **   ~~~   ** ..Variable name=ZONE OTHER EQUIPMENT TOTAL HEATING ENERGY not valid for this simulation.
   ** Warning ** Processing Monthly Tabular Reports: SpaceGainComponentsAtCoolingPeakMonthly
   **   ~~~   ** ..Variable name=ZONE GAS EQUIPMENT TOTAL HEATING ENERGY not valid for this simulation.
   **   ~~~   ** ..i.e., Variable name=CORNER_CLASS_1_POD_1_ZN_1_FLR_1:ZONE GAS EQUIPMENT TOTAL HEATING ENERGY not valid for this simulation.
   ** Warning ** Processing Monthly Tabular Reports: SpaceGainComponentsAtCoolingPeakMonthly
   **   ~~~   ** ..Variable name=ZONE HOT WATER EQUIPMENT TOTAL HEATING ENERGY not valid for this simulation.
   **   ~~~   ** ..i.e., Variable name=CORNER_CLASS_1_POD_1_ZN_1_FLR_1:ZONE HOT WATER EQUIPMENT TOTAL HEATING ENERGY not valid for this simulation.
   ** Warning ** Processing Monthly Tabular Reports: SpaceGainComponentsAtCoolingPeakMonthly
   **   ~~~   ** ..Variable name=ZONE STEAM EQUIPMENT TOTAL HEATING ENERGY not valid for this simulation.
   **   ~~~   ** ..i.e., Variable name=CORNER_CLASS_1_POD_1_ZN_1_FLR_1:ZONE STEAM EQUIPMENT TOTAL HEATING ENERGY not valid for this simulation.
   ** Warning ** Processing Monthly Tabular Reports: SpaceGainComponentsAtCoolingPeakMonthly
   **   ~~~   ** ..Variable name=ZONE OTHER EQUIPMENT TOTAL HEATING ENERGY not valid for this simulation.
   **   ~~~   ** ..i.e., Variable name=CORNER_CLASS_1_POD_1_ZN_1_FLR_1:ZONE OTHER EQUIPMENT TOTAL HEATING ENERGY not valid for this simulation.
   ** Warning ** Processing Monthly Tabular Reports: SpaceGainComponentsAtCoolingPeakMonthly
   **   ~~~   ** ..Variable name=ZONE GAS EQUIPMENT TOTAL HEATING ENERGY not valid for this simulation.
   **   ~~~   ** ..i.e., Variable name=CORNER_CLASS_1_POD_1_ZN_1_FLR_2:ZONE GAS EQUIPMENT TOTAL HEATING ENERGY not valid for this simulation.
   ** Warning ** Processing Monthly Tabular Reports: SpaceGainComponentsAtCoolingPeakMonthly
   **   ~~~   ** ..Variable name=ZONE HOT WATER EQUIPMENT TOTAL HEATING ENERGY not valid for this simulation.
   **   ~~~   ** ..i.e., Variable name=CORNER_CLASS_1_POD_1_ZN_1_FLR_2:ZONE HOT WATER EQUIPMENT TOTAL HEATING ENERGY not valid for this simulation.
   ** Warning ** Processing Monthly Tabular Reports: SpaceGainComponentsAtCoolingPeakMonthly
   **   ~~~   ** ..Variable name=ZONE STEAM EQUIPMENT TOTAL HEATING ENERGY not valid for this simulation.
   **   ~~~   ** ..i.e., Variable name=CORNER_CLASS_1_POD_1_ZN_1_FLR_2:ZONE STEAM EQUIPMENT TOTAL HEATING ENERGY not valid for this simulation.
   ** Warning ** Processing Monthly Tabular Reports: SpaceGainComponentsAtCoolingPeakMonthly
   **   ~~~   ** ..Variable name=ZONE OTHER EQUIPMENT TOTAL HEATING ENERGY not valid for this simulation.
   **   ~~~   ** ..i.e., Variable name=CORNER_CLASS_1_POD_1_ZN_1_FLR_2:ZONE OTHER EQUIPMENT TOTAL HEATING ENERGY not valid for this simulation.
   ** Warning ** Processing Monthly Tabular Reports: SpaceGainComponentsAtCoolingPeakMonthly
   **   ~~~   ** ..Variable name=ZONE GAS EQUIPMENT TOTAL HEATING ENERGY not valid for this simulation.
   **   ~~~   ** ..i.e., Variable name=MULT_CLASS_1_POD_1_ZN_1_FLR_1:ZONE GAS EQUIPMENT TOTAL HEATING ENERGY not valid for this simulation.
   ** Warning ** Processing Monthly Tabular Reports: SpaceGainComponentsAtCoolingPeakMonthly
   **   ~~~   ** ..Variable name=ZONE HOT WATER EQUIPMENT TOTAL HEATING ENERGY not valid for this simulation.
   **   ~~~   ** ..i.e., Variable name=MULT_CLASS_1_POD_1_ZN_1_FLR_1:ZONE HOT WATER EQUIPMENT TOTAL HEATING ENERGY not valid for this simulation.
   ** Warning ** Processing Monthly Tabular Reports: SpaceGainComponentsAtCoolingPeakMonthly
   **   ~~~   ** ..Variable name=ZONE STEAM EQUIPMENT TOTAL HEATING ENERGY not valid for this simulation.
   **   ~~~   ** ..i.e., Variable name=MULT_CLASS_1_POD_1_ZN_1_FLR_1:ZONE STEAM EQUIPMENT TOTAL HEATING ENERGY not valid for this simulation.
   ** Warning ** Processing Monthly Tabular Reports: SpaceGainComponentsAtCoolingPeakMonthly
   **   ~~~   ** ..Variable name=ZONE OTHER EQUIPMENT TOTAL HEATING ENERGY not valid for this simulation.
   **   ~~~   ** ..i.e., Variable name=MULT_CLASS_1_POD_1_ZN_1_FLR_1:ZONE OTHER EQUIPMENT TOTAL HEATING ENERGY not valid for this simulation.
   ** Warning ** Processing Monthly Tabular Reports: SpaceGainComponentsAtCoolingPeakMonthly
   **   ~~~   ** ..Variable name=ZONE GAS EQUIPMENT TOTAL HEATING ENERGY not valid for this simulation.
   **   ~~~   ** ..i.e., Variable name=MULT_CLASS_1_POD_1_ZN_1_FLR_2:ZONE GAS EQUIPMENT TOTAL HEATING ENERGY not valid for this simulation.
   ** Warning ** Processing Monthly Tabular Reports: SpaceGainComponentsAtCoolingPeakMonthly
   **   ~~~   ** ..Variable name=ZONE HOT WATER EQUIPMENT TOTAL HEATING ENERGY not valid for this simulation.
   **   ~~~   ** ..i.e., Variable name=MULT_CLASS_1_POD_1_ZN_1_FLR_2:ZONE HOT WATER EQUIPMENT TOTAL HEATING ENERGY not valid for this simulation.
   ** Warning ** Processing Monthly Tabular Reports: SpaceGainComponentsAtCoolingPeakMonthly
   **   ~~~   ** ..Variable name=ZONE STEAM EQUIPMENT TOTAL HEATING ENERGY not valid for this simulation.
   **   ~~~   ** ..i.e., Variable name=MULT_CLASS_1_POD_1_ZN_1_FLR_2:ZONE STEAM EQUIPMENT TOTAL HEATING ENERGY not valid for this simulation.
   ** Warning ** Processing Monthly Tabular Reports: SpaceGainComponentsAtCoolingPeakMonthly
   **   ~~~   ** ..Variable name=ZONE OTHER EQUIPMENT TOTAL HEATING ENERGY not valid for this simulation.
   **   ~~~   ** ..i.e., Variable name=MULT_CLASS_1_POD_1_ZN_1_FLR_2:ZONE OTHER EQUIPMENT TOTAL HEATING ENERGY not valid for this simulation.
   ** Warning ** Processing Monthly Tabular Reports: SpaceGainComponentsAtCoolingPeakMonthly
   **   ~~~   ** ..Variable name=ZONE GAS EQUIPMENT TOTAL HEATING ENERGY not valid for this simulation.
   **   ~~~   ** ..i.e., Variable name=CORRIDOR_POD_1_ZN_1_FLR_1:ZONE GAS EQUIPMENT TOTAL HEATING ENERGY not valid for this simulation.
   ** Warning ** Processing Monthly Tabular Reports: SpaceGainComponentsAtCoolingPeakMonthly
   **   ~~~   ** ..Variable name=ZONE HOT WATER EQUIPMENT TOTAL HEATING ENERGY not valid for this simulation.
   **   ~~~   ** ..i.e., Variable name=CORRIDOR_POD_1_ZN_1_FLR_1:ZONE HOT WATER EQUIPMENT TOTAL HEATING ENERGY not valid for this simulation.
   ** Warning ** Processing Monthly Tabular Reports: SpaceGainComponentsAtCoolingPeakMonthly
   **   ~~~   ** ..Variable name=ZONE STEAM EQUIPMENT TOTAL HEATING ENERGY not valid for this simulation.
   **   ~~~   ** ..i.e., Variable name=CORRIDOR_POD_1_ZN_1_FLR_1:ZONE STEAM EQUIPMENT TOTAL HEATING ENERGY not valid for this simulation.
   ** Warning ** Processing Monthly Tabular Reports: SpaceGainComponentsAtCoolingPeakMonthly
   **   ~~~   ** ..Variable name=ZONE OTHER EQUIPMENT TOTAL HEATING ENERGY not valid for this simulation.
   **   ~~~   ** ..i.e., Variable name=CORRIDOR_POD_1_ZN_1_FLR_1:ZONE OTHER EQUIPMENT TOTAL HEATING ENERGY not valid for this simulation.
   ** Warning ** Processing Monthly Tabular Reports: SpaceGainComponentsAtCoolingPeakMonthly
   **   ~~~   ** ..Variable name=ZONE GAS EQUIPMENT TOTAL HEATING ENERGY not valid for this simulation.
   **   ~~~   ** ..i.e., Variable name=CORRIDOR_POD_1_ZN_1_FLR_2:ZONE GAS EQUIPMENT TOTAL HEATING ENERGY not valid for this simulation.
   ** Warning ** Processing Monthly Tabular Reports: SpaceGainComponentsAtCoolingPeakMonthly
   **   ~~~   ** ..Variable name=ZONE HOT WATER EQUIPMENT TOTAL HEATING ENERGY not valid for this simulation.
   **   ~~~   ** ..i.e., Variable name=CORRIDOR_POD_1_ZN_1_FLR_2:ZONE HOT WATER EQUIPMENT TOTAL HEATING ENERGY not valid for this simulation.
   ** Warning ** Processing Monthly Tabular Reports: SpaceGainComponentsAtCoolingPeakMonthly
   **   ~~~   ** ..Variable name=ZONE STEAM EQUIPMENT TOTAL HEATING ENERGY not valid for this simulation.
   **   ~~~   ** ..i.e., Variable name=CORRIDOR_POD_1_ZN_1_FLR_2:ZONE STEAM EQUIPMENT TOTAL HEATING ENERGY not valid for this simulation.
   ** Warning ** Processing Monthly Tabular Reports: SpaceGainComponentsAtCoolingPeakMonthly
   **   ~~~   ** ..Variable name=ZONE OTHER EQUIPMENT TOTAL HEATING ENERGY not valid for this simulation.
   **   ~~~   ** ..i.e., Variable name=CORRIDOR_POD_1_ZN_1_FLR_2:ZONE OTHER EQUIPMENT TOTAL HEATING ENERGY not valid for this simulation.
   ** Warning ** Processing Monthly Tabular Reports: SpaceGainComponentsAtCoolingPeakMonthly
   **   ~~~   ** ..Variable name=ZONE GAS EQUIPMENT TOTAL HEATING ENERGY not valid for this simulation.
   **   ~~~   ** ..i.e., Variable name=CORNER_CLASS_2_POD_1_ZN_1_FLR_1:ZONE GAS EQUIPMENT TOTAL HEATING ENERGY not valid for this simulation.
   ** Warning ** Processing Monthly Tabular Reports: SpaceGainComponentsAtCoolingPeakMonthly
   **   ~~~   ** ..Variable name=ZONE HOT WATER EQUIPMENT TOTAL HEATING ENERGY not valid for this simulation.
   **   ~~~   ** ..i.e., Variable name=CORNER_CLASS_2_POD_1_ZN_1_FLR_1:ZONE HOT WATER EQUIPMENT TOTAL HEATING ENERGY not valid for this simulation.
   ** Warning ** Processing Monthly Tabular Reports: SpaceGainComponentsAtCoolingPeakMonthly
   **   ~~~   ** ..Variable name=ZONE STEAM EQUIPMENT TOTAL HEATING ENERGY not valid for this simulation.
   **   ~~~   ** ..i.e., Variable name=CORNER_CLASS_2_POD_1_ZN_1_FLR_1:ZONE STEAM EQUIPMENT TOTAL HEATING ENERGY not valid for this simulation.
   ** Warning ** Processing Monthly Tabular Reports: SpaceGainComponentsAtCoolingPeakMonthly
   **   ~~~   ** ..Variable name=ZONE OTHER EQUIPMENT TOTAL HEATING ENERGY not valid for this simulation.
   **   ~~~   ** ..i.e., Variable name=CORNER_CLASS_2_POD_1_ZN_1_FLR_1:ZONE OTHER EQUIPMENT TOTAL HEATING ENERGY not valid for this simulation.
   ** Warning ** Processing Monthly Tabular Reports: SpaceGainComponentsAtCoolingPeakMonthly
   **   ~~~   ** ..Variable name=ZONE GAS EQUIPMENT TOTAL HEATING ENERGY not valid for this simulation.
   **   ~~~   ** ..i.e., Variable name=CORNER_CLASS_2_POD_1_ZN_1_FLR_2:ZONE GAS EQUIPMENT TOTAL HEATING ENERGY not valid for this simulation.
   ** Warning ** Processing Monthly Tabular Reports: SpaceGainComponentsAtCoolingPeakMonthly
   **   ~~~   ** ..Variable name=ZONE HOT WATER EQUIPMENT TOTAL HEATING ENERGY not valid for this simulation.
   **   ~~~   ** ..i.e., Variable name=CORNER_CLASS_2_POD_1_ZN_1_FLR_2:ZONE HOT WATER EQUIPMENT TOTAL HEATING ENERGY not valid for this simulation.
   ** Warning ** Processing Monthly Tabular Reports: SpaceGainComponentsAtCoolingPeakMonthly
   **   ~~~   ** ..Variable name=ZONE STEAM EQUIPMENT TOTAL HEATING ENERGY not valid for this simulation.
   **   ~~~   ** ..i.e., Variable name=CORNER_CLASS_2_POD_1_ZN_1_FLR_2:ZONE STEAM EQUIPMENT TOTAL HEATING ENERGY not valid for this simulation.
   ** Warning ** Processing Monthly Tabular Reports: SpaceGainComponentsAtCoolingPeakMonthly
   **   ~~~   ** ..Variable name=ZONE OTHER EQUIPMENT TOTAL HEATING ENERGY not valid for this simulation.
   **   ~~~   ** ..i.e., Variable name=CORNER_CLASS_2_POD_1_ZN_1_FLR_2:ZONE OTHER EQUIPMENT TOTAL HEATING ENERGY not valid for this simulation.
   ** Warning ** Processing Monthly Tabular Reports: SpaceGainComponentsAtCoolingPeakMonthly
   **   ~~~   ** ..Variable name=ZONE GAS EQUIPMENT TOTAL HEATING ENERGY not valid for this simulation.
   **   ~~~   ** ..i.e., Variable name=MULT_CLASS_2_POD_1_ZN_1_FLR_1:ZONE GAS EQUIPMENT TOTAL HEATING ENERGY not valid for this simulation.
   ** Warning ** Processing Monthly Tabular Reports: SpaceGainComponentsAtCoolingPeakMonthly
   **   ~~~   ** ..Variable name=ZONE HOT WATER EQUIPMENT TOTAL HEATING ENERGY not valid for this simulation.
   **   ~~~   ** ..i.e., Variable name=MULT_CLASS_2_POD_1_ZN_1_FLR_1:ZONE HOT WATER EQUIPMENT TOTAL HEATING ENERGY not valid for this simulation.
   ** Warning ** Processing Monthly Tabular Reports: SpaceGainComponentsAtCoolingPeakMonthly
   **   ~~~   ** ..Variable name=ZONE STEAM EQUIPMENT TOTAL HEATING ENERGY not valid for this simulation.
   **   ~~~   ** ..i.e., Variable name=MULT_CLASS_2_POD_1_ZN_1_FLR_1:ZONE STEAM EQUIPMENT TOTAL HEATING ENERGY not valid for this simulation.
   ** Warning ** Processing Monthly Tabular Reports: SpaceGainComponentsAtCoolingPeakMonthly
   **   ~~~   ** ..Variable name=ZONE OTHER EQUIPMENT TOTAL HEATING ENERGY not valid for this simulation.
   **   ~~~   ** ..i.e., Variable name=MULT_CLASS_2_POD_1_ZN_1_FLR_1:ZONE OTHER EQUIPMENT TOTAL HEATING ENERGY not valid for this simulation.
   ** Warning ** Processing Monthly Tabular Reports: SpaceGainComponentsAtCoolingPeakMonthly
   **   ~~~   ** ..Variable name=ZONE GAS EQUIPMENT TOTAL HEATING ENERGY not valid for this simulation.
   **   ~~~   ** ..i.e., Variable name=MULT_CLASS_2_POD_1_ZN_1_FLR_2:ZONE GAS EQUIPMENT TOTAL HEATING ENERGY not valid for this simulation.
   ** Warning ** Processing Monthly Tabular Reports: SpaceGainComponentsAtCoolingPeakMonthly
   **   ~~~   ** ..Variable name=ZONE HOT WATER EQUIPMENT TOTAL HEATING ENERGY not valid for this simulation.
   **   ~~~   ** ..i.e., Variable name=MULT_CLASS_2_POD_1_ZN_1_FLR_2:ZONE HOT WATER EQUIPMENT TOTAL HEATING ENERGY not valid for this simulation.
   ** Warning ** Processing Monthly Tabular Reports: SpaceGainComponentsAtCoolingPeakMonthly
   **   ~~~   ** ..Variable name=ZONE STEAM EQUIPMENT TOTAL HEATING ENERGY not valid for this simulation.
   **   ~~~   ** ..i.e., Variable name=MULT_CLASS_2_POD_1_ZN_1_FLR_2:ZONE STEAM EQUIPMENT TOTAL HEATING ENERGY not valid for this simulation.
   ** Warning ** Processing Monthly Tabular Reports: SpaceGainComponentsAtCoolingPeakMonthly
   **   ~~~   ** ..Variable name=ZONE OTHER EQUIPMENT TOTAL HEATING ENERGY not valid for this simulation.
   **   ~~~   ** ..i.e., Variable name=MULT_CLASS_2_POD_1_ZN_1_FLR_2:ZONE OTHER EQUIPMENT TOTAL HEATING ENERGY not valid for this simulation.
   ** Warning ** Processing Monthly Tabular Reports: SpaceGainComponentsAtCoolingPeakMonthly
   **   ~~~   ** ..Variable name=ZONE GAS EQUIPMENT TOTAL HEATING ENERGY not valid for this simulation.
   **   ~~~   ** ..i.e., Variable name=CORNER_CLASS_1_POD_2_ZN_1_FLR_1:ZONE GAS EQUIPMENT TOTAL HEATING ENERGY not valid for this simulation.
   ** Warning ** Processing Monthly Tabular Reports: SpaceGainComponentsAtCoolingPeakMonthly
   **   ~~~   ** ..Variable name=ZONE HOT WATER EQUIPMENT TOTAL HEATING ENERGY not valid for this simulation.
   **   ~~~   ** ..i.e., Variable name=CORNER_CLASS_1_POD_2_ZN_1_FLR_1:ZONE HOT WATER EQUIPMENT TOTAL HEATING ENERGY not valid for this simulation.
   ** Warning ** Processing Monthly Tabular Reports: SpaceGainComponentsAtCoolingPeakMonthly
   **   ~~~   ** ..Variable name=ZONE STEAM EQUIPMENT TOTAL HEATING ENERGY not valid for this simulation.
   **   ~~~   ** ..i.e., Variable name=CORNER_CLASS_1_POD_2_ZN_1_FLR_1:ZONE STEAM EQUIPMENT TOTAL HEATING ENERGY not valid for this simulation.
   ** Warning ** Processing Monthly Tabular Reports: SpaceGainComponentsAtCoolingPeakMonthly
   **   ~~~   ** ..Variable name=ZONE OTHER EQUIPMENT TOTAL HEATING ENERGY not valid for this simulation.
   **   ~~~   ** ..i.e., Variable name=CORNER_CLASS_1_POD_2_ZN_1_FLR_1:ZONE OTHER EQUIPMENT TOTAL HEATING ENERGY not valid for this simulation.
   ** Warning ** Processing Monthly Tabular Reports: SpaceGainComponentsAtCoolingPeakMonthly
   **   ~~~   ** ..Variable name=ZONE GAS EQUIPMENT TOTAL HEATING ENERGY not valid for this simulation.
   **   ~~~   ** ..i.e., Variable name=CORNER_CLASS_1_POD_2_ZN_1_FLR_2:ZONE GAS EQUIPMENT TOTAL HEATING ENERGY not valid for this simulation.
   ** Warning ** Processing Monthly Tabular Reports: SpaceGainComponentsAtCoolingPeakMonthly
   **   ~~~   ** ..Variable name=ZONE HOT WATER EQUIPMENT TOTAL HEATING ENERGY not valid for this simulation.
   **   ~~~   ** ..i.e., Variable name=CORNER_CLASS_1_POD_2_ZN_1_FLR_2:ZONE HOT WATER EQUIPMENT TOTAL HEATING ENERGY not valid for this simulation.
   ** Warning ** Processing Monthly Tabular Reports: SpaceGainComponentsAtCoolingPeakMonthly
   **   ~~~   ** ..Variable name=ZONE STEAM EQUIPMENT TOTAL HEATING ENERGY not valid for this simulation.
   **   ~~~   ** ..i.e., Variable name=CORNER_CLASS_1_POD_2_ZN_1_FLR_2:ZONE STEAM EQUIPMENT TOTAL HEATING ENERGY not valid for this simulation.
   ** Warning ** Processing Monthly Tabular Reports: SpaceGainComponentsAtCoolingPeakMonthly
   **   ~~~   ** ..Variable name=ZONE OTHER EQUIPMENT TOTAL HEATING ENERGY not valid for this simulation.
   **   ~~~   ** ..i.e., Variable name=CORNER_CLASS_1_POD_2_ZN_1_FLR_2:ZONE OTHER EQUIPMENT TOTAL HEATING ENERGY not valid for this simulation.
   ** Warning ** Processing Monthly Tabular Reports: SpaceGainComponentsAtCoolingPeakMonthly
   **   ~~~   ** ..Variable name=ZONE GAS EQUIPMENT TOTAL HEATING ENERGY not valid for this simulation.
   **   ~~~   ** ..i.e., Variable name=MULT_CLASS_1_POD_2_ZN_1_FLR_1:ZONE GAS EQUIPMENT TOTAL HEATING ENERGY not valid for this simulation.
   ** Warning ** Processing Monthly Tabular Reports: SpaceGainComponentsAtCoolingPeakMonthly
   **   ~~~   ** ..Variable name=ZONE HOT WATER EQUIPMENT TOTAL HEATING ENERGY not valid for this simulation.
   **   ~~~   ** ..i.e., Variable name=MULT_CLASS_1_POD_2_ZN_1_FLR_1:ZONE HOT WATER EQUIPMENT TOTAL HEATING ENERGY not valid for this simulation.
   ** Warning ** Processing Monthly Tabular Reports: SpaceGainComponentsAtCoolingPeakMonthly
   **   ~~~   ** ..Variable name=ZONE STEAM EQUIPMENT TOTAL HEATING ENERGY not valid for this simulation.
   **   ~~~   ** ..i.e., Variable name=MULT_CLASS_1_POD_2_ZN_1_FLR_1:ZONE STEAM EQUIPMENT TOTAL HEATING ENERGY not valid for this simulation.
   ** Warning ** Processing Monthly Tabular Reports: SpaceGainComponentsAtCoolingPeakMonthly
   **   ~~~   ** ..Variable name=ZONE OTHER EQUIPMENT TOTAL HEATING ENERGY not valid for this simulation.
   **   ~~~   ** ..i.e., Variable name=MULT_CLASS_1_POD_2_ZN_1_FLR_1:ZONE OTHER EQUIPMENT TOTAL HEATING ENERGY not valid for this simulation.
   ** Warning ** Processing Monthly Tabular Reports: SpaceGainComponentsAtCoolingPeakMonthly
   **   ~~~   ** ..Variable name=ZONE GAS EQUIPMENT TOTAL HEATING ENERGY not valid for this simulation.
   **   ~~~   ** ..i.e., Variable name=MULT_CLASS_1_POD_2_ZN_1_FLR_2:ZONE GAS EQUIPMENT TOTAL HEATING ENERGY not valid for this simulation.
   ** Warning ** Processing Monthly Tabular Reports: SpaceGainComponentsAtCoolingPeakMonthly
   **   ~~~   ** ..Variable name=ZONE HOT WATER EQUIPMENT TOTAL HEATING ENERGY not valid for this simulation.
   **   ~~~   ** ..i.e., Variable name=MULT_CLASS_1_POD_2_ZN_1_FLR_2:ZONE HOT WATER EQUIPMENT TOTAL HEATING ENERGY not valid for this simulation.
   ** Warning ** Processing Monthly Tabular Reports: SpaceGainComponentsAtCoolingPeakMonthly
   **   ~~~   ** ..Variable name=ZONE STEAM EQUIPMENT TOTAL HEATING ENERGY not valid for this simulation.
   **   ~~~   ** ..i.e., Variable name=MULT_CLASS_1_POD_2_ZN_1_FLR_2:ZONE STEAM EQUIPMENT TOTAL HEATING ENERGY not valid for this simulation.
   ** Warning ** Processing Monthly Tabular Reports: SpaceGainComponentsAtCoolingPeakMonthly
   **   ~~~   ** ..Variable name=ZONE OTHER EQUIPMENT TOTAL HEATING ENERGY not valid for this simulation.
   **   ~~~   ** ..i.e., Variable name=MULT_CLASS_1_POD_2_ZN_1_FLR_2:ZONE OTHER EQUIPMENT TOTAL HEATING ENERGY not valid for this simulation.
   ** Warning ** Processing Monthly Tabular Reports: SpaceGainComponentsAtCoolingPeakMonthly
   **   ~~~   ** ..Variable name=ZONE GAS EQUIPMENT TOTAL HEATING ENERGY not valid for this simulation.
   **   ~~~   ** ..i.e., Variable name=CORRIDOR_POD_2_ZN_1_FLR_1:ZONE GAS EQUIPMENT TOTAL HEATING ENERGY not valid for this simulation.
   ** Warning ** Processing Monthly Tabular Reports: SpaceGainComponentsAtCoolingPeakMonthly
   **   ~~~   ** ..Variable name=ZONE HOT WATER EQUIPMENT TOTAL HEATING ENERGY not valid for this simulation.
   **   ~~~   ** ..i.e., Variable name=CORRIDOR_POD_2_ZN_1_FLR_1:ZONE HOT WATER EQUIPMENT TOTAL HEATING ENERGY not valid for this simulation.
   ** Warning ** Processing Monthly Tabular Reports: SpaceGainComponentsAtCoolingPeakMonthly
   **   ~~~   ** ..Variable name=ZONE STEAM EQUIPMENT TOTAL HEATING ENERGY not valid for this simulation.
   **   ~~~   ** ..i.e., Variable name=CORRIDOR_POD_2_ZN_1_FLR_1:ZONE STEAM EQUIPMENT TOTAL HEATING ENERGY not valid for this simulation.
   ** Warning ** Processing Monthly Tabular Reports: SpaceGainComponentsAtCoolingPeakMonthly
   **   ~~~   ** ..Variable name=ZONE OTHER EQUIPMENT TOTAL HEATING ENERGY not valid for this simulation.
   **   ~~~   ** ..i.e., Variable name=CORRIDOR_POD_2_ZN_1_FLR_1:ZONE OTHER EQUIPMENT TOTAL HEATING ENERGY not valid for this simulation.
   ** Warning ** Processing Monthly Tabular Reports: SpaceGainComponentsAtCoolingPeakMonthly
   **   ~~~   ** ..Variable name=ZONE GAS EQUIPMENT TOTAL HEATING ENERGY not valid for this simulation.
   **   ~~~   ** ..i.e., Variable name=CORRIDOR_POD_2_ZN_1_FLR_2:ZONE GAS EQUIPMENT TOTAL HEATING ENERGY not valid for this simulation.
   ** Warning ** Processing Monthly Tabular Reports: SpaceGainComponentsAtCoolingPeakMonthly
   **   ~~~   ** ..Variable name=ZONE HOT WATER EQUIPMENT TOTAL HEATING ENERGY not valid for this simulation.
   **   ~~~   ** ..i.e., Variable name=CORRIDOR_POD_2_ZN_1_FLR_2:ZONE HOT WATER EQUIPMENT TOTAL HEATING ENERGY not valid for this simulation.
   ** Warning ** Processing Monthly Tabular Reports: SpaceGainComponentsAtCoolingPeakMonthly
   **   ~~~   ** ..Variable name=ZONE STEAM EQUIPMENT TOTAL HEATING ENERGY not valid for this simulation.
   **   ~~~   ** ..i.e., Variable name=CORRIDOR_POD_2_ZN_1_FLR_2:ZONE STEAM EQUIPMENT TOTAL HEATING ENERGY not valid for this simulation.
   ** Warning ** Processing Monthly Tabular Reports: SpaceGainComponentsAtCoolingPeakMonthly
   **   ~~~   ** ..Variable name=ZONE OTHER EQUIPMENT TOTAL HEATING ENERGY not valid for this simulation.
   **   ~~~   ** ..i.e., Variable name=CORRIDOR_POD_2_ZN_1_FLR_2:ZONE OTHER EQUIPMENT TOTAL HEATING ENERGY not valid for this simulation.
   ** Warning ** Processing Monthly Tabular Reports: SpaceGainComponentsAtCoolingPeakMonthly
   **   ~~~   ** ..Variable name=ZONE GAS EQUIPMENT TOTAL HEATING ENERGY not valid for this simulation.
   **   ~~~   ** ..i.e., Variable name=CORNER_CLASS_2_POD_2_ZN_1_FLR_1:ZONE GAS EQUIPMENT TOTAL HEATING ENERGY not valid for this simulation.
   ** Warning ** Processing Monthly Tabular Reports: SpaceGainComponentsAtCoolingPeakMonthly
   **   ~~~   ** ..Variable name=ZONE HOT WATER EQUIPMENT TOTAL HEATING ENERGY not valid for this simulation.
   **   ~~~   ** ..i.e., Variable name=CORNER_CLASS_2_POD_2_ZN_1_FLR_1:ZONE HOT WATER EQUIPMENT TOTAL HEATING ENERGY not valid for this simulation.
   ** Warning ** Processing Monthly Tabular Reports: SpaceGainComponentsAtCoolingPeakMonthly
   **   ~~~   ** ..Variable name=ZONE STEAM EQUIPMENT TOTAL HEATING ENERGY not valid for this simulation.
   **   ~~~   ** ..i.e., Variable name=CORNER_CLASS_2_POD_2_ZN_1_FLR_1:ZONE STEAM EQUIPMENT TOTAL HEATING ENERGY not valid for this simulation.
   ** Warning ** Processing Monthly Tabular Reports: SpaceGainComponentsAtCoolingPeakMonthly
   **   ~~~   ** ..Variable name=ZONE OTHER EQUIPMENT TOTAL HEATING ENERGY not valid for this simulation.
   **   ~~~   ** ..i.e., Variable name=CORNER_CLASS_2_POD_2_ZN_1_FLR_1:ZONE OTHER EQUIPMENT TOTAL HEATING ENERGY not valid for this simulation.
   ** Warning ** Processing Monthly Tabular Reports: SpaceGainComponentsAtCoolingPeakMonthly
   **   ~~~   ** ..Variable name=ZONE GAS EQUIPMENT TOTAL HEATING ENERGY not valid for this simulation.
   **   ~~~   ** ..i.e., Variable name=CORNER_CLASS_2_POD_2_ZN_1_FLR_2:ZONE GAS EQUIPMENT TOTAL HEATING ENERGY not valid for this simulation.
   ** Warning ** Processing Monthly Tabular Reports: SpaceGainComponentsAtCoolingPeakMonthly
   **   ~~~   ** ..Variable name=ZONE HOT WATER EQUIPMENT TOTAL HEATING ENERGY not valid for this simulation.
   **   ~~~   ** ..i.e., Variable name=CORNER_CLASS_2_POD_2_ZN_1_FLR_2:ZONE HOT WATER EQUIPMENT TOTAL HEATING ENERGY not valid for this simulation.
   ** Warning ** Processing Monthly Tabular Reports: SpaceGainComponentsAtCoolingPeakMonthly
   **   ~~~   ** ..Variable name=ZONE STEAM EQUIPMENT TOTAL HEATING ENERGY not valid for this simulation.
   **   ~~~   ** ..i.e., Variable name=CORNER_CLASS_2_POD_2_ZN_1_FLR_2:ZONE STEAM EQUIPMENT TOTAL HEATING ENERGY not valid for this simulation.
   ** Warning ** Processing Monthly Tabular Reports: SpaceGainComponentsAtCoolingPeakMonthly
   **   ~~~   ** ..Variable name=ZONE OTHER EQUIPMENT TOTAL HEATING ENERGY not valid for this simulation.
   **   ~~~   ** ..i.e., Variable name=CORNER_CLASS_2_POD_2_ZN_1_FLR_2:ZONE OTHER EQUIPMENT TOTAL HEATING ENERGY not valid for this simulation.
   ** Warning ** Processing Monthly Tabular Reports: SpaceGainComponentsAtCoolingPeakMonthly
   **   ~~~   ** ..Variable name=ZONE GAS EQUIPMENT TOTAL HEATING ENERGY not valid for this simulation.
   **   ~~~   ** ..i.e., Variable name=MULT_CLASS_2_POD_2_ZN_1_FLR_1:ZONE GAS EQUIPMENT TOTAL HEATING ENERGY not valid for this simulation.
   ** Warning ** Processing Monthly Tabular Reports: SpaceGainComponentsAtCoolingPeakMonthly
   **   ~~~   ** ..Variable name=ZONE HOT WATER EQUIPMENT TOTAL HEATING ENERGY not valid for this simulation.
   **   ~~~   ** ..i.e., Variable name=MULT_CLASS_2_POD_2_ZN_1_FLR_1:ZONE HOT WATER EQUIPMENT TOTAL HEATING ENERGY not valid for this simulation.
   ** Warning ** Processing Monthly Tabular Reports: SpaceGainComponentsAtCoolingPeakMonthly
   **   ~~~   ** ..Variable name=ZONE STEAM EQUIPMENT TOTAL HEATING ENERGY not valid for this simulation.
   **   ~~~   ** ..i.e., Variable name=MULT_CLASS_2_POD_2_ZN_1_FLR_1:ZONE STEAM EQUIPMENT TOTAL HEATING ENERGY not valid for this simulation.
   ** Warning ** Processing Monthly Tabular Reports: SpaceGainComponentsAtCoolingPeakMonthly
   **   ~~~   ** ..Variable name=ZONE OTHER EQUIPMENT TOTAL HEATING ENERGY not valid for this simulation.
   **   ~~~   ** ..i.e., Variable name=MULT_CLASS_2_POD_2_ZN_1_FLR_1:ZONE OTHER EQUIPMENT TOTAL HEATING ENERGY not valid for this simulation.
   ** Warning ** Processing Monthly Tabular Reports: SpaceGainComponentsAtCoolingPeakMonthly
   **   ~~~   ** ..Variable name=ZONE GAS EQUIPMENT TOTAL HEATING ENERGY not valid for this simulation.
   **   ~~~   ** ..i.e., Variable name=MULT_CLASS_2_POD_2_ZN_1_FLR_2:ZONE GAS EQUIPMENT TOTAL HEATING ENERGY not valid for this simulation.
   ** Warning ** Processing Monthly Tabular Reports: SpaceGainComponentsAtCoolingPeakMonthly
   **   ~~~   ** ..Variable name=ZONE HOT WATER EQUIPMENT TOTAL HEATING ENERGY not valid for this simulation.
   **   ~~~   ** ..i.e., Variable name=MULT_CLASS_2_POD_2_ZN_1_FLR_2:ZONE HOT WATER EQUIPMENT TOTAL HEATING ENERGY not valid for this simulation.
   ** Warning ** Processing Monthly Tabular Reports: SpaceGainComponentsAtCoolingPeakMonthly
   **   ~~~   ** ..Variable name=ZONE STEAM EQUIPMENT TOTAL HEATING ENERGY not valid for this simulation.
   **   ~~~   ** ..i.e., Variable name=MULT_CLASS_2_POD_2_ZN_1_FLR_2:ZONE STEAM EQUIPMENT TOTAL HEATING ENERGY not valid for this simulation.
   ** Warning ** Processing Monthly Tabular Reports: SpaceGainComponentsAtCoolingPeakMonthly
   **   ~~~   ** ..Variable name=ZONE OTHER EQUIPMENT TOTAL HEATING ENERGY not valid for this simulation.
   **   ~~~   ** ..i.e., Variable name=MULT_CLASS_2_POD_2_ZN_1_FLR_2:ZONE OTHER EQUIPMENT TOTAL HEATING ENERGY not valid for this simulation.
   ** Warning ** Processing Monthly Tabular Reports: SpaceGainComponentsAtCoolingPeakMonthly
   **   ~~~   ** ..Variable name=ZONE GAS EQUIPMENT TOTAL HEATING ENERGY not valid for this simulation.
   **   ~~~   ** ..i.e., Variable name=CORNER_CLASS_1_POD_3_ZN_1_FLR_1:ZONE GAS EQUIPMENT TOTAL HEATING ENERGY not valid for this simulation.
   ** Warning ** Processing Monthly Tabular Reports: SpaceGainComponentsAtCoolingPeakMonthly
   **   ~~~   ** ..Variable name=ZONE HOT WATER EQUIPMENT TOTAL HEATING ENERGY not valid for this simulation.
   **   ~~~   ** ..i.e., Variable name=CORNER_CLASS_1_POD_3_ZN_1_FLR_1:ZONE HOT WATER EQUIPMENT TOTAL HEATING ENERGY not valid for this simulation.
   ** Warning ** Processing Monthly Tabular Reports: SpaceGainComponentsAtCoolingPeakMonthly
   **   ~~~   ** ..Variable name=ZONE STEAM EQUIPMENT TOTAL HEATING ENERGY not valid for this simulation.
   **   ~~~   ** ..i.e., Variable name=CORNER_CLASS_1_POD_3_ZN_1_FLR_1:ZONE STEAM EQUIPMENT TOTAL HEATING ENERGY not valid for this simulation.
   ** Warning ** Processing Monthly Tabular Reports: SpaceGainComponentsAtCoolingPeakMonthly
   **   ~~~   ** ..Variable name=ZONE OTHER EQUIPMENT TOTAL HEATING ENERGY not valid for this simulation.
   **   ~~~   ** ..i.e., Variable name=CORNER_CLASS_1_POD_3_ZN_1_FLR_1:ZONE OTHER EQUIPMENT TOTAL HEATING ENERGY not valid for this simulation.
   ** Warning ** Processing Monthly Tabular Reports: SpaceGainComponentsAtCoolingPeakMonthly
   **   ~~~   ** ..Variable name=ZONE GAS EQUIPMENT TOTAL HEATING ENERGY not valid for this simulation.
   **   ~~~   ** ..i.e., Variable name=CORNER_CLASS_1_POD_3_ZN_1_FLR_2:ZONE GAS EQUIPMENT TOTAL HEATING ENERGY not valid for this simulation.
   ** Warning ** Processing Monthly Tabular Reports: SpaceGainComponentsAtCoolingPeakMonthly
   **   ~~~   ** ..Variable name=ZONE HOT WATER EQUIPMENT TOTAL HEATING ENERGY not valid for this simulation.
   **   ~~~   ** ..i.e., Variable name=CORNER_CLASS_1_POD_3_ZN_1_FLR_2:ZONE HOT WATER EQUIPMENT TOTAL HEATING ENERGY not valid for this simulation.
   ** Warning ** Processing Monthly Tabular Reports: SpaceGainComponentsAtCoolingPeakMonthly
   **   ~~~   ** ..Variable name=ZONE STEAM EQUIPMENT TOTAL HEATING ENERGY not valid for this simulation.
   **   ~~~   ** ..i.e., Variable name=CORNER_CLASS_1_POD_3_ZN_1_FLR_2:ZONE STEAM EQUIPMENT TOTAL HEATING ENERGY not valid for this simulation.
   ** Warning ** Processing Monthly Tabular Reports: SpaceGainComponentsAtCoolingPeakMonthly
   **   ~~~   ** ..Variable name=ZONE OTHER EQUIPMENT TOTAL HEATING ENERGY not valid for this simulation.
   **   ~~~   ** ..i.e., Variable name=CORNER_CLASS_1_POD_3_ZN_1_FLR_2:ZONE OTHER EQUIPMENT TOTAL HEATING ENERGY not valid for this simulation.
   ** Warning ** Processing Monthly Tabular Reports: SpaceGainComponentsAtCoolingPeakMonthly
   **   ~~~   ** ..Variable name=ZONE GAS EQUIPMENT TOTAL HEATING ENERGY not valid for this simulation.
   **   ~~~   ** ..i.e., Variable name=MULT_CLASS_1_POD_3_ZN_1_FLR_1:ZONE GAS EQUIPMENT TOTAL HEATING ENERGY not valid for this simulation.
   ** Warning ** Processing Monthly Tabular Reports: SpaceGainComponentsAtCoolingPeakMonthly
   **   ~~~   ** ..Variable name=ZONE HOT WATER EQUIPMENT TOTAL HEATING ENERGY not valid for this simulation.
   **   ~~~   ** ..i.e., Variable name=MULT_CLASS_1_POD_3_ZN_1_FLR_1:ZONE HOT WATER EQUIPMENT TOTAL HEATING ENERGY not valid for this simulation.
   ** Warning ** Processing Monthly Tabular Reports: SpaceGainComponentsAtCoolingPeakMonthly
   **   ~~~   ** ..Variable name=ZONE STEAM EQUIPMENT TOTAL HEATING ENERGY not valid for this simulation.
   **   ~~~   ** ..i.e., Variable name=MULT_CLASS_1_POD_3_ZN_1_FLR_1:ZONE STEAM EQUIPMENT TOTAL HEATING ENERGY not valid for this simulation.
   ** Warning ** Processing Monthly Tabular Reports: SpaceGainComponentsAtCoolingPeakMonthly
   **   ~~~   ** ..Variable name=ZONE OTHER EQUIPMENT TOTAL HEATING ENERGY not valid for this simulation.
   **   ~~~   ** ..i.e., Variable name=MULT_CLASS_1_POD_3_ZN_1_FLR_1:ZONE OTHER EQUIPMENT TOTAL HEATING ENERGY not valid for this simulation.
   ** Warning ** Processing Monthly Tabular Reports: SpaceGainComponentsAtCoolingPeakMonthly
   **   ~~~   ** ..Variable name=ZONE GAS EQUIPMENT TOTAL HEATING ENERGY not valid for this simulation.
   **   ~~~   ** ..i.e., Variable name=MULT_CLASS_1_POD_3_ZN_1_FLR_2:ZONE GAS EQUIPMENT TOTAL HEATING ENERGY not valid for this simulation.
   ** Warning ** Processing Monthly Tabular Reports: SpaceGainComponentsAtCoolingPeakMonthly
   **   ~~~   ** ..Variable name=ZONE HOT WATER EQUIPMENT TOTAL HEATING ENERGY not valid for this simulation.
   **   ~~~   ** ..i.e., Variable name=MULT_CLASS_1_POD_3_ZN_1_FLR_2:ZONE HOT WATER EQUIPMENT TOTAL HEATING ENERGY not valid for this simulation.
   ** Warning ** Processing Monthly Tabular Reports: SpaceGainComponentsAtCoolingPeakMonthly
   **   ~~~   ** ..Variable name=ZONE STEAM EQUIPMENT TOTAL HEATING ENERGY not valid for this simulation.
   **   ~~~   ** ..i.e., Variable name=MULT_CLASS_1_POD_3_ZN_1_FLR_2:ZONE STEAM EQUIPMENT TOTAL HEATING ENERGY not valid for this simulation.
   ** Warning ** Processing Monthly Tabular Reports: SpaceGainComponentsAtCoolingPeakMonthly
   **   ~~~   ** ..Variable name=ZONE OTHER EQUIPMENT TOTAL HEATING ENERGY not valid for this simulation.
   **   ~~~   ** ..i.e., Variable name=MULT_CLASS_1_POD_3_ZN_1_FLR_2:ZONE OTHER EQUIPMENT TOTAL HEATING ENERGY not valid for this simulation.
   ** Warning ** Processing Monthly Tabular Reports: SpaceGainComponentsAtCoolingPeakMonthly
   **   ~~~   ** ..Variable name=ZONE GAS EQUIPMENT TOTAL HEATING ENERGY not valid for this simulation.
   **   ~~~   ** ..i.e., Variable name=CORRIDOR_POD_3_ZN_1_FLR_1:ZONE GAS EQUIPMENT TOTAL HEATING ENERGY not valid for this simulation.
   ** Warning ** Processing Monthly Tabular Reports: SpaceGainComponentsAtCoolingPeakMonthly
   **   ~~~   ** ..Variable name=ZONE HOT WATER EQUIPMENT TOTAL HEATING ENERGY not valid for this simulation.
   **   ~~~   ** ..i.e., Variable name=CORRIDOR_POD_3_ZN_1_FLR_1:ZONE HOT WATER EQUIPMENT TOTAL HEATING ENERGY not valid for this simulation.
   ** Warning ** Processing Monthly Tabular Reports: SpaceGainComponentsAtCoolingPeakMonthly
   **   ~~~   ** ..Variable name=ZONE STEAM EQUIPMENT TOTAL HEATING ENERGY not valid for this simulation.
   **   ~~~   ** ..i.e., Variable name=CORRIDOR_POD_3_ZN_1_FLR_1:ZONE STEAM EQUIPMENT TOTAL HEATING ENERGY not valid for this simulation.
   ** Warning ** Processing Monthly Tabular Reports: SpaceGainComponentsAtCoolingPeakMonthly
   **   ~~~   ** ..Variable name=ZONE OTHER EQUIPMENT TOTAL HEATING ENERGY not valid for this simulation.
   **   ~~~   ** ..i.e., Variable name=CORRIDOR_POD_3_ZN_1_FLR_1:ZONE OTHER EQUIPMENT TOTAL HEATING ENERGY not valid for this simulation.
   ** Warning ** Processing Monthly Tabular Reports: SpaceGainComponentsAtCoolingPeakMonthly
   **   ~~~   ** ..Variable name=ZONE GAS EQUIPMENT TOTAL HEATING ENERGY not valid for this simulation.
   **   ~~~   ** ..i.e., Variable name=CORRIDOR_POD_3_ZN_1_FLR_2:ZONE GAS EQUIPMENT TOTAL HEATING ENERGY not valid for this simulation.
   ** Warning ** Processing Monthly Tabular Reports: SpaceGainComponentsAtCoolingPeakMonthly
   **   ~~~   ** ..Variable name=ZONE HOT WATER EQUIPMENT TOTAL HEATING ENERGY not valid for this simulation.
   **   ~~~   ** ..i.e., Variable name=CORRIDOR_POD_3_ZN_1_FLR_2:ZONE HOT WATER EQUIPMENT TOTAL HEATING ENERGY not valid for this simulation.
   ** Warning ** Processing Monthly Tabular Reports: SpaceGainComponentsAtCoolingPeakMonthly
   **   ~~~   ** ..Variable name=ZONE STEAM EQUIPMENT TOTAL HEATING ENERGY not valid for this simulation.
   **   ~~~   ** ..i.e., Variable name=CORRIDOR_POD_3_ZN_1_FLR_2:ZONE STEAM EQUIPMENT TOTAL HEATING ENERGY not valid for this simulation.
   ** Warning ** Processing Monthly Tabular Reports: SpaceGainComponentsAtCoolingPeakMonthly
   **   ~~~   ** ..Variable name=ZONE OTHER EQUIPMENT TOTAL HEATING ENERGY not valid for this simulation.
   **   ~~~   ** ..i.e., Variable name=CORRIDOR_POD_3_ZN_1_FLR_2:ZONE OTHER EQUIPMENT TOTAL HEATING ENERGY not valid for this simulation.
   ** Warning ** Processing Monthly Tabular Reports: SpaceGainComponentsAtCoolingPeakMonthly
   **   ~~~   ** ..Variable name=ZONE GAS EQUIPMENT TOTAL HEATING ENERGY not valid for this simulation.
   **   ~~~   ** ..i.e., Variable name=CORNER_CLASS_2_POD_3_ZN_1_FLR_1:ZONE GAS EQUIPMENT TOTAL HEATING ENERGY not valid for this simulation.
   ** Warning ** Processing Monthly Tabular Reports: SpaceGainComponentsAtCoolingPeakMonthly
   **   ~~~   ** ..Variable name=ZONE HOT WATER EQUIPMENT TOTAL HEATING ENERGY not valid for this simulation.
   **   ~~~   ** ..i.e., Variable name=CORNER_CLASS_2_POD_3_ZN_1_FLR_1:ZONE HOT WATER EQUIPMENT TOTAL HEATING ENERGY not valid for this simulation.
   ** Warning ** Processing Monthly Tabular Reports: SpaceGainComponentsAtCoolingPeakMonthly
   **   ~~~   ** ..Variable name=ZONE STEAM EQUIPMENT TOTAL HEATING ENERGY not valid for this simulation.
   **   ~~~   ** ..i.e., Variable name=CORNER_CLASS_2_POD_3_ZN_1_FLR_1:ZONE STEAM EQUIPMENT TOTAL HEATING ENERGY not valid for this simulation.
   ** Warning ** Processing Monthly Tabular Reports: SpaceGainComponentsAtCoolingPeakMonthly
   **   ~~~   ** ..Variable name=ZONE OTHER EQUIPMENT TOTAL HEATING ENERGY not valid for this simulation.
   **   ~~~   ** ..i.e., Variable name=CORNER_CLASS_2_POD_3_ZN_1_FLR_1:ZONE OTHER EQUIPMENT TOTAL HEATING ENERGY not valid for this simulation.
   ** Warning ** Processing Monthly Tabular Reports: SpaceGainComponentsAtCoolingPeakMonthly
   **   ~~~   ** ..Variable name=ZONE GAS EQUIPMENT TOTAL HEATING ENERGY not valid for this simulation.
   **   ~~~   ** ..i.e., Variable name=CORNER_CLASS_2_POD_3_ZN_1_FLR_2:ZONE GAS EQUIPMENT TOTAL HEATING ENERGY not valid for this simulation.
   ** Warning ** Processing Monthly Tabular Reports: SpaceGainComponentsAtCoolingPeakMonthly
   **   ~~~   ** ..Variable name=ZONE HOT WATER EQUIPMENT TOTAL HEATING ENERGY not valid for this simulation.
   **   ~~~   ** ..i.e., Variable name=CORNER_CLASS_2_POD_3_ZN_1_FLR_2:ZONE HOT WATER EQUIPMENT TOTAL HEATING ENERGY not valid for this simulation.
   ** Warning ** Processing Monthly Tabular Reports: SpaceGainComponentsAtCoolingPeakMonthly
   **   ~~~   ** ..Variable name=ZONE STEAM EQUIPMENT TOTAL HEATING ENERGY not valid for this simulation.
   **   ~~~   ** ..i.e., Variable name=CORNER_CLASS_2_POD_3_ZN_1_FLR_2:ZONE STEAM EQUIPMENT TOTAL HEATING ENERGY not valid for this simulation.
   ** Warning ** Processing Monthly Tabular Reports: SpaceGainComponentsAtCoolingPeakMonthly
   **   ~~~   ** ..Variable name=ZONE OTHER EQUIPMENT TOTAL HEATING ENERGY not valid for this simulation.
   **   ~~~   ** ..i.e., Variable name=CORNER_CLASS_2_POD_3_ZN_1_FLR_2:ZONE OTHER EQUIPMENT TOTAL HEATING ENERGY not valid for this simulation.
   ** Warning ** Processing Monthly Tabular Reports: SpaceGainComponentsAtCoolingPeakMonthly
   **   ~~~   ** ..Variable name=ZONE GAS EQUIPMENT TOTAL HEATING ENERGY not valid for this simulation.
   **   ~~~   ** ..i.e., Variable name=MULT_CLASS_2_POD_3_ZN_1_FLR_1:ZONE GAS EQUIPMENT TOTAL HEATING ENERGY not valid for this simulation.
   ** Warning ** Processing Monthly Tabular Reports: SpaceGainComponentsAtCoolingPeakMonthly
   **   ~~~   ** ..Variable name=ZONE HOT WATER EQUIPMENT TOTAL HEATING ENERGY not valid for this simulation.
   **   ~~~   ** ..i.e., Variable name=MULT_CLASS_2_POD_3_ZN_1_FLR_1:ZONE HOT WATER EQUIPMENT TOTAL HEATING ENERGY not valid for this simulation.
   ** Warning ** Processing Monthly Tabular Reports: SpaceGainComponentsAtCoolingPeakMonthly
   **   ~~~   ** ..Variable name=ZONE STEAM EQUIPMENT TOTAL HEATING ENERGY not valid for this simulation.
   **   ~~~   ** ..i.e., Variable name=MULT_CLASS_2_POD_3_ZN_1_FLR_1:ZONE STEAM EQUIPMENT TOTAL HEATING ENERGY not valid for this simulation.
   ** Warning ** Processing Monthly Tabular Reports: SpaceGainComponentsAtCoolingPeakMonthly
   **   ~~~   ** ..Variable name=ZONE OTHER EQUIPMENT TOTAL HEATING ENERGY not valid for this simulation.
   **   ~~~   ** ..i.e., Variable name=MULT_CLASS_2_POD_3_ZN_1_FLR_1:ZONE OTHER EQUIPMENT TOTAL HEATING ENERGY not valid for this simulation.
   ** Warning ** Processing Monthly Tabular Reports: SpaceGainComponentsAtCoolingPeakMonthly
   **   ~~~   ** ..Variable name=ZONE GAS EQUIPMENT TOTAL HEATING ENERGY not valid for this simulation.
   **   ~~~   ** ..i.e., Variable name=MULT_CLASS_2_POD_3_ZN_1_FLR_2:ZONE GAS EQUIPMENT TOTAL HEATING ENERGY not valid for this simulation.
   ** Warning ** Processing Monthly Tabular Reports: SpaceGainComponentsAtCoolingPeakMonthly
   **   ~~~   ** ..Variable name=ZONE HOT WATER EQUIPMENT TOTAL HEATING ENERGY not valid for this simulation.
   **   ~~~   ** ..i.e., Variable name=MULT_CLASS_2_POD_3_ZN_1_FLR_2:ZONE HOT WATER EQUIPMENT TOTAL HEATING ENERGY not valid for this simulation.
   ** Warning ** Processing Monthly Tabular Reports: SpaceGainComponentsAtCoolingPeakMonthly
   **   ~~~   ** ..Variable name=ZONE STEAM EQUIPMENT TOTAL HEATING ENERGY not valid for this simulation.
   **   ~~~   ** ..i.e., Variable name=MULT_CLASS_2_POD_3_ZN_1_FLR_2:ZONE STEAM EQUIPMENT TOTAL HEATING ENERGY not valid for this simulation.
   ** Warning ** Processing Monthly Tabular Reports: SpaceGainComponentsAtCoolingPeakMonthly
   **   ~~~   ** ..Variable name=ZONE OTHER EQUIPMENT TOTAL HEATING ENERGY not valid for this simulation.
   **   ~~~   ** ..i.e., Variable name=MULT_CLASS_2_POD_3_ZN_1_FLR_2:ZONE OTHER EQUIPMENT TOTAL HEATING ENERGY not valid for this simulation.
   ** Warning ** Processing Monthly Tabular Reports: SpaceGainComponentsAtCoolingPeakMonthly
   **   ~~~   ** ..Variable name=ZONE GAS EQUIPMENT TOTAL HEATING ENERGY not valid for this simulation.
   **   ~~~   ** ..i.e., Variable name=MAIN_CORRIDOR_ZN_1_FLR_1:ZONE GAS EQUIPMENT TOTAL HEATING ENERGY not valid for this simulation.
   ** Warning ** Processing Monthly Tabular Reports: SpaceGainComponentsAtCoolingPeakMonthly
   **   ~~~   ** ..Variable name=ZONE HOT WATER EQUIPMENT TOTAL HEATING ENERGY not valid for this simulation.
   **   ~~~   ** ..i.e., Variable name=MAIN_CORRIDOR_ZN_1_FLR_1:ZONE HOT WATER EQUIPMENT TOTAL HEATING ENERGY not valid for this simulation.
   ** Warning ** Processing Monthly Tabular Reports: SpaceGainComponentsAtCoolingPeakMonthly
   **   ~~~   ** ..Variable name=ZONE STEAM EQUIPMENT TOTAL HEATING ENERGY not valid for this simulation.
   **   ~~~   ** ..i.e., Variable name=MAIN_CORRIDOR_ZN_1_FLR_1:ZONE STEAM EQUIPMENT TOTAL HEATING ENERGY not valid for this simulation.
   ** Warning ** Processing Monthly Tabular Reports: SpaceGainComponentsAtCoolingPeakMonthly
   **   ~~~   ** ..Variable name=ZONE OTHER EQUIPMENT TOTAL HEATING ENERGY not valid for this simulation.
   **   ~~~   ** ..i.e., Variable name=MAIN_CORRIDOR_ZN_1_FLR_1:ZONE OTHER EQUIPMENT TOTAL HEATING ENERGY not valid for this simulation.
   ** Warning ** Processing Monthly Tabular Reports: SpaceGainComponentsAtCoolingPeakMonthly
   **   ~~~   ** ..Variable name=ZONE GAS EQUIPMENT TOTAL HEATING ENERGY not valid for this simulation.
   **   ~~~   ** ..i.e., Variable name=MAIN_CORRIDOR_ZN_1_FLR_2:ZONE GAS EQUIPMENT TOTAL HEATING ENERGY not valid for this simulation.
   ** Warning ** Processing Monthly Tabular Reports: SpaceGainComponentsAtCoolingPeakMonthly
   **   ~~~   ** ..Variable name=ZONE HOT WATER EQUIPMENT TOTAL HEATING ENERGY not valid for this simulation.
   **   ~~~   ** ..i.e., Variable name=MAIN_CORRIDOR_ZN_1_FLR_2:ZONE HOT WATER EQUIPMENT TOTAL HEATING ENERGY not valid for this simulation.
   ** Warning ** Processing Monthly Tabular Reports: SpaceGainComponentsAtCoolingPeakMonthly
   **   ~~~   ** ..Variable name=ZONE STEAM EQUIPMENT TOTAL HEATING ENERGY not valid for this simulation.
   **   ~~~   ** ..i.e., Variable name=MAIN_CORRIDOR_ZN_1_FLR_2:ZONE STEAM EQUIPMENT TOTAL HEATING ENERGY not valid for this simulation.
   ** Warning ** Processing Monthly Tabular Reports: SpaceGainComponentsAtCoolingPeakMonthly
   **   ~~~   ** ..Variable name=ZONE OTHER EQUIPMENT TOTAL HEATING ENERGY not valid for this simulation.
   **   ~~~   ** ..i.e., Variable name=MAIN_CORRIDOR_ZN_1_FLR_2:ZONE OTHER EQUIPMENT TOTAL HEATING ENERGY not valid for this simulation.
   ** Warning ** Processing Monthly Tabular Reports: SpaceGainComponentsAtCoolingPeakMonthly
   **   ~~~   ** ..Variable name=ZONE GAS EQUIPMENT TOTAL HEATING ENERGY not valid for this simulation.
   **   ~~~   ** ..i.e., Variable name=LOBBY_ZN_1_FLR_1:ZONE GAS EQUIPMENT TOTAL HEATING ENERGY not valid for this simulation.
   ** Warning ** Processing Monthly Tabular Reports: SpaceGainComponentsAtCoolingPeakMonthly
   **   ~~~   ** ..Variable name=ZONE HOT WATER EQUIPMENT TOTAL HEATING ENERGY not valid for this simulation.
   **   ~~~   ** ..i.e., Variable name=LOBBY_ZN_1_FLR_1:ZONE HOT WATER EQUIPMENT TOTAL HEATING ENERGY not valid for this simulation.
   ** Warning ** Processing Monthly Tabular Reports: SpaceGainComponentsAtCoolingPeakMonthly
   **   ~~~   ** ..Variable name=ZONE STEAM EQUIPMENT TOTAL HEATING ENERGY not valid for this simulation.
   **   ~~~   ** ..i.e., Variable name=LOBBY_ZN_1_FLR_1:ZONE STEAM EQUIPMENT TOTAL HEATING ENERGY not valid for this simulation.
   ** Warning ** Processing Monthly Tabular Reports: SpaceGainComponentsAtCoolingPeakMonthly
   **   ~~~   ** ..Variable name=ZONE OTHER EQUIPMENT TOTAL HEATING ENERGY not valid for this simulation.
   **   ~~~   ** ..i.e., Variable name=LOBBY_ZN_1_FLR_1:ZONE OTHER EQUIPMENT TOTAL HEATING ENERGY not valid for this simulation.
   ** Warning ** Processing Monthly Tabular Reports: SpaceGainComponentsAtCoolingPeakMonthly
   **   ~~~   ** ..Variable name=ZONE GAS EQUIPMENT TOTAL HEATING ENERGY not valid for this simulation.
   **   ~~~   ** ..i.e., Variable name=LOBBY_ZN_1_FLR_2:ZONE GAS EQUIPMENT TOTAL HEATING ENERGY not valid for this simulation.
   ** Warning ** Processing Monthly Tabular Reports: SpaceGainComponentsAtCoolingPeakMonthly
   **   ~~~   ** ..Variable name=ZONE HOT WATER EQUIPMENT TOTAL HEATING ENERGY not valid for this simulation.
   **   ~~~   ** ..i.e., Variable name=LOBBY_ZN_1_FLR_2:ZONE HOT WATER EQUIPMENT TOTAL HEATING ENERGY not valid for this simulation.
   ** Warning ** Processing Monthly Tabular Reports: SpaceGainComponentsAtCoolingPeakMonthly
   **   ~~~   ** ..Variable name=ZONE STEAM EQUIPMENT TOTAL HEATING ENERGY not valid for this simulation.
   **   ~~~   ** ..i.e., Variable name=LOBBY_ZN_1_FLR_2:ZONE STEAM EQUIPMENT TOTAL HEATING ENERGY not valid for this simulation.
   ** Warning ** Processing Monthly Tabular Reports: SpaceGainComponentsAtCoolingPeakMonthly
   **   ~~~   ** ..Variable name=ZONE OTHER EQUIPMENT TOTAL HEATING ENERGY not valid for this simulation.
   **   ~~~   ** ..i.e., Variable name=LOBBY_ZN_1_FLR_2:ZONE OTHER EQUIPMENT TOTAL HEATING ENERGY not valid for this simulation.
   ** Warning ** Processing Monthly Tabular Reports: SpaceGainComponentsAtCoolingPeakMonthly
   **   ~~~   ** ..Variable name=ZONE GAS EQUIPMENT TOTAL HEATING ENERGY not valid for this simulation.
   **   ~~~   ** ..i.e., Variable name=BATHROOMS_ZN_1_FLR_1:ZONE GAS EQUIPMENT TOTAL HEATING ENERGY not valid for this simulation.
   ** Warning ** Processing Monthly Tabular Reports: SpaceGainComponentsAtCoolingPeakMonthly
   **   ~~~   ** ..Variable name=ZONE HOT WATER EQUIPMENT TOTAL HEATING ENERGY not valid for this simulation.
   **   ~~~   ** ..i.e., Variable name=BATHROOMS_ZN_1_FLR_1:ZONE HOT WATER EQUIPMENT TOTAL HEATING ENERGY not valid for this simulation.
   ** Warning ** Processing Monthly Tabular Reports: SpaceGainComponentsAtCoolingPeakMonthly
   **   ~~~   ** ..Variable name=ZONE STEAM EQUIPMENT TOTAL HEATING ENERGY not valid for this simulation.
   **   ~~~   ** ..i.e., Variable name=BATHROOMS_ZN_1_FLR_1:ZONE STEAM EQUIPMENT TOTAL HEATING ENERGY not valid for this simulation.
   ** Warning ** Processing Monthly Tabular Reports: SpaceGainComponentsAtCoolingPeakMonthly
   **   ~~~   ** ..Variable name=ZONE OTHER EQUIPMENT TOTAL HEATING ENERGY not valid for this simulation.
   **   ~~~   ** ..i.e., Variable name=BATHROOMS_ZN_1_FLR_1:ZONE OTHER EQUIPMENT TOTAL HEATING ENERGY not valid for this simulation.
   ** Warning ** Processing Monthly Tabular Reports: SpaceGainComponentsAtCoolingPeakMonthly
   **   ~~~   ** ..Variable name=ZONE GAS EQUIPMENT TOTAL HEATING ENERGY not valid for this simulation.
   **   ~~~   ** ..i.e., Variable name=BATHROOMS_ZN_1_FLR_2:ZONE GAS EQUIPMENT TOTAL HEATING ENERGY not valid for this simulation.
   ** Warning ** Processing Monthly Tabular Reports: SpaceGainComponentsAtCoolingPeakMonthly
   **   ~~~   ** ..Variable name=ZONE HOT WATER EQUIPMENT TOTAL HEATING ENERGY not valid for this simulation.
   **   ~~~   ** ..i.e., Variable name=BATHROOMS_ZN_1_FLR_2:ZONE HOT WATER EQUIPMENT TOTAL HEATING ENERGY not valid for this simulation.
   ** Warning ** Processing Monthly Tabular Reports: SpaceGainComponentsAtCoolingPeakMonthly
   **   ~~~   ** ..Variable name=ZONE STEAM EQUIPMENT TOTAL HEATING ENERGY not valid for this simulation.
   **   ~~~   ** ..i.e., Variable name=BATHROOMS_ZN_1_FLR_2:ZONE STEAM EQUIPMENT TOTAL HEATING ENERGY not valid for this simulation.
   ** Warning ** Processing Monthly Tabular Reports: SpaceGainComponentsAtCoolingPeakMonthly
   **   ~~~   ** ..Variable name=ZONE OTHER EQUIPMENT TOTAL HEATING ENERGY not valid for this simulation.
   **   ~~~   ** ..i.e., Variable name=BATHROOMS_ZN_1_FLR_2:ZONE OTHER EQUIPMENT TOTAL HEATING ENERGY not valid for this simulation.
   ** Warning ** Processing Monthly Tabular Reports: SpaceGainComponentsAtCoolingPeakMonthly
   **   ~~~   ** ..Variable name=ZONE GAS EQUIPMENT TOTAL HEATING ENERGY not valid for this simulation.
   **   ~~~   ** ..i.e., Variable name=OFFICES_ZN_1_FLR_1:ZONE GAS EQUIPMENT TOTAL HEATING ENERGY not valid for this simulation.
   ** Warning ** Processing Monthly Tabular Reports: SpaceGainComponentsAtCoolingPeakMonthly
   **   ~~~   ** ..Variable name=ZONE HOT WATER EQUIPMENT TOTAL HEATING ENERGY not valid for this simulation.
   **   ~~~   ** ..i.e., Variable name=OFFICES_ZN_1_FLR_1:ZONE HOT WATER EQUIPMENT TOTAL HEATING ENERGY not valid for this simulation.
   ** Warning ** Processing Monthly Tabular Reports: SpaceGainComponentsAtCoolingPeakMonthly
   **   ~~~   ** ..Variable name=ZONE STEAM EQUIPMENT TOTAL HEATING ENERGY not valid for this simulation.
   **   ~~~   ** ..i.e., Variable name=OFFICES_ZN_1_FLR_1:ZONE STEAM EQUIPMENT TOTAL HEATING ENERGY not valid for this simulation.
   ** Warning ** Processing Monthly Tabular Reports: SpaceGainComponentsAtCoolingPeakMonthly
   **   ~~~   ** ..Variable name=ZONE OTHER EQUIPMENT TOTAL HEATING ENERGY not valid for this simulation.
   **   ~~~   ** ..i.e., Variable name=OFFICES_ZN_1_FLR_1:ZONE OTHER EQUIPMENT TOTAL HEATING ENERGY not valid for this simulation.
   ** Warning ** Processing Monthly Tabular Reports: SpaceGainComponentsAtCoolingPeakMonthly
   **   ~~~   ** ..Variable name=ZONE GAS EQUIPMENT TOTAL HEATING ENERGY not valid for this simulation.
   **   ~~~   ** ..i.e., Variable name=OFFICES_ZN_1_FLR_2:ZONE GAS EQUIPMENT TOTAL HEATING ENERGY not valid for this simulation.
   ** Warning ** Processing Monthly Tabular Reports: SpaceGainComponentsAtCoolingPeakMonthly
   **   ~~~   ** ..Variable name=ZONE HOT WATER EQUIPMENT TOTAL HEATING ENERGY not valid for this simulation.
   **   ~~~   ** ..i.e., Variable name=OFFICES_ZN_1_FLR_2:ZONE HOT WATER EQUIPMENT TOTAL HEATING ENERGY not valid for this simulation.
   ** Warning ** Processing Monthly Tabular Reports: SpaceGainComponentsAtCoolingPeakMonthly
   **   ~~~   ** ..Variable name=ZONE STEAM EQUIPMENT TOTAL HEATING ENERGY not valid for this simulation.
   **   ~~~   ** ..i.e., Variable name=OFFICES_ZN_1_FLR_2:ZONE STEAM EQUIPMENT TOTAL HEATING ENERGY not valid for this simulation.
   ** Warning ** Processing Monthly Tabular Reports: SpaceGainComponentsAtCoolingPeakMonthly
   **   ~~~   ** ..Variable name=ZONE OTHER EQUIPMENT TOTAL HEATING ENERGY not valid for this simulation.
   **   ~~~   ** ..i.e., Variable name=OFFICES_ZN_1_FLR_2:ZONE OTHER EQUIPMENT TOTAL HEATING ENERGY not valid for this simulation.
   ** Warning ** Processing Monthly Tabular Reports: SpaceGainComponentsAtCoolingPeakMonthly
   **   ~~~   ** ..Variable name=ZONE GAS EQUIPMENT TOTAL HEATING ENERGY not valid for this simulation.
   **   ~~~   ** ..i.e., Variable name=GYM_ZN_1_FLR_1:ZONE GAS EQUIPMENT TOTAL HEATING ENERGY not valid for this simulation.
   ** Warning ** Processing Monthly Tabular Reports: SpaceGainComponentsAtCoolingPeakMonthly
   **   ~~~   ** ..Variable name=ZONE HOT WATER EQUIPMENT TOTAL HEATING ENERGY not valid for this simulation.
   **   ~~~   ** ..i.e., Variable name=GYM_ZN_1_FLR_1:ZONE HOT WATER EQUIPMENT TOTAL HEATING ENERGY not valid for this simulation.
   ** Warning ** Processing Monthly Tabular Reports: SpaceGainComponentsAtCoolingPeakMonthly
   **   ~~~   ** ..Variable name=ZONE STEAM EQUIPMENT TOTAL HEATING ENERGY not valid for this simulation.
   **   ~~~   ** ..i.e., Variable name=GYM_ZN_1_FLR_1:ZONE STEAM EQUIPMENT TOTAL HEATING ENERGY not valid for this simulation.
   ** Warning ** Processing Monthly Tabular Reports: SpaceGainComponentsAtCoolingPeakMonthly
   **   ~~~   ** ..Variable name=ZONE OTHER EQUIPMENT TOTAL HEATING ENERGY not valid for this simulation.
   **   ~~~   ** ..i.e., Variable name=GYM_ZN_1_FLR_1:ZONE OTHER EQUIPMENT TOTAL HEATING ENERGY not valid for this simulation.
   ** Warning ** Processing Monthly Tabular Reports: SpaceGainComponentsAtCoolingPeakMonthly
   **   ~~~   ** ..Variable name=ZONE GAS EQUIPMENT TOTAL HEATING ENERGY not valid for this simulation.
   **   ~~~   ** ..i.e., Variable name=AUX_GYM_ZN_1_FLR_1:ZONE GAS EQUIPMENT TOTAL HEATING ENERGY not valid for this simulation.
   ** Warning ** Processing Monthly Tabular Reports: SpaceGainComponentsAtCoolingPeakMonthly
   **   ~~~   ** ..Variable name=ZONE HOT WATER EQUIPMENT TOTAL HEATING ENERGY not valid for this simulation.
   **   ~~~   ** ..i.e., Variable name=AUX_GYM_ZN_1_FLR_1:ZONE HOT WATER EQUIPMENT TOTAL HEATING ENERGY not valid for this simulation.
   ** Warning ** Processing Monthly Tabular Reports: SpaceGainComponentsAtCoolingPeakMonthly
   **   ~~~   ** ..Variable name=ZONE STEAM EQUIPMENT TOTAL HEATING ENERGY not valid for this simulation.
   **   ~~~   ** ..i.e., Variable name=AUX_GYM_ZN_1_FLR_1:ZONE STEAM EQUIPMENT TOTAL HEATING ENERGY not valid for this simulation.
   ** Warning ** Processing Monthly Tabular Reports: SpaceGainComponentsAtCoolingPeakMonthly
   **   ~~~   ** ..Variable name=ZONE OTHER EQUIPMENT TOTAL HEATING ENERGY not valid for this simulation.
   **   ~~~   ** ..i.e., Variable name=AUX_GYM_ZN_1_FLR_1:ZONE OTHER EQUIPMENT TOTAL HEATING ENERGY not valid for this simulation.
   ** Warning ** Processing Monthly Tabular Reports: SpaceGainComponentsAtCoolingPeakMonthly
   **   ~~~   ** ..Variable name=ZONE GAS EQUIPMENT TOTAL HEATING ENERGY not valid for this simulation.
   **   ~~~   ** ..i.e., Variable name=AUDITORIUM_ZN_1_FLR_1:ZONE GAS EQUIPMENT TOTAL HEATING ENERGY not valid for this simulation.
   ** Warning ** Processing Monthly Tabular Reports: SpaceGainComponentsAtCoolingPeakMonthly
   **   ~~~   ** ..Variable name=ZONE HOT WATER EQUIPMENT TOTAL HEATING ENERGY not valid for this simulation.
   **   ~~~   ** ..i.e., Variable name=AUDITORIUM_ZN_1_FLR_1:ZONE HOT WATER EQUIPMENT TOTAL HEATING ENERGY not valid for this simulation.
   ** Warning ** Processing Monthly Tabular Reports: SpaceGainComponentsAtCoolingPeakMonthly
   **   ~~~   ** ..Variable name=ZONE STEAM EQUIPMENT TOTAL HEATING ENERGY not valid for this simulation.
   **   ~~~   ** ..i.e., Variable name=AUDITORIUM_ZN_1_FLR_1:ZONE STEAM EQUIPMENT TOTAL HEATING ENERGY not valid for this simulation.
   ** Warning ** Processing Monthly Tabular Reports: SpaceGainComponentsAtCoolingPeakMonthly
   **   ~~~   ** ..Variable name=ZONE OTHER EQUIPMENT TOTAL HEATING ENERGY not valid for this simulation.
   **   ~~~   ** ..i.e., Variable name=AUDITORIUM_ZN_1_FLR_1:ZONE OTHER EQUIPMENT TOTAL HEATING ENERGY not valid for this simulation.
   ** Warning ** Processing Monthly Tabular Reports: SpaceGainComponentsAtCoolingPeakMonthly
   **   ~~~   ** ..Variable name=ZONE HOT WATER EQUIPMENT TOTAL HEATING ENERGY not valid for this simulation.
   **   ~~~   ** ..i.e., Variable name=KITCHEN_ZN_1_FLR_1:ZONE HOT WATER EQUIPMENT TOTAL HEATING ENERGY not valid for this simulation.
   ** Warning ** Processing Monthly Tabular Reports: SpaceGainComponentsAtCoolingPeakMonthly
   **   ~~~   ** ..Variable name=ZONE STEAM EQUIPMENT TOTAL HEATING ENERGY not valid for this simulation.
   **   ~~~   ** ..i.e., Variable name=KITCHEN_ZN_1_FLR_1:ZONE STEAM EQUIPMENT TOTAL HEATING ENERGY not valid for this simulation.
   ** Warning ** Processing Monthly Tabular Reports: SpaceGainComponentsAtCoolingPeakMonthly
   **   ~~~   ** ..Variable name=ZONE OTHER EQUIPMENT TOTAL HEATING ENERGY not valid for this simulation.
   **   ~~~   ** ..i.e., Variable name=KITCHEN_ZN_1_FLR_1:ZONE OTHER EQUIPMENT TOTAL HEATING ENERGY not valid for this simulation.
   ** Warning ** Processing Monthly Tabular Reports: SpaceGainComponentsAtCoolingPeakMonthly
   **   ~~~   ** ..Variable name=ZONE GAS EQUIPMENT TOTAL HEATING ENERGY not valid for this simulation.
   **   ~~~   ** ..i.e., Variable name=LIBRARY_MEDIA_CENTER_ZN_1_FLR_2:ZONE GAS EQUIPMENT TOTAL HEATING ENERGY not valid for this simulation.
   ** Warning ** Processing Monthly Tabular Reports: SpaceGainComponentsAtCoolingPeakMonthly
   **   ~~~   ** ..Variable name=ZONE HOT WATER EQUIPMENT TOTAL HEATING ENERGY not valid for this simulation.
   **   ~~~   ** ..i.e., Variable name=LIBRARY_MEDIA_CENTER_ZN_1_FLR_2:ZONE HOT WATER EQUIPMENT TOTAL HEATING ENERGY not valid for this simulation.
   ** Warning ** Processing Monthly Tabular Reports: SpaceGainComponentsAtCoolingPeakMonthly
   **   ~~~   ** ..Variable name=ZONE STEAM EQUIPMENT TOTAL HEATING ENERGY not valid for this simulation.
   **   ~~~   ** ..i.e., Variable name=LIBRARY_MEDIA_CENTER_ZN_1_FLR_2:ZONE STEAM EQUIPMENT TOTAL HEATING ENERGY not valid for this simulation.
   ** Warning ** Processing Monthly Tabular Reports: SpaceGainComponentsAtCoolingPeakMonthly
   **   ~~~   ** ..Variable name=ZONE OTHER EQUIPMENT TOTAL HEATING ENERGY not valid for this simulation.
   **   ~~~   ** ..i.e., Variable name=LIBRARY_MEDIA_CENTER_ZN_1_FLR_2:ZONE OTHER EQUIPMENT TOTAL HEATING ENERGY not valid for this simulation.
   ** Warning ** Processing Monthly Tabular Reports: SpaceGainComponentsAtCoolingPeakMonthly
   **   ~~~   ** ..Variable name=ZONE GAS EQUIPMENT TOTAL HEATING ENERGY not valid for this simulation.
   **   ~~~   ** ..i.e., Variable name=CAFETERIA_ZN_1_FLR_1:ZONE GAS EQUIPMENT TOTAL HEATING ENERGY not valid for this simulation.
   ** Warning ** Processing Monthly Tabular Reports: SpaceGainComponentsAtCoolingPeakMonthly
   **   ~~~   ** ..Variable name=ZONE HOT WATER EQUIPMENT TOTAL HEATING ENERGY not valid for this simulation.
   **   ~~~   ** ..i.e., Variable name=CAFETERIA_ZN_1_FLR_1:ZONE HOT WATER EQUIPMENT TOTAL HEATING ENERGY not valid for this simulation.
   ** Warning ** Processing Monthly Tabular Reports: SpaceGainComponentsAtCoolingPeakMonthly
   **   ~~~   ** ..Variable name=ZONE STEAM EQUIPMENT TOTAL HEATING ENERGY not valid for this simulation.
   **   ~~~   ** ..i.e., Variable name=CAFETERIA_ZN_1_FLR_1:ZONE STEAM EQUIPMENT TOTAL HEATING ENERGY not valid for this simulation.
   ** Warning ** Processing Monthly Tabular Reports: SpaceGainComponentsAtCoolingPeakMonthly
   **   ~~~   ** ..Variable name=ZONE OTHER EQUIPMENT TOTAL HEATING ENERGY not valid for this simulation.
   **   ~~~   ** ..i.e., Variable name=CAFETERIA_ZN_1_FLR_1:ZONE OTHER EQUIPMENT TOTAL HEATING ENERGY not valid for this simulation.
   ** Warning ** Processing Monthly Tabular Reports: SpaceGainComponentsAtCoolingPeakMonthly
   **   ~~~   ** ..Variable name=ZONE GAS EQUIPMENT TOTAL HEATING ENERGY not valid for this simulation.
   **   ~~~   ** ..i.e., Variable name=MECH_ZN_1_FLR_1:ZONE GAS EQUIPMENT TOTAL HEATING ENERGY not valid for this simulation.
   ** Warning ** Processing Monthly Tabular Reports: SpaceGainComponentsAtCoolingPeakMonthly
   **   ~~~   ** ..Variable name=ZONE HOT WATER EQUIPMENT TOTAL HEATING ENERGY not valid for this simulation.
   **   ~~~   ** ..i.e., Variable name=MECH_ZN_1_FLR_1:ZONE HOT WATER EQUIPMENT TOTAL HEATING ENERGY not valid for this simulation.
   ** Warning ** Processing Monthly Tabular Reports: SpaceGainComponentsAtCoolingPeakMonthly
   **   ~~~   ** ..Variable name=ZONE STEAM EQUIPMENT TOTAL HEATING ENERGY not valid for this simulation.
   **   ~~~   ** ..i.e., Variable name=MECH_ZN_1_FLR_1:ZONE STEAM EQUIPMENT TOTAL HEATING ENERGY not valid for this simulation.
   ** Warning ** Processing Monthly Tabular Reports: SpaceGainComponentsAtCoolingPeakMonthly
   **   ~~~   ** ..Variable name=ZONE OTHER EQUIPMENT TOTAL HEATING ENERGY not valid for this simulation.
   **   ~~~   ** ..i.e., Variable name=MECH_ZN_1_FLR_1:ZONE OTHER EQUIPMENT TOTAL HEATING ENERGY not valid for this simulation.
   ** Warning ** Processing Monthly Tabular Reports: SpaceGainComponentsAtCoolingPeakMonthly
   **   ~~~   ** ..Variable name=ZONE INFILTRATION SENSIBLE HEAT GAIN ENERGY not valid for this simulation.
   **   ~~~   ** ..i.e., Variable name=MECH_ZN_1_FLR_1:ZONE INFILTRATION SENSIBLE HEAT GAIN ENERGY not valid for this simulation.
   ** Warning ** Processing Monthly Tabular Reports: SpaceGainComponentsAtCoolingPeakMonthly
   **   ~~~   ** ..Variable name=ZONE INFILTRATION SENSIBLE HEAT LOSS ENERGY not valid for this simulation.
   **   ~~~   ** ..i.e., Variable name=MECH_ZN_1_FLR_1:ZONE INFILTRATION SENSIBLE HEAT LOSS ENERGY not valid for this simulation.
   ** Warning ** Processing Monthly Tabular Reports: SpaceGainComponentsAtCoolingPeakMonthly
   **   ~~~   ** ..Variable name=ZONE GAS EQUIPMENT TOTAL HEATING ENERGY not valid for this simulation.
   **   ~~~   ** ..i.e., Variable name=MECH_ZN_1_FLR_2:ZONE GAS EQUIPMENT TOTAL HEATING ENERGY not valid for this simulation.
   ** Warning ** Processing Monthly Tabular Reports: SpaceGainComponentsAtCoolingPeakMonthly
   **   ~~~   ** ..Variable name=ZONE HOT WATER EQUIPMENT TOTAL HEATING ENERGY not valid for this simulation.
   **   ~~~   ** ..i.e., Variable name=MECH_ZN_1_FLR_2:ZONE HOT WATER EQUIPMENT TOTAL HEATING ENERGY not valid for this simulation.
   ** Warning ** Processing Monthly Tabular Reports: SpaceGainComponentsAtCoolingPeakMonthly
   **   ~~~   ** ..Variable name=ZONE STEAM EQUIPMENT TOTAL HEATING ENERGY not valid for this simulation.
   **   ~~~   ** ..i.e., Variable name=MECH_ZN_1_FLR_2:ZONE STEAM EQUIPMENT TOTAL HEATING ENERGY not valid for this simulation.
   ** Warning ** Processing Monthly Tabular Reports: SpaceGainComponentsAtCoolingPeakMonthly
   **   ~~~   ** ..Variable name=ZONE OTHER EQUIPMENT TOTAL HEATING ENERGY not valid for this simulation.
   **   ~~~   ** ..i.e., Variable name=MECH_ZN_1_FLR_2:ZONE OTHER EQUIPMENT TOTAL HEATING ENERGY not valid for this simulation.
   ** Warning ** Processing Monthly Tabular Reports: EnergyConsumptionElectricityGeneratedPropaneMonthly
   **   ~~~   ** ..Variable name=PROPANE:FACILITY not valid for this simulation.
   ** Warning ** Processing Monthly Tabular Reports: EnergyConsumptionElectricityGeneratedPropaneMonthly
   **   ~~~   ** ..Variable name=PROPANE:FACILITY not valid for this simulation.
   ** Warning ** Processing Monthly Tabular Reports: EnergyConsumptionElectricityGeneratedPropaneMonthly
   **   ~~~   ** ..Variable name=PROPANE:FACILITY not valid for this simulation.
   **   ~~~   ** ..i.e., Variable name=Meter:PROPANE:FACILITY not valid for this simulation.
   ** Warning ** Processing Monthly Tabular Reports: EnergyConsumptionElectricityGeneratedPropaneMonthly
   **   ~~~   ** ..Variable name=PROPANE:FACILITY not valid for this simulation.
   **   ~~~   ** ..i.e., Variable name=Meter:PROPANE:FACILITY not valid for this simulation.
   ** Warning ** Processing Monthly Tabular Reports: EnergyConsumptionDieselFuelOilMonthly
   **   ~~~   ** ..Variable name=DIESEL:FACILITY not valid for this simulation.
   ** Warning ** Processing Monthly Tabular Reports: EnergyConsumptionDieselFuelOilMonthly
   **   ~~~   ** ..Variable name=DIESEL:FACILITY not valid for this simulation.
   ** Warning ** Processing Monthly Tabular Reports: EnergyConsumptionDieselFuelOilMonthly
   **   ~~~   ** ..Variable name=FUELOILNO1:FACILITY not valid for this simulation.
   ** Warning ** Processing Monthly Tabular Reports: EnergyConsumptionDieselFuelOilMonthly
   **   ~~~   ** ..Variable name=FUELOILNO1:FACILITY not valid for this simulation.
   ** Warning ** Processing Monthly Tabular Reports: EnergyConsumptionDieselFuelOilMonthly
   **   ~~~   ** ..Variable name=FUELOILNO2:FACILITY not valid for this simulation.
   ** Warning ** Processing Monthly Tabular Reports: EnergyConsumptionDieselFuelOilMonthly
   **   ~~~   ** ..Variable name=FUELOILNO2:FACILITY not valid for this simulation.
   ** Warning ** Processing Monthly Tabular Reports: EnergyConsumptionDistrictHeatingCoolingMonthly
   **   ~~~   ** ..Variable name=DISTRICTCOOLING:FACILITY not valid for this simulation.
   ** Warning ** Processing Monthly Tabular Reports: EnergyConsumptionDistrictHeatingCoolingMonthly
   **   ~~~   ** ..Variable name=DISTRICTCOOLING:FACILITY not valid for this simulation.
   ** Warning ** Processing Monthly Tabular Reports: EnergyConsumptionDistrictHeatingCoolingMonthly
   **   ~~~   ** ..Variable name=DISTRICTHEATING:FACILITY not valid for this simulation.
   ** Warning ** Processing Monthly Tabular Reports: EnergyConsumptionDistrictHeatingCoolingMonthly
   **   ~~~   ** ..Variable name=DISTRICTHEATING:FACILITY not valid for this simulation.
   ** Warning ** Processing Monthly Tabular Reports: EnergyConsumptionCoalGasolineMonthly
   **   ~~~   ** ..Variable name=COAL:FACILITY not valid for this simulation.
   ** Warning ** Processing Monthly Tabular Reports: EnergyConsumptionCoalGasolineMonthly
   **   ~~~   ** ..Variable name=COAL:FACILITY not valid for this simulation.
   ** Warning ** Processing Monthly Tabular Reports: EnergyConsumptionCoalGasolineMonthly
   **   ~~~   ** ..Variable name=GASOLINE:FACILITY not valid for this simulation.
   ** Warning ** Processing Monthly Tabular Reports: EnergyConsumptionCoalGasolineMonthly
   **   ~~~   ** ..Variable name=GASOLINE:FACILITY not valid for this simulation.
   ** Warning ** Processing Monthly Tabular Reports: EnergyConsumptionOtherFuelsMonthly
   **   ~~~   ** ..Variable name=OTHERFUEL1:FACILITY not valid for this simulation.
   ** Warning ** Processing Monthly Tabular Reports: EnergyConsumptionOtherFuelsMonthly
   **   ~~~   ** ..Variable name=OTHERFUEL1:FACILITY not valid for this simulation.
   ** Warning ** Processing Monthly Tabular Reports: EnergyConsumptionOtherFuelsMonthly
   **   ~~~   ** ..Variable name=OTHERFUEL2:FACILITY not valid for this simulation.
   ** Warning ** Processing Monthly Tabular Reports: EnergyConsumptionOtherFuelsMonthly
   **   ~~~   ** ..Variable name=OTHERFUEL2:FACILITY not valid for this simulation.
   ** Warning ** Processing Monthly Tabular Reports: EndUseEnergyConsumptionElectricityMonthly
   **   ~~~   ** ..Variable name=HEATREJECTION:ELECTRICITY not valid for this simulation.
   ** Warning ** Processing Monthly Tabular Reports: EndUseEnergyConsumptionElectricityMonthly
   **   ~~~   ** ..Variable name=HUMIDIFIER:ELECTRICITY not valid for this simulation.
   ** Warning ** Processing Monthly Tabular Reports: EndUseEnergyConsumptionElectricityMonthly
   **   ~~~   ** ..Variable name=HEATREJECTION:ELECTRICITY not valid for this simulation.
   **   ~~~   ** ..i.e., Variable name=Meter:HEATREJECTION:ELECTRICITY not valid for this simulation.
   ** Warning ** Processing Monthly Tabular Reports: EndUseEnergyConsumptionElectricityMonthly
   **   ~~~   ** ..Variable name=HUMIDIFIER:ELECTRICITY not valid for this simulation.
   **   ~~~   ** ..i.e., Variable name=Meter:HUMIDIFIER:ELECTRICITY not valid for this simulation.
   ** Warning ** Processing Monthly Tabular Reports: EndUseEnergyConsumptionNaturalGasMonthly
   **   ~~~   ** ..Variable name=EXTERIOREQUIPMENT:NATURALGAS not valid for this simulation.
   ** Warning ** Processing Monthly Tabular Reports: EndUseEnergyConsumptionNaturalGasMonthly
   **   ~~~   ** ..Variable name=COOLING:NATURALGAS not valid for this simulation.
   ** Warning ** Processing Monthly Tabular Reports: EndUseEnergyConsumptionNaturalGasMonthly
   **   ~~~   ** ..Variable name=COGENERATION:NATURALGAS not valid for this simulation.
   ** Warning ** Processing Monthly Tabular Reports: EndUseEnergyConsumptionNaturalGasMonthly
   **   ~~~   ** ..Variable name=HUMIDIFIER:NATURALGAS not valid for this simulation.
   ** Warning ** Processing Monthly Tabular Reports: EndUseEnergyConsumptionNaturalGasMonthly
   **   ~~~   ** ..Variable name=EXTERIOREQUIPMENT:NATURALGAS not valid for this simulation.
   **   ~~~   ** ..i.e., Variable name=Meter:EXTERIOREQUIPMENT:NATURALGAS not valid for this simulation.
   ** Warning ** Processing Monthly Tabular Reports: EndUseEnergyConsumptionNaturalGasMonthly
   **   ~~~   ** ..Variable name=COOLING:NATURALGAS not valid for this simulation.
   **   ~~~   ** ..i.e., Variable name=Meter:COOLING:NATURALGAS not valid for this simulation.
   ** Warning ** Processing Monthly Tabular Reports: EndUseEnergyConsumptionNaturalGasMonthly
   **   ~~~   ** ..Variable name=COGENERATION:NATURALGAS not valid for this simulation.
   **   ~~~   ** ..i.e., Variable name=Meter:COGENERATION:NATURALGAS not valid for this simulation.
   ** Warning ** Processing Monthly Tabular Reports: EndUseEnergyConsumptionNaturalGasMonthly
   **   ~~~   ** ..Variable name=HUMIDIFIER:NATURALGAS not valid for this simulation.
   **   ~~~   ** ..i.e., Variable name=Meter:HUMIDIFIER:NATURALGAS not valid for this simulation.
   ** Warning ** Processing Monthly Tabular Reports: EndUseEnergyConsumptionDieselMonthly
   **   ~~~   ** ..Variable name=EXTERIOREQUIPMENT:DIESEL not valid for this simulation.
   ** Warning ** Processing Monthly Tabular Reports: EndUseEnergyConsumptionDieselMonthly
   **   ~~~   ** ..Variable name=COOLING:DIESEL not valid for this simulation.
   ** Warning ** Processing Monthly Tabular Reports: EndUseEnergyConsumptionDieselMonthly
   **   ~~~   ** ..Variable name=HEATING:DIESEL not valid for this simulation.
   ** Warning ** Processing Monthly Tabular Reports: EndUseEnergyConsumptionDieselMonthly
   **   ~~~   ** ..Variable name=WATERSYSTEMS:DIESEL not valid for this simulation.
   ** Warning ** Processing Monthly Tabular Reports: EndUseEnergyConsumptionDieselMonthly
   **   ~~~   ** ..Variable name=COGENERATION:DIESEL not valid for this simulation.
   ** Warning ** Processing Monthly Tabular Reports: EndUseEnergyConsumptionFuelOilMonthly
   **   ~~~   ** ..Variable name=EXTERIOREQUIPMENT:FUELOILNO1 not valid for this simulation.
   ** Warning ** Processing Monthly Tabular Reports: EndUseEnergyConsumptionFuelOilMonthly
   **   ~~~   ** ..Variable name=COOLING:FUELOILNO1 not valid for this simulation.
   ** Warning ** Processing Monthly Tabular Reports: EndUseEnergyConsumptionFuelOilMonthly
   **   ~~~   ** ..Variable name=HEATING:FUELOILNO1 not valid for this simulation.
   ** Warning ** Processing Monthly Tabular Reports: EndUseEnergyConsumptionFuelOilMonthly
   **   ~~~   ** ..Variable name=WATERSYSTEMS:FUELOILNO1 not valid for this simulation.
   ** Warning ** Processing Monthly Tabular Reports: EndUseEnergyConsumptionFuelOilMonthly
   **   ~~~   ** ..Variable name=COGENERATION:FUELOILNO1 not valid for this simulation.
   ** Warning ** Processing Monthly Tabular Reports: EndUseEnergyConsumptionFuelOilMonthly
   **   ~~~   ** ..Variable name=EXTERIOREQUIPMENT:FUELOILNO2 not valid for this simulation.
   ** Warning ** Processing Monthly Tabular Reports: EndUseEnergyConsumptionFuelOilMonthly
   **   ~~~   ** ..Variable name=COOLING:FUELOILNO2 not valid for this simulation.
   ** Warning ** Processing Monthly Tabular Reports: EndUseEnergyConsumptionFuelOilMonthly
   **   ~~~   ** ..Variable name=HEATING:FUELOILNO2 not valid for this simulation.
   ** Warning ** Processing Monthly Tabular Reports: EndUseEnergyConsumptionFuelOilMonthly
   **   ~~~   ** ..Variable name=WATERSYSTEMS:FUELOILNO2 not valid for this simulation.
   ** Warning ** Processing Monthly Tabular Reports: EndUseEnergyConsumptionFuelOilMonthly
   **   ~~~   ** ..Variable name=COGENERATION:FUELOILNO2 not valid for this simulation.
   ** Warning ** Processing Monthly Tabular Reports: EndUseEnergyConsumptionCoalMonthly
   **   ~~~   ** ..Variable name=EXTERIOREQUIPMENT:COAL not valid for this simulation.
   ** Warning ** Processing Monthly Tabular Reports: EndUseEnergyConsumptionCoalMonthly
   **   ~~~   ** ..Variable name=HEATING:COAL not valid for this simulation.
   ** Warning ** Processing Monthly Tabular Reports: EndUseEnergyConsumptionCoalMonthly
   **   ~~~   ** ..Variable name=WATERSYSTEMS:COAL not valid for this simulation.
   ** Warning ** Processing Monthly Tabular Reports: EndUseEnergyConsumptionPropaneMonthly
   **   ~~~   ** ..Variable name=EXTERIOREQUIPMENT:PROPANE not valid for this simulation.
   ** Warning ** Processing Monthly Tabular Reports: EndUseEnergyConsumptionPropaneMonthly
   **   ~~~   ** ..Variable name=COOLING:PROPANE not valid for this simulation.
   ** Warning ** Processing Monthly Tabular Reports: EndUseEnergyConsumptionPropaneMonthly
   **   ~~~   ** ..Variable name=HEATING:PROPANE not valid for this simulation.
   ** Warning ** Processing Monthly Tabular Reports: EndUseEnergyConsumptionPropaneMonthly
   **   ~~~   ** ..Variable name=WATERSYSTEMS:PROPANE not valid for this simulation.
   ** Warning ** Processing Monthly Tabular Reports: EndUseEnergyConsumptionPropaneMonthly
   **   ~~~   ** ..Variable name=COGENERATION:PROPANE not valid for this simulation.
   ** Warning ** Processing Monthly Tabular Reports: EndUseEnergyConsumptionPropaneMonthly
   **   ~~~   ** ..Variable name=HUMIDIFIER:PROPANE not valid for this simulation.
   ** Warning ** Processing Monthly Tabular Reports: EndUseEnergyConsumptionGasolineMonthly
   **   ~~~   ** ..Variable name=EXTERIOREQUIPMENT:GASOLINE not valid for this simulation.
   ** Warning ** Processing Monthly Tabular Reports: EndUseEnergyConsumptionGasolineMonthly
   **   ~~~   ** ..Variable name=COOLING:GASOLINE not valid for this simulation.
   ** Warning ** Processing Monthly Tabular Reports: EndUseEnergyConsumptionGasolineMonthly
   **   ~~~   ** ..Variable name=HEATING:GASOLINE not valid for this simulation.
   ** Warning ** Processing Monthly Tabular Reports: EndUseEnergyConsumptionGasolineMonthly
   **   ~~~   ** ..Variable name=WATERSYSTEMS:GASOLINE not valid for this simulation.
   ** Warning ** Processing Monthly Tabular Reports: EndUseEnergyConsumptionGasolineMonthly
   **   ~~~   ** ..Variable name=COGENERATION:GASOLINE not valid for this simulation.
   ** Warning ** Processing Monthly Tabular Reports: EndUseEnergyConsumptionOtherFuelsMonthly
   **   ~~~   ** ..Variable name=EXTERIOREQUIPMENT:OTHERFUEL1 not valid for this simulation.
   ** Warning ** Processing Monthly Tabular Reports: EndUseEnergyConsumptionOtherFuelsMonthly
   **   ~~~   ** ..Variable name=COOLING:OTHERFUEL1 not valid for this simulation.
   ** Warning ** Processing Monthly Tabular Reports: EndUseEnergyConsumptionOtherFuelsMonthly
   **   ~~~   ** ..Variable name=HEATING:OTHERFUEL1 not valid for this simulation.
   ** Warning ** Processing Monthly Tabular Reports: EndUseEnergyConsumptionOtherFuelsMonthly
   **   ~~~   ** ..Variable name=WATERSYSTEMS:OTHERFUEL1 not valid for this simulation.
   ** Warning ** Processing Monthly Tabular Reports: EndUseEnergyConsumptionOtherFuelsMonthly
   **   ~~~   ** ..Variable name=COGENERATION:OTHERFUEL1 not valid for this simulation.
   ** Warning ** Processing Monthly Tabular Reports: EndUseEnergyConsumptionOtherFuelsMonthly
   **   ~~~   ** ..Variable name=EXTERIOREQUIPMENT:OTHERFUEL2 not valid for this simulation.
   ** Warning ** Processing Monthly Tabular Reports: EndUseEnergyConsumptionOtherFuelsMonthly
   **   ~~~   ** ..Variable name=COOLING:OTHERFUEL2 not valid for this simulation.
   ** Warning ** Processing Monthly Tabular Reports: EndUseEnergyConsumptionOtherFuelsMonthly
   **   ~~~   ** ..Variable name=HEATING:OTHERFUEL2 not valid for this simulation.
   ** Warning ** Processing Monthly Tabular Reports: EndUseEnergyConsumptionOtherFuelsMonthly
   **   ~~~   ** ..Variable name=WATERSYSTEMS:OTHERFUEL2 not valid for this simulation.
   ** Warning ** Processing Monthly Tabular Reports: EndUseEnergyConsumptionOtherFuelsMonthly
   **   ~~~   ** ..Variable name=COGENERATION:OTHERFUEL2 not valid for this simulation.
   ** Warning ** Processing Monthly Tabular Reports: PeakEnergyEndUseElectricityPart2Monthly
   **   ~~~   ** ..Variable name=HEATREJECTION:ELECTRICITY not valid for this simulation.
   ** Warning ** Processing Monthly Tabular Reports: PeakEnergyEndUseElectricityPart2Monthly
   **   ~~~   ** ..Variable name=HUMIDIFIER:ELECTRICITY not valid for this simulation.
   ** Warning ** Processing Monthly Tabular Reports: PeakEnergyEndUseElectricityPart2Monthly
   **   ~~~   ** ..Variable name=HEATREJECTION:ELECTRICITY not valid for this simulation.
   **   ~~~   ** ..i.e., Variable name=Meter:HEATREJECTION:ELECTRICITY not valid for this simulation.
   ** Warning ** Processing Monthly Tabular Reports: PeakEnergyEndUseElectricityPart2Monthly
   **   ~~~   ** ..Variable name=HUMIDIFIER:ELECTRICITY not valid for this simulation.
   **   ~~~   ** ..i.e., Variable name=Meter:HUMIDIFIER:ELECTRICITY not valid for this simulation.
   ** Warning ** Processing Monthly Tabular Reports: ElectricComponentsOfPeakDemandMonthly
   **   ~~~   ** ..Variable name=HEATREJECTION:ELECTRICITY not valid for this simulation.
   ** Warning ** Processing Monthly Tabular Reports: ElectricComponentsOfPeakDemandMonthly
   **   ~~~   ** ..Variable name=HEATREJECTION:ELECTRICITY not valid for this simulation.
   **   ~~~   ** ..i.e., Variable name=Meter:HEATREJECTION:ELECTRICITY not valid for this simulation.
   ** Warning ** Processing Monthly Tabular Reports: PeakEnergyEndUseNaturalGasMonthly
   **   ~~~   ** ..Variable name=EXTERIOREQUIPMENT:NATURALGAS not valid for this simulation.
   ** Warning ** Processing Monthly Tabular Reports: PeakEnergyEndUseNaturalGasMonthly
   **   ~~~   ** ..Variable name=COOLING:NATURALGAS not valid for this simulation.
   ** Warning ** Processing Monthly Tabular Reports: PeakEnergyEndUseNaturalGasMonthly
   **   ~~~   ** ..Variable name=COGENERATION:NATURALGAS not valid for this simulation.
   ** Warning ** Processing Monthly Tabular Reports: PeakEnergyEndUseNaturalGasMonthly
   **   ~~~   ** ..Variable name=EXTERIOREQUIPMENT:NATURALGAS not valid for this simulation.
   **   ~~~   ** ..i.e., Variable name=Meter:EXTERIOREQUIPMENT:NATURALGAS not valid for this simulation.
   ** Warning ** Processing Monthly Tabular Reports: PeakEnergyEndUseNaturalGasMonthly
   **   ~~~   ** ..Variable name=COOLING:NATURALGAS not valid for this simulation.
   **   ~~~   ** ..i.e., Variable name=Meter:COOLING:NATURALGAS not valid for this simulation.
   ** Warning ** Processing Monthly Tabular Reports: PeakEnergyEndUseNaturalGasMonthly
   **   ~~~   ** ..Variable name=COGENERATION:NATURALGAS not valid for this simulation.
   **   ~~~   ** ..i.e., Variable name=Meter:COGENERATION:NATURALGAS not valid for this simulation.
   ** Warning ** Processing Monthly Tabular Reports: PeakEnergyEndUseDieselMonthly
   **   ~~~   ** ..Variable name=EXTERIOREQUIPMENT:DIESEL not valid for this simulation.
   ** Warning ** Processing Monthly Tabular Reports: PeakEnergyEndUseDieselMonthly
   **   ~~~   ** ..Variable name=COOLING:DIESEL not valid for this simulation.
   ** Warning ** Processing Monthly Tabular Reports: PeakEnergyEndUseDieselMonthly
   **   ~~~   ** ..Variable name=HEATING:DIESEL not valid for this simulation.
   ** Warning ** Processing Monthly Tabular Reports: PeakEnergyEndUseDieselMonthly
   **   ~~~   ** ..Variable name=WATERSYSTEMS:DIESEL not valid for this simulation.
   ** Warning ** Processing Monthly Tabular Reports: PeakEnergyEndUseDieselMonthly
   **   ~~~   ** ..Variable name=COGENERATION:DIESEL not valid for this simulation.
   ** Warning ** Processing Monthly Tabular Reports: PeakEnergyEndUseFuelOilMonthly
   **   ~~~   ** ..Variable name=EXTERIOREQUIPMENT:FUELOILNO1 not valid for this simulation.
   ** Warning ** Processing Monthly Tabular Reports: PeakEnergyEndUseFuelOilMonthly
   **   ~~~   ** ..Variable name=COOLING:FUELOILNO1 not valid for this simulation.
   ** Warning ** Processing Monthly Tabular Reports: PeakEnergyEndUseFuelOilMonthly
   **   ~~~   ** ..Variable name=HEATING:FUELOILNO1 not valid for this simulation.
   ** Warning ** Processing Monthly Tabular Reports: PeakEnergyEndUseFuelOilMonthly
   **   ~~~   ** ..Variable name=WATERSYSTEMS:FUELOILNO1 not valid for this simulation.
   ** Warning ** Processing Monthly Tabular Reports: PeakEnergyEndUseFuelOilMonthly
   **   ~~~   ** ..Variable name=COGENERATION:FUELOILNO1 not valid for this simulation.
   ** Warning ** Processing Monthly Tabular Reports: PeakEnergyEndUseFuelOilMonthly
   **   ~~~   ** ..Variable name=EXTERIOREQUIPMENT:FUELOILNO2 not valid for this simulation.
   ** Warning ** Processing Monthly Tabular Reports: PeakEnergyEndUseFuelOilMonthly
   **   ~~~   ** ..Variable name=COOLING:FUELOILNO2 not valid for this simulation.
   ** Warning ** Processing Monthly Tabular Reports: PeakEnergyEndUseFuelOilMonthly
   **   ~~~   ** ..Variable name=HEATING:FUELOILNO2 not valid for this simulation.
   ** Warning ** Processing Monthly Tabular Reports: PeakEnergyEndUseFuelOilMonthly
   **   ~~~   ** ..Variable name=WATERSYSTEMS:FUELOILNO2 not valid for this simulation.
   ** Warning ** Processing Monthly Tabular Reports: PeakEnergyEndUseFuelOilMonthly
   **   ~~~   ** ..Variable name=COGENERATION:FUELOILNO2 not valid for this simulation.
   ** Warning ** Processing Monthly Tabular Reports: PeakEnergyEndUseCoalMonthly
   **   ~~~   ** ..Variable name=EXTERIOREQUIPMENT:COAL not valid for this simulation.
   ** Warning ** Processing Monthly Tabular Reports: PeakEnergyEndUseCoalMonthly
   **   ~~~   ** ..Variable name=HEATING:COAL not valid for this simulation.
   ** Warning ** Processing Monthly Tabular Reports: PeakEnergyEndUseCoalMonthly
   **   ~~~   ** ..Variable name=WATERSYSTEMS:COAL not valid for this simulation.
   ** Warning ** Processing Monthly Tabular Reports: PeakEnergyEndUsePropaneMonthly
   **   ~~~   ** ..Variable name=EXTERIOREQUIPMENT:PROPANE not valid for this simulation.
   ** Warning ** Processing Monthly Tabular Reports: PeakEnergyEndUsePropaneMonthly
   **   ~~~   ** ..Variable name=COOLING:PROPANE not valid for this simulation.
   ** Warning ** Processing Monthly Tabular Reports: PeakEnergyEndUsePropaneMonthly
   **   ~~~   ** ..Variable name=HEATING:PROPANE not valid for this simulation.
   ** Warning ** Processing Monthly Tabular Reports: PeakEnergyEndUsePropaneMonthly
   **   ~~~   ** ..Variable name=WATERSYSTEMS:PROPANE not valid for this simulation.
   ** Warning ** Processing Monthly Tabular Reports: PeakEnergyEndUsePropaneMonthly
   **   ~~~   ** ..Variable name=COGENERATION:PROPANE not valid for this simulation.
   ** Warning ** Processing Monthly Tabular Reports: PeakEnergyEndUseGasolineMonthly
   **   ~~~   ** ..Variable name=EXTERIOREQUIPMENT:GASOLINE not valid for this simulation.
   ** Warning ** Processing Monthly Tabular Reports: PeakEnergyEndUseGasolineMonthly
   **   ~~~   ** ..Variable name=COOLING:GASOLINE not valid for this simulation.
   ** Warning ** Processing Monthly Tabular Reports: PeakEnergyEndUseGasolineMonthly
   **   ~~~   ** ..Variable name=HEATING:GASOLINE not valid for this simulation.
   ** Warning ** Processing Monthly Tabular Reports: PeakEnergyEndUseGasolineMonthly
   **   ~~~   ** ..Variable name=WATERSYSTEMS:GASOLINE not valid for this simulation.
   ** Warning ** Processing Monthly Tabular Reports: PeakEnergyEndUseGasolineMonthly
   **   ~~~   ** ..Variable name=COGENERATION:GASOLINE not valid for this simulation.
   ** Warning ** Processing Monthly Tabular Reports: PeakEnergyEndUseOtherFuelsMonthly
   **   ~~~   ** ..Variable name=EXTERIOREQUIPMENT:OTHERFUEL1 not valid for this simulation.
   ** Warning ** Processing Monthly Tabular Reports: PeakEnergyEndUseOtherFuelsMonthly
   **   ~~~   ** ..Variable name=COOLING:OTHERFUEL1 not valid for this simulation.
   ** Warning ** Processing Monthly Tabular Reports: PeakEnergyEndUseOtherFuelsMonthly
   **   ~~~   ** ..Variable name=HEATING:OTHERFUEL1 not valid for this simulation.
   ** Warning ** Processing Monthly Tabular Reports: PeakEnergyEndUseOtherFuelsMonthly
   **   ~~~   ** ..Variable name=WATERSYSTEMS:OTHERFUEL1 not valid for this simulation.
   ** Warning ** Processing Monthly Tabular Reports: PeakEnergyEndUseOtherFuelsMonthly
   **   ~~~   ** ..Variable name=COGENERATION:OTHERFUEL1 not valid for this simulation.
   ** Warning ** Processing Monthly Tabular Reports: PeakEnergyEndUseOtherFuelsMonthly
   **   ~~~   ** ..Variable name=EXTERIOREQUIPMENT:OTHERFUEL2 not valid for this simulation.
   ** Warning ** Processing Monthly Tabular Reports: PeakEnergyEndUseOtherFuelsMonthly
   **   ~~~   ** ..Variable name=COOLING:OTHERFUEL2 not valid for this simulation.
   ** Warning ** Processing Monthly Tabular Reports: PeakEnergyEndUseOtherFuelsMonthly
   **   ~~~   ** ..Variable name=HEATING:OTHERFUEL2 not valid for this simulation.
   ** Warning ** Processing Monthly Tabular Reports: PeakEnergyEndUseOtherFuelsMonthly
   **   ~~~   ** ..Variable name=WATERSYSTEMS:OTHERFUEL2 not valid for this simulation.
   ** Warning ** Processing Monthly Tabular Reports: PeakEnergyEndUseOtherFuelsMonthly
   **   ~~~   ** ..Variable name=COGENERATION:OTHERFUEL2 not valid for this simulation.
   ** Warning ** Processing Monthly Tabular Reports: UnglazedTranspiredSolarCollectorSummaryMonthly
   **   ~~~   ** ..Variable name=SOLAR COLLECTOR SYSTEM EFFICIENCY not valid for this simulation.
   ** Warning ** Processing Monthly Tabular Reports: UnglazedTranspiredSolarCollectorSummaryMonthly
   **   ~~~   ** ..Variable name=SOLAR COLLECTOR SYSTEM EFFICIENCY not valid for this simulation.
   ** Warning ** Processing Monthly Tabular Reports: UnglazedTranspiredSolarCollectorSummaryMonthly
   **   ~~~   ** ..Variable name=SOLAR COLLECTOR OUTSIDE FACE SUCTION VELOCITY not valid for this simulation.
   ** Warning ** Processing Monthly Tabular Reports: UnglazedTranspiredSolarCollectorSummaryMonthly
   **   ~~~   ** ..Variable name=SOLAR COLLECTOR SENSIBLE HEATING RATE not valid for this simulation.
   ** Warning ** Processing Monthly Tabular Reports: ChillerReportMonthly
   **   ~~~   ** ..Variable name=CHILLER EVAPORATOR COOLING RATE not valid for this simulation.
   ** Warning ** Processing Monthly Tabular Reports: ChillerReportMonthly
   **   ~~~   ** ..Variable name=CHILLER PART LOAD RATIO not valid for this simulation.
   ** Warning ** Processing Monthly Tabular Reports: ChillerReportMonthly
   **   ~~~   ** ..Variable name=CHILLER PART LOAD RATIO not valid for this simulation.
   ** Warning ** Processing Monthly Tabular Reports: ChillerReportMonthly
   **   ~~~   ** ..Variable name=CHILLER EVAPORATOR COOLING RATE not valid for this simulation.
   **   ~~~   ** ..i.e., Variable name=COOLSYS1 CHILLER1:CHILLER EVAPORATOR COOLING RATE not valid for this simulation.
   ** Warning ** Processing Monthly Tabular Reports: ChillerReportMonthly
   **   ~~~   ** ..Variable name=CHILLER PART LOAD RATIO not valid for this simulation.
   **   ~~~   ** ..i.e., Variable name=COOLSYS1 CHILLER1:CHILLER PART LOAD RATIO not valid for this simulation.
   ** Warning ** Processing Monthly Tabular Reports: ChillerReportMonthly
   **   ~~~   ** ..Variable name=CHILLER PART LOAD RATIO not valid for this simulation.
   **   ~~~   ** ..i.e., Variable name=COOLSYS1 CHILLER1:CHILLER PART LOAD RATIO not valid for this simulation.
   ** Warning ** Processing Monthly Tabular Reports: TowerReportMonthly
   **   ~~~   ** ..Variable name=COOLING TOWER FAN ELECTRICITY ENERGY not valid for this simulation.
   ** Warning ** Processing Monthly Tabular Reports: TowerReportMonthly
   **   ~~~   ** ..Variable name=COOLING TOWER FAN ELECTRICITY ENERGY not valid for this simulation.
   ** Warning ** Processing Monthly Tabular Reports: TowerReportMonthly
   **   ~~~   ** ..Variable name=COOLING TOWER FAN ELECTRICITY RATE not valid for this simulation.
   ** Warning ** Processing Monthly Tabular Reports: TowerReportMonthly
   **   ~~~   ** ..Variable name=COOLING TOWER HEAT TRANSFER RATE not valid for this simulation.
   ** Warning ** Processing Monthly Tabular Reports: TowerReportMonthly
   **   ~~~   ** ..Variable name=COOLING TOWER INLET TEMPERATURE not valid for this simulation.
   ** Warning ** Processing Monthly Tabular Reports: TowerReportMonthly
   **   ~~~   ** ..Variable name=COOLING TOWER OUTLET TEMPERATURE not valid for this simulation.
   ** Warning ** Processing Monthly Tabular Reports: TowerReportMonthly
   **   ~~~   ** ..Variable name=COOLING TOWER MASS FLOW RATE not valid for this simulation.
   ** Warning ** Processing Monthly Tabular Reports: BoilerReportMonthly
   **   ~~~   ** ..Variable name=BOILER GAS CONSUMPTION not valid for this simulation.
   ** Warning ** Processing Monthly Tabular Reports: BoilerReportMonthly
   **   ~~~   ** ..Variable name=BOILER GAS CONSUMPTION RATE not valid for this simulation.
   ** Warning ** Processing Monthly Tabular Reports: BoilerReportMonthly
   **   ~~~   ** ..Variable name=BOILER GAS CONSUMPTION not valid for this simulation.
   **   ~~~   ** ..i.e., Variable name=HEATSYS1 BOILER:BOILER GAS CONSUMPTION not valid for this simulation.
   ** Warning ** Processing Monthly Tabular Reports: BoilerReportMonthly
   **   ~~~   ** ..Variable name=BOILER GAS CONSUMPTION RATE not valid for this simulation.
   **   ~~~   ** ..i.e., Variable name=HEATSYS1 BOILER:BOILER GAS CONSUMPTION RATE not valid for this simulation.
   ** Warning ** Processing Monthly Tabular Reports: DXReportMonthly
   **   ~~~   ** ..Variable name=COOLING COIL ELECTRICITY ENERGY not valid for this simulation.
   **   ~~~   ** ..i.e., Variable name=VAV_POD_1 COOLING COIL:COOLING COIL ELECTRICITY ENERGY not valid for this simulation.
   ** Warning ** Processing Monthly Tabular Reports: DXReportMonthly
   **   ~~~   ** ..Variable name=COOLING COIL LATENT COOLING ENERGY not valid for this simulation.
   **   ~~~   ** ..i.e., Variable name=VAV_POD_1 COOLING COIL:COOLING COIL LATENT COOLING ENERGY not valid for this simulation.
   ** Warning ** Processing Monthly Tabular Reports: DXReportMonthly
   **   ~~~   ** ..Variable name=COOLING COIL CRANKCASE HEATER ELECTRICITY ENERGY not valid for this simulation.
   **   ~~~   ** ..i.e., Variable name=VAV_POD_1 COOLING COIL:COOLING COIL CRANKCASE HEATER ELECTRICITY ENERGY not valid for this simulation.
   ** Warning ** Processing Monthly Tabular Reports: DXReportMonthly
   **   ~~~   ** ..Variable name=COOLING COIL RUNTIME FRACTION not valid for this simulation.
   **   ~~~   ** ..i.e., Variable name=VAV_POD_1 COOLING COIL:COOLING COIL RUNTIME FRACTION not valid for this simulation.
   ** Warning ** Processing Monthly Tabular Reports: DXReportMonthly
   **   ~~~   ** ..Variable name=COOLING COIL RUNTIME FRACTION not valid for this simulation.
   **   ~~~   ** ..i.e., Variable name=VAV_POD_1 COOLING COIL:COOLING COIL RUNTIME FRACTION not valid for this simulation.
   ** Warning ** Processing Monthly Tabular Reports: DXReportMonthly
   **   ~~~   ** ..Variable name=COOLING COIL LATENT COOLING RATE not valid for this simulation.
   **   ~~~   ** ..i.e., Variable name=VAV_POD_1 COOLING COIL:COOLING COIL LATENT COOLING RATE not valid for this simulation.
   ** Warning ** Processing Monthly Tabular Reports: DXReportMonthly
   **   ~~~   ** ..Variable name=COOLING COIL ELECTRICITY RATE not valid for this simulation.
   **   ~~~   ** ..i.e., Variable name=VAV_POD_1 COOLING COIL:COOLING COIL ELECTRICITY RATE not valid for this simulation.
   ** Warning ** Processing Monthly Tabular Reports: DXReportMonthly
   **   ~~~   ** ..Variable name=COOLING COIL CRANKCASE HEATER ELECTRICITY RATE not valid for this simulation.
   **   ~~~   ** ..i.e., Variable name=VAV_POD_1 COOLING COIL:COOLING COIL CRANKCASE HEATER ELECTRICITY RATE not valid for this simulation.
   ** Warning ** Processing Monthly Tabular Reports: DXReportMonthly
   **   ~~~   ** ..Variable name=COOLING COIL ELECTRICITY ENERGY not valid for this simulation.
   **   ~~~   ** ..i.e., Variable name=VAV_POD_2 COOLING COIL:COOLING COIL ELECTRICITY ENERGY not valid for this simulation.
   ** Warning ** Processing Monthly Tabular Reports: DXReportMonthly
   **   ~~~   ** ..Variable name=COOLING COIL LATENT COOLING ENERGY not valid for this simulation.
   **   ~~~   ** ..i.e., Variable name=VAV_POD_2 COOLING COIL:COOLING COIL LATENT COOLING ENERGY not valid for this simulation.
   ** Warning ** Processing Monthly Tabular Reports: DXReportMonthly
   **   ~~~   ** ..Variable name=COOLING COIL CRANKCASE HEATER ELECTRICITY ENERGY not valid for this simulation.
   **   ~~~   ** ..i.e., Variable name=VAV_POD_2 COOLING COIL:COOLING COIL CRANKCASE HEATER ELECTRICITY ENERGY not valid for this simulation.
   ** Warning ** Processing Monthly Tabular Reports: DXReportMonthly
   **   ~~~   ** ..Variable name=COOLING COIL RUNTIME FRACTION not valid for this simulation.
   **   ~~~   ** ..i.e., Variable name=VAV_POD_2 COOLING COIL:COOLING COIL RUNTIME FRACTION not valid for this simulation.
   ** Warning ** Processing Monthly Tabular Reports: DXReportMonthly
   **   ~~~   ** ..Variable name=COOLING COIL RUNTIME FRACTION not valid for this simulation.
   **   ~~~   ** ..i.e., Variable name=VAV_POD_2 COOLING COIL:COOLING COIL RUNTIME FRACTION not valid for this simulation.
   ** Warning ** Processing Monthly Tabular Reports: DXReportMonthly
   **   ~~~   ** ..Variable name=COOLING COIL LATENT COOLING RATE not valid for this simulation.
   **   ~~~   ** ..i.e., Variable name=VAV_POD_2 COOLING COIL:COOLING COIL LATENT COOLING RATE not valid for this simulation.
   ** Warning ** Processing Monthly Tabular Reports: DXReportMonthly
   **   ~~~   ** ..Variable name=COOLING COIL ELECTRICITY RATE not valid for this simulation.
   **   ~~~   ** ..i.e., Variable name=VAV_POD_2 COOLING COIL:COOLING COIL ELECTRICITY RATE not valid for this simulation.
   ** Warning ** Processing Monthly Tabular Reports: DXReportMonthly
   **   ~~~   ** ..Variable name=COOLING COIL CRANKCASE HEATER ELECTRICITY RATE not valid for this simulation.
   **   ~~~   ** ..i.e., Variable name=VAV_POD_2 COOLING COIL:COOLING COIL CRANKCASE HEATER ELECTRICITY RATE not valid for this simulation.
   ** Warning ** Processing Monthly Tabular Reports: DXReportMonthly
   **   ~~~   ** ..Variable name=COOLING COIL ELECTRICITY ENERGY not valid for this simulation.
   **   ~~~   ** ..i.e., Variable name=VAV_POD_3 COOLING COIL:COOLING COIL ELECTRICITY ENERGY not valid for this simulation.
   ** Warning ** Processing Monthly Tabular Reports: DXReportMonthly
   **   ~~~   ** ..Variable name=COOLING COIL LATENT COOLING ENERGY not valid for this simulation.
   **   ~~~   ** ..i.e., Variable name=VAV_POD_3 COOLING COIL:COOLING COIL LATENT COOLING ENERGY not valid for this simulation.
   ** Warning ** Processing Monthly Tabular Reports: DXReportMonthly
   **   ~~~   ** ..Variable name=COOLING COIL CRANKCASE HEATER ELECTRICITY ENERGY not valid for this simulation.
   **   ~~~   ** ..i.e., Variable name=VAV_POD_3 COOLING COIL:COOLING COIL CRANKCASE HEATER ELECTRICITY ENERGY not valid for this simulation.
   ** Warning ** Processing Monthly Tabular Reports: DXReportMonthly
   **   ~~~   ** ..Variable name=COOLING COIL RUNTIME FRACTION not valid for this simulation.
   **   ~~~   ** ..i.e., Variable name=VAV_POD_3 COOLING COIL:COOLING COIL RUNTIME FRACTION not valid for this simulation.
   ** Warning ** Processing Monthly Tabular Reports: DXReportMonthly
   **   ~~~   ** ..Variable name=COOLING COIL RUNTIME FRACTION not valid for this simulation.
   **   ~~~   ** ..i.e., Variable name=VAV_POD_3 COOLING COIL:COOLING COIL RUNTIME FRACTION not valid for this simulation.
   ** Warning ** Processing Monthly Tabular Reports: DXReportMonthly
   **   ~~~   ** ..Variable name=COOLING COIL LATENT COOLING RATE not valid for this simulation.
   **   ~~~   ** ..i.e., Variable name=VAV_POD_3 COOLING COIL:COOLING COIL LATENT COOLING RATE not valid for this simulation.
   ** Warning ** Processing Monthly Tabular Reports: DXReportMonthly
   **   ~~~   ** ..Variable name=COOLING COIL ELECTRICITY RATE not valid for this simulation.
   **   ~~~   ** ..i.e., Variable name=VAV_POD_3 COOLING COIL:COOLING COIL ELECTRICITY RATE not valid for this simulation.
   ** Warning ** Processing Monthly Tabular Reports: DXReportMonthly
   **   ~~~   ** ..Variable name=COOLING COIL CRANKCASE HEATER ELECTRICITY RATE not valid for this simulation.
   **   ~~~   ** ..i.e., Variable name=VAV_POD_3 COOLING COIL:COOLING COIL CRANKCASE HEATER ELECTRICITY RATE not valid for this simulation.
   ** Warning ** Processing Monthly Tabular Reports: DXReportMonthly
   **   ~~~   ** ..Variable name=COOLING COIL ELECTRICITY ENERGY not valid for this simulation.
   **   ~~~   ** ..i.e., Variable name=VAV_OTHER COOLING COIL:COOLING COIL ELECTRICITY ENERGY not valid for this simulation.
   ** Warning ** Processing Monthly Tabular Reports: DXReportMonthly
   **   ~~~   ** ..Variable name=COOLING COIL LATENT COOLING ENERGY not valid for this simulation.
   **   ~~~   ** ..i.e., Variable name=VAV_OTHER COOLING COIL:COOLING COIL LATENT COOLING ENERGY not valid for this simulation.
   ** Warning ** Processing Monthly Tabular Reports: DXReportMonthly
   **   ~~~   ** ..Variable name=COOLING COIL CRANKCASE HEATER ELECTRICITY ENERGY not valid for this simulation.
   **   ~~~   ** ..i.e., Variable name=VAV_OTHER COOLING COIL:COOLING COIL CRANKCASE HEATER ELECTRICITY ENERGY not valid for this simulation.
   ** Warning ** Processing Monthly Tabular Reports: DXReportMonthly
   **   ~~~   ** ..Variable name=COOLING COIL RUNTIME FRACTION not valid for this simulation.
   **   ~~~   ** ..i.e., Variable name=VAV_OTHER COOLING COIL:COOLING COIL RUNTIME FRACTION not valid for this simulation.
   ** Warning ** Processing Monthly Tabular Reports: DXReportMonthly
   **   ~~~   ** ..Variable name=COOLING COIL RUNTIME FRACTION not valid for this simulation.
   **   ~~~   ** ..i.e., Variable name=VAV_OTHER COOLING COIL:COOLING COIL RUNTIME FRACTION not valid for this simulation.
   ** Warning ** Processing Monthly Tabular Reports: DXReportMonthly
   **   ~~~   ** ..Variable name=COOLING COIL LATENT COOLING RATE not valid for this simulation.
   **   ~~~   ** ..i.e., Variable name=VAV_OTHER COOLING COIL:COOLING COIL LATENT COOLING RATE not valid for this simulation.
   ** Warning ** Processing Monthly Tabular Reports: DXReportMonthly
   **   ~~~   ** ..Variable name=COOLING COIL ELECTRICITY RATE not valid for this simulation.
   **   ~~~   ** ..i.e., Variable name=VAV_OTHER COOLING COIL:COOLING COIL ELECTRICITY RATE not valid for this simulation.
   ** Warning ** Processing Monthly Tabular Reports: DXReportMonthly
   **   ~~~   ** ..Variable name=COOLING COIL CRANKCASE HEATER ELECTRICITY RATE not valid for this simulation.
   **   ~~~   ** ..i.e., Variable name=VAV_OTHER COOLING COIL:COOLING COIL CRANKCASE HEATER ELECTRICITY RATE not valid for this simulation.
   ** Warning ** Processing Monthly Tabular Reports: WindowACReportMonthly
   **   ~~~   ** ..Variable name=ZONE WINDOW AIR CONDITIONER TOTAL COOLING ENERGY not valid for this simulation.
   ** Warning ** Processing Monthly Tabular Reports: WindowACReportMonthly
   **   ~~~   ** ..Variable name=ZONE WINDOW AIR CONDITIONER ELECTRICITY ENERGY not valid for this simulation.
   ** Warning ** Processing Monthly Tabular Reports: WindowACReportMonthly
   **   ~~~   ** ..Variable name=ZONE WINDOW AIR CONDITIONER TOTAL COOLING ENERGY not valid for this simulation.
   ** Warning ** Processing Monthly Tabular Reports: WindowACReportMonthly
   **   ~~~   ** ..Variable name=ZONE WINDOW AIR CONDITIONER SENSIBLE COOLING ENERGY not valid for this simulation.
   ** Warning ** Processing Monthly Tabular Reports: WindowACReportMonthly
   **   ~~~   ** ..Variable name=ZONE WINDOW AIR CONDITIONER LATENT COOLING ENERGY not valid for this simulation.
   ** Warning ** Processing Monthly Tabular Reports: WindowACReportMonthly
   **   ~~~   ** ..Variable name=ZONE WINDOW AIR CONDITIONER TOTAL COOLING RATE not valid for this simulation.
   ** Warning ** Processing Monthly Tabular Reports: WindowACReportMonthly
   **   ~~~   ** ..Variable name=ZONE WINDOW AIR CONDITIONER SENSIBLE COOLING RATE not valid for this simulation.
   ** Warning ** Processing Monthly Tabular Reports: WindowACReportMonthly
   **   ~~~   ** ..Variable name=ZONE WINDOW AIR CONDITIONER LATENT COOLING RATE not valid for this simulation.
   ** Warning ** Processing Monthly Tabular Reports: WindowACReportMonthly
   **   ~~~   ** ..Variable name=ZONE WINDOW AIR CONDITIONER ELECTRICITY RATE not valid for this simulation.
   ** Warning ** Processing Monthly Tabular Reports: WaterHeaterReportMonthly
   **   ~~~   ** ..Variable name=WATER HEATER BURNER HEATING ENERGY not valid for this simulation.
   ** Warning ** Processing Monthly Tabular Reports: WaterHeaterReportMonthly
   **   ~~~   ** ..Variable name=WATER HEATER GAS CONSUMPTION not valid for this simulation.
   ** Warning ** Processing Monthly Tabular Reports: WaterHeaterReportMonthly
   **   ~~~   ** ..Variable name=WATER HEATER LOSS DEMAND ENERGY not valid for this simulation.
   ** Warning ** Processing Monthly Tabular Reports: WaterHeaterReportMonthly
   **   ~~~   ** ..Variable name=WATER HEATER HEAT RECOVERY SUPPLY ENERGY not valid for this simulation.
   ** Warning ** Processing Monthly Tabular Reports: WaterHeaterReportMonthly
   **   ~~~   ** ..Variable name=WATER HEATER SOURCE ENERGY not valid for this simulation.
   ** Warning ** Processing Monthly Tabular Reports: WaterHeaterReportMonthly
   **   ~~~   ** ..Variable name=WATER HEATER BURNER HEATING ENERGY not valid for this simulation.
   **   ~~~   ** ..i.e., Variable name=SWH BOOSTER E WATER HEATER:WATER HEATER BURNER HEATING ENERGY not valid for this simulation.
   ** Warning ** Processing Monthly Tabular Reports: WaterHeaterReportMonthly
   **   ~~~   ** ..Variable name=WATER HEATER GAS CONSUMPTION not valid for this simulation.
   **   ~~~   ** ..i.e., Variable name=SWH BOOSTER E WATER HEATER:WATER HEATER GAS CONSUMPTION not valid for this simulation.
   ** Warning ** Processing Monthly Tabular Reports: WaterHeaterReportMonthly
   **   ~~~   ** ..Variable name=WATER HEATER LOSS DEMAND ENERGY not valid for this simulation.
   **   ~~~   ** ..i.e., Variable name=SWH BOOSTER E WATER HEATER:WATER HEATER LOSS DEMAND ENERGY not valid for this simulation.
   ** Warning ** Processing Monthly Tabular Reports: WaterHeaterReportMonthly
   **   ~~~   ** ..Variable name=WATER HEATER HEAT RECOVERY SUPPLY ENERGY not valid for this simulation.
   **   ~~~   ** ..i.e., Variable name=SWH BOOSTER E WATER HEATER:WATER HEATER HEAT RECOVERY SUPPLY ENERGY not valid for this simulation.
   ** Warning ** Processing Monthly Tabular Reports: WaterHeaterReportMonthly
   **   ~~~   ** ..Variable name=WATER HEATER SOURCE ENERGY not valid for this simulation.
   **   ~~~   ** ..i.e., Variable name=SWH BOOSTER E WATER HEATER:WATER HEATER SOURCE ENERGY not valid for this simulation.
   ** Warning ** Processing Monthly Tabular Reports: WaterHeaterReportMonthly
   **   ~~~   ** ..Variable name=WATER HEATER BURNER HEATING ENERGY not valid for this simulation.
   **   ~~~   ** ..i.e., Variable name=SWHSYS1 WATER HEATER:WATER HEATER BURNER HEATING ENERGY not valid for this simulation.
   ** Warning ** Processing Monthly Tabular Reports: WaterHeaterReportMonthly
   **   ~~~   ** ..Variable name=WATER HEATER GAS CONSUMPTION not valid for this simulation.
   **   ~~~   ** ..i.e., Variable name=SWHSYS1 WATER HEATER:WATER HEATER GAS CONSUMPTION not valid for this simulation.
   ** Warning ** Processing Monthly Tabular Reports: WaterHeaterReportMonthly
   **   ~~~   ** ..Variable name=WATER HEATER LOSS DEMAND ENERGY not valid for this simulation.
   **   ~~~   ** ..i.e., Variable name=SWHSYS1 WATER HEATER:WATER HEATER LOSS DEMAND ENERGY not valid for this simulation.
   ** Warning ** Processing Monthly Tabular Reports: WaterHeaterReportMonthly
   **   ~~~   ** ..Variable name=WATER HEATER HEAT RECOVERY SUPPLY ENERGY not valid for this simulation.
   **   ~~~   ** ..i.e., Variable name=SWHSYS1 WATER HEATER:WATER HEATER HEAT RECOVERY SUPPLY ENERGY not valid for this simulation.
   ** Warning ** Processing Monthly Tabular Reports: WaterHeaterReportMonthly
   **   ~~~   ** ..Variable name=WATER HEATER SOURCE ENERGY not valid for this simulation.
   **   ~~~   ** ..i.e., Variable name=SWHSYS1 WATER HEATER:WATER HEATER SOURCE ENERGY not valid for this simulation.
   ** Warning ** Processing Monthly Tabular Reports: GeneratorReportMonthly
   **   ~~~   ** ..Variable name=GENERATOR PRODUCED AC ELECTRICITY ENERGY not valid for this simulation.
   ** Warning ** Processing Monthly Tabular Reports: GeneratorReportMonthly
   **   ~~~   ** ..Variable name=GENERATOR DIESEL CONSUMPTION not valid for this simulation.
   ** Warning ** Processing Monthly Tabular Reports: GeneratorReportMonthly
   **   ~~~   ** ..Variable name=GENERATOR GAS CONSUMPTION not valid for this simulation.
   ** Warning ** Processing Monthly Tabular Reports: GeneratorReportMonthly
   **   ~~~   ** ..Variable name=GENERATOR PRODUCED AC ELECTRICITY ENERGY not valid for this simulation.
   ** Warning ** Processing Monthly Tabular Reports: GeneratorReportMonthly
   **   ~~~   ** ..Variable name=GENERATOR TOTAL HEAT RECOVERY not valid for this simulation.
   ** Warning ** Processing Monthly Tabular Reports: GeneratorReportMonthly
   **   ~~~   ** ..Variable name=GENERATOR JACKET HEAT RECOVERY ENERGY not valid for this simulation.
   ** Warning ** Processing Monthly Tabular Reports: GeneratorReportMonthly
   **   ~~~   ** ..Variable name=GENERATOR LUBE HEAT RECOVERY not valid for this simulation.
   ** Warning ** Processing Monthly Tabular Reports: GeneratorReportMonthly
   **   ~~~   ** ..Variable name=GENERATOR EXHAUST HEAT RECOVERY ENERGY not valid for this simulation.
   ** Warning ** Processing Monthly Tabular Reports: GeneratorReportMonthly
   **   ~~~   ** ..Variable name=GENERATOR EXHAUST AIR TEMPERATURE not valid for this simulation.
   ** Warning ** Processing Monthly Tabular Reports: CoilReportMonthly
   **   ~~~   ** ..Variable name=COOLING COIL TOTAL COOLING ENERGY not valid for this simulation.
   **   ~~~   ** ..i.e., Variable name=VAV_POD_1 HEATING COIL:COOLING COIL TOTAL COOLING ENERGY not valid for this simulation.
   ** Warning ** Processing Monthly Tabular Reports: CoilReportMonthly
   **   ~~~   ** ..Variable name=COOLING COIL SENSIBLE COOLING ENERGY not valid for this simulation.
   **   ~~~   ** ..i.e., Variable name=VAV_POD_1 HEATING COIL:COOLING COIL SENSIBLE COOLING ENERGY not valid for this simulation.
   ** Warning ** Processing Monthly Tabular Reports: CoilReportMonthly
   **   ~~~   ** ..Variable name=COOLING COIL TOTAL COOLING RATE not valid for this simulation.
   **   ~~~   ** ..i.e., Variable name=VAV_POD_1 HEATING COIL:COOLING COIL TOTAL COOLING RATE not valid for this simulation.
   ** Warning ** Processing Monthly Tabular Reports: CoilReportMonthly
   **   ~~~   ** ..Variable name=COOLING COIL SENSIBLE COOLING RATE not valid for this simulation.
   **   ~~~   ** ..i.e., Variable name=VAV_POD_1 HEATING COIL:COOLING COIL SENSIBLE COOLING RATE not valid for this simulation.
   ** Warning ** Processing Monthly Tabular Reports: CoilReportMonthly
   **   ~~~   ** ..Variable name=COOLING COIL WETTED AREA FRACTION not valid for this simulation.
   **   ~~~   ** ..i.e., Variable name=VAV_POD_1 HEATING COIL:COOLING COIL WETTED AREA FRACTION not valid for this simulation.
   ** Warning ** Processing Monthly Tabular Reports: CoilReportMonthly
   **   ~~~   ** ..Variable name=COOLING COIL TOTAL COOLING ENERGY not valid for this simulation.
   **   ~~~   ** ..i.e., Variable name=CORNER_CLASS_1_POD_1_ZN_1_FLR_1 VAV BOX REHEAT COIL:COOLING COIL TOTAL COOLING ENERGY not valid for this simulation.
   ** Warning ** Processing Monthly Tabular Reports: CoilReportMonthly
   **   ~~~   ** ..Variable name=COOLING COIL SENSIBLE COOLING ENERGY not valid for this simulation.
   **   ~~~   ** ..i.e., Variable name=CORNER_CLASS_1_POD_1_ZN_1_FLR_1 VAV BOX REHEAT COIL:COOLING COIL SENSIBLE COOLING ENERGY not valid for this simulation.
   ** Warning ** Processing Monthly Tabular Reports: CoilReportMonthly
   **   ~~~   ** ..Variable name=COOLING COIL TOTAL COOLING RATE not valid for this simulation.
   **   ~~~   ** ..i.e., Variable name=CORNER_CLASS_1_POD_1_ZN_1_FLR_1 VAV BOX REHEAT COIL:COOLING COIL TOTAL COOLING RATE not valid for this simulation.
   ** Warning ** Processing Monthly Tabular Reports: CoilReportMonthly
   **   ~~~   ** ..Variable name=COOLING COIL SENSIBLE COOLING RATE not valid for this simulation.
   **   ~~~   ** ..i.e., Variable name=CORNER_CLASS_1_POD_1_ZN_1_FLR_1 VAV BOX REHEAT COIL:COOLING COIL SENSIBLE COOLING RATE not valid for this simulation.
   ** Warning ** Processing Monthly Tabular Reports: CoilReportMonthly
   **   ~~~   ** ..Variable name=COOLING COIL WETTED AREA FRACTION not valid for this simulation.
   **   ~~~   ** ..i.e., Variable name=CORNER_CLASS_1_POD_1_ZN_1_FLR_1 VAV BOX REHEAT COIL:COOLING COIL WETTED AREA FRACTION not valid for this simulation.
   ** Warning ** Processing Monthly Tabular Reports: CoilReportMonthly
   **   ~~~   ** ..Variable name=COOLING COIL TOTAL COOLING ENERGY not valid for this simulation.
   **   ~~~   ** ..i.e., Variable name=CORNER_CLASS_1_POD_1_ZN_1_FLR_2 VAV BOX REHEAT COIL:COOLING COIL TOTAL COOLING ENERGY not valid for this simulation.
   ** Warning ** Processing Monthly Tabular Reports: CoilReportMonthly
   **   ~~~   ** ..Variable name=COOLING COIL SENSIBLE COOLING ENERGY not valid for this simulation.
   **   ~~~   ** ..i.e., Variable name=CORNER_CLASS_1_POD_1_ZN_1_FLR_2 VAV BOX REHEAT COIL:COOLING COIL SENSIBLE COOLING ENERGY not valid for this simulation.
   ** Warning ** Processing Monthly Tabular Reports: CoilReportMonthly
   **   ~~~   ** ..Variable name=COOLING COIL TOTAL COOLING RATE not valid for this simulation.
   **   ~~~   ** ..i.e., Variable name=CORNER_CLASS_1_POD_1_ZN_1_FLR_2 VAV BOX REHEAT COIL:COOLING COIL TOTAL COOLING RATE not valid for this simulation.
   ** Warning ** Processing Monthly Tabular Reports: CoilReportMonthly
   **   ~~~   ** ..Variable name=COOLING COIL SENSIBLE COOLING RATE not valid for this simulation.
   **   ~~~   ** ..i.e., Variable name=CORNER_CLASS_1_POD_1_ZN_1_FLR_2 VAV BOX REHEAT COIL:COOLING COIL SENSIBLE COOLING RATE not valid for this simulation.
   ** Warning ** Processing Monthly Tabular Reports: CoilReportMonthly
   **   ~~~   ** ..Variable name=COOLING COIL WETTED AREA FRACTION not valid for this simulation.
   **   ~~~   ** ..i.e., Variable name=CORNER_CLASS_1_POD_1_ZN_1_FLR_2 VAV BOX REHEAT COIL:COOLING COIL WETTED AREA FRACTION not valid for this simulation.
   ** Warning ** Processing Monthly Tabular Reports: CoilReportMonthly
   **   ~~~   ** ..Variable name=COOLING COIL TOTAL COOLING ENERGY not valid for this simulation.
   **   ~~~   ** ..i.e., Variable name=MULT_CLASS_1_POD_1_ZN_1_FLR_1 VAV BOX REHEAT COIL:COOLING COIL TOTAL COOLING ENERGY not valid for this simulation.
   ** Warning ** Processing Monthly Tabular Reports: CoilReportMonthly
   **   ~~~   ** ..Variable name=COOLING COIL SENSIBLE COOLING ENERGY not valid for this simulation.
   **   ~~~   ** ..i.e., Variable name=MULT_CLASS_1_POD_1_ZN_1_FLR_1 VAV BOX REHEAT COIL:COOLING COIL SENSIBLE COOLING ENERGY not valid for this simulation.
   ** Warning ** Processing Monthly Tabular Reports: CoilReportMonthly
   **   ~~~   ** ..Variable name=COOLING COIL TOTAL COOLING RATE not valid for this simulation.
   **   ~~~   ** ..i.e., Variable name=MULT_CLASS_1_POD_1_ZN_1_FLR_1 VAV BOX REHEAT COIL:COOLING COIL TOTAL COOLING RATE not valid for this simulation.
   ** Warning ** Processing Monthly Tabular Reports: CoilReportMonthly
   **   ~~~   ** ..Variable name=COOLING COIL SENSIBLE COOLING RATE not valid for this simulation.
   **   ~~~   ** ..i.e., Variable name=MULT_CLASS_1_POD_1_ZN_1_FLR_1 VAV BOX REHEAT COIL:COOLING COIL SENSIBLE COOLING RATE not valid for this simulation.
   ** Warning ** Processing Monthly Tabular Reports: CoilReportMonthly
   **   ~~~   ** ..Variable name=COOLING COIL WETTED AREA FRACTION not valid for this simulation.
   **   ~~~   ** ..i.e., Variable name=MULT_CLASS_1_POD_1_ZN_1_FLR_1 VAV BOX REHEAT COIL:COOLING COIL WETTED AREA FRACTION not valid for this simulation.
   ** Warning ** Processing Monthly Tabular Reports: CoilReportMonthly
   **   ~~~   ** ..Variable name=COOLING COIL TOTAL COOLING ENERGY not valid for this simulation.
   **   ~~~   ** ..i.e., Variable name=MULT_CLASS_1_POD_1_ZN_1_FLR_2 VAV BOX REHEAT COIL:COOLING COIL TOTAL COOLING ENERGY not valid for this simulation.
   ** Warning ** Processing Monthly Tabular Reports: CoilReportMonthly
   **   ~~~   ** ..Variable name=COOLING COIL SENSIBLE COOLING ENERGY not valid for this simulation.
   **   ~~~   ** ..i.e., Variable name=MULT_CLASS_1_POD_1_ZN_1_FLR_2 VAV BOX REHEAT COIL:COOLING COIL SENSIBLE COOLING ENERGY not valid for this simulation.
   ** Warning ** Processing Monthly Tabular Reports: CoilReportMonthly
   **   ~~~   ** ..Variable name=COOLING COIL TOTAL COOLING RATE not valid for this simulation.
   **   ~~~   ** ..i.e., Variable name=MULT_CLASS_1_POD_1_ZN_1_FLR_2 VAV BOX REHEAT COIL:COOLING COIL TOTAL COOLING RATE not valid for this simulation.
   ** Warning ** Processing Monthly Tabular Reports: CoilReportMonthly
   **   ~~~   ** ..Variable name=COOLING COIL SENSIBLE COOLING RATE not valid for this simulation.
   **   ~~~   ** ..i.e., Variable name=MULT_CLASS_1_POD_1_ZN_1_FLR_2 VAV BOX REHEAT COIL:COOLING COIL SENSIBLE COOLING RATE not valid for this simulation.
   ** Warning ** Processing Monthly Tabular Reports: CoilReportMonthly
   **   ~~~   ** ..Variable name=COOLING COIL WETTED AREA FRACTION not valid for this simulation.
   **   ~~~   ** ..i.e., Variable name=MULT_CLASS_1_POD_1_ZN_1_FLR_2 VAV BOX REHEAT COIL:COOLING COIL WETTED AREA FRACTION not valid for this simulation.
   ** Warning ** Processing Monthly Tabular Reports: CoilReportMonthly
   **   ~~~   ** ..Variable name=COOLING COIL TOTAL COOLING ENERGY not valid for this simulation.
   **   ~~~   ** ..i.e., Variable name=CORRIDOR_POD_1_ZN_1_FLR_1 VAV BOX REHEAT COIL:COOLING COIL TOTAL COOLING ENERGY not valid for this simulation.
   ** Warning ** Processing Monthly Tabular Reports: CoilReportMonthly
   **   ~~~   ** ..Variable name=COOLING COIL SENSIBLE COOLING ENERGY not valid for this simulation.
   **   ~~~   ** ..i.e., Variable name=CORRIDOR_POD_1_ZN_1_FLR_1 VAV BOX REHEAT COIL:COOLING COIL SENSIBLE COOLING ENERGY not valid for this simulation.
   ** Warning ** Processing Monthly Tabular Reports: CoilReportMonthly
   **   ~~~   ** ..Variable name=COOLING COIL TOTAL COOLING RATE not valid for this simulation.
   **   ~~~   ** ..i.e., Variable name=CORRIDOR_POD_1_ZN_1_FLR_1 VAV BOX REHEAT COIL:COOLING COIL TOTAL COOLING RATE not valid for this simulation.
   ** Warning ** Processing Monthly Tabular Reports: CoilReportMonthly
   **   ~~~   ** ..Variable name=COOLING COIL SENSIBLE COOLING RATE not valid for this simulation.
   **   ~~~   ** ..i.e., Variable name=CORRIDOR_POD_1_ZN_1_FLR_1 VAV BOX REHEAT COIL:COOLING COIL SENSIBLE COOLING RATE not valid for this simulation.
   ** Warning ** Processing Monthly Tabular Reports: CoilReportMonthly
   **   ~~~   ** ..Variable name=COOLING COIL WETTED AREA FRACTION not valid for this simulation.
   **   ~~~   ** ..i.e., Variable name=CORRIDOR_POD_1_ZN_1_FLR_1 VAV BOX REHEAT COIL:COOLING COIL WETTED AREA FRACTION not valid for this simulation.
   ** Warning ** Processing Monthly Tabular Reports: CoilReportMonthly
   **   ~~~   ** ..Variable name=COOLING COIL TOTAL COOLING ENERGY not valid for this simulation.
   **   ~~~   ** ..i.e., Variable name=CORRIDOR_POD_1_ZN_1_FLR_2 VAV BOX REHEAT COIL:COOLING COIL TOTAL COOLING ENERGY not valid for this simulation.
   ** Warning ** Processing Monthly Tabular Reports: CoilReportMonthly
   **   ~~~   ** ..Variable name=COOLING COIL SENSIBLE COOLING ENERGY not valid for this simulation.
   **   ~~~   ** ..i.e., Variable name=CORRIDOR_POD_1_ZN_1_FLR_2 VAV BOX REHEAT COIL:COOLING COIL SENSIBLE COOLING ENERGY not valid for this simulation.
   ** Warning ** Processing Monthly Tabular Reports: CoilReportMonthly
   **   ~~~   ** ..Variable name=COOLING COIL TOTAL COOLING RATE not valid for this simulation.
   **   ~~~   ** ..i.e., Variable name=CORRIDOR_POD_1_ZN_1_FLR_2 VAV BOX REHEAT COIL:COOLING COIL TOTAL COOLING RATE not valid for this simulation.
   ** Warning ** Processing Monthly Tabular Reports: CoilReportMonthly
   **   ~~~   ** ..Variable name=COOLING COIL SENSIBLE COOLING RATE not valid for this simulation.
   **   ~~~   ** ..i.e., Variable name=CORRIDOR_POD_1_ZN_1_FLR_2 VAV BOX REHEAT COIL:COOLING COIL SENSIBLE COOLING RATE not valid for this simulation.
   ** Warning ** Processing Monthly Tabular Reports: CoilReportMonthly
   **   ~~~   ** ..Variable name=COOLING COIL WETTED AREA FRACTION not valid for this simulation.
   **   ~~~   ** ..i.e., Variable name=CORRIDOR_POD_1_ZN_1_FLR_2 VAV BOX REHEAT COIL:COOLING COIL WETTED AREA FRACTION not valid for this simulation.
   ** Warning ** Processing Monthly Tabular Reports: CoilReportMonthly
   **   ~~~   ** ..Variable name=COOLING COIL TOTAL COOLING ENERGY not valid for this simulation.
   **   ~~~   ** ..i.e., Variable name=CORNER_CLASS_2_POD_1_ZN_1_FLR_1 VAV BOX REHEAT COIL:COOLING COIL TOTAL COOLING ENERGY not valid for this simulation.
   ** Warning ** Processing Monthly Tabular Reports: CoilReportMonthly
   **   ~~~   ** ..Variable name=COOLING COIL SENSIBLE COOLING ENERGY not valid for this simulation.
   **   ~~~   ** ..i.e., Variable name=CORNER_CLASS_2_POD_1_ZN_1_FLR_1 VAV BOX REHEAT COIL:COOLING COIL SENSIBLE COOLING ENERGY not valid for this simulation.
   ** Warning ** Processing Monthly Tabular Reports: CoilReportMonthly
   **   ~~~   ** ..Variable name=COOLING COIL TOTAL COOLING RATE not valid for this simulation.
   **   ~~~   ** ..i.e., Variable name=CORNER_CLASS_2_POD_1_ZN_1_FLR_1 VAV BOX REHEAT COIL:COOLING COIL TOTAL COOLING RATE not valid for this simulation.
   ** Warning ** Processing Monthly Tabular Reports: CoilReportMonthly
   **   ~~~   ** ..Variable name=COOLING COIL SENSIBLE COOLING RATE not valid for this simulation.
   **   ~~~   ** ..i.e., Variable name=CORNER_CLASS_2_POD_1_ZN_1_FLR_1 VAV BOX REHEAT COIL:COOLING COIL SENSIBLE COOLING RATE not valid for this simulation.
   ** Warning ** Processing Monthly Tabular Reports: CoilReportMonthly
   **   ~~~   ** ..Variable name=COOLING COIL WETTED AREA FRACTION not valid for this simulation.
   **   ~~~   ** ..i.e., Variable name=CORNER_CLASS_2_POD_1_ZN_1_FLR_1 VAV BOX REHEAT COIL:COOLING COIL WETTED AREA FRACTION not valid for this simulation.
   ** Warning ** Processing Monthly Tabular Reports: CoilReportMonthly
   **   ~~~   ** ..Variable name=COOLING COIL TOTAL COOLING ENERGY not valid for this simulation.
   **   ~~~   ** ..i.e., Variable name=CORNER_CLASS_2_POD_1_ZN_1_FLR_2 VAV BOX REHEAT COIL:COOLING COIL TOTAL COOLING ENERGY not valid for this simulation.
   ** Warning ** Processing Monthly Tabular Reports: CoilReportMonthly
   **   ~~~   ** ..Variable name=COOLING COIL SENSIBLE COOLING ENERGY not valid for this simulation.
   **   ~~~   ** ..i.e., Variable name=CORNER_CLASS_2_POD_1_ZN_1_FLR_2 VAV BOX REHEAT COIL:COOLING COIL SENSIBLE COOLING ENERGY not valid for this simulation.
   ** Warning ** Processing Monthly Tabular Reports: CoilReportMonthly
   **   ~~~   ** ..Variable name=COOLING COIL TOTAL COOLING RATE not valid for this simulation.
   **   ~~~   ** ..i.e., Variable name=CORNER_CLASS_2_POD_1_ZN_1_FLR_2 VAV BOX REHEAT COIL:COOLING COIL TOTAL COOLING RATE not valid for this simulation.
   ** Warning ** Processing Monthly Tabular Reports: CoilReportMonthly
   **   ~~~   ** ..Variable name=COOLING COIL SENSIBLE COOLING RATE not valid for this simulation.
   **   ~~~   ** ..i.e., Variable name=CORNER_CLASS_2_POD_1_ZN_1_FLR_2 VAV BOX REHEAT COIL:COOLING COIL SENSIBLE COOLING RATE not valid for this simulation.
   ** Warning ** Processing Monthly Tabular Reports: CoilReportMonthly
   **   ~~~   ** ..Variable name=COOLING COIL WETTED AREA FRACTION not valid for this simulation.
   **   ~~~   ** ..i.e., Variable name=CORNER_CLASS_2_POD_1_ZN_1_FLR_2 VAV BOX REHEAT COIL:COOLING COIL WETTED AREA FRACTION not valid for this simulation.
   ** Warning ** Processing Monthly Tabular Reports: CoilReportMonthly
   **   ~~~   ** ..Variable name=COOLING COIL TOTAL COOLING ENERGY not valid for this simulation.
   **   ~~~   ** ..i.e., Variable name=MULT_CLASS_2_POD_1_ZN_1_FLR_1 VAV BOX REHEAT COIL:COOLING COIL TOTAL COOLING ENERGY not valid for this simulation.
   ** Warning ** Processing Monthly Tabular Reports: CoilReportMonthly
   **   ~~~   ** ..Variable name=COOLING COIL SENSIBLE COOLING ENERGY not valid for this simulation.
   **   ~~~   ** ..i.e., Variable name=MULT_CLASS_2_POD_1_ZN_1_FLR_1 VAV BOX REHEAT COIL:COOLING COIL SENSIBLE COOLING ENERGY not valid for this simulation.
   ** Warning ** Processing Monthly Tabular Reports: CoilReportMonthly
   **   ~~~   ** ..Variable name=COOLING COIL TOTAL COOLING RATE not valid for this simulation.
   **   ~~~   ** ..i.e., Variable name=MULT_CLASS_2_POD_1_ZN_1_FLR_1 VAV BOX REHEAT COIL:COOLING COIL TOTAL COOLING RATE not valid for this simulation.
   ** Warning ** Processing Monthly Tabular Reports: CoilReportMonthly
   **   ~~~   ** ..Variable name=COOLING COIL SENSIBLE COOLING RATE not valid for this simulation.
   **   ~~~   ** ..i.e., Variable name=MULT_CLASS_2_POD_1_ZN_1_FLR_1 VAV BOX REHEAT COIL:COOLING COIL SENSIBLE COOLING RATE not valid for this simulation.
   ** Warning ** Processing Monthly Tabular Reports: CoilReportMonthly
   **   ~~~   ** ..Variable name=COOLING COIL WETTED AREA FRACTION not valid for this simulation.
   **   ~~~   ** ..i.e., Variable name=MULT_CLASS_2_POD_1_ZN_1_FLR_1 VAV BOX REHEAT COIL:COOLING COIL WETTED AREA FRACTION not valid for this simulation.
   ** Warning ** Processing Monthly Tabular Reports: CoilReportMonthly
   **   ~~~   ** ..Variable name=COOLING COIL TOTAL COOLING ENERGY not valid for this simulation.
   **   ~~~   ** ..i.e., Variable name=MULT_CLASS_2_POD_1_ZN_1_FLR_2 VAV BOX REHEAT COIL:COOLING COIL TOTAL COOLING ENERGY not valid for this simulation.
   ** Warning ** Processing Monthly Tabular Reports: CoilReportMonthly
   **   ~~~   ** ..Variable name=COOLING COIL SENSIBLE COOLING ENERGY not valid for this simulation.
   **   ~~~   ** ..i.e., Variable name=MULT_CLASS_2_POD_1_ZN_1_FLR_2 VAV BOX REHEAT COIL:COOLING COIL SENSIBLE COOLING ENERGY not valid for this simulation.
   ** Warning ** Processing Monthly Tabular Reports: CoilReportMonthly
   **   ~~~   ** ..Variable name=COOLING COIL TOTAL COOLING RATE not valid for this simulation.
   **   ~~~   ** ..i.e., Variable name=MULT_CLASS_2_POD_1_ZN_1_FLR_2 VAV BOX REHEAT COIL:COOLING COIL TOTAL COOLING RATE not valid for this simulation.
   ** Warning ** Processing Monthly Tabular Reports: CoilReportMonthly
   **   ~~~   ** ..Variable name=COOLING COIL SENSIBLE COOLING RATE not valid for this simulation.
   **   ~~~   ** ..i.e., Variable name=MULT_CLASS_2_POD_1_ZN_1_FLR_2 VAV BOX REHEAT COIL:COOLING COIL SENSIBLE COOLING RATE not valid for this simulation.
   ** Warning ** Processing Monthly Tabular Reports: CoilReportMonthly
   **   ~~~   ** ..Variable name=COOLING COIL WETTED AREA FRACTION not valid for this simulation.
   **   ~~~   ** ..i.e., Variable name=MULT_CLASS_2_POD_1_ZN_1_FLR_2 VAV BOX REHEAT COIL:COOLING COIL WETTED AREA FRACTION not valid for this simulation.
   ** Warning ** Processing Monthly Tabular Reports: CoilReportMonthly
   **   ~~~   ** ..Variable name=COOLING COIL TOTAL COOLING ENERGY not valid for this simulation.
   **   ~~~   ** ..i.e., Variable name=VAV_POD_2 HEATING COIL:COOLING COIL TOTAL COOLING ENERGY not valid for this simulation.
   ** Warning ** Processing Monthly Tabular Reports: CoilReportMonthly
   **   ~~~   ** ..Variable name=COOLING COIL SENSIBLE COOLING ENERGY not valid for this simulation.
   **   ~~~   ** ..i.e., Variable name=VAV_POD_2 HEATING COIL:COOLING COIL SENSIBLE COOLING ENERGY not valid for this simulation.
   ** Warning ** Processing Monthly Tabular Reports: CoilReportMonthly
   **   ~~~   ** ..Variable name=COOLING COIL TOTAL COOLING RATE not valid for this simulation.
   **   ~~~   ** ..i.e., Variable name=VAV_POD_2 HEATING COIL:COOLING COIL TOTAL COOLING RATE not valid for this simulation.
   ** Warning ** Processing Monthly Tabular Reports: CoilReportMonthly
   **   ~~~   ** ..Variable name=COOLING COIL SENSIBLE COOLING RATE not valid for this simulation.
   **   ~~~   ** ..i.e., Variable name=VAV_POD_2 HEATING COIL:COOLING COIL SENSIBLE COOLING RATE not valid for this simulation.
   ** Warning ** Processing Monthly Tabular Reports: CoilReportMonthly
   **   ~~~   ** ..Variable name=COOLING COIL WETTED AREA FRACTION not valid for this simulation.
   **   ~~~   ** ..i.e., Variable name=VAV_POD_2 HEATING COIL:COOLING COIL WETTED AREA FRACTION not valid for this simulation.
   ** Warning ** Processing Monthly Tabular Reports: CoilReportMonthly
   **   ~~~   ** ..Variable name=COOLING COIL TOTAL COOLING ENERGY not valid for this simulation.
   **   ~~~   ** ..i.e., Variable name=CORNER_CLASS_1_POD_2_ZN_1_FLR_1 VAV BOX REHEAT COIL:COOLING COIL TOTAL COOLING ENERGY not valid for this simulation.
   ** Warning ** Processing Monthly Tabular Reports: CoilReportMonthly
   **   ~~~   ** ..Variable name=COOLING COIL SENSIBLE COOLING ENERGY not valid for this simulation.
   **   ~~~   ** ..i.e., Variable name=CORNER_CLASS_1_POD_2_ZN_1_FLR_1 VAV BOX REHEAT COIL:COOLING COIL SENSIBLE COOLING ENERGY not valid for this simulation.
   ** Warning ** Processing Monthly Tabular Reports: CoilReportMonthly
   **   ~~~   ** ..Variable name=COOLING COIL TOTAL COOLING RATE not valid for this simulation.
   **   ~~~   ** ..i.e., Variable name=CORNER_CLASS_1_POD_2_ZN_1_FLR_1 VAV BOX REHEAT COIL:COOLING COIL TOTAL COOLING RATE not valid for this simulation.
   ** Warning ** Processing Monthly Tabular Reports: CoilReportMonthly
   **   ~~~   ** ..Variable name=COOLING COIL SENSIBLE COOLING RATE not valid for this simulation.
   **   ~~~   ** ..i.e., Variable name=CORNER_CLASS_1_POD_2_ZN_1_FLR_1 VAV BOX REHEAT COIL:COOLING COIL SENSIBLE COOLING RATE not valid for this simulation.
   ** Warning ** Processing Monthly Tabular Reports: CoilReportMonthly
   **   ~~~   ** ..Variable name=COOLING COIL WETTED AREA FRACTION not valid for this simulation.
   **   ~~~   ** ..i.e., Variable name=CORNER_CLASS_1_POD_2_ZN_1_FLR_1 VAV BOX REHEAT COIL:COOLING COIL WETTED AREA FRACTION not valid for this simulation.
   ** Warning ** Processing Monthly Tabular Reports: CoilReportMonthly
   **   ~~~   ** ..Variable name=COOLING COIL TOTAL COOLING ENERGY not valid for this simulation.
   **   ~~~   ** ..i.e., Variable name=CORNER_CLASS_1_POD_2_ZN_1_FLR_2 VAV BOX REHEAT COIL:COOLING COIL TOTAL COOLING ENERGY not valid for this simulation.
   ** Warning ** Processing Monthly Tabular Reports: CoilReportMonthly
   **   ~~~   ** ..Variable name=COOLING COIL SENSIBLE COOLING ENERGY not valid for this simulation.
   **   ~~~   ** ..i.e., Variable name=CORNER_CLASS_1_POD_2_ZN_1_FLR_2 VAV BOX REHEAT COIL:COOLING COIL SENSIBLE COOLING ENERGY not valid for this simulation.
   ** Warning ** Processing Monthly Tabular Reports: CoilReportMonthly
   **   ~~~   ** ..Variable name=COOLING COIL TOTAL COOLING RATE not valid for this simulation.
   **   ~~~   ** ..i.e., Variable name=CORNER_CLASS_1_POD_2_ZN_1_FLR_2 VAV BOX REHEAT COIL:COOLING COIL TOTAL COOLING RATE not valid for this simulation.
   ** Warning ** Processing Monthly Tabular Reports: CoilReportMonthly
   **   ~~~   ** ..Variable name=COOLING COIL SENSIBLE COOLING RATE not valid for this simulation.
   **   ~~~   ** ..i.e., Variable name=CORNER_CLASS_1_POD_2_ZN_1_FLR_2 VAV BOX REHEAT COIL:COOLING COIL SENSIBLE COOLING RATE not valid for this simulation.
   ** Warning ** Processing Monthly Tabular Reports: CoilReportMonthly
   **   ~~~   ** ..Variable name=COOLING COIL WETTED AREA FRACTION not valid for this simulation.
   **   ~~~   ** ..i.e., Variable name=CORNER_CLASS_1_POD_2_ZN_1_FLR_2 VAV BOX REHEAT COIL:COOLING COIL WETTED AREA FRACTION not valid for this simulation.
   ** Warning ** Processing Monthly Tabular Reports: CoilReportMonthly
   **   ~~~   ** ..Variable name=COOLING COIL TOTAL COOLING ENERGY not valid for this simulation.
   **   ~~~   ** ..i.e., Variable name=MULT_CLASS_1_POD_2_ZN_1_FLR_1 VAV BOX REHEAT COIL:COOLING COIL TOTAL COOLING ENERGY not valid for this simulation.
   ** Warning ** Processing Monthly Tabular Reports: CoilReportMonthly
   **   ~~~   ** ..Variable name=COOLING COIL SENSIBLE COOLING ENERGY not valid for this simulation.
   **   ~~~   ** ..i.e., Variable name=MULT_CLASS_1_POD_2_ZN_1_FLR_1 VAV BOX REHEAT COIL:COOLING COIL SENSIBLE COOLING ENERGY not valid for this simulation.
   ** Warning ** Processing Monthly Tabular Reports: CoilReportMonthly
   **   ~~~   ** ..Variable name=COOLING COIL TOTAL COOLING RATE not valid for this simulation.
   **   ~~~   ** ..i.e., Variable name=MULT_CLASS_1_POD_2_ZN_1_FLR_1 VAV BOX REHEAT COIL:COOLING COIL TOTAL COOLING RATE not valid for this simulation.
   ** Warning ** Processing Monthly Tabular Reports: CoilReportMonthly
   **   ~~~   ** ..Variable name=COOLING COIL SENSIBLE COOLING RATE not valid for this simulation.
   **   ~~~   ** ..i.e., Variable name=MULT_CLASS_1_POD_2_ZN_1_FLR_1 VAV BOX REHEAT COIL:COOLING COIL SENSIBLE COOLING RATE not valid for this simulation.
   ** Warning ** Processing Monthly Tabular Reports: CoilReportMonthly
   **   ~~~   ** ..Variable name=COOLING COIL WETTED AREA FRACTION not valid for this simulation.
   **   ~~~   ** ..i.e., Variable name=MULT_CLASS_1_POD_2_ZN_1_FLR_1 VAV BOX REHEAT COIL:COOLING COIL WETTED AREA FRACTION not valid for this simulation.
   ** Warning ** Processing Monthly Tabular Reports: CoilReportMonthly
   **   ~~~   ** ..Variable name=COOLING COIL TOTAL COOLING ENERGY not valid for this simulation.
   **   ~~~   ** ..i.e., Variable name=MULT_CLASS_1_POD_2_ZN_1_FLR_2 VAV BOX REHEAT COIL:COOLING COIL TOTAL COOLING ENERGY not valid for this simulation.
   ** Warning ** Processing Monthly Tabular Reports: CoilReportMonthly
   **   ~~~   ** ..Variable name=COOLING COIL SENSIBLE COOLING ENERGY not valid for this simulation.
   **   ~~~   ** ..i.e., Variable name=MULT_CLASS_1_POD_2_ZN_1_FLR_2 VAV BOX REHEAT COIL:COOLING COIL SENSIBLE COOLING ENERGY not valid for this simulation.
   ** Warning ** Processing Monthly Tabular Reports: CoilReportMonthly
   **   ~~~   ** ..Variable name=COOLING COIL TOTAL COOLING RATE not valid for this simulation.
   **   ~~~   ** ..i.e., Variable name=MULT_CLASS_1_POD_2_ZN_1_FLR_2 VAV BOX REHEAT COIL:COOLING COIL TOTAL COOLING RATE not valid for this simulation.
   ** Warning ** Processing Monthly Tabular Reports: CoilReportMonthly
   **   ~~~   ** ..Variable name=COOLING COIL SENSIBLE COOLING RATE not valid for this simulation.
   **   ~~~   ** ..i.e., Variable name=MULT_CLASS_1_POD_2_ZN_1_FLR_2 VAV BOX REHEAT COIL:COOLING COIL SENSIBLE COOLING RATE not valid for this simulation.
   ** Warning ** Processing Monthly Tabular Reports: CoilReportMonthly
   **   ~~~   ** ..Variable name=COOLING COIL WETTED AREA FRACTION not valid for this simulation.
   **   ~~~   ** ..i.e., Variable name=MULT_CLASS_1_POD_2_ZN_1_FLR_2 VAV BOX REHEAT COIL:COOLING COIL WETTED AREA FRACTION not valid for this simulation.
   ** Warning ** Processing Monthly Tabular Reports: CoilReportMonthly
   **   ~~~   ** ..Variable name=COOLING COIL TOTAL COOLING ENERGY not valid for this simulation.
   **   ~~~   ** ..i.e., Variable name=CORRIDOR_POD_2_ZN_1_FLR_1 VAV BOX REHEAT COIL:COOLING COIL TOTAL COOLING ENERGY not valid for this simulation.
   ** Warning ** Processing Monthly Tabular Reports: CoilReportMonthly
   **   ~~~   ** ..Variable name=COOLING COIL SENSIBLE COOLING ENERGY not valid for this simulation.
   **   ~~~   ** ..i.e., Variable name=CORRIDOR_POD_2_ZN_1_FLR_1 VAV BOX REHEAT COIL:COOLING COIL SENSIBLE COOLING ENERGY not valid for this simulation.
   ** Warning ** Processing Monthly Tabular Reports: CoilReportMonthly
   **   ~~~   ** ..Variable name=COOLING COIL TOTAL COOLING RATE not valid for this simulation.
   **   ~~~   ** ..i.e., Variable name=CORRIDOR_POD_2_ZN_1_FLR_1 VAV BOX REHEAT COIL:COOLING COIL TOTAL COOLING RATE not valid for this simulation.
   ** Warning ** Processing Monthly Tabular Reports: CoilReportMonthly
   **   ~~~   ** ..Variable name=COOLING COIL SENSIBLE COOLING RATE not valid for this simulation.
   **   ~~~   ** ..i.e., Variable name=CORRIDOR_POD_2_ZN_1_FLR_1 VAV BOX REHEAT COIL:COOLING COIL SENSIBLE COOLING RATE not valid for this simulation.
   ** Warning ** Processing Monthly Tabular Reports: CoilReportMonthly
   **   ~~~   ** ..Variable name=COOLING COIL WETTED AREA FRACTION not valid for this simulation.
   **   ~~~   ** ..i.e., Variable name=CORRIDOR_POD_2_ZN_1_FLR_1 VAV BOX REHEAT COIL:COOLING COIL WETTED AREA FRACTION not valid for this simulation.
   ** Warning ** Processing Monthly Tabular Reports: CoilReportMonthly
   **   ~~~   ** ..Variable name=COOLING COIL TOTAL COOLING ENERGY not valid for this simulation.
   **   ~~~   ** ..i.e., Variable name=CORRIDOR_POD_2_ZN_1_FLR_2 VAV BOX REHEAT COIL:COOLING COIL TOTAL COOLING ENERGY not valid for this simulation.
   ** Warning ** Processing Monthly Tabular Reports: CoilReportMonthly
   **   ~~~   ** ..Variable name=COOLING COIL SENSIBLE COOLING ENERGY not valid for this simulation.
   **   ~~~   ** ..i.e., Variable name=CORRIDOR_POD_2_ZN_1_FLR_2 VAV BOX REHEAT COIL:COOLING COIL SENSIBLE COOLING ENERGY not valid for this simulation.
   ** Warning ** Processing Monthly Tabular Reports: CoilReportMonthly
   **   ~~~   ** ..Variable name=COOLING COIL TOTAL COOLING RATE not valid for this simulation.
   **   ~~~   ** ..i.e., Variable name=CORRIDOR_POD_2_ZN_1_FLR_2 VAV BOX REHEAT COIL:COOLING COIL TOTAL COOLING RATE not valid for this simulation.
   ** Warning ** Processing Monthly Tabular Reports: CoilReportMonthly
   **   ~~~   ** ..Variable name=COOLING COIL SENSIBLE COOLING RATE not valid for this simulation.
   **   ~~~   ** ..i.e., Variable name=CORRIDOR_POD_2_ZN_1_FLR_2 VAV BOX REHEAT COIL:COOLING COIL SENSIBLE COOLING RATE not valid for this simulation.
   ** Warning ** Processing Monthly Tabular Reports: CoilReportMonthly
   **   ~~~   ** ..Variable name=COOLING COIL WETTED AREA FRACTION not valid for this simulation.
   **   ~~~   ** ..i.e., Variable name=CORRIDOR_POD_2_ZN_1_FLR_2 VAV BOX REHEAT COIL:COOLING COIL WETTED AREA FRACTION not valid for this simulation.
   ** Warning ** Processing Monthly Tabular Reports: CoilReportMonthly
   **   ~~~   ** ..Variable name=COOLING COIL TOTAL COOLING ENERGY not valid for this simulation.
   **   ~~~   ** ..i.e., Variable name=CORNER_CLASS_2_POD_2_ZN_1_FLR_1 VAV BOX REHEAT COIL:COOLING COIL TOTAL COOLING ENERGY not valid for this simulation.
   ** Warning ** Processing Monthly Tabular Reports: CoilReportMonthly
   **   ~~~   ** ..Variable name=COOLING COIL SENSIBLE COOLING ENERGY not valid for this simulation.
   **   ~~~   ** ..i.e., Variable name=CORNER_CLASS_2_POD_2_ZN_1_FLR_1 VAV BOX REHEAT COIL:COOLING COIL SENSIBLE COOLING ENERGY not valid for this simulation.
   ** Warning ** Processing Monthly Tabular Reports: CoilReportMonthly
   **   ~~~   ** ..Variable name=COOLING COIL TOTAL COOLING RATE not valid for this simulation.
   **   ~~~   ** ..i.e., Variable name=CORNER_CLASS_2_POD_2_ZN_1_FLR_1 VAV BOX REHEAT COIL:COOLING COIL TOTAL COOLING RATE not valid for this simulation.
   ** Warning ** Processing Monthly Tabular Reports: CoilReportMonthly
   **   ~~~   ** ..Variable name=COOLING COIL SENSIBLE COOLING RATE not valid for this simulation.
   **   ~~~   ** ..i.e., Variable name=CORNER_CLASS_2_POD_2_ZN_1_FLR_1 VAV BOX REHEAT COIL:COOLING COIL SENSIBLE COOLING RATE not valid for this simulation.
   ** Warning ** Processing Monthly Tabular Reports: CoilReportMonthly
   **   ~~~   ** ..Variable name=COOLING COIL WETTED AREA FRACTION not valid for this simulation.
   **   ~~~   ** ..i.e., Variable name=CORNER_CLASS_2_POD_2_ZN_1_FLR_1 VAV BOX REHEAT COIL:COOLING COIL WETTED AREA FRACTION not valid for this simulation.
   ** Warning ** Processing Monthly Tabular Reports: CoilReportMonthly
   **   ~~~   ** ..Variable name=COOLING COIL TOTAL COOLING ENERGY not valid for this simulation.
   **   ~~~   ** ..i.e., Variable name=CORNER_CLASS_2_POD_2_ZN_1_FLR_2 VAV BOX REHEAT COIL:COOLING COIL TOTAL COOLING ENERGY not valid for this simulation.
   ** Warning ** Processing Monthly Tabular Reports: CoilReportMonthly
   **   ~~~   ** ..Variable name=COOLING COIL SENSIBLE COOLING ENERGY not valid for this simulation.
   **   ~~~   ** ..i.e., Variable name=CORNER_CLASS_2_POD_2_ZN_1_FLR_2 VAV BOX REHEAT COIL:COOLING COIL SENSIBLE COOLING ENERGY not valid for this simulation.
   ** Warning ** Processing Monthly Tabular Reports: CoilReportMonthly
   **   ~~~   ** ..Variable name=COOLING COIL TOTAL COOLING RATE not valid for this simulation.
   **   ~~~   ** ..i.e., Variable name=CORNER_CLASS_2_POD_2_ZN_1_FLR_2 VAV BOX REHEAT COIL:COOLING COIL TOTAL COOLING RATE not valid for this simulation.
   ** Warning ** Processing Monthly Tabular Reports: CoilReportMonthly
   **   ~~~   ** ..Variable name=COOLING COIL SENSIBLE COOLING RATE not valid for this simulation.
   **   ~~~   ** ..i.e., Variable name=CORNER_CLASS_2_POD_2_ZN_1_FLR_2 VAV BOX REHEAT COIL:COOLING COIL SENSIBLE COOLING RATE not valid for this simulation.
   ** Warning ** Processing Monthly Tabular Reports: CoilReportMonthly
   **   ~~~   ** ..Variable name=COOLING COIL WETTED AREA FRACTION not valid for this simulation.
   **   ~~~   ** ..i.e., Variable name=CORNER_CLASS_2_POD_2_ZN_1_FLR_2 VAV BOX REHEAT COIL:COOLING COIL WETTED AREA FRACTION not valid for this simulation.
   ** Warning ** Processing Monthly Tabular Reports: CoilReportMonthly
   **   ~~~   ** ..Variable name=COOLING COIL TOTAL COOLING ENERGY not valid for this simulation.
   **   ~~~   ** ..i.e., Variable name=MULT_CLASS_2_POD_2_ZN_1_FLR_1 VAV BOX REHEAT COIL:COOLING COIL TOTAL COOLING ENERGY not valid for this simulation.
   ** Warning ** Processing Monthly Tabular Reports: CoilReportMonthly
   **   ~~~   ** ..Variable name=COOLING COIL SENSIBLE COOLING ENERGY not valid for this simulation.
   **   ~~~   ** ..i.e., Variable name=MULT_CLASS_2_POD_2_ZN_1_FLR_1 VAV BOX REHEAT COIL:COOLING COIL SENSIBLE COOLING ENERGY not valid for this simulation.
   ** Warning ** Processing Monthly Tabular Reports: CoilReportMonthly
   **   ~~~   ** ..Variable name=COOLING COIL TOTAL COOLING RATE not valid for this simulation.
   **   ~~~   ** ..i.e., Variable name=MULT_CLASS_2_POD_2_ZN_1_FLR_1 VAV BOX REHEAT COIL:COOLING COIL TOTAL COOLING RATE not valid for this simulation.
   ** Warning ** Processing Monthly Tabular Reports: CoilReportMonthly
   **   ~~~   ** ..Variable name=COOLING COIL SENSIBLE COOLING RATE not valid for this simulation.
   **   ~~~   ** ..i.e., Variable name=MULT_CLASS_2_POD_2_ZN_1_FLR_1 VAV BOX REHEAT COIL:COOLING COIL SENSIBLE COOLING RATE not valid for this simulation.
   ** Warning ** Processing Monthly Tabular Reports: CoilReportMonthly
   **   ~~~   ** ..Variable name=COOLING COIL WETTED AREA FRACTION not valid for this simulation.
   **   ~~~   ** ..i.e., Variable name=MULT_CLASS_2_POD_2_ZN_1_FLR_1 VAV BOX REHEAT COIL:COOLING COIL WETTED AREA FRACTION not valid for this simulation.
   ** Warning ** Processing Monthly Tabular Reports: CoilReportMonthly
   **   ~~~   ** ..Variable name=COOLING COIL TOTAL COOLING ENERGY not valid for this simulation.
   **   ~~~   ** ..i.e., Variable name=MULT_CLASS_2_POD_2_ZN_1_FLR_2 VAV BOX REHEAT COIL:COOLING COIL TOTAL COOLING ENERGY not valid for this simulation.
   ** Warning ** Processing Monthly Tabular Reports: CoilReportMonthly
   **   ~~~   ** ..Variable name=COOLING COIL SENSIBLE COOLING ENERGY not valid for this simulation.
   **   ~~~   ** ..i.e., Variable name=MULT_CLASS_2_POD_2_ZN_1_FLR_2 VAV BOX REHEAT COIL:COOLING COIL SENSIBLE COOLING ENERGY not valid for this simulation.
   ** Warning ** Processing Monthly Tabular Reports: CoilReportMonthly
   **   ~~~   ** ..Variable name=COOLING COIL TOTAL COOLING RATE not valid for this simulation.
   **   ~~~   ** ..i.e., Variable name=MULT_CLASS_2_POD_2_ZN_1_FLR_2 VAV BOX REHEAT COIL:COOLING COIL TOTAL COOLING RATE not valid for this simulation.
   ** Warning ** Processing Monthly Tabular Reports: CoilReportMonthly
   **   ~~~   ** ..Variable name=COOLING COIL SENSIBLE COOLING RATE not valid for this simulation.
   **   ~~~   ** ..i.e., Variable name=MULT_CLASS_2_POD_2_ZN_1_FLR_2 VAV BOX REHEAT COIL:COOLING COIL SENSIBLE COOLING RATE not valid for this simulation.
   ** Warning ** Processing Monthly Tabular Reports: CoilReportMonthly
   **   ~~~   ** ..Variable name=COOLING COIL WETTED AREA FRACTION not valid for this simulation.
   **   ~~~   ** ..i.e., Variable name=MULT_CLASS_2_POD_2_ZN_1_FLR_2 VAV BOX REHEAT COIL:COOLING COIL WETTED AREA FRACTION not valid for this simulation.
   ** Warning ** Processing Monthly Tabular Reports: CoilReportMonthly
   **   ~~~   ** ..Variable name=COOLING COIL TOTAL COOLING ENERGY not valid for this simulation.
   **   ~~~   ** ..i.e., Variable name=VAV_POD_3 HEATING COIL:COOLING COIL TOTAL COOLING ENERGY not valid for this simulation.
   ** Warning ** Processing Monthly Tabular Reports: CoilReportMonthly
   **   ~~~   ** ..Variable name=COOLING COIL SENSIBLE COOLING ENERGY not valid for this simulation.
   **   ~~~   ** ..i.e., Variable name=VAV_POD_3 HEATING COIL:COOLING COIL SENSIBLE COOLING ENERGY not valid for this simulation.
   ** Warning ** Processing Monthly Tabular Reports: CoilReportMonthly
   **   ~~~   ** ..Variable name=COOLING COIL TOTAL COOLING RATE not valid for this simulation.
   **   ~~~   ** ..i.e., Variable name=VAV_POD_3 HEATING COIL:COOLING COIL TOTAL COOLING RATE not valid for this simulation.
   ** Warning ** Processing Monthly Tabular Reports: CoilReportMonthly
   **   ~~~   ** ..Variable name=COOLING COIL SENSIBLE COOLING RATE not valid for this simulation.
   **   ~~~   ** ..i.e., Variable name=VAV_POD_3 HEATING COIL:COOLING COIL SENSIBLE COOLING RATE not valid for this simulation.
   ** Warning ** Processing Monthly Tabular Reports: CoilReportMonthly
   **   ~~~   ** ..Variable name=COOLING COIL WETTED AREA FRACTION not valid for this simulation.
   **   ~~~   ** ..i.e., Variable name=VAV_POD_3 HEATING COIL:COOLING COIL WETTED AREA FRACTION not valid for this simulation.
   ** Warning ** Processing Monthly Tabular Reports: CoilReportMonthly
   **   ~~~   ** ..Variable name=COOLING COIL TOTAL COOLING ENERGY not valid for this simulation.
   **   ~~~   ** ..i.e., Variable name=CORNER_CLASS_1_POD_3_ZN_1_FLR_1 VAV BOX REHEAT COIL:COOLING COIL TOTAL COOLING ENERGY not valid for this simulation.
   ** Warning ** Processing Monthly Tabular Reports: CoilReportMonthly
   **   ~~~   ** ..Variable name=COOLING COIL SENSIBLE COOLING ENERGY not valid for this simulation.
   **   ~~~   ** ..i.e., Variable name=CORNER_CLASS_1_POD_3_ZN_1_FLR_1 VAV BOX REHEAT COIL:COOLING COIL SENSIBLE COOLING ENERGY not valid for this simulation.
   ** Warning ** Processing Monthly Tabular Reports: CoilReportMonthly
   **   ~~~   ** ..Variable name=COOLING COIL TOTAL COOLING RATE not valid for this simulation.
   **   ~~~   ** ..i.e., Variable name=CORNER_CLASS_1_POD_3_ZN_1_FLR_1 VAV BOX REHEAT COIL:COOLING COIL TOTAL COOLING RATE not valid for this simulation.
   ** Warning ** Processing Monthly Tabular Reports: CoilReportMonthly
   **   ~~~   ** ..Variable name=COOLING COIL SENSIBLE COOLING RATE not valid for this simulation.
   **   ~~~   ** ..i.e., Variable name=CORNER_CLASS_1_POD_3_ZN_1_FLR_1 VAV BOX REHEAT COIL:COOLING COIL SENSIBLE COOLING RATE not valid for this simulation.
   ** Warning ** Processing Monthly Tabular Reports: CoilReportMonthly
   **   ~~~   ** ..Variable name=COOLING COIL WETTED AREA FRACTION not valid for this simulation.
   **   ~~~   ** ..i.e., Variable name=CORNER_CLASS_1_POD_3_ZN_1_FLR_1 VAV BOX REHEAT COIL:COOLING COIL WETTED AREA FRACTION not valid for this simulation.
   ** Warning ** Processing Monthly Tabular Reports: CoilReportMonthly
   **   ~~~   ** ..Variable name=COOLING COIL TOTAL COOLING ENERGY not valid for this simulation.
   **   ~~~   ** ..i.e., Variable name=CORNER_CLASS_1_POD_3_ZN_1_FLR_2 VAV BOX REHEAT COIL:COOLING COIL TOTAL COOLING ENERGY not valid for this simulation.
   ** Warning ** Processing Monthly Tabular Reports: CoilReportMonthly
   **   ~~~   ** ..Variable name=COOLING COIL SENSIBLE COOLING ENERGY not valid for this simulation.
   **   ~~~   ** ..i.e., Variable name=CORNER_CLASS_1_POD_3_ZN_1_FLR_2 VAV BOX REHEAT COIL:COOLING COIL SENSIBLE COOLING ENERGY not valid for this simulation.
   ** Warning ** Processing Monthly Tabular Reports: CoilReportMonthly
   **   ~~~   ** ..Variable name=COOLING COIL TOTAL COOLING RATE not valid for this simulation.
   **   ~~~   ** ..i.e., Variable name=CORNER_CLASS_1_POD_3_ZN_1_FLR_2 VAV BOX REHEAT COIL:COOLING COIL TOTAL COOLING RATE not valid for this simulation.
   ** Warning ** Processing Monthly Tabular Reports: CoilReportMonthly
   **   ~~~   ** ..Variable name=COOLING COIL SENSIBLE COOLING RATE not valid for this simulation.
   **   ~~~   ** ..i.e., Variable name=CORNER_CLASS_1_POD_3_ZN_1_FLR_2 VAV BOX REHEAT COIL:COOLING COIL SENSIBLE COOLING RATE not valid for this simulation.
   ** Warning ** Processing Monthly Tabular Reports: CoilReportMonthly
   **   ~~~   ** ..Variable name=COOLING COIL WETTED AREA FRACTION not valid for this simulation.
   **   ~~~   ** ..i.e., Variable name=CORNER_CLASS_1_POD_3_ZN_1_FLR_2 VAV BOX REHEAT COIL:COOLING COIL WETTED AREA FRACTION not valid for this simulation.
   ** Warning ** Processing Monthly Tabular Reports: CoilReportMonthly
   **   ~~~   ** ..Variable name=COOLING COIL TOTAL COOLING ENERGY not valid for this simulation.
   **   ~~~   ** ..i.e., Variable name=MULT_CLASS_1_POD_3_ZN_1_FLR_1 VAV BOX REHEAT COIL:COOLING COIL TOTAL COOLING ENERGY not valid for this simulation.
   ** Warning ** Processing Monthly Tabular Reports: CoilReportMonthly
   **   ~~~   ** ..Variable name=COOLING COIL SENSIBLE COOLING ENERGY not valid for this simulation.
   **   ~~~   ** ..i.e., Variable name=MULT_CLASS_1_POD_3_ZN_1_FLR_1 VAV BOX REHEAT COIL:COOLING COIL SENSIBLE COOLING ENERGY not valid for this simulation.
   ** Warning ** Processing Monthly Tabular Reports: CoilReportMonthly
   **   ~~~   ** ..Variable name=COOLING COIL TOTAL COOLING RATE not valid for this simulation.
   **   ~~~   ** ..i.e., Variable name=MULT_CLASS_1_POD_3_ZN_1_FLR_1 VAV BOX REHEAT COIL:COOLING COIL TOTAL COOLING RATE not valid for this simulation.
   ** Warning ** Processing Monthly Tabular Reports: CoilReportMonthly
   **   ~~~   ** ..Variable name=COOLING COIL SENSIBLE COOLING RATE not valid for this simulation.
   **   ~~~   ** ..i.e., Variable name=MULT_CLASS_1_POD_3_ZN_1_FLR_1 VAV BOX REHEAT COIL:COOLING COIL SENSIBLE COOLING RATE not valid for this simulation.
   ** Warning ** Processing Monthly Tabular Reports: CoilReportMonthly
   **   ~~~   ** ..Variable name=COOLING COIL WETTED AREA FRACTION not valid for this simulation.
   **   ~~~   ** ..i.e., Variable name=MULT_CLASS_1_POD_3_ZN_1_FLR_1 VAV BOX REHEAT COIL:COOLING COIL WETTED AREA FRACTION not valid for this simulation.
   ** Warning ** Processing Monthly Tabular Reports: CoilReportMonthly
   **   ~~~   ** ..Variable name=COOLING COIL TOTAL COOLING ENERGY not valid for this simulation.
   **   ~~~   ** ..i.e., Variable name=MULT_CLASS_1_POD_3_ZN_1_FLR_2 VAV BOX REHEAT COIL:COOLING COIL TOTAL COOLING ENERGY not valid for this simulation.
   ** Warning ** Processing Monthly Tabular Reports: CoilReportMonthly
   **   ~~~   ** ..Variable name=COOLING COIL SENSIBLE COOLING ENERGY not valid for this simulation.
   **   ~~~   ** ..i.e., Variable name=MULT_CLASS_1_POD_3_ZN_1_FLR_2 VAV BOX REHEAT COIL:COOLING COIL SENSIBLE COOLING ENERGY not valid for this simulation.
   ** Warning ** Processing Monthly Tabular Reports: CoilReportMonthly
   **   ~~~   ** ..Variable name=COOLING COIL TOTAL COOLING RATE not valid for this simulation.
   **   ~~~   ** ..i.e., Variable name=MULT_CLASS_1_POD_3_ZN_1_FLR_2 VAV BOX REHEAT COIL:COOLING COIL TOTAL COOLING RATE not valid for this simulation.
   ** Warning ** Processing Monthly Tabular Reports: CoilReportMonthly
   **   ~~~   ** ..Variable name=COOLING COIL SENSIBLE COOLING RATE not valid for this simulation.
   **   ~~~   ** ..i.e., Variable name=MULT_CLASS_1_POD_3_ZN_1_FLR_2 VAV BOX REHEAT COIL:COOLING COIL SENSIBLE COOLING RATE not valid for this simulation.
   ** Warning ** Processing Monthly Tabular Reports: CoilReportMonthly
   **   ~~~   ** ..Variable name=COOLING COIL WETTED AREA FRACTION not valid for this simulation.
   **   ~~~   ** ..i.e., Variable name=MULT_CLASS_1_POD_3_ZN_1_FLR_2 VAV BOX REHEAT COIL:COOLING COIL WETTED AREA FRACTION not valid for this simulation.
   ** Warning ** Processing Monthly Tabular Reports: CoilReportMonthly
   **   ~~~   ** ..Variable name=COOLING COIL TOTAL COOLING ENERGY not valid for this simulation.
   **   ~~~   ** ..i.e., Variable name=CORRIDOR_POD_3_ZN_1_FLR_1 VAV BOX REHEAT COIL:COOLING COIL TOTAL COOLING ENERGY not valid for this simulation.
   ** Warning ** Processing Monthly Tabular Reports: CoilReportMonthly
   **   ~~~   ** ..Variable name=COOLING COIL SENSIBLE COOLING ENERGY not valid for this simulation.
   **   ~~~   ** ..i.e., Variable name=CORRIDOR_POD_3_ZN_1_FLR_1 VAV BOX REHEAT COIL:COOLING COIL SENSIBLE COOLING ENERGY not valid for this simulation.
   ** Warning ** Processing Monthly Tabular Reports: CoilReportMonthly
   **   ~~~   ** ..Variable name=COOLING COIL TOTAL COOLING RATE not valid for this simulation.
   **   ~~~   ** ..i.e., Variable name=CORRIDOR_POD_3_ZN_1_FLR_1 VAV BOX REHEAT COIL:COOLING COIL TOTAL COOLING RATE not valid for this simulation.
   ** Warning ** Processing Monthly Tabular Reports: CoilReportMonthly
   **   ~~~   ** ..Variable name=COOLING COIL SENSIBLE COOLING RATE not valid for this simulation.
   **   ~~~   ** ..i.e., Variable name=CORRIDOR_POD_3_ZN_1_FLR_1 VAV BOX REHEAT COIL:COOLING COIL SENSIBLE COOLING RATE not valid for this simulation.
   ** Warning ** Processing Monthly Tabular Reports: CoilReportMonthly
   **   ~~~   ** ..Variable name=COOLING COIL WETTED AREA FRACTION not valid for this simulation.
   **   ~~~   ** ..i.e., Variable name=CORRIDOR_POD_3_ZN_1_FLR_1 VAV BOX REHEAT COIL:COOLING COIL WETTED AREA FRACTION not valid for this simulation.
   ** Warning ** Processing Monthly Tabular Reports: CoilReportMonthly
   **   ~~~   ** ..Variable name=COOLING COIL TOTAL COOLING ENERGY not valid for this simulation.
   **   ~~~   ** ..i.e., Variable name=CORRIDOR_POD_3_ZN_1_FLR_2 VAV BOX REHEAT COIL:COOLING COIL TOTAL COOLING ENERGY not valid for this simulation.
   ** Warning ** Processing Monthly Tabular Reports: CoilReportMonthly
   **   ~~~   ** ..Variable name=COOLING COIL SENSIBLE COOLING ENERGY not valid for this simulation.
   **   ~~~   ** ..i.e., Variable name=CORRIDOR_POD_3_ZN_1_FLR_2 VAV BOX REHEAT COIL:COOLING COIL SENSIBLE COOLING ENERGY not valid for this simulation.
   ** Warning ** Processing Monthly Tabular Reports: CoilReportMonthly
   **   ~~~   ** ..Variable name=COOLING COIL TOTAL COOLING RATE not valid for this simulation.
   **   ~~~   ** ..i.e., Variable name=CORRIDOR_POD_3_ZN_1_FLR_2 VAV BOX REHEAT COIL:COOLING COIL TOTAL COOLING RATE not valid for this simulation.
   ** Warning ** Processing Monthly Tabular Reports: CoilReportMonthly
   **   ~~~   ** ..Variable name=COOLING COIL SENSIBLE COOLING RATE not valid for this simulation.
   **   ~~~   ** ..i.e., Variable name=CORRIDOR_POD_3_ZN_1_FLR_2 VAV BOX REHEAT COIL:COOLING COIL SENSIBLE COOLING RATE not valid for this simulation.
   ** Warning ** Processing Monthly Tabular Reports: CoilReportMonthly
   **   ~~~   ** ..Variable name=COOLING COIL WETTED AREA FRACTION not valid for this simulation.
   **   ~~~   ** ..i.e., Variable name=CORRIDOR_POD_3_ZN_1_FLR_2 VAV BOX REHEAT COIL:COOLING COIL WETTED AREA FRACTION not valid for this simulation.
   ** Warning ** Processing Monthly Tabular Reports: CoilReportMonthly
   **   ~~~   ** ..Variable name=COOLING COIL TOTAL COOLING ENERGY not valid for this simulation.
   **   ~~~   ** ..i.e., Variable name=CORNER_CLASS_2_POD_3_ZN_1_FLR_1 VAV BOX REHEAT COIL:COOLING COIL TOTAL COOLING ENERGY not valid for this simulation.
   ** Warning ** Processing Monthly Tabular Reports: CoilReportMonthly
   **   ~~~   ** ..Variable name=COOLING COIL SENSIBLE COOLING ENERGY not valid for this simulation.
   **   ~~~   ** ..i.e., Variable name=CORNER_CLASS_2_POD_3_ZN_1_FLR_1 VAV BOX REHEAT COIL:COOLING COIL SENSIBLE COOLING ENERGY not valid for this simulation.
   ** Warning ** Processing Monthly Tabular Reports: CoilReportMonthly
   **   ~~~   ** ..Variable name=COOLING COIL TOTAL COOLING RATE not valid for this simulation.
   **   ~~~   ** ..i.e., Variable name=CORNER_CLASS_2_POD_3_ZN_1_FLR_1 VAV BOX REHEAT COIL:COOLING COIL TOTAL COOLING RATE not valid for this simulation.
   ** Warning ** Processing Monthly Tabular Reports: CoilReportMonthly
   **   ~~~   ** ..Variable name=COOLING COIL SENSIBLE COOLING RATE not valid for this simulation.
   **   ~~~   ** ..i.e., Variable name=CORNER_CLASS_2_POD_3_ZN_1_FLR_1 VAV BOX REHEAT COIL:COOLING COIL SENSIBLE COOLING RATE not valid for this simulation.
   ** Warning ** Processing Monthly Tabular Reports: CoilReportMonthly
   **   ~~~   ** ..Variable name=COOLING COIL WETTED AREA FRACTION not valid for this simulation.
   **   ~~~   ** ..i.e., Variable name=CORNER_CLASS_2_POD_3_ZN_1_FLR_1 VAV BOX REHEAT COIL:COOLING COIL WETTED AREA FRACTION not valid for this simulation.
   ** Warning ** Processing Monthly Tabular Reports: CoilReportMonthly
   **   ~~~   ** ..Variable name=COOLING COIL TOTAL COOLING ENERGY not valid for this simulation.
   **   ~~~   ** ..i.e., Variable name=CORNER_CLASS_2_POD_3_ZN_1_FLR_2 VAV BOX REHEAT COIL:COOLING COIL TOTAL COOLING ENERGY not valid for this simulation.
   ** Warning ** Processing Monthly Tabular Reports: CoilReportMonthly
   **   ~~~   ** ..Variable name=COOLING COIL SENSIBLE COOLING ENERGY not valid for this simulation.
   **   ~~~   ** ..i.e., Variable name=CORNER_CLASS_2_POD_3_ZN_1_FLR_2 VAV BOX REHEAT COIL:COOLING COIL SENSIBLE COOLING ENERGY not valid for this simulation.
   ** Warning ** Processing Monthly Tabular Reports: CoilReportMonthly
   **   ~~~   ** ..Variable name=COOLING COIL TOTAL COOLING RATE not valid for this simulation.
   **   ~~~   ** ..i.e., Variable name=CORNER_CLASS_2_POD_3_ZN_1_FLR_2 VAV BOX REHEAT COIL:COOLING COIL TOTAL COOLING RATE not valid for this simulation.
   ** Warning ** Processing Monthly Tabular Reports: CoilReportMonthly
   **   ~~~   ** ..Variable name=COOLING COIL SENSIBLE COOLING RATE not valid for this simulation.
   **   ~~~   ** ..i.e., Variable name=CORNER_CLASS_2_POD_3_ZN_1_FLR_2 VAV BOX REHEAT COIL:COOLING COIL SENSIBLE COOLING RATE not valid for this simulation.
   ** Warning ** Processing Monthly Tabular Reports: CoilReportMonthly
   **   ~~~   ** ..Variable name=COOLING COIL WETTED AREA FRACTION not valid for this simulation.
   **   ~~~   ** ..i.e., Variable name=CORNER_CLASS_2_POD_3_ZN_1_FLR_2 VAV BOX REHEAT COIL:COOLING COIL WETTED AREA FRACTION not valid for this simulation.
   ** Warning ** Processing Monthly Tabular Reports: CoilReportMonthly
   **   ~~~   ** ..Variable name=COOLING COIL TOTAL COOLING ENERGY not valid for this simulation.
   **   ~~~   ** ..i.e., Variable name=MULT_CLASS_2_POD_3_ZN_1_FLR_1 VAV BOX REHEAT COIL:COOLING COIL TOTAL COOLING ENERGY not valid for this simulation.
   ** Warning ** Processing Monthly Tabular Reports: CoilReportMonthly
   **   ~~~   ** ..Variable name=COOLING COIL SENSIBLE COOLING ENERGY not valid for this simulation.
   **   ~~~   ** ..i.e., Variable name=MULT_CLASS_2_POD_3_ZN_1_FLR_1 VAV BOX REHEAT COIL:COOLING COIL SENSIBLE COOLING ENERGY not valid for this simulation.
   ** Warning ** Processing Monthly Tabular Reports: CoilReportMonthly
   **   ~~~   ** ..Variable name=COOLING COIL TOTAL COOLING RATE not valid for this simulation.
   **   ~~~   ** ..i.e., Variable name=MULT_CLASS_2_POD_3_ZN_1_FLR_1 VAV BOX REHEAT COIL:COOLING COIL TOTAL COOLING RATE not valid for this simulation.
   ** Warning ** Processing Monthly Tabular Reports: CoilReportMonthly
   **   ~~~   ** ..Variable name=COOLING COIL SENSIBLE COOLING RATE not valid for this simulation.
   **   ~~~   ** ..i.e., Variable name=MULT_CLASS_2_POD_3_ZN_1_FLR_1 VAV BOX REHEAT COIL:COOLING COIL SENSIBLE COOLING RATE not valid for this simulation.
   ** Warning ** Processing Monthly Tabular Reports: CoilReportMonthly
   **   ~~~   ** ..Variable name=COOLING COIL WETTED AREA FRACTION not valid for this simulation.
   **   ~~~   ** ..i.e., Variable name=MULT_CLASS_2_POD_3_ZN_1_FLR_1 VAV BOX REHEAT COIL:COOLING COIL WETTED AREA FRACTION not valid for this simulation.
   ** Warning ** Processing Monthly Tabular Reports: CoilReportMonthly
   **   ~~~   ** ..Variable name=COOLING COIL TOTAL COOLING ENERGY not valid for this simulation.
   **   ~~~   ** ..i.e., Variable name=MULT_CLASS_2_POD_3_ZN_1_FLR_2 VAV BOX REHEAT COIL:COOLING COIL TOTAL COOLING ENERGY not valid for this simulation.
   ** Warning ** Processing Monthly Tabular Reports: CoilReportMonthly
   **   ~~~   ** ..Variable name=COOLING COIL SENSIBLE COOLING ENERGY not valid for this simulation.
   **   ~~~   ** ..i.e., Variable name=MULT_CLASS_2_POD_3_ZN_1_FLR_2 VAV BOX REHEAT COIL:COOLING COIL SENSIBLE COOLING ENERGY not valid for this simulation.
   ** Warning ** Processing Monthly Tabular Reports: CoilReportMonthly
   **   ~~~   ** ..Variable name=COOLING COIL TOTAL COOLING RATE not valid for this simulation.
   **   ~~~   ** ..i.e., Variable name=MULT_CLASS_2_POD_3_ZN_1_FLR_2 VAV BOX REHEAT COIL:COOLING COIL TOTAL COOLING RATE not valid for this simulation.
   ** Warning ** Processing Monthly Tabular Reports: CoilReportMonthly
   **   ~~~   ** ..Variable name=COOLING COIL SENSIBLE COOLING RATE not valid for this simulation.
   **   ~~~   ** ..i.e., Variable name=MULT_CLASS_2_POD_3_ZN_1_FLR_2 VAV BOX REHEAT COIL:COOLING COIL SENSIBLE COOLING RATE not valid for this simulation.
   ** Warning ** Processing Monthly Tabular Reports: CoilReportMonthly
   **   ~~~   ** ..Variable name=COOLING COIL WETTED AREA FRACTION not valid for this simulation.
   **   ~~~   ** ..i.e., Variable name=MULT_CLASS_2_POD_3_ZN_1_FLR_2 VAV BOX REHEAT COIL:COOLING COIL WETTED AREA FRACTION not valid for this simulation.
   ** Warning ** Processing Monthly Tabular Reports: CoilReportMonthly
   **   ~~~   ** ..Variable name=COOLING COIL TOTAL COOLING ENERGY not valid for this simulation.
   **   ~~~   ** ..i.e., Variable name=VAV_OTHER HEATING COIL:COOLING COIL TOTAL COOLING ENERGY not valid for this simulation.
   ** Warning ** Processing Monthly Tabular Reports: CoilReportMonthly
   **   ~~~   ** ..Variable name=COOLING COIL SENSIBLE COOLING ENERGY not valid for this simulation.
   **   ~~~   ** ..i.e., Variable name=VAV_OTHER HEATING COIL:COOLING COIL SENSIBLE COOLING ENERGY not valid for this simulation.
   ** Warning ** Processing Monthly Tabular Reports: CoilReportMonthly
   **   ~~~   ** ..Variable name=COOLING COIL TOTAL COOLING RATE not valid for this simulation.
   **   ~~~   ** ..i.e., Variable name=VAV_OTHER HEATING COIL:COOLING COIL TOTAL COOLING RATE not valid for this simulation.
   ** Warning ** Processing Monthly Tabular Reports: CoilReportMonthly
   **   ~~~   ** ..Variable name=COOLING COIL SENSIBLE COOLING RATE not valid for this simulation.
   **   ~~~   ** ..i.e., Variable name=VAV_OTHER HEATING COIL:COOLING COIL SENSIBLE COOLING RATE not valid for this simulation.
   ** Warning ** Processing Monthly Tabular Reports: CoilReportMonthly
   **   ~~~   ** ..Variable name=COOLING COIL WETTED AREA FRACTION not valid for this simulation.
   **   ~~~   ** ..i.e., Variable name=VAV_OTHER HEATING COIL:COOLING COIL WETTED AREA FRACTION not valid for this simulation.
   ** Warning ** Processing Monthly Tabular Reports: CoilReportMonthly
   **   ~~~   ** ..Variable name=COOLING COIL TOTAL COOLING ENERGY not valid for this simulation.
   **   ~~~   ** ..i.e., Variable name=MAIN_CORRIDOR_ZN_1_FLR_1 VAV BOX REHEAT COIL:COOLING COIL TOTAL COOLING ENERGY not valid for this simulation.
   ** Warning ** Processing Monthly Tabular Reports: CoilReportMonthly
   **   ~~~   ** ..Variable name=COOLING COIL SENSIBLE COOLING ENERGY not valid for this simulation.
   **   ~~~   ** ..i.e., Variable name=MAIN_CORRIDOR_ZN_1_FLR_1 VAV BOX REHEAT COIL:COOLING COIL SENSIBLE COOLING ENERGY not valid for this simulation.
   ** Warning ** Processing Monthly Tabular Reports: CoilReportMonthly
   **   ~~~   ** ..Variable name=COOLING COIL TOTAL COOLING RATE not valid for this simulation.
   **   ~~~   ** ..i.e., Variable name=MAIN_CORRIDOR_ZN_1_FLR_1 VAV BOX REHEAT COIL:COOLING COIL TOTAL COOLING RATE not valid for this simulation.
   ** Warning ** Processing Monthly Tabular Reports: CoilReportMonthly
   **   ~~~   ** ..Variable name=COOLING COIL SENSIBLE COOLING RATE not valid for this simulation.
   **   ~~~   ** ..i.e., Variable name=MAIN_CORRIDOR_ZN_1_FLR_1 VAV BOX REHEAT COIL:COOLING COIL SENSIBLE COOLING RATE not valid for this simulation.
   ** Warning ** Processing Monthly Tabular Reports: CoilReportMonthly
   **   ~~~   ** ..Variable name=COOLING COIL WETTED AREA FRACTION not valid for this simulation.
   **   ~~~   ** ..i.e., Variable name=MAIN_CORRIDOR_ZN_1_FLR_1 VAV BOX REHEAT COIL:COOLING COIL WETTED AREA FRACTION not valid for this simulation.
   ** Warning ** Processing Monthly Tabular Reports: CoilReportMonthly
   **   ~~~   ** ..Variable name=COOLING COIL TOTAL COOLING ENERGY not valid for this simulation.
   **   ~~~   ** ..i.e., Variable name=MAIN_CORRIDOR_ZN_1_FLR_2 VAV BOX REHEAT COIL:COOLING COIL TOTAL COOLING ENERGY not valid for this simulation.
   ** Warning ** Processing Monthly Tabular Reports: CoilReportMonthly
   **   ~~~   ** ..Variable name=COOLING COIL SENSIBLE COOLING ENERGY not valid for this simulation.
   **   ~~~   ** ..i.e., Variable name=MAIN_CORRIDOR_ZN_1_FLR_2 VAV BOX REHEAT COIL:COOLING COIL SENSIBLE COOLING ENERGY not valid for this simulation.
   ** Warning ** Processing Monthly Tabular Reports: CoilReportMonthly
   **   ~~~   ** ..Variable name=COOLING COIL TOTAL COOLING RATE not valid for this simulation.
   **   ~~~   ** ..i.e., Variable name=MAIN_CORRIDOR_ZN_1_FLR_2 VAV BOX REHEAT COIL:COOLING COIL TOTAL COOLING RATE not valid for this simulation.
   ** Warning ** Processing Monthly Tabular Reports: CoilReportMonthly
   **   ~~~   ** ..Variable name=COOLING COIL SENSIBLE COOLING RATE not valid for this simulation.
   **   ~~~   ** ..i.e., Variable name=MAIN_CORRIDOR_ZN_1_FLR_2 VAV BOX REHEAT COIL:COOLING COIL SENSIBLE COOLING RATE not valid for this simulation.
   ** Warning ** Processing Monthly Tabular Reports: CoilReportMonthly
   **   ~~~   ** ..Variable name=COOLING COIL WETTED AREA FRACTION not valid for this simulation.
   **   ~~~   ** ..i.e., Variable name=MAIN_CORRIDOR_ZN_1_FLR_2 VAV BOX REHEAT COIL:COOLING COIL WETTED AREA FRACTION not valid for this simulation.
   ** Warning ** Processing Monthly Tabular Reports: CoilReportMonthly
   **   ~~~   ** ..Variable name=COOLING COIL TOTAL COOLING ENERGY not valid for this simulation.
   **   ~~~   ** ..i.e., Variable name=LOBBY_ZN_1_FLR_1 VAV BOX REHEAT COIL:COOLING COIL TOTAL COOLING ENERGY not valid for this simulation.
   ** Warning ** Processing Monthly Tabular Reports: CoilReportMonthly
   **   ~~~   ** ..Variable name=COOLING COIL SENSIBLE COOLING ENERGY not valid for this simulation.
   **   ~~~   ** ..i.e., Variable name=LOBBY_ZN_1_FLR_1 VAV BOX REHEAT COIL:COOLING COIL SENSIBLE COOLING ENERGY not valid for this simulation.
   ** Warning ** Processing Monthly Tabular Reports: CoilReportMonthly
   **   ~~~   ** ..Variable name=COOLING COIL TOTAL COOLING RATE not valid for this simulation.
   **   ~~~   ** ..i.e., Variable name=LOBBY_ZN_1_FLR_1 VAV BOX REHEAT COIL:COOLING COIL TOTAL COOLING RATE not valid for this simulation.
   ** Warning ** Processing Monthly Tabular Reports: CoilReportMonthly
   **   ~~~   ** ..Variable name=COOLING COIL SENSIBLE COOLING RATE not valid for this simulation.
   **   ~~~   ** ..i.e., Variable name=LOBBY_ZN_1_FLR_1 VAV BOX REHEAT COIL:COOLING COIL SENSIBLE COOLING RATE not valid for this simulation.
   ** Warning ** Processing Monthly Tabular Reports: CoilReportMonthly
   **   ~~~   ** ..Variable name=COOLING COIL WETTED AREA FRACTION not valid for this simulation.
   **   ~~~   ** ..i.e., Variable name=LOBBY_ZN_1_FLR_1 VAV BOX REHEAT COIL:COOLING COIL WETTED AREA FRACTION not valid for this simulation.
   ** Warning ** Processing Monthly Tabular Reports: CoilReportMonthly
   **   ~~~   ** ..Variable name=COOLING COIL TOTAL COOLING ENERGY not valid for this simulation.
   **   ~~~   ** ..i.e., Variable name=LOBBY_ZN_1_FLR_2 VAV BOX REHEAT COIL:COOLING COIL TOTAL COOLING ENERGY not valid for this simulation.
   ** Warning ** Processing Monthly Tabular Reports: CoilReportMonthly
   **   ~~~   ** ..Variable name=COOLING COIL SENSIBLE COOLING ENERGY not valid for this simulation.
   **   ~~~   ** ..i.e., Variable name=LOBBY_ZN_1_FLR_2 VAV BOX REHEAT COIL:COOLING COIL SENSIBLE COOLING ENERGY not valid for this simulation.
   ** Warning ** Processing Monthly Tabular Reports: CoilReportMonthly
   **   ~~~   ** ..Variable name=COOLING COIL TOTAL COOLING RATE not valid for this simulation.
   **   ~~~   ** ..i.e., Variable name=LOBBY_ZN_1_FLR_2 VAV BOX REHEAT COIL:COOLING COIL TOTAL COOLING RATE not valid for this simulation.
   ** Warning ** Processing Monthly Tabular Reports: CoilReportMonthly
   **   ~~~   ** ..Variable name=COOLING COIL SENSIBLE COOLING RATE not valid for this simulation.
   **   ~~~   ** ..i.e., Variable name=LOBBY_ZN_1_FLR_2 VAV BOX REHEAT COIL:COOLING COIL SENSIBLE COOLING RATE not valid for this simulation.
   ** Warning ** Processing Monthly Tabular Reports: CoilReportMonthly
   **   ~~~   ** ..Variable name=COOLING COIL WETTED AREA FRACTION not valid for this simulation.
   **   ~~~   ** ..i.e., Variable name=LOBBY_ZN_1_FLR_2 VAV BOX REHEAT COIL:COOLING COIL WETTED AREA FRACTION not valid for this simulation.
   ** Warning ** Processing Monthly Tabular Reports: CoilReportMonthly
   **   ~~~   ** ..Variable name=COOLING COIL TOTAL COOLING ENERGY not valid for this simulation.
   **   ~~~   ** ..i.e., Variable name=BATHROOMS_ZN_1_FLR_1 VAV BOX REHEAT COIL:COOLING COIL TOTAL COOLING ENERGY not valid for this simulation.
   ** Warning ** Processing Monthly Tabular Reports: CoilReportMonthly
   **   ~~~   ** ..Variable name=COOLING COIL SENSIBLE COOLING ENERGY not valid for this simulation.
   **   ~~~   ** ..i.e., Variable name=BATHROOMS_ZN_1_FLR_1 VAV BOX REHEAT COIL:COOLING COIL SENSIBLE COOLING ENERGY not valid for this simulation.
   ** Warning ** Processing Monthly Tabular Reports: CoilReportMonthly
   **   ~~~   ** ..Variable name=COOLING COIL TOTAL COOLING RATE not valid for this simulation.
   **   ~~~   ** ..i.e., Variable name=BATHROOMS_ZN_1_FLR_1 VAV BOX REHEAT COIL:COOLING COIL TOTAL COOLING RATE not valid for this simulation.
   ** Warning ** Processing Monthly Tabular Reports: CoilReportMonthly
   **   ~~~   ** ..Variable name=COOLING COIL SENSIBLE COOLING RATE not valid for this simulation.
   **   ~~~   ** ..i.e., Variable name=BATHROOMS_ZN_1_FLR_1 VAV BOX REHEAT COIL:COOLING COIL SENSIBLE COOLING RATE not valid for this simulation.
   ** Warning ** Processing Monthly Tabular Reports: CoilReportMonthly
   **   ~~~   ** ..Variable name=COOLING COIL WETTED AREA FRACTION not valid for this simulation.
   **   ~~~   ** ..i.e., Variable name=BATHROOMS_ZN_1_FLR_1 VAV BOX REHEAT COIL:COOLING COIL WETTED AREA FRACTION not valid for this simulation.
   ** Warning ** Processing Monthly Tabular Reports: CoilReportMonthly
   **   ~~~   ** ..Variable name=COOLING COIL TOTAL COOLING ENERGY not valid for this simulation.
   **   ~~~   ** ..i.e., Variable name=BATHROOMS_ZN_1_FLR_2 VAV BOX REHEAT COIL:COOLING COIL TOTAL COOLING ENERGY not valid for this simulation.
   ** Warning ** Processing Monthly Tabular Reports: CoilReportMonthly
   **   ~~~   ** ..Variable name=COOLING COIL SENSIBLE COOLING ENERGY not valid for this simulation.
   **   ~~~   ** ..i.e., Variable name=BATHROOMS_ZN_1_FLR_2 VAV BOX REHEAT COIL:COOLING COIL SENSIBLE COOLING ENERGY not valid for this simulation.
   ** Warning ** Processing Monthly Tabular Reports: CoilReportMonthly
   **   ~~~   ** ..Variable name=COOLING COIL TOTAL COOLING RATE not valid for this simulation.
   **   ~~~   ** ..i.e., Variable name=BATHROOMS_ZN_1_FLR_2 VAV BOX REHEAT COIL:COOLING COIL TOTAL COOLING RATE not valid for this simulation.
   ** Warning ** Processing Monthly Tabular Reports: CoilReportMonthly
   **   ~~~   ** ..Variable name=COOLING COIL SENSIBLE COOLING RATE not valid for this simulation.
   **   ~~~   ** ..i.e., Variable name=BATHROOMS_ZN_1_FLR_2 VAV BOX REHEAT COIL:COOLING COIL SENSIBLE COOLING RATE not valid for this simulation.
   ** Warning ** Processing Monthly Tabular Reports: CoilReportMonthly
   **   ~~~   ** ..Variable name=COOLING COIL WETTED AREA FRACTION not valid for this simulation.
   **   ~~~   ** ..i.e., Variable name=BATHROOMS_ZN_1_FLR_2 VAV BOX REHEAT COIL:COOLING COIL WETTED AREA FRACTION not valid for this simulation.
   ** Warning ** Processing Monthly Tabular Reports: CoilReportMonthly
   **   ~~~   ** ..Variable name=COOLING COIL TOTAL COOLING ENERGY not valid for this simulation.
   **   ~~~   ** ..i.e., Variable name=OFFICES_ZN_1_FLR_1 VAV BOX REHEAT COIL:COOLING COIL TOTAL COOLING ENERGY not valid for this simulation.
   ** Warning ** Processing Monthly Tabular Reports: CoilReportMonthly
   **   ~~~   ** ..Variable name=COOLING COIL SENSIBLE COOLING ENERGY not valid for this simulation.
   **   ~~~   ** ..i.e., Variable name=OFFICES_ZN_1_FLR_1 VAV BOX REHEAT COIL:COOLING COIL SENSIBLE COOLING ENERGY not valid for this simulation.
   ** Warning ** Processing Monthly Tabular Reports: CoilReportMonthly
   **   ~~~   ** ..Variable name=COOLING COIL TOTAL COOLING RATE not valid for this simulation.
   **   ~~~   ** ..i.e., Variable name=OFFICES_ZN_1_FLR_1 VAV BOX REHEAT COIL:COOLING COIL TOTAL COOLING RATE not valid for this simulation.
   ** Warning ** Processing Monthly Tabular Reports: CoilReportMonthly
   **   ~~~   ** ..Variable name=COOLING COIL SENSIBLE COOLING RATE not valid for this simulation.
   **   ~~~   ** ..i.e., Variable name=OFFICES_ZN_1_FLR_1 VAV BOX REHEAT COIL:COOLING COIL SENSIBLE COOLING RATE not valid for this simulation.
   ** Warning ** Processing Monthly Tabular Reports: CoilReportMonthly
   **   ~~~   ** ..Variable name=COOLING COIL WETTED AREA FRACTION not valid for this simulation.
   **   ~~~   ** ..i.e., Variable name=OFFICES_ZN_1_FLR_1 VAV BOX REHEAT COIL:COOLING COIL WETTED AREA FRACTION not valid for this simulation.
   ** Warning ** Processing Monthly Tabular Reports: CoilReportMonthly
   **   ~~~   ** ..Variable name=COOLING COIL TOTAL COOLING ENERGY not valid for this simulation.
   **   ~~~   ** ..i.e., Variable name=OFFICES_ZN_1_FLR_2 VAV BOX REHEAT COIL:COOLING COIL TOTAL COOLING ENERGY not valid for this simulation.
   ** Warning ** Processing Monthly Tabular Reports: CoilReportMonthly
   **   ~~~   ** ..Variable name=COOLING COIL SENSIBLE COOLING ENERGY not valid for this simulation.
   **   ~~~   ** ..i.e., Variable name=OFFICES_ZN_1_FLR_2 VAV BOX REHEAT COIL:COOLING COIL SENSIBLE COOLING ENERGY not valid for this simulation.
   ** Warning ** Processing Monthly Tabular Reports: CoilReportMonthly
   **   ~~~   ** ..Variable name=COOLING COIL TOTAL COOLING RATE not valid for this simulation.
   **   ~~~   ** ..i.e., Variable name=OFFICES_ZN_1_FLR_2 VAV BOX REHEAT COIL:COOLING COIL TOTAL COOLING RATE not valid for this simulation.
   ** Warning ** Processing Monthly Tabular Reports: CoilReportMonthly
   **   ~~~   ** ..Variable name=COOLING COIL SENSIBLE COOLING RATE not valid for this simulation.
   **   ~~~   ** ..i.e., Variable name=OFFICES_ZN_1_FLR_2 VAV BOX REHEAT COIL:COOLING COIL SENSIBLE COOLING RATE not valid for this simulation.
   ** Warning ** Processing Monthly Tabular Reports: CoilReportMonthly
   **   ~~~   ** ..Variable name=COOLING COIL WETTED AREA FRACTION not valid for this simulation.
   **   ~~~   ** ..i.e., Variable name=OFFICES_ZN_1_FLR_2 VAV BOX REHEAT COIL:COOLING COIL WETTED AREA FRACTION not valid for this simulation.
   ** Warning ** Processing Monthly Tabular Reports: CoilReportMonthly
   **   ~~~   ** ..Variable name=COOLING COIL TOTAL COOLING ENERGY not valid for this simulation.
   **   ~~~   ** ..i.e., Variable name=LIBRARY_MEDIA_CENTER_ZN_1_FLR_2 VAV BOX REHEAT COIL:COOLING COIL TOTAL COOLING ENERGY not valid for this simulation.
   ** Warning ** Processing Monthly Tabular Reports: CoilReportMonthly
   **   ~~~   ** ..Variable name=COOLING COIL SENSIBLE COOLING ENERGY not valid for this simulation.
   **   ~~~   ** ..i.e., Variable name=LIBRARY_MEDIA_CENTER_ZN_1_FLR_2 VAV BOX REHEAT COIL:COOLING COIL SENSIBLE COOLING ENERGY not valid for this simulation.
   ** Warning ** Processing Monthly Tabular Reports: CoilReportMonthly
   **   ~~~   ** ..Variable name=COOLING COIL TOTAL COOLING RATE not valid for this simulation.
   **   ~~~   ** ..i.e., Variable name=LIBRARY_MEDIA_CENTER_ZN_1_FLR_2 VAV BOX REHEAT COIL:COOLING COIL TOTAL COOLING RATE not valid for this simulation.
   ** Warning ** Processing Monthly Tabular Reports: CoilReportMonthly
   **   ~~~   ** ..Variable name=COOLING COIL SENSIBLE COOLING RATE not valid for this simulation.
   **   ~~~   ** ..i.e., Variable name=LIBRARY_MEDIA_CENTER_ZN_1_FLR_2 VAV BOX REHEAT COIL:COOLING COIL SENSIBLE COOLING RATE not valid for this simulation.
   ** Warning ** Processing Monthly Tabular Reports: CoilReportMonthly
   **   ~~~   ** ..Variable name=COOLING COIL WETTED AREA FRACTION not valid for this simulation.
   **   ~~~   ** ..i.e., Variable name=LIBRARY_MEDIA_CENTER_ZN_1_FLR_2 VAV BOX REHEAT COIL:COOLING COIL WETTED AREA FRACTION not valid for this simulation.
   ** Warning ** Processing Monthly Tabular Reports: CoilReportMonthly
   **   ~~~   ** ..Variable name=COOLING COIL TOTAL COOLING ENERGY not valid for this simulation.
   **   ~~~   ** ..i.e., Variable name=MECH_ZN_1_FLR_1 VAV BOX REHEAT COIL:COOLING COIL TOTAL COOLING ENERGY not valid for this simulation.
   ** Warning ** Processing Monthly Tabular Reports: CoilReportMonthly
   **   ~~~   ** ..Variable name=COOLING COIL SENSIBLE COOLING ENERGY not valid for this simulation.
   **   ~~~   ** ..i.e., Variable name=MECH_ZN_1_FLR_1 VAV BOX REHEAT COIL:COOLING COIL SENSIBLE COOLING ENERGY not valid for this simulation.
   ** Warning ** Processing Monthly Tabular Reports: CoilReportMonthly
   **   ~~~   ** ..Variable name=COOLING COIL TOTAL COOLING RATE not valid for this simulation.
   **   ~~~   ** ..i.e., Variable name=MECH_ZN_1_FLR_1 VAV BOX REHEAT COIL:COOLING COIL TOTAL COOLING RATE not valid for this simulation.
   ** Warning ** Processing Monthly Tabular Reports: CoilReportMonthly
   **   ~~~   ** ..Variable name=COOLING COIL SENSIBLE COOLING RATE not valid for this simulation.
   **   ~~~   ** ..i.e., Variable name=MECH_ZN_1_FLR_1 VAV BOX REHEAT COIL:COOLING COIL SENSIBLE COOLING RATE not valid for this simulation.
   ** Warning ** Processing Monthly Tabular Reports: CoilReportMonthly
   **   ~~~   ** ..Variable name=COOLING COIL WETTED AREA FRACTION not valid for this simulation.
   **   ~~~   ** ..i.e., Variable name=MECH_ZN_1_FLR_1 VAV BOX REHEAT COIL:COOLING COIL WETTED AREA FRACTION not valid for this simulation.
   ** Warning ** Processing Monthly Tabular Reports: CoilReportMonthly
   **   ~~~   ** ..Variable name=COOLING COIL TOTAL COOLING ENERGY not valid for this simulation.
   **   ~~~   ** ..i.e., Variable name=MECH_ZN_1_FLR_2 VAV BOX REHEAT COIL:COOLING COIL TOTAL COOLING ENERGY not valid for this simulation.
   ** Warning ** Processing Monthly Tabular Reports: CoilReportMonthly
   **   ~~~   ** ..Variable name=COOLING COIL SENSIBLE COOLING ENERGY not valid for this simulation.
   **   ~~~   ** ..i.e., Variable name=MECH_ZN_1_FLR_2 VAV BOX REHEAT COIL:COOLING COIL SENSIBLE COOLING ENERGY not valid for this simulation.
   ** Warning ** Processing Monthly Tabular Reports: CoilReportMonthly
   **   ~~~   ** ..Variable name=COOLING COIL TOTAL COOLING RATE not valid for this simulation.
   **   ~~~   ** ..i.e., Variable name=MECH_ZN_1_FLR_2 VAV BOX REHEAT COIL:COOLING COIL TOTAL COOLING RATE not valid for this simulation.
   ** Warning ** Processing Monthly Tabular Reports: CoilReportMonthly
   **   ~~~   ** ..Variable name=COOLING COIL SENSIBLE COOLING RATE not valid for this simulation.
   **   ~~~   ** ..i.e., Variable name=MECH_ZN_1_FLR_2 VAV BOX REHEAT COIL:COOLING COIL SENSIBLE COOLING RATE not valid for this simulation.
   ** Warning ** Processing Monthly Tabular Reports: CoilReportMonthly
   **   ~~~   ** ..Variable name=COOLING COIL WETTED AREA FRACTION not valid for this simulation.
   **   ~~~   ** ..i.e., Variable name=MECH_ZN_1_FLR_2 VAV BOX REHEAT COIL:COOLING COIL WETTED AREA FRACTION not valid for this simulation.
   ** Warning ** Processing Monthly Tabular Reports: CoilReportMonthly
   **   ~~~   ** ..Variable name=COOLING COIL TOTAL COOLING ENERGY not valid for this simulation.
   **   ~~~   ** ..i.e., Variable name=PSZ-AC_3:7 HEATING COIL:COOLING COIL TOTAL COOLING ENERGY not valid for this simulation.
   ** Warning ** Processing Monthly Tabular Reports: CoilReportMonthly
   **   ~~~   ** ..Variable name=COOLING COIL SENSIBLE COOLING ENERGY not valid for this simulation.
   **   ~~~   ** ..i.e., Variable name=PSZ-AC_3:7 HEATING COIL:COOLING COIL SENSIBLE COOLING ENERGY not valid for this simulation.
   ** Warning ** Processing Monthly Tabular Reports: CoilReportMonthly
   **   ~~~   ** ..Variable name=COOLING COIL TOTAL COOLING RATE not valid for this simulation.
   **   ~~~   ** ..i.e., Variable name=PSZ-AC_3:7 HEATING COIL:COOLING COIL TOTAL COOLING RATE not valid for this simulation.
   ** Warning ** Processing Monthly Tabular Reports: CoilReportMonthly
   **   ~~~   ** ..Variable name=COOLING COIL SENSIBLE COOLING RATE not valid for this simulation.
   **   ~~~   ** ..i.e., Variable name=PSZ-AC_3:7 HEATING COIL:COOLING COIL SENSIBLE COOLING RATE not valid for this simulation.
   ** Warning ** Processing Monthly Tabular Reports: CoilReportMonthly
   **   ~~~   ** ..Variable name=COOLING COIL WETTED AREA FRACTION not valid for this simulation.
   **   ~~~   ** ..i.e., Variable name=PSZ-AC_3:7 HEATING COIL:COOLING COIL WETTED AREA FRACTION not valid for this simulation.
   ** Warning ** Processing Monthly Tabular Reports: CoilReportMonthly
   **   ~~~   ** ..Variable name=COOLING COIL TOTAL COOLING ENERGY not valid for this simulation.
   **   ~~~   ** ..i.e., Variable name=PSZ-AC_1:5 HEATING COIL:COOLING COIL TOTAL COOLING ENERGY not valid for this simulation.
   ** Warning ** Processing Monthly Tabular Reports: CoilReportMonthly
   **   ~~~   ** ..Variable name=COOLING COIL SENSIBLE COOLING ENERGY not valid for this simulation.
   **   ~~~   ** ..i.e., Variable name=PSZ-AC_1:5 HEATING COIL:COOLING COIL SENSIBLE COOLING ENERGY not valid for this simulation.
   ** Warning ** Processing Monthly Tabular Reports: CoilReportMonthly
   **   ~~~   ** ..Variable name=COOLING COIL TOTAL COOLING RATE not valid for this simulation.
   **   ~~~   ** ..i.e., Variable name=PSZ-AC_1:5 HEATING COIL:COOLING COIL TOTAL COOLING RATE not valid for this simulation.
   ** Warning ** Processing Monthly Tabular Reports: CoilReportMonthly
   **   ~~~   ** ..Variable name=COOLING COIL SENSIBLE COOLING RATE not valid for this simulation.
   **   ~~~   ** ..i.e., Variable name=PSZ-AC_1:5 HEATING COIL:COOLING COIL SENSIBLE COOLING RATE not valid for this simulation.
   ** Warning ** Processing Monthly Tabular Reports: CoilReportMonthly
   **   ~~~   ** ..Variable name=COOLING COIL WETTED AREA FRACTION not valid for this simulation.
   **   ~~~   ** ..i.e., Variable name=PSZ-AC_1:5 HEATING COIL:COOLING COIL WETTED AREA FRACTION not valid for this simulation.
   ** Warning ** Processing Monthly Tabular Reports: CoilReportMonthly
   **   ~~~   ** ..Variable name=COOLING COIL TOTAL COOLING ENERGY not valid for this simulation.
   **   ~~~   ** ..i.e., Variable name=PSZ-AC_2:6 HEATING COIL:COOLING COIL TOTAL COOLING ENERGY not valid for this simulation.
   ** Warning ** Processing Monthly Tabular Reports: CoilReportMonthly
   **   ~~~   ** ..Variable name=COOLING COIL SENSIBLE COOLING ENERGY not valid for this simulation.
   **   ~~~   ** ..i.e., Variable name=PSZ-AC_2:6 HEATING COIL:COOLING COIL SENSIBLE COOLING ENERGY not valid for this simulation.
   ** Warning ** Processing Monthly Tabular Reports: CoilReportMonthly
   **   ~~~   ** ..Variable name=COOLING COIL TOTAL COOLING RATE not valid for this simulation.
   **   ~~~   ** ..i.e., Variable name=PSZ-AC_2:6 HEATING COIL:COOLING COIL TOTAL COOLING RATE not valid for this simulation.
   ** Warning ** Processing Monthly Tabular Reports: CoilReportMonthly
   **   ~~~   ** ..Variable name=COOLING COIL SENSIBLE COOLING RATE not valid for this simulation.
   **   ~~~   ** ..i.e., Variable name=PSZ-AC_2:6 HEATING COIL:COOLING COIL SENSIBLE COOLING RATE not valid for this simulation.
   ** Warning ** Processing Monthly Tabular Reports: CoilReportMonthly
   **   ~~~   ** ..Variable name=COOLING COIL WETTED AREA FRACTION not valid for this simulation.
   **   ~~~   ** ..i.e., Variable name=PSZ-AC_2:6 HEATING COIL:COOLING COIL WETTED AREA FRACTION not valid for this simulation.
   ** Warning ** Processing Monthly Tabular Reports: CoilReportMonthly
   **   ~~~   ** ..Variable name=COOLING COIL TOTAL COOLING ENERGY not valid for this simulation.
   **   ~~~   ** ..i.e., Variable name=PSZ-AC_4:8 HEATING COIL:COOLING COIL TOTAL COOLING ENERGY not valid for this simulation.
   ** Warning ** Processing Monthly Tabular Reports: CoilReportMonthly
   **   ~~~   ** ..Variable name=COOLING COIL SENSIBLE COOLING ENERGY not valid for this simulation.
   **   ~~~   ** ..i.e., Variable name=PSZ-AC_4:8 HEATING COIL:COOLING COIL SENSIBLE COOLING ENERGY not valid for this simulation.
   ** Warning ** Processing Monthly Tabular Reports: CoilReportMonthly
   **   ~~~   ** ..Variable name=COOLING COIL TOTAL COOLING RATE not valid for this simulation.
   **   ~~~   ** ..i.e., Variable name=PSZ-AC_4:8 HEATING COIL:COOLING COIL TOTAL COOLING RATE not valid for this simulation.
   ** Warning ** Processing Monthly Tabular Reports: CoilReportMonthly
   **   ~~~   ** ..Variable name=COOLING COIL SENSIBLE COOLING RATE not valid for this simulation.
   **   ~~~   ** ..i.e., Variable name=PSZ-AC_4:8 HEATING COIL:COOLING COIL SENSIBLE COOLING RATE not valid for this simulation.
   ** Warning ** Processing Monthly Tabular Reports: CoilReportMonthly
   **   ~~~   ** ..Variable name=COOLING COIL WETTED AREA FRACTION not valid for this simulation.
   **   ~~~   ** ..i.e., Variable name=PSZ-AC_4:8 HEATING COIL:COOLING COIL WETTED AREA FRACTION not valid for this simulation.
   ** Warning ** Processing Monthly Tabular Reports: CoilReportMonthly
   **   ~~~   ** ..Variable name=COOLING COIL TOTAL COOLING ENERGY not valid for this simulation.
   **   ~~~   ** ..i.e., Variable name=PSZ-AC_5:9 HEATING COIL:COOLING COIL TOTAL COOLING ENERGY not valid for this simulation.
   ** Warning ** Processing Monthly Tabular Reports: CoilReportMonthly
   **   ~~~   ** ..Variable name=COOLING COIL SENSIBLE COOLING ENERGY not valid for this simulation.
   **   ~~~   ** ..i.e., Variable name=PSZ-AC_5:9 HEATING COIL:COOLING COIL SENSIBLE COOLING ENERGY not valid for this simulation.
   ** Warning ** Processing Monthly Tabular Reports: CoilReportMonthly
   **   ~~~   ** ..Variable name=COOLING COIL TOTAL COOLING RATE not valid for this simulation.
   **   ~~~   ** ..i.e., Variable name=PSZ-AC_5:9 HEATING COIL:COOLING COIL TOTAL COOLING RATE not valid for this simulation.
   ** Warning ** Processing Monthly Tabular Reports: CoilReportMonthly
   **   ~~~   ** ..Variable name=COOLING COIL SENSIBLE COOLING RATE not valid for this simulation.
   **   ~~~   ** ..i.e., Variable name=PSZ-AC_5:9 HEATING COIL:COOLING COIL SENSIBLE COOLING RATE not valid for this simulation.
   ** Warning ** Processing Monthly Tabular Reports: CoilReportMonthly
   **   ~~~   ** ..Variable name=COOLING COIL WETTED AREA FRACTION not valid for this simulation.
   **   ~~~   ** ..i.e., Variable name=PSZ-AC_5:9 HEATING COIL:COOLING COIL WETTED AREA FRACTION not valid for this simulation.
   ** Warning ** Processing Monthly Tabular Reports: CoilReportMonthly
   **   ~~~   ** ..Variable name=HEATING COIL HEATING ENERGY not valid for this simulation.
   **   ~~~   ** ..i.e., Variable name=VAV_POD_1 COOLING COIL:HEATING COIL HEATING ENERGY not valid for this simulation.
   ** Warning ** Processing Monthly Tabular Reports: CoilReportMonthly
   **   ~~~   ** ..Variable name=HEATING COIL HEATING RATE not valid for this simulation.
   **   ~~~   ** ..i.e., Variable name=VAV_POD_1 COOLING COIL:HEATING COIL HEATING RATE not valid for this simulation.
   ** Warning ** Processing Monthly Tabular Reports: CoilReportMonthly
   **   ~~~   ** ..Variable name=HEATING COIL HEATING ENERGY not valid for this simulation.
   **   ~~~   ** ..i.e., Variable name=VAV_POD_2 COOLING COIL:HEATING COIL HEATING ENERGY not valid for this simulation.
   ** Warning ** Processing Monthly Tabular Reports: CoilReportMonthly
   **   ~~~   ** ..Variable name=HEATING COIL HEATING RATE not valid for this simulation.
   **   ~~~   ** ..i.e., Variable name=VAV_POD_2 COOLING COIL:HEATING COIL HEATING RATE not valid for this simulation.
   ** Warning ** Processing Monthly Tabular Reports: CoilReportMonthly
   **   ~~~   ** ..Variable name=HEATING COIL HEATING ENERGY not valid for this simulation.
   **   ~~~   ** ..i.e., Variable name=VAV_POD_3 COOLING COIL:HEATING COIL HEATING ENERGY not valid for this simulation.
   ** Warning ** Processing Monthly Tabular Reports: CoilReportMonthly
   **   ~~~   ** ..Variable name=HEATING COIL HEATING RATE not valid for this simulation.
   **   ~~~   ** ..i.e., Variable name=VAV_POD_3 COOLING COIL:HEATING COIL HEATING RATE not valid for this simulation.
   ** Warning ** Processing Monthly Tabular Reports: CoilReportMonthly
   **   ~~~   ** ..Variable name=HEATING COIL HEATING ENERGY not valid for this simulation.
   **   ~~~   ** ..i.e., Variable name=VAV_OTHER COOLING COIL:HEATING COIL HEATING ENERGY not valid for this simulation.
   ** Warning ** Processing Monthly Tabular Reports: CoilReportMonthly
   **   ~~~   ** ..Variable name=HEATING COIL HEATING RATE not valid for this simulation.
   **   ~~~   ** ..i.e., Variable name=VAV_OTHER COOLING COIL:HEATING COIL HEATING RATE not valid for this simulation.
   ** Warning ** Processing Monthly Tabular Reports: CoilReportMonthly
   **   ~~~   ** ..Variable name=HEATING COIL HEATING ENERGY not valid for this simulation.
   **   ~~~   ** ..i.e., Variable name=PSZ-AC_3:7 COOLING COIL:HEATING COIL HEATING ENERGY not valid for this simulation.
   ** Warning ** Processing Monthly Tabular Reports: CoilReportMonthly
   **   ~~~   ** ..Variable name=HEATING COIL HEATING RATE not valid for this simulation.
   **   ~~~   ** ..i.e., Variable name=PSZ-AC_3:7 COOLING COIL:HEATING COIL HEATING RATE not valid for this simulation.
   ** Warning ** Processing Monthly Tabular Reports: CoilReportMonthly
   **   ~~~   ** ..Variable name=COOLING COIL WETTED AREA FRACTION not valid for this simulation.
   **   ~~~   ** ..i.e., Variable name=PSZ-AC_3:7 COOLING COIL:COOLING COIL WETTED AREA FRACTION not valid for this simulation.
   ** Warning ** Processing Monthly Tabular Reports: CoilReportMonthly
   **   ~~~   ** ..Variable name=HEATING COIL HEATING ENERGY not valid for this simulation.
   **   ~~~   ** ..i.e., Variable name=PSZ-AC_1:5 COOLING COIL:HEATING COIL HEATING ENERGY not valid for this simulation.
   ** Warning ** Processing Monthly Tabular Reports: CoilReportMonthly
   **   ~~~   ** ..Variable name=HEATING COIL HEATING RATE not valid for this simulation.
   **   ~~~   ** ..i.e., Variable name=PSZ-AC_1:5 COOLING COIL:HEATING COIL HEATING RATE not valid for this simulation.
   ** Warning ** Processing Monthly Tabular Reports: CoilReportMonthly
   **   ~~~   ** ..Variable name=COOLING COIL WETTED AREA FRACTION not valid for this simulation.
   **   ~~~   ** ..i.e., Variable name=PSZ-AC_1:5 COOLING COIL:COOLING COIL WETTED AREA FRACTION not valid for this simulation.
   ** Warning ** Processing Monthly Tabular Reports: CoilReportMonthly
   **   ~~~   ** ..Variable name=HEATING COIL HEATING ENERGY not valid for this simulation.
   **   ~~~   ** ..i.e., Variable name=PSZ-AC_2:6 COOLING COIL:HEATING COIL HEATING ENERGY not valid for this simulation.
   ** Warning ** Processing Monthly Tabular Reports: CoilReportMonthly
   **   ~~~   ** ..Variable name=HEATING COIL HEATING RATE not valid for this simulation.
   **   ~~~   ** ..i.e., Variable name=PSZ-AC_2:6 COOLING COIL:HEATING COIL HEATING RATE not valid for this simulation.
   ** Warning ** Processing Monthly Tabular Reports: CoilReportMonthly
   **   ~~~   ** ..Variable name=COOLING COIL WETTED AREA FRACTION not valid for this simulation.
   **   ~~~   ** ..i.e., Variable name=PSZ-AC_2:6 COOLING COIL:COOLING COIL WETTED AREA FRACTION not valid for this simulation.
   ** Warning ** Processing Monthly Tabular Reports: CoilReportMonthly
   **   ~~~   ** ..Variable name=HEATING COIL HEATING ENERGY not valid for this simulation.
   **   ~~~   ** ..i.e., Variable name=PSZ-AC_4:8 COOLING COIL:HEATING COIL HEATING ENERGY not valid for this simulation.
   ** Warning ** Processing Monthly Tabular Reports: CoilReportMonthly
   **   ~~~   ** ..Variable name=HEATING COIL HEATING RATE not valid for this simulation.
   **   ~~~   ** ..i.e., Variable name=PSZ-AC_4:8 COOLING COIL:HEATING COIL HEATING RATE not valid for this simulation.
   ** Warning ** Processing Monthly Tabular Reports: CoilReportMonthly
   **   ~~~   ** ..Variable name=COOLING COIL WETTED AREA FRACTION not valid for this simulation.
   **   ~~~   ** ..i.e., Variable name=PSZ-AC_4:8 COOLING COIL:COOLING COIL WETTED AREA FRACTION not valid for this simulation.
   ** Warning ** Processing Monthly Tabular Reports: CoilReportMonthly
   **   ~~~   ** ..Variable name=HEATING COIL HEATING ENERGY not valid for this simulation.
   **   ~~~   ** ..i.e., Variable name=PSZ-AC_5:9 COOLING COIL:HEATING COIL HEATING ENERGY not valid for this simulation.
   ** Warning ** Processing Monthly Tabular Reports: CoilReportMonthly
   **   ~~~   ** ..Variable name=HEATING COIL HEATING RATE not valid for this simulation.
   **   ~~~   ** ..i.e., Variable name=PSZ-AC_5:9 COOLING COIL:HEATING COIL HEATING RATE not valid for this simulation.
   ** Warning ** Processing Monthly Tabular Reports: CoilReportMonthly
   **   ~~~   ** ..Variable name=COOLING COIL WETTED AREA FRACTION not valid for this simulation.
   **   ~~~   ** ..i.e., Variable name=PSZ-AC_5:9 COOLING COIL:COOLING COIL WETTED AREA FRACTION not valid for this simulation.
   ** Warning ** Processing Monthly Tabular Reports: AirLoopSystemEnergyAndWaterUseMonthly
   **   ~~~   ** ..Variable name=AIR SYSTEM NATURAL GAS ENERGY not valid for this simulation.
   ** Warning ** Processing Monthly Tabular Reports: AirLoopSystemEnergyAndWaterUseMonthly
   **   ~~~   ** ..Variable name=AIR SYSTEM NATURAL GAS ENERGY not valid for this simulation.
   **   ~~~   ** ..i.e., Variable name=VAV_POD_1:AIR SYSTEM NATURAL GAS ENERGY not valid for this simulation.
   ** Warning ** Processing Monthly Tabular Reports: AirLoopSystemEnergyAndWaterUseMonthly
   **   ~~~   ** ..Variable name=AIR SYSTEM NATURAL GAS ENERGY not valid for this simulation.
   **   ~~~   ** ..i.e., Variable name=VAV_POD_2:AIR SYSTEM NATURAL GAS ENERGY not valid for this simulation.
   ** Warning ** Processing Monthly Tabular Reports: AirLoopSystemEnergyAndWaterUseMonthly
   **   ~~~   ** ..Variable name=AIR SYSTEM NATURAL GAS ENERGY not valid for this simulation.
   **   ~~~   ** ..i.e., Variable name=VAV_POD_3:AIR SYSTEM NATURAL GAS ENERGY not valid for this simulation.
   ** Warning ** Processing Monthly Tabular Reports: AirLoopSystemEnergyAndWaterUseMonthly
   **   ~~~   ** ..Variable name=AIR SYSTEM NATURAL GAS ENERGY not valid for this simulation.
   **   ~~~   ** ..i.e., Variable name=VAV_OTHER:AIR SYSTEM NATURAL GAS ENERGY not valid for this simulation.
   ** Warning ** Processing Monthly Tabular Reports: AirLoopSystemEnergyAndWaterUseMonthly
   **   ~~~   ** ..Variable name=AIR SYSTEM NATURAL GAS ENERGY not valid for this simulation.
   **   ~~~   ** ..i.e., Variable name=PSZ-AC_3:7:AIR SYSTEM NATURAL GAS ENERGY not valid for this simulation.
   ** Warning ** Processing Monthly Tabular Reports: AirLoopSystemEnergyAndWaterUseMonthly
   **   ~~~   ** ..Variable name=AIR SYSTEM NATURAL GAS ENERGY not valid for this simulation.
   **   ~~~   ** ..i.e., Variable name=PSZ-AC_1:5:AIR SYSTEM NATURAL GAS ENERGY not valid for this simulation.
   ** Warning ** Processing Monthly Tabular Reports: AirLoopSystemEnergyAndWaterUseMonthly
   **   ~~~   ** ..Variable name=AIR SYSTEM NATURAL GAS ENERGY not valid for this simulation.
   **   ~~~   ** ..i.e., Variable name=PSZ-AC_2:6:AIR SYSTEM NATURAL GAS ENERGY not valid for this simulation.
   ** Warning ** Processing Monthly Tabular Reports: AirLoopSystemEnergyAndWaterUseMonthly
   **   ~~~   ** ..Variable name=AIR SYSTEM NATURAL GAS ENERGY not valid for this simulation.
   **   ~~~   ** ..i.e., Variable name=PSZ-AC_4:8:AIR SYSTEM NATURAL GAS ENERGY not valid for this simulation.
   ** Warning ** Processing Monthly Tabular Reports: AirLoopSystemEnergyAndWaterUseMonthly
   **   ~~~   ** ..Variable name=AIR SYSTEM NATURAL GAS ENERGY not valid for this simulation.
   **   ~~~   ** ..i.e., Variable name=PSZ-AC_5:9:AIR SYSTEM NATURAL GAS ENERGY not valid for this simulation.
   ** Warning ** Processing Monthly Tabular Reports: AirLoopSystemComponentEnergyUseMonthly
   **   ~~~   ** ..Variable name=AIR SYSTEM HEATING COIL NATURAL GAS ENERGY not valid for this simulation.
   ** Warning ** Processing Monthly Tabular Reports: AirLoopSystemComponentEnergyUseMonthly
   **   ~~~   ** ..Variable name=AIR SYSTEM HUMIDIFIER NATURAL GAS ENERGY not valid for this simulation.
   ** Warning ** Processing Monthly Tabular Reports: AirLoopSystemComponentEnergyUseMonthly
   **   ~~~   ** ..Variable name=AIR SYSTEM HEATING COIL NATURAL GAS ENERGY not valid for this simulation.
   **   ~~~   ** ..i.e., Variable name=VAV_POD_1:AIR SYSTEM HEATING COIL NATURAL GAS ENERGY not valid for this simulation.
   ** Warning ** Processing Monthly Tabular Reports: AirLoopSystemComponentEnergyUseMonthly
   **   ~~~   ** ..Variable name=AIR SYSTEM HUMIDIFIER NATURAL GAS ENERGY not valid for this simulation.
   **   ~~~   ** ..i.e., Variable name=VAV_POD_1:AIR SYSTEM HUMIDIFIER NATURAL GAS ENERGY not valid for this simulation.
   ** Warning ** Processing Monthly Tabular Reports: AirLoopSystemComponentEnergyUseMonthly
   **   ~~~   ** ..Variable name=AIR SYSTEM HEATING COIL NATURAL GAS ENERGY not valid for this simulation.
   **   ~~~   ** ..i.e., Variable name=VAV_POD_2:AIR SYSTEM HEATING COIL NATURAL GAS ENERGY not valid for this simulation.
   ** Warning ** Processing Monthly Tabular Reports: AirLoopSystemComponentEnergyUseMonthly
   **   ~~~   ** ..Variable name=AIR SYSTEM HUMIDIFIER NATURAL GAS ENERGY not valid for this simulation.
   **   ~~~   ** ..i.e., Variable name=VAV_POD_2:AIR SYSTEM HUMIDIFIER NATURAL GAS ENERGY not valid for this simulation.
   ** Warning ** Processing Monthly Tabular Reports: AirLoopSystemComponentEnergyUseMonthly
   **   ~~~   ** ..Variable name=AIR SYSTEM HEATING COIL NATURAL GAS ENERGY not valid for this simulation.
   **   ~~~   ** ..i.e., Variable name=VAV_POD_3:AIR SYSTEM HEATING COIL NATURAL GAS ENERGY not valid for this simulation.
   ** Warning ** Processing Monthly Tabular Reports: AirLoopSystemComponentEnergyUseMonthly
   **   ~~~   ** ..Variable name=AIR SYSTEM HUMIDIFIER NATURAL GAS ENERGY not valid for this simulation.
   **   ~~~   ** ..i.e., Variable name=VAV_POD_3:AIR SYSTEM HUMIDIFIER NATURAL GAS ENERGY not valid for this simulation.
   ** Warning ** Processing Monthly Tabular Reports: AirLoopSystemComponentEnergyUseMonthly
   **   ~~~   ** ..Variable name=AIR SYSTEM HEATING COIL NATURAL GAS ENERGY not valid for this simulation.
   **   ~~~   ** ..i.e., Variable name=VAV_OTHER:AIR SYSTEM HEATING COIL NATURAL GAS ENERGY not valid for this simulation.
   ** Warning ** Processing Monthly Tabular Reports: AirLoopSystemComponentEnergyUseMonthly
   **   ~~~   ** ..Variable name=AIR SYSTEM HUMIDIFIER NATURAL GAS ENERGY not valid for this simulation.
   **   ~~~   ** ..i.e., Variable name=VAV_OTHER:AIR SYSTEM HUMIDIFIER NATURAL GAS ENERGY not valid for this simulation.
   ** Warning ** Processing Monthly Tabular Reports: AirLoopSystemComponentEnergyUseMonthly
   **   ~~~   ** ..Variable name=AIR SYSTEM HEATING COIL NATURAL GAS ENERGY not valid for this simulation.
   **   ~~~   ** ..i.e., Variable name=PSZ-AC_3:7:AIR SYSTEM HEATING COIL NATURAL GAS ENERGY not valid for this simulation.
   ** Warning ** Processing Monthly Tabular Reports: AirLoopSystemComponentEnergyUseMonthly
   **   ~~~   ** ..Variable name=AIR SYSTEM HUMIDIFIER NATURAL GAS ENERGY not valid for this simulation.
   **   ~~~   ** ..i.e., Variable name=PSZ-AC_3:7:AIR SYSTEM HUMIDIFIER NATURAL GAS ENERGY not valid for this simulation.
   ** Warning ** Processing Monthly Tabular Reports: AirLoopSystemComponentEnergyUseMonthly
   **   ~~~   ** ..Variable name=AIR SYSTEM HEATING COIL NATURAL GAS ENERGY not valid for this simulation.
   **   ~~~   ** ..i.e., Variable name=PSZ-AC_1:5:AIR SYSTEM HEATING COIL NATURAL GAS ENERGY not valid for this simulation.
   ** Warning ** Processing Monthly Tabular Reports: AirLoopSystemComponentEnergyUseMonthly
   **   ~~~   ** ..Variable name=AIR SYSTEM HUMIDIFIER NATURAL GAS ENERGY not valid for this simulation.
   **   ~~~   ** ..i.e., Variable name=PSZ-AC_1:5:AIR SYSTEM HUMIDIFIER NATURAL GAS ENERGY not valid for this simulation.
   ** Warning ** Processing Monthly Tabular Reports: AirLoopSystemComponentEnergyUseMonthly
   **   ~~~   ** ..Variable name=AIR SYSTEM HEATING COIL NATURAL GAS ENERGY not valid for this simulation.
   **   ~~~   ** ..i.e., Variable name=PSZ-AC_2:6:AIR SYSTEM HEATING COIL NATURAL GAS ENERGY not valid for this simulation.
   ** Warning ** Processing Monthly Tabular Reports: AirLoopSystemComponentEnergyUseMonthly
   **   ~~~   ** ..Variable name=AIR SYSTEM HUMIDIFIER NATURAL GAS ENERGY not valid for this simulation.
   **   ~~~   ** ..i.e., Variable name=PSZ-AC_2:6:AIR SYSTEM HUMIDIFIER NATURAL GAS ENERGY not valid for this simulation.
   ** Warning ** Processing Monthly Tabular Reports: AirLoopSystemComponentEnergyUseMonthly
   **   ~~~   ** ..Variable name=AIR SYSTEM HEATING COIL NATURAL GAS ENERGY not valid for this simulation.
   **   ~~~   ** ..i.e., Variable name=PSZ-AC_4:8:AIR SYSTEM HEATING COIL NATURAL GAS ENERGY not valid for this simulation.
   ** Warning ** Processing Monthly Tabular Reports: AirLoopSystemComponentEnergyUseMonthly
   **   ~~~   ** ..Variable name=AIR SYSTEM HUMIDIFIER NATURAL GAS ENERGY not valid for this simulation.
   **   ~~~   ** ..i.e., Variable name=PSZ-AC_4:8:AIR SYSTEM HUMIDIFIER NATURAL GAS ENERGY not valid for this simulation.
   ** Warning ** Processing Monthly Tabular Reports: AirLoopSystemComponentEnergyUseMonthly
   **   ~~~   ** ..Variable name=AIR SYSTEM HEATING COIL NATURAL GAS ENERGY not valid for this simulation.
   **   ~~~   ** ..i.e., Variable name=PSZ-AC_5:9:AIR SYSTEM HEATING COIL NATURAL GAS ENERGY not valid for this simulation.
   ** Warning ** Processing Monthly Tabular Reports: AirLoopSystemComponentEnergyUseMonthly
   **   ~~~   ** ..Variable name=AIR SYSTEM HUMIDIFIER NATURAL GAS ENERGY not valid for this simulation.
   **   ~~~   ** ..i.e., Variable name=PSZ-AC_5:9:AIR SYSTEM HUMIDIFIER NATURAL GAS ENERGY not valid for this simulation.
   ** Warning ** In zone BATHROOMS_ZN_1_FLR_1 there is unbalanced air flow. Load due to induced outdoor air is neglected.
   **   ~~~   **  Environment=RUNPERIOD 1, at Simulation time=01/01 00:10 - 00:20
   **   ~~~   **   Flows [m3/s]: Inlets: 7.940941E-002  Unbalanced exhausts: 0.283168  Returns: 0.000000
   **   ~~~   **   Infiltration: 1.250420E-002  Zone Ventilation: 0.000000  Mixing (incoming): 0.000000
   **   ~~~   **   Imbalance (excess outflow): 0.191255  Total system OA flow (for all airloops serving this zone): 2.189015
   **   ~~~   **   This error will only be reported once per zone.
   ** Warning ** In zone BATHROOMS_ZN_1_FLR_2 there is unbalanced air flow. Load due to induced outdoor air is neglected.
   **   ~~~   **  Environment=RUNPERIOD 1, at Simulation time=01/01 00:10 - 00:20
   **   ~~~   **   Flows [m3/s]: Inlets: 0.111799  Unbalanced exhausts: 0.283168  Returns: 0.000000
   **   ~~~   **   Infiltration: 1.795845E-002  Zone Ventilation: 0.000000  Mixing (incoming): 0.000000
   **   ~~~   **   Imbalance (excess outflow): 0.153411  Total system OA flow (for all airloops serving this zone): 2.189015
   **   ~~~   **   This error will only be reported once per zone.
   ** Warning ** In zone GYM_ZN_1_FLR_1 there is unbalanced air flow. Load due to induced outdoor air is neglected.
   **   ~~~   **  Environment=RUNPERIOD 1, at Simulation time=01/01 01:50 - 02:00
   **   ~~~   **   Flows [m3/s]: Inlets: 1.137076  Unbalanced exhausts: 2.294137  Returns: 0.000000
   **   ~~~   **   Infiltration: 0.000000  Zone Ventilation: 0.000000  Mixing (incoming): 0.000000
   **   ~~~   **   Imbalance (excess outflow): 1.157060  Total system OA flow (for all airloops serving this zone): 4.615135
   **   ~~~   **   This error will only be reported once per zone.
   ** Warning ** SimHVAC: Maximum iterations (20) exceeded for all HVAC loops, at RUNPERIOD 1, 01/02 06:20 - 06:23
   **   ~~~   ** The solution for one or more of the Air Loop HVAC systems did not appear to converge
   **   ~~~   ** Air System Named = PSZ-AC_1:5 did not converge for mass flow rate
   **   ~~~   ** Check values should be zero. Most Recent values listed first.
   **   ~~~   ** Demand-to-Supply interface mass flow rate check value iteration history trace: 1.370239,1.370239,1.370239,1.370239,1.370239,0.000000,1.370239,1.370239,1.370239,1.370239,
   **   ~~~   ** Supply-to-demand interface deck 1 mass flow rate check value iteration history trace: 1.418839,1.418839,1.418839,1.418839,1.418839,1.418839,1.418839,1.418839,1.418839,1.418839,
   **   ~~~   ** Air System Named = PSZ-AC_1:5 did not converge for temperature
   **   ~~~   ** Check values should be zero. Most Recent values listed first.
   **   ~~~   ** Demand-to-Supply interface temperature check value iteration history trace: 0.000000,0.000000,0.000000,0.000000,0.000000,0.000000,0.000000,0.000000,0.000000,0.000000,
   **   ~~~   ** Supply-to-demand interface deck 1 temperature check value iteration history trace: 6.724390,6.724390,6.724390,6.724390,0.000000,6.724390,6.724390,6.724390,6.724390,6.724390,
   **   ~~~   ** Air System Named = PSZ-AC_1:5 did not converge for energy
   **   ~~~   ** Check values should be zero. Most Recent values listed first.
   **   ~~~   ** Demand-to-Supply interface energy check value iteration history trace: 24418.833570,24418.833570,24418.833570,24418.833570,24418.833570,0.000000,24418.833570,24418.833570,24418.833570,24418.833570,
   **   ~~~   ** Supply-to-demand interface deck 1 energy check value iteration history trace: 25284.913571,-25284.913571,25284.913571,-25284.913571,43147.073240,25284.913571,-25284.913571,25284.913571,-25284.913571,25284.913571,
   **   ~~~   ** Node named GYM_ZN_1_FLR_1 DIRECT AIR INLET NODE shows oscillating humidity ratio across iterations with a repeated value of 2.249480E-003
   **   ~~~   ** Node named GYM_ZN_1_FLR_1 DIRECT AIR INLET NODE humidity ratio [kg-water/kg-dryair] iteration history trace (most recent first): 2.249480E-003,2.240938E-003,2.249480E-003,2.240938E-003,2.249480E-003,2.240938E-003,2.249480E-003,2.240938E-003,2.249480E-003,2.240938E-003,
   **   ~~~   ** Node named GYM_ZN_1_FLR_1 DIRECT AIR INLET NODE shows oscillating mass flow rate across iterations with a repeated value of 4.062358
   **   ~~~   ** Node named GYM_ZN_1_FLR_1 DIRECT AIR INLET NODE mass flow rate [kg/s] iteration history trace (most recent first): 4.062358,2.643519,4.062358,2.643519,4.062358,2.643519,4.062358,2.643519,4.062358,2.643519,
   **   ~~~   ** Node named GYM_ZN_1_FLR_1 DIRECT AIR INLET NODE shows oscillating temperatures across iterations with a repeated value of 30.263537
   **   ~~~   ** Node named GYM_ZN_1_FLR_1 DIRECT AIR INLET NODE temperature [C] iteration history trace (most recent first): 30.263537,36.987926,30.263537,36.987926,30.263537,36.987926,30.263537,36.987926,30.263537,36.987926,
   ** Severe  ** CheckAirLoopFlowBalance: AirLoopHVAC PSZ-AC_1:5 is unbalanced. Supply is > return plus outdoor air.
   **   ~~~   **  Environment=RUNPERIOD 1, at Simulation time=01/02 06:20 - 06:23
   **   ~~~   **   Flows [m3/s at standard density]: Supply=3.461810  Return=1.167674  Outdoor Air=2.252722
   **   ~~~   **   Imbalance=4.141471E-002
   **   ~~~   **   This error will only be reported once per system.
   ** Warning ** SimHVAC: Maximum iterations (20) exceeded for all HVAC loops, at RUNPERIOD 1, 01/02 06:50 - 07:00
   **   ~~~   ** The solution for one or more of the Air Loop HVAC systems did not appear to converge
   **   ~~~   ** Air System Named = PSZ-AC_1:5 did not converge for mass flow rate
   **   ~~~   ** Check values should be zero. Most Recent values listed first.
   **   ~~~   ** Demand-to-Supply interface mass flow rate check value iteration history trace: 0.928474,0.928474,0.928474,0.928474,0.928474,0.000000,0.928474,0.928474,0.928474,0.928474,
   **   ~~~   ** Supply-to-demand interface deck 1 mass flow rate check value iteration history trace: 0.998099,0.998099,0.998099,0.998099,0.998099,0.998099,0.998099,0.998099,0.998099,0.998099,
   **   ~~~   ** Air System Named = PSZ-AC_1:5 did not converge for temperature
   **   ~~~   ** Check values should be zero. Most Recent values listed first.
   **   ~~~   ** Demand-to-Supply interface temperature check value iteration history trace: 3.552714E-015,3.552714E-015,3.552714E-015,3.552714E-015,3.552714E-015,0.000000,3.552714E-015,3.552714E-015,3.552714E-015,3.552714E-015,
   **   ~~~   ** Supply-to-demand interface deck 1 temperature check value iteration history trace: 4.973594,4.973594,4.973594,4.973594,0.000000,4.973594,4.973594,4.973594,4.973594,4.973594,
   **   ~~~   ** Air System Named = PSZ-AC_1:5 did not converge for energy
   **   ~~~   ** Check values should be zero. Most Recent values listed first.
   **   ~~~   ** Demand-to-Supply interface energy check value iteration history trace: 16039.287736,16039.287736,16039.287736,16039.287736,16039.287736,0.000000,16039.287736,16039.287736,16039.287736,16039.287736,
   **   ~~~   ** Supply-to-demand interface deck 1 energy check value iteration history trace: 17242.043587,-17242.043587,17242.043587,-17242.043587,30348.444485,17242.043587,-17242.043587,17242.043587,-17242.043587,17242.043587,
   **   ~~~   ** Node named GYM_ZN_1_FLR_1 DIRECT AIR INLET NODE shows oscillating humidity ratio across iterations with a repeated value of 2.313990E-003
   **   ~~~   ** Node named GYM_ZN_1_FLR_1 DIRECT AIR INLET NODE humidity ratio [kg-water/kg-dryair] iteration history trace (most recent first): 2.313990E-003,2.291170E-003,2.313990E-003,2.291170E-003,2.313990E-003,2.291170E-003,2.313990E-003,2.291170E-003,2.313990E-003,2.291170E-003,
   **   ~~~   ** Node named GYM_ZN_1_FLR_1 DIRECT AIR INLET NODE shows oscillating mass flow rate across iterations with a repeated value of 3.620592
   **   ~~~   ** Node named GYM_ZN_1_FLR_1 DIRECT AIR INLET NODE mass flow rate [kg/s] iteration history trace (most recent first): 3.620592,2.622494,3.620592,2.622494,3.620592,2.622494,3.620592,2.622494,3.620592,2.622494,
   **   ~~~   ** Node named GYM_ZN_1_FLR_1 DIRECT AIR INLET NODE shows oscillating temperatures across iterations with a repeated value of 30.259679
   **   ~~~   ** Node named GYM_ZN_1_FLR_1 DIRECT AIR INLET NODE temperature [C] iteration history trace (most recent first): 30.259679,35.233273,30.259679,35.233273,30.259679,35.233273,30.259679,35.233273,30.259679,35.233273,
   ** Warning ** CalcEquipmentFlowRates: "BATHROOMS_ZN_1_FLR_1 SWH_DEFAULT" - Target water temperature is greater than the hot water temperature by (0.66 C)
   **   ~~~   **  Environment=RUNPERIOD 1, at Simulation time=01/02 08:00 - 08:10
   **   ~~~   ** ...target water temperature     = 60.00 C
   **   ~~~   ** ...hot water temperature        = 59.34 C
   **   ~~~   ** ...Target water temperature should be less than or equal to the hot water temperature. Verify temperature setpoints and schedules.
   ** Warning ** CalcEquipmentFlowRates: "BATHROOMS_ZN_1_FLR_2 SWH_DEFAULT" - Target water temperature is greater than the hot water temperature by (0.66 C)
   **   ~~~   **  Environment=RUNPERIOD 1, at Simulation time=01/02 08:00 - 08:10
   **   ~~~   ** ...target water temperature     = 60.00 C
   **   ~~~   ** ...hot water temperature        = 59.34 C
   **   ~~~   ** ...Target water temperature should be less than or equal to the hot water temperature. Verify temperature setpoints and schedules.
   ** Warning ** CalcEquipmentFlowRates: "KITCHEN_ZN_1_FLR_1 SWH_DEFAULT" - Target water temperature is greater than the hot water temperature by (0.66 C)
   **   ~~~   **  Environment=RUNPERIOD 1, at Simulation time=01/02 08:00 - 08:10
   **   ~~~   ** ...target water temperature     = 60.00 C
   **   ~~~   ** ...hot water temperature        = 59.34 C
   **   ~~~   ** ...Target water temperature should be less than or equal to the hot water temperature. Verify temperature setpoints and schedules.
   ** Warning ** HeatExchanger:AirToAir:SensibleAndLatent "VAV_POD_1 OA HEAT RECOVERY"
   **   ~~~   ** Average air volume flow rate is <50% or >130% of the nominal HX supply air volume flow rate.
   **   ~~~   ** Air volume flow rate ratio = 0.366. Environment=RUNPERIOD 1, at Simulation time=01/02 08:00 - 08:10
   ** Warning ** HeatExchanger:AirToAir:SensibleAndLatent "VAV_POD_2 OA HEAT RECOVERY"
   **   ~~~   ** Average air volume flow rate is <50% or >130% of the nominal HX supply air volume flow rate.
   **   ~~~   ** Air volume flow rate ratio = 0.367. Environment=RUNPERIOD 1, at Simulation time=01/02 08:00 - 08:10
   ** Warning ** HeatExchanger:AirToAir:SensibleAndLatent "VAV_POD_3 OA HEAT RECOVERY"
   **   ~~~   ** Average air volume flow rate is <50% or >130% of the nominal HX supply air volume flow rate.
   **   ~~~   ** Air volume flow rate ratio = 0.386. Environment=RUNPERIOD 1, at Simulation time=01/02 08:00 - 08:10
   ** Severe  ** HeatExchanger:AirToAir:SensibleAndLatent: "VAV_OTHER OA HEAT RECOVERY" unbalanced air volume flow ratio through the heat exchanger is greater than 2:1.
   **   ~~~   ** ...HX Supply air to Exhaust air flow ratio = 2.03653.
   **   ~~~   **  Environment=RUNPERIOD 1, at Simulation time=01/02 08:00 - 08:10
   ** Warning ** HeatExchanger:AirToAir:SensibleAndLatent "VAV_OTHER OA HEAT RECOVERY"
   **   ~~~   ** Average air volume flow rate is <50% or >130% of the nominal HX supply air volume flow rate.
   **   ~~~   ** Air volume flow rate ratio = 0.294. Environment=RUNPERIOD 1, at Simulation time=01/02 08:00 - 08:10
   ** Severe  ** HeatExchanger:AirToAir:SensibleAndLatent: "VAV_OTHER OA HEAT RECOVERY" unbalanced air volume flow ratio through the heat exchanger is greater than 2:1.
   **   ~~~   ** ...HX Supply air to Exhaust air flow ratio = 2.03653.
   **   ~~~   **  Environment=RUNPERIOD 1, at Simulation time=01/02 08:00 - 08:10
   ** Warning ** HeatExchanger:AirToAir:SensibleAndLatent "PSZ-AC_3:7 OA HEAT RECOVERY"
   **   ~~~   ** Average air volume flow rate is <50% or >130% of the nominal HX supply air volume flow rate.
   **   ~~~   ** Air volume flow rate ratio = 0.305. Environment=RUNPERIOD 1, at Simulation time=01/02 08:00 - 08:10
   ** Warning ** HeatExchanger:AirToAir:SensibleAndLatent "PSZ-AC_5:9 OA HEAT RECOVERY"
   **   ~~~   ** Average air volume flow rate is <50% or >130% of the nominal HX supply air volume flow rate.
   **   ~~~   ** Air volume flow rate ratio = 0.193. Environment=RUNPERIOD 1, at Simulation time=01/02 08:00 - 08:10
   ** Warning ** ElectricEIRChillerModel - CHILLER:ELECTRIC:EIR "COOLSYS1 CHILLER1" - Air Cooled Condenser Inlet Temperature below 0C.
   **   ~~~   ** ... Outdoor Dry-bulb Condition =  -2.12 C. Occurrence info = RUNPERIOD 1, 01/02 08:00 - 08:01
   ** Warning ** SimHVAC: Maximum iterations (20) exceeded for all HVAC loops, at RUNPERIOD 1, 01/05 12:40 - 12:50
   **   ~~~   ** The solution for one or more of the Air Loop HVAC systems did not appear to converge
   ** Warning ** SimHVAC: Maximum iterations (20) exceeded for all HVAC loops, at RUNPERIOD 1, 01/05 12:50 - 13:00
   **   ~~~   ** The solution for one or more of the Air Loop HVAC systems did not appear to converge
   ** Warning ** SimHVAC: Maximum iterations (20) exceeded for all HVAC loops, at RUNPERIOD 1, 01/05 13:00 - 13:10
   **   ~~~   ** The solution for one or more of the Air Loop HVAC systems did not appear to converge
   ** Warning ** SimHVAC: Maximum iterations (20) exceeded for all HVAC loops, at RUNPERIOD 1, 01/05 14:30 - 14:40
   **   ~~~   ** The solution for one or more of the Air Loop HVAC systems did not appear to converge
   ** Warning ** SimHVAC: Maximum iterations (20) exceeded for all HVAC loops, at RUNPERIOD 1, 01/05 14:40 - 14:50
   **   ~~~   ** The solution for one or more of the Air Loop HVAC systems did not appear to converge
   ** Warning ** SimHVAC: Maximum iterations (20) exceeded for all HVAC loops, at RUNPERIOD 1, 01/05 14:50 - 15:00
   **   ~~~   ** The solution for one or more of the Air Loop HVAC systems did not appear to converge
   ** Warning ** In zone KITCHEN_ZN_1_FLR_1 there is unbalanced air flow. Load due to induced outdoor air is neglected.
   **   ~~~   **  Environment=RUNPERIOD 1, at Simulation time=01/06 06:00 - 06:10
   **   ~~~   **   Flows [m3/s]: Inlets: 7.206867E-002  Unbalanced exhausts: 2.548516  Returns: 0.000000
   **   ~~~   **   Infiltration: 3.476561E-003  Zone Ventilation: 0.000000  Mixing (incoming): 0.000000
   **   ~~~   **   Imbalance (excess outflow): 2.472971  Total system OA flow (for all airloops serving this zone): 1.137806
   **   ~~~   **   This error will only be reported once per zone.
   ** Warning ** SimHVAC: Maximum iterations (20) exceeded for all HVAC loops, at RUNPERIOD 1, 01/10 07:30 - 07:33
   **   ~~~   ** The solution for one or more of the Air Loop HVAC systems did not appear to converge
   ** Warning ** SimHVAC: Maximum iterations (20) exceeded for all HVAC loops, at RUNPERIOD 1, 01/11 10:00 - 10:10
   **   ~~~   ** The solution for one or more of the Air Loop HVAC systems did not appear to converge
   ** Warning ** SimHVAC: Maximum iterations (20) exceeded for all HVAC loops, at RUNPERIOD 1, 01/11 10:10 - 10:20
   **   ~~~   ** The solution for one or more of the Air Loop HVAC systems did not appear to converge
   ** Warning ** SimHVAC: Maximum iterations (20) exceeded for all HVAC loops, at RUNPERIOD 1, 01/11 10:20 - 10:30
   **   ~~~   ** The solution for one or more of the Air Loop HVAC systems did not appear to converge
   ** Warning ** SimHVAC: Maximum iterations (20) exceeded for all HVAC loops, at RUNPERIOD 1, 01/11 10:30 - 10:40
   **   ~~~   ** The solution for one or more of the Air Loop HVAC systems did not appear to converge
   ** Warning ** SimHVAC: Maximum iterations (20) exceeded for all HVAC loops, at RUNPERIOD 1, 01/11 10:40 - 10:50
   **   ~~~   ** The solution for one or more of the Air Loop HVAC systems did not appear to converge
   ** Warning ** Temperature out of range [-100. to 200.] (PsyPsatFnTemp)
   **   ~~~   **  Routine=CalcMultiSpeedDXCoilCooling, Environment=RUNPERIOD 1, at Simulation time=01/12 08:15 - 08:16
   **   ~~~   **  Input Temperature=-131.85
   ** Warning ** Coil control failed for AirLoopHVAC:UnitarySystem:PSZ-AC_4:8_UNITARY_PACKAGE_DX
   **   ~~~   **   sensible part-load ratio determined to be outside the range of 0-1.
   **   ~~~   ** Sensible load to be met = -36594.14 (watts), and the simulation continues.
   **   ~~~   **  Environment=RUNPERIOD 1, at Simulation time=01/13 06:00 - 06:01
   ** Severe  ** CheckAirLoopFlowBalance: AirLoopHVAC PSZ-AC_4:8 is unbalanced. Supply is > return plus outdoor air.
   **   ~~~   **  Environment=RUNPERIOD 1, at Simulation time=02/14 06:12 - 06:14
   **   ~~~   **   Flows [m3/s at standard density]: Supply=2.341117E-003  Return=0.000000  Outdoor Air=0.000000
   **   ~~~   **   Imbalance=2.341117E-003
   **   ~~~   **   This error will only be reported once per system.
   ** Warning ** Coil:Cooling:DX:MultiSpeed "PSZ-AC_2:6 COOLING COIL" - Air volume flow rate per watt of rated total cooling capacity is out of range at speed 2.
   **   ~~~   **  Environment=RUNPERIOD 1, at Simulation time=03/14 12:30 - 12:40
   **   ~~~   ** Expected range for VolumeFlowPerRatedTotalCapacity=[2.684E-005--6.713E-005] Current value is 2.557E-005 m3/s/W
   **   ~~~   ** Possible causes include inconsistent air flow rates in system components or
   **   ~~~   ** inconsistent supply air fan operation modes in coil and unitary system objects.
   ** Warning ** Coil:Cooling:DX:MultiSpeed "PSZ-AC_1:5 COOLING COIL" - Air volume flow rate per watt of rated total cooling capacity is out of range at speed 2.
   **   ~~~   **  Environment=RUNPERIOD 1, at Simulation time=03/14 14:00 - 14:10
   **   ~~~   ** Expected range for VolumeFlowPerRatedTotalCapacity=[2.684E-005--6.713E-005] Current value is 2.295E-005 m3/s/W
   **   ~~~   ** Possible causes include inconsistent air flow rates in system components or
   **   ~~~   ** inconsistent supply air fan operation modes in coil and unitary system objects.
   ** Warning ** Coil control failed to converge for AirLoopHVAC:UnitarySystem:PSZ-AC_4:8_UNITARY_PACKAGE_DX
   **   ~~~   **   Iteration limit exceeded in calculating system sensible part-load ratio.
   **   ~~~   ** Sensible load to be met = -1478.20 (watts), sensible output = -1475.78 (watts), and the simulation continues.
   **   ~~~   **  Environment=RUNPERIOD 1, at Simulation time=04/30 06:10 - 06:20
   ** Warning ** Coil control failed to converge for AirLoopHVAC:UnitarySystem:PSZ-AC_2:6_UNITARY_PACKAGE_DX
   **   ~~~   **   Iteration limit exceeded in calculating system sensible part-load ratio.
   **   ~~~   ** Sensible load to be met = -24524.92 (watts), sensible output = -24402.86 (watts), and the simulation continues.
   **   ~~~   **  Environment=RUNPERIOD 1, at Simulation time=05/14 10:40 - 10:50
   ** Warning ** Coil control failed for AirLoopHVAC:UnitarySystem:PSZ-AC_5:9_UNITARY_PACKAGE_DX
   **   ~~~   **   sensible part-load ratio determined to be outside the range of 0-1.
   **   ~~~   ** Sensible load to be met = -530.15 (watts), and the simulation continues.
   **   ~~~   **  Environment=RUNPERIOD 1, at Simulation time=05/14 12:48 - 12:50
   ** Warning ** Coil control failed to converge for AirLoopHVAC:UnitarySystem:PSZ-AC_5:9_UNITARY_PACKAGE_DX
   **   ~~~   **   Iteration limit exceeded in calculating system sensible part-load ratio.
   **   ~~~   ** Sensible load to be met = -1862.30 (watts), sensible output = -1857.11 (watts), and the simulation continues.
   **   ~~~   **  Environment=RUNPERIOD 1, at Simulation time=05/14 14:20 - 14:30
   ** Warning ** Coil control failed for AirLoopHVAC:UnitarySystem:PSZ-AC_2:6_UNITARY_PACKAGE_DX
   **   ~~~   **   sensible part-load ratio determined to be outside the range of 0-1.
   **   ~~~   ** Sensible load to be met = -142.42 (watts), and the simulation continues.
   **   ~~~   **  Environment=RUNPERIOD 1, at Simulation time=05/14 14:50 - 15:00
   ************* Simulation Error Summary *************
   ************* There are 38 unused schedules in input.
   ************* Use Output:Diagnostics,DisplayUnusedSchedules; to see them.
   *************
   ************* ===== Recurring Error Summary =====
   ************* The following recurring error messages occurred.
   *************
   *************  ** Warning ** Coil:Cooling:DX:MultiSpeed "PSZ-AC_5:9 COOLING COIL" - Air volume flow rate per watt of rated total cooling capacity is out of range at speed 2 error continues...
   *************  **   ~~~   **   This error occurred 177072 total times;
   *************  **   ~~~   **   during Warmup 35 times;
   *************  **   ~~~   **   during Sizing 0 times.
   *************  **   ~~~   **   Max=0.000023  Min=0.000021
   *************
   *************  ** Warning ** Coil:Cooling:DX:MultiSpeed "PSZ-AC_3:7 COOLING COIL" - Air volume flow rate per watt of rated total cooling capacity is out of range at speed 2 error continues...
   *************  **   ~~~   **   This error occurred 121233 total times;
   *************  **   ~~~   **   during Warmup 28 times;
   *************  **   ~~~   **   during Sizing 0 times.
   *************  **   ~~~   **   Max=0.000025  Min=0.000022
   *************
   *************  ** Warning ** Coil:Cooling:DX:MultiSpeed "PSZ-AC_4:8 COOLING COIL" - Air volume flow rate per watt of rated total cooling capacity is out of range at speed 2 error continues...
   *************  **   ~~~   **   This error occurred 373782 total times;
   *************  **   ~~~   **   during Warmup 49 times;
   *************  **   ~~~   **   during Sizing 0 times.
   *************  **   ~~~   **   Max=0.000027  Min=0.000022
   *************
   *************  ** Warning ** "BATHROOMS_ZN_1_FLR_1 SWH_DEFAULT" - Target water temperature should be less than or equal to the hot water temperature error continues...
   *************  **   ~~~   **   This error occurred 1965693 total times;
   *************  **   ~~~   **   during Warmup 0 times;
   *************  **   ~~~   **   during Sizing 0 times.
   *************  **   ~~~   **   Max=1.953280  Min=0.121777
   *************
   *************  ** Warning ** "BATHROOMS_ZN_1_FLR_2 SWH_DEFAULT" - Target water temperature should be less than or equal to the hot water temperature error continues...
   *************  **   ~~~   **   This error occurred 1965693 total times;
   *************  **   ~~~   **   during Warmup 0 times;
   *************  **   ~~~   **   during Sizing 0 times.
   *************  **   ~~~   **   Max=1.953280  Min=0.121777
   *************
   *************  ** Warning ** "KITCHEN_ZN_1_FLR_1 SWH_DEFAULT" - Target water temperature should be less than or equal to the hot water temperature error continues...
   *************  **   ~~~   **   This error occurred 1965693 total times;
   *************  **   ~~~   **   during Warmup 0 times;
   *************  **   ~~~   **   during Sizing 0 times.
   *************  **   ~~~   **   Max=1.953280  Min=0.121777
   *************
   *************  ** Warning ** HeatExchanger:AirToAir:SensibleAndLatent "VAV_POD_1 OA HEAT RECOVERY":  Average air volume flow rate is <50% or >130% warning continues. Air flow rate ratio statistics follow.
   *************  **   ~~~   **   This error occurred 976718 total times;
   *************  **   ~~~   **   during Warmup 0 times;
   *************  **   ~~~   **   during Sizing 0 times.
   *************  **   ~~~   **   Max=0.412551  Min=0.147362
   *************
   *************  ** Warning ** HeatExchanger:AirToAir:SensibleAndLatent "VAV_POD_2 OA HEAT RECOVERY":  Average air volume flow rate is <50% or >130% warning continues. Air flow rate ratio statistics follow.
   *************  **   ~~~   **   This error occurred 974480 total times;
   *************  **   ~~~   **   during Warmup 0 times;
   *************  **   ~~~   **   during Sizing 0 times.
   *************  **   ~~~   **   Max=0.410730  Min=0.147954
   *************
   *************  ** Warning ** HeatExchanger:AirToAir:SensibleAndLatent "VAV_POD_3 OA HEAT RECOVERY":  Average air volume flow rate is <50% or >130% warning continues. Air flow rate ratio statistics follow.
   *************  **   ~~~   **   This error occurred 1316765 total times;
   *************  **   ~~~   **   during Warmup 0 times;
   *************  **   ~~~   **   during Sizing 0 times.
   *************  **   ~~~   **   Max=0.423189  Min=0.201841
   *************
   *************  ** Warning ** HeatExchanger:AirToAir:SensibleAndLatent "VAV_OTHER OA HEAT RECOVERY":  Average air volume flow rate is <50% or >130% warning continues. Air flow rate ratio statistics follow.
   *************  **   ~~~   **   This error occurred 6496619 total times;
   *************  **   ~~~   **   during Warmup 0 times;
   *************  **   ~~~   **   during Sizing 0 times.
   *************  **   ~~~   **   Max=1.689137  Min=0.238842
   *************
   *************  ** Warning ** HeatExchanger:AirToAir:SensibleAndLatent "VAV_OTHER OA HEAT RECOVERY":  Unbalanced air volume flow ratio exceeds 2:1 warning continues. HX flow ratio statistics follow.
   *************  **   ~~~   **   This error occurred 675382 total times;
   *************  **   ~~~   **   during Warmup 0 times;
   *************  **   ~~~   **   during Sizing 0 times.
   *************  **   ~~~   **   Max=2.446419  Min=2.000142
   *************
   *************  ** Warning ** HeatExchanger:AirToAir:SensibleAndLatent "PSZ-AC_3:7 OA HEAT RECOVERY":  Average air volume flow rate is <50% or >130% warning continues. Air flow rate ratio statistics follow.
   *************  **   ~~~   **   This error occurred 608303 total times;
   *************  **   ~~~   **   during Warmup 0 times;
   *************  **   ~~~   **   during Sizing 0 times.
   *************  **   ~~~   **   Max=2.745064  Min=0.005224
   *************
   *************  ** Warning ** HeatExchanger:AirToAir:SensibleAndLatent "PSZ-AC_5:9 OA HEAT RECOVERY":  Average air volume flow rate is <50% or >130% warning continues. Air flow rate ratio statistics follow.
   *************  **   ~~~   **   This error occurred 536270 total times;
   *************  **   ~~~   **   during Warmup 0 times;
   *************  **   ~~~   **   during Sizing 0 times.
   *************  **   ~~~   **   Max=1.695142  Min=0.013772
   *************
   *************  ** Warning ** ElectricEIRChillerModel - CHILLER:ELECTRIC:EIR "COOLSYS1 CHILLER1" - Air Cooled Condenser Inlet Temperature below 0C error continues.
   *************  **   ~~~   **   This error occurred 1293 total times;
   *************  **   ~~~   **   during Warmup 0 times;
   *************  **   ~~~   **   during Sizing 0 times.
   *************  **   ~~~   **   Max=-0.100000 [C]  Min=-15.816667 [C]
   *************
   *************  ** Warning ** SimHVAC: Exceeding Maximum iterations for all HVAC loops, during RUNPERIOD 1 continues
   *************  **   ~~~   **   This error occurred 439 total times;
   *************  **   ~~~   **   during Warmup 0 times;
   *************  **   ~~~   **   during Sizing 0 times.
   *************
   *************  ** Warning ** Temperature out of range [-100. to 200.] (PsyPsatFnTemp)
   *************  **   ~~~   **   This error occurred 23 total times;
   *************  **   ~~~   **   during Warmup 0 times;
   *************  **   ~~~   **   during Sizing 0 times.
   *************  **   ~~~   **   Max=-127.153767 C  Min=-8181.701416 C
   *************
   *************  ** Warning ** AirLoopHVAC:UnitarySystem "PSZ-AC_4:8_UNITARY_PACKAGE_DX" - sensible part-load ratio out of range error continues. Sensible load statistics:
   *************  **   ~~~   **   This error occurred 3135 total times;
   *************  **   ~~~   **   during Warmup 0 times;
   *************  **   ~~~   **   during Sizing 0 times.
   *************  **   ~~~   **   Max=-24.348294  Min=-41959.739596
   *************
   *************  ** Warning ** Coil:Cooling:DX:MultiSpeed "PSZ-AC_2:6 COOLING COIL" - Air volume flow rate per watt of rated total cooling capacity is out of range at speed 2 error continues...
   *************  **   ~~~   **   This error occurred 82017 total times;
   *************  **   ~~~   **   during Warmup 0 times;
   *************  **   ~~~   **   during Sizing 0 times.
   *************  **   ~~~   **   Max=0.000027  Min=0.000024
   *************
   *************  ** Warning ** Coil:Cooling:DX:MultiSpeed "PSZ-AC_1:5 COOLING COIL" - Air volume flow rate per watt of rated total cooling capacity is out of range at speed 2 error continues...
   *************  **   ~~~   **   This error occurred 82475 total times;
   *************  **   ~~~   **   during Warmup 0 times;
   *************  **   ~~~   **   during Sizing 0 times.
   *************  **   ~~~   **   Max=0.000024  Min=0.000021
   *************
   *************  ** Warning ** AirLoopHVAC:UnitarySystem "PSZ-AC_4:8_UNITARY_PACKAGE_DX" - Iteration limit exceeded in calculating sensible part-load ratio error continues. Sensible load statistics:
   *************  **   ~~~   **   This error occurred 1 total times;
   *************  **   ~~~   **   during Warmup 0 times;
   *************  **   ~~~   **   during Sizing 0 times.
   *************  **   ~~~   **   Max=-1478.203130  Min=-1478.203130
   *************
   *************  ** Warning ** AirLoopHVAC:UnitarySystem "PSZ-AC_2:6_UNITARY_PACKAGE_DX" - Iteration limit exceeded in calculating sensible part-load ratio error continues. Sensible load statistics:
   *************  **   ~~~   **   This error occurred 98 total times;
   *************  **   ~~~   **   during Warmup 0 times;
   *************  **   ~~~   **   during Sizing 0 times.
   *************  **   ~~~   **   Max=-2766.061783  Min=-27548.257970
   *************
   *************  ** Warning ** AirLoopHVAC:UnitarySystem "PSZ-AC_5:9_UNITARY_PACKAGE_DX" - sensible part-load ratio out of range error continues. Sensible load statistics:
   *************  **   ~~~   **   This error occurred 39 total times;
   *************  **   ~~~   **   during Warmup 0 times;
   *************  **   ~~~   **   during Sizing 0 times.
   *************  **   ~~~   **   Max=-71.528993  Min=-4904.672690
   *************
   *************  ** Warning ** AirLoopHVAC:UnitarySystem "PSZ-AC_5:9_UNITARY_PACKAGE_DX" - Iteration limit exceeded in calculating sensible part-load ratio error continues. Sensible load statistics:
   *************  **   ~~~   **   This error occurred 20 total times;
   *************  **   ~~~   **   during Warmup 0 times;
   *************  **   ~~~   **   during Sizing 0 times.
   *************  **   ~~~   **   Max=-1862.309233  Min=-24248.165413
   *************
   *************  ** Warning ** AirLoopHVAC:UnitarySystem "PSZ-AC_2:6_UNITARY_PACKAGE_DX" - sensible part-load ratio out of range error continues. Sensible load statistics:
   *************  **   ~~~   **   This error occurred 34 total times;
   *************  **   ~~~   **   during Warmup 0 times;
   *************  **   ~~~   **   during Sizing 0 times.
   *************  **   ~~~   **   Max=-142.425889  Min=-11471.248907
   *************
   *************
   ************* ===== Final Error Summary =====
   ************* The following error categories occurred.  Consider correcting or noting.
   ************* Loads Initialization did not Converge
   ************* ..1) very high thermal mass such as very thick concrete (solution: increase max number of warmup
   ************* ..   days in the BUILDING object);
   ************* ..2) moderate mass and inadequate space conditioning such that the building keeps getting warmer
   ************* ..   and warmer on successive days (solution: add HVAC, check building thermal properties,
   ************* ..   check if infiltration is included, make sure HVAC properly controlled);
   ************* ..3) a soil layer modeled below the concrete slab - (solution remove this layer and read about
   ************* ..   ground temperatures in the Auxiliary Programs document).
   ************* ..4) unreasonable (too small) limits in the BUILDING object for temperature (.4 default) or
   ************* ..   loads tolerances (.04 default)
   ************* Nominally Unused Constructions
   ************* ..The nominally unused constructions warning is provided to alert you to potential conditions that can cause
   ************* ..extra time during simulation. Each construction is calculated by the algorithm indicated in the HeatBalanceAlgorithm
   ************* ..object. You may remove the constructions indicated (when you use the DisplayExtraWarnings option).
   *************
   ************* EnergyPlus Warmup Error Summary. During Warmup: 0 Warning; 17 Severe Errors.
   ************* EnergyPlus Sizing Error Summary. During Sizing: 90 Warning; 0 Severe Errors.
   ************* EnergyPlus Completed Successfully-- 18324660 Warning; 21 Severe Errors; Elapsed Time=00hr 05min  4.36sec
