Date/Time,EU_CELL_ZONE IDEAL LOADS AIR SYSTEM:Zone Ideal Loads Zone Total Heating Energy [J](Hourly) 
 01/01  01:00:00,6580183.715953292 
 01/01  02:00:00,7390146.89714346 
 01/01  03:00:00,7098714.839214438 
 01/01  04:00:00,7013000.230915195 
 01/01  05:00:00,6996181.102423522 
 01/01  06:00:00,6836813.664106016 
 01/01  07:00:00,6556093.038010118 
 01/01  08:00:00,6990016.658907818 
 01/01  09:00:00,6733823.221864161 
 01/01  10:00:00,6476775.647642203 
 01/01  11:00:00,6457533.401928645 
 01/01  12:00:00,6643811.157644469 
 01/01  13:00:00,6370598.166091454 
 01/01  14:00:00,6485499.815148302 
 01/01  15:00:00,6143353.5184496455 
 01/01  16:00:00,5825527.60134595 
 01/01  17:00:00,5450193.085735247 
 01/01  18:00:00,4988815.91284741 
 01/01  19:00:00,5472661.772014058 
 01/01  20:00:00,5575725.749209777 
 01/01  21:00:00,5458976.394502225 
 01/01  22:00:00,5329038.007946375 
 01/01  23:00:00,5419026.996077322 
 01/01  24:00:00,5641521.622109945 
 01/02  01:00:00,5919296.857102885 
 01/02  02:00:00,6088814.959190545 
 01/02  03:00:00,5482949.09445191 
 01/02  04:00:00,5547469.673663785 
 01/02  05:00:00,5734387.731813536 
 01/02  06:00:00,6105497.516065115 
 01/02  07:00:00,6630428.914426303 
 01/02  08:00:00,7720557.047556993 
 01/02  09:00:00,8179985.233592806 
 01/02  10:00:00,8314751.645516823 
 01/02  11:00:00,8091835.879133184 
 01/02  12:00:00,7716640.127067608 
 01/02  13:00:00,6936369.466332646 
 01/02  14:00:00,6829692.497756687 
 01/02  15:00:00,6436911.657742848 
 01/02  16:00:00,6301313.993294804 
 01/02  17:00:00,6623392.467566457 
 01/02  18:00:00,6999173.161428577 
 01/02  19:00:00,7103790.2675611265 
 01/02  20:00:00,6895370.209564258 
 01/02  21:00:00,6563149.063725114 
 01/02  22:00:00,5816834.286621892 
 01/02  23:00:00,5542734.1991092395 
 01/02  24:00:00,5332971.015574011 
 01/03  01:00:00,5218455.014400583 
 01/03  02:00:00,5129688.392982736 
 01/03  03:00:00,4933169.628580401 
 01/03  04:00:00,5140294.235620506 
 01/03  05:00:00,5601548.313303268 
 01/03  06:00:00,5855500.220649891 
 01/03  07:00:00,5913382.425323148 
 01/03  08:00:00,6393384.222030418 
 01/03  09:00:00,6591600.35839445 
 01/03  10:00:00,7028814.929814026 
 01/03  11:00:00,7035264.666742829 
 01/03  12:00:00,6746321.583246845 
 01/03  13:00:00,6453747.846218187 
 01/03  14:00:00,7088227.819957663 
 01/03  15:00:00,7291944.682495282 
 01/03  16:00:00,7388620.353877818 
 01/03  17:00:00,7355829.618049835 
 01/03  18:00:00,7171897.907154674 
 01/03  19:00:00,7833420.404068428 
 01/03  20:00:00,7978568.469178026 
 01/03  21:00:00,7995160.683563029 
 01/03  22:00:00,7951171.2872483535 
 01/03  23:00:00,7743015.157991735 
 01/03  24:00:00,7558102.183491051 
 01/04  01:00:00,7474307.869382476 
 01/04  02:00:00,7392358.496765015 
 01/04  03:00:00,6617370.647684821 
 01/04  04:00:00,6339417.142715267 
 01/04  05:00:00,6146859.192263303 
 01/04  06:00:00,6158102.240743071 
 01/04  07:00:00,6096356.638816961 
 01/04  08:00:00,5984161.350982213 
 01/04  09:00:00,5966733.3485312415 
 01/04  10:00:00,5952598.3126759315 
 01/04  11:00:00,5913948.929919853 
 01/04  12:00:00,5875285.934007605 
 01/04  13:00:00,5885501.482947498 
 01/04  14:00:00,5950509.946618141 
 01/04  15:00:00,6095441.022381607 
 01/04  16:00:00,6404533.180287854 
 01/04  17:00:00,6956961.8229130935 
 01/04  18:00:00,7127609.110196966 
 01/04  19:00:00,7433518.666021208 
 01/04  20:00:00,7604403.817725183 
 01/04  21:00:00,7919306.241611212 
 01/04  22:00:00,8304913.239063096 
 01/04  23:00:00,8792632.250748103 
 01/04  24:00:00,9342349.625659432 
 01/05  01:00:00,9535085.808003955 
 01/05  02:00:00,9426584.213703895 
 01/05  03:00:00,9582536.971010955 
 01/05  04:00:00,9962326.73184665 
 01/05  05:00:00,10337420.790875489 
 01/05  06:00:00,10603997.470582213 
 01/05  07:00:00,10781117.751094773 
 01/05  08:00:00,10922405.932123298 
 01/05  09:00:00,10795313.696186712 
 01/05  10:00:00,10710655.863515094 
 01/05  11:00:00,10551304.887171539 
 01/05  12:00:00,9674735.02881696 
 01/05  13:00:00,8813421.926600512 
 01/05  14:00:00,8204255.72600743 
 01/05  15:00:00,7859612.528042454 
 01/05  16:00:00,7712777.664331673 
 01/05  17:00:00,7435686.298033566 
 01/05  18:00:00,7089498.58473605 
 01/05  19:00:00,6878209.911710214 
 01/05  20:00:00,6640672.012489082 
 01/05  21:00:00,6353425.6223111125 
 01/05  22:00:00,5944076.1362043545 
 01/05  23:00:00,5448011.946638284 
 01/05  24:00:00,5080100.848161735 
 01/06  01:00:00,4746831.798833018 
 01/06  02:00:00,4090297.7319124085 
 01/06  03:00:00,3831262.1143128574 
 01/06  04:00:00,3993193.79215094 
 01/06  05:00:00,4208009.634048063 
 01/06  06:00:00,4498884.103611729 
 01/06  07:00:00,4787181.517868369 
 01/06  08:00:00,5613771.172186226 
 01/06  09:00:00,5925402.600172412 
 01/06  10:00:00,5962468.609904241 
 01/06  11:00:00,5914599.696225239 
 01/06  12:00:00,5800574.370452844 
 01/06  13:00:00,5200904.5016605435 
 01/06  14:00:00,5309716.195594646 
 01/06  15:00:00,5276932.800073471 
 01/06  16:00:00,5468369.851838599 
 01/06  17:00:00,5662522.432896659 
 01/06  18:00:00,5794509.725562655 
 01/06  19:00:00,5886370.816998554 
 01/06  20:00:00,5921956.706150478 
 01/06  21:00:00,5896901.551995682 
 01/06  22:00:00,5377709.057571018 
 01/06  23:00:00,5215552.828513041 
 01/06  24:00:00,5249752.039952962 
 01/07  01:00:00,5426226.837685015 
 01/07  02:00:00,5569883.495685213 
 01/07  03:00:00,5517891.129989187 
 01/07  04:00:00,5290941.526412424 
 01/07  05:00:00,5159605.9941957975 
 01/07  06:00:00,5171453.479897096 
 01/07  07:00:00,5212818.092076326 
 01/07  08:00:00,5844552.846793903 
 01/07  09:00:00,5770354.851124435 
 01/07  10:00:00,5598666.599872519 
 01/07  11:00:00,5930918.215445188 
 01/07  12:00:00,6445226.614690899 
 01/07  13:00:00,6086999.413200626 
 01/07  14:00:00,6083943.624618843 
 01/07  15:00:00,5780930.616252289 
 01/07  16:00:00,5721480.474541966 
 01/07  17:00:00,5919551.356180634 
 01/07  18:00:00,6150557.5763971545 
 01/07  19:00:00,6293094.207403552 
 01/07  20:00:00,6022582.138474476 
 01/07  21:00:00,5707694.118416973 
 01/07  22:00:00,5176637.191788127 
 01/07  23:00:00,5208694.551719159 
 01/07  24:00:00,5447373.4609643025 
 01/08  01:00:00,5727836.978561798 
 01/08  02:00:00,6181966.539803529 
 01/08  03:00:00,6572602.467204002 
 01/08  04:00:00,6782979.679633784 
 01/08  05:00:00,6843924.127592754 
 01/08  06:00:00,6841166.00907334 
 01/08  07:00:00,6809713.831644851 
 01/08  08:00:00,7170052.5274141785 
 01/08  09:00:00,7018832.844338966 
 01/08  10:00:00,6858391.537527717 
 01/08  11:00:00,6619961.150135934 
 01/08  12:00:00,6254500.786390652 
 01/08  13:00:00,5567826.066746686 
 01/08  14:00:00,5591340.583528125 
 01/08  15:00:00,5417423.802949364 
 01/08  16:00:00,5517782.693222715 
 01/08  17:00:00,5467933.943142228 
 01/08  18:00:00,5210885.832730161 
 01/08  19:00:00,5831537.351138703 
 01/08  20:00:00,5981897.231465698 
 01/08  21:00:00,5959544.712150563 
 01/08  22:00:00,5757325.748979307 
 01/08  23:00:00,5399462.343252492 
 01/08  24:00:00,5066325.832017426 
 01/09  01:00:00,4920836.682911263 
 01/09  02:00:00,4864079.046282645 
 01/09  03:00:00,4179854.703368726 
 01/09  04:00:00,4159702.361045797 
 01/09  05:00:00,4356366.145791435 
 01/09  06:00:00,4620533.817118441 
 01/09  07:00:00,4985078.9188895095 
 01/09  08:00:00,5875741.0830174675 
 01/09  09:00:00,5950010.057720911 
 01/09  10:00:00,6004014.099234596 
 01/09  11:00:00,6419479.954440467 
 01/09  12:00:00,7008543.037381062 
 01/09  13:00:00,6947139.961540635 
 01/09  14:00:00,7162496.481636262 
 01/09  15:00:00,7020270.545284452 
 01/09  16:00:00,7097611.420878112 
 01/09  17:00:00,7162477.078052531 
 01/09  18:00:00,7199066.584576976 
 01/09  19:00:00,8190609.21429924 
 01/09  20:00:00,8701016.380322762 
 01/09  21:00:00,9009538.453392506 
 01/09  22:00:00,9203762.796195 
 01/09  23:00:00,9429336.342576107 
 01/09  24:00:00,9643276.35536908 
 01/10  01:00:00,9841220.241005465 
 01/10  02:00:00,10026128.932688842 
 01/10  03:00:00,9533502.883893136 
 01/10  04:00:00,9750164.675420076 
 01/10  05:00:00,10024840.344453586 
 01/10  06:00:00,10206746.479056694 
 01/10  07:00:00,10341542.685681282 
 01/10  08:00:00,11087296.01669089 
 01/10  09:00:00,11187195.026842233 
 01/10  10:00:00,11016351.855248585 
 01/10  11:00:00,10297350.195859829 
 01/10  12:00:00,9137795.764689827 
 01/10  13:00:00,7666329.140168097 
 01/10  14:00:00,7163539.433651492 
 01/10  15:00:00,6695596.03180721 
 01/10  16:00:00,6555515.210404868 
 01/10  17:00:00,6462654.782597966 
 01/10  18:00:00,6233535.099696469 
 01/10  19:00:00,6877394.637834111 
 01/10  20:00:00,7006174.794124167 
 01/10  21:00:00,6962927.707515015 
 01/10  22:00:00,6970589.100898299 
 01/10  23:00:00,6962574.120776779 
 01/10  24:00:00,6928929.1939740535 
 01/11  01:00:00,6970628.025924587 
 01/11  02:00:00,7012117.947215859 
 01/11  03:00:00,6342728.630435064 
 01/11  04:00:00,6239514.056229399 
 01/11  05:00:00,6133383.206511266 
 01/11  06:00:00,6126641.822495841 
 01/11  07:00:00,6402629.417579033 
 01/11  08:00:00,6985032.578082154 
 01/11  09:00:00,7591004.5268894825 
 01/11  10:00:00,8078075.87627664 
 01/11  11:00:00,8195126.738994554 
 01/11  12:00:00,7923242.058496362 
 01/11  13:00:00,7535865.736771627 
 01/11  14:00:00,7265260.347260331 
 01/11  15:00:00,7196650.322451755 
 01/11  16:00:00,7371549.071783794 
 01/11  17:00:00,7829107.471363868 
 01/11  18:00:00,8298324.655878439 
 01/11  19:00:00,9502628.072332647 
 01/11  20:00:00,10161326.428713698 
 01/11  21:00:00,10266439.271265991 
 01/11  22:00:00,10814760.892821021 
 01/11  23:00:00,11210434.968000816 
 01/11  24:00:00,11264544.337706033 
 01/12  01:00:00,11315635.96087615 
 01/12  02:00:00,11687801.028113594 
 01/12  03:00:00,12020083.937267283 
 01/12  04:00:00,11801610.407846745 
 01/12  05:00:00,11573957.132112896 
 01/12  06:00:00,11635272.716574563 
 01/12  07:00:00,11493966.183586868 
 01/12  08:00:00,11176758.801587101 
 01/12  09:00:00,10854665.517966941 
 01/12  10:00:00,10490516.056901045 
 01/12  11:00:00,10237725.124567753 
 01/12  12:00:00,9450177.03163516 
 01/12  13:00:00,8815599.492282642 
 01/12  14:00:00,8512574.948887175 
 01/12  15:00:00,8366837.759362768 
 01/12  16:00:00,8218759.961319948 
 01/12  17:00:00,8064408.58708426 
 01/12  18:00:00,7908286.210633379 
 01/12  19:00:00,7684389.052033189 
 01/12  20:00:00,7469017.607194355 
 01/12  21:00:00,7302128.521320004 
 01/12  22:00:00,7105247.107427196 
 01/12  23:00:00,6814658.760534117 
 01/12  24:00:00,6474791.863628551 
 01/13  01:00:00,6213490.104409018 
 01/13  02:00:00,6221683.152460221 
 01/13  03:00:00,7033861.584771887 
 01/13  04:00:00,7765619.13704611 
 01/13  05:00:00,8063268.141458696 
 01/13  06:00:00,8098723.446427255 
 01/13  07:00:00,8122515.161197166 
 01/13  08:00:00,8889439.806957964 
 01/13  09:00:00,9228233.050972514 
 01/13  10:00:00,9392140.704389162 
 01/13  11:00:00,8955998.337149994 
 01/13  12:00:00,8215985.39488541 
 01/13  13:00:00,7286488.303444189 
 01/13  14:00:00,7281792.672751049 
 01/13  15:00:00,7238015.372123236 
 01/13  16:00:00,7303592.990740786 
 01/13  17:00:00,7282517.711952767 
 01/13  18:00:00,7049201.586610269 
 01/13  19:00:00,7590109.697482662 
 01/13  20:00:00,8017082.164128879 
 01/13  21:00:00,8320921.676539754 
 01/13  22:00:00,8223685.117512907 
 01/13  23:00:00,8184877.560274566 
 01/13  24:00:00,8239945.950631919 
 01/14  01:00:00,8450212.53427613 
 01/14  02:00:00,8679362.458621716 
 01/14  03:00:00,8251574.532469025 
 01/14  04:00:00,8554352.973071596 
 01/14  05:00:00,8888959.657158088 
 01/14  06:00:00,9248008.63524084 
 01/14  07:00:00,9551098.336166633 
 01/14  08:00:00,10369616.27302261 
 01/14  09:00:00,10541944.316075377 
 01/14  10:00:00,10541854.767342713 
 01/14  11:00:00,10389279.527568102 
 01/14  12:00:00,10056866.520872599 
 01/14  13:00:00,8915627.040995074 
 01/14  14:00:00,8476756.43855711 
 01/14  15:00:00,8190009.617194813 
 01/14  16:00:00,8402161.231398229 
 01/14  17:00:00,8450578.454284798 
 01/14  18:00:00,8292504.642424487 
 01/14  19:00:00,9083734.149041627 
 01/14  20:00:00,9161005.994550647 
 01/14  21:00:00,9015085.350619921 
 01/14  22:00:00,8832534.47121897 
 01/14  23:00:00,8555557.195188008 
 01/14  24:00:00,8248557.246585924 
 01/15  01:00:00,8047678.839803964 
 01/15  02:00:00,7886924.928945328 
 01/15  03:00:00,7061623.626715115 
 01/15  04:00:00,6717796.64558857 
 01/15  05:00:00,6302167.30111736 
 01/15  06:00:00,5907582.363142424 
 01/15  07:00:00,5616528.7303354265 
 01/15  08:00:00,6086980.452035379 
 01/15  09:00:00,6020471.328208847 
 01/15  10:00:00,5832366.816539224 
 01/15  11:00:00,5704434.934458727 
 01/15  12:00:00,5653103.184272496 
 01/15  13:00:00,5197596.824638761 
 01/15  14:00:00,5379667.283600626 
 01/15  15:00:00,5362119.17043126 
 01/15  16:00:00,5542713.149799907 
 01/15  17:00:00,5441855.419983192 
 01/15  18:00:00,4978523.595283755 
 01/15  19:00:00,5483940.216047788 
 01/15  20:00:00,5629601.220601486 
 01/15  21:00:00,5603897.148885097 
 01/15  22:00:00,5507403.87140614 
 01/15  23:00:00,5476746.190592441 
 01/15  24:00:00,5491225.107776429 
 01/16  01:00:00,5485176.447402549 
 01/16  02:00:00,5530770.77618134 
 01/16  03:00:00,5041483.010895037 
 01/16  04:00:00,5302340.0613010395 
 01/16  05:00:00,5634044.817209611 
 01/16  06:00:00,5957251.478136962 
 01/16  07:00:00,6262654.5010002535 
 01/16  08:00:00,7137779.706665505 
 01/16  09:00:00,7416254.092446645 
 01/16  10:00:00,7466677.385468876 
 01/16  11:00:00,7305733.377599606 
 01/16  12:00:00,7066350.041869352 
 01/16  13:00:00,6441110.470534802 
 01/16  14:00:00,6623575.849720669 
 01/16  15:00:00,6650575.347032988 
 01/16  16:00:00,6644872.107375886 
 01/16  17:00:00,6767966.6387056075 
 01/16  18:00:00,6801858.828515979 
 01/16  19:00:00,6828962.6670966 
 01/16  20:00:00,7019712.694004526 
 01/16  21:00:00,7027746.3840853255 
 01/16  22:00:00,6508030.955571352 
 01/16  23:00:00,6461616.1814458445 
 01/16  24:00:00,6520832.832797755 
 01/17  01:00:00,6673856.523133997 
 01/17  02:00:00,6799890.710019769 
 01/17  03:00:00,6790915.425456589 
 01/17  04:00:00,6882945.402690262 
 01/17  05:00:00,7011353.629222013 
 01/17  06:00:00,7076047.502232056 
 01/17  07:00:00,7209912.8800348295 
 01/17  08:00:00,7909044.0877502 
 01/17  09:00:00,7950420.102164706 
 01/17  10:00:00,7798985.642861087 
 01/17  11:00:00,7593610.893735796 
 01/17  12:00:00,7372151.212286324 
 01/17  13:00:00,6838139.358914584 
 01/17  14:00:00,7069661.428586307 
 01/17  15:00:00,6901856.9774854 
 01/17  16:00:00,6872455.089174014 
 01/17  17:00:00,7091263.898818604 
 01/17  18:00:00,7414841.926203962 
 01/17  19:00:00,7723613.55264048 
 01/17  20:00:00,7872589.0439175535 
 01/17  21:00:00,7913224.199680859 
 01/17  22:00:00,7492289.73090007 
 01/17  23:00:00,7398713.334811857 
 01/17  24:00:00,7321244.520205974 
 01/18  01:00:00,7175858.243344862 
 01/18  02:00:00,6901623.887222412 
 01/18  03:00:00,6533687.13596537 
 01/18  04:00:00,6192062.07797138 
 01/18  05:00:00,5991302.696192366 
 01/18  06:00:00,5988345.7751781 
 01/18  07:00:00,6111807.697538179 
 01/18  08:00:00,6246805.205383986 
 01/18  09:00:00,6315798.969233354 
 01/18  10:00:00,6293455.165989512 
 01/18  11:00:00,6162700.349097897 
 01/18  12:00:00,5880762.722130603 
 01/18  13:00:00,5605630.91616291 
 01/18  14:00:00,5470835.577831275 
 01/18  15:00:00,5472744.789383636 
 01/18  16:00:00,5583281.308208288 
 01/18  17:00:00,5904169.796900355 
 01/18  18:00:00,5834066.177197784 
 01/18  19:00:00,5933754.543652959 
 01/18  20:00:00,5964572.127178886 
 01/18  21:00:00,6017317.797161261 
 01/18  22:00:00,6022933.463869198 
 01/18  23:00:00,6002829.2343703 
 01/18  24:00:00,6031339.556019489 
 01/19  01:00:00,6035645.25000808 
 01/19  02:00:00,6033875.525310052 
 01/19  03:00:00,6132741.917080065 
 01/19  04:00:00,6258180.654359914 
 01/19  05:00:00,6364820.473035064 
 01/19  06:00:00,6525252.574376032 
 01/19  07:00:00,6737321.132954237 
 01/19  08:00:00,7000032.043601454 
 01/19  09:00:00,7268846.721022798 
 01/19  10:00:00,7576659.893746619 
 01/19  11:00:00,7973270.321344062 
 01/19  12:00:00,7882066.953717328 
 01/19  13:00:00,7838785.3532782495 
 01/19  14:00:00,7861446.379393535 
 01/19  15:00:00,7792129.418257052 
 01/19  16:00:00,7809671.840344736 
 01/19  17:00:00,8141046.090106696 
 01/19  18:00:00,8890427.201542407 
 01/19  19:00:00,9503315.047051162 
 01/19  20:00:00,9856843.528467793 
 01/19  21:00:00,10256037.930173691 
 01/19  22:00:00,10693863.442200162 
 01/19  23:00:00,10680501.979171393 
 01/19  24:00:00,10548306.140999727 
 01/20  01:00:00,10572606.289578844 
 01/20  02:00:00,10072397.632998591 
 01/20  03:00:00,9819293.202789428 
 01/20  04:00:00,10047456.83582124 
 01/20  05:00:00,10364607.473643916 
 01/20  06:00:00,10550091.319726016 
 01/20  07:00:00,10721236.841745034 
 01/20  08:00:00,11326854.822224574 
 01/20  09:00:00,10986000.618778275 
 01/20  10:00:00,10878770.333470253 
 01/20  11:00:00,10702426.67658677 
 01/20  12:00:00,9856421.925133044 
 01/20  13:00:00,8431308.160134928 
 01/20  14:00:00,7999284.68697924 
 01/20  15:00:00,7493834.125774021 
 01/20  16:00:00,7389896.941196839 
 01/20  17:00:00,7688150.476705132 
 01/20  18:00:00,7936146.074217442 
 01/20  19:00:00,9101833.281420613 
 01/20  20:00:00,9360595.47280596 
 01/20  21:00:00,9200088.41307919 
 01/20  22:00:00,9119034.976287987 
 01/20  23:00:00,9303776.068390567 
 01/20  24:00:00,9691542.41846948 
 01/21  01:00:00,10146124.667125631 
 01/21  02:00:00,10344362.701325458 
 01/21  03:00:00,9665299.97395119 
 01/21  04:00:00,9760242.197370127 
 01/21  05:00:00,9965636.644873582 
 01/21  06:00:00,10101736.862646991 
 01/21  07:00:00,10165274.479412513 
 01/21  08:00:00,10906408.305542234 
 01/21  09:00:00,11093276.327274974 
 01/21  10:00:00,11152100.140890121 
 01/21  11:00:00,10827561.703667719 
 01/21  12:00:00,10449318.57560042 
 01/21  13:00:00,9617888.862522008 
 01/21  14:00:00,9018236.147164075 
 01/21  15:00:00,8232122.095669762 
 01/21  16:00:00,7848497.687035943 
 01/21  17:00:00,7526779.9624827355 
 01/21  18:00:00,7492262.019796638 
 01/21  19:00:00,8367165.541710722 
 01/21  20:00:00,8446530.593055716 
 01/21  21:00:00,8334564.489019824 
 01/21  22:00:00,8177809.075910972 
 01/21  23:00:00,8093945.548163989 
 01/21  24:00:00,8031473.442424552 
 01/22  01:00:00,7987672.298130648 
 01/22  02:00:00,7866520.7183284145 
 01/22  03:00:00,7361442.737593737 
 01/22  04:00:00,7374264.572929404 
 01/22  05:00:00,7341671.564716312 
 01/22  06:00:00,7228415.165152006 
 01/22  07:00:00,7093107.031507554 
 01/22  08:00:00,7593213.409979748 
 01/22  09:00:00,7477830.161628341 
 01/22  10:00:00,7312723.023460357 
 01/22  11:00:00,7266576.700696433 
 01/22  12:00:00,7309598.688419914 
 01/22  13:00:00,6871945.685495226 
 01/22  14:00:00,6830545.9339455385 
 01/22  15:00:00,6520248.620244843 
 01/22  16:00:00,6446707.055201843 
 01/22  17:00:00,6301913.322694484 
 01/22  18:00:00,6323662.996218441 
 01/22  19:00:00,7260759.812784282 
 01/22  20:00:00,7465598.856850139 
 01/22  21:00:00,7637541.061255761 
 01/22  22:00:00,7881422.6630915925 
 01/22  23:00:00,8128794.17620947 
 01/22  24:00:00,8389067.03986618 
 01/23  01:00:00,8724773.534463312 
 01/23  02:00:00,8950236.664757842 
 01/23  03:00:00,8733041.910050467 
 01/23  04:00:00,8986534.211897792 
 01/23  05:00:00,9180458.283780975 
 01/23  06:00:00,9363603.38928241 
 01/23  07:00:00,9607342.384087922 
 01/23  08:00:00,10378301.306019692 
 01/23  09:00:00,10289729.1079442 
 01/23  10:00:00,9636404.482422518 
 01/23  11:00:00,8922668.234270025 
 01/23  12:00:00,8623995.909238014 
 01/23  13:00:00,7935591.931107304 
 01/23  14:00:00,7857358.978121112 
 01/23  15:00:00,7831982.431208571 
 01/23  16:00:00,7881385.337859204 
 01/23  17:00:00,7768105.803274727 
 01/23  18:00:00,7892064.786156645 
 01/23  19:00:00,8853090.817258826 
 01/23  20:00:00,9094878.663440712 
 01/23  21:00:00,9338876.69810675 
 01/23  22:00:00,9503217.657664662 
 01/23  23:00:00,9611771.92973178 
 01/23  24:00:00,9812878.622136204 
 01/24  01:00:00,9823132.670245087 
 01/24  02:00:00,9740051.587445274 
 01/24  03:00:00,9358425.350555338 
 01/24  04:00:00,9397487.290089877 
 01/24  05:00:00,9408060.386722853 
 01/24  06:00:00,9414740.815756965 
 01/24  07:00:00,9341622.228814676 
 01/24  08:00:00,9857672.429745497 
 01/24  09:00:00,9774508.033876993 
 01/24  10:00:00,9430616.30368551 
 01/24  11:00:00,9087566.741089236 
 01/24  12:00:00,8778512.439049954 
 01/24  13:00:00,8065372.193205111 
 01/24  14:00:00,8056010.688501358 
 01/24  15:00:00,7813685.165479382 
 01/24  16:00:00,7699257.360337403 
 01/24  17:00:00,7277079.670399911 
 01/24  18:00:00,6891162.9385661315 
 01/24  19:00:00,7500693.779668855 
 01/24  20:00:00,7499732.9313734155 
 01/24  21:00:00,7504257.7048709355 
 01/24  22:00:00,7487021.732399339 
 01/24  23:00:00,7419881.887469051 
 01/24  24:00:00,7357736.54000673 
 01/25  01:00:00,7342842.584148202 
 01/25  02:00:00,7205025.708973772 
 01/25  03:00:00,6634811.025558066 
 01/25  04:00:00,6574700.440513574 
 01/25  05:00:00,6485004.007527462 
 01/25  06:00:00,6373365.4792983625 
 01/25  07:00:00,6207244.389598183 
 01/25  08:00:00,6149161.15815016 
 01/25  09:00:00,6332453.831555335 
 01/25  10:00:00,6421261.792462227 
 01/25  11:00:00,6302625.592992446 
 01/25  12:00:00,6157902.4647423765 
 01/25  13:00:00,5854952.653509613 
 01/25  14:00:00,5305426.763189071 
 01/25  15:00:00,4854262.174808001 
 01/25  16:00:00,4773708.422278807 
 01/25  17:00:00,5295574.725519255 
 01/25  18:00:00,6003129.689367541 
 01/25  19:00:00,7016993.307297262 
 01/25  20:00:00,7489076.625915929 
 01/25  21:00:00,7705873.016145253 
 01/25  22:00:00,7970080.05390665 
 01/25  23:00:00,8260249.836676868 
 01/25  24:00:00,8440851.297911948 
 01/26  01:00:00,8527139.662469912 
 01/26  02:00:00,8463008.003064366 
 01/26  03:00:00,8439582.591257483 
 01/26  04:00:00,8501491.860307334 
 01/26  05:00:00,8535245.751944996 
 01/26  06:00:00,8620260.743513478 
 01/26  07:00:00,8622973.288584428 
 01/26  08:00:00,8525836.671244562 
 01/26  09:00:00,8370982.299298758 
 01/26  10:00:00,8205396.629369189 
 01/26  11:00:00,8084333.798007514 
 01/26  12:00:00,7747014.726193181 
 01/26  13:00:00,7539039.511963492 
 01/26  14:00:00,7239282.554978165 
 01/26  15:00:00,6840563.419825301 
 01/26  16:00:00,6324881.409160227 
 01/26  17:00:00,6497485.595715365 
 01/26  18:00:00,7204495.203747069 
 01/26  19:00:00,7865997.263030163 
 01/26  20:00:00,8549227.963469686 
 01/26  21:00:00,9170268.47534446 
 01/26  22:00:00,9592312.368421603 
 01/26  23:00:00,9838047.44812309 
 01/26  24:00:00,9890433.909736725 
 01/27  01:00:00,9994340.984560555 
 01/27  02:00:00,9852594.89191954 
 01/27  03:00:00,9783793.496005617 
 01/27  04:00:00,9874132.485465884 
 01/27  05:00:00,10021362.041847799 
 01/27  06:00:00,10054683.472844949 
 01/27  07:00:00,9996126.278961575 
 01/27  08:00:00,10568318.841470193 
 01/27  09:00:00,10185221.023964934 
 01/27  10:00:00,9470230.912372753 
 01/27  11:00:00,9001661.463100687 
 01/27  12:00:00,8698385.587470982 
 01/27  13:00:00,7893153.6296760915 
 01/27  14:00:00,7878689.341989646 
 01/27  15:00:00,7880753.730581955 
 01/27  16:00:00,8073392.17365083 
 01/27  17:00:00,7976915.8750605965 
 01/27  18:00:00,7900194.232397507 
 01/27  19:00:00,8849654.920003034 
 01/27  20:00:00,8997887.252177248 
 01/27  21:00:00,8930729.595452737 
 01/27  22:00:00,8972126.01056554 
 01/27  23:00:00,9002245.769212613 
 01/27  24:00:00,8883439.586549295 
 01/28  01:00:00,8784391.903128305 
 01/28  02:00:00,8546356.553578475 
 01/28  03:00:00,7880657.000628352 
 01/28  04:00:00,7818299.406154531 
 01/28  05:00:00,7777762.1444711 
 01/28  06:00:00,7762150.294829857 
 01/28  07:00:00,7759888.88297777 
 01/28  08:00:00,8450763.355657108 
 01/28  09:00:00,8618012.644054653 
 01/28  10:00:00,8379418.550346038 
 01/28  11:00:00,7872296.80059832 
 01/28  12:00:00,7419991.342111591 
 01/28  13:00:00,6801733.488508888 
 01/28  14:00:00,7025285.9062219765 
 01/28  15:00:00,7214366.062519851 
 01/28  16:00:00,7426039.885646878 
 01/28  17:00:00,7599511.906867349 
 01/28  18:00:00,7915062.035487338 
 01/28  19:00:00,8140021.793282839 
 01/28  20:00:00,8206686.44077457 
 01/28  21:00:00,8157851.940224336 
 01/28  22:00:00,7592782.189503223 
 01/28  23:00:00,7519384.182574642 
 01/28  24:00:00,7574499.7504079975 
 01/29  01:00:00,7632805.735073847 
 01/29  02:00:00,7758644.936555091 
 01/29  03:00:00,7785523.065745967 
 01/29  04:00:00,7752769.572817643 
 01/29  05:00:00,7783704.186027012 
 01/29  06:00:00,7812771.501148945 
 01/29  07:00:00,7897682.252233017 
 01/29  08:00:00,8621012.490433263 
 01/29  09:00:00,8759615.067311442 
 01/29  10:00:00,8821484.992653964 
 01/29  11:00:00,8886580.204157904 
 01/29  12:00:00,9003548.746415967 
 01/29  13:00:00,8759630.15285358 
 01/29  14:00:00,9159769.604938813 
 01/29  15:00:00,9245486.807541976 
 01/29  16:00:00,9262924.795272378 
 01/29  17:00:00,9229252.161511518 
 01/29  18:00:00,9239717.318395507 
 01/29  19:00:00,9223979.882927218 
 01/29  20:00:00,9158096.275181968 
 01/29  21:00:00,9110738.318864321 
 01/29  22:00:00,8623457.078983013 
 01/29  23:00:00,8620916.236465916 
 01/29  24:00:00,8695640.298421877 
 01/30  01:00:00,8749987.021596441 
 01/30  02:00:00,8782059.936921522 
 01/30  03:00:00,8788204.513350358 
 01/30  04:00:00,8794317.351367999 
 01/30  05:00:00,8822774.522821508 
 01/30  06:00:00,8851885.239893934 
 01/30  07:00:00,8854997.86161924 
 01/30  08:00:00,9495853.445001882 
 01/30  09:00:00,9501458.47171857 
 01/30  10:00:00,9351671.622777335 
 01/30  11:00:00,9272752.734662844 
 01/30  12:00:00,9245374.283907382 
 01/30  13:00:00,8753725.95433945 
 01/30  14:00:00,8874970.71899507 
 01/30  15:00:00,8682969.010208588 
 01/30  16:00:00,8573708.923498757 
 01/30  17:00:00,8348849.242285255 
 01/30  18:00:00,8018793.326724688 
 01/30  19:00:00,8790914.57590329 
 01/30  20:00:00,9214509.101050593 
 01/30  21:00:00,9493636.17658228 
 01/30  22:00:00,9748563.866486648 
 01/30  23:00:00,9768371.954910073 
 01/30  24:00:00,9457580.516697241 
 01/31  01:00:00,9513705.818895219 
 01/31  02:00:00,10033420.368833989 
 01/31  03:00:00,9629019.607633386 
 01/31  04:00:00,9474670.642531991 
 01/31  05:00:00,9607789.47825935 
 01/31  06:00:00,9734201.334646938 
 01/31  07:00:00,9781798.803920321 
 01/31  08:00:00,10559289.00959929 
 01/31  09:00:00,10462003.544672588 
 01/31  10:00:00,9837993.085622411 
 01/31  11:00:00,9031231.292666694 
 01/31  12:00:00,8423405.481980067 
 01/31  13:00:00,7746896.94526975 
 01/31  14:00:00,7979411.558367582 
 01/31  15:00:00,8053373.583460077 
 01/31  16:00:00,8034901.871885941 
 01/31  17:00:00,7905044.210559844 
 01/31  18:00:00,7775475.342373715 
 01/31  19:00:00,7646075.09746442 
 01/31  20:00:00,7439738.85863997 
 01/31  21:00:00,7212476.90129182 
 01/31  22:00:00,6437784.691681838 
 01/31  23:00:00,6078263.577999863 
 01/31  24:00:00,5837829.659250327 
 02/01  01:00:00,5604084.364472152 
 02/01  02:00:00,5519940.276999879 
 02/01  03:00:00,5662569.851292626 
 02/01  04:00:00,5814196.917001419 
 02/01  05:00:00,6265663.042719794 
 02/01  06:00:00,6848787.672182079 
 02/01  07:00:00,7456189.554838904 
 02/01  08:00:00,8228766.200856682 
 02/01  09:00:00,8777040.809832023 
 02/01  10:00:00,8926359.966727968 
 02/01  11:00:00,8588524.920693077 
 02/01  12:00:00,8124247.634713111 
 02/01  13:00:00,7755174.827889826 
 02/01  14:00:00,7331828.067335078 
 02/01  15:00:00,6993516.455616079 
 02/01  16:00:00,7068688.258373981 
 02/01  17:00:00,7450278.523749153 
 02/01  18:00:00,7360148.331228788 
 02/01  19:00:00,7538374.339117734 
 02/01  20:00:00,7514482.809331928 
 02/01  21:00:00,7391241.045622533 
 02/01  22:00:00,7353361.139471569 
 02/01  23:00:00,7281491.256922156 
 02/01  24:00:00,7227078.321953818 
 02/02  01:00:00,7087379.749803015 
 02/02  02:00:00,6886728.750205189 
 02/02  03:00:00,6947822.252439146 
 02/02  04:00:00,7157792.925178059 
 02/02  05:00:00,7462483.141110271 
 02/02  06:00:00,7812723.943982262 
 02/02  07:00:00,8113943.81901958 
 02/02  08:00:00,8310625.867614263 
 02/02  09:00:00,8337006.900118371 
 02/02  10:00:00,8476044.657542752 
 02/02  11:00:00,8526595.351281524 
 02/02  12:00:00,7954983.224175619 
 02/02  13:00:00,7423535.913865224 
 02/02  14:00:00,6914351.464941267 
 02/02  15:00:00,6630611.9553329665 
 02/02  16:00:00,6729520.245568141 
 02/02  17:00:00,7091614.7708921265 
 02/02  18:00:00,7700615.713347907 
 02/02  19:00:00,8334940.281736655 
 02/02  20:00:00,8704709.465874795 
 02/02  21:00:00,8870420.407966504 
 02/02  22:00:00,8954864.126297198 
 02/02  23:00:00,8926202.093641026 
 02/02  24:00:00,8813566.001624126 
 02/03  01:00:00,8957660.123302625 
 02/03  02:00:00,8715089.624442365 
 02/03  03:00:00,8511207.132621938 
 02/03  04:00:00,8493891.998114526 
 02/03  05:00:00,8353080.98118027 
 02/03  06:00:00,8105537.020571831 
 02/03  07:00:00,7841570.145350943 
 02/03  08:00:00,8367092.60314983 
 02/03  09:00:00,8414927.17512665 
 02/03  10:00:00,8172282.806695821 
 02/03  11:00:00,7739965.012599882 
 02/03  12:00:00,7495897.351391705 
 02/03  13:00:00,7012986.422358546 
 02/03  14:00:00,7245105.711709005 
 02/03  15:00:00,7195531.710112344 
 02/03  16:00:00,7279296.7756487625 
 02/03  17:00:00,7254399.988283136 
 02/03  18:00:00,7070085.840555378 
 02/03  19:00:00,7903547.698034516 
 02/03  20:00:00,8307151.5477859685 
 02/03  21:00:00,8460679.062184786 
 02/03  22:00:00,8334119.286632394 
 02/03  23:00:00,8257891.889089537 
 02/03  24:00:00,8308273.998221305 
 02/04  01:00:00,8209551.247566316 
 02/04  02:00:00,8110469.115522455 
 02/04  03:00:00,7508392.833073026 
 02/04  04:00:00,7603999.041475961 
 02/04  05:00:00,7872243.610827605 
 02/04  06:00:00,8432738.778538032 
 02/04  07:00:00,9002337.906761687 
 02/04  08:00:00,9747636.254073493 
 02/04  09:00:00,9559593.983249798 
 02/04  10:00:00,9141365.224341368 
 02/04  11:00:00,8693445.45997118 
 02/04  12:00:00,8304321.59609111 
 02/04  13:00:00,7722279.456792925 
 02/04  14:00:00,7878166.745823363 
 02/04  15:00:00,7706526.908455603 
 02/04  16:00:00,7687559.372834115 
 02/04  17:00:00,7404902.840853832 
 02/04  18:00:00,6889917.661265843 
 02/04  19:00:00,7385959.097213333 
 02/04  20:00:00,7336369.1133800065 
 02/04  21:00:00,7159957.5010413835 
 02/04  22:00:00,7131111.581308711 
 02/04  23:00:00,7329375.7266122345 
 02/04  24:00:00,7631147.231790434 
 02/05  01:00:00,7772799.979965366 
 02/05  02:00:00,7884209.157309945 
 02/05  03:00:00,7323344.779585097 
 02/05  04:00:00,7129949.118215661 
 02/05  05:00:00,6904674.440329125 
 02/05  06:00:00,6870557.214216782 
 02/05  07:00:00,7042356.304339475 
 02/05  08:00:00,7764367.318454791 
 02/05  09:00:00,7852277.98369623 
 02/05  10:00:00,7699404.846750266 
 02/05  11:00:00,7243883.347386286 
 02/05  12:00:00,6995134.638271078 
 02/05  13:00:00,6585875.199325131 
 02/05  14:00:00,7106673.421762133 
 02/05  15:00:00,7281525.749238964 
 02/05  16:00:00,7142457.857012341 
 02/05  17:00:00,6654660.306402959 
 02/05  18:00:00,5992228.569438817 
 02/05  19:00:00,6473608.045829913 
 02/05  20:00:00,6674687.761986767 
 02/05  21:00:00,6795522.49215309 
 02/05  22:00:00,6933361.869469771 
 02/05  23:00:00,7040036.341828644 
 02/05  24:00:00,7274902.8357962705 
 02/06  01:00:00,7484871.654359625 
 02/06  02:00:00,7647443.891267815 
 02/06  03:00:00,7152134.496738507 
 02/06  04:00:00,7281694.253530124 
 02/06  05:00:00,7366886.834858499 
 02/06  06:00:00,7435648.993961692 
 02/06  07:00:00,7152837.830904358 
 02/06  08:00:00,7594240.918131519 
 02/06  09:00:00,7607361.561145469 
 02/06  10:00:00,7336805.499352861 
 02/06  11:00:00,7075963.340065425 
 02/06  12:00:00,7059142.793037683 
 02/06  13:00:00,6895761.622504815 
 02/06  14:00:00,7423323.6653307695 
 02/06  15:00:00,7649522.852604897 
 02/06  16:00:00,7906342.281380525 
 02/06  17:00:00,7787791.654635994 
 02/06  18:00:00,7182043.1053620875 
 02/06  19:00:00,7261920.919666854 
 02/06  20:00:00,6877191.361047353 
 02/06  21:00:00,6479146.551507535 
 02/06  22:00:00,6251426.871766011 
 02/06  23:00:00,6169783.6422198 
 02/06  24:00:00,6165517.514007259 
 02/07  01:00:00,6236869.23247892 
 02/07  02:00:00,6187159.874804643 
 02/07  03:00:00,5362591.232315209 
 02/07  04:00:00,5226765.310691987 
 02/07  05:00:00,5226044.633771931 
 02/07  06:00:00,5691576.720822783 
 02/07  07:00:00,7084574.003236314 
 02/07  08:00:00,8855622.25386234 
 02/07  09:00:00,8964507.037345791 
 02/07  10:00:00,8592336.688152855 
 02/07  11:00:00,8289821.4607793735 
 02/07  12:00:00,8162126.4908284135 
 02/07  13:00:00,7591693.549839305 
 02/07  14:00:00,7573065.318587945 
 02/07  15:00:00,7374698.82074391 
 02/07  16:00:00,7268394.455125336 
 02/07  17:00:00,6979997.836493763 
 02/07  18:00:00,7002158.115509863 
 02/07  19:00:00,7735691.693471617 
 02/07  20:00:00,7587485.446110326 
 02/07  21:00:00,7413381.1272087125 
 02/07  22:00:00,7199166.454610385 
 02/07  23:00:00,7124544.778315608 
 02/07  24:00:00,7102740.260506791 
 02/08  01:00:00,7079373.143327959 
 02/08  02:00:00,6926420.186155977 
 02/08  03:00:00,6217429.331141523 
 02/08  04:00:00,5927152.777336002 
 02/08  05:00:00,5739875.844566809 
 02/08  06:00:00,5741906.864776283 
 02/08  07:00:00,5964114.388530809 
 02/08  08:00:00,6369944.630890323 
 02/08  09:00:00,6752518.599359425 
 02/08  10:00:00,6840383.787509202 
 02/08  11:00:00,6800934.012069745 
 02/08  12:00:00,6870026.972769226 
 02/08  13:00:00,6900938.632443574 
 02/08  14:00:00,6796225.015074842 
 02/08  15:00:00,6694014.253689435 
 02/08  16:00:00,6697629.207087075 
 02/08  17:00:00,6851752.904040402 
 02/08  18:00:00,6685296.983076432 
 02/08  19:00:00,6891955.557352119 
 02/08  20:00:00,6936234.61279865 
 02/08  21:00:00,6773930.158690728 
 02/08  22:00:00,6765192.780124095 
 02/08  23:00:00,6945133.891594281 
 02/08  24:00:00,7157277.499675491 
 02/09  01:00:00,7310818.660339693 
 02/09  02:00:00,7308102.546564966 
 02/09  03:00:00,7182426.726246567 
 02/09  04:00:00,7071605.204789756 
 02/09  05:00:00,7117299.532105807 
 02/09  06:00:00,7179797.431616327 
 02/09  07:00:00,7153354.5300710155 
 02/09  08:00:00,7127122.145251244 
 02/09  09:00:00,7108808.39908962 
 02/09  10:00:00,7363528.59757142 
 02/09  11:00:00,7750756.5770678045 
 02/09  12:00:00,7514739.95550434 
 02/09  13:00:00,7369304.818398979 
 02/09  14:00:00,7387397.084185809 
 02/09  15:00:00,7428841.007042682 
 02/09  16:00:00,7546688.3541719 
 02/09  17:00:00,7891597.645812528 
 02/09  18:00:00,8435298.736096188 
 02/09  19:00:00,8975066.817877732 
 02/09  20:00:00,9342854.247288195 
 02/09  21:00:00,9567998.692297483 
 02/09  22:00:00,9550730.979778973 
 02/09  23:00:00,9399530.775921931 
 02/09  24:00:00,9399198.920360897 
 02/10  01:00:00,9330960.173126703 
 02/10  02:00:00,8773078.072722554 
 02/10  03:00:00,8513437.958940247 
 02/10  04:00:00,8611053.179830939 
 02/10  05:00:00,8706433.41317616 
 02/10  06:00:00,8708383.64228524 
 02/10  07:00:00,8709741.609299824 
 02/10  08:00:00,9349365.70493637 
 02/10  09:00:00,9377606.7320887 
 02/10  10:00:00,9119347.137710532 
 02/10  11:00:00,8775684.415097198 
 02/10  12:00:00,8470301.979183115 
 02/10  13:00:00,7630836.912546178 
 02/10  14:00:00,7616685.215733702 
 02/10  15:00:00,7573163.802279387 
 02/10  16:00:00,7639480.102582817 
 02/10  17:00:00,7526874.641200496 
 02/10  18:00:00,7531574.455249362 
 02/10  19:00:00,8422411.081199639 
 02/10  20:00:00,8695622.459757222 
 02/10  21:00:00,8860999.065195085 
 02/10  22:00:00,8894751.911136093 
 02/10  23:00:00,9087155.219882092 
 02/10  24:00:00,9392259.415705487 
 02/11  01:00:00,9707534.281529844 
 02/11  02:00:00,9672595.744358297 
 02/11  03:00:00,9208042.466440266 
 02/11  04:00:00,9378221.338161051 
 02/11  05:00:00,9398678.547649467 
 02/11  06:00:00,9130382.071705649 
 02/11  07:00:00,8572708.013995793 
 02/11  08:00:00,8586423.97064842 
 02/11  09:00:00,8223254.730611395 
 02/11  10:00:00,7867364.897585724 
 02/11  11:00:00,7648840.884985478 
 02/11  12:00:00,7659556.879653528 
 02/11  13:00:00,7273763.348430174 
 02/11  14:00:00,8041962.599000085 
 02/11  15:00:00,8368389.2079588 
 02/11  16:00:00,8077167.010528815 
 02/11  17:00:00,7726211.602008926 
 02/11  18:00:00,7659889.703307228 
 02/11  19:00:00,8760443.434046045 
 02/11  20:00:00,8956966.117966956 
 02/11  21:00:00,8923743.318374975 
 02/11  22:00:00,9208284.692633504 
 02/11  23:00:00,9627195.87535622 
 02/11  24:00:00,10029919.075458564 
 02/12  01:00:00,10421786.67404287 
 02/12  02:00:00,10579152.996203946 
 02/12  03:00:00,9591219.276688976 
 02/12  04:00:00,9159729.658118265 
 02/12  05:00:00,9084567.921793228 
 02/12  06:00:00,9132669.773641456 
 02/12  07:00:00,8950039.992318096 
 02/12  08:00:00,9183992.701710602 
 02/12  09:00:00,8751274.381853387 
 02/12  10:00:00,8121945.336337242 
 02/12  11:00:00,7573840.415359209 
 02/12  12:00:00,7284134.0652911505 
 02/12  13:00:00,6854778.8506217105 
 02/12  14:00:00,7278307.116962892 
 02/12  15:00:00,7488005.855188654 
 02/12  16:00:00,7276866.011482127 
 02/12  17:00:00,6795582.581302189 
 02/12  18:00:00,6687995.328826742 
 02/12  19:00:00,7497155.169477014 
 02/12  20:00:00,7715280.347854665 
 02/12  21:00:00,7967241.5941309 
 02/12  22:00:00,8283102.107833138 
 02/12  23:00:00,8504266.728797197 
 02/12  24:00:00,8660211.419463094 
 02/13  01:00:00,8855771.063764114 
 02/13  02:00:00,9029343.48630268 
 02/13  03:00:00,8828759.944572719 
 02/13  04:00:00,9029830.605727544 
 02/13  05:00:00,9164637.063055448 
 02/13  06:00:00,9264217.088048026 
 02/13  07:00:00,9204487.915334014 
 02/13  08:00:00,9475021.838710584 
 02/13  09:00:00,9325191.753802024 
 02/13  10:00:00,9103528.067399299 
 02/13  11:00:00,8693386.31453206 
 02/13  12:00:00,8433086.056388982 
 02/13  13:00:00,7957563.390899908 
 02/13  14:00:00,8218458.193020909 
 02/13  15:00:00,8126417.634649991 
 02/13  16:00:00,8067369.373065299 
 02/13  17:00:00,7910625.80779101 
 02/13  18:00:00,7766415.787623119 
 02/13  19:00:00,8677859.699293673 
 02/13  20:00:00,9109006.573191263 
 02/13  21:00:00,9405820.109098194 
 02/13  22:00:00,9687491.928875986 
 02/13  23:00:00,9941647.891905852 
 02/13  24:00:00,10095270.686877375 
 02/14  01:00:00,10176757.92184772 
 02/14  02:00:00,10237153.098353403 
 02/14  03:00:00,9701590.27440952 
 02/14  04:00:00,9733694.988900365 
 02/14  05:00:00,9449755.008896124 
 02/14  06:00:00,9307883.854891006 
 02/14  07:00:00,9041196.896963103 
 02/14  08:00:00,9338533.19877108 
 02/14  09:00:00,9004596.102685874 
 02/14  10:00:00,8700804.534791788 
 02/14  11:00:00,8738082.294951502 
 02/14  12:00:00,8887991.659084221 
 02/14  13:00:00,8534494.16048034 
 02/14  14:00:00,8606302.154355023 
 02/14  15:00:00,8090904.150970082 
 02/14  16:00:00,7231419.795776161 
 02/14  17:00:00,5926919.558832886 
 02/14  18:00:00,4873042.458801309 
 02/14  19:00:00,5215122.766418556 
 02/14  20:00:00,5186271.424859562 
 02/14  21:00:00,5265114.212441318 
 02/14  22:00:00,5645539.256256938 
 02/14  23:00:00,6039791.464815098 
 02/14  24:00:00,6283159.709053215 
 02/15  01:00:00,6493107.817661387 
 02/15  02:00:00,6636630.321658312 
 02/15  03:00:00,6258923.123157692 
 02/15  04:00:00,6273046.207590176 
 02/15  05:00:00,6387806.399654604 
 02/15  06:00:00,6584177.861979843 
 02/15  07:00:00,6629326.19419425 
 02/15  08:00:00,6555740.785451324 
 02/15  09:00:00,6532492.153184229 
 02/15  10:00:00,6513024.627347835 
 02/15  11:00:00,6362926.630035705 
 02/15  12:00:00,6170201.997639481 
 02/15  13:00:00,6016746.492973646 
 02/15  14:00:00,5911665.443015584 
 02/15  15:00:00,5866174.294981085 
 02/15  16:00:00,6097228.5547790155 
 02/15  17:00:00,6563169.210616463 
 02/15  18:00:00,6572695.56921562 
 02/15  19:00:00,6890700.402267014 
 02/15  20:00:00,7159863.29470094 
 02/15  21:00:00,7433531.281583847 
 02/15  22:00:00,7628789.4738179585 
 02/15  23:00:00,7787708.639309237 
 02/15  24:00:00,8044638.217386283 
 02/16  01:00:00,8384015.345471022 
 02/16  02:00:00,8751441.956439633 
 02/16  03:00:00,9032233.435648436 
 02/16  04:00:00,9282121.147521824 
 02/16  05:00:00,9525431.48650767 
 02/16  06:00:00,9750266.035853328 
 02/16  07:00:00,9967337.660309432 
 02/16  08:00:00,10159319.774828006 
 02/16  09:00:00,10268576.605003921 
 02/16  10:00:00,10163755.577944541 
 02/16  11:00:00,9759998.270160725 
 02/16  12:00:00,8792894.341029447 
 02/16  13:00:00,7981201.253503571 
 02/16  14:00:00,7491506.431697496 
 02/16  15:00:00,7054297.8677618615 
 02/16  16:00:00,6770070.461279698 
 02/16  17:00:00,6836991.685735687 
 02/16  18:00:00,7317683.30469379 
 02/16  19:00:00,8021973.644238893 
 02/16  20:00:00,8514546.145740125 
 02/16  21:00:00,8720085.100802094 
 02/16  22:00:00,8643016.209700063 
 02/16  23:00:00,8725145.702509876 
 02/16  24:00:00,8956047.08634323 
 02/17  01:00:00,8971958.290722573 
 02/17  02:00:00,8450184.434813391 
 02/17  03:00:00,8179669.469835459 
 02/17  04:00:00,8183305.9759936435 
 02/17  05:00:00,8052636.325509216 
 02/17  06:00:00,7905126.9558252115 
 02/17  07:00:00,7736073.159699494 
 02/17  08:00:00,8084591.427367461 
 02/17  09:00:00,7788877.140145352 
 02/17  10:00:00,7387147.660248001 
 02/17  11:00:00,7051783.780724147 
 02/17  12:00:00,6771202.863691244 
 02/17  13:00:00,6031348.243124581 
 02/17  14:00:00,6010785.104451396 
 02/17  15:00:00,5895591.712197741 
 02/17  16:00:00,5927785.750720179 
 02/17  17:00:00,5838494.195588939 
 02/17  18:00:00,5612996.366154645 
 02/17  19:00:00,6388670.819479459 
 02/17  20:00:00,6683136.038012416 
 02/17  21:00:00,6714009.735745362 
 02/17  22:00:00,6691030.277312711 
 02/17  23:00:00,6689889.119344304 
 02/17  24:00:00,6690578.683859279 
 02/18  01:00:00,6715144.752603025 
 02/18  02:00:00,6743086.343359826 
 02/18  03:00:00,6132128.594623327 
 02/18  04:00:00,6133484.64076719 
 02/18  05:00:00,6134001.348010313 
 02/18  06:00:00,6157747.238396576 
 02/18  07:00:00,6261922.362133052 
 02/18  08:00:00,6975953.772865098 
 02/18  09:00:00,7059900.494584587 
 02/18  10:00:00,7013778.315388688 
 02/18  11:00:00,6739217.782400167 
 02/18  12:00:00,6403944.282712447 
 02/18  13:00:00,5872227.922597504 
 02/18  14:00:00,6155574.342621656 
 02/18  15:00:00,6181761.457302038 
 02/18  16:00:00,6223086.069811709 
 02/18  17:00:00,6116095.855850944 
 02/18  18:00:00,5911671.391315383 
 02/18  19:00:00,6884518.774262199 
 02/18  20:00:00,7550498.710640522 
 02/18  21:00:00,7950528.174795099 
 02/18  22:00:00,8247149.761031097 
 02/18  23:00:00,8439126.110671222 
 02/18  24:00:00,8644464.746862445 
 02/19  01:00:00,8889020.629545335 
 02/19  02:00:00,9099611.04979525 
 02/19  03:00:00,8675768.894216184 
 02/19  04:00:00,8737087.833374912 
 02/19  05:00:00,8551886.838429468 
 02/19  06:00:00,8230429.798900118 
 02/19  07:00:00,8003737.219795892 
 02/19  08:00:00,8400891.164874192 
 02/19  09:00:00,8175988.360776836 
 02/19  10:00:00,7847445.073558602 
 02/19  11:00:00,7436065.837586517 
 02/19  12:00:00,7110269.439971992 
 02/19  13:00:00,6451893.212350359 
 02/19  14:00:00,6433744.315763248 
 02/19  15:00:00,6187221.876710138 
 02/19  16:00:00,6214119.146314793 
 02/19  17:00:00,6161414.03377021 
 02/19  18:00:00,5837029.5254574185 
 02/19  19:00:00,6457229.517565812 
 02/19  20:00:00,6661299.174857717 
 02/19  21:00:00,6651345.207044654 
 02/19  22:00:00,6491158.722427433 
 02/19  23:00:00,6309190.0086919265 
 02/19  24:00:00,6172280.28042971 
 02/20  01:00:00,6129384.906354521 
 02/20  02:00:00,6134374.301213234 
 02/20  03:00:00,5454520.100159498 
 02/20  04:00:00,5392513.379153667 
 02/20  05:00:00,5129745.200139766 
 02/20  06:00:00,4957442.615138944 
 02/20  07:00:00,4793882.902836507 
 02/20  08:00:00,5339129.4632142885 
 02/20  09:00:00,5319211.410398194 
 02/20  10:00:00,5224929.691631946 
 02/20  11:00:00,5162056.517700127 
 02/20  12:00:00,5160143.935418333 
 02/20  13:00:00,4816458.46958901 
 02/20  14:00:00,5091973.473974136 
 02/20  15:00:00,5102970.056562868 
 02/20  16:00:00,5139016.659331403 
 02/20  17:00:00,5167247.579264511 
 02/20  18:00:00,5326213.682584114 
 02/20  19:00:00,6493789.138254652 
 02/20  20:00:00,7147174.712675095 
 02/20  21:00:00,7571621.212099843 
 02/20  22:00:00,7876521.001828619 
 02/20  23:00:00,8063327.823316172 
 02/20  24:00:00,8266064.007277196 
 02/21  01:00:00,8516382.692896996 
 02/21  02:00:00,8788718.119715704 
 02/21  03:00:00,8459846.28252575 
 02/21  04:00:00,8724270.535629801 
 02/21  05:00:00,9045551.617276786 
 02/21  06:00:00,9370637.185239822 
 02/21  07:00:00,9616269.582724389 
 02/21  08:00:00,10285002.8064854 
 02/21  09:00:00,10180476.739729293 
 02/21  10:00:00,9584883.391114153 
 02/21  11:00:00,8782712.267353967 
 02/21  12:00:00,8180072.530864465 
 02/21  13:00:00,7352248.833135944 
 02/21  14:00:00,7354236.129714543 
 02/21  15:00:00,7132277.823319704 
 02/21  16:00:00,6959669.558974354 
 02/21  17:00:00,6687662.952294266 
 02/21  18:00:00,6584146.746743726 
 02/21  19:00:00,7670252.626317954 
 02/21  20:00:00,8009334.055068318 
 02/21  21:00:00,7971478.884033582 
 02/21  22:00:00,7906270.406435672 
 02/21  23:00:00,7922254.180182097 
 02/21  24:00:00,7988400.26497837 
 02/22  01:00:00,8201775.000345927 
 02/22  02:00:00,8376548.955694063 
 02/22  03:00:00,8118862.81280031 
 02/22  04:00:00,8349595.693885114 
 02/22  05:00:00,8481372.573357536 
 02/22  06:00:00,8641529.620434823 
 02/22  07:00:00,8829449.055354718 
 02/22  08:00:00,8974190.56965114 
 02/22  09:00:00,9001024.784568975 
 02/22  10:00:00,8583835.98259988 
 02/22  11:00:00,7768935.901725415 
 02/22  12:00:00,6900850.091537543 
 02/22  13:00:00,6204354.677228072 
 02/22  14:00:00,5602886.849474543 
 02/22  15:00:00,5376349.852963104 
 02/22  16:00:00,5528918.158904974 
 02/22  17:00:00,5611266.553200497 
 02/22  18:00:00,5993744.703412006 
 02/22  19:00:00,6016446.662746093 
 02/22  20:00:00,6583584.549702074 
 02/22  21:00:00,6990563.677453673 
 02/22  22:00:00,6708643.693160128 
 02/22  23:00:00,6329057.5491833035 
 02/22  24:00:00,6243963.953463595 
 02/23  01:00:00,6117312.885503786 
 02/23  02:00:00,6042294.529661754 
 02/23  03:00:00,5980158.706552898 
 02/23  04:00:00,5817812.800739036 
 02/23  05:00:00,5630568.995364564 
 02/23  06:00:00,5513741.161276666 
 02/23  07:00:00,5391639.290554158 
 02/23  08:00:00,5302235.289833804 
 02/23  09:00:00,5261415.9978025425 
 02/23  10:00:00,5298437.796482783 
 02/23  11:00:00,5546999.868743685 
 02/23  12:00:00,5373022.461280862 
 02/23  13:00:00,5160975.186279392 
 02/23  14:00:00,5047487.6914621005 
 02/23  15:00:00,4974733.2938883 
 02/23  16:00:00,4856604.5842852155 
 02/23  17:00:00,4750223.244311622 
 02/23  18:00:00,4827456.283713926 
 02/23  19:00:00,5006137.851489157 
 02/23  20:00:00,5176904.269958211 
 02/23  21:00:00,5375562.946319285 
 02/23  22:00:00,5576553.016549729 
 02/23  23:00:00,5756526.663134904 
 02/23  24:00:00,5895829.8729225295 
 02/24  01:00:00,6066729.652498739 
 02/24  02:00:00,5822213.139215693 
 02/24  03:00:00,5767675.078101106 
 02/24  04:00:00,5888416.679188315 
 02/24  05:00:00,6014328.454613677 
 02/24  06:00:00,6157921.323348227 
 02/24  07:00:00,6278689.595277596 
 02/24  08:00:00,7210468.030072674 
 02/24  09:00:00,7557205.561059015 
 02/24  10:00:00,7269473.416911297 
 02/24  11:00:00,6514932.360259149 
 02/24  12:00:00,5708150.497661796 
 02/24  13:00:00,4958007.860615516 
 02/24  14:00:00,5253950.343790991 
 02/24  15:00:00,5297408.485856477 
 02/24  16:00:00,5289281.732520732 
 02/24  17:00:00,5134210.246024811 
 02/24  18:00:00,4821786.024984931 
 02/24  19:00:00,5343541.998637113 
 02/24  20:00:00,5461101.602789519 
 02/24  21:00:00,5480003.494659753 
 02/24  22:00:00,5476615.5059644915 
 02/24  23:00:00,5352316.245665553 
 02/24  24:00:00,5182511.324605738 
 02/25  01:00:00,5264845.277773232 
 02/25  02:00:00,5572171.355444912 
 02/25  03:00:00,5358120.238826537 
 02/25  04:00:00,5739006.431949339 
 02/25  05:00:00,5857931.133544624 
 02/25  06:00:00,5815685.302616373 
 02/25  07:00:00,5809689.218207121 
 02/25  08:00:00,6513771.109452417 
 02/25  09:00:00,6784663.759213464 
 02/25  10:00:00,7057716.185226252 
 02/25  11:00:00,7253915.100002212 
 02/25  12:00:00,7365905.971185699 
 02/25  13:00:00,6780611.244751817 
 02/25  14:00:00,6615696.960097817 
 02/25  15:00:00,6370529.625973793 
 02/25  16:00:00,6401467.799884366 
 02/25  17:00:00,6508115.443619872 
 02/25  18:00:00,6692379.909501056 
 02/25  19:00:00,7078351.837756351 
 02/25  20:00:00,7442440.060843705 
 02/25  21:00:00,7647698.502709044 
 02/25  22:00:00,7455810.739038447 
 02/25  23:00:00,7640342.983289092 
 02/25  24:00:00,7773474.185180336 
 02/26  01:00:00,7860481.591882172 
 02/26  02:00:00,8104419.684582268 
 02/26  03:00:00,8561791.106268873 
 02/26  04:00:00,8985372.13147015 
 02/26  05:00:00,9240139.41306686 
 02/26  06:00:00,9461890.776865982 
 02/26  07:00:00,9645839.786697187 
 02/26  08:00:00,10328212.917984292 
 02/26  09:00:00,10181433.960743416 
 02/26  10:00:00,9376776.641165476 
 02/26  11:00:00,8434374.580089746 
 02/26  12:00:00,7667627.474458527 
 02/26  13:00:00,6769360.658600079 
 02/26  14:00:00,6698743.791188685 
 02/26  15:00:00,6525238.149006457 
 02/26  16:00:00,6481105.659943068 
 02/26  17:00:00,6360074.341907908 
 02/26  18:00:00,6314042.90615189 
 02/26  19:00:00,7418573.403872472 
 02/26  20:00:00,8091174.338374052 
 02/26  21:00:00,8287288.626848204 
 02/26  22:00:00,8278588.145882979 
 02/26  23:00:00,8270984.81481085 
 02/26  24:00:00,8230324.839938918 
 02/27  01:00:00,8105105.465874525 
 02/27  02:00:00,7904973.686955224 
 02/27  03:00:00,7059011.886178551 
 02/27  04:00:00,6849848.217894256 
 02/27  05:00:00,6828346.070633019 
 02/27  06:00:00,6923931.60893022 
 02/27  07:00:00,6933641.897554908 
 02/27  08:00:00,7489641.84178228 
 02/27  09:00:00,7377972.274504684 
 02/27  10:00:00,7116376.88708624 
 02/27  11:00:00,7138013.185201161 
 02/27  12:00:00,7099464.389696555 
 02/27  13:00:00,6491258.663950143 
 02/27  14:00:00,6553010.5713776015 
 02/27  15:00:00,6442486.586507133 
 02/27  16:00:00,6530234.255090057 
 02/27  17:00:00,6690404.337684366 
 02/27  18:00:00,7105209.97839538 
 02/27  19:00:00,7717979.276554022 
 02/27  20:00:00,8308822.991011726 
 02/27  21:00:00,8835385.750187423 
 02/27  22:00:00,8898481.704375153 
 02/27  23:00:00,9199133.223504724 
 02/27  24:00:00,9421653.322120046 
 02/28  01:00:00,9519710.29608396 
 02/28  02:00:00,9406160.067641055 
 02/28  03:00:00,9245823.692531884 
 02/28  04:00:00,9079976.228673846 
 02/28  05:00:00,8799090.833900657 
 02/28  06:00:00,8568522.97681231 
 02/28  07:00:00,8473956.637397202 
 02/28  08:00:00,9018016.558758935 
 02/28  09:00:00,9000501.526715944 
 02/28  10:00:00,8861036.744410347 
 02/28  11:00:00,8642172.743926315 
 02/28  12:00:00,8424389.93578751 
 02/28  13:00:00,7952843.145542466 
 02/28  14:00:00,8314488.787825308 
 02/28  15:00:00,8397849.372034885 
 02/28  16:00:00,8366950.2091682665 
 02/28  17:00:00,8166320.086923437 
 02/28  18:00:00,7855721.821186 
 02/28  19:00:00,8414854.574670296 
 02/28  20:00:00,8519485.575819016 
 02/28  21:00:00,8496545.438939346 
 02/28  22:00:00,8469646.526262837 
 02/28  23:00:00,8781948.007628847 
 02/28  24:00:00,9141034.666117694 
 03/01  01:00:00,9324285.92272796 
 03/01  02:00:00,9615319.201978162 
 03/01  03:00:00,9325354.946297996 
 03/01  04:00:00,9624031.106598146 
 03/01  05:00:00,9792635.186301554 
 03/01  06:00:00,9936614.066859625 
 03/01  07:00:00,10087359.761791471 
 03/01  08:00:00,10284066.169407394 
 03/01  09:00:00,10330501.045178363 
 03/01  10:00:00,9936738.075366333 
 03/01  11:00:00,9262773.609761504 
 03/01  12:00:00,8507336.098466845 
 03/01  13:00:00,7800250.616033521 
 03/01  14:00:00,7249885.885384465 
 03/01  15:00:00,6950978.142636336 
 03/01  16:00:00,6913184.9200887075 
 03/01  17:00:00,7022187.444337875 
 03/01  18:00:00,6873491.299437275 
 03/01  19:00:00,7396582.562597962 
 03/01  20:00:00,7927559.803325769 
 03/01  21:00:00,8330627.388445632 
 03/01  22:00:00,8490213.876429444 
 03/01  23:00:00,8675469.947135026 
 03/01  24:00:00,9137260.586623011 
 03/02  01:00:00,9547968.574498348 
 03/02  02:00:00,9855667.794790681 
 03/02  03:00:00,9998190.39488175 
 03/02  04:00:00,9849977.490404308 
 03/02  05:00:00,9310116.19652705 
 03/02  06:00:00,8523303.735364811 
 03/02  07:00:00,7876919.375077442 
 03/02  08:00:00,7477286.390676626 
 03/02  09:00:00,7243809.419402654 
 03/02  10:00:00,7060934.069307933 
 03/02  11:00:00,6861645.293146785 
 03/02  12:00:00,6427314.642179577 
 03/02  13:00:00,6367551.386843658 
 03/02  14:00:00,6428320.624647668 
 03/02  15:00:00,6485578.068738478 
 03/02  16:00:00,6599093.517304069 
 03/02  17:00:00,6671922.302189525 
 03/02  18:00:00,6681077.060113411 
 03/02  19:00:00,6738840.783850219 
 03/02  20:00:00,6872779.076978512 
 03/02  21:00:00,7018231.647770143 
 03/02  22:00:00,7146389.568275759 
 03/02  23:00:00,7253883.786406437 
 03/02  24:00:00,7417300.669790048 
 03/03  01:00:00,7655844.19640594 
 03/03  02:00:00,7658138.912075965 
 03/03  03:00:00,7936816.174952552 
 03/03  04:00:00,8383958.6740683345 
 03/03  05:00:00,8965158.5243829 
 03/03  06:00:00,9488576.964257147 
 03/03  07:00:00,9832922.820553731 
 03/03  08:00:00,10611189.857768234 
 03/03  09:00:00,10269246.012894912 
 03/03  10:00:00,9101443.494687315 
 03/03  11:00:00,8169700.249833181 
 03/03  12:00:00,7889872.82248426 
 03/03  13:00:00,7350098.509296921 
 03/03  14:00:00,7549474.558319721 
 03/03  15:00:00,7500145.237710182 
 03/03  16:00:00,7521575.33222747 
 03/03  17:00:00,7470651.972006699 
 03/03  18:00:00,7476002.478090059 
 03/03  19:00:00,8475598.079521073 
 03/03  20:00:00,9029517.286972737 
 03/03  21:00:00,9626350.078373691 
 03/03  22:00:00,10168597.73467604 
 03/03  23:00:00,9926298.141454836 
 03/03  24:00:00,9594443.084612409 
 03/04  01:00:00,9926090.904578272 
 03/04  02:00:00,10216946.684860418 
 03/04  03:00:00,9889076.879326649 
 03/04  04:00:00,9964340.959331615 
 03/04  05:00:00,10224207.581179932 
 03/04  06:00:00,10566416.323065158 
 03/04  07:00:00,10883586.726631496 
 03/04  08:00:00,11708393.757925784 
 03/04  09:00:00,11451620.35369565 
 03/04  10:00:00,10467484.156694183 
 03/04  11:00:00,9198257.0721052 
 03/04  12:00:00,8176451.963803476 
 03/04  13:00:00,7057202.542626839 
 03/04  14:00:00,6870837.472212826 
 03/04  15:00:00,6609254.59781664 
 03/04  16:00:00,6353704.390789997 
 03/04  17:00:00,6034769.1544894725 
 03/04  18:00:00,5707251.242284544 
 03/04  19:00:00,6670838.54959631 
 03/04  20:00:00,7579724.080417564 
 03/04  21:00:00,8293623.549685663 
 03/04  22:00:00,8914215.638781196 
 03/04  23:00:00,9663316.900513899 
 03/04  24:00:00,10245693.075123494 
 03/05  01:00:00,10565327.536407743 
 03/05  02:00:00,10816505.667018058 
 03/05  03:00:00,10395524.083541 
 03/05  04:00:00,10435243.886340836 
 03/05  05:00:00,10452953.458734686 
 03/05  06:00:00,10883827.68704627 
 03/05  07:00:00,11145566.365768738 
 03/05  08:00:00,11838253.38984199 
 03/05  09:00:00,11557419.362923365 
 03/05  10:00:00,10262033.418286392 
 03/05  11:00:00,8612232.806173436 
 03/05  12:00:00,7401563.054062739 
 03/05  13:00:00,6358027.900733027 
 03/05  14:00:00,5933931.210494631 
 03/05  15:00:00,5356217.22033089 
 03/05  16:00:00,5102080.959498064 
 03/05  17:00:00,5101098.450791881 
 03/05  18:00:00,5382673.837932607 
 03/05  19:00:00,6065859.866240197 
 03/05  20:00:00,6733685.974019894 
 03/05  21:00:00,7077896.758585147 
 03/05  22:00:00,6870038.779920412 
 03/05  23:00:00,7002300.347023611 
 03/05  24:00:00,7368673.4783368865 
 03/06  01:00:00,7753614.007057928 
 03/06  02:00:00,7902884.019993851 
 03/06  03:00:00,7933924.2536254935 
 03/06  04:00:00,7896606.523116406 
 03/06  05:00:00,7827002.095458135 
 03/06  06:00:00,7702979.071758333 
 03/06  07:00:00,7729163.694471574 
 03/06  08:00:00,8435484.50704474 
 03/06  09:00:00,8141477.004954128 
 03/06  10:00:00,7465100.2195062945 
 03/06  11:00:00,6750285.014973439 
 03/06  12:00:00,6169189.669716021 
 03/06  13:00:00,5269819.368073546 
 03/06  14:00:00,5124523.4412825955 
 03/06  15:00:00,4941863.087361269 
 03/06  16:00:00,5000416.346511383 
 03/06  17:00:00,5218137.295014387 
 03/06  18:00:00,5423116.6176443035 
 03/06  19:00:00,5696482.95348414 
 03/06  20:00:00,6026461.742929309 
 03/06  21:00:00,6328018.72419889 
 03/06  22:00:00,6062837.339957713 
 03/06  23:00:00,6159811.15836136 
 03/06  24:00:00,6354928.0449763145 
 03/07  01:00:00,6583840.821937252 
 03/07  02:00:00,6846156.623320839 
 03/07  03:00:00,7012124.804441558 
 03/07  04:00:00,7024449.915479395 
 03/07  05:00:00,6999809.228164014 
 03/07  06:00:00,6776887.404503586 
 03/07  07:00:00,6383550.082672642 
 03/07  08:00:00,6718774.603049123 
 03/07  09:00:00,6443421.223273485 
 03/07  10:00:00,6066291.915387408 
 03/07  11:00:00,5779670.376117589 
 03/07  12:00:00,5521112.232869134 
 03/07  13:00:00,4657520.530604488 
 03/07  14:00:00,4308641.9123309115 
 03/07  15:00:00,3788635.2178180646 
 03/07  16:00:00,3624362.668924973 
 03/07  17:00:00,3384349.345248491 
 03/07  18:00:00,3206626.853790939 
 03/07  19:00:00,4417745.212513025 
 03/07  20:00:00,5143899.208049276 
 03/07  21:00:00,5687197.837435311 
 03/07  22:00:00,6294475.63399776 
 03/07  23:00:00,6623225.958417578 
 03/07  24:00:00,6950271.183496926 
 03/08  01:00:00,7317339.454040186 
 03/08  02:00:00,7431101.840114593 
 03/08  03:00:00,6943006.128327258 
 03/08  04:00:00,6971197.738256219 
 03/08  05:00:00,6897385.0323496265 
 03/08  06:00:00,6857204.544495692 
 03/08  07:00:00,6662835.471096199 
 03/08  08:00:00,6419165.253358063 
 03/08  09:00:00,6241529.9309312105 
 03/08  10:00:00,5951865.7428338565 
 03/08  11:00:00,5547567.186555037 
 03/08  12:00:00,5064853.347131325 
 03/08  13:00:00,4383283.666487837 
 03/08  14:00:00,3710597.1336214286 
 03/08  15:00:00,3342051.040314232 
 03/08  16:00:00,3339452.173194052 
 03/08  17:00:00,3630830.827878094 
 03/08  18:00:00,3699230.5791666857 
 03/08  19:00:00,4320912.548162472 
 03/08  20:00:00,5009587.897673262 
 03/08  21:00:00,5611112.5699598845 
 03/08  22:00:00,5916730.9510564655 
 03/08  23:00:00,5946794.446564263 
 03/08  24:00:00,5894078.878752936 
 03/09  01:00:00,5951359.585703654 
 03/09  02:00:00,6171321.831654668 
 03/09  03:00:00,6363758.431165818 
 03/09  04:00:00,6567194.175272908 
 03/09  05:00:00,6867761.43052909 
 03/09  06:00:00,7121117.557495343 
 03/09  07:00:00,7278571.022367319 
 03/09  08:00:00,7410970.993775226 
 03/09  09:00:00,7126973.185083013 
 03/09  10:00:00,6378592.476826634 
 03/09  11:00:00,5642293.315191883 
 03/09  12:00:00,4633705.462420667 
 03/09  13:00:00,3772426.395689334 
 03/09  14:00:00,3122743.4086751495 
 03/09  15:00:00,2727634.7494468065 
 03/09  16:00:00,2550790.0672694044 
 03/09  17:00:00,2585442.7813314125 
 03/09  18:00:00,2899272.0002419115 
 03/09  19:00:00,3645110.5915100323 
 03/09  20:00:00,4681787.378763484 
 03/09  21:00:00,5566823.397870159 
 03/09  22:00:00,6231259.659820451 
 03/09  23:00:00,7027478.487040317 
 03/09  24:00:00,7635996.148358522 
 03/10  01:00:00,7905267.342735929 
 03/10  02:00:00,7662181.087833546 
 03/10  03:00:00,7805388.91379065 
 03/10  04:00:00,8470165.993199715 
 03/10  05:00:00,9029979.640956506 
 03/10  06:00:00,9288303.596000684 
 03/10  07:00:00,9212603.168396233 
 03/10  08:00:00,9413819.809967285 
 03/10  09:00:00,8699387.836963981 
 03/10  10:00:00,7400540.669851901 
 03/10  11:00:00,6262001.848341851 
 03/10  12:00:00,5571917.47584012 
 03/10  13:00:00,4668788.183810352 
 03/10  14:00:00,4869628.937958763 
 03/10  15:00:00,5000886.430776723 
 03/10  16:00:00,5164767.873213963 
 03/10  17:00:00,5498807.042679169 
 03/10  18:00:00,6147870.71679412 
 03/10  19:00:00,6817339.48978111 
 03/10  20:00:00,7283517.59891459 
 03/10  21:00:00,7586199.148206591 
 03/10  22:00:00,7287041.790926867 
 03/10  23:00:00,7119542.8861779785 
 03/10  24:00:00,6994138.294541515 
 03/11  01:00:00,7089835.310849747 
 03/11  02:00:00,7253566.14381073 
 03/11  03:00:00,7414049.4253156595 
 03/11  04:00:00,7439925.744294831 
 03/11  05:00:00,7365388.738319881 
 03/11  06:00:00,7327100.917355438 
 03/11  07:00:00,7355355.299912092 
 03/11  08:00:00,8024255.313688513 
 03/11  09:00:00,8006583.62230063 
 03/11  10:00:00,7727850.33169788 
 03/11  11:00:00,7445870.70269761 
 03/11  12:00:00,7153955.256694535 
 03/11  13:00:00,6427538.47672958 
 03/11  14:00:00,6378427.113676271 
 03/11  15:00:00,6094840.665869447 
 03/11  16:00:00,5802397.838756942 
 03/11  17:00:00,5391088.690774992 
 03/11  18:00:00,5145709.2873490425 
 03/11  19:00:00,6129037.472599359 
 03/11  20:00:00,6761940.758334842 
 03/11  21:00:00,7298622.803594164 
 03/11  22:00:00,7800689.053204837 
 03/11  23:00:00,8374996.024273368 
 03/11  24:00:00,8890562.530132696 
 03/12  01:00:00,9177619.120819876 
 03/12  02:00:00,9497294.020848336 
 03/12  03:00:00,9268530.096131768 
 03/12  04:00:00,9551048.291396987 
 03/12  05:00:00,9661260.437097294 
 03/12  06:00:00,9638816.46091148 
 03/12  07:00:00,9535632.055140488 
 03/12  08:00:00,10060858.250857394 
 03/12  09:00:00,9803528.103093598 
 03/12  10:00:00,9198144.910713881 
 03/12  11:00:00,8339833.936001746 
 03/12  12:00:00,7593356.713342582 
 03/12  13:00:00,6671017.236030006 
 03/12  14:00:00,6233042.878950086 
 03/12  15:00:00,5458452.339180663 
 03/12  16:00:00,4839340.578505825 
 03/12  17:00:00,4164712.182685001 
 03/12  18:00:00,3852068.9382235263 
 03/12  19:00:00,5020885.937217029 
 03/12  20:00:00,5903437.814477014 
 03/12  21:00:00,6780319.138031975 
 03/12  22:00:00,7440596.512058006 
 03/12  23:00:00,7912974.506091243 
 03/12  24:00:00,8329971.58308163 
 03/13  01:00:00,8697108.38164962 
 03/13  02:00:00,8934124.135171589 
 03/13  03:00:00,8616613.259442732 
 03/13  04:00:00,8682168.75776043 
 03/13  05:00:00,8807782.630074099 
 03/13  06:00:00,8973488.602388736 
 03/13  07:00:00,9059405.9653139 
 03/13  08:00:00,9653371.00464682 
 03/13  09:00:00,9464388.530689808 
 03/13  10:00:00,8816704.66536806 
 03/13  11:00:00,7982214.220722205 
 03/13  12:00:00,7177053.609600146 
 03/13  13:00:00,5907914.826880864 
 03/13  14:00:00,5295366.098233191 
 03/13  15:00:00,4608969.956436248 
 03/13  16:00:00,4109730.7929125074 
 03/13  17:00:00,3662025.356305724 
 03/13  18:00:00,3410651.6392421946 
 03/13  19:00:00,4685889.941664813 
 03/13  20:00:00,5711046.110430259 
 03/13  21:00:00,6284473.698663941 
 03/13  22:00:00,6804742.687518144 
 03/13  23:00:00,7366877.615346305 
 03/13  24:00:00,7987545.066374662 
 03/14  01:00:00,8649675.368190631 
 03/14  02:00:00,9305158.552017752 
 03/14  03:00:00,9091189.523029156 
 03/14  04:00:00,8893718.8158546 
 03/14  05:00:00,8736002.699335823 
 03/14  06:00:00,8845682.960507948 
 03/14  07:00:00,8956132.874646813 
 03/14  08:00:00,9594863.957930446 
 03/14  09:00:00,9488239.840029037 
 03/14  10:00:00,9025583.249937672 
 03/14  11:00:00,8525131.306378406 
 03/14  12:00:00,7830227.437150215 
 03/14  13:00:00,6195450.504109882 
 03/14  14:00:00,5150408.188724483 
 03/14  15:00:00,4185535.5781355146 
 03/14  16:00:00,3790996.245155963 
 03/14  17:00:00,3579386.6944670947 
 03/14  18:00:00,3610129.151086329 
 03/14  19:00:00,4221299.463682535 
 03/14  20:00:00,4929202.126675866 
 03/14  21:00:00,5425988.605882717 
 03/14  22:00:00,5243647.653052445 
 03/14  23:00:00,5417702.874491463 
 03/14  24:00:00,5733406.872543059 
 03/15  01:00:00,6149131.405863342 
 03/15  02:00:00,6572908.324300677 
 03/15  03:00:00,6485775.687233154 
 03/15  04:00:00,6214710.373356668 
 03/15  05:00:00,6057335.9148867475 
 03/15  06:00:00,5925709.322250875 
 03/15  07:00:00,5801288.848077724 
 03/15  08:00:00,5707184.700557345 
 03/15  09:00:00,5780323.449206244 
 03/15  10:00:00,5620718.140776858 
 03/15  11:00:00,5227253.043503802 
 03/15  12:00:00,4672648.027660531 
 03/15  13:00:00,3860587.0257345196 
 03/15  14:00:00,2990453.8086730866 
 03/15  15:00:00,2512565.4084081776 
 03/15  16:00:00,2489964.1641239584 
 03/15  17:00:00,2695922.108776865 
 03/15  18:00:00,2581960.3479525503 
 03/15  19:00:00,3091522.039218899 
 03/15  20:00:00,3716478.3779483577 
 03/15  21:00:00,4190404.036163449 
 03/15  22:00:00,4679967.65209792 
 03/15  23:00:00,5124035.567960606 
 03/15  24:00:00,5466099.284755378 
 03/16  01:00:00,5711948.385241775 
 03/16  02:00:00,5894571.694709401 
 03/16  03:00:00,6057546.285702112 
 03/16  04:00:00,6265080.554144778 
 03/16  05:00:00,6389257.791533104 
 03/16  06:00:00,6411210.500887465 
 03/16  07:00:00,6447134.249894815 
 03/16  08:00:00,6394225.622530902 
 03/16  09:00:00,5988079.349700858 
 03/16  10:00:00,5565259.461276398 
 03/16  11:00:00,5253221.119168789 
 03/16  12:00:00,4493178.650909507 
 03/16  13:00:00,3865094.971761292 
 03/16  14:00:00,3359633.0755422628 
 03/16  15:00:00,2953263.5129117337 
 03/16  16:00:00,2618591.0936545203 
 03/16  17:00:00,2404715.821631318 
 03/16  18:00:00,2475852.9521150333 
 03/16  19:00:00,2959675.4095613346 
 03/16  20:00:00,3796340.453777235 
 03/16  21:00:00,4544783.219920998 
 03/16  22:00:00,5010355.477216391 
 03/16  23:00:00,5401637.934068635 
 03/16  24:00:00,5644806.169822063 
 03/17  01:00:00,5802464.259433399 
 03/17  02:00:00,5592211.26035394 
 03/17  03:00:00,5632623.697671726 
 03/17  04:00:00,5895096.405486044 
 03/17  05:00:00,6057884.200124913 
 03/17  06:00:00,6333195.543292638 
 03/17  07:00:00,6616805.521790369 
 03/17  08:00:00,7278602.642384699 
 03/17  09:00:00,6998197.901882639 
 03/17  10:00:00,6388665.400064692 
 03/17  11:00:00,5837990.031590519 
 03/17  12:00:00,5398063.2275253525 
 03/17  13:00:00,4665663.8515717 
 03/17  14:00:00,4711457.285313896 
 03/17  15:00:00,4468620.38786361 
 03/17  16:00:00,4205802.461493096 
 03/17  17:00:00,3955024.558211698 
 03/17  18:00:00,3741735.166226138 
 03/17  19:00:00,4536929.144225135 
 03/17  20:00:00,4938441.727405962 
 03/17  21:00:00,5284649.966772246 
 03/17  22:00:00,5743461.829258657 
 03/17  23:00:00,6111057.680717028 
 03/17  24:00:00,6350021.9852918135 
 03/18  01:00:00,6614887.727481354 
 03/18  02:00:00,6851782.777520494 
 03/18  03:00:00,6399725.914723857 
 03/18  04:00:00,6605706.8215159485 
 03/18  05:00:00,6730098.529520428 
 03/18  06:00:00,6922531.921857312 
 03/18  07:00:00,6865223.386561422 
 03/18  08:00:00,7361353.148615172 
 03/18  09:00:00,7136067.56799788 
 03/18  10:00:00,6632784.054066657 
 03/18  11:00:00,6055840.142673358 
 03/18  12:00:00,5628092.9152713865 
 03/18  13:00:00,4982605.180087078 
 03/18  14:00:00,5268699.510633969 
 03/18  15:00:00,5300155.882359914 
 03/18  16:00:00,5037062.606964883 
 03/18  17:00:00,4562910.026574802 
 03/18  18:00:00,4090659.9029855984 
 03/18  19:00:00,4833776.192729986 
 03/18  20:00:00,5238594.822161463 
 03/18  21:00:00,5548878.451341141 
 03/18  22:00:00,5866934.36028851 
 03/18  23:00:00,5955165.554216138 
 03/18  24:00:00,6212551.802330973 
 03/19  01:00:00,6699929.553837707 
 03/19  02:00:00,7099576.394075161 
 03/19  03:00:00,6520456.516703966 
 03/19  04:00:00,6314913.819397813 
 03/19  05:00:00,6255120.825199451 
 03/19  06:00:00,6267163.340539474 
 03/19  07:00:00,6306665.257626485 
 03/19  08:00:00,6959305.521503614 
 03/19  09:00:00,6842384.732529817 
 03/19  10:00:00,6388519.130852836 
 03/19  11:00:00,5883125.77128356 
 03/19  12:00:00,5474653.108718118 
 03/19  13:00:00,4645535.1909895055 
 03/19  14:00:00,4424869.554679613 
 03/19  15:00:00,3985694.397804723 
 03/19  16:00:00,3666999.79503088 
 03/19  17:00:00,3407208.118942299 
 03/19  18:00:00,3197109.5262937425 
 03/19  19:00:00,4430614.078609505 
 03/19  20:00:00,5486555.327426415 
 03/19  21:00:00,6192001.568988899 
 03/19  22:00:00,6738876.683940591 
 03/19  23:00:00,7109136.875715271 
 03/19  24:00:00,7362593.397724252 
 03/20  01:00:00,7406294.8827478085 
 03/20  02:00:00,7360816.3008719655 
 03/20  03:00:00,6723324.260135594 
 03/20  04:00:00,6606552.382648969 
 03/20  05:00:00,6292373.776796075 
 03/20  06:00:00,6059088.663913954 
 03/20  07:00:00,6070403.486056226 
 03/20  08:00:00,6518477.961207999 
 03/20  09:00:00,6066960.044754545 
 03/20  10:00:00,5482242.948539333 
 03/20  11:00:00,5040701.965358824 
 03/20  12:00:00,4721658.868895812 
 03/20  13:00:00,4212918.74833492 
 03/20  14:00:00,4473394.617466926 
 03/20  15:00:00,4482448.475627632 
 03/20  16:00:00,4614939.03076068 
 03/20  17:00:00,4555302.049053488 
 03/20  18:00:00,4274663.557549838 
 03/20  19:00:00,4966286.949074161 
 03/20  20:00:00,5220623.7173249405 
 03/20  21:00:00,5309302.186050106 
 03/20  22:00:00,5432089.9265712 
 03/20  23:00:00,5669684.612104497 
 03/20  24:00:00,6077327.81045738 
 03/21  01:00:00,6412099.296739128 
 03/21  02:00:00,6601604.749509323 
 03/21  03:00:00,6172690.736278956 
 03/21  04:00:00,6329240.052212601 
 03/21  05:00:00,6490980.24229484 
 03/21  06:00:00,6676222.402128428 
 03/21  07:00:00,7005070.526979747 
 03/21  08:00:00,8117335.623627368 
 03/21  09:00:00,8294459.715060511 
 03/21  10:00:00,7771558.904665354 
 03/21  11:00:00,7149600.88875562 
 03/21  12:00:00,6659411.789853816 
 03/21  13:00:00,5850433.797063421 
 03/21  14:00:00,5918592.12948824 
 03/21  15:00:00,5833799.255612337 
 03/21  16:00:00,5751488.40880795 
 03/21  17:00:00,5903162.224314607 
 03/21  18:00:00,6273135.17725081 
 03/21  19:00:00,6676723.246640675 
 03/21  20:00:00,7117841.216577318 
 03/21  21:00:00,7444427.441642312 
 03/21  22:00:00,6992372.642011432 
 03/21  23:00:00,6863721.701248078 
 03/21  24:00:00,6998416.478608036 
 03/22  01:00:00,7022253.455766064 
 03/22  02:00:00,6971289.646805989 
 03/22  03:00:00,7245825.659329895 
 03/22  04:00:00,7652715.7071666615 
 03/22  05:00:00,8017491.6446073 
 03/22  06:00:00,8388829.816362813 
 03/22  07:00:00,8641857.93049937 
 03/22  08:00:00,8843207.973497756 
 03/22  09:00:00,8719934.43655076 
 03/22  10:00:00,8192280.982977598 
 03/22  11:00:00,7724070.4453895325 
 03/22  12:00:00,7327628.039074488 
 03/22  13:00:00,6826638.564001419 
 03/22  14:00:00,6413391.4031034 
 03/22  15:00:00,6108379.373885678 
 03/22  16:00:00,5992320.77919737 
 03/22  17:00:00,6055799.620634587 
 03/22  18:00:00,5773170.081551186 
 03/22  19:00:00,6086127.547419542 
 03/22  20:00:00,6629679.630688054 
 03/22  21:00:00,7004711.622381829 
 03/22  22:00:00,7121865.580718925 
 03/22  23:00:00,7702611.540674335 
 03/22  24:00:00,8457573.673637109 
 03/23  01:00:00,8934198.159628386 
 03/23  02:00:00,9219561.417734103 
 03/23  03:00:00,9489627.537772985 
 03/23  04:00:00,9762253.322207915 
 03/23  05:00:00,9969987.500591407 
 03/23  06:00:00,10172590.923241392 
 03/23  07:00:00,10264071.626220431 
 03/23  08:00:00,10045214.096214408 
 03/23  09:00:00,9402134.345152764 
 03/23  10:00:00,8823182.376621226 
 03/23  11:00:00,8514373.686971191 
 03/23  12:00:00,7867530.82319446 
 03/23  13:00:00,7501114.674488618 
 03/23  14:00:00,7469190.87867491 
 03/23  15:00:00,7462125.710314869 
 03/23  16:00:00,7342949.4836370945 
 03/23  17:00:00,7253889.4967384385 
 03/23  18:00:00,7246690.4097443 
 03/23  19:00:00,7504210.505296415 
 03/23  20:00:00,7983214.323248198 
 03/23  21:00:00,8485667.084497698 
 03/23  22:00:00,8923396.468568215 
 03/23  23:00:00,9337315.978820272 
 03/23  24:00:00,9826266.90233304 
 03/24  01:00:00,10443043.673666537 
 03/24  02:00:00,10611186.563499464 
 03/24  03:00:00,10961068.070802838 
 03/24  04:00:00,11189375.540546905 
 03/24  05:00:00,11131394.533020599 
 03/24  06:00:00,11207156.14326863 
 03/24  07:00:00,11174632.005467268 
 03/24  08:00:00,11790451.823269151 
 03/24  09:00:00,11260859.856043184 
 03/24  10:00:00,9960294.97488256 
 03/24  11:00:00,8718587.402419101 
 03/24  12:00:00,7777439.858615439 
 03/24  13:00:00,6673527.243113638 
 03/24  14:00:00,6546977.246589556 
 03/24  15:00:00,6397661.682855951 
 03/24  16:00:00,6389163.505899949 
 03/24  17:00:00,6511960.670012488 
 03/24  18:00:00,6729438.544536339 
 03/24  19:00:00,7035757.538130506 
 03/24  20:00:00,7361759.129530397 
 03/24  21:00:00,7679853.833241016 
 03/24  22:00:00,7344185.027504664 
 03/24  23:00:00,7357256.101184912 
 03/24  24:00:00,7435876.839035083 
 03/25  01:00:00,7441172.929918009 
 03/25  02:00:00,7389076.17070484 
 03/25  03:00:00,7314678.041137414 
 03/25  04:00:00,7287168.2367996825 
 03/25  05:00:00,7285467.538319071 
 03/25  06:00:00,7260762.601477353 
 03/25  07:00:00,7256761.464387902 
 03/25  08:00:00,7915154.66453293 
 03/25  09:00:00,7863758.836783658 
 03/25  10:00:00,7611279.167222527 
 03/25  11:00:00,7536853.984940828 
 03/25  12:00:00,7537783.490909444 
 03/25  13:00:00,7133850.74274616 
 03/25  14:00:00,7328398.2622897355 
 03/25  15:00:00,7121834.818698543 
 03/25  16:00:00,6992903.18198918 
 03/25  17:00:00,6648545.8380390955 
 03/25  18:00:00,6337323.753463938 
 03/25  19:00:00,7198021.210035994 
 03/25  20:00:00,7818921.118550423 
 03/25  21:00:00,8426324.821715076 
 03/25  22:00:00,8826483.934349097 
 03/25  23:00:00,9329579.908548992 
 03/25  24:00:00,9750676.049976043 
 03/26  01:00:00,9972218.899324788 
 03/26  02:00:00,10324875.493747309 
 03/26  03:00:00,9996004.533989733 
 03/26  04:00:00,10123380.982427858 
 03/26  05:00:00,10178378.689816015 
 03/26  06:00:00,10124179.178732678 
 03/26  07:00:00,10074356.70397359 
 03/26  08:00:00,10382361.687750917 
 03/26  09:00:00,9708222.091703992 
 03/26  10:00:00,8969167.525895901 
 03/26  11:00:00,8460980.562936677 
 03/26  12:00:00,8048088.667291204 
 03/26  13:00:00,7378596.279162509 
 03/26  14:00:00,7481335.877308056 
 03/26  15:00:00,7405739.871290019 
 03/26  16:00:00,7628493.819620749 
 03/26  17:00:00,8018866.4133837065 
 03/26  18:00:00,8470061.151382245 
 03/26  19:00:00,8818735.746141616 
 03/26  20:00:00,9163328.331761422 
 03/26  21:00:00,9608183.48564028 
 03/26  22:00:00,9284422.978677606 
 03/26  23:00:00,9371929.492130984 
 03/26  24:00:00,9598648.663673757 
 03/27  01:00:00,9684740.490070328 
 03/27  02:00:00,9793213.946153304 
 03/27  03:00:00,10012103.859124964 
 03/27  04:00:00,10251887.786278905 
 03/27  05:00:00,10395134.051937478 
 03/27  06:00:00,10508877.39144642 
 03/27  07:00:00,10428264.353736019 
 03/27  08:00:00,10803762.722842887 
 03/27  09:00:00,10293222.135818949 
 03/27  10:00:00,9429613.518826552 
 03/27  11:00:00,8666723.183037886 
 03/27  12:00:00,8034767.868966468 
 03/27  13:00:00,7255299.544166504 
 03/27  14:00:00,7254602.747748386 
 03/27  15:00:00,7021711.427446409 
 03/27  16:00:00,7020160.386214166 
 03/27  17:00:00,7061768.6730449 
 03/27  18:00:00,7065299.046429029 
 03/27  19:00:00,7924478.826440439 
 03/27  20:00:00,8481787.369614657 
 03/27  21:00:00,8994979.255182121 
 03/27  22:00:00,9332568.077252861 
 03/27  23:00:00,9553957.84519917 
 03/27  24:00:00,9744477.76116034 
 03/28  01:00:00,9800775.586613683 
 03/28  02:00:00,9767049.310407933 
 03/28  03:00:00,9173221.900990529 
 03/28  04:00:00,9188583.027889008 
 03/28  05:00:00,9012862.764296923 
 03/28  06:00:00,8779123.65671271 
 03/28  07:00:00,8534437.517123595 
 03/28  08:00:00,8897681.641911507 
 03/28  09:00:00,8590749.10087623 
 03/28  10:00:00,8002732.214666058 
 03/28  11:00:00,7262544.786065247 
 03/28  12:00:00,6626301.602386108 
 03/28  13:00:00,5929073.242021747 
 03/28  14:00:00,5829681.944254994 
 03/28  15:00:00,5274181.863305912 
 03/28  16:00:00,4912420.60977696 
 03/28  17:00:00,4985725.159624196 
 03/28  18:00:00,5336029.612814 
 03/28  19:00:00,5814889.516909775 
 03/28  20:00:00,6272344.256006081 
 03/28  21:00:00,6570646.699941197 
 03/28  22:00:00,6188694.329679153 
 03/28  23:00:00,6178799.290954416 
 03/28  24:00:00,6350061.772744565 
 03/29  01:00:00,6463895.232186604 
 03/29  02:00:00,6508088.724835713 
 03/29  03:00:00,6521759.053036195 
 03/29  04:00:00,6576183.202381734 
 03/29  05:00:00,6584419.458226275 
 03/29  06:00:00,6575438.3396935 
 03/29  07:00:00,6488057.8495940175 
 03/29  08:00:00,6276247.541103613 
 03/29  09:00:00,5633798.18132259 
 03/29  10:00:00,4549683.659105293 
 03/29  11:00:00,3537069.5683238027 
 03/29  12:00:00,2846818.314158075 
 03/29  13:00:00,2316610.6525206105 
 03/29  14:00:00,1918541.8641931284 
 03/29  15:00:00,1751185.3533281838 
 03/29  16:00:00,1876787.8935179105 
 03/29  17:00:00,2145299.740900497 
 03/29  18:00:00,1865914.432416657 
 03/29  19:00:00,2066076.4264494462 
 03/29  20:00:00,2623276.78062572 
 03/29  21:00:00,3281787.2129588025 
 03/29  22:00:00,3750633.371407284 
 03/29  23:00:00,4255173.056154977 
 03/29  24:00:00,4807047.325375195 
 03/30  01:00:00,5055769.936259715 
 03/30  02:00:00,5226457.302572507 
 03/30  03:00:00,5521257.494500015 
 03/30  04:00:00,5926735.344125938 
 03/30  05:00:00,6263935.711990445 
 03/30  06:00:00,6436726.827167327 
 03/30  07:00:00,6510704.102321766 
 03/30  08:00:00,6556898.604502697 
 03/30  09:00:00,6107116.787699873 
 03/30  10:00:00,5192644.872632487 
 03/30  11:00:00,4335718.302917423 
 03/30  12:00:00,3236218.5347750294 
 03/30  13:00:00,2265221.0551758935 
 03/30  14:00:00,1659124.6737417246 
 03/30  15:00:00,1528414.4450387226 
 03/30  16:00:00,1530680.9047449366 
 03/30  17:00:00,1622400.37828448 
 03/30  18:00:00,1846720.9571110753 
 03/30  19:00:00,2182601.7912798473 
 03/30  20:00:00,2751956.5414753286 
 03/30  21:00:00,3348103.680706887 
 03/30  22:00:00,3775201.468797579 
 03/30  23:00:00,3914229.160377356 
 03/30  24:00:00,3896644.063777222 
 03/31  01:00:00,3977617.603201862 
 03/31  02:00:00,3766463.20807946 
 03/31  03:00:00,3851504.3804502534 
 03/31  04:00:00,4168078.691893349 
 03/31  05:00:00,4671706.263909611 
 03/31  06:00:00,5043287.702445683 
 03/31  07:00:00,5122000.168220209 
 03/31  08:00:00,5579596.539363272 
 03/31  09:00:00,5095574.462722683 
 03/31  10:00:00,4405067.029746594 
 03/31  11:00:00,3968229.1916139256 
 03/31  12:00:00,3688437.4447161183 
 03/31  13:00:00,2915556.3839006443 
 03/31  14:00:00,2975679.5080116317 
 03/31  15:00:00,2868902.546381226 
 03/31  16:00:00,2764035.8426586827 
 03/31  17:00:00,2565899.0782254054 
 03/31  18:00:00,2351489.4118365906 
 03/31  19:00:00,3166482.2159617837 
 03/31  20:00:00,3586548.911208942 
 03/31  21:00:00,4163778.125814832 
 03/31  22:00:00,4676184.90424845 
 03/31  23:00:00,5230135.435917865 
 03/31  24:00:00,5542933.265347017 
 04/01  01:00:00,5254241.3777485015 
 04/01  02:00:00,4957988.386702487 
 04/01  03:00:00,4387383.539981835 
 04/01  04:00:00,4847702.709130268 
 04/01  05:00:00,5644888.441157859 
 04/01  06:00:00,6536820.941912637 
 04/01  07:00:00,6959938.097496942 
 04/01  08:00:00,7356685.276123087 
 04/01  09:00:00,6541716.887762725 
 04/01  10:00:00,5503460.884265791 
 04/01  11:00:00,4826734.59991834 
 04/01  12:00:00,4365460.102995309 
 04/01  13:00:00,3584985.436960578 
 04/01  14:00:00,3369324.479312153 
 04/01  15:00:00,2748058.534675883 
 04/01  16:00:00,2103089.708640655 
 04/01  17:00:00,1523172.9520409936 
 04/01  18:00:00,1219664.3789761579 
 04/01  19:00:00,2104517.0268536876 
 04/01  20:00:00,2807893.4519507876 
 04/01  21:00:00,3511088.433267804 
 04/01  22:00:00,4160102.3234307063 
 04/01  23:00:00,4379654.48923522 
 04/01  24:00:00,4478196.203758348 
 04/02  01:00:00,4866922.724503084 
 04/02  02:00:00,4928909.122732796 
 04/02  03:00:00,4387141.550968928 
 04/02  04:00:00,4419727.264960794 
 04/02  05:00:00,4496579.484867308 
 04/02  06:00:00,4565019.262810502 
 04/02  07:00:00,4630392.8007256985 
 04/02  08:00:00,5137647.250437599 
 04/02  09:00:00,4683696.575944449 
 04/02  10:00:00,3884349.898162113 
 04/02  11:00:00,3176817.7764408416 
 04/02  12:00:00,2645872.28978916 
 04/02  13:00:00,1957314.4108686824 
 04/02  14:00:00,2095822.1253249352 
 04/02  15:00:00,1941615.3857093712 
 04/02  16:00:00,1846743.251627762 
 04/02  17:00:00,1603184.4462097217 
 04/02  18:00:00,1507278.1896126312 
 04/02  19:00:00,2422094.8803043235 
 04/02  20:00:00,2855776.765675791 
 04/02  21:00:00,3310063.9003203395 
 04/02  22:00:00,3568754.573395444 
 04/02  23:00:00,3770175.7875674907 
 04/02  24:00:00,3965840.860048129 
 04/03  01:00:00,4124766.880685982 
 04/03  02:00:00,4338161.732643094 
 04/03  03:00:00,4024673.571684418 
 04/03  04:00:00,4079943.8076602994 
 04/03  05:00:00,4236068.976712871 
 04/03  06:00:00,4387208.804341551 
 04/03  07:00:00,4516577.6073763035 
 04/03  08:00:00,5109821.569968514 
 04/03  09:00:00,4866813.2057003295 
 04/03  10:00:00,4213907.104181545 
 04/03  11:00:00,3548631.9891955946 
 04/03  12:00:00,3082205.0258077746 
 04/03  13:00:00,2245470.0722980495 
 04/03  14:00:00,2323263.1980984015 
 04/03  15:00:00,2330992.31726242 
 04/03  16:00:00,2465924.903004785 
 04/03  17:00:00,2520007.249935585 
 04/03  18:00:00,2592492.456217763 
 04/03  19:00:00,3485766.859664553 
 04/03  20:00:00,3856332.2822807003 
 04/03  21:00:00,4228329.597361725 
 04/03  22:00:00,4402273.544080045 
 04/03  23:00:00,4463122.02659079 
 04/03  24:00:00,4493446.530678678 
 04/04  01:00:00,4517215.299507877 
 04/04  02:00:00,4385562.36405042 
 04/04  03:00:00,3841785.965185455 
 04/04  04:00:00,3877557.8067943994 
 04/04  05:00:00,3989679.5798765705 
 04/04  06:00:00,4125129.512380573 
 04/04  07:00:00,4240011.81775072 
 04/04  08:00:00,5021535.255754247 
 04/04  09:00:00,5091202.789416459 
 04/04  10:00:00,4793117.3617134085 
 04/04  11:00:00,4494513.783748737 
 04/04  12:00:00,4213701.931405222 
 04/04  13:00:00,3629748.029145494 
 04/04  14:00:00,3777399.0072617983 
 04/04  15:00:00,3631879.18346093 
 04/04  16:00:00,3371367.331077195 
 04/04  17:00:00,3025276.4219863308 
 04/04  18:00:00,2719438.906399146 
 04/04  19:00:00,3444663.9714223184 
 04/04  20:00:00,4041982.9985770388 
 04/04  21:00:00,4743320.08314793 
 04/04  22:00:00,5355352.460095077 
 04/04  23:00:00,5611968.077599962 
 04/04  24:00:00,5849546.896748987 
 04/05  01:00:00,6332884.782382102 
 04/05  02:00:00,6861078.926043213 
 04/05  03:00:00,6627182.621813694 
 04/05  04:00:00,6815286.505275094 
 04/05  05:00:00,7010387.0838412335 
 04/05  06:00:00,7130682.024065095 
 04/05  07:00:00,7001513.880574482 
 04/05  08:00:00,6495515.78992544 
 04/05  09:00:00,5699562.538714258 
 04/05  10:00:00,4870423.49364371 
 04/05  11:00:00,4157797.2201934983 
 04/05  12:00:00,3646515.5623512007 
 04/05  13:00:00,3267239.1272707297 
 04/05  14:00:00,3053115.6772298003 
 04/05  15:00:00,2972843.1071692854 
 04/05  16:00:00,3057779.46500507 
 04/05  17:00:00,3371263.436818411 
 04/05  18:00:00,3163967.5164705715 
 04/05  19:00:00,3168493.55504647 
 04/05  20:00:00,3175758.6608607112 
 04/05  21:00:00,3189749.980798187 
 04/05  22:00:00,3183588.2098905216 
 04/05  23:00:00,3221114.948553903 
 04/05  24:00:00,3306934.5444895043 
 04/06  01:00:00,3352742.2979863836 
 04/06  02:00:00,3375605.7194376863 
 04/06  03:00:00,3400044.0541381026 
 04/06  04:00:00,3424159.8798086103 
 04/06  05:00:00,3431104.651164194 
 04/06  06:00:00,3390170.3915390465 
 04/06  07:00:00,3366738.838032384 
 04/06  08:00:00,3343894.1573811155 
 04/06  09:00:00,3316164.1726023545 
 04/06  10:00:00,3448197.850937125 
 04/06  11:00:00,3740227.3490892434 
 04/06  12:00:00,3638261.3810851383 
 04/06  13:00:00,3485276.556083609 
 04/06  14:00:00,3216250.939039443 
 04/06  15:00:00,3021551.6448026835 
 04/06  16:00:00,2977103.418046318 
 04/06  17:00:00,3047911.024857541 
 04/06  18:00:00,3192626.589019946 
 04/06  19:00:00,3352221.7393316776 
 04/06  20:00:00,3513554.1643998083 
 04/06  21:00:00,3636678.6940633953 
 04/06  22:00:00,3741971.0219832915 
 04/06  23:00:00,3754660.631781702 
 04/06  24:00:00,3721766.258224282 
 04/07  01:00:00,3729550.959074641 
 04/07  02:00:00,3348880.279694036 
 04/07  03:00:00,3176001.7715960327 
 04/07  04:00:00,3232534.428332665 
 04/07  05:00:00,3285652.977858607 
 04/07  06:00:00,3315932.5611322643 
 04/07  07:00:00,3369700.1197132324 
 04/07  08:00:00,3992034.7539628157 
 04/07  09:00:00,3969163.000024644 
 04/07  10:00:00,3818958.700984734 
 04/07  11:00:00,3654294.39081843 
 04/07  12:00:00,3517931.138130617 
 04/07  13:00:00,3043403.560142649 
 04/07  14:00:00,3335699.035363944 
 04/07  15:00:00,3407837.5123807937 
 04/07  16:00:00,3392769.6258417056 
 04/07  17:00:00,3112783.5282299123 
 04/07  18:00:00,2788799.379094774 
 04/07  19:00:00,3577569.4723727787 
 04/07  20:00:00,4149540.0307564866 
 04/07  21:00:00,4816879.608420822 
 04/07  22:00:00,5488060.534380853 
 04/07  23:00:00,6236798.334258625 
 04/07  24:00:00,6905338.202292185 
 04/08  01:00:00,7313413.498174827 
 04/08  02:00:00,7565125.182434889 
 04/08  03:00:00,7136198.69548061 
 04/08  04:00:00,7391323.725731049 
 04/08  05:00:00,7670365.338882703 
 04/08  06:00:00,7894015.672595401 
 04/08  07:00:00,8116600.381933005 
 04/08  08:00:00,8559748.393073661 
 04/08  09:00:00,7944996.143410214 
 04/08  10:00:00,7200118.025685496 
 04/08  11:00:00,6681287.039468748 
 04/08  12:00:00,6305309.206916464 
 04/08  13:00:00,5602354.922675833 
 04/08  14:00:00,5523202.360627802 
 04/08  15:00:00,5219529.847395596 
 04/08  16:00:00,5027307.250995126 
 04/08  17:00:00,4564507.64662484 
 04/08  18:00:00,4118428.264786916 
 04/08  19:00:00,5105128.833129583 
 04/08  20:00:00,5880951.596810041 
 04/08  21:00:00,6572796.584720753 
 04/08  22:00:00,7228687.161638467 
 04/08  23:00:00,7650506.663081755 
 04/08  24:00:00,7962472.160914716 
 04/09  01:00:00,8417091.514065348 
 04/09  02:00:00,8819515.64541858 
 04/09  03:00:00,8524372.294324772 
 04/09  04:00:00,8707905.275920425 
 04/09  05:00:00,8692190.71723935 
 04/09  06:00:00,8604939.358652528 
 04/09  07:00:00,8494456.67186549 
 04/09  08:00:00,8484534.494265579 
 04/09  09:00:00,7386418.144370537 
 04/09  10:00:00,6148744.057325342 
 04/09  11:00:00,5468591.034653202 
 04/09  12:00:00,5061469.794823252 
 04/09  13:00:00,4153295.477992516 
 04/09  14:00:00,3882164.475713223 
 04/09  15:00:00,3407112.197226154 
 04/09  16:00:00,3198055.3169005923 
 04/09  17:00:00,2975369.8044422674 
 04/09  18:00:00,2662562.6325080977 
 04/09  19:00:00,3484959.6814799225 
 04/09  20:00:00,4078423.117510676 
 04/09  21:00:00,4583534.639850783 
 04/09  22:00:00,5211784.160352514 
 04/09  23:00:00,5840421.3804325145 
 04/09  24:00:00,6266594.729166452 
 04/10  01:00:00,6671591.575047446 
 04/10  02:00:00,7006325.17014317 
 04/10  03:00:00,6742357.9254379645 
 04/10  04:00:00,7203161.826911779 
 04/10  05:00:00,7392262.3034401145 
 04/10  06:00:00,7653634.509592171 
 04/10  07:00:00,7734798.420184467 
 04/10  08:00:00,8029418.570041749 
 04/10  09:00:00,7378488.797306131 
 04/10  10:00:00,6383127.7247283235 
 04/10  11:00:00,5311208.784243185 
 04/10  12:00:00,4612197.781771554 
 04/10  13:00:00,4053794.3931641695 
 04/10  14:00:00,4204368.107502828 
 04/10  15:00:00,3829944.8465349944 
 04/10  16:00:00,3537835.4304205785 
 04/10  17:00:00,3546290.0831701877 
 04/10  18:00:00,3732309.1485052207 
 04/10  19:00:00,3864348.2065957254 
 04/10  20:00:00,4079597.195777778 
 04/10  21:00:00,4420027.912017417 
 04/10  22:00:00,4227500.749032127 
 04/10  23:00:00,4445642.227439844 
 04/10  24:00:00,4719475.409612691 
 04/11  01:00:00,4947463.537044133 
 04/11  02:00:00,5179858.694325497 
 04/11  03:00:00,5385097.4208129505 
 04/11  04:00:00,5489240.086418159 
 04/11  05:00:00,5571623.247802416 
 04/11  06:00:00,5697155.404538927 
 04/11  07:00:00,5846443.151992107 
 04/11  08:00:00,6510187.848017873 
 04/11  09:00:00,6203927.63888932 
 04/11  10:00:00,5524386.105616349 
 04/11  11:00:00,4942938.18055035 
 04/11  12:00:00,4609974.003977766 
 04/11  13:00:00,3746333.613261899 
 04/11  14:00:00,3574778.0187476003 
 04/11  15:00:00,3305745.4794422886 
 04/11  16:00:00,3230741.6776374364 
 04/11  17:00:00,3116456.1264627962 
 04/11  18:00:00,2634680.8736551395 
 04/11  19:00:00,3223680.922676027 
 04/11  20:00:00,3841787.2454691995 
 04/11  21:00:00,4470687.691544665 
 04/11  22:00:00,5038331.334550566 
 04/11  23:00:00,5839577.465198881 
 04/11  24:00:00,6362050.819652679 
 04/12  01:00:00,6317708.978670027 
 04/12  02:00:00,6748577.971987189 
 04/12  03:00:00,7022160.215541538 
 04/12  04:00:00,7321689.09983483 
 04/12  05:00:00,7145268.810696563 
 04/12  06:00:00,7021393.3399219625 
 04/12  07:00:00,6903514.805676103 
 04/12  08:00:00,6541226.3588992255 
 04/12  09:00:00,5879519.645529127 
 04/12  10:00:00,5243807.368006953 
 04/12  11:00:00,4732904.379322159 
 04/12  12:00:00,4207090.430163468 
 04/12  13:00:00,3820219.1253228304 
 04/12  14:00:00,3611997.4755617045 
 04/12  15:00:00,3552353.86861527 
 04/12  16:00:00,3723549.6198381493 
 04/12  17:00:00,4160269.9458479416 
 04/12  18:00:00,3891492.3720505787 
 04/12  19:00:00,3859383.555159466 
 04/12  20:00:00,4133644.0887961863 
 04/12  21:00:00,4538377.371536443 
 04/12  22:00:00,4753328.476802386 
 04/12  23:00:00,5046501.268321018 
 04/12  24:00:00,5198950.051170718 
 04/13  01:00:00,5359964.3445474245 
 04/13  02:00:00,5663394.691312938 
 04/13  03:00:00,5701653.5344903115 
 04/13  04:00:00,5790617.023553706 
 04/13  05:00:00,6095718.468337623 
 04/13  06:00:00,6353122.503926123 
 04/13  07:00:00,6642898.98120023 
 04/13  08:00:00,6653859.059455889 
 04/13  09:00:00,6254645.573949348 
 04/13  10:00:00,5955742.161702847 
 04/13  11:00:00,5838382.5732071195 
 04/13  12:00:00,5378819.910063333 
 04/13  13:00:00,4954826.086829947 
 04/13  14:00:00,4517342.9524636185 
 04/13  15:00:00,4138554.7732364596 
 04/13  16:00:00,3802546.390950184 
 04/13  17:00:00,3638584.848472331 
 04/13  18:00:00,3778562.571094258 
 04/13  19:00:00,4039219.8220358356 
 04/13  20:00:00,4528235.603897713 
 04/13  21:00:00,5050762.208347984 
 04/13  22:00:00,5556224.858965968 
 04/13  23:00:00,6062141.032919808 
 04/13  24:00:00,6509565.517744078 
 04/14  01:00:00,6961436.532883185 
 04/14  02:00:00,6891108.4756069025 
 04/14  03:00:00,7022308.763749103 
 04/14  04:00:00,7286683.397428344 
 04/14  05:00:00,7367491.406956786 
 04/14  06:00:00,7501078.157726395 
 04/14  07:00:00,7639821.469635816 
 04/14  08:00:00,7982344.904975416 
 04/14  09:00:00,7239465.93229517 
 04/14  10:00:00,6424336.252390658 
 04/14  11:00:00,5823287.498030511 
 04/14  12:00:00,5337659.997931128 
 04/14  13:00:00,4565801.008828719 
 04/14  14:00:00,4520358.742741603 
 04/14  15:00:00,4298724.44556365 
 04/14  16:00:00,4106211.249666584 
 04/14  17:00:00,3704120.4205480223 
 04/14  18:00:00,3200997.80376878 
 04/14  19:00:00,3890859.604441583 
 04/14  20:00:00,4621186.196169573 
 04/14  21:00:00,5454655.415977233 
 04/14  22:00:00,6184521.415773797 
 04/14  23:00:00,6910509.03599592 
 04/14  24:00:00,7584425.9614096545 
 04/15  01:00:00,8236093.096267361 
 04/15  02:00:00,8945923.012479419 
 04/15  03:00:00,9053163.349910386 
 04/15  04:00:00,9618294.70058201 
 04/15  05:00:00,9912360.779418375 
 04/15  06:00:00,9969208.041603303 
 04/15  07:00:00,9839067.36706027 
 04/15  08:00:00,9720642.217920141 
 04/15  09:00:00,8461168.23067562 
 04/15  10:00:00,7399967.114526125 
 04/15  11:00:00,6720267.138511675 
 04/15  12:00:00,6216891.183585623 
 04/15  13:00:00,5444979.177937054 
 04/15  14:00:00,5369904.130071472 
 04/15  15:00:00,5036156.929485314 
 04/15  16:00:00,4877878.722135997 
 04/15  17:00:00,4680359.528010902 
 04/15  18:00:00,4481261.488701826 
 04/15  19:00:00,5437884.061372143 
 04/15  20:00:00,6237544.540098278 
 04/15  21:00:00,7048215.930414002 
 04/15  22:00:00,7698328.926703672 
 04/15  23:00:00,8206933.077549068 
 04/15  24:00:00,8627519.00653115 
 04/16  01:00:00,9122073.311629988 
 04/16  02:00:00,9617184.85618686 
 04/16  03:00:00,9361687.87438574 
 04/16  04:00:00,9619795.350796584 
 04/16  05:00:00,9684644.670627419 
 04/16  06:00:00,9786950.427902786 
 04/16  07:00:00,9767725.30780963 
 04/16  08:00:00,9600052.161123153 
 04/16  09:00:00,8401121.999163412 
 04/16  10:00:00,7237917.870620757 
 04/16  11:00:00,6338965.192049427 
 04/16  12:00:00,5694746.552847769 
 04/16  13:00:00,4837022.171009862 
 04/16  14:00:00,4633661.854464974 
 04/16  15:00:00,4101828.0455862125 
 04/16  16:00:00,3741635.368518003 
 04/16  17:00:00,3357776.2555355793 
 04/16  18:00:00,2999979.6085671615 
 04/16  19:00:00,3919429.491611723 
 04/16  20:00:00,4901714.883396301 
 04/16  21:00:00,6120975.279693443 
 04/16  22:00:00,7047102.132584016 
 04/16  23:00:00,7460448.01185573 
 04/16  24:00:00,7817877.253378548 
 04/17  01:00:00,8180674.559447044 
 04/17  02:00:00,8401624.135967882 
 04/17  03:00:00,7883283.197156808 
 04/17  04:00:00,7908609.353370374 
 04/17  05:00:00,7769291.519329496 
 04/17  06:00:00,7602048.025016243 
 04/17  07:00:00,7767141.939970978 
 04/17  08:00:00,8086882.2963030785 
 04/17  09:00:00,7023441.328027141 
 04/17  10:00:00,5718127.522850121 
 04/17  11:00:00,4561939.109296696 
 04/17  12:00:00,3778056.24729627 
 04/17  13:00:00,2842753.8347057076 
 04/17  14:00:00,2819679.1601443975 
 04/17  15:00:00,2761432.222163959 
 04/17  16:00:00,2779027.9266407173 
 04/17  17:00:00,2708631.0689626094 
 04/17  18:00:00,2550890.880283421 
 04/17  19:00:00,3368355.596438165 
 04/17  20:00:00,3923721.3731675525 
 04/17  21:00:00,4386640.452504442 
 04/17  22:00:00,4675617.047601282 
 04/17  23:00:00,4949478.418454972 
 04/17  24:00:00,5224939.325961029 
 04/18  01:00:00,5931869.913114124 
 04/18  02:00:00,6841978.092945497 
 04/18  03:00:00,6889964.695347054 
 04/18  04:00:00,7449738.003277997 
 04/18  05:00:00,7917002.59341174 
 04/18  06:00:00,8250953.566735561 
 04/18  07:00:00,8323362.258886661 
 04/18  08:00:00,8579420.296666088 
 04/18  09:00:00,7930305.342750017 
 04/18  10:00:00,7136460.851339257 
 04/18  11:00:00,6610599.624401765 
 04/18  12:00:00,6316341.565756726 
 04/18  13:00:00,5684236.441707071 
 04/18  14:00:00,5733949.544850501 
 04/18  15:00:00,5388510.971286159 
 04/18  16:00:00,5206371.1377861425 
 04/18  17:00:00,5205414.467339 
 04/18  18:00:00,5216487.468988755 
 04/18  19:00:00,5560854.55070851 
 04/18  20:00:00,6112991.552767458 
 04/18  21:00:00,6705349.739660359 
 04/18  22:00:00,6814710.194914281 
 04/18  23:00:00,7298273.433460893 
 04/18  24:00:00,7873275.825498391 
 04/19  01:00:00,8438738.859785428 
 04/19  02:00:00,8877988.705314616 
 04/19  03:00:00,9065534.183586968 
 04/19  04:00:00,9135263.554470455 
 04/19  05:00:00,9151930.10832636 
 04/19  06:00:00,9052275.949744055 
 04/19  07:00:00,8806984.03806604 
 04/19  08:00:00,8363201.4545645965 
 04/19  09:00:00,7739796.693461571 
 04/19  10:00:00,6967432.491647796 
 04/19  11:00:00,6046751.703493096 
 04/19  12:00:00,5631007.6491564745 
 04/19  13:00:00,5386573.463715319 
 04/19  14:00:00,4942077.003419257 
 04/19  15:00:00,4712181.657105453 
 04/19  16:00:00,4664157.613169104 
 04/19  17:00:00,4713654.391395955 
 04/19  18:00:00,4478470.04041495 
 04/19  19:00:00,4806115.929683989 
 04/19  20:00:00,5232885.001885471 
 04/19  21:00:00,5786354.014191979 
 04/19  22:00:00,6444245.810223887 
 04/19  23:00:00,6925272.5366463605 
 04/19  24:00:00,7142060.045977171 
 04/20  01:00:00,7310288.937113747 
 04/20  02:00:00,7392765.506569048 
 04/20  03:00:00,7382469.813354712 
 04/20  04:00:00,7189012.515272289 
 04/20  05:00:00,6900842.52987358 
 04/20  06:00:00,6659083.758871928 
 04/20  07:00:00,6368099.914361543 
 04/20  08:00:00,5919838.492172556 
 04/20  09:00:00,5403361.980639941 
 04/20  10:00:00,5299281.510327242 
 04/20  11:00:00,5321035.19850049 
 04/20  12:00:00,4857126.9714254085 
 04/20  13:00:00,4579871.318773656 
 04/20  14:00:00,4500578.188024654 
 04/20  15:00:00,4523072.537716401 
 04/20  16:00:00,4709612.112961208 
 04/20  17:00:00,4896401.896271607 
 04/20  18:00:00,4972095.024463764 
 04/20  19:00:00,5263652.3797248425 
 04/20  20:00:00,5667877.150608989 
 04/20  21:00:00,6088063.407900747 
 04/20  22:00:00,6484596.975071802 
 04/20  23:00:00,6607007.210792523 
 04/20  24:00:00,6649690.953632045 
 04/21  01:00:00,6834121.522719899 
 04/21  02:00:00,6809229.554816561 
 04/21  03:00:00,7065528.2871769555 
 04/21  04:00:00,7311215.255737115 
 04/21  05:00:00,7617714.674323034 
 04/21  06:00:00,7898757.212770835 
 04/21  07:00:00,7796192.741976949 
 04/21  08:00:00,7780147.485092773 
 04/21  09:00:00,6611580.000405291 
 04/21  10:00:00,5374658.347687918 
 04/21  11:00:00,4525311.917249952 
 04/21  12:00:00,3748704.0526135312 
 04/21  13:00:00,2612986.1528186966 
 04/21  14:00:00,2490636.0708312825 
 04/21  15:00:00,2019046.3606247467 
 04/21  16:00:00,1710315.1728955675 
 04/21  17:00:00,1831333.511909091 
 04/21  18:00:00,1883153.9976387988 
 04/21  19:00:00,2671866.7557002874 
 04/21  20:00:00,3255912.938341226 
 04/21  21:00:00,3706816.4587256806 
 04/21  22:00:00,4020513.9868412726 
 04/21  23:00:00,4313989.760362145 
 04/21  24:00:00,4604344.8768084375 
 04/22  01:00:00,4960559.9949248955 
 04/22  02:00:00,5197704.738057662 
 04/22  03:00:00,4729871.621416475 
 04/22  04:00:00,4846050.281534357 
 04/22  05:00:00,4909419.259605961 
 04/22  06:00:00,4918644.689781484 
 04/22  07:00:00,4872664.195617495 
 04/22  08:00:00,5433619.528650852 
 04/22  09:00:00,5290533.523418843 
 04/22  10:00:00,4894127.780166199 
 04/22  11:00:00,4738743.60002491 
 04/22  12:00:00,4636921.004340332 
 04/22  13:00:00,3904351.522693788 
 04/22  14:00:00,4010349.841142641 
 04/22  15:00:00,3965220.375245438 
 04/22  16:00:00,3813445.1298503582 
 04/22  17:00:00,3577006.2252440834 
 04/22  18:00:00,3329251.1608580993 
 04/22  19:00:00,4016657.145715272 
 04/22  20:00:00,4383073.713253427 
 04/22  21:00:00,4762783.238517078 
 04/22  22:00:00,5062303.595963584 
 04/22  23:00:00,5358084.884428911 
 04/22  24:00:00,5601462.901872045 
 04/23  01:00:00,5683771.445217562 
 04/23  02:00:00,5869145.0507262135 
 04/23  03:00:00,5554423.6113075605 
 04/23  04:00:00,5865617.9561046455 
 04/23  05:00:00,6149737.075221418 
 04/23  06:00:00,6371332.257661786 
 04/23  07:00:00,6339854.895501914 
 04/23  08:00:00,6328383.254217971 
 04/23  09:00:00,5306844.667585186 
 04/23  10:00:00,4249880.64958745 
 04/23  11:00:00,3712013.7647875724 
 04/23  12:00:00,3382691.7266921806 
 04/23  13:00:00,2621559.5405367096 
 04/23  14:00:00,2819232.7302169884 
 04/23  15:00:00,2861303.118578082 
 04/23  16:00:00,2891631.9763292344 
 04/23  17:00:00,2892032.434363418 
 04/23  18:00:00,2812828.536391902 
 04/23  19:00:00,3707868.9177104337 
 04/23  20:00:00,4170018.92671764 
 04/23  21:00:00,4425170.159293107 
 04/23  22:00:00,4592484.916568131 
 04/23  23:00:00,4668316.014245074 
 04/23  24:00:00,4827358.323914224 
 04/24  01:00:00,5184236.903902873 
 04/24  02:00:00,5531134.964821539 
 04/24  03:00:00,5178650.575598606 
 04/24  04:00:00,5301533.78472084 
 04/24  05:00:00,5191018.3328873105 
 04/24  06:00:00,5114333.796950796 
 04/24  07:00:00,5153270.9357459005 
 04/24  08:00:00,5730939.512451543 
 04/24  09:00:00,5463464.853835879 
 04/24  10:00:00,4904753.471390782 
 04/24  11:00:00,4515473.150586994 
 04/24  12:00:00,4208592.693323379 
 04/24  13:00:00,3417767.7153534074 
 04/24  14:00:00,3302029.5201045685 
 04/24  15:00:00,3042588.8582390505 
 04/24  16:00:00,2825024.7692679814 
 04/24  17:00:00,2672266.8712917357 
 04/24  18:00:00,2743756.3554452253 
 04/24  19:00:00,2956445.5067523117 
 04/24  20:00:00,3304046.5331017487 
 04/24  21:00:00,3862491.4249177123 
 04/24  22:00:00,3834873.7731596306 
 04/24  23:00:00,3981307.3088066652 
 04/24  24:00:00,4187643.6299040252 
 04/25  01:00:00,4442596.190440936 
 04/25  02:00:00,4726135.522578134 
 04/25  03:00:00,4963004.7357478365 
 04/25  04:00:00,5203730.3135859985 
 04/25  05:00:00,5339777.36166446 
 04/25  06:00:00,5407870.613581493 
 04/25  07:00:00,5514421.750148106 
 04/25  08:00:00,6110601.075301684 
 04/25  09:00:00,5964040.241643641 
 04/25  10:00:00,5721373.906078069 
 04/25  11:00:00,5616602.341743054 
 04/25  12:00:00,5536394.277457847 
 04/25  13:00:00,4894335.50394858 
 04/25  14:00:00,4918498.34603337 
 04/25  15:00:00,4770393.109096552 
 04/25  16:00:00,4645089.328726071 
 04/25  17:00:00,4669936.812875136 
 04/25  18:00:00,4976431.168551829 
 04/25  19:00:00,5232028.831328837 
 04/25  20:00:00,5369250.67074429 
 04/25  21:00:00,5609767.445509921 
 04/25  22:00:00,5471912.9938637465 
 04/25  23:00:00,5827559.747380916 
 04/25  24:00:00,6038696.620489785 
 04/26  01:00:00,5976857.585567487 
 04/26  02:00:00,5976900.963348536 
 04/26  03:00:00,5870670.672317228 
 04/26  04:00:00,5617163.014449756 
 04/26  05:00:00,5425242.335294168 
 04/26  06:00:00,5322899.454233618 
 04/26  07:00:00,5204125.692580479 
 04/26  08:00:00,5064073.912009908 
 04/26  09:00:00,4792930.471735727 
 04/26  10:00:00,4366412.30738016 
 04/26  11:00:00,3957544.6142523633 
 04/26  12:00:00,3618546.059182997 
 04/26  13:00:00,3318391.22199465 
 04/26  14:00:00,3040369.9922733824 
 04/26  15:00:00,2887103.8684498863 
 04/26  16:00:00,3101387.8846561373 
 04/26  17:00:00,3526362.8827877697 
 04/26  18:00:00,3464796.1740766075 
 04/26  19:00:00,3829577.020809966 
 04/26  20:00:00,4346986.880284035 
 04/26  21:00:00,4851750.121443661 
 04/26  22:00:00,5271892.339355466 
 04/26  23:00:00,5464849.877281619 
 04/26  24:00:00,5556952.696493892 
 04/27  01:00:00,5647893.8362119645 
 04/27  02:00:00,5730386.721003938 
 04/27  03:00:00,5894991.475686397 
 04/27  04:00:00,5899399.5583979795 
 04/27  05:00:00,5830039.13190933 
 04/27  06:00:00,5885863.822837512 
 04/27  07:00:00,5868587.070826539 
 04/27  08:00:00,5783013.530668036 
 04/27  09:00:00,5583211.268412136 
 04/27  10:00:00,5450352.074389676 
 04/27  11:00:00,5359041.778030181 
 04/27  12:00:00,4802068.036248942 
 04/27  13:00:00,4507586.847784776 
 04/27  14:00:00,4344210.89504058 
 04/27  15:00:00,4127417.6787251704 
 04/27  16:00:00,4044201.14461583 
 04/27  17:00:00,4231759.576060151 
 04/27  18:00:00,4373501.892051654 
 04/27  19:00:00,4476698.508674431 
 04/27  20:00:00,4724894.174325334 
 04/27  21:00:00,5066520.885450261 
 04/27  22:00:00,5408538.633713922 
 04/27  23:00:00,5548840.674122665 
 04/27  24:00:00,5608980.204742555 
 04/28  01:00:00,5805155.874424989 
 04/28  02:00:00,5581934.490799747 
 04/28  03:00:00,5481008.444531876 
 04/28  04:00:00,5537335.775197676 
 04/28  05:00:00,5511996.789974008 
 04/28  06:00:00,5378400.936065925 
 04/28  07:00:00,5239664.763422916 
 04/28  08:00:00,5701575.011872038 
 04/28  09:00:00,5420417.079749485 
 04/28  10:00:00,4833767.006216082 
 04/28  11:00:00,4274192.639358402 
 04/28  12:00:00,3983149.8157425597 
 04/28  13:00:00,3267233.216622309 
 04/28  14:00:00,3201959.017638082 
 04/28  15:00:00,2917588.8419019408 
 04/28  16:00:00,2917071.8151820195 
 04/28  17:00:00,3098939.03776978 
 04/28  18:00:00,2715394.522654355 
 04/28  19:00:00,3201819.6769197197 
 04/28  20:00:00,3809515.426331683 
 04/28  21:00:00,4522231.369012855 
 04/28  22:00:00,4942236.449631221 
 04/28  23:00:00,5288896.439168212 
 04/28  24:00:00,5746752.878885701 
 04/29  01:00:00,6086676.267101701 
 04/29  02:00:00,6253064.424575512 
 04/29  03:00:00,5627353.828248485 
 04/29  04:00:00,5452936.581630524 
 04/29  05:00:00,5332515.010505182 
 04/29  06:00:00,5244441.16943066 
 04/29  07:00:00,5158313.770662324 
 04/29  08:00:00,5646135.224769812 
 04/29  09:00:00,5423061.350987764 
 04/29  10:00:00,4987389.125264899 
 04/29  11:00:00,4529549.013681446 
 04/29  12:00:00,4123752.6836374677 
 04/29  13:00:00,3409785.4050689694 
 04/29  14:00:00,3408382.8687732443 
 04/29  15:00:00,3398568.5149201197 
 04/29  16:00:00,3512924.831478607 
 04/29  17:00:00,3152076.076469525 
 04/29  18:00:00,2840664.9482594747 
 04/29  19:00:00,3645518.3796451846 
 04/29  20:00:00,4110324.49019925 
 04/29  21:00:00,4680893.104093599 
 04/29  22:00:00,5145821.127015664 
 04/29  23:00:00,5788807.039697049 
 04/29  24:00:00,6471735.463841603 
 04/30  01:00:00,6896499.289905676 
 04/30  02:00:00,7119772.435637672 
 04/30  03:00:00,6605859.802043847 
 04/30  04:00:00,6411064.234165788 
 04/30  05:00:00,6367639.12911191 
 04/30  06:00:00,6367028.88304322 
 04/30  07:00:00,6283057.660858087 
 04/30  08:00:00,6648941.298946031 
 04/30  09:00:00,6163885.115658892 
 04/30  10:00:00,5377862.497634837 
 04/30  11:00:00,4521940.272477085 
 04/30  12:00:00,3678202.6399577223 
 04/30  13:00:00,2571989.3929897654 
 04/30  14:00:00,2318300.2841861914 
 04/30  15:00:00,1961792.0020035491 
 04/30  16:00:00,1919198.248644607 
 04/30  17:00:00,1684006.6386768278 
 04/30  18:00:00,1468624.3813161629 
 04/30  19:00:00,2422863.513489308 
 04/30  20:00:00,2973850.5482691666 
 04/30  21:00:00,3681086.871175698 
 04/30  22:00:00,4365281.691235277 
 04/30  23:00:00,4968579.493875991 
 04/30  24:00:00,5661595.221812855 
 05/01  01:00:00,6198784.689016587 
 05/01  02:00:00,6333634.509254081 
 05/01  03:00:00,5894403.997524908 
 05/01  04:00:00,5818911.485944897 
 05/01  05:00:00,5664302.919365162 
 05/01  06:00:00,5290714.854152974 
 05/01  07:00:00,5044164.728902442 
 05/01  08:00:00,5572739.868422165 
 05/01  09:00:00,5345984.082581802 
 05/01  10:00:00,4963222.660107482 
 05/01  11:00:00,4846050.0717545 
 05/01  12:00:00,4915294.207402085 
 05/01  13:00:00,4338428.369792993 
 05/01  14:00:00,4317622.419114348 
 05/01  15:00:00,4176171.193426495 
 05/01  16:00:00,4122120.475804136 
 05/01  17:00:00,4021023.8141224235 
 05/01  18:00:00,3900879.9776056246 
 05/01  19:00:00,3995165.025124476 
 05/01  20:00:00,4286777.452205659 
 05/01  21:00:00,4608868.38164064 
 05/01  22:00:00,4275078.242502294 
 05/01  23:00:00,4344977.909481845 
 05/01  24:00:00,4453418.181632565 
 05/02  01:00:00,4504295.388370991 
 05/02  02:00:00,4696532.159429645 
 05/02  03:00:00,4917534.752977232 
 05/02  04:00:00,5145622.949956608 
 05/02  05:00:00,5349671.7613354465 
 05/02  06:00:00,5479535.174820214 
 05/02  07:00:00,5612607.603979157 
 05/02  08:00:00,6177460.07149343 
 05/02  09:00:00,5962619.838466811 
 05/02  10:00:00,5605349.387582795 
 05/02  11:00:00,5400102.560607742 
 05/02  12:00:00,5375859.024133376 
 05/02  13:00:00,4917754.980424539 
 05/02  14:00:00,5075104.413190218 
 05/02  15:00:00,5050576.891883639 
 05/02  16:00:00,5067658.356267568 
 05/02  17:00:00,4983451.406069489 
 05/02  18:00:00,4813652.379848567 
 05/02  19:00:00,5443426.24246262 
 05/02  20:00:00,5780891.940026272 
 05/02  21:00:00,6264478.275049044 
 05/02  22:00:00,6887410.586792503 
 05/02  23:00:00,7598036.526329657 
 05/02  24:00:00,8245249.761031948 
 05/03  01:00:00,8762764.205818377 
 05/03  02:00:00,9311733.834714677 
 05/03  03:00:00,9115719.684219742 
 05/03  04:00:00,9443859.600374809 
 05/03  05:00:00,9826498.93500597 
 05/03  06:00:00,9924968.356077818 
 05/03  07:00:00,9474716.216173686 
 05/03  08:00:00,8455669.012090342 
 05/03  09:00:00,7556041.907510046 
 05/03  10:00:00,6967790.54793295 
 05/03  11:00:00,6511490.775631123 
 05/03  12:00:00,6062700.970396836 
 05/03  13:00:00,5522560.410879673 
 05/03  14:00:00,5036877.038362607 
 05/03  15:00:00,4692139.451682743 
 05/03  16:00:00,4555226.636406671 
 05/03  17:00:00,4624642.808606667 
 05/03  18:00:00,4219430.388210901 
 05/03  19:00:00,4275772.965037017 
 05/03  20:00:00,4719955.167029842 
 05/03  21:00:00,5419273.247832666 
 05/03  22:00:00,5946549.999061446 
 05/03  23:00:00,6431567.325946754 
 05/03  24:00:00,6884030.952636964 
 05/04  01:00:00,7213317.11649972 
 05/04  02:00:00,7536457.29260879 
 05/04  03:00:00,7866350.529543356 
 05/04  04:00:00,8193204.159863632 
 05/04  05:00:00,8416054.368170194 
 05/04  06:00:00,8485896.656457845 
 05/04  07:00:00,8204669.943815346 
 05/04  08:00:00,7317270.353168732 
 05/04  09:00:00,6110033.662313013 
 05/04  10:00:00,5311325.172154663 
 05/04  11:00:00,4968192.940629197 
 05/04  12:00:00,4414507.882543723 
 05/04  13:00:00,3987994.3033075416 
 05/04  14:00:00,3589492.0973954517 
 05/04  15:00:00,3243619.561351287 
 05/04  16:00:00,3026378.393488571 
 05/04  17:00:00,3047176.005051204 
 05/04  18:00:00,3103435.997641558 
 05/04  19:00:00,3248779.8722930937 
 05/04  20:00:00,3732269.9265304934 
 05/04  21:00:00,4307911.24222292 
 05/04  22:00:00,4922722.869871434 
 05/04  23:00:00,5666458.525621019 
 05/04  24:00:00,6804521.046175524 
 05/05  01:00:00,7890579.005608447 
 05/05  02:00:00,8015333.242400446 
 05/05  03:00:00,8381475.146931602 
 05/05  04:00:00,8814753.11603912 
 05/05  05:00:00,8751535.688190851 
 05/05  06:00:00,8546627.02222956 
 05/05  07:00:00,7943339.536612159 
 05/05  08:00:00,7375676.1947957 
 05/05  09:00:00,5888218.753231163 
 05/05  10:00:00,4426753.767711426 
 05/05  11:00:00,3435187.152918772 
 05/05  12:00:00,2901854.682494414 
 05/05  13:00:00,2206203.1920966455 
 05/05  14:00:00,2249651.4701527 
 05/05  15:00:00,2060162.4616072304 
 05/05  16:00:00,2019619.176493314 
 05/05  17:00:00,1859970.149645477 
 05/05  18:00:00,1484163.9760395437 
 05/05  19:00:00,2124436.369090186 
 05/05  20:00:00,2488042.731626566 
 05/05  21:00:00,2901657.1046965783 
 05/05  22:00:00,3310595.2696792986 
 05/05  23:00:00,3587032.4635516396 
 05/05  24:00:00,3783216.305941241 
 05/06  01:00:00,3903350.544862557 
 05/06  02:00:00,4022359.410802637 
 05/06  03:00:00,3563411.800449308 
 05/06  04:00:00,3694294.041694144 
 05/06  05:00:00,3710704.9707731735 
 05/06  06:00:00,3584195.7362867943 
 05/06  07:00:00,3482361.572813162 
 05/06  08:00:00,4180999.0087435404 
 05/06  09:00:00,4185850.537713587 
 05/06  10:00:00,3841113.6194298193 
 05/06  11:00:00,3468591.6015732973 
 05/06  12:00:00,3166369.953296024 
 05/06  13:00:00,2542313.6890134253 
 05/06  14:00:00,2722046.0115400245 
 05/06  15:00:00,2653096.1684065606 
 05/06  16:00:00,2418538.927147334 
 05/06  17:00:00,2032080.416876198 
 05/06  18:00:00,1983338.9616917137 
 05/06  19:00:00,3016576.2066646456 
 05/06  20:00:00,3540375.090087069 
 05/06  21:00:00,4232833.142826531 
 05/06  22:00:00,4748542.860915235 
 05/06  23:00:00,5015009.831259853 
 05/06  24:00:00,5288229.263435889 
 05/07  01:00:00,5548675.6864094185 
 05/07  02:00:00,5611119.47093112 
 05/07  03:00:00,5060378.869196815 
 05/07  04:00:00,4921858.831715577 
 05/07  05:00:00,4753025.405926621 
 05/07  06:00:00,4852072.499699216 
 05/07  07:00:00,4968497.642285672 
 05/07  08:00:00,5376244.220378082 
 05/07  09:00:00,5101805.269459499 
 05/07  10:00:00,4702552.079026781 
 05/07  11:00:00,4349514.467796739 
 05/07  12:00:00,4122933.537341127 
 05/07  13:00:00,3598439.3825548417 
 05/07  14:00:00,3847480.6308549643 
 05/07  15:00:00,3657400.3741049217 
 05/07  16:00:00,3485125.489056362 
 05/07  17:00:00,3406015.179484656 
 05/07  18:00:00,3159446.6978748674 
 05/07  19:00:00,3712280.694675007 
 05/07  20:00:00,4060018.875873861 
 05/07  21:00:00,4481620.74865477 
 05/07  22:00:00,4590917.981441695 
 05/07  23:00:00,4557272.071063082 
 05/07  24:00:00,4721727.150070285 
 05/08  01:00:00,4831037.019745849 
 05/08  02:00:00,5024832.185159678 
 05/08  03:00:00,4609936.862912851 
 05/08  04:00:00,4549897.759863852 
 05/08  05:00:00,4475660.349622779 
 05/08  06:00:00,4472680.957956214 
 05/08  07:00:00,4490519.351022365 
 05/08  08:00:00,5049204.840308429 
 05/08  09:00:00,4942380.257925566 
 05/08  10:00:00,4769119.932770806 
 05/08  11:00:00,4626777.958006123 
 05/08  12:00:00,4423964.09985473 
 05/08  13:00:00,3642042.989339726 
 05/08  14:00:00,3515900.0457164813 
 05/08  15:00:00,3212335.147248674 
 05/08  16:00:00,2982690.6180644613 
 05/08  17:00:00,2666053.706488281 
 05/08  18:00:00,2240847.9724470926 
 05/08  19:00:00,2793535.6829656125 
 05/08  20:00:00,3017366.4424509755 
 05/08  21:00:00,3241789.9906065674 
 05/08  22:00:00,3604140.459162335 
 05/08  23:00:00,3846733.8533038436 
 05/08  24:00:00,4013826.9100252716 
 05/09  01:00:00,4205105.0698105935 
 05/09  02:00:00,4333940.6247762125 
 05/09  03:00:00,3930287.7535609547 
 05/09  04:00:00,4209289.161078327 
 05/09  05:00:00,4410659.9013510365 
 05/09  06:00:00,4377360.672700279 
 05/09  07:00:00,4465891.795630552 
 05/09  08:00:00,5053768.721409022 
 05/09  09:00:00,4738511.550669133 
 05/09  10:00:00,4294382.309893612 
 05/09  11:00:00,3963917.3156678197 
 05/09  12:00:00,3709343.6853865297 
 05/09  13:00:00,3097524.8271827116 
 05/09  14:00:00,3271965.299417401 
 05/09  15:00:00,3129216.2685931637 
 05/09  16:00:00,3011234.819925695 
 05/09  17:00:00,2710885.8512276276 
 05/09  18:00:00,2557296.2615389223 
 05/09  19:00:00,3374020.00863848 
 05/09  20:00:00,3615058.6538740774 
 05/09  21:00:00,4014758.750543113 
 05/09  22:00:00,4351610.478523377 
 05/09  23:00:00,4512304.763134727 
 05/09  24:00:00,4577663.434253386 
 05/10  01:00:00,4762406.582175733 
 05/10  02:00:00,4825570.0415818095 
 05/10  03:00:00,4352608.47571786 
 05/10  04:00:00,4372138.98322799 
 05/10  05:00:00,4363777.679907702 
 05/10  06:00:00,4276274.621977071 
 05/10  07:00:00,4111369.3384388657 
 05/10  08:00:00,3909796.5923500606 
 05/10  09:00:00,3559086.4472319838 
 05/10  10:00:00,3223351.6635198263 
 05/10  11:00:00,2883357.191094299 
 05/10  12:00:00,2649326.463721224 
 05/10  13:00:00,2518923.2650559023 
 05/10  14:00:00,2517546.740169545 
 05/10  15:00:00,2895758.371931844 
 05/10  16:00:00,3388602.181063342 
 05/10  17:00:00,3493733.882905001 
 05/10  18:00:00,3946761.385692474 
 05/10  19:00:00,3923000.1041491576 
 05/10  20:00:00,4461500.822289798 
 05/10  21:00:00,5062372.828175991 
 05/10  22:00:00,5000550.500603968 
 05/10  23:00:00,4798903.444760912 
 05/10  24:00:00,4860964.6256770305 
 05/11  01:00:00,4925609.757219568 
 05/11  02:00:00,5156806.251035516 
 05/11  03:00:00,5464470.968255211 
 05/11  04:00:00,5435559.4097725665 
 05/11  05:00:00,5392271.394345798 
 05/11  06:00:00,5497520.868636042 
 05/11  07:00:00,5517275.393946475 
 05/11  08:00:00,5381972.4092497155 
 05/11  09:00:00,5199838.928551387 
 05/11  10:00:00,5163622.442688515 
 05/11  11:00:00,5413486.108478558 
 05/11  12:00:00,5146397.839371768 
 05/11  13:00:00,4920667.499368052 
 05/11  14:00:00,4872005.1649865955 
 05/11  15:00:00,4714890.348044002 
 05/11  16:00:00,4458788.589449963 
 05/11  17:00:00,4292246.285531804 
 05/11  18:00:00,4419710.823769101 
 05/11  19:00:00,4659244.065024097 
 05/11  20:00:00,5018325.956734962 
 05/11  21:00:00,5368580.787780728 
 05/11  22:00:00,5682345.009703452 
 05/11  23:00:00,5946503.452965214 
 05/11  24:00:00,6040236.622536084 
 05/12  01:00:00,6209150.505989367 
 05/12  02:00:00,6074124.13804959 
 05/12  03:00:00,6067843.420889216 
 05/12  04:00:00,6155542.3696553465 
 05/12  05:00:00,6260837.825945866 
 05/12  06:00:00,6277908.449291213 
 05/12  07:00:00,6181500.9157688795 
 05/12  08:00:00,6505015.468362151 
 05/12  09:00:00,5982911.916818603 
 05/12  10:00:00,5306107.528347261 
 05/12  11:00:00,4837214.802648353 
 05/12  12:00:00,4652274.699243291 
 05/12  13:00:00,4235753.645982528 
 05/12  14:00:00,4393205.885528438 
 05/12  15:00:00,4153050.5038913283 
 05/12  16:00:00,3984314.136713756 
 05/12  17:00:00,3668331.217561621 
 05/12  18:00:00,3493868.870677063 
 05/12  19:00:00,4445132.269068018 
 05/12  20:00:00,4826115.238256859 
 05/12  21:00:00,5405186.029804131 
 05/12  22:00:00,5965703.866417201 
 05/12  23:00:00,6290310.529926855 
 05/12  24:00:00,6601861.596281712 
 05/13  01:00:00,6848730.818124909 
 05/13  02:00:00,7034773.0748094125 
 05/13  03:00:00,6616323.4231386315 
 05/13  04:00:00,6754680.210728441 
 05/13  05:00:00,6765709.5199766215 
 05/13  06:00:00,6719454.785077246 
 05/13  07:00:00,6512863.503641974 
 05/13  08:00:00,6664523.115663283 
 05/13  09:00:00,6263460.598726955 
 05/13  10:00:00,5698792.817061422 
 05/13  11:00:00,5137721.240057261 
 05/13  12:00:00,4870908.114939081 
 05/13  13:00:00,4289947.795021015 
 05/13  14:00:00,4189994.277948531 
 05/13  15:00:00,3732951.7816554517 
 05/13  16:00:00,3651480.455693732 
 05/13  17:00:00,3321324.8211108786 
 05/13  18:00:00,3003820.939990447 
 05/13  19:00:00,3814890.5330007747 
 05/13  20:00:00,4173911.1942983503 
 05/13  21:00:00,4836926.98273726 
 05/13  22:00:00,5467017.378756684 
 05/13  23:00:00,5883620.277340562 
 05/13  24:00:00,6256079.315915827 
 05/14  01:00:00,6617216.975028064 
 05/14  02:00:00,6812375.267321628 
 05/14  03:00:00,6647068.518792616 
 05/14  04:00:00,7025662.585798948 
 05/14  05:00:00,7298836.96608501 
 05/14  06:00:00,7427582.356005549 
 05/14  07:00:00,7057696.639699917 
 05/14  08:00:00,6830186.472115161 
 05/14  09:00:00,5910121.424770676 
 05/14  10:00:00,4944909.495437566 
 05/14  11:00:00,4142638.1959701953 
 05/14  12:00:00,3612337.9079232663 
 05/14  13:00:00,2774631.731394537 
 05/14  14:00:00,2685003.0910174632 
 05/14  15:00:00,2406898.1554169883 
 05/14  16:00:00,2064566.4254523101 
 05/14  17:00:00,1736554.7906937075 
 05/14  18:00:00,1455397.4534777845 
 05/14  19:00:00,2175084.9533740827 
 05/14  20:00:00,2604338.312308255 
 05/14  21:00:00,3388380.6894921768 
 05/14  22:00:00,4301071.222637791 
 05/14  23:00:00,5078363.179598801 
 05/14  24:00:00,5638037.689120468 
 05/15  01:00:00,6092903.413234994 
 05/15  02:00:00,6618213.681188727 
 05/15  03:00:00,6459849.658065774 
 05/15  04:00:00,6936764.604616688 
 05/15  05:00:00,7207143.562020544 
 05/15  06:00:00,7165674.202074539 
 05/15  07:00:00,6674559.071577596 
 05/15  08:00:00,6324456.904845068 
 05/15  09:00:00,5254474.200800291 
 05/15  10:00:00,4167249.162994407 
 05/15  11:00:00,3319452.101911186 
 05/15  12:00:00,2582341.144893487 
 05/15  13:00:00,1717121.1168444434 
 05/15  14:00:00,1703874.9189666337 
 05/15  15:00:00,1425266.3434445204 
 05/15  16:00:00,1109654.6509531937 
 05/15  17:00:00,642102.305064178 
 05/15  18:00:00,433273.5520359951 
 05/15  19:00:00,1267428.4849921255 
 05/15  20:00:00,1780532.774239668 
 05/15  21:00:00,2624814.365724869 
 05/15  22:00:00,3668003.8862926057 
 05/15  23:00:00,4578300.109635017 
 05/15  24:00:00,5288792.588963437 
 05/16  01:00:00,5926706.605508499 
 05/16  02:00:00,6374348.930336666 
 05/16  03:00:00,6419518.67838807 
 05/16  04:00:00,6765936.390497377 
 05/16  05:00:00,7031136.980711555 
 05/16  06:00:00,7074472.8013959695 
 05/16  07:00:00,6473714.730703829 
 05/16  08:00:00,5960774.683421512 
 05/16  09:00:00,4652281.819912569 
 05/16  10:00:00,3397921.5290475693 
 05/16  11:00:00,2535392.575761124 
 05/16  12:00:00,1979251.048247523 
 05/16  13:00:00,945759.8391473185 
 05/16  14:00:00,772533.3085450439 
 05/16  15:00:00,563805.7491339074 
 05/16  16:00:00,355398.4557934607 
 05/16  17:00:00,99507.06349810571 
 05/16  18:00:00,0.0 
 05/16  19:00:00,193377.10060939065 
 05/16  20:00:00,785501.9559008746 
 05/16  21:00:00,1707257.2317581272 
 05/16  22:00:00,2664392.994428649 
 05/16  23:00:00,3500437.1335604815 
 05/16  24:00:00,4223905.825831974 
 05/17  01:00:00,4781945.409815245 
 05/17  02:00:00,5241765.475814821 
 05/17  03:00:00,4993638.026043682 
 05/17  04:00:00,5419120.008497804 
 05/17  05:00:00,5551678.388330002 
 05/17  06:00:00,5255199.841487063 
 05/17  07:00:00,4438176.166711309 
 05/17  08:00:00,3525657.8869864927 
 05/17  09:00:00,2646450.8578568837 
 05/17  10:00:00,1721033.417829168 
 05/17  11:00:00,790929.2275854023 
 05/17  12:00:00,122540.10242251534 
 05/17  13:00:00,0.0 
 05/17  14:00:00,0.0 
 05/17  15:00:00,0.0 
 05/17  16:00:00,0.0 
 05/17  17:00:00,0.0 
 05/17  18:00:00,0.0 
 05/17  19:00:00,0.0 
 05/17  20:00:00,0.0 
 05/17  21:00:00,501424.4459959067 
 05/17  22:00:00,1251942.4703413001 
 05/17  23:00:00,1837737.0354747532 
 05/17  24:00:00,2539230.156655605 
 05/18  01:00:00,3075010.2963489136 
 05/18  02:00:00,3489819.2646061946 
 05/18  03:00:00,3885159.6337589487 
 05/18  04:00:00,4349253.191929869 
 05/18  05:00:00,4778126.36924048 
 05/18  06:00:00,4719404.974269968 
 05/18  07:00:00,4148667.443628234 
 05/18  08:00:00,3306621.871246334 
 05/18  09:00:00,2377120.878951782 
 05/18  10:00:00,1773821.9693857334 
 05/18  11:00:00,1541868.1932929093 
 05/18  12:00:00,1004890.4691194715 
 05/18  13:00:00,585688.6111298365 
 05/18  14:00:00,315603.3674904902 
 05/18  15:00:00,136559.20845578949 
 05/18  16:00:00,51710.515691404726 
 05/18  17:00:00,97704.4425246735 
 05/18  18:00:00,332126.8185540248 
 05/18  19:00:00,645269.0849733424 
 05/18  20:00:00,1126006.378096033 
 05/18  21:00:00,1910769.2406030248 
 05/18  22:00:00,2632078.876640121 
 05/18  23:00:00,3261418.7392924726 
 05/18  24:00:00,3762527.732049874 
 05/19  01:00:00,4151303.9881664235 
 05/19  02:00:00,4018061.536860512 
 05/19  03:00:00,3866681.804114952 
 05/19  04:00:00,3804870.031030562 
 05/19  05:00:00,3731879.9079479254 
 05/19  06:00:00,3704450.220728706 
 05/19  07:00:00,3341982.043024725 
 05/19  08:00:00,3135273.7127280557 
 05/19  09:00:00,2063529.407234814 
 05/19  10:00:00,980493.3377456664 
 05/19  11:00:00,203401.72989336716 
 05/19  12:00:00,0.0 
 05/19  13:00:00,0.0 
 05/19  14:00:00,0.0 
 05/19  15:00:00,0.0 
 05/19  16:00:00,0.0 
 05/19  17:00:00,0.0 
 05/19  18:00:00,0.0 
 05/19  19:00:00,0.0 
 05/19  20:00:00,0.0 
 05/19  21:00:00,0.0 
 05/19  22:00:00,0.0 
 05/19  23:00:00,67922.77047520329 
 05/19  24:00:00,651349.8061208884 
 05/20  01:00:00,1051461.7569908842 
 05/20  02:00:00,1271035.1063816876 
 05/20  03:00:00,1329311.8348534666 
 05/20  04:00:00,1941348.9841744488 
 05/20  05:00:00,1922804.4075943748 
 05/20  06:00:00,1782179.7017571053 
 05/20  07:00:00,1848494.9702741902 
 05/20  08:00:00,2314757.384820241 
 05/20  09:00:00,1979248.2992288636 
 05/20  10:00:00,1481205.9731434698 
 05/20  11:00:00,1338955.3950336922 
 05/20  12:00:00,1301967.6462418274 
 05/20  13:00:00,696185.335584324 
 05/20  14:00:00,825706.3294583918 
 05/20  15:00:00,807082.210115339 
 05/20  16:00:00,1061006.069083985 
 05/20  17:00:00,1023724.6887283596 
 05/20  18:00:00,830180.4756857491 
 05/20  19:00:00,1646933.3729449995 
 05/20  20:00:00,1966998.8300497024 
 05/20  21:00:00,2440995.85291551 
 05/20  22:00:00,3303172.891122494 
 05/20  23:00:00,3975384.2557126614 
 05/20  24:00:00,4215601.39368156 
 05/21  01:00:00,4498106.441926682 
 05/21  02:00:00,4841334.976255954 
 05/21  03:00:00,4661007.610994812 
 05/21  04:00:00,5058619.649159187 
 05/21  05:00:00,5696887.69702854 
 05/21  06:00:00,5994925.537743193 
 05/21  07:00:00,5557534.067945751 
 05/21  08:00:00,5445492.87050442 
 05/21  09:00:00,4527668.651320923 
 05/21  10:00:00,3325192.0291652433 
 05/21  11:00:00,2525291.8129170802 
 05/21  12:00:00,2094571.6087003336 
 05/21  13:00:00,1358203.3722800415 
 05/21  14:00:00,1438219.499682667 
 05/21  15:00:00,1434505.5992876454 
 05/21  16:00:00,1551907.8283934344 
 05/21  17:00:00,1689826.1723639206 
 05/21  18:00:00,1780992.2793308087 
 05/21  19:00:00,1910484.2595905836 
 05/21  20:00:00,2239934.2505879826 
 05/21  21:00:00,2675854.12029596 
 05/21  22:00:00,2531457.471740125 
 05/21  23:00:00,2554739.0377080855 
 05/21  24:00:00,2617312.073851413 
 05/22  01:00:00,2851255.6005468764 
 05/22  02:00:00,3082896.1457932834 
 05/22  03:00:00,3279832.728788708 
 05/22  04:00:00,3402304.5518194744 
 05/22  05:00:00,3457267.0341912745 
 05/22  06:00:00,3485262.1648697155 
 05/22  07:00:00,3515559.2337651937 
 05/22  08:00:00,4182409.4526171316 
 05/22  09:00:00,3886368.6126671224 
 05/22  10:00:00,3190220.272486131 
 05/22  11:00:00,2802893.6023547873 
 05/22  12:00:00,2748677.2926930557 
 05/22  13:00:00,2455243.0227163937 
 05/22  14:00:00,2749859.603889541 
 05/22  15:00:00,2784687.6252687033 
 05/22  16:00:00,3096240.923943223 
 05/22  17:00:00,2897151.6072833566 
 05/22  18:00:00,2219399.8578690877 
 05/22  19:00:00,2594244.509952537 
 05/22  20:00:00,2896550.76509992 
 05/22  21:00:00,3374197.280365112 
 05/22  22:00:00,3703941.3687470728 
 05/22  23:00:00,3791376.868909571 
 05/22  24:00:00,3868622.5771898306 
 05/23  01:00:00,3978580.0973632624 
 05/23  02:00:00,4198395.505802204 
 05/23  03:00:00,3805611.387438691 
 05/23  04:00:00,4042300.312683618 
 05/23  05:00:00,4167162.4523623274 
 05/23  06:00:00,4191635.3684879565 
 05/23  07:00:00,4342261.981035676 
 05/23  08:00:00,4913721.624376338 
 05/23  09:00:00,4618440.336769165 
 05/23  10:00:00,4253309.179599504 
 05/23  11:00:00,3994626.32065375 
 05/23  12:00:00,3792981.564136861 
 05/23  13:00:00,3350332.429238488 
 05/23  14:00:00,3586571.4989083083 
 05/23  15:00:00,3665596.0687136836 
 05/23  16:00:00,3703764.9913948476 
 05/23  17:00:00,3475854.432104959 
 05/23  18:00:00,3246563.8379208995 
 05/23  19:00:00,3134213.3117527585 
 05/23  20:00:00,3348942.8668650454 
 05/23  21:00:00,3782281.394526572 
 05/23  22:00:00,3626542.5172677375 
 05/23  23:00:00,3715532.3027679217 
 05/23  24:00:00,4018000.8680105302 
 05/24  01:00:00,4199071.751303094 
 05/24  02:00:00,4264639.473946664 
 05/24  03:00:00,4423250.509347638 
 05/24  04:00:00,4468469.367392615 
 05/24  05:00:00,4438281.533052071 
 05/24  06:00:00,4273712.263742839 
 05/24  07:00:00,4064405.768429188 
 05/24  08:00:00,3990768.6234270465 
 05/24  09:00:00,3967306.3610336496 
 05/24  10:00:00,3852628.4383835383 
 05/24  11:00:00,3481549.9300783575 
 05/24  12:00:00,3172113.7685614238 
 05/24  13:00:00,3034945.257009267 
 05/24  14:00:00,3002406.58448425 
 05/24  15:00:00,3188627.5071045184 
 05/24  16:00:00,3538809.73026042 
 05/24  17:00:00,3859797.013870187 
 05/24  18:00:00,3731419.543026715 
 05/24  19:00:00,3988073.605789501 
 05/24  20:00:00,4179442.5656133024 
 05/24  21:00:00,4345068.362290358 
 05/24  22:00:00,4500046.152774133 
 05/24  23:00:00,4563395.557085891 
 05/24  24:00:00,4633498.710967636 
 05/25  01:00:00,4756082.682072952 
 05/25  02:00:00,4877466.353230566 
 05/25  03:00:00,5035165.8193495795 
 05/25  04:00:00,5245953.116611593 
 05/25  05:00:00,5487095.022840221 
 05/25  06:00:00,5578281.427300266 
 05/25  07:00:00,5270353.430544947 
 05/25  08:00:00,4648831.540824286 
 05/25  09:00:00,4097515.6341250916 
 05/25  10:00:00,3951726.2201002687 
 05/25  11:00:00,3847472.4324819776 
 05/25  12:00:00,3417038.001174495 
 05/25  13:00:00,3112893.6277091196 
 05/25  14:00:00,2888179.3456897233 
 05/25  15:00:00,2759029.609491225 
 05/25  16:00:00,2662493.2888319017 
 05/25  17:00:00,2734270.478297688 
 05/25  18:00:00,2938393.1035838197 
 05/25  19:00:00,3153797.155113899 
 05/25  20:00:00,3438366.5192204653 
 05/25  21:00:00,4112248.2663770616 
 05/25  22:00:00,4985617.497002568 
 05/25  23:00:00,5684440.946309449 
 05/25  24:00:00,6196713.2549459385 
 05/26  01:00:00,6559111.461397029 
 05/26  02:00:00,6146337.200885033 
 05/26  03:00:00,5789547.80633239 
 05/26  04:00:00,6034935.31635227 
 05/26  05:00:00,6061616.528200453 
 05/26  06:00:00,5649097.333285665 
 05/26  07:00:00,5295975.1105046505 
 05/26  08:00:00,5559352.953239959 
 05/26  09:00:00,5183007.07441688 
 05/26  10:00:00,4737775.483235573 
 05/26  11:00:00,4672803.960346906 
 05/26  12:00:00,4622948.170125788 
 05/26  13:00:00,3959080.7826350764 
 05/26  14:00:00,4207319.082882266 
 05/26  15:00:00,4242503.528763711 
 05/26  16:00:00,4335523.741025488 
 05/26  17:00:00,4165027.3660697746 
 05/26  18:00:00,3824106.2581880228 
 05/26  19:00:00,4434168.520733168 
 05/26  20:00:00,4525956.933194546 
 05/26  21:00:00,4523831.9012785405 
 05/26  22:00:00,4428278.765677545 
 05/26  23:00:00,4403634.153309948 
 05/26  24:00:00,4476653.686238047 
 05/27  01:00:00,4598105.109789665 
 05/27  02:00:00,4645518.170444337 
 05/27  03:00:00,4263759.67951742 
 05/27  04:00:00,4485023.535856724 
 05/27  05:00:00,4646280.244299743 
 05/27  06:00:00,4690125.875902497 
 05/27  07:00:00,4550491.88360913 
 05/27  08:00:00,4686532.576048042 
 05/27  09:00:00,4164678.300832441 
 05/27  10:00:00,3740617.7549594007 
 05/27  11:00:00,3631972.2014536057 
 05/27  12:00:00,3804147.9563675085 
 05/27  13:00:00,3656492.0543070333 
 05/27  14:00:00,4212512.002286166 
 05/27  15:00:00,4367623.017859627 
 05/27  16:00:00,4324085.373326081 
 05/27  17:00:00,4098086.693486375 
 05/27  18:00:00,3813710.781991964 
 05/27  19:00:00,4446151.375987367 
 05/27  20:00:00,4609491.323611952 
 05/27  21:00:00,4696755.770456005 
 05/27  22:00:00,4834626.156887904 
 05/27  23:00:00,5024495.109027448 
 05/27  24:00:00,5241701.141546586 
 05/28  01:00:00,5462915.862231673 
 05/28  02:00:00,5580273.517023201 
 05/28  03:00:00,5017297.1108848555 
 05/28  04:00:00,5039945.184102165 
 05/28  05:00:00,4980555.138107291 
 05/28  06:00:00,4865191.589612326 
 05/28  07:00:00,4695494.139308829 
 05/28  08:00:00,5085382.539049839 
 05/28  09:00:00,4830646.894280219 
 05/28  10:00:00,4542902.447136356 
 05/28  11:00:00,4491479.517102582 
 05/28  12:00:00,4542942.042292037 
 05/28  13:00:00,4097074.134500419 
 05/28  14:00:00,4293279.81925111 
 05/28  15:00:00,4098643.117975659 
 05/28  16:00:00,3892376.3763497714 
 05/28  17:00:00,3514734.323542287 
 05/28  18:00:00,2965557.797379987 
 05/28  19:00:00,3424143.9381604856 
 05/28  20:00:00,3597068.843812517 
 05/28  21:00:00,3722149.1805665614 
 05/28  22:00:00,3709501.6944837486 
 05/28  23:00:00,3728408.3501965343 
 05/28  24:00:00,3814616.2134880554 
 05/29  01:00:00,3842186.288490012 
 05/29  02:00:00,3845357.7043965864 
 05/29  03:00:00,3255676.475787528 
 05/29  04:00:00,3283773.840162975 
 05/29  05:00:00,3287381.8850248675 
 05/29  06:00:00,3288370.6354705063 
 05/29  07:00:00,3296374.4403342023 
 05/29  08:00:00,3896891.215487563 
 05/29  09:00:00,3639145.2992270533 
 05/29  10:00:00,3146947.449459618 
 05/29  11:00:00,2551070.0257245516 
 05/29  12:00:00,2040162.844762834 
 05/29  13:00:00,1510429.27420822 
 05/29  14:00:00,1668006.0423910904 
 05/29  15:00:00,1639667.6573445322 
 05/29  16:00:00,1687363.5544444355 
 05/29  17:00:00,1362729.4275707449 
 05/29  18:00:00,1257553.1812199173 
 05/29  19:00:00,2219195.8494998137 
 05/29  20:00:00,2507217.7345994455 
 05/29  21:00:00,2808386.425638428 
 05/29  22:00:00,3221179.3332856493 
 05/29  23:00:00,3540318.017717462 
 05/29  24:00:00,3598676.622633827 
 05/30  01:00:00,3652090.504370109 
 05/30  02:00:00,3795051.9160264945 
 05/30  03:00:00,3285420.3152675056 
 05/30  04:00:00,3386749.4737669947 
 05/30  05:00:00,3463870.586821455 
 05/30  06:00:00,3512214.01901921 
 05/30  07:00:00,3489013.1997761996 
 05/30  08:00:00,3908551.41856155 
 05/30  09:00:00,3642551.241229638 
 05/30  10:00:00,3348789.0174736134 
 05/30  11:00:00,3311928.826552958 
 05/30  12:00:00,3349588.6046263445 
 05/30  13:00:00,2896844.0812045154 
 05/30  14:00:00,3048910.986883915 
 05/30  15:00:00,2946002.3387216222 
 05/30  16:00:00,2911587.925477984 
 05/30  17:00:00,2743586.6228063577 
 05/30  18:00:00,2448715.0130767096 
 05/30  19:00:00,3061559.1144160875 
 05/30  20:00:00,3276211.717888517 
 05/30  21:00:00,3634492.8693488752 
 05/30  22:00:00,4117697.9589173757 
 05/30  23:00:00,4710776.341423143 
 05/30  24:00:00,5344469.66763362 
 05/31  01:00:00,5659637.443593891 
 05/31  02:00:00,5826262.162461329 
 05/31  03:00:00,5496387.603903545 
 05/31  04:00:00,5826223.236904959 
 05/31  05:00:00,6017450.474777449 
 05/31  06:00:00,5853479.905385501 
 05/31  07:00:00,5276491.155428482 
 05/31  08:00:00,4643565.47731922 
 05/31  09:00:00,4037889.461494634 
 05/31  10:00:00,3288480.3391870745 
 05/31  11:00:00,2576859.934512201 
 05/31  12:00:00,2191579.6356092333 
 05/31  13:00:00,1898110.6924222873 
 05/31  14:00:00,1552216.146471201 
 05/31  15:00:00,1371826.264067457 
 05/31  16:00:00,1386862.447074171 
 05/31  17:00:00,1366868.5514775978 
 05/31  18:00:00,1478565.696033773 
 05/31  19:00:00,1086699.9881085358 
 05/31  20:00:00,1689285.347920227 
 05/31  21:00:00,2537243.061002529 
 05/31  22:00:00,2744183.109130259 
 05/31  23:00:00,2867000.234898256 
 05/31  24:00:00,3268037.263523729 
 06/01  01:00:00,3497844.6495111305 
 06/01  02:00:00,3714312.4420692916 
 06/01  03:00:00,4049702.5917660785 
 06/01  04:00:00,4319924.85543234 
 06/01  05:00:00,4571550.853196207 
 06/01  06:00:00,4739693.041408443 
 06/01  07:00:00,4459491.683103875 
 06/01  08:00:00,3898915.150853588 
 06/01  09:00:00,3205400.382182494 
 06/01  10:00:00,2553330.7239273703 
 06/01  11:00:00,2131277.7144051036 
 06/01  12:00:00,1623984.6133832757 
 06/01  13:00:00,1294446.4824324623 
 06/01  14:00:00,929252.88752083 
 06/01  15:00:00,634330.1656722565 
 06/01  16:00:00,408560.91798434657 
 06/01  17:00:00,294821.4660510705 
 06/01  18:00:00,310921.8799273607 
 06/01  19:00:00,422888.70746004465 
 06/01  20:00:00,676764.6886258735 
 06/01  21:00:00,1272288.96609234 
 06/01  22:00:00,1801478.27891602 
 06/01  23:00:00,2276972.0810138895 
 06/01  24:00:00,2863439.838988589 
 06/02  01:00:00,3271186.2255970314 
 06/02  02:00:00,3027053.1230496494 
 06/02  03:00:00,2843369.863999186 
 06/02  04:00:00,2887900.7888042754 
 06/02  05:00:00,3007254.766927517 
 06/02  06:00:00,3224130.563577049 
 06/02  07:00:00,3363891.7011920153 
 06/02  08:00:00,3873774.9169069515 
 06/02  09:00:00,3469954.880651311 
 06/02  10:00:00,2848577.008881299 
 06/02  11:00:00,2146272.193954397 
 06/02  12:00:00,1586748.439934686 
 06/02  13:00:00,913524.2763614131 
 06/02  14:00:00,959712.3166513025 
 06/02  15:00:00,745165.0814683484 
 06/02  16:00:00,686691.9710050941 
 06/02  17:00:00,390917.92849238776 
 06/02  18:00:00,307028.8588941919 
 06/02  19:00:00,1252707.3074526207 
 06/02  20:00:00,1653801.5566268028 
 06/02  21:00:00,2157315.897634149 
 06/02  22:00:00,2624879.689292903 
 06/02  23:00:00,3186517.168063376 
 06/02  24:00:00,3398448.8340338795 
 06/03  01:00:00,3435424.776427728 
 06/03  02:00:00,3517251.569110816 
 06/03  03:00:00,3095516.5086838477 
 06/03  04:00:00,3041127.419029312 
 06/03  05:00:00,2999875.04015272 
 06/03  06:00:00,3020174.1174250804 
 06/03  07:00:00,2988710.570223687 
 06/03  08:00:00,3516817.72869629 
 06/03  09:00:00,3334563.891183274 
 06/03  10:00:00,3068753.0205790587 
 06/03  11:00:00,2827829.625096601 
 06/03  12:00:00,2765692.7166768285 
 06/03  13:00:00,2193244.6910103224 
 06/03  14:00:00,2151025.099521098 
 06/03  15:00:00,2044345.0752993675 
 06/03  16:00:00,2020434.6647316131 
 06/03  17:00:00,1927917.043088363 
 06/03  18:00:00,1898896.896743912 
 06/03  19:00:00,2084453.2390381356 
 06/03  20:00:00,2333050.6143475706 
 06/03  21:00:00,2677587.2426899546 
 06/03  22:00:00,2515905.4620109326 
 06/03  23:00:00,2643612.585166154 
 06/03  24:00:00,2932076.773303301 
 06/04  01:00:00,3168434.2000156543 
 06/04  02:00:00,3274690.90916991 
 06/04  03:00:00,3378589.7729928577 
 06/04  04:00:00,3526176.279697165 
 06/04  05:00:00,3670228.0459584026 
 06/04  06:00:00,3793271.426827647 
 06/04  07:00:00,3829563.546481959 
 06/04  08:00:00,4448200.177302935 
 06/04  09:00:00,4442453.952981225 
 06/04  10:00:00,4217866.064741643 
 06/04  11:00:00,3942516.120865377 
 06/04  12:00:00,3889585.3961677826 
 06/04  13:00:00,3534001.072506087 
 06/04  14:00:00,3654109.5759945004 
 06/04  15:00:00,3653960.4353044527 
 06/04  16:00:00,4100421.2231484856 
 06/04  17:00:00,4188677.459335408 
 06/04  18:00:00,3755453.265917849 
 06/04  19:00:00,4383696.274641126 
 06/04  20:00:00,4955197.54257597 
 06/04  21:00:00,5631270.107726034 
 06/04  22:00:00,6120859.488897715 
 06/04  23:00:00,6362339.229588187 
 06/04  24:00:00,6513906.16884247 
 06/05  01:00:00,6316385.309842219 
 06/05  02:00:00,5956872.361026977 
 06/05  03:00:00,5176920.096411315 
 06/05  04:00:00,5209136.938631223 
 06/05  05:00:00,5357984.558954911 
 06/05  06:00:00,5552095.897679884 
 06/05  07:00:00,5393474.815931985 
 06/05  08:00:00,5340842.239171248 
 06/05  09:00:00,4556077.755909877 
 06/05  10:00:00,3833283.6436641193 
 06/05  11:00:00,3350057.9913018993 
 06/05  12:00:00,3059316.1699816748 
 06/05  13:00:00,2461785.0062219864 
 06/05  14:00:00,2333593.1525215674 
 06/05  15:00:00,1888246.2353107238 
 06/05  16:00:00,1722248.4358248508 
 06/05  17:00:00,1555775.351111401 
 06/05  18:00:00,1183244.8500388996 
 06/05  19:00:00,1861741.1062669787 
 06/05  20:00:00,2381717.408192753 
 06/05  21:00:00,2919907.147549848 
 06/05  22:00:00,3560652.6846454698 
 06/05  23:00:00,4258548.352707182 
 06/05  24:00:00,5239396.664581044 
 06/06  01:00:00,6078472.84012299 
 06/06  02:00:00,6400513.73756288 
 06/06  03:00:00,6070805.934391294 
 06/06  04:00:00,6412100.356598938 
 06/06  05:00:00,6635431.614924125 
 06/06  06:00:00,6270114.069712415 
 06/06  07:00:00,5356363.91037438 
 06/06  08:00:00,4823136.696256682 
 06/06  09:00:00,3717852.546547451 
 06/06  10:00:00,2583454.717224778 
 06/06  11:00:00,1643194.741538255 
 06/06  12:00:00,1073248.384507499 
 06/06  13:00:00,297742.09475885 
 06/06  14:00:00,189709.14818852325 
 06/06  15:00:00,0.0 
 06/06  16:00:00,0.0 
 06/06  17:00:00,0.0 
 06/06  18:00:00,0.0 
 06/06  19:00:00,0.0 
 06/06  20:00:00,37840.71716868349 
 06/06  21:00:00,506783.8812480746 
 06/06  22:00:00,1082781.1499848228 
 06/06  23:00:00,1545175.552538319 
 06/06  24:00:00,1944213.1381367955 
 06/07  01:00:00,2285464.837344751 
 06/07  02:00:00,2399551.533343861 
 06/07  03:00:00,1776527.0794966463 
 06/07  04:00:00,1840221.9860329467 
 06/07  05:00:00,1898915.5786777528 
 06/07  06:00:00,1812001.6114939493 
 06/07  07:00:00,1554023.2054955387 
 06/07  08:00:00,1171770.592422138 
 06/07  09:00:00,641281.2740567186 
 06/07  10:00:00,284672.1286456472 
 06/07  11:00:00,411015.2151650771 
 06/07  12:00:00,410808.66589383886 
 06/07  13:00:00,262151.89873317577 
 06/07  14:00:00,76988.34036476183 
 06/07  15:00:00,0.0 
 06/07  16:00:00,0.0 
 06/07  17:00:00,0.0 
 06/07  18:00:00,0.0 
 06/07  19:00:00,0.0 
 06/07  20:00:00,0.0 
 06/07  21:00:00,398152.51259882643 
 06/07  22:00:00,1382636.2419274761 
 06/07  23:00:00,2081648.7740582265 
 06/07  24:00:00,2692337.652239613 
 06/08  01:00:00,3409350.2920718454 
 06/08  02:00:00,3854893.088491048 
 06/08  03:00:00,4055840.0066717225 
 06/08  04:00:00,4134907.5940433 
 06/08  05:00:00,4110322.6084109233 
 06/08  06:00:00,3939763.6160105276 
 06/08  07:00:00,3447610.2147781835 
 06/08  08:00:00,2636946.324069267 
 06/08  09:00:00,1797380.5289822747 
 06/08  10:00:00,1251507.1569605498 
 06/08  11:00:00,977023.9226899 
 06/08  12:00:00,408570.25222546293 
 06/08  13:00:00,52268.36456280507 
 06/08  14:00:00,0.0 
 06/08  15:00:00,0.0 
 06/08  16:00:00,0.0 
 06/08  17:00:00,0.0 
 06/08  18:00:00,0.0 
 06/08  19:00:00,0.0 
 06/08  20:00:00,0.0 
 06/08  21:00:00,348172.68397099327 
 06/08  22:00:00,1117388.767474336 
 06/08  23:00:00,1538176.7113268734 
 06/08  24:00:00,1765214.8815933384 
 06/09  01:00:00,1956166.1175583517 
 06/09  02:00:00,1827666.6315529242 
 06/09  03:00:00,2025056.466332254 
 06/09  04:00:00,2421228.672128788 
 06/09  05:00:00,2672680.314769801 
 06/09  06:00:00,2659088.3714694846 
 06/09  07:00:00,2272294.016093304 
 06/09  08:00:00,2222701.6712095677 
 06/09  09:00:00,1491626.402341036 
 06/09  10:00:00,794843.1731937316 
 06/09  11:00:00,177675.30522170418 
 06/09  12:00:00,0.0 
 06/09  13:00:00,0.0 
 06/09  14:00:00,0.0 
 06/09  15:00:00,0.0 
 06/09  16:00:00,0.0 
 06/09  17:00:00,0.0 
 06/09  18:00:00,0.0 
 06/09  19:00:00,0.0 
 06/09  20:00:00,0.0 
 06/09  21:00:00,138144.76420846258 
 06/09  22:00:00,128149.27418871739 
 06/09  23:00:00,132643.54027775265 
 06/09  24:00:00,286942.927277142 
 06/10  01:00:00,693632.6138626465 
 06/10  02:00:00,1242699.5051801556 
 06/10  03:00:00,1720207.264093698 
 06/10  04:00:00,2309953.6731520398 
 06/10  05:00:00,3060629.8014394585 
 06/10  06:00:00,3371471.2159110517 
 06/10  07:00:00,2983455.61477475 
 06/10  08:00:00,2824555.982730857 
 06/10  09:00:00,2179687.5006510466 
 06/10  10:00:00,1530018.48049491 
 06/10  11:00:00,1090621.8966844813 
 06/10  12:00:00,958361.3736718334 
 06/10  13:00:00,426755.0185838656 
 06/10  14:00:00,529952.6961258097 
 06/10  15:00:00,376215.84966792446 
 06/10  16:00:00,396443.09055193805 
 06/10  17:00:00,441340.99684670364 
 06/10  18:00:00,306152.2880338918 
 06/10  19:00:00,1134219.409411394 
 06/10  20:00:00,1693009.577867926 
 06/10  21:00:00,2334104.3329527616 
 06/10  22:00:00,3033457.4231013013 
 06/10  23:00:00,3657392.50456912 
 06/10  24:00:00,4153483.352767779 
 06/11  01:00:00,4546465.161379634 
 06/11  02:00:00,4890744.407016171 
 06/11  03:00:00,4546715.482045057 
 06/11  04:00:00,4694978.232858724 
 06/11  05:00:00,4785926.817123457 
 06/11  06:00:00,4734580.730894753 
 06/11  07:00:00,4237503.81133969 
 06/11  08:00:00,4071037.0957268276 
 06/11  09:00:00,3218900.8438032693 
 06/11  10:00:00,2394792.1476682313 
 06/11  11:00:00,1937934.6487979058 
 06/11  12:00:00,1484256.8685211563 
 06/11  13:00:00,651302.955249801 
 06/11  14:00:00,636502.8644094164 
 06/11  15:00:00,450604.50840574346 
 06/11  16:00:00,328035.212954451 
 06/11  17:00:00,39240.24292410468 
 06/11  18:00:00,0.0 
 06/11  19:00:00,80641.20877753885 
 06/11  20:00:00,267716.1984462786 
 06/11  21:00:00,584732.0609009658 
 06/11  22:00:00,1311007.2707636144 
 06/11  23:00:00,2259039.2717065066 
 06/11  24:00:00,3203738.4378891457 
 06/12  01:00:00,3945105.276396665 
 06/12  02:00:00,4406841.940673772 
 06/12  03:00:00,4121278.055494319 
 06/12  04:00:00,4488695.5187241975 
 06/12  05:00:00,4719341.708203936 
 06/12  06:00:00,4509949.058902217 
 06/12  07:00:00,3668769.4548837403 
 06/12  08:00:00,3232764.0983933276 
 06/12  09:00:00,2153153.818756268 
 06/12  10:00:00,1095948.403870426 
 06/12  11:00:00,356860.5262840669 
 06/12  12:00:00,22047.87183065055 
 06/12  13:00:00,0.0 
 06/12  14:00:00,0.0 
 06/12  15:00:00,0.0 
 06/12  16:00:00,0.0 
 06/12  17:00:00,0.0 
 06/12  18:00:00,0.0 
 06/12  19:00:00,0.0 
 06/12  20:00:00,0.0 
 06/12  21:00:00,0.0 
 06/12  22:00:00,0.0 
 06/12  23:00:00,324868.15836774185 
 06/12  24:00:00,1210556.048503542 
 06/13  01:00:00,1565342.1371861133 
 06/13  02:00:00,1729898.0485001043 
 06/13  03:00:00,2477954.301997317 
 06/13  04:00:00,3201138.9463429586 
 06/13  05:00:00,3344113.3492786614 
 06/13  06:00:00,3275125.011120014 
 06/13  07:00:00,2775256.8962690067 
 06/13  08:00:00,2521420.5821812847 
 06/13  09:00:00,1647361.6408969422 
 06/13  10:00:00,685177.550582403 
 06/13  11:00:00,60011.033188003785 
 06/13  12:00:00,0.0 
 06/13  13:00:00,0.0 
 06/13  14:00:00,0.0 
 06/13  15:00:00,0.0 
 06/13  16:00:00,0.0 
 06/13  17:00:00,0.0 
 06/13  18:00:00,0.0 
 06/13  19:00:00,0.0 
 06/13  20:00:00,0.0 
 06/13  21:00:00,0.0 
 06/13  22:00:00,0.0 
 06/13  23:00:00,0.0 
 06/13  24:00:00,178550.40759130789 
 06/14  01:00:00,658229.5169350618 
 06/14  02:00:00,925230.9524760321 
 06/14  03:00:00,667519.2424836257 
 06/14  04:00:00,991272.5901262377 
 06/14  05:00:00,1395899.271848037 
 06/14  06:00:00,1598564.9757855078 
 06/14  07:00:00,1584691.6136539427 
 06/14  08:00:00,1350240.5051313094 
 06/14  09:00:00,1020887.0947934878 
 06/14  10:00:00,638098.4882859048 
 06/14  11:00:00,304150.27741922904 
 06/14  12:00:00,180222.83963063092 
 06/14  13:00:00,87410.53045146255 
 06/14  14:00:00,0.0 
 06/14  15:00:00,0.0 
 06/14  16:00:00,0.0 
 06/14  17:00:00,0.0 
 06/14  18:00:00,63460.78493915412 
 06/14  19:00:00,2396.5056152163015 
 06/14  20:00:00,613321.2461538112 
 06/14  21:00:00,1481033.5830037396 
 06/14  22:00:00,1876269.3477291237 
 06/14  23:00:00,2109109.9816977773 
 06/14  24:00:00,2466025.8514809017 
 06/15  01:00:00,2801624.366563881 
 06/15  02:00:00,3005118.719420779 
 06/15  03:00:00,3139912.070945905 
 06/15  04:00:00,3094905.493181991 
 06/15  05:00:00,2970851.7580238837 
 06/15  06:00:00,2902172.693460221 
 06/15  07:00:00,2750356.5050044013 
 06/15  08:00:00,2566859.1198063632 
 06/15  09:00:00,2451305.095270926 
 06/15  10:00:00,2528191.915719256 
 06/15  11:00:00,2694820.3472651136 
 06/15  12:00:00,2354981.317149522 
 06/15  13:00:00,2037455.372185828 
 06/15  14:00:00,1804034.2394005824 
 06/15  15:00:00,1585996.6462744144 
 06/15  16:00:00,1458308.747669661 
 06/15  17:00:00,1440902.755780072 
 06/15  18:00:00,1517416.3802454534 
 06/15  19:00:00,1648046.5943612645 
 06/15  20:00:00,1816614.6060478087 
 06/15  21:00:00,2138698.2378289388 
 06/15  22:00:00,2549171.097004461 
 06/15  23:00:00,3106463.398307927 
 06/15  24:00:00,3591899.220091455 
 06/16  01:00:00,3814137.2013375377 
 06/16  02:00:00,3524413.8099212605 
 06/16  03:00:00,3256508.067878219 
 06/16  04:00:00,3188378.62311013 
 06/16  05:00:00,3262621.2519538198 
 06/16  06:00:00,3311542.2839672742 
 06/16  07:00:00,3190690.582350644 
 06/16  08:00:00,3561538.2610289026 
 06/16  09:00:00,3206817.197178903 
 06/16  10:00:00,2704218.009323546 
 06/16  11:00:00,2551435.9510662165 
 06/16  12:00:00,2553717.075193551 
 06/16  13:00:00,2037758.337085216 
 06/16  14:00:00,2106273.49717173 
 06/16  15:00:00,1977988.2010351133 
 06/16  16:00:00,2027339.4982756218 
 06/16  17:00:00,1961837.948628839 
 06/16  18:00:00,1706126.213935153 
 06/16  19:00:00,2359241.1479401123 
 06/16  20:00:00,2680095.8338667336 
 06/16  21:00:00,2941814.557709665 
 06/16  22:00:00,3189199.904712918 
 06/16  23:00:00,3474727.2531147804 
 06/16  24:00:00,3813121.5063086962 
 06/17  01:00:00,3992495.945795942 
 06/17  02:00:00,4202950.1564615 
 06/17  03:00:00,3800246.49394127 
 06/17  04:00:00,3703778.792088044 
 06/17  05:00:00,3496137.01796233 
 06/17  06:00:00,3366479.823912258 
 06/17  07:00:00,3378634.9208763214 
 06/17  08:00:00,3903986.67017549 
 06/17  09:00:00,3530352.4248033715 
 06/17  10:00:00,2955267.3550222865 
 06/17  11:00:00,2515397.5596256787 
 06/17  12:00:00,2197762.0780469226 
 06/17  13:00:00,1382912.4505905658 
 06/17  14:00:00,1201388.8340196032 
 06/17  15:00:00,794175.6304758731 
 06/17  16:00:00,454443.90510006784 
 06/17  17:00:00,99437.72058585455 
 06/17  18:00:00,0.0 
 06/17  19:00:00,831698.8370403727 
 06/17  20:00:00,1225705.4015174478 
 06/17  21:00:00,1906775.7040501232 
 06/17  22:00:00,2592761.6989061045 
 06/17  23:00:00,3084889.1453342033 
 06/17  24:00:00,3480768.2403969397 
 06/18  01:00:00,3658505.126613106 
 06/18  02:00:00,3566700.0277493773 
 06/18  03:00:00,2971703.992547934 
 06/18  04:00:00,2805343.4158131913 
 06/18  05:00:00,2633531.84020698 
 06/18  06:00:00,2523461.772303813 
 06/18  07:00:00,2452977.597979902 
 06/18  08:00:00,2916040.7778969016 
 06/18  09:00:00,2651376.413600024 
 06/18  10:00:00,2141202.848596412 
 06/18  11:00:00,1838082.1859632009 
 06/18  12:00:00,1537645.8427801153 
 06/18  13:00:00,670879.6213451483 
 06/18  14:00:00,540638.9769467314 
 06/18  15:00:00,273057.4077565965 
 06/18  16:00:00,263502.95455367595 
 06/18  17:00:00,40695.612564078336 
 06/18  18:00:00,0.0 
 06/18  19:00:00,611875.9042036139 
 06/18  20:00:00,1000513.4290548484 
 06/18  21:00:00,1638708.7569580898 
 06/18  22:00:00,2594016.075925842 
 06/18  23:00:00,3317139.018821456 
 06/18  24:00:00,3695483.65985825 
 06/19  01:00:00,3870252.119820599 
 06/19  02:00:00,3959489.9475538074 
 06/19  03:00:00,3824453.7818428595 
 06/19  04:00:00,4119626.3695018617 
 06/19  05:00:00,4406754.6763254935 
 06/19  06:00:00,4510178.216701149 
 06/19  07:00:00,3768028.583939959 
 06/19  08:00:00,3235945.3175998256 
 06/19  09:00:00,2263720.223127137 
 06/19  10:00:00,1325516.9283049698 
 06/19  11:00:00,665885.488216456 
 06/19  12:00:00,399656.4712195389 
 06/19  13:00:00,379.1046379905311 
 06/19  14:00:00,262104.1677973066 
 06/19  15:00:00,366589.79676117597 
 06/19  16:00:00,632325.089864497 
 06/19  17:00:00,641244.748103666 
 06/19  18:00:00,452117.46399674885 
 06/19  19:00:00,1122515.1437132787 
 06/19  20:00:00,1380260.0193140996 
 06/19  21:00:00,1813069.0780736757 
 06/19  22:00:00,2369600.2337166155 
 06/19  23:00:00,3255511.1422533975 
 06/19  24:00:00,4200165.610140092 
 06/20  01:00:00,4623594.790663351 
 06/20  02:00:00,4784176.926652584 
 06/20  03:00:00,4347587.0380848795 
 06/20  04:00:00,4380557.697448272 
 06/20  05:00:00,4224825.626944237 
 06/20  06:00:00,3999710.9907460506 
 06/20  07:00:00,3610033.8788170298 
 06/20  08:00:00,3738100.9448519005 
 06/20  09:00:00,3216037.604799832 
 06/20  10:00:00,2606034.5534270443 
 06/20  11:00:00,2202698.2348432005 
 06/20  12:00:00,1887276.9891969035 
 06/20  13:00:00,1252209.4533290707 
 06/20  14:00:00,1280221.5535351697 
 06/20  15:00:00,772963.6643046782 
 06/20  16:00:00,302374.9877672883 
 06/20  17:00:00,113065.37233712152 
 06/20  18:00:00,40887.47579667324 
 06/20  19:00:00,143624.03444902156 
 06/20  20:00:00,474584.4660331757 
 06/20  21:00:00,929921.1373583588 
 06/20  22:00:00,931213.7491008393 
 06/20  23:00:00,1540152.6097606467 
 06/20  24:00:00,2212882.907615643 
 06/21  01:00:00,2562359.9000292253 
 06/21  02:00:00,2790963.9079958173 
 06/21  03:00:00,3073068.2083553746 
 06/21  04:00:00,3483613.6146278083 
 06/21  05:00:00,3991879.6923848754 
 06/21  06:00:00,4190323.330260385 
 06/21  07:00:00,3743088.605902348 
 06/21  08:00:00,3002548.475130089 
 06/21  09:00:00,2289188.840655229 
 06/21  10:00:00,1631266.7862572183 
 06/21  11:00:00,944528.8895338048 
 06/21  12:00:00,234244.01300843165 
 06/21  13:00:00,0.0 
 06/21  14:00:00,0.0 
 06/21  15:00:00,0.0 
 06/21  16:00:00,0.0 
 06/21  17:00:00,0.0 
 06/21  18:00:00,0.0 
 06/21  19:00:00,0.0 
 06/21  20:00:00,0.0 
 06/21  21:00:00,0.0 
 06/21  22:00:00,179423.90047985027 
 06/21  23:00:00,821421.8502243442 
 06/21  24:00:00,1299219.7240176932 
 06/22  01:00:00,1880947.0256948597 
 06/22  02:00:00,2399355.522985133 
 06/22  03:00:00,2702480.635031246 
 06/22  04:00:00,3095228.234164168 
 06/22  05:00:00,3482383.006325155 
 06/22  06:00:00,3392178.120895755 
 06/22  07:00:00,2730958.5249530156 
 06/22  08:00:00,1919604.5434556818 
 06/22  09:00:00,1147232.9959299727 
 06/22  10:00:00,553336.9822422611 
 06/22  11:00:00,257258.0293185478 
 06/22  12:00:00,0.0 
 06/22  13:00:00,0.0 
 06/22  14:00:00,0.0 
 06/22  15:00:00,0.0 
 06/22  16:00:00,0.0 
 06/22  17:00:00,0.0 
 06/22  18:00:00,0.0 
 06/22  19:00:00,0.0 
 06/22  20:00:00,0.0 
 06/22  21:00:00,0.0 
 06/22  22:00:00,128242.27637830118 
 06/22  23:00:00,862730.2915718937 
 06/22  24:00:00,1506784.512313371 
 06/23  01:00:00,1992133.2113948774 
 06/23  02:00:00,2042855.583755554 
 06/23  03:00:00,2274248.002871322 
 06/23  04:00:00,2581740.605971507 
 06/23  05:00:00,2741084.731197774 
 06/23  06:00:00,2849149.3440951416 
 06/23  07:00:00,2691775.9215107923 
 06/23  08:00:00,2852499.5470898193 
 06/23  09:00:00,2170426.682009617 
 06/23  10:00:00,1290658.648392764 
 06/23  11:00:00,695443.5282726279 
 06/23  12:00:00,229036.36069082495 
 06/23  13:00:00,0.0 
 06/23  14:00:00,0.0 
 06/23  15:00:00,0.0 
 06/23  16:00:00,0.0 
 06/23  17:00:00,0.0 
 06/23  18:00:00,0.0 
 06/23  19:00:00,0.0 
 06/23  20:00:00,0.0 
 06/23  21:00:00,0.0 
 06/23  22:00:00,315389.6534798369 
 06/23  23:00:00,761126.6405581009 
 06/23  24:00:00,1060638.0268266257 
 06/24  01:00:00,1465474.6707017238 
 06/24  02:00:00,1802658.3158064485 
 06/24  03:00:00,1717290.0308825928 
 06/24  04:00:00,2068603.6816652203 
 06/24  05:00:00,2288554.932578589 
 06/24  06:00:00,2451767.670640996 
 06/24  07:00:00,2441413.0971206 
 06/24  08:00:00,2813602.1211288054 
 06/24  09:00:00,2362050.3507994534 
 06/24  10:00:00,1564847.8564265652 
 06/24  11:00:00,921745.4057026422 
 06/24  12:00:00,529565.6954171195 
 06/24  13:00:00,0.0 
 06/24  14:00:00,0.0 
 06/24  15:00:00,0.0 
 06/24  16:00:00,0.0 
 06/24  17:00:00,0.0 
 06/24  18:00:00,0.0 
 06/24  19:00:00,0.0 
 06/24  20:00:00,27277.057586169394 
 06/24  21:00:00,630052.9194238808 
 06/24  22:00:00,831335.4728112232 
 06/24  23:00:00,1191452.0056598783 
 06/24  24:00:00,1569428.2188963653 
 06/25  01:00:00,1966946.304801139 
 06/25  02:00:00,2423583.7902140953 
 06/25  03:00:00,3124902.5091331163 
 06/25  04:00:00,3874999.026675801 
 06/25  05:00:00,4425279.484044232 
 06/25  06:00:00,4605311.646155553 
 06/25  07:00:00,4355663.651225573 
 06/25  08:00:00,4380965.991029834 
 06/25  09:00:00,3668658.4430113942 
 06/25  10:00:00,3012662.139154003 
 06/25  11:00:00,2315538.7324102055 
 06/25  12:00:00,1734357.8537660681 
 06/25  13:00:00,1029667.3983610964 
 06/25  14:00:00,1019749.3978267158 
 06/25  15:00:00,773667.5378283922 
 06/25  16:00:00,557326.7222689 
 06/25  17:00:00,130133.97634228095 
 06/25  18:00:00,0.0 
 06/25  19:00:00,503491.5971862466 
 06/25  20:00:00,844442.7501539147 
 06/25  21:00:00,1418155.923836458 
 06/25  22:00:00,2113485.358735578 
 06/25  23:00:00,2662008.5288429013 
 06/25  24:00:00,3111116.798668314 
 06/26  01:00:00,3451552.9975746917 
 06/26  02:00:00,3609337.5612468873 
 06/26  03:00:00,3576643.908534958 
 06/26  04:00:00,4200923.441488147 
 06/26  05:00:00,4655350.836346976 
 06/26  06:00:00,4572905.819759384 
 06/26  07:00:00,3991161.6533784615 
 06/26  08:00:00,3812694.6070620497 
 06/26  09:00:00,3055307.656475354 
 06/26  10:00:00,2425788.718749692 
 06/26  11:00:00,1916875.3953212071 
 06/26  12:00:00,1395174.7795024712 
 06/26  13:00:00,626764.9582091778 
 06/26  14:00:00,767019.4017893737 
 06/26  15:00:00,557306.327517244 
 06/26  16:00:00,328563.75068984414 
 06/26  17:00:00,161164.18473633166 
 06/26  18:00:00,0.0 
 06/26  19:00:00,717509.55456956 
 06/26  20:00:00,1335904.2810420818 
 06/26  21:00:00,1923966.9021619847 
 06/26  22:00:00,2444920.7579681976 
 06/26  23:00:00,2653980.2076786677 
 06/26  24:00:00,2683865.6022956027 
 06/27  01:00:00,2825361.383982262 
 06/27  02:00:00,2952354.995743349 
 06/27  03:00:00,2369813.412137532 
 06/27  04:00:00,2475752.133771591 
 06/27  05:00:00,2392298.9904469163 
 06/27  06:00:00,2363439.35329299 
 06/27  07:00:00,2167323.531818237 
 06/27  08:00:00,2482081.4895533123 
 06/27  09:00:00,2175433.9396414733 
 06/27  10:00:00,1857926.148664153 
 06/27  11:00:00,1409946.1057361064 
 06/27  12:00:00,1048869.2929293364 
 06/27  13:00:00,803454.447601481 
 06/27  14:00:00,1148398.3820279813 
 06/27  15:00:00,727365.8256140321 
 06/27  16:00:00,470175.3017401126 
 06/27  17:00:00,303232.60881444154 
 06/27  18:00:00,17145.87422856785 
 06/27  19:00:00,733376.6599156064 
 06/27  20:00:00,1252616.8439493128 
 06/27  21:00:00,1757436.63883352 
 06/27  22:00:00,2242666.3710834417 
 06/27  23:00:00,2688118.661586776 
 06/27  24:00:00,3077727.030895773 
 06/28  01:00:00,3411594.5593491876 
 06/28  02:00:00,3699207.5604349403 
 06/28  03:00:00,3444427.9894172517 
 06/28  04:00:00,3933261.017373491 
 06/28  05:00:00,4114627.282538598 
 06/28  06:00:00,4098352.4479886917 
 06/28  07:00:00,3730877.1072189966 
 06/28  08:00:00,3215451.5515402933 
 06/28  09:00:00,2594776.0303525873 
 06/28  10:00:00,2021768.2809628204 
 06/28  11:00:00,1518936.16487127 
 06/28  12:00:00,1242655.6660369686 
 06/28  13:00:00,1395568.705316684 
 06/28  14:00:00,1520053.7349491906 
 06/28  15:00:00,1723700.9147262948 
 06/28  16:00:00,1787628.4009190218 
 06/28  17:00:00,1631448.6794138933 
 06/28  18:00:00,1231696.953540849 
 06/28  19:00:00,1700637.521077098 
 06/28  20:00:00,2262979.501385843 
 06/28  21:00:00,2542096.215646334 
 06/28  22:00:00,2809732.8711860753 
 06/28  23:00:00,2981508.776351056 
 06/28  24:00:00,3048256.751586918 
 06/29  01:00:00,3203025.755945211 
 06/29  02:00:00,3441190.376433705 
 06/29  03:00:00,3696855.669024979 
 06/29  04:00:00,3904900.189569581 
 06/29  05:00:00,4016184.931128425 
 06/29  06:00:00,4070023.5805204287 
 06/29  07:00:00,3882220.1904277476 
 06/29  08:00:00,3481760.746281466 
 06/29  09:00:00,3020187.179948702 
 06/29  10:00:00,2753673.515322364 
 06/29  11:00:00,2768728.917269866 
 06/29  12:00:00,2415568.1714584697 
 06/29  13:00:00,2202067.1695935926 
 06/29  14:00:00,2126140.96762272 
 06/29  15:00:00,2066005.691817616 
 06/29  16:00:00,2084714.4313178426 
 06/29  17:00:00,2104561.614800531 
 06/29  18:00:00,2155959.456319219 
 06/29  19:00:00,2360458.614091552 
 06/29  20:00:00,2725403.1821332905 
 06/29  21:00:00,3188950.364715332 
 06/29  22:00:00,3673095.1430476406 
 06/29  23:00:00,3801642.6363379345 
 06/29  24:00:00,4030108.9474260807 
 06/30  01:00:00,4640941.494788633 
 06/30  02:00:00,4523188.926262009 
 06/30  03:00:00,4372603.205128266 
 06/30  04:00:00,4459030.977024379 
 06/30  05:00:00,4665381.491647243 
 06/30  06:00:00,4907124.754558647 
 06/30  07:00:00,4558847.228942342 
 06/30  08:00:00,4314110.06903726 
 06/30  09:00:00,3481460.536589709 
 06/30  10:00:00,2561496.693587304 
 06/30  11:00:00,1906556.7204279483 
 06/30  12:00:00,1630926.984083628 
 06/30  13:00:00,916190.0916409628 
 06/30  14:00:00,939139.9791971075 
 06/30  15:00:00,988084.7649914627 
 06/30  16:00:00,1070906.9004791474 
 06/30  17:00:00,883080.7423928645 
 06/30  18:00:00,517916.2884879261 
 06/30  19:00:00,1151590.0716423916 
 06/30  20:00:00,1522589.4683698644 
 06/30  21:00:00,1925728.5162739062 
 06/30  22:00:00,2412887.604763189 
 06/30  23:00:00,3044518.702844062 
 06/30  24:00:00,3534499.7842520494 
 07/01  01:00:00,3752186.961638379 
 07/01  02:00:00,4084705.344790506 
 07/01  03:00:00,3861611.7129602544 
 07/01  04:00:00,4208712.20848886 
 07/01  05:00:00,4497004.787660797 
 07/01  06:00:00,4430368.111575641 
 07/01  07:00:00,3896760.0666117417 
 07/01  08:00:00,3726466.125457981 
 07/01  09:00:00,2928392.077391461 
 07/01  10:00:00,2032191.2838803753 
 07/01  11:00:00,1271589.8359236815 
 07/01  12:00:00,819902.7145082926 
 07/01  13:00:00,174298.66406226356 
 07/01  14:00:00,289560.3461953426 
 07/01  15:00:00,251582.68989348435 
 07/01  16:00:00,94046.0175524706 
 07/01  17:00:00,0.0 
 07/01  18:00:00,24953.016203083098 
 07/01  19:00:00,249523.41365271423 
 07/01  20:00:00,709365.7182858683 
 07/01  21:00:00,1369875.2502609452 
 07/01  22:00:00,1614236.2937096383 
 07/01  23:00:00,2305444.059360965 
 07/01  24:00:00,2990007.025907597 
 07/02  01:00:00,3716222.067951154 
 07/02  02:00:00,4381881.666444993 
 07/02  03:00:00,4731521.217513524 
 07/02  04:00:00,4732439.498714838 
 07/02  05:00:00,4533479.680101088 
 07/02  06:00:00,4436971.172756024 
 07/02  07:00:00,3905478.0835330784 
 07/02  08:00:00,3737531.7105337554 
 07/02  09:00:00,3099807.7514051204 
 07/02  10:00:00,2300284.9997910773 
 07/02  11:00:00,1484117.8728671644 
 07/02  12:00:00,816232.1491496405 
 07/02  13:00:00,31059.99042813055 
 07/02  14:00:00,0.0 
 07/02  15:00:00,0.0 
 07/02  16:00:00,0.0 
 07/02  17:00:00,0.0 
 07/02  18:00:00,0.0 
 07/02  19:00:00,0.0 
 07/02  20:00:00,0.0 
 07/02  21:00:00,0.0 
 07/02  22:00:00,44844.12960335176 
 07/02  23:00:00,481667.5949040728 
 07/02  24:00:00,914622.7220294648 
 07/03  01:00:00,1316838.521231209 
 07/03  02:00:00,1911564.6688440084 
 07/03  03:00:00,2078018.7839797721 
 07/03  04:00:00,2829410.577819767 
 07/03  05:00:00,3358000.7146629323 
 07/03  06:00:00,3578309.1790014366 
 07/03  07:00:00,3209671.262209526 
 07/03  08:00:00,2971522.8410627516 
 07/03  09:00:00,2070031.6708854581 
 07/03  10:00:00,1111998.094194982 
 07/03  11:00:00,374573.61457768857 
 07/03  12:00:00,19682.473596309865 
 07/03  13:00:00,0.0 
 07/03  14:00:00,0.0 
 07/03  15:00:00,0.0 
 07/03  16:00:00,0.0 
 07/03  17:00:00,0.0 
 07/03  18:00:00,0.0 
 07/03  19:00:00,0.0 
 07/03  20:00:00,0.0 
 07/03  21:00:00,0.0 
 07/03  22:00:00,0.0 
 07/03  23:00:00,544450.6117917735 
 07/03  24:00:00,1288478.5357754873 
 07/04  01:00:00,1857681.712548118 
 07/04  02:00:00,2304768.460070437 
 07/04  03:00:00,2111514.0406064633 
 07/04  04:00:00,2361363.138957151 
 07/04  05:00:00,2415301.4907208136 
 07/04  06:00:00,2442369.4934048504 
 07/04  07:00:00,2202753.193467807 
 07/04  08:00:00,2265824.8437377033 
 07/04  09:00:00,1510825.3052003488 
 07/04  10:00:00,532654.1347826498 
 07/04  11:00:00,15104.923407229217 
 07/04  12:00:00,0.0 
 07/04  13:00:00,0.0 
 07/04  14:00:00,0.0 
 07/04  15:00:00,0.0 
 07/04  16:00:00,0.0 
 07/04  17:00:00,0.0 
 07/04  18:00:00,0.0 
 07/04  19:00:00,0.0 
 07/04  20:00:00,0.0 
 07/04  21:00:00,0.0 
 07/04  22:00:00,142937.47270798267 
 07/04  23:00:00,454906.8804944524 
 07/04  24:00:00,673422.8782338068 
 07/05  01:00:00,788035.8414683375 
 07/05  02:00:00,880205.7985058856 
 07/05  03:00:00,372820.06466372334 
 07/05  04:00:00,513094.0908548183 
 07/05  05:00:00,666308.6833154494 
 07/05  06:00:00,812835.4063994862 
 07/05  07:00:00,887602.4864510517 
 07/05  08:00:00,873690.817382776 
 07/05  09:00:00,828762.0545085709 
 07/05  10:00:00,683815.2727092989 
 07/05  11:00:00,466943.2689913389 
 07/05  12:00:00,155307.72047848004 
 07/05  13:00:00,0.0 
 07/05  14:00:00,0.0 
 07/05  15:00:00,0.0 
 07/05  16:00:00,0.0 
 07/05  17:00:00,34428.95012021618 
 07/05  18:00:00,0.0 
 07/05  19:00:00,0.0 
 07/05  20:00:00,0.0 
 07/05  21:00:00,62633.562490308395 
 07/05  22:00:00,381692.3382343353 
 07/05  23:00:00,728453.7754895451 
 07/05  24:00:00,983833.3185507102 
 07/06  01:00:00,1205925.9673794033 
 07/06  02:00:00,1456005.5301276015 
 07/06  03:00:00,1735192.4318338928 
 07/06  04:00:00,2001925.1878654016 
 07/06  05:00:00,2205543.0255304626 
 07/06  06:00:00,2387189.0195261114 
 07/06  07:00:00,2535125.7217601114 
 07/06  08:00:00,2664333.2608106113 
 07/06  09:00:00,2584085.6014897665 
 07/06  10:00:00,2443244.6959567787 
 07/06  11:00:00,2288272.0435934975 
 07/06  12:00:00,1714550.5659069556 
 07/06  13:00:00,1205188.053564162 
 07/06  14:00:00,802884.6697790098 
 07/06  15:00:00,576043.4011225529 
 07/06  16:00:00,500780.6375127592 
 07/06  17:00:00,607879.7552641467 
 07/06  18:00:00,722988.3802014776 
 07/06  19:00:00,898739.0400543656 
 07/06  20:00:00,1269546.4637512234 
 07/06  21:00:00,1745188.8029821182 
 07/06  22:00:00,2480897.8986440967 
 07/06  23:00:00,3156127.1928216983 
 07/06  24:00:00,3656212.0177006572 
 07/07  01:00:00,4256748.000787295 
 07/07  02:00:00,4425586.193739602 
 07/07  03:00:00,4677787.568950452 
 07/07  04:00:00,5008364.166549356 
 07/07  05:00:00,5129863.674377766 
 07/07  06:00:00,5033273.3586576115 
 07/07  07:00:00,4468849.515723868 
 07/07  08:00:00,4107304.5931255794 
 07/07  09:00:00,3136858.5355167165 
 07/07  10:00:00,2321855.4069858985 
 07/07  11:00:00,1854757.5000454418 
 07/07  12:00:00,1469687.666221138 
 07/07  13:00:00,860774.5983760499 
 07/07  14:00:00,954019.857122482 
 07/07  15:00:00,797893.4851295076 
 07/07  16:00:00,817209.8489487296 
 07/07  17:00:00,646044.1712098226 
 07/07  18:00:00,231915.4986834692 
 07/07  19:00:00,816082.0801083647 
 07/07  20:00:00,1222525.2506238169 
 07/07  21:00:00,1743208.8127644414 
 07/07  22:00:00,2432083.1249521314 
 07/07  23:00:00,2699084.7706011897 
 07/07  24:00:00,2775947.5797973615 
 07/08  01:00:00,3269226.1131487116 
 07/08  02:00:00,3989035.9223446157 
 07/08  03:00:00,3834152.01364782 
 07/08  04:00:00,4011150.3576409724 
 07/08  05:00:00,4305020.806772264 
 07/08  06:00:00,4444918.9646149315 
 07/08  07:00:00,4122525.6735742725 
 07/08  08:00:00,4047282.5650121085 
 07/08  09:00:00,3189612.355805661 
 07/08  10:00:00,2361308.824664186 
 07/08  11:00:00,1638617.128027633 
 07/08  12:00:00,1273786.3666536652 
 07/08  13:00:00,902876.1898068733 
 07/08  14:00:00,1250727.401801951 
 07/08  15:00:00,1167789.8986038046 
 07/08  16:00:00,1152373.45151875 
 07/08  17:00:00,1001682.7625981068 
 07/08  18:00:00,682061.0245654985 
 07/08  19:00:00,1305169.4797175499 
 07/08  20:00:00,1757902.4245876907 
 07/08  21:00:00,2297785.076089533 
 07/08  22:00:00,2685310.109263874 
 07/08  23:00:00,2922760.557322265 
 07/08  24:00:00,3078426.7669770983 
 07/09  01:00:00,3359928.4981535235 
 07/09  02:00:00,3535176.559817591 
 07/09  03:00:00,2985878.1185975233 
 07/09  04:00:00,3094596.235574983 
 07/09  05:00:00,3176514.2815168276 
 07/09  06:00:00,3180767.886467935 
 07/09  07:00:00,3088175.4853761313 
 07/09  08:00:00,3433580.9792652237 
 07/09  09:00:00,3031578.5081600077 
 07/09  10:00:00,2496362.9266037387 
 07/09  11:00:00,1880424.4478526681 
 07/09  12:00:00,1127316.1857738132 
 07/09  13:00:00,131292.19318122996 
 07/09  14:00:00,41948.01960073164 
 07/09  15:00:00,0.0 
 07/09  16:00:00,0.0 
 07/09  17:00:00,0.0 
 07/09  18:00:00,0.0 
 07/09  19:00:00,0.0 
 07/09  20:00:00,0.0 
 07/09  21:00:00,0.0 
 07/09  22:00:00,109688.91175540557 
 07/09  23:00:00,550974.4716363922 
 07/09  24:00:00,954300.8653748876 
 07/10  01:00:00,1364735.364009512 
 07/10  02:00:00,1773373.0530470833 
 07/10  03:00:00,1443966.9019212695 
 07/10  04:00:00,1813583.2585793613 
 07/10  05:00:00,2260009.0811720667 
 07/10  06:00:00,2503291.6800850397 
 07/10  07:00:00,2538239.764442494 
 07/10  08:00:00,3011281.0075724777 
 07/10  09:00:00,2704771.775410298 
 07/10  10:00:00,2093469.634681909 
 07/10  11:00:00,1756973.839926295 
 07/10  12:00:00,1499792.7003342134 
 07/10  13:00:00,775609.8994256428 
 07/10  14:00:00,825492.3281240845 
 07/10  15:00:00,524451.1779550004 
 07/10  16:00:00,311065.5198644454 
 07/10  17:00:00,0.0 
 07/10  18:00:00,0.0 
 07/10  19:00:00,602602.6046420658 
 07/10  20:00:00,969920.5789390755 
 07/10  21:00:00,1464094.451773994 
 07/10  22:00:00,2005809.6855807418 
 07/10  23:00:00,2563029.7115409896 
 07/10  24:00:00,2986569.91510138 
 07/11  01:00:00,3299130.4783894354 
 07/11  02:00:00,3454540.760716153 
 07/11  03:00:00,3157110.809884898 
 07/11  04:00:00,3343905.6812917027 
 07/11  05:00:00,3419378.964964191 
 07/11  06:00:00,3415564.618758023 
 07/11  07:00:00,3186894.0213712906 
 07/11  08:00:00,3319481.370767264 
 07/11  09:00:00,2854418.1027488946 
 07/11  10:00:00,2433891.178999275 
 07/11  11:00:00,2533793.618770149 
 07/11  12:00:00,2665103.1414308427 
 07/11  13:00:00,2043475.0000212588 
 07/11  14:00:00,2051642.0607235394 
 07/11  15:00:00,1609561.5243271233 
 07/11  16:00:00,1085318.2063733009 
 07/11  17:00:00,392894.7186673861 
 07/11  18:00:00,0.0 
 07/11  19:00:00,108191.8254592143 
 07/11  20:00:00,375544.54957996425 
 07/11  21:00:00,725394.4275092827 
 07/11  22:00:00,1278991.883835116 
 07/11  23:00:00,1933674.3942131829 
 07/11  24:00:00,2567685.935626527 
 07/12  01:00:00,2926541.7753489753 
 07/12  02:00:00,3111089.523782005 
 07/12  03:00:00,2472492.775318172 
 07/12  04:00:00,2204064.805160641 
 07/12  05:00:00,2065031.2205348187 
 07/12  06:00:00,2122264.8323339275 
 07/12  07:00:00,2130681.439053897 
 07/12  08:00:00,2133524.822292512 
 07/12  09:00:00,1893551.3520243512 
 07/12  10:00:00,1319445.7305366173 
 07/12  11:00:00,696669.1517138476 
 07/12  12:00:00,92359.88056901043 
 07/12  13:00:00,0.0 
 07/12  14:00:00,0.0 
 07/12  15:00:00,0.0 
 07/12  16:00:00,0.0 
 07/12  17:00:00,0.0 
 07/12  18:00:00,0.0 
 07/12  19:00:00,0.0 
 07/12  20:00:00,0.0 
 07/12  21:00:00,0.0 
 07/12  22:00:00,0.0 
 07/12  23:00:00,0.0 
 07/12  24:00:00,0.0 
 07/13  01:00:00,0.0 
 07/13  02:00:00,0.0 
 07/13  03:00:00,0.0 
 07/13  04:00:00,0.0 
 07/13  05:00:00,0.0 
 07/13  06:00:00,35447.25776231062 
 07/13  07:00:00,49317.063182013226 
 07/13  08:00:00,34263.03839482425 
 07/13  09:00:00,12566.832268441067 
 07/13  10:00:00,15619.55222155375 
 07/13  11:00:00,101597.15381544593 
 07/13  12:00:00,0.0 
 07/13  13:00:00,0.0 
 07/13  14:00:00,0.0 
 07/13  15:00:00,0.0 
 07/13  16:00:00,0.0 
 07/13  17:00:00,0.0 
 07/13  18:00:00,0.0 
 07/13  19:00:00,0.0 
 07/13  20:00:00,0.0 
 07/13  21:00:00,282658.37645264406 
 07/13  22:00:00,1055175.9285835156 
 07/13  23:00:00,1955198.0336291736 
 07/13  24:00:00,2703406.0190791567 
 07/14  01:00:00,3285669.7128271824 
 07/14  02:00:00,3291833.7438630196 
 07/14  03:00:00,3385883.629961421 
 07/14  04:00:00,3798522.1313481266 
 07/14  05:00:00,4214638.777154113 
 07/14  06:00:00,4343404.693006718 
 07/14  07:00:00,3936559.60722454 
 07/14  08:00:00,3868980.6582667846 
 07/14  09:00:00,3142637.04100585 
 07/14  10:00:00,2293401.5631368505 
 07/14  11:00:00,1476470.2208799338 
 07/14  12:00:00,796471.948011731 
 07/14  13:00:00,20706.204116240406 
 07/14  14:00:00,0.0 
 07/14  15:00:00,0.0 
 07/14  16:00:00,0.0 
 07/14  17:00:00,0.0 
 07/14  18:00:00,0.0 
 07/14  19:00:00,0.0 
 07/14  20:00:00,0.0 
 07/14  21:00:00,0.0 
 07/14  22:00:00,101936.42471680942 
 07/14  23:00:00,321081.96518849727 
 07/14  24:00:00,522255.64574985264 
 07/15  01:00:00,684566.3577288812 
 07/15  02:00:00,804055.655219304 
 07/15  03:00:00,287867.768889937 
 07/15  04:00:00,379338.5146230168 
 07/15  05:00:00,490227.3365605499 
 07/15  06:00:00,693663.6250952827 
 07/15  07:00:00,859449.244317072 
 07/15  08:00:00,1414188.7153107347 
 07/15  09:00:00,1157088.211055907 
 07/15  10:00:00,659726.9436598733 
 07/15  11:00:00,245790.66966638784 
 07/15  12:00:00,28309.251379597845 
 07/15  13:00:00,0.0 
 07/15  14:00:00,0.0 
 07/15  15:00:00,0.0 
 07/15  16:00:00,0.0 
 07/15  17:00:00,0.0 
 07/15  18:00:00,0.0 
 07/15  19:00:00,0.0 
 07/15  20:00:00,0.0 
 07/15  21:00:00,0.0 
 07/15  22:00:00,5304.668799953652 
 07/15  23:00:00,489173.0098324268 
 07/15  24:00:00,1034101.8297803415 
 07/16  01:00:00,1549882.9255796527 
 07/16  02:00:00,1845490.9273597377 
 07/16  03:00:00,2067377.8526337577 
 07/16  04:00:00,2763488.779362629 
 07/16  05:00:00,3173587.2256187648 
 07/16  06:00:00,3277840.008105916 
 07/16  07:00:00,2857590.0369651043 
 07/16  08:00:00,2625216.7963180337 
 07/16  09:00:00,1689630.8749379183 
 07/16  10:00:00,760344.694381379 
 07/16  11:00:00,98016.24724162903 
 07/16  12:00:00,0.0 
 07/16  13:00:00,0.0 
 07/16  14:00:00,0.0 
 07/16  15:00:00,0.0 
 07/16  16:00:00,0.0 
 07/16  17:00:00,0.0 
 07/16  18:00:00,0.0 
 07/16  19:00:00,0.0 
 07/16  20:00:00,0.0 
 07/16  21:00:00,0.0 
 07/16  22:00:00,0.0 
 07/16  23:00:00,0.0 
 07/16  24:00:00,0.0 
 07/17  01:00:00,0.0 
 07/17  02:00:00,0.0 
 07/17  03:00:00,0.0 
 07/17  04:00:00,87617.93184056514 
 07/17  05:00:00,597965.9333002396 
 07/17  06:00:00,864280.0324213547 
 07/17  07:00:00,680292.9116373896 
 07/17  08:00:00,758391.2908052001 
 07/17  09:00:00,147937.8424121256 
 07/17  10:00:00,0.0 
 07/17  11:00:00,0.0 
 07/17  12:00:00,0.0 
 07/17  13:00:00,0.0 
 07/17  14:00:00,0.0 
 07/17  15:00:00,0.0 
 07/17  16:00:00,0.0 
 07/17  17:00:00,0.0 
 07/17  18:00:00,0.0 
 07/17  19:00:00,0.0 
 07/17  20:00:00,0.0 
 07/17  21:00:00,0.0 
 07/17  22:00:00,0.0 
 07/17  23:00:00,0.0 
 07/17  24:00:00,0.0 
 07/18  01:00:00,0.0 
 07/18  02:00:00,0.0 
 07/18  03:00:00,0.0 
 07/18  04:00:00,0.0 
 07/18  05:00:00,0.0 
 07/18  06:00:00,0.0 
 07/18  07:00:00,0.0 
 07/18  08:00:00,0.0 
 07/18  09:00:00,0.0 
 07/18  10:00:00,0.0 
 07/18  11:00:00,0.0 
 07/18  12:00:00,0.0 
 07/18  13:00:00,0.0 
 07/18  14:00:00,0.0 
 07/18  15:00:00,0.0 
 07/18  16:00:00,0.0 
 07/18  17:00:00,0.0 
 07/18  18:00:00,0.0 
 07/18  19:00:00,0.0 
 07/18  20:00:00,0.0 
 07/18  21:00:00,0.0 
 07/18  22:00:00,0.0 
 07/18  23:00:00,0.0 
 07/18  24:00:00,0.0 
 07/19  01:00:00,0.0 
 07/19  02:00:00,0.0 
 07/19  03:00:00,0.0 
 07/19  04:00:00,0.0 
 07/19  05:00:00,0.0 
 07/19  06:00:00,0.0 
 07/19  07:00:00,0.0 
 07/19  08:00:00,0.0 
 07/19  09:00:00,0.0 
 07/19  10:00:00,0.0 
 07/19  11:00:00,0.0 
 07/19  12:00:00,0.0 
 07/19  13:00:00,0.0 
 07/19  14:00:00,0.0 
 07/19  15:00:00,0.0 
 07/19  16:00:00,0.0 
 07/19  17:00:00,0.0 
 07/19  18:00:00,0.0 
 07/19  19:00:00,0.0 
 07/19  20:00:00,0.0 
 07/19  21:00:00,0.0 
 07/19  22:00:00,0.0 
 07/19  23:00:00,0.0 
 07/19  24:00:00,0.0 
 07/20  01:00:00,0.0 
 07/20  02:00:00,0.0 
 07/20  03:00:00,0.0 
 07/20  04:00:00,0.0 
 07/20  05:00:00,0.0 
 07/20  06:00:00,0.0 
 07/20  07:00:00,0.0 
 07/20  08:00:00,0.0 
 07/20  09:00:00,0.0 
 07/20  10:00:00,0.0 
 07/20  11:00:00,0.0 
 07/20  12:00:00,0.0 
 07/20  13:00:00,0.0 
 07/20  14:00:00,0.0 
 07/20  15:00:00,0.0 
 07/20  16:00:00,0.0 
 07/20  17:00:00,0.0 
 07/20  18:00:00,0.0 
 07/20  19:00:00,0.0 
 07/20  20:00:00,0.0 
 07/20  21:00:00,0.0 
 07/20  22:00:00,0.0 
 07/20  23:00:00,0.0 
 07/20  24:00:00,0.0 
 07/21  01:00:00,0.0 
 07/21  02:00:00,0.0 
 07/21  03:00:00,0.0 
 07/21  04:00:00,0.0 
 07/21  05:00:00,225524.458186554 
 07/21  06:00:00,592172.2218403921 
 07/21  07:00:00,721723.2876287068 
 07/21  08:00:00,1094370.978507629 
 07/21  09:00:00,568697.6568820822 
 07/21  10:00:00,27193.66773424918 
 07/21  11:00:00,0.0 
 07/21  12:00:00,0.0 
 07/21  13:00:00,0.0 
 07/21  14:00:00,0.0 
 07/21  15:00:00,0.0 
 07/21  16:00:00,0.0 
 07/21  17:00:00,0.0 
 07/21  18:00:00,0.0 
 07/21  19:00:00,0.0 
 07/21  20:00:00,0.0 
 07/21  21:00:00,0.0 
 07/21  22:00:00,0.0 
 07/21  23:00:00,0.0 
 07/21  24:00:00,0.0 
 07/22  01:00:00,0.0 
 07/22  02:00:00,0.0 
 07/22  03:00:00,149420.6657915398 
 07/22  04:00:00,724108.7196960448 
 07/22  05:00:00,1128682.8774571647 
 07/22  06:00:00,1440771.70990062 
 07/22  07:00:00,1476205.6681101427 
 07/22  08:00:00,1750246.886777659 
 07/22  09:00:00,1207153.4252948388 
 07/22  10:00:00,438900.5437440886 
 07/22  11:00:00,10236.01856182795 
 07/22  12:00:00,0.0 
 07/22  13:00:00,0.0 
 07/22  14:00:00,0.0 
 07/22  15:00:00,0.0 
 07/22  16:00:00,0.0 
 07/22  17:00:00,0.0 
 07/22  18:00:00,0.0 
 07/22  19:00:00,0.0 
 07/22  20:00:00,0.0 
 07/22  21:00:00,0.0 
 07/22  22:00:00,0.0 
 07/22  23:00:00,0.0 
 07/22  24:00:00,0.0 
 07/23  01:00:00,44761.65582987451 
 07/23  02:00:00,519239.96388473746 
 07/23  03:00:00,989523.5413230512 
 07/23  04:00:00,1298353.2525419614 
 07/23  05:00:00,1541372.7043136156 
 07/23  06:00:00,1705649.210147202 
 07/23  07:00:00,1674027.60589153 
 07/23  08:00:00,1852369.0877104478 
 07/23  09:00:00,1063790.2659323888 
 07/23  10:00:00,209109.39499019078 
 07/23  11:00:00,0.0 
 07/23  12:00:00,0.0 
 07/23  13:00:00,0.0 
 07/23  14:00:00,0.0 
 07/23  15:00:00,0.0 
 07/23  16:00:00,0.0 
 07/23  17:00:00,0.0 
 07/23  18:00:00,0.0 
 07/23  19:00:00,0.0 
 07/23  20:00:00,0.0 
 07/23  21:00:00,0.0 
 07/23  22:00:00,0.0 
 07/23  23:00:00,0.0 
 07/23  24:00:00,0.0 
 07/24  01:00:00,0.0 
 07/24  02:00:00,0.0 
 07/24  03:00:00,0.0 
 07/24  04:00:00,58170.45908401633 
 07/24  05:00:00,539946.7162432303 
 07/24  06:00:00,927171.3627798404 
 07/24  07:00:00,992989.808828947 
 07/24  08:00:00,1367521.1806897505 
 07/24  09:00:00,855079.0169102482 
 07/24  10:00:00,105654.94768084827 
 07/24  11:00:00,0.0 
 07/24  12:00:00,0.0 
 07/24  13:00:00,0.0 
 07/24  14:00:00,0.0 
 07/24  15:00:00,0.0 
 07/24  16:00:00,0.0 
 07/24  17:00:00,0.0 
 07/24  18:00:00,0.0 
 07/24  19:00:00,0.0 
 07/24  20:00:00,0.0 
 07/24  21:00:00,0.0 
 07/24  22:00:00,0.0 
 07/24  23:00:00,0.0 
 07/24  24:00:00,0.0 
 07/25  01:00:00,0.0 
 07/25  02:00:00,22820.047165126016 
 07/25  03:00:00,59908.63449694807 
 07/25  04:00:00,451957.41200234997 
 07/25  05:00:00,661688.2522839558 
 07/25  06:00:00,694742.9794910059 
 07/25  07:00:00,547495.2316224008 
 07/25  08:00:00,943471.2822099361 
 07/25  09:00:00,586819.7555862091 
 07/25  10:00:00,37021.674391093984 
 07/25  11:00:00,0.0 
 07/25  12:00:00,0.0 
 07/25  13:00:00,0.0 
 07/25  14:00:00,0.0 
 07/25  15:00:00,0.0 
 07/25  16:00:00,0.0 
 07/25  17:00:00,0.0 
 07/25  18:00:00,0.0 
 07/25  19:00:00,0.0 
 07/25  20:00:00,0.0 
 07/25  21:00:00,0.0 
 07/25  22:00:00,0.0 
 07/25  23:00:00,0.0 
 07/25  24:00:00,0.0 
 07/26  01:00:00,49287.53591859786 
 07/26  02:00:00,237668.82250851486 
 07/26  03:00:00,75291.1125053557 
 07/26  04:00:00,397544.04635520116 
 07/26  05:00:00,704152.1461191202 
 07/26  06:00:00,920769.6690510407 
 07/26  07:00:00,961457.3063307151 
 07/26  08:00:00,781126.6629081678 
 07/26  09:00:00,210189.1061851442 
 07/26  10:00:00,0.0 
 07/26  11:00:00,0.0 
 07/26  12:00:00,0.0 
 07/26  13:00:00,0.0 
 07/26  14:00:00,0.0 
 07/26  15:00:00,0.0 
 07/26  16:00:00,0.0 
 07/26  17:00:00,0.0 
 07/26  18:00:00,0.0 
 07/26  19:00:00,0.0 
 07/26  20:00:00,0.0 
 07/26  21:00:00,0.0 
 07/26  22:00:00,0.0 
 07/26  23:00:00,0.0 
 07/26  24:00:00,0.0 
 07/27  01:00:00,0.0 
 07/27  02:00:00,0.0 
 07/27  03:00:00,0.0 
 07/27  04:00:00,0.0 
 07/27  05:00:00,0.0 
 07/27  06:00:00,0.0 
 07/27  07:00:00,0.0 
 07/27  08:00:00,0.0 
 07/27  09:00:00,0.0 
 07/27  10:00:00,0.0 
 07/27  11:00:00,0.0 
 07/27  12:00:00,0.0 
 07/27  13:00:00,0.0 
 07/27  14:00:00,0.0 
 07/27  15:00:00,0.0 
 07/27  16:00:00,0.0 
 07/27  17:00:00,0.0 
 07/27  18:00:00,0.0 
 07/27  19:00:00,0.0 
 07/27  20:00:00,0.0 
 07/27  21:00:00,0.0 
 07/27  22:00:00,0.0 
 07/27  23:00:00,0.0 
 07/27  24:00:00,0.0 
 07/28  01:00:00,0.0 
 07/28  02:00:00,0.0 
 07/28  03:00:00,0.0 
 07/28  04:00:00,0.0 
 07/28  05:00:00,214900.5955457047 
 07/28  06:00:00,795312.524199739 
 07/28  07:00:00,1044796.4601837464 
 07/28  08:00:00,1678087.1090268034 
 07/28  09:00:00,1563760.7432802792 
 07/28  10:00:00,1239365.3013566341 
 07/28  11:00:00,961932.3181782874 
 07/28  12:00:00,645765.9222085227 
 07/28  13:00:00,3496.0022315841343 
 07/28  14:00:00,0.0 
 07/28  15:00:00,0.0 
 07/28  16:00:00,0.0 
 07/28  17:00:00,0.0 
 07/28  18:00:00,0.0 
 07/28  19:00:00,0.0 
 07/28  20:00:00,4464.248538194807 
 07/28  21:00:00,184185.94832744566 
 07/28  22:00:00,477638.5281411836 
 07/28  23:00:00,720143.211306828 
 07/28  24:00:00,952796.0451698898 
 07/29  01:00:00,1223733.7711591683 
 07/29  02:00:00,1529561.3669579616 
 07/29  03:00:00,1365212.0111877755 
 07/29  04:00:00,1804451.584035909 
 07/29  05:00:00,2095069.713795086 
 07/29  06:00:00,2285911.73667435 
 07/29  07:00:00,2213894.9983497895 
 07/29  08:00:00,2266009.9395861872 
 07/29  09:00:00,1519581.5100395582 
 07/29  10:00:00,766037.889776109 
 07/29  11:00:00,144374.7923301984 
 07/29  12:00:00,0.0 
 07/29  13:00:00,0.0 
 07/29  14:00:00,0.0 
 07/29  15:00:00,0.0 
 07/29  16:00:00,0.0 
 07/29  17:00:00,0.0 
 07/29  18:00:00,0.0 
 07/29  19:00:00,0.0 
 07/29  20:00:00,0.0 
 07/29  21:00:00,0.0 
 07/29  22:00:00,0.0 
 07/29  23:00:00,0.0 
 07/29  24:00:00,0.0 
 07/30  01:00:00,142596.4005954229 
 07/30  02:00:00,554653.0747154132 
 07/30  03:00:00,656949.8125715131 
 07/30  04:00:00,1259799.1949513317 
 07/30  05:00:00,1739423.2274786753 
 07/30  06:00:00,2103666.9552286803 
 07/30  07:00:00,2195524.469290999 
 07/30  08:00:00,2487405.794266411 
 07/30  09:00:00,1790835.3806164619 
 07/30  10:00:00,955049.862782522 
 07/30  11:00:00,502756.5728096802 
 07/30  12:00:00,310475.84133959614 
 07/30  13:00:00,0.0 
 07/30  14:00:00,0.0 
 07/30  15:00:00,0.0 
 07/30  16:00:00,0.0 
 07/30  17:00:00,0.0 
 07/30  18:00:00,0.0 
 07/30  19:00:00,0.0 
 07/30  20:00:00,0.0 
 07/30  21:00:00,0.0 
 07/30  22:00:00,0.0 
 07/30  23:00:00,0.0 
 07/30  24:00:00,170179.08526084866 
 07/31  01:00:00,866702.6796252016 
 07/31  02:00:00,1476573.4604719074 
 07/31  03:00:00,1490122.1672048394 
 07/31  04:00:00,2046524.8200180128 
 07/31  05:00:00,2435918.7385110995 
 07/31  06:00:00,2815892.601032752 
 07/31  07:00:00,2736354.423267264 
 07/31  08:00:00,2689120.496744812 
 07/31  09:00:00,1832951.9363874833 
 07/31  10:00:00,799079.9750663433 
 07/31  11:00:00,88468.56683342703 
 07/31  12:00:00,0.0 
 07/31  13:00:00,0.0 
 07/31  14:00:00,0.0 
 07/31  15:00:00,0.0 
 07/31  16:00:00,0.0 
 07/31  17:00:00,0.0 
 07/31  18:00:00,0.0 
 07/31  19:00:00,0.0 
 07/31  20:00:00,0.0 
 07/31  21:00:00,0.0 
 07/31  22:00:00,0.0 
 07/31  23:00:00,0.0 
 07/31  24:00:00,15083.693202715951 
 08/01  01:00:00,347667.9457145671 
 08/01  02:00:00,768409.1823819473 
 08/01  03:00:00,645908.8145969094 
 08/01  04:00:00,1271521.0133781512 
 08/01  05:00:00,1787635.3660538055 
 08/01  06:00:00,1877281.5424096505 
 08/01  07:00:00,1506886.8771693052 
 08/01  08:00:00,1542129.2636505947 
 08/01  09:00:00,994810.5379890696 
 08/01  10:00:00,418911.2701665538 
 08/01  11:00:00,42944.21306078002 
 08/01  12:00:00,0.0 
 08/01  13:00:00,0.0 
 08/01  14:00:00,0.0 
 08/01  15:00:00,0.0 
 08/01  16:00:00,0.0 
 08/01  17:00:00,0.0 
 08/01  18:00:00,0.0 
 08/01  19:00:00,0.0 
 08/01  20:00:00,0.0 
 08/01  21:00:00,0.0 
 08/01  22:00:00,0.0 
 08/01  23:00:00,0.0 
 08/01  24:00:00,206503.60711219473 
 08/02  01:00:00,499007.5125138072 
 08/02  02:00:00,692247.9475224996 
 08/02  03:00:00,818146.1788223934 
 08/02  04:00:00,934654.0414474404 
 08/02  05:00:00,1060289.9108526043 
 08/02  06:00:00,1130106.2596062818 
 08/02  07:00:00,1103334.4314685522 
 08/02  08:00:00,953821.4749369568 
 08/02  09:00:00,664633.7330259274 
 08/02  10:00:00,340467.57214758196 
 08/02  11:00:00,58074.577258050704 
 08/02  12:00:00,0.0 
 08/02  13:00:00,0.0 
 08/02  14:00:00,0.0 
 08/02  15:00:00,0.0 
 08/02  16:00:00,0.0 
 08/02  17:00:00,0.0 
 08/02  18:00:00,0.0 
 08/02  19:00:00,0.0 
 08/02  20:00:00,0.0 
 08/02  21:00:00,0.0 
 08/02  22:00:00,97167.07739143459 
 08/02  23:00:00,882810.2556015089 
 08/02  24:00:00,1808969.3376638193 
 08/03  01:00:00,2595565.064900379 
 08/03  02:00:00,3237881.4472916615 
 08/03  03:00:00,3791412.115616553 
 08/03  04:00:00,4242400.216969653 
 08/03  05:00:00,4489424.409422951 
 08/03  06:00:00,4582255.420334387 
 08/03  07:00:00,4316199.785132586 
 08/03  08:00:00,3392719.940747259 
 08/03  09:00:00,2260393.777878813 
 08/03  10:00:00,1572614.8039324165 
 08/03  11:00:00,1326810.51939331 
 08/03  12:00:00,779573.5572539904 
 08/03  13:00:00,350085.42975387396 
 08/03  14:00:00,94862.93971032792 
 08/03  15:00:00,0.0 
 08/03  16:00:00,0.0 
 08/03  17:00:00,0.0 
 08/03  18:00:00,0.0 
 08/03  19:00:00,0.0 
 08/03  20:00:00,0.0 
 08/03  21:00:00,456166.46454370057 
 08/03  22:00:00,1140366.4292920323 
 08/03  23:00:00,1666620.3734647157 
 08/03  24:00:00,1897048.709560352 
 08/04  01:00:00,2105641.034944948 
 08/04  02:00:00,2064832.014938762 
 08/04  03:00:00,2230329.9808462407 
 08/04  04:00:00,2661373.667011995 
 08/04  05:00:00,3116947.1697486686 
 08/04  06:00:00,3309037.7130097356 
 08/04  07:00:00,3279934.752328865 
 08/04  08:00:00,3417342.9835693464 
 08/04  09:00:00,2474664.6201510425 
 08/04  10:00:00,1471905.7162169686 
 08/04  11:00:00,789115.2462021674 
 08/04  12:00:00,397257.44126975705 
 08/04  13:00:00,0.0 
 08/04  14:00:00,0.0 
 08/04  15:00:00,0.0 
 08/04  16:00:00,0.0 
 08/04  17:00:00,0.0 
 08/04  18:00:00,0.0 
 08/04  19:00:00,0.0 
 08/04  20:00:00,0.0 
 08/04  21:00:00,245778.18604605272 
 08/04  22:00:00,788651.2142760478 
 08/04  23:00:00,1393083.9509119217 
 08/04  24:00:00,2009547.0307210477 
 08/05  01:00:00,2524069.345350079 
 08/05  02:00:00,2948809.8149172543 
 08/05  03:00:00,3048302.948045658 
 08/05  04:00:00,3579417.8652046327 
 08/05  05:00:00,3852637.1106049325 
 08/05  06:00:00,3974429.846875512 
 08/05  07:00:00,3613340.1731024752 
 08/05  08:00:00,3159770.584686887 
 08/05  09:00:00,1949929.7957335166 
 08/05  10:00:00,1084182.1186196709 
 08/05  11:00:00,430493.52741809783 
 08/05  12:00:00,22747.16019210683 
 08/05  13:00:00,0.0 
 08/05  14:00:00,0.0 
 08/05  15:00:00,0.0 
 08/05  16:00:00,0.0 
 08/05  17:00:00,0.0 
 08/05  18:00:00,0.0 
 08/05  19:00:00,0.0 
 08/05  20:00:00,0.0 
 08/05  21:00:00,0.0 
 08/05  22:00:00,0.0 
 08/05  23:00:00,81663.05876815313 
 08/05  24:00:00,312132.8846784221 
 08/06  01:00:00,490205.16790303297 
 08/06  02:00:00,779729.7694321155 
 08/06  03:00:00,455572.55626749905 
 08/06  04:00:00,555066.9608329735 
 08/06  05:00:00,583947.7883327178 
 08/06  06:00:00,600166.3380701699 
 08/06  07:00:00,675149.5205348582 
 08/06  08:00:00,1432465.2385567802 
 08/06  09:00:00,1317909.7518214842 
 08/06  10:00:00,723837.3832071936 
 08/06  11:00:00,228095.47883782143 
 08/06  12:00:00,16589.48897658993 
 08/06  13:00:00,0.0 
 08/06  14:00:00,0.0 
 08/06  15:00:00,0.0 
 08/06  16:00:00,0.0 
 08/06  17:00:00,0.0 
 08/06  18:00:00,0.0 
 08/06  19:00:00,0.0 
 08/06  20:00:00,0.0 
 08/06  21:00:00,0.0 
 08/06  22:00:00,0.0 
 08/06  23:00:00,82785.10369303622 
 08/06  24:00:00,582125.629749908 
 08/07  01:00:00,904573.7719937672 
 08/07  02:00:00,1139971.2750535263 
 08/07  03:00:00,835268.1372314815 
 08/07  04:00:00,1252650.0110380868 
 08/07  05:00:00,1681180.8871067574 
 08/07  06:00:00,2222651.8942157296 
 08/07  07:00:00,2425861.5784824206 
 08/07  08:00:00,2533561.6503199516 
 08/07  09:00:00,1786624.6713979542 
 08/07  10:00:00,890424.2819903456 
 08/07  11:00:00,179719.65810788388 
 08/07  12:00:00,0.0 
 08/07  13:00:00,0.0 
 08/07  14:00:00,0.0 
 08/07  15:00:00,0.0 
 08/07  16:00:00,0.0 
 08/07  17:00:00,0.0 
 08/07  18:00:00,0.0 
 08/07  19:00:00,0.0 
 08/07  20:00:00,0.0 
 08/07  21:00:00,0.0 
 08/07  22:00:00,0.0 
 08/07  23:00:00,0.0 
 08/07  24:00:00,153309.401826065 
 08/08  01:00:00,546547.907919396 
 08/08  02:00:00,728641.5394029733 
 08/08  03:00:00,485714.13206100406 
 08/08  04:00:00,667559.6648780404 
 08/08  05:00:00,735817.355513901 
 08/08  06:00:00,818711.1023159624 
 08/08  07:00:00,857476.9882493035 
 08/08  08:00:00,1184305.6385641373 
 08/08  09:00:00,673676.1416015637 
 08/08  10:00:00,84005.88432964796 
 08/08  11:00:00,0.0 
 08/08  12:00:00,0.0 
 08/08  13:00:00,0.0 
 08/08  14:00:00,0.0 
 08/08  15:00:00,0.0 
 08/08  16:00:00,0.0 
 08/08  17:00:00,0.0 
 08/08  18:00:00,0.0 
 08/08  19:00:00,0.0 
 08/08  20:00:00,0.0 
 08/08  21:00:00,34158.225381027296 
 08/08  22:00:00,0.0 
 08/08  23:00:00,197833.86489355107 
 08/08  24:00:00,638962.4302787117 
 08/09  01:00:00,946812.31408326 
 08/09  02:00:00,1335330.9828012905 
 08/09  03:00:00,1784139.9373339708 
 08/09  04:00:00,2075525.127023859 
 08/09  05:00:00,2419274.8238849184 
 08/09  06:00:00,2833036.509848661 
 08/09  07:00:00,2931635.4126345674 
 08/09  08:00:00,2609228.994412977 
 08/09  09:00:00,2109832.778700149 
 08/09  10:00:00,1513028.582956474 
 08/09  11:00:00,848832.3829250447 
 08/09  12:00:00,275918.85656695307 
 08/09  13:00:00,1007.7525453270938 
 08/09  14:00:00,0.0 
 08/09  15:00:00,0.0 
 08/09  16:00:00,0.0 
 08/09  17:00:00,0.0 
 08/09  18:00:00,0.0 
 08/09  19:00:00,0.0 
 08/09  20:00:00,0.0 
 08/09  21:00:00,22061.767322052765 
 08/09  22:00:00,348398.31077301496 
 08/09  23:00:00,675831.40921703 
 08/09  24:00:00,966308.2853252308 
 08/10  01:00:00,1211308.2295049923 
 08/10  02:00:00,1505481.3001384304 
 08/10  03:00:00,1923193.4248922446 
 08/10  04:00:00,2053222.0931921452 
 08/10  05:00:00,1903853.6295400816 
 08/10  06:00:00,1669097.1381978625 
 08/10  07:00:00,1428407.9769206678 
 08/10  08:00:00,1347463.2159040617 
 08/10  09:00:00,1251304.749981651 
 08/10  10:00:00,1146854.5993892886 
 08/10  11:00:00,1280845.4479917076 
 08/10  12:00:00,1033754.3986239226 
 08/10  13:00:00,751166.4753101316 
 08/10  14:00:00,690043.8323794778 
 08/10  15:00:00,900330.709099873 
 08/10  16:00:00,1092152.3910415752 
 08/10  17:00:00,1036756.039643206 
 08/10  18:00:00,1056453.3316624793 
 08/10  19:00:00,1282524.320978799 
 08/10  20:00:00,1608719.4091331074 
 08/10  21:00:00,2073904.8834078482 
 08/10  22:00:00,2510641.5284119016 
 08/10  23:00:00,2864633.9359498266 
 08/10  24:00:00,3224884.838656566 
 08/11  01:00:00,3607089.41116939 
 08/11  02:00:00,3509529.941364484 
 08/11  03:00:00,3556335.6824868703 
 08/11  04:00:00,3761146.494409722 
 08/11  05:00:00,3916562.031382084 
 08/11  06:00:00,4038121.000021233 
 08/11  07:00:00,3904118.2390254247 
 08/11  08:00:00,3959872.0310246977 
 08/11  09:00:00,3184422.5267363056 
 08/11  10:00:00,2379929.392714829 
 08/11  11:00:00,1838599.37017836 
 08/11  12:00:00,1530019.2723974462 
 08/11  13:00:00,988185.6358113401 
 08/11  14:00:00,1009708.0850702457 
 08/11  15:00:00,764064.9279263191 
 08/11  16:00:00,1363438.7087803402 
 08/11  17:00:00,1403163.7338448623 
 08/11  18:00:00,774264.1691345838 
 08/11  19:00:00,1526891.321284598 
 08/11  20:00:00,2080685.3498015464 
 08/11  21:00:00,2643148.487741716 
 08/11  22:00:00,3076072.1916475906 
 08/11  23:00:00,3384919.5653908183 
 08/11  24:00:00,3672521.6912921965 
 08/12  01:00:00,3880696.2116039074 
 08/12  02:00:00,3885881.568703601 
 08/12  03:00:00,3544354.5221525216 
 08/12  04:00:00,3697902.690599057 
 08/12  05:00:00,3621945.9356574933 
 08/12  06:00:00,3599112.5937551036 
 08/12  07:00:00,3565077.828703792 
 08/12  08:00:00,3852418.3076128936 
 08/12  09:00:00,3318223.264989352 
 08/12  10:00:00,2724394.7445569737 
 08/12  11:00:00,2275759.9651115006 
 08/12  12:00:00,1914337.8041472775 
 08/12  13:00:00,1203156.4440798059 
 08/12  14:00:00,1214287.7134363872 
 08/12  15:00:00,1063468.6046223906 
 08/12  16:00:00,1045247.4255930183 
 08/12  17:00:00,690135.7922708914 
 08/12  18:00:00,386840.8931028476 
 08/12  19:00:00,1464535.9080988907 
 08/12  20:00:00,2222988.1218639617 
 08/12  21:00:00,2884300.924357145 
 08/12  22:00:00,3366996.7077943617 
 08/12  23:00:00,3850603.975114976 
 08/12  24:00:00,4200702.859913756 
 08/13  01:00:00,4421391.98696959 
 08/13  02:00:00,4524971.297663508 
 08/13  03:00:00,4240569.508237654 
 08/13  04:00:00,4401805.280727889 
 08/13  05:00:00,4399726.14462708 
 08/13  06:00:00,4438772.389022359 
 08/13  07:00:00,4442329.6247333735 
 08/13  08:00:00,4637817.137476693 
 08/13  09:00:00,3697279.011945756 
 08/13  10:00:00,2704832.9703492164 
 08/13  11:00:00,2024554.8151643525 
 08/13  12:00:00,1557571.666522072 
 08/13  13:00:00,958821.8882571841 
 08/13  14:00:00,1097170.6312930095 
 08/13  15:00:00,958549.3598991889 
 08/13  16:00:00,747700.7179875902 
 08/13  17:00:00,299441.1329933501 
 08/13  18:00:00,4669.335644949751 
 08/13  19:00:00,658231.8359716403 
 08/13  20:00:00,1070733.26463816 
 08/13  21:00:00,1549140.1536381273 
 08/13  22:00:00,2036387.029666639 
 08/13  23:00:00,2314632.0046602124 
 08/13  24:00:00,2504114.974992925 
 08/14  01:00:00,2771825.2200058494 
 08/14  02:00:00,3034068.532916824 
 08/14  03:00:00,2677402.851302336 
 08/14  04:00:00,2992705.7688955413 
 08/14  05:00:00,3368221.905654096 
 08/14  06:00:00,3643896.7209707284 
 08/14  07:00:00,3588786.7160957027 
 08/14  08:00:00,3748307.1677854215 
 08/14  09:00:00,3144616.8527827733 
 08/14  10:00:00,2456177.7120621167 
 08/14  11:00:00,1720938.108159967 
 08/14  12:00:00,1554788.189352077 
 08/14  13:00:00,1434726.2398621023 
 08/14  14:00:00,1827531.36840497 
 08/14  15:00:00,1823848.2873406094 
 08/14  16:00:00,1921846.8187261508 
 08/14  17:00:00,1892045.9705514011 
 08/14  18:00:00,1491821.7761680025 
 08/14  19:00:00,2044940.588313128 
 08/14  20:00:00,2519476.635561311 
 08/14  21:00:00,3235208.6445209435 
 08/14  22:00:00,3666174.4253611034 
 08/14  23:00:00,3761118.521891362 
 08/14  24:00:00,3921532.7624719795 
 08/15  01:00:00,4220532.1935419375 
 08/15  02:00:00,4537753.083099141 
 08/15  03:00:00,4117648.3371366872 
 08/15  04:00:00,4337280.529449713 
 08/15  05:00:00,4473181.939231717 
 08/15  06:00:00,4306534.048197171 
 08/15  07:00:00,4073028.768121927 
 08/15  08:00:00,4378090.336697904 
 08/15  09:00:00,3965150.3727885415 
 08/15  10:00:00,3572686.1047700876 
 08/15  11:00:00,3066851.5344328675 
 08/15  12:00:00,2503749.240697777 
 08/15  13:00:00,1643951.7465767954 
 08/15  14:00:00,1549155.8100390013 
 08/15  15:00:00,1324236.9363533664 
 08/15  16:00:00,1223535.142860081 
 08/15  17:00:00,1204764.4895963648 
 08/15  18:00:00,1353464.8515446018 
 08/15  19:00:00,1458009.5891729929 
 08/15  20:00:00,1670974.398135569 
 08/15  21:00:00,2143709.5958084143 
 08/15  22:00:00,1987329.1042293026 
 08/15  23:00:00,2345563.289245376 
 08/15  24:00:00,2885258.3165208083 
 08/16  01:00:00,2982254.6801793235 
 08/16  02:00:00,2957027.464315433 
 08/16  03:00:00,3226298.4589804127 
 08/16  04:00:00,3681689.499038484 
 08/16  05:00:00,3961361.678332533 
 08/16  06:00:00,4140510.4298656634 
 08/16  07:00:00,4178435.1174750873 
 08/16  08:00:00,3945155.156618189 
 08/16  09:00:00,3471160.1531784753 
 08/16  10:00:00,2651617.094982538 
 08/16  11:00:00,1776664.077112551 
 08/16  12:00:00,1200336.61002099 
 08/16  13:00:00,841121.7794541103 
 08/16  14:00:00,548769.1583873901 
 08/16  15:00:00,395212.01647825295 
 08/16  16:00:00,451467.222114082 
 08/16  17:00:00,562345.9271456319 
 08/16  18:00:00,929506.9717815743 
 08/16  19:00:00,929101.0439731842 
 08/16  20:00:00,1710669.097521829 
 08/16  21:00:00,2403712.841533886 
 08/16  22:00:00,2297687.8714264594 
 08/16  23:00:00,2110234.065919568 
 08/16  24:00:00,2292655.3299615663 
 08/17  01:00:00,2478244.7015126795 
 08/17  02:00:00,2597105.59738196 
 08/17  03:00:00,2644394.6226170906 
 08/17  04:00:00,2553839.2489820533 
 08/17  05:00:00,2527221.1446919553 
 08/17  06:00:00,2653995.715891524 
 08/17  07:00:00,2638990.2796482667 
 08/17  08:00:00,2422853.249982031 
 08/17  09:00:00,2188656.2716072877 
 08/17  10:00:00,2123409.8859793143 
 08/17  11:00:00,2348234.682632856 
 08/17  12:00:00,2396963.413666649 
 08/17  13:00:00,2440212.667154176 
 08/17  14:00:00,2216415.3200978674 
 08/17  15:00:00,1668327.7219406995 
 08/17  16:00:00,1256143.0464940153 
 08/17  17:00:00,1112209.9892309206 
 08/17  18:00:00,1174007.432165761 
 08/17  19:00:00,1506070.1105278276 
 08/17  20:00:00,1996253.9727899765 
 08/17  21:00:00,2626839.173489354 
 08/17  22:00:00,3199837.432911745 
 08/17  23:00:00,3699564.7333822553 
 08/17  24:00:00,4137228.165485194 
 08/18  01:00:00,4515687.568069095 
 08/18  02:00:00,4409025.644259919 
 08/18  03:00:00,4468338.182281857 
 08/18  04:00:00,4696655.129244962 
 08/18  05:00:00,4729303.751723544 
 08/18  06:00:00,4640096.108457308 
 08/18  07:00:00,4630519.282790168 
 08/18  08:00:00,5066042.1713672215 
 08/18  09:00:00,4377630.722955456 
 08/18  10:00:00,3448859.418043035 
 08/18  11:00:00,2880689.9826946408 
 08/18  12:00:00,2527507.1271397565 
 08/18  13:00:00,1815134.0288922861 
 08/18  14:00:00,1777286.8207337009 
 08/18  15:00:00,1587233.9758914115 
 08/18  16:00:00,1626374.377185387 
 08/18  17:00:00,1471906.095685366 
 08/18  18:00:00,1312080.102731017 
 08/18  19:00:00,2259516.9671209925 
 08/18  20:00:00,2672018.1307678083 
 08/18  21:00:00,3093576.844629539 
 08/18  22:00:00,3494371.274643896 
 08/18  23:00:00,3878762.012163462 
 08/18  24:00:00,4244945.739771506 
 08/19  01:00:00,4457200.271468203 
 08/19  02:00:00,4599501.973543785 
 08/19  03:00:00,4345210.314545912 
 08/19  04:00:00,4514271.04130954 
 08/19  05:00:00,4581895.311344759 
 08/19  06:00:00,4645818.983475468 
 08/19  07:00:00,4932058.810098035 
 08/19  08:00:00,5579538.894483958 
 08/19  09:00:00,5170937.635528322 
 08/19  10:00:00,4543511.425887258 
 08/19  11:00:00,3922979.9126374703 
 08/19  12:00:00,3576064.506586778 
 08/19  13:00:00,2994003.5050054784 
 08/19  14:00:00,3006010.4331232733 
 08/19  15:00:00,2839341.0311024077 
 08/19  16:00:00,2633448.6166955065 
 08/19  17:00:00,2330656.6557402844 
 08/19  18:00:00,2139974.457410453 
 08/19  19:00:00,2868154.977400615 
 08/19  20:00:00,3382739.2793426006 
 08/19  21:00:00,4075547.346083575 
 08/19  22:00:00,4717056.601864547 
 08/19  23:00:00,5038875.9986989545 
 08/19  24:00:00,5322157.850266955 
 08/20  01:00:00,5691687.846709823 
 08/20  02:00:00,5926162.727166782 
 08/20  03:00:00,5649889.627599044 
 08/20  04:00:00,6111041.025289441 
 08/20  05:00:00,6483063.48060837 
 08/20  06:00:00,6746660.115026343 
 08/20  07:00:00,6820350.170231229 
 08/20  08:00:00,6909273.600165638 
 08/20  09:00:00,5963083.565442824 
 08/20  10:00:00,4842069.371235726 
 08/20  11:00:00,3997232.168604984 
 08/20  12:00:00,3511324.7059447733 
 08/20  13:00:00,2785278.8976134863 
 08/20  14:00:00,2830512.894310842 
 08/20  15:00:00,2600480.6420557788 
 08/20  16:00:00,2270870.1727447747 
 08/20  17:00:00,1925093.7362949 
 08/20  18:00:00,1735110.760265622 
 08/20  19:00:00,2499266.5059310375 
 08/20  20:00:00,3004308.7200588407 
 08/20  21:00:00,3651891.6390404264 
 08/20  22:00:00,4170405.962505444 
 08/20  23:00:00,4478792.233114844 
 08/20  24:00:00,4978432.446156547 
 08/21  01:00:00,5599084.770483956 
 08/21  02:00:00,6019396.395077313 
 08/21  03:00:00,5826445.235239814 
 08/21  04:00:00,6208036.903910926 
 08/21  05:00:00,6471006.66091611 
 08/21  06:00:00,6811475.043306573 
 08/21  07:00:00,6937093.285143298 
 08/21  08:00:00,6936281.7167878235 
 08/21  09:00:00,5773388.487558676 
 08/21  10:00:00,4579709.264277024 
 08/21  11:00:00,3735232.4838570133 
 08/21  12:00:00,3223878.371517715 
 08/21  13:00:00,2461759.5884078 
 08/21  14:00:00,2780951.5040073683 
 08/21  15:00:00,2942627.3521830025 
 08/21  16:00:00,2789549.774989551 
 08/21  17:00:00,2341877.627829264 
 08/21  18:00:00,2070010.0962971163 
 08/21  19:00:00,2922693.3085001083 
 08/21  20:00:00,3143591.0176538248 
 08/21  21:00:00,3207353.636267094 
 08/21  22:00:00,3206715.6750530773 
 08/21  23:00:00,3246517.033097301 
 08/21  24:00:00,3409679.614776356 
 08/22  01:00:00,3697373.393577723 
 08/22  02:00:00,3822263.8007464036 
 08/22  03:00:00,3357573.0639464566 
 08/22  04:00:00,3393541.246488103 
 08/22  05:00:00,3531575.5207560593 
 08/22  06:00:00,3686824.053610591 
 08/22  07:00:00,3787877.926315349 
 08/22  08:00:00,4173605.8663006434 
 08/22  09:00:00,3777726.302685297 
 08/22  10:00:00,3372656.288796641 
 08/22  11:00:00,3111381.810938512 
 08/22  12:00:00,2754792.3662667777 
 08/22  13:00:00,2002346.48974266 
 08/22  14:00:00,2025170.838135564 
 08/22  15:00:00,1740656.3637918315 
 08/22  16:00:00,1660456.8056328553 
 08/22  17:00:00,1401855.0894854271 
 08/22  18:00:00,844474.2659222117 
 08/22  19:00:00,1543661.5783127102 
 08/22  20:00:00,2240935.221513779 
 08/22  21:00:00,3005794.9592017913 
 08/22  22:00:00,3769608.935519093 
 08/22  23:00:00,4230712.553947613 
 08/22  24:00:00,4543342.395863211 
 08/23  01:00:00,4886285.544488383 
 08/23  02:00:00,5325728.951216895 
 08/23  03:00:00,5192850.629759527 
 08/23  04:00:00,5599682.876641747 
 08/23  05:00:00,6034376.54911618 
 08/23  06:00:00,6324692.601478598 
 08/23  07:00:00,6316494.060432525 
 08/23  08:00:00,5861220.889478729 
 08/23  09:00:00,4991298.497238097 
 08/23  10:00:00,3984609.900948806 
 08/23  11:00:00,3164824.2693983447 
 08/23  12:00:00,2709485.0674853493 
 08/23  13:00:00,2392204.2855189173 
 08/23  14:00:00,2116040.669958706 
 08/23  15:00:00,1966623.248846644 
 08/23  16:00:00,1941415.1702067037 
 08/23  17:00:00,2014353.8725570596 
 08/23  18:00:00,2376065.3984857025 
 08/23  19:00:00,2292726.28407051 
 08/23  20:00:00,3071896.5340297995 
 08/23  21:00:00,4002763.234887407 
 08/23  22:00:00,4356860.48862802 
 08/23  23:00:00,4673452.045867597 
 08/23  24:00:00,5168508.627089432 
 08/24  01:00:00,5512002.029636801 
 08/24  02:00:00,5871102.3711884245 
 08/24  03:00:00,6160886.663045884 
 08/24  04:00:00,6402620.147325035 
 08/24  05:00:00,6614355.297522989 
 08/24  06:00:00,6661484.066223312 
 08/24  07:00:00,6500172.742306147 
 08/24  08:00:00,5933356.326133276 
 08/24  09:00:00,4946767.134577448 
 08/24  10:00:00,4094009.63006572 
 08/24  11:00:00,3627803.477612139 
 08/24  12:00:00,2933730.795495359 
 08/24  13:00:00,2369207.110580934 
 08/24  14:00:00,1962497.042305621 
 08/24  15:00:00,1853706.59669083 
 08/24  16:00:00,1743047.6265066105 
 08/24  17:00:00,1548580.581689135 
 08/24  18:00:00,1570877.362331957 
 08/24  19:00:00,1952656.6270255041 
 08/24  20:00:00,2508973.0040686694 
 08/24  21:00:00,3037329.4623893215 
 08/24  22:00:00,3447033.4270936055 
 08/24  23:00:00,3708999.7774887504 
 08/24  24:00:00,3949149.7986131236 
 08/25  01:00:00,4097481.1512153344 
 08/25  02:00:00,3653426.5011695162 
 08/25  03:00:00,3404002.8311923877 
 08/25  04:00:00,3395540.8656799505 
 08/25  05:00:00,3398242.707076081 
 08/25  06:00:00,3355054.036908371 
 08/25  07:00:00,3216700.708965104 
 08/25  08:00:00,3633943.6437694016 
 08/25  09:00:00,3360664.542216797 
 08/25  10:00:00,2932378.2381692044 
 08/25  11:00:00,2672277.266644044 
 08/25  12:00:00,2501538.7535287384 
 08/25  13:00:00,1906816.6450616259 
 08/25  14:00:00,2055956.2544868242 
 08/25  15:00:00,1989562.7456161901 
 08/25  16:00:00,1974707.285207485 
 08/25  17:00:00,1661599.202775926 
 08/25  18:00:00,1286313.3376645567 
 08/25  19:00:00,1790287.4833363337 
 08/25  20:00:00,1748537.253898034 
 08/25  21:00:00,1827302.7924731432 
 08/25  22:00:00,1969037.7429626265 
 08/25  23:00:00,2133565.4859912843 
 08/25  24:00:00,2387455.267983781 
 08/26  01:00:00,2659325.3198441807 
 08/26  02:00:00,2827367.2960942625 
 08/26  03:00:00,2390385.546238193 
 08/26  04:00:00,2198945.4695468834 
 08/26  05:00:00,2086545.8745652782 
 08/26  06:00:00,2067377.4144151257 
 08/26  07:00:00,1949319.8405132252 
 08/26  08:00:00,2470059.6675233175 
 08/26  09:00:00,2439082.820075756 
 08/26  10:00:00,2235477.131294327 
 08/26  11:00:00,2141479.521922036 
 08/26  12:00:00,2255876.2307092776 
 08/26  13:00:00,1914220.6290338598 
 08/26  14:00:00,2101966.825923215 
 08/26  15:00:00,2218070.419721553 
 08/26  16:00:00,2279855.736723307 
 08/26  17:00:00,2164238.185661418 
 08/26  18:00:00,1897164.2526264554 
 08/26  19:00:00,2334452.026851602 
 08/26  20:00:00,2471847.4633793673 
 08/26  21:00:00,2711918.093986714 
 08/26  22:00:00,3041194.815372998 
 08/26  23:00:00,3377147.233035856 
 08/26  24:00:00,3764783.1014687456 
 08/27  01:00:00,4251829.016468124 
 08/27  02:00:00,4780673.703317107 
 08/27  03:00:00,4571048.799672788 
 08/27  04:00:00,4734452.038374729 
 08/27  05:00:00,4700592.437021624 
 08/27  06:00:00,4641499.0624608435 
 08/27  07:00:00,4652225.501737989 
 08/27  08:00:00,4922232.652483981 
 08/27  09:00:00,4121528.2898517847 
 08/27  10:00:00,2948924.9225753564 
 08/27  11:00:00,2025337.3530388738 
 08/27  12:00:00,1612759.4031254007 
 08/27  13:00:00,1012255.1129314555 
 08/27  14:00:00,1166134.8181063961 
 08/27  15:00:00,1125633.5685117068 
 08/27  16:00:00,1077630.101966775 
 08/27  17:00:00,675137.5469649612 
 08/27  18:00:00,363228.20753876725 
 08/27  19:00:00,1085374.8193791276 
 08/27  20:00:00,1251420.325583072 
 08/27  21:00:00,1602633.5688338517 
 08/27  22:00:00,1988797.8752814634 
 08/27  23:00:00,2099926.185068561 
 08/27  24:00:00,1975583.5599721796 
 08/28  01:00:00,1847761.213794781 
 08/28  02:00:00,1679789.5303344545 
 08/28  03:00:00,1120192.6047806696 
 08/28  04:00:00,1022331.663169706 
 08/28  05:00:00,923403.4294811581 
 08/28  06:00:00,864731.3096147845 
 08/28  07:00:00,783718.3635969604 
 08/28  08:00:00,1364139.0697508117 
 08/28  09:00:00,1360342.2262920116 
 08/28  10:00:00,1097607.1155438288 
 08/28  11:00:00,832715.1209267693 
 08/28  12:00:00,762225.5798503591 
 08/28  13:00:00,131350.59973871466 
 08/28  14:00:00,11702.11720908992 
 08/28  15:00:00,0.0 
 08/28  16:00:00,0.0 
 08/28  17:00:00,0.0 
 08/28  18:00:00,0.0 
 08/28  19:00:00,153547.6059569948 
 08/28  20:00:00,920668.7069654153 
 08/28  21:00:00,1628160.480395541 
 08/28  22:00:00,2241296.366364616 
 08/28  23:00:00,2787066.290606311 
 08/28  24:00:00,3188187.5821216325 
 08/29  01:00:00,3494080.666325716 
 08/29  02:00:00,3639825.1265137442 
 08/29  03:00:00,3039209.835421036 
 08/29  04:00:00,3129266.3962449925 
 08/29  05:00:00,3189599.699521571 
 08/29  06:00:00,3144735.7625121535 
 08/29  07:00:00,3127575.665715387 
 08/29  08:00:00,3454653.0510253385 
 08/29  09:00:00,2673329.9233543295 
 08/29  10:00:00,1858891.293819403 
 08/29  11:00:00,1440345.248120832 
 08/29  12:00:00,1180809.3180688717 
 08/29  13:00:00,623417.522225444 
 08/29  14:00:00,781307.9978978757 
 08/29  15:00:00,613543.6941539644 
 08/29  16:00:00,581380.4943481192 
 08/29  17:00:00,518057.9838093742 
 08/29  18:00:00,285611.5986073732 
 08/29  19:00:00,1017059.7250719295 
 08/29  20:00:00,1284814.9184333954 
 08/29  21:00:00,1351570.1491823297 
 08/29  22:00:00,1472491.5842217365 
 08/29  23:00:00,1527340.5200510714 
 08/29  24:00:00,1709213.8869112832 
 08/30  01:00:00,1690603.4222211712 
 08/30  02:00:00,1513069.1711672917 
 08/30  03:00:00,967689.3635629341 
 08/30  04:00:00,1014528.1168927716 
 08/30  05:00:00,1041629.5547106339 
 08/30  06:00:00,1187875.2509754705 
 08/30  07:00:00,1476375.5960953957 
 08/30  08:00:00,1808695.8263395862 
 08/30  09:00:00,1970320.0886445208 
 08/30  10:00:00,1733036.6391844745 
 08/30  11:00:00,1257609.3972125868 
 08/30  12:00:00,854782.3636041494 
 08/30  13:00:00,592125.6246983169 
 08/30  14:00:00,455522.78004587867 
 08/30  15:00:00,381411.1262794097 
 08/30  16:00:00,413370.8971125714 
 08/30  17:00:00,631944.4037973022 
 08/30  18:00:00,429530.5055476915 
 08/30  19:00:00,546552.7915824183 
 08/30  20:00:00,761339.2895920507 
 08/30  21:00:00,1168236.2682314496 
 08/30  22:00:00,1752557.1699491006 
 08/30  23:00:00,2237254.8586232937 
 08/30  24:00:00,2575490.973433436 
 08/31  01:00:00,2818593.442133125 
 08/31  02:00:00,3073151.0512016774 
 08/31  03:00:00,3364243.239275547 
 08/31  04:00:00,3571889.7763584834 
 08/31  05:00:00,3793677.1379378387 
 08/31  06:00:00,3971516.823062163 
 08/31  07:00:00,3995353.6748596192 
 08/31  08:00:00,3766450.4963323106 
 08/31  09:00:00,3125393.2573958864 
 08/31  10:00:00,2525202.7104864186 
 08/31  11:00:00,2192829.501324731 
 08/31  12:00:00,1579661.5798240674 
 08/31  13:00:00,1233791.0476581566 
 08/31  14:00:00,945469.8161069354 
 08/31  15:00:00,582834.1455569366 
 08/31  16:00:00,200943.1741618988 
 08/31  17:00:00,45951.21367246611 
 08/31  18:00:00,206173.94534168343 
 08/31  19:00:00,582822.8135870645 
 08/31  20:00:00,1355229.7951321555 
 08/31  21:00:00,2364477.095220827 
 08/31  22:00:00,3069590.341061528 
 08/31  23:00:00,3280741.895074589 
 08/31  24:00:00,3389287.0997181125 
 09/01  01:00:00,3721150.1811025026 
 09/01  02:00:00,3701656.0045167175 
 09/01  03:00:00,3770744.7749823397 
 09/01  04:00:00,4051946.5648932895 
 09/01  05:00:00,4268148.894218718 
 09/01  06:00:00,4217337.141307443 
 09/01  07:00:00,3856435.3159890724 
 09/01  08:00:00,3880145.226574191 
 09/01  09:00:00,3249989.6292396854 
 09/01  10:00:00,2669279.947313083 
 09/01  11:00:00,2337349.5513016987 
 09/01  12:00:00,2123782.3023161124 
 09/01  13:00:00,1507348.2607659951 
 09/01  14:00:00,1531852.7512458176 
 09/01  15:00:00,1321797.414293362 
 09/01  16:00:00,1134879.6437421278 
 09/01  17:00:00,980313.0187127449 
 09/01  18:00:00,913442.830226777 
 09/01  19:00:00,959692.2286461894 
 09/01  20:00:00,1196064.76169616 
 09/01  21:00:00,1591221.3778725115 
 09/01  22:00:00,1511965.038014109 
 09/01  23:00:00,1810529.5282018024 
 09/01  24:00:00,2174058.3191566733 
 09/02  01:00:00,2389758.5355619737 
 09/02  02:00:00,2636672.979300477 
 09/02  03:00:00,3016574.062525959 
 09/02  04:00:00,3330880.8830906255 
 09/02  05:00:00,3472951.8496390698 
 09/02  06:00:00,3364468.888522873 
 09/02  07:00:00,3251728.082387443 
 09/02  08:00:00,3738823.7559934687 
 09/02  09:00:00,3393159.5015204847 
 09/02  10:00:00,2907228.8646992324 
 09/02  11:00:00,2530014.7199816545 
 09/02  12:00:00,2150914.2654925464 
 09/02  13:00:00,1235477.9326493633 
 09/02  14:00:00,1009392.5045205689 
 09/02  15:00:00,636976.3186887794 
 09/02  16:00:00,449621.1367634904 
 09/02  17:00:00,131622.1112411913 
 09/02  18:00:00,0.0 
 09/02  19:00:00,567169.3793664584 
 09/02  20:00:00,1046335.6820318486 
 09/02  21:00:00,1711978.5571281756 
 09/02  22:00:00,2200014.609921063 
 09/02  23:00:00,2585696.828773777 
 09/02  24:00:00,3019188.061662499 
 09/03  01:00:00,3289288.069408031 
 09/03  02:00:00,3284313.719612048 
 09/03  03:00:00,2908490.4927012734 
 09/03  04:00:00,2915763.4817290916 
 09/03  05:00:00,2801162.8262063754 
 09/03  06:00:00,2726796.550095945 
 09/03  07:00:00,2572098.6523382333 
 09/03  08:00:00,2903192.3981823614 
 09/03  09:00:00,2475086.2742137774 
 09/03  10:00:00,2003031.6252648868 
 09/03  11:00:00,1433019.165612597 
 09/03  12:00:00,908473.527344895 
 09/03  13:00:00,88204.22529714779 
 09/03  14:00:00,0.0 
 09/03  15:00:00,0.0 
 09/03  16:00:00,0.0 
 09/03  17:00:00,0.0 
 09/03  18:00:00,0.0 
 09/03  19:00:00,162527.89439610788 
 09/03  20:00:00,1051730.2890712577 
 09/03  21:00:00,1831942.0461518224 
 09/03  22:00:00,2423590.435680222 
 09/03  23:00:00,2815457.7379869134 
 09/03  24:00:00,3147176.108467281 
 09/04  01:00:00,3443005.409493065 
 09/04  02:00:00,3653584.2380972705 
 09/04  03:00:00,3188156.4863505354 
 09/04  04:00:00,3011856.429552746 
 09/04  05:00:00,2847726.4497461347 
 09/04  06:00:00,2746421.774631259 
 09/04  07:00:00,2477671.465178403 
 09/04  08:00:00,2785212.352853312 
 09/04  09:00:00,2424309.937117932 
 09/04  10:00:00,1842724.924731941 
 09/04  11:00:00,1298243.4395434866 
 09/04  12:00:00,962654.0734192589 
 09/04  13:00:00,275884.2656624045 
 09/04  14:00:00,209359.59778095278 
 09/04  15:00:00,5334.863547981513 
 09/04  16:00:00,0.0 
 09/04  17:00:00,0.0 
 09/04  18:00:00,0.0 
 09/04  19:00:00,0.0 
 09/04  20:00:00,208816.41849097505 
 09/04  21:00:00,567800.9163307659 
 09/04  22:00:00,1016740.3574368352 
 09/04  23:00:00,1132795.0752680227 
 09/04  24:00:00,1199620.3423098654 
 09/05  01:00:00,1449265.0900635468 
 09/05  02:00:00,1741174.3626730226 
 09/05  03:00:00,1376414.2561636504 
 09/05  04:00:00,1548889.8695592058 
 09/05  05:00:00,1686408.427670826 
 09/05  06:00:00,1652462.6664703018 
 09/05  07:00:00,1715518.0448554715 
 09/05  08:00:00,2300853.882466641 
 09/05  09:00:00,2149241.772906897 
 09/05  10:00:00,1834382.8368908912 
 09/05  11:00:00,1506187.7455509794 
 09/05  12:00:00,1242424.995224676 
 09/05  13:00:00,594270.0988444667 
 09/05  14:00:00,698899.5251931375 
 09/05  15:00:00,554870.145493791 
 09/05  16:00:00,476856.3554117733 
 09/05  17:00:00,423146.0986906815 
 09/05  18:00:00,478343.3385105033 
 09/05  19:00:00,732424.7057237292 
 09/05  20:00:00,1139515.7076613922 
 09/05  21:00:00,1544784.0782521053 
 09/05  22:00:00,1003906.5852969107 
 09/05  23:00:00,845279.6007990395 
 09/05  24:00:00,1410806.8100737017 
 09/06  01:00:00,1895434.9889236537 
 09/06  02:00:00,1942376.565990392 
 09/06  03:00:00,1919388.1374622013 
 09/06  04:00:00,1954981.7940889117 
 09/06  05:00:00,1983142.6536853593 
 09/06  06:00:00,1962958.5089777932 
 09/06  07:00:00,1909483.5081041697 
 09/06  08:00:00,1827951.4966224888 
 09/06  09:00:00,1596646.76199691 
 09/06  10:00:00,1252617.0399205226 
 09/06  11:00:00,896178.2000556662 
 09/06  12:00:00,536601.818686261 
 09/06  13:00:00,216427.52530557776 
 09/06  14:00:00,20803.135564934928 
 09/06  15:00:00,0.0 
 09/06  16:00:00,0.0 
 09/06  17:00:00,0.0 
 09/06  18:00:00,0.0 
 09/06  19:00:00,0.0 
 09/06  20:00:00,69620.64154683248 
 09/06  21:00:00,598413.4779374762 
 09/06  22:00:00,1247904.6804551885 
 09/06  23:00:00,1959351.0601236701 
 09/06  24:00:00,2320835.600019727 
 09/07  01:00:00,2508511.266347884 
 09/07  02:00:00,2846279.968242612 
 09/07  03:00:00,3047019.348434221 
 09/07  04:00:00,3233328.1076252726 
 09/07  05:00:00,3385523.180146539 
 09/07  06:00:00,3571872.170154795 
 09/07  07:00:00,3719041.077198054 
 09/07  08:00:00,3581889.733642875 
 09/07  09:00:00,3226156.6673001517 
 09/07  10:00:00,3030793.2611581464 
 09/07  11:00:00,3180515.497777918 
 09/07  12:00:00,2867585.9586342014 
 09/07  13:00:00,2388545.158068073 
 09/07  14:00:00,1870943.1184178286 
 09/07  15:00:00,1393822.7228030912 
 09/07  16:00:00,1001758.8492426936 
 09/07  17:00:00,763162.1457319059 
 09/07  18:00:00,734952.718280953 
 09/07  19:00:00,1142216.129837531 
 09/07  20:00:00,2041103.2772540788 
 09/07  21:00:00,3006754.180172378 
 09/07  22:00:00,3734909.765567643 
 09/07  23:00:00,4215893.858109324 
 09/07  24:00:00,4544700.323396288 
 09/08  01:00:00,4838679.479689284 
 09/08  02:00:00,4685356.32478246 
 09/08  03:00:00,4843323.714124374 
 09/08  04:00:00,5497031.43638776 
 09/08  05:00:00,5864167.80806092 
 09/08  06:00:00,5822070.034956792 
 09/08  07:00:00,5710933.600687522 
 09/08  08:00:00,5577070.416402677 
 09/08  09:00:00,4579142.174789784 
 09/08  10:00:00,3747519.9539142908 
 09/08  11:00:00,3000446.9990971484 
 09/08  12:00:00,2362511.009043168 
 09/08  13:00:00,1414859.8135059145 
 09/08  14:00:00,1175908.4768004834 
 09/08  15:00:00,787794.0737535238 
 09/08  16:00:00,552643.156022147 
 09/08  17:00:00,238097.57843605767 
 09/08  18:00:00,0.0 
 09/08  19:00:00,558930.4249553701 
 09/08  20:00:00,1400201.5198232927 
 09/08  21:00:00,2305766.5291233445 
 09/08  22:00:00,2853486.4790291796 
 09/08  23:00:00,3243790.7346381573 
 09/08  24:00:00,3862075.78102703 
 09/09  01:00:00,4197722.824002716 
 09/09  02:00:00,4266202.559109172 
 09/09  03:00:00,3935321.815748976 
 09/09  04:00:00,4459854.913624869 
 09/09  05:00:00,4883226.258781577 
 09/09  06:00:00,5049225.561967615 
 09/09  07:00:00,5135617.353163932 
 09/09  08:00:00,5254448.455009538 
 09/09  09:00:00,4268014.881579412 
 09/09  10:00:00,3189231.4320681086 
 09/09  11:00:00,2377895.3471388686 
 09/09  12:00:00,1893583.5865244328 
 09/09  13:00:00,983352.2976649677 
 09/09  14:00:00,807944.3555468192 
 09/09  15:00:00,608993.8415703292 
 09/09  16:00:00,310685.0912206632 
 09/09  17:00:00,0.0 
 09/09  18:00:00,0.0 
 09/09  19:00:00,645394.644478178 
 09/09  20:00:00,1476389.1800512546 
 09/09  21:00:00,2146311.7342656744 
 09/09  22:00:00,2726931.503667668 
 09/09  23:00:00,3475978.5443840744 
 09/09  24:00:00,4125853.557472514 
 09/10  01:00:00,4605773.437938165 
 09/10  02:00:00,5066124.851176172 
 09/10  03:00:00,4652679.147519889 
 09/10  04:00:00,4547885.539565163 
 09/10  05:00:00,4485396.127270248 
 09/10  06:00:00,4948389.569764592 
 09/10  07:00:00,5332982.314977511 
 09/10  08:00:00,5533481.143654718 
 09/10  09:00:00,4508353.355136626 
 09/10  10:00:00,3289414.394497161 
 09/10  11:00:00,2457981.832320035 
 09/10  12:00:00,2035311.2945129983 
 09/10  13:00:00,1354178.188812591 
 09/10  14:00:00,1266953.2825921527 
 09/10  15:00:00,947195.93971484 
 09/10  16:00:00,806946.0693022782 
 09/10  17:00:00,472653.19856959395 
 09/10  18:00:00,346805.0032539846 
 09/10  19:00:00,1408621.9598847756 
 09/10  20:00:00,1997567.759256286 
 09/10  21:00:00,2749667.577612349 
 09/10  22:00:00,3522776.9708847757 
 09/10  23:00:00,4263076.327534761 
 09/10  24:00:00,4887930.86006226 
 09/11  01:00:00,5298580.214995717 
 09/11  02:00:00,5580712.121146251 
 09/11  03:00:00,5446312.8938420685 
 09/11  04:00:00,5580268.502493239 
 09/11  05:00:00,5510873.413850939 
 09/11  06:00:00,5467618.483252965 
 09/11  07:00:00,5416919.353458244 
 09/11  08:00:00,5718724.441215177 
 09/11  09:00:00,5075024.076037105 
 09/11  10:00:00,4163320.117287542 
 09/11  11:00:00,3268734.782556609 
 09/11  12:00:00,2594154.1981293038 
 09/11  13:00:00,1845602.780372788 
 09/11  14:00:00,1934805.8596201255 
 09/11  15:00:00,1745866.3081033537 
 09/11  16:00:00,1591747.826486616 
 09/11  17:00:00,1303848.2700599052 
 09/11  18:00:00,885217.4074261792 
 09/11  19:00:00,1580830.0914946008 
 09/11  20:00:00,2043727.8486572644 
 09/11  21:00:00,2299916.7362443153 
 09/11  22:00:00,2532111.770398186 
 09/11  23:00:00,2802461.9632638996 
 09/11  24:00:00,3131667.7732678824 
 09/12  01:00:00,3528857.0873271767 
 09/12  02:00:00,3968847.960997928 
 09/12  03:00:00,3705553.6856375095 
 09/12  04:00:00,3796685.554355872 
 09/12  05:00:00,3696921.370965518 
 09/12  06:00:00,3620239.804571165 
 09/12  07:00:00,3590939.659932075 
 09/12  08:00:00,3943868.655210379 
 09/12  09:00:00,3397932.8117805826 
 09/12  10:00:00,2666721.4124354026 
 09/12  11:00:00,1847872.2682379535 
 09/12  12:00:00,1169320.1548274148 
 09/12  13:00:00,384803.99213606585 
 09/12  14:00:00,381177.1848287652 
 09/12  15:00:00,159255.0888275655 
 09/12  16:00:00,84764.1730513722 
 09/12  17:00:00,0.0 
 09/12  18:00:00,0.0 
 09/12  19:00:00,575862.8386885604 
 09/12  20:00:00,1615502.9089678372 
 09/12  21:00:00,2568171.18256245 
 09/12  22:00:00,3209327.9309886033 
 09/12  23:00:00,3650036.2630650625 
 09/12  24:00:00,3802402.688870495 
 09/13  01:00:00,3720629.489852721 
 09/13  02:00:00,3741771.3770849975 
 09/13  03:00:00,3316828.964284634 
 09/13  04:00:00,3475998.144098718 
 09/13  05:00:00,3515094.281481049 
 09/13  06:00:00,3450653.5074849706 
 09/13  07:00:00,3354051.2242960837 
 09/13  08:00:00,3194556.265606675 
 09/13  09:00:00,2881719.601356711 
 09/13  10:00:00,2422839.310199151 
 09/13  11:00:00,1564923.4420424665 
 09/13  12:00:00,742412.0193572716 
 09/13  13:00:00,325027.0214744727 
 09/13  14:00:00,25877.167069425923 
 09/13  15:00:00,0.0 
 09/13  16:00:00,0.0 
 09/13  17:00:00,0.0 
 09/13  18:00:00,80710.42978697224 
 09/13  19:00:00,119741.55157831701 
 09/13  20:00:00,993712.5921419539 
 09/13  21:00:00,1832513.3061160438 
 09/13  22:00:00,2007405.7003702978 
 09/13  23:00:00,2177923.4282935895 
 09/13  24:00:00,2574325.9178988053 
 09/14  01:00:00,2959220.3529763706 
 09/14  02:00:00,3192645.884869056 
 09/14  03:00:00,3390033.743520836 
 09/14  04:00:00,3518534.6641877843 
 09/14  05:00:00,3478978.0398959066 
 09/14  06:00:00,3352336.4284260958 
 09/14  07:00:00,3110389.39210012 
 09/14  08:00:00,2850948.1494728546 
 09/14  09:00:00,2433341.7725017304 
 09/14  10:00:00,1964965.958993889 
 09/14  11:00:00,1737173.305557747 
 09/14  12:00:00,1225715.4564592233 
 09/14  13:00:00,946961.0589060992 
 09/14  14:00:00,785764.266283776 
 09/14  15:00:00,538855.6614746049 
 09/14  16:00:00,489555.884998983 
 09/14  17:00:00,664250.2087553338 
 09/14  18:00:00,868581.5981204405 
 09/14  19:00:00,1218450.676262897 
 09/14  20:00:00,1756916.1240240894 
 09/14  21:00:00,2271748.902067825 
 09/14  22:00:00,2637336.544833702 
 09/14  23:00:00,2795588.4338522344 
 09/14  24:00:00,2929332.137311264 
 09/15  01:00:00,3108761.895861598 
 09/15  02:00:00,2834720.9875435573 
 09/15  03:00:00,2712862.9879080323 
 09/15  04:00:00,2767954.5495109963 
 09/15  05:00:00,2841751.9502583733 
 09/15  06:00:00,2870283.7258633487 
 09/15  07:00:00,2845425.9003663254 
 09/15  08:00:00,3354616.083281242 
 09/15  09:00:00,3080092.52299022 
 09/15  10:00:00,2536125.279085568 
 09/15  11:00:00,1999309.630077727 
 09/15  12:00:00,1526381.7753672858 
 09/15  13:00:00,808103.0270476921 
 09/15  14:00:00,685496.2037674596 
 09/15  15:00:00,294790.48492573714 
 09/15  16:00:00,126167.36414547413 
 09/15  17:00:00,0.0 
 09/15  18:00:00,0.0 
 09/15  19:00:00,458376.9843037226 
 09/15  20:00:00,1269561.9372550994 
 09/15  21:00:00,1972343.873752247 
 09/15  22:00:00,2559219.5829328946 
 09/15  23:00:00,3041974.641503506 
 09/15  24:00:00,3398160.743753858 
 09/16  01:00:00,3663139.381761258 
 09/16  02:00:00,3885879.7282567266 
 09/16  03:00:00,3336073.080160453 
 09/16  04:00:00,3154113.5961117363 
 09/16  05:00:00,3046891.083330766 
 09/16  06:00:00,3019162.9402472586 
 09/16  07:00:00,2890568.2658681674 
 09/16  08:00:00,3288979.6653923183 
 09/16  09:00:00,2950501.721744522 
 09/16  10:00:00,2457929.9946115427 
 09/16  11:00:00,1948437.355428176 
 09/16  12:00:00,1359635.4189266022 
 09/16  13:00:00,424863.8986053047 
 09/16  14:00:00,268858.77321002627 
 09/16  15:00:00,4541.501330715255 
 09/16  16:00:00,0.0 
 09/16  17:00:00,0.0 
 09/16  18:00:00,0.0 
 09/16  19:00:00,0.0 
 09/16  20:00:00,526932.6998892932 
 09/16  21:00:00,1107155.5208295642 
 09/16  22:00:00,1607629.992132699 
 09/16  23:00:00,1982555.8403883413 
 09/16  24:00:00,1976468.1375303029 
 09/17  01:00:00,1875353.312482117 
 09/17  02:00:00,1862946.3636287502 
 09/17  03:00:00,1413080.686996021 
 09/17  04:00:00,1474603.2444168003 
 09/17  05:00:00,1574735.0215137203 
 09/17  06:00:00,1627199.5669397004 
 09/17  07:00:00,1631921.4879878515 
 09/17  08:00:00,2221508.0525972196 
 09/17  09:00:00,2122411.9776578466 
 09/17  10:00:00,1799657.210813694 
 09/17  11:00:00,1530925.5359674012 
 09/17  12:00:00,1310357.9124021796 
 09/17  13:00:00,540679.6075622217 
 09/17  14:00:00,414518.493406786 
 09/17  15:00:00,140451.8803134466 
 09/17  16:00:00,3272.0358037237024 
 09/17  17:00:00,0.0 
 09/17  18:00:00,0.0 
 09/17  19:00:00,65797.31858642845 
 09/17  20:00:00,510665.7604671797 
 09/17  21:00:00,796786.6773189025 
 09/17  22:00:00,1059493.029211751 
 09/17  23:00:00,1287622.217187363 
 09/17  24:00:00,1462987.5238418195 
 09/18  01:00:00,1713492.4968717857 
 09/18  02:00:00,1867602.019325926 
 09/18  03:00:00,1346139.1098173526 
 09/18  04:00:00,1597027.0177455232 
 09/18  05:00:00,1772598.2583877165 
 09/18  06:00:00,1893876.182579751 
 09/18  07:00:00,1983097.1328160844 
 09/18  08:00:00,2580079.583910362 
 09/18  09:00:00,2450467.3598362035 
 09/18  10:00:00,1918460.1345671036 
 09/18  11:00:00,1073320.6127625776 
 09/18  12:00:00,449237.83316648554 
 09/18  13:00:00,0.0 
 09/18  14:00:00,0.0 
 09/18  15:00:00,0.0 
 09/18  16:00:00,0.0 
 09/18  17:00:00,0.0 
 09/18  18:00:00,0.0 
 09/18  19:00:00,0.0 
 09/18  20:00:00,0.0 
 09/18  21:00:00,0.0 
 09/18  22:00:00,26691.784278819978 
 09/18  23:00:00,433118.2396243806 
 09/18  24:00:00,786375.6086397778 
 09/19  01:00:00,978318.3975203421 
 09/19  02:00:00,998159.1304691939 
 09/19  03:00:00,655034.4279545497 
 09/19  04:00:00,961274.7731477503 
 09/19  05:00:00,1055907.0400749755 
 09/19  06:00:00,1102740.3668575718 
 09/19  07:00:00,1113822.6184210742 
 09/19  08:00:00,1686568.4067323753 
 09/19  09:00:00,1543142.6682394086 
 09/19  10:00:00,1215770.9030792415 
 09/19  11:00:00,967411.4908754956 
 09/19  12:00:00,739653.2950306312 
 09/19  13:00:00,32486.480198152276 
 09/19  14:00:00,0.0 
 09/19  15:00:00,0.0 
 09/19  16:00:00,0.0 
 09/19  17:00:00,0.0 
 09/19  18:00:00,0.0 
 09/19  19:00:00,341358.6096783242 
 09/19  20:00:00,836030.527745861 
 09/19  21:00:00,1281008.0814914769 
 09/19  22:00:00,1647865.7919735026 
 09/19  23:00:00,1777524.3204099974 
 09/19  24:00:00,1697149.07711642 
 09/20  01:00:00,1594613.2881074788 
 09/20  02:00:00,1641935.3701916786 
 09/20  03:00:00,1074174.3395109137 
 09/20  04:00:00,1096877.772787403 
 09/20  05:00:00,1091646.9840005252 
 09/20  06:00:00,1083936.90077394 
 09/20  07:00:00,1070120.956701952 
 09/20  08:00:00,1057494.793891556 
 09/20  09:00:00,975653.7929837359 
 09/20  10:00:00,820462.6259373727 
 09/20  11:00:00,773424.3146116738 
 09/20  12:00:00,696236.641182602 
 09/20  13:00:00,517237.1565366659 
 09/20  14:00:00,441786.0900481945 
 09/20  15:00:00,518820.81713815057 
 09/20  16:00:00,588893.4122969251 
 09/20  17:00:00,741089.8270984581 
 09/20  18:00:00,1217072.2934017964 
 09/20  19:00:00,1095710.7664942506 
 09/20  20:00:00,1648521.4585272437 
 09/20  21:00:00,2105565.9561113277 
 09/20  22:00:00,1869417.7587711755 
 09/20  23:00:00,1641798.569672396 
 09/20  24:00:00,1749284.0773060934 
 09/21  01:00:00,1867134.806638347 
 09/21  02:00:00,2031865.9360942855 
 09/21  03:00:00,2248763.1524009937 
 09/21  04:00:00,2675834.8413533103 
 09/21  05:00:00,3223068.575379732 
 09/21  06:00:00,3673743.711469334 
 09/21  07:00:00,3986015.0450456166 
 09/21  08:00:00,4139028.5206339974 
 09/21  09:00:00,4033586.427176933 
 09/21  10:00:00,3779597.5618652473 
 09/21  11:00:00,3367466.03811142 
 09/21  12:00:00,2595115.2660975535 
 09/21  13:00:00,2402080.930232234 
 09/21  14:00:00,2366045.8023937317 
 09/21  15:00:00,2221913.634536797 
 09/21  16:00:00,2052722.0970056322 
 09/21  17:00:00,1983062.5844108472 
 09/21  18:00:00,2150483.016176769 
 09/21  19:00:00,2675821.4340060325 
 09/21  20:00:00,3338539.5811847015 
 09/21  21:00:00,3819988.7432675585 
 09/21  22:00:00,4503774.503414635 
 09/21  23:00:00,5386798.651696552 
 09/21  24:00:00,5966339.453136654 
 09/22  01:00:00,6358819.621828309 
 09/22  02:00:00,6314735.117802816 
 09/22  03:00:00,6452064.65235357 
 09/22  04:00:00,6763371.948566071 
 09/22  05:00:00,6872271.326388726 
 09/22  06:00:00,6917880.627100413 
 09/22  07:00:00,7208897.067650342 
 09/22  08:00:00,7847456.936878186 
 09/22  09:00:00,7163425.533621567 
 09/22  10:00:00,5956336.627939794 
 09/22  11:00:00,4590762.433940116 
 09/22  12:00:00,3552787.8739004605 
 09/22  13:00:00,2546587.448003659 
 09/22  14:00:00,2256339.7940647895 
 09/22  15:00:00,1974106.0357686323 
 09/22  16:00:00,1897599.7004378424 
 09/22  17:00:00,1545458.9291236193 
 09/22  18:00:00,1272134.5545727357 
 09/22  19:00:00,2701265.7427566703 
 09/22  20:00:00,4101344.622732563 
 09/22  21:00:00,4856482.948824308 
 09/22  22:00:00,5267775.942885149 
 09/22  23:00:00,5912590.242713392 
 09/22  24:00:00,6369251.821354298 
 09/23  01:00:00,6584846.62195517 
 09/23  02:00:00,6938193.268474754 
 09/23  03:00:00,6767576.722561707 
 09/23  04:00:00,7263197.13609845 
 09/23  05:00:00,7323397.40056553 
 09/23  06:00:00,7139288.990987187 
 09/23  07:00:00,7101723.706408553 
 09/23  08:00:00,7352974.9118066775 
 09/23  09:00:00,6480925.710674203 
 09/23  10:00:00,5300983.088707345 
 09/23  11:00:00,4073441.523092049 
 09/23  12:00:00,3043551.353584537 
 09/23  13:00:00,2025642.7718021187 
 09/23  14:00:00,1912325.8829572473 
 09/23  15:00:00,1672519.6837172592 
 09/23  16:00:00,1576305.868678599 
 09/23  17:00:00,1382171.0478606313 
 09/23  18:00:00,1248955.2936519915 
 09/23  19:00:00,2254518.9281192166 
 09/23  20:00:00,2822638.777653945 
 09/23  21:00:00,3224663.789408915 
 09/23  22:00:00,3539405.6867885054 
 09/23  23:00:00,3774607.9856854924 
 09/23  24:00:00,3994769.2306208806 
 09/24  01:00:00,4167916.5218622144 
 09/24  02:00:00,4177460.2384198206 
 09/24  03:00:00,3541068.1251390204 
 09/24  04:00:00,3558159.8800400198 
 09/24  05:00:00,3650114.978553972 
 09/24  06:00:00,3779957.5578920776 
 09/24  07:00:00,4011115.263003883 
 09/24  08:00:00,4747842.373844404 
 09/24  09:00:00,4444448.99250098 
 09/24  10:00:00,3892940.3472331613 
 09/24  11:00:00,3575018.102427117 
 09/24  12:00:00,3359773.6439510705 
 09/24  13:00:00,2602154.746747357 
 09/24  14:00:00,2567842.010791391 
 09/24  15:00:00,2302706.331415266 
 09/24  16:00:00,2127790.5808562282 
 09/24  17:00:00,1913965.3104870145 
 09/24  18:00:00,1925590.569221824 
 09/24  19:00:00,3121125.9352817833 
 09/24  20:00:00,3829291.623123535 
 09/24  21:00:00,4454152.669897509 
 09/24  22:00:00,5053105.078247023 
 09/24  23:00:00,5517186.077853874 
 09/24  24:00:00,5908822.844534144 
 09/25  01:00:00,6422987.646704724 
 09/25  02:00:00,6778914.858244093 
 09/25  03:00:00,6658323.546086323 
 09/25  04:00:00,6904974.184419107 
 09/25  05:00:00,6852989.248914886 
 09/25  06:00:00,7025762.750266558 
 09/25  07:00:00,7339042.179527365 
 09/25  08:00:00,7734543.591948902 
 09/25  09:00:00,6835341.312824235 
 09/25  10:00:00,5524168.4917351315 
 09/25  11:00:00,4290749.76497067 
 09/25  12:00:00,3276492.4253954445 
 09/25  13:00:00,1980495.8491353043 
 09/25  14:00:00,1678520.5752015808 
 09/25  15:00:00,1456619.0832939541 
 09/25  16:00:00,1271342.4685071884 
 09/25  17:00:00,949462.5736480464 
 09/25  18:00:00,688649.6704748693 
 09/25  19:00:00,1476296.7186059963 
 09/25  20:00:00,1738780.2232319668 
 09/25  21:00:00,1925587.015363519 
 09/25  22:00:00,2099752.4614200084 
 09/25  23:00:00,2162634.2146192132 
 09/25  24:00:00,2198100.5764724477 
 09/26  01:00:00,2320611.928093983 
 09/26  02:00:00,2451204.6665245467 
 09/26  03:00:00,1944988.9214757453 
 09/26  04:00:00,2018072.1497962994 
 09/26  05:00:00,1967883.8582657527 
 09/26  06:00:00,1835201.3724181002 
 09/26  07:00:00,1764024.6202945134 
 09/26  08:00:00,2324839.830349914 
 09/26  09:00:00,2105221.780456572 
 09/26  10:00:00,1717793.0321258013 
 09/26  11:00:00,1335683.738892601 
 09/26  12:00:00,1184712.2822764039 
 09/26  13:00:00,690027.1740987177 
 09/26  14:00:00,618954.5419915705 
 09/26  15:00:00,431350.1017277021 
 09/26  16:00:00,443300.6008993952 
 09/26  17:00:00,116773.14640967088 
 09/26  18:00:00,0.0 
 09/26  19:00:00,807985.6812861995 
 09/26  20:00:00,1232784.358714593 
 09/26  21:00:00,1716491.96527073 
 09/26  22:00:00,2192970.8916373616 
 09/26  23:00:00,2299510.389934454 
 09/26  24:00:00,2310222.6055076234 
 09/27  01:00:00,2402868.4971354944 
 09/27  02:00:00,2500895.428363561 
 09/27  03:00:00,2448077.910666183 
 09/27  04:00:00,2913144.516810841 
 09/27  05:00:00,3322531.5437170155 
 09/27  06:00:00,3545712.138529823 
 09/27  07:00:00,3555887.4472957794 
 09/27  08:00:00,3331873.751319306 
 09/27  09:00:00,2919988.3193378886 
 09/27  10:00:00,2414243.232819867 
 09/27  11:00:00,1815148.4905762924 
 09/27  12:00:00,1134715.5755354639 
 09/27  13:00:00,481028.5405959331 
 09/27  14:00:00,47767.36607419734 
 09/27  15:00:00,0.0 
 09/27  16:00:00,0.0 
 09/27  17:00:00,0.0 
 09/27  18:00:00,51313.43790921164 
 09/27  19:00:00,109711.35629281201 
 09/27  20:00:00,712652.0633500841 
 09/27  21:00:00,1178735.615723312 
 09/27  22:00:00,1110190.06354596 
 09/27  23:00:00,1123697.4159463753 
 09/27  24:00:00,1430129.9051757276 
 09/28  01:00:00,1674615.069007018 
 09/28  02:00:00,1858617.464726399 
 09/28  03:00:00,2125354.3163713193 
 09/28  04:00:00,2487335.022348226 
 09/28  05:00:00,2606150.233282614 
 09/28  06:00:00,2481243.416422588 
 09/28  07:00:00,2537702.0766330413 
 09/28  08:00:00,2580635.7256294563 
 09/28  09:00:00,2199915.284910282 
 09/28  10:00:00,1624268.8451869155 
 09/28  11:00:00,1103110.9778065956 
 09/28  12:00:00,201105.49913583964 
 09/28  13:00:00,0.0 
 09/28  14:00:00,0.0 
 09/28  15:00:00,0.0 
 09/28  16:00:00,0.0 
 09/28  17:00:00,0.0 
 09/28  18:00:00,0.0 
 09/28  19:00:00,0.0 
 09/28  20:00:00,11049.829023997156 
 09/28  21:00:00,671914.2187998514 
 09/28  22:00:00,1439592.929225864 
 09/28  23:00:00,1806442.8603462218 
 09/28  24:00:00,2141488.922477802 
 09/29  01:00:00,2452299.2289731447 
 09/29  02:00:00,2078717.4577578998 
 09/29  03:00:00,2047340.278788661 
 09/29  04:00:00,2403239.701543774 
 09/29  05:00:00,2893964.8281661267 
 09/29  06:00:00,3126781.871437658 
 09/29  07:00:00,3087833.5024308623 
 09/29  08:00:00,3641307.932572107 
 09/29  09:00:00,3471355.1731159016 
 09/29  10:00:00,3076039.4267784236 
 09/29  11:00:00,2326183.7501837094 
 09/29  12:00:00,1735469.4806072812 
 09/29  13:00:00,1196143.9120787955 
 09/29  14:00:00,1311950.0586781302 
 09/29  15:00:00,1154177.129035809 
 09/29  16:00:00,1049387.4382364193 
 09/29  17:00:00,799458.1218704646 
 09/29  18:00:00,577901.7861548325 
 09/29  19:00:00,1499040.0348618117 
 09/29  20:00:00,1970188.797509122 
 09/29  21:00:00,2423583.539273195 
 09/29  22:00:00,2870509.7685952554 
 09/29  23:00:00,2840183.0236738143 
 09/29  24:00:00,2849186.387057691 
 09/30  01:00:00,3046178.9213756295 
 09/30  02:00:00,3160509.8885992137 
 09/30  03:00:00,2698176.000824652 
 09/30  04:00:00,2919212.279750927 
 09/30  05:00:00,3048463.6929278146 
 09/30  06:00:00,2871133.335445185 
 09/30  07:00:00,2633531.129344139 
 09/30  08:00:00,3200190.0498896125 
 09/30  09:00:00,2977951.2890047324 
 09/30  10:00:00,2420012.37930366 
 09/30  11:00:00,2019303.0691096154 
 09/30  12:00:00,1714508.376993941 
 09/30  13:00:00,909701.3110607158 
 09/30  14:00:00,750698.2475384227 
 09/30  15:00:00,359340.0281376657 
 09/30  16:00:00,109065.00524793664 
 09/30  17:00:00,0.0 
 09/30  18:00:00,0.0 
 09/30  19:00:00,910700.6806197853 
 09/30  20:00:00,1623442.0302998538 
 09/30  21:00:00,2220486.2425325997 
 09/30  22:00:00,2632530.92019385 
 09/30  23:00:00,2905694.0519910026 
 09/30  24:00:00,2978952.501011701 
 10/01  01:00:00,2728206.9908584603 
 10/01  02:00:00,2281509.180699908 
 10/01  03:00:00,1505191.863070097 
 10/01  04:00:00,1389092.4205195291 
 10/01  05:00:00,1375994.2508540633 
 10/01  06:00:00,1342272.5712711117 
 10/01  07:00:00,1399026.7725299993 
 10/01  08:00:00,2139008.209824845 
 10/01  09:00:00,2046800.8529420663 
 10/01  10:00:00,1893424.2083304937 
 10/01  11:00:00,1807579.3452275489 
 10/01  12:00:00,1582882.1684758514 
 10/01  13:00:00,922546.826736362 
 10/01  14:00:00,862890.3827299123 
 10/01  15:00:00,573629.38523653 
 10/01  16:00:00,475440.2970141062 
 10/01  17:00:00,205357.0454366658 
 10/01  18:00:00,16651.544887225464 
 10/01  19:00:00,870219.1671741959 
 10/01  20:00:00,1202051.3298033278 
 10/01  21:00:00,1539083.1469970564 
 10/01  22:00:00,1822774.273215784 
 10/01  23:00:00,1963630.9637953173 
 10/01  24:00:00,2112686.109470546 
 10/02  01:00:00,2256759.7929820353 
 10/02  02:00:00,2258355.5714280154 
 10/02  03:00:00,1869759.4561017568 
 10/02  04:00:00,1995341.0063316126 
 10/02  05:00:00,2224030.781376581 
 10/02  06:00:00,2369736.700565431 
 10/02  07:00:00,2549602.170347417 
 10/02  08:00:00,3374596.7064241413 
 10/02  09:00:00,3341508.06223962 
 10/02  10:00:00,2937611.249003357 
 10/02  11:00:00,2626312.155205192 
 10/02  12:00:00,2329142.2249875595 
 10/02  13:00:00,1522189.5933713948 
 10/02  14:00:00,1412327.4324246268 
 10/02  15:00:00,1013797.5452038452 
 10/02  16:00:00,771812.4565748471 
 10/02  17:00:00,534463.4957148933 
 10/02  18:00:00,374895.66889045236 
 10/02  19:00:00,1327271.4129701038 
 10/02  20:00:00,1922875.6826072647 
 10/02  21:00:00,2527106.6911420543 
 10/02  22:00:00,3038635.3898015944 
 10/02  23:00:00,3501987.165860232 
 10/02  24:00:00,3891730.7938508578 
 10/03  01:00:00,4099840.266746974 
 10/03  02:00:00,4147858.9680039193 
 10/03  03:00:00,3480813.4841152346 
 10/03  04:00:00,3462060.283328921 
 10/03  05:00:00,3416423.549520349 
 10/03  06:00:00,3387327.874165193 
 10/03  07:00:00,3424170.4501382234 
 10/03  08:00:00,3926194.581712689 
 10/03  09:00:00,3518867.616617033 
 10/03  10:00:00,2719154.4348724345 
 10/03  11:00:00,1956410.168825422 
 10/03  12:00:00,1409357.1609475669 
 10/03  13:00:00,628134.6649911947 
 10/03  14:00:00,631381.4398836992 
 10/03  15:00:00,495281.1404247856 
 10/03  16:00:00,372281.7329870776 
 10/03  17:00:00,182116.46931980722 
 10/03  18:00:00,156449.27884482822 
 10/03  19:00:00,1303346.011281024 
 10/03  20:00:00,2130863.2380018914 
 10/03  21:00:00,2514342.178235976 
 10/03  22:00:00,2571989.285434125 
 10/03  23:00:00,2558593.3652359713 
 10/03  24:00:00,2519104.272965424 
 10/04  01:00:00,2515577.9709695107 
 10/04  02:00:00,2461706.3154321024 
 10/04  03:00:00,1743470.144721366 
 10/04  04:00:00,1654156.2663440907 
 10/04  05:00:00,1634051.5710825922 
 10/04  06:00:00,1561243.9620784502 
 10/04  07:00:00,1597653.244447332 
 10/04  08:00:00,1593508.157232966 
 10/04  09:00:00,1552558.5563181143 
 10/04  10:00:00,1582749.2145417056 
 10/04  11:00:00,1822302.55674359 
 10/04  12:00:00,2582471.095162311 
 10/04  13:00:00,3325590.5075691803 
 10/04  14:00:00,3669143.8611631803 
 10/04  15:00:00,3768765.2662765165 
 10/04  16:00:00,3929706.1824754225 
 10/04  17:00:00,4108840.5903309137 
 10/04  18:00:00,3890700.525302854 
 10/04  19:00:00,4571928.981466962 
 10/04  20:00:00,5429221.643539291 
 10/04  21:00:00,5991803.520843654 
 10/04  22:00:00,6443173.217586381 
 10/04  23:00:00,6866499.60834625 
 10/04  24:00:00,7248622.860267753 
 10/05  01:00:00,7598027.051159793 
 10/05  02:00:00,8077939.2718361 
 10/05  03:00:00,8672789.248049865 
 10/05  04:00:00,9093938.057082996 
 10/05  05:00:00,9346599.860520683 
 10/05  06:00:00,9458895.664523475 
 10/05  07:00:00,9309565.672747718 
 10/05  08:00:00,9175957.386388991 
 10/05  09:00:00,8475231.786782451 
 10/05  10:00:00,7086299.639911925 
 10/05  11:00:00,5731552.580362475 
 10/05  12:00:00,4559108.143649857 
 10/05  13:00:00,3961414.5667812214 
 10/05  14:00:00,3557542.4791658274 
 10/05  15:00:00,3330859.29761033 
 10/05  16:00:00,3232858.133422173 
 10/05  17:00:00,3288797.2516359934 
 10/05  18:00:00,3672603.0737864794 
 10/05  19:00:00,4286847.889129877 
 10/05  20:00:00,5089459.581841741 
 10/05  21:00:00,5630745.321020255 
 10/05  22:00:00,5871645.3386283545 
 10/05  23:00:00,6267453.386617038 
 10/05  24:00:00,6529565.879099995 
 10/06  01:00:00,6603500.66370929 
 10/06  02:00:00,6106269.871947901 
 10/06  03:00:00,5662217.443520541 
 10/06  04:00:00,5324320.026433542 
 10/06  05:00:00,4830443.368141895 
 10/06  06:00:00,4427735.01977364 
 10/06  07:00:00,4222218.476710049 
 10/06  08:00:00,4763638.893155431 
 10/06  09:00:00,4694342.686617827 
 10/06  10:00:00,4491213.768957685 
 10/06  11:00:00,4438829.9514187835 
 10/06  12:00:00,4564205.227075177 
 10/06  13:00:00,4334123.362654384 
 10/06  14:00:00,4697487.324155315 
 10/06  15:00:00,4667397.631966546 
 10/06  16:00:00,4563928.619578885 
 10/06  17:00:00,4231575.848423052 
 10/06  18:00:00,3739859.8451975547 
 10/06  19:00:00,4160271.754764678 
 10/06  20:00:00,4351342.983677019 
 10/06  21:00:00,4795833.580555339 
 10/06  22:00:00,5350513.694308982 
 10/06  23:00:00,5848139.071991196 
 10/06  24:00:00,6233758.527535879 
 10/07  01:00:00,6516690.942232179 
 10/07  02:00:00,6663072.051387352 
 10/07  03:00:00,5975873.057375183 
 10/07  04:00:00,5683793.049127771 
 10/07  05:00:00,5509953.174308807 
 10/07  06:00:00,5506074.3107032925 
 10/07  07:00:00,5815059.62641409 
 10/07  08:00:00,6857342.460883129 
 10/07  09:00:00,6895336.674600608 
 10/07  10:00:00,6427809.260890645 
 10/07  11:00:00,5913460.651742298 
 10/07  12:00:00,5371566.072442511 
 10/07  13:00:00,4475287.245270984 
 10/07  14:00:00,4299951.654885103 
 10/07  15:00:00,4089917.2003184506 
 10/07  16:00:00,4212617.194861464 
 10/07  17:00:00,4115681.7361595845 
 10/07  18:00:00,4254387.508771599 
 10/07  19:00:00,5603679.947093096 
 10/07  20:00:00,6239490.527842758 
 10/07  21:00:00,6665689.858936417 
 10/07  22:00:00,6982651.8734814525 
 10/07  23:00:00,7213438.47506291 
 10/07  24:00:00,7299986.830332575 
 10/08  01:00:00,7191186.571890791 
 10/08  02:00:00,6796395.212742377 
 10/08  03:00:00,6034198.045287319 
 10/08  04:00:00,5933596.784785618 
 10/08  05:00:00,5770974.446855331 
 10/08  06:00:00,5479022.596533203 
 10/08  07:00:00,5016175.237121237 
 10/08  08:00:00,5115917.082156324 
 10/08  09:00:00,4648118.206188122 
 10/08  10:00:00,4161461.4771034867 
 10/08  11:00:00,3765164.7189889853 
 10/08  12:00:00,3348162.3788482356 
 10/08  13:00:00,2884211.154977046 
 10/08  14:00:00,3216794.018359093 
 10/08  15:00:00,2821040.8035316844 
 10/08  16:00:00,2508284.405371116 
 10/08  17:00:00,2588486.874331556 
 10/08  18:00:00,2753743.9821900167 
 10/08  19:00:00,3788936.5579087166 
 10/08  20:00:00,4270316.190201007 
 10/08  21:00:00,4499970.575555343 
 10/08  22:00:00,4672729.984606072 
 10/08  23:00:00,4802097.04865116 
 10/08  24:00:00,4910056.601071685 
 10/09  01:00:00,5056586.186482964 
 10/09  02:00:00,5082857.273961242 
 10/09  03:00:00,4403370.888188913 
 10/09  04:00:00,4372036.681605026 
 10/09  05:00:00,4311531.5225302745 
 10/09  06:00:00,4250567.78236878 
 10/09  07:00:00,4138417.219788125 
 10/09  08:00:00,4609794.821936509 
 10/09  09:00:00,4258949.299566696 
 10/09  10:00:00,3658145.4170246976 
 10/09  11:00:00,3178517.848204035 
 10/09  12:00:00,2985608.459739284 
 10/09  13:00:00,2651099.988144997 
 10/09  14:00:00,2983008.823471466 
 10/09  15:00:00,3276521.8138484964 
 10/09  16:00:00,3557613.768869409 
 10/09  17:00:00,3465792.320035068 
 10/09  18:00:00,3148783.3952061683 
 10/09  19:00:00,3764417.7101270915 
 10/09  20:00:00,3960030.4821961136 
 10/09  21:00:00,4036498.2356819864 
 10/09  22:00:00,4167168.5586950965 
 10/09  23:00:00,4404055.169261774 
 10/09  24:00:00,4719919.564272002 
 10/10  01:00:00,5028305.469612574 
 10/10  02:00:00,5363445.492114343 
 10/10  03:00:00,5118526.7855872335 
 10/10  04:00:00,5428222.027432674 
 10/10  05:00:00,5723563.67132208 
 10/10  06:00:00,6016865.153365818 
 10/10  07:00:00,6187094.9909181055 
 10/10  08:00:00,6746595.890855287 
 10/10  09:00:00,6141560.107040368 
 10/10  10:00:00,5023941.767263709 
 10/10  11:00:00,4068715.905042109 
 10/10  12:00:00,3404817.1458326234 
 10/10  13:00:00,2633887.89186415 
 10/10  14:00:00,2922763.1735936007 
 10/10  15:00:00,3005645.8817644482 
 10/10  16:00:00,2905567.2797835325 
 10/10  17:00:00,2715112.579319954 
 10/10  18:00:00,2414528.8014419186 
 10/10  19:00:00,3185801.821198354 
 10/10  20:00:00,3635921.899301692 
 10/10  21:00:00,3825702.951638677 
 10/10  22:00:00,3981556.158700951 
 10/10  23:00:00,4382450.171198982 
 10/10  24:00:00,4888261.836569715 
 10/11  01:00:00,5266706.923061524 
 10/11  02:00:00,5455985.805595666 
 10/11  03:00:00,4912811.539118331 
 10/11  04:00:00,4953831.941689526 
 10/11  05:00:00,4972988.506459775 
 10/11  06:00:00,4884705.477161679 
 10/11  07:00:00,4824197.812532687 
 10/11  08:00:00,4973785.429938803 
 10/11  09:00:00,4906174.038835449 
 10/11  10:00:00,4373031.415724383 
 10/11  11:00:00,3818568.288807826 
 10/11  12:00:00,3357442.435918184 
 10/11  13:00:00,3012703.544967554 
 10/11  14:00:00,2726300.744024164 
 10/11  15:00:00,2408298.5582054877 
 10/11  16:00:00,2380997.9179161415 
 10/11  17:00:00,2758506.777449561 
 10/11  18:00:00,2895296.90381032 
 10/11  19:00:00,3627045.4916588343 
 10/11  20:00:00,4398371.369243333 
 10/11  21:00:00,4961998.272078159 
 10/11  22:00:00,5334231.880063942 
 10/11  23:00:00,5623137.21328425 
 10/11  24:00:00,5926458.490390243 
 10/12  01:00:00,6460817.173199719 
 10/12  02:00:00,7290000.7536131125 
 10/12  03:00:00,7604667.505373254 
 10/12  04:00:00,7354908.853038803 
 10/12  05:00:00,7059641.50461887 
 10/12  06:00:00,7074268.658908781 
 10/12  07:00:00,7260188.606596158 
 10/12  08:00:00,7177628.949868232 
 10/12  09:00:00,6777566.399739731 
 10/12  10:00:00,6345123.708620026 
 10/12  11:00:00,6030717.682616283 
 10/12  12:00:00,5328235.478557684 
 10/12  13:00:00,4648397.148682079 
 10/12  14:00:00,4109535.2951617055 
 10/12  15:00:00,3823939.6983482563 
 10/12  16:00:00,3752500.283346942 
 10/12  17:00:00,3826450.1678940835 
 10/12  18:00:00,4055601.4485554174 
 10/12  19:00:00,4318248.061692224 
 10/12  20:00:00,4514859.437723908 
 10/12  21:00:00,4607379.848696946 
 10/12  22:00:00,4635936.803119389 
 10/12  23:00:00,4643700.292775489 
 10/12  24:00:00,4698781.391658598 
 10/13  01:00:00,4652093.979084672 
 10/13  02:00:00,4105527.963771895 
 10/13  03:00:00,3892621.062627805 
 10/13  04:00:00,3959779.190076446 
 10/13  05:00:00,4052593.3457397604 
 10/13  06:00:00,4123006.692820676 
 10/13  07:00:00,4151613.3553274875 
 10/13  08:00:00,4718659.174250675 
 10/13  09:00:00,4573531.035434959 
 10/13  10:00:00,4230120.909893982 
 10/13  11:00:00,4080580.553902929 
 10/13  12:00:00,3985544.777965241 
 10/13  13:00:00,3452576.264766537 
 10/13  14:00:00,3633072.840716153 
 10/13  15:00:00,3578042.0509928335 
 10/13  16:00:00,3624820.2546687564 
 10/13  17:00:00,3473673.3106289934 
 10/13  18:00:00,3152484.9208981786 
 10/13  19:00:00,3832672.3342937264 
 10/13  20:00:00,4107718.935950194 
 10/13  21:00:00,4265543.604212374 
 10/13  22:00:00,4351248.686988301 
 10/13  23:00:00,4267888.902838749 
 10/13  24:00:00,4204026.872699801 
 10/14  01:00:00,4255502.418519667 
 10/14  02:00:00,4285860.10225507 
 10/14  03:00:00,3678477.9676906727 
 10/14  04:00:00,3660053.202466794 
 10/14  05:00:00,3659468.1665045195 
 10/14  06:00:00,3637734.1271859924 
 10/14  07:00:00,3569872.123320506 
 10/14  08:00:00,4156296.985732089 
 10/14  09:00:00,4130215.2400269276 
 10/14  10:00:00,3998883.840433154 
 10/14  11:00:00,4018723.2827470144 
 10/14  12:00:00,4099547.6467925473 
 10/14  13:00:00,3648430.9059695494 
 10/14  14:00:00,3811553.9520273563 
 10/14  15:00:00,3685861.2910363716 
 10/14  16:00:00,3607215.0251179785 
 10/14  17:00:00,3441620.9825137635 
 10/14  18:00:00,3334919.603749553 
 10/14  19:00:00,3921399.819450379 
 10/14  20:00:00,3904053.373502259 
 10/14  21:00:00,4080823.484387626 
 10/14  22:00:00,4330795.93049233 
 10/14  23:00:00,4588289.259464481 
 10/14  24:00:00,4679503.68729835 
 10/15  01:00:00,4615831.51588803 
 10/15  02:00:00,4477455.145003079 
 10/15  03:00:00,4098859.5826388747 
 10/15  04:00:00,4327765.927407501 
 10/15  05:00:00,4365257.039386693 
 10/15  06:00:00,4209956.556087614 
 10/15  07:00:00,4145472.6560226195 
 10/15  08:00:00,4807292.812781712 
 10/15  09:00:00,4787137.874852934 
 10/15  10:00:00,4568471.200767301 
 10/15  11:00:00,4349038.164826715 
 10/15  12:00:00,4156910.1895601745 
 10/15  13:00:00,3524215.8879090156 
 10/15  14:00:00,3499818.9129170463 
 10/15  15:00:00,3276436.016904928 
 10/15  16:00:00,3231815.142367233 
 10/15  17:00:00,3360437.164290582 
 10/15  18:00:00,3447905.507604303 
 10/15  19:00:00,3450237.197573188 
 10/15  20:00:00,3465315.686980807 
 10/15  21:00:00,3438771.8398567997 
 10/15  22:00:00,2877226.0317308763 
 10/15  23:00:00,2790824.555552869 
 10/15  24:00:00,2852412.4659332973 
 10/16  01:00:00,2874636.890034358 
 10/16  02:00:00,2942293.5154292407 
 10/16  03:00:00,3192042.311207313 
 10/16  04:00:00,3516931.917538331 
 10/16  05:00:00,3856848.425014735 
 10/16  06:00:00,4232333.610905629 
 10/16  07:00:00,4567570.060146177 
 10/16  08:00:00,5247850.504480213 
 10/16  09:00:00,4715230.283289131 
 10/16  10:00:00,3741788.5958039397 
 10/16  11:00:00,3218746.4422783162 
 10/16  12:00:00,2926774.8098521256 
 10/16  13:00:00,2070794.3654707961 
 10/16  14:00:00,1985797.319191589 
 10/16  15:00:00,1805859.5420090412 
 10/16  16:00:00,1781049.6334529165 
 10/16  17:00:00,1591250.7494201188 
 10/16  18:00:00,1464547.3281996264 
 10/16  19:00:00,2253549.754440446 
 10/16  20:00:00,2400524.8326115278 
 10/16  21:00:00,2487662.3410038846 
 10/16  22:00:00,2539745.1753759985 
 10/16  23:00:00,2594720.681633961 
 10/16  24:00:00,2675365.319626803 
 10/17  01:00:00,2937264.836890962 
 10/17  02:00:00,3226835.6713449643 
 10/17  03:00:00,2943528.0806532884 
 10/17  04:00:00,3149975.824188802 
 10/17  05:00:00,3348533.583633559 
 10/17  06:00:00,3400862.2790648346 
 10/17  07:00:00,3458841.1871928587 
 10/17  08:00:00,4132271.042932854 
 10/17  09:00:00,3863286.2412966047 
 10/17  10:00:00,3026845.4525633752 
 10/17  11:00:00,2444681.918973817 
 10/17  12:00:00,2039911.0085524353 
 10/17  13:00:00,1132517.9881917445 
 10/17  14:00:00,1172778.477284337 
 10/17  15:00:00,1145511.4318994726 
 10/17  16:00:00,1218671.6280857006 
 10/17  17:00:00,1185275.7027458705 
 10/17  18:00:00,941354.362954491 
 10/17  19:00:00,1637239.5696827369 
 10/17  20:00:00,1863887.0060406148 
 10/17  21:00:00,1849893.8046180485 
 10/17  22:00:00,1833168.1651914068 
 10/17  23:00:00,1900246.4494502128 
 10/17  24:00:00,1923580.6648666454 
 10/18  01:00:00,1859278.9337628197 
 10/18  02:00:00,1865002.626751874 
 10/18  03:00:00,1183533.3250457044 
 10/18  04:00:00,1119270.2479472368 
 10/18  05:00:00,1257767.1831150088 
 10/18  06:00:00,1115730.5178349316 
 10/18  07:00:00,826993.7646987071 
 10/18  08:00:00,748069.3303669286 
 10/18  09:00:00,725880.8892857307 
 10/18  10:00:00,547099.9389729864 
 10/18  11:00:00,275401.69464730716 
 10/18  12:00:00,172492.6432287386 
 10/18  13:00:00,101270.66899424972 
 10/18  14:00:00,34985.33316725152 
 10/18  15:00:00,78516.93063868006 
 10/18  16:00:00,292125.77210122836 
 10/18  17:00:00,663933.2770298322 
 10/18  18:00:00,459749.40314276185 
 10/18  19:00:00,533617.9644413722 
 10/18  20:00:00,752870.4911132039 
 10/18  21:00:00,1044171.5564238345 
 10/18  22:00:00,1172942.6222096244 
 10/18  23:00:00,1041013.5495990667 
 10/18  24:00:00,1012481.2208319876 
 10/19  01:00:00,987815.5082947981 
 10/19  02:00:00,859008.1547746232 
 10/19  03:00:00,846418.6005857097 
 10/19  04:00:00,960155.8953900274 
 10/19  05:00:00,1028829.8680196052 
 10/19  06:00:00,1031074.316005969 
 10/19  07:00:00,1153360.5596978627 
 10/19  08:00:00,1397709.7607434397 
 10/19  09:00:00,1503285.140177553 
 10/19  10:00:00,1592579.560632298 
 10/19  11:00:00,2052056.2252138047 
 10/19  12:00:00,2004716.404179937 
 10/19  13:00:00,1686564.8118146807 
 10/19  14:00:00,1499880.3949530856 
 10/19  15:00:00,1423480.1332275574 
 10/19  16:00:00,1406552.1909737058 
 10/19  17:00:00,1588110.3864729698 
 10/19  18:00:00,2021304.1250285935 
 10/19  19:00:00,2564584.934655969 
 10/19  20:00:00,2937165.5317909955 
 10/19  21:00:00,3193638.8426261772 
 10/19  22:00:00,3456951.813483311 
 10/19  23:00:00,3562743.0994643182 
 10/19  24:00:00,3677447.558843008 
 10/20  01:00:00,3782394.700789405 
 10/20  02:00:00,3448005.402246846 
 10/20  03:00:00,3480875.0069144876 
 10/20  04:00:00,3670353.2348722173 
 10/20  05:00:00,3752468.546998019 
 10/20  06:00:00,3825235.422167432 
 10/20  07:00:00,3952820.037073472 
 10/20  08:00:00,4802444.200541923 
 10/20  09:00:00,4817313.838198797 
 10/20  10:00:00,4318746.353591222 
 10/20  11:00:00,3719831.0382422293 
 10/20  12:00:00,3328062.171866439 
 10/20  13:00:00,2708999.362493027 
 10/20  14:00:00,2907151.564717656 
 10/20  15:00:00,2961264.7257925724 
 10/20  16:00:00,3071351.1476896936 
 10/20  17:00:00,3039561.4558535987 
 10/20  18:00:00,2856369.8161120913 
 10/20  19:00:00,3543418.8170851106 
 10/20  20:00:00,3626197.355545291 
 10/20  21:00:00,3579470.235897406 
 10/20  22:00:00,3650857.751123891 
 10/20  23:00:00,3871106.5053357226 
 10/20  24:00:00,4160093.0327185392 
 10/21  01:00:00,4247806.482314419 
 10/21  02:00:00,4050139.1876237323 
 10/21  03:00:00,3287972.082323784 
 10/21  04:00:00,3189585.626334801 
 10/21  05:00:00,3087656.8722750237 
 10/21  06:00:00,3073274.5290807635 
 10/21  07:00:00,2864771.8018407947 
 10/21  08:00:00,3364306.61415538 
 10/21  09:00:00,3641838.089682007 
 10/21  10:00:00,3933646.5873562293 
 10/21  11:00:00,4294950.144776102 
 10/21  12:00:00,4625004.528383271 
 10/21  13:00:00,4343447.947947163 
 10/21  14:00:00,4553020.712731891 
 10/21  15:00:00,4540269.676008703 
 10/21  16:00:00,4842872.890338718 
 10/21  17:00:00,5038270.321797633 
 10/21  18:00:00,5036600.568178538 
 10/21  19:00:00,5924820.094368939 
 10/21  20:00:00,6263008.829542259 
 10/21  21:00:00,6659031.2662787065 
 10/21  22:00:00,7064527.715195631 
 10/21  23:00:00,7292839.4400631925 
 10/21  24:00:00,7519418.246096083 
 10/22  01:00:00,7739073.945989935 
 10/22  02:00:00,7931182.381139763 
 10/22  03:00:00,7386594.286340342 
 10/22  04:00:00,7320056.0403396115 
 10/22  05:00:00,7328108.395325546 
 10/22  06:00:00,7391629.0602378445 
 10/22  07:00:00,7468701.3257765565 
 10/22  08:00:00,8124651.020807058 
 10/22  09:00:00,7932738.041105243 
 10/22  10:00:00,7204627.781537935 
 10/22  11:00:00,6260828.682982814 
 10/22  12:00:00,5454083.394699471 
 10/22  13:00:00,4463466.231851143 
 10/22  14:00:00,4508920.168748645 
 10/22  15:00:00,4370968.1916443575 
 10/22  16:00:00,4279039.731318552 
 10/22  17:00:00,4377537.917344748 
 10/22  18:00:00,4570600.826303912 
 10/22  19:00:00,4811659.674721564 
 10/22  20:00:00,5019389.508395934 
 10/22  21:00:00,5224893.551979852 
 10/22  22:00:00,4837560.89958492 
 10/22  23:00:00,4808524.794972146 
 10/22  24:00:00,4869425.208140445 
 10/23  01:00:00,4850944.44673822 
 10/23  02:00:00,4877855.206962161 
 10/23  03:00:00,4909827.808760185 
 10/23  04:00:00,4794312.832960623 
 10/23  05:00:00,4707955.368987329 
 10/23  06:00:00,4614266.566580757 
 10/23  07:00:00,4417603.855700364 
 10/23  08:00:00,4768999.472642893 
 10/23  09:00:00,4454543.223516181 
 10/23  10:00:00,4134143.584825506 
 10/23  11:00:00,3846664.210899678 
 10/23  12:00:00,3382118.380219174 
 10/23  13:00:00,2638878.710029266 
 10/23  14:00:00,2763862.343500159 
 10/23  15:00:00,2637050.269879424 
 10/23  16:00:00,2584547.525399116 
 10/23  17:00:00,2403558.7608643593 
 10/23  18:00:00,2023913.606459214 
 10/23  19:00:00,2572131.0949437288 
 10/23  20:00:00,2720799.3326870296 
 10/23  21:00:00,2754270.1215119553 
 10/23  22:00:00,2816543.4415706266 
 10/23  23:00:00,2812393.720989867 
 10/23  24:00:00,2812482.4297360163 
 10/24  01:00:00,2875637.272523014 
 10/24  02:00:00,2972628.438514366 
 10/24  03:00:00,2454407.808620561 
 10/24  04:00:00,2509989.2529702643 
 10/24  05:00:00,2564301.9821939957 
 10/24  06:00:00,2597967.8530165637 
 10/24  07:00:00,2607634.660396081 
 10/24  08:00:00,3249985.079826716 
 10/24  09:00:00,3258408.548423687 
 10/24  10:00:00,2944332.5667376034 
 10/24  11:00:00,2663899.909030281 
 10/24  12:00:00,2504488.390247023 
 10/24  13:00:00,1843934.208451404 
 10/24  14:00:00,1918815.4573980146 
 10/24  15:00:00,1874685.825601693 
 10/24  16:00:00,1901520.7980798683 
 10/24  17:00:00,1759765.347340968 
 10/24  18:00:00,1626258.8758442972 
 10/24  19:00:00,2335901.1419101334 
 10/24  20:00:00,2584999.8003452746 
 10/24  21:00:00,3105937.728426199 
 10/24  22:00:00,3762793.3177256705 
 10/24  23:00:00,4291393.878157148 
 10/24  24:00:00,4762736.812534065 
 10/25  01:00:00,5249919.71714541 
 10/25  02:00:00,5835125.703665545 
 10/25  03:00:00,5836084.171208237 
 10/25  04:00:00,6243597.459635507 
 10/25  05:00:00,6396333.374145092 
 10/25  06:00:00,6382761.196215613 
 10/25  07:00:00,6327895.207799615 
 10/25  08:00:00,6230959.35353612 
 10/25  09:00:00,5944063.412010322 
 10/25  10:00:00,5417081.734810975 
 10/25  11:00:00,4775453.157090135 
 10/25  12:00:00,4171490.1846225415 
 10/25  13:00:00,3681994.341702764 
 10/25  14:00:00,3335067.32005435 
 10/25  15:00:00,3138712.561719087 
 10/25  16:00:00,3222229.656452265 
 10/25  17:00:00,3608351.620605332 
 10/25  18:00:00,3671449.9381536464 
 10/25  19:00:00,3971662.5931284954 
 10/25  20:00:00,4034268.0482924785 
 10/25  21:00:00,4113308.0948995864 
 10/25  22:00:00,4374325.0286749 
 10/25  23:00:00,4615504.67231658 
 10/25  24:00:00,4550170.559241156 
 10/26  01:00:00,4326327.725279102 
 10/26  02:00:00,4162040.712618555 
 10/26  03:00:00,4104678.8320445353 
 10/26  04:00:00,4096944.8775586775 
 10/26  05:00:00,4063630.611427128 
 10/26  06:00:00,3980135.6981882537 
 10/26  07:00:00,3928591.778485291 
 10/26  08:00:00,3845657.4584933366 
 10/26  09:00:00,3691915.1345118564 
 10/26  10:00:00,3662667.510017613 
 10/26  11:00:00,3775305.235112264 
 10/26  12:00:00,3467489.08886463 
 10/26  13:00:00,3163131.4274523784 
 10/26  14:00:00,2991046.672474197 
 10/26  15:00:00,2998697.0927366973 
 10/26  16:00:00,3085378.0325742955 
 10/26  17:00:00,3187792.89226287 
 10/26  18:00:00,3319358.3885486266 
 10/26  19:00:00,3457170.5968384147 
 10/26  20:00:00,3548949.161454258 
 10/26  21:00:00,3674722.347883372 
 10/26  22:00:00,3889016.417338864 
 10/26  23:00:00,4083964.6036719815 
 10/26  24:00:00,4144382.10537735 
 10/27  01:00:00,4162817.1333150603 
 10/27  02:00:00,3586177.97696968 
 10/27  03:00:00,3071637.714193894 
 10/27  04:00:00,2865641.143698099 
 10/27  05:00:00,2826595.8039577524 
 10/27  06:00:00,3004255.2304788553 
 10/27  07:00:00,3180268.4295631694 
 10/27  08:00:00,3964229.049827978 
 10/27  09:00:00,4047579.2608569963 
 10/27  10:00:00,3674317.2559630172 
 10/27  11:00:00,3133437.969991052 
 10/27  12:00:00,2698812.74026726 
 10/27  13:00:00,2039660.3742909709 
 10/27  14:00:00,2286026.9357308373 
 10/27  15:00:00,2261460.1221373444 
 10/27  16:00:00,2304389.221506628 
 10/27  17:00:00,2531750.356052581 
 10/27  18:00:00,2952939.6579301767 
 10/27  19:00:00,3463361.5829296373 
 10/27  20:00:00,3862116.344949865 
 10/27  21:00:00,4184473.649090939 
 10/27  22:00:00,3985099.7717775777 
 10/27  23:00:00,4144890.3527941755 
 10/27  24:00:00,4262382.193162326 
 10/28  01:00:00,4257095.488102416 
 10/28  02:00:00,4294070.171624272 
 10/28  03:00:00,4366928.864280085 
 10/28  04:00:00,4468626.357539395 
 10/28  05:00:00,4558541.893709224 
 10/28  06:00:00,4558638.372791995 
 10/28  07:00:00,4551726.030954633 
 10/28  08:00:00,5200118.904020488 
 10/28  09:00:00,5086179.37403411 
 10/28  10:00:00,4294008.140851401 
 10/28  11:00:00,3533930.567420899 
 10/28  12:00:00,3121692.0301521854 
 10/28  13:00:00,2371223.8103208514 
 10/28  14:00:00,2392481.1510277996 
 10/28  15:00:00,2288669.2199130645 
 10/28  16:00:00,2353459.4325483493 
 10/28  17:00:00,2414396.723276207 
 10/28  18:00:00,2438266.4759790744 
 10/28  19:00:00,3268152.188852002 
 10/28  20:00:00,3413595.3518890226 
 10/28  21:00:00,3304927.9117895584 
 10/28  22:00:00,3139068.194458444 
 10/28  23:00:00,2964257.563126463 
 10/28  24:00:00,2834040.98350537 
 10/29  01:00:00,2722864.783287642 
 10/29  02:00:00,2680042.769748239 
 10/29  03:00:00,2073074.9326553089 
 10/29  04:00:00,2154173.4203776536 
 10/29  05:00:00,2387755.141762044 
 10/29  06:00:00,2680982.9010171345 
 10/29  07:00:00,2988022.078402513 
 10/29  08:00:00,3890777.889755138 
 10/29  09:00:00,4063236.773139442 
 10/29  10:00:00,4016828.673850162 
 10/29  11:00:00,4041409.3667491106 
 10/29  12:00:00,4163646.246203 
 10/29  13:00:00,3900910.6686732518 
 10/29  14:00:00,4249072.065235384 
 10/29  15:00:00,4285854.646174612 
 10/29  16:00:00,4322715.656513072 
 10/29  17:00:00,4128762.670473742 
 10/29  18:00:00,3706118.3058865992 
 10/29  19:00:00,4177016.449589865 
 10/29  20:00:00,4208139.066203166 
 10/29  21:00:00,4138842.31972484 
 10/29  22:00:00,4060755.8679800825 
 10/29  23:00:00,3856508.127591882 
 10/29  24:00:00,3657888.002811832 
 10/30  01:00:00,3543342.6109290146 
 10/30  02:00:00,3402844.312803677 
 10/30  03:00:00,2651382.9388181935 
 10/30  04:00:00,2510395.4994005417 
 10/30  05:00:00,2398670.778326924 
 10/30  06:00:00,2330765.044190033 
 10/30  07:00:00,2309207.3135629096 
 10/30  08:00:00,2905069.804062278 
 10/30  09:00:00,2949666.364478043 
 10/30  10:00:00,2618917.251718384 
 10/30  11:00:00,2186141.2569335685 
 10/30  12:00:00,1959951.2496588074 
 10/30  13:00:00,1352532.4753222624 
 10/30  14:00:00,1445010.3988820673 
 10/30  15:00:00,1293810.578395762 
 10/30  16:00:00,1334280.4671338073 
 10/30  17:00:00,1352494.4468153517 
 10/30  18:00:00,1635294.7911677805 
 10/30  19:00:00,2779276.8631179472 
 10/30  20:00:00,3010935.9768428328 
 10/30  21:00:00,2992116.506254076 
 10/30  22:00:00,3101364.5994075364 
 10/30  23:00:00,3308955.73910983 
 10/30  24:00:00,3362034.089138445 
 10/31  01:00:00,3293932.288981026 
 10/31  02:00:00,3093408.840425499 
 10/31  03:00:00,2586524.5180883664 
 10/31  04:00:00,2594515.8036162513 
 10/31  05:00:00,2622557.4789024107 
 10/31  06:00:00,2651817.3018796756 
 10/31  07:00:00,2633454.7850870644 
 10/31  08:00:00,3297955.4487700537 
 10/31  09:00:00,3251690.3304011687 
 10/31  10:00:00,2743890.8269876055 
 10/31  11:00:00,2083504.7627565928 
 10/31  12:00:00,1410499.612754187 
 10/31  13:00:00,452302.43683255976 
 10/31  14:00:00,454917.32666460535 
 10/31  15:00:00,396337.0206144864 
 10/31  16:00:00,452382.12613496796 
 10/31  17:00:00,540535.9897399067 
 10/31  18:00:00,652398.9714170981 
 10/31  19:00:00,1698627.436615114 
 10/31  20:00:00,2233179.6651740693 
 10/31  21:00:00,2655245.5985332304 
 10/31  22:00:00,2892884.5816874593 
 10/31  23:00:00,2878265.8070905753 
 10/31  24:00:00,2922055.514066474 
 11/01  01:00:00,2959326.1161876344 
 11/01  02:00:00,2896471.8283173246 
 11/01  03:00:00,2092209.2466906952 
 11/01  04:00:00,1708071.3298034817 
 11/01  05:00:00,1421054.107859567 
 11/01  06:00:00,1494772.2267012359 
 11/01  07:00:00,1783538.5723595321 
 11/01  08:00:00,2110745.503712285 
 11/01  09:00:00,2403831.077484314 
 11/01  10:00:00,2598505.2576488536 
 11/01  11:00:00,2624345.2346022516 
 11/01  12:00:00,2471980.6870593913 
 11/01  13:00:00,2184477.7008041656 
 11/01  14:00:00,1956938.834730579 
 11/01  15:00:00,1945718.3828073072 
 11/01  16:00:00,2268147.216805432 
 11/01  17:00:00,2867133.736063149 
 11/01  18:00:00,2824035.983702965 
 11/01  19:00:00,3023325.3693003673 
 11/01  20:00:00,3399894.8844549647 
 11/01  21:00:00,3628659.791259338 
 11/01  22:00:00,3554576.034729136 
 11/01  23:00:00,3353902.5944092777 
 11/01  24:00:00,3123538.7169349864 
 11/02  01:00:00,2853749.880389002 
 11/02  02:00:00,2622995.03366381 
 11/02  03:00:00,2528653.2212016284 
 11/02  04:00:00,2478465.642168225 
 11/02  05:00:00,2430760.7696302105 
 11/02  06:00:00,2427063.600379615 
 11/02  07:00:00,2410711.8435960375 
 11/02  08:00:00,2373796.8706873734 
 11/02  09:00:00,2358870.755478826 
 11/02  10:00:00,2554061.350219338 
 11/02  11:00:00,2933651.462558776 
 11/02  12:00:00,2882005.741826342 
 11/02  13:00:00,2805482.8649800695 
 11/02  14:00:00,2735656.6679919534 
 11/02  15:00:00,2688127.198105382 
 11/02  16:00:00,2729593.436032149 
 11/02  17:00:00,2960822.38007396 
 11/02  18:00:00,3240920.623391482 
 11/02  19:00:00,3647152.1413305914 
 11/02  20:00:00,4137191.0422159727 
 11/02  21:00:00,4615966.723128692 
 11/02  22:00:00,5034769.370081552 
 11/02  23:00:00,5317734.644300599 
 11/02  24:00:00,5315966.799047705 
 11/03  01:00:00,5217232.0869595455 
 11/03  02:00:00,4834242.009131365 
 11/03  03:00:00,4736724.9909738675 
 11/03  04:00:00,4760248.798120922 
 11/03  05:00:00,4749697.28362646 
 11/03  06:00:00,4800080.55308907 
 11/03  07:00:00,4783619.683670383 
 11/03  08:00:00,5455094.9061864335 
 11/03  09:00:00,5562673.229479922 
 11/03  10:00:00,5607254.511466396 
 11/03  11:00:00,5719967.113761324 
 11/03  12:00:00,5787178.144086561 
 11/03  13:00:00,5392853.447274035 
 11/03  14:00:00,5713387.965942341 
 11/03  15:00:00,5921736.646024948 
 11/03  16:00:00,6143427.892661769 
 11/03  17:00:00,6404052.599248209 
 11/03  18:00:00,7025555.936347434 
 11/03  19:00:00,7699158.227903578 
 11/03  20:00:00,8107500.967662513 
 11/03  21:00:00,8326734.454660669 
 11/03  22:00:00,7936031.208927357 
 11/03  23:00:00,7806823.399648216 
 11/03  24:00:00,7729311.940528101 
 11/04  01:00:00,7759593.480123882 
 11/04  02:00:00,7856503.84011969 
 11/04  03:00:00,8001162.691442015 
 11/04  04:00:00,8191629.0177578 
 11/04  05:00:00,8182416.314719812 
 11/04  06:00:00,8021464.2347162105 
 11/04  07:00:00,8058011.7404705025 
 11/04  08:00:00,9074845.563686138 
 11/04  09:00:00,9479223.295058636 
 11/04  10:00:00,9032703.95911317 
 11/04  11:00:00,8123135.559822236 
 11/04  12:00:00,7257745.990957617 
 11/04  13:00:00,6192419.102257193 
 11/04  14:00:00,6085581.000409681 
 11/04  15:00:00,5971149.498486836 
 11/04  16:00:00,6075414.63381301 
 11/04  17:00:00,6356641.789966729 
 11/04  18:00:00,6780306.410923542 
 11/04  19:00:00,7007673.995958024 
 11/04  20:00:00,7167372.741868194 
 11/04  21:00:00,7318853.321625449 
 11/04  22:00:00,6806691.823059527 
 11/04  23:00:00,6818763.213717074 
 11/04  24:00:00,7127705.001220996 
 11/05  01:00:00,7446904.995651383 
 11/05  02:00:00,7745548.697245479 
 11/05  03:00:00,7968377.379547731 
 11/05  04:00:00,8112272.453157626 
 11/05  05:00:00,8176201.260941926 
 11/05  06:00:00,8203246.575973968 
 11/05  07:00:00,8325343.444374874 
 11/05  08:00:00,8982865.031694071 
 11/05  09:00:00,8859117.899283348 
 11/05  10:00:00,8417112.622441534 
 11/05  11:00:00,7912195.398833073 
 11/05  12:00:00,7417664.902255134 
 11/05  13:00:00,6488004.73406904 
 11/05  14:00:00,6484999.975046219 
 11/05  15:00:00,6420022.370283237 
 11/05  16:00:00,6463645.749905535 
 11/05  17:00:00,6366485.491002275 
 11/05  18:00:00,6250306.928769533 
 11/05  19:00:00,7145599.643534909 
 11/05  20:00:00,7767091.782761834 
 11/05  21:00:00,8431636.766481318 
 11/05  22:00:00,8989616.342239588 
 11/05  23:00:00,9446306.185374727 
 11/05  24:00:00,9887593.534774462 
 11/06  01:00:00,10462155.231599223 
 11/06  02:00:00,11005938.679903436 
 11/06  03:00:00,10715099.603588024 
 11/06  04:00:00,11152479.471630776 
 11/06  05:00:00,11458030.066158865 
 11/06  06:00:00,11433677.163599987 
 11/06  07:00:00,11286802.323942471 
 11/06  08:00:00,11667379.38741556 
 11/06  09:00:00,11250662.60114553 
 11/06  10:00:00,10385376.97925854 
 11/06  11:00:00,9139690.947196862 
 11/06  12:00:00,7683511.454695476 
 11/06  13:00:00,6134265.871916472 
 11/06  14:00:00,5739385.791389743 
 11/06  15:00:00,5422428.193102202 
 11/06  16:00:00,5460766.614549186 
 11/06  17:00:00,5538037.317545177 
 11/06  18:00:00,5518629.630644503 
 11/06  19:00:00,5513703.394727408 
 11/06  20:00:00,5469472.395244054 
 11/06  21:00:00,5451211.232861004 
 11/06  22:00:00,4925735.291190111 
 11/06  23:00:00,4663704.603904312 
 11/06  24:00:00,4518883.523369353 
 11/07  01:00:00,4408830.757455933 
 11/07  02:00:00,4134615.2401184 
 11/07  03:00:00,3791347.093932735 
 11/07  04:00:00,3542376.322593458 
 11/07  05:00:00,3434874.2950947 
 11/07  06:00:00,3466851.859315094 
 11/07  07:00:00,3483022.893392052 
 11/07  08:00:00,4186774.572115748 
 11/07  09:00:00,4366405.609612968 
 11/07  10:00:00,4316349.118919354 
 11/07  11:00:00,4358239.319528919 
 11/07  12:00:00,4701438.426974484 
 11/07  13:00:00,4648888.201363979 
 11/07  14:00:00,5002512.34518252 
 11/07  15:00:00,5018311.315102398 
 11/07  16:00:00,5239983.7750281915 
 11/07  17:00:00,5230714.037253248 
 11/07  18:00:00,5349747.572162237 
 11/07  19:00:00,6407587.490856901 
 11/07  20:00:00,6726018.85029127 
 11/07  21:00:00,6900337.44862966 
 11/07  22:00:00,6885684.98496561 
 11/07  23:00:00,6906629.506830036 
 11/07  24:00:00,6936146.531294293 
 11/08  01:00:00,6970477.750464754 
 11/08  02:00:00,6970226.722819691 
 11/08  03:00:00,6696172.89446014 
 11/08  04:00:00,6986563.562314744 
 11/08  05:00:00,6893156.660604453 
 11/08  06:00:00,6707924.551704028 
 11/08  07:00:00,6504745.737851517 
 11/08  08:00:00,6187459.763724601 
 11/08  09:00:00,5741829.367699379 
 11/08  10:00:00,5022068.456965344 
 11/08  11:00:00,4392909.692429115 
 11/08  12:00:00,3960096.398739301 
 11/08  13:00:00,3611546.4784889654 
 11/08  14:00:00,3387510.914688712 
 11/08  15:00:00,3232989.0825775075 
 11/08  16:00:00,3328592.315720677 
 11/08  17:00:00,3721857.6035703057 
 11/08  18:00:00,3665195.5030441647 
 11/08  19:00:00,3886537.5588479857 
 11/08  20:00:00,4058025.8119540787 
 11/08  21:00:00,4266077.106948604 
 11/08  22:00:00,4497258.144551888 
 11/08  23:00:00,4713861.830146825 
 11/08  24:00:00,4989751.152918608 
 11/09  01:00:00,5342747.61977247 
 11/09  02:00:00,5702197.597449886 
 11/09  03:00:00,6045464.482819547 
 11/09  04:00:00,6233986.264842488 
 11/09  05:00:00,6466626.49830073 
 11/09  06:00:00,6652667.241785158 
 11/09  07:00:00,6725732.5322717475 
 11/09  08:00:00,6970549.105200218 
 11/09  09:00:00,7230844.058969194 
 11/09  10:00:00,7487899.371512869 
 11/09  11:00:00,7425471.189157375 
 11/09  12:00:00,6765418.980894991 
 11/09  13:00:00,6207377.046539202 
 11/09  14:00:00,5629795.769490119 
 11/09  15:00:00,5291730.394340833 
 11/09  16:00:00,5293226.639167384 
 11/09  17:00:00,5676429.667237949 
 11/09  18:00:00,6331368.543372339 
 11/09  19:00:00,6829597.846047234 
 11/09  20:00:00,7227436.415436416 
 11/09  21:00:00,7631797.256586932 
 11/09  22:00:00,7864454.02633545 
 11/09  23:00:00,7981226.205820892 
 11/09  24:00:00,8053580.149663135 
 11/10  01:00:00,7973762.935367552 
 11/10  02:00:00,7345707.174929253 
 11/10  03:00:00,7125860.806382988 
 11/10  04:00:00,7197793.602402048 
 11/10  05:00:00,7181262.016428698 
 11/10  06:00:00,7127313.776253639 
 11/10  07:00:00,7046853.870563039 
 11/10  08:00:00,7678205.866403095 
 11/10  09:00:00,7750209.155864513 
 11/10  10:00:00,7316573.116987148 
 11/10  11:00:00,6563625.177144002 
 11/10  12:00:00,6005482.965880582 
 11/10  13:00:00,5232290.399946577 
 11/10  14:00:00,5298443.59886098 
 11/10  15:00:00,5177643.774323652 
 11/10  16:00:00,5172788.847607774 
 11/10  17:00:00,5298006.607484825 
 11/10  18:00:00,5475339.749173475 
 11/10  19:00:00,5468872.0694804955 
 11/10  20:00:00,5198029.249767778 
 11/10  21:00:00,4968617.43430377 
 11/10  22:00:00,4338399.429222057 
 11/10  23:00:00,4179653.987346774 
 11/10  24:00:00,4150423.0735612377 
 11/11  01:00:00,4233101.936237942 
 11/11  02:00:00,4398246.402375898 
 11/11  03:00:00,4497218.375412965 
 11/11  04:00:00,4618455.2705045855 
 11/11  05:00:00,4668455.366219995 
 11/11  06:00:00,4557883.720148865 
 11/11  07:00:00,4511281.993304786 
 11/11  08:00:00,5275998.905169133 
 11/11  09:00:00,5399449.586165916 
 11/11  10:00:00,5178511.777102816 
 11/11  11:00:00,4809430.638253334 
 11/11  12:00:00,4527213.191719173 
 11/11  13:00:00,4089284.9154949454 
 11/11  14:00:00,4321272.725003082 
 11/11  15:00:00,4316902.684824913 
 11/11  16:00:00,4451393.57313761 
 11/11  17:00:00,4349232.516593859 
 11/11  18:00:00,4001885.524243911 
 11/11  19:00:00,4558966.801814859 
 11/11  20:00:00,4664857.191806382 
 11/11  21:00:00,4662792.854825827 
 11/11  22:00:00,4667938.757138873 
 11/11  23:00:00,4690349.588726331 
 11/11  24:00:00,4685311.7388884295 
 11/12  01:00:00,4617958.887339661 
 11/12  02:00:00,4588822.034372389 
 11/12  03:00:00,3949135.7198417997 
 11/12  04:00:00,3944811.055882237 
 11/12  05:00:00,4017427.6953580314 
 11/12  06:00:00,4066329.212767411 
 11/12  07:00:00,4120233.484006381 
 11/12  08:00:00,4832068.074236252 
 11/12  09:00:00,5011395.522911809 
 11/12  10:00:00,5178478.194444961 
 11/12  11:00:00,5350057.525169914 
 11/12  12:00:00,5403372.648828111 
 11/12  13:00:00,5026508.987242062 
 11/12  14:00:00,5150787.114839739 
 11/12  15:00:00,4873836.782022756 
 11/12  16:00:00,4894245.667414887 
 11/12  17:00:00,5014372.623799016 
 11/12  18:00:00,5016138.690262136 
 11/12  19:00:00,5782899.029683171 
 11/12  20:00:00,5936145.690736543 
 11/12  21:00:00,5935586.681303325 
 11/12  22:00:00,5951512.016819568 
 11/12  23:00:00,5984658.831360084 
 11/12  24:00:00,6061900.969995388 
 11/13  01:00:00,6071601.838919641 
 11/13  02:00:00,6070830.477400241 
 11/13  03:00:00,5475300.570634788 
 11/13  04:00:00,5456147.621696124 
 11/13  05:00:00,5384183.168996485 
 11/13  06:00:00,5181855.257262836 
 11/13  07:00:00,5003511.140973609 
 11/13  08:00:00,5476773.804192221 
 11/13  09:00:00,5313283.849801743 
 11/13  10:00:00,4996088.421768118 
 11/13  11:00:00,4705862.111306299 
 11/13  12:00:00,4614938.155443702 
 11/13  13:00:00,4271794.520318806 
 11/13  14:00:00,4526165.062046235 
 11/13  15:00:00,4364976.852212215 
 11/13  16:00:00,4239184.898775223 
 11/13  17:00:00,3860809.426700512 
 11/13  18:00:00,3430154.7502846005 
 11/13  19:00:00,3927403.1660824735 
 11/13  20:00:00,3879187.61834788 
 11/13  21:00:00,3857479.853107541 
 11/13  22:00:00,3821375.274161284 
 11/13  23:00:00,3813164.0352111124 
 11/13  24:00:00,3831952.4097240665 
 11/14  01:00:00,3872986.902092596 
 11/14  02:00:00,3883579.01338066 
 11/14  03:00:00,3489726.6065088725 
 11/14  04:00:00,3565799.540200135 
 11/14  05:00:00,3643874.345265828 
 11/14  06:00:00,3787788.22708304 
 11/14  07:00:00,3882628.371907481 
 11/14  08:00:00,4484218.994495709 
 11/14  09:00:00,4417675.371895785 
 11/14  10:00:00,4292687.875295227 
 11/14  11:00:00,4298410.695698206 
 11/14  12:00:00,4182755.166791776 
 11/14  13:00:00,3679909.549184639 
 11/14  14:00:00,3817950.545850448 
 11/14  15:00:00,3704078.3388798083 
 11/14  16:00:00,3936658.8975781584 
 11/14  17:00:00,4285866.684668401 
 11/14  18:00:00,4716372.923599498 
 11/14  19:00:00,6009254.404822375 
 11/14  20:00:00,6499658.799536608 
 11/14  21:00:00,6875784.4994701175 
 11/14  22:00:00,7159986.84886362 
 11/14  23:00:00,7390594.889190719 
 11/14  24:00:00,7524079.348716017 
 11/15  01:00:00,7259780.809467939 
 11/15  02:00:00,6913792.210794214 
 11/15  03:00:00,6361692.702763941 
 11/15  04:00:00,6294414.947325092 
 11/15  05:00:00,6271025.497217514 
 11/15  06:00:00,6400776.310196165 
 11/15  07:00:00,6475689.7207609685 
 11/15  08:00:00,6404186.676220891 
 11/15  09:00:00,6357181.190026982 
 11/15  10:00:00,6091161.615752625 
 11/15  11:00:00,5583491.575628263 
 11/15  12:00:00,5116399.876908915 
 11/15  13:00:00,4764502.4395850785 
 11/15  14:00:00,4555916.219132106 
 11/15  15:00:00,4343421.043643467 
 11/15  16:00:00,4489779.079212179 
 11/15  17:00:00,5177007.887996943 
 11/15  18:00:00,5396358.967992154 
 11/15  19:00:00,5655598.039750425 
 11/15  20:00:00,5603173.661274486 
 11/15  21:00:00,5593507.961970367 
 11/15  22:00:00,5629844.759522879 
 11/15  23:00:00,5721856.862231914 
 11/15  24:00:00,5800884.187386613 
 11/16  01:00:00,5801287.560355045 
 11/16  02:00:00,5787489.150372656 
 11/16  03:00:00,5739287.233421274 
 11/16  04:00:00,5667339.506786994 
 11/16  05:00:00,5693270.1574693 
 11/16  06:00:00,5840100.629950379 
 11/16  07:00:00,5895835.362546158 
 11/16  08:00:00,5900773.482238466 
 11/16  09:00:00,5831160.596431384 
 11/16  10:00:00,5890334.387758062 
 11/16  11:00:00,6118954.442608825 
 11/16  12:00:00,5781674.36957576 
 11/16  13:00:00,5479732.859832589 
 11/16  14:00:00,5283560.4548743535 
 11/16  15:00:00,5189279.440303878 
 11/16  16:00:00,5255941.478605132 
 11/16  17:00:00,5350957.157625736 
 11/16  18:00:00,5510091.515325558 
 11/16  19:00:00,5673329.893308574 
 11/16  20:00:00,5749812.11686338 
 11/16  21:00:00,5808052.487852943 
 11/16  22:00:00,5894760.579468506 
 11/16  23:00:00,6004633.723058198 
 11/16  24:00:00,6143425.021195008 
 11/17  01:00:00,6335633.060059895 
 11/17  02:00:00,6089907.455571219 
 11/17  03:00:00,5981528.011036208 
 11/17  04:00:00,6028476.012739892 
 11/17  05:00:00,6045946.638431764 
 11/17  06:00:00,6082797.28827271 
 11/17  07:00:00,6119733.19584656 
 11/17  08:00:00,6743643.8379026 
 11/17  09:00:00,6728379.372449194 
 11/17  10:00:00,6582562.654891352 
 11/17  11:00:00,6534516.057273911 
 11/17  12:00:00,6557585.838824599 
 11/17  13:00:00,6049174.9149748385 
 11/17  14:00:00,6163437.982070402 
 11/17  15:00:00,6081829.821859339 
 11/17  16:00:00,6040953.149331337 
 11/17  17:00:00,5873655.20009244 
 11/17  18:00:00,5527708.139322992 
 11/17  19:00:00,6161978.1731196875 
 11/17  20:00:00,6433634.986983299 
 11/17  21:00:00,6666171.330087843 
 11/17  22:00:00,6958520.508588656 
 11/17  23:00:00,7240779.718816129 
 11/17  24:00:00,7416434.245420429 
 11/18  01:00:00,7496055.046674187 
 11/18  02:00:00,7573936.081191044 
 11/18  03:00:00,6986242.502652669 
 11/18  04:00:00,6981540.789960875 
 11/18  05:00:00,7099383.237840982 
 11/18  06:00:00,7209389.527865065 
 11/18  07:00:00,7306197.528089566 
 11/18  08:00:00,8093170.551611153 
 11/18  09:00:00,8083478.288836576 
 11/18  10:00:00,7764764.125785295 
 11/18  11:00:00,7282604.286397647 
 11/18  12:00:00,6635342.124781806 
 11/18  13:00:00,5696255.479845433 
 11/18  14:00:00,5593681.310126819 
 11/18  15:00:00,5400950.8384766355 
 11/18  16:00:00,5441880.826368808 
 11/18  17:00:00,5661548.106683079 
 11/18  18:00:00,5976145.53638923 
 11/18  19:00:00,6286129.402256207 
 11/18  20:00:00,6507727.509160016 
 11/18  21:00:00,6623209.305428797 
 11/18  22:00:00,6066762.337296427 
 11/18  23:00:00,5863595.73673653 
 11/18  24:00:00,5969065.581087021 
 11/19  01:00:00,6135301.971710952 
 11/19  02:00:00,6213212.785347301 
 11/19  03:00:00,6337893.700223099 
 11/19  04:00:00,6493220.850875465 
 11/19  05:00:00,6599517.923391951 
 11/19  06:00:00,6710270.967165244 
 11/19  07:00:00,6749979.865074022 
 11/19  08:00:00,7351726.846275683 
 11/19  09:00:00,7220006.315085019 
 11/19  10:00:00,6835075.739300043 
 11/19  11:00:00,6523611.953127071 
 11/19  12:00:00,6227853.562317578 
 11/19  13:00:00,5529361.440858719 
 11/19  14:00:00,5641660.980432802 
 11/19  15:00:00,5559877.362544099 
 11/19  16:00:00,5649751.62807407 
 11/19  17:00:00,5764928.358149577 
 11/19  18:00:00,5753299.531635747 
 11/19  19:00:00,6561313.170309838 
 11/19  20:00:00,6926955.353925396 
 11/19  21:00:00,7079460.404659211 
 11/19  22:00:00,7009493.317040657 
 11/19  23:00:00,7033990.42308528 
 11/19  24:00:00,7146571.994292383 
 11/20  01:00:00,7188257.122013886 
 11/20  02:00:00,7225382.7943675015 
 11/20  03:00:00,6672442.0176911475 
 11/20  04:00:00,6661324.547326258 
 11/20  05:00:00,6645215.722335203 
 11/20  06:00:00,6700421.310777392 
 11/20  07:00:00,6811319.8127228 
 11/20  08:00:00,7530863.865523901 
 11/20  09:00:00,7647884.446726919 
 11/20  10:00:00,7652200.259678368 
 11/20  11:00:00,7210261.195701709 
 11/20  12:00:00,6554291.222695347 
 11/20  13:00:00,5765806.2565297885 
 11/20  14:00:00,5791540.441237179 
 11/20  15:00:00,5701770.575397019 
 11/20  16:00:00,5781049.39310484 
 11/20  17:00:00,6009149.133731345 
 11/20  18:00:00,6316927.013934119 
 11/20  19:00:00,7323463.777786992 
 11/20  20:00:00,7574101.685652189 
 11/20  21:00:00,7515891.259834975 
 11/20  22:00:00,7493803.962558094 
 11/20  23:00:00,7436625.906204286 
 11/20  24:00:00,7329137.331892294 
 11/21  01:00:00,7358546.288486937 
 11/21  02:00:00,7433502.665536766 
 11/21  03:00:00,6851801.351127305 
 11/21  04:00:00,6911260.530863558 
 11/21  05:00:00,6943000.851655237 
 11/21  06:00:00,6924617.443020639 
 11/21  07:00:00,6953125.328018412 
 11/21  08:00:00,7574227.325110212 
 11/21  09:00:00,7477711.888515672 
 11/21  10:00:00,7278616.94599253 
 11/21  11:00:00,7170047.493138321 
 11/21  12:00:00,7063271.3949449025 
 11/21  13:00:00,6518966.609532291 
 11/21  14:00:00,6660016.298245585 
 11/21  15:00:00,6588639.273922939 
 11/21  16:00:00,6585916.90651601 
 11/21  17:00:00,6461311.675337225 
 11/21  18:00:00,6134829.019238462 
 11/21  19:00:00,6688626.197342816 
 11/21  20:00:00,6836736.80246516 
 11/21  21:00:00,6908226.129804796 
 11/21  22:00:00,6906856.69470986 
 11/21  23:00:00,6739627.0038127005 
 11/21  24:00:00,6327644.000766261 
 11/22  01:00:00,5941834.400438427 
 11/22  02:00:00,5685647.729467598 
 11/22  03:00:00,4790923.177429676 
 11/22  04:00:00,4507859.103686695 
 11/22  05:00:00,4376692.068120074 
 11/22  06:00:00,4340351.645038665 
 11/22  07:00:00,4180047.193981252 
 11/22  08:00:00,4004448.1705886433 
 11/22  09:00:00,3876625.95423457 
 11/22  10:00:00,3755164.1386483544 
 11/22  11:00:00,3481315.723709642 
 11/22  12:00:00,3221421.022632383 
 11/22  13:00:00,3124988.0069014113 
 11/22  14:00:00,2893603.8974140286 
 11/22  15:00:00,2714839.61536541 
 11/22  16:00:00,2876897.0133851776 
 11/22  17:00:00,3078947.088150542 
 11/22  18:00:00,2774603.8790125167 
 11/22  19:00:00,2826329.6087984308 
 11/22  20:00:00,2863523.041983565 
 11/22  21:00:00,2925995.1320021884 
 11/22  22:00:00,3020485.6784367547 
 11/22  23:00:00,3042816.1003909344 
 11/22  24:00:00,3071984.14163149 
 11/23  01:00:00,3244692.379221487 
 11/23  02:00:00,3419101.1127731907 
 11/23  03:00:00,3527108.5214313422 
 11/23  04:00:00,3749479.792357703 
 11/23  05:00:00,4063366.9880727674 
 11/23  06:00:00,4370431.034623721 
 11/23  07:00:00,4705568.630779916 
 11/23  08:00:00,5046955.431942679 
 11/23  09:00:00,5337054.0512901265 
 11/23  10:00:00,5735415.675447472 
 11/23  11:00:00,6268928.836163597 
 11/23  12:00:00,6498155.929030751 
 11/23  13:00:00,6732848.2879796075 
 11/23  14:00:00,6875519.786020921 
 11/23  15:00:00,6988373.114764764 
 11/23  16:00:00,7022873.1850311225 
 11/23  17:00:00,7024652.827820229 
 11/23  18:00:00,7065516.285151375 
 11/23  19:00:00,7080938.9861142645 
 11/23  20:00:00,7068642.592873695 
 11/23  21:00:00,7343509.609502414 
 11/23  22:00:00,7980645.157150901 
 11/23  23:00:00,8666176.769108785 
 11/23  24:00:00,9244797.72037928 
 11/24  01:00:00,9716354.228830583 
 11/24  02:00:00,9652819.066034025 
 11/24  03:00:00,9773851.853154602 
 11/24  04:00:00,10115804.500600109 
 11/24  05:00:00,10324465.171747193 
 11/24  06:00:00,10514174.894725632 
 11/24  07:00:00,10853975.203066755 
 11/24  08:00:00,11661438.306527693 
 11/24  09:00:00,11485682.856744615 
 11/24  10:00:00,10920492.990378655 
 11/24  11:00:00,10315941.6038307 
 11/24  12:00:00,9641765.632345503 
 11/24  13:00:00,8448680.81666597 
 11/24  14:00:00,8016517.323176572 
 11/24  15:00:00,7698601.793651868 
 11/24  16:00:00,7858054.422858993 
 11/24  17:00:00,8082804.73112674 
 11/24  18:00:00,8558847.45439646 
 11/24  19:00:00,9974261.888676004 
 11/24  20:00:00,10532015.26822051 
 11/24  21:00:00,10769377.466084087 
 11/24  22:00:00,10821473.710824523 
 11/24  23:00:00,10966322.41199744 
 11/24  24:00:00,11119134.905647421 
 11/25  01:00:00,11018632.719460994 
 11/25  02:00:00,10857802.72616092 
 11/25  03:00:00,10122889.094835564 
 11/25  04:00:00,10183075.253056886 
 11/25  05:00:00,10231450.11105536 
 11/25  06:00:00,10132231.482654303 
 11/25  07:00:00,9973656.806985594 
 11/25  08:00:00,10401690.549998073 
 11/25  09:00:00,10206279.68790386 
 11/25  10:00:00,9768887.037456568 
 11/25  11:00:00,9251983.573376965 
 11/25  12:00:00,8782289.402260354 
 11/25  13:00:00,7915720.1827800535 
 11/25  14:00:00,7791584.664622068 
 11/25  15:00:00,7647955.070149144 
 11/25  16:00:00,7588400.958477913 
 11/25  17:00:00,7195197.140968 
 11/25  18:00:00,6679466.338887344 
 11/25  19:00:00,7131346.19458025 
 11/25  20:00:00,7183179.457022767 
 11/25  21:00:00,7203780.791475821 
 11/25  22:00:00,7206963.2052631555 
 11/25  23:00:00,7137559.9837998785 
 11/25  24:00:00,7049714.209574409 
 11/26  01:00:00,6983211.5013353415 
 11/26  02:00:00,6965281.257523534 
 11/26  03:00:00,6339867.579846673 
 11/26  04:00:00,6279796.548636997 
 11/26  05:00:00,6241883.808500813 
 11/26  06:00:00,6230410.536435489 
 11/26  07:00:00,6221853.745128021 
 11/26  08:00:00,6827500.512529769 
 11/26  09:00:00,6821563.331314053 
 11/26  10:00:00,6663448.259662462 
 11/26  11:00:00,6587129.515978448 
 11/26  12:00:00,6554174.863083691 
 11/26  13:00:00,6118373.414855596 
 11/26  14:00:00,6333744.017165742 
 11/26  15:00:00,6220335.63019956 
 11/26  16:00:00,6157102.778540028 
 11/26  17:00:00,5959113.84702215 
 11/26  18:00:00,5585998.722828969 
 11/26  19:00:00,6138595.631226631 
 11/26  20:00:00,6262066.702752789 
 11/26  21:00:00,6259277.4957830515 
 11/26  22:00:00,6233877.570790903 
 11/26  23:00:00,6255984.597015565 
 11/26  24:00:00,6301504.59907864 
 11/27  01:00:00,6302066.458805767 
 11/27  02:00:00,6325620.01567662 
 11/27  03:00:00,5738150.590896972 
 11/27  04:00:00,5716100.470616044 
 11/27  05:00:00,5846422.109554827 
 11/27  06:00:00,5811953.55096751 
 11/27  07:00:00,5649133.525058846 
 11/27  08:00:00,6258679.600538545 
 11/27  09:00:00,6278708.194487402 
 11/27  10:00:00,6251798.923052835 
 11/27  11:00:00,6227748.544082285 
 11/27  12:00:00,6161945.264569284 
 11/27  13:00:00,5687490.793912477 
 11/27  14:00:00,5988960.504081894 
 11/27  15:00:00,6063975.577857027 
 11/27  16:00:00,6118049.644822245 
 11/27  17:00:00,6203733.002722427 
 11/27  18:00:00,6001127.354783178 
 11/27  19:00:00,6436209.858180774 
 11/27  20:00:00,6397089.976978617 
 11/27  21:00:00,6167000.454989933 
 11/27  22:00:00,5994467.597144106 
 11/27  23:00:00,6163033.280685734 
 11/27  24:00:00,6322309.077290324 
 11/28  01:00:00,6195954.8191432515 
 11/28  02:00:00,6021088.940476135 
 11/28  03:00:00,5220640.810005752 
 11/28  04:00:00,5091964.217464575 
 11/28  05:00:00,5029144.458718829 
 11/28  06:00:00,5013215.079621207 
 11/28  07:00:00,5004932.310584279 
 11/28  08:00:00,5561865.174718445 
 11/28  09:00:00,5474591.979242764 
 11/28  10:00:00,5234806.014646278 
 11/28  11:00:00,5098724.459179806 
 11/28  12:00:00,5116494.263747198 
 11/28  13:00:00,4694832.3835197 
 11/28  14:00:00,4897325.343813043 
 11/28  15:00:00,4781170.64382356 
 11/28  16:00:00,4907058.096896464 
 11/28  17:00:00,5153387.274315927 
 11/28  18:00:00,5006112.200838433 
 11/28  19:00:00,5487508.998936647 
 11/28  20:00:00,5555969.071286888 
 11/28  21:00:00,5489926.347603058 
 11/28  22:00:00,5399246.640024279 
 11/28  23:00:00,5245491.496227911 
 11/28  24:00:00,5100698.357287822 
 11/29  01:00:00,5112511.283363759 
 11/29  02:00:00,5226561.043446994 
 11/29  03:00:00,4733775.06527018 
 11/29  04:00:00,5000946.189645997 
 11/29  05:00:00,5301342.907647945 
 11/29  06:00:00,5558972.687986143 
 11/29  07:00:00,5778597.6959756855 
 11/29  08:00:00,5827824.246389561 
 11/29  09:00:00,5832915.340348579 
 11/29  10:00:00,5794285.887028743 
 11/29  11:00:00,5558259.257755982 
 11/29  12:00:00,5293801.101550762 
 11/29  13:00:00,5023676.254085075 
 11/29  14:00:00,4733020.496151579 
 11/29  15:00:00,4530318.787873962 
 11/29  16:00:00,4569316.91001686 
 11/29  17:00:00,5322307.050967864 
 11/29  18:00:00,5920423.647977269 
 11/29  19:00:00,6457846.193719027 
 11/29  20:00:00,6838655.809960628 
 11/29  21:00:00,7275810.480758508 
 11/29  22:00:00,7789213.214515858 
 11/29  23:00:00,7774473.270881538 
 11/29  24:00:00,7423404.841808829 
 11/30  01:00:00,7213943.855269479 
 11/30  02:00:00,7420627.53856044 
 11/30  03:00:00,7717743.5159476865 
 11/30  04:00:00,7662811.959443981 
 11/30  05:00:00,7471365.717403542 
 11/30  06:00:00,7194382.368294932 
 11/30  07:00:00,6935767.240045116 
 11/30  08:00:00,6664803.939000424 
 11/30  09:00:00,6394324.935301941 
 11/30  10:00:00,6372082.347223143 
 11/30  11:00:00,6754049.195982374 
 11/30  12:00:00,6464226.809550054 
 11/30  13:00:00,5932788.800560994 
 11/30  14:00:00,5552057.018578465 
 11/30  15:00:00,5300362.733701004 
 11/30  16:00:00,5284200.30758271 
 11/30  17:00:00,5441931.51477928 
 11/30  18:00:00,5587686.359586583 
 11/30  19:00:00,5625296.73931157 
 11/30  20:00:00,5752540.616939147 
 11/30  21:00:00,5875247.523600757 
 11/30  22:00:00,5848500.66531934 
 11/30  23:00:00,5761905.788470601 
 11/30  24:00:00,5704831.330688574 
 12/01  01:00:00,5798991.872348339 
 12/01  02:00:00,5641135.186681117 
 12/01  03:00:00,5756411.140878621 
 12/01  04:00:00,6036142.917468657 
 12/01  05:00:00,6270850.738117292 
 12/01  06:00:00,6448516.294513308 
 12/01  07:00:00,6623623.304550593 
 12/01  08:00:00,7382294.317342324 
 12/01  09:00:00,7434386.9977540895 
 12/01  10:00:00,7287823.751876109 
 12/01  11:00:00,7239529.133952669 
 12/01  12:00:00,7330633.973213579 
 12/01  13:00:00,7057716.779456474 
 12/01  14:00:00,7441135.972041821 
 12/01  15:00:00,7474603.968067896 
 12/01  16:00:00,7535214.792108775 
 12/01  17:00:00,7357717.800099523 
 12/01  18:00:00,7111250.218811676 
 12/01  19:00:00,7768300.056898139 
 12/01  20:00:00,7848500.4310998535 
 12/01  21:00:00,7908184.306119139 
 12/01  22:00:00,8015524.215234007 
 12/01  23:00:00,8095187.960958248 
 12/01  24:00:00,8040949.7885155715 
 12/02  01:00:00,8005840.393332747 
 12/02  02:00:00,7908208.603655575 
 12/02  03:00:00,7395884.338082111 
 12/02  04:00:00,7421759.431980041 
 12/02  05:00:00,7400369.47069919 
 12/02  06:00:00,7373251.295130371 
 12/02  07:00:00,7318586.98418179 
 12/02  08:00:00,7801751.618522393 
 12/02  09:00:00,7588883.464510655 
 12/02  10:00:00,7274652.892563891 
 12/02  11:00:00,7112004.626974678 
 12/02  12:00:00,7210365.928947462 
 12/02  13:00:00,6967970.227852476 
 12/02  14:00:00,7266144.90825847 
 12/02  15:00:00,7206839.0217955075 
 12/02  16:00:00,7154024.563261541 
 12/02  17:00:00,6994542.4771034755 
 12/02  18:00:00,6653223.731405015 
 12/02  19:00:00,7241515.040174615 
 12/02  20:00:00,7448537.031566732 
 12/02  21:00:00,7582819.359517638 
 12/02  22:00:00,7719783.077854894 
 12/02  23:00:00,7883429.695893827 
 12/02  24:00:00,7975103.649287809 
 12/03  01:00:00,8028619.719595631 
 12/03  02:00:00,8244204.798836031 
 12/03  03:00:00,7924298.163388886 
 12/03  04:00:00,8227373.865976326 
 12/03  05:00:00,8446570.187112117 
 12/03  06:00:00,8631250.990089236 
 12/03  07:00:00,8790654.079375112 
 12/03  08:00:00,9519648.260563895 
 12/03  09:00:00,9617600.126752568 
 12/03  10:00:00,9437173.96914757 
 12/03  11:00:00,9197250.271434145 
 12/03  12:00:00,8911190.70262897 
 12/03  13:00:00,8044152.752992225 
 12/03  14:00:00,7814718.388296536 
 12/03  15:00:00,7487215.628670924 
 12/03  16:00:00,7316062.063356889 
 12/03  17:00:00,7069220.846216328 
 12/03  18:00:00,6716892.758542367 
 12/03  19:00:00,7269492.756603951 
 12/03  20:00:00,7449308.162247753 
 12/03  21:00:00,7656793.069969128 
 12/03  22:00:00,7845414.2064970825 
 12/03  23:00:00,8008641.797863107 
 12/03  24:00:00,8146542.865798803 
 12/04  01:00:00,8293866.574308092 
 12/04  02:00:00,8455670.991437996 
 12/04  03:00:00,8016988.357287167 
 12/04  04:00:00,8240925.56768926 
 12/04  05:00:00,8230660.644506009 
 12/04  06:00:00,8245518.376002069 
 12/04  07:00:00,8276773.579574145 
 12/04  08:00:00,8999024.38258294 
 12/04  09:00:00,9090510.839861302 
 12/04  10:00:00,9059930.28009779 
 12/04  11:00:00,9133823.685236232 
 12/04  12:00:00,9346492.01603181 
 12/04  13:00:00,9097536.402401784 
 12/04  14:00:00,9414144.524497332 
 12/04  15:00:00,9422225.13094729 
 12/04  16:00:00,9452800.939066982 
 12/04  17:00:00,9281459.132888168 
 12/04  18:00:00,8879955.0355163 
 12/04  19:00:00,9394938.573552562 
 12/04  20:00:00,9474327.369688392 
 12/04  21:00:00,9427034.002823181 
 12/04  22:00:00,9380447.800855724 
 12/04  23:00:00,9404321.840516085 
 12/04  24:00:00,9476411.94500352 
 12/05  01:00:00,9481017.350734944 
 12/05  02:00:00,9477394.73325221 
 12/05  03:00:00,8913536.104498541 
 12/05  04:00:00,8943577.070084505 
 12/05  05:00:00,8948329.956367012 
 12/05  06:00:00,8975884.072029317 
 12/05  07:00:00,8926282.468302928 
 12/05  08:00:00,9441149.660246158 
 12/05  09:00:00,9596833.341390455 
 12/05  10:00:00,9785691.17502839 
 12/05  11:00:00,9668825.653071713 
 12/05  12:00:00,9129475.077319063 
 12/05  13:00:00,8300157.841274484 
 12/05  14:00:00,8427968.955207912 
 12/05  15:00:00,8255131.07538482 
 12/05  16:00:00,8118614.221880067 
 12/05  17:00:00,8414667.98691716 
 12/05  18:00:00,9028873.279031094 
 12/05  19:00:00,9605598.023121556 
 12/05  20:00:00,10009877.713255458 
 12/05  21:00:00,10252640.857580733 
 12/05  22:00:00,9907873.70468892 
 12/05  23:00:00,10024742.957906604 
 12/05  24:00:00,10259227.942051858 
 12/06  01:00:00,10502206.291639876 
 12/06  02:00:00,10793008.419812612 
 12/06  03:00:00,11005088.087056085 
 12/06  04:00:00,11201238.8155829 
 12/06  05:00:00,11442008.318188403 
 12/06  06:00:00,11736502.911418553 
 12/06  07:00:00,12000504.757465683 
 12/06  08:00:00,12191974.685310578 
 12/06  09:00:00,12301515.894404097 
 12/06  10:00:00,12150392.757277206 
 12/06  11:00:00,11574219.279469922 
 12/06  12:00:00,10762666.432316791 
 12/06  13:00:00,10005159.371937186 
 12/06  14:00:00,9407759.924499359 
 12/06  15:00:00,8958078.718663193 
 12/06  16:00:00,8777028.303261656 
 12/06  17:00:00,9454391.31577318 
 12/06  18:00:00,9746854.531876558 
 12/06  19:00:00,10097314.462336103 
 12/06  20:00:00,10438570.538069945 
 12/06  21:00:00,10651449.268356709 
 12/06  22:00:00,10563105.609621357 
 12/06  23:00:00,9973857.423167337 
 12/06  24:00:00,9405130.262348404 
 12/07  01:00:00,8957608.577157933 
 12/07  02:00:00,8508584.053406376 
 12/07  03:00:00,8208267.223961938 
 12/07  04:00:00,7865251.785995794 
 12/07  05:00:00,7458116.350814287 
 12/07  06:00:00,7072121.878351732 
 12/07  07:00:00,6716310.720484953 
 12/07  08:00:00,6484639.761125106 
 12/07  09:00:00,6300919.385532011 
 12/07  10:00:00,6227262.028921257 
 12/07  11:00:00,6325365.305371858 
 12/07  12:00:00,6222503.595205563 
 12/07  13:00:00,6237494.792776165 
 12/07  14:00:00,6366865.1806069 
 12/07  15:00:00,6754136.2192579415 
 12/07  16:00:00,7283370.383771093 
 12/07  17:00:00,7908220.042892069 
 12/07  18:00:00,8541268.40451619 
 12/07  19:00:00,9147857.98879666 
 12/07  20:00:00,9735046.830753107 
 12/07  21:00:00,10120183.146730732 
 12/07  22:00:00,10340552.748501314 
 12/07  23:00:00,10508167.881479336 
 12/07  24:00:00,10593987.129658546 
 12/08  01:00:00,10637156.814317845 
 12/08  02:00:00,10259505.954688 
 12/08  03:00:00,10098644.249707045 
 12/08  04:00:00,10055109.094612133 
 12/08  05:00:00,9679521.023441244 
 12/08  06:00:00,9287843.009434825 
 12/08  07:00:00,9223017.567313075 
 12/08  08:00:00,9929186.579429239 
 12/08  09:00:00,10124642.808467511 
 12/08  10:00:00,10163373.498199457 
 12/08  11:00:00,9936015.131705023 
 12/08  12:00:00,9573245.92822619 
 12/08  13:00:00,8781492.358519629 
 12/08  14:00:00,8800974.086165333 
 12/08  15:00:00,8671033.872351106 
 12/08  16:00:00,8648086.836910104 
 12/08  17:00:00,8775884.786640182 
 12/08  18:00:00,8786836.973729672 
 12/08  19:00:00,9551865.461631428 
 12/08  20:00:00,9840613.20483579 
 12/08  21:00:00,9983002.364466827 
 12/08  22:00:00,10155595.192550771 
 12/08  23:00:00,10377084.124248654 
 12/08  24:00:00,10600935.787234103 
 12/09  01:00:00,10800722.518362619 
 12/09  02:00:00,11008005.232987307 
 12/09  03:00:00,10476023.622910213 
 12/09  04:00:00,10640310.139553001 
 12/09  05:00:00,10961227.601283083 
 12/09  06:00:00,11099617.529420577 
 12/09  07:00:00,11117271.259849748 
 12/09  08:00:00,11801250.297162632 
 12/09  09:00:00,11843545.312907347 
 12/09  10:00:00,11792435.129039332 
 12/09  11:00:00,11300307.849352334 
 12/09  12:00:00,10521591.792303104 
 12/09  13:00:00,9404066.52883678 
 12/09  14:00:00,8965672.18894795 
 12/09  15:00:00,8414618.886769703 
 12/09  16:00:00,7964741.513006276 
 12/09  17:00:00,7258560.610872638 
 12/09  18:00:00,6546910.775735678 
 12/09  19:00:00,6752840.554876827 
 12/09  20:00:00,6444444.997905343 
 12/09  21:00:00,6161148.997843077 
 12/09  22:00:00,5816766.657872629 
 12/09  23:00:00,5507418.026342729 
 12/09  24:00:00,5248171.92705225 
 12/10  01:00:00,5072029.519901511 
 12/10  02:00:00,4865141.319237563 
 12/10  03:00:00,4479823.474849007 
 12/10  04:00:00,5104608.835628756 
 12/10  05:00:00,5674119.132913762 
 12/10  06:00:00,6156402.190963348 
 12/10  07:00:00,6769055.079907666 
 12/10  08:00:00,7895665.548340378 
 12/10  09:00:00,8276657.735445102 
 12/10  10:00:00,8441607.799534189 
 12/10  11:00:00,8394181.332826678 
 12/10  12:00:00,8145696.643780288 
 12/10  13:00:00,7510809.858899826 
 12/10  14:00:00,7644743.5812987015 
 12/10  15:00:00,7597185.247496614 
 12/10  16:00:00,7691447.4483322175 
 12/10  17:00:00,7654657.40944506 
 12/10  18:00:00,7724319.175126882 
 12/10  19:00:00,8711587.13134814 
 12/10  20:00:00,8877650.477850925 
 12/10  21:00:00,8864139.629302833 
 12/10  22:00:00,8745509.208870256 
 12/10  23:00:00,8582407.893302498 
 12/10  24:00:00,8559239.124546677 
 12/11  01:00:00,8570288.937190384 
 12/11  02:00:00,8512153.525406856 
 12/11  03:00:00,8112861.991968457 
 12/11  04:00:00,8068570.97816768 
 12/11  05:00:00,7872953.60722817 
 12/11  06:00:00,7922518.171218228 
 12/11  07:00:00,7917837.1603769595 
 12/11  08:00:00,8247056.790066002 
 12/11  09:00:00,8083232.801189015 
 12/11  10:00:00,8035600.074769958 
 12/11  11:00:00,7884554.073253386 
 12/11  12:00:00,7815291.7975635985 
 12/11  13:00:00,7598315.270448481 
 12/11  14:00:00,7632677.921916526 
 12/11  15:00:00,7431928.230695544 
 12/11  16:00:00,7546641.864097791 
 12/11  17:00:00,7355960.819262296 
 12/11  18:00:00,6864194.643010597 
 12/11  19:00:00,7335441.880985699 
 12/11  20:00:00,7309136.570994234 
 12/11  21:00:00,7015811.002646659 
 12/11  22:00:00,6826968.73607644 
 12/11  23:00:00,6674894.201641871 
 12/11  24:00:00,6535291.468597827 
 12/12  01:00:00,6481615.330607983 
 12/12  02:00:00,6499540.89593781 
 12/12  03:00:00,5908386.382911116 
 12/12  04:00:00,5836539.350619965 
 12/12  05:00:00,5585545.121016142 
 12/12  06:00:00,5347597.09778643 
 12/12  07:00:00,5299754.430420919 
 12/12  08:00:00,6129566.066355381 
 12/12  09:00:00,6388805.830315791 
 12/12  10:00:00,6388329.895615564 
 12/12  11:00:00,6349775.965781316 
 12/12  12:00:00,6465629.121444121 
 12/12  13:00:00,6294744.516927723 
 12/12  14:00:00,6824691.496084042 
 12/12  15:00:00,7119021.904126282 
 12/12  16:00:00,7478827.587822614 
 12/12  17:00:00,7685032.597980272 
 12/12  18:00:00,7616035.17274936 
 12/12  19:00:00,8455043.802210739 
 12/12  20:00:00,8857145.599755757 
 12/12  21:00:00,9083073.025110977 
 12/12  22:00:00,9363992.380868157 
 12/12  23:00:00,9663869.772635063 
 12/12  24:00:00,9859545.901962861 
 12/13  01:00:00,10005030.132433211 
 12/13  02:00:00,10119752.201881133 
 12/13  03:00:00,9632389.09778299 
 12/13  04:00:00,9921215.65580887 
 12/13  05:00:00,10225030.312121445 
 12/13  06:00:00,10603688.202468444 
 12/13  07:00:00,10935376.86636877 
 12/13  08:00:00,11140938.25573366 
 12/13  09:00:00,11328524.510965003 
 12/13  10:00:00,11418193.550313141 
 12/13  11:00:00,11180463.487998351 
 12/13  12:00:00,10500709.10017105 
 12/13  13:00:00,9721283.673960112 
 12/13  14:00:00,9071978.04486356 
 12/13  15:00:00,8663795.58048923 
 12/13  16:00:00,8671189.111189356 
 12/13  17:00:00,9429720.63385289 
 12/13  18:00:00,10020719.979340944 
 12/13  19:00:00,10656099.307501378 
 12/13  20:00:00,10972684.793646662 
 12/13  21:00:00,11276251.887391735 
 12/13  22:00:00,11496827.25282305 
 12/13  23:00:00,11672038.500447026 
 12/13  24:00:00,11866294.35704587 
 12/14  01:00:00,11956083.005159868 
 12/14  02:00:00,12005515.19602169 
 12/14  03:00:00,11949671.70772596 
 12/14  04:00:00,11815474.778816015 
 12/14  05:00:00,11726989.078643516 
 12/14  06:00:00,11584519.567001686 
 12/14  07:00:00,11364610.720159102 
 12/14  08:00:00,11152449.546381207 
 12/14  09:00:00,10847871.15470769 
 12/14  10:00:00,10389221.110899862 
 12/14  11:00:00,9816123.164349211 
 12/14  12:00:00,8728079.370291933 
 12/14  13:00:00,7799606.941472376 
 12/14  14:00:00,7313641.089146244 
 12/14  15:00:00,7037546.883777765 
 12/14  16:00:00,6897932.729272086 
 12/14  17:00:00,7135532.466414441 
 12/14  18:00:00,7081587.651542162 
 12/14  19:00:00,6742101.846051113 
 12/14  20:00:00,6727963.280128346 
 12/14  21:00:00,6654268.02224601 
 12/14  22:00:00,6476840.464318474 
 12/14  23:00:00,6313225.553053981 
 12/14  24:00:00,6162888.804020732 
 12/15  01:00:00,6133912.39040497 
 12/15  02:00:00,5886138.687541544 
 12/15  03:00:00,5976378.61020243 
 12/15  04:00:00,6283774.826661854 
 12/15  05:00:00,6522718.258622689 
 12/15  06:00:00,6826883.426814346 
 12/15  07:00:00,7508106.554699614 
 12/15  08:00:00,8818605.786733037 
 12/15  09:00:00,9202438.255984915 
 12/15  10:00:00,9261829.734636027 
 12/15  11:00:00,9058724.32666342 
 12/15  12:00:00,8549274.214117885 
 12/15  13:00:00,7608687.788732899 
 12/15  14:00:00,7429237.016661565 
 12/15  15:00:00,7107621.013761528 
 12/15  16:00:00,7172419.268717839 
 12/15  17:00:00,7201720.4926799005 
 12/15  18:00:00,7095787.943920215 
 12/15  19:00:00,7736576.911526573 
 12/15  20:00:00,7829520.188240457 
 12/15  21:00:00,8003253.918047721 
 12/15  22:00:00,8467855.732397227 
 12/15  23:00:00,9113440.823619004 
 12/15  24:00:00,9650832.741694225 
 12/16  01:00:00,10033668.766616158 
 12/16  02:00:00,10299887.629509412 
 12/16  03:00:00,10151261.519376246 
 12/16  04:00:00,10438315.144452024 
 12/16  05:00:00,10604593.089162346 
 12/16  06:00:00,10654297.159049451 
 12/16  07:00:00,10678919.557911178 
 12/16  08:00:00,11230050.833244847 
 12/16  09:00:00,11202341.586548911 
 12/16  10:00:00,11066251.400298454 
 12/16  11:00:00,10687034.805777764 
 12/16  12:00:00,10119414.702391304 
 12/16  13:00:00,8926081.606629785 
 12/16  14:00:00,8238426.38108118 
 12/16  15:00:00,7709533.093538944 
 12/16  16:00:00,7726938.574220053 
 12/16  17:00:00,7890638.536855551 
 12/16  18:00:00,7911826.367242972 
 12/16  19:00:00,8630462.003721638 
 12/16  20:00:00,8754790.032238621 
 12/16  21:00:00,8725291.39263612 
 12/16  22:00:00,8612039.231411597 
 12/16  23:00:00,8373285.324717462 
 12/16  24:00:00,8076621.383933674 
 12/17  01:00:00,7746924.5627297815 
 12/17  02:00:00,7327184.134029943 
 12/17  03:00:00,6190625.764470788 
 12/17  04:00:00,5690901.513780957 
 12/17  05:00:00,5287825.013434514 
 12/17  06:00:00,4986300.312674513 
 12/17  07:00:00,4811586.7585722655 
 12/17  08:00:00,5301236.270838835 
 12/17  09:00:00,5187077.368656322 
 12/17  10:00:00,4973803.645180511 
 12/17  11:00:00,4866123.698371403 
 12/17  12:00:00,4786863.945950868 
 12/17  13:00:00,4183752.0209464277 
 12/17  14:00:00,4325705.113053342 
 12/17  15:00:00,4242994.217336749 
 12/17  16:00:00,4234282.996897005 
 12/17  17:00:00,4042609.989645657 
 12/17  18:00:00,3837316.1422063354 
 12/17  19:00:00,4536575.915879897 
 12/17  20:00:00,4600691.475600574 
 12/17  21:00:00,4624363.78635641 
 12/17  22:00:00,4603285.351874371 
 12/17  23:00:00,4556490.174912306 
 12/17  24:00:00,4506919.750615824 
 12/18  01:00:00,4456579.216987622 
 12/18  02:00:00,4302430.353957428 
 12/18  03:00:00,3760621.219081844 
 12/18  04:00:00,3732878.2102007866 
 12/18  05:00:00,3680452.6895718747 
 12/18  06:00:00,3648940.807128468 
 12/18  07:00:00,3643682.399020823 
 12/18  08:00:00,4252899.133355511 
 12/18  09:00:00,4227080.881641792 
 12/18  10:00:00,4048458.6018856624 
 12/18  11:00:00,3948634.1546545224 
 12/18  12:00:00,3975835.439030599 
 12/18  13:00:00,3658881.538364611 
 12/18  14:00:00,3936965.8344843616 
 12/18  15:00:00,3908009.1214517336 
 12/18  16:00:00,3923490.252152131 
 12/18  17:00:00,3711433.8561468143 
 12/18  18:00:00,3318361.934306327 
 12/18  19:00:00,3872382.498409379 
 12/18  20:00:00,3977441.8131987667 
 12/18  21:00:00,3976233.710417317 
 12/18  22:00:00,4050067.141104242 
 12/18  23:00:00,4120377.1745677665 
 12/18  24:00:00,4126748.359652418 
 12/19  01:00:00,4106500.4850676446 
 12/19  02:00:00,4129262.6645603124 
 12/19  03:00:00,3541449.100989487 
 12/19  04:00:00,3566524.664878023 
 12/19  05:00:00,3614127.9694858314 
 12/19  06:00:00,3713531.8574429583 
 12/19  07:00:00,3815442.0675680395 
 12/19  08:00:00,4598060.202395109 
 12/19  09:00:00,4999518.070617108 
 12/19  10:00:00,5509214.039887466 
 12/19  11:00:00,6087129.163037086 
 12/19  12:00:00,6540603.936160494 
 12/19  13:00:00,6440315.034733808 
 12/19  14:00:00,6830365.776676259 
 12/19  15:00:00,6882694.160493981 
 12/19  16:00:00,7048668.781634264 
 12/19  17:00:00,7359110.812689158 
 12/19  18:00:00,7689667.863725527 
 12/19  19:00:00,7980721.9055996295 
 12/19  20:00:00,8247382.776967844 
 12/19  21:00:00,8487918.349101672 
 12/19  22:00:00,8216718.675662037 
 12/19  23:00:00,8274694.584547743 
 12/19  24:00:00,8363914.861874592 
 12/20  01:00:00,8420178.672871059 
 12/20  02:00:00,8472141.994545683 
 12/20  03:00:00,8521521.313764028 
 12/20  04:00:00,8490577.157815909 
 12/20  05:00:00,8307433.847635616 
 12/20  06:00:00,8078431.06988072 
 12/20  07:00:00,7923872.4981645625 
 12/20  08:00:00,7929624.375577146 
 12/20  09:00:00,7755143.844161903 
 12/20  10:00:00,7425082.107305074 
 12/20  11:00:00,7342801.825874888 
 12/20  12:00:00,7081324.457440803 
 12/20  13:00:00,6723777.739139535 
 12/20  14:00:00,6512449.473117977 
 12/20  15:00:00,6438800.601961256 
 12/20  16:00:00,6547652.747906894 
 12/20  17:00:00,6820399.652302451 
 12/20  18:00:00,6699568.590437433 
 12/20  19:00:00,7056579.807673526 
 12/20  20:00:00,7333682.243561463 
 12/20  21:00:00,7466680.564284301 
 12/20  22:00:00,7742894.638491298 
 12/20  23:00:00,7859982.4166406 
 12/20  24:00:00,7899797.138150939 
 12/21  01:00:00,8188030.53066841 
 12/21  02:00:00,8407867.610639067 
 12/21  03:00:00,8568374.10608714 
 12/21  04:00:00,8430241.452122891 
 12/21  05:00:00,7983341.348106984 
 12/21  06:00:00,7553114.108793939 
 12/21  07:00:00,7181904.9170371955 
 12/21  08:00:00,6926711.186500459 
 12/21  09:00:00,6821247.454591126 
 12/21  10:00:00,6943550.8660057 
 12/21  11:00:00,7174111.464845826 
 12/21  12:00:00,6900196.02781235 
 12/21  13:00:00,6698813.196702524 
 12/21  14:00:00,6486689.93157132 
 12/21  15:00:00,6242730.801214669 
 12/21  16:00:00,6087596.439834337 
 12/21  17:00:00,5953469.9664294915 
 12/21  18:00:00,5820663.257857698 
 12/21  19:00:00,5762422.753462492 
 12/21  20:00:00,5675805.146073166 
 12/21  21:00:00,5421787.724436681 
 12/21  22:00:00,5199168.693032123 
 12/21  23:00:00,5068163.189641781 
 12/21  24:00:00,4968929.570714619 
 12/22  01:00:00,4891770.855455028 
 12/22  02:00:00,4381888.3499296475 
 12/22  03:00:00,4054968.558910096 
 12/22  04:00:00,3958588.353475306 
 12/22  05:00:00,3859818.1238163887 
 12/22  06:00:00,3742489.0336017422 
 12/22  07:00:00,3656215.49971716 
 12/22  08:00:00,4154188.444306375 
 12/22  09:00:00,4074538.103208435 
 12/22  10:00:00,3982751.634065693 
 12/22  11:00:00,4045638.529165313 
 12/22  12:00:00,4167922.9056088496 
 12/22  13:00:00,3834389.7775749834 
 12/22  14:00:00,4156770.331464073 
 12/22  15:00:00,4197454.5199341215 
 12/22  16:00:00,4222407.744340394 
 12/22  17:00:00,4045150.7557483525 
 12/22  18:00:00,3716773.110881844 
 12/22  19:00:00,4333916.420184786 
 12/22  20:00:00,4594223.271734948 
 12/22  21:00:00,4722526.941072727 
 12/22  22:00:00,4763261.516580144 
 12/22  23:00:00,4773386.964611854 
 12/22  24:00:00,4801156.5653911615 
 12/23  01:00:00,4812512.395642895 
 12/23  02:00:00,4822374.9035288 
 12/23  03:00:00,4244509.56192849 
 12/23  04:00:00,4305598.437462671 
 12/23  05:00:00,4407148.55160922 
 12/23  06:00:00,4507836.061805101 
 12/23  07:00:00,4512146.596372171 
 12/23  08:00:00,5036089.501322579 
 12/23  09:00:00,4990719.130468935 
 12/23  10:00:00,4863992.429898885 
 12/23  11:00:00,4790113.212353159 
 12/23  12:00:00,4721157.821143599 
 12/23  13:00:00,4243041.575383565 
 12/23  14:00:00,4515959.30389162 
 12/23  15:00:00,4549844.556760109 
 12/23  16:00:00,4560929.06285193 
 12/23  17:00:00,4439943.171134161 
 12/23  18:00:00,4173731.4772231164 
 12/23  19:00:00,4817649.311126876 
 12/23  20:00:00,5079437.905557177 
 12/23  21:00:00,5215777.2822417505 
 12/23  22:00:00,5279599.819448134 
 12/23  23:00:00,5295212.829263202 
 12/23  24:00:00,5281904.781960281 
 12/24  01:00:00,5233444.584696377 
 12/24  02:00:00,5156345.787200498 
 12/24  03:00:00,4439936.344436499 
 12/24  04:00:00,4384451.781426258 
 12/24  05:00:00,4324634.296923001 
 12/24  06:00:00,4266038.401987642 
 12/24  07:00:00,4201432.598757812 
 12/24  08:00:00,4916475.5415414125 
 12/24  09:00:00,5293274.067274759 
 12/24  10:00:00,5817142.975365963 
 12/24  11:00:00,6463333.183176001 
 12/24  12:00:00,6907328.474567451 
 12/24  13:00:00,6751686.987591039 
 12/24  14:00:00,7089480.047363225 
 12/24  15:00:00,7165603.625122571 
 12/24  16:00:00,7353915.3449470475 
 12/24  17:00:00,7624145.330823117 
 12/24  18:00:00,7894809.521126319 
 12/24  19:00:00,8864318.852752868 
 12/24  20:00:00,9101096.604753697 
 12/24  21:00:00,9122313.48388399 
 12/24  22:00:00,9234893.968126614 
 12/24  23:00:00,9344540.725904338 
 12/24  24:00:00,9326337.408531813 
 12/25  01:00:00,9208184.109011244 
 12/25  02:00:00,9185743.032433216 
 12/25  03:00:00,8718067.502181713 
 12/25  04:00:00,8849273.719662702 
 12/25  05:00:00,8967575.64834996 
 12/25  06:00:00,8979371.944538228 
 12/25  07:00:00,9055576.092018513 
 12/25  08:00:00,9947791.441700399 
 12/25  09:00:00,10151471.574517634 
 12/25  10:00:00,10138703.042803861 
 12/25  11:00:00,9858913.127635416 
 12/25  12:00:00,9344929.403518278 
 12/25  13:00:00,8457141.32238721 
 12/25  14:00:00,8370007.03587803 
 12/25  15:00:00,8143412.151493678 
 12/25  16:00:00,8086229.028840043 
 12/25  17:00:00,8319475.215863851 
 12/25  18:00:00,8911394.51163608 
 12/25  19:00:00,9455888.139384596 
 12/25  20:00:00,9722069.581944423 
 12/25  21:00:00,10047513.431305282 
 12/25  22:00:00,9914881.230854934 
 12/25  23:00:00,9990320.115336174 
 12/25  24:00:00,10137341.407610146 
 12/26  01:00:00,10345261.760155372 
 12/26  02:00:00,10585269.26321498 
 12/26  03:00:00,10872959.679824742 
 12/26  04:00:00,10762380.465476088 
 12/26  05:00:00,10671872.140109155 
 12/26  06:00:00,10889524.552770287 
 12/26  07:00:00,11001830.704947237 
 12/26  08:00:00,11631686.465225251 
 12/26  09:00:00,11644141.82145648 
 12/26  10:00:00,11496880.177325925 
 12/26  11:00:00,11371138.775678905 
 12/26  12:00:00,11149214.42082724 
 12/26  13:00:00,10307639.113024507 
 12/26  14:00:00,10124487.728689428 
 12/26  15:00:00,9722047.534723353 
 12/26  16:00:00,9426579.931820361 
 12/26  17:00:00,8971737.410331374 
 12/26  18:00:00,8567602.985109158 
 12/26  19:00:00,9033125.587829228 
 12/26  20:00:00,8731440.782469077 
 12/26  21:00:00,8279994.195199089 
 12/26  22:00:00,7825259.581697864 
 12/26  23:00:00,7202388.91037528 
 12/26  24:00:00,6708305.234657128 
 12/27  01:00:00,6648874.257198531 
 12/27  02:00:00,7364898.259268581 
 12/27  03:00:00,8374814.0432533035 
 12/27  04:00:00,9119958.049065087 
 12/27  05:00:00,9006504.238098456 
 12/27  06:00:00,8884720.587733995 
 12/27  07:00:00,8843710.821425091 
 12/27  08:00:00,8942055.7388862 
 12/27  09:00:00,9154798.737217307 
 12/27  10:00:00,9308154.505427403 
 12/27  11:00:00,9422796.81926438 
 12/27  12:00:00,9239080.766815446 
 12/27  13:00:00,8930253.638398213 
 12/27  14:00:00,8657089.631602136 
 12/27  15:00:00,8487452.66559687 
 12/27  16:00:00,8757764.660742551 
 12/27  17:00:00,9263731.016941004 
 12/27  18:00:00,9794181.398481097 
 12/27  19:00:00,9604019.484809503 
 12/27  20:00:00,10130836.333895091 
 12/27  21:00:00,10574007.96736897 
 12/27  22:00:00,10245972.573713211 
 12/27  23:00:00,10120177.290845739 
 12/27  24:00:00,10239043.908379756 
 12/28  01:00:00,10325139.39993729 
 12/28  02:00:00,10616641.057134118 
 12/28  03:00:00,10678986.906185579 
 12/28  04:00:00,10654438.21128508 
 12/28  05:00:00,10704363.147678241 
 12/28  06:00:00,10680677.312954327 
 12/28  07:00:00,10679562.530585166 
 12/28  08:00:00,10717040.6261523 
 12/28  09:00:00,10861419.12508176 
 12/28  10:00:00,11247082.58125024 
 12/28  11:00:00,11430351.162022892 
 12/28  12:00:00,10935143.422000596 
 12/28  13:00:00,10411531.856023228 
 12/28  14:00:00,9970839.154640598 
 12/28  15:00:00,9743183.934857307 
 12/28  16:00:00,9736454.83759591 
 12/28  17:00:00,10172339.078622317 
 12/28  18:00:00,10834128.736375952 
 12/28  19:00:00,11318379.332197834 
 12/28  20:00:00,11731288.623472746 
 12/28  21:00:00,12119056.255368691 
 12/28  22:00:00,12494115.385413103 
 12/28  23:00:00,12867791.533325467 
 12/28  24:00:00,13034012.213610979 
 12/29  01:00:00,13053245.676618278 
 12/29  02:00:00,12732506.987038268 
 12/29  03:00:00,12581575.145120952 
 12/29  04:00:00,12634799.832145737 
 12/29  05:00:00,12651977.345890267 
 12/29  06:00:00,12566830.31838996 
 12/29  07:00:00,12455095.240868438 
 12/29  08:00:00,13028772.104490917 
 12/29  09:00:00,12949723.992553294 
 12/29  10:00:00,12691419.39263702 
 12/29  11:00:00,12381576.039878137 
 12/29  12:00:00,11817335.069271581 
 12/29  13:00:00,10772039.924638525 
 12/29  14:00:00,10500481.45516194 
 12/29  15:00:00,9998701.277233697 
 12/29  16:00:00,9692580.231549894 
 12/29  17:00:00,9844274.418665243 
 12/29  18:00:00,10448303.608672341 
 12/29  19:00:00,11021099.259768143 
 12/29  20:00:00,11386828.298419623 
 12/29  21:00:00,11845381.582010098 
 12/29  22:00:00,11650093.64946512 
 12/29  23:00:00,11741996.495253965 
 12/29  24:00:00,11895764.568961482 
 12/30  01:00:00,12009810.45130597 
 12/30  02:00:00,12192826.47719093 
 12/30  03:00:00,12349399.908107081 
 12/30  04:00:00,12535148.09835022 
 12/30  05:00:00,12739638.526334645 
 12/30  06:00:00,12922334.059326405 
 12/30  07:00:00,13077144.890445689 
 12/30  08:00:00,13671524.72008427 
 12/30  09:00:00,13602023.032323625 
 12/30  10:00:00,13294633.491462369 
 12/30  11:00:00,12712155.563983915 
 12/30  12:00:00,11996238.754380504 
 12/30  13:00:00,10817638.750621228 
 12/30  14:00:00,10393640.492086656 
 12/30  15:00:00,9877587.101232858 
 12/30  16:00:00,9631641.851055542 
 12/30  17:00:00,9537567.890063792 
 12/30  18:00:00,9737266.839326233 
 12/30  19:00:00,10784003.877044223 
 12/30  20:00:00,11218202.791154576 
 12/30  21:00:00,11601662.863317898 
 12/30  22:00:00,11858702.750510596 
 12/30  23:00:00,12229040.324444149 
 12/30  24:00:00,12586732.34064299 
 12/31  01:00:00,12829714.12298961 
 12/31  02:00:00,12791543.828902334 
 12/31  03:00:00,12399558.026166055 
 12/31  04:00:00,12522053.133576086 
 12/31  05:00:00,12455106.030808516 
 12/31  06:00:00,12365711.454969669 
 12/31  07:00:00,12080802.581228482 
 12/31  08:00:00,12463620.598203002 
 12/31  09:00:00,12280661.909918413 
 12/31  10:00:00,11778807.38866938 
 12/31  11:00:00,11109059.02356613 
 12/31  12:00:00,10329938.697740631 
 12/31  13:00:00,9074619.814690864 
 12/31  14:00:00,8778128.799922694 
 12/31  15:00:00,8591768.378544338 
 12/31  16:00:00,8533037.762536965 
 12/31  17:00:00,8299922.851607056 
 12/31  18:00:00,8003571.931926745 
 12/31  19:00:00,8488862.46770154 
 12/31  20:00:00,8326714.881971143 
 12/31  21:00:00,8215655.766042444 
 12/31  22:00:00,8181484.997105996 
 12/31  23:00:00,8314888.898832036 
 12/31  24:00:00,8525351.416942611 
